ISO-10303-21;
HEADER;
FILE_DESCRIPTION((''),'2;1');
FILE_NAME('TO263-5_P1-7_L10-2_W9-45','2019-10-11T',('Dragos'),(''),
'PRO/ENGINEER BY PARAMETRIC TECHNOLOGY CORPORATION, 2004440',
'PRO/ENGINEER BY PARAMETRIC TECHNOLOGY CORPORATION, 2004440','');
FILE_SCHEMA(('AUTOMOTIVE_DESIGN { 1 0 10303 214 1 1 1 1 }'));
ENDSEC;
DATA;
#1=DRAUGHTING_PRE_DEFINED_COLOUR('green');
#2=COLOUR_RGB('',1.1E-2,1.2E-2,1.E0);
#3=COLOUR_RGB('',7.8431E-2,7.8431E-2,7.8431E-2);
#4=COLOUR_RGB('',1.1E-1,1.1E-1,1.1E-1);
#5=COLOUR_RGB('',3.92E-1,1.2E-2,1.2E-2);
#6=COLOUR_RGB('',4.1E-1,0.E0,2.2E-1);
#7=COLOUR_RGB('',8.784E-1,9.49E-1,1.E0);
#8=COLOUR_RGB('',9.6E-1,9.6E-1,9.6E-1);
#9=COLOUR_RGB('',9.8E-1,6.27E-1,0.E0);
#10=DRAUGHTING_PRE_DEFINED_COLOUR('red');
#11=DRAUGHTING_PRE_DEFINED_COLOUR('yellow');
#12=COLOUR_RGB('',1.E0,1.E0,9.49E-1);
#13=DRAUGHTING_PRE_DEFINED_COLOUR('white');
#15=DIRECTION('',(1.E0,0.E0,0.E0));
#16=VECTOR('',#15,7.5E-1);
#17=CARTESIAN_POINT('',(-5.E0,0.E0,-4.725E0));
#18=LINE('',#17,#16);
#19=DRAUGHTING_PRE_DEFINED_CURVE_FONT('continuous');
#20=CURVE_STYLE('',#19,POSITIVE_LENGTH_MEASURE(2.E-2),#13);
#21=PRESENTATION_STYLE_ASSIGNMENT((#20));
#22=STYLED_ITEM('',(#21),#18);
#23=DIRECTION('',(-1.E0,0.E0,0.E0));
#24=VECTOR('',#23,1.E-1);
#25=CARTESIAN_POINT('',(-5.E0,0.E0,-4.725E0));
#26=LINE('',#25,#24);
#27=CURVE_STYLE('',#19,POSITIVE_LENGTH_MEASURE(2.E-2),#13);
#28=PRESENTATION_STYLE_ASSIGNMENT((#27));
#29=STYLED_ITEM('',(#28),#26);
#30=DIRECTION('',(0.E0,0.E0,1.E0));
#31=VECTOR('',#30,9.25E0);
#32=CARTESIAN_POINT('',(-5.1E0,0.E0,-4.725E0));
#33=LINE('',#32,#31);
#34=CURVE_STYLE('',#19,POSITIVE_LENGTH_MEASURE(2.E-2),#13);
#35=PRESENTATION_STYLE_ASSIGNMENT((#34));
#36=STYLED_ITEM('',(#35),#33);
#37=DIRECTION('',(-1.E0,0.E0,0.E0));
#38=VECTOR('',#37,1.02E1);
#39=CARTESIAN_POINT('',(5.1E0,0.E0,4.525E0));
#40=LINE('',#39,#38);
#41=CURVE_STYLE('',#19,POSITIVE_LENGTH_MEASURE(2.E-2),#13);
#42=PRESENTATION_STYLE_ASSIGNMENT((#41));
#43=STYLED_ITEM('',(#42),#40);
#44=DIRECTION('',(0.E0,0.E0,-1.E0));
#45=VECTOR('',#44,9.25E0);
#46=CARTESIAN_POINT('',(5.1E0,0.E0,4.525E0));
#47=LINE('',#46,#45);
#48=CURVE_STYLE('',#19,POSITIVE_LENGTH_MEASURE(2.E-2),#13);
#49=PRESENTATION_STYLE_ASSIGNMENT((#48));
#50=STYLED_ITEM('',(#49),#47);
#51=DIRECTION('',(-1.E0,0.E0,0.E0));
#52=VECTOR('',#51,1.E-1);
#53=CARTESIAN_POINT('',(5.1E0,0.E0,-4.725E0));
#54=LINE('',#53,#52);
#55=CURVE_STYLE('',#19,POSITIVE_LENGTH_MEASURE(2.E-2),#13);
#56=PRESENTATION_STYLE_ASSIGNMENT((#55));
#57=STYLED_ITEM('',(#56),#54);
#58=DIRECTION('',(1.E0,0.E0,0.E0));
#59=VECTOR('',#58,7.5E-1);
#60=CARTESIAN_POINT('',(4.25E0,0.E0,-4.725E0));
#61=LINE('',#60,#59);
#62=CURVE_STYLE('',#19,POSITIVE_LENGTH_MEASURE(2.E-2),#13);
#63=PRESENTATION_STYLE_ASSIGNMENT((#62));
#64=STYLED_ITEM('',(#63),#61);
#65=DIRECTION('',(0.E0,0.E0,1.E0));
#66=VECTOR('',#65,5.4E0);
#67=CARTESIAN_POINT('',(4.25E0,0.E0,-4.725E0));
#68=LINE('',#67,#66);
#69=CURVE_STYLE('',#19,POSITIVE_LENGTH_MEASURE(2.E-2),#13);
#70=PRESENTATION_STYLE_ASSIGNMENT((#69));
#71=STYLED_ITEM('',(#70),#68);
#72=DIRECTION('',(7.071067811865E-1,0.E0,-7.071067811865E-1));
#73=VECTOR('',#72,1.202081528017E0);
#74=CARTESIAN_POINT('',(3.4E0,0.E0,1.525E0));
#75=LINE('',#74,#73);
#76=CURVE_STYLE('',#19,POSITIVE_LENGTH_MEASURE(2.E-2),#13);
#77=PRESENTATION_STYLE_ASSIGNMENT((#76));
#78=STYLED_ITEM('',(#77),#75);
#79=DIRECTION('',(1.E0,0.E0,0.E0));
#80=VECTOR('',#79,2.65E0);
#81=CARTESIAN_POINT('',(7.5E-1,0.E0,1.525E0));
#82=LINE('',#81,#80);
#83=CURVE_STYLE('',#19,POSITIVE_LENGTH_MEASURE(2.E-2),#13);
#84=PRESENTATION_STYLE_ASSIGNMENT((#83));
#85=STYLED_ITEM('',(#84),#82);
#86=DIRECTION('',(0.E0,0.E0,-1.E0));
#87=VECTOR('',#86,5.E-1);
#88=CARTESIAN_POINT('',(7.5E-1,0.E0,2.025E0));
#89=LINE('',#88,#87);
#90=CURVE_STYLE('',#19,POSITIVE_LENGTH_MEASURE(2.E-2),#13);
#91=PRESENTATION_STYLE_ASSIGNMENT((#90));
#92=STYLED_ITEM('',(#91),#89);
#93=DIRECTION('',(1.E0,0.E0,0.E0));
#94=VECTOR('',#93,1.5E0);
#95=CARTESIAN_POINT('',(-7.5E-1,0.E0,2.025E0));
#96=LINE('',#95,#94);
#97=CURVE_STYLE('',#19,POSITIVE_LENGTH_MEASURE(2.E-2),#13);
#98=PRESENTATION_STYLE_ASSIGNMENT((#97));
#99=STYLED_ITEM('',(#98),#96);
#100=DIRECTION('',(0.E0,0.E0,1.E0));
#101=VECTOR('',#100,5.E-1);
#102=CARTESIAN_POINT('',(-7.5E-1,0.E0,1.525E0));
#103=LINE('',#102,#101);
#104=CURVE_STYLE('',#19,POSITIVE_LENGTH_MEASURE(2.E-2),#13);
#105=PRESENTATION_STYLE_ASSIGNMENT((#104));
#106=STYLED_ITEM('',(#105),#103);
#107=DIRECTION('',(1.E0,0.E0,0.E0));
#108=VECTOR('',#107,2.65E0);
#109=CARTESIAN_POINT('',(-3.4E0,0.E0,1.525E0));
#110=LINE('',#109,#108);
#111=CURVE_STYLE('',#19,POSITIVE_LENGTH_MEASURE(2.E-2),#13);
#112=PRESENTATION_STYLE_ASSIGNMENT((#111));
#113=STYLED_ITEM('',(#112),#110);
#114=DIRECTION('',(7.071067811865E-1,0.E0,7.071067811865E-1));
#115=VECTOR('',#114,1.202081528017E0);
#116=CARTESIAN_POINT('',(-4.25E0,0.E0,6.75E-1));
#117=LINE('',#116,#115);
#118=CURVE_STYLE('',#19,POSITIVE_LENGTH_MEASURE(2.E-2),#13);
#119=PRESENTATION_STYLE_ASSIGNMENT((#118));
#120=STYLED_ITEM('',(#119),#117);
#121=DIRECTION('',(0.E0,0.E0,1.E0));
#122=VECTOR('',#121,5.4E0);
#123=CARTESIAN_POINT('',(-4.25E0,0.E0,-4.725E0));
#124=LINE('',#123,#122);
#125=CURVE_STYLE('',#19,POSITIVE_LENGTH_MEASURE(2.E-2),#13);
#126=PRESENTATION_STYLE_ASSIGNMENT((#125));
#127=STYLED_ITEM('',(#126),#124);
#128=DIRECTION('',(0.E0,1.E0,-8.881784197001E-14));
#129=VECTOR('',#128,1.E-2);
#130=CARTESIAN_POINT('',(-5.E0,-1.E-2,-4.725E0));
#131=LINE('',#130,#129);
#132=CURVE_STYLE('',#19,POSITIVE_LENGTH_MEASURE(2.E-2),#13);
#133=PRESENTATION_STYLE_ASSIGNMENT((#132));
#134=STYLED_ITEM('',(#133),#131);
#135=DIRECTION('',(0.E0,1.E0,3.289549702594E-14));
#136=VECTOR('',#135,2.7E-2);
#137=CARTESIAN_POINT('',(-5.E0,1.37E0,-4.725E0));
#138=LINE('',#137,#136);
#139=CURVE_STYLE('',#19,POSITIVE_LENGTH_MEASURE(2.E-2),#13);
#140=PRESENTATION_STYLE_ASSIGNMENT((#139));
#141=STYLED_ITEM('',(#140),#138);
#142=DIRECTION('',(0.E0,1.E0,0.E0));
#143=VECTOR('',#142,1.E-2);
#144=CARTESIAN_POINT('',(-4.25E0,-1.E-2,-4.725E0));
#145=LINE('',#144,#143);
#146=CURVE_STYLE('',#19,POSITIVE_LENGTH_MEASURE(2.E-2),#13);
#147=PRESENTATION_STYLE_ASSIGNMENT((#146));
#148=STYLED_ITEM('',(#147),#145);
#149=DIRECTION('',(0.E0,1.E0,0.E0));
#150=VECTOR('',#149,2.699999999999E-2);
#151=CARTESIAN_POINT('',(-4.25E0,1.37E0,-4.725E0));
#152=LINE('',#151,#150);
#153=CURVE_STYLE('',#19,POSITIVE_LENGTH_MEASURE(2.E-2),#13);
#154=PRESENTATION_STYLE_ASSIGNMENT((#153));
#155=STYLED_ITEM('',(#154),#152);
#156=DIRECTION('',(0.E0,1.E0,0.E0));
#157=VECTOR('',#156,1.E-2);
#158=CARTESIAN_POINT('',(-4.25E0,-1.E-2,6.75E-1));
#159=LINE('',#158,#157);
#160=CURVE_STYLE('',#19,POSITIVE_LENGTH_MEASURE(2.E-2),#13);
#161=PRESENTATION_STYLE_ASSIGNMENT((#160));
#162=STYLED_ITEM('',(#161),#159);
#163=DIRECTION('',(-4.440892098501E-14,1.E0,-4.440892098501E-14));
#164=VECTOR('',#163,1.E-2);
#165=CARTESIAN_POINT('',(-3.4E0,-1.E-2,1.525E0));
#166=LINE('',#165,#164);
#167=CURVE_STYLE('',#19,POSITIVE_LENGTH_MEASURE(2.E-2),#13);
#168=PRESENTATION_STYLE_ASSIGNMENT((#167));
#169=STYLED_ITEM('',(#168),#166);
#170=DIRECTION('',(0.E0,1.E0,0.E0));
#171=VECTOR('',#170,1.E-2);
#172=CARTESIAN_POINT('',(-7.5E-1,-1.E-2,1.525E0));
#173=LINE('',#172,#171);
#174=CURVE_STYLE('',#19,POSITIVE_LENGTH_MEASURE(2.E-2),#13);
#175=PRESENTATION_STYLE_ASSIGNMENT((#174));
#176=STYLED_ITEM('',(#175),#173);
#177=DIRECTION('',(0.E0,1.E0,0.E0));
#178=VECTOR('',#177,1.E-2);
#179=CARTESIAN_POINT('',(-7.5E-1,-1.E-2,2.025E0));
#180=LINE('',#179,#178);
#181=CURVE_STYLE('',#19,POSITIVE_LENGTH_MEASURE(2.E-2),#13);
#182=PRESENTATION_STYLE_ASSIGNMENT((#181));
#183=STYLED_ITEM('',(#182),#180);
#184=DIRECTION('',(0.E0,1.E0,0.E0));
#185=VECTOR('',#184,1.E-2);
#186=CARTESIAN_POINT('',(7.5E-1,-1.E-2,2.025E0));
#187=LINE('',#186,#185);
#188=CURVE_STYLE('',#19,POSITIVE_LENGTH_MEASURE(2.E-2),#13);
#189=PRESENTATION_STYLE_ASSIGNMENT((#188));
#190=STYLED_ITEM('',(#189),#187);
#191=DIRECTION('',(0.E0,1.E0,0.E0));
#192=VECTOR('',#191,1.E-2);
#193=CARTESIAN_POINT('',(7.5E-1,-1.E-2,1.525E0));
#194=LINE('',#193,#192);
#195=CURVE_STYLE('',#19,POSITIVE_LENGTH_MEASURE(2.E-2),#13);
#196=PRESENTATION_STYLE_ASSIGNMENT((#195));
#197=STYLED_ITEM('',(#196),#194);
#198=DIRECTION('',(-4.440892098501E-14,1.E0,0.E0));
#199=VECTOR('',#198,1.E-2);
#200=CARTESIAN_POINT('',(3.4E0,-1.E-2,1.525E0));
#201=LINE('',#200,#199);
#202=CURVE_STYLE('',#19,POSITIVE_LENGTH_MEASURE(2.E-2),#13);
#203=PRESENTATION_STYLE_ASSIGNMENT((#202));
#204=STYLED_ITEM('',(#203),#201);
#205=DIRECTION('',(0.E0,1.E0,-3.330669073875E-14));
#206=VECTOR('',#205,1.E-2);
#207=CARTESIAN_POINT('',(4.25E0,-1.E-2,6.75E-1));
#208=LINE('',#207,#206);
#209=CURVE_STYLE('',#19,POSITIVE_LENGTH_MEASURE(2.E-2),#13);
#210=PRESENTATION_STYLE_ASSIGNMENT((#209));
#211=STYLED_ITEM('',(#210),#208);
#212=DIRECTION('',(0.E0,1.E0,0.E0));
#213=VECTOR('',#212,1.E-2);
#214=CARTESIAN_POINT('',(4.25E0,-1.E-2,-4.725E0));
#215=LINE('',#214,#213);
#216=CURVE_STYLE('',#19,POSITIVE_LENGTH_MEASURE(2.E-2),#13);
#217=PRESENTATION_STYLE_ASSIGNMENT((#216));
#218=STYLED_ITEM('',(#217),#215);
#219=DIRECTION('',(0.E0,1.E0,0.E0));
#220=VECTOR('',#219,2.7E-2);
#221=CARTESIAN_POINT('',(4.25E0,1.37E0,-4.725E0));
#222=LINE('',#221,#220);
#223=CURVE_STYLE('',#19,POSITIVE_LENGTH_MEASURE(2.E-2),#13);
#224=PRESENTATION_STYLE_ASSIGNMENT((#223));
#225=STYLED_ITEM('',(#224),#222);
#226=DIRECTION('',(0.E0,1.E0,3.289549702594E-14));
#227=VECTOR('',#226,2.7E-2);
#228=CARTESIAN_POINT('',(5.E0,1.37E0,-4.725E0));
#229=LINE('',#228,#227);
#230=CURVE_STYLE('',#19,POSITIVE_LENGTH_MEASURE(2.E-2),#13);
#231=PRESENTATION_STYLE_ASSIGNMENT((#230));
#232=STYLED_ITEM('',(#231),#229);
#233=DIRECTION('',(0.E0,1.E0,-8.881784197001E-14));
#234=VECTOR('',#233,1.E-2);
#235=CARTESIAN_POINT('',(5.E0,-1.E-2,-4.725E0));
#236=LINE('',#235,#234);
#237=CURVE_STYLE('',#19,POSITIVE_LENGTH_MEASURE(2.E-2),#13);
#238=PRESENTATION_STYLE_ASSIGNMENT((#237));
#239=STYLED_ITEM('',(#238),#236);
#240=DIRECTION('',(0.E0,1.E0,0.E0));
#241=VECTOR('',#240,1.37E0);
#242=CARTESIAN_POINT('',(-5.E0,0.E0,-4.725E0));
#243=LINE('',#242,#241);
#244=CURVE_STYLE('',#19,POSITIVE_LENGTH_MEASURE(2.E-2),#13);
#245=PRESENTATION_STYLE_ASSIGNMENT((#244));
#246=STYLED_ITEM('',(#245),#243);
#247=DIRECTION('',(-1.E0,-3.774758283726E-14,0.E0));
#248=VECTOR('',#247,1.E-1);
#249=CARTESIAN_POINT('',(-5.E0,1.37E0,-4.725E0));
#250=LINE('',#249,#248);
#251=CURVE_STYLE('',#19,POSITIVE_LENGTH_MEASURE(2.E-2),#13);
#252=PRESENTATION_STYLE_ASSIGNMENT((#251));
#253=STYLED_ITEM('',(#252),#250);
#254=DIRECTION('',(0.E0,1.E0,0.E0));
#255=VECTOR('',#254,1.37E0);
#256=CARTESIAN_POINT('',(5.E0,0.E0,-4.725E0));
#257=LINE('',#256,#255);
#258=CURVE_STYLE('',#19,POSITIVE_LENGTH_MEASURE(2.E-2),#13);
#259=PRESENTATION_STYLE_ASSIGNMENT((#258));
#260=STYLED_ITEM('',(#259),#257);
#261=DIRECTION('',(0.E0,1.E0,0.E0));
#262=VECTOR('',#261,1.37E0);
#263=CARTESIAN_POINT('',(5.1E0,0.E0,-4.725E0));
#264=LINE('',#263,#262);
#265=CURVE_STYLE('',#19,POSITIVE_LENGTH_MEASURE(2.E-2),#13);
#266=PRESENTATION_STYLE_ASSIGNMENT((#265));
#267=STYLED_ITEM('',(#266),#264);
#268=DIRECTION('',(-1.E0,3.996802888651E-14,0.E0));
#269=VECTOR('',#268,1.E-1);
#270=CARTESIAN_POINT('',(5.1E0,1.37E0,-4.725E0));
#271=LINE('',#270,#269);
#272=CURVE_STYLE('',#19,POSITIVE_LENGTH_MEASURE(2.E-2),#13);
#273=PRESENTATION_STYLE_ASSIGNMENT((#272));
#274=STYLED_ITEM('',(#273),#271);
#275=DIRECTION('',(0.E0,1.E0,0.E0));
#276=VECTOR('',#275,1.407E0);
#277=CARTESIAN_POINT('',(-5.E0,-1.E-2,-5.725E0));
#278=LINE('',#277,#276);
#279=CURVE_STYLE('',#19,POSITIVE_LENGTH_MEASURE(2.E-2),#13);
#280=PRESENTATION_STYLE_ASSIGNMENT((#279));
#281=STYLED_ITEM('',(#280),#278);
#282=DIRECTION('',(-1.E0,0.E0,0.E0));
#283=VECTOR('',#282,7.760769515459E0);
#284=CARTESIAN_POINT('',(3.880384757729E0,-1.E-2,-6.025E0));
#285=LINE('',#284,#283);
#286=CURVE_STYLE('',#19,POSITIVE_LENGTH_MEASURE(2.E-2),#13);
#287=PRESENTATION_STYLE_ASSIGNMENT((#286));
#288=STYLED_ITEM('',(#287),#285);
#289=DIRECTION('',(-9.659258262891E-1,0.E0,2.588190451025E-1));
#290=VECTOR('',#289,1.159110991547E0);
#291=CARTESIAN_POINT('',(-3.880384757729E0,-1.E-2,-6.025E0));
#292=LINE('',#291,#290);
#293=CURVE_STYLE('',#19,POSITIVE_LENGTH_MEASURE(2.E-2),#13);
#294=PRESENTATION_STYLE_ASSIGNMENT((#293));
#295=STYLED_ITEM('',(#294),#292);
#296=DIRECTION('',(0.E0,0.E0,1.E0));
#297=VECTOR('',#296,1.E0);
#298=CARTESIAN_POINT('',(-5.E0,-1.E-2,-5.725E0));
#299=LINE('',#298,#297);
#300=CURVE_STYLE('',#19,POSITIVE_LENGTH_MEASURE(2.E-2),#13);
#301=PRESENTATION_STYLE_ASSIGNMENT((#300));
#302=STYLED_ITEM('',(#301),#299);
#303=DIRECTION('',(1.E0,0.E0,0.E0));
#304=VECTOR('',#303,7.5E-1);
#305=CARTESIAN_POINT('',(-5.E0,-1.E-2,-4.725E0));
#306=LINE('',#305,#304);
#307=CURVE_STYLE('',#19,POSITIVE_LENGTH_MEASURE(2.E-2),#13);
#308=PRESENTATION_STYLE_ASSIGNMENT((#307));
#309=STYLED_ITEM('',(#308),#306);
#310=DIRECTION('',(0.E0,0.E0,1.E0));
#311=VECTOR('',#310,5.4E0);
#312=CARTESIAN_POINT('',(-4.25E0,-1.E-2,-4.725E0));
#313=LINE('',#312,#311);
#314=CURVE_STYLE('',#19,POSITIVE_LENGTH_MEASURE(2.E-2),#13);
#315=PRESENTATION_STYLE_ASSIGNMENT((#314));
#316=STYLED_ITEM('',(#315),#313);
#317=DIRECTION('',(7.071067811865E-1,0.E0,7.071067811865E-1));
#318=VECTOR('',#317,1.202081528017E0);
#319=CARTESIAN_POINT('',(-4.25E0,-1.E-2,6.75E-1));
#320=LINE('',#319,#318);
#321=CURVE_STYLE('',#19,POSITIVE_LENGTH_MEASURE(2.E-2),#13);
#322=PRESENTATION_STYLE_ASSIGNMENT((#321));
#323=STYLED_ITEM('',(#322),#320);
#324=DIRECTION('',(1.E0,0.E0,0.E0));
#325=VECTOR('',#324,2.65E0);
#326=CARTESIAN_POINT('',(-3.4E0,-1.E-2,1.525E0));
#327=LINE('',#326,#325);
#328=CURVE_STYLE('',#19,POSITIVE_LENGTH_MEASURE(2.E-2),#13);
#329=PRESENTATION_STYLE_ASSIGNMENT((#328));
#330=STYLED_ITEM('',(#329),#327);
#331=DIRECTION('',(0.E0,0.E0,1.E0));
#332=VECTOR('',#331,5.E-1);
#333=CARTESIAN_POINT('',(-7.5E-1,-1.E-2,1.525E0));
#334=LINE('',#333,#332);
#335=CURVE_STYLE('',#19,POSITIVE_LENGTH_MEASURE(2.E-2),#13);
#336=PRESENTATION_STYLE_ASSIGNMENT((#335));
#337=STYLED_ITEM('',(#336),#334);
#338=DIRECTION('',(1.E0,0.E0,0.E0));
#339=VECTOR('',#338,1.5E0);
#340=CARTESIAN_POINT('',(-7.5E-1,-1.E-2,2.025E0));
#341=LINE('',#340,#339);
#342=CURVE_STYLE('',#19,POSITIVE_LENGTH_MEASURE(2.E-2),#13);
#343=PRESENTATION_STYLE_ASSIGNMENT((#342));
#344=STYLED_ITEM('',(#343),#341);
#345=DIRECTION('',(0.E0,0.E0,-1.E0));
#346=VECTOR('',#345,5.E-1);
#347=CARTESIAN_POINT('',(7.5E-1,-1.E-2,2.025E0));
#348=LINE('',#347,#346);
#349=CURVE_STYLE('',#19,POSITIVE_LENGTH_MEASURE(2.E-2),#13);
#350=PRESENTATION_STYLE_ASSIGNMENT((#349));
#351=STYLED_ITEM('',(#350),#348);
#352=DIRECTION('',(1.E0,0.E0,0.E0));
#353=VECTOR('',#352,2.65E0);
#354=CARTESIAN_POINT('',(7.5E-1,-1.E-2,1.525E0));
#355=LINE('',#354,#353);
#356=CURVE_STYLE('',#19,POSITIVE_LENGTH_MEASURE(2.E-2),#13);
#357=PRESENTATION_STYLE_ASSIGNMENT((#356));
#358=STYLED_ITEM('',(#357),#355);
#359=DIRECTION('',(7.071067811865E-1,0.E0,-7.071067811865E-1));
#360=VECTOR('',#359,1.202081528017E0);
#361=CARTESIAN_POINT('',(3.4E0,-1.E-2,1.525E0));
#362=LINE('',#361,#360);
#363=CURVE_STYLE('',#19,POSITIVE_LENGTH_MEASURE(2.E-2),#13);
#364=PRESENTATION_STYLE_ASSIGNMENT((#363));
#365=STYLED_ITEM('',(#364),#362);
#366=DIRECTION('',(0.E0,0.E0,-1.E0));
#367=VECTOR('',#366,5.4E0);
#368=CARTESIAN_POINT('',(4.25E0,-1.E-2,6.75E-1));
#369=LINE('',#368,#367);
#370=CURVE_STYLE('',#19,POSITIVE_LENGTH_MEASURE(2.E-2),#13);
#371=PRESENTATION_STYLE_ASSIGNMENT((#370));
#372=STYLED_ITEM('',(#371),#369);
#373=DIRECTION('',(1.E0,0.E0,0.E0));
#374=VECTOR('',#373,7.5E-1);
#375=CARTESIAN_POINT('',(4.25E0,-1.E-2,-4.725E0));
#376=LINE('',#375,#374);
#377=CURVE_STYLE('',#19,POSITIVE_LENGTH_MEASURE(2.E-2),#13);
#378=PRESENTATION_STYLE_ASSIGNMENT((#377));
#379=STYLED_ITEM('',(#378),#376);
#380=DIRECTION('',(0.E0,0.E0,-1.E0));
#381=VECTOR('',#380,1.E0);
#382=CARTESIAN_POINT('',(5.E0,-1.E-2,-4.725E0));
#383=LINE('',#382,#381);
#384=CURVE_STYLE('',#19,POSITIVE_LENGTH_MEASURE(2.E-2),#13);
#385=PRESENTATION_STYLE_ASSIGNMENT((#384));
#386=STYLED_ITEM('',(#385),#383);
#387=DIRECTION('',(-9.659258262891E-1,0.E0,-2.588190451025E-1));
#388=VECTOR('',#387,1.159110991547E0);
#389=CARTESIAN_POINT('',(5.E0,-1.E-2,-5.725E0));
#390=LINE('',#389,#388);
#391=CURVE_STYLE('',#19,POSITIVE_LENGTH_MEASURE(2.E-2),#13);
#392=PRESENTATION_STYLE_ASSIGNMENT((#391));
#393=STYLED_ITEM('',(#392),#390);
#394=DIRECTION('',(0.E0,1.E0,0.E0));
#395=VECTOR('',#394,1.407E0);
#396=CARTESIAN_POINT('',(3.880384757729E0,-1.E-2,-6.025E0));
#397=LINE('',#396,#395);
#398=CURVE_STYLE('',#19,POSITIVE_LENGTH_MEASURE(2.E-2),#13);
#399=PRESENTATION_STYLE_ASSIGNMENT((#398));
#400=STYLED_ITEM('',(#399),#397);
#401=DIRECTION('',(0.E0,1.E0,0.E0));
#402=VECTOR('',#401,1.407E0);
#403=CARTESIAN_POINT('',(5.E0,-1.E-2,-5.725E0));
#404=LINE('',#403,#402);
#405=CURVE_STYLE('',#19,POSITIVE_LENGTH_MEASURE(2.E-2),#13);
#406=PRESENTATION_STYLE_ASSIGNMENT((#405));
#407=STYLED_ITEM('',(#406),#404);
#408=DIRECTION('',(0.E0,0.E0,1.E0));
#409=VECTOR('',#408,1.782178217821E-3);
#410=CARTESIAN_POINT('',(-4.25E0,1.397E0,-4.725E0));
#411=LINE('',#410,#409);
#412=CURVE_STYLE('',#19,POSITIVE_LENGTH_MEASURE(2.E-2),#13);
#413=PRESENTATION_STYLE_ASSIGNMENT((#412));
#414=STYLED_ITEM('',(#413),#411);
#415=DIRECTION('',(1.E0,0.E0,0.E0));
#416=VECTOR('',#415,7.5E-1);
#417=CARTESIAN_POINT('',(-5.E0,1.397E0,-4.725E0));
#418=LINE('',#417,#416);
#419=CURVE_STYLE('',#19,POSITIVE_LENGTH_MEASURE(2.E-2),#13);
#420=PRESENTATION_STYLE_ASSIGNMENT((#419));
#421=STYLED_ITEM('',(#420),#418);
#422=DIRECTION('',(0.E0,0.E0,1.E0));
#423=VECTOR('',#422,1.E0);
#424=CARTESIAN_POINT('',(-5.E0,1.397E0,-5.725E0));
#425=LINE('',#424,#423);
#426=CURVE_STYLE('',#19,POSITIVE_LENGTH_MEASURE(2.E-2),#13);
#427=PRESENTATION_STYLE_ASSIGNMENT((#426));
#428=STYLED_ITEM('',(#427),#425);
#429=DIRECTION('',(-9.659258262891E-1,0.E0,2.588190451025E-1));
#430=VECTOR('',#429,1.159110991547E0);
#431=CARTESIAN_POINT('',(-3.880384757729E0,1.397E0,-6.025E0));
#432=LINE('',#431,#430);
#433=CURVE_STYLE('',#19,POSITIVE_LENGTH_MEASURE(2.E-2),#13);
#434=PRESENTATION_STYLE_ASSIGNMENT((#433));
#435=STYLED_ITEM('',(#434),#432);
#436=DIRECTION('',(-1.E0,0.E0,0.E0));
#437=VECTOR('',#436,7.760769515459E0);
#438=CARTESIAN_POINT('',(3.880384757729E0,1.397E0,-6.025E0));
#439=LINE('',#438,#437);
#440=CURVE_STYLE('',#19,POSITIVE_LENGTH_MEASURE(2.E-2),#13);
#441=PRESENTATION_STYLE_ASSIGNMENT((#440));
#442=STYLED_ITEM('',(#441),#439);
#443=DIRECTION('',(-9.659258262891E-1,0.E0,-2.588190451025E-1));
#444=VECTOR('',#443,1.159110991547E0);
#445=CARTESIAN_POINT('',(5.E0,1.397E0,-5.725E0));
#446=LINE('',#445,#444);
#447=CURVE_STYLE('',#19,POSITIVE_LENGTH_MEASURE(2.E-2),#13);
#448=PRESENTATION_STYLE_ASSIGNMENT((#447));
#449=STYLED_ITEM('',(#448),#446);
#450=DIRECTION('',(0.E0,0.E0,-1.E0));
#451=VECTOR('',#450,1.E0);
#452=CARTESIAN_POINT('',(5.E0,1.397E0,-4.725E0));
#453=LINE('',#452,#451);
#454=CURVE_STYLE('',#19,POSITIVE_LENGTH_MEASURE(2.E-2),#13);
#455=PRESENTATION_STYLE_ASSIGNMENT((#454));
#456=STYLED_ITEM('',(#455),#453);
#457=DIRECTION('',(1.E0,0.E0,0.E0));
#458=VECTOR('',#457,7.5E-1);
#459=CARTESIAN_POINT('',(4.25E0,1.397E0,-4.725E0));
#460=LINE('',#459,#458);
#461=CURVE_STYLE('',#19,POSITIVE_LENGTH_MEASURE(2.E-2),#13);
#462=PRESENTATION_STYLE_ASSIGNMENT((#461));
#463=STYLED_ITEM('',(#462),#460);
#464=DIRECTION('',(0.E0,0.E0,-1.E0));
#465=VECTOR('',#464,1.782178217821E-3);
#466=CARTESIAN_POINT('',(4.25E0,1.397E0,-4.723217821782E0));
#467=LINE('',#466,#465);
#468=CURVE_STYLE('',#19,POSITIVE_LENGTH_MEASURE(2.E-2),#13);
#469=PRESENTATION_STYLE_ASSIGNMENT((#468));
#470=STYLED_ITEM('',(#469),#467);
#471=DIRECTION('',(6.572088428820E-2,9.956713969663E-1,6.572088428820E-2));
#472=VECTOR('',#471,3.043172686523E0);
#473=CARTESIAN_POINT('',(-5.1E0,1.37E0,-4.725E0));
#474=LINE('',#473,#472);
#475=CURVE_STYLE('',#19,POSITIVE_LENGTH_MEASURE(2.E-2),#13);
#476=PRESENTATION_STYLE_ASSIGNMENT((#475));
#477=STYLED_ITEM('',(#476),#474);
#478=DIRECTION('',(1.E0,0.E0,0.E0));
#479=VECTOR('',#478,7.5E-1);
#480=CARTESIAN_POINT('',(-5.E0,1.37E0,-4.725E0));
#481=LINE('',#480,#479);
#482=CURVE_STYLE('',#19,POSITIVE_LENGTH_MEASURE(2.E-2),#13);
#483=PRESENTATION_STYLE_ASSIGNMENT((#482));
#484=STYLED_ITEM('',(#483),#481);
#485=DIRECTION('',(0.E0,9.978286569609E-1,6.586327768718E-2));
#486=VECTOR('',#485,2.705875383679E-2);
#487=CARTESIAN_POINT('',(-4.25E0,1.37E0,-4.725E0));
#488=LINE('',#487,#486);
#489=CURVE_STYLE('',#19,POSITIVE_LENGTH_MEASURE(2.E-2),#13);
#490=PRESENTATION_STYLE_ASSIGNMENT((#489));
#491=STYLED_ITEM('',(#490),#488);
#492=DIRECTION('',(1.E0,0.E0,0.E0));
#493=VECTOR('',#492,8.5E0);
#494=CARTESIAN_POINT('',(-4.25E0,1.397E0,-4.723217821782E0));
#495=LINE('',#494,#493);
#496=CURVE_STYLE('',#19,POSITIVE_LENGTH_MEASURE(2.E-2),#13);
#497=PRESENTATION_STYLE_ASSIGNMENT((#496));
#498=STYLED_ITEM('',(#497),#495);
#499=DIRECTION('',(0.E0,9.978286569609E-1,6.586327768718E-2));
#500=VECTOR('',#499,2.705875383679E-2);
#501=CARTESIAN_POINT('',(4.25E0,1.37E0,-4.725E0));
#502=LINE('',#501,#500);
#503=CURVE_STYLE('',#19,POSITIVE_LENGTH_MEASURE(2.E-2),#13);
#504=PRESENTATION_STYLE_ASSIGNMENT((#503));
#505=STYLED_ITEM('',(#504),#502);
#506=DIRECTION('',(1.E0,0.E0,0.E0));
#507=VECTOR('',#506,7.5E-1);
#508=CARTESIAN_POINT('',(4.25E0,1.37E0,-4.725E0));
#509=LINE('',#508,#507);
#510=CURVE_STYLE('',#19,POSITIVE_LENGTH_MEASURE(2.E-2),#13);
#511=PRESENTATION_STYLE_ASSIGNMENT((#510));
#512=STYLED_ITEM('',(#511),#509);
#513=DIRECTION('',(6.550294581145E-2,-9.923696290435E-1,-1.044599609519E-1));
#514=VECTOR('',#513,5.340751918323E-1);
#515=CARTESIAN_POINT('',(5.065016501650E0,1.9E0,4.725E0));
#516=LINE('',#515,#514);
#517=CURVE_STYLE('',#19,POSITIVE_LENGTH_MEASURE(2.E-2),#13);
#518=PRESENTATION_STYLE_ASSIGNMENT((#517));
#519=STYLED_ITEM('',(#518),#516);
#520=DIRECTION('',(-6.550294581145E-2,9.923696290435E-1,-1.044599609519E-1));
#521=VECTOR('',#520,1.914609178267E0);
#522=CARTESIAN_POINT('',(5.025412541254E0,2.5E0,4.725E0));
#523=LINE('',#522,#521);
#524=CURVE_STYLE('',#19,POSITIVE_LENGTH_MEASURE(2.E-2),#13);
#525=PRESENTATION_STYLE_ASSIGNMENT((#524));
#526=STYLED_ITEM('',(#525),#523);
#527=DIRECTION('',(-6.572088428820E-2,9.956713969663E-1,6.572088428820E-2));
#528=VECTOR('',#527,3.043172686523E0);
#529=CARTESIAN_POINT('',(5.1E0,1.37E0,-4.725E0));
#530=LINE('',#529,#528);
#531=CURVE_STYLE('',#19,POSITIVE_LENGTH_MEASURE(2.E-2),#13);
#532=PRESENTATION_STYLE_ASSIGNMENT((#531));
#533=STYLED_ITEM('',(#532),#530);
#534=DIRECTION('',(-1.E0,0.E0,0.E0));
#535=VECTOR('',#534,9.E-1);
#536=CARTESIAN_POINT('',(-2.95E0,1.9E0,4.725E0));
#537=LINE('',#536,#535);
#538=CURVE_STYLE('',#19,POSITIVE_LENGTH_MEASURE(2.E-2),#13);
#539=PRESENTATION_STYLE_ASSIGNMENT((#538));
#540=STYLED_ITEM('',(#539),#537);
#541=DIRECTION('',(-1.E0,0.E0,0.E0));
#542=VECTOR('',#541,9.E-1);
#543=CARTESIAN_POINT('',(-1.25E0,1.9E0,4.725E0));
#544=LINE('',#543,#542);
#545=CURVE_STYLE('',#19,POSITIVE_LENGTH_MEASURE(2.E-2),#13);
#546=PRESENTATION_STYLE_ASSIGNMENT((#545));
#547=STYLED_ITEM('',(#546),#544);
#548=DIRECTION('',(-1.E0,0.E0,0.E0));
#549=VECTOR('',#548,9.E-1);
#550=CARTESIAN_POINT('',(4.5E-1,1.9E0,4.725E0));
#551=LINE('',#550,#549);
#552=CURVE_STYLE('',#19,POSITIVE_LENGTH_MEASURE(2.E-2),#13);
#553=PRESENTATION_STYLE_ASSIGNMENT((#552));
#554=STYLED_ITEM('',(#553),#551);
#555=DIRECTION('',(-1.E0,0.E0,0.E0));
#556=VECTOR('',#555,9.E-1);
#557=CARTESIAN_POINT('',(2.15E0,1.9E0,4.725E0));
#558=LINE('',#557,#556);
#559=CURVE_STYLE('',#19,POSITIVE_LENGTH_MEASURE(2.E-2),#13);
#560=PRESENTATION_STYLE_ASSIGNMENT((#559));
#561=STYLED_ITEM('',(#560),#558);
#562=DIRECTION('',(-1.E0,0.E0,0.E0));
#563=VECTOR('',#562,9.E-1);
#564=CARTESIAN_POINT('',(3.85E0,1.9E0,4.725E0));
#565=LINE('',#564,#563);
#566=CURVE_STYLE('',#19,POSITIVE_LENGTH_MEASURE(2.E-2),#13);
#567=PRESENTATION_STYLE_ASSIGNMENT((#566));
#568=STYLED_ITEM('',(#567),#565);
#569=DIRECTION('',(0.E0,1.E0,0.E0));
#570=VECTOR('',#569,6.E-1);
#571=CARTESIAN_POINT('',(-3.85E0,1.9E0,4.725E0));
#572=LINE('',#571,#570);
#573=CURVE_STYLE('',#19,POSITIVE_LENGTH_MEASURE(2.E-2),#13);
#574=PRESENTATION_STYLE_ASSIGNMENT((#573));
#575=STYLED_ITEM('',(#574),#572);
#576=DIRECTION('',(-1.E0,0.E0,0.E0));
#577=VECTOR('',#576,1.215016501650E0);
#578=CARTESIAN_POINT('',(-3.85E0,1.9E0,4.725E0));
#579=LINE('',#578,#577);
#580=CURVE_STYLE('',#19,POSITIVE_LENGTH_MEASURE(2.E-2),#13);
#581=PRESENTATION_STYLE_ASSIGNMENT((#580));
#582=STYLED_ITEM('',(#581),#579);
#583=DIRECTION('',(-6.586327768719E-2,-9.978286569609E-1,0.E0));
#584=VECTOR('',#583,6.013056408176E-1);
#585=CARTESIAN_POINT('',(-5.025412541254E0,2.5E0,4.725E0));
#586=LINE('',#585,#584);
#587=CURVE_STYLE('',#19,POSITIVE_LENGTH_MEASURE(2.E-2),#13);
#588=PRESENTATION_STYLE_ASSIGNMENT((#587));
#589=STYLED_ITEM('',(#588),#586);
#590=DIRECTION('',(1.E0,0.E0,0.E0));
#591=VECTOR('',#590,1.175412541254E0);
#592=CARTESIAN_POINT('',(-5.025412541254E0,2.5E0,4.725E0));
#593=LINE('',#592,#591);
#594=CURVE_STYLE('',#19,POSITIVE_LENGTH_MEASURE(2.E-2),#13);
#595=PRESENTATION_STYLE_ASSIGNMENT((#594));
#596=STYLED_ITEM('',(#595),#593);
#597=DIRECTION('',(0.E0,1.E0,0.E0));
#598=VECTOR('',#597,6.E-1);
#599=CARTESIAN_POINT('',(-2.15E0,1.9E0,4.725E0));
#600=LINE('',#599,#598);
#601=CURVE_STYLE('',#19,POSITIVE_LENGTH_MEASURE(2.E-2),#13);
#602=PRESENTATION_STYLE_ASSIGNMENT((#601));
#603=STYLED_ITEM('',(#602),#600);
#604=DIRECTION('',(-1.E0,0.E0,0.E0));
#605=VECTOR('',#604,8.E-1);
#606=CARTESIAN_POINT('',(-2.15E0,1.9E0,4.725E0));
#607=LINE('',#606,#605);
#608=CURVE_STYLE('',#19,POSITIVE_LENGTH_MEASURE(2.E-2),#13);
#609=PRESENTATION_STYLE_ASSIGNMENT((#608));
#610=STYLED_ITEM('',(#609),#607);
#611=DIRECTION('',(0.E0,1.E0,0.E0));
#612=VECTOR('',#611,6.E-1);
#613=CARTESIAN_POINT('',(-2.95E0,1.9E0,4.725E0));
#614=LINE('',#613,#612);
#615=CURVE_STYLE('',#19,POSITIVE_LENGTH_MEASURE(2.E-2),#13);
#616=PRESENTATION_STYLE_ASSIGNMENT((#615));
#617=STYLED_ITEM('',(#616),#614);
#618=DIRECTION('',(1.E0,0.E0,0.E0));
#619=VECTOR('',#618,8.E-1);
#620=CARTESIAN_POINT('',(-2.95E0,2.5E0,4.725E0));
#621=LINE('',#620,#619);
#622=CURVE_STYLE('',#19,POSITIVE_LENGTH_MEASURE(2.E-2),#13);
#623=PRESENTATION_STYLE_ASSIGNMENT((#622));
#624=STYLED_ITEM('',(#623),#621);
#625=DIRECTION('',(0.E0,1.E0,0.E0));
#626=VECTOR('',#625,6.E-1);
#627=CARTESIAN_POINT('',(-4.5E-1,1.9E0,4.725E0));
#628=LINE('',#627,#626);
#629=CURVE_STYLE('',#19,POSITIVE_LENGTH_MEASURE(2.E-2),#13);
#630=PRESENTATION_STYLE_ASSIGNMENT((#629));
#631=STYLED_ITEM('',(#630),#628);
#632=DIRECTION('',(-1.E0,0.E0,0.E0));
#633=VECTOR('',#632,8.E-1);
#634=CARTESIAN_POINT('',(-4.5E-1,1.9E0,4.725E0));
#635=LINE('',#634,#633);
#636=CURVE_STYLE('',#19,POSITIVE_LENGTH_MEASURE(2.E-2),#13);
#637=PRESENTATION_STYLE_ASSIGNMENT((#636));
#638=STYLED_ITEM('',(#637),#635);
#639=DIRECTION('',(0.E0,1.E0,0.E0));
#640=VECTOR('',#639,6.E-1);
#641=CARTESIAN_POINT('',(-1.25E0,1.9E0,4.725E0));
#642=LINE('',#641,#640);
#643=CURVE_STYLE('',#19,POSITIVE_LENGTH_MEASURE(2.E-2),#13);
#644=PRESENTATION_STYLE_ASSIGNMENT((#643));
#645=STYLED_ITEM('',(#644),#642);
#646=DIRECTION('',(1.E0,0.E0,0.E0));
#647=VECTOR('',#646,8.E-1);
#648=CARTESIAN_POINT('',(-1.25E0,2.5E0,4.725E0));
#649=LINE('',#648,#647);
#650=CURVE_STYLE('',#19,POSITIVE_LENGTH_MEASURE(2.E-2),#13);
#651=PRESENTATION_STYLE_ASSIGNMENT((#650));
#652=STYLED_ITEM('',(#651),#649);
#653=DIRECTION('',(0.E0,1.E0,0.E0));
#654=VECTOR('',#653,6.E-1);
#655=CARTESIAN_POINT('',(1.25E0,1.9E0,4.725E0));
#656=LINE('',#655,#654);
#657=CURVE_STYLE('',#19,POSITIVE_LENGTH_MEASURE(2.E-2),#13);
#658=PRESENTATION_STYLE_ASSIGNMENT((#657));
#659=STYLED_ITEM('',(#658),#656);
#660=DIRECTION('',(-1.E0,0.E0,0.E0));
#661=VECTOR('',#660,8.E-1);
#662=CARTESIAN_POINT('',(1.25E0,1.9E0,4.725E0));
#663=LINE('',#662,#661);
#664=CURVE_STYLE('',#19,POSITIVE_LENGTH_MEASURE(2.E-2),#13);
#665=PRESENTATION_STYLE_ASSIGNMENT((#664));
#666=STYLED_ITEM('',(#665),#663);
#667=DIRECTION('',(0.E0,1.E0,0.E0));
#668=VECTOR('',#667,6.E-1);
#669=CARTESIAN_POINT('',(4.5E-1,1.9E0,4.725E0));
#670=LINE('',#669,#668);
#671=CURVE_STYLE('',#19,POSITIVE_LENGTH_MEASURE(2.E-2),#13);
#672=PRESENTATION_STYLE_ASSIGNMENT((#671));
#673=STYLED_ITEM('',(#672),#670);
#674=DIRECTION('',(1.E0,0.E0,0.E0));
#675=VECTOR('',#674,8.E-1);
#676=CARTESIAN_POINT('',(4.5E-1,2.5E0,4.725E0));
#677=LINE('',#676,#675);
#678=CURVE_STYLE('',#19,POSITIVE_LENGTH_MEASURE(2.E-2),#13);
#679=PRESENTATION_STYLE_ASSIGNMENT((#678));
#680=STYLED_ITEM('',(#679),#677);
#681=DIRECTION('',(0.E0,1.E0,0.E0));
#682=VECTOR('',#681,6.E-1);
#683=CARTESIAN_POINT('',(2.95E0,1.9E0,4.725E0));
#684=LINE('',#683,#682);
#685=CURVE_STYLE('',#19,POSITIVE_LENGTH_MEASURE(2.E-2),#13);
#686=PRESENTATION_STYLE_ASSIGNMENT((#685));
#687=STYLED_ITEM('',(#686),#684);
#688=DIRECTION('',(-1.E0,0.E0,0.E0));
#689=VECTOR('',#688,8.E-1);
#690=CARTESIAN_POINT('',(2.95E0,1.9E0,4.725E0));
#691=LINE('',#690,#689);
#692=CURVE_STYLE('',#19,POSITIVE_LENGTH_MEASURE(2.E-2),#13);
#693=PRESENTATION_STYLE_ASSIGNMENT((#692));
#694=STYLED_ITEM('',(#693),#691);
#695=DIRECTION('',(0.E0,1.E0,0.E0));
#696=VECTOR('',#695,6.E-1);
#697=CARTESIAN_POINT('',(2.15E0,1.9E0,4.725E0));
#698=LINE('',#697,#696);
#699=CURVE_STYLE('',#19,POSITIVE_LENGTH_MEASURE(2.E-2),#13);
#700=PRESENTATION_STYLE_ASSIGNMENT((#699));
#701=STYLED_ITEM('',(#700),#698);
#702=DIRECTION('',(1.E0,0.E0,0.E0));
#703=VECTOR('',#702,8.E-1);
#704=CARTESIAN_POINT('',(2.15E0,2.5E0,4.725E0));
#705=LINE('',#704,#703);
#706=CURVE_STYLE('',#19,POSITIVE_LENGTH_MEASURE(2.E-2),#13);
#707=PRESENTATION_STYLE_ASSIGNMENT((#706));
#708=STYLED_ITEM('',(#707),#705);
#709=DIRECTION('',(-1.E0,0.E0,0.E0));
#710=VECTOR('',#709,1.215016501650E0);
#711=CARTESIAN_POINT('',(5.065016501650E0,1.9E0,4.725E0));
#712=LINE('',#711,#710);
#713=CURVE_STYLE('',#19,POSITIVE_LENGTH_MEASURE(2.E-2),#13);
#714=PRESENTATION_STYLE_ASSIGNMENT((#713));
#715=STYLED_ITEM('',(#714),#712);
#716=DIRECTION('',(0.E0,1.E0,0.E0));
#717=VECTOR('',#716,6.E-1);
#718=CARTESIAN_POINT('',(3.85E0,1.9E0,4.725E0));
#719=LINE('',#718,#717);
#720=CURVE_STYLE('',#19,POSITIVE_LENGTH_MEASURE(2.E-2),#13);
#721=PRESENTATION_STYLE_ASSIGNMENT((#720));
#722=STYLED_ITEM('',(#721),#719);
#723=DIRECTION('',(1.E0,0.E0,0.E0));
#724=VECTOR('',#723,1.175412541254E0);
#725=CARTESIAN_POINT('',(3.85E0,2.5E0,4.725E0));
#726=LINE('',#725,#724);
#727=CURVE_STYLE('',#19,POSITIVE_LENGTH_MEASURE(2.E-2),#13);
#728=PRESENTATION_STYLE_ASSIGNMENT((#727));
#729=STYLED_ITEM('',(#728),#726);
#730=DIRECTION('',(-6.586327768718E-2,9.978286569609E-1,0.E0));
#731=VECTOR('',#730,6.013056408176E-1);
#732=CARTESIAN_POINT('',(5.065016501650E0,1.9E0,4.725E0));
#733=LINE('',#732,#731);
#734=CURVE_STYLE('',#19,POSITIVE_LENGTH_MEASURE(2.E-2),#13);
#735=PRESENTATION_STYLE_ASSIGNMENT((#734));
#736=STYLED_ITEM('',(#735),#733);
#737=DIRECTION('',(0.E0,0.E0,-1.E0));
#738=VECTOR('',#737,1.688475983199E0);
#739=CARTESIAN_POINT('',(-3.85E0,2.5E0,6.413475983199E0));
#740=LINE('',#739,#738);
#741=CURVE_STYLE('',#19,POSITIVE_LENGTH_MEASURE(2.E-2),#13);
#742=PRESENTATION_STYLE_ASSIGNMENT((#741));
#743=STYLED_ITEM('',(#742),#740);
#744=CARTESIAN_POINT('',(-3.85E0,1.5E0,6.413475983199E0));
#745=DIRECTION('',(-1.E0,0.E0,0.E0));
#746=DIRECTION('',(0.E0,1.736481776669E-1,9.848077530122E-1));
#747=AXIS2_PLACEMENT_3D('',#744,#745,#746);
#749=CURVE_STYLE('',#19,POSITIVE_LENGTH_MEASURE(2.E-2),#13);
#750=PRESENTATION_STYLE_ASSIGNMENT((#749));
#751=STYLED_ITEM('',(#750),#748);
#752=DIRECTION('',(0.E0,9.848077530122E-1,-1.736481776669E-1));
#753=VECTOR('',#752,7.647253450536E-1);
#754=CARTESIAN_POINT('',(-3.85E0,9.205407289332E-1,7.531076898795E0));
#755=LINE('',#754,#753);
#756=CURVE_STYLE('',#19,POSITIVE_LENGTH_MEASURE(2.E-2),#13);
#757=PRESENTATION_STYLE_ASSIGNMENT((#756));
#758=STYLED_ITEM('',(#757),#755);
#759=CARTESIAN_POINT('',(-3.85E0,9.9E-1,7.925E0));
#760=DIRECTION('',(1.E0,0.E0,0.E0));
#761=DIRECTION('',(0.E0,-1.E0,0.E0));
#762=AXIS2_PLACEMENT_3D('',#759,#760,#761);
#764=CURVE_STYLE('',#19,POSITIVE_LENGTH_MEASURE(2.E-2),#13);
#765=PRESENTATION_STYLE_ASSIGNMENT((#764));
#766=STYLED_ITEM('',(#765),#763);
#767=DIRECTION('',(0.E0,0.E0,-1.E0));
#768=VECTOR('',#767,2.E0);
#769=CARTESIAN_POINT('',(-3.85E0,5.9E-1,9.925E0));
#770=LINE('',#769,#768);
#771=CURVE_STYLE('',#19,POSITIVE_LENGTH_MEASURE(2.E-2),#13);
#772=PRESENTATION_STYLE_ASSIGNMENT((#771));
#773=STYLED_ITEM('',(#772),#770);
#774=DIRECTION('',(0.E0,1.E0,0.E0));
#775=VECTOR('',#774,6.E-1);
#776=CARTESIAN_POINT('',(-3.85E0,-1.E-2,9.925E0));
#777=LINE('',#776,#775);
#778=CURVE_STYLE('',#19,POSITIVE_LENGTH_MEASURE(2.E-2),#13);
#779=PRESENTATION_STYLE_ASSIGNMENT((#778));
#780=STYLED_ITEM('',(#779),#777);
#781=DIRECTION('',(0.E0,0.E0,1.E0));
#782=VECTOR('',#781,2.E0);
#783=CARTESIAN_POINT('',(-3.85E0,-1.E-2,7.925E0));
#784=LINE('',#783,#782);
#785=CURVE_STYLE('',#19,POSITIVE_LENGTH_MEASURE(2.E-2),#13);
#786=PRESENTATION_STYLE_ASSIGNMENT((#785));
#787=STYLED_ITEM('',(#786),#784);
#788=CARTESIAN_POINT('',(-3.85E0,9.9E-1,7.925E0));
#789=DIRECTION('',(-1.E0,0.E0,0.E0));
#790=DIRECTION('',(0.E0,-1.736481776669E-1,-9.848077530122E-1));
#791=AXIS2_PLACEMENT_3D('',#788,#789,#790);
#793=CURVE_STYLE('',#19,POSITIVE_LENGTH_MEASURE(2.E-2),#13);
#794=PRESENTATION_STYLE_ASSIGNMENT((#793));
#795=STYLED_ITEM('',(#794),#792);
#796=DIRECTION('',(0.E0,-9.848077530122E-1,1.736481776669E-1));
#797=VECTOR('',#796,7.647253450536E-1);
#798=CARTESIAN_POINT('',(-3.85E0,1.569459271067E0,6.807399084404E0));
#799=LINE('',#798,#797);
#800=CURVE_STYLE('',#19,POSITIVE_LENGTH_MEASURE(2.E-2),#13);
#801=PRESENTATION_STYLE_ASSIGNMENT((#800));
#802=STYLED_ITEM('',(#801),#799);
#803=CARTESIAN_POINT('',(-3.85E0,1.5E0,6.413475983199E0));
#804=DIRECTION('',(1.E0,0.E0,0.E0));
#805=DIRECTION('',(0.E0,1.E0,0.E0));
#806=AXIS2_PLACEMENT_3D('',#803,#804,#805);
#808=CURVE_STYLE('',#19,POSITIVE_LENGTH_MEASURE(2.E-2),#13);
#809=PRESENTATION_STYLE_ASSIGNMENT((#808));
#810=STYLED_ITEM('',(#809),#807);
#811=DIRECTION('',(0.E0,0.E0,1.E0));
#812=VECTOR('',#811,1.688475983199E0);
#813=CARTESIAN_POINT('',(-3.85E0,1.9E0,4.725E0));
#814=LINE('',#813,#812);
#815=CURVE_STYLE('',#19,POSITIVE_LENGTH_MEASURE(2.E-2),#13);
#816=PRESENTATION_STYLE_ASSIGNMENT((#815));
#817=STYLED_ITEM('',(#816),#814);
#818=DIRECTION('',(-1.E0,0.E0,0.E0));
#819=VECTOR('',#818,9.E-1);
#820=CARTESIAN_POINT('',(-2.95E0,2.5E0,6.413475983199E0));
#821=LINE('',#820,#819);
#822=CURVE_STYLE('',#19,POSITIVE_LENGTH_MEASURE(2.E-2),#13);
#823=PRESENTATION_STYLE_ASSIGNMENT((#822));
#824=STYLED_ITEM('',(#823),#821);
#825=DIRECTION('',(-1.E0,0.E0,0.E0));
#826=VECTOR('',#825,9.E-1);
#827=CARTESIAN_POINT('',(2.15E0,2.5E0,4.725E0));
#828=LINE('',#827,#826);
#829=CURVE_STYLE('',#19,POSITIVE_LENGTH_MEASURE(2.E-2),#13);
#830=PRESENTATION_STYLE_ASSIGNMENT((#829));
#831=STYLED_ITEM('',(#830),#828);
#832=DIRECTION('',(-1.E0,0.E0,0.E0));
#833=VECTOR('',#832,9.E-1);
#834=CARTESIAN_POINT('',(4.5E-1,2.5E0,4.725E0));
#835=LINE('',#834,#833);
#836=CURVE_STYLE('',#19,POSITIVE_LENGTH_MEASURE(2.E-2),#13);
#837=PRESENTATION_STYLE_ASSIGNMENT((#836));
#838=STYLED_ITEM('',(#837),#835);
#839=DIRECTION('',(-1.E0,0.E0,0.E0));
#840=VECTOR('',#839,9.E-1);
#841=CARTESIAN_POINT('',(-1.25E0,2.5E0,4.725E0));
#842=LINE('',#841,#840);
#843=CURVE_STYLE('',#19,POSITIVE_LENGTH_MEASURE(2.E-2),#13);
#844=PRESENTATION_STYLE_ASSIGNMENT((#843));
#845=STYLED_ITEM('',(#844),#842);
#846=DIRECTION('',(-1.E0,0.E0,0.E0));
#847=VECTOR('',#846,9.E-1);
#848=CARTESIAN_POINT('',(-2.95E0,2.5E0,4.725E0));
#849=LINE('',#848,#847);
#850=CURVE_STYLE('',#19,POSITIVE_LENGTH_MEASURE(2.E-2),#13);
#851=PRESENTATION_STYLE_ASSIGNMENT((#850));
#852=STYLED_ITEM('',(#851),#849);
#853=DIRECTION('',(6.550294581145E-2,9.923696290435E-1,-1.044599609519E-1));
#854=VECTOR('',#853,1.914609178267E0);
#855=CARTESIAN_POINT('',(-5.025412541254E0,2.5E0,4.725E0));
#856=LINE('',#855,#854);
#857=CURVE_STYLE('',#19,POSITIVE_LENGTH_MEASURE(2.E-2),#13);
#858=PRESENTATION_STYLE_ASSIGNMENT((#857));
#859=STYLED_ITEM('',(#858),#856);
#860=DIRECTION('',(-1.E0,0.E0,0.E0));
#861=VECTOR('',#860,9.E-1);
#862=CARTESIAN_POINT('',(3.85E0,2.5E0,4.725E0));
#863=LINE('',#862,#861);
#864=CURVE_STYLE('',#19,POSITIVE_LENGTH_MEASURE(2.E-2),#13);
#865=PRESENTATION_STYLE_ASSIGNMENT((#864));
#866=STYLED_ITEM('',(#865),#863);
#867=DIRECTION('',(-1.E0,0.E0,0.E0));
#868=VECTOR('',#867,9.E-1);
#869=CARTESIAN_POINT('',(2.15E0,2.5E0,6.413475983199E0));
#870=LINE('',#869,#868);
#871=CURVE_STYLE('',#19,POSITIVE_LENGTH_MEASURE(2.E-2),#13);
#872=PRESENTATION_STYLE_ASSIGNMENT((#871));
#873=STYLED_ITEM('',(#872),#870);
#874=DIRECTION('',(0.E0,0.E0,1.E0));
#875=VECTOR('',#874,1.688475983199E0);
#876=CARTESIAN_POINT('',(2.15E0,1.9E0,4.725E0));
#877=LINE('',#876,#875);
#878=CURVE_STYLE('',#19,POSITIVE_LENGTH_MEASURE(2.E-2),#13);
#879=PRESENTATION_STYLE_ASSIGNMENT((#878));
#880=STYLED_ITEM('',(#879),#877);
#881=CARTESIAN_POINT('',(2.15E0,1.5E0,6.413475983199E0));
#882=DIRECTION('',(1.E0,0.E0,0.E0));
#883=DIRECTION('',(0.E0,1.E0,0.E0));
#884=AXIS2_PLACEMENT_3D('',#881,#882,#883);
#886=CURVE_STYLE('',#19,POSITIVE_LENGTH_MEASURE(2.E-2),#13);
#887=PRESENTATION_STYLE_ASSIGNMENT((#886));
#888=STYLED_ITEM('',(#887),#885);
#889=DIRECTION('',(0.E0,-9.848077530122E-1,1.736481776669E-1));
#890=VECTOR('',#889,7.647253450536E-1);
#891=CARTESIAN_POINT('',(2.15E0,1.569459271067E0,6.807399084404E0));
#892=LINE('',#891,#890);
#893=CURVE_STYLE('',#19,POSITIVE_LENGTH_MEASURE(2.E-2),#13);
#894=PRESENTATION_STYLE_ASSIGNMENT((#893));
#895=STYLED_ITEM('',(#894),#892);
#896=CARTESIAN_POINT('',(2.15E0,9.9E-1,7.925E0));
#897=DIRECTION('',(-1.E0,0.E0,0.E0));
#898=DIRECTION('',(0.E0,-1.736481776669E-1,-9.848077530122E-1));
#899=AXIS2_PLACEMENT_3D('',#896,#897,#898);
#901=CURVE_STYLE('',#19,POSITIVE_LENGTH_MEASURE(2.E-2),#13);
#902=PRESENTATION_STYLE_ASSIGNMENT((#901));
#903=STYLED_ITEM('',(#902),#900);
#904=DIRECTION('',(0.E0,0.E0,1.E0));
#905=VECTOR('',#904,2.E0);
#906=CARTESIAN_POINT('',(2.15E0,-1.E-2,7.925E0));
#907=LINE('',#906,#905);
#908=CURVE_STYLE('',#19,POSITIVE_LENGTH_MEASURE(2.E-2),#13);
#909=PRESENTATION_STYLE_ASSIGNMENT((#908));
#910=STYLED_ITEM('',(#909),#907);
#911=DIRECTION('',(0.E0,1.E0,0.E0));
#912=VECTOR('',#911,6.E-1);
#913=CARTESIAN_POINT('',(2.15E0,-1.E-2,9.925E0));
#914=LINE('',#913,#912);
#915=CURVE_STYLE('',#19,POSITIVE_LENGTH_MEASURE(2.E-2),#13);
#916=PRESENTATION_STYLE_ASSIGNMENT((#915));
#917=STYLED_ITEM('',(#916),#914);
#918=DIRECTION('',(0.E0,0.E0,-1.E0));
#919=VECTOR('',#918,2.E0);
#920=CARTESIAN_POINT('',(2.15E0,5.9E-1,9.925E0));
#921=LINE('',#920,#919);
#922=CURVE_STYLE('',#19,POSITIVE_LENGTH_MEASURE(2.E-2),#13);
#923=PRESENTATION_STYLE_ASSIGNMENT((#922));
#924=STYLED_ITEM('',(#923),#921);
#925=CARTESIAN_POINT('',(2.15E0,9.9E-1,7.925E0));
#926=DIRECTION('',(1.E0,0.E0,0.E0));
#927=DIRECTION('',(0.E0,-1.E0,0.E0));
#928=AXIS2_PLACEMENT_3D('',#925,#926,#927);
#930=CURVE_STYLE('',#19,POSITIVE_LENGTH_MEASURE(2.E-2),#13);
#931=PRESENTATION_STYLE_ASSIGNMENT((#930));
#932=STYLED_ITEM('',(#931),#929);
#933=DIRECTION('',(0.E0,9.848077530122E-1,-1.736481776669E-1));
#934=VECTOR('',#933,7.647253450536E-1);
#935=CARTESIAN_POINT('',(2.15E0,9.205407289332E-1,7.531076898795E0));
#936=LINE('',#935,#934);
#937=CURVE_STYLE('',#19,POSITIVE_LENGTH_MEASURE(2.E-2),#13);
#938=PRESENTATION_STYLE_ASSIGNMENT((#937));
#939=STYLED_ITEM('',(#938),#936);
#940=CARTESIAN_POINT('',(2.15E0,1.5E0,6.413475983199E0));
#941=DIRECTION('',(-1.E0,0.E0,0.E0));
#942=DIRECTION('',(0.E0,1.736481776669E-1,9.848077530122E-1));
#943=AXIS2_PLACEMENT_3D('',#940,#941,#942);
#945=CURVE_STYLE('',#19,POSITIVE_LENGTH_MEASURE(2.E-2),#13);
#946=PRESENTATION_STYLE_ASSIGNMENT((#945));
#947=STYLED_ITEM('',(#946),#944);
#948=DIRECTION('',(0.E0,0.E0,-1.E0));
#949=VECTOR('',#948,1.688475983199E0);
#950=CARTESIAN_POINT('',(2.15E0,2.5E0,6.413475983199E0));
#951=LINE('',#950,#949);
#952=CURVE_STYLE('',#19,POSITIVE_LENGTH_MEASURE(2.E-2),#13);
#953=PRESENTATION_STYLE_ASSIGNMENT((#952));
#954=STYLED_ITEM('',(#953),#951);
#955=DIRECTION('',(0.E0,0.E0,-1.E0));
#956=VECTOR('',#955,1.688475983199E0);
#957=CARTESIAN_POINT('',(1.25E0,2.5E0,6.413475983199E0));
#958=LINE('',#957,#956);
#959=CURVE_STYLE('',#19,POSITIVE_LENGTH_MEASURE(2.E-2),#13);
#960=PRESENTATION_STYLE_ASSIGNMENT((#959));
#961=STYLED_ITEM('',(#960),#958);
#962=CARTESIAN_POINT('',(1.25E0,1.5E0,6.413475983199E0));
#963=DIRECTION('',(-1.E0,0.E0,0.E0));
#964=DIRECTION('',(0.E0,1.736481776669E-1,9.848077530122E-1));
#965=AXIS2_PLACEMENT_3D('',#962,#963,#964);
#967=CURVE_STYLE('',#19,POSITIVE_LENGTH_MEASURE(2.E-2),#13);
#968=PRESENTATION_STYLE_ASSIGNMENT((#967));
#969=STYLED_ITEM('',(#968),#966);
#970=DIRECTION('',(0.E0,9.848077530122E-1,-1.736481776669E-1));
#971=VECTOR('',#970,7.647253450536E-1);
#972=CARTESIAN_POINT('',(1.25E0,9.205407289332E-1,7.531076898795E0));
#973=LINE('',#972,#971);
#974=CURVE_STYLE('',#19,POSITIVE_LENGTH_MEASURE(2.E-2),#13);
#975=PRESENTATION_STYLE_ASSIGNMENT((#974));
#976=STYLED_ITEM('',(#975),#973);
#977=CARTESIAN_POINT('',(1.25E0,9.9E-1,7.925E0));
#978=DIRECTION('',(1.E0,0.E0,0.E0));
#979=DIRECTION('',(0.E0,-1.E0,0.E0));
#980=AXIS2_PLACEMENT_3D('',#977,#978,#979);
#982=CURVE_STYLE('',#19,POSITIVE_LENGTH_MEASURE(2.E-2),#13);
#983=PRESENTATION_STYLE_ASSIGNMENT((#982));
#984=STYLED_ITEM('',(#983),#981);
#985=DIRECTION('',(0.E0,0.E0,-1.E0));
#986=VECTOR('',#985,2.E0);
#987=CARTESIAN_POINT('',(1.25E0,5.9E-1,9.925E0));
#988=LINE('',#987,#986);
#989=CURVE_STYLE('',#19,POSITIVE_LENGTH_MEASURE(2.E-2),#13);
#990=PRESENTATION_STYLE_ASSIGNMENT((#989));
#991=STYLED_ITEM('',(#990),#988);
#992=DIRECTION('',(0.E0,1.E0,0.E0));
#993=VECTOR('',#992,6.E-1);
#994=CARTESIAN_POINT('',(1.25E0,-1.E-2,9.925E0));
#995=LINE('',#994,#993);
#996=CURVE_STYLE('',#19,POSITIVE_LENGTH_MEASURE(2.E-2),#13);
#997=PRESENTATION_STYLE_ASSIGNMENT((#996));
#998=STYLED_ITEM('',(#997),#995);
#999=DIRECTION('',(0.E0,0.E0,1.E0));
#1000=VECTOR('',#999,2.E0);
#1001=CARTESIAN_POINT('',(1.25E0,-1.E-2,7.925E0));
#1002=LINE('',#1001,#1000);
#1003=CURVE_STYLE('',#19,POSITIVE_LENGTH_MEASURE(2.E-2),#13);
#1004=PRESENTATION_STYLE_ASSIGNMENT((#1003));
#1005=STYLED_ITEM('',(#1004),#1002);
#1006=CARTESIAN_POINT('',(1.25E0,9.9E-1,7.925E0));
#1007=DIRECTION('',(-1.E0,0.E0,0.E0));
#1008=DIRECTION('',(0.E0,-1.736481776669E-1,-9.848077530122E-1));
#1009=AXIS2_PLACEMENT_3D('',#1006,#1007,#1008);
#1011=CURVE_STYLE('',#19,POSITIVE_LENGTH_MEASURE(2.E-2),#13);
#1012=PRESENTATION_STYLE_ASSIGNMENT((#1011));
#1013=STYLED_ITEM('',(#1012),#1010);
#1014=DIRECTION('',(0.E0,-9.848077530122E-1,1.736481776669E-1));
#1015=VECTOR('',#1014,7.647253450536E-1);
#1016=CARTESIAN_POINT('',(1.25E0,1.569459271067E0,6.807399084404E0));
#1017=LINE('',#1016,#1015);
#1018=CURVE_STYLE('',#19,POSITIVE_LENGTH_MEASURE(2.E-2),#13);
#1019=PRESENTATION_STYLE_ASSIGNMENT((#1018));
#1020=STYLED_ITEM('',(#1019),#1017);
#1021=CARTESIAN_POINT('',(1.25E0,1.5E0,6.413475983199E0));
#1022=DIRECTION('',(1.E0,0.E0,0.E0));
#1023=DIRECTION('',(0.E0,1.E0,0.E0));
#1024=AXIS2_PLACEMENT_3D('',#1021,#1022,#1023);
#1026=CURVE_STYLE('',#19,POSITIVE_LENGTH_MEASURE(2.E-2),#13);
#1027=PRESENTATION_STYLE_ASSIGNMENT((#1026));
#1028=STYLED_ITEM('',(#1027),#1025);
#1029=DIRECTION('',(0.E0,0.E0,1.E0));
#1030=VECTOR('',#1029,1.688475983199E0);
#1031=CARTESIAN_POINT('',(1.25E0,1.9E0,4.725E0));
#1032=LINE('',#1031,#1030);
#1033=CURVE_STYLE('',#19,POSITIVE_LENGTH_MEASURE(2.E-2),#13);
#1034=PRESENTATION_STYLE_ASSIGNMENT((#1033));
#1035=STYLED_ITEM('',(#1034),#1032);
#1036=DIRECTION('',(-1.E0,0.E0,0.E0));
#1037=VECTOR('',#1036,9.E-1);
#1038=CARTESIAN_POINT('',(2.15E0,1.673648177667E0,7.398283736211E0));
#1039=LINE('',#1038,#1037);
#1040=CURVE_STYLE('',#19,POSITIVE_LENGTH_MEASURE(2.E-2),#13);
#1041=PRESENTATION_STYLE_ASSIGNMENT((#1040));
#1042=STYLED_ITEM('',(#1041),#1039);
#1043=DIRECTION('',(-1.E0,0.E0,0.E0));
#1044=VECTOR('',#1043,9.E-1);
#1045=CARTESIAN_POINT('',(2.15E0,9.205407289332E-1,7.531076898795E0));
#1046=LINE('',#1045,#1044);
#1047=CURVE_STYLE('',#19,POSITIVE_LENGTH_MEASURE(2.E-2),#13);
#1048=PRESENTATION_STYLE_ASSIGNMENT((#1047));
#1049=STYLED_ITEM('',(#1048),#1046);
#1050=DIRECTION('',(-1.E0,0.E0,0.E0));
#1051=VECTOR('',#1050,9.E-1);
#1052=CARTESIAN_POINT('',(2.15E0,5.9E-1,7.925E0));
#1053=LINE('',#1052,#1051);
#1054=CURVE_STYLE('',#19,POSITIVE_LENGTH_MEASURE(2.E-2),#13);
#1055=PRESENTATION_STYLE_ASSIGNMENT((#1054));
#1056=STYLED_ITEM('',(#1055),#1053);
#1057=DIRECTION('',(-1.E0,0.E0,0.E0));
#1058=VECTOR('',#1057,9.E-1);
#1059=CARTESIAN_POINT('',(2.15E0,5.9E-1,9.925E0));
#1060=LINE('',#1059,#1058);
#1061=CURVE_STYLE('',#19,POSITIVE_LENGTH_MEASURE(2.E-2),#13);
#1062=PRESENTATION_STYLE_ASSIGNMENT((#1061));
#1063=STYLED_ITEM('',(#1062),#1060);
#1064=DIRECTION('',(-1.E0,0.E0,0.E0));
#1065=VECTOR('',#1064,9.E-1);
#1066=CARTESIAN_POINT('',(2.15E0,-1.E-2,9.925E0));
#1067=LINE('',#1066,#1065);
#1068=CURVE_STYLE('',#19,POSITIVE_LENGTH_MEASURE(2.E-2),#13);
#1069=PRESENTATION_STYLE_ASSIGNMENT((#1068));
#1070=STYLED_ITEM('',(#1069),#1067);
#1071=DIRECTION('',(-1.E0,0.E0,0.E0));
#1072=VECTOR('',#1071,9.E-1);
#1073=CARTESIAN_POINT('',(2.15E0,-1.E-2,7.925E0));
#1074=LINE('',#1073,#1072);
#1075=CURVE_STYLE('',#19,POSITIVE_LENGTH_MEASURE(2.E-2),#13);
#1076=PRESENTATION_STYLE_ASSIGNMENT((#1075));
#1077=STYLED_ITEM('',(#1076),#1074);
#1078=DIRECTION('',(-1.E0,0.E0,0.E0));
#1079=VECTOR('',#1078,9.E-1);
#1080=CARTESIAN_POINT('',(2.15E0,8.163518223331E-1,6.940192246988E0));
#1081=LINE('',#1080,#1079);
#1082=CURVE_STYLE('',#19,POSITIVE_LENGTH_MEASURE(2.E-2),#13);
#1083=PRESENTATION_STYLE_ASSIGNMENT((#1082));
#1084=STYLED_ITEM('',(#1083),#1081);
#1085=DIRECTION('',(-1.E0,0.E0,0.E0));
#1086=VECTOR('',#1085,9.E-1);
#1087=CARTESIAN_POINT('',(2.15E0,1.569459271067E0,6.807399084404E0));
#1088=LINE('',#1087,#1086);
#1089=CURVE_STYLE('',#19,POSITIVE_LENGTH_MEASURE(2.E-2),#13);
#1090=PRESENTATION_STYLE_ASSIGNMENT((#1089));
#1091=STYLED_ITEM('',(#1090),#1088);
#1092=DIRECTION('',(-1.E0,0.E0,0.E0));
#1093=VECTOR('',#1092,9.E-1);
#1094=CARTESIAN_POINT('',(2.15E0,1.9E0,6.413475983199E0));
#1095=LINE('',#1094,#1093);
#1096=CURVE_STYLE('',#19,POSITIVE_LENGTH_MEASURE(2.E-2),#13);
#1097=PRESENTATION_STYLE_ASSIGNMENT((#1096));
#1098=STYLED_ITEM('',(#1097),#1095);
#1099=DIRECTION('',(-1.E0,0.E0,0.E0));
#1100=VECTOR('',#1099,9.E-1);
#1101=CARTESIAN_POINT('',(4.5E-1,2.5E0,6.413475983199E0));
#1102=LINE('',#1101,#1100);
#1103=CURVE_STYLE('',#19,POSITIVE_LENGTH_MEASURE(2.E-2),#13);
#1104=PRESENTATION_STYLE_ASSIGNMENT((#1103));
#1105=STYLED_ITEM('',(#1104),#1102);
#1106=DIRECTION('',(0.E0,0.E0,1.E0));
#1107=VECTOR('',#1106,1.688475983199E0);
#1108=CARTESIAN_POINT('',(4.5E-1,1.9E0,4.725E0));
#1109=LINE('',#1108,#1107);
#1110=CURVE_STYLE('',#19,POSITIVE_LENGTH_MEASURE(2.E-2),#13);
#1111=PRESENTATION_STYLE_ASSIGNMENT((#1110));
#1112=STYLED_ITEM('',(#1111),#1109);
#1113=CARTESIAN_POINT('',(4.5E-1,1.5E0,6.413475983199E0));
#1114=DIRECTION('',(1.E0,0.E0,0.E0));
#1115=DIRECTION('',(0.E0,1.E0,0.E0));
#1116=AXIS2_PLACEMENT_3D('',#1113,#1114,#1115);
#1118=CURVE_STYLE('',#19,POSITIVE_LENGTH_MEASURE(2.E-2),#13);
#1119=PRESENTATION_STYLE_ASSIGNMENT((#1118));
#1120=STYLED_ITEM('',(#1119),#1117);
#1121=DIRECTION('',(0.E0,-9.848077530122E-1,1.736481776669E-1));
#1122=VECTOR('',#1121,7.647253450536E-1);
#1123=CARTESIAN_POINT('',(4.5E-1,1.569459271067E0,6.807399084404E0));
#1124=LINE('',#1123,#1122);
#1125=CURVE_STYLE('',#19,POSITIVE_LENGTH_MEASURE(2.E-2),#13);
#1126=PRESENTATION_STYLE_ASSIGNMENT((#1125));
#1127=STYLED_ITEM('',(#1126),#1124);
#1128=CARTESIAN_POINT('',(4.5E-1,9.9E-1,7.925E0));
#1129=DIRECTION('',(-1.E0,0.E0,0.E0));
#1130=DIRECTION('',(0.E0,-1.736481776669E-1,-9.848077530122E-1));
#1131=AXIS2_PLACEMENT_3D('',#1128,#1129,#1130);
#1133=CURVE_STYLE('',#19,POSITIVE_LENGTH_MEASURE(2.E-2),#13);
#1134=PRESENTATION_STYLE_ASSIGNMENT((#1133));
#1135=STYLED_ITEM('',(#1134),#1132);
#1136=DIRECTION('',(0.E0,0.E0,1.E0));
#1137=VECTOR('',#1136,2.E0);
#1138=CARTESIAN_POINT('',(4.5E-1,-1.E-2,7.925E0));
#1139=LINE('',#1138,#1137);
#1140=CURVE_STYLE('',#19,POSITIVE_LENGTH_MEASURE(2.E-2),#13);
#1141=PRESENTATION_STYLE_ASSIGNMENT((#1140));
#1142=STYLED_ITEM('',(#1141),#1139);
#1143=DIRECTION('',(0.E0,1.E0,0.E0));
#1144=VECTOR('',#1143,6.E-1);
#1145=CARTESIAN_POINT('',(4.5E-1,-1.E-2,9.925E0));
#1146=LINE('',#1145,#1144);
#1147=CURVE_STYLE('',#19,POSITIVE_LENGTH_MEASURE(2.E-2),#13);
#1148=PRESENTATION_STYLE_ASSIGNMENT((#1147));
#1149=STYLED_ITEM('',(#1148),#1146);
#1150=DIRECTION('',(0.E0,0.E0,-1.E0));
#1151=VECTOR('',#1150,2.E0);
#1152=CARTESIAN_POINT('',(4.5E-1,5.9E-1,9.925E0));
#1153=LINE('',#1152,#1151);
#1154=CURVE_STYLE('',#19,POSITIVE_LENGTH_MEASURE(2.E-2),#13);
#1155=PRESENTATION_STYLE_ASSIGNMENT((#1154));
#1156=STYLED_ITEM('',(#1155),#1153);
#1157=CARTESIAN_POINT('',(4.5E-1,9.9E-1,7.925E0));
#1158=DIRECTION('',(1.E0,0.E0,0.E0));
#1159=DIRECTION('',(0.E0,-1.E0,0.E0));
#1160=AXIS2_PLACEMENT_3D('',#1157,#1158,#1159);
#1162=CURVE_STYLE('',#19,POSITIVE_LENGTH_MEASURE(2.E-2),#13);
#1163=PRESENTATION_STYLE_ASSIGNMENT((#1162));
#1164=STYLED_ITEM('',(#1163),#1161);
#1165=DIRECTION('',(0.E0,9.848077530122E-1,-1.736481776669E-1));
#1166=VECTOR('',#1165,7.647253450536E-1);
#1167=CARTESIAN_POINT('',(4.5E-1,9.205407289332E-1,7.531076898795E0));
#1168=LINE('',#1167,#1166);
#1169=CURVE_STYLE('',#19,POSITIVE_LENGTH_MEASURE(2.E-2),#13);
#1170=PRESENTATION_STYLE_ASSIGNMENT((#1169));
#1171=STYLED_ITEM('',(#1170),#1168);
#1172=CARTESIAN_POINT('',(4.5E-1,1.5E0,6.413475983199E0));
#1173=DIRECTION('',(-1.E0,0.E0,0.E0));
#1174=DIRECTION('',(0.E0,1.736481776669E-1,9.848077530122E-1));
#1175=AXIS2_PLACEMENT_3D('',#1172,#1173,#1174);
#1177=CURVE_STYLE('',#19,POSITIVE_LENGTH_MEASURE(2.E-2),#13);
#1178=PRESENTATION_STYLE_ASSIGNMENT((#1177));
#1179=STYLED_ITEM('',(#1178),#1176);
#1180=DIRECTION('',(0.E0,0.E0,-1.E0));
#1181=VECTOR('',#1180,1.688475983199E0);
#1182=CARTESIAN_POINT('',(4.5E-1,2.5E0,6.413475983199E0));
#1183=LINE('',#1182,#1181);
#1184=CURVE_STYLE('',#19,POSITIVE_LENGTH_MEASURE(2.E-2),#13);
#1185=PRESENTATION_STYLE_ASSIGNMENT((#1184));
#1186=STYLED_ITEM('',(#1185),#1183);
#1187=DIRECTION('',(0.E0,0.E0,-1.E0));
#1188=VECTOR('',#1187,1.688475983199E0);
#1189=CARTESIAN_POINT('',(-4.5E-1,2.5E0,6.413475983199E0));
#1190=LINE('',#1189,#1188);
#1191=CURVE_STYLE('',#19,POSITIVE_LENGTH_MEASURE(2.E-2),#13);
#1192=PRESENTATION_STYLE_ASSIGNMENT((#1191));
#1193=STYLED_ITEM('',(#1192),#1190);
#1194=CARTESIAN_POINT('',(-4.5E-1,1.5E0,6.413475983199E0));
#1195=DIRECTION('',(-1.E0,0.E0,0.E0));
#1196=DIRECTION('',(0.E0,1.736481776669E-1,9.848077530122E-1));
#1197=AXIS2_PLACEMENT_3D('',#1194,#1195,#1196);
#1199=CURVE_STYLE('',#19,POSITIVE_LENGTH_MEASURE(2.E-2),#13);
#1200=PRESENTATION_STYLE_ASSIGNMENT((#1199));
#1201=STYLED_ITEM('',(#1200),#1198);
#1202=DIRECTION('',(0.E0,9.848077530122E-1,-1.736481776669E-1));
#1203=VECTOR('',#1202,7.647253450536E-1);
#1204=CARTESIAN_POINT('',(-4.5E-1,9.205407289332E-1,7.531076898795E0));
#1205=LINE('',#1204,#1203);
#1206=CURVE_STYLE('',#19,POSITIVE_LENGTH_MEASURE(2.E-2),#13);
#1207=PRESENTATION_STYLE_ASSIGNMENT((#1206));
#1208=STYLED_ITEM('',(#1207),#1205);
#1209=CARTESIAN_POINT('',(-4.5E-1,9.9E-1,7.925E0));
#1210=DIRECTION('',(1.E0,0.E0,0.E0));
#1211=DIRECTION('',(0.E0,-1.E0,0.E0));
#1212=AXIS2_PLACEMENT_3D('',#1209,#1210,#1211);
#1214=CURVE_STYLE('',#19,POSITIVE_LENGTH_MEASURE(2.E-2),#13);
#1215=PRESENTATION_STYLE_ASSIGNMENT((#1214));
#1216=STYLED_ITEM('',(#1215),#1213);
#1217=DIRECTION('',(0.E0,0.E0,-1.E0));
#1218=VECTOR('',#1217,2.E0);
#1219=CARTESIAN_POINT('',(-4.5E-1,5.9E-1,9.925E0));
#1220=LINE('',#1219,#1218);
#1221=CURVE_STYLE('',#19,POSITIVE_LENGTH_MEASURE(2.E-2),#13);
#1222=PRESENTATION_STYLE_ASSIGNMENT((#1221));
#1223=STYLED_ITEM('',(#1222),#1220);
#1224=DIRECTION('',(0.E0,1.E0,0.E0));
#1225=VECTOR('',#1224,6.E-1);
#1226=CARTESIAN_POINT('',(-4.5E-1,-1.E-2,9.925E0));
#1227=LINE('',#1226,#1225);
#1228=CURVE_STYLE('',#19,POSITIVE_LENGTH_MEASURE(2.E-2),#13);
#1229=PRESENTATION_STYLE_ASSIGNMENT((#1228));
#1230=STYLED_ITEM('',(#1229),#1227);
#1231=DIRECTION('',(0.E0,0.E0,1.E0));
#1232=VECTOR('',#1231,2.E0);
#1233=CARTESIAN_POINT('',(-4.5E-1,-1.E-2,7.925E0));
#1234=LINE('',#1233,#1232);
#1235=CURVE_STYLE('',#19,POSITIVE_LENGTH_MEASURE(2.E-2),#13);
#1236=PRESENTATION_STYLE_ASSIGNMENT((#1235));
#1237=STYLED_ITEM('',(#1236),#1234);
#1238=CARTESIAN_POINT('',(-4.5E-1,9.9E-1,7.925E0));
#1239=DIRECTION('',(-1.E0,0.E0,0.E0));
#1240=DIRECTION('',(0.E0,-1.736481776669E-1,-9.848077530122E-1));
#1241=AXIS2_PLACEMENT_3D('',#1238,#1239,#1240);
#1243=CURVE_STYLE('',#19,POSITIVE_LENGTH_MEASURE(2.E-2),#13);
#1244=PRESENTATION_STYLE_ASSIGNMENT((#1243));
#1245=STYLED_ITEM('',(#1244),#1242);
#1246=DIRECTION('',(0.E0,-9.848077530122E-1,1.736481776669E-1));
#1247=VECTOR('',#1246,7.647253450536E-1);
#1248=CARTESIAN_POINT('',(-4.5E-1,1.569459271067E0,6.807399084404E0));
#1249=LINE('',#1248,#1247);
#1250=CURVE_STYLE('',#19,POSITIVE_LENGTH_MEASURE(2.E-2),#13);
#1251=PRESENTATION_STYLE_ASSIGNMENT((#1250));
#1252=STYLED_ITEM('',(#1251),#1249);
#1253=CARTESIAN_POINT('',(-4.5E-1,1.5E0,6.413475983199E0));
#1254=DIRECTION('',(1.E0,0.E0,0.E0));
#1255=DIRECTION('',(0.E0,1.E0,0.E0));
#1256=AXIS2_PLACEMENT_3D('',#1253,#1254,#1255);
#1258=CURVE_STYLE('',#19,POSITIVE_LENGTH_MEASURE(2.E-2),#13);
#1259=PRESENTATION_STYLE_ASSIGNMENT((#1258));
#1260=STYLED_ITEM('',(#1259),#1257);
#1261=DIRECTION('',(0.E0,0.E0,1.E0));
#1262=VECTOR('',#1261,1.688475983199E0);
#1263=CARTESIAN_POINT('',(-4.5E-1,1.9E0,4.725E0));
#1264=LINE('',#1263,#1262);
#1265=CURVE_STYLE('',#19,POSITIVE_LENGTH_MEASURE(2.E-2),#13);
#1266=PRESENTATION_STYLE_ASSIGNMENT((#1265));
#1267=STYLED_ITEM('',(#1266),#1264);
#1268=DIRECTION('',(-1.E0,0.E0,0.E0));
#1269=VECTOR('',#1268,9.E-1);
#1270=CARTESIAN_POINT('',(4.5E-1,1.673648177667E0,7.398283736211E0));
#1271=LINE('',#1270,#1269);
#1272=CURVE_STYLE('',#19,POSITIVE_LENGTH_MEASURE(2.E-2),#13);
#1273=PRESENTATION_STYLE_ASSIGNMENT((#1272));
#1274=STYLED_ITEM('',(#1273),#1271);
#1275=DIRECTION('',(-1.E0,0.E0,0.E0));
#1276=VECTOR('',#1275,9.E-1);
#1277=CARTESIAN_POINT('',(4.5E-1,9.205407289332E-1,7.531076898795E0));
#1278=LINE('',#1277,#1276);
#1279=CURVE_STYLE('',#19,POSITIVE_LENGTH_MEASURE(2.E-2),#13);
#1280=PRESENTATION_STYLE_ASSIGNMENT((#1279));
#1281=STYLED_ITEM('',(#1280),#1278);
#1282=DIRECTION('',(-1.E0,0.E0,0.E0));
#1283=VECTOR('',#1282,9.E-1);
#1284=CARTESIAN_POINT('',(4.5E-1,5.9E-1,7.925E0));
#1285=LINE('',#1284,#1283);
#1286=CURVE_STYLE('',#19,POSITIVE_LENGTH_MEASURE(2.E-2),#13);
#1287=PRESENTATION_STYLE_ASSIGNMENT((#1286));
#1288=STYLED_ITEM('',(#1287),#1285);
#1289=DIRECTION('',(-1.E0,0.E0,0.E0));
#1290=VECTOR('',#1289,9.E-1);
#1291=CARTESIAN_POINT('',(4.5E-1,5.9E-1,9.925E0));
#1292=LINE('',#1291,#1290);
#1293=CURVE_STYLE('',#19,POSITIVE_LENGTH_MEASURE(2.E-2),#13);
#1294=PRESENTATION_STYLE_ASSIGNMENT((#1293));
#1295=STYLED_ITEM('',(#1294),#1292);
#1296=DIRECTION('',(-1.E0,0.E0,0.E0));
#1297=VECTOR('',#1296,9.E-1);
#1298=CARTESIAN_POINT('',(4.5E-1,-1.E-2,9.925E0));
#1299=LINE('',#1298,#1297);
#1300=CURVE_STYLE('',#19,POSITIVE_LENGTH_MEASURE(2.E-2),#13);
#1301=PRESENTATION_STYLE_ASSIGNMENT((#1300));
#1302=STYLED_ITEM('',(#1301),#1299);
#1303=DIRECTION('',(-1.E0,0.E0,0.E0));
#1304=VECTOR('',#1303,9.E-1);
#1305=CARTESIAN_POINT('',(4.5E-1,-1.E-2,7.925E0));
#1306=LINE('',#1305,#1304);
#1307=CURVE_STYLE('',#19,POSITIVE_LENGTH_MEASURE(2.E-2),#13);
#1308=PRESENTATION_STYLE_ASSIGNMENT((#1307));
#1309=STYLED_ITEM('',(#1308),#1306);
#1310=DIRECTION('',(-1.E0,0.E0,0.E0));
#1311=VECTOR('',#1310,9.E-1);
#1312=CARTESIAN_POINT('',(4.5E-1,8.163518223331E-1,6.940192246988E0));
#1313=LINE('',#1312,#1311);
#1314=CURVE_STYLE('',#19,POSITIVE_LENGTH_MEASURE(2.E-2),#13);
#1315=PRESENTATION_STYLE_ASSIGNMENT((#1314));
#1316=STYLED_ITEM('',(#1315),#1313);
#1317=DIRECTION('',(-1.E0,0.E0,0.E0));
#1318=VECTOR('',#1317,9.E-1);
#1319=CARTESIAN_POINT('',(4.5E-1,1.569459271067E0,6.807399084404E0));
#1320=LINE('',#1319,#1318);
#1321=CURVE_STYLE('',#19,POSITIVE_LENGTH_MEASURE(2.E-2),#13);
#1322=PRESENTATION_STYLE_ASSIGNMENT((#1321));
#1323=STYLED_ITEM('',(#1322),#1320);
#1324=DIRECTION('',(-1.E0,0.E0,0.E0));
#1325=VECTOR('',#1324,9.E-1);
#1326=CARTESIAN_POINT('',(4.5E-1,1.9E0,6.413475983199E0));
#1327=LINE('',#1326,#1325);
#1328=CURVE_STYLE('',#19,POSITIVE_LENGTH_MEASURE(2.E-2),#13);
#1329=PRESENTATION_STYLE_ASSIGNMENT((#1328));
#1330=STYLED_ITEM('',(#1329),#1327);
#1331=DIRECTION('',(-1.E0,0.E0,0.E0));
#1332=VECTOR('',#1331,9.E-1);
#1333=CARTESIAN_POINT('',(-1.25E0,2.5E0,6.413475983199E0));
#1334=LINE('',#1333,#1332);
#1335=CURVE_STYLE('',#19,POSITIVE_LENGTH_MEASURE(2.E-2),#13);
#1336=PRESENTATION_STYLE_ASSIGNMENT((#1335));
#1337=STYLED_ITEM('',(#1336),#1334);
#1338=DIRECTION('',(0.E0,0.E0,1.E0));
#1339=VECTOR('',#1338,1.688475983199E0);
#1340=CARTESIAN_POINT('',(-1.25E0,1.9E0,4.725E0));
#1341=LINE('',#1340,#1339);
#1342=CURVE_STYLE('',#19,POSITIVE_LENGTH_MEASURE(2.E-2),#13);
#1343=PRESENTATION_STYLE_ASSIGNMENT((#1342));
#1344=STYLED_ITEM('',(#1343),#1341);
#1345=CARTESIAN_POINT('',(-1.25E0,1.5E0,6.413475983199E0));
#1346=DIRECTION('',(1.E0,0.E0,0.E0));
#1347=DIRECTION('',(0.E0,1.E0,0.E0));
#1348=AXIS2_PLACEMENT_3D('',#1345,#1346,#1347);
#1350=CURVE_STYLE('',#19,POSITIVE_LENGTH_MEASURE(2.E-2),#13);
#1351=PRESENTATION_STYLE_ASSIGNMENT((#1350));
#1352=STYLED_ITEM('',(#1351),#1349);
#1353=DIRECTION('',(0.E0,-9.848077530122E-1,1.736481776669E-1));
#1354=VECTOR('',#1353,7.647253450536E-1);
#1355=CARTESIAN_POINT('',(-1.25E0,1.569459271067E0,6.807399084404E0));
#1356=LINE('',#1355,#1354);
#1357=CURVE_STYLE('',#19,POSITIVE_LENGTH_MEASURE(2.E-2),#13);
#1358=PRESENTATION_STYLE_ASSIGNMENT((#1357));
#1359=STYLED_ITEM('',(#1358),#1356);
#1360=CARTESIAN_POINT('',(-1.25E0,9.9E-1,7.925E0));
#1361=DIRECTION('',(-1.E0,0.E0,0.E0));
#1362=DIRECTION('',(0.E0,-1.736481776669E-1,-9.848077530122E-1));
#1363=AXIS2_PLACEMENT_3D('',#1360,#1361,#1362);
#1365=CURVE_STYLE('',#19,POSITIVE_LENGTH_MEASURE(2.E-2),#13);
#1366=PRESENTATION_STYLE_ASSIGNMENT((#1365));
#1367=STYLED_ITEM('',(#1366),#1364);
#1368=DIRECTION('',(0.E0,0.E0,1.E0));
#1369=VECTOR('',#1368,2.E0);
#1370=CARTESIAN_POINT('',(-1.25E0,-1.E-2,7.925E0));
#1371=LINE('',#1370,#1369);
#1372=CURVE_STYLE('',#19,POSITIVE_LENGTH_MEASURE(2.E-2),#13);
#1373=PRESENTATION_STYLE_ASSIGNMENT((#1372));
#1374=STYLED_ITEM('',(#1373),#1371);
#1375=DIRECTION('',(0.E0,1.E0,0.E0));
#1376=VECTOR('',#1375,6.E-1);
#1377=CARTESIAN_POINT('',(-1.25E0,-1.E-2,9.925E0));
#1378=LINE('',#1377,#1376);
#1379=CURVE_STYLE('',#19,POSITIVE_LENGTH_MEASURE(2.E-2),#13);
#1380=PRESENTATION_STYLE_ASSIGNMENT((#1379));
#1381=STYLED_ITEM('',(#1380),#1378);
#1382=DIRECTION('',(0.E0,0.E0,-1.E0));
#1383=VECTOR('',#1382,2.E0);
#1384=CARTESIAN_POINT('',(-1.25E0,5.9E-1,9.925E0));
#1385=LINE('',#1384,#1383);
#1386=CURVE_STYLE('',#19,POSITIVE_LENGTH_MEASURE(2.E-2),#13);
#1387=PRESENTATION_STYLE_ASSIGNMENT((#1386));
#1388=STYLED_ITEM('',(#1387),#1385);
#1389=CARTESIAN_POINT('',(-1.25E0,9.9E-1,7.925E0));
#1390=DIRECTION('',(1.E0,0.E0,0.E0));
#1391=DIRECTION('',(0.E0,-1.E0,0.E0));
#1392=AXIS2_PLACEMENT_3D('',#1389,#1390,#1391);
#1394=CURVE_STYLE('',#19,POSITIVE_LENGTH_MEASURE(2.E-2),#13);
#1395=PRESENTATION_STYLE_ASSIGNMENT((#1394));
#1396=STYLED_ITEM('',(#1395),#1393);
#1397=DIRECTION('',(0.E0,9.848077530122E-1,-1.736481776669E-1));
#1398=VECTOR('',#1397,7.647253450536E-1);
#1399=CARTESIAN_POINT('',(-1.25E0,9.205407289332E-1,7.531076898795E0));
#1400=LINE('',#1399,#1398);
#1401=CURVE_STYLE('',#19,POSITIVE_LENGTH_MEASURE(2.E-2),#13);
#1402=PRESENTATION_STYLE_ASSIGNMENT((#1401));
#1403=STYLED_ITEM('',(#1402),#1400);
#1404=CARTESIAN_POINT('',(-1.25E0,1.5E0,6.413475983199E0));
#1405=DIRECTION('',(-1.E0,0.E0,0.E0));
#1406=DIRECTION('',(0.E0,1.736481776669E-1,9.848077530122E-1));
#1407=AXIS2_PLACEMENT_3D('',#1404,#1405,#1406);
#1409=CURVE_STYLE('',#19,POSITIVE_LENGTH_MEASURE(2.E-2),#13);
#1410=PRESENTATION_STYLE_ASSIGNMENT((#1409));
#1411=STYLED_ITEM('',(#1410),#1408);
#1412=DIRECTION('',(0.E0,0.E0,-1.E0));
#1413=VECTOR('',#1412,1.688475983199E0);
#1414=CARTESIAN_POINT('',(-1.25E0,2.5E0,6.413475983199E0));
#1415=LINE('',#1414,#1413);
#1416=CURVE_STYLE('',#19,POSITIVE_LENGTH_MEASURE(2.E-2),#13);
#1417=PRESENTATION_STYLE_ASSIGNMENT((#1416));
#1418=STYLED_ITEM('',(#1417),#1415);
#1419=DIRECTION('',(0.E0,0.E0,-1.E0));
#1420=VECTOR('',#1419,1.688475983199E0);
#1421=CARTESIAN_POINT('',(-2.15E0,2.5E0,6.413475983199E0));
#1422=LINE('',#1421,#1420);
#1423=CURVE_STYLE('',#19,POSITIVE_LENGTH_MEASURE(2.E-2),#13);
#1424=PRESENTATION_STYLE_ASSIGNMENT((#1423));
#1425=STYLED_ITEM('',(#1424),#1422);
#1426=CARTESIAN_POINT('',(-2.15E0,1.5E0,6.413475983199E0));
#1427=DIRECTION('',(-1.E0,0.E0,0.E0));
#1428=DIRECTION('',(0.E0,1.736481776669E-1,9.848077530122E-1));
#1429=AXIS2_PLACEMENT_3D('',#1426,#1427,#1428);
#1431=CURVE_STYLE('',#19,POSITIVE_LENGTH_MEASURE(2.E-2),#13);
#1432=PRESENTATION_STYLE_ASSIGNMENT((#1431));
#1433=STYLED_ITEM('',(#1432),#1430);
#1434=DIRECTION('',(0.E0,9.848077530122E-1,-1.736481776669E-1));
#1435=VECTOR('',#1434,7.647253450536E-1);
#1436=CARTESIAN_POINT('',(-2.15E0,9.205407289332E-1,7.531076898795E0));
#1437=LINE('',#1436,#1435);
#1438=CURVE_STYLE('',#19,POSITIVE_LENGTH_MEASURE(2.E-2),#13);
#1439=PRESENTATION_STYLE_ASSIGNMENT((#1438));
#1440=STYLED_ITEM('',(#1439),#1437);
#1441=CARTESIAN_POINT('',(-2.15E0,9.9E-1,7.925E0));
#1442=DIRECTION('',(1.E0,0.E0,0.E0));
#1443=DIRECTION('',(0.E0,-1.E0,0.E0));
#1444=AXIS2_PLACEMENT_3D('',#1441,#1442,#1443);
#1446=CURVE_STYLE('',#19,POSITIVE_LENGTH_MEASURE(2.E-2),#13);
#1447=PRESENTATION_STYLE_ASSIGNMENT((#1446));
#1448=STYLED_ITEM('',(#1447),#1445);
#1449=DIRECTION('',(0.E0,0.E0,-1.E0));
#1450=VECTOR('',#1449,2.E0);
#1451=CARTESIAN_POINT('',(-2.15E0,5.9E-1,9.925E0));
#1452=LINE('',#1451,#1450);
#1453=CURVE_STYLE('',#19,POSITIVE_LENGTH_MEASURE(2.E-2),#13);
#1454=PRESENTATION_STYLE_ASSIGNMENT((#1453));
#1455=STYLED_ITEM('',(#1454),#1452);
#1456=DIRECTION('',(0.E0,1.E0,0.E0));
#1457=VECTOR('',#1456,6.E-1);
#1458=CARTESIAN_POINT('',(-2.15E0,-1.E-2,9.925E0));
#1459=LINE('',#1458,#1457);
#1460=CURVE_STYLE('',#19,POSITIVE_LENGTH_MEASURE(2.E-2),#13);
#1461=PRESENTATION_STYLE_ASSIGNMENT((#1460));
#1462=STYLED_ITEM('',(#1461),#1459);
#1463=DIRECTION('',(0.E0,0.E0,1.E0));
#1464=VECTOR('',#1463,2.E0);
#1465=CARTESIAN_POINT('',(-2.15E0,-1.E-2,7.925E0));
#1466=LINE('',#1465,#1464);
#1467=CURVE_STYLE('',#19,POSITIVE_LENGTH_MEASURE(2.E-2),#13);
#1468=PRESENTATION_STYLE_ASSIGNMENT((#1467));
#1469=STYLED_ITEM('',(#1468),#1466);
#1470=CARTESIAN_POINT('',(-2.15E0,9.9E-1,7.925E0));
#1471=DIRECTION('',(-1.E0,0.E0,0.E0));
#1472=DIRECTION('',(0.E0,-1.736481776669E-1,-9.848077530122E-1));
#1473=AXIS2_PLACEMENT_3D('',#1470,#1471,#1472);
#1475=CURVE_STYLE('',#19,POSITIVE_LENGTH_MEASURE(2.E-2),#13);
#1476=PRESENTATION_STYLE_ASSIGNMENT((#1475));
#1477=STYLED_ITEM('',(#1476),#1474);
#1478=DIRECTION('',(0.E0,-9.848077530122E-1,1.736481776669E-1));
#1479=VECTOR('',#1478,7.647253450536E-1);
#1480=CARTESIAN_POINT('',(-2.15E0,1.569459271067E0,6.807399084404E0));
#1481=LINE('',#1480,#1479);
#1482=CURVE_STYLE('',#19,POSITIVE_LENGTH_MEASURE(2.E-2),#13);
#1483=PRESENTATION_STYLE_ASSIGNMENT((#1482));
#1484=STYLED_ITEM('',(#1483),#1481);
#1485=CARTESIAN_POINT('',(-2.15E0,1.5E0,6.413475983199E0));
#1486=DIRECTION('',(1.E0,0.E0,0.E0));
#1487=DIRECTION('',(0.E0,1.E0,0.E0));
#1488=AXIS2_PLACEMENT_3D('',#1485,#1486,#1487);
#1490=CURVE_STYLE('',#19,POSITIVE_LENGTH_MEASURE(2.E-2),#13);
#1491=PRESENTATION_STYLE_ASSIGNMENT((#1490));
#1492=STYLED_ITEM('',(#1491),#1489);
#1493=DIRECTION('',(0.E0,0.E0,1.E0));
#1494=VECTOR('',#1493,1.688475983199E0);
#1495=CARTESIAN_POINT('',(-2.15E0,1.9E0,4.725E0));
#1496=LINE('',#1495,#1494);
#1497=CURVE_STYLE('',#19,POSITIVE_LENGTH_MEASURE(2.E-2),#13);
#1498=PRESENTATION_STYLE_ASSIGNMENT((#1497));
#1499=STYLED_ITEM('',(#1498),#1496);
#1500=DIRECTION('',(-1.E0,0.E0,0.E0));
#1501=VECTOR('',#1500,9.E-1);
#1502=CARTESIAN_POINT('',(-1.25E0,1.673648177667E0,7.398283736211E0));
#1503=LINE('',#1502,#1501);
#1504=CURVE_STYLE('',#19,POSITIVE_LENGTH_MEASURE(2.E-2),#13);
#1505=PRESENTATION_STYLE_ASSIGNMENT((#1504));
#1506=STYLED_ITEM('',(#1505),#1503);
#1507=DIRECTION('',(-1.E0,0.E0,0.E0));
#1508=VECTOR('',#1507,9.E-1);
#1509=CARTESIAN_POINT('',(-1.25E0,9.205407289332E-1,7.531076898795E0));
#1510=LINE('',#1509,#1508);
#1511=CURVE_STYLE('',#19,POSITIVE_LENGTH_MEASURE(2.E-2),#13);
#1512=PRESENTATION_STYLE_ASSIGNMENT((#1511));
#1513=STYLED_ITEM('',(#1512),#1510);
#1514=DIRECTION('',(-1.E0,0.E0,0.E0));
#1515=VECTOR('',#1514,9.E-1);
#1516=CARTESIAN_POINT('',(-1.25E0,5.9E-1,7.925E0));
#1517=LINE('',#1516,#1515);
#1518=CURVE_STYLE('',#19,POSITIVE_LENGTH_MEASURE(2.E-2),#13);
#1519=PRESENTATION_STYLE_ASSIGNMENT((#1518));
#1520=STYLED_ITEM('',(#1519),#1517);
#1521=DIRECTION('',(-1.E0,0.E0,0.E0));
#1522=VECTOR('',#1521,9.E-1);
#1523=CARTESIAN_POINT('',(-1.25E0,5.9E-1,9.925E0));
#1524=LINE('',#1523,#1522);
#1525=CURVE_STYLE('',#19,POSITIVE_LENGTH_MEASURE(2.E-2),#13);
#1526=PRESENTATION_STYLE_ASSIGNMENT((#1525));
#1527=STYLED_ITEM('',(#1526),#1524);
#1528=DIRECTION('',(-1.E0,0.E0,0.E0));
#1529=VECTOR('',#1528,9.E-1);
#1530=CARTESIAN_POINT('',(-1.25E0,-1.E-2,9.925E0));
#1531=LINE('',#1530,#1529);
#1532=CURVE_STYLE('',#19,POSITIVE_LENGTH_MEASURE(2.E-2),#13);
#1533=PRESENTATION_STYLE_ASSIGNMENT((#1532));
#1534=STYLED_ITEM('',(#1533),#1531);
#1535=DIRECTION('',(-1.E0,0.E0,0.E0));
#1536=VECTOR('',#1535,9.E-1);
#1537=CARTESIAN_POINT('',(-1.25E0,-1.E-2,7.925E0));
#1538=LINE('',#1537,#1536);
#1539=CURVE_STYLE('',#19,POSITIVE_LENGTH_MEASURE(2.E-2),#13);
#1540=PRESENTATION_STYLE_ASSIGNMENT((#1539));
#1541=STYLED_ITEM('',(#1540),#1538);
#1542=DIRECTION('',(-1.E0,0.E0,0.E0));
#1543=VECTOR('',#1542,9.E-1);
#1544=CARTESIAN_POINT('',(-1.25E0,8.163518223331E-1,6.940192246988E0));
#1545=LINE('',#1544,#1543);
#1546=CURVE_STYLE('',#19,POSITIVE_LENGTH_MEASURE(2.E-2),#13);
#1547=PRESENTATION_STYLE_ASSIGNMENT((#1546));
#1548=STYLED_ITEM('',(#1547),#1545);
#1549=DIRECTION('',(-1.E0,0.E0,0.E0));
#1550=VECTOR('',#1549,9.E-1);
#1551=CARTESIAN_POINT('',(-1.25E0,1.569459271067E0,6.807399084404E0));
#1552=LINE('',#1551,#1550);
#1553=CURVE_STYLE('',#19,POSITIVE_LENGTH_MEASURE(2.E-2),#13);
#1554=PRESENTATION_STYLE_ASSIGNMENT((#1553));
#1555=STYLED_ITEM('',(#1554),#1552);
#1556=DIRECTION('',(-1.E0,0.E0,0.E0));
#1557=VECTOR('',#1556,9.E-1);
#1558=CARTESIAN_POINT('',(-1.25E0,1.9E0,6.413475983199E0));
#1559=LINE('',#1558,#1557);
#1560=CURVE_STYLE('',#19,POSITIVE_LENGTH_MEASURE(2.E-2),#13);
#1561=PRESENTATION_STYLE_ASSIGNMENT((#1560));
#1562=STYLED_ITEM('',(#1561),#1559);
#1563=DIRECTION('',(6.550294581145E-2,9.923696290435E-1,1.044599609519E-1));
#1564=VECTOR('',#1563,5.340751918323E-1);
#1565=CARTESIAN_POINT('',(-5.1E0,1.37E0,4.669210526316E0));
#1566=LINE('',#1565,#1564);
#1567=CURVE_STYLE('',#19,POSITIVE_LENGTH_MEASURE(2.E-2),#13);
#1568=PRESENTATION_STYLE_ASSIGNMENT((#1567));
#1569=STYLED_ITEM('',(#1568),#1566);
#1570=DIRECTION('',(0.E0,9.945054529214E-1,1.046847845180E-1));
#1571=VECTOR('',#1570,1.377569118375E0);
#1572=CARTESIAN_POINT('',(-5.1E0,0.E0,4.525E0));
#1573=LINE('',#1572,#1571);
#1574=CURVE_STYLE('',#19,POSITIVE_LENGTH_MEASURE(2.E-2),#13);
#1575=PRESENTATION_STYLE_ASSIGNMENT((#1574));
#1576=STYLED_ITEM('',(#1575),#1573);
#1577=DIRECTION('',(0.E0,1.E0,0.E0));
#1578=VECTOR('',#1577,1.37E0);
#1579=CARTESIAN_POINT('',(-5.1E0,0.E0,-4.725E0));
#1580=LINE('',#1579,#1578);
#1581=CURVE_STYLE('',#19,POSITIVE_LENGTH_MEASURE(2.E-2),#13);
#1582=PRESENTATION_STYLE_ASSIGNMENT((#1581));
#1583=STYLED_ITEM('',(#1582),#1580);
#1584=DIRECTION('',(0.E0,0.E0,1.E0));
#1585=VECTOR('',#1584,9.394210526316E0);
#1586=CARTESIAN_POINT('',(-5.1E0,1.37E0,-4.725E0));
#1587=LINE('',#1586,#1585);
#1588=CURVE_STYLE('',#19,POSITIVE_LENGTH_MEASURE(2.E-2),#13);
#1589=PRESENTATION_STYLE_ASSIGNMENT((#1588));
#1590=STYLED_ITEM('',(#1589),#1587);
#1591=DIRECTION('',(0.E0,0.E0,-1.E0));
#1592=VECTOR('',#1591,9.05E0);
#1593=CARTESIAN_POINT('',(4.9E0,4.4E0,4.525E0));
#1594=LINE('',#1593,#1592);
#1595=CURVE_STYLE('',#19,POSITIVE_LENGTH_MEASURE(2.E-2),#13);
#1596=PRESENTATION_STYLE_ASSIGNMENT((#1595));
#1597=STYLED_ITEM('',(#1596),#1594);
#1598=DIRECTION('',(1.E0,0.E0,0.E0));
#1599=VECTOR('',#1598,9.8E0);
#1600=CARTESIAN_POINT('',(-4.9E0,4.4E0,4.525E0));
#1601=LINE('',#1600,#1599);
#1602=CURVE_STYLE('',#19,POSITIVE_LENGTH_MEASURE(2.E-2),#13);
#1603=PRESENTATION_STYLE_ASSIGNMENT((#1602));
#1604=STYLED_ITEM('',(#1603),#1601);
#1605=DIRECTION('',(0.E0,0.E0,1.E0));
#1606=VECTOR('',#1605,9.05E0);
#1607=CARTESIAN_POINT('',(-4.9E0,4.4E0,-4.525E0));
#1608=LINE('',#1607,#1606);
#1609=CURVE_STYLE('',#19,POSITIVE_LENGTH_MEASURE(2.E-2),#13);
#1610=PRESENTATION_STYLE_ASSIGNMENT((#1609));
#1611=STYLED_ITEM('',(#1610),#1608);
#1612=DIRECTION('',(-1.E0,0.E0,0.E0));
#1613=VECTOR('',#1612,9.8E0);
#1614=CARTESIAN_POINT('',(4.9E0,4.4E0,-4.525E0));
#1615=LINE('',#1614,#1613);
#1616=CURVE_STYLE('',#19,POSITIVE_LENGTH_MEASURE(2.E-2),#13);
#1617=PRESENTATION_STYLE_ASSIGNMENT((#1616));
#1618=STYLED_ITEM('',(#1617),#1615);
#1619=DIRECTION('',(-1.E0,0.E0,0.E0));
#1620=VECTOR('',#1619,1.108333361149E0);
#1621=CARTESIAN_POINT('',(-2.991666638851E0,4.4E0,-7.E-1));
#1622=LINE('',#1621,#1620);
#1623=CURVE_STYLE('',#19,POSITIVE_LENGTH_MEASURE(2.E-2),#13);
#1624=PRESENTATION_STYLE_ASSIGNMENT((#1623));
#1625=STYLED_ITEM('',(#1624),#1622);
#1626=DIRECTION('',(0.E0,0.E0,1.E0));
#1627=VECTOR('',#1626,1.489361524582E-1);
#1628=CARTESIAN_POINT('',(-4.1E0,4.4E0,-7.E-1));
#1629=LINE('',#1628,#1627);
#1630=CURVE_STYLE('',#19,POSITIVE_LENGTH_MEASURE(2.E-2),#13);
#1631=PRESENTATION_STYLE_ASSIGNMENT((#1630));
#1632=STYLED_ITEM('',(#1631),#1629);
#1633=DIRECTION('',(1.E0,0.E0,0.E0));
#1634=VECTOR('',#1633,4.666666805744E-1);
#1635=CARTESIAN_POINT('',(-4.1E0,4.4E0,-5.510638475418E-1));
#1636=LINE('',#1635,#1634);
#1637=CURVE_STYLE('',#19,POSITIVE_LENGTH_MEASURE(2.E-2),#13);
#1638=PRESENTATION_STYLE_ASSIGNMENT((#1637));
#1639=STYLED_ITEM('',(#1638),#1636);
#1640=DIRECTION('',(0.E0,0.E0,1.E0));
#1641=VECTOR('',#1640,1.251063847542E0);
#1642=CARTESIAN_POINT('',(-3.633333319426E0,4.4E0,-5.510638475418E-1));
#1643=LINE('',#1642,#1641);
#1644=CURVE_STYLE('',#19,POSITIVE_LENGTH_MEASURE(2.E-2),#13);
#1645=PRESENTATION_STYLE_ASSIGNMENT((#1644));
#1646=STYLED_ITEM('',(#1645),#1643);
#1647=DIRECTION('',(1.E0,0.E0,0.E0));
#1648=VECTOR('',#1647,1.75E-1);
#1649=CARTESIAN_POINT('',(-3.633333319426E0,4.4E0,7.E-1));
#1650=LINE('',#1649,#1648);
#1651=CURVE_STYLE('',#19,POSITIVE_LENGTH_MEASURE(2.E-2),#13);
#1652=PRESENTATION_STYLE_ASSIGNMENT((#1651));
#1653=STYLED_ITEM('',(#1652),#1650);
#1654=DIRECTION('',(0.E0,0.E0,-1.E0));
#1655=VECTOR('',#1654,1.251063847542E0);
#1656=CARTESIAN_POINT('',(-3.458333319426E0,4.4E0,7.E-1));
#1657=LINE('',#1656,#1655);
#1658=CURVE_STYLE('',#19,POSITIVE_LENGTH_MEASURE(2.E-2),#13);
#1659=PRESENTATION_STYLE_ASSIGNMENT((#1658));
#1660=STYLED_ITEM('',(#1659),#1657);
#1661=DIRECTION('',(1.E0,0.E0,0.E0));
#1662=VECTOR('',#1661,4.666666805744E-1);
#1663=CARTESIAN_POINT('',(-3.458333319426E0,4.4E0,-5.510638475418E-1));
#1664=LINE('',#1663,#1662);
#1665=CURVE_STYLE('',#19,POSITIVE_LENGTH_MEASURE(2.E-2),#13);
#1666=PRESENTATION_STYLE_ASSIGNMENT((#1665));
#1667=STYLED_ITEM('',(#1666),#1664);
#1668=DIRECTION('',(0.E0,0.E0,-1.E0));
#1669=VECTOR('',#1668,1.489361524582E-1);
#1670=CARTESIAN_POINT('',(-2.991666638851E0,4.4E0,-5.510638475418E-1));
#1671=LINE('',#1670,#1669);
#1672=CURVE_STYLE('',#19,POSITIVE_LENGTH_MEASURE(2.E-2),#13);
#1673=PRESENTATION_STYLE_ASSIGNMENT((#1672));
#1674=STYLED_ITEM('',(#1673),#1671);
#1675=DIRECTION('',(-9.797706943097E-1,0.E0,2.001234283435E-1));
#1676=VECTOR('',#1675,1.488442944347E-1);
#1677=CARTESIAN_POINT('',(-2.291666722298E0,4.4E0,-7.E-1));
#1678=LINE('',#1677,#1676);
#1679=CURVE_STYLE('',#19,POSITIVE_LENGTH_MEASURE(2.E-2),#13);
#1680=PRESENTATION_STYLE_ASSIGNMENT((#1679));
#1681=STYLED_ITEM('',(#1680),#1678);
#1682=DIRECTION('',(-8.906053746977E-1,0.E0,4.547769415434E-1));
#1683=VECTOR('',#1682,1.309971010867E-1);
#1684=CARTESIAN_POINT('',(-2.4375E0,4.4E0,-6.702127695084E-1));
#1685=LINE('',#1684,#1683);
#1686=CURVE_STYLE('',#19,POSITIVE_LENGTH_MEASURE(2.E-2),#13);
#1687=PRESENTATION_STYLE_ASSIGNMENT((#1686));
#1688=STYLED_ITEM('',(#1687),#1685);
#1689=DIRECTION('',(-6.996244945571E-1,0.E0,7.145107183351E-1));
#1690=VECTOR('',#1689,1.667559616799E-1);
#1691=CARTESIAN_POINT('',(-2.554166722298E0,4.4E0,-6.106383085251E-1));
#1692=LINE('',#1691,#1690);
#1693=CURVE_STYLE('',#19,POSITIVE_LENGTH_MEASURE(2.E-2),#13);
#1694=PRESENTATION_STYLE_ASSIGNMENT((#1693));
#1695=STYLED_ITEM('',(#1694),#1692);
#1696=DIRECTION('',(-4.397136649566E-1,0.E0,8.981380143666E-1));
#1697=VECTOR('',#1696,1.326621522090E-1);
#1698=CARTESIAN_POINT('',(-2.670833277702E0,4.4E0,-4.914893865585E-1));
#1699=LINE('',#1698,#1697);
#1700=CURVE_STYLE('',#19,POSITIVE_LENGTH_MEASURE(2.E-2),#13);
#1701=PRESENTATION_STYLE_ASSIGNMENT((#1700));
#1702=STYLED_ITEM('',(#1701),#1699);
#1703=DIRECTION('',(-1.921831027359E-1,0.E0,9.813590856678E-1));
#1704=VECTOR('',#1703,1.517652794780E-1);
#1705=CARTESIAN_POINT('',(-2.729166638851E0,4.4E0,-3.723404645920E-1));
#1706=LINE('',#1705,#1704);
#1707=CURVE_STYLE('',#19,POSITIVE_LENGTH_MEASURE(2.E-2),#13);
#1708=PRESENTATION_STYLE_ASSIGNMENT((#1707));
#1709=STYLED_ITEM('',(#1708),#1706);
#1710=DIRECTION('',(0.E0,0.E0,1.E0));
#1711=VECTOR('',#1710,4.468084990978E-1);
#1712=CARTESIAN_POINT('',(-2.758333361149E0,4.4E0,-2.234042286873E-1));
#1713=LINE('',#1712,#1711);
#1714=CURVE_STYLE('',#19,POSITIVE_LENGTH_MEASURE(2.E-2),#13);
#1715=PRESENTATION_STYLE_ASSIGNMENT((#1714));
#1716=STYLED_ITEM('',(#1715),#1713);
#1717=DIRECTION('',(1.921832064360E-1,0.E0,9.813590653599E-1));
#1718=VECTOR('',#1717,1.517651975871E-1);
#1719=CARTESIAN_POINT('',(-2.758333361149E0,4.4E0,2.234042704105E-1));
#1720=LINE('',#1719,#1718);
#1721=CURVE_STYLE('',#19,POSITIVE_LENGTH_MEASURE(2.E-2),#13);
#1722=PRESENTATION_STYLE_ASSIGNMENT((#1721));
#1723=STYLED_ITEM('',(#1722),#1720);
#1724=DIRECTION('',(4.397136028534E-1,0.E0,8.981380447713E-1));
#1725=VECTOR('',#1724,1.326621709456E-1);
#1726=CARTESIAN_POINT('',(-2.729166638851E0,4.4E0,3.723404228687E-1));
#1727=LINE('',#1726,#1725);
#1728=CURVE_STYLE('',#19,POSITIVE_LENGTH_MEASURE(2.E-2),#13);
#1729=PRESENTATION_STYLE_ASSIGNMENT((#1728));
#1730=STYLED_ITEM('',(#1729),#1727);
#1731=DIRECTION('',(6.996244632883E-1,0.E0,7.145107489524E-1));
#1732=VECTOR('',#1731,1.667559691328E-1);
#1733=CARTESIAN_POINT('',(-2.670833277702E0,4.4E0,4.914893656969E-1));
#1734=LINE('',#1733,#1732);
#1735=CURVE_STYLE('',#19,POSITIVE_LENGTH_MEASURE(2.E-2),#13);
#1736=PRESENTATION_STYLE_ASSIGNMENT((#1735));
#1737=STYLED_ITEM('',(#1736),#1734);
#1738=DIRECTION('',(8.906053505096E-1,0.E0,4.547769889117E-1));
#1739=VECTOR('',#1738,1.309971046445E-1);
#1740=CARTESIAN_POINT('',(-2.554166722298E0,4.4E0,6.106382980943E-1));
#1741=LINE('',#1740,#1739);
#1742=CURVE_STYLE('',#19,POSITIVE_LENGTH_MEASURE(2.E-2),#13);
#1743=PRESENTATION_STYLE_ASSIGNMENT((#1742));
#1744=STYLED_ITEM('',(#1743),#1741);
#1745=DIRECTION('',(9.797706908745E-1,0.E0,2.001234451615E-1));
#1746=VECTOR('',#1745,1.488442949566E-1);
#1747=CARTESIAN_POINT('',(-2.4375E0,4.4E0,6.702127669007E-1));
#1748=LINE('',#1747,#1746);
#1749=CURVE_STYLE('',#19,POSITIVE_LENGTH_MEASURE(2.E-2),#13);
#1750=PRESENTATION_STYLE_ASSIGNMENT((#1749));
#1751=STYLED_ITEM('',(#1750),#1748);
#1752=DIRECTION('',(1.E0,0.E0,0.E0));
#1753=VECTOR('',#1752,2.333334445953E-1);
#1754=CARTESIAN_POINT('',(-2.291666722298E0,4.4E0,7.E-1));
#1755=LINE('',#1754,#1753);
#1756=CURVE_STYLE('',#19,POSITIVE_LENGTH_MEASURE(2.E-2),#13);
#1757=PRESENTATION_STYLE_ASSIGNMENT((#1756));
#1758=STYLED_ITEM('',(#1757),#1755);
#1759=DIRECTION('',(9.797706908745E-1,0.E0,-2.001234451615E-1));
#1760=VECTOR('',#1759,1.488442949566E-1);
#1761=CARTESIAN_POINT('',(-2.058333277702E0,4.4E0,7.E-1));
#1762=LINE('',#1761,#1760);
#1763=CURVE_STYLE('',#19,POSITIVE_LENGTH_MEASURE(2.E-2),#13);
#1764=PRESENTATION_STYLE_ASSIGNMENT((#1763));
#1765=STYLED_ITEM('',(#1764),#1762);
#1766=DIRECTION('',(8.906053505096E-1,0.E0,-4.547769889117E-1));
#1767=VECTOR('',#1766,1.309971046445E-1);
#1768=CARTESIAN_POINT('',(-1.9125E0,4.4E0,6.702127669007E-1));
#1769=LINE('',#1768,#1767);
#1770=CURVE_STYLE('',#19,POSITIVE_LENGTH_MEASURE(2.E-2),#13);
#1771=PRESENTATION_STYLE_ASSIGNMENT((#1770));
#1772=STYLED_ITEM('',(#1771),#1769);
#1773=DIRECTION('',(6.996244632883E-1,0.E0,-7.145107489524E-1));
#1774=VECTOR('',#1773,1.667559691328E-1);
#1775=CARTESIAN_POINT('',(-1.795833277702E0,4.4E0,6.106382980943E-1));
#1776=LINE('',#1775,#1774);
#1777=CURVE_STYLE('',#19,POSITIVE_LENGTH_MEASURE(2.E-2),#13);
#1778=PRESENTATION_STYLE_ASSIGNMENT((#1777));
#1779=STYLED_ITEM('',(#1778),#1776);
#1780=DIRECTION('',(4.397141102494E-1,0.E0,-8.981377963584E-1));
#1781=VECTOR('',#1780,1.326622076382E-1);
#1782=CARTESIAN_POINT('',(-1.679166722298E0,4.4E0,4.914893656969E-1));
#1783=LINE('',#1782,#1781);
#1784=CURVE_STYLE('',#19,POSITIVE_LENGTH_MEASURE(2.E-2),#13);
#1785=PRESENTATION_STYLE_ASSIGNMENT((#1784));
#1786=STYLED_ITEM('',(#1785),#1783);
#1787=DIRECTION('',(1.921821473726E-1,0.E0,-9.813592727596E-1));
#1788=VECTOR('',#1787,1.517651655131E-1);
#1789=CARTESIAN_POINT('',(-1.620833277702E0,4.4E0,3.723404228687E-1));
#1790=LINE('',#1789,#1788);
#1791=CURVE_STYLE('',#19,POSITIVE_LENGTH_MEASURE(2.E-2),#13);
#1792=PRESENTATION_STYLE_ASSIGNMENT((#1791));
#1793=STYLED_ITEM('',(#1792),#1790);
#1794=DIRECTION('',(0.E0,0.E0,-1.E0));
#1795=VECTOR('',#1794,4.468084990978E-1);
#1796=CARTESIAN_POINT('',(-1.591666722298E0,4.4E0,2.234042704105E-1));
#1797=LINE('',#1796,#1795);
#1798=CURVE_STYLE('',#19,POSITIVE_LENGTH_MEASURE(2.E-2),#13);
#1799=PRESENTATION_STYLE_ASSIGNMENT((#1798));
#1800=STYLED_ITEM('',(#1799),#1797);
#1801=DIRECTION('',(-1.921820436730E-1,0.E0,-9.813592930674E-1));
#1802=VECTOR('',#1801,1.517652474041E-1);
#1803=CARTESIAN_POINT('',(-1.591666722298E0,4.4E0,-2.234042286873E-1));
#1804=LINE('',#1803,#1802);
#1805=CURVE_STYLE('',#19,POSITIVE_LENGTH_MEASURE(2.E-2),#13);
#1806=PRESENTATION_STYLE_ASSIGNMENT((#1805));
#1807=STYLED_ITEM('',(#1806),#1804);
#1808=DIRECTION('',(-4.397141723527E-1,0.E0,-8.981377659536E-1));
#1809=VECTOR('',#1808,1.326621889015E-1);
#1810=CARTESIAN_POINT('',(-1.620833277702E0,4.4E0,-3.723404645920E-1));
#1811=LINE('',#1810,#1809);
#1812=CURVE_STYLE('',#19,POSITIVE_LENGTH_MEASURE(2.E-2),#13);
#1813=PRESENTATION_STYLE_ASSIGNMENT((#1812));
#1814=STYLED_ITEM('',(#1813),#1811);
#1815=DIRECTION('',(-6.996244945571E-1,0.E0,-7.145107183351E-1));
#1816=VECTOR('',#1815,1.667559616799E-1);
#1817=CARTESIAN_POINT('',(-1.679166722298E0,4.4E0,-4.914893865585E-1));
#1818=LINE('',#1817,#1816);
#1819=CURVE_STYLE('',#19,POSITIVE_LENGTH_MEASURE(2.E-2),#13);
#1820=PRESENTATION_STYLE_ASSIGNMENT((#1819));
#1821=STYLED_ITEM('',(#1820),#1818);
#1822=DIRECTION('',(-8.906053746977E-1,0.E0,-4.547769415434E-1));
#1823=VECTOR('',#1822,1.309971010867E-1);
#1824=CARTESIAN_POINT('',(-1.795833277702E0,4.4E0,-6.106383085251E-1));
#1825=LINE('',#1824,#1823);
#1826=CURVE_STYLE('',#19,POSITIVE_LENGTH_MEASURE(2.E-2),#13);
#1827=PRESENTATION_STYLE_ASSIGNMENT((#1826));
#1828=STYLED_ITEM('',(#1827),#1825);
#1829=DIRECTION('',(-9.797706943097E-1,0.E0,-2.001234283435E-1));
#1830=VECTOR('',#1829,1.488442944347E-1);
#1831=CARTESIAN_POINT('',(-1.9125E0,4.4E0,-6.702127695084E-1));
#1832=LINE('',#1831,#1830);
#1833=CURVE_STYLE('',#19,POSITIVE_LENGTH_MEASURE(2.E-2),#13);
#1834=PRESENTATION_STYLE_ASSIGNMENT((#1833));
#1835=STYLED_ITEM('',(#1834),#1832);
#1836=DIRECTION('',(-1.E0,0.E0,0.E0));
#1837=VECTOR('',#1836,2.333334445953E-1);
#1838=CARTESIAN_POINT('',(-2.058333277702E0,4.4E0,-7.E-1));
#1839=LINE('',#1838,#1837);
#1840=CURVE_STYLE('',#19,POSITIVE_LENGTH_MEASURE(2.E-2),#13);
#1841=PRESENTATION_STYLE_ASSIGNMENT((#1840));
#1842=STYLED_ITEM('',(#1841),#1839);
#1843=DIRECTION('',(1.E0,0.E0,0.E0));
#1844=VECTOR('',#1843,2.333334445953E-1);
#1845=CARTESIAN_POINT('',(-2.291666722298E0,4.4E0,-5.212766170502E-1));
#1846=LINE('',#1845,#1844);
#1847=CURVE_STYLE('',#19,POSITIVE_LENGTH_MEASURE(2.E-2),#13);
#1848=PRESENTATION_STYLE_ASSIGNMENT((#1847));
#1849=STYLED_ITEM('',(#1848),#1846);
#1850=DIRECTION('',(9.689176611437E-1,0.E0,2.473834390653E-1));
#1851=VECTOR('',#1850,1.204091535156E-1);
#1852=CARTESIAN_POINT('',(-2.058333277702E0,4.4E0,-5.212766170502E-1));
#1853=LINE('',#1852,#1851);
#1854=CURVE_STYLE('',#19,POSITIVE_LENGTH_MEASURE(2.E-2),#13);
#1855=PRESENTATION_STYLE_ASSIGNMENT((#1854));
#1856=STYLED_ITEM('',(#1855),#1853);
#1857=DIRECTION('',(8.265992787996E-1,0.E0,5.627909312417E-1));
#1858=VECTOR('',#1857,1.058554032700E-1);
#1859=CARTESIAN_POINT('',(-1.941666722298E0,4.4E0,-4.914893865585E-1));
#1860=LINE('',#1859,#1858);
#1861=CURVE_STYLE('',#19,POSITIVE_LENGTH_MEASURE(2.E-2),#13);
#1862=PRESENTATION_STYLE_ASSIGNMENT((#1861));
#1863=STYLED_ITEM('',(#1862),#1860);
#1864=DIRECTION('',(5.466229197794E-1,0.E0,8.373788769559E-1));
#1865=VECTOR('',#1864,1.067160605320E-1);
#1866=CARTESIAN_POINT('',(-1.854166722298E0,4.4E0,-4.319149255753E-1));
#1867=LINE('',#1866,#1865);
#1868=CURVE_STYLE('',#19,POSITIVE_LENGTH_MEASURE(2.E-2),#13);
#1869=PRESENTATION_STYLE_ASSIGNMENT((#1868));
#1870=STYLED_ITEM('',(#1869),#1867);
#1871=DIRECTION('',(2.377704967207E-1,0.E0,9.713213633444E-1));
#1872=VECTOR('',#1871,1.226668396918E-1);
#1873=CARTESIAN_POINT('',(-1.795833277702E0,4.4E0,-3.425531506538E-1));
#1874=LINE('',#1873,#1872);
#1875=CURVE_STYLE('',#19,POSITIVE_LENGTH_MEASURE(2.E-2),#13);
#1876=PRESENTATION_STYLE_ASSIGNMENT((#1875));
#1877=STYLED_ITEM('',(#1876),#1874);
#1878=DIRECTION('',(0.E0,0.E0,1.E0));
#1879=VECTOR('',#1878,4.468084990978E-1);
#1880=CARTESIAN_POINT('',(-1.766666722298E0,4.4E0,-2.234042286873E-1));
#1881=LINE('',#1880,#1879);
#1882=CURVE_STYLE('',#19,POSITIVE_LENGTH_MEASURE(2.E-2),#13);
#1883=PRESENTATION_STYLE_ASSIGNMENT((#1882));
#1884=STYLED_ITEM('',(#1883),#1881);
#1885=DIRECTION('',(-2.377704967207E-1,0.E0,9.713213633444E-1));
#1886=VECTOR('',#1885,1.226668396918E-1);
#1887=CARTESIAN_POINT('',(-1.766666722298E0,4.4E0,2.234042704105E-1));
#1888=LINE('',#1887,#1886);
#1889=CURVE_STYLE('',#19,POSITIVE_LENGTH_MEASURE(2.E-2),#13);
#1890=PRESENTATION_STYLE_ASSIGNMENT((#1889));
#1891=STYLED_ITEM('',(#1890),#1888);
#1892=DIRECTION('',(-5.466232777014E-1,0.E0,8.373786433120E-1));
#1893=VECTOR('',#1892,1.067159906556E-1);
#1894=CARTESIAN_POINT('',(-1.795833277702E0,4.4E0,3.425531923771E-1));
#1895=LINE('',#1894,#1893);
#1896=CURVE_STYLE('',#19,POSITIVE_LENGTH_MEASURE(2.E-2),#13);
#1897=PRESENTATION_STYLE_ASSIGNMENT((#1896));
#1898=STYLED_ITEM('',(#1897),#1895);
#1899=DIRECTION('',(-8.265991871191E-1,0.E0,5.627910658975E-1));
#1900=VECTOR('',#1899,1.058554150107E-1);
#1901=CARTESIAN_POINT('',(-1.854166722298E0,4.4E0,4.319148838520E-1));
#1902=LINE('',#1901,#1900);
#1903=CURVE_STYLE('',#19,POSITIVE_LENGTH_MEASURE(2.E-2),#13);
#1904=PRESENTATION_STYLE_ASSIGNMENT((#1903));
#1905=STYLED_ITEM('',(#1904),#1902);
#1906=DIRECTION('',(-9.689176611437E-1,0.E0,2.473834390653E-1));
#1907=VECTOR('',#1906,1.204091535156E-1);
#1908=CARTESIAN_POINT('',(-1.941666722298E0,4.4E0,4.914893656969E-1));
#1909=LINE('',#1908,#1907);
#1910=CURVE_STYLE('',#19,POSITIVE_LENGTH_MEASURE(2.E-2),#13);
#1911=PRESENTATION_STYLE_ASSIGNMENT((#1910));
#1912=STYLED_ITEM('',(#1911),#1909);
#1913=DIRECTION('',(-1.E0,0.E0,0.E0));
#1914=VECTOR('',#1913,2.333334445953E-1);
#1915=CARTESIAN_POINT('',(-2.058333277702E0,4.4E0,5.212765961885E-1));
#1916=LINE('',#1915,#1914);
#1917=CURVE_STYLE('',#19,POSITIVE_LENGTH_MEASURE(2.E-2),#13);
#1918=PRESENTATION_STYLE_ASSIGNMENT((#1917));
#1919=STYLED_ITEM('',(#1918),#1916);
#1920=DIRECTION('',(-9.689176611437E-1,0.E0,-2.473834390653E-1));
#1921=VECTOR('',#1920,1.204091535156E-1);
#1922=CARTESIAN_POINT('',(-2.291666722298E0,4.4E0,5.212765961885E-1));
#1923=LINE('',#1922,#1921);
#1924=CURVE_STYLE('',#19,POSITIVE_LENGTH_MEASURE(2.E-2),#13);
#1925=PRESENTATION_STYLE_ASSIGNMENT((#1924));
#1926=STYLED_ITEM('',(#1925),#1923);
#1927=DIRECTION('',(-8.265991871191E-1,0.E0,-5.627910658975E-1));
#1928=VECTOR('',#1927,1.058554150107E-1);
#1929=CARTESIAN_POINT('',(-2.408333277702E0,4.4E0,4.914893656969E-1));
#1930=LINE('',#1929,#1928);
#1931=CURVE_STYLE('',#19,POSITIVE_LENGTH_MEASURE(2.E-2),#13);
#1932=PRESENTATION_STYLE_ASSIGNMENT((#1931));
#1933=STYLED_ITEM('',(#1932),#1930);
#1934=DIRECTION('',(-5.466232777014E-1,0.E0,-8.373786433120E-1));
#1935=VECTOR('',#1934,1.067159906556E-1);
#1936=CARTESIAN_POINT('',(-2.495833277702E0,4.4E0,4.319148838520E-1));
#1937=LINE('',#1936,#1935);
#1938=CURVE_STYLE('',#19,POSITIVE_LENGTH_MEASURE(2.E-2),#13);
#1939=PRESENTATION_STYLE_ASSIGNMENT((#1938));
#1940=STYLED_ITEM('',(#1939),#1937);
#1941=DIRECTION('',(-2.377704967206E-1,0.E0,-9.713213633444E-1));
#1942=VECTOR('',#1941,1.226668396918E-1);
#1943=CARTESIAN_POINT('',(-2.554166722298E0,4.4E0,3.425531923771E-1));
#1944=LINE('',#1943,#1942);
#1945=CURVE_STYLE('',#19,POSITIVE_LENGTH_MEASURE(2.E-2),#13);
#1946=PRESENTATION_STYLE_ASSIGNMENT((#1945));
#1947=STYLED_ITEM('',(#1946),#1944);
#1948=DIRECTION('',(0.E0,0.E0,-1.E0));
#1949=VECTOR('',#1948,4.468084990978E-1);
#1950=CARTESIAN_POINT('',(-2.583333277702E0,4.4E0,2.234042704105E-1));
#1951=LINE('',#1950,#1949);
#1952=CURVE_STYLE('',#19,POSITIVE_LENGTH_MEASURE(2.E-2),#13);
#1953=PRESENTATION_STYLE_ASSIGNMENT((#1952));
#1954=STYLED_ITEM('',(#1953),#1951);
#1955=DIRECTION('',(2.377704967206E-1,0.E0,-9.713213633444E-1));
#1956=VECTOR('',#1955,1.226668396918E-1);
#1957=CARTESIAN_POINT('',(-2.583333277702E0,4.4E0,-2.234042286873E-1));
#1958=LINE('',#1957,#1956);
#1959=CURVE_STYLE('',#19,POSITIVE_LENGTH_MEASURE(2.E-2),#13);
#1960=PRESENTATION_STYLE_ASSIGNMENT((#1959));
#1961=STYLED_ITEM('',(#1960),#1958);
#1962=DIRECTION('',(5.466229197794E-1,0.E0,-8.373788769559E-1));
#1963=VECTOR('',#1962,1.067160605320E-1);
#1964=CARTESIAN_POINT('',(-2.554166722298E0,4.4E0,-3.425531506538E-1));
#1965=LINE('',#1964,#1963);
#1966=CURVE_STYLE('',#19,POSITIVE_LENGTH_MEASURE(2.E-2),#13);
#1967=PRESENTATION_STYLE_ASSIGNMENT((#1966));
#1968=STYLED_ITEM('',(#1967),#1965);
#1969=DIRECTION('',(8.265992787996E-1,0.E0,-5.627909312417E-1));
#1970=VECTOR('',#1969,1.058554032700E-1);
#1971=CARTESIAN_POINT('',(-2.495833277702E0,4.4E0,-4.319149255753E-1));
#1972=LINE('',#1971,#1970);
#1973=CURVE_STYLE('',#19,POSITIVE_LENGTH_MEASURE(2.E-2),#13);
#1974=PRESENTATION_STYLE_ASSIGNMENT((#1973));
#1975=STYLED_ITEM('',(#1974),#1972);
#1976=DIRECTION('',(9.689176611437E-1,0.E0,-2.473834390653E-1));
#1977=VECTOR('',#1976,1.204091535156E-1);
#1978=CARTESIAN_POINT('',(-2.408333277702E0,4.4E0,-4.914893865585E-1));
#1979=LINE('',#1978,#1977);
#1980=CURVE_STYLE('',#19,POSITIVE_LENGTH_MEASURE(2.E-2),#13);
#1981=PRESENTATION_STYLE_ASSIGNMENT((#1980));
#1982=STYLED_ITEM('',(#1981),#1979);
#1983=DIRECTION('',(0.E0,0.E0,1.E0));
#1984=VECTOR('',#1983,1.489361733198E-1);
#1985=CARTESIAN_POINT('',(-1.358333277702E0,4.4E0,5.510638266802E-1));
#1986=LINE('',#1985,#1984);
#1987=CURVE_STYLE('',#19,POSITIVE_LENGTH_MEASURE(2.E-2),#13);
#1988=PRESENTATION_STYLE_ASSIGNMENT((#1987));
#1989=STYLED_ITEM('',(#1988),#1986);
#1990=DIRECTION('',(1.E0,0.E0,0.E0));
#1991=VECTOR('',#1990,1.049999833107E0);
#1992=CARTESIAN_POINT('',(-1.358333277702E0,4.4E0,7.E-1));
#1993=LINE('',#1992,#1991);
#1994=CURVE_STYLE('',#19,POSITIVE_LENGTH_MEASURE(2.E-2),#13);
#1995=PRESENTATION_STYLE_ASSIGNMENT((#1994));
#1996=STYLED_ITEM('',(#1995),#1993);
#1997=DIRECTION('',(0.E0,0.E0,-1.E0));
#1998=VECTOR('',#1997,1.489361733198E-1);
#1999=CARTESIAN_POINT('',(-3.083334445953E-1,4.4E0,7.E-1));
#2000=LINE('',#1999,#1998);
#2001=CURVE_STYLE('',#19,POSITIVE_LENGTH_MEASURE(2.E-2),#13);
#2002=PRESENTATION_STYLE_ASSIGNMENT((#2001));
#2003=STYLED_ITEM('',(#2002),#2000);
#2004=DIRECTION('',(-1.E0,0.E0,0.E0));
#2005=VECTOR('',#2004,8.166665554047E-1);
#2006=CARTESIAN_POINT('',(-3.083334445953E-1,4.4E0,5.510638266802E-1));
#2007=LINE('',#2006,#2005);
#2008=CURVE_STYLE('',#19,POSITIVE_LENGTH_MEASURE(2.E-2),#13);
#2009=PRESENTATION_STYLE_ASSIGNMENT((#2008));
#2010=STYLED_ITEM('',(#2009),#2007);
#2011=DIRECTION('',(7.437660397173E-1,0.E0,-6.684400333338E-1));
#2012=VECTOR('',#2011,9.803708645824E-1);
#2013=CARTESIAN_POINT('',(-1.125E0,4.4E0,5.510638266802E-1));
#2014=LINE('',#2013,#2012);
#2015=CURVE_STYLE('',#19,POSITIVE_LENGTH_MEASURE(2.E-2),#13);
#2016=PRESENTATION_STYLE_ASSIGNMENT((#2015));
#2017=STYLED_ITEM('',(#2016),#2014);
#2018=DIRECTION('',(5.466232777014E-1,0.E0,-8.373786433120E-1));
#2019=VECTOR('',#2018,1.067159906556E-1);
#2020=CARTESIAN_POINT('',(-3.958334445953E-1,4.4E0,-1.042553067207E-1));
#2021=LINE('',#2020,#2019);
#2022=CURVE_STYLE('',#19,POSITIVE_LENGTH_MEASURE(2.E-2),#13);
#2023=PRESENTATION_STYLE_ASSIGNMENT((#2022));
#2024=STYLED_ITEM('',(#2023),#2021);
#2025=DIRECTION('',(2.377704967207E-1,0.E0,-9.713213633444E-1));
#2026=VECTOR('',#2025,1.226668396918E-1);
#2027=CARTESIAN_POINT('',(-3.375E-1,4.4E0,-1.936169981956E-1));
#2028=LINE('',#2027,#2026);
#2029=CURVE_STYLE('',#19,POSITIVE_LENGTH_MEASURE(2.E-2),#13);
#2030=PRESENTATION_STYLE_ASSIGNMENT((#2029));
#2031=STYLED_ITEM('',(#2030),#2028);
#2032=DIRECTION('',(0.E0,0.E0,-1.E0));
#2033=VECTOR('',#2032,5.957454442978E-2);
#2034=CARTESIAN_POINT('',(-3.083334445953E-1,4.4E0,-3.127659201622E-1));
#2035=LINE('',#2034,#2033);
#2036=CURVE_STYLE('',#19,POSITIVE_LENGTH_MEASURE(2.E-2),#13);
#2037=PRESENTATION_STYLE_ASSIGNMENT((#2036));
#2038=STYLED_ITEM('',(#2037),#2035);
#2039=DIRECTION('',(-2.377704967207E-1,0.E0,-9.713213633444E-1));
#2040=VECTOR('',#2039,1.226668396918E-1);
#2041=CARTESIAN_POINT('',(-3.083334445953E-1,4.4E0,-3.723404645920E-1));
#2042=LINE('',#2041,#2040);
#2043=CURVE_STYLE('',#19,POSITIVE_LENGTH_MEASURE(2.E-2),#13);
#2044=PRESENTATION_STYLE_ASSIGNMENT((#2043));
#2045=STYLED_ITEM('',(#2044),#2042);
#2046=DIRECTION('',(-6.996244945571E-1,0.E0,-7.145107183351E-1));
#2047=VECTOR('',#2046,1.667559616799E-1);
#2048=CARTESIAN_POINT('',(-3.375E-1,4.4E0,-4.914893865585E-1));
#2049=LINE('',#2048,#2047);
#2050=CURVE_STYLE('',#19,POSITIVE_LENGTH_MEASURE(2.E-2),#13);
#2051=PRESENTATION_STYLE_ASSIGNMENT((#2050));
#2052=STYLED_ITEM('',(#2051),#2049);
#2053=DIRECTION('',(-8.906056381928E-1,0.E0,-4.547764255314E-1));
#2054=VECTOR('',#2053,1.309972497226E-1);
#2055=CARTESIAN_POINT('',(-4.541665554047E-1,4.4E0,-6.106383085251E-1));
#2056=LINE('',#2055,#2054);
#2057=CURVE_STYLE('',#19,POSITIVE_LENGTH_MEASURE(2.E-2),#13);
#2058=PRESENTATION_STYLE_ASSIGNMENT((#2057));
#2059=STYLED_ITEM('',(#2058),#2056);
#2060=DIRECTION('',(-9.858211730931E-1,0.E0,-1.677993286083E-1));
#2061=VECTOR('',#2060,1.775169825689E-1);
#2062=CARTESIAN_POINT('',(-5.708334445953E-1,4.4E0,-6.702127695084E-1));
#2063=LINE('',#2062,#2061);
#2064=CURVE_STYLE('',#19,POSITIVE_LENGTH_MEASURE(2.E-2),#13);
#2065=PRESENTATION_STYLE_ASSIGNMENT((#2064));
#2066=STYLED_ITEM('',(#2065),#2063);
#2067=DIRECTION('',(-1.E0,0.E0,0.E0));
#2068=VECTOR('',#2067,1.166665554047E-1);
#2069=CARTESIAN_POINT('',(-7.458334445953E-1,4.4E0,-7.E-1));
#2070=LINE('',#2069,#2068);
#2071=CURVE_STYLE('',#19,POSITIVE_LENGTH_MEASURE(2.E-2),#13);
#2072=PRESENTATION_STYLE_ASSIGNMENT((#2071));
#2073=STYLED_ITEM('',(#2072),#2070);
#2074=DIRECTION('',(-9.895240227806E-1,0.E0,1.443683079492E-1));
#2075=VECTOR('',#2074,2.063280432858E-1);
#2076=CARTESIAN_POINT('',(-8.625E-1,4.4E0,-7.E-1));
#2077=LINE('',#2076,#2075);
#2078=CURVE_STYLE('',#19,POSITIVE_LENGTH_MEASURE(2.E-2),#13);
#2079=PRESENTATION_STYLE_ASSIGNMENT((#2078));
#2080=STYLED_ITEM('',(#2079),#2077);
#2081=DIRECTION('',(-8.906056381928E-1,0.E0,4.547764255314E-1));
#2082=VECTOR('',#2081,1.309972497226E-1);
#2083=CARTESIAN_POINT('',(-1.066666555405E0,4.4E0,-6.702127695084E-1));
#2084=LINE('',#2083,#2082);
#2085=CURVE_STYLE('',#19,POSITIVE_LENGTH_MEASURE(2.E-2),#13);
#2086=PRESENTATION_STYLE_ASSIGNMENT((#2085));
#2087=STYLED_ITEM('',(#2086),#2084);
#2088=DIRECTION('',(-6.996244945571E-1,0.E0,7.145107183351E-1));
#2089=VECTOR('',#2088,1.667559616799E-1);
#2090=CARTESIAN_POINT('',(-1.183333444595E0,4.4E0,-6.106383085251E-1));
#2091=LINE('',#2090,#2089);
#2092=CURVE_STYLE('',#19,POSITIVE_LENGTH_MEASURE(2.E-2),#13);
#2093=PRESENTATION_STYLE_ASSIGNMENT((#2092));
#2094=STYLED_ITEM('',(#2093),#2091);
#2095=DIRECTION('',(-2.377717803411E-1,0.E0,9.713210491251E-1));
#2096=VECTOR('',#2095,1.226668793741E-1);
#2097=CARTESIAN_POINT('',(-1.3E0,4.4E0,-4.914893865585E-1));
#2098=LINE('',#2097,#2096);
#2099=CURVE_STYLE('',#19,POSITIVE_LENGTH_MEASURE(2.E-2),#13);
#2100=PRESENTATION_STYLE_ASSIGNMENT((#2099));
#2101=STYLED_ITEM('',(#2100),#2098);
#2102=DIRECTION('',(1.E0,0.E0,0.E0));
#2103=VECTOR('',#2102,1.458332777023E-1);
#2104=CARTESIAN_POINT('',(-1.329166722298E0,4.4E0,-3.723404645920E-1));
#2105=LINE('',#2104,#2103);
#2106=CURVE_STYLE('',#19,POSITIVE_LENGTH_MEASURE(2.E-2),#13);
#2107=PRESENTATION_STYLE_ASSIGNMENT((#2106));
#2108=STYLED_ITEM('',(#2107),#2105);
#2109=DIRECTION('',(5.466232777014E-1,0.E0,-8.373786433120E-1));
#2110=VECTOR('',#2109,1.067159906556E-1);
#2111=CARTESIAN_POINT('',(-1.183333444595E0,4.4E0,-3.723404645920E-1));
#2112=LINE('',#2111,#2110);
#2113=CURVE_STYLE('',#19,POSITIVE_LENGTH_MEASURE(2.E-2),#13);
#2114=PRESENTATION_STYLE_ASSIGNMENT((#2113));
#2115=STYLED_ITEM('',(#2114),#2112);
#2116=DIRECTION('',(8.265992787996E-1,0.E0,-5.627909312417E-1));
#2117=VECTOR('',#2116,1.058554032700E-1);
#2118=CARTESIAN_POINT('',(-1.125E0,4.4E0,-4.617021560669E-1));
#2119=LINE('',#2118,#2117);
#2120=CURVE_STYLE('',#19,POSITIVE_LENGTH_MEASURE(2.E-2),#13);
#2121=PRESENTATION_STYLE_ASSIGNMENT((#2120));
#2122=STYLED_ITEM('',(#2121),#2119);
#2123=DIRECTION('',(9.797707392153E-1,0.E0,-2.001232084928E-1));
#2124=VECTOR('',#2123,1.488444579516E-1);
#2125=CARTESIAN_POINT('',(-1.0375E0,4.4E0,-5.212766170502E-1));
#2126=LINE('',#2125,#2124);
#2127=CURVE_STYLE('',#19,POSITIVE_LENGTH_MEASURE(2.E-2),#13);
#2128=PRESENTATION_STYLE_ASSIGNMENT((#2127));
#2129=STYLED_ITEM('',(#2128),#2126);
#2130=DIRECTION('',(1.E0,0.E0,0.E0));
#2131=VECTOR('',#2130,1.166665554047E-1);
#2132=CARTESIAN_POINT('',(-8.916665554047E-1,4.4E0,-5.510638475418E-1));
#2133=LINE('',#2132,#2131);
#2134=CURVE_STYLE('',#19,POSITIVE_LENGTH_MEASURE(2.E-2),#13);
#2135=PRESENTATION_STYLE_ASSIGNMENT((#2134));
#2136=STYLED_ITEM('',(#2135),#2133);
#2137=DIRECTION('',(9.797707392153E-1,0.E0,2.001232084928E-1));
#2138=VECTOR('',#2137,1.488444579516E-1);
#2139=CARTESIAN_POINT('',(-7.75E-1,4.4E0,-5.510638475418E-1));
#2140=LINE('',#2139,#2138);
#2141=CURVE_STYLE('',#19,POSITIVE_LENGTH_MEASURE(2.E-2),#13);
#2142=PRESENTATION_STYLE_ASSIGNMENT((#2141));
#2143=STYLED_ITEM('',(#2142),#2140);
#2144=DIRECTION('',(8.265992787996E-1,0.E0,5.627909312417E-1));
#2145=VECTOR('',#2144,1.058554032700E-1);
#2146=CARTESIAN_POINT('',(-6.291665554047E-1,4.4E0,-5.212766170502E-1));
#2147=LINE('',#2146,#2145);
#2148=CURVE_STYLE('',#19,POSITIVE_LENGTH_MEASURE(2.E-2),#13);
#2149=PRESENTATION_STYLE_ASSIGNMENT((#2148));
#2150=STYLED_ITEM('',(#2149),#2147);
#2151=DIRECTION('',(5.466210844748E-1,0.E0,8.373800750004E-1));
#2152=VECTOR('',#2151,1.067158082008E-1);
#2153=CARTESIAN_POINT('',(-5.416665554047E-1,4.4E0,-4.617021560669E-1));
#2154=LINE('',#2153,#2152);
#2155=CURVE_STYLE('',#19,POSITIVE_LENGTH_MEASURE(2.E-2),#13);
#2156=PRESENTATION_STYLE_ASSIGNMENT((#2155));
#2157=STYLED_ITEM('',(#2156),#2154);
#2158=DIRECTION('',(0.E0,0.E0,1.E0));
#2159=VECTOR('',#2158,5.957454442978E-2);
#2160=CARTESIAN_POINT('',(-4.833334445953E-1,4.4E0,-3.723404645920E-1));
#2161=LINE('',#2160,#2159);
#2162=CURVE_STYLE('',#19,POSITIVE_LENGTH_MEASURE(2.E-2),#13);
#2163=PRESENTATION_STYLE_ASSIGNMENT((#2162));
#2164=STYLED_ITEM('',(#2163),#2161);
#2165=DIRECTION('',(-4.397121427660E-1,0.E0,8.981387596046E-1));
#2166=VECTOR('',#2165,1.326620421314E-1);
#2167=CARTESIAN_POINT('',(-4.833334445953E-1,4.4E0,-3.127659201622E-1));
#2168=LINE('',#2167,#2166);
#2169=CURVE_STYLE('',#19,POSITIVE_LENGTH_MEASURE(2.E-2),#13);
#2170=PRESENTATION_STYLE_ASSIGNMENT((#2169));
#2171=STYLED_ITEM('',(#2170),#2168);
#2172=DIRECTION('',(-7.389229891797E-1,0.E0,6.737898901451E-1));
#2173=VECTOR('',#2172,1.105212226790E0);
#2174=CARTESIAN_POINT('',(-5.416665554047E-1,4.4E0,-1.936169981956E-1));
#2175=LINE('',#2174,#2173);
#2176=CURVE_STYLE('',#19,POSITIVE_LENGTH_MEASURE(2.E-2),#13);
#2177=PRESENTATION_STYLE_ASSIGNMENT((#2176));
#2178=STYLED_ITEM('',(#2177),#2175);
#2179=DIRECTION('',(-6.996248351869E-1,0.E0,-7.145103848018E-1));
#2180=VECTOR('',#2179,1.250670296411E-1);
#2181=CARTESIAN_POINT('',(9.166665554047E-1,4.4E0,1.489361524582E-2));
#2182=LINE('',#2181,#2180);
#2183=CURVE_STYLE('',#19,POSITIVE_LENGTH_MEASURE(2.E-2),#13);
#2184=PRESENTATION_STYLE_ASSIGNMENT((#2183));
#2185=STYLED_ITEM('',(#2184),#2182);
#2186=DIRECTION('',(-8.526530674474E-1,0.E0,-5.224775081977E-1));
#2187=VECTOR('',#2186,1.710345231571E-1);
#2188=CARTESIAN_POINT('',(8.291665554047E-1,4.4E0,-7.446807622910E-2));
#2189=LINE('',#2188,#2187);
#2190=CURVE_STYLE('',#19,POSITIVE_LENGTH_MEASURE(2.E-2),#13);
#2191=PRESENTATION_STYLE_ASSIGNMENT((#2190));
#2192=STYLED_ITEM('',(#2191),#2189);
#2193=DIRECTION('',(-9.797707392153E-1,0.E0,-2.001232084928E-1));
#2194=VECTOR('',#2193,1.488444579516E-1);
#2195=CARTESIAN_POINT('',(6.833334445953E-1,4.4E0,-1.638297677040E-1));
#2196=LINE('',#2195,#2194);
#2197=CURVE_STYLE('',#19,POSITIVE_LENGTH_MEASURE(2.E-2),#13);
#2198=PRESENTATION_STYLE_ASSIGNMENT((#2197));
#2199=STYLED_ITEM('',(#2198),#2196);
#2200=DIRECTION('',(-1.E0,0.E0,0.E0));
#2201=VECTOR('',#2200,1.458334445953E-1);
#2202=CARTESIAN_POINT('',(5.375E-1,4.4E0,-1.936169981956E-1));
#2203=LINE('',#2202,#2201);
#2204=CURVE_STYLE('',#19,POSITIVE_LENGTH_MEASURE(2.E-2),#13);
#2205=PRESENTATION_STYLE_ASSIGNMENT((#2204));
#2206=STYLED_ITEM('',(#2205),#2203);
#2207=DIRECTION('',(-9.797706494039E-1,0.E0,2.001236481946E-1));
#2208=VECTOR('',#2207,1.488441309178E-1);
#2209=CARTESIAN_POINT('',(3.916665554047E-1,4.4E0,-1.936169981956E-1));
#2210=LINE('',#2209,#2208);
#2211=CURVE_STYLE('',#19,POSITIVE_LENGTH_MEASURE(2.E-2),#13);
#2212=PRESENTATION_STYLE_ASSIGNMENT((#2211));
#2213=STYLED_ITEM('',(#2212),#2210);
#2214=DIRECTION('',(-8.265992787996E-1,0.E0,5.627909312417E-1));
#2215=VECTOR('',#2214,2.117108065399E-1);
#2216=CARTESIAN_POINT('',(2.458334445953E-1,4.4E0,-1.638297677040E-1));
#2217=LINE('',#2216,#2215);
#2218=CURVE_STYLE('',#19,POSITIVE_LENGTH_MEASURE(2.E-2),#13);
#2219=PRESENTATION_STYLE_ASSIGNMENT((#2218));
#2220=STYLED_ITEM('',(#2219),#2217);
#2221=DIRECTION('',(0.E0,0.E0,-1.E0));
#2222=VECTOR('',#2221,5.957446098328E-2);
#2223=CARTESIAN_POINT('',(7.083344459534E-2,4.4E0,-4.468084573746E-2));
#2224=LINE('',#2223,#2222);
#2225=CURVE_STYLE('',#19,POSITIVE_LENGTH_MEASURE(2.E-2),#13);
#2226=PRESENTATION_STYLE_ASSIGNMENT((#2225));
#2227=STYLED_ITEM('',(#2226),#2224);
#2228=DIRECTION('',(1.610631980374E-1,0.E0,-9.869440947885E-1));
#2229=VECTOR('',#2228,1.810876460922E-1);
#2230=CARTESIAN_POINT('',(7.083344459534E-2,4.4E0,-1.042553067207E-1));
#2231=LINE('',#2230,#2229);
#2232=CURVE_STYLE('',#19,POSITIVE_LENGTH_MEASURE(2.E-2),#13);
#2233=PRESENTATION_STYLE_ASSIGNMENT((#2232));
#2234=STYLED_ITEM('',(#2233),#2231);
#2235=DIRECTION('',(3.102787334496E-1,0.E0,-9.506456267027E-1));
#2236=VECTOR('',#2235,9.400114239348E-2);
#2237=CARTESIAN_POINT('',(1.E-1,4.4E0,-2.829786896706E-1));
#2238=LINE('',#2237,#2236);
#2239=CURVE_STYLE('',#19,POSITIVE_LENGTH_MEASURE(2.E-2),#13);
#2240=PRESENTATION_STYLE_ASSIGNMENT((#2239));
#2241=STYLED_ITEM('',(#2240),#2238);
#2242=DIRECTION('',(5.466232777014E-1,0.E0,-8.373786433120E-1));
#2243=VECTOR('',#2242,1.067159906556E-1);
#2244=CARTESIAN_POINT('',(1.291665554047E-1,4.4E0,-3.723404645920E-1));
#2245=LINE('',#2244,#2243);
#2246=CURVE_STYLE('',#19,POSITIVE_LENGTH_MEASURE(2.E-2),#13);
#2247=PRESENTATION_STYLE_ASSIGNMENT((#2246));
#2248=STYLED_ITEM('',(#2247),#2245);
#2249=DIRECTION('',(8.265992787996E-1,0.E0,-5.627909312417E-1));
#2250=VECTOR('',#2249,1.058554032700E-1);
#2251=CARTESIAN_POINT('',(1.875E-1,4.4E0,-4.617021560669E-1));
#2252=LINE('',#2251,#2250);
#2253=CURVE_STYLE('',#19,POSITIVE_LENGTH_MEASURE(2.E-2),#13);
#2254=PRESENTATION_STYLE_ASSIGNMENT((#2253));
#2255=STYLED_ITEM('',(#2254),#2252);
#2256=DIRECTION('',(9.466499177700E-1,0.E0,-3.222637633772E-1));
#2257=VECTOR('',#2256,9.243121280369E-2);
#2258=CARTESIAN_POINT('',(2.75E-1,4.4E0,-5.212766170502E-1));
#2259=LINE('',#2258,#2257);
#2260=CURVE_STYLE('',#19,POSITIVE_LENGTH_MEASURE(2.E-2),#13);
#2261=PRESENTATION_STYLE_ASSIGNMENT((#2260));
#2262=STYLED_ITEM('',(#2261),#2259);
#2263=DIRECTION('',(1.E0,0.E0,0.E0));
#2264=VECTOR('',#2263,1.75E-1);
#2265=CARTESIAN_POINT('',(3.625E-1,4.4E0,-5.510638475418E-1));
#2266=LINE('',#2265,#2264);
#2267=CURVE_STYLE('',#19,POSITIVE_LENGTH_MEASURE(2.E-2),#13);
#2268=PRESENTATION_STYLE_ASSIGNMENT((#2267));
#2269=STYLED_ITEM('',(#2268),#2266);
#2270=DIRECTION('',(9.466499177700E-1,0.E0,3.222637633772E-1));
#2271=VECTOR('',#2270,9.243121280370E-2);
#2272=CARTESIAN_POINT('',(5.375E-1,4.4E0,-5.510638475418E-1));
#2273=LINE('',#2272,#2271);
#2274=CURVE_STYLE('',#19,POSITIVE_LENGTH_MEASURE(2.E-2),#13);
#2275=PRESENTATION_STYLE_ASSIGNMENT((#2274));
#2276=STYLED_ITEM('',(#2275),#2273);
#2277=DIRECTION('',(8.265992787996E-1,0.E0,5.627909312417E-1));
#2278=VECTOR('',#2277,1.058554032700E-1);
#2279=CARTESIAN_POINT('',(6.25E-1,4.4E0,-5.212766170502E-1));
#2280=LINE('',#2279,#2278);
#2281=CURVE_STYLE('',#19,POSITIVE_LENGTH_MEASURE(2.E-2),#13);
#2282=PRESENTATION_STYLE_ASSIGNMENT((#2281));
#2283=STYLED_ITEM('',(#2282),#2280);
#2284=DIRECTION('',(5.466232777014E-1,0.E0,8.373786433120E-1));
#2285=VECTOR('',#2284,1.067159906556E-1);
#2286=CARTESIAN_POINT('',(7.125E-1,4.4E0,-4.617021560669E-1));
#2287=LINE('',#2286,#2285);
#2288=CURVE_STYLE('',#19,POSITIVE_LENGTH_MEASURE(2.E-2),#13);
#2289=PRESENTATION_STYLE_ASSIGNMENT((#2288));
#2290=STYLED_ITEM('',(#2289),#2287);
#2291=DIRECTION('',(1.E0,0.E0,0.E0));
#2292=VECTOR('',#2291,1.458331108093E-1);
#2293=CARTESIAN_POINT('',(7.708334445953E-1,4.4E0,-3.723404645920E-1));
#2294=LINE('',#2293,#2292);
#2295=CURVE_STYLE('',#19,POSITIVE_LENGTH_MEASURE(2.E-2),#13);
#2296=PRESENTATION_STYLE_ASSIGNMENT((#2295));
#2297=STYLED_ITEM('',(#2296),#2294);
#2298=DIRECTION('',(-3.102789952956E-1,0.E0,-9.506455412394E-1));
#2299=VECTOR('',#2298,9.400106306543E-2);
#2300=CARTESIAN_POINT('',(9.166665554047E-1,4.4E0,-3.723404645920E-1));
#2301=LINE('',#2300,#2299);
#2302=CURVE_STYLE('',#19,POSITIVE_LENGTH_MEASURE(2.E-2),#13);
#2303=PRESENTATION_STYLE_ASSIGNMENT((#2302));
#2304=STYLED_ITEM('',(#2303),#2301);
#2305=DIRECTION('',(-5.919095487496E-1,0.E0,-8.060043958311E-1));
#2306=VECTOR('',#2305,1.478266403792E-1);
#2307=CARTESIAN_POINT('',(8.875E-1,4.4E0,-4.617021560669E-1));
#2308=LINE('',#2307,#2306);
#2309=CURVE_STYLE('',#19,POSITIVE_LENGTH_MEASURE(2.E-2),#13);
#2310=PRESENTATION_STYLE_ASSIGNMENT((#2309));
#2311=STYLED_ITEM('',(#2310),#2308);
#2312=DIRECTION('',(-8.526536001913E-1,0.E0,-5.224766387895E-1));
#2313=VECTOR('',#2312,1.710348077609E-1);
#2314=CARTESIAN_POINT('',(8.E-1,4.4E0,-5.808510780334E-1));
#2315=LINE('',#2314,#2313);
#2316=CURVE_STYLE('',#19,POSITIVE_LENGTH_MEASURE(2.E-2),#13);
#2317=PRESENTATION_STYLE_ASSIGNMENT((#2316));
#2318=STYLED_ITEM('',(#2317),#2315);
#2319=DIRECTION('',(-9.797706494039E-1,0.E0,-2.001236481946E-1));
#2320=VECTOR('',#2319,1.488441309178E-1);
#2321=CARTESIAN_POINT('',(6.541665554047E-1,4.4E0,-6.702127695084E-1));
#2322=LINE('',#2321,#2320);
#2323=CURVE_STYLE('',#19,POSITIVE_LENGTH_MEASURE(2.E-2),#13);
#2324=PRESENTATION_STYLE_ASSIGNMENT((#2323));
#2325=STYLED_ITEM('',(#2324),#2322);
#2326=DIRECTION('',(-1.E0,0.E0,0.E0));
#2327=VECTOR('',#2326,1.166668891907E-1);
#2328=CARTESIAN_POINT('',(5.083334445953E-1,4.4E0,-7.E-1));
#2329=LINE('',#2328,#2327);
#2330=CURVE_STYLE('',#19,POSITIVE_LENGTH_MEASURE(2.E-2),#13);
#2331=PRESENTATION_STYLE_ASSIGNMENT((#2330));
#2332=STYLED_ITEM('',(#2331),#2329);
#2333=DIRECTION('',(-9.797706494039E-1,0.E0,2.001236481946E-1));
#2334=VECTOR('',#2333,1.488441309178E-1);
#2335=CARTESIAN_POINT('',(3.916665554047E-1,4.4E0,-7.E-1));
#2336=LINE('',#2335,#2334);
#2337=CURVE_STYLE('',#19,POSITIVE_LENGTH_MEASURE(2.E-2),#13);
#2338=PRESENTATION_STYLE_ASSIGNMENT((#2337));
#2339=STYLED_ITEM('',(#2338),#2336);
#2340=DIRECTION('',(-8.526536001913E-1,0.E0,5.224766387895E-1));
#2341=VECTOR('',#2340,1.710348077609E-1);
#2342=CARTESIAN_POINT('',(2.458334445953E-1,4.4E0,-6.702127695084E-1));
#2343=LINE('',#2342,#2341);
#2344=CURVE_STYLE('',#19,POSITIVE_LENGTH_MEASURE(2.E-2),#13);
#2345=PRESENTATION_STYLE_ASSIGNMENT((#2344));
#2346=STYLED_ITEM('',(#2345),#2343);
#2347=DIRECTION('',(-5.919095487496E-1,0.E0,8.060043958311E-1));
#2348=VECTOR('',#2347,1.478266403792E-1);
#2349=CARTESIAN_POINT('',(1.E-1,4.4E0,-5.808510780334E-1));
#2350=LINE('',#2349,#2348);
#2351=CURVE_STYLE('',#19,POSITIVE_LENGTH_MEASURE(2.E-2),#13);
#2352=PRESENTATION_STYLE_ASSIGNMENT((#2351));
#2353=STYLED_ITEM('',(#2352),#2350);
#2354=DIRECTION('',(-3.646923618345E-1,0.E0,9.311280691825E-1));
#2355=VECTOR('',#2354,1.599524714527E-1);
#2356=CARTESIAN_POINT('',(1.25E-2,4.4E0,-4.617021560669E-1));
#2357=LINE('',#2356,#2355);
#2358=CURVE_STYLE('',#19,POSITIVE_LENGTH_MEASURE(2.E-2),#13);
#2359=PRESENTATION_STYLE_ASSIGNMENT((#2358));
#2360=STYLED_ITEM('',(#2359),#2357);
#2361=DIRECTION('',(-1.385317081299E-1,0.E0,9.903579988280E-1));
#2362=VECTOR('',#2361,2.105406466028E-1);
#2363=CARTESIAN_POINT('',(-4.583344459534E-2,4.4E0,-3.127659201622E-1));
#2364=LINE('',#2363,#2362);
#2365=CURVE_STYLE('',#19,POSITIVE_LENGTH_MEASURE(2.E-2),#13);
#2366=PRESENTATION_STYLE_ASSIGNMENT((#2365));
#2367=STYLED_ITEM('',(#2366),#2364);
#2368=DIRECTION('',(0.E0,0.E0,1.E0));
#2369=VECTOR('',#2368,2.085106134415E-1);
#2370=CARTESIAN_POINT('',(-7.5E-2,4.4E0,-1.042553067207E-1));
#2371=LINE('',#2370,#2369);
#2372=CURVE_STYLE('',#19,POSITIVE_LENGTH_MEASURE(2.E-2),#13);
#2373=PRESENTATION_STYLE_ASSIGNMENT((#2372));
#2374=STYLED_ITEM('',(#2373),#2371);
#2375=DIRECTION('',(1.385316809416E-1,0.E0,9.903580026311E-1));
#2376=VECTOR('',#2375,2.105406879237E-1);
#2377=CARTESIAN_POINT('',(-7.5E-2,4.4E0,1.042553067207E-1));
#2378=LINE('',#2377,#2376);
#2379=CURVE_STYLE('',#19,POSITIVE_LENGTH_MEASURE(2.E-2),#13);
#2380=PRESENTATION_STYLE_ASSIGNMENT((#2379));
#2381=STYLED_ITEM('',(#2380),#2378);
#2382=DIRECTION('',(3.646924947007E-1,0.E0,9.311280171432E-1));
#2383=VECTOR('',#2382,1.599524131781E-1);
#2384=CARTESIAN_POINT('',(-4.583344459534E-2,4.4E0,3.127659618855E-1));
#2385=LINE('',#2384,#2383);
#2386=CURVE_STYLE('',#19,POSITIVE_LENGTH_MEASURE(2.E-2),#13);
#2387=PRESENTATION_STYLE_ASSIGNMENT((#2386));
#2388=STYLED_ITEM('',(#2387),#2385);
#2389=DIRECTION('',(5.919095150862E-1,0.E0,8.060044205527E-1));
#2390=VECTOR('',#2389,1.478266487864E-1);
#2391=CARTESIAN_POINT('',(1.25E-2,4.4E0,4.617021352053E-1));
#2392=LINE('',#2391,#2390);
#2393=CURVE_STYLE('',#19,POSITIVE_LENGTH_MEASURE(2.E-2),#13);
#2394=PRESENTATION_STYLE_ASSIGNMENT((#2393));
#2395=STYLED_ITEM('',(#2394),#2392);
#2396=DIRECTION('',(8.526535798146E-1,0.E0,5.224766720432E-1));
#2397=VECTOR('',#2396,1.710348118483E-1);
#2398=CARTESIAN_POINT('',(1.E-1,4.4E0,5.808510676026E-1));
#2399=LINE('',#2398,#2397);
#2400=CURVE_STYLE('',#19,POSITIVE_LENGTH_MEASURE(2.E-2),#13);
#2401=PRESENTATION_STYLE_ASSIGNMENT((#2400));
#2402=STYLED_ITEM('',(#2401),#2399);
#2403=DIRECTION('',(9.797706459687E-1,0.E0,2.001236650127E-1));
#2404=VECTOR('',#2403,1.488441314397E-1);
#2405=CARTESIAN_POINT('',(2.458334445953E-1,4.4E0,6.702127669007E-1));
#2406=LINE('',#2405,#2404);
#2407=CURVE_STYLE('',#19,POSITIVE_LENGTH_MEASURE(2.E-2),#13);
#2408=PRESENTATION_STYLE_ASSIGNMENT((#2407));
#2409=STYLED_ITEM('',(#2408),#2406);
#2410=DIRECTION('',(1.E0,0.E0,0.E0));
#2411=VECTOR('',#2410,1.458334445953E-1);
#2412=CARTESIAN_POINT('',(3.916665554047E-1,4.4E0,7.E-1));
#2413=LINE('',#2412,#2411);
#2414=CURVE_STYLE('',#19,POSITIVE_LENGTH_MEASURE(2.E-2),#13);
#2415=PRESENTATION_STYLE_ASSIGNMENT((#2414));
#2416=STYLED_ITEM('',(#2415),#2413);
#2417=DIRECTION('',(9.797707357802E-1,0.E0,-2.001232253108E-1));
#2418=VECTOR('',#2417,1.488444584735E-1);
#2419=CARTESIAN_POINT('',(5.375E-1,4.4E0,7.E-1));
#2420=LINE('',#2419,#2418);
#2421=CURVE_STYLE('',#19,POSITIVE_LENGTH_MEASURE(2.E-2),#13);
#2422=PRESENTATION_STYLE_ASSIGNMENT((#2421));
#2423=STYLED_ITEM('',(#2422),#2420);
#2424=DIRECTION('',(8.526530470707E-1,0.E0,-5.224775414514E-1));
#2425=VECTOR('',#2424,1.710345272445E-1);
#2426=CARTESIAN_POINT('',(6.833334445953E-1,4.4E0,6.702127669007E-1));
#2427=LINE('',#2426,#2425);
#2428=CURVE_STYLE('',#19,POSITIVE_LENGTH_MEASURE(2.E-2),#13);
#2429=PRESENTATION_STYLE_ASSIGNMENT((#2428));
#2430=STYLED_ITEM('',(#2429),#2427);
#2431=DIRECTION('',(5.919095150862E-1,0.E0,-8.060044205527E-1));
#2432=VECTOR('',#2431,1.478266487864E-1);
#2433=CARTESIAN_POINT('',(8.291665554047E-1,4.4E0,5.808510676026E-1));
#2434=LINE('',#2433,#2432);
#2435=CURVE_STYLE('',#19,POSITIVE_LENGTH_MEASURE(2.E-2),#13);
#2436=PRESENTATION_STYLE_ASSIGNMENT((#2435));
#2437=STYLED_ITEM('',(#2436),#2434);
#2438=DIRECTION('',(3.646924947007E-1,0.E0,-9.311280171432E-1));
#2439=VECTOR('',#2438,1.599524131781E-1);
#2440=CARTESIAN_POINT('',(9.166665554047E-1,4.4E0,4.617021352053E-1));
#2441=LINE('',#2440,#2439);
#2442=CURVE_STYLE('',#19,POSITIVE_LENGTH_MEASURE(2.E-2),#13);
#2443=PRESENTATION_STYLE_ASSIGNMENT((#2442));
#2444=STYLED_ITEM('',(#2443),#2441);
#2445=DIRECTION('',(0.E0,0.E0,-1.E0));
#2446=VECTOR('',#2445,1.489361941814E-1);
#2447=CARTESIAN_POINT('',(9.75E-1,4.4E0,3.127659618855E-1));
#2448=LINE('',#2447,#2446);
#2449=CURVE_STYLE('',#19,POSITIVE_LENGTH_MEASURE(2.E-2),#13);
#2450=PRESENTATION_STYLE_ASSIGNMENT((#2449));
#2451=STYLED_ITEM('',(#2450),#2448);
#2452=DIRECTION('',(-3.646925389895E-1,0.E0,-9.311279997967E-1));
#2453=VECTOR('',#2452,1.599523937533E-1);
#2454=CARTESIAN_POINT('',(9.75E-1,4.4E0,1.638297677040E-1));
#2455=LINE('',#2454,#2453);
#2456=CURVE_STYLE('',#19,POSITIVE_LENGTH_MEASURE(2.E-2),#13);
#2457=PRESENTATION_STYLE_ASSIGNMENT((#2456));
#2458=STYLED_ITEM('',(#2457),#2455);
#2459=DIRECTION('',(1.E0,0.E0,0.E0));
#2460=VECTOR('',#2459,2.333331108093E-1);
#2461=CARTESIAN_POINT('',(1.616666889191E0,4.4E0,7.E-1));
#2462=LINE('',#2461,#2460);
#2463=CURVE_STYLE('',#19,POSITIVE_LENGTH_MEASURE(2.E-2),#13);
#2464=PRESENTATION_STYLE_ASSIGNMENT((#2463));
#2465=STYLED_ITEM('',(#2464),#2462);
#2466=DIRECTION('',(9.689178256004E-1,0.E0,-2.473827949428E-1));
#2467=VECTOR('',#2466,1.204094775719E-1);
#2468=CARTESIAN_POINT('',(1.85E0,4.4E0,7.E-1));
#2469=LINE('',#2468,#2467);
#2470=CURVE_STYLE('',#19,POSITIVE_LENGTH_MEASURE(2.E-2),#13);
#2471=PRESENTATION_STYLE_ASSIGNMENT((#2470));
#2472=STYLED_ITEM('',(#2471),#2469);
#2473=DIRECTION('',(8.906045600187E-1,0.E0,-4.547785369538E-1));
#2474=VECTOR('',#2473,1.309966587373E-1);
#2475=CARTESIAN_POINT('',(1.966666889191E0,4.4E0,6.702127669007E-1));
#2476=LINE('',#2475,#2474);
#2477=CURVE_STYLE('',#19,POSITIVE_LENGTH_MEASURE(2.E-2),#13);
#2478=PRESENTATION_STYLE_ASSIGNMENT((#2477));
#2479=STYLED_ITEM('',(#2478),#2476);
#2480=DIRECTION('',(8.265992329593E-1,0.E0,-5.627909985696E-1));
#2481=VECTOR('',#2480,1.058554091403E-1);
#2482=CARTESIAN_POINT('',(2.083333110809E0,4.4E0,6.106382980943E-1));
#2483=LINE('',#2482,#2481);
#2484=CURVE_STYLE('',#19,POSITIVE_LENGTH_MEASURE(2.E-2),#13);
#2485=PRESENTATION_STYLE_ASSIGNMENT((#2484));
#2486=STYLED_ITEM('',(#2485),#2483);
#2487=DIRECTION('',(5.466254709167E-1,0.E0,-8.373772116227E-1));
#2488=VECTOR('',#2487,1.067161731112E-1);
#2489=CARTESIAN_POINT('',(2.170833110809E0,4.4E0,5.510638266802E-1));
#2490=LINE('',#2489,#2488);
#2491=CURVE_STYLE('',#19,POSITIVE_LENGTH_MEASURE(2.E-2),#13);
#2492=PRESENTATION_STYLE_ASSIGNMENT((#2491));
#2493=STYLED_ITEM('',(#2492),#2490);
#2494=DIRECTION('',(3.102757208080E-1,0.E0,-9.506466099856E-1));
#2495=VECTOR('',#2494,9.400097933121E-2);
#2496=CARTESIAN_POINT('',(2.229166889191E0,4.4E0,4.617021352053E-1));
#2497=LINE('',#2496,#2495);
#2498=CURVE_STYLE('',#19,POSITIVE_LENGTH_MEASURE(2.E-2),#13);
#2499=PRESENTATION_STYLE_ASSIGNMENT((#2498));
#2500=STYLED_ITEM('',(#2499),#2497);
#2501=DIRECTION('',(0.E0,0.E0,-1.E0));
#2502=VECTOR('',#2501,1.191489219666E-1);
#2503=CARTESIAN_POINT('',(2.258333110809E0,4.4E0,3.723404228687E-1));
#2504=LINE('',#2503,#2502);
#2505=CURVE_STYLE('',#19,POSITIVE_LENGTH_MEASURE(2.E-2),#13);
#2506=PRESENTATION_STYLE_ASSIGNMENT((#2505));
#2507=STYLED_ITEM('',(#2506),#2504);
#2508=DIRECTION('',(-2.377678509221E-1,0.E0,-9.713220110076E-1));
#2509=VECTOR('',#2508,1.226668008544E-1);
#2510=CARTESIAN_POINT('',(2.258333110809E0,4.4E0,2.531915009022E-1));
#2511=LINE('',#2510,#2509);
#2512=CURVE_STYLE('',#19,POSITIVE_LENGTH_MEASURE(2.E-2),#13);
#2513=PRESENTATION_STYLE_ASSIGNMENT((#2512));
#2514=STYLED_ITEM('',(#2513),#2511);
#2515=DIRECTION('',(-5.466254709167E-1,0.E0,-8.373772116227E-1));
#2516=VECTOR('',#2515,1.067161731112E-1);
#2517=CARTESIAN_POINT('',(2.229166889191E0,4.4E0,1.340425372124E-1));
#2518=LINE('',#2517,#2516);
#2519=CURVE_STYLE('',#19,POSITIVE_LENGTH_MEASURE(2.E-2),#13);
#2520=PRESENTATION_STYLE_ASSIGNMENT((#2519));
#2521=STYLED_ITEM('',(#2520),#2518);
#2522=DIRECTION('',(-9.257349052295E-1,0.E0,-3.781730889946E-1));
#2523=VECTOR('',#2522,1.575322589496E-1);
#2524=CARTESIAN_POINT('',(2.170833110809E0,4.4E0,4.468084573746E-2));
#2525=LINE('',#2524,#2523);
#2526=CURVE_STYLE('',#19,POSITIVE_LENGTH_MEASURE(2.E-2),#13);
#2527=PRESENTATION_STYLE_ASSIGNMENT((#2526));
#2528=STYLED_ITEM('',(#2527),#2525);
#2529=DIRECTION('',(7.938787408812E-1,0.E0,-6.080761011394E-1));
#2530=VECTOR('',#2529,1.469580720365E-1);
#2531=CARTESIAN_POINT('',(2.025E0,4.4E0,-1.489361524582E-2));
#2532=LINE('',#2531,#2530);
#2533=CURVE_STYLE('',#19,POSITIVE_LENGTH_MEASURE(2.E-2),#13);
#2534=PRESENTATION_STYLE_ASSIGNMENT((#2533));
#2535=STYLED_ITEM('',(#2534),#2532);
#2536=DIRECTION('',(5.466210844748E-1,0.E0,-8.373800750004E-1));
#2537=VECTOR('',#2536,1.067158082008E-1);
#2538=CARTESIAN_POINT('',(2.141666889191E0,4.4E0,-1.042553067207E-1));
#2539=LINE('',#2538,#2537);
#2540=CURVE_STYLE('',#19,POSITIVE_LENGTH_MEASURE(2.E-2),#13);
#2541=PRESENTATION_STYLE_ASSIGNMENT((#2540));
#2542=STYLED_ITEM('',(#2541),#2539);
#2543=DIRECTION('',(2.377730639603E-1,0.E0,-9.713207349042E-1));
#2544=VECTOR('',#2543,1.226669190567E-1);
#2545=CARTESIAN_POINT('',(2.2E0,4.4E0,-1.936169981956E-1));
#2546=LINE('',#2545,#2544);
#2547=CURVE_STYLE('',#19,POSITIVE_LENGTH_MEASURE(2.E-2),#13);
#2548=PRESENTATION_STYLE_ASSIGNMENT((#2547));
#2549=STYLED_ITEM('',(#2548),#2546);
#2550=DIRECTION('',(0.E0,0.E0,-1.E0));
#2551=VECTOR('',#2550,5.957454442978E-2);
#2552=CARTESIAN_POINT('',(2.229166889191E0,4.4E0,-3.127659201622E-1));
#2553=LINE('',#2552,#2551);
#2554=CURVE_STYLE('',#19,POSITIVE_LENGTH_MEASURE(2.E-2),#13);
#2555=PRESENTATION_STYLE_ASSIGNMENT((#2554));
#2556=STYLED_ITEM('',(#2555),#2553);
#2557=DIRECTION('',(-2.377730639603E-1,0.E0,-9.713207349042E-1));
#2558=VECTOR('',#2557,1.226669190567E-1);
#2559=CARTESIAN_POINT('',(2.229166889191E0,4.4E0,-3.723404645920E-1));
#2560=LINE('',#2559,#2558);
#2561=CURVE_STYLE('',#19,POSITIVE_LENGTH_MEASURE(2.E-2),#13);
#2562=PRESENTATION_STYLE_ASSIGNMENT((#2561));
#2563=STYLED_ITEM('',(#2562),#2560);
#2564=DIRECTION('',(-6.996255164452E-1,0.E0,-7.145097177357E-1));
#2565=VECTOR('',#2564,1.667561952049E-1);
#2566=CARTESIAN_POINT('',(2.2E0,4.4E0,-4.914893865585E-1));
#2567=LINE('',#2566,#2565);
#2568=CURVE_STYLE('',#19,POSITIVE_LENGTH_MEASURE(2.E-2),#13);
#2569=PRESENTATION_STYLE_ASSIGNMENT((#2568));
#2570=STYLED_ITEM('',(#2569),#2567);
#2571=DIRECTION('',(-8.906045842070E-1,0.E0,-4.547784895854E-1));
#2572=VECTOR('',#2571,1.309966551795E-1);
#2573=CARTESIAN_POINT('',(2.083333110809E0,4.4E0,-6.106383085251E-1));
#2574=LINE('',#2573,#2572);
#2575=CURVE_STYLE('',#19,POSITIVE_LENGTH_MEASURE(2.E-2),#13);
#2576=PRESENTATION_STYLE_ASSIGNMENT((#2575));
#2577=STYLED_ITEM('',(#2576),#2574);
#2578=DIRECTION('',(-9.895240564979E-1,0.E0,-1.443680768452E-1));
#2579=VECTOR('',#2578,2.063283735751E-1);
#2580=CARTESIAN_POINT('',(1.966666889191E0,4.4E0,-6.702127695084E-1));
#2581=LINE('',#2580,#2579);
#2582=CURVE_STYLE('',#19,POSITIVE_LENGTH_MEASURE(2.E-2),#13);
#2583=PRESENTATION_STYLE_ASSIGNMENT((#2582));
#2584=STYLED_ITEM('',(#2583),#2581);
#2585=DIRECTION('',(-1.E0,0.E0,0.E0));
#2586=VECTOR('',#2585,5.833311080933E-2);
#2587=CARTESIAN_POINT('',(1.7625E0,4.4E0,-7.E-1));
#2588=LINE('',#2587,#2586);
#2589=CURVE_STYLE('',#19,POSITIVE_LENGTH_MEASURE(2.E-2),#13);
#2590=PRESENTATION_STYLE_ASSIGNMENT((#2589));
#2591=STYLED_ITEM('',(#2590),#2588);
#2592=DIRECTION('',(-9.895240564979E-1,0.E0,1.443680768452E-1));
#2593=VECTOR('',#2592,2.063283735751E-1);
#2594=CARTESIAN_POINT('',(1.704166889191E0,4.4E0,-7.E-1));
#2595=LINE('',#2594,#2593);
#2596=CURVE_STYLE('',#19,POSITIVE_LENGTH_MEASURE(2.E-2),#13);
#2597=PRESENTATION_STYLE_ASSIGNMENT((#2596));
#2598=STYLED_ITEM('',(#2597),#2595);
#2599=DIRECTION('',(-8.906051112017E-1,0.E0,4.547774575564E-1));
#2600=VECTOR('',#2599,1.309969524510E-1);
#2601=CARTESIAN_POINT('',(1.5E0,4.4E0,-6.702127695084E-1));
#2602=LINE('',#2601,#2600);
#2603=CURVE_STYLE('',#19,POSITIVE_LENGTH_MEASURE(2.E-2),#13);
#2604=PRESENTATION_STYLE_ASSIGNMENT((#2603));
#2605=STYLED_ITEM('',(#2604),#2602);
#2606=DIRECTION('',(-6.996255164452E-1,0.E0,7.145097177357E-1));
#2607=VECTOR('',#2606,1.667561952049E-1);
#2608=CARTESIAN_POINT('',(1.383333444595E0,4.4E0,-6.106383085251E-1));
#2609=LINE('',#2608,#2607);
#2610=CURVE_STYLE('',#19,POSITIVE_LENGTH_MEASURE(2.E-2),#13);
#2611=PRESENTATION_STYLE_ASSIGNMENT((#2610));
#2612=STYLED_ITEM('',(#2611),#2609);
#2613=DIRECTION('',(-2.377704967207E-1,0.E0,9.713213633444E-1));
#2614=VECTOR('',#2613,1.226668396918E-1);
#2615=CARTESIAN_POINT('',(1.266666555405E0,4.4E0,-4.914893865585E-1));
#2616=LINE('',#2615,#2614);
#2617=CURVE_STYLE('',#19,POSITIVE_LENGTH_MEASURE(2.E-2),#13);
#2618=PRESENTATION_STYLE_ASSIGNMENT((#2617));
#2619=STYLED_ITEM('',(#2618),#2616);
#2620=DIRECTION('',(1.E0,0.E0,0.E0));
#2621=VECTOR('',#2620,1.458334445953E-1);
#2622=CARTESIAN_POINT('',(1.2375E0,4.4E0,-3.723404645920E-1));
#2623=LINE('',#2622,#2621);
#2624=CURVE_STYLE('',#19,POSITIVE_LENGTH_MEASURE(2.E-2),#13);
#2625=PRESENTATION_STYLE_ASSIGNMENT((#2624));
#2626=STYLED_ITEM('',(#2625),#2623);
#2627=DIRECTION('',(5.466210844748E-1,0.E0,-8.373800750004E-1));
#2628=VECTOR('',#2627,1.067158082008E-1);
#2629=CARTESIAN_POINT('',(1.383333444595E0,4.4E0,-3.723404645920E-1));
#2630=LINE('',#2629,#2628);
#2631=CURVE_STYLE('',#19,POSITIVE_LENGTH_MEASURE(2.E-2),#13);
#2632=PRESENTATION_STYLE_ASSIGNMENT((#2631));
#2633=STYLED_ITEM('',(#2632),#2630);
#2634=DIRECTION('',(8.266002775284E-1,0.E0,-5.627894643558E-1));
#2635=VECTOR('',#2634,1.058556791774E-1);
#2636=CARTESIAN_POINT('',(1.441666555405E0,4.4E0,-4.617021560669E-1));
#2637=LINE('',#2636,#2635);
#2638=CURVE_STYLE('',#19,POSITIVE_LENGTH_MEASURE(2.E-2),#13);
#2639=PRESENTATION_STYLE_ASSIGNMENT((#2638));
#2640=STYLED_ITEM('',(#2639),#2637);
#2641=DIRECTION('',(9.797706494039E-1,0.E0,-2.001236481946E-1));
#2642=VECTOR('',#2641,1.488441309178E-1);
#2643=CARTESIAN_POINT('',(1.529166889191E0,4.4E0,-5.212766170502E-1));
#2644=LINE('',#2643,#2642);
#2645=CURVE_STYLE('',#19,POSITIVE_LENGTH_MEASURE(2.E-2),#13);
#2646=PRESENTATION_STYLE_ASSIGNMENT((#2645));
#2647=STYLED_ITEM('',(#2646),#2644);
#2648=DIRECTION('',(1.E0,0.E0,0.E0));
#2649=VECTOR('',#2648,1.166668891907E-1);
#2650=CARTESIAN_POINT('',(1.675E0,4.4E0,-5.510638475418E-1));
#2651=LINE('',#2650,#2649);
#2652=CURVE_STYLE('',#19,POSITIVE_LENGTH_MEASURE(2.E-2),#13);
#2653=PRESENTATION_STYLE_ASSIGNMENT((#2652));
#2654=STYLED_ITEM('',(#2653),#2651);
#2655=DIRECTION('',(9.797706494039E-1,0.E0,2.001236481946E-1));
#2656=VECTOR('',#2655,1.488441309178E-1);
#2657=CARTESIAN_POINT('',(1.791666889191E0,4.4E0,-5.510638475418E-1));
#2658=LINE('',#2657,#2656);
#2659=CURVE_STYLE('',#19,POSITIVE_LENGTH_MEASURE(2.E-2),#13);
#2660=PRESENTATION_STYLE_ASSIGNMENT((#2659));
#2661=STYLED_ITEM('',(#2660),#2658);
#2662=DIRECTION('',(8.265992787996E-1,0.E0,5.627909312417E-1));
#2663=VECTOR('',#2662,1.058554032700E-1);
#2664=CARTESIAN_POINT('',(1.9375E0,4.4E0,-5.212766170502E-1));
#2665=LINE('',#2664,#2663);
#2666=CURVE_STYLE('',#19,POSITIVE_LENGTH_MEASURE(2.E-2),#13);
#2667=PRESENTATION_STYLE_ASSIGNMENT((#2666));
#2668=STYLED_ITEM('',(#2667),#2665);
#2669=DIRECTION('',(5.466210844748E-1,0.E0,8.373800750004E-1));
#2670=VECTOR('',#2669,1.067158082008E-1);
#2671=CARTESIAN_POINT('',(2.025E0,4.4E0,-4.617021560669E-1));
#2672=LINE('',#2671,#2670);
#2673=CURVE_STYLE('',#19,POSITIVE_LENGTH_MEASURE(2.E-2),#13);
#2674=PRESENTATION_STYLE_ASSIGNMENT((#2673));
#2675=STYLED_ITEM('',(#2674),#2672);
#2676=DIRECTION('',(0.E0,0.E0,1.E0));
#2677=VECTOR('',#2676,5.957454442978E-2);
#2678=CARTESIAN_POINT('',(2.083333110809E0,4.4E0,-3.723404645920E-1));
#2679=LINE('',#2678,#2677);
#2680=CURVE_STYLE('',#19,POSITIVE_LENGTH_MEASURE(2.E-2),#13);
#2681=PRESENTATION_STYLE_ASSIGNMENT((#2680));
#2682=STYLED_ITEM('',(#2681),#2679);
#2683=DIRECTION('',(-4.397121427660E-1,0.E0,8.981387596046E-1));
#2684=VECTOR('',#2683,1.326620421314E-1);
#2685=CARTESIAN_POINT('',(2.083333110809E0,4.4E0,-3.127659201622E-1));
#2686=LINE('',#2685,#2684);
#2687=CURVE_STYLE('',#19,POSITIVE_LENGTH_MEASURE(2.E-2),#13);
#2688=PRESENTATION_STYLE_ASSIGNMENT((#2687));
#2689=STYLED_ITEM('',(#2688),#2686);
#2690=DIRECTION('',(-6.996234726647E-1,0.E0,7.145117189358E-1));
#2691=VECTOR('',#2690,8.337786407759E-2);
#2692=CARTESIAN_POINT('',(2.025E0,4.4E0,-1.936169981956E-1));
#2693=LINE('',#2692,#2691);
#2694=CURVE_STYLE('',#19,POSITIVE_LENGTH_MEASURE(2.E-2),#13);
#2695=PRESENTATION_STYLE_ASSIGNMENT((#2694));
#2696=STYLED_ITEM('',(#2695),#2693);
#2697=DIRECTION('',(-9.466499177700E-1,0.E0,3.222637633772E-1));
#2698=VECTOR('',#2697,1.848624256074E-1);
#2699=CARTESIAN_POINT('',(1.966666889191E0,4.4E0,-1.340425372124E-1));
#2700=LINE('',#2699,#2698);
#2701=CURVE_STYLE('',#19,POSITIVE_LENGTH_MEASURE(2.E-2),#13);
#2702=PRESENTATION_STYLE_ASSIGNMENT((#2701));
#2703=STYLED_ITEM('',(#2702),#2700);
#2704=DIRECTION('',(-1.E0,0.E0,0.E0));
#2705=VECTOR('',#2704,1.166668891907E-1);
#2706=CARTESIAN_POINT('',(1.791666889191E0,4.4E0,-7.446807622910E-2));
#2707=LINE('',#2706,#2705);
#2708=CURVE_STYLE('',#19,POSITIVE_LENGTH_MEASURE(2.E-2),#13);
#2709=PRESENTATION_STYLE_ASSIGNMENT((#2708));
#2710=STYLED_ITEM('',(#2709),#2707);
#2711=DIRECTION('',(0.E0,0.E0,1.E0));
#2712=VECTOR('',#2711,1.191489219666E-1);
#2713=CARTESIAN_POINT('',(1.675E0,4.4E0,-7.446807622910E-2));
#2714=LINE('',#2713,#2712);
#2715=CURVE_STYLE('',#19,POSITIVE_LENGTH_MEASURE(2.E-2),#13);
#2716=PRESENTATION_STYLE_ASSIGNMENT((#2715));
#2717=STYLED_ITEM('',(#2716),#2714);
#2718=DIRECTION('',(1.E0,0.E0,0.E0));
#2719=VECTOR('',#2718,1.166668891907E-1);
#2720=CARTESIAN_POINT('',(1.675E0,4.4E0,4.468084573746E-2));
#2721=LINE('',#2720,#2719);
#2722=CURVE_STYLE('',#19,POSITIVE_LENGTH_MEASURE(2.E-2),#13);
#2723=PRESENTATION_STYLE_ASSIGNMENT((#2722));
#2724=STYLED_ITEM('',(#2723),#2721);
#2725=DIRECTION('',(9.858211730931E-1,0.E0,1.677993286083E-1));
#2726=VECTOR('',#2725,1.775169825689E-1);
#2727=CARTESIAN_POINT('',(1.791666889191E0,4.4E0,4.468084573746E-2));
#2728=LINE('',#2727,#2726);
#2729=CURVE_STYLE('',#19,POSITIVE_LENGTH_MEASURE(2.E-2),#13);
#2730=PRESENTATION_STYLE_ASSIGNMENT((#2729));
#2731=STYLED_ITEM('',(#2730),#2728);
#2732=DIRECTION('',(8.265992787996E-1,0.E0,5.627909312417E-1));
#2733=VECTOR('',#2732,1.058554032700E-1);
#2734=CARTESIAN_POINT('',(1.966666889191E0,4.4E0,7.446807622910E-2));
#2735=LINE('',#2734,#2733);
#2736=CURVE_STYLE('',#19,POSITIVE_LENGTH_MEASURE(2.E-2),#13);
#2737=PRESENTATION_STYLE_ASSIGNMENT((#2736));
#2738=STYLED_ITEM('',(#2737),#2735);
#2739=DIRECTION('',(4.397120185598E-1,0.E0,8.981388204137E-1));
#2740=VECTOR('',#2739,1.326620796047E-1);
#2741=CARTESIAN_POINT('',(2.054166889191E0,4.4E0,1.340425372124E-1));
#2742=LINE('',#2741,#2740);
#2743=CURVE_STYLE('',#19,POSITIVE_LENGTH_MEASURE(2.E-2),#13);
#2744=PRESENTATION_STYLE_ASSIGNMENT((#2743));
#2745=STYLED_ITEM('',(#2744),#2742);
#2746=DIRECTION('',(0.E0,0.E0,1.E0));
#2747=VECTOR('',#2746,1.191489219666E-1);
#2748=CARTESIAN_POINT('',(2.1125E0,4.4E0,2.531915009022E-1));
#2749=LINE('',#2748,#2747);
#2750=CURVE_STYLE('',#19,POSITIVE_LENGTH_MEASURE(2.E-2),#13);
#2751=PRESENTATION_STYLE_ASSIGNMENT((#2750));
#2752=STYLED_ITEM('',(#2751),#2749);
#2753=DIRECTION('',(-4.397162019327E-1,0.E0,8.981367723003E-1));
#2754=VECTOR('',#2753,6.633116783616E-2);
#2755=CARTESIAN_POINT('',(2.1125E0,4.4E0,3.723404228687E-1));
#2756=LINE('',#2755,#2754);
#2757=CURVE_STYLE('',#19,POSITIVE_LENGTH_MEASURE(2.E-2),#13);
#2758=PRESENTATION_STYLE_ASSIGNMENT((#2757));
#2759=STYLED_ITEM('',(#2758),#2756);
#2760=DIRECTION('',(-6.996233475895E-1,0.E0,7.145118414048E-1));
#2761=VECTOR('',#2760,8.337787898347E-2);
#2762=CARTESIAN_POINT('',(2.083333110809E0,4.4E0,4.319148838520E-1));
#2763=LINE('',#2762,#2761);
#2764=CURVE_STYLE('',#19,POSITIVE_LENGTH_MEASURE(2.E-2),#13);
#2765=PRESENTATION_STYLE_ASSIGNMENT((#2764));
#2766=STYLED_ITEM('',(#2765),#2763);
#2767=DIRECTION('',(-8.906045842070E-1,0.E0,4.547784895854E-1));
#2768=VECTOR('',#2767,6.549832758976E-2);
#2769=CARTESIAN_POINT('',(2.025E0,4.4E0,4.914893656969E-1));
#2770=LINE('',#2769,#2768);
#2771=CURVE_STYLE('',#19,POSITIVE_LENGTH_MEASURE(2.E-2),#13);
#2772=PRESENTATION_STYLE_ASSIGNMENT((#2771));
#2773=STYLED_ITEM('',(#2772),#2770);
#2774=DIRECTION('',(-9.797708290262E-1,0.E0,2.001227687928E-1));
#2775=VECTOR('',#2774,1.488447849854E-1);
#2776=CARTESIAN_POINT('',(1.966666889191E0,4.4E0,5.212765961885E-1));
#2777=LINE('',#2776,#2775);
#2778=CURVE_STYLE('',#19,POSITIVE_LENGTH_MEASURE(2.E-2),#13);
#2779=PRESENTATION_STYLE_ASSIGNMENT((#2778));
#2780=STYLED_ITEM('',(#2779),#2777);
#2781=DIRECTION('',(-1.E0,0.E0,0.E0));
#2782=VECTOR('',#2781,1.75E-1);
#2783=CARTESIAN_POINT('',(1.820833110809E0,4.4E0,5.510638266802E-1));
#2784=LINE('',#2783,#2782);
#2785=CURVE_STYLE('',#19,POSITIVE_LENGTH_MEASURE(2.E-2),#13);
#2786=PRESENTATION_STYLE_ASSIGNMENT((#2785));
#2787=STYLED_ITEM('',(#2786),#2784);
#2788=DIRECTION('',(-9.797706494039E-1,0.E0,-2.001236481946E-1));
#2789=VECTOR('',#2788,1.488441309178E-1);
#2790=CARTESIAN_POINT('',(1.645833110809E0,4.4E0,5.510638266802E-1));
#2791=LINE('',#2790,#2789);
#2792=CURVE_STYLE('',#19,POSITIVE_LENGTH_MEASURE(2.E-2),#13);
#2793=PRESENTATION_STYLE_ASSIGNMENT((#2792));
#2794=STYLED_ITEM('',(#2793),#2791);
#2795=DIRECTION('',(-8.906056381928E-1,0.E0,-4.547764255314E-1));
#2796=VECTOR('',#2795,6.549862486128E-2);
#2797=CARTESIAN_POINT('',(1.5E0,4.4E0,5.212765961885E-1));
#2798=LINE('',#2797,#2796);
#2799=CURVE_STYLE('',#19,POSITIVE_LENGTH_MEASURE(2.E-2),#13);
#2800=PRESENTATION_STYLE_ASSIGNMENT((#2799));
#2801=STYLED_ITEM('',(#2800),#2798);
#2802=DIRECTION('',(-6.996233475895E-1,0.E0,-7.145118414048E-1));
#2803=VECTOR('',#2802,8.337787898347E-2);
#2804=CARTESIAN_POINT('',(1.441666555405E0,4.4E0,4.914893656969E-1));
#2805=LINE('',#2804,#2803);
#2806=CURVE_STYLE('',#19,POSITIVE_LENGTH_MEASURE(2.E-2),#13);
#2807=PRESENTATION_STYLE_ASSIGNMENT((#2806));
#2808=STYLED_ITEM('',(#2807),#2805);
#2809=DIRECTION('',(-4.397162019327E-1,0.E0,-8.981367723003E-1));
#2810=VECTOR('',#2809,6.633116783616E-2);
#2811=CARTESIAN_POINT('',(1.383333444595E0,4.4E0,4.319148838520E-1));
#2812=LINE('',#2811,#2810);
#2813=CURVE_STYLE('',#19,POSITIVE_LENGTH_MEASURE(2.E-2),#13);
#2814=PRESENTATION_STYLE_ASSIGNMENT((#2813));
#2815=STYLED_ITEM('',(#2814),#2812);
#2816=DIRECTION('',(-1.E0,0.E0,0.E0));
#2817=VECTOR('',#2816,1.458331108093E-1);
#2818=CARTESIAN_POINT('',(1.354166555405E0,4.4E0,3.723404228687E-1));
#2819=LINE('',#2818,#2817);
#2820=CURVE_STYLE('',#19,POSITIVE_LENGTH_MEASURE(2.E-2),#13);
#2821=PRESENTATION_STYLE_ASSIGNMENT((#2820));
#2822=STYLED_ITEM('',(#2821),#2819);
#2823=DIRECTION('',(3.102789298341E-1,0.E0,9.506455626052E-1));
#2824=VECTOR('',#2823,9.400108289744E-2);
#2825=CARTESIAN_POINT('',(1.208333444595E0,4.4E0,3.723404228687E-1));
#2826=LINE('',#2825,#2824);
#2827=CURVE_STYLE('',#19,POSITIVE_LENGTH_MEASURE(2.E-2),#13);
#2828=PRESENTATION_STYLE_ASSIGNMENT((#2827));
#2829=STYLED_ITEM('',(#2828),#2826);
#2830=DIRECTION('',(5.466232777014E-1,0.E0,8.373786433120E-1));
#2831=VECTOR('',#2830,1.067159906556E-1);
#2832=CARTESIAN_POINT('',(1.2375E0,4.4E0,4.617021352053E-1));
#2833=LINE('',#2832,#2831);
#2834=CURVE_STYLE('',#19,POSITIVE_LENGTH_MEASURE(2.E-2),#13);
#2835=PRESENTATION_STYLE_ASSIGNMENT((#2834));
#2836=STYLED_ITEM('',(#2835),#2833);
#2837=DIRECTION('',(8.265992329593E-1,0.E0,5.627909985696E-1));
#2838=VECTOR('',#2837,1.058554091403E-1);
#2839=CARTESIAN_POINT('',(1.295833444595E0,4.4E0,5.510638266802E-1));
#2840=LINE('',#2839,#2838);
#2841=CURVE_STYLE('',#19,POSITIVE_LENGTH_MEASURE(2.E-2),#13);
#2842=PRESENTATION_STYLE_ASSIGNMENT((#2841));
#2843=STYLED_ITEM('',(#2842),#2840);
#2844=DIRECTION('',(8.906050870136E-1,0.E0,4.547775049247E-1));
#2845=VECTOR('',#2844,1.309969560087E-1);
#2846=CARTESIAN_POINT('',(1.383333444595E0,4.4E0,6.106382980943E-1));
#2847=LINE('',#2846,#2845);
#2848=CURVE_STYLE('',#19,POSITIVE_LENGTH_MEASURE(2.E-2),#13);
#2849=PRESENTATION_STYLE_ASSIGNMENT((#2848));
#2850=STYLED_ITEM('',(#2849),#2847);
#2851=DIRECTION('',(9.689178256004E-1,0.E0,2.473827949428E-1));
#2852=VECTOR('',#2851,1.204094775719E-1);
#2853=CARTESIAN_POINT('',(1.5E0,4.4E0,6.702127669007E-1));
#2854=LINE('',#2853,#2852);
#2855=CURVE_STYLE('',#19,POSITIVE_LENGTH_MEASURE(2.E-2),#13);
#2856=PRESENTATION_STYLE_ASSIGNMENT((#2855));
#2857=STYLED_ITEM('',(#2856),#2854);
#2858=DIRECTION('',(3.102788643726E-1,0.E0,9.506455839711E-1));
#2859=VECTOR('',#2858,9.400110272945E-2);
#2860=CARTESIAN_POINT('',(8.E-1,4.4E0,1.042553067207E-1));
#2861=LINE('',#2860,#2859);
#2862=CURVE_STYLE('',#19,POSITIVE_LENGTH_MEASURE(2.E-2),#13);
#2863=PRESENTATION_STYLE_ASSIGNMENT((#2862));
#2864=STYLED_ITEM('',(#2863),#2861);
#2865=DIRECTION('',(0.E0,0.E0,1.E0));
#2866=VECTOR('',#2865,8.936169147491E-2);
#2867=CARTESIAN_POINT('',(8.291665554047E-1,4.4E0,1.936170399189E-1));
#2868=LINE('',#2867,#2866);
#2869=CURVE_STYLE('',#19,POSITIVE_LENGTH_MEASURE(2.E-2),#13);
#2870=PRESENTATION_STYLE_ASSIGNMENT((#2869));
#2871=STYLED_ITEM('',(#2870),#2868);
#2872=DIRECTION('',(-3.102789952956E-1,0.E0,9.506455412394E-1));
#2873=VECTOR('',#2872,9.400106306543E-2);
#2874=CARTESIAN_POINT('',(8.291665554047E-1,4.4E0,2.829787313938E-1));
#2875=LINE('',#2874,#2873);
#2876=CURVE_STYLE('',#19,POSITIVE_LENGTH_MEASURE(2.E-2),#13);
#2877=PRESENTATION_STYLE_ASSIGNMENT((#2876));
#2878=STYLED_ITEM('',(#2877),#2875);
#2879=DIRECTION('',(-5.466231882208E-1,0.E0,8.373787017230E-1));
#2880=VECTOR('',#2879,1.067160081247E-1);
#2881=CARTESIAN_POINT('',(8.E-1,4.4E0,3.723404228687E-1));
#2882=LINE('',#2881,#2880);
#2883=CURVE_STYLE('',#19,POSITIVE_LENGTH_MEASURE(2.E-2),#13);
#2884=PRESENTATION_STYLE_ASSIGNMENT((#2883));
#2885=STYLED_ITEM('',(#2884),#2882);
#2886=DIRECTION('',(-8.265992787996E-1,0.E0,5.627909312417E-1));
#2887=VECTOR('',#2886,1.058554032700E-1);
#2888=CARTESIAN_POINT('',(7.416665554047E-1,4.4E0,4.617021352053E-1));
#2889=LINE('',#2888,#2887);
#2890=CURVE_STYLE('',#19,POSITIVE_LENGTH_MEASURE(2.E-2),#13);
#2891=PRESENTATION_STYLE_ASSIGNMENT((#2890));
#2892=STYLED_ITEM('',(#2891),#2889);
#2893=DIRECTION('',(-9.466499177700E-1,0.E0,3.222637633772E-1));
#2894=VECTOR('',#2893,9.243121280369E-2);
#2895=CARTESIAN_POINT('',(6.541665554047E-1,4.4E0,5.212765961885E-1));
#2896=LINE('',#2895,#2894);
#2897=CURVE_STYLE('',#19,POSITIVE_LENGTH_MEASURE(2.E-2),#13);
#2898=PRESENTATION_STYLE_ASSIGNMENT((#2897));
#2899=STYLED_ITEM('',(#2898),#2896);
#2900=DIRECTION('',(-1.E0,0.E0,0.E0));
#2901=VECTOR('',#2900,2.041665554047E-1);
#2902=CARTESIAN_POINT('',(5.666665554047E-1,4.4E0,5.510638266802E-1));
#2903=LINE('',#2902,#2901);
#2904=CURVE_STYLE('',#19,POSITIVE_LENGTH_MEASURE(2.E-2),#13);
#2905=PRESENTATION_STYLE_ASSIGNMENT((#2904));
#2906=STYLED_ITEM('',(#2905),#2903);
#2907=DIRECTION('',(-9.466499177700E-1,0.E0,-3.222637633772E-1));
#2908=VECTOR('',#2907,9.243121280369E-2);
#2909=CARTESIAN_POINT('',(3.625E-1,4.4E0,5.510638266802E-1));
#2910=LINE('',#2909,#2908);
#2911=CURVE_STYLE('',#19,POSITIVE_LENGTH_MEASURE(2.E-2),#13);
#2912=PRESENTATION_STYLE_ASSIGNMENT((#2911));
#2913=STYLED_ITEM('',(#2912),#2910);
#2914=DIRECTION('',(-8.265992787996E-1,0.E0,-5.627909312417E-1));
#2915=VECTOR('',#2914,1.058554032700E-1);
#2916=CARTESIAN_POINT('',(2.75E-1,4.4E0,5.212765961885E-1));
#2917=LINE('',#2916,#2915);
#2918=CURVE_STYLE('',#19,POSITIVE_LENGTH_MEASURE(2.E-2),#13);
#2919=PRESENTATION_STYLE_ASSIGNMENT((#2918));
#2920=STYLED_ITEM('',(#2919),#2917);
#2921=DIRECTION('',(-5.466231882208E-1,0.E0,-8.373787017230E-1));
#2922=VECTOR('',#2921,1.067160081247E-1);
#2923=CARTESIAN_POINT('',(1.875E-1,4.4E0,4.617021352053E-1));
#2924=LINE('',#2923,#2922);
#2925=CURVE_STYLE('',#19,POSITIVE_LENGTH_MEASURE(2.E-2),#13);
#2926=PRESENTATION_STYLE_ASSIGNMENT((#2925));
#2927=STYLED_ITEM('',(#2926),#2924);
#2928=DIRECTION('',(-3.102789952956E-1,0.E0,-9.506455412394E-1));
#2929=VECTOR('',#2928,9.400106306543E-2);
#2930=CARTESIAN_POINT('',(1.291665554047E-1,4.4E0,3.723404228687E-1));
#2931=LINE('',#2930,#2929);
#2932=CURVE_STYLE('',#19,POSITIVE_LENGTH_MEASURE(2.E-2),#13);
#2933=PRESENTATION_STYLE_ASSIGNMENT((#2932));
#2934=STYLED_ITEM('',(#2933),#2931);
#2935=DIRECTION('',(0.E0,0.E0,-1.E0));
#2936=VECTOR('',#2935,8.936169147491E-2);
#2937=CARTESIAN_POINT('',(1.E-1,4.4E0,2.829787313938E-1));
#2938=LINE('',#2937,#2936);
#2939=CURVE_STYLE('',#19,POSITIVE_LENGTH_MEASURE(2.E-2),#13);
#2940=PRESENTATION_STYLE_ASSIGNMENT((#2939));
#2941=STYLED_ITEM('',(#2940),#2938);
#2942=DIRECTION('',(3.102788643726E-1,0.E0,-9.506455839711E-1));
#2943=VECTOR('',#2942,9.400110272945E-2);
#2944=CARTESIAN_POINT('',(1.E-1,4.4E0,1.936170399189E-1));
#2945=LINE('',#2944,#2943);
#2946=CURVE_STYLE('',#19,POSITIVE_LENGTH_MEASURE(2.E-2),#13);
#2947=PRESENTATION_STYLE_ASSIGNMENT((#2946));
#2948=STYLED_ITEM('',(#2947),#2945);
#2949=DIRECTION('',(6.996255164452E-1,0.E0,-7.145097177357E-1));
#2950=VECTOR('',#2949,8.337809760246E-2);
#2951=CARTESIAN_POINT('',(1.291665554047E-1,4.4E0,1.042553067207E-1));
#2952=LINE('',#2951,#2950);
#2953=CURVE_STYLE('',#19,POSITIVE_LENGTH_MEASURE(2.E-2),#13);
#2954=PRESENTATION_STYLE_ASSIGNMENT((#2953));
#2955=STYLED_ITEM('',(#2954),#2952);
#2956=DIRECTION('',(8.265992787996E-1,0.E0,-5.627909312417E-1));
#2957=VECTOR('',#2956,1.058554032700E-1);
#2958=CARTESIAN_POINT('',(1.875E-1,4.4E0,4.468084573746E-2));
#2959=LINE('',#2958,#2957);
#2960=CURVE_STYLE('',#19,POSITIVE_LENGTH_MEASURE(2.E-2),#13);
#2961=PRESENTATION_STYLE_ASSIGNMENT((#2960));
#2962=STYLED_ITEM('',(#2961),#2959);
#2963=DIRECTION('',(9.466499177700E-1,0.E0,-3.222637633772E-1));
#2964=VECTOR('',#2963,9.243121280369E-2);
#2965=CARTESIAN_POINT('',(2.75E-1,4.4E0,-1.489361524582E-2));
#2966=LINE('',#2965,#2964);
#2967=CURVE_STYLE('',#19,POSITIVE_LENGTH_MEASURE(2.E-2),#13);
#2968=PRESENTATION_STYLE_ASSIGNMENT((#2967));
#2969=STYLED_ITEM('',(#2968),#2966);
#2970=DIRECTION('',(1.E0,0.E0,0.E0));
#2971=VECTOR('',#2970,2.041665554047E-1);
#2972=CARTESIAN_POINT('',(3.625E-1,4.4E0,-4.468084573746E-2));
#2973=LINE('',#2972,#2971);
#2974=CURVE_STYLE('',#19,POSITIVE_LENGTH_MEASURE(2.E-2),#13);
#2975=PRESENTATION_STYLE_ASSIGNMENT((#2974));
#2976=STYLED_ITEM('',(#2975),#2973);
#2977=DIRECTION('',(9.466499177700E-1,0.E0,3.222637633772E-1));
#2978=VECTOR('',#2977,9.243121280369E-2);
#2979=CARTESIAN_POINT('',(5.666665554047E-1,4.4E0,-4.468084573746E-2));
#2980=LINE('',#2979,#2978);
#2981=CURVE_STYLE('',#19,POSITIVE_LENGTH_MEASURE(2.E-2),#13);
#2982=PRESENTATION_STYLE_ASSIGNMENT((#2981));
#2983=STYLED_ITEM('',(#2982),#2980);
#2984=DIRECTION('',(8.265992787996E-1,0.E0,5.627909312417E-1));
#2985=VECTOR('',#2984,1.058554032700E-1);
#2986=CARTESIAN_POINT('',(6.541665554047E-1,4.4E0,-1.489361524582E-2));
#2987=LINE('',#2986,#2985);
#2988=CURVE_STYLE('',#19,POSITIVE_LENGTH_MEASURE(2.E-2),#13);
#2989=PRESENTATION_STYLE_ASSIGNMENT((#2988));
#2990=STYLED_ITEM('',(#2989),#2987);
#2991=DIRECTION('',(6.996255164452E-1,0.E0,7.145097177357E-1));
#2992=VECTOR('',#2991,8.337809760246E-2);
#2993=CARTESIAN_POINT('',(7.416665554047E-1,4.4E0,4.468084573746E-2));
#2994=LINE('',#2993,#2992);
#2995=CURVE_STYLE('',#19,POSITIVE_LENGTH_MEASURE(2.E-2),#13);
#2996=PRESENTATION_STYLE_ASSIGNMENT((#2995));
#2997=STYLED_ITEM('',(#2996),#2994);
#2998=DIRECTION('',(0.E0,0.E0,-1.E0));
#2999=VECTOR('',#2998,1.489361941814E-1);
#3000=CARTESIAN_POINT('',(2.9E0,4.4E0,1.936170399189E-1));
#3001=LINE('',#3000,#2999);
#3002=CURVE_STYLE('',#19,POSITIVE_LENGTH_MEASURE(2.E-2),#13);
#3003=PRESENTATION_STYLE_ASSIGNMENT((#3002));
#3004=STYLED_ITEM('',(#3003),#3001);
#3005=DIRECTION('',(-1.E0,0.E0,0.E0));
#3006=VECTOR('',#3005,4.083331108093E-1);
#3007=CARTESIAN_POINT('',(2.9E0,4.4E0,4.468084573746E-2));
#3008=LINE('',#3007,#3006);
#3009=CURVE_STYLE('',#19,POSITIVE_LENGTH_MEASURE(2.E-2),#13);
#3010=PRESENTATION_STYLE_ASSIGNMENT((#3009));
#3011=STYLED_ITEM('',(#3010),#3008);
#3012=DIRECTION('',(0.E0,0.E0,1.E0));
#3013=VECTOR('',#3012,1.489361941814E-1);
#3014=CARTESIAN_POINT('',(2.491666889191E0,4.4E0,4.468084573746E-2));
#3015=LINE('',#3014,#3013);
#3016=CURVE_STYLE('',#19,POSITIVE_LENGTH_MEASURE(2.E-2),#13);
#3017=PRESENTATION_STYLE_ASSIGNMENT((#3016));
#3018=STYLED_ITEM('',(#3017),#3015);
#3019=DIRECTION('',(1.E0,0.E0,0.E0));
#3020=VECTOR('',#3019,4.083331108093E-1);
#3021=CARTESIAN_POINT('',(2.491666889191E0,4.4E0,1.936170399189E-1));
#3022=LINE('',#3021,#3020);
#3023=CURVE_STYLE('',#19,POSITIVE_LENGTH_MEASURE(2.E-2),#13);
#3024=PRESENTATION_STYLE_ASSIGNMENT((#3023));
#3025=STYLED_ITEM('',(#3024),#3022);
#3026=DIRECTION('',(7.938787408812E-1,0.E0,-6.080761011394E-1));
#3027=VECTOR('',#3026,1.469580720365E-1);
#3028=CARTESIAN_POINT('',(3.3375E0,4.4E0,7.446807622910E-2));
#3029=LINE('',#3028,#3027);
#3030=CURVE_STYLE('',#19,POSITIVE_LENGTH_MEASURE(2.E-2),#13);
#3031=PRESENTATION_STYLE_ASSIGNMENT((#3030));
#3032=STYLED_ITEM('',(#3031),#3029);
#3033=DIRECTION('',(9.689174914946E-1,0.E0,-2.473841035229E-1));
#3034=VECTOR('',#3033,1.204088301045E-1);
#3035=CARTESIAN_POINT('',(3.454166889191E0,4.4E0,-1.489361524582E-2));
#3036=LINE('',#3035,#3034);
#3037=CURVE_STYLE('',#19,POSITIVE_LENGTH_MEASURE(2.E-2),#13);
#3038=PRESENTATION_STYLE_ASSIGNMENT((#3037));
#3039=STYLED_ITEM('',(#3038),#3036);
#3040=DIRECTION('',(1.E0,0.E0,0.E0));
#3041=VECTOR('',#3040,1.75E-1);
#3042=CARTESIAN_POINT('',(3.570833110809E0,4.4E0,-4.468084573746E-2));
#3043=LINE('',#3042,#3041);
#3044=CURVE_STYLE('',#19,POSITIVE_LENGTH_MEASURE(2.E-2),#13);
#3045=PRESENTATION_STYLE_ASSIGNMENT((#3044));
#3046=STYLED_ITEM('',(#3045),#3043);
#3047=DIRECTION('',(9.689178307915E-1,0.E0,2.473827746112E-1));
#3048=VECTOR('',#3047,1.204094769268E-1);
#3049=CARTESIAN_POINT('',(3.745833110809E0,4.4E0,-4.468084573746E-2));
#3050=LINE('',#3049,#3048);
#3051=CURVE_STYLE('',#19,POSITIVE_LENGTH_MEASURE(2.E-2),#13);
#3052=PRESENTATION_STYLE_ASSIGNMENT((#3051));
#3053=STYLED_ITEM('',(#3052),#3050);
#3054=DIRECTION('',(8.265992787996E-1,0.E0,5.627909312417E-1));
#3055=VECTOR('',#3054,1.058554032700E-1);
#3056=CARTESIAN_POINT('',(3.8625E0,4.4E0,-1.489361524582E-2));
#3057=LINE('',#3056,#3055);
#3058=CURVE_STYLE('',#19,POSITIVE_LENGTH_MEASURE(2.E-2),#13);
#3059=PRESENTATION_STYLE_ASSIGNMENT((#3058));
#3060=STYLED_ITEM('',(#3059),#3057);
#3061=DIRECTION('',(5.466210844748E-1,0.E0,8.373800750004E-1));
#3062=VECTOR('',#3061,1.067158082008E-1);
#3063=CARTESIAN_POINT('',(3.95E0,4.4E0,4.468084573746E-2));
#3064=LINE('',#3063,#3062);
#3065=CURVE_STYLE('',#19,POSITIVE_LENGTH_MEASURE(2.E-2),#13);
#3066=PRESENTATION_STYLE_ASSIGNMENT((#3065));
#3067=STYLED_ITEM('',(#3066),#3064);
#3068=DIRECTION('',(3.102820733875E-1,0.E0,9.506445365826E-1));
#3069=VECTOR('',#3068,9.400120629673E-2);
#3070=CARTESIAN_POINT('',(4.008333110809E0,4.4E0,1.340425372124E-1));
#3071=LINE('',#3070,#3069);
#3072=CURVE_STYLE('',#19,POSITIVE_LENGTH_MEASURE(2.E-2),#13);
#3073=PRESENTATION_STYLE_ASSIGNMENT((#3072));
#3074=STYLED_ITEM('',(#3073),#3071);
#3075=DIRECTION('',(0.E0,0.E0,1.E0));
#3076=VECTOR('',#3075,5.957446098328E-2);
#3077=CARTESIAN_POINT('',(4.0375E0,4.4E0,2.234042704105E-1));
#3078=LINE('',#3077,#3076);
#3079=CURVE_STYLE('',#19,POSITIVE_LENGTH_MEASURE(2.E-2),#13);
#3080=PRESENTATION_STYLE_ASSIGNMENT((#3079));
#3081=STYLED_ITEM('',(#3080),#3078);
#3082=DIRECTION('',(-3.102822043116E-1,0.E0,9.506444938501E-1));
#3083=VECTOR('',#3082,9.400116663275E-2);
#3084=CARTESIAN_POINT('',(4.0375E0,4.4E0,2.829787313938E-1));
#3085=LINE('',#3084,#3083);
#3086=CURVE_STYLE('',#19,POSITIVE_LENGTH_MEASURE(2.E-2),#13);
#3087=PRESENTATION_STYLE_ASSIGNMENT((#3086));
#3088=STYLED_ITEM('',(#3087),#3085);
#3089=DIRECTION('',(-5.466209949943E-1,0.E0,8.373801334110E-1));
#3090=VECTOR('',#3089,1.067158256699E-1);
#3091=CARTESIAN_POINT('',(4.008333110809E0,4.4E0,3.723404228687E-1));
#3092=LINE('',#3091,#3090);
#3093=CURVE_STYLE('',#19,POSITIVE_LENGTH_MEASURE(2.E-2),#13);
#3094=PRESENTATION_STYLE_ASSIGNMENT((#3093));
#3095=STYLED_ITEM('',(#3094),#3092);
#3096=DIRECTION('',(-8.265992787996E-1,0.E0,5.627909312417E-1));
#3097=VECTOR('',#3096,1.058554032700E-1);
#3098=CARTESIAN_POINT('',(3.95E0,4.4E0,4.617021352053E-1));
#3099=LINE('',#3098,#3097);
#3100=CURVE_STYLE('',#19,POSITIVE_LENGTH_MEASURE(2.E-2),#13);
#3101=PRESENTATION_STYLE_ASSIGNMENT((#3100));
#3102=STYLED_ITEM('',(#3101),#3099);
#3103=DIRECTION('',(-9.689178307915E-1,0.E0,2.473827746112E-1));
#3104=VECTOR('',#3103,1.204094769268E-1);
#3105=CARTESIAN_POINT('',(3.8625E0,4.4E0,5.212765961885E-1));
#3106=LINE('',#3105,#3104);
#3107=CURVE_STYLE('',#19,POSITIVE_LENGTH_MEASURE(2.E-2),#13);
#3108=PRESENTATION_STYLE_ASSIGNMENT((#3107));
#3109=STYLED_ITEM('',(#3108),#3106);
#3110=DIRECTION('',(-1.E0,0.E0,0.E0));
#3111=VECTOR('',#3110,1.75E-1);
#3112=CARTESIAN_POINT('',(3.745833110809E0,4.4E0,5.510638266802E-1));
#3113=LINE('',#3112,#3111);
#3114=CURVE_STYLE('',#19,POSITIVE_LENGTH_MEASURE(2.E-2),#13);
#3115=PRESENTATION_STYLE_ASSIGNMENT((#3114));
#3116=STYLED_ITEM('',(#3115),#3113);
#3117=DIRECTION('',(-9.689174914946E-1,0.E0,-2.473841035229E-1));
#3118=VECTOR('',#3117,1.204088301045E-1);
#3119=CARTESIAN_POINT('',(3.570833110809E0,4.4E0,5.510638266802E-1));
#3120=LINE('',#3119,#3118);
#3121=CURVE_STYLE('',#19,POSITIVE_LENGTH_MEASURE(2.E-2),#13);
#3122=PRESENTATION_STYLE_ASSIGNMENT((#3121));
#3123=STYLED_ITEM('',(#3122),#3120);
#3124=DIRECTION('',(-8.265992787996E-1,0.E0,-5.627909312417E-1));
#3125=VECTOR('',#3124,1.058554032700E-1);
#3126=CARTESIAN_POINT('',(3.454166889191E0,4.4E0,5.212765961885E-1));
#3127=LINE('',#3126,#3125);
#3128=CURVE_STYLE('',#19,POSITIVE_LENGTH_MEASURE(2.E-2),#13);
#3129=PRESENTATION_STYLE_ASSIGNMENT((#3128));
#3130=STYLED_ITEM('',(#3129),#3127);
#3131=DIRECTION('',(-4.397161398292E-1,0.E0,-8.981368027053E-1));
#3132=VECTOR('',#3131,1.326623544089E-1);
#3133=CARTESIAN_POINT('',(3.366666889191E0,4.4E0,4.617021352053E-1));
#3134=LINE('',#3133,#3132);
#3135=CURVE_STYLE('',#19,POSITIVE_LENGTH_MEASURE(2.E-2),#13);
#3136=PRESENTATION_STYLE_ASSIGNMENT((#3135));
#3137=STYLED_ITEM('',(#3136),#3134);
#3138=DIRECTION('',(-1.E0,0.E0,0.E0));
#3139=VECTOR('',#3138,1.75E-1);
#3140=CARTESIAN_POINT('',(3.308333110809E0,4.4E0,3.425531923771E-1));
#3141=LINE('',#3140,#3139);
#3142=CURVE_STYLE('',#19,POSITIVE_LENGTH_MEASURE(2.E-2),#13);
#3143=PRESENTATION_STYLE_ASSIGNMENT((#3142));
#3144=STYLED_ITEM('',(#3143),#3141);
#3145=DIRECTION('',(4.397161398293E-1,0.E0,8.981368027053E-1));
#3146=VECTOR('',#3145,1.326623544089E-1);
#3147=CARTESIAN_POINT('',(3.133333110809E0,4.4E0,3.425531923771E-1));
#3148=LINE('',#3147,#3146);
#3149=CURVE_STYLE('',#19,POSITIVE_LENGTH_MEASURE(2.E-2),#13);
#3150=PRESENTATION_STYLE_ASSIGNMENT((#3149));
#3151=STYLED_ITEM('',(#3150),#3148);
#3152=DIRECTION('',(5.919095150862E-1,0.E0,8.060044205527E-1));
#3153=VECTOR('',#3152,1.478266487864E-1);
#3154=CARTESIAN_POINT('',(3.191666889191E0,4.4E0,4.617021352053E-1));
#3155=LINE('',#3154,#3153);
#3156=CURVE_STYLE('',#19,POSITIVE_LENGTH_MEASURE(2.E-2),#13);
#3157=PRESENTATION_STYLE_ASSIGNMENT((#3156));
#3158=STYLED_ITEM('',(#3157),#3155);
#3159=DIRECTION('',(8.526530470707E-1,0.E0,5.224775414514E-1));
#3160=VECTOR('',#3159,1.710345272445E-1);
#3161=CARTESIAN_POINT('',(3.279166889191E0,4.4E0,5.808510676026E-1));
#3162=LINE('',#3161,#3160);
#3163=CURVE_STYLE('',#19,POSITIVE_LENGTH_MEASURE(2.E-2),#13);
#3164=PRESENTATION_STYLE_ASSIGNMENT((#3163));
#3165=STYLED_ITEM('',(#3164),#3162);
#3166=DIRECTION('',(9.797706459687E-1,0.E0,2.001236650127E-1));
#3167=VECTOR('',#3166,1.488441314397E-1);
#3168=CARTESIAN_POINT('',(3.425E0,4.4E0,6.702127669007E-1));
#3169=LINE('',#3168,#3167);
#3170=CURVE_STYLE('',#19,POSITIVE_LENGTH_MEASURE(2.E-2),#13);
#3171=PRESENTATION_STYLE_ASSIGNMENT((#3170));
#3172=STYLED_ITEM('',(#3171),#3169);
#3173=DIRECTION('',(1.E0,0.E0,0.E0));
#3174=VECTOR('',#3173,1.75E-1);
#3175=CARTESIAN_POINT('',(3.570833110809E0,4.4E0,7.E-1));
#3176=LINE('',#3175,#3174);
#3177=CURVE_STYLE('',#19,POSITIVE_LENGTH_MEASURE(2.E-2),#13);
#3178=PRESENTATION_STYLE_ASSIGNMENT((#3177));
#3179=STYLED_ITEM('',(#3178),#3176);
#3180=DIRECTION('',(9.797708255911E-1,0.E0,-2.001227856107E-1));
#3181=VECTOR('',#3180,1.488447855072E-1);
#3182=CARTESIAN_POINT('',(3.745833110809E0,4.4E0,7.E-1));
#3183=LINE('',#3182,#3181);
#3184=CURVE_STYLE('',#19,POSITIVE_LENGTH_MEASURE(2.E-2),#13);
#3185=PRESENTATION_STYLE_ASSIGNMENT((#3184));
#3186=STYLED_ITEM('',(#3185),#3183);
#3187=DIRECTION('',(8.526530470706E-1,0.E0,-5.224775414514E-1));
#3188=VECTOR('',#3187,1.710345272445E-1);
#3189=CARTESIAN_POINT('',(3.891666889191E0,4.4E0,6.702127669007E-1));
#3190=LINE('',#3189,#3188);
#3191=CURVE_STYLE('',#19,POSITIVE_LENGTH_MEASURE(2.E-2),#13);
#3192=PRESENTATION_STYLE_ASSIGNMENT((#3191));
#3193=STYLED_ITEM('',(#3192),#3190);
#3194=DIRECTION('',(5.919095150862E-1,0.E0,-8.060044205527E-1));
#3195=VECTOR('',#3194,1.478266487864E-1);
#3196=CARTESIAN_POINT('',(4.0375E0,4.4E0,5.808510676026E-1));
#3197=LINE('',#3196,#3195);
#3198=CURVE_STYLE('',#19,POSITIVE_LENGTH_MEASURE(2.E-2),#13);
#3199=PRESENTATION_STYLE_ASSIGNMENT((#3198));
#3200=STYLED_ITEM('',(#3199),#3197);
#3201=DIRECTION('',(3.646906854589E-1,0.E0,-9.311287257622E-1));
#3202=VECTOR('',#3201,1.599522914492E-1);
#3203=CARTESIAN_POINT('',(4.125E0,4.4E0,4.617021352053E-1));
#3204=LINE('',#3203,#3202);
#3205=CURVE_STYLE('',#19,POSITIVE_LENGTH_MEASURE(2.E-2),#13);
#3206=PRESENTATION_STYLE_ASSIGNMENT((#3205));
#3207=STYLED_ITEM('',(#3206),#3204);
#3208=DIRECTION('',(0.E0,0.E0,-1.E0));
#3209=VECTOR('',#3208,1.191489219666E-1);
#3210=CARTESIAN_POINT('',(4.183333110809E0,4.4E0,3.127659618855E-1));
#3211=LINE('',#3210,#3209);
#3212=CURVE_STYLE('',#19,POSITIVE_LENGTH_MEASURE(2.E-2),#13);
#3213=PRESENTATION_STYLE_ASSIGNMENT((#3212));
#3214=STYLED_ITEM('',(#3213),#3211);
#3215=DIRECTION('',(-3.646906411703E-1,0.E0,-9.311287431085E-1));
#3216=VECTOR('',#3215,1.599523108740E-1);
#3217=CARTESIAN_POINT('',(4.183333110809E0,4.4E0,1.936170399189E-1));
#3218=LINE('',#3217,#3216);
#3219=CURVE_STYLE('',#19,POSITIVE_LENGTH_MEASURE(2.E-2),#13);
#3220=PRESENTATION_STYLE_ASSIGNMENT((#3219));
#3221=STYLED_ITEM('',(#3220),#3218);
#3222=DIRECTION('',(-5.919095487496E-1,0.E0,-8.060043958311E-1));
#3223=VECTOR('',#3222,1.478266403792E-1);
#3224=CARTESIAN_POINT('',(4.125E0,4.4E0,4.468084573746E-2));
#3225=LINE('',#3224,#3223);
#3226=CURVE_STYLE('',#19,POSITIVE_LENGTH_MEASURE(2.E-2),#13);
#3227=PRESENTATION_STYLE_ASSIGNMENT((#3226));
#3228=STYLED_ITEM('',(#3227),#3225);
#3229=DIRECTION('',(-8.526530674474E-1,0.E0,-5.224775081977E-1));
#3230=VECTOR('',#3229,1.710345231571E-1);
#3231=CARTESIAN_POINT('',(4.0375E0,4.4E0,-7.446807622910E-2));
#3232=LINE('',#3231,#3230);
#3233=CURVE_STYLE('',#19,POSITIVE_LENGTH_MEASURE(2.E-2),#13);
#3234=PRESENTATION_STYLE_ASSIGNMENT((#3233));
#3235=STYLED_ITEM('',(#3234),#3232);
#3236=DIRECTION('',(-9.797708290262E-1,0.E0,-2.001227687928E-1));
#3237=VECTOR('',#3236,1.488447849854E-1);
#3238=CARTESIAN_POINT('',(3.891666889191E0,4.4E0,-1.638297677040E-1));
#3239=LINE('',#3238,#3237);
#3240=CURVE_STYLE('',#19,POSITIVE_LENGTH_MEASURE(2.E-2),#13);
#3241=PRESENTATION_STYLE_ASSIGNMENT((#3240));
#3242=STYLED_ITEM('',(#3241),#3239);
#3243=DIRECTION('',(-1.E0,0.E0,0.E0));
#3244=VECTOR('',#3243,1.75E-1);
#3245=CARTESIAN_POINT('',(3.745833110809E0,4.4E0,-1.936169981956E-1));
#3246=LINE('',#3245,#3244);
#3247=CURVE_STYLE('',#19,POSITIVE_LENGTH_MEASURE(2.E-2),#13);
#3248=PRESENTATION_STYLE_ASSIGNMENT((#3247));
#3249=STYLED_ITEM('',(#3248),#3246);
#3250=DIRECTION('',(-9.797706494039E-1,0.E0,2.001236481946E-1));
#3251=VECTOR('',#3250,1.488441309178E-1);
#3252=CARTESIAN_POINT('',(3.570833110809E0,4.4E0,-1.936169981956E-1));
#3253=LINE('',#3252,#3251);
#3254=CURVE_STYLE('',#19,POSITIVE_LENGTH_MEASURE(2.E-2),#13);
#3255=PRESENTATION_STYLE_ASSIGNMENT((#3254));
#3256=STYLED_ITEM('',(#3255),#3253);
#3257=DIRECTION('',(-8.526530674474E-1,0.E0,5.224775081977E-1));
#3258=VECTOR('',#3257,1.710345231571E-1);
#3259=CARTESIAN_POINT('',(3.425E0,4.4E0,-1.638297677040E-1));
#3260=LINE('',#3259,#3258);
#3261=CURVE_STYLE('',#19,POSITIVE_LENGTH_MEASURE(2.E-2),#13);
#3262=PRESENTATION_STYLE_ASSIGNMENT((#3261));
#3263=STYLED_ITEM('',(#3262),#3260);
#3264=DIRECTION('',(0.E0,0.E0,-1.E0));
#3265=VECTOR('',#3264,4.765957713127E-1);
#3266=CARTESIAN_POINT('',(3.279166889191E0,4.4E0,-7.446807622910E-2));
#3267=LINE('',#3266,#3265);
#3268=CURVE_STYLE('',#19,POSITIVE_LENGTH_MEASURE(2.E-2),#13);
#3269=PRESENTATION_STYLE_ASSIGNMENT((#3268));
#3270=STYLED_ITEM('',(#3269),#3267);
#3271=DIRECTION('',(1.E0,0.E0,0.E0));
#3272=VECTOR('',#3271,8.458331108093E-1);
#3273=CARTESIAN_POINT('',(3.279166889191E0,4.4E0,-5.510638475418E-1));
#3274=LINE('',#3273,#3272);
#3275=CURVE_STYLE('',#19,POSITIVE_LENGTH_MEASURE(2.E-2),#13);
#3276=PRESENTATION_STYLE_ASSIGNMENT((#3275));
#3277=STYLED_ITEM('',(#3276),#3274);
#3278=DIRECTION('',(0.E0,0.E0,-1.E0));
#3279=VECTOR('',#3278,1.489361524582E-1);
#3280=CARTESIAN_POINT('',(4.125E0,4.4E0,-5.510638475418E-1));
#3281=LINE('',#3280,#3279);
#3282=CURVE_STYLE('',#19,POSITIVE_LENGTH_MEASURE(2.E-2),#13);
#3283=PRESENTATION_STYLE_ASSIGNMENT((#3282));
#3284=STYLED_ITEM('',(#3283),#3281);
#3285=DIRECTION('',(-1.E0,0.E0,0.E0));
#3286=VECTOR('',#3285,9.916668891907E-1);
#3287=CARTESIAN_POINT('',(4.125E0,4.4E0,-7.E-1));
#3288=LINE('',#3287,#3286);
#3289=CURVE_STYLE('',#19,POSITIVE_LENGTH_MEASURE(2.E-2),#13);
#3290=PRESENTATION_STYLE_ASSIGNMENT((#3289));
#3291=STYLED_ITEM('',(#3290),#3288);
#3292=DIRECTION('',(0.E0,0.E0,1.E0));
#3293=VECTOR('',#3292,7.744680762291E-1);
#3294=CARTESIAN_POINT('',(3.133333110809E0,4.4E0,-7.E-1));
#3295=LINE('',#3294,#3293);
#3296=CURVE_STYLE('',#19,POSITIVE_LENGTH_MEASURE(2.E-2),#13);
#3297=PRESENTATION_STYLE_ASSIGNMENT((#3296));
#3298=STYLED_ITEM('',(#3297),#3295);
#3299=DIRECTION('',(1.E0,0.E0,0.E0));
#3300=VECTOR('',#3299,2.041668891907E-1);
#3301=CARTESIAN_POINT('',(3.133333110809E0,4.4E0,7.446807622910E-2));
#3302=LINE('',#3301,#3300);
#3303=CURVE_STYLE('',#19,POSITIVE_LENGTH_MEASURE(2.E-2),#13);
#3304=PRESENTATION_STYLE_ASSIGNMENT((#3303));
#3305=STYLED_ITEM('',(#3304),#3302);
#3306=DIRECTION('',(0.E0,-1.E0,0.E0));
#3307=VECTOR('',#3306,2.E-2);
#3308=CARTESIAN_POINT('',(-2.991666638851E0,4.4E0,-7.E-1));
#3309=LINE('',#3308,#3307);
#3310=CURVE_STYLE('',#19,POSITIVE_LENGTH_MEASURE(2.E-2),#13);
#3311=PRESENTATION_STYLE_ASSIGNMENT((#3310));
#3312=STYLED_ITEM('',(#3311),#3309);
#3313=DIRECTION('',(0.E0,-1.E0,0.E0));
#3314=VECTOR('',#3313,2.E-2);
#3315=CARTESIAN_POINT('',(-2.991666638851E0,4.4E0,-5.510638475418E-1));
#3316=LINE('',#3315,#3314);
#3317=CURVE_STYLE('',#19,POSITIVE_LENGTH_MEASURE(2.E-2),#13);
#3318=PRESENTATION_STYLE_ASSIGNMENT((#3317));
#3319=STYLED_ITEM('',(#3318),#3316);
#3320=DIRECTION('',(0.E0,-1.E0,0.E0));
#3321=VECTOR('',#3320,2.E-2);
#3322=CARTESIAN_POINT('',(-3.458333319426E0,4.4E0,-5.510638475418E-1));
#3323=LINE('',#3322,#3321);
#3324=CURVE_STYLE('',#19,POSITIVE_LENGTH_MEASURE(2.E-2),#13);
#3325=PRESENTATION_STYLE_ASSIGNMENT((#3324));
#3326=STYLED_ITEM('',(#3325),#3323);
#3327=DIRECTION('',(0.E0,-1.E0,0.E0));
#3328=VECTOR('',#3327,2.E-2);
#3329=CARTESIAN_POINT('',(-3.458333319426E0,4.4E0,7.E-1));
#3330=LINE('',#3329,#3328);
#3331=CURVE_STYLE('',#19,POSITIVE_LENGTH_MEASURE(2.E-2),#13);
#3332=PRESENTATION_STYLE_ASSIGNMENT((#3331));
#3333=STYLED_ITEM('',(#3332),#3330);
#3334=DIRECTION('',(0.E0,-1.E0,0.E0));
#3335=VECTOR('',#3334,2.E-2);
#3336=CARTESIAN_POINT('',(-3.633333319426E0,4.4E0,7.E-1));
#3337=LINE('',#3336,#3335);
#3338=CURVE_STYLE('',#19,POSITIVE_LENGTH_MEASURE(2.E-2),#13);
#3339=PRESENTATION_STYLE_ASSIGNMENT((#3338));
#3340=STYLED_ITEM('',(#3339),#3337);
#3341=DIRECTION('',(0.E0,-1.E0,0.E0));
#3342=VECTOR('',#3341,2.E-2);
#3343=CARTESIAN_POINT('',(-3.633333319426E0,4.4E0,-5.510638475418E-1));
#3344=LINE('',#3343,#3342);
#3345=CURVE_STYLE('',#19,POSITIVE_LENGTH_MEASURE(2.E-2),#13);
#3346=PRESENTATION_STYLE_ASSIGNMENT((#3345));
#3347=STYLED_ITEM('',(#3346),#3344);
#3348=DIRECTION('',(0.E0,-1.E0,0.E0));
#3349=VECTOR('',#3348,2.E-2);
#3350=CARTESIAN_POINT('',(-4.1E0,4.4E0,-5.510638475418E-1));
#3351=LINE('',#3350,#3349);
#3352=CURVE_STYLE('',#19,POSITIVE_LENGTH_MEASURE(2.E-2),#13);
#3353=PRESENTATION_STYLE_ASSIGNMENT((#3352));
#3354=STYLED_ITEM('',(#3353),#3351);
#3355=DIRECTION('',(0.E0,-1.E0,0.E0));
#3356=VECTOR('',#3355,2.E-2);
#3357=CARTESIAN_POINT('',(-4.1E0,4.4E0,-7.E-1));
#3358=LINE('',#3357,#3356);
#3359=CURVE_STYLE('',#19,POSITIVE_LENGTH_MEASURE(2.E-2),#13);
#3360=PRESENTATION_STYLE_ASSIGNMENT((#3359));
#3361=STYLED_ITEM('',(#3360),#3358);
#3362=DIRECTION('',(-1.E0,0.E0,0.E0));
#3363=VECTOR('',#3362,1.108333361149E0);
#3364=CARTESIAN_POINT('',(-2.991666638851E0,4.38E0,-7.E-1));
#3365=LINE('',#3364,#3363);
#3366=CURVE_STYLE('',#19,POSITIVE_LENGTH_MEASURE(2.E-2),#13);
#3367=PRESENTATION_STYLE_ASSIGNMENT((#3366));
#3368=STYLED_ITEM('',(#3367),#3365);
#3369=DIRECTION('',(0.E0,0.E0,-1.E0));
#3370=VECTOR('',#3369,1.489361524582E-1);
#3371=CARTESIAN_POINT('',(-2.991666638851E0,4.38E0,-5.510638475418E-1));
#3372=LINE('',#3371,#3370);
#3373=CURVE_STYLE('',#19,POSITIVE_LENGTH_MEASURE(2.E-2),#13);
#3374=PRESENTATION_STYLE_ASSIGNMENT((#3373));
#3375=STYLED_ITEM('',(#3374),#3372);
#3376=DIRECTION('',(1.E0,0.E0,0.E0));
#3377=VECTOR('',#3376,4.666666805744E-1);
#3378=CARTESIAN_POINT('',(-3.458333319426E0,4.38E0,-5.510638475418E-1));
#3379=LINE('',#3378,#3377);
#3380=CURVE_STYLE('',#19,POSITIVE_LENGTH_MEASURE(2.E-2),#13);
#3381=PRESENTATION_STYLE_ASSIGNMENT((#3380));
#3382=STYLED_ITEM('',(#3381),#3379);
#3383=DIRECTION('',(0.E0,0.E0,-1.E0));
#3384=VECTOR('',#3383,1.251063847542E0);
#3385=CARTESIAN_POINT('',(-3.458333319426E0,4.38E0,7.E-1));
#3386=LINE('',#3385,#3384);
#3387=CURVE_STYLE('',#19,POSITIVE_LENGTH_MEASURE(2.E-2),#13);
#3388=PRESENTATION_STYLE_ASSIGNMENT((#3387));
#3389=STYLED_ITEM('',(#3388),#3386);
#3390=DIRECTION('',(1.E0,0.E0,0.E0));
#3391=VECTOR('',#3390,1.75E-1);
#3392=CARTESIAN_POINT('',(-3.633333319426E0,4.38E0,7.E-1));
#3393=LINE('',#3392,#3391);
#3394=CURVE_STYLE('',#19,POSITIVE_LENGTH_MEASURE(2.E-2),#13);
#3395=PRESENTATION_STYLE_ASSIGNMENT((#3394));
#3396=STYLED_ITEM('',(#3395),#3393);
#3397=DIRECTION('',(0.E0,0.E0,1.E0));
#3398=VECTOR('',#3397,1.251063847542E0);
#3399=CARTESIAN_POINT('',(-3.633333319426E0,4.38E0,-5.510638475418E-1));
#3400=LINE('',#3399,#3398);
#3401=CURVE_STYLE('',#19,POSITIVE_LENGTH_MEASURE(2.E-2),#13);
#3402=PRESENTATION_STYLE_ASSIGNMENT((#3401));
#3403=STYLED_ITEM('',(#3402),#3400);
#3404=DIRECTION('',(1.E0,0.E0,0.E0));
#3405=VECTOR('',#3404,4.666666805744E-1);
#3406=CARTESIAN_POINT('',(-4.1E0,4.38E0,-5.510638475418E-1));
#3407=LINE('',#3406,#3405);
#3408=CURVE_STYLE('',#19,POSITIVE_LENGTH_MEASURE(2.E-2),#13);
#3409=PRESENTATION_STYLE_ASSIGNMENT((#3408));
#3410=STYLED_ITEM('',(#3409),#3407);
#3411=DIRECTION('',(0.E0,0.E0,1.E0));
#3412=VECTOR('',#3411,1.489361524582E-1);
#3413=CARTESIAN_POINT('',(-4.1E0,4.38E0,-7.E-1));
#3414=LINE('',#3413,#3412);
#3415=CURVE_STYLE('',#19,POSITIVE_LENGTH_MEASURE(2.E-2),#13);
#3416=PRESENTATION_STYLE_ASSIGNMENT((#3415));
#3417=STYLED_ITEM('',(#3416),#3414);
#3418=DIRECTION('',(-9.797706943097E-1,0.E0,2.001234283435E-1));
#3419=VECTOR('',#3418,1.488442944347E-1);
#3420=CARTESIAN_POINT('',(-2.291666722298E0,4.38E0,-7.E-1));
#3421=LINE('',#3420,#3419);
#3422=CURVE_STYLE('',#19,POSITIVE_LENGTH_MEASURE(2.E-2),#13);
#3423=PRESENTATION_STYLE_ASSIGNMENT((#3422));
#3424=STYLED_ITEM('',(#3423),#3421);
#3425=DIRECTION('',(-1.E0,0.E0,0.E0));
#3426=VECTOR('',#3425,2.333334445953E-1);
#3427=CARTESIAN_POINT('',(-2.058333277702E0,4.38E0,-7.E-1));
#3428=LINE('',#3427,#3426);
#3429=CURVE_STYLE('',#19,POSITIVE_LENGTH_MEASURE(2.E-2),#13);
#3430=PRESENTATION_STYLE_ASSIGNMENT((#3429));
#3431=STYLED_ITEM('',(#3430),#3428);
#3432=DIRECTION('',(-9.797706943097E-1,0.E0,-2.001234283435E-1));
#3433=VECTOR('',#3432,1.488442944347E-1);
#3434=CARTESIAN_POINT('',(-1.9125E0,4.38E0,-6.702127695084E-1));
#3435=LINE('',#3434,#3433);
#3436=CURVE_STYLE('',#19,POSITIVE_LENGTH_MEASURE(2.E-2),#13);
#3437=PRESENTATION_STYLE_ASSIGNMENT((#3436));
#3438=STYLED_ITEM('',(#3437),#3435);
#3439=DIRECTION('',(-8.906053746977E-1,0.E0,-4.547769415434E-1));
#3440=VECTOR('',#3439,1.309971010867E-1);
#3441=CARTESIAN_POINT('',(-1.795833277702E0,4.38E0,-6.106383085251E-1));
#3442=LINE('',#3441,#3440);
#3443=CURVE_STYLE('',#19,POSITIVE_LENGTH_MEASURE(2.E-2),#13);
#3444=PRESENTATION_STYLE_ASSIGNMENT((#3443));
#3445=STYLED_ITEM('',(#3444),#3442);
#3446=DIRECTION('',(-6.996244945571E-1,0.E0,-7.145107183351E-1));
#3447=VECTOR('',#3446,1.667559616799E-1);
#3448=CARTESIAN_POINT('',(-1.679166722298E0,4.38E0,-4.914893865585E-1));
#3449=LINE('',#3448,#3447);
#3450=CURVE_STYLE('',#19,POSITIVE_LENGTH_MEASURE(2.E-2),#13);
#3451=PRESENTATION_STYLE_ASSIGNMENT((#3450));
#3452=STYLED_ITEM('',(#3451),#3449);
#3453=DIRECTION('',(-4.397141723527E-1,0.E0,-8.981377659536E-1));
#3454=VECTOR('',#3453,1.326621889015E-1);
#3455=CARTESIAN_POINT('',(-1.620833277702E0,4.38E0,-3.723404645920E-1));
#3456=LINE('',#3455,#3454);
#3457=CURVE_STYLE('',#19,POSITIVE_LENGTH_MEASURE(2.E-2),#13);
#3458=PRESENTATION_STYLE_ASSIGNMENT((#3457));
#3459=STYLED_ITEM('',(#3458),#3456);
#3460=DIRECTION('',(-1.921820436730E-1,0.E0,-9.813592930674E-1));
#3461=VECTOR('',#3460,1.517652474041E-1);
#3462=CARTESIAN_POINT('',(-1.591666722298E0,4.38E0,-2.234042286873E-1));
#3463=LINE('',#3462,#3461);
#3464=CURVE_STYLE('',#19,POSITIVE_LENGTH_MEASURE(2.E-2),#13);
#3465=PRESENTATION_STYLE_ASSIGNMENT((#3464));
#3466=STYLED_ITEM('',(#3465),#3463);
#3467=DIRECTION('',(0.E0,0.E0,-1.E0));
#3468=VECTOR('',#3467,4.468084990978E-1);
#3469=CARTESIAN_POINT('',(-1.591666722298E0,4.38E0,2.234042704105E-1));
#3470=LINE('',#3469,#3468);
#3471=CURVE_STYLE('',#19,POSITIVE_LENGTH_MEASURE(2.E-2),#13);
#3472=PRESENTATION_STYLE_ASSIGNMENT((#3471));
#3473=STYLED_ITEM('',(#3472),#3470);
#3474=DIRECTION('',(1.921821473726E-1,0.E0,-9.813592727596E-1));
#3475=VECTOR('',#3474,1.517651655131E-1);
#3476=CARTESIAN_POINT('',(-1.620833277702E0,4.38E0,3.723404228687E-1));
#3477=LINE('',#3476,#3475);
#3478=CURVE_STYLE('',#19,POSITIVE_LENGTH_MEASURE(2.E-2),#13);
#3479=PRESENTATION_STYLE_ASSIGNMENT((#3478));
#3480=STYLED_ITEM('',(#3479),#3477);
#3481=DIRECTION('',(4.397141102494E-1,0.E0,-8.981377963584E-1));
#3482=VECTOR('',#3481,1.326622076382E-1);
#3483=CARTESIAN_POINT('',(-1.679166722298E0,4.38E0,4.914893656969E-1));
#3484=LINE('',#3483,#3482);
#3485=CURVE_STYLE('',#19,POSITIVE_LENGTH_MEASURE(2.E-2),#13);
#3486=PRESENTATION_STYLE_ASSIGNMENT((#3485));
#3487=STYLED_ITEM('',(#3486),#3484);
#3488=DIRECTION('',(6.996244632883E-1,0.E0,-7.145107489524E-1));
#3489=VECTOR('',#3488,1.667559691328E-1);
#3490=CARTESIAN_POINT('',(-1.795833277702E0,4.38E0,6.106382980943E-1));
#3491=LINE('',#3490,#3489);
#3492=CURVE_STYLE('',#19,POSITIVE_LENGTH_MEASURE(2.E-2),#13);
#3493=PRESENTATION_STYLE_ASSIGNMENT((#3492));
#3494=STYLED_ITEM('',(#3493),#3491);
#3495=DIRECTION('',(8.906053505096E-1,0.E0,-4.547769889117E-1));
#3496=VECTOR('',#3495,1.309971046445E-1);
#3497=CARTESIAN_POINT('',(-1.9125E0,4.38E0,6.702127669007E-1));
#3498=LINE('',#3497,#3496);
#3499=CURVE_STYLE('',#19,POSITIVE_LENGTH_MEASURE(2.E-2),#13);
#3500=PRESENTATION_STYLE_ASSIGNMENT((#3499));
#3501=STYLED_ITEM('',(#3500),#3498);
#3502=DIRECTION('',(9.797706908745E-1,0.E0,-2.001234451615E-1));
#3503=VECTOR('',#3502,1.488442949566E-1);
#3504=CARTESIAN_POINT('',(-2.058333277702E0,4.38E0,7.E-1));
#3505=LINE('',#3504,#3503);
#3506=CURVE_STYLE('',#19,POSITIVE_LENGTH_MEASURE(2.E-2),#13);
#3507=PRESENTATION_STYLE_ASSIGNMENT((#3506));
#3508=STYLED_ITEM('',(#3507),#3505);
#3509=DIRECTION('',(1.E0,0.E0,0.E0));
#3510=VECTOR('',#3509,2.333334445953E-1);
#3511=CARTESIAN_POINT('',(-2.291666722298E0,4.38E0,7.E-1));
#3512=LINE('',#3511,#3510);
#3513=CURVE_STYLE('',#19,POSITIVE_LENGTH_MEASURE(2.E-2),#13);
#3514=PRESENTATION_STYLE_ASSIGNMENT((#3513));
#3515=STYLED_ITEM('',(#3514),#3512);
#3516=DIRECTION('',(9.797706908745E-1,0.E0,2.001234451615E-1));
#3517=VECTOR('',#3516,1.488442949566E-1);
#3518=CARTESIAN_POINT('',(-2.4375E0,4.38E0,6.702127669007E-1));
#3519=LINE('',#3518,#3517);
#3520=CURVE_STYLE('',#19,POSITIVE_LENGTH_MEASURE(2.E-2),#13);
#3521=PRESENTATION_STYLE_ASSIGNMENT((#3520));
#3522=STYLED_ITEM('',(#3521),#3519);
#3523=DIRECTION('',(8.906053505096E-1,0.E0,4.547769889117E-1));
#3524=VECTOR('',#3523,1.309971046445E-1);
#3525=CARTESIAN_POINT('',(-2.554166722298E0,4.38E0,6.106382980943E-1));
#3526=LINE('',#3525,#3524);
#3527=CURVE_STYLE('',#19,POSITIVE_LENGTH_MEASURE(2.E-2),#13);
#3528=PRESENTATION_STYLE_ASSIGNMENT((#3527));
#3529=STYLED_ITEM('',(#3528),#3526);
#3530=DIRECTION('',(6.996244632883E-1,0.E0,7.145107489524E-1));
#3531=VECTOR('',#3530,1.667559691328E-1);
#3532=CARTESIAN_POINT('',(-2.670833277702E0,4.38E0,4.914893656969E-1));
#3533=LINE('',#3532,#3531);
#3534=CURVE_STYLE('',#19,POSITIVE_LENGTH_MEASURE(2.E-2),#13);
#3535=PRESENTATION_STYLE_ASSIGNMENT((#3534));
#3536=STYLED_ITEM('',(#3535),#3533);
#3537=DIRECTION('',(4.397136028534E-1,0.E0,8.981380447713E-1));
#3538=VECTOR('',#3537,1.326621709456E-1);
#3539=CARTESIAN_POINT('',(-2.729166638851E0,4.38E0,3.723404228687E-1));
#3540=LINE('',#3539,#3538);
#3541=CURVE_STYLE('',#19,POSITIVE_LENGTH_MEASURE(2.E-2),#13);
#3542=PRESENTATION_STYLE_ASSIGNMENT((#3541));
#3543=STYLED_ITEM('',(#3542),#3540);
#3544=DIRECTION('',(1.921832064360E-1,0.E0,9.813590653599E-1));
#3545=VECTOR('',#3544,1.517651975871E-1);
#3546=CARTESIAN_POINT('',(-2.758333361149E0,4.38E0,2.234042704105E-1));
#3547=LINE('',#3546,#3545);
#3548=CURVE_STYLE('',#19,POSITIVE_LENGTH_MEASURE(2.E-2),#13);
#3549=PRESENTATION_STYLE_ASSIGNMENT((#3548));
#3550=STYLED_ITEM('',(#3549),#3547);
#3551=DIRECTION('',(0.E0,0.E0,1.E0));
#3552=VECTOR('',#3551,4.468084990978E-1);
#3553=CARTESIAN_POINT('',(-2.758333361149E0,4.38E0,-2.234042286873E-1));
#3554=LINE('',#3553,#3552);
#3555=CURVE_STYLE('',#19,POSITIVE_LENGTH_MEASURE(2.E-2),#13);
#3556=PRESENTATION_STYLE_ASSIGNMENT((#3555));
#3557=STYLED_ITEM('',(#3556),#3554);
#3558=DIRECTION('',(-1.921831027359E-1,0.E0,9.813590856678E-1));
#3559=VECTOR('',#3558,1.517652794780E-1);
#3560=CARTESIAN_POINT('',(-2.729166638851E0,4.38E0,-3.723404645920E-1));
#3561=LINE('',#3560,#3559);
#3562=CURVE_STYLE('',#19,POSITIVE_LENGTH_MEASURE(2.E-2),#13);
#3563=PRESENTATION_STYLE_ASSIGNMENT((#3562));
#3564=STYLED_ITEM('',(#3563),#3561);
#3565=DIRECTION('',(-4.397136649566E-1,0.E0,8.981380143666E-1));
#3566=VECTOR('',#3565,1.326621522090E-1);
#3567=CARTESIAN_POINT('',(-2.670833277702E0,4.38E0,-4.914893865585E-1));
#3568=LINE('',#3567,#3566);
#3569=CURVE_STYLE('',#19,POSITIVE_LENGTH_MEASURE(2.E-2),#13);
#3570=PRESENTATION_STYLE_ASSIGNMENT((#3569));
#3571=STYLED_ITEM('',(#3570),#3568);
#3572=DIRECTION('',(-6.996244945571E-1,0.E0,7.145107183351E-1));
#3573=VECTOR('',#3572,1.667559616799E-1);
#3574=CARTESIAN_POINT('',(-2.554166722298E0,4.38E0,-6.106383085251E-1));
#3575=LINE('',#3574,#3573);
#3576=CURVE_STYLE('',#19,POSITIVE_LENGTH_MEASURE(2.E-2),#13);
#3577=PRESENTATION_STYLE_ASSIGNMENT((#3576));
#3578=STYLED_ITEM('',(#3577),#3575);
#3579=DIRECTION('',(-8.906053746977E-1,0.E0,4.547769415434E-1));
#3580=VECTOR('',#3579,1.309971010867E-1);
#3581=CARTESIAN_POINT('',(-2.4375E0,4.38E0,-6.702127695084E-1));
#3582=LINE('',#3581,#3580);
#3583=CURVE_STYLE('',#19,POSITIVE_LENGTH_MEASURE(2.E-2),#13);
#3584=PRESENTATION_STYLE_ASSIGNMENT((#3583));
#3585=STYLED_ITEM('',(#3584),#3582);
#3586=DIRECTION('',(1.E0,0.E0,0.E0));
#3587=VECTOR('',#3586,2.333334445953E-1);
#3588=CARTESIAN_POINT('',(-2.291666722298E0,4.38E0,-5.212766170502E-1));
#3589=LINE('',#3588,#3587);
#3590=CURVE_STYLE('',#19,POSITIVE_LENGTH_MEASURE(2.E-2),#13);
#3591=PRESENTATION_STYLE_ASSIGNMENT((#3590));
#3592=STYLED_ITEM('',(#3591),#3589);
#3593=DIRECTION('',(9.689176611437E-1,0.E0,-2.473834390653E-1));
#3594=VECTOR('',#3593,1.204091535156E-1);
#3595=CARTESIAN_POINT('',(-2.408333277702E0,4.38E0,-4.914893865585E-1));
#3596=LINE('',#3595,#3594);
#3597=CURVE_STYLE('',#19,POSITIVE_LENGTH_MEASURE(2.E-2),#13);
#3598=PRESENTATION_STYLE_ASSIGNMENT((#3597));
#3599=STYLED_ITEM('',(#3598),#3596);
#3600=DIRECTION('',(8.265992787996E-1,0.E0,-5.627909312417E-1));
#3601=VECTOR('',#3600,1.058554032700E-1);
#3602=CARTESIAN_POINT('',(-2.495833277702E0,4.38E0,-4.319149255753E-1));
#3603=LINE('',#3602,#3601);
#3604=CURVE_STYLE('',#19,POSITIVE_LENGTH_MEASURE(2.E-2),#13);
#3605=PRESENTATION_STYLE_ASSIGNMENT((#3604));
#3606=STYLED_ITEM('',(#3605),#3603);
#3607=DIRECTION('',(5.466229197794E-1,0.E0,-8.373788769559E-1));
#3608=VECTOR('',#3607,1.067160605320E-1);
#3609=CARTESIAN_POINT('',(-2.554166722298E0,4.38E0,-3.425531506538E-1));
#3610=LINE('',#3609,#3608);
#3611=CURVE_STYLE('',#19,POSITIVE_LENGTH_MEASURE(2.E-2),#13);
#3612=PRESENTATION_STYLE_ASSIGNMENT((#3611));
#3613=STYLED_ITEM('',(#3612),#3610);
#3614=DIRECTION('',(2.377704967206E-1,0.E0,-9.713213633444E-1));
#3615=VECTOR('',#3614,1.226668396918E-1);
#3616=CARTESIAN_POINT('',(-2.583333277702E0,4.38E0,-2.234042286873E-1));
#3617=LINE('',#3616,#3615);
#3618=CURVE_STYLE('',#19,POSITIVE_LENGTH_MEASURE(2.E-2),#13);
#3619=PRESENTATION_STYLE_ASSIGNMENT((#3618));
#3620=STYLED_ITEM('',(#3619),#3617);
#3621=DIRECTION('',(0.E0,0.E0,-1.E0));
#3622=VECTOR('',#3621,4.468084990978E-1);
#3623=CARTESIAN_POINT('',(-2.583333277702E0,4.38E0,2.234042704105E-1));
#3624=LINE('',#3623,#3622);
#3625=CURVE_STYLE('',#19,POSITIVE_LENGTH_MEASURE(2.E-2),#13);
#3626=PRESENTATION_STYLE_ASSIGNMENT((#3625));
#3627=STYLED_ITEM('',(#3626),#3624);
#3628=DIRECTION('',(-2.377704967206E-1,0.E0,-9.713213633444E-1));
#3629=VECTOR('',#3628,1.226668396918E-1);
#3630=CARTESIAN_POINT('',(-2.554166722298E0,4.38E0,3.425531923771E-1));
#3631=LINE('',#3630,#3629);
#3632=CURVE_STYLE('',#19,POSITIVE_LENGTH_MEASURE(2.E-2),#13);
#3633=PRESENTATION_STYLE_ASSIGNMENT((#3632));
#3634=STYLED_ITEM('',(#3633),#3631);
#3635=DIRECTION('',(-5.466232777014E-1,0.E0,-8.373786433120E-1));
#3636=VECTOR('',#3635,1.067159906556E-1);
#3637=CARTESIAN_POINT('',(-2.495833277702E0,4.38E0,4.319148838520E-1));
#3638=LINE('',#3637,#3636);
#3639=CURVE_STYLE('',#19,POSITIVE_LENGTH_MEASURE(2.E-2),#13);
#3640=PRESENTATION_STYLE_ASSIGNMENT((#3639));
#3641=STYLED_ITEM('',(#3640),#3638);
#3642=DIRECTION('',(-8.265991871191E-1,0.E0,-5.627910658975E-1));
#3643=VECTOR('',#3642,1.058554150107E-1);
#3644=CARTESIAN_POINT('',(-2.408333277702E0,4.38E0,4.914893656969E-1));
#3645=LINE('',#3644,#3643);
#3646=CURVE_STYLE('',#19,POSITIVE_LENGTH_MEASURE(2.E-2),#13);
#3647=PRESENTATION_STYLE_ASSIGNMENT((#3646));
#3648=STYLED_ITEM('',(#3647),#3645);
#3649=DIRECTION('',(-9.689176611437E-1,0.E0,-2.473834390653E-1));
#3650=VECTOR('',#3649,1.204091535156E-1);
#3651=CARTESIAN_POINT('',(-2.291666722298E0,4.38E0,5.212765961885E-1));
#3652=LINE('',#3651,#3650);
#3653=CURVE_STYLE('',#19,POSITIVE_LENGTH_MEASURE(2.E-2),#13);
#3654=PRESENTATION_STYLE_ASSIGNMENT((#3653));
#3655=STYLED_ITEM('',(#3654),#3652);
#3656=DIRECTION('',(-1.E0,0.E0,0.E0));
#3657=VECTOR('',#3656,2.333334445953E-1);
#3658=CARTESIAN_POINT('',(-2.058333277702E0,4.38E0,5.212765961885E-1));
#3659=LINE('',#3658,#3657);
#3660=CURVE_STYLE('',#19,POSITIVE_LENGTH_MEASURE(2.E-2),#13);
#3661=PRESENTATION_STYLE_ASSIGNMENT((#3660));
#3662=STYLED_ITEM('',(#3661),#3659);
#3663=DIRECTION('',(-9.689176611437E-1,0.E0,2.473834390653E-1));
#3664=VECTOR('',#3663,1.204091535156E-1);
#3665=CARTESIAN_POINT('',(-1.941666722298E0,4.38E0,4.914893656969E-1));
#3666=LINE('',#3665,#3664);
#3667=CURVE_STYLE('',#19,POSITIVE_LENGTH_MEASURE(2.E-2),#13);
#3668=PRESENTATION_STYLE_ASSIGNMENT((#3667));
#3669=STYLED_ITEM('',(#3668),#3666);
#3670=DIRECTION('',(-8.265991871191E-1,0.E0,5.627910658975E-1));
#3671=VECTOR('',#3670,1.058554150107E-1);
#3672=CARTESIAN_POINT('',(-1.854166722298E0,4.38E0,4.319148838520E-1));
#3673=LINE('',#3672,#3671);
#3674=CURVE_STYLE('',#19,POSITIVE_LENGTH_MEASURE(2.E-2),#13);
#3675=PRESENTATION_STYLE_ASSIGNMENT((#3674));
#3676=STYLED_ITEM('',(#3675),#3673);
#3677=DIRECTION('',(-5.466232777014E-1,0.E0,8.373786433120E-1));
#3678=VECTOR('',#3677,1.067159906556E-1);
#3679=CARTESIAN_POINT('',(-1.795833277702E0,4.38E0,3.425531923771E-1));
#3680=LINE('',#3679,#3678);
#3681=CURVE_STYLE('',#19,POSITIVE_LENGTH_MEASURE(2.E-2),#13);
#3682=PRESENTATION_STYLE_ASSIGNMENT((#3681));
#3683=STYLED_ITEM('',(#3682),#3680);
#3684=DIRECTION('',(-2.377704967207E-1,0.E0,9.713213633444E-1));
#3685=VECTOR('',#3684,1.226668396918E-1);
#3686=CARTESIAN_POINT('',(-1.766666722298E0,4.38E0,2.234042704105E-1));
#3687=LINE('',#3686,#3685);
#3688=CURVE_STYLE('',#19,POSITIVE_LENGTH_MEASURE(2.E-2),#13);
#3689=PRESENTATION_STYLE_ASSIGNMENT((#3688));
#3690=STYLED_ITEM('',(#3689),#3687);
#3691=DIRECTION('',(0.E0,0.E0,1.E0));
#3692=VECTOR('',#3691,4.468084990978E-1);
#3693=CARTESIAN_POINT('',(-1.766666722298E0,4.38E0,-2.234042286873E-1));
#3694=LINE('',#3693,#3692);
#3695=CURVE_STYLE('',#19,POSITIVE_LENGTH_MEASURE(2.E-2),#13);
#3696=PRESENTATION_STYLE_ASSIGNMENT((#3695));
#3697=STYLED_ITEM('',(#3696),#3694);
#3698=DIRECTION('',(2.377704967207E-1,0.E0,9.713213633444E-1));
#3699=VECTOR('',#3698,1.226668396918E-1);
#3700=CARTESIAN_POINT('',(-1.795833277702E0,4.38E0,-3.425531506538E-1));
#3701=LINE('',#3700,#3699);
#3702=CURVE_STYLE('',#19,POSITIVE_LENGTH_MEASURE(2.E-2),#13);
#3703=PRESENTATION_STYLE_ASSIGNMENT((#3702));
#3704=STYLED_ITEM('',(#3703),#3701);
#3705=DIRECTION('',(5.466229197794E-1,0.E0,8.373788769559E-1));
#3706=VECTOR('',#3705,1.067160605320E-1);
#3707=CARTESIAN_POINT('',(-1.854166722298E0,4.38E0,-4.319149255753E-1));
#3708=LINE('',#3707,#3706);
#3709=CURVE_STYLE('',#19,POSITIVE_LENGTH_MEASURE(2.E-2),#13);
#3710=PRESENTATION_STYLE_ASSIGNMENT((#3709));
#3711=STYLED_ITEM('',(#3710),#3708);
#3712=DIRECTION('',(8.265992787996E-1,0.E0,5.627909312417E-1));
#3713=VECTOR('',#3712,1.058554032700E-1);
#3714=CARTESIAN_POINT('',(-1.941666722298E0,4.38E0,-4.914893865585E-1));
#3715=LINE('',#3714,#3713);
#3716=CURVE_STYLE('',#19,POSITIVE_LENGTH_MEASURE(2.E-2),#13);
#3717=PRESENTATION_STYLE_ASSIGNMENT((#3716));
#3718=STYLED_ITEM('',(#3717),#3715);
#3719=DIRECTION('',(9.689176611437E-1,0.E0,2.473834390653E-1));
#3720=VECTOR('',#3719,1.204091535156E-1);
#3721=CARTESIAN_POINT('',(-2.058333277702E0,4.38E0,-5.212766170502E-1));
#3722=LINE('',#3721,#3720);
#3723=CURVE_STYLE('',#19,POSITIVE_LENGTH_MEASURE(2.E-2),#13);
#3724=PRESENTATION_STYLE_ASSIGNMENT((#3723));
#3725=STYLED_ITEM('',(#3724),#3722);
#3726=DIRECTION('',(0.E0,0.E0,1.E0));
#3727=VECTOR('',#3726,1.489361733198E-1);
#3728=CARTESIAN_POINT('',(-1.358333277702E0,4.38E0,5.510638266802E-1));
#3729=LINE('',#3728,#3727);
#3730=CURVE_STYLE('',#19,POSITIVE_LENGTH_MEASURE(2.E-2),#13);
#3731=PRESENTATION_STYLE_ASSIGNMENT((#3730));
#3732=STYLED_ITEM('',(#3731),#3729);
#3733=DIRECTION('',(-7.389229891797E-1,0.E0,6.737898901451E-1));
#3734=VECTOR('',#3733,1.105212226790E0);
#3735=CARTESIAN_POINT('',(-5.416665554047E-1,4.38E0,-1.936169981956E-1));
#3736=LINE('',#3735,#3734);
#3737=CURVE_STYLE('',#19,POSITIVE_LENGTH_MEASURE(2.E-2),#13);
#3738=PRESENTATION_STYLE_ASSIGNMENT((#3737));
#3739=STYLED_ITEM('',(#3738),#3736);
#3740=DIRECTION('',(-4.397121427660E-1,0.E0,8.981387596046E-1));
#3741=VECTOR('',#3740,1.326620421314E-1);
#3742=CARTESIAN_POINT('',(-4.833334445953E-1,4.38E0,-3.127659201622E-1));
#3743=LINE('',#3742,#3741);
#3744=CURVE_STYLE('',#19,POSITIVE_LENGTH_MEASURE(2.E-2),#13);
#3745=PRESENTATION_STYLE_ASSIGNMENT((#3744));
#3746=STYLED_ITEM('',(#3745),#3743);
#3747=DIRECTION('',(0.E0,-1.490869008234E-14,1.E0));
#3748=VECTOR('',#3747,5.957454442978E-2);
#3749=CARTESIAN_POINT('',(-4.833334445953E-1,4.38E0,-3.723404645920E-1));
#3750=LINE('',#3749,#3748);
#3751=CURVE_STYLE('',#19,POSITIVE_LENGTH_MEASURE(2.E-2),#13);
#3752=PRESENTATION_STYLE_ASSIGNMENT((#3751));
#3753=STYLED_ITEM('',(#3752),#3750);
#3754=DIRECTION('',(5.466210844748E-1,0.E0,8.373800750004E-1));
#3755=VECTOR('',#3754,1.067158082008E-1);
#3756=CARTESIAN_POINT('',(-5.416665554047E-1,4.38E0,-4.617021560669E-1));
#3757=LINE('',#3756,#3755);
#3758=CURVE_STYLE('',#19,POSITIVE_LENGTH_MEASURE(2.E-2),#13);
#3759=PRESENTATION_STYLE_ASSIGNMENT((#3758));
#3760=STYLED_ITEM('',(#3759),#3757);
#3761=DIRECTION('',(8.265992787996E-1,0.E0,5.627909312417E-1));
#3762=VECTOR('',#3761,1.058554032700E-1);
#3763=CARTESIAN_POINT('',(-6.291665554047E-1,4.38E0,-5.212766170502E-1));
#3764=LINE('',#3763,#3762);
#3765=CURVE_STYLE('',#19,POSITIVE_LENGTH_MEASURE(2.E-2),#13);
#3766=PRESENTATION_STYLE_ASSIGNMENT((#3765));
#3767=STYLED_ITEM('',(#3766),#3764);
#3768=DIRECTION('',(9.797707392153E-1,0.E0,2.001232084928E-1));
#3769=VECTOR('',#3768,1.488444579516E-1);
#3770=CARTESIAN_POINT('',(-7.75E-1,4.38E0,-5.510638475418E-1));
#3771=LINE('',#3770,#3769);
#3772=CURVE_STYLE('',#19,POSITIVE_LENGTH_MEASURE(2.E-2),#13);
#3773=PRESENTATION_STYLE_ASSIGNMENT((#3772));
#3774=STYLED_ITEM('',(#3773),#3771);
#3775=DIRECTION('',(1.E0,0.E0,0.E0));
#3776=VECTOR('',#3775,1.166665554047E-1);
#3777=CARTESIAN_POINT('',(-8.916665554047E-1,4.38E0,-5.510638475418E-1));
#3778=LINE('',#3777,#3776);
#3779=CURVE_STYLE('',#19,POSITIVE_LENGTH_MEASURE(2.E-2),#13);
#3780=PRESENTATION_STYLE_ASSIGNMENT((#3779));
#3781=STYLED_ITEM('',(#3780),#3778);
#3782=DIRECTION('',(9.797707392153E-1,0.E0,-2.001232084928E-1));
#3783=VECTOR('',#3782,1.488444579516E-1);
#3784=CARTESIAN_POINT('',(-1.0375E0,4.38E0,-5.212766170502E-1));
#3785=LINE('',#3784,#3783);
#3786=CURVE_STYLE('',#19,POSITIVE_LENGTH_MEASURE(2.E-2),#13);
#3787=PRESENTATION_STYLE_ASSIGNMENT((#3786));
#3788=STYLED_ITEM('',(#3787),#3785);
#3789=DIRECTION('',(8.265992787996E-1,0.E0,-5.627909312417E-1));
#3790=VECTOR('',#3789,1.058554032700E-1);
#3791=CARTESIAN_POINT('',(-1.125E0,4.38E0,-4.617021560669E-1));
#3792=LINE('',#3791,#3790);
#3793=CURVE_STYLE('',#19,POSITIVE_LENGTH_MEASURE(2.E-2),#13);
#3794=PRESENTATION_STYLE_ASSIGNMENT((#3793));
#3795=STYLED_ITEM('',(#3794),#3792);
#3796=DIRECTION('',(5.466232777014E-1,0.E0,-8.373786433120E-1));
#3797=VECTOR('',#3796,1.067159906556E-1);
#3798=CARTESIAN_POINT('',(-1.183333444595E0,4.38E0,-3.723404645920E-1));
#3799=LINE('',#3798,#3797);
#3800=CURVE_STYLE('',#19,POSITIVE_LENGTH_MEASURE(2.E-2),#13);
#3801=PRESENTATION_STYLE_ASSIGNMENT((#3800));
#3802=STYLED_ITEM('',(#3801),#3799);
#3803=DIRECTION('',(1.E0,0.E0,0.E0));
#3804=VECTOR('',#3803,1.458332777023E-1);
#3805=CARTESIAN_POINT('',(-1.329166722298E0,4.38E0,-3.723404645920E-1));
#3806=LINE('',#3805,#3804);
#3807=CURVE_STYLE('',#19,POSITIVE_LENGTH_MEASURE(2.E-2),#13);
#3808=PRESENTATION_STYLE_ASSIGNMENT((#3807));
#3809=STYLED_ITEM('',(#3808),#3806);
#3810=DIRECTION('',(-2.377717803411E-1,0.E0,9.713210491251E-1));
#3811=VECTOR('',#3810,1.226668793741E-1);
#3812=CARTESIAN_POINT('',(-1.3E0,4.38E0,-4.914893865585E-1));
#3813=LINE('',#3812,#3811);
#3814=CURVE_STYLE('',#19,POSITIVE_LENGTH_MEASURE(2.E-2),#13);
#3815=PRESENTATION_STYLE_ASSIGNMENT((#3814));
#3816=STYLED_ITEM('',(#3815),#3813);
#3817=DIRECTION('',(-6.996244945571E-1,0.E0,7.145107183351E-1));
#3818=VECTOR('',#3817,1.667559616799E-1);
#3819=CARTESIAN_POINT('',(-1.183333444595E0,4.38E0,-6.106383085251E-1));
#3820=LINE('',#3819,#3818);
#3821=CURVE_STYLE('',#19,POSITIVE_LENGTH_MEASURE(2.E-2),#13);
#3822=PRESENTATION_STYLE_ASSIGNMENT((#3821));
#3823=STYLED_ITEM('',(#3822),#3820);
#3824=DIRECTION('',(-8.906056381928E-1,0.E0,4.547764255314E-1));
#3825=VECTOR('',#3824,1.309972497226E-1);
#3826=CARTESIAN_POINT('',(-1.066666555405E0,4.38E0,-6.702127695084E-1));
#3827=LINE('',#3826,#3825);
#3828=CURVE_STYLE('',#19,POSITIVE_LENGTH_MEASURE(2.E-2),#13);
#3829=PRESENTATION_STYLE_ASSIGNMENT((#3828));
#3830=STYLED_ITEM('',(#3829),#3827);
#3831=DIRECTION('',(-9.895240227806E-1,0.E0,1.443683079492E-1));
#3832=VECTOR('',#3831,2.063280432858E-1);
#3833=CARTESIAN_POINT('',(-8.625E-1,4.38E0,-7.E-1));
#3834=LINE('',#3833,#3832);
#3835=CURVE_STYLE('',#19,POSITIVE_LENGTH_MEASURE(2.E-2),#13);
#3836=PRESENTATION_STYLE_ASSIGNMENT((#3835));
#3837=STYLED_ITEM('',(#3836),#3834);
#3838=DIRECTION('',(-1.E0,0.E0,0.E0));
#3839=VECTOR('',#3838,1.166665554047E-1);
#3840=CARTESIAN_POINT('',(-7.458334445953E-1,4.38E0,-7.E-1));
#3841=LINE('',#3840,#3839);
#3842=CURVE_STYLE('',#19,POSITIVE_LENGTH_MEASURE(2.E-2),#13);
#3843=PRESENTATION_STYLE_ASSIGNMENT((#3842));
#3844=STYLED_ITEM('',(#3843),#3841);
#3845=DIRECTION('',(-9.858211730931E-1,0.E0,-1.677993286083E-1));
#3846=VECTOR('',#3845,1.775169825689E-1);
#3847=CARTESIAN_POINT('',(-5.708334445953E-1,4.38E0,-6.702127695084E-1));
#3848=LINE('',#3847,#3846);
#3849=CURVE_STYLE('',#19,POSITIVE_LENGTH_MEASURE(2.E-2),#13);
#3850=PRESENTATION_STYLE_ASSIGNMENT((#3849));
#3851=STYLED_ITEM('',(#3850),#3848);
#3852=DIRECTION('',(-8.906056381928E-1,0.E0,-4.547764255314E-1));
#3853=VECTOR('',#3852,1.309972497226E-1);
#3854=CARTESIAN_POINT('',(-4.541665554047E-1,4.38E0,-6.106383085251E-1));
#3855=LINE('',#3854,#3853);
#3856=CURVE_STYLE('',#19,POSITIVE_LENGTH_MEASURE(2.E-2),#13);
#3857=PRESENTATION_STYLE_ASSIGNMENT((#3856));
#3858=STYLED_ITEM('',(#3857),#3855);
#3859=DIRECTION('',(-6.996244945571E-1,0.E0,-7.145107183351E-1));
#3860=VECTOR('',#3859,1.667559616799E-1);
#3861=CARTESIAN_POINT('',(-3.375E-1,4.38E0,-4.914893865585E-1));
#3862=LINE('',#3861,#3860);
#3863=CURVE_STYLE('',#19,POSITIVE_LENGTH_MEASURE(2.E-2),#13);
#3864=PRESENTATION_STYLE_ASSIGNMENT((#3863));
#3865=STYLED_ITEM('',(#3864),#3862);
#3866=DIRECTION('',(-2.377704967207E-1,0.E0,-9.713213633444E-1));
#3867=VECTOR('',#3866,1.226668396918E-1);
#3868=CARTESIAN_POINT('',(-3.083334445953E-1,4.38E0,-3.723404645920E-1));
#3869=LINE('',#3868,#3867);
#3870=CURVE_STYLE('',#19,POSITIVE_LENGTH_MEASURE(2.E-2),#13);
#3871=PRESENTATION_STYLE_ASSIGNMENT((#3870));
#3872=STYLED_ITEM('',(#3871),#3869);
#3873=DIRECTION('',(0.E0,-1.490869008234E-14,-1.E0));
#3874=VECTOR('',#3873,5.957454442978E-2);
#3875=CARTESIAN_POINT('',(-3.083334445953E-1,4.38E0,-3.127659201622E-1));
#3876=LINE('',#3875,#3874);
#3877=CURVE_STYLE('',#19,POSITIVE_LENGTH_MEASURE(2.E-2),#13);
#3878=PRESENTATION_STYLE_ASSIGNMENT((#3877));
#3879=STYLED_ITEM('',(#3878),#3876);
#3880=DIRECTION('',(2.377704967207E-1,0.E0,-9.713213633444E-1));
#3881=VECTOR('',#3880,1.226668396918E-1);
#3882=CARTESIAN_POINT('',(-3.375E-1,4.38E0,-1.936169981956E-1));
#3883=LINE('',#3882,#3881);
#3884=CURVE_STYLE('',#19,POSITIVE_LENGTH_MEASURE(2.E-2),#13);
#3885=PRESENTATION_STYLE_ASSIGNMENT((#3884));
#3886=STYLED_ITEM('',(#3885),#3883);
#3887=DIRECTION('',(5.466232777014E-1,0.E0,-8.373786433120E-1));
#3888=VECTOR('',#3887,1.067159906556E-1);
#3889=CARTESIAN_POINT('',(-3.958334445953E-1,4.38E0,-1.042553067207E-1));
#3890=LINE('',#3889,#3888);
#3891=CURVE_STYLE('',#19,POSITIVE_LENGTH_MEASURE(2.E-2),#13);
#3892=PRESENTATION_STYLE_ASSIGNMENT((#3891));
#3893=STYLED_ITEM('',(#3892),#3890);
#3894=DIRECTION('',(7.437660397173E-1,0.E0,-6.684400333338E-1));
#3895=VECTOR('',#3894,9.803708645824E-1);
#3896=CARTESIAN_POINT('',(-1.125E0,4.38E0,5.510638266802E-1));
#3897=LINE('',#3896,#3895);
#3898=CURVE_STYLE('',#19,POSITIVE_LENGTH_MEASURE(2.E-2),#13);
#3899=PRESENTATION_STYLE_ASSIGNMENT((#3898));
#3900=STYLED_ITEM('',(#3899),#3897);
#3901=DIRECTION('',(-1.E0,0.E0,0.E0));
#3902=VECTOR('',#3901,8.166665554047E-1);
#3903=CARTESIAN_POINT('',(-3.083334445953E-1,4.38E0,5.510638266802E-1));
#3904=LINE('',#3903,#3902);
#3905=CURVE_STYLE('',#19,POSITIVE_LENGTH_MEASURE(2.E-2),#13);
#3906=PRESENTATION_STYLE_ASSIGNMENT((#3905));
#3907=STYLED_ITEM('',(#3906),#3904);
#3908=DIRECTION('',(0.E0,0.E0,-1.E0));
#3909=VECTOR('',#3908,1.489361733198E-1);
#3910=CARTESIAN_POINT('',(-3.083334445953E-1,4.38E0,7.E-1));
#3911=LINE('',#3910,#3909);
#3912=CURVE_STYLE('',#19,POSITIVE_LENGTH_MEASURE(2.E-2),#13);
#3913=PRESENTATION_STYLE_ASSIGNMENT((#3912));
#3914=STYLED_ITEM('',(#3913),#3911);
#3915=DIRECTION('',(1.E0,0.E0,0.E0));
#3916=VECTOR('',#3915,1.049999833107E0);
#3917=CARTESIAN_POINT('',(-1.358333277702E0,4.38E0,7.E-1));
#3918=LINE('',#3917,#3916);
#3919=CURVE_STYLE('',#19,POSITIVE_LENGTH_MEASURE(2.E-2),#13);
#3920=PRESENTATION_STYLE_ASSIGNMENT((#3919));
#3921=STYLED_ITEM('',(#3920),#3918);
#3922=DIRECTION('',(-6.996248351869E-1,0.E0,-7.145103848018E-1));
#3923=VECTOR('',#3922,1.250670296411E-1);
#3924=CARTESIAN_POINT('',(9.166665554047E-1,4.38E0,1.489361524582E-2));
#3925=LINE('',#3924,#3923);
#3926=CURVE_STYLE('',#19,POSITIVE_LENGTH_MEASURE(2.E-2),#13);
#3927=PRESENTATION_STYLE_ASSIGNMENT((#3926));
#3928=STYLED_ITEM('',(#3927),#3925);
#3929=DIRECTION('',(-3.646925389895E-1,0.E0,-9.311279997967E-1));
#3930=VECTOR('',#3929,1.599523937533E-1);
#3931=CARTESIAN_POINT('',(9.75E-1,4.38E0,1.638297677040E-1));
#3932=LINE('',#3931,#3930);
#3933=CURVE_STYLE('',#19,POSITIVE_LENGTH_MEASURE(2.E-2),#13);
#3934=PRESENTATION_STYLE_ASSIGNMENT((#3933));
#3935=STYLED_ITEM('',(#3934),#3932);
#3936=DIRECTION('',(0.E0,0.E0,-1.E0));
#3937=VECTOR('',#3936,1.489361941814E-1);
#3938=CARTESIAN_POINT('',(9.75E-1,4.38E0,3.127659618855E-1));
#3939=LINE('',#3938,#3937);
#3940=CURVE_STYLE('',#19,POSITIVE_LENGTH_MEASURE(2.E-2),#13);
#3941=PRESENTATION_STYLE_ASSIGNMENT((#3940));
#3942=STYLED_ITEM('',(#3941),#3939);
#3943=DIRECTION('',(3.646924947007E-1,0.E0,-9.311280171432E-1));
#3944=VECTOR('',#3943,1.599524131781E-1);
#3945=CARTESIAN_POINT('',(9.166665554047E-1,4.38E0,4.617021352053E-1));
#3946=LINE('',#3945,#3944);
#3947=CURVE_STYLE('',#19,POSITIVE_LENGTH_MEASURE(2.E-2),#13);
#3948=PRESENTATION_STYLE_ASSIGNMENT((#3947));
#3949=STYLED_ITEM('',(#3948),#3946);
#3950=DIRECTION('',(5.919095150862E-1,0.E0,-8.060044205527E-1));
#3951=VECTOR('',#3950,1.478266487864E-1);
#3952=CARTESIAN_POINT('',(8.291665554047E-1,4.38E0,5.808510676026E-1));
#3953=LINE('',#3952,#3951);
#3954=CURVE_STYLE('',#19,POSITIVE_LENGTH_MEASURE(2.E-2),#13);
#3955=PRESENTATION_STYLE_ASSIGNMENT((#3954));
#3956=STYLED_ITEM('',(#3955),#3953);
#3957=DIRECTION('',(8.526530470707E-1,0.E0,-5.224775414514E-1));
#3958=VECTOR('',#3957,1.710345272445E-1);
#3959=CARTESIAN_POINT('',(6.833334445953E-1,4.38E0,6.702127669007E-1));
#3960=LINE('',#3959,#3958);
#3961=CURVE_STYLE('',#19,POSITIVE_LENGTH_MEASURE(2.E-2),#13);
#3962=PRESENTATION_STYLE_ASSIGNMENT((#3961));
#3963=STYLED_ITEM('',(#3962),#3960);
#3964=DIRECTION('',(9.797707357802E-1,0.E0,-2.001232253108E-1));
#3965=VECTOR('',#3964,1.488444584735E-1);
#3966=CARTESIAN_POINT('',(5.375E-1,4.38E0,7.E-1));
#3967=LINE('',#3966,#3965);
#3968=CURVE_STYLE('',#19,POSITIVE_LENGTH_MEASURE(2.E-2),#13);
#3969=PRESENTATION_STYLE_ASSIGNMENT((#3968));
#3970=STYLED_ITEM('',(#3969),#3967);
#3971=DIRECTION('',(1.E0,0.E0,0.E0));
#3972=VECTOR('',#3971,1.458334445953E-1);
#3973=CARTESIAN_POINT('',(3.916665554047E-1,4.38E0,7.E-1));
#3974=LINE('',#3973,#3972);
#3975=CURVE_STYLE('',#19,POSITIVE_LENGTH_MEASURE(2.E-2),#13);
#3976=PRESENTATION_STYLE_ASSIGNMENT((#3975));
#3977=STYLED_ITEM('',(#3976),#3974);
#3978=DIRECTION('',(9.797706459687E-1,0.E0,2.001236650127E-1));
#3979=VECTOR('',#3978,1.488441314397E-1);
#3980=CARTESIAN_POINT('',(2.458334445953E-1,4.38E0,6.702127669007E-1));
#3981=LINE('',#3980,#3979);
#3982=CURVE_STYLE('',#19,POSITIVE_LENGTH_MEASURE(2.E-2),#13);
#3983=PRESENTATION_STYLE_ASSIGNMENT((#3982));
#3984=STYLED_ITEM('',(#3983),#3981);
#3985=DIRECTION('',(8.526535798146E-1,0.E0,5.224766720432E-1));
#3986=VECTOR('',#3985,1.710348118483E-1);
#3987=CARTESIAN_POINT('',(1.E-1,4.38E0,5.808510676026E-1));
#3988=LINE('',#3987,#3986);
#3989=CURVE_STYLE('',#19,POSITIVE_LENGTH_MEASURE(2.E-2),#13);
#3990=PRESENTATION_STYLE_ASSIGNMENT((#3989));
#3991=STYLED_ITEM('',(#3990),#3988);
#3992=DIRECTION('',(5.919095150862E-1,0.E0,8.060044205527E-1));
#3993=VECTOR('',#3992,1.478266487864E-1);
#3994=CARTESIAN_POINT('',(1.25E-2,4.38E0,4.617021352053E-1));
#3995=LINE('',#3994,#3993);
#3996=CURVE_STYLE('',#19,POSITIVE_LENGTH_MEASURE(2.E-2),#13);
#3997=PRESENTATION_STYLE_ASSIGNMENT((#3996));
#3998=STYLED_ITEM('',(#3997),#3995);
#3999=DIRECTION('',(3.646924947007E-1,0.E0,9.311280171432E-1));
#4000=VECTOR('',#3999,1.599524131781E-1);
#4001=CARTESIAN_POINT('',(-4.583344459534E-2,4.38E0,3.127659618855E-1));
#4002=LINE('',#4001,#4000);
#4003=CURVE_STYLE('',#19,POSITIVE_LENGTH_MEASURE(2.E-2),#13);
#4004=PRESENTATION_STYLE_ASSIGNMENT((#4003));
#4005=STYLED_ITEM('',(#4004),#4002);
#4006=DIRECTION('',(1.385316809416E-1,0.E0,9.903580026311E-1));
#4007=VECTOR('',#4006,2.105406879237E-1);
#4008=CARTESIAN_POINT('',(-7.5E-2,4.38E0,1.042553067207E-1));
#4009=LINE('',#4008,#4007);
#4010=CURVE_STYLE('',#19,POSITIVE_LENGTH_MEASURE(2.E-2),#13);
#4011=PRESENTATION_STYLE_ASSIGNMENT((#4010));
#4012=STYLED_ITEM('',(#4011),#4009);
#4013=DIRECTION('',(0.E0,0.E0,1.E0));
#4014=VECTOR('',#4013,2.085106134415E-1);
#4015=CARTESIAN_POINT('',(-7.5E-2,4.38E0,-1.042553067207E-1));
#4016=LINE('',#4015,#4014);
#4017=CURVE_STYLE('',#19,POSITIVE_LENGTH_MEASURE(2.E-2),#13);
#4018=PRESENTATION_STYLE_ASSIGNMENT((#4017));
#4019=STYLED_ITEM('',(#4018),#4016);
#4020=DIRECTION('',(-1.385317081299E-1,0.E0,9.903579988280E-1));
#4021=VECTOR('',#4020,2.105406466028E-1);
#4022=CARTESIAN_POINT('',(-4.583344459534E-2,4.38E0,-3.127659201622E-1));
#4023=LINE('',#4022,#4021);
#4024=CURVE_STYLE('',#19,POSITIVE_LENGTH_MEASURE(2.E-2),#13);
#4025=PRESENTATION_STYLE_ASSIGNMENT((#4024));
#4026=STYLED_ITEM('',(#4025),#4023);
#4027=DIRECTION('',(-3.646923618345E-1,0.E0,9.311280691825E-1));
#4028=VECTOR('',#4027,1.599524714527E-1);
#4029=CARTESIAN_POINT('',(1.25E-2,4.38E0,-4.617021560669E-1));
#4030=LINE('',#4029,#4028);
#4031=CURVE_STYLE('',#19,POSITIVE_LENGTH_MEASURE(2.E-2),#13);
#4032=PRESENTATION_STYLE_ASSIGNMENT((#4031));
#4033=STYLED_ITEM('',(#4032),#4030);
#4034=DIRECTION('',(-5.919095487496E-1,0.E0,8.060043958311E-1));
#4035=VECTOR('',#4034,1.478266403792E-1);
#4036=CARTESIAN_POINT('',(1.E-1,4.38E0,-5.808510780334E-1));
#4037=LINE('',#4036,#4035);
#4038=CURVE_STYLE('',#19,POSITIVE_LENGTH_MEASURE(2.E-2),#13);
#4039=PRESENTATION_STYLE_ASSIGNMENT((#4038));
#4040=STYLED_ITEM('',(#4039),#4037);
#4041=DIRECTION('',(-8.526536001913E-1,0.E0,5.224766387895E-1));
#4042=VECTOR('',#4041,1.710348077609E-1);
#4043=CARTESIAN_POINT('',(2.458334445953E-1,4.38E0,-6.702127695084E-1));
#4044=LINE('',#4043,#4042);
#4045=CURVE_STYLE('',#19,POSITIVE_LENGTH_MEASURE(2.E-2),#13);
#4046=PRESENTATION_STYLE_ASSIGNMENT((#4045));
#4047=STYLED_ITEM('',(#4046),#4044);
#4048=DIRECTION('',(-9.797706494039E-1,0.E0,2.001236481946E-1));
#4049=VECTOR('',#4048,1.488441309178E-1);
#4050=CARTESIAN_POINT('',(3.916665554047E-1,4.38E0,-7.E-1));
#4051=LINE('',#4050,#4049);
#4052=CURVE_STYLE('',#19,POSITIVE_LENGTH_MEASURE(2.E-2),#13);
#4053=PRESENTATION_STYLE_ASSIGNMENT((#4052));
#4054=STYLED_ITEM('',(#4053),#4051);
#4055=DIRECTION('',(-1.E0,0.E0,0.E0));
#4056=VECTOR('',#4055,1.166668891907E-1);
#4057=CARTESIAN_POINT('',(5.083334445953E-1,4.38E0,-7.E-1));
#4058=LINE('',#4057,#4056);
#4059=CURVE_STYLE('',#19,POSITIVE_LENGTH_MEASURE(2.E-2),#13);
#4060=PRESENTATION_STYLE_ASSIGNMENT((#4059));
#4061=STYLED_ITEM('',(#4060),#4058);
#4062=DIRECTION('',(-9.797706494039E-1,0.E0,-2.001236481946E-1));
#4063=VECTOR('',#4062,1.488441309178E-1);
#4064=CARTESIAN_POINT('',(6.541665554047E-1,4.38E0,-6.702127695084E-1));
#4065=LINE('',#4064,#4063);
#4066=CURVE_STYLE('',#19,POSITIVE_LENGTH_MEASURE(2.E-2),#13);
#4067=PRESENTATION_STYLE_ASSIGNMENT((#4066));
#4068=STYLED_ITEM('',(#4067),#4065);
#4069=DIRECTION('',(-8.526536001913E-1,0.E0,-5.224766387895E-1));
#4070=VECTOR('',#4069,1.710348077609E-1);
#4071=CARTESIAN_POINT('',(8.E-1,4.38E0,-5.808510780334E-1));
#4072=LINE('',#4071,#4070);
#4073=CURVE_STYLE('',#19,POSITIVE_LENGTH_MEASURE(2.E-2),#13);
#4074=PRESENTATION_STYLE_ASSIGNMENT((#4073));
#4075=STYLED_ITEM('',(#4074),#4072);
#4076=DIRECTION('',(-5.919095487496E-1,0.E0,-8.060043958311E-1));
#4077=VECTOR('',#4076,1.478266403792E-1);
#4078=CARTESIAN_POINT('',(8.875E-1,4.38E0,-4.617021560669E-1));
#4079=LINE('',#4078,#4077);
#4080=CURVE_STYLE('',#19,POSITIVE_LENGTH_MEASURE(2.E-2),#13);
#4081=PRESENTATION_STYLE_ASSIGNMENT((#4080));
#4082=STYLED_ITEM('',(#4081),#4079);
#4083=DIRECTION('',(-3.102789952956E-1,0.E0,-9.506455412394E-1));
#4084=VECTOR('',#4083,9.400106306543E-2);
#4085=CARTESIAN_POINT('',(9.166665554047E-1,4.38E0,-3.723404645920E-1));
#4086=LINE('',#4085,#4084);
#4087=CURVE_STYLE('',#19,POSITIVE_LENGTH_MEASURE(2.E-2),#13);
#4088=PRESENTATION_STYLE_ASSIGNMENT((#4087));
#4089=STYLED_ITEM('',(#4088),#4086);
#4090=DIRECTION('',(1.E0,0.E0,0.E0));
#4091=VECTOR('',#4090,1.458331108093E-1);
#4092=CARTESIAN_POINT('',(7.708334445953E-1,4.38E0,-3.723404645920E-1));
#4093=LINE('',#4092,#4091);
#4094=CURVE_STYLE('',#19,POSITIVE_LENGTH_MEASURE(2.E-2),#13);
#4095=PRESENTATION_STYLE_ASSIGNMENT((#4094));
#4096=STYLED_ITEM('',(#4095),#4093);
#4097=DIRECTION('',(5.466232777014E-1,0.E0,8.373786433120E-1));
#4098=VECTOR('',#4097,1.067159906556E-1);
#4099=CARTESIAN_POINT('',(7.125E-1,4.38E0,-4.617021560669E-1));
#4100=LINE('',#4099,#4098);
#4101=CURVE_STYLE('',#19,POSITIVE_LENGTH_MEASURE(2.E-2),#13);
#4102=PRESENTATION_STYLE_ASSIGNMENT((#4101));
#4103=STYLED_ITEM('',(#4102),#4100);
#4104=DIRECTION('',(8.265992787996E-1,0.E0,5.627909312417E-1));
#4105=VECTOR('',#4104,1.058554032700E-1);
#4106=CARTESIAN_POINT('',(6.25E-1,4.38E0,-5.212766170502E-1));
#4107=LINE('',#4106,#4105);
#4108=CURVE_STYLE('',#19,POSITIVE_LENGTH_MEASURE(2.E-2),#13);
#4109=PRESENTATION_STYLE_ASSIGNMENT((#4108));
#4110=STYLED_ITEM('',(#4109),#4107);
#4111=DIRECTION('',(9.466499177700E-1,0.E0,3.222637633772E-1));
#4112=VECTOR('',#4111,9.243121280370E-2);
#4113=CARTESIAN_POINT('',(5.375E-1,4.38E0,-5.510638475418E-1));
#4114=LINE('',#4113,#4112);
#4115=CURVE_STYLE('',#19,POSITIVE_LENGTH_MEASURE(2.E-2),#13);
#4116=PRESENTATION_STYLE_ASSIGNMENT((#4115));
#4117=STYLED_ITEM('',(#4116),#4114);
#4118=DIRECTION('',(1.E0,0.E0,0.E0));
#4119=VECTOR('',#4118,1.75E-1);
#4120=CARTESIAN_POINT('',(3.625E-1,4.38E0,-5.510638475418E-1));
#4121=LINE('',#4120,#4119);
#4122=CURVE_STYLE('',#19,POSITIVE_LENGTH_MEASURE(2.E-2),#13);
#4123=PRESENTATION_STYLE_ASSIGNMENT((#4122));
#4124=STYLED_ITEM('',(#4123),#4121);
#4125=DIRECTION('',(9.466499177700E-1,0.E0,-3.222637633772E-1));
#4126=VECTOR('',#4125,9.243121280369E-2);
#4127=CARTESIAN_POINT('',(2.75E-1,4.38E0,-5.212766170502E-1));
#4128=LINE('',#4127,#4126);
#4129=CURVE_STYLE('',#19,POSITIVE_LENGTH_MEASURE(2.E-2),#13);
#4130=PRESENTATION_STYLE_ASSIGNMENT((#4129));
#4131=STYLED_ITEM('',(#4130),#4128);
#4132=DIRECTION('',(8.265992787996E-1,0.E0,-5.627909312417E-1));
#4133=VECTOR('',#4132,1.058554032700E-1);
#4134=CARTESIAN_POINT('',(1.875E-1,4.38E0,-4.617021560669E-1));
#4135=LINE('',#4134,#4133);
#4136=CURVE_STYLE('',#19,POSITIVE_LENGTH_MEASURE(2.E-2),#13);
#4137=PRESENTATION_STYLE_ASSIGNMENT((#4136));
#4138=STYLED_ITEM('',(#4137),#4135);
#4139=DIRECTION('',(5.466232777014E-1,0.E0,-8.373786433120E-1));
#4140=VECTOR('',#4139,1.067159906556E-1);
#4141=CARTESIAN_POINT('',(1.291665554047E-1,4.38E0,-3.723404645920E-1));
#4142=LINE('',#4141,#4140);
#4143=CURVE_STYLE('',#19,POSITIVE_LENGTH_MEASURE(2.E-2),#13);
#4144=PRESENTATION_STYLE_ASSIGNMENT((#4143));
#4145=STYLED_ITEM('',(#4144),#4142);
#4146=DIRECTION('',(3.102787334496E-1,0.E0,-9.506456267027E-1));
#4147=VECTOR('',#4146,9.400114239348E-2);
#4148=CARTESIAN_POINT('',(1.E-1,4.38E0,-2.829786896706E-1));
#4149=LINE('',#4148,#4147);
#4150=CURVE_STYLE('',#19,POSITIVE_LENGTH_MEASURE(2.E-2),#13);
#4151=PRESENTATION_STYLE_ASSIGNMENT((#4150));
#4152=STYLED_ITEM('',(#4151),#4149);
#4153=DIRECTION('',(1.610631980374E-1,0.E0,-9.869440947885E-1));
#4154=VECTOR('',#4153,1.810876460922E-1);
#4155=CARTESIAN_POINT('',(7.083344459534E-2,4.38E0,-1.042553067207E-1));
#4156=LINE('',#4155,#4154);
#4157=CURVE_STYLE('',#19,POSITIVE_LENGTH_MEASURE(2.E-2),#13);
#4158=PRESENTATION_STYLE_ASSIGNMENT((#4157));
#4159=STYLED_ITEM('',(#4158),#4156);
#4160=DIRECTION('',(0.E0,-1.490871096508E-14,-1.E0));
#4161=VECTOR('',#4160,5.957446098328E-2);
#4162=CARTESIAN_POINT('',(7.083344459534E-2,4.38E0,-4.468084573746E-2));
#4163=LINE('',#4162,#4161);
#4164=CURVE_STYLE('',#19,POSITIVE_LENGTH_MEASURE(2.E-2),#13);
#4165=PRESENTATION_STYLE_ASSIGNMENT((#4164));
#4166=STYLED_ITEM('',(#4165),#4163);
#4167=DIRECTION('',(-8.265992787996E-1,0.E0,5.627909312417E-1));
#4168=VECTOR('',#4167,2.117108065399E-1);
#4169=CARTESIAN_POINT('',(2.458334445953E-1,4.38E0,-1.638297677040E-1));
#4170=LINE('',#4169,#4168);
#4171=CURVE_STYLE('',#19,POSITIVE_LENGTH_MEASURE(2.E-2),#13);
#4172=PRESENTATION_STYLE_ASSIGNMENT((#4171));
#4173=STYLED_ITEM('',(#4172),#4170);
#4174=DIRECTION('',(-9.797706494039E-1,0.E0,2.001236481946E-1));
#4175=VECTOR('',#4174,1.488441309178E-1);
#4176=CARTESIAN_POINT('',(3.916665554047E-1,4.38E0,-1.936169981956E-1));
#4177=LINE('',#4176,#4175);
#4178=CURVE_STYLE('',#19,POSITIVE_LENGTH_MEASURE(2.E-2),#13);
#4179=PRESENTATION_STYLE_ASSIGNMENT((#4178));
#4180=STYLED_ITEM('',(#4179),#4177);
#4181=DIRECTION('',(-1.E0,0.E0,0.E0));
#4182=VECTOR('',#4181,1.458334445953E-1);
#4183=CARTESIAN_POINT('',(5.375E-1,4.38E0,-1.936169981956E-1));
#4184=LINE('',#4183,#4182);
#4185=CURVE_STYLE('',#19,POSITIVE_LENGTH_MEASURE(2.E-2),#13);
#4186=PRESENTATION_STYLE_ASSIGNMENT((#4185));
#4187=STYLED_ITEM('',(#4186),#4184);
#4188=DIRECTION('',(-9.797707392153E-1,0.E0,-2.001232084928E-1));
#4189=VECTOR('',#4188,1.488444579516E-1);
#4190=CARTESIAN_POINT('',(6.833334445953E-1,4.38E0,-1.638297677040E-1));
#4191=LINE('',#4190,#4189);
#4192=CURVE_STYLE('',#19,POSITIVE_LENGTH_MEASURE(2.E-2),#13);
#4193=PRESENTATION_STYLE_ASSIGNMENT((#4192));
#4194=STYLED_ITEM('',(#4193),#4191);
#4195=DIRECTION('',(-8.526530674474E-1,0.E0,-5.224775081977E-1));
#4196=VECTOR('',#4195,1.710345231571E-1);
#4197=CARTESIAN_POINT('',(8.291665554047E-1,4.38E0,-7.446807622910E-2));
#4198=LINE('',#4197,#4196);
#4199=CURVE_STYLE('',#19,POSITIVE_LENGTH_MEASURE(2.E-2),#13);
#4200=PRESENTATION_STYLE_ASSIGNMENT((#4199));
#4201=STYLED_ITEM('',(#4200),#4198);
#4202=DIRECTION('',(3.102788643726E-1,0.E0,9.506455839711E-1));
#4203=VECTOR('',#4202,9.400110272945E-2);
#4204=CARTESIAN_POINT('',(8.E-1,4.38E0,1.042553067207E-1));
#4205=LINE('',#4204,#4203);
#4206=CURVE_STYLE('',#19,POSITIVE_LENGTH_MEASURE(2.E-2),#13);
#4207=PRESENTATION_STYLE_ASSIGNMENT((#4206));
#4208=STYLED_ITEM('',(#4207),#4205);
#4209=DIRECTION('',(6.996255164452E-1,-1.065241886346E-14,7.145097177357E-1));
#4210=VECTOR('',#4209,8.337809760246E-2);
#4211=CARTESIAN_POINT('',(7.416665554047E-1,4.38E0,4.468084573746E-2));
#4212=LINE('',#4211,#4210);
#4213=CURVE_STYLE('',#19,POSITIVE_LENGTH_MEASURE(2.E-2),#13);
#4214=PRESENTATION_STYLE_ASSIGNMENT((#4213));
#4215=STYLED_ITEM('',(#4214),#4212);
#4216=DIRECTION('',(8.265992787996E-1,0.E0,5.627909312417E-1));
#4217=VECTOR('',#4216,1.058554032700E-1);
#4218=CARTESIAN_POINT('',(6.541665554047E-1,4.38E0,-1.489361524582E-2));
#4219=LINE('',#4218,#4217);
#4220=CURVE_STYLE('',#19,POSITIVE_LENGTH_MEASURE(2.E-2),#13);
#4221=PRESENTATION_STYLE_ASSIGNMENT((#4220));
#4222=STYLED_ITEM('',(#4221),#4219);
#4223=DIRECTION('',(9.466499177700E-1,0.E0,3.222637633772E-1));
#4224=VECTOR('',#4223,9.243121280369E-2);
#4225=CARTESIAN_POINT('',(5.666665554047E-1,4.38E0,-4.468084573746E-2));
#4226=LINE('',#4225,#4224);
#4227=CURVE_STYLE('',#19,POSITIVE_LENGTH_MEASURE(2.E-2),#13);
#4228=PRESENTATION_STYLE_ASSIGNMENT((#4227));
#4229=STYLED_ITEM('',(#4228),#4226);
#4230=DIRECTION('',(1.E0,0.E0,0.E0));
#4231=VECTOR('',#4230,2.041665554047E-1);
#4232=CARTESIAN_POINT('',(3.625E-1,4.38E0,-4.468084573746E-2));
#4233=LINE('',#4232,#4231);
#4234=CURVE_STYLE('',#19,POSITIVE_LENGTH_MEASURE(2.E-2),#13);
#4235=PRESENTATION_STYLE_ASSIGNMENT((#4234));
#4236=STYLED_ITEM('',(#4235),#4233);
#4237=DIRECTION('',(9.466499177700E-1,0.E0,-3.222637633772E-1));
#4238=VECTOR('',#4237,9.243121280369E-2);
#4239=CARTESIAN_POINT('',(2.75E-1,4.38E0,-1.489361524582E-2));
#4240=LINE('',#4239,#4238);
#4241=CURVE_STYLE('',#19,POSITIVE_LENGTH_MEASURE(2.E-2),#13);
#4242=PRESENTATION_STYLE_ASSIGNMENT((#4241));
#4243=STYLED_ITEM('',(#4242),#4240);
#4244=DIRECTION('',(8.265992787996E-1,0.E0,-5.627909312417E-1));
#4245=VECTOR('',#4244,1.058554032700E-1);
#4246=CARTESIAN_POINT('',(1.875E-1,4.38E0,4.468084573746E-2));
#4247=LINE('',#4246,#4245);
#4248=CURVE_STYLE('',#19,POSITIVE_LENGTH_MEASURE(2.E-2),#13);
#4249=PRESENTATION_STYLE_ASSIGNMENT((#4248));
#4250=STYLED_ITEM('',(#4249),#4247);
#4251=DIRECTION('',(6.996255164452E-1,-1.065241886346E-14,-7.145097177357E-1));
#4252=VECTOR('',#4251,8.337809760246E-2);
#4253=CARTESIAN_POINT('',(1.291665554047E-1,4.38E0,1.042553067207E-1));
#4254=LINE('',#4253,#4252);
#4255=CURVE_STYLE('',#19,POSITIVE_LENGTH_MEASURE(2.E-2),#13);
#4256=PRESENTATION_STYLE_ASSIGNMENT((#4255));
#4257=STYLED_ITEM('',(#4256),#4254);
#4258=DIRECTION('',(3.102788643726E-1,0.E0,-9.506455839711E-1));
#4259=VECTOR('',#4258,9.400110272945E-2);
#4260=CARTESIAN_POINT('',(1.E-1,4.38E0,1.936170399189E-1));
#4261=LINE('',#4260,#4259);
#4262=CURVE_STYLE('',#19,POSITIVE_LENGTH_MEASURE(2.E-2),#13);
#4263=PRESENTATION_STYLE_ASSIGNMENT((#4262));
#4264=STYLED_ITEM('',(#4263),#4261);
#4265=DIRECTION('',(0.E0,0.E0,-1.E0));
#4266=VECTOR('',#4265,8.936169147491E-2);
#4267=CARTESIAN_POINT('',(1.E-1,4.38E0,2.829787313938E-1));
#4268=LINE('',#4267,#4266);
#4269=CURVE_STYLE('',#19,POSITIVE_LENGTH_MEASURE(2.E-2),#13);
#4270=PRESENTATION_STYLE_ASSIGNMENT((#4269));
#4271=STYLED_ITEM('',(#4270),#4268);
#4272=DIRECTION('',(-3.102789952956E-1,0.E0,-9.506455412394E-1));
#4273=VECTOR('',#4272,9.400106306543E-2);
#4274=CARTESIAN_POINT('',(1.291665554047E-1,4.38E0,3.723404228687E-1));
#4275=LINE('',#4274,#4273);
#4276=CURVE_STYLE('',#19,POSITIVE_LENGTH_MEASURE(2.E-2),#13);
#4277=PRESENTATION_STYLE_ASSIGNMENT((#4276));
#4278=STYLED_ITEM('',(#4277),#4275);
#4279=DIRECTION('',(-5.466231882208E-1,0.E0,-8.373787017230E-1));
#4280=VECTOR('',#4279,1.067160081247E-1);
#4281=CARTESIAN_POINT('',(1.875E-1,4.38E0,4.617021352053E-1));
#4282=LINE('',#4281,#4280);
#4283=CURVE_STYLE('',#19,POSITIVE_LENGTH_MEASURE(2.E-2),#13);
#4284=PRESENTATION_STYLE_ASSIGNMENT((#4283));
#4285=STYLED_ITEM('',(#4284),#4282);
#4286=DIRECTION('',(-8.265992787996E-1,0.E0,-5.627909312417E-1));
#4287=VECTOR('',#4286,1.058554032700E-1);
#4288=CARTESIAN_POINT('',(2.75E-1,4.38E0,5.212765961885E-1));
#4289=LINE('',#4288,#4287);
#4290=CURVE_STYLE('',#19,POSITIVE_LENGTH_MEASURE(2.E-2),#13);
#4291=PRESENTATION_STYLE_ASSIGNMENT((#4290));
#4292=STYLED_ITEM('',(#4291),#4289);
#4293=DIRECTION('',(-9.466499177700E-1,0.E0,-3.222637633772E-1));
#4294=VECTOR('',#4293,9.243121280369E-2);
#4295=CARTESIAN_POINT('',(3.625E-1,4.38E0,5.510638266802E-1));
#4296=LINE('',#4295,#4294);
#4297=CURVE_STYLE('',#19,POSITIVE_LENGTH_MEASURE(2.E-2),#13);
#4298=PRESENTATION_STYLE_ASSIGNMENT((#4297));
#4299=STYLED_ITEM('',(#4298),#4296);
#4300=DIRECTION('',(-1.E0,0.E0,0.E0));
#4301=VECTOR('',#4300,2.041665554047E-1);
#4302=CARTESIAN_POINT('',(5.666665554047E-1,4.38E0,5.510638266802E-1));
#4303=LINE('',#4302,#4301);
#4304=CURVE_STYLE('',#19,POSITIVE_LENGTH_MEASURE(2.E-2),#13);
#4305=PRESENTATION_STYLE_ASSIGNMENT((#4304));
#4306=STYLED_ITEM('',(#4305),#4303);
#4307=DIRECTION('',(-9.466499177700E-1,0.E0,3.222637633772E-1));
#4308=VECTOR('',#4307,9.243121280369E-2);
#4309=CARTESIAN_POINT('',(6.541665554047E-1,4.38E0,5.212765961885E-1));
#4310=LINE('',#4309,#4308);
#4311=CURVE_STYLE('',#19,POSITIVE_LENGTH_MEASURE(2.E-2),#13);
#4312=PRESENTATION_STYLE_ASSIGNMENT((#4311));
#4313=STYLED_ITEM('',(#4312),#4310);
#4314=DIRECTION('',(-8.265992787996E-1,0.E0,5.627909312417E-1));
#4315=VECTOR('',#4314,1.058554032700E-1);
#4316=CARTESIAN_POINT('',(7.416665554047E-1,4.38E0,4.617021352053E-1));
#4317=LINE('',#4316,#4315);
#4318=CURVE_STYLE('',#19,POSITIVE_LENGTH_MEASURE(2.E-2),#13);
#4319=PRESENTATION_STYLE_ASSIGNMENT((#4318));
#4320=STYLED_ITEM('',(#4319),#4317);
#4321=DIRECTION('',(-5.466231882208E-1,0.E0,8.373787017230E-1));
#4322=VECTOR('',#4321,1.067160081247E-1);
#4323=CARTESIAN_POINT('',(8.E-1,4.38E0,3.723404228687E-1));
#4324=LINE('',#4323,#4322);
#4325=CURVE_STYLE('',#19,POSITIVE_LENGTH_MEASURE(2.E-2),#13);
#4326=PRESENTATION_STYLE_ASSIGNMENT((#4325));
#4327=STYLED_ITEM('',(#4326),#4324);
#4328=DIRECTION('',(-3.102789952956E-1,0.E0,9.506455412394E-1));
#4329=VECTOR('',#4328,9.400106306543E-2);
#4330=CARTESIAN_POINT('',(8.291665554047E-1,4.38E0,2.829787313938E-1));
#4331=LINE('',#4330,#4329);
#4332=CURVE_STYLE('',#19,POSITIVE_LENGTH_MEASURE(2.E-2),#13);
#4333=PRESENTATION_STYLE_ASSIGNMENT((#4332));
#4334=STYLED_ITEM('',(#4333),#4331);
#4335=DIRECTION('',(0.E0,0.E0,1.E0));
#4336=VECTOR('',#4335,8.936169147491E-2);
#4337=CARTESIAN_POINT('',(8.291665554047E-1,4.38E0,1.936170399189E-1));
#4338=LINE('',#4337,#4336);
#4339=CURVE_STYLE('',#19,POSITIVE_LENGTH_MEASURE(2.E-2),#13);
#4340=PRESENTATION_STYLE_ASSIGNMENT((#4339));
#4341=STYLED_ITEM('',(#4340),#4338);
#4342=DIRECTION('',(5.466254709167E-1,0.E0,-8.373772116227E-1));
#4343=VECTOR('',#4342,1.067161731112E-1);
#4344=CARTESIAN_POINT('',(2.170833110809E0,4.38E0,5.510638266802E-1));
#4345=LINE('',#4344,#4343);
#4346=CURVE_STYLE('',#19,POSITIVE_LENGTH_MEASURE(2.E-2),#13);
#4347=PRESENTATION_STYLE_ASSIGNMENT((#4346));
#4348=STYLED_ITEM('',(#4347),#4345);
#4349=DIRECTION('',(8.265992329593E-1,0.E0,-5.627909985696E-1));
#4350=VECTOR('',#4349,1.058554091403E-1);
#4351=CARTESIAN_POINT('',(2.083333110809E0,4.38E0,6.106382980943E-1));
#4352=LINE('',#4351,#4350);
#4353=CURVE_STYLE('',#19,POSITIVE_LENGTH_MEASURE(2.E-2),#13);
#4354=PRESENTATION_STYLE_ASSIGNMENT((#4353));
#4355=STYLED_ITEM('',(#4354),#4352);
#4356=DIRECTION('',(8.906045600187E-1,0.E0,-4.547785369538E-1));
#4357=VECTOR('',#4356,1.309966587373E-1);
#4358=CARTESIAN_POINT('',(1.966666889191E0,4.38E0,6.702127669007E-1));
#4359=LINE('',#4358,#4357);
#4360=CURVE_STYLE('',#19,POSITIVE_LENGTH_MEASURE(2.E-2),#13);
#4361=PRESENTATION_STYLE_ASSIGNMENT((#4360));
#4362=STYLED_ITEM('',(#4361),#4359);
#4363=DIRECTION('',(9.689178256004E-1,0.E0,-2.473827949428E-1));
#4364=VECTOR('',#4363,1.204094775719E-1);
#4365=CARTESIAN_POINT('',(1.85E0,4.38E0,7.E-1));
#4366=LINE('',#4365,#4364);
#4367=CURVE_STYLE('',#19,POSITIVE_LENGTH_MEASURE(2.E-2),#13);
#4368=PRESENTATION_STYLE_ASSIGNMENT((#4367));
#4369=STYLED_ITEM('',(#4368),#4366);
#4370=DIRECTION('',(1.E0,0.E0,0.E0));
#4371=VECTOR('',#4370,2.333331108093E-1);
#4372=CARTESIAN_POINT('',(1.616666889191E0,4.38E0,7.E-1));
#4373=LINE('',#4372,#4371);
#4374=CURVE_STYLE('',#19,POSITIVE_LENGTH_MEASURE(2.E-2),#13);
#4375=PRESENTATION_STYLE_ASSIGNMENT((#4374));
#4376=STYLED_ITEM('',(#4375),#4373);
#4377=DIRECTION('',(9.689178256004E-1,0.E0,2.473827949428E-1));
#4378=VECTOR('',#4377,1.204094775719E-1);
#4379=CARTESIAN_POINT('',(1.5E0,4.38E0,6.702127669007E-1));
#4380=LINE('',#4379,#4378);
#4381=CURVE_STYLE('',#19,POSITIVE_LENGTH_MEASURE(2.E-2),#13);
#4382=PRESENTATION_STYLE_ASSIGNMENT((#4381));
#4383=STYLED_ITEM('',(#4382),#4380);
#4384=DIRECTION('',(8.906050870136E-1,0.E0,4.547775049247E-1));
#4385=VECTOR('',#4384,1.309969560087E-1);
#4386=CARTESIAN_POINT('',(1.383333444595E0,4.38E0,6.106382980943E-1));
#4387=LINE('',#4386,#4385);
#4388=CURVE_STYLE('',#19,POSITIVE_LENGTH_MEASURE(2.E-2),#13);
#4389=PRESENTATION_STYLE_ASSIGNMENT((#4388));
#4390=STYLED_ITEM('',(#4389),#4387);
#4391=DIRECTION('',(8.265992329593E-1,0.E0,5.627909985696E-1));
#4392=VECTOR('',#4391,1.058554091403E-1);
#4393=CARTESIAN_POINT('',(1.295833444595E0,4.38E0,5.510638266802E-1));
#4394=LINE('',#4393,#4392);
#4395=CURVE_STYLE('',#19,POSITIVE_LENGTH_MEASURE(2.E-2),#13);
#4396=PRESENTATION_STYLE_ASSIGNMENT((#4395));
#4397=STYLED_ITEM('',(#4396),#4394);
#4398=DIRECTION('',(5.466232777014E-1,0.E0,8.373786433120E-1));
#4399=VECTOR('',#4398,1.067159906556E-1);
#4400=CARTESIAN_POINT('',(1.2375E0,4.38E0,4.617021352053E-1));
#4401=LINE('',#4400,#4399);
#4402=CURVE_STYLE('',#19,POSITIVE_LENGTH_MEASURE(2.E-2),#13);
#4403=PRESENTATION_STYLE_ASSIGNMENT((#4402));
#4404=STYLED_ITEM('',(#4403),#4401);
#4405=DIRECTION('',(3.102789298341E-1,0.E0,9.506455626052E-1));
#4406=VECTOR('',#4405,9.400108289744E-2);
#4407=CARTESIAN_POINT('',(1.208333444595E0,4.38E0,3.723404228687E-1));
#4408=LINE('',#4407,#4406);
#4409=CURVE_STYLE('',#19,POSITIVE_LENGTH_MEASURE(2.E-2),#13);
#4410=PRESENTATION_STYLE_ASSIGNMENT((#4409));
#4411=STYLED_ITEM('',(#4410),#4408);
#4412=DIRECTION('',(-1.E0,0.E0,0.E0));
#4413=VECTOR('',#4412,1.458331108093E-1);
#4414=CARTESIAN_POINT('',(1.354166555405E0,4.38E0,3.723404228687E-1));
#4415=LINE('',#4414,#4413);
#4416=CURVE_STYLE('',#19,POSITIVE_LENGTH_MEASURE(2.E-2),#13);
#4417=PRESENTATION_STYLE_ASSIGNMENT((#4416));
#4418=STYLED_ITEM('',(#4417),#4415);
#4419=DIRECTION('',(-4.397162019327E-1,-1.339006154533E-14,-8.981367723003E-1));
#4420=VECTOR('',#4419,6.633116783616E-2);
#4421=CARTESIAN_POINT('',(1.383333444595E0,4.38E0,4.319148838520E-1));
#4422=LINE('',#4421,#4420);
#4423=CURVE_STYLE('',#19,POSITIVE_LENGTH_MEASURE(2.E-2),#13);
#4424=PRESENTATION_STYLE_ASSIGNMENT((#4423));
#4425=STYLED_ITEM('',(#4424),#4422);
#4426=DIRECTION('',(-6.996233475895E-1,-1.065244679439E-14,-7.145118414048E-1));
#4427=VECTOR('',#4426,8.337787898347E-2);
#4428=CARTESIAN_POINT('',(1.441666555405E0,4.38E0,4.914893656969E-1));
#4429=LINE('',#4428,#4427);
#4430=CURVE_STYLE('',#19,POSITIVE_LENGTH_MEASURE(2.E-2),#13);
#4431=PRESENTATION_STYLE_ASSIGNMENT((#4430));
#4432=STYLED_ITEM('',(#4431),#4429);
#4433=DIRECTION('',(-8.906056381928E-1,-1.356026056396E-14,-4.547764255314E-1));
#4434=VECTOR('',#4433,6.549862486128E-2);
#4435=CARTESIAN_POINT('',(1.5E0,4.38E0,5.212765961885E-1));
#4436=LINE('',#4435,#4434);
#4437=CURVE_STYLE('',#19,POSITIVE_LENGTH_MEASURE(2.E-2),#13);
#4438=PRESENTATION_STYLE_ASSIGNMENT((#4437));
#4439=STYLED_ITEM('',(#4438),#4436);
#4440=DIRECTION('',(-9.797706494039E-1,0.E0,-2.001236481946E-1));
#4441=VECTOR('',#4440,1.488441309178E-1);
#4442=CARTESIAN_POINT('',(1.645833110809E0,4.38E0,5.510638266802E-1));
#4443=LINE('',#4442,#4441);
#4444=CURVE_STYLE('',#19,POSITIVE_LENGTH_MEASURE(2.E-2),#13);
#4445=PRESENTATION_STYLE_ASSIGNMENT((#4444));
#4446=STYLED_ITEM('',(#4445),#4443);
#4447=DIRECTION('',(-1.E0,0.E0,0.E0));
#4448=VECTOR('',#4447,1.75E-1);
#4449=CARTESIAN_POINT('',(1.820833110809E0,4.38E0,5.510638266802E-1));
#4450=LINE('',#4449,#4448);
#4451=CURVE_STYLE('',#19,POSITIVE_LENGTH_MEASURE(2.E-2),#13);
#4452=PRESENTATION_STYLE_ASSIGNMENT((#4451));
#4453=STYLED_ITEM('',(#4452),#4450);
#4454=DIRECTION('',(-9.797708290262E-1,0.E0,2.001227687928E-1));
#4455=VECTOR('',#4454,1.488447849854E-1);
#4456=CARTESIAN_POINT('',(1.966666889191E0,4.38E0,5.212765961885E-1));
#4457=LINE('',#4456,#4455);
#4458=CURVE_STYLE('',#19,POSITIVE_LENGTH_MEASURE(2.E-2),#13);
#4459=PRESENTATION_STYLE_ASSIGNMENT((#4458));
#4460=STYLED_ITEM('',(#4459),#4457);
#4461=DIRECTION('',(-8.906045842070E-1,-1.356032210873E-14,4.547784895854E-1));
#4462=VECTOR('',#4461,6.549832758976E-2);
#4463=CARTESIAN_POINT('',(2.025E0,4.38E0,4.914893656969E-1));
#4464=LINE('',#4463,#4462);
#4465=CURVE_STYLE('',#19,POSITIVE_LENGTH_MEASURE(2.E-2),#13);
#4466=PRESENTATION_STYLE_ASSIGNMENT((#4465));
#4467=STYLED_ITEM('',(#4466),#4464);
#4468=DIRECTION('',(-6.996233475895E-1,-1.065244679439E-14,7.145118414048E-1));
#4469=VECTOR('',#4468,8.337787898347E-2);
#4470=CARTESIAN_POINT('',(2.083333110809E0,4.38E0,4.319148838520E-1));
#4471=LINE('',#4470,#4469);
#4472=CURVE_STYLE('',#19,POSITIVE_LENGTH_MEASURE(2.E-2),#13);
#4473=PRESENTATION_STYLE_ASSIGNMENT((#4472));
#4474=STYLED_ITEM('',(#4473),#4471);
#4475=DIRECTION('',(-4.397162019327E-1,-1.339006154533E-14,8.981367723003E-1));
#4476=VECTOR('',#4475,6.633116783616E-2);
#4477=CARTESIAN_POINT('',(2.1125E0,4.38E0,3.723404228687E-1));
#4478=LINE('',#4477,#4476);
#4479=CURVE_STYLE('',#19,POSITIVE_LENGTH_MEASURE(2.E-2),#13);
#4480=PRESENTATION_STYLE_ASSIGNMENT((#4479));
#4481=STYLED_ITEM('',(#4480),#4478);
#4482=DIRECTION('',(0.E0,0.E0,1.E0));
#4483=VECTOR('',#4482,1.191489219666E-1);
#4484=CARTESIAN_POINT('',(2.1125E0,4.38E0,2.531915009022E-1));
#4485=LINE('',#4484,#4483);
#4486=CURVE_STYLE('',#19,POSITIVE_LENGTH_MEASURE(2.E-2),#13);
#4487=PRESENTATION_STYLE_ASSIGNMENT((#4486));
#4488=STYLED_ITEM('',(#4487),#4485);
#4489=DIRECTION('',(4.397120185598E-1,0.E0,8.981388204137E-1));
#4490=VECTOR('',#4489,1.326620796047E-1);
#4491=CARTESIAN_POINT('',(2.054166889191E0,4.38E0,1.340425372124E-1));
#4492=LINE('',#4491,#4490);
#4493=CURVE_STYLE('',#19,POSITIVE_LENGTH_MEASURE(2.E-2),#13);
#4494=PRESENTATION_STYLE_ASSIGNMENT((#4493));
#4495=STYLED_ITEM('',(#4494),#4492);
#4496=DIRECTION('',(8.265992787996E-1,0.E0,5.627909312417E-1));
#4497=VECTOR('',#4496,1.058554032700E-1);
#4498=CARTESIAN_POINT('',(1.966666889191E0,4.38E0,7.446807622910E-2));
#4499=LINE('',#4498,#4497);
#4500=CURVE_STYLE('',#19,POSITIVE_LENGTH_MEASURE(2.E-2),#13);
#4501=PRESENTATION_STYLE_ASSIGNMENT((#4500));
#4502=STYLED_ITEM('',(#4501),#4499);
#4503=DIRECTION('',(9.858211730931E-1,0.E0,1.677993286083E-1));
#4504=VECTOR('',#4503,1.775169825689E-1);
#4505=CARTESIAN_POINT('',(1.791666889191E0,4.38E0,4.468084573746E-2));
#4506=LINE('',#4505,#4504);
#4507=CURVE_STYLE('',#19,POSITIVE_LENGTH_MEASURE(2.E-2),#13);
#4508=PRESENTATION_STYLE_ASSIGNMENT((#4507));
#4509=STYLED_ITEM('',(#4508),#4506);
#4510=DIRECTION('',(1.E0,0.E0,0.E0));
#4511=VECTOR('',#4510,1.166668891907E-1);
#4512=CARTESIAN_POINT('',(1.675E0,4.38E0,4.468084573746E-2));
#4513=LINE('',#4512,#4511);
#4514=CURVE_STYLE('',#19,POSITIVE_LENGTH_MEASURE(2.E-2),#13);
#4515=PRESENTATION_STYLE_ASSIGNMENT((#4514));
#4516=STYLED_ITEM('',(#4515),#4513);
#4517=DIRECTION('',(0.E0,0.E0,1.E0));
#4518=VECTOR('',#4517,1.191489219666E-1);
#4519=CARTESIAN_POINT('',(1.675E0,4.38E0,-7.446807622910E-2));
#4520=LINE('',#4519,#4518);
#4521=CURVE_STYLE('',#19,POSITIVE_LENGTH_MEASURE(2.E-2),#13);
#4522=PRESENTATION_STYLE_ASSIGNMENT((#4521));
#4523=STYLED_ITEM('',(#4522),#4520);
#4524=DIRECTION('',(-1.E0,0.E0,0.E0));
#4525=VECTOR('',#4524,1.166668891907E-1);
#4526=CARTESIAN_POINT('',(1.791666889191E0,4.38E0,-7.446807622910E-2));
#4527=LINE('',#4526,#4525);
#4528=CURVE_STYLE('',#19,POSITIVE_LENGTH_MEASURE(2.E-2),#13);
#4529=PRESENTATION_STYLE_ASSIGNMENT((#4528));
#4530=STYLED_ITEM('',(#4529),#4527);
#4531=DIRECTION('',(-9.466499177700E-1,0.E0,3.222637633772E-1));
#4532=VECTOR('',#4531,1.848624256074E-1);
#4533=CARTESIAN_POINT('',(1.966666889191E0,4.38E0,-1.340425372124E-1));
#4534=LINE('',#4533,#4532);
#4535=CURVE_STYLE('',#19,POSITIVE_LENGTH_MEASURE(2.E-2),#13);
#4536=PRESENTATION_STYLE_ASSIGNMENT((#4535));
#4537=STYLED_ITEM('',(#4536),#4534);
#4538=DIRECTION('',(-6.996234726647E-1,-1.065244869878E-14,7.145117189358E-1));
#4539=VECTOR('',#4538,8.337786407759E-2);
#4540=CARTESIAN_POINT('',(2.025E0,4.38E0,-1.936169981956E-1));
#4541=LINE('',#4540,#4539);
#4542=CURVE_STYLE('',#19,POSITIVE_LENGTH_MEASURE(2.E-2),#13);
#4543=PRESENTATION_STYLE_ASSIGNMENT((#4542));
#4544=STYLED_ITEM('',(#4543),#4541);
#4545=DIRECTION('',(-4.397121427660E-1,0.E0,8.981387596046E-1));
#4546=VECTOR('',#4545,1.326620421314E-1);
#4547=CARTESIAN_POINT('',(2.083333110809E0,4.38E0,-3.127659201622E-1));
#4548=LINE('',#4547,#4546);
#4549=CURVE_STYLE('',#19,POSITIVE_LENGTH_MEASURE(2.E-2),#13);
#4550=PRESENTATION_STYLE_ASSIGNMENT((#4549));
#4551=STYLED_ITEM('',(#4550),#4548);
#4552=DIRECTION('',(0.E0,-1.490869008234E-14,1.E0));
#4553=VECTOR('',#4552,5.957454442978E-2);
#4554=CARTESIAN_POINT('',(2.083333110809E0,4.38E0,-3.723404645920E-1));
#4555=LINE('',#4554,#4553);
#4556=CURVE_STYLE('',#19,POSITIVE_LENGTH_MEASURE(2.E-2),#13);
#4557=PRESENTATION_STYLE_ASSIGNMENT((#4556));
#4558=STYLED_ITEM('',(#4557),#4555);
#4559=DIRECTION('',(5.466210844748E-1,0.E0,8.373800750004E-1));
#4560=VECTOR('',#4559,1.067158082008E-1);
#4561=CARTESIAN_POINT('',(2.025E0,4.38E0,-4.617021560669E-1));
#4562=LINE('',#4561,#4560);
#4563=CURVE_STYLE('',#19,POSITIVE_LENGTH_MEASURE(2.E-2),#13);
#4564=PRESENTATION_STYLE_ASSIGNMENT((#4563));
#4565=STYLED_ITEM('',(#4564),#4562);
#4566=DIRECTION('',(8.265992787996E-1,0.E0,5.627909312417E-1));
#4567=VECTOR('',#4566,1.058554032700E-1);
#4568=CARTESIAN_POINT('',(1.9375E0,4.38E0,-5.212766170502E-1));
#4569=LINE('',#4568,#4567);
#4570=CURVE_STYLE('',#19,POSITIVE_LENGTH_MEASURE(2.E-2),#13);
#4571=PRESENTATION_STYLE_ASSIGNMENT((#4570));
#4572=STYLED_ITEM('',(#4571),#4569);
#4573=DIRECTION('',(9.797706494039E-1,0.E0,2.001236481946E-1));
#4574=VECTOR('',#4573,1.488441309178E-1);
#4575=CARTESIAN_POINT('',(1.791666889191E0,4.38E0,-5.510638475418E-1));
#4576=LINE('',#4575,#4574);
#4577=CURVE_STYLE('',#19,POSITIVE_LENGTH_MEASURE(2.E-2),#13);
#4578=PRESENTATION_STYLE_ASSIGNMENT((#4577));
#4579=STYLED_ITEM('',(#4578),#4576);
#4580=DIRECTION('',(1.E0,0.E0,0.E0));
#4581=VECTOR('',#4580,1.166668891907E-1);
#4582=CARTESIAN_POINT('',(1.675E0,4.38E0,-5.510638475418E-1));
#4583=LINE('',#4582,#4581);
#4584=CURVE_STYLE('',#19,POSITIVE_LENGTH_MEASURE(2.E-2),#13);
#4585=PRESENTATION_STYLE_ASSIGNMENT((#4584));
#4586=STYLED_ITEM('',(#4585),#4583);
#4587=DIRECTION('',(9.797706494039E-1,0.E0,-2.001236481946E-1));
#4588=VECTOR('',#4587,1.488441309178E-1);
#4589=CARTESIAN_POINT('',(1.529166889191E0,4.38E0,-5.212766170502E-1));
#4590=LINE('',#4589,#4588);
#4591=CURVE_STYLE('',#19,POSITIVE_LENGTH_MEASURE(2.E-2),#13);
#4592=PRESENTATION_STYLE_ASSIGNMENT((#4591));
#4593=STYLED_ITEM('',(#4592),#4590);
#4594=DIRECTION('',(8.266002775284E-1,0.E0,-5.627894643558E-1));
#4595=VECTOR('',#4594,1.058556791774E-1);
#4596=CARTESIAN_POINT('',(1.441666555405E0,4.38E0,-4.617021560669E-1));
#4597=LINE('',#4596,#4595);
#4598=CURVE_STYLE('',#19,POSITIVE_LENGTH_MEASURE(2.E-2),#13);
#4599=PRESENTATION_STYLE_ASSIGNMENT((#4598));
#4600=STYLED_ITEM('',(#4599),#4597);
#4601=DIRECTION('',(5.466210844748E-1,0.E0,-8.373800750004E-1));
#4602=VECTOR('',#4601,1.067158082008E-1);
#4603=CARTESIAN_POINT('',(1.383333444595E0,4.38E0,-3.723404645920E-1));
#4604=LINE('',#4603,#4602);
#4605=CURVE_STYLE('',#19,POSITIVE_LENGTH_MEASURE(2.E-2),#13);
#4606=PRESENTATION_STYLE_ASSIGNMENT((#4605));
#4607=STYLED_ITEM('',(#4606),#4604);
#4608=DIRECTION('',(1.E0,0.E0,0.E0));
#4609=VECTOR('',#4608,1.458334445953E-1);
#4610=CARTESIAN_POINT('',(1.2375E0,4.38E0,-3.723404645920E-1));
#4611=LINE('',#4610,#4609);
#4612=CURVE_STYLE('',#19,POSITIVE_LENGTH_MEASURE(2.E-2),#13);
#4613=PRESENTATION_STYLE_ASSIGNMENT((#4612));
#4614=STYLED_ITEM('',(#4613),#4611);
#4615=DIRECTION('',(-2.377704967207E-1,0.E0,9.713213633444E-1));
#4616=VECTOR('',#4615,1.226668396918E-1);
#4617=CARTESIAN_POINT('',(1.266666555405E0,4.38E0,-4.914893865585E-1));
#4618=LINE('',#4617,#4616);
#4619=CURVE_STYLE('',#19,POSITIVE_LENGTH_MEASURE(2.E-2),#13);
#4620=PRESENTATION_STYLE_ASSIGNMENT((#4619));
#4621=STYLED_ITEM('',(#4620),#4618);
#4622=DIRECTION('',(-6.996255164452E-1,0.E0,7.145097177357E-1));
#4623=VECTOR('',#4622,1.667561952049E-1);
#4624=CARTESIAN_POINT('',(1.383333444595E0,4.38E0,-6.106383085251E-1));
#4625=LINE('',#4624,#4623);
#4626=CURVE_STYLE('',#19,POSITIVE_LENGTH_MEASURE(2.E-2),#13);
#4627=PRESENTATION_STYLE_ASSIGNMENT((#4626));
#4628=STYLED_ITEM('',(#4627),#4625);
#4629=DIRECTION('',(-8.906051112017E-1,0.E0,4.547774575564E-1));
#4630=VECTOR('',#4629,1.309969524510E-1);
#4631=CARTESIAN_POINT('',(1.5E0,4.38E0,-6.702127695084E-1));
#4632=LINE('',#4631,#4630);
#4633=CURVE_STYLE('',#19,POSITIVE_LENGTH_MEASURE(2.E-2),#13);
#4634=PRESENTATION_STYLE_ASSIGNMENT((#4633));
#4635=STYLED_ITEM('',(#4634),#4632);
#4636=DIRECTION('',(-9.895240564979E-1,0.E0,1.443680768452E-1));
#4637=VECTOR('',#4636,2.063283735751E-1);
#4638=CARTESIAN_POINT('',(1.704166889191E0,4.38E0,-7.E-1));
#4639=LINE('',#4638,#4637);
#4640=CURVE_STYLE('',#19,POSITIVE_LENGTH_MEASURE(2.E-2),#13);
#4641=PRESENTATION_STYLE_ASSIGNMENT((#4640));
#4642=STYLED_ITEM('',(#4641),#4639);
#4643=DIRECTION('',(-1.E0,-1.522597384877E-14,0.E0));
#4644=VECTOR('',#4643,5.833311080933E-2);
#4645=CARTESIAN_POINT('',(1.7625E0,4.38E0,-7.E-1));
#4646=LINE('',#4645,#4644);
#4647=CURVE_STYLE('',#19,POSITIVE_LENGTH_MEASURE(2.E-2),#13);
#4648=PRESENTATION_STYLE_ASSIGNMENT((#4647));
#4649=STYLED_ITEM('',(#4648),#4646);
#4650=DIRECTION('',(-9.895240564979E-1,0.E0,-1.443680768452E-1));
#4651=VECTOR('',#4650,2.063283735751E-1);
#4652=CARTESIAN_POINT('',(1.966666889191E0,4.38E0,-6.702127695084E-1));
#4653=LINE('',#4652,#4651);
#4654=CURVE_STYLE('',#19,POSITIVE_LENGTH_MEASURE(2.E-2),#13);
#4655=PRESENTATION_STYLE_ASSIGNMENT((#4654));
#4656=STYLED_ITEM('',(#4655),#4653);
#4657=DIRECTION('',(-8.906045842070E-1,0.E0,-4.547784895854E-1));
#4658=VECTOR('',#4657,1.309966551795E-1);
#4659=CARTESIAN_POINT('',(2.083333110809E0,4.38E0,-6.106383085251E-1));
#4660=LINE('',#4659,#4658);
#4661=CURVE_STYLE('',#19,POSITIVE_LENGTH_MEASURE(2.E-2),#13);
#4662=PRESENTATION_STYLE_ASSIGNMENT((#4661));
#4663=STYLED_ITEM('',(#4662),#4660);
#4664=DIRECTION('',(-6.996255164452E-1,0.E0,-7.145097177357E-1));
#4665=VECTOR('',#4664,1.667561952049E-1);
#4666=CARTESIAN_POINT('',(2.2E0,4.38E0,-4.914893865585E-1));
#4667=LINE('',#4666,#4665);
#4668=CURVE_STYLE('',#19,POSITIVE_LENGTH_MEASURE(2.E-2),#13);
#4669=PRESENTATION_STYLE_ASSIGNMENT((#4668));
#4670=STYLED_ITEM('',(#4669),#4667);
#4671=DIRECTION('',(-2.377730639603E-1,0.E0,-9.713207349042E-1));
#4672=VECTOR('',#4671,1.226669190567E-1);
#4673=CARTESIAN_POINT('',(2.229166889191E0,4.38E0,-3.723404645920E-1));
#4674=LINE('',#4673,#4672);
#4675=CURVE_STYLE('',#19,POSITIVE_LENGTH_MEASURE(2.E-2),#13);
#4676=PRESENTATION_STYLE_ASSIGNMENT((#4675));
#4677=STYLED_ITEM('',(#4676),#4674);
#4678=DIRECTION('',(0.E0,-1.490869008234E-14,-1.E0));
#4679=VECTOR('',#4678,5.957454442978E-2);
#4680=CARTESIAN_POINT('',(2.229166889191E0,4.38E0,-3.127659201622E-1));
#4681=LINE('',#4680,#4679);
#4682=CURVE_STYLE('',#19,POSITIVE_LENGTH_MEASURE(2.E-2),#13);
#4683=PRESENTATION_STYLE_ASSIGNMENT((#4682));
#4684=STYLED_ITEM('',(#4683),#4681);
#4685=DIRECTION('',(2.377730639603E-1,0.E0,-9.713207349042E-1));
#4686=VECTOR('',#4685,1.226669190567E-1);
#4687=CARTESIAN_POINT('',(2.2E0,4.38E0,-1.936169981956E-1));
#4688=LINE('',#4687,#4686);
#4689=CURVE_STYLE('',#19,POSITIVE_LENGTH_MEASURE(2.E-2),#13);
#4690=PRESENTATION_STYLE_ASSIGNMENT((#4689));
#4691=STYLED_ITEM('',(#4690),#4688);
#4692=DIRECTION('',(5.466210844748E-1,0.E0,-8.373800750004E-1));
#4693=VECTOR('',#4692,1.067158082008E-1);
#4694=CARTESIAN_POINT('',(2.141666889191E0,4.38E0,-1.042553067207E-1));
#4695=LINE('',#4694,#4693);
#4696=CURVE_STYLE('',#19,POSITIVE_LENGTH_MEASURE(2.E-2),#13);
#4697=PRESENTATION_STYLE_ASSIGNMENT((#4696));
#4698=STYLED_ITEM('',(#4697),#4695);
#4699=DIRECTION('',(7.938787408812E-1,0.E0,-6.080761011394E-1));
#4700=VECTOR('',#4699,1.469580720365E-1);
#4701=CARTESIAN_POINT('',(2.025E0,4.38E0,-1.489361524582E-2));
#4702=LINE('',#4701,#4700);
#4703=CURVE_STYLE('',#19,POSITIVE_LENGTH_MEASURE(2.E-2),#13);
#4704=PRESENTATION_STYLE_ASSIGNMENT((#4703));
#4705=STYLED_ITEM('',(#4704),#4702);
#4706=DIRECTION('',(-9.257349052295E-1,0.E0,-3.781730889946E-1));
#4707=VECTOR('',#4706,1.575322589496E-1);
#4708=CARTESIAN_POINT('',(2.170833110809E0,4.38E0,4.468084573746E-2));
#4709=LINE('',#4708,#4707);
#4710=CURVE_STYLE('',#19,POSITIVE_LENGTH_MEASURE(2.E-2),#13);
#4711=PRESENTATION_STYLE_ASSIGNMENT((#4710));
#4712=STYLED_ITEM('',(#4711),#4709);
#4713=DIRECTION('',(-5.466254709167E-1,0.E0,-8.373772116227E-1));
#4714=VECTOR('',#4713,1.067161731112E-1);
#4715=CARTESIAN_POINT('',(2.229166889191E0,4.38E0,1.340425372124E-1));
#4716=LINE('',#4715,#4714);
#4717=CURVE_STYLE('',#19,POSITIVE_LENGTH_MEASURE(2.E-2),#13);
#4718=PRESENTATION_STYLE_ASSIGNMENT((#4717));
#4719=STYLED_ITEM('',(#4718),#4716);
#4720=DIRECTION('',(-2.377678509221E-1,0.E0,-9.713220110076E-1));
#4721=VECTOR('',#4720,1.226668008544E-1);
#4722=CARTESIAN_POINT('',(2.258333110809E0,4.38E0,2.531915009022E-1));
#4723=LINE('',#4722,#4721);
#4724=CURVE_STYLE('',#19,POSITIVE_LENGTH_MEASURE(2.E-2),#13);
#4725=PRESENTATION_STYLE_ASSIGNMENT((#4724));
#4726=STYLED_ITEM('',(#4725),#4723);
#4727=DIRECTION('',(0.E0,0.E0,-1.E0));
#4728=VECTOR('',#4727,1.191489219666E-1);
#4729=CARTESIAN_POINT('',(2.258333110809E0,4.38E0,3.723404228687E-1));
#4730=LINE('',#4729,#4728);
#4731=CURVE_STYLE('',#19,POSITIVE_LENGTH_MEASURE(2.E-2),#13);
#4732=PRESENTATION_STYLE_ASSIGNMENT((#4731));
#4733=STYLED_ITEM('',(#4732),#4730);
#4734=DIRECTION('',(3.102757208080E-1,0.E0,-9.506466099856E-1));
#4735=VECTOR('',#4734,9.400097933121E-2);
#4736=CARTESIAN_POINT('',(2.229166889191E0,4.38E0,4.617021352053E-1));
#4737=LINE('',#4736,#4735);
#4738=CURVE_STYLE('',#19,POSITIVE_LENGTH_MEASURE(2.E-2),#13);
#4739=PRESENTATION_STYLE_ASSIGNMENT((#4738));
#4740=STYLED_ITEM('',(#4739),#4737);
#4741=DIRECTION('',(0.E0,0.E0,-1.E0));
#4742=VECTOR('',#4741,1.489361941814E-1);
#4743=CARTESIAN_POINT('',(2.9E0,4.38E0,1.936170399189E-1));
#4744=LINE('',#4743,#4742);
#4745=CURVE_STYLE('',#19,POSITIVE_LENGTH_MEASURE(2.E-2),#13);
#4746=PRESENTATION_STYLE_ASSIGNMENT((#4745));
#4747=STYLED_ITEM('',(#4746),#4744);
#4748=DIRECTION('',(1.E0,0.E0,0.E0));
#4749=VECTOR('',#4748,4.083331108093E-1);
#4750=CARTESIAN_POINT('',(2.491666889191E0,4.38E0,1.936170399189E-1));
#4751=LINE('',#4750,#4749);
#4752=CURVE_STYLE('',#19,POSITIVE_LENGTH_MEASURE(2.E-2),#13);
#4753=PRESENTATION_STYLE_ASSIGNMENT((#4752));
#4754=STYLED_ITEM('',(#4753),#4751);
#4755=DIRECTION('',(0.E0,0.E0,1.E0));
#4756=VECTOR('',#4755,1.489361941814E-1);
#4757=CARTESIAN_POINT('',(2.491666889191E0,4.38E0,4.468084573746E-2));
#4758=LINE('',#4757,#4756);
#4759=CURVE_STYLE('',#19,POSITIVE_LENGTH_MEASURE(2.E-2),#13);
#4760=PRESENTATION_STYLE_ASSIGNMENT((#4759));
#4761=STYLED_ITEM('',(#4760),#4758);
#4762=DIRECTION('',(-1.E0,0.E0,0.E0));
#4763=VECTOR('',#4762,4.083331108093E-1);
#4764=CARTESIAN_POINT('',(2.9E0,4.38E0,4.468084573746E-2));
#4765=LINE('',#4764,#4763);
#4766=CURVE_STYLE('',#19,POSITIVE_LENGTH_MEASURE(2.E-2),#13);
#4767=PRESENTATION_STYLE_ASSIGNMENT((#4766));
#4768=STYLED_ITEM('',(#4767),#4765);
#4769=DIRECTION('',(7.938787408812E-1,0.E0,-6.080761011394E-1));
#4770=VECTOR('',#4769,1.469580720365E-1);
#4771=CARTESIAN_POINT('',(3.3375E0,4.38E0,7.446807622910E-2));
#4772=LINE('',#4771,#4770);
#4773=CURVE_STYLE('',#19,POSITIVE_LENGTH_MEASURE(2.E-2),#13);
#4774=PRESENTATION_STYLE_ASSIGNMENT((#4773));
#4775=STYLED_ITEM('',(#4774),#4772);
#4776=DIRECTION('',(1.E0,0.E0,0.E0));
#4777=VECTOR('',#4776,2.041668891907E-1);
#4778=CARTESIAN_POINT('',(3.133333110809E0,4.38E0,7.446807622910E-2));
#4779=LINE('',#4778,#4777);
#4780=CURVE_STYLE('',#19,POSITIVE_LENGTH_MEASURE(2.E-2),#13);
#4781=PRESENTATION_STYLE_ASSIGNMENT((#4780));
#4782=STYLED_ITEM('',(#4781),#4779);
#4783=DIRECTION('',(0.E0,0.E0,1.E0));
#4784=VECTOR('',#4783,7.744680762291E-1);
#4785=CARTESIAN_POINT('',(3.133333110809E0,4.38E0,-7.E-1));
#4786=LINE('',#4785,#4784);
#4787=CURVE_STYLE('',#19,POSITIVE_LENGTH_MEASURE(2.E-2),#13);
#4788=PRESENTATION_STYLE_ASSIGNMENT((#4787));
#4789=STYLED_ITEM('',(#4788),#4786);
#4790=DIRECTION('',(-1.E0,0.E0,0.E0));
#4791=VECTOR('',#4790,9.916668891907E-1);
#4792=CARTESIAN_POINT('',(4.125E0,4.38E0,-7.E-1));
#4793=LINE('',#4792,#4791);
#4794=CURVE_STYLE('',#19,POSITIVE_LENGTH_MEASURE(2.E-2),#13);
#4795=PRESENTATION_STYLE_ASSIGNMENT((#4794));
#4796=STYLED_ITEM('',(#4795),#4793);
#4797=DIRECTION('',(0.E0,0.E0,-1.E0));
#4798=VECTOR('',#4797,1.489361524582E-1);
#4799=CARTESIAN_POINT('',(4.125E0,4.38E0,-5.510638475418E-1));
#4800=LINE('',#4799,#4798);
#4801=CURVE_STYLE('',#19,POSITIVE_LENGTH_MEASURE(2.E-2),#13);
#4802=PRESENTATION_STYLE_ASSIGNMENT((#4801));
#4803=STYLED_ITEM('',(#4802),#4800);
#4804=DIRECTION('',(1.E0,0.E0,0.E0));
#4805=VECTOR('',#4804,8.458331108093E-1);
#4806=CARTESIAN_POINT('',(3.279166889191E0,4.38E0,-5.510638475418E-1));
#4807=LINE('',#4806,#4805);
#4808=CURVE_STYLE('',#19,POSITIVE_LENGTH_MEASURE(2.E-2),#13);
#4809=PRESENTATION_STYLE_ASSIGNMENT((#4808));
#4810=STYLED_ITEM('',(#4809),#4807);
#4811=DIRECTION('',(0.E0,0.E0,-1.E0));
#4812=VECTOR('',#4811,4.765957713127E-1);
#4813=CARTESIAN_POINT('',(3.279166889191E0,4.38E0,-7.446807622910E-2));
#4814=LINE('',#4813,#4812);
#4815=CURVE_STYLE('',#19,POSITIVE_LENGTH_MEASURE(2.E-2),#13);
#4816=PRESENTATION_STYLE_ASSIGNMENT((#4815));
#4817=STYLED_ITEM('',(#4816),#4814);
#4818=DIRECTION('',(-8.526530674474E-1,0.E0,5.224775081977E-1));
#4819=VECTOR('',#4818,1.710345231571E-1);
#4820=CARTESIAN_POINT('',(3.425E0,4.38E0,-1.638297677040E-1));
#4821=LINE('',#4820,#4819);
#4822=CURVE_STYLE('',#19,POSITIVE_LENGTH_MEASURE(2.E-2),#13);
#4823=PRESENTATION_STYLE_ASSIGNMENT((#4822));
#4824=STYLED_ITEM('',(#4823),#4821);
#4825=DIRECTION('',(-9.797706494039E-1,0.E0,2.001236481946E-1));
#4826=VECTOR('',#4825,1.488441309178E-1);
#4827=CARTESIAN_POINT('',(3.570833110809E0,4.38E0,-1.936169981956E-1));
#4828=LINE('',#4827,#4826);
#4829=CURVE_STYLE('',#19,POSITIVE_LENGTH_MEASURE(2.E-2),#13);
#4830=PRESENTATION_STYLE_ASSIGNMENT((#4829));
#4831=STYLED_ITEM('',(#4830),#4828);
#4832=DIRECTION('',(-1.E0,0.E0,0.E0));
#4833=VECTOR('',#4832,1.75E-1);
#4834=CARTESIAN_POINT('',(3.745833110809E0,4.38E0,-1.936169981956E-1));
#4835=LINE('',#4834,#4833);
#4836=CURVE_STYLE('',#19,POSITIVE_LENGTH_MEASURE(2.E-2),#13);
#4837=PRESENTATION_STYLE_ASSIGNMENT((#4836));
#4838=STYLED_ITEM('',(#4837),#4835);
#4839=DIRECTION('',(-9.797708290262E-1,0.E0,-2.001227687928E-1));
#4840=VECTOR('',#4839,1.488447849854E-1);
#4841=CARTESIAN_POINT('',(3.891666889191E0,4.38E0,-1.638297677040E-1));
#4842=LINE('',#4841,#4840);
#4843=CURVE_STYLE('',#19,POSITIVE_LENGTH_MEASURE(2.E-2),#13);
#4844=PRESENTATION_STYLE_ASSIGNMENT((#4843));
#4845=STYLED_ITEM('',(#4844),#4842);
#4846=DIRECTION('',(-8.526530674474E-1,0.E0,-5.224775081977E-1));
#4847=VECTOR('',#4846,1.710345231571E-1);
#4848=CARTESIAN_POINT('',(4.0375E0,4.38E0,-7.446807622910E-2));
#4849=LINE('',#4848,#4847);
#4850=CURVE_STYLE('',#19,POSITIVE_LENGTH_MEASURE(2.E-2),#13);
#4851=PRESENTATION_STYLE_ASSIGNMENT((#4850));
#4852=STYLED_ITEM('',(#4851),#4849);
#4853=DIRECTION('',(-5.919095487496E-1,0.E0,-8.060043958311E-1));
#4854=VECTOR('',#4853,1.478266403792E-1);
#4855=CARTESIAN_POINT('',(4.125E0,4.38E0,4.468084573746E-2));
#4856=LINE('',#4855,#4854);
#4857=CURVE_STYLE('',#19,POSITIVE_LENGTH_MEASURE(2.E-2),#13);
#4858=PRESENTATION_STYLE_ASSIGNMENT((#4857));
#4859=STYLED_ITEM('',(#4858),#4856);
#4860=DIRECTION('',(-3.646906411703E-1,0.E0,-9.311287431085E-1));
#4861=VECTOR('',#4860,1.599523108740E-1);
#4862=CARTESIAN_POINT('',(4.183333110809E0,4.38E0,1.936170399189E-1));
#4863=LINE('',#4862,#4861);
#4864=CURVE_STYLE('',#19,POSITIVE_LENGTH_MEASURE(2.E-2),#13);
#4865=PRESENTATION_STYLE_ASSIGNMENT((#4864));
#4866=STYLED_ITEM('',(#4865),#4863);
#4867=DIRECTION('',(0.E0,0.E0,-1.E0));
#4868=VECTOR('',#4867,1.191489219666E-1);
#4869=CARTESIAN_POINT('',(4.183333110809E0,4.38E0,3.127659618855E-1));
#4870=LINE('',#4869,#4868);
#4871=CURVE_STYLE('',#19,POSITIVE_LENGTH_MEASURE(2.E-2),#13);
#4872=PRESENTATION_STYLE_ASSIGNMENT((#4871));
#4873=STYLED_ITEM('',(#4872),#4870);
#4874=DIRECTION('',(3.646906854589E-1,0.E0,-9.311287257622E-1));
#4875=VECTOR('',#4874,1.599522914492E-1);
#4876=CARTESIAN_POINT('',(4.125E0,4.38E0,4.617021352053E-1));
#4877=LINE('',#4876,#4875);
#4878=CURVE_STYLE('',#19,POSITIVE_LENGTH_MEASURE(2.E-2),#13);
#4879=PRESENTATION_STYLE_ASSIGNMENT((#4878));
#4880=STYLED_ITEM('',(#4879),#4877);
#4881=DIRECTION('',(5.919095150862E-1,0.E0,-8.060044205527E-1));
#4882=VECTOR('',#4881,1.478266487864E-1);
#4883=CARTESIAN_POINT('',(4.0375E0,4.38E0,5.808510676026E-1));
#4884=LINE('',#4883,#4882);
#4885=CURVE_STYLE('',#19,POSITIVE_LENGTH_MEASURE(2.E-2),#13);
#4886=PRESENTATION_STYLE_ASSIGNMENT((#4885));
#4887=STYLED_ITEM('',(#4886),#4884);
#4888=DIRECTION('',(8.526530470706E-1,0.E0,-5.224775414514E-1));
#4889=VECTOR('',#4888,1.710345272445E-1);
#4890=CARTESIAN_POINT('',(3.891666889191E0,4.38E0,6.702127669007E-1));
#4891=LINE('',#4890,#4889);
#4892=CURVE_STYLE('',#19,POSITIVE_LENGTH_MEASURE(2.E-2),#13);
#4893=PRESENTATION_STYLE_ASSIGNMENT((#4892));
#4894=STYLED_ITEM('',(#4893),#4891);
#4895=DIRECTION('',(9.797708255911E-1,0.E0,-2.001227856107E-1));
#4896=VECTOR('',#4895,1.488447855072E-1);
#4897=CARTESIAN_POINT('',(3.745833110809E0,4.38E0,7.E-1));
#4898=LINE('',#4897,#4896);
#4899=CURVE_STYLE('',#19,POSITIVE_LENGTH_MEASURE(2.E-2),#13);
#4900=PRESENTATION_STYLE_ASSIGNMENT((#4899));
#4901=STYLED_ITEM('',(#4900),#4898);
#4902=DIRECTION('',(1.E0,0.E0,0.E0));
#4903=VECTOR('',#4902,1.75E-1);
#4904=CARTESIAN_POINT('',(3.570833110809E0,4.38E0,7.E-1));
#4905=LINE('',#4904,#4903);
#4906=CURVE_STYLE('',#19,POSITIVE_LENGTH_MEASURE(2.E-2),#13);
#4907=PRESENTATION_STYLE_ASSIGNMENT((#4906));
#4908=STYLED_ITEM('',(#4907),#4905);
#4909=DIRECTION('',(9.797706459687E-1,0.E0,2.001236650127E-1));
#4910=VECTOR('',#4909,1.488441314397E-1);
#4911=CARTESIAN_POINT('',(3.425E0,4.38E0,6.702127669007E-1));
#4912=LINE('',#4911,#4910);
#4913=CURVE_STYLE('',#19,POSITIVE_LENGTH_MEASURE(2.E-2),#13);
#4914=PRESENTATION_STYLE_ASSIGNMENT((#4913));
#4915=STYLED_ITEM('',(#4914),#4912);
#4916=DIRECTION('',(8.526530470707E-1,0.E0,5.224775414514E-1));
#4917=VECTOR('',#4916,1.710345272445E-1);
#4918=CARTESIAN_POINT('',(3.279166889191E0,4.38E0,5.808510676026E-1));
#4919=LINE('',#4918,#4917);
#4920=CURVE_STYLE('',#19,POSITIVE_LENGTH_MEASURE(2.E-2),#13);
#4921=PRESENTATION_STYLE_ASSIGNMENT((#4920));
#4922=STYLED_ITEM('',(#4921),#4919);
#4923=DIRECTION('',(5.919095150862E-1,0.E0,8.060044205527E-1));
#4924=VECTOR('',#4923,1.478266487864E-1);
#4925=CARTESIAN_POINT('',(3.191666889191E0,4.38E0,4.617021352053E-1));
#4926=LINE('',#4925,#4924);
#4927=CURVE_STYLE('',#19,POSITIVE_LENGTH_MEASURE(2.E-2),#13);
#4928=PRESENTATION_STYLE_ASSIGNMENT((#4927));
#4929=STYLED_ITEM('',(#4928),#4926);
#4930=DIRECTION('',(4.397161398293E-1,0.E0,8.981368027053E-1));
#4931=VECTOR('',#4930,1.326623544089E-1);
#4932=CARTESIAN_POINT('',(3.133333110809E0,4.38E0,3.425531923771E-1));
#4933=LINE('',#4932,#4931);
#4934=CURVE_STYLE('',#19,POSITIVE_LENGTH_MEASURE(2.E-2),#13);
#4935=PRESENTATION_STYLE_ASSIGNMENT((#4934));
#4936=STYLED_ITEM('',(#4935),#4933);
#4937=DIRECTION('',(-1.E0,0.E0,0.E0));
#4938=VECTOR('',#4937,1.75E-1);
#4939=CARTESIAN_POINT('',(3.308333110809E0,4.38E0,3.425531923771E-1));
#4940=LINE('',#4939,#4938);
#4941=CURVE_STYLE('',#19,POSITIVE_LENGTH_MEASURE(2.E-2),#13);
#4942=PRESENTATION_STYLE_ASSIGNMENT((#4941));
#4943=STYLED_ITEM('',(#4942),#4940);
#4944=DIRECTION('',(-4.397161398292E-1,0.E0,-8.981368027053E-1));
#4945=VECTOR('',#4944,1.326623544089E-1);
#4946=CARTESIAN_POINT('',(3.366666889191E0,4.38E0,4.617021352053E-1));
#4947=LINE('',#4946,#4945);
#4948=CURVE_STYLE('',#19,POSITIVE_LENGTH_MEASURE(2.E-2),#13);
#4949=PRESENTATION_STYLE_ASSIGNMENT((#4948));
#4950=STYLED_ITEM('',(#4949),#4947);
#4951=DIRECTION('',(-8.265992787996E-1,0.E0,-5.627909312417E-1));
#4952=VECTOR('',#4951,1.058554032700E-1);
#4953=CARTESIAN_POINT('',(3.454166889191E0,4.38E0,5.212765961885E-1));
#4954=LINE('',#4953,#4952);
#4955=CURVE_STYLE('',#19,POSITIVE_LENGTH_MEASURE(2.E-2),#13);
#4956=PRESENTATION_STYLE_ASSIGNMENT((#4955));
#4957=STYLED_ITEM('',(#4956),#4954);
#4958=DIRECTION('',(-9.689174914946E-1,0.E0,-2.473841035229E-1));
#4959=VECTOR('',#4958,1.204088301045E-1);
#4960=CARTESIAN_POINT('',(3.570833110809E0,4.38E0,5.510638266802E-1));
#4961=LINE('',#4960,#4959);
#4962=CURVE_STYLE('',#19,POSITIVE_LENGTH_MEASURE(2.E-2),#13);
#4963=PRESENTATION_STYLE_ASSIGNMENT((#4962));
#4964=STYLED_ITEM('',(#4963),#4961);
#4965=DIRECTION('',(-1.E0,0.E0,0.E0));
#4966=VECTOR('',#4965,1.75E-1);
#4967=CARTESIAN_POINT('',(3.745833110809E0,4.38E0,5.510638266802E-1));
#4968=LINE('',#4967,#4966);
#4969=CURVE_STYLE('',#19,POSITIVE_LENGTH_MEASURE(2.E-2),#13);
#4970=PRESENTATION_STYLE_ASSIGNMENT((#4969));
#4971=STYLED_ITEM('',(#4970),#4968);
#4972=DIRECTION('',(-9.689178307915E-1,0.E0,2.473827746112E-1));
#4973=VECTOR('',#4972,1.204094769268E-1);
#4974=CARTESIAN_POINT('',(3.8625E0,4.38E0,5.212765961885E-1));
#4975=LINE('',#4974,#4973);
#4976=CURVE_STYLE('',#19,POSITIVE_LENGTH_MEASURE(2.E-2),#13);
#4977=PRESENTATION_STYLE_ASSIGNMENT((#4976));
#4978=STYLED_ITEM('',(#4977),#4975);
#4979=DIRECTION('',(-8.265992787996E-1,0.E0,5.627909312417E-1));
#4980=VECTOR('',#4979,1.058554032700E-1);
#4981=CARTESIAN_POINT('',(3.95E0,4.38E0,4.617021352053E-1));
#4982=LINE('',#4981,#4980);
#4983=CURVE_STYLE('',#19,POSITIVE_LENGTH_MEASURE(2.E-2),#13);
#4984=PRESENTATION_STYLE_ASSIGNMENT((#4983));
#4985=STYLED_ITEM('',(#4984),#4982);
#4986=DIRECTION('',(-5.466209949943E-1,0.E0,8.373801334110E-1));
#4987=VECTOR('',#4986,1.067158256699E-1);
#4988=CARTESIAN_POINT('',(4.008333110809E0,4.38E0,3.723404228687E-1));
#4989=LINE('',#4988,#4987);
#4990=CURVE_STYLE('',#19,POSITIVE_LENGTH_MEASURE(2.E-2),#13);
#4991=PRESENTATION_STYLE_ASSIGNMENT((#4990));
#4992=STYLED_ITEM('',(#4991),#4989);
#4993=DIRECTION('',(-3.102822043116E-1,0.E0,9.506444938501E-1));
#4994=VECTOR('',#4993,9.400116663275E-2);
#4995=CARTESIAN_POINT('',(4.0375E0,4.38E0,2.829787313938E-1));
#4996=LINE('',#4995,#4994);
#4997=CURVE_STYLE('',#19,POSITIVE_LENGTH_MEASURE(2.E-2),#13);
#4998=PRESENTATION_STYLE_ASSIGNMENT((#4997));
#4999=STYLED_ITEM('',(#4998),#4996);
#5000=DIRECTION('',(0.E0,-1.490871096508E-14,1.E0));
#5001=VECTOR('',#5000,5.957446098328E-2);
#5002=CARTESIAN_POINT('',(4.0375E0,4.38E0,2.234042704105E-1));
#5003=LINE('',#5002,#5001);
#5004=CURVE_STYLE('',#19,POSITIVE_LENGTH_MEASURE(2.E-2),#13);
#5005=PRESENTATION_STYLE_ASSIGNMENT((#5004));
#5006=STYLED_ITEM('',(#5005),#5003);
#5007=DIRECTION('',(3.102820733875E-1,0.E0,9.506445365826E-1));
#5008=VECTOR('',#5007,9.400120629673E-2);
#5009=CARTESIAN_POINT('',(4.008333110809E0,4.38E0,1.340425372124E-1));
#5010=LINE('',#5009,#5008);
#5011=CURVE_STYLE('',#19,POSITIVE_LENGTH_MEASURE(2.E-2),#13);
#5012=PRESENTATION_STYLE_ASSIGNMENT((#5011));
#5013=STYLED_ITEM('',(#5012),#5010);
#5014=DIRECTION('',(5.466210844748E-1,0.E0,8.373800750004E-1));
#5015=VECTOR('',#5014,1.067158082008E-1);
#5016=CARTESIAN_POINT('',(3.95E0,4.38E0,4.468084573746E-2));
#5017=LINE('',#5016,#5015);
#5018=CURVE_STYLE('',#19,POSITIVE_LENGTH_MEASURE(2.E-2),#13);
#5019=PRESENTATION_STYLE_ASSIGNMENT((#5018));
#5020=STYLED_ITEM('',(#5019),#5017);
#5021=DIRECTION('',(8.265992787996E-1,0.E0,5.627909312417E-1));
#5022=VECTOR('',#5021,1.058554032700E-1);
#5023=CARTESIAN_POINT('',(3.8625E0,4.38E0,-1.489361524582E-2));
#5024=LINE('',#5023,#5022);
#5025=CURVE_STYLE('',#19,POSITIVE_LENGTH_MEASURE(2.E-2),#13);
#5026=PRESENTATION_STYLE_ASSIGNMENT((#5025));
#5027=STYLED_ITEM('',(#5026),#5024);
#5028=DIRECTION('',(9.689178307915E-1,0.E0,2.473827746112E-1));
#5029=VECTOR('',#5028,1.204094769268E-1);
#5030=CARTESIAN_POINT('',(3.745833110809E0,4.38E0,-4.468084573746E-2));
#5031=LINE('',#5030,#5029);
#5032=CURVE_STYLE('',#19,POSITIVE_LENGTH_MEASURE(2.E-2),#13);
#5033=PRESENTATION_STYLE_ASSIGNMENT((#5032));
#5034=STYLED_ITEM('',(#5033),#5031);
#5035=DIRECTION('',(1.E0,0.E0,0.E0));
#5036=VECTOR('',#5035,1.75E-1);
#5037=CARTESIAN_POINT('',(3.570833110809E0,4.38E0,-4.468084573746E-2));
#5038=LINE('',#5037,#5036);
#5039=CURVE_STYLE('',#19,POSITIVE_LENGTH_MEASURE(2.E-2),#13);
#5040=PRESENTATION_STYLE_ASSIGNMENT((#5039));
#5041=STYLED_ITEM('',(#5040),#5038);
#5042=DIRECTION('',(9.689174914946E-1,0.E0,-2.473841035229E-1));
#5043=VECTOR('',#5042,1.204088301045E-1);
#5044=CARTESIAN_POINT('',(3.454166889191E0,4.38E0,-1.489361524582E-2));
#5045=LINE('',#5044,#5043);
#5046=CURVE_STYLE('',#19,POSITIVE_LENGTH_MEASURE(2.E-2),#13);
#5047=PRESENTATION_STYLE_ASSIGNMENT((#5046));
#5048=STYLED_ITEM('',(#5047),#5045);
#5049=DIRECTION('',(0.E0,-1.E0,0.E0));
#5050=VECTOR('',#5049,2.E-2);
#5051=CARTESIAN_POINT('',(-2.291666722298E0,4.4E0,-7.E-1));
#5052=LINE('',#5051,#5050);
#5053=CURVE_STYLE('',#19,POSITIVE_LENGTH_MEASURE(2.E-2),#13);
#5054=PRESENTATION_STYLE_ASSIGNMENT((#5053));
#5055=STYLED_ITEM('',(#5054),#5052);
#5056=DIRECTION('',(0.E0,-1.E0,0.E0));
#5057=VECTOR('',#5056,2.E-2);
#5058=CARTESIAN_POINT('',(-2.058333277702E0,4.4E0,-7.E-1));
#5059=LINE('',#5058,#5057);
#5060=CURVE_STYLE('',#19,POSITIVE_LENGTH_MEASURE(2.E-2),#13);
#5061=PRESENTATION_STYLE_ASSIGNMENT((#5060));
#5062=STYLED_ITEM('',(#5061),#5059);
#5063=DIRECTION('',(0.E0,-1.E0,0.E0));
#5064=VECTOR('',#5063,2.E-2);
#5065=CARTESIAN_POINT('',(-1.9125E0,4.4E0,-6.702127695084E-1));
#5066=LINE('',#5065,#5064);
#5067=CURVE_STYLE('',#19,POSITIVE_LENGTH_MEASURE(2.E-2),#13);
#5068=PRESENTATION_STYLE_ASSIGNMENT((#5067));
#5069=STYLED_ITEM('',(#5068),#5066);
#5070=DIRECTION('',(0.E0,-1.E0,0.E0));
#5071=VECTOR('',#5070,2.E-2);
#5072=CARTESIAN_POINT('',(-1.795833277702E0,4.4E0,-6.106383085251E-1));
#5073=LINE('',#5072,#5071);
#5074=CURVE_STYLE('',#19,POSITIVE_LENGTH_MEASURE(2.E-2),#13);
#5075=PRESENTATION_STYLE_ASSIGNMENT((#5074));
#5076=STYLED_ITEM('',(#5075),#5073);
#5077=DIRECTION('',(0.E0,-1.E0,0.E0));
#5078=VECTOR('',#5077,2.E-2);
#5079=CARTESIAN_POINT('',(-1.679166722298E0,4.4E0,-4.914893865585E-1));
#5080=LINE('',#5079,#5078);
#5081=CURVE_STYLE('',#19,POSITIVE_LENGTH_MEASURE(2.E-2),#13);
#5082=PRESENTATION_STYLE_ASSIGNMENT((#5081));
#5083=STYLED_ITEM('',(#5082),#5080);
#5084=DIRECTION('',(0.E0,-1.E0,0.E0));
#5085=VECTOR('',#5084,2.E-2);
#5086=CARTESIAN_POINT('',(-1.620833277702E0,4.4E0,-3.723404645920E-1));
#5087=LINE('',#5086,#5085);
#5088=CURVE_STYLE('',#19,POSITIVE_LENGTH_MEASURE(2.E-2),#13);
#5089=PRESENTATION_STYLE_ASSIGNMENT((#5088));
#5090=STYLED_ITEM('',(#5089),#5087);
#5091=DIRECTION('',(0.E0,-1.E0,0.E0));
#5092=VECTOR('',#5091,2.E-2);
#5093=CARTESIAN_POINT('',(-1.591666722298E0,4.4E0,-2.234042286873E-1));
#5094=LINE('',#5093,#5092);
#5095=CURVE_STYLE('',#19,POSITIVE_LENGTH_MEASURE(2.E-2),#13);
#5096=PRESENTATION_STYLE_ASSIGNMENT((#5095));
#5097=STYLED_ITEM('',(#5096),#5094);
#5098=DIRECTION('',(0.E0,-1.E0,0.E0));
#5099=VECTOR('',#5098,2.E-2);
#5100=CARTESIAN_POINT('',(-1.591666722298E0,4.4E0,2.234042704105E-1));
#5101=LINE('',#5100,#5099);
#5102=CURVE_STYLE('',#19,POSITIVE_LENGTH_MEASURE(2.E-2),#13);
#5103=PRESENTATION_STYLE_ASSIGNMENT((#5102));
#5104=STYLED_ITEM('',(#5103),#5101);
#5105=DIRECTION('',(0.E0,-1.E0,0.E0));
#5106=VECTOR('',#5105,2.E-2);
#5107=CARTESIAN_POINT('',(-1.620833277702E0,4.4E0,3.723404228687E-1));
#5108=LINE('',#5107,#5106);
#5109=CURVE_STYLE('',#19,POSITIVE_LENGTH_MEASURE(2.E-2),#13);
#5110=PRESENTATION_STYLE_ASSIGNMENT((#5109));
#5111=STYLED_ITEM('',(#5110),#5108);
#5112=DIRECTION('',(0.E0,-1.E0,0.E0));
#5113=VECTOR('',#5112,2.E-2);
#5114=CARTESIAN_POINT('',(-1.679166722298E0,4.4E0,4.914893656969E-1));
#5115=LINE('',#5114,#5113);
#5116=CURVE_STYLE('',#19,POSITIVE_LENGTH_MEASURE(2.E-2),#13);
#5117=PRESENTATION_STYLE_ASSIGNMENT((#5116));
#5118=STYLED_ITEM('',(#5117),#5115);
#5119=DIRECTION('',(0.E0,-1.E0,0.E0));
#5120=VECTOR('',#5119,2.E-2);
#5121=CARTESIAN_POINT('',(-1.795833277702E0,4.4E0,6.106382980943E-1));
#5122=LINE('',#5121,#5120);
#5123=CURVE_STYLE('',#19,POSITIVE_LENGTH_MEASURE(2.E-2),#13);
#5124=PRESENTATION_STYLE_ASSIGNMENT((#5123));
#5125=STYLED_ITEM('',(#5124),#5122);
#5126=DIRECTION('',(0.E0,-1.E0,0.E0));
#5127=VECTOR('',#5126,2.E-2);
#5128=CARTESIAN_POINT('',(-1.9125E0,4.4E0,6.702127669007E-1));
#5129=LINE('',#5128,#5127);
#5130=CURVE_STYLE('',#19,POSITIVE_LENGTH_MEASURE(2.E-2),#13);
#5131=PRESENTATION_STYLE_ASSIGNMENT((#5130));
#5132=STYLED_ITEM('',(#5131),#5129);
#5133=DIRECTION('',(0.E0,-1.E0,0.E0));
#5134=VECTOR('',#5133,2.E-2);
#5135=CARTESIAN_POINT('',(-2.058333277702E0,4.4E0,7.E-1));
#5136=LINE('',#5135,#5134);
#5137=CURVE_STYLE('',#19,POSITIVE_LENGTH_MEASURE(2.E-2),#13);
#5138=PRESENTATION_STYLE_ASSIGNMENT((#5137));
#5139=STYLED_ITEM('',(#5138),#5136);
#5140=DIRECTION('',(0.E0,-1.E0,0.E0));
#5141=VECTOR('',#5140,2.E-2);
#5142=CARTESIAN_POINT('',(-2.291666722298E0,4.4E0,7.E-1));
#5143=LINE('',#5142,#5141);
#5144=CURVE_STYLE('',#19,POSITIVE_LENGTH_MEASURE(2.E-2),#13);
#5145=PRESENTATION_STYLE_ASSIGNMENT((#5144));
#5146=STYLED_ITEM('',(#5145),#5143);
#5147=DIRECTION('',(0.E0,-1.E0,0.E0));
#5148=VECTOR('',#5147,2.E-2);
#5149=CARTESIAN_POINT('',(-2.4375E0,4.4E0,6.702127669007E-1));
#5150=LINE('',#5149,#5148);
#5151=CURVE_STYLE('',#19,POSITIVE_LENGTH_MEASURE(2.E-2),#13);
#5152=PRESENTATION_STYLE_ASSIGNMENT((#5151));
#5153=STYLED_ITEM('',(#5152),#5150);
#5154=DIRECTION('',(0.E0,-1.E0,0.E0));
#5155=VECTOR('',#5154,2.E-2);
#5156=CARTESIAN_POINT('',(-2.554166722298E0,4.4E0,6.106382980943E-1));
#5157=LINE('',#5156,#5155);
#5158=CURVE_STYLE('',#19,POSITIVE_LENGTH_MEASURE(2.E-2),#13);
#5159=PRESENTATION_STYLE_ASSIGNMENT((#5158));
#5160=STYLED_ITEM('',(#5159),#5157);
#5161=DIRECTION('',(0.E0,-1.E0,0.E0));
#5162=VECTOR('',#5161,2.E-2);
#5163=CARTESIAN_POINT('',(-2.670833277702E0,4.4E0,4.914893656969E-1));
#5164=LINE('',#5163,#5162);
#5165=CURVE_STYLE('',#19,POSITIVE_LENGTH_MEASURE(2.E-2),#13);
#5166=PRESENTATION_STYLE_ASSIGNMENT((#5165));
#5167=STYLED_ITEM('',(#5166),#5164);
#5168=DIRECTION('',(0.E0,-1.E0,0.E0));
#5169=VECTOR('',#5168,2.E-2);
#5170=CARTESIAN_POINT('',(-2.729166638851E0,4.4E0,3.723404228687E-1));
#5171=LINE('',#5170,#5169);
#5172=CURVE_STYLE('',#19,POSITIVE_LENGTH_MEASURE(2.E-2),#13);
#5173=PRESENTATION_STYLE_ASSIGNMENT((#5172));
#5174=STYLED_ITEM('',(#5173),#5171);
#5175=DIRECTION('',(0.E0,-1.E0,0.E0));
#5176=VECTOR('',#5175,2.E-2);
#5177=CARTESIAN_POINT('',(-2.758333361149E0,4.4E0,2.234042704105E-1));
#5178=LINE('',#5177,#5176);
#5179=CURVE_STYLE('',#19,POSITIVE_LENGTH_MEASURE(2.E-2),#13);
#5180=PRESENTATION_STYLE_ASSIGNMENT((#5179));
#5181=STYLED_ITEM('',(#5180),#5178);
#5182=DIRECTION('',(0.E0,-1.E0,0.E0));
#5183=VECTOR('',#5182,2.E-2);
#5184=CARTESIAN_POINT('',(-2.758333361149E0,4.4E0,-2.234042286873E-1));
#5185=LINE('',#5184,#5183);
#5186=CURVE_STYLE('',#19,POSITIVE_LENGTH_MEASURE(2.E-2),#13);
#5187=PRESENTATION_STYLE_ASSIGNMENT((#5186));
#5188=STYLED_ITEM('',(#5187),#5185);
#5189=DIRECTION('',(0.E0,-1.E0,0.E0));
#5190=VECTOR('',#5189,2.E-2);
#5191=CARTESIAN_POINT('',(-2.729166638851E0,4.4E0,-3.723404645920E-1));
#5192=LINE('',#5191,#5190);
#5193=CURVE_STYLE('',#19,POSITIVE_LENGTH_MEASURE(2.E-2),#13);
#5194=PRESENTATION_STYLE_ASSIGNMENT((#5193));
#5195=STYLED_ITEM('',(#5194),#5192);
#5196=DIRECTION('',(0.E0,-1.E0,0.E0));
#5197=VECTOR('',#5196,2.E-2);
#5198=CARTESIAN_POINT('',(-2.670833277702E0,4.4E0,-4.914893865585E-1));
#5199=LINE('',#5198,#5197);
#5200=CURVE_STYLE('',#19,POSITIVE_LENGTH_MEASURE(2.E-2),#13);
#5201=PRESENTATION_STYLE_ASSIGNMENT((#5200));
#5202=STYLED_ITEM('',(#5201),#5199);
#5203=DIRECTION('',(0.E0,-1.E0,0.E0));
#5204=VECTOR('',#5203,2.E-2);
#5205=CARTESIAN_POINT('',(-2.554166722298E0,4.4E0,-6.106383085251E-1));
#5206=LINE('',#5205,#5204);
#5207=CURVE_STYLE('',#19,POSITIVE_LENGTH_MEASURE(2.E-2),#13);
#5208=PRESENTATION_STYLE_ASSIGNMENT((#5207));
#5209=STYLED_ITEM('',(#5208),#5206);
#5210=DIRECTION('',(0.E0,-1.E0,0.E0));
#5211=VECTOR('',#5210,2.E-2);
#5212=CARTESIAN_POINT('',(-2.4375E0,4.4E0,-6.702127695084E-1));
#5213=LINE('',#5212,#5211);
#5214=CURVE_STYLE('',#19,POSITIVE_LENGTH_MEASURE(2.E-2),#13);
#5215=PRESENTATION_STYLE_ASSIGNMENT((#5214));
#5216=STYLED_ITEM('',(#5215),#5213);
#5217=DIRECTION('',(0.E0,-1.E0,0.E0));
#5218=VECTOR('',#5217,2.E-2);
#5219=CARTESIAN_POINT('',(-2.291666722298E0,4.4E0,-5.212766170502E-1));
#5220=LINE('',#5219,#5218);
#5221=CURVE_STYLE('',#19,POSITIVE_LENGTH_MEASURE(2.E-2),#13);
#5222=PRESENTATION_STYLE_ASSIGNMENT((#5221));
#5223=STYLED_ITEM('',(#5222),#5220);
#5224=DIRECTION('',(0.E0,-1.E0,0.E0));
#5225=VECTOR('',#5224,2.E-2);
#5226=CARTESIAN_POINT('',(-2.408333277702E0,4.4E0,-4.914893865585E-1));
#5227=LINE('',#5226,#5225);
#5228=CURVE_STYLE('',#19,POSITIVE_LENGTH_MEASURE(2.E-2),#13);
#5229=PRESENTATION_STYLE_ASSIGNMENT((#5228));
#5230=STYLED_ITEM('',(#5229),#5227);
#5231=DIRECTION('',(0.E0,-1.E0,0.E0));
#5232=VECTOR('',#5231,2.E-2);
#5233=CARTESIAN_POINT('',(-2.495833277702E0,4.4E0,-4.319149255753E-1));
#5234=LINE('',#5233,#5232);
#5235=CURVE_STYLE('',#19,POSITIVE_LENGTH_MEASURE(2.E-2),#13);
#5236=PRESENTATION_STYLE_ASSIGNMENT((#5235));
#5237=STYLED_ITEM('',(#5236),#5234);
#5238=DIRECTION('',(0.E0,-1.E0,0.E0));
#5239=VECTOR('',#5238,2.E-2);
#5240=CARTESIAN_POINT('',(-2.554166722298E0,4.4E0,-3.425531506538E-1));
#5241=LINE('',#5240,#5239);
#5242=CURVE_STYLE('',#19,POSITIVE_LENGTH_MEASURE(2.E-2),#13);
#5243=PRESENTATION_STYLE_ASSIGNMENT((#5242));
#5244=STYLED_ITEM('',(#5243),#5241);
#5245=DIRECTION('',(0.E0,-1.E0,0.E0));
#5246=VECTOR('',#5245,2.E-2);
#5247=CARTESIAN_POINT('',(-2.583333277702E0,4.4E0,-2.234042286873E-1));
#5248=LINE('',#5247,#5246);
#5249=CURVE_STYLE('',#19,POSITIVE_LENGTH_MEASURE(2.E-2),#13);
#5250=PRESENTATION_STYLE_ASSIGNMENT((#5249));
#5251=STYLED_ITEM('',(#5250),#5248);
#5252=DIRECTION('',(0.E0,-1.E0,0.E0));
#5253=VECTOR('',#5252,2.E-2);
#5254=CARTESIAN_POINT('',(-2.583333277702E0,4.4E0,2.234042704105E-1));
#5255=LINE('',#5254,#5253);
#5256=CURVE_STYLE('',#19,POSITIVE_LENGTH_MEASURE(2.E-2),#13);
#5257=PRESENTATION_STYLE_ASSIGNMENT((#5256));
#5258=STYLED_ITEM('',(#5257),#5255);
#5259=DIRECTION('',(0.E0,-1.E0,-1.110223024625E-14));
#5260=VECTOR('',#5259,2.E-2);
#5261=CARTESIAN_POINT('',(-2.554166722298E0,4.4E0,3.425531923771E-1));
#5262=LINE('',#5261,#5260);
#5263=CURVE_STYLE('',#19,POSITIVE_LENGTH_MEASURE(2.E-2),#13);
#5264=PRESENTATION_STYLE_ASSIGNMENT((#5263));
#5265=STYLED_ITEM('',(#5264),#5262);
#5266=DIRECTION('',(0.E0,-1.E0,0.E0));
#5267=VECTOR('',#5266,2.E-2);
#5268=CARTESIAN_POINT('',(-2.495833277702E0,4.4E0,4.319148838520E-1));
#5269=LINE('',#5268,#5267);
#5270=CURVE_STYLE('',#19,POSITIVE_LENGTH_MEASURE(2.E-2),#13);
#5271=PRESENTATION_STYLE_ASSIGNMENT((#5270));
#5272=STYLED_ITEM('',(#5271),#5269);
#5273=DIRECTION('',(0.E0,-1.E0,0.E0));
#5274=VECTOR('',#5273,2.E-2);
#5275=CARTESIAN_POINT('',(-2.408333277702E0,4.4E0,4.914893656969E-1));
#5276=LINE('',#5275,#5274);
#5277=CURVE_STYLE('',#19,POSITIVE_LENGTH_MEASURE(2.E-2),#13);
#5278=PRESENTATION_STYLE_ASSIGNMENT((#5277));
#5279=STYLED_ITEM('',(#5278),#5276);
#5280=DIRECTION('',(0.E0,-1.E0,0.E0));
#5281=VECTOR('',#5280,2.E-2);
#5282=CARTESIAN_POINT('',(-2.291666722298E0,4.4E0,5.212765961885E-1));
#5283=LINE('',#5282,#5281);
#5284=CURVE_STYLE('',#19,POSITIVE_LENGTH_MEASURE(2.E-2),#13);
#5285=PRESENTATION_STYLE_ASSIGNMENT((#5284));
#5286=STYLED_ITEM('',(#5285),#5283);
#5287=DIRECTION('',(0.E0,-1.E0,0.E0));
#5288=VECTOR('',#5287,2.E-2);
#5289=CARTESIAN_POINT('',(-2.058333277702E0,4.4E0,5.212765961885E-1));
#5290=LINE('',#5289,#5288);
#5291=CURVE_STYLE('',#19,POSITIVE_LENGTH_MEASURE(2.E-2),#13);
#5292=PRESENTATION_STYLE_ASSIGNMENT((#5291));
#5293=STYLED_ITEM('',(#5292),#5290);
#5294=DIRECTION('',(0.E0,-1.E0,0.E0));
#5295=VECTOR('',#5294,2.E-2);
#5296=CARTESIAN_POINT('',(-1.941666722298E0,4.4E0,4.914893656969E-1));
#5297=LINE('',#5296,#5295);
#5298=CURVE_STYLE('',#19,POSITIVE_LENGTH_MEASURE(2.E-2),#13);
#5299=PRESENTATION_STYLE_ASSIGNMENT((#5298));
#5300=STYLED_ITEM('',(#5299),#5297);
#5301=DIRECTION('',(0.E0,-1.E0,0.E0));
#5302=VECTOR('',#5301,2.E-2);
#5303=CARTESIAN_POINT('',(-1.854166722298E0,4.4E0,4.319148838520E-1));
#5304=LINE('',#5303,#5302);
#5305=CURVE_STYLE('',#19,POSITIVE_LENGTH_MEASURE(2.E-2),#13);
#5306=PRESENTATION_STYLE_ASSIGNMENT((#5305));
#5307=STYLED_ITEM('',(#5306),#5304);
#5308=DIRECTION('',(0.E0,-1.E0,0.E0));
#5309=VECTOR('',#5308,2.E-2);
#5310=CARTESIAN_POINT('',(-1.795833277702E0,4.4E0,3.425531923771E-1));
#5311=LINE('',#5310,#5309);
#5312=CURVE_STYLE('',#19,POSITIVE_LENGTH_MEASURE(2.E-2),#13);
#5313=PRESENTATION_STYLE_ASSIGNMENT((#5312));
#5314=STYLED_ITEM('',(#5313),#5311);
#5315=DIRECTION('',(0.E0,-1.E0,0.E0));
#5316=VECTOR('',#5315,2.E-2);
#5317=CARTESIAN_POINT('',(-1.766666722298E0,4.4E0,2.234042704105E-1));
#5318=LINE('',#5317,#5316);
#5319=CURVE_STYLE('',#19,POSITIVE_LENGTH_MEASURE(2.E-2),#13);
#5320=PRESENTATION_STYLE_ASSIGNMENT((#5319));
#5321=STYLED_ITEM('',(#5320),#5318);
#5322=DIRECTION('',(0.E0,-1.E0,0.E0));
#5323=VECTOR('',#5322,2.E-2);
#5324=CARTESIAN_POINT('',(-1.766666722298E0,4.4E0,-2.234042286873E-1));
#5325=LINE('',#5324,#5323);
#5326=CURVE_STYLE('',#19,POSITIVE_LENGTH_MEASURE(2.E-2),#13);
#5327=PRESENTATION_STYLE_ASSIGNMENT((#5326));
#5328=STYLED_ITEM('',(#5327),#5325);
#5329=DIRECTION('',(0.E0,-1.E0,0.E0));
#5330=VECTOR('',#5329,2.E-2);
#5331=CARTESIAN_POINT('',(-1.795833277702E0,4.4E0,-3.425531506538E-1));
#5332=LINE('',#5331,#5330);
#5333=CURVE_STYLE('',#19,POSITIVE_LENGTH_MEASURE(2.E-2),#13);
#5334=PRESENTATION_STYLE_ASSIGNMENT((#5333));
#5335=STYLED_ITEM('',(#5334),#5332);
#5336=DIRECTION('',(0.E0,-1.E0,0.E0));
#5337=VECTOR('',#5336,2.E-2);
#5338=CARTESIAN_POINT('',(-1.854166722298E0,4.4E0,-4.319149255753E-1));
#5339=LINE('',#5338,#5337);
#5340=CURVE_STYLE('',#19,POSITIVE_LENGTH_MEASURE(2.E-2),#13);
#5341=PRESENTATION_STYLE_ASSIGNMENT((#5340));
#5342=STYLED_ITEM('',(#5341),#5339);
#5343=DIRECTION('',(0.E0,-1.E0,0.E0));
#5344=VECTOR('',#5343,2.E-2);
#5345=CARTESIAN_POINT('',(-1.941666722298E0,4.4E0,-4.914893865585E-1));
#5346=LINE('',#5345,#5344);
#5347=CURVE_STYLE('',#19,POSITIVE_LENGTH_MEASURE(2.E-2),#13);
#5348=PRESENTATION_STYLE_ASSIGNMENT((#5347));
#5349=STYLED_ITEM('',(#5348),#5346);
#5350=DIRECTION('',(0.E0,-1.E0,0.E0));
#5351=VECTOR('',#5350,2.E-2);
#5352=CARTESIAN_POINT('',(-2.058333277702E0,4.4E0,-5.212766170502E-1));
#5353=LINE('',#5352,#5351);
#5354=CURVE_STYLE('',#19,POSITIVE_LENGTH_MEASURE(2.E-2),#13);
#5355=PRESENTATION_STYLE_ASSIGNMENT((#5354));
#5356=STYLED_ITEM('',(#5355),#5353);
#5357=DIRECTION('',(0.E0,-1.E0,0.E0));
#5358=VECTOR('',#5357,2.E-2);
#5359=CARTESIAN_POINT('',(-1.358333277702E0,4.4E0,5.510638266802E-1));
#5360=LINE('',#5359,#5358);
#5361=CURVE_STYLE('',#19,POSITIVE_LENGTH_MEASURE(2.E-2),#13);
#5362=PRESENTATION_STYLE_ASSIGNMENT((#5361));
#5363=STYLED_ITEM('',(#5362),#5360);
#5364=DIRECTION('',(0.E0,-1.E0,0.E0));
#5365=VECTOR('',#5364,2.E-2);
#5366=CARTESIAN_POINT('',(-5.416665554047E-1,4.4E0,-1.936169981956E-1));
#5367=LINE('',#5366,#5365);
#5368=CURVE_STYLE('',#19,POSITIVE_LENGTH_MEASURE(2.E-2),#13);
#5369=PRESENTATION_STYLE_ASSIGNMENT((#5368));
#5370=STYLED_ITEM('',(#5369),#5367);
#5371=DIRECTION('',(0.E0,-1.E0,0.E0));
#5372=VECTOR('',#5371,2.E-2);
#5373=CARTESIAN_POINT('',(-4.833334445953E-1,4.4E0,-3.127659201622E-1));
#5374=LINE('',#5373,#5372);
#5375=CURVE_STYLE('',#19,POSITIVE_LENGTH_MEASURE(2.E-2),#13);
#5376=PRESENTATION_STYLE_ASSIGNMENT((#5375));
#5377=STYLED_ITEM('',(#5376),#5374);
#5378=DIRECTION('',(0.E0,-1.E0,0.E0));
#5379=VECTOR('',#5378,2.E-2);
#5380=CARTESIAN_POINT('',(-4.833334445953E-1,4.4E0,-3.723404645920E-1));
#5381=LINE('',#5380,#5379);
#5382=CURVE_STYLE('',#19,POSITIVE_LENGTH_MEASURE(2.E-2),#13);
#5383=PRESENTATION_STYLE_ASSIGNMENT((#5382));
#5384=STYLED_ITEM('',(#5383),#5381);
#5385=DIRECTION('',(0.E0,-1.E0,0.E0));
#5386=VECTOR('',#5385,2.E-2);
#5387=CARTESIAN_POINT('',(-5.416665554047E-1,4.4E0,-4.617021560669E-1));
#5388=LINE('',#5387,#5386);
#5389=CURVE_STYLE('',#19,POSITIVE_LENGTH_MEASURE(2.E-2),#13);
#5390=PRESENTATION_STYLE_ASSIGNMENT((#5389));
#5391=STYLED_ITEM('',(#5390),#5388);
#5392=DIRECTION('',(0.E0,-1.E0,0.E0));
#5393=VECTOR('',#5392,2.E-2);
#5394=CARTESIAN_POINT('',(-6.291665554047E-1,4.4E0,-5.212766170502E-1));
#5395=LINE('',#5394,#5393);
#5396=CURVE_STYLE('',#19,POSITIVE_LENGTH_MEASURE(2.E-2),#13);
#5397=PRESENTATION_STYLE_ASSIGNMENT((#5396));
#5398=STYLED_ITEM('',(#5397),#5395);
#5399=DIRECTION('',(0.E0,-1.E0,0.E0));
#5400=VECTOR('',#5399,2.E-2);
#5401=CARTESIAN_POINT('',(-7.75E-1,4.4E0,-5.510638475418E-1));
#5402=LINE('',#5401,#5400);
#5403=CURVE_STYLE('',#19,POSITIVE_LENGTH_MEASURE(2.E-2),#13);
#5404=PRESENTATION_STYLE_ASSIGNMENT((#5403));
#5405=STYLED_ITEM('',(#5404),#5402);
#5406=DIRECTION('',(0.E0,-1.E0,0.E0));
#5407=VECTOR('',#5406,2.E-2);
#5408=CARTESIAN_POINT('',(-8.916665554047E-1,4.4E0,-5.510638475418E-1));
#5409=LINE('',#5408,#5407);
#5410=CURVE_STYLE('',#19,POSITIVE_LENGTH_MEASURE(2.E-2),#13);
#5411=PRESENTATION_STYLE_ASSIGNMENT((#5410));
#5412=STYLED_ITEM('',(#5411),#5409);
#5413=DIRECTION('',(0.E0,-1.E0,0.E0));
#5414=VECTOR('',#5413,2.E-2);
#5415=CARTESIAN_POINT('',(-1.0375E0,4.4E0,-5.212766170502E-1));
#5416=LINE('',#5415,#5414);
#5417=CURVE_STYLE('',#19,POSITIVE_LENGTH_MEASURE(2.E-2),#13);
#5418=PRESENTATION_STYLE_ASSIGNMENT((#5417));
#5419=STYLED_ITEM('',(#5418),#5416);
#5420=DIRECTION('',(0.E0,-1.E0,0.E0));
#5421=VECTOR('',#5420,2.E-2);
#5422=CARTESIAN_POINT('',(-1.125E0,4.4E0,-4.617021560669E-1));
#5423=LINE('',#5422,#5421);
#5424=CURVE_STYLE('',#19,POSITIVE_LENGTH_MEASURE(2.E-2),#13);
#5425=PRESENTATION_STYLE_ASSIGNMENT((#5424));
#5426=STYLED_ITEM('',(#5425),#5423);
#5427=DIRECTION('',(0.E0,-1.E0,0.E0));
#5428=VECTOR('',#5427,2.E-2);
#5429=CARTESIAN_POINT('',(-1.183333444595E0,4.4E0,-3.723404645920E-1));
#5430=LINE('',#5429,#5428);
#5431=CURVE_STYLE('',#19,POSITIVE_LENGTH_MEASURE(2.E-2),#13);
#5432=PRESENTATION_STYLE_ASSIGNMENT((#5431));
#5433=STYLED_ITEM('',(#5432),#5430);
#5434=DIRECTION('',(0.E0,-1.E0,0.E0));
#5435=VECTOR('',#5434,2.E-2);
#5436=CARTESIAN_POINT('',(-1.329166722298E0,4.4E0,-3.723404645920E-1));
#5437=LINE('',#5436,#5435);
#5438=CURVE_STYLE('',#19,POSITIVE_LENGTH_MEASURE(2.E-2),#13);
#5439=PRESENTATION_STYLE_ASSIGNMENT((#5438));
#5440=STYLED_ITEM('',(#5439),#5437);
#5441=DIRECTION('',(0.E0,-1.E0,0.E0));
#5442=VECTOR('',#5441,2.E-2);
#5443=CARTESIAN_POINT('',(-1.3E0,4.4E0,-4.914893865585E-1));
#5444=LINE('',#5443,#5442);
#5445=CURVE_STYLE('',#19,POSITIVE_LENGTH_MEASURE(2.E-2),#13);
#5446=PRESENTATION_STYLE_ASSIGNMENT((#5445));
#5447=STYLED_ITEM('',(#5446),#5444);
#5448=DIRECTION('',(0.E0,-1.E0,0.E0));
#5449=VECTOR('',#5448,2.E-2);
#5450=CARTESIAN_POINT('',(-1.183333444595E0,4.4E0,-6.106383085251E-1));
#5451=LINE('',#5450,#5449);
#5452=CURVE_STYLE('',#19,POSITIVE_LENGTH_MEASURE(2.E-2),#13);
#5453=PRESENTATION_STYLE_ASSIGNMENT((#5452));
#5454=STYLED_ITEM('',(#5453),#5451);
#5455=DIRECTION('',(0.E0,-1.E0,0.E0));
#5456=VECTOR('',#5455,2.E-2);
#5457=CARTESIAN_POINT('',(-1.066666555405E0,4.4E0,-6.702127695084E-1));
#5458=LINE('',#5457,#5456);
#5459=CURVE_STYLE('',#19,POSITIVE_LENGTH_MEASURE(2.E-2),#13);
#5460=PRESENTATION_STYLE_ASSIGNMENT((#5459));
#5461=STYLED_ITEM('',(#5460),#5458);
#5462=DIRECTION('',(0.E0,-1.E0,0.E0));
#5463=VECTOR('',#5462,2.E-2);
#5464=CARTESIAN_POINT('',(-8.625E-1,4.4E0,-7.E-1));
#5465=LINE('',#5464,#5463);
#5466=CURVE_STYLE('',#19,POSITIVE_LENGTH_MEASURE(2.E-2),#13);
#5467=PRESENTATION_STYLE_ASSIGNMENT((#5466));
#5468=STYLED_ITEM('',(#5467),#5465);
#5469=DIRECTION('',(0.E0,-1.E0,0.E0));
#5470=VECTOR('',#5469,2.E-2);
#5471=CARTESIAN_POINT('',(-7.458334445953E-1,4.4E0,-7.E-1));
#5472=LINE('',#5471,#5470);
#5473=CURVE_STYLE('',#19,POSITIVE_LENGTH_MEASURE(2.E-2),#13);
#5474=PRESENTATION_STYLE_ASSIGNMENT((#5473));
#5475=STYLED_ITEM('',(#5474),#5472);
#5476=DIRECTION('',(0.E0,-1.E0,0.E0));
#5477=VECTOR('',#5476,2.E-2);
#5478=CARTESIAN_POINT('',(-5.708334445953E-1,4.4E0,-6.702127695084E-1));
#5479=LINE('',#5478,#5477);
#5480=CURVE_STYLE('',#19,POSITIVE_LENGTH_MEASURE(2.E-2),#13);
#5481=PRESENTATION_STYLE_ASSIGNMENT((#5480));
#5482=STYLED_ITEM('',(#5481),#5479);
#5483=DIRECTION('',(0.E0,-1.E0,0.E0));
#5484=VECTOR('',#5483,2.E-2);
#5485=CARTESIAN_POINT('',(-4.541665554047E-1,4.4E0,-6.106383085251E-1));
#5486=LINE('',#5485,#5484);
#5487=CURVE_STYLE('',#19,POSITIVE_LENGTH_MEASURE(2.E-2),#13);
#5488=PRESENTATION_STYLE_ASSIGNMENT((#5487));
#5489=STYLED_ITEM('',(#5488),#5486);
#5490=DIRECTION('',(0.E0,-1.E0,0.E0));
#5491=VECTOR('',#5490,2.E-2);
#5492=CARTESIAN_POINT('',(-3.375E-1,4.4E0,-4.914893865585E-1));
#5493=LINE('',#5492,#5491);
#5494=CURVE_STYLE('',#19,POSITIVE_LENGTH_MEASURE(2.E-2),#13);
#5495=PRESENTATION_STYLE_ASSIGNMENT((#5494));
#5496=STYLED_ITEM('',(#5495),#5493);
#5497=DIRECTION('',(0.E0,-1.E0,0.E0));
#5498=VECTOR('',#5497,2.E-2);
#5499=CARTESIAN_POINT('',(-3.083334445953E-1,4.4E0,-3.723404645920E-1));
#5500=LINE('',#5499,#5498);
#5501=CURVE_STYLE('',#19,POSITIVE_LENGTH_MEASURE(2.E-2),#13);
#5502=PRESENTATION_STYLE_ASSIGNMENT((#5501));
#5503=STYLED_ITEM('',(#5502),#5500);
#5504=DIRECTION('',(0.E0,-1.E0,0.E0));
#5505=VECTOR('',#5504,2.E-2);
#5506=CARTESIAN_POINT('',(-3.083334445953E-1,4.4E0,-3.127659201622E-1));
#5507=LINE('',#5506,#5505);
#5508=CURVE_STYLE('',#19,POSITIVE_LENGTH_MEASURE(2.E-2),#13);
#5509=PRESENTATION_STYLE_ASSIGNMENT((#5508));
#5510=STYLED_ITEM('',(#5509),#5507);
#5511=DIRECTION('',(0.E0,-1.E0,0.E0));
#5512=VECTOR('',#5511,2.E-2);
#5513=CARTESIAN_POINT('',(-3.375E-1,4.4E0,-1.936169981956E-1));
#5514=LINE('',#5513,#5512);
#5515=CURVE_STYLE('',#19,POSITIVE_LENGTH_MEASURE(2.E-2),#13);
#5516=PRESENTATION_STYLE_ASSIGNMENT((#5515));
#5517=STYLED_ITEM('',(#5516),#5514);
#5518=DIRECTION('',(0.E0,-1.E0,0.E0));
#5519=VECTOR('',#5518,2.E-2);
#5520=CARTESIAN_POINT('',(-3.958334445953E-1,4.4E0,-1.042553067207E-1));
#5521=LINE('',#5520,#5519);
#5522=CURVE_STYLE('',#19,POSITIVE_LENGTH_MEASURE(2.E-2),#13);
#5523=PRESENTATION_STYLE_ASSIGNMENT((#5522));
#5524=STYLED_ITEM('',(#5523),#5521);
#5525=DIRECTION('',(0.E0,-1.E0,0.E0));
#5526=VECTOR('',#5525,2.E-2);
#5527=CARTESIAN_POINT('',(-1.125E0,4.4E0,5.510638266802E-1));
#5528=LINE('',#5527,#5526);
#5529=CURVE_STYLE('',#19,POSITIVE_LENGTH_MEASURE(2.E-2),#13);
#5530=PRESENTATION_STYLE_ASSIGNMENT((#5529));
#5531=STYLED_ITEM('',(#5530),#5528);
#5532=DIRECTION('',(0.E0,-1.E0,0.E0));
#5533=VECTOR('',#5532,2.E-2);
#5534=CARTESIAN_POINT('',(-3.083334445953E-1,4.4E0,5.510638266802E-1));
#5535=LINE('',#5534,#5533);
#5536=CURVE_STYLE('',#19,POSITIVE_LENGTH_MEASURE(2.E-2),#13);
#5537=PRESENTATION_STYLE_ASSIGNMENT((#5536));
#5538=STYLED_ITEM('',(#5537),#5535);
#5539=DIRECTION('',(0.E0,-1.E0,0.E0));
#5540=VECTOR('',#5539,2.E-2);
#5541=CARTESIAN_POINT('',(-3.083334445953E-1,4.4E0,7.E-1));
#5542=LINE('',#5541,#5540);
#5543=CURVE_STYLE('',#19,POSITIVE_LENGTH_MEASURE(2.E-2),#13);
#5544=PRESENTATION_STYLE_ASSIGNMENT((#5543));
#5545=STYLED_ITEM('',(#5544),#5542);
#5546=DIRECTION('',(0.E0,-1.E0,0.E0));
#5547=VECTOR('',#5546,2.E-2);
#5548=CARTESIAN_POINT('',(-1.358333277702E0,4.4E0,7.E-1));
#5549=LINE('',#5548,#5547);
#5550=CURVE_STYLE('',#19,POSITIVE_LENGTH_MEASURE(2.E-2),#13);
#5551=PRESENTATION_STYLE_ASSIGNMENT((#5550));
#5552=STYLED_ITEM('',(#5551),#5549);
#5553=DIRECTION('',(0.E0,-1.E0,0.E0));
#5554=VECTOR('',#5553,2.E-2);
#5555=CARTESIAN_POINT('',(9.166665554047E-1,4.4E0,1.489361524582E-2));
#5556=LINE('',#5555,#5554);
#5557=CURVE_STYLE('',#19,POSITIVE_LENGTH_MEASURE(2.E-2),#13);
#5558=PRESENTATION_STYLE_ASSIGNMENT((#5557));
#5559=STYLED_ITEM('',(#5558),#5556);
#5560=DIRECTION('',(0.E0,-1.E0,0.E0));
#5561=VECTOR('',#5560,2.E-2);
#5562=CARTESIAN_POINT('',(9.75E-1,4.4E0,1.638297677040E-1));
#5563=LINE('',#5562,#5561);
#5564=CURVE_STYLE('',#19,POSITIVE_LENGTH_MEASURE(2.E-2),#13);
#5565=PRESENTATION_STYLE_ASSIGNMENT((#5564));
#5566=STYLED_ITEM('',(#5565),#5563);
#5567=DIRECTION('',(0.E0,-1.E0,0.E0));
#5568=VECTOR('',#5567,2.E-2);
#5569=CARTESIAN_POINT('',(9.75E-1,4.4E0,3.127659618855E-1));
#5570=LINE('',#5569,#5568);
#5571=CURVE_STYLE('',#19,POSITIVE_LENGTH_MEASURE(2.E-2),#13);
#5572=PRESENTATION_STYLE_ASSIGNMENT((#5571));
#5573=STYLED_ITEM('',(#5572),#5570);
#5574=DIRECTION('',(0.E0,-1.E0,0.E0));
#5575=VECTOR('',#5574,2.E-2);
#5576=CARTESIAN_POINT('',(9.166665554047E-1,4.4E0,4.617021352053E-1));
#5577=LINE('',#5576,#5575);
#5578=CURVE_STYLE('',#19,POSITIVE_LENGTH_MEASURE(2.E-2),#13);
#5579=PRESENTATION_STYLE_ASSIGNMENT((#5578));
#5580=STYLED_ITEM('',(#5579),#5577);
#5581=DIRECTION('',(0.E0,-1.E0,0.E0));
#5582=VECTOR('',#5581,2.E-2);
#5583=CARTESIAN_POINT('',(8.291665554047E-1,4.4E0,5.808510676026E-1));
#5584=LINE('',#5583,#5582);
#5585=CURVE_STYLE('',#19,POSITIVE_LENGTH_MEASURE(2.E-2),#13);
#5586=PRESENTATION_STYLE_ASSIGNMENT((#5585));
#5587=STYLED_ITEM('',(#5586),#5584);
#5588=DIRECTION('',(0.E0,-1.E0,0.E0));
#5589=VECTOR('',#5588,2.E-2);
#5590=CARTESIAN_POINT('',(6.833334445953E-1,4.4E0,6.702127669007E-1));
#5591=LINE('',#5590,#5589);
#5592=CURVE_STYLE('',#19,POSITIVE_LENGTH_MEASURE(2.E-2),#13);
#5593=PRESENTATION_STYLE_ASSIGNMENT((#5592));
#5594=STYLED_ITEM('',(#5593),#5591);
#5595=DIRECTION('',(0.E0,-1.E0,0.E0));
#5596=VECTOR('',#5595,2.E-2);
#5597=CARTESIAN_POINT('',(5.375E-1,4.4E0,7.E-1));
#5598=LINE('',#5597,#5596);
#5599=CURVE_STYLE('',#19,POSITIVE_LENGTH_MEASURE(2.E-2),#13);
#5600=PRESENTATION_STYLE_ASSIGNMENT((#5599));
#5601=STYLED_ITEM('',(#5600),#5598);
#5602=DIRECTION('',(0.E0,-1.E0,0.E0));
#5603=VECTOR('',#5602,2.E-2);
#5604=CARTESIAN_POINT('',(3.916665554047E-1,4.4E0,7.E-1));
#5605=LINE('',#5604,#5603);
#5606=CURVE_STYLE('',#19,POSITIVE_LENGTH_MEASURE(2.E-2),#13);
#5607=PRESENTATION_STYLE_ASSIGNMENT((#5606));
#5608=STYLED_ITEM('',(#5607),#5605);
#5609=DIRECTION('',(0.E0,-1.E0,0.E0));
#5610=VECTOR('',#5609,2.E-2);
#5611=CARTESIAN_POINT('',(2.458334445953E-1,4.4E0,6.702127669007E-1));
#5612=LINE('',#5611,#5610);
#5613=CURVE_STYLE('',#19,POSITIVE_LENGTH_MEASURE(2.E-2),#13);
#5614=PRESENTATION_STYLE_ASSIGNMENT((#5613));
#5615=STYLED_ITEM('',(#5614),#5612);
#5616=DIRECTION('',(0.E0,-1.E0,0.E0));
#5617=VECTOR('',#5616,2.E-2);
#5618=CARTESIAN_POINT('',(1.E-1,4.4E0,5.808510676026E-1));
#5619=LINE('',#5618,#5617);
#5620=CURVE_STYLE('',#19,POSITIVE_LENGTH_MEASURE(2.E-2),#13);
#5621=PRESENTATION_STYLE_ASSIGNMENT((#5620));
#5622=STYLED_ITEM('',(#5621),#5619);
#5623=DIRECTION('',(0.E0,-1.E0,0.E0));
#5624=VECTOR('',#5623,2.E-2);
#5625=CARTESIAN_POINT('',(1.25E-2,4.4E0,4.617021352053E-1));
#5626=LINE('',#5625,#5624);
#5627=CURVE_STYLE('',#19,POSITIVE_LENGTH_MEASURE(2.E-2),#13);
#5628=PRESENTATION_STYLE_ASSIGNMENT((#5627));
#5629=STYLED_ITEM('',(#5628),#5626);
#5630=DIRECTION('',(0.E0,-1.E0,0.E0));
#5631=VECTOR('',#5630,2.E-2);
#5632=CARTESIAN_POINT('',(-4.583344459534E-2,4.4E0,3.127659618855E-1));
#5633=LINE('',#5632,#5631);
#5634=CURVE_STYLE('',#19,POSITIVE_LENGTH_MEASURE(2.E-2),#13);
#5635=PRESENTATION_STYLE_ASSIGNMENT((#5634));
#5636=STYLED_ITEM('',(#5635),#5633);
#5637=DIRECTION('',(0.E0,-1.E0,0.E0));
#5638=VECTOR('',#5637,2.E-2);
#5639=CARTESIAN_POINT('',(-7.5E-2,4.4E0,1.042553067207E-1));
#5640=LINE('',#5639,#5638);
#5641=CURVE_STYLE('',#19,POSITIVE_LENGTH_MEASURE(2.E-2),#13);
#5642=PRESENTATION_STYLE_ASSIGNMENT((#5641));
#5643=STYLED_ITEM('',(#5642),#5640);
#5644=DIRECTION('',(0.E0,-1.E0,0.E0));
#5645=VECTOR('',#5644,2.E-2);
#5646=CARTESIAN_POINT('',(-7.5E-2,4.4E0,-1.042553067207E-1));
#5647=LINE('',#5646,#5645);
#5648=CURVE_STYLE('',#19,POSITIVE_LENGTH_MEASURE(2.E-2),#13);
#5649=PRESENTATION_STYLE_ASSIGNMENT((#5648));
#5650=STYLED_ITEM('',(#5649),#5647);
#5651=DIRECTION('',(0.E0,-1.E0,0.E0));
#5652=VECTOR('',#5651,2.E-2);
#5653=CARTESIAN_POINT('',(-4.583344459534E-2,4.4E0,-3.127659201622E-1));
#5654=LINE('',#5653,#5652);
#5655=CURVE_STYLE('',#19,POSITIVE_LENGTH_MEASURE(2.E-2),#13);
#5656=PRESENTATION_STYLE_ASSIGNMENT((#5655));
#5657=STYLED_ITEM('',(#5656),#5654);
#5658=DIRECTION('',(0.E0,-1.E0,0.E0));
#5659=VECTOR('',#5658,2.E-2);
#5660=CARTESIAN_POINT('',(1.25E-2,4.4E0,-4.617021560669E-1));
#5661=LINE('',#5660,#5659);
#5662=CURVE_STYLE('',#19,POSITIVE_LENGTH_MEASURE(2.E-2),#13);
#5663=PRESENTATION_STYLE_ASSIGNMENT((#5662));
#5664=STYLED_ITEM('',(#5663),#5661);
#5665=DIRECTION('',(0.E0,-1.E0,0.E0));
#5666=VECTOR('',#5665,2.E-2);
#5667=CARTESIAN_POINT('',(1.E-1,4.4E0,-5.808510780334E-1));
#5668=LINE('',#5667,#5666);
#5669=CURVE_STYLE('',#19,POSITIVE_LENGTH_MEASURE(2.E-2),#13);
#5670=PRESENTATION_STYLE_ASSIGNMENT((#5669));
#5671=STYLED_ITEM('',(#5670),#5668);
#5672=DIRECTION('',(0.E0,-1.E0,0.E0));
#5673=VECTOR('',#5672,2.E-2);
#5674=CARTESIAN_POINT('',(2.458334445953E-1,4.4E0,-6.702127695084E-1));
#5675=LINE('',#5674,#5673);
#5676=CURVE_STYLE('',#19,POSITIVE_LENGTH_MEASURE(2.E-2),#13);
#5677=PRESENTATION_STYLE_ASSIGNMENT((#5676));
#5678=STYLED_ITEM('',(#5677),#5675);
#5679=DIRECTION('',(0.E0,-1.E0,0.E0));
#5680=VECTOR('',#5679,2.E-2);
#5681=CARTESIAN_POINT('',(3.916665554047E-1,4.4E0,-7.E-1));
#5682=LINE('',#5681,#5680);
#5683=CURVE_STYLE('',#19,POSITIVE_LENGTH_MEASURE(2.E-2),#13);
#5684=PRESENTATION_STYLE_ASSIGNMENT((#5683));
#5685=STYLED_ITEM('',(#5684),#5682);
#5686=DIRECTION('',(0.E0,-1.E0,0.E0));
#5687=VECTOR('',#5686,2.E-2);
#5688=CARTESIAN_POINT('',(5.083334445953E-1,4.4E0,-7.E-1));
#5689=LINE('',#5688,#5687);
#5690=CURVE_STYLE('',#19,POSITIVE_LENGTH_MEASURE(2.E-2),#13);
#5691=PRESENTATION_STYLE_ASSIGNMENT((#5690));
#5692=STYLED_ITEM('',(#5691),#5689);
#5693=DIRECTION('',(0.E0,-1.E0,0.E0));
#5694=VECTOR('',#5693,2.E-2);
#5695=CARTESIAN_POINT('',(6.541665554047E-1,4.4E0,-6.702127695084E-1));
#5696=LINE('',#5695,#5694);
#5697=CURVE_STYLE('',#19,POSITIVE_LENGTH_MEASURE(2.E-2),#13);
#5698=PRESENTATION_STYLE_ASSIGNMENT((#5697));
#5699=STYLED_ITEM('',(#5698),#5696);
#5700=DIRECTION('',(0.E0,-1.E0,0.E0));
#5701=VECTOR('',#5700,2.E-2);
#5702=CARTESIAN_POINT('',(8.E-1,4.4E0,-5.808510780334E-1));
#5703=LINE('',#5702,#5701);
#5704=CURVE_STYLE('',#19,POSITIVE_LENGTH_MEASURE(2.E-2),#13);
#5705=PRESENTATION_STYLE_ASSIGNMENT((#5704));
#5706=STYLED_ITEM('',(#5705),#5703);
#5707=DIRECTION('',(0.E0,-1.E0,0.E0));
#5708=VECTOR('',#5707,2.E-2);
#5709=CARTESIAN_POINT('',(8.875E-1,4.4E0,-4.617021560669E-1));
#5710=LINE('',#5709,#5708);
#5711=CURVE_STYLE('',#19,POSITIVE_LENGTH_MEASURE(2.E-2),#13);
#5712=PRESENTATION_STYLE_ASSIGNMENT((#5711));
#5713=STYLED_ITEM('',(#5712),#5710);
#5714=DIRECTION('',(0.E0,-1.E0,0.E0));
#5715=VECTOR('',#5714,2.E-2);
#5716=CARTESIAN_POINT('',(9.166665554047E-1,4.4E0,-3.723404645920E-1));
#5717=LINE('',#5716,#5715);
#5718=CURVE_STYLE('',#19,POSITIVE_LENGTH_MEASURE(2.E-2),#13);
#5719=PRESENTATION_STYLE_ASSIGNMENT((#5718));
#5720=STYLED_ITEM('',(#5719),#5717);
#5721=DIRECTION('',(0.E0,-1.E0,0.E0));
#5722=VECTOR('',#5721,2.E-2);
#5723=CARTESIAN_POINT('',(7.708334445953E-1,4.4E0,-3.723404645920E-1));
#5724=LINE('',#5723,#5722);
#5725=CURVE_STYLE('',#19,POSITIVE_LENGTH_MEASURE(2.E-2),#13);
#5726=PRESENTATION_STYLE_ASSIGNMENT((#5725));
#5727=STYLED_ITEM('',(#5726),#5724);
#5728=DIRECTION('',(0.E0,-1.E0,0.E0));
#5729=VECTOR('',#5728,2.E-2);
#5730=CARTESIAN_POINT('',(7.125E-1,4.4E0,-4.617021560669E-1));
#5731=LINE('',#5730,#5729);
#5732=CURVE_STYLE('',#19,POSITIVE_LENGTH_MEASURE(2.E-2),#13);
#5733=PRESENTATION_STYLE_ASSIGNMENT((#5732));
#5734=STYLED_ITEM('',(#5733),#5731);
#5735=DIRECTION('',(0.E0,-1.E0,0.E0));
#5736=VECTOR('',#5735,2.E-2);
#5737=CARTESIAN_POINT('',(6.25E-1,4.4E0,-5.212766170502E-1));
#5738=LINE('',#5737,#5736);
#5739=CURVE_STYLE('',#19,POSITIVE_LENGTH_MEASURE(2.E-2),#13);
#5740=PRESENTATION_STYLE_ASSIGNMENT((#5739));
#5741=STYLED_ITEM('',(#5740),#5738);
#5742=DIRECTION('',(0.E0,-1.E0,0.E0));
#5743=VECTOR('',#5742,2.E-2);
#5744=CARTESIAN_POINT('',(5.375E-1,4.4E0,-5.510638475418E-1));
#5745=LINE('',#5744,#5743);
#5746=CURVE_STYLE('',#19,POSITIVE_LENGTH_MEASURE(2.E-2),#13);
#5747=PRESENTATION_STYLE_ASSIGNMENT((#5746));
#5748=STYLED_ITEM('',(#5747),#5745);
#5749=DIRECTION('',(0.E0,-1.E0,0.E0));
#5750=VECTOR('',#5749,2.E-2);
#5751=CARTESIAN_POINT('',(3.625E-1,4.4E0,-5.510638475418E-1));
#5752=LINE('',#5751,#5750);
#5753=CURVE_STYLE('',#19,POSITIVE_LENGTH_MEASURE(2.E-2),#13);
#5754=PRESENTATION_STYLE_ASSIGNMENT((#5753));
#5755=STYLED_ITEM('',(#5754),#5752);
#5756=DIRECTION('',(0.E0,-1.E0,0.E0));
#5757=VECTOR('',#5756,2.E-2);
#5758=CARTESIAN_POINT('',(2.75E-1,4.4E0,-5.212766170502E-1));
#5759=LINE('',#5758,#5757);
#5760=CURVE_STYLE('',#19,POSITIVE_LENGTH_MEASURE(2.E-2),#13);
#5761=PRESENTATION_STYLE_ASSIGNMENT((#5760));
#5762=STYLED_ITEM('',(#5761),#5759);
#5763=DIRECTION('',(0.E0,-1.E0,0.E0));
#5764=VECTOR('',#5763,2.E-2);
#5765=CARTESIAN_POINT('',(1.875E-1,4.4E0,-4.617021560669E-1));
#5766=LINE('',#5765,#5764);
#5767=CURVE_STYLE('',#19,POSITIVE_LENGTH_MEASURE(2.E-2),#13);
#5768=PRESENTATION_STYLE_ASSIGNMENT((#5767));
#5769=STYLED_ITEM('',(#5768),#5766);
#5770=DIRECTION('',(0.E0,-1.E0,0.E0));
#5771=VECTOR('',#5770,2.E-2);
#5772=CARTESIAN_POINT('',(1.291665554047E-1,4.4E0,-3.723404645920E-1));
#5773=LINE('',#5772,#5771);
#5774=CURVE_STYLE('',#19,POSITIVE_LENGTH_MEASURE(2.E-2),#13);
#5775=PRESENTATION_STYLE_ASSIGNMENT((#5774));
#5776=STYLED_ITEM('',(#5775),#5773);
#5777=DIRECTION('',(0.E0,-1.E0,0.E0));
#5778=VECTOR('',#5777,2.E-2);
#5779=CARTESIAN_POINT('',(1.E-1,4.4E0,-2.829786896706E-1));
#5780=LINE('',#5779,#5778);
#5781=CURVE_STYLE('',#19,POSITIVE_LENGTH_MEASURE(2.E-2),#13);
#5782=PRESENTATION_STYLE_ASSIGNMENT((#5781));
#5783=STYLED_ITEM('',(#5782),#5780);
#5784=DIRECTION('',(0.E0,-1.E0,0.E0));
#5785=VECTOR('',#5784,2.E-2);
#5786=CARTESIAN_POINT('',(7.083344459534E-2,4.4E0,-1.042553067207E-1));
#5787=LINE('',#5786,#5785);
#5788=CURVE_STYLE('',#19,POSITIVE_LENGTH_MEASURE(2.E-2),#13);
#5789=PRESENTATION_STYLE_ASSIGNMENT((#5788));
#5790=STYLED_ITEM('',(#5789),#5787);
#5791=DIRECTION('',(0.E0,-1.E0,0.E0));
#5792=VECTOR('',#5791,2.E-2);
#5793=CARTESIAN_POINT('',(7.083344459534E-2,4.4E0,-4.468084573746E-2));
#5794=LINE('',#5793,#5792);
#5795=CURVE_STYLE('',#19,POSITIVE_LENGTH_MEASURE(2.E-2),#13);
#5796=PRESENTATION_STYLE_ASSIGNMENT((#5795));
#5797=STYLED_ITEM('',(#5796),#5794);
#5798=DIRECTION('',(0.E0,-1.E0,0.E0));
#5799=VECTOR('',#5798,2.E-2);
#5800=CARTESIAN_POINT('',(2.458334445953E-1,4.4E0,-1.638297677040E-1));
#5801=LINE('',#5800,#5799);
#5802=CURVE_STYLE('',#19,POSITIVE_LENGTH_MEASURE(2.E-2),#13);
#5803=PRESENTATION_STYLE_ASSIGNMENT((#5802));
#5804=STYLED_ITEM('',(#5803),#5801);
#5805=DIRECTION('',(0.E0,-1.E0,0.E0));
#5806=VECTOR('',#5805,2.E-2);
#5807=CARTESIAN_POINT('',(3.916665554047E-1,4.4E0,-1.936169981956E-1));
#5808=LINE('',#5807,#5806);
#5809=CURVE_STYLE('',#19,POSITIVE_LENGTH_MEASURE(2.E-2),#13);
#5810=PRESENTATION_STYLE_ASSIGNMENT((#5809));
#5811=STYLED_ITEM('',(#5810),#5808);
#5812=DIRECTION('',(0.E0,-1.E0,0.E0));
#5813=VECTOR('',#5812,2.E-2);
#5814=CARTESIAN_POINT('',(5.375E-1,4.4E0,-1.936169981956E-1));
#5815=LINE('',#5814,#5813);
#5816=CURVE_STYLE('',#19,POSITIVE_LENGTH_MEASURE(2.E-2),#13);
#5817=PRESENTATION_STYLE_ASSIGNMENT((#5816));
#5818=STYLED_ITEM('',(#5817),#5815);
#5819=DIRECTION('',(0.E0,-1.E0,0.E0));
#5820=VECTOR('',#5819,2.E-2);
#5821=CARTESIAN_POINT('',(6.833334445953E-1,4.4E0,-1.638297677040E-1));
#5822=LINE('',#5821,#5820);
#5823=CURVE_STYLE('',#19,POSITIVE_LENGTH_MEASURE(2.E-2),#13);
#5824=PRESENTATION_STYLE_ASSIGNMENT((#5823));
#5825=STYLED_ITEM('',(#5824),#5822);
#5826=DIRECTION('',(0.E0,-1.E0,0.E0));
#5827=VECTOR('',#5826,2.E-2);
#5828=CARTESIAN_POINT('',(8.291665554047E-1,4.4E0,-7.446807622910E-2));
#5829=LINE('',#5828,#5827);
#5830=CURVE_STYLE('',#19,POSITIVE_LENGTH_MEASURE(2.E-2),#13);
#5831=PRESENTATION_STYLE_ASSIGNMENT((#5830));
#5832=STYLED_ITEM('',(#5831),#5829);
#5833=DIRECTION('',(0.E0,-1.E0,0.E0));
#5834=VECTOR('',#5833,2.E-2);
#5835=CARTESIAN_POINT('',(8.E-1,4.4E0,1.042553067207E-1));
#5836=LINE('',#5835,#5834);
#5837=CURVE_STYLE('',#19,POSITIVE_LENGTH_MEASURE(2.E-2),#13);
#5838=PRESENTATION_STYLE_ASSIGNMENT((#5837));
#5839=STYLED_ITEM('',(#5838),#5836);
#5840=DIRECTION('',(0.E0,-1.E0,0.E0));
#5841=VECTOR('',#5840,2.E-2);
#5842=CARTESIAN_POINT('',(7.416665554047E-1,4.4E0,4.468084573746E-2));
#5843=LINE('',#5842,#5841);
#5844=CURVE_STYLE('',#19,POSITIVE_LENGTH_MEASURE(2.E-2),#13);
#5845=PRESENTATION_STYLE_ASSIGNMENT((#5844));
#5846=STYLED_ITEM('',(#5845),#5843);
#5847=DIRECTION('',(0.E0,-1.E0,0.E0));
#5848=VECTOR('',#5847,2.E-2);
#5849=CARTESIAN_POINT('',(6.541665554047E-1,4.4E0,-1.489361524582E-2));
#5850=LINE('',#5849,#5848);
#5851=CURVE_STYLE('',#19,POSITIVE_LENGTH_MEASURE(2.E-2),#13);
#5852=PRESENTATION_STYLE_ASSIGNMENT((#5851));
#5853=STYLED_ITEM('',(#5852),#5850);
#5854=DIRECTION('',(0.E0,-1.E0,0.E0));
#5855=VECTOR('',#5854,2.E-2);
#5856=CARTESIAN_POINT('',(5.666665554047E-1,4.4E0,-4.468084573746E-2));
#5857=LINE('',#5856,#5855);
#5858=CURVE_STYLE('',#19,POSITIVE_LENGTH_MEASURE(2.E-2),#13);
#5859=PRESENTATION_STYLE_ASSIGNMENT((#5858));
#5860=STYLED_ITEM('',(#5859),#5857);
#5861=DIRECTION('',(0.E0,-1.E0,0.E0));
#5862=VECTOR('',#5861,2.E-2);
#5863=CARTESIAN_POINT('',(3.625E-1,4.4E0,-4.468084573746E-2));
#5864=LINE('',#5863,#5862);
#5865=CURVE_STYLE('',#19,POSITIVE_LENGTH_MEASURE(2.E-2),#13);
#5866=PRESENTATION_STYLE_ASSIGNMENT((#5865));
#5867=STYLED_ITEM('',(#5866),#5864);
#5868=DIRECTION('',(0.E0,-1.E0,0.E0));
#5869=VECTOR('',#5868,2.E-2);
#5870=CARTESIAN_POINT('',(2.75E-1,4.4E0,-1.489361524582E-2));
#5871=LINE('',#5870,#5869);
#5872=CURVE_STYLE('',#19,POSITIVE_LENGTH_MEASURE(2.E-2),#13);
#5873=PRESENTATION_STYLE_ASSIGNMENT((#5872));
#5874=STYLED_ITEM('',(#5873),#5871);
#5875=DIRECTION('',(0.E0,-1.E0,0.E0));
#5876=VECTOR('',#5875,2.E-2);
#5877=CARTESIAN_POINT('',(1.875E-1,4.4E0,4.468084573746E-2));
#5878=LINE('',#5877,#5876);
#5879=CURVE_STYLE('',#19,POSITIVE_LENGTH_MEASURE(2.E-2),#13);
#5880=PRESENTATION_STYLE_ASSIGNMENT((#5879));
#5881=STYLED_ITEM('',(#5880),#5878);
#5882=DIRECTION('',(0.E0,-1.E0,0.E0));
#5883=VECTOR('',#5882,2.E-2);
#5884=CARTESIAN_POINT('',(1.291665554047E-1,4.4E0,1.042553067207E-1));
#5885=LINE('',#5884,#5883);
#5886=CURVE_STYLE('',#19,POSITIVE_LENGTH_MEASURE(2.E-2),#13);
#5887=PRESENTATION_STYLE_ASSIGNMENT((#5886));
#5888=STYLED_ITEM('',(#5887),#5885);
#5889=DIRECTION('',(0.E0,-1.E0,0.E0));
#5890=VECTOR('',#5889,2.E-2);
#5891=CARTESIAN_POINT('',(1.E-1,4.4E0,1.936170399189E-1));
#5892=LINE('',#5891,#5890);
#5893=CURVE_STYLE('',#19,POSITIVE_LENGTH_MEASURE(2.E-2),#13);
#5894=PRESENTATION_STYLE_ASSIGNMENT((#5893));
#5895=STYLED_ITEM('',(#5894),#5892);
#5896=DIRECTION('',(0.E0,-1.E0,0.E0));
#5897=VECTOR('',#5896,2.E-2);
#5898=CARTESIAN_POINT('',(1.E-1,4.4E0,2.829787313938E-1));
#5899=LINE('',#5898,#5897);
#5900=CURVE_STYLE('',#19,POSITIVE_LENGTH_MEASURE(2.E-2),#13);
#5901=PRESENTATION_STYLE_ASSIGNMENT((#5900));
#5902=STYLED_ITEM('',(#5901),#5899);
#5903=DIRECTION('',(0.E0,-1.E0,0.E0));
#5904=VECTOR('',#5903,2.E-2);
#5905=CARTESIAN_POINT('',(1.291665554047E-1,4.4E0,3.723404228687E-1));
#5906=LINE('',#5905,#5904);
#5907=CURVE_STYLE('',#19,POSITIVE_LENGTH_MEASURE(2.E-2),#13);
#5908=PRESENTATION_STYLE_ASSIGNMENT((#5907));
#5909=STYLED_ITEM('',(#5908),#5906);
#5910=DIRECTION('',(0.E0,-1.E0,0.E0));
#5911=VECTOR('',#5910,2.E-2);
#5912=CARTESIAN_POINT('',(1.875E-1,4.4E0,4.617021352053E-1));
#5913=LINE('',#5912,#5911);
#5914=CURVE_STYLE('',#19,POSITIVE_LENGTH_MEASURE(2.E-2),#13);
#5915=PRESENTATION_STYLE_ASSIGNMENT((#5914));
#5916=STYLED_ITEM('',(#5915),#5913);
#5917=DIRECTION('',(0.E0,-1.E0,0.E0));
#5918=VECTOR('',#5917,2.E-2);
#5919=CARTESIAN_POINT('',(2.75E-1,4.4E0,5.212765961885E-1));
#5920=LINE('',#5919,#5918);
#5921=CURVE_STYLE('',#19,POSITIVE_LENGTH_MEASURE(2.E-2),#13);
#5922=PRESENTATION_STYLE_ASSIGNMENT((#5921));
#5923=STYLED_ITEM('',(#5922),#5920);
#5924=DIRECTION('',(0.E0,-1.E0,0.E0));
#5925=VECTOR('',#5924,2.E-2);
#5926=CARTESIAN_POINT('',(3.625E-1,4.4E0,5.510638266802E-1));
#5927=LINE('',#5926,#5925);
#5928=CURVE_STYLE('',#19,POSITIVE_LENGTH_MEASURE(2.E-2),#13);
#5929=PRESENTATION_STYLE_ASSIGNMENT((#5928));
#5930=STYLED_ITEM('',(#5929),#5927);
#5931=DIRECTION('',(0.E0,-1.E0,0.E0));
#5932=VECTOR('',#5931,2.E-2);
#5933=CARTESIAN_POINT('',(5.666665554047E-1,4.4E0,5.510638266802E-1));
#5934=LINE('',#5933,#5932);
#5935=CURVE_STYLE('',#19,POSITIVE_LENGTH_MEASURE(2.E-2),#13);
#5936=PRESENTATION_STYLE_ASSIGNMENT((#5935));
#5937=STYLED_ITEM('',(#5936),#5934);
#5938=DIRECTION('',(0.E0,-1.E0,0.E0));
#5939=VECTOR('',#5938,2.E-2);
#5940=CARTESIAN_POINT('',(6.541665554047E-1,4.4E0,5.212765961885E-1));
#5941=LINE('',#5940,#5939);
#5942=CURVE_STYLE('',#19,POSITIVE_LENGTH_MEASURE(2.E-2),#13);
#5943=PRESENTATION_STYLE_ASSIGNMENT((#5942));
#5944=STYLED_ITEM('',(#5943),#5941);
#5945=DIRECTION('',(0.E0,-1.E0,0.E0));
#5946=VECTOR('',#5945,2.E-2);
#5947=CARTESIAN_POINT('',(7.416665554047E-1,4.4E0,4.617021352053E-1));
#5948=LINE('',#5947,#5946);
#5949=CURVE_STYLE('',#19,POSITIVE_LENGTH_MEASURE(2.E-2),#13);
#5950=PRESENTATION_STYLE_ASSIGNMENT((#5949));
#5951=STYLED_ITEM('',(#5950),#5948);
#5952=DIRECTION('',(0.E0,-1.E0,0.E0));
#5953=VECTOR('',#5952,2.E-2);
#5954=CARTESIAN_POINT('',(8.E-1,4.4E0,3.723404228687E-1));
#5955=LINE('',#5954,#5953);
#5956=CURVE_STYLE('',#19,POSITIVE_LENGTH_MEASURE(2.E-2),#13);
#5957=PRESENTATION_STYLE_ASSIGNMENT((#5956));
#5958=STYLED_ITEM('',(#5957),#5955);
#5959=DIRECTION('',(0.E0,-1.E0,0.E0));
#5960=VECTOR('',#5959,2.E-2);
#5961=CARTESIAN_POINT('',(8.291665554047E-1,4.4E0,2.829787313938E-1));
#5962=LINE('',#5961,#5960);
#5963=CURVE_STYLE('',#19,POSITIVE_LENGTH_MEASURE(2.E-2),#13);
#5964=PRESENTATION_STYLE_ASSIGNMENT((#5963));
#5965=STYLED_ITEM('',(#5964),#5962);
#5966=DIRECTION('',(0.E0,-1.E0,0.E0));
#5967=VECTOR('',#5966,2.E-2);
#5968=CARTESIAN_POINT('',(8.291665554047E-1,4.4E0,1.936170399189E-1));
#5969=LINE('',#5968,#5967);
#5970=CURVE_STYLE('',#19,POSITIVE_LENGTH_MEASURE(2.E-2),#13);
#5971=PRESENTATION_STYLE_ASSIGNMENT((#5970));
#5972=STYLED_ITEM('',(#5971),#5969);
#5973=DIRECTION('',(0.E0,-1.E0,0.E0));
#5974=VECTOR('',#5973,2.E-2);
#5975=CARTESIAN_POINT('',(2.170833110809E0,4.4E0,5.510638266802E-1));
#5976=LINE('',#5975,#5974);
#5977=CURVE_STYLE('',#19,POSITIVE_LENGTH_MEASURE(2.E-2),#13);
#5978=PRESENTATION_STYLE_ASSIGNMENT((#5977));
#5979=STYLED_ITEM('',(#5978),#5976);
#5980=DIRECTION('',(0.E0,-1.E0,0.E0));
#5981=VECTOR('',#5980,2.E-2);
#5982=CARTESIAN_POINT('',(2.083333110809E0,4.4E0,6.106382980943E-1));
#5983=LINE('',#5982,#5981);
#5984=CURVE_STYLE('',#19,POSITIVE_LENGTH_MEASURE(2.E-2),#13);
#5985=PRESENTATION_STYLE_ASSIGNMENT((#5984));
#5986=STYLED_ITEM('',(#5985),#5983);
#5987=DIRECTION('',(2.220446049250E-14,-1.E0,0.E0));
#5988=VECTOR('',#5987,2.E-2);
#5989=CARTESIAN_POINT('',(1.966666889191E0,4.4E0,6.702127669007E-1));
#5990=LINE('',#5989,#5988);
#5991=CURVE_STYLE('',#19,POSITIVE_LENGTH_MEASURE(2.E-2),#13);
#5992=PRESENTATION_STYLE_ASSIGNMENT((#5991));
#5993=STYLED_ITEM('',(#5992),#5990);
#5994=DIRECTION('',(0.E0,-1.E0,0.E0));
#5995=VECTOR('',#5994,2.E-2);
#5996=CARTESIAN_POINT('',(1.85E0,4.4E0,7.E-1));
#5997=LINE('',#5996,#5995);
#5998=CURVE_STYLE('',#19,POSITIVE_LENGTH_MEASURE(2.E-2),#13);
#5999=PRESENTATION_STYLE_ASSIGNMENT((#5998));
#6000=STYLED_ITEM('',(#5999),#5997);
#6001=DIRECTION('',(0.E0,-1.E0,0.E0));
#6002=VECTOR('',#6001,2.E-2);
#6003=CARTESIAN_POINT('',(1.616666889191E0,4.4E0,7.E-1));
#6004=LINE('',#6003,#6002);
#6005=CURVE_STYLE('',#19,POSITIVE_LENGTH_MEASURE(2.E-2),#13);
#6006=PRESENTATION_STYLE_ASSIGNMENT((#6005));
#6007=STYLED_ITEM('',(#6006),#6004);
#6008=DIRECTION('',(0.E0,-1.E0,0.E0));
#6009=VECTOR('',#6008,2.E-2);
#6010=CARTESIAN_POINT('',(1.5E0,4.4E0,6.702127669007E-1));
#6011=LINE('',#6010,#6009);
#6012=CURVE_STYLE('',#19,POSITIVE_LENGTH_MEASURE(2.E-2),#13);
#6013=PRESENTATION_STYLE_ASSIGNMENT((#6012));
#6014=STYLED_ITEM('',(#6013),#6011);
#6015=DIRECTION('',(0.E0,-1.E0,0.E0));
#6016=VECTOR('',#6015,2.E-2);
#6017=CARTESIAN_POINT('',(1.383333444595E0,4.4E0,6.106382980943E-1));
#6018=LINE('',#6017,#6016);
#6019=CURVE_STYLE('',#19,POSITIVE_LENGTH_MEASURE(2.E-2),#13);
#6020=PRESENTATION_STYLE_ASSIGNMENT((#6019));
#6021=STYLED_ITEM('',(#6020),#6018);
#6022=DIRECTION('',(0.E0,-1.E0,0.E0));
#6023=VECTOR('',#6022,2.E-2);
#6024=CARTESIAN_POINT('',(1.295833444595E0,4.4E0,5.510638266802E-1));
#6025=LINE('',#6024,#6023);
#6026=CURVE_STYLE('',#19,POSITIVE_LENGTH_MEASURE(2.E-2),#13);
#6027=PRESENTATION_STYLE_ASSIGNMENT((#6026));
#6028=STYLED_ITEM('',(#6027),#6025);
#6029=DIRECTION('',(0.E0,-1.E0,0.E0));
#6030=VECTOR('',#6029,2.E-2);
#6031=CARTESIAN_POINT('',(1.2375E0,4.4E0,4.617021352053E-1));
#6032=LINE('',#6031,#6030);
#6033=CURVE_STYLE('',#19,POSITIVE_LENGTH_MEASURE(2.E-2),#13);
#6034=PRESENTATION_STYLE_ASSIGNMENT((#6033));
#6035=STYLED_ITEM('',(#6034),#6032);
#6036=DIRECTION('',(0.E0,-1.E0,0.E0));
#6037=VECTOR('',#6036,2.E-2);
#6038=CARTESIAN_POINT('',(1.208333444595E0,4.4E0,3.723404228687E-1));
#6039=LINE('',#6038,#6037);
#6040=CURVE_STYLE('',#19,POSITIVE_LENGTH_MEASURE(2.E-2),#13);
#6041=PRESENTATION_STYLE_ASSIGNMENT((#6040));
#6042=STYLED_ITEM('',(#6041),#6039);
#6043=DIRECTION('',(0.E0,-1.E0,0.E0));
#6044=VECTOR('',#6043,2.E-2);
#6045=CARTESIAN_POINT('',(1.354166555405E0,4.4E0,3.723404228687E-1));
#6046=LINE('',#6045,#6044);
#6047=CURVE_STYLE('',#19,POSITIVE_LENGTH_MEASURE(2.E-2),#13);
#6048=PRESENTATION_STYLE_ASSIGNMENT((#6047));
#6049=STYLED_ITEM('',(#6048),#6046);
#6050=DIRECTION('',(0.E0,-1.E0,0.E0));
#6051=VECTOR('',#6050,2.E-2);
#6052=CARTESIAN_POINT('',(1.383333444595E0,4.4E0,4.319148838520E-1));
#6053=LINE('',#6052,#6051);
#6054=CURVE_STYLE('',#19,POSITIVE_LENGTH_MEASURE(2.E-2),#13);
#6055=PRESENTATION_STYLE_ASSIGNMENT((#6054));
#6056=STYLED_ITEM('',(#6055),#6053);
#6057=DIRECTION('',(0.E0,-1.E0,0.E0));
#6058=VECTOR('',#6057,2.E-2);
#6059=CARTESIAN_POINT('',(1.441666555405E0,4.4E0,4.914893656969E-1));
#6060=LINE('',#6059,#6058);
#6061=CURVE_STYLE('',#19,POSITIVE_LENGTH_MEASURE(2.E-2),#13);
#6062=PRESENTATION_STYLE_ASSIGNMENT((#6061));
#6063=STYLED_ITEM('',(#6062),#6060);
#6064=DIRECTION('',(0.E0,-1.E0,0.E0));
#6065=VECTOR('',#6064,2.E-2);
#6066=CARTESIAN_POINT('',(1.5E0,4.4E0,5.212765961885E-1));
#6067=LINE('',#6066,#6065);
#6068=CURVE_STYLE('',#19,POSITIVE_LENGTH_MEASURE(2.E-2),#13);
#6069=PRESENTATION_STYLE_ASSIGNMENT((#6068));
#6070=STYLED_ITEM('',(#6069),#6067);
#6071=DIRECTION('',(0.E0,-1.E0,0.E0));
#6072=VECTOR('',#6071,2.E-2);
#6073=CARTESIAN_POINT('',(1.645833110809E0,4.4E0,5.510638266802E-1));
#6074=LINE('',#6073,#6072);
#6075=CURVE_STYLE('',#19,POSITIVE_LENGTH_MEASURE(2.E-2),#13);
#6076=PRESENTATION_STYLE_ASSIGNMENT((#6075));
#6077=STYLED_ITEM('',(#6076),#6074);
#6078=DIRECTION('',(0.E0,-1.E0,0.E0));
#6079=VECTOR('',#6078,2.E-2);
#6080=CARTESIAN_POINT('',(1.820833110809E0,4.4E0,5.510638266802E-1));
#6081=LINE('',#6080,#6079);
#6082=CURVE_STYLE('',#19,POSITIVE_LENGTH_MEASURE(2.E-2),#13);
#6083=PRESENTATION_STYLE_ASSIGNMENT((#6082));
#6084=STYLED_ITEM('',(#6083),#6081);
#6085=DIRECTION('',(0.E0,-1.E0,0.E0));
#6086=VECTOR('',#6085,2.E-2);
#6087=CARTESIAN_POINT('',(1.966666889191E0,4.4E0,5.212765961885E-1));
#6088=LINE('',#6087,#6086);
#6089=CURVE_STYLE('',#19,POSITIVE_LENGTH_MEASURE(2.E-2),#13);
#6090=PRESENTATION_STYLE_ASSIGNMENT((#6089));
#6091=STYLED_ITEM('',(#6090),#6088);
#6092=DIRECTION('',(0.E0,-1.E0,0.E0));
#6093=VECTOR('',#6092,2.E-2);
#6094=CARTESIAN_POINT('',(2.025E0,4.4E0,4.914893656969E-1));
#6095=LINE('',#6094,#6093);
#6096=CURVE_STYLE('',#19,POSITIVE_LENGTH_MEASURE(2.E-2),#13);
#6097=PRESENTATION_STYLE_ASSIGNMENT((#6096));
#6098=STYLED_ITEM('',(#6097),#6095);
#6099=DIRECTION('',(0.E0,-1.E0,0.E0));
#6100=VECTOR('',#6099,2.E-2);
#6101=CARTESIAN_POINT('',(2.083333110809E0,4.4E0,4.319148838520E-1));
#6102=LINE('',#6101,#6100);
#6103=CURVE_STYLE('',#19,POSITIVE_LENGTH_MEASURE(2.E-2),#13);
#6104=PRESENTATION_STYLE_ASSIGNMENT((#6103));
#6105=STYLED_ITEM('',(#6104),#6102);
#6106=DIRECTION('',(0.E0,-1.E0,0.E0));
#6107=VECTOR('',#6106,2.E-2);
#6108=CARTESIAN_POINT('',(2.1125E0,4.4E0,3.723404228687E-1));
#6109=LINE('',#6108,#6107);
#6110=CURVE_STYLE('',#19,POSITIVE_LENGTH_MEASURE(2.E-2),#13);
#6111=PRESENTATION_STYLE_ASSIGNMENT((#6110));
#6112=STYLED_ITEM('',(#6111),#6109);
#6113=DIRECTION('',(0.E0,-1.E0,0.E0));
#6114=VECTOR('',#6113,2.E-2);
#6115=CARTESIAN_POINT('',(2.1125E0,4.4E0,2.531915009022E-1));
#6116=LINE('',#6115,#6114);
#6117=CURVE_STYLE('',#19,POSITIVE_LENGTH_MEASURE(2.E-2),#13);
#6118=PRESENTATION_STYLE_ASSIGNMENT((#6117));
#6119=STYLED_ITEM('',(#6118),#6116);
#6120=DIRECTION('',(0.E0,-1.E0,0.E0));
#6121=VECTOR('',#6120,2.E-2);
#6122=CARTESIAN_POINT('',(2.054166889191E0,4.4E0,1.340425372124E-1));
#6123=LINE('',#6122,#6121);
#6124=CURVE_STYLE('',#19,POSITIVE_LENGTH_MEASURE(2.E-2),#13);
#6125=PRESENTATION_STYLE_ASSIGNMENT((#6124));
#6126=STYLED_ITEM('',(#6125),#6123);
#6127=DIRECTION('',(0.E0,-1.E0,0.E0));
#6128=VECTOR('',#6127,2.E-2);
#6129=CARTESIAN_POINT('',(1.966666889191E0,4.4E0,7.446807622910E-2));
#6130=LINE('',#6129,#6128);
#6131=CURVE_STYLE('',#19,POSITIVE_LENGTH_MEASURE(2.E-2),#13);
#6132=PRESENTATION_STYLE_ASSIGNMENT((#6131));
#6133=STYLED_ITEM('',(#6132),#6130);
#6134=DIRECTION('',(0.E0,-1.E0,0.E0));
#6135=VECTOR('',#6134,2.E-2);
#6136=CARTESIAN_POINT('',(1.791666889191E0,4.4E0,4.468084573746E-2));
#6137=LINE('',#6136,#6135);
#6138=CURVE_STYLE('',#19,POSITIVE_LENGTH_MEASURE(2.E-2),#13);
#6139=PRESENTATION_STYLE_ASSIGNMENT((#6138));
#6140=STYLED_ITEM('',(#6139),#6137);
#6141=DIRECTION('',(0.E0,-1.E0,0.E0));
#6142=VECTOR('',#6141,2.E-2);
#6143=CARTESIAN_POINT('',(1.675E0,4.4E0,4.468084573746E-2));
#6144=LINE('',#6143,#6142);
#6145=CURVE_STYLE('',#19,POSITIVE_LENGTH_MEASURE(2.E-2),#13);
#6146=PRESENTATION_STYLE_ASSIGNMENT((#6145));
#6147=STYLED_ITEM('',(#6146),#6144);
#6148=DIRECTION('',(0.E0,-1.E0,0.E0));
#6149=VECTOR('',#6148,2.E-2);
#6150=CARTESIAN_POINT('',(1.675E0,4.4E0,-7.446807622910E-2));
#6151=LINE('',#6150,#6149);
#6152=CURVE_STYLE('',#19,POSITIVE_LENGTH_MEASURE(2.E-2),#13);
#6153=PRESENTATION_STYLE_ASSIGNMENT((#6152));
#6154=STYLED_ITEM('',(#6153),#6151);
#6155=DIRECTION('',(0.E0,-1.E0,0.E0));
#6156=VECTOR('',#6155,2.E-2);
#6157=CARTESIAN_POINT('',(1.791666889191E0,4.4E0,-7.446807622910E-2));
#6158=LINE('',#6157,#6156);
#6159=CURVE_STYLE('',#19,POSITIVE_LENGTH_MEASURE(2.E-2),#13);
#6160=PRESENTATION_STYLE_ASSIGNMENT((#6159));
#6161=STYLED_ITEM('',(#6160),#6158);
#6162=DIRECTION('',(0.E0,-1.E0,0.E0));
#6163=VECTOR('',#6162,2.E-2);
#6164=CARTESIAN_POINT('',(1.966666889191E0,4.4E0,-1.340425372124E-1));
#6165=LINE('',#6164,#6163);
#6166=CURVE_STYLE('',#19,POSITIVE_LENGTH_MEASURE(2.E-2),#13);
#6167=PRESENTATION_STYLE_ASSIGNMENT((#6166));
#6168=STYLED_ITEM('',(#6167),#6165);
#6169=DIRECTION('',(0.E0,-1.E0,0.E0));
#6170=VECTOR('',#6169,2.E-2);
#6171=CARTESIAN_POINT('',(2.025E0,4.4E0,-1.936169981956E-1));
#6172=LINE('',#6171,#6170);
#6173=CURVE_STYLE('',#19,POSITIVE_LENGTH_MEASURE(2.E-2),#13);
#6174=PRESENTATION_STYLE_ASSIGNMENT((#6173));
#6175=STYLED_ITEM('',(#6174),#6172);
#6176=DIRECTION('',(0.E0,-1.E0,0.E0));
#6177=VECTOR('',#6176,2.E-2);
#6178=CARTESIAN_POINT('',(2.083333110809E0,4.4E0,-3.127659201622E-1));
#6179=LINE('',#6178,#6177);
#6180=CURVE_STYLE('',#19,POSITIVE_LENGTH_MEASURE(2.E-2),#13);
#6181=PRESENTATION_STYLE_ASSIGNMENT((#6180));
#6182=STYLED_ITEM('',(#6181),#6179);
#6183=DIRECTION('',(0.E0,-1.E0,0.E0));
#6184=VECTOR('',#6183,2.E-2);
#6185=CARTESIAN_POINT('',(2.083333110809E0,4.4E0,-3.723404645920E-1));
#6186=LINE('',#6185,#6184);
#6187=CURVE_STYLE('',#19,POSITIVE_LENGTH_MEASURE(2.E-2),#13);
#6188=PRESENTATION_STYLE_ASSIGNMENT((#6187));
#6189=STYLED_ITEM('',(#6188),#6186);
#6190=DIRECTION('',(0.E0,-1.E0,0.E0));
#6191=VECTOR('',#6190,2.E-2);
#6192=CARTESIAN_POINT('',(2.025E0,4.4E0,-4.617021560669E-1));
#6193=LINE('',#6192,#6191);
#6194=CURVE_STYLE('',#19,POSITIVE_LENGTH_MEASURE(2.E-2),#13);
#6195=PRESENTATION_STYLE_ASSIGNMENT((#6194));
#6196=STYLED_ITEM('',(#6195),#6193);
#6197=DIRECTION('',(0.E0,-1.E0,0.E0));
#6198=VECTOR('',#6197,2.E-2);
#6199=CARTESIAN_POINT('',(1.9375E0,4.4E0,-5.212766170502E-1));
#6200=LINE('',#6199,#6198);
#6201=CURVE_STYLE('',#19,POSITIVE_LENGTH_MEASURE(2.E-2),#13);
#6202=PRESENTATION_STYLE_ASSIGNMENT((#6201));
#6203=STYLED_ITEM('',(#6202),#6200);
#6204=DIRECTION('',(0.E0,-1.E0,0.E0));
#6205=VECTOR('',#6204,2.E-2);
#6206=CARTESIAN_POINT('',(1.791666889191E0,4.4E0,-5.510638475418E-1));
#6207=LINE('',#6206,#6205);
#6208=CURVE_STYLE('',#19,POSITIVE_LENGTH_MEASURE(2.E-2),#13);
#6209=PRESENTATION_STYLE_ASSIGNMENT((#6208));
#6210=STYLED_ITEM('',(#6209),#6207);
#6211=DIRECTION('',(0.E0,-1.E0,0.E0));
#6212=VECTOR('',#6211,2.E-2);
#6213=CARTESIAN_POINT('',(1.675E0,4.4E0,-5.510638475418E-1));
#6214=LINE('',#6213,#6212);
#6215=CURVE_STYLE('',#19,POSITIVE_LENGTH_MEASURE(2.E-2),#13);
#6216=PRESENTATION_STYLE_ASSIGNMENT((#6215));
#6217=STYLED_ITEM('',(#6216),#6214);
#6218=DIRECTION('',(0.E0,-1.E0,0.E0));
#6219=VECTOR('',#6218,2.E-2);
#6220=CARTESIAN_POINT('',(1.529166889191E0,4.4E0,-5.212766170502E-1));
#6221=LINE('',#6220,#6219);
#6222=CURVE_STYLE('',#19,POSITIVE_LENGTH_MEASURE(2.E-2),#13);
#6223=PRESENTATION_STYLE_ASSIGNMENT((#6222));
#6224=STYLED_ITEM('',(#6223),#6221);
#6225=DIRECTION('',(0.E0,-1.E0,0.E0));
#6226=VECTOR('',#6225,2.E-2);
#6227=CARTESIAN_POINT('',(1.441666555405E0,4.4E0,-4.617021560669E-1));
#6228=LINE('',#6227,#6226);
#6229=CURVE_STYLE('',#19,POSITIVE_LENGTH_MEASURE(2.E-2),#13);
#6230=PRESENTATION_STYLE_ASSIGNMENT((#6229));
#6231=STYLED_ITEM('',(#6230),#6228);
#6232=DIRECTION('',(0.E0,-1.E0,0.E0));
#6233=VECTOR('',#6232,2.E-2);
#6234=CARTESIAN_POINT('',(1.383333444595E0,4.4E0,-3.723404645920E-1));
#6235=LINE('',#6234,#6233);
#6236=CURVE_STYLE('',#19,POSITIVE_LENGTH_MEASURE(2.E-2),#13);
#6237=PRESENTATION_STYLE_ASSIGNMENT((#6236));
#6238=STYLED_ITEM('',(#6237),#6235);
#6239=DIRECTION('',(0.E0,-1.E0,0.E0));
#6240=VECTOR('',#6239,2.E-2);
#6241=CARTESIAN_POINT('',(1.2375E0,4.4E0,-3.723404645920E-1));
#6242=LINE('',#6241,#6240);
#6243=CURVE_STYLE('',#19,POSITIVE_LENGTH_MEASURE(2.E-2),#13);
#6244=PRESENTATION_STYLE_ASSIGNMENT((#6243));
#6245=STYLED_ITEM('',(#6244),#6242);
#6246=DIRECTION('',(0.E0,-1.E0,0.E0));
#6247=VECTOR('',#6246,2.E-2);
#6248=CARTESIAN_POINT('',(1.266666555405E0,4.4E0,-4.914893865585E-1));
#6249=LINE('',#6248,#6247);
#6250=CURVE_STYLE('',#19,POSITIVE_LENGTH_MEASURE(2.E-2),#13);
#6251=PRESENTATION_STYLE_ASSIGNMENT((#6250));
#6252=STYLED_ITEM('',(#6251),#6249);
#6253=DIRECTION('',(0.E0,-1.E0,0.E0));
#6254=VECTOR('',#6253,2.E-2);
#6255=CARTESIAN_POINT('',(1.383333444595E0,4.4E0,-6.106383085251E-1));
#6256=LINE('',#6255,#6254);
#6257=CURVE_STYLE('',#19,POSITIVE_LENGTH_MEASURE(2.E-2),#13);
#6258=PRESENTATION_STYLE_ASSIGNMENT((#6257));
#6259=STYLED_ITEM('',(#6258),#6256);
#6260=DIRECTION('',(0.E0,-1.E0,0.E0));
#6261=VECTOR('',#6260,2.E-2);
#6262=CARTESIAN_POINT('',(1.5E0,4.4E0,-6.702127695084E-1));
#6263=LINE('',#6262,#6261);
#6264=CURVE_STYLE('',#19,POSITIVE_LENGTH_MEASURE(2.E-2),#13);
#6265=PRESENTATION_STYLE_ASSIGNMENT((#6264));
#6266=STYLED_ITEM('',(#6265),#6263);
#6267=DIRECTION('',(0.E0,-1.E0,0.E0));
#6268=VECTOR('',#6267,2.E-2);
#6269=CARTESIAN_POINT('',(1.704166889191E0,4.4E0,-7.E-1));
#6270=LINE('',#6269,#6268);
#6271=CURVE_STYLE('',#19,POSITIVE_LENGTH_MEASURE(2.E-2),#13);
#6272=PRESENTATION_STYLE_ASSIGNMENT((#6271));
#6273=STYLED_ITEM('',(#6272),#6270);
#6274=DIRECTION('',(0.E0,-1.E0,0.E0));
#6275=VECTOR('',#6274,2.E-2);
#6276=CARTESIAN_POINT('',(1.7625E0,4.4E0,-7.E-1));
#6277=LINE('',#6276,#6275);
#6278=CURVE_STYLE('',#19,POSITIVE_LENGTH_MEASURE(2.E-2),#13);
#6279=PRESENTATION_STYLE_ASSIGNMENT((#6278));
#6280=STYLED_ITEM('',(#6279),#6277);
#6281=DIRECTION('',(0.E0,-1.E0,0.E0));
#6282=VECTOR('',#6281,2.E-2);
#6283=CARTESIAN_POINT('',(1.966666889191E0,4.4E0,-6.702127695084E-1));
#6284=LINE('',#6283,#6282);
#6285=CURVE_STYLE('',#19,POSITIVE_LENGTH_MEASURE(2.E-2),#13);
#6286=PRESENTATION_STYLE_ASSIGNMENT((#6285));
#6287=STYLED_ITEM('',(#6286),#6284);
#6288=DIRECTION('',(0.E0,-1.E0,0.E0));
#6289=VECTOR('',#6288,2.E-2);
#6290=CARTESIAN_POINT('',(2.083333110809E0,4.4E0,-6.106383085251E-1));
#6291=LINE('',#6290,#6289);
#6292=CURVE_STYLE('',#19,POSITIVE_LENGTH_MEASURE(2.E-2),#13);
#6293=PRESENTATION_STYLE_ASSIGNMENT((#6292));
#6294=STYLED_ITEM('',(#6293),#6291);
#6295=DIRECTION('',(0.E0,-1.E0,0.E0));
#6296=VECTOR('',#6295,2.E-2);
#6297=CARTESIAN_POINT('',(2.2E0,4.4E0,-4.914893865585E-1));
#6298=LINE('',#6297,#6296);
#6299=CURVE_STYLE('',#19,POSITIVE_LENGTH_MEASURE(2.E-2),#13);
#6300=PRESENTATION_STYLE_ASSIGNMENT((#6299));
#6301=STYLED_ITEM('',(#6300),#6298);
#6302=DIRECTION('',(0.E0,-1.E0,0.E0));
#6303=VECTOR('',#6302,2.E-2);
#6304=CARTESIAN_POINT('',(2.229166889191E0,4.4E0,-3.723404645920E-1));
#6305=LINE('',#6304,#6303);
#6306=CURVE_STYLE('',#19,POSITIVE_LENGTH_MEASURE(2.E-2),#13);
#6307=PRESENTATION_STYLE_ASSIGNMENT((#6306));
#6308=STYLED_ITEM('',(#6307),#6305);
#6309=DIRECTION('',(0.E0,-1.E0,0.E0));
#6310=VECTOR('',#6309,2.E-2);
#6311=CARTESIAN_POINT('',(2.229166889191E0,4.4E0,-3.127659201622E-1));
#6312=LINE('',#6311,#6310);
#6313=CURVE_STYLE('',#19,POSITIVE_LENGTH_MEASURE(2.E-2),#13);
#6314=PRESENTATION_STYLE_ASSIGNMENT((#6313));
#6315=STYLED_ITEM('',(#6314),#6312);
#6316=DIRECTION('',(0.E0,-1.E0,0.E0));
#6317=VECTOR('',#6316,2.E-2);
#6318=CARTESIAN_POINT('',(2.2E0,4.4E0,-1.936169981956E-1));
#6319=LINE('',#6318,#6317);
#6320=CURVE_STYLE('',#19,POSITIVE_LENGTH_MEASURE(2.E-2),#13);
#6321=PRESENTATION_STYLE_ASSIGNMENT((#6320));
#6322=STYLED_ITEM('',(#6321),#6319);
#6323=DIRECTION('',(0.E0,-1.E0,0.E0));
#6324=VECTOR('',#6323,2.E-2);
#6325=CARTESIAN_POINT('',(2.141666889191E0,4.4E0,-1.042553067207E-1));
#6326=LINE('',#6325,#6324);
#6327=CURVE_STYLE('',#19,POSITIVE_LENGTH_MEASURE(2.E-2),#13);
#6328=PRESENTATION_STYLE_ASSIGNMENT((#6327));
#6329=STYLED_ITEM('',(#6328),#6326);
#6330=DIRECTION('',(0.E0,-1.E0,0.E0));
#6331=VECTOR('',#6330,2.E-2);
#6332=CARTESIAN_POINT('',(2.025E0,4.4E0,-1.489361524582E-2));
#6333=LINE('',#6332,#6331);
#6334=CURVE_STYLE('',#19,POSITIVE_LENGTH_MEASURE(2.E-2),#13);
#6335=PRESENTATION_STYLE_ASSIGNMENT((#6334));
#6336=STYLED_ITEM('',(#6335),#6333);
#6337=DIRECTION('',(0.E0,-1.E0,0.E0));
#6338=VECTOR('',#6337,2.E-2);
#6339=CARTESIAN_POINT('',(2.170833110809E0,4.4E0,4.468084573746E-2));
#6340=LINE('',#6339,#6338);
#6341=CURVE_STYLE('',#19,POSITIVE_LENGTH_MEASURE(2.E-2),#13);
#6342=PRESENTATION_STYLE_ASSIGNMENT((#6341));
#6343=STYLED_ITEM('',(#6342),#6340);
#6344=DIRECTION('',(0.E0,-1.E0,0.E0));
#6345=VECTOR('',#6344,2.E-2);
#6346=CARTESIAN_POINT('',(2.229166889191E0,4.4E0,1.340425372124E-1));
#6347=LINE('',#6346,#6345);
#6348=CURVE_STYLE('',#19,POSITIVE_LENGTH_MEASURE(2.E-2),#13);
#6349=PRESENTATION_STYLE_ASSIGNMENT((#6348));
#6350=STYLED_ITEM('',(#6349),#6347);
#6351=DIRECTION('',(0.E0,-1.E0,0.E0));
#6352=VECTOR('',#6351,2.E-2);
#6353=CARTESIAN_POINT('',(2.258333110809E0,4.4E0,2.531915009022E-1));
#6354=LINE('',#6353,#6352);
#6355=CURVE_STYLE('',#19,POSITIVE_LENGTH_MEASURE(2.E-2),#13);
#6356=PRESENTATION_STYLE_ASSIGNMENT((#6355));
#6357=STYLED_ITEM('',(#6356),#6354);
#6358=DIRECTION('',(0.E0,-1.E0,0.E0));
#6359=VECTOR('',#6358,2.E-2);
#6360=CARTESIAN_POINT('',(2.258333110809E0,4.4E0,3.723404228687E-1));
#6361=LINE('',#6360,#6359);
#6362=CURVE_STYLE('',#19,POSITIVE_LENGTH_MEASURE(2.E-2),#13);
#6363=PRESENTATION_STYLE_ASSIGNMENT((#6362));
#6364=STYLED_ITEM('',(#6363),#6361);
#6365=DIRECTION('',(0.E0,-1.E0,0.E0));
#6366=VECTOR('',#6365,2.E-2);
#6367=CARTESIAN_POINT('',(2.229166889191E0,4.4E0,4.617021352053E-1));
#6368=LINE('',#6367,#6366);
#6369=CURVE_STYLE('',#19,POSITIVE_LENGTH_MEASURE(2.E-2),#13);
#6370=PRESENTATION_STYLE_ASSIGNMENT((#6369));
#6371=STYLED_ITEM('',(#6370),#6368);
#6372=DIRECTION('',(0.E0,-1.E0,0.E0));
#6373=VECTOR('',#6372,2.E-2);
#6374=CARTESIAN_POINT('',(2.9E0,4.4E0,1.936170399189E-1));
#6375=LINE('',#6374,#6373);
#6376=CURVE_STYLE('',#19,POSITIVE_LENGTH_MEASURE(2.E-2),#13);
#6377=PRESENTATION_STYLE_ASSIGNMENT((#6376));
#6378=STYLED_ITEM('',(#6377),#6375);
#6379=DIRECTION('',(0.E0,-1.E0,0.E0));
#6380=VECTOR('',#6379,2.E-2);
#6381=CARTESIAN_POINT('',(2.491666889191E0,4.4E0,1.936170399189E-1));
#6382=LINE('',#6381,#6380);
#6383=CURVE_STYLE('',#19,POSITIVE_LENGTH_MEASURE(2.E-2),#13);
#6384=PRESENTATION_STYLE_ASSIGNMENT((#6383));
#6385=STYLED_ITEM('',(#6384),#6382);
#6386=DIRECTION('',(0.E0,-1.E0,0.E0));
#6387=VECTOR('',#6386,2.E-2);
#6388=CARTESIAN_POINT('',(2.491666889191E0,4.4E0,4.468084573746E-2));
#6389=LINE('',#6388,#6387);
#6390=CURVE_STYLE('',#19,POSITIVE_LENGTH_MEASURE(2.E-2),#13);
#6391=PRESENTATION_STYLE_ASSIGNMENT((#6390));
#6392=STYLED_ITEM('',(#6391),#6389);
#6393=DIRECTION('',(0.E0,-1.E0,0.E0));
#6394=VECTOR('',#6393,2.E-2);
#6395=CARTESIAN_POINT('',(2.9E0,4.4E0,4.468084573746E-2));
#6396=LINE('',#6395,#6394);
#6397=CURVE_STYLE('',#19,POSITIVE_LENGTH_MEASURE(2.E-2),#13);
#6398=PRESENTATION_STYLE_ASSIGNMENT((#6397));
#6399=STYLED_ITEM('',(#6398),#6396);
#6400=DIRECTION('',(0.E0,-1.E0,0.E0));
#6401=VECTOR('',#6400,2.E-2);
#6402=CARTESIAN_POINT('',(3.3375E0,4.4E0,7.446807622910E-2));
#6403=LINE('',#6402,#6401);
#6404=CURVE_STYLE('',#19,POSITIVE_LENGTH_MEASURE(2.E-2),#13);
#6405=PRESENTATION_STYLE_ASSIGNMENT((#6404));
#6406=STYLED_ITEM('',(#6405),#6403);
#6407=DIRECTION('',(0.E0,-1.E0,0.E0));
#6408=VECTOR('',#6407,2.E-2);
#6409=CARTESIAN_POINT('',(3.133333110809E0,4.4E0,7.446807622910E-2));
#6410=LINE('',#6409,#6408);
#6411=CURVE_STYLE('',#19,POSITIVE_LENGTH_MEASURE(2.E-2),#13);
#6412=PRESENTATION_STYLE_ASSIGNMENT((#6411));
#6413=STYLED_ITEM('',(#6412),#6410);
#6414=DIRECTION('',(0.E0,-1.E0,0.E0));
#6415=VECTOR('',#6414,2.E-2);
#6416=CARTESIAN_POINT('',(3.133333110809E0,4.4E0,-7.E-1));
#6417=LINE('',#6416,#6415);
#6418=CURVE_STYLE('',#19,POSITIVE_LENGTH_MEASURE(2.E-2),#13);
#6419=PRESENTATION_STYLE_ASSIGNMENT((#6418));
#6420=STYLED_ITEM('',(#6419),#6417);
#6421=DIRECTION('',(0.E0,-1.E0,0.E0));
#6422=VECTOR('',#6421,2.E-2);
#6423=CARTESIAN_POINT('',(4.125E0,4.4E0,-7.E-1));
#6424=LINE('',#6423,#6422);
#6425=CURVE_STYLE('',#19,POSITIVE_LENGTH_MEASURE(2.E-2),#13);
#6426=PRESENTATION_STYLE_ASSIGNMENT((#6425));
#6427=STYLED_ITEM('',(#6426),#6424);
#6428=DIRECTION('',(0.E0,-1.E0,0.E0));
#6429=VECTOR('',#6428,2.E-2);
#6430=CARTESIAN_POINT('',(4.125E0,4.4E0,-5.510638475418E-1));
#6431=LINE('',#6430,#6429);
#6432=CURVE_STYLE('',#19,POSITIVE_LENGTH_MEASURE(2.E-2),#13);
#6433=PRESENTATION_STYLE_ASSIGNMENT((#6432));
#6434=STYLED_ITEM('',(#6433),#6431);
#6435=DIRECTION('',(0.E0,-1.E0,0.E0));
#6436=VECTOR('',#6435,2.E-2);
#6437=CARTESIAN_POINT('',(3.279166889191E0,4.4E0,-5.510638475418E-1));
#6438=LINE('',#6437,#6436);
#6439=CURVE_STYLE('',#19,POSITIVE_LENGTH_MEASURE(2.E-2),#13);
#6440=PRESENTATION_STYLE_ASSIGNMENT((#6439));
#6441=STYLED_ITEM('',(#6440),#6438);
#6442=DIRECTION('',(0.E0,-1.E0,0.E0));
#6443=VECTOR('',#6442,2.E-2);
#6444=CARTESIAN_POINT('',(3.279166889191E0,4.4E0,-7.446807622910E-2));
#6445=LINE('',#6444,#6443);
#6446=CURVE_STYLE('',#19,POSITIVE_LENGTH_MEASURE(2.E-2),#13);
#6447=PRESENTATION_STYLE_ASSIGNMENT((#6446));
#6448=STYLED_ITEM('',(#6447),#6445);
#6449=DIRECTION('',(0.E0,-1.E0,0.E0));
#6450=VECTOR('',#6449,2.E-2);
#6451=CARTESIAN_POINT('',(3.425E0,4.4E0,-1.638297677040E-1));
#6452=LINE('',#6451,#6450);
#6453=CURVE_STYLE('',#19,POSITIVE_LENGTH_MEASURE(2.E-2),#13);
#6454=PRESENTATION_STYLE_ASSIGNMENT((#6453));
#6455=STYLED_ITEM('',(#6454),#6452);
#6456=DIRECTION('',(0.E0,-1.E0,0.E0));
#6457=VECTOR('',#6456,2.E-2);
#6458=CARTESIAN_POINT('',(3.570833110809E0,4.4E0,-1.936169981956E-1));
#6459=LINE('',#6458,#6457);
#6460=CURVE_STYLE('',#19,POSITIVE_LENGTH_MEASURE(2.E-2),#13);
#6461=PRESENTATION_STYLE_ASSIGNMENT((#6460));
#6462=STYLED_ITEM('',(#6461),#6459);
#6463=DIRECTION('',(0.E0,-1.E0,0.E0));
#6464=VECTOR('',#6463,2.E-2);
#6465=CARTESIAN_POINT('',(3.745833110809E0,4.4E0,-1.936169981956E-1));
#6466=LINE('',#6465,#6464);
#6467=CURVE_STYLE('',#19,POSITIVE_LENGTH_MEASURE(2.E-2),#13);
#6468=PRESENTATION_STYLE_ASSIGNMENT((#6467));
#6469=STYLED_ITEM('',(#6468),#6466);
#6470=DIRECTION('',(0.E0,-1.E0,0.E0));
#6471=VECTOR('',#6470,2.E-2);
#6472=CARTESIAN_POINT('',(3.891666889191E0,4.4E0,-1.638297677040E-1));
#6473=LINE('',#6472,#6471);
#6474=CURVE_STYLE('',#19,POSITIVE_LENGTH_MEASURE(2.E-2),#13);
#6475=PRESENTATION_STYLE_ASSIGNMENT((#6474));
#6476=STYLED_ITEM('',(#6475),#6473);
#6477=DIRECTION('',(0.E0,-1.E0,0.E0));
#6478=VECTOR('',#6477,2.E-2);
#6479=CARTESIAN_POINT('',(4.0375E0,4.4E0,-7.446807622910E-2));
#6480=LINE('',#6479,#6478);
#6481=CURVE_STYLE('',#19,POSITIVE_LENGTH_MEASURE(2.E-2),#13);
#6482=PRESENTATION_STYLE_ASSIGNMENT((#6481));
#6483=STYLED_ITEM('',(#6482),#6480);
#6484=DIRECTION('',(0.E0,-1.E0,0.E0));
#6485=VECTOR('',#6484,2.E-2);
#6486=CARTESIAN_POINT('',(4.125E0,4.4E0,4.468084573746E-2));
#6487=LINE('',#6486,#6485);
#6488=CURVE_STYLE('',#19,POSITIVE_LENGTH_MEASURE(2.E-2),#13);
#6489=PRESENTATION_STYLE_ASSIGNMENT((#6488));
#6490=STYLED_ITEM('',(#6489),#6487);
#6491=DIRECTION('',(0.E0,-1.E0,0.E0));
#6492=VECTOR('',#6491,2.E-2);
#6493=CARTESIAN_POINT('',(4.183333110809E0,4.4E0,1.936170399189E-1));
#6494=LINE('',#6493,#6492);
#6495=CURVE_STYLE('',#19,POSITIVE_LENGTH_MEASURE(2.E-2),#13);
#6496=PRESENTATION_STYLE_ASSIGNMENT((#6495));
#6497=STYLED_ITEM('',(#6496),#6494);
#6498=DIRECTION('',(0.E0,-1.E0,0.E0));
#6499=VECTOR('',#6498,2.E-2);
#6500=CARTESIAN_POINT('',(4.183333110809E0,4.4E0,3.127659618855E-1));
#6501=LINE('',#6500,#6499);
#6502=CURVE_STYLE('',#19,POSITIVE_LENGTH_MEASURE(2.E-2),#13);
#6503=PRESENTATION_STYLE_ASSIGNMENT((#6502));
#6504=STYLED_ITEM('',(#6503),#6501);
#6505=DIRECTION('',(0.E0,-1.E0,1.387778780781E-14));
#6506=VECTOR('',#6505,2.E-2);
#6507=CARTESIAN_POINT('',(4.125E0,4.4E0,4.617021352053E-1));
#6508=LINE('',#6507,#6506);
#6509=CURVE_STYLE('',#19,POSITIVE_LENGTH_MEASURE(2.E-2),#13);
#6510=PRESENTATION_STYLE_ASSIGNMENT((#6509));
#6511=STYLED_ITEM('',(#6510),#6508);
#6512=DIRECTION('',(0.E0,-1.E0,0.E0));
#6513=VECTOR('',#6512,2.E-2);
#6514=CARTESIAN_POINT('',(4.0375E0,4.4E0,5.808510676026E-1));
#6515=LINE('',#6514,#6513);
#6516=CURVE_STYLE('',#19,POSITIVE_LENGTH_MEASURE(2.E-2),#13);
#6517=PRESENTATION_STYLE_ASSIGNMENT((#6516));
#6518=STYLED_ITEM('',(#6517),#6515);
#6519=DIRECTION('',(0.E0,-1.E0,0.E0));
#6520=VECTOR('',#6519,2.E-2);
#6521=CARTESIAN_POINT('',(3.891666889191E0,4.4E0,6.702127669007E-1));
#6522=LINE('',#6521,#6520);
#6523=CURVE_STYLE('',#19,POSITIVE_LENGTH_MEASURE(2.E-2),#13);
#6524=PRESENTATION_STYLE_ASSIGNMENT((#6523));
#6525=STYLED_ITEM('',(#6524),#6522);
#6526=DIRECTION('',(0.E0,-1.E0,0.E0));
#6527=VECTOR('',#6526,2.E-2);
#6528=CARTESIAN_POINT('',(3.745833110809E0,4.4E0,7.E-1));
#6529=LINE('',#6528,#6527);
#6530=CURVE_STYLE('',#19,POSITIVE_LENGTH_MEASURE(2.E-2),#13);
#6531=PRESENTATION_STYLE_ASSIGNMENT((#6530));
#6532=STYLED_ITEM('',(#6531),#6529);
#6533=DIRECTION('',(0.E0,-1.E0,0.E0));
#6534=VECTOR('',#6533,2.E-2);
#6535=CARTESIAN_POINT('',(3.570833110809E0,4.4E0,7.E-1));
#6536=LINE('',#6535,#6534);
#6537=CURVE_STYLE('',#19,POSITIVE_LENGTH_MEASURE(2.E-2),#13);
#6538=PRESENTATION_STYLE_ASSIGNMENT((#6537));
#6539=STYLED_ITEM('',(#6538),#6536);
#6540=DIRECTION('',(0.E0,-1.E0,0.E0));
#6541=VECTOR('',#6540,2.E-2);
#6542=CARTESIAN_POINT('',(3.425E0,4.4E0,6.702127669007E-1));
#6543=LINE('',#6542,#6541);
#6544=CURVE_STYLE('',#19,POSITIVE_LENGTH_MEASURE(2.E-2),#13);
#6545=PRESENTATION_STYLE_ASSIGNMENT((#6544));
#6546=STYLED_ITEM('',(#6545),#6543);
#6547=DIRECTION('',(0.E0,-1.E0,0.E0));
#6548=VECTOR('',#6547,2.E-2);
#6549=CARTESIAN_POINT('',(3.279166889191E0,4.4E0,5.808510676026E-1));
#6550=LINE('',#6549,#6548);
#6551=CURVE_STYLE('',#19,POSITIVE_LENGTH_MEASURE(2.E-2),#13);
#6552=PRESENTATION_STYLE_ASSIGNMENT((#6551));
#6553=STYLED_ITEM('',(#6552),#6550);
#6554=DIRECTION('',(2.220446049250E-14,-1.E0,1.387778780781E-14));
#6555=VECTOR('',#6554,2.E-2);
#6556=CARTESIAN_POINT('',(3.191666889191E0,4.4E0,4.617021352053E-1));
#6557=LINE('',#6556,#6555);
#6558=CURVE_STYLE('',#19,POSITIVE_LENGTH_MEASURE(2.E-2),#13);
#6559=PRESENTATION_STYLE_ASSIGNMENT((#6558));
#6560=STYLED_ITEM('',(#6559),#6557);
#6561=DIRECTION('',(0.E0,-1.E0,0.E0));
#6562=VECTOR('',#6561,2.E-2);
#6563=CARTESIAN_POINT('',(3.133333110809E0,4.4E0,3.425531923771E-1));
#6564=LINE('',#6563,#6562);
#6565=CURVE_STYLE('',#19,POSITIVE_LENGTH_MEASURE(2.E-2),#13);
#6566=PRESENTATION_STYLE_ASSIGNMENT((#6565));
#6567=STYLED_ITEM('',(#6566),#6564);
#6568=DIRECTION('',(0.E0,-1.E0,0.E0));
#6569=VECTOR('',#6568,2.E-2);
#6570=CARTESIAN_POINT('',(3.308333110809E0,4.4E0,3.425531923771E-1));
#6571=LINE('',#6570,#6569);
#6572=CURVE_STYLE('',#19,POSITIVE_LENGTH_MEASURE(2.E-2),#13);
#6573=PRESENTATION_STYLE_ASSIGNMENT((#6572));
#6574=STYLED_ITEM('',(#6573),#6571);
#6575=DIRECTION('',(0.E0,-1.E0,0.E0));
#6576=VECTOR('',#6575,2.E-2);
#6577=CARTESIAN_POINT('',(3.366666889191E0,4.4E0,4.617021352053E-1));
#6578=LINE('',#6577,#6576);
#6579=CURVE_STYLE('',#19,POSITIVE_LENGTH_MEASURE(2.E-2),#13);
#6580=PRESENTATION_STYLE_ASSIGNMENT((#6579));
#6581=STYLED_ITEM('',(#6580),#6578);
#6582=DIRECTION('',(0.E0,-1.E0,0.E0));
#6583=VECTOR('',#6582,2.E-2);
#6584=CARTESIAN_POINT('',(3.454166889191E0,4.4E0,5.212765961885E-1));
#6585=LINE('',#6584,#6583);
#6586=CURVE_STYLE('',#19,POSITIVE_LENGTH_MEASURE(2.E-2),#13);
#6587=PRESENTATION_STYLE_ASSIGNMENT((#6586));
#6588=STYLED_ITEM('',(#6587),#6585);
#6589=DIRECTION('',(0.E0,-1.E0,0.E0));
#6590=VECTOR('',#6589,2.E-2);
#6591=CARTESIAN_POINT('',(3.570833110809E0,4.4E0,5.510638266802E-1));
#6592=LINE('',#6591,#6590);
#6593=CURVE_STYLE('',#19,POSITIVE_LENGTH_MEASURE(2.E-2),#13);
#6594=PRESENTATION_STYLE_ASSIGNMENT((#6593));
#6595=STYLED_ITEM('',(#6594),#6592);
#6596=DIRECTION('',(0.E0,-1.E0,0.E0));
#6597=VECTOR('',#6596,2.E-2);
#6598=CARTESIAN_POINT('',(3.745833110809E0,4.4E0,5.510638266802E-1));
#6599=LINE('',#6598,#6597);
#6600=CURVE_STYLE('',#19,POSITIVE_LENGTH_MEASURE(2.E-2),#13);
#6601=PRESENTATION_STYLE_ASSIGNMENT((#6600));
#6602=STYLED_ITEM('',(#6601),#6599);
#6603=DIRECTION('',(0.E0,-1.E0,0.E0));
#6604=VECTOR('',#6603,2.E-2);
#6605=CARTESIAN_POINT('',(3.8625E0,4.4E0,5.212765961885E-1));
#6606=LINE('',#6605,#6604);
#6607=CURVE_STYLE('',#19,POSITIVE_LENGTH_MEASURE(2.E-2),#13);
#6608=PRESENTATION_STYLE_ASSIGNMENT((#6607));
#6609=STYLED_ITEM('',(#6608),#6606);
#6610=DIRECTION('',(0.E0,-1.E0,0.E0));
#6611=VECTOR('',#6610,2.E-2);
#6612=CARTESIAN_POINT('',(3.95E0,4.4E0,4.617021352053E-1));
#6613=LINE('',#6612,#6611);
#6614=CURVE_STYLE('',#19,POSITIVE_LENGTH_MEASURE(2.E-2),#13);
#6615=PRESENTATION_STYLE_ASSIGNMENT((#6614));
#6616=STYLED_ITEM('',(#6615),#6613);
#6617=DIRECTION('',(0.E0,-1.E0,0.E0));
#6618=VECTOR('',#6617,2.E-2);
#6619=CARTESIAN_POINT('',(4.008333110809E0,4.4E0,3.723404228687E-1));
#6620=LINE('',#6619,#6618);
#6621=CURVE_STYLE('',#19,POSITIVE_LENGTH_MEASURE(2.E-2),#13);
#6622=PRESENTATION_STYLE_ASSIGNMENT((#6621));
#6623=STYLED_ITEM('',(#6622),#6620);
#6624=DIRECTION('',(0.E0,-1.E0,0.E0));
#6625=VECTOR('',#6624,2.E-2);
#6626=CARTESIAN_POINT('',(4.0375E0,4.4E0,2.829787313938E-1));
#6627=LINE('',#6626,#6625);
#6628=CURVE_STYLE('',#19,POSITIVE_LENGTH_MEASURE(2.E-2),#13);
#6629=PRESENTATION_STYLE_ASSIGNMENT((#6628));
#6630=STYLED_ITEM('',(#6629),#6627);
#6631=DIRECTION('',(0.E0,-1.E0,0.E0));
#6632=VECTOR('',#6631,2.E-2);
#6633=CARTESIAN_POINT('',(4.0375E0,4.4E0,2.234042704105E-1));
#6634=LINE('',#6633,#6632);
#6635=CURVE_STYLE('',#19,POSITIVE_LENGTH_MEASURE(2.E-2),#13);
#6636=PRESENTATION_STYLE_ASSIGNMENT((#6635));
#6637=STYLED_ITEM('',(#6636),#6634);
#6638=DIRECTION('',(0.E0,-1.E0,0.E0));
#6639=VECTOR('',#6638,2.E-2);
#6640=CARTESIAN_POINT('',(4.008333110809E0,4.4E0,1.340425372124E-1));
#6641=LINE('',#6640,#6639);
#6642=CURVE_STYLE('',#19,POSITIVE_LENGTH_MEASURE(2.E-2),#13);
#6643=PRESENTATION_STYLE_ASSIGNMENT((#6642));
#6644=STYLED_ITEM('',(#6643),#6641);
#6645=DIRECTION('',(0.E0,-1.E0,0.E0));
#6646=VECTOR('',#6645,2.E-2);
#6647=CARTESIAN_POINT('',(3.95E0,4.4E0,4.468084573746E-2));
#6648=LINE('',#6647,#6646);
#6649=CURVE_STYLE('',#19,POSITIVE_LENGTH_MEASURE(2.E-2),#13);
#6650=PRESENTATION_STYLE_ASSIGNMENT((#6649));
#6651=STYLED_ITEM('',(#6650),#6648);
#6652=DIRECTION('',(0.E0,-1.E0,0.E0));
#6653=VECTOR('',#6652,2.E-2);
#6654=CARTESIAN_POINT('',(3.8625E0,4.4E0,-1.489361524582E-2));
#6655=LINE('',#6654,#6653);
#6656=CURVE_STYLE('',#19,POSITIVE_LENGTH_MEASURE(2.E-2),#13);
#6657=PRESENTATION_STYLE_ASSIGNMENT((#6656));
#6658=STYLED_ITEM('',(#6657),#6655);
#6659=DIRECTION('',(0.E0,-1.E0,0.E0));
#6660=VECTOR('',#6659,2.E-2);
#6661=CARTESIAN_POINT('',(3.745833110809E0,4.4E0,-4.468084573746E-2));
#6662=LINE('',#6661,#6660);
#6663=CURVE_STYLE('',#19,POSITIVE_LENGTH_MEASURE(2.E-2),#13);
#6664=PRESENTATION_STYLE_ASSIGNMENT((#6663));
#6665=STYLED_ITEM('',(#6664),#6662);
#6666=DIRECTION('',(0.E0,-1.E0,0.E0));
#6667=VECTOR('',#6666,2.E-2);
#6668=CARTESIAN_POINT('',(3.570833110809E0,4.4E0,-4.468084573746E-2));
#6669=LINE('',#6668,#6667);
#6670=CURVE_STYLE('',#19,POSITIVE_LENGTH_MEASURE(2.E-2),#13);
#6671=PRESENTATION_STYLE_ASSIGNMENT((#6670));
#6672=STYLED_ITEM('',(#6671),#6669);
#6673=DIRECTION('',(0.E0,-1.E0,0.E0));
#6674=VECTOR('',#6673,2.E-2);
#6675=CARTESIAN_POINT('',(3.454166889191E0,4.4E0,-1.489361524582E-2));
#6676=LINE('',#6675,#6674);
#6677=CURVE_STYLE('',#19,POSITIVE_LENGTH_MEASURE(2.E-2),#13);
#6678=PRESENTATION_STYLE_ASSIGNMENT((#6677));
#6679=STYLED_ITEM('',(#6678),#6676);
#6680=DIRECTION('',(-1.E0,0.E0,0.E0));
#6681=VECTOR('',#6680,9.E-1);
#6682=CARTESIAN_POINT('',(3.85E0,2.5E0,6.413475983199E0));
#6683=LINE('',#6682,#6681);
#6684=CURVE_STYLE('',#19,POSITIVE_LENGTH_MEASURE(2.E-2),#13);
#6685=PRESENTATION_STYLE_ASSIGNMENT((#6684));
#6686=STYLED_ITEM('',(#6685),#6683);
#6687=DIRECTION('',(0.E0,0.E0,1.E0));
#6688=VECTOR('',#6687,1.688475983199E0);
#6689=CARTESIAN_POINT('',(3.85E0,1.9E0,4.725E0));
#6690=LINE('',#6689,#6688);
#6691=CURVE_STYLE('',#19,POSITIVE_LENGTH_MEASURE(2.E-2),#13);
#6692=PRESENTATION_STYLE_ASSIGNMENT((#6691));
#6693=STYLED_ITEM('',(#6692),#6690);
#6694=CARTESIAN_POINT('',(3.85E0,1.5E0,6.413475983199E0));
#6695=DIRECTION('',(1.E0,0.E0,0.E0));
#6696=DIRECTION('',(0.E0,1.E0,0.E0));
#6697=AXIS2_PLACEMENT_3D('',#6694,#6695,#6696);
#6699=CURVE_STYLE('',#19,POSITIVE_LENGTH_MEASURE(2.E-2),#13);
#6700=PRESENTATION_STYLE_ASSIGNMENT((#6699));
#6701=STYLED_ITEM('',(#6700),#6698);
#6702=DIRECTION('',(0.E0,-9.848077530122E-1,1.736481776669E-1));
#6703=VECTOR('',#6702,7.647253450536E-1);
#6704=CARTESIAN_POINT('',(3.85E0,1.569459271067E0,6.807399084404E0));
#6705=LINE('',#6704,#6703);
#6706=CURVE_STYLE('',#19,POSITIVE_LENGTH_MEASURE(2.E-2),#13);
#6707=PRESENTATION_STYLE_ASSIGNMENT((#6706));
#6708=STYLED_ITEM('',(#6707),#6705);
#6709=CARTESIAN_POINT('',(3.85E0,9.9E-1,7.925E0));
#6710=DIRECTION('',(-1.E0,0.E0,0.E0));
#6711=DIRECTION('',(0.E0,-1.736481776669E-1,-9.848077530122E-1));
#6712=AXIS2_PLACEMENT_3D('',#6709,#6710,#6711);
#6714=CURVE_STYLE('',#19,POSITIVE_LENGTH_MEASURE(2.E-2),#13);
#6715=PRESENTATION_STYLE_ASSIGNMENT((#6714));
#6716=STYLED_ITEM('',(#6715),#6713);
#6717=DIRECTION('',(0.E0,0.E0,1.E0));
#6718=VECTOR('',#6717,2.E0);
#6719=CARTESIAN_POINT('',(3.85E0,-1.E-2,7.925E0));
#6720=LINE('',#6719,#6718);
#6721=CURVE_STYLE('',#19,POSITIVE_LENGTH_MEASURE(2.E-2),#13);
#6722=PRESENTATION_STYLE_ASSIGNMENT((#6721));
#6723=STYLED_ITEM('',(#6722),#6720);
#6724=DIRECTION('',(0.E0,1.E0,0.E0));
#6725=VECTOR('',#6724,6.E-1);
#6726=CARTESIAN_POINT('',(3.85E0,-1.E-2,9.925E0));
#6727=LINE('',#6726,#6725);
#6728=CURVE_STYLE('',#19,POSITIVE_LENGTH_MEASURE(2.E-2),#13);
#6729=PRESENTATION_STYLE_ASSIGNMENT((#6728));
#6730=STYLED_ITEM('',(#6729),#6727);
#6731=DIRECTION('',(0.E0,0.E0,-1.E0));
#6732=VECTOR('',#6731,2.E0);
#6733=CARTESIAN_POINT('',(3.85E0,5.9E-1,9.925E0));
#6734=LINE('',#6733,#6732);
#6735=CURVE_STYLE('',#19,POSITIVE_LENGTH_MEASURE(2.E-2),#13);
#6736=PRESENTATION_STYLE_ASSIGNMENT((#6735));
#6737=STYLED_ITEM('',(#6736),#6734);
#6738=CARTESIAN_POINT('',(3.85E0,9.9E-1,7.925E0));
#6739=DIRECTION('',(1.E0,0.E0,0.E0));
#6740=DIRECTION('',(0.E0,-1.E0,0.E0));
#6741=AXIS2_PLACEMENT_3D('',#6738,#6739,#6740);
#6743=CURVE_STYLE('',#19,POSITIVE_LENGTH_MEASURE(2.E-2),#13);
#6744=PRESENTATION_STYLE_ASSIGNMENT((#6743));
#6745=STYLED_ITEM('',(#6744),#6742);
#6746=DIRECTION('',(0.E0,9.848077530122E-1,-1.736481776669E-1));
#6747=VECTOR('',#6746,7.647253450536E-1);
#6748=CARTESIAN_POINT('',(3.85E0,9.205407289332E-1,7.531076898795E0));
#6749=LINE('',#6748,#6747);
#6750=CURVE_STYLE('',#19,POSITIVE_LENGTH_MEASURE(2.E-2),#13);
#6751=PRESENTATION_STYLE_ASSIGNMENT((#6750));
#6752=STYLED_ITEM('',(#6751),#6749);
#6753=CARTESIAN_POINT('',(3.85E0,1.5E0,6.413475983199E0));
#6754=DIRECTION('',(-1.E0,0.E0,0.E0));
#6755=DIRECTION('',(0.E0,1.736481776669E-1,9.848077530122E-1));
#6756=AXIS2_PLACEMENT_3D('',#6753,#6754,#6755);
#6758=CURVE_STYLE('',#19,POSITIVE_LENGTH_MEASURE(2.E-2),#13);
#6759=PRESENTATION_STYLE_ASSIGNMENT((#6758));
#6760=STYLED_ITEM('',(#6759),#6757);
#6761=DIRECTION('',(0.E0,0.E0,-1.E0));
#6762=VECTOR('',#6761,1.688475983199E0);
#6763=CARTESIAN_POINT('',(3.85E0,2.5E0,6.413475983199E0));
#6764=LINE('',#6763,#6762);
#6765=CURVE_STYLE('',#19,POSITIVE_LENGTH_MEASURE(2.E-2),#13);
#6766=PRESENTATION_STYLE_ASSIGNMENT((#6765));
#6767=STYLED_ITEM('',(#6766),#6764);
#6768=DIRECTION('',(0.E0,0.E0,-1.E0));
#6769=VECTOR('',#6768,1.688475983199E0);
#6770=CARTESIAN_POINT('',(2.95E0,2.5E0,6.413475983199E0));
#6771=LINE('',#6770,#6769);
#6772=CURVE_STYLE('',#19,POSITIVE_LENGTH_MEASURE(2.E-2),#13);
#6773=PRESENTATION_STYLE_ASSIGNMENT((#6772));
#6774=STYLED_ITEM('',(#6773),#6771);
#6775=CARTESIAN_POINT('',(2.95E0,1.5E0,6.413475983199E0));
#6776=DIRECTION('',(-1.E0,0.E0,0.E0));
#6777=DIRECTION('',(0.E0,1.736481776669E-1,9.848077530122E-1));
#6778=AXIS2_PLACEMENT_3D('',#6775,#6776,#6777);
#6780=CURVE_STYLE('',#19,POSITIVE_LENGTH_MEASURE(2.E-2),#13);
#6781=PRESENTATION_STYLE_ASSIGNMENT((#6780));
#6782=STYLED_ITEM('',(#6781),#6779);
#6783=DIRECTION('',(0.E0,9.848077530122E-1,-1.736481776669E-1));
#6784=VECTOR('',#6783,7.647253450536E-1);
#6785=CARTESIAN_POINT('',(2.95E0,9.205407289332E-1,7.531076898795E0));
#6786=LINE('',#6785,#6784);
#6787=CURVE_STYLE('',#19,POSITIVE_LENGTH_MEASURE(2.E-2),#13);
#6788=PRESENTATION_STYLE_ASSIGNMENT((#6787));
#6789=STYLED_ITEM('',(#6788),#6786);
#6790=CARTESIAN_POINT('',(2.95E0,9.9E-1,7.925E0));
#6791=DIRECTION('',(1.E0,0.E0,0.E0));
#6792=DIRECTION('',(0.E0,-1.E0,0.E0));
#6793=AXIS2_PLACEMENT_3D('',#6790,#6791,#6792);
#6795=CURVE_STYLE('',#19,POSITIVE_LENGTH_MEASURE(2.E-2),#13);
#6796=PRESENTATION_STYLE_ASSIGNMENT((#6795));
#6797=STYLED_ITEM('',(#6796),#6794);
#6798=DIRECTION('',(0.E0,0.E0,-1.E0));
#6799=VECTOR('',#6798,2.E0);
#6800=CARTESIAN_POINT('',(2.95E0,5.9E-1,9.925E0));
#6801=LINE('',#6800,#6799);
#6802=CURVE_STYLE('',#19,POSITIVE_LENGTH_MEASURE(2.E-2),#13);
#6803=PRESENTATION_STYLE_ASSIGNMENT((#6802));
#6804=STYLED_ITEM('',(#6803),#6801);
#6805=DIRECTION('',(0.E0,1.E0,0.E0));
#6806=VECTOR('',#6805,6.E-1);
#6807=CARTESIAN_POINT('',(2.95E0,-1.E-2,9.925E0));
#6808=LINE('',#6807,#6806);
#6809=CURVE_STYLE('',#19,POSITIVE_LENGTH_MEASURE(2.E-2),#13);
#6810=PRESENTATION_STYLE_ASSIGNMENT((#6809));
#6811=STYLED_ITEM('',(#6810),#6808);
#6812=DIRECTION('',(0.E0,0.E0,1.E0));
#6813=VECTOR('',#6812,2.E0);
#6814=CARTESIAN_POINT('',(2.95E0,-1.E-2,7.925E0));
#6815=LINE('',#6814,#6813);
#6816=CURVE_STYLE('',#19,POSITIVE_LENGTH_MEASURE(2.E-2),#13);
#6817=PRESENTATION_STYLE_ASSIGNMENT((#6816));
#6818=STYLED_ITEM('',(#6817),#6815);
#6819=CARTESIAN_POINT('',(2.95E0,9.9E-1,7.925E0));
#6820=DIRECTION('',(-1.E0,0.E0,0.E0));
#6821=DIRECTION('',(0.E0,-1.736481776669E-1,-9.848077530122E-1));
#6822=AXIS2_PLACEMENT_3D('',#6819,#6820,#6821);
#6824=CURVE_STYLE('',#19,POSITIVE_LENGTH_MEASURE(2.E-2),#13);
#6825=PRESENTATION_STYLE_ASSIGNMENT((#6824));
#6826=STYLED_ITEM('',(#6825),#6823);
#6827=DIRECTION('',(0.E0,-9.848077530122E-1,1.736481776669E-1));
#6828=VECTOR('',#6827,7.647253450536E-1);
#6829=CARTESIAN_POINT('',(2.95E0,1.569459271067E0,6.807399084404E0));
#6830=LINE('',#6829,#6828);
#6831=CURVE_STYLE('',#19,POSITIVE_LENGTH_MEASURE(2.E-2),#13);
#6832=PRESENTATION_STYLE_ASSIGNMENT((#6831));
#6833=STYLED_ITEM('',(#6832),#6830);
#6834=CARTESIAN_POINT('',(2.95E0,1.5E0,6.413475983199E0));
#6835=DIRECTION('',(1.E0,0.E0,0.E0));
#6836=DIRECTION('',(0.E0,1.E0,0.E0));
#6837=AXIS2_PLACEMENT_3D('',#6834,#6835,#6836);
#6839=CURVE_STYLE('',#19,POSITIVE_LENGTH_MEASURE(2.E-2),#13);
#6840=PRESENTATION_STYLE_ASSIGNMENT((#6839));
#6841=STYLED_ITEM('',(#6840),#6838);
#6842=DIRECTION('',(0.E0,0.E0,1.E0));
#6843=VECTOR('',#6842,1.688475983199E0);
#6844=CARTESIAN_POINT('',(2.95E0,1.9E0,4.725E0));
#6845=LINE('',#6844,#6843);
#6846=CURVE_STYLE('',#19,POSITIVE_LENGTH_MEASURE(2.E-2),#13);
#6847=PRESENTATION_STYLE_ASSIGNMENT((#6846));
#6848=STYLED_ITEM('',(#6847),#6845);
#6849=DIRECTION('',(-1.E0,0.E0,0.E0));
#6850=VECTOR('',#6849,9.E-1);
#6851=CARTESIAN_POINT('',(3.85E0,1.673648177667E0,7.398283736211E0));
#6852=LINE('',#6851,#6850);
#6853=CURVE_STYLE('',#19,POSITIVE_LENGTH_MEASURE(2.E-2),#13);
#6854=PRESENTATION_STYLE_ASSIGNMENT((#6853));
#6855=STYLED_ITEM('',(#6854),#6852);
#6856=DIRECTION('',(-1.E0,0.E0,0.E0));
#6857=VECTOR('',#6856,9.E-1);
#6858=CARTESIAN_POINT('',(3.85E0,9.205407289332E-1,7.531076898795E0));
#6859=LINE('',#6858,#6857);
#6860=CURVE_STYLE('',#19,POSITIVE_LENGTH_MEASURE(2.E-2),#13);
#6861=PRESENTATION_STYLE_ASSIGNMENT((#6860));
#6862=STYLED_ITEM('',(#6861),#6859);
#6863=DIRECTION('',(-1.E0,0.E0,0.E0));
#6864=VECTOR('',#6863,9.E-1);
#6865=CARTESIAN_POINT('',(3.85E0,5.9E-1,7.925E0));
#6866=LINE('',#6865,#6864);
#6867=CURVE_STYLE('',#19,POSITIVE_LENGTH_MEASURE(2.E-2),#13);
#6868=PRESENTATION_STYLE_ASSIGNMENT((#6867));
#6869=STYLED_ITEM('',(#6868),#6866);
#6870=DIRECTION('',(-1.E0,0.E0,0.E0));
#6871=VECTOR('',#6870,9.E-1);
#6872=CARTESIAN_POINT('',(3.85E0,5.9E-1,9.925E0));
#6873=LINE('',#6872,#6871);
#6874=CURVE_STYLE('',#19,POSITIVE_LENGTH_MEASURE(2.E-2),#13);
#6875=PRESENTATION_STYLE_ASSIGNMENT((#6874));
#6876=STYLED_ITEM('',(#6875),#6873);
#6877=DIRECTION('',(-1.E0,0.E0,0.E0));
#6878=VECTOR('',#6877,9.E-1);
#6879=CARTESIAN_POINT('',(3.85E0,-1.E-2,9.925E0));
#6880=LINE('',#6879,#6878);
#6881=CURVE_STYLE('',#19,POSITIVE_LENGTH_MEASURE(2.E-2),#13);
#6882=PRESENTATION_STYLE_ASSIGNMENT((#6881));
#6883=STYLED_ITEM('',(#6882),#6880);
#6884=DIRECTION('',(-1.E0,0.E0,0.E0));
#6885=VECTOR('',#6884,9.E-1);
#6886=CARTESIAN_POINT('',(3.85E0,-1.E-2,7.925E0));
#6887=LINE('',#6886,#6885);
#6888=CURVE_STYLE('',#19,POSITIVE_LENGTH_MEASURE(2.E-2),#13);
#6889=PRESENTATION_STYLE_ASSIGNMENT((#6888));
#6890=STYLED_ITEM('',(#6889),#6887);
#6891=DIRECTION('',(-1.E0,0.E0,0.E0));
#6892=VECTOR('',#6891,9.E-1);
#6893=CARTESIAN_POINT('',(3.85E0,8.163518223331E-1,6.940192246988E0));
#6894=LINE('',#6893,#6892);
#6895=CURVE_STYLE('',#19,POSITIVE_LENGTH_MEASURE(2.E-2),#13);
#6896=PRESENTATION_STYLE_ASSIGNMENT((#6895));
#6897=STYLED_ITEM('',(#6896),#6894);
#6898=DIRECTION('',(-1.E0,0.E0,0.E0));
#6899=VECTOR('',#6898,9.E-1);
#6900=CARTESIAN_POINT('',(3.85E0,1.569459271067E0,6.807399084404E0));
#6901=LINE('',#6900,#6899);
#6902=CURVE_STYLE('',#19,POSITIVE_LENGTH_MEASURE(2.E-2),#13);
#6903=PRESENTATION_STYLE_ASSIGNMENT((#6902));
#6904=STYLED_ITEM('',(#6903),#6901);
#6905=DIRECTION('',(-1.E0,0.E0,0.E0));
#6906=VECTOR('',#6905,9.E-1);
#6907=CARTESIAN_POINT('',(3.85E0,1.9E0,6.413475983199E0));
#6908=LINE('',#6907,#6906);
#6909=CURVE_STYLE('',#19,POSITIVE_LENGTH_MEASURE(2.E-2),#13);
#6910=PRESENTATION_STYLE_ASSIGNMENT((#6909));
#6911=STYLED_ITEM('',(#6910),#6908);
#6912=DIRECTION('',(0.E0,0.E0,1.E0));
#6913=VECTOR('',#6912,1.688475983199E0);
#6914=CARTESIAN_POINT('',(-2.95E0,1.9E0,4.725E0));
#6915=LINE('',#6914,#6913);
#6916=CURVE_STYLE('',#19,POSITIVE_LENGTH_MEASURE(2.E-2),#13);
#6917=PRESENTATION_STYLE_ASSIGNMENT((#6916));
#6918=STYLED_ITEM('',(#6917),#6915);
#6919=CARTESIAN_POINT('',(-2.95E0,1.5E0,6.413475983199E0));
#6920=DIRECTION('',(1.E0,0.E0,0.E0));
#6921=DIRECTION('',(0.E0,1.E0,0.E0));
#6922=AXIS2_PLACEMENT_3D('',#6919,#6920,#6921);
#6924=CURVE_STYLE('',#19,POSITIVE_LENGTH_MEASURE(2.E-2),#13);
#6925=PRESENTATION_STYLE_ASSIGNMENT((#6924));
#6926=STYLED_ITEM('',(#6925),#6923);
#6927=DIRECTION('',(0.E0,-9.848077530122E-1,1.736481776669E-1));
#6928=VECTOR('',#6927,7.647253450536E-1);
#6929=CARTESIAN_POINT('',(-2.95E0,1.569459271067E0,6.807399084404E0));
#6930=LINE('',#6929,#6928);
#6931=CURVE_STYLE('',#19,POSITIVE_LENGTH_MEASURE(2.E-2),#13);
#6932=PRESENTATION_STYLE_ASSIGNMENT((#6931));
#6933=STYLED_ITEM('',(#6932),#6930);
#6934=CARTESIAN_POINT('',(-2.95E0,9.9E-1,7.925E0));
#6935=DIRECTION('',(-1.E0,0.E0,0.E0));
#6936=DIRECTION('',(0.E0,-1.736481776669E-1,-9.848077530122E-1));
#6937=AXIS2_PLACEMENT_3D('',#6934,#6935,#6936);
#6939=CURVE_STYLE('',#19,POSITIVE_LENGTH_MEASURE(2.E-2),#13);
#6940=PRESENTATION_STYLE_ASSIGNMENT((#6939));
#6941=STYLED_ITEM('',(#6940),#6938);
#6942=DIRECTION('',(0.E0,0.E0,1.E0));
#6943=VECTOR('',#6942,2.E0);
#6944=CARTESIAN_POINT('',(-2.95E0,-1.E-2,7.925E0));
#6945=LINE('',#6944,#6943);
#6946=CURVE_STYLE('',#19,POSITIVE_LENGTH_MEASURE(2.E-2),#13);
#6947=PRESENTATION_STYLE_ASSIGNMENT((#6946));
#6948=STYLED_ITEM('',(#6947),#6945);
#6949=DIRECTION('',(0.E0,1.E0,0.E0));
#6950=VECTOR('',#6949,6.E-1);
#6951=CARTESIAN_POINT('',(-2.95E0,-1.E-2,9.925E0));
#6952=LINE('',#6951,#6950);
#6953=CURVE_STYLE('',#19,POSITIVE_LENGTH_MEASURE(2.E-2),#13);
#6954=PRESENTATION_STYLE_ASSIGNMENT((#6953));
#6955=STYLED_ITEM('',(#6954),#6952);
#6956=DIRECTION('',(0.E0,0.E0,-1.E0));
#6957=VECTOR('',#6956,2.E0);
#6958=CARTESIAN_POINT('',(-2.95E0,5.9E-1,9.925E0));
#6959=LINE('',#6958,#6957);
#6960=CURVE_STYLE('',#19,POSITIVE_LENGTH_MEASURE(2.E-2),#13);
#6961=PRESENTATION_STYLE_ASSIGNMENT((#6960));
#6962=STYLED_ITEM('',(#6961),#6959);
#6963=CARTESIAN_POINT('',(-2.95E0,9.9E-1,7.925E0));
#6964=DIRECTION('',(1.E0,0.E0,0.E0));
#6965=DIRECTION('',(0.E0,-1.E0,0.E0));
#6966=AXIS2_PLACEMENT_3D('',#6963,#6964,#6965);
#6968=CURVE_STYLE('',#19,POSITIVE_LENGTH_MEASURE(2.E-2),#13);
#6969=PRESENTATION_STYLE_ASSIGNMENT((#6968));
#6970=STYLED_ITEM('',(#6969),#6967);
#6971=DIRECTION('',(0.E0,9.848077530122E-1,-1.736481776669E-1));
#6972=VECTOR('',#6971,7.647253450536E-1);
#6973=CARTESIAN_POINT('',(-2.95E0,9.205407289332E-1,7.531076898795E0));
#6974=LINE('',#6973,#6972);
#6975=CURVE_STYLE('',#19,POSITIVE_LENGTH_MEASURE(2.E-2),#13);
#6976=PRESENTATION_STYLE_ASSIGNMENT((#6975));
#6977=STYLED_ITEM('',(#6976),#6974);
#6978=CARTESIAN_POINT('',(-2.95E0,1.5E0,6.413475983199E0));
#6979=DIRECTION('',(-1.E0,0.E0,0.E0));
#6980=DIRECTION('',(0.E0,1.736481776669E-1,9.848077530122E-1));
#6981=AXIS2_PLACEMENT_3D('',#6978,#6979,#6980);
#6983=CURVE_STYLE('',#19,POSITIVE_LENGTH_MEASURE(2.E-2),#13);
#6984=PRESENTATION_STYLE_ASSIGNMENT((#6983));
#6985=STYLED_ITEM('',(#6984),#6982);
#6986=DIRECTION('',(0.E0,0.E0,-1.E0));
#6987=VECTOR('',#6986,1.688475983199E0);
#6988=CARTESIAN_POINT('',(-2.95E0,2.5E0,6.413475983199E0));
#6989=LINE('',#6988,#6987);
#6990=CURVE_STYLE('',#19,POSITIVE_LENGTH_MEASURE(2.E-2),#13);
#6991=PRESENTATION_STYLE_ASSIGNMENT((#6990));
#6992=STYLED_ITEM('',(#6991),#6989);
#6993=DIRECTION('',(-1.E0,0.E0,0.E0));
#6994=VECTOR('',#6993,9.E-1);
#6995=CARTESIAN_POINT('',(-2.95E0,1.9E0,6.413475983199E0));
#6996=LINE('',#6995,#6994);
#6997=CURVE_STYLE('',#19,POSITIVE_LENGTH_MEASURE(2.E-2),#13);
#6998=PRESENTATION_STYLE_ASSIGNMENT((#6997));
#6999=STYLED_ITEM('',(#6998),#6996);
#7000=DIRECTION('',(-1.E0,0.E0,0.E0));
#7001=VECTOR('',#7000,9.E-1);
#7002=CARTESIAN_POINT('',(-2.95E0,1.569459271067E0,6.807399084404E0));
#7003=LINE('',#7002,#7001);
#7004=CURVE_STYLE('',#19,POSITIVE_LENGTH_MEASURE(2.E-2),#13);
#7005=PRESENTATION_STYLE_ASSIGNMENT((#7004));
#7006=STYLED_ITEM('',(#7005),#7003);
#7007=DIRECTION('',(-1.E0,0.E0,0.E0));
#7008=VECTOR('',#7007,9.E-1);
#7009=CARTESIAN_POINT('',(-2.95E0,8.163518223331E-1,6.940192246988E0));
#7010=LINE('',#7009,#7008);
#7011=CURVE_STYLE('',#19,POSITIVE_LENGTH_MEASURE(2.E-2),#13);
#7012=PRESENTATION_STYLE_ASSIGNMENT((#7011));
#7013=STYLED_ITEM('',(#7012),#7010);
#7014=DIRECTION('',(-1.E0,0.E0,0.E0));
#7015=VECTOR('',#7014,9.E-1);
#7016=CARTESIAN_POINT('',(-2.95E0,-1.E-2,7.925E0));
#7017=LINE('',#7016,#7015);
#7018=CURVE_STYLE('',#19,POSITIVE_LENGTH_MEASURE(2.E-2),#13);
#7019=PRESENTATION_STYLE_ASSIGNMENT((#7018));
#7020=STYLED_ITEM('',(#7019),#7017);
#7021=DIRECTION('',(-1.E0,0.E0,0.E0));
#7022=VECTOR('',#7021,9.E-1);
#7023=CARTESIAN_POINT('',(-2.95E0,-1.E-2,9.925E0));
#7024=LINE('',#7023,#7022);
#7025=CURVE_STYLE('',#19,POSITIVE_LENGTH_MEASURE(2.E-2),#13);
#7026=PRESENTATION_STYLE_ASSIGNMENT((#7025));
#7027=STYLED_ITEM('',(#7026),#7024);
#7028=DIRECTION('',(-1.E0,0.E0,0.E0));
#7029=VECTOR('',#7028,9.E-1);
#7030=CARTESIAN_POINT('',(-2.95E0,5.9E-1,9.925E0));
#7031=LINE('',#7030,#7029);
#7032=CURVE_STYLE('',#19,POSITIVE_LENGTH_MEASURE(2.E-2),#13);
#7033=PRESENTATION_STYLE_ASSIGNMENT((#7032));
#7034=STYLED_ITEM('',(#7033),#7031);
#7035=DIRECTION('',(-1.E0,0.E0,0.E0));
#7036=VECTOR('',#7035,9.E-1);
#7037=CARTESIAN_POINT('',(-2.95E0,5.9E-1,7.925E0));
#7038=LINE('',#7037,#7036);
#7039=CURVE_STYLE('',#19,POSITIVE_LENGTH_MEASURE(2.E-2),#13);
#7040=PRESENTATION_STYLE_ASSIGNMENT((#7039));
#7041=STYLED_ITEM('',(#7040),#7038);
#7042=DIRECTION('',(-1.E0,0.E0,0.E0));
#7043=VECTOR('',#7042,9.E-1);
#7044=CARTESIAN_POINT('',(-2.95E0,9.205407289332E-1,7.531076898795E0));
#7045=LINE('',#7044,#7043);
#7046=CURVE_STYLE('',#19,POSITIVE_LENGTH_MEASURE(2.E-2),#13);
#7047=PRESENTATION_STYLE_ASSIGNMENT((#7046));
#7048=STYLED_ITEM('',(#7047),#7045);
#7049=DIRECTION('',(-1.E0,0.E0,0.E0));
#7050=VECTOR('',#7049,9.E-1);
#7051=CARTESIAN_POINT('',(-2.95E0,1.673648177667E0,7.398283736211E0));
#7052=LINE('',#7051,#7050);
#7053=CURVE_STYLE('',#19,POSITIVE_LENGTH_MEASURE(2.E-2),#13);
#7054=PRESENTATION_STYLE_ASSIGNMENT((#7053));
#7055=STYLED_ITEM('',(#7054),#7052);
#7056=DIRECTION('',(0.E0,-9.945054529214E-1,-1.046847845180E-1));
#7057=VECTOR('',#7056,1.377569118375E0);
#7058=CARTESIAN_POINT('',(5.1E0,1.37E0,4.669210526316E0));
#7059=LINE('',#7058,#7057);
#7060=CURVE_STYLE('',#19,POSITIVE_LENGTH_MEASURE(2.E-2),#13);
#7061=PRESENTATION_STYLE_ASSIGNMENT((#7060));
#7062=STYLED_ITEM('',(#7061),#7059);
#7063=DIRECTION('',(0.E0,0.E0,-1.E0));
#7064=VECTOR('',#7063,9.394210526316E0);
#7065=CARTESIAN_POINT('',(5.1E0,1.37E0,4.669210526316E0));
#7066=LINE('',#7065,#7064);
#7067=CURVE_STYLE('',#19,POSITIVE_LENGTH_MEASURE(2.E-2),#13);
#7068=PRESENTATION_STYLE_ASSIGNMENT((#7067));
#7069=STYLED_ITEM('',(#7068),#7066);
#7070=DIRECTION('',(0.E0,1.E0,0.E0));
#7071=VECTOR('',#7070,1.407E0);
#7072=CARTESIAN_POINT('',(-3.880384757729E0,-1.E-2,-6.025E0));
#7073=LINE('',#7072,#7071);
#7074=CURVE_STYLE('',#19,POSITIVE_LENGTH_MEASURE(2.E-2),#13);
#7075=PRESENTATION_STYLE_ASSIGNMENT((#7074));
#7076=STYLED_ITEM('',(#7075),#7073);
#7077=CARTESIAN_POINT('',(4.9E0,4.4E0,4.525E0));
#7078=CARTESIAN_POINT('',(4.9E0,4.4E0,-4.525E0));
#7079=VERTEX_POINT('',#7077);
#7080=VERTEX_POINT('',#7078);
#7081=CARTESIAN_POINT('',(-4.9E0,4.4E0,-4.525E0));
#7082=VERTEX_POINT('',#7081);
#7083=CARTESIAN_POINT('',(-4.9E0,4.4E0,4.525E0));
#7084=VERTEX_POINT('',#7083);
#7085=CARTESIAN_POINT('',(-5.1E0,0.E0,-4.725E0));
#7086=CARTESIAN_POINT('',(-5.1E0,1.37E0,-4.725E0));
#7087=VERTEX_POINT('',#7085);
#7088=VERTEX_POINT('',#7086);
#7089=CARTESIAN_POINT('',(5.1E0,0.E0,-4.725E0));
#7090=CARTESIAN_POINT('',(5.1E0,1.37E0,-4.725E0));
#7091=VERTEX_POINT('',#7089);
#7092=VERTEX_POINT('',#7090);
#7093=CARTESIAN_POINT('',(-5.025412541254E0,2.5E0,4.725E0));
#7094=VERTEX_POINT('',#7093);
#7095=CARTESIAN_POINT('',(5.025412541254E0,2.5E0,4.725E0));
#7096=VERTEX_POINT('',#7095);
#7097=CARTESIAN_POINT('',(-5.1E0,0.E0,4.525E0));
#7098=CARTESIAN_POINT('',(-5.1E0,1.37E0,4.669210526316E0));
#7099=VERTEX_POINT('',#7097);
#7100=VERTEX_POINT('',#7098);
#7101=CARTESIAN_POINT('',(-5.065016501650E0,1.9E0,4.725E0));
#7102=VERTEX_POINT('',#7101);
#7103=CARTESIAN_POINT('',(5.065016501650E0,1.9E0,4.725E0));
#7104=CARTESIAN_POINT('',(5.1E0,1.37E0,4.669210526316E0));
#7105=VERTEX_POINT('',#7103);
#7106=VERTEX_POINT('',#7104);
#7107=CARTESIAN_POINT('',(5.1E0,0.E0,4.525E0));
#7108=VERTEX_POINT('',#7107);
#7109=CARTESIAN_POINT('',(-2.95E0,1.9E0,6.413475983199E0));
#7110=CARTESIAN_POINT('',(-2.95E0,1.569459271067E0,6.807399084404E0));
#7111=VERTEX_POINT('',#7109);
#7112=VERTEX_POINT('',#7110);
#7113=CARTESIAN_POINT('',(-2.95E0,8.163518223331E-1,6.940192246988E0));
#7114=VERTEX_POINT('',#7113);
#7115=CARTESIAN_POINT('',(-2.95E0,-1.E-2,7.925E0));
#7116=VERTEX_POINT('',#7115);
#7117=CARTESIAN_POINT('',(-2.95E0,-1.E-2,9.925E0));
#7118=VERTEX_POINT('',#7117);
#7119=CARTESIAN_POINT('',(-2.95E0,5.9E-1,9.925E0));
#7120=VERTEX_POINT('',#7119);
#7121=CARTESIAN_POINT('',(-2.95E0,5.9E-1,7.925E0));
#7122=VERTEX_POINT('',#7121);
#7123=CARTESIAN_POINT('',(-2.95E0,9.205407289332E-1,7.531076898795E0));
#7124=VERTEX_POINT('',#7123);
#7125=CARTESIAN_POINT('',(-2.95E0,1.673648177667E0,7.398283736211E0));
#7126=VERTEX_POINT('',#7125);
#7127=CARTESIAN_POINT('',(-2.95E0,2.5E0,6.413475983199E0));
#7128=VERTEX_POINT('',#7127);
#7129=CARTESIAN_POINT('',(-3.85E0,1.9E0,6.413475983199E0));
#7130=CARTESIAN_POINT('',(-3.85E0,1.569459271067E0,6.807399084404E0));
#7131=VERTEX_POINT('',#7129);
#7132=VERTEX_POINT('',#7130);
#7133=CARTESIAN_POINT('',(-3.85E0,8.163518223331E-1,6.940192246988E0));
#7134=VERTEX_POINT('',#7133);
#7135=CARTESIAN_POINT('',(-3.85E0,-1.E-2,7.925E0));
#7136=VERTEX_POINT('',#7135);
#7137=CARTESIAN_POINT('',(-3.85E0,-1.E-2,9.925E0));
#7138=VERTEX_POINT('',#7137);
#7139=CARTESIAN_POINT('',(-3.85E0,5.9E-1,9.925E0));
#7140=VERTEX_POINT('',#7139);
#7141=CARTESIAN_POINT('',(-3.85E0,5.9E-1,7.925E0));
#7142=VERTEX_POINT('',#7141);
#7143=CARTESIAN_POINT('',(-3.85E0,9.205407289332E-1,7.531076898795E0));
#7144=VERTEX_POINT('',#7143);
#7145=CARTESIAN_POINT('',(-3.85E0,1.673648177667E0,7.398283736211E0));
#7146=VERTEX_POINT('',#7145);
#7147=CARTESIAN_POINT('',(-3.85E0,2.5E0,6.413475983199E0));
#7148=VERTEX_POINT('',#7147);
#7149=CARTESIAN_POINT('',(-2.95E0,1.9E0,4.725E0));
#7150=CARTESIAN_POINT('',(-2.95E0,2.5E0,4.725E0));
#7151=VERTEX_POINT('',#7149);
#7152=VERTEX_POINT('',#7150);
#7153=CARTESIAN_POINT('',(-3.85E0,1.9E0,4.725E0));
#7154=CARTESIAN_POINT('',(-3.85E0,2.5E0,4.725E0));
#7155=VERTEX_POINT('',#7153);
#7156=VERTEX_POINT('',#7154);
#7157=CARTESIAN_POINT('',(-1.25E0,1.9E0,6.413475983199E0));
#7158=CARTESIAN_POINT('',(-1.25E0,1.569459271067E0,6.807399084404E0));
#7159=VERTEX_POINT('',#7157);
#7160=VERTEX_POINT('',#7158);
#7161=CARTESIAN_POINT('',(-1.25E0,8.163518223331E-1,6.940192246988E0));
#7162=VERTEX_POINT('',#7161);
#7163=CARTESIAN_POINT('',(-1.25E0,-1.E-2,7.925E0));
#7164=VERTEX_POINT('',#7163);
#7165=CARTESIAN_POINT('',(-1.25E0,-1.E-2,9.925E0));
#7166=VERTEX_POINT('',#7165);
#7167=CARTESIAN_POINT('',(-1.25E0,5.9E-1,9.925E0));
#7168=VERTEX_POINT('',#7167);
#7169=CARTESIAN_POINT('',(-1.25E0,5.9E-1,7.925E0));
#7170=VERTEX_POINT('',#7169);
#7171=CARTESIAN_POINT('',(-1.25E0,9.205407289332E-1,7.531076898795E0));
#7172=VERTEX_POINT('',#7171);
#7173=CARTESIAN_POINT('',(-1.25E0,1.673648177667E0,7.398283736211E0));
#7174=VERTEX_POINT('',#7173);
#7175=CARTESIAN_POINT('',(-1.25E0,2.5E0,6.413475983199E0));
#7176=VERTEX_POINT('',#7175);
#7177=CARTESIAN_POINT('',(-2.15E0,1.9E0,6.413475983199E0));
#7178=CARTESIAN_POINT('',(-2.15E0,1.569459271067E0,6.807399084404E0));
#7179=VERTEX_POINT('',#7177);
#7180=VERTEX_POINT('',#7178);
#7181=CARTESIAN_POINT('',(-2.15E0,8.163518223331E-1,6.940192246988E0));
#7182=VERTEX_POINT('',#7181);
#7183=CARTESIAN_POINT('',(-2.15E0,-1.E-2,7.925E0));
#7184=VERTEX_POINT('',#7183);
#7185=CARTESIAN_POINT('',(-2.15E0,-1.E-2,9.925E0));
#7186=VERTEX_POINT('',#7185);
#7187=CARTESIAN_POINT('',(-2.15E0,5.9E-1,9.925E0));
#7188=VERTEX_POINT('',#7187);
#7189=CARTESIAN_POINT('',(-2.15E0,5.9E-1,7.925E0));
#7190=VERTEX_POINT('',#7189);
#7191=CARTESIAN_POINT('',(-2.15E0,9.205407289332E-1,7.531076898795E0));
#7192=VERTEX_POINT('',#7191);
#7193=CARTESIAN_POINT('',(-2.15E0,1.673648177667E0,7.398283736211E0));
#7194=VERTEX_POINT('',#7193);
#7195=CARTESIAN_POINT('',(-2.15E0,2.5E0,6.413475983199E0));
#7196=VERTEX_POINT('',#7195);
#7197=CARTESIAN_POINT('',(-1.25E0,1.9E0,4.725E0));
#7198=CARTESIAN_POINT('',(-1.25E0,2.5E0,4.725E0));
#7199=VERTEX_POINT('',#7197);
#7200=VERTEX_POINT('',#7198);
#7201=CARTESIAN_POINT('',(-2.15E0,1.9E0,4.725E0));
#7202=CARTESIAN_POINT('',(-2.15E0,2.5E0,4.725E0));
#7203=VERTEX_POINT('',#7201);
#7204=VERTEX_POINT('',#7202);
#7205=CARTESIAN_POINT('',(-2.991666638851E0,4.38E0,-7.E-1));
#7206=CARTESIAN_POINT('',(-4.1E0,4.38E0,-7.E-1));
#7207=VERTEX_POINT('',#7205);
#7208=VERTEX_POINT('',#7206);
#7209=CARTESIAN_POINT('',(-4.1E0,4.38E0,-5.510638475418E-1));
#7210=VERTEX_POINT('',#7209);
#7211=CARTESIAN_POINT('',(-3.633333319426E0,4.38E0,-5.510638475418E-1));
#7212=VERTEX_POINT('',#7211);
#7213=CARTESIAN_POINT('',(-3.633333319426E0,4.38E0,7.E-1));
#7214=VERTEX_POINT('',#7213);
#7215=CARTESIAN_POINT('',(-3.458333319426E0,4.38E0,7.E-1));
#7216=VERTEX_POINT('',#7215);
#7217=CARTESIAN_POINT('',(-3.458333319426E0,4.38E0,-5.510638475418E-1));
#7218=VERTEX_POINT('',#7217);
#7219=CARTESIAN_POINT('',(-2.991666638851E0,4.38E0,-5.510638475418E-1));
#7220=VERTEX_POINT('',#7219);
#7221=CARTESIAN_POINT('',(-2.291666722298E0,4.38E0,-7.E-1));
#7222=CARTESIAN_POINT('',(-2.4375E0,4.38E0,-6.702127695084E-1));
#7223=VERTEX_POINT('',#7221);
#7224=VERTEX_POINT('',#7222);
#7225=CARTESIAN_POINT('',(-2.554166722298E0,4.38E0,-6.106383085251E-1));
#7226=VERTEX_POINT('',#7225);
#7227=CARTESIAN_POINT('',(-2.670833277702E0,4.38E0,-4.914893865585E-1));
#7228=VERTEX_POINT('',#7227);
#7229=CARTESIAN_POINT('',(-2.729166638851E0,4.38E0,-3.723404645920E-1));
#7230=VERTEX_POINT('',#7229);
#7231=CARTESIAN_POINT('',(-2.758333361149E0,4.38E0,-2.234042286873E-1));
#7232=VERTEX_POINT('',#7231);
#7233=CARTESIAN_POINT('',(-2.758333361149E0,4.38E0,2.234042704105E-1));
#7234=VERTEX_POINT('',#7233);
#7235=CARTESIAN_POINT('',(-2.729166638851E0,4.38E0,3.723404228687E-1));
#7236=VERTEX_POINT('',#7235);
#7237=CARTESIAN_POINT('',(-2.670833277702E0,4.38E0,4.914893656969E-1));
#7238=VERTEX_POINT('',#7237);
#7239=CARTESIAN_POINT('',(-2.554166722298E0,4.38E0,6.106382980943E-1));
#7240=VERTEX_POINT('',#7239);
#7241=CARTESIAN_POINT('',(-2.4375E0,4.38E0,6.702127669007E-1));
#7242=VERTEX_POINT('',#7241);
#7243=CARTESIAN_POINT('',(-2.291666722298E0,4.38E0,7.E-1));
#7244=VERTEX_POINT('',#7243);
#7245=CARTESIAN_POINT('',(-2.058333277702E0,4.38E0,7.E-1));
#7246=VERTEX_POINT('',#7245);
#7247=CARTESIAN_POINT('',(-1.9125E0,4.38E0,6.702127669007E-1));
#7248=VERTEX_POINT('',#7247);
#7249=CARTESIAN_POINT('',(-1.795833277702E0,4.38E0,6.106382980943E-1));
#7250=VERTEX_POINT('',#7249);
#7251=CARTESIAN_POINT('',(-1.679166722298E0,4.38E0,4.914893656969E-1));
#7252=VERTEX_POINT('',#7251);
#7253=CARTESIAN_POINT('',(-1.620833277702E0,4.38E0,3.723404228687E-1));
#7254=VERTEX_POINT('',#7253);
#7255=CARTESIAN_POINT('',(-1.591666722298E0,4.38E0,2.234042704105E-1));
#7256=VERTEX_POINT('',#7255);
#7257=CARTESIAN_POINT('',(-1.591666722298E0,4.38E0,-2.234042286873E-1));
#7258=VERTEX_POINT('',#7257);
#7259=CARTESIAN_POINT('',(-1.620833277702E0,4.38E0,-3.723404645920E-1));
#7260=VERTEX_POINT('',#7259);
#7261=CARTESIAN_POINT('',(-1.679166722298E0,4.38E0,-4.914893865585E-1));
#7262=VERTEX_POINT('',#7261);
#7263=CARTESIAN_POINT('',(-1.795833277702E0,4.38E0,-6.106383085251E-1));
#7264=VERTEX_POINT('',#7263);
#7265=CARTESIAN_POINT('',(-1.9125E0,4.38E0,-6.702127695084E-1));
#7266=VERTEX_POINT('',#7265);
#7267=CARTESIAN_POINT('',(-2.058333277702E0,4.38E0,-7.E-1));
#7268=VERTEX_POINT('',#7267);
#7269=CARTESIAN_POINT('',(-2.291666722298E0,4.38E0,-5.212766170502E-1));
#7270=CARTESIAN_POINT('',(-2.058333277702E0,4.38E0,-5.212766170502E-1));
#7271=VERTEX_POINT('',#7269);
#7272=VERTEX_POINT('',#7270);
#7273=CARTESIAN_POINT('',(-1.941666722298E0,4.38E0,-4.914893865585E-1));
#7274=VERTEX_POINT('',#7273);
#7275=CARTESIAN_POINT('',(-1.854166722298E0,4.38E0,-4.319149255753E-1));
#7276=VERTEX_POINT('',#7275);
#7277=CARTESIAN_POINT('',(-1.795833277702E0,4.38E0,-3.425531506538E-1));
#7278=VERTEX_POINT('',#7277);
#7279=CARTESIAN_POINT('',(-1.766666722298E0,4.38E0,-2.234042286873E-1));
#7280=VERTEX_POINT('',#7279);
#7281=CARTESIAN_POINT('',(-1.766666722298E0,4.38E0,2.234042704105E-1));
#7282=VERTEX_POINT('',#7281);
#7283=CARTESIAN_POINT('',(-1.795833277702E0,4.38E0,3.425531923771E-1));
#7284=VERTEX_POINT('',#7283);
#7285=CARTESIAN_POINT('',(-1.854166722298E0,4.38E0,4.319148838520E-1));
#7286=VERTEX_POINT('',#7285);
#7287=CARTESIAN_POINT('',(-1.941666722298E0,4.38E0,4.914893656969E-1));
#7288=VERTEX_POINT('',#7287);
#7289=CARTESIAN_POINT('',(-2.058333277702E0,4.38E0,5.212765961885E-1));
#7290=VERTEX_POINT('',#7289);
#7291=CARTESIAN_POINT('',(-2.291666722298E0,4.38E0,5.212765961885E-1));
#7292=VERTEX_POINT('',#7291);
#7293=CARTESIAN_POINT('',(-2.408333277702E0,4.38E0,4.914893656969E-1));
#7294=VERTEX_POINT('',#7293);
#7295=CARTESIAN_POINT('',(-2.495833277702E0,4.38E0,4.319148838520E-1));
#7296=VERTEX_POINT('',#7295);
#7297=CARTESIAN_POINT('',(-2.554166722298E0,4.38E0,3.425531923771E-1));
#7298=VERTEX_POINT('',#7297);
#7299=CARTESIAN_POINT('',(-2.583333277702E0,4.38E0,2.234042704105E-1));
#7300=VERTEX_POINT('',#7299);
#7301=CARTESIAN_POINT('',(-2.583333277702E0,4.38E0,-2.234042286873E-1));
#7302=VERTEX_POINT('',#7301);
#7303=CARTESIAN_POINT('',(-2.554166722298E0,4.38E0,-3.425531506538E-1));
#7304=VERTEX_POINT('',#7303);
#7305=CARTESIAN_POINT('',(-2.495833277702E0,4.38E0,-4.319149255753E-1));
#7306=VERTEX_POINT('',#7305);
#7307=CARTESIAN_POINT('',(-2.408333277702E0,4.38E0,-4.914893865585E-1));
#7308=VERTEX_POINT('',#7307);
#7309=CARTESIAN_POINT('',(-1.358333277702E0,4.38E0,5.510638266802E-1));
#7310=CARTESIAN_POINT('',(-1.358333277702E0,4.38E0,7.E-1));
#7311=VERTEX_POINT('',#7309);
#7312=VERTEX_POINT('',#7310);
#7313=CARTESIAN_POINT('',(-3.083334445953E-1,4.38E0,7.E-1));
#7314=VERTEX_POINT('',#7313);
#7315=CARTESIAN_POINT('',(-3.083334445953E-1,4.38E0,5.510638266802E-1));
#7316=VERTEX_POINT('',#7315);
#7317=CARTESIAN_POINT('',(-1.125E0,4.38E0,5.510638266802E-1));
#7318=VERTEX_POINT('',#7317);
#7319=CARTESIAN_POINT('',(-3.958334445953E-1,4.38E0,-1.042553067207E-1));
#7320=VERTEX_POINT('',#7319);
#7321=CARTESIAN_POINT('',(-3.375E-1,4.38E0,-1.936169981956E-1));
#7322=VERTEX_POINT('',#7321);
#7323=CARTESIAN_POINT('',(-3.083334445953E-1,4.38E0,-3.127659201622E-1));
#7324=VERTEX_POINT('',#7323);
#7325=CARTESIAN_POINT('',(-3.083334445953E-1,4.38E0,-3.723404645920E-1));
#7326=VERTEX_POINT('',#7325);
#7327=CARTESIAN_POINT('',(-3.375E-1,4.38E0,-4.914893865585E-1));
#7328=VERTEX_POINT('',#7327);
#7329=CARTESIAN_POINT('',(-4.541665554047E-1,4.38E0,-6.106383085251E-1));
#7330=VERTEX_POINT('',#7329);
#7331=CARTESIAN_POINT('',(-5.708334445953E-1,4.38E0,-6.702127695084E-1));
#7332=VERTEX_POINT('',#7331);
#7333=CARTESIAN_POINT('',(-7.458334445953E-1,4.38E0,-7.E-1));
#7334=VERTEX_POINT('',#7333);
#7335=CARTESIAN_POINT('',(-8.625E-1,4.38E0,-7.E-1));
#7336=VERTEX_POINT('',#7335);
#7337=CARTESIAN_POINT('',(-1.066666555405E0,4.38E0,-6.702127695084E-1));
#7338=VERTEX_POINT('',#7337);
#7339=CARTESIAN_POINT('',(-1.183333444595E0,4.38E0,-6.106383085251E-1));
#7340=VERTEX_POINT('',#7339);
#7341=CARTESIAN_POINT('',(-1.3E0,4.38E0,-4.914893865585E-1));
#7342=VERTEX_POINT('',#7341);
#7343=CARTESIAN_POINT('',(-1.329166722298E0,4.38E0,-3.723404645920E-1));
#7344=VERTEX_POINT('',#7343);
#7345=CARTESIAN_POINT('',(-1.183333444595E0,4.38E0,-3.723404645920E-1));
#7346=VERTEX_POINT('',#7345);
#7347=CARTESIAN_POINT('',(-1.125E0,4.38E0,-4.617021560669E-1));
#7348=VERTEX_POINT('',#7347);
#7349=CARTESIAN_POINT('',(-1.0375E0,4.38E0,-5.212766170502E-1));
#7350=VERTEX_POINT('',#7349);
#7351=CARTESIAN_POINT('',(-8.916665554047E-1,4.38E0,-5.510638475418E-1));
#7352=VERTEX_POINT('',#7351);
#7353=CARTESIAN_POINT('',(-7.75E-1,4.38E0,-5.510638475418E-1));
#7354=VERTEX_POINT('',#7353);
#7355=CARTESIAN_POINT('',(-6.291665554047E-1,4.38E0,-5.212766170502E-1));
#7356=VERTEX_POINT('',#7355);
#7357=CARTESIAN_POINT('',(-5.416665554047E-1,4.38E0,-4.617021560669E-1));
#7358=VERTEX_POINT('',#7357);
#7359=CARTESIAN_POINT('',(-4.833334445953E-1,4.38E0,-3.723404645920E-1));
#7360=VERTEX_POINT('',#7359);
#7361=CARTESIAN_POINT('',(-4.833334445953E-1,4.38E0,-3.127659201622E-1));
#7362=VERTEX_POINT('',#7361);
#7363=CARTESIAN_POINT('',(-5.416665554047E-1,4.38E0,-1.936169981956E-1));
#7364=VERTEX_POINT('',#7363);
#7365=CARTESIAN_POINT('',(9.166665554047E-1,4.38E0,1.489361524582E-2));
#7366=CARTESIAN_POINT('',(8.291665554047E-1,4.38E0,-7.446807622910E-2));
#7367=VERTEX_POINT('',#7365);
#7368=VERTEX_POINT('',#7366);
#7369=CARTESIAN_POINT('',(6.833334445953E-1,4.38E0,-1.638297677040E-1));
#7370=VERTEX_POINT('',#7369);
#7371=CARTESIAN_POINT('',(5.375E-1,4.38E0,-1.936169981956E-1));
#7372=VERTEX_POINT('',#7371);
#7373=CARTESIAN_POINT('',(3.916665554047E-1,4.38E0,-1.936169981956E-1));
#7374=VERTEX_POINT('',#7373);
#7375=CARTESIAN_POINT('',(1.616666889191E0,4.38E0,7.E-1));
#7376=CARTESIAN_POINT('',(1.85E0,4.38E0,7.E-1));
#7377=VERTEX_POINT('',#7375);
#7378=VERTEX_POINT('',#7376);
#7379=CARTESIAN_POINT('',(1.966666889191E0,4.38E0,6.702127669007E-1));
#7380=VERTEX_POINT('',#7379);
#7381=CARTESIAN_POINT('',(2.083333110809E0,4.38E0,6.106382980943E-1));
#7382=VERTEX_POINT('',#7381);
#7383=CARTESIAN_POINT('',(2.170833110809E0,4.38E0,5.510638266802E-1));
#7384=VERTEX_POINT('',#7383);
#7385=CARTESIAN_POINT('',(-2.991666638851E0,4.4E0,-7.E-1));
#7386=CARTESIAN_POINT('',(-4.1E0,4.4E0,-7.E-1));
#7387=VERTEX_POINT('',#7385);
#7388=VERTEX_POINT('',#7386);
#7389=CARTESIAN_POINT('',(-4.1E0,4.4E0,-5.510638475418E-1));
#7390=VERTEX_POINT('',#7389);
#7391=CARTESIAN_POINT('',(-3.633333319426E0,4.4E0,-5.510638475418E-1));
#7392=VERTEX_POINT('',#7391);
#7393=CARTESIAN_POINT('',(-3.633333319426E0,4.4E0,7.E-1));
#7394=VERTEX_POINT('',#7393);
#7395=CARTESIAN_POINT('',(-3.458333319426E0,4.4E0,7.E-1));
#7396=VERTEX_POINT('',#7395);
#7397=CARTESIAN_POINT('',(-3.458333319426E0,4.4E0,-5.510638475418E-1));
#7398=VERTEX_POINT('',#7397);
#7399=CARTESIAN_POINT('',(-2.991666638851E0,4.4E0,-5.510638475418E-1));
#7400=VERTEX_POINT('',#7399);
#7401=CARTESIAN_POINT('',(-2.291666722298E0,4.4E0,-7.E-1));
#7402=CARTESIAN_POINT('',(-2.4375E0,4.4E0,-6.702127695084E-1));
#7403=VERTEX_POINT('',#7401);
#7404=VERTEX_POINT('',#7402);
#7405=CARTESIAN_POINT('',(-2.554166722298E0,4.4E0,-6.106383085251E-1));
#7406=VERTEX_POINT('',#7405);
#7407=CARTESIAN_POINT('',(-2.670833277702E0,4.4E0,-4.914893865585E-1));
#7408=VERTEX_POINT('',#7407);
#7409=CARTESIAN_POINT('',(-2.729166638851E0,4.4E0,-3.723404645920E-1));
#7410=VERTEX_POINT('',#7409);
#7411=CARTESIAN_POINT('',(-2.758333361149E0,4.4E0,-2.234042286873E-1));
#7412=VERTEX_POINT('',#7411);
#7413=CARTESIAN_POINT('',(-2.758333361149E0,4.4E0,2.234042704105E-1));
#7414=VERTEX_POINT('',#7413);
#7415=CARTESIAN_POINT('',(-2.729166638851E0,4.4E0,3.723404228687E-1));
#7416=VERTEX_POINT('',#7415);
#7417=CARTESIAN_POINT('',(-2.670833277702E0,4.4E0,4.914893656969E-1));
#7418=VERTEX_POINT('',#7417);
#7419=CARTESIAN_POINT('',(-2.554166722298E0,4.4E0,6.106382980943E-1));
#7420=VERTEX_POINT('',#7419);
#7421=CARTESIAN_POINT('',(-2.4375E0,4.4E0,6.702127669007E-1));
#7422=VERTEX_POINT('',#7421);
#7423=CARTESIAN_POINT('',(-2.291666722298E0,4.4E0,7.E-1));
#7424=VERTEX_POINT('',#7423);
#7425=CARTESIAN_POINT('',(-2.058333277702E0,4.4E0,7.E-1));
#7426=VERTEX_POINT('',#7425);
#7427=CARTESIAN_POINT('',(-1.9125E0,4.4E0,6.702127669007E-1));
#7428=VERTEX_POINT('',#7427);
#7429=CARTESIAN_POINT('',(-1.795833277702E0,4.4E0,6.106382980943E-1));
#7430=VERTEX_POINT('',#7429);
#7431=CARTESIAN_POINT('',(-1.679166722298E0,4.4E0,4.914893656969E-1));
#7432=VERTEX_POINT('',#7431);
#7433=CARTESIAN_POINT('',(-1.620833277702E0,4.4E0,3.723404228687E-1));
#7434=VERTEX_POINT('',#7433);
#7435=CARTESIAN_POINT('',(-1.591666722298E0,4.4E0,2.234042704105E-1));
#7436=VERTEX_POINT('',#7435);
#7437=CARTESIAN_POINT('',(-1.591666722298E0,4.4E0,-2.234042286873E-1));
#7438=VERTEX_POINT('',#7437);
#7439=CARTESIAN_POINT('',(-1.620833277702E0,4.4E0,-3.723404645920E-1));
#7440=VERTEX_POINT('',#7439);
#7441=CARTESIAN_POINT('',(-1.679166722298E0,4.4E0,-4.914893865585E-1));
#7442=VERTEX_POINT('',#7441);
#7443=CARTESIAN_POINT('',(-1.795833277702E0,4.4E0,-6.106383085251E-1));
#7444=VERTEX_POINT('',#7443);
#7445=CARTESIAN_POINT('',(-1.9125E0,4.4E0,-6.702127695084E-1));
#7446=VERTEX_POINT('',#7445);
#7447=CARTESIAN_POINT('',(-2.058333277702E0,4.4E0,-7.E-1));
#7448=VERTEX_POINT('',#7447);
#7449=CARTESIAN_POINT('',(-2.291666722298E0,4.4E0,-5.212766170502E-1));
#7450=CARTESIAN_POINT('',(-2.058333277702E0,4.4E0,-5.212766170502E-1));
#7451=VERTEX_POINT('',#7449);
#7452=VERTEX_POINT('',#7450);
#7453=CARTESIAN_POINT('',(-1.941666722298E0,4.4E0,-4.914893865585E-1));
#7454=VERTEX_POINT('',#7453);
#7455=CARTESIAN_POINT('',(-1.854166722298E0,4.4E0,-4.319149255753E-1));
#7456=VERTEX_POINT('',#7455);
#7457=CARTESIAN_POINT('',(-1.795833277702E0,4.4E0,-3.425531506538E-1));
#7458=VERTEX_POINT('',#7457);
#7459=CARTESIAN_POINT('',(-1.766666722298E0,4.4E0,-2.234042286873E-1));
#7460=VERTEX_POINT('',#7459);
#7461=CARTESIAN_POINT('',(-1.766666722298E0,4.4E0,2.234042704105E-1));
#7462=VERTEX_POINT('',#7461);
#7463=CARTESIAN_POINT('',(-1.795833277702E0,4.4E0,3.425531923771E-1));
#7464=VERTEX_POINT('',#7463);
#7465=CARTESIAN_POINT('',(-1.854166722298E0,4.4E0,4.319148838520E-1));
#7466=VERTEX_POINT('',#7465);
#7467=CARTESIAN_POINT('',(-1.941666722298E0,4.4E0,4.914893656969E-1));
#7468=VERTEX_POINT('',#7467);
#7469=CARTESIAN_POINT('',(-2.058333277702E0,4.4E0,5.212765961885E-1));
#7470=VERTEX_POINT('',#7469);
#7471=CARTESIAN_POINT('',(-2.291666722298E0,4.4E0,5.212765961885E-1));
#7472=VERTEX_POINT('',#7471);
#7473=CARTESIAN_POINT('',(-2.408333277702E0,4.4E0,4.914893656969E-1));
#7474=VERTEX_POINT('',#7473);
#7475=CARTESIAN_POINT('',(-2.495833277702E0,4.4E0,4.319148838520E-1));
#7476=VERTEX_POINT('',#7475);
#7477=CARTESIAN_POINT('',(-2.554166722298E0,4.4E0,3.425531923771E-1));
#7478=VERTEX_POINT('',#7477);
#7479=CARTESIAN_POINT('',(-2.583333277702E0,4.4E0,2.234042704105E-1));
#7480=VERTEX_POINT('',#7479);
#7481=CARTESIAN_POINT('',(-2.583333277702E0,4.4E0,-2.234042286873E-1));
#7482=VERTEX_POINT('',#7481);
#7483=CARTESIAN_POINT('',(-2.554166722298E0,4.4E0,-3.425531506538E-1));
#7484=VERTEX_POINT('',#7483);
#7485=CARTESIAN_POINT('',(-2.495833277702E0,4.4E0,-4.319149255753E-1));
#7486=VERTEX_POINT('',#7485);
#7487=CARTESIAN_POINT('',(-2.408333277702E0,4.4E0,-4.914893865585E-1));
#7488=VERTEX_POINT('',#7487);
#7489=CARTESIAN_POINT('',(-1.358333277702E0,4.4E0,5.510638266802E-1));
#7490=CARTESIAN_POINT('',(-1.358333277702E0,4.4E0,7.E-1));
#7491=VERTEX_POINT('',#7489);
#7492=VERTEX_POINT('',#7490);
#7493=CARTESIAN_POINT('',(-3.083334445953E-1,4.4E0,7.E-1));
#7494=VERTEX_POINT('',#7493);
#7495=CARTESIAN_POINT('',(-3.083334445953E-1,4.4E0,5.510638266802E-1));
#7496=VERTEX_POINT('',#7495);
#7497=CARTESIAN_POINT('',(-1.125E0,4.4E0,5.510638266802E-1));
#7498=VERTEX_POINT('',#7497);
#7499=CARTESIAN_POINT('',(-3.958334445953E-1,4.4E0,-1.042553067207E-1));
#7500=VERTEX_POINT('',#7499);
#7501=CARTESIAN_POINT('',(-3.375E-1,4.4E0,-1.936169981956E-1));
#7502=VERTEX_POINT('',#7501);
#7503=CARTESIAN_POINT('',(-3.083334445953E-1,4.4E0,-3.127659201622E-1));
#7504=VERTEX_POINT('',#7503);
#7505=CARTESIAN_POINT('',(-3.083334445953E-1,4.4E0,-3.723404645920E-1));
#7506=VERTEX_POINT('',#7505);
#7507=CARTESIAN_POINT('',(-3.375E-1,4.4E0,-4.914893865585E-1));
#7508=VERTEX_POINT('',#7507);
#7509=CARTESIAN_POINT('',(-4.541665554047E-1,4.4E0,-6.106383085251E-1));
#7510=VERTEX_POINT('',#7509);
#7511=CARTESIAN_POINT('',(-5.708334445953E-1,4.4E0,-6.702127695084E-1));
#7512=VERTEX_POINT('',#7511);
#7513=CARTESIAN_POINT('',(-7.458334445953E-1,4.4E0,-7.E-1));
#7514=VERTEX_POINT('',#7513);
#7515=CARTESIAN_POINT('',(-8.625E-1,4.4E0,-7.E-1));
#7516=VERTEX_POINT('',#7515);
#7517=CARTESIAN_POINT('',(-1.066666555405E0,4.4E0,-6.702127695084E-1));
#7518=VERTEX_POINT('',#7517);
#7519=CARTESIAN_POINT('',(-1.183333444595E0,4.4E0,-6.106383085251E-1));
#7520=VERTEX_POINT('',#7519);
#7521=CARTESIAN_POINT('',(-1.3E0,4.4E0,-4.914893865585E-1));
#7522=VERTEX_POINT('',#7521);
#7523=CARTESIAN_POINT('',(-1.329166722298E0,4.4E0,-3.723404645920E-1));
#7524=VERTEX_POINT('',#7523);
#7525=CARTESIAN_POINT('',(-1.183333444595E0,4.4E0,-3.723404645920E-1));
#7526=VERTEX_POINT('',#7525);
#7527=CARTESIAN_POINT('',(-1.125E0,4.4E0,-4.617021560669E-1));
#7528=VERTEX_POINT('',#7527);
#7529=CARTESIAN_POINT('',(-1.0375E0,4.4E0,-5.212766170502E-1));
#7530=VERTEX_POINT('',#7529);
#7531=CARTESIAN_POINT('',(-8.916665554047E-1,4.4E0,-5.510638475418E-1));
#7532=VERTEX_POINT('',#7531);
#7533=CARTESIAN_POINT('',(-7.75E-1,4.4E0,-5.510638475418E-1));
#7534=VERTEX_POINT('',#7533);
#7535=CARTESIAN_POINT('',(-6.291665554047E-1,4.4E0,-5.212766170502E-1));
#7536=VERTEX_POINT('',#7535);
#7537=CARTESIAN_POINT('',(-5.416665554047E-1,4.4E0,-4.617021560669E-1));
#7538=VERTEX_POINT('',#7537);
#7539=CARTESIAN_POINT('',(-4.833334445953E-1,4.4E0,-3.723404645920E-1));
#7540=VERTEX_POINT('',#7539);
#7541=CARTESIAN_POINT('',(-4.833334445953E-1,4.4E0,-3.127659201622E-1));
#7542=VERTEX_POINT('',#7541);
#7543=CARTESIAN_POINT('',(-5.416665554047E-1,4.4E0,-1.936169981956E-1));
#7544=VERTEX_POINT('',#7543);
#7545=CARTESIAN_POINT('',(9.166665554047E-1,4.4E0,1.489361524582E-2));
#7546=CARTESIAN_POINT('',(8.291665554047E-1,4.4E0,-7.446807622910E-2));
#7547=VERTEX_POINT('',#7545);
#7548=VERTEX_POINT('',#7546);
#7549=CARTESIAN_POINT('',(6.833334445953E-1,4.4E0,-1.638297677040E-1));
#7550=VERTEX_POINT('',#7549);
#7551=CARTESIAN_POINT('',(5.375E-1,4.4E0,-1.936169981956E-1));
#7552=VERTEX_POINT('',#7551);
#7553=CARTESIAN_POINT('',(3.916665554047E-1,4.4E0,-1.936169981956E-1));
#7554=VERTEX_POINT('',#7553);
#7555=CARTESIAN_POINT('',(1.616666889191E0,4.4E0,7.E-1));
#7556=CARTESIAN_POINT('',(1.85E0,4.4E0,7.E-1));
#7557=VERTEX_POINT('',#7555);
#7558=VERTEX_POINT('',#7556);
#7559=CARTESIAN_POINT('',(1.966666889191E0,4.4E0,6.702127669007E-1));
#7560=VERTEX_POINT('',#7559);
#7561=CARTESIAN_POINT('',(2.083333110809E0,4.4E0,6.106382980943E-1));
#7562=VERTEX_POINT('',#7561);
#7563=CARTESIAN_POINT('',(2.170833110809E0,4.4E0,5.510638266802E-1));
#7564=VERTEX_POINT('',#7563);
#7565=CARTESIAN_POINT('',(2.458334445953E-1,4.38E0,-1.638297677040E-1));
#7566=VERTEX_POINT('',#7565);
#7567=CARTESIAN_POINT('',(7.083344459534E-2,4.38E0,-4.468084573746E-2));
#7568=VERTEX_POINT('',#7567);
#7569=CARTESIAN_POINT('',(7.083344459534E-2,4.38E0,-1.042553067207E-1));
#7570=VERTEX_POINT('',#7569);
#7571=CARTESIAN_POINT('',(1.E-1,4.38E0,-2.829786896706E-1));
#7572=VERTEX_POINT('',#7571);
#7573=CARTESIAN_POINT('',(1.291665554047E-1,4.38E0,-3.723404645920E-1));
#7574=VERTEX_POINT('',#7573);
#7575=CARTESIAN_POINT('',(1.875E-1,4.38E0,-4.617021560669E-1));
#7576=VERTEX_POINT('',#7575);
#7577=CARTESIAN_POINT('',(2.75E-1,4.38E0,-5.212766170502E-1));
#7578=VERTEX_POINT('',#7577);
#7579=CARTESIAN_POINT('',(3.625E-1,4.38E0,-5.510638475418E-1));
#7580=VERTEX_POINT('',#7579);
#7581=CARTESIAN_POINT('',(5.375E-1,4.38E0,-5.510638475418E-1));
#7582=VERTEX_POINT('',#7581);
#7583=CARTESIAN_POINT('',(6.25E-1,4.38E0,-5.212766170502E-1));
#7584=VERTEX_POINT('',#7583);
#7585=CARTESIAN_POINT('',(7.125E-1,4.38E0,-4.617021560669E-1));
#7586=VERTEX_POINT('',#7585);
#7587=CARTESIAN_POINT('',(7.708334445953E-1,4.38E0,-3.723404645920E-1));
#7588=VERTEX_POINT('',#7587);
#7589=CARTESIAN_POINT('',(9.166665554047E-1,4.38E0,-3.723404645920E-1));
#7590=VERTEX_POINT('',#7589);
#7591=CARTESIAN_POINT('',(8.875E-1,4.38E0,-4.617021560669E-1));
#7592=VERTEX_POINT('',#7591);
#7593=CARTESIAN_POINT('',(8.E-1,4.38E0,-5.808510780334E-1));
#7594=VERTEX_POINT('',#7593);
#7595=CARTESIAN_POINT('',(6.541665554047E-1,4.38E0,-6.702127695084E-1));
#7596=VERTEX_POINT('',#7595);
#7597=CARTESIAN_POINT('',(5.083334445953E-1,4.38E0,-7.E-1));
#7598=VERTEX_POINT('',#7597);
#7599=CARTESIAN_POINT('',(3.916665554047E-1,4.38E0,-7.E-1));
#7600=VERTEX_POINT('',#7599);
#7601=CARTESIAN_POINT('',(2.458334445953E-1,4.38E0,-6.702127695084E-1));
#7602=VERTEX_POINT('',#7601);
#7603=CARTESIAN_POINT('',(1.E-1,4.38E0,-5.808510780334E-1));
#7604=VERTEX_POINT('',#7603);
#7605=CARTESIAN_POINT('',(1.25E-2,4.38E0,-4.617021560669E-1));
#7606=VERTEX_POINT('',#7605);
#7607=CARTESIAN_POINT('',(-4.583344459534E-2,4.38E0,-3.127659201622E-1));
#7608=VERTEX_POINT('',#7607);
#7609=CARTESIAN_POINT('',(-7.5E-2,4.38E0,-1.042553067207E-1));
#7610=VERTEX_POINT('',#7609);
#7611=CARTESIAN_POINT('',(-7.5E-2,4.38E0,1.042553067207E-1));
#7612=VERTEX_POINT('',#7611);
#7613=CARTESIAN_POINT('',(-4.583344459534E-2,4.38E0,3.127659618855E-1));
#7614=VERTEX_POINT('',#7613);
#7615=CARTESIAN_POINT('',(1.25E-2,4.38E0,4.617021352053E-1));
#7616=VERTEX_POINT('',#7615);
#7617=CARTESIAN_POINT('',(1.E-1,4.38E0,5.808510676026E-1));
#7618=VERTEX_POINT('',#7617);
#7619=CARTESIAN_POINT('',(2.458334445953E-1,4.38E0,6.702127669007E-1));
#7620=VERTEX_POINT('',#7619);
#7621=CARTESIAN_POINT('',(3.916665554047E-1,4.38E0,7.E-1));
#7622=VERTEX_POINT('',#7621);
#7623=CARTESIAN_POINT('',(5.375E-1,4.38E0,7.E-1));
#7624=VERTEX_POINT('',#7623);
#7625=CARTESIAN_POINT('',(6.833334445953E-1,4.38E0,6.702127669007E-1));
#7626=VERTEX_POINT('',#7625);
#7627=CARTESIAN_POINT('',(8.291665554047E-1,4.38E0,5.808510676026E-1));
#7628=VERTEX_POINT('',#7627);
#7629=CARTESIAN_POINT('',(9.166665554047E-1,4.38E0,4.617021352053E-1));
#7630=VERTEX_POINT('',#7629);
#7631=CARTESIAN_POINT('',(9.75E-1,4.38E0,3.127659618855E-1));
#7632=VERTEX_POINT('',#7631);
#7633=CARTESIAN_POINT('',(9.75E-1,4.38E0,1.638297677040E-1));
#7634=VERTEX_POINT('',#7633);
#7635=CARTESIAN_POINT('',(8.E-1,4.38E0,1.042553067207E-1));
#7636=CARTESIAN_POINT('',(8.291665554047E-1,4.38E0,1.936170399189E-1));
#7637=VERTEX_POINT('',#7635);
#7638=VERTEX_POINT('',#7636);
#7639=CARTESIAN_POINT('',(8.291665554047E-1,4.38E0,2.829787313938E-1));
#7640=VERTEX_POINT('',#7639);
#7641=CARTESIAN_POINT('',(8.E-1,4.38E0,3.723404228687E-1));
#7642=VERTEX_POINT('',#7641);
#7643=CARTESIAN_POINT('',(7.416665554047E-1,4.38E0,4.617021352053E-1));
#7644=VERTEX_POINT('',#7643);
#7645=CARTESIAN_POINT('',(6.541665554047E-1,4.38E0,5.212765961885E-1));
#7646=VERTEX_POINT('',#7645);
#7647=CARTESIAN_POINT('',(5.666665554047E-1,4.38E0,5.510638266802E-1));
#7648=VERTEX_POINT('',#7647);
#7649=CARTESIAN_POINT('',(3.625E-1,4.38E0,5.510638266802E-1));
#7650=VERTEX_POINT('',#7649);
#7651=CARTESIAN_POINT('',(2.75E-1,4.38E0,5.212765961885E-1));
#7652=VERTEX_POINT('',#7651);
#7653=CARTESIAN_POINT('',(1.875E-1,4.38E0,4.617021352053E-1));
#7654=VERTEX_POINT('',#7653);
#7655=CARTESIAN_POINT('',(1.291665554047E-1,4.38E0,3.723404228687E-1));
#7656=VERTEX_POINT('',#7655);
#7657=CARTESIAN_POINT('',(1.E-1,4.38E0,2.829787313938E-1));
#7658=VERTEX_POINT('',#7657);
#7659=CARTESIAN_POINT('',(1.E-1,4.38E0,1.936170399189E-1));
#7660=VERTEX_POINT('',#7659);
#7661=CARTESIAN_POINT('',(1.291665554047E-1,4.38E0,1.042553067207E-1));
#7662=VERTEX_POINT('',#7661);
#7663=CARTESIAN_POINT('',(1.875E-1,4.38E0,4.468084573746E-2));
#7664=VERTEX_POINT('',#7663);
#7665=CARTESIAN_POINT('',(2.75E-1,4.38E0,-1.489361524582E-2));
#7666=VERTEX_POINT('',#7665);
#7667=CARTESIAN_POINT('',(3.625E-1,4.38E0,-4.468084573746E-2));
#7668=VERTEX_POINT('',#7667);
#7669=CARTESIAN_POINT('',(5.666665554047E-1,4.38E0,-4.468084573746E-2));
#7670=VERTEX_POINT('',#7669);
#7671=CARTESIAN_POINT('',(6.541665554047E-1,4.38E0,-1.489361524582E-2));
#7672=VERTEX_POINT('',#7671);
#7673=CARTESIAN_POINT('',(7.416665554047E-1,4.38E0,4.468084573746E-2));
#7674=VERTEX_POINT('',#7673);
#7675=CARTESIAN_POINT('',(2.229166889191E0,4.38E0,4.617021352053E-1));
#7676=VERTEX_POINT('',#7675);
#7677=CARTESIAN_POINT('',(2.258333110809E0,4.38E0,3.723404228687E-1));
#7678=VERTEX_POINT('',#7677);
#7679=CARTESIAN_POINT('',(2.258333110809E0,4.38E0,2.531915009022E-1));
#7680=VERTEX_POINT('',#7679);
#7681=CARTESIAN_POINT('',(2.229166889191E0,4.38E0,1.340425372124E-1));
#7682=VERTEX_POINT('',#7681);
#7683=CARTESIAN_POINT('',(2.170833110809E0,4.38E0,4.468084573746E-2));
#7684=VERTEX_POINT('',#7683);
#7685=CARTESIAN_POINT('',(2.025E0,4.38E0,-1.489361524582E-2));
#7686=VERTEX_POINT('',#7685);
#7687=CARTESIAN_POINT('',(2.141666889191E0,4.38E0,-1.042553067207E-1));
#7688=VERTEX_POINT('',#7687);
#7689=CARTESIAN_POINT('',(2.2E0,4.38E0,-1.936169981956E-1));
#7690=VERTEX_POINT('',#7689);
#7691=CARTESIAN_POINT('',(2.229166889191E0,4.38E0,-3.127659201622E-1));
#7692=VERTEX_POINT('',#7691);
#7693=CARTESIAN_POINT('',(2.229166889191E0,4.38E0,-3.723404645920E-1));
#7694=VERTEX_POINT('',#7693);
#7695=CARTESIAN_POINT('',(2.2E0,4.38E0,-4.914893865585E-1));
#7696=VERTEX_POINT('',#7695);
#7697=CARTESIAN_POINT('',(2.083333110809E0,4.38E0,-6.106383085251E-1));
#7698=VERTEX_POINT('',#7697);
#7699=CARTESIAN_POINT('',(1.966666889191E0,4.38E0,-6.702127695084E-1));
#7700=VERTEX_POINT('',#7699);
#7701=CARTESIAN_POINT('',(1.7625E0,4.38E0,-7.E-1));
#7702=VERTEX_POINT('',#7701);
#7703=CARTESIAN_POINT('',(1.704166889191E0,4.38E0,-7.E-1));
#7704=VERTEX_POINT('',#7703);
#7705=CARTESIAN_POINT('',(1.5E0,4.38E0,-6.702127695084E-1));
#7706=VERTEX_POINT('',#7705);
#7707=CARTESIAN_POINT('',(1.383333444595E0,4.38E0,-6.106383085251E-1));
#7708=VERTEX_POINT('',#7707);
#7709=CARTESIAN_POINT('',(1.266666555405E0,4.38E0,-4.914893865585E-1));
#7710=VERTEX_POINT('',#7709);
#7711=CARTESIAN_POINT('',(1.2375E0,4.38E0,-3.723404645920E-1));
#7712=VERTEX_POINT('',#7711);
#7713=CARTESIAN_POINT('',(1.383333444595E0,4.38E0,-3.723404645920E-1));
#7714=VERTEX_POINT('',#7713);
#7715=CARTESIAN_POINT('',(1.441666555405E0,4.38E0,-4.617021560669E-1));
#7716=VERTEX_POINT('',#7715);
#7717=CARTESIAN_POINT('',(1.529166889191E0,4.38E0,-5.212766170502E-1));
#7718=VERTEX_POINT('',#7717);
#7719=CARTESIAN_POINT('',(1.675E0,4.38E0,-5.510638475418E-1));
#7720=VERTEX_POINT('',#7719);
#7721=CARTESIAN_POINT('',(1.791666889191E0,4.38E0,-5.510638475418E-1));
#7722=VERTEX_POINT('',#7721);
#7723=CARTESIAN_POINT('',(1.9375E0,4.38E0,-5.212766170502E-1));
#7724=VERTEX_POINT('',#7723);
#7725=CARTESIAN_POINT('',(2.025E0,4.38E0,-4.617021560669E-1));
#7726=VERTEX_POINT('',#7725);
#7727=CARTESIAN_POINT('',(2.083333110809E0,4.38E0,-3.723404645920E-1));
#7728=VERTEX_POINT('',#7727);
#7729=CARTESIAN_POINT('',(2.083333110809E0,4.38E0,-3.127659201622E-1));
#7730=VERTEX_POINT('',#7729);
#7731=CARTESIAN_POINT('',(2.025E0,4.38E0,-1.936169981956E-1));
#7732=VERTEX_POINT('',#7731);
#7733=CARTESIAN_POINT('',(1.966666889191E0,4.38E0,-1.340425372124E-1));
#7734=VERTEX_POINT('',#7733);
#7735=CARTESIAN_POINT('',(1.791666889191E0,4.38E0,-7.446807622910E-2));
#7736=VERTEX_POINT('',#7735);
#7737=CARTESIAN_POINT('',(1.675E0,4.38E0,-7.446807622910E-2));
#7738=VERTEX_POINT('',#7737);
#7739=CARTESIAN_POINT('',(1.675E0,4.38E0,4.468084573746E-2));
#7740=VERTEX_POINT('',#7739);
#7741=CARTESIAN_POINT('',(1.791666889191E0,4.38E0,4.468084573746E-2));
#7742=VERTEX_POINT('',#7741);
#7743=CARTESIAN_POINT('',(1.966666889191E0,4.38E0,7.446807622910E-2));
#7744=VERTEX_POINT('',#7743);
#7745=CARTESIAN_POINT('',(2.054166889191E0,4.38E0,1.340425372124E-1));
#7746=VERTEX_POINT('',#7745);
#7747=CARTESIAN_POINT('',(2.1125E0,4.38E0,2.531915009022E-1));
#7748=VERTEX_POINT('',#7747);
#7749=CARTESIAN_POINT('',(2.1125E0,4.38E0,3.723404228687E-1));
#7750=VERTEX_POINT('',#7749);
#7751=CARTESIAN_POINT('',(2.083333110809E0,4.38E0,4.319148838520E-1));
#7752=VERTEX_POINT('',#7751);
#7753=CARTESIAN_POINT('',(2.025E0,4.38E0,4.914893656969E-1));
#7754=VERTEX_POINT('',#7753);
#7755=CARTESIAN_POINT('',(1.966666889191E0,4.38E0,5.212765961885E-1));
#7756=VERTEX_POINT('',#7755);
#7757=CARTESIAN_POINT('',(1.820833110809E0,4.38E0,5.510638266802E-1));
#7758=VERTEX_POINT('',#7757);
#7759=CARTESIAN_POINT('',(1.645833110809E0,4.38E0,5.510638266802E-1));
#7760=VERTEX_POINT('',#7759);
#7761=CARTESIAN_POINT('',(1.5E0,4.38E0,5.212765961885E-1));
#7762=VERTEX_POINT('',#7761);
#7763=CARTESIAN_POINT('',(1.441666555405E0,4.38E0,4.914893656969E-1));
#7764=VERTEX_POINT('',#7763);
#7765=CARTESIAN_POINT('',(1.383333444595E0,4.38E0,4.319148838520E-1));
#7766=VERTEX_POINT('',#7765);
#7767=CARTESIAN_POINT('',(1.354166555405E0,4.38E0,3.723404228687E-1));
#7768=VERTEX_POINT('',#7767);
#7769=CARTESIAN_POINT('',(1.208333444595E0,4.38E0,3.723404228687E-1));
#7770=VERTEX_POINT('',#7769);
#7771=CARTESIAN_POINT('',(1.2375E0,4.38E0,4.617021352053E-1));
#7772=VERTEX_POINT('',#7771);
#7773=CARTESIAN_POINT('',(1.295833444595E0,4.38E0,5.510638266802E-1));
#7774=VERTEX_POINT('',#7773);
#7775=CARTESIAN_POINT('',(1.383333444595E0,4.38E0,6.106382980943E-1));
#7776=VERTEX_POINT('',#7775);
#7777=CARTESIAN_POINT('',(1.5E0,4.38E0,6.702127669007E-1));
#7778=VERTEX_POINT('',#7777);
#7779=CARTESIAN_POINT('',(2.9E0,4.38E0,1.936170399189E-1));
#7780=CARTESIAN_POINT('',(2.9E0,4.38E0,4.468084573746E-2));
#7781=VERTEX_POINT('',#7779);
#7782=VERTEX_POINT('',#7780);
#7783=CARTESIAN_POINT('',(2.491666889191E0,4.38E0,4.468084573746E-2));
#7784=VERTEX_POINT('',#7783);
#7785=CARTESIAN_POINT('',(2.491666889191E0,4.38E0,1.936170399189E-1));
#7786=VERTEX_POINT('',#7785);
#7787=CARTESIAN_POINT('',(2.458334445953E-1,4.4E0,-1.638297677040E-1));
#7788=VERTEX_POINT('',#7787);
#7789=CARTESIAN_POINT('',(7.083344459534E-2,4.4E0,-4.468084573746E-2));
#7790=VERTEX_POINT('',#7789);
#7791=CARTESIAN_POINT('',(7.083344459534E-2,4.4E0,-1.042553067207E-1));
#7792=VERTEX_POINT('',#7791);
#7793=CARTESIAN_POINT('',(1.E-1,4.4E0,-2.829786896706E-1));
#7794=VERTEX_POINT('',#7793);
#7795=CARTESIAN_POINT('',(1.291665554047E-1,4.4E0,-3.723404645920E-1));
#7796=VERTEX_POINT('',#7795);
#7797=CARTESIAN_POINT('',(1.875E-1,4.4E0,-4.617021560669E-1));
#7798=VERTEX_POINT('',#7797);
#7799=CARTESIAN_POINT('',(2.75E-1,4.4E0,-5.212766170502E-1));
#7800=VERTEX_POINT('',#7799);
#7801=CARTESIAN_POINT('',(3.625E-1,4.4E0,-5.510638475418E-1));
#7802=VERTEX_POINT('',#7801);
#7803=CARTESIAN_POINT('',(5.375E-1,4.4E0,-5.510638475418E-1));
#7804=VERTEX_POINT('',#7803);
#7805=CARTESIAN_POINT('',(6.25E-1,4.4E0,-5.212766170502E-1));
#7806=VERTEX_POINT('',#7805);
#7807=CARTESIAN_POINT('',(7.125E-1,4.4E0,-4.617021560669E-1));
#7808=VERTEX_POINT('',#7807);
#7809=CARTESIAN_POINT('',(7.708334445953E-1,4.4E0,-3.723404645920E-1));
#7810=VERTEX_POINT('',#7809);
#7811=CARTESIAN_POINT('',(9.166665554047E-1,4.4E0,-3.723404645920E-1));
#7812=VERTEX_POINT('',#7811);
#7813=CARTESIAN_POINT('',(8.875E-1,4.4E0,-4.617021560669E-1));
#7814=VERTEX_POINT('',#7813);
#7815=CARTESIAN_POINT('',(8.E-1,4.4E0,-5.808510780334E-1));
#7816=VERTEX_POINT('',#7815);
#7817=CARTESIAN_POINT('',(6.541665554047E-1,4.4E0,-6.702127695084E-1));
#7818=VERTEX_POINT('',#7817);
#7819=CARTESIAN_POINT('',(5.083334445953E-1,4.4E0,-7.E-1));
#7820=VERTEX_POINT('',#7819);
#7821=CARTESIAN_POINT('',(3.916665554047E-1,4.4E0,-7.E-1));
#7822=VERTEX_POINT('',#7821);
#7823=CARTESIAN_POINT('',(2.458334445953E-1,4.4E0,-6.702127695084E-1));
#7824=VERTEX_POINT('',#7823);
#7825=CARTESIAN_POINT('',(1.E-1,4.4E0,-5.808510780334E-1));
#7826=VERTEX_POINT('',#7825);
#7827=CARTESIAN_POINT('',(1.25E-2,4.4E0,-4.617021560669E-1));
#7828=VERTEX_POINT('',#7827);
#7829=CARTESIAN_POINT('',(-4.583344459534E-2,4.4E0,-3.127659201622E-1));
#7830=VERTEX_POINT('',#7829);
#7831=CARTESIAN_POINT('',(-7.5E-2,4.4E0,-1.042553067207E-1));
#7832=VERTEX_POINT('',#7831);
#7833=CARTESIAN_POINT('',(-7.5E-2,4.4E0,1.042553067207E-1));
#7834=VERTEX_POINT('',#7833);
#7835=CARTESIAN_POINT('',(-4.583344459534E-2,4.4E0,3.127659618855E-1));
#7836=VERTEX_POINT('',#7835);
#7837=CARTESIAN_POINT('',(1.25E-2,4.4E0,4.617021352053E-1));
#7838=VERTEX_POINT('',#7837);
#7839=CARTESIAN_POINT('',(1.E-1,4.4E0,5.808510676026E-1));
#7840=VERTEX_POINT('',#7839);
#7841=CARTESIAN_POINT('',(2.458334445953E-1,4.4E0,6.702127669007E-1));
#7842=VERTEX_POINT('',#7841);
#7843=CARTESIAN_POINT('',(3.916665554047E-1,4.4E0,7.E-1));
#7844=VERTEX_POINT('',#7843);
#7845=CARTESIAN_POINT('',(5.375E-1,4.4E0,7.E-1));
#7846=VERTEX_POINT('',#7845);
#7847=CARTESIAN_POINT('',(6.833334445953E-1,4.4E0,6.702127669007E-1));
#7848=VERTEX_POINT('',#7847);
#7849=CARTESIAN_POINT('',(8.291665554047E-1,4.4E0,5.808510676026E-1));
#7850=VERTEX_POINT('',#7849);
#7851=CARTESIAN_POINT('',(9.166665554047E-1,4.4E0,4.617021352053E-1));
#7852=VERTEX_POINT('',#7851);
#7853=CARTESIAN_POINT('',(9.75E-1,4.4E0,3.127659618855E-1));
#7854=VERTEX_POINT('',#7853);
#7855=CARTESIAN_POINT('',(9.75E-1,4.4E0,1.638297677040E-1));
#7856=VERTEX_POINT('',#7855);
#7857=CARTESIAN_POINT('',(8.E-1,4.4E0,1.042553067207E-1));
#7858=CARTESIAN_POINT('',(8.291665554047E-1,4.4E0,1.936170399189E-1));
#7859=VERTEX_POINT('',#7857);
#7860=VERTEX_POINT('',#7858);
#7861=CARTESIAN_POINT('',(8.291665554047E-1,4.4E0,2.829787313938E-1));
#7862=VERTEX_POINT('',#7861);
#7863=CARTESIAN_POINT('',(8.E-1,4.4E0,3.723404228687E-1));
#7864=VERTEX_POINT('',#7863);
#7865=CARTESIAN_POINT('',(7.416665554047E-1,4.4E0,4.617021352053E-1));
#7866=VERTEX_POINT('',#7865);
#7867=CARTESIAN_POINT('',(6.541665554047E-1,4.4E0,5.212765961885E-1));
#7868=VERTEX_POINT('',#7867);
#7869=CARTESIAN_POINT('',(5.666665554047E-1,4.4E0,5.510638266802E-1));
#7870=VERTEX_POINT('',#7869);
#7871=CARTESIAN_POINT('',(3.625E-1,4.4E0,5.510638266802E-1));
#7872=VERTEX_POINT('',#7871);
#7873=CARTESIAN_POINT('',(2.75E-1,4.4E0,5.212765961885E-1));
#7874=VERTEX_POINT('',#7873);
#7875=CARTESIAN_POINT('',(1.875E-1,4.4E0,4.617021352053E-1));
#7876=VERTEX_POINT('',#7875);
#7877=CARTESIAN_POINT('',(1.291665554047E-1,4.4E0,3.723404228687E-1));
#7878=VERTEX_POINT('',#7877);
#7879=CARTESIAN_POINT('',(1.E-1,4.4E0,2.829787313938E-1));
#7880=VERTEX_POINT('',#7879);
#7881=CARTESIAN_POINT('',(1.E-1,4.4E0,1.936170399189E-1));
#7882=VERTEX_POINT('',#7881);
#7883=CARTESIAN_POINT('',(1.291665554047E-1,4.4E0,1.042553067207E-1));
#7884=VERTEX_POINT('',#7883);
#7885=CARTESIAN_POINT('',(1.875E-1,4.4E0,4.468084573746E-2));
#7886=VERTEX_POINT('',#7885);
#7887=CARTESIAN_POINT('',(2.75E-1,4.4E0,-1.489361524582E-2));
#7888=VERTEX_POINT('',#7887);
#7889=CARTESIAN_POINT('',(3.625E-1,4.4E0,-4.468084573746E-2));
#7890=VERTEX_POINT('',#7889);
#7891=CARTESIAN_POINT('',(5.666665554047E-1,4.4E0,-4.468084573746E-2));
#7892=VERTEX_POINT('',#7891);
#7893=CARTESIAN_POINT('',(6.541665554047E-1,4.4E0,-1.489361524582E-2));
#7894=VERTEX_POINT('',#7893);
#7895=CARTESIAN_POINT('',(7.416665554047E-1,4.4E0,4.468084573746E-2));
#7896=VERTEX_POINT('',#7895);
#7897=CARTESIAN_POINT('',(2.229166889191E0,4.4E0,4.617021352053E-1));
#7898=VERTEX_POINT('',#7897);
#7899=CARTESIAN_POINT('',(2.258333110809E0,4.4E0,3.723404228687E-1));
#7900=VERTEX_POINT('',#7899);
#7901=CARTESIAN_POINT('',(2.258333110809E0,4.4E0,2.531915009022E-1));
#7902=VERTEX_POINT('',#7901);
#7903=CARTESIAN_POINT('',(2.229166889191E0,4.4E0,1.340425372124E-1));
#7904=VERTEX_POINT('',#7903);
#7905=CARTESIAN_POINT('',(2.170833110809E0,4.4E0,4.468084573746E-2));
#7906=VERTEX_POINT('',#7905);
#7907=CARTESIAN_POINT('',(2.025E0,4.4E0,-1.489361524582E-2));
#7908=VERTEX_POINT('',#7907);
#7909=CARTESIAN_POINT('',(2.141666889191E0,4.4E0,-1.042553067207E-1));
#7910=VERTEX_POINT('',#7909);
#7911=CARTESIAN_POINT('',(2.2E0,4.4E0,-1.936169981956E-1));
#7912=VERTEX_POINT('',#7911);
#7913=CARTESIAN_POINT('',(2.229166889191E0,4.4E0,-3.127659201622E-1));
#7914=VERTEX_POINT('',#7913);
#7915=CARTESIAN_POINT('',(2.229166889191E0,4.4E0,-3.723404645920E-1));
#7916=VERTEX_POINT('',#7915);
#7917=CARTESIAN_POINT('',(2.2E0,4.4E0,-4.914893865585E-1));
#7918=VERTEX_POINT('',#7917);
#7919=CARTESIAN_POINT('',(2.083333110809E0,4.4E0,-6.106383085251E-1));
#7920=VERTEX_POINT('',#7919);
#7921=CARTESIAN_POINT('',(1.966666889191E0,4.4E0,-6.702127695084E-1));
#7922=VERTEX_POINT('',#7921);
#7923=CARTESIAN_POINT('',(1.7625E0,4.4E0,-7.E-1));
#7924=VERTEX_POINT('',#7923);
#7925=CARTESIAN_POINT('',(1.704166889191E0,4.4E0,-7.E-1));
#7926=VERTEX_POINT('',#7925);
#7927=CARTESIAN_POINT('',(1.5E0,4.4E0,-6.702127695084E-1));
#7928=VERTEX_POINT('',#7927);
#7929=CARTESIAN_POINT('',(1.383333444595E0,4.4E0,-6.106383085251E-1));
#7930=VERTEX_POINT('',#7929);
#7931=CARTESIAN_POINT('',(1.266666555405E0,4.4E0,-4.914893865585E-1));
#7932=VERTEX_POINT('',#7931);
#7933=CARTESIAN_POINT('',(1.2375E0,4.4E0,-3.723404645920E-1));
#7934=VERTEX_POINT('',#7933);
#7935=CARTESIAN_POINT('',(1.383333444595E0,4.4E0,-3.723404645920E-1));
#7936=VERTEX_POINT('',#7935);
#7937=CARTESIAN_POINT('',(1.441666555405E0,4.4E0,-4.617021560669E-1));
#7938=VERTEX_POINT('',#7937);
#7939=CARTESIAN_POINT('',(1.529166889191E0,4.4E0,-5.212766170502E-1));
#7940=VERTEX_POINT('',#7939);
#7941=CARTESIAN_POINT('',(1.675E0,4.4E0,-5.510638475418E-1));
#7942=VERTEX_POINT('',#7941);
#7943=CARTESIAN_POINT('',(1.791666889191E0,4.4E0,-5.510638475418E-1));
#7944=VERTEX_POINT('',#7943);
#7945=CARTESIAN_POINT('',(1.9375E0,4.4E0,-5.212766170502E-1));
#7946=VERTEX_POINT('',#7945);
#7947=CARTESIAN_POINT('',(2.025E0,4.4E0,-4.617021560669E-1));
#7948=VERTEX_POINT('',#7947);
#7949=CARTESIAN_POINT('',(2.083333110809E0,4.4E0,-3.723404645920E-1));
#7950=VERTEX_POINT('',#7949);
#7951=CARTESIAN_POINT('',(2.083333110809E0,4.4E0,-3.127659201622E-1));
#7952=VERTEX_POINT('',#7951);
#7953=CARTESIAN_POINT('',(2.025E0,4.4E0,-1.936169981956E-1));
#7954=VERTEX_POINT('',#7953);
#7955=CARTESIAN_POINT('',(1.966666889191E0,4.4E0,-1.340425372124E-1));
#7956=VERTEX_POINT('',#7955);
#7957=CARTESIAN_POINT('',(1.791666889191E0,4.4E0,-7.446807622910E-2));
#7958=VERTEX_POINT('',#7957);
#7959=CARTESIAN_POINT('',(1.675E0,4.4E0,-7.446807622910E-2));
#7960=VERTEX_POINT('',#7959);
#7961=CARTESIAN_POINT('',(1.675E0,4.4E0,4.468084573746E-2));
#7962=VERTEX_POINT('',#7961);
#7963=CARTESIAN_POINT('',(1.791666889191E0,4.4E0,4.468084573746E-2));
#7964=VERTEX_POINT('',#7963);
#7965=CARTESIAN_POINT('',(1.966666889191E0,4.4E0,7.446807622910E-2));
#7966=VERTEX_POINT('',#7965);
#7967=CARTESIAN_POINT('',(2.054166889191E0,4.4E0,1.340425372124E-1));
#7968=VERTEX_POINT('',#7967);
#7969=CARTESIAN_POINT('',(2.1125E0,4.4E0,2.531915009022E-1));
#7970=VERTEX_POINT('',#7969);
#7971=CARTESIAN_POINT('',(2.1125E0,4.4E0,3.723404228687E-1));
#7972=VERTEX_POINT('',#7971);
#7973=CARTESIAN_POINT('',(2.083333110809E0,4.4E0,4.319148838520E-1));
#7974=VERTEX_POINT('',#7973);
#7975=CARTESIAN_POINT('',(2.025E0,4.4E0,4.914893656969E-1));
#7976=VERTEX_POINT('',#7975);
#7977=CARTESIAN_POINT('',(1.966666889191E0,4.4E0,5.212765961885E-1));
#7978=VERTEX_POINT('',#7977);
#7979=CARTESIAN_POINT('',(1.820833110809E0,4.4E0,5.510638266802E-1));
#7980=VERTEX_POINT('',#7979);
#7981=CARTESIAN_POINT('',(1.645833110809E0,4.4E0,5.510638266802E-1));
#7982=VERTEX_POINT('',#7981);
#7983=CARTESIAN_POINT('',(1.5E0,4.4E0,5.212765961885E-1));
#7984=VERTEX_POINT('',#7983);
#7985=CARTESIAN_POINT('',(1.441666555405E0,4.4E0,4.914893656969E-1));
#7986=VERTEX_POINT('',#7985);
#7987=CARTESIAN_POINT('',(1.383333444595E0,4.4E0,4.319148838520E-1));
#7988=VERTEX_POINT('',#7987);
#7989=CARTESIAN_POINT('',(1.354166555405E0,4.4E0,3.723404228687E-1));
#7990=VERTEX_POINT('',#7989);
#7991=CARTESIAN_POINT('',(1.208333444595E0,4.4E0,3.723404228687E-1));
#7992=VERTEX_POINT('',#7991);
#7993=CARTESIAN_POINT('',(1.2375E0,4.4E0,4.617021352053E-1));
#7994=VERTEX_POINT('',#7993);
#7995=CARTESIAN_POINT('',(1.295833444595E0,4.4E0,5.510638266802E-1));
#7996=VERTEX_POINT('',#7995);
#7997=CARTESIAN_POINT('',(1.383333444595E0,4.4E0,6.106382980943E-1));
#7998=VERTEX_POINT('',#7997);
#7999=CARTESIAN_POINT('',(1.5E0,4.4E0,6.702127669007E-1));
#8000=VERTEX_POINT('',#7999);
#8001=CARTESIAN_POINT('',(2.9E0,4.4E0,1.936170399189E-1));
#8002=CARTESIAN_POINT('',(2.9E0,4.4E0,4.468084573746E-2));
#8003=VERTEX_POINT('',#8001);
#8004=VERTEX_POINT('',#8002);
#8005=CARTESIAN_POINT('',(2.491666889191E0,4.4E0,4.468084573746E-2));
#8006=VERTEX_POINT('',#8005);
#8007=CARTESIAN_POINT('',(2.491666889191E0,4.4E0,1.936170399189E-1));
#8008=VERTEX_POINT('',#8007);
#8009=CARTESIAN_POINT('',(3.880384757729E0,-1.E-2,-6.025E0));
#8010=CARTESIAN_POINT('',(-3.880384757729E0,-1.E-2,-6.025E0));
#8011=VERTEX_POINT('',#8009);
#8012=VERTEX_POINT('',#8010);
#8013=CARTESIAN_POINT('',(-5.E0,-1.E-2,-5.725E0));
#8014=VERTEX_POINT('',#8013);
#8015=CARTESIAN_POINT('',(-5.E0,-1.E-2,-4.725E0));
#8016=VERTEX_POINT('',#8015);
#8017=CARTESIAN_POINT('',(-4.25E0,-1.E-2,-4.725E0));
#8018=VERTEX_POINT('',#8017);
#8019=CARTESIAN_POINT('',(-4.25E0,-1.E-2,6.75E-1));
#8020=VERTEX_POINT('',#8019);
#8021=CARTESIAN_POINT('',(4.25E0,-1.E-2,6.75E-1));
#8022=CARTESIAN_POINT('',(4.25E0,-1.E-2,-4.725E0));
#8023=VERTEX_POINT('',#8021);
#8024=VERTEX_POINT('',#8022);
#8025=CARTESIAN_POINT('',(5.E0,-1.E-2,-4.725E0));
#8026=VERTEX_POINT('',#8025);
#8027=CARTESIAN_POINT('',(5.E0,-1.E-2,-5.725E0));
#8028=VERTEX_POINT('',#8027);
#8029=CARTESIAN_POINT('',(3.880384757729E0,1.397E0,-6.025E0));
#8030=CARTESIAN_POINT('',(-3.880384757729E0,1.397E0,-6.025E0));
#8031=VERTEX_POINT('',#8029);
#8032=VERTEX_POINT('',#8030);
#8033=CARTESIAN_POINT('',(-5.E0,1.397E0,-5.725E0));
#8034=VERTEX_POINT('',#8033);
#8035=CARTESIAN_POINT('',(-5.E0,1.397E0,-4.725E0));
#8036=VERTEX_POINT('',#8035);
#8037=CARTESIAN_POINT('',(-4.25E0,1.397E0,-4.725E0));
#8038=VERTEX_POINT('',#8037);
#8039=CARTESIAN_POINT('',(4.25E0,1.397E0,-4.725E0));
#8040=CARTESIAN_POINT('',(5.E0,1.397E0,-4.725E0));
#8041=VERTEX_POINT('',#8039);
#8042=VERTEX_POINT('',#8040);
#8043=CARTESIAN_POINT('',(5.E0,1.397E0,-5.725E0));
#8044=VERTEX_POINT('',#8043);
#8045=CARTESIAN_POINT('',(-5.E0,0.E0,-4.725E0));
#8046=CARTESIAN_POINT('',(-4.25E0,0.E0,-4.725E0));
#8047=VERTEX_POINT('',#8045);
#8048=VERTEX_POINT('',#8046);
#8049=CARTESIAN_POINT('',(-4.25E0,0.E0,6.75E-1));
#8050=VERTEX_POINT('',#8049);
#8051=CARTESIAN_POINT('',(4.25E0,0.E0,-4.725E0));
#8052=CARTESIAN_POINT('',(4.25E0,0.E0,6.75E-1));
#8053=VERTEX_POINT('',#8051);
#8054=VERTEX_POINT('',#8052);
#8055=CARTESIAN_POINT('',(5.E0,0.E0,-4.725E0));
#8056=VERTEX_POINT('',#8055);
#8057=CARTESIAN_POINT('',(-5.E0,1.37E0,-4.725E0));
#8058=VERTEX_POINT('',#8057);
#8059=CARTESIAN_POINT('',(5.E0,1.37E0,-4.725E0));
#8060=VERTEX_POINT('',#8059);
#8061=CARTESIAN_POINT('',(-4.25E0,1.397E0,-4.723217821782E0));
#8062=CARTESIAN_POINT('',(4.25E0,1.397E0,-4.723217821782E0));
#8063=VERTEX_POINT('',#8061);
#8064=VERTEX_POINT('',#8062);
#8065=CARTESIAN_POINT('',(-4.25E0,1.37E0,-4.725E0));
#8066=VERTEX_POINT('',#8065);
#8067=CARTESIAN_POINT('',(4.25E0,1.37E0,-4.725E0));
#8068=VERTEX_POINT('',#8067);
#8069=CARTESIAN_POINT('',(4.5E-1,1.9E0,6.413475983199E0));
#8070=CARTESIAN_POINT('',(4.5E-1,1.569459271067E0,6.807399084404E0));
#8071=VERTEX_POINT('',#8069);
#8072=VERTEX_POINT('',#8070);
#8073=CARTESIAN_POINT('',(4.5E-1,8.163518223331E-1,6.940192246988E0));
#8074=VERTEX_POINT('',#8073);
#8075=CARTESIAN_POINT('',(4.5E-1,-1.E-2,7.925E0));
#8076=VERTEX_POINT('',#8075);
#8077=CARTESIAN_POINT('',(4.5E-1,-1.E-2,9.925E0));
#8078=VERTEX_POINT('',#8077);
#8079=CARTESIAN_POINT('',(4.5E-1,5.9E-1,9.925E0));
#8080=VERTEX_POINT('',#8079);
#8081=CARTESIAN_POINT('',(4.5E-1,5.9E-1,7.925E0));
#8082=VERTEX_POINT('',#8081);
#8083=CARTESIAN_POINT('',(4.5E-1,9.205407289332E-1,7.531076898795E0));
#8084=VERTEX_POINT('',#8083);
#8085=CARTESIAN_POINT('',(4.5E-1,1.673648177667E0,7.398283736211E0));
#8086=VERTEX_POINT('',#8085);
#8087=CARTESIAN_POINT('',(4.5E-1,2.5E0,6.413475983199E0));
#8088=VERTEX_POINT('',#8087);
#8089=CARTESIAN_POINT('',(-4.5E-1,1.9E0,6.413475983199E0));
#8090=CARTESIAN_POINT('',(-4.5E-1,1.569459271067E0,6.807399084404E0));
#8091=VERTEX_POINT('',#8089);
#8092=VERTEX_POINT('',#8090);
#8093=CARTESIAN_POINT('',(-4.5E-1,8.163518223331E-1,6.940192246988E0));
#8094=VERTEX_POINT('',#8093);
#8095=CARTESIAN_POINT('',(-4.5E-1,-1.E-2,7.925E0));
#8096=VERTEX_POINT('',#8095);
#8097=CARTESIAN_POINT('',(-4.5E-1,-1.E-2,9.925E0));
#8098=VERTEX_POINT('',#8097);
#8099=CARTESIAN_POINT('',(-4.5E-1,5.9E-1,9.925E0));
#8100=VERTEX_POINT('',#8099);
#8101=CARTESIAN_POINT('',(-4.5E-1,5.9E-1,7.925E0));
#8102=VERTEX_POINT('',#8101);
#8103=CARTESIAN_POINT('',(-4.5E-1,9.205407289332E-1,7.531076898795E0));
#8104=VERTEX_POINT('',#8103);
#8105=CARTESIAN_POINT('',(-4.5E-1,1.673648177667E0,7.398283736211E0));
#8106=VERTEX_POINT('',#8105);
#8107=CARTESIAN_POINT('',(-4.5E-1,2.5E0,6.413475983199E0));
#8108=VERTEX_POINT('',#8107);
#8109=CARTESIAN_POINT('',(4.5E-1,1.9E0,4.725E0));
#8110=CARTESIAN_POINT('',(4.5E-1,2.5E0,4.725E0));
#8111=VERTEX_POINT('',#8109);
#8112=VERTEX_POINT('',#8110);
#8113=CARTESIAN_POINT('',(-4.5E-1,1.9E0,4.725E0));
#8114=CARTESIAN_POINT('',(-4.5E-1,2.5E0,4.725E0));
#8115=VERTEX_POINT('',#8113);
#8116=VERTEX_POINT('',#8114);
#8117=CARTESIAN_POINT('',(2.15E0,1.9E0,6.413475983199E0));
#8118=CARTESIAN_POINT('',(2.15E0,1.569459271067E0,6.807399084404E0));
#8119=VERTEX_POINT('',#8117);
#8120=VERTEX_POINT('',#8118);
#8121=CARTESIAN_POINT('',(2.15E0,8.163518223331E-1,6.940192246988E0));
#8122=VERTEX_POINT('',#8121);
#8123=CARTESIAN_POINT('',(2.15E0,-1.E-2,7.925E0));
#8124=VERTEX_POINT('',#8123);
#8125=CARTESIAN_POINT('',(2.15E0,-1.E-2,9.925E0));
#8126=VERTEX_POINT('',#8125);
#8127=CARTESIAN_POINT('',(2.15E0,5.9E-1,9.925E0));
#8128=VERTEX_POINT('',#8127);
#8129=CARTESIAN_POINT('',(2.15E0,5.9E-1,7.925E0));
#8130=VERTEX_POINT('',#8129);
#8131=CARTESIAN_POINT('',(2.15E0,9.205407289332E-1,7.531076898795E0));
#8132=VERTEX_POINT('',#8131);
#8133=CARTESIAN_POINT('',(2.15E0,1.673648177667E0,7.398283736211E0));
#8134=VERTEX_POINT('',#8133);
#8135=CARTESIAN_POINT('',(2.15E0,2.5E0,6.413475983199E0));
#8136=VERTEX_POINT('',#8135);
#8137=CARTESIAN_POINT('',(1.25E0,1.9E0,6.413475983199E0));
#8138=CARTESIAN_POINT('',(1.25E0,1.569459271067E0,6.807399084404E0));
#8139=VERTEX_POINT('',#8137);
#8140=VERTEX_POINT('',#8138);
#8141=CARTESIAN_POINT('',(1.25E0,8.163518223331E-1,6.940192246988E0));
#8142=VERTEX_POINT('',#8141);
#8143=CARTESIAN_POINT('',(1.25E0,-1.E-2,7.925E0));
#8144=VERTEX_POINT('',#8143);
#8145=CARTESIAN_POINT('',(1.25E0,-1.E-2,9.925E0));
#8146=VERTEX_POINT('',#8145);
#8147=CARTESIAN_POINT('',(1.25E0,5.9E-1,9.925E0));
#8148=VERTEX_POINT('',#8147);
#8149=CARTESIAN_POINT('',(1.25E0,5.9E-1,7.925E0));
#8150=VERTEX_POINT('',#8149);
#8151=CARTESIAN_POINT('',(1.25E0,9.205407289332E-1,7.531076898795E0));
#8152=VERTEX_POINT('',#8151);
#8153=CARTESIAN_POINT('',(1.25E0,1.673648177667E0,7.398283736211E0));
#8154=VERTEX_POINT('',#8153);
#8155=CARTESIAN_POINT('',(1.25E0,2.5E0,6.413475983199E0));
#8156=VERTEX_POINT('',#8155);
#8157=CARTESIAN_POINT('',(2.15E0,1.9E0,4.725E0));
#8158=CARTESIAN_POINT('',(2.15E0,2.5E0,4.725E0));
#8159=VERTEX_POINT('',#8157);
#8160=VERTEX_POINT('',#8158);
#8161=CARTESIAN_POINT('',(1.25E0,1.9E0,4.725E0));
#8162=CARTESIAN_POINT('',(1.25E0,2.5E0,4.725E0));
#8163=VERTEX_POINT('',#8161);
#8164=VERTEX_POINT('',#8162);
#8165=CARTESIAN_POINT('',(3.85E0,1.9E0,6.413475983199E0));
#8166=CARTESIAN_POINT('',(3.85E0,1.569459271067E0,6.807399084404E0));
#8167=VERTEX_POINT('',#8165);
#8168=VERTEX_POINT('',#8166);
#8169=CARTESIAN_POINT('',(3.85E0,8.163518223331E-1,6.940192246988E0));
#8170=VERTEX_POINT('',#8169);
#8171=CARTESIAN_POINT('',(3.85E0,-1.E-2,7.925E0));
#8172=VERTEX_POINT('',#8171);
#8173=CARTESIAN_POINT('',(3.85E0,-1.E-2,9.925E0));
#8174=VERTEX_POINT('',#8173);
#8175=CARTESIAN_POINT('',(3.85E0,5.9E-1,9.925E0));
#8176=VERTEX_POINT('',#8175);
#8177=CARTESIAN_POINT('',(3.85E0,5.9E-1,7.925E0));
#8178=VERTEX_POINT('',#8177);
#8179=CARTESIAN_POINT('',(3.85E0,9.205407289332E-1,7.531076898795E0));
#8180=VERTEX_POINT('',#8179);
#8181=CARTESIAN_POINT('',(3.85E0,1.673648177667E0,7.398283736211E0));
#8182=VERTEX_POINT('',#8181);
#8183=CARTESIAN_POINT('',(3.85E0,2.5E0,6.413475983199E0));
#8184=VERTEX_POINT('',#8183);
#8185=CARTESIAN_POINT('',(2.95E0,1.9E0,6.413475983199E0));
#8186=CARTESIAN_POINT('',(2.95E0,1.569459271067E0,6.807399084404E0));
#8187=VERTEX_POINT('',#8185);
#8188=VERTEX_POINT('',#8186);
#8189=CARTESIAN_POINT('',(2.95E0,8.163518223331E-1,6.940192246988E0));
#8190=VERTEX_POINT('',#8189);
#8191=CARTESIAN_POINT('',(2.95E0,-1.E-2,7.925E0));
#8192=VERTEX_POINT('',#8191);
#8193=CARTESIAN_POINT('',(2.95E0,-1.E-2,9.925E0));
#8194=VERTEX_POINT('',#8193);
#8195=CARTESIAN_POINT('',(2.95E0,5.9E-1,9.925E0));
#8196=VERTEX_POINT('',#8195);
#8197=CARTESIAN_POINT('',(2.95E0,5.9E-1,7.925E0));
#8198=VERTEX_POINT('',#8197);
#8199=CARTESIAN_POINT('',(2.95E0,9.205407289332E-1,7.531076898795E0));
#8200=VERTEX_POINT('',#8199);
#8201=CARTESIAN_POINT('',(2.95E0,1.673648177667E0,7.398283736211E0));
#8202=VERTEX_POINT('',#8201);
#8203=CARTESIAN_POINT('',(2.95E0,2.5E0,6.413475983199E0));
#8204=VERTEX_POINT('',#8203);
#8205=CARTESIAN_POINT('',(2.95E0,1.9E0,4.725E0));
#8206=CARTESIAN_POINT('',(2.95E0,2.5E0,4.725E0));
#8207=VERTEX_POINT('',#8205);
#8208=VERTEX_POINT('',#8206);
#8209=CARTESIAN_POINT('',(3.85E0,1.9E0,4.725E0));
#8210=VERTEX_POINT('',#8209);
#8211=CARTESIAN_POINT('',(3.85E0,2.5E0,4.725E0));
#8212=VERTEX_POINT('',#8211);
#8213=CARTESIAN_POINT('',(-3.4E0,-1.E-2,1.525E0));
#8214=VERTEX_POINT('',#8213);
#8215=CARTESIAN_POINT('',(-7.5E-1,-1.E-2,1.525E0));
#8216=VERTEX_POINT('',#8215);
#8217=CARTESIAN_POINT('',(-7.5E-1,-1.E-2,2.025E0));
#8218=VERTEX_POINT('',#8217);
#8219=CARTESIAN_POINT('',(7.5E-1,-1.E-2,2.025E0));
#8220=VERTEX_POINT('',#8219);
#8221=CARTESIAN_POINT('',(7.5E-1,-1.E-2,1.525E0));
#8222=VERTEX_POINT('',#8221);
#8223=CARTESIAN_POINT('',(3.4E0,-1.E-2,1.525E0));
#8224=VERTEX_POINT('',#8223);
#8225=CARTESIAN_POINT('',(-3.4E0,0.E0,1.525E0));
#8226=VERTEX_POINT('',#8225);
#8227=CARTESIAN_POINT('',(-7.5E-1,0.E0,1.525E0));
#8228=VERTEX_POINT('',#8227);
#8229=CARTESIAN_POINT('',(-7.5E-1,0.E0,2.025E0));
#8230=VERTEX_POINT('',#8229);
#8231=CARTESIAN_POINT('',(7.5E-1,0.E0,2.025E0));
#8232=VERTEX_POINT('',#8231);
#8233=CARTESIAN_POINT('',(7.5E-1,0.E0,1.525E0));
#8234=VERTEX_POINT('',#8233);
#8235=CARTESIAN_POINT('',(3.4E0,0.E0,1.525E0));
#8236=VERTEX_POINT('',#8235);
#8237=CARTESIAN_POINT('',(3.3375E0,4.38E0,7.446807622910E-2));
#8238=CARTESIAN_POINT('',(3.454166889191E0,4.38E0,-1.489361524582E-2));
#8239=VERTEX_POINT('',#8237);
#8240=VERTEX_POINT('',#8238);
#8241=CARTESIAN_POINT('',(3.570833110809E0,4.38E0,-4.468084573746E-2));
#8242=VERTEX_POINT('',#8241);
#8243=CARTESIAN_POINT('',(3.745833110809E0,4.38E0,-4.468084573746E-2));
#8244=VERTEX_POINT('',#8243);
#8245=CARTESIAN_POINT('',(3.8625E0,4.38E0,-1.489361524582E-2));
#8246=VERTEX_POINT('',#8245);
#8247=CARTESIAN_POINT('',(3.95E0,4.38E0,4.468084573746E-2));
#8248=VERTEX_POINT('',#8247);
#8249=CARTESIAN_POINT('',(4.008333110809E0,4.38E0,1.340425372124E-1));
#8250=VERTEX_POINT('',#8249);
#8251=CARTESIAN_POINT('',(4.0375E0,4.38E0,2.234042704105E-1));
#8252=VERTEX_POINT('',#8251);
#8253=CARTESIAN_POINT('',(4.0375E0,4.38E0,2.829787313938E-1));
#8254=VERTEX_POINT('',#8253);
#8255=CARTESIAN_POINT('',(4.008333110809E0,4.38E0,3.723404228687E-1));
#8256=VERTEX_POINT('',#8255);
#8257=CARTESIAN_POINT('',(3.95E0,4.38E0,4.617021352053E-1));
#8258=VERTEX_POINT('',#8257);
#8259=CARTESIAN_POINT('',(3.8625E0,4.38E0,5.212765961885E-1));
#8260=VERTEX_POINT('',#8259);
#8261=CARTESIAN_POINT('',(3.745833110809E0,4.38E0,5.510638266802E-1));
#8262=VERTEX_POINT('',#8261);
#8263=CARTESIAN_POINT('',(3.570833110809E0,4.38E0,5.510638266802E-1));
#8264=VERTEX_POINT('',#8263);
#8265=CARTESIAN_POINT('',(3.454166889191E0,4.38E0,5.212765961885E-1));
#8266=VERTEX_POINT('',#8265);
#8267=CARTESIAN_POINT('',(3.366666889191E0,4.38E0,4.617021352053E-1));
#8268=VERTEX_POINT('',#8267);
#8269=CARTESIAN_POINT('',(3.308333110809E0,4.38E0,3.425531923771E-1));
#8270=VERTEX_POINT('',#8269);
#8271=CARTESIAN_POINT('',(3.133333110809E0,4.38E0,3.425531923771E-1));
#8272=VERTEX_POINT('',#8271);
#8273=CARTESIAN_POINT('',(3.191666889191E0,4.38E0,4.617021352053E-1));
#8274=VERTEX_POINT('',#8273);
#8275=CARTESIAN_POINT('',(3.279166889191E0,4.38E0,5.808510676026E-1));
#8276=VERTEX_POINT('',#8275);
#8277=CARTESIAN_POINT('',(3.425E0,4.38E0,6.702127669007E-1));
#8278=VERTEX_POINT('',#8277);
#8279=CARTESIAN_POINT('',(3.570833110809E0,4.38E0,7.E-1));
#8280=VERTEX_POINT('',#8279);
#8281=CARTESIAN_POINT('',(3.745833110809E0,4.38E0,7.E-1));
#8282=VERTEX_POINT('',#8281);
#8283=CARTESIAN_POINT('',(3.891666889191E0,4.38E0,6.702127669007E-1));
#8284=VERTEX_POINT('',#8283);
#8285=CARTESIAN_POINT('',(4.0375E0,4.38E0,5.808510676026E-1));
#8286=VERTEX_POINT('',#8285);
#8287=CARTESIAN_POINT('',(4.125E0,4.38E0,4.617021352053E-1));
#8288=VERTEX_POINT('',#8287);
#8289=CARTESIAN_POINT('',(4.183333110809E0,4.38E0,3.127659618855E-1));
#8290=VERTEX_POINT('',#8289);
#8291=CARTESIAN_POINT('',(4.183333110809E0,4.38E0,1.936170399189E-1));
#8292=VERTEX_POINT('',#8291);
#8293=CARTESIAN_POINT('',(4.125E0,4.38E0,4.468084573746E-2));
#8294=VERTEX_POINT('',#8293);
#8295=CARTESIAN_POINT('',(4.0375E0,4.38E0,-7.446807622910E-2));
#8296=VERTEX_POINT('',#8295);
#8297=CARTESIAN_POINT('',(3.891666889191E0,4.38E0,-1.638297677040E-1));
#8298=VERTEX_POINT('',#8297);
#8299=CARTESIAN_POINT('',(3.745833110809E0,4.38E0,-1.936169981956E-1));
#8300=VERTEX_POINT('',#8299);
#8301=CARTESIAN_POINT('',(3.570833110809E0,4.38E0,-1.936169981956E-1));
#8302=VERTEX_POINT('',#8301);
#8303=CARTESIAN_POINT('',(3.425E0,4.38E0,-1.638297677040E-1));
#8304=VERTEX_POINT('',#8303);
#8305=CARTESIAN_POINT('',(3.279166889191E0,4.38E0,-7.446807622910E-2));
#8306=VERTEX_POINT('',#8305);
#8307=CARTESIAN_POINT('',(3.279166889191E0,4.38E0,-5.510638475418E-1));
#8308=VERTEX_POINT('',#8307);
#8309=CARTESIAN_POINT('',(4.125E0,4.38E0,-5.510638475418E-1));
#8310=VERTEX_POINT('',#8309);
#8311=CARTESIAN_POINT('',(4.125E0,4.38E0,-7.E-1));
#8312=VERTEX_POINT('',#8311);
#8313=CARTESIAN_POINT('',(3.133333110809E0,4.38E0,-7.E-1));
#8314=VERTEX_POINT('',#8313);
#8315=CARTESIAN_POINT('',(3.133333110809E0,4.38E0,7.446807622910E-2));
#8316=VERTEX_POINT('',#8315);
#8317=CARTESIAN_POINT('',(3.3375E0,4.4E0,7.446807622910E-2));
#8318=CARTESIAN_POINT('',(3.454166889191E0,4.4E0,-1.489361524582E-2));
#8319=VERTEX_POINT('',#8317);
#8320=VERTEX_POINT('',#8318);
#8321=CARTESIAN_POINT('',(3.570833110809E0,4.4E0,-4.468084573746E-2));
#8322=VERTEX_POINT('',#8321);
#8323=CARTESIAN_POINT('',(3.745833110809E0,4.4E0,-4.468084573746E-2));
#8324=VERTEX_POINT('',#8323);
#8325=CARTESIAN_POINT('',(3.8625E0,4.4E0,-1.489361524582E-2));
#8326=VERTEX_POINT('',#8325);
#8327=CARTESIAN_POINT('',(3.95E0,4.4E0,4.468084573746E-2));
#8328=VERTEX_POINT('',#8327);
#8329=CARTESIAN_POINT('',(4.008333110809E0,4.4E0,1.340425372124E-1));
#8330=VERTEX_POINT('',#8329);
#8331=CARTESIAN_POINT('',(4.0375E0,4.4E0,2.234042704105E-1));
#8332=VERTEX_POINT('',#8331);
#8333=CARTESIAN_POINT('',(4.0375E0,4.4E0,2.829787313938E-1));
#8334=VERTEX_POINT('',#8333);
#8335=CARTESIAN_POINT('',(4.008333110809E0,4.4E0,3.723404228687E-1));
#8336=VERTEX_POINT('',#8335);
#8337=CARTESIAN_POINT('',(3.95E0,4.4E0,4.617021352053E-1));
#8338=VERTEX_POINT('',#8337);
#8339=CARTESIAN_POINT('',(3.8625E0,4.4E0,5.212765961885E-1));
#8340=VERTEX_POINT('',#8339);
#8341=CARTESIAN_POINT('',(3.745833110809E0,4.4E0,5.510638266802E-1));
#8342=VERTEX_POINT('',#8341);
#8343=CARTESIAN_POINT('',(3.570833110809E0,4.4E0,5.510638266802E-1));
#8344=VERTEX_POINT('',#8343);
#8345=CARTESIAN_POINT('',(3.454166889191E0,4.4E0,5.212765961885E-1));
#8346=VERTEX_POINT('',#8345);
#8347=CARTESIAN_POINT('',(3.366666889191E0,4.4E0,4.617021352053E-1));
#8348=VERTEX_POINT('',#8347);
#8349=CARTESIAN_POINT('',(3.308333110809E0,4.4E0,3.425531923771E-1));
#8350=VERTEX_POINT('',#8349);
#8351=CARTESIAN_POINT('',(3.133333110809E0,4.4E0,3.425531923771E-1));
#8352=VERTEX_POINT('',#8351);
#8353=CARTESIAN_POINT('',(3.191666889191E0,4.4E0,4.617021352053E-1));
#8354=VERTEX_POINT('',#8353);
#8355=CARTESIAN_POINT('',(3.279166889191E0,4.4E0,5.808510676026E-1));
#8356=VERTEX_POINT('',#8355);
#8357=CARTESIAN_POINT('',(3.425E0,4.4E0,6.702127669007E-1));
#8358=VERTEX_POINT('',#8357);
#8359=CARTESIAN_POINT('',(3.570833110809E0,4.4E0,7.E-1));
#8360=VERTEX_POINT('',#8359);
#8361=CARTESIAN_POINT('',(3.745833110809E0,4.4E0,7.E-1));
#8362=VERTEX_POINT('',#8361);
#8363=CARTESIAN_POINT('',(3.891666889191E0,4.4E0,6.702127669007E-1));
#8364=VERTEX_POINT('',#8363);
#8365=CARTESIAN_POINT('',(4.0375E0,4.4E0,5.808510676026E-1));
#8366=VERTEX_POINT('',#8365);
#8367=CARTESIAN_POINT('',(4.125E0,4.4E0,4.617021352053E-1));
#8368=VERTEX_POINT('',#8367);
#8369=CARTESIAN_POINT('',(4.183333110809E0,4.4E0,3.127659618855E-1));
#8370=VERTEX_POINT('',#8369);
#8371=CARTESIAN_POINT('',(4.183333110809E0,4.4E0,1.936170399189E-1));
#8372=VERTEX_POINT('',#8371);
#8373=CARTESIAN_POINT('',(4.125E0,4.4E0,4.468084573746E-2));
#8374=VERTEX_POINT('',#8373);
#8375=CARTESIAN_POINT('',(4.0375E0,4.4E0,-7.446807622910E-2));
#8376=VERTEX_POINT('',#8375);
#8377=CARTESIAN_POINT('',(3.891666889191E0,4.4E0,-1.638297677040E-1));
#8378=VERTEX_POINT('',#8377);
#8379=CARTESIAN_POINT('',(3.745833110809E0,4.4E0,-1.936169981956E-1));
#8380=VERTEX_POINT('',#8379);
#8381=CARTESIAN_POINT('',(3.570833110809E0,4.4E0,-1.936169981956E-1));
#8382=VERTEX_POINT('',#8381);
#8383=CARTESIAN_POINT('',(3.425E0,4.4E0,-1.638297677040E-1));
#8384=VERTEX_POINT('',#8383);
#8385=CARTESIAN_POINT('',(3.279166889191E0,4.4E0,-7.446807622910E-2));
#8386=VERTEX_POINT('',#8385);
#8387=CARTESIAN_POINT('',(3.279166889191E0,4.4E0,-5.510638475418E-1));
#8388=VERTEX_POINT('',#8387);
#8389=CARTESIAN_POINT('',(4.125E0,4.4E0,-5.510638475418E-1));
#8390=VERTEX_POINT('',#8389);
#8391=CARTESIAN_POINT('',(4.125E0,4.4E0,-7.E-1));
#8392=VERTEX_POINT('',#8391);
#8393=CARTESIAN_POINT('',(3.133333110809E0,4.4E0,-7.E-1));
#8394=VERTEX_POINT('',#8393);
#8395=CARTESIAN_POINT('',(3.133333110809E0,4.4E0,7.446807622910E-2));
#8396=VERTEX_POINT('',#8395);
#8397=CARTESIAN_POINT('',(0.E0,0.E0,0.E0));
#8398=DIRECTION('',(0.E0,1.E0,0.E0));
#8399=DIRECTION('',(1.E0,0.E0,0.E0));
#8400=AXIS2_PLACEMENT_3D('',#8397,#8398,#8399);
#8401=PLANE('',#8400);
#8403=ORIENTED_EDGE('',*,*,#8402,.F.);
#8405=ORIENTED_EDGE('',*,*,#8404,.T.);
#8407=ORIENTED_EDGE('',*,*,#8406,.T.);
#8409=ORIENTED_EDGE('',*,*,#8408,.F.);
#8411=ORIENTED_EDGE('',*,*,#8410,.T.);
#8413=ORIENTED_EDGE('',*,*,#8412,.T.);
#8415=ORIENTED_EDGE('',*,*,#8414,.F.);
#8417=ORIENTED_EDGE('',*,*,#8416,.T.);
#8419=ORIENTED_EDGE('',*,*,#8418,.F.);
#8421=ORIENTED_EDGE('',*,*,#8420,.F.);
#8423=ORIENTED_EDGE('',*,*,#8422,.F.);
#8425=ORIENTED_EDGE('',*,*,#8424,.F.);
#8427=ORIENTED_EDGE('',*,*,#8426,.F.);
#8429=ORIENTED_EDGE('',*,*,#8428,.F.);
#8431=ORIENTED_EDGE('',*,*,#8430,.F.);
#8433=ORIENTED_EDGE('',*,*,#8432,.F.);
#8434=EDGE_LOOP('',(#8403,#8405,#8407,#8409,#8411,#8413,#8415,#8417,#8419,#8421,
#8423,#8425,#8427,#8429,#8431,#8433));
#8435=FACE_OUTER_BOUND('',#8434,.F.);
#8436=ADVANCED_FACE('',(#8435),#8401,.F.);
#8437=FILL_AREA_STYLE_COLOUR('',#3);
#8438=FILL_AREA_STYLE('',(#8437));
#8439=SURFACE_STYLE_FILL_AREA(#8438);
#8440=SURFACE_SIDE_STYLE('',(#8439));
#8441=SURFACE_STYLE_USAGE(.POSITIVE.,#8440);
#8442=FILL_AREA_STYLE_COLOUR('',#13);
#8443=FILL_AREA_STYLE('',(#8442));
#8444=SURFACE_STYLE_FILL_AREA(#8443);
#8445=SURFACE_SIDE_STYLE('',(#8444));
#8446=SURFACE_STYLE_USAGE(.NEGATIVE.,#8445);
#8447=PRESENTATION_STYLE_ASSIGNMENT((#8441,#8446));
#8448=OVER_RIDING_STYLED_ITEM('',(#8447),#8436,#14);
#8449=CARTESIAN_POINT('',(-5.E0,-1.E-2,-4.725E0));
#8450=DIRECTION('',(0.E0,0.E0,1.E0));
#8451=DIRECTION('',(1.E0,0.E0,0.E0));
#8452=AXIS2_PLACEMENT_3D('',#8449,#8450,#8451);
#8453=PLANE('',#8452);
#8454=ORIENTED_EDGE('',*,*,#8402,.T.);
#8456=ORIENTED_EDGE('',*,*,#8455,.F.);
#8458=ORIENTED_EDGE('',*,*,#8457,.F.);
#8460=ORIENTED_EDGE('',*,*,#8459,.T.);
#8461=EDGE_LOOP('',(#8454,#8456,#8458,#8460));
#8462=FACE_OUTER_BOUND('',#8461,.F.);
#8463=ADVANCED_FACE('',(#8462),#8453,.T.);
#8464=CARTESIAN_POINT('',(-5.E0,-1.E-2,-4.725E0));
#8465=DIRECTION('',(0.E0,0.E0,1.E0));
#8466=DIRECTION('',(1.E0,0.E0,0.E0));
#8467=AXIS2_PLACEMENT_3D('',#8464,#8465,#8466);
#8468=PLANE('',#8467);
#8470=ORIENTED_EDGE('',*,*,#8469,.F.);
#8472=ORIENTED_EDGE('',*,*,#8471,.T.);
#8474=ORIENTED_EDGE('',*,*,#8473,.T.);
#8476=ORIENTED_EDGE('',*,*,#8475,.F.);
#8477=EDGE_LOOP('',(#8470,#8472,#8474,#8476));
#8478=FACE_OUTER_BOUND('',#8477,.F.);
#8479=ADVANCED_FACE('',(#8478),#8468,.T.);
#8480=CARTESIAN_POINT('',(-4.25E0,-1.E-2,-4.725E0));
#8481=DIRECTION('',(-1.E0,0.E0,0.E0));
#8482=DIRECTION('',(0.E0,0.E0,1.E0));
#8483=AXIS2_PLACEMENT_3D('',#8480,#8481,#8482);
#8484=PLANE('',#8483);
#8485=ORIENTED_EDGE('',*,*,#8432,.T.);
#8487=ORIENTED_EDGE('',*,*,#8486,.F.);
#8489=ORIENTED_EDGE('',*,*,#8488,.F.);
#8490=ORIENTED_EDGE('',*,*,#8455,.T.);
#8491=EDGE_LOOP('',(#8485,#8487,#8489,#8490));
#8492=FACE_OUTER_BOUND('',#8491,.F.);
#8493=ADVANCED_FACE('',(#8492),#8484,.T.);
#8494=CARTESIAN_POINT('',(-4.25E0,-1.E-2,-4.725E0));
#8495=DIRECTION('',(-1.E0,0.E0,0.E0));
#8496=DIRECTION('',(0.E0,0.E0,1.E0));
#8497=AXIS2_PLACEMENT_3D('',#8494,#8495,#8496);
#8498=PLANE('',#8497);
#8500=ORIENTED_EDGE('',*,*,#8499,.F.);
#8501=ORIENTED_EDGE('',*,*,#8475,.T.);
#8503=ORIENTED_EDGE('',*,*,#8502,.T.);
#8504=EDGE_LOOP('',(#8500,#8501,#8503));
#8505=FACE_OUTER_BOUND('',#8504,.F.);
#8506=ADVANCED_FACE('',(#8505),#8498,.T.);
#8507=CARTESIAN_POINT('',(-4.25E0,-1.E-2,6.75E-1));
#8508=DIRECTION('',(-7.071067811865E-1,0.E0,7.071067811865E-1));
#8509=DIRECTION('',(7.071067811865E-1,0.E0,7.071067811865E-1));
#8510=AXIS2_PLACEMENT_3D('',#8507,#8508,#8509);
#8511=PLANE('',#8510);
#8512=ORIENTED_EDGE('',*,*,#8430,.T.);
#8514=ORIENTED_EDGE('',*,*,#8513,.F.);
#8516=ORIENTED_EDGE('',*,*,#8515,.F.);
#8517=ORIENTED_EDGE('',*,*,#8486,.T.);
#8518=EDGE_LOOP('',(#8512,#8514,#8516,#8517));
#8519=FACE_OUTER_BOUND('',#8518,.F.);
#8520=ADVANCED_FACE('',(#8519),#8511,.T.);
#8521=CARTESIAN_POINT('',(-3.4E0,-1.E-2,1.525E0));
#8522=DIRECTION('',(0.E0,0.E0,1.E0));
#8523=DIRECTION('',(1.E0,0.E0,0.E0));
#8524=AXIS2_PLACEMENT_3D('',#8521,#8522,#8523);
#8525=PLANE('',#8524);
#8526=ORIENTED_EDGE('',*,*,#8428,.T.);
#8528=ORIENTED_EDGE('',*,*,#8527,.F.);
#8530=ORIENTED_EDGE('',*,*,#8529,.F.);
#8531=ORIENTED_EDGE('',*,*,#8513,.T.);
#8532=EDGE_LOOP('',(#8526,#8528,#8530,#8531));
#8533=FACE_OUTER_BOUND('',#8532,.F.);
#8534=ADVANCED_FACE('',(#8533),#8525,.T.);
#8535=CARTESIAN_POINT('',(-7.5E-1,-1.E-2,1.525E0));
#8536=DIRECTION('',(-1.E0,0.E0,0.E0));
#8537=DIRECTION('',(0.E0,0.E0,1.E0));
#8538=AXIS2_PLACEMENT_3D('',#8535,#8536,#8537);
#8539=PLANE('',#8538);
#8540=ORIENTED_EDGE('',*,*,#8426,.T.);
#8542=ORIENTED_EDGE('',*,*,#8541,.F.);
#8544=ORIENTED_EDGE('',*,*,#8543,.F.);
#8545=ORIENTED_EDGE('',*,*,#8527,.T.);
#8546=EDGE_LOOP('',(#8540,#8542,#8544,#8545));
#8547=FACE_OUTER_BOUND('',#8546,.F.);
#8548=ADVANCED_FACE('',(#8547),#8539,.T.);
#8549=CARTESIAN_POINT('',(-7.5E-1,-1.E-2,2.025E0));
#8550=DIRECTION('',(0.E0,0.E0,1.E0));
#8551=DIRECTION('',(1.E0,0.E0,0.E0));
#8552=AXIS2_PLACEMENT_3D('',#8549,#8550,#8551);
#8553=PLANE('',#8552);
#8554=ORIENTED_EDGE('',*,*,#8424,.T.);
#8556=ORIENTED_EDGE('',*,*,#8555,.F.);
#8558=ORIENTED_EDGE('',*,*,#8557,.F.);
#8559=ORIENTED_EDGE('',*,*,#8541,.T.);
#8560=EDGE_LOOP('',(#8554,#8556,#8558,#8559));
#8561=FACE_OUTER_BOUND('',#8560,.F.);
#8562=ADVANCED_FACE('',(#8561),#8553,.T.);
#8563=CARTESIAN_POINT('',(7.5E-1,-1.E-2,2.025E0));
#8564=DIRECTION('',(1.E0,0.E0,0.E0));
#8565=DIRECTION('',(0.E0,0.E0,-1.E0));
#8566=AXIS2_PLACEMENT_3D('',#8563,#8564,#8565);
#8567=PLANE('',#8566);
#8568=ORIENTED_EDGE('',*,*,#8422,.T.);
#8570=ORIENTED_EDGE('',*,*,#8569,.F.);
#8572=ORIENTED_EDGE('',*,*,#8571,.F.);
#8573=ORIENTED_EDGE('',*,*,#8555,.T.);
#8574=EDGE_LOOP('',(#8568,#8570,#8572,#8573));
#8575=FACE_OUTER_BOUND('',#8574,.F.);
#8576=ADVANCED_FACE('',(#8575),#8567,.T.);
#8577=CARTESIAN_POINT('',(7.5E-1,-1.E-2,1.525E0));
#8578=DIRECTION('',(0.E0,0.E0,1.E0));
#8579=DIRECTION('',(1.E0,0.E0,0.E0));
#8580=AXIS2_PLACEMENT_3D('',#8577,#8578,#8579);
#8581=PLANE('',#8580);
#8582=ORIENTED_EDGE('',*,*,#8420,.T.);
#8584=ORIENTED_EDGE('',*,*,#8583,.F.);
#8586=ORIENTED_EDGE('',*,*,#8585,.F.);
#8587=ORIENTED_EDGE('',*,*,#8569,.T.);
#8588=EDGE_LOOP('',(#8582,#8584,#8586,#8587));
#8589=FACE_OUTER_BOUND('',#8588,.F.);
#8590=ADVANCED_FACE('',(#8589),#8581,.T.);
#8591=CARTESIAN_POINT('',(3.4E0,-1.E-2,1.525E0));
#8592=DIRECTION('',(7.071067811865E-1,0.E0,7.071067811865E-1));
#8593=DIRECTION('',(7.071067811865E-1,0.E0,-7.071067811865E-1));
#8594=AXIS2_PLACEMENT_3D('',#8591,#8592,#8593);
#8595=PLANE('',#8594);
#8596=ORIENTED_EDGE('',*,*,#8418,.T.);
#8598=ORIENTED_EDGE('',*,*,#8597,.F.);
#8600=ORIENTED_EDGE('',*,*,#8599,.F.);
#8601=ORIENTED_EDGE('',*,*,#8583,.T.);
#8602=EDGE_LOOP('',(#8596,#8598,#8600,#8601));
#8603=FACE_OUTER_BOUND('',#8602,.F.);
#8604=ADVANCED_FACE('',(#8603),#8595,.T.);
#8605=CARTESIAN_POINT('',(4.25E0,-1.E-2,6.75E-1));
#8606=DIRECTION('',(1.E0,0.E0,0.E0));
#8607=DIRECTION('',(0.E0,0.E0,-1.E0));
#8608=AXIS2_PLACEMENT_3D('',#8605,#8606,#8607);
#8609=PLANE('',#8608);
#8610=ORIENTED_EDGE('',*,*,#8416,.F.);
#8612=ORIENTED_EDGE('',*,*,#8611,.F.);
#8614=ORIENTED_EDGE('',*,*,#8613,.F.);
#8615=ORIENTED_EDGE('',*,*,#8597,.T.);
#8616=EDGE_LOOP('',(#8610,#8612,#8614,#8615));
#8617=FACE_OUTER_BOUND('',#8616,.F.);
#8618=ADVANCED_FACE('',(#8617),#8609,.T.);
#8619=CARTESIAN_POINT('',(4.25E0,-1.E-2,6.75E-1));
#8620=DIRECTION('',(1.E0,0.E0,0.E0));
#8621=DIRECTION('',(0.E0,0.E0,-1.E0));
#8622=AXIS2_PLACEMENT_3D('',#8619,#8620,#8621);
#8623=PLANE('',#8622);
#8625=ORIENTED_EDGE('',*,*,#8624,.T.);
#8627=ORIENTED_EDGE('',*,*,#8626,.T.);
#8629=ORIENTED_EDGE('',*,*,#8628,.F.);
#8630=EDGE_LOOP('',(#8625,#8627,#8629));
#8631=FACE_OUTER_BOUND('',#8630,.F.);
#8632=ADVANCED_FACE('',(#8631),#8623,.T.);
#8633=CARTESIAN_POINT('',(4.25E0,-1.E-2,-4.725E0));
#8634=DIRECTION('',(0.E0,0.E0,1.E0));
#8635=DIRECTION('',(1.E0,0.E0,0.E0));
#8636=AXIS2_PLACEMENT_3D('',#8633,#8634,#8635);
#8637=PLANE('',#8636);
#8638=ORIENTED_EDGE('',*,*,#8414,.T.);
#8640=ORIENTED_EDGE('',*,*,#8639,.F.);
#8642=ORIENTED_EDGE('',*,*,#8641,.F.);
#8643=ORIENTED_EDGE('',*,*,#8611,.T.);
#8644=EDGE_LOOP('',(#8638,#8640,#8642,#8643));
#8645=FACE_OUTER_BOUND('',#8644,.F.);
#8646=ADVANCED_FACE('',(#8645),#8637,.T.);
#8647=CARTESIAN_POINT('',(4.25E0,-1.E-2,-4.725E0));
#8648=DIRECTION('',(0.E0,0.E0,1.E0));
#8649=DIRECTION('',(1.E0,0.E0,0.E0));
#8650=AXIS2_PLACEMENT_3D('',#8647,#8648,#8649);
#8651=PLANE('',#8650);
#8653=ORIENTED_EDGE('',*,*,#8652,.F.);
#8654=ORIENTED_EDGE('',*,*,#8628,.T.);
#8656=ORIENTED_EDGE('',*,*,#8655,.T.);
#8658=ORIENTED_EDGE('',*,*,#8657,.F.);
#8659=EDGE_LOOP('',(#8653,#8654,#8656,#8658));
#8660=FACE_OUTER_BOUND('',#8659,.F.);
#8661=ADVANCED_FACE('',(#8660),#8651,.T.);
#8662=CARTESIAN_POINT('',(5.E0,-1.E-2,-4.725E0));
#8663=DIRECTION('',(1.E0,0.E0,0.E0));
#8664=DIRECTION('',(0.E0,0.E0,-1.E0));
#8665=AXIS2_PLACEMENT_3D('',#8662,#8663,#8664);
#8666=PLANE('',#8665);
#8668=ORIENTED_EDGE('',*,*,#8667,.T.);
#8669=ORIENTED_EDGE('',*,*,#8657,.T.);
#8671=ORIENTED_EDGE('',*,*,#8670,.T.);
#8673=ORIENTED_EDGE('',*,*,#8672,.F.);
#8675=ORIENTED_EDGE('',*,*,#8674,.F.);
#8676=ORIENTED_EDGE('',*,*,#8639,.T.);
#8677=EDGE_LOOP('',(#8668,#8669,#8671,#8673,#8675,#8676));
#8678=FACE_OUTER_BOUND('',#8677,.F.);
#8679=ADVANCED_FACE('',(#8678),#8666,.T.);
#8680=CARTESIAN_POINT('',(5.1E0,0.E0,-4.725E0));
#8681=DIRECTION('',(0.E0,0.E0,-1.E0));
#8682=DIRECTION('',(-1.E0,0.E0,0.E0));
#8683=AXIS2_PLACEMENT_3D('',#8680,#8681,#8682);
#8684=PLANE('',#8683);
#8686=ORIENTED_EDGE('',*,*,#8685,.T.);
#8688=ORIENTED_EDGE('',*,*,#8687,.T.);
#8690=ORIENTED_EDGE('',*,*,#8689,.F.);
#8691=ORIENTED_EDGE('',*,*,#8404,.F.);
#8692=EDGE_LOOP('',(#8686,#8688,#8690,#8691));
#8693=FACE_OUTER_BOUND('',#8692,.F.);
#8694=ADVANCED_FACE('',(#8693),#8684,.T.);
#8695=FILL_AREA_STYLE_COLOUR('',#3);
#8696=FILL_AREA_STYLE('',(#8695));
#8697=SURFACE_STYLE_FILL_AREA(#8696);
#8698=SURFACE_SIDE_STYLE('',(#8697));
#8699=SURFACE_STYLE_USAGE(.POSITIVE.,#8698);
#8700=FILL_AREA_STYLE_COLOUR('',#13);
#8701=FILL_AREA_STYLE('',(#8700));
#8702=SURFACE_STYLE_FILL_AREA(#8701);
#8703=SURFACE_SIDE_STYLE('',(#8702));
#8704=SURFACE_STYLE_USAGE(.NEGATIVE.,#8703);
#8705=PRESENTATION_STYLE_ASSIGNMENT((#8699,#8704));
#8706=OVER_RIDING_STYLED_ITEM('',(#8705),#8694,#14);
#8707=CARTESIAN_POINT('',(5.1E0,0.E0,-4.725E0));
#8708=DIRECTION('',(0.E0,0.E0,-1.E0));
#8709=DIRECTION('',(-1.E0,0.E0,0.E0));
#8710=AXIS2_PLACEMENT_3D('',#8707,#8708,#8709);
#8711=PLANE('',#8710);
#8712=ORIENTED_EDGE('',*,*,#8667,.F.);
#8713=ORIENTED_EDGE('',*,*,#8412,.F.);
#8715=ORIENTED_EDGE('',*,*,#8714,.T.);
#8717=ORIENTED_EDGE('',*,*,#8716,.T.);
#8718=EDGE_LOOP('',(#8712,#8713,#8715,#8717));
#8719=FACE_OUTER_BOUND('',#8718,.F.);
#8720=ADVANCED_FACE('',(#8719),#8711,.T.);
#8721=FILL_AREA_STYLE_COLOUR('',#3);
#8722=FILL_AREA_STYLE('',(#8721));
#8723=SURFACE_STYLE_FILL_AREA(#8722);
#8724=SURFACE_SIDE_STYLE('',(#8723));
#8725=SURFACE_STYLE_USAGE(.POSITIVE.,#8724);
#8726=FILL_AREA_STYLE_COLOUR('',#13);
#8727=FILL_AREA_STYLE('',(#8726));
#8728=SURFACE_STYLE_FILL_AREA(#8727);
#8729=SURFACE_SIDE_STYLE('',(#8728));
#8730=SURFACE_STYLE_USAGE(.NEGATIVE.,#8729);
#8731=PRESENTATION_STYLE_ASSIGNMENT((#8725,#8730));
#8732=OVER_RIDING_STYLED_ITEM('',(#8731),#8720,#14);
#8733=CARTESIAN_POINT('',(-5.E0,-1.E-2,-5.725E0));
#8734=DIRECTION('',(-1.E0,0.E0,0.E0));
#8735=DIRECTION('',(0.E0,0.E0,1.E0));
#8736=AXIS2_PLACEMENT_3D('',#8733,#8734,#8735);
#8737=PLANE('',#8736);
#8738=ORIENTED_EDGE('',*,*,#8685,.F.);
#8739=ORIENTED_EDGE('',*,*,#8459,.F.);
#8741=ORIENTED_EDGE('',*,*,#8740,.F.);
#8743=ORIENTED_EDGE('',*,*,#8742,.T.);
#8745=ORIENTED_EDGE('',*,*,#8744,.T.);
#8746=ORIENTED_EDGE('',*,*,#8471,.F.);
#8747=EDGE_LOOP('',(#8738,#8739,#8741,#8743,#8745,#8746));
#8748=FACE_OUTER_BOUND('',#8747,.F.);
#8749=ADVANCED_FACE('',(#8748),#8737,.T.);
#8750=CARTESIAN_POINT('',(0.E0,-1.E-2,0.E0));
#8751=DIRECTION('',(0.E0,1.E0,0.E0));
#8752=DIRECTION('',(1.E0,0.E0,0.E0));
#8753=AXIS2_PLACEMENT_3D('',#8750,#8751,#8752);
#8754=PLANE('',#8753);
#8756=ORIENTED_EDGE('',*,*,#8755,.T.);
#8758=ORIENTED_EDGE('',*,*,#8757,.T.);
#8759=ORIENTED_EDGE('',*,*,#8740,.T.);
#8760=ORIENTED_EDGE('',*,*,#8457,.T.);
#8761=ORIENTED_EDGE('',*,*,#8488,.T.);
#8762=ORIENTED_EDGE('',*,*,#8515,.T.);
#8763=ORIENTED_EDGE('',*,*,#8529,.T.);
#8764=ORIENTED_EDGE('',*,*,#8543,.T.);
#8765=ORIENTED_EDGE('',*,*,#8557,.T.);
#8766=ORIENTED_EDGE('',*,*,#8571,.T.);
#8767=ORIENTED_EDGE('',*,*,#8585,.T.);
#8768=ORIENTED_EDGE('',*,*,#8599,.T.);
#8769=ORIENTED_EDGE('',*,*,#8613,.T.);
#8770=ORIENTED_EDGE('',*,*,#8641,.T.);
#8771=ORIENTED_EDGE('',*,*,#8674,.T.);
#8773=ORIENTED_EDGE('',*,*,#8772,.T.);
#8774=EDGE_LOOP('',(#8756,#8758,#8759,#8760,#8761,#8762,#8763,#8764,#8765,#8766,
#8767,#8768,#8769,#8770,#8771,#8773));
#8775=FACE_OUTER_BOUND('',#8774,.F.);
#8776=ADVANCED_FACE('',(#8775),#8754,.F.);
#8777=CARTESIAN_POINT('',(3.880384757729E0,-1.E-2,-6.025E0));
#8778=DIRECTION('',(0.E0,0.E0,-1.E0));
#8779=DIRECTION('',(-1.E0,0.E0,0.E0));
#8780=AXIS2_PLACEMENT_3D('',#8777,#8778,#8779);
#8781=PLANE('',#8780);
#8782=ORIENTED_EDGE('',*,*,#8755,.F.);
#8784=ORIENTED_EDGE('',*,*,#8783,.T.);
#8786=ORIENTED_EDGE('',*,*,#8785,.T.);
#8788=ORIENTED_EDGE('',*,*,#8787,.F.);
#8789=EDGE_LOOP('',(#8782,#8784,#8786,#8788));
#8790=FACE_OUTER_BOUND('',#8789,.F.);
#8791=ADVANCED_FACE('',(#8790),#8781,.T.);
#8792=CARTESIAN_POINT('',(5.E0,-1.E-2,-5.725E0));
#8793=DIRECTION('',(2.588190451025E-1,0.E0,-9.659258262891E-1));
#8794=DIRECTION('',(-9.659258262891E-1,0.E0,-2.588190451025E-1));
#8795=AXIS2_PLACEMENT_3D('',#8792,#8793,#8794);
#8796=PLANE('',#8795);
#8797=ORIENTED_EDGE('',*,*,#8772,.F.);
#8798=ORIENTED_EDGE('',*,*,#8672,.T.);
#8800=ORIENTED_EDGE('',*,*,#8799,.T.);
#8801=ORIENTED_EDGE('',*,*,#8783,.F.);
#8802=EDGE_LOOP('',(#8797,#8798,#8800,#8801));
#8803=FACE_OUTER_BOUND('',#8802,.F.);
#8804=ADVANCED_FACE('',(#8803),#8796,.T.);
#8805=CARTESIAN_POINT('',(0.E0,1.397E0,0.E0));
#8806=DIRECTION('',(0.E0,1.E0,0.E0));
#8807=DIRECTION('',(1.E0,0.E0,0.E0));
#8808=AXIS2_PLACEMENT_3D('',#8805,#8806,#8807);
#8809=PLANE('',#8808);
#8811=ORIENTED_EDGE('',*,*,#8810,.F.);
#8812=ORIENTED_EDGE('',*,*,#8502,.F.);
#8813=ORIENTED_EDGE('',*,*,#8473,.F.);
#8814=ORIENTED_EDGE('',*,*,#8744,.F.);
#8816=ORIENTED_EDGE('',*,*,#8815,.F.);
#8817=ORIENTED_EDGE('',*,*,#8785,.F.);
#8818=ORIENTED_EDGE('',*,*,#8799,.F.);
#8819=ORIENTED_EDGE('',*,*,#8670,.F.);
#8820=ORIENTED_EDGE('',*,*,#8655,.F.);
#8821=ORIENTED_EDGE('',*,*,#8626,.F.);
#8822=EDGE_LOOP('',(#8811,#8812,#8813,#8814,#8816,#8817,#8818,#8819,#8820,
#8821));
#8823=FACE_OUTER_BOUND('',#8822,.F.);
#8824=ADVANCED_FACE('',(#8823),#8809,.T.);
#8825=CARTESIAN_POINT('',(0.E0,2.885E0,-4.625E0));
#8826=DIRECTION('',(0.E0,6.586327768719E-2,-9.978286569609E-1));
#8827=DIRECTION('',(-1.E0,0.E0,0.E0));
#8828=AXIS2_PLACEMENT_3D('',#8825,#8826,#8827);
#8829=PLANE('',#8828);
#8830=ORIENTED_EDGE('',*,*,#8716,.F.);
#8832=ORIENTED_EDGE('',*,*,#8831,.T.);
#8834=ORIENTED_EDGE('',*,*,#8833,.T.);
#8836=ORIENTED_EDGE('',*,*,#8835,.F.);
#8837=ORIENTED_EDGE('',*,*,#8687,.F.);
#8838=ORIENTED_EDGE('',*,*,#8469,.T.);
#8839=ORIENTED_EDGE('',*,*,#8499,.T.);
#8840=ORIENTED_EDGE('',*,*,#8810,.T.);
#8841=ORIENTED_EDGE('',*,*,#8624,.F.);
#8842=ORIENTED_EDGE('',*,*,#8652,.T.);
#8843=EDGE_LOOP('',(#8830,#8832,#8834,#8836,#8837,#8838,#8839,#8840,#8841,
#8842));
#8844=FACE_OUTER_BOUND('',#8843,.F.);
#8845=ADVANCED_FACE('',(#8844),#8829,.T.);
#8846=FILL_AREA_STYLE_COLOUR('',#3);
#8847=FILL_AREA_STYLE('',(#8846));
#8848=SURFACE_STYLE_FILL_AREA(#8847);
#8849=SURFACE_SIDE_STYLE('',(#8848));
#8850=SURFACE_STYLE_USAGE(.POSITIVE.,#8849);
#8851=FILL_AREA_STYLE_COLOUR('',#13);
#8852=FILL_AREA_STYLE('',(#8851));
#8853=SURFACE_STYLE_FILL_AREA(#8852);
#8854=SURFACE_SIDE_STYLE('',(#8853));
#8855=SURFACE_STYLE_USAGE(.NEGATIVE.,#8854);
#8856=PRESENTATION_STYLE_ASSIGNMENT((#8850,#8855));
#8857=OVER_RIDING_STYLED_ITEM('',(#8856),#8845,#14);
#8858=CARTESIAN_POINT('',(5.E0,2.885E0,0.E0));
#8859=DIRECTION('',(9.978286569609E-1,6.586327768719E-2,0.E0));
#8860=DIRECTION('',(0.E0,0.E0,-1.E0));
#8861=AXIS2_PLACEMENT_3D('',#8858,#8859,#8860);
#8862=PLANE('',#8861);
#8864=ORIENTED_EDGE('',*,*,#8863,.F.);
#8866=ORIENTED_EDGE('',*,*,#8865,.T.);
#8868=ORIENTED_EDGE('',*,*,#8867,.T.);
#8870=ORIENTED_EDGE('',*,*,#8869,.T.);
#8871=ORIENTED_EDGE('',*,*,#8831,.F.);
#8873=ORIENTED_EDGE('',*,*,#8872,.F.);
#8874=EDGE_LOOP('',(#8864,#8866,#8868,#8870,#8871,#8873));
#8875=FACE_OUTER_BOUND('',#8874,.F.);
#8876=ADVANCED_FACE('',(#8875),#8862,.T.);
#8877=FILL_AREA_STYLE_COLOUR('',#3);
#8878=FILL_AREA_STYLE('',(#8877));
#8879=SURFACE_STYLE_FILL_AREA(#8878);
#8880=SURFACE_SIDE_STYLE('',(#8879));
#8881=SURFACE_STYLE_USAGE(.POSITIVE.,#8880);
#8882=FILL_AREA_STYLE_COLOUR('',#13);
#8883=FILL_AREA_STYLE('',(#8882));
#8884=SURFACE_STYLE_FILL_AREA(#8883);
#8885=SURFACE_SIDE_STYLE('',(#8884));
#8886=SURFACE_STYLE_USAGE(.NEGATIVE.,#8885);
#8887=PRESENTATION_STYLE_ASSIGNMENT((#8881,#8886));
#8888=OVER_RIDING_STYLED_ITEM('',(#8887),#8876,#14);
#8889=CARTESIAN_POINT('',(0.E0,9.5E-1,4.625E0));
#8890=DIRECTION('',(0.E0,-1.046847845180E-1,9.945054529214E-1));
#8891=DIRECTION('',(-1.E0,0.E0,0.E0));
#8892=AXIS2_PLACEMENT_3D('',#8889,#8890,#8891);
#8893=PLANE('',#8892);
#8895=ORIENTED_EDGE('',*,*,#8894,.F.);
#8896=ORIENTED_EDGE('',*,*,#8863,.T.);
#8898=ORIENTED_EDGE('',*,*,#8897,.T.);
#8899=ORIENTED_EDGE('',*,*,#8408,.T.);
#8901=ORIENTED_EDGE('',*,*,#8900,.T.);
#8903=ORIENTED_EDGE('',*,*,#8902,.T.);
#8905=ORIENTED_EDGE('',*,*,#8904,.F.);
#8907=ORIENTED_EDGE('',*,*,#8906,.F.);
#8909=ORIENTED_EDGE('',*,*,#8908,.F.);
#8911=ORIENTED_EDGE('',*,*,#8910,.F.);
#8913=ORIENTED_EDGE('',*,*,#8912,.F.);
#8915=ORIENTED_EDGE('',*,*,#8914,.F.);
#8917=ORIENTED_EDGE('',*,*,#8916,.F.);
#8919=ORIENTED_EDGE('',*,*,#8918,.F.);
#8921=ORIENTED_EDGE('',*,*,#8920,.F.);
#8923=ORIENTED_EDGE('',*,*,#8922,.F.);
#8924=EDGE_LOOP('',(#8895,#8896,#8898,#8899,#8901,#8903,#8905,#8907,#8909,#8911,
#8913,#8915,#8917,#8919,#8921,#8923));
#8925=FACE_OUTER_BOUND('',#8924,.F.);
#8926=ADVANCED_FACE('',(#8925),#8893,.T.);
#8927=FILL_AREA_STYLE_COLOUR('',#3);
#8928=FILL_AREA_STYLE('',(#8927));
#8929=SURFACE_STYLE_FILL_AREA(#8928);
#8930=SURFACE_SIDE_STYLE('',(#8929));
#8931=SURFACE_STYLE_USAGE(.POSITIVE.,#8930);
#8932=FILL_AREA_STYLE_COLOUR('',#13);
#8933=FILL_AREA_STYLE('',(#8932));
#8934=SURFACE_STYLE_FILL_AREA(#8933);
#8935=SURFACE_SIDE_STYLE('',(#8934));
#8936=SURFACE_STYLE_USAGE(.NEGATIVE.,#8935);
#8937=PRESENTATION_STYLE_ASSIGNMENT((#8931,#8936));
#8938=OVER_RIDING_STYLED_ITEM('',(#8937),#8926,#14);
#8939=CARTESIAN_POINT('',(-5.1E0,0.E0,4.725E0));
#8940=DIRECTION('',(0.E0,0.E0,1.E0));
#8941=DIRECTION('',(1.E0,0.E0,0.E0));
#8942=AXIS2_PLACEMENT_3D('',#8939,#8940,#8941);
#8943=PLANE('',#8942);
#8945=ORIENTED_EDGE('',*,*,#8944,.F.);
#8946=ORIENTED_EDGE('',*,*,#8904,.T.);
#8948=ORIENTED_EDGE('',*,*,#8947,.F.);
#8950=ORIENTED_EDGE('',*,*,#8949,.T.);
#8951=EDGE_LOOP('',(#8945,#8946,#8948,#8950));
#8952=FACE_OUTER_BOUND('',#8951,.F.);
#8953=ADVANCED_FACE('',(#8952),#8943,.T.);
#8954=FILL_AREA_STYLE_COLOUR('',#3);
#8955=FILL_AREA_STYLE('',(#8954));
#8956=SURFACE_STYLE_FILL_AREA(#8955);
#8957=SURFACE_SIDE_STYLE('',(#8956));
#8958=SURFACE_STYLE_USAGE(.POSITIVE.,#8957);
#8959=FILL_AREA_STYLE_COLOUR('',#13);
#8960=FILL_AREA_STYLE('',(#8959));
#8961=SURFACE_STYLE_FILL_AREA(#8960);
#8962=SURFACE_SIDE_STYLE('',(#8961));
#8963=SURFACE_STYLE_USAGE(.NEGATIVE.,#8962);
#8964=PRESENTATION_STYLE_ASSIGNMENT((#8958,#8963));
#8965=OVER_RIDING_STYLED_ITEM('',(#8964),#8953,#14);
#8966=CARTESIAN_POINT('',(-5.1E0,0.E0,4.725E0));
#8967=DIRECTION('',(0.E0,0.E0,1.E0));
#8968=DIRECTION('',(1.E0,0.E0,0.E0));
#8969=AXIS2_PLACEMENT_3D('',#8966,#8967,#8968);
#8970=PLANE('',#8969);
#8972=ORIENTED_EDGE('',*,*,#8971,.F.);
#8973=ORIENTED_EDGE('',*,*,#8908,.T.);
#8975=ORIENTED_EDGE('',*,*,#8974,.T.);
#8977=ORIENTED_EDGE('',*,*,#8976,.T.);
#8978=EDGE_LOOP('',(#8972,#8973,#8975,#8977));
#8979=FACE_OUTER_BOUND('',#8978,.F.);
#8980=ADVANCED_FACE('',(#8979),#8970,.T.);
#8981=FILL_AREA_STYLE_COLOUR('',#3);
#8982=FILL_AREA_STYLE('',(#8981));
#8983=SURFACE_STYLE_FILL_AREA(#8982);
#8984=SURFACE_SIDE_STYLE('',(#8983));
#8985=SURFACE_STYLE_USAGE(.POSITIVE.,#8984);
#8986=FILL_AREA_STYLE_COLOUR('',#13);
#8987=FILL_AREA_STYLE('',(#8986));
#8988=SURFACE_STYLE_FILL_AREA(#8987);
#8989=SURFACE_SIDE_STYLE('',(#8988));
#8990=SURFACE_STYLE_USAGE(.NEGATIVE.,#8989);
#8991=PRESENTATION_STYLE_ASSIGNMENT((#8985,#8990));
#8992=OVER_RIDING_STYLED_ITEM('',(#8991),#8980,#14);
#8993=CARTESIAN_POINT('',(-5.1E0,0.E0,4.725E0));
#8994=DIRECTION('',(0.E0,0.E0,1.E0));
#8995=DIRECTION('',(1.E0,0.E0,0.E0));
#8996=AXIS2_PLACEMENT_3D('',#8993,#8994,#8995);
#8997=PLANE('',#8996);
#8999=ORIENTED_EDGE('',*,*,#8998,.F.);
#9000=ORIENTED_EDGE('',*,*,#8912,.T.);
#9002=ORIENTED_EDGE('',*,*,#9001,.T.);
#9004=ORIENTED_EDGE('',*,*,#9003,.T.);
#9005=EDGE_LOOP('',(#8999,#9000,#9002,#9004));
#9006=FACE_OUTER_BOUND('',#9005,.F.);
#9007=ADVANCED_FACE('',(#9006),#8997,.T.);
#9008=FILL_AREA_STYLE_COLOUR('',#3);
#9009=FILL_AREA_STYLE('',(#9008));
#9010=SURFACE_STYLE_FILL_AREA(#9009);
#9011=SURFACE_SIDE_STYLE('',(#9010));
#9012=SURFACE_STYLE_USAGE(.POSITIVE.,#9011);
#9013=FILL_AREA_STYLE_COLOUR('',#13);
#9014=FILL_AREA_STYLE('',(#9013));
#9015=SURFACE_STYLE_FILL_AREA(#9014);
#9016=SURFACE_SIDE_STYLE('',(#9015));
#9017=SURFACE_STYLE_USAGE(.NEGATIVE.,#9016);
#9018=PRESENTATION_STYLE_ASSIGNMENT((#9012,#9017));
#9019=OVER_RIDING_STYLED_ITEM('',(#9018),#9007,#14);
#9020=CARTESIAN_POINT('',(-5.1E0,0.E0,4.725E0));
#9021=DIRECTION('',(0.E0,0.E0,1.E0));
#9022=DIRECTION('',(1.E0,0.E0,0.E0));
#9023=AXIS2_PLACEMENT_3D('',#9020,#9021,#9022);
#9024=PLANE('',#9023);
#9026=ORIENTED_EDGE('',*,*,#9025,.F.);
#9027=ORIENTED_EDGE('',*,*,#8916,.T.);
#9029=ORIENTED_EDGE('',*,*,#9028,.T.);
#9031=ORIENTED_EDGE('',*,*,#9030,.T.);
#9032=EDGE_LOOP('',(#9026,#9027,#9029,#9031));
#9033=FACE_OUTER_BOUND('',#9032,.F.);
#9034=ADVANCED_FACE('',(#9033),#9024,.T.);
#9035=FILL_AREA_STYLE_COLOUR('',#3);
#9036=FILL_AREA_STYLE('',(#9035));
#9037=SURFACE_STYLE_FILL_AREA(#9036);
#9038=SURFACE_SIDE_STYLE('',(#9037));
#9039=SURFACE_STYLE_USAGE(.POSITIVE.,#9038);
#9040=FILL_AREA_STYLE_COLOUR('',#13);
#9041=FILL_AREA_STYLE('',(#9040));
#9042=SURFACE_STYLE_FILL_AREA(#9041);
#9043=SURFACE_SIDE_STYLE('',(#9042));
#9044=SURFACE_STYLE_USAGE(.NEGATIVE.,#9043);
#9045=PRESENTATION_STYLE_ASSIGNMENT((#9039,#9044));
#9046=OVER_RIDING_STYLED_ITEM('',(#9045),#9034,#14);
#9047=CARTESIAN_POINT('',(-5.1E0,0.E0,4.725E0));
#9048=DIRECTION('',(0.E0,0.E0,1.E0));
#9049=DIRECTION('',(1.E0,0.E0,0.E0));
#9050=AXIS2_PLACEMENT_3D('',#9047,#9048,#9049);
#9051=PLANE('',#9050);
#9053=ORIENTED_EDGE('',*,*,#9052,.F.);
#9054=ORIENTED_EDGE('',*,*,#8920,.T.);
#9056=ORIENTED_EDGE('',*,*,#9055,.T.);
#9058=ORIENTED_EDGE('',*,*,#9057,.T.);
#9059=EDGE_LOOP('',(#9053,#9054,#9056,#9058));
#9060=FACE_OUTER_BOUND('',#9059,.F.);
#9061=ADVANCED_FACE('',(#9060),#9051,.T.);
#9062=FILL_AREA_STYLE_COLOUR('',#3);
#9063=FILL_AREA_STYLE('',(#9062));
#9064=SURFACE_STYLE_FILL_AREA(#9063);
#9065=SURFACE_SIDE_STYLE('',(#9064));
#9066=SURFACE_STYLE_USAGE(.POSITIVE.,#9065);
#9067=FILL_AREA_STYLE_COLOUR('',#13);
#9068=FILL_AREA_STYLE('',(#9067));
#9069=SURFACE_STYLE_FILL_AREA(#9068);
#9070=SURFACE_SIDE_STYLE('',(#9069));
#9071=SURFACE_STYLE_USAGE(.NEGATIVE.,#9070);
#9072=PRESENTATION_STYLE_ASSIGNMENT((#9066,#9071));
#9073=OVER_RIDING_STYLED_ITEM('',(#9072),#9061,#14);
#9074=CARTESIAN_POINT('',(-5.1E0,0.E0,4.725E0));
#9075=DIRECTION('',(0.E0,0.E0,1.E0));
#9076=DIRECTION('',(1.E0,0.E0,0.E0));
#9077=AXIS2_PLACEMENT_3D('',#9074,#9075,#9076);
#9078=PLANE('',#9077);
#9079=ORIENTED_EDGE('',*,*,#8894,.T.);
#9081=ORIENTED_EDGE('',*,*,#9080,.T.);
#9083=ORIENTED_EDGE('',*,*,#9082,.T.);
#9084=ORIENTED_EDGE('',*,*,#8865,.F.);
#9085=EDGE_LOOP('',(#9079,#9081,#9083,#9084));
#9086=FACE_OUTER_BOUND('',#9085,.F.);
#9087=ADVANCED_FACE('',(#9086),#9078,.T.);
#9088=FILL_AREA_STYLE_COLOUR('',#3);
#9089=FILL_AREA_STYLE('',(#9088));
#9090=SURFACE_STYLE_FILL_AREA(#9089);
#9091=SURFACE_SIDE_STYLE('',(#9090));
#9092=SURFACE_STYLE_USAGE(.POSITIVE.,#9091);
#9093=FILL_AREA_STYLE_COLOUR('',#13);
#9094=FILL_AREA_STYLE('',(#9093));
#9095=SURFACE_STYLE_FILL_AREA(#9094);
#9096=SURFACE_SIDE_STYLE('',(#9095));
#9097=SURFACE_STYLE_USAGE(.NEGATIVE.,#9096);
#9098=PRESENTATION_STYLE_ASSIGNMENT((#9092,#9097));
#9099=OVER_RIDING_STYLED_ITEM('',(#9098),#9087,#14);
#9100=CARTESIAN_POINT('',(-3.85E0,0.E0,0.E0));
#9101=DIRECTION('',(-1.E0,0.E0,0.E0));
#9102=DIRECTION('',(0.E0,0.E0,1.E0));
#9103=AXIS2_PLACEMENT_3D('',#9100,#9101,#9102);
#9104=PLANE('',#9103);
#9105=ORIENTED_EDGE('',*,*,#8944,.T.);
#9107=ORIENTED_EDGE('',*,*,#9106,.F.);
#9109=ORIENTED_EDGE('',*,*,#9108,.F.);
#9111=ORIENTED_EDGE('',*,*,#9110,.F.);
#9113=ORIENTED_EDGE('',*,*,#9112,.F.);
#9115=ORIENTED_EDGE('',*,*,#9114,.F.);
#9117=ORIENTED_EDGE('',*,*,#9116,.F.);
#9119=ORIENTED_EDGE('',*,*,#9118,.F.);
#9121=ORIENTED_EDGE('',*,*,#9120,.F.);
#9123=ORIENTED_EDGE('',*,*,#9122,.F.);
#9125=ORIENTED_EDGE('',*,*,#9124,.F.);
#9127=ORIENTED_EDGE('',*,*,#9126,.F.);
#9128=EDGE_LOOP('',(#9105,#9107,#9109,#9111,#9113,#9115,#9117,#9119,#9121,#9123,
#9125,#9127));
#9129=FACE_OUTER_BOUND('',#9128,.F.);
#9130=ADVANCED_FACE('',(#9129),#9104,.T.);
#9131=CARTESIAN_POINT('',(-2.95E0,2.5E0,6.413475983199E0));
#9132=DIRECTION('',(0.E0,1.E0,0.E0));
#9133=DIRECTION('',(0.E0,0.E0,-1.E0));
#9134=AXIS2_PLACEMENT_3D('',#9131,#9132,#9133);
#9135=PLANE('',#9134);
#9137=ORIENTED_EDGE('',*,*,#9136,.F.);
#9139=ORIENTED_EDGE('',*,*,#9138,.F.);
#9141=ORIENTED_EDGE('',*,*,#9140,.T.);
#9142=ORIENTED_EDGE('',*,*,#9106,.T.);
#9143=EDGE_LOOP('',(#9137,#9139,#9141,#9142));
#9144=FACE_OUTER_BOUND('',#9143,.F.);
#9145=ADVANCED_FACE('',(#9144),#9135,.T.);
#9146=CARTESIAN_POINT('',(0.E0,3.45E0,4.625E0));
#9147=DIRECTION('',(0.E0,1.046847845180E-1,9.945054529214E-1));
#9148=DIRECTION('',(-1.E0,0.E0,0.E0));
#9149=AXIS2_PLACEMENT_3D('',#9146,#9147,#9148);
#9150=PLANE('',#9149);
#9151=ORIENTED_EDGE('',*,*,#9057,.F.);
#9153=ORIENTED_EDGE('',*,*,#9152,.T.);
#9154=ORIENTED_EDGE('',*,*,#9030,.F.);
#9156=ORIENTED_EDGE('',*,*,#9155,.T.);
#9157=ORIENTED_EDGE('',*,*,#9003,.F.);
#9159=ORIENTED_EDGE('',*,*,#9158,.T.);
#9160=ORIENTED_EDGE('',*,*,#8976,.F.);
#9161=ORIENTED_EDGE('',*,*,#9136,.T.);
#9162=ORIENTED_EDGE('',*,*,#8949,.F.);
#9164=ORIENTED_EDGE('',*,*,#9163,.T.);
#9166=ORIENTED_EDGE('',*,*,#9165,.T.);
#9167=ORIENTED_EDGE('',*,*,#8867,.F.);
#9168=ORIENTED_EDGE('',*,*,#9082,.F.);
#9170=ORIENTED_EDGE('',*,*,#9169,.T.);
#9171=EDGE_LOOP('',(#9151,#9153,#9154,#9156,#9157,#9159,#9160,#9161,#9162,#9164,
#9166,#9167,#9168,#9170));
#9172=FACE_OUTER_BOUND('',#9171,.F.);
#9173=ADVANCED_FACE('',(#9172),#9150,.T.);
#9174=FILL_AREA_STYLE_COLOUR('',#3);
#9175=FILL_AREA_STYLE('',(#9174));
#9176=SURFACE_STYLE_FILL_AREA(#9175);
#9177=SURFACE_SIDE_STYLE('',(#9176));
#9178=SURFACE_STYLE_USAGE(.POSITIVE.,#9177);
#9179=FILL_AREA_STYLE_COLOUR('',#13);
#9180=FILL_AREA_STYLE('',(#9179));
#9181=SURFACE_STYLE_FILL_AREA(#9180);
#9182=SURFACE_SIDE_STYLE('',(#9181));
#9183=SURFACE_STYLE_USAGE(.NEGATIVE.,#9182);
#9184=PRESENTATION_STYLE_ASSIGNMENT((#9178,#9183));
#9185=OVER_RIDING_STYLED_ITEM('',(#9184),#9173,#14);
#9186=CARTESIAN_POINT('',(2.15E0,2.5E0,6.413475983199E0));
#9187=DIRECTION('',(0.E0,1.E0,0.E0));
#9188=DIRECTION('',(0.E0,0.E0,-1.E0));
#9189=AXIS2_PLACEMENT_3D('',#9186,#9187,#9188);
#9190=PLANE('',#9189);
#9191=ORIENTED_EDGE('',*,*,#9152,.F.);
#9193=ORIENTED_EDGE('',*,*,#9192,.F.);
#9195=ORIENTED_EDGE('',*,*,#9194,.T.);
#9197=ORIENTED_EDGE('',*,*,#9196,.T.);
#9198=EDGE_LOOP('',(#9191,#9193,#9195,#9197));
#9199=FACE_OUTER_BOUND('',#9198,.F.);
#9200=ADVANCED_FACE('',(#9199),#9190,.T.);
#9201=CARTESIAN_POINT('',(2.15E0,0.E0,0.E0));
#9202=DIRECTION('',(-1.E0,0.E0,0.E0));
#9203=DIRECTION('',(0.E0,0.E0,1.E0));
#9204=AXIS2_PLACEMENT_3D('',#9201,#9202,#9203);
#9205=PLANE('',#9204);
#9206=ORIENTED_EDGE('',*,*,#9055,.F.);
#9208=ORIENTED_EDGE('',*,*,#9207,.T.);
#9210=ORIENTED_EDGE('',*,*,#9209,.T.);
#9212=ORIENTED_EDGE('',*,*,#9211,.T.);
#9214=ORIENTED_EDGE('',*,*,#9213,.T.);
#9216=ORIENTED_EDGE('',*,*,#9215,.T.);
#9218=ORIENTED_EDGE('',*,*,#9217,.T.);
#9220=ORIENTED_EDGE('',*,*,#9219,.T.);
#9222=ORIENTED_EDGE('',*,*,#9221,.T.);
#9224=ORIENTED_EDGE('',*,*,#9223,.T.);
#9226=ORIENTED_EDGE('',*,*,#9225,.T.);
#9227=ORIENTED_EDGE('',*,*,#9192,.T.);
#9228=EDGE_LOOP('',(#9206,#9208,#9210,#9212,#9214,#9216,#9218,#9220,#9222,#9224,
#9226,#9227));
#9229=FACE_OUTER_BOUND('',#9228,.F.);
#9230=ADVANCED_FACE('',(#9229),#9205,.F.);
#9231=CARTESIAN_POINT('',(2.15E0,1.9E0,4.725E0));
#9232=DIRECTION('',(0.E0,-1.E0,0.E0));
#9233=DIRECTION('',(0.E0,0.E0,1.E0));
#9234=AXIS2_PLACEMENT_3D('',#9231,#9232,#9233);
#9235=PLANE('',#9234);
#9236=ORIENTED_EDGE('',*,*,#8918,.T.);
#9238=ORIENTED_EDGE('',*,*,#9237,.T.);
#9240=ORIENTED_EDGE('',*,*,#9239,.F.);
#9241=ORIENTED_EDGE('',*,*,#9207,.F.);
#9242=EDGE_LOOP('',(#9236,#9238,#9240,#9241));
#9243=FACE_OUTER_BOUND('',#9242,.F.);
#9244=ADVANCED_FACE('',(#9243),#9235,.T.);
#9245=CARTESIAN_POINT('',(1.25E0,0.E0,0.E0));
#9246=DIRECTION('',(-1.E0,0.E0,0.E0));
#9247=DIRECTION('',(0.E0,0.E0,1.E0));
#9248=AXIS2_PLACEMENT_3D('',#9245,#9246,#9247);
#9249=PLANE('',#9248);
#9250=ORIENTED_EDGE('',*,*,#9025,.T.);
#9251=ORIENTED_EDGE('',*,*,#9196,.F.);
#9253=ORIENTED_EDGE('',*,*,#9252,.F.);
#9255=ORIENTED_EDGE('',*,*,#9254,.F.);
#9257=ORIENTED_EDGE('',*,*,#9256,.F.);
#9259=ORIENTED_EDGE('',*,*,#9258,.F.);
#9261=ORIENTED_EDGE('',*,*,#9260,.F.);
#9263=ORIENTED_EDGE('',*,*,#9262,.F.);
#9265=ORIENTED_EDGE('',*,*,#9264,.F.);
#9267=ORIENTED_EDGE('',*,*,#9266,.F.);
#9269=ORIENTED_EDGE('',*,*,#9268,.F.);
#9270=ORIENTED_EDGE('',*,*,#9237,.F.);
#9271=EDGE_LOOP('',(#9250,#9251,#9253,#9255,#9257,#9259,#9261,#9263,#9265,#9267,
#9269,#9270));
#9272=FACE_OUTER_BOUND('',#9271,.F.);
#9273=ADVANCED_FACE('',(#9272),#9249,.T.);
#9274=CARTESIAN_POINT('',(2.15E0,1.5E0,6.413475983199E0));
#9275=DIRECTION('',(-1.E0,0.E0,0.E0));
#9276=DIRECTION('',(0.E0,0.E0,1.E0));
#9277=AXIS2_PLACEMENT_3D('',#9274,#9275,#9276);
#9278=CYLINDRICAL_SURFACE('',#9277,1.E0);
#9279=ORIENTED_EDGE('',*,*,#9225,.F.);
#9281=ORIENTED_EDGE('',*,*,#9280,.T.);
#9282=ORIENTED_EDGE('',*,*,#9252,.T.);
#9283=ORIENTED_EDGE('',*,*,#9194,.F.);
#9284=EDGE_LOOP('',(#9279,#9281,#9282,#9283));
#9285=FACE_OUTER_BOUND('',#9284,.F.);
#9286=ADVANCED_FACE('',(#9285),#9278,.T.);
#9287=CARTESIAN_POINT('',(2.15E0,9.205407289332E-1,7.531076898795E0));
#9288=DIRECTION('',(0.E0,1.736481776669E-1,9.848077530122E-1));
#9289=DIRECTION('',(0.E0,9.848077530122E-1,-1.736481776669E-1));
#9290=AXIS2_PLACEMENT_3D('',#9287,#9288,#9289);
#9291=PLANE('',#9290);
#9292=ORIENTED_EDGE('',*,*,#9223,.F.);
#9294=ORIENTED_EDGE('',*,*,#9293,.T.);
#9295=ORIENTED_EDGE('',*,*,#9254,.T.);
#9296=ORIENTED_EDGE('',*,*,#9280,.F.);
#9297=EDGE_LOOP('',(#9292,#9294,#9295,#9296));
#9298=FACE_OUTER_BOUND('',#9297,.F.);
#9299=ADVANCED_FACE('',(#9298),#9291,.T.);
#9300=CARTESIAN_POINT('',(2.15E0,9.9E-1,7.925E0));
#9301=DIRECTION('',(-1.E0,0.E0,0.E0));
#9302=DIRECTION('',(0.E0,0.E0,1.E0));
#9303=AXIS2_PLACEMENT_3D('',#9300,#9301,#9302);
#9304=CYLINDRICAL_SURFACE('',#9303,4.E-1);
#9305=ORIENTED_EDGE('',*,*,#9221,.F.);
#9307=ORIENTED_EDGE('',*,*,#9306,.T.);
#9308=ORIENTED_EDGE('',*,*,#9256,.T.);
#9309=ORIENTED_EDGE('',*,*,#9293,.F.);
#9310=EDGE_LOOP('',(#9305,#9307,#9308,#9309));
#9311=FACE_OUTER_BOUND('',#9310,.F.);
#9312=ADVANCED_FACE('',(#9311),#9304,.F.);
#9313=CARTESIAN_POINT('',(2.15E0,5.9E-1,9.925E0));
#9314=DIRECTION('',(0.E0,1.E0,0.E0));
#9315=DIRECTION('',(0.E0,0.E0,-1.E0));
#9316=AXIS2_PLACEMENT_3D('',#9313,#9314,#9315);
#9317=PLANE('',#9316);
#9318=ORIENTED_EDGE('',*,*,#9219,.F.);
#9320=ORIENTED_EDGE('',*,*,#9319,.T.);
#9321=ORIENTED_EDGE('',*,*,#9258,.T.);
#9322=ORIENTED_EDGE('',*,*,#9306,.F.);
#9323=EDGE_LOOP('',(#9318,#9320,#9321,#9322));
#9324=FACE_OUTER_BOUND('',#9323,.F.);
#9325=ADVANCED_FACE('',(#9324),#9317,.T.);
#9326=CARTESIAN_POINT('',(2.15E0,-1.E-2,9.925E0));
#9327=DIRECTION('',(0.E0,0.E0,1.E0));
#9328=DIRECTION('',(0.E0,1.E0,0.E0));
#9329=AXIS2_PLACEMENT_3D('',#9326,#9327,#9328);
#9330=PLANE('',#9329);
#9331=ORIENTED_EDGE('',*,*,#9217,.F.);
#9333=ORIENTED_EDGE('',*,*,#9332,.T.);
#9334=ORIENTED_EDGE('',*,*,#9260,.T.);
#9335=ORIENTED_EDGE('',*,*,#9319,.F.);
#9336=EDGE_LOOP('',(#9331,#9333,#9334,#9335));
#9337=FACE_OUTER_BOUND('',#9336,.F.);
#9338=ADVANCED_FACE('',(#9337),#9330,.T.);
#9339=CARTESIAN_POINT('',(2.15E0,-1.E-2,7.925E0));
#9340=DIRECTION('',(0.E0,-1.E0,0.E0));
#9341=DIRECTION('',(0.E0,0.E0,1.E0));
#9342=AXIS2_PLACEMENT_3D('',#9339,#9340,#9341);
#9343=PLANE('',#9342);
#9344=ORIENTED_EDGE('',*,*,#9215,.F.);
#9346=ORIENTED_EDGE('',*,*,#9345,.T.);
#9347=ORIENTED_EDGE('',*,*,#9262,.T.);
#9348=ORIENTED_EDGE('',*,*,#9332,.F.);
#9349=EDGE_LOOP('',(#9344,#9346,#9347,#9348));
#9350=FACE_OUTER_BOUND('',#9349,.F.);
#9351=ADVANCED_FACE('',(#9350),#9343,.T.);
#9352=CARTESIAN_POINT('',(2.15E0,9.9E-1,7.925E0));
#9353=DIRECTION('',(-1.E0,0.E0,0.E0));
#9354=DIRECTION('',(0.E0,0.E0,1.E0));
#9355=AXIS2_PLACEMENT_3D('',#9352,#9353,#9354);
#9356=CYLINDRICAL_SURFACE('',#9355,1.E0);
#9357=ORIENTED_EDGE('',*,*,#9213,.F.);
#9359=ORIENTED_EDGE('',*,*,#9358,.T.);
#9360=ORIENTED_EDGE('',*,*,#9264,.T.);
#9361=ORIENTED_EDGE('',*,*,#9345,.F.);
#9362=EDGE_LOOP('',(#9357,#9359,#9360,#9361));
#9363=FACE_OUTER_BOUND('',#9362,.F.);
#9364=ADVANCED_FACE('',(#9363),#9356,.T.);
#9365=CARTESIAN_POINT('',(2.15E0,1.569459271067E0,6.807399084404E0));
#9366=DIRECTION('',(0.E0,-1.736481776669E-1,-9.848077530122E-1));
#9367=DIRECTION('',(0.E0,-9.848077530122E-1,1.736481776669E-1));
#9368=AXIS2_PLACEMENT_3D('',#9365,#9366,#9367);
#9369=PLANE('',#9368);
#9370=ORIENTED_EDGE('',*,*,#9211,.F.);
#9372=ORIENTED_EDGE('',*,*,#9371,.T.);
#9373=ORIENTED_EDGE('',*,*,#9266,.T.);
#9374=ORIENTED_EDGE('',*,*,#9358,.F.);
#9375=EDGE_LOOP('',(#9370,#9372,#9373,#9374));
#9376=FACE_OUTER_BOUND('',#9375,.F.);
#9377=ADVANCED_FACE('',(#9376),#9369,.T.);
#9378=CARTESIAN_POINT('',(2.15E0,1.5E0,6.413475983199E0));
#9379=DIRECTION('',(-1.E0,0.E0,0.E0));
#9380=DIRECTION('',(0.E0,0.E0,1.E0));
#9381=AXIS2_PLACEMENT_3D('',#9378,#9379,#9380);
#9382=CYLINDRICAL_SURFACE('',#9381,4.E-1);
#9383=ORIENTED_EDGE('',*,*,#9209,.F.);
#9384=ORIENTED_EDGE('',*,*,#9239,.T.);
#9385=ORIENTED_EDGE('',*,*,#9268,.T.);
#9386=ORIENTED_EDGE('',*,*,#9371,.F.);
#9387=EDGE_LOOP('',(#9383,#9384,#9385,#9386));
#9388=FACE_OUTER_BOUND('',#9387,.F.);
#9389=ADVANCED_FACE('',(#9388),#9382,.F.);
#9390=CARTESIAN_POINT('',(4.5E-1,2.5E0,6.413475983199E0));
#9391=DIRECTION('',(0.E0,1.E0,0.E0));
#9392=DIRECTION('',(0.E0,0.E0,-1.E0));
#9393=AXIS2_PLACEMENT_3D('',#9390,#9391,#9392);
#9394=PLANE('',#9393);
#9395=ORIENTED_EDGE('',*,*,#9155,.F.);
#9397=ORIENTED_EDGE('',*,*,#9396,.F.);
#9399=ORIENTED_EDGE('',*,*,#9398,.T.);
#9401=ORIENTED_EDGE('',*,*,#9400,.T.);
#9402=EDGE_LOOP('',(#9395,#9397,#9399,#9401));
#9403=FACE_OUTER_BOUND('',#9402,.F.);
#9404=ADVANCED_FACE('',(#9403),#9394,.T.);
#9405=CARTESIAN_POINT('',(4.5E-1,0.E0,0.E0));
#9406=DIRECTION('',(-1.E0,0.E0,0.E0));
#9407=DIRECTION('',(0.E0,0.E0,1.E0));
#9408=AXIS2_PLACEMENT_3D('',#9405,#9406,#9407);
#9409=PLANE('',#9408);
#9410=ORIENTED_EDGE('',*,*,#9028,.F.);
#9412=ORIENTED_EDGE('',*,*,#9411,.T.);
#9414=ORIENTED_EDGE('',*,*,#9413,.T.);
#9416=ORIENTED_EDGE('',*,*,#9415,.T.);
#9418=ORIENTED_EDGE('',*,*,#9417,.T.);
#9420=ORIENTED_EDGE('',*,*,#9419,.T.);
#9422=ORIENTED_EDGE('',*,*,#9421,.T.);
#9424=ORIENTED_EDGE('',*,*,#9423,.T.);
#9426=ORIENTED_EDGE('',*,*,#9425,.T.);
#9428=ORIENTED_EDGE('',*,*,#9427,.T.);
#9430=ORIENTED_EDGE('',*,*,#9429,.T.);
#9431=ORIENTED_EDGE('',*,*,#9396,.T.);
#9432=EDGE_LOOP('',(#9410,#9412,#9414,#9416,#9418,#9420,#9422,#9424,#9426,#9428,
#9430,#9431));
#9433=FACE_OUTER_BOUND('',#9432,.F.);
#9434=ADVANCED_FACE('',(#9433),#9409,.F.);
#9435=CARTESIAN_POINT('',(4.5E-1,1.9E0,4.725E0));
#9436=DIRECTION('',(0.E0,-1.E0,0.E0));
#9437=DIRECTION('',(0.E0,0.E0,1.E0));
#9438=AXIS2_PLACEMENT_3D('',#9435,#9436,#9437);
#9439=PLANE('',#9438);
#9440=ORIENTED_EDGE('',*,*,#8914,.T.);
#9442=ORIENTED_EDGE('',*,*,#9441,.T.);
#9444=ORIENTED_EDGE('',*,*,#9443,.F.);
#9445=ORIENTED_EDGE('',*,*,#9411,.F.);
#9446=EDGE_LOOP('',(#9440,#9442,#9444,#9445));
#9447=FACE_OUTER_BOUND('',#9446,.F.);
#9448=ADVANCED_FACE('',(#9447),#9439,.T.);
#9449=CARTESIAN_POINT('',(-4.5E-1,0.E0,0.E0));
#9450=DIRECTION('',(-1.E0,0.E0,0.E0));
#9451=DIRECTION('',(0.E0,0.E0,1.E0));
#9452=AXIS2_PLACEMENT_3D('',#9449,#9450,#9451);
#9453=PLANE('',#9452);
#9454=ORIENTED_EDGE('',*,*,#8998,.T.);
#9455=ORIENTED_EDGE('',*,*,#9400,.F.);
#9457=ORIENTED_EDGE('',*,*,#9456,.F.);
#9459=ORIENTED_EDGE('',*,*,#9458,.F.);
#9461=ORIENTED_EDGE('',*,*,#9460,.F.);
#9463=ORIENTED_EDGE('',*,*,#9462,.F.);
#9465=ORIENTED_EDGE('',*,*,#9464,.F.);
#9467=ORIENTED_EDGE('',*,*,#9466,.F.);
#9469=ORIENTED_EDGE('',*,*,#9468,.F.);
#9471=ORIENTED_EDGE('',*,*,#9470,.F.);
#9473=ORIENTED_EDGE('',*,*,#9472,.F.);
#9474=ORIENTED_EDGE('',*,*,#9441,.F.);
#9475=EDGE_LOOP('',(#9454,#9455,#9457,#9459,#9461,#9463,#9465,#9467,#9469,#9471,
#9473,#9474));
#9476=FACE_OUTER_BOUND('',#9475,.F.);
#9477=ADVANCED_FACE('',(#9476),#9453,.T.);
#9478=CARTESIAN_POINT('',(4.5E-1,1.5E0,6.413475983199E0));
#9479=DIRECTION('',(-1.E0,0.E0,0.E0));
#9480=DIRECTION('',(0.E0,0.E0,1.E0));
#9481=AXIS2_PLACEMENT_3D('',#9478,#9479,#9480);
#9482=CYLINDRICAL_SURFACE('',#9481,1.E0);
#9483=ORIENTED_EDGE('',*,*,#9429,.F.);
#9485=ORIENTED_EDGE('',*,*,#9484,.T.);
#9486=ORIENTED_EDGE('',*,*,#9456,.T.);
#9487=ORIENTED_EDGE('',*,*,#9398,.F.);
#9488=EDGE_LOOP('',(#9483,#9485,#9486,#9487));
#9489=FACE_OUTER_BOUND('',#9488,.F.);
#9490=ADVANCED_FACE('',(#9489),#9482,.T.);
#9491=CARTESIAN_POINT('',(4.5E-1,9.205407289332E-1,7.531076898795E0));
#9492=DIRECTION('',(0.E0,1.736481776669E-1,9.848077530122E-1));
#9493=DIRECTION('',(0.E0,9.848077530122E-1,-1.736481776669E-1));
#9494=AXIS2_PLACEMENT_3D('',#9491,#9492,#9493);
#9495=PLANE('',#9494);
#9496=ORIENTED_EDGE('',*,*,#9427,.F.);
#9498=ORIENTED_EDGE('',*,*,#9497,.T.);
#9499=ORIENTED_EDGE('',*,*,#9458,.T.);
#9500=ORIENTED_EDGE('',*,*,#9484,.F.);
#9501=EDGE_LOOP('',(#9496,#9498,#9499,#9500));
#9502=FACE_OUTER_BOUND('',#9501,.F.);
#9503=ADVANCED_FACE('',(#9502),#9495,.T.);
#9504=CARTESIAN_POINT('',(4.5E-1,9.9E-1,7.925E0));
#9505=DIRECTION('',(-1.E0,0.E0,0.E0));
#9506=DIRECTION('',(0.E0,0.E0,1.E0));
#9507=AXIS2_PLACEMENT_3D('',#9504,#9505,#9506);
#9508=CYLINDRICAL_SURFACE('',#9507,4.E-1);
#9509=ORIENTED_EDGE('',*,*,#9425,.F.);
#9511=ORIENTED_EDGE('',*,*,#9510,.T.);
#9512=ORIENTED_EDGE('',*,*,#9460,.T.);
#9513=ORIENTED_EDGE('',*,*,#9497,.F.);
#9514=EDGE_LOOP('',(#9509,#9511,#9512,#9513));
#9515=FACE_OUTER_BOUND('',#9514,.F.);
#9516=ADVANCED_FACE('',(#9515),#9508,.F.);
#9517=CARTESIAN_POINT('',(4.5E-1,5.9E-1,9.925E0));
#9518=DIRECTION('',(0.E0,1.E0,0.E0));
#9519=DIRECTION('',(0.E0,0.E0,-1.E0));
#9520=AXIS2_PLACEMENT_3D('',#9517,#9518,#9519);
#9521=PLANE('',#9520);
#9522=ORIENTED_EDGE('',*,*,#9423,.F.);
#9524=ORIENTED_EDGE('',*,*,#9523,.T.);
#9525=ORIENTED_EDGE('',*,*,#9462,.T.);
#9526=ORIENTED_EDGE('',*,*,#9510,.F.);
#9527=EDGE_LOOP('',(#9522,#9524,#9525,#9526));
#9528=FACE_OUTER_BOUND('',#9527,.F.);
#9529=ADVANCED_FACE('',(#9528),#9521,.T.);
#9530=CARTESIAN_POINT('',(4.5E-1,-1.E-2,9.925E0));
#9531=DIRECTION('',(0.E0,0.E0,1.E0));
#9532=DIRECTION('',(0.E0,1.E0,0.E0));
#9533=AXIS2_PLACEMENT_3D('',#9530,#9531,#9532);
#9534=PLANE('',#9533);
#9535=ORIENTED_EDGE('',*,*,#9421,.F.);
#9537=ORIENTED_EDGE('',*,*,#9536,.T.);
#9538=ORIENTED_EDGE('',*,*,#9464,.T.);
#9539=ORIENTED_EDGE('',*,*,#9523,.F.);
#9540=EDGE_LOOP('',(#9535,#9537,#9538,#9539));
#9541=FACE_OUTER_BOUND('',#9540,.F.);
#9542=ADVANCED_FACE('',(#9541),#9534,.T.);
#9543=CARTESIAN_POINT('',(4.5E-1,-1.E-2,7.925E0));
#9544=DIRECTION('',(0.E0,-1.E0,0.E0));
#9545=DIRECTION('',(0.E0,0.E0,1.E0));
#9546=AXIS2_PLACEMENT_3D('',#9543,#9544,#9545);
#9547=PLANE('',#9546);
#9548=ORIENTED_EDGE('',*,*,#9419,.F.);
#9550=ORIENTED_EDGE('',*,*,#9549,.T.);
#9551=ORIENTED_EDGE('',*,*,#9466,.T.);
#9552=ORIENTED_EDGE('',*,*,#9536,.F.);
#9553=EDGE_LOOP('',(#9548,#9550,#9551,#9552));
#9554=FACE_OUTER_BOUND('',#9553,.F.);
#9555=ADVANCED_FACE('',(#9554),#9547,.T.);
#9556=CARTESIAN_POINT('',(4.5E-1,9.9E-1,7.925E0));
#9557=DIRECTION('',(-1.E0,0.E0,0.E0));
#9558=DIRECTION('',(0.E0,0.E0,1.E0));
#9559=AXIS2_PLACEMENT_3D('',#9556,#9557,#9558);
#9560=CYLINDRICAL_SURFACE('',#9559,1.E0);
#9561=ORIENTED_EDGE('',*,*,#9417,.F.);
#9563=ORIENTED_EDGE('',*,*,#9562,.T.);
#9564=ORIENTED_EDGE('',*,*,#9468,.T.);
#9565=ORIENTED_EDGE('',*,*,#9549,.F.);
#9566=EDGE_LOOP('',(#9561,#9563,#9564,#9565));
#9567=FACE_OUTER_BOUND('',#9566,.F.);
#9568=ADVANCED_FACE('',(#9567),#9560,.T.);
#9569=CARTESIAN_POINT('',(4.5E-1,1.569459271067E0,6.807399084404E0));
#9570=DIRECTION('',(0.E0,-1.736481776669E-1,-9.848077530122E-1));
#9571=DIRECTION('',(0.E0,-9.848077530122E-1,1.736481776669E-1));
#9572=AXIS2_PLACEMENT_3D('',#9569,#9570,#9571);
#9573=PLANE('',#9572);
#9574=ORIENTED_EDGE('',*,*,#9415,.F.);
#9576=ORIENTED_EDGE('',*,*,#9575,.T.);
#9577=ORIENTED_EDGE('',*,*,#9470,.T.);
#9578=ORIENTED_EDGE('',*,*,#9562,.F.);
#9579=EDGE_LOOP('',(#9574,#9576,#9577,#9578));
#9580=FACE_OUTER_BOUND('',#9579,.F.);
#9581=ADVANCED_FACE('',(#9580),#9573,.T.);
#9582=CARTESIAN_POINT('',(4.5E-1,1.5E0,6.413475983199E0));
#9583=DIRECTION('',(-1.E0,0.E0,0.E0));
#9584=DIRECTION('',(0.E0,0.E0,1.E0));
#9585=AXIS2_PLACEMENT_3D('',#9582,#9583,#9584);
#9586=CYLINDRICAL_SURFACE('',#9585,4.E-1);
#9587=ORIENTED_EDGE('',*,*,#9413,.F.);
#9588=ORIENTED_EDGE('',*,*,#9443,.T.);
#9589=ORIENTED_EDGE('',*,*,#9472,.T.);
#9590=ORIENTED_EDGE('',*,*,#9575,.F.);
#9591=EDGE_LOOP('',(#9587,#9588,#9589,#9590));
#9592=FACE_OUTER_BOUND('',#9591,.F.);
#9593=ADVANCED_FACE('',(#9592),#9586,.F.);
#9594=CARTESIAN_POINT('',(-1.25E0,2.5E0,6.413475983199E0));
#9595=DIRECTION('',(0.E0,1.E0,0.E0));
#9596=DIRECTION('',(0.E0,0.E0,-1.E0));
#9597=AXIS2_PLACEMENT_3D('',#9594,#9595,#9596);
#9598=PLANE('',#9597);
#9599=ORIENTED_EDGE('',*,*,#9158,.F.);
#9601=ORIENTED_EDGE('',*,*,#9600,.F.);
#9603=ORIENTED_EDGE('',*,*,#9602,.T.);
#9605=ORIENTED_EDGE('',*,*,#9604,.T.);
#9606=EDGE_LOOP('',(#9599,#9601,#9603,#9605));
#9607=FACE_OUTER_BOUND('',#9606,.F.);
#9608=ADVANCED_FACE('',(#9607),#9598,.T.);
#9609=CARTESIAN_POINT('',(-1.25E0,0.E0,0.E0));
#9610=DIRECTION('',(-1.E0,0.E0,0.E0));
#9611=DIRECTION('',(0.E0,0.E0,1.E0));
#9612=AXIS2_PLACEMENT_3D('',#9609,#9610,#9611);
#9613=PLANE('',#9612);
#9614=ORIENTED_EDGE('',*,*,#9001,.F.);
#9616=ORIENTED_EDGE('',*,*,#9615,.T.);
#9618=ORIENTED_EDGE('',*,*,#9617,.T.);
#9620=ORIENTED_EDGE('',*,*,#9619,.T.);
#9622=ORIENTED_EDGE('',*,*,#9621,.T.);
#9624=ORIENTED_EDGE('',*,*,#9623,.T.);
#9626=ORIENTED_EDGE('',*,*,#9625,.T.);
#9628=ORIENTED_EDGE('',*,*,#9627,.T.);
#9630=ORIENTED_EDGE('',*,*,#9629,.T.);
#9632=ORIENTED_EDGE('',*,*,#9631,.T.);
#9634=ORIENTED_EDGE('',*,*,#9633,.T.);
#9635=ORIENTED_EDGE('',*,*,#9600,.T.);
#9636=EDGE_LOOP('',(#9614,#9616,#9618,#9620,#9622,#9624,#9626,#9628,#9630,#9632,
#9634,#9635));
#9637=FACE_OUTER_BOUND('',#9636,.F.);
#9638=ADVANCED_FACE('',(#9637),#9613,.F.);
#9639=CARTESIAN_POINT('',(-1.25E0,1.9E0,4.725E0));
#9640=DIRECTION('',(0.E0,-1.E0,0.E0));
#9641=DIRECTION('',(0.E0,0.E0,1.E0));
#9642=AXIS2_PLACEMENT_3D('',#9639,#9640,#9641);
#9643=PLANE('',#9642);
#9644=ORIENTED_EDGE('',*,*,#8910,.T.);
#9646=ORIENTED_EDGE('',*,*,#9645,.T.);
#9648=ORIENTED_EDGE('',*,*,#9647,.F.);
#9649=ORIENTED_EDGE('',*,*,#9615,.F.);
#9650=EDGE_LOOP('',(#9644,#9646,#9648,#9649));
#9651=FACE_OUTER_BOUND('',#9650,.F.);
#9652=ADVANCED_FACE('',(#9651),#9643,.T.);
#9653=CARTESIAN_POINT('',(-2.15E0,0.E0,0.E0));
#9654=DIRECTION('',(-1.E0,0.E0,0.E0));
#9655=DIRECTION('',(0.E0,0.E0,1.E0));
#9656=AXIS2_PLACEMENT_3D('',#9653,#9654,#9655);
#9657=PLANE('',#9656);
#9658=ORIENTED_EDGE('',*,*,#8971,.T.);
#9659=ORIENTED_EDGE('',*,*,#9604,.F.);
#9661=ORIENTED_EDGE('',*,*,#9660,.F.);
#9663=ORIENTED_EDGE('',*,*,#9662,.F.);
#9665=ORIENTED_EDGE('',*,*,#9664,.F.);
#9667=ORIENTED_EDGE('',*,*,#9666,.F.);
#9669=ORIENTED_EDGE('',*,*,#9668,.F.);
#9671=ORIENTED_EDGE('',*,*,#9670,.F.);
#9673=ORIENTED_EDGE('',*,*,#9672,.F.);
#9675=ORIENTED_EDGE('',*,*,#9674,.F.);
#9677=ORIENTED_EDGE('',*,*,#9676,.F.);
#9678=ORIENTED_EDGE('',*,*,#9645,.F.);
#9679=EDGE_LOOP('',(#9658,#9659,#9661,#9663,#9665,#9667,#9669,#9671,#9673,#9675,
#9677,#9678));
#9680=FACE_OUTER_BOUND('',#9679,.F.);
#9681=ADVANCED_FACE('',(#9680),#9657,.T.);
#9682=CARTESIAN_POINT('',(-1.25E0,1.5E0,6.413475983199E0));
#9683=DIRECTION('',(-1.E0,0.E0,0.E0));
#9684=DIRECTION('',(0.E0,0.E0,1.E0));
#9685=AXIS2_PLACEMENT_3D('',#9682,#9683,#9684);
#9686=CYLINDRICAL_SURFACE('',#9685,1.E0);
#9687=ORIENTED_EDGE('',*,*,#9633,.F.);
#9689=ORIENTED_EDGE('',*,*,#9688,.T.);
#9690=ORIENTED_EDGE('',*,*,#9660,.T.);
#9691=ORIENTED_EDGE('',*,*,#9602,.F.);
#9692=EDGE_LOOP('',(#9687,#9689,#9690,#9691));
#9693=FACE_OUTER_BOUND('',#9692,.F.);
#9694=ADVANCED_FACE('',(#9693),#9686,.T.);
#9695=CARTESIAN_POINT('',(-1.25E0,9.205407289332E-1,7.531076898795E0));
#9696=DIRECTION('',(0.E0,1.736481776669E-1,9.848077530122E-1));
#9697=DIRECTION('',(0.E0,9.848077530122E-1,-1.736481776669E-1));
#9698=AXIS2_PLACEMENT_3D('',#9695,#9696,#9697);
#9699=PLANE('',#9698);
#9700=ORIENTED_EDGE('',*,*,#9631,.F.);
#9702=ORIENTED_EDGE('',*,*,#9701,.T.);
#9703=ORIENTED_EDGE('',*,*,#9662,.T.);
#9704=ORIENTED_EDGE('',*,*,#9688,.F.);
#9705=EDGE_LOOP('',(#9700,#9702,#9703,#9704));
#9706=FACE_OUTER_BOUND('',#9705,.F.);
#9707=ADVANCED_FACE('',(#9706),#9699,.T.);
#9708=CARTESIAN_POINT('',(-1.25E0,9.9E-1,7.925E0));
#9709=DIRECTION('',(-1.E0,0.E0,0.E0));
#9710=DIRECTION('',(0.E0,0.E0,1.E0));
#9711=AXIS2_PLACEMENT_3D('',#9708,#9709,#9710);
#9712=CYLINDRICAL_SURFACE('',#9711,4.E-1);
#9713=ORIENTED_EDGE('',*,*,#9629,.F.);
#9715=ORIENTED_EDGE('',*,*,#9714,.T.);
#9716=ORIENTED_EDGE('',*,*,#9664,.T.);
#9717=ORIENTED_EDGE('',*,*,#9701,.F.);
#9718=EDGE_LOOP('',(#9713,#9715,#9716,#9717));
#9719=FACE_OUTER_BOUND('',#9718,.F.);
#9720=ADVANCED_FACE('',(#9719),#9712,.F.);
#9721=CARTESIAN_POINT('',(-1.25E0,5.9E-1,9.925E0));
#9722=DIRECTION('',(0.E0,1.E0,0.E0));
#9723=DIRECTION('',(0.E0,0.E0,-1.E0));
#9724=AXIS2_PLACEMENT_3D('',#9721,#9722,#9723);
#9725=PLANE('',#9724);
#9726=ORIENTED_EDGE('',*,*,#9627,.F.);
#9728=ORIENTED_EDGE('',*,*,#9727,.T.);
#9729=ORIENTED_EDGE('',*,*,#9666,.T.);
#9730=ORIENTED_EDGE('',*,*,#9714,.F.);
#9731=EDGE_LOOP('',(#9726,#9728,#9729,#9730));
#9732=FACE_OUTER_BOUND('',#9731,.F.);
#9733=ADVANCED_FACE('',(#9732),#9725,.T.);
#9734=CARTESIAN_POINT('',(-1.25E0,-1.E-2,9.925E0));
#9735=DIRECTION('',(0.E0,0.E0,1.E0));
#9736=DIRECTION('',(0.E0,1.E0,0.E0));
#9737=AXIS2_PLACEMENT_3D('',#9734,#9735,#9736);
#9738=PLANE('',#9737);
#9739=ORIENTED_EDGE('',*,*,#9625,.F.);
#9741=ORIENTED_EDGE('',*,*,#9740,.T.);
#9742=ORIENTED_EDGE('',*,*,#9668,.T.);
#9743=ORIENTED_EDGE('',*,*,#9727,.F.);
#9744=EDGE_LOOP('',(#9739,#9741,#9742,#9743));
#9745=FACE_OUTER_BOUND('',#9744,.F.);
#9746=ADVANCED_FACE('',(#9745),#9738,.T.);
#9747=CARTESIAN_POINT('',(-1.25E0,-1.E-2,7.925E0));
#9748=DIRECTION('',(0.E0,-1.E0,0.E0));
#9749=DIRECTION('',(0.E0,0.E0,1.E0));
#9750=AXIS2_PLACEMENT_3D('',#9747,#9748,#9749);
#9751=PLANE('',#9750);
#9752=ORIENTED_EDGE('',*,*,#9623,.F.);
#9754=ORIENTED_EDGE('',*,*,#9753,.T.);
#9755=ORIENTED_EDGE('',*,*,#9670,.T.);
#9756=ORIENTED_EDGE('',*,*,#9740,.F.);
#9757=EDGE_LOOP('',(#9752,#9754,#9755,#9756));
#9758=FACE_OUTER_BOUND('',#9757,.F.);
#9759=ADVANCED_FACE('',(#9758),#9751,.T.);
#9760=CARTESIAN_POINT('',(-1.25E0,9.9E-1,7.925E0));
#9761=DIRECTION('',(-1.E0,0.E0,0.E0));
#9762=DIRECTION('',(0.E0,0.E0,1.E0));
#9763=AXIS2_PLACEMENT_3D('',#9760,#9761,#9762);
#9764=CYLINDRICAL_SURFACE('',#9763,1.E0);
#9765=ORIENTED_EDGE('',*,*,#9621,.F.);
#9767=ORIENTED_EDGE('',*,*,#9766,.T.);
#9768=ORIENTED_EDGE('',*,*,#9672,.T.);
#9769=ORIENTED_EDGE('',*,*,#9753,.F.);
#9770=EDGE_LOOP('',(#9765,#9767,#9768,#9769));
#9771=FACE_OUTER_BOUND('',#9770,.F.);
#9772=ADVANCED_FACE('',(#9771),#9764,.T.);
#9773=CARTESIAN_POINT('',(-1.25E0,1.569459271067E0,6.807399084404E0));
#9774=DIRECTION('',(0.E0,-1.736481776669E-1,-9.848077530122E-1));
#9775=DIRECTION('',(0.E0,-9.848077530122E-1,1.736481776669E-1));
#9776=AXIS2_PLACEMENT_3D('',#9773,#9774,#9775);
#9777=PLANE('',#9776);
#9778=ORIENTED_EDGE('',*,*,#9619,.F.);
#9780=ORIENTED_EDGE('',*,*,#9779,.T.);
#9781=ORIENTED_EDGE('',*,*,#9674,.T.);
#9782=ORIENTED_EDGE('',*,*,#9766,.F.);
#9783=EDGE_LOOP('',(#9778,#9780,#9781,#9782));
#9784=FACE_OUTER_BOUND('',#9783,.F.);
#9785=ADVANCED_FACE('',(#9784),#9777,.T.);
#9786=CARTESIAN_POINT('',(-1.25E0,1.5E0,6.413475983199E0));
#9787=DIRECTION('',(-1.E0,0.E0,0.E0));
#9788=DIRECTION('',(0.E0,0.E0,1.E0));
#9789=AXIS2_PLACEMENT_3D('',#9786,#9787,#9788);
#9790=CYLINDRICAL_SURFACE('',#9789,4.E-1);
#9791=ORIENTED_EDGE('',*,*,#9617,.F.);
#9792=ORIENTED_EDGE('',*,*,#9647,.T.);
#9793=ORIENTED_EDGE('',*,*,#9676,.T.);
#9794=ORIENTED_EDGE('',*,*,#9779,.F.);
#9795=EDGE_LOOP('',(#9791,#9792,#9793,#9794));
#9796=FACE_OUTER_BOUND('',#9795,.F.);
#9797=ADVANCED_FACE('',(#9796),#9790,.F.);
#9798=CARTESIAN_POINT('',(-5.E0,2.885E0,0.E0));
#9799=DIRECTION('',(-9.978286569609E-1,6.586327768719E-2,0.E0));
#9800=DIRECTION('',(0.E0,0.E0,-1.E0));
#9801=AXIS2_PLACEMENT_3D('',#9798,#9799,#9800);
#9802=PLANE('',#9801);
#9803=ORIENTED_EDGE('',*,*,#8902,.F.);
#9805=ORIENTED_EDGE('',*,*,#9804,.F.);
#9806=ORIENTED_EDGE('',*,*,#8835,.T.);
#9808=ORIENTED_EDGE('',*,*,#9807,.T.);
#9809=ORIENTED_EDGE('',*,*,#9163,.F.);
#9810=ORIENTED_EDGE('',*,*,#8947,.T.);
#9811=EDGE_LOOP('',(#9803,#9805,#9806,#9808,#9809,#9810));
#9812=FACE_OUTER_BOUND('',#9811,.F.);
#9813=ADVANCED_FACE('',(#9812),#9802,.T.);
#9814=FILL_AREA_STYLE_COLOUR('',#3);
#9815=FILL_AREA_STYLE('',(#9814));
#9816=SURFACE_STYLE_FILL_AREA(#9815);
#9817=SURFACE_SIDE_STYLE('',(#9816));
#9818=SURFACE_STYLE_USAGE(.POSITIVE.,#9817);
#9819=FILL_AREA_STYLE_COLOUR('',#13);
#9820=FILL_AREA_STYLE('',(#9819));
#9821=SURFACE_STYLE_FILL_AREA(#9820);
#9822=SURFACE_SIDE_STYLE('',(#9821));
#9823=SURFACE_STYLE_USAGE(.NEGATIVE.,#9822);
#9824=PRESENTATION_STYLE_ASSIGNMENT((#9818,#9823));
#9825=OVER_RIDING_STYLED_ITEM('',(#9824),#9813,#14);
#9826=CARTESIAN_POINT('',(-5.1E0,0.E0,-4.725E0));
#9827=DIRECTION('',(-1.E0,0.E0,0.E0));
#9828=DIRECTION('',(0.E0,0.E0,1.E0));
#9829=AXIS2_PLACEMENT_3D('',#9826,#9827,#9828);
#9830=PLANE('',#9829);
#9831=ORIENTED_EDGE('',*,*,#8900,.F.);
#9832=ORIENTED_EDGE('',*,*,#8406,.F.);
#9833=ORIENTED_EDGE('',*,*,#8689,.T.);
#9834=ORIENTED_EDGE('',*,*,#9804,.T.);
#9835=EDGE_LOOP('',(#9831,#9832,#9833,#9834));
#9836=FACE_OUTER_BOUND('',#9835,.F.);
#9837=ADVANCED_FACE('',(#9836),#9830,.T.);
#9838=FILL_AREA_STYLE_COLOUR('',#3);
#9839=FILL_AREA_STYLE('',(#9838));
#9840=SURFACE_STYLE_FILL_AREA(#9839);
#9841=SURFACE_SIDE_STYLE('',(#9840));
#9842=SURFACE_STYLE_USAGE(.POSITIVE.,#9841);
#9843=FILL_AREA_STYLE_COLOUR('',#13);
#9844=FILL_AREA_STYLE('',(#9843));
#9845=SURFACE_STYLE_FILL_AREA(#9844);
#9846=SURFACE_SIDE_STYLE('',(#9845));
#9847=SURFACE_STYLE_USAGE(.NEGATIVE.,#9846);
#9848=PRESENTATION_STYLE_ASSIGNMENT((#9842,#9847));
#9849=OVER_RIDING_STYLED_ITEM('',(#9848),#9837,#14);
#9850=CARTESIAN_POINT('',(0.E0,4.4E0,0.E0));
#9851=DIRECTION('',(0.E0,1.E0,0.E0));
#9852=DIRECTION('',(1.E0,0.E0,0.E0));
#9853=AXIS2_PLACEMENT_3D('',#9850,#9851,#9852);
#9854=PLANE('',#9853);
#9855=ORIENTED_EDGE('',*,*,#8869,.F.);
#9856=ORIENTED_EDGE('',*,*,#9165,.F.);
#9857=ORIENTED_EDGE('',*,*,#9807,.F.);
#9858=ORIENTED_EDGE('',*,*,#8833,.F.);
#9859=EDGE_LOOP('',(#9855,#9856,#9857,#9858));
#9860=FACE_OUTER_BOUND('',#9859,.F.);
#9862=ORIENTED_EDGE('',*,*,#9861,.T.);
#9864=ORIENTED_EDGE('',*,*,#9863,.T.);
#9866=ORIENTED_EDGE('',*,*,#9865,.T.);
#9868=ORIENTED_EDGE('',*,*,#9867,.T.);
#9870=ORIENTED_EDGE('',*,*,#9869,.T.);
#9872=ORIENTED_EDGE('',*,*,#9871,.T.);
#9874=ORIENTED_EDGE('',*,*,#9873,.T.);
#9876=ORIENTED_EDGE('',*,*,#9875,.T.);
#9877=EDGE_LOOP('',(#9862,#9864,#9866,#9868,#9870,#9872,#9874,#9876));
#9878=FACE_BOUND('',#9877,.F.);
#9880=ORIENTED_EDGE('',*,*,#9879,.T.);
#9882=ORIENTED_EDGE('',*,*,#9881,.T.);
#9884=ORIENTED_EDGE('',*,*,#9883,.T.);
#9886=ORIENTED_EDGE('',*,*,#9885,.T.);
#9888=ORIENTED_EDGE('',*,*,#9887,.T.);
#9890=ORIENTED_EDGE('',*,*,#9889,.T.);
#9892=ORIENTED_EDGE('',*,*,#9891,.T.);
#9894=ORIENTED_EDGE('',*,*,#9893,.T.);
#9896=ORIENTED_EDGE('',*,*,#9895,.T.);
#9898=ORIENTED_EDGE('',*,*,#9897,.T.);
#9900=ORIENTED_EDGE('',*,*,#9899,.T.);
#9902=ORIENTED_EDGE('',*,*,#9901,.T.);
#9904=ORIENTED_EDGE('',*,*,#9903,.T.);
#9906=ORIENTED_EDGE('',*,*,#9905,.T.);
#9908=ORIENTED_EDGE('',*,*,#9907,.T.);
#9910=ORIENTED_EDGE('',*,*,#9909,.T.);
#9912=ORIENTED_EDGE('',*,*,#9911,.T.);
#9914=ORIENTED_EDGE('',*,*,#9913,.T.);
#9916=ORIENTED_EDGE('',*,*,#9915,.T.);
#9918=ORIENTED_EDGE('',*,*,#9917,.T.);
#9920=ORIENTED_EDGE('',*,*,#9919,.T.);
#9922=ORIENTED_EDGE('',*,*,#9921,.T.);
#9924=ORIENTED_EDGE('',*,*,#9923,.T.);
#9926=ORIENTED_EDGE('',*,*,#9925,.T.);
#9927=EDGE_LOOP('',(#9880,#9882,#9884,#9886,#9888,#9890,#9892,#9894,#9896,#9898,
#9900,#9902,#9904,#9906,#9908,#9910,#9912,#9914,#9916,#9918,#9920,#9922,#9924,
#9926));
#9928=FACE_BOUND('',#9927,.F.);
#9930=ORIENTED_EDGE('',*,*,#9929,.T.);
#9932=ORIENTED_EDGE('',*,*,#9931,.T.);
#9934=ORIENTED_EDGE('',*,*,#9933,.T.);
#9936=ORIENTED_EDGE('',*,*,#9935,.T.);
#9938=ORIENTED_EDGE('',*,*,#9937,.T.);
#9940=ORIENTED_EDGE('',*,*,#9939,.T.);
#9942=ORIENTED_EDGE('',*,*,#9941,.T.);
#9944=ORIENTED_EDGE('',*,*,#9943,.T.);
#9946=ORIENTED_EDGE('',*,*,#9945,.T.);
#9948=ORIENTED_EDGE('',*,*,#9947,.T.);
#9950=ORIENTED_EDGE('',*,*,#9949,.T.);
#9952=ORIENTED_EDGE('',*,*,#9951,.T.);
#9954=ORIENTED_EDGE('',*,*,#9953,.T.);
#9956=ORIENTED_EDGE('',*,*,#9955,.T.);
#9958=ORIENTED_EDGE('',*,*,#9957,.T.);
#9960=ORIENTED_EDGE('',*,*,#9959,.T.);
#9962=ORIENTED_EDGE('',*,*,#9961,.T.);
#9964=ORIENTED_EDGE('',*,*,#9963,.T.);
#9966=ORIENTED_EDGE('',*,*,#9965,.T.);
#9968=ORIENTED_EDGE('',*,*,#9967,.T.);
#9970=ORIENTED_EDGE('',*,*,#9969,.T.);
#9972=ORIENTED_EDGE('',*,*,#9971,.T.);
#9974=ORIENTED_EDGE('',*,*,#9973,.T.);
#9976=ORIENTED_EDGE('',*,*,#9975,.T.);
#9978=ORIENTED_EDGE('',*,*,#9977,.T.);
#9980=ORIENTED_EDGE('',*,*,#9979,.T.);
#9982=ORIENTED_EDGE('',*,*,#9981,.T.);
#9984=ORIENTED_EDGE('',*,*,#9983,.T.);
#9985=EDGE_LOOP('',(#9930,#9932,#9934,#9936,#9938,#9940,#9942,#9944,#9946,#9948,
#9950,#9952,#9954,#9956,#9958,#9960,#9962,#9964,#9966,#9968,#9970,#9972,#9974,
#9976,#9978,#9980,#9982,#9984));
#9986=FACE_BOUND('',#9985,.F.);
#9988=ORIENTED_EDGE('',*,*,#9987,.T.);
#9990=ORIENTED_EDGE('',*,*,#9989,.T.);
#9992=ORIENTED_EDGE('',*,*,#9991,.T.);
#9994=ORIENTED_EDGE('',*,*,#9993,.T.);
#9996=ORIENTED_EDGE('',*,*,#9995,.T.);
#9998=ORIENTED_EDGE('',*,*,#9997,.T.);
#10000=ORIENTED_EDGE('',*,*,#9999,.T.);
#10002=ORIENTED_EDGE('',*,*,#10001,.T.);
#10004=ORIENTED_EDGE('',*,*,#10003,.T.);
#10006=ORIENTED_EDGE('',*,*,#10005,.T.);
#10008=ORIENTED_EDGE('',*,*,#10007,.T.);
#10010=ORIENTED_EDGE('',*,*,#10009,.T.);
#10012=ORIENTED_EDGE('',*,*,#10011,.T.);
#10014=ORIENTED_EDGE('',*,*,#10013,.T.);
#10016=ORIENTED_EDGE('',*,*,#10015,.T.);
#10018=ORIENTED_EDGE('',*,*,#10017,.T.);
#10020=ORIENTED_EDGE('',*,*,#10019,.T.);
#10022=ORIENTED_EDGE('',*,*,#10021,.T.);
#10024=ORIENTED_EDGE('',*,*,#10023,.T.);
#10026=ORIENTED_EDGE('',*,*,#10025,.T.);
#10028=ORIENTED_EDGE('',*,*,#10027,.T.);
#10030=ORIENTED_EDGE('',*,*,#10029,.T.);
#10032=ORIENTED_EDGE('',*,*,#10031,.T.);
#10034=ORIENTED_EDGE('',*,*,#10033,.T.);
#10036=ORIENTED_EDGE('',*,*,#10035,.T.);
#10038=ORIENTED_EDGE('',*,*,#10037,.T.);
#10040=ORIENTED_EDGE('',*,*,#10039,.T.);
#10042=ORIENTED_EDGE('',*,*,#10041,.T.);
#10044=ORIENTED_EDGE('',*,*,#10043,.T.);
#10046=ORIENTED_EDGE('',*,*,#10045,.T.);
#10048=ORIENTED_EDGE('',*,*,#10047,.T.);
#10050=ORIENTED_EDGE('',*,*,#10049,.T.);
#10052=ORIENTED_EDGE('',*,*,#10051,.T.);
#10054=ORIENTED_EDGE('',*,*,#10053,.T.);
#10056=ORIENTED_EDGE('',*,*,#10055,.T.);
#10058=ORIENTED_EDGE('',*,*,#10057,.T.);
#10060=ORIENTED_EDGE('',*,*,#10059,.T.);
#10062=ORIENTED_EDGE('',*,*,#10061,.T.);
#10064=ORIENTED_EDGE('',*,*,#10063,.T.);
#10066=ORIENTED_EDGE('',*,*,#10065,.T.);
#10067=EDGE_LOOP('',(#9988,#9990,#9992,#9994,#9996,#9998,#10000,#10002,#10004,
#10006,#10008,#10010,#10012,#10014,#10016,#10018,#10020,#10022,#10024,#10026,
#10028,#10030,#10032,#10034,#10036,#10038,#10040,#10042,#10044,#10046,#10048,
#10050,#10052,#10054,#10056,#10058,#10060,#10062,#10064,#10066));
#10068=FACE_BOUND('',#10067,.F.);
#10070=ORIENTED_EDGE('',*,*,#10069,.T.);
#10072=ORIENTED_EDGE('',*,*,#10071,.T.);
#10074=ORIENTED_EDGE('',*,*,#10073,.T.);
#10076=ORIENTED_EDGE('',*,*,#10075,.T.);
#10078=ORIENTED_EDGE('',*,*,#10077,.T.);
#10080=ORIENTED_EDGE('',*,*,#10079,.T.);
#10082=ORIENTED_EDGE('',*,*,#10081,.T.);
#10084=ORIENTED_EDGE('',*,*,#10083,.T.);
#10086=ORIENTED_EDGE('',*,*,#10085,.T.);
#10088=ORIENTED_EDGE('',*,*,#10087,.T.);
#10090=ORIENTED_EDGE('',*,*,#10089,.T.);
#10092=ORIENTED_EDGE('',*,*,#10091,.T.);
#10094=ORIENTED_EDGE('',*,*,#10093,.T.);
#10096=ORIENTED_EDGE('',*,*,#10095,.T.);
#10098=ORIENTED_EDGE('',*,*,#10097,.T.);
#10100=ORIENTED_EDGE('',*,*,#10099,.T.);
#10102=ORIENTED_EDGE('',*,*,#10101,.T.);
#10104=ORIENTED_EDGE('',*,*,#10103,.T.);
#10106=ORIENTED_EDGE('',*,*,#10105,.T.);
#10108=ORIENTED_EDGE('',*,*,#10107,.T.);
#10110=ORIENTED_EDGE('',*,*,#10109,.T.);
#10112=ORIENTED_EDGE('',*,*,#10111,.T.);
#10114=ORIENTED_EDGE('',*,*,#10113,.T.);
#10116=ORIENTED_EDGE('',*,*,#10115,.T.);
#10118=ORIENTED_EDGE('',*,*,#10117,.T.);
#10120=ORIENTED_EDGE('',*,*,#10119,.T.);
#10122=ORIENTED_EDGE('',*,*,#10121,.T.);
#10124=ORIENTED_EDGE('',*,*,#10123,.T.);
#10126=ORIENTED_EDGE('',*,*,#10125,.T.);
#10128=ORIENTED_EDGE('',*,*,#10127,.T.);
#10130=ORIENTED_EDGE('',*,*,#10129,.T.);
#10132=ORIENTED_EDGE('',*,*,#10131,.T.);
#10134=ORIENTED_EDGE('',*,*,#10133,.T.);
#10136=ORIENTED_EDGE('',*,*,#10135,.T.);
#10138=ORIENTED_EDGE('',*,*,#10137,.T.);
#10140=ORIENTED_EDGE('',*,*,#10139,.T.);
#10142=ORIENTED_EDGE('',*,*,#10141,.T.);
#10144=ORIENTED_EDGE('',*,*,#10143,.T.);
#10146=ORIENTED_EDGE('',*,*,#10145,.T.);
#10148=ORIENTED_EDGE('',*,*,#10147,.T.);
#10150=ORIENTED_EDGE('',*,*,#10149,.T.);
#10152=ORIENTED_EDGE('',*,*,#10151,.T.);
#10154=ORIENTED_EDGE('',*,*,#10153,.T.);
#10156=ORIENTED_EDGE('',*,*,#10155,.T.);
#10158=ORIENTED_EDGE('',*,*,#10157,.T.);
#10160=ORIENTED_EDGE('',*,*,#10159,.T.);
#10162=ORIENTED_EDGE('',*,*,#10161,.T.);
#10164=ORIENTED_EDGE('',*,*,#10163,.T.);
#10166=ORIENTED_EDGE('',*,*,#10165,.T.);
#10168=ORIENTED_EDGE('',*,*,#10167,.T.);
#10170=ORIENTED_EDGE('',*,*,#10169,.T.);
#10172=ORIENTED_EDGE('',*,*,#10171,.T.);
#10174=ORIENTED_EDGE('',*,*,#10173,.T.);
#10176=ORIENTED_EDGE('',*,*,#10175,.T.);
#10178=ORIENTED_EDGE('',*,*,#10177,.T.);
#10180=ORIENTED_EDGE('',*,*,#10179,.T.);
#10182=ORIENTED_EDGE('',*,*,#10181,.T.);
#10183=EDGE_LOOP('',(#10070,#10072,#10074,#10076,#10078,#10080,#10082,#10084,
#10086,#10088,#10090,#10092,#10094,#10096,#10098,#10100,#10102,#10104,#10106,
#10108,#10110,#10112,#10114,#10116,#10118,#10120,#10122,#10124,#10126,#10128,
#10130,#10132,#10134,#10136,#10138,#10140,#10142,#10144,#10146,#10148,#10150,
#10152,#10154,#10156,#10158,#10160,#10162,#10164,#10166,#10168,#10170,#10172,
#10174,#10176,#10178,#10180,#10182));
#10184=FACE_BOUND('',#10183,.F.);
#10186=ORIENTED_EDGE('',*,*,#10185,.T.);
#10188=ORIENTED_EDGE('',*,*,#10187,.T.);
#10190=ORIENTED_EDGE('',*,*,#10189,.T.);
#10192=ORIENTED_EDGE('',*,*,#10191,.T.);
#10193=EDGE_LOOP('',(#10186,#10188,#10190,#10192));
#10194=FACE_BOUND('',#10193,.F.);
#10196=ORIENTED_EDGE('',*,*,#10195,.T.);
#10198=ORIENTED_EDGE('',*,*,#10197,.T.);
#10200=ORIENTED_EDGE('',*,*,#10199,.T.);
#10202=ORIENTED_EDGE('',*,*,#10201,.T.);
#10204=ORIENTED_EDGE('',*,*,#10203,.T.);
#10206=ORIENTED_EDGE('',*,*,#10205,.T.);
#10208=ORIENTED_EDGE('',*,*,#10207,.T.);
#10210=ORIENTED_EDGE('',*,*,#10209,.T.);
#10212=ORIENTED_EDGE('',*,*,#10211,.T.);
#10214=ORIENTED_EDGE('',*,*,#10213,.T.);
#10216=ORIENTED_EDGE('',*,*,#10215,.T.);
#10218=ORIENTED_EDGE('',*,*,#10217,.T.);
#10220=ORIENTED_EDGE('',*,*,#10219,.T.);
#10222=ORIENTED_EDGE('',*,*,#10221,.T.);
#10224=ORIENTED_EDGE('',*,*,#10223,.T.);
#10226=ORIENTED_EDGE('',*,*,#10225,.T.);
#10228=ORIENTED_EDGE('',*,*,#10227,.T.);
#10230=ORIENTED_EDGE('',*,*,#10229,.T.);
#10232=ORIENTED_EDGE('',*,*,#10231,.T.);
#10234=ORIENTED_EDGE('',*,*,#10233,.T.);
#10236=ORIENTED_EDGE('',*,*,#10235,.T.);
#10238=ORIENTED_EDGE('',*,*,#10237,.T.);
#10240=ORIENTED_EDGE('',*,*,#10239,.T.);
#10242=ORIENTED_EDGE('',*,*,#10241,.T.);
#10244=ORIENTED_EDGE('',*,*,#10243,.T.);
#10246=ORIENTED_EDGE('',*,*,#10245,.T.);
#10248=ORIENTED_EDGE('',*,*,#10247,.T.);
#10250=ORIENTED_EDGE('',*,*,#10249,.T.);
#10252=ORIENTED_EDGE('',*,*,#10251,.T.);
#10254=ORIENTED_EDGE('',*,*,#10253,.T.);
#10256=ORIENTED_EDGE('',*,*,#10255,.T.);
#10258=ORIENTED_EDGE('',*,*,#10257,.T.);
#10260=ORIENTED_EDGE('',*,*,#10259,.T.);
#10262=ORIENTED_EDGE('',*,*,#10261,.T.);
#10264=ORIENTED_EDGE('',*,*,#10263,.T.);
#10266=ORIENTED_EDGE('',*,*,#10265,.T.);
#10268=ORIENTED_EDGE('',*,*,#10267,.T.);
#10270=ORIENTED_EDGE('',*,*,#10269,.T.);
#10272=ORIENTED_EDGE('',*,*,#10271,.T.);
#10274=ORIENTED_EDGE('',*,*,#10273,.T.);
#10275=EDGE_LOOP('',(#10196,#10198,#10200,#10202,#10204,#10206,#10208,#10210,
#10212,#10214,#10216,#10218,#10220,#10222,#10224,#10226,#10228,#10230,#10232,
#10234,#10236,#10238,#10240,#10242,#10244,#10246,#10248,#10250,#10252,#10254,
#10256,#10258,#10260,#10262,#10264,#10266,#10268,#10270,#10272,#10274));
#10276=FACE_BOUND('',#10275,.F.);
#10277=ADVANCED_FACE('',(#9860,#9878,#9928,#9986,#10068,#10184,#10194,#10276),
#9854,.T.);
#10278=FILL_AREA_STYLE_COLOUR('',#3);
#10279=FILL_AREA_STYLE('',(#10278));
#10280=SURFACE_STYLE_FILL_AREA(#10279);
#10281=SURFACE_SIDE_STYLE('',(#10280));
#10282=SURFACE_STYLE_USAGE(.POSITIVE.,#10281);
#10283=FILL_AREA_STYLE_COLOUR('',#13);
#10284=FILL_AREA_STYLE('',(#10283));
#10285=SURFACE_STYLE_FILL_AREA(#10284);
#10286=SURFACE_SIDE_STYLE('',(#10285));
#10287=SURFACE_STYLE_USAGE(.NEGATIVE.,#10286);
#10288=PRESENTATION_STYLE_ASSIGNMENT((#10282,#10287));
#10289=OVER_RIDING_STYLED_ITEM('',(#10288),#10277,#14);
#10290=CARTESIAN_POINT('',(0.E0,4.4E0,0.E0));
#10291=DIRECTION('',(0.E0,1.E0,0.E0));
#10292=DIRECTION('',(1.E0,0.E0,0.E0));
#10293=AXIS2_PLACEMENT_3D('',#10290,#10291,#10292);
#10294=PLANE('',#10293);
#10296=ORIENTED_EDGE('',*,*,#10295,.T.);
#10298=ORIENTED_EDGE('',*,*,#10297,.T.);
#10300=ORIENTED_EDGE('',*,*,#10299,.T.);
#10302=ORIENTED_EDGE('',*,*,#10301,.T.);
#10304=ORIENTED_EDGE('',*,*,#10303,.T.);
#10306=ORIENTED_EDGE('',*,*,#10305,.T.);
#10308=ORIENTED_EDGE('',*,*,#10307,.T.);
#10310=ORIENTED_EDGE('',*,*,#10309,.T.);
#10312=ORIENTED_EDGE('',*,*,#10311,.T.);
#10314=ORIENTED_EDGE('',*,*,#10313,.T.);
#10316=ORIENTED_EDGE('',*,*,#10315,.T.);
#10318=ORIENTED_EDGE('',*,*,#10317,.T.);
#10320=ORIENTED_EDGE('',*,*,#10319,.T.);
#10322=ORIENTED_EDGE('',*,*,#10321,.T.);
#10324=ORIENTED_EDGE('',*,*,#10323,.T.);
#10326=ORIENTED_EDGE('',*,*,#10325,.T.);
#10328=ORIENTED_EDGE('',*,*,#10327,.T.);
#10330=ORIENTED_EDGE('',*,*,#10329,.T.);
#10332=ORIENTED_EDGE('',*,*,#10331,.T.);
#10334=ORIENTED_EDGE('',*,*,#10333,.T.);
#10335=EDGE_LOOP('',(#10296,#10298,#10300,#10302,#10304,#10306,#10308,#10310,
#10312,#10314,#10316,#10318,#10320,#10322,#10324,#10326,#10328,#10330,#10332,
#10334));
#10336=FACE_OUTER_BOUND('',#10335,.F.);
#10337=ADVANCED_FACE('',(#10336),#10294,.T.);
#10338=FILL_AREA_STYLE_COLOUR('',#3);
#10339=FILL_AREA_STYLE('',(#10338));
#10340=SURFACE_STYLE_FILL_AREA(#10339);
#10341=SURFACE_SIDE_STYLE('',(#10340));
#10342=SURFACE_STYLE_USAGE(.POSITIVE.,#10341);
#10343=FILL_AREA_STYLE_COLOUR('',#13);
#10344=FILL_AREA_STYLE('',(#10343));
#10345=SURFACE_STYLE_FILL_AREA(#10344);
#10346=SURFACE_SIDE_STYLE('',(#10345));
#10347=SURFACE_STYLE_USAGE(.NEGATIVE.,#10346);
#10348=PRESENTATION_STYLE_ASSIGNMENT((#10342,#10347));
#10349=OVER_RIDING_STYLED_ITEM('',(#10348),#10337,#14);
#10350=CARTESIAN_POINT('',(0.E0,4.4E0,0.E0));
#10351=DIRECTION('',(0.E0,1.E0,0.E0));
#10352=DIRECTION('',(1.E0,0.E0,0.E0));
#10353=AXIS2_PLACEMENT_3D('',#10350,#10351,#10352);
#10354=PLANE('',#10353);
#10356=ORIENTED_EDGE('',*,*,#10355,.T.);
#10358=ORIENTED_EDGE('',*,*,#10357,.T.);
#10360=ORIENTED_EDGE('',*,*,#10359,.T.);
#10362=ORIENTED_EDGE('',*,*,#10361,.T.);
#10364=ORIENTED_EDGE('',*,*,#10363,.T.);
#10366=ORIENTED_EDGE('',*,*,#10365,.T.);
#10368=ORIENTED_EDGE('',*,*,#10367,.T.);
#10370=ORIENTED_EDGE('',*,*,#10369,.T.);
#10372=ORIENTED_EDGE('',*,*,#10371,.T.);
#10374=ORIENTED_EDGE('',*,*,#10373,.T.);
#10376=ORIENTED_EDGE('',*,*,#10375,.T.);
#10378=ORIENTED_EDGE('',*,*,#10377,.T.);
#10380=ORIENTED_EDGE('',*,*,#10379,.T.);
#10382=ORIENTED_EDGE('',*,*,#10381,.T.);
#10384=ORIENTED_EDGE('',*,*,#10383,.T.);
#10386=ORIENTED_EDGE('',*,*,#10385,.T.);
#10388=ORIENTED_EDGE('',*,*,#10387,.T.);
#10390=ORIENTED_EDGE('',*,*,#10389,.T.);
#10392=ORIENTED_EDGE('',*,*,#10391,.T.);
#10394=ORIENTED_EDGE('',*,*,#10393,.T.);
#10395=EDGE_LOOP('',(#10356,#10358,#10360,#10362,#10364,#10366,#10368,#10370,
#10372,#10374,#10376,#10378,#10380,#10382,#10384,#10386,#10388,#10390,#10392,
#10394));
#10396=FACE_OUTER_BOUND('',#10395,.F.);
#10397=ADVANCED_FACE('',(#10396),#10354,.T.);
#10398=FILL_AREA_STYLE_COLOUR('',#3);
#10399=FILL_AREA_STYLE('',(#10398));
#10400=SURFACE_STYLE_FILL_AREA(#10399);
#10401=SURFACE_SIDE_STYLE('',(#10400));
#10402=SURFACE_STYLE_USAGE(.POSITIVE.,#10401);
#10403=FILL_AREA_STYLE_COLOUR('',#13);
#10404=FILL_AREA_STYLE('',(#10403));
#10405=SURFACE_STYLE_FILL_AREA(#10404);
#10406=SURFACE_SIDE_STYLE('',(#10405));
#10407=SURFACE_STYLE_USAGE(.NEGATIVE.,#10406);
#10408=PRESENTATION_STYLE_ASSIGNMENT((#10402,#10407));
#10409=OVER_RIDING_STYLED_ITEM('',(#10408),#10397,#14);
#10410=CARTESIAN_POINT('',(-2.991666638851E0,4.4E0,-7.E-1));
#10411=DIRECTION('',(0.E0,0.E0,-1.E0));
#10412=DIRECTION('',(-1.E0,0.E0,0.E0));
#10413=AXIS2_PLACEMENT_3D('',#10410,#10411,#10412);
#10414=PLANE('',#10413);
#10415=ORIENTED_EDGE('',*,*,#9861,.F.);
#10417=ORIENTED_EDGE('',*,*,#10416,.T.);
#10419=ORIENTED_EDGE('',*,*,#10418,.T.);
#10421=ORIENTED_EDGE('',*,*,#10420,.F.);
#10422=EDGE_LOOP('',(#10415,#10417,#10419,#10421));
#10423=FACE_OUTER_BOUND('',#10422,.F.);
#10424=ADVANCED_FACE('',(#10423),#10414,.F.);
#10425=CARTESIAN_POINT('',(-2.991666638851E0,4.4E0,-5.510638475418E-1));
#10426=DIRECTION('',(1.E0,0.E0,0.E0));
#10427=DIRECTION('',(0.E0,0.E0,-1.E0));
#10428=AXIS2_PLACEMENT_3D('',#10425,#10426,#10427);
#10429=PLANE('',#10428);
#10430=ORIENTED_EDGE('',*,*,#9875,.F.);
#10432=ORIENTED_EDGE('',*,*,#10431,.T.);
#10434=ORIENTED_EDGE('',*,*,#10433,.T.);
#10435=ORIENTED_EDGE('',*,*,#10416,.F.);
#10436=EDGE_LOOP('',(#10430,#10432,#10434,#10435));
#10437=FACE_OUTER_BOUND('',#10436,.F.);
#10438=ADVANCED_FACE('',(#10437),#10429,.F.);
#10439=CARTESIAN_POINT('',(-3.458333319426E0,4.4E0,-5.510638475418E-1));
#10440=DIRECTION('',(0.E0,0.E0,1.E0));
#10441=DIRECTION('',(1.E0,0.E0,0.E0));
#10442=AXIS2_PLACEMENT_3D('',#10439,#10440,#10441);
#10443=PLANE('',#10442);
#10444=ORIENTED_EDGE('',*,*,#9873,.F.);
#10446=ORIENTED_EDGE('',*,*,#10445,.T.);
#10448=ORIENTED_EDGE('',*,*,#10447,.T.);
#10449=ORIENTED_EDGE('',*,*,#10431,.F.);
#10450=EDGE_LOOP('',(#10444,#10446,#10448,#10449));
#10451=FACE_OUTER_BOUND('',#10450,.F.);
#10452=ADVANCED_FACE('',(#10451),#10443,.F.);
#10453=CARTESIAN_POINT('',(-3.458333319426E0,4.4E0,7.E-1));
#10454=DIRECTION('',(1.E0,0.E0,0.E0));
#10455=DIRECTION('',(0.E0,0.E0,-1.E0));
#10456=AXIS2_PLACEMENT_3D('',#10453,#10454,#10455);
#10457=PLANE('',#10456);
#10458=ORIENTED_EDGE('',*,*,#9871,.F.);
#10460=ORIENTED_EDGE('',*,*,#10459,.T.);
#10462=ORIENTED_EDGE('',*,*,#10461,.T.);
#10463=ORIENTED_EDGE('',*,*,#10445,.F.);
#10464=EDGE_LOOP('',(#10458,#10460,#10462,#10463));
#10465=FACE_OUTER_BOUND('',#10464,.F.);
#10466=ADVANCED_FACE('',(#10465),#10457,.F.);
#10467=CARTESIAN_POINT('',(-3.633333319426E0,4.4E0,7.E-1));
#10468=DIRECTION('',(0.E0,0.E0,1.E0));
#10469=DIRECTION('',(1.E0,0.E0,0.E0));
#10470=AXIS2_PLACEMENT_3D('',#10467,#10468,#10469);
#10471=PLANE('',#10470);
#10472=ORIENTED_EDGE('',*,*,#9869,.F.);
#10474=ORIENTED_EDGE('',*,*,#10473,.T.);
#10476=ORIENTED_EDGE('',*,*,#10475,.T.);
#10477=ORIENTED_EDGE('',*,*,#10459,.F.);
#10478=EDGE_LOOP('',(#10472,#10474,#10476,#10477));
#10479=FACE_OUTER_BOUND('',#10478,.F.);
#10480=ADVANCED_FACE('',(#10479),#10471,.F.);
#10481=CARTESIAN_POINT('',(-3.633333319426E0,4.4E0,-5.510638475418E-1));
#10482=DIRECTION('',(-1.E0,0.E0,0.E0));
#10483=DIRECTION('',(0.E0,0.E0,1.E0));
#10484=AXIS2_PLACEMENT_3D('',#10481,#10482,#10483);
#10485=PLANE('',#10484);
#10486=ORIENTED_EDGE('',*,*,#9867,.F.);
#10488=ORIENTED_EDGE('',*,*,#10487,.T.);
#10490=ORIENTED_EDGE('',*,*,#10489,.T.);
#10491=ORIENTED_EDGE('',*,*,#10473,.F.);
#10492=EDGE_LOOP('',(#10486,#10488,#10490,#10491));
#10493=FACE_OUTER_BOUND('',#10492,.F.);
#10494=ADVANCED_FACE('',(#10493),#10485,.F.);
#10495=CARTESIAN_POINT('',(-4.1E0,4.4E0,-5.510638475418E-1));
#10496=DIRECTION('',(0.E0,0.E0,1.E0));
#10497=DIRECTION('',(1.E0,0.E0,0.E0));
#10498=AXIS2_PLACEMENT_3D('',#10495,#10496,#10497);
#10499=PLANE('',#10498);
#10500=ORIENTED_EDGE('',*,*,#9865,.F.);
#10502=ORIENTED_EDGE('',*,*,#10501,.T.);
#10504=ORIENTED_EDGE('',*,*,#10503,.T.);
#10505=ORIENTED_EDGE('',*,*,#10487,.F.);
#10506=EDGE_LOOP('',(#10500,#10502,#10504,#10505));
#10507=FACE_OUTER_BOUND('',#10506,.F.);
#10508=ADVANCED_FACE('',(#10507),#10499,.F.);
#10509=CARTESIAN_POINT('',(-4.1E0,4.4E0,-7.E-1));
#10510=DIRECTION('',(-1.E0,0.E0,0.E0));
#10511=DIRECTION('',(0.E0,0.E0,1.E0));
#10512=AXIS2_PLACEMENT_3D('',#10509,#10510,#10511);
#10513=PLANE('',#10512);
#10514=ORIENTED_EDGE('',*,*,#9863,.F.);
#10515=ORIENTED_EDGE('',*,*,#10420,.T.);
#10517=ORIENTED_EDGE('',*,*,#10516,.T.);
#10518=ORIENTED_EDGE('',*,*,#10501,.F.);
#10519=EDGE_LOOP('',(#10514,#10515,#10517,#10518));
#10520=FACE_OUTER_BOUND('',#10519,.F.);
#10521=ADVANCED_FACE('',(#10520),#10513,.F.);
#10522=CARTESIAN_POINT('',(0.E0,4.38E0,0.E0));
#10523=DIRECTION('',(0.E0,1.E0,0.E0));
#10524=DIRECTION('',(1.E0,0.E0,0.E0));
#10525=AXIS2_PLACEMENT_3D('',#10522,#10523,#10524);
#10526=PLANE('',#10525);
#10527=ORIENTED_EDGE('',*,*,#10418,.F.);
#10528=ORIENTED_EDGE('',*,*,#10433,.F.);
#10529=ORIENTED_EDGE('',*,*,#10447,.F.);
#10530=ORIENTED_EDGE('',*,*,#10461,.F.);
#10531=ORIENTED_EDGE('',*,*,#10475,.F.);
#10532=ORIENTED_EDGE('',*,*,#10489,.F.);
#10533=ORIENTED_EDGE('',*,*,#10503,.F.);
#10534=ORIENTED_EDGE('',*,*,#10516,.F.);
#10535=EDGE_LOOP('',(#10527,#10528,#10529,#10530,#10531,#10532,#10533,#10534));
#10536=FACE_OUTER_BOUND('',#10535,.F.);
#10537=ADVANCED_FACE('',(#10536),#10526,.T.);
#10538=CARTESIAN_POINT('',(0.E0,4.38E0,0.E0));
#10539=DIRECTION('',(0.E0,1.E0,0.E0));
#10540=DIRECTION('',(1.E0,0.E0,0.E0));
#10541=AXIS2_PLACEMENT_3D('',#10538,#10539,#10540);
#10542=PLANE('',#10541);
#10544=ORIENTED_EDGE('',*,*,#10543,.F.);
#10546=ORIENTED_EDGE('',*,*,#10545,.F.);
#10548=ORIENTED_EDGE('',*,*,#10547,.F.);
#10550=ORIENTED_EDGE('',*,*,#10549,.F.);
#10552=ORIENTED_EDGE('',*,*,#10551,.F.);
#10554=ORIENTED_EDGE('',*,*,#10553,.F.);
#10556=ORIENTED_EDGE('',*,*,#10555,.F.);
#10558=ORIENTED_EDGE('',*,*,#10557,.F.);
#10560=ORIENTED_EDGE('',*,*,#10559,.F.);
#10562=ORIENTED_EDGE('',*,*,#10561,.F.);
#10564=ORIENTED_EDGE('',*,*,#10563,.F.);
#10566=ORIENTED_EDGE('',*,*,#10565,.F.);
#10568=ORIENTED_EDGE('',*,*,#10567,.F.);
#10570=ORIENTED_EDGE('',*,*,#10569,.F.);
#10572=ORIENTED_EDGE('',*,*,#10571,.F.);
#10574=ORIENTED_EDGE('',*,*,#10573,.F.);
#10576=ORIENTED_EDGE('',*,*,#10575,.F.);
#10578=ORIENTED_EDGE('',*,*,#10577,.F.);
#10580=ORIENTED_EDGE('',*,*,#10579,.F.);
#10582=ORIENTED_EDGE('',*,*,#10581,.F.);
#10584=ORIENTED_EDGE('',*,*,#10583,.F.);
#10586=ORIENTED_EDGE('',*,*,#10585,.F.);
#10588=ORIENTED_EDGE('',*,*,#10587,.F.);
#10590=ORIENTED_EDGE('',*,*,#10589,.F.);
#10591=EDGE_LOOP('',(#10544,#10546,#10548,#10550,#10552,#10554,#10556,#10558,
#10560,#10562,#10564,#10566,#10568,#10570,#10572,#10574,#10576,#10578,#10580,
#10582,#10584,#10586,#10588,#10590));
#10592=FACE_OUTER_BOUND('',#10591,.F.);
#10594=ORIENTED_EDGE('',*,*,#10593,.F.);
#10596=ORIENTED_EDGE('',*,*,#10595,.F.);
#10598=ORIENTED_EDGE('',*,*,#10597,.F.);
#10600=ORIENTED_EDGE('',*,*,#10599,.F.);
#10602=ORIENTED_EDGE('',*,*,#10601,.F.);
#10604=ORIENTED_EDGE('',*,*,#10603,.F.);
#10606=ORIENTED_EDGE('',*,*,#10605,.F.);
#10608=ORIENTED_EDGE('',*,*,#10607,.F.);
#10610=ORIENTED_EDGE('',*,*,#10609,.F.);
#10612=ORIENTED_EDGE('',*,*,#10611,.F.);
#10614=ORIENTED_EDGE('',*,*,#10613,.F.);
#10616=ORIENTED_EDGE('',*,*,#10615,.F.);
#10618=ORIENTED_EDGE('',*,*,#10617,.F.);
#10620=ORIENTED_EDGE('',*,*,#10619,.F.);
#10622=ORIENTED_EDGE('',*,*,#10621,.F.);
#10624=ORIENTED_EDGE('',*,*,#10623,.F.);
#10626=ORIENTED_EDGE('',*,*,#10625,.F.);
#10628=ORIENTED_EDGE('',*,*,#10627,.F.);
#10630=ORIENTED_EDGE('',*,*,#10629,.F.);
#10632=ORIENTED_EDGE('',*,*,#10631,.F.);
#10633=EDGE_LOOP('',(#10594,#10596,#10598,#10600,#10602,#10604,#10606,#10608,
#10610,#10612,#10614,#10616,#10618,#10620,#10622,#10624,#10626,#10628,#10630,
#10632));
#10634=FACE_BOUND('',#10633,.F.);
#10635=ADVANCED_FACE('',(#10592,#10634),#10542,.T.);
#10636=CARTESIAN_POINT('',(0.E0,4.38E0,0.E0));
#10637=DIRECTION('',(0.E0,1.E0,0.E0));
#10638=DIRECTION('',(1.E0,0.E0,0.E0));
#10639=AXIS2_PLACEMENT_3D('',#10636,#10637,#10638);
#10640=PLANE('',#10639);
#10642=ORIENTED_EDGE('',*,*,#10641,.F.);
#10644=ORIENTED_EDGE('',*,*,#10643,.F.);
#10646=ORIENTED_EDGE('',*,*,#10645,.F.);
#10648=ORIENTED_EDGE('',*,*,#10647,.F.);
#10650=ORIENTED_EDGE('',*,*,#10649,.F.);
#10652=ORIENTED_EDGE('',*,*,#10651,.F.);
#10654=ORIENTED_EDGE('',*,*,#10653,.F.);
#10656=ORIENTED_EDGE('',*,*,#10655,.F.);
#10658=ORIENTED_EDGE('',*,*,#10657,.F.);
#10660=ORIENTED_EDGE('',*,*,#10659,.F.);
#10662=ORIENTED_EDGE('',*,*,#10661,.F.);
#10664=ORIENTED_EDGE('',*,*,#10663,.F.);
#10666=ORIENTED_EDGE('',*,*,#10665,.F.);
#10668=ORIENTED_EDGE('',*,*,#10667,.F.);
#10670=ORIENTED_EDGE('',*,*,#10669,.F.);
#10672=ORIENTED_EDGE('',*,*,#10671,.F.);
#10674=ORIENTED_EDGE('',*,*,#10673,.F.);
#10676=ORIENTED_EDGE('',*,*,#10675,.F.);
#10678=ORIENTED_EDGE('',*,*,#10677,.F.);
#10680=ORIENTED_EDGE('',*,*,#10679,.F.);
#10682=ORIENTED_EDGE('',*,*,#10681,.F.);
#10684=ORIENTED_EDGE('',*,*,#10683,.F.);
#10686=ORIENTED_EDGE('',*,*,#10685,.F.);
#10688=ORIENTED_EDGE('',*,*,#10687,.F.);
#10690=ORIENTED_EDGE('',*,*,#10689,.F.);
#10692=ORIENTED_EDGE('',*,*,#10691,.F.);
#10694=ORIENTED_EDGE('',*,*,#10693,.F.);
#10696=ORIENTED_EDGE('',*,*,#10695,.F.);
#10697=EDGE_LOOP('',(#10642,#10644,#10646,#10648,#10650,#10652,#10654,#10656,
#10658,#10660,#10662,#10664,#10666,#10668,#10670,#10672,#10674,#10676,#10678,
#10680,#10682,#10684,#10686,#10688,#10690,#10692,#10694,#10696));
#10698=FACE_OUTER_BOUND('',#10697,.F.);
#10699=ADVANCED_FACE('',(#10698),#10640,.T.);
#10700=CARTESIAN_POINT('',(0.E0,4.38E0,0.E0));
#10701=DIRECTION('',(0.E0,1.E0,0.E0));
#10702=DIRECTION('',(1.E0,0.E0,0.E0));
#10703=AXIS2_PLACEMENT_3D('',#10700,#10701,#10702);
#10704=PLANE('',#10703);
#10706=ORIENTED_EDGE('',*,*,#10705,.F.);
#10708=ORIENTED_EDGE('',*,*,#10707,.F.);
#10710=ORIENTED_EDGE('',*,*,#10709,.F.);
#10712=ORIENTED_EDGE('',*,*,#10711,.F.);
#10714=ORIENTED_EDGE('',*,*,#10713,.F.);
#10716=ORIENTED_EDGE('',*,*,#10715,.F.);
#10718=ORIENTED_EDGE('',*,*,#10717,.F.);
#10720=ORIENTED_EDGE('',*,*,#10719,.F.);
#10722=ORIENTED_EDGE('',*,*,#10721,.F.);
#10724=ORIENTED_EDGE('',*,*,#10723,.F.);
#10726=ORIENTED_EDGE('',*,*,#10725,.F.);
#10728=ORIENTED_EDGE('',*,*,#10727,.F.);
#10730=ORIENTED_EDGE('',*,*,#10729,.F.);
#10732=ORIENTED_EDGE('',*,*,#10731,.F.);
#10734=ORIENTED_EDGE('',*,*,#10733,.F.);
#10736=ORIENTED_EDGE('',*,*,#10735,.F.);
#10738=ORIENTED_EDGE('',*,*,#10737,.F.);
#10740=ORIENTED_EDGE('',*,*,#10739,.F.);
#10742=ORIENTED_EDGE('',*,*,#10741,.F.);
#10744=ORIENTED_EDGE('',*,*,#10743,.F.);
#10746=ORIENTED_EDGE('',*,*,#10745,.F.);
#10748=ORIENTED_EDGE('',*,*,#10747,.F.);
#10750=ORIENTED_EDGE('',*,*,#10749,.F.);
#10752=ORIENTED_EDGE('',*,*,#10751,.F.);
#10754=ORIENTED_EDGE('',*,*,#10753,.F.);
#10756=ORIENTED_EDGE('',*,*,#10755,.F.);
#10758=ORIENTED_EDGE('',*,*,#10757,.F.);
#10760=ORIENTED_EDGE('',*,*,#10759,.F.);
#10762=ORIENTED_EDGE('',*,*,#10761,.F.);
#10764=ORIENTED_EDGE('',*,*,#10763,.F.);
#10766=ORIENTED_EDGE('',*,*,#10765,.F.);
#10768=ORIENTED_EDGE('',*,*,#10767,.F.);
#10770=ORIENTED_EDGE('',*,*,#10769,.F.);
#10772=ORIENTED_EDGE('',*,*,#10771,.F.);
#10774=ORIENTED_EDGE('',*,*,#10773,.F.);
#10776=ORIENTED_EDGE('',*,*,#10775,.F.);
#10778=ORIENTED_EDGE('',*,*,#10777,.F.);
#10780=ORIENTED_EDGE('',*,*,#10779,.F.);
#10782=ORIENTED_EDGE('',*,*,#10781,.F.);
#10784=ORIENTED_EDGE('',*,*,#10783,.F.);
#10785=EDGE_LOOP('',(#10706,#10708,#10710,#10712,#10714,#10716,#10718,#10720,
#10722,#10724,#10726,#10728,#10730,#10732,#10734,#10736,#10738,#10740,#10742,
#10744,#10746,#10748,#10750,#10752,#10754,#10756,#10758,#10760,#10762,#10764,
#10766,#10768,#10770,#10772,#10774,#10776,#10778,#10780,#10782,#10784));
#10786=FACE_OUTER_BOUND('',#10785,.F.);
#10788=ORIENTED_EDGE('',*,*,#10787,.F.);
#10790=ORIENTED_EDGE('',*,*,#10789,.F.);
#10792=ORIENTED_EDGE('',*,*,#10791,.F.);
#10794=ORIENTED_EDGE('',*,*,#10793,.F.);
#10796=ORIENTED_EDGE('',*,*,#10795,.F.);
#10798=ORIENTED_EDGE('',*,*,#10797,.F.);
#10800=ORIENTED_EDGE('',*,*,#10799,.F.);
#10802=ORIENTED_EDGE('',*,*,#10801,.F.);
#10804=ORIENTED_EDGE('',*,*,#10803,.F.);
#10806=ORIENTED_EDGE('',*,*,#10805,.F.);
#10808=ORIENTED_EDGE('',*,*,#10807,.F.);
#10810=ORIENTED_EDGE('',*,*,#10809,.F.);
#10812=ORIENTED_EDGE('',*,*,#10811,.F.);
#10814=ORIENTED_EDGE('',*,*,#10813,.F.);
#10816=ORIENTED_EDGE('',*,*,#10815,.F.);
#10818=ORIENTED_EDGE('',*,*,#10817,.F.);
#10820=ORIENTED_EDGE('',*,*,#10819,.F.);
#10822=ORIENTED_EDGE('',*,*,#10821,.F.);
#10824=ORIENTED_EDGE('',*,*,#10823,.F.);
#10826=ORIENTED_EDGE('',*,*,#10825,.F.);
#10827=EDGE_LOOP('',(#10788,#10790,#10792,#10794,#10796,#10798,#10800,#10802,
#10804,#10806,#10808,#10810,#10812,#10814,#10816,#10818,#10820,#10822,#10824,
#10826));
#10828=FACE_BOUND('',#10827,.F.);
#10829=ADVANCED_FACE('',(#10786,#10828),#10704,.T.);
#10830=CARTESIAN_POINT('',(0.E0,4.38E0,0.E0));
#10831=DIRECTION('',(0.E0,1.E0,0.E0));
#10832=DIRECTION('',(1.E0,0.E0,0.E0));
#10833=AXIS2_PLACEMENT_3D('',#10830,#10831,#10832);
#10834=PLANE('',#10833);
#10836=ORIENTED_EDGE('',*,*,#10835,.F.);
#10838=ORIENTED_EDGE('',*,*,#10837,.F.);
#10840=ORIENTED_EDGE('',*,*,#10839,.F.);
#10842=ORIENTED_EDGE('',*,*,#10841,.F.);
#10844=ORIENTED_EDGE('',*,*,#10843,.F.);
#10846=ORIENTED_EDGE('',*,*,#10845,.F.);
#10848=ORIENTED_EDGE('',*,*,#10847,.F.);
#10850=ORIENTED_EDGE('',*,*,#10849,.F.);
#10852=ORIENTED_EDGE('',*,*,#10851,.F.);
#10854=ORIENTED_EDGE('',*,*,#10853,.F.);
#10856=ORIENTED_EDGE('',*,*,#10855,.F.);
#10858=ORIENTED_EDGE('',*,*,#10857,.F.);
#10860=ORIENTED_EDGE('',*,*,#10859,.F.);
#10862=ORIENTED_EDGE('',*,*,#10861,.F.);
#10864=ORIENTED_EDGE('',*,*,#10863,.F.);
#10866=ORIENTED_EDGE('',*,*,#10865,.F.);
#10868=ORIENTED_EDGE('',*,*,#10867,.F.);
#10870=ORIENTED_EDGE('',*,*,#10869,.F.);
#10872=ORIENTED_EDGE('',*,*,#10871,.F.);
#10874=ORIENTED_EDGE('',*,*,#10873,.F.);
#10876=ORIENTED_EDGE('',*,*,#10875,.F.);
#10878=ORIENTED_EDGE('',*,*,#10877,.F.);
#10880=ORIENTED_EDGE('',*,*,#10879,.F.);
#10882=ORIENTED_EDGE('',*,*,#10881,.F.);
#10884=ORIENTED_EDGE('',*,*,#10883,.F.);
#10886=ORIENTED_EDGE('',*,*,#10885,.F.);
#10888=ORIENTED_EDGE('',*,*,#10887,.F.);
#10890=ORIENTED_EDGE('',*,*,#10889,.F.);
#10892=ORIENTED_EDGE('',*,*,#10891,.F.);
#10894=ORIENTED_EDGE('',*,*,#10893,.F.);
#10896=ORIENTED_EDGE('',*,*,#10895,.F.);
#10898=ORIENTED_EDGE('',*,*,#10897,.F.);
#10900=ORIENTED_EDGE('',*,*,#10899,.F.);
#10902=ORIENTED_EDGE('',*,*,#10901,.F.);
#10904=ORIENTED_EDGE('',*,*,#10903,.F.);
#10906=ORIENTED_EDGE('',*,*,#10905,.F.);
#10908=ORIENTED_EDGE('',*,*,#10907,.F.);
#10910=ORIENTED_EDGE('',*,*,#10909,.F.);
#10912=ORIENTED_EDGE('',*,*,#10911,.F.);
#10914=ORIENTED_EDGE('',*,*,#10913,.F.);
#10916=ORIENTED_EDGE('',*,*,#10915,.F.);
#10918=ORIENTED_EDGE('',*,*,#10917,.F.);
#10920=ORIENTED_EDGE('',*,*,#10919,.F.);
#10922=ORIENTED_EDGE('',*,*,#10921,.F.);
#10924=ORIENTED_EDGE('',*,*,#10923,.F.);
#10926=ORIENTED_EDGE('',*,*,#10925,.F.);
#10928=ORIENTED_EDGE('',*,*,#10927,.F.);
#10930=ORIENTED_EDGE('',*,*,#10929,.F.);
#10932=ORIENTED_EDGE('',*,*,#10931,.F.);
#10934=ORIENTED_EDGE('',*,*,#10933,.F.);
#10936=ORIENTED_EDGE('',*,*,#10935,.F.);
#10938=ORIENTED_EDGE('',*,*,#10937,.F.);
#10940=ORIENTED_EDGE('',*,*,#10939,.F.);
#10942=ORIENTED_EDGE('',*,*,#10941,.F.);
#10944=ORIENTED_EDGE('',*,*,#10943,.F.);
#10946=ORIENTED_EDGE('',*,*,#10945,.F.);
#10948=ORIENTED_EDGE('',*,*,#10947,.F.);
#10949=EDGE_LOOP('',(#10836,#10838,#10840,#10842,#10844,#10846,#10848,#10850,
#10852,#10854,#10856,#10858,#10860,#10862,#10864,#10866,#10868,#10870,#10872,
#10874,#10876,#10878,#10880,#10882,#10884,#10886,#10888,#10890,#10892,#10894,
#10896,#10898,#10900,#10902,#10904,#10906,#10908,#10910,#10912,#10914,#10916,
#10918,#10920,#10922,#10924,#10926,#10928,#10930,#10932,#10934,#10936,#10938,
#10940,#10942,#10944,#10946,#10948));
#10950=FACE_OUTER_BOUND('',#10949,.F.);
#10951=ADVANCED_FACE('',(#10950),#10834,.T.);
#10952=CARTESIAN_POINT('',(0.E0,4.38E0,0.E0));
#10953=DIRECTION('',(0.E0,1.E0,0.E0));
#10954=DIRECTION('',(1.E0,0.E0,0.E0));
#10955=AXIS2_PLACEMENT_3D('',#10952,#10953,#10954);
#10956=PLANE('',#10955);
#10958=ORIENTED_EDGE('',*,*,#10957,.F.);
#10960=ORIENTED_EDGE('',*,*,#10959,.F.);
#10962=ORIENTED_EDGE('',*,*,#10961,.F.);
#10964=ORIENTED_EDGE('',*,*,#10963,.F.);
#10965=EDGE_LOOP('',(#10958,#10960,#10962,#10964));
#10966=FACE_OUTER_BOUND('',#10965,.F.);
#10967=ADVANCED_FACE('',(#10966),#10956,.T.);
#10968=CARTESIAN_POINT('',(0.E0,4.38E0,0.E0));
#10969=DIRECTION('',(0.E0,1.E0,0.E0));
#10970=DIRECTION('',(1.E0,0.E0,0.E0));
#10971=AXIS2_PLACEMENT_3D('',#10968,#10969,#10970);
#10972=PLANE('',#10971);
#10974=ORIENTED_EDGE('',*,*,#10973,.F.);
#10976=ORIENTED_EDGE('',*,*,#10975,.F.);
#10978=ORIENTED_EDGE('',*,*,#10977,.F.);
#10980=ORIENTED_EDGE('',*,*,#10979,.F.);
#10982=ORIENTED_EDGE('',*,*,#10981,.F.);
#10984=ORIENTED_EDGE('',*,*,#10983,.F.);
#10986=ORIENTED_EDGE('',*,*,#10985,.F.);
#10988=ORIENTED_EDGE('',*,*,#10987,.F.);
#10990=ORIENTED_EDGE('',*,*,#10989,.F.);
#10992=ORIENTED_EDGE('',*,*,#10991,.F.);
#10994=ORIENTED_EDGE('',*,*,#10993,.F.);
#10996=ORIENTED_EDGE('',*,*,#10995,.F.);
#10998=ORIENTED_EDGE('',*,*,#10997,.F.);
#11000=ORIENTED_EDGE('',*,*,#10999,.F.);
#11002=ORIENTED_EDGE('',*,*,#11001,.F.);
#11004=ORIENTED_EDGE('',*,*,#11003,.F.);
#11006=ORIENTED_EDGE('',*,*,#11005,.F.);
#11008=ORIENTED_EDGE('',*,*,#11007,.F.);
#11010=ORIENTED_EDGE('',*,*,#11009,.F.);
#11012=ORIENTED_EDGE('',*,*,#11011,.F.);
#11014=ORIENTED_EDGE('',*,*,#11013,.F.);
#11016=ORIENTED_EDGE('',*,*,#11015,.F.);
#11018=ORIENTED_EDGE('',*,*,#11017,.F.);
#11020=ORIENTED_EDGE('',*,*,#11019,.F.);
#11022=ORIENTED_EDGE('',*,*,#11021,.F.);
#11024=ORIENTED_EDGE('',*,*,#11023,.F.);
#11026=ORIENTED_EDGE('',*,*,#11025,.F.);
#11028=ORIENTED_EDGE('',*,*,#11027,.F.);
#11030=ORIENTED_EDGE('',*,*,#11029,.F.);
#11032=ORIENTED_EDGE('',*,*,#11031,.F.);
#11034=ORIENTED_EDGE('',*,*,#11033,.F.);
#11036=ORIENTED_EDGE('',*,*,#11035,.F.);
#11038=ORIENTED_EDGE('',*,*,#11037,.F.);
#11040=ORIENTED_EDGE('',*,*,#11039,.F.);
#11042=ORIENTED_EDGE('',*,*,#11041,.F.);
#11044=ORIENTED_EDGE('',*,*,#11043,.F.);
#11046=ORIENTED_EDGE('',*,*,#11045,.F.);
#11048=ORIENTED_EDGE('',*,*,#11047,.F.);
#11050=ORIENTED_EDGE('',*,*,#11049,.F.);
#11052=ORIENTED_EDGE('',*,*,#11051,.F.);
#11053=EDGE_LOOP('',(#10974,#10976,#10978,#10980,#10982,#10984,#10986,#10988,
#10990,#10992,#10994,#10996,#10998,#11000,#11002,#11004,#11006,#11008,#11010,
#11012,#11014,#11016,#11018,#11020,#11022,#11024,#11026,#11028,#11030,#11032,
#11034,#11036,#11038,#11040,#11042,#11044,#11046,#11048,#11050,#11052));
#11054=FACE_OUTER_BOUND('',#11053,.F.);
#11055=ADVANCED_FACE('',(#11054),#10972,.T.);
#11056=CARTESIAN_POINT('',(-2.291666722298E0,4.4E0,-7.E-1));
#11057=DIRECTION('',(-2.001234283435E-1,0.E0,-9.797706943097E-1));
#11058=DIRECTION('',(-9.797706943097E-1,0.E0,2.001234283435E-1));
#11059=AXIS2_PLACEMENT_3D('',#11056,#11057,#11058);
#11060=PLANE('',#11059);
#11061=ORIENTED_EDGE('',*,*,#9879,.F.);
#11063=ORIENTED_EDGE('',*,*,#11062,.T.);
#11064=ORIENTED_EDGE('',*,*,#10543,.T.);
#11066=ORIENTED_EDGE('',*,*,#11065,.F.);
#11067=EDGE_LOOP('',(#11061,#11063,#11064,#11066));
#11068=FACE_OUTER_BOUND('',#11067,.F.);
#11069=ADVANCED_FACE('',(#11068),#11060,.F.);
#11070=CARTESIAN_POINT('',(-2.058333277702E0,4.4E0,-7.E-1));
#11071=DIRECTION('',(0.E0,0.E0,-1.E0));
#11072=DIRECTION('',(-1.E0,0.E0,0.E0));
#11073=AXIS2_PLACEMENT_3D('',#11070,#11071,#11072);
#11074=PLANE('',#11073);
#11075=ORIENTED_EDGE('',*,*,#9925,.F.);
#11077=ORIENTED_EDGE('',*,*,#11076,.T.);
#11078=ORIENTED_EDGE('',*,*,#10545,.T.);
#11079=ORIENTED_EDGE('',*,*,#11062,.F.);
#11080=EDGE_LOOP('',(#11075,#11077,#11078,#11079));
#11081=FACE_OUTER_BOUND('',#11080,.F.);
#11082=ADVANCED_FACE('',(#11081),#11074,.F.);
#11083=CARTESIAN_POINT('',(-1.9125E0,4.4E0,-6.702127695084E-1));
#11084=DIRECTION('',(2.001234283435E-1,0.E0,-9.797706943097E-1));
#11085=DIRECTION('',(-9.797706943097E-1,0.E0,-2.001234283435E-1));
#11086=AXIS2_PLACEMENT_3D('',#11083,#11084,#11085);
#11087=PLANE('',#11086);
#11088=ORIENTED_EDGE('',*,*,#9923,.F.);
#11090=ORIENTED_EDGE('',*,*,#11089,.T.);
#11091=ORIENTED_EDGE('',*,*,#10547,.T.);
#11092=ORIENTED_EDGE('',*,*,#11076,.F.);
#11093=EDGE_LOOP('',(#11088,#11090,#11091,#11092));
#11094=FACE_OUTER_BOUND('',#11093,.F.);
#11095=ADVANCED_FACE('',(#11094),#11087,.F.);
#11096=CARTESIAN_POINT('',(-1.795833277702E0,4.4E0,-6.106383085251E-1));
#11097=DIRECTION('',(4.547769415434E-1,0.E0,-8.906053746977E-1));
#11098=DIRECTION('',(-8.906053746977E-1,0.E0,-4.547769415434E-1));
#11099=AXIS2_PLACEMENT_3D('',#11096,#11097,#11098);
#11100=PLANE('',#11099);
#11101=ORIENTED_EDGE('',*,*,#9921,.F.);
#11103=ORIENTED_EDGE('',*,*,#11102,.T.);
#11104=ORIENTED_EDGE('',*,*,#10549,.T.);
#11105=ORIENTED_EDGE('',*,*,#11089,.F.);
#11106=EDGE_LOOP('',(#11101,#11103,#11104,#11105));
#11107=FACE_OUTER_BOUND('',#11106,.F.);
#11108=ADVANCED_FACE('',(#11107),#11100,.F.);
#11109=CARTESIAN_POINT('',(-1.679166722298E0,4.4E0,-4.914893865585E-1));
#11110=DIRECTION('',(7.145107183351E-1,0.E0,-6.996244945571E-1));
#11111=DIRECTION('',(-6.996244945571E-1,0.E0,-7.145107183351E-1));
#11112=AXIS2_PLACEMENT_3D('',#11109,#11110,#11111);
#11113=PLANE('',#11112);
#11114=ORIENTED_EDGE('',*,*,#9919,.F.);
#11116=ORIENTED_EDGE('',*,*,#11115,.T.);
#11117=ORIENTED_EDGE('',*,*,#10551,.T.);
#11118=ORIENTED_EDGE('',*,*,#11102,.F.);
#11119=EDGE_LOOP('',(#11114,#11116,#11117,#11118));
#11120=FACE_OUTER_BOUND('',#11119,.F.);
#11121=ADVANCED_FACE('',(#11120),#11113,.F.);
#11122=CARTESIAN_POINT('',(-1.620833277702E0,4.4E0,-3.723404645920E-1));
#11123=DIRECTION('',(8.981377659536E-1,0.E0,-4.397141723527E-1));
#11124=DIRECTION('',(-4.397141723527E-1,0.E0,-8.981377659536E-1));
#11125=AXIS2_PLACEMENT_3D('',#11122,#11123,#11124);
#11126=PLANE('',#11125);
#11127=ORIENTED_EDGE('',*,*,#9917,.F.);
#11129=ORIENTED_EDGE('',*,*,#11128,.T.);
#11130=ORIENTED_EDGE('',*,*,#10553,.T.);
#11131=ORIENTED_EDGE('',*,*,#11115,.F.);
#11132=EDGE_LOOP('',(#11127,#11129,#11130,#11131));
#11133=FACE_OUTER_BOUND('',#11132,.F.);
#11134=ADVANCED_FACE('',(#11133),#11126,.F.);
#11135=CARTESIAN_POINT('',(-1.591666722298E0,4.4E0,-2.234042286873E-1));
#11136=DIRECTION('',(9.813592930674E-1,0.E0,-1.921820436730E-1));
#11137=DIRECTION('',(-1.921820436730E-1,0.E0,-9.813592930674E-1));
#11138=AXIS2_PLACEMENT_3D('',#11135,#11136,#11137);
#11139=PLANE('',#11138);
#11140=ORIENTED_EDGE('',*,*,#9915,.F.);
#11142=ORIENTED_EDGE('',*,*,#11141,.T.);
#11143=ORIENTED_EDGE('',*,*,#10555,.T.);
#11144=ORIENTED_EDGE('',*,*,#11128,.F.);
#11145=EDGE_LOOP('',(#11140,#11142,#11143,#11144));
#11146=FACE_OUTER_BOUND('',#11145,.F.);
#11147=ADVANCED_FACE('',(#11146),#11139,.F.);
#11148=CARTESIAN_POINT('',(-1.591666722298E0,4.4E0,2.234042704105E-1));
#11149=DIRECTION('',(1.E0,0.E0,0.E0));
#11150=DIRECTION('',(0.E0,0.E0,-1.E0));
#11151=AXIS2_PLACEMENT_3D('',#11148,#11149,#11150);
#11152=PLANE('',#11151);
#11153=ORIENTED_EDGE('',*,*,#9913,.F.);
#11155=ORIENTED_EDGE('',*,*,#11154,.T.);
#11156=ORIENTED_EDGE('',*,*,#10557,.T.);
#11157=ORIENTED_EDGE('',*,*,#11141,.F.);
#11158=EDGE_LOOP('',(#11153,#11155,#11156,#11157));
#11159=FACE_OUTER_BOUND('',#11158,.F.);
#11160=ADVANCED_FACE('',(#11159),#11152,.F.);
#11161=CARTESIAN_POINT('',(-1.620833277702E0,4.4E0,3.723404228687E-1));
#11162=DIRECTION('',(9.813592727596E-1,0.E0,1.921821473726E-1));
#11163=DIRECTION('',(1.921821473726E-1,0.E0,-9.813592727596E-1));
#11164=AXIS2_PLACEMENT_3D('',#11161,#11162,#11163);
#11165=PLANE('',#11164);
#11166=ORIENTED_EDGE('',*,*,#9911,.F.);
#11168=ORIENTED_EDGE('',*,*,#11167,.T.);
#11169=ORIENTED_EDGE('',*,*,#10559,.T.);
#11170=ORIENTED_EDGE('',*,*,#11154,.F.);
#11171=EDGE_LOOP('',(#11166,#11168,#11169,#11170));
#11172=FACE_OUTER_BOUND('',#11171,.F.);
#11173=ADVANCED_FACE('',(#11172),#11165,.F.);
#11174=CARTESIAN_POINT('',(-1.679166722298E0,4.4E0,4.914893656969E-1));
#11175=DIRECTION('',(8.981377963584E-1,0.E0,4.397141102494E-1));
#11176=DIRECTION('',(4.397141102494E-1,0.E0,-8.981377963584E-1));
#11177=AXIS2_PLACEMENT_3D('',#11174,#11175,#11176);
#11178=PLANE('',#11177);
#11179=ORIENTED_EDGE('',*,*,#9909,.F.);
#11181=ORIENTED_EDGE('',*,*,#11180,.T.);
#11182=ORIENTED_EDGE('',*,*,#10561,.T.);
#11183=ORIENTED_EDGE('',*,*,#11167,.F.);
#11184=EDGE_LOOP('',(#11179,#11181,#11182,#11183));
#11185=FACE_OUTER_BOUND('',#11184,.F.);
#11186=ADVANCED_FACE('',(#11185),#11178,.F.);
#11187=CARTESIAN_POINT('',(-1.795833277702E0,4.4E0,6.106382980943E-1));
#11188=DIRECTION('',(7.145107489524E-1,0.E0,6.996244632883E-1));
#11189=DIRECTION('',(6.996244632883E-1,0.E0,-7.145107489524E-1));
#11190=AXIS2_PLACEMENT_3D('',#11187,#11188,#11189);
#11191=PLANE('',#11190);
#11192=ORIENTED_EDGE('',*,*,#9907,.F.);
#11194=ORIENTED_EDGE('',*,*,#11193,.T.);
#11195=ORIENTED_EDGE('',*,*,#10563,.T.);
#11196=ORIENTED_EDGE('',*,*,#11180,.F.);
#11197=EDGE_LOOP('',(#11192,#11194,#11195,#11196));
#11198=FACE_OUTER_BOUND('',#11197,.F.);
#11199=ADVANCED_FACE('',(#11198),#11191,.F.);
#11200=CARTESIAN_POINT('',(-1.9125E0,4.4E0,6.702127669007E-1));
#11201=DIRECTION('',(4.547769889117E-1,0.E0,8.906053505096E-1));
#11202=DIRECTION('',(8.906053505096E-1,0.E0,-4.547769889117E-1));
#11203=AXIS2_PLACEMENT_3D('',#11200,#11201,#11202);
#11204=PLANE('',#11203);
#11205=ORIENTED_EDGE('',*,*,#9905,.F.);
#11207=ORIENTED_EDGE('',*,*,#11206,.T.);
#11208=ORIENTED_EDGE('',*,*,#10565,.T.);
#11209=ORIENTED_EDGE('',*,*,#11193,.F.);
#11210=EDGE_LOOP('',(#11205,#11207,#11208,#11209));
#11211=FACE_OUTER_BOUND('',#11210,.F.);
#11212=ADVANCED_FACE('',(#11211),#11204,.F.);
#11213=CARTESIAN_POINT('',(-2.058333277702E0,4.4E0,7.E-1));
#11214=DIRECTION('',(2.001234451615E-1,0.E0,9.797706908745E-1));
#11215=DIRECTION('',(9.797706908745E-1,0.E0,-2.001234451615E-1));
#11216=AXIS2_PLACEMENT_3D('',#11213,#11214,#11215);
#11217=PLANE('',#11216);
#11218=ORIENTED_EDGE('',*,*,#9903,.F.);
#11220=ORIENTED_EDGE('',*,*,#11219,.T.);
#11221=ORIENTED_EDGE('',*,*,#10567,.T.);
#11222=ORIENTED_EDGE('',*,*,#11206,.F.);
#11223=EDGE_LOOP('',(#11218,#11220,#11221,#11222));
#11224=FACE_OUTER_BOUND('',#11223,.F.);
#11225=ADVANCED_FACE('',(#11224),#11217,.F.);
#11226=CARTESIAN_POINT('',(-2.291666722298E0,4.4E0,7.E-1));
#11227=DIRECTION('',(0.E0,0.E0,1.E0));
#11228=DIRECTION('',(1.E0,0.E0,0.E0));
#11229=AXIS2_PLACEMENT_3D('',#11226,#11227,#11228);
#11230=PLANE('',#11229);
#11231=ORIENTED_EDGE('',*,*,#9901,.F.);
#11233=ORIENTED_EDGE('',*,*,#11232,.T.);
#11234=ORIENTED_EDGE('',*,*,#10569,.T.);
#11235=ORIENTED_EDGE('',*,*,#11219,.F.);
#11236=EDGE_LOOP('',(#11231,#11233,#11234,#11235));
#11237=FACE_OUTER_BOUND('',#11236,.F.);
#11238=ADVANCED_FACE('',(#11237),#11230,.F.);
#11239=CARTESIAN_POINT('',(-2.4375E0,4.4E0,6.702127669007E-1));
#11240=DIRECTION('',(-2.001234451615E-1,0.E0,9.797706908745E-1));
#11241=DIRECTION('',(9.797706908745E-1,0.E0,2.001234451615E-1));
#11242=AXIS2_PLACEMENT_3D('',#11239,#11240,#11241);
#11243=PLANE('',#11242);
#11244=ORIENTED_EDGE('',*,*,#9899,.F.);
#11246=ORIENTED_EDGE('',*,*,#11245,.T.);
#11247=ORIENTED_EDGE('',*,*,#10571,.T.);
#11248=ORIENTED_EDGE('',*,*,#11232,.F.);
#11249=EDGE_LOOP('',(#11244,#11246,#11247,#11248));
#11250=FACE_OUTER_BOUND('',#11249,.F.);
#11251=ADVANCED_FACE('',(#11250),#11243,.F.);
#11252=CARTESIAN_POINT('',(-2.554166722298E0,4.4E0,6.106382980943E-1));
#11253=DIRECTION('',(-4.547769889117E-1,0.E0,8.906053505096E-1));
#11254=DIRECTION('',(8.906053505096E-1,0.E0,4.547769889117E-1));
#11255=AXIS2_PLACEMENT_3D('',#11252,#11253,#11254);
#11256=PLANE('',#11255);
#11257=ORIENTED_EDGE('',*,*,#9897,.F.);
#11259=ORIENTED_EDGE('',*,*,#11258,.T.);
#11260=ORIENTED_EDGE('',*,*,#10573,.T.);
#11261=ORIENTED_EDGE('',*,*,#11245,.F.);
#11262=EDGE_LOOP('',(#11257,#11259,#11260,#11261));
#11263=FACE_OUTER_BOUND('',#11262,.F.);
#11264=ADVANCED_FACE('',(#11263),#11256,.F.);
#11265=CARTESIAN_POINT('',(-2.670833277702E0,4.4E0,4.914893656969E-1));
#11266=DIRECTION('',(-7.145107489524E-1,0.E0,6.996244632883E-1));
#11267=DIRECTION('',(6.996244632883E-1,0.E0,7.145107489524E-1));
#11268=AXIS2_PLACEMENT_3D('',#11265,#11266,#11267);
#11269=PLANE('',#11268);
#11270=ORIENTED_EDGE('',*,*,#9895,.F.);
#11272=ORIENTED_EDGE('',*,*,#11271,.T.);
#11273=ORIENTED_EDGE('',*,*,#10575,.T.);
#11274=ORIENTED_EDGE('',*,*,#11258,.F.);
#11275=EDGE_LOOP('',(#11270,#11272,#11273,#11274));
#11276=FACE_OUTER_BOUND('',#11275,.F.);
#11277=ADVANCED_FACE('',(#11276),#11269,.F.);
#11278=CARTESIAN_POINT('',(-2.729166638851E0,4.4E0,3.723404228687E-1));
#11279=DIRECTION('',(-8.981380447713E-1,0.E0,4.397136028534E-1));
#11280=DIRECTION('',(4.397136028534E-1,0.E0,8.981380447713E-1));
#11281=AXIS2_PLACEMENT_3D('',#11278,#11279,#11280);
#11282=PLANE('',#11281);
#11283=ORIENTED_EDGE('',*,*,#9893,.F.);
#11285=ORIENTED_EDGE('',*,*,#11284,.T.);
#11286=ORIENTED_EDGE('',*,*,#10577,.T.);
#11287=ORIENTED_EDGE('',*,*,#11271,.F.);
#11288=EDGE_LOOP('',(#11283,#11285,#11286,#11287));
#11289=FACE_OUTER_BOUND('',#11288,.F.);
#11290=ADVANCED_FACE('',(#11289),#11282,.F.);
#11291=CARTESIAN_POINT('',(-2.758333361149E0,4.4E0,2.234042704105E-1));
#11292=DIRECTION('',(-9.813590653599E-1,0.E0,1.921832064360E-1));
#11293=DIRECTION('',(1.921832064360E-1,0.E0,9.813590653599E-1));
#11294=AXIS2_PLACEMENT_3D('',#11291,#11292,#11293);
#11295=PLANE('',#11294);
#11296=ORIENTED_EDGE('',*,*,#9891,.F.);
#11298=ORIENTED_EDGE('',*,*,#11297,.T.);
#11299=ORIENTED_EDGE('',*,*,#10579,.T.);
#11300=ORIENTED_EDGE('',*,*,#11284,.F.);
#11301=EDGE_LOOP('',(#11296,#11298,#11299,#11300));
#11302=FACE_OUTER_BOUND('',#11301,.F.);
#11303=ADVANCED_FACE('',(#11302),#11295,.F.);
#11304=CARTESIAN_POINT('',(-2.758333361149E0,4.4E0,-2.234042286873E-1));
#11305=DIRECTION('',(-1.E0,0.E0,0.E0));
#11306=DIRECTION('',(0.E0,0.E0,1.E0));
#11307=AXIS2_PLACEMENT_3D('',#11304,#11305,#11306);
#11308=PLANE('',#11307);
#11309=ORIENTED_EDGE('',*,*,#9889,.F.);
#11311=ORIENTED_EDGE('',*,*,#11310,.T.);
#11312=ORIENTED_EDGE('',*,*,#10581,.T.);
#11313=ORIENTED_EDGE('',*,*,#11297,.F.);
#11314=EDGE_LOOP('',(#11309,#11311,#11312,#11313));
#11315=FACE_OUTER_BOUND('',#11314,.F.);
#11316=ADVANCED_FACE('',(#11315),#11308,.F.);
#11317=CARTESIAN_POINT('',(-2.729166638851E0,4.4E0,-3.723404645920E-1));
#11318=DIRECTION('',(-9.813590856678E-1,0.E0,-1.921831027359E-1));
#11319=DIRECTION('',(-1.921831027359E-1,0.E0,9.813590856678E-1));
#11320=AXIS2_PLACEMENT_3D('',#11317,#11318,#11319);
#11321=PLANE('',#11320);
#11322=ORIENTED_EDGE('',*,*,#9887,.F.);
#11324=ORIENTED_EDGE('',*,*,#11323,.T.);
#11325=ORIENTED_EDGE('',*,*,#10583,.T.);
#11326=ORIENTED_EDGE('',*,*,#11310,.F.);
#11327=EDGE_LOOP('',(#11322,#11324,#11325,#11326));
#11328=FACE_OUTER_BOUND('',#11327,.F.);
#11329=ADVANCED_FACE('',(#11328),#11321,.F.);
#11330=CARTESIAN_POINT('',(-2.670833277702E0,4.4E0,-4.914893865585E-1));
#11331=DIRECTION('',(-8.981380143666E-1,0.E0,-4.397136649566E-1));
#11332=DIRECTION('',(-4.397136649566E-1,0.E0,8.981380143666E-1));
#11333=AXIS2_PLACEMENT_3D('',#11330,#11331,#11332);
#11334=PLANE('',#11333);
#11335=ORIENTED_EDGE('',*,*,#9885,.F.);
#11337=ORIENTED_EDGE('',*,*,#11336,.T.);
#11338=ORIENTED_EDGE('',*,*,#10585,.T.);
#11339=ORIENTED_EDGE('',*,*,#11323,.F.);
#11340=EDGE_LOOP('',(#11335,#11337,#11338,#11339));
#11341=FACE_OUTER_BOUND('',#11340,.F.);
#11342=ADVANCED_FACE('',(#11341),#11334,.F.);
#11343=CARTESIAN_POINT('',(-2.554166722298E0,4.4E0,-6.106383085251E-1));
#11344=DIRECTION('',(-7.145107183351E-1,0.E0,-6.996244945571E-1));
#11345=DIRECTION('',(-6.996244945571E-1,0.E0,7.145107183351E-1));
#11346=AXIS2_PLACEMENT_3D('',#11343,#11344,#11345);
#11347=PLANE('',#11346);
#11348=ORIENTED_EDGE('',*,*,#9883,.F.);
#11350=ORIENTED_EDGE('',*,*,#11349,.T.);
#11351=ORIENTED_EDGE('',*,*,#10587,.T.);
#11352=ORIENTED_EDGE('',*,*,#11336,.F.);
#11353=EDGE_LOOP('',(#11348,#11350,#11351,#11352));
#11354=FACE_OUTER_BOUND('',#11353,.F.);
#11355=ADVANCED_FACE('',(#11354),#11347,.F.);
#11356=CARTESIAN_POINT('',(-2.4375E0,4.4E0,-6.702127695084E-1));
#11357=DIRECTION('',(-4.547769415434E-1,0.E0,-8.906053746977E-1));
#11358=DIRECTION('',(-8.906053746977E-1,0.E0,4.547769415434E-1));
#11359=AXIS2_PLACEMENT_3D('',#11356,#11357,#11358);
#11360=PLANE('',#11359);
#11361=ORIENTED_EDGE('',*,*,#9881,.F.);
#11362=ORIENTED_EDGE('',*,*,#11065,.T.);
#11363=ORIENTED_EDGE('',*,*,#10589,.T.);
#11364=ORIENTED_EDGE('',*,*,#11349,.F.);
#11365=EDGE_LOOP('',(#11361,#11362,#11363,#11364));
#11366=FACE_OUTER_BOUND('',#11365,.F.);
#11367=ADVANCED_FACE('',(#11366),#11360,.F.);
#11368=CARTESIAN_POINT('',(-2.291666722298E0,4.4E0,-5.212766170502E-1));
#11369=DIRECTION('',(0.E0,0.E0,1.E0));
#11370=DIRECTION('',(1.E0,0.E0,0.E0));
#11371=AXIS2_PLACEMENT_3D('',#11368,#11369,#11370);
#11372=PLANE('',#11371);
#11373=ORIENTED_EDGE('',*,*,#10295,.F.);
#11375=ORIENTED_EDGE('',*,*,#11374,.T.);
#11376=ORIENTED_EDGE('',*,*,#10593,.T.);
#11378=ORIENTED_EDGE('',*,*,#11377,.F.);
#11379=EDGE_LOOP('',(#11373,#11375,#11376,#11378));
#11380=FACE_OUTER_BOUND('',#11379,.F.);
#11381=ADVANCED_FACE('',(#11380),#11372,.F.);
#11382=CARTESIAN_POINT('',(-2.408333277702E0,4.4E0,-4.914893865585E-1));
#11383=DIRECTION('',(2.473834390653E-1,0.E0,9.689176611437E-1));
#11384=DIRECTION('',(9.689176611437E-1,0.E0,-2.473834390653E-1));
#11385=AXIS2_PLACEMENT_3D('',#11382,#11383,#11384);
#11386=PLANE('',#11385);
#11387=ORIENTED_EDGE('',*,*,#10333,.F.);
#11389=ORIENTED_EDGE('',*,*,#11388,.T.);
#11390=ORIENTED_EDGE('',*,*,#10595,.T.);
#11391=ORIENTED_EDGE('',*,*,#11374,.F.);
#11392=EDGE_LOOP('',(#11387,#11389,#11390,#11391));
#11393=FACE_OUTER_BOUND('',#11392,.F.);
#11394=ADVANCED_FACE('',(#11393),#11386,.F.);
#11395=CARTESIAN_POINT('',(-2.495833277702E0,4.4E0,-4.319149255753E-1));
#11396=DIRECTION('',(5.627909312417E-1,0.E0,8.265992787996E-1));
#11397=DIRECTION('',(8.265992787996E-1,0.E0,-5.627909312417E-1));
#11398=AXIS2_PLACEMENT_3D('',#11395,#11396,#11397);
#11399=PLANE('',#11398);
#11400=ORIENTED_EDGE('',*,*,#10331,.F.);
#11402=ORIENTED_EDGE('',*,*,#11401,.T.);
#11403=ORIENTED_EDGE('',*,*,#10597,.T.);
#11404=ORIENTED_EDGE('',*,*,#11388,.F.);
#11405=EDGE_LOOP('',(#11400,#11402,#11403,#11404));
#11406=FACE_OUTER_BOUND('',#11405,.F.);
#11407=ADVANCED_FACE('',(#11406),#11399,.F.);
#11408=CARTESIAN_POINT('',(-2.554166722298E0,4.4E0,-3.425531506538E-1));
#11409=DIRECTION('',(8.373788769559E-1,0.E0,5.466229197794E-1));
#11410=DIRECTION('',(5.466229197794E-1,0.E0,-8.373788769559E-1));
#11411=AXIS2_PLACEMENT_3D('',#11408,#11409,#11410);
#11412=PLANE('',#11411);
#11413=ORIENTED_EDGE('',*,*,#10329,.F.);
#11415=ORIENTED_EDGE('',*,*,#11414,.T.);
#11416=ORIENTED_EDGE('',*,*,#10599,.T.);
#11417=ORIENTED_EDGE('',*,*,#11401,.F.);
#11418=EDGE_LOOP('',(#11413,#11415,#11416,#11417));
#11419=FACE_OUTER_BOUND('',#11418,.F.);
#11420=ADVANCED_FACE('',(#11419),#11412,.F.);
#11421=CARTESIAN_POINT('',(-2.583333277702E0,4.4E0,-2.234042286873E-1));
#11422=DIRECTION('',(9.713213633444E-1,0.E0,2.377704967206E-1));
#11423=DIRECTION('',(2.377704967206E-1,0.E0,-9.713213633444E-1));
#11424=AXIS2_PLACEMENT_3D('',#11421,#11422,#11423);
#11425=PLANE('',#11424);
#11426=ORIENTED_EDGE('',*,*,#10327,.F.);
#11428=ORIENTED_EDGE('',*,*,#11427,.T.);
#11429=ORIENTED_EDGE('',*,*,#10601,.T.);
#11430=ORIENTED_EDGE('',*,*,#11414,.F.);
#11431=EDGE_LOOP('',(#11426,#11428,#11429,#11430));
#11432=FACE_OUTER_BOUND('',#11431,.F.);
#11433=ADVANCED_FACE('',(#11432),#11425,.F.);
#11434=CARTESIAN_POINT('',(-2.583333277702E0,4.4E0,2.234042704105E-1));
#11435=DIRECTION('',(1.E0,0.E0,0.E0));
#11436=DIRECTION('',(0.E0,0.E0,-1.E0));
#11437=AXIS2_PLACEMENT_3D('',#11434,#11435,#11436);
#11438=PLANE('',#11437);
#11439=ORIENTED_EDGE('',*,*,#10325,.F.);
#11441=ORIENTED_EDGE('',*,*,#11440,.T.);
#11442=ORIENTED_EDGE('',*,*,#10603,.T.);
#11443=ORIENTED_EDGE('',*,*,#11427,.F.);
#11444=EDGE_LOOP('',(#11439,#11441,#11442,#11443));
#11445=FACE_OUTER_BOUND('',#11444,.F.);
#11446=ADVANCED_FACE('',(#11445),#11438,.F.);
#11447=CARTESIAN_POINT('',(-2.554166722298E0,4.4E0,3.425531923771E-1));
#11448=DIRECTION('',(9.713213633444E-1,0.E0,-2.377704967206E-1));
#11449=DIRECTION('',(-2.377704967206E-1,0.E0,-9.713213633444E-1));
#11450=AXIS2_PLACEMENT_3D('',#11447,#11448,#11449);
#11451=PLANE('',#11450);
#11452=ORIENTED_EDGE('',*,*,#10323,.F.);
#11454=ORIENTED_EDGE('',*,*,#11453,.T.);
#11455=ORIENTED_EDGE('',*,*,#10605,.T.);
#11456=ORIENTED_EDGE('',*,*,#11440,.F.);
#11457=EDGE_LOOP('',(#11452,#11454,#11455,#11456));
#11458=FACE_OUTER_BOUND('',#11457,.F.);
#11459=ADVANCED_FACE('',(#11458),#11451,.F.);
#11460=CARTESIAN_POINT('',(-2.495833277702E0,4.4E0,4.319148838520E-1));
#11461=DIRECTION('',(8.373786433120E-1,0.E0,-5.466232777014E-1));
#11462=DIRECTION('',(-5.466232777014E-1,0.E0,-8.373786433120E-1));
#11463=AXIS2_PLACEMENT_3D('',#11460,#11461,#11462);
#11464=PLANE('',#11463);
#11465=ORIENTED_EDGE('',*,*,#10321,.F.);
#11467=ORIENTED_EDGE('',*,*,#11466,.T.);
#11468=ORIENTED_EDGE('',*,*,#10607,.T.);
#11469=ORIENTED_EDGE('',*,*,#11453,.F.);
#11470=EDGE_LOOP('',(#11465,#11467,#11468,#11469));
#11471=FACE_OUTER_BOUND('',#11470,.F.);
#11472=ADVANCED_FACE('',(#11471),#11464,.F.);
#11473=CARTESIAN_POINT('',(-2.408333277702E0,4.4E0,4.914893656969E-1));
#11474=DIRECTION('',(5.627910658975E-1,0.E0,-8.265991871191E-1));
#11475=DIRECTION('',(-8.265991871191E-1,0.E0,-5.627910658975E-1));
#11476=AXIS2_PLACEMENT_3D('',#11473,#11474,#11475);
#11477=PLANE('',#11476);
#11478=ORIENTED_EDGE('',*,*,#10319,.F.);
#11480=ORIENTED_EDGE('',*,*,#11479,.T.);
#11481=ORIENTED_EDGE('',*,*,#10609,.T.);
#11482=ORIENTED_EDGE('',*,*,#11466,.F.);
#11483=EDGE_LOOP('',(#11478,#11480,#11481,#11482));
#11484=FACE_OUTER_BOUND('',#11483,.F.);
#11485=ADVANCED_FACE('',(#11484),#11477,.F.);
#11486=CARTESIAN_POINT('',(-2.291666722298E0,4.4E0,5.212765961885E-1));
#11487=DIRECTION('',(2.473834390653E-1,0.E0,-9.689176611437E-1));
#11488=DIRECTION('',(-9.689176611437E-1,0.E0,-2.473834390653E-1));
#11489=AXIS2_PLACEMENT_3D('',#11486,#11487,#11488);
#11490=PLANE('',#11489);
#11491=ORIENTED_EDGE('',*,*,#10317,.F.);
#11493=ORIENTED_EDGE('',*,*,#11492,.T.);
#11494=ORIENTED_EDGE('',*,*,#10611,.T.);
#11495=ORIENTED_EDGE('',*,*,#11479,.F.);
#11496=EDGE_LOOP('',(#11491,#11493,#11494,#11495));
#11497=FACE_OUTER_BOUND('',#11496,.F.);
#11498=ADVANCED_FACE('',(#11497),#11490,.F.);
#11499=CARTESIAN_POINT('',(-2.058333277702E0,4.4E0,5.212765961885E-1));
#11500=DIRECTION('',(0.E0,0.E0,-1.E0));
#11501=DIRECTION('',(-1.E0,0.E0,0.E0));
#11502=AXIS2_PLACEMENT_3D('',#11499,#11500,#11501);
#11503=PLANE('',#11502);
#11504=ORIENTED_EDGE('',*,*,#10315,.F.);
#11506=ORIENTED_EDGE('',*,*,#11505,.T.);
#11507=ORIENTED_EDGE('',*,*,#10613,.T.);
#11508=ORIENTED_EDGE('',*,*,#11492,.F.);
#11509=EDGE_LOOP('',(#11504,#11506,#11507,#11508));
#11510=FACE_OUTER_BOUND('',#11509,.F.);
#11511=ADVANCED_FACE('',(#11510),#11503,.F.);
#11512=CARTESIAN_POINT('',(-1.941666722298E0,4.4E0,4.914893656969E-1));
#11513=DIRECTION('',(-2.473834390653E-1,0.E0,-9.689176611437E-1));
#11514=DIRECTION('',(-9.689176611437E-1,0.E0,2.473834390653E-1));
#11515=AXIS2_PLACEMENT_3D('',#11512,#11513,#11514);
#11516=PLANE('',#11515);
#11517=ORIENTED_EDGE('',*,*,#10313,.F.);
#11519=ORIENTED_EDGE('',*,*,#11518,.T.);
#11520=ORIENTED_EDGE('',*,*,#10615,.T.);
#11521=ORIENTED_EDGE('',*,*,#11505,.F.);
#11522=EDGE_LOOP('',(#11517,#11519,#11520,#11521));
#11523=FACE_OUTER_BOUND('',#11522,.F.);
#11524=ADVANCED_FACE('',(#11523),#11516,.F.);
#11525=CARTESIAN_POINT('',(-1.854166722298E0,4.4E0,4.319148838520E-1));
#11526=DIRECTION('',(-5.627910658975E-1,0.E0,-8.265991871191E-1));
#11527=DIRECTION('',(-8.265991871191E-1,0.E0,5.627910658975E-1));
#11528=AXIS2_PLACEMENT_3D('',#11525,#11526,#11527);
#11529=PLANE('',#11528);
#11530=ORIENTED_EDGE('',*,*,#10311,.F.);
#11532=ORIENTED_EDGE('',*,*,#11531,.T.);
#11533=ORIENTED_EDGE('',*,*,#10617,.T.);
#11534=ORIENTED_EDGE('',*,*,#11518,.F.);
#11535=EDGE_LOOP('',(#11530,#11532,#11533,#11534));
#11536=FACE_OUTER_BOUND('',#11535,.F.);
#11537=ADVANCED_FACE('',(#11536),#11529,.F.);
#11538=CARTESIAN_POINT('',(-1.795833277702E0,4.4E0,3.425531923771E-1));
#11539=DIRECTION('',(-8.373786433120E-1,0.E0,-5.466232777014E-1));
#11540=DIRECTION('',(-5.466232777014E-1,0.E0,8.373786433120E-1));
#11541=AXIS2_PLACEMENT_3D('',#11538,#11539,#11540);
#11542=PLANE('',#11541);
#11543=ORIENTED_EDGE('',*,*,#10309,.F.);
#11545=ORIENTED_EDGE('',*,*,#11544,.T.);
#11546=ORIENTED_EDGE('',*,*,#10619,.T.);
#11547=ORIENTED_EDGE('',*,*,#11531,.F.);
#11548=EDGE_LOOP('',(#11543,#11545,#11546,#11547));
#11549=FACE_OUTER_BOUND('',#11548,.F.);
#11550=ADVANCED_FACE('',(#11549),#11542,.F.);
#11551=CARTESIAN_POINT('',(-1.766666722298E0,4.4E0,2.234042704105E-1));
#11552=DIRECTION('',(-9.713213633444E-1,0.E0,-2.377704967207E-1));
#11553=DIRECTION('',(-2.377704967207E-1,0.E0,9.713213633444E-1));
#11554=AXIS2_PLACEMENT_3D('',#11551,#11552,#11553);
#11555=PLANE('',#11554);
#11556=ORIENTED_EDGE('',*,*,#10307,.F.);
#11558=ORIENTED_EDGE('',*,*,#11557,.T.);
#11559=ORIENTED_EDGE('',*,*,#10621,.T.);
#11560=ORIENTED_EDGE('',*,*,#11544,.F.);
#11561=EDGE_LOOP('',(#11556,#11558,#11559,#11560));
#11562=FACE_OUTER_BOUND('',#11561,.F.);
#11563=ADVANCED_FACE('',(#11562),#11555,.F.);
#11564=CARTESIAN_POINT('',(-1.766666722298E0,4.4E0,-2.234042286873E-1));
#11565=DIRECTION('',(-1.E0,0.E0,0.E0));
#11566=DIRECTION('',(0.E0,0.E0,1.E0));
#11567=AXIS2_PLACEMENT_3D('',#11564,#11565,#11566);
#11568=PLANE('',#11567);
#11569=ORIENTED_EDGE('',*,*,#10305,.F.);
#11571=ORIENTED_EDGE('',*,*,#11570,.T.);
#11572=ORIENTED_EDGE('',*,*,#10623,.T.);
#11573=ORIENTED_EDGE('',*,*,#11557,.F.);
#11574=EDGE_LOOP('',(#11569,#11571,#11572,#11573));
#11575=FACE_OUTER_BOUND('',#11574,.F.);
#11576=ADVANCED_FACE('',(#11575),#11568,.F.);
#11577=CARTESIAN_POINT('',(-1.795833277702E0,4.4E0,-3.425531506538E-1));
#11578=DIRECTION('',(-9.713213633444E-1,0.E0,2.377704967207E-1));
#11579=DIRECTION('',(2.377704967207E-1,0.E0,9.713213633444E-1));
#11580=AXIS2_PLACEMENT_3D('',#11577,#11578,#11579);
#11581=PLANE('',#11580);
#11582=ORIENTED_EDGE('',*,*,#10303,.F.);
#11584=ORIENTED_EDGE('',*,*,#11583,.T.);
#11585=ORIENTED_EDGE('',*,*,#10625,.T.);
#11586=ORIENTED_EDGE('',*,*,#11570,.F.);
#11587=EDGE_LOOP('',(#11582,#11584,#11585,#11586));
#11588=FACE_OUTER_BOUND('',#11587,.F.);
#11589=ADVANCED_FACE('',(#11588),#11581,.F.);
#11590=CARTESIAN_POINT('',(-1.854166722298E0,4.4E0,-4.319149255753E-1));
#11591=DIRECTION('',(-8.373788769559E-1,0.E0,5.466229197794E-1));
#11592=DIRECTION('',(5.466229197794E-1,0.E0,8.373788769559E-1));
#11593=AXIS2_PLACEMENT_3D('',#11590,#11591,#11592);
#11594=PLANE('',#11593);
#11595=ORIENTED_EDGE('',*,*,#10301,.F.);
#11597=ORIENTED_EDGE('',*,*,#11596,.T.);
#11598=ORIENTED_EDGE('',*,*,#10627,.T.);
#11599=ORIENTED_EDGE('',*,*,#11583,.F.);
#11600=EDGE_LOOP('',(#11595,#11597,#11598,#11599));
#11601=FACE_OUTER_BOUND('',#11600,.F.);
#11602=ADVANCED_FACE('',(#11601),#11594,.F.);
#11603=CARTESIAN_POINT('',(-1.941666722298E0,4.4E0,-4.914893865585E-1));
#11604=DIRECTION('',(-5.627909312417E-1,0.E0,8.265992787996E-1));
#11605=DIRECTION('',(8.265992787996E-1,0.E0,5.627909312417E-1));
#11606=AXIS2_PLACEMENT_3D('',#11603,#11604,#11605);
#11607=PLANE('',#11606);
#11608=ORIENTED_EDGE('',*,*,#10299,.F.);
#11610=ORIENTED_EDGE('',*,*,#11609,.T.);
#11611=ORIENTED_EDGE('',*,*,#10629,.T.);
#11612=ORIENTED_EDGE('',*,*,#11596,.F.);
#11613=EDGE_LOOP('',(#11608,#11610,#11611,#11612));
#11614=FACE_OUTER_BOUND('',#11613,.F.);
#11615=ADVANCED_FACE('',(#11614),#11607,.F.);
#11616=CARTESIAN_POINT('',(-2.058333277702E0,4.4E0,-5.212766170502E-1));
#11617=DIRECTION('',(-2.473834390653E-1,0.E0,9.689176611437E-1));
#11618=DIRECTION('',(9.689176611437E-1,0.E0,2.473834390653E-1));
#11619=AXIS2_PLACEMENT_3D('',#11616,#11617,#11618);
#11620=PLANE('',#11619);
#11621=ORIENTED_EDGE('',*,*,#10297,.F.);
#11622=ORIENTED_EDGE('',*,*,#11377,.T.);
#11623=ORIENTED_EDGE('',*,*,#10631,.T.);
#11624=ORIENTED_EDGE('',*,*,#11609,.F.);
#11625=EDGE_LOOP('',(#11621,#11622,#11623,#11624));
#11626=FACE_OUTER_BOUND('',#11625,.F.);
#11627=ADVANCED_FACE('',(#11626),#11620,.F.);
#11628=CARTESIAN_POINT('',(-1.358333277702E0,4.4E0,5.510638266802E-1));
#11629=DIRECTION('',(-1.E0,0.E0,0.E0));
#11630=DIRECTION('',(0.E0,0.E0,1.E0));
#11631=AXIS2_PLACEMENT_3D('',#11628,#11629,#11630);
#11632=PLANE('',#11631);
#11633=ORIENTED_EDGE('',*,*,#9929,.F.);
#11635=ORIENTED_EDGE('',*,*,#11634,.T.);
#11636=ORIENTED_EDGE('',*,*,#10641,.T.);
#11638=ORIENTED_EDGE('',*,*,#11637,.F.);
#11639=EDGE_LOOP('',(#11633,#11635,#11636,#11638));
#11640=FACE_OUTER_BOUND('',#11639,.F.);
#11641=ADVANCED_FACE('',(#11640),#11632,.F.);
#11642=CARTESIAN_POINT('',(-5.416665554047E-1,4.4E0,-1.936169981956E-1));
#11643=DIRECTION('',(-6.737898901451E-1,0.E0,-7.389229891797E-1));
#11644=DIRECTION('',(-7.389229891797E-1,0.E0,6.737898901451E-1));
#11645=AXIS2_PLACEMENT_3D('',#11642,#11643,#11644);
#11646=PLANE('',#11645);
#11647=ORIENTED_EDGE('',*,*,#9983,.F.);
#11649=ORIENTED_EDGE('',*,*,#11648,.T.);
#11650=ORIENTED_EDGE('',*,*,#10643,.T.);
#11651=ORIENTED_EDGE('',*,*,#11634,.F.);
#11652=EDGE_LOOP('',(#11647,#11649,#11650,#11651));
#11653=FACE_OUTER_BOUND('',#11652,.F.);
#11654=ADVANCED_FACE('',(#11653),#11646,.F.);
#11655=CARTESIAN_POINT('',(-4.833334445953E-1,4.4E0,-3.127659201622E-1));
#11656=DIRECTION('',(-8.981387596046E-1,0.E0,-4.397121427660E-1));
#11657=DIRECTION('',(-4.397121427660E-1,0.E0,8.981387596046E-1));
#11658=AXIS2_PLACEMENT_3D('',#11655,#11656,#11657);
#11659=PLANE('',#11658);
#11660=ORIENTED_EDGE('',*,*,#9981,.F.);
#11662=ORIENTED_EDGE('',*,*,#11661,.T.);
#11663=ORIENTED_EDGE('',*,*,#10645,.T.);
#11664=ORIENTED_EDGE('',*,*,#11648,.F.);
#11665=EDGE_LOOP('',(#11660,#11662,#11663,#11664));
#11666=FACE_OUTER_BOUND('',#11665,.F.);
#11667=ADVANCED_FACE('',(#11666),#11659,.F.);
#11668=CARTESIAN_POINT('',(-4.833334445953E-1,4.4E0,-3.723404645920E-1));
#11669=DIRECTION('',(-1.E0,0.E0,0.E0));
#11670=DIRECTION('',(0.E0,0.E0,1.E0));
#11671=AXIS2_PLACEMENT_3D('',#11668,#11669,#11670);
#11672=PLANE('',#11671);
#11673=ORIENTED_EDGE('',*,*,#9979,.F.);
#11675=ORIENTED_EDGE('',*,*,#11674,.T.);
#11676=ORIENTED_EDGE('',*,*,#10647,.T.);
#11677=ORIENTED_EDGE('',*,*,#11661,.F.);
#11678=EDGE_LOOP('',(#11673,#11675,#11676,#11677));
#11679=FACE_OUTER_BOUND('',#11678,.F.);
#11680=ADVANCED_FACE('',(#11679),#11672,.F.);
#11681=CARTESIAN_POINT('',(-5.416665554047E-1,4.4E0,-4.617021560669E-1));
#11682=DIRECTION('',(-8.373800750004E-1,0.E0,5.466210844748E-1));
#11683=DIRECTION('',(5.466210844748E-1,0.E0,8.373800750004E-1));
#11684=AXIS2_PLACEMENT_3D('',#11681,#11682,#11683);
#11685=PLANE('',#11684);
#11686=ORIENTED_EDGE('',*,*,#9977,.F.);
#11688=ORIENTED_EDGE('',*,*,#11687,.T.);
#11689=ORIENTED_EDGE('',*,*,#10649,.T.);
#11690=ORIENTED_EDGE('',*,*,#11674,.F.);
#11691=EDGE_LOOP('',(#11686,#11688,#11689,#11690));
#11692=FACE_OUTER_BOUND('',#11691,.F.);
#11693=ADVANCED_FACE('',(#11692),#11685,.F.);
#11694=CARTESIAN_POINT('',(-6.291665554047E-1,4.4E0,-5.212766170502E-1));
#11695=DIRECTION('',(-5.627909312417E-1,0.E0,8.265992787996E-1));
#11696=DIRECTION('',(8.265992787996E-1,0.E0,5.627909312417E-1));
#11697=AXIS2_PLACEMENT_3D('',#11694,#11695,#11696);
#11698=PLANE('',#11697);
#11699=ORIENTED_EDGE('',*,*,#9975,.F.);
#11701=ORIENTED_EDGE('',*,*,#11700,.T.);
#11702=ORIENTED_EDGE('',*,*,#10651,.T.);
#11703=ORIENTED_EDGE('',*,*,#11687,.F.);
#11704=EDGE_LOOP('',(#11699,#11701,#11702,#11703));
#11705=FACE_OUTER_BOUND('',#11704,.F.);
#11706=ADVANCED_FACE('',(#11705),#11698,.F.);
#11707=CARTESIAN_POINT('',(-7.75E-1,4.4E0,-5.510638475418E-1));
#11708=DIRECTION('',(-2.001232084928E-1,0.E0,9.797707392153E-1));
#11709=DIRECTION('',(9.797707392153E-1,0.E0,2.001232084928E-1));
#11710=AXIS2_PLACEMENT_3D('',#11707,#11708,#11709);
#11711=PLANE('',#11710);
#11712=ORIENTED_EDGE('',*,*,#9973,.F.);
#11714=ORIENTED_EDGE('',*,*,#11713,.T.);
#11715=ORIENTED_EDGE('',*,*,#10653,.T.);
#11716=ORIENTED_EDGE('',*,*,#11700,.F.);
#11717=EDGE_LOOP('',(#11712,#11714,#11715,#11716));
#11718=FACE_OUTER_BOUND('',#11717,.F.);
#11719=ADVANCED_FACE('',(#11718),#11711,.F.);
#11720=CARTESIAN_POINT('',(-8.916665554047E-1,4.4E0,-5.510638475418E-1));
#11721=DIRECTION('',(0.E0,0.E0,1.E0));
#11722=DIRECTION('',(1.E0,0.E0,0.E0));
#11723=AXIS2_PLACEMENT_3D('',#11720,#11721,#11722);
#11724=PLANE('',#11723);
#11725=ORIENTED_EDGE('',*,*,#9971,.F.);
#11727=ORIENTED_EDGE('',*,*,#11726,.T.);
#11728=ORIENTED_EDGE('',*,*,#10655,.T.);
#11729=ORIENTED_EDGE('',*,*,#11713,.F.);
#11730=EDGE_LOOP('',(#11725,#11727,#11728,#11729));
#11731=FACE_OUTER_BOUND('',#11730,.F.);
#11732=ADVANCED_FACE('',(#11731),#11724,.F.);
#11733=CARTESIAN_POINT('',(-1.0375E0,4.4E0,-5.212766170502E-1));
#11734=DIRECTION('',(2.001232084928E-1,0.E0,9.797707392153E-1));
#11735=DIRECTION('',(9.797707392153E-1,0.E0,-2.001232084928E-1));
#11736=AXIS2_PLACEMENT_3D('',#11733,#11734,#11735);
#11737=PLANE('',#11736);
#11738=ORIENTED_EDGE('',*,*,#9969,.F.);
#11740=ORIENTED_EDGE('',*,*,#11739,.T.);
#11741=ORIENTED_EDGE('',*,*,#10657,.T.);
#11742=ORIENTED_EDGE('',*,*,#11726,.F.);
#11743=EDGE_LOOP('',(#11738,#11740,#11741,#11742));
#11744=FACE_OUTER_BOUND('',#11743,.F.);
#11745=ADVANCED_FACE('',(#11744),#11737,.F.);
#11746=CARTESIAN_POINT('',(-1.125E0,4.4E0,-4.617021560669E-1));
#11747=DIRECTION('',(5.627909312417E-1,0.E0,8.265992787996E-1));
#11748=DIRECTION('',(8.265992787996E-1,0.E0,-5.627909312417E-1));
#11749=AXIS2_PLACEMENT_3D('',#11746,#11747,#11748);
#11750=PLANE('',#11749);
#11751=ORIENTED_EDGE('',*,*,#9967,.F.);
#11753=ORIENTED_EDGE('',*,*,#11752,.T.);
#11754=ORIENTED_EDGE('',*,*,#10659,.T.);
#11755=ORIENTED_EDGE('',*,*,#11739,.F.);
#11756=EDGE_LOOP('',(#11751,#11753,#11754,#11755));
#11757=FACE_OUTER_BOUND('',#11756,.F.);
#11758=ADVANCED_FACE('',(#11757),#11750,.F.);
#11759=CARTESIAN_POINT('',(-1.183333444595E0,4.4E0,-3.723404645920E-1));
#11760=DIRECTION('',(8.373786433120E-1,0.E0,5.466232777014E-1));
#11761=DIRECTION('',(5.466232777014E-1,0.E0,-8.373786433120E-1));
#11762=AXIS2_PLACEMENT_3D('',#11759,#11760,#11761);
#11763=PLANE('',#11762);
#11764=ORIENTED_EDGE('',*,*,#9965,.F.);
#11766=ORIENTED_EDGE('',*,*,#11765,.T.);
#11767=ORIENTED_EDGE('',*,*,#10661,.T.);
#11768=ORIENTED_EDGE('',*,*,#11752,.F.);
#11769=EDGE_LOOP('',(#11764,#11766,#11767,#11768));
#11770=FACE_OUTER_BOUND('',#11769,.F.);
#11771=ADVANCED_FACE('',(#11770),#11763,.F.);
#11772=CARTESIAN_POINT('',(-1.329166722298E0,4.4E0,-3.723404645920E-1));
#11773=DIRECTION('',(0.E0,0.E0,1.E0));
#11774=DIRECTION('',(1.E0,0.E0,0.E0));
#11775=AXIS2_PLACEMENT_3D('',#11772,#11773,#11774);
#11776=PLANE('',#11775);
#11777=ORIENTED_EDGE('',*,*,#9963,.F.);
#11779=ORIENTED_EDGE('',*,*,#11778,.T.);
#11780=ORIENTED_EDGE('',*,*,#10663,.T.);
#11781=ORIENTED_EDGE('',*,*,#11765,.F.);
#11782=EDGE_LOOP('',(#11777,#11779,#11780,#11781));
#11783=FACE_OUTER_BOUND('',#11782,.F.);
#11784=ADVANCED_FACE('',(#11783),#11776,.F.);
#11785=CARTESIAN_POINT('',(-1.3E0,4.4E0,-4.914893865585E-1));
#11786=DIRECTION('',(-9.713210491251E-1,0.E0,-2.377717803411E-1));
#11787=DIRECTION('',(-2.377717803411E-1,0.E0,9.713210491251E-1));
#11788=AXIS2_PLACEMENT_3D('',#11785,#11786,#11787);
#11789=PLANE('',#11788);
#11790=ORIENTED_EDGE('',*,*,#9961,.F.);
#11792=ORIENTED_EDGE('',*,*,#11791,.T.);
#11793=ORIENTED_EDGE('',*,*,#10665,.T.);
#11794=ORIENTED_EDGE('',*,*,#11778,.F.);
#11795=EDGE_LOOP('',(#11790,#11792,#11793,#11794));
#11796=FACE_OUTER_BOUND('',#11795,.F.);
#11797=ADVANCED_FACE('',(#11796),#11789,.F.);
#11798=CARTESIAN_POINT('',(-1.183333444595E0,4.4E0,-6.106383085251E-1));
#11799=DIRECTION('',(-7.145107183351E-1,0.E0,-6.996244945571E-1));
#11800=DIRECTION('',(-6.996244945571E-1,0.E0,7.145107183351E-1));
#11801=AXIS2_PLACEMENT_3D('',#11798,#11799,#11800);
#11802=PLANE('',#11801);
#11803=ORIENTED_EDGE('',*,*,#9959,.F.);
#11805=ORIENTED_EDGE('',*,*,#11804,.T.);
#11806=ORIENTED_EDGE('',*,*,#10667,.T.);
#11807=ORIENTED_EDGE('',*,*,#11791,.F.);
#11808=EDGE_LOOP('',(#11803,#11805,#11806,#11807));
#11809=FACE_OUTER_BOUND('',#11808,.F.);
#11810=ADVANCED_FACE('',(#11809),#11802,.F.);
#11811=CARTESIAN_POINT('',(-1.066666555405E0,4.4E0,-6.702127695084E-1));
#11812=DIRECTION('',(-4.547764255314E-1,0.E0,-8.906056381928E-1));
#11813=DIRECTION('',(-8.906056381928E-1,0.E0,4.547764255314E-1));
#11814=AXIS2_PLACEMENT_3D('',#11811,#11812,#11813);
#11815=PLANE('',#11814);
#11816=ORIENTED_EDGE('',*,*,#9957,.F.);
#11818=ORIENTED_EDGE('',*,*,#11817,.T.);
#11819=ORIENTED_EDGE('',*,*,#10669,.T.);
#11820=ORIENTED_EDGE('',*,*,#11804,.F.);
#11821=EDGE_LOOP('',(#11816,#11818,#11819,#11820));
#11822=FACE_OUTER_BOUND('',#11821,.F.);
#11823=ADVANCED_FACE('',(#11822),#11815,.F.);
#11824=CARTESIAN_POINT('',(-8.625E-1,4.4E0,-7.E-1));
#11825=DIRECTION('',(-1.443683079492E-1,0.E0,-9.895240227806E-1));
#11826=DIRECTION('',(-9.895240227806E-1,0.E0,1.443683079492E-1));
#11827=AXIS2_PLACEMENT_3D('',#11824,#11825,#11826);
#11828=PLANE('',#11827);
#11829=ORIENTED_EDGE('',*,*,#9955,.F.);
#11831=ORIENTED_EDGE('',*,*,#11830,.T.);
#11832=ORIENTED_EDGE('',*,*,#10671,.T.);
#11833=ORIENTED_EDGE('',*,*,#11817,.F.);
#11834=EDGE_LOOP('',(#11829,#11831,#11832,#11833));
#11835=FACE_OUTER_BOUND('',#11834,.F.);
#11836=ADVANCED_FACE('',(#11835),#11828,.F.);
#11837=CARTESIAN_POINT('',(-7.458334445953E-1,4.4E0,-7.E-1));
#11838=DIRECTION('',(0.E0,0.E0,-1.E0));
#11839=DIRECTION('',(-1.E0,0.E0,0.E0));
#11840=AXIS2_PLACEMENT_3D('',#11837,#11838,#11839);
#11841=PLANE('',#11840);
#11842=ORIENTED_EDGE('',*,*,#9953,.F.);
#11844=ORIENTED_EDGE('',*,*,#11843,.T.);
#11845=ORIENTED_EDGE('',*,*,#10673,.T.);
#11846=ORIENTED_EDGE('',*,*,#11830,.F.);
#11847=EDGE_LOOP('',(#11842,#11844,#11845,#11846));
#11848=FACE_OUTER_BOUND('',#11847,.F.);
#11849=ADVANCED_FACE('',(#11848),#11841,.F.);
#11850=CARTESIAN_POINT('',(-5.708334445953E-1,4.4E0,-6.702127695084E-1));
#11851=DIRECTION('',(1.677993286083E-1,0.E0,-9.858211730931E-1));
#11852=DIRECTION('',(-9.858211730931E-1,0.E0,-1.677993286083E-1));
#11853=AXIS2_PLACEMENT_3D('',#11850,#11851,#11852);
#11854=PLANE('',#11853);
#11855=ORIENTED_EDGE('',*,*,#9951,.F.);
#11857=ORIENTED_EDGE('',*,*,#11856,.T.);
#11858=ORIENTED_EDGE('',*,*,#10675,.T.);
#11859=ORIENTED_EDGE('',*,*,#11843,.F.);
#11860=EDGE_LOOP('',(#11855,#11857,#11858,#11859));
#11861=FACE_OUTER_BOUND('',#11860,.F.);
#11862=ADVANCED_FACE('',(#11861),#11854,.F.);
#11863=CARTESIAN_POINT('',(-4.541665554047E-1,4.4E0,-6.106383085251E-1));
#11864=DIRECTION('',(4.547764255314E-1,0.E0,-8.906056381928E-1));
#11865=DIRECTION('',(-8.906056381928E-1,0.E0,-4.547764255314E-1));
#11866=AXIS2_PLACEMENT_3D('',#11863,#11864,#11865);
#11867=PLANE('',#11866);
#11868=ORIENTED_EDGE('',*,*,#9949,.F.);
#11870=ORIENTED_EDGE('',*,*,#11869,.T.);
#11871=ORIENTED_EDGE('',*,*,#10677,.T.);
#11872=ORIENTED_EDGE('',*,*,#11856,.F.);
#11873=EDGE_LOOP('',(#11868,#11870,#11871,#11872));
#11874=FACE_OUTER_BOUND('',#11873,.F.);
#11875=ADVANCED_FACE('',(#11874),#11867,.F.);
#11876=CARTESIAN_POINT('',(-3.375E-1,4.4E0,-4.914893865585E-1));
#11877=DIRECTION('',(7.145107183351E-1,0.E0,-6.996244945571E-1));
#11878=DIRECTION('',(-6.996244945571E-1,0.E0,-7.145107183351E-1));
#11879=AXIS2_PLACEMENT_3D('',#11876,#11877,#11878);
#11880=PLANE('',#11879);
#11881=ORIENTED_EDGE('',*,*,#9947,.F.);
#11883=ORIENTED_EDGE('',*,*,#11882,.T.);
#11884=ORIENTED_EDGE('',*,*,#10679,.T.);
#11885=ORIENTED_EDGE('',*,*,#11869,.F.);
#11886=EDGE_LOOP('',(#11881,#11883,#11884,#11885));
#11887=FACE_OUTER_BOUND('',#11886,.F.);
#11888=ADVANCED_FACE('',(#11887),#11880,.F.);
#11889=CARTESIAN_POINT('',(-3.083334445953E-1,4.4E0,-3.723404645920E-1));
#11890=DIRECTION('',(9.713213633444E-1,0.E0,-2.377704967207E-1));
#11891=DIRECTION('',(-2.377704967207E-1,0.E0,-9.713213633444E-1));
#11892=AXIS2_PLACEMENT_3D('',#11889,#11890,#11891);
#11893=PLANE('',#11892);
#11894=ORIENTED_EDGE('',*,*,#9945,.F.);
#11896=ORIENTED_EDGE('',*,*,#11895,.T.);
#11897=ORIENTED_EDGE('',*,*,#10681,.T.);
#11898=ORIENTED_EDGE('',*,*,#11882,.F.);
#11899=EDGE_LOOP('',(#11894,#11896,#11897,#11898));
#11900=FACE_OUTER_BOUND('',#11899,.F.);
#11901=ADVANCED_FACE('',(#11900),#11893,.F.);
#11902=CARTESIAN_POINT('',(-3.083334445953E-1,4.4E0,-3.127659201622E-1));
#11903=DIRECTION('',(1.E0,0.E0,0.E0));
#11904=DIRECTION('',(0.E0,0.E0,-1.E0));
#11905=AXIS2_PLACEMENT_3D('',#11902,#11903,#11904);
#11906=PLANE('',#11905);
#11907=ORIENTED_EDGE('',*,*,#9943,.F.);
#11909=ORIENTED_EDGE('',*,*,#11908,.T.);
#11910=ORIENTED_EDGE('',*,*,#10683,.T.);
#11911=ORIENTED_EDGE('',*,*,#11895,.F.);
#11912=EDGE_LOOP('',(#11907,#11909,#11910,#11911));
#11913=FACE_OUTER_BOUND('',#11912,.F.);
#11914=ADVANCED_FACE('',(#11913),#11906,.F.);
#11915=CARTESIAN_POINT('',(-3.375E-1,4.4E0,-1.936169981956E-1));
#11916=DIRECTION('',(9.713213633444E-1,0.E0,2.377704967207E-1));
#11917=DIRECTION('',(2.377704967207E-1,0.E0,-9.713213633444E-1));
#11918=AXIS2_PLACEMENT_3D('',#11915,#11916,#11917);
#11919=PLANE('',#11918);
#11920=ORIENTED_EDGE('',*,*,#9941,.F.);
#11922=ORIENTED_EDGE('',*,*,#11921,.T.);
#11923=ORIENTED_EDGE('',*,*,#10685,.T.);
#11924=ORIENTED_EDGE('',*,*,#11908,.F.);
#11925=EDGE_LOOP('',(#11920,#11922,#11923,#11924));
#11926=FACE_OUTER_BOUND('',#11925,.F.);
#11927=ADVANCED_FACE('',(#11926),#11919,.F.);
#11928=CARTESIAN_POINT('',(-3.958334445953E-1,4.4E0,-1.042553067207E-1));
#11929=DIRECTION('',(8.373786433120E-1,0.E0,5.466232777014E-1));
#11930=DIRECTION('',(5.466232777014E-1,0.E0,-8.373786433120E-1));
#11931=AXIS2_PLACEMENT_3D('',#11928,#11929,#11930);
#11932=PLANE('',#11931);
#11933=ORIENTED_EDGE('',*,*,#9939,.F.);
#11935=ORIENTED_EDGE('',*,*,#11934,.T.);
#11936=ORIENTED_EDGE('',*,*,#10687,.T.);
#11937=ORIENTED_EDGE('',*,*,#11921,.F.);
#11938=EDGE_LOOP('',(#11933,#11935,#11936,#11937));
#11939=FACE_OUTER_BOUND('',#11938,.F.);
#11940=ADVANCED_FACE('',(#11939),#11932,.F.);
#11941=CARTESIAN_POINT('',(-1.125E0,4.4E0,5.510638266802E-1));
#11942=DIRECTION('',(6.684400333338E-1,0.E0,7.437660397173E-1));
#11943=DIRECTION('',(7.437660397173E-1,0.E0,-6.684400333338E-1));
#11944=AXIS2_PLACEMENT_3D('',#11941,#11942,#11943);
#11945=PLANE('',#11944);
#11946=ORIENTED_EDGE('',*,*,#9937,.F.);
#11948=ORIENTED_EDGE('',*,*,#11947,.T.);
#11949=ORIENTED_EDGE('',*,*,#10689,.T.);
#11950=ORIENTED_EDGE('',*,*,#11934,.F.);
#11951=EDGE_LOOP('',(#11946,#11948,#11949,#11950));
#11952=FACE_OUTER_BOUND('',#11951,.F.);
#11953=ADVANCED_FACE('',(#11952),#11945,.F.);
#11954=CARTESIAN_POINT('',(-3.083334445953E-1,4.4E0,5.510638266802E-1));
#11955=DIRECTION('',(0.E0,0.E0,-1.E0));
#11956=DIRECTION('',(-1.E0,0.E0,0.E0));
#11957=AXIS2_PLACEMENT_3D('',#11954,#11955,#11956);
#11958=PLANE('',#11957);
#11959=ORIENTED_EDGE('',*,*,#9935,.F.);
#11961=ORIENTED_EDGE('',*,*,#11960,.T.);
#11962=ORIENTED_EDGE('',*,*,#10691,.T.);
#11963=ORIENTED_EDGE('',*,*,#11947,.F.);
#11964=EDGE_LOOP('',(#11959,#11961,#11962,#11963));
#11965=FACE_OUTER_BOUND('',#11964,.F.);
#11966=ADVANCED_FACE('',(#11965),#11958,.F.);
#11967=CARTESIAN_POINT('',(-3.083334445953E-1,4.4E0,7.E-1));
#11968=DIRECTION('',(1.E0,0.E0,0.E0));
#11969=DIRECTION('',(0.E0,0.E0,-1.E0));
#11970=AXIS2_PLACEMENT_3D('',#11967,#11968,#11969);
#11971=PLANE('',#11970);
#11972=ORIENTED_EDGE('',*,*,#9933,.F.);
#11974=ORIENTED_EDGE('',*,*,#11973,.T.);
#11975=ORIENTED_EDGE('',*,*,#10693,.T.);
#11976=ORIENTED_EDGE('',*,*,#11960,.F.);
#11977=EDGE_LOOP('',(#11972,#11974,#11975,#11976));
#11978=FACE_OUTER_BOUND('',#11977,.F.);
#11979=ADVANCED_FACE('',(#11978),#11971,.F.);
#11980=CARTESIAN_POINT('',(-1.358333277702E0,4.4E0,7.E-1));
#11981=DIRECTION('',(0.E0,0.E0,1.E0));
#11982=DIRECTION('',(1.E0,0.E0,0.E0));
#11983=AXIS2_PLACEMENT_3D('',#11980,#11981,#11982);
#11984=PLANE('',#11983);
#11985=ORIENTED_EDGE('',*,*,#9931,.F.);
#11986=ORIENTED_EDGE('',*,*,#11637,.T.);
#11987=ORIENTED_EDGE('',*,*,#10695,.T.);
#11988=ORIENTED_EDGE('',*,*,#11973,.F.);
#11989=EDGE_LOOP('',(#11985,#11986,#11987,#11988));
#11990=FACE_OUTER_BOUND('',#11989,.F.);
#11991=ADVANCED_FACE('',(#11990),#11984,.F.);
#11992=CARTESIAN_POINT('',(9.166665554047E-1,4.4E0,1.489361524582E-2));
#11993=DIRECTION('',(7.145103848018E-1,0.E0,-6.996248351869E-1));
#11994=DIRECTION('',(-6.996248351869E-1,0.E0,-7.145103848018E-1));
#11995=AXIS2_PLACEMENT_3D('',#11992,#11993,#11994);
#11996=PLANE('',#11995);
#11997=ORIENTED_EDGE('',*,*,#9987,.F.);
#11999=ORIENTED_EDGE('',*,*,#11998,.T.);
#12000=ORIENTED_EDGE('',*,*,#10705,.T.);
#12002=ORIENTED_EDGE('',*,*,#12001,.F.);
#12003=EDGE_LOOP('',(#11997,#11999,#12000,#12002));
#12004=FACE_OUTER_BOUND('',#12003,.F.);
#12005=ADVANCED_FACE('',(#12004),#11996,.F.);
#12006=CARTESIAN_POINT('',(9.75E-1,4.4E0,1.638297677040E-1));
#12007=DIRECTION('',(9.311279997967E-1,0.E0,-3.646925389895E-1));
#12008=DIRECTION('',(-3.646925389895E-1,0.E0,-9.311279997967E-1));
#12009=AXIS2_PLACEMENT_3D('',#12006,#12007,#12008);
#12010=PLANE('',#12009);
#12011=ORIENTED_EDGE('',*,*,#10065,.F.);
#12013=ORIENTED_EDGE('',*,*,#12012,.T.);
#12014=ORIENTED_EDGE('',*,*,#10707,.T.);
#12015=ORIENTED_EDGE('',*,*,#11998,.F.);
#12016=EDGE_LOOP('',(#12011,#12013,#12014,#12015));
#12017=FACE_OUTER_BOUND('',#12016,.F.);
#12018=ADVANCED_FACE('',(#12017),#12010,.F.);
#12019=CARTESIAN_POINT('',(9.75E-1,4.4E0,3.127659618855E-1));
#12020=DIRECTION('',(1.E0,0.E0,0.E0));
#12021=DIRECTION('',(0.E0,0.E0,-1.E0));
#12022=AXIS2_PLACEMENT_3D('',#12019,#12020,#12021);
#12023=PLANE('',#12022);
#12024=ORIENTED_EDGE('',*,*,#10063,.F.);
#12026=ORIENTED_EDGE('',*,*,#12025,.T.);
#12027=ORIENTED_EDGE('',*,*,#10709,.T.);
#12028=ORIENTED_EDGE('',*,*,#12012,.F.);
#12029=EDGE_LOOP('',(#12024,#12026,#12027,#12028));
#12030=FACE_OUTER_BOUND('',#12029,.F.);
#12031=ADVANCED_FACE('',(#12030),#12023,.F.);
#12032=CARTESIAN_POINT('',(9.166665554047E-1,4.4E0,4.617021352053E-1));
#12033=DIRECTION('',(9.311280171432E-1,0.E0,3.646924947007E-1));
#12034=DIRECTION('',(3.646924947007E-1,0.E0,-9.311280171432E-1));
#12035=AXIS2_PLACEMENT_3D('',#12032,#12033,#12034);
#12036=PLANE('',#12035);
#12037=ORIENTED_EDGE('',*,*,#10061,.F.);
#12039=ORIENTED_EDGE('',*,*,#12038,.T.);
#12040=ORIENTED_EDGE('',*,*,#10711,.T.);
#12041=ORIENTED_EDGE('',*,*,#12025,.F.);
#12042=EDGE_LOOP('',(#12037,#12039,#12040,#12041));
#12043=FACE_OUTER_BOUND('',#12042,.F.);
#12044=ADVANCED_FACE('',(#12043),#12036,.F.);
#12045=CARTESIAN_POINT('',(8.291665554047E-1,4.4E0,5.808510676026E-1));
#12046=DIRECTION('',(8.060044205527E-1,0.E0,5.919095150862E-1));
#12047=DIRECTION('',(5.919095150862E-1,0.E0,-8.060044205527E-1));
#12048=AXIS2_PLACEMENT_3D('',#12045,#12046,#12047);
#12049=PLANE('',#12048);
#12050=ORIENTED_EDGE('',*,*,#10059,.F.);
#12052=ORIENTED_EDGE('',*,*,#12051,.T.);
#12053=ORIENTED_EDGE('',*,*,#10713,.T.);
#12054=ORIENTED_EDGE('',*,*,#12038,.F.);
#12055=EDGE_LOOP('',(#12050,#12052,#12053,#12054));
#12056=FACE_OUTER_BOUND('',#12055,.F.);
#12057=ADVANCED_FACE('',(#12056),#12049,.F.);
#12058=CARTESIAN_POINT('',(6.833334445953E-1,4.4E0,6.702127669007E-1));
#12059=DIRECTION('',(5.224775414514E-1,0.E0,8.526530470707E-1));
#12060=DIRECTION('',(8.526530470707E-1,0.E0,-5.224775414514E-1));
#12061=AXIS2_PLACEMENT_3D('',#12058,#12059,#12060);
#12062=PLANE('',#12061);
#12063=ORIENTED_EDGE('',*,*,#10057,.F.);
#12065=ORIENTED_EDGE('',*,*,#12064,.T.);
#12066=ORIENTED_EDGE('',*,*,#10715,.T.);
#12067=ORIENTED_EDGE('',*,*,#12051,.F.);
#12068=EDGE_LOOP('',(#12063,#12065,#12066,#12067));
#12069=FACE_OUTER_BOUND('',#12068,.F.);
#12070=ADVANCED_FACE('',(#12069),#12062,.F.);
#12071=CARTESIAN_POINT('',(5.375E-1,4.4E0,7.E-1));
#12072=DIRECTION('',(2.001232253108E-1,0.E0,9.797707357802E-1));
#12073=DIRECTION('',(9.797707357802E-1,0.E0,-2.001232253108E-1));
#12074=AXIS2_PLACEMENT_3D('',#12071,#12072,#12073);
#12075=PLANE('',#12074);
#12076=ORIENTED_EDGE('',*,*,#10055,.F.);
#12078=ORIENTED_EDGE('',*,*,#12077,.T.);
#12079=ORIENTED_EDGE('',*,*,#10717,.T.);
#12080=ORIENTED_EDGE('',*,*,#12064,.F.);
#12081=EDGE_LOOP('',(#12076,#12078,#12079,#12080));
#12082=FACE_OUTER_BOUND('',#12081,.F.);
#12083=ADVANCED_FACE('',(#12082),#12075,.F.);
#12084=CARTESIAN_POINT('',(3.916665554047E-1,4.4E0,7.E-1));
#12085=DIRECTION('',(0.E0,0.E0,1.E0));
#12086=DIRECTION('',(1.E0,0.E0,0.E0));
#12087=AXIS2_PLACEMENT_3D('',#12084,#12085,#12086);
#12088=PLANE('',#12087);
#12089=ORIENTED_EDGE('',*,*,#10053,.F.);
#12091=ORIENTED_EDGE('',*,*,#12090,.T.);
#12092=ORIENTED_EDGE('',*,*,#10719,.T.);
#12093=ORIENTED_EDGE('',*,*,#12077,.F.);
#12094=EDGE_LOOP('',(#12089,#12091,#12092,#12093));
#12095=FACE_OUTER_BOUND('',#12094,.F.);
#12096=ADVANCED_FACE('',(#12095),#12088,.F.);
#12097=CARTESIAN_POINT('',(2.458334445953E-1,4.4E0,6.702127669007E-1));
#12098=DIRECTION('',(-2.001236650127E-1,0.E0,9.797706459687E-1));
#12099=DIRECTION('',(9.797706459687E-1,0.E0,2.001236650127E-1));
#12100=AXIS2_PLACEMENT_3D('',#12097,#12098,#12099);
#12101=PLANE('',#12100);
#12102=ORIENTED_EDGE('',*,*,#10051,.F.);
#12104=ORIENTED_EDGE('',*,*,#12103,.T.);
#12105=ORIENTED_EDGE('',*,*,#10721,.T.);
#12106=ORIENTED_EDGE('',*,*,#12090,.F.);
#12107=EDGE_LOOP('',(#12102,#12104,#12105,#12106));
#12108=FACE_OUTER_BOUND('',#12107,.F.);
#12109=ADVANCED_FACE('',(#12108),#12101,.F.);
#12110=CARTESIAN_POINT('',(1.E-1,4.4E0,5.808510676026E-1));
#12111=DIRECTION('',(-5.224766720432E-1,0.E0,8.526535798146E-1));
#12112=DIRECTION('',(8.526535798146E-1,0.E0,5.224766720432E-1));
#12113=AXIS2_PLACEMENT_3D('',#12110,#12111,#12112);
#12114=PLANE('',#12113);
#12115=ORIENTED_EDGE('',*,*,#10049,.F.);
#12117=ORIENTED_EDGE('',*,*,#12116,.T.);
#12118=ORIENTED_EDGE('',*,*,#10723,.T.);
#12119=ORIENTED_EDGE('',*,*,#12103,.F.);
#12120=EDGE_LOOP('',(#12115,#12117,#12118,#12119));
#12121=FACE_OUTER_BOUND('',#12120,.F.);
#12122=ADVANCED_FACE('',(#12121),#12114,.F.);
#12123=CARTESIAN_POINT('',(1.25E-2,4.4E0,4.617021352053E-1));
#12124=DIRECTION('',(-8.060044205527E-1,0.E0,5.919095150862E-1));
#12125=DIRECTION('',(5.919095150862E-1,0.E0,8.060044205527E-1));
#12126=AXIS2_PLACEMENT_3D('',#12123,#12124,#12125);
#12127=PLANE('',#12126);
#12128=ORIENTED_EDGE('',*,*,#10047,.F.);
#12130=ORIENTED_EDGE('',*,*,#12129,.T.);
#12131=ORIENTED_EDGE('',*,*,#10725,.T.);
#12132=ORIENTED_EDGE('',*,*,#12116,.F.);
#12133=EDGE_LOOP('',(#12128,#12130,#12131,#12132));
#12134=FACE_OUTER_BOUND('',#12133,.F.);
#12135=ADVANCED_FACE('',(#12134),#12127,.F.);
#12136=CARTESIAN_POINT('',(-4.583344459534E-2,4.4E0,3.127659618855E-1));
#12137=DIRECTION('',(-9.311280171432E-1,0.E0,3.646924947007E-1));
#12138=DIRECTION('',(3.646924947007E-1,0.E0,9.311280171432E-1));
#12139=AXIS2_PLACEMENT_3D('',#12136,#12137,#12138);
#12140=PLANE('',#12139);
#12141=ORIENTED_EDGE('',*,*,#10045,.F.);
#12143=ORIENTED_EDGE('',*,*,#12142,.T.);
#12144=ORIENTED_EDGE('',*,*,#10727,.T.);
#12145=ORIENTED_EDGE('',*,*,#12129,.F.);
#12146=EDGE_LOOP('',(#12141,#12143,#12144,#12145));
#12147=FACE_OUTER_BOUND('',#12146,.F.);
#12148=ADVANCED_FACE('',(#12147),#12140,.F.);
#12149=CARTESIAN_POINT('',(-7.5E-2,4.4E0,1.042553067207E-1));
#12150=DIRECTION('',(-9.903580026311E-1,0.E0,1.385316809416E-1));
#12151=DIRECTION('',(1.385316809416E-1,0.E0,9.903580026311E-1));
#12152=AXIS2_PLACEMENT_3D('',#12149,#12150,#12151);
#12153=PLANE('',#12152);
#12154=ORIENTED_EDGE('',*,*,#10043,.F.);
#12156=ORIENTED_EDGE('',*,*,#12155,.T.);
#12157=ORIENTED_EDGE('',*,*,#10729,.T.);
#12158=ORIENTED_EDGE('',*,*,#12142,.F.);
#12159=EDGE_LOOP('',(#12154,#12156,#12157,#12158));
#12160=FACE_OUTER_BOUND('',#12159,.F.);
#12161=ADVANCED_FACE('',(#12160),#12153,.F.);
#12162=CARTESIAN_POINT('',(-7.5E-2,4.4E0,-1.042553067207E-1));
#12163=DIRECTION('',(-1.E0,0.E0,0.E0));
#12164=DIRECTION('',(0.E0,0.E0,1.E0));
#12165=AXIS2_PLACEMENT_3D('',#12162,#12163,#12164);
#12166=PLANE('',#12165);
#12167=ORIENTED_EDGE('',*,*,#10041,.F.);
#12169=ORIENTED_EDGE('',*,*,#12168,.T.);
#12170=ORIENTED_EDGE('',*,*,#10731,.T.);
#12171=ORIENTED_EDGE('',*,*,#12155,.F.);
#12172=EDGE_LOOP('',(#12167,#12169,#12170,#12171));
#12173=FACE_OUTER_BOUND('',#12172,.F.);
#12174=ADVANCED_FACE('',(#12173),#12166,.F.);
#12175=CARTESIAN_POINT('',(-4.583344459534E-2,4.4E0,-3.127659201622E-1));
#12176=DIRECTION('',(-9.903579988280E-1,0.E0,-1.385317081299E-1));
#12177=DIRECTION('',(-1.385317081299E-1,0.E0,9.903579988280E-1));
#12178=AXIS2_PLACEMENT_3D('',#12175,#12176,#12177);
#12179=PLANE('',#12178);
#12180=ORIENTED_EDGE('',*,*,#10039,.F.);
#12182=ORIENTED_EDGE('',*,*,#12181,.T.);
#12183=ORIENTED_EDGE('',*,*,#10733,.T.);
#12184=ORIENTED_EDGE('',*,*,#12168,.F.);
#12185=EDGE_LOOP('',(#12180,#12182,#12183,#12184));
#12186=FACE_OUTER_BOUND('',#12185,.F.);
#12187=ADVANCED_FACE('',(#12186),#12179,.F.);
#12188=CARTESIAN_POINT('',(1.25E-2,4.4E0,-4.617021560669E-1));
#12189=DIRECTION('',(-9.311280691825E-1,0.E0,-3.646923618345E-1));
#12190=DIRECTION('',(-3.646923618345E-1,0.E0,9.311280691825E-1));
#12191=AXIS2_PLACEMENT_3D('',#12188,#12189,#12190);
#12192=PLANE('',#12191);
#12193=ORIENTED_EDGE('',*,*,#10037,.F.);
#12195=ORIENTED_EDGE('',*,*,#12194,.T.);
#12196=ORIENTED_EDGE('',*,*,#10735,.T.);
#12197=ORIENTED_EDGE('',*,*,#12181,.F.);
#12198=EDGE_LOOP('',(#12193,#12195,#12196,#12197));
#12199=FACE_OUTER_BOUND('',#12198,.F.);
#12200=ADVANCED_FACE('',(#12199),#12192,.F.);
#12201=CARTESIAN_POINT('',(1.E-1,4.4E0,-5.808510780334E-1));
#12202=DIRECTION('',(-8.060043958311E-1,0.E0,-5.919095487496E-1));
#12203=DIRECTION('',(-5.919095487496E-1,0.E0,8.060043958311E-1));
#12204=AXIS2_PLACEMENT_3D('',#12201,#12202,#12203);
#12205=PLANE('',#12204);
#12206=ORIENTED_EDGE('',*,*,#10035,.F.);
#12208=ORIENTED_EDGE('',*,*,#12207,.T.);
#12209=ORIENTED_EDGE('',*,*,#10737,.T.);
#12210=ORIENTED_EDGE('',*,*,#12194,.F.);
#12211=EDGE_LOOP('',(#12206,#12208,#12209,#12210));
#12212=FACE_OUTER_BOUND('',#12211,.F.);
#12213=ADVANCED_FACE('',(#12212),#12205,.F.);
#12214=CARTESIAN_POINT('',(2.458334445953E-1,4.4E0,-6.702127695084E-1));
#12215=DIRECTION('',(-5.224766387895E-1,0.E0,-8.526536001913E-1));
#12216=DIRECTION('',(-8.526536001913E-1,0.E0,5.224766387895E-1));
#12217=AXIS2_PLACEMENT_3D('',#12214,#12215,#12216);
#12218=PLANE('',#12217);
#12219=ORIENTED_EDGE('',*,*,#10033,.F.);
#12221=ORIENTED_EDGE('',*,*,#12220,.T.);
#12222=ORIENTED_EDGE('',*,*,#10739,.T.);
#12223=ORIENTED_EDGE('',*,*,#12207,.F.);
#12224=EDGE_LOOP('',(#12219,#12221,#12222,#12223));
#12225=FACE_OUTER_BOUND('',#12224,.F.);
#12226=ADVANCED_FACE('',(#12225),#12218,.F.);
#12227=CARTESIAN_POINT('',(3.916665554047E-1,4.4E0,-7.E-1));
#12228=DIRECTION('',(-2.001236481946E-1,0.E0,-9.797706494039E-1));
#12229=DIRECTION('',(-9.797706494039E-1,0.E0,2.001236481946E-1));
#12230=AXIS2_PLACEMENT_3D('',#12227,#12228,#12229);
#12231=PLANE('',#12230);
#12232=ORIENTED_EDGE('',*,*,#10031,.F.);
#12234=ORIENTED_EDGE('',*,*,#12233,.T.);
#12235=ORIENTED_EDGE('',*,*,#10741,.T.);
#12236=ORIENTED_EDGE('',*,*,#12220,.F.);
#12237=EDGE_LOOP('',(#12232,#12234,#12235,#12236));
#12238=FACE_OUTER_BOUND('',#12237,.F.);
#12239=ADVANCED_FACE('',(#12238),#12231,.F.);
#12240=CARTESIAN_POINT('',(5.083334445953E-1,4.4E0,-7.E-1));
#12241=DIRECTION('',(0.E0,0.E0,-1.E0));
#12242=DIRECTION('',(-1.E0,0.E0,0.E0));
#12243=AXIS2_PLACEMENT_3D('',#12240,#12241,#12242);
#12244=PLANE('',#12243);
#12245=ORIENTED_EDGE('',*,*,#10029,.F.);
#12247=ORIENTED_EDGE('',*,*,#12246,.T.);
#12248=ORIENTED_EDGE('',*,*,#10743,.T.);
#12249=ORIENTED_EDGE('',*,*,#12233,.F.);
#12250=EDGE_LOOP('',(#12245,#12247,#12248,#12249));
#12251=FACE_OUTER_BOUND('',#12250,.F.);
#12252=ADVANCED_FACE('',(#12251),#12244,.F.);
#12253=CARTESIAN_POINT('',(6.541665554047E-1,4.4E0,-6.702127695084E-1));
#12254=DIRECTION('',(2.001236481946E-1,0.E0,-9.797706494039E-1));
#12255=DIRECTION('',(-9.797706494039E-1,0.E0,-2.001236481946E-1));
#12256=AXIS2_PLACEMENT_3D('',#12253,#12254,#12255);
#12257=PLANE('',#12256);
#12258=ORIENTED_EDGE('',*,*,#10027,.F.);
#12260=ORIENTED_EDGE('',*,*,#12259,.T.);
#12261=ORIENTED_EDGE('',*,*,#10745,.T.);
#12262=ORIENTED_EDGE('',*,*,#12246,.F.);
#12263=EDGE_LOOP('',(#12258,#12260,#12261,#12262));
#12264=FACE_OUTER_BOUND('',#12263,.F.);
#12265=ADVANCED_FACE('',(#12264),#12257,.F.);
#12266=CARTESIAN_POINT('',(8.E-1,4.4E0,-5.808510780334E-1));
#12267=DIRECTION('',(5.224766387895E-1,0.E0,-8.526536001913E-1));
#12268=DIRECTION('',(-8.526536001913E-1,0.E0,-5.224766387895E-1));
#12269=AXIS2_PLACEMENT_3D('',#12266,#12267,#12268);
#12270=PLANE('',#12269);
#12271=ORIENTED_EDGE('',*,*,#10025,.F.);
#12273=ORIENTED_EDGE('',*,*,#12272,.T.);
#12274=ORIENTED_EDGE('',*,*,#10747,.T.);
#12275=ORIENTED_EDGE('',*,*,#12259,.F.);
#12276=EDGE_LOOP('',(#12271,#12273,#12274,#12275));
#12277=FACE_OUTER_BOUND('',#12276,.F.);
#12278=ADVANCED_FACE('',(#12277),#12270,.F.);
#12279=CARTESIAN_POINT('',(8.875E-1,4.4E0,-4.617021560669E-1));
#12280=DIRECTION('',(8.060043958311E-1,0.E0,-5.919095487496E-1));
#12281=DIRECTION('',(-5.919095487496E-1,0.E0,-8.060043958311E-1));
#12282=AXIS2_PLACEMENT_3D('',#12279,#12280,#12281);
#12283=PLANE('',#12282);
#12284=ORIENTED_EDGE('',*,*,#10023,.F.);
#12286=ORIENTED_EDGE('',*,*,#12285,.T.);
#12287=ORIENTED_EDGE('',*,*,#10749,.T.);
#12288=ORIENTED_EDGE('',*,*,#12272,.F.);
#12289=EDGE_LOOP('',(#12284,#12286,#12287,#12288));
#12290=FACE_OUTER_BOUND('',#12289,.F.);
#12291=ADVANCED_FACE('',(#12290),#12283,.F.);
#12292=CARTESIAN_POINT('',(9.166665554047E-1,4.4E0,-3.723404645920E-1));
#12293=DIRECTION('',(9.506455412394E-1,0.E0,-3.102789952956E-1));
#12294=DIRECTION('',(-3.102789952956E-1,0.E0,-9.506455412394E-1));
#12295=AXIS2_PLACEMENT_3D('',#12292,#12293,#12294);
#12296=PLANE('',#12295);
#12297=ORIENTED_EDGE('',*,*,#10021,.F.);
#12299=ORIENTED_EDGE('',*,*,#12298,.T.);
#12300=ORIENTED_EDGE('',*,*,#10751,.T.);
#12301=ORIENTED_EDGE('',*,*,#12285,.F.);
#12302=EDGE_LOOP('',(#12297,#12299,#12300,#12301));
#12303=FACE_OUTER_BOUND('',#12302,.F.);
#12304=ADVANCED_FACE('',(#12303),#12296,.F.);
#12305=CARTESIAN_POINT('',(7.708334445953E-1,4.4E0,-3.723404645920E-1));
#12306=DIRECTION('',(0.E0,0.E0,1.E0));
#12307=DIRECTION('',(1.E0,0.E0,0.E0));
#12308=AXIS2_PLACEMENT_3D('',#12305,#12306,#12307);
#12309=PLANE('',#12308);
#12310=ORIENTED_EDGE('',*,*,#10019,.F.);
#12312=ORIENTED_EDGE('',*,*,#12311,.T.);
#12313=ORIENTED_EDGE('',*,*,#10753,.T.);
#12314=ORIENTED_EDGE('',*,*,#12298,.F.);
#12315=EDGE_LOOP('',(#12310,#12312,#12313,#12314));
#12316=FACE_OUTER_BOUND('',#12315,.F.);
#12317=ADVANCED_FACE('',(#12316),#12309,.F.);
#12318=CARTESIAN_POINT('',(7.125E-1,4.4E0,-4.617021560669E-1));
#12319=DIRECTION('',(-8.373786433120E-1,0.E0,5.466232777014E-1));
#12320=DIRECTION('',(5.466232777014E-1,0.E0,8.373786433120E-1));
#12321=AXIS2_PLACEMENT_3D('',#12318,#12319,#12320);
#12322=PLANE('',#12321);
#12323=ORIENTED_EDGE('',*,*,#10017,.F.);
#12325=ORIENTED_EDGE('',*,*,#12324,.T.);
#12326=ORIENTED_EDGE('',*,*,#10755,.T.);
#12327=ORIENTED_EDGE('',*,*,#12311,.F.);
#12328=EDGE_LOOP('',(#12323,#12325,#12326,#12327));
#12329=FACE_OUTER_BOUND('',#12328,.F.);
#12330=ADVANCED_FACE('',(#12329),#12322,.F.);
#12331=CARTESIAN_POINT('',(6.25E-1,4.4E0,-5.212766170502E-1));
#12332=DIRECTION('',(-5.627909312417E-1,0.E0,8.265992787996E-1));
#12333=DIRECTION('',(8.265992787996E-1,0.E0,5.627909312417E-1));
#12334=AXIS2_PLACEMENT_3D('',#12331,#12332,#12333);
#12335=PLANE('',#12334);
#12336=ORIENTED_EDGE('',*,*,#10015,.F.);
#12338=ORIENTED_EDGE('',*,*,#12337,.T.);
#12339=ORIENTED_EDGE('',*,*,#10757,.T.);
#12340=ORIENTED_EDGE('',*,*,#12324,.F.);
#12341=EDGE_LOOP('',(#12336,#12338,#12339,#12340));
#12342=FACE_OUTER_BOUND('',#12341,.F.);
#12343=ADVANCED_FACE('',(#12342),#12335,.F.);
#12344=CARTESIAN_POINT('',(5.375E-1,4.4E0,-5.510638475418E-1));
#12345=DIRECTION('',(-3.222637633772E-1,0.E0,9.466499177700E-1));
#12346=DIRECTION('',(9.466499177700E-1,0.E0,3.222637633772E-1));
#12347=AXIS2_PLACEMENT_3D('',#12344,#12345,#12346);
#12348=PLANE('',#12347);
#12349=ORIENTED_EDGE('',*,*,#10013,.F.);
#12351=ORIENTED_EDGE('',*,*,#12350,.T.);
#12352=ORIENTED_EDGE('',*,*,#10759,.T.);
#12353=ORIENTED_EDGE('',*,*,#12337,.F.);
#12354=EDGE_LOOP('',(#12349,#12351,#12352,#12353));
#12355=FACE_OUTER_BOUND('',#12354,.F.);
#12356=ADVANCED_FACE('',(#12355),#12348,.F.);
#12357=CARTESIAN_POINT('',(3.625E-1,4.4E0,-5.510638475418E-1));
#12358=DIRECTION('',(0.E0,0.E0,1.E0));
#12359=DIRECTION('',(1.E0,0.E0,0.E0));
#12360=AXIS2_PLACEMENT_3D('',#12357,#12358,#12359);
#12361=PLANE('',#12360);
#12362=ORIENTED_EDGE('',*,*,#10011,.F.);
#12364=ORIENTED_EDGE('',*,*,#12363,.T.);
#12365=ORIENTED_EDGE('',*,*,#10761,.T.);
#12366=ORIENTED_EDGE('',*,*,#12350,.F.);
#12367=EDGE_LOOP('',(#12362,#12364,#12365,#12366));
#12368=FACE_OUTER_BOUND('',#12367,.F.);
#12369=ADVANCED_FACE('',(#12368),#12361,.F.);
#12370=CARTESIAN_POINT('',(2.75E-1,4.4E0,-5.212766170502E-1));
#12371=DIRECTION('',(3.222637633772E-1,0.E0,9.466499177700E-1));
#12372=DIRECTION('',(9.466499177700E-1,0.E0,-3.222637633772E-1));
#12373=AXIS2_PLACEMENT_3D('',#12370,#12371,#12372);
#12374=PLANE('',#12373);
#12375=ORIENTED_EDGE('',*,*,#10009,.F.);
#12377=ORIENTED_EDGE('',*,*,#12376,.T.);
#12378=ORIENTED_EDGE('',*,*,#10763,.T.);
#12379=ORIENTED_EDGE('',*,*,#12363,.F.);
#12380=EDGE_LOOP('',(#12375,#12377,#12378,#12379));
#12381=FACE_OUTER_BOUND('',#12380,.F.);
#12382=ADVANCED_FACE('',(#12381),#12374,.F.);
#12383=CARTESIAN_POINT('',(1.875E-1,4.4E0,-4.617021560669E-1));
#12384=DIRECTION('',(5.627909312417E-1,0.E0,8.265992787996E-1));
#12385=DIRECTION('',(8.265992787996E-1,0.E0,-5.627909312417E-1));
#12386=AXIS2_PLACEMENT_3D('',#12383,#12384,#12385);
#12387=PLANE('',#12386);
#12388=ORIENTED_EDGE('',*,*,#10007,.F.);
#12390=ORIENTED_EDGE('',*,*,#12389,.T.);
#12391=ORIENTED_EDGE('',*,*,#10765,.T.);
#12392=ORIENTED_EDGE('',*,*,#12376,.F.);
#12393=EDGE_LOOP('',(#12388,#12390,#12391,#12392));
#12394=FACE_OUTER_BOUND('',#12393,.F.);
#12395=ADVANCED_FACE('',(#12394),#12387,.F.);
#12396=CARTESIAN_POINT('',(1.291665554047E-1,4.4E0,-3.723404645920E-1));
#12397=DIRECTION('',(8.373786433120E-1,0.E0,5.466232777014E-1));
#12398=DIRECTION('',(5.466232777014E-1,0.E0,-8.373786433120E-1));
#12399=AXIS2_PLACEMENT_3D('',#12396,#12397,#12398);
#12400=PLANE('',#12399);
#12401=ORIENTED_EDGE('',*,*,#10005,.F.);
#12403=ORIENTED_EDGE('',*,*,#12402,.T.);
#12404=ORIENTED_EDGE('',*,*,#10767,.T.);
#12405=ORIENTED_EDGE('',*,*,#12389,.F.);
#12406=EDGE_LOOP('',(#12401,#12403,#12404,#12405));
#12407=FACE_OUTER_BOUND('',#12406,.F.);
#12408=ADVANCED_FACE('',(#12407),#12400,.F.);
#12409=CARTESIAN_POINT('',(1.E-1,4.4E0,-2.829786896706E-1));
#12410=DIRECTION('',(9.506456267027E-1,0.E0,3.102787334496E-1));
#12411=DIRECTION('',(3.102787334496E-1,0.E0,-9.506456267027E-1));
#12412=AXIS2_PLACEMENT_3D('',#12409,#12410,#12411);
#12413=PLANE('',#12412);
#12414=ORIENTED_EDGE('',*,*,#10003,.F.);
#12416=ORIENTED_EDGE('',*,*,#12415,.T.);
#12417=ORIENTED_EDGE('',*,*,#10769,.T.);
#12418=ORIENTED_EDGE('',*,*,#12402,.F.);
#12419=EDGE_LOOP('',(#12414,#12416,#12417,#12418));
#12420=FACE_OUTER_BOUND('',#12419,.F.);
#12421=ADVANCED_FACE('',(#12420),#12413,.F.);
#12422=CARTESIAN_POINT('',(7.083344459534E-2,4.4E0,-1.042553067207E-1));
#12423=DIRECTION('',(9.869440947885E-1,0.E0,1.610631980374E-1));
#12424=DIRECTION('',(1.610631980374E-1,0.E0,-9.869440947885E-1));
#12425=AXIS2_PLACEMENT_3D('',#12422,#12423,#12424);
#12426=PLANE('',#12425);
#12427=ORIENTED_EDGE('',*,*,#10001,.F.);
#12429=ORIENTED_EDGE('',*,*,#12428,.T.);
#12430=ORIENTED_EDGE('',*,*,#10771,.T.);
#12431=ORIENTED_EDGE('',*,*,#12415,.F.);
#12432=EDGE_LOOP('',(#12427,#12429,#12430,#12431));
#12433=FACE_OUTER_BOUND('',#12432,.F.);
#12434=ADVANCED_FACE('',(#12433),#12426,.F.);
#12435=CARTESIAN_POINT('',(7.083344459534E-2,4.4E0,-4.468084573746E-2));
#12436=DIRECTION('',(1.E0,0.E0,0.E0));
#12437=DIRECTION('',(0.E0,0.E0,-1.E0));
#12438=AXIS2_PLACEMENT_3D('',#12435,#12436,#12437);
#12439=PLANE('',#12438);
#12440=ORIENTED_EDGE('',*,*,#9999,.F.);
#12442=ORIENTED_EDGE('',*,*,#12441,.T.);
#12443=ORIENTED_EDGE('',*,*,#10773,.T.);
#12444=ORIENTED_EDGE('',*,*,#12428,.F.);
#12445=EDGE_LOOP('',(#12440,#12442,#12443,#12444));
#12446=FACE_OUTER_BOUND('',#12445,.F.);
#12447=ADVANCED_FACE('',(#12446),#12439,.F.);
#12448=CARTESIAN_POINT('',(2.458334445953E-1,4.4E0,-1.638297677040E-1));
#12449=DIRECTION('',(-5.627909312417E-1,0.E0,-8.265992787996E-1));
#12450=DIRECTION('',(-8.265992787996E-1,0.E0,5.627909312417E-1));
#12451=AXIS2_PLACEMENT_3D('',#12448,#12449,#12450);
#12452=PLANE('',#12451);
#12453=ORIENTED_EDGE('',*,*,#9997,.F.);
#12455=ORIENTED_EDGE('',*,*,#12454,.T.);
#12456=ORIENTED_EDGE('',*,*,#10775,.T.);
#12457=ORIENTED_EDGE('',*,*,#12441,.F.);
#12458=EDGE_LOOP('',(#12453,#12455,#12456,#12457));
#12459=FACE_OUTER_BOUND('',#12458,.F.);
#12460=ADVANCED_FACE('',(#12459),#12452,.F.);
#12461=CARTESIAN_POINT('',(3.916665554047E-1,4.4E0,-1.936169981956E-1));
#12462=DIRECTION('',(-2.001236481946E-1,0.E0,-9.797706494039E-1));
#12463=DIRECTION('',(-9.797706494039E-1,0.E0,2.001236481946E-1));
#12464=AXIS2_PLACEMENT_3D('',#12461,#12462,#12463);
#12465=PLANE('',#12464);
#12466=ORIENTED_EDGE('',*,*,#9995,.F.);
#12468=ORIENTED_EDGE('',*,*,#12467,.T.);
#12469=ORIENTED_EDGE('',*,*,#10777,.T.);
#12470=ORIENTED_EDGE('',*,*,#12454,.F.);
#12471=EDGE_LOOP('',(#12466,#12468,#12469,#12470));
#12472=FACE_OUTER_BOUND('',#12471,.F.);
#12473=ADVANCED_FACE('',(#12472),#12465,.F.);
#12474=CARTESIAN_POINT('',(5.375E-1,4.4E0,-1.936169981956E-1));
#12475=DIRECTION('',(0.E0,0.E0,-1.E0));
#12476=DIRECTION('',(-1.E0,0.E0,0.E0));
#12477=AXIS2_PLACEMENT_3D('',#12474,#12475,#12476);
#12478=PLANE('',#12477);
#12479=ORIENTED_EDGE('',*,*,#9993,.F.);
#12481=ORIENTED_EDGE('',*,*,#12480,.T.);
#12482=ORIENTED_EDGE('',*,*,#10779,.T.);
#12483=ORIENTED_EDGE('',*,*,#12467,.F.);
#12484=EDGE_LOOP('',(#12479,#12481,#12482,#12483));
#12485=FACE_OUTER_BOUND('',#12484,.F.);
#12486=ADVANCED_FACE('',(#12485),#12478,.F.);
#12487=CARTESIAN_POINT('',(6.833334445953E-1,4.4E0,-1.638297677040E-1));
#12488=DIRECTION('',(2.001232084928E-1,0.E0,-9.797707392153E-1));
#12489=DIRECTION('',(-9.797707392153E-1,0.E0,-2.001232084928E-1));
#12490=AXIS2_PLACEMENT_3D('',#12487,#12488,#12489);
#12491=PLANE('',#12490);
#12492=ORIENTED_EDGE('',*,*,#9991,.F.);
#12494=ORIENTED_EDGE('',*,*,#12493,.T.);
#12495=ORIENTED_EDGE('',*,*,#10781,.T.);
#12496=ORIENTED_EDGE('',*,*,#12480,.F.);
#12497=EDGE_LOOP('',(#12492,#12494,#12495,#12496));
#12498=FACE_OUTER_BOUND('',#12497,.F.);
#12499=ADVANCED_FACE('',(#12498),#12491,.F.);
#12500=CARTESIAN_POINT('',(8.291665554047E-1,4.4E0,-7.446807622910E-2));
#12501=DIRECTION('',(5.224775081977E-1,0.E0,-8.526530674474E-1));
#12502=DIRECTION('',(-8.526530674474E-1,0.E0,-5.224775081977E-1));
#12503=AXIS2_PLACEMENT_3D('',#12500,#12501,#12502);
#12504=PLANE('',#12503);
#12505=ORIENTED_EDGE('',*,*,#9989,.F.);
#12506=ORIENTED_EDGE('',*,*,#12001,.T.);
#12507=ORIENTED_EDGE('',*,*,#10783,.T.);
#12508=ORIENTED_EDGE('',*,*,#12493,.F.);
#12509=EDGE_LOOP('',(#12505,#12506,#12507,#12508));
#12510=FACE_OUTER_BOUND('',#12509,.F.);
#12511=ADVANCED_FACE('',(#12510),#12504,.F.);
#12512=CARTESIAN_POINT('',(8.E-1,4.4E0,1.042553067207E-1));
#12513=DIRECTION('',(-9.506455839711E-1,0.E0,3.102788643726E-1));
#12514=DIRECTION('',(3.102788643726E-1,0.E0,9.506455839711E-1));
#12515=AXIS2_PLACEMENT_3D('',#12512,#12513,#12514);
#12516=PLANE('',#12515);
#12517=ORIENTED_EDGE('',*,*,#10355,.F.);
#12519=ORIENTED_EDGE('',*,*,#12518,.T.);
#12520=ORIENTED_EDGE('',*,*,#10787,.T.);
#12522=ORIENTED_EDGE('',*,*,#12521,.F.);
#12523=EDGE_LOOP('',(#12517,#12519,#12520,#12522));
#12524=FACE_OUTER_BOUND('',#12523,.F.);
#12525=ADVANCED_FACE('',(#12524),#12516,.F.);
#12526=CARTESIAN_POINT('',(7.416665554047E-1,4.4E0,4.468084573746E-2));
#12527=DIRECTION('',(-7.145097177357E-1,0.E0,6.996255164452E-1));
#12528=DIRECTION('',(6.996255164452E-1,0.E0,7.145097177357E-1));
#12529=AXIS2_PLACEMENT_3D('',#12526,#12527,#12528);
#12530=PLANE('',#12529);
#12531=ORIENTED_EDGE('',*,*,#10393,.F.);
#12533=ORIENTED_EDGE('',*,*,#12532,.T.);
#12534=ORIENTED_EDGE('',*,*,#10789,.T.);
#12535=ORIENTED_EDGE('',*,*,#12518,.F.);
#12536=EDGE_LOOP('',(#12531,#12533,#12534,#12535));
#12537=FACE_OUTER_BOUND('',#12536,.F.);
#12538=ADVANCED_FACE('',(#12537),#12530,.F.);
#12539=CARTESIAN_POINT('',(6.541665554047E-1,4.4E0,-1.489361524582E-2));
#12540=DIRECTION('',(-5.627909312417E-1,0.E0,8.265992787996E-1));
#12541=DIRECTION('',(8.265992787996E-1,0.E0,5.627909312417E-1));
#12542=AXIS2_PLACEMENT_3D('',#12539,#12540,#12541);
#12543=PLANE('',#12542);
#12544=ORIENTED_EDGE('',*,*,#10391,.F.);
#12546=ORIENTED_EDGE('',*,*,#12545,.T.);
#12547=ORIENTED_EDGE('',*,*,#10791,.T.);
#12548=ORIENTED_EDGE('',*,*,#12532,.F.);
#12549=EDGE_LOOP('',(#12544,#12546,#12547,#12548));
#12550=FACE_OUTER_BOUND('',#12549,.F.);
#12551=ADVANCED_FACE('',(#12550),#12543,.F.);
#12552=CARTESIAN_POINT('',(5.666665554047E-1,4.4E0,-4.468084573746E-2));
#12553=DIRECTION('',(-3.222637633772E-1,0.E0,9.466499177700E-1));
#12554=DIRECTION('',(9.466499177700E-1,0.E0,3.222637633772E-1));
#12555=AXIS2_PLACEMENT_3D('',#12552,#12553,#12554);
#12556=PLANE('',#12555);
#12557=ORIENTED_EDGE('',*,*,#10389,.F.);
#12559=ORIENTED_EDGE('',*,*,#12558,.T.);
#12560=ORIENTED_EDGE('',*,*,#10793,.T.);
#12561=ORIENTED_EDGE('',*,*,#12545,.F.);
#12562=EDGE_LOOP('',(#12557,#12559,#12560,#12561));
#12563=FACE_OUTER_BOUND('',#12562,.F.);
#12564=ADVANCED_FACE('',(#12563),#12556,.F.);
#12565=CARTESIAN_POINT('',(3.625E-1,4.4E0,-4.468084573746E-2));
#12566=DIRECTION('',(0.E0,0.E0,1.E0));
#12567=DIRECTION('',(1.E0,0.E0,0.E0));
#12568=AXIS2_PLACEMENT_3D('',#12565,#12566,#12567);
#12569=PLANE('',#12568);
#12570=ORIENTED_EDGE('',*,*,#10387,.F.);
#12572=ORIENTED_EDGE('',*,*,#12571,.T.);
#12573=ORIENTED_EDGE('',*,*,#10795,.T.);
#12574=ORIENTED_EDGE('',*,*,#12558,.F.);
#12575=EDGE_LOOP('',(#12570,#12572,#12573,#12574));
#12576=FACE_OUTER_BOUND('',#12575,.F.);
#12577=ADVANCED_FACE('',(#12576),#12569,.F.);
#12578=CARTESIAN_POINT('',(2.75E-1,4.4E0,-1.489361524582E-2));
#12579=DIRECTION('',(3.222637633772E-1,0.E0,9.466499177700E-1));
#12580=DIRECTION('',(9.466499177700E-1,0.E0,-3.222637633772E-1));
#12581=AXIS2_PLACEMENT_3D('',#12578,#12579,#12580);
#12582=PLANE('',#12581);
#12583=ORIENTED_EDGE('',*,*,#10385,.F.);
#12585=ORIENTED_EDGE('',*,*,#12584,.T.);
#12586=ORIENTED_EDGE('',*,*,#10797,.T.);
#12587=ORIENTED_EDGE('',*,*,#12571,.F.);
#12588=EDGE_LOOP('',(#12583,#12585,#12586,#12587));
#12589=FACE_OUTER_BOUND('',#12588,.F.);
#12590=ADVANCED_FACE('',(#12589),#12582,.F.);
#12591=CARTESIAN_POINT('',(1.875E-1,4.4E0,4.468084573746E-2));
#12592=DIRECTION('',(5.627909312417E-1,0.E0,8.265992787996E-1));
#12593=DIRECTION('',(8.265992787996E-1,0.E0,-5.627909312417E-1));
#12594=AXIS2_PLACEMENT_3D('',#12591,#12592,#12593);
#12595=PLANE('',#12594);
#12596=ORIENTED_EDGE('',*,*,#10383,.F.);
#12598=ORIENTED_EDGE('',*,*,#12597,.T.);
#12599=ORIENTED_EDGE('',*,*,#10799,.T.);
#12600=ORIENTED_EDGE('',*,*,#12584,.F.);
#12601=EDGE_LOOP('',(#12596,#12598,#12599,#12600));
#12602=FACE_OUTER_BOUND('',#12601,.F.);
#12603=ADVANCED_FACE('',(#12602),#12595,.F.);
#12604=CARTESIAN_POINT('',(1.291665554047E-1,4.4E0,1.042553067207E-1));
#12605=DIRECTION('',(7.145097177357E-1,0.E0,6.996255164452E-1));
#12606=DIRECTION('',(6.996255164452E-1,0.E0,-7.145097177357E-1));
#12607=AXIS2_PLACEMENT_3D('',#12604,#12605,#12606);
#12608=PLANE('',#12607);
#12609=ORIENTED_EDGE('',*,*,#10381,.F.);
#12611=ORIENTED_EDGE('',*,*,#12610,.T.);
#12612=ORIENTED_EDGE('',*,*,#10801,.T.);
#12613=ORIENTED_EDGE('',*,*,#12597,.F.);
#12614=EDGE_LOOP('',(#12609,#12611,#12612,#12613));
#12615=FACE_OUTER_BOUND('',#12614,.F.);
#12616=ADVANCED_FACE('',(#12615),#12608,.F.);
#12617=CARTESIAN_POINT('',(1.E-1,4.4E0,1.936170399189E-1));
#12618=DIRECTION('',(9.506455839711E-1,0.E0,3.102788643726E-1));
#12619=DIRECTION('',(3.102788643726E-1,0.E0,-9.506455839711E-1));
#12620=AXIS2_PLACEMENT_3D('',#12617,#12618,#12619);
#12621=PLANE('',#12620);
#12622=ORIENTED_EDGE('',*,*,#10379,.F.);
#12624=ORIENTED_EDGE('',*,*,#12623,.T.);
#12625=ORIENTED_EDGE('',*,*,#10803,.T.);
#12626=ORIENTED_EDGE('',*,*,#12610,.F.);
#12627=EDGE_LOOP('',(#12622,#12624,#12625,#12626));
#12628=FACE_OUTER_BOUND('',#12627,.F.);
#12629=ADVANCED_FACE('',(#12628),#12621,.F.);
#12630=CARTESIAN_POINT('',(1.E-1,4.4E0,2.829787313938E-1));
#12631=DIRECTION('',(1.E0,0.E0,0.E0));
#12632=DIRECTION('',(0.E0,0.E0,-1.E0));
#12633=AXIS2_PLACEMENT_3D('',#12630,#12631,#12632);
#12634=PLANE('',#12633);
#12635=ORIENTED_EDGE('',*,*,#10377,.F.);
#12637=ORIENTED_EDGE('',*,*,#12636,.T.);
#12638=ORIENTED_EDGE('',*,*,#10805,.T.);
#12639=ORIENTED_EDGE('',*,*,#12623,.F.);
#12640=EDGE_LOOP('',(#12635,#12637,#12638,#12639));
#12641=FACE_OUTER_BOUND('',#12640,.F.);
#12642=ADVANCED_FACE('',(#12641),#12634,.F.);
#12643=CARTESIAN_POINT('',(1.291665554047E-1,4.4E0,3.723404228687E-1));
#12644=DIRECTION('',(9.506455412394E-1,0.E0,-3.102789952956E-1));
#12645=DIRECTION('',(-3.102789952956E-1,0.E0,-9.506455412394E-1));
#12646=AXIS2_PLACEMENT_3D('',#12643,#12644,#12645);
#12647=PLANE('',#12646);
#12648=ORIENTED_EDGE('',*,*,#10375,.F.);
#12650=ORIENTED_EDGE('',*,*,#12649,.T.);
#12651=ORIENTED_EDGE('',*,*,#10807,.T.);
#12652=ORIENTED_EDGE('',*,*,#12636,.F.);
#12653=EDGE_LOOP('',(#12648,#12650,#12651,#12652));
#12654=FACE_OUTER_BOUND('',#12653,.F.);
#12655=ADVANCED_FACE('',(#12654),#12647,.F.);
#12656=CARTESIAN_POINT('',(1.875E-1,4.4E0,4.617021352053E-1));
#12657=DIRECTION('',(8.373787017230E-1,0.E0,-5.466231882208E-1));
#12658=DIRECTION('',(-5.466231882208E-1,0.E0,-8.373787017230E-1));
#12659=AXIS2_PLACEMENT_3D('',#12656,#12657,#12658);
#12660=PLANE('',#12659);
#12661=ORIENTED_EDGE('',*,*,#10373,.F.);
#12663=ORIENTED_EDGE('',*,*,#12662,.T.);
#12664=ORIENTED_EDGE('',*,*,#10809,.T.);
#12665=ORIENTED_EDGE('',*,*,#12649,.F.);
#12666=EDGE_LOOP('',(#12661,#12663,#12664,#12665));
#12667=FACE_OUTER_BOUND('',#12666,.F.);
#12668=ADVANCED_FACE('',(#12667),#12660,.F.);
#12669=CARTESIAN_POINT('',(2.75E-1,4.4E0,5.212765961885E-1));
#12670=DIRECTION('',(5.627909312417E-1,0.E0,-8.265992787996E-1));
#12671=DIRECTION('',(-8.265992787996E-1,0.E0,-5.627909312417E-1));
#12672=AXIS2_PLACEMENT_3D('',#12669,#12670,#12671);
#12673=PLANE('',#12672);
#12674=ORIENTED_EDGE('',*,*,#10371,.F.);
#12676=ORIENTED_EDGE('',*,*,#12675,.T.);
#12677=ORIENTED_EDGE('',*,*,#10811,.T.);
#12678=ORIENTED_EDGE('',*,*,#12662,.F.);
#12679=EDGE_LOOP('',(#12674,#12676,#12677,#12678));
#12680=FACE_OUTER_BOUND('',#12679,.F.);
#12681=ADVANCED_FACE('',(#12680),#12673,.F.);
#12682=CARTESIAN_POINT('',(3.625E-1,4.4E0,5.510638266802E-1));
#12683=DIRECTION('',(3.222637633772E-1,0.E0,-9.466499177700E-1));
#12684=DIRECTION('',(-9.466499177700E-1,0.E0,-3.222637633772E-1));
#12685=AXIS2_PLACEMENT_3D('',#12682,#12683,#12684);
#12686=PLANE('',#12685);
#12687=ORIENTED_EDGE('',*,*,#10369,.F.);
#12689=ORIENTED_EDGE('',*,*,#12688,.T.);
#12690=ORIENTED_EDGE('',*,*,#10813,.T.);
#12691=ORIENTED_EDGE('',*,*,#12675,.F.);
#12692=EDGE_LOOP('',(#12687,#12689,#12690,#12691));
#12693=FACE_OUTER_BOUND('',#12692,.F.);
#12694=ADVANCED_FACE('',(#12693),#12686,.F.);
#12695=CARTESIAN_POINT('',(5.666665554047E-1,4.4E0,5.510638266802E-1));
#12696=DIRECTION('',(0.E0,0.E0,-1.E0));
#12697=DIRECTION('',(-1.E0,0.E0,0.E0));
#12698=AXIS2_PLACEMENT_3D('',#12695,#12696,#12697);
#12699=PLANE('',#12698);
#12700=ORIENTED_EDGE('',*,*,#10367,.F.);
#12702=ORIENTED_EDGE('',*,*,#12701,.T.);
#12703=ORIENTED_EDGE('',*,*,#10815,.T.);
#12704=ORIENTED_EDGE('',*,*,#12688,.F.);
#12705=EDGE_LOOP('',(#12700,#12702,#12703,#12704));
#12706=FACE_OUTER_BOUND('',#12705,.F.);
#12707=ADVANCED_FACE('',(#12706),#12699,.F.);
#12708=CARTESIAN_POINT('',(6.541665554047E-1,4.4E0,5.212765961885E-1));
#12709=DIRECTION('',(-3.222637633772E-1,0.E0,-9.466499177700E-1));
#12710=DIRECTION('',(-9.466499177700E-1,0.E0,3.222637633772E-1));
#12711=AXIS2_PLACEMENT_3D('',#12708,#12709,#12710);
#12712=PLANE('',#12711);
#12713=ORIENTED_EDGE('',*,*,#10365,.F.);
#12715=ORIENTED_EDGE('',*,*,#12714,.T.);
#12716=ORIENTED_EDGE('',*,*,#10817,.T.);
#12717=ORIENTED_EDGE('',*,*,#12701,.F.);
#12718=EDGE_LOOP('',(#12713,#12715,#12716,#12717));
#12719=FACE_OUTER_BOUND('',#12718,.F.);
#12720=ADVANCED_FACE('',(#12719),#12712,.F.);
#12721=CARTESIAN_POINT('',(7.416665554047E-1,4.4E0,4.617021352053E-1));
#12722=DIRECTION('',(-5.627909312417E-1,0.E0,-8.265992787996E-1));
#12723=DIRECTION('',(-8.265992787996E-1,0.E0,5.627909312417E-1));
#12724=AXIS2_PLACEMENT_3D('',#12721,#12722,#12723);
#12725=PLANE('',#12724);
#12726=ORIENTED_EDGE('',*,*,#10363,.F.);
#12728=ORIENTED_EDGE('',*,*,#12727,.T.);
#12729=ORIENTED_EDGE('',*,*,#10819,.T.);
#12730=ORIENTED_EDGE('',*,*,#12714,.F.);
#12731=EDGE_LOOP('',(#12726,#12728,#12729,#12730));
#12732=FACE_OUTER_BOUND('',#12731,.F.);
#12733=ADVANCED_FACE('',(#12732),#12725,.F.);
#12734=CARTESIAN_POINT('',(8.E-1,4.4E0,3.723404228687E-1));
#12735=DIRECTION('',(-8.373787017230E-1,0.E0,-5.466231882208E-1));
#12736=DIRECTION('',(-5.466231882208E-1,0.E0,8.373787017230E-1));
#12737=AXIS2_PLACEMENT_3D('',#12734,#12735,#12736);
#12738=PLANE('',#12737);
#12739=ORIENTED_EDGE('',*,*,#10361,.F.);
#12741=ORIENTED_EDGE('',*,*,#12740,.T.);
#12742=ORIENTED_EDGE('',*,*,#10821,.T.);
#12743=ORIENTED_EDGE('',*,*,#12727,.F.);
#12744=EDGE_LOOP('',(#12739,#12741,#12742,#12743));
#12745=FACE_OUTER_BOUND('',#12744,.F.);
#12746=ADVANCED_FACE('',(#12745),#12738,.F.);
#12747=CARTESIAN_POINT('',(8.291665554047E-1,4.4E0,2.829787313938E-1));
#12748=DIRECTION('',(-9.506455412394E-1,0.E0,-3.102789952956E-1));
#12749=DIRECTION('',(-3.102789952956E-1,0.E0,9.506455412394E-1));
#12750=AXIS2_PLACEMENT_3D('',#12747,#12748,#12749);
#12751=PLANE('',#12750);
#12752=ORIENTED_EDGE('',*,*,#10359,.F.);
#12754=ORIENTED_EDGE('',*,*,#12753,.T.);
#12755=ORIENTED_EDGE('',*,*,#10823,.T.);
#12756=ORIENTED_EDGE('',*,*,#12740,.F.);
#12757=EDGE_LOOP('',(#12752,#12754,#12755,#12756));
#12758=FACE_OUTER_BOUND('',#12757,.F.);
#12759=ADVANCED_FACE('',(#12758),#12751,.F.);
#12760=CARTESIAN_POINT('',(8.291665554047E-1,4.4E0,1.936170399189E-1));
#12761=DIRECTION('',(-1.E0,0.E0,0.E0));
#12762=DIRECTION('',(0.E0,0.E0,1.E0));
#12763=AXIS2_PLACEMENT_3D('',#12760,#12761,#12762);
#12764=PLANE('',#12763);
#12765=ORIENTED_EDGE('',*,*,#10357,.F.);
#12766=ORIENTED_EDGE('',*,*,#12521,.T.);
#12767=ORIENTED_EDGE('',*,*,#10825,.T.);
#12768=ORIENTED_EDGE('',*,*,#12753,.F.);
#12769=EDGE_LOOP('',(#12765,#12766,#12767,#12768));
#12770=FACE_OUTER_BOUND('',#12769,.F.);
#12771=ADVANCED_FACE('',(#12770),#12764,.F.);
#12772=CARTESIAN_POINT('',(2.170833110809E0,4.4E0,5.510638266802E-1));
#12773=DIRECTION('',(8.373772116227E-1,0.E0,5.466254709167E-1));
#12774=DIRECTION('',(5.466254709167E-1,0.E0,-8.373772116227E-1));
#12775=AXIS2_PLACEMENT_3D('',#12772,#12773,#12774);
#12776=PLANE('',#12775);
#12777=ORIENTED_EDGE('',*,*,#10077,.F.);
#12779=ORIENTED_EDGE('',*,*,#12778,.T.);
#12780=ORIENTED_EDGE('',*,*,#10835,.T.);
#12782=ORIENTED_EDGE('',*,*,#12781,.F.);
#12783=EDGE_LOOP('',(#12777,#12779,#12780,#12782));
#12784=FACE_OUTER_BOUND('',#12783,.F.);
#12785=ADVANCED_FACE('',(#12784),#12776,.F.);
#12786=CARTESIAN_POINT('',(2.083333110809E0,4.4E0,6.106382980943E-1));
#12787=DIRECTION('',(5.627909985696E-1,0.E0,8.265992329593E-1));
#12788=DIRECTION('',(8.265992329593E-1,0.E0,-5.627909985696E-1));
#12789=AXIS2_PLACEMENT_3D('',#12786,#12787,#12788);
#12790=PLANE('',#12789);
#12791=ORIENTED_EDGE('',*,*,#10075,.F.);
#12793=ORIENTED_EDGE('',*,*,#12792,.T.);
#12794=ORIENTED_EDGE('',*,*,#10837,.T.);
#12795=ORIENTED_EDGE('',*,*,#12778,.F.);
#12796=EDGE_LOOP('',(#12791,#12793,#12794,#12795));
#12797=FACE_OUTER_BOUND('',#12796,.F.);
#12798=ADVANCED_FACE('',(#12797),#12790,.F.);
#12799=CARTESIAN_POINT('',(1.966666889191E0,4.4E0,6.702127669007E-1));
#12800=DIRECTION('',(4.547785369538E-1,0.E0,8.906045600187E-1));
#12801=DIRECTION('',(8.906045600187E-1,0.E0,-4.547785369538E-1));
#12802=AXIS2_PLACEMENT_3D('',#12799,#12800,#12801);
#12803=PLANE('',#12802);
#12804=ORIENTED_EDGE('',*,*,#10073,.F.);
#12806=ORIENTED_EDGE('',*,*,#12805,.T.);
#12807=ORIENTED_EDGE('',*,*,#10839,.T.);
#12808=ORIENTED_EDGE('',*,*,#12792,.F.);
#12809=EDGE_LOOP('',(#12804,#12806,#12807,#12808));
#12810=FACE_OUTER_BOUND('',#12809,.F.);
#12811=ADVANCED_FACE('',(#12810),#12803,.F.);
#12812=CARTESIAN_POINT('',(1.85E0,4.4E0,7.E-1));
#12813=DIRECTION('',(2.473827949428E-1,0.E0,9.689178256004E-1));
#12814=DIRECTION('',(9.689178256004E-1,0.E0,-2.473827949428E-1));
#12815=AXIS2_PLACEMENT_3D('',#12812,#12813,#12814);
#12816=PLANE('',#12815);
#12817=ORIENTED_EDGE('',*,*,#10071,.F.);
#12819=ORIENTED_EDGE('',*,*,#12818,.T.);
#12820=ORIENTED_EDGE('',*,*,#10841,.T.);
#12821=ORIENTED_EDGE('',*,*,#12805,.F.);
#12822=EDGE_LOOP('',(#12817,#12819,#12820,#12821));
#12823=FACE_OUTER_BOUND('',#12822,.F.);
#12824=ADVANCED_FACE('',(#12823),#12816,.F.);
#12825=CARTESIAN_POINT('',(1.616666889191E0,4.4E0,7.E-1));
#12826=DIRECTION('',(0.E0,0.E0,1.E0));
#12827=DIRECTION('',(1.E0,0.E0,0.E0));
#12828=AXIS2_PLACEMENT_3D('',#12825,#12826,#12827);
#12829=PLANE('',#12828);
#12830=ORIENTED_EDGE('',*,*,#10069,.F.);
#12832=ORIENTED_EDGE('',*,*,#12831,.T.);
#12833=ORIENTED_EDGE('',*,*,#10843,.T.);
#12834=ORIENTED_EDGE('',*,*,#12818,.F.);
#12835=EDGE_LOOP('',(#12830,#12832,#12833,#12834));
#12836=FACE_OUTER_BOUND('',#12835,.F.);
#12837=ADVANCED_FACE('',(#12836),#12829,.F.);
#12838=CARTESIAN_POINT('',(1.5E0,4.4E0,6.702127669007E-1));
#12839=DIRECTION('',(-2.473827949428E-1,0.E0,9.689178256004E-1));
#12840=DIRECTION('',(9.689178256004E-1,0.E0,2.473827949428E-1));
#12841=AXIS2_PLACEMENT_3D('',#12838,#12839,#12840);
#12842=PLANE('',#12841);
#12843=ORIENTED_EDGE('',*,*,#10181,.F.);
#12845=ORIENTED_EDGE('',*,*,#12844,.T.);
#12846=ORIENTED_EDGE('',*,*,#10845,.T.);
#12847=ORIENTED_EDGE('',*,*,#12831,.F.);
#12848=EDGE_LOOP('',(#12843,#12845,#12846,#12847));
#12849=FACE_OUTER_BOUND('',#12848,.F.);
#12850=ADVANCED_FACE('',(#12849),#12842,.F.);
#12851=CARTESIAN_POINT('',(1.383333444595E0,4.4E0,6.106382980943E-1));
#12852=DIRECTION('',(-4.547775049247E-1,0.E0,8.906050870136E-1));
#12853=DIRECTION('',(8.906050870136E-1,0.E0,4.547775049247E-1));
#12854=AXIS2_PLACEMENT_3D('',#12851,#12852,#12853);
#12855=PLANE('',#12854);
#12856=ORIENTED_EDGE('',*,*,#10179,.F.);
#12858=ORIENTED_EDGE('',*,*,#12857,.T.);
#12859=ORIENTED_EDGE('',*,*,#10847,.T.);
#12860=ORIENTED_EDGE('',*,*,#12844,.F.);
#12861=EDGE_LOOP('',(#12856,#12858,#12859,#12860));
#12862=FACE_OUTER_BOUND('',#12861,.F.);
#12863=ADVANCED_FACE('',(#12862),#12855,.F.);
#12864=CARTESIAN_POINT('',(1.295833444595E0,4.4E0,5.510638266802E-1));
#12865=DIRECTION('',(-5.627909985696E-1,0.E0,8.265992329593E-1));
#12866=DIRECTION('',(8.265992329593E-1,0.E0,5.627909985696E-1));
#12867=AXIS2_PLACEMENT_3D('',#12864,#12865,#12866);
#12868=PLANE('',#12867);
#12869=ORIENTED_EDGE('',*,*,#10177,.F.);
#12871=ORIENTED_EDGE('',*,*,#12870,.T.);
#12872=ORIENTED_EDGE('',*,*,#10849,.T.);
#12873=ORIENTED_EDGE('',*,*,#12857,.F.);
#12874=EDGE_LOOP('',(#12869,#12871,#12872,#12873));
#12875=FACE_OUTER_BOUND('',#12874,.F.);
#12876=ADVANCED_FACE('',(#12875),#12868,.F.);
#12877=CARTESIAN_POINT('',(1.2375E0,4.4E0,4.617021352053E-1));
#12878=DIRECTION('',(-8.373786433120E-1,0.E0,5.466232777014E-1));
#12879=DIRECTION('',(5.466232777014E-1,0.E0,8.373786433120E-1));
#12880=AXIS2_PLACEMENT_3D('',#12877,#12878,#12879);
#12881=PLANE('',#12880);
#12882=ORIENTED_EDGE('',*,*,#10175,.F.);
#12884=ORIENTED_EDGE('',*,*,#12883,.T.);
#12885=ORIENTED_EDGE('',*,*,#10851,.T.);
#12886=ORIENTED_EDGE('',*,*,#12870,.F.);
#12887=EDGE_LOOP('',(#12882,#12884,#12885,#12886));
#12888=FACE_OUTER_BOUND('',#12887,.F.);
#12889=ADVANCED_FACE('',(#12888),#12881,.F.);
#12890=CARTESIAN_POINT('',(1.208333444595E0,4.4E0,3.723404228687E-1));
#12891=DIRECTION('',(-9.506455626052E-1,0.E0,3.102789298341E-1));
#12892=DIRECTION('',(3.102789298341E-1,0.E0,9.506455626052E-1));
#12893=AXIS2_PLACEMENT_3D('',#12890,#12891,#12892);
#12894=PLANE('',#12893);
#12895=ORIENTED_EDGE('',*,*,#10173,.F.);
#12897=ORIENTED_EDGE('',*,*,#12896,.T.);
#12898=ORIENTED_EDGE('',*,*,#10853,.T.);
#12899=ORIENTED_EDGE('',*,*,#12883,.F.);
#12900=EDGE_LOOP('',(#12895,#12897,#12898,#12899));
#12901=FACE_OUTER_BOUND('',#12900,.F.);
#12902=ADVANCED_FACE('',(#12901),#12894,.F.);
#12903=CARTESIAN_POINT('',(1.354166555405E0,4.4E0,3.723404228687E-1));
#12904=DIRECTION('',(0.E0,0.E0,-1.E0));
#12905=DIRECTION('',(-1.E0,0.E0,0.E0));
#12906=AXIS2_PLACEMENT_3D('',#12903,#12904,#12905);
#12907=PLANE('',#12906);
#12908=ORIENTED_EDGE('',*,*,#10171,.F.);
#12910=ORIENTED_EDGE('',*,*,#12909,.T.);
#12911=ORIENTED_EDGE('',*,*,#10855,.T.);
#12912=ORIENTED_EDGE('',*,*,#12896,.F.);
#12913=EDGE_LOOP('',(#12908,#12910,#12911,#12912));
#12914=FACE_OUTER_BOUND('',#12913,.F.);
#12915=ADVANCED_FACE('',(#12914),#12907,.F.);
#12916=CARTESIAN_POINT('',(1.383333444595E0,4.4E0,4.319148838520E-1));
#12917=DIRECTION('',(8.981367723003E-1,0.E0,-4.397162019327E-1));
#12918=DIRECTION('',(-4.397162019327E-1,0.E0,-8.981367723003E-1));
#12919=AXIS2_PLACEMENT_3D('',#12916,#12917,#12918);
#12920=PLANE('',#12919);
#12921=ORIENTED_EDGE('',*,*,#10169,.F.);
#12923=ORIENTED_EDGE('',*,*,#12922,.T.);
#12924=ORIENTED_EDGE('',*,*,#10857,.T.);
#12925=ORIENTED_EDGE('',*,*,#12909,.F.);
#12926=EDGE_LOOP('',(#12921,#12923,#12924,#12925));
#12927=FACE_OUTER_BOUND('',#12926,.F.);
#12928=ADVANCED_FACE('',(#12927),#12920,.F.);
#12929=CARTESIAN_POINT('',(1.441666555405E0,4.4E0,4.914893656969E-1));
#12930=DIRECTION('',(7.145118414048E-1,0.E0,-6.996233475895E-1));
#12931=DIRECTION('',(-6.996233475895E-1,0.E0,-7.145118414048E-1));
#12932=AXIS2_PLACEMENT_3D('',#12929,#12930,#12931);
#12933=PLANE('',#12932);
#12934=ORIENTED_EDGE('',*,*,#10167,.F.);
#12936=ORIENTED_EDGE('',*,*,#12935,.T.);
#12937=ORIENTED_EDGE('',*,*,#10859,.T.);
#12938=ORIENTED_EDGE('',*,*,#12922,.F.);
#12939=EDGE_LOOP('',(#12934,#12936,#12937,#12938));
#12940=FACE_OUTER_BOUND('',#12939,.F.);
#12941=ADVANCED_FACE('',(#12940),#12933,.F.);
#12942=CARTESIAN_POINT('',(1.5E0,4.4E0,5.212765961885E-1));
#12943=DIRECTION('',(4.547764255314E-1,0.E0,-8.906056381928E-1));
#12944=DIRECTION('',(-8.906056381928E-1,0.E0,-4.547764255314E-1));
#12945=AXIS2_PLACEMENT_3D('',#12942,#12943,#12944);
#12946=PLANE('',#12945);
#12947=ORIENTED_EDGE('',*,*,#10165,.F.);
#12949=ORIENTED_EDGE('',*,*,#12948,.T.);
#12950=ORIENTED_EDGE('',*,*,#10861,.T.);
#12951=ORIENTED_EDGE('',*,*,#12935,.F.);
#12952=EDGE_LOOP('',(#12947,#12949,#12950,#12951));
#12953=FACE_OUTER_BOUND('',#12952,.F.);
#12954=ADVANCED_FACE('',(#12953),#12946,.F.);
#12955=CARTESIAN_POINT('',(1.645833110809E0,4.4E0,5.510638266802E-1));
#12956=DIRECTION('',(2.001236481946E-1,0.E0,-9.797706494039E-1));
#12957=DIRECTION('',(-9.797706494039E-1,0.E0,-2.001236481946E-1));
#12958=AXIS2_PLACEMENT_3D('',#12955,#12956,#12957);
#12959=PLANE('',#12958);
#12960=ORIENTED_EDGE('',*,*,#10163,.F.);
#12962=ORIENTED_EDGE('',*,*,#12961,.T.);
#12963=ORIENTED_EDGE('',*,*,#10863,.T.);
#12964=ORIENTED_EDGE('',*,*,#12948,.F.);
#12965=EDGE_LOOP('',(#12960,#12962,#12963,#12964));
#12966=FACE_OUTER_BOUND('',#12965,.F.);
#12967=ADVANCED_FACE('',(#12966),#12959,.F.);
#12968=CARTESIAN_POINT('',(1.820833110809E0,4.4E0,5.510638266802E-1));
#12969=DIRECTION('',(0.E0,0.E0,-1.E0));
#12970=DIRECTION('',(-1.E0,0.E0,0.E0));
#12971=AXIS2_PLACEMENT_3D('',#12968,#12969,#12970);
#12972=PLANE('',#12971);
#12973=ORIENTED_EDGE('',*,*,#10161,.F.);
#12975=ORIENTED_EDGE('',*,*,#12974,.T.);
#12976=ORIENTED_EDGE('',*,*,#10865,.T.);
#12977=ORIENTED_EDGE('',*,*,#12961,.F.);
#12978=EDGE_LOOP('',(#12973,#12975,#12976,#12977));
#12979=FACE_OUTER_BOUND('',#12978,.F.);
#12980=ADVANCED_FACE('',(#12979),#12972,.F.);
#12981=CARTESIAN_POINT('',(1.966666889191E0,4.4E0,5.212765961885E-1));
#12982=DIRECTION('',(-2.001227687928E-1,0.E0,-9.797708290262E-1));
#12983=DIRECTION('',(-9.797708290262E-1,0.E0,2.001227687928E-1));
#12984=AXIS2_PLACEMENT_3D('',#12981,#12982,#12983);
#12985=PLANE('',#12984);
#12986=ORIENTED_EDGE('',*,*,#10159,.F.);
#12988=ORIENTED_EDGE('',*,*,#12987,.T.);
#12989=ORIENTED_EDGE('',*,*,#10867,.T.);
#12990=ORIENTED_EDGE('',*,*,#12974,.F.);
#12991=EDGE_LOOP('',(#12986,#12988,#12989,#12990));
#12992=FACE_OUTER_BOUND('',#12991,.F.);
#12993=ADVANCED_FACE('',(#12992),#12985,.F.);
#12994=CARTESIAN_POINT('',(2.025E0,4.4E0,4.914893656969E-1));
#12995=DIRECTION('',(-4.547784895854E-1,0.E0,-8.906045842070E-1));
#12996=DIRECTION('',(-8.906045842070E-1,0.E0,4.547784895854E-1));
#12997=AXIS2_PLACEMENT_3D('',#12994,#12995,#12996);
#12998=PLANE('',#12997);
#12999=ORIENTED_EDGE('',*,*,#10157,.F.);
#13001=ORIENTED_EDGE('',*,*,#13000,.T.);
#13002=ORIENTED_EDGE('',*,*,#10869,.T.);
#13003=ORIENTED_EDGE('',*,*,#12987,.F.);
#13004=EDGE_LOOP('',(#12999,#13001,#13002,#13003));
#13005=FACE_OUTER_BOUND('',#13004,.F.);
#13006=ADVANCED_FACE('',(#13005),#12998,.F.);
#13007=CARTESIAN_POINT('',(2.083333110809E0,4.4E0,4.319148838520E-1));
#13008=DIRECTION('',(-7.145118414048E-1,0.E0,-6.996233475895E-1));
#13009=DIRECTION('',(-6.996233475895E-1,0.E0,7.145118414048E-1));
#13010=AXIS2_PLACEMENT_3D('',#13007,#13008,#13009);
#13011=PLANE('',#13010);
#13012=ORIENTED_EDGE('',*,*,#10155,.F.);
#13014=ORIENTED_EDGE('',*,*,#13013,.T.);
#13015=ORIENTED_EDGE('',*,*,#10871,.T.);
#13016=ORIENTED_EDGE('',*,*,#13000,.F.);
#13017=EDGE_LOOP('',(#13012,#13014,#13015,#13016));
#13018=FACE_OUTER_BOUND('',#13017,.F.);
#13019=ADVANCED_FACE('',(#13018),#13011,.F.);
#13020=CARTESIAN_POINT('',(2.1125E0,4.4E0,3.723404228687E-1));
#13021=DIRECTION('',(-8.981367723003E-1,0.E0,-4.397162019327E-1));
#13022=DIRECTION('',(-4.397162019327E-1,0.E0,8.981367723003E-1));
#13023=AXIS2_PLACEMENT_3D('',#13020,#13021,#13022);
#13024=PLANE('',#13023);
#13025=ORIENTED_EDGE('',*,*,#10153,.F.);
#13027=ORIENTED_EDGE('',*,*,#13026,.T.);
#13028=ORIENTED_EDGE('',*,*,#10873,.T.);
#13029=ORIENTED_EDGE('',*,*,#13013,.F.);
#13030=EDGE_LOOP('',(#13025,#13027,#13028,#13029));
#13031=FACE_OUTER_BOUND('',#13030,.F.);
#13032=ADVANCED_FACE('',(#13031),#13024,.F.);
#13033=CARTESIAN_POINT('',(2.1125E0,4.4E0,2.531915009022E-1));
#13034=DIRECTION('',(-1.E0,0.E0,0.E0));
#13035=DIRECTION('',(0.E0,0.E0,1.E0));
#13036=AXIS2_PLACEMENT_3D('',#13033,#13034,#13035);
#13037=PLANE('',#13036);
#13038=ORIENTED_EDGE('',*,*,#10151,.F.);
#13040=ORIENTED_EDGE('',*,*,#13039,.T.);
#13041=ORIENTED_EDGE('',*,*,#10875,.T.);
#13042=ORIENTED_EDGE('',*,*,#13026,.F.);
#13043=EDGE_LOOP('',(#13038,#13040,#13041,#13042));
#13044=FACE_OUTER_BOUND('',#13043,.F.);
#13045=ADVANCED_FACE('',(#13044),#13037,.F.);
#13046=CARTESIAN_POINT('',(2.054166889191E0,4.4E0,1.340425372124E-1));
#13047=DIRECTION('',(-8.981388204137E-1,0.E0,4.397120185598E-1));
#13048=DIRECTION('',(4.397120185598E-1,0.E0,8.981388204137E-1));
#13049=AXIS2_PLACEMENT_3D('',#13046,#13047,#13048);
#13050=PLANE('',#13049);
#13051=ORIENTED_EDGE('',*,*,#10149,.F.);
#13053=ORIENTED_EDGE('',*,*,#13052,.T.);
#13054=ORIENTED_EDGE('',*,*,#10877,.T.);
#13055=ORIENTED_EDGE('',*,*,#13039,.F.);
#13056=EDGE_LOOP('',(#13051,#13053,#13054,#13055));
#13057=FACE_OUTER_BOUND('',#13056,.F.);
#13058=ADVANCED_FACE('',(#13057),#13050,.F.);
#13059=CARTESIAN_POINT('',(1.966666889191E0,4.4E0,7.446807622910E-2));
#13060=DIRECTION('',(-5.627909312417E-1,0.E0,8.265992787996E-1));
#13061=DIRECTION('',(8.265992787996E-1,0.E0,5.627909312417E-1));
#13062=AXIS2_PLACEMENT_3D('',#13059,#13060,#13061);
#13063=PLANE('',#13062);
#13064=ORIENTED_EDGE('',*,*,#10147,.F.);
#13066=ORIENTED_EDGE('',*,*,#13065,.T.);
#13067=ORIENTED_EDGE('',*,*,#10879,.T.);
#13068=ORIENTED_EDGE('',*,*,#13052,.F.);
#13069=EDGE_LOOP('',(#13064,#13066,#13067,#13068));
#13070=FACE_OUTER_BOUND('',#13069,.F.);
#13071=ADVANCED_FACE('',(#13070),#13063,.F.);
#13072=CARTESIAN_POINT('',(1.791666889191E0,4.4E0,4.468084573746E-2));
#13073=DIRECTION('',(-1.677993286083E-1,0.E0,9.858211730931E-1));
#13074=DIRECTION('',(9.858211730931E-1,0.E0,1.677993286083E-1));
#13075=AXIS2_PLACEMENT_3D('',#13072,#13073,#13074);
#13076=PLANE('',#13075);
#13077=ORIENTED_EDGE('',*,*,#10145,.F.);
#13079=ORIENTED_EDGE('',*,*,#13078,.T.);
#13080=ORIENTED_EDGE('',*,*,#10881,.T.);
#13081=ORIENTED_EDGE('',*,*,#13065,.F.);
#13082=EDGE_LOOP('',(#13077,#13079,#13080,#13081));
#13083=FACE_OUTER_BOUND('',#13082,.F.);
#13084=ADVANCED_FACE('',(#13083),#13076,.F.);
#13085=CARTESIAN_POINT('',(1.675E0,4.4E0,4.468084573746E-2));
#13086=DIRECTION('',(0.E0,0.E0,1.E0));
#13087=DIRECTION('',(1.E0,0.E0,0.E0));
#13088=AXIS2_PLACEMENT_3D('',#13085,#13086,#13087);
#13089=PLANE('',#13088);
#13090=ORIENTED_EDGE('',*,*,#10143,.F.);
#13092=ORIENTED_EDGE('',*,*,#13091,.T.);
#13093=ORIENTED_EDGE('',*,*,#10883,.T.);
#13094=ORIENTED_EDGE('',*,*,#13078,.F.);
#13095=EDGE_LOOP('',(#13090,#13092,#13093,#13094));
#13096=FACE_OUTER_BOUND('',#13095,.F.);
#13097=ADVANCED_FACE('',(#13096),#13089,.F.);
#13098=CARTESIAN_POINT('',(1.675E0,4.4E0,-7.446807622910E-2));
#13099=DIRECTION('',(-1.E0,0.E0,0.E0));
#13100=DIRECTION('',(0.E0,0.E0,1.E0));
#13101=AXIS2_PLACEMENT_3D('',#13098,#13099,#13100);
#13102=PLANE('',#13101);
#13103=ORIENTED_EDGE('',*,*,#10141,.F.);
#13105=ORIENTED_EDGE('',*,*,#13104,.T.);
#13106=ORIENTED_EDGE('',*,*,#10885,.T.);
#13107=ORIENTED_EDGE('',*,*,#13091,.F.);
#13108=EDGE_LOOP('',(#13103,#13105,#13106,#13107));
#13109=FACE_OUTER_BOUND('',#13108,.F.);
#13110=ADVANCED_FACE('',(#13109),#13102,.F.);
#13111=CARTESIAN_POINT('',(1.791666889191E0,4.4E0,-7.446807622910E-2));
#13112=DIRECTION('',(0.E0,0.E0,-1.E0));
#13113=DIRECTION('',(-1.E0,0.E0,0.E0));
#13114=AXIS2_PLACEMENT_3D('',#13111,#13112,#13113);
#13115=PLANE('',#13114);
#13116=ORIENTED_EDGE('',*,*,#10139,.F.);
#13118=ORIENTED_EDGE('',*,*,#13117,.T.);
#13119=ORIENTED_EDGE('',*,*,#10887,.T.);
#13120=ORIENTED_EDGE('',*,*,#13104,.F.);
#13121=EDGE_LOOP('',(#13116,#13118,#13119,#13120));
#13122=FACE_OUTER_BOUND('',#13121,.F.);
#13123=ADVANCED_FACE('',(#13122),#13115,.F.);
#13124=CARTESIAN_POINT('',(1.966666889191E0,4.4E0,-1.340425372124E-1));
#13125=DIRECTION('',(-3.222637633772E-1,0.E0,-9.466499177700E-1));
#13126=DIRECTION('',(-9.466499177700E-1,0.E0,3.222637633772E-1));
#13127=AXIS2_PLACEMENT_3D('',#13124,#13125,#13126);
#13128=PLANE('',#13127);
#13129=ORIENTED_EDGE('',*,*,#10137,.F.);
#13131=ORIENTED_EDGE('',*,*,#13130,.T.);
#13132=ORIENTED_EDGE('',*,*,#10889,.T.);
#13133=ORIENTED_EDGE('',*,*,#13117,.F.);
#13134=EDGE_LOOP('',(#13129,#13131,#13132,#13133));
#13135=FACE_OUTER_BOUND('',#13134,.F.);
#13136=ADVANCED_FACE('',(#13135),#13128,.F.);
#13137=CARTESIAN_POINT('',(2.025E0,4.4E0,-1.936169981956E-1));
#13138=DIRECTION('',(-7.145117189358E-1,0.E0,-6.996234726647E-1));
#13139=DIRECTION('',(-6.996234726647E-1,0.E0,7.145117189358E-1));
#13140=AXIS2_PLACEMENT_3D('',#13137,#13138,#13139);
#13141=PLANE('',#13140);
#13142=ORIENTED_EDGE('',*,*,#10135,.F.);
#13144=ORIENTED_EDGE('',*,*,#13143,.T.);
#13145=ORIENTED_EDGE('',*,*,#10891,.T.);
#13146=ORIENTED_EDGE('',*,*,#13130,.F.);
#13147=EDGE_LOOP('',(#13142,#13144,#13145,#13146));
#13148=FACE_OUTER_BOUND('',#13147,.F.);
#13149=ADVANCED_FACE('',(#13148),#13141,.F.);
#13150=CARTESIAN_POINT('',(2.083333110809E0,4.4E0,-3.127659201622E-1));
#13151=DIRECTION('',(-8.981387596046E-1,0.E0,-4.397121427660E-1));
#13152=DIRECTION('',(-4.397121427660E-1,0.E0,8.981387596046E-1));
#13153=AXIS2_PLACEMENT_3D('',#13150,#13151,#13152);
#13154=PLANE('',#13153);
#13155=ORIENTED_EDGE('',*,*,#10133,.F.);
#13157=ORIENTED_EDGE('',*,*,#13156,.T.);
#13158=ORIENTED_EDGE('',*,*,#10893,.T.);
#13159=ORIENTED_EDGE('',*,*,#13143,.F.);
#13160=EDGE_LOOP('',(#13155,#13157,#13158,#13159));
#13161=FACE_OUTER_BOUND('',#13160,.F.);
#13162=ADVANCED_FACE('',(#13161),#13154,.F.);
#13163=CARTESIAN_POINT('',(2.083333110809E0,4.4E0,-3.723404645920E-1));
#13164=DIRECTION('',(-1.E0,0.E0,0.E0));
#13165=DIRECTION('',(0.E0,0.E0,1.E0));
#13166=AXIS2_PLACEMENT_3D('',#13163,#13164,#13165);
#13167=PLANE('',#13166);
#13168=ORIENTED_EDGE('',*,*,#10131,.F.);
#13170=ORIENTED_EDGE('',*,*,#13169,.T.);
#13171=ORIENTED_EDGE('',*,*,#10895,.T.);
#13172=ORIENTED_EDGE('',*,*,#13156,.F.);
#13173=EDGE_LOOP('',(#13168,#13170,#13171,#13172));
#13174=FACE_OUTER_BOUND('',#13173,.F.);
#13175=ADVANCED_FACE('',(#13174),#13167,.F.);
#13176=CARTESIAN_POINT('',(2.025E0,4.4E0,-4.617021560669E-1));
#13177=DIRECTION('',(-8.373800750004E-1,0.E0,5.466210844748E-1));
#13178=DIRECTION('',(5.466210844748E-1,0.E0,8.373800750004E-1));
#13179=AXIS2_PLACEMENT_3D('',#13176,#13177,#13178);
#13180=PLANE('',#13179);
#13181=ORIENTED_EDGE('',*,*,#10129,.F.);
#13183=ORIENTED_EDGE('',*,*,#13182,.T.);
#13184=ORIENTED_EDGE('',*,*,#10897,.T.);
#13185=ORIENTED_EDGE('',*,*,#13169,.F.);
#13186=EDGE_LOOP('',(#13181,#13183,#13184,#13185));
#13187=FACE_OUTER_BOUND('',#13186,.F.);
#13188=ADVANCED_FACE('',(#13187),#13180,.F.);
#13189=CARTESIAN_POINT('',(1.9375E0,4.4E0,-5.212766170502E-1));
#13190=DIRECTION('',(-5.627909312417E-1,0.E0,8.265992787996E-1));
#13191=DIRECTION('',(8.265992787996E-1,0.E0,5.627909312417E-1));
#13192=AXIS2_PLACEMENT_3D('',#13189,#13190,#13191);
#13193=PLANE('',#13192);
#13194=ORIENTED_EDGE('',*,*,#10127,.F.);
#13196=ORIENTED_EDGE('',*,*,#13195,.T.);
#13197=ORIENTED_EDGE('',*,*,#10899,.T.);
#13198=ORIENTED_EDGE('',*,*,#13182,.F.);
#13199=EDGE_LOOP('',(#13194,#13196,#13197,#13198));
#13200=FACE_OUTER_BOUND('',#13199,.F.);
#13201=ADVANCED_FACE('',(#13200),#13193,.F.);
#13202=CARTESIAN_POINT('',(1.791666889191E0,4.4E0,-5.510638475418E-1));
#13203=DIRECTION('',(-2.001236481946E-1,0.E0,9.797706494039E-1));
#13204=DIRECTION('',(9.797706494039E-1,0.E0,2.001236481946E-1));
#13205=AXIS2_PLACEMENT_3D('',#13202,#13203,#13204);
#13206=PLANE('',#13205);
#13207=ORIENTED_EDGE('',*,*,#10125,.F.);
#13209=ORIENTED_EDGE('',*,*,#13208,.T.);
#13210=ORIENTED_EDGE('',*,*,#10901,.T.);
#13211=ORIENTED_EDGE('',*,*,#13195,.F.);
#13212=EDGE_LOOP('',(#13207,#13209,#13210,#13211));
#13213=FACE_OUTER_BOUND('',#13212,.F.);
#13214=ADVANCED_FACE('',(#13213),#13206,.F.);
#13215=CARTESIAN_POINT('',(1.675E0,4.4E0,-5.510638475418E-1));
#13216=DIRECTION('',(0.E0,0.E0,1.E0));
#13217=DIRECTION('',(1.E0,0.E0,0.E0));
#13218=AXIS2_PLACEMENT_3D('',#13215,#13216,#13217);
#13219=PLANE('',#13218);
#13220=ORIENTED_EDGE('',*,*,#10123,.F.);
#13222=ORIENTED_EDGE('',*,*,#13221,.T.);
#13223=ORIENTED_EDGE('',*,*,#10903,.T.);
#13224=ORIENTED_EDGE('',*,*,#13208,.F.);
#13225=EDGE_LOOP('',(#13220,#13222,#13223,#13224));
#13226=FACE_OUTER_BOUND('',#13225,.F.);
#13227=ADVANCED_FACE('',(#13226),#13219,.F.);
#13228=CARTESIAN_POINT('',(1.529166889191E0,4.4E0,-5.212766170502E-1));
#13229=DIRECTION('',(2.001236481946E-1,0.E0,9.797706494039E-1));
#13230=DIRECTION('',(9.797706494039E-1,0.E0,-2.001236481946E-1));
#13231=AXIS2_PLACEMENT_3D('',#13228,#13229,#13230);
#13232=PLANE('',#13231);
#13233=ORIENTED_EDGE('',*,*,#10121,.F.);
#13235=ORIENTED_EDGE('',*,*,#13234,.T.);
#13236=ORIENTED_EDGE('',*,*,#10905,.T.);
#13237=ORIENTED_EDGE('',*,*,#13221,.F.);
#13238=EDGE_LOOP('',(#13233,#13235,#13236,#13237));
#13239=FACE_OUTER_BOUND('',#13238,.F.);
#13240=ADVANCED_FACE('',(#13239),#13232,.F.);
#13241=CARTESIAN_POINT('',(1.441666555405E0,4.4E0,-4.617021560669E-1));
#13242=DIRECTION('',(5.627894643558E-1,0.E0,8.266002775284E-1));
#13243=DIRECTION('',(8.266002775284E-1,0.E0,-5.627894643558E-1));
#13244=AXIS2_PLACEMENT_3D('',#13241,#13242,#13243);
#13245=PLANE('',#13244);
#13246=ORIENTED_EDGE('',*,*,#10119,.F.);
#13248=ORIENTED_EDGE('',*,*,#13247,.T.);
#13249=ORIENTED_EDGE('',*,*,#10907,.T.);
#13250=ORIENTED_EDGE('',*,*,#13234,.F.);
#13251=EDGE_LOOP('',(#13246,#13248,#13249,#13250));
#13252=FACE_OUTER_BOUND('',#13251,.F.);
#13253=ADVANCED_FACE('',(#13252),#13245,.F.);
#13254=CARTESIAN_POINT('',(1.383333444595E0,4.4E0,-3.723404645920E-1));
#13255=DIRECTION('',(8.373800750004E-1,0.E0,5.466210844748E-1));
#13256=DIRECTION('',(5.466210844748E-1,0.E0,-8.373800750004E-1));
#13257=AXIS2_PLACEMENT_3D('',#13254,#13255,#13256);
#13258=PLANE('',#13257);
#13259=ORIENTED_EDGE('',*,*,#10117,.F.);
#13261=ORIENTED_EDGE('',*,*,#13260,.T.);
#13262=ORIENTED_EDGE('',*,*,#10909,.T.);
#13263=ORIENTED_EDGE('',*,*,#13247,.F.);
#13264=EDGE_LOOP('',(#13259,#13261,#13262,#13263));
#13265=FACE_OUTER_BOUND('',#13264,.F.);
#13266=ADVANCED_FACE('',(#13265),#13258,.F.);
#13267=CARTESIAN_POINT('',(1.2375E0,4.4E0,-3.723404645920E-1));
#13268=DIRECTION('',(0.E0,0.E0,1.E0));
#13269=DIRECTION('',(1.E0,0.E0,0.E0));
#13270=AXIS2_PLACEMENT_3D('',#13267,#13268,#13269);
#13271=PLANE('',#13270);
#13272=ORIENTED_EDGE('',*,*,#10115,.F.);
#13274=ORIENTED_EDGE('',*,*,#13273,.T.);
#13275=ORIENTED_EDGE('',*,*,#10911,.T.);
#13276=ORIENTED_EDGE('',*,*,#13260,.F.);
#13277=EDGE_LOOP('',(#13272,#13274,#13275,#13276));
#13278=FACE_OUTER_BOUND('',#13277,.F.);
#13279=ADVANCED_FACE('',(#13278),#13271,.F.);
#13280=CARTESIAN_POINT('',(1.266666555405E0,4.4E0,-4.914893865585E-1));
#13281=DIRECTION('',(-9.713213633444E-1,0.E0,-2.377704967207E-1));
#13282=DIRECTION('',(-2.377704967207E-1,0.E0,9.713213633444E-1));
#13283=AXIS2_PLACEMENT_3D('',#13280,#13281,#13282);
#13284=PLANE('',#13283);
#13285=ORIENTED_EDGE('',*,*,#10113,.F.);
#13287=ORIENTED_EDGE('',*,*,#13286,.T.);
#13288=ORIENTED_EDGE('',*,*,#10913,.T.);
#13289=ORIENTED_EDGE('',*,*,#13273,.F.);
#13290=EDGE_LOOP('',(#13285,#13287,#13288,#13289));
#13291=FACE_OUTER_BOUND('',#13290,.F.);
#13292=ADVANCED_FACE('',(#13291),#13284,.F.);
#13293=CARTESIAN_POINT('',(1.383333444595E0,4.4E0,-6.106383085251E-1));
#13294=DIRECTION('',(-7.145097177357E-1,0.E0,-6.996255164452E-1));
#13295=DIRECTION('',(-6.996255164452E-1,0.E0,7.145097177357E-1));
#13296=AXIS2_PLACEMENT_3D('',#13293,#13294,#13295);
#13297=PLANE('',#13296);
#13298=ORIENTED_EDGE('',*,*,#10111,.F.);
#13300=ORIENTED_EDGE('',*,*,#13299,.T.);
#13301=ORIENTED_EDGE('',*,*,#10915,.T.);
#13302=ORIENTED_EDGE('',*,*,#13286,.F.);
#13303=EDGE_LOOP('',(#13298,#13300,#13301,#13302));
#13304=FACE_OUTER_BOUND('',#13303,.F.);
#13305=ADVANCED_FACE('',(#13304),#13297,.F.);
#13306=CARTESIAN_POINT('',(1.5E0,4.4E0,-6.702127695084E-1));
#13307=DIRECTION('',(-4.547774575564E-1,0.E0,-8.906051112017E-1));
#13308=DIRECTION('',(-8.906051112017E-1,0.E0,4.547774575564E-1));
#13309=AXIS2_PLACEMENT_3D('',#13306,#13307,#13308);
#13310=PLANE('',#13309);
#13311=ORIENTED_EDGE('',*,*,#10109,.F.);
#13313=ORIENTED_EDGE('',*,*,#13312,.T.);
#13314=ORIENTED_EDGE('',*,*,#10917,.T.);
#13315=ORIENTED_EDGE('',*,*,#13299,.F.);
#13316=EDGE_LOOP('',(#13311,#13313,#13314,#13315));
#13317=FACE_OUTER_BOUND('',#13316,.F.);
#13318=ADVANCED_FACE('',(#13317),#13310,.F.);
#13319=CARTESIAN_POINT('',(1.704166889191E0,4.4E0,-7.E-1));
#13320=DIRECTION('',(-1.443680768452E-1,0.E0,-9.895240564979E-1));
#13321=DIRECTION('',(-9.895240564979E-1,0.E0,1.443680768452E-1));
#13322=AXIS2_PLACEMENT_3D('',#13319,#13320,#13321);
#13323=PLANE('',#13322);
#13324=ORIENTED_EDGE('',*,*,#10107,.F.);
#13326=ORIENTED_EDGE('',*,*,#13325,.T.);
#13327=ORIENTED_EDGE('',*,*,#10919,.T.);
#13328=ORIENTED_EDGE('',*,*,#13312,.F.);
#13329=EDGE_LOOP('',(#13324,#13326,#13327,#13328));
#13330=FACE_OUTER_BOUND('',#13329,.F.);
#13331=ADVANCED_FACE('',(#13330),#13323,.F.);
#13332=CARTESIAN_POINT('',(1.7625E0,4.4E0,-7.E-1));
#13333=DIRECTION('',(0.E0,0.E0,-1.E0));
#13334=DIRECTION('',(-1.E0,0.E0,0.E0));
#13335=AXIS2_PLACEMENT_3D('',#13332,#13333,#13334);
#13336=PLANE('',#13335);
#13337=ORIENTED_EDGE('',*,*,#10105,.F.);
#13339=ORIENTED_EDGE('',*,*,#13338,.T.);
#13340=ORIENTED_EDGE('',*,*,#10921,.T.);
#13341=ORIENTED_EDGE('',*,*,#13325,.F.);
#13342=EDGE_LOOP('',(#13337,#13339,#13340,#13341));
#13343=FACE_OUTER_BOUND('',#13342,.F.);
#13344=ADVANCED_FACE('',(#13343),#13336,.F.);
#13345=CARTESIAN_POINT('',(1.966666889191E0,4.4E0,-6.702127695084E-1));
#13346=DIRECTION('',(1.443680768452E-1,0.E0,-9.895240564979E-1));
#13347=DIRECTION('',(-9.895240564979E-1,0.E0,-1.443680768452E-1));
#13348=AXIS2_PLACEMENT_3D('',#13345,#13346,#13347);
#13349=PLANE('',#13348);
#13350=ORIENTED_EDGE('',*,*,#10103,.F.);
#13352=ORIENTED_EDGE('',*,*,#13351,.T.);
#13353=ORIENTED_EDGE('',*,*,#10923,.T.);
#13354=ORIENTED_EDGE('',*,*,#13338,.F.);
#13355=EDGE_LOOP('',(#13350,#13352,#13353,#13354));
#13356=FACE_OUTER_BOUND('',#13355,.F.);
#13357=ADVANCED_FACE('',(#13356),#13349,.F.);
#13358=CARTESIAN_POINT('',(2.083333110809E0,4.4E0,-6.106383085251E-1));
#13359=DIRECTION('',(4.547784895854E-1,0.E0,-8.906045842070E-1));
#13360=DIRECTION('',(-8.906045842070E-1,0.E0,-4.547784895854E-1));
#13361=AXIS2_PLACEMENT_3D('',#13358,#13359,#13360);
#13362=PLANE('',#13361);
#13363=ORIENTED_EDGE('',*,*,#10101,.F.);
#13365=ORIENTED_EDGE('',*,*,#13364,.T.);
#13366=ORIENTED_EDGE('',*,*,#10925,.T.);
#13367=ORIENTED_EDGE('',*,*,#13351,.F.);
#13368=EDGE_LOOP('',(#13363,#13365,#13366,#13367));
#13369=FACE_OUTER_BOUND('',#13368,.F.);
#13370=ADVANCED_FACE('',(#13369),#13362,.F.);
#13371=CARTESIAN_POINT('',(2.2E0,4.4E0,-4.914893865585E-1));
#13372=DIRECTION('',(7.145097177357E-1,0.E0,-6.996255164452E-1));
#13373=DIRECTION('',(-6.996255164452E-1,0.E0,-7.145097177357E-1));
#13374=AXIS2_PLACEMENT_3D('',#13371,#13372,#13373);
#13375=PLANE('',#13374);
#13376=ORIENTED_EDGE('',*,*,#10099,.F.);
#13378=ORIENTED_EDGE('',*,*,#13377,.T.);
#13379=ORIENTED_EDGE('',*,*,#10927,.T.);
#13380=ORIENTED_EDGE('',*,*,#13364,.F.);
#13381=EDGE_LOOP('',(#13376,#13378,#13379,#13380));
#13382=FACE_OUTER_BOUND('',#13381,.F.);
#13383=ADVANCED_FACE('',(#13382),#13375,.F.);
#13384=CARTESIAN_POINT('',(2.229166889191E0,4.4E0,-3.723404645920E-1));
#13385=DIRECTION('',(9.713207349042E-1,0.E0,-2.377730639603E-1));
#13386=DIRECTION('',(-2.377730639603E-1,0.E0,-9.713207349042E-1));
#13387=AXIS2_PLACEMENT_3D('',#13384,#13385,#13386);
#13388=PLANE('',#13387);
#13389=ORIENTED_EDGE('',*,*,#10097,.F.);
#13391=ORIENTED_EDGE('',*,*,#13390,.T.);
#13392=ORIENTED_EDGE('',*,*,#10929,.T.);
#13393=ORIENTED_EDGE('',*,*,#13377,.F.);
#13394=EDGE_LOOP('',(#13389,#13391,#13392,#13393));
#13395=FACE_OUTER_BOUND('',#13394,.F.);
#13396=ADVANCED_FACE('',(#13395),#13388,.F.);
#13397=CARTESIAN_POINT('',(2.229166889191E0,4.4E0,-3.127659201622E-1));
#13398=DIRECTION('',(1.E0,0.E0,0.E0));
#13399=DIRECTION('',(0.E0,0.E0,-1.E0));
#13400=AXIS2_PLACEMENT_3D('',#13397,#13398,#13399);
#13401=PLANE('',#13400);
#13402=ORIENTED_EDGE('',*,*,#10095,.F.);
#13404=ORIENTED_EDGE('',*,*,#13403,.T.);
#13405=ORIENTED_EDGE('',*,*,#10931,.T.);
#13406=ORIENTED_EDGE('',*,*,#13390,.F.);
#13407=EDGE_LOOP('',(#13402,#13404,#13405,#13406));
#13408=FACE_OUTER_BOUND('',#13407,.F.);
#13409=ADVANCED_FACE('',(#13408),#13401,.F.);
#13410=CARTESIAN_POINT('',(2.2E0,4.4E0,-1.936169981956E-1));
#13411=DIRECTION('',(9.713207349042E-1,0.E0,2.377730639603E-1));
#13412=DIRECTION('',(2.377730639603E-1,0.E0,-9.713207349042E-1));
#13413=AXIS2_PLACEMENT_3D('',#13410,#13411,#13412);
#13414=PLANE('',#13413);
#13415=ORIENTED_EDGE('',*,*,#10093,.F.);
#13417=ORIENTED_EDGE('',*,*,#13416,.T.);
#13418=ORIENTED_EDGE('',*,*,#10933,.T.);
#13419=ORIENTED_EDGE('',*,*,#13403,.F.);
#13420=EDGE_LOOP('',(#13415,#13417,#13418,#13419));
#13421=FACE_OUTER_BOUND('',#13420,.F.);
#13422=ADVANCED_FACE('',(#13421),#13414,.F.);
#13423=CARTESIAN_POINT('',(2.141666889191E0,4.4E0,-1.042553067207E-1));
#13424=DIRECTION('',(8.373800750004E-1,0.E0,5.466210844748E-1));
#13425=DIRECTION('',(5.466210844748E-1,0.E0,-8.373800750004E-1));
#13426=AXIS2_PLACEMENT_3D('',#13423,#13424,#13425);
#13427=PLANE('',#13426);
#13428=ORIENTED_EDGE('',*,*,#10091,.F.);
#13430=ORIENTED_EDGE('',*,*,#13429,.T.);
#13431=ORIENTED_EDGE('',*,*,#10935,.T.);
#13432=ORIENTED_EDGE('',*,*,#13416,.F.);
#13433=EDGE_LOOP('',(#13428,#13430,#13431,#13432));
#13434=FACE_OUTER_BOUND('',#13433,.F.);
#13435=ADVANCED_FACE('',(#13434),#13427,.F.);
#13436=CARTESIAN_POINT('',(2.025E0,4.4E0,-1.489361524582E-2));
#13437=DIRECTION('',(6.080761011394E-1,0.E0,7.938787408812E-1));
#13438=DIRECTION('',(7.938787408812E-1,0.E0,-6.080761011394E-1));
#13439=AXIS2_PLACEMENT_3D('',#13436,#13437,#13438);
#13440=PLANE('',#13439);
#13441=ORIENTED_EDGE('',*,*,#10089,.F.);
#13443=ORIENTED_EDGE('',*,*,#13442,.T.);
#13444=ORIENTED_EDGE('',*,*,#10937,.T.);
#13445=ORIENTED_EDGE('',*,*,#13429,.F.);
#13446=EDGE_LOOP('',(#13441,#13443,#13444,#13445));
#13447=FACE_OUTER_BOUND('',#13446,.F.);
#13448=ADVANCED_FACE('',(#13447),#13440,.F.);
#13449=CARTESIAN_POINT('',(2.170833110809E0,4.4E0,4.468084573746E-2));
#13450=DIRECTION('',(3.781730889946E-1,0.E0,-9.257349052295E-1));
#13451=DIRECTION('',(-9.257349052295E-1,0.E0,-3.781730889946E-1));
#13452=AXIS2_PLACEMENT_3D('',#13449,#13450,#13451);
#13453=PLANE('',#13452);
#13454=ORIENTED_EDGE('',*,*,#10087,.F.);
#13456=ORIENTED_EDGE('',*,*,#13455,.T.);
#13457=ORIENTED_EDGE('',*,*,#10939,.T.);
#13458=ORIENTED_EDGE('',*,*,#13442,.F.);
#13459=EDGE_LOOP('',(#13454,#13456,#13457,#13458));
#13460=FACE_OUTER_BOUND('',#13459,.F.);
#13461=ADVANCED_FACE('',(#13460),#13453,.F.);
#13462=CARTESIAN_POINT('',(2.229166889191E0,4.4E0,1.340425372124E-1));
#13463=DIRECTION('',(8.373772116227E-1,0.E0,-5.466254709167E-1));
#13464=DIRECTION('',(-5.466254709167E-1,0.E0,-8.373772116227E-1));
#13465=AXIS2_PLACEMENT_3D('',#13462,#13463,#13464);
#13466=PLANE('',#13465);
#13467=ORIENTED_EDGE('',*,*,#10085,.F.);
#13469=ORIENTED_EDGE('',*,*,#13468,.T.);
#13470=ORIENTED_EDGE('',*,*,#10941,.T.);
#13471=ORIENTED_EDGE('',*,*,#13455,.F.);
#13472=EDGE_LOOP('',(#13467,#13469,#13470,#13471));
#13473=FACE_OUTER_BOUND('',#13472,.F.);
#13474=ADVANCED_FACE('',(#13473),#13466,.F.);
#13475=CARTESIAN_POINT('',(2.258333110809E0,4.4E0,2.531915009022E-1));
#13476=DIRECTION('',(9.713220110076E-1,0.E0,-2.377678509221E-1));
#13477=DIRECTION('',(-2.377678509221E-1,0.E0,-9.713220110076E-1));
#13478=AXIS2_PLACEMENT_3D('',#13475,#13476,#13477);
#13479=PLANE('',#13478);
#13480=ORIENTED_EDGE('',*,*,#10083,.F.);
#13482=ORIENTED_EDGE('',*,*,#13481,.T.);
#13483=ORIENTED_EDGE('',*,*,#10943,.T.);
#13484=ORIENTED_EDGE('',*,*,#13468,.F.);
#13485=EDGE_LOOP('',(#13480,#13482,#13483,#13484));
#13486=FACE_OUTER_BOUND('',#13485,.F.);
#13487=ADVANCED_FACE('',(#13486),#13479,.F.);
#13488=CARTESIAN_POINT('',(2.258333110809E0,4.4E0,3.723404228687E-1));
#13489=DIRECTION('',(1.E0,0.E0,0.E0));
#13490=DIRECTION('',(0.E0,0.E0,-1.E0));
#13491=AXIS2_PLACEMENT_3D('',#13488,#13489,#13490);
#13492=PLANE('',#13491);
#13493=ORIENTED_EDGE('',*,*,#10081,.F.);
#13495=ORIENTED_EDGE('',*,*,#13494,.T.);
#13496=ORIENTED_EDGE('',*,*,#10945,.T.);
#13497=ORIENTED_EDGE('',*,*,#13481,.F.);
#13498=EDGE_LOOP('',(#13493,#13495,#13496,#13497));
#13499=FACE_OUTER_BOUND('',#13498,.F.);
#13500=ADVANCED_FACE('',(#13499),#13492,.F.);
#13501=CARTESIAN_POINT('',(2.229166889191E0,4.4E0,4.617021352053E-1));
#13502=DIRECTION('',(9.506466099856E-1,0.E0,3.102757208080E-1));
#13503=DIRECTION('',(3.102757208080E-1,0.E0,-9.506466099856E-1));
#13504=AXIS2_PLACEMENT_3D('',#13501,#13502,#13503);
#13505=PLANE('',#13504);
#13506=ORIENTED_EDGE('',*,*,#10079,.F.);
#13507=ORIENTED_EDGE('',*,*,#12781,.T.);
#13508=ORIENTED_EDGE('',*,*,#10947,.T.);
#13509=ORIENTED_EDGE('',*,*,#13494,.F.);
#13510=EDGE_LOOP('',(#13506,#13507,#13508,#13509));
#13511=FACE_OUTER_BOUND('',#13510,.F.);
#13512=ADVANCED_FACE('',(#13511),#13505,.F.);
#13513=CARTESIAN_POINT('',(2.9E0,4.4E0,1.936170399189E-1));
#13514=DIRECTION('',(1.E0,0.E0,0.E0));
#13515=DIRECTION('',(0.E0,0.E0,-1.E0));
#13516=AXIS2_PLACEMENT_3D('',#13513,#13514,#13515);
#13517=PLANE('',#13516);
#13518=ORIENTED_EDGE('',*,*,#10185,.F.);
#13520=ORIENTED_EDGE('',*,*,#13519,.T.);
#13521=ORIENTED_EDGE('',*,*,#10957,.T.);
#13523=ORIENTED_EDGE('',*,*,#13522,.F.);
#13524=EDGE_LOOP('',(#13518,#13520,#13521,#13523));
#13525=FACE_OUTER_BOUND('',#13524,.F.);
#13526=ADVANCED_FACE('',(#13525),#13517,.F.);
#13527=CARTESIAN_POINT('',(2.491666889191E0,4.4E0,1.936170399189E-1));
#13528=DIRECTION('',(0.E0,0.E0,1.E0));
#13529=DIRECTION('',(1.E0,0.E0,0.E0));
#13530=AXIS2_PLACEMENT_3D('',#13527,#13528,#13529);
#13531=PLANE('',#13530);
#13532=ORIENTED_EDGE('',*,*,#10191,.F.);
#13534=ORIENTED_EDGE('',*,*,#13533,.T.);
#13535=ORIENTED_EDGE('',*,*,#10959,.T.);
#13536=ORIENTED_EDGE('',*,*,#13519,.F.);
#13537=EDGE_LOOP('',(#13532,#13534,#13535,#13536));
#13538=FACE_OUTER_BOUND('',#13537,.F.);
#13539=ADVANCED_FACE('',(#13538),#13531,.F.);
#13540=CARTESIAN_POINT('',(2.491666889191E0,4.4E0,4.468084573746E-2));
#13541=DIRECTION('',(-1.E0,0.E0,0.E0));
#13542=DIRECTION('',(0.E0,0.E0,1.E0));
#13543=AXIS2_PLACEMENT_3D('',#13540,#13541,#13542);
#13544=PLANE('',#13543);
#13545=ORIENTED_EDGE('',*,*,#10189,.F.);
#13547=ORIENTED_EDGE('',*,*,#13546,.T.);
#13548=ORIENTED_EDGE('',*,*,#10961,.T.);
#13549=ORIENTED_EDGE('',*,*,#13533,.F.);
#13550=EDGE_LOOP('',(#13545,#13547,#13548,#13549));
#13551=FACE_OUTER_BOUND('',#13550,.F.);
#13552=ADVANCED_FACE('',(#13551),#13544,.F.);
#13553=CARTESIAN_POINT('',(2.9E0,4.4E0,4.468084573746E-2));
#13554=DIRECTION('',(0.E0,0.E0,-1.E0));
#13555=DIRECTION('',(-1.E0,0.E0,0.E0));
#13556=AXIS2_PLACEMENT_3D('',#13553,#13554,#13555);
#13557=PLANE('',#13556);
#13558=ORIENTED_EDGE('',*,*,#10187,.F.);
#13559=ORIENTED_EDGE('',*,*,#13522,.T.);
#13560=ORIENTED_EDGE('',*,*,#10963,.T.);
#13561=ORIENTED_EDGE('',*,*,#13546,.F.);
#13562=EDGE_LOOP('',(#13558,#13559,#13560,#13561));
#13563=FACE_OUTER_BOUND('',#13562,.F.);
#13564=ADVANCED_FACE('',(#13563),#13557,.F.);
#13565=CARTESIAN_POINT('',(3.3375E0,4.4E0,7.446807622910E-2));
#13566=DIRECTION('',(6.080761011394E-1,0.E0,7.938787408812E-1));
#13567=DIRECTION('',(7.938787408812E-1,0.E0,-6.080761011394E-1));
#13568=AXIS2_PLACEMENT_3D('',#13565,#13566,#13567);
#13569=PLANE('',#13568);
#13570=ORIENTED_EDGE('',*,*,#10195,.F.);
#13572=ORIENTED_EDGE('',*,*,#13571,.T.);
#13573=ORIENTED_EDGE('',*,*,#10973,.T.);
#13575=ORIENTED_EDGE('',*,*,#13574,.F.);
#13576=EDGE_LOOP('',(#13570,#13572,#13573,#13575));
#13577=FACE_OUTER_BOUND('',#13576,.F.);
#13578=ADVANCED_FACE('',(#13577),#13569,.F.);
#13579=CARTESIAN_POINT('',(3.133333110809E0,4.4E0,7.446807622910E-2));
#13580=DIRECTION('',(0.E0,0.E0,1.E0));
#13581=DIRECTION('',(1.E0,0.E0,0.E0));
#13582=AXIS2_PLACEMENT_3D('',#13579,#13580,#13581);
#13583=PLANE('',#13582);
#13584=ORIENTED_EDGE('',*,*,#10273,.F.);
#13586=ORIENTED_EDGE('',*,*,#13585,.T.);
#13587=ORIENTED_EDGE('',*,*,#10975,.T.);
#13588=ORIENTED_EDGE('',*,*,#13571,.F.);
#13589=EDGE_LOOP('',(#13584,#13586,#13587,#13588));
#13590=FACE_OUTER_BOUND('',#13589,.F.);
#13591=ADVANCED_FACE('',(#13590),#13583,.F.);
#13592=CARTESIAN_POINT('',(3.133333110809E0,4.4E0,-7.E-1));
#13593=DIRECTION('',(-1.E0,0.E0,0.E0));
#13594=DIRECTION('',(0.E0,0.E0,1.E0));
#13595=AXIS2_PLACEMENT_3D('',#13592,#13593,#13594);
#13596=PLANE('',#13595);
#13597=ORIENTED_EDGE('',*,*,#10271,.F.);
#13599=ORIENTED_EDGE('',*,*,#13598,.T.);
#13600=ORIENTED_EDGE('',*,*,#10977,.T.);
#13601=ORIENTED_EDGE('',*,*,#13585,.F.);
#13602=EDGE_LOOP('',(#13597,#13599,#13600,#13601));
#13603=FACE_OUTER_BOUND('',#13602,.F.);
#13604=ADVANCED_FACE('',(#13603),#13596,.F.);
#13605=CARTESIAN_POINT('',(4.125E0,4.4E0,-7.E-1));
#13606=DIRECTION('',(0.E0,0.E0,-1.E0));
#13607=DIRECTION('',(-1.E0,0.E0,0.E0));
#13608=AXIS2_PLACEMENT_3D('',#13605,#13606,#13607);
#13609=PLANE('',#13608);
#13610=ORIENTED_EDGE('',*,*,#10269,.F.);
#13612=ORIENTED_EDGE('',*,*,#13611,.T.);
#13613=ORIENTED_EDGE('',*,*,#10979,.T.);
#13614=ORIENTED_EDGE('',*,*,#13598,.F.);
#13615=EDGE_LOOP('',(#13610,#13612,#13613,#13614));
#13616=FACE_OUTER_BOUND('',#13615,.F.);
#13617=ADVANCED_FACE('',(#13616),#13609,.F.);
#13618=CARTESIAN_POINT('',(4.125E0,4.4E0,-5.510638475418E-1));
#13619=DIRECTION('',(1.E0,0.E0,0.E0));
#13620=DIRECTION('',(0.E0,0.E0,-1.E0));
#13621=AXIS2_PLACEMENT_3D('',#13618,#13619,#13620);
#13622=PLANE('',#13621);
#13623=ORIENTED_EDGE('',*,*,#10267,.F.);
#13625=ORIENTED_EDGE('',*,*,#13624,.T.);
#13626=ORIENTED_EDGE('',*,*,#10981,.T.);
#13627=ORIENTED_EDGE('',*,*,#13611,.F.);
#13628=EDGE_LOOP('',(#13623,#13625,#13626,#13627));
#13629=FACE_OUTER_BOUND('',#13628,.F.);
#13630=ADVANCED_FACE('',(#13629),#13622,.F.);
#13631=CARTESIAN_POINT('',(3.279166889191E0,4.4E0,-5.510638475418E-1));
#13632=DIRECTION('',(0.E0,0.E0,1.E0));
#13633=DIRECTION('',(1.E0,0.E0,0.E0));
#13634=AXIS2_PLACEMENT_3D('',#13631,#13632,#13633);
#13635=PLANE('',#13634);
#13636=ORIENTED_EDGE('',*,*,#10265,.F.);
#13638=ORIENTED_EDGE('',*,*,#13637,.T.);
#13639=ORIENTED_EDGE('',*,*,#10983,.T.);
#13640=ORIENTED_EDGE('',*,*,#13624,.F.);
#13641=EDGE_LOOP('',(#13636,#13638,#13639,#13640));
#13642=FACE_OUTER_BOUND('',#13641,.F.);
#13643=ADVANCED_FACE('',(#13642),#13635,.F.);
#13644=CARTESIAN_POINT('',(3.279166889191E0,4.4E0,-7.446807622910E-2));
#13645=DIRECTION('',(1.E0,0.E0,0.E0));
#13646=DIRECTION('',(0.E0,0.E0,-1.E0));
#13647=AXIS2_PLACEMENT_3D('',#13644,#13645,#13646);
#13648=PLANE('',#13647);
#13649=ORIENTED_EDGE('',*,*,#10263,.F.);
#13651=ORIENTED_EDGE('',*,*,#13650,.T.);
#13652=ORIENTED_EDGE('',*,*,#10985,.T.);
#13653=ORIENTED_EDGE('',*,*,#13637,.F.);
#13654=EDGE_LOOP('',(#13649,#13651,#13652,#13653));
#13655=FACE_OUTER_BOUND('',#13654,.F.);
#13656=ADVANCED_FACE('',(#13655),#13648,.F.);
#13657=CARTESIAN_POINT('',(3.425E0,4.4E0,-1.638297677040E-1));
#13658=DIRECTION('',(-5.224775081977E-1,0.E0,-8.526530674474E-1));
#13659=DIRECTION('',(-8.526530674474E-1,0.E0,5.224775081977E-1));
#13660=AXIS2_PLACEMENT_3D('',#13657,#13658,#13659);
#13661=PLANE('',#13660);
#13662=ORIENTED_EDGE('',*,*,#10261,.F.);
#13664=ORIENTED_EDGE('',*,*,#13663,.T.);
#13665=ORIENTED_EDGE('',*,*,#10987,.T.);
#13666=ORIENTED_EDGE('',*,*,#13650,.F.);
#13667=EDGE_LOOP('',(#13662,#13664,#13665,#13666));
#13668=FACE_OUTER_BOUND('',#13667,.F.);
#13669=ADVANCED_FACE('',(#13668),#13661,.F.);
#13670=CARTESIAN_POINT('',(3.570833110809E0,4.4E0,-1.936169981956E-1));
#13671=DIRECTION('',(-2.001236481946E-1,0.E0,-9.797706494039E-1));
#13672=DIRECTION('',(-9.797706494039E-1,0.E0,2.001236481946E-1));
#13673=AXIS2_PLACEMENT_3D('',#13670,#13671,#13672);
#13674=PLANE('',#13673);
#13675=ORIENTED_EDGE('',*,*,#10259,.F.);
#13677=ORIENTED_EDGE('',*,*,#13676,.T.);
#13678=ORIENTED_EDGE('',*,*,#10989,.T.);
#13679=ORIENTED_EDGE('',*,*,#13663,.F.);
#13680=EDGE_LOOP('',(#13675,#13677,#13678,#13679));
#13681=FACE_OUTER_BOUND('',#13680,.F.);
#13682=ADVANCED_FACE('',(#13681),#13674,.F.);
#13683=CARTESIAN_POINT('',(3.745833110809E0,4.4E0,-1.936169981956E-1));
#13684=DIRECTION('',(0.E0,0.E0,-1.E0));
#13685=DIRECTION('',(-1.E0,0.E0,0.E0));
#13686=AXIS2_PLACEMENT_3D('',#13683,#13684,#13685);
#13687=PLANE('',#13686);
#13688=ORIENTED_EDGE('',*,*,#10257,.F.);
#13690=ORIENTED_EDGE('',*,*,#13689,.T.);
#13691=ORIENTED_EDGE('',*,*,#10991,.T.);
#13692=ORIENTED_EDGE('',*,*,#13676,.F.);
#13693=EDGE_LOOP('',(#13688,#13690,#13691,#13692));
#13694=FACE_OUTER_BOUND('',#13693,.F.);
#13695=ADVANCED_FACE('',(#13694),#13687,.F.);
#13696=CARTESIAN_POINT('',(3.891666889191E0,4.4E0,-1.638297677040E-1));
#13697=DIRECTION('',(2.001227687928E-1,0.E0,-9.797708290262E-1));
#13698=DIRECTION('',(-9.797708290262E-1,0.E0,-2.001227687928E-1));
#13699=AXIS2_PLACEMENT_3D('',#13696,#13697,#13698);
#13700=PLANE('',#13699);
#13701=ORIENTED_EDGE('',*,*,#10255,.F.);
#13703=ORIENTED_EDGE('',*,*,#13702,.T.);
#13704=ORIENTED_EDGE('',*,*,#10993,.T.);
#13705=ORIENTED_EDGE('',*,*,#13689,.F.);
#13706=EDGE_LOOP('',(#13701,#13703,#13704,#13705));
#13707=FACE_OUTER_BOUND('',#13706,.F.);
#13708=ADVANCED_FACE('',(#13707),#13700,.F.);
#13709=CARTESIAN_POINT('',(4.0375E0,4.4E0,-7.446807622910E-2));
#13710=DIRECTION('',(5.224775081977E-1,0.E0,-8.526530674474E-1));
#13711=DIRECTION('',(-8.526530674474E-1,0.E0,-5.224775081977E-1));
#13712=AXIS2_PLACEMENT_3D('',#13709,#13710,#13711);
#13713=PLANE('',#13712);
#13714=ORIENTED_EDGE('',*,*,#10253,.F.);
#13716=ORIENTED_EDGE('',*,*,#13715,.T.);
#13717=ORIENTED_EDGE('',*,*,#10995,.T.);
#13718=ORIENTED_EDGE('',*,*,#13702,.F.);
#13719=EDGE_LOOP('',(#13714,#13716,#13717,#13718));
#13720=FACE_OUTER_BOUND('',#13719,.F.);
#13721=ADVANCED_FACE('',(#13720),#13713,.F.);
#13722=CARTESIAN_POINT('',(4.125E0,4.4E0,4.468084573746E-2));
#13723=DIRECTION('',(8.060043958311E-1,0.E0,-5.919095487496E-1));
#13724=DIRECTION('',(-5.919095487496E-1,0.E0,-8.060043958311E-1));
#13725=AXIS2_PLACEMENT_3D('',#13722,#13723,#13724);
#13726=PLANE('',#13725);
#13727=ORIENTED_EDGE('',*,*,#10251,.F.);
#13729=ORIENTED_EDGE('',*,*,#13728,.T.);
#13730=ORIENTED_EDGE('',*,*,#10997,.T.);
#13731=ORIENTED_EDGE('',*,*,#13715,.F.);
#13732=EDGE_LOOP('',(#13727,#13729,#13730,#13731));
#13733=FACE_OUTER_BOUND('',#13732,.F.);
#13734=ADVANCED_FACE('',(#13733),#13726,.F.);
#13735=CARTESIAN_POINT('',(4.183333110809E0,4.4E0,1.936170399189E-1));
#13736=DIRECTION('',(9.311287431085E-1,0.E0,-3.646906411703E-1));
#13737=DIRECTION('',(-3.646906411703E-1,0.E0,-9.311287431085E-1));
#13738=AXIS2_PLACEMENT_3D('',#13735,#13736,#13737);
#13739=PLANE('',#13738);
#13740=ORIENTED_EDGE('',*,*,#10249,.F.);
#13742=ORIENTED_EDGE('',*,*,#13741,.T.);
#13743=ORIENTED_EDGE('',*,*,#10999,.T.);
#13744=ORIENTED_EDGE('',*,*,#13728,.F.);
#13745=EDGE_LOOP('',(#13740,#13742,#13743,#13744));
#13746=FACE_OUTER_BOUND('',#13745,.F.);
#13747=ADVANCED_FACE('',(#13746),#13739,.F.);
#13748=CARTESIAN_POINT('',(4.183333110809E0,4.4E0,3.127659618855E-1));
#13749=DIRECTION('',(1.E0,0.E0,0.E0));
#13750=DIRECTION('',(0.E0,0.E0,-1.E0));
#13751=AXIS2_PLACEMENT_3D('',#13748,#13749,#13750);
#13752=PLANE('',#13751);
#13753=ORIENTED_EDGE('',*,*,#10247,.F.);
#13755=ORIENTED_EDGE('',*,*,#13754,.T.);
#13756=ORIENTED_EDGE('',*,*,#11001,.T.);
#13757=ORIENTED_EDGE('',*,*,#13741,.F.);
#13758=EDGE_LOOP('',(#13753,#13755,#13756,#13757));
#13759=FACE_OUTER_BOUND('',#13758,.F.);
#13760=ADVANCED_FACE('',(#13759),#13752,.F.);
#13761=CARTESIAN_POINT('',(4.125E0,4.4E0,4.617021352053E-1));
#13762=DIRECTION('',(9.311287257622E-1,0.E0,3.646906854589E-1));
#13763=DIRECTION('',(3.646906854589E-1,0.E0,-9.311287257622E-1));
#13764=AXIS2_PLACEMENT_3D('',#13761,#13762,#13763);
#13765=PLANE('',#13764);
#13766=ORIENTED_EDGE('',*,*,#10245,.F.);
#13768=ORIENTED_EDGE('',*,*,#13767,.T.);
#13769=ORIENTED_EDGE('',*,*,#11003,.T.);
#13770=ORIENTED_EDGE('',*,*,#13754,.F.);
#13771=EDGE_LOOP('',(#13766,#13768,#13769,#13770));
#13772=FACE_OUTER_BOUND('',#13771,.F.);
#13773=ADVANCED_FACE('',(#13772),#13765,.F.);
#13774=CARTESIAN_POINT('',(4.0375E0,4.4E0,5.808510676026E-1));
#13775=DIRECTION('',(8.060044205527E-1,0.E0,5.919095150862E-1));
#13776=DIRECTION('',(5.919095150862E-1,0.E0,-8.060044205527E-1));
#13777=AXIS2_PLACEMENT_3D('',#13774,#13775,#13776);
#13778=PLANE('',#13777);
#13779=ORIENTED_EDGE('',*,*,#10243,.F.);
#13781=ORIENTED_EDGE('',*,*,#13780,.T.);
#13782=ORIENTED_EDGE('',*,*,#11005,.T.);
#13783=ORIENTED_EDGE('',*,*,#13767,.F.);
#13784=EDGE_LOOP('',(#13779,#13781,#13782,#13783));
#13785=FACE_OUTER_BOUND('',#13784,.F.);
#13786=ADVANCED_FACE('',(#13785),#13778,.F.);
#13787=CARTESIAN_POINT('',(3.891666889191E0,4.4E0,6.702127669007E-1));
#13788=DIRECTION('',(5.224775414514E-1,0.E0,8.526530470706E-1));
#13789=DIRECTION('',(8.526530470706E-1,0.E0,-5.224775414514E-1));
#13790=AXIS2_PLACEMENT_3D('',#13787,#13788,#13789);
#13791=PLANE('',#13790);
#13792=ORIENTED_EDGE('',*,*,#10241,.F.);
#13794=ORIENTED_EDGE('',*,*,#13793,.T.);
#13795=ORIENTED_EDGE('',*,*,#11007,.T.);
#13796=ORIENTED_EDGE('',*,*,#13780,.F.);
#13797=EDGE_LOOP('',(#13792,#13794,#13795,#13796));
#13798=FACE_OUTER_BOUND('',#13797,.F.);
#13799=ADVANCED_FACE('',(#13798),#13791,.F.);
#13800=CARTESIAN_POINT('',(3.745833110809E0,4.4E0,7.E-1));
#13801=DIRECTION('',(2.001227856107E-1,0.E0,9.797708255911E-1));
#13802=DIRECTION('',(9.797708255911E-1,0.E0,-2.001227856107E-1));
#13803=AXIS2_PLACEMENT_3D('',#13800,#13801,#13802);
#13804=PLANE('',#13803);
#13805=ORIENTED_EDGE('',*,*,#10239,.F.);
#13807=ORIENTED_EDGE('',*,*,#13806,.T.);
#13808=ORIENTED_EDGE('',*,*,#11009,.T.);
#13809=ORIENTED_EDGE('',*,*,#13793,.F.);
#13810=EDGE_LOOP('',(#13805,#13807,#13808,#13809));
#13811=FACE_OUTER_BOUND('',#13810,.F.);
#13812=ADVANCED_FACE('',(#13811),#13804,.F.);
#13813=CARTESIAN_POINT('',(3.570833110809E0,4.4E0,7.E-1));
#13814=DIRECTION('',(0.E0,0.E0,1.E0));
#13815=DIRECTION('',(1.E0,0.E0,0.E0));
#13816=AXIS2_PLACEMENT_3D('',#13813,#13814,#13815);
#13817=PLANE('',#13816);
#13818=ORIENTED_EDGE('',*,*,#10237,.F.);
#13820=ORIENTED_EDGE('',*,*,#13819,.T.);
#13821=ORIENTED_EDGE('',*,*,#11011,.T.);
#13822=ORIENTED_EDGE('',*,*,#13806,.F.);
#13823=EDGE_LOOP('',(#13818,#13820,#13821,#13822));
#13824=FACE_OUTER_BOUND('',#13823,.F.);
#13825=ADVANCED_FACE('',(#13824),#13817,.F.);
#13826=CARTESIAN_POINT('',(3.425E0,4.4E0,6.702127669007E-1));
#13827=DIRECTION('',(-2.001236650127E-1,0.E0,9.797706459687E-1));
#13828=DIRECTION('',(9.797706459687E-1,0.E0,2.001236650127E-1));
#13829=AXIS2_PLACEMENT_3D('',#13826,#13827,#13828);
#13830=PLANE('',#13829);
#13831=ORIENTED_EDGE('',*,*,#10235,.F.);
#13833=ORIENTED_EDGE('',*,*,#13832,.T.);
#13834=ORIENTED_EDGE('',*,*,#11013,.T.);
#13835=ORIENTED_EDGE('',*,*,#13819,.F.);
#13836=EDGE_LOOP('',(#13831,#13833,#13834,#13835));
#13837=FACE_OUTER_BOUND('',#13836,.F.);
#13838=ADVANCED_FACE('',(#13837),#13830,.F.);
#13839=CARTESIAN_POINT('',(3.279166889191E0,4.4E0,5.808510676026E-1));
#13840=DIRECTION('',(-5.224775414514E-1,0.E0,8.526530470706E-1));
#13841=DIRECTION('',(8.526530470706E-1,0.E0,5.224775414514E-1));
#13842=AXIS2_PLACEMENT_3D('',#13839,#13840,#13841);
#13843=PLANE('',#13842);
#13844=ORIENTED_EDGE('',*,*,#10233,.F.);
#13846=ORIENTED_EDGE('',*,*,#13845,.T.);
#13847=ORIENTED_EDGE('',*,*,#11015,.T.);
#13848=ORIENTED_EDGE('',*,*,#13832,.F.);
#13849=EDGE_LOOP('',(#13844,#13846,#13847,#13848));
#13850=FACE_OUTER_BOUND('',#13849,.F.);
#13851=ADVANCED_FACE('',(#13850),#13843,.F.);
#13852=CARTESIAN_POINT('',(3.191666889191E0,4.4E0,4.617021352053E-1));
#13853=DIRECTION('',(-8.060044205527E-1,0.E0,5.919095150862E-1));
#13854=DIRECTION('',(5.919095150862E-1,0.E0,8.060044205527E-1));
#13855=AXIS2_PLACEMENT_3D('',#13852,#13853,#13854);
#13856=PLANE('',#13855);
#13857=ORIENTED_EDGE('',*,*,#10231,.F.);
#13859=ORIENTED_EDGE('',*,*,#13858,.T.);
#13860=ORIENTED_EDGE('',*,*,#11017,.T.);
#13861=ORIENTED_EDGE('',*,*,#13845,.F.);
#13862=EDGE_LOOP('',(#13857,#13859,#13860,#13861));
#13863=FACE_OUTER_BOUND('',#13862,.F.);
#13864=ADVANCED_FACE('',(#13863),#13856,.F.);
#13865=CARTESIAN_POINT('',(3.133333110809E0,4.4E0,3.425531923771E-1));
#13866=DIRECTION('',(-8.981368027053E-1,0.E0,4.397161398292E-1));
#13867=DIRECTION('',(4.397161398292E-1,0.E0,8.981368027053E-1));
#13868=AXIS2_PLACEMENT_3D('',#13865,#13866,#13867);
#13869=PLANE('',#13868);
#13870=ORIENTED_EDGE('',*,*,#10229,.F.);
#13872=ORIENTED_EDGE('',*,*,#13871,.T.);
#13873=ORIENTED_EDGE('',*,*,#11019,.T.);
#13874=ORIENTED_EDGE('',*,*,#13858,.F.);
#13875=EDGE_LOOP('',(#13870,#13872,#13873,#13874));
#13876=FACE_OUTER_BOUND('',#13875,.F.);
#13877=ADVANCED_FACE('',(#13876),#13869,.F.);
#13878=CARTESIAN_POINT('',(3.308333110809E0,4.4E0,3.425531923771E-1));
#13879=DIRECTION('',(0.E0,0.E0,-1.E0));
#13880=DIRECTION('',(-1.E0,0.E0,0.E0));
#13881=AXIS2_PLACEMENT_3D('',#13878,#13879,#13880);
#13882=PLANE('',#13881);
#13883=ORIENTED_EDGE('',*,*,#10227,.F.);
#13885=ORIENTED_EDGE('',*,*,#13884,.T.);
#13886=ORIENTED_EDGE('',*,*,#11021,.T.);
#13887=ORIENTED_EDGE('',*,*,#13871,.F.);
#13888=EDGE_LOOP('',(#13883,#13885,#13886,#13887));
#13889=FACE_OUTER_BOUND('',#13888,.F.);
#13890=ADVANCED_FACE('',(#13889),#13882,.F.);
#13891=CARTESIAN_POINT('',(3.366666889191E0,4.4E0,4.617021352053E-1));
#13892=DIRECTION('',(8.981368027053E-1,0.E0,-4.397161398292E-1));
#13893=DIRECTION('',(-4.397161398292E-1,0.E0,-8.981368027053E-1));
#13894=AXIS2_PLACEMENT_3D('',#13891,#13892,#13893);
#13895=PLANE('',#13894);
#13896=ORIENTED_EDGE('',*,*,#10225,.F.);
#13898=ORIENTED_EDGE('',*,*,#13897,.T.);
#13899=ORIENTED_EDGE('',*,*,#11023,.T.);
#13900=ORIENTED_EDGE('',*,*,#13884,.F.);
#13901=EDGE_LOOP('',(#13896,#13898,#13899,#13900));
#13902=FACE_OUTER_BOUND('',#13901,.F.);
#13903=ADVANCED_FACE('',(#13902),#13895,.F.);
#13904=CARTESIAN_POINT('',(3.454166889191E0,4.4E0,5.212765961885E-1));
#13905=DIRECTION('',(5.627909312417E-1,0.E0,-8.265992787996E-1));
#13906=DIRECTION('',(-8.265992787996E-1,0.E0,-5.627909312417E-1));
#13907=AXIS2_PLACEMENT_3D('',#13904,#13905,#13906);
#13908=PLANE('',#13907);
#13909=ORIENTED_EDGE('',*,*,#10223,.F.);
#13911=ORIENTED_EDGE('',*,*,#13910,.T.);
#13912=ORIENTED_EDGE('',*,*,#11025,.T.);
#13913=ORIENTED_EDGE('',*,*,#13897,.F.);
#13914=EDGE_LOOP('',(#13909,#13911,#13912,#13913));
#13915=FACE_OUTER_BOUND('',#13914,.F.);
#13916=ADVANCED_FACE('',(#13915),#13908,.F.);
#13917=CARTESIAN_POINT('',(3.570833110809E0,4.4E0,5.510638266802E-1));
#13918=DIRECTION('',(2.473841035229E-1,0.E0,-9.689174914946E-1));
#13919=DIRECTION('',(-9.689174914946E-1,0.E0,-2.473841035229E-1));
#13920=AXIS2_PLACEMENT_3D('',#13917,#13918,#13919);
#13921=PLANE('',#13920);
#13922=ORIENTED_EDGE('',*,*,#10221,.F.);
#13924=ORIENTED_EDGE('',*,*,#13923,.T.);
#13925=ORIENTED_EDGE('',*,*,#11027,.T.);
#13926=ORIENTED_EDGE('',*,*,#13910,.F.);
#13927=EDGE_LOOP('',(#13922,#13924,#13925,#13926));
#13928=FACE_OUTER_BOUND('',#13927,.F.);
#13929=ADVANCED_FACE('',(#13928),#13921,.F.);
#13930=CARTESIAN_POINT('',(3.745833110809E0,4.4E0,5.510638266802E-1));
#13931=DIRECTION('',(0.E0,0.E0,-1.E0));
#13932=DIRECTION('',(-1.E0,0.E0,0.E0));
#13933=AXIS2_PLACEMENT_3D('',#13930,#13931,#13932);
#13934=PLANE('',#13933);
#13935=ORIENTED_EDGE('',*,*,#10219,.F.);
#13937=ORIENTED_EDGE('',*,*,#13936,.T.);
#13938=ORIENTED_EDGE('',*,*,#11029,.T.);
#13939=ORIENTED_EDGE('',*,*,#13923,.F.);
#13940=EDGE_LOOP('',(#13935,#13937,#13938,#13939));
#13941=FACE_OUTER_BOUND('',#13940,.F.);
#13942=ADVANCED_FACE('',(#13941),#13934,.F.);
#13943=CARTESIAN_POINT('',(3.8625E0,4.4E0,5.212765961885E-1));
#13944=DIRECTION('',(-2.473827746112E-1,0.E0,-9.689178307915E-1));
#13945=DIRECTION('',(-9.689178307915E-1,0.E0,2.473827746112E-1));
#13946=AXIS2_PLACEMENT_3D('',#13943,#13944,#13945);
#13947=PLANE('',#13946);
#13948=ORIENTED_EDGE('',*,*,#10217,.F.);
#13950=ORIENTED_EDGE('',*,*,#13949,.T.);
#13951=ORIENTED_EDGE('',*,*,#11031,.T.);
#13952=ORIENTED_EDGE('',*,*,#13936,.F.);
#13953=EDGE_LOOP('',(#13948,#13950,#13951,#13952));
#13954=FACE_OUTER_BOUND('',#13953,.F.);
#13955=ADVANCED_FACE('',(#13954),#13947,.F.);
#13956=CARTESIAN_POINT('',(3.95E0,4.4E0,4.617021352053E-1));
#13957=DIRECTION('',(-5.627909312417E-1,0.E0,-8.265992787996E-1));
#13958=DIRECTION('',(-8.265992787996E-1,0.E0,5.627909312417E-1));
#13959=AXIS2_PLACEMENT_3D('',#13956,#13957,#13958);
#13960=PLANE('',#13959);
#13961=ORIENTED_EDGE('',*,*,#10215,.F.);
#13963=ORIENTED_EDGE('',*,*,#13962,.T.);
#13964=ORIENTED_EDGE('',*,*,#11033,.T.);
#13965=ORIENTED_EDGE('',*,*,#13949,.F.);
#13966=EDGE_LOOP('',(#13961,#13963,#13964,#13965));
#13967=FACE_OUTER_BOUND('',#13966,.F.);
#13968=ADVANCED_FACE('',(#13967),#13960,.F.);
#13969=CARTESIAN_POINT('',(4.008333110809E0,4.4E0,3.723404228687E-1));
#13970=DIRECTION('',(-8.373801334110E-1,0.E0,-5.466209949943E-1));
#13971=DIRECTION('',(-5.466209949943E-1,0.E0,8.373801334110E-1));
#13972=AXIS2_PLACEMENT_3D('',#13969,#13970,#13971);
#13973=PLANE('',#13972);
#13974=ORIENTED_EDGE('',*,*,#10213,.F.);
#13976=ORIENTED_EDGE('',*,*,#13975,.T.);
#13977=ORIENTED_EDGE('',*,*,#11035,.T.);
#13978=ORIENTED_EDGE('',*,*,#13962,.F.);
#13979=EDGE_LOOP('',(#13974,#13976,#13977,#13978));
#13980=FACE_OUTER_BOUND('',#13979,.F.);
#13981=ADVANCED_FACE('',(#13980),#13973,.F.);
#13982=CARTESIAN_POINT('',(4.0375E0,4.4E0,2.829787313938E-1));
#13983=DIRECTION('',(-9.506444938501E-1,0.E0,-3.102822043116E-1));
#13984=DIRECTION('',(-3.102822043116E-1,0.E0,9.506444938501E-1));
#13985=AXIS2_PLACEMENT_3D('',#13982,#13983,#13984);
#13986=PLANE('',#13985);
#13987=ORIENTED_EDGE('',*,*,#10211,.F.);
#13989=ORIENTED_EDGE('',*,*,#13988,.T.);
#13990=ORIENTED_EDGE('',*,*,#11037,.T.);
#13991=ORIENTED_EDGE('',*,*,#13975,.F.);
#13992=EDGE_LOOP('',(#13987,#13989,#13990,#13991));
#13993=FACE_OUTER_BOUND('',#13992,.F.);
#13994=ADVANCED_FACE('',(#13993),#13986,.F.);
#13995=CARTESIAN_POINT('',(4.0375E0,4.4E0,2.234042704105E-1));
#13996=DIRECTION('',(-1.E0,0.E0,0.E0));
#13997=DIRECTION('',(0.E0,0.E0,1.E0));
#13998=AXIS2_PLACEMENT_3D('',#13995,#13996,#13997);
#13999=PLANE('',#13998);
#14000=ORIENTED_EDGE('',*,*,#10209,.F.);
#14002=ORIENTED_EDGE('',*,*,#14001,.T.);
#14003=ORIENTED_EDGE('',*,*,#11039,.T.);
#14004=ORIENTED_EDGE('',*,*,#13988,.F.);
#14005=EDGE_LOOP('',(#14000,#14002,#14003,#14004));
#14006=FACE_OUTER_BOUND('',#14005,.F.);
#14007=ADVANCED_FACE('',(#14006),#13999,.F.);
#14008=CARTESIAN_POINT('',(4.008333110809E0,4.4E0,1.340425372124E-1));
#14009=DIRECTION('',(-9.506445365826E-1,0.E0,3.102820733875E-1));
#14010=DIRECTION('',(3.102820733875E-1,0.E0,9.506445365826E-1));
#14011=AXIS2_PLACEMENT_3D('',#14008,#14009,#14010);
#14012=PLANE('',#14011);
#14013=ORIENTED_EDGE('',*,*,#10207,.F.);
#14015=ORIENTED_EDGE('',*,*,#14014,.T.);
#14016=ORIENTED_EDGE('',*,*,#11041,.T.);
#14017=ORIENTED_EDGE('',*,*,#14001,.F.);
#14018=EDGE_LOOP('',(#14013,#14015,#14016,#14017));
#14019=FACE_OUTER_BOUND('',#14018,.F.);
#14020=ADVANCED_FACE('',(#14019),#14012,.F.);
#14021=CARTESIAN_POINT('',(3.95E0,4.4E0,4.468084573746E-2));
#14022=DIRECTION('',(-8.373800750004E-1,0.E0,5.466210844748E-1));
#14023=DIRECTION('',(5.466210844748E-1,0.E0,8.373800750004E-1));
#14024=AXIS2_PLACEMENT_3D('',#14021,#14022,#14023);
#14025=PLANE('',#14024);
#14026=ORIENTED_EDGE('',*,*,#10205,.F.);
#14028=ORIENTED_EDGE('',*,*,#14027,.T.);
#14029=ORIENTED_EDGE('',*,*,#11043,.T.);
#14030=ORIENTED_EDGE('',*,*,#14014,.F.);
#14031=EDGE_LOOP('',(#14026,#14028,#14029,#14030));
#14032=FACE_OUTER_BOUND('',#14031,.F.);
#14033=ADVANCED_FACE('',(#14032),#14025,.F.);
#14034=CARTESIAN_POINT('',(3.8625E0,4.4E0,-1.489361524582E-2));
#14035=DIRECTION('',(-5.627909312417E-1,0.E0,8.265992787996E-1));
#14036=DIRECTION('',(8.265992787996E-1,0.E0,5.627909312417E-1));
#14037=AXIS2_PLACEMENT_3D('',#14034,#14035,#14036);
#14038=PLANE('',#14037);
#14039=ORIENTED_EDGE('',*,*,#10203,.F.);
#14041=ORIENTED_EDGE('',*,*,#14040,.T.);
#14042=ORIENTED_EDGE('',*,*,#11045,.T.);
#14043=ORIENTED_EDGE('',*,*,#14027,.F.);
#14044=EDGE_LOOP('',(#14039,#14041,#14042,#14043));
#14045=FACE_OUTER_BOUND('',#14044,.F.);
#14046=ADVANCED_FACE('',(#14045),#14038,.F.);
#14047=CARTESIAN_POINT('',(3.745833110809E0,4.4E0,-4.468084573746E-2));
#14048=DIRECTION('',(-2.473827746112E-1,0.E0,9.689178307915E-1));
#14049=DIRECTION('',(9.689178307915E-1,0.E0,2.473827746112E-1));
#14050=AXIS2_PLACEMENT_3D('',#14047,#14048,#14049);
#14051=PLANE('',#14050);
#14052=ORIENTED_EDGE('',*,*,#10201,.F.);
#14054=ORIENTED_EDGE('',*,*,#14053,.T.);
#14055=ORIENTED_EDGE('',*,*,#11047,.T.);
#14056=ORIENTED_EDGE('',*,*,#14040,.F.);
#14057=EDGE_LOOP('',(#14052,#14054,#14055,#14056));
#14058=FACE_OUTER_BOUND('',#14057,.F.);
#14059=ADVANCED_FACE('',(#14058),#14051,.F.);
#14060=CARTESIAN_POINT('',(3.570833110809E0,4.4E0,-4.468084573746E-2));
#14061=DIRECTION('',(0.E0,0.E0,1.E0));
#14062=DIRECTION('',(1.E0,0.E0,0.E0));
#14063=AXIS2_PLACEMENT_3D('',#14060,#14061,#14062);
#14064=PLANE('',#14063);
#14065=ORIENTED_EDGE('',*,*,#10199,.F.);
#14067=ORIENTED_EDGE('',*,*,#14066,.T.);
#14068=ORIENTED_EDGE('',*,*,#11049,.T.);
#14069=ORIENTED_EDGE('',*,*,#14053,.F.);
#14070=EDGE_LOOP('',(#14065,#14067,#14068,#14069));
#14071=FACE_OUTER_BOUND('',#14070,.F.);
#14072=ADVANCED_FACE('',(#14071),#14064,.F.);
#14073=CARTESIAN_POINT('',(3.454166889191E0,4.4E0,-1.489361524582E-2));
#14074=DIRECTION('',(2.473841035229E-1,0.E0,9.689174914946E-1));
#14075=DIRECTION('',(9.689174914946E-1,0.E0,-2.473841035229E-1));
#14076=AXIS2_PLACEMENT_3D('',#14073,#14074,#14075);
#14077=PLANE('',#14076);
#14078=ORIENTED_EDGE('',*,*,#10197,.F.);
#14079=ORIENTED_EDGE('',*,*,#13574,.T.);
#14080=ORIENTED_EDGE('',*,*,#11051,.T.);
#14081=ORIENTED_EDGE('',*,*,#14066,.F.);
#14082=EDGE_LOOP('',(#14078,#14079,#14080,#14081));
#14083=FACE_OUTER_BOUND('',#14082,.F.);
#14084=ADVANCED_FACE('',(#14083),#14077,.F.);
#14085=CARTESIAN_POINT('',(3.85E0,2.5E0,6.413475983199E0));
#14086=DIRECTION('',(0.E0,1.E0,0.E0));
#14087=DIRECTION('',(0.E0,0.E0,-1.E0));
#14088=AXIS2_PLACEMENT_3D('',#14085,#14086,#14087);
#14089=PLANE('',#14088);
#14090=ORIENTED_EDGE('',*,*,#9169,.F.);
#14092=ORIENTED_EDGE('',*,*,#14091,.F.);
#14094=ORIENTED_EDGE('',*,*,#14093,.T.);
#14096=ORIENTED_EDGE('',*,*,#14095,.T.);
#14097=EDGE_LOOP('',(#14090,#14092,#14094,#14096));
#14098=FACE_OUTER_BOUND('',#14097,.F.);
#14099=ADVANCED_FACE('',(#14098),#14089,.T.);
#14100=CARTESIAN_POINT('',(3.85E0,0.E0,0.E0));
#14101=DIRECTION('',(-1.E0,0.E0,0.E0));
#14102=DIRECTION('',(0.E0,0.E0,1.E0));
#14103=AXIS2_PLACEMENT_3D('',#14100,#14101,#14102);
#14104=PLANE('',#14103);
#14105=ORIENTED_EDGE('',*,*,#9080,.F.);
#14107=ORIENTED_EDGE('',*,*,#14106,.T.);
#14109=ORIENTED_EDGE('',*,*,#14108,.T.);
#14111=ORIENTED_EDGE('',*,*,#14110,.T.);
#14113=ORIENTED_EDGE('',*,*,#14112,.T.);
#14115=ORIENTED_EDGE('',*,*,#14114,.T.);
#14117=ORIENTED_EDGE('',*,*,#14116,.T.);
#14119=ORIENTED_EDGE('',*,*,#14118,.T.);
#14121=ORIENTED_EDGE('',*,*,#14120,.T.);
#14123=ORIENTED_EDGE('',*,*,#14122,.T.);
#14125=ORIENTED_EDGE('',*,*,#14124,.T.);
#14126=ORIENTED_EDGE('',*,*,#14091,.T.);
#14127=EDGE_LOOP('',(#14105,#14107,#14109,#14111,#14113,#14115,#14117,#14119,
#14121,#14123,#14125,#14126));
#14128=FACE_OUTER_BOUND('',#14127,.F.);
#14129=ADVANCED_FACE('',(#14128),#14104,.F.);
#14130=CARTESIAN_POINT('',(3.85E0,1.9E0,4.725E0));
#14131=DIRECTION('',(0.E0,-1.E0,0.E0));
#14132=DIRECTION('',(0.E0,0.E0,1.E0));
#14133=AXIS2_PLACEMENT_3D('',#14130,#14131,#14132);
#14134=PLANE('',#14133);
#14135=ORIENTED_EDGE('',*,*,#8922,.T.);
#14137=ORIENTED_EDGE('',*,*,#14136,.T.);
#14139=ORIENTED_EDGE('',*,*,#14138,.F.);
#14140=ORIENTED_EDGE('',*,*,#14106,.F.);
#14141=EDGE_LOOP('',(#14135,#14137,#14139,#14140));
#14142=FACE_OUTER_BOUND('',#14141,.F.);
#14143=ADVANCED_FACE('',(#14142),#14134,.T.);
#14144=CARTESIAN_POINT('',(2.95E0,0.E0,0.E0));
#14145=DIRECTION('',(-1.E0,0.E0,0.E0));
#14146=DIRECTION('',(0.E0,0.E0,1.E0));
#14147=AXIS2_PLACEMENT_3D('',#14144,#14145,#14146);
#14148=PLANE('',#14147);
#14149=ORIENTED_EDGE('',*,*,#9052,.T.);
#14150=ORIENTED_EDGE('',*,*,#14095,.F.);
#14152=ORIENTED_EDGE('',*,*,#14151,.F.);
#14154=ORIENTED_EDGE('',*,*,#14153,.F.);
#14156=ORIENTED_EDGE('',*,*,#14155,.F.);
#14158=ORIENTED_EDGE('',*,*,#14157,.F.);
#14160=ORIENTED_EDGE('',*,*,#14159,.F.);
#14162=ORIENTED_EDGE('',*,*,#14161,.F.);
#14164=ORIENTED_EDGE('',*,*,#14163,.F.);
#14166=ORIENTED_EDGE('',*,*,#14165,.F.);
#14168=ORIENTED_EDGE('',*,*,#14167,.F.);
#14169=ORIENTED_EDGE('',*,*,#14136,.F.);
#14170=EDGE_LOOP('',(#14149,#14150,#14152,#14154,#14156,#14158,#14160,#14162,
#14164,#14166,#14168,#14169));
#14171=FACE_OUTER_BOUND('',#14170,.F.);
#14172=ADVANCED_FACE('',(#14171),#14148,.T.);
#14173=CARTESIAN_POINT('',(3.85E0,1.5E0,6.413475983199E0));
#14174=DIRECTION('',(-1.E0,0.E0,0.E0));
#14175=DIRECTION('',(0.E0,0.E0,1.E0));
#14176=AXIS2_PLACEMENT_3D('',#14173,#14174,#14175);
#14177=CYLINDRICAL_SURFACE('',#14176,1.E0);
#14178=ORIENTED_EDGE('',*,*,#14124,.F.);
#14180=ORIENTED_EDGE('',*,*,#14179,.T.);
#14181=ORIENTED_EDGE('',*,*,#14151,.T.);
#14182=ORIENTED_EDGE('',*,*,#14093,.F.);
#14183=EDGE_LOOP('',(#14178,#14180,#14181,#14182));
#14184=FACE_OUTER_BOUND('',#14183,.F.);
#14185=ADVANCED_FACE('',(#14184),#14177,.T.);
#14186=CARTESIAN_POINT('',(3.85E0,9.205407289332E-1,7.531076898795E0));
#14187=DIRECTION('',(0.E0,1.736481776669E-1,9.848077530122E-1));
#14188=DIRECTION('',(0.E0,9.848077530122E-1,-1.736481776669E-1));
#14189=AXIS2_PLACEMENT_3D('',#14186,#14187,#14188);
#14190=PLANE('',#14189);
#14191=ORIENTED_EDGE('',*,*,#14122,.F.);
#14193=ORIENTED_EDGE('',*,*,#14192,.T.);
#14194=ORIENTED_EDGE('',*,*,#14153,.T.);
#14195=ORIENTED_EDGE('',*,*,#14179,.F.);
#14196=EDGE_LOOP('',(#14191,#14193,#14194,#14195));
#14197=FACE_OUTER_BOUND('',#14196,.F.);
#14198=ADVANCED_FACE('',(#14197),#14190,.T.);
#14199=CARTESIAN_POINT('',(3.85E0,9.9E-1,7.925E0));
#14200=DIRECTION('',(-1.E0,0.E0,0.E0));
#14201=DIRECTION('',(0.E0,0.E0,1.E0));
#14202=AXIS2_PLACEMENT_3D('',#14199,#14200,#14201);
#14203=CYLINDRICAL_SURFACE('',#14202,4.E-1);
#14204=ORIENTED_EDGE('',*,*,#14120,.F.);
#14206=ORIENTED_EDGE('',*,*,#14205,.T.);
#14207=ORIENTED_EDGE('',*,*,#14155,.T.);
#14208=ORIENTED_EDGE('',*,*,#14192,.F.);
#14209=EDGE_LOOP('',(#14204,#14206,#14207,#14208));
#14210=FACE_OUTER_BOUND('',#14209,.F.);
#14211=ADVANCED_FACE('',(#14210),#14203,.F.);
#14212=CARTESIAN_POINT('',(3.85E0,5.9E-1,9.925E0));
#14213=DIRECTION('',(0.E0,1.E0,0.E0));
#14214=DIRECTION('',(0.E0,0.E0,-1.E0));
#14215=AXIS2_PLACEMENT_3D('',#14212,#14213,#14214);
#14216=PLANE('',#14215);
#14217=ORIENTED_EDGE('',*,*,#14118,.F.);
#14219=ORIENTED_EDGE('',*,*,#14218,.T.);
#14220=ORIENTED_EDGE('',*,*,#14157,.T.);
#14221=ORIENTED_EDGE('',*,*,#14205,.F.);
#14222=EDGE_LOOP('',(#14217,#14219,#14220,#14221));
#14223=FACE_OUTER_BOUND('',#14222,.F.);
#14224=ADVANCED_FACE('',(#14223),#14216,.T.);
#14225=CARTESIAN_POINT('',(3.85E0,-1.E-2,9.925E0));
#14226=DIRECTION('',(0.E0,0.E0,1.E0));
#14227=DIRECTION('',(0.E0,1.E0,0.E0));
#14228=AXIS2_PLACEMENT_3D('',#14225,#14226,#14227);
#14229=PLANE('',#14228);
#14230=ORIENTED_EDGE('',*,*,#14116,.F.);
#14232=ORIENTED_EDGE('',*,*,#14231,.T.);
#14233=ORIENTED_EDGE('',*,*,#14159,.T.);
#14234=ORIENTED_EDGE('',*,*,#14218,.F.);
#14235=EDGE_LOOP('',(#14230,#14232,#14233,#14234));
#14236=FACE_OUTER_BOUND('',#14235,.F.);
#14237=ADVANCED_FACE('',(#14236),#14229,.T.);
#14238=CARTESIAN_POINT('',(3.85E0,-1.E-2,7.925E0));
#14239=DIRECTION('',(0.E0,-1.E0,0.E0));
#14240=DIRECTION('',(0.E0,0.E0,1.E0));
#14241=AXIS2_PLACEMENT_3D('',#14238,#14239,#14240);
#14242=PLANE('',#14241);
#14243=ORIENTED_EDGE('',*,*,#14114,.F.);
#14245=ORIENTED_EDGE('',*,*,#14244,.T.);
#14246=ORIENTED_EDGE('',*,*,#14161,.T.);
#14247=ORIENTED_EDGE('',*,*,#14231,.F.);
#14248=EDGE_LOOP('',(#14243,#14245,#14246,#14247));
#14249=FACE_OUTER_BOUND('',#14248,.F.);
#14250=ADVANCED_FACE('',(#14249),#14242,.T.);
#14251=CARTESIAN_POINT('',(3.85E0,9.9E-1,7.925E0));
#14252=DIRECTION('',(-1.E0,0.E0,0.E0));
#14253=DIRECTION('',(0.E0,0.E0,1.E0));
#14254=AXIS2_PLACEMENT_3D('',#14251,#14252,#14253);
#14255=CYLINDRICAL_SURFACE('',#14254,1.E0);
#14256=ORIENTED_EDGE('',*,*,#14112,.F.);
#14258=ORIENTED_EDGE('',*,*,#14257,.T.);
#14259=ORIENTED_EDGE('',*,*,#14163,.T.);
#14260=ORIENTED_EDGE('',*,*,#14244,.F.);
#14261=EDGE_LOOP('',(#14256,#14258,#14259,#14260));
#14262=FACE_OUTER_BOUND('',#14261,.F.);
#14263=ADVANCED_FACE('',(#14262),#14255,.T.);
#14264=CARTESIAN_POINT('',(3.85E0,1.569459271067E0,6.807399084404E0));
#14265=DIRECTION('',(0.E0,-1.736481776669E-1,-9.848077530122E-1));
#14266=DIRECTION('',(0.E0,-9.848077530122E-1,1.736481776669E-1));
#14267=AXIS2_PLACEMENT_3D('',#14264,#14265,#14266);
#14268=PLANE('',#14267);
#14269=ORIENTED_EDGE('',*,*,#14110,.F.);
#14271=ORIENTED_EDGE('',*,*,#14270,.T.);
#14272=ORIENTED_EDGE('',*,*,#14165,.T.);
#14273=ORIENTED_EDGE('',*,*,#14257,.F.);
#14274=EDGE_LOOP('',(#14269,#14271,#14272,#14273));
#14275=FACE_OUTER_BOUND('',#14274,.F.);
#14276=ADVANCED_FACE('',(#14275),#14268,.T.);
#14277=CARTESIAN_POINT('',(3.85E0,1.5E0,6.413475983199E0));
#14278=DIRECTION('',(-1.E0,0.E0,0.E0));
#14279=DIRECTION('',(0.E0,0.E0,1.E0));
#14280=AXIS2_PLACEMENT_3D('',#14277,#14278,#14279);
#14281=CYLINDRICAL_SURFACE('',#14280,4.E-1);
#14282=ORIENTED_EDGE('',*,*,#14108,.F.);
#14283=ORIENTED_EDGE('',*,*,#14138,.T.);
#14284=ORIENTED_EDGE('',*,*,#14167,.T.);
#14285=ORIENTED_EDGE('',*,*,#14270,.F.);
#14286=EDGE_LOOP('',(#14282,#14283,#14284,#14285));
#14287=FACE_OUTER_BOUND('',#14286,.F.);
#14288=ADVANCED_FACE('',(#14287),#14281,.F.);
#14289=CARTESIAN_POINT('',(-2.95E0,0.E0,0.E0));
#14290=DIRECTION('',(-1.E0,0.E0,0.E0));
#14291=DIRECTION('',(0.E0,0.E0,1.E0));
#14292=AXIS2_PLACEMENT_3D('',#14289,#14290,#14291);
#14293=PLANE('',#14292);
#14294=ORIENTED_EDGE('',*,*,#8974,.F.);
#14296=ORIENTED_EDGE('',*,*,#14295,.T.);
#14298=ORIENTED_EDGE('',*,*,#14297,.T.);
#14300=ORIENTED_EDGE('',*,*,#14299,.T.);
#14302=ORIENTED_EDGE('',*,*,#14301,.T.);
#14304=ORIENTED_EDGE('',*,*,#14303,.T.);
#14306=ORIENTED_EDGE('',*,*,#14305,.T.);
#14308=ORIENTED_EDGE('',*,*,#14307,.T.);
#14310=ORIENTED_EDGE('',*,*,#14309,.T.);
#14312=ORIENTED_EDGE('',*,*,#14311,.T.);
#14314=ORIENTED_EDGE('',*,*,#14313,.T.);
#14315=ORIENTED_EDGE('',*,*,#9138,.T.);
#14316=EDGE_LOOP('',(#14294,#14296,#14298,#14300,#14302,#14304,#14306,#14308,
#14310,#14312,#14314,#14315));
#14317=FACE_OUTER_BOUND('',#14316,.F.);
#14318=ADVANCED_FACE('',(#14317),#14293,.F.);
#14319=CARTESIAN_POINT('',(-2.95E0,1.9E0,4.725E0));
#14320=DIRECTION('',(0.E0,-1.E0,0.E0));
#14321=DIRECTION('',(0.E0,0.E0,1.E0));
#14322=AXIS2_PLACEMENT_3D('',#14319,#14320,#14321);
#14323=PLANE('',#14322);
#14324=ORIENTED_EDGE('',*,*,#8906,.T.);
#14325=ORIENTED_EDGE('',*,*,#9126,.T.);
#14327=ORIENTED_EDGE('',*,*,#14326,.F.);
#14328=ORIENTED_EDGE('',*,*,#14295,.F.);
#14329=EDGE_LOOP('',(#14324,#14325,#14327,#14328));
#14330=FACE_OUTER_BOUND('',#14329,.F.);
#14331=ADVANCED_FACE('',(#14330),#14323,.T.);
#14332=CARTESIAN_POINT('',(-2.95E0,1.5E0,6.413475983199E0));
#14333=DIRECTION('',(-1.E0,0.E0,0.E0));
#14334=DIRECTION('',(0.E0,0.E0,1.E0));
#14335=AXIS2_PLACEMENT_3D('',#14332,#14333,#14334);
#14336=CYLINDRICAL_SURFACE('',#14335,4.E-1);
#14337=ORIENTED_EDGE('',*,*,#14297,.F.);
#14338=ORIENTED_EDGE('',*,*,#14326,.T.);
#14339=ORIENTED_EDGE('',*,*,#9124,.T.);
#14341=ORIENTED_EDGE('',*,*,#14340,.F.);
#14342=EDGE_LOOP('',(#14337,#14338,#14339,#14341));
#14343=FACE_OUTER_BOUND('',#14342,.F.);
#14344=ADVANCED_FACE('',(#14343),#14336,.F.);
#14345=CARTESIAN_POINT('',(-2.95E0,1.569459271067E0,6.807399084404E0));
#14346=DIRECTION('',(0.E0,-1.736481776669E-1,-9.848077530122E-1));
#14347=DIRECTION('',(0.E0,-9.848077530122E-1,1.736481776669E-1));
#14348=AXIS2_PLACEMENT_3D('',#14345,#14346,#14347);
#14349=PLANE('',#14348);
#14350=ORIENTED_EDGE('',*,*,#14299,.F.);
#14351=ORIENTED_EDGE('',*,*,#14340,.T.);
#14352=ORIENTED_EDGE('',*,*,#9122,.T.);
#14354=ORIENTED_EDGE('',*,*,#14353,.F.);
#14355=EDGE_LOOP('',(#14350,#14351,#14352,#14354));
#14356=FACE_OUTER_BOUND('',#14355,.F.);
#14357=ADVANCED_FACE('',(#14356),#14349,.T.);
#14358=CARTESIAN_POINT('',(-2.95E0,9.9E-1,7.925E0));
#14359=DIRECTION('',(-1.E0,0.E0,0.E0));
#14360=DIRECTION('',(0.E0,0.E0,1.E0));
#14361=AXIS2_PLACEMENT_3D('',#14358,#14359,#14360);
#14362=CYLINDRICAL_SURFACE('',#14361,1.E0);
#14363=ORIENTED_EDGE('',*,*,#14301,.F.);
#14364=ORIENTED_EDGE('',*,*,#14353,.T.);
#14365=ORIENTED_EDGE('',*,*,#9120,.T.);
#14367=ORIENTED_EDGE('',*,*,#14366,.F.);
#14368=EDGE_LOOP('',(#14363,#14364,#14365,#14367));
#14369=FACE_OUTER_BOUND('',#14368,.F.);
#14370=ADVANCED_FACE('',(#14369),#14362,.T.);
#14371=CARTESIAN_POINT('',(-2.95E0,-1.E-2,7.925E0));
#14372=DIRECTION('',(0.E0,-1.E0,0.E0));
#14373=DIRECTION('',(0.E0,0.E0,1.E0));
#14374=AXIS2_PLACEMENT_3D('',#14371,#14372,#14373);
#14375=PLANE('',#14374);
#14376=ORIENTED_EDGE('',*,*,#14303,.F.);
#14377=ORIENTED_EDGE('',*,*,#14366,.T.);
#14378=ORIENTED_EDGE('',*,*,#9118,.T.);
#14380=ORIENTED_EDGE('',*,*,#14379,.F.);
#14381=EDGE_LOOP('',(#14376,#14377,#14378,#14380));
#14382=FACE_OUTER_BOUND('',#14381,.F.);
#14383=ADVANCED_FACE('',(#14382),#14375,.T.);
#14384=CARTESIAN_POINT('',(-2.95E0,-1.E-2,9.925E0));
#14385=DIRECTION('',(0.E0,0.E0,1.E0));
#14386=DIRECTION('',(0.E0,1.E0,0.E0));
#14387=AXIS2_PLACEMENT_3D('',#14384,#14385,#14386);
#14388=PLANE('',#14387);
#14389=ORIENTED_EDGE('',*,*,#14305,.F.);
#14390=ORIENTED_EDGE('',*,*,#14379,.T.);
#14391=ORIENTED_EDGE('',*,*,#9116,.T.);
#14393=ORIENTED_EDGE('',*,*,#14392,.F.);
#14394=EDGE_LOOP('',(#14389,#14390,#14391,#14393));
#14395=FACE_OUTER_BOUND('',#14394,.F.);
#14396=ADVANCED_FACE('',(#14395),#14388,.T.);
#14397=CARTESIAN_POINT('',(-2.95E0,5.9E-1,9.925E0));
#14398=DIRECTION('',(0.E0,1.E0,0.E0));
#14399=DIRECTION('',(0.E0,0.E0,-1.E0));
#14400=AXIS2_PLACEMENT_3D('',#14397,#14398,#14399);
#14401=PLANE('',#14400);
#14402=ORIENTED_EDGE('',*,*,#14307,.F.);
#14403=ORIENTED_EDGE('',*,*,#14392,.T.);
#14404=ORIENTED_EDGE('',*,*,#9114,.T.);
#14406=ORIENTED_EDGE('',*,*,#14405,.F.);
#14407=EDGE_LOOP('',(#14402,#14403,#14404,#14406));
#14408=FACE_OUTER_BOUND('',#14407,.F.);
#14409=ADVANCED_FACE('',(#14408),#14401,.T.);
#14410=CARTESIAN_POINT('',(-2.95E0,9.9E-1,7.925E0));
#14411=DIRECTION('',(-1.E0,0.E0,0.E0));
#14412=DIRECTION('',(0.E0,0.E0,1.E0));
#14413=AXIS2_PLACEMENT_3D('',#14410,#14411,#14412);
#14414=CYLINDRICAL_SURFACE('',#14413,4.E-1);
#14415=ORIENTED_EDGE('',*,*,#14309,.F.);
#14416=ORIENTED_EDGE('',*,*,#14405,.T.);
#14417=ORIENTED_EDGE('',*,*,#9112,.T.);
#14419=ORIENTED_EDGE('',*,*,#14418,.F.);
#14420=EDGE_LOOP('',(#14415,#14416,#14417,#14419));
#14421=FACE_OUTER_BOUND('',#14420,.F.);
#14422=ADVANCED_FACE('',(#14421),#14414,.F.);
#14423=CARTESIAN_POINT('',(-2.95E0,9.205407289332E-1,7.531076898795E0));
#14424=DIRECTION('',(0.E0,1.736481776669E-1,9.848077530122E-1));
#14425=DIRECTION('',(0.E0,9.848077530122E-1,-1.736481776669E-1));
#14426=AXIS2_PLACEMENT_3D('',#14423,#14424,#14425);
#14427=PLANE('',#14426);
#14428=ORIENTED_EDGE('',*,*,#14311,.F.);
#14429=ORIENTED_EDGE('',*,*,#14418,.T.);
#14430=ORIENTED_EDGE('',*,*,#9110,.T.);
#14432=ORIENTED_EDGE('',*,*,#14431,.F.);
#14433=EDGE_LOOP('',(#14428,#14429,#14430,#14432));
#14434=FACE_OUTER_BOUND('',#14433,.F.);
#14435=ADVANCED_FACE('',(#14434),#14427,.T.);
#14436=CARTESIAN_POINT('',(-2.95E0,1.5E0,6.413475983199E0));
#14437=DIRECTION('',(-1.E0,0.E0,0.E0));
#14438=DIRECTION('',(0.E0,0.E0,1.E0));
#14439=AXIS2_PLACEMENT_3D('',#14436,#14437,#14438);
#14440=CYLINDRICAL_SURFACE('',#14439,1.E0);
#14441=ORIENTED_EDGE('',*,*,#14313,.F.);
#14442=ORIENTED_EDGE('',*,*,#14431,.T.);
#14443=ORIENTED_EDGE('',*,*,#9108,.T.);
#14444=ORIENTED_EDGE('',*,*,#9140,.F.);
#14445=EDGE_LOOP('',(#14441,#14442,#14443,#14444));
#14446=FACE_OUTER_BOUND('',#14445,.F.);
#14447=ADVANCED_FACE('',(#14446),#14440,.T.);
#14448=CARTESIAN_POINT('',(5.1E0,0.E0,4.725E0));
#14449=DIRECTION('',(1.E0,0.E0,0.E0));
#14450=DIRECTION('',(0.E0,0.E0,-1.E0));
#14451=AXIS2_PLACEMENT_3D('',#14448,#14449,#14450);
#14452=PLANE('',#14451);
#14453=ORIENTED_EDGE('',*,*,#8897,.F.);
#14454=ORIENTED_EDGE('',*,*,#8872,.T.);
#14455=ORIENTED_EDGE('',*,*,#8714,.F.);
#14456=ORIENTED_EDGE('',*,*,#8410,.F.);
#14457=EDGE_LOOP('',(#14453,#14454,#14455,#14456));
#14458=FACE_OUTER_BOUND('',#14457,.F.);
#14459=ADVANCED_FACE('',(#14458),#14452,.T.);
#14460=FILL_AREA_STYLE_COLOUR('',#3);
#14461=FILL_AREA_STYLE('',(#14460));
#14462=SURFACE_STYLE_FILL_AREA(#14461);
#14463=SURFACE_SIDE_STYLE('',(#14462));
#14464=SURFACE_STYLE_USAGE(.POSITIVE.,#14463);
#14465=FILL_AREA_STYLE_COLOUR('',#13);
#14466=FILL_AREA_STYLE('',(#14465));
#14467=SURFACE_STYLE_FILL_AREA(#14466);
#14468=SURFACE_SIDE_STYLE('',(#14467));
#14469=SURFACE_STYLE_USAGE(.NEGATIVE.,#14468);
#14470=PRESENTATION_STYLE_ASSIGNMENT((#14464,#14469));
#14471=OVER_RIDING_STYLED_ITEM('',(#14470),#14459,#14);
#14472=CARTESIAN_POINT('',(-3.880384757729E0,-1.E-2,-6.025E0));
#14473=DIRECTION('',(-2.588190451025E-1,0.E0,-9.659258262891E-1));
#14474=DIRECTION('',(-9.659258262891E-1,0.E0,2.588190451025E-1));
#14475=AXIS2_PLACEMENT_3D('',#14472,#14473,#14474);
#14476=PLANE('',#14475);
#14477=ORIENTED_EDGE('',*,*,#8757,.F.);
#14478=ORIENTED_EDGE('',*,*,#8787,.T.);
#14479=ORIENTED_EDGE('',*,*,#8815,.T.);
#14480=ORIENTED_EDGE('',*,*,#8742,.F.);
#14481=EDGE_LOOP('',(#14477,#14478,#14479,#14480));
#14482=FACE_OUTER_BOUND('',#14481,.F.);
#14483=ADVANCED_FACE('',(#14482),#14476,.T.);
#14484=CLOSED_SHELL('',(#8436,#8463,#8479,#8493,#8506,#8520,#8534,#8548,#8562,
#8576,#8590,#8604,#8618,#8632,#8646,#8661,#8679,#8694,#8720,#8749,#8776,#8791,
#8804,#8824,#8845,#8876,#8926,#8953,#8980,#9007,#9034,#9061,#9087,#9130,#9145,
#9173,#9200,#9230,#9244,#9273,#9286,#9299,#9312,#9325,#9338,#9351,#9364,#9377,
#9389,#9404,#9434,#9448,#9477,#9490,#9503,#9516,#9529,#9542,#9555,#9568,#9581,
#9593,#9608,#9638,#9652,#9681,#9694,#9707,#9720,#9733,#9746,#9759,#9772,#9785,
#9797,#9813,#9837,#10277,#10337,#10397,#10424,#10438,#10452,#10466,#10480,
#10494,#10508,#10521,#10537,#10635,#10699,#10829,#10951,#10967,#11055,#11069,
#11082,#11095,#11108,#11121,#11134,#11147,#11160,#11173,#11186,#11199,#11212,
#11225,#11238,#11251,#11264,#11277,#11290,#11303,#11316,#11329,#11342,#11355,
#11367,#11381,#11394,#11407,#11420,#11433,#11446,#11459,#11472,#11485,#11498,
#11511,#11524,#11537,#11550,#11563,#11576,#11589,#11602,#11615,#11627,#11641,
#11654,#11667,#11680,#11693,#11706,#11719,#11732,#11745,#11758,#11771,#11784,
#11797,#11810,#11823,#11836,#11849,#11862,#11875,#11888,#11901,#11914,#11927,
#11940,#11953,#11966,#11979,#11991,#12005,#12018,#12031,#12044,#12057,#12070,
#12083,#12096,#12109,#12122,#12135,#12148,#12161,#12174,#12187,#12200,#12213,
#12226,#12239,#12252,#12265,#12278,#12291,#12304,#12317,#12330,#12343,#12356,
#12369,#12382,#12395,#12408,#12421,#12434,#12447,#12460,#12473,#12486,#12499,
#12511,#12525,#12538,#12551,#12564,#12577,#12590,#12603,#12616,#12629,#12642,
#12655,#12668,#12681,#12694,#12707,#12720,#12733,#12746,#12759,#12771,#12785,
#12798,#12811,#12824,#12837,#12850,#12863,#12876,#12889,#12902,#12915,#12928,
#12941,#12954,#12967,#12980,#12993,#13006,#13019,#13032,#13045,#13058,#13071,
#13084,#13097,#13110,#13123,#13136,#13149,#13162,#13175,#13188,#13201,#13214,
#13227,#13240,#13253,#13266,#13279,#13292,#13305,#13318,#13331,#13344,#13357,
#13370,#13383,#13396,#13409,#13422,#13435,#13448,#13461,#13474,#13487,#13500,
#13512,#13526,#13539,#13552,#13564,#13578,#13591,#13604,#13617,#13630,#13643,
#13656,#13669,#13682,#13695,#13708,#13721,#13734,#13747,#13760,#13773,#13786,
#13799,#13812,#13825,#13838,#13851,#13864,#13877,#13890,#13903,#13916,#13929,
#13942,#13955,#13968,#13981,#13994,#14007,#14020,#14033,#14046,#14059,#14072,
#14084,#14099,#14129,#14143,#14172,#14185,#14198,#14211,#14224,#14237,#14250,
#14263,#14276,#14288,#14318,#14331,#14344,#14357,#14370,#14383,#14396,#14409,
#14422,#14435,#14447,#14459,#14483));
#14485=MANIFOLD_SOLID_BREP('',#14484);
#14486=FILL_AREA_STYLE_COLOUR('',#13);
#14487=FILL_AREA_STYLE('',(#14486));
#14488=SURFACE_STYLE_FILL_AREA(#14487);
#14489=SURFACE_SIDE_STYLE('',(#14488));
#14490=SURFACE_STYLE_USAGE(.BOTH.,#14489);
#14491=PRESENTATION_STYLE_ASSIGNMENT((#14490));
#14=STYLED_ITEM('',(#14491),#14485);
#14492=CARTESIAN_POINT('',(0.E0,0.E0,0.E0));
#14493=DIRECTION('',(0.E0,0.E0,1.E0));
#14494=DIRECTION('',(1.E0,0.E0,0.E0));
#14495=AXIS2_PLACEMENT_3D('PRT_CSYS_DEF',#14492,#14493,#14494);
#14496=CURVE_STYLE('',#19,POSITIVE_LENGTH_MEASURE(2.E-2),#11);
#14497=PRESENTATION_STYLE_ASSIGNMENT((#14496));
#14498=STYLED_ITEM('',(#14497),#14495);
#14499=PRESENTATION_LAYER_ASSIGNMENT('05___PRT_ALL_DTM_CSYS','',(#14495));
#14500=PRESENTATION_LAYER_ASSIGNMENT('05___PRT_DEF_DTM_CSYS','',(#14495));
#14501=(LENGTH_UNIT()NAMED_UNIT(*)SI_UNIT(.MILLI.,.METRE.));
#14502=DIMENSIONAL_EXPONENTS(0.E0,0.E0,0.E0,0.E0,0.E0,0.E0,0.E0);
#14503=(NAMED_UNIT(*)PLANE_ANGLE_UNIT()SI_UNIT($,.RADIAN.));
#14504=PLANE_ANGLE_MEASURE_WITH_UNIT(PLANE_ANGLE_MEASURE(1.745329251994E-2),
#14503);
#14505=(CONVERSION_BASED_UNIT('DEGREE',#14504)NAMED_UNIT(#14502)PLANE_ANGLE_UNIT());
#14506=(NAMED_UNIT(*)SI_UNIT($,.STERADIAN.)SOLID_ANGLE_UNIT());
#14507=UNCERTAINTY_MEASURE_WITH_UNIT(LENGTH_MEASURE(1.619885904240E-4),#14501,
'distance_accuracy_value',
'Maximum model space distance between geometric entities at asserted connectivities');
#14508=(GEOMETRIC_REPRESENTATION_CONTEXT(3)GLOBAL_UNCERTAINTY_ASSIGNED_CONTEXT((
#14507))GLOBAL_UNIT_ASSIGNED_CONTEXT((#14501,#14505,#14506))REPRESENTATION_CONTEXT('ID1','3'));
#14510=MECHANICAL_DESIGN_GEOMETRIC_PRESENTATION_REPRESENTATION('',(#22,#29,#36,
#43,#50,#57,#64,#71,#78,#85,#92,#99,#106,#113,#120,#127,#134,#141,#148,#155,
#162,#169,#176,#183,#190,#197,#204,#211,#218,#225,#232,#239,#246,#253,#260,#267,
#274,#281,#288,#295,#302,#309,#316,#323,#330,#337,#344,#351,#358,#365,#372,#379,
#386,#393,#400,#407,#414,#421,#428,#435,#442,#449,#456,#463,#470,#477,#484,#491,
#498,#505,#512,#519,#526,#533,#540,#547,#554,#561,#568,#575,#582,#589,#596,#603,
#610,#617,#624,#631,#638,#645,#652,#659,#666,#673,#680,#687,#694,#701,#708,#715,
#722,#729,#736,#743,#751,#758,#766,#773,#780,#787,#795,#802,#810,#817,#824,#831,
#838,#845,#852,#859,#866,#873,#880,#888,#895,#903,#910,#917,#924,#932,#939,#947,
#954,#961,#969,#976,#984,#991,#998,#1005,#1013,#1020,#1028,#1035,#1042,#1049,
#1056,#1063,#1070,#1077,#1084,#1091,#1098,#1105,#1112,#1120,#1127,#1135,#1142,
#1149,#1156,#1164,#1171,#1179,#1186,#1193,#1201,#1208,#1216,#1223,#1230,#1237,
#1245,#1252,#1260,#1267,#1274,#1281,#1288,#1295,#1302,#1309,#1316,#1323,#1330,
#1337,#1344,#1352,#1359,#1367,#1374,#1381,#1388,#1396,#1403,#1411,#1418,#1425,
#1433,#1440,#1448,#1455,#1462,#1469,#1477,#1484,#1492,#1499,#1506,#1513,#1520,
#1527,#1534,#1541,#1548,#1555,#1562,#1569,#1576,#1583,#1590,#1597,#1604,#1611,
#1618,#1625,#1632,#1639,#1646,#1653,#1660,#1667,#1674,#1681,#1688,#1695,#1702,
#1709,#1716,#1723,#1730,#1737,#1744,#1751,#1758,#1765,#1772,#1779,#1786,#1793,
#1800,#1807,#1814,#1821,#1828,#1835,#1842,#1849,#1856,#1863,#1870,#1877,#1884,
#1891,#1898,#1905,#1912,#1919,#1926,#1933,#1940,#1947,#1954,#1961,#1968,#1975,
#1982,#1989,#1996,#2003,#2010,#2017,#2024,#2031,#2038,#2045,#2052,#2059,#2066,
#2073,#2080,#2087,#2094,#2101,#2108,#2115,#2122,#2129,#2136,#2143,#2150,#2157,
#2164,#2171,#2178,#2185,#2192,#2199,#2206,#2213,#2220,#2227,#2234,#2241,#2248,
#2255,#2262,#2269,#2276,#2283,#2290,#2297,#2304,#2311,#2318,#2325,#2332,#2339,
#2346,#2353,#2360,#2367,#2374,#2381,#2388,#2395,#2402,#2409,#2416,#2423,#2430,
#2437,#2444,#2451,#2458,#2465,#2472,#2479,#2486,#2493,#2500,#2507,#2514,#2521,
#2528,#2535,#2542,#2549,#2556,#2563,#2570,#2577,#2584,#2591,#2598,#2605,#2612,
#2619,#2626,#2633,#2640,#2647,#2654,#2661,#2668,#2675,#2682,#2689,#2696,#2703,
#2710,#2717,#2724,#2731,#2738,#2745,#2752,#2759,#2766,#2773,#2780,#2787,#2794,
#2801,#2808,#2815,#2822,#2829,#2836,#2843,#2850,#2857,#2864,#2871,#2878,#2885,
#2892,#2899,#2906,#2913,#2920,#2927,#2934,#2941,#2948,#2955,#2962,#2969,#2976,
#2983,#2990,#2997,#3004,#3011,#3018,#3025,#3032,#3039,#3046,#3053,#3060,#3067,
#3074,#3081,#3088,#3095,#3102,#3109,#3116,#3123,#3130,#3137,#3144,#3151,#3158,
#3165,#3172,#3179,#3186,#3193,#3200,#3207,#3214,#3221,#3228,#3235,#3242,#3249,
#3256,#3263,#3270,#3277,#3284,#3291,#3298,#3305,#3312,#3319,#3326,#3333,#3340,
#3347,#3354,#3361,#3368,#3375,#3382,#3389,#3396,#3403,#3410,#3417,#3424,#3431,
#3438,#3445,#3452,#3459,#3466,#3473,#3480,#3487,#3494,#3501,#3508,#3515,#3522,
#3529,#3536,#3543,#3550,#3557,#3564,#3571,#3578,#3585,#3592,#3599,#3606,#3613,
#3620,#3627,#3634,#3641,#3648,#3655,#3662,#3669,#3676,#3683,#3690,#3697,#3704,
#3711,#3718,#3725,#3732,#3739,#3746,#3753,#3760,#3767,#3774,#3781,#3788,#3795,
#3802,#3809,#3816,#3823,#3830,#3837,#3844,#3851,#3858,#3865,#3872,#3879,#3886,
#3893,#3900,#3907,#3914,#3921,#3928,#3935,#3942,#3949,#3956,#3963,#3970,#3977,
#3984,#3991,#3998,#4005,#4012,#4019,#4026,#4033,#4040,#4047,#4054,#4061,#4068,
#4075,#4082,#4089,#4096,#4103,#4110,#4117,#4124,#4131,#4138,#4145,#4152,#4159,
#4166,#4173,#4180,#4187,#4194,#4201,#4208,#4215,#4222,#4229,#4236,#4243,#4250,
#4257,#4264,#4271,#4278,#4285,#4292,#4299,#4306,#4313,#4320,#4327,#4334,#4341,
#4348,#4355,#4362,#4369,#4376,#4383,#4390,#4397,#4404,#4411,#4418,#4425,#4432,
#4439,#4446,#4453,#4460,#4467,#4474,#4481,#4488,#4495,#4502,#4509,#4516,#4523,
#4530,#4537,#4544,#4551,#4558,#4565,#4572,#4579,#4586,#4593,#4600,#4607,#4614,
#4621,#4628,#4635,#4642,#4649,#4656,#4663,#4670,#4677,#4684,#4691,#4698,#4705,
#4712,#4719,#4726,#4733,#4740,#4747,#4754,#4761,#4768,#4775,#4782,#4789,#4796,
#4803,#4810,#4817,#4824,#4831,#4838,#4845,#4852,#4859,#4866,#4873,#4880,#4887,
#4894,#4901,#4908,#4915,#4922,#4929,#4936,#4943,#4950,#4957,#4964,#4971,#4978,
#4985,#4992,#4999,#5006,#5013,#5020,#5027,#5034,#5041,#5048,#5055,#5062,#5069,
#5076,#5083,#5090,#5097,#5104,#5111,#5118,#5125,#5132,#5139,#5146,#5153,#5160,
#5167,#5174,#5181,#5188,#5195,#5202,#5209,#5216,#5223,#5230,#5237,#5244,#5251,
#5258,#5265,#5272,#5279,#5286,#5293,#5300,#5307,#5314,#5321,#5328,#5335,#5342,
#5349,#5356,#5363,#5370,#5377,#5384,#5391,#5398,#5405,#5412,#5419,#5426,#5433,
#5440,#5447,#5454,#5461,#5468,#5475,#5482,#5489,#5496,#5503,#5510,#5517,#5524,
#5531,#5538,#5545,#5552,#5559,#5566,#5573,#5580,#5587,#5594,#5601,#5608,#5615,
#5622,#5629,#5636,#5643,#5650,#5657,#5664,#5671,#5678,#5685,#5692,#5699,#5706,
#5713,#5720,#5727,#5734,#5741,#5748,#5755,#5762,#5769,#5776,#5783,#5790,#5797,
#5804,#5811,#5818,#5825,#5832,#5839,#5846,#5853,#5860,#5867,#5874,#5881,#5888,
#5895,#5902,#5909,#5916,#5923,#5930,#5937,#5944,#5951,#5958,#5965,#5972,#5979,
#5986,#5993,#6000,#6007,#6014,#6021,#6028,#6035,#6042,#6049,#6056,#6063,#6070,
#6077,#6084,#6091,#6098,#6105,#6112,#6119,#6126,#6133,#6140,#6147,#6154,#6161,
#6168,#6175,#6182,#6189,#6196,#6203,#6210,#6217,#6224,#6231,#6238,#6245,#6252,
#6259,#6266,#6273,#6280,#6287,#6294,#6301,#6308,#6315,#6322,#6329,#6336,#6343,
#6350,#6357,#6364,#6371,#6378,#6385,#6392,#6399,#6406,#6413,#6420,#6427,#6434,
#6441,#6448,#6455,#6462,#6469,#6476,#6483,#6490,#6497,#6504,#6511,#6518,#6525,
#6532,#6539,#6546,#6553,#6560,#6567,#6574,#6581,#6588,#6595,#6602,#6609,#6616,
#6623,#6630,#6637,#6644,#6651,#6658,#6665,#6672,#6679,#6686,#6693,#6701,#6708,
#6716,#6723,#6730,#6737,#6745,#6752,#6760,#6767,#6774,#6782,#6789,#6797,#6804,
#6811,#6818,#6826,#6833,#6841,#6848,#6855,#6862,#6869,#6876,#6883,#6890,#6897,
#6904,#6911,#6918,#6926,#6933,#6941,#6948,#6955,#6962,#6970,#6977,#6985,#6992,
#6999,#7006,#7013,#7020,#7027,#7034,#7041,#7048,#7055,#7062,#7069,#7076,#8448,
#8706,#8732,#8857,#8888,#8938,#8965,#8992,#9019,#9046,#9073,#9099,#9185,#9825,
#9849,#10289,#10349,#10409,#14471,#14,#14498),#14508);
#14511=APPLICATION_CONTEXT('automotive_design');
#14512=APPLICATION_PROTOCOL_DEFINITION('international standard',
'automotive_design',2001,#14511);
#14513=PRODUCT_DEFINITION_CONTEXT('part definition',#14511,'design');
#14514=PRODUCT_CONTEXT('',#14511,'mechanical');
#14515=PRODUCT('TO263-5_P1-7_L10-2_W9-45','TO263-5_P1-7_L10-2_W9-45',
'NOT SPECIFIED',(#14514));
#14516=PRODUCT_DEFINITION_FORMATION('1','LAST_VERSION',#14515);
#14523=(LENGTH_UNIT()NAMED_UNIT(*)SI_UNIT(.MILLI.,.METRE.));
#14524=DERIVED_UNIT_ELEMENT(#14523,2.E0);
#14525=DERIVED_UNIT((#14524));
#14526=MEASURE_REPRESENTATION_ITEM('surface area measure',AREA_MEASURE(
4.794510058230E2),#14525);
#14530=(LENGTH_UNIT()NAMED_UNIT(*)SI_UNIT(.MILLI.,.METRE.));
#14531=DERIVED_UNIT_ELEMENT(#14530,3.E0);
#14532=DERIVED_UNIT((#14531));
#14533=MEASURE_REPRESENTATION_ITEM('volume measure',VOLUME_MEASURE(
4.471500853415E2),#14532);
#14537=CARTESIAN_POINT('centre point',(-7.006689960399E-6,2.075293745284E0,
5.839967176318E-2));
#14542=PRODUCT_RELATED_PRODUCT_CATEGORY('part','',(#14515));
#748=CIRCLE('',#747,1.E0);
#763=CIRCLE('',#762,4.E-1);
#792=CIRCLE('',#791,1.E0);
#807=CIRCLE('',#806,4.E-1);
#885=CIRCLE('',#884,4.E-1);
#900=CIRCLE('',#899,1.E0);
#929=CIRCLE('',#928,4.E-1);
#944=CIRCLE('',#943,1.E0);
#966=CIRCLE('',#965,1.E0);
#981=CIRCLE('',#980,4.E-1);
#1010=CIRCLE('',#1009,1.E0);
#1025=CIRCLE('',#1024,4.E-1);
#1117=CIRCLE('',#1116,4.E-1);
#1132=CIRCLE('',#1131,1.E0);
#1161=CIRCLE('',#1160,4.E-1);
#1176=CIRCLE('',#1175,1.E0);
#1198=CIRCLE('',#1197,1.E0);
#1213=CIRCLE('',#1212,4.E-1);
#1242=CIRCLE('',#1241,1.E0);
#1257=CIRCLE('',#1256,4.E-1);
#1349=CIRCLE('',#1348,4.E-1);
#1364=CIRCLE('',#1363,1.E0);
#1393=CIRCLE('',#1392,4.E-1);
#1408=CIRCLE('',#1407,1.E0);
#1430=CIRCLE('',#1429,1.E0);
#1445=CIRCLE('',#1444,4.E-1);
#1474=CIRCLE('',#1473,1.E0);
#1489=CIRCLE('',#1488,4.E-1);
#6698=CIRCLE('',#6697,4.E-1);
#6713=CIRCLE('',#6712,1.E0);
#6742=CIRCLE('',#6741,4.E-1);
#6757=CIRCLE('',#6756,1.E0);
#6779=CIRCLE('',#6778,1.E0);
#6794=CIRCLE('',#6793,4.E-1);
#6823=CIRCLE('',#6822,1.E0);
#6838=CIRCLE('',#6837,4.E-1);
#6923=CIRCLE('',#6922,4.E-1);
#6938=CIRCLE('',#6937,1.E0);
#6967=CIRCLE('',#6966,4.E-1);
#6982=CIRCLE('',#6981,1.E0);
#8402=EDGE_CURVE('',#8047,#8048,#18,.T.);
#8404=EDGE_CURVE('',#8047,#7087,#26,.T.);
#8406=EDGE_CURVE('',#7087,#7099,#33,.T.);
#8408=EDGE_CURVE('',#7108,#7099,#40,.T.);
#8410=EDGE_CURVE('',#7108,#7091,#47,.T.);
#8412=EDGE_CURVE('',#7091,#8056,#54,.T.);
#8414=EDGE_CURVE('',#8053,#8056,#61,.T.);
#8416=EDGE_CURVE('',#8053,#8054,#68,.T.);
#8418=EDGE_CURVE('',#8236,#8054,#75,.T.);
#8420=EDGE_CURVE('',#8234,#8236,#82,.T.);
#8422=EDGE_CURVE('',#8232,#8234,#89,.T.);
#8424=EDGE_CURVE('',#8230,#8232,#96,.T.);
#8426=EDGE_CURVE('',#8228,#8230,#103,.T.);
#8428=EDGE_CURVE('',#8226,#8228,#110,.T.);
#8430=EDGE_CURVE('',#8050,#8226,#117,.T.);
#8432=EDGE_CURVE('',#8048,#8050,#124,.T.);
#8455=EDGE_CURVE('',#8018,#8048,#145,.T.);
#8457=EDGE_CURVE('',#8016,#8018,#306,.T.);
#8459=EDGE_CURVE('',#8016,#8047,#131,.T.);
#8469=EDGE_CURVE('',#8058,#8066,#481,.T.);
#8471=EDGE_CURVE('',#8058,#8036,#138,.T.);
#8473=EDGE_CURVE('',#8036,#8038,#418,.T.);
#8475=EDGE_CURVE('',#8066,#8038,#152,.T.);
#8486=EDGE_CURVE('',#8020,#8050,#159,.T.);
#8488=EDGE_CURVE('',#8018,#8020,#313,.T.);
#8499=EDGE_CURVE('',#8066,#8063,#488,.T.);
#8502=EDGE_CURVE('',#8038,#8063,#411,.T.);
#8513=EDGE_CURVE('',#8214,#8226,#166,.T.);
#8515=EDGE_CURVE('',#8020,#8214,#320,.T.);
#8527=EDGE_CURVE('',#8216,#8228,#173,.T.);
#8529=EDGE_CURVE('',#8214,#8216,#327,.T.);
#8541=EDGE_CURVE('',#8218,#8230,#180,.T.);
#8543=EDGE_CURVE('',#8216,#8218,#334,.T.);
#8555=EDGE_CURVE('',#8220,#8232,#187,.T.);
#8557=EDGE_CURVE('',#8218,#8220,#341,.T.);
#8569=EDGE_CURVE('',#8222,#8234,#194,.T.);
#8571=EDGE_CURVE('',#8220,#8222,#348,.T.);
#8583=EDGE_CURVE('',#8224,#8236,#201,.T.);
#8585=EDGE_CURVE('',#8222,#8224,#355,.T.);
#8597=EDGE_CURVE('',#8023,#8054,#208,.T.);
#8599=EDGE_CURVE('',#8224,#8023,#362,.T.);
#8611=EDGE_CURVE('',#8024,#8053,#215,.T.);
#8613=EDGE_CURVE('',#8023,#8024,#369,.T.);
#8624=EDGE_CURVE('',#8068,#8064,#502,.T.);
#8626=EDGE_CURVE('',#8064,#8041,#467,.T.);
#8628=EDGE_CURVE('',#8068,#8041,#222,.T.);
#8639=EDGE_CURVE('',#8026,#8056,#236,.T.);
#8641=EDGE_CURVE('',#8024,#8026,#376,.T.);
#8652=EDGE_CURVE('',#8068,#8060,#509,.T.);
#8655=EDGE_CURVE('',#8041,#8042,#460,.T.);
#8657=EDGE_CURVE('',#8060,#8042,#229,.T.);
#8667=EDGE_CURVE('',#8056,#8060,#257,.T.);
#8670=EDGE_CURVE('',#8042,#8044,#453,.T.);
#8672=EDGE_CURVE('',#8028,#8044,#404,.T.);
#8674=EDGE_CURVE('',#8026,#8028,#383,.T.);
#8685=EDGE_CURVE('',#8047,#8058,#243,.T.);
#8687=EDGE_CURVE('',#8058,#7088,#250,.T.);
#8689=EDGE_CURVE('',#7087,#7088,#1580,.T.);
#8714=EDGE_CURVE('',#7091,#7092,#264,.T.);
#8716=EDGE_CURVE('',#7092,#8060,#271,.T.);
#8740=EDGE_CURVE('',#8014,#8016,#299,.T.);
#8742=EDGE_CURVE('',#8014,#8034,#278,.T.);
#8744=EDGE_CURVE('',#8034,#8036,#425,.T.);
#8755=EDGE_CURVE('',#8011,#8012,#285,.T.);
#8757=EDGE_CURVE('',#8012,#8014,#292,.T.);
#8772=EDGE_CURVE('',#8028,#8011,#390,.T.);
#8783=EDGE_CURVE('',#8011,#8031,#397,.T.);
#8785=EDGE_CURVE('',#8031,#8032,#439,.T.);
#8787=EDGE_CURVE('',#8012,#8032,#7073,.T.);
#8799=EDGE_CURVE('',#8044,#8031,#446,.T.);
#8810=EDGE_CURVE('',#8063,#8064,#495,.T.);
#8815=EDGE_CURVE('',#8032,#8034,#432,.T.);
#8831=EDGE_CURVE('',#7092,#7080,#530,.T.);
#8833=EDGE_CURVE('',#7080,#7082,#1615,.T.);
#8835=EDGE_CURVE('',#7088,#7082,#474,.T.);
#8863=EDGE_CURVE('',#7105,#7106,#516,.T.);
#8865=EDGE_CURVE('',#7105,#7096,#733,.T.);
#8867=EDGE_CURVE('',#7096,#7079,#523,.T.);
#8869=EDGE_CURVE('',#7079,#7080,#1594,.T.);
#8872=EDGE_CURVE('',#7106,#7092,#7066,.T.);
#8894=EDGE_CURVE('',#7105,#8210,#712,.T.);
#8897=EDGE_CURVE('',#7106,#7108,#7059,.T.);
#8900=EDGE_CURVE('',#7099,#7100,#1573,.T.);
#8902=EDGE_CURVE('',#7100,#7102,#1566,.T.);
#8904=EDGE_CURVE('',#7155,#7102,#579,.T.);
#8906=EDGE_CURVE('',#7151,#7155,#537,.T.);
#8908=EDGE_CURVE('',#7203,#7151,#607,.T.);
#8910=EDGE_CURVE('',#7199,#7203,#544,.T.);
#8912=EDGE_CURVE('',#8115,#7199,#635,.T.);
#8914=EDGE_CURVE('',#8111,#8115,#551,.T.);
#8916=EDGE_CURVE('',#8163,#8111,#663,.T.);
#8918=EDGE_CURVE('',#8159,#8163,#558,.T.);
#8920=EDGE_CURVE('',#8207,#8159,#691,.T.);
#8922=EDGE_CURVE('',#8210,#8207,#565,.T.);
#8944=EDGE_CURVE('',#7155,#7156,#572,.T.);
#8947=EDGE_CURVE('',#7094,#7102,#586,.T.);
#8949=EDGE_CURVE('',#7094,#7156,#593,.T.);
#8971=EDGE_CURVE('',#7203,#7204,#600,.T.);
#8974=EDGE_CURVE('',#7151,#7152,#614,.T.);
#8976=EDGE_CURVE('',#7152,#7204,#621,.T.);
#8998=EDGE_CURVE('',#8115,#8116,#628,.T.);
#9001=EDGE_CURVE('',#7199,#7200,#642,.T.);
#9003=EDGE_CURVE('',#7200,#8116,#649,.T.);
#9025=EDGE_CURVE('',#8163,#8164,#656,.T.);
#9028=EDGE_CURVE('',#8111,#8112,#670,.T.);
#9030=EDGE_CURVE('',#8112,#8164,#677,.T.);
#9052=EDGE_CURVE('',#8207,#8208,#684,.T.);
#9055=EDGE_CURVE('',#8159,#8160,#698,.T.);
#9057=EDGE_CURVE('',#8160,#8208,#705,.T.);
#9080=EDGE_CURVE('',#8210,#8212,#719,.T.);
#9082=EDGE_CURVE('',#8212,#7096,#726,.T.);
#9106=EDGE_CURVE('',#7148,#7156,#740,.T.);
#9108=EDGE_CURVE('',#7146,#7148,#748,.T.);
#9110=EDGE_CURVE('',#7144,#7146,#755,.T.);
#9112=EDGE_CURVE('',#7142,#7144,#763,.T.);
#9114=EDGE_CURVE('',#7140,#7142,#770,.T.);
#9116=EDGE_CURVE('',#7138,#7140,#777,.T.);
#9118=EDGE_CURVE('',#7136,#7138,#784,.T.);
#9120=EDGE_CURVE('',#7134,#7136,#792,.T.);
#9122=EDGE_CURVE('',#7132,#7134,#799,.T.);
#9124=EDGE_CURVE('',#7131,#7132,#807,.T.);
#9126=EDGE_CURVE('',#7155,#7131,#814,.T.);
#9136=EDGE_CURVE('',#7152,#7156,#849,.T.);
#9138=EDGE_CURVE('',#7128,#7152,#6989,.T.);
#9140=EDGE_CURVE('',#7128,#7148,#821,.T.);
#9152=EDGE_CURVE('',#8160,#8164,#828,.T.);
#9155=EDGE_CURVE('',#8112,#8116,#835,.T.);
#9158=EDGE_CURVE('',#7200,#7204,#842,.T.);
#9163=EDGE_CURVE('',#7094,#7084,#856,.T.);
#9165=EDGE_CURVE('',#7084,#7079,#1601,.T.);
#9169=EDGE_CURVE('',#8212,#8208,#863,.T.);
#9192=EDGE_CURVE('',#8136,#8160,#951,.T.);
#9194=EDGE_CURVE('',#8136,#8156,#870,.T.);
#9196=EDGE_CURVE('',#8156,#8164,#958,.T.);
#9207=EDGE_CURVE('',#8159,#8119,#877,.T.);
#9209=EDGE_CURVE('',#8119,#8120,#885,.T.);
#9211=EDGE_CURVE('',#8120,#8122,#892,.T.);
#9213=EDGE_CURVE('',#8122,#8124,#900,.T.);
#9215=EDGE_CURVE('',#8124,#8126,#907,.T.);
#9217=EDGE_CURVE('',#8126,#8128,#914,.T.);
#9219=EDGE_CURVE('',#8128,#8130,#921,.T.);
#9221=EDGE_CURVE('',#8130,#8132,#929,.T.);
#9223=EDGE_CURVE('',#8132,#8134,#936,.T.);
#9225=EDGE_CURVE('',#8134,#8136,#944,.T.);
#9237=EDGE_CURVE('',#8163,#8139,#1032,.T.);
#9239=EDGE_CURVE('',#8119,#8139,#1095,.T.);
#9252=EDGE_CURVE('',#8154,#8156,#966,.T.);
#9254=EDGE_CURVE('',#8152,#8154,#973,.T.);
#9256=EDGE_CURVE('',#8150,#8152,#981,.T.);
#9258=EDGE_CURVE('',#8148,#8150,#988,.T.);
#9260=EDGE_CURVE('',#8146,#8148,#995,.T.);
#9262=EDGE_CURVE('',#8144,#8146,#1002,.T.);
#9264=EDGE_CURVE('',#8142,#8144,#1010,.T.);
#9266=EDGE_CURVE('',#8140,#8142,#1017,.T.);
#9268=EDGE_CURVE('',#8139,#8140,#1025,.T.);
#9280=EDGE_CURVE('',#8134,#8154,#1039,.T.);
#9293=EDGE_CURVE('',#8132,#8152,#1046,.T.);
#9306=EDGE_CURVE('',#8130,#8150,#1053,.T.);
#9319=EDGE_CURVE('',#8128,#8148,#1060,.T.);
#9332=EDGE_CURVE('',#8126,#8146,#1067,.T.);
#9345=EDGE_CURVE('',#8124,#8144,#1074,.T.);
#9358=EDGE_CURVE('',#8122,#8142,#1081,.T.);
#9371=EDGE_CURVE('',#8120,#8140,#1088,.T.);
#9396=EDGE_CURVE('',#8088,#8112,#1183,.T.);
#9398=EDGE_CURVE('',#8088,#8108,#1102,.T.);
#9400=EDGE_CURVE('',#8108,#8116,#1190,.T.);
#9411=EDGE_CURVE('',#8111,#8071,#1109,.T.);
#9413=EDGE_CURVE('',#8071,#8072,#1117,.T.);
#9415=EDGE_CURVE('',#8072,#8074,#1124,.T.);
#9417=EDGE_CURVE('',#8074,#8076,#1132,.T.);
#9419=EDGE_CURVE('',#8076,#8078,#1139,.T.);
#9421=EDGE_CURVE('',#8078,#8080,#1146,.T.);
#9423=EDGE_CURVE('',#8080,#8082,#1153,.T.);
#9425=EDGE_CURVE('',#8082,#8084,#1161,.T.);
#9427=EDGE_CURVE('',#8084,#8086,#1168,.T.);
#9429=EDGE_CURVE('',#8086,#8088,#1176,.T.);
#9441=EDGE_CURVE('',#8115,#8091,#1264,.T.);
#9443=EDGE_CURVE('',#8071,#8091,#1327,.T.);
#9456=EDGE_CURVE('',#8106,#8108,#1198,.T.);
#9458=EDGE_CURVE('',#8104,#8106,#1205,.T.);
#9460=EDGE_CURVE('',#8102,#8104,#1213,.T.);
#9462=EDGE_CURVE('',#8100,#8102,#1220,.T.);
#9464=EDGE_CURVE('',#8098,#8100,#1227,.T.);
#9466=EDGE_CURVE('',#8096,#8098,#1234,.T.);
#9468=EDGE_CURVE('',#8094,#8096,#1242,.T.);
#9470=EDGE_CURVE('',#8092,#8094,#1249,.T.);
#9472=EDGE_CURVE('',#8091,#8092,#1257,.T.);
#9484=EDGE_CURVE('',#8086,#8106,#1271,.T.);
#9497=EDGE_CURVE('',#8084,#8104,#1278,.T.);
#9510=EDGE_CURVE('',#8082,#8102,#1285,.T.);
#9523=EDGE_CURVE('',#8080,#8100,#1292,.T.);
#9536=EDGE_CURVE('',#8078,#8098,#1299,.T.);
#9549=EDGE_CURVE('',#8076,#8096,#1306,.T.);
#9562=EDGE_CURVE('',#8074,#8094,#1313,.T.);
#9575=EDGE_CURVE('',#8072,#8092,#1320,.T.);
#9600=EDGE_CURVE('',#7176,#7200,#1415,.T.);
#9602=EDGE_CURVE('',#7176,#7196,#1334,.T.);
#9604=EDGE_CURVE('',#7196,#7204,#1422,.T.);
#9615=EDGE_CURVE('',#7199,#7159,#1341,.T.);
#9617=EDGE_CURVE('',#7159,#7160,#1349,.T.);
#9619=EDGE_CURVE('',#7160,#7162,#1356,.T.);
#9621=EDGE_CURVE('',#7162,#7164,#1364,.T.);
#9623=EDGE_CURVE('',#7164,#7166,#1371,.T.);
#9625=EDGE_CURVE('',#7166,#7168,#1378,.T.);
#9627=EDGE_CURVE('',#7168,#7170,#1385,.T.);
#9629=EDGE_CURVE('',#7170,#7172,#1393,.T.);
#9631=EDGE_CURVE('',#7172,#7174,#1400,.T.);
#9633=EDGE_CURVE('',#7174,#7176,#1408,.T.);
#9645=EDGE_CURVE('',#7203,#7179,#1496,.T.);
#9647=EDGE_CURVE('',#7159,#7179,#1559,.T.);
#9660=EDGE_CURVE('',#7194,#7196,#1430,.T.);
#9662=EDGE_CURVE('',#7192,#7194,#1437,.T.);
#9664=EDGE_CURVE('',#7190,#7192,#1445,.T.);
#9666=EDGE_CURVE('',#7188,#7190,#1452,.T.);
#9668=EDGE_CURVE('',#7186,#7188,#1459,.T.);
#9670=EDGE_CURVE('',#7184,#7186,#1466,.T.);
#9672=EDGE_CURVE('',#7182,#7184,#1474,.T.);
#9674=EDGE_CURVE('',#7180,#7182,#1481,.T.);
#9676=EDGE_CURVE('',#7179,#7180,#1489,.T.);
#9688=EDGE_CURVE('',#7174,#7194,#1503,.T.);
#9701=EDGE_CURVE('',#7172,#7192,#1510,.T.);
#9714=EDGE_CURVE('',#7170,#7190,#1517,.T.);
#9727=EDGE_CURVE('',#7168,#7188,#1524,.T.);
#9740=EDGE_CURVE('',#7166,#7186,#1531,.T.);
#9753=EDGE_CURVE('',#7164,#7184,#1538,.T.);
#9766=EDGE_CURVE('',#7162,#7182,#1545,.T.);
#9779=EDGE_CURVE('',#7160,#7180,#1552,.T.);
#9804=EDGE_CURVE('',#7088,#7100,#1587,.T.);
#9807=EDGE_CURVE('',#7082,#7084,#1608,.T.);
#9861=EDGE_CURVE('',#7387,#7388,#1622,.T.);
#9863=EDGE_CURVE('',#7388,#7390,#1629,.T.);
#9865=EDGE_CURVE('',#7390,#7392,#1636,.T.);
#9867=EDGE_CURVE('',#7392,#7394,#1643,.T.);
#9869=EDGE_CURVE('',#7394,#7396,#1650,.T.);
#9871=EDGE_CURVE('',#7396,#7398,#1657,.T.);
#9873=EDGE_CURVE('',#7398,#7400,#1664,.T.);
#9875=EDGE_CURVE('',#7400,#7387,#1671,.T.);
#9879=EDGE_CURVE('',#7403,#7404,#1678,.T.);
#9881=EDGE_CURVE('',#7404,#7406,#1685,.T.);
#9883=EDGE_CURVE('',#7406,#7408,#1692,.T.);
#9885=EDGE_CURVE('',#7408,#7410,#1699,.T.);
#9887=EDGE_CURVE('',#7410,#7412,#1706,.T.);
#9889=EDGE_CURVE('',#7412,#7414,#1713,.T.);
#9891=EDGE_CURVE('',#7414,#7416,#1720,.T.);
#9893=EDGE_CURVE('',#7416,#7418,#1727,.T.);
#9895=EDGE_CURVE('',#7418,#7420,#1734,.T.);
#9897=EDGE_CURVE('',#7420,#7422,#1741,.T.);
#9899=EDGE_CURVE('',#7422,#7424,#1748,.T.);
#9901=EDGE_CURVE('',#7424,#7426,#1755,.T.);
#9903=EDGE_CURVE('',#7426,#7428,#1762,.T.);
#9905=EDGE_CURVE('',#7428,#7430,#1769,.T.);
#9907=EDGE_CURVE('',#7430,#7432,#1776,.T.);
#9909=EDGE_CURVE('',#7432,#7434,#1783,.T.);
#9911=EDGE_CURVE('',#7434,#7436,#1790,.T.);
#9913=EDGE_CURVE('',#7436,#7438,#1797,.T.);
#9915=EDGE_CURVE('',#7438,#7440,#1804,.T.);
#9917=EDGE_CURVE('',#7440,#7442,#1811,.T.);
#9919=EDGE_CURVE('',#7442,#7444,#1818,.T.);
#9921=EDGE_CURVE('',#7444,#7446,#1825,.T.);
#9923=EDGE_CURVE('',#7446,#7448,#1832,.T.);
#9925=EDGE_CURVE('',#7448,#7403,#1839,.T.);
#9929=EDGE_CURVE('',#7491,#7492,#1986,.T.);
#9931=EDGE_CURVE('',#7492,#7494,#1993,.T.);
#9933=EDGE_CURVE('',#7494,#7496,#2000,.T.);
#9935=EDGE_CURVE('',#7496,#7498,#2007,.T.);
#9937=EDGE_CURVE('',#7498,#7500,#2014,.T.);
#9939=EDGE_CURVE('',#7500,#7502,#2021,.T.);
#9941=EDGE_CURVE('',#7502,#7504,#2028,.T.);
#9943=EDGE_CURVE('',#7504,#7506,#2035,.T.);
#9945=EDGE_CURVE('',#7506,#7508,#2042,.T.);
#9947=EDGE_CURVE('',#7508,#7510,#2049,.T.);
#9949=EDGE_CURVE('',#7510,#7512,#2056,.T.);
#9951=EDGE_CURVE('',#7512,#7514,#2063,.T.);
#9953=EDGE_CURVE('',#7514,#7516,#2070,.T.);
#9955=EDGE_CURVE('',#7516,#7518,#2077,.T.);
#9957=EDGE_CURVE('',#7518,#7520,#2084,.T.);
#9959=EDGE_CURVE('',#7520,#7522,#2091,.T.);
#9961=EDGE_CURVE('',#7522,#7524,#2098,.T.);
#9963=EDGE_CURVE('',#7524,#7526,#2105,.T.);
#9965=EDGE_CURVE('',#7526,#7528,#2112,.T.);
#9967=EDGE_CURVE('',#7528,#7530,#2119,.T.);
#9969=EDGE_CURVE('',#7530,#7532,#2126,.T.);
#9971=EDGE_CURVE('',#7532,#7534,#2133,.T.);
#9973=EDGE_CURVE('',#7534,#7536,#2140,.T.);
#9975=EDGE_CURVE('',#7536,#7538,#2147,.T.);
#9977=EDGE_CURVE('',#7538,#7540,#2154,.T.);
#9979=EDGE_CURVE('',#7540,#7542,#2161,.T.);
#9981=EDGE_CURVE('',#7542,#7544,#2168,.T.);
#9983=EDGE_CURVE('',#7544,#7491,#2175,.T.);
#9987=EDGE_CURVE('',#7547,#7548,#2182,.T.);
#9989=EDGE_CURVE('',#7548,#7550,#2189,.T.);
#9991=EDGE_CURVE('',#7550,#7552,#2196,.T.);
#9993=EDGE_CURVE('',#7552,#7554,#2203,.T.);
#9995=EDGE_CURVE('',#7554,#7788,#2210,.T.);
#9997=EDGE_CURVE('',#7788,#7790,#2217,.T.);
#9999=EDGE_CURVE('',#7790,#7792,#2224,.T.);
#10001=EDGE_CURVE('',#7792,#7794,#2231,.T.);
#10003=EDGE_CURVE('',#7794,#7796,#2238,.T.);
#10005=EDGE_CURVE('',#7796,#7798,#2245,.T.);
#10007=EDGE_CURVE('',#7798,#7800,#2252,.T.);
#10009=EDGE_CURVE('',#7800,#7802,#2259,.T.);
#10011=EDGE_CURVE('',#7802,#7804,#2266,.T.);
#10013=EDGE_CURVE('',#7804,#7806,#2273,.T.);
#10015=EDGE_CURVE('',#7806,#7808,#2280,.T.);
#10017=EDGE_CURVE('',#7808,#7810,#2287,.T.);
#10019=EDGE_CURVE('',#7810,#7812,#2294,.T.);
#10021=EDGE_CURVE('',#7812,#7814,#2301,.T.);
#10023=EDGE_CURVE('',#7814,#7816,#2308,.T.);
#10025=EDGE_CURVE('',#7816,#7818,#2315,.T.);
#10027=EDGE_CURVE('',#7818,#7820,#2322,.T.);
#10029=EDGE_CURVE('',#7820,#7822,#2329,.T.);
#10031=EDGE_CURVE('',#7822,#7824,#2336,.T.);
#10033=EDGE_CURVE('',#7824,#7826,#2343,.T.);
#10035=EDGE_CURVE('',#7826,#7828,#2350,.T.);
#10037=EDGE_CURVE('',#7828,#7830,#2357,.T.);
#10039=EDGE_CURVE('',#7830,#7832,#2364,.T.);
#10041=EDGE_CURVE('',#7832,#7834,#2371,.T.);
#10043=EDGE_CURVE('',#7834,#7836,#2378,.T.);
#10045=EDGE_CURVE('',#7836,#7838,#2385,.T.);
#10047=EDGE_CURVE('',#7838,#7840,#2392,.T.);
#10049=EDGE_CURVE('',#7840,#7842,#2399,.T.);
#10051=EDGE_CURVE('',#7842,#7844,#2406,.T.);
#10053=EDGE_CURVE('',#7844,#7846,#2413,.T.);
#10055=EDGE_CURVE('',#7846,#7848,#2420,.T.);
#10057=EDGE_CURVE('',#7848,#7850,#2427,.T.);
#10059=EDGE_CURVE('',#7850,#7852,#2434,.T.);
#10061=EDGE_CURVE('',#7852,#7854,#2441,.T.);
#10063=EDGE_CURVE('',#7854,#7856,#2448,.T.);
#10065=EDGE_CURVE('',#7856,#7547,#2455,.T.);
#10069=EDGE_CURVE('',#7557,#7558,#2462,.T.);
#10071=EDGE_CURVE('',#7558,#7560,#2469,.T.);
#10073=EDGE_CURVE('',#7560,#7562,#2476,.T.);
#10075=EDGE_CURVE('',#7562,#7564,#2483,.T.);
#10077=EDGE_CURVE('',#7564,#7898,#2490,.T.);
#10079=EDGE_CURVE('',#7898,#7900,#2497,.T.);
#10081=EDGE_CURVE('',#7900,#7902,#2504,.T.);
#10083=EDGE_CURVE('',#7902,#7904,#2511,.T.);
#10085=EDGE_CURVE('',#7904,#7906,#2518,.T.);
#10087=EDGE_CURVE('',#7906,#7908,#2525,.T.);
#10089=EDGE_CURVE('',#7908,#7910,#2532,.T.);
#10091=EDGE_CURVE('',#7910,#7912,#2539,.T.);
#10093=EDGE_CURVE('',#7912,#7914,#2546,.T.);
#10095=EDGE_CURVE('',#7914,#7916,#2553,.T.);
#10097=EDGE_CURVE('',#7916,#7918,#2560,.T.);
#10099=EDGE_CURVE('',#7918,#7920,#2567,.T.);
#10101=EDGE_CURVE('',#7920,#7922,#2574,.T.);
#10103=EDGE_CURVE('',#7922,#7924,#2581,.T.);
#10105=EDGE_CURVE('',#7924,#7926,#2588,.T.);
#10107=EDGE_CURVE('',#7926,#7928,#2595,.T.);
#10109=EDGE_CURVE('',#7928,#7930,#2602,.T.);
#10111=EDGE_CURVE('',#7930,#7932,#2609,.T.);
#10113=EDGE_CURVE('',#7932,#7934,#2616,.T.);
#10115=EDGE_CURVE('',#7934,#7936,#2623,.T.);
#10117=EDGE_CURVE('',#7936,#7938,#2630,.T.);
#10119=EDGE_CURVE('',#7938,#7940,#2637,.T.);
#10121=EDGE_CURVE('',#7940,#7942,#2644,.T.);
#10123=EDGE_CURVE('',#7942,#7944,#2651,.T.);
#10125=EDGE_CURVE('',#7944,#7946,#2658,.T.);
#10127=EDGE_CURVE('',#7946,#7948,#2665,.T.);
#10129=EDGE_CURVE('',#7948,#7950,#2672,.T.);
#10131=EDGE_CURVE('',#7950,#7952,#2679,.T.);
#10133=EDGE_CURVE('',#7952,#7954,#2686,.T.);
#10135=EDGE_CURVE('',#7954,#7956,#2693,.T.);
#10137=EDGE_CURVE('',#7956,#7958,#2700,.T.);
#10139=EDGE_CURVE('',#7958,#7960,#2707,.T.);
#10141=EDGE_CURVE('',#7960,#7962,#2714,.T.);
#10143=EDGE_CURVE('',#7962,#7964,#2721,.T.);
#10145=EDGE_CURVE('',#7964,#7966,#2728,.T.);
#10147=EDGE_CURVE('',#7966,#7968,#2735,.T.);
#10149=EDGE_CURVE('',#7968,#7970,#2742,.T.);
#10151=EDGE_CURVE('',#7970,#7972,#2749,.T.);
#10153=EDGE_CURVE('',#7972,#7974,#2756,.T.);
#10155=EDGE_CURVE('',#7974,#7976,#2763,.T.);
#10157=EDGE_CURVE('',#7976,#7978,#2770,.T.);
#10159=EDGE_CURVE('',#7978,#7980,#2777,.T.);
#10161=EDGE_CURVE('',#7980,#7982,#2784,.T.);
#10163=EDGE_CURVE('',#7982,#7984,#2791,.T.);
#10165=EDGE_CURVE('',#7984,#7986,#2798,.T.);
#10167=EDGE_CURVE('',#7986,#7988,#2805,.T.);
#10169=EDGE_CURVE('',#7988,#7990,#2812,.T.);
#10171=EDGE_CURVE('',#7990,#7992,#2819,.T.);
#10173=EDGE_CURVE('',#7992,#7994,#2826,.T.);
#10175=EDGE_CURVE('',#7994,#7996,#2833,.T.);
#10177=EDGE_CURVE('',#7996,#7998,#2840,.T.);
#10179=EDGE_CURVE('',#7998,#8000,#2847,.T.);
#10181=EDGE_CURVE('',#8000,#7557,#2854,.T.);
#10185=EDGE_CURVE('',#8003,#8004,#3001,.T.);
#10187=EDGE_CURVE('',#8004,#8006,#3008,.T.);
#10189=EDGE_CURVE('',#8006,#8008,#3015,.T.);
#10191=EDGE_CURVE('',#8008,#8003,#3022,.T.);
#10195=EDGE_CURVE('',#8319,#8320,#3029,.T.);
#10197=EDGE_CURVE('',#8320,#8322,#3036,.T.);
#10199=EDGE_CURVE('',#8322,#8324,#3043,.T.);
#10201=EDGE_CURVE('',#8324,#8326,#3050,.T.);
#10203=EDGE_CURVE('',#8326,#8328,#3057,.T.);
#10205=EDGE_CURVE('',#8328,#8330,#3064,.T.);
#10207=EDGE_CURVE('',#8330,#8332,#3071,.T.);
#10209=EDGE_CURVE('',#8332,#8334,#3078,.T.);
#10211=EDGE_CURVE('',#8334,#8336,#3085,.T.);
#10213=EDGE_CURVE('',#8336,#8338,#3092,.T.);
#10215=EDGE_CURVE('',#8338,#8340,#3099,.T.);
#10217=EDGE_CURVE('',#8340,#8342,#3106,.T.);
#10219=EDGE_CURVE('',#8342,#8344,#3113,.T.);
#10221=EDGE_CURVE('',#8344,#8346,#3120,.T.);
#10223=EDGE_CURVE('',#8346,#8348,#3127,.T.);
#10225=EDGE_CURVE('',#8348,#8350,#3134,.T.);
#10227=EDGE_CURVE('',#8350,#8352,#3141,.T.);
#10229=EDGE_CURVE('',#8352,#8354,#3148,.T.);
#10231=EDGE_CURVE('',#8354,#8356,#3155,.T.);
#10233=EDGE_CURVE('',#8356,#8358,#3162,.T.);
#10235=EDGE_CURVE('',#8358,#8360,#3169,.T.);
#10237=EDGE_CURVE('',#8360,#8362,#3176,.T.);
#10239=EDGE_CURVE('',#8362,#8364,#3183,.T.);
#10241=EDGE_CURVE('',#8364,#8366,#3190,.T.);
#10243=EDGE_CURVE('',#8366,#8368,#3197,.T.);
#10245=EDGE_CURVE('',#8368,#8370,#3204,.T.);
#10247=EDGE_CURVE('',#8370,#8372,#3211,.T.);
#10249=EDGE_CURVE('',#8372,#8374,#3218,.T.);
#10251=EDGE_CURVE('',#8374,#8376,#3225,.T.);
#10253=EDGE_CURVE('',#8376,#8378,#3232,.T.);
#10255=EDGE_CURVE('',#8378,#8380,#3239,.T.);
#10257=EDGE_CURVE('',#8380,#8382,#3246,.T.);
#10259=EDGE_CURVE('',#8382,#8384,#3253,.T.);
#10261=EDGE_CURVE('',#8384,#8386,#3260,.T.);
#10263=EDGE_CURVE('',#8386,#8388,#3267,.T.);
#10265=EDGE_CURVE('',#8388,#8390,#3274,.T.);
#10267=EDGE_CURVE('',#8390,#8392,#3281,.T.);
#10269=EDGE_CURVE('',#8392,#8394,#3288,.T.);
#10271=EDGE_CURVE('',#8394,#8396,#3295,.T.);
#10273=EDGE_CURVE('',#8396,#8319,#3302,.T.);
#10295=EDGE_CURVE('',#7451,#7452,#1846,.T.);
#10297=EDGE_CURVE('',#7452,#7454,#1853,.T.);
#10299=EDGE_CURVE('',#7454,#7456,#1860,.T.);
#10301=EDGE_CURVE('',#7456,#7458,#1867,.T.);
#10303=EDGE_CURVE('',#7458,#7460,#1874,.T.);
#10305=EDGE_CURVE('',#7460,#7462,#1881,.T.);
#10307=EDGE_CURVE('',#7462,#7464,#1888,.T.);
#10309=EDGE_CURVE('',#7464,#7466,#1895,.T.);
#10311=EDGE_CURVE('',#7466,#7468,#1902,.T.);
#10313=EDGE_CURVE('',#7468,#7470,#1909,.T.);
#10315=EDGE_CURVE('',#7470,#7472,#1916,.T.);
#10317=EDGE_CURVE('',#7472,#7474,#1923,.T.);
#10319=EDGE_CURVE('',#7474,#7476,#1930,.T.);
#10321=EDGE_CURVE('',#7476,#7478,#1937,.T.);
#10323=EDGE_CURVE('',#7478,#7480,#1944,.T.);
#10325=EDGE_CURVE('',#7480,#7482,#1951,.T.);
#10327=EDGE_CURVE('',#7482,#7484,#1958,.T.);
#10329=EDGE_CURVE('',#7484,#7486,#1965,.T.);
#10331=EDGE_CURVE('',#7486,#7488,#1972,.T.);
#10333=EDGE_CURVE('',#7488,#7451,#1979,.T.);
#10355=EDGE_CURVE('',#7859,#7860,#2861,.T.);
#10357=EDGE_CURVE('',#7860,#7862,#2868,.T.);
#10359=EDGE_CURVE('',#7862,#7864,#2875,.T.);
#10361=EDGE_CURVE('',#7864,#7866,#2882,.T.);
#10363=EDGE_CURVE('',#7866,#7868,#2889,.T.);
#10365=EDGE_CURVE('',#7868,#7870,#2896,.T.);
#10367=EDGE_CURVE('',#7870,#7872,#2903,.T.);
#10369=EDGE_CURVE('',#7872,#7874,#2910,.T.);
#10371=EDGE_CURVE('',#7874,#7876,#2917,.T.);
#10373=EDGE_CURVE('',#7876,#7878,#2924,.T.);
#10375=EDGE_CURVE('',#7878,#7880,#2931,.T.);
#10377=EDGE_CURVE('',#7880,#7882,#2938,.T.);
#10379=EDGE_CURVE('',#7882,#7884,#2945,.T.);
#10381=EDGE_CURVE('',#7884,#7886,#2952,.T.);
#10383=EDGE_CURVE('',#7886,#7888,#2959,.T.);
#10385=EDGE_CURVE('',#7888,#7890,#2966,.T.);
#10387=EDGE_CURVE('',#7890,#7892,#2973,.T.);
#10389=EDGE_CURVE('',#7892,#7894,#2980,.T.);
#10391=EDGE_CURVE('',#7894,#7896,#2987,.T.);
#10393=EDGE_CURVE('',#7896,#7859,#2994,.T.);
#10416=EDGE_CURVE('',#7387,#7207,#3309,.T.);
#10418=EDGE_CURVE('',#7207,#7208,#3365,.T.);
#10420=EDGE_CURVE('',#7388,#7208,#3358,.T.);
#10431=EDGE_CURVE('',#7400,#7220,#3316,.T.);
#10433=EDGE_CURVE('',#7220,#7207,#3372,.T.);
#10445=EDGE_CURVE('',#7398,#7218,#3323,.T.);
#10447=EDGE_CURVE('',#7218,#7220,#3379,.T.);
#10459=EDGE_CURVE('',#7396,#7216,#3330,.T.);
#10461=EDGE_CURVE('',#7216,#7218,#3386,.T.);
#10473=EDGE_CURVE('',#7394,#7214,#3337,.T.);
#10475=EDGE_CURVE('',#7214,#7216,#3393,.T.);
#10487=EDGE_CURVE('',#7392,#7212,#3344,.T.);
#10489=EDGE_CURVE('',#7212,#7214,#3400,.T.);
#10501=EDGE_CURVE('',#7390,#7210,#3351,.T.);
#10503=EDGE_CURVE('',#7210,#7212,#3407,.T.);
#10516=EDGE_CURVE('',#7208,#7210,#3414,.T.);
#10543=EDGE_CURVE('',#7223,#7224,#3421,.T.);
#10545=EDGE_CURVE('',#7268,#7223,#3428,.T.);
#10547=EDGE_CURVE('',#7266,#7268,#3435,.T.);
#10549=EDGE_CURVE('',#7264,#7266,#3442,.T.);
#10551=EDGE_CURVE('',#7262,#7264,#3449,.T.);
#10553=EDGE_CURVE('',#7260,#7262,#3456,.T.);
#10555=EDGE_CURVE('',#7258,#7260,#3463,.T.);
#10557=EDGE_CURVE('',#7256,#7258,#3470,.T.);
#10559=EDGE_CURVE('',#7254,#7256,#3477,.T.);
#10561=EDGE_CURVE('',#7252,#7254,#3484,.T.);
#10563=EDGE_CURVE('',#7250,#7252,#3491,.T.);
#10565=EDGE_CURVE('',#7248,#7250,#3498,.T.);
#10567=EDGE_CURVE('',#7246,#7248,#3505,.T.);
#10569=EDGE_CURVE('',#7244,#7246,#3512,.T.);
#10571=EDGE_CURVE('',#7242,#7244,#3519,.T.);
#10573=EDGE_CURVE('',#7240,#7242,#3526,.T.);
#10575=EDGE_CURVE('',#7238,#7240,#3533,.T.);
#10577=EDGE_CURVE('',#7236,#7238,#3540,.T.);
#10579=EDGE_CURVE('',#7234,#7236,#3547,.T.);
#10581=EDGE_CURVE('',#7232,#7234,#3554,.T.);
#10583=EDGE_CURVE('',#7230,#7232,#3561,.T.);
#10585=EDGE_CURVE('',#7228,#7230,#3568,.T.);
#10587=EDGE_CURVE('',#7226,#7228,#3575,.T.);
#10589=EDGE_CURVE('',#7224,#7226,#3582,.T.);
#10593=EDGE_CURVE('',#7271,#7272,#3589,.T.);
#10595=EDGE_CURVE('',#7308,#7271,#3596,.T.);
#10597=EDGE_CURVE('',#7306,#7308,#3603,.T.);
#10599=EDGE_CURVE('',#7304,#7306,#3610,.T.);
#10601=EDGE_CURVE('',#7302,#7304,#3617,.T.);
#10603=EDGE_CURVE('',#7300,#7302,#3624,.T.);
#10605=EDGE_CURVE('',#7298,#7300,#3631,.T.);
#10607=EDGE_CURVE('',#7296,#7298,#3638,.T.);
#10609=EDGE_CURVE('',#7294,#7296,#3645,.T.);
#10611=EDGE_CURVE('',#7292,#7294,#3652,.T.);
#10613=EDGE_CURVE('',#7290,#7292,#3659,.T.);
#10615=EDGE_CURVE('',#7288,#7290,#3666,.T.);
#10617=EDGE_CURVE('',#7286,#7288,#3673,.T.);
#10619=EDGE_CURVE('',#7284,#7286,#3680,.T.);
#10621=EDGE_CURVE('',#7282,#7284,#3687,.T.);
#10623=EDGE_CURVE('',#7280,#7282,#3694,.T.);
#10625=EDGE_CURVE('',#7278,#7280,#3701,.T.);
#10627=EDGE_CURVE('',#7276,#7278,#3708,.T.);
#10629=EDGE_CURVE('',#7274,#7276,#3715,.T.);
#10631=EDGE_CURVE('',#7272,#7274,#3722,.T.);
#10641=EDGE_CURVE('',#7311,#7312,#3729,.T.);
#10643=EDGE_CURVE('',#7364,#7311,#3736,.T.);
#10645=EDGE_CURVE('',#7362,#7364,#3743,.T.);
#10647=EDGE_CURVE('',#7360,#7362,#3750,.T.);
#10649=EDGE_CURVE('',#7358,#7360,#3757,.T.);
#10651=EDGE_CURVE('',#7356,#7358,#3764,.T.);
#10653=EDGE_CURVE('',#7354,#7356,#3771,.T.);
#10655=EDGE_CURVE('',#7352,#7354,#3778,.T.);
#10657=EDGE_CURVE('',#7350,#7352,#3785,.T.);
#10659=EDGE_CURVE('',#7348,#7350,#3792,.T.);
#10661=EDGE_CURVE('',#7346,#7348,#3799,.T.);
#10663=EDGE_CURVE('',#7344,#7346,#3806,.T.);
#10665=EDGE_CURVE('',#7342,#7344,#3813,.T.);
#10667=EDGE_CURVE('',#7340,#7342,#3820,.T.);
#10669=EDGE_CURVE('',#7338,#7340,#3827,.T.);
#10671=EDGE_CURVE('',#7336,#7338,#3834,.T.);
#10673=EDGE_CURVE('',#7334,#7336,#3841,.T.);
#10675=EDGE_CURVE('',#7332,#7334,#3848,.T.);
#10677=EDGE_CURVE('',#7330,#7332,#3855,.T.);
#10679=EDGE_CURVE('',#7328,#7330,#3862,.T.);
#10681=EDGE_CURVE('',#7326,#7328,#3869,.T.);
#10683=EDGE_CURVE('',#7324,#7326,#3876,.T.);
#10685=EDGE_CURVE('',#7322,#7324,#3883,.T.);
#10687=EDGE_CURVE('',#7320,#7322,#3890,.T.);
#10689=EDGE_CURVE('',#7318,#7320,#3897,.T.);
#10691=EDGE_CURVE('',#7316,#7318,#3904,.T.);
#10693=EDGE_CURVE('',#7314,#7316,#3911,.T.);
#10695=EDGE_CURVE('',#7312,#7314,#3918,.T.);
#10705=EDGE_CURVE('',#7367,#7368,#3925,.T.);
#10707=EDGE_CURVE('',#7634,#7367,#3932,.T.);
#10709=EDGE_CURVE('',#7632,#7634,#3939,.T.);
#10711=EDGE_CURVE('',#7630,#7632,#3946,.T.);
#10713=EDGE_CURVE('',#7628,#7630,#3953,.T.);
#10715=EDGE_CURVE('',#7626,#7628,#3960,.T.);
#10717=EDGE_CURVE('',#7624,#7626,#3967,.T.);
#10719=EDGE_CURVE('',#7622,#7624,#3974,.T.);
#10721=EDGE_CURVE('',#7620,#7622,#3981,.T.);
#10723=EDGE_CURVE('',#7618,#7620,#3988,.T.);
#10725=EDGE_CURVE('',#7616,#7618,#3995,.T.);
#10727=EDGE_CURVE('',#7614,#7616,#4002,.T.);
#10729=EDGE_CURVE('',#7612,#7614,#4009,.T.);
#10731=EDGE_CURVE('',#7610,#7612,#4016,.T.);
#10733=EDGE_CURVE('',#7608,#7610,#4023,.T.);
#10735=EDGE_CURVE('',#7606,#7608,#4030,.T.);
#10737=EDGE_CURVE('',#7604,#7606,#4037,.T.);
#10739=EDGE_CURVE('',#7602,#7604,#4044,.T.);
#10741=EDGE_CURVE('',#7600,#7602,#4051,.T.);
#10743=EDGE_CURVE('',#7598,#7600,#4058,.T.);
#10745=EDGE_CURVE('',#7596,#7598,#4065,.T.);
#10747=EDGE_CURVE('',#7594,#7596,#4072,.T.);
#10749=EDGE_CURVE('',#7592,#7594,#4079,.T.);
#10751=EDGE_CURVE('',#7590,#7592,#4086,.T.);
#10753=EDGE_CURVE('',#7588,#7590,#4093,.T.);
#10755=EDGE_CURVE('',#7586,#7588,#4100,.T.);
#10757=EDGE_CURVE('',#7584,#7586,#4107,.T.);
#10759=EDGE_CURVE('',#7582,#7584,#4114,.T.);
#10761=EDGE_CURVE('',#7580,#7582,#4121,.T.);
#10763=EDGE_CURVE('',#7578,#7580,#4128,.T.);
#10765=EDGE_CURVE('',#7576,#7578,#4135,.T.);
#10767=EDGE_CURVE('',#7574,#7576,#4142,.T.);
#10769=EDGE_CURVE('',#7572,#7574,#4149,.T.);
#10771=EDGE_CURVE('',#7570,#7572,#4156,.T.);
#10773=EDGE_CURVE('',#7568,#7570,#4163,.T.);
#10775=EDGE_CURVE('',#7566,#7568,#4170,.T.);
#10777=EDGE_CURVE('',#7374,#7566,#4177,.T.);
#10779=EDGE_CURVE('',#7372,#7374,#4184,.T.);
#10781=EDGE_CURVE('',#7370,#7372,#4191,.T.);
#10783=EDGE_CURVE('',#7368,#7370,#4198,.T.);
#10787=EDGE_CURVE('',#7637,#7638,#4205,.T.);
#10789=EDGE_CURVE('',#7674,#7637,#4212,.T.);
#10791=EDGE_CURVE('',#7672,#7674,#4219,.T.);
#10793=EDGE_CURVE('',#7670,#7672,#4226,.T.);
#10795=EDGE_CURVE('',#7668,#7670,#4233,.T.);
#10797=EDGE_CURVE('',#7666,#7668,#4240,.T.);
#10799=EDGE_CURVE('',#7664,#7666,#4247,.T.);
#10801=EDGE_CURVE('',#7662,#7664,#4254,.T.);
#10803=EDGE_CURVE('',#7660,#7662,#4261,.T.);
#10805=EDGE_CURVE('',#7658,#7660,#4268,.T.);
#10807=EDGE_CURVE('',#7656,#7658,#4275,.T.);
#10809=EDGE_CURVE('',#7654,#7656,#4282,.T.);
#10811=EDGE_CURVE('',#7652,#7654,#4289,.T.);
#10813=EDGE_CURVE('',#7650,#7652,#4296,.T.);
#10815=EDGE_CURVE('',#7648,#7650,#4303,.T.);
#10817=EDGE_CURVE('',#7646,#7648,#4310,.T.);
#10819=EDGE_CURVE('',#7644,#7646,#4317,.T.);
#10821=EDGE_CURVE('',#7642,#7644,#4324,.T.);
#10823=EDGE_CURVE('',#7640,#7642,#4331,.T.);
#10825=EDGE_CURVE('',#7638,#7640,#4338,.T.);
#10835=EDGE_CURVE('',#7384,#7676,#4345,.T.);
#10837=EDGE_CURVE('',#7382,#7384,#4352,.T.);
#10839=EDGE_CURVE('',#7380,#7382,#4359,.T.);
#10841=EDGE_CURVE('',#7378,#7380,#4366,.T.);
#10843=EDGE_CURVE('',#7377,#7378,#4373,.T.);
#10845=EDGE_CURVE('',#7778,#7377,#4380,.T.);
#10847=EDGE_CURVE('',#7776,#7778,#4387,.T.);
#10849=EDGE_CURVE('',#7774,#7776,#4394,.T.);
#10851=EDGE_CURVE('',#7772,#7774,#4401,.T.);
#10853=EDGE_CURVE('',#7770,#7772,#4408,.T.);
#10855=EDGE_CURVE('',#7768,#7770,#4415,.T.);
#10857=EDGE_CURVE('',#7766,#7768,#4422,.T.);
#10859=EDGE_CURVE('',#7764,#7766,#4429,.T.);
#10861=EDGE_CURVE('',#7762,#7764,#4436,.T.);
#10863=EDGE_CURVE('',#7760,#7762,#4443,.T.);
#10865=EDGE_CURVE('',#7758,#7760,#4450,.T.);
#10867=EDGE_CURVE('',#7756,#7758,#4457,.T.);
#10869=EDGE_CURVE('',#7754,#7756,#4464,.T.);
#10871=EDGE_CURVE('',#7752,#7754,#4471,.T.);
#10873=EDGE_CURVE('',#7750,#7752,#4478,.T.);
#10875=EDGE_CURVE('',#7748,#7750,#4485,.T.);
#10877=EDGE_CURVE('',#7746,#7748,#4492,.T.);
#10879=EDGE_CURVE('',#7744,#7746,#4499,.T.);
#10881=EDGE_CURVE('',#7742,#7744,#4506,.T.);
#10883=EDGE_CURVE('',#7740,#7742,#4513,.T.);
#10885=EDGE_CURVE('',#7738,#7740,#4520,.T.);
#10887=EDGE_CURVE('',#7736,#7738,#4527,.T.);
#10889=EDGE_CURVE('',#7734,#7736,#4534,.T.);
#10891=EDGE_CURVE('',#7732,#7734,#4541,.T.);
#10893=EDGE_CURVE('',#7730,#7732,#4548,.T.);
#10895=EDGE_CURVE('',#7728,#7730,#4555,.T.);
#10897=EDGE_CURVE('',#7726,#7728,#4562,.T.);
#10899=EDGE_CURVE('',#7724,#7726,#4569,.T.);
#10901=EDGE_CURVE('',#7722,#7724,#4576,.T.);
#10903=EDGE_CURVE('',#7720,#7722,#4583,.T.);
#10905=EDGE_CURVE('',#7718,#7720,#4590,.T.);
#10907=EDGE_CURVE('',#7716,#7718,#4597,.T.);
#10909=EDGE_CURVE('',#7714,#7716,#4604,.T.);
#10911=EDGE_CURVE('',#7712,#7714,#4611,.T.);
#10913=EDGE_CURVE('',#7710,#7712,#4618,.T.);
#10915=EDGE_CURVE('',#7708,#7710,#4625,.T.);
#10917=EDGE_CURVE('',#7706,#7708,#4632,.T.);
#10919=EDGE_CURVE('',#7704,#7706,#4639,.T.);
#10921=EDGE_CURVE('',#7702,#7704,#4646,.T.);
#10923=EDGE_CURVE('',#7700,#7702,#4653,.T.);
#10925=EDGE_CURVE('',#7698,#7700,#4660,.T.);
#10927=EDGE_CURVE('',#7696,#7698,#4667,.T.);
#10929=EDGE_CURVE('',#7694,#7696,#4674,.T.);
#10931=EDGE_CURVE('',#7692,#7694,#4681,.T.);
#10933=EDGE_CURVE('',#7690,#7692,#4688,.T.);
#10935=EDGE_CURVE('',#7688,#7690,#4695,.T.);
#10937=EDGE_CURVE('',#7686,#7688,#4702,.T.);
#10939=EDGE_CURVE('',#7684,#7686,#4709,.T.);
#10941=EDGE_CURVE('',#7682,#7684,#4716,.T.);
#10943=EDGE_CURVE('',#7680,#7682,#4723,.T.);
#10945=EDGE_CURVE('',#7678,#7680,#4730,.T.);
#10947=EDGE_CURVE('',#7676,#7678,#4737,.T.);
#10957=EDGE_CURVE('',#7781,#7782,#4744,.T.);
#10959=EDGE_CURVE('',#7786,#7781,#4751,.T.);
#10961=EDGE_CURVE('',#7784,#7786,#4758,.T.);
#10963=EDGE_CURVE('',#7782,#7784,#4765,.T.);
#10973=EDGE_CURVE('',#8239,#8240,#4772,.T.);
#10975=EDGE_CURVE('',#8316,#8239,#4779,.T.);
#10977=EDGE_CURVE('',#8314,#8316,#4786,.T.);
#10979=EDGE_CURVE('',#8312,#8314,#4793,.T.);
#10981=EDGE_CURVE('',#8310,#8312,#4800,.T.);
#10983=EDGE_CURVE('',#8308,#8310,#4807,.T.);
#10985=EDGE_CURVE('',#8306,#8308,#4814,.T.);
#10987=EDGE_CURVE('',#8304,#8306,#4821,.T.);
#10989=EDGE_CURVE('',#8302,#8304,#4828,.T.);
#10991=EDGE_CURVE('',#8300,#8302,#4835,.T.);
#10993=EDGE_CURVE('',#8298,#8300,#4842,.T.);
#10995=EDGE_CURVE('',#8296,#8298,#4849,.T.);
#10997=EDGE_CURVE('',#8294,#8296,#4856,.T.);
#10999=EDGE_CURVE('',#8292,#8294,#4863,.T.);
#11001=EDGE_CURVE('',#8290,#8292,#4870,.T.);
#11003=EDGE_CURVE('',#8288,#8290,#4877,.T.);
#11005=EDGE_CURVE('',#8286,#8288,#4884,.T.);
#11007=EDGE_CURVE('',#8284,#8286,#4891,.T.);
#11009=EDGE_CURVE('',#8282,#8284,#4898,.T.);
#11011=EDGE_CURVE('',#8280,#8282,#4905,.T.);
#11013=EDGE_CURVE('',#8278,#8280,#4912,.T.);
#11015=EDGE_CURVE('',#8276,#8278,#4919,.T.);
#11017=EDGE_CURVE('',#8274,#8276,#4926,.T.);
#11019=EDGE_CURVE('',#8272,#8274,#4933,.T.);
#11021=EDGE_CURVE('',#8270,#8272,#4940,.T.);
#11023=EDGE_CURVE('',#8268,#8270,#4947,.T.);
#11025=EDGE_CURVE('',#8266,#8268,#4954,.T.);
#11027=EDGE_CURVE('',#8264,#8266,#4961,.T.);
#11029=EDGE_CURVE('',#8262,#8264,#4968,.T.);
#11031=EDGE_CURVE('',#8260,#8262,#4975,.T.);
#11033=EDGE_CURVE('',#8258,#8260,#4982,.T.);
#11035=EDGE_CURVE('',#8256,#8258,#4989,.T.);
#11037=EDGE_CURVE('',#8254,#8256,#4996,.T.);
#11039=EDGE_CURVE('',#8252,#8254,#5003,.T.);
#11041=EDGE_CURVE('',#8250,#8252,#5010,.T.);
#11043=EDGE_CURVE('',#8248,#8250,#5017,.T.);
#11045=EDGE_CURVE('',#8246,#8248,#5024,.T.);
#11047=EDGE_CURVE('',#8244,#8246,#5031,.T.);
#11049=EDGE_CURVE('',#8242,#8244,#5038,.T.);
#11051=EDGE_CURVE('',#8240,#8242,#5045,.T.);
#11062=EDGE_CURVE('',#7403,#7223,#5052,.T.);
#11065=EDGE_CURVE('',#7404,#7224,#5213,.T.);
#11076=EDGE_CURVE('',#7448,#7268,#5059,.T.);
#11089=EDGE_CURVE('',#7446,#7266,#5066,.T.);
#11102=EDGE_CURVE('',#7444,#7264,#5073,.T.);
#11115=EDGE_CURVE('',#7442,#7262,#5080,.T.);
#11128=EDGE_CURVE('',#7440,#7260,#5087,.T.);
#11141=EDGE_CURVE('',#7438,#7258,#5094,.T.);
#11154=EDGE_CURVE('',#7436,#7256,#5101,.T.);
#11167=EDGE_CURVE('',#7434,#7254,#5108,.T.);
#11180=EDGE_CURVE('',#7432,#7252,#5115,.T.);
#11193=EDGE_CURVE('',#7430,#7250,#5122,.T.);
#11206=EDGE_CURVE('',#7428,#7248,#5129,.T.);
#11219=EDGE_CURVE('',#7426,#7246,#5136,.T.);
#11232=EDGE_CURVE('',#7424,#7244,#5143,.T.);
#11245=EDGE_CURVE('',#7422,#7242,#5150,.T.);
#11258=EDGE_CURVE('',#7420,#7240,#5157,.T.);
#11271=EDGE_CURVE('',#7418,#7238,#5164,.T.);
#11284=EDGE_CURVE('',#7416,#7236,#5171,.T.);
#11297=EDGE_CURVE('',#7414,#7234,#5178,.T.);
#11310=EDGE_CURVE('',#7412,#7232,#5185,.T.);
#11323=EDGE_CURVE('',#7410,#7230,#5192,.T.);
#11336=EDGE_CURVE('',#7408,#7228,#5199,.T.);
#11349=EDGE_CURVE('',#7406,#7226,#5206,.T.);
#11374=EDGE_CURVE('',#7451,#7271,#5220,.T.);
#11377=EDGE_CURVE('',#7452,#7272,#5353,.T.);
#11388=EDGE_CURVE('',#7488,#7308,#5227,.T.);
#11401=EDGE_CURVE('',#7486,#7306,#5234,.T.);
#11414=EDGE_CURVE('',#7484,#7304,#5241,.T.);
#11427=EDGE_CURVE('',#7482,#7302,#5248,.T.);
#11440=EDGE_CURVE('',#7480,#7300,#5255,.T.);
#11453=EDGE_CURVE('',#7478,#7298,#5262,.T.);
#11466=EDGE_CURVE('',#7476,#7296,#5269,.T.);
#11479=EDGE_CURVE('',#7474,#7294,#5276,.T.);
#11492=EDGE_CURVE('',#7472,#7292,#5283,.T.);
#11505=EDGE_CURVE('',#7470,#7290,#5290,.T.);
#11518=EDGE_CURVE('',#7468,#7288,#5297,.T.);
#11531=EDGE_CURVE('',#7466,#7286,#5304,.T.);
#11544=EDGE_CURVE('',#7464,#7284,#5311,.T.);
#11557=EDGE_CURVE('',#7462,#7282,#5318,.T.);
#11570=EDGE_CURVE('',#7460,#7280,#5325,.T.);
#11583=EDGE_CURVE('',#7458,#7278,#5332,.T.);
#11596=EDGE_CURVE('',#7456,#7276,#5339,.T.);
#11609=EDGE_CURVE('',#7454,#7274,#5346,.T.);
#11634=EDGE_CURVE('',#7491,#7311,#5360,.T.);
#11637=EDGE_CURVE('',#7492,#7312,#5549,.T.);
#11648=EDGE_CURVE('',#7544,#7364,#5367,.T.);
#11661=EDGE_CURVE('',#7542,#7362,#5374,.T.);
#11674=EDGE_CURVE('',#7540,#7360,#5381,.T.);
#11687=EDGE_CURVE('',#7538,#7358,#5388,.T.);
#11700=EDGE_CURVE('',#7536,#7356,#5395,.T.);
#11713=EDGE_CURVE('',#7534,#7354,#5402,.T.);
#11726=EDGE_CURVE('',#7532,#7352,#5409,.T.);
#11739=EDGE_CURVE('',#7530,#7350,#5416,.T.);
#11752=EDGE_CURVE('',#7528,#7348,#5423,.T.);
#11765=EDGE_CURVE('',#7526,#7346,#5430,.T.);
#11778=EDGE_CURVE('',#7524,#7344,#5437,.T.);
#11791=EDGE_CURVE('',#7522,#7342,#5444,.T.);
#11804=EDGE_CURVE('',#7520,#7340,#5451,.T.);
#11817=EDGE_CURVE('',#7518,#7338,#5458,.T.);
#11830=EDGE_CURVE('',#7516,#7336,#5465,.T.);
#11843=EDGE_CURVE('',#7514,#7334,#5472,.T.);
#11856=EDGE_CURVE('',#7512,#7332,#5479,.T.);
#11869=EDGE_CURVE('',#7510,#7330,#5486,.T.);
#11882=EDGE_CURVE('',#7508,#7328,#5493,.T.);
#11895=EDGE_CURVE('',#7506,#7326,#5500,.T.);
#11908=EDGE_CURVE('',#7504,#7324,#5507,.T.);
#11921=EDGE_CURVE('',#7502,#7322,#5514,.T.);
#11934=EDGE_CURVE('',#7500,#7320,#5521,.T.);
#11947=EDGE_CURVE('',#7498,#7318,#5528,.T.);
#11960=EDGE_CURVE('',#7496,#7316,#5535,.T.);
#11973=EDGE_CURVE('',#7494,#7314,#5542,.T.);
#11998=EDGE_CURVE('',#7547,#7367,#5556,.T.);
#12001=EDGE_CURVE('',#7548,#7368,#5829,.T.);
#12012=EDGE_CURVE('',#7856,#7634,#5563,.T.);
#12025=EDGE_CURVE('',#7854,#7632,#5570,.T.);
#12038=EDGE_CURVE('',#7852,#7630,#5577,.T.);
#12051=EDGE_CURVE('',#7850,#7628,#5584,.T.);
#12064=EDGE_CURVE('',#7848,#7626,#5591,.T.);
#12077=EDGE_CURVE('',#7846,#7624,#5598,.T.);
#12090=EDGE_CURVE('',#7844,#7622,#5605,.T.);
#12103=EDGE_CURVE('',#7842,#7620,#5612,.T.);
#12116=EDGE_CURVE('',#7840,#7618,#5619,.T.);
#12129=EDGE_CURVE('',#7838,#7616,#5626,.T.);
#12142=EDGE_CURVE('',#7836,#7614,#5633,.T.);
#12155=EDGE_CURVE('',#7834,#7612,#5640,.T.);
#12168=EDGE_CURVE('',#7832,#7610,#5647,.T.);
#12181=EDGE_CURVE('',#7830,#7608,#5654,.T.);
#12194=EDGE_CURVE('',#7828,#7606,#5661,.T.);
#12207=EDGE_CURVE('',#7826,#7604,#5668,.T.);
#12220=EDGE_CURVE('',#7824,#7602,#5675,.T.);
#12233=EDGE_CURVE('',#7822,#7600,#5682,.T.);
#12246=EDGE_CURVE('',#7820,#7598,#5689,.T.);
#12259=EDGE_CURVE('',#7818,#7596,#5696,.T.);
#12272=EDGE_CURVE('',#7816,#7594,#5703,.T.);
#12285=EDGE_CURVE('',#7814,#7592,#5710,.T.);
#12298=EDGE_CURVE('',#7812,#7590,#5717,.T.);
#12311=EDGE_CURVE('',#7810,#7588,#5724,.T.);
#12324=EDGE_CURVE('',#7808,#7586,#5731,.T.);
#12337=EDGE_CURVE('',#7806,#7584,#5738,.T.);
#12350=EDGE_CURVE('',#7804,#7582,#5745,.T.);
#12363=EDGE_CURVE('',#7802,#7580,#5752,.T.);
#12376=EDGE_CURVE('',#7800,#7578,#5759,.T.);
#12389=EDGE_CURVE('',#7798,#7576,#5766,.T.);
#12402=EDGE_CURVE('',#7796,#7574,#5773,.T.);
#12415=EDGE_CURVE('',#7794,#7572,#5780,.T.);
#12428=EDGE_CURVE('',#7792,#7570,#5787,.T.);
#12441=EDGE_CURVE('',#7790,#7568,#5794,.T.);
#12454=EDGE_CURVE('',#7788,#7566,#5801,.T.);
#12467=EDGE_CURVE('',#7554,#7374,#5808,.T.);
#12480=EDGE_CURVE('',#7552,#7372,#5815,.T.);
#12493=EDGE_CURVE('',#7550,#7370,#5822,.T.);
#12518=EDGE_CURVE('',#7859,#7637,#5836,.T.);
#12521=EDGE_CURVE('',#7860,#7638,#5969,.T.);
#12532=EDGE_CURVE('',#7896,#7674,#5843,.T.);
#12545=EDGE_CURVE('',#7894,#7672,#5850,.T.);
#12558=EDGE_CURVE('',#7892,#7670,#5857,.T.);
#12571=EDGE_CURVE('',#7890,#7668,#5864,.T.);
#12584=EDGE_CURVE('',#7888,#7666,#5871,.T.);
#12597=EDGE_CURVE('',#7886,#7664,#5878,.T.);
#12610=EDGE_CURVE('',#7884,#7662,#5885,.T.);
#12623=EDGE_CURVE('',#7882,#7660,#5892,.T.);
#12636=EDGE_CURVE('',#7880,#7658,#5899,.T.);
#12649=EDGE_CURVE('',#7878,#7656,#5906,.T.);
#12662=EDGE_CURVE('',#7876,#7654,#5913,.T.);
#12675=EDGE_CURVE('',#7874,#7652,#5920,.T.);
#12688=EDGE_CURVE('',#7872,#7650,#5927,.T.);
#12701=EDGE_CURVE('',#7870,#7648,#5934,.T.);
#12714=EDGE_CURVE('',#7868,#7646,#5941,.T.);
#12727=EDGE_CURVE('',#7866,#7644,#5948,.T.);
#12740=EDGE_CURVE('',#7864,#7642,#5955,.T.);
#12753=EDGE_CURVE('',#7862,#7640,#5962,.T.);
#12778=EDGE_CURVE('',#7564,#7384,#5976,.T.);
#12781=EDGE_CURVE('',#7898,#7676,#6368,.T.);
#12792=EDGE_CURVE('',#7562,#7382,#5983,.T.);
#12805=EDGE_CURVE('',#7560,#7380,#5990,.T.);
#12818=EDGE_CURVE('',#7558,#7378,#5997,.T.);
#12831=EDGE_CURVE('',#7557,#7377,#6004,.T.);
#12844=EDGE_CURVE('',#8000,#7778,#6011,.T.);
#12857=EDGE_CURVE('',#7998,#7776,#6018,.T.);
#12870=EDGE_CURVE('',#7996,#7774,#6025,.T.);
#12883=EDGE_CURVE('',#7994,#7772,#6032,.T.);
#12896=EDGE_CURVE('',#7992,#7770,#6039,.T.);
#12909=EDGE_CURVE('',#7990,#7768,#6046,.T.);
#12922=EDGE_CURVE('',#7988,#7766,#6053,.T.);
#12935=EDGE_CURVE('',#7986,#7764,#6060,.T.);
#12948=EDGE_CURVE('',#7984,#7762,#6067,.T.);
#12961=EDGE_CURVE('',#7982,#7760,#6074,.T.);
#12974=EDGE_CURVE('',#7980,#7758,#6081,.T.);
#12987=EDGE_CURVE('',#7978,#7756,#6088,.T.);
#13000=EDGE_CURVE('',#7976,#7754,#6095,.T.);
#13013=EDGE_CURVE('',#7974,#7752,#6102,.T.);
#13026=EDGE_CURVE('',#7972,#7750,#6109,.T.);
#13039=EDGE_CURVE('',#7970,#7748,#6116,.T.);
#13052=EDGE_CURVE('',#7968,#7746,#6123,.T.);
#13065=EDGE_CURVE('',#7966,#7744,#6130,.T.);
#13078=EDGE_CURVE('',#7964,#7742,#6137,.T.);
#13091=EDGE_CURVE('',#7962,#7740,#6144,.T.);
#13104=EDGE_CURVE('',#7960,#7738,#6151,.T.);
#13117=EDGE_CURVE('',#7958,#7736,#6158,.T.);
#13130=EDGE_CURVE('',#7956,#7734,#6165,.T.);
#13143=EDGE_CURVE('',#7954,#7732,#6172,.T.);
#13156=EDGE_CURVE('',#7952,#7730,#6179,.T.);
#13169=EDGE_CURVE('',#7950,#7728,#6186,.T.);
#13182=EDGE_CURVE('',#7948,#7726,#6193,.T.);
#13195=EDGE_CURVE('',#7946,#7724,#6200,.T.);
#13208=EDGE_CURVE('',#7944,#7722,#6207,.T.);
#13221=EDGE_CURVE('',#7942,#7720,#6214,.T.);
#13234=EDGE_CURVE('',#7940,#7718,#6221,.T.);
#13247=EDGE_CURVE('',#7938,#7716,#6228,.T.);
#13260=EDGE_CURVE('',#7936,#7714,#6235,.T.);
#13273=EDGE_CURVE('',#7934,#7712,#6242,.T.);
#13286=EDGE_CURVE('',#7932,#7710,#6249,.T.);
#13299=EDGE_CURVE('',#7930,#7708,#6256,.T.);
#13312=EDGE_CURVE('',#7928,#7706,#6263,.T.);
#13325=EDGE_CURVE('',#7926,#7704,#6270,.T.);
#13338=EDGE_CURVE('',#7924,#7702,#6277,.T.);
#13351=EDGE_CURVE('',#7922,#7700,#6284,.T.);
#13364=EDGE_CURVE('',#7920,#7698,#6291,.T.);
#13377=EDGE_CURVE('',#7918,#7696,#6298,.T.);
#13390=EDGE_CURVE('',#7916,#7694,#6305,.T.);
#13403=EDGE_CURVE('',#7914,#7692,#6312,.T.);
#13416=EDGE_CURVE('',#7912,#7690,#6319,.T.);
#13429=EDGE_CURVE('',#7910,#7688,#6326,.T.);
#13442=EDGE_CURVE('',#7908,#7686,#6333,.T.);
#13455=EDGE_CURVE('',#7906,#7684,#6340,.T.);
#13468=EDGE_CURVE('',#7904,#7682,#6347,.T.);
#13481=EDGE_CURVE('',#7902,#7680,#6354,.T.);
#13494=EDGE_CURVE('',#7900,#7678,#6361,.T.);
#13519=EDGE_CURVE('',#8003,#7781,#6375,.T.);
#13522=EDGE_CURVE('',#8004,#7782,#6396,.T.);
#13533=EDGE_CURVE('',#8008,#7786,#6382,.T.);
#13546=EDGE_CURVE('',#8006,#7784,#6389,.T.);
#13571=EDGE_CURVE('',#8319,#8239,#6403,.T.);
#13574=EDGE_CURVE('',#8320,#8240,#6676,.T.);
#13585=EDGE_CURVE('',#8396,#8316,#6410,.T.);
#13598=EDGE_CURVE('',#8394,#8314,#6417,.T.);
#13611=EDGE_CURVE('',#8392,#8312,#6424,.T.);
#13624=EDGE_CURVE('',#8390,#8310,#6431,.T.);
#13637=EDGE_CURVE('',#8388,#8308,#6438,.T.);
#13650=EDGE_CURVE('',#8386,#8306,#6445,.T.);
#13663=EDGE_CURVE('',#8384,#8304,#6452,.T.);
#13676=EDGE_CURVE('',#8382,#8302,#6459,.T.);
#13689=EDGE_CURVE('',#8380,#8300,#6466,.T.);
#13702=EDGE_CURVE('',#8378,#8298,#6473,.T.);
#13715=EDGE_CURVE('',#8376,#8296,#6480,.T.);
#13728=EDGE_CURVE('',#8374,#8294,#6487,.T.);
#13741=EDGE_CURVE('',#8372,#8292,#6494,.T.);
#13754=EDGE_CURVE('',#8370,#8290,#6501,.T.);
#13767=EDGE_CURVE('',#8368,#8288,#6508,.T.);
#13780=EDGE_CURVE('',#8366,#8286,#6515,.T.);
#13793=EDGE_CURVE('',#8364,#8284,#6522,.T.);
#13806=EDGE_CURVE('',#8362,#8282,#6529,.T.);
#13819=EDGE_CURVE('',#8360,#8280,#6536,.T.);
#13832=EDGE_CURVE('',#8358,#8278,#6543,.T.);
#13845=EDGE_CURVE('',#8356,#8276,#6550,.T.);
#13858=EDGE_CURVE('',#8354,#8274,#6557,.T.);
#13871=EDGE_CURVE('',#8352,#8272,#6564,.T.);
#13884=EDGE_CURVE('',#8350,#8270,#6571,.T.);
#13897=EDGE_CURVE('',#8348,#8268,#6578,.T.);
#13910=EDGE_CURVE('',#8346,#8266,#6585,.T.);
#13923=EDGE_CURVE('',#8344,#8264,#6592,.T.);
#13936=EDGE_CURVE('',#8342,#8262,#6599,.T.);
#13949=EDGE_CURVE('',#8340,#8260,#6606,.T.);
#13962=EDGE_CURVE('',#8338,#8258,#6613,.T.);
#13975=EDGE_CURVE('',#8336,#8256,#6620,.T.);
#13988=EDGE_CURVE('',#8334,#8254,#6627,.T.);
#14001=EDGE_CURVE('',#8332,#8252,#6634,.T.);
#14014=EDGE_CURVE('',#8330,#8250,#6641,.T.);
#14027=EDGE_CURVE('',#8328,#8248,#6648,.T.);
#14040=EDGE_CURVE('',#8326,#8246,#6655,.T.);
#14053=EDGE_CURVE('',#8324,#8244,#6662,.T.);
#14066=EDGE_CURVE('',#8322,#8242,#6669,.T.);
#14091=EDGE_CURVE('',#8184,#8212,#6764,.T.);
#14093=EDGE_CURVE('',#8184,#8204,#6683,.T.);
#14095=EDGE_CURVE('',#8204,#8208,#6771,.T.);
#14106=EDGE_CURVE('',#8210,#8167,#6690,.T.);
#14108=EDGE_CURVE('',#8167,#8168,#6698,.T.);
#14110=EDGE_CURVE('',#8168,#8170,#6705,.T.);
#14112=EDGE_CURVE('',#8170,#8172,#6713,.T.);
#14114=EDGE_CURVE('',#8172,#8174,#6720,.T.);
#14116=EDGE_CURVE('',#8174,#8176,#6727,.T.);
#14118=EDGE_CURVE('',#8176,#8178,#6734,.T.);
#14120=EDGE_CURVE('',#8178,#8180,#6742,.T.);
#14122=EDGE_CURVE('',#8180,#8182,#6749,.T.);
#14124=EDGE_CURVE('',#8182,#8184,#6757,.T.);
#14136=EDGE_CURVE('',#8207,#8187,#6845,.T.);
#14138=EDGE_CURVE('',#8167,#8187,#6908,.T.);
#14151=EDGE_CURVE('',#8202,#8204,#6779,.T.);
#14153=EDGE_CURVE('',#8200,#8202,#6786,.T.);
#14155=EDGE_CURVE('',#8198,#8200,#6794,.T.);
#14157=EDGE_CURVE('',#8196,#8198,#6801,.T.);
#14159=EDGE_CURVE('',#8194,#8196,#6808,.T.);
#14161=EDGE_CURVE('',#8192,#8194,#6815,.T.);
#14163=EDGE_CURVE('',#8190,#8192,#6823,.T.);
#14165=EDGE_CURVE('',#8188,#8190,#6830,.T.);
#14167=EDGE_CURVE('',#8187,#8188,#6838,.T.);
#14179=EDGE_CURVE('',#8182,#8202,#6852,.T.);
#14192=EDGE_CURVE('',#8180,#8200,#6859,.T.);
#14205=EDGE_CURVE('',#8178,#8198,#6866,.T.);
#14218=EDGE_CURVE('',#8176,#8196,#6873,.T.);
#14231=EDGE_CURVE('',#8174,#8194,#6880,.T.);
#14244=EDGE_CURVE('',#8172,#8192,#6887,.T.);
#14257=EDGE_CURVE('',#8170,#8190,#6894,.T.);
#14270=EDGE_CURVE('',#8168,#8188,#6901,.T.);
#14295=EDGE_CURVE('',#7151,#7111,#6915,.T.);
#14297=EDGE_CURVE('',#7111,#7112,#6923,.T.);
#14299=EDGE_CURVE('',#7112,#7114,#6930,.T.);
#14301=EDGE_CURVE('',#7114,#7116,#6938,.T.);
#14303=EDGE_CURVE('',#7116,#7118,#6945,.T.);
#14305=EDGE_CURVE('',#7118,#7120,#6952,.T.);
#14307=EDGE_CURVE('',#7120,#7122,#6959,.T.);
#14309=EDGE_CURVE('',#7122,#7124,#6967,.T.);
#14311=EDGE_CURVE('',#7124,#7126,#6974,.T.);
#14313=EDGE_CURVE('',#7126,#7128,#6982,.T.);
#14326=EDGE_CURVE('',#7111,#7131,#6996,.T.);
#14340=EDGE_CURVE('',#7112,#7132,#7003,.T.);
#14353=EDGE_CURVE('',#7114,#7134,#7010,.T.);
#14366=EDGE_CURVE('',#7116,#7136,#7017,.T.);
#14379=EDGE_CURVE('',#7118,#7138,#7024,.T.);
#14392=EDGE_CURVE('',#7120,#7140,#7031,.T.);
#14405=EDGE_CURVE('',#7122,#7142,#7038,.T.);
#14418=EDGE_CURVE('',#7124,#7144,#7045,.T.);
#14431=EDGE_CURVE('',#7126,#7146,#7052,.T.);
#14509=ADVANCED_BREP_SHAPE_REPRESENTATION('',(#14485),#14508);
#14517=PRODUCT_DEFINITION('part definition','',#14516,#14513);
#14518=PRODUCT_DEFINITION_SHAPE('','SHAPE FOR TO263-5_P1-7_L10-2_W9-45.',
#14517);
#14519=SHAPE_REPRESENTATION('',(#14485),#14508);
#14520=SHAPE_ASPECT('','solid data associated with TO263-5_P1-7_L10-2_W9-45',
#14518,.F.);
#14521=PROPERTY_DEFINITION('',
'shape for solid data with which properties are associated',#14520);
#14522=SHAPE_DEFINITION_REPRESENTATION(#14521,#14519);
#14527=PROPERTY_DEFINITION('geometric_validation_property',
'area of TO263-5_P1-7_L10-2_W9-45',#14520);
#14528=REPRESENTATION('surface area',(#14526),#14508);
#14529=PROPERTY_DEFINITION_REPRESENTATION(#14527,#14528);
#14534=PROPERTY_DEFINITION('geometric_validation_property',
'volume of TO263-5_P1-7_L10-2_W9-45',#14520);
#14535=REPRESENTATION('volume',(#14533),#14508);
#14536=PROPERTY_DEFINITION_REPRESENTATION(#14534,#14535);
#14538=PROPERTY_DEFINITION('geometric_validation_property',
'centroid of TO263-5_P1-7_L10-2_W9-45',#14520);
#14539=REPRESENTATION('centroid',(#14537),#14508);
#14540=PROPERTY_DEFINITION_REPRESENTATION(#14538,#14539);
#14541=SHAPE_DEFINITION_REPRESENTATION(#14518,#14509);
ENDSEC;
END-ISO-10303-21;
