ISO-10303-21;
HEADER;
FILE_DESCRIPTION(('STEP AP214'),
    '1');
FILE_NAME('CJT_A2008',
    '2020-10-03T15:07:40',
    ('AF'),
    (''),
    'UNSPECIFIED',
    'UNSPECIFIED',
    '');
/*Based on CJT A2008 series datasheet*/
FILE_SCHEMA(('AUTOMOTIVE_DESIGN { 1 0 10303 214 3 1 1}'));
ENDSEC;

DATA;
#1=SHAPE_REPRESENTATION('NONE',(#2,#45,#109,#135,#161,#187,#250,#276,#302,#328,#354,
#380,#406,#432,#458,#484),#6);
#2=AXIS2_PLACEMENT_3D('',#3,#4,#5);
#3=CARTESIAN_POINT('',(0.,0.,0.));
#4=DIRECTION('',(0.,0.,1.));
#5=DIRECTION('',(1.,0.,0.));
#6=(GEOMETRIC_REPRESENTATION_CONTEXT(3)GLOBAL_UNCERTAINTY_ASSIGNED_CONTEXT((#8))
GLOBAL_UNIT_ASSIGNED_CONTEXT((#7,#9,#10))REPRESENTATION_CONTEXT('NONE','NONE'));
#7=(LENGTH_UNIT()NAMED_UNIT(*)SI_UNIT(.MILLI.,.METRE.));
#8=UNCERTAINTY_MEASURE_WITH_UNIT(LENGTH_MEASURE(1.E-005),#7,'NONE','NONE');
#9=(NAMED_UNIT(*)PLANE_ANGLE_UNIT()SI_UNIT($,.RADIAN.));
#10=(NAMED_UNIT(*)SI_UNIT($,.STERADIAN.)SOLID_ANGLE_UNIT());
#11=SHAPE_DEFINITION_REPRESENTATION(#12,#1);
#12=PRODUCT_DEFINITION_SHAPE('NONE','NONE',#13);
#13=PRODUCT_DEFINITION('','UNSPECIFIED',#14,#22);
#14=PRODUCT_DEFINITION_FORMATION_WITH_SPECIFIED_SOURCE('ANY','UNSPECIFIED',#15,.NOT_KNOWN.);
#15=PRODUCT('','CJT_A2008WV-2x7P','Based on CJT A2008 series datasheet',(#25));
#16=PERSON('UNSPECIFIED','AF','UNSPECIFIED',('UNSPECIFIED'),('UNSPECIFIED'),('UNSPECIFIED'));
#17=ORGANIZATION('UNSPECIFIED','UNSPECIFIED','UNSPECIFIED');
#18=PERSON_AND_ORGANIZATION(#16,#17);
#19=PERSON_AND_ORGANIZATION_ROLE('design_owner');
#20=CC_DESIGN_PERSON_AND_ORGANIZATION_ASSIGNMENT(#18,#19,(#15));
#21=PRODUCT_RELATED_PRODUCT_CATEGORY('assembly','',(#15));
#22=DESIGN_CONTEXT('detailed design',#23,'design');
#23=APPLICATION_CONTEXT('configuration controlled 3d designs of mechanical parts and assemblies');
#24=APPLICATION_PROTOCOL_DEFINITION('international standard','automotive_design',
2011,#23);
#25=PRODUCT_CONTEXT('NONE',#23,'mechanical');
#26=CC_DESIGN_DATE_AND_TIME_ASSIGNMENT(#27,#31,(#13));
#27=DATE_AND_TIME(#28,#29);
#28=CALENDAR_DATE(0,1,1);
#29=LOCAL_TIME(0,0,0.,#30);
#30=COORDINATED_UNIVERSAL_TIME_OFFSET(0,0,.AHEAD.);
#31=DATE_TIME_ROLE('creation_date');
#32=CC_DESIGN_APPROVAL(#33,(#13));
#33=APPROVAL(#34,'UNSPECIFIED');
#34=APPROVAL_STATUS('not_yet_approved');
#35=APPROVAL_DATE_TIME(#36,#33);
#36=DATE_AND_TIME(#37,#38);
#37=CALENDAR_DATE(0,1,1);
#38=LOCAL_TIME(0,0,0.,#39);
#39=COORDINATED_UNIVERSAL_TIME_OFFSET(0,0,.AHEAD.);
#40=DERIVED_UNIT((#44,#41));
#41=DERIVED_UNIT_ELEMENT(#42,-1.);
#42=VOLUME_UNIT(#43);
#43=DIMENSIONAL_EXPONENTS(3.,0.,0.,0.,0.,0.,0.);
#44=(DERIVED_UNIT_ELEMENT($,-1.)NAMED_UNIT($)MASS_UNIT()SI_UNIT($,.GRAM.));
#45=AXIS2_PLACEMENT_3D('',#46,#47,#48);
#46=CARTESIAN_POINT('',(0.,0.,0.));
#47=DIRECTION('',(0.,0.,1.));
#48=DIRECTION('',(1.,0.,0.));
#49=SHAPE_REPRESENTATION('NONE',(#2),#6);
#50=SHAPE_DEFINITION_REPRESENTATION(#51,#49);
#51=PRODUCT_DEFINITION_SHAPE('NONE','NONE',#52);
#52=PRODUCT_DEFINITION('','UNSPECIFIED',#53,#56);
#53=PRODUCT_DEFINITION_FORMATION_WITH_SPECIFIED_SOURCE('ANY','UNSPECIFIED',#54,.NOT_KNOWN.);
#54=PRODUCT('','CJT_A2008-WV-2-pin','NONE',(#59));
#55=PRODUCT_RELATED_PRODUCT_CATEGORY('detail','',(#54));
#56=DESIGN_CONTEXT('detailed design',#57,'design');
#57=APPLICATION_CONTEXT('configuration controlled 3d designs of mechanical parts and assemblies');
#58=APPLICATION_PROTOCOL_DEFINITION('international standard','automotive_design',
2011,#57);
#59=PRODUCT_CONTEXT('NONE',#57,'mechanical');
#60=CC_DESIGN_DATE_AND_TIME_ASSIGNMENT(#61,#65,(#52));
#61=DATE_AND_TIME(#62,#63);
#62=CALENDAR_DATE(0,1,1);
#63=LOCAL_TIME(0,0,0.,#64);
#64=COORDINATED_UNIVERSAL_TIME_OFFSET(0,0,.AHEAD.);
#65=DATE_TIME_ROLE('creation_date');
#66=CC_DESIGN_APPROVAL(#67,(#52));
#67=APPROVAL(#68,'UNSPECIFIED');
#68=APPROVAL_STATUS('not_yet_approved');
#69=APPROVAL_DATE_TIME(#70,#67);
#70=DATE_AND_TIME(#71,#72);
#71=CALENDAR_DATE(0,1,1);
#72=LOCAL_TIME(0,0,0.,#73);
#73=COORDINATED_UNIVERSAL_TIME_OFFSET(0,0,.AHEAD.);
#74=MANIFOLD_SOLID_BREP('',#75);
#75=CLOSED_SHELL('',(#510,#519,#528,#537,#546,#555,#564,#573,#582,#591,#600,#609,
#618,#627));
#76=COLOUR_RGB($,0.827450980392157,0.831372549019608,0.835294117647059);
#77=FILL_AREA_STYLE_COLOUR($,#76);
#78=FILL_AREA_STYLE($,(#77));
#79=SURFACE_STYLE_FILL_AREA(#78);
#80=SURFACE_SIDE_STYLE('',(#79));
#81=SURFACE_STYLE_USAGE(.BOTH.,#80);
#82=PRESENTATION_STYLE_ASSIGNMENT((#81));
#83=MECHANICAL_DESIGN_GEOMETRIC_PRESENTATION_REPRESENTATION('NONE',(#84,#225,#518,
#527,#536,#545,#554,#563,#572,#581,#590,#599,#608,#617,#626,#635,#644,#653,#662,
#671,#680,#689,#698,#707,#716,#725,#734,#743,#752,#761,#770,#779,#788,#797,#806,
#815,#824,#833,#842,#851,#860,#869,#878,#887,#896,#905,#914,#923,#932,#941,#950,
#959,#968,#977,#986,#995,#1004,#1013,#1022,#1031,#1040,#1049,#1058,#1067,#1076,#1085,
#1094,#1103,#1112,#1121,#1130,#1139,#1148,#1157,#1166,#1175,#1184,#1193,#1202,#1211,
#1220,#1229,#1238),#6);
#84=STYLED_ITEM('',(#82),#74);
#85=ADVANCED_BREP_SHAPE_REPRESENTATION('NONE',(#74),#6);
#86=SHAPE_REPRESENTATION_RELATIONSHIP('','',#49,#85);
#87=ITEM_DEFINED_TRANSFORMATION('','',#2,#45);
#88=(REPRESENTATION_RELATIONSHIP('','',#49,#1)REPRESENTATION_RELATIONSHIP_WITH_TRANSFORMATION(
#87)SHAPE_REPRESENTATION_RELATIONSHIP());
#89=NEXT_ASSEMBLY_USAGE_OCCURRENCE('1','','',#13,#52,$);
#90=CC_DESIGN_SECURITY_CLASSIFICATION(#91,(#89));
#91=SECURITY_CLASSIFICATION('','',#92);
#92=SECURITY_CLASSIFICATION_LEVEL('unclassified');
#93=CC_DESIGN_DATE_AND_TIME_ASSIGNMENT(#94,#98,(#91));
#94=DATE_AND_TIME(#95,#96);
#95=CALENDAR_DATE(0,1,1);
#96=LOCAL_TIME(0,0,0.,#97);
#97=COORDINATED_UNIVERSAL_TIME_OFFSET(0,0,.AHEAD.);
#98=DATE_TIME_ROLE('classification_date');
#99=CC_DESIGN_APPROVAL(#100,(#91));
#100=APPROVAL(#101,'UNSPECIFIED');
#101=APPROVAL_STATUS('not_yet_approved');
#102=APPROVAL_DATE_TIME(#103,#100);
#103=DATE_AND_TIME(#104,#105);
#104=CALENDAR_DATE(0,1,1);
#105=LOCAL_TIME(0,0,0.,#106);
#106=COORDINATED_UNIVERSAL_TIME_OFFSET(0,0,.AHEAD.);
#107=PRODUCT_DEFINITION_SHAPE('NONE','NONE',#89);
#108=CONTEXT_DEPENDENT_SHAPE_REPRESENTATION(#88,#107);
#109=AXIS2_PLACEMENT_3D('',#110,#111,#112);
#110=CARTESIAN_POINT('',(-2.,2.44929359829471E-016,0.));
#111=DIRECTION('',(0.,0.,1.));
#112=DIRECTION('',(1.,0.,0.));
#113=ITEM_DEFINED_TRANSFORMATION('','',#2,#109);
#114=(REPRESENTATION_RELATIONSHIP('','',#49,#1)REPRESENTATION_RELATIONSHIP_WITH_TRANSFORMATION(
#113)SHAPE_REPRESENTATION_RELATIONSHIP());
#115=NEXT_ASSEMBLY_USAGE_OCCURRENCE('2','','',#13,#52,$);
#116=CC_DESIGN_SECURITY_CLASSIFICATION(#117,(#115));
#117=SECURITY_CLASSIFICATION('','',#118);
#118=SECURITY_CLASSIFICATION_LEVEL('unclassified');
#119=CC_DESIGN_DATE_AND_TIME_ASSIGNMENT(#120,#124,(#117));
#120=DATE_AND_TIME(#121,#122);
#121=CALENDAR_DATE(0,1,1);
#122=LOCAL_TIME(0,0,0.,#123);
#123=COORDINATED_UNIVERSAL_TIME_OFFSET(0,0,.AHEAD.);
#124=DATE_TIME_ROLE('classification_date');
#125=CC_DESIGN_APPROVAL(#126,(#117));
#126=APPROVAL(#127,'UNSPECIFIED');
#127=APPROVAL_STATUS('not_yet_approved');
#128=APPROVAL_DATE_TIME(#129,#126);
#129=DATE_AND_TIME(#130,#131);
#130=CALENDAR_DATE(0,1,1);
#131=LOCAL_TIME(0,0,0.,#132);
#132=COORDINATED_UNIVERSAL_TIME_OFFSET(0,0,.AHEAD.);
#133=PRODUCT_DEFINITION_SHAPE('NONE','NONE',#115);
#134=CONTEXT_DEPENDENT_SHAPE_REPRESENTATION(#114,#133);
#135=AXIS2_PLACEMENT_3D('',#136,#137,#138);
#136=CARTESIAN_POINT('',(1.22464679914735E-016,2.,0.));
#137=DIRECTION('',(0.,0.,1.));
#138=DIRECTION('',(1.,0.,0.));
#139=ITEM_DEFINED_TRANSFORMATION('','',#2,#135);
#140=(REPRESENTATION_RELATIONSHIP('','',#49,#1)REPRESENTATION_RELATIONSHIP_WITH_TRANSFORMATION(
#139)SHAPE_REPRESENTATION_RELATIONSHIP());
#141=NEXT_ASSEMBLY_USAGE_OCCURRENCE('3','','',#13,#52,$);
#142=CC_DESIGN_SECURITY_CLASSIFICATION(#143,(#141));
#143=SECURITY_CLASSIFICATION('','',#144);
#144=SECURITY_CLASSIFICATION_LEVEL('unclassified');
#145=CC_DESIGN_DATE_AND_TIME_ASSIGNMENT(#146,#150,(#143));
#146=DATE_AND_TIME(#147,#148);
#147=CALENDAR_DATE(0,1,1);
#148=LOCAL_TIME(0,0,0.,#149);
#149=COORDINATED_UNIVERSAL_TIME_OFFSET(0,0,.AHEAD.);
#150=DATE_TIME_ROLE('classification_date');
#151=CC_DESIGN_APPROVAL(#152,(#143));
#152=APPROVAL(#153,'UNSPECIFIED');
#153=APPROVAL_STATUS('not_yet_approved');
#154=APPROVAL_DATE_TIME(#155,#152);
#155=DATE_AND_TIME(#156,#157);
#156=CALENDAR_DATE(0,1,1);
#157=LOCAL_TIME(0,0,0.,#158);
#158=COORDINATED_UNIVERSAL_TIME_OFFSET(0,0,.AHEAD.);
#159=PRODUCT_DEFINITION_SHAPE('NONE','NONE',#141);
#160=CONTEXT_DEPENDENT_SHAPE_REPRESENTATION(#140,#159);
#161=AXIS2_PLACEMENT_3D('',#162,#163,#164);
#162=CARTESIAN_POINT('',(-2.,2.,0.));
#163=DIRECTION('',(0.,0.,1.));
#164=DIRECTION('',(1.,0.,0.));
#165=ITEM_DEFINED_TRANSFORMATION('','',#2,#161);
#166=(REPRESENTATION_RELATIONSHIP('','',#49,#1)REPRESENTATION_RELATIONSHIP_WITH_TRANSFORMATION(
#165)SHAPE_REPRESENTATION_RELATIONSHIP());
#167=NEXT_ASSEMBLY_USAGE_OCCURRENCE('4','','',#13,#52,$);
#168=CC_DESIGN_SECURITY_CLASSIFICATION(#169,(#167));
#169=SECURITY_CLASSIFICATION('','',#170);
#170=SECURITY_CLASSIFICATION_LEVEL('unclassified');
#171=CC_DESIGN_DATE_AND_TIME_ASSIGNMENT(#172,#176,(#169));
#172=DATE_AND_TIME(#173,#174);
#173=CALENDAR_DATE(0,1,1);
#174=LOCAL_TIME(0,0,0.,#175);
#175=COORDINATED_UNIVERSAL_TIME_OFFSET(0,0,.AHEAD.);
#176=DATE_TIME_ROLE('classification_date');
#177=CC_DESIGN_APPROVAL(#178,(#169));
#178=APPROVAL(#179,'UNSPECIFIED');
#179=APPROVAL_STATUS('not_yet_approved');
#180=APPROVAL_DATE_TIME(#181,#178);
#181=DATE_AND_TIME(#182,#183);
#182=CALENDAR_DATE(0,1,1);
#183=LOCAL_TIME(0,0,0.,#184);
#184=COORDINATED_UNIVERSAL_TIME_OFFSET(0,0,.AHEAD.);
#185=PRODUCT_DEFINITION_SHAPE('NONE','NONE',#167);
#186=CONTEXT_DEPENDENT_SHAPE_REPRESENTATION(#166,#185);
#187=AXIS2_PLACEMENT_3D('',#188,#189,#190);
#188=CARTESIAN_POINT('',(0.,0.,0.));
#189=DIRECTION('',(0.,0.,1.));
#190=DIRECTION('',(1.,0.,0.));
#191=SHAPE_REPRESENTATION('NONE',(#2),#6);
#192=SHAPE_DEFINITION_REPRESENTATION(#193,#191);
#193=PRODUCT_DEFINITION_SHAPE('NONE','NONE',#194);
#194=PRODUCT_DEFINITION('','UNSPECIFIED',#195,#198);
#195=PRODUCT_DEFINITION_FORMATION_WITH_SPECIFIED_SOURCE('ANY','UNSPECIFIED',#196,
.NOT_KNOWN.);
#196=PRODUCT('','CJT_A2008-2-wafer','NONE',(#201));
#197=PRODUCT_RELATED_PRODUCT_CATEGORY('detail','',(#196));
#198=DESIGN_CONTEXT('detailed design',#199,'design');
#199=APPLICATION_CONTEXT('configuration controlled 3d designs of mechanical parts and assemblies');
#200=APPLICATION_PROTOCOL_DEFINITION('international standard','automotive_design',
2011,#199);
#201=PRODUCT_CONTEXT('NONE',#199,'mechanical');
#202=CC_DESIGN_DATE_AND_TIME_ASSIGNMENT(#203,#207,(#194));
#203=DATE_AND_TIME(#204,#205);
#204=CALENDAR_DATE(0,1,1);
#205=LOCAL_TIME(0,0,0.,#206);
#206=COORDINATED_UNIVERSAL_TIME_OFFSET(0,0,.AHEAD.);
#207=DATE_TIME_ROLE('creation_date');
#208=CC_DESIGN_APPROVAL(#209,(#194));
#209=APPROVAL(#210,'UNSPECIFIED');
#210=APPROVAL_STATUS('not_yet_approved');
#211=APPROVAL_DATE_TIME(#212,#209);
#212=DATE_AND_TIME(#213,#214);
#213=CALENDAR_DATE(0,1,1);
#214=LOCAL_TIME(0,0,0.,#215);
#215=COORDINATED_UNIVERSAL_TIME_OFFSET(0,0,.AHEAD.);
#216=MANIFOLD_SOLID_BREP('',#217);
#217=CLOSED_SHELL('',(#636,#645,#654,#663,#672,#681,#690,#699,#708,#717,#726,#735,
#744,#753,#762,#771,#780,#789,#798,#807,#816,#825,#834,#843,#852,#861,#870,#879,
#888,#897,#906,#915,#924,#933,#942,#951,#960,#969,#978,#987,#996,#1005,#1014,#1023,
#1032,#1041,#1050,#1059,#1068,#1077,#1086,#1095,#1104,#1113,#1122,#1131,#1140,#1149,
#1158,#1167,#1176,#1185,#1194,#1203,#1212,#1221,#1230));
#218=COLOUR_RGB($,0.92156862745098,0.92156862745098,0.909803921568627);
#219=FILL_AREA_STYLE_COLOUR($,#218);
#220=FILL_AREA_STYLE($,(#219));
#221=SURFACE_STYLE_FILL_AREA(#220);
#222=SURFACE_SIDE_STYLE('',(#221));
#223=SURFACE_STYLE_USAGE(.BOTH.,#222);
#224=PRESENTATION_STYLE_ASSIGNMENT((#223));
#225=STYLED_ITEM('',(#224),#216);
#226=ADVANCED_BREP_SHAPE_REPRESENTATION('NONE',(#216),#6);
#227=SHAPE_REPRESENTATION_RELATIONSHIP('','',#191,#226);
#228=ITEM_DEFINED_TRANSFORMATION('','',#2,#187);
#229=(REPRESENTATION_RELATIONSHIP('','',#191,#1)REPRESENTATION_RELATIONSHIP_WITH_TRANSFORMATION(
#228)SHAPE_REPRESENTATION_RELATIONSHIP());
#230=NEXT_ASSEMBLY_USAGE_OCCURRENCE('5','','',#13,#194,$);
#231=CC_DESIGN_SECURITY_CLASSIFICATION(#232,(#230));
#232=SECURITY_CLASSIFICATION('','',#233);
#233=SECURITY_CLASSIFICATION_LEVEL('unclassified');
#234=CC_DESIGN_DATE_AND_TIME_ASSIGNMENT(#235,#239,(#232));
#235=DATE_AND_TIME(#236,#237);
#236=CALENDAR_DATE(0,1,1);
#237=LOCAL_TIME(0,0,0.,#238);
#238=COORDINATED_UNIVERSAL_TIME_OFFSET(0,0,.AHEAD.);
#239=DATE_TIME_ROLE('classification_date');
#240=CC_DESIGN_APPROVAL(#241,(#232));
#241=APPROVAL(#242,'UNSPECIFIED');
#242=APPROVAL_STATUS('not_yet_approved');
#243=APPROVAL_DATE_TIME(#244,#241);
#244=DATE_AND_TIME(#245,#246);
#245=CALENDAR_DATE(0,1,1);
#246=LOCAL_TIME(0,0,0.,#247);
#247=COORDINATED_UNIVERSAL_TIME_OFFSET(0,0,.AHEAD.);
#248=PRODUCT_DEFINITION_SHAPE('NONE','NONE',#230);
#249=CONTEXT_DEPENDENT_SHAPE_REPRESENTATION(#229,#248);
#250=AXIS2_PLACEMENT_3D('',#251,#252,#253);
#251=CARTESIAN_POINT('',(-4.,4.89858719658941E-016,0.));
#252=DIRECTION('',(0.,0.,1.));
#253=DIRECTION('',(1.,0.,0.));
#254=ITEM_DEFINED_TRANSFORMATION('','',#2,#250);
#255=(REPRESENTATION_RELATIONSHIP('','',#49,#1)REPRESENTATION_RELATIONSHIP_WITH_TRANSFORMATION(
#254)SHAPE_REPRESENTATION_RELATIONSHIP());
#256=NEXT_ASSEMBLY_USAGE_OCCURRENCE('6','','',#13,#52,$);
#257=CC_DESIGN_SECURITY_CLASSIFICATION(#258,(#256));
#258=SECURITY_CLASSIFICATION('','',#259);
#259=SECURITY_CLASSIFICATION_LEVEL('unclassified');
#260=CC_DESIGN_DATE_AND_TIME_ASSIGNMENT(#261,#265,(#258));
#261=DATE_AND_TIME(#262,#263);
#262=CALENDAR_DATE(0,1,1);
#263=LOCAL_TIME(0,0,0.,#264);
#264=COORDINATED_UNIVERSAL_TIME_OFFSET(0,0,.AHEAD.);
#265=DATE_TIME_ROLE('classification_date');
#266=CC_DESIGN_APPROVAL(#267,(#258));
#267=APPROVAL(#268,'UNSPECIFIED');
#268=APPROVAL_STATUS('not_yet_approved');
#269=APPROVAL_DATE_TIME(#270,#267);
#270=DATE_AND_TIME(#271,#272);
#271=CALENDAR_DATE(0,1,1);
#272=LOCAL_TIME(0,0,0.,#273);
#273=COORDINATED_UNIVERSAL_TIME_OFFSET(0,0,.AHEAD.);
#274=PRODUCT_DEFINITION_SHAPE('NONE','NONE',#256);
#275=CONTEXT_DEPENDENT_SHAPE_REPRESENTATION(#255,#274);
#276=AXIS2_PLACEMENT_3D('',#277,#278,#279);
#277=CARTESIAN_POINT('',(-4.,2.,0.));
#278=DIRECTION('',(0.,0.,1.));
#279=DIRECTION('',(1.,0.,0.));
#280=ITEM_DEFINED_TRANSFORMATION('','',#2,#276);
#281=(REPRESENTATION_RELATIONSHIP('','',#49,#1)REPRESENTATION_RELATIONSHIP_WITH_TRANSFORMATION(
#280)SHAPE_REPRESENTATION_RELATIONSHIP());
#282=NEXT_ASSEMBLY_USAGE_OCCURRENCE('7','','',#13,#52,$);
#283=CC_DESIGN_SECURITY_CLASSIFICATION(#284,(#282));
#284=SECURITY_CLASSIFICATION('','',#285);
#285=SECURITY_CLASSIFICATION_LEVEL('unclassified');
#286=CC_DESIGN_DATE_AND_TIME_ASSIGNMENT(#287,#291,(#284));
#287=DATE_AND_TIME(#288,#289);
#288=CALENDAR_DATE(0,1,1);
#289=LOCAL_TIME(0,0,0.,#290);
#290=COORDINATED_UNIVERSAL_TIME_OFFSET(0,0,.AHEAD.);
#291=DATE_TIME_ROLE('classification_date');
#292=CC_DESIGN_APPROVAL(#293,(#284));
#293=APPROVAL(#294,'UNSPECIFIED');
#294=APPROVAL_STATUS('not_yet_approved');
#295=APPROVAL_DATE_TIME(#296,#293);
#296=DATE_AND_TIME(#297,#298);
#297=CALENDAR_DATE(0,1,1);
#298=LOCAL_TIME(0,0,0.,#299);
#299=COORDINATED_UNIVERSAL_TIME_OFFSET(0,0,.AHEAD.);
#300=PRODUCT_DEFINITION_SHAPE('NONE','NONE',#282);
#301=CONTEXT_DEPENDENT_SHAPE_REPRESENTATION(#281,#300);
#302=AXIS2_PLACEMENT_3D('',#303,#304,#305);
#303=CARTESIAN_POINT('',(-6.,7.34788079488412E-016,0.));
#304=DIRECTION('',(0.,0.,1.));
#305=DIRECTION('',(1.,0.,0.));
#306=ITEM_DEFINED_TRANSFORMATION('','',#2,#302);
#307=(REPRESENTATION_RELATIONSHIP('','',#49,#1)REPRESENTATION_RELATIONSHIP_WITH_TRANSFORMATION(
#306)SHAPE_REPRESENTATION_RELATIONSHIP());
#308=NEXT_ASSEMBLY_USAGE_OCCURRENCE('8','','',#13,#52,$);
#309=CC_DESIGN_SECURITY_CLASSIFICATION(#310,(#308));
#310=SECURITY_CLASSIFICATION('','',#311);
#311=SECURITY_CLASSIFICATION_LEVEL('unclassified');
#312=CC_DESIGN_DATE_AND_TIME_ASSIGNMENT(#313,#317,(#310));
#313=DATE_AND_TIME(#314,#315);
#314=CALENDAR_DATE(0,1,1);
#315=LOCAL_TIME(0,0,0.,#316);
#316=COORDINATED_UNIVERSAL_TIME_OFFSET(0,0,.AHEAD.);
#317=DATE_TIME_ROLE('classification_date');
#318=CC_DESIGN_APPROVAL(#319,(#310));
#319=APPROVAL(#320,'UNSPECIFIED');
#320=APPROVAL_STATUS('not_yet_approved');
#321=APPROVAL_DATE_TIME(#322,#319);
#322=DATE_AND_TIME(#323,#324);
#323=CALENDAR_DATE(0,1,1);
#324=LOCAL_TIME(0,0,0.,#325);
#325=COORDINATED_UNIVERSAL_TIME_OFFSET(0,0,.AHEAD.);
#326=PRODUCT_DEFINITION_SHAPE('NONE','NONE',#308);
#327=CONTEXT_DEPENDENT_SHAPE_REPRESENTATION(#307,#326);
#328=AXIS2_PLACEMENT_3D('',#329,#330,#331);
#329=CARTESIAN_POINT('',(-6.,2.,0.));
#330=DIRECTION('',(0.,0.,1.));
#331=DIRECTION('',(1.,0.,0.));
#332=ITEM_DEFINED_TRANSFORMATION('','',#2,#328);
#333=(REPRESENTATION_RELATIONSHIP('','',#49,#1)REPRESENTATION_RELATIONSHIP_WITH_TRANSFORMATION(
#332)SHAPE_REPRESENTATION_RELATIONSHIP());
#334=NEXT_ASSEMBLY_USAGE_OCCURRENCE('9','','',#13,#52,$);
#335=CC_DESIGN_SECURITY_CLASSIFICATION(#336,(#334));
#336=SECURITY_CLASSIFICATION('','',#337);
#337=SECURITY_CLASSIFICATION_LEVEL('unclassified');
#338=CC_DESIGN_DATE_AND_TIME_ASSIGNMENT(#339,#343,(#336));
#339=DATE_AND_TIME(#340,#341);
#340=CALENDAR_DATE(0,1,1);
#341=LOCAL_TIME(0,0,0.,#342);
#342=COORDINATED_UNIVERSAL_TIME_OFFSET(0,0,.AHEAD.);
#343=DATE_TIME_ROLE('classification_date');
#344=CC_DESIGN_APPROVAL(#345,(#336));
#345=APPROVAL(#346,'UNSPECIFIED');
#346=APPROVAL_STATUS('not_yet_approved');
#347=APPROVAL_DATE_TIME(#348,#345);
#348=DATE_AND_TIME(#349,#350);
#349=CALENDAR_DATE(0,1,1);
#350=LOCAL_TIME(0,0,0.,#351);
#351=COORDINATED_UNIVERSAL_TIME_OFFSET(0,0,.AHEAD.);
#352=PRODUCT_DEFINITION_SHAPE('NONE','NONE',#334);
#353=CONTEXT_DEPENDENT_SHAPE_REPRESENTATION(#333,#352);
#354=AXIS2_PLACEMENT_3D('',#355,#356,#357);
#355=CARTESIAN_POINT('',(-8.,9.79717439317883E-016,0.));
#356=DIRECTION('',(0.,0.,1.));
#357=DIRECTION('',(1.,0.,0.));
#358=ITEM_DEFINED_TRANSFORMATION('','',#2,#354);
#359=(REPRESENTATION_RELATIONSHIP('','',#49,#1)REPRESENTATION_RELATIONSHIP_WITH_TRANSFORMATION(
#358)SHAPE_REPRESENTATION_RELATIONSHIP());
#360=NEXT_ASSEMBLY_USAGE_OCCURRENCE('10','','',#13,#52,$);
#361=CC_DESIGN_SECURITY_CLASSIFICATION(#362,(#360));
#362=SECURITY_CLASSIFICATION('','',#363);
#363=SECURITY_CLASSIFICATION_LEVEL('unclassified');
#364=CC_DESIGN_DATE_AND_TIME_ASSIGNMENT(#365,#369,(#362));
#365=DATE_AND_TIME(#366,#367);
#366=CALENDAR_DATE(0,1,1);
#367=LOCAL_TIME(0,0,0.,#368);
#368=COORDINATED_UNIVERSAL_TIME_OFFSET(0,0,.AHEAD.);
#369=DATE_TIME_ROLE('classification_date');
#370=CC_DESIGN_APPROVAL(#371,(#362));
#371=APPROVAL(#372,'UNSPECIFIED');
#372=APPROVAL_STATUS('not_yet_approved');
#373=APPROVAL_DATE_TIME(#374,#371);
#374=DATE_AND_TIME(#375,#376);
#375=CALENDAR_DATE(0,1,1);
#376=LOCAL_TIME(0,0,0.,#377);
#377=COORDINATED_UNIVERSAL_TIME_OFFSET(0,0,.AHEAD.);
#378=PRODUCT_DEFINITION_SHAPE('NONE','NONE',#360);
#379=CONTEXT_DEPENDENT_SHAPE_REPRESENTATION(#359,#378);
#380=AXIS2_PLACEMENT_3D('',#381,#382,#383);
#381=CARTESIAN_POINT('',(-8.,2.,0.));
#382=DIRECTION('',(0.,0.,1.));
#383=DIRECTION('',(1.,0.,0.));
#384=ITEM_DEFINED_TRANSFORMATION('','',#2,#380);
#385=(REPRESENTATION_RELATIONSHIP('','',#49,#1)REPRESENTATION_RELATIONSHIP_WITH_TRANSFORMATION(
#384)SHAPE_REPRESENTATION_RELATIONSHIP());
#386=NEXT_ASSEMBLY_USAGE_OCCURRENCE('11','','',#13,#52,$);
#387=CC_DESIGN_SECURITY_CLASSIFICATION(#388,(#386));
#388=SECURITY_CLASSIFICATION('','',#389);
#389=SECURITY_CLASSIFICATION_LEVEL('unclassified');
#390=CC_DESIGN_DATE_AND_TIME_ASSIGNMENT(#391,#395,(#388));
#391=DATE_AND_TIME(#392,#393);
#392=CALENDAR_DATE(0,1,1);
#393=LOCAL_TIME(0,0,0.,#394);
#394=COORDINATED_UNIVERSAL_TIME_OFFSET(0,0,.AHEAD.);
#395=DATE_TIME_ROLE('classification_date');
#396=CC_DESIGN_APPROVAL(#397,(#388));
#397=APPROVAL(#398,'UNSPECIFIED');
#398=APPROVAL_STATUS('not_yet_approved');
#399=APPROVAL_DATE_TIME(#400,#397);
#400=DATE_AND_TIME(#401,#402);
#401=CALENDAR_DATE(0,1,1);
#402=LOCAL_TIME(0,0,0.,#403);
#403=COORDINATED_UNIVERSAL_TIME_OFFSET(0,0,.AHEAD.);
#404=PRODUCT_DEFINITION_SHAPE('NONE','NONE',#386);
#405=CONTEXT_DEPENDENT_SHAPE_REPRESENTATION(#385,#404);
#406=AXIS2_PLACEMENT_3D('',#407,#408,#409);
#407=CARTESIAN_POINT('',(-10.,1.22464679914735E-015,0.));
#408=DIRECTION('',(0.,0.,1.));
#409=DIRECTION('',(1.,0.,0.));
#410=ITEM_DEFINED_TRANSFORMATION('','',#2,#406);
#411=(REPRESENTATION_RELATIONSHIP('','',#49,#1)REPRESENTATION_RELATIONSHIP_WITH_TRANSFORMATION(
#410)SHAPE_REPRESENTATION_RELATIONSHIP());
#412=NEXT_ASSEMBLY_USAGE_OCCURRENCE('12','','',#13,#52,$);
#413=CC_DESIGN_SECURITY_CLASSIFICATION(#414,(#412));
#414=SECURITY_CLASSIFICATION('','',#415);
#415=SECURITY_CLASSIFICATION_LEVEL('unclassified');
#416=CC_DESIGN_DATE_AND_TIME_ASSIGNMENT(#417,#421,(#414));
#417=DATE_AND_TIME(#418,#419);
#418=CALENDAR_DATE(0,1,1);
#419=LOCAL_TIME(0,0,0.,#420);
#420=COORDINATED_UNIVERSAL_TIME_OFFSET(0,0,.AHEAD.);
#421=DATE_TIME_ROLE('classification_date');
#422=CC_DESIGN_APPROVAL(#423,(#414));
#423=APPROVAL(#424,'UNSPECIFIED');
#424=APPROVAL_STATUS('not_yet_approved');
#425=APPROVAL_DATE_TIME(#426,#423);
#426=DATE_AND_TIME(#427,#428);
#427=CALENDAR_DATE(0,1,1);
#428=LOCAL_TIME(0,0,0.,#429);
#429=COORDINATED_UNIVERSAL_TIME_OFFSET(0,0,.AHEAD.);
#430=PRODUCT_DEFINITION_SHAPE('NONE','NONE',#412);
#431=CONTEXT_DEPENDENT_SHAPE_REPRESENTATION(#411,#430);
#432=AXIS2_PLACEMENT_3D('',#433,#434,#435);
#433=CARTESIAN_POINT('',(-10.,2.,0.));
#434=DIRECTION('',(0.,0.,1.));
#435=DIRECTION('',(1.,0.,0.));
#436=ITEM_DEFINED_TRANSFORMATION('','',#2,#432);
#437=(REPRESENTATION_RELATIONSHIP('','',#49,#1)REPRESENTATION_RELATIONSHIP_WITH_TRANSFORMATION(
#436)SHAPE_REPRESENTATION_RELATIONSHIP());
#438=NEXT_ASSEMBLY_USAGE_OCCURRENCE('13','','',#13,#52,$);
#439=CC_DESIGN_SECURITY_CLASSIFICATION(#440,(#438));
#440=SECURITY_CLASSIFICATION('','',#441);
#441=SECURITY_CLASSIFICATION_LEVEL('unclassified');
#442=CC_DESIGN_DATE_AND_TIME_ASSIGNMENT(#443,#447,(#440));
#443=DATE_AND_TIME(#444,#445);
#444=CALENDAR_DATE(0,1,1);
#445=LOCAL_TIME(0,0,0.,#446);
#446=COORDINATED_UNIVERSAL_TIME_OFFSET(0,0,.AHEAD.);
#447=DATE_TIME_ROLE('classification_date');
#448=CC_DESIGN_APPROVAL(#449,(#440));
#449=APPROVAL(#450,'UNSPECIFIED');
#450=APPROVAL_STATUS('not_yet_approved');
#451=APPROVAL_DATE_TIME(#452,#449);
#452=DATE_AND_TIME(#453,#454);
#453=CALENDAR_DATE(0,1,1);
#454=LOCAL_TIME(0,0,0.,#455);
#455=COORDINATED_UNIVERSAL_TIME_OFFSET(0,0,.AHEAD.);
#456=PRODUCT_DEFINITION_SHAPE('NONE','NONE',#438);
#457=CONTEXT_DEPENDENT_SHAPE_REPRESENTATION(#437,#456);
#458=AXIS2_PLACEMENT_3D('',#459,#460,#461);
#459=CARTESIAN_POINT('',(-12.,1.46957615897682E-015,0.));
#460=DIRECTION('',(0.,0.,1.));
#461=DIRECTION('',(1.,0.,0.));
#462=ITEM_DEFINED_TRANSFORMATION('','',#2,#458);
#463=(REPRESENTATION_RELATIONSHIP('','',#49,#1)REPRESENTATION_RELATIONSHIP_WITH_TRANSFORMATION(
#462)SHAPE_REPRESENTATION_RELATIONSHIP());
#464=NEXT_ASSEMBLY_USAGE_OCCURRENCE('14','','',#13,#52,$);
#465=CC_DESIGN_SECURITY_CLASSIFICATION(#466,(#464));
#466=SECURITY_CLASSIFICATION('','',#467);
#467=SECURITY_CLASSIFICATION_LEVEL('unclassified');
#468=CC_DESIGN_DATE_AND_TIME_ASSIGNMENT(#469,#473,(#466));
#469=DATE_AND_TIME(#470,#471);
#470=CALENDAR_DATE(0,1,1);
#471=LOCAL_TIME(0,0,0.,#472);
#472=COORDINATED_UNIVERSAL_TIME_OFFSET(0,0,.AHEAD.);
#473=DATE_TIME_ROLE('classification_date');
#474=CC_DESIGN_APPROVAL(#475,(#466));
#475=APPROVAL(#476,'UNSPECIFIED');
#476=APPROVAL_STATUS('not_yet_approved');
#477=APPROVAL_DATE_TIME(#478,#475);
#478=DATE_AND_TIME(#479,#480);
#479=CALENDAR_DATE(0,1,1);
#480=LOCAL_TIME(0,0,0.,#481);
#481=COORDINATED_UNIVERSAL_TIME_OFFSET(0,0,.AHEAD.);
#482=PRODUCT_DEFINITION_SHAPE('NONE','NONE',#464);
#483=CONTEXT_DEPENDENT_SHAPE_REPRESENTATION(#463,#482);
#484=AXIS2_PLACEMENT_3D('',#485,#486,#487);
#485=CARTESIAN_POINT('',(-12.,2.,0.));
#486=DIRECTION('',(0.,0.,1.));
#487=DIRECTION('',(1.,0.,0.));
#488=ITEM_DEFINED_TRANSFORMATION('','',#2,#484);
#489=(REPRESENTATION_RELATIONSHIP('','',#49,#1)REPRESENTATION_RELATIONSHIP_WITH_TRANSFORMATION(
#488)SHAPE_REPRESENTATION_RELATIONSHIP());
#490=NEXT_ASSEMBLY_USAGE_OCCURRENCE('15','','',#13,#52,$);
#491=CC_DESIGN_SECURITY_CLASSIFICATION(#492,(#490));
#492=SECURITY_CLASSIFICATION('','',#493);
#493=SECURITY_CLASSIFICATION_LEVEL('unclassified');
#494=CC_DESIGN_DATE_AND_TIME_ASSIGNMENT(#495,#499,(#492));
#495=DATE_AND_TIME(#496,#497);
#496=CALENDAR_DATE(0,1,1);
#497=LOCAL_TIME(0,0,0.,#498);
#498=COORDINATED_UNIVERSAL_TIME_OFFSET(0,0,.AHEAD.);
#499=DATE_TIME_ROLE('classification_date');
#500=CC_DESIGN_APPROVAL(#501,(#492));
#501=APPROVAL(#502,'UNSPECIFIED');
#502=APPROVAL_STATUS('not_yet_approved');
#503=APPROVAL_DATE_TIME(#504,#501);
#504=DATE_AND_TIME(#505,#506);
#505=CALENDAR_DATE(0,1,1);
#506=LOCAL_TIME(0,0,0.,#507);
#507=COORDINATED_UNIVERSAL_TIME_OFFSET(0,0,.AHEAD.);
#508=PRODUCT_DEFINITION_SHAPE('NONE','NONE',#490);
#509=CONTEXT_DEPENDENT_SHAPE_REPRESENTATION(#489,#508);
#510=ADVANCED_FACE('',(#1239),#1241,.T.);
#511=COLOUR_RGB($,0.827450980392157,0.831372549019608,0.835294117647059);
#512=FILL_AREA_STYLE_COLOUR($,#511);
#513=FILL_AREA_STYLE($,(#512));
#514=SURFACE_STYLE_FILL_AREA(#513);
#515=SURFACE_SIDE_STYLE('',(#514));
#516=SURFACE_STYLE_USAGE(.BOTH.,#515);
#517=PRESENTATION_STYLE_ASSIGNMENT((#516));
#518=STYLED_ITEM('',(#517),#510);
#519=ADVANCED_FACE('',(#1246),#1248,.T.);
#520=COLOUR_RGB($,0.827450980392157,0.831372549019608,0.835294117647059);
#521=FILL_AREA_STYLE_COLOUR($,#520);
#522=FILL_AREA_STYLE($,(#521));
#523=SURFACE_STYLE_FILL_AREA(#522);
#524=SURFACE_SIDE_STYLE('',(#523));
#525=SURFACE_STYLE_USAGE(.BOTH.,#524);
#526=PRESENTATION_STYLE_ASSIGNMENT((#525));
#527=STYLED_ITEM('',(#526),#519);
#528=ADVANCED_FACE('',(#1253),#1255,.T.);
#529=COLOUR_RGB($,0.827450980392157,0.831372549019608,0.835294117647059);
#530=FILL_AREA_STYLE_COLOUR($,#529);
#531=FILL_AREA_STYLE($,(#530));
#532=SURFACE_STYLE_FILL_AREA(#531);
#533=SURFACE_SIDE_STYLE('',(#532));
#534=SURFACE_STYLE_USAGE(.BOTH.,#533);
#535=PRESENTATION_STYLE_ASSIGNMENT((#534));
#536=STYLED_ITEM('',(#535),#528);
#537=ADVANCED_FACE('',(#1260),#1262,.T.);
#538=COLOUR_RGB($,0.827450980392157,0.831372549019608,0.835294117647059);
#539=FILL_AREA_STYLE_COLOUR($,#538);
#540=FILL_AREA_STYLE($,(#539));
#541=SURFACE_STYLE_FILL_AREA(#540);
#542=SURFACE_SIDE_STYLE('',(#541));
#543=SURFACE_STYLE_USAGE(.BOTH.,#542);
#544=PRESENTATION_STYLE_ASSIGNMENT((#543));
#545=STYLED_ITEM('',(#544),#537);
#546=ADVANCED_FACE('',(#1267),#1269,.T.);
#547=COLOUR_RGB($,0.827450980392157,0.831372549019608,0.835294117647059);
#548=FILL_AREA_STYLE_COLOUR($,#547);
#549=FILL_AREA_STYLE($,(#548));
#550=SURFACE_STYLE_FILL_AREA(#549);
#551=SURFACE_SIDE_STYLE('',(#550));
#552=SURFACE_STYLE_USAGE(.BOTH.,#551);
#553=PRESENTATION_STYLE_ASSIGNMENT((#552));
#554=STYLED_ITEM('',(#553),#546);
#555=ADVANCED_FACE('',(#1274),#1276,.F.);
#556=COLOUR_RGB($,0.827450980392157,0.831372549019608,0.835294117647059);
#557=FILL_AREA_STYLE_COLOUR($,#556);
#558=FILL_AREA_STYLE($,(#557));
#559=SURFACE_STYLE_FILL_AREA(#558);
#560=SURFACE_SIDE_STYLE('',(#559));
#561=SURFACE_STYLE_USAGE(.BOTH.,#560);
#562=PRESENTATION_STYLE_ASSIGNMENT((#561));
#563=STYLED_ITEM('',(#562),#555);
#564=ADVANCED_FACE('',(#1281),#1283,.F.);
#565=COLOUR_RGB($,0.827450980392157,0.831372549019608,0.835294117647059);
#566=FILL_AREA_STYLE_COLOUR($,#565);
#567=FILL_AREA_STYLE($,(#566));
#568=SURFACE_STYLE_FILL_AREA(#567);
#569=SURFACE_SIDE_STYLE('',(#568));
#570=SURFACE_STYLE_USAGE(.BOTH.,#569);
#571=PRESENTATION_STYLE_ASSIGNMENT((#570));
#572=STYLED_ITEM('',(#571),#564);
#573=ADVANCED_FACE('',(#1288),#1290,.F.);
#574=COLOUR_RGB($,0.827450980392157,0.831372549019608,0.835294117647059);
#575=FILL_AREA_STYLE_COLOUR($,#574);
#576=FILL_AREA_STYLE($,(#575));
#577=SURFACE_STYLE_FILL_AREA(#576);
#578=SURFACE_SIDE_STYLE('',(#577));
#579=SURFACE_STYLE_USAGE(.BOTH.,#578);
#580=PRESENTATION_STYLE_ASSIGNMENT((#579));
#581=STYLED_ITEM('',(#580),#573);
#582=ADVANCED_FACE('',(#1295),#1297,.F.);
#583=COLOUR_RGB($,0.827450980392157,0.831372549019608,0.835294117647059);
#584=FILL_AREA_STYLE_COLOUR($,#583);
#585=FILL_AREA_STYLE($,(#584));
#586=SURFACE_STYLE_FILL_AREA(#585);
#587=SURFACE_SIDE_STYLE('',(#586));
#588=SURFACE_STYLE_USAGE(.BOTH.,#587);
#589=PRESENTATION_STYLE_ASSIGNMENT((#588));
#590=STYLED_ITEM('',(#589),#582);
#591=ADVANCED_FACE('',(#1302),#1304,.F.);
#592=COLOUR_RGB($,0.827450980392157,0.831372549019608,0.835294117647059);
#593=FILL_AREA_STYLE_COLOUR($,#592);
#594=FILL_AREA_STYLE($,(#593));
#595=SURFACE_STYLE_FILL_AREA(#594);
#596=SURFACE_SIDE_STYLE('',(#595));
#597=SURFACE_STYLE_USAGE(.BOTH.,#596);
#598=PRESENTATION_STYLE_ASSIGNMENT((#597));
#599=STYLED_ITEM('',(#598),#591);
#600=ADVANCED_FACE('',(#1309),#1311,.T.);
#601=COLOUR_RGB($,0.827450980392157,0.831372549019608,0.835294117647059);
#602=FILL_AREA_STYLE_COLOUR($,#601);
#603=FILL_AREA_STYLE($,(#602));
#604=SURFACE_STYLE_FILL_AREA(#603);
#605=SURFACE_SIDE_STYLE('',(#604));
#606=SURFACE_STYLE_USAGE(.BOTH.,#605);
#607=PRESENTATION_STYLE_ASSIGNMENT((#606));
#608=STYLED_ITEM('',(#607),#600);
#609=ADVANCED_FACE('',(#1316),#1318,.T.);
#610=COLOUR_RGB($,0.827450980392157,0.831372549019608,0.835294117647059);
#611=FILL_AREA_STYLE_COLOUR($,#610);
#612=FILL_AREA_STYLE($,(#611));
#613=SURFACE_STYLE_FILL_AREA(#612);
#614=SURFACE_SIDE_STYLE('',(#613));
#615=SURFACE_STYLE_USAGE(.BOTH.,#614);
#616=PRESENTATION_STYLE_ASSIGNMENT((#615));
#617=STYLED_ITEM('',(#616),#609);
#618=ADVANCED_FACE('',(#1323),#1325,.T.);
#619=COLOUR_RGB($,0.827450980392157,0.831372549019608,0.835294117647059);
#620=FILL_AREA_STYLE_COLOUR($,#619);
#621=FILL_AREA_STYLE($,(#620));
#622=SURFACE_STYLE_FILL_AREA(#621);
#623=SURFACE_SIDE_STYLE('',(#622));
#624=SURFACE_STYLE_USAGE(.BOTH.,#623);
#625=PRESENTATION_STYLE_ASSIGNMENT((#624));
#626=STYLED_ITEM('',(#625),#618);
#627=ADVANCED_FACE('',(#1330),#1332,.T.);
#628=COLOUR_RGB($,0.827450980392157,0.831372549019608,0.835294117647059);
#629=FILL_AREA_STYLE_COLOUR($,#628);
#630=FILL_AREA_STYLE($,(#629));
#631=SURFACE_STYLE_FILL_AREA(#630);
#632=SURFACE_SIDE_STYLE('',(#631));
#633=SURFACE_STYLE_USAGE(.BOTH.,#632);
#634=PRESENTATION_STYLE_ASSIGNMENT((#633));
#635=STYLED_ITEM('',(#634),#627);
#636=ADVANCED_FACE('',(#1337,#1339),#1341,.T.);
#637=COLOUR_RGB($,0.92156862745098,0.92156862745098,0.909803921568627);
#638=FILL_AREA_STYLE_COLOUR($,#637);
#639=FILL_AREA_STYLE($,(#638));
#640=SURFACE_STYLE_FILL_AREA(#639);
#641=SURFACE_SIDE_STYLE('',(#640));
#642=SURFACE_STYLE_USAGE(.BOTH.,#641);
#643=PRESENTATION_STYLE_ASSIGNMENT((#642));
#644=STYLED_ITEM('',(#643),#636);
#645=ADVANCED_FACE('',(#1346),#1348,.T.);
#646=COLOUR_RGB($,0.92156862745098,0.92156862745098,0.909803921568627);
#647=FILL_AREA_STYLE_COLOUR($,#646);
#648=FILL_AREA_STYLE($,(#647));
#649=SURFACE_STYLE_FILL_AREA(#648);
#650=SURFACE_SIDE_STYLE('',(#649));
#651=SURFACE_STYLE_USAGE(.BOTH.,#650);
#652=PRESENTATION_STYLE_ASSIGNMENT((#651));
#653=STYLED_ITEM('',(#652),#645);
#654=ADVANCED_FACE('',(#1353),#1355,.T.);
#655=COLOUR_RGB($,0.92156862745098,0.92156862745098,0.909803921568627);
#656=FILL_AREA_STYLE_COLOUR($,#655);
#657=FILL_AREA_STYLE($,(#656));
#658=SURFACE_STYLE_FILL_AREA(#657);
#659=SURFACE_SIDE_STYLE('',(#658));
#660=SURFACE_STYLE_USAGE(.BOTH.,#659);
#661=PRESENTATION_STYLE_ASSIGNMENT((#660));
#662=STYLED_ITEM('',(#661),#654);
#663=ADVANCED_FACE('',(#1360),#1362,.T.);
#664=COLOUR_RGB($,0.92156862745098,0.92156862745098,0.909803921568627);
#665=FILL_AREA_STYLE_COLOUR($,#664);
#666=FILL_AREA_STYLE($,(#665));
#667=SURFACE_STYLE_FILL_AREA(#666);
#668=SURFACE_SIDE_STYLE('',(#667));
#669=SURFACE_STYLE_USAGE(.BOTH.,#668);
#670=PRESENTATION_STYLE_ASSIGNMENT((#669));
#671=STYLED_ITEM('',(#670),#663);
#672=ADVANCED_FACE('',(#1367),#1369,.T.);
#673=COLOUR_RGB($,0.92156862745098,0.92156862745098,0.909803921568627);
#674=FILL_AREA_STYLE_COLOUR($,#673);
#675=FILL_AREA_STYLE($,(#674));
#676=SURFACE_STYLE_FILL_AREA(#675);
#677=SURFACE_SIDE_STYLE('',(#676));
#678=SURFACE_STYLE_USAGE(.BOTH.,#677);
#679=PRESENTATION_STYLE_ASSIGNMENT((#678));
#680=STYLED_ITEM('',(#679),#672);
#681=ADVANCED_FACE('',(#1374),#1376,.T.);
#682=COLOUR_RGB($,0.92156862745098,0.92156862745098,0.909803921568627);
#683=FILL_AREA_STYLE_COLOUR($,#682);
#684=FILL_AREA_STYLE($,(#683));
#685=SURFACE_STYLE_FILL_AREA(#684);
#686=SURFACE_SIDE_STYLE('',(#685));
#687=SURFACE_STYLE_USAGE(.BOTH.,#686);
#688=PRESENTATION_STYLE_ASSIGNMENT((#687));
#689=STYLED_ITEM('',(#688),#681);
#690=ADVANCED_FACE('',(#1381),#1383,.F.);
#691=COLOUR_RGB($,0.92156862745098,0.92156862745098,0.909803921568627);
#692=FILL_AREA_STYLE_COLOUR($,#691);
#693=FILL_AREA_STYLE($,(#692));
#694=SURFACE_STYLE_FILL_AREA(#693);
#695=SURFACE_SIDE_STYLE('',(#694));
#696=SURFACE_STYLE_USAGE(.BOTH.,#695);
#697=PRESENTATION_STYLE_ASSIGNMENT((#696));
#698=STYLED_ITEM('',(#697),#690);
#699=ADVANCED_FACE('',(#1388),#1390,.F.);
#700=COLOUR_RGB($,0.92156862745098,0.92156862745098,0.909803921568627);
#701=FILL_AREA_STYLE_COLOUR($,#700);
#702=FILL_AREA_STYLE($,(#701));
#703=SURFACE_STYLE_FILL_AREA(#702);
#704=SURFACE_SIDE_STYLE('',(#703));
#705=SURFACE_STYLE_USAGE(.BOTH.,#704);
#706=PRESENTATION_STYLE_ASSIGNMENT((#705));
#707=STYLED_ITEM('',(#706),#699);
#708=ADVANCED_FACE('',(#1395),#1397,.F.);
#709=COLOUR_RGB($,0.92156862745098,0.92156862745098,0.909803921568627);
#710=FILL_AREA_STYLE_COLOUR($,#709);
#711=FILL_AREA_STYLE($,(#710));
#712=SURFACE_STYLE_FILL_AREA(#711);
#713=SURFACE_SIDE_STYLE('',(#712));
#714=SURFACE_STYLE_USAGE(.BOTH.,#713);
#715=PRESENTATION_STYLE_ASSIGNMENT((#714));
#716=STYLED_ITEM('',(#715),#708);
#717=ADVANCED_FACE('',(#1402),#1404,.T.);
#718=COLOUR_RGB($,0.92156862745098,0.92156862745098,0.909803921568627);
#719=FILL_AREA_STYLE_COLOUR($,#718);
#720=FILL_AREA_STYLE($,(#719));
#721=SURFACE_STYLE_FILL_AREA(#720);
#722=SURFACE_SIDE_STYLE('',(#721));
#723=SURFACE_STYLE_USAGE(.BOTH.,#722);
#724=PRESENTATION_STYLE_ASSIGNMENT((#723));
#725=STYLED_ITEM('',(#724),#717);
#726=ADVANCED_FACE('',(#1409),#1411,.T.);
#727=COLOUR_RGB($,0.92156862745098,0.92156862745098,0.909803921568627);
#728=FILL_AREA_STYLE_COLOUR($,#727);
#729=FILL_AREA_STYLE($,(#728));
#730=SURFACE_STYLE_FILL_AREA(#729);
#731=SURFACE_SIDE_STYLE('',(#730));
#732=SURFACE_STYLE_USAGE(.BOTH.,#731);
#733=PRESENTATION_STYLE_ASSIGNMENT((#732));
#734=STYLED_ITEM('',(#733),#726);
#735=ADVANCED_FACE('',(#1416),#1418,.T.);
#736=COLOUR_RGB($,0.92156862745098,0.92156862745098,0.909803921568627);
#737=FILL_AREA_STYLE_COLOUR($,#736);
#738=FILL_AREA_STYLE($,(#737));
#739=SURFACE_STYLE_FILL_AREA(#738);
#740=SURFACE_SIDE_STYLE('',(#739));
#741=SURFACE_STYLE_USAGE(.BOTH.,#740);
#742=PRESENTATION_STYLE_ASSIGNMENT((#741));
#743=STYLED_ITEM('',(#742),#735);
#744=ADVANCED_FACE('',(#1423),#1425,.F.);
#745=COLOUR_RGB($,0.92156862745098,0.92156862745098,0.909803921568627);
#746=FILL_AREA_STYLE_COLOUR($,#745);
#747=FILL_AREA_STYLE($,(#746));
#748=SURFACE_STYLE_FILL_AREA(#747);
#749=SURFACE_SIDE_STYLE('',(#748));
#750=SURFACE_STYLE_USAGE(.BOTH.,#749);
#751=PRESENTATION_STYLE_ASSIGNMENT((#750));
#752=STYLED_ITEM('',(#751),#744);
#753=ADVANCED_FACE('',(#1430),#1432,.T.);
#754=COLOUR_RGB($,0.92156862745098,0.92156862745098,0.909803921568627);
#755=FILL_AREA_STYLE_COLOUR($,#754);
#756=FILL_AREA_STYLE($,(#755));
#757=SURFACE_STYLE_FILL_AREA(#756);
#758=SURFACE_SIDE_STYLE('',(#757));
#759=SURFACE_STYLE_USAGE(.BOTH.,#758);
#760=PRESENTATION_STYLE_ASSIGNMENT((#759));
#761=STYLED_ITEM('',(#760),#753);
#762=ADVANCED_FACE('',(#1437),#1439,.F.);
#763=COLOUR_RGB($,0.92156862745098,0.92156862745098,0.909803921568627);
#764=FILL_AREA_STYLE_COLOUR($,#763);
#765=FILL_AREA_STYLE($,(#764));
#766=SURFACE_STYLE_FILL_AREA(#765);
#767=SURFACE_SIDE_STYLE('',(#766));
#768=SURFACE_STYLE_USAGE(.BOTH.,#767);
#769=PRESENTATION_STYLE_ASSIGNMENT((#768));
#770=STYLED_ITEM('',(#769),#762);
#771=ADVANCED_FACE('',(#1444),#1446,.F.);
#772=COLOUR_RGB($,0.92156862745098,0.92156862745098,0.909803921568627);
#773=FILL_AREA_STYLE_COLOUR($,#772);
#774=FILL_AREA_STYLE($,(#773));
#775=SURFACE_STYLE_FILL_AREA(#774);
#776=SURFACE_SIDE_STYLE('',(#775));
#777=SURFACE_STYLE_USAGE(.BOTH.,#776);
#778=PRESENTATION_STYLE_ASSIGNMENT((#777));
#779=STYLED_ITEM('',(#778),#771);
#780=ADVANCED_FACE('',(#1451),#1453,.F.);
#781=COLOUR_RGB($,0.92156862745098,0.92156862745098,0.909803921568627);
#782=FILL_AREA_STYLE_COLOUR($,#781);
#783=FILL_AREA_STYLE($,(#782));
#784=SURFACE_STYLE_FILL_AREA(#783);
#785=SURFACE_SIDE_STYLE('',(#784));
#786=SURFACE_STYLE_USAGE(.BOTH.,#785);
#787=PRESENTATION_STYLE_ASSIGNMENT((#786));
#788=STYLED_ITEM('',(#787),#780);
#789=ADVANCED_FACE('',(#1458),#1460,.T.);
#790=COLOUR_RGB($,0.92156862745098,0.92156862745098,0.909803921568627);
#791=FILL_AREA_STYLE_COLOUR($,#790);
#792=FILL_AREA_STYLE($,(#791));
#793=SURFACE_STYLE_FILL_AREA(#792);
#794=SURFACE_SIDE_STYLE('',(#793));
#795=SURFACE_STYLE_USAGE(.BOTH.,#794);
#796=PRESENTATION_STYLE_ASSIGNMENT((#795));
#797=STYLED_ITEM('',(#796),#789);
#798=ADVANCED_FACE('',(#1465),#1467,.T.);
#799=COLOUR_RGB($,0.92156862745098,0.92156862745098,0.909803921568627);
#800=FILL_AREA_STYLE_COLOUR($,#799);
#801=FILL_AREA_STYLE($,(#800));
#802=SURFACE_STYLE_FILL_AREA(#801);
#803=SURFACE_SIDE_STYLE('',(#802));
#804=SURFACE_STYLE_USAGE(.BOTH.,#803);
#805=PRESENTATION_STYLE_ASSIGNMENT((#804));
#806=STYLED_ITEM('',(#805),#798);
#807=ADVANCED_FACE('',(#1472),#1474,.T.);
#808=COLOUR_RGB($,0.92156862745098,0.92156862745098,0.909803921568627);
#809=FILL_AREA_STYLE_COLOUR($,#808);
#810=FILL_AREA_STYLE($,(#809));
#811=SURFACE_STYLE_FILL_AREA(#810);
#812=SURFACE_SIDE_STYLE('',(#811));
#813=SURFACE_STYLE_USAGE(.BOTH.,#812);
#814=PRESENTATION_STYLE_ASSIGNMENT((#813));
#815=STYLED_ITEM('',(#814),#807);
#816=ADVANCED_FACE('',(#1479),#1481,.F.);
#817=COLOUR_RGB($,0.92156862745098,0.92156862745098,0.909803921568627);
#818=FILL_AREA_STYLE_COLOUR($,#817);
#819=FILL_AREA_STYLE($,(#818));
#820=SURFACE_STYLE_FILL_AREA(#819);
#821=SURFACE_SIDE_STYLE('',(#820));
#822=SURFACE_STYLE_USAGE(.BOTH.,#821);
#823=PRESENTATION_STYLE_ASSIGNMENT((#822));
#824=STYLED_ITEM('',(#823),#816);
#825=ADVANCED_FACE('',(#1486),#1488,.F.);
#826=COLOUR_RGB($,0.92156862745098,0.92156862745098,0.909803921568627);
#827=FILL_AREA_STYLE_COLOUR($,#826);
#828=FILL_AREA_STYLE($,(#827));
#829=SURFACE_STYLE_FILL_AREA(#828);
#830=SURFACE_SIDE_STYLE('',(#829));
#831=SURFACE_STYLE_USAGE(.BOTH.,#830);
#832=PRESENTATION_STYLE_ASSIGNMENT((#831));
#833=STYLED_ITEM('',(#832),#825);
#834=ADVANCED_FACE('',(#1493),#1495,.F.);
#835=COLOUR_RGB($,0.92156862745098,0.92156862745098,0.909803921568627);
#836=FILL_AREA_STYLE_COLOUR($,#835);
#837=FILL_AREA_STYLE($,(#836));
#838=SURFACE_STYLE_FILL_AREA(#837);
#839=SURFACE_SIDE_STYLE('',(#838));
#840=SURFACE_STYLE_USAGE(.BOTH.,#839);
#841=PRESENTATION_STYLE_ASSIGNMENT((#840));
#842=STYLED_ITEM('',(#841),#834);
#843=ADVANCED_FACE('',(#1500),#1502,.T.);
#844=COLOUR_RGB($,0.92156862745098,0.92156862745098,0.909803921568627);
#845=FILL_AREA_STYLE_COLOUR($,#844);
#846=FILL_AREA_STYLE($,(#845));
#847=SURFACE_STYLE_FILL_AREA(#846);
#848=SURFACE_SIDE_STYLE('',(#847));
#849=SURFACE_STYLE_USAGE(.BOTH.,#848);
#850=PRESENTATION_STYLE_ASSIGNMENT((#849));
#851=STYLED_ITEM('',(#850),#843);
#852=ADVANCED_FACE('',(#1507),#1509,.T.);
#853=COLOUR_RGB($,0.92156862745098,0.92156862745098,0.909803921568627);
#854=FILL_AREA_STYLE_COLOUR($,#853);
#855=FILL_AREA_STYLE($,(#854));
#856=SURFACE_STYLE_FILL_AREA(#855);
#857=SURFACE_SIDE_STYLE('',(#856));
#858=SURFACE_STYLE_USAGE(.BOTH.,#857);
#859=PRESENTATION_STYLE_ASSIGNMENT((#858));
#860=STYLED_ITEM('',(#859),#852);
#861=ADVANCED_FACE('',(#1514),#1516,.T.);
#862=COLOUR_RGB($,0.92156862745098,0.92156862745098,0.909803921568627);
#863=FILL_AREA_STYLE_COLOUR($,#862);
#864=FILL_AREA_STYLE($,(#863));
#865=SURFACE_STYLE_FILL_AREA(#864);
#866=SURFACE_SIDE_STYLE('',(#865));
#867=SURFACE_STYLE_USAGE(.BOTH.,#866);
#868=PRESENTATION_STYLE_ASSIGNMENT((#867));
#869=STYLED_ITEM('',(#868),#861);
#870=ADVANCED_FACE('',(#1521),#1523,.T.);
#871=COLOUR_RGB($,0.92156862745098,0.92156862745098,0.909803921568627);
#872=FILL_AREA_STYLE_COLOUR($,#871);
#873=FILL_AREA_STYLE($,(#872));
#874=SURFACE_STYLE_FILL_AREA(#873);
#875=SURFACE_SIDE_STYLE('',(#874));
#876=SURFACE_STYLE_USAGE(.BOTH.,#875);
#877=PRESENTATION_STYLE_ASSIGNMENT((#876));
#878=STYLED_ITEM('',(#877),#870);
#879=ADVANCED_FACE('',(#1528),#1530,.T.);
#880=COLOUR_RGB($,0.92156862745098,0.92156862745098,0.909803921568627);
#881=FILL_AREA_STYLE_COLOUR($,#880);
#882=FILL_AREA_STYLE($,(#881));
#883=SURFACE_STYLE_FILL_AREA(#882);
#884=SURFACE_SIDE_STYLE('',(#883));
#885=SURFACE_STYLE_USAGE(.BOTH.,#884);
#886=PRESENTATION_STYLE_ASSIGNMENT((#885));
#887=STYLED_ITEM('',(#886),#879);
#888=ADVANCED_FACE('',(#1535),#1537,.T.);
#889=COLOUR_RGB($,0.92156862745098,0.92156862745098,0.909803921568627);
#890=FILL_AREA_STYLE_COLOUR($,#889);
#891=FILL_AREA_STYLE($,(#890));
#892=SURFACE_STYLE_FILL_AREA(#891);
#893=SURFACE_SIDE_STYLE('',(#892));
#894=SURFACE_STYLE_USAGE(.BOTH.,#893);
#895=PRESENTATION_STYLE_ASSIGNMENT((#894));
#896=STYLED_ITEM('',(#895),#888);
#897=ADVANCED_FACE('',(#1542),#1544,.T.);
#898=COLOUR_RGB($,0.92156862745098,0.92156862745098,0.909803921568627);
#899=FILL_AREA_STYLE_COLOUR($,#898);
#900=FILL_AREA_STYLE($,(#899));
#901=SURFACE_STYLE_FILL_AREA(#900);
#902=SURFACE_SIDE_STYLE('',(#901));
#903=SURFACE_STYLE_USAGE(.BOTH.,#902);
#904=PRESENTATION_STYLE_ASSIGNMENT((#903));
#905=STYLED_ITEM('',(#904),#897);
#906=ADVANCED_FACE('',(#1549),#1551,.T.);
#907=COLOUR_RGB($,0.92156862745098,0.92156862745098,0.909803921568627);
#908=FILL_AREA_STYLE_COLOUR($,#907);
#909=FILL_AREA_STYLE($,(#908));
#910=SURFACE_STYLE_FILL_AREA(#909);
#911=SURFACE_SIDE_STYLE('',(#910));
#912=SURFACE_STYLE_USAGE(.BOTH.,#911);
#913=PRESENTATION_STYLE_ASSIGNMENT((#912));
#914=STYLED_ITEM('',(#913),#906);
#915=ADVANCED_FACE('',(#1556),#1558,.F.);
#916=COLOUR_RGB($,0.92156862745098,0.92156862745098,0.909803921568627);
#917=FILL_AREA_STYLE_COLOUR($,#916);
#918=FILL_AREA_STYLE($,(#917));
#919=SURFACE_STYLE_FILL_AREA(#918);
#920=SURFACE_SIDE_STYLE('',(#919));
#921=SURFACE_STYLE_USAGE(.BOTH.,#920);
#922=PRESENTATION_STYLE_ASSIGNMENT((#921));
#923=STYLED_ITEM('',(#922),#915);
#924=ADVANCED_FACE('',(#1563),#1565,.T.);
#925=COLOUR_RGB($,0.92156862745098,0.92156862745098,0.909803921568627);
#926=FILL_AREA_STYLE_COLOUR($,#925);
#927=FILL_AREA_STYLE($,(#926));
#928=SURFACE_STYLE_FILL_AREA(#927);
#929=SURFACE_SIDE_STYLE('',(#928));
#930=SURFACE_STYLE_USAGE(.BOTH.,#929);
#931=PRESENTATION_STYLE_ASSIGNMENT((#930));
#932=STYLED_ITEM('',(#931),#924);
#933=ADVANCED_FACE('',(#1570),#1572,.T.);
#934=COLOUR_RGB($,0.92156862745098,0.92156862745098,0.909803921568627);
#935=FILL_AREA_STYLE_COLOUR($,#934);
#936=FILL_AREA_STYLE($,(#935));
#937=SURFACE_STYLE_FILL_AREA(#936);
#938=SURFACE_SIDE_STYLE('',(#937));
#939=SURFACE_STYLE_USAGE(.BOTH.,#938);
#940=PRESENTATION_STYLE_ASSIGNMENT((#939));
#941=STYLED_ITEM('',(#940),#933);
#942=ADVANCED_FACE('',(#1577),#1579,.T.);
#943=COLOUR_RGB($,0.92156862745098,0.92156862745098,0.909803921568627);
#944=FILL_AREA_STYLE_COLOUR($,#943);
#945=FILL_AREA_STYLE($,(#944));
#946=SURFACE_STYLE_FILL_AREA(#945);
#947=SURFACE_SIDE_STYLE('',(#946));
#948=SURFACE_STYLE_USAGE(.BOTH.,#947);
#949=PRESENTATION_STYLE_ASSIGNMENT((#948));
#950=STYLED_ITEM('',(#949),#942);
#951=ADVANCED_FACE('',(#1584),#1586,.T.);
#952=COLOUR_RGB($,0.92156862745098,0.92156862745098,0.909803921568627);
#953=FILL_AREA_STYLE_COLOUR($,#952);
#954=FILL_AREA_STYLE($,(#953));
#955=SURFACE_STYLE_FILL_AREA(#954);
#956=SURFACE_SIDE_STYLE('',(#955));
#957=SURFACE_STYLE_USAGE(.BOTH.,#956);
#958=PRESENTATION_STYLE_ASSIGNMENT((#957));
#959=STYLED_ITEM('',(#958),#951);
#960=ADVANCED_FACE('',(#1591),#1593,.T.);
#961=COLOUR_RGB($,0.92156862745098,0.92156862745098,0.909803921568627);
#962=FILL_AREA_STYLE_COLOUR($,#961);
#963=FILL_AREA_STYLE($,(#962));
#964=SURFACE_STYLE_FILL_AREA(#963);
#965=SURFACE_SIDE_STYLE('',(#964));
#966=SURFACE_STYLE_USAGE(.BOTH.,#965);
#967=PRESENTATION_STYLE_ASSIGNMENT((#966));
#968=STYLED_ITEM('',(#967),#960);
#969=ADVANCED_FACE('',(#1598),#1600,.T.);
#970=COLOUR_RGB($,0.92156862745098,0.92156862745098,0.909803921568627);
#971=FILL_AREA_STYLE_COLOUR($,#970);
#972=FILL_AREA_STYLE($,(#971));
#973=SURFACE_STYLE_FILL_AREA(#972);
#974=SURFACE_SIDE_STYLE('',(#973));
#975=SURFACE_STYLE_USAGE(.BOTH.,#974);
#976=PRESENTATION_STYLE_ASSIGNMENT((#975));
#977=STYLED_ITEM('',(#976),#969);
#978=ADVANCED_FACE('',(#1605),#1607,.T.);
#979=COLOUR_RGB($,0.92156862745098,0.92156862745098,0.909803921568627);
#980=FILL_AREA_STYLE_COLOUR($,#979);
#981=FILL_AREA_STYLE($,(#980));
#982=SURFACE_STYLE_FILL_AREA(#981);
#983=SURFACE_SIDE_STYLE('',(#982));
#984=SURFACE_STYLE_USAGE(.BOTH.,#983);
#985=PRESENTATION_STYLE_ASSIGNMENT((#984));
#986=STYLED_ITEM('',(#985),#978);
#987=ADVANCED_FACE('',(#1612),#1614,.F.);
#988=COLOUR_RGB($,0.92156862745098,0.92156862745098,0.909803921568627);
#989=FILL_AREA_STYLE_COLOUR($,#988);
#990=FILL_AREA_STYLE($,(#989));
#991=SURFACE_STYLE_FILL_AREA(#990);
#992=SURFACE_SIDE_STYLE('',(#991));
#993=SURFACE_STYLE_USAGE(.BOTH.,#992);
#994=PRESENTATION_STYLE_ASSIGNMENT((#993));
#995=STYLED_ITEM('',(#994),#987);
#996=ADVANCED_FACE('',(#1619),#1621,.T.);
#997=COLOUR_RGB($,0.92156862745098,0.92156862745098,0.909803921568627);
#998=FILL_AREA_STYLE_COLOUR($,#997);
#999=FILL_AREA_STYLE($,(#998));
#1000=SURFACE_STYLE_FILL_AREA(#999);
#1001=SURFACE_SIDE_STYLE('',(#1000));
#1002=SURFACE_STYLE_USAGE(.BOTH.,#1001);
#1003=PRESENTATION_STYLE_ASSIGNMENT((#1002));
#1004=STYLED_ITEM('',(#1003),#996);
#1005=ADVANCED_FACE('',(#1626),#1628,.T.);
#1006=COLOUR_RGB($,0.92156862745098,0.92156862745098,0.909803921568627);
#1007=FILL_AREA_STYLE_COLOUR($,#1006);
#1008=FILL_AREA_STYLE($,(#1007));
#1009=SURFACE_STYLE_FILL_AREA(#1008);
#1010=SURFACE_SIDE_STYLE('',(#1009));
#1011=SURFACE_STYLE_USAGE(.BOTH.,#1010);
#1012=PRESENTATION_STYLE_ASSIGNMENT((#1011));
#1013=STYLED_ITEM('',(#1012),#1005);
#1014=ADVANCED_FACE('',(#1633),#1635,.T.);
#1015=COLOUR_RGB($,0.92156862745098,0.92156862745098,0.909803921568627);
#1016=FILL_AREA_STYLE_COLOUR($,#1015);
#1017=FILL_AREA_STYLE($,(#1016));
#1018=SURFACE_STYLE_FILL_AREA(#1017);
#1019=SURFACE_SIDE_STYLE('',(#1018));
#1020=SURFACE_STYLE_USAGE(.BOTH.,#1019);
#1021=PRESENTATION_STYLE_ASSIGNMENT((#1020));
#1022=STYLED_ITEM('',(#1021),#1014);
#1023=ADVANCED_FACE('',(#1640),#1642,.T.);
#1024=COLOUR_RGB($,0.92156862745098,0.92156862745098,0.909803921568627);
#1025=FILL_AREA_STYLE_COLOUR($,#1024);
#1026=FILL_AREA_STYLE($,(#1025));
#1027=SURFACE_STYLE_FILL_AREA(#1026);
#1028=SURFACE_SIDE_STYLE('',(#1027));
#1029=SURFACE_STYLE_USAGE(.BOTH.,#1028);
#1030=PRESENTATION_STYLE_ASSIGNMENT((#1029));
#1031=STYLED_ITEM('',(#1030),#1023);
#1032=ADVANCED_FACE('',(#1647),#1649,.F.);
#1033=COLOUR_RGB($,0.92156862745098,0.92156862745098,0.909803921568627);
#1034=FILL_AREA_STYLE_COLOUR($,#1033);
#1035=FILL_AREA_STYLE($,(#1034));
#1036=SURFACE_STYLE_FILL_AREA(#1035);
#1037=SURFACE_SIDE_STYLE('',(#1036));
#1038=SURFACE_STYLE_USAGE(.BOTH.,#1037);
#1039=PRESENTATION_STYLE_ASSIGNMENT((#1038));
#1040=STYLED_ITEM('',(#1039),#1032);
#1041=ADVANCED_FACE('',(#1654),#1656,.F.);
#1042=COLOUR_RGB($,0.92156862745098,0.92156862745098,0.909803921568627);
#1043=FILL_AREA_STYLE_COLOUR($,#1042);
#1044=FILL_AREA_STYLE($,(#1043));
#1045=SURFACE_STYLE_FILL_AREA(#1044);
#1046=SURFACE_SIDE_STYLE('',(#1045));
#1047=SURFACE_STYLE_USAGE(.BOTH.,#1046);
#1048=PRESENTATION_STYLE_ASSIGNMENT((#1047));
#1049=STYLED_ITEM('',(#1048),#1041);
#1050=ADVANCED_FACE('',(#1661),#1663,.F.);
#1051=COLOUR_RGB($,0.92156862745098,0.92156862745098,0.909803921568627);
#1052=FILL_AREA_STYLE_COLOUR($,#1051);
#1053=FILL_AREA_STYLE($,(#1052));
#1054=SURFACE_STYLE_FILL_AREA(#1053);
#1055=SURFACE_SIDE_STYLE('',(#1054));
#1056=SURFACE_STYLE_USAGE(.BOTH.,#1055);
#1057=PRESENTATION_STYLE_ASSIGNMENT((#1056));
#1058=STYLED_ITEM('',(#1057),#1050);
#1059=ADVANCED_FACE('',(#1668),#1670,.F.);
#1060=COLOUR_RGB($,0.92156862745098,0.92156862745098,0.909803921568627);
#1061=FILL_AREA_STYLE_COLOUR($,#1060);
#1062=FILL_AREA_STYLE($,(#1061));
#1063=SURFACE_STYLE_FILL_AREA(#1062);
#1064=SURFACE_SIDE_STYLE('',(#1063));
#1065=SURFACE_STYLE_USAGE(.BOTH.,#1064);
#1066=PRESENTATION_STYLE_ASSIGNMENT((#1065));
#1067=STYLED_ITEM('',(#1066),#1059);
#1068=ADVANCED_FACE('',(#1675),#1677,.F.);
#1069=COLOUR_RGB($,0.92156862745098,0.92156862745098,0.909803921568627);
#1070=FILL_AREA_STYLE_COLOUR($,#1069);
#1071=FILL_AREA_STYLE($,(#1070));
#1072=SURFACE_STYLE_FILL_AREA(#1071);
#1073=SURFACE_SIDE_STYLE('',(#1072));
#1074=SURFACE_STYLE_USAGE(.BOTH.,#1073);
#1075=PRESENTATION_STYLE_ASSIGNMENT((#1074));
#1076=STYLED_ITEM('',(#1075),#1068);
#1077=ADVANCED_FACE('',(#1682),#1684,.T.);
#1078=COLOUR_RGB($,0.92156862745098,0.92156862745098,0.909803921568627);
#1079=FILL_AREA_STYLE_COLOUR($,#1078);
#1080=FILL_AREA_STYLE($,(#1079));
#1081=SURFACE_STYLE_FILL_AREA(#1080);
#1082=SURFACE_SIDE_STYLE('',(#1081));
#1083=SURFACE_STYLE_USAGE(.BOTH.,#1082);
#1084=PRESENTATION_STYLE_ASSIGNMENT((#1083));
#1085=STYLED_ITEM('',(#1084),#1077);
#1086=ADVANCED_FACE('',(#1689),#1691,.T.);
#1087=COLOUR_RGB($,0.92156862745098,0.92156862745098,0.909803921568627);
#1088=FILL_AREA_STYLE_COLOUR($,#1087);
#1089=FILL_AREA_STYLE($,(#1088));
#1090=SURFACE_STYLE_FILL_AREA(#1089);
#1091=SURFACE_SIDE_STYLE('',(#1090));
#1092=SURFACE_STYLE_USAGE(.BOTH.,#1091);
#1093=PRESENTATION_STYLE_ASSIGNMENT((#1092));
#1094=STYLED_ITEM('',(#1093),#1086);
#1095=ADVANCED_FACE('',(#1696),#1698,.F.);
#1096=COLOUR_RGB($,0.92156862745098,0.92156862745098,0.909803921568627);
#1097=FILL_AREA_STYLE_COLOUR($,#1096);
#1098=FILL_AREA_STYLE($,(#1097));
#1099=SURFACE_STYLE_FILL_AREA(#1098);
#1100=SURFACE_SIDE_STYLE('',(#1099));
#1101=SURFACE_STYLE_USAGE(.BOTH.,#1100);
#1102=PRESENTATION_STYLE_ASSIGNMENT((#1101));
#1103=STYLED_ITEM('',(#1102),#1095);
#1104=ADVANCED_FACE('',(#1703),#1705,.F.);
#1105=COLOUR_RGB($,0.92156862745098,0.92156862745098,0.909803921568627);
#1106=FILL_AREA_STYLE_COLOUR($,#1105);
#1107=FILL_AREA_STYLE($,(#1106));
#1108=SURFACE_STYLE_FILL_AREA(#1107);
#1109=SURFACE_SIDE_STYLE('',(#1108));
#1110=SURFACE_STYLE_USAGE(.BOTH.,#1109);
#1111=PRESENTATION_STYLE_ASSIGNMENT((#1110));
#1112=STYLED_ITEM('',(#1111),#1104);
#1113=ADVANCED_FACE('',(#1710),#1712,.F.);
#1114=COLOUR_RGB($,0.92156862745098,0.92156862745098,0.909803921568627);
#1115=FILL_AREA_STYLE_COLOUR($,#1114);
#1116=FILL_AREA_STYLE($,(#1115));
#1117=SURFACE_STYLE_FILL_AREA(#1116);
#1118=SURFACE_SIDE_STYLE('',(#1117));
#1119=SURFACE_STYLE_USAGE(.BOTH.,#1118);
#1120=PRESENTATION_STYLE_ASSIGNMENT((#1119));
#1121=STYLED_ITEM('',(#1120),#1113);
#1122=ADVANCED_FACE('',(#1717),#1719,.F.);
#1123=COLOUR_RGB($,0.92156862745098,0.92156862745098,0.909803921568627);
#1124=FILL_AREA_STYLE_COLOUR($,#1123);
#1125=FILL_AREA_STYLE($,(#1124));
#1126=SURFACE_STYLE_FILL_AREA(#1125);
#1127=SURFACE_SIDE_STYLE('',(#1126));
#1128=SURFACE_STYLE_USAGE(.BOTH.,#1127);
#1129=PRESENTATION_STYLE_ASSIGNMENT((#1128));
#1130=STYLED_ITEM('',(#1129),#1122);
#1131=ADVANCED_FACE('',(#1724),#1726,.F.);
#1132=COLOUR_RGB($,0.92156862745098,0.92156862745098,0.909803921568627);
#1133=FILL_AREA_STYLE_COLOUR($,#1132);
#1134=FILL_AREA_STYLE($,(#1133));
#1135=SURFACE_STYLE_FILL_AREA(#1134);
#1136=SURFACE_SIDE_STYLE('',(#1135));
#1137=SURFACE_STYLE_USAGE(.BOTH.,#1136);
#1138=PRESENTATION_STYLE_ASSIGNMENT((#1137));
#1139=STYLED_ITEM('',(#1138),#1131);
#1140=ADVANCED_FACE('',(#1731),#1733,.T.);
#1141=COLOUR_RGB($,0.92156862745098,0.92156862745098,0.909803921568627);
#1142=FILL_AREA_STYLE_COLOUR($,#1141);
#1143=FILL_AREA_STYLE($,(#1142));
#1144=SURFACE_STYLE_FILL_AREA(#1143);
#1145=SURFACE_SIDE_STYLE('',(#1144));
#1146=SURFACE_STYLE_USAGE(.BOTH.,#1145);
#1147=PRESENTATION_STYLE_ASSIGNMENT((#1146));
#1148=STYLED_ITEM('',(#1147),#1140);
#1149=ADVANCED_FACE('',(#1738),#1740,.T.);
#1150=COLOUR_RGB($,0.92156862745098,0.92156862745098,0.909803921568627);
#1151=FILL_AREA_STYLE_COLOUR($,#1150);
#1152=FILL_AREA_STYLE($,(#1151));
#1153=SURFACE_STYLE_FILL_AREA(#1152);
#1154=SURFACE_SIDE_STYLE('',(#1153));
#1155=SURFACE_STYLE_USAGE(.BOTH.,#1154);
#1156=PRESENTATION_STYLE_ASSIGNMENT((#1155));
#1157=STYLED_ITEM('',(#1156),#1149);
#1158=ADVANCED_FACE('',(#1745),#1747,.F.);
#1159=COLOUR_RGB($,0.92156862745098,0.92156862745098,0.909803921568627);
#1160=FILL_AREA_STYLE_COLOUR($,#1159);
#1161=FILL_AREA_STYLE($,(#1160));
#1162=SURFACE_STYLE_FILL_AREA(#1161);
#1163=SURFACE_SIDE_STYLE('',(#1162));
#1164=SURFACE_STYLE_USAGE(.BOTH.,#1163);
#1165=PRESENTATION_STYLE_ASSIGNMENT((#1164));
#1166=STYLED_ITEM('',(#1165),#1158);
#1167=ADVANCED_FACE('',(#1752),#1754,.F.);
#1168=COLOUR_RGB($,0.92156862745098,0.92156862745098,0.909803921568627);
#1169=FILL_AREA_STYLE_COLOUR($,#1168);
#1170=FILL_AREA_STYLE($,(#1169));
#1171=SURFACE_STYLE_FILL_AREA(#1170);
#1172=SURFACE_SIDE_STYLE('',(#1171));
#1173=SURFACE_STYLE_USAGE(.BOTH.,#1172);
#1174=PRESENTATION_STYLE_ASSIGNMENT((#1173));
#1175=STYLED_ITEM('',(#1174),#1167);
#1176=ADVANCED_FACE('',(#1759),#1761,.T.);
#1177=COLOUR_RGB($,0.92156862745098,0.92156862745098,0.909803921568627);
#1178=FILL_AREA_STYLE_COLOUR($,#1177);
#1179=FILL_AREA_STYLE($,(#1178));
#1180=SURFACE_STYLE_FILL_AREA(#1179);
#1181=SURFACE_SIDE_STYLE('',(#1180));
#1182=SURFACE_STYLE_USAGE(.BOTH.,#1181);
#1183=PRESENTATION_STYLE_ASSIGNMENT((#1182));
#1184=STYLED_ITEM('',(#1183),#1176);
#1185=ADVANCED_FACE('',(#1766),#1768,.F.);
#1186=COLOUR_RGB($,0.92156862745098,0.92156862745098,0.909803921568627);
#1187=FILL_AREA_STYLE_COLOUR($,#1186);
#1188=FILL_AREA_STYLE($,(#1187));
#1189=SURFACE_STYLE_FILL_AREA(#1188);
#1190=SURFACE_SIDE_STYLE('',(#1189));
#1191=SURFACE_STYLE_USAGE(.BOTH.,#1190);
#1192=PRESENTATION_STYLE_ASSIGNMENT((#1191));
#1193=STYLED_ITEM('',(#1192),#1185);
#1194=ADVANCED_FACE('',(#1773),#1775,.F.);
#1195=COLOUR_RGB($,0.92156862745098,0.92156862745098,0.909803921568627);
#1196=FILL_AREA_STYLE_COLOUR($,#1195);
#1197=FILL_AREA_STYLE($,(#1196));
#1198=SURFACE_STYLE_FILL_AREA(#1197);
#1199=SURFACE_SIDE_STYLE('',(#1198));
#1200=SURFACE_STYLE_USAGE(.BOTH.,#1199);
#1201=PRESENTATION_STYLE_ASSIGNMENT((#1200));
#1202=STYLED_ITEM('',(#1201),#1194);
#1203=ADVANCED_FACE('',(#1780),#1782,.F.);
#1204=COLOUR_RGB($,0.92156862745098,0.92156862745098,0.909803921568627);
#1205=FILL_AREA_STYLE_COLOUR($,#1204);
#1206=FILL_AREA_STYLE($,(#1205));
#1207=SURFACE_STYLE_FILL_AREA(#1206);
#1208=SURFACE_SIDE_STYLE('',(#1207));
#1209=SURFACE_STYLE_USAGE(.BOTH.,#1208);
#1210=PRESENTATION_STYLE_ASSIGNMENT((#1209));
#1211=STYLED_ITEM('',(#1210),#1203);
#1212=ADVANCED_FACE('',(#1787),#1789,.F.);
#1213=COLOUR_RGB($,0.92156862745098,0.92156862745098,0.909803921568627);
#1214=FILL_AREA_STYLE_COLOUR($,#1213);
#1215=FILL_AREA_STYLE($,(#1214));
#1216=SURFACE_STYLE_FILL_AREA(#1215);
#1217=SURFACE_SIDE_STYLE('',(#1216));
#1218=SURFACE_STYLE_USAGE(.BOTH.,#1217);
#1219=PRESENTATION_STYLE_ASSIGNMENT((#1218));
#1220=STYLED_ITEM('',(#1219),#1212);
#1221=ADVANCED_FACE('',(#1794),#1796,.F.);
#1222=COLOUR_RGB($,0.92156862745098,0.92156862745098,0.909803921568627);
#1223=FILL_AREA_STYLE_COLOUR($,#1222);
#1224=FILL_AREA_STYLE($,(#1223));
#1225=SURFACE_STYLE_FILL_AREA(#1224);
#1226=SURFACE_SIDE_STYLE('',(#1225));
#1227=SURFACE_STYLE_USAGE(.BOTH.,#1226);
#1228=PRESENTATION_STYLE_ASSIGNMENT((#1227));
#1229=STYLED_ITEM('',(#1228),#1221);
#1230=ADVANCED_FACE('',(#1801),#1803,.F.);
#1231=COLOUR_RGB($,0.92156862745098,0.92156862745098,0.909803921568627);
#1232=FILL_AREA_STYLE_COLOUR($,#1231);
#1233=FILL_AREA_STYLE($,(#1232));
#1234=SURFACE_STYLE_FILL_AREA(#1233);
#1235=SURFACE_SIDE_STYLE('',(#1234));
#1236=SURFACE_STYLE_USAGE(.BOTH.,#1235);
#1237=PRESENTATION_STYLE_ASSIGNMENT((#1236));
#1238=STYLED_ITEM('',(#1237),#1230);
#1239=FACE_BOUND('',#1240,.T.);
#1240=EDGE_LOOP('',(#1808,#1809,#1810,#1811));
#1241=PLANE('',#1242);
#1242=AXIS2_PLACEMENT_3D('',#1243,#1244,#1245);
#1243=CARTESIAN_POINT('',(6.25,-0.75,-3.2));
#1244=DIRECTION('',(0.,1.,-0.));
#1245=DIRECTION('',(-1.,0.,0.));
#1246=FACE_BOUND('',#1247,.T.);
#1247=EDGE_LOOP('',(#1812,#1813,#1814,#1815));
#1248=PLANE('',#1249);
#1249=AXIS2_PLACEMENT_3D('',#1250,#1251,#1252);
#1250=CARTESIAN_POINT('',(5.75,-0.75,-3.2));
#1251=DIRECTION('',(-1.,0.,0.));
#1252=DIRECTION('',(0.,-1.,0.));
#1253=FACE_BOUND('',#1254,.T.);
#1254=EDGE_LOOP('',(#1816,#1817,#1818,#1819));
#1255=PLANE('',#1256);
#1256=AXIS2_PLACEMENT_3D('',#1257,#1258,#1259);
#1257=CARTESIAN_POINT('',(5.75,-1.25,-3.2));
#1258=DIRECTION('',(0.,-1.,0.));
#1259=DIRECTION('',(1.,0.,0.));
#1260=FACE_BOUND('',#1261,.T.);
#1261=EDGE_LOOP('',(#1820,#1821,#1822,#1823));
#1262=PLANE('',#1263);
#1263=AXIS2_PLACEMENT_3D('',#1264,#1265,#1266);
#1264=CARTESIAN_POINT('',(6.25,-1.25,-3.2));
#1265=DIRECTION('',(1.,0.,0.));
#1266=DIRECTION('',(0.,1.,0.));
#1267=FACE_BOUND('',#1268,.T.);
#1268=EDGE_LOOP('',(#1824,#1825,#1826,#1827));
#1269=PLANE('',#1270);
#1270=AXIS2_PLACEMENT_3D('',#1271,#1272,#1273);
#1271=CARTESIAN_POINT('',(0.,0.,5.7));
#1272=DIRECTION('',(0.,0.,1.));
#1273=DIRECTION('',(1.,0.,0.));
#1274=FACE_BOUND('',#1275,.T.);
#1275=EDGE_LOOP('',(#1828,#1829,#1830,#1831));
#1276=PLANE('',#1277);
#1277=AXIS2_PLACEMENT_3D('',#1278,#1279,#1280);
#1278=CARTESIAN_POINT('',(0.,0.,-3.2));
#1279=DIRECTION('',(0.,0.,1.));
#1280=DIRECTION('',(1.,0.,0.));
#1281=FACE_BOUND('',#1282,.T.);
#1282=EDGE_LOOP('',(#1832,#1833,#1834,#1835));
#1283=PLANE('',#1284);
#1284=AXIS2_PLACEMENT_3D('',#1285,#1286,#1287);
#1285=CARTESIAN_POINT('',(6.93301270189222,-0.75,-2.98349364905389));
#1286=DIRECTION('',(0.,-0.866025403784438,0.5));
#1287=DIRECTION('',(-1.,0.,0.));
#1288=FACE_BOUND('',#1289,.T.);
#1289=EDGE_LOOP('',(#1836,#1837,#1838,#1839));
#1290=PLANE('',#1291);
#1291=AXIS2_PLACEMENT_3D('',#1292,#1293,#1294);
#1292=CARTESIAN_POINT('',(5.75,-0.0669872981077808,-2.98349364905389));
#1293=DIRECTION('',(0.866025403784438,0.,0.500000000000001));
#1294=DIRECTION('',(0.,-1.,0.));
#1295=FACE_BOUND('',#1296,.T.);
#1296=EDGE_LOOP('',(#1840,#1841,#1842,#1843));
#1297=PLANE('',#1298);
#1298=AXIS2_PLACEMENT_3D('',#1299,#1300,#1301);
#1299=CARTESIAN_POINT('',(5.06698729810778,-1.25,-2.98349364905389));
#1300=DIRECTION('',(-0.,0.866025403784438,0.500000000000001));
#1301=DIRECTION('',(1.,0.,0.));
#1302=FACE_BOUND('',#1303,.T.);
#1303=EDGE_LOOP('',(#1844,#1845,#1846,#1847));
#1304=PLANE('',#1305);
#1305=AXIS2_PLACEMENT_3D('',#1306,#1307,#1308);
#1306=CARTESIAN_POINT('',(6.25,-1.93301270189222,-2.98349364905389));
#1307=DIRECTION('',(-0.866025403784435,0.,0.500000000000006));
#1308=DIRECTION('',(0.,1.,0.));
#1309=FACE_BOUND('',#1310,.T.);
#1310=EDGE_LOOP('',(#1848,#1849,#1850,#1851));
#1311=PLANE('',#1312);
#1312=AXIS2_PLACEMENT_3D('',#1313,#1314,#1315);
#1313=CARTESIAN_POINT('',(6.93301270189222,-0.75,5.48349364905389));
#1314=DIRECTION('',(-4.75973380586806E-016,0.866025403784434,0.500000000000007));
#1315=DIRECTION('',(-1.,0.,-9.51946761173597E-016));
#1316=FACE_BOUND('',#1317,.T.);
#1317=EDGE_LOOP('',(#1852,#1853,#1854,#1855));
#1318=PLANE('',#1319);
#1319=AXIS2_PLACEMENT_3D('',#1320,#1321,#1322);
#1320=CARTESIAN_POINT('',(5.75,-0.0669872981077808,5.48349364905389));
#1321=DIRECTION('',(-0.866025403784442,4.75973380586793E-016,0.499999999999994));
#1322=DIRECTION('',(0.,-1.,9.51946761173597E-016));
#1323=FACE_BOUND('',#1324,.T.);
#1324=EDGE_LOOP('',(#1856,#1857,#1858,#1859));
#1325=PLANE('',#1326);
#1326=AXIS2_PLACEMENT_3D('',#1327,#1328,#1329);
#1327=CARTESIAN_POINT('',(5.06698729810778,-1.25,5.48349364905389));
#1328=DIRECTION('',(4.75973380586805E-016,-0.866025403784435,0.500000000000007));
#1329=DIRECTION('',(1.,0.,-9.51946761173597E-016));
#1330=FACE_BOUND('',#1331,.T.);
#1331=EDGE_LOOP('',(#1860,#1861,#1862,#1863));
#1332=PLANE('',#1333);
#1333=AXIS2_PLACEMENT_3D('',#1334,#1335,#1336);
#1334=CARTESIAN_POINT('',(6.25,-1.93301270189222,5.48349364905389));
#1335=DIRECTION('',(0.866025403784439,-4.75973380586798E-016,0.5));
#1336=DIRECTION('',(9.15279050580257E-032,1.,9.51946761173597E-016));
#1337=FACE_BOUND('',#1338,.T.);
#1338=EDGE_LOOP('',(#1864,#1865,#1866,#1867,#1868,#1869,#1870,#1871,#1872,#1873,
#1874,#1875,#1876,#1877));
#1339=FACE_BOUND('',#1340,.T.);
#1340=EDGE_LOOP('',(#1878,#1879,#1880));
#1341=PLANE('',#1342);
#1342=AXIS2_PLACEMENT_3D('',#1343,#1344,#1345);
#1343=CARTESIAN_POINT('',(8.,-3.7,4.7467804263307E-018));
#1344=DIRECTION('',(0.,-1.,0.));
#1345=DIRECTION('',(0.,0.,1.));
#1346=FACE_BOUND('',#1347,.T.);
#1347=EDGE_LOOP('',(#1881,#1882,#1883,#1884));
#1348=PLANE('',#1349);
#1349=AXIS2_PLACEMENT_3D('',#1350,#1351,#1352);
#1350=CARTESIAN_POINT('',(6.7,-3.7,1.3));
#1351=DIRECTION('',(0.863950323522001,-0.258819045102534,0.431975161761));
#1352=DIRECTION('',(-0.447213595499958,0.,0.894427190999916));
#1353=FACE_BOUND('',#1354,.T.);
#1354=EDGE_LOOP('',(#1885,#1886,#1887,#1888));
#1355=PLANE('',#1356);
#1356=AXIS2_PLACEMENT_3D('',#1357,#1358,#1359);
#1357=CARTESIAN_POINT('',(5.3,-3.7,1.3));
#1358=DIRECTION('',(0.,-0.25881904510252,-0.965925826289069));
#1359=DIRECTION('',(1.,0.,0.));
#1360=FACE_BOUND('',#1361,.T.);
#1361=EDGE_LOOP('',(#1889,#1890,#1891,#1892));
#1362=PLANE('',#1363);
#1363=AXIS2_PLACEMENT_3D('',#1364,#1365,#1366);
#1364=CARTESIAN_POINT('',(6.,-3.7,2.7));
#1365=DIRECTION('',(-0.863950323522005,-0.258819045102518,0.431975161761002));
#1366=DIRECTION('',(-0.447213595499958,0.,-0.894427190999916));
#1367=FACE_BOUND('',#1368,.T.);
#1368=EDGE_LOOP('',(#1893,#1894,#1895,#1896));
#1369=PLANE('',#1370);
#1370=AXIS2_PLACEMENT_3D('',#1371,#1372,#1373);
#1371=CARTESIAN_POINT('',(4.5,-3.7,3.50540562563862));
#1372=DIRECTION('',(0.,0.139173100457465,-0.990268068812206));
#1373=DIRECTION('',(0.,-0.990268068812206,-0.139173100457465));
#1374=FACE_BOUND('',#1375,.T.);
#1375=EDGE_LOOP('',(#1897,#1898,#1899,#1900));
#1376=PLANE('',#1377);
#1377=AXIS2_PLACEMENT_3D('',#1378,#1379,#1380);
#1378=CARTESIAN_POINT('',(-4.5,0.,0.));
#1379=DIRECTION('',(-1.,0.,0.));
#1380=DIRECTION('',(0.,0.,-1.));
#1381=FACE_BOUND('',#1382,.T.);
#1382=EDGE_LOOP('',(#1901,#1902,#1903,#1904,#1905,#1906));
#1383=PLANE('',#1384);
#1384=AXIS2_PLACEMENT_3D('',#1385,#1386,#1387);
#1385=CARTESIAN_POINT('',(5.5,-3.7,5.3));
#1386=DIRECTION('',(0.,0.,-1.));
#1387=DIRECTION('',(-1.,0.,0.));
#1388=FACE_BOUND('',#1389,.T.);
#1389=EDGE_LOOP('',(#1907,#1908,#1909,#1910));
#1390=PLANE('',#1391);
#1391=AXIS2_PLACEMENT_3D('',#1392,#1393,#1394);
#1392=CARTESIAN_POINT('',(-5.5,-3.7,5.3));
#1393=DIRECTION('',(-1.,0.,0.));
#1394=DIRECTION('',(0.,0.,1.));
#1395=FACE_BOUND('',#1396,.T.);
#1396=EDGE_LOOP('',(#1911,#1912,#1913,#1914));
#1397=PLANE('',#1398);
#1398=AXIS2_PLACEMENT_3D('',#1399,#1400,#1401);
#1399=CARTESIAN_POINT('',(-5.5,-3.7,7.5));
#1400=DIRECTION('',(-0.707106781186547,0.,-0.707106781186547));
#1401=DIRECTION('',(-0.707106781186548,0.,0.707106781186548));
#1402=FACE_BOUND('',#1403,.T.);
#1403=EDGE_LOOP('',(#1915,#1916,#1917,#1918,#1919,#1920,#1921));
#1404=PLANE('',#1405);
#1405=AXIS2_PLACEMENT_3D('',#1406,#1407,#1408);
#1406=CARTESIAN_POINT('',(8.,-3.7,7.8));
#1407=DIRECTION('',(0.,-0.,1.));
#1408=DIRECTION('',(0.,1.,0.));
#1409=FACE_BOUND('',#1410,.T.);
#1410=EDGE_LOOP('',(#1922,#1923,#1924,#1925,#1926,#1927,#1928,#1929,#1930,#1931,
#1932,#1933,#1934,#1935));
#1411=PLANE('',#1412);
#1412=AXIS2_PLACEMENT_3D('',#1413,#1414,#1415);
#1413=CARTESIAN_POINT('',(-8.,0.,0.));
#1414=DIRECTION('',(-1.,0.,0.));
#1415=DIRECTION('',(0.,0.,-1.));
#1416=FACE_BOUND('',#1417,.T.);
#1417=EDGE_LOOP('',(#1936,#1937,#1938,#1939));
#1418=PLANE('',#1419);
#1419=AXIS2_PLACEMENT_3D('',#1420,#1421,#1422);
#1420=CARTESIAN_POINT('',(8.,-1.375,0.));
#1421=DIRECTION('',(-0.,-2.04162598981965E-018,-1.));
#1422=DIRECTION('',(0.,-1.,2.04162598981965E-018));
#1423=FACE_BOUND('',#1424,.T.);
#1424=EDGE_LOOP('',(#1940,#1941,#1942,#1943,#1944,#1945,#1946,#1947,#1948,#1949,
#1950,#1951,#1952,#1953));
#1425=PLANE('',#1426);
#1426=AXIS2_PLACEMENT_3D('',#1427,#1428,#1429);
#1427=CARTESIAN_POINT('',(8.,0.,0.));
#1428=DIRECTION('',(-1.,0.,0.));
#1429=DIRECTION('',(0.,0.,-1.));
#1430=FACE_BOUND('',#1431,.T.);
#1431=EDGE_LOOP('',(#1954,#1955,#1956,#1957,#1958,#1959,#1960));
#1432=PLANE('',#1433);
#1433=AXIS2_PLACEMENT_3D('',#1434,#1435,#1436);
#1434=CARTESIAN_POINT('',(8.,-3.7,7.8));
#1435=DIRECTION('',(0.,-0.,1.));
#1436=DIRECTION('',(0.,1.,0.));
#1437=FACE_BOUND('',#1438,.T.);
#1438=EDGE_LOOP('',(#1961,#1962,#1963,#1964));
#1439=PLANE('',#1440);
#1440=AXIS2_PLACEMENT_3D('',#1441,#1442,#1443);
#1441=CARTESIAN_POINT('',(5.8,-3.7,7.8));
#1442=DIRECTION('',(0.707106781186546,0.,-0.707106781186548));
#1443=DIRECTION('',(-0.707106781186548,0.,-0.707106781186546));
#1444=FACE_BOUND('',#1445,.T.);
#1445=EDGE_LOOP('',(#1965,#1966,#1967,#1968));
#1446=PLANE('',#1447);
#1447=AXIS2_PLACEMENT_3D('',#1448,#1449,#1450);
#1448=CARTESIAN_POINT('',(5.5,-3.7,7.5));
#1449=DIRECTION('',(1.,-0.,0.));
#1450=DIRECTION('',(0.,0.,-1.));
#1451=FACE_BOUND('',#1452,.T.);
#1452=EDGE_LOOP('',(#1969,#1970,#1971,#1972));
#1453=PLANE('',#1454);
#1454=AXIS2_PLACEMENT_3D('',#1455,#1456,#1457);
#1455=CARTESIAN_POINT('',(4.5,0.,0.));
#1456=DIRECTION('',(-1.,0.,0.));
#1457=DIRECTION('',(0.,0.,-1.));
#1458=FACE_BOUND('',#1459,.T.);
#1459=EDGE_LOOP('',(#1973,#1974,#1975));
#1460=PLANE('',#1461);
#1461=AXIS2_PLACEMENT_3D('',#1462,#1463,#1464);
#1462=CARTESIAN_POINT('',(0.,-3.75,0.));
#1463=DIRECTION('',(0.,-1.,0.));
#1464=DIRECTION('',(1.,0.,0.));
#1465=FACE_BOUND('',#1466,.T.);
#1466=EDGE_LOOP('',(#1976,#1977,#1978,#1979));
#1467=PLANE('',#1468);
#1468=AXIS2_PLACEMENT_3D('',#1469,#1470,#1471);
#1469=CARTESIAN_POINT('',(4.5,-4.45,3.4));
#1470=DIRECTION('',(-0.,-1.,-8.27782287160517E-013));
#1471=DIRECTION('',(0.,-8.27782287160517E-013,1.));
#1472=FACE_BOUND('',#1473,.T.);
#1473=EDGE_LOOP('',(#1980,#1981,#1982,#1983));
#1474=PLANE('',#1475);
#1475=AXIS2_PLACEMENT_3D('',#1476,#1477,#1478);
#1476=CARTESIAN_POINT('',(4.5,-4.45000000000041,3.9));
#1477=DIRECTION('',(0.,-0.881479970028674,0.472221412515621));
#1478=DIRECTION('',(0.,0.472221412515621,0.881479970028674));
#1479=FACE_BOUND('',#1480,.T.);
#1480=EDGE_LOOP('',(#1984,#1985,#1986,#1987));
#1481=PLANE('',#1482);
#1482=AXIS2_PLACEMENT_3D('',#1483,#1484,#1485);
#1483=CARTESIAN_POINT('',(-6.3,-2.95,5.1));
#1484=DIRECTION('',(4.98442050375801E-017,-0.707106781186547,-0.707106781186548));
#1485=DIRECTION('',(1.,7.04903507698512E-017,0.));
#1486=FACE_BOUND('',#1487,.T.);
#1487=EDGE_LOOP('',(#1988,#1989,#1990,#1991));
#1488=PLANE('',#1489);
#1489=AXIS2_PLACEMENT_3D('',#1490,#1491,#1492);
#1490=CARTESIAN_POINT('',(-5.7,-2.95,8.3));
#1491=DIRECTION('',(-0.707106781186548,-0.707106781186548,-0.));
#1492=DIRECTION('',(0.,0.,-1.));
#1493=FACE_BOUND('',#1494,.T.);
#1494=EDGE_LOOP('',(#1992,#1993,#1994,#1995));
#1495=PLANE('',#1496);
#1496=AXIS2_PLACEMENT_3D('',#1497,#1498,#1499);
#1497=CARTESIAN_POINT('',(-6.50710678118655,-2.95,8.22426406871193));
#1498=DIRECTION('',(-0.5,-0.707106781186548,-0.499999999999999));
#1499=DIRECTION('',(0.707106781186547,0.,-0.707106781186548));
#1500=FACE_BOUND('',#1501,.T.);
#1501=EDGE_LOOP('',(#1996,#1997,#1998,#1999));
#1502=PLANE('',#1503);
#1503=AXIS2_PLACEMENT_3D('',#1504,#1505,#1506);
#1504=CARTESIAN_POINT('',(-7.60000000000001,-1.3,7.8));
#1505=DIRECTION('',(0.707106781186538,1.16844089948558E-015,0.707106781186557));
#1506=DIRECTION('',(1.65242496688395E-015,-1.,0.));
#1507=FACE_BOUND('',#1508,.T.);
#1508=EDGE_LOOP('',(#2000,#2001,#2002,#2003,#2004));
#1509=PLANE('',#1510);
#1510=AXIS2_PLACEMENT_3D('',#1511,#1512,#1513);
#1511=CARTESIAN_POINT('',(8.,-2.1,7.8));
#1512=DIRECTION('',(0.,1.,0.));
#1513=DIRECTION('',(0.,0.,-1.));
#1514=FACE_BOUND('',#1515,.T.);
#1515=EDGE_LOOP('',(#2005,#2006,#2007,#2008));
#1516=PLANE('',#1517);
#1517=AXIS2_PLACEMENT_3D('',#1518,#1519,#1520);
#1518=CARTESIAN_POINT('',(-7.9,-3.15,7.8));
#1519=DIRECTION('',(-0.,0.707106781186549,0.707106781186546));
#1520=DIRECTION('',(1.,0.,0.));
#1521=FACE_BOUND('',#1522,.T.);
#1522=EDGE_LOOP('',(#2009,#2010,#2011,#2012));
#1523=PLANE('',#1524);
#1524=AXIS2_PLACEMENT_3D('',#1525,#1526,#1527);
#1525=CARTESIAN_POINT('',(-8.10710678118655,-2.22573593128807,7.8));
#1526=DIRECTION('',(0.5,0.499999999999998,0.707106781186549));
#1527=DIRECTION('',(0.707106781186546,-0.707106781186549,3.87818092251881E-017));
#1528=FACE_BOUND('',#1529,.T.);
#1529=EDGE_LOOP('',(#2013,#2014,#2015,#2016));
#1530=PLANE('',#1531);
#1531=AXIS2_PLACEMENT_3D('',#1532,#1533,#1534);
#1532=CARTESIAN_POINT('',(8.,2.9,-8.99459688076701E-028));
#1533=DIRECTION('',(-0.,-5.89809631525706E-028,-1.));
#1534=DIRECTION('',(0.,-1.,5.89809631525706E-028));
#1535=FACE_BOUND('',#1536,.T.);
#1536=EDGE_LOOP('',(#2017,#2018,#2019,#2020));
#1537=PLANE('',#1538);
#1538=AXIS2_PLACEMENT_3D('',#1539,#1540,#1541);
#1539=CARTESIAN_POINT('',(8.,1.375,0.));
#1540=DIRECTION('',(-0.,-0.832050294327704,-0.554700196240438));
#1541=DIRECTION('',(0.,-0.554700196240438,0.832050294327704));
#1542=FACE_BOUND('',#1543,.T.);
#1543=EDGE_LOOP('',(#2021,#2022,#2023,#2024));
#1544=PLANE('',#1545);
#1545=AXIS2_PLACEMENT_3D('',#1546,#1547,#1548);
#1546=CARTESIAN_POINT('',(8.,1.27499999999604,0.15));
#1547=DIRECTION('',(0.,2.17690789142188E-017,-1.));
#1548=DIRECTION('',(0.,-1.,-2.17690789142188E-017));
#1549=FACE_BOUND('',#1550,.T.);
#1550=EDGE_LOOP('',(#2025,#2026,#2027,#2028));
#1551=PLANE('',#1552);
#1552=AXIS2_PLACEMENT_3D('',#1553,#1554,#1555);
#1553=CARTESIAN_POINT('',(8.,-1.27500000000396,0.15));
#1554=DIRECTION('',(0.,0.832050294347983,-0.554700196210021));
#1555=DIRECTION('',(0.,-0.554700196210021,-0.832050294347983));
#1556=FACE_BOUND('',#1557,.T.);
#1557=EDGE_LOOP('',(#2029,#2030,#2031,#2032));
#1558=CYLINDRICAL_SURFACE('',#1559,0.55);
#1559=AXIS2_PLACEMENT_3D('',#1560,#1561,#1562);
#1560=CARTESIAN_POINT('',(8.,-1.55,4.25));
#1561=DIRECTION('',(1.,-0.,-0.));
#1562=DIRECTION('',(0.,-1.,0.));
#1563=FACE_BOUND('',#1564,.T.);
#1564=EDGE_LOOP('',(#2033,#2034,#2035,#2036,#2037));
#1565=PLANE('',#1566);
#1566=AXIS2_PLACEMENT_3D('',#1567,#1568,#1569);
#1567=CARTESIAN_POINT('',(8.,-1.,4.25));
#1568=DIRECTION('',(0.,-1.,0.));
#1569=DIRECTION('',(0.,0.,1.));
#1570=FACE_BOUND('',#1571,.T.);
#1571=EDGE_LOOP('',(#2038,#2039,#2040,#2041,#2042,#2043));
#1572=PLANE('',#1573);
#1573=AXIS2_PLACEMENT_3D('',#1574,#1575,#1576);
#1574=CARTESIAN_POINT('',(8.,-1.,7.8));
#1575=DIRECTION('',(0.,-0.,1.));
#1576=DIRECTION('',(0.,1.,0.));
#1577=FACE_BOUND('',#1578,.T.);
#1578=EDGE_LOOP('',(#2044,#2045,#2046,#2047,#2048,#2049,#2050,#2051,#2052,#2053));
#1579=PLANE('',#1580);
#1580=AXIS2_PLACEMENT_3D('',#1581,#1582,#1583);
#1581=CARTESIAN_POINT('',(8.,3.7,7.8));
#1582=DIRECTION('',(0.,1.,0.));
#1583=DIRECTION('',(0.,0.,-1.));
#1584=FACE_BOUND('',#1585,.T.);
#1585=EDGE_LOOP('',(#2054,#2055,#2056,#2057));
#1586=PLANE('',#1587);
#1587=AXIS2_PLACEMENT_3D('',#1588,#1589,#1590);
#1588=CARTESIAN_POINT('',(8.,3.7,1.));
#1589=DIRECTION('',(-0.,-0.,-1.));
#1590=DIRECTION('',(0.,-1.,0.));
#1591=FACE_BOUND('',#1592,.T.);
#1592=EDGE_LOOP('',(#2058,#2059,#2060,#2061));
#1593=PLANE('',#1594);
#1594=AXIS2_PLACEMENT_3D('',#1595,#1596,#1597);
#1595=CARTESIAN_POINT('',(8.,2.9,1.));
#1596=DIRECTION('',(0.,1.,0.));
#1597=DIRECTION('',(0.,0.,-1.));
#1598=FACE_BOUND('',#1599,.T.);
#1599=EDGE_LOOP('',(#2062,#2063,#2064,#2065,#2066,#2067));
#1600=PLANE('',#1601);
#1601=AXIS2_PLACEMENT_3D('',#1602,#1603,#1604);
#1602=CARTESIAN_POINT('',(8.,-1.,7.8));
#1603=DIRECTION('',(0.,-0.,1.));
#1604=DIRECTION('',(0.,1.,0.));
#1605=FACE_BOUND('',#1606,.T.);
#1606=EDGE_LOOP('',(#2068,#2069,#2070,#2071,#2072));
#1607=PLANE('',#1608);
#1608=AXIS2_PLACEMENT_3D('',#1609,#1610,#1611);
#1609=CARTESIAN_POINT('',(8.,-1.,4.25));
#1610=DIRECTION('',(0.,-1.,0.));
#1611=DIRECTION('',(0.,0.,1.));
#1612=FACE_BOUND('',#1613,.T.);
#1613=EDGE_LOOP('',(#2073,#2074,#2075,#2076));
#1614=CYLINDRICAL_SURFACE('',#1615,0.55);
#1615=AXIS2_PLACEMENT_3D('',#1616,#1617,#1618);
#1616=CARTESIAN_POINT('',(8.,-1.55,4.25));
#1617=DIRECTION('',(1.,-0.,-0.));
#1618=DIRECTION('',(0.,-1.,0.));
#1619=FACE_BOUND('',#1620,.T.);
#1620=EDGE_LOOP('',(#2077,#2078,#2079,#2080,#2081));
#1621=PLANE('',#1622);
#1622=AXIS2_PLACEMENT_3D('',#1623,#1624,#1625);
#1623=CARTESIAN_POINT('',(8.,-2.1,7.8));
#1624=DIRECTION('',(0.,1.,0.));
#1625=DIRECTION('',(0.,0.,-1.));
#1626=FACE_BOUND('',#1627,.T.);
#1627=EDGE_LOOP('',(#2082,#2083,#2084,#2085));
#1628=PLANE('',#1629);
#1629=AXIS2_PLACEMENT_3D('',#1630,#1631,#1632);
#1630=CARTESIAN_POINT('',(5.,-3.15,7.8));
#1631=DIRECTION('',(-0.,0.707106781186546,0.707106781186549));
#1632=DIRECTION('',(1.,0.,0.));
#1633=FACE_BOUND('',#1634,.T.);
#1634=EDGE_LOOP('',(#2086,#2087,#2088,#2089));
#1635=PLANE('',#1636);
#1636=AXIS2_PLACEMENT_3D('',#1637,#1638,#1639);
#1637=CARTESIAN_POINT('',(7.6,-3.45,7.8));
#1638=DIRECTION('',(-0.707106781186546,0.,0.707106781186549));
#1639=DIRECTION('',(0.,1.,0.));
#1640=FACE_BOUND('',#1641,.T.);
#1641=EDGE_LOOP('',(#2090,#2091,#2092,#2093));
#1642=PLANE('',#1643);
#1643=AXIS2_PLACEMENT_3D('',#1644,#1645,#1646);
#1644=CARTESIAN_POINT('',(6.67573593128807,-3.65710678118655,7.8));
#1645=DIRECTION('',(-0.500000000000002,0.500000000000002,0.707106781186544));
#1646=DIRECTION('',(0.707106781186547,0.707106781186548,-7.75636184503755E-017));
#1647=FACE_BOUND('',#1648,.T.);
#1648=EDGE_LOOP('',(#2094,#2095,#2096,#2097));
#1649=PLANE('',#1650);
#1650=AXIS2_PLACEMENT_3D('',#1651,#1652,#1653);
#1651=CARTESIAN_POINT('',(5.07573593128807,-2.95,6.79289321881346));
#1652=DIRECTION('',(0.500000000000003,-0.707106781186541,-0.500000000000006));
#1653=DIRECTION('',(0.70710678118655,-3.87818092251877E-017,0.707106781186545));
#1654=FACE_BOUND('',#1655,.T.);
#1655=EDGE_LOOP('',(#2098,#2099,#2100,#2101));
#1656=PLANE('',#1657);
#1657=AXIS2_PLACEMENT_3D('',#1658,#1659,#1660);
#1658=CARTESIAN_POINT('',(5.7,-2.95,4.5));
#1659=DIRECTION('',(0.70710678118655,-0.707106781186545,0.));
#1660=DIRECTION('',(0.,0.,1.));
#1661=FACE_BOUND('',#1662,.T.);
#1662=EDGE_LOOP('',(#2102,#2103,#2104,#2105,#2106,#2107,#2108,#2109,#2110,#2111));
#1663=PLANE('',#1664);
#1664=AXIS2_PLACEMENT_3D('',#1665,#1666,#1667);
#1665=CARTESIAN_POINT('',(-7.1,-2.95,1.8));
#1666=DIRECTION('',(6.25477760352201E-017,-1.,0.));
#1667=DIRECTION('',(1.,6.25477760352201E-017,0.));
#1668=FACE_BOUND('',#1669,.T.);
#1669=EDGE_LOOP('',(#2112,#2113,#2114,#2115,#2116,#2117,#2118,#2119));
#1670=PLANE('',#1671);
#1671=AXIS2_PLACEMENT_3D('',#1672,#1673,#1674);
#1672=CARTESIAN_POINT('',(-7.4,2.95,1.8));
#1673=DIRECTION('',(-1.,-1.58603289232165E-016,0.));
#1674=DIRECTION('',(1.58603289232165E-016,-1.,0.));
#1675=FACE_BOUND('',#1676,.T.);
#1676=EDGE_LOOP('',(#2120,#2121,#2122,#2123));
#1677=PLANE('',#1678);
#1678=AXIS2_PLACEMENT_3D('',#1679,#1680,#1681);
#1679=CARTESIAN_POINT('',(-7.4,-2.65,1.8));
#1680=DIRECTION('',(-0.707106781186548,-0.707106781186546,0.));
#1681=DIRECTION('',(0.707106781186546,-0.707106781186548,0.));
#1682=FACE_BOUND('',#1683,.T.);
#1683=EDGE_LOOP('',(#2124,#2125,#2126,#2127));
#1684=PLANE('',#1685);
#1685=AXIS2_PLACEMENT_3D('',#1686,#1687,#1688);
#1686=CARTESIAN_POINT('',(-7.6,3.75,7.8));
#1687=DIRECTION('',(0.707106781186548,0.,0.707106781186548));
#1688=DIRECTION('',(0.,-1.,0.));
#1689=FACE_BOUND('',#1690,.T.);
#1690=EDGE_LOOP('',(#2128,#2129,#2130,#2131));
#1691=PLANE('',#1692);
#1692=AXIS2_PLACEMENT_3D('',#1693,#1694,#1695);
#1693=CARTESIAN_POINT('',(-5.,3.15,7.8));
#1694=DIRECTION('',(0.,-0.707106781186551,0.707106781186544));
#1695=DIRECTION('',(-1.,0.,0.));
#1696=FACE_BOUND('',#1697,.T.);
#1697=EDGE_LOOP('',(#2132,#2133,#2134,#2135));
#1698=PLANE('',#1699);
#1699=AXIS2_PLACEMENT_3D('',#1700,#1701,#1702);
#1700=CARTESIAN_POINT('',(-5.5,0.,7.5));
#1701=DIRECTION('',(-0.707106781186547,0.,-0.707106781186547));
#1702=DIRECTION('',(-0.707106781186548,0.,0.707106781186548));
#1703=FACE_BOUND('',#1704,.T.);
#1704=EDGE_LOOP('',(#2136,#2137,#2138,#2139));
#1705=PLANE('',#1706);
#1706=AXIS2_PLACEMENT_3D('',#1707,#1708,#1709);
#1707=CARTESIAN_POINT('',(5.8,0.,7.8));
#1708=DIRECTION('',(0.707106781186547,0.,-0.707106781186547));
#1709=DIRECTION('',(-0.707106781186548,0.,-0.707106781186548));
#1710=FACE_BOUND('',#1711,.T.);
#1711=EDGE_LOOP('',(#2140,#2141,#2142,#2143));
#1712=PLANE('',#1713);
#1713=AXIS2_PLACEMENT_3D('',#1714,#1715,#1716);
#1714=CARTESIAN_POINT('',(-5.5,0.,6.8));
#1715=DIRECTION('',(-1.,0.,0.));
#1716=DIRECTION('',(0.,0.,1.));
#1717=FACE_BOUND('',#1718,.T.);
#1718=EDGE_LOOP('',(#2144,#2145,#2146,#2147));
#1719=PLANE('',#1720);
#1720=AXIS2_PLACEMENT_3D('',#1721,#1722,#1723);
#1721=CARTESIAN_POINT('',(5.5,0.,6.8));
#1722=DIRECTION('',(-8.07434927000114E-017,0.,-1.));
#1723=DIRECTION('',(-1.,0.,8.07434927000114E-017));
#1724=FACE_BOUND('',#1725,.T.);
#1725=EDGE_LOOP('',(#2148,#2149,#2150,#2151));
#1726=PLANE('',#1727);
#1727=AXIS2_PLACEMENT_3D('',#1728,#1729,#1730);
#1728=CARTESIAN_POINT('',(5.5,0.,7.5));
#1729=DIRECTION('',(1.,-0.,0.));
#1730=DIRECTION('',(0.,0.,-1.));
#1731=FACE_BOUND('',#1732,.T.);
#1732=EDGE_LOOP('',(#2152,#2153,#2154,#2155));
#1733=PLANE('',#1734);
#1734=AXIS2_PLACEMENT_3D('',#1735,#1736,#1737);
#1735=CARTESIAN_POINT('',(7.6,-1.8,7.8));
#1736=DIRECTION('',(-0.707106781186546,0.,0.707106781186549));
#1737=DIRECTION('',(0.,1.,0.));
#1738=FACE_BOUND('',#1739,.T.);
#1739=EDGE_LOOP('',(#2156,#2157,#2158,#2159));
#1740=PLANE('',#1741);
#1741=AXIS2_PLACEMENT_3D('',#1742,#1743,#1744);
#1742=CARTESIAN_POINT('',(8.2,3.15,7.8));
#1743=DIRECTION('',(0.,-0.707106781186545,0.70710678118655));
#1744=DIRECTION('',(-1.,0.,0.));
#1745=FACE_BOUND('',#1746,.T.);
#1746=EDGE_LOOP('',(#2160,#2161,#2162,#2163,#2164,#2165,#2166,#2167));
#1747=PLANE('',#1748);
#1748=AXIS2_PLACEMENT_3D('',#1749,#1750,#1751);
#1749=CARTESIAN_POINT('',(7.4,-2.65,1.8));
#1750=DIRECTION('',(1.,0.,0.));
#1751=DIRECTION('',(0.,1.,0.));
#1752=FACE_BOUND('',#1753,.T.);
#1753=EDGE_LOOP('',(#2168,#2169,#2170,#2171));
#1754=PLANE('',#1755);
#1755=AXIS2_PLACEMENT_3D('',#1756,#1757,#1758);
#1756=CARTESIAN_POINT('',(7.1,-2.95,1.8));
#1757=DIRECTION('',(0.707106781186548,-0.707106781186547,0.));
#1758=DIRECTION('',(0.707106781186547,0.707106781186548,0.));
#1759=FACE_BOUND('',#1760,.T.);
#1760=EDGE_LOOP('',(#2172,#2173,#2174,#2175,#2176,#2177));
#1761=PLANE('',#1762);
#1762=AXIS2_PLACEMENT_3D('',#1763,#1764,#1765);
#1763=CARTESIAN_POINT('',(0.,0.,1.8));
#1764=DIRECTION('',(0.,0.,1.));
#1765=DIRECTION('',(1.,0.,0.));
#1766=FACE_BOUND('',#1767,.T.);
#1767=EDGE_LOOP('',(#2178,#2179,#2180,#2181,#2182,#2183,#2184,#2185,#2186,#2187));
#1768=PLANE('',#1769);
#1769=AXIS2_PLACEMENT_3D('',#1770,#1771,#1772);
#1770=CARTESIAN_POINT('',(7.4,2.95,1.8));
#1771=DIRECTION('',(-3.00060276925718E-017,1.,0.));
#1772=DIRECTION('',(-1.,-3.00060276925718E-017,0.));
#1773=FACE_BOUND('',#1774,.T.);
#1774=EDGE_LOOP('',(#2188,#2189,#2190,#2191));
#1775=PLANE('',#1776);
#1776=AXIS2_PLACEMENT_3D('',#1777,#1778,#1779);
#1777=CARTESIAN_POINT('',(-5.07573593128807,2.95,6.79289321881345));
#1778=DIRECTION('',(-0.500000000000003,0.707106781186543,-0.500000000000004));
#1779=DIRECTION('',(-0.707106781186548,0.,0.707106781186547));
#1780=FACE_BOUND('',#1781,.T.);
#1781=EDGE_LOOP('',(#2192,#2193,#2194,#2195));
#1782=PLANE('',#1783);
#1783=AXIS2_PLACEMENT_3D('',#1784,#1785,#1786);
#1784=CARTESIAN_POINT('',(6.50710678118655,2.95,8.22426406871193));
#1785=DIRECTION('',(0.499999999999998,0.707106781186549,-0.499999999999999));
#1786=DIRECTION('',(-0.707106781186548,7.7563618450376E-017,-0.707106781186547));
#1787=FACE_BOUND('',#1788,.T.);
#1788=EDGE_LOOP('',(#2196,#2197,#2198,#2199));
#1789=PLANE('',#1790);
#1790=AXIS2_PLACEMENT_3D('',#1791,#1792,#1793);
#1791=CARTESIAN_POINT('',(-5.7,2.95,6.));
#1792=DIRECTION('',(-0.707106781186547,0.707106781186548,1.09223823212784E-015));
#1793=DIRECTION('',(1.54465812121761E-015,1.21262803368421E-031,1.));
#1794=FACE_BOUND('',#1795,.T.);
#1795=EDGE_LOOP('',(#2200,#2201,#2202,#2203));
#1796=PLANE('',#1797);
#1797=AXIS2_PLACEMENT_3D('',#1798,#1799,#1800);
#1798=CARTESIAN_POINT('',(6.3,2.95,6.6));
#1799=DIRECTION('',(-7.47663075563703E-017,0.707106781186545,-0.70710678118655));
#1800=DIRECTION('',(-1.,-3.52451753849256E-017,7.04903507698512E-017));
#1801=FACE_BOUND('',#1802,.T.);
#1802=EDGE_LOOP('',(#2204,#2205,#2206,#2207));
#1803=PLANE('',#1804);
#1804=AXIS2_PLACEMENT_3D('',#1805,#1806,#1807);
#1805=CARTESIAN_POINT('',(5.7,2.95,8.3));
#1806=DIRECTION('',(0.707106781186546,0.707106781186549,0.));
#1807=DIRECTION('',(0.,0.,-1.));
#1808=ORIENTED_EDGE('',*,*,#2208,.F.);
#1809=ORIENTED_EDGE('',*,*,#2209,.F.);
#1810=ORIENTED_EDGE('',*,*,#2210,.T.);
#1811=ORIENTED_EDGE('',*,*,#2211,.T.);
#1812=ORIENTED_EDGE('',*,*,#2212,.F.);
#1813=ORIENTED_EDGE('',*,*,#2211,.F.);
#1814=ORIENTED_EDGE('',*,*,#2213,.T.);
#1815=ORIENTED_EDGE('',*,*,#2214,.T.);
#1816=ORIENTED_EDGE('',*,*,#2215,.F.);
#1817=ORIENTED_EDGE('',*,*,#2214,.F.);
#1818=ORIENTED_EDGE('',*,*,#2216,.T.);
#1819=ORIENTED_EDGE('',*,*,#2217,.T.);
#1820=ORIENTED_EDGE('',*,*,#2218,.F.);
#1821=ORIENTED_EDGE('',*,*,#2217,.F.);
#1822=ORIENTED_EDGE('',*,*,#2219,.T.);
#1823=ORIENTED_EDGE('',*,*,#2209,.T.);
#1824=ORIENTED_EDGE('',*,*,#2220,.T.);
#1825=ORIENTED_EDGE('',*,*,#2221,.T.);
#1826=ORIENTED_EDGE('',*,*,#2222,.T.);
#1827=ORIENTED_EDGE('',*,*,#2223,.T.);
#1828=ORIENTED_EDGE('',*,*,#2224,.F.);
#1829=ORIENTED_EDGE('',*,*,#2225,.F.);
#1830=ORIENTED_EDGE('',*,*,#2226,.F.);
#1831=ORIENTED_EDGE('',*,*,#2227,.F.);
#1832=ORIENTED_EDGE('',*,*,#2210,.F.);
#1833=ORIENTED_EDGE('',*,*,#2228,.F.);
#1834=ORIENTED_EDGE('',*,*,#2224,.T.);
#1835=ORIENTED_EDGE('',*,*,#2229,.T.);
#1836=ORIENTED_EDGE('',*,*,#2213,.F.);
#1837=ORIENTED_EDGE('',*,*,#2229,.F.);
#1838=ORIENTED_EDGE('',*,*,#2227,.T.);
#1839=ORIENTED_EDGE('',*,*,#2230,.T.);
#1840=ORIENTED_EDGE('',*,*,#2216,.F.);
#1841=ORIENTED_EDGE('',*,*,#2230,.F.);
#1842=ORIENTED_EDGE('',*,*,#2226,.T.);
#1843=ORIENTED_EDGE('',*,*,#2231,.T.);
#1844=ORIENTED_EDGE('',*,*,#2219,.F.);
#1845=ORIENTED_EDGE('',*,*,#2231,.F.);
#1846=ORIENTED_EDGE('',*,*,#2225,.T.);
#1847=ORIENTED_EDGE('',*,*,#2228,.T.);
#1848=ORIENTED_EDGE('',*,*,#2208,.T.);
#1849=ORIENTED_EDGE('',*,*,#2232,.T.);
#1850=ORIENTED_EDGE('',*,*,#2220,.F.);
#1851=ORIENTED_EDGE('',*,*,#2233,.F.);
#1852=ORIENTED_EDGE('',*,*,#2212,.T.);
#1853=ORIENTED_EDGE('',*,*,#2234,.T.);
#1854=ORIENTED_EDGE('',*,*,#2221,.F.);
#1855=ORIENTED_EDGE('',*,*,#2232,.F.);
#1856=ORIENTED_EDGE('',*,*,#2215,.T.);
#1857=ORIENTED_EDGE('',*,*,#2235,.T.);
#1858=ORIENTED_EDGE('',*,*,#2222,.F.);
#1859=ORIENTED_EDGE('',*,*,#2234,.F.);
#1860=ORIENTED_EDGE('',*,*,#2218,.T.);
#1861=ORIENTED_EDGE('',*,*,#2233,.T.);
#1862=ORIENTED_EDGE('',*,*,#2223,.F.);
#1863=ORIENTED_EDGE('',*,*,#2235,.F.);
#1864=ORIENTED_EDGE('',*,*,#2236,.F.);
#1865=ORIENTED_EDGE('',*,*,#2237,.F.);
#1866=ORIENTED_EDGE('',*,*,#2238,.T.);
#1867=ORIENTED_EDGE('',*,*,#2239,.T.);
#1868=ORIENTED_EDGE('',*,*,#2240,.T.);
#1869=ORIENTED_EDGE('',*,*,#2241,.T.);
#1870=ORIENTED_EDGE('',*,*,#2242,.F.);
#1871=ORIENTED_EDGE('',*,*,#2243,.F.);
#1872=ORIENTED_EDGE('',*,*,#2244,.T.);
#1873=ORIENTED_EDGE('',*,*,#2245,.T.);
#1874=ORIENTED_EDGE('',*,*,#2246,.T.);
#1875=ORIENTED_EDGE('',*,*,#2247,.T.);
#1876=ORIENTED_EDGE('',*,*,#2248,.T.);
#1877=ORIENTED_EDGE('',*,*,#2249,.F.);
#1878=ORIENTED_EDGE('',*,*,#2250,.F.);
#1879=ORIENTED_EDGE('',*,*,#2251,.F.);
#1880=ORIENTED_EDGE('',*,*,#2252,.F.);
#1881=ORIENTED_EDGE('',*,*,#2251,.T.);
#1882=ORIENTED_EDGE('',*,*,#2253,.T.);
#1883=ORIENTED_EDGE('',*,*,#2254,.F.);
#1884=ORIENTED_EDGE('',*,*,#2255,.F.);
#1885=ORIENTED_EDGE('',*,*,#2252,.T.);
#1886=ORIENTED_EDGE('',*,*,#2255,.T.);
#1887=ORIENTED_EDGE('',*,*,#2256,.F.);
#1888=ORIENTED_EDGE('',*,*,#2257,.F.);
#1889=ORIENTED_EDGE('',*,*,#2250,.T.);
#1890=ORIENTED_EDGE('',*,*,#2257,.T.);
#1891=ORIENTED_EDGE('',*,*,#2258,.F.);
#1892=ORIENTED_EDGE('',*,*,#2253,.F.);
#1893=ORIENTED_EDGE('',*,*,#2236,.T.);
#1894=ORIENTED_EDGE('',*,*,#2259,.T.);
#1895=ORIENTED_EDGE('',*,*,#2260,.T.);
#1896=ORIENTED_EDGE('',*,*,#2261,.F.);
#1897=ORIENTED_EDGE('',*,*,#2237,.T.);
#1898=ORIENTED_EDGE('',*,*,#2261,.T.);
#1899=ORIENTED_EDGE('',*,*,#2262,.T.);
#1900=ORIENTED_EDGE('',*,*,#2263,.T.);
#1901=ORIENTED_EDGE('',*,*,#2264,.F.);
#1902=ORIENTED_EDGE('',*,*,#2265,.F.);
#1903=ORIENTED_EDGE('',*,*,#2238,.F.);
#1904=ORIENTED_EDGE('',*,*,#2266,.F.);
#1905=ORIENTED_EDGE('',*,*,#2248,.F.);
#1906=ORIENTED_EDGE('',*,*,#2267,.T.);
#1907=ORIENTED_EDGE('',*,*,#2268,.F.);
#1908=ORIENTED_EDGE('',*,*,#2269,.F.);
#1909=ORIENTED_EDGE('',*,*,#2239,.F.);
#1910=ORIENTED_EDGE('',*,*,#2265,.T.);
#1911=ORIENTED_EDGE('',*,*,#2270,.F.);
#1912=ORIENTED_EDGE('',*,*,#2271,.F.);
#1913=ORIENTED_EDGE('',*,*,#2240,.F.);
#1914=ORIENTED_EDGE('',*,*,#2269,.T.);
#1915=ORIENTED_EDGE('',*,*,#2272,.T.);
#1916=ORIENTED_EDGE('',*,*,#2273,.T.);
#1917=ORIENTED_EDGE('',*,*,#2274,.F.);
#1918=ORIENTED_EDGE('',*,*,#2241,.F.);
#1919=ORIENTED_EDGE('',*,*,#2271,.T.);
#1920=ORIENTED_EDGE('',*,*,#2275,.T.);
#1921=ORIENTED_EDGE('',*,*,#2276,.T.);
#1922=ORIENTED_EDGE('',*,*,#2277,.T.);
#1923=ORIENTED_EDGE('',*,*,#2278,.T.);
#1924=ORIENTED_EDGE('',*,*,#2279,.T.);
#1925=ORIENTED_EDGE('',*,*,#2280,.T.);
#1926=ORIENTED_EDGE('',*,*,#2281,.T.);
#1927=ORIENTED_EDGE('',*,*,#2242,.T.);
#1928=ORIENTED_EDGE('',*,*,#2274,.T.);
#1929=ORIENTED_EDGE('',*,*,#2282,.T.);
#1930=ORIENTED_EDGE('',*,*,#2283,.T.);
#1931=ORIENTED_EDGE('',*,*,#2284,.T.);
#1932=ORIENTED_EDGE('',*,*,#2285,.T.);
#1933=ORIENTED_EDGE('',*,*,#2286,.T.);
#1934=ORIENTED_EDGE('',*,*,#2287,.T.);
#1935=ORIENTED_EDGE('',*,*,#2288,.T.);
#1936=ORIENTED_EDGE('',*,*,#2289,.T.);
#1937=ORIENTED_EDGE('',*,*,#2243,.T.);
#1938=ORIENTED_EDGE('',*,*,#2281,.F.);
#1939=ORIENTED_EDGE('',*,*,#2290,.F.);
#1940=ORIENTED_EDGE('',*,*,#2291,.F.);
#1941=ORIENTED_EDGE('',*,*,#2292,.F.);
#1942=ORIENTED_EDGE('',*,*,#2293,.F.);
#1943=ORIENTED_EDGE('',*,*,#2294,.F.);
#1944=ORIENTED_EDGE('',*,*,#2295,.F.);
#1945=ORIENTED_EDGE('',*,*,#2296,.F.);
#1946=ORIENTED_EDGE('',*,*,#2297,.F.);
#1947=ORIENTED_EDGE('',*,*,#2298,.F.);
#1948=ORIENTED_EDGE('',*,*,#2244,.F.);
#1949=ORIENTED_EDGE('',*,*,#2289,.F.);
#1950=ORIENTED_EDGE('',*,*,#2299,.F.);
#1951=ORIENTED_EDGE('',*,*,#2300,.F.);
#1952=ORIENTED_EDGE('',*,*,#2301,.F.);
#1953=ORIENTED_EDGE('',*,*,#2302,.F.);
#1954=ORIENTED_EDGE('',*,*,#2303,.T.);
#1955=ORIENTED_EDGE('',*,*,#2304,.T.);
#1956=ORIENTED_EDGE('',*,*,#2245,.F.);
#1957=ORIENTED_EDGE('',*,*,#2298,.T.);
#1958=ORIENTED_EDGE('',*,*,#2305,.T.);
#1959=ORIENTED_EDGE('',*,*,#2306,.T.);
#1960=ORIENTED_EDGE('',*,*,#2307,.T.);
#1961=ORIENTED_EDGE('',*,*,#2308,.F.);
#1962=ORIENTED_EDGE('',*,*,#2309,.F.);
#1963=ORIENTED_EDGE('',*,*,#2246,.F.);
#1964=ORIENTED_EDGE('',*,*,#2304,.F.);
#1965=ORIENTED_EDGE('',*,*,#2310,.F.);
#1966=ORIENTED_EDGE('',*,*,#2267,.F.);
#1967=ORIENTED_EDGE('',*,*,#2247,.F.);
#1968=ORIENTED_EDGE('',*,*,#2309,.T.);
#1969=ORIENTED_EDGE('',*,*,#2249,.T.);
#1970=ORIENTED_EDGE('',*,*,#2311,.F.);
#1971=ORIENTED_EDGE('',*,*,#2312,.F.);
#1972=ORIENTED_EDGE('',*,*,#2259,.F.);
#1973=ORIENTED_EDGE('',*,*,#2258,.T.);
#1974=ORIENTED_EDGE('',*,*,#2256,.T.);
#1975=ORIENTED_EDGE('',*,*,#2254,.T.);
#1976=ORIENTED_EDGE('',*,*,#2312,.T.);
#1977=ORIENTED_EDGE('',*,*,#2313,.T.);
#1978=ORIENTED_EDGE('',*,*,#2262,.F.);
#1979=ORIENTED_EDGE('',*,*,#2260,.F.);
#1980=ORIENTED_EDGE('',*,*,#2266,.T.);
#1981=ORIENTED_EDGE('',*,*,#2263,.F.);
#1982=ORIENTED_EDGE('',*,*,#2313,.F.);
#1983=ORIENTED_EDGE('',*,*,#2311,.T.);
#1984=ORIENTED_EDGE('',*,*,#2314,.F.);
#1985=ORIENTED_EDGE('',*,*,#2315,.F.);
#1986=ORIENTED_EDGE('',*,*,#2264,.T.);
#1987=ORIENTED_EDGE('',*,*,#2316,.T.);
#1988=ORIENTED_EDGE('',*,*,#2317,.F.);
#1989=ORIENTED_EDGE('',*,*,#2318,.F.);
#1990=ORIENTED_EDGE('',*,*,#2268,.T.);
#1991=ORIENTED_EDGE('',*,*,#2315,.T.);
#1992=ORIENTED_EDGE('',*,*,#2319,.F.);
#1993=ORIENTED_EDGE('',*,*,#2320,.F.);
#1994=ORIENTED_EDGE('',*,*,#2270,.T.);
#1995=ORIENTED_EDGE('',*,*,#2318,.T.);
#1996=ORIENTED_EDGE('',*,*,#2272,.F.);
#1997=ORIENTED_EDGE('',*,*,#2321,.T.);
#1998=ORIENTED_EDGE('',*,*,#2322,.T.);
#1999=ORIENTED_EDGE('',*,*,#2323,.T.);
#2000=ORIENTED_EDGE('',*,*,#2323,.F.);
#2001=ORIENTED_EDGE('',*,*,#2324,.T.);
#2002=ORIENTED_EDGE('',*,*,#2325,.T.);
#2003=ORIENTED_EDGE('',*,*,#2282,.F.);
#2004=ORIENTED_EDGE('',*,*,#2273,.F.);
#2005=ORIENTED_EDGE('',*,*,#2275,.F.);
#2006=ORIENTED_EDGE('',*,*,#2320,.T.);
#2007=ORIENTED_EDGE('',*,*,#2326,.T.);
#2008=ORIENTED_EDGE('',*,*,#2327,.F.);
#2009=ORIENTED_EDGE('',*,*,#2276,.F.);
#2010=ORIENTED_EDGE('',*,*,#2327,.T.);
#2011=ORIENTED_EDGE('',*,*,#2328,.T.);
#2012=ORIENTED_EDGE('',*,*,#2321,.F.);
#2013=ORIENTED_EDGE('',*,*,#2302,.T.);
#2014=ORIENTED_EDGE('',*,*,#2329,.T.);
#2015=ORIENTED_EDGE('',*,*,#2277,.F.);
#2016=ORIENTED_EDGE('',*,*,#2330,.F.);
#2017=ORIENTED_EDGE('',*,*,#2301,.T.);
#2018=ORIENTED_EDGE('',*,*,#2331,.T.);
#2019=ORIENTED_EDGE('',*,*,#2278,.F.);
#2020=ORIENTED_EDGE('',*,*,#2329,.F.);
#2021=ORIENTED_EDGE('',*,*,#2300,.T.);
#2022=ORIENTED_EDGE('',*,*,#2332,.T.);
#2023=ORIENTED_EDGE('',*,*,#2279,.F.);
#2024=ORIENTED_EDGE('',*,*,#2331,.F.);
#2025=ORIENTED_EDGE('',*,*,#2299,.T.);
#2026=ORIENTED_EDGE('',*,*,#2290,.T.);
#2027=ORIENTED_EDGE('',*,*,#2280,.F.);
#2028=ORIENTED_EDGE('',*,*,#2332,.F.);
#2029=ORIENTED_EDGE('',*,*,#2333,.T.);
#2030=ORIENTED_EDGE('',*,*,#2334,.T.);
#2031=ORIENTED_EDGE('',*,*,#2283,.F.);
#2032=ORIENTED_EDGE('',*,*,#2325,.F.);
#2033=ORIENTED_EDGE('',*,*,#2335,.F.);
#2034=ORIENTED_EDGE('',*,*,#2336,.T.);
#2035=ORIENTED_EDGE('',*,*,#2284,.F.);
#2036=ORIENTED_EDGE('',*,*,#2334,.F.);
#2037=ORIENTED_EDGE('',*,*,#2337,.T.);
#2038=ORIENTED_EDGE('',*,*,#2338,.T.);
#2039=ORIENTED_EDGE('',*,*,#2339,.T.);
#2040=ORIENTED_EDGE('',*,*,#2340,.T.);
#2041=ORIENTED_EDGE('',*,*,#2285,.F.);
#2042=ORIENTED_EDGE('',*,*,#2336,.F.);
#2043=ORIENTED_EDGE('',*,*,#2341,.T.);
#2044=ORIENTED_EDGE('',*,*,#2342,.T.);
#2045=ORIENTED_EDGE('',*,*,#2343,.F.);
#2046=ORIENTED_EDGE('',*,*,#2293,.T.);
#2047=ORIENTED_EDGE('',*,*,#2344,.T.);
#2048=ORIENTED_EDGE('',*,*,#2286,.F.);
#2049=ORIENTED_EDGE('',*,*,#2340,.F.);
#2050=ORIENTED_EDGE('',*,*,#2345,.T.);
#2051=ORIENTED_EDGE('',*,*,#2346,.T.);
#2052=ORIENTED_EDGE('',*,*,#2347,.T.);
#2053=ORIENTED_EDGE('',*,*,#2348,.T.);
#2054=ORIENTED_EDGE('',*,*,#2292,.T.);
#2055=ORIENTED_EDGE('',*,*,#2349,.T.);
#2056=ORIENTED_EDGE('',*,*,#2287,.F.);
#2057=ORIENTED_EDGE('',*,*,#2344,.F.);
#2058=ORIENTED_EDGE('',*,*,#2291,.T.);
#2059=ORIENTED_EDGE('',*,*,#2330,.T.);
#2060=ORIENTED_EDGE('',*,*,#2288,.F.);
#2061=ORIENTED_EDGE('',*,*,#2349,.F.);
#2062=ORIENTED_EDGE('',*,*,#2350,.T.);
#2063=ORIENTED_EDGE('',*,*,#2351,.F.);
#2064=ORIENTED_EDGE('',*,*,#2294,.T.);
#2065=ORIENTED_EDGE('',*,*,#2343,.T.);
#2066=ORIENTED_EDGE('',*,*,#2352,.T.);
#2067=ORIENTED_EDGE('',*,*,#2353,.T.);
#2068=ORIENTED_EDGE('',*,*,#2354,.F.);
#2069=ORIENTED_EDGE('',*,*,#2355,.T.);
#2070=ORIENTED_EDGE('',*,*,#2356,.F.);
#2071=ORIENTED_EDGE('',*,*,#2295,.T.);
#2072=ORIENTED_EDGE('',*,*,#2351,.T.);
#2073=ORIENTED_EDGE('',*,*,#2357,.T.);
#2074=ORIENTED_EDGE('',*,*,#2358,.F.);
#2075=ORIENTED_EDGE('',*,*,#2296,.T.);
#2076=ORIENTED_EDGE('',*,*,#2356,.T.);
#2077=ORIENTED_EDGE('',*,*,#2359,.F.);
#2078=ORIENTED_EDGE('',*,*,#2305,.F.);
#2079=ORIENTED_EDGE('',*,*,#2297,.T.);
#2080=ORIENTED_EDGE('',*,*,#2358,.T.);
#2081=ORIENTED_EDGE('',*,*,#2360,.T.);
#2082=ORIENTED_EDGE('',*,*,#2303,.F.);
#2083=ORIENTED_EDGE('',*,*,#2361,.T.);
#2084=ORIENTED_EDGE('',*,*,#2362,.T.);
#2085=ORIENTED_EDGE('',*,*,#2363,.F.);
#2086=ORIENTED_EDGE('',*,*,#2306,.F.);
#2087=ORIENTED_EDGE('',*,*,#2359,.T.);
#2088=ORIENTED_EDGE('',*,*,#2364,.T.);
#2089=ORIENTED_EDGE('',*,*,#2365,.F.);
#2090=ORIENTED_EDGE('',*,*,#2307,.F.);
#2091=ORIENTED_EDGE('',*,*,#2365,.T.);
#2092=ORIENTED_EDGE('',*,*,#2366,.T.);
#2093=ORIENTED_EDGE('',*,*,#2361,.F.);
#2094=ORIENTED_EDGE('',*,*,#2367,.F.);
#2095=ORIENTED_EDGE('',*,*,#2368,.F.);
#2096=ORIENTED_EDGE('',*,*,#2308,.T.);
#2097=ORIENTED_EDGE('',*,*,#2363,.T.);
#2098=ORIENTED_EDGE('',*,*,#2369,.F.);
#2099=ORIENTED_EDGE('',*,*,#2316,.F.);
#2100=ORIENTED_EDGE('',*,*,#2310,.T.);
#2101=ORIENTED_EDGE('',*,*,#2368,.T.);
#2102=ORIENTED_EDGE('',*,*,#2326,.F.);
#2103=ORIENTED_EDGE('',*,*,#2319,.T.);
#2104=ORIENTED_EDGE('',*,*,#2317,.T.);
#2105=ORIENTED_EDGE('',*,*,#2314,.T.);
#2106=ORIENTED_EDGE('',*,*,#2369,.T.);
#2107=ORIENTED_EDGE('',*,*,#2367,.T.);
#2108=ORIENTED_EDGE('',*,*,#2362,.F.);
#2109=ORIENTED_EDGE('',*,*,#2370,.F.);
#2110=ORIENTED_EDGE('',*,*,#2371,.F.);
#2111=ORIENTED_EDGE('',*,*,#2372,.T.);
#2112=ORIENTED_EDGE('',*,*,#2373,.F.);
#2113=ORIENTED_EDGE('',*,*,#2337,.F.);
#2114=ORIENTED_EDGE('',*,*,#2333,.F.);
#2115=ORIENTED_EDGE('',*,*,#2324,.F.);
#2116=ORIENTED_EDGE('',*,*,#2322,.F.);
#2117=ORIENTED_EDGE('',*,*,#2374,.F.);
#2118=ORIENTED_EDGE('',*,*,#2375,.F.);
#2119=ORIENTED_EDGE('',*,*,#2376,.T.);
#2120=ORIENTED_EDGE('',*,*,#2328,.F.);
#2121=ORIENTED_EDGE('',*,*,#2372,.F.);
#2122=ORIENTED_EDGE('',*,*,#2377,.F.);
#2123=ORIENTED_EDGE('',*,*,#2374,.T.);
#2124=ORIENTED_EDGE('',*,*,#2341,.F.);
#2125=ORIENTED_EDGE('',*,*,#2335,.T.);
#2126=ORIENTED_EDGE('',*,*,#2373,.T.);
#2127=ORIENTED_EDGE('',*,*,#2378,.F.);
#2128=ORIENTED_EDGE('',*,*,#2338,.F.);
#2129=ORIENTED_EDGE('',*,*,#2378,.T.);
#2130=ORIENTED_EDGE('',*,*,#2379,.T.);
#2131=ORIENTED_EDGE('',*,*,#2380,.F.);
#2132=ORIENTED_EDGE('',*,*,#2381,.F.);
#2133=ORIENTED_EDGE('',*,*,#2382,.T.);
#2134=ORIENTED_EDGE('',*,*,#2345,.F.);
#2135=ORIENTED_EDGE('',*,*,#2339,.F.);
#2136=ORIENTED_EDGE('',*,*,#2383,.F.);
#2137=ORIENTED_EDGE('',*,*,#2352,.F.);
#2138=ORIENTED_EDGE('',*,*,#2342,.F.);
#2139=ORIENTED_EDGE('',*,*,#2384,.F.);
#2140=ORIENTED_EDGE('',*,*,#2385,.F.);
#2141=ORIENTED_EDGE('',*,*,#2386,.T.);
#2142=ORIENTED_EDGE('',*,*,#2346,.F.);
#2143=ORIENTED_EDGE('',*,*,#2382,.F.);
#2144=ORIENTED_EDGE('',*,*,#2387,.F.);
#2145=ORIENTED_EDGE('',*,*,#2388,.T.);
#2146=ORIENTED_EDGE('',*,*,#2347,.F.);
#2147=ORIENTED_EDGE('',*,*,#2386,.F.);
#2148=ORIENTED_EDGE('',*,*,#2389,.F.);
#2149=ORIENTED_EDGE('',*,*,#2384,.T.);
#2150=ORIENTED_EDGE('',*,*,#2348,.F.);
#2151=ORIENTED_EDGE('',*,*,#2388,.F.);
#2152=ORIENTED_EDGE('',*,*,#2350,.F.);
#2153=ORIENTED_EDGE('',*,*,#2390,.T.);
#2154=ORIENTED_EDGE('',*,*,#2391,.T.);
#2155=ORIENTED_EDGE('',*,*,#2354,.T.);
#2156=ORIENTED_EDGE('',*,*,#2353,.F.);
#2157=ORIENTED_EDGE('',*,*,#2392,.T.);
#2158=ORIENTED_EDGE('',*,*,#2393,.T.);
#2159=ORIENTED_EDGE('',*,*,#2390,.F.);
#2160=ORIENTED_EDGE('',*,*,#2391,.F.);
#2161=ORIENTED_EDGE('',*,*,#2394,.F.);
#2162=ORIENTED_EDGE('',*,*,#2395,.F.);
#2163=ORIENTED_EDGE('',*,*,#2396,.T.);
#2164=ORIENTED_EDGE('',*,*,#2364,.F.);
#2165=ORIENTED_EDGE('',*,*,#2360,.F.);
#2166=ORIENTED_EDGE('',*,*,#2357,.F.);
#2167=ORIENTED_EDGE('',*,*,#2355,.F.);
#2168=ORIENTED_EDGE('',*,*,#2366,.F.);
#2169=ORIENTED_EDGE('',*,*,#2396,.F.);
#2170=ORIENTED_EDGE('',*,*,#2397,.F.);
#2171=ORIENTED_EDGE('',*,*,#2370,.T.);
#2172=ORIENTED_EDGE('',*,*,#2397,.T.);
#2173=ORIENTED_EDGE('',*,*,#2395,.T.);
#2174=ORIENTED_EDGE('',*,*,#2398,.T.);
#2175=ORIENTED_EDGE('',*,*,#2375,.T.);
#2176=ORIENTED_EDGE('',*,*,#2377,.T.);
#2177=ORIENTED_EDGE('',*,*,#2371,.T.);
#2178=ORIENTED_EDGE('',*,*,#2393,.F.);
#2179=ORIENTED_EDGE('',*,*,#2399,.T.);
#2180=ORIENTED_EDGE('',*,*,#2400,.T.);
#2181=ORIENTED_EDGE('',*,*,#2401,.T.);
#2182=ORIENTED_EDGE('',*,*,#2402,.T.);
#2183=ORIENTED_EDGE('',*,*,#2403,.T.);
#2184=ORIENTED_EDGE('',*,*,#2379,.F.);
#2185=ORIENTED_EDGE('',*,*,#2376,.F.);
#2186=ORIENTED_EDGE('',*,*,#2398,.F.);
#2187=ORIENTED_EDGE('',*,*,#2394,.T.);
#2188=ORIENTED_EDGE('',*,*,#2403,.F.);
#2189=ORIENTED_EDGE('',*,*,#2404,.F.);
#2190=ORIENTED_EDGE('',*,*,#2381,.T.);
#2191=ORIENTED_EDGE('',*,*,#2380,.T.);
#2192=ORIENTED_EDGE('',*,*,#2399,.F.);
#2193=ORIENTED_EDGE('',*,*,#2392,.F.);
#2194=ORIENTED_EDGE('',*,*,#2383,.T.);
#2195=ORIENTED_EDGE('',*,*,#2405,.T.);
#2196=ORIENTED_EDGE('',*,*,#2402,.F.);
#2197=ORIENTED_EDGE('',*,*,#2406,.F.);
#2198=ORIENTED_EDGE('',*,*,#2385,.T.);
#2199=ORIENTED_EDGE('',*,*,#2404,.T.);
#2200=ORIENTED_EDGE('',*,*,#2401,.F.);
#2201=ORIENTED_EDGE('',*,*,#2407,.F.);
#2202=ORIENTED_EDGE('',*,*,#2387,.T.);
#2203=ORIENTED_EDGE('',*,*,#2406,.T.);
#2204=ORIENTED_EDGE('',*,*,#2400,.F.);
#2205=ORIENTED_EDGE('',*,*,#2405,.F.);
#2206=ORIENTED_EDGE('',*,*,#2389,.T.);
#2207=ORIENTED_EDGE('',*,*,#2407,.T.);
#2208=EDGE_CURVE('',#2408,#2409,#2410,.T.);
#2209=EDGE_CURVE('',#2411,#2408,#2412,.T.);
#2210=EDGE_CURVE('',#2411,#2413,#2414,.T.);
#2211=EDGE_CURVE('',#2413,#2409,#2415,.T.);
#2212=EDGE_CURVE('',#2409,#2416,#2417,.T.);
#2213=EDGE_CURVE('',#2413,#2418,#2419,.T.);
#2214=EDGE_CURVE('',#2418,#2416,#2420,.T.);
#2215=EDGE_CURVE('',#2416,#2421,#2422,.T.);
#2216=EDGE_CURVE('',#2418,#2423,#2424,.T.);
#2217=EDGE_CURVE('',#2423,#2421,#2425,.T.);
#2218=EDGE_CURVE('',#2421,#2408,#2426,.T.);
#2219=EDGE_CURVE('',#2423,#2411,#2427,.T.);
#2220=EDGE_CURVE('',#2428,#2429,#2430,.T.);
#2221=EDGE_CURVE('',#2429,#2431,#2432,.T.);
#2222=EDGE_CURVE('',#2431,#2433,#2434,.T.);
#2223=EDGE_CURVE('',#2433,#2428,#2435,.T.);
#2224=EDGE_CURVE('',#2436,#2437,#2438,.T.);
#2225=EDGE_CURVE('',#2439,#2436,#2440,.T.);
#2226=EDGE_CURVE('',#2441,#2439,#2442,.T.);
#2227=EDGE_CURVE('',#2437,#2441,#2443,.T.);
#2228=EDGE_CURVE('',#2436,#2411,#2444,.F.);
#2229=EDGE_CURVE('',#2437,#2413,#2445,.F.);
#2230=EDGE_CURVE('',#2441,#2418,#2446,.F.);
#2231=EDGE_CURVE('',#2439,#2423,#2447,.F.);
#2232=EDGE_CURVE('',#2409,#2429,#2448,.T.);
#2233=EDGE_CURVE('',#2408,#2428,#2449,.T.);
#2234=EDGE_CURVE('',#2416,#2431,#2450,.T.);
#2235=EDGE_CURVE('',#2421,#2433,#2451,.T.);
#2236=EDGE_CURVE('',#2452,#2453,#2454,.T.);
#2237=EDGE_CURVE('',#2455,#2452,#2456,.T.);
#2238=EDGE_CURVE('',#2455,#2457,#2458,.F.);
#2239=EDGE_CURVE('',#2457,#2459,#2460,.F.);
#2240=EDGE_CURVE('',#2459,#2461,#2462,.F.);
#2241=EDGE_CURVE('',#2461,#2463,#2464,.T.);
#2242=EDGE_CURVE('',#2465,#2463,#2466,.T.);
#2243=EDGE_CURVE('',#2467,#2465,#2468,.T.);
#2244=EDGE_CURVE('',#2467,#2469,#2470,.T.);
#2245=EDGE_CURVE('',#2469,#2471,#2472,.T.);
#2246=EDGE_CURVE('',#2471,#2473,#2474,.F.);
#2247=EDGE_CURVE('',#2473,#2475,#2476,.F.);
#2248=EDGE_CURVE('',#2475,#2477,#2478,.F.);
#2249=EDGE_CURVE('',#2453,#2477,#2479,.F.);
#2250=EDGE_CURVE('',#2480,#2481,#2482,.T.);
#2251=EDGE_CURVE('',#2483,#2480,#2484,.T.);
#2252=EDGE_CURVE('',#2481,#2483,#2485,.T.);
#2253=EDGE_CURVE('',#2480,#2486,#2487,.T.);
#2254=EDGE_CURVE('',#2488,#2486,#2489,.T.);
#2255=EDGE_CURVE('',#2483,#2488,#2490,.T.);
#2256=EDGE_CURVE('',#2491,#2488,#2492,.T.);
#2257=EDGE_CURVE('',#2481,#2491,#2493,.T.);
#2258=EDGE_CURVE('',#2486,#2491,#2494,.T.);
#2259=EDGE_CURVE('',#2453,#2495,#2496,.T.);
#2260=EDGE_CURVE('',#2495,#2497,#2498,.T.);
#2261=EDGE_CURVE('',#2452,#2497,#2499,.T.);
#2262=EDGE_CURVE('',#2497,#2500,#2501,.T.);
#2263=EDGE_CURVE('',#2500,#2455,#2502,.T.);
#2264=EDGE_CURVE('',#2503,#2504,#2505,.T.);
#2265=EDGE_CURVE('',#2457,#2503,#2506,.T.);
#2266=EDGE_CURVE('',#2477,#2455,#2507,.T.);
#2267=EDGE_CURVE('',#2475,#2504,#2508,.T.);
#2268=EDGE_CURVE('',#2509,#2503,#2510,.T.);
#2269=EDGE_CURVE('',#2459,#2509,#2511,.T.);
#2270=EDGE_CURVE('',#2512,#2509,#2513,.T.);
#2271=EDGE_CURVE('',#2461,#2512,#2514,.F.);
#2272=EDGE_CURVE('',#2515,#2516,#2517,.F.);
#2273=EDGE_CURVE('',#2516,#2518,#2519,.T.);
#2274=EDGE_CURVE('',#2463,#2518,#2520,.T.);
#2275=EDGE_CURVE('',#2512,#2521,#2522,.F.);
#2276=EDGE_CURVE('',#2521,#2515,#2523,.F.);
#2277=EDGE_CURVE('',#2524,#2525,#2526,.T.);
#2278=EDGE_CURVE('',#2525,#2527,#2528,.T.);
#2279=EDGE_CURVE('',#2527,#2529,#2530,.T.);
#2280=EDGE_CURVE('',#2529,#2531,#2532,.T.);
#2281=EDGE_CURVE('',#2531,#2465,#2533,.T.);
#2282=EDGE_CURVE('',#2518,#2534,#2535,.T.);
#2283=EDGE_CURVE('',#2534,#2536,#2537,.T.);
#2284=EDGE_CURVE('',#2536,#2538,#2539,.T.);
#2285=EDGE_CURVE('',#2538,#2540,#2541,.T.);
#2286=EDGE_CURVE('',#2540,#2542,#2543,.T.);
#2287=EDGE_CURVE('',#2542,#2544,#2545,.T.);
#2288=EDGE_CURVE('',#2544,#2524,#2546,.T.);
#2289=EDGE_CURVE('',#2547,#2467,#2548,.T.);
#2290=EDGE_CURVE('',#2547,#2531,#2549,.T.);
#2291=EDGE_CURVE('',#2550,#2551,#2552,.T.);
#2292=EDGE_CURVE('',#2553,#2550,#2554,.T.);
#2293=EDGE_CURVE('',#2555,#2553,#2556,.T.);
#2294=EDGE_CURVE('',#2557,#2555,#2558,.T.);
#2295=EDGE_CURVE('',#2559,#2557,#2560,.T.);
#2296=EDGE_CURVE('',#2561,#2559,#2562,.T.);
#2297=EDGE_CURVE('',#2563,#2561,#2564,.T.);
#2298=EDGE_CURVE('',#2469,#2563,#2565,.T.);
#2299=EDGE_CURVE('',#2566,#2547,#2567,.T.);
#2300=EDGE_CURVE('',#2568,#2566,#2569,.T.);
#2301=EDGE_CURVE('',#2570,#2568,#2571,.T.);
#2302=EDGE_CURVE('',#2551,#2570,#2572,.T.);
#2303=EDGE_CURVE('',#2573,#2574,#2575,.F.);
#2304=EDGE_CURVE('',#2574,#2471,#2576,.F.);
#2305=EDGE_CURVE('',#2563,#2577,#2578,.T.);
#2306=EDGE_CURVE('',#2577,#2579,#2580,.F.);
#2307=EDGE_CURVE('',#2579,#2573,#2581,.F.);
#2308=EDGE_CURVE('',#2582,#2574,#2583,.T.);
#2309=EDGE_CURVE('',#2473,#2582,#2584,.T.);
#2310=EDGE_CURVE('',#2504,#2582,#2585,.T.);
#2311=EDGE_CURVE('',#2586,#2477,#2587,.T.);
#2312=EDGE_CURVE('',#2495,#2586,#2588,.T.);
#2313=EDGE_CURVE('',#2586,#2500,#2589,.T.);
#2314=EDGE_CURVE('',#2590,#2591,#2592,.T.);
#2315=EDGE_CURVE('',#2503,#2590,#2593,.F.);
#2316=EDGE_CURVE('',#2504,#2591,#2594,.F.);
#2317=EDGE_CURVE('',#2595,#2590,#2596,.T.);
#2318=EDGE_CURVE('',#2509,#2595,#2597,.F.);
#2319=EDGE_CURVE('',#2598,#2595,#2599,.T.);
#2320=EDGE_CURVE('',#2512,#2598,#2600,.T.);
#2321=EDGE_CURVE('',#2515,#2601,#2602,.T.);
#2322=EDGE_CURVE('',#2601,#2603,#2604,.F.);
#2323=EDGE_CURVE('',#2603,#2516,#2605,.F.);
#2324=EDGE_CURVE('',#2603,#2606,#2607,.F.);
#2325=EDGE_CURVE('',#2606,#2534,#2608,.T.);
#2326=EDGE_CURVE('',#2598,#2609,#2610,.F.);
#2327=EDGE_CURVE('',#2521,#2609,#2611,.T.);
#2328=EDGE_CURVE('',#2609,#2601,#2612,.F.);
#2329=EDGE_CURVE('',#2570,#2525,#2613,.T.);
#2330=EDGE_CURVE('',#2551,#2524,#2614,.T.);
#2331=EDGE_CURVE('',#2568,#2527,#2615,.T.);
#2332=EDGE_CURVE('',#2566,#2529,#2616,.T.);
#2333=EDGE_CURVE('',#2606,#2617,#2618,.T.);
#2334=EDGE_CURVE('',#2617,#2536,#2619,.T.);
#2335=EDGE_CURVE('',#2620,#2621,#2622,.F.);
#2336=EDGE_CURVE('',#2620,#2538,#2623,.T.);
#2337=EDGE_CURVE('',#2617,#2621,#2624,.F.);
#2338=EDGE_CURVE('',#2625,#2626,#2627,.F.);
#2339=EDGE_CURVE('',#2626,#2628,#2629,.F.);
#2340=EDGE_CURVE('',#2628,#2540,#2630,.T.);
#2341=EDGE_CURVE('',#2620,#2625,#2631,.F.);
#2342=EDGE_CURVE('',#2632,#2633,#2634,.F.);
#2343=EDGE_CURVE('',#2555,#2633,#2635,.T.);
#2344=EDGE_CURVE('',#2553,#2542,#2636,.T.);
#2345=EDGE_CURVE('',#2628,#2637,#2638,.F.);
#2346=EDGE_CURVE('',#2637,#2639,#2640,.F.);
#2347=EDGE_CURVE('',#2639,#2641,#2642,.F.);
#2348=EDGE_CURVE('',#2641,#2632,#2643,.F.);
#2349=EDGE_CURVE('',#2550,#2544,#2644,.T.);
#2350=EDGE_CURVE('',#2645,#2646,#2647,.F.);
#2351=EDGE_CURVE('',#2557,#2646,#2648,.T.);
#2352=EDGE_CURVE('',#2633,#2649,#2650,.F.);
#2353=EDGE_CURVE('',#2649,#2645,#2651,.F.);
#2354=EDGE_CURVE('',#2652,#2646,#2653,.F.);
#2355=EDGE_CURVE('',#2652,#2654,#2655,.F.);
#2356=EDGE_CURVE('',#2559,#2654,#2656,.T.);
#2357=EDGE_CURVE('',#2654,#2657,#2658,.F.);
#2358=EDGE_CURVE('',#2561,#2657,#2659,.T.);
#2359=EDGE_CURVE('',#2577,#2660,#2661,.F.);
#2360=EDGE_CURVE('',#2657,#2660,#2662,.F.);
#2361=EDGE_CURVE('',#2573,#2663,#2664,.T.);
#2362=EDGE_CURVE('',#2663,#2665,#2666,.F.);
#2363=EDGE_CURVE('',#2574,#2665,#2667,.F.);
#2364=EDGE_CURVE('',#2660,#2668,#2669,.F.);
#2365=EDGE_CURVE('',#2579,#2668,#2670,.T.);
#2366=EDGE_CURVE('',#2668,#2663,#2671,.F.);
#2367=EDGE_CURVE('',#2672,#2665,#2673,.T.);
#2368=EDGE_CURVE('',#2582,#2672,#2674,.F.);
#2369=EDGE_CURVE('',#2591,#2672,#2675,.T.);
#2370=EDGE_CURVE('',#2676,#2663,#2677,.T.);
#2371=EDGE_CURVE('',#2678,#2676,#2679,.T.);
#2372=EDGE_CURVE('',#2678,#2609,#2680,.T.);
#2373=EDGE_CURVE('',#2621,#2681,#2682,.F.);
#2374=EDGE_CURVE('',#2683,#2601,#2684,.T.);
#2375=EDGE_CURVE('',#2685,#2683,#2686,.T.);
#2376=EDGE_CURVE('',#2685,#2681,#2687,.T.);
#2377=EDGE_CURVE('',#2683,#2678,#2688,.T.);
#2378=EDGE_CURVE('',#2625,#2681,#2689,.T.);
#2379=EDGE_CURVE('',#2681,#2690,#2691,.F.);
#2380=EDGE_CURVE('',#2626,#2690,#2692,.F.);
#2381=EDGE_CURVE('',#2693,#2626,#2694,.T.);
#2382=EDGE_CURVE('',#2693,#2637,#2695,.T.);
#2383=EDGE_CURVE('',#2649,#2696,#2697,.T.);
#2384=EDGE_CURVE('',#2696,#2632,#2698,.T.);
#2385=EDGE_CURVE('',#2699,#2693,#2700,.T.);
#2386=EDGE_CURVE('',#2699,#2639,#2701,.T.);
#2387=EDGE_CURVE('',#2702,#2699,#2703,.T.);
#2388=EDGE_CURVE('',#2702,#2641,#2704,.T.);
#2389=EDGE_CURVE('',#2696,#2702,#2705,.T.);
#2390=EDGE_CURVE('',#2645,#2706,#2707,.T.);
#2391=EDGE_CURVE('',#2706,#2652,#2708,.F.);
#2392=EDGE_CURVE('',#2649,#2709,#2710,.T.);
#2393=EDGE_CURVE('',#2709,#2706,#2711,.F.);
#2394=EDGE_CURVE('',#2712,#2706,#2713,.T.);
#2395=EDGE_CURVE('',#2714,#2712,#2715,.T.);
#2396=EDGE_CURVE('',#2714,#2668,#2716,.T.);
#2397=EDGE_CURVE('',#2676,#2714,#2717,.T.);
#2398=EDGE_CURVE('',#2712,#2685,#2718,.T.);
#2399=EDGE_CURVE('',#2709,#2719,#2720,.T.);
#2400=EDGE_CURVE('',#2719,#2721,#2722,.T.);
#2401=EDGE_CURVE('',#2721,#2723,#2724,.T.);
#2402=EDGE_CURVE('',#2723,#2725,#2726,.T.);
#2403=EDGE_CURVE('',#2725,#2690,#2727,.T.);
#2404=EDGE_CURVE('',#2693,#2725,#2728,.F.);
#2405=EDGE_CURVE('',#2696,#2719,#2729,.F.);
#2406=EDGE_CURVE('',#2699,#2723,#2730,.F.);
#2407=EDGE_CURVE('',#2702,#2721,#2731,.F.);
#2408=VERTEX_POINT('',#2732);
#2409=VERTEX_POINT('',#2733);
#2410=LINE('',#2734,#2735);
#2411=VERTEX_POINT('',#2737);
#2412=LINE('',#2738,#2739);
#2413=VERTEX_POINT('',#2741);
#2414=LINE('',#2742,#2743);
#2415=LINE('',#2745,#2746);
#2416=VERTEX_POINT('',#2748);
#2417=LINE('',#2749,#2750);
#2418=VERTEX_POINT('',#2752);
#2419=LINE('',#2753,#2754);
#2420=LINE('',#2756,#2757);
#2421=VERTEX_POINT('',#2759);
#2422=LINE('',#2760,#2761);
#2423=VERTEX_POINT('',#2763);
#2424=LINE('',#2764,#2765);
#2425=LINE('',#2767,#2768);
#2426=LINE('',#2770,#2771);
#2427=LINE('',#2773,#2774);
#2428=VERTEX_POINT('',#2776);
#2429=VERTEX_POINT('',#2777);
#2430=LINE('',#2778,#2779);
#2431=VERTEX_POINT('',#2781);
#2432=LINE('',#2782,#2783);
#2433=VERTEX_POINT('',#2785);
#2434=LINE('',#2786,#2787);
#2435=LINE('',#2789,#2790);
#2436=VERTEX_POINT('',#2792);
#2437=VERTEX_POINT('',#2793);
#2438=LINE('',#2794,#2795);
#2439=VERTEX_POINT('',#2797);
#2440=LINE('',#2798,#2799);
#2441=VERTEX_POINT('',#2801);
#2442=LINE('',#2802,#2803);
#2443=LINE('',#2805,#2806);
#2444=LINE('',#2808,#2809);
#2445=LINE('',#2811,#2812);
#2446=LINE('',#2814,#2815);
#2447=LINE('',#2817,#2818);
#2448=LINE('',#2820,#2821);
#2449=LINE('',#2823,#2824);
#2450=LINE('',#2826,#2827);
#2451=LINE('',#2829,#2830);
#2452=VERTEX_POINT('',#2832);
#2453=VERTEX_POINT('',#2833);
#2454=LINE('',#2834,#2835);
#2455=VERTEX_POINT('',#2837);
#2456=LINE('',#2838,#2839);
#2457=VERTEX_POINT('',#2841);
#2458=LINE('',#2842,#2843);
#2459=VERTEX_POINT('',#2845);
#2460=LINE('',#2846,#2847);
#2461=VERTEX_POINT('',#2849);
#2462=LINE('',#2850,#2851);
#2463=VERTEX_POINT('',#2853);
#2464=LINE('',#2854,#2855);
#2465=VERTEX_POINT('',#2857);
#2466=LINE('',#2858,#2859);
#2467=VERTEX_POINT('',#2861);
#2468=LINE('',#2862,#2863);
#2469=VERTEX_POINT('',#2865);
#2470=LINE('',#2866,#2867);
#2471=VERTEX_POINT('',#2869);
#2472=LINE('',#2870,#2871);
#2473=VERTEX_POINT('',#2873);
#2474=LINE('',#2874,#2875);
#2475=VERTEX_POINT('',#2877);
#2476=LINE('',#2878,#2879);
#2477=VERTEX_POINT('',#2881);
#2478=LINE('',#2882,#2883);
#2479=LINE('',#2885,#2886);
#2480=VERTEX_POINT('',#2888);
#2481=VERTEX_POINT('',#2889);
#2482=LINE('',#2890,#2891);
#2483=VERTEX_POINT('',#2893);
#2484=LINE('',#2894,#2895);
#2485=LINE('',#2897,#2898);
#2486=VERTEX_POINT('',#2900);
#2487=LINE('',#2901,#2902);
#2488=VERTEX_POINT('',#2904);
#2489=LINE('',#2905,#2906);
#2490=LINE('',#2908,#2909);
#2491=VERTEX_POINT('',#2911);
#2492=LINE('',#2912,#2913);
#2493=LINE('',#2915,#2916);
#2494=LINE('',#2918,#2919);
#2495=VERTEX_POINT('',#2921);
#2496=LINE('',#2922,#2923);
#2497=VERTEX_POINT('',#2925);
#2498=LINE('',#2926,#2927);
#2499=LINE('',#2929,#2930);
#2500=VERTEX_POINT('',#2932);
#2501=LINE('',#2933,#2934);
#2502=LINE('',#2936,#2937);
#2503=VERTEX_POINT('',#2939);
#2504=VERTEX_POINT('',#2940);
#2505=LINE('',#2941,#2942);
#2506=LINE('',#2944,#2945);
#2507=LINE('',#2947,#2948);
#2508=LINE('',#2950,#2951);
#2509=VERTEX_POINT('',#2953);
#2510=LINE('',#2954,#2955);
#2511=LINE('',#2957,#2958);
#2512=VERTEX_POINT('',#2960);
#2513=LINE('',#2961,#2962);
#2514=LINE('',#2964,#2965);
#2515=VERTEX_POINT('',#2967);
#2516=VERTEX_POINT('',#2968);
#2517=LINE('',#2969,#2970);
#2518=VERTEX_POINT('',#2972);
#2519=LINE('',#2973,#2974);
#2520=LINE('',#2976,#2977);
#2521=VERTEX_POINT('',#2979);
#2522=LINE('',#2980,#2981);
#2523=LINE('',#2983,#2984);
#2524=VERTEX_POINT('',#2986);
#2525=VERTEX_POINT('',#2987);
#2526=LINE('',#2988,#2989);
#2527=VERTEX_POINT('',#2991);
#2528=LINE('',#2992,#2993);
#2529=VERTEX_POINT('',#2995);
#2530=LINE('',#2996,#2997);
#2531=VERTEX_POINT('',#2999);
#2532=LINE('',#3000,#3001);
#2533=LINE('',#3003,#3004);
#2534=VERTEX_POINT('',#3006);
#2535=LINE('',#3007,#3008);
#2536=VERTEX_POINT('',#3010);
#2537=CIRCLE('',#3011,0.55);
#2538=VERTEX_POINT('',#3015);
#2539=LINE('',#3016,#3017);
#2540=VERTEX_POINT('',#3019);
#2541=LINE('',#3020,#3021);
#2542=VERTEX_POINT('',#3023);
#2543=LINE('',#3024,#3025);
#2544=VERTEX_POINT('',#3027);
#2545=LINE('',#3028,#3029);
#2546=LINE('',#3031,#3032);
#2547=VERTEX_POINT('',#3034);
#2548=LINE('',#3035,#3036);
#2549=LINE('',#3038,#3039);
#2550=VERTEX_POINT('',#3041);
#2551=VERTEX_POINT('',#3042);
#2552=LINE('',#3043,#3044);
#2553=VERTEX_POINT('',#3046);
#2554=LINE('',#3047,#3048);
#2555=VERTEX_POINT('',#3050);
#2556=LINE('',#3051,#3052);
#2557=VERTEX_POINT('',#3054);
#2558=LINE('',#3055,#3056);
#2559=VERTEX_POINT('',#3058);
#2560=LINE('',#3059,#3060);
#2561=VERTEX_POINT('',#3062);
#2562=CIRCLE('',#3063,0.55);
#2563=VERTEX_POINT('',#3067);
#2564=LINE('',#3068,#3069);
#2565=LINE('',#3071,#3072);
#2566=VERTEX_POINT('',#3074);
#2567=LINE('',#3075,#3076);
#2568=VERTEX_POINT('',#3078);
#2569=LINE('',#3079,#3080);
#2570=VERTEX_POINT('',#3082);
#2571=LINE('',#3083,#3084);
#2572=LINE('',#3086,#3087);
#2573=VERTEX_POINT('',#3089);
#2574=VERTEX_POINT('',#3090);
#2575=LINE('',#3091,#3092);
#2576=LINE('',#3094,#3095);
#2577=VERTEX_POINT('',#3097);
#2578=LINE('',#3098,#3099);
#2579=VERTEX_POINT('',#3101);
#2580=LINE('',#3102,#3103);
#2581=LINE('',#3105,#3106);
#2582=VERTEX_POINT('',#3108);
#2583=LINE('',#3109,#3110);
#2584=LINE('',#3112,#3113);
#2585=LINE('',#3115,#3116);
#2586=VERTEX_POINT('',#3118);
#2587=LINE('',#3119,#3120);
#2588=LINE('',#3122,#3123);
#2589=LINE('',#3125,#3126);
#2590=VERTEX_POINT('',#3128);
#2591=VERTEX_POINT('',#3129);
#2592=LINE('',#3130,#3131);
#2593=LINE('',#3133,#3134);
#2594=LINE('',#3136,#3137);
#2595=VERTEX_POINT('',#3139);
#2596=LINE('',#3140,#3141);
#2597=LINE('',#3143,#3144);
#2598=VERTEX_POINT('',#3146);
#2599=LINE('',#3147,#3148);
#2600=LINE('',#3150,#3151);
#2601=VERTEX_POINT('',#3153);
#2602=LINE('',#3154,#3155);
#2603=VERTEX_POINT('',#3157);
#2604=LINE('',#3158,#3159);
#2605=LINE('',#3161,#3162);
#2606=VERTEX_POINT('',#3164);
#2607=LINE('',#3165,#3166);
#2608=LINE('',#3168,#3169);
#2609=VERTEX_POINT('',#3171);
#2610=LINE('',#3172,#3173);
#2611=LINE('',#3175,#3176);
#2612=LINE('',#3178,#3179);
#2613=LINE('',#3181,#3182);
#2614=LINE('',#3184,#3185);
#2615=LINE('',#3187,#3188);
#2616=LINE('',#3190,#3191);
#2617=VERTEX_POINT('',#3193);
#2618=CIRCLE('',#3194,0.55);
#2619=LINE('',#3198,#3199);
#2620=VERTEX_POINT('',#3201);
#2621=VERTEX_POINT('',#3202);
#2622=LINE('',#3203,#3204);
#2623=LINE('',#3206,#3207);
#2624=LINE('',#3209,#3210);
#2625=VERTEX_POINT('',#3212);
#2626=VERTEX_POINT('',#3213);
#2627=LINE('',#3214,#3215);
#2628=VERTEX_POINT('',#3217);
#2629=LINE('',#3218,#3219);
#2630=LINE('',#3221,#3222);
#2631=LINE('',#3224,#3225);
#2632=VERTEX_POINT('',#3227);
#2633=VERTEX_POINT('',#3228);
#2634=LINE('',#3229,#3230);
#2635=LINE('',#3232,#3233);
#2636=LINE('',#3235,#3236);
#2637=VERTEX_POINT('',#3238);
#2638=LINE('',#3239,#3240);
#2639=VERTEX_POINT('',#3242);
#2640=LINE('',#3243,#3244);
#2641=VERTEX_POINT('',#3246);
#2642=LINE('',#3247,#3248);
#2643=LINE('',#3250,#3251);
#2644=LINE('',#3253,#3254);
#2645=VERTEX_POINT('',#3256);
#2646=VERTEX_POINT('',#3257);
#2647=LINE('',#3258,#3259);
#2648=LINE('',#3261,#3262);
#2649=VERTEX_POINT('',#3264);
#2650=LINE('',#3265,#3266);
#2651=LINE('',#3268,#3269);
#2652=VERTEX_POINT('',#3271);
#2653=LINE('',#3272,#3273);
#2654=VERTEX_POINT('',#3275);
#2655=LINE('',#3276,#3277);
#2656=LINE('',#3279,#3280);
#2657=VERTEX_POINT('',#3282);
#2658=CIRCLE('',#3283,0.55);
#2659=LINE('',#3287,#3288);
#2660=VERTEX_POINT('',#3290);
#2661=LINE('',#3291,#3292);
#2662=LINE('',#3294,#3295);
#2663=VERTEX_POINT('',#3297);
#2664=LINE('',#3298,#3299);
#2665=VERTEX_POINT('',#3301);
#2666=LINE('',#3302,#3303);
#2667=LINE('',#3305,#3306);
#2668=VERTEX_POINT('',#3308);
#2669=LINE('',#3309,#3310);
#2670=LINE('',#3312,#3313);
#2671=LINE('',#3315,#3316);
#2672=VERTEX_POINT('',#3318);
#2673=LINE('',#3319,#3320);
#2674=LINE('',#3322,#3323);
#2675=LINE('',#3325,#3326);
#2676=VERTEX_POINT('',#3328);
#2677=LINE('',#3329,#3330);
#2678=VERTEX_POINT('',#3332);
#2679=LINE('',#3333,#3334);
#2680=LINE('',#3336,#3337);
#2681=VERTEX_POINT('',#3339);
#2682=LINE('',#3340,#3341);
#2683=VERTEX_POINT('',#3343);
#2684=LINE('',#3344,#3345);
#2685=VERTEX_POINT('',#3347);
#2686=LINE('',#3348,#3349);
#2687=LINE('',#3351,#3352);
#2688=LINE('',#3354,#3355);
#2689=LINE('',#3357,#3358);
#2690=VERTEX_POINT('',#3360);
#2691=LINE('',#3361,#3362);
#2692=LINE('',#3364,#3365);
#2693=VERTEX_POINT('',#3367);
#2694=LINE('',#3368,#3369);
#2695=LINE('',#3371,#3372);
#2696=VERTEX_POINT('',#3374);
#2697=LINE('',#3375,#3376);
#2698=LINE('',#3378,#3379);
#2699=VERTEX_POINT('',#3381);
#2700=LINE('',#3382,#3383);
#2701=LINE('',#3385,#3386);
#2702=VERTEX_POINT('',#3388);
#2703=LINE('',#3389,#3390);
#2704=LINE('',#3392,#3393);
#2705=LINE('',#3395,#3396);
#2706=VERTEX_POINT('',#3398);
#2707=LINE('',#3399,#3400);
#2708=LINE('',#3402,#3403);
#2709=VERTEX_POINT('',#3405);
#2710=LINE('',#3406,#3407);
#2711=LINE('',#3409,#3410);
#2712=VERTEX_POINT('',#3412);
#2713=LINE('',#3413,#3414);
#2714=VERTEX_POINT('',#3416);
#2715=LINE('',#3417,#3418);
#2716=LINE('',#3420,#3421);
#2717=LINE('',#3423,#3424);
#2718=LINE('',#3426,#3427);
#2719=VERTEX_POINT('',#3429);
#2720=LINE('',#3430,#3431);
#2721=VERTEX_POINT('',#3433);
#2722=LINE('',#3434,#3435);
#2723=VERTEX_POINT('',#3437);
#2724=LINE('',#3438,#3439);
#2725=VERTEX_POINT('',#3441);
#2726=LINE('',#3442,#3443);
#2727=LINE('',#3445,#3446);
#2728=LINE('',#3448,#3449);
#2729=LINE('',#3451,#3452);
#2730=LINE('',#3454,#3455);
#2731=LINE('',#3457,#3458);
#2732=CARTESIAN_POINT('',(6.25,-0.75,5.48349364905389));
#2733=CARTESIAN_POINT('',(5.75,-0.75,5.48349364905389));
#2734=CARTESIAN_POINT('',(6.25,-0.75,5.48349364905389));
#2735=VECTOR('',#2736,1.);
#2736=DIRECTION('',(-1.,0.,3.5527136788005E-015));
#2737=CARTESIAN_POINT('',(6.25,-0.75,-2.98349364905389));
#2738=CARTESIAN_POINT('',(6.25,-0.75,-2.98349364905389));
#2739=VECTOR('',#2740,1.);
#2740=DIRECTION('',(0.,0.,1.));
#2741=CARTESIAN_POINT('',(5.75,-0.75,-2.98349364905389));
#2742=CARTESIAN_POINT('',(6.25,-0.75,-2.98349364905389));
#2743=VECTOR('',#2744,1.);
#2744=DIRECTION('',(-1.,0.,0.));
#2745=CARTESIAN_POINT('',(5.75,-0.75,-2.98349364905389));
#2746=VECTOR('',#2747,1.);
#2747=DIRECTION('',(0.,0.,1.));
#2748=CARTESIAN_POINT('',(5.75,-1.25,5.48349364905389));
#2749=CARTESIAN_POINT('',(5.75,-0.75,5.48349364905389));
#2750=VECTOR('',#2751,1.);
#2751=DIRECTION('',(0.,-1.,-3.5527136788005E-015));
#2752=CARTESIAN_POINT('',(5.75,-1.25,-2.98349364905389));
#2753=CARTESIAN_POINT('',(5.75,-0.75,-2.98349364905389));
#2754=VECTOR('',#2755,1.);
#2755=DIRECTION('',(0.,-1.,0.));
#2756=CARTESIAN_POINT('',(5.75,-1.25,-2.98349364905389));
#2757=VECTOR('',#2758,1.);
#2758=DIRECTION('',(0.,0.,1.));
#2759=CARTESIAN_POINT('',(6.25,-1.25,5.48349364905389));
#2760=CARTESIAN_POINT('',(5.75,-1.25,5.48349364905389));
#2761=VECTOR('',#2762,1.);
#2762=DIRECTION('',(1.,0.,3.5527136788005E-015));
#2763=CARTESIAN_POINT('',(6.25,-1.25,-2.98349364905389));
#2764=CARTESIAN_POINT('',(5.75,-1.25,-2.98349364905389));
#2765=VECTOR('',#2766,1.);
#2766=DIRECTION('',(1.,0.,0.));
#2767=CARTESIAN_POINT('',(6.25,-1.25,-2.98349364905389));
#2768=VECTOR('',#2769,1.);
#2769=DIRECTION('',(0.,0.,1.));
#2770=CARTESIAN_POINT('',(6.25,-1.25,5.48349364905389));
#2771=VECTOR('',#2772,1.);
#2772=DIRECTION('',(0.,1.,-3.5527136788005E-015));
#2773=CARTESIAN_POINT('',(6.25,-1.25,-2.98349364905389));
#2774=VECTOR('',#2775,1.);
#2775=DIRECTION('',(0.,1.,0.));
#2776=CARTESIAN_POINT('',(6.125,-0.875,5.7));
#2777=CARTESIAN_POINT('',(5.875,-0.875,5.7));
#2778=CARTESIAN_POINT('',(6.125,-0.875,5.7));
#2779=VECTOR('',#2780,1.);
#2780=DIRECTION('',(-1.,0.,0.));
#2781=CARTESIAN_POINT('',(5.875,-1.125,5.7));
#2782=CARTESIAN_POINT('',(5.875,-0.875,5.7));
#2783=VECTOR('',#2784,1.);
#2784=DIRECTION('',(0.,-1.,0.));
#2785=CARTESIAN_POINT('',(6.125,-1.125,5.7));
#2786=CARTESIAN_POINT('',(5.875,-1.125,5.7));
#2787=VECTOR('',#2788,1.);
#2788=DIRECTION('',(1.,0.,0.));
#2789=CARTESIAN_POINT('',(6.125,-1.125,5.7));
#2790=VECTOR('',#2791,1.);
#2791=DIRECTION('',(0.,1.,0.));
#2792=CARTESIAN_POINT('',(6.125,-0.875,-3.2));
#2793=CARTESIAN_POINT('',(5.875,-0.875,-3.2));
#2794=CARTESIAN_POINT('',(6.125,-0.875,-3.2));
#2795=VECTOR('',#2796,1.);
#2796=DIRECTION('',(-1.,0.,0.));
#2797=CARTESIAN_POINT('',(6.125,-1.125,-3.2));
#2798=CARTESIAN_POINT('',(6.125,-1.125,-3.2));
#2799=VECTOR('',#2800,1.);
#2800=DIRECTION('',(0.,1.,0.));
#2801=CARTESIAN_POINT('',(5.875,-1.125,-3.2));
#2802=CARTESIAN_POINT('',(5.875,-1.125,-3.2));
#2803=VECTOR('',#2804,1.);
#2804=DIRECTION('',(1.,0.,0.));
#2805=CARTESIAN_POINT('',(5.875,-0.875,-3.2));
#2806=VECTOR('',#2807,1.);
#2807=DIRECTION('',(0.,-1.,0.));
#2808=CARTESIAN_POINT('',(6.25,-0.75,-2.98349364905389));
#2809=VECTOR('',#2810,1.);
#2810=DIRECTION('',(-0.447213595499964,-0.447213595499959,-0.774596669241479));
#2811=CARTESIAN_POINT('',(5.75,-0.75,-2.98349364905389));
#2812=VECTOR('',#2813,1.);
#2813=DIRECTION('',(0.447213595499961,-0.447213595499958,-0.774596669241482));
#2814=CARTESIAN_POINT('',(5.75,-1.25,-2.98349364905389));
#2815=VECTOR('',#2816,1.);
#2816=DIRECTION('',(0.447213595499958,0.447213595499959,-0.774596669241483));
#2817=CARTESIAN_POINT('',(6.25,-1.25,-2.98349364905389));
#2818=VECTOR('',#2819,1.);
#2819=DIRECTION('',(-0.447213595499958,0.447213595499959,-0.774596669241483));
#2820=CARTESIAN_POINT('',(5.75,-0.75,5.48349364905389));
#2821=VECTOR('',#2822,1.);
#2822=DIRECTION('',(0.447213595499961,-0.447213595499964,0.774596669241478));
#2823=CARTESIAN_POINT('',(6.25,-0.75,5.48349364905389));
#2824=VECTOR('',#2825,1.);
#2825=DIRECTION('',(-0.447213595499958,-0.447213595499957,0.774596669241484));
#2826=CARTESIAN_POINT('',(5.75,-1.25,5.48349364905389));
#2827=VECTOR('',#2828,1.);
#2828=DIRECTION('',(0.447213595499953,0.447213595499957,0.774596669241486));
#2829=CARTESIAN_POINT('',(6.25,-1.25,5.48349364905389));
#2830=VECTOR('',#2831,1.);
#2831=DIRECTION('',(-0.447213595499962,0.447213595499962,0.774596669241478));
#2832=CARTESIAN_POINT('',(-4.5,-3.7,3.50540562563862));
#2833=CARTESIAN_POINT('',(4.5,-3.7,3.50540562563862));
#2834=CARTESIAN_POINT('',(-4.5,-3.7,3.50540562563862));
#2835=VECTOR('',#2836,1.);
#2836=DIRECTION('',(1.,0.,0.));
#2837=CARTESIAN_POINT('',(-4.5,-3.7,5.3));
#2838=CARTESIAN_POINT('',(-4.5,-3.7,5.3));
#2839=VECTOR('',#2840,1.);
#2840=DIRECTION('',(0.,0.,-1.));
#2841=CARTESIAN_POINT('',(-5.5,-3.7,5.3));
#2842=CARTESIAN_POINT('',(-5.5,-3.7,5.3));
#2843=VECTOR('',#2844,1.);
#2844=DIRECTION('',(1.,0.,0.));
#2845=CARTESIAN_POINT('',(-5.5,-3.7,7.5));
#2846=CARTESIAN_POINT('',(-5.5,-3.7,7.5));
#2847=VECTOR('',#2848,1.);
#2848=DIRECTION('',(0.,0.,-1.));
#2849=CARTESIAN_POINT('',(-5.8,-3.7,7.8));
#2850=CARTESIAN_POINT('',(-5.8,-3.7,7.8));
#2851=VECTOR('',#2852,1.);
#2852=DIRECTION('',(0.707106781186549,0.,-0.707106781186546));
#2853=CARTESIAN_POINT('',(-8.,-3.7,7.8));
#2854=CARTESIAN_POINT('',(-5.8,-3.7,7.8));
#2855=VECTOR('',#2856,1.);
#2856=DIRECTION('',(-1.,0.,0.));
#2857=CARTESIAN_POINT('',(-8.,-3.7,4.7467804263307E-018));
#2858=CARTESIAN_POINT('',(-8.,-3.7,4.7467804263307E-018));
#2859=VECTOR('',#2860,1.);
#2860=DIRECTION('',(0.,0.,1.));
#2861=CARTESIAN_POINT('',(8.,-3.7,4.7467804263307E-018));
#2862=CARTESIAN_POINT('',(8.,-3.7,4.7467804263307E-018));
#2863=VECTOR('',#2864,1.);
#2864=DIRECTION('',(-1.,0.,0.));
#2865=CARTESIAN_POINT('',(8.,-3.7,7.8));
#2866=CARTESIAN_POINT('',(8.,-3.7,4.7467804263307E-018));
#2867=VECTOR('',#2868,1.);
#2868=DIRECTION('',(0.,0.,1.));
#2869=CARTESIAN_POINT('',(5.8,-3.7,7.8));
#2870=CARTESIAN_POINT('',(8.,-3.7,7.8));
#2871=VECTOR('',#2872,1.);
#2872=DIRECTION('',(-1.,0.,0.));
#2873=CARTESIAN_POINT('',(5.5,-3.7,7.5));
#2874=CARTESIAN_POINT('',(5.5,-3.7,7.5));
#2875=VECTOR('',#2876,1.);
#2876=DIRECTION('',(0.707106781186548,0.,0.707106781186546));
#2877=CARTESIAN_POINT('',(5.5,-3.7,5.3));
#2878=CARTESIAN_POINT('',(5.5,-3.7,5.3));
#2879=VECTOR('',#2880,1.);
#2880=DIRECTION('',(0.,0.,1.));
#2881=CARTESIAN_POINT('',(4.5,-3.7,5.3));
#2882=CARTESIAN_POINT('',(4.5,-3.7,5.3));
#2883=VECTOR('',#2884,1.);
#2884=DIRECTION('',(1.,0.,0.));
#2885=CARTESIAN_POINT('',(4.5,-3.7,5.3));
#2886=VECTOR('',#2887,1.);
#2887=DIRECTION('',(0.,0.,-1.));
#2888=CARTESIAN_POINT('',(6.,-3.7,2.7));
#2889=CARTESIAN_POINT('',(5.3,-3.7,1.3));
#2890=CARTESIAN_POINT('',(6.,-3.7,2.7));
#2891=VECTOR('',#2892,1.);
#2892=DIRECTION('',(-0.447213595499958,0.,-0.894427190999916));
#2893=CARTESIAN_POINT('',(6.7,-3.7,1.3));
#2894=CARTESIAN_POINT('',(6.7,-3.7,1.3));
#2895=VECTOR('',#2896,1.);
#2896=DIRECTION('',(-0.447213595499958,0.,0.894427190999916));
#2897=CARTESIAN_POINT('',(5.3,-3.7,1.3));
#2898=VECTOR('',#2899,1.);
#2899=DIRECTION('',(1.,0.,0.));
#2900=CARTESIAN_POINT('',(6.,-3.75,2.67004236956039));
#2901=CARTESIAN_POINT('',(6.,-3.7,2.7));
#2902=VECTOR('',#2903,1.);
#2903=DIRECTION('',(-1.52378279219445E-014,-0.85781345189005,-0.513961167556924));
#2904=CARTESIAN_POINT('',(6.67832245496942,-3.75,1.31339745962156));
#2905=CARTESIAN_POINT('',(6.67832245496942,-3.75,1.31339745962156));
#2906=VECTOR('',#2907,1.);
#2907=DIRECTION('',(-0.447213595499958,2.92785136043794E-016,0.894427190999916));
#2908=CARTESIAN_POINT('',(6.7,-3.7,1.3));
#2909=VECTOR('',#2910,1.);
#2910=DIRECTION('',(-0.386274146827742,-0.890954548319042,0.238730551714922));
#2911=CARTESIAN_POINT('',(5.32167754503058,-3.75,1.31339745962156));
#2912=CARTESIAN_POINT('',(5.32167754503058,-3.75,1.31339745962156));
#2913=VECTOR('',#2914,1.);
#2914=DIRECTION('',(1.,0.,0.));
#2915=CARTESIAN_POINT('',(5.3,-3.7,1.3));
#2916=VECTOR('',#2917,1.);
#2917=DIRECTION('',(0.386274146827756,-0.890954548319037,0.238730551714921));
#2918=CARTESIAN_POINT('',(6.,-3.75,2.67004236956039));
#2919=VECTOR('',#2920,1.);
#2920=DIRECTION('',(-0.447213595499958,0.,-0.894427190999916));
#2921=CARTESIAN_POINT('',(4.5,-4.45,3.4));
#2922=CARTESIAN_POINT('',(4.5,-3.7,3.50540562563862));
#2923=VECTOR('',#2924,1.);
#2924=DIRECTION('',(0.,-0.990268068812206,-0.139173100457465));
#2925=CARTESIAN_POINT('',(-4.5,-4.45,3.4));
#2926=CARTESIAN_POINT('',(4.5,-4.45,3.4));
#2927=VECTOR('',#2928,1.);
#2928=DIRECTION('',(-1.,0.,0.));
#2929=CARTESIAN_POINT('',(-4.5,-3.7,3.50540562563862));
#2930=VECTOR('',#2931,1.);
#2931=DIRECTION('',(0.,-0.990268068812206,-0.139173100457465));
#2932=CARTESIAN_POINT('',(-4.5,-4.45000000000041,3.9));
#2933=CARTESIAN_POINT('',(-4.5,-4.45,3.4));
#2934=VECTOR('',#2935,1.);
#2935=DIRECTION('',(0.,-8.27782287160517E-013,1.));
#2936=CARTESIAN_POINT('',(-4.5,-4.45000000000041,3.9));
#2937=VECTOR('',#2938,1.);
#2938=DIRECTION('',(0.,0.472221412515621,0.881479970028674));
#2939=CARTESIAN_POINT('',(-5.5,-3.15,5.3));
#2940=CARTESIAN_POINT('',(5.5,-3.15,5.3));
#2941=CARTESIAN_POINT('',(-5.5,-3.15,5.3));
#2942=VECTOR('',#2943,1.);
#2943=DIRECTION('',(1.,4.03717463500057E-017,0.));
#2944=CARTESIAN_POINT('',(-5.5,-3.7,5.3));
#2945=VECTOR('',#2946,1.);
#2946=DIRECTION('',(0.,1.,0.));
#2947=CARTESIAN_POINT('',(4.5,-3.7,5.3));
#2948=VECTOR('',#2949,1.);
#2949=DIRECTION('',(-1.,0.,0.));
#2950=CARTESIAN_POINT('',(5.5,-3.7,5.3));
#2951=VECTOR('',#2952,1.);
#2952=DIRECTION('',(0.,1.,0.));
#2953=CARTESIAN_POINT('',(-5.5,-3.15,7.5));
#2954=CARTESIAN_POINT('',(-5.5,-3.15,7.5));
#2955=VECTOR('',#2956,1.);
#2956=DIRECTION('',(0.,0.,-1.));
#2957=CARTESIAN_POINT('',(-5.5,-3.7,7.5));
#2958=VECTOR('',#2959,1.);
#2959=DIRECTION('',(0.,1.,0.));
#2960=CARTESIAN_POINT('',(-5.8,-3.15,7.8));
#2961=CARTESIAN_POINT('',(-5.8,-3.15,7.8));
#2962=VECTOR('',#2963,1.);
#2963=DIRECTION('',(0.707106781186548,0.,-0.707106781186548));
#2964=CARTESIAN_POINT('',(-5.8,-3.15,7.8));
#2965=VECTOR('',#2966,1.);
#2966=DIRECTION('',(0.,-1.,0.));
#2967=CARTESIAN_POINT('',(-7.6,-2.73284271247462,7.8));
#2968=CARTESIAN_POINT('',(-7.6,-2.1,7.8));
#2969=CARTESIAN_POINT('',(-7.6,-2.1,7.8));
#2970=VECTOR('',#2971,1.);
#2971=DIRECTION('',(0.,-1.,0.));
#2972=CARTESIAN_POINT('',(-8.,-2.1,7.8));
#2973=CARTESIAN_POINT('',(-7.6,-2.1,7.8));
#2974=VECTOR('',#2975,1.);
#2975=DIRECTION('',(-1.,0.,0.));
#2976=CARTESIAN_POINT('',(-8.,-3.7,7.8));
#2977=VECTOR('',#2978,1.);
#2978=DIRECTION('',(0.,1.,0.));
#2979=CARTESIAN_POINT('',(-7.18284271247462,-3.15,7.8));
#2980=CARTESIAN_POINT('',(-7.18284271247462,-3.15,7.8));
#2981=VECTOR('',#2982,1.);
#2982=DIRECTION('',(1.,0.,0.));
#2983=CARTESIAN_POINT('',(-7.6,-2.73284271247462,7.8));
#2984=VECTOR('',#2985,1.);
#2985=DIRECTION('',(0.707106781186544,-0.707106781186551,0.));
#2986=CARTESIAN_POINT('',(-8.,2.9,-8.99459688076701E-028));
#2987=CARTESIAN_POINT('',(-8.,1.375,0.));
#2988=CARTESIAN_POINT('',(-8.,2.9,-8.99459688076701E-028));
#2989=VECTOR('',#2990,1.);
#2990=DIRECTION('',(0.,-1.,5.89809631525706E-028));
#2991=CARTESIAN_POINT('',(-8.,1.27499999999604,0.15));
#2992=CARTESIAN_POINT('',(-8.,1.375,0.));
#2993=VECTOR('',#2994,1.);
#2994=DIRECTION('',(0.,-0.554700196240438,0.832050294327704));
#2995=CARTESIAN_POINT('',(-8.,-1.27500000000396,0.15));
#2996=CARTESIAN_POINT('',(-8.,1.27499999999604,0.15));
#2997=VECTOR('',#2998,1.);
#2998=DIRECTION('',(0.,-1.,-2.17690789142188E-017));
#2999=CARTESIAN_POINT('',(-8.,-1.375,0.));
#3000=CARTESIAN_POINT('',(-8.,-1.27500000000396,0.15));
#3001=VECTOR('',#3002,1.);
#3002=DIRECTION('',(0.,-0.554700196210021,-0.832050294347983));
#3003=CARTESIAN_POINT('',(-8.,-1.375,0.));
#3004=VECTOR('',#3005,1.);
#3005=DIRECTION('',(0.,-1.,2.04162598981965E-018));
#3006=CARTESIAN_POINT('',(-8.,-2.1,4.25));
#3007=CARTESIAN_POINT('',(-8.,-2.1,7.8));
#3008=VECTOR('',#3009,1.);
#3009=DIRECTION('',(0.,0.,-1.));
#3010=CARTESIAN_POINT('',(-8.,-1.,4.25));
#3011=AXIS2_PLACEMENT_3D('',#3012,#3013,#3014);
#3012=CARTESIAN_POINT('',(-8.,-1.55,4.25));
#3013=DIRECTION('',(1.,0.,0.));
#3014=DIRECTION('',(0.,-1.,0.));
#3015=CARTESIAN_POINT('',(-8.,-1.,7.8));
#3016=CARTESIAN_POINT('',(-8.,-1.,4.25));
#3017=VECTOR('',#3018,1.);
#3018=DIRECTION('',(0.,0.,1.));
#3019=CARTESIAN_POINT('',(-8.,3.7,7.8));
#3020=CARTESIAN_POINT('',(-8.,-1.,7.8));
#3021=VECTOR('',#3022,1.);
#3022=DIRECTION('',(0.,1.,0.));
#3023=CARTESIAN_POINT('',(-8.,3.7,1.));
#3024=CARTESIAN_POINT('',(-8.,3.7,7.8));
#3025=VECTOR('',#3026,1.);
#3026=DIRECTION('',(0.,0.,-1.));
#3027=CARTESIAN_POINT('',(-8.,2.9,1.));
#3028=CARTESIAN_POINT('',(-8.,3.7,1.));
#3029=VECTOR('',#3030,1.);
#3030=DIRECTION('',(0.,-1.,0.));
#3031=CARTESIAN_POINT('',(-8.,2.9,1.));
#3032=VECTOR('',#3033,1.);
#3033=DIRECTION('',(0.,0.,-1.));
#3034=CARTESIAN_POINT('',(8.,-1.375,0.));
#3035=CARTESIAN_POINT('',(8.,-1.375,0.));
#3036=VECTOR('',#3037,1.);
#3037=DIRECTION('',(0.,-1.,2.04162598981965E-018));
#3038=CARTESIAN_POINT('',(8.,-1.375,2.77555756156289E-017));
#3039=VECTOR('',#3040,1.);
#3040=DIRECTION('',(-1.,0.,0.));
#3041=CARTESIAN_POINT('',(8.,2.9,1.));
#3042=CARTESIAN_POINT('',(8.,2.9,-8.99459688076701E-028));
#3043=CARTESIAN_POINT('',(8.,2.9,1.));
#3044=VECTOR('',#3045,1.);
#3045=DIRECTION('',(0.,0.,-1.));
#3046=CARTESIAN_POINT('',(8.,3.7,1.));
#3047=CARTESIAN_POINT('',(8.,3.7,1.));
#3048=VECTOR('',#3049,1.);
#3049=DIRECTION('',(0.,-1.,0.));
#3050=CARTESIAN_POINT('',(8.,3.7,7.8));
#3051=CARTESIAN_POINT('',(8.,3.7,7.8));
#3052=VECTOR('',#3053,1.);
#3053=DIRECTION('',(0.,0.,-1.));
#3054=CARTESIAN_POINT('',(8.,-1.,7.8));
#3055=CARTESIAN_POINT('',(8.,-1.,7.8));
#3056=VECTOR('',#3057,1.);
#3057=DIRECTION('',(0.,1.,0.));
#3058=CARTESIAN_POINT('',(8.,-1.,4.25));
#3059=CARTESIAN_POINT('',(8.,-1.,4.25));
#3060=VECTOR('',#3061,1.);
#3061=DIRECTION('',(0.,0.,1.));
#3062=CARTESIAN_POINT('',(8.,-2.1,4.25));
#3063=AXIS2_PLACEMENT_3D('',#3064,#3065,#3066);
#3064=CARTESIAN_POINT('',(8.,-1.55,4.25));
#3065=DIRECTION('',(1.,0.,0.));
#3066=DIRECTION('',(0.,-1.,0.));
#3067=CARTESIAN_POINT('',(8.,-2.1,7.8));
#3068=CARTESIAN_POINT('',(8.,-2.1,7.8));
#3069=VECTOR('',#3070,1.);
#3070=DIRECTION('',(0.,0.,-1.));
#3071=CARTESIAN_POINT('',(8.,-3.7,7.8));
#3072=VECTOR('',#3073,1.);
#3073=DIRECTION('',(0.,1.,0.));
#3074=CARTESIAN_POINT('',(8.,-1.27500000000396,0.15));
#3075=CARTESIAN_POINT('',(8.,-1.27500000000396,0.15));
#3076=VECTOR('',#3077,1.);
#3077=DIRECTION('',(0.,-0.554700196210021,-0.832050294347983));
#3078=CARTESIAN_POINT('',(8.,1.27499999999604,0.15));
#3079=CARTESIAN_POINT('',(8.,1.27499999999604,0.15));
#3080=VECTOR('',#3081,1.);
#3081=DIRECTION('',(0.,-1.,-2.17690789142188E-017));
#3082=CARTESIAN_POINT('',(8.,1.375,0.));
#3083=CARTESIAN_POINT('',(8.,1.375,0.));
#3084=VECTOR('',#3085,1.);
#3085=DIRECTION('',(0.,-0.554700196240438,0.832050294327704));
#3086=CARTESIAN_POINT('',(8.,2.9,-8.99459688076701E-028));
#3087=VECTOR('',#3088,1.);
#3088=DIRECTION('',(0.,-1.,5.89809631525706E-028));
#3089=CARTESIAN_POINT('',(7.18284271247462,-3.15,7.8));
#3090=CARTESIAN_POINT('',(5.8,-3.15,7.8));
#3091=CARTESIAN_POINT('',(5.8,-3.15,7.8));
#3092=VECTOR('',#3093,1.);
#3093=DIRECTION('',(1.,0.,0.));
#3094=CARTESIAN_POINT('',(5.8,-3.7,7.8));
#3095=VECTOR('',#3096,1.);
#3096=DIRECTION('',(0.,1.,0.));
#3097=CARTESIAN_POINT('',(7.6,-2.1,7.8));
#3098=CARTESIAN_POINT('',(8.,-2.1,7.8));
#3099=VECTOR('',#3100,1.);
#3100=DIRECTION('',(-1.,0.,0.));
#3101=CARTESIAN_POINT('',(7.6,-2.73284271247462,7.8));
#3102=CARTESIAN_POINT('',(7.6,-2.73284271247462,7.8));
#3103=VECTOR('',#3104,1.);
#3104=DIRECTION('',(0.,1.,0.));
#3105=CARTESIAN_POINT('',(7.18284271247462,-3.15,7.8));
#3106=VECTOR('',#3107,1.);
#3107=DIRECTION('',(0.707106781186547,0.707106781186548,0.));
#3108=CARTESIAN_POINT('',(5.5,-3.15,7.5));
#3109=CARTESIAN_POINT('',(5.5,-3.15,7.5));
#3110=VECTOR('',#3111,1.);
#3111=DIRECTION('',(0.707106781186549,0.,0.707106781186546));
#3112=CARTESIAN_POINT('',(5.5,-3.7,7.5));
#3113=VECTOR('',#3114,1.);
#3114=DIRECTION('',(0.,1.,0.));
#3115=CARTESIAN_POINT('',(5.5,-3.15,5.3));
#3116=VECTOR('',#3117,1.);
#3117=DIRECTION('',(0.,0.,1.));
#3118=CARTESIAN_POINT('',(4.5,-4.45000000000041,3.9));
#3119=CARTESIAN_POINT('',(4.5,-4.45000000000041,3.9));
#3120=VECTOR('',#3121,1.);
#3121=DIRECTION('',(0.,0.472221412515621,0.881479970028674));
#3122=CARTESIAN_POINT('',(4.5,-4.45,3.4));
#3123=VECTOR('',#3124,1.);
#3124=DIRECTION('',(0.,-8.27782287160517E-013,1.));
#3125=CARTESIAN_POINT('',(4.5,-4.45000000000041,3.9));
#3126=VECTOR('',#3127,1.);
#3127=DIRECTION('',(-1.,0.,0.));
#3128=CARTESIAN_POINT('',(-5.7,-2.95,5.1));
#3129=CARTESIAN_POINT('',(5.7,-2.95,5.1));
#3130=CARTESIAN_POINT('',(-5.7,-2.95,5.1));
#3131=VECTOR('',#3132,1.);
#3132=DIRECTION('',(1.,7.79103876929934E-017,0.));
#3133=CARTESIAN_POINT('',(-5.7,-2.95,5.1));
#3134=VECTOR('',#3135,1.);
#3135=DIRECTION('',(0.577350269189625,-0.577350269189625,0.577350269189628));
#3136=CARTESIAN_POINT('',(5.7,-2.95,5.1));
#3137=VECTOR('',#3138,1.);
#3138=DIRECTION('',(-0.577350269189631,-0.577350269189624,0.577350269189623));
#3139=CARTESIAN_POINT('',(-5.7,-2.95,7.41715728752538));
#3140=CARTESIAN_POINT('',(-5.7,-2.95,7.41715728752538));
#3141=VECTOR('',#3142,1.);
#3142=DIRECTION('',(0.,0.,-1.));
#3143=CARTESIAN_POINT('',(-5.7,-2.95,7.41715728752538));
#3144=VECTOR('',#3145,1.);
#3145=DIRECTION('',(0.678598344545849,-0.678598344545845,0.28108463771482));
#3146=CARTESIAN_POINT('',(-5.88284271247462,-2.95,7.6));
#3147=CARTESIAN_POINT('',(-5.88284271247462,-2.95,7.6));
#3148=VECTOR('',#3149,1.);
#3149=DIRECTION('',(0.707106781186548,0.,-0.707106781186548));
#3150=CARTESIAN_POINT('',(-5.8,-3.15,7.8));
#3151=VECTOR('',#3152,1.);
#3152=DIRECTION('',(-0.281084637714817,0.678598344545846,-0.678598344545849));
#3153=CARTESIAN_POINT('',(-7.4,-2.65,7.6));
#3154=CARTESIAN_POINT('',(-7.6,-2.73284271247462,7.8));
#3155=VECTOR('',#3156,1.);
#3156=DIRECTION('',(0.678598344545857,0.281084637714815,-0.678598344545839));
#3157=CARTESIAN_POINT('',(-7.4,-2.1,7.6));
#3158=CARTESIAN_POINT('',(-7.4,-2.1,7.6));
#3159=VECTOR('',#3160,1.);
#3160=DIRECTION('',(0.,-1.,0.));
#3161=CARTESIAN_POINT('',(-7.6,-2.1,7.8));
#3162=VECTOR('',#3163,1.);
#3163=DIRECTION('',(0.707106781186549,0.,-0.707106781186546));
#3164=CARTESIAN_POINT('',(-7.4,-2.1,4.25));
#3165=CARTESIAN_POINT('',(-7.4,-2.1,4.25));
#3166=VECTOR('',#3167,1.);
#3167=DIRECTION('',(0.,0.,1.));
#3168=CARTESIAN_POINT('',(-7.4,-2.1,4.25));
#3169=VECTOR('',#3170,1.);
#3170=DIRECTION('',(-1.,0.,0.));
#3171=CARTESIAN_POINT('',(-7.1,-2.95,7.6));
#3172=CARTESIAN_POINT('',(-7.1,-2.95,7.6));
#3173=VECTOR('',#3174,1.);
#3174=DIRECTION('',(1.,0.,0.));
#3175=CARTESIAN_POINT('',(-7.18284271247462,-3.15,7.8));
#3176=VECTOR('',#3177,1.);
#3177=DIRECTION('',(0.281084637714823,0.678598344545848,-0.678598344545845));
#3178=CARTESIAN_POINT('',(-7.4,-2.65,7.6));
#3179=VECTOR('',#3180,1.);
#3180=DIRECTION('',(0.707106781186547,-0.707106781186548,0.));
#3181=CARTESIAN_POINT('',(8.,1.375,0.));
#3182=VECTOR('',#3183,1.);
#3183=DIRECTION('',(-1.,0.,0.));
#3184=CARTESIAN_POINT('',(8.,2.9,0.));
#3185=VECTOR('',#3186,1.);
#3186=DIRECTION('',(-1.,0.,0.));
#3187=CARTESIAN_POINT('',(8.,1.27499999999604,0.15));
#3188=VECTOR('',#3189,1.);
#3189=DIRECTION('',(-1.,0.,0.));
#3190=CARTESIAN_POINT('',(8.,-1.27500000000396,0.15));
#3191=VECTOR('',#3192,1.);
#3192=DIRECTION('',(-1.,0.,0.));
#3193=CARTESIAN_POINT('',(-7.4,-1.,4.25));
#3194=AXIS2_PLACEMENT_3D('',#3195,#3196,#3197);
#3195=CARTESIAN_POINT('',(-7.4,-1.55,4.25));
#3196=DIRECTION('',(1.,1.58603289232165E-016,0.));
#3197=DIRECTION('',(1.58603289232165E-016,-1.,0.));
#3198=CARTESIAN_POINT('',(-7.4,-1.,4.25));
#3199=VECTOR('',#3200,1.);
#3200=DIRECTION('',(-1.,0.,0.));
#3201=CARTESIAN_POINT('',(-7.6,-0.999999999999999,7.8));
#3202=CARTESIAN_POINT('',(-7.4,-0.999999999999999,7.6));
#3203=CARTESIAN_POINT('',(-7.4,-1.,7.6));
#3204=VECTOR('',#3205,1.);
#3205=DIRECTION('',(-0.707106781186548,0.,0.707106781186548));
#3206=CARTESIAN_POINT('',(-7.6,-1.,7.8));
#3207=VECTOR('',#3208,1.);
#3208=DIRECTION('',(-1.,0.,2.22044604925032E-015));
#3209=CARTESIAN_POINT('',(-7.4,-1.,7.6));
#3210=VECTOR('',#3211,1.);
#3211=DIRECTION('',(0.,0.,-1.));
#3212=CARTESIAN_POINT('',(-7.6,3.15,7.8));
#3213=CARTESIAN_POINT('',(-5.8,3.15,7.8));
#3214=CARTESIAN_POINT('',(-5.8,3.15,7.8));
#3215=VECTOR('',#3216,1.);
#3216=DIRECTION('',(-1.,0.,0.));
#3217=CARTESIAN_POINT('',(-5.8,3.7,7.8));
#3218=CARTESIAN_POINT('',(-5.8,3.7,7.8));
#3219=VECTOR('',#3220,1.);
#3220=DIRECTION('',(0.,-1.,0.));
#3221=CARTESIAN_POINT('',(-5.8,3.7,7.8));
#3222=VECTOR('',#3223,1.);
#3223=DIRECTION('',(-1.,0.,0.));
#3224=CARTESIAN_POINT('',(-7.6,3.15,7.8));
#3225=VECTOR('',#3226,1.);
#3226=DIRECTION('',(0.,-1.,0.));
#3227=CARTESIAN_POINT('',(5.5,3.7,7.5));
#3228=CARTESIAN_POINT('',(5.8,3.7,7.8));
#3229=CARTESIAN_POINT('',(5.8,3.7,7.8));
#3230=VECTOR('',#3231,1.);
#3231=DIRECTION('',(-0.707106781186548,0.,-0.707106781186548));
#3232=CARTESIAN_POINT('',(8.,3.7,7.8));
#3233=VECTOR('',#3234,1.);
#3234=DIRECTION('',(-1.,-4.03717463500057E-016,0.));
#3235=CARTESIAN_POINT('',(8.,3.7,1.));
#3236=VECTOR('',#3237,1.);
#3237=DIRECTION('',(-1.,0.,0.));
#3238=CARTESIAN_POINT('',(-5.5,3.7,7.5));
#3239=CARTESIAN_POINT('',(-5.5,3.7,7.5));
#3240=VECTOR('',#3241,1.);
#3241=DIRECTION('',(-0.707106781186548,0.,0.707106781186548));
#3242=CARTESIAN_POINT('',(-5.5,3.7,6.8));
#3243=CARTESIAN_POINT('',(-5.5,3.7,6.8));
#3244=VECTOR('',#3245,1.);
#3245=DIRECTION('',(0.,0.,1.));
#3246=CARTESIAN_POINT('',(5.5,3.7,6.8));
#3247=CARTESIAN_POINT('',(5.5,3.7,6.8));
#3248=VECTOR('',#3249,1.);
#3249=DIRECTION('',(-1.,0.,8.07434927000114E-017));
#3250=CARTESIAN_POINT('',(5.5,3.7,7.5));
#3251=VECTOR('',#3252,1.);
#3252=DIRECTION('',(0.,0.,-1.));
#3253=CARTESIAN_POINT('',(8.,2.9,1.));
#3254=VECTOR('',#3255,1.);
#3255=DIRECTION('',(-1.,0.,0.));
#3256=CARTESIAN_POINT('',(7.6,3.15,7.8));
#3257=CARTESIAN_POINT('',(7.6,-1.,7.8));
#3258=CARTESIAN_POINT('',(7.6,-1.,7.8));
#3259=VECTOR('',#3260,1.);
#3260=DIRECTION('',(0.,1.,0.));
#3261=CARTESIAN_POINT('',(8.,-1.,7.8));
#3262=VECTOR('',#3263,1.);
#3263=DIRECTION('',(-1.,0.,0.));
#3264=CARTESIAN_POINT('',(5.8,3.15,7.8));
#3265=CARTESIAN_POINT('',(5.8,3.15,7.8));
#3266=VECTOR('',#3267,1.);
#3267=DIRECTION('',(0.,1.,0.));
#3268=CARTESIAN_POINT('',(7.6,3.15,7.8));
#3269=VECTOR('',#3270,1.);
#3270=DIRECTION('',(-1.,0.,0.));
#3271=CARTESIAN_POINT('',(7.4,-1.,7.6));
#3272=CARTESIAN_POINT('',(7.6,-1.,7.8));
#3273=VECTOR('',#3274,1.);
#3274=DIRECTION('',(-0.707106781186547,0.,-0.707106781186547));
#3275=CARTESIAN_POINT('',(7.4,-1.,4.25));
#3276=CARTESIAN_POINT('',(7.4,-1.,4.25));
#3277=VECTOR('',#3278,1.);
#3278=DIRECTION('',(0.,0.,1.));
#3279=CARTESIAN_POINT('',(8.,-1.,4.25));
#3280=VECTOR('',#3281,1.);
#3281=DIRECTION('',(-1.,0.,0.));
#3282=CARTESIAN_POINT('',(7.4,-2.1,4.25));
#3283=AXIS2_PLACEMENT_3D('',#3284,#3285,#3286);
#3284=CARTESIAN_POINT('',(7.4,-1.55,4.25));
#3285=DIRECTION('',(1.,0.,-0.));
#3286=DIRECTION('',(0.,-1.,0.));
#3287=CARTESIAN_POINT('',(8.,-2.1,4.25));
#3288=VECTOR('',#3289,1.);
#3289=DIRECTION('',(-1.,0.,0.));
#3290=CARTESIAN_POINT('',(7.4,-2.1,7.6));
#3291=CARTESIAN_POINT('',(7.4,-2.1,7.6));
#3292=VECTOR('',#3293,1.);
#3293=DIRECTION('',(0.707106781186551,0.,0.707106781186544));
#3294=CARTESIAN_POINT('',(7.4,-2.1,7.6));
#3295=VECTOR('',#3296,1.);
#3296=DIRECTION('',(0.,0.,-1.));
#3297=CARTESIAN_POINT('',(7.1,-2.95,7.6));
#3298=CARTESIAN_POINT('',(7.18284271247462,-3.15,7.8));
#3299=VECTOR('',#3300,1.);
#3300=DIRECTION('',(-0.281084637714823,0.678598344545848,-0.678598344545845));
#3301=CARTESIAN_POINT('',(5.88284271247462,-2.95,7.6));
#3302=CARTESIAN_POINT('',(5.88284271247462,-2.95,7.6));
#3303=VECTOR('',#3304,1.);
#3304=DIRECTION('',(1.,0.,-7.29715402276307E-016));
#3305=CARTESIAN_POINT('',(5.88284271247462,-2.95,7.6));
#3306=VECTOR('',#3307,1.);
#3307=DIRECTION('',(-0.281084637714812,-0.678598344545853,0.678598344545844));
#3308=CARTESIAN_POINT('',(7.4,-2.65,7.6));
#3309=CARTESIAN_POINT('',(7.4,-2.65,7.6));
#3310=VECTOR('',#3311,1.);
#3311=DIRECTION('',(0.,1.,0.));
#3312=CARTESIAN_POINT('',(7.6,-2.73284271247462,7.8));
#3313=VECTOR('',#3314,1.);
#3314=DIRECTION('',(-0.678598344545845,0.281084637714817,-0.678598344545851));
#3315=CARTESIAN_POINT('',(7.1,-2.95,7.6));
#3316=VECTOR('',#3317,1.);
#3317=DIRECTION('',(0.707106781186547,0.707106781186548,0.));
#3318=CARTESIAN_POINT('',(5.7,-2.95,7.41715728752538));
#3319=CARTESIAN_POINT('',(5.7,-2.95,7.41715728752538));
#3320=VECTOR('',#3321,1.);
#3321=DIRECTION('',(0.707106781186548,0.,0.707106781186548));
#3322=CARTESIAN_POINT('',(5.7,-2.95,7.41715728752538));
#3323=VECTOR('',#3324,1.);
#3324=DIRECTION('',(-0.678598344545846,-0.67859834454585,0.281084637714815));
#3325=CARTESIAN_POINT('',(5.7,-2.95,5.1));
#3326=VECTOR('',#3327,1.);
#3327=DIRECTION('',(0.,0.,1.));
#3328=CARTESIAN_POINT('',(7.1,-2.95,1.8));
#3329=CARTESIAN_POINT('',(7.1,-2.95,1.8));
#3330=VECTOR('',#3331,1.);
#3331=DIRECTION('',(0.,0.,1.));
#3332=CARTESIAN_POINT('',(-7.1,-2.95,1.8));
#3333=CARTESIAN_POINT('',(-7.1,-2.95,1.8));
#3334=VECTOR('',#3335,1.);
#3335=DIRECTION('',(1.,6.25477760352201E-017,0.));
#3336=CARTESIAN_POINT('',(-7.1,-2.95,1.8));
#3337=VECTOR('',#3338,1.);
#3338=DIRECTION('',(0.,0.,1.));
#3339=CARTESIAN_POINT('',(-7.4,2.95,7.6));
#3340=CARTESIAN_POINT('',(-7.4,2.95,7.6));
#3341=VECTOR('',#3342,1.);
#3342=DIRECTION('',(2.24855296126614E-016,-1.,-2.24855296126614E-016));
#3343=CARTESIAN_POINT('',(-7.4,-2.65,1.8));
#3344=CARTESIAN_POINT('',(-7.4,-2.65,1.8));
#3345=VECTOR('',#3346,1.);
#3346=DIRECTION('',(0.,0.,1.));
#3347=CARTESIAN_POINT('',(-7.4,2.95,1.8));
#3348=CARTESIAN_POINT('',(-7.4,2.95,1.8));
#3349=VECTOR('',#3350,1.);
#3350=DIRECTION('',(1.58603289232165E-016,-1.,0.));
#3351=CARTESIAN_POINT('',(-7.4,2.95,1.8));
#3352=VECTOR('',#3353,1.);
#3353=DIRECTION('',(0.,0.,1.));
#3354=CARTESIAN_POINT('',(-7.4,-2.65,1.8));
#3355=VECTOR('',#3356,1.);
#3356=DIRECTION('',(0.707106781186546,-0.707106781186548,0.));
#3357=CARTESIAN_POINT('',(-7.6,3.15,7.8));
#3358=VECTOR('',#3359,1.);
#3359=DIRECTION('',(0.577350269189628,-0.577350269189622,-0.577350269189628));
#3360=CARTESIAN_POINT('',(-5.88284271247462,2.95,7.6));
#3361=CARTESIAN_POINT('',(-5.88284271247462,2.95,7.6));
#3362=VECTOR('',#3363,1.);
#3363=DIRECTION('',(-1.,0.,0.));
#3364=CARTESIAN_POINT('',(-5.88284271247462,2.95,7.6));
#3365=VECTOR('',#3366,1.);
#3366=DIRECTION('',(0.281084637714816,0.678598344545852,0.678598344545843));
#3367=CARTESIAN_POINT('',(-5.5,3.15,7.5));
#3368=CARTESIAN_POINT('',(-5.5,3.15,7.5));
#3369=VECTOR('',#3370,1.);
#3370=DIRECTION('',(-0.707106781186548,0.,0.707106781186548));
#3371=CARTESIAN_POINT('',(-5.5,3.15,7.5));
#3372=VECTOR('',#3373,1.);
#3373=DIRECTION('',(0.,1.,0.));
#3374=CARTESIAN_POINT('',(5.5,3.15,7.5));
#3375=CARTESIAN_POINT('',(5.8,3.15,7.8));
#3376=VECTOR('',#3377,1.);
#3377=DIRECTION('',(-0.707106781186547,0.,-0.707106781186547));
#3378=CARTESIAN_POINT('',(5.5,3.15,7.5));
#3379=VECTOR('',#3380,1.);
#3380=DIRECTION('',(0.,1.,0.));
#3381=CARTESIAN_POINT('',(-5.5,3.15,6.8));
#3382=CARTESIAN_POINT('',(-5.5,3.15,6.8));
#3383=VECTOR('',#3384,1.);
#3384=DIRECTION('',(0.,0.,1.));
#3385=CARTESIAN_POINT('',(-5.5,3.15,6.8));
#3386=VECTOR('',#3387,1.);
#3387=DIRECTION('',(0.,1.,0.));
#3388=CARTESIAN_POINT('',(5.5,3.15,6.8));
#3389=CARTESIAN_POINT('',(5.5,3.15,6.8));
#3390=VECTOR('',#3391,1.);
#3391=DIRECTION('',(-1.,-4.03717463500057E-017,8.07434927000114E-017));
#3392=CARTESIAN_POINT('',(5.5,3.15,6.8));
#3393=VECTOR('',#3394,1.);
#3394=DIRECTION('',(0.,1.,0.));
#3395=CARTESIAN_POINT('',(5.5,3.15,7.5));
#3396=VECTOR('',#3397,1.);
#3397=DIRECTION('',(0.,0.,-1.));
#3398=CARTESIAN_POINT('',(7.4,2.95,7.6));
#3399=CARTESIAN_POINT('',(7.6,3.15,7.8));
#3400=VECTOR('',#3401,1.);
#3401=DIRECTION('',(-0.577350269189628,-0.577350269189625,-0.577350269189625));
#3402=CARTESIAN_POINT('',(7.4,-1.,7.6));
#3403=VECTOR('',#3404,1.);
#3404=DIRECTION('',(0.,1.,2.24855296126614E-016));
#3405=CARTESIAN_POINT('',(5.88284271247462,2.95,7.6));
#3406=CARTESIAN_POINT('',(5.8,3.15,7.8));
#3407=VECTOR('',#3408,1.);
#3408=DIRECTION('',(0.281084637714824,-0.678598344545849,-0.678598344545844));
#3409=CARTESIAN_POINT('',(7.4,2.95,7.6));
#3410=VECTOR('',#3411,1.);
#3411=DIRECTION('',(-1.,0.,0.));
#3412=CARTESIAN_POINT('',(7.4,2.95,1.8));
#3413=CARTESIAN_POINT('',(7.4,2.95,1.8));
#3414=VECTOR('',#3415,1.);
#3415=DIRECTION('',(0.,0.,1.));
#3416=CARTESIAN_POINT('',(7.4,-2.65,1.8));
#3417=CARTESIAN_POINT('',(7.4,-2.65,1.8));
#3418=VECTOR('',#3419,1.);
#3419=DIRECTION('',(0.,1.,0.));
#3420=CARTESIAN_POINT('',(7.4,-2.65,1.8));
#3421=VECTOR('',#3422,1.);
#3422=DIRECTION('',(0.,0.,1.));
#3423=CARTESIAN_POINT('',(7.1,-2.95,1.8));
#3424=VECTOR('',#3425,1.);
#3425=DIRECTION('',(0.707106781186547,0.707106781186548,0.));
#3426=CARTESIAN_POINT('',(7.4,2.95,1.8));
#3427=VECTOR('',#3428,1.);
#3428=DIRECTION('',(-1.,-3.00060276925718E-017,0.));
#3429=CARTESIAN_POINT('',(5.7,2.95,7.41715728752538));
#3430=CARTESIAN_POINT('',(5.88284271247462,2.95,7.6));
#3431=VECTOR('',#3432,1.);
#3432=DIRECTION('',(-0.707106781186549,0.,-0.707106781186546));
#3433=CARTESIAN_POINT('',(5.7,2.95,6.6));
#3434=CARTESIAN_POINT('',(5.7,2.95,7.41715728752538));
#3435=VECTOR('',#3436,1.);
#3436=DIRECTION('',(0.,0.,-1.));
#3437=CARTESIAN_POINT('',(-5.7,2.95,6.6));
#3438=CARTESIAN_POINT('',(5.7,2.95,6.6));
#3439=VECTOR('',#3440,1.);
#3440=DIRECTION('',(-1.,-3.89551938464967E-017,7.79103876929934E-017));
#3441=CARTESIAN_POINT('',(-5.7,2.95,7.41715728752538));
#3442=CARTESIAN_POINT('',(-5.7,2.95,6.6));
#3443=VECTOR('',#3444,1.);
#3444=DIRECTION('',(4.34764975242315E-015,0.,1.));
#3445=CARTESIAN_POINT('',(-5.7,2.95,7.41715728752538));
#3446=VECTOR('',#3447,1.);
#3447=DIRECTION('',(-0.707106781186549,0.,0.707106781186546));
#3448=CARTESIAN_POINT('',(-5.7,2.95,7.41715728752538));
#3449=VECTOR('',#3450,1.);
#3450=DIRECTION('',(0.67859834454585,0.678598344545846,0.281084637714816));
#3451=CARTESIAN_POINT('',(5.7,2.95,7.41715728752538));
#3452=VECTOR('',#3453,1.);
#3453=DIRECTION('',(-0.678598344545848,0.678598344545845,0.281084637714822));
#3454=CARTESIAN_POINT('',(-5.70000000000001,2.95,6.6));
#3455=VECTOR('',#3456,1.);
#3456=DIRECTION('',(0.577350269189635,0.577350269189622,0.57735026918962));
#3457=CARTESIAN_POINT('',(5.7,2.95,6.6));
#3458=VECTOR('',#3459,1.);
#3459=DIRECTION('',(-0.577350269189628,0.577350269189627,0.577350269189623));
ENDSEC;
END-ISO-10303-21;
