ISO-10303-21;
HEADER;
FILE_DESCRIPTION(('STEP AP214'),
    '1');
FILE_NAME('SL-105-TT-10',
    '2020-03-30T23:14:14',
    ('AF'),
    (''),
    'UNSPECIFIED',
    'UNSPECIFIED',
    '');
/*Based on Samtec Inc. SL, SDL series datasheet*/
FILE_SCHEMA(('AUTOMOTIVE_DESIGN { 1 0 10303 214 3 1 1}'));
ENDSEC;

DATA;
#1=SHAPE_REPRESENTATION('NONE',(#2,#58,#121,#147,#173,#199,#225,#251,#277,#303,#329),
#6);
#2=AXIS2_PLACEMENT_3D('',#3,#4,#5);
#3=CARTESIAN_POINT('',(0.,0.,0.));
#4=DIRECTION('',(0.,0.,1.));
#5=DIRECTION('',(1.,0.,0.));
#6=(GEOMETRIC_REPRESENTATION_CONTEXT(3)GLOBAL_UNCERTAINTY_ASSIGNED_CONTEXT((#8))
GLOBAL_UNIT_ASSIGNED_CONTEXT((#7,#9,#10))REPRESENTATION_CONTEXT('NONE','NONE'));
#7=(LENGTH_UNIT()NAMED_UNIT(*)SI_UNIT(.MILLI.,.METRE.));
#8=UNCERTAINTY_MEASURE_WITH_UNIT(LENGTH_MEASURE(1.E-005),#7,'NONE','NONE');
#9=(NAMED_UNIT(*)PLANE_ANGLE_UNIT()SI_UNIT($,.RADIAN.));
#10=(NAMED_UNIT(*)SI_UNIT($,.STERADIAN.)SOLID_ANGLE_UNIT());
#11=SHAPE_DEFINITION_REPRESENTATION(#12,#1);
#12=PRODUCT_DEFINITION_SHAPE('NONE','NONE',#13);
#13=PRODUCT_DEFINITION('','UNSPECIFIED',#14,#22);
#14=PRODUCT_DEFINITION_FORMATION_WITH_SPECIFIED_SOURCE('ANY','UNSPECIFIED',#15,.NOT_KNOWN.);
#15=PRODUCT('','SDL-105-TT-10','Based on Samtec Inc. SL, SDL series datasheet',(
#25));
#16=PERSON('UNSPECIFIED','AF','UNSPECIFIED',('UNSPECIFIED'),('UNSPECIFIED'),
('UNSPECIFIED'));
#17=ORGANIZATION('UNSPECIFIED','UNSPECIFIED','UNSPECIFIED');
#18=PERSON_AND_ORGANIZATION(#16,#17);
#19=PERSON_AND_ORGANIZATION_ROLE('design_owner');
#20=CC_DESIGN_PERSON_AND_ORGANIZATION_ASSIGNMENT(#18,#19,(#15));
#21=PRODUCT_RELATED_PRODUCT_CATEGORY('assembly','',(#15));
#22=DESIGN_CONTEXT('detailed design',#23,'design');
#23=APPLICATION_CONTEXT('configuration controlled 3d designs of mechanical parts and assemblies');
#24=APPLICATION_PROTOCOL_DEFINITION('international standard','automotive_design',
2011,#23);
#25=PRODUCT_CONTEXT('NONE',#23,'mechanical');
#26=CC_DESIGN_DATE_AND_TIME_ASSIGNMENT(#27,#31,(#13));
#27=DATE_AND_TIME(#28,#29);
#28=CALENDAR_DATE(0,1,1);
#29=LOCAL_TIME(0,0,0.,#30);
#30=COORDINATED_UNIVERSAL_TIME_OFFSET(0,0,.AHEAD.);
#31=DATE_TIME_ROLE('creation_date');
#32=CC_DESIGN_APPROVAL(#33,(#13));
#33=APPROVAL(#34,'UNSPECIFIED');
#34=APPROVAL_STATUS('not_yet_approved');
#35=APPROVAL_DATE_TIME(#36,#33);
#36=DATE_AND_TIME(#37,#38);
#37=CALENDAR_DATE(0,1,1);
#38=LOCAL_TIME(0,0,0.,#39);
#39=COORDINATED_UNIVERSAL_TIME_OFFSET(0,0,.AHEAD.);
#40=DERIVED_UNIT((#44,#41));
#41=DERIVED_UNIT_ELEMENT(#42,-1.);
#42=VOLUME_UNIT(#43);
#43=DIMENSIONAL_EXPONENTS(3.,0.,0.,0.,0.,0.,0.);
#44=(DERIVED_UNIT_ELEMENT($,-1.)NAMED_UNIT($)MASS_UNIT()SI_UNIT($,.GRAM.));
#45=MANIFOLD_SOLID_BREP('',#46);
#46=CLOSED_SHELL('',(#355,#364,#373,#382,#391,#400,#409,#418,#427,#436,#445,#454,
#463,#472,#481,#490,#499,#508,#517,#526,#535,#544,#553,#562,#571,#580,#589,#598,
#607,#616,#625,#634,#643,#652,#661,#670,#679,#688,#697,#706,#715,#724,#733,#742,
#751,#760,#769,#778,#787,#796,#805,#814,#823,#832,#841,#850,#859,#868,#877,#886,
#895,#904,#913,#922,#931,#940,#949,#958,#967,#976,#985,#994,#1003,#1012,#1021,#1030,
#1039,#1048,#1057,#1066,#1075,#1084));
#47=COLOUR_RGB($,0.156862745098039,0.156862745098039,0.156862745098039);
#48=FILL_AREA_STYLE_COLOUR($,#47);
#49=FILL_AREA_STYLE($,(#48));
#50=SURFACE_STYLE_FILL_AREA(#49);
#51=SURFACE_SIDE_STYLE('',(#50));
#52=SURFACE_STYLE_USAGE(.BOTH.,#51);
#53=PRESENTATION_STYLE_ASSIGNMENT((#52));
#54=MECHANICAL_DESIGN_GEOMETRIC_PRESENTATION_REPRESENTATION('NONE',(#55,#96,#363,
#372,#381,#390,#399,#408,#417,#426,#435,#444,#453,#462,#471,#480,#489,#498,#507,
#516,#525,#534,#543,#552,#561,#570,#579,#588,#597,#606,#615,#624,#633,#642,#651,
#660,#669,#678,#687,#696,#705,#714,#723,#732,#741,#750,#759,#768,#777,#786,#795,
#804,#813,#822,#831,#840,#849,#858,#867,#876,#885,#894,#903,#912,#921,#930,#939,
#948,#957,#966,#975,#984,#993,#1002,#1011,#1020,#1029,#1038,#1047,#1056,#1065,#1074,
#1083,#1092,#1101,#1110,#1119,#1128,#1137,#1146,#1155,#1164,#1173,#1182,#1191,#1200,
#1209,#1218,#1227,#1236,#1245,#1254,#1263,#1272),#6);
#55=STYLED_ITEM('',(#53),#45);
#56=ADVANCED_BREP_SHAPE_REPRESENTATION('NONE',(#45),#6);
#57=SHAPE_REPRESENTATION_RELATIONSHIP('','',#1,#56);
#58=AXIS2_PLACEMENT_3D('',#59,#60,#61);
#59=CARTESIAN_POINT('',(0.,0.,0.));
#60=DIRECTION('',(0.,0.,1.));
#61=DIRECTION('',(1.,0.,0.));
#62=SHAPE_REPRESENTATION('NONE',(#2),#6);
#63=SHAPE_DEFINITION_REPRESENTATION(#64,#62);
#64=PRODUCT_DEFINITION_SHAPE('NONE','NONE',#65);
#65=PRODUCT_DEFINITION('','UNSPECIFIED',#66,#69);
#66=PRODUCT_DEFINITION_FORMATION_WITH_SPECIFIED_SOURCE('ANY','UNSPECIFIED',#67,.NOT_KNOWN.);
#67=PRODUCT('','SxL-1xx-TT-10-pin','Based on Samtec Inc. SL, SDL series datasheet',
(#72));
#68=PRODUCT_RELATED_PRODUCT_CATEGORY('detail','',(#67));
#69=DESIGN_CONTEXT('detailed design',#70,'design');
#70=APPLICATION_CONTEXT('configuration controlled 3d designs of mechanical parts and assemblies');
#71=APPLICATION_PROTOCOL_DEFINITION('international standard','automotive_design',
2011,#70);
#72=PRODUCT_CONTEXT('NONE',#70,'mechanical');
#73=CC_DESIGN_DATE_AND_TIME_ASSIGNMENT(#74,#78,(#65));
#74=DATE_AND_TIME(#75,#76);
#75=CALENDAR_DATE(0,1,1);
#76=LOCAL_TIME(0,0,0.,#77);
#77=COORDINATED_UNIVERSAL_TIME_OFFSET(0,0,.AHEAD.);
#78=DATE_TIME_ROLE('creation_date');
#79=CC_DESIGN_APPROVAL(#80,(#65));
#80=APPROVAL(#81,'UNSPECIFIED');
#81=APPROVAL_STATUS('not_yet_approved');
#82=APPROVAL_DATE_TIME(#83,#80);
#83=DATE_AND_TIME(#84,#85);
#84=CALENDAR_DATE(0,1,1);
#85=LOCAL_TIME(0,0,0.,#86);
#86=COORDINATED_UNIVERSAL_TIME_OFFSET(0,0,.AHEAD.);
#87=MANIFOLD_SOLID_BREP('',#88);
#88=CLOSED_SHELL('',(#1093,#1102,#1111,#1120,#1129,#1138,#1147,#1156,#1165,#1174,
#1183,#1192,#1201,#1210,#1219,#1228,#1237,#1246,#1255,#1264));
#89=COLOUR_RGB($,0.827450980392157,0.831372549019608,0.835294117647059);
#90=FILL_AREA_STYLE_COLOUR($,#89);
#91=FILL_AREA_STYLE($,(#90));
#92=SURFACE_STYLE_FILL_AREA(#91);
#93=SURFACE_SIDE_STYLE('',(#92));
#94=SURFACE_STYLE_USAGE(.BOTH.,#93);
#95=PRESENTATION_STYLE_ASSIGNMENT((#94));
#96=STYLED_ITEM('',(#95),#87);
#97=ADVANCED_BREP_SHAPE_REPRESENTATION('NONE',(#87),#6);
#98=SHAPE_REPRESENTATION_RELATIONSHIP('','',#62,#97);
#99=ITEM_DEFINED_TRANSFORMATION('','',#2,#58);
#100=(REPRESENTATION_RELATIONSHIP('','',#62,#1)REPRESENTATION_RELATIONSHIP_WITH_TRANSFORMATION(
#99)SHAPE_REPRESENTATION_RELATIONSHIP());
#101=NEXT_ASSEMBLY_USAGE_OCCURRENCE('1','','',#13,#65,$);
#102=CC_DESIGN_SECURITY_CLASSIFICATION(#103,(#101));
#103=SECURITY_CLASSIFICATION('','',#104);
#104=SECURITY_CLASSIFICATION_LEVEL('unclassified');
#105=CC_DESIGN_DATE_AND_TIME_ASSIGNMENT(#106,#110,(#103));
#106=DATE_AND_TIME(#107,#108);
#107=CALENDAR_DATE(0,1,1);
#108=LOCAL_TIME(0,0,0.,#109);
#109=COORDINATED_UNIVERSAL_TIME_OFFSET(0,0,.AHEAD.);
#110=DATE_TIME_ROLE('classification_date');
#111=CC_DESIGN_APPROVAL(#112,(#103));
#112=APPROVAL(#113,'UNSPECIFIED');
#113=APPROVAL_STATUS('not_yet_approved');
#114=APPROVAL_DATE_TIME(#115,#112);
#115=DATE_AND_TIME(#116,#117);
#116=CALENDAR_DATE(0,1,1);
#117=LOCAL_TIME(0,0,0.,#118);
#118=COORDINATED_UNIVERSAL_TIME_OFFSET(0,0,.AHEAD.);
#119=PRODUCT_DEFINITION_SHAPE('NONE','NONE',#101);
#120=CONTEXT_DEPENDENT_SHAPE_REPRESENTATION(#100,#119);
#121=AXIS2_PLACEMENT_3D('',#122,#123,#124);
#122=CARTESIAN_POINT('',(1.55530143491714E-016,2.54,0.));
#123=DIRECTION('',(0.,0.,1.));
#124=DIRECTION('',(1.,0.,0.));
#125=ITEM_DEFINED_TRANSFORMATION('','',#2,#121);
#126=(REPRESENTATION_RELATIONSHIP('','',#62,#1)REPRESENTATION_RELATIONSHIP_WITH_TRANSFORMATION(
#125)SHAPE_REPRESENTATION_RELATIONSHIP());
#127=NEXT_ASSEMBLY_USAGE_OCCURRENCE('2','','',#13,#65,$);
#128=CC_DESIGN_SECURITY_CLASSIFICATION(#129,(#127));
#129=SECURITY_CLASSIFICATION('','',#130);
#130=SECURITY_CLASSIFICATION_LEVEL('unclassified');
#131=CC_DESIGN_DATE_AND_TIME_ASSIGNMENT(#132,#136,(#129));
#132=DATE_AND_TIME(#133,#134);
#133=CALENDAR_DATE(0,1,1);
#134=LOCAL_TIME(0,0,0.,#135);
#135=COORDINATED_UNIVERSAL_TIME_OFFSET(0,0,.AHEAD.);
#136=DATE_TIME_ROLE('classification_date');
#137=CC_DESIGN_APPROVAL(#138,(#129));
#138=APPROVAL(#139,'UNSPECIFIED');
#139=APPROVAL_STATUS('not_yet_approved');
#140=APPROVAL_DATE_TIME(#141,#138);
#141=DATE_AND_TIME(#142,#143);
#142=CALENDAR_DATE(0,1,1);
#143=LOCAL_TIME(0,0,0.,#144);
#144=COORDINATED_UNIVERSAL_TIME_OFFSET(0,0,.AHEAD.);
#145=PRODUCT_DEFINITION_SHAPE('NONE','NONE',#127);
#146=CONTEXT_DEPENDENT_SHAPE_REPRESENTATION(#126,#145);
#147=AXIS2_PLACEMENT_3D('',#148,#149,#150);
#148=CARTESIAN_POINT('',(2.54,0.,0.));
#149=DIRECTION('',(0.,0.,1.));
#150=DIRECTION('',(1.,0.,0.));
#151=ITEM_DEFINED_TRANSFORMATION('','',#2,#147);
#152=(REPRESENTATION_RELATIONSHIP('','',#62,#1)REPRESENTATION_RELATIONSHIP_WITH_TRANSFORMATION(
#151)SHAPE_REPRESENTATION_RELATIONSHIP());
#153=NEXT_ASSEMBLY_USAGE_OCCURRENCE('3','','',#13,#65,$);
#154=CC_DESIGN_SECURITY_CLASSIFICATION(#155,(#153));
#155=SECURITY_CLASSIFICATION('','',#156);
#156=SECURITY_CLASSIFICATION_LEVEL('unclassified');
#157=CC_DESIGN_DATE_AND_TIME_ASSIGNMENT(#158,#162,(#155));
#158=DATE_AND_TIME(#159,#160);
#159=CALENDAR_DATE(0,1,1);
#160=LOCAL_TIME(0,0,0.,#161);
#161=COORDINATED_UNIVERSAL_TIME_OFFSET(0,0,.AHEAD.);
#162=DATE_TIME_ROLE('classification_date');
#163=CC_DESIGN_APPROVAL(#164,(#155));
#164=APPROVAL(#165,'UNSPECIFIED');
#165=APPROVAL_STATUS('not_yet_approved');
#166=APPROVAL_DATE_TIME(#167,#164);
#167=DATE_AND_TIME(#168,#169);
#168=CALENDAR_DATE(0,1,1);
#169=LOCAL_TIME(0,0,0.,#170);
#170=COORDINATED_UNIVERSAL_TIME_OFFSET(0,0,.AHEAD.);
#171=PRODUCT_DEFINITION_SHAPE('NONE','NONE',#153);
#172=CONTEXT_DEPENDENT_SHAPE_REPRESENTATION(#152,#171);
#173=AXIS2_PLACEMENT_3D('',#174,#175,#176);
#174=CARTESIAN_POINT('',(2.54,2.54,0.));
#175=DIRECTION('',(0.,0.,1.));
#176=DIRECTION('',(1.,0.,0.));
#177=ITEM_DEFINED_TRANSFORMATION('','',#2,#173);
#178=(REPRESENTATION_RELATIONSHIP('','',#62,#1)REPRESENTATION_RELATIONSHIP_WITH_TRANSFORMATION(
#177)SHAPE_REPRESENTATION_RELATIONSHIP());
#179=NEXT_ASSEMBLY_USAGE_OCCURRENCE('4','','',#13,#65,$);
#180=CC_DESIGN_SECURITY_CLASSIFICATION(#181,(#179));
#181=SECURITY_CLASSIFICATION('','',#182);
#182=SECURITY_CLASSIFICATION_LEVEL('unclassified');
#183=CC_DESIGN_DATE_AND_TIME_ASSIGNMENT(#184,#188,(#181));
#184=DATE_AND_TIME(#185,#186);
#185=CALENDAR_DATE(0,1,1);
#186=LOCAL_TIME(0,0,0.,#187);
#187=COORDINATED_UNIVERSAL_TIME_OFFSET(0,0,.AHEAD.);
#188=DATE_TIME_ROLE('classification_date');
#189=CC_DESIGN_APPROVAL(#190,(#181));
#190=APPROVAL(#191,'UNSPECIFIED');
#191=APPROVAL_STATUS('not_yet_approved');
#192=APPROVAL_DATE_TIME(#193,#190);
#193=DATE_AND_TIME(#194,#195);
#194=CALENDAR_DATE(0,1,1);
#195=LOCAL_TIME(0,0,0.,#196);
#196=COORDINATED_UNIVERSAL_TIME_OFFSET(0,0,.AHEAD.);
#197=PRODUCT_DEFINITION_SHAPE('NONE','NONE',#179);
#198=CONTEXT_DEPENDENT_SHAPE_REPRESENTATION(#178,#197);
#199=AXIS2_PLACEMENT_3D('',#200,#201,#202);
#200=CARTESIAN_POINT('',(5.08,0.,0.));
#201=DIRECTION('',(0.,0.,1.));
#202=DIRECTION('',(1.,0.,0.));
#203=ITEM_DEFINED_TRANSFORMATION('','',#2,#199);
#204=(REPRESENTATION_RELATIONSHIP('','',#62,#1)REPRESENTATION_RELATIONSHIP_WITH_TRANSFORMATION(
#203)SHAPE_REPRESENTATION_RELATIONSHIP());
#205=NEXT_ASSEMBLY_USAGE_OCCURRENCE('5','','',#13,#65,$);
#206=CC_DESIGN_SECURITY_CLASSIFICATION(#207,(#205));
#207=SECURITY_CLASSIFICATION('','',#208);
#208=SECURITY_CLASSIFICATION_LEVEL('unclassified');
#209=CC_DESIGN_DATE_AND_TIME_ASSIGNMENT(#210,#214,(#207));
#210=DATE_AND_TIME(#211,#212);
#211=CALENDAR_DATE(0,1,1);
#212=LOCAL_TIME(0,0,0.,#213);
#213=COORDINATED_UNIVERSAL_TIME_OFFSET(0,0,.AHEAD.);
#214=DATE_TIME_ROLE('classification_date');
#215=CC_DESIGN_APPROVAL(#216,(#207));
#216=APPROVAL(#217,'UNSPECIFIED');
#217=APPROVAL_STATUS('not_yet_approved');
#218=APPROVAL_DATE_TIME(#219,#216);
#219=DATE_AND_TIME(#220,#221);
#220=CALENDAR_DATE(0,1,1);
#221=LOCAL_TIME(0,0,0.,#222);
#222=COORDINATED_UNIVERSAL_TIME_OFFSET(0,0,.AHEAD.);
#223=PRODUCT_DEFINITION_SHAPE('NONE','NONE',#205);
#224=CONTEXT_DEPENDENT_SHAPE_REPRESENTATION(#204,#223);
#225=AXIS2_PLACEMENT_3D('',#226,#227,#228);
#226=CARTESIAN_POINT('',(5.08,2.54,0.));
#227=DIRECTION('',(0.,0.,1.));
#228=DIRECTION('',(1.,0.,0.));
#229=ITEM_DEFINED_TRANSFORMATION('','',#2,#225);
#230=(REPRESENTATION_RELATIONSHIP('','',#62,#1)REPRESENTATION_RELATIONSHIP_WITH_TRANSFORMATION(
#229)SHAPE_REPRESENTATION_RELATIONSHIP());
#231=NEXT_ASSEMBLY_USAGE_OCCURRENCE('6','','',#13,#65,$);
#232=CC_DESIGN_SECURITY_CLASSIFICATION(#233,(#231));
#233=SECURITY_CLASSIFICATION('','',#234);
#234=SECURITY_CLASSIFICATION_LEVEL('unclassified');
#235=CC_DESIGN_DATE_AND_TIME_ASSIGNMENT(#236,#240,(#233));
#236=DATE_AND_TIME(#237,#238);
#237=CALENDAR_DATE(0,1,1);
#238=LOCAL_TIME(0,0,0.,#239);
#239=COORDINATED_UNIVERSAL_TIME_OFFSET(0,0,.AHEAD.);
#240=DATE_TIME_ROLE('classification_date');
#241=CC_DESIGN_APPROVAL(#242,(#233));
#242=APPROVAL(#243,'UNSPECIFIED');
#243=APPROVAL_STATUS('not_yet_approved');
#244=APPROVAL_DATE_TIME(#245,#242);
#245=DATE_AND_TIME(#246,#247);
#246=CALENDAR_DATE(0,1,1);
#247=LOCAL_TIME(0,0,0.,#248);
#248=COORDINATED_UNIVERSAL_TIME_OFFSET(0,0,.AHEAD.);
#249=PRODUCT_DEFINITION_SHAPE('NONE','NONE',#231);
#250=CONTEXT_DEPENDENT_SHAPE_REPRESENTATION(#230,#249);
#251=AXIS2_PLACEMENT_3D('',#252,#253,#254);
#252=CARTESIAN_POINT('',(7.62,0.,0.));
#253=DIRECTION('',(0.,0.,1.));
#254=DIRECTION('',(1.,0.,0.));
#255=ITEM_DEFINED_TRANSFORMATION('','',#2,#251);
#256=(REPRESENTATION_RELATIONSHIP('','',#62,#1)REPRESENTATION_RELATIONSHIP_WITH_TRANSFORMATION(
#255)SHAPE_REPRESENTATION_RELATIONSHIP());
#257=NEXT_ASSEMBLY_USAGE_OCCURRENCE('7','','',#13,#65,$);
#258=CC_DESIGN_SECURITY_CLASSIFICATION(#259,(#257));
#259=SECURITY_CLASSIFICATION('','',#260);
#260=SECURITY_CLASSIFICATION_LEVEL('unclassified');
#261=CC_DESIGN_DATE_AND_TIME_ASSIGNMENT(#262,#266,(#259));
#262=DATE_AND_TIME(#263,#264);
#263=CALENDAR_DATE(0,1,1);
#264=LOCAL_TIME(0,0,0.,#265);
#265=COORDINATED_UNIVERSAL_TIME_OFFSET(0,0,.AHEAD.);
#266=DATE_TIME_ROLE('classification_date');
#267=CC_DESIGN_APPROVAL(#268,(#259));
#268=APPROVAL(#269,'UNSPECIFIED');
#269=APPROVAL_STATUS('not_yet_approved');
#270=APPROVAL_DATE_TIME(#271,#268);
#271=DATE_AND_TIME(#272,#273);
#272=CALENDAR_DATE(0,1,1);
#273=LOCAL_TIME(0,0,0.,#274);
#274=COORDINATED_UNIVERSAL_TIME_OFFSET(0,0,.AHEAD.);
#275=PRODUCT_DEFINITION_SHAPE('NONE','NONE',#257);
#276=CONTEXT_DEPENDENT_SHAPE_REPRESENTATION(#256,#275);
#277=AXIS2_PLACEMENT_3D('',#278,#279,#280);
#278=CARTESIAN_POINT('',(7.62,2.54,0.));
#279=DIRECTION('',(0.,0.,1.));
#280=DIRECTION('',(1.,0.,0.));
#281=ITEM_DEFINED_TRANSFORMATION('','',#2,#277);
#282=(REPRESENTATION_RELATIONSHIP('','',#62,#1)REPRESENTATION_RELATIONSHIP_WITH_TRANSFORMATION(
#281)SHAPE_REPRESENTATION_RELATIONSHIP());
#283=NEXT_ASSEMBLY_USAGE_OCCURRENCE('8','','',#13,#65,$);
#284=CC_DESIGN_SECURITY_CLASSIFICATION(#285,(#283));
#285=SECURITY_CLASSIFICATION('','',#286);
#286=SECURITY_CLASSIFICATION_LEVEL('unclassified');
#287=CC_DESIGN_DATE_AND_TIME_ASSIGNMENT(#288,#292,(#285));
#288=DATE_AND_TIME(#289,#290);
#289=CALENDAR_DATE(0,1,1);
#290=LOCAL_TIME(0,0,0.,#291);
#291=COORDINATED_UNIVERSAL_TIME_OFFSET(0,0,.AHEAD.);
#292=DATE_TIME_ROLE('classification_date');
#293=CC_DESIGN_APPROVAL(#294,(#285));
#294=APPROVAL(#295,'UNSPECIFIED');
#295=APPROVAL_STATUS('not_yet_approved');
#296=APPROVAL_DATE_TIME(#297,#294);
#297=DATE_AND_TIME(#298,#299);
#298=CALENDAR_DATE(0,1,1);
#299=LOCAL_TIME(0,0,0.,#300);
#300=COORDINATED_UNIVERSAL_TIME_OFFSET(0,0,.AHEAD.);
#301=PRODUCT_DEFINITION_SHAPE('NONE','NONE',#283);
#302=CONTEXT_DEPENDENT_SHAPE_REPRESENTATION(#282,#301);
#303=AXIS2_PLACEMENT_3D('',#304,#305,#306);
#304=CARTESIAN_POINT('',(10.16,0.,0.));
#305=DIRECTION('',(0.,0.,1.));
#306=DIRECTION('',(1.,0.,0.));
#307=ITEM_DEFINED_TRANSFORMATION('','',#2,#303);
#308=(REPRESENTATION_RELATIONSHIP('','',#62,#1)REPRESENTATION_RELATIONSHIP_WITH_TRANSFORMATION(
#307)SHAPE_REPRESENTATION_RELATIONSHIP());
#309=NEXT_ASSEMBLY_USAGE_OCCURRENCE('9','','',#13,#65,$);
#310=CC_DESIGN_SECURITY_CLASSIFICATION(#311,(#309));
#311=SECURITY_CLASSIFICATION('','',#312);
#312=SECURITY_CLASSIFICATION_LEVEL('unclassified');
#313=CC_DESIGN_DATE_AND_TIME_ASSIGNMENT(#314,#318,(#311));
#314=DATE_AND_TIME(#315,#316);
#315=CALENDAR_DATE(0,1,1);
#316=LOCAL_TIME(0,0,0.,#317);
#317=COORDINATED_UNIVERSAL_TIME_OFFSET(0,0,.AHEAD.);
#318=DATE_TIME_ROLE('classification_date');
#319=CC_DESIGN_APPROVAL(#320,(#311));
#320=APPROVAL(#321,'UNSPECIFIED');
#321=APPROVAL_STATUS('not_yet_approved');
#322=APPROVAL_DATE_TIME(#323,#320);
#323=DATE_AND_TIME(#324,#325);
#324=CALENDAR_DATE(0,1,1);
#325=LOCAL_TIME(0,0,0.,#326);
#326=COORDINATED_UNIVERSAL_TIME_OFFSET(0,0,.AHEAD.);
#327=PRODUCT_DEFINITION_SHAPE('NONE','NONE',#309);
#328=CONTEXT_DEPENDENT_SHAPE_REPRESENTATION(#308,#327);
#329=AXIS2_PLACEMENT_3D('',#330,#331,#332);
#330=CARTESIAN_POINT('',(10.16,2.54,0.));
#331=DIRECTION('',(0.,0.,1.));
#332=DIRECTION('',(1.,0.,0.));
#333=ITEM_DEFINED_TRANSFORMATION('','',#2,#329);
#334=(REPRESENTATION_RELATIONSHIP('','',#62,#1)REPRESENTATION_RELATIONSHIP_WITH_TRANSFORMATION(
#333)SHAPE_REPRESENTATION_RELATIONSHIP());
#335=NEXT_ASSEMBLY_USAGE_OCCURRENCE('10','','',#13,#65,$);
#336=CC_DESIGN_SECURITY_CLASSIFICATION(#337,(#335));
#337=SECURITY_CLASSIFICATION('','',#338);
#338=SECURITY_CLASSIFICATION_LEVEL('unclassified');
#339=CC_DESIGN_DATE_AND_TIME_ASSIGNMENT(#340,#344,(#337));
#340=DATE_AND_TIME(#341,#342);
#341=CALENDAR_DATE(0,1,1);
#342=LOCAL_TIME(0,0,0.,#343);
#343=COORDINATED_UNIVERSAL_TIME_OFFSET(0,0,.AHEAD.);
#344=DATE_TIME_ROLE('classification_date');
#345=CC_DESIGN_APPROVAL(#346,(#337));
#346=APPROVAL(#347,'UNSPECIFIED');
#347=APPROVAL_STATUS('not_yet_approved');
#348=APPROVAL_DATE_TIME(#349,#346);
#349=DATE_AND_TIME(#350,#351);
#350=CALENDAR_DATE(0,1,1);
#351=LOCAL_TIME(0,0,0.,#352);
#352=COORDINATED_UNIVERSAL_TIME_OFFSET(0,0,.AHEAD.);
#353=PRODUCT_DEFINITION_SHAPE('NONE','NONE',#335);
#354=CONTEXT_DEPENDENT_SHAPE_REPRESENTATION(#334,#353);
#355=ADVANCED_FACE('',(#1273),#1275,.F.);
#356=COLOUR_RGB($,0.156862745098039,0.156862745098039,0.156862745098039);
#357=FILL_AREA_STYLE_COLOUR($,#356);
#358=FILL_AREA_STYLE($,(#357));
#359=SURFACE_STYLE_FILL_AREA(#358);
#360=SURFACE_SIDE_STYLE('',(#359));
#361=SURFACE_STYLE_USAGE(.BOTH.,#360);
#362=PRESENTATION_STYLE_ASSIGNMENT((#361));
#363=STYLED_ITEM('',(#362),#355);
#364=ADVANCED_FACE('',(#1280),#1282,.F.);
#365=COLOUR_RGB($,0.156862745098039,0.156862745098039,0.156862745098039);
#366=FILL_AREA_STYLE_COLOUR($,#365);
#367=FILL_AREA_STYLE($,(#366));
#368=SURFACE_STYLE_FILL_AREA(#367);
#369=SURFACE_SIDE_STYLE('',(#368));
#370=SURFACE_STYLE_USAGE(.BOTH.,#369);
#371=PRESENTATION_STYLE_ASSIGNMENT((#370));
#372=STYLED_ITEM('',(#371),#364);
#373=ADVANCED_FACE('',(#1287),#1289,.T.);
#374=COLOUR_RGB($,0.156862745098039,0.156862745098039,0.156862745098039);
#375=FILL_AREA_STYLE_COLOUR($,#374);
#376=FILL_AREA_STYLE($,(#375));
#377=SURFACE_STYLE_FILL_AREA(#376);
#378=SURFACE_SIDE_STYLE('',(#377));
#379=SURFACE_STYLE_USAGE(.BOTH.,#378);
#380=PRESENTATION_STYLE_ASSIGNMENT((#379));
#381=STYLED_ITEM('',(#380),#373);
#382=ADVANCED_FACE('',(#1294),#1296,.T.);
#383=COLOUR_RGB($,0.156862745098039,0.156862745098039,0.156862745098039);
#384=FILL_AREA_STYLE_COLOUR($,#383);
#385=FILL_AREA_STYLE($,(#384));
#386=SURFACE_STYLE_FILL_AREA(#385);
#387=SURFACE_SIDE_STYLE('',(#386));
#388=SURFACE_STYLE_USAGE(.BOTH.,#387);
#389=PRESENTATION_STYLE_ASSIGNMENT((#388));
#390=STYLED_ITEM('',(#389),#382);
#391=ADVANCED_FACE('',(#1301,#1303,#1305,#1307,#1309,#1311,#1313,#1315,#1317,#1319,
#1321,#1323,#1325,#1327,#1329),#1331,.F.);
#392=COLOUR_RGB($,0.156862745098039,0.156862745098039,0.156862745098039);
#393=FILL_AREA_STYLE_COLOUR($,#392);
#394=FILL_AREA_STYLE($,(#393));
#395=SURFACE_STYLE_FILL_AREA(#394);
#396=SURFACE_SIDE_STYLE('',(#395));
#397=SURFACE_STYLE_USAGE(.BOTH.,#396);
#398=PRESENTATION_STYLE_ASSIGNMENT((#397));
#399=STYLED_ITEM('',(#398),#391);
#400=ADVANCED_FACE('',(#1336,#1338,#1340,#1342,#1344,#1346,#1348,#1350,#1352,#1354,
#1356,#1358,#1360,#1362,#1364),#1366,.T.);
#401=COLOUR_RGB($,0.156862745098039,0.156862745098039,0.156862745098039);
#402=FILL_AREA_STYLE_COLOUR($,#401);
#403=FILL_AREA_STYLE($,(#402));
#404=SURFACE_STYLE_FILL_AREA(#403);
#405=SURFACE_SIDE_STYLE('',(#404));
#406=SURFACE_STYLE_USAGE(.BOTH.,#405);
#407=PRESENTATION_STYLE_ASSIGNMENT((#406));
#408=STYLED_ITEM('',(#407),#400);
#409=ADVANCED_FACE('',(#1371),#1373,.F.);
#410=COLOUR_RGB($,0.156862745098039,0.156862745098039,0.156862745098039);
#411=FILL_AREA_STYLE_COLOUR($,#410);
#412=FILL_AREA_STYLE($,(#411));
#413=SURFACE_STYLE_FILL_AREA(#412);
#414=SURFACE_SIDE_STYLE('',(#413));
#415=SURFACE_STYLE_USAGE(.BOTH.,#414);
#416=PRESENTATION_STYLE_ASSIGNMENT((#415));
#417=STYLED_ITEM('',(#416),#409);
#418=ADVANCED_FACE('',(#1378),#1380,.F.);
#419=COLOUR_RGB($,0.156862745098039,0.156862745098039,0.156862745098039);
#420=FILL_AREA_STYLE_COLOUR($,#419);
#421=FILL_AREA_STYLE($,(#420));
#422=SURFACE_STYLE_FILL_AREA(#421);
#423=SURFACE_SIDE_STYLE('',(#422));
#424=SURFACE_STYLE_USAGE(.BOTH.,#423);
#425=PRESENTATION_STYLE_ASSIGNMENT((#424));
#426=STYLED_ITEM('',(#425),#418);
#427=ADVANCED_FACE('',(#1385),#1387,.F.);
#428=COLOUR_RGB($,0.156862745098039,0.156862745098039,0.156862745098039);
#429=FILL_AREA_STYLE_COLOUR($,#428);
#430=FILL_AREA_STYLE($,(#429));
#431=SURFACE_STYLE_FILL_AREA(#430);
#432=SURFACE_SIDE_STYLE('',(#431));
#433=SURFACE_STYLE_USAGE(.BOTH.,#432);
#434=PRESENTATION_STYLE_ASSIGNMENT((#433));
#435=STYLED_ITEM('',(#434),#427);
#436=ADVANCED_FACE('',(#1392),#1394,.F.);
#437=COLOUR_RGB($,0.156862745098039,0.156862745098039,0.156862745098039);
#438=FILL_AREA_STYLE_COLOUR($,#437);
#439=FILL_AREA_STYLE($,(#438));
#440=SURFACE_STYLE_FILL_AREA(#439);
#441=SURFACE_SIDE_STYLE('',(#440));
#442=SURFACE_STYLE_USAGE(.BOTH.,#441);
#443=PRESENTATION_STYLE_ASSIGNMENT((#442));
#444=STYLED_ITEM('',(#443),#436);
#445=ADVANCED_FACE('',(#1399),#1401,.F.);
#446=COLOUR_RGB($,0.156862745098039,0.156862745098039,0.156862745098039);
#447=FILL_AREA_STYLE_COLOUR($,#446);
#448=FILL_AREA_STYLE($,(#447));
#449=SURFACE_STYLE_FILL_AREA(#448);
#450=SURFACE_SIDE_STYLE('',(#449));
#451=SURFACE_STYLE_USAGE(.BOTH.,#450);
#452=PRESENTATION_STYLE_ASSIGNMENT((#451));
#453=STYLED_ITEM('',(#452),#445);
#454=ADVANCED_FACE('',(#1406),#1408,.F.);
#455=COLOUR_RGB($,0.156862745098039,0.156862745098039,0.156862745098039);
#456=FILL_AREA_STYLE_COLOUR($,#455);
#457=FILL_AREA_STYLE($,(#456));
#458=SURFACE_STYLE_FILL_AREA(#457);
#459=SURFACE_SIDE_STYLE('',(#458));
#460=SURFACE_STYLE_USAGE(.BOTH.,#459);
#461=PRESENTATION_STYLE_ASSIGNMENT((#460));
#462=STYLED_ITEM('',(#461),#454);
#463=ADVANCED_FACE('',(#1413),#1415,.F.);
#464=COLOUR_RGB($,0.156862745098039,0.156862745098039,0.156862745098039);
#465=FILL_AREA_STYLE_COLOUR($,#464);
#466=FILL_AREA_STYLE($,(#465));
#467=SURFACE_STYLE_FILL_AREA(#466);
#468=SURFACE_SIDE_STYLE('',(#467));
#469=SURFACE_STYLE_USAGE(.BOTH.,#468);
#470=PRESENTATION_STYLE_ASSIGNMENT((#469));
#471=STYLED_ITEM('',(#470),#463);
#472=ADVANCED_FACE('',(#1420),#1422,.F.);
#473=COLOUR_RGB($,0.156862745098039,0.156862745098039,0.156862745098039);
#474=FILL_AREA_STYLE_COLOUR($,#473);
#475=FILL_AREA_STYLE($,(#474));
#476=SURFACE_STYLE_FILL_AREA(#475);
#477=SURFACE_SIDE_STYLE('',(#476));
#478=SURFACE_STYLE_USAGE(.BOTH.,#477);
#479=PRESENTATION_STYLE_ASSIGNMENT((#478));
#480=STYLED_ITEM('',(#479),#472);
#481=ADVANCED_FACE('',(#1427),#1429,.T.);
#482=COLOUR_RGB($,0.156862745098039,0.156862745098039,0.156862745098039);
#483=FILL_AREA_STYLE_COLOUR($,#482);
#484=FILL_AREA_STYLE($,(#483));
#485=SURFACE_STYLE_FILL_AREA(#484);
#486=SURFACE_SIDE_STYLE('',(#485));
#487=SURFACE_STYLE_USAGE(.BOTH.,#486);
#488=PRESENTATION_STYLE_ASSIGNMENT((#487));
#489=STYLED_ITEM('',(#488),#481);
#490=ADVANCED_FACE('',(#1434),#1436,.F.);
#491=COLOUR_RGB($,0.156862745098039,0.156862745098039,0.156862745098039);
#492=FILL_AREA_STYLE_COLOUR($,#491);
#493=FILL_AREA_STYLE($,(#492));
#494=SURFACE_STYLE_FILL_AREA(#493);
#495=SURFACE_SIDE_STYLE('',(#494));
#496=SURFACE_STYLE_USAGE(.BOTH.,#495);
#497=PRESENTATION_STYLE_ASSIGNMENT((#496));
#498=STYLED_ITEM('',(#497),#490);
#499=ADVANCED_FACE('',(#1441),#1443,.F.);
#500=COLOUR_RGB($,0.156862745098039,0.156862745098039,0.156862745098039);
#501=FILL_AREA_STYLE_COLOUR($,#500);
#502=FILL_AREA_STYLE($,(#501));
#503=SURFACE_STYLE_FILL_AREA(#502);
#504=SURFACE_SIDE_STYLE('',(#503));
#505=SURFACE_STYLE_USAGE(.BOTH.,#504);
#506=PRESENTATION_STYLE_ASSIGNMENT((#505));
#507=STYLED_ITEM('',(#506),#499);
#508=ADVANCED_FACE('',(#1448),#1450,.T.);
#509=COLOUR_RGB($,0.156862745098039,0.156862745098039,0.156862745098039);
#510=FILL_AREA_STYLE_COLOUR($,#509);
#511=FILL_AREA_STYLE($,(#510));
#512=SURFACE_STYLE_FILL_AREA(#511);
#513=SURFACE_SIDE_STYLE('',(#512));
#514=SURFACE_STYLE_USAGE(.BOTH.,#513);
#515=PRESENTATION_STYLE_ASSIGNMENT((#514));
#516=STYLED_ITEM('',(#515),#508);
#517=ADVANCED_FACE('',(#1455),#1457,.F.);
#518=COLOUR_RGB($,0.156862745098039,0.156862745098039,0.156862745098039);
#519=FILL_AREA_STYLE_COLOUR($,#518);
#520=FILL_AREA_STYLE($,(#519));
#521=SURFACE_STYLE_FILL_AREA(#520);
#522=SURFACE_SIDE_STYLE('',(#521));
#523=SURFACE_STYLE_USAGE(.BOTH.,#522);
#524=PRESENTATION_STYLE_ASSIGNMENT((#523));
#525=STYLED_ITEM('',(#524),#517);
#526=ADVANCED_FACE('',(#1462),#1464,.F.);
#527=COLOUR_RGB($,0.156862745098039,0.156862745098039,0.156862745098039);
#528=FILL_AREA_STYLE_COLOUR($,#527);
#529=FILL_AREA_STYLE($,(#528));
#530=SURFACE_STYLE_FILL_AREA(#529);
#531=SURFACE_SIDE_STYLE('',(#530));
#532=SURFACE_STYLE_USAGE(.BOTH.,#531);
#533=PRESENTATION_STYLE_ASSIGNMENT((#532));
#534=STYLED_ITEM('',(#533),#526);
#535=ADVANCED_FACE('',(#1469),#1471,.F.);
#536=COLOUR_RGB($,0.156862745098039,0.156862745098039,0.156862745098039);
#537=FILL_AREA_STYLE_COLOUR($,#536);
#538=FILL_AREA_STYLE($,(#537));
#539=SURFACE_STYLE_FILL_AREA(#538);
#540=SURFACE_SIDE_STYLE('',(#539));
#541=SURFACE_STYLE_USAGE(.BOTH.,#540);
#542=PRESENTATION_STYLE_ASSIGNMENT((#541));
#543=STYLED_ITEM('',(#542),#535);
#544=ADVANCED_FACE('',(#1476),#1478,.T.);
#545=COLOUR_RGB($,0.156862745098039,0.156862745098039,0.156862745098039);
#546=FILL_AREA_STYLE_COLOUR($,#545);
#547=FILL_AREA_STYLE($,(#546));
#548=SURFACE_STYLE_FILL_AREA(#547);
#549=SURFACE_SIDE_STYLE('',(#548));
#550=SURFACE_STYLE_USAGE(.BOTH.,#549);
#551=PRESENTATION_STYLE_ASSIGNMENT((#550));
#552=STYLED_ITEM('',(#551),#544);
#553=ADVANCED_FACE('',(#1483),#1485,.F.);
#554=COLOUR_RGB($,0.156862745098039,0.156862745098039,0.156862745098039);
#555=FILL_AREA_STYLE_COLOUR($,#554);
#556=FILL_AREA_STYLE($,(#555));
#557=SURFACE_STYLE_FILL_AREA(#556);
#558=SURFACE_SIDE_STYLE('',(#557));
#559=SURFACE_STYLE_USAGE(.BOTH.,#558);
#560=PRESENTATION_STYLE_ASSIGNMENT((#559));
#561=STYLED_ITEM('',(#560),#553);
#562=ADVANCED_FACE('',(#1490),#1492,.F.);
#563=COLOUR_RGB($,0.156862745098039,0.156862745098039,0.156862745098039);
#564=FILL_AREA_STYLE_COLOUR($,#563);
#565=FILL_AREA_STYLE($,(#564));
#566=SURFACE_STYLE_FILL_AREA(#565);
#567=SURFACE_SIDE_STYLE('',(#566));
#568=SURFACE_STYLE_USAGE(.BOTH.,#567);
#569=PRESENTATION_STYLE_ASSIGNMENT((#568));
#570=STYLED_ITEM('',(#569),#562);
#571=ADVANCED_FACE('',(#1497),#1499,.F.);
#572=COLOUR_RGB($,0.156862745098039,0.156862745098039,0.156862745098039);
#573=FILL_AREA_STYLE_COLOUR($,#572);
#574=FILL_AREA_STYLE($,(#573));
#575=SURFACE_STYLE_FILL_AREA(#574);
#576=SURFACE_SIDE_STYLE('',(#575));
#577=SURFACE_STYLE_USAGE(.BOTH.,#576);
#578=PRESENTATION_STYLE_ASSIGNMENT((#577));
#579=STYLED_ITEM('',(#578),#571);
#580=ADVANCED_FACE('',(#1504),#1506,.T.);
#581=COLOUR_RGB($,0.156862745098039,0.156862745098039,0.156862745098039);
#582=FILL_AREA_STYLE_COLOUR($,#581);
#583=FILL_AREA_STYLE($,(#582));
#584=SURFACE_STYLE_FILL_AREA(#583);
#585=SURFACE_SIDE_STYLE('',(#584));
#586=SURFACE_STYLE_USAGE(.BOTH.,#585);
#587=PRESENTATION_STYLE_ASSIGNMENT((#586));
#588=STYLED_ITEM('',(#587),#580);
#589=ADVANCED_FACE('',(#1511),#1513,.T.);
#590=COLOUR_RGB($,0.156862745098039,0.156862745098039,0.156862745098039);
#591=FILL_AREA_STYLE_COLOUR($,#590);
#592=FILL_AREA_STYLE($,(#591));
#593=SURFACE_STYLE_FILL_AREA(#592);
#594=SURFACE_SIDE_STYLE('',(#593));
#595=SURFACE_STYLE_USAGE(.BOTH.,#594);
#596=PRESENTATION_STYLE_ASSIGNMENT((#595));
#597=STYLED_ITEM('',(#596),#589);
#598=ADVANCED_FACE('',(#1518),#1520,.T.);
#599=COLOUR_RGB($,0.156862745098039,0.156862745098039,0.156862745098039);
#600=FILL_AREA_STYLE_COLOUR($,#599);
#601=FILL_AREA_STYLE($,(#600));
#602=SURFACE_STYLE_FILL_AREA(#601);
#603=SURFACE_SIDE_STYLE('',(#602));
#604=SURFACE_STYLE_USAGE(.BOTH.,#603);
#605=PRESENTATION_STYLE_ASSIGNMENT((#604));
#606=STYLED_ITEM('',(#605),#598);
#607=ADVANCED_FACE('',(#1525),#1527,.T.);
#608=COLOUR_RGB($,0.156862745098039,0.156862745098039,0.156862745098039);
#609=FILL_AREA_STYLE_COLOUR($,#608);
#610=FILL_AREA_STYLE($,(#609));
#611=SURFACE_STYLE_FILL_AREA(#610);
#612=SURFACE_SIDE_STYLE('',(#611));
#613=SURFACE_STYLE_USAGE(.BOTH.,#612);
#614=PRESENTATION_STYLE_ASSIGNMENT((#613));
#615=STYLED_ITEM('',(#614),#607);
#616=ADVANCED_FACE('',(#1532),#1534,.T.);
#617=COLOUR_RGB($,0.156862745098039,0.156862745098039,0.156862745098039);
#618=FILL_AREA_STYLE_COLOUR($,#617);
#619=FILL_AREA_STYLE($,(#618));
#620=SURFACE_STYLE_FILL_AREA(#619);
#621=SURFACE_SIDE_STYLE('',(#620));
#622=SURFACE_STYLE_USAGE(.BOTH.,#621);
#623=PRESENTATION_STYLE_ASSIGNMENT((#622));
#624=STYLED_ITEM('',(#623),#616);
#625=ADVANCED_FACE('',(#1539),#1541,.T.);
#626=COLOUR_RGB($,0.156862745098039,0.156862745098039,0.156862745098039);
#627=FILL_AREA_STYLE_COLOUR($,#626);
#628=FILL_AREA_STYLE($,(#627));
#629=SURFACE_STYLE_FILL_AREA(#628);
#630=SURFACE_SIDE_STYLE('',(#629));
#631=SURFACE_STYLE_USAGE(.BOTH.,#630);
#632=PRESENTATION_STYLE_ASSIGNMENT((#631));
#633=STYLED_ITEM('',(#632),#625);
#634=ADVANCED_FACE('',(#1546),#1548,.T.);
#635=COLOUR_RGB($,0.156862745098039,0.156862745098039,0.156862745098039);
#636=FILL_AREA_STYLE_COLOUR($,#635);
#637=FILL_AREA_STYLE($,(#636));
#638=SURFACE_STYLE_FILL_AREA(#637);
#639=SURFACE_SIDE_STYLE('',(#638));
#640=SURFACE_STYLE_USAGE(.BOTH.,#639);
#641=PRESENTATION_STYLE_ASSIGNMENT((#640));
#642=STYLED_ITEM('',(#641),#634);
#643=ADVANCED_FACE('',(#1553),#1555,.T.);
#644=COLOUR_RGB($,0.156862745098039,0.156862745098039,0.156862745098039);
#645=FILL_AREA_STYLE_COLOUR($,#644);
#646=FILL_AREA_STYLE($,(#645));
#647=SURFACE_STYLE_FILL_AREA(#646);
#648=SURFACE_SIDE_STYLE('',(#647));
#649=SURFACE_STYLE_USAGE(.BOTH.,#648);
#650=PRESENTATION_STYLE_ASSIGNMENT((#649));
#651=STYLED_ITEM('',(#650),#643);
#652=ADVANCED_FACE('',(#1560),#1562,.F.);
#653=COLOUR_RGB($,0.156862745098039,0.156862745098039,0.156862745098039);
#654=FILL_AREA_STYLE_COLOUR($,#653);
#655=FILL_AREA_STYLE($,(#654));
#656=SURFACE_STYLE_FILL_AREA(#655);
#657=SURFACE_SIDE_STYLE('',(#656));
#658=SURFACE_STYLE_USAGE(.BOTH.,#657);
#659=PRESENTATION_STYLE_ASSIGNMENT((#658));
#660=STYLED_ITEM('',(#659),#652);
#661=ADVANCED_FACE('',(#1567),#1569,.F.);
#662=COLOUR_RGB($,0.156862745098039,0.156862745098039,0.156862745098039);
#663=FILL_AREA_STYLE_COLOUR($,#662);
#664=FILL_AREA_STYLE($,(#663));
#665=SURFACE_STYLE_FILL_AREA(#664);
#666=SURFACE_SIDE_STYLE('',(#665));
#667=SURFACE_STYLE_USAGE(.BOTH.,#666);
#668=PRESENTATION_STYLE_ASSIGNMENT((#667));
#669=STYLED_ITEM('',(#668),#661);
#670=ADVANCED_FACE('',(#1574),#1576,.F.);
#671=COLOUR_RGB($,0.156862745098039,0.156862745098039,0.156862745098039);
#672=FILL_AREA_STYLE_COLOUR($,#671);
#673=FILL_AREA_STYLE($,(#672));
#674=SURFACE_STYLE_FILL_AREA(#673);
#675=SURFACE_SIDE_STYLE('',(#674));
#676=SURFACE_STYLE_USAGE(.BOTH.,#675);
#677=PRESENTATION_STYLE_ASSIGNMENT((#676));
#678=STYLED_ITEM('',(#677),#670);
#679=ADVANCED_FACE('',(#1581),#1583,.T.);
#680=COLOUR_RGB($,0.156862745098039,0.156862745098039,0.156862745098039);
#681=FILL_AREA_STYLE_COLOUR($,#680);
#682=FILL_AREA_STYLE($,(#681));
#683=SURFACE_STYLE_FILL_AREA(#682);
#684=SURFACE_SIDE_STYLE('',(#683));
#685=SURFACE_STYLE_USAGE(.BOTH.,#684);
#686=PRESENTATION_STYLE_ASSIGNMENT((#685));
#687=STYLED_ITEM('',(#686),#679);
#688=ADVANCED_FACE('',(#1588),#1590,.F.);
#689=COLOUR_RGB($,0.156862745098039,0.156862745098039,0.156862745098039);
#690=FILL_AREA_STYLE_COLOUR($,#689);
#691=FILL_AREA_STYLE($,(#690));
#692=SURFACE_STYLE_FILL_AREA(#691);
#693=SURFACE_SIDE_STYLE('',(#692));
#694=SURFACE_STYLE_USAGE(.BOTH.,#693);
#695=PRESENTATION_STYLE_ASSIGNMENT((#694));
#696=STYLED_ITEM('',(#695),#688);
#697=ADVANCED_FACE('',(#1595),#1597,.F.);
#698=COLOUR_RGB($,0.156862745098039,0.156862745098039,0.156862745098039);
#699=FILL_AREA_STYLE_COLOUR($,#698);
#700=FILL_AREA_STYLE($,(#699));
#701=SURFACE_STYLE_FILL_AREA(#700);
#702=SURFACE_SIDE_STYLE('',(#701));
#703=SURFACE_STYLE_USAGE(.BOTH.,#702);
#704=PRESENTATION_STYLE_ASSIGNMENT((#703));
#705=STYLED_ITEM('',(#704),#697);
#706=ADVANCED_FACE('',(#1602),#1604,.F.);
#707=COLOUR_RGB($,0.156862745098039,0.156862745098039,0.156862745098039);
#708=FILL_AREA_STYLE_COLOUR($,#707);
#709=FILL_AREA_STYLE($,(#708));
#710=SURFACE_STYLE_FILL_AREA(#709);
#711=SURFACE_SIDE_STYLE('',(#710));
#712=SURFACE_STYLE_USAGE(.BOTH.,#711);
#713=PRESENTATION_STYLE_ASSIGNMENT((#712));
#714=STYLED_ITEM('',(#713),#706);
#715=ADVANCED_FACE('',(#1609),#1611,.T.);
#716=COLOUR_RGB($,0.156862745098039,0.156862745098039,0.156862745098039);
#717=FILL_AREA_STYLE_COLOUR($,#716);
#718=FILL_AREA_STYLE($,(#717));
#719=SURFACE_STYLE_FILL_AREA(#718);
#720=SURFACE_SIDE_STYLE('',(#719));
#721=SURFACE_STYLE_USAGE(.BOTH.,#720);
#722=PRESENTATION_STYLE_ASSIGNMENT((#721));
#723=STYLED_ITEM('',(#722),#715);
#724=ADVANCED_FACE('',(#1616),#1618,.F.);
#725=COLOUR_RGB($,0.156862745098039,0.156862745098039,0.156862745098039);
#726=FILL_AREA_STYLE_COLOUR($,#725);
#727=FILL_AREA_STYLE($,(#726));
#728=SURFACE_STYLE_FILL_AREA(#727);
#729=SURFACE_SIDE_STYLE('',(#728));
#730=SURFACE_STYLE_USAGE(.BOTH.,#729);
#731=PRESENTATION_STYLE_ASSIGNMENT((#730));
#732=STYLED_ITEM('',(#731),#724);
#733=ADVANCED_FACE('',(#1623),#1625,.F.);
#734=COLOUR_RGB($,0.156862745098039,0.156862745098039,0.156862745098039);
#735=FILL_AREA_STYLE_COLOUR($,#734);
#736=FILL_AREA_STYLE($,(#735));
#737=SURFACE_STYLE_FILL_AREA(#736);
#738=SURFACE_SIDE_STYLE('',(#737));
#739=SURFACE_STYLE_USAGE(.BOTH.,#738);
#740=PRESENTATION_STYLE_ASSIGNMENT((#739));
#741=STYLED_ITEM('',(#740),#733);
#742=ADVANCED_FACE('',(#1630),#1632,.F.);
#743=COLOUR_RGB($,0.156862745098039,0.156862745098039,0.156862745098039);
#744=FILL_AREA_STYLE_COLOUR($,#743);
#745=FILL_AREA_STYLE($,(#744));
#746=SURFACE_STYLE_FILL_AREA(#745);
#747=SURFACE_SIDE_STYLE('',(#746));
#748=SURFACE_STYLE_USAGE(.BOTH.,#747);
#749=PRESENTATION_STYLE_ASSIGNMENT((#748));
#750=STYLED_ITEM('',(#749),#742);
#751=ADVANCED_FACE('',(#1637),#1639,.T.);
#752=COLOUR_RGB($,0.156862745098039,0.156862745098039,0.156862745098039);
#753=FILL_AREA_STYLE_COLOUR($,#752);
#754=FILL_AREA_STYLE($,(#753));
#755=SURFACE_STYLE_FILL_AREA(#754);
#756=SURFACE_SIDE_STYLE('',(#755));
#757=SURFACE_STYLE_USAGE(.BOTH.,#756);
#758=PRESENTATION_STYLE_ASSIGNMENT((#757));
#759=STYLED_ITEM('',(#758),#751);
#760=ADVANCED_FACE('',(#1644),#1646,.F.);
#761=COLOUR_RGB($,0.156862745098039,0.156862745098039,0.156862745098039);
#762=FILL_AREA_STYLE_COLOUR($,#761);
#763=FILL_AREA_STYLE($,(#762));
#764=SURFACE_STYLE_FILL_AREA(#763);
#765=SURFACE_SIDE_STYLE('',(#764));
#766=SURFACE_STYLE_USAGE(.BOTH.,#765);
#767=PRESENTATION_STYLE_ASSIGNMENT((#766));
#768=STYLED_ITEM('',(#767),#760);
#769=ADVANCED_FACE('',(#1651),#1653,.F.);
#770=COLOUR_RGB($,0.156862745098039,0.156862745098039,0.156862745098039);
#771=FILL_AREA_STYLE_COLOUR($,#770);
#772=FILL_AREA_STYLE($,(#771));
#773=SURFACE_STYLE_FILL_AREA(#772);
#774=SURFACE_SIDE_STYLE('',(#773));
#775=SURFACE_STYLE_USAGE(.BOTH.,#774);
#776=PRESENTATION_STYLE_ASSIGNMENT((#775));
#777=STYLED_ITEM('',(#776),#769);
#778=ADVANCED_FACE('',(#1658),#1660,.F.);
#779=COLOUR_RGB($,0.156862745098039,0.156862745098039,0.156862745098039);
#780=FILL_AREA_STYLE_COLOUR($,#779);
#781=FILL_AREA_STYLE($,(#780));
#782=SURFACE_STYLE_FILL_AREA(#781);
#783=SURFACE_SIDE_STYLE('',(#782));
#784=SURFACE_STYLE_USAGE(.BOTH.,#783);
#785=PRESENTATION_STYLE_ASSIGNMENT((#784));
#786=STYLED_ITEM('',(#785),#778);
#787=ADVANCED_FACE('',(#1665),#1667,.T.);
#788=COLOUR_RGB($,0.156862745098039,0.156862745098039,0.156862745098039);
#789=FILL_AREA_STYLE_COLOUR($,#788);
#790=FILL_AREA_STYLE($,(#789));
#791=SURFACE_STYLE_FILL_AREA(#790);
#792=SURFACE_SIDE_STYLE('',(#791));
#793=SURFACE_STYLE_USAGE(.BOTH.,#792);
#794=PRESENTATION_STYLE_ASSIGNMENT((#793));
#795=STYLED_ITEM('',(#794),#787);
#796=ADVANCED_FACE('',(#1672),#1674,.T.);
#797=COLOUR_RGB($,0.156862745098039,0.156862745098039,0.156862745098039);
#798=FILL_AREA_STYLE_COLOUR($,#797);
#799=FILL_AREA_STYLE($,(#798));
#800=SURFACE_STYLE_FILL_AREA(#799);
#801=SURFACE_SIDE_STYLE('',(#800));
#802=SURFACE_STYLE_USAGE(.BOTH.,#801);
#803=PRESENTATION_STYLE_ASSIGNMENT((#802));
#804=STYLED_ITEM('',(#803),#796);
#805=ADVANCED_FACE('',(#1679),#1681,.T.);
#806=COLOUR_RGB($,0.156862745098039,0.156862745098039,0.156862745098039);
#807=FILL_AREA_STYLE_COLOUR($,#806);
#808=FILL_AREA_STYLE($,(#807));
#809=SURFACE_STYLE_FILL_AREA(#808);
#810=SURFACE_SIDE_STYLE('',(#809));
#811=SURFACE_STYLE_USAGE(.BOTH.,#810);
#812=PRESENTATION_STYLE_ASSIGNMENT((#811));
#813=STYLED_ITEM('',(#812),#805);
#814=ADVANCED_FACE('',(#1686),#1688,.T.);
#815=COLOUR_RGB($,0.156862745098039,0.156862745098039,0.156862745098039);
#816=FILL_AREA_STYLE_COLOUR($,#815);
#817=FILL_AREA_STYLE($,(#816));
#818=SURFACE_STYLE_FILL_AREA(#817);
#819=SURFACE_SIDE_STYLE('',(#818));
#820=SURFACE_STYLE_USAGE(.BOTH.,#819);
#821=PRESENTATION_STYLE_ASSIGNMENT((#820));
#822=STYLED_ITEM('',(#821),#814);
#823=ADVANCED_FACE('',(#1693),#1695,.T.);
#824=COLOUR_RGB($,0.156862745098039,0.156862745098039,0.156862745098039);
#825=FILL_AREA_STYLE_COLOUR($,#824);
#826=FILL_AREA_STYLE($,(#825));
#827=SURFACE_STYLE_FILL_AREA(#826);
#828=SURFACE_SIDE_STYLE('',(#827));
#829=SURFACE_STYLE_USAGE(.BOTH.,#828);
#830=PRESENTATION_STYLE_ASSIGNMENT((#829));
#831=STYLED_ITEM('',(#830),#823);
#832=ADVANCED_FACE('',(#1700),#1702,.T.);
#833=COLOUR_RGB($,0.156862745098039,0.156862745098039,0.156862745098039);
#834=FILL_AREA_STYLE_COLOUR($,#833);
#835=FILL_AREA_STYLE($,(#834));
#836=SURFACE_STYLE_FILL_AREA(#835);
#837=SURFACE_SIDE_STYLE('',(#836));
#838=SURFACE_STYLE_USAGE(.BOTH.,#837);
#839=PRESENTATION_STYLE_ASSIGNMENT((#838));
#840=STYLED_ITEM('',(#839),#832);
#841=ADVANCED_FACE('',(#1707),#1709,.F.);
#842=COLOUR_RGB($,0.156862745098039,0.156862745098039,0.156862745098039);
#843=FILL_AREA_STYLE_COLOUR($,#842);
#844=FILL_AREA_STYLE($,(#843));
#845=SURFACE_STYLE_FILL_AREA(#844);
#846=SURFACE_SIDE_STYLE('',(#845));
#847=SURFACE_STYLE_USAGE(.BOTH.,#846);
#848=PRESENTATION_STYLE_ASSIGNMENT((#847));
#849=STYLED_ITEM('',(#848),#841);
#850=ADVANCED_FACE('',(#1714),#1716,.F.);
#851=COLOUR_RGB($,0.156862745098039,0.156862745098039,0.156862745098039);
#852=FILL_AREA_STYLE_COLOUR($,#851);
#853=FILL_AREA_STYLE($,(#852));
#854=SURFACE_STYLE_FILL_AREA(#853);
#855=SURFACE_SIDE_STYLE('',(#854));
#856=SURFACE_STYLE_USAGE(.BOTH.,#855);
#857=PRESENTATION_STYLE_ASSIGNMENT((#856));
#858=STYLED_ITEM('',(#857),#850);
#859=ADVANCED_FACE('',(#1721),#1723,.F.);
#860=COLOUR_RGB($,0.156862745098039,0.156862745098039,0.156862745098039);
#861=FILL_AREA_STYLE_COLOUR($,#860);
#862=FILL_AREA_STYLE($,(#861));
#863=SURFACE_STYLE_FILL_AREA(#862);
#864=SURFACE_SIDE_STYLE('',(#863));
#865=SURFACE_STYLE_USAGE(.BOTH.,#864);
#866=PRESENTATION_STYLE_ASSIGNMENT((#865));
#867=STYLED_ITEM('',(#866),#859);
#868=ADVANCED_FACE('',(#1728),#1730,.F.);
#869=COLOUR_RGB($,0.156862745098039,0.156862745098039,0.156862745098039);
#870=FILL_AREA_STYLE_COLOUR($,#869);
#871=FILL_AREA_STYLE($,(#870));
#872=SURFACE_STYLE_FILL_AREA(#871);
#873=SURFACE_SIDE_STYLE('',(#872));
#874=SURFACE_STYLE_USAGE(.BOTH.,#873);
#875=PRESENTATION_STYLE_ASSIGNMENT((#874));
#876=STYLED_ITEM('',(#875),#868);
#877=ADVANCED_FACE('',(#1735),#1737,.F.);
#878=COLOUR_RGB($,0.156862745098039,0.156862745098039,0.156862745098039);
#879=FILL_AREA_STYLE_COLOUR($,#878);
#880=FILL_AREA_STYLE($,(#879));
#881=SURFACE_STYLE_FILL_AREA(#880);
#882=SURFACE_SIDE_STYLE('',(#881));
#883=SURFACE_STYLE_USAGE(.BOTH.,#882);
#884=PRESENTATION_STYLE_ASSIGNMENT((#883));
#885=STYLED_ITEM('',(#884),#877);
#886=ADVANCED_FACE('',(#1742),#1744,.F.);
#887=COLOUR_RGB($,0.156862745098039,0.156862745098039,0.156862745098039);
#888=FILL_AREA_STYLE_COLOUR($,#887);
#889=FILL_AREA_STYLE($,(#888));
#890=SURFACE_STYLE_FILL_AREA(#889);
#891=SURFACE_SIDE_STYLE('',(#890));
#892=SURFACE_STYLE_USAGE(.BOTH.,#891);
#893=PRESENTATION_STYLE_ASSIGNMENT((#892));
#894=STYLED_ITEM('',(#893),#886);
#895=ADVANCED_FACE('',(#1749,#1751),#1753,.F.);
#896=COLOUR_RGB($,0.156862745098039,0.156862745098039,0.156862745098039);
#897=FILL_AREA_STYLE_COLOUR($,#896);
#898=FILL_AREA_STYLE($,(#897));
#899=SURFACE_STYLE_FILL_AREA(#898);
#900=SURFACE_SIDE_STYLE('',(#899));
#901=SURFACE_STYLE_USAGE(.BOTH.,#900);
#902=PRESENTATION_STYLE_ASSIGNMENT((#901));
#903=STYLED_ITEM('',(#902),#895);
#904=ADVANCED_FACE('',(#1758,#1760),#1762,.F.);
#905=COLOUR_RGB($,0.156862745098039,0.156862745098039,0.156862745098039);
#906=FILL_AREA_STYLE_COLOUR($,#905);
#907=FILL_AREA_STYLE($,(#906));
#908=SURFACE_STYLE_FILL_AREA(#907);
#909=SURFACE_SIDE_STYLE('',(#908));
#910=SURFACE_STYLE_USAGE(.BOTH.,#909);
#911=PRESENTATION_STYLE_ASSIGNMENT((#910));
#912=STYLED_ITEM('',(#911),#904);
#913=ADVANCED_FACE('',(#1767,#1769),#1771,.F.);
#914=COLOUR_RGB($,0.156862745098039,0.156862745098039,0.156862745098039);
#915=FILL_AREA_STYLE_COLOUR($,#914);
#916=FILL_AREA_STYLE($,(#915));
#917=SURFACE_STYLE_FILL_AREA(#916);
#918=SURFACE_SIDE_STYLE('',(#917));
#919=SURFACE_STYLE_USAGE(.BOTH.,#918);
#920=PRESENTATION_STYLE_ASSIGNMENT((#919));
#921=STYLED_ITEM('',(#920),#913);
#922=ADVANCED_FACE('',(#1776,#1778),#1780,.F.);
#923=COLOUR_RGB($,0.156862745098039,0.156862745098039,0.156862745098039);
#924=FILL_AREA_STYLE_COLOUR($,#923);
#925=FILL_AREA_STYLE($,(#924));
#926=SURFACE_STYLE_FILL_AREA(#925);
#927=SURFACE_SIDE_STYLE('',(#926));
#928=SURFACE_STYLE_USAGE(.BOTH.,#927);
#929=PRESENTATION_STYLE_ASSIGNMENT((#928));
#930=STYLED_ITEM('',(#929),#922);
#931=ADVANCED_FACE('',(#1785,#1787),#1789,.F.);
#932=COLOUR_RGB($,0.156862745098039,0.156862745098039,0.156862745098039);
#933=FILL_AREA_STYLE_COLOUR($,#932);
#934=FILL_AREA_STYLE($,(#933));
#935=SURFACE_STYLE_FILL_AREA(#934);
#936=SURFACE_SIDE_STYLE('',(#935));
#937=SURFACE_STYLE_USAGE(.BOTH.,#936);
#938=PRESENTATION_STYLE_ASSIGNMENT((#937));
#939=STYLED_ITEM('',(#938),#931);
#940=ADVANCED_FACE('',(#1794,#1796),#1798,.F.);
#941=COLOUR_RGB($,0.156862745098039,0.156862745098039,0.156862745098039);
#942=FILL_AREA_STYLE_COLOUR($,#941);
#943=FILL_AREA_STYLE($,(#942));
#944=SURFACE_STYLE_FILL_AREA(#943);
#945=SURFACE_SIDE_STYLE('',(#944));
#946=SURFACE_STYLE_USAGE(.BOTH.,#945);
#947=PRESENTATION_STYLE_ASSIGNMENT((#946));
#948=STYLED_ITEM('',(#947),#940);
#949=ADVANCED_FACE('',(#1803,#1805),#1807,.F.);
#950=COLOUR_RGB($,0.156862745098039,0.156862745098039,0.156862745098039);
#951=FILL_AREA_STYLE_COLOUR($,#950);
#952=FILL_AREA_STYLE($,(#951));
#953=SURFACE_STYLE_FILL_AREA(#952);
#954=SURFACE_SIDE_STYLE('',(#953));
#955=SURFACE_STYLE_USAGE(.BOTH.,#954);
#956=PRESENTATION_STYLE_ASSIGNMENT((#955));
#957=STYLED_ITEM('',(#956),#949);
#958=ADVANCED_FACE('',(#1812,#1814),#1816,.F.);
#959=COLOUR_RGB($,0.156862745098039,0.156862745098039,0.156862745098039);
#960=FILL_AREA_STYLE_COLOUR($,#959);
#961=FILL_AREA_STYLE($,(#960));
#962=SURFACE_STYLE_FILL_AREA(#961);
#963=SURFACE_SIDE_STYLE('',(#962));
#964=SURFACE_STYLE_USAGE(.BOTH.,#963);
#965=PRESENTATION_STYLE_ASSIGNMENT((#964));
#966=STYLED_ITEM('',(#965),#958);
#967=ADVANCED_FACE('',(#1821,#1823),#1825,.F.);
#968=COLOUR_RGB($,0.156862745098039,0.156862745098039,0.156862745098039);
#969=FILL_AREA_STYLE_COLOUR($,#968);
#970=FILL_AREA_STYLE($,(#969));
#971=SURFACE_STYLE_FILL_AREA(#970);
#972=SURFACE_SIDE_STYLE('',(#971));
#973=SURFACE_STYLE_USAGE(.BOTH.,#972);
#974=PRESENTATION_STYLE_ASSIGNMENT((#973));
#975=STYLED_ITEM('',(#974),#967);
#976=ADVANCED_FACE('',(#1830,#1832),#1834,.F.);
#977=COLOUR_RGB($,0.156862745098039,0.156862745098039,0.156862745098039);
#978=FILL_AREA_STYLE_COLOUR($,#977);
#979=FILL_AREA_STYLE($,(#978));
#980=SURFACE_STYLE_FILL_AREA(#979);
#981=SURFACE_SIDE_STYLE('',(#980));
#982=SURFACE_STYLE_USAGE(.BOTH.,#981);
#983=PRESENTATION_STYLE_ASSIGNMENT((#982));
#984=STYLED_ITEM('',(#983),#976);
#985=ADVANCED_FACE('',(#1839),#1841,.F.);
#986=COLOUR_RGB($,0.156862745098039,0.156862745098039,0.156862745098039);
#987=FILL_AREA_STYLE_COLOUR($,#986);
#988=FILL_AREA_STYLE($,(#987));
#989=SURFACE_STYLE_FILL_AREA(#988);
#990=SURFACE_SIDE_STYLE('',(#989));
#991=SURFACE_STYLE_USAGE(.BOTH.,#990);
#992=PRESENTATION_STYLE_ASSIGNMENT((#991));
#993=STYLED_ITEM('',(#992),#985);
#994=ADVANCED_FACE('',(#1846),#1848,.F.);
#995=COLOUR_RGB($,0.156862745098039,0.156862745098039,0.156862745098039);
#996=FILL_AREA_STYLE_COLOUR($,#995);
#997=FILL_AREA_STYLE($,(#996));
#998=SURFACE_STYLE_FILL_AREA(#997);
#999=SURFACE_SIDE_STYLE('',(#998));
#1000=SURFACE_STYLE_USAGE(.BOTH.,#999);
#1001=PRESENTATION_STYLE_ASSIGNMENT((#1000));
#1002=STYLED_ITEM('',(#1001),#994);
#1003=ADVANCED_FACE('',(#1853),#1855,.F.);
#1004=COLOUR_RGB($,0.156862745098039,0.156862745098039,0.156862745098039);
#1005=FILL_AREA_STYLE_COLOUR($,#1004);
#1006=FILL_AREA_STYLE($,(#1005));
#1007=SURFACE_STYLE_FILL_AREA(#1006);
#1008=SURFACE_SIDE_STYLE('',(#1007));
#1009=SURFACE_STYLE_USAGE(.BOTH.,#1008);
#1010=PRESENTATION_STYLE_ASSIGNMENT((#1009));
#1011=STYLED_ITEM('',(#1010),#1003);
#1012=ADVANCED_FACE('',(#1860),#1862,.F.);
#1013=COLOUR_RGB($,0.156862745098039,0.156862745098039,0.156862745098039);
#1014=FILL_AREA_STYLE_COLOUR($,#1013);
#1015=FILL_AREA_STYLE($,(#1014));
#1016=SURFACE_STYLE_FILL_AREA(#1015);
#1017=SURFACE_SIDE_STYLE('',(#1016));
#1018=SURFACE_STYLE_USAGE(.BOTH.,#1017);
#1019=PRESENTATION_STYLE_ASSIGNMENT((#1018));
#1020=STYLED_ITEM('',(#1019),#1012);
#1021=ADVANCED_FACE('',(#1867),#1869,.F.);
#1022=COLOUR_RGB($,0.156862745098039,0.156862745098039,0.156862745098039);
#1023=FILL_AREA_STYLE_COLOUR($,#1022);
#1024=FILL_AREA_STYLE($,(#1023));
#1025=SURFACE_STYLE_FILL_AREA(#1024);
#1026=SURFACE_SIDE_STYLE('',(#1025));
#1027=SURFACE_STYLE_USAGE(.BOTH.,#1026);
#1028=PRESENTATION_STYLE_ASSIGNMENT((#1027));
#1029=STYLED_ITEM('',(#1028),#1021);
#1030=ADVANCED_FACE('',(#1874),#1876,.F.);
#1031=COLOUR_RGB($,0.156862745098039,0.156862745098039,0.156862745098039);
#1032=FILL_AREA_STYLE_COLOUR($,#1031);
#1033=FILL_AREA_STYLE($,(#1032));
#1034=SURFACE_STYLE_FILL_AREA(#1033);
#1035=SURFACE_SIDE_STYLE('',(#1034));
#1036=SURFACE_STYLE_USAGE(.BOTH.,#1035);
#1037=PRESENTATION_STYLE_ASSIGNMENT((#1036));
#1038=STYLED_ITEM('',(#1037),#1030);
#1039=ADVANCED_FACE('',(#1881),#1883,.F.);
#1040=COLOUR_RGB($,0.156862745098039,0.156862745098039,0.156862745098039);
#1041=FILL_AREA_STYLE_COLOUR($,#1040);
#1042=FILL_AREA_STYLE($,(#1041));
#1043=SURFACE_STYLE_FILL_AREA(#1042);
#1044=SURFACE_SIDE_STYLE('',(#1043));
#1045=SURFACE_STYLE_USAGE(.BOTH.,#1044);
#1046=PRESENTATION_STYLE_ASSIGNMENT((#1045));
#1047=STYLED_ITEM('',(#1046),#1039);
#1048=ADVANCED_FACE('',(#1888),#1890,.F.);
#1049=COLOUR_RGB($,0.156862745098039,0.156862745098039,0.156862745098039);
#1050=FILL_AREA_STYLE_COLOUR($,#1049);
#1051=FILL_AREA_STYLE($,(#1050));
#1052=SURFACE_STYLE_FILL_AREA(#1051);
#1053=SURFACE_SIDE_STYLE('',(#1052));
#1054=SURFACE_STYLE_USAGE(.BOTH.,#1053);
#1055=PRESENTATION_STYLE_ASSIGNMENT((#1054));
#1056=STYLED_ITEM('',(#1055),#1048);
#1057=ADVANCED_FACE('',(#1895),#1897,.F.);
#1058=COLOUR_RGB($,0.156862745098039,0.156862745098039,0.156862745098039);
#1059=FILL_AREA_STYLE_COLOUR($,#1058);
#1060=FILL_AREA_STYLE($,(#1059));
#1061=SURFACE_STYLE_FILL_AREA(#1060);
#1062=SURFACE_SIDE_STYLE('',(#1061));
#1063=SURFACE_STYLE_USAGE(.BOTH.,#1062);
#1064=PRESENTATION_STYLE_ASSIGNMENT((#1063));
#1065=STYLED_ITEM('',(#1064),#1057);
#1066=ADVANCED_FACE('',(#1902),#1904,.F.);
#1067=COLOUR_RGB($,0.156862745098039,0.156862745098039,0.156862745098039);
#1068=FILL_AREA_STYLE_COLOUR($,#1067);
#1069=FILL_AREA_STYLE($,(#1068));
#1070=SURFACE_STYLE_FILL_AREA(#1069);
#1071=SURFACE_SIDE_STYLE('',(#1070));
#1072=SURFACE_STYLE_USAGE(.BOTH.,#1071);
#1073=PRESENTATION_STYLE_ASSIGNMENT((#1072));
#1074=STYLED_ITEM('',(#1073),#1066);
#1075=ADVANCED_FACE('',(#1909),#1911,.F.);
#1076=COLOUR_RGB($,0.156862745098039,0.156862745098039,0.156862745098039);
#1077=FILL_AREA_STYLE_COLOUR($,#1076);
#1078=FILL_AREA_STYLE($,(#1077));
#1079=SURFACE_STYLE_FILL_AREA(#1078);
#1080=SURFACE_SIDE_STYLE('',(#1079));
#1081=SURFACE_STYLE_USAGE(.BOTH.,#1080);
#1082=PRESENTATION_STYLE_ASSIGNMENT((#1081));
#1083=STYLED_ITEM('',(#1082),#1075);
#1084=ADVANCED_FACE('',(#1916),#1918,.F.);
#1085=COLOUR_RGB($,0.156862745098039,0.156862745098039,0.156862745098039);
#1086=FILL_AREA_STYLE_COLOUR($,#1085);
#1087=FILL_AREA_STYLE($,(#1086));
#1088=SURFACE_STYLE_FILL_AREA(#1087);
#1089=SURFACE_SIDE_STYLE('',(#1088));
#1090=SURFACE_STYLE_USAGE(.BOTH.,#1089);
#1091=PRESENTATION_STYLE_ASSIGNMENT((#1090));
#1092=STYLED_ITEM('',(#1091),#1084);
#1093=ADVANCED_FACE('',(#1923),#1925,.T.);
#1094=COLOUR_RGB($,0.827450980392157,0.831372549019608,0.835294117647059);
#1095=FILL_AREA_STYLE_COLOUR($,#1094);
#1096=FILL_AREA_STYLE($,(#1095));
#1097=SURFACE_STYLE_FILL_AREA(#1096);
#1098=SURFACE_SIDE_STYLE('',(#1097));
#1099=SURFACE_STYLE_USAGE(.BOTH.,#1098);
#1100=PRESENTATION_STYLE_ASSIGNMENT((#1099));
#1101=STYLED_ITEM('',(#1100),#1093);
#1102=ADVANCED_FACE('',(#1930,#1932),#1934,.T.);
#1103=COLOUR_RGB($,0.827450980392157,0.831372549019608,0.835294117647059);
#1104=FILL_AREA_STYLE_COLOUR($,#1103);
#1105=FILL_AREA_STYLE($,(#1104));
#1106=SURFACE_STYLE_FILL_AREA(#1105);
#1107=SURFACE_SIDE_STYLE('',(#1106));
#1108=SURFACE_STYLE_USAGE(.BOTH.,#1107);
#1109=PRESENTATION_STYLE_ASSIGNMENT((#1108));
#1110=STYLED_ITEM('',(#1109),#1102);
#1111=ADVANCED_FACE('',(#1939,#1941),#1943,.T.);
#1112=COLOUR_RGB($,0.827450980392157,0.831372549019608,0.835294117647059);
#1113=FILL_AREA_STYLE_COLOUR($,#1112);
#1114=FILL_AREA_STYLE($,(#1113));
#1115=SURFACE_STYLE_FILL_AREA(#1114);
#1116=SURFACE_SIDE_STYLE('',(#1115));
#1117=SURFACE_STYLE_USAGE(.BOTH.,#1116);
#1118=PRESENTATION_STYLE_ASSIGNMENT((#1117));
#1119=STYLED_ITEM('',(#1118),#1111);
#1120=ADVANCED_FACE('',(#1948,#1950),#1952,.T.);
#1121=COLOUR_RGB($,0.827450980392157,0.831372549019608,0.835294117647059);
#1122=FILL_AREA_STYLE_COLOUR($,#1121);
#1123=FILL_AREA_STYLE($,(#1122));
#1124=SURFACE_STYLE_FILL_AREA(#1123);
#1125=SURFACE_SIDE_STYLE('',(#1124));
#1126=SURFACE_STYLE_USAGE(.BOTH.,#1125);
#1127=PRESENTATION_STYLE_ASSIGNMENT((#1126));
#1128=STYLED_ITEM('',(#1127),#1120);
#1129=ADVANCED_FACE('',(#1957,#1959),#1961,.T.);
#1130=COLOUR_RGB($,0.827450980392157,0.831372549019608,0.835294117647059);
#1131=FILL_AREA_STYLE_COLOUR($,#1130);
#1132=FILL_AREA_STYLE($,(#1131));
#1133=SURFACE_STYLE_FILL_AREA(#1132);
#1134=SURFACE_SIDE_STYLE('',(#1133));
#1135=SURFACE_STYLE_USAGE(.BOTH.,#1134);
#1136=PRESENTATION_STYLE_ASSIGNMENT((#1135));
#1137=STYLED_ITEM('',(#1136),#1129);
#1138=ADVANCED_FACE('',(#1966,#1968),#1970,.T.);
#1139=COLOUR_RGB($,0.827450980392157,0.831372549019608,0.835294117647059);
#1140=FILL_AREA_STYLE_COLOUR($,#1139);
#1141=FILL_AREA_STYLE($,(#1140));
#1142=SURFACE_STYLE_FILL_AREA(#1141);
#1143=SURFACE_SIDE_STYLE('',(#1142));
#1144=SURFACE_STYLE_USAGE(.BOTH.,#1143);
#1145=PRESENTATION_STYLE_ASSIGNMENT((#1144));
#1146=STYLED_ITEM('',(#1145),#1138);
#1147=ADVANCED_FACE('',(#1975,#1977),#1979,.T.);
#1148=COLOUR_RGB($,0.827450980392157,0.831372549019608,0.835294117647059);
#1149=FILL_AREA_STYLE_COLOUR($,#1148);
#1150=FILL_AREA_STYLE($,(#1149));
#1151=SURFACE_STYLE_FILL_AREA(#1150);
#1152=SURFACE_SIDE_STYLE('',(#1151));
#1153=SURFACE_STYLE_USAGE(.BOTH.,#1152);
#1154=PRESENTATION_STYLE_ASSIGNMENT((#1153));
#1155=STYLED_ITEM('',(#1154),#1147);
#1156=ADVANCED_FACE('',(#1984,#1986),#1988,.T.);
#1157=COLOUR_RGB($,0.827450980392157,0.831372549019608,0.835294117647059);
#1158=FILL_AREA_STYLE_COLOUR($,#1157);
#1159=FILL_AREA_STYLE($,(#1158));
#1160=SURFACE_STYLE_FILL_AREA(#1159);
#1161=SURFACE_SIDE_STYLE('',(#1160));
#1162=SURFACE_STYLE_USAGE(.BOTH.,#1161);
#1163=PRESENTATION_STYLE_ASSIGNMENT((#1162));
#1164=STYLED_ITEM('',(#1163),#1156);
#1165=ADVANCED_FACE('',(#1993,#1995),#1997,.T.);
#1166=COLOUR_RGB($,0.827450980392157,0.831372549019608,0.835294117647059);
#1167=FILL_AREA_STYLE_COLOUR($,#1166);
#1168=FILL_AREA_STYLE($,(#1167));
#1169=SURFACE_STYLE_FILL_AREA(#1168);
#1170=SURFACE_SIDE_STYLE('',(#1169));
#1171=SURFACE_STYLE_USAGE(.BOTH.,#1170);
#1172=PRESENTATION_STYLE_ASSIGNMENT((#1171));
#1173=STYLED_ITEM('',(#1172),#1165);
#1174=ADVANCED_FACE('',(#2002,#2004),#2006,.T.);
#1175=COLOUR_RGB($,0.827450980392157,0.831372549019608,0.835294117647059);
#1176=FILL_AREA_STYLE_COLOUR($,#1175);
#1177=FILL_AREA_STYLE($,(#1176));
#1178=SURFACE_STYLE_FILL_AREA(#1177);
#1179=SURFACE_SIDE_STYLE('',(#1178));
#1180=SURFACE_STYLE_USAGE(.BOTH.,#1179);
#1181=PRESENTATION_STYLE_ASSIGNMENT((#1180));
#1182=STYLED_ITEM('',(#1181),#1174);
#1183=ADVANCED_FACE('',(#2011,#2013),#2015,.T.);
#1184=COLOUR_RGB($,0.827450980392157,0.831372549019608,0.835294117647059);
#1185=FILL_AREA_STYLE_COLOUR($,#1184);
#1186=FILL_AREA_STYLE($,(#1185));
#1187=SURFACE_STYLE_FILL_AREA(#1186);
#1188=SURFACE_SIDE_STYLE('',(#1187));
#1189=SURFACE_STYLE_USAGE(.BOTH.,#1188);
#1190=PRESENTATION_STYLE_ASSIGNMENT((#1189));
#1191=STYLED_ITEM('',(#1190),#1183);
#1192=ADVANCED_FACE('',(#2020,#2022),#2024,.F.);
#1193=COLOUR_RGB($,0.827450980392157,0.831372549019608,0.835294117647059);
#1194=FILL_AREA_STYLE_COLOUR($,#1193);
#1195=FILL_AREA_STYLE($,(#1194));
#1196=SURFACE_STYLE_FILL_AREA(#1195);
#1197=SURFACE_SIDE_STYLE('',(#1196));
#1198=SURFACE_STYLE_USAGE(.BOTH.,#1197);
#1199=PRESENTATION_STYLE_ASSIGNMENT((#1198));
#1200=STYLED_ITEM('',(#1199),#1192);
#1201=ADVANCED_FACE('',(#2029,#2031),#2033,.F.);
#1202=COLOUR_RGB($,0.827450980392157,0.831372549019608,0.835294117647059);
#1203=FILL_AREA_STYLE_COLOUR($,#1202);
#1204=FILL_AREA_STYLE($,(#1203));
#1205=SURFACE_STYLE_FILL_AREA(#1204);
#1206=SURFACE_SIDE_STYLE('',(#1205));
#1207=SURFACE_STYLE_USAGE(.BOTH.,#1206);
#1208=PRESENTATION_STYLE_ASSIGNMENT((#1207));
#1209=STYLED_ITEM('',(#1208),#1201);
#1210=ADVANCED_FACE('',(#2038,#2040),#2042,.F.);
#1211=COLOUR_RGB($,0.827450980392157,0.831372549019608,0.835294117647059);
#1212=FILL_AREA_STYLE_COLOUR($,#1211);
#1213=FILL_AREA_STYLE($,(#1212));
#1214=SURFACE_STYLE_FILL_AREA(#1213);
#1215=SURFACE_SIDE_STYLE('',(#1214));
#1216=SURFACE_STYLE_USAGE(.BOTH.,#1215);
#1217=PRESENTATION_STYLE_ASSIGNMENT((#1216));
#1218=STYLED_ITEM('',(#1217),#1210);
#1219=ADVANCED_FACE('',(#2047,#2049),#2051,.T.);
#1220=COLOUR_RGB($,0.827450980392157,0.831372549019608,0.835294117647059);
#1221=FILL_AREA_STYLE_COLOUR($,#1220);
#1222=FILL_AREA_STYLE($,(#1221));
#1223=SURFACE_STYLE_FILL_AREA(#1222);
#1224=SURFACE_SIDE_STYLE('',(#1223));
#1225=SURFACE_STYLE_USAGE(.BOTH.,#1224);
#1226=PRESENTATION_STYLE_ASSIGNMENT((#1225));
#1227=STYLED_ITEM('',(#1226),#1219);
#1228=ADVANCED_FACE('',(#2056,#2058),#2060,.F.);
#1229=COLOUR_RGB($,0.827450980392157,0.831372549019608,0.835294117647059);
#1230=FILL_AREA_STYLE_COLOUR($,#1229);
#1231=FILL_AREA_STYLE($,(#1230));
#1232=SURFACE_STYLE_FILL_AREA(#1231);
#1233=SURFACE_SIDE_STYLE('',(#1232));
#1234=SURFACE_STYLE_USAGE(.BOTH.,#1233);
#1235=PRESENTATION_STYLE_ASSIGNMENT((#1234));
#1236=STYLED_ITEM('',(#1235),#1228);
#1237=ADVANCED_FACE('',(#2065,#2067),#2069,.F.);
#1238=COLOUR_RGB($,0.827450980392157,0.831372549019608,0.835294117647059);
#1239=FILL_AREA_STYLE_COLOUR($,#1238);
#1240=FILL_AREA_STYLE($,(#1239));
#1241=SURFACE_STYLE_FILL_AREA(#1240);
#1242=SURFACE_SIDE_STYLE('',(#1241));
#1243=SURFACE_STYLE_USAGE(.BOTH.,#1242);
#1244=PRESENTATION_STYLE_ASSIGNMENT((#1243));
#1245=STYLED_ITEM('',(#1244),#1237);
#1246=ADVANCED_FACE('',(#2074,#2076),#2078,.F.);
#1247=COLOUR_RGB($,0.827450980392157,0.831372549019608,0.835294117647059);
#1248=FILL_AREA_STYLE_COLOUR($,#1247);
#1249=FILL_AREA_STYLE($,(#1248));
#1250=SURFACE_STYLE_FILL_AREA(#1249);
#1251=SURFACE_SIDE_STYLE('',(#1250));
#1252=SURFACE_STYLE_USAGE(.BOTH.,#1251);
#1253=PRESENTATION_STYLE_ASSIGNMENT((#1252));
#1254=STYLED_ITEM('',(#1253),#1246);
#1255=ADVANCED_FACE('',(#2083,#2085),#2087,.F.);
#1256=COLOUR_RGB($,0.827450980392157,0.831372549019608,0.835294117647059);
#1257=FILL_AREA_STYLE_COLOUR($,#1256);
#1258=FILL_AREA_STYLE($,(#1257));
#1259=SURFACE_STYLE_FILL_AREA(#1258);
#1260=SURFACE_SIDE_STYLE('',(#1259));
#1261=SURFACE_STYLE_USAGE(.BOTH.,#1260);
#1262=PRESENTATION_STYLE_ASSIGNMENT((#1261));
#1263=STYLED_ITEM('',(#1262),#1255);
#1264=ADVANCED_FACE('',(#2092),#2094,.T.);
#1265=COLOUR_RGB($,0.827450980392157,0.831372549019608,0.835294117647059);
#1266=FILL_AREA_STYLE_COLOUR($,#1265);
#1267=FILL_AREA_STYLE($,(#1266));
#1268=SURFACE_STYLE_FILL_AREA(#1267);
#1269=SURFACE_SIDE_STYLE('',(#1268));
#1270=SURFACE_STYLE_USAGE(.BOTH.,#1269);
#1271=PRESENTATION_STYLE_ASSIGNMENT((#1270));
#1272=STYLED_ITEM('',(#1271),#1264);
#1273=FACE_BOUND('',#1274,.T.);
#1274=EDGE_LOOP('',(#2099,#2100,#2101,#2102));
#1275=PLANE('',#1276);
#1276=AXIS2_PLACEMENT_3D('',#1277,#1278,#1279);
#1277=CARTESIAN_POINT('',(8.86281076638794,1.55267854785015,1.07));
#1278=DIRECTION('',(-0.906307787039943,0.422618261733637,0.));
#1279=DIRECTION('',(-0.422618261733637,-0.906307787039943,0.));
#1280=FACE_BOUND('',#1281,.T.);
#1281=EDGE_LOOP('',(#2103,#2104,#2105,#2106));
#1282=PLANE('',#1283);
#1283=AXIS2_PLACEMENT_3D('',#1284,#1285,#1286);
#1284=CARTESIAN_POINT('',(9.04900440526804,1.27,1.07));
#1285=DIRECTION('',(0.906307787039943,0.422618261733638,-0.));
#1286=DIRECTION('',(-0.422618261733638,0.906307787039943,0.));
#1287=FACE_BOUND('',#1288,.T.);
#1288=EDGE_LOOP('',(#2107,#2108,#2109,#2110));
#1289=PLANE('',#1290);
#1290=AXIS2_PLACEMENT_3D('',#1291,#1292,#1293);
#1291=CARTESIAN_POINT('',(-1.2451077025535,-1.27,1.07));
#1292=DIRECTION('',(0.,-1.,0.));
#1293=DIRECTION('',(1.,0.,0.));
#1294=FACE_BOUND('',#1295,.T.);
#1295=EDGE_LOOP('',(#2111,#2112,#2113,#2114));
#1296=PLANE('',#1297);
#1297=AXIS2_PLACEMENT_3D('',#1298,#1299,#1300);
#1298=CARTESIAN_POINT('',(-1.2451077025535,-1.27,1.07));
#1299=DIRECTION('',(0.,-1.,0.));
#1300=DIRECTION('',(1.,0.,0.));
#1301=FACE_BOUND('',#1302,.T.);
#1302=EDGE_LOOP('',(#2115,#2116,#2117,#2118,#2119,#2120,#2121,#2122,#2123,#2124,
#2125,#2126,#2127,#2128,#2129,#2130,#2131,#2132,#2133,#2134,#2135,#2136,#2137,#2138,
#2139,#2140,#2141,#2142,#2143,#2144,#2145,#2146,#2147,#2148,#2149,#2150,#2151,#2152,
#2153,#2154,#2155,#2156,#2157,#2158,#2159,#2160));
#1303=FACE_BOUND('',#1304,.T.);
#1304=EDGE_LOOP('',(#2161,#2162,#2163,#2164,#2165,#2166));
#1305=FACE_BOUND('',#1306,.T.);
#1306=EDGE_LOOP('',(#2167,#2168,#2169,#2170,#2171,#2172));
#1307=FACE_BOUND('',#1308,.T.);
#1308=EDGE_LOOP('',(#2173));
#1309=FACE_BOUND('',#1310,.T.);
#1310=EDGE_LOOP('',(#2174));
#1311=FACE_BOUND('',#1312,.T.);
#1312=EDGE_LOOP('',(#2175));
#1313=FACE_BOUND('',#1314,.T.);
#1314=EDGE_LOOP('',(#2176));
#1315=FACE_BOUND('',#1316,.T.);
#1316=EDGE_LOOP('',(#2177));
#1317=FACE_BOUND('',#1318,.T.);
#1318=EDGE_LOOP('',(#2178));
#1319=FACE_BOUND('',#1320,.T.);
#1320=EDGE_LOOP('',(#2179));
#1321=FACE_BOUND('',#1322,.T.);
#1322=EDGE_LOOP('',(#2180));
#1323=FACE_BOUND('',#1324,.T.);
#1324=EDGE_LOOP('',(#2181));
#1325=FACE_BOUND('',#1326,.T.);
#1326=EDGE_LOOP('',(#2182));
#1327=FACE_BOUND('',#1328,.T.);
#1328=EDGE_LOOP('',(#2183,#2184,#2185,#2186,#2187,#2188));
#1329=FACE_BOUND('',#1330,.T.);
#1330=EDGE_LOOP('',(#2189,#2190,#2191,#2192,#2193,#2194));
#1331=PLANE('',#1332);
#1332=AXIS2_PLACEMENT_3D('',#1333,#1334,#1335);
#1333=CARTESIAN_POINT('',(0.,0.,1.07));
#1334=DIRECTION('',(0.,0.,1.));
#1335=DIRECTION('',(1.,0.,0.));
#1336=FACE_BOUND('',#1337,.T.);
#1337=EDGE_LOOP('',(#2195,#2196,#2197,#2198,#2199,#2200,#2201,#2202,#2203,#2204,
#2205,#2206,#2207,#2208,#2209,#2210,#2211,#2212,#2213,#2214,#2215,#2216,#2217,#2218,
#2219,#2220,#2221,#2222,#2223,#2224,#2225,#2226,#2227,#2228,#2229,#2230,#2231,#2232,
#2233,#2234,#2235,#2236,#2237,#2238,#2239,#2240));
#1338=FACE_BOUND('',#1339,.T.);
#1339=EDGE_LOOP('',(#2241,#2242,#2243,#2244,#2245,#2246));
#1340=FACE_BOUND('',#1341,.T.);
#1341=EDGE_LOOP('',(#2247,#2248,#2249,#2250,#2251,#2252));
#1342=FACE_BOUND('',#1343,.T.);
#1343=EDGE_LOOP('',(#2253));
#1344=FACE_BOUND('',#1345,.T.);
#1345=EDGE_LOOP('',(#2254));
#1346=FACE_BOUND('',#1347,.T.);
#1347=EDGE_LOOP('',(#2255));
#1348=FACE_BOUND('',#1349,.T.);
#1349=EDGE_LOOP('',(#2256));
#1350=FACE_BOUND('',#1351,.T.);
#1351=EDGE_LOOP('',(#2257));
#1352=FACE_BOUND('',#1353,.T.);
#1353=EDGE_LOOP('',(#2258));
#1354=FACE_BOUND('',#1355,.T.);
#1355=EDGE_LOOP('',(#2259));
#1356=FACE_BOUND('',#1357,.T.);
#1357=EDGE_LOOP('',(#2260));
#1358=FACE_BOUND('',#1359,.T.);
#1359=EDGE_LOOP('',(#2261));
#1360=FACE_BOUND('',#1361,.T.);
#1361=EDGE_LOOP('',(#2262));
#1362=FACE_BOUND('',#1363,.T.);
#1363=EDGE_LOOP('',(#2263,#2264,#2265,#2266,#2267,#2268));
#1364=FACE_BOUND('',#1365,.T.);
#1365=EDGE_LOOP('',(#2269,#2270,#2271,#2272,#2273,#2274));
#1366=PLANE('',#1367);
#1367=AXIS2_PLACEMENT_3D('',#1368,#1369,#1370);
#1368=CARTESIAN_POINT('',(0.,0.,2.34));
#1369=DIRECTION('',(0.,0.,1.));
#1370=DIRECTION('',(1.,0.,0.));
#1371=FACE_BOUND('',#1372,.T.);
#1372=EDGE_LOOP('',(#2275,#2276,#2277,#2278));
#1373=PLANE('',#1374);
#1374=AXIS2_PLACEMENT_3D('',#1375,#1376,#1377);
#1375=CARTESIAN_POINT('',(9.04900440526804,-1.27,1.07));
#1376=DIRECTION('',(0.906307787039943,0.422618261733638,-0.));
#1377=DIRECTION('',(-0.422618261733638,0.906307787039943,0.));
#1378=FACE_BOUND('',#1379,.T.);
#1379=EDGE_LOOP('',(#2279,#2280,#2281,#2282));
#1380=PLANE('',#1381);
#1381=AXIS2_PLACEMENT_3D('',#1382,#1383,#1384);
#1382=CARTESIAN_POINT('',(8.86281076638794,-0.987321452149846,1.07));
#1383=DIRECTION('',(-0.906307787039943,0.422618261733637,0.));
#1384=DIRECTION('',(-0.422618261733637,-0.906307787039943,0.));
#1385=FACE_BOUND('',#1386,.T.);
#1386=EDGE_LOOP('',(#2283,#2284,#2285,#2286));
#1387=CYLINDRICAL_SURFACE('',#1388,0.03);
#1388=AXIS2_PLACEMENT_3D('',#1389,#1390,#1391);
#1389=CARTESIAN_POINT('',(8.89,-1.,1.07));
#1390=DIRECTION('',(0.,0.,1.));
#1391=DIRECTION('',(0.906307786970437,0.422618261882694,0.));
#1392=FACE_BOUND('',#1393,.T.);
#1393=EDGE_LOOP('',(#2287,#2288,#2289,#2290));
#1394=CYLINDRICAL_SURFACE('',#1395,0.03);
#1395=AXIS2_PLACEMENT_3D('',#1396,#1397,#1398);
#1396=CARTESIAN_POINT('',(8.89,1.,1.07));
#1397=DIRECTION('',(0.,0.,1.));
#1398=DIRECTION('',(-0.906307787035285,-0.422618261743626,0.));
#1399=FACE_BOUND('',#1400,.T.);
#1400=EDGE_LOOP('',(#2291,#2292,#2293,#2294));
#1401=PLANE('',#1402);
#1402=AXIS2_PLACEMENT_3D('',#1403,#1404,#1405);
#1403=CARTESIAN_POINT('',(8.73099559472815,1.27,1.07));
#1404=DIRECTION('',(-0.906307787035266,-0.422618261743666,0.));
#1405=DIRECTION('',(0.422618261743666,-0.906307787035267,0.));
#1406=FACE_BOUND('',#1407,.T.);
#1407=EDGE_LOOP('',(#2295,#2296,#2297,#2298));
#1408=PLANE('',#1409);
#1409=AXIS2_PLACEMENT_3D('',#1410,#1411,#1412);
#1410=CARTESIAN_POINT('',(8.91718923361106,0.987321452147693,1.07));
#1411=DIRECTION('',(0.906307787035268,-0.422618261743663,0.));
#1412=DIRECTION('',(0.422618261743663,0.906307787035268,0.));
#1413=FACE_BOUND('',#1414,.T.);
#1414=EDGE_LOOP('',(#2299,#2300,#2301,#2302));
#1415=CYLINDRICAL_SURFACE('',#1416,0.03);
#1416=AXIS2_PLACEMENT_3D('',#1417,#1418,#1419);
#1417=CARTESIAN_POINT('',(8.89,1.54,1.07));
#1418=DIRECTION('',(0.,0.,1.));
#1419=DIRECTION('',(0.906307786970437,0.422618261882694,0.));
#1420=FACE_BOUND('',#1421,.T.);
#1421=EDGE_LOOP('',(#2303,#2304,#2305,#2306));
#1422=PLANE('',#1423);
#1423=AXIS2_PLACEMENT_3D('',#1424,#1425,#1426);
#1424=CARTESIAN_POINT('',(6.50900440526804,-1.27,1.07));
#1425=DIRECTION('',(0.906307787039943,0.422618261733638,-0.));
#1426=DIRECTION('',(-0.422618261733638,0.906307787039943,0.));
#1427=FACE_BOUND('',#1428,.T.);
#1428=EDGE_LOOP('',(#2307,#2308,#2309,#2310));
#1429=PLANE('',#1430);
#1430=AXIS2_PLACEMENT_3D('',#1431,#1432,#1433);
#1431=CARTESIAN_POINT('',(11.4051077025535,-1.27,1.07));
#1432=DIRECTION('',(0.906307787036648,-0.422618261740702,0.));
#1433=DIRECTION('',(0.422618261740702,0.906307787036649,0.));
#1434=FACE_BOUND('',#1435,.T.);
#1435=EDGE_LOOP('',(#2311,#2312,#2313,#2314));
#1436=CYLINDRICAL_SURFACE('',#1437,0.03);
#1437=AXIS2_PLACEMENT_3D('',#1438,#1439,#1440);
#1438=CARTESIAN_POINT('',(6.35,-1.,1.07));
#1439=DIRECTION('',(0.,0.,1.));
#1440=DIRECTION('',(0.906307786970437,0.422618261882694,0.));
#1441=FACE_BOUND('',#1442,.T.);
#1442=EDGE_LOOP('',(#2315,#2316,#2317,#2318));
#1443=PLANE('',#1444);
#1444=AXIS2_PLACEMENT_3D('',#1445,#1446,#1447);
#1445=CARTESIAN_POINT('',(6.32281076638794,-0.987321452149846,1.07));
#1446=DIRECTION('',(-0.906307787039943,0.422618261733637,0.));
#1447=DIRECTION('',(-0.422618261733637,-0.906307787039943,0.));
#1448=FACE_BOUND('',#1449,.T.);
#1449=EDGE_LOOP('',(#2319,#2320,#2321,#2322));
#1450=PLANE('',#1451);
#1451=AXIS2_PLACEMENT_3D('',#1452,#1453,#1454);
#1452=CARTESIAN_POINT('',(-1.2451077025535,-1.27,1.07));
#1453=DIRECTION('',(0.,-1.,0.));
#1454=DIRECTION('',(1.,0.,0.));
#1455=FACE_BOUND('',#1456,.T.);
#1456=EDGE_LOOP('',(#2323,#2324,#2325,#2326));
#1457=PLANE('',#1458);
#1458=AXIS2_PLACEMENT_3D('',#1459,#1460,#1461);
#1459=CARTESIAN_POINT('',(3.96900440526804,-1.27,1.07));
#1460=DIRECTION('',(0.906307787039943,0.422618261733638,-0.));
#1461=DIRECTION('',(-0.422618261733638,0.906307787039943,0.));
#1462=FACE_BOUND('',#1463,.T.);
#1463=EDGE_LOOP('',(#2327,#2328,#2329,#2330));
#1464=CYLINDRICAL_SURFACE('',#1465,0.03);
#1465=AXIS2_PLACEMENT_3D('',#1466,#1467,#1468);
#1466=CARTESIAN_POINT('',(3.81,-1.,1.07));
#1467=DIRECTION('',(0.,0.,1.));
#1468=DIRECTION('',(0.906307786970437,0.422618261882694,0.));
#1469=FACE_BOUND('',#1470,.T.);
#1470=EDGE_LOOP('',(#2331,#2332,#2333,#2334));
#1471=PLANE('',#1472);
#1472=AXIS2_PLACEMENT_3D('',#1473,#1474,#1475);
#1473=CARTESIAN_POINT('',(3.78281076638794,-0.987321452149846,1.07));
#1474=DIRECTION('',(-0.906307787039943,0.422618261733637,0.));
#1475=DIRECTION('',(-0.422618261733637,-0.906307787039943,0.));
#1476=FACE_BOUND('',#1477,.T.);
#1477=EDGE_LOOP('',(#2335,#2336,#2337,#2338));
#1478=PLANE('',#1479);
#1479=AXIS2_PLACEMENT_3D('',#1480,#1481,#1482);
#1480=CARTESIAN_POINT('',(-1.2451077025535,-1.27,1.07));
#1481=DIRECTION('',(0.,-1.,0.));
#1482=DIRECTION('',(1.,0.,0.));
#1483=FACE_BOUND('',#1484,.T.);
#1484=EDGE_LOOP('',(#2339,#2340,#2341,#2342));
#1485=PLANE('',#1486);
#1486=AXIS2_PLACEMENT_3D('',#1487,#1488,#1489);
#1487=CARTESIAN_POINT('',(1.42900440526804,-1.27,1.07));
#1488=DIRECTION('',(0.906307787039943,0.422618261733638,-0.));
#1489=DIRECTION('',(-0.422618261733638,0.906307787039943,0.));
#1490=FACE_BOUND('',#1491,.T.);
#1491=EDGE_LOOP('',(#2343,#2344,#2345,#2346));
#1492=CYLINDRICAL_SURFACE('',#1493,0.03);
#1493=AXIS2_PLACEMENT_3D('',#1494,#1495,#1496);
#1494=CARTESIAN_POINT('',(1.27,-1.,1.07));
#1495=DIRECTION('',(0.,0.,1.));
#1496=DIRECTION('',(0.906307786970437,0.422618261882694,0.));
#1497=FACE_BOUND('',#1498,.T.);
#1498=EDGE_LOOP('',(#2347,#2348,#2349,#2350));
#1499=PLANE('',#1500);
#1500=AXIS2_PLACEMENT_3D('',#1501,#1502,#1503);
#1501=CARTESIAN_POINT('',(1.24281076638794,-0.987321452149846,1.07));
#1502=DIRECTION('',(-0.906307787039943,0.422618261733637,0.));
#1503=DIRECTION('',(-0.422618261733637,-0.906307787039943,0.));
#1504=FACE_BOUND('',#1505,.T.);
#1505=EDGE_LOOP('',(#2351,#2352,#2353,#2354));
#1506=PLANE('',#1507);
#1507=AXIS2_PLACEMENT_3D('',#1508,#1509,#1510);
#1508=CARTESIAN_POINT('',(-1.2451077025535,-1.27,1.07));
#1509=DIRECTION('',(0.,-1.,0.));
#1510=DIRECTION('',(1.,0.,0.));
#1511=FACE_BOUND('',#1512,.T.);
#1512=EDGE_LOOP('',(#2355,#2356,#2357,#2358));
#1513=PLANE('',#1514);
#1514=AXIS2_PLACEMENT_3D('',#1515,#1516,#1517);
#1515=CARTESIAN_POINT('',(-1.385,-0.97,1.07));
#1516=DIRECTION('',(-0.90630778703665,-0.422618261740699,0.));
#1517=DIRECTION('',(0.422618261740699,-0.90630778703665,0.));
#1518=FACE_BOUND('',#1519,.T.);
#1519=EDGE_LOOP('',(#2359,#2360,#2361,#2362));
#1520=PLANE('',#1521);
#1521=AXIS2_PLACEMENT_3D('',#1522,#1523,#1524);
#1522=CARTESIAN_POINT('',(-1.385,0.970000000000001,1.07));
#1523=DIRECTION('',(-1.,2.28911963840238E-016,0.));
#1524=DIRECTION('',(-2.28911963840238E-016,-1.,0.));
#1525=FACE_BOUND('',#1526,.T.);
#1526=EDGE_LOOP('',(#2363,#2364,#2365,#2366));
#1527=PLANE('',#1528);
#1528=AXIS2_PLACEMENT_3D('',#1529,#1530,#1531);
#1529=CARTESIAN_POINT('',(-1.2451077025535,1.27,1.07));
#1530=DIRECTION('',(-0.90630778703665,0.422618261740699,0.));
#1531=DIRECTION('',(-0.4226182617407,-0.90630778703665,0.));
#1532=FACE_BOUND('',#1533,.T.);
#1533=EDGE_LOOP('',(#2367,#2368,#2369,#2370));
#1534=PLANE('',#1535);
#1535=AXIS2_PLACEMENT_3D('',#1536,#1537,#1538);
#1536=CARTESIAN_POINT('',(-1.385,1.57,1.07));
#1537=DIRECTION('',(-0.90630778703665,-0.422618261740699,0.));
#1538=DIRECTION('',(0.422618261740699,-0.90630778703665,0.));
#1539=FACE_BOUND('',#1540,.T.);
#1540=EDGE_LOOP('',(#2371,#2372,#2373,#2374));
#1541=PLANE('',#1542);
#1542=AXIS2_PLACEMENT_3D('',#1543,#1544,#1545);
#1543=CARTESIAN_POINT('',(-1.385,3.51,1.07));
#1544=DIRECTION('',(-1.,2.28911963840238E-016,0.));
#1545=DIRECTION('',(-2.28911963840238E-016,-1.,0.));
#1546=FACE_BOUND('',#1547,.T.);
#1547=EDGE_LOOP('',(#2375,#2376,#2377,#2378));
#1548=PLANE('',#1549);
#1549=AXIS2_PLACEMENT_3D('',#1550,#1551,#1552);
#1550=CARTESIAN_POINT('',(-1.2451077025535,3.81,1.07));
#1551=DIRECTION('',(-0.90630778703665,0.422618261740699,0.));
#1552=DIRECTION('',(-0.4226182617407,-0.90630778703665,0.));
#1553=FACE_BOUND('',#1554,.T.);
#1554=EDGE_LOOP('',(#2379,#2380,#2381,#2382));
#1555=PLANE('',#1556);
#1556=AXIS2_PLACEMENT_3D('',#1557,#1558,#1559);
#1557=CARTESIAN_POINT('',(11.4051077025535,3.81,1.07));
#1558=DIRECTION('',(0.,1.,-0.));
#1559=DIRECTION('',(-1.,0.,0.));
#1560=FACE_BOUND('',#1561,.T.);
#1561=EDGE_LOOP('',(#2383,#2384,#2385,#2386));
#1562=PLANE('',#1563);
#1563=AXIS2_PLACEMENT_3D('',#1564,#1565,#1566);
#1564=CARTESIAN_POINT('',(1.11099559472815,3.81,1.07));
#1565=DIRECTION('',(-0.906307787035266,-0.422618261743666,0.));
#1566=DIRECTION('',(0.422618261743666,-0.906307787035267,0.));
#1567=FACE_BOUND('',#1568,.T.);
#1568=EDGE_LOOP('',(#2387,#2388,#2389,#2390));
#1569=CYLINDRICAL_SURFACE('',#1570,0.03);
#1570=AXIS2_PLACEMENT_3D('',#1571,#1572,#1573);
#1571=CARTESIAN_POINT('',(1.27,3.54,1.07));
#1572=DIRECTION('',(0.,0.,1.));
#1573=DIRECTION('',(-0.906307787035285,-0.422618261743626,0.));
#1574=FACE_BOUND('',#1575,.T.);
#1575=EDGE_LOOP('',(#2391,#2392,#2393,#2394));
#1576=PLANE('',#1577);
#1577=AXIS2_PLACEMENT_3D('',#1578,#1579,#1580);
#1578=CARTESIAN_POINT('',(1.29718923361106,3.52732145214769,1.07));
#1579=DIRECTION('',(0.906307787035268,-0.422618261743663,0.));
#1580=DIRECTION('',(0.422618261743663,0.906307787035268,0.));
#1581=FACE_BOUND('',#1582,.T.);
#1582=EDGE_LOOP('',(#2395,#2396,#2397,#2398));
#1583=PLANE('',#1584);
#1584=AXIS2_PLACEMENT_3D('',#1585,#1586,#1587);
#1585=CARTESIAN_POINT('',(11.4051077025535,3.81,1.07));
#1586=DIRECTION('',(0.,1.,-0.));
#1587=DIRECTION('',(-1.,0.,0.));
#1588=FACE_BOUND('',#1589,.T.);
#1589=EDGE_LOOP('',(#2399,#2400,#2401,#2402));
#1590=PLANE('',#1591);
#1591=AXIS2_PLACEMENT_3D('',#1592,#1593,#1594);
#1592=CARTESIAN_POINT('',(3.65099559472815,3.81,1.07));
#1593=DIRECTION('',(-0.906307787035266,-0.422618261743666,0.));
#1594=DIRECTION('',(0.422618261743666,-0.906307787035267,0.));
#1595=FACE_BOUND('',#1596,.T.);
#1596=EDGE_LOOP('',(#2403,#2404,#2405,#2406));
#1597=CYLINDRICAL_SURFACE('',#1598,0.03);
#1598=AXIS2_PLACEMENT_3D('',#1599,#1600,#1601);
#1599=CARTESIAN_POINT('',(3.81,3.54,1.07));
#1600=DIRECTION('',(0.,0.,1.));
#1601=DIRECTION('',(-0.906307787035285,-0.422618261743626,0.));
#1602=FACE_BOUND('',#1603,.T.);
#1603=EDGE_LOOP('',(#2407,#2408,#2409,#2410));
#1604=PLANE('',#1605);
#1605=AXIS2_PLACEMENT_3D('',#1606,#1607,#1608);
#1606=CARTESIAN_POINT('',(3.83718923361106,3.52732145214769,1.07));
#1607=DIRECTION('',(0.906307787035268,-0.422618261743663,0.));
#1608=DIRECTION('',(0.422618261743663,0.906307787035268,0.));
#1609=FACE_BOUND('',#1610,.T.);
#1610=EDGE_LOOP('',(#2411,#2412,#2413,#2414));
#1611=PLANE('',#1612);
#1612=AXIS2_PLACEMENT_3D('',#1613,#1614,#1615);
#1613=CARTESIAN_POINT('',(11.4051077025535,3.81,1.07));
#1614=DIRECTION('',(0.,1.,-0.));
#1615=DIRECTION('',(-1.,0.,0.));
#1616=FACE_BOUND('',#1617,.T.);
#1617=EDGE_LOOP('',(#2415,#2416,#2417,#2418));
#1618=PLANE('',#1619);
#1619=AXIS2_PLACEMENT_3D('',#1620,#1621,#1622);
#1620=CARTESIAN_POINT('',(6.19099559472815,3.81,1.07));
#1621=DIRECTION('',(-0.906307787035266,-0.422618261743666,0.));
#1622=DIRECTION('',(0.422618261743666,-0.906307787035267,0.));
#1623=FACE_BOUND('',#1624,.T.);
#1624=EDGE_LOOP('',(#2419,#2420,#2421,#2422));
#1625=CYLINDRICAL_SURFACE('',#1626,0.03);
#1626=AXIS2_PLACEMENT_3D('',#1627,#1628,#1629);
#1627=CARTESIAN_POINT('',(6.35,3.54,1.07));
#1628=DIRECTION('',(0.,0.,1.));
#1629=DIRECTION('',(-0.906307787035285,-0.422618261743626,0.));
#1630=FACE_BOUND('',#1631,.T.);
#1631=EDGE_LOOP('',(#2423,#2424,#2425,#2426));
#1632=PLANE('',#1633);
#1633=AXIS2_PLACEMENT_3D('',#1634,#1635,#1636);
#1634=CARTESIAN_POINT('',(6.37718923361106,3.52732145214769,1.07));
#1635=DIRECTION('',(0.906307787035268,-0.422618261743663,0.));
#1636=DIRECTION('',(0.422618261743663,0.906307787035268,0.));
#1637=FACE_BOUND('',#1638,.T.);
#1638=EDGE_LOOP('',(#2427,#2428,#2429,#2430));
#1639=PLANE('',#1640);
#1640=AXIS2_PLACEMENT_3D('',#1641,#1642,#1643);
#1641=CARTESIAN_POINT('',(11.4051077025535,3.81,1.07));
#1642=DIRECTION('',(0.,1.,-0.));
#1643=DIRECTION('',(-1.,0.,0.));
#1644=FACE_BOUND('',#1645,.T.);
#1645=EDGE_LOOP('',(#2431,#2432,#2433,#2434));
#1646=PLANE('',#1647);
#1647=AXIS2_PLACEMENT_3D('',#1648,#1649,#1650);
#1648=CARTESIAN_POINT('',(8.73099559472815,3.81,1.07));
#1649=DIRECTION('',(-0.906307787035266,-0.422618261743666,0.));
#1650=DIRECTION('',(0.422618261743666,-0.906307787035267,0.));
#1651=FACE_BOUND('',#1652,.T.);
#1652=EDGE_LOOP('',(#2435,#2436,#2437,#2438));
#1653=CYLINDRICAL_SURFACE('',#1654,0.03);
#1654=AXIS2_PLACEMENT_3D('',#1655,#1656,#1657);
#1655=CARTESIAN_POINT('',(8.89,3.54,1.07));
#1656=DIRECTION('',(0.,0.,1.));
#1657=DIRECTION('',(-0.906307787035285,-0.422618261743626,0.));
#1658=FACE_BOUND('',#1659,.T.);
#1659=EDGE_LOOP('',(#2439,#2440,#2441,#2442));
#1660=PLANE('',#1661);
#1661=AXIS2_PLACEMENT_3D('',#1662,#1663,#1664);
#1662=CARTESIAN_POINT('',(8.91718923361106,3.52732145214769,1.07));
#1663=DIRECTION('',(0.906307787035268,-0.422618261743663,0.));
#1664=DIRECTION('',(0.422618261743663,0.906307787035268,0.));
#1665=FACE_BOUND('',#1666,.T.);
#1666=EDGE_LOOP('',(#2443,#2444,#2445,#2446));
#1667=PLANE('',#1668);
#1668=AXIS2_PLACEMENT_3D('',#1669,#1670,#1671);
#1669=CARTESIAN_POINT('',(11.4051077025535,3.81,1.07));
#1670=DIRECTION('',(0.,1.,-0.));
#1671=DIRECTION('',(-1.,0.,0.));
#1672=FACE_BOUND('',#1673,.T.);
#1673=EDGE_LOOP('',(#2447,#2448,#2449,#2450));
#1674=PLANE('',#1675);
#1675=AXIS2_PLACEMENT_3D('',#1676,#1677,#1678);
#1676=CARTESIAN_POINT('',(11.545,3.51,1.07));
#1677=DIRECTION('',(0.906307787036649,0.422618261740701,-0.));
#1678=DIRECTION('',(-0.422618261740701,0.906307787036649,0.));
#1679=FACE_BOUND('',#1680,.T.);
#1680=EDGE_LOOP('',(#2451,#2452,#2453,#2454));
#1681=PLANE('',#1682);
#1682=AXIS2_PLACEMENT_3D('',#1683,#1684,#1685);
#1683=CARTESIAN_POINT('',(11.545,1.57,1.07));
#1684=DIRECTION('',(1.,0.,0.));
#1685=DIRECTION('',(0.,1.,0.));
#1686=FACE_BOUND('',#1687,.T.);
#1687=EDGE_LOOP('',(#2455,#2456,#2457,#2458));
#1688=PLANE('',#1689);
#1689=AXIS2_PLACEMENT_3D('',#1690,#1691,#1692);
#1690=CARTESIAN_POINT('',(11.4051077025535,1.27,1.07));
#1691=DIRECTION('',(0.906307787036648,-0.422618261740702,0.));
#1692=DIRECTION('',(0.422618261740702,0.906307787036649,0.));
#1693=FACE_BOUND('',#1694,.T.);
#1694=EDGE_LOOP('',(#2459,#2460,#2461,#2462));
#1695=PLANE('',#1696);
#1696=AXIS2_PLACEMENT_3D('',#1697,#1698,#1699);
#1697=CARTESIAN_POINT('',(11.545,0.969999999999999,1.07));
#1698=DIRECTION('',(0.906307787036649,0.422618261740701,-0.));
#1699=DIRECTION('',(-0.422618261740701,0.906307787036649,0.));
#1700=FACE_BOUND('',#1701,.T.);
#1701=EDGE_LOOP('',(#2463,#2464,#2465,#2466));
#1702=PLANE('',#1703);
#1703=AXIS2_PLACEMENT_3D('',#1704,#1705,#1706);
#1704=CARTESIAN_POINT('',(11.545,-0.97,1.07));
#1705=DIRECTION('',(1.,0.,0.));
#1706=DIRECTION('',(0.,1.,0.));
#1707=FACE_BOUND('',#1708,.T.);
#1708=EDGE_LOOP('',(#2467,#2468,#2469,#2470));
#1709=PLANE('',#1710);
#1710=AXIS2_PLACEMENT_3D('',#1711,#1712,#1713);
#1711=CARTESIAN_POINT('',(3.83718923361106,0.987321452147693,1.07));
#1712=DIRECTION('',(0.906307787035268,-0.422618261743663,0.));
#1713=DIRECTION('',(0.422618261743663,0.906307787035268,0.));
#1714=FACE_BOUND('',#1715,.T.);
#1715=EDGE_LOOP('',(#2471,#2472,#2473,#2474));
#1716=PLANE('',#1717);
#1717=AXIS2_PLACEMENT_3D('',#1718,#1719,#1720);
#1718=CARTESIAN_POINT('',(3.96900440526804,1.27,1.07));
#1719=DIRECTION('',(0.906307787039943,0.422618261733638,-0.));
#1720=DIRECTION('',(-0.422618261733638,0.906307787039943,0.));
#1721=FACE_BOUND('',#1722,.T.);
#1722=EDGE_LOOP('',(#2475,#2476,#2477,#2478));
#1723=CYLINDRICAL_SURFACE('',#1724,0.03);
#1724=AXIS2_PLACEMENT_3D('',#1725,#1726,#1727);
#1725=CARTESIAN_POINT('',(3.81,1.54,1.07));
#1726=DIRECTION('',(0.,0.,1.));
#1727=DIRECTION('',(0.906307786970437,0.422618261882694,0.));
#1728=FACE_BOUND('',#1729,.T.);
#1729=EDGE_LOOP('',(#2479,#2480,#2481,#2482));
#1730=PLANE('',#1731);
#1731=AXIS2_PLACEMENT_3D('',#1732,#1733,#1734);
#1732=CARTESIAN_POINT('',(3.78281076638794,1.55267854785015,1.07));
#1733=DIRECTION('',(-0.906307787039943,0.422618261733637,0.));
#1734=DIRECTION('',(-0.422618261733637,-0.906307787039943,0.));
#1735=FACE_BOUND('',#1736,.T.);
#1736=EDGE_LOOP('',(#2483,#2484,#2485,#2486));
#1737=PLANE('',#1738);
#1738=AXIS2_PLACEMENT_3D('',#1739,#1740,#1741);
#1739=CARTESIAN_POINT('',(3.65099559472815,1.27,1.07));
#1740=DIRECTION('',(-0.906307787035266,-0.422618261743666,0.));
#1741=DIRECTION('',(0.422618261743666,-0.906307787035267,0.));
#1742=FACE_BOUND('',#1743,.T.);
#1743=EDGE_LOOP('',(#2487,#2488,#2489,#2490));
#1744=CYLINDRICAL_SURFACE('',#1745,0.03);
#1745=AXIS2_PLACEMENT_3D('',#1746,#1747,#1748);
#1746=CARTESIAN_POINT('',(3.81,1.,1.07));
#1747=DIRECTION('',(0.,0.,1.));
#1748=DIRECTION('',(-0.906307787035285,-0.422618261743626,0.));
#1749=FACE_OUTER_BOUND('',#1750,.T.);
#1750=EDGE_LOOP('',(#2491));
#1751=FACE_OUTER_BOUND('',#1752,.T.);
#1752=EDGE_LOOP('',(#2492));
#1753=CYLINDRICAL_SURFACE('',#1754,0.66);
#1754=AXIS2_PLACEMENT_3D('',#1755,#1756,#1757);
#1755=CARTESIAN_POINT('',(2.54,0.,0.));
#1756=DIRECTION('',(0.,0.,1.));
#1757=DIRECTION('',(1.,0.,0.));
#1758=FACE_OUTER_BOUND('',#1759,.T.);
#1759=EDGE_LOOP('',(#2493));
#1760=FACE_OUTER_BOUND('',#1761,.T.);
#1761=EDGE_LOOP('',(#2494));
#1762=CYLINDRICAL_SURFACE('',#1763,0.66);
#1763=AXIS2_PLACEMENT_3D('',#1764,#1765,#1766);
#1764=CARTESIAN_POINT('',(5.08,0.,0.));
#1765=DIRECTION('',(0.,0.,1.));
#1766=DIRECTION('',(1.,0.,0.));
#1767=FACE_OUTER_BOUND('',#1768,.T.);
#1768=EDGE_LOOP('',(#2495));
#1769=FACE_OUTER_BOUND('',#1770,.T.);
#1770=EDGE_LOOP('',(#2496));
#1771=CYLINDRICAL_SURFACE('',#1772,0.66);
#1772=AXIS2_PLACEMENT_3D('',#1773,#1774,#1775);
#1773=CARTESIAN_POINT('',(7.62,0.,0.));
#1774=DIRECTION('',(0.,0.,1.));
#1775=DIRECTION('',(1.,0.,0.));
#1776=FACE_OUTER_BOUND('',#1777,.T.);
#1777=EDGE_LOOP('',(#2497));
#1778=FACE_OUTER_BOUND('',#1779,.T.);
#1779=EDGE_LOOP('',(#2498));
#1780=CYLINDRICAL_SURFACE('',#1781,0.66);
#1781=AXIS2_PLACEMENT_3D('',#1782,#1783,#1784);
#1782=CARTESIAN_POINT('',(10.16,0.,0.));
#1783=DIRECTION('',(0.,0.,1.));
#1784=DIRECTION('',(1.,0.,0.));
#1785=FACE_OUTER_BOUND('',#1786,.T.);
#1786=EDGE_LOOP('',(#2499));
#1787=FACE_OUTER_BOUND('',#1788,.T.);
#1788=EDGE_LOOP('',(#2500));
#1789=CYLINDRICAL_SURFACE('',#1790,0.66);
#1790=AXIS2_PLACEMENT_3D('',#1791,#1792,#1793);
#1791=CARTESIAN_POINT('',(1.55530143491714E-016,2.54,0.));
#1792=DIRECTION('',(0.,0.,1.));
#1793=DIRECTION('',(1.,0.,0.));
#1794=FACE_OUTER_BOUND('',#1795,.T.);
#1795=EDGE_LOOP('',(#2501));
#1796=FACE_OUTER_BOUND('',#1797,.T.);
#1797=EDGE_LOOP('',(#2502));
#1798=CYLINDRICAL_SURFACE('',#1799,0.66);
#1799=AXIS2_PLACEMENT_3D('',#1800,#1801,#1802);
#1800=CARTESIAN_POINT('',(2.54,2.54,0.));
#1801=DIRECTION('',(0.,0.,1.));
#1802=DIRECTION('',(1.,0.,0.));
#1803=FACE_OUTER_BOUND('',#1804,.T.);
#1804=EDGE_LOOP('',(#2503));
#1805=FACE_OUTER_BOUND('',#1806,.T.);
#1806=EDGE_LOOP('',(#2504));
#1807=CYLINDRICAL_SURFACE('',#1808,0.66);
#1808=AXIS2_PLACEMENT_3D('',#1809,#1810,#1811);
#1809=CARTESIAN_POINT('',(5.08,2.54,0.));
#1810=DIRECTION('',(0.,0.,1.));
#1811=DIRECTION('',(1.,0.,0.));
#1812=FACE_OUTER_BOUND('',#1813,.T.);
#1813=EDGE_LOOP('',(#2505));
#1814=FACE_OUTER_BOUND('',#1815,.T.);
#1815=EDGE_LOOP('',(#2506));
#1816=CYLINDRICAL_SURFACE('',#1817,0.66);
#1817=AXIS2_PLACEMENT_3D('',#1818,#1819,#1820);
#1818=CARTESIAN_POINT('',(7.62,2.54,0.));
#1819=DIRECTION('',(0.,0.,1.));
#1820=DIRECTION('',(1.,0.,0.));
#1821=FACE_OUTER_BOUND('',#1822,.T.);
#1822=EDGE_LOOP('',(#2507));
#1823=FACE_OUTER_BOUND('',#1824,.T.);
#1824=EDGE_LOOP('',(#2508));
#1825=CYLINDRICAL_SURFACE('',#1826,0.66);
#1826=AXIS2_PLACEMENT_3D('',#1827,#1828,#1829);
#1827=CARTESIAN_POINT('',(10.16,2.54,0.));
#1828=DIRECTION('',(0.,0.,1.));
#1829=DIRECTION('',(1.,0.,0.));
#1830=FACE_OUTER_BOUND('',#1831,.T.);
#1831=EDGE_LOOP('',(#2509));
#1832=FACE_OUTER_BOUND('',#1833,.T.);
#1833=EDGE_LOOP('',(#2510));
#1834=CYLINDRICAL_SURFACE('',#1835,0.66);
#1835=AXIS2_PLACEMENT_3D('',#1836,#1837,#1838);
#1836=CARTESIAN_POINT('',(0.,0.,0.));
#1837=DIRECTION('',(0.,0.,1.));
#1838=DIRECTION('',(1.,0.,0.));
#1839=FACE_BOUND('',#1840,.T.);
#1840=EDGE_LOOP('',(#2511,#2512,#2513,#2514));
#1841=CYLINDRICAL_SURFACE('',#1842,0.03);
#1842=AXIS2_PLACEMENT_3D('',#1843,#1844,#1845);
#1843=CARTESIAN_POINT('',(1.27,1.54,1.07));
#1844=DIRECTION('',(0.,0.,1.));
#1845=DIRECTION('',(0.906307786970437,0.422618261882694,0.));
#1846=FACE_BOUND('',#1847,.T.);
#1847=EDGE_LOOP('',(#2515,#2516,#2517,#2518));
#1848=PLANE('',#1849);
#1849=AXIS2_PLACEMENT_3D('',#1850,#1851,#1852);
#1850=CARTESIAN_POINT('',(1.24281076638794,1.55267854785015,1.07));
#1851=DIRECTION('',(-0.906307787039943,0.422618261733637,0.));
#1852=DIRECTION('',(-0.422618261733637,-0.906307787039943,0.));
#1853=FACE_BOUND('',#1854,.T.);
#1854=EDGE_LOOP('',(#2519,#2520,#2521,#2522));
#1855=PLANE('',#1856);
#1856=AXIS2_PLACEMENT_3D('',#1857,#1858,#1859);
#1857=CARTESIAN_POINT('',(1.11099559472815,1.27,1.07));
#1858=DIRECTION('',(-0.906307787035266,-0.422618261743666,0.));
#1859=DIRECTION('',(0.422618261743666,-0.906307787035267,0.));
#1860=FACE_BOUND('',#1861,.T.);
#1861=EDGE_LOOP('',(#2523,#2524,#2525,#2526));
#1862=CYLINDRICAL_SURFACE('',#1863,0.03);
#1863=AXIS2_PLACEMENT_3D('',#1864,#1865,#1866);
#1864=CARTESIAN_POINT('',(1.27,1.,1.07));
#1865=DIRECTION('',(0.,0.,1.));
#1866=DIRECTION('',(-0.906307787035285,-0.422618261743626,0.));
#1867=FACE_BOUND('',#1868,.T.);
#1868=EDGE_LOOP('',(#2527,#2528,#2529,#2530));
#1869=PLANE('',#1870);
#1870=AXIS2_PLACEMENT_3D('',#1871,#1872,#1873);
#1871=CARTESIAN_POINT('',(1.29718923361106,0.987321452147693,1.07));
#1872=DIRECTION('',(0.906307787035268,-0.422618261743663,0.));
#1873=DIRECTION('',(0.422618261743663,0.906307787035268,0.));
#1874=FACE_BOUND('',#1875,.T.);
#1875=EDGE_LOOP('',(#2531,#2532,#2533,#2534));
#1876=PLANE('',#1877);
#1877=AXIS2_PLACEMENT_3D('',#1878,#1879,#1880);
#1878=CARTESIAN_POINT('',(1.42900440526804,1.27,1.07));
#1879=DIRECTION('',(0.906307787039943,0.422618261733638,-0.));
#1880=DIRECTION('',(-0.422618261733638,0.906307787039943,0.));
#1881=FACE_BOUND('',#1882,.T.);
#1882=EDGE_LOOP('',(#2535,#2536,#2537,#2538));
#1883=PLANE('',#1884);
#1884=AXIS2_PLACEMENT_3D('',#1885,#1886,#1887);
#1885=CARTESIAN_POINT('',(6.37718923361106,0.987321452147693,1.07));
#1886=DIRECTION('',(0.906307787035268,-0.422618261743663,0.));
#1887=DIRECTION('',(0.422618261743663,0.906307787035268,0.));
#1888=FACE_BOUND('',#1889,.T.);
#1889=EDGE_LOOP('',(#2539,#2540,#2541,#2542));
#1890=PLANE('',#1891);
#1891=AXIS2_PLACEMENT_3D('',#1892,#1893,#1894);
#1892=CARTESIAN_POINT('',(6.50900440526804,1.27,1.07));
#1893=DIRECTION('',(0.906307787039943,0.422618261733638,-0.));
#1894=DIRECTION('',(-0.422618261733638,0.906307787039943,0.));
#1895=FACE_BOUND('',#1896,.T.);
#1896=EDGE_LOOP('',(#2543,#2544,#2545,#2546));
#1897=CYLINDRICAL_SURFACE('',#1898,0.03);
#1898=AXIS2_PLACEMENT_3D('',#1899,#1900,#1901);
#1899=CARTESIAN_POINT('',(6.35,1.54,1.07));
#1900=DIRECTION('',(0.,0.,1.));
#1901=DIRECTION('',(0.906307786970437,0.422618261882694,0.));
#1902=FACE_BOUND('',#1903,.T.);
#1903=EDGE_LOOP('',(#2547,#2548,#2549,#2550));
#1904=PLANE('',#1905);
#1905=AXIS2_PLACEMENT_3D('',#1906,#1907,#1908);
#1906=CARTESIAN_POINT('',(6.32281076638794,1.55267854785015,1.07));
#1907=DIRECTION('',(-0.906307787039943,0.422618261733637,0.));
#1908=DIRECTION('',(-0.422618261733637,-0.906307787039943,0.));
#1909=FACE_BOUND('',#1910,.T.);
#1910=EDGE_LOOP('',(#2551,#2552,#2553,#2554));
#1911=PLANE('',#1912);
#1912=AXIS2_PLACEMENT_3D('',#1913,#1914,#1915);
#1913=CARTESIAN_POINT('',(6.19099559472815,1.27,1.07));
#1914=DIRECTION('',(-0.906307787035266,-0.422618261743666,0.));
#1915=DIRECTION('',(0.422618261743666,-0.906307787035267,0.));
#1916=FACE_BOUND('',#1917,.T.);
#1917=EDGE_LOOP('',(#2555,#2556,#2557,#2558));
#1918=CYLINDRICAL_SURFACE('',#1919,0.03);
#1919=AXIS2_PLACEMENT_3D('',#1920,#1921,#1922);
#1920=CARTESIAN_POINT('',(6.35,1.,1.07));
#1921=DIRECTION('',(0.,0.,1.));
#1922=DIRECTION('',(-0.906307787035285,-0.422618261743626,0.));
#1923=FACE_BOUND('',#1924,.T.);
#1924=EDGE_LOOP('',(#2559));
#1925=PLANE('',#1926);
#1926=AXIS2_PLACEMENT_3D('',#1927,#1928,#1929);
#1927=CARTESIAN_POINT('',(0.,0.,-2.74));
#1928=DIRECTION('',(-0.,-0.,-1.));
#1929=DIRECTION('',(0.,-1.,0.));
#1930=FACE_OUTER_BOUND('',#1931,.T.);
#1931=EDGE_LOOP('',(#2560));
#1932=FACE_OUTER_BOUND('',#1933,.T.);
#1933=EDGE_LOOP('',(#2561));
#1934=CONICAL_SURFACE('',#1935,0.285,0.785398163397449);
#1935=AXIS2_PLACEMENT_3D('',#1936,#1937,#1938);
#1936=CARTESIAN_POINT('',(0.,0.,-2.645));
#1937=DIRECTION('',(0.,0.,1.));
#1938=DIRECTION('',(-0.,1.,-0.));
#1939=FACE_OUTER_BOUND('',#1940,.T.);
#1940=EDGE_LOOP('',(#2562));
#1941=FACE_OUTER_BOUND('',#1942,.T.);
#1942=EDGE_LOOP('',(#2563));
#1943=CYLINDRICAL_SURFACE('',#1944,0.38);
#1944=AXIS2_PLACEMENT_3D('',#1945,#1946,#1947);
#1945=CARTESIAN_POINT('',(0.,0.,0.));
#1946=DIRECTION('',(-0.,-0.,-1.));
#1947=DIRECTION('',(0.,-1.,0.));
#1948=FACE_OUTER_BOUND('',#1949,.T.);
#1949=EDGE_LOOP('',(#2564));
#1950=FACE_OUTER_BOUND('',#1951,.T.);
#1951=EDGE_LOOP('',(#2565));
#1952=CONICAL_SURFACE('',#1953,0.52,0.785398163397449);
#1953=AXIS2_PLACEMENT_3D('',#1954,#1955,#1956);
#1954=CARTESIAN_POINT('',(0.,0.,0.14));
#1955=DIRECTION('',(0.,0.,1.));
#1956=DIRECTION('',(-0.,1.,-0.));
#1957=FACE_OUTER_BOUND('',#1958,.T.);
#1958=EDGE_LOOP('',(#2566));
#1959=FACE_OUTER_BOUND('',#1960,.T.);
#1960=EDGE_LOOP('',(#2567));
#1961=CYLINDRICAL_SURFACE('',#1962,0.66);
#1962=AXIS2_PLACEMENT_3D('',#1963,#1964,#1965);
#1963=CARTESIAN_POINT('',(0.,0.,1.29287838708185));
#1964=DIRECTION('',(-0.,-0.,-1.));
#1965=DIRECTION('',(0.,-1.,0.));
#1966=FACE_OUTER_BOUND('',#1967,.T.);
#1967=EDGE_LOOP('',(#2568));
#1968=FACE_OUTER_BOUND('',#1969,.T.);
#1969=EDGE_LOOP('',(#2569));
#1970=CONICAL_SURFACE('',#1971,0.735,0.349065850398866);
#1971=AXIS2_PLACEMENT_3D('',#1972,#1973,#1974);
#1972=CARTESIAN_POINT('',(0.,0.,1.49893919354094));
#1973=DIRECTION('',(0.,0.,1.));
#1974=DIRECTION('',(-0.,1.,-0.));
#1975=FACE_BOUND('',#1976,.T.);
#1976=EDGE_LOOP('',(#2570));
#1977=FACE_BOUND('',#1978,.T.);
#1978=EDGE_LOOP('',(#2571));
#1979=PLANE('',#1980);
#1980=AXIS2_PLACEMENT_3D('',#1981,#1982,#1983);
#1981=CARTESIAN_POINT('',(0.,0.,1.70500000000004));
#1982=DIRECTION('',(0.,0.,1.));
#1983=DIRECTION('',(0.,-1.,0.));
#1984=FACE_OUTER_BOUND('',#1985,.T.);
#1985=EDGE_LOOP('',(#2572));
#1986=FACE_OUTER_BOUND('',#1987,.T.);
#1987=EDGE_LOOP('',(#2573));
#1988=CYLINDRICAL_SURFACE('',#1989,0.66);
#1989=AXIS2_PLACEMENT_3D('',#1990,#1991,#1992);
#1990=CARTESIAN_POINT('',(0.,0.,2.2400000000001));
#1991=DIRECTION('',(-0.,-0.,-1.));
#1992=DIRECTION('',(0.,-1.,0.));
#1993=FACE_BOUND('',#1994,.T.);
#1994=EDGE_LOOP('',(#2574));
#1995=FACE_BOUND('',#1996,.T.);
#1996=EDGE_LOOP('',(#2575));
#1997=PLANE('',#1998);
#1998=AXIS2_PLACEMENT_3D('',#1999,#2000,#2001);
#1999=CARTESIAN_POINT('',(0.,0.,2.2400000000001));
#2000=DIRECTION('',(-0.,-0.,-1.));
#2001=DIRECTION('',(0.,-1.,0.));
#2002=FACE_OUTER_BOUND('',#2003,.T.);
#2003=EDGE_LOOP('',(#2576));
#2004=FACE_OUTER_BOUND('',#2005,.T.);
#2005=EDGE_LOOP('',(#2577));
#2006=CYLINDRICAL_SURFACE('',#2007,0.915);
#2007=AXIS2_PLACEMENT_3D('',#2008,#2009,#2010);
#2008=CARTESIAN_POINT('',(0.,0.,3.1));
#2009=DIRECTION('',(-0.,-0.,-1.));
#2010=DIRECTION('',(0.,-1.,0.));
#2011=FACE_BOUND('',#2012,.T.);
#2012=EDGE_LOOP('',(#2578));
#2013=FACE_BOUND('',#2014,.T.);
#2014=EDGE_LOOP('',(#2579));
#2015=PLANE('',#2016);
#2016=AXIS2_PLACEMENT_3D('',#2017,#2018,#2019);
#2017=CARTESIAN_POINT('',(0.,0.,3.1));
#2018=DIRECTION('',(0.,0.,1.));
#2019=DIRECTION('',(0.,-1.,0.));
#2020=FACE_OUTER_BOUND('',#2021,.T.);
#2021=EDGE_LOOP('',(#2580));
#2022=FACE_OUTER_BOUND('',#2023,.T.);
#2023=EDGE_LOOP('',(#2581));
#2024=CONICAL_SURFACE('',#2025,0.57959553513995,0.349065850398866);
#2025=AXIS2_PLACEMENT_3D('',#2026,#2027,#2028);
#2026=CARTESIAN_POINT('',(0.,0.,2.95000000000005));
#2027=DIRECTION('',(0.,0.,1.));
#2028=DIRECTION('',(-0.,1.,-0.));
#2029=FACE_OUTER_BOUND('',#2030,.T.);
#2030=EDGE_LOOP('',(#2582));
#2031=FACE_OUTER_BOUND('',#2032,.T.);
#2032=EDGE_LOOP('',(#2583));
#2033=CYLINDRICAL_SURFACE('',#2034,0.525);
#2034=AXIS2_PLACEMENT_3D('',#2035,#2036,#2037);
#2035=CARTESIAN_POINT('',(0.,0.,2.3));
#2036=DIRECTION('',(-0.,-0.,-1.));
#2037=DIRECTION('',(0.,-1.,0.));
#2038=FACE_OUTER_BOUND('',#2039,.T.);
#2039=EDGE_LOOP('',(#2584));
#2040=FACE_OUTER_BOUND('',#2041,.T.);
#2041=EDGE_LOOP('',(#2585));
#2042=CONICAL_SURFACE('',#2043,0.375,0.185347949995695);
#2043=AXIS2_PLACEMENT_3D('',#2044,#2045,#2046);
#2044=CARTESIAN_POINT('',(0.,0.,1.5));
#2045=DIRECTION('',(0.,0.,1.));
#2046=DIRECTION('',(-0.,1.,-0.));
#2047=FACE_BOUND('',#2048,.T.);
#2048=EDGE_LOOP('',(#2586));
#2049=FACE_BOUND('',#2050,.T.);
#2050=EDGE_LOOP('',(#2587));
#2051=PLANE('',#2052);
#2052=AXIS2_PLACEMENT_3D('',#2053,#2054,#2055);
#2053=CARTESIAN_POINT('',(0.,0.,0.7));
#2054=DIRECTION('',(-0.,-0.,-1.));
#2055=DIRECTION('',(0.,-1.,0.));
#2056=FACE_OUTER_BOUND('',#2057,.T.);
#2057=EDGE_LOOP('',(#2588));
#2058=FACE_OUTER_BOUND('',#2059,.T.);
#2059=EDGE_LOOP('',(#2589));
#2060=CYLINDRICAL_SURFACE('',#2061,0.525);
#2061=AXIS2_PLACEMENT_3D('',#2062,#2063,#2064);
#2062=CARTESIAN_POINT('',(0.,0.,0.45021515475689));
#2063=DIRECTION('',(-0.,-0.,-1.));
#2064=DIRECTION('',(0.,-1.,0.));
#2065=FACE_OUTER_BOUND('',#2066,.T.);
#2066=EDGE_LOOP('',(#2590));
#2067=FACE_OUTER_BOUND('',#2068,.T.);
#2068=EDGE_LOOP('',(#2591));
#2069=CONICAL_SURFACE('',#2070,0.4,1.02974425866379);
#2070=AXIS2_PLACEMENT_3D('',#2071,#2072,#2073);
#2071=CARTESIAN_POINT('',(0.,0.,0.375107577380634));
#2072=DIRECTION('',(0.,0.,1.));
#2073=DIRECTION('',(-0.,1.,-0.));
#2074=FACE_OUTER_BOUND('',#2075,.T.);
#2075=EDGE_LOOP('',(#2592));
#2076=FACE_OUTER_BOUND('',#2077,.T.);
#2077=EDGE_LOOP('',(#2593));
#2078=CYLINDRICAL_SURFACE('',#2079,0.275);
#2079=AXIS2_PLACEMENT_3D('',#2080,#2081,#2082);
#2080=CARTESIAN_POINT('',(0.,0.,-1.6));
#2081=DIRECTION('',(-0.,-0.,-1.));
#2082=DIRECTION('',(0.,-1.,0.));
#2083=FACE_OUTER_BOUND('',#2084,.T.);
#2084=EDGE_LOOP('',(#2594));
#2085=FACE_OUTER_BOUND('',#2086,.T.);
#2086=EDGE_LOOP('',(#2595));
#2087=CONICAL_SURFACE('',#2088,0.1525,1.02974425867665);
#2088=AXIS2_PLACEMENT_3D('',#2089,#2090,#2091);
#2089=CARTESIAN_POINT('',(0.,0.,-1.67360542583088));
#2090=DIRECTION('',(0.,0.,1.));
#2091=DIRECTION('',(-0.,1.,-0.));
#2092=FACE_BOUND('',#2093,.T.);
#2093=EDGE_LOOP('',(#2596));
#2094=PLANE('',#2095);
#2095=AXIS2_PLACEMENT_3D('',#2096,#2097,#2098);
#2096=CARTESIAN_POINT('',(0.,0.,-1.74721085166175));
#2097=DIRECTION('',(0.,0.,1.));
#2098=DIRECTION('',(0.,-1.,0.));
#2099=ORIENTED_EDGE('',*,*,#2597,.T.);
#2100=ORIENTED_EDGE('',*,*,#2598,.F.);
#2101=ORIENTED_EDGE('',*,*,#2599,.T.);
#2102=ORIENTED_EDGE('',*,*,#2600,.F.);
#2103=ORIENTED_EDGE('',*,*,#2601,.T.);
#2104=ORIENTED_EDGE('',*,*,#2602,.F.);
#2105=ORIENTED_EDGE('',*,*,#2603,.F.);
#2106=ORIENTED_EDGE('',*,*,#2604,.F.);
#2107=ORIENTED_EDGE('',*,*,#2605,.T.);
#2108=ORIENTED_EDGE('',*,*,#2606,.F.);
#2109=ORIENTED_EDGE('',*,*,#2607,.T.);
#2110=ORIENTED_EDGE('',*,*,#2608,.T.);
#2111=ORIENTED_EDGE('',*,*,#2609,.T.);
#2112=ORIENTED_EDGE('',*,*,#2610,.T.);
#2113=ORIENTED_EDGE('',*,*,#2611,.T.);
#2114=ORIENTED_EDGE('',*,*,#2612,.F.);
#2115=ORIENTED_EDGE('',*,*,#2613,.T.);
#2116=ORIENTED_EDGE('',*,*,#2614,.T.);
#2117=ORIENTED_EDGE('',*,*,#2608,.F.);
#2118=ORIENTED_EDGE('',*,*,#2615,.T.);
#2119=ORIENTED_EDGE('',*,*,#2616,.T.);
#2120=ORIENTED_EDGE('',*,*,#2617,.T.);
#2121=ORIENTED_EDGE('',*,*,#2618,.F.);
#2122=ORIENTED_EDGE('',*,*,#2619,.T.);
#2123=ORIENTED_EDGE('',*,*,#2620,.T.);
#2124=ORIENTED_EDGE('',*,*,#2621,.T.);
#2125=ORIENTED_EDGE('',*,*,#2622,.F.);
#2126=ORIENTED_EDGE('',*,*,#2623,.T.);
#2127=ORIENTED_EDGE('',*,*,#2624,.T.);
#2128=ORIENTED_EDGE('',*,*,#2625,.T.);
#2129=ORIENTED_EDGE('',*,*,#2626,.F.);
#2130=ORIENTED_EDGE('',*,*,#2627,.F.);
#2131=ORIENTED_EDGE('',*,*,#2628,.F.);
#2132=ORIENTED_EDGE('',*,*,#2629,.F.);
#2133=ORIENTED_EDGE('',*,*,#2630,.F.);
#2134=ORIENTED_EDGE('',*,*,#2631,.F.);
#2135=ORIENTED_EDGE('',*,*,#2632,.F.);
#2136=ORIENTED_EDGE('',*,*,#2633,.F.);
#2137=ORIENTED_EDGE('',*,*,#2634,.T.);
#2138=ORIENTED_EDGE('',*,*,#2635,.T.);
#2139=ORIENTED_EDGE('',*,*,#2636,.T.);
#2140=ORIENTED_EDGE('',*,*,#2637,.F.);
#2141=ORIENTED_EDGE('',*,*,#2638,.T.);
#2142=ORIENTED_EDGE('',*,*,#2639,.T.);
#2143=ORIENTED_EDGE('',*,*,#2640,.T.);
#2144=ORIENTED_EDGE('',*,*,#2641,.F.);
#2145=ORIENTED_EDGE('',*,*,#2642,.T.);
#2146=ORIENTED_EDGE('',*,*,#2643,.T.);
#2147=ORIENTED_EDGE('',*,*,#2644,.T.);
#2148=ORIENTED_EDGE('',*,*,#2645,.F.);
#2149=ORIENTED_EDGE('',*,*,#2646,.T.);
#2150=ORIENTED_EDGE('',*,*,#2647,.T.);
#2151=ORIENTED_EDGE('',*,*,#2648,.T.);
#2152=ORIENTED_EDGE('',*,*,#2649,.F.);
#2153=ORIENTED_EDGE('',*,*,#2650,.F.);
#2154=ORIENTED_EDGE('',*,*,#2651,.F.);
#2155=ORIENTED_EDGE('',*,*,#2652,.F.);
#2156=ORIENTED_EDGE('',*,*,#2653,.F.);
#2157=ORIENTED_EDGE('',*,*,#2654,.F.);
#2158=ORIENTED_EDGE('',*,*,#2655,.F.);
#2159=ORIENTED_EDGE('',*,*,#2610,.F.);
#2160=ORIENTED_EDGE('',*,*,#2656,.T.);
#2161=ORIENTED_EDGE('',*,*,#2657,.T.);
#2162=ORIENTED_EDGE('',*,*,#2604,.T.);
#2163=ORIENTED_EDGE('',*,*,#2658,.T.);
#2164=ORIENTED_EDGE('',*,*,#2598,.T.);
#2165=ORIENTED_EDGE('',*,*,#2659,.T.);
#2166=ORIENTED_EDGE('',*,*,#2660,.T.);
#2167=ORIENTED_EDGE('',*,*,#2661,.T.);
#2168=ORIENTED_EDGE('',*,*,#2662,.T.);
#2169=ORIENTED_EDGE('',*,*,#2663,.T.);
#2170=ORIENTED_EDGE('',*,*,#2664,.T.);
#2171=ORIENTED_EDGE('',*,*,#2665,.T.);
#2172=ORIENTED_EDGE('',*,*,#2666,.T.);
#2173=ORIENTED_EDGE('',*,*,#2667,.T.);
#2174=ORIENTED_EDGE('',*,*,#2668,.T.);
#2175=ORIENTED_EDGE('',*,*,#2669,.T.);
#2176=ORIENTED_EDGE('',*,*,#2670,.T.);
#2177=ORIENTED_EDGE('',*,*,#2671,.T.);
#2178=ORIENTED_EDGE('',*,*,#2672,.T.);
#2179=ORIENTED_EDGE('',*,*,#2673,.T.);
#2180=ORIENTED_EDGE('',*,*,#2674,.T.);
#2181=ORIENTED_EDGE('',*,*,#2675,.T.);
#2182=ORIENTED_EDGE('',*,*,#2676,.T.);
#2183=ORIENTED_EDGE('',*,*,#2677,.T.);
#2184=ORIENTED_EDGE('',*,*,#2678,.T.);
#2185=ORIENTED_EDGE('',*,*,#2679,.T.);
#2186=ORIENTED_EDGE('',*,*,#2680,.T.);
#2187=ORIENTED_EDGE('',*,*,#2681,.T.);
#2188=ORIENTED_EDGE('',*,*,#2682,.T.);
#2189=ORIENTED_EDGE('',*,*,#2683,.T.);
#2190=ORIENTED_EDGE('',*,*,#2684,.T.);
#2191=ORIENTED_EDGE('',*,*,#2685,.T.);
#2192=ORIENTED_EDGE('',*,*,#2686,.T.);
#2193=ORIENTED_EDGE('',*,*,#2687,.T.);
#2194=ORIENTED_EDGE('',*,*,#2688,.T.);
#2195=ORIENTED_EDGE('',*,*,#2689,.T.);
#2196=ORIENTED_EDGE('',*,*,#2690,.T.);
#2197=ORIENTED_EDGE('',*,*,#2612,.T.);
#2198=ORIENTED_EDGE('',*,*,#2691,.T.);
#2199=ORIENTED_EDGE('',*,*,#2692,.T.);
#2200=ORIENTED_EDGE('',*,*,#2693,.T.);
#2201=ORIENTED_EDGE('',*,*,#2694,.T.);
#2202=ORIENTED_EDGE('',*,*,#2695,.T.);
#2203=ORIENTED_EDGE('',*,*,#2696,.T.);
#2204=ORIENTED_EDGE('',*,*,#2697,.T.);
#2205=ORIENTED_EDGE('',*,*,#2698,.T.);
#2206=ORIENTED_EDGE('',*,*,#2699,.T.);
#2207=ORIENTED_EDGE('',*,*,#2700,.T.);
#2208=ORIENTED_EDGE('',*,*,#2701,.T.);
#2209=ORIENTED_EDGE('',*,*,#2702,.T.);
#2210=ORIENTED_EDGE('',*,*,#2703,.T.);
#2211=ORIENTED_EDGE('',*,*,#2704,.T.);
#2212=ORIENTED_EDGE('',*,*,#2705,.T.);
#2213=ORIENTED_EDGE('',*,*,#2706,.T.);
#2214=ORIENTED_EDGE('',*,*,#2707,.T.);
#2215=ORIENTED_EDGE('',*,*,#2708,.T.);
#2216=ORIENTED_EDGE('',*,*,#2709,.T.);
#2217=ORIENTED_EDGE('',*,*,#2710,.T.);
#2218=ORIENTED_EDGE('',*,*,#2711,.T.);
#2219=ORIENTED_EDGE('',*,*,#2712,.T.);
#2220=ORIENTED_EDGE('',*,*,#2713,.T.);
#2221=ORIENTED_EDGE('',*,*,#2714,.T.);
#2222=ORIENTED_EDGE('',*,*,#2715,.T.);
#2223=ORIENTED_EDGE('',*,*,#2716,.T.);
#2224=ORIENTED_EDGE('',*,*,#2717,.T.);
#2225=ORIENTED_EDGE('',*,*,#2718,.T.);
#2226=ORIENTED_EDGE('',*,*,#2719,.T.);
#2227=ORIENTED_EDGE('',*,*,#2720,.T.);
#2228=ORIENTED_EDGE('',*,*,#2721,.T.);
#2229=ORIENTED_EDGE('',*,*,#2722,.T.);
#2230=ORIENTED_EDGE('',*,*,#2723,.T.);
#2231=ORIENTED_EDGE('',*,*,#2724,.T.);
#2232=ORIENTED_EDGE('',*,*,#2725,.T.);
#2233=ORIENTED_EDGE('',*,*,#2726,.T.);
#2234=ORIENTED_EDGE('',*,*,#2727,.T.);
#2235=ORIENTED_EDGE('',*,*,#2728,.T.);
#2236=ORIENTED_EDGE('',*,*,#2729,.T.);
#2237=ORIENTED_EDGE('',*,*,#2730,.T.);
#2238=ORIENTED_EDGE('',*,*,#2731,.T.);
#2239=ORIENTED_EDGE('',*,*,#2606,.T.);
#2240=ORIENTED_EDGE('',*,*,#2732,.T.);
#2241=ORIENTED_EDGE('',*,*,#2733,.T.);
#2242=ORIENTED_EDGE('',*,*,#2734,.T.);
#2243=ORIENTED_EDGE('',*,*,#2735,.T.);
#2244=ORIENTED_EDGE('',*,*,#2600,.T.);
#2245=ORIENTED_EDGE('',*,*,#2736,.T.);
#2246=ORIENTED_EDGE('',*,*,#2602,.T.);
#2247=ORIENTED_EDGE('',*,*,#2737,.T.);
#2248=ORIENTED_EDGE('',*,*,#2738,.T.);
#2249=ORIENTED_EDGE('',*,*,#2739,.T.);
#2250=ORIENTED_EDGE('',*,*,#2740,.T.);
#2251=ORIENTED_EDGE('',*,*,#2741,.T.);
#2252=ORIENTED_EDGE('',*,*,#2742,.T.);
#2253=ORIENTED_EDGE('',*,*,#2743,.T.);
#2254=ORIENTED_EDGE('',*,*,#2744,.T.);
#2255=ORIENTED_EDGE('',*,*,#2745,.T.);
#2256=ORIENTED_EDGE('',*,*,#2746,.T.);
#2257=ORIENTED_EDGE('',*,*,#2747,.T.);
#2258=ORIENTED_EDGE('',*,*,#2748,.T.);
#2259=ORIENTED_EDGE('',*,*,#2749,.T.);
#2260=ORIENTED_EDGE('',*,*,#2750,.T.);
#2261=ORIENTED_EDGE('',*,*,#2751,.T.);
#2262=ORIENTED_EDGE('',*,*,#2752,.T.);
#2263=ORIENTED_EDGE('',*,*,#2753,.T.);
#2264=ORIENTED_EDGE('',*,*,#2754,.T.);
#2265=ORIENTED_EDGE('',*,*,#2755,.T.);
#2266=ORIENTED_EDGE('',*,*,#2756,.T.);
#2267=ORIENTED_EDGE('',*,*,#2757,.T.);
#2268=ORIENTED_EDGE('',*,*,#2758,.T.);
#2269=ORIENTED_EDGE('',*,*,#2759,.T.);
#2270=ORIENTED_EDGE('',*,*,#2760,.T.);
#2271=ORIENTED_EDGE('',*,*,#2761,.T.);
#2272=ORIENTED_EDGE('',*,*,#2762,.T.);
#2273=ORIENTED_EDGE('',*,*,#2763,.T.);
#2274=ORIENTED_EDGE('',*,*,#2764,.T.);
#2275=ORIENTED_EDGE('',*,*,#2690,.F.);
#2276=ORIENTED_EDGE('',*,*,#2765,.F.);
#2277=ORIENTED_EDGE('',*,*,#2656,.F.);
#2278=ORIENTED_EDGE('',*,*,#2609,.F.);
#2279=ORIENTED_EDGE('',*,*,#2732,.F.);
#2280=ORIENTED_EDGE('',*,*,#2605,.F.);
#2281=ORIENTED_EDGE('',*,*,#2614,.F.);
#2282=ORIENTED_EDGE('',*,*,#2766,.T.);
#2283=ORIENTED_EDGE('',*,*,#2689,.F.);
#2284=ORIENTED_EDGE('',*,*,#2766,.F.);
#2285=ORIENTED_EDGE('',*,*,#2613,.F.);
#2286=ORIENTED_EDGE('',*,*,#2765,.T.);
#2287=ORIENTED_EDGE('',*,*,#2734,.F.);
#2288=ORIENTED_EDGE('',*,*,#2767,.F.);
#2289=ORIENTED_EDGE('',*,*,#2660,.F.);
#2290=ORIENTED_EDGE('',*,*,#2768,.T.);
#2291=ORIENTED_EDGE('',*,*,#2597,.F.);
#2292=ORIENTED_EDGE('',*,*,#2735,.F.);
#2293=ORIENTED_EDGE('',*,*,#2768,.F.);
#2294=ORIENTED_EDGE('',*,*,#2659,.F.);
#2295=ORIENTED_EDGE('',*,*,#2601,.F.);
#2296=ORIENTED_EDGE('',*,*,#2657,.F.);
#2297=ORIENTED_EDGE('',*,*,#2767,.T.);
#2298=ORIENTED_EDGE('',*,*,#2733,.F.);
#2299=ORIENTED_EDGE('',*,*,#2658,.F.);
#2300=ORIENTED_EDGE('',*,*,#2603,.T.);
#2301=ORIENTED_EDGE('',*,*,#2736,.F.);
#2302=ORIENTED_EDGE('',*,*,#2599,.F.);
#2303=ORIENTED_EDGE('',*,*,#2607,.F.);
#2304=ORIENTED_EDGE('',*,*,#2731,.F.);
#2305=ORIENTED_EDGE('',*,*,#2769,.F.);
#2306=ORIENTED_EDGE('',*,*,#2615,.F.);
#2307=ORIENTED_EDGE('',*,*,#2655,.T.);
#2308=ORIENTED_EDGE('',*,*,#2770,.T.);
#2309=ORIENTED_EDGE('',*,*,#2691,.F.);
#2310=ORIENTED_EDGE('',*,*,#2611,.F.);
#2311=ORIENTED_EDGE('',*,*,#2616,.F.);
#2312=ORIENTED_EDGE('',*,*,#2769,.T.);
#2313=ORIENTED_EDGE('',*,*,#2730,.F.);
#2314=ORIENTED_EDGE('',*,*,#2771,.F.);
#2315=ORIENTED_EDGE('',*,*,#2772,.F.);
#2316=ORIENTED_EDGE('',*,*,#2617,.F.);
#2317=ORIENTED_EDGE('',*,*,#2771,.T.);
#2318=ORIENTED_EDGE('',*,*,#2729,.F.);
#2319=ORIENTED_EDGE('',*,*,#2772,.T.);
#2320=ORIENTED_EDGE('',*,*,#2728,.F.);
#2321=ORIENTED_EDGE('',*,*,#2773,.T.);
#2322=ORIENTED_EDGE('',*,*,#2618,.T.);
#2323=ORIENTED_EDGE('',*,*,#2727,.F.);
#2324=ORIENTED_EDGE('',*,*,#2774,.F.);
#2325=ORIENTED_EDGE('',*,*,#2619,.F.);
#2326=ORIENTED_EDGE('',*,*,#2773,.F.);
#2327=ORIENTED_EDGE('',*,*,#2726,.F.);
#2328=ORIENTED_EDGE('',*,*,#2775,.F.);
#2329=ORIENTED_EDGE('',*,*,#2620,.F.);
#2330=ORIENTED_EDGE('',*,*,#2774,.T.);
#2331=ORIENTED_EDGE('',*,*,#2725,.F.);
#2332=ORIENTED_EDGE('',*,*,#2776,.F.);
#2333=ORIENTED_EDGE('',*,*,#2621,.F.);
#2334=ORIENTED_EDGE('',*,*,#2775,.T.);
#2335=ORIENTED_EDGE('',*,*,#2776,.T.);
#2336=ORIENTED_EDGE('',*,*,#2724,.F.);
#2337=ORIENTED_EDGE('',*,*,#2777,.T.);
#2338=ORIENTED_EDGE('',*,*,#2622,.T.);
#2339=ORIENTED_EDGE('',*,*,#2623,.F.);
#2340=ORIENTED_EDGE('',*,*,#2777,.F.);
#2341=ORIENTED_EDGE('',*,*,#2723,.F.);
#2342=ORIENTED_EDGE('',*,*,#2778,.F.);
#2343=ORIENTED_EDGE('',*,*,#2624,.F.);
#2344=ORIENTED_EDGE('',*,*,#2778,.T.);
#2345=ORIENTED_EDGE('',*,*,#2722,.F.);
#2346=ORIENTED_EDGE('',*,*,#2779,.F.);
#2347=ORIENTED_EDGE('',*,*,#2625,.F.);
#2348=ORIENTED_EDGE('',*,*,#2779,.T.);
#2349=ORIENTED_EDGE('',*,*,#2721,.F.);
#2350=ORIENTED_EDGE('',*,*,#2780,.F.);
#2351=ORIENTED_EDGE('',*,*,#2780,.T.);
#2352=ORIENTED_EDGE('',*,*,#2720,.F.);
#2353=ORIENTED_EDGE('',*,*,#2781,.F.);
#2354=ORIENTED_EDGE('',*,*,#2626,.T.);
#2355=ORIENTED_EDGE('',*,*,#2627,.T.);
#2356=ORIENTED_EDGE('',*,*,#2781,.T.);
#2357=ORIENTED_EDGE('',*,*,#2719,.F.);
#2358=ORIENTED_EDGE('',*,*,#2782,.F.);
#2359=ORIENTED_EDGE('',*,*,#2628,.T.);
#2360=ORIENTED_EDGE('',*,*,#2782,.T.);
#2361=ORIENTED_EDGE('',*,*,#2718,.F.);
#2362=ORIENTED_EDGE('',*,*,#2783,.F.);
#2363=ORIENTED_EDGE('',*,*,#2784,.F.);
#2364=ORIENTED_EDGE('',*,*,#2629,.T.);
#2365=ORIENTED_EDGE('',*,*,#2783,.T.);
#2366=ORIENTED_EDGE('',*,*,#2717,.F.);
#2367=ORIENTED_EDGE('',*,*,#2784,.T.);
#2368=ORIENTED_EDGE('',*,*,#2716,.F.);
#2369=ORIENTED_EDGE('',*,*,#2785,.F.);
#2370=ORIENTED_EDGE('',*,*,#2630,.T.);
#2371=ORIENTED_EDGE('',*,*,#2631,.T.);
#2372=ORIENTED_EDGE('',*,*,#2785,.T.);
#2373=ORIENTED_EDGE('',*,*,#2715,.F.);
#2374=ORIENTED_EDGE('',*,*,#2786,.F.);
#2375=ORIENTED_EDGE('',*,*,#2632,.T.);
#2376=ORIENTED_EDGE('',*,*,#2786,.T.);
#2377=ORIENTED_EDGE('',*,*,#2714,.F.);
#2378=ORIENTED_EDGE('',*,*,#2787,.F.);
#2379=ORIENTED_EDGE('',*,*,#2788,.T.);
#2380=ORIENTED_EDGE('',*,*,#2633,.T.);
#2381=ORIENTED_EDGE('',*,*,#2787,.T.);
#2382=ORIENTED_EDGE('',*,*,#2713,.F.);
#2383=ORIENTED_EDGE('',*,*,#2634,.F.);
#2384=ORIENTED_EDGE('',*,*,#2788,.F.);
#2385=ORIENTED_EDGE('',*,*,#2712,.F.);
#2386=ORIENTED_EDGE('',*,*,#2789,.F.);
#2387=ORIENTED_EDGE('',*,*,#2635,.F.);
#2388=ORIENTED_EDGE('',*,*,#2789,.T.);
#2389=ORIENTED_EDGE('',*,*,#2711,.F.);
#2390=ORIENTED_EDGE('',*,*,#2790,.F.);
#2391=ORIENTED_EDGE('',*,*,#2636,.F.);
#2392=ORIENTED_EDGE('',*,*,#2790,.T.);
#2393=ORIENTED_EDGE('',*,*,#2710,.F.);
#2394=ORIENTED_EDGE('',*,*,#2791,.F.);
#2395=ORIENTED_EDGE('',*,*,#2791,.T.);
#2396=ORIENTED_EDGE('',*,*,#2709,.F.);
#2397=ORIENTED_EDGE('',*,*,#2792,.T.);
#2398=ORIENTED_EDGE('',*,*,#2637,.T.);
#2399=ORIENTED_EDGE('',*,*,#2638,.F.);
#2400=ORIENTED_EDGE('',*,*,#2792,.F.);
#2401=ORIENTED_EDGE('',*,*,#2708,.F.);
#2402=ORIENTED_EDGE('',*,*,#2793,.F.);
#2403=ORIENTED_EDGE('',*,*,#2639,.F.);
#2404=ORIENTED_EDGE('',*,*,#2793,.T.);
#2405=ORIENTED_EDGE('',*,*,#2707,.F.);
#2406=ORIENTED_EDGE('',*,*,#2794,.F.);
#2407=ORIENTED_EDGE('',*,*,#2640,.F.);
#2408=ORIENTED_EDGE('',*,*,#2794,.T.);
#2409=ORIENTED_EDGE('',*,*,#2706,.F.);
#2410=ORIENTED_EDGE('',*,*,#2795,.F.);
#2411=ORIENTED_EDGE('',*,*,#2795,.T.);
#2412=ORIENTED_EDGE('',*,*,#2705,.F.);
#2413=ORIENTED_EDGE('',*,*,#2796,.T.);
#2414=ORIENTED_EDGE('',*,*,#2641,.T.);
#2415=ORIENTED_EDGE('',*,*,#2642,.F.);
#2416=ORIENTED_EDGE('',*,*,#2796,.F.);
#2417=ORIENTED_EDGE('',*,*,#2704,.F.);
#2418=ORIENTED_EDGE('',*,*,#2797,.F.);
#2419=ORIENTED_EDGE('',*,*,#2643,.F.);
#2420=ORIENTED_EDGE('',*,*,#2797,.T.);
#2421=ORIENTED_EDGE('',*,*,#2703,.F.);
#2422=ORIENTED_EDGE('',*,*,#2798,.F.);
#2423=ORIENTED_EDGE('',*,*,#2644,.F.);
#2424=ORIENTED_EDGE('',*,*,#2798,.T.);
#2425=ORIENTED_EDGE('',*,*,#2702,.F.);
#2426=ORIENTED_EDGE('',*,*,#2799,.F.);
#2427=ORIENTED_EDGE('',*,*,#2799,.T.);
#2428=ORIENTED_EDGE('',*,*,#2701,.F.);
#2429=ORIENTED_EDGE('',*,*,#2800,.T.);
#2430=ORIENTED_EDGE('',*,*,#2645,.T.);
#2431=ORIENTED_EDGE('',*,*,#2646,.F.);
#2432=ORIENTED_EDGE('',*,*,#2800,.F.);
#2433=ORIENTED_EDGE('',*,*,#2700,.F.);
#2434=ORIENTED_EDGE('',*,*,#2801,.F.);
#2435=ORIENTED_EDGE('',*,*,#2647,.F.);
#2436=ORIENTED_EDGE('',*,*,#2801,.T.);
#2437=ORIENTED_EDGE('',*,*,#2699,.F.);
#2438=ORIENTED_EDGE('',*,*,#2802,.F.);
#2439=ORIENTED_EDGE('',*,*,#2648,.F.);
#2440=ORIENTED_EDGE('',*,*,#2802,.T.);
#2441=ORIENTED_EDGE('',*,*,#2698,.F.);
#2442=ORIENTED_EDGE('',*,*,#2803,.F.);
#2443=ORIENTED_EDGE('',*,*,#2803,.T.);
#2444=ORIENTED_EDGE('',*,*,#2697,.F.);
#2445=ORIENTED_EDGE('',*,*,#2804,.F.);
#2446=ORIENTED_EDGE('',*,*,#2649,.T.);
#2447=ORIENTED_EDGE('',*,*,#2650,.T.);
#2448=ORIENTED_EDGE('',*,*,#2804,.T.);
#2449=ORIENTED_EDGE('',*,*,#2696,.F.);
#2450=ORIENTED_EDGE('',*,*,#2805,.F.);
#2451=ORIENTED_EDGE('',*,*,#2651,.T.);
#2452=ORIENTED_EDGE('',*,*,#2805,.T.);
#2453=ORIENTED_EDGE('',*,*,#2695,.F.);
#2454=ORIENTED_EDGE('',*,*,#2806,.F.);
#2455=ORIENTED_EDGE('',*,*,#2807,.T.);
#2456=ORIENTED_EDGE('',*,*,#2652,.T.);
#2457=ORIENTED_EDGE('',*,*,#2806,.T.);
#2458=ORIENTED_EDGE('',*,*,#2694,.F.);
#2459=ORIENTED_EDGE('',*,*,#2807,.F.);
#2460=ORIENTED_EDGE('',*,*,#2693,.F.);
#2461=ORIENTED_EDGE('',*,*,#2808,.F.);
#2462=ORIENTED_EDGE('',*,*,#2653,.T.);
#2463=ORIENTED_EDGE('',*,*,#2654,.T.);
#2464=ORIENTED_EDGE('',*,*,#2808,.T.);
#2465=ORIENTED_EDGE('',*,*,#2692,.F.);
#2466=ORIENTED_EDGE('',*,*,#2770,.F.);
#2467=ORIENTED_EDGE('',*,*,#2809,.F.);
#2468=ORIENTED_EDGE('',*,*,#2661,.F.);
#2469=ORIENTED_EDGE('',*,*,#2810,.T.);
#2470=ORIENTED_EDGE('',*,*,#2737,.F.);
#2471=ORIENTED_EDGE('',*,*,#2809,.T.);
#2472=ORIENTED_EDGE('',*,*,#2742,.F.);
#2473=ORIENTED_EDGE('',*,*,#2811,.F.);
#2474=ORIENTED_EDGE('',*,*,#2662,.F.);
#2475=ORIENTED_EDGE('',*,*,#2663,.F.);
#2476=ORIENTED_EDGE('',*,*,#2811,.T.);
#2477=ORIENTED_EDGE('',*,*,#2741,.F.);
#2478=ORIENTED_EDGE('',*,*,#2812,.F.);
#2479=ORIENTED_EDGE('',*,*,#2813,.T.);
#2480=ORIENTED_EDGE('',*,*,#2664,.F.);
#2481=ORIENTED_EDGE('',*,*,#2812,.T.);
#2482=ORIENTED_EDGE('',*,*,#2740,.F.);
#2483=ORIENTED_EDGE('',*,*,#2813,.F.);
#2484=ORIENTED_EDGE('',*,*,#2739,.F.);
#2485=ORIENTED_EDGE('',*,*,#2814,.F.);
#2486=ORIENTED_EDGE('',*,*,#2665,.F.);
#2487=ORIENTED_EDGE('',*,*,#2738,.F.);
#2488=ORIENTED_EDGE('',*,*,#2810,.F.);
#2489=ORIENTED_EDGE('',*,*,#2666,.F.);
#2490=ORIENTED_EDGE('',*,*,#2814,.T.);
#2491=ORIENTED_EDGE('',*,*,#2743,.F.);
#2492=ORIENTED_EDGE('',*,*,#2667,.F.);
#2493=ORIENTED_EDGE('',*,*,#2744,.F.);
#2494=ORIENTED_EDGE('',*,*,#2668,.F.);
#2495=ORIENTED_EDGE('',*,*,#2745,.F.);
#2496=ORIENTED_EDGE('',*,*,#2669,.F.);
#2497=ORIENTED_EDGE('',*,*,#2746,.F.);
#2498=ORIENTED_EDGE('',*,*,#2670,.F.);
#2499=ORIENTED_EDGE('',*,*,#2747,.F.);
#2500=ORIENTED_EDGE('',*,*,#2671,.F.);
#2501=ORIENTED_EDGE('',*,*,#2748,.F.);
#2502=ORIENTED_EDGE('',*,*,#2672,.F.);
#2503=ORIENTED_EDGE('',*,*,#2749,.F.);
#2504=ORIENTED_EDGE('',*,*,#2673,.F.);
#2505=ORIENTED_EDGE('',*,*,#2750,.F.);
#2506=ORIENTED_EDGE('',*,*,#2674,.F.);
#2507=ORIENTED_EDGE('',*,*,#2751,.F.);
#2508=ORIENTED_EDGE('',*,*,#2675,.F.);
#2509=ORIENTED_EDGE('',*,*,#2752,.F.);
#2510=ORIENTED_EDGE('',*,*,#2676,.F.);
#2511=ORIENTED_EDGE('',*,*,#2677,.F.);
#2512=ORIENTED_EDGE('',*,*,#2815,.T.);
#2513=ORIENTED_EDGE('',*,*,#2753,.F.);
#2514=ORIENTED_EDGE('',*,*,#2816,.F.);
#2515=ORIENTED_EDGE('',*,*,#2817,.F.);
#2516=ORIENTED_EDGE('',*,*,#2678,.F.);
#2517=ORIENTED_EDGE('',*,*,#2816,.T.);
#2518=ORIENTED_EDGE('',*,*,#2758,.F.);
#2519=ORIENTED_EDGE('',*,*,#2817,.T.);
#2520=ORIENTED_EDGE('',*,*,#2757,.F.);
#2521=ORIENTED_EDGE('',*,*,#2818,.F.);
#2522=ORIENTED_EDGE('',*,*,#2679,.F.);
#2523=ORIENTED_EDGE('',*,*,#2680,.F.);
#2524=ORIENTED_EDGE('',*,*,#2818,.T.);
#2525=ORIENTED_EDGE('',*,*,#2756,.F.);
#2526=ORIENTED_EDGE('',*,*,#2819,.F.);
#2527=ORIENTED_EDGE('',*,*,#2820,.T.);
#2528=ORIENTED_EDGE('',*,*,#2681,.F.);
#2529=ORIENTED_EDGE('',*,*,#2819,.T.);
#2530=ORIENTED_EDGE('',*,*,#2755,.F.);
#2531=ORIENTED_EDGE('',*,*,#2820,.F.);
#2532=ORIENTED_EDGE('',*,*,#2754,.F.);
#2533=ORIENTED_EDGE('',*,*,#2815,.F.);
#2534=ORIENTED_EDGE('',*,*,#2682,.F.);
#2535=ORIENTED_EDGE('',*,*,#2821,.F.);
#2536=ORIENTED_EDGE('',*,*,#2683,.F.);
#2537=ORIENTED_EDGE('',*,*,#2822,.T.);
#2538=ORIENTED_EDGE('',*,*,#2759,.F.);
#2539=ORIENTED_EDGE('',*,*,#2821,.T.);
#2540=ORIENTED_EDGE('',*,*,#2764,.F.);
#2541=ORIENTED_EDGE('',*,*,#2823,.F.);
#2542=ORIENTED_EDGE('',*,*,#2684,.F.);
#2543=ORIENTED_EDGE('',*,*,#2685,.F.);
#2544=ORIENTED_EDGE('',*,*,#2823,.T.);
#2545=ORIENTED_EDGE('',*,*,#2763,.F.);
#2546=ORIENTED_EDGE('',*,*,#2824,.F.);
#2547=ORIENTED_EDGE('',*,*,#2825,.T.);
#2548=ORIENTED_EDGE('',*,*,#2686,.F.);
#2549=ORIENTED_EDGE('',*,*,#2824,.T.);
#2550=ORIENTED_EDGE('',*,*,#2762,.F.);
#2551=ORIENTED_EDGE('',*,*,#2825,.F.);
#2552=ORIENTED_EDGE('',*,*,#2761,.F.);
#2553=ORIENTED_EDGE('',*,*,#2826,.F.);
#2554=ORIENTED_EDGE('',*,*,#2687,.F.);
#2555=ORIENTED_EDGE('',*,*,#2688,.F.);
#2556=ORIENTED_EDGE('',*,*,#2826,.T.);
#2557=ORIENTED_EDGE('',*,*,#2760,.F.);
#2558=ORIENTED_EDGE('',*,*,#2822,.F.);
#2559=ORIENTED_EDGE('',*,*,#2827,.T.);
#2560=ORIENTED_EDGE('',*,*,#2827,.F.);
#2561=ORIENTED_EDGE('',*,*,#2828,.T.);
#2562=ORIENTED_EDGE('',*,*,#2829,.T.);
#2563=ORIENTED_EDGE('',*,*,#2828,.F.);
#2564=ORIENTED_EDGE('',*,*,#2829,.F.);
#2565=ORIENTED_EDGE('',*,*,#2830,.T.);
#2566=ORIENTED_EDGE('',*,*,#2831,.T.);
#2567=ORIENTED_EDGE('',*,*,#2830,.F.);
#2568=ORIENTED_EDGE('',*,*,#2831,.F.);
#2569=ORIENTED_EDGE('',*,*,#2832,.T.);
#2570=ORIENTED_EDGE('',*,*,#2832,.F.);
#2571=ORIENTED_EDGE('',*,*,#2833,.T.);
#2572=ORIENTED_EDGE('',*,*,#2834,.T.);
#2573=ORIENTED_EDGE('',*,*,#2833,.F.);
#2574=ORIENTED_EDGE('',*,*,#2835,.T.);
#2575=ORIENTED_EDGE('',*,*,#2834,.F.);
#2576=ORIENTED_EDGE('',*,*,#2836,.T.);
#2577=ORIENTED_EDGE('',*,*,#2835,.F.);
#2578=ORIENTED_EDGE('',*,*,#2836,.F.);
#2579=ORIENTED_EDGE('',*,*,#2837,.T.);
#2580=ORIENTED_EDGE('',*,*,#2838,.T.);
#2581=ORIENTED_EDGE('',*,*,#2837,.F.);
#2582=ORIENTED_EDGE('',*,*,#2838,.F.);
#2583=ORIENTED_EDGE('',*,*,#2839,.T.);
#2584=ORIENTED_EDGE('',*,*,#2840,.T.);
#2585=ORIENTED_EDGE('',*,*,#2839,.F.);
#2586=ORIENTED_EDGE('',*,*,#2841,.T.);
#2587=ORIENTED_EDGE('',*,*,#2840,.F.);
#2588=ORIENTED_EDGE('',*,*,#2841,.F.);
#2589=ORIENTED_EDGE('',*,*,#2842,.T.);
#2590=ORIENTED_EDGE('',*,*,#2843,.T.);
#2591=ORIENTED_EDGE('',*,*,#2842,.F.);
#2592=ORIENTED_EDGE('',*,*,#2843,.F.);
#2593=ORIENTED_EDGE('',*,*,#2844,.T.);
#2594=ORIENTED_EDGE('',*,*,#2845,.T.);
#2595=ORIENTED_EDGE('',*,*,#2844,.F.);
#2596=ORIENTED_EDGE('',*,*,#2845,.F.);
#2597=EDGE_CURVE('',#2846,#2847,#2848,.F.);
#2598=EDGE_CURVE('',#2849,#2847,#2850,.T.);
#2599=EDGE_CURVE('',#2849,#2851,#2852,.T.);
#2600=EDGE_CURVE('',#2846,#2851,#2853,.F.);
#2601=EDGE_CURVE('',#2854,#2855,#2856,.T.);
#2602=EDGE_CURVE('',#2857,#2855,#2858,.F.);
#2603=EDGE_CURVE('',#2859,#2857,#2860,.T.);
#2604=EDGE_CURVE('',#2854,#2859,#2861,.T.);
#2605=EDGE_CURVE('',#2862,#2863,#2864,.F.);
#2606=EDGE_CURVE('',#2865,#2863,#2866,.T.);
#2607=EDGE_CURVE('',#2865,#2867,#2868,.F.);
#2608=EDGE_CURVE('',#2867,#2862,#2869,.T.);
#2609=EDGE_CURVE('',#2870,#2871,#2872,.F.);
#2610=EDGE_CURVE('',#2871,#2873,#2874,.T.);
#2611=EDGE_CURVE('',#2873,#2875,#2876,.T.);
#2612=EDGE_CURVE('',#2870,#2875,#2877,.T.);
#2613=EDGE_CURVE('',#2878,#2879,#2880,.T.);
#2614=EDGE_CURVE('',#2879,#2862,#2881,.T.);
#2615=EDGE_CURVE('',#2867,#2882,#2883,.T.);
#2616=EDGE_CURVE('',#2882,#2884,#2885,.T.);
#2617=EDGE_CURVE('',#2884,#2886,#2887,.T.);
#2618=EDGE_CURVE('',#2888,#2886,#2889,.T.);
#2619=EDGE_CURVE('',#2888,#2890,#2891,.T.);
#2620=EDGE_CURVE('',#2890,#2892,#2893,.T.);
#2621=EDGE_CURVE('',#2892,#2894,#2895,.T.);
#2622=EDGE_CURVE('',#2896,#2894,#2897,.T.);
#2623=EDGE_CURVE('',#2896,#2898,#2899,.T.);
#2624=EDGE_CURVE('',#2898,#2900,#2901,.T.);
#2625=EDGE_CURVE('',#2900,#2902,#2903,.T.);
#2626=EDGE_CURVE('',#2904,#2902,#2905,.T.);
#2627=EDGE_CURVE('',#2906,#2904,#2907,.T.);
#2628=EDGE_CURVE('',#2908,#2906,#2909,.T.);
#2629=EDGE_CURVE('',#2910,#2908,#2911,.T.);
#2630=EDGE_CURVE('',#2912,#2910,#2913,.T.);
#2631=EDGE_CURVE('',#2914,#2912,#2915,.T.);
#2632=EDGE_CURVE('',#2916,#2914,#2917,.T.);
#2633=EDGE_CURVE('',#2918,#2916,#2919,.T.);
#2634=EDGE_CURVE('',#2918,#2920,#2921,.T.);
#2635=EDGE_CURVE('',#2920,#2922,#2923,.T.);
#2636=EDGE_CURVE('',#2922,#2924,#2925,.T.);
#2637=EDGE_CURVE('',#2926,#2924,#2927,.T.);
#2638=EDGE_CURVE('',#2926,#2928,#2929,.T.);
#2639=EDGE_CURVE('',#2928,#2930,#2931,.T.);
#2640=EDGE_CURVE('',#2930,#2932,#2933,.T.);
#2641=EDGE_CURVE('',#2934,#2932,#2935,.T.);
#2642=EDGE_CURVE('',#2934,#2936,#2937,.T.);
#2643=EDGE_CURVE('',#2936,#2938,#2939,.T.);
#2644=EDGE_CURVE('',#2938,#2940,#2941,.T.);
#2645=EDGE_CURVE('',#2942,#2940,#2943,.T.);
#2646=EDGE_CURVE('',#2942,#2944,#2945,.T.);
#2647=EDGE_CURVE('',#2944,#2946,#2947,.T.);
#2648=EDGE_CURVE('',#2946,#2948,#2949,.T.);
#2649=EDGE_CURVE('',#2950,#2948,#2951,.T.);
#2650=EDGE_CURVE('',#2952,#2950,#2953,.T.);
#2651=EDGE_CURVE('',#2954,#2952,#2955,.T.);
#2652=EDGE_CURVE('',#2956,#2954,#2957,.T.);
#2653=EDGE_CURVE('',#2958,#2956,#2959,.T.);
#2654=EDGE_CURVE('',#2960,#2958,#2961,.T.);
#2655=EDGE_CURVE('',#2873,#2960,#2962,.T.);
#2656=EDGE_CURVE('',#2871,#2878,#2963,.T.);
#2657=EDGE_CURVE('',#2964,#2854,#2965,.T.);
#2658=EDGE_CURVE('',#2859,#2849,#2966,.T.);
#2659=EDGE_CURVE('',#2847,#2967,#2968,.T.);
#2660=EDGE_CURVE('',#2967,#2964,#2969,.T.);
#2661=EDGE_CURVE('',#2970,#2971,#2972,.T.);
#2662=EDGE_CURVE('',#2971,#2973,#2974,.T.);
#2663=EDGE_CURVE('',#2973,#2975,#2976,.T.);
#2664=EDGE_CURVE('',#2975,#2977,#2978,.T.);
#2665=EDGE_CURVE('',#2977,#2979,#2980,.T.);
#2666=EDGE_CURVE('',#2979,#2970,#2981,.T.);
#2667=EDGE_CURVE('',#2982,#2982,#2983,.T.);
#2668=EDGE_CURVE('',#2984,#2984,#2985,.T.);
#2669=EDGE_CURVE('',#2986,#2986,#2987,.T.);
#2670=EDGE_CURVE('',#2988,#2988,#2989,.T.);
#2671=EDGE_CURVE('',#2990,#2990,#2991,.T.);
#2672=EDGE_CURVE('',#2992,#2992,#2993,.T.);
#2673=EDGE_CURVE('',#2994,#2994,#2995,.T.);
#2674=EDGE_CURVE('',#2996,#2996,#2997,.T.);
#2675=EDGE_CURVE('',#2998,#2998,#2999,.T.);
#2676=EDGE_CURVE('',#3000,#3000,#3001,.T.);
#2677=EDGE_CURVE('',#3002,#3003,#3004,.T.);
#2678=EDGE_CURVE('',#3003,#3005,#3006,.T.);
#2679=EDGE_CURVE('',#3005,#3007,#3008,.T.);
#2680=EDGE_CURVE('',#3007,#3009,#3010,.T.);
#2681=EDGE_CURVE('',#3009,#3011,#3012,.T.);
#2682=EDGE_CURVE('',#3011,#3002,#3013,.T.);
#2683=EDGE_CURVE('',#3014,#3015,#3016,.T.);
#2684=EDGE_CURVE('',#3015,#3017,#3018,.T.);
#2685=EDGE_CURVE('',#3017,#3019,#3020,.T.);
#2686=EDGE_CURVE('',#3019,#3021,#3022,.T.);
#2687=EDGE_CURVE('',#3021,#3023,#3024,.T.);
#2688=EDGE_CURVE('',#3023,#3014,#3025,.T.);
#2689=EDGE_CURVE('',#3026,#3027,#3028,.F.);
#2690=EDGE_CURVE('',#3027,#2870,#3029,.F.);
#2691=EDGE_CURVE('',#2875,#3030,#3031,.T.);
#2692=EDGE_CURVE('',#3030,#3032,#3033,.T.);
#2693=EDGE_CURVE('',#3032,#3034,#3035,.T.);
#2694=EDGE_CURVE('',#3034,#3036,#3037,.T.);
#2695=EDGE_CURVE('',#3036,#3038,#3039,.T.);
#2696=EDGE_CURVE('',#3038,#3040,#3041,.T.);
#2697=EDGE_CURVE('',#3040,#3042,#3043,.T.);
#2698=EDGE_CURVE('',#3042,#3044,#3045,.F.);
#2699=EDGE_CURVE('',#3044,#3046,#3047,.F.);
#2700=EDGE_CURVE('',#3046,#3048,#3049,.F.);
#2701=EDGE_CURVE('',#3048,#3050,#3051,.T.);
#2702=EDGE_CURVE('',#3050,#3052,#3053,.F.);
#2703=EDGE_CURVE('',#3052,#3054,#3055,.F.);
#2704=EDGE_CURVE('',#3054,#3056,#3057,.F.);
#2705=EDGE_CURVE('',#3056,#3058,#3059,.T.);
#2706=EDGE_CURVE('',#3058,#3060,#3061,.F.);
#2707=EDGE_CURVE('',#3060,#3062,#3063,.F.);
#2708=EDGE_CURVE('',#3062,#3064,#3065,.F.);
#2709=EDGE_CURVE('',#3064,#3066,#3067,.T.);
#2710=EDGE_CURVE('',#3066,#3068,#3069,.F.);
#2711=EDGE_CURVE('',#3068,#3070,#3071,.F.);
#2712=EDGE_CURVE('',#3070,#3072,#3073,.F.);
#2713=EDGE_CURVE('',#3072,#3074,#3075,.T.);
#2714=EDGE_CURVE('',#3074,#3076,#3077,.T.);
#2715=EDGE_CURVE('',#3076,#3078,#3079,.T.);
#2716=EDGE_CURVE('',#3078,#3080,#3081,.T.);
#2717=EDGE_CURVE('',#3080,#3082,#3083,.T.);
#2718=EDGE_CURVE('',#3082,#3084,#3085,.T.);
#2719=EDGE_CURVE('',#3084,#3086,#3087,.T.);
#2720=EDGE_CURVE('',#3086,#3088,#3089,.T.);
#2721=EDGE_CURVE('',#3088,#3090,#3091,.F.);
#2722=EDGE_CURVE('',#3090,#3092,#3093,.F.);
#2723=EDGE_CURVE('',#3092,#3094,#3095,.F.);
#2724=EDGE_CURVE('',#3094,#3096,#3097,.T.);
#2725=EDGE_CURVE('',#3096,#3098,#3099,.F.);
#2726=EDGE_CURVE('',#3098,#3100,#3101,.F.);
#2727=EDGE_CURVE('',#3100,#3102,#3103,.F.);
#2728=EDGE_CURVE('',#3102,#3104,#3105,.T.);
#2729=EDGE_CURVE('',#3104,#3106,#3107,.F.);
#2730=EDGE_CURVE('',#3106,#3108,#3109,.F.);
#2731=EDGE_CURVE('',#3108,#2865,#3110,.F.);
#2732=EDGE_CURVE('',#2863,#3026,#3111,.F.);
#2733=EDGE_CURVE('',#2855,#3112,#3113,.F.);
#2734=EDGE_CURVE('',#3112,#3114,#3115,.F.);
#2735=EDGE_CURVE('',#3114,#2846,#3116,.F.);
#2736=EDGE_CURVE('',#2851,#2857,#3117,.F.);
#2737=EDGE_CURVE('',#3118,#3119,#3120,.F.);
#2738=EDGE_CURVE('',#3119,#3121,#3122,.F.);
#2739=EDGE_CURVE('',#3121,#3123,#3124,.F.);
#2740=EDGE_CURVE('',#3123,#3125,#3126,.F.);
#2741=EDGE_CURVE('',#3125,#3127,#3128,.F.);
#2742=EDGE_CURVE('',#3127,#3118,#3129,.F.);
#2743=EDGE_CURVE('',#3130,#3130,#3131,.F.);
#2744=EDGE_CURVE('',#3132,#3132,#3133,.F.);
#2745=EDGE_CURVE('',#3134,#3134,#3135,.F.);
#2746=EDGE_CURVE('',#3136,#3136,#3137,.F.);
#2747=EDGE_CURVE('',#3138,#3138,#3139,.F.);
#2748=EDGE_CURVE('',#3140,#3140,#3141,.F.);
#2749=EDGE_CURVE('',#3142,#3142,#3143,.F.);
#2750=EDGE_CURVE('',#3144,#3144,#3145,.F.);
#2751=EDGE_CURVE('',#3146,#3146,#3147,.F.);
#2752=EDGE_CURVE('',#3148,#3148,#3149,.F.);
#2753=EDGE_CURVE('',#3150,#3151,#3152,.F.);
#2754=EDGE_CURVE('',#3151,#3153,#3154,.F.);
#2755=EDGE_CURVE('',#3153,#3155,#3156,.F.);
#2756=EDGE_CURVE('',#3155,#3157,#3158,.F.);
#2757=EDGE_CURVE('',#3157,#3159,#3160,.F.);
#2758=EDGE_CURVE('',#3159,#3150,#3161,.F.);
#2759=EDGE_CURVE('',#3162,#3163,#3164,.F.);
#2760=EDGE_CURVE('',#3163,#3165,#3166,.F.);
#2761=EDGE_CURVE('',#3165,#3167,#3168,.F.);
#2762=EDGE_CURVE('',#3167,#3169,#3170,.F.);
#2763=EDGE_CURVE('',#3169,#3171,#3172,.F.);
#2764=EDGE_CURVE('',#3171,#3162,#3173,.F.);
#2765=EDGE_CURVE('',#2878,#3027,#3174,.T.);
#2766=EDGE_CURVE('',#2879,#3026,#3175,.T.);
#2767=EDGE_CURVE('',#2964,#3112,#3176,.T.);
#2768=EDGE_CURVE('',#2967,#3114,#3177,.T.);
#2769=EDGE_CURVE('',#2882,#3108,#3178,.T.);
#2770=EDGE_CURVE('',#2960,#3030,#3179,.T.);
#2771=EDGE_CURVE('',#2884,#3106,#3180,.T.);
#2772=EDGE_CURVE('',#2886,#3104,#3181,.F.);
#2773=EDGE_CURVE('',#3102,#2888,#3182,.F.);
#2774=EDGE_CURVE('',#2890,#3100,#3183,.T.);
#2775=EDGE_CURVE('',#2892,#3098,#3184,.T.);
#2776=EDGE_CURVE('',#2894,#3096,#3185,.F.);
#2777=EDGE_CURVE('',#3094,#2896,#3186,.F.);
#2778=EDGE_CURVE('',#2898,#3092,#3187,.T.);
#2779=EDGE_CURVE('',#2900,#3090,#3188,.T.);
#2780=EDGE_CURVE('',#2902,#3088,#3189,.F.);
#2781=EDGE_CURVE('',#2904,#3086,#3190,.T.);
#2782=EDGE_CURVE('',#2906,#3084,#3191,.T.);
#2783=EDGE_CURVE('',#2908,#3082,#3192,.T.);
#2784=EDGE_CURVE('',#2910,#3080,#3193,.T.);
#2785=EDGE_CURVE('',#2912,#3078,#3194,.T.);
#2786=EDGE_CURVE('',#2914,#3076,#3195,.T.);
#2787=EDGE_CURVE('',#2916,#3074,#3196,.T.);
#2788=EDGE_CURVE('',#3072,#2918,#3197,.F.);
#2789=EDGE_CURVE('',#2920,#3070,#3198,.T.);
#2790=EDGE_CURVE('',#2922,#3068,#3199,.T.);
#2791=EDGE_CURVE('',#2924,#3066,#3200,.F.);
#2792=EDGE_CURVE('',#3064,#2926,#3201,.F.);
#2793=EDGE_CURVE('',#2928,#3062,#3202,.T.);
#2794=EDGE_CURVE('',#2930,#3060,#3203,.T.);
#2795=EDGE_CURVE('',#2932,#3058,#3204,.F.);
#2796=EDGE_CURVE('',#3056,#2934,#3205,.F.);
#2797=EDGE_CURVE('',#2936,#3054,#3206,.T.);
#2798=EDGE_CURVE('',#2938,#3052,#3207,.T.);
#2799=EDGE_CURVE('',#2940,#3050,#3208,.F.);
#2800=EDGE_CURVE('',#3048,#2942,#3209,.F.);
#2801=EDGE_CURVE('',#2944,#3046,#3210,.T.);
#2802=EDGE_CURVE('',#2946,#3044,#3211,.T.);
#2803=EDGE_CURVE('',#2948,#3042,#3212,.F.);
#2804=EDGE_CURVE('',#2950,#3040,#3213,.T.);
#2805=EDGE_CURVE('',#2952,#3038,#3214,.T.);
#2806=EDGE_CURVE('',#2954,#3036,#3215,.T.);
#2807=EDGE_CURVE('',#3034,#2956,#3216,.F.);
#2808=EDGE_CURVE('',#2958,#3032,#3217,.T.);
#2809=EDGE_CURVE('',#2971,#3118,#3218,.T.);
#2810=EDGE_CURVE('',#2970,#3119,#3219,.T.);
#2811=EDGE_CURVE('',#2973,#3127,#3220,.T.);
#2812=EDGE_CURVE('',#2975,#3125,#3221,.T.);
#2813=EDGE_CURVE('',#3123,#2977,#3222,.F.);
#2814=EDGE_CURVE('',#2979,#3121,#3223,.T.);
#2815=EDGE_CURVE('',#3002,#3151,#3224,.T.);
#2816=EDGE_CURVE('',#3003,#3150,#3225,.T.);
#2817=EDGE_CURVE('',#3005,#3159,#3226,.T.);
#2818=EDGE_CURVE('',#3007,#3157,#3227,.T.);
#2819=EDGE_CURVE('',#3009,#3155,#3228,.T.);
#2820=EDGE_CURVE('',#3153,#3011,#3229,.T.);
#2821=EDGE_CURVE('',#3015,#3162,#3230,.T.);
#2822=EDGE_CURVE('',#3014,#3163,#3231,.T.);
#2823=EDGE_CURVE('',#3017,#3171,#3232,.T.);
#2824=EDGE_CURVE('',#3019,#3169,#3233,.T.);
#2825=EDGE_CURVE('',#3167,#3021,#3234,.F.);
#2826=EDGE_CURVE('',#3023,#3165,#3235,.T.);
#2827=EDGE_CURVE('',#3236,#3236,#3237,.T.);
#2828=EDGE_CURVE('',#3238,#3238,#3239,.T.);
#2829=EDGE_CURVE('',#3240,#3240,#3241,.T.);
#2830=EDGE_CURVE('',#3242,#3242,#3243,.T.);
#2831=EDGE_CURVE('',#3244,#3244,#3245,.T.);
#2832=EDGE_CURVE('',#3246,#3246,#3247,.T.);
#2833=EDGE_CURVE('',#3248,#3248,#3249,.T.);
#2834=EDGE_CURVE('',#3250,#3250,#3251,.T.);
#2835=EDGE_CURVE('',#3252,#3252,#3253,.T.);
#2836=EDGE_CURVE('',#3254,#3254,#3255,.T.);
#2837=EDGE_CURVE('',#3256,#3256,#3257,.T.);
#2838=EDGE_CURVE('',#3258,#3258,#3259,.T.);
#2839=EDGE_CURVE('',#3260,#3260,#3261,.T.);
#2840=EDGE_CURVE('',#3262,#3262,#3263,.T.);
#2841=EDGE_CURVE('',#3264,#3264,#3265,.T.);
#2842=EDGE_CURVE('',#3266,#3266,#3267,.T.);
#2843=EDGE_CURVE('',#3268,#3268,#3269,.T.);
#2844=EDGE_CURVE('',#3270,#3270,#3271,.T.);
#2845=EDGE_CURVE('',#3272,#3272,#3273,.T.);
#2846=VERTEX_POINT('',#3274);
#2847=VERTEX_POINT('',#3275);
#2848=LINE('',#3276,#3277);
#2849=VERTEX_POINT('',#3279);
#2850=LINE('',#3280,#3281);
#2851=VERTEX_POINT('',#3283);
#2852=LINE('',#3284,#3285);
#2853=LINE('',#3287,#3288);
#2854=VERTEX_POINT('',#3290);
#2855=VERTEX_POINT('',#3291);
#2856=LINE('',#3292,#3293);
#2857=VERTEX_POINT('',#3295);
#2858=LINE('',#3296,#3297);
#2859=VERTEX_POINT('',#3299);
#2860=LINE('',#3300,#3301);
#2861=LINE('',#3303,#3304);
#2862=VERTEX_POINT('',#3306);
#2863=VERTEX_POINT('',#3307);
#2864=LINE('',#3308,#3309);
#2865=VERTEX_POINT('',#3311);
#2866=LINE('',#3312,#3313);
#2867=VERTEX_POINT('',#3315);
#2868=LINE('',#3316,#3317);
#2869=LINE('',#3319,#3320);
#2870=VERTEX_POINT('',#3322);
#2871=VERTEX_POINT('',#3323);
#2872=LINE('',#3324,#3325);
#2873=VERTEX_POINT('',#3327);
#2874=LINE('',#3328,#3329);
#2875=VERTEX_POINT('',#3331);
#2876=LINE('',#3332,#3333);
#2877=LINE('',#3335,#3336);
#2878=VERTEX_POINT('',#3338);
#2879=VERTEX_POINT('',#3339);
#2880=CIRCLE('',#3340,0.03);
#2881=LINE('',#3344,#3345);
#2882=VERTEX_POINT('',#3347);
#2883=LINE('',#3348,#3349);
#2884=VERTEX_POINT('',#3351);
#2885=CIRCLE('',#3352,0.03);
#2886=VERTEX_POINT('',#3356);
#2887=LINE('',#3357,#3358);
#2888=VERTEX_POINT('',#3360);
#2889=LINE('',#3361,#3362);
#2890=VERTEX_POINT('',#3364);
#2891=LINE('',#3365,#3366);
#2892=VERTEX_POINT('',#3368);
#2893=CIRCLE('',#3369,0.03);
#2894=VERTEX_POINT('',#3373);
#2895=LINE('',#3374,#3375);
#2896=VERTEX_POINT('',#3377);
#2897=LINE('',#3378,#3379);
#2898=VERTEX_POINT('',#3381);
#2899=LINE('',#3382,#3383);
#2900=VERTEX_POINT('',#3385);
#2901=CIRCLE('',#3386,0.03);
#2902=VERTEX_POINT('',#3390);
#2903=LINE('',#3391,#3392);
#2904=VERTEX_POINT('',#3394);
#2905=LINE('',#3395,#3396);
#2906=VERTEX_POINT('',#3398);
#2907=LINE('',#3399,#3400);
#2908=VERTEX_POINT('',#3402);
#2909=LINE('',#3403,#3404);
#2910=VERTEX_POINT('',#3406);
#2911=LINE('',#3407,#3408);
#2912=VERTEX_POINT('',#3410);
#2913=LINE('',#3411,#3412);
#2914=VERTEX_POINT('',#3414);
#2915=LINE('',#3415,#3416);
#2916=VERTEX_POINT('',#3418);
#2917=LINE('',#3419,#3420);
#2918=VERTEX_POINT('',#3422);
#2919=LINE('',#3423,#3424);
#2920=VERTEX_POINT('',#3426);
#2921=LINE('',#3427,#3428);
#2922=VERTEX_POINT('',#3430);
#2923=CIRCLE('',#3431,0.03);
#2924=VERTEX_POINT('',#3435);
#2925=LINE('',#3436,#3437);
#2926=VERTEX_POINT('',#3439);
#2927=LINE('',#3440,#3441);
#2928=VERTEX_POINT('',#3443);
#2929=LINE('',#3444,#3445);
#2930=VERTEX_POINT('',#3447);
#2931=CIRCLE('',#3448,0.03);
#2932=VERTEX_POINT('',#3452);
#2933=LINE('',#3453,#3454);
#2934=VERTEX_POINT('',#3456);
#2935=LINE('',#3457,#3458);
#2936=VERTEX_POINT('',#3460);
#2937=LINE('',#3461,#3462);
#2938=VERTEX_POINT('',#3464);
#2939=CIRCLE('',#3465,0.03);
#2940=VERTEX_POINT('',#3469);
#2941=LINE('',#3470,#3471);
#2942=VERTEX_POINT('',#3473);
#2943=LINE('',#3474,#3475);
#2944=VERTEX_POINT('',#3477);
#2945=LINE('',#3478,#3479);
#2946=VERTEX_POINT('',#3481);
#2947=CIRCLE('',#3482,0.03);
#2948=VERTEX_POINT('',#3486);
#2949=LINE('',#3487,#3488);
#2950=VERTEX_POINT('',#3490);
#2951=LINE('',#3491,#3492);
#2952=VERTEX_POINT('',#3494);
#2953=LINE('',#3495,#3496);
#2954=VERTEX_POINT('',#3498);
#2955=LINE('',#3499,#3500);
#2956=VERTEX_POINT('',#3502);
#2957=LINE('',#3503,#3504);
#2958=VERTEX_POINT('',#3506);
#2959=LINE('',#3507,#3508);
#2960=VERTEX_POINT('',#3510);
#2961=LINE('',#3511,#3512);
#2962=LINE('',#3514,#3515);
#2963=LINE('',#3517,#3518);
#2964=VERTEX_POINT('',#3520);
#2965=LINE('',#3521,#3522);
#2966=CIRCLE('',#3524,0.03);
#2967=VERTEX_POINT('',#3528);
#2968=LINE('',#3529,#3530);
#2969=CIRCLE('',#3532,0.03);
#2970=VERTEX_POINT('',#3536);
#2971=VERTEX_POINT('',#3537);
#2972=LINE('',#3538,#3539);
#2973=VERTEX_POINT('',#3541);
#2974=LINE('',#3542,#3543);
#2975=VERTEX_POINT('',#3545);
#2976=CIRCLE('',#3546,0.03);
#2977=VERTEX_POINT('',#3550);
#2978=LINE('',#3551,#3552);
#2979=VERTEX_POINT('',#3554);
#2980=LINE('',#3555,#3556);
#2981=CIRCLE('',#3558,0.03);
#2982=VERTEX_POINT('',#3562);
#2983=CIRCLE('',#3563,0.66);
#2984=VERTEX_POINT('',#3567);
#2985=CIRCLE('',#3568,0.66);
#2986=VERTEX_POINT('',#3572);
#2987=CIRCLE('',#3573,0.66);
#2988=VERTEX_POINT('',#3577);
#2989=CIRCLE('',#3578,0.66);
#2990=VERTEX_POINT('',#3582);
#2991=CIRCLE('',#3583,0.66);
#2992=VERTEX_POINT('',#3587);
#2993=CIRCLE('',#3588,0.66);
#2994=VERTEX_POINT('',#3592);
#2995=CIRCLE('',#3593,0.66);
#2996=VERTEX_POINT('',#3597);
#2997=CIRCLE('',#3598,0.66);
#2998=VERTEX_POINT('',#3602);
#2999=CIRCLE('',#3603,0.66);
#3000=VERTEX_POINT('',#3607);
#3001=CIRCLE('',#3608,0.66);
#3002=VERTEX_POINT('',#3612);
#3003=VERTEX_POINT('',#3613);
#3004=CIRCLE('',#3614,0.03);
#3005=VERTEX_POINT('',#3618);
#3006=LINE('',#3619,#3620);
#3007=VERTEX_POINT('',#3622);
#3008=LINE('',#3623,#3624);
#3009=VERTEX_POINT('',#3626);
#3010=CIRCLE('',#3627,0.03);
#3011=VERTEX_POINT('',#3631);
#3012=LINE('',#3632,#3633);
#3013=LINE('',#3635,#3636);
#3014=VERTEX_POINT('',#3638);
#3015=VERTEX_POINT('',#3639);
#3016=LINE('',#3640,#3641);
#3017=VERTEX_POINT('',#3643);
#3018=LINE('',#3644,#3645);
#3019=VERTEX_POINT('',#3647);
#3020=CIRCLE('',#3648,0.03);
#3021=VERTEX_POINT('',#3652);
#3022=LINE('',#3653,#3654);
#3023=VERTEX_POINT('',#3656);
#3024=LINE('',#3657,#3658);
#3025=CIRCLE('',#3660,0.03);
#3026=VERTEX_POINT('',#3664);
#3027=VERTEX_POINT('',#3665);
#3028=CIRCLE('',#3666,0.03);
#3029=LINE('',#3670,#3671);
#3030=VERTEX_POINT('',#3673);
#3031=LINE('',#3674,#3675);
#3032=VERTEX_POINT('',#3677);
#3033=LINE('',#3678,#3679);
#3034=VERTEX_POINT('',#3681);
#3035=LINE('',#3682,#3683);
#3036=VERTEX_POINT('',#3685);
#3037=LINE('',#3686,#3687);
#3038=VERTEX_POINT('',#3689);
#3039=LINE('',#3690,#3691);
#3040=VERTEX_POINT('',#3693);
#3041=LINE('',#3694,#3695);
#3042=VERTEX_POINT('',#3697);
#3043=LINE('',#3698,#3699);
#3044=VERTEX_POINT('',#3701);
#3045=LINE('',#3702,#3703);
#3046=VERTEX_POINT('',#3705);
#3047=CIRCLE('',#3706,0.03);
#3048=VERTEX_POINT('',#3710);
#3049=LINE('',#3711,#3712);
#3050=VERTEX_POINT('',#3714);
#3051=LINE('',#3715,#3716);
#3052=VERTEX_POINT('',#3718);
#3053=LINE('',#3719,#3720);
#3054=VERTEX_POINT('',#3722);
#3055=CIRCLE('',#3723,0.03);
#3056=VERTEX_POINT('',#3727);
#3057=LINE('',#3728,#3729);
#3058=VERTEX_POINT('',#3731);
#3059=LINE('',#3732,#3733);
#3060=VERTEX_POINT('',#3735);
#3061=LINE('',#3736,#3737);
#3062=VERTEX_POINT('',#3739);
#3063=CIRCLE('',#3740,0.03);
#3064=VERTEX_POINT('',#3744);
#3065=LINE('',#3745,#3746);
#3066=VERTEX_POINT('',#3748);
#3067=LINE('',#3749,#3750);
#3068=VERTEX_POINT('',#3752);
#3069=LINE('',#3753,#3754);
#3070=VERTEX_POINT('',#3756);
#3071=CIRCLE('',#3757,0.03);
#3072=VERTEX_POINT('',#3761);
#3073=LINE('',#3762,#3763);
#3074=VERTEX_POINT('',#3765);
#3075=LINE('',#3766,#3767);
#3076=VERTEX_POINT('',#3769);
#3077=LINE('',#3770,#3771);
#3078=VERTEX_POINT('',#3773);
#3079=LINE('',#3774,#3775);
#3080=VERTEX_POINT('',#3777);
#3081=LINE('',#3778,#3779);
#3082=VERTEX_POINT('',#3781);
#3083=LINE('',#3782,#3783);
#3084=VERTEX_POINT('',#3785);
#3085=LINE('',#3786,#3787);
#3086=VERTEX_POINT('',#3789);
#3087=LINE('',#3790,#3791);
#3088=VERTEX_POINT('',#3793);
#3089=LINE('',#3794,#3795);
#3090=VERTEX_POINT('',#3797);
#3091=LINE('',#3798,#3799);
#3092=VERTEX_POINT('',#3801);
#3093=CIRCLE('',#3802,0.03);
#3094=VERTEX_POINT('',#3806);
#3095=LINE('',#3807,#3808);
#3096=VERTEX_POINT('',#3810);
#3097=LINE('',#3811,#3812);
#3098=VERTEX_POINT('',#3814);
#3099=LINE('',#3815,#3816);
#3100=VERTEX_POINT('',#3818);
#3101=CIRCLE('',#3819,0.03);
#3102=VERTEX_POINT('',#3823);
#3103=LINE('',#3824,#3825);
#3104=VERTEX_POINT('',#3827);
#3105=LINE('',#3828,#3829);
#3106=VERTEX_POINT('',#3831);
#3107=LINE('',#3832,#3833);
#3108=VERTEX_POINT('',#3835);
#3109=CIRCLE('',#3836,0.03);
#3110=LINE('',#3840,#3841);
#3111=LINE('',#3843,#3844);
#3112=VERTEX_POINT('',#3846);
#3113=LINE('',#3847,#3848);
#3114=VERTEX_POINT('',#3850);
#3115=CIRCLE('',#3851,0.03);
#3116=LINE('',#3855,#3856);
#3117=CIRCLE('',#3858,0.03);
#3118=VERTEX_POINT('',#3862);
#3119=VERTEX_POINT('',#3863);
#3120=LINE('',#3864,#3865);
#3121=VERTEX_POINT('',#3867);
#3122=CIRCLE('',#3868,0.03);
#3123=VERTEX_POINT('',#3872);
#3124=LINE('',#3873,#3874);
#3125=VERTEX_POINT('',#3876);
#3126=LINE('',#3877,#3878);
#3127=VERTEX_POINT('',#3880);
#3128=CIRCLE('',#3881,0.03);
#3129=LINE('',#3885,#3886);
#3130=VERTEX_POINT('',#3888);
#3131=CIRCLE('',#3889,0.66);
#3132=VERTEX_POINT('',#3893);
#3133=CIRCLE('',#3894,0.66);
#3134=VERTEX_POINT('',#3898);
#3135=CIRCLE('',#3899,0.66);
#3136=VERTEX_POINT('',#3903);
#3137=CIRCLE('',#3904,0.66);
#3138=VERTEX_POINT('',#3908);
#3139=CIRCLE('',#3909,0.66);
#3140=VERTEX_POINT('',#3913);
#3141=CIRCLE('',#3914,0.66);
#3142=VERTEX_POINT('',#3918);
#3143=CIRCLE('',#3919,0.66);
#3144=VERTEX_POINT('',#3923);
#3145=CIRCLE('',#3924,0.66);
#3146=VERTEX_POINT('',#3928);
#3147=CIRCLE('',#3929,0.66);
#3148=VERTEX_POINT('',#3933);
#3149=CIRCLE('',#3934,0.66);
#3150=VERTEX_POINT('',#3938);
#3151=VERTEX_POINT('',#3939);
#3152=CIRCLE('',#3940,0.03);
#3153=VERTEX_POINT('',#3944);
#3154=LINE('',#3945,#3946);
#3155=VERTEX_POINT('',#3948);
#3156=LINE('',#3949,#3950);
#3157=VERTEX_POINT('',#3952);
#3158=CIRCLE('',#3953,0.03);
#3159=VERTEX_POINT('',#3957);
#3160=LINE('',#3958,#3959);
#3161=LINE('',#3961,#3962);
#3162=VERTEX_POINT('',#3964);
#3163=VERTEX_POINT('',#3965);
#3164=LINE('',#3966,#3967);
#3165=VERTEX_POINT('',#3969);
#3166=CIRCLE('',#3970,0.03);
#3167=VERTEX_POINT('',#3974);
#3168=LINE('',#3975,#3976);
#3169=VERTEX_POINT('',#3978);
#3170=LINE('',#3979,#3980);
#3171=VERTEX_POINT('',#3982);
#3172=CIRCLE('',#3983,0.03);
#3173=LINE('',#3987,#3988);
#3174=LINE('',#3990,#3991);
#3175=LINE('',#3993,#3994);
#3176=LINE('',#3996,#3997);
#3177=LINE('',#3999,#4000);
#3178=LINE('',#4002,#4003);
#3179=LINE('',#4005,#4006);
#3180=LINE('',#4008,#4009);
#3181=LINE('',#4011,#4012);
#3182=LINE('',#4014,#4015);
#3183=LINE('',#4017,#4018);
#3184=LINE('',#4020,#4021);
#3185=LINE('',#4023,#4024);
#3186=LINE('',#4026,#4027);
#3187=LINE('',#4029,#4030);
#3188=LINE('',#4032,#4033);
#3189=LINE('',#4035,#4036);
#3190=LINE('',#4038,#4039);
#3191=LINE('',#4041,#4042);
#3192=LINE('',#4044,#4045);
#3193=LINE('',#4047,#4048);
#3194=LINE('',#4050,#4051);
#3195=LINE('',#4053,#4054);
#3196=LINE('',#4056,#4057);
#3197=LINE('',#4059,#4060);
#3198=LINE('',#4062,#4063);
#3199=LINE('',#4065,#4066);
#3200=LINE('',#4068,#4069);
#3201=LINE('',#4071,#4072);
#3202=LINE('',#4074,#4075);
#3203=LINE('',#4077,#4078);
#3204=LINE('',#4080,#4081);
#3205=LINE('',#4083,#4084);
#3206=LINE('',#4086,#4087);
#3207=LINE('',#4089,#4090);
#3208=LINE('',#4092,#4093);
#3209=LINE('',#4095,#4096);
#3210=LINE('',#4098,#4099);
#3211=LINE('',#4101,#4102);
#3212=LINE('',#4104,#4105);
#3213=LINE('',#4107,#4108);
#3214=LINE('',#4110,#4111);
#3215=LINE('',#4113,#4114);
#3216=LINE('',#4116,#4117);
#3217=LINE('',#4119,#4120);
#3218=LINE('',#4122,#4123);
#3219=LINE('',#4125,#4126);
#3220=LINE('',#4128,#4129);
#3221=LINE('',#4131,#4132);
#3222=LINE('',#4134,#4135);
#3223=LINE('',#4137,#4138);
#3224=LINE('',#4140,#4141);
#3225=LINE('',#4143,#4144);
#3226=LINE('',#4146,#4147);
#3227=LINE('',#4149,#4150);
#3228=LINE('',#4152,#4153);
#3229=LINE('',#4155,#4156);
#3230=LINE('',#4158,#4159);
#3231=LINE('',#4161,#4162);
#3232=LINE('',#4164,#4165);
#3233=LINE('',#4167,#4168);
#3234=LINE('',#4170,#4171);
#3235=LINE('',#4173,#4174);
#3236=VERTEX_POINT('',#4176);
#3237=CIRCLE('',#4177,0.19);
#3238=VERTEX_POINT('',#4181);
#3239=CIRCLE('',#4182,0.38);
#3240=VERTEX_POINT('',#4186);
#3241=CIRCLE('',#4187,0.38);
#3242=VERTEX_POINT('',#4191);
#3243=CIRCLE('',#4192,0.66);
#3244=VERTEX_POINT('',#4196);
#3245=CIRCLE('',#4197,0.66);
#3246=VERTEX_POINT('',#4201);
#3247=CIRCLE('',#4202,0.81);
#3248=VERTEX_POINT('',#4206);
#3249=CIRCLE('',#4207,0.66);
#3250=VERTEX_POINT('',#4211);
#3251=CIRCLE('',#4212,0.66);
#3252=VERTEX_POINT('',#4216);
#3253=CIRCLE('',#4217,0.915);
#3254=VERTEX_POINT('',#4221);
#3255=CIRCLE('',#4222,0.915);
#3256=VERTEX_POINT('',#4226);
#3257=CIRCLE('',#4227,0.634191070279899);
#3258=VERTEX_POINT('',#4231);
#3259=CIRCLE('',#4232,0.525);
#3260=VERTEX_POINT('',#4236);
#3261=CIRCLE('',#4237,0.525);
#3262=VERTEX_POINT('',#4241);
#3263=CIRCLE('',#4242,0.225);
#3264=VERTEX_POINT('',#4246);
#3265=CIRCLE('',#4247,0.525);
#3266=VERTEX_POINT('',#4251);
#3267=CIRCLE('',#4252,0.525);
#3268=VERTEX_POINT('',#4256);
#3269=CIRCLE('',#4257,0.275);
#3270=VERTEX_POINT('',#4261);
#3271=CIRCLE('',#4262,0.275);
#3272=VERTEX_POINT('',#4266);
#3273=CIRCLE('',#4267,0.03);
#3274=CARTESIAN_POINT('',(8.73099559473196,1.27,2.34));
#3275=CARTESIAN_POINT('',(8.73099559473196,1.27,1.07));
#3276=CARTESIAN_POINT('',(8.73099559473196,1.27,1.07));
#3277=VECTOR('',#3278,1.);
#3278=DIRECTION('',(0.,0.,1.));
#3279=CARTESIAN_POINT('',(8.86281076638794,1.55267854785015,1.07));
#3280=CARTESIAN_POINT('',(8.86281076638794,1.55267854785015,1.07));
#3281=VECTOR('',#3282,1.);
#3282=DIRECTION('',(-0.422618261733638,-0.906307787039943,0.));
#3283=CARTESIAN_POINT('',(8.86281076638794,1.55267854785015,2.34));
#3284=CARTESIAN_POINT('',(8.86281076638794,1.55267854785015,1.07));
#3285=VECTOR('',#3286,1.);
#3286=DIRECTION('',(0.,0.,1.));
#3287=CARTESIAN_POINT('',(8.86281076638794,1.55267854785015,2.34));
#3288=VECTOR('',#3289,1.);
#3289=DIRECTION('',(-0.422618261733638,-0.906307787039943,0.));
#3290=CARTESIAN_POINT('',(9.04900440526804,1.27,1.07));
#3291=CARTESIAN_POINT('',(9.04900440526804,1.27,2.34));
#3292=CARTESIAN_POINT('',(9.04900440526804,1.27,1.07));
#3293=VECTOR('',#3294,1.);
#3294=DIRECTION('',(0.,0.,1.));
#3295=CARTESIAN_POINT('',(8.91718923360911,1.55267854785648,2.34));
#3296=CARTESIAN_POINT('',(9.04900440526804,1.27,2.34));
#3297=VECTOR('',#3298,1.);
#3298=DIRECTION('',(-0.422618261733639,0.906307787039942,0.));
#3299=CARTESIAN_POINT('',(8.91718923360911,1.55267854785648,1.07));
#3300=CARTESIAN_POINT('',(8.91718923360911,1.55267854785648,1.07));
#3301=VECTOR('',#3302,1.);
#3302=DIRECTION('',(0.,0.,1.));
#3303=CARTESIAN_POINT('',(9.04900440526804,1.27,1.07));
#3304=VECTOR('',#3305,1.);
#3305=DIRECTION('',(-0.422618261733639,0.906307787039942,0.));
#3306=CARTESIAN_POINT('',(8.73099559473196,-1.27,1.07));
#3307=CARTESIAN_POINT('',(8.73099559473196,-1.27,2.34));
#3308=CARTESIAN_POINT('',(8.73099559473195,-1.27,2.34));
#3309=VECTOR('',#3310,1.);
#3310=DIRECTION('',(0.,0.,-1.));
#3311=CARTESIAN_POINT('',(6.50900440526804,-1.27,2.34));
#3312=CARTESIAN_POINT('',(6.50900440526804,-1.27,2.34));
#3313=VECTOR('',#3314,1.);
#3314=DIRECTION('',(1.,0.,0.));
#3315=CARTESIAN_POINT('',(6.50900440526804,-1.27,1.07));
#3316=CARTESIAN_POINT('',(6.50900440526804,-1.27,1.07));
#3317=VECTOR('',#3318,1.);
#3318=DIRECTION('',(0.,0.,1.));
#3319=CARTESIAN_POINT('',(6.50900440526804,-1.27,1.07));
#3320=VECTOR('',#3321,1.);
#3321=DIRECTION('',(1.,0.,0.));
#3322=CARTESIAN_POINT('',(9.04900440526804,-1.27,2.34));
#3323=CARTESIAN_POINT('',(9.04900440526804,-1.27,1.07));
#3324=CARTESIAN_POINT('',(9.04900440526804,-1.27,1.07));
#3325=VECTOR('',#3326,1.);
#3326=DIRECTION('',(0.,0.,1.));
#3327=CARTESIAN_POINT('',(11.4051077025535,-1.27,1.07));
#3328=CARTESIAN_POINT('',(9.04900440526804,-1.27,1.07));
#3329=VECTOR('',#3330,1.);
#3330=DIRECTION('',(1.,0.,0.));
#3331=CARTESIAN_POINT('',(11.4051077025535,-1.27,2.34));
#3332=CARTESIAN_POINT('',(11.4051077025535,-1.27,1.07));
#3333=VECTOR('',#3334,1.);
#3334=DIRECTION('',(0.,0.,1.));
#3335=CARTESIAN_POINT('',(9.04900440526804,-1.27,2.34));
#3336=VECTOR('',#3337,1.);
#3337=DIRECTION('',(1.,0.,0.));
#3338=CARTESIAN_POINT('',(8.91718923360911,-0.987321452143519,1.07));
#3339=CARTESIAN_POINT('',(8.86281076638794,-0.987321452149846,1.07));
#3340=AXIS2_PLACEMENT_3D('',#3341,#3342,#3343);
#3341=CARTESIAN_POINT('',(8.89,-1.,1.07));
#3342=DIRECTION('',(0.,-0.,1.));
#3343=DIRECTION('',(0.906307786970433,0.422618261882703,0.));
#3344=CARTESIAN_POINT('',(8.86281076638794,-0.987321452149846,1.07));
#3345=VECTOR('',#3346,1.);
#3346=DIRECTION('',(-0.422618261733638,-0.906307787039943,0.));
#3347=CARTESIAN_POINT('',(6.37718923360911,-0.987321452143519,1.07));
#3348=CARTESIAN_POINT('',(6.50900440526804,-1.27,1.07));
#3349=VECTOR('',#3350,1.);
#3350=DIRECTION('',(-0.422618261733636,0.906307787039943,0.));
#3351=CARTESIAN_POINT('',(6.32281076638794,-0.987321452149846,1.07));
#3352=AXIS2_PLACEMENT_3D('',#3353,#3354,#3355);
#3353=CARTESIAN_POINT('',(6.35,-1.,1.07));
#3354=DIRECTION('',(0.,-0.,1.));
#3355=DIRECTION('',(0.906307786970438,0.422618261882691,0.));
#3356=CARTESIAN_POINT('',(6.19099559473196,-1.27,1.07));
#3357=CARTESIAN_POINT('',(6.32281076638794,-0.987321452149846,1.07));
#3358=VECTOR('',#3359,1.);
#3359=DIRECTION('',(-0.422618261733638,-0.906307787039943,0.));
#3360=CARTESIAN_POINT('',(3.96900440526804,-1.27,1.07));
#3361=CARTESIAN_POINT('',(3.96900440526804,-1.27,1.07));
#3362=VECTOR('',#3363,1.);
#3363=DIRECTION('',(1.,0.,0.));
#3364=CARTESIAN_POINT('',(3.83718923360911,-0.987321452143519,1.07));
#3365=CARTESIAN_POINT('',(3.96900440526804,-1.27,1.07));
#3366=VECTOR('',#3367,1.);
#3367=DIRECTION('',(-0.422618261733638,0.906307787039943,0.));
#3368=CARTESIAN_POINT('',(3.78281076638794,-0.987321452149846,1.07));
#3369=AXIS2_PLACEMENT_3D('',#3370,#3371,#3372);
#3370=CARTESIAN_POINT('',(3.81,-1.,1.07));
#3371=DIRECTION('',(0.,-0.,1.));
#3372=DIRECTION('',(0.906307786970438,0.422618261882691,0.));
#3373=CARTESIAN_POINT('',(3.65099559473196,-1.27,1.07));
#3374=CARTESIAN_POINT('',(3.78281076638794,-0.987321452149846,1.07));
#3375=VECTOR('',#3376,1.);
#3376=DIRECTION('',(-0.422618261733636,-0.906307787039944,0.));
#3377=CARTESIAN_POINT('',(1.42900440526804,-1.27,1.07));
#3378=CARTESIAN_POINT('',(1.42900440526804,-1.27,1.07));
#3379=VECTOR('',#3380,1.);
#3380=DIRECTION('',(1.,0.,0.));
#3381=CARTESIAN_POINT('',(1.29718923360911,-0.987321452143519,1.07));
#3382=CARTESIAN_POINT('',(1.42900440526804,-1.27,1.07));
#3383=VECTOR('',#3384,1.);
#3384=DIRECTION('',(-0.422618261733638,0.906307787039943,0.));
#3385=CARTESIAN_POINT('',(1.24281076638794,-0.987321452149846,1.07));
#3386=AXIS2_PLACEMENT_3D('',#3387,#3388,#3389);
#3387=CARTESIAN_POINT('',(1.27,-1.,1.07));
#3388=DIRECTION('',(0.,-0.,1.));
#3389=DIRECTION('',(0.906307786970437,0.422618261882694,0.));
#3390=CARTESIAN_POINT('',(1.11099559473196,-1.27,1.07));
#3391=CARTESIAN_POINT('',(1.24281076638794,-0.987321452149846,1.07));
#3392=VECTOR('',#3393,1.);
#3393=DIRECTION('',(-0.422618261733637,-0.906307787039943,0.));
#3394=CARTESIAN_POINT('',(-1.2451077025535,-1.27,1.07));
#3395=CARTESIAN_POINT('',(-1.2451077025535,-1.27,1.07));
#3396=VECTOR('',#3397,1.);
#3397=DIRECTION('',(1.,0.,0.));
#3398=CARTESIAN_POINT('',(-1.385,-0.97,1.07));
#3399=CARTESIAN_POINT('',(-1.385,-0.97,1.07));
#3400=VECTOR('',#3401,1.);
#3401=DIRECTION('',(0.422618261740699,-0.90630778703665,0.));
#3402=CARTESIAN_POINT('',(-1.385,0.970000000000001,1.07));
#3403=CARTESIAN_POINT('',(-1.385,0.970000000000001,1.07));
#3404=VECTOR('',#3405,1.);
#3405=DIRECTION('',(-2.28911963840238E-016,-1.,0.));
#3406=CARTESIAN_POINT('',(-1.2451077025535,1.27,1.07));
#3407=CARTESIAN_POINT('',(-1.2451077025535,1.27,1.07));
#3408=VECTOR('',#3409,1.);
#3409=DIRECTION('',(-0.4226182617407,-0.90630778703665,0.));
#3410=CARTESIAN_POINT('',(-1.385,1.57,1.07));
#3411=CARTESIAN_POINT('',(-1.385,1.57,1.07));
#3412=VECTOR('',#3413,1.);
#3413=DIRECTION('',(0.422618261740699,-0.90630778703665,0.));
#3414=CARTESIAN_POINT('',(-1.385,3.51,1.07));
#3415=CARTESIAN_POINT('',(-1.385,3.51,1.07));
#3416=VECTOR('',#3417,1.);
#3417=DIRECTION('',(-2.28911963840238E-016,-1.,0.));
#3418=CARTESIAN_POINT('',(-1.2451077025535,3.81,1.07));
#3419=CARTESIAN_POINT('',(-1.2451077025535,3.81,1.07));
#3420=VECTOR('',#3421,1.);
#3421=DIRECTION('',(-0.4226182617407,-0.90630778703665,0.));
#3422=CARTESIAN_POINT('',(1.11099559472815,3.81,1.07));
#3423=CARTESIAN_POINT('',(1.11099559472815,3.81,1.07));
#3424=VECTOR('',#3425,1.);
#3425=DIRECTION('',(-1.,0.,0.));
#3426=CARTESIAN_POINT('',(1.24281076638894,3.52732145214769,1.07));
#3427=CARTESIAN_POINT('',(1.11099559472815,3.81,1.07));
#3428=VECTOR('',#3429,1.);
#3429=DIRECTION('',(0.422618261743666,-0.906307787035267,0.));
#3430=CARTESIAN_POINT('',(1.29718923361106,3.52732145214769,1.07));
#3431=AXIS2_PLACEMENT_3D('',#3432,#3433,#3434);
#3432=CARTESIAN_POINT('',(1.27,3.54,1.07));
#3433=DIRECTION('',(-0.,0.,1.));
#3434=DIRECTION('',(-0.906307787035288,-0.42261826174362,0.));
#3435=CARTESIAN_POINT('',(1.42900440527185,3.81,1.07));
#3436=CARTESIAN_POINT('',(1.29718923361106,3.52732145214769,1.07));
#3437=VECTOR('',#3438,1.);
#3438=DIRECTION('',(0.422618261743663,0.906307787035268,0.));
#3439=CARTESIAN_POINT('',(3.65099559472815,3.81,1.07));
#3440=CARTESIAN_POINT('',(3.65099559472815,3.81,1.07));
#3441=VECTOR('',#3442,1.);
#3442=DIRECTION('',(-1.,0.,0.));
#3443=CARTESIAN_POINT('',(3.78281076638894,3.52732145214769,1.07));
#3444=CARTESIAN_POINT('',(3.65099559472815,3.81,1.07));
#3445=VECTOR('',#3446,1.);
#3446=DIRECTION('',(0.422618261743667,-0.906307787035266,0.));
#3447=CARTESIAN_POINT('',(3.83718923361106,3.52732145214769,1.07));
#3448=AXIS2_PLACEMENT_3D('',#3449,#3450,#3451);
#3449=CARTESIAN_POINT('',(3.81,3.54,1.07));
#3450=DIRECTION('',(-0.,0.,1.));
#3451=DIRECTION('',(-0.906307787035287,-0.422618261743623,0.));
#3452=CARTESIAN_POINT('',(3.96900440527185,3.81,1.07));
#3453=CARTESIAN_POINT('',(3.83718923361106,3.52732145214769,1.07));
#3454=VECTOR('',#3455,1.);
#3455=DIRECTION('',(0.422618261743663,0.906307787035268,0.));
#3456=CARTESIAN_POINT('',(6.19099559472815,3.81,1.07));
#3457=CARTESIAN_POINT('',(6.19099559472815,3.81,1.07));
#3458=VECTOR('',#3459,1.);
#3459=DIRECTION('',(-1.,0.,0.));
#3460=CARTESIAN_POINT('',(6.32281076638894,3.52732145214769,1.07));
#3461=CARTESIAN_POINT('',(6.19099559472815,3.81,1.07));
#3462=VECTOR('',#3463,1.);
#3463=DIRECTION('',(0.422618261743667,-0.906307787035266,0.));
#3464=CARTESIAN_POINT('',(6.37718923361106,3.52732145214769,1.07));
#3465=AXIS2_PLACEMENT_3D('',#3466,#3467,#3468);
#3466=CARTESIAN_POINT('',(6.35,3.54,1.07));
#3467=DIRECTION('',(-0.,0.,1.));
#3468=DIRECTION('',(-0.906307787035287,-0.422618261743623,0.));
#3469=CARTESIAN_POINT('',(6.50900440527185,3.81,1.07));
#3470=CARTESIAN_POINT('',(6.37718923361106,3.52732145214769,1.07));
#3471=VECTOR('',#3472,1.);
#3472=DIRECTION('',(0.422618261743663,0.906307787035268,0.));
#3473=CARTESIAN_POINT('',(8.73099559472815,3.81,1.07));
#3474=CARTESIAN_POINT('',(8.73099559472815,3.81,1.07));
#3475=VECTOR('',#3476,1.);
#3476=DIRECTION('',(-1.,0.,0.));
#3477=CARTESIAN_POINT('',(8.86281076638894,3.52732145214769,1.07));
#3478=CARTESIAN_POINT('',(8.73099559472815,3.81,1.07));
#3479=VECTOR('',#3480,1.);
#3480=DIRECTION('',(0.422618261743667,-0.906307787035266,0.));
#3481=CARTESIAN_POINT('',(8.91718923361106,3.52732145214769,1.07));
#3482=AXIS2_PLACEMENT_3D('',#3483,#3484,#3485);
#3483=CARTESIAN_POINT('',(8.89,3.54,1.07));
#3484=DIRECTION('',(-0.,0.,1.));
#3485=DIRECTION('',(-0.906307787035292,-0.422618261743612,0.));
#3486=CARTESIAN_POINT('',(9.04900440527185,3.81,1.07));
#3487=CARTESIAN_POINT('',(8.91718923361106,3.52732145214769,1.07));
#3488=VECTOR('',#3489,1.);
#3489=DIRECTION('',(0.422618261743662,0.906307787035268,0.));
#3490=CARTESIAN_POINT('',(11.4051077025535,3.81,1.07));
#3491=CARTESIAN_POINT('',(11.4051077025535,3.81,1.07));
#3492=VECTOR('',#3493,1.);
#3493=DIRECTION('',(-1.,0.,0.));
#3494=CARTESIAN_POINT('',(11.545,3.51,1.07));
#3495=CARTESIAN_POINT('',(11.545,3.51,1.07));
#3496=VECTOR('',#3497,1.);
#3497=DIRECTION('',(-0.422618261740701,0.906307787036649,0.));
#3498=CARTESIAN_POINT('',(11.545,1.57,1.07));
#3499=CARTESIAN_POINT('',(11.545,1.57,1.07));
#3500=VECTOR('',#3501,1.);
#3501=DIRECTION('',(0.,1.,0.));
#3502=CARTESIAN_POINT('',(11.4051077025535,1.27,1.07));
#3503=CARTESIAN_POINT('',(11.4051077025535,1.27,1.07));
#3504=VECTOR('',#3505,1.);
#3505=DIRECTION('',(0.422618261740702,0.906307787036648,0.));
#3506=CARTESIAN_POINT('',(11.545,0.969999999999999,1.07));
#3507=CARTESIAN_POINT('',(11.545,0.969999999999999,1.07));
#3508=VECTOR('',#3509,1.);
#3509=DIRECTION('',(-0.422618261740701,0.906307787036649,0.));
#3510=CARTESIAN_POINT('',(11.545,-0.97,1.07));
#3511=CARTESIAN_POINT('',(11.545,-0.97,1.07));
#3512=VECTOR('',#3513,1.);
#3513=DIRECTION('',(0.,1.,0.));
#3514=CARTESIAN_POINT('',(11.4051077025535,-1.27,1.07));
#3515=VECTOR('',#3516,1.);
#3516=DIRECTION('',(0.422618261740702,0.906307787036649,0.));
#3517=CARTESIAN_POINT('',(9.04900440526804,-1.27,1.07));
#3518=VECTOR('',#3519,1.);
#3519=DIRECTION('',(-0.422618261733639,0.906307787039942,0.));
#3520=CARTESIAN_POINT('',(8.91718923361106,0.987321452147693,1.07));
#3521=CARTESIAN_POINT('',(8.91718923361106,0.987321452147693,1.07));
#3522=VECTOR('',#3523,1.);
#3523=DIRECTION('',(0.422618261743665,0.906307787035267,0.));
#3524=AXIS2_PLACEMENT_3D('',#3525,#3526,#3527);
#3525=CARTESIAN_POINT('',(8.89,1.54,1.07));
#3526=DIRECTION('',(0.,-0.,1.));
#3527=DIRECTION('',(0.906307786970433,0.422618261882703,0.));
#3528=CARTESIAN_POINT('',(8.86281076638894,0.987321452147693,1.07));
#3529=CARTESIAN_POINT('',(8.73099559472815,1.27,1.07));
#3530=VECTOR('',#3531,1.);
#3531=DIRECTION('',(0.422618261743667,-0.906307787035266,0.));
#3532=AXIS2_PLACEMENT_3D('',#3533,#3534,#3535);
#3533=CARTESIAN_POINT('',(8.89,1.,1.07));
#3534=DIRECTION('',(-0.,0.,1.));
#3535=DIRECTION('',(-0.906307787035289,-0.422618261743618,0.));
#3536=CARTESIAN_POINT('',(3.83718923361106,0.987321452147693,1.07));
#3537=CARTESIAN_POINT('',(3.96900440526804,1.27,1.07));
#3538=CARTESIAN_POINT('',(3.83718923361106,0.987321452147693,1.07));
#3539=VECTOR('',#3540,1.);
#3540=DIRECTION('',(0.422618261743663,0.906307787035268,0.));
#3541=CARTESIAN_POINT('',(3.83718923360911,1.55267854785648,1.07));
#3542=CARTESIAN_POINT('',(3.96900440526804,1.27,1.07));
#3543=VECTOR('',#3544,1.);
#3544=DIRECTION('',(-0.422618261733638,0.906307787039943,0.));
#3545=CARTESIAN_POINT('',(3.78281076638794,1.55267854785015,1.07));
#3546=AXIS2_PLACEMENT_3D('',#3547,#3548,#3549);
#3547=CARTESIAN_POINT('',(3.81,1.54,1.07));
#3548=DIRECTION('',(0.,-0.,1.));
#3549=DIRECTION('',(0.906307786970438,0.422618261882691,0.));
#3550=CARTESIAN_POINT('',(3.65099559473196,1.27,1.07));
#3551=CARTESIAN_POINT('',(3.78281076638794,1.55267854785015,1.07));
#3552=VECTOR('',#3553,1.);
#3553=DIRECTION('',(-0.422618261733638,-0.906307787039943,0.));
#3554=CARTESIAN_POINT('',(3.78281076638894,0.987321452147693,1.07));
#3555=CARTESIAN_POINT('',(3.65099559472815,1.27,1.07));
#3556=VECTOR('',#3557,1.);
#3557=DIRECTION('',(0.422618261743665,-0.906307787035267,0.));
#3558=AXIS2_PLACEMENT_3D('',#3559,#3560,#3561);
#3559=CARTESIAN_POINT('',(3.81,1.,1.07));
#3560=DIRECTION('',(-0.,0.,1.));
#3561=DIRECTION('',(-0.906307787035284,-0.422618261743629,0.));
#3562=CARTESIAN_POINT('',(3.2,-8.08266887437253E-017,1.07));
#3563=AXIS2_PLACEMENT_3D('',#3564,#3565,#3566);
#3564=CARTESIAN_POINT('',(2.54,0.,1.07));
#3565=DIRECTION('',(0.,0.,1.));
#3566=DIRECTION('',(1.,0.,0.));
#3567=CARTESIAN_POINT('',(5.74,-8.08266887437253E-017,1.07));
#3568=AXIS2_PLACEMENT_3D('',#3569,#3570,#3571);
#3569=CARTESIAN_POINT('',(5.08,0.,1.07));
#3570=DIRECTION('',(0.,0.,1.));
#3571=DIRECTION('',(1.,0.,0.));
#3572=CARTESIAN_POINT('',(8.28,-8.08266887437253E-017,1.07));
#3573=AXIS2_PLACEMENT_3D('',#3574,#3575,#3576);
#3574=CARTESIAN_POINT('',(7.62,0.,1.07));
#3575=DIRECTION('',(0.,0.,1.));
#3576=DIRECTION('',(1.,0.,0.));
#3577=CARTESIAN_POINT('',(10.82,-8.08266887437253E-017,1.07));
#3578=AXIS2_PLACEMENT_3D('',#3579,#3580,#3581);
#3579=CARTESIAN_POINT('',(10.16,0.,1.07));
#3580=DIRECTION('',(0.,0.,1.));
#3581=DIRECTION('',(1.,0.,0.));
#3582=CARTESIAN_POINT('',(0.66,2.54,1.07));
#3583=AXIS2_PLACEMENT_3D('',#3584,#3585,#3586);
#3584=CARTESIAN_POINT('',(1.55530143491714E-016,2.54,1.07));
#3585=DIRECTION('',(0.,0.,1.));
#3586=DIRECTION('',(1.,0.,0.));
#3587=CARTESIAN_POINT('',(3.2,2.54,1.07));
#3588=AXIS2_PLACEMENT_3D('',#3589,#3590,#3591);
#3589=CARTESIAN_POINT('',(2.54,2.54,1.07));
#3590=DIRECTION('',(0.,0.,1.));
#3591=DIRECTION('',(1.,0.,0.));
#3592=CARTESIAN_POINT('',(5.74,2.54,1.07));
#3593=AXIS2_PLACEMENT_3D('',#3594,#3595,#3596);
#3594=CARTESIAN_POINT('',(5.08,2.54,1.07));
#3595=DIRECTION('',(0.,0.,1.));
#3596=DIRECTION('',(1.,0.,0.));
#3597=CARTESIAN_POINT('',(8.28,2.54,1.07));
#3598=AXIS2_PLACEMENT_3D('',#3599,#3600,#3601);
#3599=CARTESIAN_POINT('',(7.62,2.54,1.07));
#3600=DIRECTION('',(0.,0.,1.));
#3601=DIRECTION('',(1.,0.,0.));
#3602=CARTESIAN_POINT('',(10.82,2.54,1.07));
#3603=AXIS2_PLACEMENT_3D('',#3604,#3605,#3606);
#3604=CARTESIAN_POINT('',(10.16,2.54,1.07));
#3605=DIRECTION('',(0.,0.,1.));
#3606=DIRECTION('',(1.,0.,0.));
#3607=CARTESIAN_POINT('',(0.66,-8.08266887437253E-017,1.07));
#3608=AXIS2_PLACEMENT_3D('',#3609,#3610,#3611);
#3609=CARTESIAN_POINT('',(0.,0.,1.07));
#3610=DIRECTION('',(0.,0.,1.));
#3611=DIRECTION('',(1.,0.,0.));
#3612=CARTESIAN_POINT('',(1.29718923360911,1.55267854785648,1.07));
#3613=CARTESIAN_POINT('',(1.24281076638794,1.55267854785015,1.07));
#3614=AXIS2_PLACEMENT_3D('',#3615,#3616,#3617);
#3615=CARTESIAN_POINT('',(1.27,1.54,1.07));
#3616=DIRECTION('',(0.,-0.,1.));
#3617=DIRECTION('',(0.906307786970437,0.422618261882694,0.));
#3618=CARTESIAN_POINT('',(1.11099559472815,1.27,1.07));
#3619=CARTESIAN_POINT('',(1.24281076638794,1.55267854785015,1.07));
#3620=VECTOR('',#3621,1.);
#3621=DIRECTION('',(-0.422618261733637,-0.906307787039943,0.));
#3622=CARTESIAN_POINT('',(1.24281076638894,0.987321452147693,1.07));
#3623=CARTESIAN_POINT('',(1.11099559472815,1.27,1.07));
#3624=VECTOR('',#3625,1.);
#3625=DIRECTION('',(0.422618261743666,-0.906307787035267,0.));
#3626=CARTESIAN_POINT('',(1.29718923361106,0.987321452147693,1.07));
#3627=AXIS2_PLACEMENT_3D('',#3628,#3629,#3630);
#3628=CARTESIAN_POINT('',(1.27,1.,1.07));
#3629=DIRECTION('',(-0.,0.,1.));
#3630=DIRECTION('',(-0.906307787035285,-0.422618261743626,0.));
#3631=CARTESIAN_POINT('',(1.42900440527185,1.27,1.07));
#3632=CARTESIAN_POINT('',(1.29718923361106,0.987321452147693,1.07));
#3633=VECTOR('',#3634,1.);
#3634=DIRECTION('',(0.422618261743663,0.906307787035268,0.));
#3635=CARTESIAN_POINT('',(1.42900440526804,1.27,1.07));
#3636=VECTOR('',#3637,1.);
#3637=DIRECTION('',(-0.422618261733638,0.906307787039943,0.));
#3638=CARTESIAN_POINT('',(6.37718923361106,0.987321452147693,1.07));
#3639=CARTESIAN_POINT('',(6.50900440526804,1.27,1.07));
#3640=CARTESIAN_POINT('',(6.37718923361106,0.987321452147693,1.07));
#3641=VECTOR('',#3642,1.);
#3642=DIRECTION('',(0.422618261743662,0.906307787035268,0.));
#3643=CARTESIAN_POINT('',(6.37718923360911,1.55267854785648,1.07));
#3644=CARTESIAN_POINT('',(6.50900440526804,1.27,1.07));
#3645=VECTOR('',#3646,1.);
#3646=DIRECTION('',(-0.422618261733636,0.906307787039943,0.));
#3647=CARTESIAN_POINT('',(6.32281076638794,1.55267854785015,1.07));
#3648=AXIS2_PLACEMENT_3D('',#3649,#3650,#3651);
#3649=CARTESIAN_POINT('',(6.35,1.54,1.07));
#3650=DIRECTION('',(0.,-0.,1.));
#3651=DIRECTION('',(0.906307786970438,0.422618261882691,0.));
#3652=CARTESIAN_POINT('',(6.19099559473196,1.27,1.07));
#3653=CARTESIAN_POINT('',(6.32281076638794,1.55267854785015,1.07));
#3654=VECTOR('',#3655,1.);
#3655=DIRECTION('',(-0.422618261733638,-0.906307787039943,0.));
#3656=CARTESIAN_POINT('',(6.32281076638894,0.987321452147693,1.07));
#3657=CARTESIAN_POINT('',(6.19099559472815,1.27,1.07));
#3658=VECTOR('',#3659,1.);
#3659=DIRECTION('',(0.422618261743667,-0.906307787035266,0.));
#3660=AXIS2_PLACEMENT_3D('',#3661,#3662,#3663);
#3661=CARTESIAN_POINT('',(6.35,1.,1.07));
#3662=DIRECTION('',(-0.,0.,1.));
#3663=DIRECTION('',(-0.906307787035284,-0.422618261743629,0.));
#3664=CARTESIAN_POINT('',(8.86281076638794,-0.987321452149846,2.34));
#3665=CARTESIAN_POINT('',(8.91718923360911,-0.987321452143519,2.34));
#3666=AXIS2_PLACEMENT_3D('',#3667,#3668,#3669);
#3667=CARTESIAN_POINT('',(8.89,-1.,2.34));
#3668=DIRECTION('',(0.,-0.,1.));
#3669=DIRECTION('',(0.906307786970433,0.422618261882703,0.));
#3670=CARTESIAN_POINT('',(9.04900440526804,-1.27,2.34));
#3671=VECTOR('',#3672,1.);
#3672=DIRECTION('',(-0.422618261733639,0.906307787039942,0.));
#3673=CARTESIAN_POINT('',(11.545,-0.97,2.34));
#3674=CARTESIAN_POINT('',(11.4051077025535,-1.27,2.34));
#3675=VECTOR('',#3676,1.);
#3676=DIRECTION('',(0.422618261740702,0.906307787036649,0.));
#3677=CARTESIAN_POINT('',(11.545,0.969999999999999,2.34));
#3678=CARTESIAN_POINT('',(11.545,-0.97,2.34));
#3679=VECTOR('',#3680,1.);
#3680=DIRECTION('',(0.,1.,0.));
#3681=CARTESIAN_POINT('',(11.4051077025535,1.27,2.34));
#3682=CARTESIAN_POINT('',(11.545,0.969999999999999,2.34));
#3683=VECTOR('',#3684,1.);
#3684=DIRECTION('',(-0.422618261740701,0.906307787036649,0.));
#3685=CARTESIAN_POINT('',(11.545,1.57,2.34));
#3686=CARTESIAN_POINT('',(11.4051077025535,1.27,2.34));
#3687=VECTOR('',#3688,1.);
#3688=DIRECTION('',(0.422618261740702,0.906307787036648,0.));
#3689=CARTESIAN_POINT('',(11.545,3.51,2.34));
#3690=CARTESIAN_POINT('',(11.545,1.57,2.34));
#3691=VECTOR('',#3692,1.);
#3692=DIRECTION('',(0.,1.,0.));
#3693=CARTESIAN_POINT('',(11.4051077025535,3.81,2.34));
#3694=CARTESIAN_POINT('',(11.545,3.51,2.34));
#3695=VECTOR('',#3696,1.);
#3696=DIRECTION('',(-0.422618261740701,0.906307787036649,0.));
#3697=CARTESIAN_POINT('',(9.04900440527185,3.81,2.34));
#3698=CARTESIAN_POINT('',(11.4051077025535,3.81,2.34));
#3699=VECTOR('',#3700,1.);
#3700=DIRECTION('',(-1.,0.,1.8848460946616E-016));
#3701=CARTESIAN_POINT('',(8.91718923361106,3.52732145214769,2.34));
#3702=CARTESIAN_POINT('',(8.91718923361106,3.52732145214769,2.34));
#3703=VECTOR('',#3704,1.);
#3704=DIRECTION('',(0.422618261743662,0.906307787035268,0.));
#3705=CARTESIAN_POINT('',(8.86281076638894,3.52732145214769,2.34));
#3706=AXIS2_PLACEMENT_3D('',#3707,#3708,#3709);
#3707=CARTESIAN_POINT('',(8.89,3.54,2.34));
#3708=DIRECTION('',(-0.,0.,1.));
#3709=DIRECTION('',(-0.906307787035292,-0.422618261743612,0.));
#3710=CARTESIAN_POINT('',(8.73099559472815,3.81,2.34));
#3711=CARTESIAN_POINT('',(8.73099559472815,3.81,2.34));
#3712=VECTOR('',#3713,1.);
#3713=DIRECTION('',(0.422618261743667,-0.906307787035266,0.));
#3714=CARTESIAN_POINT('',(6.50900440527185,3.81,2.34));
#3715=CARTESIAN_POINT('',(8.73099559472815,3.81,2.34));
#3716=VECTOR('',#3717,1.);
#3717=DIRECTION('',(-1.,0.,-1.99860922922348E-016));
#3718=CARTESIAN_POINT('',(6.37718923361106,3.52732145214769,2.34));
#3719=CARTESIAN_POINT('',(6.37718923361106,3.52732145214769,2.34));
#3720=VECTOR('',#3721,1.);
#3721=DIRECTION('',(0.422618261743663,0.906307787035268,0.));
#3722=CARTESIAN_POINT('',(6.32281076638894,3.52732145214769,2.34));
#3723=AXIS2_PLACEMENT_3D('',#3724,#3725,#3726);
#3724=CARTESIAN_POINT('',(6.35,3.54,2.34));
#3725=DIRECTION('',(-0.,0.,1.));
#3726=DIRECTION('',(-0.906307787035287,-0.422618261743623,0.));
#3727=CARTESIAN_POINT('',(6.19099559472815,3.81,2.34));
#3728=CARTESIAN_POINT('',(6.19099559472815,3.81,2.34));
#3729=VECTOR('',#3730,1.);
#3730=DIRECTION('',(0.422618261743667,-0.906307787035266,0.));
#3731=CARTESIAN_POINT('',(3.96900440527185,3.81,2.34));
#3732=CARTESIAN_POINT('',(6.19099559472815,3.81,2.34));
#3733=VECTOR('',#3734,1.);
#3734=DIRECTION('',(-1.,0.,0.));
#3735=CARTESIAN_POINT('',(3.83718923361106,3.52732145214769,2.34));
#3736=CARTESIAN_POINT('',(3.83718923361106,3.52732145214769,2.34));
#3737=VECTOR('',#3738,1.);
#3738=DIRECTION('',(0.422618261743663,0.906307787035268,0.));
#3739=CARTESIAN_POINT('',(3.78281076638894,3.52732145214769,2.34));
#3740=AXIS2_PLACEMENT_3D('',#3741,#3742,#3743);
#3741=CARTESIAN_POINT('',(3.81,3.54,2.34));
#3742=DIRECTION('',(-0.,0.,1.));
#3743=DIRECTION('',(-0.906307787035287,-0.422618261743623,0.));
#3744=CARTESIAN_POINT('',(3.65099559472815,3.81,2.34));
#3745=CARTESIAN_POINT('',(3.65099559472815,3.81,2.34));
#3746=VECTOR('',#3747,1.);
#3747=DIRECTION('',(0.422618261743667,-0.906307787035266,0.));
#3748=CARTESIAN_POINT('',(1.42900440527185,3.81,2.34));
#3749=CARTESIAN_POINT('',(3.65099559472815,3.81,2.34));
#3750=VECTOR('',#3751,1.);
#3751=DIRECTION('',(-1.,0.,0.));
#3752=CARTESIAN_POINT('',(1.29718923361106,3.52732145214769,2.34));
#3753=CARTESIAN_POINT('',(1.29718923361106,3.52732145214769,2.34));
#3754=VECTOR('',#3755,1.);
#3755=DIRECTION('',(0.422618261743663,0.906307787035268,0.));
#3756=CARTESIAN_POINT('',(1.24281076638894,3.52732145214769,2.34));
#3757=AXIS2_PLACEMENT_3D('',#3758,#3759,#3760);
#3758=CARTESIAN_POINT('',(1.27,3.54,2.34));
#3759=DIRECTION('',(-0.,0.,1.));
#3760=DIRECTION('',(-0.906307787035288,-0.42261826174362,0.));
#3761=CARTESIAN_POINT('',(1.11099559472815,3.81,2.34));
#3762=CARTESIAN_POINT('',(1.11099559472815,3.81,2.34));
#3763=VECTOR('',#3764,1.);
#3764=DIRECTION('',(0.422618261743666,-0.906307787035267,0.));
#3765=CARTESIAN_POINT('',(-1.2451077025535,3.81,2.34));
#3766=CARTESIAN_POINT('',(1.11099559472815,3.81,2.34));
#3767=VECTOR('',#3768,1.);
#3768=DIRECTION('',(-1.,0.,0.));
#3769=CARTESIAN_POINT('',(-1.385,3.51,2.34));
#3770=CARTESIAN_POINT('',(-1.2451077025535,3.81,2.34));
#3771=VECTOR('',#3772,1.);
#3772=DIRECTION('',(-0.4226182617407,-0.90630778703665,0.));
#3773=CARTESIAN_POINT('',(-1.385,1.57,2.34));
#3774=CARTESIAN_POINT('',(-1.385,3.51,2.34));
#3775=VECTOR('',#3776,1.);
#3776=DIRECTION('',(-2.28911963840238E-016,-1.,0.));
#3777=CARTESIAN_POINT('',(-1.2451077025535,1.27,2.34));
#3778=CARTESIAN_POINT('',(-1.385,1.57,2.34));
#3779=VECTOR('',#3780,1.);
#3780=DIRECTION('',(0.422618261740699,-0.90630778703665,0.));
#3781=CARTESIAN_POINT('',(-1.385,0.970000000000001,2.34));
#3782=CARTESIAN_POINT('',(-1.2451077025535,1.27,2.34));
#3783=VECTOR('',#3784,1.);
#3784=DIRECTION('',(-0.4226182617407,-0.90630778703665,0.));
#3785=CARTESIAN_POINT('',(-1.385,-0.97,2.34));
#3786=CARTESIAN_POINT('',(-1.385,0.970000000000001,2.34));
#3787=VECTOR('',#3788,1.);
#3788=DIRECTION('',(-2.28911963840238E-016,-1.,0.));
#3789=CARTESIAN_POINT('',(-1.2451077025535,-1.27,2.34));
#3790=CARTESIAN_POINT('',(-1.385,-0.97,2.34));
#3791=VECTOR('',#3792,1.);
#3792=DIRECTION('',(0.422618261740699,-0.90630778703665,0.));
#3793=CARTESIAN_POINT('',(1.11099559473196,-1.27,2.34));
#3794=CARTESIAN_POINT('',(-1.2451077025535,-1.27,2.34));
#3795=VECTOR('',#3796,1.);
#3796=DIRECTION('',(1.,0.,0.));
#3797=CARTESIAN_POINT('',(1.24281076638794,-0.987321452149846,2.34));
#3798=CARTESIAN_POINT('',(1.24281076638794,-0.987321452149846,2.34));
#3799=VECTOR('',#3800,1.);
#3800=DIRECTION('',(-0.422618261733637,-0.906307787039943,0.));
#3801=CARTESIAN_POINT('',(1.29718923360911,-0.987321452143519,2.34));
#3802=AXIS2_PLACEMENT_3D('',#3803,#3804,#3805);
#3803=CARTESIAN_POINT('',(1.27,-1.,2.34));
#3804=DIRECTION('',(0.,-0.,1.));
#3805=DIRECTION('',(0.906307786970437,0.422618261882694,0.));
#3806=CARTESIAN_POINT('',(1.42900440526804,-1.27,2.34));
#3807=CARTESIAN_POINT('',(1.42900440526804,-1.27,2.34));
#3808=VECTOR('',#3809,1.);
#3809=DIRECTION('',(-0.422618261733638,0.906307787039943,0.));
#3810=CARTESIAN_POINT('',(3.65099559473196,-1.27,2.34));
#3811=CARTESIAN_POINT('',(1.42900440526804,-1.27,2.34));
#3812=VECTOR('',#3813,1.);
#3813=DIRECTION('',(1.,0.,0.));
#3814=CARTESIAN_POINT('',(3.78281076638794,-0.987321452149846,2.34));
#3815=CARTESIAN_POINT('',(3.78281076638794,-0.987321452149846,2.34));
#3816=VECTOR('',#3817,1.);
#3817=DIRECTION('',(-0.422618261733636,-0.906307787039944,0.));
#3818=CARTESIAN_POINT('',(3.83718923360911,-0.987321452143519,2.34));
#3819=AXIS2_PLACEMENT_3D('',#3820,#3821,#3822);
#3820=CARTESIAN_POINT('',(3.81,-1.,2.34));
#3821=DIRECTION('',(0.,-0.,1.));
#3822=DIRECTION('',(0.906307786970438,0.422618261882691,0.));
#3823=CARTESIAN_POINT('',(3.96900440526804,-1.27,2.34));
#3824=CARTESIAN_POINT('',(3.96900440526804,-1.27,2.34));
#3825=VECTOR('',#3826,1.);
#3826=DIRECTION('',(-0.422618261733638,0.906307787039943,0.));
#3827=CARTESIAN_POINT('',(6.19099559473196,-1.27,2.34));
#3828=CARTESIAN_POINT('',(3.96900440526804,-1.27,2.34));
#3829=VECTOR('',#3830,1.);
#3830=DIRECTION('',(1.,0.,0.));
#3831=CARTESIAN_POINT('',(6.32281076638794,-0.987321452149846,2.34));
#3832=CARTESIAN_POINT('',(6.32281076638794,-0.987321452149846,2.34));
#3833=VECTOR('',#3834,1.);
#3834=DIRECTION('',(-0.422618261733638,-0.906307787039943,0.));
#3835=CARTESIAN_POINT('',(6.37718923360911,-0.987321452143519,2.34));
#3836=AXIS2_PLACEMENT_3D('',#3837,#3838,#3839);
#3837=CARTESIAN_POINT('',(6.35,-1.,2.34));
#3838=DIRECTION('',(0.,-0.,1.));
#3839=DIRECTION('',(0.906307786970438,0.422618261882691,0.));
#3840=CARTESIAN_POINT('',(6.50900440526804,-1.27,2.34));
#3841=VECTOR('',#3842,1.);
#3842=DIRECTION('',(-0.422618261733636,0.906307787039943,0.));
#3843=CARTESIAN_POINT('',(8.86281076638794,-0.987321452149846,2.34));
#3844=VECTOR('',#3845,1.);
#3845=DIRECTION('',(-0.422618261733638,-0.906307787039943,0.));
#3846=CARTESIAN_POINT('',(8.91718923361106,0.987321452147693,2.34));
#3847=CARTESIAN_POINT('',(8.91718923361106,0.987321452147693,2.34));
#3848=VECTOR('',#3849,1.);
#3849=DIRECTION('',(0.422618261743665,0.906307787035267,0.));
#3850=CARTESIAN_POINT('',(8.86281076638894,0.987321452147693,2.34));
#3851=AXIS2_PLACEMENT_3D('',#3852,#3853,#3854);
#3852=CARTESIAN_POINT('',(8.89,1.,2.34));
#3853=DIRECTION('',(-0.,0.,1.));
#3854=DIRECTION('',(-0.906307787035289,-0.422618261743618,0.));
#3855=CARTESIAN_POINT('',(8.73099559472815,1.27,2.34));
#3856=VECTOR('',#3857,1.);
#3857=DIRECTION('',(0.422618261743667,-0.906307787035266,0.));
#3858=AXIS2_PLACEMENT_3D('',#3859,#3860,#3861);
#3859=CARTESIAN_POINT('',(8.89,1.54,2.34));
#3860=DIRECTION('',(0.,-0.,1.));
#3861=DIRECTION('',(0.906307786970433,0.422618261882703,0.));
#3862=CARTESIAN_POINT('',(3.96900440526804,1.27,2.34));
#3863=CARTESIAN_POINT('',(3.83718923361106,0.987321452147693,2.34));
#3864=CARTESIAN_POINT('',(3.83718923361106,0.987321452147693,2.34));
#3865=VECTOR('',#3866,1.);
#3866=DIRECTION('',(0.422618261743663,0.906307787035268,0.));
#3867=CARTESIAN_POINT('',(3.78281076638894,0.987321452147693,2.34));
#3868=AXIS2_PLACEMENT_3D('',#3869,#3870,#3871);
#3869=CARTESIAN_POINT('',(3.81,1.,2.34));
#3870=DIRECTION('',(-0.,0.,1.));
#3871=DIRECTION('',(-0.906307787035284,-0.422618261743629,0.));
#3872=CARTESIAN_POINT('',(3.65099559473196,1.27,2.34));
#3873=CARTESIAN_POINT('',(3.65099559472815,1.27,2.34));
#3874=VECTOR('',#3875,1.);
#3875=DIRECTION('',(0.422618261743665,-0.906307787035267,0.));
#3876=CARTESIAN_POINT('',(3.78281076638794,1.55267854785015,2.34));
#3877=CARTESIAN_POINT('',(3.78281076638794,1.55267854785015,2.34));
#3878=VECTOR('',#3879,1.);
#3879=DIRECTION('',(-0.422618261733638,-0.906307787039943,0.));
#3880=CARTESIAN_POINT('',(3.83718923360911,1.55267854785648,2.34));
#3881=AXIS2_PLACEMENT_3D('',#3882,#3883,#3884);
#3882=CARTESIAN_POINT('',(3.81,1.54,2.34));
#3883=DIRECTION('',(0.,-0.,1.));
#3884=DIRECTION('',(0.906307786970438,0.422618261882691,0.));
#3885=CARTESIAN_POINT('',(3.96900440526804,1.27,2.34));
#3886=VECTOR('',#3887,1.);
#3887=DIRECTION('',(-0.422618261733638,0.906307787039943,0.));
#3888=CARTESIAN_POINT('',(3.2,-8.08266887437253E-017,2.34));
#3889=AXIS2_PLACEMENT_3D('',#3890,#3891,#3892);
#3890=CARTESIAN_POINT('',(2.54,0.,2.34));
#3891=DIRECTION('',(0.,0.,1.));
#3892=DIRECTION('',(1.,0.,0.));
#3893=CARTESIAN_POINT('',(5.74,-8.08266887437253E-017,2.34));
#3894=AXIS2_PLACEMENT_3D('',#3895,#3896,#3897);
#3895=CARTESIAN_POINT('',(5.08,0.,2.34));
#3896=DIRECTION('',(0.,0.,1.));
#3897=DIRECTION('',(1.,0.,0.));
#3898=CARTESIAN_POINT('',(8.28,-8.08266887437253E-017,2.34));
#3899=AXIS2_PLACEMENT_3D('',#3900,#3901,#3902);
#3900=CARTESIAN_POINT('',(7.62,0.,2.34));
#3901=DIRECTION('',(0.,0.,1.));
#3902=DIRECTION('',(1.,0.,0.));
#3903=CARTESIAN_POINT('',(10.82,-8.08266887437253E-017,2.34));
#3904=AXIS2_PLACEMENT_3D('',#3905,#3906,#3907);
#3905=CARTESIAN_POINT('',(10.16,0.,2.34));
#3906=DIRECTION('',(0.,0.,1.));
#3907=DIRECTION('',(1.,0.,0.));
#3908=CARTESIAN_POINT('',(0.66,2.54,2.34));
#3909=AXIS2_PLACEMENT_3D('',#3910,#3911,#3912);
#3910=CARTESIAN_POINT('',(1.55530143491714E-016,2.54,2.34));
#3911=DIRECTION('',(0.,0.,1.));
#3912=DIRECTION('',(1.,0.,0.));
#3913=CARTESIAN_POINT('',(3.2,2.54,2.34));
#3914=AXIS2_PLACEMENT_3D('',#3915,#3916,#3917);
#3915=CARTESIAN_POINT('',(2.54,2.54,2.34));
#3916=DIRECTION('',(0.,0.,1.));
#3917=DIRECTION('',(1.,0.,0.));
#3918=CARTESIAN_POINT('',(5.74,2.54,2.34));
#3919=AXIS2_PLACEMENT_3D('',#3920,#3921,#3922);
#3920=CARTESIAN_POINT('',(5.08,2.54,2.34));
#3921=DIRECTION('',(0.,0.,1.));
#3922=DIRECTION('',(1.,0.,0.));
#3923=CARTESIAN_POINT('',(8.28,2.54,2.34));
#3924=AXIS2_PLACEMENT_3D('',#3925,#3926,#3927);
#3925=CARTESIAN_POINT('',(7.62,2.54,2.34));
#3926=DIRECTION('',(0.,0.,1.));
#3927=DIRECTION('',(1.,0.,0.));
#3928=CARTESIAN_POINT('',(10.82,2.54,2.34));
#3929=AXIS2_PLACEMENT_3D('',#3930,#3931,#3932);
#3930=CARTESIAN_POINT('',(10.16,2.54,2.34));
#3931=DIRECTION('',(0.,0.,1.));
#3932=DIRECTION('',(1.,0.,0.));
#3933=CARTESIAN_POINT('',(0.66,-8.08266887437253E-017,2.34));
#3934=AXIS2_PLACEMENT_3D('',#3935,#3936,#3937);
#3935=CARTESIAN_POINT('',(0.,0.,2.34));
#3936=DIRECTION('',(0.,0.,1.));
#3937=DIRECTION('',(1.,0.,0.));
#3938=CARTESIAN_POINT('',(1.24281076638794,1.55267854785015,2.34));
#3939=CARTESIAN_POINT('',(1.29718923360911,1.55267854785648,2.34));
#3940=AXIS2_PLACEMENT_3D('',#3941,#3942,#3943);
#3941=CARTESIAN_POINT('',(1.27,1.54,2.34));
#3942=DIRECTION('',(0.,-0.,1.));
#3943=DIRECTION('',(0.906307786970437,0.422618261882694,0.));
#3944=CARTESIAN_POINT('',(1.42900440527185,1.27,2.34));
#3945=CARTESIAN_POINT('',(1.42900440526804,1.27,2.34));
#3946=VECTOR('',#3947,1.);
#3947=DIRECTION('',(-0.422618261733638,0.906307787039943,0.));
#3948=CARTESIAN_POINT('',(1.29718923361106,0.987321452147693,2.34));
#3949=CARTESIAN_POINT('',(1.29718923361106,0.987321452147693,2.34));
#3950=VECTOR('',#3951,1.);
#3951=DIRECTION('',(0.422618261743663,0.906307787035268,0.));
#3952=CARTESIAN_POINT('',(1.24281076638894,0.987321452147693,2.34));
#3953=AXIS2_PLACEMENT_3D('',#3954,#3955,#3956);
#3954=CARTESIAN_POINT('',(1.27,1.,2.34));
#3955=DIRECTION('',(-0.,0.,1.));
#3956=DIRECTION('',(-0.906307787035285,-0.422618261743626,0.));
#3957=CARTESIAN_POINT('',(1.11099559472815,1.27,2.34));
#3958=CARTESIAN_POINT('',(1.11099559472815,1.27,2.34));
#3959=VECTOR('',#3960,1.);
#3960=DIRECTION('',(0.422618261743666,-0.906307787035267,0.));
#3961=CARTESIAN_POINT('',(1.24281076638794,1.55267854785015,2.34));
#3962=VECTOR('',#3963,1.);
#3963=DIRECTION('',(-0.422618261733637,-0.906307787039943,0.));
#3964=CARTESIAN_POINT('',(6.50900440526804,1.27,2.34));
#3965=CARTESIAN_POINT('',(6.37718923361106,0.987321452147693,2.34));
#3966=CARTESIAN_POINT('',(6.37718923361106,0.987321452147693,2.34));
#3967=VECTOR('',#3968,1.);
#3968=DIRECTION('',(0.422618261743662,0.906307787035268,0.));
#3969=CARTESIAN_POINT('',(6.32281076638894,0.987321452147693,2.34));
#3970=AXIS2_PLACEMENT_3D('',#3971,#3972,#3973);
#3971=CARTESIAN_POINT('',(6.35,1.,2.34));
#3972=DIRECTION('',(-0.,0.,1.));
#3973=DIRECTION('',(-0.906307787035284,-0.422618261743629,0.));
#3974=CARTESIAN_POINT('',(6.19099559473196,1.27,2.34));
#3975=CARTESIAN_POINT('',(6.19099559472815,1.27,2.34));
#3976=VECTOR('',#3977,1.);
#3977=DIRECTION('',(0.422618261743667,-0.906307787035266,0.));
#3978=CARTESIAN_POINT('',(6.32281076638794,1.55267854785015,2.34));
#3979=CARTESIAN_POINT('',(6.32281076638794,1.55267854785015,2.34));
#3980=VECTOR('',#3981,1.);
#3981=DIRECTION('',(-0.422618261733638,-0.906307787039943,0.));
#3982=CARTESIAN_POINT('',(6.37718923360911,1.55267854785648,2.34));
#3983=AXIS2_PLACEMENT_3D('',#3984,#3985,#3986);
#3984=CARTESIAN_POINT('',(6.35,1.54,2.34));
#3985=DIRECTION('',(0.,-0.,1.));
#3986=DIRECTION('',(0.906307786970438,0.422618261882691,0.));
#3987=CARTESIAN_POINT('',(6.50900440526804,1.27,2.34));
#3988=VECTOR('',#3989,1.);
#3989=DIRECTION('',(-0.422618261733636,0.906307787039943,0.));
#3990=CARTESIAN_POINT('',(8.91718923360911,-0.987321452143519,1.07));
#3991=VECTOR('',#3992,1.);
#3992=DIRECTION('',(0.,0.,1.));
#3993=CARTESIAN_POINT('',(8.86281076638794,-0.987321452149846,1.07));
#3994=VECTOR('',#3995,1.);
#3995=DIRECTION('',(0.,0.,1.));
#3996=CARTESIAN_POINT('',(8.91718923361106,0.987321452147693,1.07));
#3997=VECTOR('',#3998,1.);
#3998=DIRECTION('',(0.,0.,1.));
#3999=CARTESIAN_POINT('',(8.86281076638894,0.987321452147694,1.07));
#4000=VECTOR('',#4001,1.);
#4001=DIRECTION('',(0.,0.,1.));
#4002=CARTESIAN_POINT('',(6.37718923360911,-0.987321452143519,1.07));
#4003=VECTOR('',#4004,1.);
#4004=DIRECTION('',(0.,0.,1.));
#4005=CARTESIAN_POINT('',(11.545,-0.97,1.07));
#4006=VECTOR('',#4007,1.);
#4007=DIRECTION('',(0.,0.,1.));
#4008=CARTESIAN_POINT('',(6.32281076638794,-0.987321452149846,1.07));
#4009=VECTOR('',#4010,1.);
#4010=DIRECTION('',(0.,0.,1.));
#4011=CARTESIAN_POINT('',(6.19099559473196,-1.27,2.34));
#4012=VECTOR('',#4013,1.);
#4013=DIRECTION('',(0.,0.,-1.));
#4014=CARTESIAN_POINT('',(3.96900440526804,-1.27,1.07));
#4015=VECTOR('',#4016,1.);
#4016=DIRECTION('',(0.,0.,1.));
#4017=CARTESIAN_POINT('',(3.83718923360911,-0.987321452143519,1.07));
#4018=VECTOR('',#4019,1.);
#4019=DIRECTION('',(0.,0.,1.));
#4020=CARTESIAN_POINT('',(3.78281076638794,-0.987321452149846,1.07));
#4021=VECTOR('',#4022,1.);
#4022=DIRECTION('',(0.,0.,1.));
#4023=CARTESIAN_POINT('',(3.65099559473195,-1.27,2.34));
#4024=VECTOR('',#4025,1.);
#4025=DIRECTION('',(0.,0.,-1.));
#4026=CARTESIAN_POINT('',(1.42900440526804,-1.27,1.07));
#4027=VECTOR('',#4028,1.);
#4028=DIRECTION('',(0.,0.,1.));
#4029=CARTESIAN_POINT('',(1.29718923360911,-0.987321452143519,1.07));
#4030=VECTOR('',#4031,1.);
#4031=DIRECTION('',(0.,0.,1.));
#4032=CARTESIAN_POINT('',(1.24281076638794,-0.987321452149846,1.07));
#4033=VECTOR('',#4034,1.);
#4034=DIRECTION('',(0.,0.,1.));
#4035=CARTESIAN_POINT('',(1.11099559473196,-1.27,2.34));
#4036=VECTOR('',#4037,1.);
#4037=DIRECTION('',(0.,0.,-1.));
#4038=CARTESIAN_POINT('',(-1.2451077025535,-1.27,1.07));
#4039=VECTOR('',#4040,1.);
#4040=DIRECTION('',(0.,0.,1.));
#4041=CARTESIAN_POINT('',(-1.385,-0.97,1.07));
#4042=VECTOR('',#4043,1.);
#4043=DIRECTION('',(0.,0.,1.));
#4044=CARTESIAN_POINT('',(-1.385,0.970000000000001,1.07));
#4045=VECTOR('',#4046,1.);
#4046=DIRECTION('',(0.,0.,1.));
#4047=CARTESIAN_POINT('',(-1.2451077025535,1.27,1.07));
#4048=VECTOR('',#4049,1.);
#4049=DIRECTION('',(0.,0.,1.));
#4050=CARTESIAN_POINT('',(-1.385,1.57,1.07));
#4051=VECTOR('',#4052,1.);
#4052=DIRECTION('',(0.,0.,1.));
#4053=CARTESIAN_POINT('',(-1.385,3.51,1.07));
#4054=VECTOR('',#4055,1.);
#4055=DIRECTION('',(0.,0.,1.));
#4056=CARTESIAN_POINT('',(-1.2451077025535,3.81,1.07));
#4057=VECTOR('',#4058,1.);
#4058=DIRECTION('',(0.,0.,1.));
#4059=CARTESIAN_POINT('',(1.11099559472815,3.81,1.07));
#4060=VECTOR('',#4061,1.);
#4061=DIRECTION('',(0.,0.,1.));
#4062=CARTESIAN_POINT('',(1.24281076638894,3.52732145214769,1.07));
#4063=VECTOR('',#4064,1.);
#4064=DIRECTION('',(0.,0.,1.));
#4065=CARTESIAN_POINT('',(1.29718923361106,3.52732145214769,1.07));
#4066=VECTOR('',#4067,1.);
#4067=DIRECTION('',(0.,0.,1.));
#4068=CARTESIAN_POINT('',(1.42900440527185,3.81,2.34));
#4069=VECTOR('',#4070,1.);
#4070=DIRECTION('',(0.,0.,-1.));
#4071=CARTESIAN_POINT('',(3.65099559472815,3.81,1.07));
#4072=VECTOR('',#4073,1.);
#4073=DIRECTION('',(0.,0.,1.));
#4074=CARTESIAN_POINT('',(3.78281076638894,3.52732145214769,1.07));
#4075=VECTOR('',#4076,1.);
#4076=DIRECTION('',(0.,0.,1.));
#4077=CARTESIAN_POINT('',(3.83718923361106,3.52732145214769,1.07));
#4078=VECTOR('',#4079,1.);
#4079=DIRECTION('',(0.,0.,1.));
#4080=CARTESIAN_POINT('',(3.96900440527185,3.81,2.34));
#4081=VECTOR('',#4082,1.);
#4082=DIRECTION('',(0.,0.,-1.));
#4083=CARTESIAN_POINT('',(6.19099559472815,3.81,1.07));
#4084=VECTOR('',#4085,1.);
#4085=DIRECTION('',(0.,0.,1.));
#4086=CARTESIAN_POINT('',(6.32281076638894,3.52732145214769,1.07));
#4087=VECTOR('',#4088,1.);
#4088=DIRECTION('',(0.,0.,1.));
#4089=CARTESIAN_POINT('',(6.37718923361106,3.52732145214769,1.07));
#4090=VECTOR('',#4091,1.);
#4091=DIRECTION('',(0.,0.,1.));
#4092=CARTESIAN_POINT('',(6.50900440527185,3.81,2.34));
#4093=VECTOR('',#4094,1.);
#4094=DIRECTION('',(0.,0.,-1.));
#4095=CARTESIAN_POINT('',(8.73099559472815,3.81,1.07));
#4096=VECTOR('',#4097,1.);
#4097=DIRECTION('',(0.,0.,1.));
#4098=CARTESIAN_POINT('',(8.86281076638894,3.52732145214769,1.07));
#4099=VECTOR('',#4100,1.);
#4100=DIRECTION('',(0.,0.,1.));
#4101=CARTESIAN_POINT('',(8.91718923361106,3.52732145214769,1.07));
#4102=VECTOR('',#4103,1.);
#4103=DIRECTION('',(0.,0.,1.));
#4104=CARTESIAN_POINT('',(9.04900440527185,3.81,2.34));
#4105=VECTOR('',#4106,1.);
#4106=DIRECTION('',(0.,0.,-1.));
#4107=CARTESIAN_POINT('',(11.4051077025535,3.81,1.07));
#4108=VECTOR('',#4109,1.);
#4109=DIRECTION('',(0.,0.,1.));
#4110=CARTESIAN_POINT('',(11.545,3.51,1.07));
#4111=VECTOR('',#4112,1.);
#4112=DIRECTION('',(0.,0.,1.));
#4113=CARTESIAN_POINT('',(11.545,1.57,1.07));
#4114=VECTOR('',#4115,1.);
#4115=DIRECTION('',(0.,0.,1.));
#4116=CARTESIAN_POINT('',(11.4051077025535,1.27,1.07));
#4117=VECTOR('',#4118,1.);
#4118=DIRECTION('',(0.,0.,1.));
#4119=CARTESIAN_POINT('',(11.545,0.969999999999998,1.07));
#4120=VECTOR('',#4121,1.);
#4121=DIRECTION('',(0.,0.,1.));
#4122=CARTESIAN_POINT('',(3.96900440526804,1.27,1.07));
#4123=VECTOR('',#4124,1.);
#4124=DIRECTION('',(0.,0.,1.));
#4125=CARTESIAN_POINT('',(3.83718923361106,0.987321452147693,1.07));
#4126=VECTOR('',#4127,1.);
#4127=DIRECTION('',(0.,0.,1.));
#4128=CARTESIAN_POINT('',(3.83718923360911,1.55267854785648,1.07));
#4129=VECTOR('',#4130,1.);
#4130=DIRECTION('',(0.,0.,1.));
#4131=CARTESIAN_POINT('',(3.78281076638794,1.55267854785015,1.07));
#4132=VECTOR('',#4133,1.);
#4133=DIRECTION('',(0.,0.,1.));
#4134=CARTESIAN_POINT('',(3.65099559473196,1.27,1.07));
#4135=VECTOR('',#4136,1.);
#4136=DIRECTION('',(0.,0.,1.));
#4137=CARTESIAN_POINT('',(3.78281076638894,0.987321452147694,1.07));
#4138=VECTOR('',#4139,1.);
#4139=DIRECTION('',(0.,0.,1.));
#4140=CARTESIAN_POINT('',(1.29718923360911,1.55267854785648,1.07));
#4141=VECTOR('',#4142,1.);
#4142=DIRECTION('',(0.,0.,1.));
#4143=CARTESIAN_POINT('',(1.24281076638794,1.55267854785015,1.07));
#4144=VECTOR('',#4145,1.);
#4145=DIRECTION('',(0.,0.,1.));
#4146=CARTESIAN_POINT('',(1.11099559472815,1.27,1.07));
#4147=VECTOR('',#4148,1.);
#4148=DIRECTION('',(0.,0.,1.));
#4149=CARTESIAN_POINT('',(1.24281076638894,0.987321452147694,1.07));
#4150=VECTOR('',#4151,1.);
#4151=DIRECTION('',(0.,0.,1.));
#4152=CARTESIAN_POINT('',(1.29718923361106,0.987321452147693,1.07));
#4153=VECTOR('',#4154,1.);
#4154=DIRECTION('',(0.,0.,1.));
#4155=CARTESIAN_POINT('',(1.42900440527185,1.27,2.34));
#4156=VECTOR('',#4157,1.);
#4157=DIRECTION('',(0.,0.,-1.));
#4158=CARTESIAN_POINT('',(6.50900440526804,1.27,1.07));
#4159=VECTOR('',#4160,1.);
#4160=DIRECTION('',(0.,0.,1.));
#4161=CARTESIAN_POINT('',(6.37718923361106,0.987321452147693,1.07));
#4162=VECTOR('',#4163,1.);
#4163=DIRECTION('',(0.,0.,1.));
#4164=CARTESIAN_POINT('',(6.37718923360911,1.55267854785648,1.07));
#4165=VECTOR('',#4166,1.);
#4166=DIRECTION('',(0.,0.,1.));
#4167=CARTESIAN_POINT('',(6.32281076638794,1.55267854785015,1.07));
#4168=VECTOR('',#4169,1.);
#4169=DIRECTION('',(0.,0.,1.));
#4170=CARTESIAN_POINT('',(6.19099559473196,1.27,1.07));
#4171=VECTOR('',#4172,1.);
#4172=DIRECTION('',(0.,0.,1.));
#4173=CARTESIAN_POINT('',(6.32281076638894,0.987321452147694,1.07));
#4174=VECTOR('',#4175,1.);
#4175=DIRECTION('',(0.,0.,1.));
#4176=CARTESIAN_POINT('',(0.,-0.19,-2.74));
#4177=AXIS2_PLACEMENT_3D('',#4178,#4179,#4180);
#4178=CARTESIAN_POINT('',(0.,0.,-2.74));
#4179=DIRECTION('',(-0.,-0.,-1.));
#4180=DIRECTION('',(0.,-1.,0.));
#4181=CARTESIAN_POINT('',(0.,-0.38,-2.55));
#4182=AXIS2_PLACEMENT_3D('',#4183,#4184,#4185);
#4183=CARTESIAN_POINT('',(0.,0.,-2.55));
#4184=DIRECTION('',(-0.,-0.,-1.));
#4185=DIRECTION('',(0.,-1.,0.));
#4186=CARTESIAN_POINT('',(0.,-0.38,0.));
#4187=AXIS2_PLACEMENT_3D('',#4188,#4189,#4190);
#4188=CARTESIAN_POINT('',(0.,0.,0.));
#4189=DIRECTION('',(-0.,-0.,-1.));
#4190=DIRECTION('',(0.,-1.,0.));
#4191=CARTESIAN_POINT('',(0.,-0.66,0.28));
#4192=AXIS2_PLACEMENT_3D('',#4193,#4194,#4195);
#4193=CARTESIAN_POINT('',(0.,0.,0.28));
#4194=DIRECTION('',(-0.,-0.,-1.));
#4195=DIRECTION('',(0.,-1.,0.));
#4196=CARTESIAN_POINT('',(0.,-0.66,1.29287838708185));
#4197=AXIS2_PLACEMENT_3D('',#4198,#4199,#4200);
#4198=CARTESIAN_POINT('',(0.,0.,1.29287838708185));
#4199=DIRECTION('',(-0.,-0.,-1.));
#4200=DIRECTION('',(0.,-1.,0.));
#4201=CARTESIAN_POINT('',(0.,-0.81,1.70500000000004));
#4202=AXIS2_PLACEMENT_3D('',#4203,#4204,#4205);
#4203=CARTESIAN_POINT('',(0.,0.,1.70500000000004));
#4204=DIRECTION('',(-0.,-0.,-1.));
#4205=DIRECTION('',(0.,-1.,0.));
#4206=CARTESIAN_POINT('',(0.,-0.66,1.7050000000001));
#4207=AXIS2_PLACEMENT_3D('',#4208,#4209,#4210);
#4208=CARTESIAN_POINT('',(0.,0.,1.70500000000004));
#4209=DIRECTION('',(-0.,-0.,-1.));
#4210=DIRECTION('',(0.,-1.,0.));
#4211=CARTESIAN_POINT('',(0.,-0.66,2.2400000000001));
#4212=AXIS2_PLACEMENT_3D('',#4213,#4214,#4215);
#4213=CARTESIAN_POINT('',(0.,0.,2.2400000000001));
#4214=DIRECTION('',(-0.,-0.,-1.));
#4215=DIRECTION('',(0.,-1.,0.));
#4216=CARTESIAN_POINT('',(0.,-0.915,2.24));
#4217=AXIS2_PLACEMENT_3D('',#4218,#4219,#4220);
#4218=CARTESIAN_POINT('',(0.,0.,2.2400000000001));
#4219=DIRECTION('',(-0.,-0.,-1.));
#4220=DIRECTION('',(0.,-1.,0.));
#4221=CARTESIAN_POINT('',(0.,-0.915,3.1));
#4222=AXIS2_PLACEMENT_3D('',#4223,#4224,#4225);
#4223=CARTESIAN_POINT('',(0.,0.,3.1));
#4224=DIRECTION('',(-0.,-0.,-1.));
#4225=DIRECTION('',(0.,-1.,0.));
#4226=CARTESIAN_POINT('',(0.,-0.634191070279899,3.10000000000011));
#4227=AXIS2_PLACEMENT_3D('',#4228,#4229,#4230);
#4228=CARTESIAN_POINT('',(0.,0.,3.1));
#4229=DIRECTION('',(-0.,-0.,-1.));
#4230=DIRECTION('',(0.,-1.,0.));
#4231=CARTESIAN_POINT('',(0.,-0.525,2.8));
#4232=AXIS2_PLACEMENT_3D('',#4233,#4234,#4235);
#4233=CARTESIAN_POINT('',(0.,0.,2.8));
#4234=DIRECTION('',(0.,-0.,-1.));
#4235=DIRECTION('',(0.,-1.,0.));
#4236=CARTESIAN_POINT('',(0.,-0.525,2.3));
#4237=AXIS2_PLACEMENT_3D('',#4238,#4239,#4240);
#4238=CARTESIAN_POINT('',(0.,0.,2.3));
#4239=DIRECTION('',(0.,-0.,-1.));
#4240=DIRECTION('',(0.,-1.,0.));
#4241=CARTESIAN_POINT('',(0.,-0.225,0.7));
#4242=AXIS2_PLACEMENT_3D('',#4243,#4244,#4245);
#4243=CARTESIAN_POINT('',(0.,0.,0.7));
#4244=DIRECTION('',(-0.,-0.,-1.));
#4245=DIRECTION('',(0.,-1.,0.));
#4246=CARTESIAN_POINT('',(0.,-0.525,0.7));
#4247=AXIS2_PLACEMENT_3D('',#4248,#4249,#4250);
#4248=CARTESIAN_POINT('',(0.,0.,0.7));
#4249=DIRECTION('',(-0.,-0.,-1.));
#4250=DIRECTION('',(0.,-1.,0.));
#4251=CARTESIAN_POINT('',(0.,-0.525,0.450215154761267));
#4252=AXIS2_PLACEMENT_3D('',#4253,#4254,#4255);
#4253=CARTESIAN_POINT('',(0.,0.,0.45021515475689));
#4254=DIRECTION('',(0.,-0.,-1.));
#4255=DIRECTION('',(0.,-1.,0.));
#4256=CARTESIAN_POINT('',(0.,-0.275,0.3));
#4257=AXIS2_PLACEMENT_3D('',#4258,#4259,#4260);
#4258=CARTESIAN_POINT('',(0.,0.,0.3));
#4259=DIRECTION('',(0.,-0.,-1.));
#4260=DIRECTION('',(0.,-1.,0.));
#4261=CARTESIAN_POINT('',(0.,-0.275,-1.6));
#4262=AXIS2_PLACEMENT_3D('',#4263,#4264,#4265);
#4263=CARTESIAN_POINT('',(0.,0.,-1.6));
#4264=DIRECTION('',(0.,-0.,-1.));
#4265=DIRECTION('',(0.,-1.,0.));
#4266=CARTESIAN_POINT('',(0.,-0.03,-1.74721085166175));
#4267=AXIS2_PLACEMENT_3D('',#4268,#4269,#4270);
#4268=CARTESIAN_POINT('',(0.,0.,-1.74721085166175));
#4269=DIRECTION('',(-0.,-0.,-1.));
#4270=DIRECTION('',(0.,-1.,0.));
ENDSEC;
END-ISO-10303-21;
