ISO-10303-21;
HEADER;
FILE_DESCRIPTION(('STEP AP214'),
    '1');
FILE_NAME('SL-105-TT-11',
    '2020-03-30T23:15:00',
    ('AF'),
    (''),
    'UNSPECIFIED',
    'UNSPECIFIED',
    '');
/*Based on Samtec Inc. SL, SDL series datasheet*/
FILE_SCHEMA(('AUTOMOTIVE_DESIGN { 1 0 10303 214 3 1 1}'));
ENDSEC;

DATA;
#1=SHAPE_REPRESENTATION('NONE',(#2,#58,#121,#147,#173,#199,#225,#251,#277),#6);
#2=AXIS2_PLACEMENT_3D('',#3,#4,#5);
#3=CARTESIAN_POINT('',(0.,0.,0.));
#4=DIRECTION('',(0.,0.,1.));
#5=DIRECTION('',(1.,0.,0.));
#6=(GEOMETRIC_REPRESENTATION_CONTEXT(3)GLOBAL_UNCERTAINTY_ASSIGNED_CONTEXT((#8))
GLOBAL_UNIT_ASSIGNED_CONTEXT((#7,#9,#10))REPRESENTATION_CONTEXT('NONE','NONE'));
#7=(LENGTH_UNIT()NAMED_UNIT(*)SI_UNIT(.MILLI.,.METRE.));
#8=UNCERTAINTY_MEASURE_WITH_UNIT(LENGTH_MEASURE(1.E-005),#7,'NONE','NONE');
#9=(NAMED_UNIT(*)PLANE_ANGLE_UNIT()SI_UNIT($,.RADIAN.));
#10=(NAMED_UNIT(*)SI_UNIT($,.STERADIAN.)SOLID_ANGLE_UNIT());
#11=SHAPE_DEFINITION_REPRESENTATION(#12,#1);
#12=PRODUCT_DEFINITION_SHAPE('NONE','NONE',#13);
#13=PRODUCT_DEFINITION('','UNSPECIFIED',#14,#22);
#14=PRODUCT_DEFINITION_FORMATION_WITH_SPECIFIED_SOURCE('ANY','UNSPECIFIED',#15,.NOT_KNOWN.);
#15=PRODUCT('','SDL-104-TT-11','Based on Samtec Inc. SL, SDL series datasheet',(
#25));
#16=PERSON('UNSPECIFIED','AF','UNSPECIFIED',('UNSPECIFIED'),('UNSPECIFIED'),
('UNSPECIFIED'));
#17=ORGANIZATION('UNSPECIFIED','UNSPECIFIED','UNSPECIFIED');
#18=PERSON_AND_ORGANIZATION(#16,#17);
#19=PERSON_AND_ORGANIZATION_ROLE('design_owner');
#20=CC_DESIGN_PERSON_AND_ORGANIZATION_ASSIGNMENT(#18,#19,(#15));
#21=PRODUCT_RELATED_PRODUCT_CATEGORY('assembly','',(#15));
#22=DESIGN_CONTEXT('detailed design',#23,'design');
#23=APPLICATION_CONTEXT('configuration controlled 3d designs of mechanical parts and assemblies');
#24=APPLICATION_PROTOCOL_DEFINITION('international standard','automotive_design',
2011,#23);
#25=PRODUCT_CONTEXT('NONE',#23,'mechanical');
#26=CC_DESIGN_DATE_AND_TIME_ASSIGNMENT(#27,#31,(#13));
#27=DATE_AND_TIME(#28,#29);
#28=CALENDAR_DATE(0,1,1);
#29=LOCAL_TIME(0,0,0.,#30);
#30=COORDINATED_UNIVERSAL_TIME_OFFSET(0,0,.AHEAD.);
#31=DATE_TIME_ROLE('creation_date');
#32=CC_DESIGN_APPROVAL(#33,(#13));
#33=APPROVAL(#34,'UNSPECIFIED');
#34=APPROVAL_STATUS('not_yet_approved');
#35=APPROVAL_DATE_TIME(#36,#33);
#36=DATE_AND_TIME(#37,#38);
#37=CALENDAR_DATE(0,1,1);
#38=LOCAL_TIME(0,0,0.,#39);
#39=COORDINATED_UNIVERSAL_TIME_OFFSET(0,0,.AHEAD.);
#40=DERIVED_UNIT((#44,#41));
#41=DERIVED_UNIT_ELEMENT(#42,-1.);
#42=VOLUME_UNIT(#43);
#43=DIMENSIONAL_EXPONENTS(3.,0.,0.,0.,0.,0.,0.);
#44=(DERIVED_UNIT_ELEMENT($,-1.)NAMED_UNIT($)MASS_UNIT()SI_UNIT($,.GRAM.));
#45=MANIFOLD_SOLID_BREP('',#46);
#46=CLOSED_SHELL('',(#303,#312,#321,#330,#339,#348,#357,#366,#375,#384,#393,#402,
#411,#420,#429,#438,#447,#456,#465,#474,#483,#492,#501,#510,#519,#528,#537,#546,
#555,#564,#573,#582,#591,#600,#609,#618,#627,#636,#645,#654,#663,#672,#681,#690,
#699,#708,#717,#726,#735,#744,#753,#762,#771,#780,#789,#798,#807,#816,#825,#834,
#843,#852,#861,#870,#879,#888));
#47=COLOUR_RGB($,0.156862745098039,0.156862745098039,0.156862745098039);
#48=FILL_AREA_STYLE_COLOUR($,#47);
#49=FILL_AREA_STYLE($,(#48));
#50=SURFACE_STYLE_FILL_AREA(#49);
#51=SURFACE_SIDE_STYLE('',(#50));
#52=SURFACE_STYLE_USAGE(.BOTH.,#51);
#53=PRESENTATION_STYLE_ASSIGNMENT((#52));
#54=MECHANICAL_DESIGN_GEOMETRIC_PRESENTATION_REPRESENTATION('NONE',(#55,#96,#311,
#320,#329,#338,#347,#356,#365,#374,#383,#392,#401,#410,#419,#428,#437,#446,#455,
#464,#473,#482,#491,#500,#509,#518,#527,#536,#545,#554,#563,#572,#581,#590,#599,
#608,#617,#626,#635,#644,#653,#662,#671,#680,#689,#698,#707,#716,#725,#734,#743,
#752,#761,#770,#779,#788,#797,#806,#815,#824,#833,#842,#851,#860,#869,#878,#887,
#896,#905,#914,#923,#932,#941,#950,#959,#968,#977,#986,#995,#1004,#1013,#1022,#1031,
#1040,#1049,#1058),#6);
#55=STYLED_ITEM('',(#53),#45);
#56=ADVANCED_BREP_SHAPE_REPRESENTATION('NONE',(#45),#6);
#57=SHAPE_REPRESENTATION_RELATIONSHIP('','',#1,#56);
#58=AXIS2_PLACEMENT_3D('',#59,#60,#61);
#59=CARTESIAN_POINT('',(0.,0.,0.));
#60=DIRECTION('',(0.,0.,1.));
#61=DIRECTION('',(1.,0.,0.));
#62=SHAPE_REPRESENTATION('NONE',(#2),#6);
#63=SHAPE_DEFINITION_REPRESENTATION(#64,#62);
#64=PRODUCT_DEFINITION_SHAPE('NONE','NONE',#65);
#65=PRODUCT_DEFINITION('','UNSPECIFIED',#66,#69);
#66=PRODUCT_DEFINITION_FORMATION_WITH_SPECIFIED_SOURCE('ANY','UNSPECIFIED',#67,.NOT_KNOWN.);
#67=PRODUCT('','SxL-1xx-TT-11-pin','Based on Samtec Inc. SL, SDL series datasheet',
(#72));
#68=PRODUCT_RELATED_PRODUCT_CATEGORY('detail','',(#67));
#69=DESIGN_CONTEXT('detailed design',#70,'design');
#70=APPLICATION_CONTEXT('configuration controlled 3d designs of mechanical parts and assemblies');
#71=APPLICATION_PROTOCOL_DEFINITION('international standard','automotive_design',
2011,#70);
#72=PRODUCT_CONTEXT('NONE',#70,'mechanical');
#73=CC_DESIGN_DATE_AND_TIME_ASSIGNMENT(#74,#78,(#65));
#74=DATE_AND_TIME(#75,#76);
#75=CALENDAR_DATE(0,1,1);
#76=LOCAL_TIME(0,0,0.,#77);
#77=COORDINATED_UNIVERSAL_TIME_OFFSET(0,0,.AHEAD.);
#78=DATE_TIME_ROLE('creation_date');
#79=CC_DESIGN_APPROVAL(#80,(#65));
#80=APPROVAL(#81,'UNSPECIFIED');
#81=APPROVAL_STATUS('not_yet_approved');
#82=APPROVAL_DATE_TIME(#83,#80);
#83=DATE_AND_TIME(#84,#85);
#84=CALENDAR_DATE(0,1,1);
#85=LOCAL_TIME(0,0,0.,#86);
#86=COORDINATED_UNIVERSAL_TIME_OFFSET(0,0,.AHEAD.);
#87=MANIFOLD_SOLID_BREP('',#88);
#88=CLOSED_SHELL('',(#897,#906,#915,#924,#933,#942,#951,#960,#969,#978,#987,#996,
#1005,#1014,#1023,#1032,#1041,#1050));
#89=COLOUR_RGB($,0.827450980392157,0.831372549019608,0.835294117647059);
#90=FILL_AREA_STYLE_COLOUR($,#89);
#91=FILL_AREA_STYLE($,(#90));
#92=SURFACE_STYLE_FILL_AREA(#91);
#93=SURFACE_SIDE_STYLE('',(#92));
#94=SURFACE_STYLE_USAGE(.BOTH.,#93);
#95=PRESENTATION_STYLE_ASSIGNMENT((#94));
#96=STYLED_ITEM('',(#95),#87);
#97=ADVANCED_BREP_SHAPE_REPRESENTATION('NONE',(#87),#6);
#98=SHAPE_REPRESENTATION_RELATIONSHIP('','',#62,#97);
#99=ITEM_DEFINED_TRANSFORMATION('','',#2,#58);
#100=(REPRESENTATION_RELATIONSHIP('','',#62,#1)REPRESENTATION_RELATIONSHIP_WITH_TRANSFORMATION(
#99)SHAPE_REPRESENTATION_RELATIONSHIP());
#101=NEXT_ASSEMBLY_USAGE_OCCURRENCE('1','','',#13,#65,$);
#102=CC_DESIGN_SECURITY_CLASSIFICATION(#103,(#101));
#103=SECURITY_CLASSIFICATION('','',#104);
#104=SECURITY_CLASSIFICATION_LEVEL('unclassified');
#105=CC_DESIGN_DATE_AND_TIME_ASSIGNMENT(#106,#110,(#103));
#106=DATE_AND_TIME(#107,#108);
#107=CALENDAR_DATE(0,1,1);
#108=LOCAL_TIME(0,0,0.,#109);
#109=COORDINATED_UNIVERSAL_TIME_OFFSET(0,0,.AHEAD.);
#110=DATE_TIME_ROLE('classification_date');
#111=CC_DESIGN_APPROVAL(#112,(#103));
#112=APPROVAL(#113,'UNSPECIFIED');
#113=APPROVAL_STATUS('not_yet_approved');
#114=APPROVAL_DATE_TIME(#115,#112);
#115=DATE_AND_TIME(#116,#117);
#116=CALENDAR_DATE(0,1,1);
#117=LOCAL_TIME(0,0,0.,#118);
#118=COORDINATED_UNIVERSAL_TIME_OFFSET(0,0,.AHEAD.);
#119=PRODUCT_DEFINITION_SHAPE('NONE','NONE',#101);
#120=CONTEXT_DEPENDENT_SHAPE_REPRESENTATION(#100,#119);
#121=AXIS2_PLACEMENT_3D('',#122,#123,#124);
#122=CARTESIAN_POINT('',(1.55530143491714E-016,2.54,0.));
#123=DIRECTION('',(0.,0.,1.));
#124=DIRECTION('',(1.,0.,0.));
#125=ITEM_DEFINED_TRANSFORMATION('','',#2,#121);
#126=(REPRESENTATION_RELATIONSHIP('','',#62,#1)REPRESENTATION_RELATIONSHIP_WITH_TRANSFORMATION(
#125)SHAPE_REPRESENTATION_RELATIONSHIP());
#127=NEXT_ASSEMBLY_USAGE_OCCURRENCE('2','','',#13,#65,$);
#128=CC_DESIGN_SECURITY_CLASSIFICATION(#129,(#127));
#129=SECURITY_CLASSIFICATION('','',#130);
#130=SECURITY_CLASSIFICATION_LEVEL('unclassified');
#131=CC_DESIGN_DATE_AND_TIME_ASSIGNMENT(#132,#136,(#129));
#132=DATE_AND_TIME(#133,#134);
#133=CALENDAR_DATE(0,1,1);
#134=LOCAL_TIME(0,0,0.,#135);
#135=COORDINATED_UNIVERSAL_TIME_OFFSET(0,0,.AHEAD.);
#136=DATE_TIME_ROLE('classification_date');
#137=CC_DESIGN_APPROVAL(#138,(#129));
#138=APPROVAL(#139,'UNSPECIFIED');
#139=APPROVAL_STATUS('not_yet_approved');
#140=APPROVAL_DATE_TIME(#141,#138);
#141=DATE_AND_TIME(#142,#143);
#142=CALENDAR_DATE(0,1,1);
#143=LOCAL_TIME(0,0,0.,#144);
#144=COORDINATED_UNIVERSAL_TIME_OFFSET(0,0,.AHEAD.);
#145=PRODUCT_DEFINITION_SHAPE('NONE','NONE',#127);
#146=CONTEXT_DEPENDENT_SHAPE_REPRESENTATION(#126,#145);
#147=AXIS2_PLACEMENT_3D('',#148,#149,#150);
#148=CARTESIAN_POINT('',(2.54,0.,0.));
#149=DIRECTION('',(0.,0.,1.));
#150=DIRECTION('',(1.,0.,0.));
#151=ITEM_DEFINED_TRANSFORMATION('','',#2,#147);
#152=(REPRESENTATION_RELATIONSHIP('','',#62,#1)REPRESENTATION_RELATIONSHIP_WITH_TRANSFORMATION(
#151)SHAPE_REPRESENTATION_RELATIONSHIP());
#153=NEXT_ASSEMBLY_USAGE_OCCURRENCE('3','','',#13,#65,$);
#154=CC_DESIGN_SECURITY_CLASSIFICATION(#155,(#153));
#155=SECURITY_CLASSIFICATION('','',#156);
#156=SECURITY_CLASSIFICATION_LEVEL('unclassified');
#157=CC_DESIGN_DATE_AND_TIME_ASSIGNMENT(#158,#162,(#155));
#158=DATE_AND_TIME(#159,#160);
#159=CALENDAR_DATE(0,1,1);
#160=LOCAL_TIME(0,0,0.,#161);
#161=COORDINATED_UNIVERSAL_TIME_OFFSET(0,0,.AHEAD.);
#162=DATE_TIME_ROLE('classification_date');
#163=CC_DESIGN_APPROVAL(#164,(#155));
#164=APPROVAL(#165,'UNSPECIFIED');
#165=APPROVAL_STATUS('not_yet_approved');
#166=APPROVAL_DATE_TIME(#167,#164);
#167=DATE_AND_TIME(#168,#169);
#168=CALENDAR_DATE(0,1,1);
#169=LOCAL_TIME(0,0,0.,#170);
#170=COORDINATED_UNIVERSAL_TIME_OFFSET(0,0,.AHEAD.);
#171=PRODUCT_DEFINITION_SHAPE('NONE','NONE',#153);
#172=CONTEXT_DEPENDENT_SHAPE_REPRESENTATION(#152,#171);
#173=AXIS2_PLACEMENT_3D('',#174,#175,#176);
#174=CARTESIAN_POINT('',(2.54,2.54,0.));
#175=DIRECTION('',(0.,0.,1.));
#176=DIRECTION('',(1.,0.,0.));
#177=ITEM_DEFINED_TRANSFORMATION('','',#2,#173);
#178=(REPRESENTATION_RELATIONSHIP('','',#62,#1)REPRESENTATION_RELATIONSHIP_WITH_TRANSFORMATION(
#177)SHAPE_REPRESENTATION_RELATIONSHIP());
#179=NEXT_ASSEMBLY_USAGE_OCCURRENCE('4','','',#13,#65,$);
#180=CC_DESIGN_SECURITY_CLASSIFICATION(#181,(#179));
#181=SECURITY_CLASSIFICATION('','',#182);
#182=SECURITY_CLASSIFICATION_LEVEL('unclassified');
#183=CC_DESIGN_DATE_AND_TIME_ASSIGNMENT(#184,#188,(#181));
#184=DATE_AND_TIME(#185,#186);
#185=CALENDAR_DATE(0,1,1);
#186=LOCAL_TIME(0,0,0.,#187);
#187=COORDINATED_UNIVERSAL_TIME_OFFSET(0,0,.AHEAD.);
#188=DATE_TIME_ROLE('classification_date');
#189=CC_DESIGN_APPROVAL(#190,(#181));
#190=APPROVAL(#191,'UNSPECIFIED');
#191=APPROVAL_STATUS('not_yet_approved');
#192=APPROVAL_DATE_TIME(#193,#190);
#193=DATE_AND_TIME(#194,#195);
#194=CALENDAR_DATE(0,1,1);
#195=LOCAL_TIME(0,0,0.,#196);
#196=COORDINATED_UNIVERSAL_TIME_OFFSET(0,0,.AHEAD.);
#197=PRODUCT_DEFINITION_SHAPE('NONE','NONE',#179);
#198=CONTEXT_DEPENDENT_SHAPE_REPRESENTATION(#178,#197);
#199=AXIS2_PLACEMENT_3D('',#200,#201,#202);
#200=CARTESIAN_POINT('',(5.08,0.,0.));
#201=DIRECTION('',(0.,0.,1.));
#202=DIRECTION('',(1.,0.,0.));
#203=ITEM_DEFINED_TRANSFORMATION('','',#2,#199);
#204=(REPRESENTATION_RELATIONSHIP('','',#62,#1)REPRESENTATION_RELATIONSHIP_WITH_TRANSFORMATION(
#203)SHAPE_REPRESENTATION_RELATIONSHIP());
#205=NEXT_ASSEMBLY_USAGE_OCCURRENCE('5','','',#13,#65,$);
#206=CC_DESIGN_SECURITY_CLASSIFICATION(#207,(#205));
#207=SECURITY_CLASSIFICATION('','',#208);
#208=SECURITY_CLASSIFICATION_LEVEL('unclassified');
#209=CC_DESIGN_DATE_AND_TIME_ASSIGNMENT(#210,#214,(#207));
#210=DATE_AND_TIME(#211,#212);
#211=CALENDAR_DATE(0,1,1);
#212=LOCAL_TIME(0,0,0.,#213);
#213=COORDINATED_UNIVERSAL_TIME_OFFSET(0,0,.AHEAD.);
#214=DATE_TIME_ROLE('classification_date');
#215=CC_DESIGN_APPROVAL(#216,(#207));
#216=APPROVAL(#217,'UNSPECIFIED');
#217=APPROVAL_STATUS('not_yet_approved');
#218=APPROVAL_DATE_TIME(#219,#216);
#219=DATE_AND_TIME(#220,#221);
#220=CALENDAR_DATE(0,1,1);
#221=LOCAL_TIME(0,0,0.,#222);
#222=COORDINATED_UNIVERSAL_TIME_OFFSET(0,0,.AHEAD.);
#223=PRODUCT_DEFINITION_SHAPE('NONE','NONE',#205);
#224=CONTEXT_DEPENDENT_SHAPE_REPRESENTATION(#204,#223);
#225=AXIS2_PLACEMENT_3D('',#226,#227,#228);
#226=CARTESIAN_POINT('',(5.08,2.54,0.));
#227=DIRECTION('',(0.,0.,1.));
#228=DIRECTION('',(1.,0.,0.));
#229=ITEM_DEFINED_TRANSFORMATION('','',#2,#225);
#230=(REPRESENTATION_RELATIONSHIP('','',#62,#1)REPRESENTATION_RELATIONSHIP_WITH_TRANSFORMATION(
#229)SHAPE_REPRESENTATION_RELATIONSHIP());
#231=NEXT_ASSEMBLY_USAGE_OCCURRENCE('6','','',#13,#65,$);
#232=CC_DESIGN_SECURITY_CLASSIFICATION(#233,(#231));
#233=SECURITY_CLASSIFICATION('','',#234);
#234=SECURITY_CLASSIFICATION_LEVEL('unclassified');
#235=CC_DESIGN_DATE_AND_TIME_ASSIGNMENT(#236,#240,(#233));
#236=DATE_AND_TIME(#237,#238);
#237=CALENDAR_DATE(0,1,1);
#238=LOCAL_TIME(0,0,0.,#239);
#239=COORDINATED_UNIVERSAL_TIME_OFFSET(0,0,.AHEAD.);
#240=DATE_TIME_ROLE('classification_date');
#241=CC_DESIGN_APPROVAL(#242,(#233));
#242=APPROVAL(#243,'UNSPECIFIED');
#243=APPROVAL_STATUS('not_yet_approved');
#244=APPROVAL_DATE_TIME(#245,#242);
#245=DATE_AND_TIME(#246,#247);
#246=CALENDAR_DATE(0,1,1);
#247=LOCAL_TIME(0,0,0.,#248);
#248=COORDINATED_UNIVERSAL_TIME_OFFSET(0,0,.AHEAD.);
#249=PRODUCT_DEFINITION_SHAPE('NONE','NONE',#231);
#250=CONTEXT_DEPENDENT_SHAPE_REPRESENTATION(#230,#249);
#251=AXIS2_PLACEMENT_3D('',#252,#253,#254);
#252=CARTESIAN_POINT('',(7.62,0.,0.));
#253=DIRECTION('',(0.,0.,1.));
#254=DIRECTION('',(1.,0.,0.));
#255=ITEM_DEFINED_TRANSFORMATION('','',#2,#251);
#256=(REPRESENTATION_RELATIONSHIP('','',#62,#1)REPRESENTATION_RELATIONSHIP_WITH_TRANSFORMATION(
#255)SHAPE_REPRESENTATION_RELATIONSHIP());
#257=NEXT_ASSEMBLY_USAGE_OCCURRENCE('7','','',#13,#65,$);
#258=CC_DESIGN_SECURITY_CLASSIFICATION(#259,(#257));
#259=SECURITY_CLASSIFICATION('','',#260);
#260=SECURITY_CLASSIFICATION_LEVEL('unclassified');
#261=CC_DESIGN_DATE_AND_TIME_ASSIGNMENT(#262,#266,(#259));
#262=DATE_AND_TIME(#263,#264);
#263=CALENDAR_DATE(0,1,1);
#264=LOCAL_TIME(0,0,0.,#265);
#265=COORDINATED_UNIVERSAL_TIME_OFFSET(0,0,.AHEAD.);
#266=DATE_TIME_ROLE('classification_date');
#267=CC_DESIGN_APPROVAL(#268,(#259));
#268=APPROVAL(#269,'UNSPECIFIED');
#269=APPROVAL_STATUS('not_yet_approved');
#270=APPROVAL_DATE_TIME(#271,#268);
#271=DATE_AND_TIME(#272,#273);
#272=CALENDAR_DATE(0,1,1);
#273=LOCAL_TIME(0,0,0.,#274);
#274=COORDINATED_UNIVERSAL_TIME_OFFSET(0,0,.AHEAD.);
#275=PRODUCT_DEFINITION_SHAPE('NONE','NONE',#257);
#276=CONTEXT_DEPENDENT_SHAPE_REPRESENTATION(#256,#275);
#277=AXIS2_PLACEMENT_3D('',#278,#279,#280);
#278=CARTESIAN_POINT('',(7.62,2.54,0.));
#279=DIRECTION('',(0.,0.,1.));
#280=DIRECTION('',(1.,0.,0.));
#281=ITEM_DEFINED_TRANSFORMATION('','',#2,#277);
#282=(REPRESENTATION_RELATIONSHIP('','',#62,#1)REPRESENTATION_RELATIONSHIP_WITH_TRANSFORMATION(
#281)SHAPE_REPRESENTATION_RELATIONSHIP());
#283=NEXT_ASSEMBLY_USAGE_OCCURRENCE('8','','',#13,#65,$);
#284=CC_DESIGN_SECURITY_CLASSIFICATION(#285,(#283));
#285=SECURITY_CLASSIFICATION('','',#286);
#286=SECURITY_CLASSIFICATION_LEVEL('unclassified');
#287=CC_DESIGN_DATE_AND_TIME_ASSIGNMENT(#288,#292,(#285));
#288=DATE_AND_TIME(#289,#290);
#289=CALENDAR_DATE(0,1,1);
#290=LOCAL_TIME(0,0,0.,#291);
#291=COORDINATED_UNIVERSAL_TIME_OFFSET(0,0,.AHEAD.);
#292=DATE_TIME_ROLE('classification_date');
#293=CC_DESIGN_APPROVAL(#294,(#285));
#294=APPROVAL(#295,'UNSPECIFIED');
#295=APPROVAL_STATUS('not_yet_approved');
#296=APPROVAL_DATE_TIME(#297,#294);
#297=DATE_AND_TIME(#298,#299);
#298=CALENDAR_DATE(0,1,1);
#299=LOCAL_TIME(0,0,0.,#300);
#300=COORDINATED_UNIVERSAL_TIME_OFFSET(0,0,.AHEAD.);
#301=PRODUCT_DEFINITION_SHAPE('NONE','NONE',#283);
#302=CONTEXT_DEPENDENT_SHAPE_REPRESENTATION(#282,#301);
#303=ADVANCED_FACE('',(#1059),#1061,.F.);
#304=COLOUR_RGB($,0.156862745098039,0.156862745098039,0.156862745098039);
#305=FILL_AREA_STYLE_COLOUR($,#304);
#306=FILL_AREA_STYLE($,(#305));
#307=SURFACE_STYLE_FILL_AREA(#306);
#308=SURFACE_SIDE_STYLE('',(#307));
#309=SURFACE_STYLE_USAGE(.BOTH.,#308);
#310=PRESENTATION_STYLE_ASSIGNMENT((#309));
#311=STYLED_ITEM('',(#310),#303);
#312=ADVANCED_FACE('',(#1066),#1068,.F.);
#313=COLOUR_RGB($,0.156862745098039,0.156862745098039,0.156862745098039);
#314=FILL_AREA_STYLE_COLOUR($,#313);
#315=FILL_AREA_STYLE($,(#314));
#316=SURFACE_STYLE_FILL_AREA(#315);
#317=SURFACE_SIDE_STYLE('',(#316));
#318=SURFACE_STYLE_USAGE(.BOTH.,#317);
#319=PRESENTATION_STYLE_ASSIGNMENT((#318));
#320=STYLED_ITEM('',(#319),#312);
#321=ADVANCED_FACE('',(#1073,#1075,#1077,#1079,#1081,#1083,#1085,#1087,#1089,#1091,
#1093,#1095),#1097,.T.);
#322=COLOUR_RGB($,0.156862745098039,0.156862745098039,0.156862745098039);
#323=FILL_AREA_STYLE_COLOUR($,#322);
#324=FILL_AREA_STYLE($,(#323));
#325=SURFACE_STYLE_FILL_AREA(#324);
#326=SURFACE_SIDE_STYLE('',(#325));
#327=SURFACE_STYLE_USAGE(.BOTH.,#326);
#328=PRESENTATION_STYLE_ASSIGNMENT((#327));
#329=STYLED_ITEM('',(#328),#321);
#330=ADVANCED_FACE('',(#1102,#1104,#1106,#1108,#1110,#1112,#1114,#1116,#1118,#1120,
#1122,#1124),#1126,.F.);
#331=COLOUR_RGB($,0.156862745098039,0.156862745098039,0.156862745098039);
#332=FILL_AREA_STYLE_COLOUR($,#331);
#333=FILL_AREA_STYLE($,(#332));
#334=SURFACE_STYLE_FILL_AREA(#333);
#335=SURFACE_SIDE_STYLE('',(#334));
#336=SURFACE_STYLE_USAGE(.BOTH.,#335);
#337=PRESENTATION_STYLE_ASSIGNMENT((#336));
#338=STYLED_ITEM('',(#337),#330);
#339=ADVANCED_FACE('',(#1131),#1133,.T.);
#340=COLOUR_RGB($,0.156862745098039,0.156862745098039,0.156862745098039);
#341=FILL_AREA_STYLE_COLOUR($,#340);
#342=FILL_AREA_STYLE($,(#341));
#343=SURFACE_STYLE_FILL_AREA(#342);
#344=SURFACE_SIDE_STYLE('',(#343));
#345=SURFACE_STYLE_USAGE(.BOTH.,#344);
#346=PRESENTATION_STYLE_ASSIGNMENT((#345));
#347=STYLED_ITEM('',(#346),#339);
#348=ADVANCED_FACE('',(#1138),#1140,.T.);
#349=COLOUR_RGB($,0.156862745098039,0.156862745098039,0.156862745098039);
#350=FILL_AREA_STYLE_COLOUR($,#349);
#351=FILL_AREA_STYLE($,(#350));
#352=SURFACE_STYLE_FILL_AREA(#351);
#353=SURFACE_SIDE_STYLE('',(#352));
#354=SURFACE_STYLE_USAGE(.BOTH.,#353);
#355=PRESENTATION_STYLE_ASSIGNMENT((#354));
#356=STYLED_ITEM('',(#355),#348);
#357=ADVANCED_FACE('',(#1145),#1147,.F.);
#358=COLOUR_RGB($,0.156862745098039,0.156862745098039,0.156862745098039);
#359=FILL_AREA_STYLE_COLOUR($,#358);
#360=FILL_AREA_STYLE($,(#359));
#361=SURFACE_STYLE_FILL_AREA(#360);
#362=SURFACE_SIDE_STYLE('',(#361));
#363=SURFACE_STYLE_USAGE(.BOTH.,#362);
#364=PRESENTATION_STYLE_ASSIGNMENT((#363));
#365=STYLED_ITEM('',(#364),#357);
#366=ADVANCED_FACE('',(#1152),#1154,.F.);
#367=COLOUR_RGB($,0.156862745098039,0.156862745098039,0.156862745098039);
#368=FILL_AREA_STYLE_COLOUR($,#367);
#369=FILL_AREA_STYLE($,(#368));
#370=SURFACE_STYLE_FILL_AREA(#369);
#371=SURFACE_SIDE_STYLE('',(#370));
#372=SURFACE_STYLE_USAGE(.BOTH.,#371);
#373=PRESENTATION_STYLE_ASSIGNMENT((#372));
#374=STYLED_ITEM('',(#373),#366);
#375=ADVANCED_FACE('',(#1159),#1161,.F.);
#376=COLOUR_RGB($,0.156862745098039,0.156862745098039,0.156862745098039);
#377=FILL_AREA_STYLE_COLOUR($,#376);
#378=FILL_AREA_STYLE($,(#377));
#379=SURFACE_STYLE_FILL_AREA(#378);
#380=SURFACE_SIDE_STYLE('',(#379));
#381=SURFACE_STYLE_USAGE(.BOTH.,#380);
#382=PRESENTATION_STYLE_ASSIGNMENT((#381));
#383=STYLED_ITEM('',(#382),#375);
#384=ADVANCED_FACE('',(#1166),#1168,.F.);
#385=COLOUR_RGB($,0.156862745098039,0.156862745098039,0.156862745098039);
#386=FILL_AREA_STYLE_COLOUR($,#385);
#387=FILL_AREA_STYLE($,(#386));
#388=SURFACE_STYLE_FILL_AREA(#387);
#389=SURFACE_SIDE_STYLE('',(#388));
#390=SURFACE_STYLE_USAGE(.BOTH.,#389);
#391=PRESENTATION_STYLE_ASSIGNMENT((#390));
#392=STYLED_ITEM('',(#391),#384);
#393=ADVANCED_FACE('',(#1173),#1175,.F.);
#394=COLOUR_RGB($,0.156862745098039,0.156862745098039,0.156862745098039);
#395=FILL_AREA_STYLE_COLOUR($,#394);
#396=FILL_AREA_STYLE($,(#395));
#397=SURFACE_STYLE_FILL_AREA(#396);
#398=SURFACE_SIDE_STYLE('',(#397));
#399=SURFACE_STYLE_USAGE(.BOTH.,#398);
#400=PRESENTATION_STYLE_ASSIGNMENT((#399));
#401=STYLED_ITEM('',(#400),#393);
#402=ADVANCED_FACE('',(#1180),#1182,.F.);
#403=COLOUR_RGB($,0.156862745098039,0.156862745098039,0.156862745098039);
#404=FILL_AREA_STYLE_COLOUR($,#403);
#405=FILL_AREA_STYLE($,(#404));
#406=SURFACE_STYLE_FILL_AREA(#405);
#407=SURFACE_SIDE_STYLE('',(#406));
#408=SURFACE_STYLE_USAGE(.BOTH.,#407);
#409=PRESENTATION_STYLE_ASSIGNMENT((#408));
#410=STYLED_ITEM('',(#409),#402);
#411=ADVANCED_FACE('',(#1187),#1189,.F.);
#412=COLOUR_RGB($,0.156862745098039,0.156862745098039,0.156862745098039);
#413=FILL_AREA_STYLE_COLOUR($,#412);
#414=FILL_AREA_STYLE($,(#413));
#415=SURFACE_STYLE_FILL_AREA(#414);
#416=SURFACE_SIDE_STYLE('',(#415));
#417=SURFACE_STYLE_USAGE(.BOTH.,#416);
#418=PRESENTATION_STYLE_ASSIGNMENT((#417));
#419=STYLED_ITEM('',(#418),#411);
#420=ADVANCED_FACE('',(#1194),#1196,.T.);
#421=COLOUR_RGB($,0.156862745098039,0.156862745098039,0.156862745098039);
#422=FILL_AREA_STYLE_COLOUR($,#421);
#423=FILL_AREA_STYLE($,(#422));
#424=SURFACE_STYLE_FILL_AREA(#423);
#425=SURFACE_SIDE_STYLE('',(#424));
#426=SURFACE_STYLE_USAGE(.BOTH.,#425);
#427=PRESENTATION_STYLE_ASSIGNMENT((#426));
#428=STYLED_ITEM('',(#427),#420);
#429=ADVANCED_FACE('',(#1201),#1203,.T.);
#430=COLOUR_RGB($,0.156862745098039,0.156862745098039,0.156862745098039);
#431=FILL_AREA_STYLE_COLOUR($,#430);
#432=FILL_AREA_STYLE($,(#431));
#433=SURFACE_STYLE_FILL_AREA(#432);
#434=SURFACE_SIDE_STYLE('',(#433));
#435=SURFACE_STYLE_USAGE(.BOTH.,#434);
#436=PRESENTATION_STYLE_ASSIGNMENT((#435));
#437=STYLED_ITEM('',(#436),#429);
#438=ADVANCED_FACE('',(#1208),#1210,.T.);
#439=COLOUR_RGB($,0.156862745098039,0.156862745098039,0.156862745098039);
#440=FILL_AREA_STYLE_COLOUR($,#439);
#441=FILL_AREA_STYLE($,(#440));
#442=SURFACE_STYLE_FILL_AREA(#441);
#443=SURFACE_SIDE_STYLE('',(#442));
#444=SURFACE_STYLE_USAGE(.BOTH.,#443);
#445=PRESENTATION_STYLE_ASSIGNMENT((#444));
#446=STYLED_ITEM('',(#445),#438);
#447=ADVANCED_FACE('',(#1215),#1217,.T.);
#448=COLOUR_RGB($,0.156862745098039,0.156862745098039,0.156862745098039);
#449=FILL_AREA_STYLE_COLOUR($,#448);
#450=FILL_AREA_STYLE($,(#449));
#451=SURFACE_STYLE_FILL_AREA(#450);
#452=SURFACE_SIDE_STYLE('',(#451));
#453=SURFACE_STYLE_USAGE(.BOTH.,#452);
#454=PRESENTATION_STYLE_ASSIGNMENT((#453));
#455=STYLED_ITEM('',(#454),#447);
#456=ADVANCED_FACE('',(#1222),#1224,.T.);
#457=COLOUR_RGB($,0.156862745098039,0.156862745098039,0.156862745098039);
#458=FILL_AREA_STYLE_COLOUR($,#457);
#459=FILL_AREA_STYLE($,(#458));
#460=SURFACE_STYLE_FILL_AREA(#459);
#461=SURFACE_SIDE_STYLE('',(#460));
#462=SURFACE_STYLE_USAGE(.BOTH.,#461);
#463=PRESENTATION_STYLE_ASSIGNMENT((#462));
#464=STYLED_ITEM('',(#463),#456);
#465=ADVANCED_FACE('',(#1229),#1231,.T.);
#466=COLOUR_RGB($,0.156862745098039,0.156862745098039,0.156862745098039);
#467=FILL_AREA_STYLE_COLOUR($,#466);
#468=FILL_AREA_STYLE($,(#467));
#469=SURFACE_STYLE_FILL_AREA(#468);
#470=SURFACE_SIDE_STYLE('',(#469));
#471=SURFACE_STYLE_USAGE(.BOTH.,#470);
#472=PRESENTATION_STYLE_ASSIGNMENT((#471));
#473=STYLED_ITEM('',(#472),#465);
#474=ADVANCED_FACE('',(#1236),#1238,.T.);
#475=COLOUR_RGB($,0.156862745098039,0.156862745098039,0.156862745098039);
#476=FILL_AREA_STYLE_COLOUR($,#475);
#477=FILL_AREA_STYLE($,(#476));
#478=SURFACE_STYLE_FILL_AREA(#477);
#479=SURFACE_SIDE_STYLE('',(#478));
#480=SURFACE_STYLE_USAGE(.BOTH.,#479);
#481=PRESENTATION_STYLE_ASSIGNMENT((#480));
#482=STYLED_ITEM('',(#481),#474);
#483=ADVANCED_FACE('',(#1243),#1245,.F.);
#484=COLOUR_RGB($,0.156862745098039,0.156862745098039,0.156862745098039);
#485=FILL_AREA_STYLE_COLOUR($,#484);
#486=FILL_AREA_STYLE($,(#485));
#487=SURFACE_STYLE_FILL_AREA(#486);
#488=SURFACE_SIDE_STYLE('',(#487));
#489=SURFACE_STYLE_USAGE(.BOTH.,#488);
#490=PRESENTATION_STYLE_ASSIGNMENT((#489));
#491=STYLED_ITEM('',(#490),#483);
#492=ADVANCED_FACE('',(#1250),#1252,.F.);
#493=COLOUR_RGB($,0.156862745098039,0.156862745098039,0.156862745098039);
#494=FILL_AREA_STYLE_COLOUR($,#493);
#495=FILL_AREA_STYLE($,(#494));
#496=SURFACE_STYLE_FILL_AREA(#495);
#497=SURFACE_SIDE_STYLE('',(#496));
#498=SURFACE_STYLE_USAGE(.BOTH.,#497);
#499=PRESENTATION_STYLE_ASSIGNMENT((#498));
#500=STYLED_ITEM('',(#499),#492);
#501=ADVANCED_FACE('',(#1257),#1259,.F.);
#502=COLOUR_RGB($,0.156862745098039,0.156862745098039,0.156862745098039);
#503=FILL_AREA_STYLE_COLOUR($,#502);
#504=FILL_AREA_STYLE($,(#503));
#505=SURFACE_STYLE_FILL_AREA(#504);
#506=SURFACE_SIDE_STYLE('',(#505));
#507=SURFACE_STYLE_USAGE(.BOTH.,#506);
#508=PRESENTATION_STYLE_ASSIGNMENT((#507));
#509=STYLED_ITEM('',(#508),#501);
#510=ADVANCED_FACE('',(#1264),#1266,.T.);
#511=COLOUR_RGB($,0.156862745098039,0.156862745098039,0.156862745098039);
#512=FILL_AREA_STYLE_COLOUR($,#511);
#513=FILL_AREA_STYLE($,(#512));
#514=SURFACE_STYLE_FILL_AREA(#513);
#515=SURFACE_SIDE_STYLE('',(#514));
#516=SURFACE_STYLE_USAGE(.BOTH.,#515);
#517=PRESENTATION_STYLE_ASSIGNMENT((#516));
#518=STYLED_ITEM('',(#517),#510);
#519=ADVANCED_FACE('',(#1271),#1273,.F.);
#520=COLOUR_RGB($,0.156862745098039,0.156862745098039,0.156862745098039);
#521=FILL_AREA_STYLE_COLOUR($,#520);
#522=FILL_AREA_STYLE($,(#521));
#523=SURFACE_STYLE_FILL_AREA(#522);
#524=SURFACE_SIDE_STYLE('',(#523));
#525=SURFACE_STYLE_USAGE(.BOTH.,#524);
#526=PRESENTATION_STYLE_ASSIGNMENT((#525));
#527=STYLED_ITEM('',(#526),#519);
#528=ADVANCED_FACE('',(#1278),#1280,.F.);
#529=COLOUR_RGB($,0.156862745098039,0.156862745098039,0.156862745098039);
#530=FILL_AREA_STYLE_COLOUR($,#529);
#531=FILL_AREA_STYLE($,(#530));
#532=SURFACE_STYLE_FILL_AREA(#531);
#533=SURFACE_SIDE_STYLE('',(#532));
#534=SURFACE_STYLE_USAGE(.BOTH.,#533);
#535=PRESENTATION_STYLE_ASSIGNMENT((#534));
#536=STYLED_ITEM('',(#535),#528);
#537=ADVANCED_FACE('',(#1285),#1287,.F.);
#538=COLOUR_RGB($,0.156862745098039,0.156862745098039,0.156862745098039);
#539=FILL_AREA_STYLE_COLOUR($,#538);
#540=FILL_AREA_STYLE($,(#539));
#541=SURFACE_STYLE_FILL_AREA(#540);
#542=SURFACE_SIDE_STYLE('',(#541));
#543=SURFACE_STYLE_USAGE(.BOTH.,#542);
#544=PRESENTATION_STYLE_ASSIGNMENT((#543));
#545=STYLED_ITEM('',(#544),#537);
#546=ADVANCED_FACE('',(#1292),#1294,.T.);
#547=COLOUR_RGB($,0.156862745098039,0.156862745098039,0.156862745098039);
#548=FILL_AREA_STYLE_COLOUR($,#547);
#549=FILL_AREA_STYLE($,(#548));
#550=SURFACE_STYLE_FILL_AREA(#549);
#551=SURFACE_SIDE_STYLE('',(#550));
#552=SURFACE_STYLE_USAGE(.BOTH.,#551);
#553=PRESENTATION_STYLE_ASSIGNMENT((#552));
#554=STYLED_ITEM('',(#553),#546);
#555=ADVANCED_FACE('',(#1299),#1301,.F.);
#556=COLOUR_RGB($,0.156862745098039,0.156862745098039,0.156862745098039);
#557=FILL_AREA_STYLE_COLOUR($,#556);
#558=FILL_AREA_STYLE($,(#557));
#559=SURFACE_STYLE_FILL_AREA(#558);
#560=SURFACE_SIDE_STYLE('',(#559));
#561=SURFACE_STYLE_USAGE(.BOTH.,#560);
#562=PRESENTATION_STYLE_ASSIGNMENT((#561));
#563=STYLED_ITEM('',(#562),#555);
#564=ADVANCED_FACE('',(#1306),#1308,.F.);
#565=COLOUR_RGB($,0.156862745098039,0.156862745098039,0.156862745098039);
#566=FILL_AREA_STYLE_COLOUR($,#565);
#567=FILL_AREA_STYLE($,(#566));
#568=SURFACE_STYLE_FILL_AREA(#567);
#569=SURFACE_SIDE_STYLE('',(#568));
#570=SURFACE_STYLE_USAGE(.BOTH.,#569);
#571=PRESENTATION_STYLE_ASSIGNMENT((#570));
#572=STYLED_ITEM('',(#571),#564);
#573=ADVANCED_FACE('',(#1313),#1315,.F.);
#574=COLOUR_RGB($,0.156862745098039,0.156862745098039,0.156862745098039);
#575=FILL_AREA_STYLE_COLOUR($,#574);
#576=FILL_AREA_STYLE($,(#575));
#577=SURFACE_STYLE_FILL_AREA(#576);
#578=SURFACE_SIDE_STYLE('',(#577));
#579=SURFACE_STYLE_USAGE(.BOTH.,#578);
#580=PRESENTATION_STYLE_ASSIGNMENT((#579));
#581=STYLED_ITEM('',(#580),#573);
#582=ADVANCED_FACE('',(#1320),#1322,.T.);
#583=COLOUR_RGB($,0.156862745098039,0.156862745098039,0.156862745098039);
#584=FILL_AREA_STYLE_COLOUR($,#583);
#585=FILL_AREA_STYLE($,(#584));
#586=SURFACE_STYLE_FILL_AREA(#585);
#587=SURFACE_SIDE_STYLE('',(#586));
#588=SURFACE_STYLE_USAGE(.BOTH.,#587);
#589=PRESENTATION_STYLE_ASSIGNMENT((#588));
#590=STYLED_ITEM('',(#589),#582);
#591=ADVANCED_FACE('',(#1327),#1329,.T.);
#592=COLOUR_RGB($,0.156862745098039,0.156862745098039,0.156862745098039);
#593=FILL_AREA_STYLE_COLOUR($,#592);
#594=FILL_AREA_STYLE($,(#593));
#595=SURFACE_STYLE_FILL_AREA(#594);
#596=SURFACE_SIDE_STYLE('',(#595));
#597=SURFACE_STYLE_USAGE(.BOTH.,#596);
#598=PRESENTATION_STYLE_ASSIGNMENT((#597));
#599=STYLED_ITEM('',(#598),#591);
#600=ADVANCED_FACE('',(#1334),#1336,.T.);
#601=COLOUR_RGB($,0.156862745098039,0.156862745098039,0.156862745098039);
#602=FILL_AREA_STYLE_COLOUR($,#601);
#603=FILL_AREA_STYLE($,(#602));
#604=SURFACE_STYLE_FILL_AREA(#603);
#605=SURFACE_SIDE_STYLE('',(#604));
#606=SURFACE_STYLE_USAGE(.BOTH.,#605);
#607=PRESENTATION_STYLE_ASSIGNMENT((#606));
#608=STYLED_ITEM('',(#607),#600);
#609=ADVANCED_FACE('',(#1341),#1343,.T.);
#610=COLOUR_RGB($,0.156862745098039,0.156862745098039,0.156862745098039);
#611=FILL_AREA_STYLE_COLOUR($,#610);
#612=FILL_AREA_STYLE($,(#611));
#613=SURFACE_STYLE_FILL_AREA(#612);
#614=SURFACE_SIDE_STYLE('',(#613));
#615=SURFACE_STYLE_USAGE(.BOTH.,#614);
#616=PRESENTATION_STYLE_ASSIGNMENT((#615));
#617=STYLED_ITEM('',(#616),#609);
#618=ADVANCED_FACE('',(#1348),#1350,.T.);
#619=COLOUR_RGB($,0.156862745098039,0.156862745098039,0.156862745098039);
#620=FILL_AREA_STYLE_COLOUR($,#619);
#621=FILL_AREA_STYLE($,(#620));
#622=SURFACE_STYLE_FILL_AREA(#621);
#623=SURFACE_SIDE_STYLE('',(#622));
#624=SURFACE_STYLE_USAGE(.BOTH.,#623);
#625=PRESENTATION_STYLE_ASSIGNMENT((#624));
#626=STYLED_ITEM('',(#625),#618);
#627=ADVANCED_FACE('',(#1355),#1357,.T.);
#628=COLOUR_RGB($,0.156862745098039,0.156862745098039,0.156862745098039);
#629=FILL_AREA_STYLE_COLOUR($,#628);
#630=FILL_AREA_STYLE($,(#629));
#631=SURFACE_STYLE_FILL_AREA(#630);
#632=SURFACE_SIDE_STYLE('',(#631));
#633=SURFACE_STYLE_USAGE(.BOTH.,#632);
#634=PRESENTATION_STYLE_ASSIGNMENT((#633));
#635=STYLED_ITEM('',(#634),#627);
#636=ADVANCED_FACE('',(#1362),#1364,.T.);
#637=COLOUR_RGB($,0.156862745098039,0.156862745098039,0.156862745098039);
#638=FILL_AREA_STYLE_COLOUR($,#637);
#639=FILL_AREA_STYLE($,(#638));
#640=SURFACE_STYLE_FILL_AREA(#639);
#641=SURFACE_SIDE_STYLE('',(#640));
#642=SURFACE_STYLE_USAGE(.BOTH.,#641);
#643=PRESENTATION_STYLE_ASSIGNMENT((#642));
#644=STYLED_ITEM('',(#643),#636);
#645=ADVANCED_FACE('',(#1369),#1371,.T.);
#646=COLOUR_RGB($,0.156862745098039,0.156862745098039,0.156862745098039);
#647=FILL_AREA_STYLE_COLOUR($,#646);
#648=FILL_AREA_STYLE($,(#647));
#649=SURFACE_STYLE_FILL_AREA(#648);
#650=SURFACE_SIDE_STYLE('',(#649));
#651=SURFACE_STYLE_USAGE(.BOTH.,#650);
#652=PRESENTATION_STYLE_ASSIGNMENT((#651));
#653=STYLED_ITEM('',(#652),#645);
#654=ADVANCED_FACE('',(#1376),#1378,.F.);
#655=COLOUR_RGB($,0.156862745098039,0.156862745098039,0.156862745098039);
#656=FILL_AREA_STYLE_COLOUR($,#655);
#657=FILL_AREA_STYLE($,(#656));
#658=SURFACE_STYLE_FILL_AREA(#657);
#659=SURFACE_SIDE_STYLE('',(#658));
#660=SURFACE_STYLE_USAGE(.BOTH.,#659);
#661=PRESENTATION_STYLE_ASSIGNMENT((#660));
#662=STYLED_ITEM('',(#661),#654);
#663=ADVANCED_FACE('',(#1383),#1385,.F.);
#664=COLOUR_RGB($,0.156862745098039,0.156862745098039,0.156862745098039);
#665=FILL_AREA_STYLE_COLOUR($,#664);
#666=FILL_AREA_STYLE($,(#665));
#667=SURFACE_STYLE_FILL_AREA(#666);
#668=SURFACE_SIDE_STYLE('',(#667));
#669=SURFACE_STYLE_USAGE(.BOTH.,#668);
#670=PRESENTATION_STYLE_ASSIGNMENT((#669));
#671=STYLED_ITEM('',(#670),#663);
#672=ADVANCED_FACE('',(#1390),#1392,.F.);
#673=COLOUR_RGB($,0.156862745098039,0.156862745098039,0.156862745098039);
#674=FILL_AREA_STYLE_COLOUR($,#673);
#675=FILL_AREA_STYLE($,(#674));
#676=SURFACE_STYLE_FILL_AREA(#675);
#677=SURFACE_SIDE_STYLE('',(#676));
#678=SURFACE_STYLE_USAGE(.BOTH.,#677);
#679=PRESENTATION_STYLE_ASSIGNMENT((#678));
#680=STYLED_ITEM('',(#679),#672);
#681=ADVANCED_FACE('',(#1397),#1399,.T.);
#682=COLOUR_RGB($,0.156862745098039,0.156862745098039,0.156862745098039);
#683=FILL_AREA_STYLE_COLOUR($,#682);
#684=FILL_AREA_STYLE($,(#683));
#685=SURFACE_STYLE_FILL_AREA(#684);
#686=SURFACE_SIDE_STYLE('',(#685));
#687=SURFACE_STYLE_USAGE(.BOTH.,#686);
#688=PRESENTATION_STYLE_ASSIGNMENT((#687));
#689=STYLED_ITEM('',(#688),#681);
#690=ADVANCED_FACE('',(#1404),#1406,.F.);
#691=COLOUR_RGB($,0.156862745098039,0.156862745098039,0.156862745098039);
#692=FILL_AREA_STYLE_COLOUR($,#691);
#693=FILL_AREA_STYLE($,(#692));
#694=SURFACE_STYLE_FILL_AREA(#693);
#695=SURFACE_SIDE_STYLE('',(#694));
#696=SURFACE_STYLE_USAGE(.BOTH.,#695);
#697=PRESENTATION_STYLE_ASSIGNMENT((#696));
#698=STYLED_ITEM('',(#697),#690);
#699=ADVANCED_FACE('',(#1411),#1413,.F.);
#700=COLOUR_RGB($,0.156862745098039,0.156862745098039,0.156862745098039);
#701=FILL_AREA_STYLE_COLOUR($,#700);
#702=FILL_AREA_STYLE($,(#701));
#703=SURFACE_STYLE_FILL_AREA(#702);
#704=SURFACE_SIDE_STYLE('',(#703));
#705=SURFACE_STYLE_USAGE(.BOTH.,#704);
#706=PRESENTATION_STYLE_ASSIGNMENT((#705));
#707=STYLED_ITEM('',(#706),#699);
#708=ADVANCED_FACE('',(#1418),#1420,.F.);
#709=COLOUR_RGB($,0.156862745098039,0.156862745098039,0.156862745098039);
#710=FILL_AREA_STYLE_COLOUR($,#709);
#711=FILL_AREA_STYLE($,(#710));
#712=SURFACE_STYLE_FILL_AREA(#711);
#713=SURFACE_SIDE_STYLE('',(#712));
#714=SURFACE_STYLE_USAGE(.BOTH.,#713);
#715=PRESENTATION_STYLE_ASSIGNMENT((#714));
#716=STYLED_ITEM('',(#715),#708);
#717=ADVANCED_FACE('',(#1425),#1427,.F.);
#718=COLOUR_RGB($,0.156862745098039,0.156862745098039,0.156862745098039);
#719=FILL_AREA_STYLE_COLOUR($,#718);
#720=FILL_AREA_STYLE($,(#719));
#721=SURFACE_STYLE_FILL_AREA(#720);
#722=SURFACE_SIDE_STYLE('',(#721));
#723=SURFACE_STYLE_USAGE(.BOTH.,#722);
#724=PRESENTATION_STYLE_ASSIGNMENT((#723));
#725=STYLED_ITEM('',(#724),#717);
#726=ADVANCED_FACE('',(#1432),#1434,.F.);
#727=COLOUR_RGB($,0.156862745098039,0.156862745098039,0.156862745098039);
#728=FILL_AREA_STYLE_COLOUR($,#727);
#729=FILL_AREA_STYLE($,(#728));
#730=SURFACE_STYLE_FILL_AREA(#729);
#731=SURFACE_SIDE_STYLE('',(#730));
#732=SURFACE_STYLE_USAGE(.BOTH.,#731);
#733=PRESENTATION_STYLE_ASSIGNMENT((#732));
#734=STYLED_ITEM('',(#733),#726);
#735=ADVANCED_FACE('',(#1439),#1441,.F.);
#736=COLOUR_RGB($,0.156862745098039,0.156862745098039,0.156862745098039);
#737=FILL_AREA_STYLE_COLOUR($,#736);
#738=FILL_AREA_STYLE($,(#737));
#739=SURFACE_STYLE_FILL_AREA(#738);
#740=SURFACE_SIDE_STYLE('',(#739));
#741=SURFACE_STYLE_USAGE(.BOTH.,#740);
#742=PRESENTATION_STYLE_ASSIGNMENT((#741));
#743=STYLED_ITEM('',(#742),#735);
#744=ADVANCED_FACE('',(#1446),#1448,.F.);
#745=COLOUR_RGB($,0.156862745098039,0.156862745098039,0.156862745098039);
#746=FILL_AREA_STYLE_COLOUR($,#745);
#747=FILL_AREA_STYLE($,(#746));
#748=SURFACE_STYLE_FILL_AREA(#747);
#749=SURFACE_SIDE_STYLE('',(#748));
#750=SURFACE_STYLE_USAGE(.BOTH.,#749);
#751=PRESENTATION_STYLE_ASSIGNMENT((#750));
#752=STYLED_ITEM('',(#751),#744);
#753=ADVANCED_FACE('',(#1453),#1455,.F.);
#754=COLOUR_RGB($,0.156862745098039,0.156862745098039,0.156862745098039);
#755=FILL_AREA_STYLE_COLOUR($,#754);
#756=FILL_AREA_STYLE($,(#755));
#757=SURFACE_STYLE_FILL_AREA(#756);
#758=SURFACE_SIDE_STYLE('',(#757));
#759=SURFACE_STYLE_USAGE(.BOTH.,#758);
#760=PRESENTATION_STYLE_ASSIGNMENT((#759));
#761=STYLED_ITEM('',(#760),#753);
#762=ADVANCED_FACE('',(#1460),#1462,.F.);
#763=COLOUR_RGB($,0.156862745098039,0.156862745098039,0.156862745098039);
#764=FILL_AREA_STYLE_COLOUR($,#763);
#765=FILL_AREA_STYLE($,(#764));
#766=SURFACE_STYLE_FILL_AREA(#765);
#767=SURFACE_SIDE_STYLE('',(#766));
#768=SURFACE_STYLE_USAGE(.BOTH.,#767);
#769=PRESENTATION_STYLE_ASSIGNMENT((#768));
#770=STYLED_ITEM('',(#769),#762);
#771=ADVANCED_FACE('',(#1467,#1469),#1471,.F.);
#772=COLOUR_RGB($,0.156862745098039,0.156862745098039,0.156862745098039);
#773=FILL_AREA_STYLE_COLOUR($,#772);
#774=FILL_AREA_STYLE($,(#773));
#775=SURFACE_STYLE_FILL_AREA(#774);
#776=SURFACE_SIDE_STYLE('',(#775));
#777=SURFACE_STYLE_USAGE(.BOTH.,#776);
#778=PRESENTATION_STYLE_ASSIGNMENT((#777));
#779=STYLED_ITEM('',(#778),#771);
#780=ADVANCED_FACE('',(#1476,#1478),#1480,.F.);
#781=COLOUR_RGB($,0.156862745098039,0.156862745098039,0.156862745098039);
#782=FILL_AREA_STYLE_COLOUR($,#781);
#783=FILL_AREA_STYLE($,(#782));
#784=SURFACE_STYLE_FILL_AREA(#783);
#785=SURFACE_SIDE_STYLE('',(#784));
#786=SURFACE_STYLE_USAGE(.BOTH.,#785);
#787=PRESENTATION_STYLE_ASSIGNMENT((#786));
#788=STYLED_ITEM('',(#787),#780);
#789=ADVANCED_FACE('',(#1485,#1487),#1489,.F.);
#790=COLOUR_RGB($,0.156862745098039,0.156862745098039,0.156862745098039);
#791=FILL_AREA_STYLE_COLOUR($,#790);
#792=FILL_AREA_STYLE($,(#791));
#793=SURFACE_STYLE_FILL_AREA(#792);
#794=SURFACE_SIDE_STYLE('',(#793));
#795=SURFACE_STYLE_USAGE(.BOTH.,#794);
#796=PRESENTATION_STYLE_ASSIGNMENT((#795));
#797=STYLED_ITEM('',(#796),#789);
#798=ADVANCED_FACE('',(#1494,#1496),#1498,.F.);
#799=COLOUR_RGB($,0.156862745098039,0.156862745098039,0.156862745098039);
#800=FILL_AREA_STYLE_COLOUR($,#799);
#801=FILL_AREA_STYLE($,(#800));
#802=SURFACE_STYLE_FILL_AREA(#801);
#803=SURFACE_SIDE_STYLE('',(#802));
#804=SURFACE_STYLE_USAGE(.BOTH.,#803);
#805=PRESENTATION_STYLE_ASSIGNMENT((#804));
#806=STYLED_ITEM('',(#805),#798);
#807=ADVANCED_FACE('',(#1503,#1505),#1507,.F.);
#808=COLOUR_RGB($,0.156862745098039,0.156862745098039,0.156862745098039);
#809=FILL_AREA_STYLE_COLOUR($,#808);
#810=FILL_AREA_STYLE($,(#809));
#811=SURFACE_STYLE_FILL_AREA(#810);
#812=SURFACE_SIDE_STYLE('',(#811));
#813=SURFACE_STYLE_USAGE(.BOTH.,#812);
#814=PRESENTATION_STYLE_ASSIGNMENT((#813));
#815=STYLED_ITEM('',(#814),#807);
#816=ADVANCED_FACE('',(#1512,#1514),#1516,.F.);
#817=COLOUR_RGB($,0.156862745098039,0.156862745098039,0.156862745098039);
#818=FILL_AREA_STYLE_COLOUR($,#817);
#819=FILL_AREA_STYLE($,(#818));
#820=SURFACE_STYLE_FILL_AREA(#819);
#821=SURFACE_SIDE_STYLE('',(#820));
#822=SURFACE_STYLE_USAGE(.BOTH.,#821);
#823=PRESENTATION_STYLE_ASSIGNMENT((#822));
#824=STYLED_ITEM('',(#823),#816);
#825=ADVANCED_FACE('',(#1521,#1523),#1525,.F.);
#826=COLOUR_RGB($,0.156862745098039,0.156862745098039,0.156862745098039);
#827=FILL_AREA_STYLE_COLOUR($,#826);
#828=FILL_AREA_STYLE($,(#827));
#829=SURFACE_STYLE_FILL_AREA(#828);
#830=SURFACE_SIDE_STYLE('',(#829));
#831=SURFACE_STYLE_USAGE(.BOTH.,#830);
#832=PRESENTATION_STYLE_ASSIGNMENT((#831));
#833=STYLED_ITEM('',(#832),#825);
#834=ADVANCED_FACE('',(#1530,#1532),#1534,.F.);
#835=COLOUR_RGB($,0.156862745098039,0.156862745098039,0.156862745098039);
#836=FILL_AREA_STYLE_COLOUR($,#835);
#837=FILL_AREA_STYLE($,(#836));
#838=SURFACE_STYLE_FILL_AREA(#837);
#839=SURFACE_SIDE_STYLE('',(#838));
#840=SURFACE_STYLE_USAGE(.BOTH.,#839);
#841=PRESENTATION_STYLE_ASSIGNMENT((#840));
#842=STYLED_ITEM('',(#841),#834);
#843=ADVANCED_FACE('',(#1539),#1541,.F.);
#844=COLOUR_RGB($,0.156862745098039,0.156862745098039,0.156862745098039);
#845=FILL_AREA_STYLE_COLOUR($,#844);
#846=FILL_AREA_STYLE($,(#845));
#847=SURFACE_STYLE_FILL_AREA(#846);
#848=SURFACE_SIDE_STYLE('',(#847));
#849=SURFACE_STYLE_USAGE(.BOTH.,#848);
#850=PRESENTATION_STYLE_ASSIGNMENT((#849));
#851=STYLED_ITEM('',(#850),#843);
#852=ADVANCED_FACE('',(#1546),#1548,.F.);
#853=COLOUR_RGB($,0.156862745098039,0.156862745098039,0.156862745098039);
#854=FILL_AREA_STYLE_COLOUR($,#853);
#855=FILL_AREA_STYLE($,(#854));
#856=SURFACE_STYLE_FILL_AREA(#855);
#857=SURFACE_SIDE_STYLE('',(#856));
#858=SURFACE_STYLE_USAGE(.BOTH.,#857);
#859=PRESENTATION_STYLE_ASSIGNMENT((#858));
#860=STYLED_ITEM('',(#859),#852);
#861=ADVANCED_FACE('',(#1553),#1555,.F.);
#862=COLOUR_RGB($,0.156862745098039,0.156862745098039,0.156862745098039);
#863=FILL_AREA_STYLE_COLOUR($,#862);
#864=FILL_AREA_STYLE($,(#863));
#865=SURFACE_STYLE_FILL_AREA(#864);
#866=SURFACE_SIDE_STYLE('',(#865));
#867=SURFACE_STYLE_USAGE(.BOTH.,#866);
#868=PRESENTATION_STYLE_ASSIGNMENT((#867));
#869=STYLED_ITEM('',(#868),#861);
#870=ADVANCED_FACE('',(#1560),#1562,.F.);
#871=COLOUR_RGB($,0.156862745098039,0.156862745098039,0.156862745098039);
#872=FILL_AREA_STYLE_COLOUR($,#871);
#873=FILL_AREA_STYLE($,(#872));
#874=SURFACE_STYLE_FILL_AREA(#873);
#875=SURFACE_SIDE_STYLE('',(#874));
#876=SURFACE_STYLE_USAGE(.BOTH.,#875);
#877=PRESENTATION_STYLE_ASSIGNMENT((#876));
#878=STYLED_ITEM('',(#877),#870);
#879=ADVANCED_FACE('',(#1567),#1569,.F.);
#880=COLOUR_RGB($,0.156862745098039,0.156862745098039,0.156862745098039);
#881=FILL_AREA_STYLE_COLOUR($,#880);
#882=FILL_AREA_STYLE($,(#881));
#883=SURFACE_STYLE_FILL_AREA(#882);
#884=SURFACE_SIDE_STYLE('',(#883));
#885=SURFACE_STYLE_USAGE(.BOTH.,#884);
#886=PRESENTATION_STYLE_ASSIGNMENT((#885));
#887=STYLED_ITEM('',(#886),#879);
#888=ADVANCED_FACE('',(#1574),#1576,.F.);
#889=COLOUR_RGB($,0.156862745098039,0.156862745098039,0.156862745098039);
#890=FILL_AREA_STYLE_COLOUR($,#889);
#891=FILL_AREA_STYLE($,(#890));
#892=SURFACE_STYLE_FILL_AREA(#891);
#893=SURFACE_SIDE_STYLE('',(#892));
#894=SURFACE_STYLE_USAGE(.BOTH.,#893);
#895=PRESENTATION_STYLE_ASSIGNMENT((#894));
#896=STYLED_ITEM('',(#895),#888);
#897=ADVANCED_FACE('',(#1581),#1583,.T.);
#898=COLOUR_RGB($,0.827450980392157,0.831372549019608,0.835294117647059);
#899=FILL_AREA_STYLE_COLOUR($,#898);
#900=FILL_AREA_STYLE($,(#899));
#901=SURFACE_STYLE_FILL_AREA(#900);
#902=SURFACE_SIDE_STYLE('',(#901));
#903=SURFACE_STYLE_USAGE(.BOTH.,#902);
#904=PRESENTATION_STYLE_ASSIGNMENT((#903));
#905=STYLED_ITEM('',(#904),#897);
#906=ADVANCED_FACE('',(#1588,#1590),#1592,.T.);
#907=COLOUR_RGB($,0.827450980392157,0.831372549019608,0.835294117647059);
#908=FILL_AREA_STYLE_COLOUR($,#907);
#909=FILL_AREA_STYLE($,(#908));
#910=SURFACE_STYLE_FILL_AREA(#909);
#911=SURFACE_SIDE_STYLE('',(#910));
#912=SURFACE_STYLE_USAGE(.BOTH.,#911);
#913=PRESENTATION_STYLE_ASSIGNMENT((#912));
#914=STYLED_ITEM('',(#913),#906);
#915=ADVANCED_FACE('',(#1597,#1599),#1601,.T.);
#916=COLOUR_RGB($,0.827450980392157,0.831372549019608,0.835294117647059);
#917=FILL_AREA_STYLE_COLOUR($,#916);
#918=FILL_AREA_STYLE($,(#917));
#919=SURFACE_STYLE_FILL_AREA(#918);
#920=SURFACE_SIDE_STYLE('',(#919));
#921=SURFACE_STYLE_USAGE(.BOTH.,#920);
#922=PRESENTATION_STYLE_ASSIGNMENT((#921));
#923=STYLED_ITEM('',(#922),#915);
#924=ADVANCED_FACE('',(#1606,#1608),#1610,.T.);
#925=COLOUR_RGB($,0.827450980392157,0.831372549019608,0.835294117647059);
#926=FILL_AREA_STYLE_COLOUR($,#925);
#927=FILL_AREA_STYLE($,(#926));
#928=SURFACE_STYLE_FILL_AREA(#927);
#929=SURFACE_SIDE_STYLE('',(#928));
#930=SURFACE_STYLE_USAGE(.BOTH.,#929);
#931=PRESENTATION_STYLE_ASSIGNMENT((#930));
#932=STYLED_ITEM('',(#931),#924);
#933=ADVANCED_FACE('',(#1615,#1617),#1619,.T.);
#934=COLOUR_RGB($,0.827450980392157,0.831372549019608,0.835294117647059);
#935=FILL_AREA_STYLE_COLOUR($,#934);
#936=FILL_AREA_STYLE($,(#935));
#937=SURFACE_STYLE_FILL_AREA(#936);
#938=SURFACE_SIDE_STYLE('',(#937));
#939=SURFACE_STYLE_USAGE(.BOTH.,#938);
#940=PRESENTATION_STYLE_ASSIGNMENT((#939));
#941=STYLED_ITEM('',(#940),#933);
#942=ADVANCED_FACE('',(#1624,#1626),#1628,.T.);
#943=COLOUR_RGB($,0.827450980392157,0.831372549019608,0.835294117647059);
#944=FILL_AREA_STYLE_COLOUR($,#943);
#945=FILL_AREA_STYLE($,(#944));
#946=SURFACE_STYLE_FILL_AREA(#945);
#947=SURFACE_SIDE_STYLE('',(#946));
#948=SURFACE_STYLE_USAGE(.BOTH.,#947);
#949=PRESENTATION_STYLE_ASSIGNMENT((#948));
#950=STYLED_ITEM('',(#949),#942);
#951=ADVANCED_FACE('',(#1633,#1635),#1637,.T.);
#952=COLOUR_RGB($,0.827450980392157,0.831372549019608,0.835294117647059);
#953=FILL_AREA_STYLE_COLOUR($,#952);
#954=FILL_AREA_STYLE($,(#953));
#955=SURFACE_STYLE_FILL_AREA(#954);
#956=SURFACE_SIDE_STYLE('',(#955));
#957=SURFACE_STYLE_USAGE(.BOTH.,#956);
#958=PRESENTATION_STYLE_ASSIGNMENT((#957));
#959=STYLED_ITEM('',(#958),#951);
#960=ADVANCED_FACE('',(#1642,#1644),#1646,.T.);
#961=COLOUR_RGB($,0.827450980392157,0.831372549019608,0.835294117647059);
#962=FILL_AREA_STYLE_COLOUR($,#961);
#963=FILL_AREA_STYLE($,(#962));
#964=SURFACE_STYLE_FILL_AREA(#963);
#965=SURFACE_SIDE_STYLE('',(#964));
#966=SURFACE_STYLE_USAGE(.BOTH.,#965);
#967=PRESENTATION_STYLE_ASSIGNMENT((#966));
#968=STYLED_ITEM('',(#967),#960);
#969=ADVANCED_FACE('',(#1651,#1653),#1655,.T.);
#970=COLOUR_RGB($,0.827450980392157,0.831372549019608,0.835294117647059);
#971=FILL_AREA_STYLE_COLOUR($,#970);
#972=FILL_AREA_STYLE($,(#971));
#973=SURFACE_STYLE_FILL_AREA(#972);
#974=SURFACE_SIDE_STYLE('',(#973));
#975=SURFACE_STYLE_USAGE(.BOTH.,#974);
#976=PRESENTATION_STYLE_ASSIGNMENT((#975));
#977=STYLED_ITEM('',(#976),#969);
#978=ADVANCED_FACE('',(#1660,#1662),#1664,.T.);
#979=COLOUR_RGB($,0.827450980392157,0.831372549019608,0.835294117647059);
#980=FILL_AREA_STYLE_COLOUR($,#979);
#981=FILL_AREA_STYLE($,(#980));
#982=SURFACE_STYLE_FILL_AREA(#981);
#983=SURFACE_SIDE_STYLE('',(#982));
#984=SURFACE_STYLE_USAGE(.BOTH.,#983);
#985=PRESENTATION_STYLE_ASSIGNMENT((#984));
#986=STYLED_ITEM('',(#985),#978);
#987=ADVANCED_FACE('',(#1669,#1671),#1673,.T.);
#988=COLOUR_RGB($,0.827450980392157,0.831372549019608,0.835294117647059);
#989=FILL_AREA_STYLE_COLOUR($,#988);
#990=FILL_AREA_STYLE($,(#989));
#991=SURFACE_STYLE_FILL_AREA(#990);
#992=SURFACE_SIDE_STYLE('',(#991));
#993=SURFACE_STYLE_USAGE(.BOTH.,#992);
#994=PRESENTATION_STYLE_ASSIGNMENT((#993));
#995=STYLED_ITEM('',(#994),#987);
#996=ADVANCED_FACE('',(#1678,#1680),#1682,.F.);
#997=COLOUR_RGB($,0.827450980392157,0.831372549019608,0.835294117647059);
#998=FILL_AREA_STYLE_COLOUR($,#997);
#999=FILL_AREA_STYLE($,(#998));
#1000=SURFACE_STYLE_FILL_AREA(#999);
#1001=SURFACE_SIDE_STYLE('',(#1000));
#1002=SURFACE_STYLE_USAGE(.BOTH.,#1001);
#1003=PRESENTATION_STYLE_ASSIGNMENT((#1002));
#1004=STYLED_ITEM('',(#1003),#996);
#1005=ADVANCED_FACE('',(#1687,#1689),#1691,.F.);
#1006=COLOUR_RGB($,0.827450980392157,0.831372549019608,0.835294117647059);
#1007=FILL_AREA_STYLE_COLOUR($,#1006);
#1008=FILL_AREA_STYLE($,(#1007));
#1009=SURFACE_STYLE_FILL_AREA(#1008);
#1010=SURFACE_SIDE_STYLE('',(#1009));
#1011=SURFACE_STYLE_USAGE(.BOTH.,#1010);
#1012=PRESENTATION_STYLE_ASSIGNMENT((#1011));
#1013=STYLED_ITEM('',(#1012),#1005);
#1014=ADVANCED_FACE('',(#1696,#1698),#1700,.F.);
#1015=COLOUR_RGB($,0.827450980392157,0.831372549019608,0.835294117647059);
#1016=FILL_AREA_STYLE_COLOUR($,#1015);
#1017=FILL_AREA_STYLE($,(#1016));
#1018=SURFACE_STYLE_FILL_AREA(#1017);
#1019=SURFACE_SIDE_STYLE('',(#1018));
#1020=SURFACE_STYLE_USAGE(.BOTH.,#1019);
#1021=PRESENTATION_STYLE_ASSIGNMENT((#1020));
#1022=STYLED_ITEM('',(#1021),#1014);
#1023=ADVANCED_FACE('',(#1705,#1707),#1709,.T.);
#1024=COLOUR_RGB($,0.827450980392157,0.831372549019608,0.835294117647059);
#1025=FILL_AREA_STYLE_COLOUR($,#1024);
#1026=FILL_AREA_STYLE($,(#1025));
#1027=SURFACE_STYLE_FILL_AREA(#1026);
#1028=SURFACE_SIDE_STYLE('',(#1027));
#1029=SURFACE_STYLE_USAGE(.BOTH.,#1028);
#1030=PRESENTATION_STYLE_ASSIGNMENT((#1029));
#1031=STYLED_ITEM('',(#1030),#1023);
#1032=ADVANCED_FACE('',(#1714,#1716),#1718,.F.);
#1033=COLOUR_RGB($,0.827450980392157,0.831372549019608,0.835294117647059);
#1034=FILL_AREA_STYLE_COLOUR($,#1033);
#1035=FILL_AREA_STYLE($,(#1034));
#1036=SURFACE_STYLE_FILL_AREA(#1035);
#1037=SURFACE_SIDE_STYLE('',(#1036));
#1038=SURFACE_STYLE_USAGE(.BOTH.,#1037);
#1039=PRESENTATION_STYLE_ASSIGNMENT((#1038));
#1040=STYLED_ITEM('',(#1039),#1032);
#1041=ADVANCED_FACE('',(#1723,#1725),#1727,.F.);
#1042=COLOUR_RGB($,0.827450980392157,0.831372549019608,0.835294117647059);
#1043=FILL_AREA_STYLE_COLOUR($,#1042);
#1044=FILL_AREA_STYLE($,(#1043));
#1045=SURFACE_STYLE_FILL_AREA(#1044);
#1046=SURFACE_SIDE_STYLE('',(#1045));
#1047=SURFACE_STYLE_USAGE(.BOTH.,#1046);
#1048=PRESENTATION_STYLE_ASSIGNMENT((#1047));
#1049=STYLED_ITEM('',(#1048),#1041);
#1050=ADVANCED_FACE('',(#1732),#1734,.T.);
#1051=COLOUR_RGB($,0.827450980392157,0.831372549019608,0.835294117647059);
#1052=FILL_AREA_STYLE_COLOUR($,#1051);
#1053=FILL_AREA_STYLE($,(#1052));
#1054=SURFACE_STYLE_FILL_AREA(#1053);
#1055=SURFACE_SIDE_STYLE('',(#1054));
#1056=SURFACE_STYLE_USAGE(.BOTH.,#1055);
#1057=PRESENTATION_STYLE_ASSIGNMENT((#1056));
#1058=STYLED_ITEM('',(#1057),#1050);
#1059=FACE_BOUND('',#1060,.T.);
#1060=EDGE_LOOP('',(#1739,#1740,#1741,#1742));
#1061=PLANE('',#1062);
#1062=AXIS2_PLACEMENT_3D('',#1063,#1064,#1065);
#1063=CARTESIAN_POINT('',(6.50900440526804,1.27,1.57));
#1064=DIRECTION('',(0.906307787039943,0.422618261733638,-0.));
#1065=DIRECTION('',(-0.422618261733638,0.906307787039943,0.));
#1066=FACE_BOUND('',#1067,.T.);
#1067=EDGE_LOOP('',(#1743,#1744,#1745,#1746));
#1068=PLANE('',#1069);
#1069=AXIS2_PLACEMENT_3D('',#1070,#1071,#1072);
#1070=CARTESIAN_POINT('',(6.32281076638794,1.55267854785015,1.57));
#1071=DIRECTION('',(-0.906307787039943,0.422618261733637,0.));
#1072=DIRECTION('',(-0.422618261733637,-0.906307787039943,0.));
#1073=FACE_BOUND('',#1074,.T.);
#1074=EDGE_LOOP('',(#1747,#1748,#1749,#1750,#1751,#1752,#1753,#1754,#1755,#1756,
#1757,#1758,#1759,#1760,#1761,#1762,#1763,#1764,#1765,#1766,#1767,#1768,#1769,#1770,
#1771,#1772,#1773,#1774,#1775,#1776,#1777,#1778,#1779,#1780,#1781,#1782,#1783,#1784));
#1075=FACE_BOUND('',#1076,.T.);
#1076=EDGE_LOOP('',(#1785,#1786,#1787,#1788,#1789,#1790));
#1077=FACE_BOUND('',#1078,.T.);
#1078=EDGE_LOOP('',(#1791,#1792,#1793,#1794,#1795,#1796));
#1079=FACE_BOUND('',#1080,.T.);
#1080=EDGE_LOOP('',(#1797));
#1081=FACE_BOUND('',#1082,.T.);
#1082=EDGE_LOOP('',(#1798));
#1083=FACE_BOUND('',#1084,.T.);
#1084=EDGE_LOOP('',(#1799));
#1085=FACE_BOUND('',#1086,.T.);
#1086=EDGE_LOOP('',(#1800));
#1087=FACE_BOUND('',#1088,.T.);
#1088=EDGE_LOOP('',(#1801));
#1089=FACE_BOUND('',#1090,.T.);
#1090=EDGE_LOOP('',(#1802));
#1091=FACE_BOUND('',#1092,.T.);
#1092=EDGE_LOOP('',(#1803));
#1093=FACE_BOUND('',#1094,.T.);
#1094=EDGE_LOOP('',(#1804));
#1095=FACE_BOUND('',#1096,.T.);
#1096=EDGE_LOOP('',(#1805,#1806,#1807,#1808,#1809,#1810));
#1097=PLANE('',#1098);
#1098=AXIS2_PLACEMENT_3D('',#1099,#1100,#1101);
#1099=CARTESIAN_POINT('',(0.,0.,2.84));
#1100=DIRECTION('',(0.,0.,1.));
#1101=DIRECTION('',(1.,0.,0.));
#1102=FACE_BOUND('',#1103,.T.);
#1103=EDGE_LOOP('',(#1811,#1812,#1813,#1814,#1815,#1816,#1817,#1818,#1819,#1820,
#1821,#1822,#1823,#1824,#1825,#1826,#1827,#1828,#1829,#1830,#1831,#1832,#1833,#1834,
#1835,#1836,#1837,#1838,#1839,#1840,#1841,#1842,#1843,#1844,#1845,#1846,#1847,#1848));
#1104=FACE_BOUND('',#1105,.T.);
#1105=EDGE_LOOP('',(#1849,#1850,#1851,#1852,#1853,#1854));
#1106=FACE_BOUND('',#1107,.T.);
#1107=EDGE_LOOP('',(#1855,#1856,#1857,#1858,#1859,#1860));
#1108=FACE_BOUND('',#1109,.T.);
#1109=EDGE_LOOP('',(#1861));
#1110=FACE_BOUND('',#1111,.T.);
#1111=EDGE_LOOP('',(#1862));
#1112=FACE_BOUND('',#1113,.T.);
#1113=EDGE_LOOP('',(#1863));
#1114=FACE_BOUND('',#1115,.T.);
#1115=EDGE_LOOP('',(#1864));
#1116=FACE_BOUND('',#1117,.T.);
#1117=EDGE_LOOP('',(#1865));
#1118=FACE_BOUND('',#1119,.T.);
#1119=EDGE_LOOP('',(#1866));
#1120=FACE_BOUND('',#1121,.T.);
#1121=EDGE_LOOP('',(#1867));
#1122=FACE_BOUND('',#1123,.T.);
#1123=EDGE_LOOP('',(#1868));
#1124=FACE_BOUND('',#1125,.T.);
#1125=EDGE_LOOP('',(#1869,#1870,#1871,#1872,#1873,#1874));
#1126=PLANE('',#1127);
#1127=AXIS2_PLACEMENT_3D('',#1128,#1129,#1130);
#1128=CARTESIAN_POINT('',(0.,0.,1.57));
#1129=DIRECTION('',(0.,0.,1.));
#1130=DIRECTION('',(1.,0.,0.));
#1131=FACE_BOUND('',#1132,.T.);
#1132=EDGE_LOOP('',(#1875,#1876,#1877,#1878));
#1133=PLANE('',#1134);
#1134=AXIS2_PLACEMENT_3D('',#1135,#1136,#1137);
#1135=CARTESIAN_POINT('',(-1.2451077025535,-1.27,1.57));
#1136=DIRECTION('',(0.,-1.,0.));
#1137=DIRECTION('',(1.,0.,0.));
#1138=FACE_BOUND('',#1139,.T.);
#1139=EDGE_LOOP('',(#1879,#1880,#1881,#1882));
#1140=PLANE('',#1141);
#1141=AXIS2_PLACEMENT_3D('',#1142,#1143,#1144);
#1142=CARTESIAN_POINT('',(-1.2451077025535,-1.27,1.57));
#1143=DIRECTION('',(0.,-1.,0.));
#1144=DIRECTION('',(1.,0.,0.));
#1145=FACE_BOUND('',#1146,.T.);
#1146=EDGE_LOOP('',(#1883,#1884,#1885,#1886));
#1147=PLANE('',#1148);
#1148=AXIS2_PLACEMENT_3D('',#1149,#1150,#1151);
#1149=CARTESIAN_POINT('',(6.50900440526804,-1.27,1.57));
#1150=DIRECTION('',(0.906307787039943,0.422618261733638,-0.));
#1151=DIRECTION('',(-0.422618261733638,0.906307787039943,0.));
#1152=FACE_BOUND('',#1153,.T.);
#1153=EDGE_LOOP('',(#1887,#1888,#1889,#1890));
#1154=PLANE('',#1155);
#1155=AXIS2_PLACEMENT_3D('',#1156,#1157,#1158);
#1156=CARTESIAN_POINT('',(6.32281076638794,-0.987321452149846,1.57));
#1157=DIRECTION('',(-0.906307787039943,0.422618261733637,0.));
#1158=DIRECTION('',(-0.422618261733637,-0.906307787039943,0.));
#1159=FACE_BOUND('',#1160,.T.);
#1160=EDGE_LOOP('',(#1891,#1892,#1893,#1894));
#1161=CYLINDRICAL_SURFACE('',#1162,0.03);
#1162=AXIS2_PLACEMENT_3D('',#1163,#1164,#1165);
#1163=CARTESIAN_POINT('',(6.35,-1.,1.57));
#1164=DIRECTION('',(0.,0.,1.));
#1165=DIRECTION('',(0.906307786970437,0.422618261882694,0.));
#1166=FACE_BOUND('',#1167,.T.);
#1167=EDGE_LOOP('',(#1895,#1896,#1897,#1898));
#1168=CYLINDRICAL_SURFACE('',#1169,0.03);
#1169=AXIS2_PLACEMENT_3D('',#1170,#1171,#1172);
#1170=CARTESIAN_POINT('',(6.35,1.,1.57));
#1171=DIRECTION('',(0.,0.,1.));
#1172=DIRECTION('',(-0.906307787035285,-0.422618261743626,0.));
#1173=FACE_BOUND('',#1174,.T.);
#1174=EDGE_LOOP('',(#1899,#1900,#1901,#1902));
#1175=PLANE('',#1176);
#1176=AXIS2_PLACEMENT_3D('',#1177,#1178,#1179);
#1177=CARTESIAN_POINT('',(6.19099559472815,1.27,1.57));
#1178=DIRECTION('',(-0.906307787035266,-0.422618261743666,0.));
#1179=DIRECTION('',(0.422618261743666,-0.906307787035267,0.));
#1180=FACE_BOUND('',#1181,.T.);
#1181=EDGE_LOOP('',(#1903,#1904,#1905,#1906));
#1182=PLANE('',#1183);
#1183=AXIS2_PLACEMENT_3D('',#1184,#1185,#1186);
#1184=CARTESIAN_POINT('',(6.37718923361106,0.987321452147693,1.57));
#1185=DIRECTION('',(0.906307787035268,-0.422618261743663,0.));
#1186=DIRECTION('',(0.422618261743663,0.906307787035268,0.));
#1187=FACE_BOUND('',#1188,.T.);
#1188=EDGE_LOOP('',(#1907,#1908,#1909,#1910));
#1189=CYLINDRICAL_SURFACE('',#1190,0.03);
#1190=AXIS2_PLACEMENT_3D('',#1191,#1192,#1193);
#1191=CARTESIAN_POINT('',(6.35,1.54,1.57));
#1192=DIRECTION('',(0.,0.,1.));
#1193=DIRECTION('',(0.906307786970437,0.422618261882694,0.));
#1194=FACE_BOUND('',#1195,.T.);
#1195=EDGE_LOOP('',(#1911,#1912,#1913,#1914));
#1196=PLANE('',#1197);
#1197=AXIS2_PLACEMENT_3D('',#1198,#1199,#1200);
#1198=CARTESIAN_POINT('',(8.8651077025535,-1.27,1.57));
#1199=DIRECTION('',(0.906307787036652,-0.422618261740694,0.));
#1200=DIRECTION('',(0.422618261740694,0.906307787036652,0.));
#1201=FACE_BOUND('',#1202,.T.);
#1202=EDGE_LOOP('',(#1915,#1916,#1917,#1918));
#1203=PLANE('',#1204);
#1204=AXIS2_PLACEMENT_3D('',#1205,#1206,#1207);
#1205=CARTESIAN_POINT('',(9.005,-0.97,1.57));
#1206=DIRECTION('',(1.,0.,0.));
#1207=DIRECTION('',(0.,1.,0.));
#1208=FACE_BOUND('',#1209,.T.);
#1209=EDGE_LOOP('',(#1919,#1920,#1921,#1922));
#1210=PLANE('',#1211);
#1211=AXIS2_PLACEMENT_3D('',#1212,#1213,#1214);
#1212=CARTESIAN_POINT('',(9.005,0.970000000000001,1.57));
#1213=DIRECTION('',(0.906307787036652,0.422618261740695,-0.));
#1214=DIRECTION('',(-0.422618261740695,0.906307787036652,0.));
#1215=FACE_BOUND('',#1216,.T.);
#1216=EDGE_LOOP('',(#1923,#1924,#1925,#1926));
#1217=PLANE('',#1218);
#1218=AXIS2_PLACEMENT_3D('',#1219,#1220,#1221);
#1219=CARTESIAN_POINT('',(8.8651077025535,1.27,1.57));
#1220=DIRECTION('',(0.906307787036652,-0.422618261740694,0.));
#1221=DIRECTION('',(0.422618261740694,0.906307787036652,0.));
#1222=FACE_BOUND('',#1223,.T.);
#1223=EDGE_LOOP('',(#1927,#1928,#1929,#1930));
#1224=PLANE('',#1225);
#1225=AXIS2_PLACEMENT_3D('',#1226,#1227,#1228);
#1226=CARTESIAN_POINT('',(9.005,1.57,1.57));
#1227=DIRECTION('',(1.,0.,0.));
#1228=DIRECTION('',(0.,1.,0.));
#1229=FACE_BOUND('',#1230,.T.);
#1230=EDGE_LOOP('',(#1931,#1932,#1933,#1934));
#1231=PLANE('',#1232);
#1232=AXIS2_PLACEMENT_3D('',#1233,#1234,#1235);
#1233=CARTESIAN_POINT('',(9.005,3.51,1.57));
#1234=DIRECTION('',(0.906307787036652,0.422618261740695,-0.));
#1235=DIRECTION('',(-0.422618261740695,0.906307787036652,0.));
#1236=FACE_BOUND('',#1237,.T.);
#1237=EDGE_LOOP('',(#1935,#1936,#1937,#1938));
#1238=PLANE('',#1239);
#1239=AXIS2_PLACEMENT_3D('',#1240,#1241,#1242);
#1240=CARTESIAN_POINT('',(8.8651077025535,3.81,1.57));
#1241=DIRECTION('',(0.,1.,-0.));
#1242=DIRECTION('',(-1.,0.,0.));
#1243=FACE_BOUND('',#1244,.T.);
#1244=EDGE_LOOP('',(#1939,#1940,#1941,#1942));
#1245=PLANE('',#1246);
#1246=AXIS2_PLACEMENT_3D('',#1247,#1248,#1249);
#1247=CARTESIAN_POINT('',(6.37718923361106,3.52732145214769,1.57));
#1248=DIRECTION('',(0.906307787035268,-0.422618261743663,0.));
#1249=DIRECTION('',(0.422618261743663,0.906307787035268,0.));
#1250=FACE_BOUND('',#1251,.T.);
#1251=EDGE_LOOP('',(#1943,#1944,#1945,#1946));
#1252=CYLINDRICAL_SURFACE('',#1253,0.03);
#1253=AXIS2_PLACEMENT_3D('',#1254,#1255,#1256);
#1254=CARTESIAN_POINT('',(6.35,3.54,1.57));
#1255=DIRECTION('',(0.,0.,1.));
#1256=DIRECTION('',(-0.906307787035285,-0.422618261743626,0.));
#1257=FACE_BOUND('',#1258,.T.);
#1258=EDGE_LOOP('',(#1947,#1948,#1949,#1950));
#1259=PLANE('',#1260);
#1260=AXIS2_PLACEMENT_3D('',#1261,#1262,#1263);
#1261=CARTESIAN_POINT('',(6.19099559472815,3.81,1.57));
#1262=DIRECTION('',(-0.906307787035266,-0.422618261743666,0.));
#1263=DIRECTION('',(0.422618261743666,-0.906307787035267,0.));
#1264=FACE_BOUND('',#1265,.T.);
#1265=EDGE_LOOP('',(#1951,#1952,#1953,#1954));
#1266=PLANE('',#1267);
#1267=AXIS2_PLACEMENT_3D('',#1268,#1269,#1270);
#1268=CARTESIAN_POINT('',(8.8651077025535,3.81,1.57));
#1269=DIRECTION('',(0.,1.,-0.));
#1270=DIRECTION('',(-1.,0.,0.));
#1271=FACE_BOUND('',#1272,.T.);
#1272=EDGE_LOOP('',(#1955,#1956,#1957,#1958));
#1273=PLANE('',#1274);
#1274=AXIS2_PLACEMENT_3D('',#1275,#1276,#1277);
#1275=CARTESIAN_POINT('',(3.83718923361106,3.52732145214769,1.57));
#1276=DIRECTION('',(0.906307787035268,-0.422618261743663,0.));
#1277=DIRECTION('',(0.422618261743663,0.906307787035268,0.));
#1278=FACE_BOUND('',#1279,.T.);
#1279=EDGE_LOOP('',(#1959,#1960,#1961,#1962));
#1280=CYLINDRICAL_SURFACE('',#1281,0.03);
#1281=AXIS2_PLACEMENT_3D('',#1282,#1283,#1284);
#1282=CARTESIAN_POINT('',(3.81,3.54,1.57));
#1283=DIRECTION('',(0.,0.,1.));
#1284=DIRECTION('',(-0.906307787035285,-0.422618261743626,0.));
#1285=FACE_BOUND('',#1286,.T.);
#1286=EDGE_LOOP('',(#1963,#1964,#1965,#1966));
#1287=PLANE('',#1288);
#1288=AXIS2_PLACEMENT_3D('',#1289,#1290,#1291);
#1289=CARTESIAN_POINT('',(3.65099559472815,3.81,1.57));
#1290=DIRECTION('',(-0.906307787035266,-0.422618261743666,0.));
#1291=DIRECTION('',(0.422618261743666,-0.906307787035267,0.));
#1292=FACE_BOUND('',#1293,.T.);
#1293=EDGE_LOOP('',(#1967,#1968,#1969,#1970));
#1294=PLANE('',#1295);
#1295=AXIS2_PLACEMENT_3D('',#1296,#1297,#1298);
#1296=CARTESIAN_POINT('',(8.8651077025535,3.81,1.57));
#1297=DIRECTION('',(0.,1.,-0.));
#1298=DIRECTION('',(-1.,0.,0.));
#1299=FACE_BOUND('',#1300,.T.);
#1300=EDGE_LOOP('',(#1971,#1972,#1973,#1974));
#1301=PLANE('',#1302);
#1302=AXIS2_PLACEMENT_3D('',#1303,#1304,#1305);
#1303=CARTESIAN_POINT('',(1.29718923361106,3.52732145214769,1.57));
#1304=DIRECTION('',(0.906307787035268,-0.422618261743663,0.));
#1305=DIRECTION('',(0.422618261743663,0.906307787035268,0.));
#1306=FACE_BOUND('',#1307,.T.);
#1307=EDGE_LOOP('',(#1975,#1976,#1977,#1978));
#1308=CYLINDRICAL_SURFACE('',#1309,0.03);
#1309=AXIS2_PLACEMENT_3D('',#1310,#1311,#1312);
#1310=CARTESIAN_POINT('',(1.27,3.54,1.57));
#1311=DIRECTION('',(0.,0.,1.));
#1312=DIRECTION('',(-0.906307787035285,-0.422618261743626,0.));
#1313=FACE_BOUND('',#1314,.T.);
#1314=EDGE_LOOP('',(#1979,#1980,#1981,#1982));
#1315=PLANE('',#1316);
#1316=AXIS2_PLACEMENT_3D('',#1317,#1318,#1319);
#1317=CARTESIAN_POINT('',(1.11099559472815,3.81,1.57));
#1318=DIRECTION('',(-0.906307787035266,-0.422618261743666,0.));
#1319=DIRECTION('',(0.422618261743666,-0.906307787035267,0.));
#1320=FACE_BOUND('',#1321,.T.);
#1321=EDGE_LOOP('',(#1983,#1984,#1985,#1986));
#1322=PLANE('',#1323);
#1323=AXIS2_PLACEMENT_3D('',#1324,#1325,#1326);
#1324=CARTESIAN_POINT('',(8.8651077025535,3.81,1.57));
#1325=DIRECTION('',(0.,1.,-0.));
#1326=DIRECTION('',(-1.,0.,0.));
#1327=FACE_BOUND('',#1328,.T.);
#1328=EDGE_LOOP('',(#1987,#1988,#1989,#1990));
#1329=PLANE('',#1330);
#1330=AXIS2_PLACEMENT_3D('',#1331,#1332,#1333);
#1331=CARTESIAN_POINT('',(-1.2451077025535,3.81,1.57));
#1332=DIRECTION('',(-0.90630778703665,0.422618261740699,0.));
#1333=DIRECTION('',(-0.4226182617407,-0.90630778703665,0.));
#1334=FACE_BOUND('',#1335,.T.);
#1335=EDGE_LOOP('',(#1991,#1992,#1993,#1994));
#1336=PLANE('',#1337);
#1337=AXIS2_PLACEMENT_3D('',#1338,#1339,#1340);
#1338=CARTESIAN_POINT('',(-1.385,3.51,1.57));
#1339=DIRECTION('',(-1.,2.28911963840238E-016,0.));
#1340=DIRECTION('',(-2.28911963840238E-016,-1.,0.));
#1341=FACE_BOUND('',#1342,.T.);
#1342=EDGE_LOOP('',(#1995,#1996,#1997,#1998));
#1343=PLANE('',#1344);
#1344=AXIS2_PLACEMENT_3D('',#1345,#1346,#1347);
#1345=CARTESIAN_POINT('',(-1.385,1.57,1.57));
#1346=DIRECTION('',(-0.90630778703665,-0.422618261740699,0.));
#1347=DIRECTION('',(0.422618261740699,-0.90630778703665,0.));
#1348=FACE_BOUND('',#1349,.T.);
#1349=EDGE_LOOP('',(#1999,#2000,#2001,#2002));
#1350=PLANE('',#1351);
#1351=AXIS2_PLACEMENT_3D('',#1352,#1353,#1354);
#1352=CARTESIAN_POINT('',(-1.2451077025535,1.27,1.57));
#1353=DIRECTION('',(-0.90630778703665,0.422618261740699,0.));
#1354=DIRECTION('',(-0.4226182617407,-0.90630778703665,0.));
#1355=FACE_BOUND('',#1356,.T.);
#1356=EDGE_LOOP('',(#2003,#2004,#2005,#2006));
#1357=PLANE('',#1358);
#1358=AXIS2_PLACEMENT_3D('',#1359,#1360,#1361);
#1359=CARTESIAN_POINT('',(-1.385,0.970000000000001,1.57));
#1360=DIRECTION('',(-1.,2.28911963840238E-016,0.));
#1361=DIRECTION('',(-2.28911963840238E-016,-1.,0.));
#1362=FACE_BOUND('',#1363,.T.);
#1363=EDGE_LOOP('',(#2007,#2008,#2009,#2010));
#1364=PLANE('',#1365);
#1365=AXIS2_PLACEMENT_3D('',#1366,#1367,#1368);
#1366=CARTESIAN_POINT('',(-1.385,-0.97,1.57));
#1367=DIRECTION('',(-0.90630778703665,-0.422618261740699,0.));
#1368=DIRECTION('',(0.422618261740699,-0.90630778703665,0.));
#1369=FACE_BOUND('',#1370,.T.);
#1370=EDGE_LOOP('',(#2011,#2012,#2013,#2014));
#1371=PLANE('',#1372);
#1372=AXIS2_PLACEMENT_3D('',#1373,#1374,#1375);
#1373=CARTESIAN_POINT('',(-1.2451077025535,-1.27,1.57));
#1374=DIRECTION('',(0.,-1.,0.));
#1375=DIRECTION('',(1.,0.,0.));
#1376=FACE_BOUND('',#1377,.T.);
#1377=EDGE_LOOP('',(#2015,#2016,#2017,#2018));
#1378=PLANE('',#1379);
#1379=AXIS2_PLACEMENT_3D('',#1380,#1381,#1382);
#1380=CARTESIAN_POINT('',(1.24281076638794,-0.987321452149846,1.57));
#1381=DIRECTION('',(-0.906307787039943,0.422618261733637,0.));
#1382=DIRECTION('',(-0.422618261733637,-0.906307787039943,0.));
#1383=FACE_BOUND('',#1384,.T.);
#1384=EDGE_LOOP('',(#2019,#2020,#2021,#2022));
#1385=CYLINDRICAL_SURFACE('',#1386,0.03);
#1386=AXIS2_PLACEMENT_3D('',#1387,#1388,#1389);
#1387=CARTESIAN_POINT('',(1.27,-1.,1.57));
#1388=DIRECTION('',(0.,0.,1.));
#1389=DIRECTION('',(0.906307786970437,0.422618261882694,0.));
#1390=FACE_BOUND('',#1391,.T.);
#1391=EDGE_LOOP('',(#2023,#2024,#2025,#2026));
#1392=PLANE('',#1393);
#1393=AXIS2_PLACEMENT_3D('',#1394,#1395,#1396);
#1394=CARTESIAN_POINT('',(1.42900440526804,-1.27,1.57));
#1395=DIRECTION('',(0.906307787039943,0.422618261733638,-0.));
#1396=DIRECTION('',(-0.422618261733638,0.906307787039943,0.));
#1397=FACE_BOUND('',#1398,.T.);
#1398=EDGE_LOOP('',(#2027,#2028,#2029,#2030));
#1399=PLANE('',#1400);
#1400=AXIS2_PLACEMENT_3D('',#1401,#1402,#1403);
#1401=CARTESIAN_POINT('',(-1.2451077025535,-1.27,1.57));
#1402=DIRECTION('',(0.,-1.,0.));
#1403=DIRECTION('',(1.,0.,0.));
#1404=FACE_BOUND('',#1405,.T.);
#1405=EDGE_LOOP('',(#2031,#2032,#2033,#2034));
#1406=PLANE('',#1407);
#1407=AXIS2_PLACEMENT_3D('',#1408,#1409,#1410);
#1408=CARTESIAN_POINT('',(3.78281076638794,-0.987321452149846,1.57));
#1409=DIRECTION('',(-0.906307787039943,0.422618261733637,0.));
#1410=DIRECTION('',(-0.422618261733637,-0.906307787039943,0.));
#1411=FACE_BOUND('',#1412,.T.);
#1412=EDGE_LOOP('',(#2035,#2036,#2037,#2038));
#1413=CYLINDRICAL_SURFACE('',#1414,0.03);
#1414=AXIS2_PLACEMENT_3D('',#1415,#1416,#1417);
#1415=CARTESIAN_POINT('',(3.81,-1.,1.57));
#1416=DIRECTION('',(0.,0.,1.));
#1417=DIRECTION('',(0.906307786970437,0.422618261882694,0.));
#1418=FACE_BOUND('',#1419,.T.);
#1419=EDGE_LOOP('',(#2039,#2040,#2041,#2042));
#1420=PLANE('',#1421);
#1421=AXIS2_PLACEMENT_3D('',#1422,#1423,#1424);
#1422=CARTESIAN_POINT('',(3.96900440526804,-1.27,1.57));
#1423=DIRECTION('',(0.906307787039943,0.422618261733638,-0.));
#1424=DIRECTION('',(-0.422618261733638,0.906307787039943,0.));
#1425=FACE_BOUND('',#1426,.T.);
#1426=EDGE_LOOP('',(#2043,#2044,#2045,#2046));
#1427=CYLINDRICAL_SURFACE('',#1428,0.03);
#1428=AXIS2_PLACEMENT_3D('',#1429,#1430,#1431);
#1429=CARTESIAN_POINT('',(1.27,1.54,1.57));
#1430=DIRECTION('',(0.,0.,1.));
#1431=DIRECTION('',(0.906307786970437,0.422618261882694,0.));
#1432=FACE_BOUND('',#1433,.T.);
#1433=EDGE_LOOP('',(#2047,#2048,#2049,#2050));
#1434=PLANE('',#1435);
#1435=AXIS2_PLACEMENT_3D('',#1436,#1437,#1438);
#1436=CARTESIAN_POINT('',(1.42900440526804,1.27,1.57));
#1437=DIRECTION('',(0.906307787039943,0.422618261733638,-0.));
#1438=DIRECTION('',(-0.422618261733638,0.906307787039943,0.));
#1439=FACE_BOUND('',#1440,.T.);
#1440=EDGE_LOOP('',(#2051,#2052,#2053,#2054));
#1441=PLANE('',#1442);
#1442=AXIS2_PLACEMENT_3D('',#1443,#1444,#1445);
#1443=CARTESIAN_POINT('',(1.29718923361106,0.987321452147693,1.57));
#1444=DIRECTION('',(0.906307787035268,-0.422618261743663,0.));
#1445=DIRECTION('',(0.422618261743663,0.906307787035268,0.));
#1446=FACE_BOUND('',#1447,.T.);
#1447=EDGE_LOOP('',(#2055,#2056,#2057,#2058));
#1448=CYLINDRICAL_SURFACE('',#1449,0.03);
#1449=AXIS2_PLACEMENT_3D('',#1450,#1451,#1452);
#1450=CARTESIAN_POINT('',(1.27,1.,1.57));
#1451=DIRECTION('',(0.,0.,1.));
#1452=DIRECTION('',(-0.906307787035285,-0.422618261743626,0.));
#1453=FACE_BOUND('',#1454,.T.);
#1454=EDGE_LOOP('',(#2059,#2060,#2061,#2062));
#1455=PLANE('',#1456);
#1456=AXIS2_PLACEMENT_3D('',#1457,#1458,#1459);
#1457=CARTESIAN_POINT('',(1.11099559472815,1.27,1.57));
#1458=DIRECTION('',(-0.906307787035266,-0.422618261743666,0.));
#1459=DIRECTION('',(0.422618261743666,-0.906307787035267,0.));
#1460=FACE_BOUND('',#1461,.T.);
#1461=EDGE_LOOP('',(#2063,#2064,#2065,#2066));
#1462=PLANE('',#1463);
#1463=AXIS2_PLACEMENT_3D('',#1464,#1465,#1466);
#1464=CARTESIAN_POINT('',(1.24281076638794,1.55267854785015,1.57));
#1465=DIRECTION('',(-0.906307787039943,0.422618261733637,0.));
#1466=DIRECTION('',(-0.422618261733637,-0.906307787039943,0.));
#1467=FACE_OUTER_BOUND('',#1468,.T.);
#1468=EDGE_LOOP('',(#2067));
#1469=FACE_OUTER_BOUND('',#1470,.T.);
#1470=EDGE_LOOP('',(#2068));
#1471=CYLINDRICAL_SURFACE('',#1472,0.66);
#1472=AXIS2_PLACEMENT_3D('',#1473,#1474,#1475);
#1473=CARTESIAN_POINT('',(0.,0.,0.));
#1474=DIRECTION('',(0.,0.,1.));
#1475=DIRECTION('',(1.,0.,0.));
#1476=FACE_OUTER_BOUND('',#1477,.T.);
#1477=EDGE_LOOP('',(#2069));
#1478=FACE_OUTER_BOUND('',#1479,.T.);
#1479=EDGE_LOOP('',(#2070));
#1480=CYLINDRICAL_SURFACE('',#1481,0.66);
#1481=AXIS2_PLACEMENT_3D('',#1482,#1483,#1484);
#1482=CARTESIAN_POINT('',(7.62,2.54,0.));
#1483=DIRECTION('',(0.,0.,1.));
#1484=DIRECTION('',(1.,0.,0.));
#1485=FACE_OUTER_BOUND('',#1486,.T.);
#1486=EDGE_LOOP('',(#2071));
#1487=FACE_OUTER_BOUND('',#1488,.T.);
#1488=EDGE_LOOP('',(#2072));
#1489=CYLINDRICAL_SURFACE('',#1490,0.66);
#1490=AXIS2_PLACEMENT_3D('',#1491,#1492,#1493);
#1491=CARTESIAN_POINT('',(5.08,2.54,0.));
#1492=DIRECTION('',(0.,0.,1.));
#1493=DIRECTION('',(1.,0.,0.));
#1494=FACE_OUTER_BOUND('',#1495,.T.);
#1495=EDGE_LOOP('',(#2073));
#1496=FACE_OUTER_BOUND('',#1497,.T.);
#1497=EDGE_LOOP('',(#2074));
#1498=CYLINDRICAL_SURFACE('',#1499,0.66);
#1499=AXIS2_PLACEMENT_3D('',#1500,#1501,#1502);
#1500=CARTESIAN_POINT('',(2.54,2.54,0.));
#1501=DIRECTION('',(0.,0.,1.));
#1502=DIRECTION('',(1.,0.,0.));
#1503=FACE_OUTER_BOUND('',#1504,.T.);
#1504=EDGE_LOOP('',(#2075));
#1505=FACE_OUTER_BOUND('',#1506,.T.);
#1506=EDGE_LOOP('',(#2076));
#1507=CYLINDRICAL_SURFACE('',#1508,0.66);
#1508=AXIS2_PLACEMENT_3D('',#1509,#1510,#1511);
#1509=CARTESIAN_POINT('',(1.55530143491714E-016,2.54,0.));
#1510=DIRECTION('',(0.,0.,1.));
#1511=DIRECTION('',(1.,0.,0.));
#1512=FACE_OUTER_BOUND('',#1513,.T.);
#1513=EDGE_LOOP('',(#2077));
#1514=FACE_OUTER_BOUND('',#1515,.T.);
#1515=EDGE_LOOP('',(#2078));
#1516=CYLINDRICAL_SURFACE('',#1517,0.66);
#1517=AXIS2_PLACEMENT_3D('',#1518,#1519,#1520);
#1518=CARTESIAN_POINT('',(7.62,0.,0.));
#1519=DIRECTION('',(0.,0.,1.));
#1520=DIRECTION('',(1.,0.,0.));
#1521=FACE_OUTER_BOUND('',#1522,.T.);
#1522=EDGE_LOOP('',(#2079));
#1523=FACE_OUTER_BOUND('',#1524,.T.);
#1524=EDGE_LOOP('',(#2080));
#1525=CYLINDRICAL_SURFACE('',#1526,0.66);
#1526=AXIS2_PLACEMENT_3D('',#1527,#1528,#1529);
#1527=CARTESIAN_POINT('',(5.08,0.,0.));
#1528=DIRECTION('',(0.,0.,1.));
#1529=DIRECTION('',(1.,0.,0.));
#1530=FACE_OUTER_BOUND('',#1531,.T.);
#1531=EDGE_LOOP('',(#2081));
#1532=FACE_OUTER_BOUND('',#1533,.T.);
#1533=EDGE_LOOP('',(#2082));
#1534=CYLINDRICAL_SURFACE('',#1535,0.66);
#1535=AXIS2_PLACEMENT_3D('',#1536,#1537,#1538);
#1536=CARTESIAN_POINT('',(2.54,0.,0.));
#1537=DIRECTION('',(0.,0.,1.));
#1538=DIRECTION('',(1.,0.,0.));
#1539=FACE_BOUND('',#1540,.T.);
#1540=EDGE_LOOP('',(#2083,#2084,#2085,#2086));
#1541=PLANE('',#1542);
#1542=AXIS2_PLACEMENT_3D('',#1543,#1544,#1545);
#1543=CARTESIAN_POINT('',(3.83718923361106,0.987321452147693,1.57));
#1544=DIRECTION('',(0.906307787035268,-0.422618261743663,0.));
#1545=DIRECTION('',(0.422618261743663,0.906307787035268,0.));
#1546=FACE_BOUND('',#1547,.T.);
#1547=EDGE_LOOP('',(#2087,#2088,#2089,#2090));
#1548=CYLINDRICAL_SURFACE('',#1549,0.03);
#1549=AXIS2_PLACEMENT_3D('',#1550,#1551,#1552);
#1550=CARTESIAN_POINT('',(3.81,1.,1.57));
#1551=DIRECTION('',(0.,0.,1.));
#1552=DIRECTION('',(-0.906307787035285,-0.422618261743626,0.));
#1553=FACE_BOUND('',#1554,.T.);
#1554=EDGE_LOOP('',(#2091,#2092,#2093,#2094));
#1555=PLANE('',#1556);
#1556=AXIS2_PLACEMENT_3D('',#1557,#1558,#1559);
#1557=CARTESIAN_POINT('',(3.65099559472815,1.27,1.57));
#1558=DIRECTION('',(-0.906307787035266,-0.422618261743666,0.));
#1559=DIRECTION('',(0.422618261743666,-0.906307787035267,0.));
#1560=FACE_BOUND('',#1561,.T.);
#1561=EDGE_LOOP('',(#2095,#2096,#2097,#2098));
#1562=PLANE('',#1563);
#1563=AXIS2_PLACEMENT_3D('',#1564,#1565,#1566);
#1564=CARTESIAN_POINT('',(3.78281076638794,1.55267854785015,1.57));
#1565=DIRECTION('',(-0.906307787039943,0.422618261733637,0.));
#1566=DIRECTION('',(-0.422618261733637,-0.906307787039943,0.));
#1567=FACE_BOUND('',#1568,.T.);
#1568=EDGE_LOOP('',(#2099,#2100,#2101,#2102));
#1569=CYLINDRICAL_SURFACE('',#1570,0.03);
#1570=AXIS2_PLACEMENT_3D('',#1571,#1572,#1573);
#1571=CARTESIAN_POINT('',(3.81,1.54,1.57));
#1572=DIRECTION('',(0.,0.,1.));
#1573=DIRECTION('',(0.906307786970437,0.422618261882694,0.));
#1574=FACE_BOUND('',#1575,.T.);
#1575=EDGE_LOOP('',(#2103,#2104,#2105,#2106));
#1576=PLANE('',#1577);
#1577=AXIS2_PLACEMENT_3D('',#1578,#1579,#1580);
#1578=CARTESIAN_POINT('',(3.96900440526804,1.27,1.57));
#1579=DIRECTION('',(0.906307787039943,0.422618261733638,-0.));
#1580=DIRECTION('',(-0.422618261733638,0.906307787039943,0.));
#1581=FACE_BOUND('',#1582,.T.);
#1582=EDGE_LOOP('',(#2107));
#1583=PLANE('',#1584);
#1584=AXIS2_PLACEMENT_3D('',#1585,#1586,#1587);
#1585=CARTESIAN_POINT('',(0.,0.,-2.75));
#1586=DIRECTION('',(-0.,-0.,-1.));
#1587=DIRECTION('',(0.,-1.,0.));
#1588=FACE_OUTER_BOUND('',#1589,.T.);
#1589=EDGE_LOOP('',(#2108));
#1590=FACE_OUTER_BOUND('',#1591,.T.);
#1591=EDGE_LOOP('',(#2109));
#1592=CONICAL_SURFACE('',#1593,0.19125,0.785398163397449);
#1593=AXIS2_PLACEMENT_3D('',#1594,#1595,#1596);
#1594=CARTESIAN_POINT('',(0.,0.,-2.68625));
#1595=DIRECTION('',(0.,0.,1.));
#1596=DIRECTION('',(-0.,1.,-0.));
#1597=FACE_OUTER_BOUND('',#1598,.T.);
#1598=EDGE_LOOP('',(#2110));
#1599=FACE_OUTER_BOUND('',#1600,.T.);
#1600=EDGE_LOOP('',(#2111));
#1601=CYLINDRICAL_SURFACE('',#1602,0.255);
#1602=AXIS2_PLACEMENT_3D('',#1603,#1604,#1605);
#1603=CARTESIAN_POINT('',(0.,0.,0.));
#1604=DIRECTION('',(-0.,-0.,-1.));
#1605=DIRECTION('',(0.,-1.,0.));
#1606=FACE_OUTER_BOUND('',#1607,.T.);
#1607=EDGE_LOOP('',(#2112));
#1608=FACE_OUTER_BOUND('',#1609,.T.);
#1609=EDGE_LOOP('',(#2113));
#1610=CONICAL_SURFACE('',#1611,0.4575,0.959931087707183);
#1611=AXIS2_PLACEMENT_3D('',#1612,#1613,#1614);
#1612=CARTESIAN_POINT('',(0.,0.,0.141792026755963));
#1613=DIRECTION('',(0.,0.,1.));
#1614=DIRECTION('',(-0.,1.,-0.));
#1615=FACE_OUTER_BOUND('',#1616,.T.);
#1616=EDGE_LOOP('',(#2114));
#1617=FACE_OUTER_BOUND('',#1618,.T.);
#1618=EDGE_LOOP('',(#2115));
#1619=CYLINDRICAL_SURFACE('',#1620,0.66);
#1620=AXIS2_PLACEMENT_3D('',#1621,#1622,#1623);
#1621=CARTESIAN_POINT('',(0.,0.,1.79287838708181));
#1622=DIRECTION('',(-0.,-0.,-1.));
#1623=DIRECTION('',(0.,-1.,0.));
#1624=FACE_OUTER_BOUND('',#1625,.T.);
#1625=EDGE_LOOP('',(#2116));
#1626=FACE_OUTER_BOUND('',#1627,.T.);
#1627=EDGE_LOOP('',(#2117));
#1628=CONICAL_SURFACE('',#1629,0.735,0.349065850398867);
#1629=AXIS2_PLACEMENT_3D('',#1630,#1631,#1632);
#1630=CARTESIAN_POINT('',(0.,0.,1.9989391935409));
#1631=DIRECTION('',(0.,0.,1.));
#1632=DIRECTION('',(-0.,1.,-0.));
#1633=FACE_BOUND('',#1634,.T.);
#1634=EDGE_LOOP('',(#2118));
#1635=FACE_BOUND('',#1636,.T.);
#1636=EDGE_LOOP('',(#2119));
#1637=PLANE('',#1638);
#1638=AXIS2_PLACEMENT_3D('',#1639,#1640,#1641);
#1639=CARTESIAN_POINT('',(0.,0.,2.205));
#1640=DIRECTION('',(0.,0.,1.));
#1641=DIRECTION('',(0.,-1.,0.));
#1642=FACE_OUTER_BOUND('',#1643,.T.);
#1643=EDGE_LOOP('',(#2120));
#1644=FACE_OUTER_BOUND('',#1645,.T.);
#1645=EDGE_LOOP('',(#2121));
#1646=CYLINDRICAL_SURFACE('',#1647,0.66);
#1647=AXIS2_PLACEMENT_3D('',#1648,#1649,#1650);
#1648=CARTESIAN_POINT('',(0.,0.,2.84));
#1649=DIRECTION('',(-0.,-0.,-1.));
#1650=DIRECTION('',(0.,-1.,0.));
#1651=FACE_BOUND('',#1652,.T.);
#1652=EDGE_LOOP('',(#2122));
#1653=FACE_BOUND('',#1654,.T.);
#1654=EDGE_LOOP('',(#2123));
#1655=PLANE('',#1656);
#1656=AXIS2_PLACEMENT_3D('',#1657,#1658,#1659);
#1657=CARTESIAN_POINT('',(0.,0.,2.84));
#1658=DIRECTION('',(-0.,-0.,-1.));
#1659=DIRECTION('',(0.,-1.,0.));
#1660=FACE_OUTER_BOUND('',#1661,.T.);
#1661=EDGE_LOOP('',(#2124));
#1662=FACE_OUTER_BOUND('',#1663,.T.);
#1663=EDGE_LOOP('',(#2125));
#1664=CYLINDRICAL_SURFACE('',#1665,0.915);
#1665=AXIS2_PLACEMENT_3D('',#1666,#1667,#1668);
#1666=CARTESIAN_POINT('',(0.,0.,3.35));
#1667=DIRECTION('',(-0.,-0.,-1.));
#1668=DIRECTION('',(0.,-1.,0.));
#1669=FACE_BOUND('',#1670,.T.);
#1670=EDGE_LOOP('',(#2126));
#1671=FACE_BOUND('',#1672,.T.);
#1672=EDGE_LOOP('',(#2127));
#1673=PLANE('',#1674);
#1674=AXIS2_PLACEMENT_3D('',#1675,#1676,#1677);
#1675=CARTESIAN_POINT('',(0.,0.,3.35));
#1676=DIRECTION('',(0.,0.,1.));
#1677=DIRECTION('',(0.,-1.,0.));
#1678=FACE_OUTER_BOUND('',#1679,.T.);
#1679=EDGE_LOOP('',(#2128));
#1680=FACE_OUTER_BOUND('',#1681,.T.);
#1681=EDGE_LOOP('',(#2129));
#1682=CONICAL_SURFACE('',#1683,0.554595535433107,0.349065852124744);
#1683=AXIS2_PLACEMENT_3D('',#1684,#1685,#1686);
#1684=CARTESIAN_POINT('',(0.,0.,3.2));
#1685=DIRECTION('',(0.,0.,1.));
#1686=DIRECTION('',(-0.,1.,-0.));
#1687=FACE_OUTER_BOUND('',#1688,.T.);
#1688=EDGE_LOOP('',(#2130));
#1689=FACE_OUTER_BOUND('',#1690,.T.);
#1690=EDGE_LOOP('',(#2131));
#1691=CYLINDRICAL_SURFACE('',#1692,0.5);
#1692=AXIS2_PLACEMENT_3D('',#1693,#1694,#1695);
#1693=CARTESIAN_POINT('',(0.,0.,2.85));
#1694=DIRECTION('',(-0.,-0.,-1.));
#1695=DIRECTION('',(0.,-1.,0.));
#1696=FACE_OUTER_BOUND('',#1697,.T.);
#1697=EDGE_LOOP('',(#2132));
#1698=FACE_OUTER_BOUND('',#1699,.T.);
#1699=EDGE_LOOP('',(#2133));
#1700=CONICAL_SURFACE('',#1701,0.3625,0.225276779214055);
#1701=AXIS2_PLACEMENT_3D('',#1702,#1703,#1704);
#1702=CARTESIAN_POINT('',(0.,0.,2.25));
#1703=DIRECTION('',(0.,0.,1.));
#1704=DIRECTION('',(-0.,1.,-0.));
#1705=FACE_BOUND('',#1706,.T.);
#1706=EDGE_LOOP('',(#2134));
#1707=FACE_BOUND('',#1708,.T.);
#1708=EDGE_LOOP('',(#2135));
#1709=PLANE('',#1710);
#1710=AXIS2_PLACEMENT_3D('',#1711,#1712,#1713);
#1711=CARTESIAN_POINT('',(0.,0.,1.65));
#1712=DIRECTION('',(-0.,-0.,-1.));
#1713=DIRECTION('',(0.,-1.,0.));
#1714=FACE_OUTER_BOUND('',#1715,.T.);
#1715=EDGE_LOOP('',(#2136));
#1716=FACE_OUTER_BOUND('',#1717,.T.);
#1717=EDGE_LOOP('',(#2137));
#1718=CYLINDRICAL_SURFACE('',#1719,0.5);
#1719=AXIS2_PLACEMENT_3D('',#1720,#1721,#1722);
#1720=CARTESIAN_POINT('',(0.,0.,0.45));
#1721=DIRECTION('',(-0.,-0.,-1.));
#1722=DIRECTION('',(0.,-1.,0.));
#1723=FACE_OUTER_BOUND('',#1724,.T.);
#1724=EDGE_LOOP('',(#2138));
#1725=FACE_OUTER_BOUND('',#1726,.T.);
#1726=EDGE_LOOP('',(#2139));
#1727=CONICAL_SURFACE('',#1728,0.265,0.959931088596881);
#1728=AXIS2_PLACEMENT_3D('',#1729,#1730,#1731);
#1729=CARTESIAN_POINT('',(0.,0.,0.285451228520718));
#1730=DIRECTION('',(0.,0.,1.));
#1731=DIRECTION('',(-0.,1.,-0.));
#1732=FACE_BOUND('',#1733,.T.);
#1733=EDGE_LOOP('',(#2140));
#1734=PLANE('',#1735);
#1735=AXIS2_PLACEMENT_3D('',#1736,#1737,#1738);
#1736=CARTESIAN_POINT('',(0.,0.,0.120902457041437));
#1737=DIRECTION('',(0.,0.,1.));
#1738=DIRECTION('',(0.,-1.,0.));
#1739=ORIENTED_EDGE('',*,*,#2141,.T.);
#1740=ORIENTED_EDGE('',*,*,#2142,.F.);
#1741=ORIENTED_EDGE('',*,*,#2143,.F.);
#1742=ORIENTED_EDGE('',*,*,#2144,.F.);
#1743=ORIENTED_EDGE('',*,*,#2145,.T.);
#1744=ORIENTED_EDGE('',*,*,#2146,.F.);
#1745=ORIENTED_EDGE('',*,*,#2147,.T.);
#1746=ORIENTED_EDGE('',*,*,#2148,.F.);
#1747=ORIENTED_EDGE('',*,*,#2149,.T.);
#1748=ORIENTED_EDGE('',*,*,#2150,.T.);
#1749=ORIENTED_EDGE('',*,*,#2151,.T.);
#1750=ORIENTED_EDGE('',*,*,#2152,.T.);
#1751=ORIENTED_EDGE('',*,*,#2153,.T.);
#1752=ORIENTED_EDGE('',*,*,#2154,.T.);
#1753=ORIENTED_EDGE('',*,*,#2155,.T.);
#1754=ORIENTED_EDGE('',*,*,#2156,.T.);
#1755=ORIENTED_EDGE('',*,*,#2157,.T.);
#1756=ORIENTED_EDGE('',*,*,#2158,.T.);
#1757=ORIENTED_EDGE('',*,*,#2159,.T.);
#1758=ORIENTED_EDGE('',*,*,#2160,.T.);
#1759=ORIENTED_EDGE('',*,*,#2161,.T.);
#1760=ORIENTED_EDGE('',*,*,#2162,.T.);
#1761=ORIENTED_EDGE('',*,*,#2163,.T.);
#1762=ORIENTED_EDGE('',*,*,#2164,.T.);
#1763=ORIENTED_EDGE('',*,*,#2165,.T.);
#1764=ORIENTED_EDGE('',*,*,#2166,.T.);
#1765=ORIENTED_EDGE('',*,*,#2167,.T.);
#1766=ORIENTED_EDGE('',*,*,#2168,.T.);
#1767=ORIENTED_EDGE('',*,*,#2169,.T.);
#1768=ORIENTED_EDGE('',*,*,#2170,.T.);
#1769=ORIENTED_EDGE('',*,*,#2171,.T.);
#1770=ORIENTED_EDGE('',*,*,#2172,.T.);
#1771=ORIENTED_EDGE('',*,*,#2173,.T.);
#1772=ORIENTED_EDGE('',*,*,#2174,.T.);
#1773=ORIENTED_EDGE('',*,*,#2175,.T.);
#1774=ORIENTED_EDGE('',*,*,#2176,.T.);
#1775=ORIENTED_EDGE('',*,*,#2177,.T.);
#1776=ORIENTED_EDGE('',*,*,#2178,.T.);
#1777=ORIENTED_EDGE('',*,*,#2179,.T.);
#1778=ORIENTED_EDGE('',*,*,#2180,.T.);
#1779=ORIENTED_EDGE('',*,*,#2181,.T.);
#1780=ORIENTED_EDGE('',*,*,#2182,.T.);
#1781=ORIENTED_EDGE('',*,*,#2183,.T.);
#1782=ORIENTED_EDGE('',*,*,#2184,.T.);
#1783=ORIENTED_EDGE('',*,*,#2185,.T.);
#1784=ORIENTED_EDGE('',*,*,#2186,.T.);
#1785=ORIENTED_EDGE('',*,*,#2187,.T.);
#1786=ORIENTED_EDGE('',*,*,#2188,.T.);
#1787=ORIENTED_EDGE('',*,*,#2189,.T.);
#1788=ORIENTED_EDGE('',*,*,#2148,.T.);
#1789=ORIENTED_EDGE('',*,*,#2190,.T.);
#1790=ORIENTED_EDGE('',*,*,#2142,.T.);
#1791=ORIENTED_EDGE('',*,*,#2191,.T.);
#1792=ORIENTED_EDGE('',*,*,#2192,.T.);
#1793=ORIENTED_EDGE('',*,*,#2193,.T.);
#1794=ORIENTED_EDGE('',*,*,#2194,.T.);
#1795=ORIENTED_EDGE('',*,*,#2195,.T.);
#1796=ORIENTED_EDGE('',*,*,#2196,.T.);
#1797=ORIENTED_EDGE('',*,*,#2197,.T.);
#1798=ORIENTED_EDGE('',*,*,#2198,.T.);
#1799=ORIENTED_EDGE('',*,*,#2199,.T.);
#1800=ORIENTED_EDGE('',*,*,#2200,.T.);
#1801=ORIENTED_EDGE('',*,*,#2201,.T.);
#1802=ORIENTED_EDGE('',*,*,#2202,.T.);
#1803=ORIENTED_EDGE('',*,*,#2203,.T.);
#1804=ORIENTED_EDGE('',*,*,#2204,.T.);
#1805=ORIENTED_EDGE('',*,*,#2205,.T.);
#1806=ORIENTED_EDGE('',*,*,#2206,.T.);
#1807=ORIENTED_EDGE('',*,*,#2207,.T.);
#1808=ORIENTED_EDGE('',*,*,#2208,.T.);
#1809=ORIENTED_EDGE('',*,*,#2209,.T.);
#1810=ORIENTED_EDGE('',*,*,#2210,.T.);
#1811=ORIENTED_EDGE('',*,*,#2211,.T.);
#1812=ORIENTED_EDGE('',*,*,#2212,.T.);
#1813=ORIENTED_EDGE('',*,*,#2213,.F.);
#1814=ORIENTED_EDGE('',*,*,#2214,.T.);
#1815=ORIENTED_EDGE('',*,*,#2215,.T.);
#1816=ORIENTED_EDGE('',*,*,#2216,.T.);
#1817=ORIENTED_EDGE('',*,*,#2217,.F.);
#1818=ORIENTED_EDGE('',*,*,#2218,.T.);
#1819=ORIENTED_EDGE('',*,*,#2219,.T.);
#1820=ORIENTED_EDGE('',*,*,#2220,.T.);
#1821=ORIENTED_EDGE('',*,*,#2221,.F.);
#1822=ORIENTED_EDGE('',*,*,#2222,.F.);
#1823=ORIENTED_EDGE('',*,*,#2223,.F.);
#1824=ORIENTED_EDGE('',*,*,#2224,.F.);
#1825=ORIENTED_EDGE('',*,*,#2225,.F.);
#1826=ORIENTED_EDGE('',*,*,#2226,.F.);
#1827=ORIENTED_EDGE('',*,*,#2227,.F.);
#1828=ORIENTED_EDGE('',*,*,#2228,.F.);
#1829=ORIENTED_EDGE('',*,*,#2229,.T.);
#1830=ORIENTED_EDGE('',*,*,#2230,.T.);
#1831=ORIENTED_EDGE('',*,*,#2231,.T.);
#1832=ORIENTED_EDGE('',*,*,#2232,.F.);
#1833=ORIENTED_EDGE('',*,*,#2233,.T.);
#1834=ORIENTED_EDGE('',*,*,#2234,.T.);
#1835=ORIENTED_EDGE('',*,*,#2235,.T.);
#1836=ORIENTED_EDGE('',*,*,#2236,.F.);
#1837=ORIENTED_EDGE('',*,*,#2237,.T.);
#1838=ORIENTED_EDGE('',*,*,#2238,.T.);
#1839=ORIENTED_EDGE('',*,*,#2239,.T.);
#1840=ORIENTED_EDGE('',*,*,#2240,.F.);
#1841=ORIENTED_EDGE('',*,*,#2241,.F.);
#1842=ORIENTED_EDGE('',*,*,#2242,.F.);
#1843=ORIENTED_EDGE('',*,*,#2243,.F.);
#1844=ORIENTED_EDGE('',*,*,#2244,.F.);
#1845=ORIENTED_EDGE('',*,*,#2245,.F.);
#1846=ORIENTED_EDGE('',*,*,#2246,.F.);
#1847=ORIENTED_EDGE('',*,*,#2247,.F.);
#1848=ORIENTED_EDGE('',*,*,#2248,.T.);
#1849=ORIENTED_EDGE('',*,*,#2249,.T.);
#1850=ORIENTED_EDGE('',*,*,#2144,.T.);
#1851=ORIENTED_EDGE('',*,*,#2250,.T.);
#1852=ORIENTED_EDGE('',*,*,#2146,.T.);
#1853=ORIENTED_EDGE('',*,*,#2251,.T.);
#1854=ORIENTED_EDGE('',*,*,#2252,.T.);
#1855=ORIENTED_EDGE('',*,*,#2253,.T.);
#1856=ORIENTED_EDGE('',*,*,#2254,.T.);
#1857=ORIENTED_EDGE('',*,*,#2255,.T.);
#1858=ORIENTED_EDGE('',*,*,#2256,.T.);
#1859=ORIENTED_EDGE('',*,*,#2257,.T.);
#1860=ORIENTED_EDGE('',*,*,#2258,.T.);
#1861=ORIENTED_EDGE('',*,*,#2259,.T.);
#1862=ORIENTED_EDGE('',*,*,#2260,.T.);
#1863=ORIENTED_EDGE('',*,*,#2261,.T.);
#1864=ORIENTED_EDGE('',*,*,#2262,.T.);
#1865=ORIENTED_EDGE('',*,*,#2263,.T.);
#1866=ORIENTED_EDGE('',*,*,#2264,.T.);
#1867=ORIENTED_EDGE('',*,*,#2265,.T.);
#1868=ORIENTED_EDGE('',*,*,#2266,.T.);
#1869=ORIENTED_EDGE('',*,*,#2267,.T.);
#1870=ORIENTED_EDGE('',*,*,#2268,.T.);
#1871=ORIENTED_EDGE('',*,*,#2269,.T.);
#1872=ORIENTED_EDGE('',*,*,#2270,.T.);
#1873=ORIENTED_EDGE('',*,*,#2271,.T.);
#1874=ORIENTED_EDGE('',*,*,#2272,.T.);
#1875=ORIENTED_EDGE('',*,*,#2273,.T.);
#1876=ORIENTED_EDGE('',*,*,#2185,.F.);
#1877=ORIENTED_EDGE('',*,*,#2274,.T.);
#1878=ORIENTED_EDGE('',*,*,#2213,.T.);
#1879=ORIENTED_EDGE('',*,*,#2275,.T.);
#1880=ORIENTED_EDGE('',*,*,#2247,.T.);
#1881=ORIENTED_EDGE('',*,*,#2276,.T.);
#1882=ORIENTED_EDGE('',*,*,#2151,.F.);
#1883=ORIENTED_EDGE('',*,*,#2275,.F.);
#1884=ORIENTED_EDGE('',*,*,#2150,.F.);
#1885=ORIENTED_EDGE('',*,*,#2277,.F.);
#1886=ORIENTED_EDGE('',*,*,#2248,.F.);
#1887=ORIENTED_EDGE('',*,*,#2273,.F.);
#1888=ORIENTED_EDGE('',*,*,#2212,.F.);
#1889=ORIENTED_EDGE('',*,*,#2278,.T.);
#1890=ORIENTED_EDGE('',*,*,#2186,.F.);
#1891=ORIENTED_EDGE('',*,*,#2211,.F.);
#1892=ORIENTED_EDGE('',*,*,#2277,.T.);
#1893=ORIENTED_EDGE('',*,*,#2149,.F.);
#1894=ORIENTED_EDGE('',*,*,#2278,.F.);
#1895=ORIENTED_EDGE('',*,*,#2252,.F.);
#1896=ORIENTED_EDGE('',*,*,#2279,.T.);
#1897=ORIENTED_EDGE('',*,*,#2188,.F.);
#1898=ORIENTED_EDGE('',*,*,#2280,.F.);
#1899=ORIENTED_EDGE('',*,*,#2145,.F.);
#1900=ORIENTED_EDGE('',*,*,#2189,.F.);
#1901=ORIENTED_EDGE('',*,*,#2279,.F.);
#1902=ORIENTED_EDGE('',*,*,#2251,.F.);
#1903=ORIENTED_EDGE('',*,*,#2141,.F.);
#1904=ORIENTED_EDGE('',*,*,#2249,.F.);
#1905=ORIENTED_EDGE('',*,*,#2280,.T.);
#1906=ORIENTED_EDGE('',*,*,#2187,.F.);
#1907=ORIENTED_EDGE('',*,*,#2250,.F.);
#1908=ORIENTED_EDGE('',*,*,#2143,.T.);
#1909=ORIENTED_EDGE('',*,*,#2190,.F.);
#1910=ORIENTED_EDGE('',*,*,#2147,.F.);
#1911=ORIENTED_EDGE('',*,*,#2246,.T.);
#1912=ORIENTED_EDGE('',*,*,#2281,.T.);
#1913=ORIENTED_EDGE('',*,*,#2152,.F.);
#1914=ORIENTED_EDGE('',*,*,#2276,.F.);
#1915=ORIENTED_EDGE('',*,*,#2245,.T.);
#1916=ORIENTED_EDGE('',*,*,#2282,.T.);
#1917=ORIENTED_EDGE('',*,*,#2153,.F.);
#1918=ORIENTED_EDGE('',*,*,#2281,.F.);
#1919=ORIENTED_EDGE('',*,*,#2283,.F.);
#1920=ORIENTED_EDGE('',*,*,#2154,.F.);
#1921=ORIENTED_EDGE('',*,*,#2282,.F.);
#1922=ORIENTED_EDGE('',*,*,#2244,.T.);
#1923=ORIENTED_EDGE('',*,*,#2283,.T.);
#1924=ORIENTED_EDGE('',*,*,#2243,.T.);
#1925=ORIENTED_EDGE('',*,*,#2284,.T.);
#1926=ORIENTED_EDGE('',*,*,#2155,.F.);
#1927=ORIENTED_EDGE('',*,*,#2242,.T.);
#1928=ORIENTED_EDGE('',*,*,#2285,.T.);
#1929=ORIENTED_EDGE('',*,*,#2156,.F.);
#1930=ORIENTED_EDGE('',*,*,#2284,.F.);
#1931=ORIENTED_EDGE('',*,*,#2241,.T.);
#1932=ORIENTED_EDGE('',*,*,#2286,.T.);
#1933=ORIENTED_EDGE('',*,*,#2157,.F.);
#1934=ORIENTED_EDGE('',*,*,#2285,.F.);
#1935=ORIENTED_EDGE('',*,*,#2287,.T.);
#1936=ORIENTED_EDGE('',*,*,#2158,.F.);
#1937=ORIENTED_EDGE('',*,*,#2286,.F.);
#1938=ORIENTED_EDGE('',*,*,#2240,.T.);
#1939=ORIENTED_EDGE('',*,*,#2239,.F.);
#1940=ORIENTED_EDGE('',*,*,#2288,.T.);
#1941=ORIENTED_EDGE('',*,*,#2159,.F.);
#1942=ORIENTED_EDGE('',*,*,#2287,.F.);
#1943=ORIENTED_EDGE('',*,*,#2238,.F.);
#1944=ORIENTED_EDGE('',*,*,#2289,.T.);
#1945=ORIENTED_EDGE('',*,*,#2160,.F.);
#1946=ORIENTED_EDGE('',*,*,#2288,.F.);
#1947=ORIENTED_EDGE('',*,*,#2237,.F.);
#1948=ORIENTED_EDGE('',*,*,#2290,.F.);
#1949=ORIENTED_EDGE('',*,*,#2161,.F.);
#1950=ORIENTED_EDGE('',*,*,#2289,.F.);
#1951=ORIENTED_EDGE('',*,*,#2291,.T.);
#1952=ORIENTED_EDGE('',*,*,#2162,.F.);
#1953=ORIENTED_EDGE('',*,*,#2290,.T.);
#1954=ORIENTED_EDGE('',*,*,#2236,.T.);
#1955=ORIENTED_EDGE('',*,*,#2235,.F.);
#1956=ORIENTED_EDGE('',*,*,#2292,.T.);
#1957=ORIENTED_EDGE('',*,*,#2163,.F.);
#1958=ORIENTED_EDGE('',*,*,#2291,.F.);
#1959=ORIENTED_EDGE('',*,*,#2234,.F.);
#1960=ORIENTED_EDGE('',*,*,#2293,.T.);
#1961=ORIENTED_EDGE('',*,*,#2164,.F.);
#1962=ORIENTED_EDGE('',*,*,#2292,.F.);
#1963=ORIENTED_EDGE('',*,*,#2233,.F.);
#1964=ORIENTED_EDGE('',*,*,#2294,.F.);
#1965=ORIENTED_EDGE('',*,*,#2165,.F.);
#1966=ORIENTED_EDGE('',*,*,#2293,.F.);
#1967=ORIENTED_EDGE('',*,*,#2295,.T.);
#1968=ORIENTED_EDGE('',*,*,#2166,.F.);
#1969=ORIENTED_EDGE('',*,*,#2294,.T.);
#1970=ORIENTED_EDGE('',*,*,#2232,.T.);
#1971=ORIENTED_EDGE('',*,*,#2231,.F.);
#1972=ORIENTED_EDGE('',*,*,#2296,.T.);
#1973=ORIENTED_EDGE('',*,*,#2167,.F.);
#1974=ORIENTED_EDGE('',*,*,#2295,.F.);
#1975=ORIENTED_EDGE('',*,*,#2230,.F.);
#1976=ORIENTED_EDGE('',*,*,#2297,.T.);
#1977=ORIENTED_EDGE('',*,*,#2168,.F.);
#1978=ORIENTED_EDGE('',*,*,#2296,.F.);
#1979=ORIENTED_EDGE('',*,*,#2229,.F.);
#1980=ORIENTED_EDGE('',*,*,#2298,.F.);
#1981=ORIENTED_EDGE('',*,*,#2169,.F.);
#1982=ORIENTED_EDGE('',*,*,#2297,.F.);
#1983=ORIENTED_EDGE('',*,*,#2298,.T.);
#1984=ORIENTED_EDGE('',*,*,#2228,.T.);
#1985=ORIENTED_EDGE('',*,*,#2299,.T.);
#1986=ORIENTED_EDGE('',*,*,#2170,.F.);
#1987=ORIENTED_EDGE('',*,*,#2227,.T.);
#1988=ORIENTED_EDGE('',*,*,#2300,.T.);
#1989=ORIENTED_EDGE('',*,*,#2171,.F.);
#1990=ORIENTED_EDGE('',*,*,#2299,.F.);
#1991=ORIENTED_EDGE('',*,*,#2226,.T.);
#1992=ORIENTED_EDGE('',*,*,#2301,.T.);
#1993=ORIENTED_EDGE('',*,*,#2172,.F.);
#1994=ORIENTED_EDGE('',*,*,#2300,.F.);
#1995=ORIENTED_EDGE('',*,*,#2302,.T.);
#1996=ORIENTED_EDGE('',*,*,#2173,.F.);
#1997=ORIENTED_EDGE('',*,*,#2301,.F.);
#1998=ORIENTED_EDGE('',*,*,#2225,.T.);
#1999=ORIENTED_EDGE('',*,*,#2302,.F.);
#2000=ORIENTED_EDGE('',*,*,#2224,.T.);
#2001=ORIENTED_EDGE('',*,*,#2303,.T.);
#2002=ORIENTED_EDGE('',*,*,#2174,.F.);
#2003=ORIENTED_EDGE('',*,*,#2223,.T.);
#2004=ORIENTED_EDGE('',*,*,#2304,.T.);
#2005=ORIENTED_EDGE('',*,*,#2175,.F.);
#2006=ORIENTED_EDGE('',*,*,#2303,.F.);
#2007=ORIENTED_EDGE('',*,*,#2222,.T.);
#2008=ORIENTED_EDGE('',*,*,#2305,.T.);
#2009=ORIENTED_EDGE('',*,*,#2176,.F.);
#2010=ORIENTED_EDGE('',*,*,#2304,.F.);
#2011=ORIENTED_EDGE('',*,*,#2306,.T.);
#2012=ORIENTED_EDGE('',*,*,#2177,.F.);
#2013=ORIENTED_EDGE('',*,*,#2305,.F.);
#2014=ORIENTED_EDGE('',*,*,#2221,.T.);
#2015=ORIENTED_EDGE('',*,*,#2220,.F.);
#2016=ORIENTED_EDGE('',*,*,#2307,.T.);
#2017=ORIENTED_EDGE('',*,*,#2178,.F.);
#2018=ORIENTED_EDGE('',*,*,#2306,.F.);
#2019=ORIENTED_EDGE('',*,*,#2219,.F.);
#2020=ORIENTED_EDGE('',*,*,#2308,.T.);
#2021=ORIENTED_EDGE('',*,*,#2179,.F.);
#2022=ORIENTED_EDGE('',*,*,#2307,.F.);
#2023=ORIENTED_EDGE('',*,*,#2218,.F.);
#2024=ORIENTED_EDGE('',*,*,#2309,.F.);
#2025=ORIENTED_EDGE('',*,*,#2180,.F.);
#2026=ORIENTED_EDGE('',*,*,#2308,.F.);
#2027=ORIENTED_EDGE('',*,*,#2310,.T.);
#2028=ORIENTED_EDGE('',*,*,#2181,.F.);
#2029=ORIENTED_EDGE('',*,*,#2309,.T.);
#2030=ORIENTED_EDGE('',*,*,#2217,.T.);
#2031=ORIENTED_EDGE('',*,*,#2182,.F.);
#2032=ORIENTED_EDGE('',*,*,#2310,.F.);
#2033=ORIENTED_EDGE('',*,*,#2216,.F.);
#2034=ORIENTED_EDGE('',*,*,#2311,.T.);
#2035=ORIENTED_EDGE('',*,*,#2183,.F.);
#2036=ORIENTED_EDGE('',*,*,#2311,.F.);
#2037=ORIENTED_EDGE('',*,*,#2215,.F.);
#2038=ORIENTED_EDGE('',*,*,#2312,.T.);
#2039=ORIENTED_EDGE('',*,*,#2184,.F.);
#2040=ORIENTED_EDGE('',*,*,#2312,.F.);
#2041=ORIENTED_EDGE('',*,*,#2214,.F.);
#2042=ORIENTED_EDGE('',*,*,#2274,.F.);
#2043=ORIENTED_EDGE('',*,*,#2253,.F.);
#2044=ORIENTED_EDGE('',*,*,#2313,.T.);
#2045=ORIENTED_EDGE('',*,*,#2191,.F.);
#2046=ORIENTED_EDGE('',*,*,#2314,.F.);
#2047=ORIENTED_EDGE('',*,*,#2315,.F.);
#2048=ORIENTED_EDGE('',*,*,#2192,.F.);
#2049=ORIENTED_EDGE('',*,*,#2313,.F.);
#2050=ORIENTED_EDGE('',*,*,#2258,.F.);
#2051=ORIENTED_EDGE('',*,*,#2315,.T.);
#2052=ORIENTED_EDGE('',*,*,#2257,.F.);
#2053=ORIENTED_EDGE('',*,*,#2316,.T.);
#2054=ORIENTED_EDGE('',*,*,#2193,.F.);
#2055=ORIENTED_EDGE('',*,*,#2256,.F.);
#2056=ORIENTED_EDGE('',*,*,#2317,.T.);
#2057=ORIENTED_EDGE('',*,*,#2194,.F.);
#2058=ORIENTED_EDGE('',*,*,#2316,.F.);
#2059=ORIENTED_EDGE('',*,*,#2318,.T.);
#2060=ORIENTED_EDGE('',*,*,#2195,.F.);
#2061=ORIENTED_EDGE('',*,*,#2317,.F.);
#2062=ORIENTED_EDGE('',*,*,#2255,.F.);
#2063=ORIENTED_EDGE('',*,*,#2318,.F.);
#2064=ORIENTED_EDGE('',*,*,#2254,.F.);
#2065=ORIENTED_EDGE('',*,*,#2314,.T.);
#2066=ORIENTED_EDGE('',*,*,#2196,.F.);
#2067=ORIENTED_EDGE('',*,*,#2197,.F.);
#2068=ORIENTED_EDGE('',*,*,#2259,.F.);
#2069=ORIENTED_EDGE('',*,*,#2198,.F.);
#2070=ORIENTED_EDGE('',*,*,#2260,.F.);
#2071=ORIENTED_EDGE('',*,*,#2199,.F.);
#2072=ORIENTED_EDGE('',*,*,#2261,.F.);
#2073=ORIENTED_EDGE('',*,*,#2200,.F.);
#2074=ORIENTED_EDGE('',*,*,#2262,.F.);
#2075=ORIENTED_EDGE('',*,*,#2201,.F.);
#2076=ORIENTED_EDGE('',*,*,#2263,.F.);
#2077=ORIENTED_EDGE('',*,*,#2202,.F.);
#2078=ORIENTED_EDGE('',*,*,#2264,.F.);
#2079=ORIENTED_EDGE('',*,*,#2203,.F.);
#2080=ORIENTED_EDGE('',*,*,#2265,.F.);
#2081=ORIENTED_EDGE('',*,*,#2204,.F.);
#2082=ORIENTED_EDGE('',*,*,#2266,.F.);
#2083=ORIENTED_EDGE('',*,*,#2319,.F.);
#2084=ORIENTED_EDGE('',*,*,#2267,.F.);
#2085=ORIENTED_EDGE('',*,*,#2320,.T.);
#2086=ORIENTED_EDGE('',*,*,#2205,.F.);
#2087=ORIENTED_EDGE('',*,*,#2206,.F.);
#2088=ORIENTED_EDGE('',*,*,#2320,.F.);
#2089=ORIENTED_EDGE('',*,*,#2272,.F.);
#2090=ORIENTED_EDGE('',*,*,#2321,.T.);
#2091=ORIENTED_EDGE('',*,*,#2322,.F.);
#2092=ORIENTED_EDGE('',*,*,#2207,.F.);
#2093=ORIENTED_EDGE('',*,*,#2321,.F.);
#2094=ORIENTED_EDGE('',*,*,#2271,.F.);
#2095=ORIENTED_EDGE('',*,*,#2322,.T.);
#2096=ORIENTED_EDGE('',*,*,#2270,.F.);
#2097=ORIENTED_EDGE('',*,*,#2323,.T.);
#2098=ORIENTED_EDGE('',*,*,#2208,.F.);
#2099=ORIENTED_EDGE('',*,*,#2269,.F.);
#2100=ORIENTED_EDGE('',*,*,#2324,.T.);
#2101=ORIENTED_EDGE('',*,*,#2209,.F.);
#2102=ORIENTED_EDGE('',*,*,#2323,.F.);
#2103=ORIENTED_EDGE('',*,*,#2319,.T.);
#2104=ORIENTED_EDGE('',*,*,#2210,.F.);
#2105=ORIENTED_EDGE('',*,*,#2324,.F.);
#2106=ORIENTED_EDGE('',*,*,#2268,.F.);
#2107=ORIENTED_EDGE('',*,*,#2325,.T.);
#2108=ORIENTED_EDGE('',*,*,#2325,.F.);
#2109=ORIENTED_EDGE('',*,*,#2326,.T.);
#2110=ORIENTED_EDGE('',*,*,#2327,.T.);
#2111=ORIENTED_EDGE('',*,*,#2326,.F.);
#2112=ORIENTED_EDGE('',*,*,#2327,.F.);
#2113=ORIENTED_EDGE('',*,*,#2328,.T.);
#2114=ORIENTED_EDGE('',*,*,#2329,.T.);
#2115=ORIENTED_EDGE('',*,*,#2328,.F.);
#2116=ORIENTED_EDGE('',*,*,#2329,.F.);
#2117=ORIENTED_EDGE('',*,*,#2330,.T.);
#2118=ORIENTED_EDGE('',*,*,#2330,.F.);
#2119=ORIENTED_EDGE('',*,*,#2331,.T.);
#2120=ORIENTED_EDGE('',*,*,#2332,.T.);
#2121=ORIENTED_EDGE('',*,*,#2331,.F.);
#2122=ORIENTED_EDGE('',*,*,#2333,.T.);
#2123=ORIENTED_EDGE('',*,*,#2332,.F.);
#2124=ORIENTED_EDGE('',*,*,#2334,.T.);
#2125=ORIENTED_EDGE('',*,*,#2333,.F.);
#2126=ORIENTED_EDGE('',*,*,#2334,.F.);
#2127=ORIENTED_EDGE('',*,*,#2335,.T.);
#2128=ORIENTED_EDGE('',*,*,#2336,.T.);
#2129=ORIENTED_EDGE('',*,*,#2335,.F.);
#2130=ORIENTED_EDGE('',*,*,#2336,.F.);
#2131=ORIENTED_EDGE('',*,*,#2337,.T.);
#2132=ORIENTED_EDGE('',*,*,#2338,.T.);
#2133=ORIENTED_EDGE('',*,*,#2337,.F.);
#2134=ORIENTED_EDGE('',*,*,#2339,.T.);
#2135=ORIENTED_EDGE('',*,*,#2338,.F.);
#2136=ORIENTED_EDGE('',*,*,#2339,.F.);
#2137=ORIENTED_EDGE('',*,*,#2340,.T.);
#2138=ORIENTED_EDGE('',*,*,#2341,.T.);
#2139=ORIENTED_EDGE('',*,*,#2340,.F.);
#2140=ORIENTED_EDGE('',*,*,#2341,.F.);
#2141=EDGE_CURVE('',#2342,#2343,#2344,.T.);
#2142=EDGE_CURVE('',#2345,#2343,#2346,.F.);
#2143=EDGE_CURVE('',#2347,#2345,#2348,.T.);
#2144=EDGE_CURVE('',#2342,#2347,#2349,.T.);
#2145=EDGE_CURVE('',#2350,#2351,#2352,.F.);
#2146=EDGE_CURVE('',#2353,#2351,#2354,.T.);
#2147=EDGE_CURVE('',#2353,#2355,#2356,.T.);
#2148=EDGE_CURVE('',#2350,#2355,#2357,.F.);
#2149=EDGE_CURVE('',#2358,#2359,#2360,.F.);
#2150=EDGE_CURVE('',#2359,#2361,#2362,.F.);
#2151=EDGE_CURVE('',#2361,#2363,#2364,.T.);
#2152=EDGE_CURVE('',#2363,#2365,#2366,.T.);
#2153=EDGE_CURVE('',#2365,#2367,#2368,.T.);
#2154=EDGE_CURVE('',#2367,#2369,#2370,.T.);
#2155=EDGE_CURVE('',#2369,#2371,#2372,.T.);
#2156=EDGE_CURVE('',#2371,#2373,#2374,.T.);
#2157=EDGE_CURVE('',#2373,#2375,#2376,.T.);
#2158=EDGE_CURVE('',#2375,#2377,#2378,.T.);
#2159=EDGE_CURVE('',#2377,#2379,#2380,.F.);
#2160=EDGE_CURVE('',#2379,#2381,#2382,.F.);
#2161=EDGE_CURVE('',#2381,#2383,#2384,.F.);
#2162=EDGE_CURVE('',#2383,#2385,#2386,.T.);
#2163=EDGE_CURVE('',#2385,#2387,#2388,.F.);
#2164=EDGE_CURVE('',#2387,#2389,#2390,.F.);
#2165=EDGE_CURVE('',#2389,#2391,#2392,.F.);
#2166=EDGE_CURVE('',#2391,#2393,#2394,.T.);
#2167=EDGE_CURVE('',#2393,#2395,#2396,.F.);
#2168=EDGE_CURVE('',#2395,#2397,#2398,.F.);
#2169=EDGE_CURVE('',#2397,#2399,#2400,.F.);
#2170=EDGE_CURVE('',#2399,#2401,#2402,.T.);
#2171=EDGE_CURVE('',#2401,#2403,#2404,.T.);
#2172=EDGE_CURVE('',#2403,#2405,#2406,.T.);
#2173=EDGE_CURVE('',#2405,#2407,#2408,.T.);
#2174=EDGE_CURVE('',#2407,#2409,#2410,.T.);
#2175=EDGE_CURVE('',#2409,#2411,#2412,.T.);
#2176=EDGE_CURVE('',#2411,#2413,#2414,.T.);
#2177=EDGE_CURVE('',#2413,#2415,#2416,.T.);
#2178=EDGE_CURVE('',#2415,#2417,#2418,.F.);
#2179=EDGE_CURVE('',#2417,#2419,#2420,.F.);
#2180=EDGE_CURVE('',#2419,#2421,#2422,.F.);
#2181=EDGE_CURVE('',#2421,#2423,#2424,.T.);
#2182=EDGE_CURVE('',#2423,#2425,#2426,.F.);
#2183=EDGE_CURVE('',#2425,#2427,#2428,.F.);
#2184=EDGE_CURVE('',#2427,#2429,#2430,.F.);
#2185=EDGE_CURVE('',#2429,#2431,#2432,.T.);
#2186=EDGE_CURVE('',#2431,#2358,#2433,.F.);
#2187=EDGE_CURVE('',#2343,#2434,#2435,.F.);
#2188=EDGE_CURVE('',#2434,#2436,#2437,.F.);
#2189=EDGE_CURVE('',#2436,#2350,#2438,.F.);
#2190=EDGE_CURVE('',#2355,#2345,#2439,.F.);
#2191=EDGE_CURVE('',#2440,#2441,#2442,.F.);
#2192=EDGE_CURVE('',#2441,#2443,#2444,.F.);
#2193=EDGE_CURVE('',#2443,#2445,#2446,.F.);
#2194=EDGE_CURVE('',#2445,#2447,#2448,.F.);
#2195=EDGE_CURVE('',#2447,#2449,#2450,.F.);
#2196=EDGE_CURVE('',#2449,#2440,#2451,.F.);
#2197=EDGE_CURVE('',#2452,#2452,#2453,.F.);
#2198=EDGE_CURVE('',#2454,#2454,#2455,.F.);
#2199=EDGE_CURVE('',#2456,#2456,#2457,.F.);
#2200=EDGE_CURVE('',#2458,#2458,#2459,.F.);
#2201=EDGE_CURVE('',#2460,#2460,#2461,.F.);
#2202=EDGE_CURVE('',#2462,#2462,#2463,.F.);
#2203=EDGE_CURVE('',#2464,#2464,#2465,.F.);
#2204=EDGE_CURVE('',#2466,#2466,#2467,.F.);
#2205=EDGE_CURVE('',#2468,#2469,#2470,.F.);
#2206=EDGE_CURVE('',#2469,#2471,#2472,.F.);
#2207=EDGE_CURVE('',#2471,#2473,#2474,.F.);
#2208=EDGE_CURVE('',#2473,#2475,#2476,.F.);
#2209=EDGE_CURVE('',#2475,#2477,#2478,.F.);
#2210=EDGE_CURVE('',#2477,#2468,#2479,.F.);
#2211=EDGE_CURVE('',#2480,#2481,#2482,.T.);
#2212=EDGE_CURVE('',#2481,#2483,#2484,.T.);
#2213=EDGE_CURVE('',#2485,#2483,#2486,.T.);
#2214=EDGE_CURVE('',#2485,#2487,#2488,.T.);
#2215=EDGE_CURVE('',#2487,#2489,#2490,.T.);
#2216=EDGE_CURVE('',#2489,#2491,#2492,.T.);
#2217=EDGE_CURVE('',#2493,#2491,#2494,.T.);
#2218=EDGE_CURVE('',#2493,#2495,#2496,.T.);
#2219=EDGE_CURVE('',#2495,#2497,#2498,.T.);
#2220=EDGE_CURVE('',#2497,#2499,#2500,.T.);
#2221=EDGE_CURVE('',#2501,#2499,#2502,.T.);
#2222=EDGE_CURVE('',#2503,#2501,#2504,.T.);
#2223=EDGE_CURVE('',#2505,#2503,#2506,.T.);
#2224=EDGE_CURVE('',#2507,#2505,#2508,.T.);
#2225=EDGE_CURVE('',#2509,#2507,#2510,.T.);
#2226=EDGE_CURVE('',#2511,#2509,#2512,.T.);
#2227=EDGE_CURVE('',#2513,#2511,#2514,.T.);
#2228=EDGE_CURVE('',#2515,#2513,#2516,.T.);
#2229=EDGE_CURVE('',#2515,#2517,#2518,.T.);
#2230=EDGE_CURVE('',#2517,#2519,#2520,.T.);
#2231=EDGE_CURVE('',#2519,#2521,#2522,.T.);
#2232=EDGE_CURVE('',#2523,#2521,#2524,.T.);
#2233=EDGE_CURVE('',#2523,#2525,#2526,.T.);
#2234=EDGE_CURVE('',#2525,#2527,#2528,.T.);
#2235=EDGE_CURVE('',#2527,#2529,#2530,.T.);
#2236=EDGE_CURVE('',#2531,#2529,#2532,.T.);
#2237=EDGE_CURVE('',#2531,#2533,#2534,.T.);
#2238=EDGE_CURVE('',#2533,#2535,#2536,.T.);
#2239=EDGE_CURVE('',#2535,#2537,#2538,.T.);
#2240=EDGE_CURVE('',#2539,#2537,#2540,.T.);
#2241=EDGE_CURVE('',#2541,#2539,#2542,.T.);
#2242=EDGE_CURVE('',#2543,#2541,#2544,.T.);
#2243=EDGE_CURVE('',#2545,#2543,#2546,.T.);
#2244=EDGE_CURVE('',#2547,#2545,#2548,.T.);
#2245=EDGE_CURVE('',#2549,#2547,#2550,.T.);
#2246=EDGE_CURVE('',#2551,#2549,#2552,.T.);
#2247=EDGE_CURVE('',#2553,#2551,#2554,.T.);
#2248=EDGE_CURVE('',#2553,#2480,#2555,.T.);
#2249=EDGE_CURVE('',#2556,#2342,#2557,.T.);
#2250=EDGE_CURVE('',#2347,#2353,#2558,.T.);
#2251=EDGE_CURVE('',#2351,#2559,#2560,.T.);
#2252=EDGE_CURVE('',#2559,#2556,#2561,.T.);
#2253=EDGE_CURVE('',#2562,#2563,#2564,.T.);
#2254=EDGE_CURVE('',#2563,#2565,#2566,.T.);
#2255=EDGE_CURVE('',#2565,#2567,#2568,.T.);
#2256=EDGE_CURVE('',#2567,#2569,#2570,.T.);
#2257=EDGE_CURVE('',#2569,#2571,#2572,.T.);
#2258=EDGE_CURVE('',#2571,#2562,#2573,.T.);
#2259=EDGE_CURVE('',#2574,#2574,#2575,.T.);
#2260=EDGE_CURVE('',#2576,#2576,#2577,.T.);
#2261=EDGE_CURVE('',#2578,#2578,#2579,.T.);
#2262=EDGE_CURVE('',#2580,#2580,#2581,.T.);
#2263=EDGE_CURVE('',#2582,#2582,#2583,.T.);
#2264=EDGE_CURVE('',#2584,#2584,#2585,.T.);
#2265=EDGE_CURVE('',#2586,#2586,#2587,.T.);
#2266=EDGE_CURVE('',#2588,#2588,#2589,.T.);
#2267=EDGE_CURVE('',#2590,#2591,#2592,.T.);
#2268=EDGE_CURVE('',#2591,#2593,#2594,.T.);
#2269=EDGE_CURVE('',#2593,#2595,#2596,.T.);
#2270=EDGE_CURVE('',#2595,#2597,#2598,.T.);
#2271=EDGE_CURVE('',#2597,#2599,#2600,.T.);
#2272=EDGE_CURVE('',#2599,#2590,#2601,.T.);
#2273=EDGE_CURVE('',#2483,#2431,#2602,.F.);
#2274=EDGE_CURVE('',#2429,#2485,#2603,.F.);
#2275=EDGE_CURVE('',#2361,#2553,#2604,.F.);
#2276=EDGE_CURVE('',#2551,#2363,#2605,.T.);
#2277=EDGE_CURVE('',#2480,#2359,#2606,.T.);
#2278=EDGE_CURVE('',#2481,#2358,#2607,.T.);
#2279=EDGE_CURVE('',#2559,#2436,#2608,.T.);
#2280=EDGE_CURVE('',#2556,#2434,#2609,.T.);
#2281=EDGE_CURVE('',#2549,#2365,#2610,.T.);
#2282=EDGE_CURVE('',#2547,#2367,#2611,.T.);
#2283=EDGE_CURVE('',#2369,#2545,#2612,.F.);
#2284=EDGE_CURVE('',#2543,#2371,#2613,.T.);
#2285=EDGE_CURVE('',#2541,#2373,#2614,.T.);
#2286=EDGE_CURVE('',#2539,#2375,#2615,.T.);
#2287=EDGE_CURVE('',#2537,#2377,#2616,.F.);
#2288=EDGE_CURVE('',#2535,#2379,#2617,.T.);
#2289=EDGE_CURVE('',#2533,#2381,#2618,.T.);
#2290=EDGE_CURVE('',#2383,#2531,#2619,.F.);
#2291=EDGE_CURVE('',#2529,#2385,#2620,.F.);
#2292=EDGE_CURVE('',#2527,#2387,#2621,.T.);
#2293=EDGE_CURVE('',#2525,#2389,#2622,.T.);
#2294=EDGE_CURVE('',#2391,#2523,#2623,.F.);
#2295=EDGE_CURVE('',#2521,#2393,#2624,.F.);
#2296=EDGE_CURVE('',#2519,#2395,#2625,.T.);
#2297=EDGE_CURVE('',#2517,#2397,#2626,.T.);
#2298=EDGE_CURVE('',#2399,#2515,#2627,.F.);
#2299=EDGE_CURVE('',#2513,#2401,#2628,.T.);
#2300=EDGE_CURVE('',#2511,#2403,#2629,.T.);
#2301=EDGE_CURVE('',#2509,#2405,#2630,.T.);
#2302=EDGE_CURVE('',#2507,#2407,#2631,.T.);
#2303=EDGE_CURVE('',#2505,#2409,#2632,.T.);
#2304=EDGE_CURVE('',#2503,#2411,#2633,.T.);
#2305=EDGE_CURVE('',#2501,#2413,#2634,.T.);
#2306=EDGE_CURVE('',#2499,#2415,#2635,.F.);
#2307=EDGE_CURVE('',#2497,#2417,#2636,.T.);
#2308=EDGE_CURVE('',#2495,#2419,#2637,.T.);
#2309=EDGE_CURVE('',#2421,#2493,#2638,.F.);
#2310=EDGE_CURVE('',#2491,#2423,#2639,.F.);
#2311=EDGE_CURVE('',#2489,#2425,#2640,.T.);
#2312=EDGE_CURVE('',#2487,#2427,#2641,.T.);
#2313=EDGE_CURVE('',#2562,#2441,#2642,.T.);
#2314=EDGE_CURVE('',#2563,#2440,#2643,.T.);
#2315=EDGE_CURVE('',#2443,#2571,#2644,.T.);
#2316=EDGE_CURVE('',#2569,#2445,#2645,.T.);
#2317=EDGE_CURVE('',#2567,#2447,#2646,.T.);
#2318=EDGE_CURVE('',#2565,#2449,#2647,.T.);
#2319=EDGE_CURVE('',#2591,#2468,#2648,.T.);
#2320=EDGE_CURVE('',#2590,#2469,#2649,.T.);
#2321=EDGE_CURVE('',#2599,#2471,#2650,.T.);
#2322=EDGE_CURVE('',#2473,#2597,#2651,.F.);
#2323=EDGE_CURVE('',#2595,#2475,#2652,.T.);
#2324=EDGE_CURVE('',#2593,#2477,#2653,.T.);
#2325=EDGE_CURVE('',#2654,#2654,#2655,.T.);
#2326=EDGE_CURVE('',#2656,#2656,#2657,.T.);
#2327=EDGE_CURVE('',#2658,#2658,#2659,.T.);
#2328=EDGE_CURVE('',#2660,#2660,#2661,.T.);
#2329=EDGE_CURVE('',#2662,#2662,#2663,.T.);
#2330=EDGE_CURVE('',#2664,#2664,#2665,.T.);
#2331=EDGE_CURVE('',#2666,#2666,#2667,.T.);
#2332=EDGE_CURVE('',#2668,#2668,#2669,.T.);
#2333=EDGE_CURVE('',#2670,#2670,#2671,.T.);
#2334=EDGE_CURVE('',#2672,#2672,#2673,.T.);
#2335=EDGE_CURVE('',#2674,#2674,#2675,.T.);
#2336=EDGE_CURVE('',#2676,#2676,#2677,.T.);
#2337=EDGE_CURVE('',#2678,#2678,#2679,.T.);
#2338=EDGE_CURVE('',#2680,#2680,#2681,.T.);
#2339=EDGE_CURVE('',#2682,#2682,#2683,.T.);
#2340=EDGE_CURVE('',#2684,#2684,#2685,.T.);
#2341=EDGE_CURVE('',#2686,#2686,#2687,.T.);
#2342=VERTEX_POINT('',#2688);
#2343=VERTEX_POINT('',#2689);
#2344=LINE('',#2690,#2691);
#2345=VERTEX_POINT('',#2693);
#2346=LINE('',#2694,#2695);
#2347=VERTEX_POINT('',#2697);
#2348=LINE('',#2698,#2699);
#2349=LINE('',#2701,#2702);
#2350=VERTEX_POINT('',#2704);
#2351=VERTEX_POINT('',#2705);
#2352=LINE('',#2706,#2707);
#2353=VERTEX_POINT('',#2709);
#2354=LINE('',#2710,#2711);
#2355=VERTEX_POINT('',#2713);
#2356=LINE('',#2714,#2715);
#2357=LINE('',#2717,#2718);
#2358=VERTEX_POINT('',#2720);
#2359=VERTEX_POINT('',#2721);
#2360=CIRCLE('',#2722,0.03);
#2361=VERTEX_POINT('',#2726);
#2362=LINE('',#2727,#2728);
#2363=VERTEX_POINT('',#2730);
#2364=LINE('',#2731,#2732);
#2365=VERTEX_POINT('',#2734);
#2366=LINE('',#2735,#2736);
#2367=VERTEX_POINT('',#2738);
#2368=LINE('',#2739,#2740);
#2369=VERTEX_POINT('',#2742);
#2370=LINE('',#2743,#2744);
#2371=VERTEX_POINT('',#2746);
#2372=LINE('',#2747,#2748);
#2373=VERTEX_POINT('',#2750);
#2374=LINE('',#2751,#2752);
#2375=VERTEX_POINT('',#2754);
#2376=LINE('',#2755,#2756);
#2377=VERTEX_POINT('',#2758);
#2378=LINE('',#2759,#2760);
#2379=VERTEX_POINT('',#2762);
#2380=LINE('',#2763,#2764);
#2381=VERTEX_POINT('',#2766);
#2382=CIRCLE('',#2767,0.03);
#2383=VERTEX_POINT('',#2771);
#2384=LINE('',#2772,#2773);
#2385=VERTEX_POINT('',#2775);
#2386=LINE('',#2776,#2777);
#2387=VERTEX_POINT('',#2779);
#2388=LINE('',#2780,#2781);
#2389=VERTEX_POINT('',#2783);
#2390=CIRCLE('',#2784,0.03);
#2391=VERTEX_POINT('',#2788);
#2392=LINE('',#2789,#2790);
#2393=VERTEX_POINT('',#2792);
#2394=LINE('',#2793,#2794);
#2395=VERTEX_POINT('',#2796);
#2396=LINE('',#2797,#2798);
#2397=VERTEX_POINT('',#2800);
#2398=CIRCLE('',#2801,0.03);
#2399=VERTEX_POINT('',#2805);
#2400=LINE('',#2806,#2807);
#2401=VERTEX_POINT('',#2809);
#2402=LINE('',#2810,#2811);
#2403=VERTEX_POINT('',#2813);
#2404=LINE('',#2814,#2815);
#2405=VERTEX_POINT('',#2817);
#2406=LINE('',#2818,#2819);
#2407=VERTEX_POINT('',#2821);
#2408=LINE('',#2822,#2823);
#2409=VERTEX_POINT('',#2825);
#2410=LINE('',#2826,#2827);
#2411=VERTEX_POINT('',#2829);
#2412=LINE('',#2830,#2831);
#2413=VERTEX_POINT('',#2833);
#2414=LINE('',#2834,#2835);
#2415=VERTEX_POINT('',#2837);
#2416=LINE('',#2838,#2839);
#2417=VERTEX_POINT('',#2841);
#2418=LINE('',#2842,#2843);
#2419=VERTEX_POINT('',#2845);
#2420=CIRCLE('',#2846,0.03);
#2421=VERTEX_POINT('',#2850);
#2422=LINE('',#2851,#2852);
#2423=VERTEX_POINT('',#2854);
#2424=LINE('',#2855,#2856);
#2425=VERTEX_POINT('',#2858);
#2426=LINE('',#2859,#2860);
#2427=VERTEX_POINT('',#2862);
#2428=CIRCLE('',#2863,0.03);
#2429=VERTEX_POINT('',#2867);
#2430=LINE('',#2868,#2869);
#2431=VERTEX_POINT('',#2871);
#2432=LINE('',#2872,#2873);
#2433=LINE('',#2875,#2876);
#2434=VERTEX_POINT('',#2878);
#2435=LINE('',#2879,#2880);
#2436=VERTEX_POINT('',#2882);
#2437=CIRCLE('',#2883,0.03);
#2438=LINE('',#2887,#2888);
#2439=CIRCLE('',#2890,0.03);
#2440=VERTEX_POINT('',#2894);
#2441=VERTEX_POINT('',#2895);
#2442=CIRCLE('',#2896,0.03);
#2443=VERTEX_POINT('',#2900);
#2444=LINE('',#2901,#2902);
#2445=VERTEX_POINT('',#2904);
#2446=LINE('',#2905,#2906);
#2447=VERTEX_POINT('',#2908);
#2448=CIRCLE('',#2909,0.03);
#2449=VERTEX_POINT('',#2913);
#2450=LINE('',#2914,#2915);
#2451=LINE('',#2917,#2918);
#2452=VERTEX_POINT('',#2920);
#2453=CIRCLE('',#2921,0.66);
#2454=VERTEX_POINT('',#2925);
#2455=CIRCLE('',#2926,0.66);
#2456=VERTEX_POINT('',#2930);
#2457=CIRCLE('',#2931,0.66);
#2458=VERTEX_POINT('',#2935);
#2459=CIRCLE('',#2936,0.66);
#2460=VERTEX_POINT('',#2940);
#2461=CIRCLE('',#2941,0.66);
#2462=VERTEX_POINT('',#2945);
#2463=CIRCLE('',#2946,0.66);
#2464=VERTEX_POINT('',#2950);
#2465=CIRCLE('',#2951,0.66);
#2466=VERTEX_POINT('',#2955);
#2467=CIRCLE('',#2956,0.66);
#2468=VERTEX_POINT('',#2960);
#2469=VERTEX_POINT('',#2961);
#2470=LINE('',#2962,#2963);
#2471=VERTEX_POINT('',#2965);
#2472=CIRCLE('',#2966,0.03);
#2473=VERTEX_POINT('',#2970);
#2474=LINE('',#2971,#2972);
#2475=VERTEX_POINT('',#2974);
#2476=LINE('',#2975,#2976);
#2477=VERTEX_POINT('',#2978);
#2478=CIRCLE('',#2979,0.03);
#2479=LINE('',#2983,#2984);
#2480=VERTEX_POINT('',#2986);
#2481=VERTEX_POINT('',#2987);
#2482=CIRCLE('',#2988,0.03);
#2483=VERTEX_POINT('',#2992);
#2484=LINE('',#2993,#2994);
#2485=VERTEX_POINT('',#2996);
#2486=LINE('',#2997,#2998);
#2487=VERTEX_POINT('',#3000);
#2488=LINE('',#3001,#3002);
#2489=VERTEX_POINT('',#3004);
#2490=CIRCLE('',#3005,0.03);
#2491=VERTEX_POINT('',#3009);
#2492=LINE('',#3010,#3011);
#2493=VERTEX_POINT('',#3013);
#2494=LINE('',#3014,#3015);
#2495=VERTEX_POINT('',#3017);
#2496=LINE('',#3018,#3019);
#2497=VERTEX_POINT('',#3021);
#2498=CIRCLE('',#3022,0.03);
#2499=VERTEX_POINT('',#3026);
#2500=LINE('',#3027,#3028);
#2501=VERTEX_POINT('',#3030);
#2502=LINE('',#3031,#3032);
#2503=VERTEX_POINT('',#3034);
#2504=LINE('',#3035,#3036);
#2505=VERTEX_POINT('',#3038);
#2506=LINE('',#3039,#3040);
#2507=VERTEX_POINT('',#3042);
#2508=LINE('',#3043,#3044);
#2509=VERTEX_POINT('',#3046);
#2510=LINE('',#3047,#3048);
#2511=VERTEX_POINT('',#3050);
#2512=LINE('',#3051,#3052);
#2513=VERTEX_POINT('',#3054);
#2514=LINE('',#3055,#3056);
#2515=VERTEX_POINT('',#3058);
#2516=LINE('',#3059,#3060);
#2517=VERTEX_POINT('',#3062);
#2518=LINE('',#3063,#3064);
#2519=VERTEX_POINT('',#3066);
#2520=CIRCLE('',#3067,0.03);
#2521=VERTEX_POINT('',#3071);
#2522=LINE('',#3072,#3073);
#2523=VERTEX_POINT('',#3075);
#2524=LINE('',#3076,#3077);
#2525=VERTEX_POINT('',#3079);
#2526=LINE('',#3080,#3081);
#2527=VERTEX_POINT('',#3083);
#2528=CIRCLE('',#3084,0.03);
#2529=VERTEX_POINT('',#3088);
#2530=LINE('',#3089,#3090);
#2531=VERTEX_POINT('',#3092);
#2532=LINE('',#3093,#3094);
#2533=VERTEX_POINT('',#3096);
#2534=LINE('',#3097,#3098);
#2535=VERTEX_POINT('',#3100);
#2536=CIRCLE('',#3101,0.03);
#2537=VERTEX_POINT('',#3105);
#2538=LINE('',#3106,#3107);
#2539=VERTEX_POINT('',#3109);
#2540=LINE('',#3110,#3111);
#2541=VERTEX_POINT('',#3113);
#2542=LINE('',#3114,#3115);
#2543=VERTEX_POINT('',#3117);
#2544=LINE('',#3118,#3119);
#2545=VERTEX_POINT('',#3121);
#2546=LINE('',#3122,#3123);
#2547=VERTEX_POINT('',#3125);
#2548=LINE('',#3126,#3127);
#2549=VERTEX_POINT('',#3129);
#2550=LINE('',#3130,#3131);
#2551=VERTEX_POINT('',#3133);
#2552=LINE('',#3134,#3135);
#2553=VERTEX_POINT('',#3137);
#2554=LINE('',#3138,#3139);
#2555=LINE('',#3141,#3142);
#2556=VERTEX_POINT('',#3144);
#2557=LINE('',#3145,#3146);
#2558=CIRCLE('',#3148,0.03);
#2559=VERTEX_POINT('',#3152);
#2560=LINE('',#3153,#3154);
#2561=CIRCLE('',#3156,0.03);
#2562=VERTEX_POINT('',#3160);
#2563=VERTEX_POINT('',#3161);
#2564=CIRCLE('',#3162,0.03);
#2565=VERTEX_POINT('',#3166);
#2566=LINE('',#3167,#3168);
#2567=VERTEX_POINT('',#3170);
#2568=LINE('',#3171,#3172);
#2569=VERTEX_POINT('',#3174);
#2570=CIRCLE('',#3175,0.03);
#2571=VERTEX_POINT('',#3179);
#2572=LINE('',#3180,#3181);
#2573=LINE('',#3183,#3184);
#2574=VERTEX_POINT('',#3186);
#2575=CIRCLE('',#3187,0.66);
#2576=VERTEX_POINT('',#3191);
#2577=CIRCLE('',#3192,0.66);
#2578=VERTEX_POINT('',#3196);
#2579=CIRCLE('',#3197,0.66);
#2580=VERTEX_POINT('',#3201);
#2581=CIRCLE('',#3202,0.66);
#2582=VERTEX_POINT('',#3206);
#2583=CIRCLE('',#3207,0.66);
#2584=VERTEX_POINT('',#3211);
#2585=CIRCLE('',#3212,0.66);
#2586=VERTEX_POINT('',#3216);
#2587=CIRCLE('',#3217,0.66);
#2588=VERTEX_POINT('',#3221);
#2589=CIRCLE('',#3222,0.66);
#2590=VERTEX_POINT('',#3226);
#2591=VERTEX_POINT('',#3227);
#2592=LINE('',#3228,#3229);
#2593=VERTEX_POINT('',#3231);
#2594=LINE('',#3232,#3233);
#2595=VERTEX_POINT('',#3235);
#2596=CIRCLE('',#3236,0.03);
#2597=VERTEX_POINT('',#3240);
#2598=LINE('',#3241,#3242);
#2599=VERTEX_POINT('',#3244);
#2600=LINE('',#3245,#3246);
#2601=CIRCLE('',#3248,0.03);
#2602=LINE('',#3252,#3253);
#2603=LINE('',#3255,#3256);
#2604=LINE('',#3258,#3259);
#2605=LINE('',#3261,#3262);
#2606=LINE('',#3264,#3265);
#2607=LINE('',#3267,#3268);
#2608=LINE('',#3270,#3271);
#2609=LINE('',#3273,#3274);
#2610=LINE('',#3276,#3277);
#2611=LINE('',#3279,#3280);
#2612=LINE('',#3282,#3283);
#2613=LINE('',#3285,#3286);
#2614=LINE('',#3288,#3289);
#2615=LINE('',#3291,#3292);
#2616=LINE('',#3294,#3295);
#2617=LINE('',#3297,#3298);
#2618=LINE('',#3300,#3301);
#2619=LINE('',#3303,#3304);
#2620=LINE('',#3306,#3307);
#2621=LINE('',#3309,#3310);
#2622=LINE('',#3312,#3313);
#2623=LINE('',#3315,#3316);
#2624=LINE('',#3318,#3319);
#2625=LINE('',#3321,#3322);
#2626=LINE('',#3324,#3325);
#2627=LINE('',#3327,#3328);
#2628=LINE('',#3330,#3331);
#2629=LINE('',#3333,#3334);
#2630=LINE('',#3336,#3337);
#2631=LINE('',#3339,#3340);
#2632=LINE('',#3342,#3343);
#2633=LINE('',#3345,#3346);
#2634=LINE('',#3348,#3349);
#2635=LINE('',#3351,#3352);
#2636=LINE('',#3354,#3355);
#2637=LINE('',#3357,#3358);
#2638=LINE('',#3360,#3361);
#2639=LINE('',#3363,#3364);
#2640=LINE('',#3366,#3367);
#2641=LINE('',#3369,#3370);
#2642=LINE('',#3372,#3373);
#2643=LINE('',#3375,#3376);
#2644=LINE('',#3378,#3379);
#2645=LINE('',#3381,#3382);
#2646=LINE('',#3384,#3385);
#2647=LINE('',#3387,#3388);
#2648=LINE('',#3390,#3391);
#2649=LINE('',#3393,#3394);
#2650=LINE('',#3396,#3397);
#2651=LINE('',#3399,#3400);
#2652=LINE('',#3402,#3403);
#2653=LINE('',#3405,#3406);
#2654=VERTEX_POINT('',#3408);
#2655=CIRCLE('',#3409,0.1275);
#2656=VERTEX_POINT('',#3413);
#2657=CIRCLE('',#3414,0.255);
#2658=VERTEX_POINT('',#3418);
#2659=CIRCLE('',#3419,0.255);
#2660=VERTEX_POINT('',#3423);
#2661=CIRCLE('',#3424,0.66);
#2662=VERTEX_POINT('',#3428);
#2663=CIRCLE('',#3429,0.66);
#2664=VERTEX_POINT('',#3433);
#2665=CIRCLE('',#3434,0.810000000000001);
#2666=VERTEX_POINT('',#3438);
#2667=CIRCLE('',#3439,0.659999999999999);
#2668=VERTEX_POINT('',#3443);
#2669=CIRCLE('',#3444,0.66);
#2670=VERTEX_POINT('',#3448);
#2671=CIRCLE('',#3449,0.915);
#2672=VERTEX_POINT('',#3453);
#2673=CIRCLE('',#3454,0.915);
#2674=VERTEX_POINT('',#3458);
#2675=CIRCLE('',#3459,0.609191070866214);
#2676=VERTEX_POINT('',#3463);
#2677=CIRCLE('',#3464,0.5);
#2678=VERTEX_POINT('',#3468);
#2679=CIRCLE('',#3469,0.5);
#2680=VERTEX_POINT('',#3473);
#2681=CIRCLE('',#3474,0.225);
#2682=VERTEX_POINT('',#3478);
#2683=CIRCLE('',#3479,0.5);
#2684=VERTEX_POINT('',#3483);
#2685=CIRCLE('',#3484,0.5);
#2686=VERTEX_POINT('',#3488);
#2687=CIRCLE('',#3489,0.03);
#2688=CARTESIAN_POINT('',(6.50900440526804,1.27,1.57));
#2689=CARTESIAN_POINT('',(6.50900440526804,1.27,2.84));
#2690=CARTESIAN_POINT('',(6.50900440526804,1.27,1.57));
#2691=VECTOR('',#2692,1.);
#2692=DIRECTION('',(0.,0.,1.));
#2693=CARTESIAN_POINT('',(6.37718923360911,1.55267854785648,2.84));
#2694=CARTESIAN_POINT('',(6.50900440526804,1.27,2.84));
#2695=VECTOR('',#2696,1.);
#2696=DIRECTION('',(-0.422618261733636,0.906307787039943,0.));
#2697=CARTESIAN_POINT('',(6.37718923360911,1.55267854785648,1.57));
#2698=CARTESIAN_POINT('',(6.37718923360911,1.55267854785648,1.57));
#2699=VECTOR('',#2700,1.);
#2700=DIRECTION('',(0.,0.,1.));
#2701=CARTESIAN_POINT('',(6.50900440526804,1.27,1.57));
#2702=VECTOR('',#2703,1.);
#2703=DIRECTION('',(-0.422618261733636,0.906307787039943,0.));
#2704=CARTESIAN_POINT('',(6.19099559473196,1.27,2.84));
#2705=CARTESIAN_POINT('',(6.19099559473196,1.27,1.57));
#2706=CARTESIAN_POINT('',(6.19099559473196,1.27,1.57));
#2707=VECTOR('',#2708,1.);
#2708=DIRECTION('',(0.,0.,1.));
#2709=CARTESIAN_POINT('',(6.32281076638794,1.55267854785015,1.57));
#2710=CARTESIAN_POINT('',(6.32281076638794,1.55267854785015,1.57));
#2711=VECTOR('',#2712,1.);
#2712=DIRECTION('',(-0.422618261733638,-0.906307787039943,0.));
#2713=CARTESIAN_POINT('',(6.32281076638794,1.55267854785015,2.84));
#2714=CARTESIAN_POINT('',(6.32281076638794,1.55267854785015,1.57));
#2715=VECTOR('',#2716,1.);
#2716=DIRECTION('',(0.,0.,1.));
#2717=CARTESIAN_POINT('',(6.32281076638794,1.55267854785015,2.84));
#2718=VECTOR('',#2719,1.);
#2719=DIRECTION('',(-0.422618261733638,-0.906307787039943,0.));
#2720=CARTESIAN_POINT('',(6.32281076638794,-0.987321452149846,2.84));
#2721=CARTESIAN_POINT('',(6.37718923360911,-0.987321452143519,2.84));
#2722=AXIS2_PLACEMENT_3D('',#2723,#2724,#2725);
#2723=CARTESIAN_POINT('',(6.35,-1.,2.84));
#2724=DIRECTION('',(0.,-0.,1.));
#2725=DIRECTION('',(0.906307786970438,0.422618261882691,0.));
#2726=CARTESIAN_POINT('',(6.50900440526804,-1.27,2.84));
#2727=CARTESIAN_POINT('',(6.50900440526804,-1.27,2.84));
#2728=VECTOR('',#2729,1.);
#2729=DIRECTION('',(-0.422618261733636,0.906307787039943,0.));
#2730=CARTESIAN_POINT('',(8.8651077025535,-1.27,2.84));
#2731=CARTESIAN_POINT('',(6.50900440526804,-1.27,2.84));
#2732=VECTOR('',#2733,1.);
#2733=DIRECTION('',(1.,0.,-1.88484609465855E-016));
#2734=CARTESIAN_POINT('',(9.005,-0.97,2.84));
#2735=CARTESIAN_POINT('',(8.8651077025535,-1.27,2.84));
#2736=VECTOR('',#2737,1.);
#2737=DIRECTION('',(0.422618261740694,0.906307787036652,0.));
#2738=CARTESIAN_POINT('',(9.005,0.970000000000001,2.84));
#2739=CARTESIAN_POINT('',(9.005,-0.97,2.84));
#2740=VECTOR('',#2741,1.);
#2741=DIRECTION('',(0.,1.,0.));
#2742=CARTESIAN_POINT('',(8.8651077025535,1.27,2.84));
#2743=CARTESIAN_POINT('',(9.005,0.970000000000001,2.84));
#2744=VECTOR('',#2745,1.);
#2745=DIRECTION('',(-0.422618261740695,0.906307787036652,0.));
#2746=CARTESIAN_POINT('',(9.005,1.57,2.84));
#2747=CARTESIAN_POINT('',(8.8651077025535,1.27,2.84));
#2748=VECTOR('',#2749,1.);
#2749=DIRECTION('',(0.422618261740694,0.906307787036652,0.));
#2750=CARTESIAN_POINT('',(9.005,3.51,2.84));
#2751=CARTESIAN_POINT('',(9.005,1.57,2.84));
#2752=VECTOR('',#2753,1.);
#2753=DIRECTION('',(0.,1.,0.));
#2754=CARTESIAN_POINT('',(8.8651077025535,3.81,2.84));
#2755=CARTESIAN_POINT('',(9.005,3.51,2.84));
#2756=VECTOR('',#2757,1.);
#2757=DIRECTION('',(-0.422618261740695,0.906307787036652,0.));
#2758=CARTESIAN_POINT('',(6.50900440527185,3.81,2.84));
#2759=CARTESIAN_POINT('',(8.8651077025535,3.81,2.84));
#2760=VECTOR('',#2761,1.);
#2761=DIRECTION('',(-1.,0.,0.));
#2762=CARTESIAN_POINT('',(6.37718923361106,3.52732145214769,2.84));
#2763=CARTESIAN_POINT('',(6.37718923361106,3.52732145214769,2.84));
#2764=VECTOR('',#2765,1.);
#2765=DIRECTION('',(0.422618261743663,0.906307787035268,0.));
#2766=CARTESIAN_POINT('',(6.32281076638894,3.52732145214769,2.84));
#2767=AXIS2_PLACEMENT_3D('',#2768,#2769,#2770);
#2768=CARTESIAN_POINT('',(6.35,3.54,2.84));
#2769=DIRECTION('',(-0.,0.,1.));
#2770=DIRECTION('',(-0.906307787035287,-0.422618261743623,0.));
#2771=CARTESIAN_POINT('',(6.19099559472815,3.81,2.84));
#2772=CARTESIAN_POINT('',(6.19099559472815,3.81,2.84));
#2773=VECTOR('',#2774,1.);
#2774=DIRECTION('',(0.422618261743667,-0.906307787035266,0.));
#2775=CARTESIAN_POINT('',(3.96900440527185,3.81,2.84));
#2776=CARTESIAN_POINT('',(6.19099559472815,3.81,2.84));
#2777=VECTOR('',#2778,1.);
#2778=DIRECTION('',(-1.,0.,0.));
#2779=CARTESIAN_POINT('',(3.83718923361106,3.52732145214769,2.84));
#2780=CARTESIAN_POINT('',(3.83718923361106,3.52732145214769,2.84));
#2781=VECTOR('',#2782,1.);
#2782=DIRECTION('',(0.422618261743663,0.906307787035268,0.));
#2783=CARTESIAN_POINT('',(3.78281076638894,3.52732145214769,2.84));
#2784=AXIS2_PLACEMENT_3D('',#2785,#2786,#2787);
#2785=CARTESIAN_POINT('',(3.81,3.54,2.84));
#2786=DIRECTION('',(-0.,0.,1.));
#2787=DIRECTION('',(-0.906307787035287,-0.422618261743623,0.));
#2788=CARTESIAN_POINT('',(3.65099559472815,3.81,2.84));
#2789=CARTESIAN_POINT('',(3.65099559472815,3.81,2.84));
#2790=VECTOR('',#2791,1.);
#2791=DIRECTION('',(0.422618261743667,-0.906307787035266,0.));
#2792=CARTESIAN_POINT('',(1.42900440527185,3.81,2.84));
#2793=CARTESIAN_POINT('',(3.65099559472815,3.81,2.84));
#2794=VECTOR('',#2795,1.);
#2795=DIRECTION('',(-1.,0.,-1.99860922922348E-016));
#2796=CARTESIAN_POINT('',(1.29718923361106,3.52732145214769,2.84));
#2797=CARTESIAN_POINT('',(1.29718923361106,3.52732145214769,2.84));
#2798=VECTOR('',#2799,1.);
#2799=DIRECTION('',(0.422618261743663,0.906307787035268,0.));
#2800=CARTESIAN_POINT('',(1.24281076638894,3.52732145214769,2.84));
#2801=AXIS2_PLACEMENT_3D('',#2802,#2803,#2804);
#2802=CARTESIAN_POINT('',(1.27,3.54,2.84));
#2803=DIRECTION('',(-0.,0.,1.));
#2804=DIRECTION('',(-0.906307787035288,-0.42261826174362,0.));
#2805=CARTESIAN_POINT('',(1.11099559472815,3.81,2.84));
#2806=CARTESIAN_POINT('',(1.11099559472815,3.81,2.84));
#2807=VECTOR('',#2808,1.);
#2808=DIRECTION('',(0.422618261743666,-0.906307787035267,0.));
#2809=CARTESIAN_POINT('',(-1.2451077025535,3.81,2.84));
#2810=CARTESIAN_POINT('',(1.11099559472815,3.81,2.84));
#2811=VECTOR('',#2812,1.);
#2812=DIRECTION('',(-1.,0.,-1.88484609466159E-016));
#2813=CARTESIAN_POINT('',(-1.385,3.51,2.84));
#2814=CARTESIAN_POINT('',(-1.2451077025535,3.81,2.84));
#2815=VECTOR('',#2816,1.);
#2816=DIRECTION('',(-0.4226182617407,-0.90630778703665,0.));
#2817=CARTESIAN_POINT('',(-1.385,1.57,2.84));
#2818=CARTESIAN_POINT('',(-1.385,3.51,2.84));
#2819=VECTOR('',#2820,1.);
#2820=DIRECTION('',(-2.28911963840238E-016,-1.,0.));
#2821=CARTESIAN_POINT('',(-1.2451077025535,1.27,2.84));
#2822=CARTESIAN_POINT('',(-1.385,1.57,2.84));
#2823=VECTOR('',#2824,1.);
#2824=DIRECTION('',(0.422618261740699,-0.90630778703665,0.));
#2825=CARTESIAN_POINT('',(-1.385,0.970000000000001,2.84));
#2826=CARTESIAN_POINT('',(-1.2451077025535,1.27,2.84));
#2827=VECTOR('',#2828,1.);
#2828=DIRECTION('',(-0.4226182617407,-0.90630778703665,0.));
#2829=CARTESIAN_POINT('',(-1.385,-0.97,2.84));
#2830=CARTESIAN_POINT('',(-1.385,0.970000000000001,2.84));
#2831=VECTOR('',#2832,1.);
#2832=DIRECTION('',(-2.28911963840238E-016,-1.,0.));
#2833=CARTESIAN_POINT('',(-1.2451077025535,-1.27,2.84));
#2834=CARTESIAN_POINT('',(-1.385,-0.97,2.84));
#2835=VECTOR('',#2836,1.);
#2836=DIRECTION('',(0.422618261740699,-0.90630778703665,0.));
#2837=CARTESIAN_POINT('',(1.11099559473196,-1.27,2.84));
#2838=CARTESIAN_POINT('',(-1.2451077025535,-1.27,2.84));
#2839=VECTOR('',#2840,1.);
#2840=DIRECTION('',(1.,0.,1.88484609465855E-016));
#2841=CARTESIAN_POINT('',(1.24281076638794,-0.987321452149846,2.84));
#2842=CARTESIAN_POINT('',(1.24281076638794,-0.987321452149846,2.84));
#2843=VECTOR('',#2844,1.);
#2844=DIRECTION('',(-0.422618261733637,-0.906307787039943,0.));
#2845=CARTESIAN_POINT('',(1.29718923360911,-0.987321452143519,2.84));
#2846=AXIS2_PLACEMENT_3D('',#2847,#2848,#2849);
#2847=CARTESIAN_POINT('',(1.27,-1.,2.84));
#2848=DIRECTION('',(0.,-0.,1.));
#2849=DIRECTION('',(0.906307786970437,0.422618261882694,0.));
#2850=CARTESIAN_POINT('',(1.42900440526804,-1.27,2.84));
#2851=CARTESIAN_POINT('',(1.42900440526804,-1.27,2.84));
#2852=VECTOR('',#2853,1.);
#2853=DIRECTION('',(-0.422618261733638,0.906307787039943,0.));
#2854=CARTESIAN_POINT('',(3.65099559473196,-1.27,2.84));
#2855=CARTESIAN_POINT('',(1.42900440526804,-1.27,2.84));
#2856=VECTOR('',#2857,1.);
#2857=DIRECTION('',(1.,0.,0.));
#2858=CARTESIAN_POINT('',(3.78281076638794,-0.987321452149846,2.84));
#2859=CARTESIAN_POINT('',(3.78281076638794,-0.987321452149846,2.84));
#2860=VECTOR('',#2861,1.);
#2861=DIRECTION('',(-0.422618261733636,-0.906307787039944,0.));
#2862=CARTESIAN_POINT('',(3.83718923360911,-0.987321452143519,2.84));
#2863=AXIS2_PLACEMENT_3D('',#2864,#2865,#2866);
#2864=CARTESIAN_POINT('',(3.81,-1.,2.84));
#2865=DIRECTION('',(0.,-0.,1.));
#2866=DIRECTION('',(0.906307786970438,0.422618261882691,0.));
#2867=CARTESIAN_POINT('',(3.96900440526804,-1.27,2.84));
#2868=CARTESIAN_POINT('',(3.96900440526804,-1.27,2.84));
#2869=VECTOR('',#2870,1.);
#2870=DIRECTION('',(-0.422618261733638,0.906307787039943,0.));
#2871=CARTESIAN_POINT('',(6.19099559473196,-1.27,2.84));
#2872=CARTESIAN_POINT('',(3.96900440526804,-1.27,2.84));
#2873=VECTOR('',#2874,1.);
#2874=DIRECTION('',(1.,0.,0.));
#2875=CARTESIAN_POINT('',(6.32281076638794,-0.987321452149846,2.84));
#2876=VECTOR('',#2877,1.);
#2877=DIRECTION('',(-0.422618261733638,-0.906307787039943,0.));
#2878=CARTESIAN_POINT('',(6.37718923361106,0.987321452147693,2.84));
#2879=CARTESIAN_POINT('',(6.37718923361106,0.987321452147693,2.84));
#2880=VECTOR('',#2881,1.);
#2881=DIRECTION('',(0.422618261743662,0.906307787035268,0.));
#2882=CARTESIAN_POINT('',(6.32281076638894,0.987321452147693,2.84));
#2883=AXIS2_PLACEMENT_3D('',#2884,#2885,#2886);
#2884=CARTESIAN_POINT('',(6.35,1.,2.84));
#2885=DIRECTION('',(-0.,0.,1.));
#2886=DIRECTION('',(-0.906307787035284,-0.422618261743629,0.));
#2887=CARTESIAN_POINT('',(6.19099559472815,1.27,2.84));
#2888=VECTOR('',#2889,1.);
#2889=DIRECTION('',(0.422618261743667,-0.906307787035266,0.));
#2890=AXIS2_PLACEMENT_3D('',#2891,#2892,#2893);
#2891=CARTESIAN_POINT('',(6.35,1.54,2.84));
#2892=DIRECTION('',(0.,-0.,1.));
#2893=DIRECTION('',(0.906307786970438,0.422618261882691,0.));
#2894=CARTESIAN_POINT('',(1.24281076638794,1.55267854785015,2.84));
#2895=CARTESIAN_POINT('',(1.29718923360911,1.55267854785648,2.84));
#2896=AXIS2_PLACEMENT_3D('',#2897,#2898,#2899);
#2897=CARTESIAN_POINT('',(1.27,1.54,2.84));
#2898=DIRECTION('',(0.,-0.,1.));
#2899=DIRECTION('',(0.906307786970437,0.422618261882694,0.));
#2900=CARTESIAN_POINT('',(1.42900440527185,1.27,2.84));
#2901=CARTESIAN_POINT('',(1.42900440526804,1.27,2.84));
#2902=VECTOR('',#2903,1.);
#2903=DIRECTION('',(-0.422618261733638,0.906307787039943,0.));
#2904=CARTESIAN_POINT('',(1.29718923361106,0.987321452147693,2.84));
#2905=CARTESIAN_POINT('',(1.29718923361106,0.987321452147693,2.84));
#2906=VECTOR('',#2907,1.);
#2907=DIRECTION('',(0.422618261743663,0.906307787035268,0.));
#2908=CARTESIAN_POINT('',(1.24281076638894,0.987321452147693,2.84));
#2909=AXIS2_PLACEMENT_3D('',#2910,#2911,#2912);
#2910=CARTESIAN_POINT('',(1.27,1.,2.84));
#2911=DIRECTION('',(-0.,0.,1.));
#2912=DIRECTION('',(-0.906307787035285,-0.422618261743626,0.));
#2913=CARTESIAN_POINT('',(1.11099559472815,1.27,2.84));
#2914=CARTESIAN_POINT('',(1.11099559472815,1.27,2.84));
#2915=VECTOR('',#2916,1.);
#2916=DIRECTION('',(0.422618261743666,-0.906307787035267,0.));
#2917=CARTESIAN_POINT('',(1.24281076638794,1.55267854785015,2.84));
#2918=VECTOR('',#2919,1.);
#2919=DIRECTION('',(-0.422618261733637,-0.906307787039943,0.));
#2920=CARTESIAN_POINT('',(0.66,-8.08266887437253E-017,2.84));
#2921=AXIS2_PLACEMENT_3D('',#2922,#2923,#2924);
#2922=CARTESIAN_POINT('',(0.,0.,2.84));
#2923=DIRECTION('',(0.,0.,1.));
#2924=DIRECTION('',(1.,0.,0.));
#2925=CARTESIAN_POINT('',(8.28,2.54,2.84));
#2926=AXIS2_PLACEMENT_3D('',#2927,#2928,#2929);
#2927=CARTESIAN_POINT('',(7.62,2.54,2.84));
#2928=DIRECTION('',(0.,0.,1.));
#2929=DIRECTION('',(1.,0.,0.));
#2930=CARTESIAN_POINT('',(5.74,2.54,2.84));
#2931=AXIS2_PLACEMENT_3D('',#2932,#2933,#2934);
#2932=CARTESIAN_POINT('',(5.08,2.54,2.84));
#2933=DIRECTION('',(0.,0.,1.));
#2934=DIRECTION('',(1.,0.,0.));
#2935=CARTESIAN_POINT('',(3.2,2.54,2.84));
#2936=AXIS2_PLACEMENT_3D('',#2937,#2938,#2939);
#2937=CARTESIAN_POINT('',(2.54,2.54,2.84));
#2938=DIRECTION('',(0.,0.,1.));
#2939=DIRECTION('',(1.,0.,0.));
#2940=CARTESIAN_POINT('',(0.66,2.54,2.84));
#2941=AXIS2_PLACEMENT_3D('',#2942,#2943,#2944);
#2942=CARTESIAN_POINT('',(1.55530143491714E-016,2.54,2.84));
#2943=DIRECTION('',(0.,0.,1.));
#2944=DIRECTION('',(1.,0.,0.));
#2945=CARTESIAN_POINT('',(8.28,-8.08266887437253E-017,2.84));
#2946=AXIS2_PLACEMENT_3D('',#2947,#2948,#2949);
#2947=CARTESIAN_POINT('',(7.62,0.,2.84));
#2948=DIRECTION('',(0.,0.,1.));
#2949=DIRECTION('',(1.,0.,0.));
#2950=CARTESIAN_POINT('',(5.74,-8.08266887437253E-017,2.84));
#2951=AXIS2_PLACEMENT_3D('',#2952,#2953,#2954);
#2952=CARTESIAN_POINT('',(5.08,0.,2.84));
#2953=DIRECTION('',(0.,0.,1.));
#2954=DIRECTION('',(1.,0.,0.));
#2955=CARTESIAN_POINT('',(3.2,-8.08266887437253E-017,2.84));
#2956=AXIS2_PLACEMENT_3D('',#2957,#2958,#2959);
#2957=CARTESIAN_POINT('',(2.54,0.,2.84));
#2958=DIRECTION('',(0.,0.,1.));
#2959=DIRECTION('',(1.,0.,0.));
#2960=CARTESIAN_POINT('',(3.96900440526804,1.27,2.84));
#2961=CARTESIAN_POINT('',(3.83718923361106,0.987321452147693,2.84));
#2962=CARTESIAN_POINT('',(3.83718923361106,0.987321452147693,2.84));
#2963=VECTOR('',#2964,1.);
#2964=DIRECTION('',(0.422618261743663,0.906307787035268,0.));
#2965=CARTESIAN_POINT('',(3.78281076638894,0.987321452147693,2.84));
#2966=AXIS2_PLACEMENT_3D('',#2967,#2968,#2969);
#2967=CARTESIAN_POINT('',(3.81,1.,2.84));
#2968=DIRECTION('',(-0.,0.,1.));
#2969=DIRECTION('',(-0.906307787035284,-0.422618261743629,0.));
#2970=CARTESIAN_POINT('',(3.65099559473196,1.27,2.84));
#2971=CARTESIAN_POINT('',(3.65099559472815,1.27,2.84));
#2972=VECTOR('',#2973,1.);
#2973=DIRECTION('',(0.422618261743665,-0.906307787035267,0.));
#2974=CARTESIAN_POINT('',(3.78281076638794,1.55267854785015,2.84));
#2975=CARTESIAN_POINT('',(3.78281076638794,1.55267854785015,2.84));
#2976=VECTOR('',#2977,1.);
#2977=DIRECTION('',(-0.422618261733638,-0.906307787039943,0.));
#2978=CARTESIAN_POINT('',(3.83718923360911,1.55267854785648,2.84));
#2979=AXIS2_PLACEMENT_3D('',#2980,#2981,#2982);
#2980=CARTESIAN_POINT('',(3.81,1.54,2.84));
#2981=DIRECTION('',(0.,-0.,1.));
#2982=DIRECTION('',(0.906307786970438,0.422618261882691,0.));
#2983=CARTESIAN_POINT('',(3.96900440526804,1.27,2.84));
#2984=VECTOR('',#2985,1.);
#2985=DIRECTION('',(-0.422618261733638,0.906307787039943,0.));
#2986=CARTESIAN_POINT('',(6.37718923360911,-0.987321452143519,1.57));
#2987=CARTESIAN_POINT('',(6.32281076638794,-0.987321452149846,1.57));
#2988=AXIS2_PLACEMENT_3D('',#2989,#2990,#2991);
#2989=CARTESIAN_POINT('',(6.35,-1.,1.57));
#2990=DIRECTION('',(0.,-0.,1.));
#2991=DIRECTION('',(0.906307786970438,0.422618261882691,0.));
#2992=CARTESIAN_POINT('',(6.19099559473196,-1.27,1.57));
#2993=CARTESIAN_POINT('',(6.32281076638794,-0.987321452149846,1.57));
#2994=VECTOR('',#2995,1.);
#2995=DIRECTION('',(-0.422618261733638,-0.906307787039943,0.));
#2996=CARTESIAN_POINT('',(3.96900440526804,-1.27,1.57));
#2997=CARTESIAN_POINT('',(3.96900440526804,-1.27,1.57));
#2998=VECTOR('',#2999,1.);
#2999=DIRECTION('',(1.,0.,0.));
#3000=CARTESIAN_POINT('',(3.83718923360911,-0.987321452143519,1.57));
#3001=CARTESIAN_POINT('',(3.96900440526804,-1.27,1.57));
#3002=VECTOR('',#3003,1.);
#3003=DIRECTION('',(-0.422618261733638,0.906307787039943,0.));
#3004=CARTESIAN_POINT('',(3.78281076638794,-0.987321452149846,1.57));
#3005=AXIS2_PLACEMENT_3D('',#3006,#3007,#3008);
#3006=CARTESIAN_POINT('',(3.81,-1.,1.57));
#3007=DIRECTION('',(0.,-0.,1.));
#3008=DIRECTION('',(0.906307786970438,0.422618261882691,0.));
#3009=CARTESIAN_POINT('',(3.65099559473196,-1.27,1.57));
#3010=CARTESIAN_POINT('',(3.78281076638794,-0.987321452149846,1.57));
#3011=VECTOR('',#3012,1.);
#3012=DIRECTION('',(-0.422618261733636,-0.906307787039944,0.));
#3013=CARTESIAN_POINT('',(1.42900440526804,-1.27,1.57));
#3014=CARTESIAN_POINT('',(1.42900440526804,-1.27,1.57));
#3015=VECTOR('',#3016,1.);
#3016=DIRECTION('',(1.,0.,0.));
#3017=CARTESIAN_POINT('',(1.29718923360911,-0.987321452143519,1.57));
#3018=CARTESIAN_POINT('',(1.42900440526804,-1.27,1.57));
#3019=VECTOR('',#3020,1.);
#3020=DIRECTION('',(-0.422618261733638,0.906307787039943,0.));
#3021=CARTESIAN_POINT('',(1.24281076638794,-0.987321452149846,1.57));
#3022=AXIS2_PLACEMENT_3D('',#3023,#3024,#3025);
#3023=CARTESIAN_POINT('',(1.27,-1.,1.57));
#3024=DIRECTION('',(0.,-0.,1.));
#3025=DIRECTION('',(0.906307786970437,0.422618261882694,0.));
#3026=CARTESIAN_POINT('',(1.11099559473196,-1.27,1.57));
#3027=CARTESIAN_POINT('',(1.24281076638794,-0.987321452149846,1.57));
#3028=VECTOR('',#3029,1.);
#3029=DIRECTION('',(-0.422618261733637,-0.906307787039943,0.));
#3030=CARTESIAN_POINT('',(-1.2451077025535,-1.27,1.57));
#3031=CARTESIAN_POINT('',(-1.2451077025535,-1.27,1.57));
#3032=VECTOR('',#3033,1.);
#3033=DIRECTION('',(1.,0.,0.));
#3034=CARTESIAN_POINT('',(-1.385,-0.97,1.57));
#3035=CARTESIAN_POINT('',(-1.385,-0.97,1.57));
#3036=VECTOR('',#3037,1.);
#3037=DIRECTION('',(0.422618261740699,-0.90630778703665,0.));
#3038=CARTESIAN_POINT('',(-1.385,0.970000000000001,1.57));
#3039=CARTESIAN_POINT('',(-1.385,0.970000000000001,1.57));
#3040=VECTOR('',#3041,1.);
#3041=DIRECTION('',(-2.28911963840238E-016,-1.,0.));
#3042=CARTESIAN_POINT('',(-1.2451077025535,1.27,1.57));
#3043=CARTESIAN_POINT('',(-1.2451077025535,1.27,1.57));
#3044=VECTOR('',#3045,1.);
#3045=DIRECTION('',(-0.4226182617407,-0.90630778703665,0.));
#3046=CARTESIAN_POINT('',(-1.385,1.57,1.57));
#3047=CARTESIAN_POINT('',(-1.385,1.57,1.57));
#3048=VECTOR('',#3049,1.);
#3049=DIRECTION('',(0.422618261740699,-0.90630778703665,0.));
#3050=CARTESIAN_POINT('',(-1.385,3.51,1.57));
#3051=CARTESIAN_POINT('',(-1.385,3.51,1.57));
#3052=VECTOR('',#3053,1.);
#3053=DIRECTION('',(-2.28911963840238E-016,-1.,0.));
#3054=CARTESIAN_POINT('',(-1.2451077025535,3.81,1.57));
#3055=CARTESIAN_POINT('',(-1.2451077025535,3.81,1.57));
#3056=VECTOR('',#3057,1.);
#3057=DIRECTION('',(-0.4226182617407,-0.90630778703665,0.));
#3058=CARTESIAN_POINT('',(1.11099559472815,3.81,1.57));
#3059=CARTESIAN_POINT('',(1.11099559472815,3.81,1.57));
#3060=VECTOR('',#3061,1.);
#3061=DIRECTION('',(-1.,0.,0.));
#3062=CARTESIAN_POINT('',(1.24281076638894,3.52732145214769,1.57));
#3063=CARTESIAN_POINT('',(1.11099559472815,3.81,1.57));
#3064=VECTOR('',#3065,1.);
#3065=DIRECTION('',(0.422618261743666,-0.906307787035267,0.));
#3066=CARTESIAN_POINT('',(1.29718923361106,3.52732145214769,1.57));
#3067=AXIS2_PLACEMENT_3D('',#3068,#3069,#3070);
#3068=CARTESIAN_POINT('',(1.27,3.54,1.57));
#3069=DIRECTION('',(-0.,0.,1.));
#3070=DIRECTION('',(-0.906307787035288,-0.42261826174362,0.));
#3071=CARTESIAN_POINT('',(1.42900440527185,3.81,1.57));
#3072=CARTESIAN_POINT('',(1.29718923361106,3.52732145214769,1.57));
#3073=VECTOR('',#3074,1.);
#3074=DIRECTION('',(0.422618261743663,0.906307787035268,0.));
#3075=CARTESIAN_POINT('',(3.65099559472815,3.81,1.57));
#3076=CARTESIAN_POINT('',(3.65099559472815,3.81,1.57));
#3077=VECTOR('',#3078,1.);
#3078=DIRECTION('',(-1.,0.,0.));
#3079=CARTESIAN_POINT('',(3.78281076638894,3.52732145214769,1.57));
#3080=CARTESIAN_POINT('',(3.65099559472815,3.81,1.57));
#3081=VECTOR('',#3082,1.);
#3082=DIRECTION('',(0.422618261743667,-0.906307787035266,0.));
#3083=CARTESIAN_POINT('',(3.83718923361106,3.52732145214769,1.57));
#3084=AXIS2_PLACEMENT_3D('',#3085,#3086,#3087);
#3085=CARTESIAN_POINT('',(3.81,3.54,1.57));
#3086=DIRECTION('',(-0.,0.,1.));
#3087=DIRECTION('',(-0.906307787035287,-0.422618261743623,0.));
#3088=CARTESIAN_POINT('',(3.96900440527185,3.81,1.57));
#3089=CARTESIAN_POINT('',(3.83718923361106,3.52732145214769,1.57));
#3090=VECTOR('',#3091,1.);
#3091=DIRECTION('',(0.422618261743663,0.906307787035268,0.));
#3092=CARTESIAN_POINT('',(6.19099559472815,3.81,1.57));
#3093=CARTESIAN_POINT('',(6.19099559472815,3.81,1.57));
#3094=VECTOR('',#3095,1.);
#3095=DIRECTION('',(-1.,0.,0.));
#3096=CARTESIAN_POINT('',(6.32281076638894,3.52732145214769,1.57));
#3097=CARTESIAN_POINT('',(6.19099559472815,3.81,1.57));
#3098=VECTOR('',#3099,1.);
#3099=DIRECTION('',(0.422618261743667,-0.906307787035266,0.));
#3100=CARTESIAN_POINT('',(6.37718923361106,3.52732145214769,1.57));
#3101=AXIS2_PLACEMENT_3D('',#3102,#3103,#3104);
#3102=CARTESIAN_POINT('',(6.35,3.54,1.57));
#3103=DIRECTION('',(-0.,0.,1.));
#3104=DIRECTION('',(-0.906307787035287,-0.422618261743623,0.));
#3105=CARTESIAN_POINT('',(6.50900440527185,3.81,1.57));
#3106=CARTESIAN_POINT('',(6.37718923361106,3.52732145214769,1.57));
#3107=VECTOR('',#3108,1.);
#3108=DIRECTION('',(0.422618261743663,0.906307787035268,0.));
#3109=CARTESIAN_POINT('',(8.8651077025535,3.81,1.57));
#3110=CARTESIAN_POINT('',(8.8651077025535,3.81,1.57));
#3111=VECTOR('',#3112,1.);
#3112=DIRECTION('',(-1.,0.,0.));
#3113=CARTESIAN_POINT('',(9.005,3.51,1.57));
#3114=CARTESIAN_POINT('',(9.005,3.51,1.57));
#3115=VECTOR('',#3116,1.);
#3116=DIRECTION('',(-0.422618261740695,0.906307787036652,0.));
#3117=CARTESIAN_POINT('',(9.005,1.57,1.57));
#3118=CARTESIAN_POINT('',(9.005,1.57,1.57));
#3119=VECTOR('',#3120,1.);
#3120=DIRECTION('',(0.,1.,0.));
#3121=CARTESIAN_POINT('',(8.8651077025535,1.27,1.57));
#3122=CARTESIAN_POINT('',(8.8651077025535,1.27,1.57));
#3123=VECTOR('',#3124,1.);
#3124=DIRECTION('',(0.422618261740694,0.906307787036652,0.));
#3125=CARTESIAN_POINT('',(9.005,0.970000000000001,1.57));
#3126=CARTESIAN_POINT('',(9.005,0.970000000000001,1.57));
#3127=VECTOR('',#3128,1.);
#3128=DIRECTION('',(-0.422618261740695,0.906307787036652,0.));
#3129=CARTESIAN_POINT('',(9.005,-0.97,1.57));
#3130=CARTESIAN_POINT('',(9.005,-0.97,1.57));
#3131=VECTOR('',#3132,1.);
#3132=DIRECTION('',(0.,1.,0.));
#3133=CARTESIAN_POINT('',(8.8651077025535,-1.27,1.57));
#3134=CARTESIAN_POINT('',(8.8651077025535,-1.27,1.57));
#3135=VECTOR('',#3136,1.);
#3136=DIRECTION('',(0.422618261740694,0.906307787036652,0.));
#3137=CARTESIAN_POINT('',(6.50900440526804,-1.27,1.57));
#3138=CARTESIAN_POINT('',(6.50900440526804,-1.27,1.57));
#3139=VECTOR('',#3140,1.);
#3140=DIRECTION('',(1.,0.,0.));
#3141=CARTESIAN_POINT('',(6.50900440526804,-1.27,1.57));
#3142=VECTOR('',#3143,1.);
#3143=DIRECTION('',(-0.422618261733636,0.906307787039943,0.));
#3144=CARTESIAN_POINT('',(6.37718923361106,0.987321452147693,1.57));
#3145=CARTESIAN_POINT('',(6.37718923361106,0.987321452147693,1.57));
#3146=VECTOR('',#3147,1.);
#3147=DIRECTION('',(0.422618261743662,0.906307787035268,0.));
#3148=AXIS2_PLACEMENT_3D('',#3149,#3150,#3151);
#3149=CARTESIAN_POINT('',(6.35,1.54,1.57));
#3150=DIRECTION('',(0.,-0.,1.));
#3151=DIRECTION('',(0.906307786970438,0.422618261882691,0.));
#3152=CARTESIAN_POINT('',(6.32281076638894,0.987321452147693,1.57));
#3153=CARTESIAN_POINT('',(6.19099559472815,1.27,1.57));
#3154=VECTOR('',#3155,1.);
#3155=DIRECTION('',(0.422618261743667,-0.906307787035266,0.));
#3156=AXIS2_PLACEMENT_3D('',#3157,#3158,#3159);
#3157=CARTESIAN_POINT('',(6.35,1.,1.57));
#3158=DIRECTION('',(-0.,0.,1.));
#3159=DIRECTION('',(-0.906307787035284,-0.422618261743629,0.));
#3160=CARTESIAN_POINT('',(1.29718923360911,1.55267854785648,1.57));
#3161=CARTESIAN_POINT('',(1.24281076638794,1.55267854785015,1.57));
#3162=AXIS2_PLACEMENT_3D('',#3163,#3164,#3165);
#3163=CARTESIAN_POINT('',(1.27,1.54,1.57));
#3164=DIRECTION('',(0.,-0.,1.));
#3165=DIRECTION('',(0.906307786970437,0.422618261882694,0.));
#3166=CARTESIAN_POINT('',(1.11099559472815,1.27,1.57));
#3167=CARTESIAN_POINT('',(1.24281076638794,1.55267854785015,1.57));
#3168=VECTOR('',#3169,1.);
#3169=DIRECTION('',(-0.422618261733637,-0.906307787039943,0.));
#3170=CARTESIAN_POINT('',(1.24281076638894,0.987321452147693,1.57));
#3171=CARTESIAN_POINT('',(1.11099559472815,1.27,1.57));
#3172=VECTOR('',#3173,1.);
#3173=DIRECTION('',(0.422618261743666,-0.906307787035267,0.));
#3174=CARTESIAN_POINT('',(1.29718923361106,0.987321452147693,1.57));
#3175=AXIS2_PLACEMENT_3D('',#3176,#3177,#3178);
#3176=CARTESIAN_POINT('',(1.27,1.,1.57));
#3177=DIRECTION('',(-0.,0.,1.));
#3178=DIRECTION('',(-0.906307787035285,-0.422618261743626,0.));
#3179=CARTESIAN_POINT('',(1.42900440527185,1.27,1.57));
#3180=CARTESIAN_POINT('',(1.29718923361106,0.987321452147693,1.57));
#3181=VECTOR('',#3182,1.);
#3182=DIRECTION('',(0.422618261743663,0.906307787035268,0.));
#3183=CARTESIAN_POINT('',(1.42900440526804,1.27,1.57));
#3184=VECTOR('',#3185,1.);
#3185=DIRECTION('',(-0.422618261733638,0.906307787039943,0.));
#3186=CARTESIAN_POINT('',(0.66,-8.08266887437253E-017,1.57));
#3187=AXIS2_PLACEMENT_3D('',#3188,#3189,#3190);
#3188=CARTESIAN_POINT('',(0.,0.,1.57));
#3189=DIRECTION('',(0.,0.,1.));
#3190=DIRECTION('',(1.,0.,0.));
#3191=CARTESIAN_POINT('',(8.28,2.54,1.57));
#3192=AXIS2_PLACEMENT_3D('',#3193,#3194,#3195);
#3193=CARTESIAN_POINT('',(7.62,2.54,1.57));
#3194=DIRECTION('',(0.,0.,1.));
#3195=DIRECTION('',(1.,0.,0.));
#3196=CARTESIAN_POINT('',(5.74,2.54,1.57));
#3197=AXIS2_PLACEMENT_3D('',#3198,#3199,#3200);
#3198=CARTESIAN_POINT('',(5.08,2.54,1.57));
#3199=DIRECTION('',(0.,0.,1.));
#3200=DIRECTION('',(1.,0.,0.));
#3201=CARTESIAN_POINT('',(3.2,2.54,1.57));
#3202=AXIS2_PLACEMENT_3D('',#3203,#3204,#3205);
#3203=CARTESIAN_POINT('',(2.54,2.54,1.57));
#3204=DIRECTION('',(0.,0.,1.));
#3205=DIRECTION('',(1.,0.,0.));
#3206=CARTESIAN_POINT('',(0.66,2.54,1.57));
#3207=AXIS2_PLACEMENT_3D('',#3208,#3209,#3210);
#3208=CARTESIAN_POINT('',(1.55530143491714E-016,2.54,1.57));
#3209=DIRECTION('',(0.,0.,1.));
#3210=DIRECTION('',(1.,0.,0.));
#3211=CARTESIAN_POINT('',(8.28,-8.08266887437253E-017,1.57));
#3212=AXIS2_PLACEMENT_3D('',#3213,#3214,#3215);
#3213=CARTESIAN_POINT('',(7.62,0.,1.57));
#3214=DIRECTION('',(0.,0.,1.));
#3215=DIRECTION('',(1.,0.,0.));
#3216=CARTESIAN_POINT('',(5.74,-8.08266887437253E-017,1.57));
#3217=AXIS2_PLACEMENT_3D('',#3218,#3219,#3220);
#3218=CARTESIAN_POINT('',(5.08,0.,1.57));
#3219=DIRECTION('',(0.,0.,1.));
#3220=DIRECTION('',(1.,0.,0.));
#3221=CARTESIAN_POINT('',(3.2,-8.08266887437253E-017,1.57));
#3222=AXIS2_PLACEMENT_3D('',#3223,#3224,#3225);
#3223=CARTESIAN_POINT('',(2.54,0.,1.57));
#3224=DIRECTION('',(0.,0.,1.));
#3225=DIRECTION('',(1.,0.,0.));
#3226=CARTESIAN_POINT('',(3.83718923361106,0.987321452147693,1.57));
#3227=CARTESIAN_POINT('',(3.96900440526804,1.27,1.57));
#3228=CARTESIAN_POINT('',(3.83718923361106,0.987321452147693,1.57));
#3229=VECTOR('',#3230,1.);
#3230=DIRECTION('',(0.422618261743663,0.906307787035268,0.));
#3231=CARTESIAN_POINT('',(3.83718923360911,1.55267854785648,1.57));
#3232=CARTESIAN_POINT('',(3.96900440526804,1.27,1.57));
#3233=VECTOR('',#3234,1.);
#3234=DIRECTION('',(-0.422618261733638,0.906307787039943,0.));
#3235=CARTESIAN_POINT('',(3.78281076638794,1.55267854785015,1.57));
#3236=AXIS2_PLACEMENT_3D('',#3237,#3238,#3239);
#3237=CARTESIAN_POINT('',(3.81,1.54,1.57));
#3238=DIRECTION('',(0.,-0.,1.));
#3239=DIRECTION('',(0.906307786970438,0.422618261882691,0.));
#3240=CARTESIAN_POINT('',(3.65099559473196,1.27,1.57));
#3241=CARTESIAN_POINT('',(3.78281076638794,1.55267854785015,1.57));
#3242=VECTOR('',#3243,1.);
#3243=DIRECTION('',(-0.422618261733638,-0.906307787039943,0.));
#3244=CARTESIAN_POINT('',(3.78281076638894,0.987321452147693,1.57));
#3245=CARTESIAN_POINT('',(3.65099559472815,1.27,1.57));
#3246=VECTOR('',#3247,1.);
#3247=DIRECTION('',(0.422618261743665,-0.906307787035267,0.));
#3248=AXIS2_PLACEMENT_3D('',#3249,#3250,#3251);
#3249=CARTESIAN_POINT('',(3.81,1.,1.57));
#3250=DIRECTION('',(-0.,0.,1.));
#3251=DIRECTION('',(-0.906307787035284,-0.422618261743629,0.));
#3252=CARTESIAN_POINT('',(6.19099559473196,-1.27,2.84));
#3253=VECTOR('',#3254,1.);
#3254=DIRECTION('',(0.,0.,-1.));
#3255=CARTESIAN_POINT('',(3.96900440526804,-1.27,1.57));
#3256=VECTOR('',#3257,1.);
#3257=DIRECTION('',(0.,0.,1.));
#3258=CARTESIAN_POINT('',(6.50900440526804,-1.27,1.57));
#3259=VECTOR('',#3260,1.);
#3260=DIRECTION('',(0.,0.,1.));
#3261=CARTESIAN_POINT('',(8.8651077025535,-1.27,1.57));
#3262=VECTOR('',#3263,1.);
#3263=DIRECTION('',(0.,0.,1.));
#3264=CARTESIAN_POINT('',(6.37718923360911,-0.987321452143519,1.57));
#3265=VECTOR('',#3266,1.);
#3266=DIRECTION('',(0.,0.,1.));
#3267=CARTESIAN_POINT('',(6.32281076638794,-0.987321452149846,1.57));
#3268=VECTOR('',#3269,1.);
#3269=DIRECTION('',(0.,0.,1.));
#3270=CARTESIAN_POINT('',(6.32281076638894,0.987321452147694,1.57));
#3271=VECTOR('',#3272,1.);
#3272=DIRECTION('',(0.,0.,1.));
#3273=CARTESIAN_POINT('',(6.37718923361106,0.987321452147693,1.57));
#3274=VECTOR('',#3275,1.);
#3275=DIRECTION('',(0.,0.,1.));
#3276=CARTESIAN_POINT('',(9.005,-0.97,1.57));
#3277=VECTOR('',#3278,1.);
#3278=DIRECTION('',(0.,0.,1.));
#3279=CARTESIAN_POINT('',(9.005,0.970000000000001,1.57));
#3280=VECTOR('',#3281,1.);
#3281=DIRECTION('',(0.,0.,1.));
#3282=CARTESIAN_POINT('',(8.8651077025535,1.27,1.57));
#3283=VECTOR('',#3284,1.);
#3284=DIRECTION('',(0.,0.,1.));
#3285=CARTESIAN_POINT('',(9.005,1.57,1.57));
#3286=VECTOR('',#3287,1.);
#3287=DIRECTION('',(0.,0.,1.));
#3288=CARTESIAN_POINT('',(9.005,3.51,1.57));
#3289=VECTOR('',#3290,1.);
#3290=DIRECTION('',(0.,0.,1.));
#3291=CARTESIAN_POINT('',(8.8651077025535,3.81,1.57));
#3292=VECTOR('',#3293,1.);
#3293=DIRECTION('',(0.,0.,1.));
#3294=CARTESIAN_POINT('',(6.50900440527185,3.81,2.84));
#3295=VECTOR('',#3296,1.);
#3296=DIRECTION('',(0.,0.,-1.));
#3297=CARTESIAN_POINT('',(6.37718923361106,3.52732145214769,1.57));
#3298=VECTOR('',#3299,1.);
#3299=DIRECTION('',(0.,0.,1.));
#3300=CARTESIAN_POINT('',(6.32281076638894,3.52732145214769,1.57));
#3301=VECTOR('',#3302,1.);
#3302=DIRECTION('',(0.,0.,1.));
#3303=CARTESIAN_POINT('',(6.19099559472815,3.81,1.57));
#3304=VECTOR('',#3305,1.);
#3305=DIRECTION('',(0.,0.,1.));
#3306=CARTESIAN_POINT('',(3.96900440527185,3.81,2.84));
#3307=VECTOR('',#3308,1.);
#3308=DIRECTION('',(0.,0.,-1.));
#3309=CARTESIAN_POINT('',(3.83718923361106,3.52732145214769,1.57));
#3310=VECTOR('',#3311,1.);
#3311=DIRECTION('',(0.,0.,1.));
#3312=CARTESIAN_POINT('',(3.78281076638894,3.52732145214769,1.57));
#3313=VECTOR('',#3314,1.);
#3314=DIRECTION('',(0.,0.,1.));
#3315=CARTESIAN_POINT('',(3.65099559472815,3.81,1.57));
#3316=VECTOR('',#3317,1.);
#3317=DIRECTION('',(0.,0.,1.));
#3318=CARTESIAN_POINT('',(1.42900440527185,3.81,2.84));
#3319=VECTOR('',#3320,1.);
#3320=DIRECTION('',(0.,0.,-1.));
#3321=CARTESIAN_POINT('',(1.29718923361106,3.52732145214769,1.57));
#3322=VECTOR('',#3323,1.);
#3323=DIRECTION('',(0.,0.,1.));
#3324=CARTESIAN_POINT('',(1.24281076638894,3.52732145214769,1.57));
#3325=VECTOR('',#3326,1.);
#3326=DIRECTION('',(0.,0.,1.));
#3327=CARTESIAN_POINT('',(1.11099559472815,3.81,1.57));
#3328=VECTOR('',#3329,1.);
#3329=DIRECTION('',(0.,0.,1.));
#3330=CARTESIAN_POINT('',(-1.2451077025535,3.81,1.57));
#3331=VECTOR('',#3332,1.);
#3332=DIRECTION('',(0.,0.,1.));
#3333=CARTESIAN_POINT('',(-1.385,3.51,1.57));
#3334=VECTOR('',#3335,1.);
#3335=DIRECTION('',(0.,0.,1.));
#3336=CARTESIAN_POINT('',(-1.385,1.57,1.57));
#3337=VECTOR('',#3338,1.);
#3338=DIRECTION('',(0.,0.,1.));
#3339=CARTESIAN_POINT('',(-1.2451077025535,1.27,1.57));
#3340=VECTOR('',#3341,1.);
#3341=DIRECTION('',(0.,0.,1.));
#3342=CARTESIAN_POINT('',(-1.385,0.970000000000001,1.57));
#3343=VECTOR('',#3344,1.);
#3344=DIRECTION('',(0.,0.,1.));
#3345=CARTESIAN_POINT('',(-1.385,-0.97,1.57));
#3346=VECTOR('',#3347,1.);
#3347=DIRECTION('',(0.,0.,1.));
#3348=CARTESIAN_POINT('',(-1.2451077025535,-1.27,1.57));
#3349=VECTOR('',#3350,1.);
#3350=DIRECTION('',(0.,0.,1.));
#3351=CARTESIAN_POINT('',(1.11099559473196,-1.27,2.84));
#3352=VECTOR('',#3353,1.);
#3353=DIRECTION('',(0.,0.,-1.));
#3354=CARTESIAN_POINT('',(1.24281076638794,-0.987321452149846,1.57));
#3355=VECTOR('',#3356,1.);
#3356=DIRECTION('',(0.,0.,1.));
#3357=CARTESIAN_POINT('',(1.29718923360911,-0.987321452143519,1.57));
#3358=VECTOR('',#3359,1.);
#3359=DIRECTION('',(0.,0.,1.));
#3360=CARTESIAN_POINT('',(1.42900440526804,-1.27,1.57));
#3361=VECTOR('',#3362,1.);
#3362=DIRECTION('',(0.,0.,1.));
#3363=CARTESIAN_POINT('',(3.65099559473196,-1.27,2.84));
#3364=VECTOR('',#3365,1.);
#3365=DIRECTION('',(0.,0.,-1.));
#3366=CARTESIAN_POINT('',(3.78281076638794,-0.987321452149846,1.57));
#3367=VECTOR('',#3368,1.);
#3368=DIRECTION('',(0.,0.,1.));
#3369=CARTESIAN_POINT('',(3.83718923360911,-0.987321452143519,1.57));
#3370=VECTOR('',#3371,1.);
#3371=DIRECTION('',(0.,0.,1.));
#3372=CARTESIAN_POINT('',(1.29718923360911,1.55267854785648,1.57));
#3373=VECTOR('',#3374,1.);
#3374=DIRECTION('',(0.,0.,1.));
#3375=CARTESIAN_POINT('',(1.24281076638794,1.55267854785015,1.57));
#3376=VECTOR('',#3377,1.);
#3377=DIRECTION('',(0.,0.,1.));
#3378=CARTESIAN_POINT('',(1.42900440527185,1.27,2.84));
#3379=VECTOR('',#3380,1.);
#3380=DIRECTION('',(0.,0.,-1.));
#3381=CARTESIAN_POINT('',(1.29718923361106,0.987321452147693,1.57));
#3382=VECTOR('',#3383,1.);
#3383=DIRECTION('',(0.,0.,1.));
#3384=CARTESIAN_POINT('',(1.24281076638894,0.987321452147694,1.57));
#3385=VECTOR('',#3386,1.);
#3386=DIRECTION('',(0.,0.,1.));
#3387=CARTESIAN_POINT('',(1.11099559472815,1.27,1.57));
#3388=VECTOR('',#3389,1.);
#3389=DIRECTION('',(0.,0.,1.));
#3390=CARTESIAN_POINT('',(3.96900440526804,1.27,1.57));
#3391=VECTOR('',#3392,1.);
#3392=DIRECTION('',(0.,0.,1.));
#3393=CARTESIAN_POINT('',(3.83718923361106,0.987321452147693,1.57));
#3394=VECTOR('',#3395,1.);
#3395=DIRECTION('',(0.,0.,1.));
#3396=CARTESIAN_POINT('',(3.78281076638894,0.987321452147694,1.57));
#3397=VECTOR('',#3398,1.);
#3398=DIRECTION('',(0.,0.,1.));
#3399=CARTESIAN_POINT('',(3.65099559473196,1.27,1.57));
#3400=VECTOR('',#3401,1.);
#3401=DIRECTION('',(0.,0.,1.));
#3402=CARTESIAN_POINT('',(3.78281076638794,1.55267854785015,1.57));
#3403=VECTOR('',#3404,1.);
#3404=DIRECTION('',(0.,0.,1.));
#3405=CARTESIAN_POINT('',(3.83718923360911,1.55267854785648,1.57));
#3406=VECTOR('',#3407,1.);
#3407=DIRECTION('',(0.,0.,1.));
#3408=CARTESIAN_POINT('',(0.,-0.1275,-2.75));
#3409=AXIS2_PLACEMENT_3D('',#3410,#3411,#3412);
#3410=CARTESIAN_POINT('',(0.,0.,-2.75));
#3411=DIRECTION('',(-0.,-0.,-1.));
#3412=DIRECTION('',(0.,-1.,0.));
#3413=CARTESIAN_POINT('',(0.,-0.255,-2.6225));
#3414=AXIS2_PLACEMENT_3D('',#3415,#3416,#3417);
#3415=CARTESIAN_POINT('',(0.,0.,-2.6225));
#3416=DIRECTION('',(-0.,-0.,-1.));
#3417=DIRECTION('',(0.,-1.,0.));
#3418=CARTESIAN_POINT('',(0.,-0.255,-1.56142466891288E-017));
#3419=AXIS2_PLACEMENT_3D('',#3420,#3421,#3422);
#3420=CARTESIAN_POINT('',(0.,0.,0.));
#3421=DIRECTION('',(-0.,-0.,-1.));
#3422=DIRECTION('',(0.,-1.,0.));
#3423=CARTESIAN_POINT('',(0.,-0.66,0.283584053511925));
#3424=AXIS2_PLACEMENT_3D('',#3425,#3426,#3427);
#3425=CARTESIAN_POINT('',(0.,0.,0.283584053511925));
#3426=DIRECTION('',(-0.,-0.,-1.));
#3427=DIRECTION('',(0.,-1.,0.));
#3428=CARTESIAN_POINT('',(0.,-0.66,1.79287838708181));
#3429=AXIS2_PLACEMENT_3D('',#3430,#3431,#3432);
#3430=CARTESIAN_POINT('',(0.,0.,1.79287838708181));
#3431=DIRECTION('',(-0.,-0.,-1.));
#3432=DIRECTION('',(0.,-1.,0.));
#3433=CARTESIAN_POINT('',(0.,-0.810000000000001,2.205));
#3434=AXIS2_PLACEMENT_3D('',#3435,#3436,#3437);
#3435=CARTESIAN_POINT('',(0.,0.,2.205));
#3436=DIRECTION('',(-0.,-0.,-1.));
#3437=DIRECTION('',(0.,-1.,0.));
#3438=CARTESIAN_POINT('',(0.,-0.659999999999999,2.205));
#3439=AXIS2_PLACEMENT_3D('',#3440,#3441,#3442);
#3440=CARTESIAN_POINT('',(0.,0.,2.205));
#3441=DIRECTION('',(-0.,-0.,-1.));
#3442=DIRECTION('',(0.,-1.,0.));
#3443=CARTESIAN_POINT('',(0.,-0.66,2.84));
#3444=AXIS2_PLACEMENT_3D('',#3445,#3446,#3447);
#3445=CARTESIAN_POINT('',(0.,0.,2.84));
#3446=DIRECTION('',(-0.,-0.,-1.));
#3447=DIRECTION('',(0.,-1.,0.));
#3448=CARTESIAN_POINT('',(0.,-0.915,2.84));
#3449=AXIS2_PLACEMENT_3D('',#3450,#3451,#3452);
#3450=CARTESIAN_POINT('',(0.,0.,2.84));
#3451=DIRECTION('',(-0.,-0.,-1.));
#3452=DIRECTION('',(0.,-1.,0.));
#3453=CARTESIAN_POINT('',(0.,-0.915,3.35));
#3454=AXIS2_PLACEMENT_3D('',#3455,#3456,#3457);
#3455=CARTESIAN_POINT('',(0.,0.,3.35));
#3456=DIRECTION('',(-0.,-0.,-1.));
#3457=DIRECTION('',(0.,-1.,0.));
#3458=CARTESIAN_POINT('',(0.,-0.609191070866214,3.35));
#3459=AXIS2_PLACEMENT_3D('',#3460,#3461,#3462);
#3460=CARTESIAN_POINT('',(0.,0.,3.35));
#3461=DIRECTION('',(-0.,-0.,-1.));
#3462=DIRECTION('',(0.,-1.,0.));
#3463=CARTESIAN_POINT('',(0.,-0.5,3.05));
#3464=AXIS2_PLACEMENT_3D('',#3465,#3466,#3467);
#3465=CARTESIAN_POINT('',(0.,0.,3.05));
#3466=DIRECTION('',(0.,-0.,-1.));
#3467=DIRECTION('',(0.,-1.,0.));
#3468=CARTESIAN_POINT('',(0.,-0.5,2.85));
#3469=AXIS2_PLACEMENT_3D('',#3470,#3471,#3472);
#3470=CARTESIAN_POINT('',(0.,0.,2.85));
#3471=DIRECTION('',(0.,-0.,-1.));
#3472=DIRECTION('',(0.,-1.,0.));
#3473=CARTESIAN_POINT('',(0.,-0.225,1.65));
#3474=AXIS2_PLACEMENT_3D('',#3475,#3476,#3477);
#3475=CARTESIAN_POINT('',(0.,0.,1.65));
#3476=DIRECTION('',(-0.,-0.,-1.));
#3477=DIRECTION('',(0.,-1.,0.));
#3478=CARTESIAN_POINT('',(0.,-0.5,1.65));
#3479=AXIS2_PLACEMENT_3D('',#3480,#3481,#3482);
#3480=CARTESIAN_POINT('',(0.,0.,1.65));
#3481=DIRECTION('',(-0.,-0.,-1.));
#3482=DIRECTION('',(0.,-1.,0.));
#3483=CARTESIAN_POINT('',(0.,-0.5,0.45));
#3484=AXIS2_PLACEMENT_3D('',#3485,#3486,#3487);
#3485=CARTESIAN_POINT('',(0.,0.,0.45));
#3486=DIRECTION('',(0.,-0.,-1.));
#3487=DIRECTION('',(0.,-1.,0.));
#3488=CARTESIAN_POINT('',(0.,-0.03,0.120902457041437));
#3489=AXIS2_PLACEMENT_3D('',#3490,#3491,#3492);
#3490=CARTESIAN_POINT('',(0.,0.,0.120902457041437));
#3491=DIRECTION('',(-0.,-0.,-1.));
#3492=DIRECTION('',(0.,-1.,0.));
ENDSEC;
END-ISO-10303-21;
