ISO-10303-21;
HEADER;
FILE_DESCRIPTION(('STEP AP214'),
    '1');
FILE_NAME('SL-105-TT-11',
    '2020-03-30T23:15:00',
    ('AF'),
    (''),
    'UNSPECIFIED',
    'UNSPECIFIED',
    '');
/*Based on Samtec Inc. SL, SDL series datasheet*/
FILE_SCHEMA(('AUTOMOTIVE_DESIGN { 1 0 10303 214 3 1 1}'));
ENDSEC;

DATA;
#1=SHAPE_REPRESENTATION('NONE',(#2,#58,#121,#147,#173,#199,#225,#251,#277,#303,#329),
#6);
#2=AXIS2_PLACEMENT_3D('',#3,#4,#5);
#3=CARTESIAN_POINT('',(0.,0.,0.));
#4=DIRECTION('',(0.,0.,1.));
#5=DIRECTION('',(1.,0.,0.));
#6=(GEOMETRIC_REPRESENTATION_CONTEXT(3)GLOBAL_UNCERTAINTY_ASSIGNED_CONTEXT((#8))
GLOBAL_UNIT_ASSIGNED_CONTEXT((#7,#9,#10))REPRESENTATION_CONTEXT('NONE','NONE'));
#7=(LENGTH_UNIT()NAMED_UNIT(*)SI_UNIT(.MILLI.,.METRE.));
#8=UNCERTAINTY_MEASURE_WITH_UNIT(LENGTH_MEASURE(1.E-005),#7,'NONE','NONE');
#9=(NAMED_UNIT(*)PLANE_ANGLE_UNIT()SI_UNIT($,.RADIAN.));
#10=(NAMED_UNIT(*)SI_UNIT($,.STERADIAN.)SOLID_ANGLE_UNIT());
#11=SHAPE_DEFINITION_REPRESENTATION(#12,#1);
#12=PRODUCT_DEFINITION_SHAPE('NONE','NONE',#13);
#13=PRODUCT_DEFINITION('','UNSPECIFIED',#14,#22);
#14=PRODUCT_DEFINITION_FORMATION_WITH_SPECIFIED_SOURCE('ANY','UNSPECIFIED',#15,.NOT_KNOWN.);
#15=PRODUCT('','SDL-105-TT-11','Based on Samtec Inc. SL, SDL series datasheet',(
#25));
#16=PERSON('UNSPECIFIED','AF','UNSPECIFIED',('UNSPECIFIED'),('UNSPECIFIED'),
('UNSPECIFIED'));
#17=ORGANIZATION('UNSPECIFIED','UNSPECIFIED','UNSPECIFIED');
#18=PERSON_AND_ORGANIZATION(#16,#17);
#19=PERSON_AND_ORGANIZATION_ROLE('design_owner');
#20=CC_DESIGN_PERSON_AND_ORGANIZATION_ASSIGNMENT(#18,#19,(#15));
#21=PRODUCT_RELATED_PRODUCT_CATEGORY('assembly','',(#15));
#22=DESIGN_CONTEXT('detailed design',#23,'design');
#23=APPLICATION_CONTEXT('configuration controlled 3d designs of mechanical parts and assemblies');
#24=APPLICATION_PROTOCOL_DEFINITION('international standard','automotive_design',
2011,#23);
#25=PRODUCT_CONTEXT('NONE',#23,'mechanical');
#26=CC_DESIGN_DATE_AND_TIME_ASSIGNMENT(#27,#31,(#13));
#27=DATE_AND_TIME(#28,#29);
#28=CALENDAR_DATE(0,1,1);
#29=LOCAL_TIME(0,0,0.,#30);
#30=COORDINATED_UNIVERSAL_TIME_OFFSET(0,0,.AHEAD.);
#31=DATE_TIME_ROLE('creation_date');
#32=CC_DESIGN_APPROVAL(#33,(#13));
#33=APPROVAL(#34,'UNSPECIFIED');
#34=APPROVAL_STATUS('not_yet_approved');
#35=APPROVAL_DATE_TIME(#36,#33);
#36=DATE_AND_TIME(#37,#38);
#37=CALENDAR_DATE(0,1,1);
#38=LOCAL_TIME(0,0,0.,#39);
#39=COORDINATED_UNIVERSAL_TIME_OFFSET(0,0,.AHEAD.);
#40=DERIVED_UNIT((#44,#41));
#41=DERIVED_UNIT_ELEMENT(#42,-1.);
#42=VOLUME_UNIT(#43);
#43=DIMENSIONAL_EXPONENTS(3.,0.,0.,0.,0.,0.,0.);
#44=(DERIVED_UNIT_ELEMENT($,-1.)NAMED_UNIT($)MASS_UNIT()SI_UNIT($,.GRAM.));
#45=MANIFOLD_SOLID_BREP('',#46);
#46=CLOSED_SHELL('',(#355,#364,#373,#382,#391,#400,#409,#418,#427,#436,#445,#454,
#463,#472,#481,#490,#499,#508,#517,#526,#535,#544,#553,#562,#571,#580,#589,#598,
#607,#616,#625,#634,#643,#652,#661,#670,#679,#688,#697,#706,#715,#724,#733,#742,
#751,#760,#769,#778,#787,#796,#805,#814,#823,#832,#841,#850,#859,#868,#877,#886,
#895,#904,#913,#922,#931,#940,#949,#958,#967,#976,#985,#994,#1003,#1012,#1021,#1030,
#1039,#1048,#1057,#1066,#1075,#1084));
#47=COLOUR_RGB($,0.156862745098039,0.156862745098039,0.156862745098039);
#48=FILL_AREA_STYLE_COLOUR($,#47);
#49=FILL_AREA_STYLE($,(#48));
#50=SURFACE_STYLE_FILL_AREA(#49);
#51=SURFACE_SIDE_STYLE('',(#50));
#52=SURFACE_STYLE_USAGE(.BOTH.,#51);
#53=PRESENTATION_STYLE_ASSIGNMENT((#52));
#54=MECHANICAL_DESIGN_GEOMETRIC_PRESENTATION_REPRESENTATION('NONE',(#55,#96,#363,
#372,#381,#390,#399,#408,#417,#426,#435,#444,#453,#462,#471,#480,#489,#498,#507,
#516,#525,#534,#543,#552,#561,#570,#579,#588,#597,#606,#615,#624,#633,#642,#651,
#660,#669,#678,#687,#696,#705,#714,#723,#732,#741,#750,#759,#768,#777,#786,#795,
#804,#813,#822,#831,#840,#849,#858,#867,#876,#885,#894,#903,#912,#921,#930,#939,
#948,#957,#966,#975,#984,#993,#1002,#1011,#1020,#1029,#1038,#1047,#1056,#1065,#1074,
#1083,#1092,#1101,#1110,#1119,#1128,#1137,#1146,#1155,#1164,#1173,#1182,#1191,#1200,
#1209,#1218,#1227,#1236,#1245,#1254),#6);
#55=STYLED_ITEM('',(#53),#45);
#56=ADVANCED_BREP_SHAPE_REPRESENTATION('NONE',(#45),#6);
#57=SHAPE_REPRESENTATION_RELATIONSHIP('','',#1,#56);
#58=AXIS2_PLACEMENT_3D('',#59,#60,#61);
#59=CARTESIAN_POINT('',(0.,0.,0.));
#60=DIRECTION('',(0.,0.,1.));
#61=DIRECTION('',(1.,0.,0.));
#62=SHAPE_REPRESENTATION('NONE',(#2),#6);
#63=SHAPE_DEFINITION_REPRESENTATION(#64,#62);
#64=PRODUCT_DEFINITION_SHAPE('NONE','NONE',#65);
#65=PRODUCT_DEFINITION('','UNSPECIFIED',#66,#69);
#66=PRODUCT_DEFINITION_FORMATION_WITH_SPECIFIED_SOURCE('ANY','UNSPECIFIED',#67,.NOT_KNOWN.);
#67=PRODUCT('','SxL-1xx-TT-11-pin','Based on Samtec Inc. SL, SDL series datasheet',
(#72));
#68=PRODUCT_RELATED_PRODUCT_CATEGORY('detail','',(#67));
#69=DESIGN_CONTEXT('detailed design',#70,'design');
#70=APPLICATION_CONTEXT('configuration controlled 3d designs of mechanical parts and assemblies');
#71=APPLICATION_PROTOCOL_DEFINITION('international standard','automotive_design',
2011,#70);
#72=PRODUCT_CONTEXT('NONE',#70,'mechanical');
#73=CC_DESIGN_DATE_AND_TIME_ASSIGNMENT(#74,#78,(#65));
#74=DATE_AND_TIME(#75,#76);
#75=CALENDAR_DATE(0,1,1);
#76=LOCAL_TIME(0,0,0.,#77);
#77=COORDINATED_UNIVERSAL_TIME_OFFSET(0,0,.AHEAD.);
#78=DATE_TIME_ROLE('creation_date');
#79=CC_DESIGN_APPROVAL(#80,(#65));
#80=APPROVAL(#81,'UNSPECIFIED');
#81=APPROVAL_STATUS('not_yet_approved');
#82=APPROVAL_DATE_TIME(#83,#80);
#83=DATE_AND_TIME(#84,#85);
#84=CALENDAR_DATE(0,1,1);
#85=LOCAL_TIME(0,0,0.,#86);
#86=COORDINATED_UNIVERSAL_TIME_OFFSET(0,0,.AHEAD.);
#87=MANIFOLD_SOLID_BREP('',#88);
#88=CLOSED_SHELL('',(#1093,#1102,#1111,#1120,#1129,#1138,#1147,#1156,#1165,#1174,
#1183,#1192,#1201,#1210,#1219,#1228,#1237,#1246));
#89=COLOUR_RGB($,0.827450980392157,0.831372549019608,0.835294117647059);
#90=FILL_AREA_STYLE_COLOUR($,#89);
#91=FILL_AREA_STYLE($,(#90));
#92=SURFACE_STYLE_FILL_AREA(#91);
#93=SURFACE_SIDE_STYLE('',(#92));
#94=SURFACE_STYLE_USAGE(.BOTH.,#93);
#95=PRESENTATION_STYLE_ASSIGNMENT((#94));
#96=STYLED_ITEM('',(#95),#87);
#97=ADVANCED_BREP_SHAPE_REPRESENTATION('NONE',(#87),#6);
#98=SHAPE_REPRESENTATION_RELATIONSHIP('','',#62,#97);
#99=ITEM_DEFINED_TRANSFORMATION('','',#2,#58);
#100=(REPRESENTATION_RELATIONSHIP('','',#62,#1)REPRESENTATION_RELATIONSHIP_WITH_TRANSFORMATION(
#99)SHAPE_REPRESENTATION_RELATIONSHIP());
#101=NEXT_ASSEMBLY_USAGE_OCCURRENCE('1','','',#13,#65,$);
#102=CC_DESIGN_SECURITY_CLASSIFICATION(#103,(#101));
#103=SECURITY_CLASSIFICATION('','',#104);
#104=SECURITY_CLASSIFICATION_LEVEL('unclassified');
#105=CC_DESIGN_DATE_AND_TIME_ASSIGNMENT(#106,#110,(#103));
#106=DATE_AND_TIME(#107,#108);
#107=CALENDAR_DATE(0,1,1);
#108=LOCAL_TIME(0,0,0.,#109);
#109=COORDINATED_UNIVERSAL_TIME_OFFSET(0,0,.AHEAD.);
#110=DATE_TIME_ROLE('classification_date');
#111=CC_DESIGN_APPROVAL(#112,(#103));
#112=APPROVAL(#113,'UNSPECIFIED');
#113=APPROVAL_STATUS('not_yet_approved');
#114=APPROVAL_DATE_TIME(#115,#112);
#115=DATE_AND_TIME(#116,#117);
#116=CALENDAR_DATE(0,1,1);
#117=LOCAL_TIME(0,0,0.,#118);
#118=COORDINATED_UNIVERSAL_TIME_OFFSET(0,0,.AHEAD.);
#119=PRODUCT_DEFINITION_SHAPE('NONE','NONE',#101);
#120=CONTEXT_DEPENDENT_SHAPE_REPRESENTATION(#100,#119);
#121=AXIS2_PLACEMENT_3D('',#122,#123,#124);
#122=CARTESIAN_POINT('',(1.55530143491714E-016,2.54,0.));
#123=DIRECTION('',(0.,0.,1.));
#124=DIRECTION('',(1.,0.,0.));
#125=ITEM_DEFINED_TRANSFORMATION('','',#2,#121);
#126=(REPRESENTATION_RELATIONSHIP('','',#62,#1)REPRESENTATION_RELATIONSHIP_WITH_TRANSFORMATION(
#125)SHAPE_REPRESENTATION_RELATIONSHIP());
#127=NEXT_ASSEMBLY_USAGE_OCCURRENCE('2','','',#13,#65,$);
#128=CC_DESIGN_SECURITY_CLASSIFICATION(#129,(#127));
#129=SECURITY_CLASSIFICATION('','',#130);
#130=SECURITY_CLASSIFICATION_LEVEL('unclassified');
#131=CC_DESIGN_DATE_AND_TIME_ASSIGNMENT(#132,#136,(#129));
#132=DATE_AND_TIME(#133,#134);
#133=CALENDAR_DATE(0,1,1);
#134=LOCAL_TIME(0,0,0.,#135);
#135=COORDINATED_UNIVERSAL_TIME_OFFSET(0,0,.AHEAD.);
#136=DATE_TIME_ROLE('classification_date');
#137=CC_DESIGN_APPROVAL(#138,(#129));
#138=APPROVAL(#139,'UNSPECIFIED');
#139=APPROVAL_STATUS('not_yet_approved');
#140=APPROVAL_DATE_TIME(#141,#138);
#141=DATE_AND_TIME(#142,#143);
#142=CALENDAR_DATE(0,1,1);
#143=LOCAL_TIME(0,0,0.,#144);
#144=COORDINATED_UNIVERSAL_TIME_OFFSET(0,0,.AHEAD.);
#145=PRODUCT_DEFINITION_SHAPE('NONE','NONE',#127);
#146=CONTEXT_DEPENDENT_SHAPE_REPRESENTATION(#126,#145);
#147=AXIS2_PLACEMENT_3D('',#148,#149,#150);
#148=CARTESIAN_POINT('',(2.54,0.,0.));
#149=DIRECTION('',(0.,0.,1.));
#150=DIRECTION('',(1.,0.,0.));
#151=ITEM_DEFINED_TRANSFORMATION('','',#2,#147);
#152=(REPRESENTATION_RELATIONSHIP('','',#62,#1)REPRESENTATION_RELATIONSHIP_WITH_TRANSFORMATION(
#151)SHAPE_REPRESENTATION_RELATIONSHIP());
#153=NEXT_ASSEMBLY_USAGE_OCCURRENCE('3','','',#13,#65,$);
#154=CC_DESIGN_SECURITY_CLASSIFICATION(#155,(#153));
#155=SECURITY_CLASSIFICATION('','',#156);
#156=SECURITY_CLASSIFICATION_LEVEL('unclassified');
#157=CC_DESIGN_DATE_AND_TIME_ASSIGNMENT(#158,#162,(#155));
#158=DATE_AND_TIME(#159,#160);
#159=CALENDAR_DATE(0,1,1);
#160=LOCAL_TIME(0,0,0.,#161);
#161=COORDINATED_UNIVERSAL_TIME_OFFSET(0,0,.AHEAD.);
#162=DATE_TIME_ROLE('classification_date');
#163=CC_DESIGN_APPROVAL(#164,(#155));
#164=APPROVAL(#165,'UNSPECIFIED');
#165=APPROVAL_STATUS('not_yet_approved');
#166=APPROVAL_DATE_TIME(#167,#164);
#167=DATE_AND_TIME(#168,#169);
#168=CALENDAR_DATE(0,1,1);
#169=LOCAL_TIME(0,0,0.,#170);
#170=COORDINATED_UNIVERSAL_TIME_OFFSET(0,0,.AHEAD.);
#171=PRODUCT_DEFINITION_SHAPE('NONE','NONE',#153);
#172=CONTEXT_DEPENDENT_SHAPE_REPRESENTATION(#152,#171);
#173=AXIS2_PLACEMENT_3D('',#174,#175,#176);
#174=CARTESIAN_POINT('',(2.54,2.54,0.));
#175=DIRECTION('',(0.,0.,1.));
#176=DIRECTION('',(1.,0.,0.));
#177=ITEM_DEFINED_TRANSFORMATION('','',#2,#173);
#178=(REPRESENTATION_RELATIONSHIP('','',#62,#1)REPRESENTATION_RELATIONSHIP_WITH_TRANSFORMATION(
#177)SHAPE_REPRESENTATION_RELATIONSHIP());
#179=NEXT_ASSEMBLY_USAGE_OCCURRENCE('4','','',#13,#65,$);
#180=CC_DESIGN_SECURITY_CLASSIFICATION(#181,(#179));
#181=SECURITY_CLASSIFICATION('','',#182);
#182=SECURITY_CLASSIFICATION_LEVEL('unclassified');
#183=CC_DESIGN_DATE_AND_TIME_ASSIGNMENT(#184,#188,(#181));
#184=DATE_AND_TIME(#185,#186);
#185=CALENDAR_DATE(0,1,1);
#186=LOCAL_TIME(0,0,0.,#187);
#187=COORDINATED_UNIVERSAL_TIME_OFFSET(0,0,.AHEAD.);
#188=DATE_TIME_ROLE('classification_date');
#189=CC_DESIGN_APPROVAL(#190,(#181));
#190=APPROVAL(#191,'UNSPECIFIED');
#191=APPROVAL_STATUS('not_yet_approved');
#192=APPROVAL_DATE_TIME(#193,#190);
#193=DATE_AND_TIME(#194,#195);
#194=CALENDAR_DATE(0,1,1);
#195=LOCAL_TIME(0,0,0.,#196);
#196=COORDINATED_UNIVERSAL_TIME_OFFSET(0,0,.AHEAD.);
#197=PRODUCT_DEFINITION_SHAPE('NONE','NONE',#179);
#198=CONTEXT_DEPENDENT_SHAPE_REPRESENTATION(#178,#197);
#199=AXIS2_PLACEMENT_3D('',#200,#201,#202);
#200=CARTESIAN_POINT('',(5.08,0.,0.));
#201=DIRECTION('',(0.,0.,1.));
#202=DIRECTION('',(1.,0.,0.));
#203=ITEM_DEFINED_TRANSFORMATION('','',#2,#199);
#204=(REPRESENTATION_RELATIONSHIP('','',#62,#1)REPRESENTATION_RELATIONSHIP_WITH_TRANSFORMATION(
#203)SHAPE_REPRESENTATION_RELATIONSHIP());
#205=NEXT_ASSEMBLY_USAGE_OCCURRENCE('5','','',#13,#65,$);
#206=CC_DESIGN_SECURITY_CLASSIFICATION(#207,(#205));
#207=SECURITY_CLASSIFICATION('','',#208);
#208=SECURITY_CLASSIFICATION_LEVEL('unclassified');
#209=CC_DESIGN_DATE_AND_TIME_ASSIGNMENT(#210,#214,(#207));
#210=DATE_AND_TIME(#211,#212);
#211=CALENDAR_DATE(0,1,1);
#212=LOCAL_TIME(0,0,0.,#213);
#213=COORDINATED_UNIVERSAL_TIME_OFFSET(0,0,.AHEAD.);
#214=DATE_TIME_ROLE('classification_date');
#215=CC_DESIGN_APPROVAL(#216,(#207));
#216=APPROVAL(#217,'UNSPECIFIED');
#217=APPROVAL_STATUS('not_yet_approved');
#218=APPROVAL_DATE_TIME(#219,#216);
#219=DATE_AND_TIME(#220,#221);
#220=CALENDAR_DATE(0,1,1);
#221=LOCAL_TIME(0,0,0.,#222);
#222=COORDINATED_UNIVERSAL_TIME_OFFSET(0,0,.AHEAD.);
#223=PRODUCT_DEFINITION_SHAPE('NONE','NONE',#205);
#224=CONTEXT_DEPENDENT_SHAPE_REPRESENTATION(#204,#223);
#225=AXIS2_PLACEMENT_3D('',#226,#227,#228);
#226=CARTESIAN_POINT('',(5.08,2.54,0.));
#227=DIRECTION('',(0.,0.,1.));
#228=DIRECTION('',(1.,0.,0.));
#229=ITEM_DEFINED_TRANSFORMATION('','',#2,#225);
#230=(REPRESENTATION_RELATIONSHIP('','',#62,#1)REPRESENTATION_RELATIONSHIP_WITH_TRANSFORMATION(
#229)SHAPE_REPRESENTATION_RELATIONSHIP());
#231=NEXT_ASSEMBLY_USAGE_OCCURRENCE('6','','',#13,#65,$);
#232=CC_DESIGN_SECURITY_CLASSIFICATION(#233,(#231));
#233=SECURITY_CLASSIFICATION('','',#234);
#234=SECURITY_CLASSIFICATION_LEVEL('unclassified');
#235=CC_DESIGN_DATE_AND_TIME_ASSIGNMENT(#236,#240,(#233));
#236=DATE_AND_TIME(#237,#238);
#237=CALENDAR_DATE(0,1,1);
#238=LOCAL_TIME(0,0,0.,#239);
#239=COORDINATED_UNIVERSAL_TIME_OFFSET(0,0,.AHEAD.);
#240=DATE_TIME_ROLE('classification_date');
#241=CC_DESIGN_APPROVAL(#242,(#233));
#242=APPROVAL(#243,'UNSPECIFIED');
#243=APPROVAL_STATUS('not_yet_approved');
#244=APPROVAL_DATE_TIME(#245,#242);
#245=DATE_AND_TIME(#246,#247);
#246=CALENDAR_DATE(0,1,1);
#247=LOCAL_TIME(0,0,0.,#248);
#248=COORDINATED_UNIVERSAL_TIME_OFFSET(0,0,.AHEAD.);
#249=PRODUCT_DEFINITION_SHAPE('NONE','NONE',#231);
#250=CONTEXT_DEPENDENT_SHAPE_REPRESENTATION(#230,#249);
#251=AXIS2_PLACEMENT_3D('',#252,#253,#254);
#252=CARTESIAN_POINT('',(7.62,0.,0.));
#253=DIRECTION('',(0.,0.,1.));
#254=DIRECTION('',(1.,0.,0.));
#255=ITEM_DEFINED_TRANSFORMATION('','',#2,#251);
#256=(REPRESENTATION_RELATIONSHIP('','',#62,#1)REPRESENTATION_RELATIONSHIP_WITH_TRANSFORMATION(
#255)SHAPE_REPRESENTATION_RELATIONSHIP());
#257=NEXT_ASSEMBLY_USAGE_OCCURRENCE('7','','',#13,#65,$);
#258=CC_DESIGN_SECURITY_CLASSIFICATION(#259,(#257));
#259=SECURITY_CLASSIFICATION('','',#260);
#260=SECURITY_CLASSIFICATION_LEVEL('unclassified');
#261=CC_DESIGN_DATE_AND_TIME_ASSIGNMENT(#262,#266,(#259));
#262=DATE_AND_TIME(#263,#264);
#263=CALENDAR_DATE(0,1,1);
#264=LOCAL_TIME(0,0,0.,#265);
#265=COORDINATED_UNIVERSAL_TIME_OFFSET(0,0,.AHEAD.);
#266=DATE_TIME_ROLE('classification_date');
#267=CC_DESIGN_APPROVAL(#268,(#259));
#268=APPROVAL(#269,'UNSPECIFIED');
#269=APPROVAL_STATUS('not_yet_approved');
#270=APPROVAL_DATE_TIME(#271,#268);
#271=DATE_AND_TIME(#272,#273);
#272=CALENDAR_DATE(0,1,1);
#273=LOCAL_TIME(0,0,0.,#274);
#274=COORDINATED_UNIVERSAL_TIME_OFFSET(0,0,.AHEAD.);
#275=PRODUCT_DEFINITION_SHAPE('NONE','NONE',#257);
#276=CONTEXT_DEPENDENT_SHAPE_REPRESENTATION(#256,#275);
#277=AXIS2_PLACEMENT_3D('',#278,#279,#280);
#278=CARTESIAN_POINT('',(7.62,2.54,0.));
#279=DIRECTION('',(0.,0.,1.));
#280=DIRECTION('',(1.,0.,0.));
#281=ITEM_DEFINED_TRANSFORMATION('','',#2,#277);
#282=(REPRESENTATION_RELATIONSHIP('','',#62,#1)REPRESENTATION_RELATIONSHIP_WITH_TRANSFORMATION(
#281)SHAPE_REPRESENTATION_RELATIONSHIP());
#283=NEXT_ASSEMBLY_USAGE_OCCURRENCE('8','','',#13,#65,$);
#284=CC_DESIGN_SECURITY_CLASSIFICATION(#285,(#283));
#285=SECURITY_CLASSIFICATION('','',#286);
#286=SECURITY_CLASSIFICATION_LEVEL('unclassified');
#287=CC_DESIGN_DATE_AND_TIME_ASSIGNMENT(#288,#292,(#285));
#288=DATE_AND_TIME(#289,#290);
#289=CALENDAR_DATE(0,1,1);
#290=LOCAL_TIME(0,0,0.,#291);
#291=COORDINATED_UNIVERSAL_TIME_OFFSET(0,0,.AHEAD.);
#292=DATE_TIME_ROLE('classification_date');
#293=CC_DESIGN_APPROVAL(#294,(#285));
#294=APPROVAL(#295,'UNSPECIFIED');
#295=APPROVAL_STATUS('not_yet_approved');
#296=APPROVAL_DATE_TIME(#297,#294);
#297=DATE_AND_TIME(#298,#299);
#298=CALENDAR_DATE(0,1,1);
#299=LOCAL_TIME(0,0,0.,#300);
#300=COORDINATED_UNIVERSAL_TIME_OFFSET(0,0,.AHEAD.);
#301=PRODUCT_DEFINITION_SHAPE('NONE','NONE',#283);
#302=CONTEXT_DEPENDENT_SHAPE_REPRESENTATION(#282,#301);
#303=AXIS2_PLACEMENT_3D('',#304,#305,#306);
#304=CARTESIAN_POINT('',(10.16,0.,0.));
#305=DIRECTION('',(0.,0.,1.));
#306=DIRECTION('',(1.,0.,0.));
#307=ITEM_DEFINED_TRANSFORMATION('','',#2,#303);
#308=(REPRESENTATION_RELATIONSHIP('','',#62,#1)REPRESENTATION_RELATIONSHIP_WITH_TRANSFORMATION(
#307)SHAPE_REPRESENTATION_RELATIONSHIP());
#309=NEXT_ASSEMBLY_USAGE_OCCURRENCE('9','','',#13,#65,$);
#310=CC_DESIGN_SECURITY_CLASSIFICATION(#311,(#309));
#311=SECURITY_CLASSIFICATION('','',#312);
#312=SECURITY_CLASSIFICATION_LEVEL('unclassified');
#313=CC_DESIGN_DATE_AND_TIME_ASSIGNMENT(#314,#318,(#311));
#314=DATE_AND_TIME(#315,#316);
#315=CALENDAR_DATE(0,1,1);
#316=LOCAL_TIME(0,0,0.,#317);
#317=COORDINATED_UNIVERSAL_TIME_OFFSET(0,0,.AHEAD.);
#318=DATE_TIME_ROLE('classification_date');
#319=CC_DESIGN_APPROVAL(#320,(#311));
#320=APPROVAL(#321,'UNSPECIFIED');
#321=APPROVAL_STATUS('not_yet_approved');
#322=APPROVAL_DATE_TIME(#323,#320);
#323=DATE_AND_TIME(#324,#325);
#324=CALENDAR_DATE(0,1,1);
#325=LOCAL_TIME(0,0,0.,#326);
#326=COORDINATED_UNIVERSAL_TIME_OFFSET(0,0,.AHEAD.);
#327=PRODUCT_DEFINITION_SHAPE('NONE','NONE',#309);
#328=CONTEXT_DEPENDENT_SHAPE_REPRESENTATION(#308,#327);
#329=AXIS2_PLACEMENT_3D('',#330,#331,#332);
#330=CARTESIAN_POINT('',(10.16,2.54,0.));
#331=DIRECTION('',(0.,0.,1.));
#332=DIRECTION('',(1.,0.,0.));
#333=ITEM_DEFINED_TRANSFORMATION('','',#2,#329);
#334=(REPRESENTATION_RELATIONSHIP('','',#62,#1)REPRESENTATION_RELATIONSHIP_WITH_TRANSFORMATION(
#333)SHAPE_REPRESENTATION_RELATIONSHIP());
#335=NEXT_ASSEMBLY_USAGE_OCCURRENCE('10','','',#13,#65,$);
#336=CC_DESIGN_SECURITY_CLASSIFICATION(#337,(#335));
#337=SECURITY_CLASSIFICATION('','',#338);
#338=SECURITY_CLASSIFICATION_LEVEL('unclassified');
#339=CC_DESIGN_DATE_AND_TIME_ASSIGNMENT(#340,#344,(#337));
#340=DATE_AND_TIME(#341,#342);
#341=CALENDAR_DATE(0,1,1);
#342=LOCAL_TIME(0,0,0.,#343);
#343=COORDINATED_UNIVERSAL_TIME_OFFSET(0,0,.AHEAD.);
#344=DATE_TIME_ROLE('classification_date');
#345=CC_DESIGN_APPROVAL(#346,(#337));
#346=APPROVAL(#347,'UNSPECIFIED');
#347=APPROVAL_STATUS('not_yet_approved');
#348=APPROVAL_DATE_TIME(#349,#346);
#349=DATE_AND_TIME(#350,#351);
#350=CALENDAR_DATE(0,1,1);
#351=LOCAL_TIME(0,0,0.,#352);
#352=COORDINATED_UNIVERSAL_TIME_OFFSET(0,0,.AHEAD.);
#353=PRODUCT_DEFINITION_SHAPE('NONE','NONE',#335);
#354=CONTEXT_DEPENDENT_SHAPE_REPRESENTATION(#334,#353);
#355=ADVANCED_FACE('',(#1255),#1257,.F.);
#356=COLOUR_RGB($,0.156862745098039,0.156862745098039,0.156862745098039);
#357=FILL_AREA_STYLE_COLOUR($,#356);
#358=FILL_AREA_STYLE($,(#357));
#359=SURFACE_STYLE_FILL_AREA(#358);
#360=SURFACE_SIDE_STYLE('',(#359));
#361=SURFACE_STYLE_USAGE(.BOTH.,#360);
#362=PRESENTATION_STYLE_ASSIGNMENT((#361));
#363=STYLED_ITEM('',(#362),#355);
#364=ADVANCED_FACE('',(#1262),#1264,.F.);
#365=COLOUR_RGB($,0.156862745098039,0.156862745098039,0.156862745098039);
#366=FILL_AREA_STYLE_COLOUR($,#365);
#367=FILL_AREA_STYLE($,(#366));
#368=SURFACE_STYLE_FILL_AREA(#367);
#369=SURFACE_SIDE_STYLE('',(#368));
#370=SURFACE_STYLE_USAGE(.BOTH.,#369);
#371=PRESENTATION_STYLE_ASSIGNMENT((#370));
#372=STYLED_ITEM('',(#371),#364);
#373=ADVANCED_FACE('',(#1269),#1271,.T.);
#374=COLOUR_RGB($,0.156862745098039,0.156862745098039,0.156862745098039);
#375=FILL_AREA_STYLE_COLOUR($,#374);
#376=FILL_AREA_STYLE($,(#375));
#377=SURFACE_STYLE_FILL_AREA(#376);
#378=SURFACE_SIDE_STYLE('',(#377));
#379=SURFACE_STYLE_USAGE(.BOTH.,#378);
#380=PRESENTATION_STYLE_ASSIGNMENT((#379));
#381=STYLED_ITEM('',(#380),#373);
#382=ADVANCED_FACE('',(#1276),#1278,.T.);
#383=COLOUR_RGB($,0.156862745098039,0.156862745098039,0.156862745098039);
#384=FILL_AREA_STYLE_COLOUR($,#383);
#385=FILL_AREA_STYLE($,(#384));
#386=SURFACE_STYLE_FILL_AREA(#385);
#387=SURFACE_SIDE_STYLE('',(#386));
#388=SURFACE_STYLE_USAGE(.BOTH.,#387);
#389=PRESENTATION_STYLE_ASSIGNMENT((#388));
#390=STYLED_ITEM('',(#389),#382);
#391=ADVANCED_FACE('',(#1283,#1285,#1287,#1289,#1291,#1293,#1295,#1297,#1299,#1301,
#1303,#1305,#1307,#1309,#1311),#1313,.F.);
#392=COLOUR_RGB($,0.156862745098039,0.156862745098039,0.156862745098039);
#393=FILL_AREA_STYLE_COLOUR($,#392);
#394=FILL_AREA_STYLE($,(#393));
#395=SURFACE_STYLE_FILL_AREA(#394);
#396=SURFACE_SIDE_STYLE('',(#395));
#397=SURFACE_STYLE_USAGE(.BOTH.,#396);
#398=PRESENTATION_STYLE_ASSIGNMENT((#397));
#399=STYLED_ITEM('',(#398),#391);
#400=ADVANCED_FACE('',(#1318,#1320,#1322,#1324,#1326,#1328,#1330,#1332,#1334,#1336,
#1338,#1340,#1342,#1344,#1346),#1348,.T.);
#401=COLOUR_RGB($,0.156862745098039,0.156862745098039,0.156862745098039);
#402=FILL_AREA_STYLE_COLOUR($,#401);
#403=FILL_AREA_STYLE($,(#402));
#404=SURFACE_STYLE_FILL_AREA(#403);
#405=SURFACE_SIDE_STYLE('',(#404));
#406=SURFACE_STYLE_USAGE(.BOTH.,#405);
#407=PRESENTATION_STYLE_ASSIGNMENT((#406));
#408=STYLED_ITEM('',(#407),#400);
#409=ADVANCED_FACE('',(#1353),#1355,.F.);
#410=COLOUR_RGB($,0.156862745098039,0.156862745098039,0.156862745098039);
#411=FILL_AREA_STYLE_COLOUR($,#410);
#412=FILL_AREA_STYLE($,(#411));
#413=SURFACE_STYLE_FILL_AREA(#412);
#414=SURFACE_SIDE_STYLE('',(#413));
#415=SURFACE_STYLE_USAGE(.BOTH.,#414);
#416=PRESENTATION_STYLE_ASSIGNMENT((#415));
#417=STYLED_ITEM('',(#416),#409);
#418=ADVANCED_FACE('',(#1360),#1362,.F.);
#419=COLOUR_RGB($,0.156862745098039,0.156862745098039,0.156862745098039);
#420=FILL_AREA_STYLE_COLOUR($,#419);
#421=FILL_AREA_STYLE($,(#420));
#422=SURFACE_STYLE_FILL_AREA(#421);
#423=SURFACE_SIDE_STYLE('',(#422));
#424=SURFACE_STYLE_USAGE(.BOTH.,#423);
#425=PRESENTATION_STYLE_ASSIGNMENT((#424));
#426=STYLED_ITEM('',(#425),#418);
#427=ADVANCED_FACE('',(#1367),#1369,.F.);
#428=COLOUR_RGB($,0.156862745098039,0.156862745098039,0.156862745098039);
#429=FILL_AREA_STYLE_COLOUR($,#428);
#430=FILL_AREA_STYLE($,(#429));
#431=SURFACE_STYLE_FILL_AREA(#430);
#432=SURFACE_SIDE_STYLE('',(#431));
#433=SURFACE_STYLE_USAGE(.BOTH.,#432);
#434=PRESENTATION_STYLE_ASSIGNMENT((#433));
#435=STYLED_ITEM('',(#434),#427);
#436=ADVANCED_FACE('',(#1374),#1376,.F.);
#437=COLOUR_RGB($,0.156862745098039,0.156862745098039,0.156862745098039);
#438=FILL_AREA_STYLE_COLOUR($,#437);
#439=FILL_AREA_STYLE($,(#438));
#440=SURFACE_STYLE_FILL_AREA(#439);
#441=SURFACE_SIDE_STYLE('',(#440));
#442=SURFACE_STYLE_USAGE(.BOTH.,#441);
#443=PRESENTATION_STYLE_ASSIGNMENT((#442));
#444=STYLED_ITEM('',(#443),#436);
#445=ADVANCED_FACE('',(#1381),#1383,.F.);
#446=COLOUR_RGB($,0.156862745098039,0.156862745098039,0.156862745098039);
#447=FILL_AREA_STYLE_COLOUR($,#446);
#448=FILL_AREA_STYLE($,(#447));
#449=SURFACE_STYLE_FILL_AREA(#448);
#450=SURFACE_SIDE_STYLE('',(#449));
#451=SURFACE_STYLE_USAGE(.BOTH.,#450);
#452=PRESENTATION_STYLE_ASSIGNMENT((#451));
#453=STYLED_ITEM('',(#452),#445);
#454=ADVANCED_FACE('',(#1388),#1390,.F.);
#455=COLOUR_RGB($,0.156862745098039,0.156862745098039,0.156862745098039);
#456=FILL_AREA_STYLE_COLOUR($,#455);
#457=FILL_AREA_STYLE($,(#456));
#458=SURFACE_STYLE_FILL_AREA(#457);
#459=SURFACE_SIDE_STYLE('',(#458));
#460=SURFACE_STYLE_USAGE(.BOTH.,#459);
#461=PRESENTATION_STYLE_ASSIGNMENT((#460));
#462=STYLED_ITEM('',(#461),#454);
#463=ADVANCED_FACE('',(#1395),#1397,.F.);
#464=COLOUR_RGB($,0.156862745098039,0.156862745098039,0.156862745098039);
#465=FILL_AREA_STYLE_COLOUR($,#464);
#466=FILL_AREA_STYLE($,(#465));
#467=SURFACE_STYLE_FILL_AREA(#466);
#468=SURFACE_SIDE_STYLE('',(#467));
#469=SURFACE_STYLE_USAGE(.BOTH.,#468);
#470=PRESENTATION_STYLE_ASSIGNMENT((#469));
#471=STYLED_ITEM('',(#470),#463);
#472=ADVANCED_FACE('',(#1402),#1404,.F.);
#473=COLOUR_RGB($,0.156862745098039,0.156862745098039,0.156862745098039);
#474=FILL_AREA_STYLE_COLOUR($,#473);
#475=FILL_AREA_STYLE($,(#474));
#476=SURFACE_STYLE_FILL_AREA(#475);
#477=SURFACE_SIDE_STYLE('',(#476));
#478=SURFACE_STYLE_USAGE(.BOTH.,#477);
#479=PRESENTATION_STYLE_ASSIGNMENT((#478));
#480=STYLED_ITEM('',(#479),#472);
#481=ADVANCED_FACE('',(#1409),#1411,.T.);
#482=COLOUR_RGB($,0.156862745098039,0.156862745098039,0.156862745098039);
#483=FILL_AREA_STYLE_COLOUR($,#482);
#484=FILL_AREA_STYLE($,(#483));
#485=SURFACE_STYLE_FILL_AREA(#484);
#486=SURFACE_SIDE_STYLE('',(#485));
#487=SURFACE_STYLE_USAGE(.BOTH.,#486);
#488=PRESENTATION_STYLE_ASSIGNMENT((#487));
#489=STYLED_ITEM('',(#488),#481);
#490=ADVANCED_FACE('',(#1416),#1418,.F.);
#491=COLOUR_RGB($,0.156862745098039,0.156862745098039,0.156862745098039);
#492=FILL_AREA_STYLE_COLOUR($,#491);
#493=FILL_AREA_STYLE($,(#492));
#494=SURFACE_STYLE_FILL_AREA(#493);
#495=SURFACE_SIDE_STYLE('',(#494));
#496=SURFACE_STYLE_USAGE(.BOTH.,#495);
#497=PRESENTATION_STYLE_ASSIGNMENT((#496));
#498=STYLED_ITEM('',(#497),#490);
#499=ADVANCED_FACE('',(#1423),#1425,.F.);
#500=COLOUR_RGB($,0.156862745098039,0.156862745098039,0.156862745098039);
#501=FILL_AREA_STYLE_COLOUR($,#500);
#502=FILL_AREA_STYLE($,(#501));
#503=SURFACE_STYLE_FILL_AREA(#502);
#504=SURFACE_SIDE_STYLE('',(#503));
#505=SURFACE_STYLE_USAGE(.BOTH.,#504);
#506=PRESENTATION_STYLE_ASSIGNMENT((#505));
#507=STYLED_ITEM('',(#506),#499);
#508=ADVANCED_FACE('',(#1430),#1432,.T.);
#509=COLOUR_RGB($,0.156862745098039,0.156862745098039,0.156862745098039);
#510=FILL_AREA_STYLE_COLOUR($,#509);
#511=FILL_AREA_STYLE($,(#510));
#512=SURFACE_STYLE_FILL_AREA(#511);
#513=SURFACE_SIDE_STYLE('',(#512));
#514=SURFACE_STYLE_USAGE(.BOTH.,#513);
#515=PRESENTATION_STYLE_ASSIGNMENT((#514));
#516=STYLED_ITEM('',(#515),#508);
#517=ADVANCED_FACE('',(#1437),#1439,.F.);
#518=COLOUR_RGB($,0.156862745098039,0.156862745098039,0.156862745098039);
#519=FILL_AREA_STYLE_COLOUR($,#518);
#520=FILL_AREA_STYLE($,(#519));
#521=SURFACE_STYLE_FILL_AREA(#520);
#522=SURFACE_SIDE_STYLE('',(#521));
#523=SURFACE_STYLE_USAGE(.BOTH.,#522);
#524=PRESENTATION_STYLE_ASSIGNMENT((#523));
#525=STYLED_ITEM('',(#524),#517);
#526=ADVANCED_FACE('',(#1444),#1446,.F.);
#527=COLOUR_RGB($,0.156862745098039,0.156862745098039,0.156862745098039);
#528=FILL_AREA_STYLE_COLOUR($,#527);
#529=FILL_AREA_STYLE($,(#528));
#530=SURFACE_STYLE_FILL_AREA(#529);
#531=SURFACE_SIDE_STYLE('',(#530));
#532=SURFACE_STYLE_USAGE(.BOTH.,#531);
#533=PRESENTATION_STYLE_ASSIGNMENT((#532));
#534=STYLED_ITEM('',(#533),#526);
#535=ADVANCED_FACE('',(#1451),#1453,.F.);
#536=COLOUR_RGB($,0.156862745098039,0.156862745098039,0.156862745098039);
#537=FILL_AREA_STYLE_COLOUR($,#536);
#538=FILL_AREA_STYLE($,(#537));
#539=SURFACE_STYLE_FILL_AREA(#538);
#540=SURFACE_SIDE_STYLE('',(#539));
#541=SURFACE_STYLE_USAGE(.BOTH.,#540);
#542=PRESENTATION_STYLE_ASSIGNMENT((#541));
#543=STYLED_ITEM('',(#542),#535);
#544=ADVANCED_FACE('',(#1458),#1460,.T.);
#545=COLOUR_RGB($,0.156862745098039,0.156862745098039,0.156862745098039);
#546=FILL_AREA_STYLE_COLOUR($,#545);
#547=FILL_AREA_STYLE($,(#546));
#548=SURFACE_STYLE_FILL_AREA(#547);
#549=SURFACE_SIDE_STYLE('',(#548));
#550=SURFACE_STYLE_USAGE(.BOTH.,#549);
#551=PRESENTATION_STYLE_ASSIGNMENT((#550));
#552=STYLED_ITEM('',(#551),#544);
#553=ADVANCED_FACE('',(#1465),#1467,.F.);
#554=COLOUR_RGB($,0.156862745098039,0.156862745098039,0.156862745098039);
#555=FILL_AREA_STYLE_COLOUR($,#554);
#556=FILL_AREA_STYLE($,(#555));
#557=SURFACE_STYLE_FILL_AREA(#556);
#558=SURFACE_SIDE_STYLE('',(#557));
#559=SURFACE_STYLE_USAGE(.BOTH.,#558);
#560=PRESENTATION_STYLE_ASSIGNMENT((#559));
#561=STYLED_ITEM('',(#560),#553);
#562=ADVANCED_FACE('',(#1472),#1474,.F.);
#563=COLOUR_RGB($,0.156862745098039,0.156862745098039,0.156862745098039);
#564=FILL_AREA_STYLE_COLOUR($,#563);
#565=FILL_AREA_STYLE($,(#564));
#566=SURFACE_STYLE_FILL_AREA(#565);
#567=SURFACE_SIDE_STYLE('',(#566));
#568=SURFACE_STYLE_USAGE(.BOTH.,#567);
#569=PRESENTATION_STYLE_ASSIGNMENT((#568));
#570=STYLED_ITEM('',(#569),#562);
#571=ADVANCED_FACE('',(#1479),#1481,.F.);
#572=COLOUR_RGB($,0.156862745098039,0.156862745098039,0.156862745098039);
#573=FILL_AREA_STYLE_COLOUR($,#572);
#574=FILL_AREA_STYLE($,(#573));
#575=SURFACE_STYLE_FILL_AREA(#574);
#576=SURFACE_SIDE_STYLE('',(#575));
#577=SURFACE_STYLE_USAGE(.BOTH.,#576);
#578=PRESENTATION_STYLE_ASSIGNMENT((#577));
#579=STYLED_ITEM('',(#578),#571);
#580=ADVANCED_FACE('',(#1486),#1488,.T.);
#581=COLOUR_RGB($,0.156862745098039,0.156862745098039,0.156862745098039);
#582=FILL_AREA_STYLE_COLOUR($,#581);
#583=FILL_AREA_STYLE($,(#582));
#584=SURFACE_STYLE_FILL_AREA(#583);
#585=SURFACE_SIDE_STYLE('',(#584));
#586=SURFACE_STYLE_USAGE(.BOTH.,#585);
#587=PRESENTATION_STYLE_ASSIGNMENT((#586));
#588=STYLED_ITEM('',(#587),#580);
#589=ADVANCED_FACE('',(#1493),#1495,.T.);
#590=COLOUR_RGB($,0.156862745098039,0.156862745098039,0.156862745098039);
#591=FILL_AREA_STYLE_COLOUR($,#590);
#592=FILL_AREA_STYLE($,(#591));
#593=SURFACE_STYLE_FILL_AREA(#592);
#594=SURFACE_SIDE_STYLE('',(#593));
#595=SURFACE_STYLE_USAGE(.BOTH.,#594);
#596=PRESENTATION_STYLE_ASSIGNMENT((#595));
#597=STYLED_ITEM('',(#596),#589);
#598=ADVANCED_FACE('',(#1500),#1502,.T.);
#599=COLOUR_RGB($,0.156862745098039,0.156862745098039,0.156862745098039);
#600=FILL_AREA_STYLE_COLOUR($,#599);
#601=FILL_AREA_STYLE($,(#600));
#602=SURFACE_STYLE_FILL_AREA(#601);
#603=SURFACE_SIDE_STYLE('',(#602));
#604=SURFACE_STYLE_USAGE(.BOTH.,#603);
#605=PRESENTATION_STYLE_ASSIGNMENT((#604));
#606=STYLED_ITEM('',(#605),#598);
#607=ADVANCED_FACE('',(#1507),#1509,.T.);
#608=COLOUR_RGB($,0.156862745098039,0.156862745098039,0.156862745098039);
#609=FILL_AREA_STYLE_COLOUR($,#608);
#610=FILL_AREA_STYLE($,(#609));
#611=SURFACE_STYLE_FILL_AREA(#610);
#612=SURFACE_SIDE_STYLE('',(#611));
#613=SURFACE_STYLE_USAGE(.BOTH.,#612);
#614=PRESENTATION_STYLE_ASSIGNMENT((#613));
#615=STYLED_ITEM('',(#614),#607);
#616=ADVANCED_FACE('',(#1514),#1516,.T.);
#617=COLOUR_RGB($,0.156862745098039,0.156862745098039,0.156862745098039);
#618=FILL_AREA_STYLE_COLOUR($,#617);
#619=FILL_AREA_STYLE($,(#618));
#620=SURFACE_STYLE_FILL_AREA(#619);
#621=SURFACE_SIDE_STYLE('',(#620));
#622=SURFACE_STYLE_USAGE(.BOTH.,#621);
#623=PRESENTATION_STYLE_ASSIGNMENT((#622));
#624=STYLED_ITEM('',(#623),#616);
#625=ADVANCED_FACE('',(#1521),#1523,.T.);
#626=COLOUR_RGB($,0.156862745098039,0.156862745098039,0.156862745098039);
#627=FILL_AREA_STYLE_COLOUR($,#626);
#628=FILL_AREA_STYLE($,(#627));
#629=SURFACE_STYLE_FILL_AREA(#628);
#630=SURFACE_SIDE_STYLE('',(#629));
#631=SURFACE_STYLE_USAGE(.BOTH.,#630);
#632=PRESENTATION_STYLE_ASSIGNMENT((#631));
#633=STYLED_ITEM('',(#632),#625);
#634=ADVANCED_FACE('',(#1528),#1530,.T.);
#635=COLOUR_RGB($,0.156862745098039,0.156862745098039,0.156862745098039);
#636=FILL_AREA_STYLE_COLOUR($,#635);
#637=FILL_AREA_STYLE($,(#636));
#638=SURFACE_STYLE_FILL_AREA(#637);
#639=SURFACE_SIDE_STYLE('',(#638));
#640=SURFACE_STYLE_USAGE(.BOTH.,#639);
#641=PRESENTATION_STYLE_ASSIGNMENT((#640));
#642=STYLED_ITEM('',(#641),#634);
#643=ADVANCED_FACE('',(#1535),#1537,.T.);
#644=COLOUR_RGB($,0.156862745098039,0.156862745098039,0.156862745098039);
#645=FILL_AREA_STYLE_COLOUR($,#644);
#646=FILL_AREA_STYLE($,(#645));
#647=SURFACE_STYLE_FILL_AREA(#646);
#648=SURFACE_SIDE_STYLE('',(#647));
#649=SURFACE_STYLE_USAGE(.BOTH.,#648);
#650=PRESENTATION_STYLE_ASSIGNMENT((#649));
#651=STYLED_ITEM('',(#650),#643);
#652=ADVANCED_FACE('',(#1542),#1544,.F.);
#653=COLOUR_RGB($,0.156862745098039,0.156862745098039,0.156862745098039);
#654=FILL_AREA_STYLE_COLOUR($,#653);
#655=FILL_AREA_STYLE($,(#654));
#656=SURFACE_STYLE_FILL_AREA(#655);
#657=SURFACE_SIDE_STYLE('',(#656));
#658=SURFACE_STYLE_USAGE(.BOTH.,#657);
#659=PRESENTATION_STYLE_ASSIGNMENT((#658));
#660=STYLED_ITEM('',(#659),#652);
#661=ADVANCED_FACE('',(#1549),#1551,.F.);
#662=COLOUR_RGB($,0.156862745098039,0.156862745098039,0.156862745098039);
#663=FILL_AREA_STYLE_COLOUR($,#662);
#664=FILL_AREA_STYLE($,(#663));
#665=SURFACE_STYLE_FILL_AREA(#664);
#666=SURFACE_SIDE_STYLE('',(#665));
#667=SURFACE_STYLE_USAGE(.BOTH.,#666);
#668=PRESENTATION_STYLE_ASSIGNMENT((#667));
#669=STYLED_ITEM('',(#668),#661);
#670=ADVANCED_FACE('',(#1556),#1558,.F.);
#671=COLOUR_RGB($,0.156862745098039,0.156862745098039,0.156862745098039);
#672=FILL_AREA_STYLE_COLOUR($,#671);
#673=FILL_AREA_STYLE($,(#672));
#674=SURFACE_STYLE_FILL_AREA(#673);
#675=SURFACE_SIDE_STYLE('',(#674));
#676=SURFACE_STYLE_USAGE(.BOTH.,#675);
#677=PRESENTATION_STYLE_ASSIGNMENT((#676));
#678=STYLED_ITEM('',(#677),#670);
#679=ADVANCED_FACE('',(#1563),#1565,.T.);
#680=COLOUR_RGB($,0.156862745098039,0.156862745098039,0.156862745098039);
#681=FILL_AREA_STYLE_COLOUR($,#680);
#682=FILL_AREA_STYLE($,(#681));
#683=SURFACE_STYLE_FILL_AREA(#682);
#684=SURFACE_SIDE_STYLE('',(#683));
#685=SURFACE_STYLE_USAGE(.BOTH.,#684);
#686=PRESENTATION_STYLE_ASSIGNMENT((#685));
#687=STYLED_ITEM('',(#686),#679);
#688=ADVANCED_FACE('',(#1570),#1572,.F.);
#689=COLOUR_RGB($,0.156862745098039,0.156862745098039,0.156862745098039);
#690=FILL_AREA_STYLE_COLOUR($,#689);
#691=FILL_AREA_STYLE($,(#690));
#692=SURFACE_STYLE_FILL_AREA(#691);
#693=SURFACE_SIDE_STYLE('',(#692));
#694=SURFACE_STYLE_USAGE(.BOTH.,#693);
#695=PRESENTATION_STYLE_ASSIGNMENT((#694));
#696=STYLED_ITEM('',(#695),#688);
#697=ADVANCED_FACE('',(#1577),#1579,.F.);
#698=COLOUR_RGB($,0.156862745098039,0.156862745098039,0.156862745098039);
#699=FILL_AREA_STYLE_COLOUR($,#698);
#700=FILL_AREA_STYLE($,(#699));
#701=SURFACE_STYLE_FILL_AREA(#700);
#702=SURFACE_SIDE_STYLE('',(#701));
#703=SURFACE_STYLE_USAGE(.BOTH.,#702);
#704=PRESENTATION_STYLE_ASSIGNMENT((#703));
#705=STYLED_ITEM('',(#704),#697);
#706=ADVANCED_FACE('',(#1584),#1586,.F.);
#707=COLOUR_RGB($,0.156862745098039,0.156862745098039,0.156862745098039);
#708=FILL_AREA_STYLE_COLOUR($,#707);
#709=FILL_AREA_STYLE($,(#708));
#710=SURFACE_STYLE_FILL_AREA(#709);
#711=SURFACE_SIDE_STYLE('',(#710));
#712=SURFACE_STYLE_USAGE(.BOTH.,#711);
#713=PRESENTATION_STYLE_ASSIGNMENT((#712));
#714=STYLED_ITEM('',(#713),#706);
#715=ADVANCED_FACE('',(#1591),#1593,.T.);
#716=COLOUR_RGB($,0.156862745098039,0.156862745098039,0.156862745098039);
#717=FILL_AREA_STYLE_COLOUR($,#716);
#718=FILL_AREA_STYLE($,(#717));
#719=SURFACE_STYLE_FILL_AREA(#718);
#720=SURFACE_SIDE_STYLE('',(#719));
#721=SURFACE_STYLE_USAGE(.BOTH.,#720);
#722=PRESENTATION_STYLE_ASSIGNMENT((#721));
#723=STYLED_ITEM('',(#722),#715);
#724=ADVANCED_FACE('',(#1598),#1600,.F.);
#725=COLOUR_RGB($,0.156862745098039,0.156862745098039,0.156862745098039);
#726=FILL_AREA_STYLE_COLOUR($,#725);
#727=FILL_AREA_STYLE($,(#726));
#728=SURFACE_STYLE_FILL_AREA(#727);
#729=SURFACE_SIDE_STYLE('',(#728));
#730=SURFACE_STYLE_USAGE(.BOTH.,#729);
#731=PRESENTATION_STYLE_ASSIGNMENT((#730));
#732=STYLED_ITEM('',(#731),#724);
#733=ADVANCED_FACE('',(#1605),#1607,.F.);
#734=COLOUR_RGB($,0.156862745098039,0.156862745098039,0.156862745098039);
#735=FILL_AREA_STYLE_COLOUR($,#734);
#736=FILL_AREA_STYLE($,(#735));
#737=SURFACE_STYLE_FILL_AREA(#736);
#738=SURFACE_SIDE_STYLE('',(#737));
#739=SURFACE_STYLE_USAGE(.BOTH.,#738);
#740=PRESENTATION_STYLE_ASSIGNMENT((#739));
#741=STYLED_ITEM('',(#740),#733);
#742=ADVANCED_FACE('',(#1612),#1614,.F.);
#743=COLOUR_RGB($,0.156862745098039,0.156862745098039,0.156862745098039);
#744=FILL_AREA_STYLE_COLOUR($,#743);
#745=FILL_AREA_STYLE($,(#744));
#746=SURFACE_STYLE_FILL_AREA(#745);
#747=SURFACE_SIDE_STYLE('',(#746));
#748=SURFACE_STYLE_USAGE(.BOTH.,#747);
#749=PRESENTATION_STYLE_ASSIGNMENT((#748));
#750=STYLED_ITEM('',(#749),#742);
#751=ADVANCED_FACE('',(#1619),#1621,.T.);
#752=COLOUR_RGB($,0.156862745098039,0.156862745098039,0.156862745098039);
#753=FILL_AREA_STYLE_COLOUR($,#752);
#754=FILL_AREA_STYLE($,(#753));
#755=SURFACE_STYLE_FILL_AREA(#754);
#756=SURFACE_SIDE_STYLE('',(#755));
#757=SURFACE_STYLE_USAGE(.BOTH.,#756);
#758=PRESENTATION_STYLE_ASSIGNMENT((#757));
#759=STYLED_ITEM('',(#758),#751);
#760=ADVANCED_FACE('',(#1626),#1628,.F.);
#761=COLOUR_RGB($,0.156862745098039,0.156862745098039,0.156862745098039);
#762=FILL_AREA_STYLE_COLOUR($,#761);
#763=FILL_AREA_STYLE($,(#762));
#764=SURFACE_STYLE_FILL_AREA(#763);
#765=SURFACE_SIDE_STYLE('',(#764));
#766=SURFACE_STYLE_USAGE(.BOTH.,#765);
#767=PRESENTATION_STYLE_ASSIGNMENT((#766));
#768=STYLED_ITEM('',(#767),#760);
#769=ADVANCED_FACE('',(#1633),#1635,.F.);
#770=COLOUR_RGB($,0.156862745098039,0.156862745098039,0.156862745098039);
#771=FILL_AREA_STYLE_COLOUR($,#770);
#772=FILL_AREA_STYLE($,(#771));
#773=SURFACE_STYLE_FILL_AREA(#772);
#774=SURFACE_SIDE_STYLE('',(#773));
#775=SURFACE_STYLE_USAGE(.BOTH.,#774);
#776=PRESENTATION_STYLE_ASSIGNMENT((#775));
#777=STYLED_ITEM('',(#776),#769);
#778=ADVANCED_FACE('',(#1640),#1642,.F.);
#779=COLOUR_RGB($,0.156862745098039,0.156862745098039,0.156862745098039);
#780=FILL_AREA_STYLE_COLOUR($,#779);
#781=FILL_AREA_STYLE($,(#780));
#782=SURFACE_STYLE_FILL_AREA(#781);
#783=SURFACE_SIDE_STYLE('',(#782));
#784=SURFACE_STYLE_USAGE(.BOTH.,#783);
#785=PRESENTATION_STYLE_ASSIGNMENT((#784));
#786=STYLED_ITEM('',(#785),#778);
#787=ADVANCED_FACE('',(#1647),#1649,.T.);
#788=COLOUR_RGB($,0.156862745098039,0.156862745098039,0.156862745098039);
#789=FILL_AREA_STYLE_COLOUR($,#788);
#790=FILL_AREA_STYLE($,(#789));
#791=SURFACE_STYLE_FILL_AREA(#790);
#792=SURFACE_SIDE_STYLE('',(#791));
#793=SURFACE_STYLE_USAGE(.BOTH.,#792);
#794=PRESENTATION_STYLE_ASSIGNMENT((#793));
#795=STYLED_ITEM('',(#794),#787);
#796=ADVANCED_FACE('',(#1654),#1656,.T.);
#797=COLOUR_RGB($,0.156862745098039,0.156862745098039,0.156862745098039);
#798=FILL_AREA_STYLE_COLOUR($,#797);
#799=FILL_AREA_STYLE($,(#798));
#800=SURFACE_STYLE_FILL_AREA(#799);
#801=SURFACE_SIDE_STYLE('',(#800));
#802=SURFACE_STYLE_USAGE(.BOTH.,#801);
#803=PRESENTATION_STYLE_ASSIGNMENT((#802));
#804=STYLED_ITEM('',(#803),#796);
#805=ADVANCED_FACE('',(#1661),#1663,.T.);
#806=COLOUR_RGB($,0.156862745098039,0.156862745098039,0.156862745098039);
#807=FILL_AREA_STYLE_COLOUR($,#806);
#808=FILL_AREA_STYLE($,(#807));
#809=SURFACE_STYLE_FILL_AREA(#808);
#810=SURFACE_SIDE_STYLE('',(#809));
#811=SURFACE_STYLE_USAGE(.BOTH.,#810);
#812=PRESENTATION_STYLE_ASSIGNMENT((#811));
#813=STYLED_ITEM('',(#812),#805);
#814=ADVANCED_FACE('',(#1668),#1670,.T.);
#815=COLOUR_RGB($,0.156862745098039,0.156862745098039,0.156862745098039);
#816=FILL_AREA_STYLE_COLOUR($,#815);
#817=FILL_AREA_STYLE($,(#816));
#818=SURFACE_STYLE_FILL_AREA(#817);
#819=SURFACE_SIDE_STYLE('',(#818));
#820=SURFACE_STYLE_USAGE(.BOTH.,#819);
#821=PRESENTATION_STYLE_ASSIGNMENT((#820));
#822=STYLED_ITEM('',(#821),#814);
#823=ADVANCED_FACE('',(#1675),#1677,.T.);
#824=COLOUR_RGB($,0.156862745098039,0.156862745098039,0.156862745098039);
#825=FILL_AREA_STYLE_COLOUR($,#824);
#826=FILL_AREA_STYLE($,(#825));
#827=SURFACE_STYLE_FILL_AREA(#826);
#828=SURFACE_SIDE_STYLE('',(#827));
#829=SURFACE_STYLE_USAGE(.BOTH.,#828);
#830=PRESENTATION_STYLE_ASSIGNMENT((#829));
#831=STYLED_ITEM('',(#830),#823);
#832=ADVANCED_FACE('',(#1682),#1684,.T.);
#833=COLOUR_RGB($,0.156862745098039,0.156862745098039,0.156862745098039);
#834=FILL_AREA_STYLE_COLOUR($,#833);
#835=FILL_AREA_STYLE($,(#834));
#836=SURFACE_STYLE_FILL_AREA(#835);
#837=SURFACE_SIDE_STYLE('',(#836));
#838=SURFACE_STYLE_USAGE(.BOTH.,#837);
#839=PRESENTATION_STYLE_ASSIGNMENT((#838));
#840=STYLED_ITEM('',(#839),#832);
#841=ADVANCED_FACE('',(#1689),#1691,.F.);
#842=COLOUR_RGB($,0.156862745098039,0.156862745098039,0.156862745098039);
#843=FILL_AREA_STYLE_COLOUR($,#842);
#844=FILL_AREA_STYLE($,(#843));
#845=SURFACE_STYLE_FILL_AREA(#844);
#846=SURFACE_SIDE_STYLE('',(#845));
#847=SURFACE_STYLE_USAGE(.BOTH.,#846);
#848=PRESENTATION_STYLE_ASSIGNMENT((#847));
#849=STYLED_ITEM('',(#848),#841);
#850=ADVANCED_FACE('',(#1696),#1698,.F.);
#851=COLOUR_RGB($,0.156862745098039,0.156862745098039,0.156862745098039);
#852=FILL_AREA_STYLE_COLOUR($,#851);
#853=FILL_AREA_STYLE($,(#852));
#854=SURFACE_STYLE_FILL_AREA(#853);
#855=SURFACE_SIDE_STYLE('',(#854));
#856=SURFACE_STYLE_USAGE(.BOTH.,#855);
#857=PRESENTATION_STYLE_ASSIGNMENT((#856));
#858=STYLED_ITEM('',(#857),#850);
#859=ADVANCED_FACE('',(#1703),#1705,.F.);
#860=COLOUR_RGB($,0.156862745098039,0.156862745098039,0.156862745098039);
#861=FILL_AREA_STYLE_COLOUR($,#860);
#862=FILL_AREA_STYLE($,(#861));
#863=SURFACE_STYLE_FILL_AREA(#862);
#864=SURFACE_SIDE_STYLE('',(#863));
#865=SURFACE_STYLE_USAGE(.BOTH.,#864);
#866=PRESENTATION_STYLE_ASSIGNMENT((#865));
#867=STYLED_ITEM('',(#866),#859);
#868=ADVANCED_FACE('',(#1710),#1712,.F.);
#869=COLOUR_RGB($,0.156862745098039,0.156862745098039,0.156862745098039);
#870=FILL_AREA_STYLE_COLOUR($,#869);
#871=FILL_AREA_STYLE($,(#870));
#872=SURFACE_STYLE_FILL_AREA(#871);
#873=SURFACE_SIDE_STYLE('',(#872));
#874=SURFACE_STYLE_USAGE(.BOTH.,#873);
#875=PRESENTATION_STYLE_ASSIGNMENT((#874));
#876=STYLED_ITEM('',(#875),#868);
#877=ADVANCED_FACE('',(#1717),#1719,.F.);
#878=COLOUR_RGB($,0.156862745098039,0.156862745098039,0.156862745098039);
#879=FILL_AREA_STYLE_COLOUR($,#878);
#880=FILL_AREA_STYLE($,(#879));
#881=SURFACE_STYLE_FILL_AREA(#880);
#882=SURFACE_SIDE_STYLE('',(#881));
#883=SURFACE_STYLE_USAGE(.BOTH.,#882);
#884=PRESENTATION_STYLE_ASSIGNMENT((#883));
#885=STYLED_ITEM('',(#884),#877);
#886=ADVANCED_FACE('',(#1724),#1726,.F.);
#887=COLOUR_RGB($,0.156862745098039,0.156862745098039,0.156862745098039);
#888=FILL_AREA_STYLE_COLOUR($,#887);
#889=FILL_AREA_STYLE($,(#888));
#890=SURFACE_STYLE_FILL_AREA(#889);
#891=SURFACE_SIDE_STYLE('',(#890));
#892=SURFACE_STYLE_USAGE(.BOTH.,#891);
#893=PRESENTATION_STYLE_ASSIGNMENT((#892));
#894=STYLED_ITEM('',(#893),#886);
#895=ADVANCED_FACE('',(#1731,#1733),#1735,.F.);
#896=COLOUR_RGB($,0.156862745098039,0.156862745098039,0.156862745098039);
#897=FILL_AREA_STYLE_COLOUR($,#896);
#898=FILL_AREA_STYLE($,(#897));
#899=SURFACE_STYLE_FILL_AREA(#898);
#900=SURFACE_SIDE_STYLE('',(#899));
#901=SURFACE_STYLE_USAGE(.BOTH.,#900);
#902=PRESENTATION_STYLE_ASSIGNMENT((#901));
#903=STYLED_ITEM('',(#902),#895);
#904=ADVANCED_FACE('',(#1740,#1742),#1744,.F.);
#905=COLOUR_RGB($,0.156862745098039,0.156862745098039,0.156862745098039);
#906=FILL_AREA_STYLE_COLOUR($,#905);
#907=FILL_AREA_STYLE($,(#906));
#908=SURFACE_STYLE_FILL_AREA(#907);
#909=SURFACE_SIDE_STYLE('',(#908));
#910=SURFACE_STYLE_USAGE(.BOTH.,#909);
#911=PRESENTATION_STYLE_ASSIGNMENT((#910));
#912=STYLED_ITEM('',(#911),#904);
#913=ADVANCED_FACE('',(#1749,#1751),#1753,.F.);
#914=COLOUR_RGB($,0.156862745098039,0.156862745098039,0.156862745098039);
#915=FILL_AREA_STYLE_COLOUR($,#914);
#916=FILL_AREA_STYLE($,(#915));
#917=SURFACE_STYLE_FILL_AREA(#916);
#918=SURFACE_SIDE_STYLE('',(#917));
#919=SURFACE_STYLE_USAGE(.BOTH.,#918);
#920=PRESENTATION_STYLE_ASSIGNMENT((#919));
#921=STYLED_ITEM('',(#920),#913);
#922=ADVANCED_FACE('',(#1758,#1760),#1762,.F.);
#923=COLOUR_RGB($,0.156862745098039,0.156862745098039,0.156862745098039);
#924=FILL_AREA_STYLE_COLOUR($,#923);
#925=FILL_AREA_STYLE($,(#924));
#926=SURFACE_STYLE_FILL_AREA(#925);
#927=SURFACE_SIDE_STYLE('',(#926));
#928=SURFACE_STYLE_USAGE(.BOTH.,#927);
#929=PRESENTATION_STYLE_ASSIGNMENT((#928));
#930=STYLED_ITEM('',(#929),#922);
#931=ADVANCED_FACE('',(#1767,#1769),#1771,.F.);
#932=COLOUR_RGB($,0.156862745098039,0.156862745098039,0.156862745098039);
#933=FILL_AREA_STYLE_COLOUR($,#932);
#934=FILL_AREA_STYLE($,(#933));
#935=SURFACE_STYLE_FILL_AREA(#934);
#936=SURFACE_SIDE_STYLE('',(#935));
#937=SURFACE_STYLE_USAGE(.BOTH.,#936);
#938=PRESENTATION_STYLE_ASSIGNMENT((#937));
#939=STYLED_ITEM('',(#938),#931);
#940=ADVANCED_FACE('',(#1776,#1778),#1780,.F.);
#941=COLOUR_RGB($,0.156862745098039,0.156862745098039,0.156862745098039);
#942=FILL_AREA_STYLE_COLOUR($,#941);
#943=FILL_AREA_STYLE($,(#942));
#944=SURFACE_STYLE_FILL_AREA(#943);
#945=SURFACE_SIDE_STYLE('',(#944));
#946=SURFACE_STYLE_USAGE(.BOTH.,#945);
#947=PRESENTATION_STYLE_ASSIGNMENT((#946));
#948=STYLED_ITEM('',(#947),#940);
#949=ADVANCED_FACE('',(#1785,#1787),#1789,.F.);
#950=COLOUR_RGB($,0.156862745098039,0.156862745098039,0.156862745098039);
#951=FILL_AREA_STYLE_COLOUR($,#950);
#952=FILL_AREA_STYLE($,(#951));
#953=SURFACE_STYLE_FILL_AREA(#952);
#954=SURFACE_SIDE_STYLE('',(#953));
#955=SURFACE_STYLE_USAGE(.BOTH.,#954);
#956=PRESENTATION_STYLE_ASSIGNMENT((#955));
#957=STYLED_ITEM('',(#956),#949);
#958=ADVANCED_FACE('',(#1794,#1796),#1798,.F.);
#959=COLOUR_RGB($,0.156862745098039,0.156862745098039,0.156862745098039);
#960=FILL_AREA_STYLE_COLOUR($,#959);
#961=FILL_AREA_STYLE($,(#960));
#962=SURFACE_STYLE_FILL_AREA(#961);
#963=SURFACE_SIDE_STYLE('',(#962));
#964=SURFACE_STYLE_USAGE(.BOTH.,#963);
#965=PRESENTATION_STYLE_ASSIGNMENT((#964));
#966=STYLED_ITEM('',(#965),#958);
#967=ADVANCED_FACE('',(#1803,#1805),#1807,.F.);
#968=COLOUR_RGB($,0.156862745098039,0.156862745098039,0.156862745098039);
#969=FILL_AREA_STYLE_COLOUR($,#968);
#970=FILL_AREA_STYLE($,(#969));
#971=SURFACE_STYLE_FILL_AREA(#970);
#972=SURFACE_SIDE_STYLE('',(#971));
#973=SURFACE_STYLE_USAGE(.BOTH.,#972);
#974=PRESENTATION_STYLE_ASSIGNMENT((#973));
#975=STYLED_ITEM('',(#974),#967);
#976=ADVANCED_FACE('',(#1812,#1814),#1816,.F.);
#977=COLOUR_RGB($,0.156862745098039,0.156862745098039,0.156862745098039);
#978=FILL_AREA_STYLE_COLOUR($,#977);
#979=FILL_AREA_STYLE($,(#978));
#980=SURFACE_STYLE_FILL_AREA(#979);
#981=SURFACE_SIDE_STYLE('',(#980));
#982=SURFACE_STYLE_USAGE(.BOTH.,#981);
#983=PRESENTATION_STYLE_ASSIGNMENT((#982));
#984=STYLED_ITEM('',(#983),#976);
#985=ADVANCED_FACE('',(#1821),#1823,.F.);
#986=COLOUR_RGB($,0.156862745098039,0.156862745098039,0.156862745098039);
#987=FILL_AREA_STYLE_COLOUR($,#986);
#988=FILL_AREA_STYLE($,(#987));
#989=SURFACE_STYLE_FILL_AREA(#988);
#990=SURFACE_SIDE_STYLE('',(#989));
#991=SURFACE_STYLE_USAGE(.BOTH.,#990);
#992=PRESENTATION_STYLE_ASSIGNMENT((#991));
#993=STYLED_ITEM('',(#992),#985);
#994=ADVANCED_FACE('',(#1828),#1830,.F.);
#995=COLOUR_RGB($,0.156862745098039,0.156862745098039,0.156862745098039);
#996=FILL_AREA_STYLE_COLOUR($,#995);
#997=FILL_AREA_STYLE($,(#996));
#998=SURFACE_STYLE_FILL_AREA(#997);
#999=SURFACE_SIDE_STYLE('',(#998));
#1000=SURFACE_STYLE_USAGE(.BOTH.,#999);
#1001=PRESENTATION_STYLE_ASSIGNMENT((#1000));
#1002=STYLED_ITEM('',(#1001),#994);
#1003=ADVANCED_FACE('',(#1835),#1837,.F.);
#1004=COLOUR_RGB($,0.156862745098039,0.156862745098039,0.156862745098039);
#1005=FILL_AREA_STYLE_COLOUR($,#1004);
#1006=FILL_AREA_STYLE($,(#1005));
#1007=SURFACE_STYLE_FILL_AREA(#1006);
#1008=SURFACE_SIDE_STYLE('',(#1007));
#1009=SURFACE_STYLE_USAGE(.BOTH.,#1008);
#1010=PRESENTATION_STYLE_ASSIGNMENT((#1009));
#1011=STYLED_ITEM('',(#1010),#1003);
#1012=ADVANCED_FACE('',(#1842),#1844,.F.);
#1013=COLOUR_RGB($,0.156862745098039,0.156862745098039,0.156862745098039);
#1014=FILL_AREA_STYLE_COLOUR($,#1013);
#1015=FILL_AREA_STYLE($,(#1014));
#1016=SURFACE_STYLE_FILL_AREA(#1015);
#1017=SURFACE_SIDE_STYLE('',(#1016));
#1018=SURFACE_STYLE_USAGE(.BOTH.,#1017);
#1019=PRESENTATION_STYLE_ASSIGNMENT((#1018));
#1020=STYLED_ITEM('',(#1019),#1012);
#1021=ADVANCED_FACE('',(#1849),#1851,.F.);
#1022=COLOUR_RGB($,0.156862745098039,0.156862745098039,0.156862745098039);
#1023=FILL_AREA_STYLE_COLOUR($,#1022);
#1024=FILL_AREA_STYLE($,(#1023));
#1025=SURFACE_STYLE_FILL_AREA(#1024);
#1026=SURFACE_SIDE_STYLE('',(#1025));
#1027=SURFACE_STYLE_USAGE(.BOTH.,#1026);
#1028=PRESENTATION_STYLE_ASSIGNMENT((#1027));
#1029=STYLED_ITEM('',(#1028),#1021);
#1030=ADVANCED_FACE('',(#1856),#1858,.F.);
#1031=COLOUR_RGB($,0.156862745098039,0.156862745098039,0.156862745098039);
#1032=FILL_AREA_STYLE_COLOUR($,#1031);
#1033=FILL_AREA_STYLE($,(#1032));
#1034=SURFACE_STYLE_FILL_AREA(#1033);
#1035=SURFACE_SIDE_STYLE('',(#1034));
#1036=SURFACE_STYLE_USAGE(.BOTH.,#1035);
#1037=PRESENTATION_STYLE_ASSIGNMENT((#1036));
#1038=STYLED_ITEM('',(#1037),#1030);
#1039=ADVANCED_FACE('',(#1863),#1865,.F.);
#1040=COLOUR_RGB($,0.156862745098039,0.156862745098039,0.156862745098039);
#1041=FILL_AREA_STYLE_COLOUR($,#1040);
#1042=FILL_AREA_STYLE($,(#1041));
#1043=SURFACE_STYLE_FILL_AREA(#1042);
#1044=SURFACE_SIDE_STYLE('',(#1043));
#1045=SURFACE_STYLE_USAGE(.BOTH.,#1044);
#1046=PRESENTATION_STYLE_ASSIGNMENT((#1045));
#1047=STYLED_ITEM('',(#1046),#1039);
#1048=ADVANCED_FACE('',(#1870),#1872,.F.);
#1049=COLOUR_RGB($,0.156862745098039,0.156862745098039,0.156862745098039);
#1050=FILL_AREA_STYLE_COLOUR($,#1049);
#1051=FILL_AREA_STYLE($,(#1050));
#1052=SURFACE_STYLE_FILL_AREA(#1051);
#1053=SURFACE_SIDE_STYLE('',(#1052));
#1054=SURFACE_STYLE_USAGE(.BOTH.,#1053);
#1055=PRESENTATION_STYLE_ASSIGNMENT((#1054));
#1056=STYLED_ITEM('',(#1055),#1048);
#1057=ADVANCED_FACE('',(#1877),#1879,.F.);
#1058=COLOUR_RGB($,0.156862745098039,0.156862745098039,0.156862745098039);
#1059=FILL_AREA_STYLE_COLOUR($,#1058);
#1060=FILL_AREA_STYLE($,(#1059));
#1061=SURFACE_STYLE_FILL_AREA(#1060);
#1062=SURFACE_SIDE_STYLE('',(#1061));
#1063=SURFACE_STYLE_USAGE(.BOTH.,#1062);
#1064=PRESENTATION_STYLE_ASSIGNMENT((#1063));
#1065=STYLED_ITEM('',(#1064),#1057);
#1066=ADVANCED_FACE('',(#1884),#1886,.F.);
#1067=COLOUR_RGB($,0.156862745098039,0.156862745098039,0.156862745098039);
#1068=FILL_AREA_STYLE_COLOUR($,#1067);
#1069=FILL_AREA_STYLE($,(#1068));
#1070=SURFACE_STYLE_FILL_AREA(#1069);
#1071=SURFACE_SIDE_STYLE('',(#1070));
#1072=SURFACE_STYLE_USAGE(.BOTH.,#1071);
#1073=PRESENTATION_STYLE_ASSIGNMENT((#1072));
#1074=STYLED_ITEM('',(#1073),#1066);
#1075=ADVANCED_FACE('',(#1891),#1893,.F.);
#1076=COLOUR_RGB($,0.156862745098039,0.156862745098039,0.156862745098039);
#1077=FILL_AREA_STYLE_COLOUR($,#1076);
#1078=FILL_AREA_STYLE($,(#1077));
#1079=SURFACE_STYLE_FILL_AREA(#1078);
#1080=SURFACE_SIDE_STYLE('',(#1079));
#1081=SURFACE_STYLE_USAGE(.BOTH.,#1080);
#1082=PRESENTATION_STYLE_ASSIGNMENT((#1081));
#1083=STYLED_ITEM('',(#1082),#1075);
#1084=ADVANCED_FACE('',(#1898),#1900,.F.);
#1085=COLOUR_RGB($,0.156862745098039,0.156862745098039,0.156862745098039);
#1086=FILL_AREA_STYLE_COLOUR($,#1085);
#1087=FILL_AREA_STYLE($,(#1086));
#1088=SURFACE_STYLE_FILL_AREA(#1087);
#1089=SURFACE_SIDE_STYLE('',(#1088));
#1090=SURFACE_STYLE_USAGE(.BOTH.,#1089);
#1091=PRESENTATION_STYLE_ASSIGNMENT((#1090));
#1092=STYLED_ITEM('',(#1091),#1084);
#1093=ADVANCED_FACE('',(#1905),#1907,.T.);
#1094=COLOUR_RGB($,0.827450980392157,0.831372549019608,0.835294117647059);
#1095=FILL_AREA_STYLE_COLOUR($,#1094);
#1096=FILL_AREA_STYLE($,(#1095));
#1097=SURFACE_STYLE_FILL_AREA(#1096);
#1098=SURFACE_SIDE_STYLE('',(#1097));
#1099=SURFACE_STYLE_USAGE(.BOTH.,#1098);
#1100=PRESENTATION_STYLE_ASSIGNMENT((#1099));
#1101=STYLED_ITEM('',(#1100),#1093);
#1102=ADVANCED_FACE('',(#1912,#1914),#1916,.T.);
#1103=COLOUR_RGB($,0.827450980392157,0.831372549019608,0.835294117647059);
#1104=FILL_AREA_STYLE_COLOUR($,#1103);
#1105=FILL_AREA_STYLE($,(#1104));
#1106=SURFACE_STYLE_FILL_AREA(#1105);
#1107=SURFACE_SIDE_STYLE('',(#1106));
#1108=SURFACE_STYLE_USAGE(.BOTH.,#1107);
#1109=PRESENTATION_STYLE_ASSIGNMENT((#1108));
#1110=STYLED_ITEM('',(#1109),#1102);
#1111=ADVANCED_FACE('',(#1921,#1923),#1925,.T.);
#1112=COLOUR_RGB($,0.827450980392157,0.831372549019608,0.835294117647059);
#1113=FILL_AREA_STYLE_COLOUR($,#1112);
#1114=FILL_AREA_STYLE($,(#1113));
#1115=SURFACE_STYLE_FILL_AREA(#1114);
#1116=SURFACE_SIDE_STYLE('',(#1115));
#1117=SURFACE_STYLE_USAGE(.BOTH.,#1116);
#1118=PRESENTATION_STYLE_ASSIGNMENT((#1117));
#1119=STYLED_ITEM('',(#1118),#1111);
#1120=ADVANCED_FACE('',(#1930,#1932),#1934,.T.);
#1121=COLOUR_RGB($,0.827450980392157,0.831372549019608,0.835294117647059);
#1122=FILL_AREA_STYLE_COLOUR($,#1121);
#1123=FILL_AREA_STYLE($,(#1122));
#1124=SURFACE_STYLE_FILL_AREA(#1123);
#1125=SURFACE_SIDE_STYLE('',(#1124));
#1126=SURFACE_STYLE_USAGE(.BOTH.,#1125);
#1127=PRESENTATION_STYLE_ASSIGNMENT((#1126));
#1128=STYLED_ITEM('',(#1127),#1120);
#1129=ADVANCED_FACE('',(#1939,#1941),#1943,.T.);
#1130=COLOUR_RGB($,0.827450980392157,0.831372549019608,0.835294117647059);
#1131=FILL_AREA_STYLE_COLOUR($,#1130);
#1132=FILL_AREA_STYLE($,(#1131));
#1133=SURFACE_STYLE_FILL_AREA(#1132);
#1134=SURFACE_SIDE_STYLE('',(#1133));
#1135=SURFACE_STYLE_USAGE(.BOTH.,#1134);
#1136=PRESENTATION_STYLE_ASSIGNMENT((#1135));
#1137=STYLED_ITEM('',(#1136),#1129);
#1138=ADVANCED_FACE('',(#1948,#1950),#1952,.T.);
#1139=COLOUR_RGB($,0.827450980392157,0.831372549019608,0.835294117647059);
#1140=FILL_AREA_STYLE_COLOUR($,#1139);
#1141=FILL_AREA_STYLE($,(#1140));
#1142=SURFACE_STYLE_FILL_AREA(#1141);
#1143=SURFACE_SIDE_STYLE('',(#1142));
#1144=SURFACE_STYLE_USAGE(.BOTH.,#1143);
#1145=PRESENTATION_STYLE_ASSIGNMENT((#1144));
#1146=STYLED_ITEM('',(#1145),#1138);
#1147=ADVANCED_FACE('',(#1957,#1959),#1961,.T.);
#1148=COLOUR_RGB($,0.827450980392157,0.831372549019608,0.835294117647059);
#1149=FILL_AREA_STYLE_COLOUR($,#1148);
#1150=FILL_AREA_STYLE($,(#1149));
#1151=SURFACE_STYLE_FILL_AREA(#1150);
#1152=SURFACE_SIDE_STYLE('',(#1151));
#1153=SURFACE_STYLE_USAGE(.BOTH.,#1152);
#1154=PRESENTATION_STYLE_ASSIGNMENT((#1153));
#1155=STYLED_ITEM('',(#1154),#1147);
#1156=ADVANCED_FACE('',(#1966,#1968),#1970,.T.);
#1157=COLOUR_RGB($,0.827450980392157,0.831372549019608,0.835294117647059);
#1158=FILL_AREA_STYLE_COLOUR($,#1157);
#1159=FILL_AREA_STYLE($,(#1158));
#1160=SURFACE_STYLE_FILL_AREA(#1159);
#1161=SURFACE_SIDE_STYLE('',(#1160));
#1162=SURFACE_STYLE_USAGE(.BOTH.,#1161);
#1163=PRESENTATION_STYLE_ASSIGNMENT((#1162));
#1164=STYLED_ITEM('',(#1163),#1156);
#1165=ADVANCED_FACE('',(#1975,#1977),#1979,.T.);
#1166=COLOUR_RGB($,0.827450980392157,0.831372549019608,0.835294117647059);
#1167=FILL_AREA_STYLE_COLOUR($,#1166);
#1168=FILL_AREA_STYLE($,(#1167));
#1169=SURFACE_STYLE_FILL_AREA(#1168);
#1170=SURFACE_SIDE_STYLE('',(#1169));
#1171=SURFACE_STYLE_USAGE(.BOTH.,#1170);
#1172=PRESENTATION_STYLE_ASSIGNMENT((#1171));
#1173=STYLED_ITEM('',(#1172),#1165);
#1174=ADVANCED_FACE('',(#1984,#1986),#1988,.T.);
#1175=COLOUR_RGB($,0.827450980392157,0.831372549019608,0.835294117647059);
#1176=FILL_AREA_STYLE_COLOUR($,#1175);
#1177=FILL_AREA_STYLE($,(#1176));
#1178=SURFACE_STYLE_FILL_AREA(#1177);
#1179=SURFACE_SIDE_STYLE('',(#1178));
#1180=SURFACE_STYLE_USAGE(.BOTH.,#1179);
#1181=PRESENTATION_STYLE_ASSIGNMENT((#1180));
#1182=STYLED_ITEM('',(#1181),#1174);
#1183=ADVANCED_FACE('',(#1993,#1995),#1997,.T.);
#1184=COLOUR_RGB($,0.827450980392157,0.831372549019608,0.835294117647059);
#1185=FILL_AREA_STYLE_COLOUR($,#1184);
#1186=FILL_AREA_STYLE($,(#1185));
#1187=SURFACE_STYLE_FILL_AREA(#1186);
#1188=SURFACE_SIDE_STYLE('',(#1187));
#1189=SURFACE_STYLE_USAGE(.BOTH.,#1188);
#1190=PRESENTATION_STYLE_ASSIGNMENT((#1189));
#1191=STYLED_ITEM('',(#1190),#1183);
#1192=ADVANCED_FACE('',(#2002,#2004),#2006,.F.);
#1193=COLOUR_RGB($,0.827450980392157,0.831372549019608,0.835294117647059);
#1194=FILL_AREA_STYLE_COLOUR($,#1193);
#1195=FILL_AREA_STYLE($,(#1194));
#1196=SURFACE_STYLE_FILL_AREA(#1195);
#1197=SURFACE_SIDE_STYLE('',(#1196));
#1198=SURFACE_STYLE_USAGE(.BOTH.,#1197);
#1199=PRESENTATION_STYLE_ASSIGNMENT((#1198));
#1200=STYLED_ITEM('',(#1199),#1192);
#1201=ADVANCED_FACE('',(#2011,#2013),#2015,.F.);
#1202=COLOUR_RGB($,0.827450980392157,0.831372549019608,0.835294117647059);
#1203=FILL_AREA_STYLE_COLOUR($,#1202);
#1204=FILL_AREA_STYLE($,(#1203));
#1205=SURFACE_STYLE_FILL_AREA(#1204);
#1206=SURFACE_SIDE_STYLE('',(#1205));
#1207=SURFACE_STYLE_USAGE(.BOTH.,#1206);
#1208=PRESENTATION_STYLE_ASSIGNMENT((#1207));
#1209=STYLED_ITEM('',(#1208),#1201);
#1210=ADVANCED_FACE('',(#2020,#2022),#2024,.F.);
#1211=COLOUR_RGB($,0.827450980392157,0.831372549019608,0.835294117647059);
#1212=FILL_AREA_STYLE_COLOUR($,#1211);
#1213=FILL_AREA_STYLE($,(#1212));
#1214=SURFACE_STYLE_FILL_AREA(#1213);
#1215=SURFACE_SIDE_STYLE('',(#1214));
#1216=SURFACE_STYLE_USAGE(.BOTH.,#1215);
#1217=PRESENTATION_STYLE_ASSIGNMENT((#1216));
#1218=STYLED_ITEM('',(#1217),#1210);
#1219=ADVANCED_FACE('',(#2029,#2031),#2033,.T.);
#1220=COLOUR_RGB($,0.827450980392157,0.831372549019608,0.835294117647059);
#1221=FILL_AREA_STYLE_COLOUR($,#1220);
#1222=FILL_AREA_STYLE($,(#1221));
#1223=SURFACE_STYLE_FILL_AREA(#1222);
#1224=SURFACE_SIDE_STYLE('',(#1223));
#1225=SURFACE_STYLE_USAGE(.BOTH.,#1224);
#1226=PRESENTATION_STYLE_ASSIGNMENT((#1225));
#1227=STYLED_ITEM('',(#1226),#1219);
#1228=ADVANCED_FACE('',(#2038,#2040),#2042,.F.);
#1229=COLOUR_RGB($,0.827450980392157,0.831372549019608,0.835294117647059);
#1230=FILL_AREA_STYLE_COLOUR($,#1229);
#1231=FILL_AREA_STYLE($,(#1230));
#1232=SURFACE_STYLE_FILL_AREA(#1231);
#1233=SURFACE_SIDE_STYLE('',(#1232));
#1234=SURFACE_STYLE_USAGE(.BOTH.,#1233);
#1235=PRESENTATION_STYLE_ASSIGNMENT((#1234));
#1236=STYLED_ITEM('',(#1235),#1228);
#1237=ADVANCED_FACE('',(#2047,#2049),#2051,.F.);
#1238=COLOUR_RGB($,0.827450980392157,0.831372549019608,0.835294117647059);
#1239=FILL_AREA_STYLE_COLOUR($,#1238);
#1240=FILL_AREA_STYLE($,(#1239));
#1241=SURFACE_STYLE_FILL_AREA(#1240);
#1242=SURFACE_SIDE_STYLE('',(#1241));
#1243=SURFACE_STYLE_USAGE(.BOTH.,#1242);
#1244=PRESENTATION_STYLE_ASSIGNMENT((#1243));
#1245=STYLED_ITEM('',(#1244),#1237);
#1246=ADVANCED_FACE('',(#2056),#2058,.T.);
#1247=COLOUR_RGB($,0.827450980392157,0.831372549019608,0.835294117647059);
#1248=FILL_AREA_STYLE_COLOUR($,#1247);
#1249=FILL_AREA_STYLE($,(#1248));
#1250=SURFACE_STYLE_FILL_AREA(#1249);
#1251=SURFACE_SIDE_STYLE('',(#1250));
#1252=SURFACE_STYLE_USAGE(.BOTH.,#1251);
#1253=PRESENTATION_STYLE_ASSIGNMENT((#1252));
#1254=STYLED_ITEM('',(#1253),#1246);
#1255=FACE_BOUND('',#1256,.T.);
#1256=EDGE_LOOP('',(#2063,#2064,#2065,#2066));
#1257=PLANE('',#1258);
#1258=AXIS2_PLACEMENT_3D('',#1259,#1260,#1261);
#1259=CARTESIAN_POINT('',(8.86281076638794,1.55267854785015,1.57));
#1260=DIRECTION('',(-0.906307787039943,0.422618261733637,0.));
#1261=DIRECTION('',(-0.422618261733637,-0.906307787039943,0.));
#1262=FACE_BOUND('',#1263,.T.);
#1263=EDGE_LOOP('',(#2067,#2068,#2069,#2070));
#1264=PLANE('',#1265);
#1265=AXIS2_PLACEMENT_3D('',#1266,#1267,#1268);
#1266=CARTESIAN_POINT('',(9.04900440526804,1.27,1.57));
#1267=DIRECTION('',(0.906307787039943,0.422618261733638,-0.));
#1268=DIRECTION('',(-0.422618261733638,0.906307787039943,0.));
#1269=FACE_BOUND('',#1270,.T.);
#1270=EDGE_LOOP('',(#2071,#2072,#2073,#2074));
#1271=PLANE('',#1272);
#1272=AXIS2_PLACEMENT_3D('',#1273,#1274,#1275);
#1273=CARTESIAN_POINT('',(-1.2451077025535,-1.27,1.57));
#1274=DIRECTION('',(0.,-1.,0.));
#1275=DIRECTION('',(1.,0.,0.));
#1276=FACE_BOUND('',#1277,.T.);
#1277=EDGE_LOOP('',(#2075,#2076,#2077,#2078));
#1278=PLANE('',#1279);
#1279=AXIS2_PLACEMENT_3D('',#1280,#1281,#1282);
#1280=CARTESIAN_POINT('',(-1.2451077025535,-1.27,1.57));
#1281=DIRECTION('',(0.,-1.,0.));
#1282=DIRECTION('',(1.,0.,0.));
#1283=FACE_BOUND('',#1284,.T.);
#1284=EDGE_LOOP('',(#2079,#2080,#2081,#2082,#2083,#2084,#2085,#2086,#2087,#2088,
#2089,#2090,#2091,#2092,#2093,#2094,#2095,#2096,#2097,#2098,#2099,#2100,#2101,#2102,
#2103,#2104,#2105,#2106,#2107,#2108,#2109,#2110,#2111,#2112,#2113,#2114,#2115,#2116,
#2117,#2118,#2119,#2120,#2121,#2122,#2123,#2124));
#1285=FACE_BOUND('',#1286,.T.);
#1286=EDGE_LOOP('',(#2125,#2126,#2127,#2128,#2129,#2130));
#1287=FACE_BOUND('',#1288,.T.);
#1288=EDGE_LOOP('',(#2131,#2132,#2133,#2134,#2135,#2136));
#1289=FACE_BOUND('',#1290,.T.);
#1290=EDGE_LOOP('',(#2137));
#1291=FACE_BOUND('',#1292,.T.);
#1292=EDGE_LOOP('',(#2138));
#1293=FACE_BOUND('',#1294,.T.);
#1294=EDGE_LOOP('',(#2139));
#1295=FACE_BOUND('',#1296,.T.);
#1296=EDGE_LOOP('',(#2140));
#1297=FACE_BOUND('',#1298,.T.);
#1298=EDGE_LOOP('',(#2141));
#1299=FACE_BOUND('',#1300,.T.);
#1300=EDGE_LOOP('',(#2142));
#1301=FACE_BOUND('',#1302,.T.);
#1302=EDGE_LOOP('',(#2143));
#1303=FACE_BOUND('',#1304,.T.);
#1304=EDGE_LOOP('',(#2144));
#1305=FACE_BOUND('',#1306,.T.);
#1306=EDGE_LOOP('',(#2145));
#1307=FACE_BOUND('',#1308,.T.);
#1308=EDGE_LOOP('',(#2146));
#1309=FACE_BOUND('',#1310,.T.);
#1310=EDGE_LOOP('',(#2147,#2148,#2149,#2150,#2151,#2152));
#1311=FACE_BOUND('',#1312,.T.);
#1312=EDGE_LOOP('',(#2153,#2154,#2155,#2156,#2157,#2158));
#1313=PLANE('',#1314);
#1314=AXIS2_PLACEMENT_3D('',#1315,#1316,#1317);
#1315=CARTESIAN_POINT('',(0.,0.,1.57));
#1316=DIRECTION('',(0.,0.,1.));
#1317=DIRECTION('',(1.,0.,0.));
#1318=FACE_BOUND('',#1319,.T.);
#1319=EDGE_LOOP('',(#2159,#2160,#2161,#2162,#2163,#2164,#2165,#2166,#2167,#2168,
#2169,#2170,#2171,#2172,#2173,#2174,#2175,#2176,#2177,#2178,#2179,#2180,#2181,#2182,
#2183,#2184,#2185,#2186,#2187,#2188,#2189,#2190,#2191,#2192,#2193,#2194,#2195,#2196,
#2197,#2198,#2199,#2200,#2201,#2202,#2203,#2204));
#1320=FACE_BOUND('',#1321,.T.);
#1321=EDGE_LOOP('',(#2205,#2206,#2207,#2208,#2209,#2210));
#1322=FACE_BOUND('',#1323,.T.);
#1323=EDGE_LOOP('',(#2211,#2212,#2213,#2214,#2215,#2216));
#1324=FACE_BOUND('',#1325,.T.);
#1325=EDGE_LOOP('',(#2217));
#1326=FACE_BOUND('',#1327,.T.);
#1327=EDGE_LOOP('',(#2218));
#1328=FACE_BOUND('',#1329,.T.);
#1329=EDGE_LOOP('',(#2219));
#1330=FACE_BOUND('',#1331,.T.);
#1331=EDGE_LOOP('',(#2220));
#1332=FACE_BOUND('',#1333,.T.);
#1333=EDGE_LOOP('',(#2221));
#1334=FACE_BOUND('',#1335,.T.);
#1335=EDGE_LOOP('',(#2222));
#1336=FACE_BOUND('',#1337,.T.);
#1337=EDGE_LOOP('',(#2223));
#1338=FACE_BOUND('',#1339,.T.);
#1339=EDGE_LOOP('',(#2224));
#1340=FACE_BOUND('',#1341,.T.);
#1341=EDGE_LOOP('',(#2225));
#1342=FACE_BOUND('',#1343,.T.);
#1343=EDGE_LOOP('',(#2226));
#1344=FACE_BOUND('',#1345,.T.);
#1345=EDGE_LOOP('',(#2227,#2228,#2229,#2230,#2231,#2232));
#1346=FACE_BOUND('',#1347,.T.);
#1347=EDGE_LOOP('',(#2233,#2234,#2235,#2236,#2237,#2238));
#1348=PLANE('',#1349);
#1349=AXIS2_PLACEMENT_3D('',#1350,#1351,#1352);
#1350=CARTESIAN_POINT('',(0.,0.,2.84));
#1351=DIRECTION('',(0.,0.,1.));
#1352=DIRECTION('',(1.,0.,0.));
#1353=FACE_BOUND('',#1354,.T.);
#1354=EDGE_LOOP('',(#2239,#2240,#2241,#2242));
#1355=PLANE('',#1356);
#1356=AXIS2_PLACEMENT_3D('',#1357,#1358,#1359);
#1357=CARTESIAN_POINT('',(9.04900440526804,-1.27,1.57));
#1358=DIRECTION('',(0.906307787039943,0.422618261733638,-0.));
#1359=DIRECTION('',(-0.422618261733638,0.906307787039943,0.));
#1360=FACE_BOUND('',#1361,.T.);
#1361=EDGE_LOOP('',(#2243,#2244,#2245,#2246));
#1362=PLANE('',#1363);
#1363=AXIS2_PLACEMENT_3D('',#1364,#1365,#1366);
#1364=CARTESIAN_POINT('',(8.86281076638794,-0.987321452149846,1.57));
#1365=DIRECTION('',(-0.906307787039943,0.422618261733637,0.));
#1366=DIRECTION('',(-0.422618261733637,-0.906307787039943,0.));
#1367=FACE_BOUND('',#1368,.T.);
#1368=EDGE_LOOP('',(#2247,#2248,#2249,#2250));
#1369=CYLINDRICAL_SURFACE('',#1370,0.03);
#1370=AXIS2_PLACEMENT_3D('',#1371,#1372,#1373);
#1371=CARTESIAN_POINT('',(8.89,-1.,1.57));
#1372=DIRECTION('',(0.,0.,1.));
#1373=DIRECTION('',(0.906307786970437,0.422618261882694,0.));
#1374=FACE_BOUND('',#1375,.T.);
#1375=EDGE_LOOP('',(#2251,#2252,#2253,#2254));
#1376=CYLINDRICAL_SURFACE('',#1377,0.03);
#1377=AXIS2_PLACEMENT_3D('',#1378,#1379,#1380);
#1378=CARTESIAN_POINT('',(8.89,1.,1.57));
#1379=DIRECTION('',(0.,0.,1.));
#1380=DIRECTION('',(-0.906307787035285,-0.422618261743626,0.));
#1381=FACE_BOUND('',#1382,.T.);
#1382=EDGE_LOOP('',(#2255,#2256,#2257,#2258));
#1383=PLANE('',#1384);
#1384=AXIS2_PLACEMENT_3D('',#1385,#1386,#1387);
#1385=CARTESIAN_POINT('',(8.73099559472815,1.27,1.57));
#1386=DIRECTION('',(-0.906307787035266,-0.422618261743666,0.));
#1387=DIRECTION('',(0.422618261743666,-0.906307787035267,0.));
#1388=FACE_BOUND('',#1389,.T.);
#1389=EDGE_LOOP('',(#2259,#2260,#2261,#2262));
#1390=PLANE('',#1391);
#1391=AXIS2_PLACEMENT_3D('',#1392,#1393,#1394);
#1392=CARTESIAN_POINT('',(8.91718923361106,0.987321452147693,1.57));
#1393=DIRECTION('',(0.906307787035268,-0.422618261743663,0.));
#1394=DIRECTION('',(0.422618261743663,0.906307787035268,0.));
#1395=FACE_BOUND('',#1396,.T.);
#1396=EDGE_LOOP('',(#2263,#2264,#2265,#2266));
#1397=CYLINDRICAL_SURFACE('',#1398,0.03);
#1398=AXIS2_PLACEMENT_3D('',#1399,#1400,#1401);
#1399=CARTESIAN_POINT('',(8.89,1.54,1.57));
#1400=DIRECTION('',(0.,0.,1.));
#1401=DIRECTION('',(0.906307786970437,0.422618261882694,0.));
#1402=FACE_BOUND('',#1403,.T.);
#1403=EDGE_LOOP('',(#2267,#2268,#2269,#2270));
#1404=PLANE('',#1405);
#1405=AXIS2_PLACEMENT_3D('',#1406,#1407,#1408);
#1406=CARTESIAN_POINT('',(6.50900440526804,-1.27,1.57));
#1407=DIRECTION('',(0.906307787039943,0.422618261733638,-0.));
#1408=DIRECTION('',(-0.422618261733638,0.906307787039943,0.));
#1409=FACE_BOUND('',#1410,.T.);
#1410=EDGE_LOOP('',(#2271,#2272,#2273,#2274));
#1411=PLANE('',#1412);
#1412=AXIS2_PLACEMENT_3D('',#1413,#1414,#1415);
#1413=CARTESIAN_POINT('',(11.4051077025535,-1.27,1.57));
#1414=DIRECTION('',(0.906307787036649,-0.422618261740702,0.));
#1415=DIRECTION('',(0.422618261740702,0.906307787036649,0.));
#1416=FACE_BOUND('',#1417,.T.);
#1417=EDGE_LOOP('',(#2275,#2276,#2277,#2278));
#1418=CYLINDRICAL_SURFACE('',#1419,0.03);
#1419=AXIS2_PLACEMENT_3D('',#1420,#1421,#1422);
#1420=CARTESIAN_POINT('',(6.35,-1.,1.57));
#1421=DIRECTION('',(0.,0.,1.));
#1422=DIRECTION('',(0.906307786970437,0.422618261882694,0.));
#1423=FACE_BOUND('',#1424,.T.);
#1424=EDGE_LOOP('',(#2279,#2280,#2281,#2282));
#1425=PLANE('',#1426);
#1426=AXIS2_PLACEMENT_3D('',#1427,#1428,#1429);
#1427=CARTESIAN_POINT('',(6.32281076638794,-0.987321452149846,1.57));
#1428=DIRECTION('',(-0.906307787039943,0.422618261733637,0.));
#1429=DIRECTION('',(-0.422618261733637,-0.906307787039943,0.));
#1430=FACE_BOUND('',#1431,.T.);
#1431=EDGE_LOOP('',(#2283,#2284,#2285,#2286));
#1432=PLANE('',#1433);
#1433=AXIS2_PLACEMENT_3D('',#1434,#1435,#1436);
#1434=CARTESIAN_POINT('',(-1.2451077025535,-1.27,1.57));
#1435=DIRECTION('',(0.,-1.,0.));
#1436=DIRECTION('',(1.,0.,0.));
#1437=FACE_BOUND('',#1438,.T.);
#1438=EDGE_LOOP('',(#2287,#2288,#2289,#2290));
#1439=PLANE('',#1440);
#1440=AXIS2_PLACEMENT_3D('',#1441,#1442,#1443);
#1441=CARTESIAN_POINT('',(3.96900440526804,-1.27,1.57));
#1442=DIRECTION('',(0.906307787039943,0.422618261733638,-0.));
#1443=DIRECTION('',(-0.422618261733638,0.906307787039943,0.));
#1444=FACE_BOUND('',#1445,.T.);
#1445=EDGE_LOOP('',(#2291,#2292,#2293,#2294));
#1446=CYLINDRICAL_SURFACE('',#1447,0.03);
#1447=AXIS2_PLACEMENT_3D('',#1448,#1449,#1450);
#1448=CARTESIAN_POINT('',(3.81,-1.,1.57));
#1449=DIRECTION('',(0.,0.,1.));
#1450=DIRECTION('',(0.906307786970437,0.422618261882694,0.));
#1451=FACE_BOUND('',#1452,.T.);
#1452=EDGE_LOOP('',(#2295,#2296,#2297,#2298));
#1453=PLANE('',#1454);
#1454=AXIS2_PLACEMENT_3D('',#1455,#1456,#1457);
#1455=CARTESIAN_POINT('',(3.78281076638794,-0.987321452149846,1.57));
#1456=DIRECTION('',(-0.906307787039943,0.422618261733637,0.));
#1457=DIRECTION('',(-0.422618261733637,-0.906307787039943,0.));
#1458=FACE_BOUND('',#1459,.T.);
#1459=EDGE_LOOP('',(#2299,#2300,#2301,#2302));
#1460=PLANE('',#1461);
#1461=AXIS2_PLACEMENT_3D('',#1462,#1463,#1464);
#1462=CARTESIAN_POINT('',(-1.2451077025535,-1.27,1.57));
#1463=DIRECTION('',(0.,-1.,0.));
#1464=DIRECTION('',(1.,0.,0.));
#1465=FACE_BOUND('',#1466,.T.);
#1466=EDGE_LOOP('',(#2303,#2304,#2305,#2306));
#1467=PLANE('',#1468);
#1468=AXIS2_PLACEMENT_3D('',#1469,#1470,#1471);
#1469=CARTESIAN_POINT('',(1.42900440526804,-1.27,1.57));
#1470=DIRECTION('',(0.906307787039943,0.422618261733638,-0.));
#1471=DIRECTION('',(-0.422618261733638,0.906307787039943,0.));
#1472=FACE_BOUND('',#1473,.T.);
#1473=EDGE_LOOP('',(#2307,#2308,#2309,#2310));
#1474=CYLINDRICAL_SURFACE('',#1475,0.03);
#1475=AXIS2_PLACEMENT_3D('',#1476,#1477,#1478);
#1476=CARTESIAN_POINT('',(1.27,-1.,1.57));
#1477=DIRECTION('',(0.,0.,1.));
#1478=DIRECTION('',(0.906307786970437,0.422618261882694,0.));
#1479=FACE_BOUND('',#1480,.T.);
#1480=EDGE_LOOP('',(#2311,#2312,#2313,#2314));
#1481=PLANE('',#1482);
#1482=AXIS2_PLACEMENT_3D('',#1483,#1484,#1485);
#1483=CARTESIAN_POINT('',(1.24281076638794,-0.987321452149846,1.57));
#1484=DIRECTION('',(-0.906307787039943,0.422618261733637,0.));
#1485=DIRECTION('',(-0.422618261733637,-0.906307787039943,0.));
#1486=FACE_BOUND('',#1487,.T.);
#1487=EDGE_LOOP('',(#2315,#2316,#2317,#2318));
#1488=PLANE('',#1489);
#1489=AXIS2_PLACEMENT_3D('',#1490,#1491,#1492);
#1490=CARTESIAN_POINT('',(-1.2451077025535,-1.27,1.57));
#1491=DIRECTION('',(0.,-1.,0.));
#1492=DIRECTION('',(1.,0.,0.));
#1493=FACE_BOUND('',#1494,.T.);
#1494=EDGE_LOOP('',(#2319,#2320,#2321,#2322));
#1495=PLANE('',#1496);
#1496=AXIS2_PLACEMENT_3D('',#1497,#1498,#1499);
#1497=CARTESIAN_POINT('',(-1.385,-0.97,1.57));
#1498=DIRECTION('',(-0.90630778703665,-0.422618261740699,0.));
#1499=DIRECTION('',(0.422618261740699,-0.90630778703665,0.));
#1500=FACE_BOUND('',#1501,.T.);
#1501=EDGE_LOOP('',(#2323,#2324,#2325,#2326));
#1502=PLANE('',#1503);
#1503=AXIS2_PLACEMENT_3D('',#1504,#1505,#1506);
#1504=CARTESIAN_POINT('',(-1.385,0.970000000000001,1.57));
#1505=DIRECTION('',(-1.,2.28911963840238E-016,0.));
#1506=DIRECTION('',(-2.28911963840238E-016,-1.,0.));
#1507=FACE_BOUND('',#1508,.T.);
#1508=EDGE_LOOP('',(#2327,#2328,#2329,#2330));
#1509=PLANE('',#1510);
#1510=AXIS2_PLACEMENT_3D('',#1511,#1512,#1513);
#1511=CARTESIAN_POINT('',(-1.2451077025535,1.27,1.57));
#1512=DIRECTION('',(-0.90630778703665,0.422618261740699,0.));
#1513=DIRECTION('',(-0.4226182617407,-0.90630778703665,0.));
#1514=FACE_BOUND('',#1515,.T.);
#1515=EDGE_LOOP('',(#2331,#2332,#2333,#2334));
#1516=PLANE('',#1517);
#1517=AXIS2_PLACEMENT_3D('',#1518,#1519,#1520);
#1518=CARTESIAN_POINT('',(-1.385,1.57,1.57));
#1519=DIRECTION('',(-0.90630778703665,-0.422618261740699,0.));
#1520=DIRECTION('',(0.422618261740699,-0.90630778703665,0.));
#1521=FACE_BOUND('',#1522,.T.);
#1522=EDGE_LOOP('',(#2335,#2336,#2337,#2338));
#1523=PLANE('',#1524);
#1524=AXIS2_PLACEMENT_3D('',#1525,#1526,#1527);
#1525=CARTESIAN_POINT('',(-1.385,3.51,1.57));
#1526=DIRECTION('',(-1.,2.28911963840238E-016,0.));
#1527=DIRECTION('',(-2.28911963840238E-016,-1.,0.));
#1528=FACE_BOUND('',#1529,.T.);
#1529=EDGE_LOOP('',(#2339,#2340,#2341,#2342));
#1530=PLANE('',#1531);
#1531=AXIS2_PLACEMENT_3D('',#1532,#1533,#1534);
#1532=CARTESIAN_POINT('',(-1.2451077025535,3.81,1.57));
#1533=DIRECTION('',(-0.90630778703665,0.422618261740699,0.));
#1534=DIRECTION('',(-0.4226182617407,-0.90630778703665,0.));
#1535=FACE_BOUND('',#1536,.T.);
#1536=EDGE_LOOP('',(#2343,#2344,#2345,#2346));
#1537=PLANE('',#1538);
#1538=AXIS2_PLACEMENT_3D('',#1539,#1540,#1541);
#1539=CARTESIAN_POINT('',(11.4051077025535,3.81,1.57));
#1540=DIRECTION('',(0.,1.,-0.));
#1541=DIRECTION('',(-1.,0.,0.));
#1542=FACE_BOUND('',#1543,.T.);
#1543=EDGE_LOOP('',(#2347,#2348,#2349,#2350));
#1544=PLANE('',#1545);
#1545=AXIS2_PLACEMENT_3D('',#1546,#1547,#1548);
#1546=CARTESIAN_POINT('',(1.11099559472815,3.81,1.57));
#1547=DIRECTION('',(-0.906307787035266,-0.422618261743666,0.));
#1548=DIRECTION('',(0.422618261743666,-0.906307787035267,0.));
#1549=FACE_BOUND('',#1550,.T.);
#1550=EDGE_LOOP('',(#2351,#2352,#2353,#2354));
#1551=CYLINDRICAL_SURFACE('',#1552,0.03);
#1552=AXIS2_PLACEMENT_3D('',#1553,#1554,#1555);
#1553=CARTESIAN_POINT('',(1.27,3.54,1.57));
#1554=DIRECTION('',(0.,0.,1.));
#1555=DIRECTION('',(-0.906307787035285,-0.422618261743626,0.));
#1556=FACE_BOUND('',#1557,.T.);
#1557=EDGE_LOOP('',(#2355,#2356,#2357,#2358));
#1558=PLANE('',#1559);
#1559=AXIS2_PLACEMENT_3D('',#1560,#1561,#1562);
#1560=CARTESIAN_POINT('',(1.29718923361106,3.52732145214769,1.57));
#1561=DIRECTION('',(0.906307787035268,-0.422618261743663,0.));
#1562=DIRECTION('',(0.422618261743663,0.906307787035268,0.));
#1563=FACE_BOUND('',#1564,.T.);
#1564=EDGE_LOOP('',(#2359,#2360,#2361,#2362));
#1565=PLANE('',#1566);
#1566=AXIS2_PLACEMENT_3D('',#1567,#1568,#1569);
#1567=CARTESIAN_POINT('',(11.4051077025535,3.81,1.57));
#1568=DIRECTION('',(0.,1.,-0.));
#1569=DIRECTION('',(-1.,0.,0.));
#1570=FACE_BOUND('',#1571,.T.);
#1571=EDGE_LOOP('',(#2363,#2364,#2365,#2366));
#1572=PLANE('',#1573);
#1573=AXIS2_PLACEMENT_3D('',#1574,#1575,#1576);
#1574=CARTESIAN_POINT('',(3.65099559472815,3.81,1.57));
#1575=DIRECTION('',(-0.906307787035266,-0.422618261743666,0.));
#1576=DIRECTION('',(0.422618261743666,-0.906307787035267,0.));
#1577=FACE_BOUND('',#1578,.T.);
#1578=EDGE_LOOP('',(#2367,#2368,#2369,#2370));
#1579=CYLINDRICAL_SURFACE('',#1580,0.03);
#1580=AXIS2_PLACEMENT_3D('',#1581,#1582,#1583);
#1581=CARTESIAN_POINT('',(3.81,3.54,1.57));
#1582=DIRECTION('',(0.,0.,1.));
#1583=DIRECTION('',(-0.906307787035285,-0.422618261743626,0.));
#1584=FACE_BOUND('',#1585,.T.);
#1585=EDGE_LOOP('',(#2371,#2372,#2373,#2374));
#1586=PLANE('',#1587);
#1587=AXIS2_PLACEMENT_3D('',#1588,#1589,#1590);
#1588=CARTESIAN_POINT('',(3.83718923361106,3.52732145214769,1.57));
#1589=DIRECTION('',(0.906307787035268,-0.422618261743663,0.));
#1590=DIRECTION('',(0.422618261743663,0.906307787035268,0.));
#1591=FACE_BOUND('',#1592,.T.);
#1592=EDGE_LOOP('',(#2375,#2376,#2377,#2378));
#1593=PLANE('',#1594);
#1594=AXIS2_PLACEMENT_3D('',#1595,#1596,#1597);
#1595=CARTESIAN_POINT('',(11.4051077025535,3.81,1.57));
#1596=DIRECTION('',(0.,1.,-0.));
#1597=DIRECTION('',(-1.,0.,0.));
#1598=FACE_BOUND('',#1599,.T.);
#1599=EDGE_LOOP('',(#2379,#2380,#2381,#2382));
#1600=PLANE('',#1601);
#1601=AXIS2_PLACEMENT_3D('',#1602,#1603,#1604);
#1602=CARTESIAN_POINT('',(6.19099559472815,3.81,1.57));
#1603=DIRECTION('',(-0.906307787035266,-0.422618261743666,0.));
#1604=DIRECTION('',(0.422618261743666,-0.906307787035267,0.));
#1605=FACE_BOUND('',#1606,.T.);
#1606=EDGE_LOOP('',(#2383,#2384,#2385,#2386));
#1607=CYLINDRICAL_SURFACE('',#1608,0.03);
#1608=AXIS2_PLACEMENT_3D('',#1609,#1610,#1611);
#1609=CARTESIAN_POINT('',(6.35,3.54,1.57));
#1610=DIRECTION('',(0.,0.,1.));
#1611=DIRECTION('',(-0.906307787035285,-0.422618261743626,0.));
#1612=FACE_BOUND('',#1613,.T.);
#1613=EDGE_LOOP('',(#2387,#2388,#2389,#2390));
#1614=PLANE('',#1615);
#1615=AXIS2_PLACEMENT_3D('',#1616,#1617,#1618);
#1616=CARTESIAN_POINT('',(6.37718923361106,3.52732145214769,1.57));
#1617=DIRECTION('',(0.906307787035268,-0.422618261743663,0.));
#1618=DIRECTION('',(0.422618261743663,0.906307787035268,0.));
#1619=FACE_BOUND('',#1620,.T.);
#1620=EDGE_LOOP('',(#2391,#2392,#2393,#2394));
#1621=PLANE('',#1622);
#1622=AXIS2_PLACEMENT_3D('',#1623,#1624,#1625);
#1623=CARTESIAN_POINT('',(11.4051077025535,3.81,1.57));
#1624=DIRECTION('',(0.,1.,-0.));
#1625=DIRECTION('',(-1.,0.,0.));
#1626=FACE_BOUND('',#1627,.T.);
#1627=EDGE_LOOP('',(#2395,#2396,#2397,#2398));
#1628=PLANE('',#1629);
#1629=AXIS2_PLACEMENT_3D('',#1630,#1631,#1632);
#1630=CARTESIAN_POINT('',(8.73099559472815,3.81,1.57));
#1631=DIRECTION('',(-0.906307787035266,-0.422618261743666,0.));
#1632=DIRECTION('',(0.422618261743666,-0.906307787035267,0.));
#1633=FACE_BOUND('',#1634,.T.);
#1634=EDGE_LOOP('',(#2399,#2400,#2401,#2402));
#1635=CYLINDRICAL_SURFACE('',#1636,0.03);
#1636=AXIS2_PLACEMENT_3D('',#1637,#1638,#1639);
#1637=CARTESIAN_POINT('',(8.89,3.54,1.57));
#1638=DIRECTION('',(0.,0.,1.));
#1639=DIRECTION('',(-0.906307787035285,-0.422618261743626,0.));
#1640=FACE_BOUND('',#1641,.T.);
#1641=EDGE_LOOP('',(#2403,#2404,#2405,#2406));
#1642=PLANE('',#1643);
#1643=AXIS2_PLACEMENT_3D('',#1644,#1645,#1646);
#1644=CARTESIAN_POINT('',(8.91718923361106,3.52732145214769,1.57));
#1645=DIRECTION('',(0.906307787035268,-0.422618261743663,0.));
#1646=DIRECTION('',(0.422618261743663,0.906307787035268,0.));
#1647=FACE_BOUND('',#1648,.T.);
#1648=EDGE_LOOP('',(#2407,#2408,#2409,#2410));
#1649=PLANE('',#1650);
#1650=AXIS2_PLACEMENT_3D('',#1651,#1652,#1653);
#1651=CARTESIAN_POINT('',(11.4051077025535,3.81,1.57));
#1652=DIRECTION('',(0.,1.,-0.));
#1653=DIRECTION('',(-1.,0.,0.));
#1654=FACE_BOUND('',#1655,.T.);
#1655=EDGE_LOOP('',(#2411,#2412,#2413,#2414));
#1656=PLANE('',#1657);
#1657=AXIS2_PLACEMENT_3D('',#1658,#1659,#1660);
#1658=CARTESIAN_POINT('',(11.545,3.51,1.57));
#1659=DIRECTION('',(0.906307787036649,0.422618261740702,-0.));
#1660=DIRECTION('',(-0.422618261740702,0.906307787036649,0.));
#1661=FACE_BOUND('',#1662,.T.);
#1662=EDGE_LOOP('',(#2415,#2416,#2417,#2418));
#1663=PLANE('',#1664);
#1664=AXIS2_PLACEMENT_3D('',#1665,#1666,#1667);
#1665=CARTESIAN_POINT('',(11.545,1.57,1.57));
#1666=DIRECTION('',(1.,0.,0.));
#1667=DIRECTION('',(0.,1.,0.));
#1668=FACE_BOUND('',#1669,.T.);
#1669=EDGE_LOOP('',(#2419,#2420,#2421,#2422));
#1670=PLANE('',#1671);
#1671=AXIS2_PLACEMENT_3D('',#1672,#1673,#1674);
#1672=CARTESIAN_POINT('',(11.4051077025535,1.27,1.57));
#1673=DIRECTION('',(0.906307787036649,-0.422618261740702,0.));
#1674=DIRECTION('',(0.422618261740702,0.906307787036649,0.));
#1675=FACE_BOUND('',#1676,.T.);
#1676=EDGE_LOOP('',(#2423,#2424,#2425,#2426));
#1677=PLANE('',#1678);
#1678=AXIS2_PLACEMENT_3D('',#1679,#1680,#1681);
#1679=CARTESIAN_POINT('',(11.545,0.97,1.57));
#1680=DIRECTION('',(0.906307787036649,0.422618261740702,-0.));
#1681=DIRECTION('',(-0.422618261740702,0.906307787036649,0.));
#1682=FACE_BOUND('',#1683,.T.);
#1683=EDGE_LOOP('',(#2427,#2428,#2429,#2430));
#1684=PLANE('',#1685);
#1685=AXIS2_PLACEMENT_3D('',#1686,#1687,#1688);
#1686=CARTESIAN_POINT('',(11.545,-0.969999999999999,1.57));
#1687=DIRECTION('',(1.,0.,0.));
#1688=DIRECTION('',(0.,1.,0.));
#1689=FACE_BOUND('',#1690,.T.);
#1690=EDGE_LOOP('',(#2431,#2432,#2433,#2434));
#1691=PLANE('',#1692);
#1692=AXIS2_PLACEMENT_3D('',#1693,#1694,#1695);
#1693=CARTESIAN_POINT('',(3.83718923361106,0.987321452147693,1.57));
#1694=DIRECTION('',(0.906307787035268,-0.422618261743663,0.));
#1695=DIRECTION('',(0.422618261743663,0.906307787035268,0.));
#1696=FACE_BOUND('',#1697,.T.);
#1697=EDGE_LOOP('',(#2435,#2436,#2437,#2438));
#1698=PLANE('',#1699);
#1699=AXIS2_PLACEMENT_3D('',#1700,#1701,#1702);
#1700=CARTESIAN_POINT('',(3.96900440526804,1.27,1.57));
#1701=DIRECTION('',(0.906307787039943,0.422618261733638,-0.));
#1702=DIRECTION('',(-0.422618261733638,0.906307787039943,0.));
#1703=FACE_BOUND('',#1704,.T.);
#1704=EDGE_LOOP('',(#2439,#2440,#2441,#2442));
#1705=CYLINDRICAL_SURFACE('',#1706,0.03);
#1706=AXIS2_PLACEMENT_3D('',#1707,#1708,#1709);
#1707=CARTESIAN_POINT('',(3.81,1.54,1.57));
#1708=DIRECTION('',(0.,0.,1.));
#1709=DIRECTION('',(0.906307786970437,0.422618261882694,0.));
#1710=FACE_BOUND('',#1711,.T.);
#1711=EDGE_LOOP('',(#2443,#2444,#2445,#2446));
#1712=PLANE('',#1713);
#1713=AXIS2_PLACEMENT_3D('',#1714,#1715,#1716);
#1714=CARTESIAN_POINT('',(3.78281076638794,1.55267854785015,1.57));
#1715=DIRECTION('',(-0.906307787039943,0.422618261733637,0.));
#1716=DIRECTION('',(-0.422618261733637,-0.906307787039943,0.));
#1717=FACE_BOUND('',#1718,.T.);
#1718=EDGE_LOOP('',(#2447,#2448,#2449,#2450));
#1719=PLANE('',#1720);
#1720=AXIS2_PLACEMENT_3D('',#1721,#1722,#1723);
#1721=CARTESIAN_POINT('',(3.65099559472815,1.27,1.57));
#1722=DIRECTION('',(-0.906307787035266,-0.422618261743666,0.));
#1723=DIRECTION('',(0.422618261743666,-0.906307787035267,0.));
#1724=FACE_BOUND('',#1725,.T.);
#1725=EDGE_LOOP('',(#2451,#2452,#2453,#2454));
#1726=CYLINDRICAL_SURFACE('',#1727,0.03);
#1727=AXIS2_PLACEMENT_3D('',#1728,#1729,#1730);
#1728=CARTESIAN_POINT('',(3.81,1.,1.57));
#1729=DIRECTION('',(0.,0.,1.));
#1730=DIRECTION('',(-0.906307787035285,-0.422618261743626,0.));
#1731=FACE_OUTER_BOUND('',#1732,.T.);
#1732=EDGE_LOOP('',(#2455));
#1733=FACE_OUTER_BOUND('',#1734,.T.);
#1734=EDGE_LOOP('',(#2456));
#1735=CYLINDRICAL_SURFACE('',#1736,0.66);
#1736=AXIS2_PLACEMENT_3D('',#1737,#1738,#1739);
#1737=CARTESIAN_POINT('',(2.54,0.,0.));
#1738=DIRECTION('',(0.,0.,1.));
#1739=DIRECTION('',(1.,0.,0.));
#1740=FACE_OUTER_BOUND('',#1741,.T.);
#1741=EDGE_LOOP('',(#2457));
#1742=FACE_OUTER_BOUND('',#1743,.T.);
#1743=EDGE_LOOP('',(#2458));
#1744=CYLINDRICAL_SURFACE('',#1745,0.66);
#1745=AXIS2_PLACEMENT_3D('',#1746,#1747,#1748);
#1746=CARTESIAN_POINT('',(5.08,0.,0.));
#1747=DIRECTION('',(0.,0.,1.));
#1748=DIRECTION('',(1.,0.,0.));
#1749=FACE_OUTER_BOUND('',#1750,.T.);
#1750=EDGE_LOOP('',(#2459));
#1751=FACE_OUTER_BOUND('',#1752,.T.);
#1752=EDGE_LOOP('',(#2460));
#1753=CYLINDRICAL_SURFACE('',#1754,0.66);
#1754=AXIS2_PLACEMENT_3D('',#1755,#1756,#1757);
#1755=CARTESIAN_POINT('',(7.62,0.,0.));
#1756=DIRECTION('',(0.,0.,1.));
#1757=DIRECTION('',(1.,0.,0.));
#1758=FACE_OUTER_BOUND('',#1759,.T.);
#1759=EDGE_LOOP('',(#2461));
#1760=FACE_OUTER_BOUND('',#1761,.T.);
#1761=EDGE_LOOP('',(#2462));
#1762=CYLINDRICAL_SURFACE('',#1763,0.66);
#1763=AXIS2_PLACEMENT_3D('',#1764,#1765,#1766);
#1764=CARTESIAN_POINT('',(10.16,0.,0.));
#1765=DIRECTION('',(0.,0.,1.));
#1766=DIRECTION('',(1.,0.,0.));
#1767=FACE_OUTER_BOUND('',#1768,.T.);
#1768=EDGE_LOOP('',(#2463));
#1769=FACE_OUTER_BOUND('',#1770,.T.);
#1770=EDGE_LOOP('',(#2464));
#1771=CYLINDRICAL_SURFACE('',#1772,0.66);
#1772=AXIS2_PLACEMENT_3D('',#1773,#1774,#1775);
#1773=CARTESIAN_POINT('',(1.55530143491714E-016,2.54,0.));
#1774=DIRECTION('',(0.,0.,1.));
#1775=DIRECTION('',(1.,0.,0.));
#1776=FACE_OUTER_BOUND('',#1777,.T.);
#1777=EDGE_LOOP('',(#2465));
#1778=FACE_OUTER_BOUND('',#1779,.T.);
#1779=EDGE_LOOP('',(#2466));
#1780=CYLINDRICAL_SURFACE('',#1781,0.66);
#1781=AXIS2_PLACEMENT_3D('',#1782,#1783,#1784);
#1782=CARTESIAN_POINT('',(2.54,2.54,0.));
#1783=DIRECTION('',(0.,0.,1.));
#1784=DIRECTION('',(1.,0.,0.));
#1785=FACE_OUTER_BOUND('',#1786,.T.);
#1786=EDGE_LOOP('',(#2467));
#1787=FACE_OUTER_BOUND('',#1788,.T.);
#1788=EDGE_LOOP('',(#2468));
#1789=CYLINDRICAL_SURFACE('',#1790,0.66);
#1790=AXIS2_PLACEMENT_3D('',#1791,#1792,#1793);
#1791=CARTESIAN_POINT('',(5.08,2.54,0.));
#1792=DIRECTION('',(0.,0.,1.));
#1793=DIRECTION('',(1.,0.,0.));
#1794=FACE_OUTER_BOUND('',#1795,.T.);
#1795=EDGE_LOOP('',(#2469));
#1796=FACE_OUTER_BOUND('',#1797,.T.);
#1797=EDGE_LOOP('',(#2470));
#1798=CYLINDRICAL_SURFACE('',#1799,0.66);
#1799=AXIS2_PLACEMENT_3D('',#1800,#1801,#1802);
#1800=CARTESIAN_POINT('',(7.62,2.54,0.));
#1801=DIRECTION('',(0.,0.,1.));
#1802=DIRECTION('',(1.,0.,0.));
#1803=FACE_OUTER_BOUND('',#1804,.T.);
#1804=EDGE_LOOP('',(#2471));
#1805=FACE_OUTER_BOUND('',#1806,.T.);
#1806=EDGE_LOOP('',(#2472));
#1807=CYLINDRICAL_SURFACE('',#1808,0.66);
#1808=AXIS2_PLACEMENT_3D('',#1809,#1810,#1811);
#1809=CARTESIAN_POINT('',(10.16,2.54,0.));
#1810=DIRECTION('',(0.,0.,1.));
#1811=DIRECTION('',(1.,0.,0.));
#1812=FACE_OUTER_BOUND('',#1813,.T.);
#1813=EDGE_LOOP('',(#2473));
#1814=FACE_OUTER_BOUND('',#1815,.T.);
#1815=EDGE_LOOP('',(#2474));
#1816=CYLINDRICAL_SURFACE('',#1817,0.66);
#1817=AXIS2_PLACEMENT_3D('',#1818,#1819,#1820);
#1818=CARTESIAN_POINT('',(0.,0.,0.));
#1819=DIRECTION('',(0.,0.,1.));
#1820=DIRECTION('',(1.,0.,0.));
#1821=FACE_BOUND('',#1822,.T.);
#1822=EDGE_LOOP('',(#2475,#2476,#2477,#2478));
#1823=CYLINDRICAL_SURFACE('',#1824,0.03);
#1824=AXIS2_PLACEMENT_3D('',#1825,#1826,#1827);
#1825=CARTESIAN_POINT('',(1.27,1.54,1.57));
#1826=DIRECTION('',(0.,0.,1.));
#1827=DIRECTION('',(0.906307786970437,0.422618261882694,0.));
#1828=FACE_BOUND('',#1829,.T.);
#1829=EDGE_LOOP('',(#2479,#2480,#2481,#2482));
#1830=PLANE('',#1831);
#1831=AXIS2_PLACEMENT_3D('',#1832,#1833,#1834);
#1832=CARTESIAN_POINT('',(1.24281076638794,1.55267854785015,1.57));
#1833=DIRECTION('',(-0.906307787039943,0.422618261733637,0.));
#1834=DIRECTION('',(-0.422618261733637,-0.906307787039943,0.));
#1835=FACE_BOUND('',#1836,.T.);
#1836=EDGE_LOOP('',(#2483,#2484,#2485,#2486));
#1837=PLANE('',#1838);
#1838=AXIS2_PLACEMENT_3D('',#1839,#1840,#1841);
#1839=CARTESIAN_POINT('',(1.11099559472815,1.27,1.57));
#1840=DIRECTION('',(-0.906307787035266,-0.422618261743666,0.));
#1841=DIRECTION('',(0.422618261743666,-0.906307787035267,0.));
#1842=FACE_BOUND('',#1843,.T.);
#1843=EDGE_LOOP('',(#2487,#2488,#2489,#2490));
#1844=CYLINDRICAL_SURFACE('',#1845,0.03);
#1845=AXIS2_PLACEMENT_3D('',#1846,#1847,#1848);
#1846=CARTESIAN_POINT('',(1.27,1.,1.57));
#1847=DIRECTION('',(0.,0.,1.));
#1848=DIRECTION('',(-0.906307787035285,-0.422618261743626,0.));
#1849=FACE_BOUND('',#1850,.T.);
#1850=EDGE_LOOP('',(#2491,#2492,#2493,#2494));
#1851=PLANE('',#1852);
#1852=AXIS2_PLACEMENT_3D('',#1853,#1854,#1855);
#1853=CARTESIAN_POINT('',(1.29718923361106,0.987321452147693,1.57));
#1854=DIRECTION('',(0.906307787035268,-0.422618261743663,0.));
#1855=DIRECTION('',(0.422618261743663,0.906307787035268,0.));
#1856=FACE_BOUND('',#1857,.T.);
#1857=EDGE_LOOP('',(#2495,#2496,#2497,#2498));
#1858=PLANE('',#1859);
#1859=AXIS2_PLACEMENT_3D('',#1860,#1861,#1862);
#1860=CARTESIAN_POINT('',(1.42900440526804,1.27,1.57));
#1861=DIRECTION('',(0.906307787039943,0.422618261733638,-0.));
#1862=DIRECTION('',(-0.422618261733638,0.906307787039943,0.));
#1863=FACE_BOUND('',#1864,.T.);
#1864=EDGE_LOOP('',(#2499,#2500,#2501,#2502));
#1865=PLANE('',#1866);
#1866=AXIS2_PLACEMENT_3D('',#1867,#1868,#1869);
#1867=CARTESIAN_POINT('',(6.37718923361106,0.987321452147693,1.57));
#1868=DIRECTION('',(0.906307787035268,-0.422618261743663,0.));
#1869=DIRECTION('',(0.422618261743663,0.906307787035268,0.));
#1870=FACE_BOUND('',#1871,.T.);
#1871=EDGE_LOOP('',(#2503,#2504,#2505,#2506));
#1872=PLANE('',#1873);
#1873=AXIS2_PLACEMENT_3D('',#1874,#1875,#1876);
#1874=CARTESIAN_POINT('',(6.50900440526804,1.27,1.57));
#1875=DIRECTION('',(0.906307787039943,0.422618261733638,-0.));
#1876=DIRECTION('',(-0.422618261733638,0.906307787039943,0.));
#1877=FACE_BOUND('',#1878,.T.);
#1878=EDGE_LOOP('',(#2507,#2508,#2509,#2510));
#1879=CYLINDRICAL_SURFACE('',#1880,0.03);
#1880=AXIS2_PLACEMENT_3D('',#1881,#1882,#1883);
#1881=CARTESIAN_POINT('',(6.35,1.54,1.57));
#1882=DIRECTION('',(0.,0.,1.));
#1883=DIRECTION('',(0.906307786970437,0.422618261882694,0.));
#1884=FACE_BOUND('',#1885,.T.);
#1885=EDGE_LOOP('',(#2511,#2512,#2513,#2514));
#1886=PLANE('',#1887);
#1887=AXIS2_PLACEMENT_3D('',#1888,#1889,#1890);
#1888=CARTESIAN_POINT('',(6.32281076638794,1.55267854785015,1.57));
#1889=DIRECTION('',(-0.906307787039943,0.422618261733637,0.));
#1890=DIRECTION('',(-0.422618261733637,-0.906307787039943,0.));
#1891=FACE_BOUND('',#1892,.T.);
#1892=EDGE_LOOP('',(#2515,#2516,#2517,#2518));
#1893=PLANE('',#1894);
#1894=AXIS2_PLACEMENT_3D('',#1895,#1896,#1897);
#1895=CARTESIAN_POINT('',(6.19099559472815,1.27,1.57));
#1896=DIRECTION('',(-0.906307787035266,-0.422618261743666,0.));
#1897=DIRECTION('',(0.422618261743666,-0.906307787035267,0.));
#1898=FACE_BOUND('',#1899,.T.);
#1899=EDGE_LOOP('',(#2519,#2520,#2521,#2522));
#1900=CYLINDRICAL_SURFACE('',#1901,0.03);
#1901=AXIS2_PLACEMENT_3D('',#1902,#1903,#1904);
#1902=CARTESIAN_POINT('',(6.35,1.,1.57));
#1903=DIRECTION('',(0.,0.,1.));
#1904=DIRECTION('',(-0.906307787035285,-0.422618261743626,0.));
#1905=FACE_BOUND('',#1906,.T.);
#1906=EDGE_LOOP('',(#2523));
#1907=PLANE('',#1908);
#1908=AXIS2_PLACEMENT_3D('',#1909,#1910,#1911);
#1909=CARTESIAN_POINT('',(0.,0.,-2.75));
#1910=DIRECTION('',(-0.,-0.,-1.));
#1911=DIRECTION('',(0.,-1.,0.));
#1912=FACE_OUTER_BOUND('',#1913,.T.);
#1913=EDGE_LOOP('',(#2524));
#1914=FACE_OUTER_BOUND('',#1915,.T.);
#1915=EDGE_LOOP('',(#2525));
#1916=CONICAL_SURFACE('',#1917,0.19125,0.785398163397449);
#1917=AXIS2_PLACEMENT_3D('',#1918,#1919,#1920);
#1918=CARTESIAN_POINT('',(0.,0.,-2.68625));
#1919=DIRECTION('',(0.,0.,1.));
#1920=DIRECTION('',(-0.,1.,-0.));
#1921=FACE_OUTER_BOUND('',#1922,.T.);
#1922=EDGE_LOOP('',(#2526));
#1923=FACE_OUTER_BOUND('',#1924,.T.);
#1924=EDGE_LOOP('',(#2527));
#1925=CYLINDRICAL_SURFACE('',#1926,0.255);
#1926=AXIS2_PLACEMENT_3D('',#1927,#1928,#1929);
#1927=CARTESIAN_POINT('',(0.,0.,0.));
#1928=DIRECTION('',(-0.,-0.,-1.));
#1929=DIRECTION('',(0.,-1.,0.));
#1930=FACE_OUTER_BOUND('',#1931,.T.);
#1931=EDGE_LOOP('',(#2528));
#1932=FACE_OUTER_BOUND('',#1933,.T.);
#1933=EDGE_LOOP('',(#2529));
#1934=CONICAL_SURFACE('',#1935,0.4575,0.959931087707183);
#1935=AXIS2_PLACEMENT_3D('',#1936,#1937,#1938);
#1936=CARTESIAN_POINT('',(0.,0.,0.141792026755963));
#1937=DIRECTION('',(0.,0.,1.));
#1938=DIRECTION('',(-0.,1.,-0.));
#1939=FACE_OUTER_BOUND('',#1940,.T.);
#1940=EDGE_LOOP('',(#2530));
#1941=FACE_OUTER_BOUND('',#1942,.T.);
#1942=EDGE_LOOP('',(#2531));
#1943=CYLINDRICAL_SURFACE('',#1944,0.66);
#1944=AXIS2_PLACEMENT_3D('',#1945,#1946,#1947);
#1945=CARTESIAN_POINT('',(0.,0.,1.79287838708181));
#1946=DIRECTION('',(-0.,-0.,-1.));
#1947=DIRECTION('',(0.,-1.,0.));
#1948=FACE_OUTER_BOUND('',#1949,.T.);
#1949=EDGE_LOOP('',(#2532));
#1950=FACE_OUTER_BOUND('',#1951,.T.);
#1951=EDGE_LOOP('',(#2533));
#1952=CONICAL_SURFACE('',#1953,0.735,0.349065850398867);
#1953=AXIS2_PLACEMENT_3D('',#1954,#1955,#1956);
#1954=CARTESIAN_POINT('',(0.,0.,1.9989391935409));
#1955=DIRECTION('',(0.,0.,1.));
#1956=DIRECTION('',(-0.,1.,-0.));
#1957=FACE_BOUND('',#1958,.T.);
#1958=EDGE_LOOP('',(#2534));
#1959=FACE_BOUND('',#1960,.T.);
#1960=EDGE_LOOP('',(#2535));
#1961=PLANE('',#1962);
#1962=AXIS2_PLACEMENT_3D('',#1963,#1964,#1965);
#1963=CARTESIAN_POINT('',(0.,0.,2.205));
#1964=DIRECTION('',(0.,0.,1.));
#1965=DIRECTION('',(0.,-1.,0.));
#1966=FACE_OUTER_BOUND('',#1967,.T.);
#1967=EDGE_LOOP('',(#2536));
#1968=FACE_OUTER_BOUND('',#1969,.T.);
#1969=EDGE_LOOP('',(#2537));
#1970=CYLINDRICAL_SURFACE('',#1971,0.66);
#1971=AXIS2_PLACEMENT_3D('',#1972,#1973,#1974);
#1972=CARTESIAN_POINT('',(0.,0.,2.84));
#1973=DIRECTION('',(-0.,-0.,-1.));
#1974=DIRECTION('',(0.,-1.,0.));
#1975=FACE_BOUND('',#1976,.T.);
#1976=EDGE_LOOP('',(#2538));
#1977=FACE_BOUND('',#1978,.T.);
#1978=EDGE_LOOP('',(#2539));
#1979=PLANE('',#1980);
#1980=AXIS2_PLACEMENT_3D('',#1981,#1982,#1983);
#1981=CARTESIAN_POINT('',(0.,0.,2.84));
#1982=DIRECTION('',(-0.,-0.,-1.));
#1983=DIRECTION('',(0.,-1.,0.));
#1984=FACE_OUTER_BOUND('',#1985,.T.);
#1985=EDGE_LOOP('',(#2540));
#1986=FACE_OUTER_BOUND('',#1987,.T.);
#1987=EDGE_LOOP('',(#2541));
#1988=CYLINDRICAL_SURFACE('',#1989,0.915);
#1989=AXIS2_PLACEMENT_3D('',#1990,#1991,#1992);
#1990=CARTESIAN_POINT('',(0.,0.,3.35));
#1991=DIRECTION('',(-0.,-0.,-1.));
#1992=DIRECTION('',(0.,-1.,0.));
#1993=FACE_BOUND('',#1994,.T.);
#1994=EDGE_LOOP('',(#2542));
#1995=FACE_BOUND('',#1996,.T.);
#1996=EDGE_LOOP('',(#2543));
#1997=PLANE('',#1998);
#1998=AXIS2_PLACEMENT_3D('',#1999,#2000,#2001);
#1999=CARTESIAN_POINT('',(0.,0.,3.35));
#2000=DIRECTION('',(0.,0.,1.));
#2001=DIRECTION('',(0.,-1.,0.));
#2002=FACE_OUTER_BOUND('',#2003,.T.);
#2003=EDGE_LOOP('',(#2544));
#2004=FACE_OUTER_BOUND('',#2005,.T.);
#2005=EDGE_LOOP('',(#2545));
#2006=CONICAL_SURFACE('',#2007,0.554595535433107,0.349065852124744);
#2007=AXIS2_PLACEMENT_3D('',#2008,#2009,#2010);
#2008=CARTESIAN_POINT('',(0.,0.,3.2));
#2009=DIRECTION('',(0.,0.,1.));
#2010=DIRECTION('',(-0.,1.,-0.));
#2011=FACE_OUTER_BOUND('',#2012,.T.);
#2012=EDGE_LOOP('',(#2546));
#2013=FACE_OUTER_BOUND('',#2014,.T.);
#2014=EDGE_LOOP('',(#2547));
#2015=CYLINDRICAL_SURFACE('',#2016,0.5);
#2016=AXIS2_PLACEMENT_3D('',#2017,#2018,#2019);
#2017=CARTESIAN_POINT('',(0.,0.,2.85));
#2018=DIRECTION('',(-0.,-0.,-1.));
#2019=DIRECTION('',(0.,-1.,0.));
#2020=FACE_OUTER_BOUND('',#2021,.T.);
#2021=EDGE_LOOP('',(#2548));
#2022=FACE_OUTER_BOUND('',#2023,.T.);
#2023=EDGE_LOOP('',(#2549));
#2024=CONICAL_SURFACE('',#2025,0.3625,0.225276779214055);
#2025=AXIS2_PLACEMENT_3D('',#2026,#2027,#2028);
#2026=CARTESIAN_POINT('',(0.,0.,2.25));
#2027=DIRECTION('',(0.,0.,1.));
#2028=DIRECTION('',(-0.,1.,-0.));
#2029=FACE_BOUND('',#2030,.T.);
#2030=EDGE_LOOP('',(#2550));
#2031=FACE_BOUND('',#2032,.T.);
#2032=EDGE_LOOP('',(#2551));
#2033=PLANE('',#2034);
#2034=AXIS2_PLACEMENT_3D('',#2035,#2036,#2037);
#2035=CARTESIAN_POINT('',(0.,0.,1.65));
#2036=DIRECTION('',(-0.,-0.,-1.));
#2037=DIRECTION('',(0.,-1.,0.));
#2038=FACE_OUTER_BOUND('',#2039,.T.);
#2039=EDGE_LOOP('',(#2552));
#2040=FACE_OUTER_BOUND('',#2041,.T.);
#2041=EDGE_LOOP('',(#2553));
#2042=CYLINDRICAL_SURFACE('',#2043,0.5);
#2043=AXIS2_PLACEMENT_3D('',#2044,#2045,#2046);
#2044=CARTESIAN_POINT('',(0.,0.,0.45));
#2045=DIRECTION('',(-0.,-0.,-1.));
#2046=DIRECTION('',(0.,-1.,0.));
#2047=FACE_OUTER_BOUND('',#2048,.T.);
#2048=EDGE_LOOP('',(#2554));
#2049=FACE_OUTER_BOUND('',#2050,.T.);
#2050=EDGE_LOOP('',(#2555));
#2051=CONICAL_SURFACE('',#2052,0.265,0.959931088596881);
#2052=AXIS2_PLACEMENT_3D('',#2053,#2054,#2055);
#2053=CARTESIAN_POINT('',(0.,0.,0.285451228520718));
#2054=DIRECTION('',(0.,0.,1.));
#2055=DIRECTION('',(-0.,1.,-0.));
#2056=FACE_BOUND('',#2057,.T.);
#2057=EDGE_LOOP('',(#2556));
#2058=PLANE('',#2059);
#2059=AXIS2_PLACEMENT_3D('',#2060,#2061,#2062);
#2060=CARTESIAN_POINT('',(0.,0.,0.120902457041437));
#2061=DIRECTION('',(0.,0.,1.));
#2062=DIRECTION('',(0.,-1.,0.));
#2063=ORIENTED_EDGE('',*,*,#2557,.T.);
#2064=ORIENTED_EDGE('',*,*,#2558,.F.);
#2065=ORIENTED_EDGE('',*,*,#2559,.T.);
#2066=ORIENTED_EDGE('',*,*,#2560,.F.);
#2067=ORIENTED_EDGE('',*,*,#2561,.T.);
#2068=ORIENTED_EDGE('',*,*,#2562,.F.);
#2069=ORIENTED_EDGE('',*,*,#2563,.F.);
#2070=ORIENTED_EDGE('',*,*,#2564,.F.);
#2071=ORIENTED_EDGE('',*,*,#2565,.T.);
#2072=ORIENTED_EDGE('',*,*,#2566,.F.);
#2073=ORIENTED_EDGE('',*,*,#2567,.T.);
#2074=ORIENTED_EDGE('',*,*,#2568,.T.);
#2075=ORIENTED_EDGE('',*,*,#2569,.T.);
#2076=ORIENTED_EDGE('',*,*,#2570,.T.);
#2077=ORIENTED_EDGE('',*,*,#2571,.T.);
#2078=ORIENTED_EDGE('',*,*,#2572,.F.);
#2079=ORIENTED_EDGE('',*,*,#2573,.T.);
#2080=ORIENTED_EDGE('',*,*,#2574,.T.);
#2081=ORIENTED_EDGE('',*,*,#2568,.F.);
#2082=ORIENTED_EDGE('',*,*,#2575,.T.);
#2083=ORIENTED_EDGE('',*,*,#2576,.T.);
#2084=ORIENTED_EDGE('',*,*,#2577,.T.);
#2085=ORIENTED_EDGE('',*,*,#2578,.F.);
#2086=ORIENTED_EDGE('',*,*,#2579,.T.);
#2087=ORIENTED_EDGE('',*,*,#2580,.T.);
#2088=ORIENTED_EDGE('',*,*,#2581,.T.);
#2089=ORIENTED_EDGE('',*,*,#2582,.F.);
#2090=ORIENTED_EDGE('',*,*,#2583,.T.);
#2091=ORIENTED_EDGE('',*,*,#2584,.T.);
#2092=ORIENTED_EDGE('',*,*,#2585,.T.);
#2093=ORIENTED_EDGE('',*,*,#2586,.F.);
#2094=ORIENTED_EDGE('',*,*,#2587,.F.);
#2095=ORIENTED_EDGE('',*,*,#2588,.F.);
#2096=ORIENTED_EDGE('',*,*,#2589,.F.);
#2097=ORIENTED_EDGE('',*,*,#2590,.F.);
#2098=ORIENTED_EDGE('',*,*,#2591,.F.);
#2099=ORIENTED_EDGE('',*,*,#2592,.F.);
#2100=ORIENTED_EDGE('',*,*,#2593,.F.);
#2101=ORIENTED_EDGE('',*,*,#2594,.T.);
#2102=ORIENTED_EDGE('',*,*,#2595,.T.);
#2103=ORIENTED_EDGE('',*,*,#2596,.T.);
#2104=ORIENTED_EDGE('',*,*,#2597,.F.);
#2105=ORIENTED_EDGE('',*,*,#2598,.T.);
#2106=ORIENTED_EDGE('',*,*,#2599,.T.);
#2107=ORIENTED_EDGE('',*,*,#2600,.T.);
#2108=ORIENTED_EDGE('',*,*,#2601,.F.);
#2109=ORIENTED_EDGE('',*,*,#2602,.T.);
#2110=ORIENTED_EDGE('',*,*,#2603,.T.);
#2111=ORIENTED_EDGE('',*,*,#2604,.T.);
#2112=ORIENTED_EDGE('',*,*,#2605,.F.);
#2113=ORIENTED_EDGE('',*,*,#2606,.T.);
#2114=ORIENTED_EDGE('',*,*,#2607,.T.);
#2115=ORIENTED_EDGE('',*,*,#2608,.T.);
#2116=ORIENTED_EDGE('',*,*,#2609,.F.);
#2117=ORIENTED_EDGE('',*,*,#2610,.F.);
#2118=ORIENTED_EDGE('',*,*,#2611,.F.);
#2119=ORIENTED_EDGE('',*,*,#2612,.F.);
#2120=ORIENTED_EDGE('',*,*,#2613,.F.);
#2121=ORIENTED_EDGE('',*,*,#2614,.F.);
#2122=ORIENTED_EDGE('',*,*,#2615,.F.);
#2123=ORIENTED_EDGE('',*,*,#2570,.F.);
#2124=ORIENTED_EDGE('',*,*,#2616,.T.);
#2125=ORIENTED_EDGE('',*,*,#2617,.T.);
#2126=ORIENTED_EDGE('',*,*,#2564,.T.);
#2127=ORIENTED_EDGE('',*,*,#2618,.T.);
#2128=ORIENTED_EDGE('',*,*,#2558,.T.);
#2129=ORIENTED_EDGE('',*,*,#2619,.T.);
#2130=ORIENTED_EDGE('',*,*,#2620,.T.);
#2131=ORIENTED_EDGE('',*,*,#2621,.T.);
#2132=ORIENTED_EDGE('',*,*,#2622,.T.);
#2133=ORIENTED_EDGE('',*,*,#2623,.T.);
#2134=ORIENTED_EDGE('',*,*,#2624,.T.);
#2135=ORIENTED_EDGE('',*,*,#2625,.T.);
#2136=ORIENTED_EDGE('',*,*,#2626,.T.);
#2137=ORIENTED_EDGE('',*,*,#2627,.T.);
#2138=ORIENTED_EDGE('',*,*,#2628,.T.);
#2139=ORIENTED_EDGE('',*,*,#2629,.T.);
#2140=ORIENTED_EDGE('',*,*,#2630,.T.);
#2141=ORIENTED_EDGE('',*,*,#2631,.T.);
#2142=ORIENTED_EDGE('',*,*,#2632,.T.);
#2143=ORIENTED_EDGE('',*,*,#2633,.T.);
#2144=ORIENTED_EDGE('',*,*,#2634,.T.);
#2145=ORIENTED_EDGE('',*,*,#2635,.T.);
#2146=ORIENTED_EDGE('',*,*,#2636,.T.);
#2147=ORIENTED_EDGE('',*,*,#2637,.T.);
#2148=ORIENTED_EDGE('',*,*,#2638,.T.);
#2149=ORIENTED_EDGE('',*,*,#2639,.T.);
#2150=ORIENTED_EDGE('',*,*,#2640,.T.);
#2151=ORIENTED_EDGE('',*,*,#2641,.T.);
#2152=ORIENTED_EDGE('',*,*,#2642,.T.);
#2153=ORIENTED_EDGE('',*,*,#2643,.T.);
#2154=ORIENTED_EDGE('',*,*,#2644,.T.);
#2155=ORIENTED_EDGE('',*,*,#2645,.T.);
#2156=ORIENTED_EDGE('',*,*,#2646,.T.);
#2157=ORIENTED_EDGE('',*,*,#2647,.T.);
#2158=ORIENTED_EDGE('',*,*,#2648,.T.);
#2159=ORIENTED_EDGE('',*,*,#2649,.T.);
#2160=ORIENTED_EDGE('',*,*,#2650,.T.);
#2161=ORIENTED_EDGE('',*,*,#2572,.T.);
#2162=ORIENTED_EDGE('',*,*,#2651,.T.);
#2163=ORIENTED_EDGE('',*,*,#2652,.T.);
#2164=ORIENTED_EDGE('',*,*,#2653,.T.);
#2165=ORIENTED_EDGE('',*,*,#2654,.T.);
#2166=ORIENTED_EDGE('',*,*,#2655,.T.);
#2167=ORIENTED_EDGE('',*,*,#2656,.T.);
#2168=ORIENTED_EDGE('',*,*,#2657,.T.);
#2169=ORIENTED_EDGE('',*,*,#2658,.T.);
#2170=ORIENTED_EDGE('',*,*,#2659,.T.);
#2171=ORIENTED_EDGE('',*,*,#2660,.T.);
#2172=ORIENTED_EDGE('',*,*,#2661,.T.);
#2173=ORIENTED_EDGE('',*,*,#2662,.T.);
#2174=ORIENTED_EDGE('',*,*,#2663,.T.);
#2175=ORIENTED_EDGE('',*,*,#2664,.T.);
#2176=ORIENTED_EDGE('',*,*,#2665,.T.);
#2177=ORIENTED_EDGE('',*,*,#2666,.T.);
#2178=ORIENTED_EDGE('',*,*,#2667,.T.);
#2179=ORIENTED_EDGE('',*,*,#2668,.T.);
#2180=ORIENTED_EDGE('',*,*,#2669,.T.);
#2181=ORIENTED_EDGE('',*,*,#2670,.T.);
#2182=ORIENTED_EDGE('',*,*,#2671,.T.);
#2183=ORIENTED_EDGE('',*,*,#2672,.T.);
#2184=ORIENTED_EDGE('',*,*,#2673,.T.);
#2185=ORIENTED_EDGE('',*,*,#2674,.T.);
#2186=ORIENTED_EDGE('',*,*,#2675,.T.);
#2187=ORIENTED_EDGE('',*,*,#2676,.T.);
#2188=ORIENTED_EDGE('',*,*,#2677,.T.);
#2189=ORIENTED_EDGE('',*,*,#2678,.T.);
#2190=ORIENTED_EDGE('',*,*,#2679,.T.);
#2191=ORIENTED_EDGE('',*,*,#2680,.T.);
#2192=ORIENTED_EDGE('',*,*,#2681,.T.);
#2193=ORIENTED_EDGE('',*,*,#2682,.T.);
#2194=ORIENTED_EDGE('',*,*,#2683,.T.);
#2195=ORIENTED_EDGE('',*,*,#2684,.T.);
#2196=ORIENTED_EDGE('',*,*,#2685,.T.);
#2197=ORIENTED_EDGE('',*,*,#2686,.T.);
#2198=ORIENTED_EDGE('',*,*,#2687,.T.);
#2199=ORIENTED_EDGE('',*,*,#2688,.T.);
#2200=ORIENTED_EDGE('',*,*,#2689,.T.);
#2201=ORIENTED_EDGE('',*,*,#2690,.T.);
#2202=ORIENTED_EDGE('',*,*,#2691,.T.);
#2203=ORIENTED_EDGE('',*,*,#2566,.T.);
#2204=ORIENTED_EDGE('',*,*,#2692,.T.);
#2205=ORIENTED_EDGE('',*,*,#2693,.T.);
#2206=ORIENTED_EDGE('',*,*,#2694,.T.);
#2207=ORIENTED_EDGE('',*,*,#2695,.T.);
#2208=ORIENTED_EDGE('',*,*,#2560,.T.);
#2209=ORIENTED_EDGE('',*,*,#2696,.T.);
#2210=ORIENTED_EDGE('',*,*,#2562,.T.);
#2211=ORIENTED_EDGE('',*,*,#2697,.T.);
#2212=ORIENTED_EDGE('',*,*,#2698,.T.);
#2213=ORIENTED_EDGE('',*,*,#2699,.T.);
#2214=ORIENTED_EDGE('',*,*,#2700,.T.);
#2215=ORIENTED_EDGE('',*,*,#2701,.T.);
#2216=ORIENTED_EDGE('',*,*,#2702,.T.);
#2217=ORIENTED_EDGE('',*,*,#2703,.T.);
#2218=ORIENTED_EDGE('',*,*,#2704,.T.);
#2219=ORIENTED_EDGE('',*,*,#2705,.T.);
#2220=ORIENTED_EDGE('',*,*,#2706,.T.);
#2221=ORIENTED_EDGE('',*,*,#2707,.T.);
#2222=ORIENTED_EDGE('',*,*,#2708,.T.);
#2223=ORIENTED_EDGE('',*,*,#2709,.T.);
#2224=ORIENTED_EDGE('',*,*,#2710,.T.);
#2225=ORIENTED_EDGE('',*,*,#2711,.T.);
#2226=ORIENTED_EDGE('',*,*,#2712,.T.);
#2227=ORIENTED_EDGE('',*,*,#2713,.T.);
#2228=ORIENTED_EDGE('',*,*,#2714,.T.);
#2229=ORIENTED_EDGE('',*,*,#2715,.T.);
#2230=ORIENTED_EDGE('',*,*,#2716,.T.);
#2231=ORIENTED_EDGE('',*,*,#2717,.T.);
#2232=ORIENTED_EDGE('',*,*,#2718,.T.);
#2233=ORIENTED_EDGE('',*,*,#2719,.T.);
#2234=ORIENTED_EDGE('',*,*,#2720,.T.);
#2235=ORIENTED_EDGE('',*,*,#2721,.T.);
#2236=ORIENTED_EDGE('',*,*,#2722,.T.);
#2237=ORIENTED_EDGE('',*,*,#2723,.T.);
#2238=ORIENTED_EDGE('',*,*,#2724,.T.);
#2239=ORIENTED_EDGE('',*,*,#2650,.F.);
#2240=ORIENTED_EDGE('',*,*,#2725,.F.);
#2241=ORIENTED_EDGE('',*,*,#2616,.F.);
#2242=ORIENTED_EDGE('',*,*,#2569,.F.);
#2243=ORIENTED_EDGE('',*,*,#2692,.F.);
#2244=ORIENTED_EDGE('',*,*,#2565,.F.);
#2245=ORIENTED_EDGE('',*,*,#2574,.F.);
#2246=ORIENTED_EDGE('',*,*,#2726,.T.);
#2247=ORIENTED_EDGE('',*,*,#2649,.F.);
#2248=ORIENTED_EDGE('',*,*,#2726,.F.);
#2249=ORIENTED_EDGE('',*,*,#2573,.F.);
#2250=ORIENTED_EDGE('',*,*,#2725,.T.);
#2251=ORIENTED_EDGE('',*,*,#2694,.F.);
#2252=ORIENTED_EDGE('',*,*,#2727,.F.);
#2253=ORIENTED_EDGE('',*,*,#2620,.F.);
#2254=ORIENTED_EDGE('',*,*,#2728,.T.);
#2255=ORIENTED_EDGE('',*,*,#2557,.F.);
#2256=ORIENTED_EDGE('',*,*,#2695,.F.);
#2257=ORIENTED_EDGE('',*,*,#2728,.F.);
#2258=ORIENTED_EDGE('',*,*,#2619,.F.);
#2259=ORIENTED_EDGE('',*,*,#2561,.F.);
#2260=ORIENTED_EDGE('',*,*,#2617,.F.);
#2261=ORIENTED_EDGE('',*,*,#2727,.T.);
#2262=ORIENTED_EDGE('',*,*,#2693,.F.);
#2263=ORIENTED_EDGE('',*,*,#2618,.F.);
#2264=ORIENTED_EDGE('',*,*,#2563,.T.);
#2265=ORIENTED_EDGE('',*,*,#2696,.F.);
#2266=ORIENTED_EDGE('',*,*,#2559,.F.);
#2267=ORIENTED_EDGE('',*,*,#2567,.F.);
#2268=ORIENTED_EDGE('',*,*,#2691,.F.);
#2269=ORIENTED_EDGE('',*,*,#2729,.F.);
#2270=ORIENTED_EDGE('',*,*,#2575,.F.);
#2271=ORIENTED_EDGE('',*,*,#2615,.T.);
#2272=ORIENTED_EDGE('',*,*,#2730,.T.);
#2273=ORIENTED_EDGE('',*,*,#2651,.F.);
#2274=ORIENTED_EDGE('',*,*,#2571,.F.);
#2275=ORIENTED_EDGE('',*,*,#2576,.F.);
#2276=ORIENTED_EDGE('',*,*,#2729,.T.);
#2277=ORIENTED_EDGE('',*,*,#2690,.F.);
#2278=ORIENTED_EDGE('',*,*,#2731,.F.);
#2279=ORIENTED_EDGE('',*,*,#2732,.F.);
#2280=ORIENTED_EDGE('',*,*,#2577,.F.);
#2281=ORIENTED_EDGE('',*,*,#2731,.T.);
#2282=ORIENTED_EDGE('',*,*,#2689,.F.);
#2283=ORIENTED_EDGE('',*,*,#2732,.T.);
#2284=ORIENTED_EDGE('',*,*,#2688,.F.);
#2285=ORIENTED_EDGE('',*,*,#2733,.T.);
#2286=ORIENTED_EDGE('',*,*,#2578,.T.);
#2287=ORIENTED_EDGE('',*,*,#2687,.F.);
#2288=ORIENTED_EDGE('',*,*,#2734,.F.);
#2289=ORIENTED_EDGE('',*,*,#2579,.F.);
#2290=ORIENTED_EDGE('',*,*,#2733,.F.);
#2291=ORIENTED_EDGE('',*,*,#2686,.F.);
#2292=ORIENTED_EDGE('',*,*,#2735,.F.);
#2293=ORIENTED_EDGE('',*,*,#2580,.F.);
#2294=ORIENTED_EDGE('',*,*,#2734,.T.);
#2295=ORIENTED_EDGE('',*,*,#2685,.F.);
#2296=ORIENTED_EDGE('',*,*,#2736,.F.);
#2297=ORIENTED_EDGE('',*,*,#2581,.F.);
#2298=ORIENTED_EDGE('',*,*,#2735,.T.);
#2299=ORIENTED_EDGE('',*,*,#2736,.T.);
#2300=ORIENTED_EDGE('',*,*,#2684,.F.);
#2301=ORIENTED_EDGE('',*,*,#2737,.T.);
#2302=ORIENTED_EDGE('',*,*,#2582,.T.);
#2303=ORIENTED_EDGE('',*,*,#2583,.F.);
#2304=ORIENTED_EDGE('',*,*,#2737,.F.);
#2305=ORIENTED_EDGE('',*,*,#2683,.F.);
#2306=ORIENTED_EDGE('',*,*,#2738,.F.);
#2307=ORIENTED_EDGE('',*,*,#2584,.F.);
#2308=ORIENTED_EDGE('',*,*,#2738,.T.);
#2309=ORIENTED_EDGE('',*,*,#2682,.F.);
#2310=ORIENTED_EDGE('',*,*,#2739,.F.);
#2311=ORIENTED_EDGE('',*,*,#2585,.F.);
#2312=ORIENTED_EDGE('',*,*,#2739,.T.);
#2313=ORIENTED_EDGE('',*,*,#2681,.F.);
#2314=ORIENTED_EDGE('',*,*,#2740,.F.);
#2315=ORIENTED_EDGE('',*,*,#2740,.T.);
#2316=ORIENTED_EDGE('',*,*,#2680,.F.);
#2317=ORIENTED_EDGE('',*,*,#2741,.F.);
#2318=ORIENTED_EDGE('',*,*,#2586,.T.);
#2319=ORIENTED_EDGE('',*,*,#2587,.T.);
#2320=ORIENTED_EDGE('',*,*,#2741,.T.);
#2321=ORIENTED_EDGE('',*,*,#2679,.F.);
#2322=ORIENTED_EDGE('',*,*,#2742,.F.);
#2323=ORIENTED_EDGE('',*,*,#2588,.T.);
#2324=ORIENTED_EDGE('',*,*,#2742,.T.);
#2325=ORIENTED_EDGE('',*,*,#2678,.F.);
#2326=ORIENTED_EDGE('',*,*,#2743,.F.);
#2327=ORIENTED_EDGE('',*,*,#2744,.F.);
#2328=ORIENTED_EDGE('',*,*,#2589,.T.);
#2329=ORIENTED_EDGE('',*,*,#2743,.T.);
#2330=ORIENTED_EDGE('',*,*,#2677,.F.);
#2331=ORIENTED_EDGE('',*,*,#2744,.T.);
#2332=ORIENTED_EDGE('',*,*,#2676,.F.);
#2333=ORIENTED_EDGE('',*,*,#2745,.F.);
#2334=ORIENTED_EDGE('',*,*,#2590,.T.);
#2335=ORIENTED_EDGE('',*,*,#2591,.T.);
#2336=ORIENTED_EDGE('',*,*,#2745,.T.);
#2337=ORIENTED_EDGE('',*,*,#2675,.F.);
#2338=ORIENTED_EDGE('',*,*,#2746,.F.);
#2339=ORIENTED_EDGE('',*,*,#2592,.T.);
#2340=ORIENTED_EDGE('',*,*,#2746,.T.);
#2341=ORIENTED_EDGE('',*,*,#2674,.F.);
#2342=ORIENTED_EDGE('',*,*,#2747,.F.);
#2343=ORIENTED_EDGE('',*,*,#2748,.T.);
#2344=ORIENTED_EDGE('',*,*,#2593,.T.);
#2345=ORIENTED_EDGE('',*,*,#2747,.T.);
#2346=ORIENTED_EDGE('',*,*,#2673,.F.);
#2347=ORIENTED_EDGE('',*,*,#2594,.F.);
#2348=ORIENTED_EDGE('',*,*,#2748,.F.);
#2349=ORIENTED_EDGE('',*,*,#2672,.F.);
#2350=ORIENTED_EDGE('',*,*,#2749,.F.);
#2351=ORIENTED_EDGE('',*,*,#2595,.F.);
#2352=ORIENTED_EDGE('',*,*,#2749,.T.);
#2353=ORIENTED_EDGE('',*,*,#2671,.F.);
#2354=ORIENTED_EDGE('',*,*,#2750,.F.);
#2355=ORIENTED_EDGE('',*,*,#2596,.F.);
#2356=ORIENTED_EDGE('',*,*,#2750,.T.);
#2357=ORIENTED_EDGE('',*,*,#2670,.F.);
#2358=ORIENTED_EDGE('',*,*,#2751,.F.);
#2359=ORIENTED_EDGE('',*,*,#2751,.T.);
#2360=ORIENTED_EDGE('',*,*,#2669,.F.);
#2361=ORIENTED_EDGE('',*,*,#2752,.T.);
#2362=ORIENTED_EDGE('',*,*,#2597,.T.);
#2363=ORIENTED_EDGE('',*,*,#2598,.F.);
#2364=ORIENTED_EDGE('',*,*,#2752,.F.);
#2365=ORIENTED_EDGE('',*,*,#2668,.F.);
#2366=ORIENTED_EDGE('',*,*,#2753,.F.);
#2367=ORIENTED_EDGE('',*,*,#2599,.F.);
#2368=ORIENTED_EDGE('',*,*,#2753,.T.);
#2369=ORIENTED_EDGE('',*,*,#2667,.F.);
#2370=ORIENTED_EDGE('',*,*,#2754,.F.);
#2371=ORIENTED_EDGE('',*,*,#2600,.F.);
#2372=ORIENTED_EDGE('',*,*,#2754,.T.);
#2373=ORIENTED_EDGE('',*,*,#2666,.F.);
#2374=ORIENTED_EDGE('',*,*,#2755,.F.);
#2375=ORIENTED_EDGE('',*,*,#2755,.T.);
#2376=ORIENTED_EDGE('',*,*,#2665,.F.);
#2377=ORIENTED_EDGE('',*,*,#2756,.T.);
#2378=ORIENTED_EDGE('',*,*,#2601,.T.);
#2379=ORIENTED_EDGE('',*,*,#2602,.F.);
#2380=ORIENTED_EDGE('',*,*,#2756,.F.);
#2381=ORIENTED_EDGE('',*,*,#2664,.F.);
#2382=ORIENTED_EDGE('',*,*,#2757,.F.);
#2383=ORIENTED_EDGE('',*,*,#2603,.F.);
#2384=ORIENTED_EDGE('',*,*,#2757,.T.);
#2385=ORIENTED_EDGE('',*,*,#2663,.F.);
#2386=ORIENTED_EDGE('',*,*,#2758,.F.);
#2387=ORIENTED_EDGE('',*,*,#2604,.F.);
#2388=ORIENTED_EDGE('',*,*,#2758,.T.);
#2389=ORIENTED_EDGE('',*,*,#2662,.F.);
#2390=ORIENTED_EDGE('',*,*,#2759,.F.);
#2391=ORIENTED_EDGE('',*,*,#2759,.T.);
#2392=ORIENTED_EDGE('',*,*,#2661,.F.);
#2393=ORIENTED_EDGE('',*,*,#2760,.T.);
#2394=ORIENTED_EDGE('',*,*,#2605,.T.);
#2395=ORIENTED_EDGE('',*,*,#2606,.F.);
#2396=ORIENTED_EDGE('',*,*,#2760,.F.);
#2397=ORIENTED_EDGE('',*,*,#2660,.F.);
#2398=ORIENTED_EDGE('',*,*,#2761,.F.);
#2399=ORIENTED_EDGE('',*,*,#2607,.F.);
#2400=ORIENTED_EDGE('',*,*,#2761,.T.);
#2401=ORIENTED_EDGE('',*,*,#2659,.F.);
#2402=ORIENTED_EDGE('',*,*,#2762,.F.);
#2403=ORIENTED_EDGE('',*,*,#2608,.F.);
#2404=ORIENTED_EDGE('',*,*,#2762,.T.);
#2405=ORIENTED_EDGE('',*,*,#2658,.F.);
#2406=ORIENTED_EDGE('',*,*,#2763,.F.);
#2407=ORIENTED_EDGE('',*,*,#2763,.T.);
#2408=ORIENTED_EDGE('',*,*,#2657,.F.);
#2409=ORIENTED_EDGE('',*,*,#2764,.F.);
#2410=ORIENTED_EDGE('',*,*,#2609,.T.);
#2411=ORIENTED_EDGE('',*,*,#2610,.T.);
#2412=ORIENTED_EDGE('',*,*,#2764,.T.);
#2413=ORIENTED_EDGE('',*,*,#2656,.F.);
#2414=ORIENTED_EDGE('',*,*,#2765,.F.);
#2415=ORIENTED_EDGE('',*,*,#2611,.T.);
#2416=ORIENTED_EDGE('',*,*,#2765,.T.);
#2417=ORIENTED_EDGE('',*,*,#2655,.F.);
#2418=ORIENTED_EDGE('',*,*,#2766,.F.);
#2419=ORIENTED_EDGE('',*,*,#2767,.T.);
#2420=ORIENTED_EDGE('',*,*,#2612,.T.);
#2421=ORIENTED_EDGE('',*,*,#2766,.T.);
#2422=ORIENTED_EDGE('',*,*,#2654,.F.);
#2423=ORIENTED_EDGE('',*,*,#2767,.F.);
#2424=ORIENTED_EDGE('',*,*,#2653,.F.);
#2425=ORIENTED_EDGE('',*,*,#2768,.F.);
#2426=ORIENTED_EDGE('',*,*,#2613,.T.);
#2427=ORIENTED_EDGE('',*,*,#2614,.T.);
#2428=ORIENTED_EDGE('',*,*,#2768,.T.);
#2429=ORIENTED_EDGE('',*,*,#2652,.F.);
#2430=ORIENTED_EDGE('',*,*,#2730,.F.);
#2431=ORIENTED_EDGE('',*,*,#2769,.F.);
#2432=ORIENTED_EDGE('',*,*,#2621,.F.);
#2433=ORIENTED_EDGE('',*,*,#2770,.T.);
#2434=ORIENTED_EDGE('',*,*,#2697,.F.);
#2435=ORIENTED_EDGE('',*,*,#2769,.T.);
#2436=ORIENTED_EDGE('',*,*,#2702,.F.);
#2437=ORIENTED_EDGE('',*,*,#2771,.F.);
#2438=ORIENTED_EDGE('',*,*,#2622,.F.);
#2439=ORIENTED_EDGE('',*,*,#2623,.F.);
#2440=ORIENTED_EDGE('',*,*,#2771,.T.);
#2441=ORIENTED_EDGE('',*,*,#2701,.F.);
#2442=ORIENTED_EDGE('',*,*,#2772,.F.);
#2443=ORIENTED_EDGE('',*,*,#2773,.T.);
#2444=ORIENTED_EDGE('',*,*,#2624,.F.);
#2445=ORIENTED_EDGE('',*,*,#2772,.T.);
#2446=ORIENTED_EDGE('',*,*,#2700,.F.);
#2447=ORIENTED_EDGE('',*,*,#2773,.F.);
#2448=ORIENTED_EDGE('',*,*,#2699,.F.);
#2449=ORIENTED_EDGE('',*,*,#2774,.F.);
#2450=ORIENTED_EDGE('',*,*,#2625,.F.);
#2451=ORIENTED_EDGE('',*,*,#2698,.F.);
#2452=ORIENTED_EDGE('',*,*,#2770,.F.);
#2453=ORIENTED_EDGE('',*,*,#2626,.F.);
#2454=ORIENTED_EDGE('',*,*,#2774,.T.);
#2455=ORIENTED_EDGE('',*,*,#2703,.F.);
#2456=ORIENTED_EDGE('',*,*,#2627,.F.);
#2457=ORIENTED_EDGE('',*,*,#2704,.F.);
#2458=ORIENTED_EDGE('',*,*,#2628,.F.);
#2459=ORIENTED_EDGE('',*,*,#2705,.F.);
#2460=ORIENTED_EDGE('',*,*,#2629,.F.);
#2461=ORIENTED_EDGE('',*,*,#2706,.F.);
#2462=ORIENTED_EDGE('',*,*,#2630,.F.);
#2463=ORIENTED_EDGE('',*,*,#2707,.F.);
#2464=ORIENTED_EDGE('',*,*,#2631,.F.);
#2465=ORIENTED_EDGE('',*,*,#2708,.F.);
#2466=ORIENTED_EDGE('',*,*,#2632,.F.);
#2467=ORIENTED_EDGE('',*,*,#2709,.F.);
#2468=ORIENTED_EDGE('',*,*,#2633,.F.);
#2469=ORIENTED_EDGE('',*,*,#2710,.F.);
#2470=ORIENTED_EDGE('',*,*,#2634,.F.);
#2471=ORIENTED_EDGE('',*,*,#2711,.F.);
#2472=ORIENTED_EDGE('',*,*,#2635,.F.);
#2473=ORIENTED_EDGE('',*,*,#2712,.F.);
#2474=ORIENTED_EDGE('',*,*,#2636,.F.);
#2475=ORIENTED_EDGE('',*,*,#2637,.F.);
#2476=ORIENTED_EDGE('',*,*,#2775,.T.);
#2477=ORIENTED_EDGE('',*,*,#2713,.F.);
#2478=ORIENTED_EDGE('',*,*,#2776,.F.);
#2479=ORIENTED_EDGE('',*,*,#2777,.F.);
#2480=ORIENTED_EDGE('',*,*,#2638,.F.);
#2481=ORIENTED_EDGE('',*,*,#2776,.T.);
#2482=ORIENTED_EDGE('',*,*,#2718,.F.);
#2483=ORIENTED_EDGE('',*,*,#2777,.T.);
#2484=ORIENTED_EDGE('',*,*,#2717,.F.);
#2485=ORIENTED_EDGE('',*,*,#2778,.F.);
#2486=ORIENTED_EDGE('',*,*,#2639,.F.);
#2487=ORIENTED_EDGE('',*,*,#2640,.F.);
#2488=ORIENTED_EDGE('',*,*,#2778,.T.);
#2489=ORIENTED_EDGE('',*,*,#2716,.F.);
#2490=ORIENTED_EDGE('',*,*,#2779,.F.);
#2491=ORIENTED_EDGE('',*,*,#2780,.T.);
#2492=ORIENTED_EDGE('',*,*,#2641,.F.);
#2493=ORIENTED_EDGE('',*,*,#2779,.T.);
#2494=ORIENTED_EDGE('',*,*,#2715,.F.);
#2495=ORIENTED_EDGE('',*,*,#2780,.F.);
#2496=ORIENTED_EDGE('',*,*,#2714,.F.);
#2497=ORIENTED_EDGE('',*,*,#2775,.F.);
#2498=ORIENTED_EDGE('',*,*,#2642,.F.);
#2499=ORIENTED_EDGE('',*,*,#2781,.F.);
#2500=ORIENTED_EDGE('',*,*,#2643,.F.);
#2501=ORIENTED_EDGE('',*,*,#2782,.T.);
#2502=ORIENTED_EDGE('',*,*,#2719,.F.);
#2503=ORIENTED_EDGE('',*,*,#2781,.T.);
#2504=ORIENTED_EDGE('',*,*,#2724,.F.);
#2505=ORIENTED_EDGE('',*,*,#2783,.F.);
#2506=ORIENTED_EDGE('',*,*,#2644,.F.);
#2507=ORIENTED_EDGE('',*,*,#2645,.F.);
#2508=ORIENTED_EDGE('',*,*,#2783,.T.);
#2509=ORIENTED_EDGE('',*,*,#2723,.F.);
#2510=ORIENTED_EDGE('',*,*,#2784,.F.);
#2511=ORIENTED_EDGE('',*,*,#2785,.T.);
#2512=ORIENTED_EDGE('',*,*,#2646,.F.);
#2513=ORIENTED_EDGE('',*,*,#2784,.T.);
#2514=ORIENTED_EDGE('',*,*,#2722,.F.);
#2515=ORIENTED_EDGE('',*,*,#2785,.F.);
#2516=ORIENTED_EDGE('',*,*,#2721,.F.);
#2517=ORIENTED_EDGE('',*,*,#2786,.F.);
#2518=ORIENTED_EDGE('',*,*,#2647,.F.);
#2519=ORIENTED_EDGE('',*,*,#2648,.F.);
#2520=ORIENTED_EDGE('',*,*,#2786,.T.);
#2521=ORIENTED_EDGE('',*,*,#2720,.F.);
#2522=ORIENTED_EDGE('',*,*,#2782,.F.);
#2523=ORIENTED_EDGE('',*,*,#2787,.T.);
#2524=ORIENTED_EDGE('',*,*,#2787,.F.);
#2525=ORIENTED_EDGE('',*,*,#2788,.T.);
#2526=ORIENTED_EDGE('',*,*,#2789,.T.);
#2527=ORIENTED_EDGE('',*,*,#2788,.F.);
#2528=ORIENTED_EDGE('',*,*,#2789,.F.);
#2529=ORIENTED_EDGE('',*,*,#2790,.T.);
#2530=ORIENTED_EDGE('',*,*,#2791,.T.);
#2531=ORIENTED_EDGE('',*,*,#2790,.F.);
#2532=ORIENTED_EDGE('',*,*,#2791,.F.);
#2533=ORIENTED_EDGE('',*,*,#2792,.T.);
#2534=ORIENTED_EDGE('',*,*,#2792,.F.);
#2535=ORIENTED_EDGE('',*,*,#2793,.T.);
#2536=ORIENTED_EDGE('',*,*,#2794,.T.);
#2537=ORIENTED_EDGE('',*,*,#2793,.F.);
#2538=ORIENTED_EDGE('',*,*,#2795,.T.);
#2539=ORIENTED_EDGE('',*,*,#2794,.F.);
#2540=ORIENTED_EDGE('',*,*,#2796,.T.);
#2541=ORIENTED_EDGE('',*,*,#2795,.F.);
#2542=ORIENTED_EDGE('',*,*,#2796,.F.);
#2543=ORIENTED_EDGE('',*,*,#2797,.T.);
#2544=ORIENTED_EDGE('',*,*,#2798,.T.);
#2545=ORIENTED_EDGE('',*,*,#2797,.F.);
#2546=ORIENTED_EDGE('',*,*,#2798,.F.);
#2547=ORIENTED_EDGE('',*,*,#2799,.T.);
#2548=ORIENTED_EDGE('',*,*,#2800,.T.);
#2549=ORIENTED_EDGE('',*,*,#2799,.F.);
#2550=ORIENTED_EDGE('',*,*,#2801,.T.);
#2551=ORIENTED_EDGE('',*,*,#2800,.F.);
#2552=ORIENTED_EDGE('',*,*,#2801,.F.);
#2553=ORIENTED_EDGE('',*,*,#2802,.T.);
#2554=ORIENTED_EDGE('',*,*,#2803,.T.);
#2555=ORIENTED_EDGE('',*,*,#2802,.F.);
#2556=ORIENTED_EDGE('',*,*,#2803,.F.);
#2557=EDGE_CURVE('',#2804,#2805,#2806,.F.);
#2558=EDGE_CURVE('',#2807,#2805,#2808,.T.);
#2559=EDGE_CURVE('',#2807,#2809,#2810,.T.);
#2560=EDGE_CURVE('',#2804,#2809,#2811,.F.);
#2561=EDGE_CURVE('',#2812,#2813,#2814,.T.);
#2562=EDGE_CURVE('',#2815,#2813,#2816,.F.);
#2563=EDGE_CURVE('',#2817,#2815,#2818,.T.);
#2564=EDGE_CURVE('',#2812,#2817,#2819,.T.);
#2565=EDGE_CURVE('',#2820,#2821,#2822,.F.);
#2566=EDGE_CURVE('',#2823,#2821,#2824,.T.);
#2567=EDGE_CURVE('',#2823,#2825,#2826,.F.);
#2568=EDGE_CURVE('',#2825,#2820,#2827,.T.);
#2569=EDGE_CURVE('',#2828,#2829,#2830,.F.);
#2570=EDGE_CURVE('',#2829,#2831,#2832,.T.);
#2571=EDGE_CURVE('',#2831,#2833,#2834,.T.);
#2572=EDGE_CURVE('',#2828,#2833,#2835,.T.);
#2573=EDGE_CURVE('',#2836,#2837,#2838,.T.);
#2574=EDGE_CURVE('',#2837,#2820,#2839,.T.);
#2575=EDGE_CURVE('',#2825,#2840,#2841,.T.);
#2576=EDGE_CURVE('',#2840,#2842,#2843,.T.);
#2577=EDGE_CURVE('',#2842,#2844,#2845,.T.);
#2578=EDGE_CURVE('',#2846,#2844,#2847,.T.);
#2579=EDGE_CURVE('',#2846,#2848,#2849,.T.);
#2580=EDGE_CURVE('',#2848,#2850,#2851,.T.);
#2581=EDGE_CURVE('',#2850,#2852,#2853,.T.);
#2582=EDGE_CURVE('',#2854,#2852,#2855,.T.);
#2583=EDGE_CURVE('',#2854,#2856,#2857,.T.);
#2584=EDGE_CURVE('',#2856,#2858,#2859,.T.);
#2585=EDGE_CURVE('',#2858,#2860,#2861,.T.);
#2586=EDGE_CURVE('',#2862,#2860,#2863,.T.);
#2587=EDGE_CURVE('',#2864,#2862,#2865,.T.);
#2588=EDGE_CURVE('',#2866,#2864,#2867,.T.);
#2589=EDGE_CURVE('',#2868,#2866,#2869,.T.);
#2590=EDGE_CURVE('',#2870,#2868,#2871,.T.);
#2591=EDGE_CURVE('',#2872,#2870,#2873,.T.);
#2592=EDGE_CURVE('',#2874,#2872,#2875,.T.);
#2593=EDGE_CURVE('',#2876,#2874,#2877,.T.);
#2594=EDGE_CURVE('',#2876,#2878,#2879,.T.);
#2595=EDGE_CURVE('',#2878,#2880,#2881,.T.);
#2596=EDGE_CURVE('',#2880,#2882,#2883,.T.);
#2597=EDGE_CURVE('',#2884,#2882,#2885,.T.);
#2598=EDGE_CURVE('',#2884,#2886,#2887,.T.);
#2599=EDGE_CURVE('',#2886,#2888,#2889,.T.);
#2600=EDGE_CURVE('',#2888,#2890,#2891,.T.);
#2601=EDGE_CURVE('',#2892,#2890,#2893,.T.);
#2602=EDGE_CURVE('',#2892,#2894,#2895,.T.);
#2603=EDGE_CURVE('',#2894,#2896,#2897,.T.);
#2604=EDGE_CURVE('',#2896,#2898,#2899,.T.);
#2605=EDGE_CURVE('',#2900,#2898,#2901,.T.);
#2606=EDGE_CURVE('',#2900,#2902,#2903,.T.);
#2607=EDGE_CURVE('',#2902,#2904,#2905,.T.);
#2608=EDGE_CURVE('',#2904,#2906,#2907,.T.);
#2609=EDGE_CURVE('',#2908,#2906,#2909,.T.);
#2610=EDGE_CURVE('',#2910,#2908,#2911,.T.);
#2611=EDGE_CURVE('',#2912,#2910,#2913,.T.);
#2612=EDGE_CURVE('',#2914,#2912,#2915,.T.);
#2613=EDGE_CURVE('',#2916,#2914,#2917,.T.);
#2614=EDGE_CURVE('',#2918,#2916,#2919,.T.);
#2615=EDGE_CURVE('',#2831,#2918,#2920,.T.);
#2616=EDGE_CURVE('',#2829,#2836,#2921,.T.);
#2617=EDGE_CURVE('',#2922,#2812,#2923,.T.);
#2618=EDGE_CURVE('',#2817,#2807,#2924,.T.);
#2619=EDGE_CURVE('',#2805,#2925,#2926,.T.);
#2620=EDGE_CURVE('',#2925,#2922,#2927,.T.);
#2621=EDGE_CURVE('',#2928,#2929,#2930,.T.);
#2622=EDGE_CURVE('',#2929,#2931,#2932,.T.);
#2623=EDGE_CURVE('',#2931,#2933,#2934,.T.);
#2624=EDGE_CURVE('',#2933,#2935,#2936,.T.);
#2625=EDGE_CURVE('',#2935,#2937,#2938,.T.);
#2626=EDGE_CURVE('',#2937,#2928,#2939,.T.);
#2627=EDGE_CURVE('',#2940,#2940,#2941,.T.);
#2628=EDGE_CURVE('',#2942,#2942,#2943,.T.);
#2629=EDGE_CURVE('',#2944,#2944,#2945,.T.);
#2630=EDGE_CURVE('',#2946,#2946,#2947,.T.);
#2631=EDGE_CURVE('',#2948,#2948,#2949,.T.);
#2632=EDGE_CURVE('',#2950,#2950,#2951,.T.);
#2633=EDGE_CURVE('',#2952,#2952,#2953,.T.);
#2634=EDGE_CURVE('',#2954,#2954,#2955,.T.);
#2635=EDGE_CURVE('',#2956,#2956,#2957,.T.);
#2636=EDGE_CURVE('',#2958,#2958,#2959,.T.);
#2637=EDGE_CURVE('',#2960,#2961,#2962,.T.);
#2638=EDGE_CURVE('',#2961,#2963,#2964,.T.);
#2639=EDGE_CURVE('',#2963,#2965,#2966,.T.);
#2640=EDGE_CURVE('',#2965,#2967,#2968,.T.);
#2641=EDGE_CURVE('',#2967,#2969,#2970,.T.);
#2642=EDGE_CURVE('',#2969,#2960,#2971,.T.);
#2643=EDGE_CURVE('',#2972,#2973,#2974,.T.);
#2644=EDGE_CURVE('',#2973,#2975,#2976,.T.);
#2645=EDGE_CURVE('',#2975,#2977,#2978,.T.);
#2646=EDGE_CURVE('',#2977,#2979,#2980,.T.);
#2647=EDGE_CURVE('',#2979,#2981,#2982,.T.);
#2648=EDGE_CURVE('',#2981,#2972,#2983,.T.);
#2649=EDGE_CURVE('',#2984,#2985,#2986,.F.);
#2650=EDGE_CURVE('',#2985,#2828,#2987,.F.);
#2651=EDGE_CURVE('',#2833,#2988,#2989,.T.);
#2652=EDGE_CURVE('',#2988,#2990,#2991,.T.);
#2653=EDGE_CURVE('',#2990,#2992,#2993,.T.);
#2654=EDGE_CURVE('',#2992,#2994,#2995,.T.);
#2655=EDGE_CURVE('',#2994,#2996,#2997,.T.);
#2656=EDGE_CURVE('',#2996,#2998,#2999,.T.);
#2657=EDGE_CURVE('',#2998,#3000,#3001,.T.);
#2658=EDGE_CURVE('',#3000,#3002,#3003,.F.);
#2659=EDGE_CURVE('',#3002,#3004,#3005,.F.);
#2660=EDGE_CURVE('',#3004,#3006,#3007,.F.);
#2661=EDGE_CURVE('',#3006,#3008,#3009,.T.);
#2662=EDGE_CURVE('',#3008,#3010,#3011,.F.);
#2663=EDGE_CURVE('',#3010,#3012,#3013,.F.);
#2664=EDGE_CURVE('',#3012,#3014,#3015,.F.);
#2665=EDGE_CURVE('',#3014,#3016,#3017,.T.);
#2666=EDGE_CURVE('',#3016,#3018,#3019,.F.);
#2667=EDGE_CURVE('',#3018,#3020,#3021,.F.);
#2668=EDGE_CURVE('',#3020,#3022,#3023,.F.);
#2669=EDGE_CURVE('',#3022,#3024,#3025,.T.);
#2670=EDGE_CURVE('',#3024,#3026,#3027,.F.);
#2671=EDGE_CURVE('',#3026,#3028,#3029,.F.);
#2672=EDGE_CURVE('',#3028,#3030,#3031,.F.);
#2673=EDGE_CURVE('',#3030,#3032,#3033,.T.);
#2674=EDGE_CURVE('',#3032,#3034,#3035,.T.);
#2675=EDGE_CURVE('',#3034,#3036,#3037,.T.);
#2676=EDGE_CURVE('',#3036,#3038,#3039,.T.);
#2677=EDGE_CURVE('',#3038,#3040,#3041,.T.);
#2678=EDGE_CURVE('',#3040,#3042,#3043,.T.);
#2679=EDGE_CURVE('',#3042,#3044,#3045,.T.);
#2680=EDGE_CURVE('',#3044,#3046,#3047,.T.);
#2681=EDGE_CURVE('',#3046,#3048,#3049,.F.);
#2682=EDGE_CURVE('',#3048,#3050,#3051,.F.);
#2683=EDGE_CURVE('',#3050,#3052,#3053,.F.);
#2684=EDGE_CURVE('',#3052,#3054,#3055,.T.);
#2685=EDGE_CURVE('',#3054,#3056,#3057,.F.);
#2686=EDGE_CURVE('',#3056,#3058,#3059,.F.);
#2687=EDGE_CURVE('',#3058,#3060,#3061,.F.);
#2688=EDGE_CURVE('',#3060,#3062,#3063,.T.);
#2689=EDGE_CURVE('',#3062,#3064,#3065,.F.);
#2690=EDGE_CURVE('',#3064,#3066,#3067,.F.);
#2691=EDGE_CURVE('',#3066,#2823,#3068,.F.);
#2692=EDGE_CURVE('',#2821,#2984,#3069,.F.);
#2693=EDGE_CURVE('',#2813,#3070,#3071,.F.);
#2694=EDGE_CURVE('',#3070,#3072,#3073,.F.);
#2695=EDGE_CURVE('',#3072,#2804,#3074,.F.);
#2696=EDGE_CURVE('',#2809,#2815,#3075,.F.);
#2697=EDGE_CURVE('',#3076,#3077,#3078,.F.);
#2698=EDGE_CURVE('',#3077,#3079,#3080,.F.);
#2699=EDGE_CURVE('',#3079,#3081,#3082,.F.);
#2700=EDGE_CURVE('',#3081,#3083,#3084,.F.);
#2701=EDGE_CURVE('',#3083,#3085,#3086,.F.);
#2702=EDGE_CURVE('',#3085,#3076,#3087,.F.);
#2703=EDGE_CURVE('',#3088,#3088,#3089,.F.);
#2704=EDGE_CURVE('',#3090,#3090,#3091,.F.);
#2705=EDGE_CURVE('',#3092,#3092,#3093,.F.);
#2706=EDGE_CURVE('',#3094,#3094,#3095,.F.);
#2707=EDGE_CURVE('',#3096,#3096,#3097,.F.);
#2708=EDGE_CURVE('',#3098,#3098,#3099,.F.);
#2709=EDGE_CURVE('',#3100,#3100,#3101,.F.);
#2710=EDGE_CURVE('',#3102,#3102,#3103,.F.);
#2711=EDGE_CURVE('',#3104,#3104,#3105,.F.);
#2712=EDGE_CURVE('',#3106,#3106,#3107,.F.);
#2713=EDGE_CURVE('',#3108,#3109,#3110,.F.);
#2714=EDGE_CURVE('',#3109,#3111,#3112,.F.);
#2715=EDGE_CURVE('',#3111,#3113,#3114,.F.);
#2716=EDGE_CURVE('',#3113,#3115,#3116,.F.);
#2717=EDGE_CURVE('',#3115,#3117,#3118,.F.);
#2718=EDGE_CURVE('',#3117,#3108,#3119,.F.);
#2719=EDGE_CURVE('',#3120,#3121,#3122,.F.);
#2720=EDGE_CURVE('',#3121,#3123,#3124,.F.);
#2721=EDGE_CURVE('',#3123,#3125,#3126,.F.);
#2722=EDGE_CURVE('',#3125,#3127,#3128,.F.);
#2723=EDGE_CURVE('',#3127,#3129,#3130,.F.);
#2724=EDGE_CURVE('',#3129,#3120,#3131,.F.);
#2725=EDGE_CURVE('',#2836,#2985,#3132,.T.);
#2726=EDGE_CURVE('',#2837,#2984,#3133,.T.);
#2727=EDGE_CURVE('',#2922,#3070,#3134,.T.);
#2728=EDGE_CURVE('',#2925,#3072,#3135,.T.);
#2729=EDGE_CURVE('',#2840,#3066,#3136,.T.);
#2730=EDGE_CURVE('',#2918,#2988,#3137,.T.);
#2731=EDGE_CURVE('',#2842,#3064,#3138,.T.);
#2732=EDGE_CURVE('',#2844,#3062,#3139,.F.);
#2733=EDGE_CURVE('',#3060,#2846,#3140,.F.);
#2734=EDGE_CURVE('',#2848,#3058,#3141,.T.);
#2735=EDGE_CURVE('',#2850,#3056,#3142,.T.);
#2736=EDGE_CURVE('',#2852,#3054,#3143,.F.);
#2737=EDGE_CURVE('',#3052,#2854,#3144,.F.);
#2738=EDGE_CURVE('',#2856,#3050,#3145,.T.);
#2739=EDGE_CURVE('',#2858,#3048,#3146,.T.);
#2740=EDGE_CURVE('',#2860,#3046,#3147,.F.);
#2741=EDGE_CURVE('',#2862,#3044,#3148,.T.);
#2742=EDGE_CURVE('',#2864,#3042,#3149,.T.);
#2743=EDGE_CURVE('',#2866,#3040,#3150,.T.);
#2744=EDGE_CURVE('',#2868,#3038,#3151,.T.);
#2745=EDGE_CURVE('',#2870,#3036,#3152,.T.);
#2746=EDGE_CURVE('',#2872,#3034,#3153,.T.);
#2747=EDGE_CURVE('',#2874,#3032,#3154,.T.);
#2748=EDGE_CURVE('',#3030,#2876,#3155,.F.);
#2749=EDGE_CURVE('',#2878,#3028,#3156,.T.);
#2750=EDGE_CURVE('',#2880,#3026,#3157,.T.);
#2751=EDGE_CURVE('',#2882,#3024,#3158,.F.);
#2752=EDGE_CURVE('',#3022,#2884,#3159,.F.);
#2753=EDGE_CURVE('',#2886,#3020,#3160,.T.);
#2754=EDGE_CURVE('',#2888,#3018,#3161,.T.);
#2755=EDGE_CURVE('',#2890,#3016,#3162,.F.);
#2756=EDGE_CURVE('',#3014,#2892,#3163,.F.);
#2757=EDGE_CURVE('',#2894,#3012,#3164,.T.);
#2758=EDGE_CURVE('',#2896,#3010,#3165,.T.);
#2759=EDGE_CURVE('',#2898,#3008,#3166,.F.);
#2760=EDGE_CURVE('',#3006,#2900,#3167,.F.);
#2761=EDGE_CURVE('',#2902,#3004,#3168,.T.);
#2762=EDGE_CURVE('',#2904,#3002,#3169,.T.);
#2763=EDGE_CURVE('',#2906,#3000,#3170,.F.);
#2764=EDGE_CURVE('',#2908,#2998,#3171,.T.);
#2765=EDGE_CURVE('',#2910,#2996,#3172,.T.);
#2766=EDGE_CURVE('',#2912,#2994,#3173,.T.);
#2767=EDGE_CURVE('',#2992,#2914,#3174,.F.);
#2768=EDGE_CURVE('',#2916,#2990,#3175,.T.);
#2769=EDGE_CURVE('',#2929,#3076,#3176,.T.);
#2770=EDGE_CURVE('',#2928,#3077,#3177,.T.);
#2771=EDGE_CURVE('',#2931,#3085,#3178,.T.);
#2772=EDGE_CURVE('',#2933,#3083,#3179,.T.);
#2773=EDGE_CURVE('',#3081,#2935,#3180,.F.);
#2774=EDGE_CURVE('',#2937,#3079,#3181,.T.);
#2775=EDGE_CURVE('',#2960,#3109,#3182,.T.);
#2776=EDGE_CURVE('',#2961,#3108,#3183,.T.);
#2777=EDGE_CURVE('',#2963,#3117,#3184,.T.);
#2778=EDGE_CURVE('',#2965,#3115,#3185,.T.);
#2779=EDGE_CURVE('',#2967,#3113,#3186,.T.);
#2780=EDGE_CURVE('',#3111,#2969,#3187,.T.);
#2781=EDGE_CURVE('',#2973,#3120,#3188,.T.);
#2782=EDGE_CURVE('',#2972,#3121,#3189,.T.);
#2783=EDGE_CURVE('',#2975,#3129,#3190,.T.);
#2784=EDGE_CURVE('',#2977,#3127,#3191,.T.);
#2785=EDGE_CURVE('',#3125,#2979,#3192,.F.);
#2786=EDGE_CURVE('',#2981,#3123,#3193,.T.);
#2787=EDGE_CURVE('',#3194,#3194,#3195,.T.);
#2788=EDGE_CURVE('',#3196,#3196,#3197,.T.);
#2789=EDGE_CURVE('',#3198,#3198,#3199,.T.);
#2790=EDGE_CURVE('',#3200,#3200,#3201,.T.);
#2791=EDGE_CURVE('',#3202,#3202,#3203,.T.);
#2792=EDGE_CURVE('',#3204,#3204,#3205,.T.);
#2793=EDGE_CURVE('',#3206,#3206,#3207,.T.);
#2794=EDGE_CURVE('',#3208,#3208,#3209,.T.);
#2795=EDGE_CURVE('',#3210,#3210,#3211,.T.);
#2796=EDGE_CURVE('',#3212,#3212,#3213,.T.);
#2797=EDGE_CURVE('',#3214,#3214,#3215,.T.);
#2798=EDGE_CURVE('',#3216,#3216,#3217,.T.);
#2799=EDGE_CURVE('',#3218,#3218,#3219,.T.);
#2800=EDGE_CURVE('',#3220,#3220,#3221,.T.);
#2801=EDGE_CURVE('',#3222,#3222,#3223,.T.);
#2802=EDGE_CURVE('',#3224,#3224,#3225,.T.);
#2803=EDGE_CURVE('',#3226,#3226,#3227,.T.);
#2804=VERTEX_POINT('',#3228);
#2805=VERTEX_POINT('',#3229);
#2806=LINE('',#3230,#3231);
#2807=VERTEX_POINT('',#3233);
#2808=LINE('',#3234,#3235);
#2809=VERTEX_POINT('',#3237);
#2810=LINE('',#3238,#3239);
#2811=LINE('',#3241,#3242);
#2812=VERTEX_POINT('',#3244);
#2813=VERTEX_POINT('',#3245);
#2814=LINE('',#3246,#3247);
#2815=VERTEX_POINT('',#3249);
#2816=LINE('',#3250,#3251);
#2817=VERTEX_POINT('',#3253);
#2818=LINE('',#3254,#3255);
#2819=LINE('',#3257,#3258);
#2820=VERTEX_POINT('',#3260);
#2821=VERTEX_POINT('',#3261);
#2822=LINE('',#3262,#3263);
#2823=VERTEX_POINT('',#3265);
#2824=LINE('',#3266,#3267);
#2825=VERTEX_POINT('',#3269);
#2826=LINE('',#3270,#3271);
#2827=LINE('',#3273,#3274);
#2828=VERTEX_POINT('',#3276);
#2829=VERTEX_POINT('',#3277);
#2830=LINE('',#3278,#3279);
#2831=VERTEX_POINT('',#3281);
#2832=LINE('',#3282,#3283);
#2833=VERTEX_POINT('',#3285);
#2834=LINE('',#3286,#3287);
#2835=LINE('',#3289,#3290);
#2836=VERTEX_POINT('',#3292);
#2837=VERTEX_POINT('',#3293);
#2838=CIRCLE('',#3294,0.03);
#2839=LINE('',#3298,#3299);
#2840=VERTEX_POINT('',#3301);
#2841=LINE('',#3302,#3303);
#2842=VERTEX_POINT('',#3305);
#2843=CIRCLE('',#3306,0.03);
#2844=VERTEX_POINT('',#3310);
#2845=LINE('',#3311,#3312);
#2846=VERTEX_POINT('',#3314);
#2847=LINE('',#3315,#3316);
#2848=VERTEX_POINT('',#3318);
#2849=LINE('',#3319,#3320);
#2850=VERTEX_POINT('',#3322);
#2851=CIRCLE('',#3323,0.03);
#2852=VERTEX_POINT('',#3327);
#2853=LINE('',#3328,#3329);
#2854=VERTEX_POINT('',#3331);
#2855=LINE('',#3332,#3333);
#2856=VERTEX_POINT('',#3335);
#2857=LINE('',#3336,#3337);
#2858=VERTEX_POINT('',#3339);
#2859=CIRCLE('',#3340,0.03);
#2860=VERTEX_POINT('',#3344);
#2861=LINE('',#3345,#3346);
#2862=VERTEX_POINT('',#3348);
#2863=LINE('',#3349,#3350);
#2864=VERTEX_POINT('',#3352);
#2865=LINE('',#3353,#3354);
#2866=VERTEX_POINT('',#3356);
#2867=LINE('',#3357,#3358);
#2868=VERTEX_POINT('',#3360);
#2869=LINE('',#3361,#3362);
#2870=VERTEX_POINT('',#3364);
#2871=LINE('',#3365,#3366);
#2872=VERTEX_POINT('',#3368);
#2873=LINE('',#3369,#3370);
#2874=VERTEX_POINT('',#3372);
#2875=LINE('',#3373,#3374);
#2876=VERTEX_POINT('',#3376);
#2877=LINE('',#3377,#3378);
#2878=VERTEX_POINT('',#3380);
#2879=LINE('',#3381,#3382);
#2880=VERTEX_POINT('',#3384);
#2881=CIRCLE('',#3385,0.03);
#2882=VERTEX_POINT('',#3389);
#2883=LINE('',#3390,#3391);
#2884=VERTEX_POINT('',#3393);
#2885=LINE('',#3394,#3395);
#2886=VERTEX_POINT('',#3397);
#2887=LINE('',#3398,#3399);
#2888=VERTEX_POINT('',#3401);
#2889=CIRCLE('',#3402,0.03);
#2890=VERTEX_POINT('',#3406);
#2891=LINE('',#3407,#3408);
#2892=VERTEX_POINT('',#3410);
#2893=LINE('',#3411,#3412);
#2894=VERTEX_POINT('',#3414);
#2895=LINE('',#3415,#3416);
#2896=VERTEX_POINT('',#3418);
#2897=CIRCLE('',#3419,0.03);
#2898=VERTEX_POINT('',#3423);
#2899=LINE('',#3424,#3425);
#2900=VERTEX_POINT('',#3427);
#2901=LINE('',#3428,#3429);
#2902=VERTEX_POINT('',#3431);
#2903=LINE('',#3432,#3433);
#2904=VERTEX_POINT('',#3435);
#2905=CIRCLE('',#3436,0.03);
#2906=VERTEX_POINT('',#3440);
#2907=LINE('',#3441,#3442);
#2908=VERTEX_POINT('',#3444);
#2909=LINE('',#3445,#3446);
#2910=VERTEX_POINT('',#3448);
#2911=LINE('',#3449,#3450);
#2912=VERTEX_POINT('',#3452);
#2913=LINE('',#3453,#3454);
#2914=VERTEX_POINT('',#3456);
#2915=LINE('',#3457,#3458);
#2916=VERTEX_POINT('',#3460);
#2917=LINE('',#3461,#3462);
#2918=VERTEX_POINT('',#3464);
#2919=LINE('',#3465,#3466);
#2920=LINE('',#3468,#3469);
#2921=LINE('',#3471,#3472);
#2922=VERTEX_POINT('',#3474);
#2923=LINE('',#3475,#3476);
#2924=CIRCLE('',#3478,0.03);
#2925=VERTEX_POINT('',#3482);
#2926=LINE('',#3483,#3484);
#2927=CIRCLE('',#3486,0.03);
#2928=VERTEX_POINT('',#3490);
#2929=VERTEX_POINT('',#3491);
#2930=LINE('',#3492,#3493);
#2931=VERTEX_POINT('',#3495);
#2932=LINE('',#3496,#3497);
#2933=VERTEX_POINT('',#3499);
#2934=CIRCLE('',#3500,0.03);
#2935=VERTEX_POINT('',#3504);
#2936=LINE('',#3505,#3506);
#2937=VERTEX_POINT('',#3508);
#2938=LINE('',#3509,#3510);
#2939=CIRCLE('',#3512,0.03);
#2940=VERTEX_POINT('',#3516);
#2941=CIRCLE('',#3517,0.66);
#2942=VERTEX_POINT('',#3521);
#2943=CIRCLE('',#3522,0.66);
#2944=VERTEX_POINT('',#3526);
#2945=CIRCLE('',#3527,0.66);
#2946=VERTEX_POINT('',#3531);
#2947=CIRCLE('',#3532,0.66);
#2948=VERTEX_POINT('',#3536);
#2949=CIRCLE('',#3537,0.66);
#2950=VERTEX_POINT('',#3541);
#2951=CIRCLE('',#3542,0.66);
#2952=VERTEX_POINT('',#3546);
#2953=CIRCLE('',#3547,0.66);
#2954=VERTEX_POINT('',#3551);
#2955=CIRCLE('',#3552,0.66);
#2956=VERTEX_POINT('',#3556);
#2957=CIRCLE('',#3557,0.66);
#2958=VERTEX_POINT('',#3561);
#2959=CIRCLE('',#3562,0.66);
#2960=VERTEX_POINT('',#3566);
#2961=VERTEX_POINT('',#3567);
#2962=CIRCLE('',#3568,0.03);
#2963=VERTEX_POINT('',#3572);
#2964=LINE('',#3573,#3574);
#2965=VERTEX_POINT('',#3576);
#2966=LINE('',#3577,#3578);
#2967=VERTEX_POINT('',#3580);
#2968=CIRCLE('',#3581,0.03);
#2969=VERTEX_POINT('',#3585);
#2970=LINE('',#3586,#3587);
#2971=LINE('',#3589,#3590);
#2972=VERTEX_POINT('',#3592);
#2973=VERTEX_POINT('',#3593);
#2974=LINE('',#3594,#3595);
#2975=VERTEX_POINT('',#3597);
#2976=LINE('',#3598,#3599);
#2977=VERTEX_POINT('',#3601);
#2978=CIRCLE('',#3602,0.03);
#2979=VERTEX_POINT('',#3606);
#2980=LINE('',#3607,#3608);
#2981=VERTEX_POINT('',#3610);
#2982=LINE('',#3611,#3612);
#2983=CIRCLE('',#3614,0.03);
#2984=VERTEX_POINT('',#3618);
#2985=VERTEX_POINT('',#3619);
#2986=CIRCLE('',#3620,0.03);
#2987=LINE('',#3624,#3625);
#2988=VERTEX_POINT('',#3627);
#2989=LINE('',#3628,#3629);
#2990=VERTEX_POINT('',#3631);
#2991=LINE('',#3632,#3633);
#2992=VERTEX_POINT('',#3635);
#2993=LINE('',#3636,#3637);
#2994=VERTEX_POINT('',#3639);
#2995=LINE('',#3640,#3641);
#2996=VERTEX_POINT('',#3643);
#2997=LINE('',#3644,#3645);
#2998=VERTEX_POINT('',#3647);
#2999=LINE('',#3648,#3649);
#3000=VERTEX_POINT('',#3651);
#3001=LINE('',#3652,#3653);
#3002=VERTEX_POINT('',#3655);
#3003=LINE('',#3656,#3657);
#3004=VERTEX_POINT('',#3659);
#3005=CIRCLE('',#3660,0.03);
#3006=VERTEX_POINT('',#3664);
#3007=LINE('',#3665,#3666);
#3008=VERTEX_POINT('',#3668);
#3009=LINE('',#3669,#3670);
#3010=VERTEX_POINT('',#3672);
#3011=LINE('',#3673,#3674);
#3012=VERTEX_POINT('',#3676);
#3013=CIRCLE('',#3677,0.03);
#3014=VERTEX_POINT('',#3681);
#3015=LINE('',#3682,#3683);
#3016=VERTEX_POINT('',#3685);
#3017=LINE('',#3686,#3687);
#3018=VERTEX_POINT('',#3689);
#3019=LINE('',#3690,#3691);
#3020=VERTEX_POINT('',#3693);
#3021=CIRCLE('',#3694,0.03);
#3022=VERTEX_POINT('',#3698);
#3023=LINE('',#3699,#3700);
#3024=VERTEX_POINT('',#3702);
#3025=LINE('',#3703,#3704);
#3026=VERTEX_POINT('',#3706);
#3027=LINE('',#3707,#3708);
#3028=VERTEX_POINT('',#3710);
#3029=CIRCLE('',#3711,0.03);
#3030=VERTEX_POINT('',#3715);
#3031=LINE('',#3716,#3717);
#3032=VERTEX_POINT('',#3719);
#3033=LINE('',#3720,#3721);
#3034=VERTEX_POINT('',#3723);
#3035=LINE('',#3724,#3725);
#3036=VERTEX_POINT('',#3727);
#3037=LINE('',#3728,#3729);
#3038=VERTEX_POINT('',#3731);
#3039=LINE('',#3732,#3733);
#3040=VERTEX_POINT('',#3735);
#3041=LINE('',#3736,#3737);
#3042=VERTEX_POINT('',#3739);
#3043=LINE('',#3740,#3741);
#3044=VERTEX_POINT('',#3743);
#3045=LINE('',#3744,#3745);
#3046=VERTEX_POINT('',#3747);
#3047=LINE('',#3748,#3749);
#3048=VERTEX_POINT('',#3751);
#3049=LINE('',#3752,#3753);
#3050=VERTEX_POINT('',#3755);
#3051=CIRCLE('',#3756,0.03);
#3052=VERTEX_POINT('',#3760);
#3053=LINE('',#3761,#3762);
#3054=VERTEX_POINT('',#3764);
#3055=LINE('',#3765,#3766);
#3056=VERTEX_POINT('',#3768);
#3057=LINE('',#3769,#3770);
#3058=VERTEX_POINT('',#3772);
#3059=CIRCLE('',#3773,0.03);
#3060=VERTEX_POINT('',#3777);
#3061=LINE('',#3778,#3779);
#3062=VERTEX_POINT('',#3781);
#3063=LINE('',#3782,#3783);
#3064=VERTEX_POINT('',#3785);
#3065=LINE('',#3786,#3787);
#3066=VERTEX_POINT('',#3789);
#3067=CIRCLE('',#3790,0.03);
#3068=LINE('',#3794,#3795);
#3069=LINE('',#3797,#3798);
#3070=VERTEX_POINT('',#3800);
#3071=LINE('',#3801,#3802);
#3072=VERTEX_POINT('',#3804);
#3073=CIRCLE('',#3805,0.03);
#3074=LINE('',#3809,#3810);
#3075=CIRCLE('',#3812,0.03);
#3076=VERTEX_POINT('',#3816);
#3077=VERTEX_POINT('',#3817);
#3078=LINE('',#3818,#3819);
#3079=VERTEX_POINT('',#3821);
#3080=CIRCLE('',#3822,0.03);
#3081=VERTEX_POINT('',#3826);
#3082=LINE('',#3827,#3828);
#3083=VERTEX_POINT('',#3830);
#3084=LINE('',#3831,#3832);
#3085=VERTEX_POINT('',#3834);
#3086=CIRCLE('',#3835,0.03);
#3087=LINE('',#3839,#3840);
#3088=VERTEX_POINT('',#3842);
#3089=CIRCLE('',#3843,0.66);
#3090=VERTEX_POINT('',#3847);
#3091=CIRCLE('',#3848,0.66);
#3092=VERTEX_POINT('',#3852);
#3093=CIRCLE('',#3853,0.66);
#3094=VERTEX_POINT('',#3857);
#3095=CIRCLE('',#3858,0.66);
#3096=VERTEX_POINT('',#3862);
#3097=CIRCLE('',#3863,0.66);
#3098=VERTEX_POINT('',#3867);
#3099=CIRCLE('',#3868,0.66);
#3100=VERTEX_POINT('',#3872);
#3101=CIRCLE('',#3873,0.66);
#3102=VERTEX_POINT('',#3877);
#3103=CIRCLE('',#3878,0.66);
#3104=VERTEX_POINT('',#3882);
#3105=CIRCLE('',#3883,0.66);
#3106=VERTEX_POINT('',#3887);
#3107=CIRCLE('',#3888,0.66);
#3108=VERTEX_POINT('',#3892);
#3109=VERTEX_POINT('',#3893);
#3110=CIRCLE('',#3894,0.03);
#3111=VERTEX_POINT('',#3898);
#3112=LINE('',#3899,#3900);
#3113=VERTEX_POINT('',#3902);
#3114=LINE('',#3903,#3904);
#3115=VERTEX_POINT('',#3906);
#3116=CIRCLE('',#3907,0.03);
#3117=VERTEX_POINT('',#3911);
#3118=LINE('',#3912,#3913);
#3119=LINE('',#3915,#3916);
#3120=VERTEX_POINT('',#3918);
#3121=VERTEX_POINT('',#3919);
#3122=LINE('',#3920,#3921);
#3123=VERTEX_POINT('',#3923);
#3124=CIRCLE('',#3924,0.03);
#3125=VERTEX_POINT('',#3928);
#3126=LINE('',#3929,#3930);
#3127=VERTEX_POINT('',#3932);
#3128=LINE('',#3933,#3934);
#3129=VERTEX_POINT('',#3936);
#3130=CIRCLE('',#3937,0.03);
#3131=LINE('',#3941,#3942);
#3132=LINE('',#3944,#3945);
#3133=LINE('',#3947,#3948);
#3134=LINE('',#3950,#3951);
#3135=LINE('',#3953,#3954);
#3136=LINE('',#3956,#3957);
#3137=LINE('',#3959,#3960);
#3138=LINE('',#3962,#3963);
#3139=LINE('',#3965,#3966);
#3140=LINE('',#3968,#3969);
#3141=LINE('',#3971,#3972);
#3142=LINE('',#3974,#3975);
#3143=LINE('',#3977,#3978);
#3144=LINE('',#3980,#3981);
#3145=LINE('',#3983,#3984);
#3146=LINE('',#3986,#3987);
#3147=LINE('',#3989,#3990);
#3148=LINE('',#3992,#3993);
#3149=LINE('',#3995,#3996);
#3150=LINE('',#3998,#3999);
#3151=LINE('',#4001,#4002);
#3152=LINE('',#4004,#4005);
#3153=LINE('',#4007,#4008);
#3154=LINE('',#4010,#4011);
#3155=LINE('',#4013,#4014);
#3156=LINE('',#4016,#4017);
#3157=LINE('',#4019,#4020);
#3158=LINE('',#4022,#4023);
#3159=LINE('',#4025,#4026);
#3160=LINE('',#4028,#4029);
#3161=LINE('',#4031,#4032);
#3162=LINE('',#4034,#4035);
#3163=LINE('',#4037,#4038);
#3164=LINE('',#4040,#4041);
#3165=LINE('',#4043,#4044);
#3166=LINE('',#4046,#4047);
#3167=LINE('',#4049,#4050);
#3168=LINE('',#4052,#4053);
#3169=LINE('',#4055,#4056);
#3170=LINE('',#4058,#4059);
#3171=LINE('',#4061,#4062);
#3172=LINE('',#4064,#4065);
#3173=LINE('',#4067,#4068);
#3174=LINE('',#4070,#4071);
#3175=LINE('',#4073,#4074);
#3176=LINE('',#4076,#4077);
#3177=LINE('',#4079,#4080);
#3178=LINE('',#4082,#4083);
#3179=LINE('',#4085,#4086);
#3180=LINE('',#4088,#4089);
#3181=LINE('',#4091,#4092);
#3182=LINE('',#4094,#4095);
#3183=LINE('',#4097,#4098);
#3184=LINE('',#4100,#4101);
#3185=LINE('',#4103,#4104);
#3186=LINE('',#4106,#4107);
#3187=LINE('',#4109,#4110);
#3188=LINE('',#4112,#4113);
#3189=LINE('',#4115,#4116);
#3190=LINE('',#4118,#4119);
#3191=LINE('',#4121,#4122);
#3192=LINE('',#4124,#4125);
#3193=LINE('',#4127,#4128);
#3194=VERTEX_POINT('',#4130);
#3195=CIRCLE('',#4131,0.1275);
#3196=VERTEX_POINT('',#4135);
#3197=CIRCLE('',#4136,0.255);
#3198=VERTEX_POINT('',#4140);
#3199=CIRCLE('',#4141,0.255);
#3200=VERTEX_POINT('',#4145);
#3201=CIRCLE('',#4146,0.66);
#3202=VERTEX_POINT('',#4150);
#3203=CIRCLE('',#4151,0.66);
#3204=VERTEX_POINT('',#4155);
#3205=CIRCLE('',#4156,0.810000000000001);
#3206=VERTEX_POINT('',#4160);
#3207=CIRCLE('',#4161,0.659999999999999);
#3208=VERTEX_POINT('',#4165);
#3209=CIRCLE('',#4166,0.66);
#3210=VERTEX_POINT('',#4170);
#3211=CIRCLE('',#4171,0.915);
#3212=VERTEX_POINT('',#4175);
#3213=CIRCLE('',#4176,0.915);
#3214=VERTEX_POINT('',#4180);
#3215=CIRCLE('',#4181,0.609191070866214);
#3216=VERTEX_POINT('',#4185);
#3217=CIRCLE('',#4186,0.5);
#3218=VERTEX_POINT('',#4190);
#3219=CIRCLE('',#4191,0.5);
#3220=VERTEX_POINT('',#4195);
#3221=CIRCLE('',#4196,0.225);
#3222=VERTEX_POINT('',#4200);
#3223=CIRCLE('',#4201,0.5);
#3224=VERTEX_POINT('',#4205);
#3225=CIRCLE('',#4206,0.5);
#3226=VERTEX_POINT('',#4210);
#3227=CIRCLE('',#4211,0.03);
#3228=CARTESIAN_POINT('',(8.73099559473196,1.27,2.84));
#3229=CARTESIAN_POINT('',(8.73099559473196,1.27,1.57));
#3230=CARTESIAN_POINT('',(8.73099559473196,1.27,1.57));
#3231=VECTOR('',#3232,1.);
#3232=DIRECTION('',(0.,0.,1.));
#3233=CARTESIAN_POINT('',(8.86281076638794,1.55267854785015,1.57));
#3234=CARTESIAN_POINT('',(8.86281076638794,1.55267854785015,1.57));
#3235=VECTOR('',#3236,1.);
#3236=DIRECTION('',(-0.422618261733638,-0.906307787039943,0.));
#3237=CARTESIAN_POINT('',(8.86281076638794,1.55267854785015,2.84));
#3238=CARTESIAN_POINT('',(8.86281076638794,1.55267854785015,1.57));
#3239=VECTOR('',#3240,1.);
#3240=DIRECTION('',(0.,0.,1.));
#3241=CARTESIAN_POINT('',(8.86281076638794,1.55267854785015,2.84));
#3242=VECTOR('',#3243,1.);
#3243=DIRECTION('',(-0.422618261733638,-0.906307787039943,0.));
#3244=CARTESIAN_POINT('',(9.04900440526804,1.27,1.57));
#3245=CARTESIAN_POINT('',(9.04900440526804,1.27,2.84));
#3246=CARTESIAN_POINT('',(9.04900440526804,1.27,1.57));
#3247=VECTOR('',#3248,1.);
#3248=DIRECTION('',(0.,0.,1.));
#3249=CARTESIAN_POINT('',(8.91718923360911,1.55267854785648,2.84));
#3250=CARTESIAN_POINT('',(9.04900440526804,1.27,2.84));
#3251=VECTOR('',#3252,1.);
#3252=DIRECTION('',(-0.422618261733639,0.906307787039942,0.));
#3253=CARTESIAN_POINT('',(8.91718923360911,1.55267854785648,1.57));
#3254=CARTESIAN_POINT('',(8.91718923360911,1.55267854785648,1.57));
#3255=VECTOR('',#3256,1.);
#3256=DIRECTION('',(0.,0.,1.));
#3257=CARTESIAN_POINT('',(9.04900440526804,1.27,1.57));
#3258=VECTOR('',#3259,1.);
#3259=DIRECTION('',(-0.422618261733639,0.906307787039942,0.));
#3260=CARTESIAN_POINT('',(8.73099559473196,-1.27,1.57));
#3261=CARTESIAN_POINT('',(8.73099559473196,-1.27,2.84));
#3262=CARTESIAN_POINT('',(8.73099559473195,-1.27,2.84));
#3263=VECTOR('',#3264,1.);
#3264=DIRECTION('',(0.,0.,-1.));
#3265=CARTESIAN_POINT('',(6.50900440526804,-1.27,2.84));
#3266=CARTESIAN_POINT('',(6.50900440526804,-1.27,2.84));
#3267=VECTOR('',#3268,1.);
#3268=DIRECTION('',(1.,0.,0.));
#3269=CARTESIAN_POINT('',(6.50900440526804,-1.27,1.57));
#3270=CARTESIAN_POINT('',(6.50900440526804,-1.27,1.57));
#3271=VECTOR('',#3272,1.);
#3272=DIRECTION('',(0.,0.,1.));
#3273=CARTESIAN_POINT('',(6.50900440526804,-1.27,1.57));
#3274=VECTOR('',#3275,1.);
#3275=DIRECTION('',(1.,0.,0.));
#3276=CARTESIAN_POINT('',(9.04900440526804,-1.27,2.84));
#3277=CARTESIAN_POINT('',(9.04900440526804,-1.27,1.57));
#3278=CARTESIAN_POINT('',(9.04900440526804,-1.27,1.57));
#3279=VECTOR('',#3280,1.);
#3280=DIRECTION('',(0.,0.,1.));
#3281=CARTESIAN_POINT('',(11.4051077025535,-1.27,1.57));
#3282=CARTESIAN_POINT('',(9.04900440526804,-1.27,1.57));
#3283=VECTOR('',#3284,1.);
#3284=DIRECTION('',(1.,0.,0.));
#3285=CARTESIAN_POINT('',(11.4051077025535,-1.27,2.84));
#3286=CARTESIAN_POINT('',(11.4051077025535,-1.27,1.57));
#3287=VECTOR('',#3288,1.);
#3288=DIRECTION('',(0.,0.,1.));
#3289=CARTESIAN_POINT('',(9.04900440526804,-1.27,2.84));
#3290=VECTOR('',#3291,1.);
#3291=DIRECTION('',(1.,0.,0.));
#3292=CARTESIAN_POINT('',(8.91718923360911,-0.987321452143519,1.57));
#3293=CARTESIAN_POINT('',(8.86281076638794,-0.987321452149846,1.57));
#3294=AXIS2_PLACEMENT_3D('',#3295,#3296,#3297);
#3295=CARTESIAN_POINT('',(8.89,-1.,1.57));
#3296=DIRECTION('',(0.,-0.,1.));
#3297=DIRECTION('',(0.906307786970433,0.422618261882703,0.));
#3298=CARTESIAN_POINT('',(8.86281076638794,-0.987321452149846,1.57));
#3299=VECTOR('',#3300,1.);
#3300=DIRECTION('',(-0.422618261733638,-0.906307787039943,0.));
#3301=CARTESIAN_POINT('',(6.37718923360911,-0.987321452143519,1.57));
#3302=CARTESIAN_POINT('',(6.50900440526804,-1.27,1.57));
#3303=VECTOR('',#3304,1.);
#3304=DIRECTION('',(-0.422618261733636,0.906307787039943,0.));
#3305=CARTESIAN_POINT('',(6.32281076638794,-0.987321452149846,1.57));
#3306=AXIS2_PLACEMENT_3D('',#3307,#3308,#3309);
#3307=CARTESIAN_POINT('',(6.35,-1.,1.57));
#3308=DIRECTION('',(0.,-0.,1.));
#3309=DIRECTION('',(0.906307786970438,0.422618261882691,0.));
#3310=CARTESIAN_POINT('',(6.19099559473196,-1.27,1.57));
#3311=CARTESIAN_POINT('',(6.32281076638794,-0.987321452149846,1.57));
#3312=VECTOR('',#3313,1.);
#3313=DIRECTION('',(-0.422618261733638,-0.906307787039943,0.));
#3314=CARTESIAN_POINT('',(3.96900440526804,-1.27,1.57));
#3315=CARTESIAN_POINT('',(3.96900440526804,-1.27,1.57));
#3316=VECTOR('',#3317,1.);
#3317=DIRECTION('',(1.,0.,0.));
#3318=CARTESIAN_POINT('',(3.83718923360911,-0.987321452143519,1.57));
#3319=CARTESIAN_POINT('',(3.96900440526804,-1.27,1.57));
#3320=VECTOR('',#3321,1.);
#3321=DIRECTION('',(-0.422618261733638,0.906307787039943,0.));
#3322=CARTESIAN_POINT('',(3.78281076638794,-0.987321452149846,1.57));
#3323=AXIS2_PLACEMENT_3D('',#3324,#3325,#3326);
#3324=CARTESIAN_POINT('',(3.81,-1.,1.57));
#3325=DIRECTION('',(0.,-0.,1.));
#3326=DIRECTION('',(0.906307786970438,0.422618261882691,0.));
#3327=CARTESIAN_POINT('',(3.65099559473196,-1.27,1.57));
#3328=CARTESIAN_POINT('',(3.78281076638794,-0.987321452149846,1.57));
#3329=VECTOR('',#3330,1.);
#3330=DIRECTION('',(-0.422618261733636,-0.906307787039944,0.));
#3331=CARTESIAN_POINT('',(1.42900440526804,-1.27,1.57));
#3332=CARTESIAN_POINT('',(1.42900440526804,-1.27,1.57));
#3333=VECTOR('',#3334,1.);
#3334=DIRECTION('',(1.,0.,0.));
#3335=CARTESIAN_POINT('',(1.29718923360911,-0.987321452143519,1.57));
#3336=CARTESIAN_POINT('',(1.42900440526804,-1.27,1.57));
#3337=VECTOR('',#3338,1.);
#3338=DIRECTION('',(-0.422618261733638,0.906307787039943,0.));
#3339=CARTESIAN_POINT('',(1.24281076638794,-0.987321452149846,1.57));
#3340=AXIS2_PLACEMENT_3D('',#3341,#3342,#3343);
#3341=CARTESIAN_POINT('',(1.27,-1.,1.57));
#3342=DIRECTION('',(0.,-0.,1.));
#3343=DIRECTION('',(0.906307786970437,0.422618261882694,0.));
#3344=CARTESIAN_POINT('',(1.11099559473196,-1.27,1.57));
#3345=CARTESIAN_POINT('',(1.24281076638794,-0.987321452149846,1.57));
#3346=VECTOR('',#3347,1.);
#3347=DIRECTION('',(-0.422618261733637,-0.906307787039943,0.));
#3348=CARTESIAN_POINT('',(-1.2451077025535,-1.27,1.57));
#3349=CARTESIAN_POINT('',(-1.2451077025535,-1.27,1.57));
#3350=VECTOR('',#3351,1.);
#3351=DIRECTION('',(1.,0.,0.));
#3352=CARTESIAN_POINT('',(-1.385,-0.97,1.57));
#3353=CARTESIAN_POINT('',(-1.385,-0.97,1.57));
#3354=VECTOR('',#3355,1.);
#3355=DIRECTION('',(0.422618261740699,-0.90630778703665,0.));
#3356=CARTESIAN_POINT('',(-1.385,0.970000000000001,1.57));
#3357=CARTESIAN_POINT('',(-1.385,0.970000000000001,1.57));
#3358=VECTOR('',#3359,1.);
#3359=DIRECTION('',(-2.28911963840238E-016,-1.,0.));
#3360=CARTESIAN_POINT('',(-1.2451077025535,1.27,1.57));
#3361=CARTESIAN_POINT('',(-1.2451077025535,1.27,1.57));
#3362=VECTOR('',#3363,1.);
#3363=DIRECTION('',(-0.4226182617407,-0.90630778703665,0.));
#3364=CARTESIAN_POINT('',(-1.385,1.57,1.57));
#3365=CARTESIAN_POINT('',(-1.385,1.57,1.57));
#3366=VECTOR('',#3367,1.);
#3367=DIRECTION('',(0.422618261740699,-0.90630778703665,0.));
#3368=CARTESIAN_POINT('',(-1.385,3.51,1.57));
#3369=CARTESIAN_POINT('',(-1.385,3.51,1.57));
#3370=VECTOR('',#3371,1.);
#3371=DIRECTION('',(-2.28911963840238E-016,-1.,0.));
#3372=CARTESIAN_POINT('',(-1.2451077025535,3.81,1.57));
#3373=CARTESIAN_POINT('',(-1.2451077025535,3.81,1.57));
#3374=VECTOR('',#3375,1.);
#3375=DIRECTION('',(-0.4226182617407,-0.90630778703665,0.));
#3376=CARTESIAN_POINT('',(1.11099559472815,3.81,1.57));
#3377=CARTESIAN_POINT('',(1.11099559472815,3.81,1.57));
#3378=VECTOR('',#3379,1.);
#3379=DIRECTION('',(-1.,0.,0.));
#3380=CARTESIAN_POINT('',(1.24281076638894,3.52732145214769,1.57));
#3381=CARTESIAN_POINT('',(1.11099559472815,3.81,1.57));
#3382=VECTOR('',#3383,1.);
#3383=DIRECTION('',(0.422618261743666,-0.906307787035267,0.));
#3384=CARTESIAN_POINT('',(1.29718923361106,3.52732145214769,1.57));
#3385=AXIS2_PLACEMENT_3D('',#3386,#3387,#3388);
#3386=CARTESIAN_POINT('',(1.27,3.54,1.57));
#3387=DIRECTION('',(-0.,0.,1.));
#3388=DIRECTION('',(-0.906307787035288,-0.42261826174362,0.));
#3389=CARTESIAN_POINT('',(1.42900440527185,3.81,1.57));
#3390=CARTESIAN_POINT('',(1.29718923361106,3.52732145214769,1.57));
#3391=VECTOR('',#3392,1.);
#3392=DIRECTION('',(0.422618261743663,0.906307787035268,0.));
#3393=CARTESIAN_POINT('',(3.65099559472815,3.81,1.57));
#3394=CARTESIAN_POINT('',(3.65099559472815,3.81,1.57));
#3395=VECTOR('',#3396,1.);
#3396=DIRECTION('',(-1.,0.,0.));
#3397=CARTESIAN_POINT('',(3.78281076638894,3.52732145214769,1.57));
#3398=CARTESIAN_POINT('',(3.65099559472815,3.81,1.57));
#3399=VECTOR('',#3400,1.);
#3400=DIRECTION('',(0.422618261743667,-0.906307787035266,0.));
#3401=CARTESIAN_POINT('',(3.83718923361106,3.52732145214769,1.57));
#3402=AXIS2_PLACEMENT_3D('',#3403,#3404,#3405);
#3403=CARTESIAN_POINT('',(3.81,3.54,1.57));
#3404=DIRECTION('',(-0.,0.,1.));
#3405=DIRECTION('',(-0.906307787035287,-0.422618261743623,0.));
#3406=CARTESIAN_POINT('',(3.96900440527185,3.81,1.57));
#3407=CARTESIAN_POINT('',(3.83718923361106,3.52732145214769,1.57));
#3408=VECTOR('',#3409,1.);
#3409=DIRECTION('',(0.422618261743663,0.906307787035268,0.));
#3410=CARTESIAN_POINT('',(6.19099559472815,3.81,1.57));
#3411=CARTESIAN_POINT('',(6.19099559472815,3.81,1.57));
#3412=VECTOR('',#3413,1.);
#3413=DIRECTION('',(-1.,0.,0.));
#3414=CARTESIAN_POINT('',(6.32281076638894,3.52732145214769,1.57));
#3415=CARTESIAN_POINT('',(6.19099559472815,3.81,1.57));
#3416=VECTOR('',#3417,1.);
#3417=DIRECTION('',(0.422618261743667,-0.906307787035266,0.));
#3418=CARTESIAN_POINT('',(6.37718923361106,3.52732145214769,1.57));
#3419=AXIS2_PLACEMENT_3D('',#3420,#3421,#3422);
#3420=CARTESIAN_POINT('',(6.35,3.54,1.57));
#3421=DIRECTION('',(-0.,0.,1.));
#3422=DIRECTION('',(-0.906307787035287,-0.422618261743623,0.));
#3423=CARTESIAN_POINT('',(6.50900440527185,3.81,1.57));
#3424=CARTESIAN_POINT('',(6.37718923361106,3.52732145214769,1.57));
#3425=VECTOR('',#3426,1.);
#3426=DIRECTION('',(0.422618261743663,0.906307787035268,0.));
#3427=CARTESIAN_POINT('',(8.73099559472815,3.81,1.57));
#3428=CARTESIAN_POINT('',(8.73099559472815,3.81,1.57));
#3429=VECTOR('',#3430,1.);
#3430=DIRECTION('',(-1.,0.,0.));
#3431=CARTESIAN_POINT('',(8.86281076638894,3.52732145214769,1.57));
#3432=CARTESIAN_POINT('',(8.73099559472815,3.81,1.57));
#3433=VECTOR('',#3434,1.);
#3434=DIRECTION('',(0.422618261743667,-0.906307787035266,0.));
#3435=CARTESIAN_POINT('',(8.91718923361106,3.52732145214769,1.57));
#3436=AXIS2_PLACEMENT_3D('',#3437,#3438,#3439);
#3437=CARTESIAN_POINT('',(8.89,3.54,1.57));
#3438=DIRECTION('',(-0.,0.,1.));
#3439=DIRECTION('',(-0.906307787035292,-0.422618261743612,0.));
#3440=CARTESIAN_POINT('',(9.04900440527185,3.81,1.57));
#3441=CARTESIAN_POINT('',(8.91718923361106,3.52732145214769,1.57));
#3442=VECTOR('',#3443,1.);
#3443=DIRECTION('',(0.422618261743662,0.906307787035268,0.));
#3444=CARTESIAN_POINT('',(11.4051077025535,3.81,1.57));
#3445=CARTESIAN_POINT('',(11.4051077025535,3.81,1.57));
#3446=VECTOR('',#3447,1.);
#3447=DIRECTION('',(-1.,0.,0.));
#3448=CARTESIAN_POINT('',(11.545,3.51,1.57));
#3449=CARTESIAN_POINT('',(11.545,3.51,1.57));
#3450=VECTOR('',#3451,1.);
#3451=DIRECTION('',(-0.422618261740702,0.906307787036649,0.));
#3452=CARTESIAN_POINT('',(11.545,1.57,1.57));
#3453=CARTESIAN_POINT('',(11.545,1.57,1.57));
#3454=VECTOR('',#3455,1.);
#3455=DIRECTION('',(0.,1.,0.));
#3456=CARTESIAN_POINT('',(11.4051077025535,1.27,1.57));
#3457=CARTESIAN_POINT('',(11.4051077025535,1.27,1.57));
#3458=VECTOR('',#3459,1.);
#3459=DIRECTION('',(0.422618261740702,0.906307787036649,0.));
#3460=CARTESIAN_POINT('',(11.545,0.97,1.57));
#3461=CARTESIAN_POINT('',(11.545,0.97,1.57));
#3462=VECTOR('',#3463,1.);
#3463=DIRECTION('',(-0.422618261740702,0.906307787036649,0.));
#3464=CARTESIAN_POINT('',(11.545,-0.969999999999999,1.57));
#3465=CARTESIAN_POINT('',(11.545,-0.969999999999999,1.57));
#3466=VECTOR('',#3467,1.);
#3467=DIRECTION('',(0.,1.,0.));
#3468=CARTESIAN_POINT('',(11.4051077025535,-1.27,1.57));
#3469=VECTOR('',#3470,1.);
#3470=DIRECTION('',(0.422618261740702,0.906307787036649,0.));
#3471=CARTESIAN_POINT('',(9.04900440526804,-1.27,1.57));
#3472=VECTOR('',#3473,1.);
#3473=DIRECTION('',(-0.422618261733639,0.906307787039942,0.));
#3474=CARTESIAN_POINT('',(8.91718923361106,0.987321452147693,1.57));
#3475=CARTESIAN_POINT('',(8.91718923361106,0.987321452147693,1.57));
#3476=VECTOR('',#3477,1.);
#3477=DIRECTION('',(0.422618261743665,0.906307787035267,0.));
#3478=AXIS2_PLACEMENT_3D('',#3479,#3480,#3481);
#3479=CARTESIAN_POINT('',(8.89,1.54,1.57));
#3480=DIRECTION('',(0.,-0.,1.));
#3481=DIRECTION('',(0.906307786970433,0.422618261882703,0.));
#3482=CARTESIAN_POINT('',(8.86281076638894,0.987321452147693,1.57));
#3483=CARTESIAN_POINT('',(8.73099559472815,1.27,1.57));
#3484=VECTOR('',#3485,1.);
#3485=DIRECTION('',(0.422618261743667,-0.906307787035266,0.));
#3486=AXIS2_PLACEMENT_3D('',#3487,#3488,#3489);
#3487=CARTESIAN_POINT('',(8.89,1.,1.57));
#3488=DIRECTION('',(-0.,0.,1.));
#3489=DIRECTION('',(-0.906307787035289,-0.422618261743618,0.));
#3490=CARTESIAN_POINT('',(3.83718923361106,0.987321452147693,1.57));
#3491=CARTESIAN_POINT('',(3.96900440526804,1.27,1.57));
#3492=CARTESIAN_POINT('',(3.83718923361106,0.987321452147693,1.57));
#3493=VECTOR('',#3494,1.);
#3494=DIRECTION('',(0.422618261743663,0.906307787035268,0.));
#3495=CARTESIAN_POINT('',(3.83718923360911,1.55267854785648,1.57));
#3496=CARTESIAN_POINT('',(3.96900440526804,1.27,1.57));
#3497=VECTOR('',#3498,1.);
#3498=DIRECTION('',(-0.422618261733638,0.906307787039943,0.));
#3499=CARTESIAN_POINT('',(3.78281076638794,1.55267854785015,1.57));
#3500=AXIS2_PLACEMENT_3D('',#3501,#3502,#3503);
#3501=CARTESIAN_POINT('',(3.81,1.54,1.57));
#3502=DIRECTION('',(0.,-0.,1.));
#3503=DIRECTION('',(0.906307786970438,0.422618261882691,0.));
#3504=CARTESIAN_POINT('',(3.65099559473196,1.27,1.57));
#3505=CARTESIAN_POINT('',(3.78281076638794,1.55267854785015,1.57));
#3506=VECTOR('',#3507,1.);
#3507=DIRECTION('',(-0.422618261733638,-0.906307787039943,0.));
#3508=CARTESIAN_POINT('',(3.78281076638894,0.987321452147693,1.57));
#3509=CARTESIAN_POINT('',(3.65099559472815,1.27,1.57));
#3510=VECTOR('',#3511,1.);
#3511=DIRECTION('',(0.422618261743665,-0.906307787035267,0.));
#3512=AXIS2_PLACEMENT_3D('',#3513,#3514,#3515);
#3513=CARTESIAN_POINT('',(3.81,1.,1.57));
#3514=DIRECTION('',(-0.,0.,1.));
#3515=DIRECTION('',(-0.906307787035284,-0.422618261743629,0.));
#3516=CARTESIAN_POINT('',(3.2,-8.08266887437253E-017,1.57));
#3517=AXIS2_PLACEMENT_3D('',#3518,#3519,#3520);
#3518=CARTESIAN_POINT('',(2.54,0.,1.57));
#3519=DIRECTION('',(0.,0.,1.));
#3520=DIRECTION('',(1.,0.,0.));
#3521=CARTESIAN_POINT('',(5.74,-8.08266887437253E-017,1.57));
#3522=AXIS2_PLACEMENT_3D('',#3523,#3524,#3525);
#3523=CARTESIAN_POINT('',(5.08,0.,1.57));
#3524=DIRECTION('',(0.,0.,1.));
#3525=DIRECTION('',(1.,0.,0.));
#3526=CARTESIAN_POINT('',(8.28,-8.08266887437253E-017,1.57));
#3527=AXIS2_PLACEMENT_3D('',#3528,#3529,#3530);
#3528=CARTESIAN_POINT('',(7.62,0.,1.57));
#3529=DIRECTION('',(0.,0.,1.));
#3530=DIRECTION('',(1.,0.,0.));
#3531=CARTESIAN_POINT('',(10.82,-8.08266887437253E-017,1.57));
#3532=AXIS2_PLACEMENT_3D('',#3533,#3534,#3535);
#3533=CARTESIAN_POINT('',(10.16,0.,1.57));
#3534=DIRECTION('',(0.,0.,1.));
#3535=DIRECTION('',(1.,0.,0.));
#3536=CARTESIAN_POINT('',(0.66,2.54,1.57));
#3537=AXIS2_PLACEMENT_3D('',#3538,#3539,#3540);
#3538=CARTESIAN_POINT('',(1.55530143491714E-016,2.54,1.57));
#3539=DIRECTION('',(0.,0.,1.));
#3540=DIRECTION('',(1.,0.,0.));
#3541=CARTESIAN_POINT('',(3.2,2.54,1.57));
#3542=AXIS2_PLACEMENT_3D('',#3543,#3544,#3545);
#3543=CARTESIAN_POINT('',(2.54,2.54,1.57));
#3544=DIRECTION('',(0.,0.,1.));
#3545=DIRECTION('',(1.,0.,0.));
#3546=CARTESIAN_POINT('',(5.74,2.54,1.57));
#3547=AXIS2_PLACEMENT_3D('',#3548,#3549,#3550);
#3548=CARTESIAN_POINT('',(5.08,2.54,1.57));
#3549=DIRECTION('',(0.,0.,1.));
#3550=DIRECTION('',(1.,0.,0.));
#3551=CARTESIAN_POINT('',(8.28,2.54,1.57));
#3552=AXIS2_PLACEMENT_3D('',#3553,#3554,#3555);
#3553=CARTESIAN_POINT('',(7.62,2.54,1.57));
#3554=DIRECTION('',(0.,0.,1.));
#3555=DIRECTION('',(1.,0.,0.));
#3556=CARTESIAN_POINT('',(10.82,2.54,1.57));
#3557=AXIS2_PLACEMENT_3D('',#3558,#3559,#3560);
#3558=CARTESIAN_POINT('',(10.16,2.54,1.57));
#3559=DIRECTION('',(0.,0.,1.));
#3560=DIRECTION('',(1.,0.,0.));
#3561=CARTESIAN_POINT('',(0.66,-8.08266887437253E-017,1.57));
#3562=AXIS2_PLACEMENT_3D('',#3563,#3564,#3565);
#3563=CARTESIAN_POINT('',(0.,0.,1.57));
#3564=DIRECTION('',(0.,0.,1.));
#3565=DIRECTION('',(1.,0.,0.));
#3566=CARTESIAN_POINT('',(1.29718923360911,1.55267854785648,1.57));
#3567=CARTESIAN_POINT('',(1.24281076638794,1.55267854785015,1.57));
#3568=AXIS2_PLACEMENT_3D('',#3569,#3570,#3571);
#3569=CARTESIAN_POINT('',(1.27,1.54,1.57));
#3570=DIRECTION('',(0.,-0.,1.));
#3571=DIRECTION('',(0.906307786970437,0.422618261882694,0.));
#3572=CARTESIAN_POINT('',(1.11099559472815,1.27,1.57));
#3573=CARTESIAN_POINT('',(1.24281076638794,1.55267854785015,1.57));
#3574=VECTOR('',#3575,1.);
#3575=DIRECTION('',(-0.422618261733637,-0.906307787039943,0.));
#3576=CARTESIAN_POINT('',(1.24281076638894,0.987321452147693,1.57));
#3577=CARTESIAN_POINT('',(1.11099559472815,1.27,1.57));
#3578=VECTOR('',#3579,1.);
#3579=DIRECTION('',(0.422618261743666,-0.906307787035267,0.));
#3580=CARTESIAN_POINT('',(1.29718923361106,0.987321452147693,1.57));
#3581=AXIS2_PLACEMENT_3D('',#3582,#3583,#3584);
#3582=CARTESIAN_POINT('',(1.27,1.,1.57));
#3583=DIRECTION('',(-0.,0.,1.));
#3584=DIRECTION('',(-0.906307787035285,-0.422618261743626,0.));
#3585=CARTESIAN_POINT('',(1.42900440527185,1.27,1.57));
#3586=CARTESIAN_POINT('',(1.29718923361106,0.987321452147693,1.57));
#3587=VECTOR('',#3588,1.);
#3588=DIRECTION('',(0.422618261743663,0.906307787035268,0.));
#3589=CARTESIAN_POINT('',(1.42900440526804,1.27,1.57));
#3590=VECTOR('',#3591,1.);
#3591=DIRECTION('',(-0.422618261733638,0.906307787039943,0.));
#3592=CARTESIAN_POINT('',(6.37718923361106,0.987321452147693,1.57));
#3593=CARTESIAN_POINT('',(6.50900440526804,1.27,1.57));
#3594=CARTESIAN_POINT('',(6.37718923361106,0.987321452147693,1.57));
#3595=VECTOR('',#3596,1.);
#3596=DIRECTION('',(0.422618261743662,0.906307787035268,0.));
#3597=CARTESIAN_POINT('',(6.37718923360911,1.55267854785648,1.57));
#3598=CARTESIAN_POINT('',(6.50900440526804,1.27,1.57));
#3599=VECTOR('',#3600,1.);
#3600=DIRECTION('',(-0.422618261733636,0.906307787039943,0.));
#3601=CARTESIAN_POINT('',(6.32281076638794,1.55267854785015,1.57));
#3602=AXIS2_PLACEMENT_3D('',#3603,#3604,#3605);
#3603=CARTESIAN_POINT('',(6.35,1.54,1.57));
#3604=DIRECTION('',(0.,-0.,1.));
#3605=DIRECTION('',(0.906307786970438,0.422618261882691,0.));
#3606=CARTESIAN_POINT('',(6.19099559473196,1.27,1.57));
#3607=CARTESIAN_POINT('',(6.32281076638794,1.55267854785015,1.57));
#3608=VECTOR('',#3609,1.);
#3609=DIRECTION('',(-0.422618261733638,-0.906307787039943,0.));
#3610=CARTESIAN_POINT('',(6.32281076638894,0.987321452147693,1.57));
#3611=CARTESIAN_POINT('',(6.19099559472815,1.27,1.57));
#3612=VECTOR('',#3613,1.);
#3613=DIRECTION('',(0.422618261743667,-0.906307787035266,0.));
#3614=AXIS2_PLACEMENT_3D('',#3615,#3616,#3617);
#3615=CARTESIAN_POINT('',(6.35,1.,1.57));
#3616=DIRECTION('',(-0.,0.,1.));
#3617=DIRECTION('',(-0.906307787035284,-0.422618261743629,0.));
#3618=CARTESIAN_POINT('',(8.86281076638794,-0.987321452149846,2.84));
#3619=CARTESIAN_POINT('',(8.91718923360911,-0.987321452143519,2.84));
#3620=AXIS2_PLACEMENT_3D('',#3621,#3622,#3623);
#3621=CARTESIAN_POINT('',(8.89,-1.,2.84));
#3622=DIRECTION('',(0.,-0.,1.));
#3623=DIRECTION('',(0.906307786970433,0.422618261882703,0.));
#3624=CARTESIAN_POINT('',(9.04900440526804,-1.27,2.84));
#3625=VECTOR('',#3626,1.);
#3626=DIRECTION('',(-0.422618261733639,0.906307787039942,0.));
#3627=CARTESIAN_POINT('',(11.545,-0.969999999999999,2.84));
#3628=CARTESIAN_POINT('',(11.4051077025535,-1.27,2.84));
#3629=VECTOR('',#3630,1.);
#3630=DIRECTION('',(0.422618261740702,0.906307787036649,0.));
#3631=CARTESIAN_POINT('',(11.545,0.97,2.84));
#3632=CARTESIAN_POINT('',(11.545,-0.969999999999999,2.84));
#3633=VECTOR('',#3634,1.);
#3634=DIRECTION('',(0.,1.,0.));
#3635=CARTESIAN_POINT('',(11.4051077025535,1.27,2.84));
#3636=CARTESIAN_POINT('',(11.545,0.97,2.84));
#3637=VECTOR('',#3638,1.);
#3638=DIRECTION('',(-0.422618261740702,0.906307787036649,0.));
#3639=CARTESIAN_POINT('',(11.545,1.57,2.84));
#3640=CARTESIAN_POINT('',(11.4051077025535,1.27,2.84));
#3641=VECTOR('',#3642,1.);
#3642=DIRECTION('',(0.422618261740702,0.906307787036649,0.));
#3643=CARTESIAN_POINT('',(11.545,3.51,2.84));
#3644=CARTESIAN_POINT('',(11.545,1.57,2.84));
#3645=VECTOR('',#3646,1.);
#3646=DIRECTION('',(0.,1.,0.));
#3647=CARTESIAN_POINT('',(11.4051077025535,3.81,2.84));
#3648=CARTESIAN_POINT('',(11.545,3.51,2.84));
#3649=VECTOR('',#3650,1.);
#3650=DIRECTION('',(-0.422618261740702,0.906307787036649,0.));
#3651=CARTESIAN_POINT('',(9.04900440527185,3.81,2.84));
#3652=CARTESIAN_POINT('',(11.4051077025535,3.81,2.84));
#3653=VECTOR('',#3654,1.);
#3654=DIRECTION('',(-1.,0.,1.8848460946616E-016));
#3655=CARTESIAN_POINT('',(8.91718923361106,3.52732145214769,2.84));
#3656=CARTESIAN_POINT('',(8.91718923361106,3.52732145214769,2.84));
#3657=VECTOR('',#3658,1.);
#3658=DIRECTION('',(0.422618261743662,0.906307787035268,0.));
#3659=CARTESIAN_POINT('',(8.86281076638894,3.52732145214769,2.84));
#3660=AXIS2_PLACEMENT_3D('',#3661,#3662,#3663);
#3661=CARTESIAN_POINT('',(8.89,3.54,2.84));
#3662=DIRECTION('',(-0.,0.,1.));
#3663=DIRECTION('',(-0.906307787035292,-0.422618261743612,0.));
#3664=CARTESIAN_POINT('',(8.73099559472815,3.81,2.84));
#3665=CARTESIAN_POINT('',(8.73099559472815,3.81,2.84));
#3666=VECTOR('',#3667,1.);
#3667=DIRECTION('',(0.422618261743667,-0.906307787035266,0.));
#3668=CARTESIAN_POINT('',(6.50900440527185,3.81,2.84));
#3669=CARTESIAN_POINT('',(8.73099559472815,3.81,2.84));
#3670=VECTOR('',#3671,1.);
#3671=DIRECTION('',(-1.,0.,-1.99860922922348E-016));
#3672=CARTESIAN_POINT('',(6.37718923361106,3.52732145214769,2.84));
#3673=CARTESIAN_POINT('',(6.37718923361106,3.52732145214769,2.84));
#3674=VECTOR('',#3675,1.);
#3675=DIRECTION('',(0.422618261743663,0.906307787035268,0.));
#3676=CARTESIAN_POINT('',(6.32281076638894,3.52732145214769,2.84));
#3677=AXIS2_PLACEMENT_3D('',#3678,#3679,#3680);
#3678=CARTESIAN_POINT('',(6.35,3.54,2.84));
#3679=DIRECTION('',(-0.,0.,1.));
#3680=DIRECTION('',(-0.906307787035287,-0.422618261743623,0.));
#3681=CARTESIAN_POINT('',(6.19099559472815,3.81,2.84));
#3682=CARTESIAN_POINT('',(6.19099559472815,3.81,2.84));
#3683=VECTOR('',#3684,1.);
#3684=DIRECTION('',(0.422618261743667,-0.906307787035266,0.));
#3685=CARTESIAN_POINT('',(3.96900440527185,3.81,2.84));
#3686=CARTESIAN_POINT('',(6.19099559472815,3.81,2.84));
#3687=VECTOR('',#3688,1.);
#3688=DIRECTION('',(-1.,0.,0.));
#3689=CARTESIAN_POINT('',(3.83718923361106,3.52732145214769,2.84));
#3690=CARTESIAN_POINT('',(3.83718923361106,3.52732145214769,2.84));
#3691=VECTOR('',#3692,1.);
#3692=DIRECTION('',(0.422618261743663,0.906307787035268,0.));
#3693=CARTESIAN_POINT('',(3.78281076638894,3.52732145214769,2.84));
#3694=AXIS2_PLACEMENT_3D('',#3695,#3696,#3697);
#3695=CARTESIAN_POINT('',(3.81,3.54,2.84));
#3696=DIRECTION('',(-0.,0.,1.));
#3697=DIRECTION('',(-0.906307787035287,-0.422618261743623,0.));
#3698=CARTESIAN_POINT('',(3.65099559472815,3.81,2.84));
#3699=CARTESIAN_POINT('',(3.65099559472815,3.81,2.84));
#3700=VECTOR('',#3701,1.);
#3701=DIRECTION('',(0.422618261743667,-0.906307787035266,0.));
#3702=CARTESIAN_POINT('',(1.42900440527185,3.81,2.84));
#3703=CARTESIAN_POINT('',(3.65099559472815,3.81,2.84));
#3704=VECTOR('',#3705,1.);
#3705=DIRECTION('',(-1.,0.,0.));
#3706=CARTESIAN_POINT('',(1.29718923361106,3.52732145214769,2.84));
#3707=CARTESIAN_POINT('',(1.29718923361106,3.52732145214769,2.84));
#3708=VECTOR('',#3709,1.);
#3709=DIRECTION('',(0.422618261743663,0.906307787035268,0.));
#3710=CARTESIAN_POINT('',(1.24281076638894,3.52732145214769,2.84));
#3711=AXIS2_PLACEMENT_3D('',#3712,#3713,#3714);
#3712=CARTESIAN_POINT('',(1.27,3.54,2.84));
#3713=DIRECTION('',(-0.,0.,1.));
#3714=DIRECTION('',(-0.906307787035288,-0.42261826174362,0.));
#3715=CARTESIAN_POINT('',(1.11099559472815,3.81,2.84));
#3716=CARTESIAN_POINT('',(1.11099559472815,3.81,2.84));
#3717=VECTOR('',#3718,1.);
#3718=DIRECTION('',(0.422618261743666,-0.906307787035267,0.));
#3719=CARTESIAN_POINT('',(-1.2451077025535,3.81,2.84));
#3720=CARTESIAN_POINT('',(1.11099559472815,3.81,2.84));
#3721=VECTOR('',#3722,1.);
#3722=DIRECTION('',(-1.,0.,0.));
#3723=CARTESIAN_POINT('',(-1.385,3.51,2.84));
#3724=CARTESIAN_POINT('',(-1.2451077025535,3.81,2.84));
#3725=VECTOR('',#3726,1.);
#3726=DIRECTION('',(-0.4226182617407,-0.90630778703665,0.));
#3727=CARTESIAN_POINT('',(-1.385,1.57,2.84));
#3728=CARTESIAN_POINT('',(-1.385,3.51,2.84));
#3729=VECTOR('',#3730,1.);
#3730=DIRECTION('',(-2.28911963840238E-016,-1.,0.));
#3731=CARTESIAN_POINT('',(-1.2451077025535,1.27,2.84));
#3732=CARTESIAN_POINT('',(-1.385,1.57,2.84));
#3733=VECTOR('',#3734,1.);
#3734=DIRECTION('',(0.422618261740699,-0.90630778703665,0.));
#3735=CARTESIAN_POINT('',(-1.385,0.970000000000001,2.84));
#3736=CARTESIAN_POINT('',(-1.2451077025535,1.27,2.84));
#3737=VECTOR('',#3738,1.);
#3738=DIRECTION('',(-0.4226182617407,-0.90630778703665,0.));
#3739=CARTESIAN_POINT('',(-1.385,-0.97,2.84));
#3740=CARTESIAN_POINT('',(-1.385,0.970000000000001,2.84));
#3741=VECTOR('',#3742,1.);
#3742=DIRECTION('',(-2.28911963840238E-016,-1.,0.));
#3743=CARTESIAN_POINT('',(-1.2451077025535,-1.27,2.84));
#3744=CARTESIAN_POINT('',(-1.385,-0.97,2.84));
#3745=VECTOR('',#3746,1.);
#3746=DIRECTION('',(0.422618261740699,-0.90630778703665,0.));
#3747=CARTESIAN_POINT('',(1.11099559473196,-1.27,2.84));
#3748=CARTESIAN_POINT('',(-1.2451077025535,-1.27,2.84));
#3749=VECTOR('',#3750,1.);
#3750=DIRECTION('',(1.,0.,0.));
#3751=CARTESIAN_POINT('',(1.24281076638794,-0.987321452149846,2.84));
#3752=CARTESIAN_POINT('',(1.24281076638794,-0.987321452149846,2.84));
#3753=VECTOR('',#3754,1.);
#3754=DIRECTION('',(-0.422618261733637,-0.906307787039943,0.));
#3755=CARTESIAN_POINT('',(1.29718923360911,-0.987321452143519,2.84));
#3756=AXIS2_PLACEMENT_3D('',#3757,#3758,#3759);
#3757=CARTESIAN_POINT('',(1.27,-1.,2.84));
#3758=DIRECTION('',(0.,-0.,1.));
#3759=DIRECTION('',(0.906307786970437,0.422618261882694,0.));
#3760=CARTESIAN_POINT('',(1.42900440526804,-1.27,2.84));
#3761=CARTESIAN_POINT('',(1.42900440526804,-1.27,2.84));
#3762=VECTOR('',#3763,1.);
#3763=DIRECTION('',(-0.422618261733638,0.906307787039943,0.));
#3764=CARTESIAN_POINT('',(3.65099559473196,-1.27,2.84));
#3765=CARTESIAN_POINT('',(1.42900440526804,-1.27,2.84));
#3766=VECTOR('',#3767,1.);
#3767=DIRECTION('',(1.,0.,0.));
#3768=CARTESIAN_POINT('',(3.78281076638794,-0.987321452149846,2.84));
#3769=CARTESIAN_POINT('',(3.78281076638794,-0.987321452149846,2.84));
#3770=VECTOR('',#3771,1.);
#3771=DIRECTION('',(-0.422618261733636,-0.906307787039944,0.));
#3772=CARTESIAN_POINT('',(3.83718923360911,-0.987321452143519,2.84));
#3773=AXIS2_PLACEMENT_3D('',#3774,#3775,#3776);
#3774=CARTESIAN_POINT('',(3.81,-1.,2.84));
#3775=DIRECTION('',(0.,-0.,1.));
#3776=DIRECTION('',(0.906307786970438,0.422618261882691,0.));
#3777=CARTESIAN_POINT('',(3.96900440526804,-1.27,2.84));
#3778=CARTESIAN_POINT('',(3.96900440526804,-1.27,2.84));
#3779=VECTOR('',#3780,1.);
#3780=DIRECTION('',(-0.422618261733638,0.906307787039943,0.));
#3781=CARTESIAN_POINT('',(6.19099559473196,-1.27,2.84));
#3782=CARTESIAN_POINT('',(3.96900440526804,-1.27,2.84));
#3783=VECTOR('',#3784,1.);
#3784=DIRECTION('',(1.,0.,0.));
#3785=CARTESIAN_POINT('',(6.32281076638794,-0.987321452149846,2.84));
#3786=CARTESIAN_POINT('',(6.32281076638794,-0.987321452149846,2.84));
#3787=VECTOR('',#3788,1.);
#3788=DIRECTION('',(-0.422618261733638,-0.906307787039943,0.));
#3789=CARTESIAN_POINT('',(6.37718923360911,-0.987321452143519,2.84));
#3790=AXIS2_PLACEMENT_3D('',#3791,#3792,#3793);
#3791=CARTESIAN_POINT('',(6.35,-1.,2.84));
#3792=DIRECTION('',(0.,-0.,1.));
#3793=DIRECTION('',(0.906307786970438,0.422618261882691,0.));
#3794=CARTESIAN_POINT('',(6.50900440526804,-1.27,2.84));
#3795=VECTOR('',#3796,1.);
#3796=DIRECTION('',(-0.422618261733636,0.906307787039943,0.));
#3797=CARTESIAN_POINT('',(8.86281076638794,-0.987321452149846,2.84));
#3798=VECTOR('',#3799,1.);
#3799=DIRECTION('',(-0.422618261733638,-0.906307787039943,0.));
#3800=CARTESIAN_POINT('',(8.91718923361106,0.987321452147693,2.84));
#3801=CARTESIAN_POINT('',(8.91718923361106,0.987321452147693,2.84));
#3802=VECTOR('',#3803,1.);
#3803=DIRECTION('',(0.422618261743665,0.906307787035267,0.));
#3804=CARTESIAN_POINT('',(8.86281076638894,0.987321452147693,2.84));
#3805=AXIS2_PLACEMENT_3D('',#3806,#3807,#3808);
#3806=CARTESIAN_POINT('',(8.89,1.,2.84));
#3807=DIRECTION('',(-0.,0.,1.));
#3808=DIRECTION('',(-0.906307787035289,-0.422618261743618,0.));
#3809=CARTESIAN_POINT('',(8.73099559472815,1.27,2.84));
#3810=VECTOR('',#3811,1.);
#3811=DIRECTION('',(0.422618261743667,-0.906307787035266,0.));
#3812=AXIS2_PLACEMENT_3D('',#3813,#3814,#3815);
#3813=CARTESIAN_POINT('',(8.89,1.54,2.84));
#3814=DIRECTION('',(0.,-0.,1.));
#3815=DIRECTION('',(0.906307786970433,0.422618261882703,0.));
#3816=CARTESIAN_POINT('',(3.96900440526804,1.27,2.84));
#3817=CARTESIAN_POINT('',(3.83718923361106,0.987321452147693,2.84));
#3818=CARTESIAN_POINT('',(3.83718923361106,0.987321452147693,2.84));
#3819=VECTOR('',#3820,1.);
#3820=DIRECTION('',(0.422618261743663,0.906307787035268,0.));
#3821=CARTESIAN_POINT('',(3.78281076638894,0.987321452147693,2.84));
#3822=AXIS2_PLACEMENT_3D('',#3823,#3824,#3825);
#3823=CARTESIAN_POINT('',(3.81,1.,2.84));
#3824=DIRECTION('',(-0.,0.,1.));
#3825=DIRECTION('',(-0.906307787035284,-0.422618261743629,0.));
#3826=CARTESIAN_POINT('',(3.65099559473196,1.27,2.84));
#3827=CARTESIAN_POINT('',(3.65099559472815,1.27,2.84));
#3828=VECTOR('',#3829,1.);
#3829=DIRECTION('',(0.422618261743665,-0.906307787035267,0.));
#3830=CARTESIAN_POINT('',(3.78281076638794,1.55267854785015,2.84));
#3831=CARTESIAN_POINT('',(3.78281076638794,1.55267854785015,2.84));
#3832=VECTOR('',#3833,1.);
#3833=DIRECTION('',(-0.422618261733638,-0.906307787039943,0.));
#3834=CARTESIAN_POINT('',(3.83718923360911,1.55267854785648,2.84));
#3835=AXIS2_PLACEMENT_3D('',#3836,#3837,#3838);
#3836=CARTESIAN_POINT('',(3.81,1.54,2.84));
#3837=DIRECTION('',(0.,-0.,1.));
#3838=DIRECTION('',(0.906307786970438,0.422618261882691,0.));
#3839=CARTESIAN_POINT('',(3.96900440526804,1.27,2.84));
#3840=VECTOR('',#3841,1.);
#3841=DIRECTION('',(-0.422618261733638,0.906307787039943,0.));
#3842=CARTESIAN_POINT('',(3.2,-8.08266887437253E-017,2.84));
#3843=AXIS2_PLACEMENT_3D('',#3844,#3845,#3846);
#3844=CARTESIAN_POINT('',(2.54,0.,2.84));
#3845=DIRECTION('',(0.,0.,1.));
#3846=DIRECTION('',(1.,0.,0.));
#3847=CARTESIAN_POINT('',(5.74,-8.08266887437253E-017,2.84));
#3848=AXIS2_PLACEMENT_3D('',#3849,#3850,#3851);
#3849=CARTESIAN_POINT('',(5.08,0.,2.84));
#3850=DIRECTION('',(0.,0.,1.));
#3851=DIRECTION('',(1.,0.,0.));
#3852=CARTESIAN_POINT('',(8.28,-8.08266887437253E-017,2.84));
#3853=AXIS2_PLACEMENT_3D('',#3854,#3855,#3856);
#3854=CARTESIAN_POINT('',(7.62,0.,2.84));
#3855=DIRECTION('',(0.,0.,1.));
#3856=DIRECTION('',(1.,0.,0.));
#3857=CARTESIAN_POINT('',(10.82,-8.08266887437253E-017,2.84));
#3858=AXIS2_PLACEMENT_3D('',#3859,#3860,#3861);
#3859=CARTESIAN_POINT('',(10.16,0.,2.84));
#3860=DIRECTION('',(0.,0.,1.));
#3861=DIRECTION('',(1.,0.,0.));
#3862=CARTESIAN_POINT('',(0.66,2.54,2.84));
#3863=AXIS2_PLACEMENT_3D('',#3864,#3865,#3866);
#3864=CARTESIAN_POINT('',(1.55530143491714E-016,2.54,2.84));
#3865=DIRECTION('',(0.,0.,1.));
#3866=DIRECTION('',(1.,0.,0.));
#3867=CARTESIAN_POINT('',(3.2,2.54,2.84));
#3868=AXIS2_PLACEMENT_3D('',#3869,#3870,#3871);
#3869=CARTESIAN_POINT('',(2.54,2.54,2.84));
#3870=DIRECTION('',(0.,0.,1.));
#3871=DIRECTION('',(1.,0.,0.));
#3872=CARTESIAN_POINT('',(5.74,2.54,2.84));
#3873=AXIS2_PLACEMENT_3D('',#3874,#3875,#3876);
#3874=CARTESIAN_POINT('',(5.08,2.54,2.84));
#3875=DIRECTION('',(0.,0.,1.));
#3876=DIRECTION('',(1.,0.,0.));
#3877=CARTESIAN_POINT('',(8.28,2.54,2.84));
#3878=AXIS2_PLACEMENT_3D('',#3879,#3880,#3881);
#3879=CARTESIAN_POINT('',(7.62,2.54,2.84));
#3880=DIRECTION('',(0.,0.,1.));
#3881=DIRECTION('',(1.,0.,0.));
#3882=CARTESIAN_POINT('',(10.82,2.54,2.84));
#3883=AXIS2_PLACEMENT_3D('',#3884,#3885,#3886);
#3884=CARTESIAN_POINT('',(10.16,2.54,2.84));
#3885=DIRECTION('',(0.,0.,1.));
#3886=DIRECTION('',(1.,0.,0.));
#3887=CARTESIAN_POINT('',(0.66,-8.08266887437253E-017,2.84));
#3888=AXIS2_PLACEMENT_3D('',#3889,#3890,#3891);
#3889=CARTESIAN_POINT('',(0.,0.,2.84));
#3890=DIRECTION('',(0.,0.,1.));
#3891=DIRECTION('',(1.,0.,0.));
#3892=CARTESIAN_POINT('',(1.24281076638794,1.55267854785015,2.84));
#3893=CARTESIAN_POINT('',(1.29718923360911,1.55267854785648,2.84));
#3894=AXIS2_PLACEMENT_3D('',#3895,#3896,#3897);
#3895=CARTESIAN_POINT('',(1.27,1.54,2.84));
#3896=DIRECTION('',(0.,-0.,1.));
#3897=DIRECTION('',(0.906307786970437,0.422618261882694,0.));
#3898=CARTESIAN_POINT('',(1.42900440527185,1.27,2.84));
#3899=CARTESIAN_POINT('',(1.42900440526804,1.27,2.84));
#3900=VECTOR('',#3901,1.);
#3901=DIRECTION('',(-0.422618261733638,0.906307787039943,0.));
#3902=CARTESIAN_POINT('',(1.29718923361106,0.987321452147693,2.84));
#3903=CARTESIAN_POINT('',(1.29718923361106,0.987321452147693,2.84));
#3904=VECTOR('',#3905,1.);
#3905=DIRECTION('',(0.422618261743663,0.906307787035268,0.));
#3906=CARTESIAN_POINT('',(1.24281076638894,0.987321452147693,2.84));
#3907=AXIS2_PLACEMENT_3D('',#3908,#3909,#3910);
#3908=CARTESIAN_POINT('',(1.27,1.,2.84));
#3909=DIRECTION('',(-0.,0.,1.));
#3910=DIRECTION('',(-0.906307787035285,-0.422618261743626,0.));
#3911=CARTESIAN_POINT('',(1.11099559472815,1.27,2.84));
#3912=CARTESIAN_POINT('',(1.11099559472815,1.27,2.84));
#3913=VECTOR('',#3914,1.);
#3914=DIRECTION('',(0.422618261743666,-0.906307787035267,0.));
#3915=CARTESIAN_POINT('',(1.24281076638794,1.55267854785015,2.84));
#3916=VECTOR('',#3917,1.);
#3917=DIRECTION('',(-0.422618261733637,-0.906307787039943,0.));
#3918=CARTESIAN_POINT('',(6.50900440526804,1.27,2.84));
#3919=CARTESIAN_POINT('',(6.37718923361106,0.987321452147693,2.84));
#3920=CARTESIAN_POINT('',(6.37718923361106,0.987321452147693,2.84));
#3921=VECTOR('',#3922,1.);
#3922=DIRECTION('',(0.422618261743662,0.906307787035268,0.));
#3923=CARTESIAN_POINT('',(6.32281076638894,0.987321452147693,2.84));
#3924=AXIS2_PLACEMENT_3D('',#3925,#3926,#3927);
#3925=CARTESIAN_POINT('',(6.35,1.,2.84));
#3926=DIRECTION('',(-0.,0.,1.));
#3927=DIRECTION('',(-0.906307787035284,-0.422618261743629,0.));
#3928=CARTESIAN_POINT('',(6.19099559473196,1.27,2.84));
#3929=CARTESIAN_POINT('',(6.19099559472815,1.27,2.84));
#3930=VECTOR('',#3931,1.);
#3931=DIRECTION('',(0.422618261743667,-0.906307787035266,0.));
#3932=CARTESIAN_POINT('',(6.32281076638794,1.55267854785015,2.84));
#3933=CARTESIAN_POINT('',(6.32281076638794,1.55267854785015,2.84));
#3934=VECTOR('',#3935,1.);
#3935=DIRECTION('',(-0.422618261733638,-0.906307787039943,0.));
#3936=CARTESIAN_POINT('',(6.37718923360911,1.55267854785648,2.84));
#3937=AXIS2_PLACEMENT_3D('',#3938,#3939,#3940);
#3938=CARTESIAN_POINT('',(6.35,1.54,2.84));
#3939=DIRECTION('',(0.,-0.,1.));
#3940=DIRECTION('',(0.906307786970438,0.422618261882691,0.));
#3941=CARTESIAN_POINT('',(6.50900440526804,1.27,2.84));
#3942=VECTOR('',#3943,1.);
#3943=DIRECTION('',(-0.422618261733636,0.906307787039943,0.));
#3944=CARTESIAN_POINT('',(8.91718923360911,-0.987321452143519,1.57));
#3945=VECTOR('',#3946,1.);
#3946=DIRECTION('',(0.,0.,1.));
#3947=CARTESIAN_POINT('',(8.86281076638794,-0.987321452149846,1.57));
#3948=VECTOR('',#3949,1.);
#3949=DIRECTION('',(0.,0.,1.));
#3950=CARTESIAN_POINT('',(8.91718923361106,0.987321452147693,1.57));
#3951=VECTOR('',#3952,1.);
#3952=DIRECTION('',(0.,0.,1.));
#3953=CARTESIAN_POINT('',(8.86281076638894,0.987321452147694,1.57));
#3954=VECTOR('',#3955,1.);
#3955=DIRECTION('',(0.,0.,1.));
#3956=CARTESIAN_POINT('',(6.37718923360911,-0.987321452143519,1.57));
#3957=VECTOR('',#3958,1.);
#3958=DIRECTION('',(0.,0.,1.));
#3959=CARTESIAN_POINT('',(11.545,-0.969999999999999,1.57));
#3960=VECTOR('',#3961,1.);
#3961=DIRECTION('',(0.,0.,1.));
#3962=CARTESIAN_POINT('',(6.32281076638794,-0.987321452149846,1.57));
#3963=VECTOR('',#3964,1.);
#3964=DIRECTION('',(0.,0.,1.));
#3965=CARTESIAN_POINT('',(6.19099559473196,-1.27,2.84));
#3966=VECTOR('',#3967,1.);
#3967=DIRECTION('',(0.,0.,-1.));
#3968=CARTESIAN_POINT('',(3.96900440526804,-1.27,1.57));
#3969=VECTOR('',#3970,1.);
#3970=DIRECTION('',(0.,0.,1.));
#3971=CARTESIAN_POINT('',(3.83718923360911,-0.987321452143519,1.57));
#3972=VECTOR('',#3973,1.);
#3973=DIRECTION('',(0.,0.,1.));
#3974=CARTESIAN_POINT('',(3.78281076638794,-0.987321452149846,1.57));
#3975=VECTOR('',#3976,1.);
#3976=DIRECTION('',(0.,0.,1.));
#3977=CARTESIAN_POINT('',(3.65099559473195,-1.27,2.84));
#3978=VECTOR('',#3979,1.);
#3979=DIRECTION('',(0.,0.,-1.));
#3980=CARTESIAN_POINT('',(1.42900440526804,-1.27,1.57));
#3981=VECTOR('',#3982,1.);
#3982=DIRECTION('',(0.,0.,1.));
#3983=CARTESIAN_POINT('',(1.29718923360911,-0.987321452143519,1.57));
#3984=VECTOR('',#3985,1.);
#3985=DIRECTION('',(0.,0.,1.));
#3986=CARTESIAN_POINT('',(1.24281076638794,-0.987321452149846,1.57));
#3987=VECTOR('',#3988,1.);
#3988=DIRECTION('',(0.,0.,1.));
#3989=CARTESIAN_POINT('',(1.11099559473196,-1.27,2.84));
#3990=VECTOR('',#3991,1.);
#3991=DIRECTION('',(0.,0.,-1.));
#3992=CARTESIAN_POINT('',(-1.2451077025535,-1.27,1.57));
#3993=VECTOR('',#3994,1.);
#3994=DIRECTION('',(0.,0.,1.));
#3995=CARTESIAN_POINT('',(-1.385,-0.97,1.57));
#3996=VECTOR('',#3997,1.);
#3997=DIRECTION('',(0.,0.,1.));
#3998=CARTESIAN_POINT('',(-1.385,0.970000000000001,1.57));
#3999=VECTOR('',#4000,1.);
#4000=DIRECTION('',(0.,0.,1.));
#4001=CARTESIAN_POINT('',(-1.2451077025535,1.27,1.57));
#4002=VECTOR('',#4003,1.);
#4003=DIRECTION('',(0.,0.,1.));
#4004=CARTESIAN_POINT('',(-1.385,1.57,1.57));
#4005=VECTOR('',#4006,1.);
#4006=DIRECTION('',(0.,0.,1.));
#4007=CARTESIAN_POINT('',(-1.385,3.51,1.57));
#4008=VECTOR('',#4009,1.);
#4009=DIRECTION('',(0.,0.,1.));
#4010=CARTESIAN_POINT('',(-1.2451077025535,3.81,1.57));
#4011=VECTOR('',#4012,1.);
#4012=DIRECTION('',(0.,0.,1.));
#4013=CARTESIAN_POINT('',(1.11099559472815,3.81,1.57));
#4014=VECTOR('',#4015,1.);
#4015=DIRECTION('',(0.,0.,1.));
#4016=CARTESIAN_POINT('',(1.24281076638894,3.52732145214769,1.57));
#4017=VECTOR('',#4018,1.);
#4018=DIRECTION('',(0.,0.,1.));
#4019=CARTESIAN_POINT('',(1.29718923361106,3.52732145214769,1.57));
#4020=VECTOR('',#4021,1.);
#4021=DIRECTION('',(0.,0.,1.));
#4022=CARTESIAN_POINT('',(1.42900440527185,3.81,2.84));
#4023=VECTOR('',#4024,1.);
#4024=DIRECTION('',(0.,0.,-1.));
#4025=CARTESIAN_POINT('',(3.65099559472815,3.81,1.57));
#4026=VECTOR('',#4027,1.);
#4027=DIRECTION('',(0.,0.,1.));
#4028=CARTESIAN_POINT('',(3.78281076638894,3.52732145214769,1.57));
#4029=VECTOR('',#4030,1.);
#4030=DIRECTION('',(0.,0.,1.));
#4031=CARTESIAN_POINT('',(3.83718923361106,3.52732145214769,1.57));
#4032=VECTOR('',#4033,1.);
#4033=DIRECTION('',(0.,0.,1.));
#4034=CARTESIAN_POINT('',(3.96900440527185,3.81,2.84));
#4035=VECTOR('',#4036,1.);
#4036=DIRECTION('',(0.,0.,-1.));
#4037=CARTESIAN_POINT('',(6.19099559472815,3.81,1.57));
#4038=VECTOR('',#4039,1.);
#4039=DIRECTION('',(0.,0.,1.));
#4040=CARTESIAN_POINT('',(6.32281076638894,3.52732145214769,1.57));
#4041=VECTOR('',#4042,1.);
#4042=DIRECTION('',(0.,0.,1.));
#4043=CARTESIAN_POINT('',(6.37718923361106,3.52732145214769,1.57));
#4044=VECTOR('',#4045,1.);
#4045=DIRECTION('',(0.,0.,1.));
#4046=CARTESIAN_POINT('',(6.50900440527185,3.81,2.84));
#4047=VECTOR('',#4048,1.);
#4048=DIRECTION('',(0.,0.,-1.));
#4049=CARTESIAN_POINT('',(8.73099559472815,3.81,1.57));
#4050=VECTOR('',#4051,1.);
#4051=DIRECTION('',(0.,0.,1.));
#4052=CARTESIAN_POINT('',(8.86281076638894,3.52732145214769,1.57));
#4053=VECTOR('',#4054,1.);
#4054=DIRECTION('',(0.,0.,1.));
#4055=CARTESIAN_POINT('',(8.91718923361106,3.52732145214769,1.57));
#4056=VECTOR('',#4057,1.);
#4057=DIRECTION('',(0.,0.,1.));
#4058=CARTESIAN_POINT('',(9.04900440527185,3.81,2.84));
#4059=VECTOR('',#4060,1.);
#4060=DIRECTION('',(0.,0.,-1.));
#4061=CARTESIAN_POINT('',(11.4051077025535,3.81,1.57));
#4062=VECTOR('',#4063,1.);
#4063=DIRECTION('',(0.,0.,1.));
#4064=CARTESIAN_POINT('',(11.545,3.51,1.57));
#4065=VECTOR('',#4066,1.);
#4066=DIRECTION('',(0.,0.,1.));
#4067=CARTESIAN_POINT('',(11.545,1.57,1.57));
#4068=VECTOR('',#4069,1.);
#4069=DIRECTION('',(0.,0.,1.));
#4070=CARTESIAN_POINT('',(11.4051077025535,1.27,1.57));
#4071=VECTOR('',#4072,1.);
#4072=DIRECTION('',(0.,0.,1.));
#4073=CARTESIAN_POINT('',(11.545,0.969999999999999,1.57));
#4074=VECTOR('',#4075,1.);
#4075=DIRECTION('',(0.,0.,1.));
#4076=CARTESIAN_POINT('',(3.96900440526804,1.27,1.57));
#4077=VECTOR('',#4078,1.);
#4078=DIRECTION('',(0.,0.,1.));
#4079=CARTESIAN_POINT('',(3.83718923361106,0.987321452147693,1.57));
#4080=VECTOR('',#4081,1.);
#4081=DIRECTION('',(0.,0.,1.));
#4082=CARTESIAN_POINT('',(3.83718923360911,1.55267854785648,1.57));
#4083=VECTOR('',#4084,1.);
#4084=DIRECTION('',(0.,0.,1.));
#4085=CARTESIAN_POINT('',(3.78281076638794,1.55267854785015,1.57));
#4086=VECTOR('',#4087,1.);
#4087=DIRECTION('',(0.,0.,1.));
#4088=CARTESIAN_POINT('',(3.65099559473196,1.27,1.57));
#4089=VECTOR('',#4090,1.);
#4090=DIRECTION('',(0.,0.,1.));
#4091=CARTESIAN_POINT('',(3.78281076638894,0.987321452147694,1.57));
#4092=VECTOR('',#4093,1.);
#4093=DIRECTION('',(0.,0.,1.));
#4094=CARTESIAN_POINT('',(1.29718923360911,1.55267854785648,1.57));
#4095=VECTOR('',#4096,1.);
#4096=DIRECTION('',(0.,0.,1.));
#4097=CARTESIAN_POINT('',(1.24281076638794,1.55267854785015,1.57));
#4098=VECTOR('',#4099,1.);
#4099=DIRECTION('',(0.,0.,1.));
#4100=CARTESIAN_POINT('',(1.11099559472815,1.27,1.57));
#4101=VECTOR('',#4102,1.);
#4102=DIRECTION('',(0.,0.,1.));
#4103=CARTESIAN_POINT('',(1.24281076638894,0.987321452147694,1.57));
#4104=VECTOR('',#4105,1.);
#4105=DIRECTION('',(0.,0.,1.));
#4106=CARTESIAN_POINT('',(1.29718923361106,0.987321452147693,1.57));
#4107=VECTOR('',#4108,1.);
#4108=DIRECTION('',(0.,0.,1.));
#4109=CARTESIAN_POINT('',(1.42900440527185,1.27,2.84));
#4110=VECTOR('',#4111,1.);
#4111=DIRECTION('',(0.,0.,-1.));
#4112=CARTESIAN_POINT('',(6.50900440526804,1.27,1.57));
#4113=VECTOR('',#4114,1.);
#4114=DIRECTION('',(0.,0.,1.));
#4115=CARTESIAN_POINT('',(6.37718923361106,0.987321452147693,1.57));
#4116=VECTOR('',#4117,1.);
#4117=DIRECTION('',(0.,0.,1.));
#4118=CARTESIAN_POINT('',(6.37718923360911,1.55267854785648,1.57));
#4119=VECTOR('',#4120,1.);
#4120=DIRECTION('',(0.,0.,1.));
#4121=CARTESIAN_POINT('',(6.32281076638794,1.55267854785015,1.57));
#4122=VECTOR('',#4123,1.);
#4123=DIRECTION('',(0.,0.,1.));
#4124=CARTESIAN_POINT('',(6.19099559473196,1.27,1.57));
#4125=VECTOR('',#4126,1.);
#4126=DIRECTION('',(0.,0.,1.));
#4127=CARTESIAN_POINT('',(6.32281076638894,0.987321452147694,1.57));
#4128=VECTOR('',#4129,1.);
#4129=DIRECTION('',(0.,0.,1.));
#4130=CARTESIAN_POINT('',(0.,-0.1275,-2.75));
#4131=AXIS2_PLACEMENT_3D('',#4132,#4133,#4134);
#4132=CARTESIAN_POINT('',(0.,0.,-2.75));
#4133=DIRECTION('',(-0.,-0.,-1.));
#4134=DIRECTION('',(0.,-1.,0.));
#4135=CARTESIAN_POINT('',(0.,-0.255,-2.6225));
#4136=AXIS2_PLACEMENT_3D('',#4137,#4138,#4139);
#4137=CARTESIAN_POINT('',(0.,0.,-2.6225));
#4138=DIRECTION('',(-0.,-0.,-1.));
#4139=DIRECTION('',(0.,-1.,0.));
#4140=CARTESIAN_POINT('',(0.,-0.255,-1.56142466891288E-017));
#4141=AXIS2_PLACEMENT_3D('',#4142,#4143,#4144);
#4142=CARTESIAN_POINT('',(0.,0.,0.));
#4143=DIRECTION('',(-0.,-0.,-1.));
#4144=DIRECTION('',(0.,-1.,0.));
#4145=CARTESIAN_POINT('',(0.,-0.66,0.283584053511925));
#4146=AXIS2_PLACEMENT_3D('',#4147,#4148,#4149);
#4147=CARTESIAN_POINT('',(0.,0.,0.283584053511925));
#4148=DIRECTION('',(-0.,-0.,-1.));
#4149=DIRECTION('',(0.,-1.,0.));
#4150=CARTESIAN_POINT('',(0.,-0.66,1.79287838708181));
#4151=AXIS2_PLACEMENT_3D('',#4152,#4153,#4154);
#4152=CARTESIAN_POINT('',(0.,0.,1.79287838708181));
#4153=DIRECTION('',(-0.,-0.,-1.));
#4154=DIRECTION('',(0.,-1.,0.));
#4155=CARTESIAN_POINT('',(0.,-0.810000000000001,2.205));
#4156=AXIS2_PLACEMENT_3D('',#4157,#4158,#4159);
#4157=CARTESIAN_POINT('',(0.,0.,2.205));
#4158=DIRECTION('',(-0.,-0.,-1.));
#4159=DIRECTION('',(0.,-1.,0.));
#4160=CARTESIAN_POINT('',(0.,-0.659999999999999,2.205));
#4161=AXIS2_PLACEMENT_3D('',#4162,#4163,#4164);
#4162=CARTESIAN_POINT('',(0.,0.,2.205));
#4163=DIRECTION('',(-0.,-0.,-1.));
#4164=DIRECTION('',(0.,-1.,0.));
#4165=CARTESIAN_POINT('',(0.,-0.66,2.84));
#4166=AXIS2_PLACEMENT_3D('',#4167,#4168,#4169);
#4167=CARTESIAN_POINT('',(0.,0.,2.84));
#4168=DIRECTION('',(-0.,-0.,-1.));
#4169=DIRECTION('',(0.,-1.,0.));
#4170=CARTESIAN_POINT('',(0.,-0.915,2.84));
#4171=AXIS2_PLACEMENT_3D('',#4172,#4173,#4174);
#4172=CARTESIAN_POINT('',(0.,0.,2.84));
#4173=DIRECTION('',(-0.,-0.,-1.));
#4174=DIRECTION('',(0.,-1.,0.));
#4175=CARTESIAN_POINT('',(0.,-0.915,3.35));
#4176=AXIS2_PLACEMENT_3D('',#4177,#4178,#4179);
#4177=CARTESIAN_POINT('',(0.,0.,3.35));
#4178=DIRECTION('',(-0.,-0.,-1.));
#4179=DIRECTION('',(0.,-1.,0.));
#4180=CARTESIAN_POINT('',(0.,-0.609191070866214,3.35));
#4181=AXIS2_PLACEMENT_3D('',#4182,#4183,#4184);
#4182=CARTESIAN_POINT('',(0.,0.,3.35));
#4183=DIRECTION('',(-0.,-0.,-1.));
#4184=DIRECTION('',(0.,-1.,0.));
#4185=CARTESIAN_POINT('',(0.,-0.5,3.05));
#4186=AXIS2_PLACEMENT_3D('',#4187,#4188,#4189);
#4187=CARTESIAN_POINT('',(0.,0.,3.05));
#4188=DIRECTION('',(0.,-0.,-1.));
#4189=DIRECTION('',(0.,-1.,0.));
#4190=CARTESIAN_POINT('',(0.,-0.5,2.85));
#4191=AXIS2_PLACEMENT_3D('',#4192,#4193,#4194);
#4192=CARTESIAN_POINT('',(0.,0.,2.85));
#4193=DIRECTION('',(0.,-0.,-1.));
#4194=DIRECTION('',(0.,-1.,0.));
#4195=CARTESIAN_POINT('',(0.,-0.225,1.65));
#4196=AXIS2_PLACEMENT_3D('',#4197,#4198,#4199);
#4197=CARTESIAN_POINT('',(0.,0.,1.65));
#4198=DIRECTION('',(-0.,-0.,-1.));
#4199=DIRECTION('',(0.,-1.,0.));
#4200=CARTESIAN_POINT('',(0.,-0.5,1.65));
#4201=AXIS2_PLACEMENT_3D('',#4202,#4203,#4204);
#4202=CARTESIAN_POINT('',(0.,0.,1.65));
#4203=DIRECTION('',(-0.,-0.,-1.));
#4204=DIRECTION('',(0.,-1.,0.));
#4205=CARTESIAN_POINT('',(0.,-0.5,0.45));
#4206=AXIS2_PLACEMENT_3D('',#4207,#4208,#4209);
#4207=CARTESIAN_POINT('',(0.,0.,0.45));
#4208=DIRECTION('',(0.,-0.,-1.));
#4209=DIRECTION('',(0.,-1.,0.));
#4210=CARTESIAN_POINT('',(0.,-0.03,0.120902457041437));
#4211=AXIS2_PLACEMENT_3D('',#4212,#4213,#4214);
#4212=CARTESIAN_POINT('',(0.,0.,0.120902457041437));
#4213=DIRECTION('',(-0.,-0.,-1.));
#4214=DIRECTION('',(0.,-1.,0.));
ENDSEC;
END-ISO-10303-21;
