ISO-10303-21;
HEADER;
FILE_DESCRIPTION(('STEP AP214'),
    '1');
FILE_NAME('SL-105-TT-11',
    '2020-03-30T23:15:00',
    ('AF'),
    (''),
    'UNSPECIFIED',
    'UNSPECIFIED',
    '');
/*Based on Samtec Inc. SL, SDL series datasheet*/
FILE_SCHEMA(('AUTOMOTIVE_DESIGN { 1 0 10303 214 3 1 1}'));
ENDSEC;

DATA;
#1=SHAPE_REPRESENTATION('NONE',(#2,#58,#121,#147,#173,#199,#225),#6);
#2=AXIS2_PLACEMENT_3D('',#3,#4,#5);
#3=CARTESIAN_POINT('',(0.,0.,0.));
#4=DIRECTION('',(0.,0.,1.));
#5=DIRECTION('',(1.,0.,0.));
#6=(GEOMETRIC_REPRESENTATION_CONTEXT(3)GLOBAL_UNCERTAINTY_ASSIGNED_CONTEXT((#8))
GLOBAL_UNIT_ASSIGNED_CONTEXT((#7,#9,#10))REPRESENTATION_CONTEXT('NONE','NONE'));
#7=(LENGTH_UNIT()NAMED_UNIT(*)SI_UNIT(.MILLI.,.METRE.));
#8=UNCERTAINTY_MEASURE_WITH_UNIT(LENGTH_MEASURE(1.E-005),#7,'NONE','NONE');
#9=(NAMED_UNIT(*)PLANE_ANGLE_UNIT()SI_UNIT($,.RADIAN.));
#10=(NAMED_UNIT(*)SI_UNIT($,.STERADIAN.)SOLID_ANGLE_UNIT());
#11=SHAPE_DEFINITION_REPRESENTATION(#12,#1);
#12=PRODUCT_DEFINITION_SHAPE('NONE','NONE',#13);
#13=PRODUCT_DEFINITION('','UNSPECIFIED',#14,#22);
#14=PRODUCT_DEFINITION_FORMATION_WITH_SPECIFIED_SOURCE('ANY','UNSPECIFIED',#15,.NOT_KNOWN.);
#15=PRODUCT('','SDL-103-TT-11','Based on Samtec Inc. SL, SDL series datasheet',(
#25));
#16=PERSON('UNSPECIFIED','AF','UNSPECIFIED',('UNSPECIFIED'),('UNSPECIFIED'),
('UNSPECIFIED'));
#17=ORGANIZATION('UNSPECIFIED','UNSPECIFIED','UNSPECIFIED');
#18=PERSON_AND_ORGANIZATION(#16,#17);
#19=PERSON_AND_ORGANIZATION_ROLE('design_owner');
#20=CC_DESIGN_PERSON_AND_ORGANIZATION_ASSIGNMENT(#18,#19,(#15));
#21=PRODUCT_RELATED_PRODUCT_CATEGORY('assembly','',(#15));
#22=DESIGN_CONTEXT('detailed design',#23,'design');
#23=APPLICATION_CONTEXT('configuration controlled 3d designs of mechanical parts and assemblies');
#24=APPLICATION_PROTOCOL_DEFINITION('international standard','automotive_design',
2011,#23);
#25=PRODUCT_CONTEXT('NONE',#23,'mechanical');
#26=CC_DESIGN_DATE_AND_TIME_ASSIGNMENT(#27,#31,(#13));
#27=DATE_AND_TIME(#28,#29);
#28=CALENDAR_DATE(0,1,1);
#29=LOCAL_TIME(0,0,0.,#30);
#30=COORDINATED_UNIVERSAL_TIME_OFFSET(0,0,.AHEAD.);
#31=DATE_TIME_ROLE('creation_date');
#32=CC_DESIGN_APPROVAL(#33,(#13));
#33=APPROVAL(#34,'UNSPECIFIED');
#34=APPROVAL_STATUS('not_yet_approved');
#35=APPROVAL_DATE_TIME(#36,#33);
#36=DATE_AND_TIME(#37,#38);
#37=CALENDAR_DATE(0,1,1);
#38=LOCAL_TIME(0,0,0.,#39);
#39=COORDINATED_UNIVERSAL_TIME_OFFSET(0,0,.AHEAD.);
#40=DERIVED_UNIT((#44,#41));
#41=DERIVED_UNIT_ELEMENT(#42,-1.);
#42=VOLUME_UNIT(#43);
#43=DIMENSIONAL_EXPONENTS(3.,0.,0.,0.,0.,0.,0.);
#44=(DERIVED_UNIT_ELEMENT($,-1.)NAMED_UNIT($)MASS_UNIT()SI_UNIT($,.GRAM.));
#45=MANIFOLD_SOLID_BREP('',#46);
#46=CLOSED_SHELL('',(#251,#260,#269,#278,#287,#296,#305,#314,#323,#332,#341,#350,
#359,#368,#377,#386,#395,#404,#413,#422,#431,#440,#449,#458,#467,#476,#485,#494,
#503,#512,#521,#530,#539,#548,#557,#566,#575,#584,#593,#602,#611,#620,#629,#638,
#647,#656,#665,#674,#683,#692));
#47=COLOUR_RGB($,0.156862745098039,0.156862745098039,0.156862745098039);
#48=FILL_AREA_STYLE_COLOUR($,#47);
#49=FILL_AREA_STYLE($,(#48));
#50=SURFACE_STYLE_FILL_AREA(#49);
#51=SURFACE_SIDE_STYLE('',(#50));
#52=SURFACE_STYLE_USAGE(.BOTH.,#51);
#53=PRESENTATION_STYLE_ASSIGNMENT((#52));
#54=MECHANICAL_DESIGN_GEOMETRIC_PRESENTATION_REPRESENTATION('NONE',(#55,#96,#259,
#268,#277,#286,#295,#304,#313,#322,#331,#340,#349,#358,#367,#376,#385,#394,#403,
#412,#421,#430,#439,#448,#457,#466,#475,#484,#493,#502,#511,#520,#529,#538,#547,
#556,#565,#574,#583,#592,#601,#610,#619,#628,#637,#646,#655,#664,#673,#682,#691,
#700,#709,#718,#727,#736,#745,#754,#763,#772,#781,#790,#799,#808,#817,#826,#835,
#844,#853,#862),#6);
#55=STYLED_ITEM('',(#53),#45);
#56=ADVANCED_BREP_SHAPE_REPRESENTATION('NONE',(#45),#6);
#57=SHAPE_REPRESENTATION_RELATIONSHIP('','',#1,#56);
#58=AXIS2_PLACEMENT_3D('',#59,#60,#61);
#59=CARTESIAN_POINT('',(0.,0.,0.));
#60=DIRECTION('',(0.,0.,1.));
#61=DIRECTION('',(1.,0.,0.));
#62=SHAPE_REPRESENTATION('NONE',(#2),#6);
#63=SHAPE_DEFINITION_REPRESENTATION(#64,#62);
#64=PRODUCT_DEFINITION_SHAPE('NONE','NONE',#65);
#65=PRODUCT_DEFINITION('','UNSPECIFIED',#66,#69);
#66=PRODUCT_DEFINITION_FORMATION_WITH_SPECIFIED_SOURCE('ANY','UNSPECIFIED',#67,.NOT_KNOWN.);
#67=PRODUCT('','SxL-1xx-TT-11-pin','Based on Samtec Inc. SL, SDL series datasheet',
(#72));
#68=PRODUCT_RELATED_PRODUCT_CATEGORY('detail','',(#67));
#69=DESIGN_CONTEXT('detailed design',#70,'design');
#70=APPLICATION_CONTEXT('configuration controlled 3d designs of mechanical parts and assemblies');
#71=APPLICATION_PROTOCOL_DEFINITION('international standard','automotive_design',
2011,#70);
#72=PRODUCT_CONTEXT('NONE',#70,'mechanical');
#73=CC_DESIGN_DATE_AND_TIME_ASSIGNMENT(#74,#78,(#65));
#74=DATE_AND_TIME(#75,#76);
#75=CALENDAR_DATE(0,1,1);
#76=LOCAL_TIME(0,0,0.,#77);
#77=COORDINATED_UNIVERSAL_TIME_OFFSET(0,0,.AHEAD.);
#78=DATE_TIME_ROLE('creation_date');
#79=CC_DESIGN_APPROVAL(#80,(#65));
#80=APPROVAL(#81,'UNSPECIFIED');
#81=APPROVAL_STATUS('not_yet_approved');
#82=APPROVAL_DATE_TIME(#83,#80);
#83=DATE_AND_TIME(#84,#85);
#84=CALENDAR_DATE(0,1,1);
#85=LOCAL_TIME(0,0,0.,#86);
#86=COORDINATED_UNIVERSAL_TIME_OFFSET(0,0,.AHEAD.);
#87=MANIFOLD_SOLID_BREP('',#88);
#88=CLOSED_SHELL('',(#701,#710,#719,#728,#737,#746,#755,#764,#773,#782,#791,#800,
#809,#818,#827,#836,#845,#854));
#89=COLOUR_RGB($,0.827450980392157,0.831372549019608,0.835294117647059);
#90=FILL_AREA_STYLE_COLOUR($,#89);
#91=FILL_AREA_STYLE($,(#90));
#92=SURFACE_STYLE_FILL_AREA(#91);
#93=SURFACE_SIDE_STYLE('',(#92));
#94=SURFACE_STYLE_USAGE(.BOTH.,#93);
#95=PRESENTATION_STYLE_ASSIGNMENT((#94));
#96=STYLED_ITEM('',(#95),#87);
#97=ADVANCED_BREP_SHAPE_REPRESENTATION('NONE',(#87),#6);
#98=SHAPE_REPRESENTATION_RELATIONSHIP('','',#62,#97);
#99=ITEM_DEFINED_TRANSFORMATION('','',#2,#58);
#100=(REPRESENTATION_RELATIONSHIP('','',#62,#1)REPRESENTATION_RELATIONSHIP_WITH_TRANSFORMATION(
#99)SHAPE_REPRESENTATION_RELATIONSHIP());
#101=NEXT_ASSEMBLY_USAGE_OCCURRENCE('1','','',#13,#65,$);
#102=CC_DESIGN_SECURITY_CLASSIFICATION(#103,(#101));
#103=SECURITY_CLASSIFICATION('','',#104);
#104=SECURITY_CLASSIFICATION_LEVEL('unclassified');
#105=CC_DESIGN_DATE_AND_TIME_ASSIGNMENT(#106,#110,(#103));
#106=DATE_AND_TIME(#107,#108);
#107=CALENDAR_DATE(0,1,1);
#108=LOCAL_TIME(0,0,0.,#109);
#109=COORDINATED_UNIVERSAL_TIME_OFFSET(0,0,.AHEAD.);
#110=DATE_TIME_ROLE('classification_date');
#111=CC_DESIGN_APPROVAL(#112,(#103));
#112=APPROVAL(#113,'UNSPECIFIED');
#113=APPROVAL_STATUS('not_yet_approved');
#114=APPROVAL_DATE_TIME(#115,#112);
#115=DATE_AND_TIME(#116,#117);
#116=CALENDAR_DATE(0,1,1);
#117=LOCAL_TIME(0,0,0.,#118);
#118=COORDINATED_UNIVERSAL_TIME_OFFSET(0,0,.AHEAD.);
#119=PRODUCT_DEFINITION_SHAPE('NONE','NONE',#101);
#120=CONTEXT_DEPENDENT_SHAPE_REPRESENTATION(#100,#119);
#121=AXIS2_PLACEMENT_3D('',#122,#123,#124);
#122=CARTESIAN_POINT('',(1.55530143491714E-016,2.54,0.));
#123=DIRECTION('',(0.,0.,1.));
#124=DIRECTION('',(1.,0.,0.));
#125=ITEM_DEFINED_TRANSFORMATION('','',#2,#121);
#126=(REPRESENTATION_RELATIONSHIP('','',#62,#1)REPRESENTATION_RELATIONSHIP_WITH_TRANSFORMATION(
#125)SHAPE_REPRESENTATION_RELATIONSHIP());
#127=NEXT_ASSEMBLY_USAGE_OCCURRENCE('2','','',#13,#65,$);
#128=CC_DESIGN_SECURITY_CLASSIFICATION(#129,(#127));
#129=SECURITY_CLASSIFICATION('','',#130);
#130=SECURITY_CLASSIFICATION_LEVEL('unclassified');
#131=CC_DESIGN_DATE_AND_TIME_ASSIGNMENT(#132,#136,(#129));
#132=DATE_AND_TIME(#133,#134);
#133=CALENDAR_DATE(0,1,1);
#134=LOCAL_TIME(0,0,0.,#135);
#135=COORDINATED_UNIVERSAL_TIME_OFFSET(0,0,.AHEAD.);
#136=DATE_TIME_ROLE('classification_date');
#137=CC_DESIGN_APPROVAL(#138,(#129));
#138=APPROVAL(#139,'UNSPECIFIED');
#139=APPROVAL_STATUS('not_yet_approved');
#140=APPROVAL_DATE_TIME(#141,#138);
#141=DATE_AND_TIME(#142,#143);
#142=CALENDAR_DATE(0,1,1);
#143=LOCAL_TIME(0,0,0.,#144);
#144=COORDINATED_UNIVERSAL_TIME_OFFSET(0,0,.AHEAD.);
#145=PRODUCT_DEFINITION_SHAPE('NONE','NONE',#127);
#146=CONTEXT_DEPENDENT_SHAPE_REPRESENTATION(#126,#145);
#147=AXIS2_PLACEMENT_3D('',#148,#149,#150);
#148=CARTESIAN_POINT('',(2.54,0.,0.));
#149=DIRECTION('',(0.,0.,1.));
#150=DIRECTION('',(1.,0.,0.));
#151=ITEM_DEFINED_TRANSFORMATION('','',#2,#147);
#152=(REPRESENTATION_RELATIONSHIP('','',#62,#1)REPRESENTATION_RELATIONSHIP_WITH_TRANSFORMATION(
#151)SHAPE_REPRESENTATION_RELATIONSHIP());
#153=NEXT_ASSEMBLY_USAGE_OCCURRENCE('3','','',#13,#65,$);
#154=CC_DESIGN_SECURITY_CLASSIFICATION(#155,(#153));
#155=SECURITY_CLASSIFICATION('','',#156);
#156=SECURITY_CLASSIFICATION_LEVEL('unclassified');
#157=CC_DESIGN_DATE_AND_TIME_ASSIGNMENT(#158,#162,(#155));
#158=DATE_AND_TIME(#159,#160);
#159=CALENDAR_DATE(0,1,1);
#160=LOCAL_TIME(0,0,0.,#161);
#161=COORDINATED_UNIVERSAL_TIME_OFFSET(0,0,.AHEAD.);
#162=DATE_TIME_ROLE('classification_date');
#163=CC_DESIGN_APPROVAL(#164,(#155));
#164=APPROVAL(#165,'UNSPECIFIED');
#165=APPROVAL_STATUS('not_yet_approved');
#166=APPROVAL_DATE_TIME(#167,#164);
#167=DATE_AND_TIME(#168,#169);
#168=CALENDAR_DATE(0,1,1);
#169=LOCAL_TIME(0,0,0.,#170);
#170=COORDINATED_UNIVERSAL_TIME_OFFSET(0,0,.AHEAD.);
#171=PRODUCT_DEFINITION_SHAPE('NONE','NONE',#153);
#172=CONTEXT_DEPENDENT_SHAPE_REPRESENTATION(#152,#171);
#173=AXIS2_PLACEMENT_3D('',#174,#175,#176);
#174=CARTESIAN_POINT('',(2.54,2.54,0.));
#175=DIRECTION('',(0.,0.,1.));
#176=DIRECTION('',(1.,0.,0.));
#177=ITEM_DEFINED_TRANSFORMATION('','',#2,#173);
#178=(REPRESENTATION_RELATIONSHIP('','',#62,#1)REPRESENTATION_RELATIONSHIP_WITH_TRANSFORMATION(
#177)SHAPE_REPRESENTATION_RELATIONSHIP());
#179=NEXT_ASSEMBLY_USAGE_OCCURRENCE('4','','',#13,#65,$);
#180=CC_DESIGN_SECURITY_CLASSIFICATION(#181,(#179));
#181=SECURITY_CLASSIFICATION('','',#182);
#182=SECURITY_CLASSIFICATION_LEVEL('unclassified');
#183=CC_DESIGN_DATE_AND_TIME_ASSIGNMENT(#184,#188,(#181));
#184=DATE_AND_TIME(#185,#186);
#185=CALENDAR_DATE(0,1,1);
#186=LOCAL_TIME(0,0,0.,#187);
#187=COORDINATED_UNIVERSAL_TIME_OFFSET(0,0,.AHEAD.);
#188=DATE_TIME_ROLE('classification_date');
#189=CC_DESIGN_APPROVAL(#190,(#181));
#190=APPROVAL(#191,'UNSPECIFIED');
#191=APPROVAL_STATUS('not_yet_approved');
#192=APPROVAL_DATE_TIME(#193,#190);
#193=DATE_AND_TIME(#194,#195);
#194=CALENDAR_DATE(0,1,1);
#195=LOCAL_TIME(0,0,0.,#196);
#196=COORDINATED_UNIVERSAL_TIME_OFFSET(0,0,.AHEAD.);
#197=PRODUCT_DEFINITION_SHAPE('NONE','NONE',#179);
#198=CONTEXT_DEPENDENT_SHAPE_REPRESENTATION(#178,#197);
#199=AXIS2_PLACEMENT_3D('',#200,#201,#202);
#200=CARTESIAN_POINT('',(5.08,0.,0.));
#201=DIRECTION('',(0.,0.,1.));
#202=DIRECTION('',(1.,0.,0.));
#203=ITEM_DEFINED_TRANSFORMATION('','',#2,#199);
#204=(REPRESENTATION_RELATIONSHIP('','',#62,#1)REPRESENTATION_RELATIONSHIP_WITH_TRANSFORMATION(
#203)SHAPE_REPRESENTATION_RELATIONSHIP());
#205=NEXT_ASSEMBLY_USAGE_OCCURRENCE('5','','',#13,#65,$);
#206=CC_DESIGN_SECURITY_CLASSIFICATION(#207,(#205));
#207=SECURITY_CLASSIFICATION('','',#208);
#208=SECURITY_CLASSIFICATION_LEVEL('unclassified');
#209=CC_DESIGN_DATE_AND_TIME_ASSIGNMENT(#210,#214,(#207));
#210=DATE_AND_TIME(#211,#212);
#211=CALENDAR_DATE(0,1,1);
#212=LOCAL_TIME(0,0,0.,#213);
#213=COORDINATED_UNIVERSAL_TIME_OFFSET(0,0,.AHEAD.);
#214=DATE_TIME_ROLE('classification_date');
#215=CC_DESIGN_APPROVAL(#216,(#207));
#216=APPROVAL(#217,'UNSPECIFIED');
#217=APPROVAL_STATUS('not_yet_approved');
#218=APPROVAL_DATE_TIME(#219,#216);
#219=DATE_AND_TIME(#220,#221);
#220=CALENDAR_DATE(0,1,1);
#221=LOCAL_TIME(0,0,0.,#222);
#222=COORDINATED_UNIVERSAL_TIME_OFFSET(0,0,.AHEAD.);
#223=PRODUCT_DEFINITION_SHAPE('NONE','NONE',#205);
#224=CONTEXT_DEPENDENT_SHAPE_REPRESENTATION(#204,#223);
#225=AXIS2_PLACEMENT_3D('',#226,#227,#228);
#226=CARTESIAN_POINT('',(5.08,2.54,0.));
#227=DIRECTION('',(0.,0.,1.));
#228=DIRECTION('',(1.,0.,0.));
#229=ITEM_DEFINED_TRANSFORMATION('','',#2,#225);
#230=(REPRESENTATION_RELATIONSHIP('','',#62,#1)REPRESENTATION_RELATIONSHIP_WITH_TRANSFORMATION(
#229)SHAPE_REPRESENTATION_RELATIONSHIP());
#231=NEXT_ASSEMBLY_USAGE_OCCURRENCE('6','','',#13,#65,$);
#232=CC_DESIGN_SECURITY_CLASSIFICATION(#233,(#231));
#233=SECURITY_CLASSIFICATION('','',#234);
#234=SECURITY_CLASSIFICATION_LEVEL('unclassified');
#235=CC_DESIGN_DATE_AND_TIME_ASSIGNMENT(#236,#240,(#233));
#236=DATE_AND_TIME(#237,#238);
#237=CALENDAR_DATE(0,1,1);
#238=LOCAL_TIME(0,0,0.,#239);
#239=COORDINATED_UNIVERSAL_TIME_OFFSET(0,0,.AHEAD.);
#240=DATE_TIME_ROLE('classification_date');
#241=CC_DESIGN_APPROVAL(#242,(#233));
#242=APPROVAL(#243,'UNSPECIFIED');
#243=APPROVAL_STATUS('not_yet_approved');
#244=APPROVAL_DATE_TIME(#245,#242);
#245=DATE_AND_TIME(#246,#247);
#246=CALENDAR_DATE(0,1,1);
#247=LOCAL_TIME(0,0,0.,#248);
#248=COORDINATED_UNIVERSAL_TIME_OFFSET(0,0,.AHEAD.);
#249=PRODUCT_DEFINITION_SHAPE('NONE','NONE',#231);
#250=CONTEXT_DEPENDENT_SHAPE_REPRESENTATION(#230,#249);
#251=ADVANCED_FACE('',(#863),#865,.T.);
#252=COLOUR_RGB($,0.156862745098039,0.156862745098039,0.156862745098039);
#253=FILL_AREA_STYLE_COLOUR($,#252);
#254=FILL_AREA_STYLE($,(#253));
#255=SURFACE_STYLE_FILL_AREA(#254);
#256=SURFACE_SIDE_STYLE('',(#255));
#257=SURFACE_STYLE_USAGE(.BOTH.,#256);
#258=PRESENTATION_STYLE_ASSIGNMENT((#257));
#259=STYLED_ITEM('',(#258),#251);
#260=ADVANCED_FACE('',(#870),#872,.T.);
#261=COLOUR_RGB($,0.156862745098039,0.156862745098039,0.156862745098039);
#262=FILL_AREA_STYLE_COLOUR($,#261);
#263=FILL_AREA_STYLE($,(#262));
#264=SURFACE_STYLE_FILL_AREA(#263);
#265=SURFACE_SIDE_STYLE('',(#264));
#266=SURFACE_STYLE_USAGE(.BOTH.,#265);
#267=PRESENTATION_STYLE_ASSIGNMENT((#266));
#268=STYLED_ITEM('',(#267),#260);
#269=ADVANCED_FACE('',(#877),#879,.F.);
#270=COLOUR_RGB($,0.156862745098039,0.156862745098039,0.156862745098039);
#271=FILL_AREA_STYLE_COLOUR($,#270);
#272=FILL_AREA_STYLE($,(#271));
#273=SURFACE_STYLE_FILL_AREA(#272);
#274=SURFACE_SIDE_STYLE('',(#273));
#275=SURFACE_STYLE_USAGE(.BOTH.,#274);
#276=PRESENTATION_STYLE_ASSIGNMENT((#275));
#277=STYLED_ITEM('',(#276),#269);
#278=ADVANCED_FACE('',(#884),#886,.F.);
#279=COLOUR_RGB($,0.156862745098039,0.156862745098039,0.156862745098039);
#280=FILL_AREA_STYLE_COLOUR($,#279);
#281=FILL_AREA_STYLE($,(#280));
#282=SURFACE_STYLE_FILL_AREA(#281);
#283=SURFACE_SIDE_STYLE('',(#282));
#284=SURFACE_STYLE_USAGE(.BOTH.,#283);
#285=PRESENTATION_STYLE_ASSIGNMENT((#284));
#286=STYLED_ITEM('',(#285),#278);
#287=ADVANCED_FACE('',(#891,#893,#895,#897,#899,#901,#903,#905,#907),#909,.F.);
#288=COLOUR_RGB($,0.156862745098039,0.156862745098039,0.156862745098039);
#289=FILL_AREA_STYLE_COLOUR($,#288);
#290=FILL_AREA_STYLE($,(#289));
#291=SURFACE_STYLE_FILL_AREA(#290);
#292=SURFACE_SIDE_STYLE('',(#291));
#293=SURFACE_STYLE_USAGE(.BOTH.,#292);
#294=PRESENTATION_STYLE_ASSIGNMENT((#293));
#295=STYLED_ITEM('',(#294),#287);
#296=ADVANCED_FACE('',(#914,#916,#918,#920,#922,#924,#926,#928,#930),#932,.T.);
#297=COLOUR_RGB($,0.156862745098039,0.156862745098039,0.156862745098039);
#298=FILL_AREA_STYLE_COLOUR($,#297);
#299=FILL_AREA_STYLE($,(#298));
#300=SURFACE_STYLE_FILL_AREA(#299);
#301=SURFACE_SIDE_STYLE('',(#300));
#302=SURFACE_STYLE_USAGE(.BOTH.,#301);
#303=PRESENTATION_STYLE_ASSIGNMENT((#302));
#304=STYLED_ITEM('',(#303),#296);
#305=ADVANCED_FACE('',(#937),#939,.F.);
#306=COLOUR_RGB($,0.156862745098039,0.156862745098039,0.156862745098039);
#307=FILL_AREA_STYLE_COLOUR($,#306);
#308=FILL_AREA_STYLE($,(#307));
#309=SURFACE_STYLE_FILL_AREA(#308);
#310=SURFACE_SIDE_STYLE('',(#309));
#311=SURFACE_STYLE_USAGE(.BOTH.,#310);
#312=PRESENTATION_STYLE_ASSIGNMENT((#311));
#313=STYLED_ITEM('',(#312),#305);
#314=ADVANCED_FACE('',(#944),#946,.F.);
#315=COLOUR_RGB($,0.156862745098039,0.156862745098039,0.156862745098039);
#316=FILL_AREA_STYLE_COLOUR($,#315);
#317=FILL_AREA_STYLE($,(#316));
#318=SURFACE_STYLE_FILL_AREA(#317);
#319=SURFACE_SIDE_STYLE('',(#318));
#320=SURFACE_STYLE_USAGE(.BOTH.,#319);
#321=PRESENTATION_STYLE_ASSIGNMENT((#320));
#322=STYLED_ITEM('',(#321),#314);
#323=ADVANCED_FACE('',(#951),#953,.F.);
#324=COLOUR_RGB($,0.156862745098039,0.156862745098039,0.156862745098039);
#325=FILL_AREA_STYLE_COLOUR($,#324);
#326=FILL_AREA_STYLE($,(#325));
#327=SURFACE_STYLE_FILL_AREA(#326);
#328=SURFACE_SIDE_STYLE('',(#327));
#329=SURFACE_STYLE_USAGE(.BOTH.,#328);
#330=PRESENTATION_STYLE_ASSIGNMENT((#329));
#331=STYLED_ITEM('',(#330),#323);
#332=ADVANCED_FACE('',(#958),#960,.F.);
#333=COLOUR_RGB($,0.156862745098039,0.156862745098039,0.156862745098039);
#334=FILL_AREA_STYLE_COLOUR($,#333);
#335=FILL_AREA_STYLE($,(#334));
#336=SURFACE_STYLE_FILL_AREA(#335);
#337=SURFACE_SIDE_STYLE('',(#336));
#338=SURFACE_STYLE_USAGE(.BOTH.,#337);
#339=PRESENTATION_STYLE_ASSIGNMENT((#338));
#340=STYLED_ITEM('',(#339),#332);
#341=ADVANCED_FACE('',(#965),#967,.F.);
#342=COLOUR_RGB($,0.156862745098039,0.156862745098039,0.156862745098039);
#343=FILL_AREA_STYLE_COLOUR($,#342);
#344=FILL_AREA_STYLE($,(#343));
#345=SURFACE_STYLE_FILL_AREA(#344);
#346=SURFACE_SIDE_STYLE('',(#345));
#347=SURFACE_STYLE_USAGE(.BOTH.,#346);
#348=PRESENTATION_STYLE_ASSIGNMENT((#347));
#349=STYLED_ITEM('',(#348),#341);
#350=ADVANCED_FACE('',(#972),#974,.F.);
#351=COLOUR_RGB($,0.156862745098039,0.156862745098039,0.156862745098039);
#352=FILL_AREA_STYLE_COLOUR($,#351);
#353=FILL_AREA_STYLE($,(#352));
#354=SURFACE_STYLE_FILL_AREA(#353);
#355=SURFACE_SIDE_STYLE('',(#354));
#356=SURFACE_STYLE_USAGE(.BOTH.,#355);
#357=PRESENTATION_STYLE_ASSIGNMENT((#356));
#358=STYLED_ITEM('',(#357),#350);
#359=ADVANCED_FACE('',(#979),#981,.F.);
#360=COLOUR_RGB($,0.156862745098039,0.156862745098039,0.156862745098039);
#361=FILL_AREA_STYLE_COLOUR($,#360);
#362=FILL_AREA_STYLE($,(#361));
#363=SURFACE_STYLE_FILL_AREA(#362);
#364=SURFACE_SIDE_STYLE('',(#363));
#365=SURFACE_STYLE_USAGE(.BOTH.,#364);
#366=PRESENTATION_STYLE_ASSIGNMENT((#365));
#367=STYLED_ITEM('',(#366),#359);
#368=ADVANCED_FACE('',(#986),#988,.T.);
#369=COLOUR_RGB($,0.156862745098039,0.156862745098039,0.156862745098039);
#370=FILL_AREA_STYLE_COLOUR($,#369);
#371=FILL_AREA_STYLE($,(#370));
#372=SURFACE_STYLE_FILL_AREA(#371);
#373=SURFACE_SIDE_STYLE('',(#372));
#374=SURFACE_STYLE_USAGE(.BOTH.,#373);
#375=PRESENTATION_STYLE_ASSIGNMENT((#374));
#376=STYLED_ITEM('',(#375),#368);
#377=ADVANCED_FACE('',(#993),#995,.F.);
#378=COLOUR_RGB($,0.156862745098039,0.156862745098039,0.156862745098039);
#379=FILL_AREA_STYLE_COLOUR($,#378);
#380=FILL_AREA_STYLE($,(#379));
#381=SURFACE_STYLE_FILL_AREA(#380);
#382=SURFACE_SIDE_STYLE('',(#381));
#383=SURFACE_STYLE_USAGE(.BOTH.,#382);
#384=PRESENTATION_STYLE_ASSIGNMENT((#383));
#385=STYLED_ITEM('',(#384),#377);
#386=ADVANCED_FACE('',(#1000),#1002,.F.);
#387=COLOUR_RGB($,0.156862745098039,0.156862745098039,0.156862745098039);
#388=FILL_AREA_STYLE_COLOUR($,#387);
#389=FILL_AREA_STYLE($,(#388));
#390=SURFACE_STYLE_FILL_AREA(#389);
#391=SURFACE_SIDE_STYLE('',(#390));
#392=SURFACE_STYLE_USAGE(.BOTH.,#391);
#393=PRESENTATION_STYLE_ASSIGNMENT((#392));
#394=STYLED_ITEM('',(#393),#386);
#395=ADVANCED_FACE('',(#1007),#1009,.F.);
#396=COLOUR_RGB($,0.156862745098039,0.156862745098039,0.156862745098039);
#397=FILL_AREA_STYLE_COLOUR($,#396);
#398=FILL_AREA_STYLE($,(#397));
#399=SURFACE_STYLE_FILL_AREA(#398);
#400=SURFACE_SIDE_STYLE('',(#399));
#401=SURFACE_STYLE_USAGE(.BOTH.,#400);
#402=PRESENTATION_STYLE_ASSIGNMENT((#401));
#403=STYLED_ITEM('',(#402),#395);
#404=ADVANCED_FACE('',(#1014),#1016,.T.);
#405=COLOUR_RGB($,0.156862745098039,0.156862745098039,0.156862745098039);
#406=FILL_AREA_STYLE_COLOUR($,#405);
#407=FILL_AREA_STYLE($,(#406));
#408=SURFACE_STYLE_FILL_AREA(#407);
#409=SURFACE_SIDE_STYLE('',(#408));
#410=SURFACE_STYLE_USAGE(.BOTH.,#409);
#411=PRESENTATION_STYLE_ASSIGNMENT((#410));
#412=STYLED_ITEM('',(#411),#404);
#413=ADVANCED_FACE('',(#1021),#1023,.T.);
#414=COLOUR_RGB($,0.156862745098039,0.156862745098039,0.156862745098039);
#415=FILL_AREA_STYLE_COLOUR($,#414);
#416=FILL_AREA_STYLE($,(#415));
#417=SURFACE_STYLE_FILL_AREA(#416);
#418=SURFACE_SIDE_STYLE('',(#417));
#419=SURFACE_STYLE_USAGE(.BOTH.,#418);
#420=PRESENTATION_STYLE_ASSIGNMENT((#419));
#421=STYLED_ITEM('',(#420),#413);
#422=ADVANCED_FACE('',(#1028),#1030,.T.);
#423=COLOUR_RGB($,0.156862745098039,0.156862745098039,0.156862745098039);
#424=FILL_AREA_STYLE_COLOUR($,#423);
#425=FILL_AREA_STYLE($,(#424));
#426=SURFACE_STYLE_FILL_AREA(#425);
#427=SURFACE_SIDE_STYLE('',(#426));
#428=SURFACE_STYLE_USAGE(.BOTH.,#427);
#429=PRESENTATION_STYLE_ASSIGNMENT((#428));
#430=STYLED_ITEM('',(#429),#422);
#431=ADVANCED_FACE('',(#1035),#1037,.T.);
#432=COLOUR_RGB($,0.156862745098039,0.156862745098039,0.156862745098039);
#433=FILL_AREA_STYLE_COLOUR($,#432);
#434=FILL_AREA_STYLE($,(#433));
#435=SURFACE_STYLE_FILL_AREA(#434);
#436=SURFACE_SIDE_STYLE('',(#435));
#437=SURFACE_STYLE_USAGE(.BOTH.,#436);
#438=PRESENTATION_STYLE_ASSIGNMENT((#437));
#439=STYLED_ITEM('',(#438),#431);
#440=ADVANCED_FACE('',(#1042),#1044,.T.);
#441=COLOUR_RGB($,0.156862745098039,0.156862745098039,0.156862745098039);
#442=FILL_AREA_STYLE_COLOUR($,#441);
#443=FILL_AREA_STYLE($,(#442));
#444=SURFACE_STYLE_FILL_AREA(#443);
#445=SURFACE_SIDE_STYLE('',(#444));
#446=SURFACE_STYLE_USAGE(.BOTH.,#445);
#447=PRESENTATION_STYLE_ASSIGNMENT((#446));
#448=STYLED_ITEM('',(#447),#440);
#449=ADVANCED_FACE('',(#1049),#1051,.T.);
#450=COLOUR_RGB($,0.156862745098039,0.156862745098039,0.156862745098039);
#451=FILL_AREA_STYLE_COLOUR($,#450);
#452=FILL_AREA_STYLE($,(#451));
#453=SURFACE_STYLE_FILL_AREA(#452);
#454=SURFACE_SIDE_STYLE('',(#453));
#455=SURFACE_STYLE_USAGE(.BOTH.,#454);
#456=PRESENTATION_STYLE_ASSIGNMENT((#455));
#457=STYLED_ITEM('',(#456),#449);
#458=ADVANCED_FACE('',(#1056),#1058,.T.);
#459=COLOUR_RGB($,0.156862745098039,0.156862745098039,0.156862745098039);
#460=FILL_AREA_STYLE_COLOUR($,#459);
#461=FILL_AREA_STYLE($,(#460));
#462=SURFACE_STYLE_FILL_AREA(#461);
#463=SURFACE_SIDE_STYLE('',(#462));
#464=SURFACE_STYLE_USAGE(.BOTH.,#463);
#465=PRESENTATION_STYLE_ASSIGNMENT((#464));
#466=STYLED_ITEM('',(#465),#458);
#467=ADVANCED_FACE('',(#1063),#1065,.T.);
#468=COLOUR_RGB($,0.156862745098039,0.156862745098039,0.156862745098039);
#469=FILL_AREA_STYLE_COLOUR($,#468);
#470=FILL_AREA_STYLE($,(#469));
#471=SURFACE_STYLE_FILL_AREA(#470);
#472=SURFACE_SIDE_STYLE('',(#471));
#473=SURFACE_STYLE_USAGE(.BOTH.,#472);
#474=PRESENTATION_STYLE_ASSIGNMENT((#473));
#475=STYLED_ITEM('',(#474),#467);
#476=ADVANCED_FACE('',(#1070),#1072,.F.);
#477=COLOUR_RGB($,0.156862745098039,0.156862745098039,0.156862745098039);
#478=FILL_AREA_STYLE_COLOUR($,#477);
#479=FILL_AREA_STYLE($,(#478));
#480=SURFACE_STYLE_FILL_AREA(#479);
#481=SURFACE_SIDE_STYLE('',(#480));
#482=SURFACE_STYLE_USAGE(.BOTH.,#481);
#483=PRESENTATION_STYLE_ASSIGNMENT((#482));
#484=STYLED_ITEM('',(#483),#476);
#485=ADVANCED_FACE('',(#1077),#1079,.F.);
#486=COLOUR_RGB($,0.156862745098039,0.156862745098039,0.156862745098039);
#487=FILL_AREA_STYLE_COLOUR($,#486);
#488=FILL_AREA_STYLE($,(#487));
#489=SURFACE_STYLE_FILL_AREA(#488);
#490=SURFACE_SIDE_STYLE('',(#489));
#491=SURFACE_STYLE_USAGE(.BOTH.,#490);
#492=PRESENTATION_STYLE_ASSIGNMENT((#491));
#493=STYLED_ITEM('',(#492),#485);
#494=ADVANCED_FACE('',(#1084),#1086,.F.);
#495=COLOUR_RGB($,0.156862745098039,0.156862745098039,0.156862745098039);
#496=FILL_AREA_STYLE_COLOUR($,#495);
#497=FILL_AREA_STYLE($,(#496));
#498=SURFACE_STYLE_FILL_AREA(#497);
#499=SURFACE_SIDE_STYLE('',(#498));
#500=SURFACE_STYLE_USAGE(.BOTH.,#499);
#501=PRESENTATION_STYLE_ASSIGNMENT((#500));
#502=STYLED_ITEM('',(#501),#494);
#503=ADVANCED_FACE('',(#1091),#1093,.T.);
#504=COLOUR_RGB($,0.156862745098039,0.156862745098039,0.156862745098039);
#505=FILL_AREA_STYLE_COLOUR($,#504);
#506=FILL_AREA_STYLE($,(#505));
#507=SURFACE_STYLE_FILL_AREA(#506);
#508=SURFACE_SIDE_STYLE('',(#507));
#509=SURFACE_STYLE_USAGE(.BOTH.,#508);
#510=PRESENTATION_STYLE_ASSIGNMENT((#509));
#511=STYLED_ITEM('',(#510),#503);
#512=ADVANCED_FACE('',(#1098),#1100,.F.);
#513=COLOUR_RGB($,0.156862745098039,0.156862745098039,0.156862745098039);
#514=FILL_AREA_STYLE_COLOUR($,#513);
#515=FILL_AREA_STYLE($,(#514));
#516=SURFACE_STYLE_FILL_AREA(#515);
#517=SURFACE_SIDE_STYLE('',(#516));
#518=SURFACE_STYLE_USAGE(.BOTH.,#517);
#519=PRESENTATION_STYLE_ASSIGNMENT((#518));
#520=STYLED_ITEM('',(#519),#512);
#521=ADVANCED_FACE('',(#1105),#1107,.F.);
#522=COLOUR_RGB($,0.156862745098039,0.156862745098039,0.156862745098039);
#523=FILL_AREA_STYLE_COLOUR($,#522);
#524=FILL_AREA_STYLE($,(#523));
#525=SURFACE_STYLE_FILL_AREA(#524);
#526=SURFACE_SIDE_STYLE('',(#525));
#527=SURFACE_STYLE_USAGE(.BOTH.,#526);
#528=PRESENTATION_STYLE_ASSIGNMENT((#527));
#529=STYLED_ITEM('',(#528),#521);
#530=ADVANCED_FACE('',(#1112),#1114,.F.);
#531=COLOUR_RGB($,0.156862745098039,0.156862745098039,0.156862745098039);
#532=FILL_AREA_STYLE_COLOUR($,#531);
#533=FILL_AREA_STYLE($,(#532));
#534=SURFACE_STYLE_FILL_AREA(#533);
#535=SURFACE_SIDE_STYLE('',(#534));
#536=SURFACE_STYLE_USAGE(.BOTH.,#535);
#537=PRESENTATION_STYLE_ASSIGNMENT((#536));
#538=STYLED_ITEM('',(#537),#530);
#539=ADVANCED_FACE('',(#1119),#1121,.T.);
#540=COLOUR_RGB($,0.156862745098039,0.156862745098039,0.156862745098039);
#541=FILL_AREA_STYLE_COLOUR($,#540);
#542=FILL_AREA_STYLE($,(#541));
#543=SURFACE_STYLE_FILL_AREA(#542);
#544=SURFACE_SIDE_STYLE('',(#543));
#545=SURFACE_STYLE_USAGE(.BOTH.,#544);
#546=PRESENTATION_STYLE_ASSIGNMENT((#545));
#547=STYLED_ITEM('',(#546),#539);
#548=ADVANCED_FACE('',(#1126),#1128,.T.);
#549=COLOUR_RGB($,0.156862745098039,0.156862745098039,0.156862745098039);
#550=FILL_AREA_STYLE_COLOUR($,#549);
#551=FILL_AREA_STYLE($,(#550));
#552=SURFACE_STYLE_FILL_AREA(#551);
#553=SURFACE_SIDE_STYLE('',(#552));
#554=SURFACE_STYLE_USAGE(.BOTH.,#553);
#555=PRESENTATION_STYLE_ASSIGNMENT((#554));
#556=STYLED_ITEM('',(#555),#548);
#557=ADVANCED_FACE('',(#1133),#1135,.T.);
#558=COLOUR_RGB($,0.156862745098039,0.156862745098039,0.156862745098039);
#559=FILL_AREA_STYLE_COLOUR($,#558);
#560=FILL_AREA_STYLE($,(#559));
#561=SURFACE_STYLE_FILL_AREA(#560);
#562=SURFACE_SIDE_STYLE('',(#561));
#563=SURFACE_STYLE_USAGE(.BOTH.,#562);
#564=PRESENTATION_STYLE_ASSIGNMENT((#563));
#565=STYLED_ITEM('',(#564),#557);
#566=ADVANCED_FACE('',(#1140),#1142,.T.);
#567=COLOUR_RGB($,0.156862745098039,0.156862745098039,0.156862745098039);
#568=FILL_AREA_STYLE_COLOUR($,#567);
#569=FILL_AREA_STYLE($,(#568));
#570=SURFACE_STYLE_FILL_AREA(#569);
#571=SURFACE_SIDE_STYLE('',(#570));
#572=SURFACE_STYLE_USAGE(.BOTH.,#571);
#573=PRESENTATION_STYLE_ASSIGNMENT((#572));
#574=STYLED_ITEM('',(#573),#566);
#575=ADVANCED_FACE('',(#1147),#1149,.T.);
#576=COLOUR_RGB($,0.156862745098039,0.156862745098039,0.156862745098039);
#577=FILL_AREA_STYLE_COLOUR($,#576);
#578=FILL_AREA_STYLE($,(#577));
#579=SURFACE_STYLE_FILL_AREA(#578);
#580=SURFACE_SIDE_STYLE('',(#579));
#581=SURFACE_STYLE_USAGE(.BOTH.,#580);
#582=PRESENTATION_STYLE_ASSIGNMENT((#581));
#583=STYLED_ITEM('',(#582),#575);
#584=ADVANCED_FACE('',(#1154),#1156,.T.);
#585=COLOUR_RGB($,0.156862745098039,0.156862745098039,0.156862745098039);
#586=FILL_AREA_STYLE_COLOUR($,#585);
#587=FILL_AREA_STYLE($,(#586));
#588=SURFACE_STYLE_FILL_AREA(#587);
#589=SURFACE_SIDE_STYLE('',(#588));
#590=SURFACE_STYLE_USAGE(.BOTH.,#589);
#591=PRESENTATION_STYLE_ASSIGNMENT((#590));
#592=STYLED_ITEM('',(#591),#584);
#593=ADVANCED_FACE('',(#1161,#1163),#1165,.F.);
#594=COLOUR_RGB($,0.156862745098039,0.156862745098039,0.156862745098039);
#595=FILL_AREA_STYLE_COLOUR($,#594);
#596=FILL_AREA_STYLE($,(#595));
#597=SURFACE_STYLE_FILL_AREA(#596);
#598=SURFACE_SIDE_STYLE('',(#597));
#599=SURFACE_STYLE_USAGE(.BOTH.,#598);
#600=PRESENTATION_STYLE_ASSIGNMENT((#599));
#601=STYLED_ITEM('',(#600),#593);
#602=ADVANCED_FACE('',(#1170,#1172),#1174,.F.);
#603=COLOUR_RGB($,0.156862745098039,0.156862745098039,0.156862745098039);
#604=FILL_AREA_STYLE_COLOUR($,#603);
#605=FILL_AREA_STYLE($,(#604));
#606=SURFACE_STYLE_FILL_AREA(#605);
#607=SURFACE_SIDE_STYLE('',(#606));
#608=SURFACE_STYLE_USAGE(.BOTH.,#607);
#609=PRESENTATION_STYLE_ASSIGNMENT((#608));
#610=STYLED_ITEM('',(#609),#602);
#611=ADVANCED_FACE('',(#1179,#1181),#1183,.F.);
#612=COLOUR_RGB($,0.156862745098039,0.156862745098039,0.156862745098039);
#613=FILL_AREA_STYLE_COLOUR($,#612);
#614=FILL_AREA_STYLE($,(#613));
#615=SURFACE_STYLE_FILL_AREA(#614);
#616=SURFACE_SIDE_STYLE('',(#615));
#617=SURFACE_STYLE_USAGE(.BOTH.,#616);
#618=PRESENTATION_STYLE_ASSIGNMENT((#617));
#619=STYLED_ITEM('',(#618),#611);
#620=ADVANCED_FACE('',(#1188,#1190),#1192,.F.);
#621=COLOUR_RGB($,0.156862745098039,0.156862745098039,0.156862745098039);
#622=FILL_AREA_STYLE_COLOUR($,#621);
#623=FILL_AREA_STYLE($,(#622));
#624=SURFACE_STYLE_FILL_AREA(#623);
#625=SURFACE_SIDE_STYLE('',(#624));
#626=SURFACE_STYLE_USAGE(.BOTH.,#625);
#627=PRESENTATION_STYLE_ASSIGNMENT((#626));
#628=STYLED_ITEM('',(#627),#620);
#629=ADVANCED_FACE('',(#1197,#1199),#1201,.F.);
#630=COLOUR_RGB($,0.156862745098039,0.156862745098039,0.156862745098039);
#631=FILL_AREA_STYLE_COLOUR($,#630);
#632=FILL_AREA_STYLE($,(#631));
#633=SURFACE_STYLE_FILL_AREA(#632);
#634=SURFACE_SIDE_STYLE('',(#633));
#635=SURFACE_STYLE_USAGE(.BOTH.,#634);
#636=PRESENTATION_STYLE_ASSIGNMENT((#635));
#637=STYLED_ITEM('',(#636),#629);
#638=ADVANCED_FACE('',(#1206,#1208),#1210,.F.);
#639=COLOUR_RGB($,0.156862745098039,0.156862745098039,0.156862745098039);
#640=FILL_AREA_STYLE_COLOUR($,#639);
#641=FILL_AREA_STYLE($,(#640));
#642=SURFACE_STYLE_FILL_AREA(#641);
#643=SURFACE_SIDE_STYLE('',(#642));
#644=SURFACE_STYLE_USAGE(.BOTH.,#643);
#645=PRESENTATION_STYLE_ASSIGNMENT((#644));
#646=STYLED_ITEM('',(#645),#638);
#647=ADVANCED_FACE('',(#1215),#1217,.F.);
#648=COLOUR_RGB($,0.156862745098039,0.156862745098039,0.156862745098039);
#649=FILL_AREA_STYLE_COLOUR($,#648);
#650=FILL_AREA_STYLE($,(#649));
#651=SURFACE_STYLE_FILL_AREA(#650);
#652=SURFACE_SIDE_STYLE('',(#651));
#653=SURFACE_STYLE_USAGE(.BOTH.,#652);
#654=PRESENTATION_STYLE_ASSIGNMENT((#653));
#655=STYLED_ITEM('',(#654),#647);
#656=ADVANCED_FACE('',(#1222),#1224,.F.);
#657=COLOUR_RGB($,0.156862745098039,0.156862745098039,0.156862745098039);
#658=FILL_AREA_STYLE_COLOUR($,#657);
#659=FILL_AREA_STYLE($,(#658));
#660=SURFACE_STYLE_FILL_AREA(#659);
#661=SURFACE_SIDE_STYLE('',(#660));
#662=SURFACE_STYLE_USAGE(.BOTH.,#661);
#663=PRESENTATION_STYLE_ASSIGNMENT((#662));
#664=STYLED_ITEM('',(#663),#656);
#665=ADVANCED_FACE('',(#1229),#1231,.F.);
#666=COLOUR_RGB($,0.156862745098039,0.156862745098039,0.156862745098039);
#667=FILL_AREA_STYLE_COLOUR($,#666);
#668=FILL_AREA_STYLE($,(#667));
#669=SURFACE_STYLE_FILL_AREA(#668);
#670=SURFACE_SIDE_STYLE('',(#669));
#671=SURFACE_STYLE_USAGE(.BOTH.,#670);
#672=PRESENTATION_STYLE_ASSIGNMENT((#671));
#673=STYLED_ITEM('',(#672),#665);
#674=ADVANCED_FACE('',(#1236),#1238,.F.);
#675=COLOUR_RGB($,0.156862745098039,0.156862745098039,0.156862745098039);
#676=FILL_AREA_STYLE_COLOUR($,#675);
#677=FILL_AREA_STYLE($,(#676));
#678=SURFACE_STYLE_FILL_AREA(#677);
#679=SURFACE_SIDE_STYLE('',(#678));
#680=SURFACE_STYLE_USAGE(.BOTH.,#679);
#681=PRESENTATION_STYLE_ASSIGNMENT((#680));
#682=STYLED_ITEM('',(#681),#674);
#683=ADVANCED_FACE('',(#1243),#1245,.F.);
#684=COLOUR_RGB($,0.156862745098039,0.156862745098039,0.156862745098039);
#685=FILL_AREA_STYLE_COLOUR($,#684);
#686=FILL_AREA_STYLE($,(#685));
#687=SURFACE_STYLE_FILL_AREA(#686);
#688=SURFACE_SIDE_STYLE('',(#687));
#689=SURFACE_STYLE_USAGE(.BOTH.,#688);
#690=PRESENTATION_STYLE_ASSIGNMENT((#689));
#691=STYLED_ITEM('',(#690),#683);
#692=ADVANCED_FACE('',(#1250),#1252,.F.);
#693=COLOUR_RGB($,0.156862745098039,0.156862745098039,0.156862745098039);
#694=FILL_AREA_STYLE_COLOUR($,#693);
#695=FILL_AREA_STYLE($,(#694));
#696=SURFACE_STYLE_FILL_AREA(#695);
#697=SURFACE_SIDE_STYLE('',(#696));
#698=SURFACE_STYLE_USAGE(.BOTH.,#697);
#699=PRESENTATION_STYLE_ASSIGNMENT((#698));
#700=STYLED_ITEM('',(#699),#692);
#701=ADVANCED_FACE('',(#1257),#1259,.T.);
#702=COLOUR_RGB($,0.827450980392157,0.831372549019608,0.835294117647059);
#703=FILL_AREA_STYLE_COLOUR($,#702);
#704=FILL_AREA_STYLE($,(#703));
#705=SURFACE_STYLE_FILL_AREA(#704);
#706=SURFACE_SIDE_STYLE('',(#705));
#707=SURFACE_STYLE_USAGE(.BOTH.,#706);
#708=PRESENTATION_STYLE_ASSIGNMENT((#707));
#709=STYLED_ITEM('',(#708),#701);
#710=ADVANCED_FACE('',(#1264,#1266),#1268,.T.);
#711=COLOUR_RGB($,0.827450980392157,0.831372549019608,0.835294117647059);
#712=FILL_AREA_STYLE_COLOUR($,#711);
#713=FILL_AREA_STYLE($,(#712));
#714=SURFACE_STYLE_FILL_AREA(#713);
#715=SURFACE_SIDE_STYLE('',(#714));
#716=SURFACE_STYLE_USAGE(.BOTH.,#715);
#717=PRESENTATION_STYLE_ASSIGNMENT((#716));
#718=STYLED_ITEM('',(#717),#710);
#719=ADVANCED_FACE('',(#1273,#1275),#1277,.T.);
#720=COLOUR_RGB($,0.827450980392157,0.831372549019608,0.835294117647059);
#721=FILL_AREA_STYLE_COLOUR($,#720);
#722=FILL_AREA_STYLE($,(#721));
#723=SURFACE_STYLE_FILL_AREA(#722);
#724=SURFACE_SIDE_STYLE('',(#723));
#725=SURFACE_STYLE_USAGE(.BOTH.,#724);
#726=PRESENTATION_STYLE_ASSIGNMENT((#725));
#727=STYLED_ITEM('',(#726),#719);
#728=ADVANCED_FACE('',(#1282,#1284),#1286,.T.);
#729=COLOUR_RGB($,0.827450980392157,0.831372549019608,0.835294117647059);
#730=FILL_AREA_STYLE_COLOUR($,#729);
#731=FILL_AREA_STYLE($,(#730));
#732=SURFACE_STYLE_FILL_AREA(#731);
#733=SURFACE_SIDE_STYLE('',(#732));
#734=SURFACE_STYLE_USAGE(.BOTH.,#733);
#735=PRESENTATION_STYLE_ASSIGNMENT((#734));
#736=STYLED_ITEM('',(#735),#728);
#737=ADVANCED_FACE('',(#1291,#1293),#1295,.T.);
#738=COLOUR_RGB($,0.827450980392157,0.831372549019608,0.835294117647059);
#739=FILL_AREA_STYLE_COLOUR($,#738);
#740=FILL_AREA_STYLE($,(#739));
#741=SURFACE_STYLE_FILL_AREA(#740);
#742=SURFACE_SIDE_STYLE('',(#741));
#743=SURFACE_STYLE_USAGE(.BOTH.,#742);
#744=PRESENTATION_STYLE_ASSIGNMENT((#743));
#745=STYLED_ITEM('',(#744),#737);
#746=ADVANCED_FACE('',(#1300,#1302),#1304,.T.);
#747=COLOUR_RGB($,0.827450980392157,0.831372549019608,0.835294117647059);
#748=FILL_AREA_STYLE_COLOUR($,#747);
#749=FILL_AREA_STYLE($,(#748));
#750=SURFACE_STYLE_FILL_AREA(#749);
#751=SURFACE_SIDE_STYLE('',(#750));
#752=SURFACE_STYLE_USAGE(.BOTH.,#751);
#753=PRESENTATION_STYLE_ASSIGNMENT((#752));
#754=STYLED_ITEM('',(#753),#746);
#755=ADVANCED_FACE('',(#1309,#1311),#1313,.T.);
#756=COLOUR_RGB($,0.827450980392157,0.831372549019608,0.835294117647059);
#757=FILL_AREA_STYLE_COLOUR($,#756);
#758=FILL_AREA_STYLE($,(#757));
#759=SURFACE_STYLE_FILL_AREA(#758);
#760=SURFACE_SIDE_STYLE('',(#759));
#761=SURFACE_STYLE_USAGE(.BOTH.,#760);
#762=PRESENTATION_STYLE_ASSIGNMENT((#761));
#763=STYLED_ITEM('',(#762),#755);
#764=ADVANCED_FACE('',(#1318,#1320),#1322,.T.);
#765=COLOUR_RGB($,0.827450980392157,0.831372549019608,0.835294117647059);
#766=FILL_AREA_STYLE_COLOUR($,#765);
#767=FILL_AREA_STYLE($,(#766));
#768=SURFACE_STYLE_FILL_AREA(#767);
#769=SURFACE_SIDE_STYLE('',(#768));
#770=SURFACE_STYLE_USAGE(.BOTH.,#769);
#771=PRESENTATION_STYLE_ASSIGNMENT((#770));
#772=STYLED_ITEM('',(#771),#764);
#773=ADVANCED_FACE('',(#1327,#1329),#1331,.T.);
#774=COLOUR_RGB($,0.827450980392157,0.831372549019608,0.835294117647059);
#775=FILL_AREA_STYLE_COLOUR($,#774);
#776=FILL_AREA_STYLE($,(#775));
#777=SURFACE_STYLE_FILL_AREA(#776);
#778=SURFACE_SIDE_STYLE('',(#777));
#779=SURFACE_STYLE_USAGE(.BOTH.,#778);
#780=PRESENTATION_STYLE_ASSIGNMENT((#779));
#781=STYLED_ITEM('',(#780),#773);
#782=ADVANCED_FACE('',(#1336,#1338),#1340,.T.);
#783=COLOUR_RGB($,0.827450980392157,0.831372549019608,0.835294117647059);
#784=FILL_AREA_STYLE_COLOUR($,#783);
#785=FILL_AREA_STYLE($,(#784));
#786=SURFACE_STYLE_FILL_AREA(#785);
#787=SURFACE_SIDE_STYLE('',(#786));
#788=SURFACE_STYLE_USAGE(.BOTH.,#787);
#789=PRESENTATION_STYLE_ASSIGNMENT((#788));
#790=STYLED_ITEM('',(#789),#782);
#791=ADVANCED_FACE('',(#1345,#1347),#1349,.T.);
#792=COLOUR_RGB($,0.827450980392157,0.831372549019608,0.835294117647059);
#793=FILL_AREA_STYLE_COLOUR($,#792);
#794=FILL_AREA_STYLE($,(#793));
#795=SURFACE_STYLE_FILL_AREA(#794);
#796=SURFACE_SIDE_STYLE('',(#795));
#797=SURFACE_STYLE_USAGE(.BOTH.,#796);
#798=PRESENTATION_STYLE_ASSIGNMENT((#797));
#799=STYLED_ITEM('',(#798),#791);
#800=ADVANCED_FACE('',(#1354,#1356),#1358,.F.);
#801=COLOUR_RGB($,0.827450980392157,0.831372549019608,0.835294117647059);
#802=FILL_AREA_STYLE_COLOUR($,#801);
#803=FILL_AREA_STYLE($,(#802));
#804=SURFACE_STYLE_FILL_AREA(#803);
#805=SURFACE_SIDE_STYLE('',(#804));
#806=SURFACE_STYLE_USAGE(.BOTH.,#805);
#807=PRESENTATION_STYLE_ASSIGNMENT((#806));
#808=STYLED_ITEM('',(#807),#800);
#809=ADVANCED_FACE('',(#1363,#1365),#1367,.F.);
#810=COLOUR_RGB($,0.827450980392157,0.831372549019608,0.835294117647059);
#811=FILL_AREA_STYLE_COLOUR($,#810);
#812=FILL_AREA_STYLE($,(#811));
#813=SURFACE_STYLE_FILL_AREA(#812);
#814=SURFACE_SIDE_STYLE('',(#813));
#815=SURFACE_STYLE_USAGE(.BOTH.,#814);
#816=PRESENTATION_STYLE_ASSIGNMENT((#815));
#817=STYLED_ITEM('',(#816),#809);
#818=ADVANCED_FACE('',(#1372,#1374),#1376,.F.);
#819=COLOUR_RGB($,0.827450980392157,0.831372549019608,0.835294117647059);
#820=FILL_AREA_STYLE_COLOUR($,#819);
#821=FILL_AREA_STYLE($,(#820));
#822=SURFACE_STYLE_FILL_AREA(#821);
#823=SURFACE_SIDE_STYLE('',(#822));
#824=SURFACE_STYLE_USAGE(.BOTH.,#823);
#825=PRESENTATION_STYLE_ASSIGNMENT((#824));
#826=STYLED_ITEM('',(#825),#818);
#827=ADVANCED_FACE('',(#1381,#1383),#1385,.T.);
#828=COLOUR_RGB($,0.827450980392157,0.831372549019608,0.835294117647059);
#829=FILL_AREA_STYLE_COLOUR($,#828);
#830=FILL_AREA_STYLE($,(#829));
#831=SURFACE_STYLE_FILL_AREA(#830);
#832=SURFACE_SIDE_STYLE('',(#831));
#833=SURFACE_STYLE_USAGE(.BOTH.,#832);
#834=PRESENTATION_STYLE_ASSIGNMENT((#833));
#835=STYLED_ITEM('',(#834),#827);
#836=ADVANCED_FACE('',(#1390,#1392),#1394,.F.);
#837=COLOUR_RGB($,0.827450980392157,0.831372549019608,0.835294117647059);
#838=FILL_AREA_STYLE_COLOUR($,#837);
#839=FILL_AREA_STYLE($,(#838));
#840=SURFACE_STYLE_FILL_AREA(#839);
#841=SURFACE_SIDE_STYLE('',(#840));
#842=SURFACE_STYLE_USAGE(.BOTH.,#841);
#843=PRESENTATION_STYLE_ASSIGNMENT((#842));
#844=STYLED_ITEM('',(#843),#836);
#845=ADVANCED_FACE('',(#1399,#1401),#1403,.F.);
#846=COLOUR_RGB($,0.827450980392157,0.831372549019608,0.835294117647059);
#847=FILL_AREA_STYLE_COLOUR($,#846);
#848=FILL_AREA_STYLE($,(#847));
#849=SURFACE_STYLE_FILL_AREA(#848);
#850=SURFACE_SIDE_STYLE('',(#849));
#851=SURFACE_STYLE_USAGE(.BOTH.,#850);
#852=PRESENTATION_STYLE_ASSIGNMENT((#851));
#853=STYLED_ITEM('',(#852),#845);
#854=ADVANCED_FACE('',(#1408),#1410,.T.);
#855=COLOUR_RGB($,0.827450980392157,0.831372549019608,0.835294117647059);
#856=FILL_AREA_STYLE_COLOUR($,#855);
#857=FILL_AREA_STYLE($,(#856));
#858=SURFACE_STYLE_FILL_AREA(#857);
#859=SURFACE_SIDE_STYLE('',(#858));
#860=SURFACE_STYLE_USAGE(.BOTH.,#859);
#861=PRESENTATION_STYLE_ASSIGNMENT((#860));
#862=STYLED_ITEM('',(#861),#854);
#863=FACE_BOUND('',#864,.T.);
#864=EDGE_LOOP('',(#1415,#1416,#1417,#1418));
#865=PLANE('',#866);
#866=AXIS2_PLACEMENT_3D('',#867,#868,#869);
#867=CARTESIAN_POINT('',(-1.2451077025535,-1.27,1.57));
#868=DIRECTION('',(0.,-1.,0.));
#869=DIRECTION('',(1.,0.,0.));
#870=FACE_BOUND('',#871,.T.);
#871=EDGE_LOOP('',(#1419,#1420,#1421,#1422));
#872=PLANE('',#873);
#873=AXIS2_PLACEMENT_3D('',#874,#875,#876);
#874=CARTESIAN_POINT('',(-1.2451077025535,-1.27,1.57));
#875=DIRECTION('',(0.,-1.,0.));
#876=DIRECTION('',(1.,0.,0.));
#877=FACE_BOUND('',#878,.T.);
#878=EDGE_LOOP('',(#1423,#1424,#1425,#1426));
#879=PLANE('',#880);
#880=AXIS2_PLACEMENT_3D('',#881,#882,#883);
#881=CARTESIAN_POINT('',(3.78281076638794,1.55267854785015,1.57));
#882=DIRECTION('',(-0.906307787039943,0.422618261733637,0.));
#883=DIRECTION('',(-0.422618261733637,-0.906307787039943,0.));
#884=FACE_BOUND('',#885,.T.);
#885=EDGE_LOOP('',(#1427,#1428,#1429,#1430));
#886=PLANE('',#887);
#887=AXIS2_PLACEMENT_3D('',#888,#889,#890);
#888=CARTESIAN_POINT('',(3.96900440526804,1.27,1.57));
#889=DIRECTION('',(0.906307787039943,0.422618261733638,-0.));
#890=DIRECTION('',(-0.422618261733638,0.906307787039943,0.));
#891=FACE_BOUND('',#892,.T.);
#892=EDGE_LOOP('',(#1431,#1432,#1433,#1434,#1435,#1436,#1437,#1438,#1439,#1440,#1441,
#1442,#1443,#1444,#1445,#1446,#1447,#1448,#1449,#1450,#1451,#1452,#1453,#1454,#1455,
#1456,#1457,#1458,#1459,#1460));
#893=FACE_BOUND('',#894,.T.);
#894=EDGE_LOOP('',(#1461,#1462,#1463,#1464,#1465,#1466));
#895=FACE_BOUND('',#896,.T.);
#896=EDGE_LOOP('',(#1467));
#897=FACE_BOUND('',#898,.T.);
#898=EDGE_LOOP('',(#1468));
#899=FACE_BOUND('',#900,.T.);
#900=EDGE_LOOP('',(#1469));
#901=FACE_BOUND('',#902,.T.);
#902=EDGE_LOOP('',(#1470));
#903=FACE_BOUND('',#904,.T.);
#904=EDGE_LOOP('',(#1471));
#905=FACE_BOUND('',#906,.T.);
#906=EDGE_LOOP('',(#1472));
#907=FACE_BOUND('',#908,.T.);
#908=EDGE_LOOP('',(#1473,#1474,#1475,#1476,#1477,#1478));
#909=PLANE('',#910);
#910=AXIS2_PLACEMENT_3D('',#911,#912,#913);
#911=CARTESIAN_POINT('',(0.,0.,1.57));
#912=DIRECTION('',(0.,0.,1.));
#913=DIRECTION('',(1.,0.,0.));
#914=FACE_BOUND('',#915,.T.);
#915=EDGE_LOOP('',(#1479,#1480,#1481,#1482,#1483,#1484,#1485,#1486,#1487,#1488,#1489,
#1490,#1491,#1492,#1493,#1494,#1495,#1496,#1497,#1498,#1499,#1500,#1501,#1502,#1503,
#1504,#1505,#1506,#1507,#1508));
#916=FACE_BOUND('',#917,.T.);
#917=EDGE_LOOP('',(#1509,#1510,#1511,#1512,#1513,#1514));
#918=FACE_BOUND('',#919,.T.);
#919=EDGE_LOOP('',(#1515));
#920=FACE_BOUND('',#921,.T.);
#921=EDGE_LOOP('',(#1516));
#922=FACE_BOUND('',#923,.T.);
#923=EDGE_LOOP('',(#1517));
#924=FACE_BOUND('',#925,.T.);
#925=EDGE_LOOP('',(#1518));
#926=FACE_BOUND('',#927,.T.);
#927=EDGE_LOOP('',(#1519));
#928=FACE_BOUND('',#929,.T.);
#929=EDGE_LOOP('',(#1520));
#930=FACE_BOUND('',#931,.T.);
#931=EDGE_LOOP('',(#1521,#1522,#1523,#1524,#1525,#1526));
#932=PLANE('',#933);
#933=AXIS2_PLACEMENT_3D('',#934,#935,#936);
#934=CARTESIAN_POINT('',(0.,0.,2.84));
#935=DIRECTION('',(0.,0.,1.));
#936=DIRECTION('',(1.,0.,0.));
#937=FACE_BOUND('',#938,.T.);
#938=EDGE_LOOP('',(#1527,#1528,#1529,#1530));
#939=PLANE('',#940);
#940=AXIS2_PLACEMENT_3D('',#941,#942,#943);
#941=CARTESIAN_POINT('',(3.96900440526804,-1.27,1.57));
#942=DIRECTION('',(0.906307787039943,0.422618261733638,-0.));
#943=DIRECTION('',(-0.422618261733638,0.906307787039943,0.));
#944=FACE_BOUND('',#945,.T.);
#945=EDGE_LOOP('',(#1531,#1532,#1533,#1534));
#946=PLANE('',#947);
#947=AXIS2_PLACEMENT_3D('',#948,#949,#950);
#948=CARTESIAN_POINT('',(3.78281076638794,-0.987321452149846,1.57));
#949=DIRECTION('',(-0.906307787039943,0.422618261733637,0.));
#950=DIRECTION('',(-0.422618261733637,-0.906307787039943,0.));
#951=FACE_BOUND('',#952,.T.);
#952=EDGE_LOOP('',(#1535,#1536,#1537,#1538));
#953=CYLINDRICAL_SURFACE('',#954,0.03);
#954=AXIS2_PLACEMENT_3D('',#955,#956,#957);
#955=CARTESIAN_POINT('',(3.81,-1.,1.57));
#956=DIRECTION('',(0.,0.,1.));
#957=DIRECTION('',(0.906307786970437,0.422618261882694,0.));
#958=FACE_BOUND('',#959,.T.);
#959=EDGE_LOOP('',(#1539,#1540,#1541,#1542));
#960=CYLINDRICAL_SURFACE('',#961,0.03);
#961=AXIS2_PLACEMENT_3D('',#962,#963,#964);
#962=CARTESIAN_POINT('',(3.81,1.,1.57));
#963=DIRECTION('',(0.,0.,1.));
#964=DIRECTION('',(-0.906307787035285,-0.422618261743626,0.));
#965=FACE_BOUND('',#966,.T.);
#966=EDGE_LOOP('',(#1543,#1544,#1545,#1546));
#967=PLANE('',#968);
#968=AXIS2_PLACEMENT_3D('',#969,#970,#971);
#969=CARTESIAN_POINT('',(3.65099559472815,1.27,1.57));
#970=DIRECTION('',(-0.906307787035266,-0.422618261743666,0.));
#971=DIRECTION('',(0.422618261743666,-0.906307787035267,0.));
#972=FACE_BOUND('',#973,.T.);
#973=EDGE_LOOP('',(#1547,#1548,#1549,#1550));
#974=PLANE('',#975);
#975=AXIS2_PLACEMENT_3D('',#976,#977,#978);
#976=CARTESIAN_POINT('',(3.83718923361106,0.987321452147693,1.57));
#977=DIRECTION('',(0.906307787035268,-0.422618261743663,0.));
#978=DIRECTION('',(0.422618261743663,0.906307787035268,0.));
#979=FACE_BOUND('',#980,.T.);
#980=EDGE_LOOP('',(#1551,#1552,#1553,#1554));
#981=PLANE('',#982);
#982=AXIS2_PLACEMENT_3D('',#983,#984,#985);
#983=CARTESIAN_POINT('',(1.42900440526804,-1.27,1.57));
#984=DIRECTION('',(0.906307787039943,0.422618261733638,-0.));
#985=DIRECTION('',(-0.422618261733638,0.906307787039943,0.));
#986=FACE_BOUND('',#987,.T.);
#987=EDGE_LOOP('',(#1555,#1556,#1557,#1558));
#988=PLANE('',#989);
#989=AXIS2_PLACEMENT_3D('',#990,#991,#992);
#990=CARTESIAN_POINT('',(6.3251077025535,-1.27,1.57));
#991=DIRECTION('',(0.90630778703665,-0.4226182617407,0.));
#992=DIRECTION('',(0.4226182617407,0.90630778703665,0.));
#993=FACE_BOUND('',#994,.T.);
#994=EDGE_LOOP('',(#1559,#1560,#1561,#1562));
#995=CYLINDRICAL_SURFACE('',#996,0.03);
#996=AXIS2_PLACEMENT_3D('',#997,#998,#999);
#997=CARTESIAN_POINT('',(3.81,1.54,1.57));
#998=DIRECTION('',(0.,0.,1.));
#999=DIRECTION('',(0.906307786970437,0.422618261882694,0.));
#1000=FACE_BOUND('',#1001,.T.);
#1001=EDGE_LOOP('',(#1563,#1564,#1565,#1566));
#1002=CYLINDRICAL_SURFACE('',#1003,0.03);
#1003=AXIS2_PLACEMENT_3D('',#1004,#1005,#1006);
#1004=CARTESIAN_POINT('',(1.27,-1.,1.57));
#1005=DIRECTION('',(0.,0.,1.));
#1006=DIRECTION('',(0.906307786970437,0.422618261882694,0.));
#1007=FACE_BOUND('',#1008,.T.);
#1008=EDGE_LOOP('',(#1567,#1568,#1569,#1570));
#1009=PLANE('',#1010);
#1010=AXIS2_PLACEMENT_3D('',#1011,#1012,#1013);
#1011=CARTESIAN_POINT('',(1.24281076638794,-0.987321452149846,1.57));
#1012=DIRECTION('',(-0.906307787039943,0.422618261733637,0.));
#1013=DIRECTION('',(-0.422618261733637,-0.906307787039943,0.));
#1014=FACE_BOUND('',#1015,.T.);
#1015=EDGE_LOOP('',(#1571,#1572,#1573,#1574));
#1016=PLANE('',#1017);
#1017=AXIS2_PLACEMENT_3D('',#1018,#1019,#1020);
#1018=CARTESIAN_POINT('',(-1.2451077025535,-1.27,1.57));
#1019=DIRECTION('',(0.,-1.,0.));
#1020=DIRECTION('',(1.,0.,0.));
#1021=FACE_BOUND('',#1022,.T.);
#1022=EDGE_LOOP('',(#1575,#1576,#1577,#1578));
#1023=PLANE('',#1024);
#1024=AXIS2_PLACEMENT_3D('',#1025,#1026,#1027);
#1025=CARTESIAN_POINT('',(-1.385,-0.97,1.57));
#1026=DIRECTION('',(-0.90630778703665,-0.422618261740699,0.));
#1027=DIRECTION('',(0.422618261740699,-0.90630778703665,0.));
#1028=FACE_BOUND('',#1029,.T.);
#1029=EDGE_LOOP('',(#1579,#1580,#1581,#1582));
#1030=PLANE('',#1031);
#1031=AXIS2_PLACEMENT_3D('',#1032,#1033,#1034);
#1032=CARTESIAN_POINT('',(-1.385,0.970000000000001,1.57));
#1033=DIRECTION('',(-1.,2.28911963840238E-016,0.));
#1034=DIRECTION('',(-2.28911963840238E-016,-1.,0.));
#1035=FACE_BOUND('',#1036,.T.);
#1036=EDGE_LOOP('',(#1583,#1584,#1585,#1586));
#1037=PLANE('',#1038);
#1038=AXIS2_PLACEMENT_3D('',#1039,#1040,#1041);
#1039=CARTESIAN_POINT('',(-1.2451077025535,1.27,1.57));
#1040=DIRECTION('',(-0.90630778703665,0.422618261740699,0.));
#1041=DIRECTION('',(-0.4226182617407,-0.90630778703665,0.));
#1042=FACE_BOUND('',#1043,.T.);
#1043=EDGE_LOOP('',(#1587,#1588,#1589,#1590));
#1044=PLANE('',#1045);
#1045=AXIS2_PLACEMENT_3D('',#1046,#1047,#1048);
#1046=CARTESIAN_POINT('',(-1.385,1.57,1.57));
#1047=DIRECTION('',(-0.90630778703665,-0.422618261740699,0.));
#1048=DIRECTION('',(0.422618261740699,-0.90630778703665,0.));
#1049=FACE_BOUND('',#1050,.T.);
#1050=EDGE_LOOP('',(#1591,#1592,#1593,#1594));
#1051=PLANE('',#1052);
#1052=AXIS2_PLACEMENT_3D('',#1053,#1054,#1055);
#1053=CARTESIAN_POINT('',(-1.385,3.51,1.57));
#1054=DIRECTION('',(-1.,2.28911963840238E-016,0.));
#1055=DIRECTION('',(-2.28911963840238E-016,-1.,0.));
#1056=FACE_BOUND('',#1057,.T.);
#1057=EDGE_LOOP('',(#1595,#1596,#1597,#1598));
#1058=PLANE('',#1059);
#1059=AXIS2_PLACEMENT_3D('',#1060,#1061,#1062);
#1060=CARTESIAN_POINT('',(-1.2451077025535,3.81,1.57));
#1061=DIRECTION('',(-0.90630778703665,0.422618261740699,0.));
#1062=DIRECTION('',(-0.4226182617407,-0.90630778703665,0.));
#1063=FACE_BOUND('',#1064,.T.);
#1064=EDGE_LOOP('',(#1599,#1600,#1601,#1602));
#1065=PLANE('',#1066);
#1066=AXIS2_PLACEMENT_3D('',#1067,#1068,#1069);
#1067=CARTESIAN_POINT('',(6.3251077025535,3.81,1.57));
#1068=DIRECTION('',(0.,1.,-0.));
#1069=DIRECTION('',(-1.,0.,0.));
#1070=FACE_BOUND('',#1071,.T.);
#1071=EDGE_LOOP('',(#1603,#1604,#1605,#1606));
#1072=PLANE('',#1073);
#1073=AXIS2_PLACEMENT_3D('',#1074,#1075,#1076);
#1074=CARTESIAN_POINT('',(1.11099559472815,3.81,1.57));
#1075=DIRECTION('',(-0.906307787035266,-0.422618261743666,0.));
#1076=DIRECTION('',(0.422618261743666,-0.906307787035267,0.));
#1077=FACE_BOUND('',#1078,.T.);
#1078=EDGE_LOOP('',(#1607,#1608,#1609,#1610));
#1079=CYLINDRICAL_SURFACE('',#1080,0.03);
#1080=AXIS2_PLACEMENT_3D('',#1081,#1082,#1083);
#1081=CARTESIAN_POINT('',(1.27,3.54,1.57));
#1082=DIRECTION('',(0.,0.,1.));
#1083=DIRECTION('',(-0.906307787035285,-0.422618261743626,0.));
#1084=FACE_BOUND('',#1085,.T.);
#1085=EDGE_LOOP('',(#1611,#1612,#1613,#1614));
#1086=PLANE('',#1087);
#1087=AXIS2_PLACEMENT_3D('',#1088,#1089,#1090);
#1088=CARTESIAN_POINT('',(1.29718923361106,3.52732145214769,1.57));
#1089=DIRECTION('',(0.906307787035268,-0.422618261743663,0.));
#1090=DIRECTION('',(0.422618261743663,0.906307787035268,0.));
#1091=FACE_BOUND('',#1092,.T.);
#1092=EDGE_LOOP('',(#1615,#1616,#1617,#1618));
#1093=PLANE('',#1094);
#1094=AXIS2_PLACEMENT_3D('',#1095,#1096,#1097);
#1095=CARTESIAN_POINT('',(6.3251077025535,3.81,1.57));
#1096=DIRECTION('',(0.,1.,-0.));
#1097=DIRECTION('',(-1.,0.,0.));
#1098=FACE_BOUND('',#1099,.T.);
#1099=EDGE_LOOP('',(#1619,#1620,#1621,#1622));
#1100=PLANE('',#1101);
#1101=AXIS2_PLACEMENT_3D('',#1102,#1103,#1104);
#1102=CARTESIAN_POINT('',(3.65099559472815,3.81,1.57));
#1103=DIRECTION('',(-0.906307787035266,-0.422618261743666,0.));
#1104=DIRECTION('',(0.422618261743666,-0.906307787035267,0.));
#1105=FACE_BOUND('',#1106,.T.);
#1106=EDGE_LOOP('',(#1623,#1624,#1625,#1626));
#1107=CYLINDRICAL_SURFACE('',#1108,0.03);
#1108=AXIS2_PLACEMENT_3D('',#1109,#1110,#1111);
#1109=CARTESIAN_POINT('',(3.81,3.54,1.57));
#1110=DIRECTION('',(0.,0.,1.));
#1111=DIRECTION('',(-0.906307787035285,-0.422618261743626,0.));
#1112=FACE_BOUND('',#1113,.T.);
#1113=EDGE_LOOP('',(#1627,#1628,#1629,#1630));
#1114=PLANE('',#1115);
#1115=AXIS2_PLACEMENT_3D('',#1116,#1117,#1118);
#1116=CARTESIAN_POINT('',(3.83718923361106,3.52732145214769,1.57));
#1117=DIRECTION('',(0.906307787035268,-0.422618261743663,0.));
#1118=DIRECTION('',(0.422618261743663,0.906307787035268,0.));
#1119=FACE_BOUND('',#1120,.T.);
#1120=EDGE_LOOP('',(#1631,#1632,#1633,#1634));
#1121=PLANE('',#1122);
#1122=AXIS2_PLACEMENT_3D('',#1123,#1124,#1125);
#1123=CARTESIAN_POINT('',(6.3251077025535,3.81,1.57));
#1124=DIRECTION('',(0.,1.,-0.));
#1125=DIRECTION('',(-1.,0.,0.));
#1126=FACE_BOUND('',#1127,.T.);
#1127=EDGE_LOOP('',(#1635,#1636,#1637,#1638));
#1128=PLANE('',#1129);
#1129=AXIS2_PLACEMENT_3D('',#1130,#1131,#1132);
#1130=CARTESIAN_POINT('',(6.465,3.51,1.57));
#1131=DIRECTION('',(0.906307787036648,0.422618261740702,-0.));
#1132=DIRECTION('',(-0.422618261740702,0.906307787036648,0.));
#1133=FACE_BOUND('',#1134,.T.);
#1134=EDGE_LOOP('',(#1639,#1640,#1641,#1642));
#1135=PLANE('',#1136);
#1136=AXIS2_PLACEMENT_3D('',#1137,#1138,#1139);
#1137=CARTESIAN_POINT('',(6.465,1.57,1.57));
#1138=DIRECTION('',(1.,-4.57823927680477E-016,0.));
#1139=DIRECTION('',(4.57823927680477E-016,1.,0.));
#1140=FACE_BOUND('',#1141,.T.);
#1141=EDGE_LOOP('',(#1643,#1644,#1645,#1646));
#1142=PLANE('',#1143);
#1143=AXIS2_PLACEMENT_3D('',#1144,#1145,#1146);
#1144=CARTESIAN_POINT('',(6.3251077025535,1.27,1.57));
#1145=DIRECTION('',(0.90630778703665,-0.4226182617407,0.));
#1146=DIRECTION('',(0.4226182617407,0.90630778703665,0.));
#1147=FACE_BOUND('',#1148,.T.);
#1148=EDGE_LOOP('',(#1647,#1648,#1649,#1650));
#1149=PLANE('',#1150);
#1150=AXIS2_PLACEMENT_3D('',#1151,#1152,#1153);
#1151=CARTESIAN_POINT('',(6.465,0.97,1.57));
#1152=DIRECTION('',(0.906307787036648,0.422618261740702,-0.));
#1153=DIRECTION('',(-0.422618261740702,0.906307787036648,0.));
#1154=FACE_BOUND('',#1155,.T.);
#1155=EDGE_LOOP('',(#1651,#1652,#1653,#1654));
#1156=PLANE('',#1157);
#1157=AXIS2_PLACEMENT_3D('',#1158,#1159,#1160);
#1158=CARTESIAN_POINT('',(6.465,-0.97,1.57));
#1159=DIRECTION('',(1.,-4.57823927680477E-016,0.));
#1160=DIRECTION('',(4.57823927680477E-016,1.,0.));
#1161=FACE_OUTER_BOUND('',#1162,.T.);
#1162=EDGE_LOOP('',(#1655));
#1163=FACE_OUTER_BOUND('',#1164,.T.);
#1164=EDGE_LOOP('',(#1656));
#1165=CYLINDRICAL_SURFACE('',#1166,0.66);
#1166=AXIS2_PLACEMENT_3D('',#1167,#1168,#1169);
#1167=CARTESIAN_POINT('',(2.54,0.,0.));
#1168=DIRECTION('',(0.,0.,1.));
#1169=DIRECTION('',(1.,0.,0.));
#1170=FACE_OUTER_BOUND('',#1171,.T.);
#1171=EDGE_LOOP('',(#1657));
#1172=FACE_OUTER_BOUND('',#1173,.T.);
#1173=EDGE_LOOP('',(#1658));
#1174=CYLINDRICAL_SURFACE('',#1175,0.66);
#1175=AXIS2_PLACEMENT_3D('',#1176,#1177,#1178);
#1176=CARTESIAN_POINT('',(5.08,0.,0.));
#1177=DIRECTION('',(0.,0.,1.));
#1178=DIRECTION('',(1.,0.,0.));
#1179=FACE_OUTER_BOUND('',#1180,.T.);
#1180=EDGE_LOOP('',(#1659));
#1181=FACE_OUTER_BOUND('',#1182,.T.);
#1182=EDGE_LOOP('',(#1660));
#1183=CYLINDRICAL_SURFACE('',#1184,0.66);
#1184=AXIS2_PLACEMENT_3D('',#1185,#1186,#1187);
#1185=CARTESIAN_POINT('',(1.55530143491714E-016,2.54,0.));
#1186=DIRECTION('',(0.,0.,1.));
#1187=DIRECTION('',(1.,0.,0.));
#1188=FACE_OUTER_BOUND('',#1189,.T.);
#1189=EDGE_LOOP('',(#1661));
#1190=FACE_OUTER_BOUND('',#1191,.T.);
#1191=EDGE_LOOP('',(#1662));
#1192=CYLINDRICAL_SURFACE('',#1193,0.66);
#1193=AXIS2_PLACEMENT_3D('',#1194,#1195,#1196);
#1194=CARTESIAN_POINT('',(2.54,2.54,0.));
#1195=DIRECTION('',(0.,0.,1.));
#1196=DIRECTION('',(1.,0.,0.));
#1197=FACE_OUTER_BOUND('',#1198,.T.);
#1198=EDGE_LOOP('',(#1663));
#1199=FACE_OUTER_BOUND('',#1200,.T.);
#1200=EDGE_LOOP('',(#1664));
#1201=CYLINDRICAL_SURFACE('',#1202,0.66);
#1202=AXIS2_PLACEMENT_3D('',#1203,#1204,#1205);
#1203=CARTESIAN_POINT('',(5.08,2.54,0.));
#1204=DIRECTION('',(0.,0.,1.));
#1205=DIRECTION('',(1.,0.,0.));
#1206=FACE_OUTER_BOUND('',#1207,.T.);
#1207=EDGE_LOOP('',(#1665));
#1208=FACE_OUTER_BOUND('',#1209,.T.);
#1209=EDGE_LOOP('',(#1666));
#1210=CYLINDRICAL_SURFACE('',#1211,0.66);
#1211=AXIS2_PLACEMENT_3D('',#1212,#1213,#1214);
#1212=CARTESIAN_POINT('',(0.,0.,0.));
#1213=DIRECTION('',(0.,0.,1.));
#1214=DIRECTION('',(1.,0.,0.));
#1215=FACE_BOUND('',#1216,.T.);
#1216=EDGE_LOOP('',(#1667,#1668,#1669,#1670));
#1217=CYLINDRICAL_SURFACE('',#1218,0.03);
#1218=AXIS2_PLACEMENT_3D('',#1219,#1220,#1221);
#1219=CARTESIAN_POINT('',(1.27,1.54,1.57));
#1220=DIRECTION('',(0.,0.,1.));
#1221=DIRECTION('',(0.906307786970437,0.422618261882694,0.));
#1222=FACE_BOUND('',#1223,.T.);
#1223=EDGE_LOOP('',(#1671,#1672,#1673,#1674));
#1224=PLANE('',#1225);
#1225=AXIS2_PLACEMENT_3D('',#1226,#1227,#1228);
#1226=CARTESIAN_POINT('',(1.24281076638794,1.55267854785015,1.57));
#1227=DIRECTION('',(-0.906307787039943,0.422618261733637,0.));
#1228=DIRECTION('',(-0.422618261733637,-0.906307787039943,0.));
#1229=FACE_BOUND('',#1230,.T.);
#1230=EDGE_LOOP('',(#1675,#1676,#1677,#1678));
#1231=PLANE('',#1232);
#1232=AXIS2_PLACEMENT_3D('',#1233,#1234,#1235);
#1233=CARTESIAN_POINT('',(1.11099559472815,1.27,1.57));
#1234=DIRECTION('',(-0.906307787035266,-0.422618261743666,0.));
#1235=DIRECTION('',(0.422618261743666,-0.906307787035267,0.));
#1236=FACE_BOUND('',#1237,.T.);
#1237=EDGE_LOOP('',(#1679,#1680,#1681,#1682));
#1238=CYLINDRICAL_SURFACE('',#1239,0.03);
#1239=AXIS2_PLACEMENT_3D('',#1240,#1241,#1242);
#1240=CARTESIAN_POINT('',(1.27,1.,1.57));
#1241=DIRECTION('',(0.,0.,1.));
#1242=DIRECTION('',(-0.906307787035285,-0.422618261743626,0.));
#1243=FACE_BOUND('',#1244,.T.);
#1244=EDGE_LOOP('',(#1683,#1684,#1685,#1686));
#1245=PLANE('',#1246);
#1246=AXIS2_PLACEMENT_3D('',#1247,#1248,#1249);
#1247=CARTESIAN_POINT('',(1.29718923361106,0.987321452147693,1.57));
#1248=DIRECTION('',(0.906307787035268,-0.422618261743663,0.));
#1249=DIRECTION('',(0.422618261743663,0.906307787035268,0.));
#1250=FACE_BOUND('',#1251,.T.);
#1251=EDGE_LOOP('',(#1687,#1688,#1689,#1690));
#1252=PLANE('',#1253);
#1253=AXIS2_PLACEMENT_3D('',#1254,#1255,#1256);
#1254=CARTESIAN_POINT('',(1.42900440526804,1.27,1.57));
#1255=DIRECTION('',(0.906307787039943,0.422618261733638,-0.));
#1256=DIRECTION('',(-0.422618261733638,0.906307787039943,0.));
#1257=FACE_BOUND('',#1258,.T.);
#1258=EDGE_LOOP('',(#1691));
#1259=PLANE('',#1260);
#1260=AXIS2_PLACEMENT_3D('',#1261,#1262,#1263);
#1261=CARTESIAN_POINT('',(0.,0.,-2.75));
#1262=DIRECTION('',(-0.,-0.,-1.));
#1263=DIRECTION('',(0.,-1.,0.));
#1264=FACE_OUTER_BOUND('',#1265,.T.);
#1265=EDGE_LOOP('',(#1692));
#1266=FACE_OUTER_BOUND('',#1267,.T.);
#1267=EDGE_LOOP('',(#1693));
#1268=CONICAL_SURFACE('',#1269,0.19125,0.785398163397449);
#1269=AXIS2_PLACEMENT_3D('',#1270,#1271,#1272);
#1270=CARTESIAN_POINT('',(0.,0.,-2.68625));
#1271=DIRECTION('',(0.,0.,1.));
#1272=DIRECTION('',(-0.,1.,-0.));
#1273=FACE_OUTER_BOUND('',#1274,.T.);
#1274=EDGE_LOOP('',(#1694));
#1275=FACE_OUTER_BOUND('',#1276,.T.);
#1276=EDGE_LOOP('',(#1695));
#1277=CYLINDRICAL_SURFACE('',#1278,0.255);
#1278=AXIS2_PLACEMENT_3D('',#1279,#1280,#1281);
#1279=CARTESIAN_POINT('',(0.,0.,0.));
#1280=DIRECTION('',(-0.,-0.,-1.));
#1281=DIRECTION('',(0.,-1.,0.));
#1282=FACE_OUTER_BOUND('',#1283,.T.);
#1283=EDGE_LOOP('',(#1696));
#1284=FACE_OUTER_BOUND('',#1285,.T.);
#1285=EDGE_LOOP('',(#1697));
#1286=CONICAL_SURFACE('',#1287,0.4575,0.959931087707183);
#1287=AXIS2_PLACEMENT_3D('',#1288,#1289,#1290);
#1288=CARTESIAN_POINT('',(0.,0.,0.141792026755963));
#1289=DIRECTION('',(0.,0.,1.));
#1290=DIRECTION('',(-0.,1.,-0.));
#1291=FACE_OUTER_BOUND('',#1292,.T.);
#1292=EDGE_LOOP('',(#1698));
#1293=FACE_OUTER_BOUND('',#1294,.T.);
#1294=EDGE_LOOP('',(#1699));
#1295=CYLINDRICAL_SURFACE('',#1296,0.66);
#1296=AXIS2_PLACEMENT_3D('',#1297,#1298,#1299);
#1297=CARTESIAN_POINT('',(0.,0.,1.79287838708181));
#1298=DIRECTION('',(-0.,-0.,-1.));
#1299=DIRECTION('',(0.,-1.,0.));
#1300=FACE_OUTER_BOUND('',#1301,.T.);
#1301=EDGE_LOOP('',(#1700));
#1302=FACE_OUTER_BOUND('',#1303,.T.);
#1303=EDGE_LOOP('',(#1701));
#1304=CONICAL_SURFACE('',#1305,0.735,0.349065850398867);
#1305=AXIS2_PLACEMENT_3D('',#1306,#1307,#1308);
#1306=CARTESIAN_POINT('',(0.,0.,1.9989391935409));
#1307=DIRECTION('',(0.,0.,1.));
#1308=DIRECTION('',(-0.,1.,-0.));
#1309=FACE_BOUND('',#1310,.T.);
#1310=EDGE_LOOP('',(#1702));
#1311=FACE_BOUND('',#1312,.T.);
#1312=EDGE_LOOP('',(#1703));
#1313=PLANE('',#1314);
#1314=AXIS2_PLACEMENT_3D('',#1315,#1316,#1317);
#1315=CARTESIAN_POINT('',(0.,0.,2.205));
#1316=DIRECTION('',(0.,0.,1.));
#1317=DIRECTION('',(0.,-1.,0.));
#1318=FACE_OUTER_BOUND('',#1319,.T.);
#1319=EDGE_LOOP('',(#1704));
#1320=FACE_OUTER_BOUND('',#1321,.T.);
#1321=EDGE_LOOP('',(#1705));
#1322=CYLINDRICAL_SURFACE('',#1323,0.66);
#1323=AXIS2_PLACEMENT_3D('',#1324,#1325,#1326);
#1324=CARTESIAN_POINT('',(0.,0.,2.84));
#1325=DIRECTION('',(-0.,-0.,-1.));
#1326=DIRECTION('',(0.,-1.,0.));
#1327=FACE_BOUND('',#1328,.T.);
#1328=EDGE_LOOP('',(#1706));
#1329=FACE_BOUND('',#1330,.T.);
#1330=EDGE_LOOP('',(#1707));
#1331=PLANE('',#1332);
#1332=AXIS2_PLACEMENT_3D('',#1333,#1334,#1335);
#1333=CARTESIAN_POINT('',(0.,0.,2.84));
#1334=DIRECTION('',(-0.,-0.,-1.));
#1335=DIRECTION('',(0.,-1.,0.));
#1336=FACE_OUTER_BOUND('',#1337,.T.);
#1337=EDGE_LOOP('',(#1708));
#1338=FACE_OUTER_BOUND('',#1339,.T.);
#1339=EDGE_LOOP('',(#1709));
#1340=CYLINDRICAL_SURFACE('',#1341,0.915);
#1341=AXIS2_PLACEMENT_3D('',#1342,#1343,#1344);
#1342=CARTESIAN_POINT('',(0.,0.,3.35));
#1343=DIRECTION('',(-0.,-0.,-1.));
#1344=DIRECTION('',(0.,-1.,0.));
#1345=FACE_BOUND('',#1346,.T.);
#1346=EDGE_LOOP('',(#1710));
#1347=FACE_BOUND('',#1348,.T.);
#1348=EDGE_LOOP('',(#1711));
#1349=PLANE('',#1350);
#1350=AXIS2_PLACEMENT_3D('',#1351,#1352,#1353);
#1351=CARTESIAN_POINT('',(0.,0.,3.35));
#1352=DIRECTION('',(0.,0.,1.));
#1353=DIRECTION('',(0.,-1.,0.));
#1354=FACE_OUTER_BOUND('',#1355,.T.);
#1355=EDGE_LOOP('',(#1712));
#1356=FACE_OUTER_BOUND('',#1357,.T.);
#1357=EDGE_LOOP('',(#1713));
#1358=CONICAL_SURFACE('',#1359,0.554595535433107,0.349065852124744);
#1359=AXIS2_PLACEMENT_3D('',#1360,#1361,#1362);
#1360=CARTESIAN_POINT('',(0.,0.,3.2));
#1361=DIRECTION('',(0.,0.,1.));
#1362=DIRECTION('',(-0.,1.,-0.));
#1363=FACE_OUTER_BOUND('',#1364,.T.);
#1364=EDGE_LOOP('',(#1714));
#1365=FACE_OUTER_BOUND('',#1366,.T.);
#1366=EDGE_LOOP('',(#1715));
#1367=CYLINDRICAL_SURFACE('',#1368,0.5);
#1368=AXIS2_PLACEMENT_3D('',#1369,#1370,#1371);
#1369=CARTESIAN_POINT('',(0.,0.,2.85));
#1370=DIRECTION('',(-0.,-0.,-1.));
#1371=DIRECTION('',(0.,-1.,0.));
#1372=FACE_OUTER_BOUND('',#1373,.T.);
#1373=EDGE_LOOP('',(#1716));
#1374=FACE_OUTER_BOUND('',#1375,.T.);
#1375=EDGE_LOOP('',(#1717));
#1376=CONICAL_SURFACE('',#1377,0.3625,0.225276779214055);
#1377=AXIS2_PLACEMENT_3D('',#1378,#1379,#1380);
#1378=CARTESIAN_POINT('',(0.,0.,2.25));
#1379=DIRECTION('',(0.,0.,1.));
#1380=DIRECTION('',(-0.,1.,-0.));
#1381=FACE_BOUND('',#1382,.T.);
#1382=EDGE_LOOP('',(#1718));
#1383=FACE_BOUND('',#1384,.T.);
#1384=EDGE_LOOP('',(#1719));
#1385=PLANE('',#1386);
#1386=AXIS2_PLACEMENT_3D('',#1387,#1388,#1389);
#1387=CARTESIAN_POINT('',(0.,0.,1.65));
#1388=DIRECTION('',(-0.,-0.,-1.));
#1389=DIRECTION('',(0.,-1.,0.));
#1390=FACE_OUTER_BOUND('',#1391,.T.);
#1391=EDGE_LOOP('',(#1720));
#1392=FACE_OUTER_BOUND('',#1393,.T.);
#1393=EDGE_LOOP('',(#1721));
#1394=CYLINDRICAL_SURFACE('',#1395,0.5);
#1395=AXIS2_PLACEMENT_3D('',#1396,#1397,#1398);
#1396=CARTESIAN_POINT('',(0.,0.,0.45));
#1397=DIRECTION('',(-0.,-0.,-1.));
#1398=DIRECTION('',(0.,-1.,0.));
#1399=FACE_OUTER_BOUND('',#1400,.T.);
#1400=EDGE_LOOP('',(#1722));
#1401=FACE_OUTER_BOUND('',#1402,.T.);
#1402=EDGE_LOOP('',(#1723));
#1403=CONICAL_SURFACE('',#1404,0.265,0.959931088596881);
#1404=AXIS2_PLACEMENT_3D('',#1405,#1406,#1407);
#1405=CARTESIAN_POINT('',(0.,0.,0.285451228520718));
#1406=DIRECTION('',(0.,0.,1.));
#1407=DIRECTION('',(-0.,1.,-0.));
#1408=FACE_BOUND('',#1409,.T.);
#1409=EDGE_LOOP('',(#1724));
#1410=PLANE('',#1411);
#1411=AXIS2_PLACEMENT_3D('',#1412,#1413,#1414);
#1412=CARTESIAN_POINT('',(0.,0.,0.120902457041437));
#1413=DIRECTION('',(0.,0.,1.));
#1414=DIRECTION('',(0.,-1.,0.));
#1415=ORIENTED_EDGE('',*,*,#1725,.T.);
#1416=ORIENTED_EDGE('',*,*,#1726,.F.);
#1417=ORIENTED_EDGE('',*,*,#1727,.T.);
#1418=ORIENTED_EDGE('',*,*,#1728,.T.);
#1419=ORIENTED_EDGE('',*,*,#1729,.T.);
#1420=ORIENTED_EDGE('',*,*,#1730,.T.);
#1421=ORIENTED_EDGE('',*,*,#1731,.T.);
#1422=ORIENTED_EDGE('',*,*,#1732,.F.);
#1423=ORIENTED_EDGE('',*,*,#1733,.T.);
#1424=ORIENTED_EDGE('',*,*,#1734,.F.);
#1425=ORIENTED_EDGE('',*,*,#1735,.T.);
#1426=ORIENTED_EDGE('',*,*,#1736,.F.);
#1427=ORIENTED_EDGE('',*,*,#1737,.T.);
#1428=ORIENTED_EDGE('',*,*,#1738,.F.);
#1429=ORIENTED_EDGE('',*,*,#1739,.F.);
#1430=ORIENTED_EDGE('',*,*,#1740,.F.);
#1431=ORIENTED_EDGE('',*,*,#1741,.T.);
#1432=ORIENTED_EDGE('',*,*,#1742,.T.);
#1433=ORIENTED_EDGE('',*,*,#1728,.F.);
#1434=ORIENTED_EDGE('',*,*,#1743,.T.);
#1435=ORIENTED_EDGE('',*,*,#1744,.T.);
#1436=ORIENTED_EDGE('',*,*,#1745,.T.);
#1437=ORIENTED_EDGE('',*,*,#1746,.F.);
#1438=ORIENTED_EDGE('',*,*,#1747,.F.);
#1439=ORIENTED_EDGE('',*,*,#1748,.F.);
#1440=ORIENTED_EDGE('',*,*,#1749,.F.);
#1441=ORIENTED_EDGE('',*,*,#1750,.F.);
#1442=ORIENTED_EDGE('',*,*,#1751,.F.);
#1443=ORIENTED_EDGE('',*,*,#1752,.F.);
#1444=ORIENTED_EDGE('',*,*,#1753,.F.);
#1445=ORIENTED_EDGE('',*,*,#1754,.T.);
#1446=ORIENTED_EDGE('',*,*,#1755,.T.);
#1447=ORIENTED_EDGE('',*,*,#1756,.T.);
#1448=ORIENTED_EDGE('',*,*,#1757,.F.);
#1449=ORIENTED_EDGE('',*,*,#1758,.T.);
#1450=ORIENTED_EDGE('',*,*,#1759,.T.);
#1451=ORIENTED_EDGE('',*,*,#1760,.T.);
#1452=ORIENTED_EDGE('',*,*,#1761,.F.);
#1453=ORIENTED_EDGE('',*,*,#1762,.F.);
#1454=ORIENTED_EDGE('',*,*,#1763,.F.);
#1455=ORIENTED_EDGE('',*,*,#1764,.F.);
#1456=ORIENTED_EDGE('',*,*,#1765,.F.);
#1457=ORIENTED_EDGE('',*,*,#1766,.F.);
#1458=ORIENTED_EDGE('',*,*,#1767,.F.);
#1459=ORIENTED_EDGE('',*,*,#1730,.F.);
#1460=ORIENTED_EDGE('',*,*,#1768,.T.);
#1461=ORIENTED_EDGE('',*,*,#1769,.T.);
#1462=ORIENTED_EDGE('',*,*,#1740,.T.);
#1463=ORIENTED_EDGE('',*,*,#1770,.T.);
#1464=ORIENTED_EDGE('',*,*,#1734,.T.);
#1465=ORIENTED_EDGE('',*,*,#1771,.T.);
#1466=ORIENTED_EDGE('',*,*,#1772,.T.);
#1467=ORIENTED_EDGE('',*,*,#1773,.T.);
#1468=ORIENTED_EDGE('',*,*,#1774,.T.);
#1469=ORIENTED_EDGE('',*,*,#1775,.T.);
#1470=ORIENTED_EDGE('',*,*,#1776,.T.);
#1471=ORIENTED_EDGE('',*,*,#1777,.T.);
#1472=ORIENTED_EDGE('',*,*,#1778,.T.);
#1473=ORIENTED_EDGE('',*,*,#1779,.T.);
#1474=ORIENTED_EDGE('',*,*,#1780,.T.);
#1475=ORIENTED_EDGE('',*,*,#1781,.T.);
#1476=ORIENTED_EDGE('',*,*,#1782,.T.);
#1477=ORIENTED_EDGE('',*,*,#1783,.T.);
#1478=ORIENTED_EDGE('',*,*,#1784,.T.);
#1479=ORIENTED_EDGE('',*,*,#1785,.T.);
#1480=ORIENTED_EDGE('',*,*,#1786,.T.);
#1481=ORIENTED_EDGE('',*,*,#1732,.T.);
#1482=ORIENTED_EDGE('',*,*,#1787,.T.);
#1483=ORIENTED_EDGE('',*,*,#1788,.T.);
#1484=ORIENTED_EDGE('',*,*,#1789,.T.);
#1485=ORIENTED_EDGE('',*,*,#1790,.T.);
#1486=ORIENTED_EDGE('',*,*,#1791,.T.);
#1487=ORIENTED_EDGE('',*,*,#1792,.T.);
#1488=ORIENTED_EDGE('',*,*,#1793,.T.);
#1489=ORIENTED_EDGE('',*,*,#1794,.T.);
#1490=ORIENTED_EDGE('',*,*,#1795,.T.);
#1491=ORIENTED_EDGE('',*,*,#1796,.T.);
#1492=ORIENTED_EDGE('',*,*,#1797,.T.);
#1493=ORIENTED_EDGE('',*,*,#1798,.T.);
#1494=ORIENTED_EDGE('',*,*,#1799,.T.);
#1495=ORIENTED_EDGE('',*,*,#1800,.T.);
#1496=ORIENTED_EDGE('',*,*,#1801,.T.);
#1497=ORIENTED_EDGE('',*,*,#1802,.T.);
#1498=ORIENTED_EDGE('',*,*,#1803,.T.);
#1499=ORIENTED_EDGE('',*,*,#1804,.T.);
#1500=ORIENTED_EDGE('',*,*,#1805,.T.);
#1501=ORIENTED_EDGE('',*,*,#1806,.T.);
#1502=ORIENTED_EDGE('',*,*,#1807,.T.);
#1503=ORIENTED_EDGE('',*,*,#1808,.T.);
#1504=ORIENTED_EDGE('',*,*,#1809,.T.);
#1505=ORIENTED_EDGE('',*,*,#1810,.T.);
#1506=ORIENTED_EDGE('',*,*,#1811,.T.);
#1507=ORIENTED_EDGE('',*,*,#1726,.T.);
#1508=ORIENTED_EDGE('',*,*,#1812,.T.);
#1509=ORIENTED_EDGE('',*,*,#1813,.T.);
#1510=ORIENTED_EDGE('',*,*,#1814,.T.);
#1511=ORIENTED_EDGE('',*,*,#1815,.T.);
#1512=ORIENTED_EDGE('',*,*,#1736,.T.);
#1513=ORIENTED_EDGE('',*,*,#1816,.T.);
#1514=ORIENTED_EDGE('',*,*,#1738,.T.);
#1515=ORIENTED_EDGE('',*,*,#1817,.T.);
#1516=ORIENTED_EDGE('',*,*,#1818,.T.);
#1517=ORIENTED_EDGE('',*,*,#1819,.T.);
#1518=ORIENTED_EDGE('',*,*,#1820,.T.);
#1519=ORIENTED_EDGE('',*,*,#1821,.T.);
#1520=ORIENTED_EDGE('',*,*,#1822,.T.);
#1521=ORIENTED_EDGE('',*,*,#1823,.T.);
#1522=ORIENTED_EDGE('',*,*,#1824,.T.);
#1523=ORIENTED_EDGE('',*,*,#1825,.T.);
#1524=ORIENTED_EDGE('',*,*,#1826,.T.);
#1525=ORIENTED_EDGE('',*,*,#1827,.T.);
#1526=ORIENTED_EDGE('',*,*,#1828,.T.);
#1527=ORIENTED_EDGE('',*,*,#1786,.F.);
#1528=ORIENTED_EDGE('',*,*,#1829,.F.);
#1529=ORIENTED_EDGE('',*,*,#1768,.F.);
#1530=ORIENTED_EDGE('',*,*,#1729,.F.);
#1531=ORIENTED_EDGE('',*,*,#1812,.F.);
#1532=ORIENTED_EDGE('',*,*,#1725,.F.);
#1533=ORIENTED_EDGE('',*,*,#1742,.F.);
#1534=ORIENTED_EDGE('',*,*,#1830,.T.);
#1535=ORIENTED_EDGE('',*,*,#1785,.F.);
#1536=ORIENTED_EDGE('',*,*,#1830,.F.);
#1537=ORIENTED_EDGE('',*,*,#1741,.F.);
#1538=ORIENTED_EDGE('',*,*,#1829,.T.);
#1539=ORIENTED_EDGE('',*,*,#1814,.F.);
#1540=ORIENTED_EDGE('',*,*,#1831,.F.);
#1541=ORIENTED_EDGE('',*,*,#1772,.F.);
#1542=ORIENTED_EDGE('',*,*,#1832,.T.);
#1543=ORIENTED_EDGE('',*,*,#1733,.F.);
#1544=ORIENTED_EDGE('',*,*,#1815,.F.);
#1545=ORIENTED_EDGE('',*,*,#1832,.F.);
#1546=ORIENTED_EDGE('',*,*,#1771,.F.);
#1547=ORIENTED_EDGE('',*,*,#1737,.F.);
#1548=ORIENTED_EDGE('',*,*,#1769,.F.);
#1549=ORIENTED_EDGE('',*,*,#1831,.T.);
#1550=ORIENTED_EDGE('',*,*,#1813,.F.);
#1551=ORIENTED_EDGE('',*,*,#1743,.F.);
#1552=ORIENTED_EDGE('',*,*,#1727,.F.);
#1553=ORIENTED_EDGE('',*,*,#1811,.F.);
#1554=ORIENTED_EDGE('',*,*,#1833,.F.);
#1555=ORIENTED_EDGE('',*,*,#1767,.T.);
#1556=ORIENTED_EDGE('',*,*,#1834,.T.);
#1557=ORIENTED_EDGE('',*,*,#1787,.F.);
#1558=ORIENTED_EDGE('',*,*,#1731,.F.);
#1559=ORIENTED_EDGE('',*,*,#1770,.F.);
#1560=ORIENTED_EDGE('',*,*,#1739,.T.);
#1561=ORIENTED_EDGE('',*,*,#1816,.F.);
#1562=ORIENTED_EDGE('',*,*,#1735,.F.);
#1563=ORIENTED_EDGE('',*,*,#1744,.F.);
#1564=ORIENTED_EDGE('',*,*,#1833,.T.);
#1565=ORIENTED_EDGE('',*,*,#1810,.F.);
#1566=ORIENTED_EDGE('',*,*,#1835,.F.);
#1567=ORIENTED_EDGE('',*,*,#1745,.F.);
#1568=ORIENTED_EDGE('',*,*,#1835,.T.);
#1569=ORIENTED_EDGE('',*,*,#1809,.F.);
#1570=ORIENTED_EDGE('',*,*,#1836,.F.);
#1571=ORIENTED_EDGE('',*,*,#1836,.T.);
#1572=ORIENTED_EDGE('',*,*,#1808,.F.);
#1573=ORIENTED_EDGE('',*,*,#1837,.F.);
#1574=ORIENTED_EDGE('',*,*,#1746,.T.);
#1575=ORIENTED_EDGE('',*,*,#1747,.T.);
#1576=ORIENTED_EDGE('',*,*,#1837,.T.);
#1577=ORIENTED_EDGE('',*,*,#1807,.F.);
#1578=ORIENTED_EDGE('',*,*,#1838,.F.);
#1579=ORIENTED_EDGE('',*,*,#1748,.T.);
#1580=ORIENTED_EDGE('',*,*,#1838,.T.);
#1581=ORIENTED_EDGE('',*,*,#1806,.F.);
#1582=ORIENTED_EDGE('',*,*,#1839,.F.);
#1583=ORIENTED_EDGE('',*,*,#1840,.F.);
#1584=ORIENTED_EDGE('',*,*,#1749,.T.);
#1585=ORIENTED_EDGE('',*,*,#1839,.T.);
#1586=ORIENTED_EDGE('',*,*,#1805,.F.);
#1587=ORIENTED_EDGE('',*,*,#1840,.T.);
#1588=ORIENTED_EDGE('',*,*,#1804,.F.);
#1589=ORIENTED_EDGE('',*,*,#1841,.F.);
#1590=ORIENTED_EDGE('',*,*,#1750,.T.);
#1591=ORIENTED_EDGE('',*,*,#1751,.T.);
#1592=ORIENTED_EDGE('',*,*,#1841,.T.);
#1593=ORIENTED_EDGE('',*,*,#1803,.F.);
#1594=ORIENTED_EDGE('',*,*,#1842,.F.);
#1595=ORIENTED_EDGE('',*,*,#1752,.T.);
#1596=ORIENTED_EDGE('',*,*,#1842,.T.);
#1597=ORIENTED_EDGE('',*,*,#1802,.F.);
#1598=ORIENTED_EDGE('',*,*,#1843,.F.);
#1599=ORIENTED_EDGE('',*,*,#1844,.T.);
#1600=ORIENTED_EDGE('',*,*,#1753,.T.);
#1601=ORIENTED_EDGE('',*,*,#1843,.T.);
#1602=ORIENTED_EDGE('',*,*,#1801,.F.);
#1603=ORIENTED_EDGE('',*,*,#1754,.F.);
#1604=ORIENTED_EDGE('',*,*,#1844,.F.);
#1605=ORIENTED_EDGE('',*,*,#1800,.F.);
#1606=ORIENTED_EDGE('',*,*,#1845,.F.);
#1607=ORIENTED_EDGE('',*,*,#1755,.F.);
#1608=ORIENTED_EDGE('',*,*,#1845,.T.);
#1609=ORIENTED_EDGE('',*,*,#1799,.F.);
#1610=ORIENTED_EDGE('',*,*,#1846,.F.);
#1611=ORIENTED_EDGE('',*,*,#1756,.F.);
#1612=ORIENTED_EDGE('',*,*,#1846,.T.);
#1613=ORIENTED_EDGE('',*,*,#1798,.F.);
#1614=ORIENTED_EDGE('',*,*,#1847,.F.);
#1615=ORIENTED_EDGE('',*,*,#1847,.T.);
#1616=ORIENTED_EDGE('',*,*,#1797,.F.);
#1617=ORIENTED_EDGE('',*,*,#1848,.T.);
#1618=ORIENTED_EDGE('',*,*,#1757,.T.);
#1619=ORIENTED_EDGE('',*,*,#1758,.F.);
#1620=ORIENTED_EDGE('',*,*,#1848,.F.);
#1621=ORIENTED_EDGE('',*,*,#1796,.F.);
#1622=ORIENTED_EDGE('',*,*,#1849,.F.);
#1623=ORIENTED_EDGE('',*,*,#1759,.F.);
#1624=ORIENTED_EDGE('',*,*,#1849,.T.);
#1625=ORIENTED_EDGE('',*,*,#1795,.F.);
#1626=ORIENTED_EDGE('',*,*,#1850,.F.);
#1627=ORIENTED_EDGE('',*,*,#1760,.F.);
#1628=ORIENTED_EDGE('',*,*,#1850,.T.);
#1629=ORIENTED_EDGE('',*,*,#1794,.F.);
#1630=ORIENTED_EDGE('',*,*,#1851,.F.);
#1631=ORIENTED_EDGE('',*,*,#1851,.T.);
#1632=ORIENTED_EDGE('',*,*,#1793,.F.);
#1633=ORIENTED_EDGE('',*,*,#1852,.F.);
#1634=ORIENTED_EDGE('',*,*,#1761,.T.);
#1635=ORIENTED_EDGE('',*,*,#1762,.T.);
#1636=ORIENTED_EDGE('',*,*,#1852,.T.);
#1637=ORIENTED_EDGE('',*,*,#1792,.F.);
#1638=ORIENTED_EDGE('',*,*,#1853,.F.);
#1639=ORIENTED_EDGE('',*,*,#1763,.T.);
#1640=ORIENTED_EDGE('',*,*,#1853,.T.);
#1641=ORIENTED_EDGE('',*,*,#1791,.F.);
#1642=ORIENTED_EDGE('',*,*,#1854,.F.);
#1643=ORIENTED_EDGE('',*,*,#1855,.T.);
#1644=ORIENTED_EDGE('',*,*,#1764,.T.);
#1645=ORIENTED_EDGE('',*,*,#1854,.T.);
#1646=ORIENTED_EDGE('',*,*,#1790,.F.);
#1647=ORIENTED_EDGE('',*,*,#1855,.F.);
#1648=ORIENTED_EDGE('',*,*,#1789,.F.);
#1649=ORIENTED_EDGE('',*,*,#1856,.F.);
#1650=ORIENTED_EDGE('',*,*,#1765,.T.);
#1651=ORIENTED_EDGE('',*,*,#1766,.T.);
#1652=ORIENTED_EDGE('',*,*,#1856,.T.);
#1653=ORIENTED_EDGE('',*,*,#1788,.F.);
#1654=ORIENTED_EDGE('',*,*,#1834,.F.);
#1655=ORIENTED_EDGE('',*,*,#1817,.F.);
#1656=ORIENTED_EDGE('',*,*,#1773,.F.);
#1657=ORIENTED_EDGE('',*,*,#1818,.F.);
#1658=ORIENTED_EDGE('',*,*,#1774,.F.);
#1659=ORIENTED_EDGE('',*,*,#1819,.F.);
#1660=ORIENTED_EDGE('',*,*,#1775,.F.);
#1661=ORIENTED_EDGE('',*,*,#1820,.F.);
#1662=ORIENTED_EDGE('',*,*,#1776,.F.);
#1663=ORIENTED_EDGE('',*,*,#1821,.F.);
#1664=ORIENTED_EDGE('',*,*,#1777,.F.);
#1665=ORIENTED_EDGE('',*,*,#1822,.F.);
#1666=ORIENTED_EDGE('',*,*,#1778,.F.);
#1667=ORIENTED_EDGE('',*,*,#1779,.F.);
#1668=ORIENTED_EDGE('',*,*,#1857,.T.);
#1669=ORIENTED_EDGE('',*,*,#1823,.F.);
#1670=ORIENTED_EDGE('',*,*,#1858,.F.);
#1671=ORIENTED_EDGE('',*,*,#1859,.F.);
#1672=ORIENTED_EDGE('',*,*,#1780,.F.);
#1673=ORIENTED_EDGE('',*,*,#1858,.T.);
#1674=ORIENTED_EDGE('',*,*,#1828,.F.);
#1675=ORIENTED_EDGE('',*,*,#1859,.T.);
#1676=ORIENTED_EDGE('',*,*,#1827,.F.);
#1677=ORIENTED_EDGE('',*,*,#1860,.F.);
#1678=ORIENTED_EDGE('',*,*,#1781,.F.);
#1679=ORIENTED_EDGE('',*,*,#1782,.F.);
#1680=ORIENTED_EDGE('',*,*,#1860,.T.);
#1681=ORIENTED_EDGE('',*,*,#1826,.F.);
#1682=ORIENTED_EDGE('',*,*,#1861,.F.);
#1683=ORIENTED_EDGE('',*,*,#1862,.T.);
#1684=ORIENTED_EDGE('',*,*,#1783,.F.);
#1685=ORIENTED_EDGE('',*,*,#1861,.T.);
#1686=ORIENTED_EDGE('',*,*,#1825,.F.);
#1687=ORIENTED_EDGE('',*,*,#1862,.F.);
#1688=ORIENTED_EDGE('',*,*,#1824,.F.);
#1689=ORIENTED_EDGE('',*,*,#1857,.F.);
#1690=ORIENTED_EDGE('',*,*,#1784,.F.);
#1691=ORIENTED_EDGE('',*,*,#1863,.T.);
#1692=ORIENTED_EDGE('',*,*,#1863,.F.);
#1693=ORIENTED_EDGE('',*,*,#1864,.T.);
#1694=ORIENTED_EDGE('',*,*,#1865,.T.);
#1695=ORIENTED_EDGE('',*,*,#1864,.F.);
#1696=ORIENTED_EDGE('',*,*,#1865,.F.);
#1697=ORIENTED_EDGE('',*,*,#1866,.T.);
#1698=ORIENTED_EDGE('',*,*,#1867,.T.);
#1699=ORIENTED_EDGE('',*,*,#1866,.F.);
#1700=ORIENTED_EDGE('',*,*,#1867,.F.);
#1701=ORIENTED_EDGE('',*,*,#1868,.T.);
#1702=ORIENTED_EDGE('',*,*,#1868,.F.);
#1703=ORIENTED_EDGE('',*,*,#1869,.T.);
#1704=ORIENTED_EDGE('',*,*,#1870,.T.);
#1705=ORIENTED_EDGE('',*,*,#1869,.F.);
#1706=ORIENTED_EDGE('',*,*,#1871,.T.);
#1707=ORIENTED_EDGE('',*,*,#1870,.F.);
#1708=ORIENTED_EDGE('',*,*,#1872,.T.);
#1709=ORIENTED_EDGE('',*,*,#1871,.F.);
#1710=ORIENTED_EDGE('',*,*,#1872,.F.);
#1711=ORIENTED_EDGE('',*,*,#1873,.T.);
#1712=ORIENTED_EDGE('',*,*,#1874,.T.);
#1713=ORIENTED_EDGE('',*,*,#1873,.F.);
#1714=ORIENTED_EDGE('',*,*,#1874,.F.);
#1715=ORIENTED_EDGE('',*,*,#1875,.T.);
#1716=ORIENTED_EDGE('',*,*,#1876,.T.);
#1717=ORIENTED_EDGE('',*,*,#1875,.F.);
#1718=ORIENTED_EDGE('',*,*,#1877,.T.);
#1719=ORIENTED_EDGE('',*,*,#1876,.F.);
#1720=ORIENTED_EDGE('',*,*,#1877,.F.);
#1721=ORIENTED_EDGE('',*,*,#1878,.T.);
#1722=ORIENTED_EDGE('',*,*,#1879,.T.);
#1723=ORIENTED_EDGE('',*,*,#1878,.F.);
#1724=ORIENTED_EDGE('',*,*,#1879,.F.);
#1725=EDGE_CURVE('',#1880,#1881,#1882,.F.);
#1726=EDGE_CURVE('',#1883,#1881,#1884,.T.);
#1727=EDGE_CURVE('',#1883,#1885,#1886,.F.);
#1728=EDGE_CURVE('',#1885,#1880,#1887,.T.);
#1729=EDGE_CURVE('',#1888,#1889,#1890,.F.);
#1730=EDGE_CURVE('',#1889,#1891,#1892,.T.);
#1731=EDGE_CURVE('',#1891,#1893,#1894,.T.);
#1732=EDGE_CURVE('',#1888,#1893,#1895,.T.);
#1733=EDGE_CURVE('',#1896,#1897,#1898,.F.);
#1734=EDGE_CURVE('',#1899,#1897,#1900,.T.);
#1735=EDGE_CURVE('',#1899,#1901,#1902,.T.);
#1736=EDGE_CURVE('',#1896,#1901,#1903,.F.);
#1737=EDGE_CURVE('',#1904,#1905,#1906,.T.);
#1738=EDGE_CURVE('',#1907,#1905,#1908,.F.);
#1739=EDGE_CURVE('',#1909,#1907,#1910,.T.);
#1740=EDGE_CURVE('',#1904,#1909,#1911,.T.);
#1741=EDGE_CURVE('',#1912,#1913,#1914,.T.);
#1742=EDGE_CURVE('',#1913,#1880,#1915,.T.);
#1743=EDGE_CURVE('',#1885,#1916,#1917,.T.);
#1744=EDGE_CURVE('',#1916,#1918,#1919,.T.);
#1745=EDGE_CURVE('',#1918,#1920,#1921,.T.);
#1746=EDGE_CURVE('',#1922,#1920,#1923,.T.);
#1747=EDGE_CURVE('',#1924,#1922,#1925,.T.);
#1748=EDGE_CURVE('',#1926,#1924,#1927,.T.);
#1749=EDGE_CURVE('',#1928,#1926,#1929,.T.);
#1750=EDGE_CURVE('',#1930,#1928,#1931,.T.);
#1751=EDGE_CURVE('',#1932,#1930,#1933,.T.);
#1752=EDGE_CURVE('',#1934,#1932,#1935,.T.);
#1753=EDGE_CURVE('',#1936,#1934,#1937,.T.);
#1754=EDGE_CURVE('',#1936,#1938,#1939,.T.);
#1755=EDGE_CURVE('',#1938,#1940,#1941,.T.);
#1756=EDGE_CURVE('',#1940,#1942,#1943,.T.);
#1757=EDGE_CURVE('',#1944,#1942,#1945,.T.);
#1758=EDGE_CURVE('',#1944,#1946,#1947,.T.);
#1759=EDGE_CURVE('',#1946,#1948,#1949,.T.);
#1760=EDGE_CURVE('',#1948,#1950,#1951,.T.);
#1761=EDGE_CURVE('',#1952,#1950,#1953,.T.);
#1762=EDGE_CURVE('',#1954,#1952,#1955,.T.);
#1763=EDGE_CURVE('',#1956,#1954,#1957,.T.);
#1764=EDGE_CURVE('',#1958,#1956,#1959,.T.);
#1765=EDGE_CURVE('',#1960,#1958,#1961,.T.);
#1766=EDGE_CURVE('',#1962,#1960,#1963,.T.);
#1767=EDGE_CURVE('',#1891,#1962,#1964,.T.);
#1768=EDGE_CURVE('',#1889,#1912,#1965,.T.);
#1769=EDGE_CURVE('',#1966,#1904,#1967,.T.);
#1770=EDGE_CURVE('',#1909,#1899,#1968,.T.);
#1771=EDGE_CURVE('',#1897,#1969,#1970,.T.);
#1772=EDGE_CURVE('',#1969,#1966,#1971,.T.);
#1773=EDGE_CURVE('',#1972,#1972,#1973,.T.);
#1774=EDGE_CURVE('',#1974,#1974,#1975,.T.);
#1775=EDGE_CURVE('',#1976,#1976,#1977,.T.);
#1776=EDGE_CURVE('',#1978,#1978,#1979,.T.);
#1777=EDGE_CURVE('',#1980,#1980,#1981,.T.);
#1778=EDGE_CURVE('',#1982,#1982,#1983,.T.);
#1779=EDGE_CURVE('',#1984,#1985,#1986,.T.);
#1780=EDGE_CURVE('',#1985,#1987,#1988,.T.);
#1781=EDGE_CURVE('',#1987,#1989,#1990,.T.);
#1782=EDGE_CURVE('',#1989,#1991,#1992,.T.);
#1783=EDGE_CURVE('',#1991,#1993,#1994,.T.);
#1784=EDGE_CURVE('',#1993,#1984,#1995,.T.);
#1785=EDGE_CURVE('',#1996,#1997,#1998,.F.);
#1786=EDGE_CURVE('',#1997,#1888,#1999,.F.);
#1787=EDGE_CURVE('',#1893,#2000,#2001,.T.);
#1788=EDGE_CURVE('',#2000,#2002,#2003,.T.);
#1789=EDGE_CURVE('',#2002,#2004,#2005,.T.);
#1790=EDGE_CURVE('',#2004,#2006,#2007,.T.);
#1791=EDGE_CURVE('',#2006,#2008,#2009,.T.);
#1792=EDGE_CURVE('',#2008,#2010,#2011,.T.);
#1793=EDGE_CURVE('',#2010,#2012,#2013,.T.);
#1794=EDGE_CURVE('',#2012,#2014,#2015,.F.);
#1795=EDGE_CURVE('',#2014,#2016,#2017,.F.);
#1796=EDGE_CURVE('',#2016,#2018,#2019,.F.);
#1797=EDGE_CURVE('',#2018,#2020,#2021,.T.);
#1798=EDGE_CURVE('',#2020,#2022,#2023,.F.);
#1799=EDGE_CURVE('',#2022,#2024,#2025,.F.);
#1800=EDGE_CURVE('',#2024,#2026,#2027,.F.);
#1801=EDGE_CURVE('',#2026,#2028,#2029,.T.);
#1802=EDGE_CURVE('',#2028,#2030,#2031,.T.);
#1803=EDGE_CURVE('',#2030,#2032,#2033,.T.);
#1804=EDGE_CURVE('',#2032,#2034,#2035,.T.);
#1805=EDGE_CURVE('',#2034,#2036,#2037,.T.);
#1806=EDGE_CURVE('',#2036,#2038,#2039,.T.);
#1807=EDGE_CURVE('',#2038,#2040,#2041,.T.);
#1808=EDGE_CURVE('',#2040,#2042,#2043,.T.);
#1809=EDGE_CURVE('',#2042,#2044,#2045,.F.);
#1810=EDGE_CURVE('',#2044,#2046,#2047,.F.);
#1811=EDGE_CURVE('',#2046,#1883,#2048,.F.);
#1812=EDGE_CURVE('',#1881,#1996,#2049,.F.);
#1813=EDGE_CURVE('',#1905,#2050,#2051,.F.);
#1814=EDGE_CURVE('',#2050,#2052,#2053,.F.);
#1815=EDGE_CURVE('',#2052,#1896,#2054,.F.);
#1816=EDGE_CURVE('',#1901,#1907,#2055,.F.);
#1817=EDGE_CURVE('',#2056,#2056,#2057,.F.);
#1818=EDGE_CURVE('',#2058,#2058,#2059,.F.);
#1819=EDGE_CURVE('',#2060,#2060,#2061,.F.);
#1820=EDGE_CURVE('',#2062,#2062,#2063,.F.);
#1821=EDGE_CURVE('',#2064,#2064,#2065,.F.);
#1822=EDGE_CURVE('',#2066,#2066,#2067,.F.);
#1823=EDGE_CURVE('',#2068,#2069,#2070,.F.);
#1824=EDGE_CURVE('',#2069,#2071,#2072,.F.);
#1825=EDGE_CURVE('',#2071,#2073,#2074,.F.);
#1826=EDGE_CURVE('',#2073,#2075,#2076,.F.);
#1827=EDGE_CURVE('',#2075,#2077,#2078,.F.);
#1828=EDGE_CURVE('',#2077,#2068,#2079,.F.);
#1829=EDGE_CURVE('',#1912,#1997,#2080,.T.);
#1830=EDGE_CURVE('',#1913,#1996,#2081,.T.);
#1831=EDGE_CURVE('',#1966,#2050,#2082,.T.);
#1832=EDGE_CURVE('',#1969,#2052,#2083,.T.);
#1833=EDGE_CURVE('',#1916,#2046,#2084,.T.);
#1834=EDGE_CURVE('',#1962,#2000,#2085,.T.);
#1835=EDGE_CURVE('',#1918,#2044,#2086,.T.);
#1836=EDGE_CURVE('',#1920,#2042,#2087,.F.);
#1837=EDGE_CURVE('',#1922,#2040,#2088,.T.);
#1838=EDGE_CURVE('',#1924,#2038,#2089,.T.);
#1839=EDGE_CURVE('',#1926,#2036,#2090,.T.);
#1840=EDGE_CURVE('',#1928,#2034,#2091,.T.);
#1841=EDGE_CURVE('',#1930,#2032,#2092,.T.);
#1842=EDGE_CURVE('',#1932,#2030,#2093,.T.);
#1843=EDGE_CURVE('',#1934,#2028,#2094,.T.);
#1844=EDGE_CURVE('',#2026,#1936,#2095,.F.);
#1845=EDGE_CURVE('',#1938,#2024,#2096,.T.);
#1846=EDGE_CURVE('',#1940,#2022,#2097,.T.);
#1847=EDGE_CURVE('',#1942,#2020,#2098,.F.);
#1848=EDGE_CURVE('',#2018,#1944,#2099,.F.);
#1849=EDGE_CURVE('',#1946,#2016,#2100,.T.);
#1850=EDGE_CURVE('',#1948,#2014,#2101,.T.);
#1851=EDGE_CURVE('',#1950,#2012,#2102,.F.);
#1852=EDGE_CURVE('',#1952,#2010,#2103,.T.);
#1853=EDGE_CURVE('',#1954,#2008,#2104,.T.);
#1854=EDGE_CURVE('',#1956,#2006,#2105,.T.);
#1855=EDGE_CURVE('',#2004,#1958,#2106,.F.);
#1856=EDGE_CURVE('',#1960,#2002,#2107,.T.);
#1857=EDGE_CURVE('',#1984,#2069,#2108,.T.);
#1858=EDGE_CURVE('',#1985,#2068,#2109,.T.);
#1859=EDGE_CURVE('',#1987,#2077,#2110,.T.);
#1860=EDGE_CURVE('',#1989,#2075,#2111,.T.);
#1861=EDGE_CURVE('',#1991,#2073,#2112,.T.);
#1862=EDGE_CURVE('',#2071,#1993,#2113,.T.);
#1863=EDGE_CURVE('',#2114,#2114,#2115,.T.);
#1864=EDGE_CURVE('',#2116,#2116,#2117,.T.);
#1865=EDGE_CURVE('',#2118,#2118,#2119,.T.);
#1866=EDGE_CURVE('',#2120,#2120,#2121,.T.);
#1867=EDGE_CURVE('',#2122,#2122,#2123,.T.);
#1868=EDGE_CURVE('',#2124,#2124,#2125,.T.);
#1869=EDGE_CURVE('',#2126,#2126,#2127,.T.);
#1870=EDGE_CURVE('',#2128,#2128,#2129,.T.);
#1871=EDGE_CURVE('',#2130,#2130,#2131,.T.);
#1872=EDGE_CURVE('',#2132,#2132,#2133,.T.);
#1873=EDGE_CURVE('',#2134,#2134,#2135,.T.);
#1874=EDGE_CURVE('',#2136,#2136,#2137,.T.);
#1875=EDGE_CURVE('',#2138,#2138,#2139,.T.);
#1876=EDGE_CURVE('',#2140,#2140,#2141,.T.);
#1877=EDGE_CURVE('',#2142,#2142,#2143,.T.);
#1878=EDGE_CURVE('',#2144,#2144,#2145,.T.);
#1879=EDGE_CURVE('',#2146,#2146,#2147,.T.);
#1880=VERTEX_POINT('',#2148);
#1881=VERTEX_POINT('',#2149);
#1882=LINE('',#2150,#2151);
#1883=VERTEX_POINT('',#2153);
#1884=LINE('',#2154,#2155);
#1885=VERTEX_POINT('',#2157);
#1886=LINE('',#2158,#2159);
#1887=LINE('',#2161,#2162);
#1888=VERTEX_POINT('',#2164);
#1889=VERTEX_POINT('',#2165);
#1890=LINE('',#2166,#2167);
#1891=VERTEX_POINT('',#2169);
#1892=LINE('',#2170,#2171);
#1893=VERTEX_POINT('',#2173);
#1894=LINE('',#2174,#2175);
#1895=LINE('',#2177,#2178);
#1896=VERTEX_POINT('',#2180);
#1897=VERTEX_POINT('',#2181);
#1898=LINE('',#2182,#2183);
#1899=VERTEX_POINT('',#2185);
#1900=LINE('',#2186,#2187);
#1901=VERTEX_POINT('',#2189);
#1902=LINE('',#2190,#2191);
#1903=LINE('',#2193,#2194);
#1904=VERTEX_POINT('',#2196);
#1905=VERTEX_POINT('',#2197);
#1906=LINE('',#2198,#2199);
#1907=VERTEX_POINT('',#2201);
#1908=LINE('',#2202,#2203);
#1909=VERTEX_POINT('',#2205);
#1910=LINE('',#2206,#2207);
#1911=LINE('',#2209,#2210);
#1912=VERTEX_POINT('',#2212);
#1913=VERTEX_POINT('',#2213);
#1914=CIRCLE('',#2214,0.03);
#1915=LINE('',#2218,#2219);
#1916=VERTEX_POINT('',#2221);
#1917=LINE('',#2222,#2223);
#1918=VERTEX_POINT('',#2225);
#1919=CIRCLE('',#2226,0.03);
#1920=VERTEX_POINT('',#2230);
#1921=LINE('',#2231,#2232);
#1922=VERTEX_POINT('',#2234);
#1923=LINE('',#2235,#2236);
#1924=VERTEX_POINT('',#2238);
#1925=LINE('',#2239,#2240);
#1926=VERTEX_POINT('',#2242);
#1927=LINE('',#2243,#2244);
#1928=VERTEX_POINT('',#2246);
#1929=LINE('',#2247,#2248);
#1930=VERTEX_POINT('',#2250);
#1931=LINE('',#2251,#2252);
#1932=VERTEX_POINT('',#2254);
#1933=LINE('',#2255,#2256);
#1934=VERTEX_POINT('',#2258);
#1935=LINE('',#2259,#2260);
#1936=VERTEX_POINT('',#2262);
#1937=LINE('',#2263,#2264);
#1938=VERTEX_POINT('',#2266);
#1939=LINE('',#2267,#2268);
#1940=VERTEX_POINT('',#2270);
#1941=CIRCLE('',#2271,0.03);
#1942=VERTEX_POINT('',#2275);
#1943=LINE('',#2276,#2277);
#1944=VERTEX_POINT('',#2279);
#1945=LINE('',#2280,#2281);
#1946=VERTEX_POINT('',#2283);
#1947=LINE('',#2284,#2285);
#1948=VERTEX_POINT('',#2287);
#1949=CIRCLE('',#2288,0.03);
#1950=VERTEX_POINT('',#2292);
#1951=LINE('',#2293,#2294);
#1952=VERTEX_POINT('',#2296);
#1953=LINE('',#2297,#2298);
#1954=VERTEX_POINT('',#2300);
#1955=LINE('',#2301,#2302);
#1956=VERTEX_POINT('',#2304);
#1957=LINE('',#2305,#2306);
#1958=VERTEX_POINT('',#2308);
#1959=LINE('',#2309,#2310);
#1960=VERTEX_POINT('',#2312);
#1961=LINE('',#2313,#2314);
#1962=VERTEX_POINT('',#2316);
#1963=LINE('',#2317,#2318);
#1964=LINE('',#2320,#2321);
#1965=LINE('',#2323,#2324);
#1966=VERTEX_POINT('',#2326);
#1967=LINE('',#2327,#2328);
#1968=CIRCLE('',#2330,0.03);
#1969=VERTEX_POINT('',#2334);
#1970=LINE('',#2335,#2336);
#1971=CIRCLE('',#2338,0.03);
#1972=VERTEX_POINT('',#2342);
#1973=CIRCLE('',#2343,0.66);
#1974=VERTEX_POINT('',#2347);
#1975=CIRCLE('',#2348,0.66);
#1976=VERTEX_POINT('',#2352);
#1977=CIRCLE('',#2353,0.66);
#1978=VERTEX_POINT('',#2357);
#1979=CIRCLE('',#2358,0.66);
#1980=VERTEX_POINT('',#2362);
#1981=CIRCLE('',#2363,0.66);
#1982=VERTEX_POINT('',#2367);
#1983=CIRCLE('',#2368,0.66);
#1984=VERTEX_POINT('',#2372);
#1985=VERTEX_POINT('',#2373);
#1986=CIRCLE('',#2374,0.03);
#1987=VERTEX_POINT('',#2378);
#1988=LINE('',#2379,#2380);
#1989=VERTEX_POINT('',#2382);
#1990=LINE('',#2383,#2384);
#1991=VERTEX_POINT('',#2386);
#1992=CIRCLE('',#2387,0.03);
#1993=VERTEX_POINT('',#2391);
#1994=LINE('',#2392,#2393);
#1995=LINE('',#2395,#2396);
#1996=VERTEX_POINT('',#2398);
#1997=VERTEX_POINT('',#2399);
#1998=CIRCLE('',#2400,0.03);
#1999=LINE('',#2404,#2405);
#2000=VERTEX_POINT('',#2407);
#2001=LINE('',#2408,#2409);
#2002=VERTEX_POINT('',#2411);
#2003=LINE('',#2412,#2413);
#2004=VERTEX_POINT('',#2415);
#2005=LINE('',#2416,#2417);
#2006=VERTEX_POINT('',#2419);
#2007=LINE('',#2420,#2421);
#2008=VERTEX_POINT('',#2423);
#2009=LINE('',#2424,#2425);
#2010=VERTEX_POINT('',#2427);
#2011=LINE('',#2428,#2429);
#2012=VERTEX_POINT('',#2431);
#2013=LINE('',#2432,#2433);
#2014=VERTEX_POINT('',#2435);
#2015=LINE('',#2436,#2437);
#2016=VERTEX_POINT('',#2439);
#2017=CIRCLE('',#2440,0.03);
#2018=VERTEX_POINT('',#2444);
#2019=LINE('',#2445,#2446);
#2020=VERTEX_POINT('',#2448);
#2021=LINE('',#2449,#2450);
#2022=VERTEX_POINT('',#2452);
#2023=LINE('',#2453,#2454);
#2024=VERTEX_POINT('',#2456);
#2025=CIRCLE('',#2457,0.03);
#2026=VERTEX_POINT('',#2461);
#2027=LINE('',#2462,#2463);
#2028=VERTEX_POINT('',#2465);
#2029=LINE('',#2466,#2467);
#2030=VERTEX_POINT('',#2469);
#2031=LINE('',#2470,#2471);
#2032=VERTEX_POINT('',#2473);
#2033=LINE('',#2474,#2475);
#2034=VERTEX_POINT('',#2477);
#2035=LINE('',#2478,#2479);
#2036=VERTEX_POINT('',#2481);
#2037=LINE('',#2482,#2483);
#2038=VERTEX_POINT('',#2485);
#2039=LINE('',#2486,#2487);
#2040=VERTEX_POINT('',#2489);
#2041=LINE('',#2490,#2491);
#2042=VERTEX_POINT('',#2493);
#2043=LINE('',#2494,#2495);
#2044=VERTEX_POINT('',#2497);
#2045=LINE('',#2498,#2499);
#2046=VERTEX_POINT('',#2501);
#2047=CIRCLE('',#2502,0.03);
#2048=LINE('',#2506,#2507);
#2049=LINE('',#2509,#2510);
#2050=VERTEX_POINT('',#2512);
#2051=LINE('',#2513,#2514);
#2052=VERTEX_POINT('',#2516);
#2053=CIRCLE('',#2517,0.03);
#2054=LINE('',#2521,#2522);
#2055=CIRCLE('',#2524,0.03);
#2056=VERTEX_POINT('',#2528);
#2057=CIRCLE('',#2529,0.66);
#2058=VERTEX_POINT('',#2533);
#2059=CIRCLE('',#2534,0.66);
#2060=VERTEX_POINT('',#2538);
#2061=CIRCLE('',#2539,0.66);
#2062=VERTEX_POINT('',#2543);
#2063=CIRCLE('',#2544,0.66);
#2064=VERTEX_POINT('',#2548);
#2065=CIRCLE('',#2549,0.66);
#2066=VERTEX_POINT('',#2553);
#2067=CIRCLE('',#2554,0.66);
#2068=VERTEX_POINT('',#2558);
#2069=VERTEX_POINT('',#2559);
#2070=CIRCLE('',#2560,0.03);
#2071=VERTEX_POINT('',#2564);
#2072=LINE('',#2565,#2566);
#2073=VERTEX_POINT('',#2568);
#2074=LINE('',#2569,#2570);
#2075=VERTEX_POINT('',#2572);
#2076=CIRCLE('',#2573,0.03);
#2077=VERTEX_POINT('',#2577);
#2078=LINE('',#2578,#2579);
#2079=LINE('',#2581,#2582);
#2080=LINE('',#2584,#2585);
#2081=LINE('',#2587,#2588);
#2082=LINE('',#2590,#2591);
#2083=LINE('',#2593,#2594);
#2084=LINE('',#2596,#2597);
#2085=LINE('',#2599,#2600);
#2086=LINE('',#2602,#2603);
#2087=LINE('',#2605,#2606);
#2088=LINE('',#2608,#2609);
#2089=LINE('',#2611,#2612);
#2090=LINE('',#2614,#2615);
#2091=LINE('',#2617,#2618);
#2092=LINE('',#2620,#2621);
#2093=LINE('',#2623,#2624);
#2094=LINE('',#2626,#2627);
#2095=LINE('',#2629,#2630);
#2096=LINE('',#2632,#2633);
#2097=LINE('',#2635,#2636);
#2098=LINE('',#2638,#2639);
#2099=LINE('',#2641,#2642);
#2100=LINE('',#2644,#2645);
#2101=LINE('',#2647,#2648);
#2102=LINE('',#2650,#2651);
#2103=LINE('',#2653,#2654);
#2104=LINE('',#2656,#2657);
#2105=LINE('',#2659,#2660);
#2106=LINE('',#2662,#2663);
#2107=LINE('',#2665,#2666);
#2108=LINE('',#2668,#2669);
#2109=LINE('',#2671,#2672);
#2110=LINE('',#2674,#2675);
#2111=LINE('',#2677,#2678);
#2112=LINE('',#2680,#2681);
#2113=LINE('',#2683,#2684);
#2114=VERTEX_POINT('',#2686);
#2115=CIRCLE('',#2687,0.1275);
#2116=VERTEX_POINT('',#2691);
#2117=CIRCLE('',#2692,0.255);
#2118=VERTEX_POINT('',#2696);
#2119=CIRCLE('',#2697,0.255);
#2120=VERTEX_POINT('',#2701);
#2121=CIRCLE('',#2702,0.66);
#2122=VERTEX_POINT('',#2706);
#2123=CIRCLE('',#2707,0.66);
#2124=VERTEX_POINT('',#2711);
#2125=CIRCLE('',#2712,0.810000000000001);
#2126=VERTEX_POINT('',#2716);
#2127=CIRCLE('',#2717,0.659999999999999);
#2128=VERTEX_POINT('',#2721);
#2129=CIRCLE('',#2722,0.66);
#2130=VERTEX_POINT('',#2726);
#2131=CIRCLE('',#2727,0.915);
#2132=VERTEX_POINT('',#2731);
#2133=CIRCLE('',#2732,0.915);
#2134=VERTEX_POINT('',#2736);
#2135=CIRCLE('',#2737,0.609191070866214);
#2136=VERTEX_POINT('',#2741);
#2137=CIRCLE('',#2742,0.5);
#2138=VERTEX_POINT('',#2746);
#2139=CIRCLE('',#2747,0.5);
#2140=VERTEX_POINT('',#2751);
#2141=CIRCLE('',#2752,0.225);
#2142=VERTEX_POINT('',#2756);
#2143=CIRCLE('',#2757,0.5);
#2144=VERTEX_POINT('',#2761);
#2145=CIRCLE('',#2762,0.5);
#2146=VERTEX_POINT('',#2766);
#2147=CIRCLE('',#2767,0.03);
#2148=CARTESIAN_POINT('',(3.65099559473196,-1.27,1.57));
#2149=CARTESIAN_POINT('',(3.65099559473196,-1.27,2.84));
#2150=CARTESIAN_POINT('',(3.65099559473196,-1.27,2.84));
#2151=VECTOR('',#2152,1.);
#2152=DIRECTION('',(0.,0.,-1.));
#2153=CARTESIAN_POINT('',(1.42900440526804,-1.27,2.84));
#2154=CARTESIAN_POINT('',(1.42900440526804,-1.27,2.84));
#2155=VECTOR('',#2156,1.);
#2156=DIRECTION('',(1.,0.,0.));
#2157=CARTESIAN_POINT('',(1.42900440526804,-1.27,1.57));
#2158=CARTESIAN_POINT('',(1.42900440526804,-1.27,1.57));
#2159=VECTOR('',#2160,1.);
#2160=DIRECTION('',(0.,0.,1.));
#2161=CARTESIAN_POINT('',(1.42900440526804,-1.27,1.57));
#2162=VECTOR('',#2163,1.);
#2163=DIRECTION('',(1.,0.,0.));
#2164=CARTESIAN_POINT('',(3.96900440526804,-1.27,2.84));
#2165=CARTESIAN_POINT('',(3.96900440526804,-1.27,1.57));
#2166=CARTESIAN_POINT('',(3.96900440526804,-1.27,1.57));
#2167=VECTOR('',#2168,1.);
#2168=DIRECTION('',(0.,0.,1.));
#2169=CARTESIAN_POINT('',(6.3251077025535,-1.27,1.57));
#2170=CARTESIAN_POINT('',(3.96900440526804,-1.27,1.57));
#2171=VECTOR('',#2172,1.);
#2172=DIRECTION('',(1.,0.,0.));
#2173=CARTESIAN_POINT('',(6.3251077025535,-1.27,2.84));
#2174=CARTESIAN_POINT('',(6.3251077025535,-1.27,1.57));
#2175=VECTOR('',#2176,1.);
#2176=DIRECTION('',(0.,0.,1.));
#2177=CARTESIAN_POINT('',(3.96900440526804,-1.27,2.84));
#2178=VECTOR('',#2179,1.);
#2179=DIRECTION('',(1.,0.,0.));
#2180=CARTESIAN_POINT('',(3.65099559473196,1.27,2.84));
#2181=CARTESIAN_POINT('',(3.65099559473196,1.27,1.57));
#2182=CARTESIAN_POINT('',(3.65099559473196,1.27,1.57));
#2183=VECTOR('',#2184,1.);
#2184=DIRECTION('',(0.,0.,1.));
#2185=CARTESIAN_POINT('',(3.78281076638794,1.55267854785015,1.57));
#2186=CARTESIAN_POINT('',(3.78281076638794,1.55267854785015,1.57));
#2187=VECTOR('',#2188,1.);
#2188=DIRECTION('',(-0.422618261733638,-0.906307787039943,0.));
#2189=CARTESIAN_POINT('',(3.78281076638794,1.55267854785015,2.84));
#2190=CARTESIAN_POINT('',(3.78281076638794,1.55267854785015,1.57));
#2191=VECTOR('',#2192,1.);
#2192=DIRECTION('',(0.,0.,1.));
#2193=CARTESIAN_POINT('',(3.78281076638794,1.55267854785015,2.84));
#2194=VECTOR('',#2195,1.);
#2195=DIRECTION('',(-0.422618261733638,-0.906307787039943,0.));
#2196=CARTESIAN_POINT('',(3.96900440526804,1.27,1.57));
#2197=CARTESIAN_POINT('',(3.96900440526804,1.27,2.84));
#2198=CARTESIAN_POINT('',(3.96900440526804,1.27,1.57));
#2199=VECTOR('',#2200,1.);
#2200=DIRECTION('',(0.,0.,1.));
#2201=CARTESIAN_POINT('',(3.83718923360911,1.55267854785648,2.84));
#2202=CARTESIAN_POINT('',(3.96900440526804,1.27,2.84));
#2203=VECTOR('',#2204,1.);
#2204=DIRECTION('',(-0.422618261733638,0.906307787039943,0.));
#2205=CARTESIAN_POINT('',(3.83718923360911,1.55267854785648,1.57));
#2206=CARTESIAN_POINT('',(3.83718923360911,1.55267854785648,1.57));
#2207=VECTOR('',#2208,1.);
#2208=DIRECTION('',(0.,0.,1.));
#2209=CARTESIAN_POINT('',(3.96900440526804,1.27,1.57));
#2210=VECTOR('',#2211,1.);
#2211=DIRECTION('',(-0.422618261733638,0.906307787039943,0.));
#2212=CARTESIAN_POINT('',(3.83718923360911,-0.987321452143519,1.57));
#2213=CARTESIAN_POINT('',(3.78281076638794,-0.987321452149846,1.57));
#2214=AXIS2_PLACEMENT_3D('',#2215,#2216,#2217);
#2215=CARTESIAN_POINT('',(3.81,-1.,1.57));
#2216=DIRECTION('',(0.,-0.,1.));
#2217=DIRECTION('',(0.906307786970438,0.422618261882691,0.));
#2218=CARTESIAN_POINT('',(3.78281076638794,-0.987321452149846,1.57));
#2219=VECTOR('',#2220,1.);
#2220=DIRECTION('',(-0.422618261733638,-0.906307787039943,0.));
#2221=CARTESIAN_POINT('',(1.29718923360911,-0.987321452143519,1.57));
#2222=CARTESIAN_POINT('',(1.42900440526804,-1.27,1.57));
#2223=VECTOR('',#2224,1.);
#2224=DIRECTION('',(-0.422618261733638,0.906307787039943,0.));
#2225=CARTESIAN_POINT('',(1.24281076638794,-0.987321452149846,1.57));
#2226=AXIS2_PLACEMENT_3D('',#2227,#2228,#2229);
#2227=CARTESIAN_POINT('',(1.27,-1.,1.57));
#2228=DIRECTION('',(0.,-0.,1.));
#2229=DIRECTION('',(0.906307786970437,0.422618261882694,0.));
#2230=CARTESIAN_POINT('',(1.11099559473196,-1.27,1.57));
#2231=CARTESIAN_POINT('',(1.24281076638794,-0.987321452149846,1.57));
#2232=VECTOR('',#2233,1.);
#2233=DIRECTION('',(-0.422618261733637,-0.906307787039943,0.));
#2234=CARTESIAN_POINT('',(-1.2451077025535,-1.27,1.57));
#2235=CARTESIAN_POINT('',(-1.2451077025535,-1.27,1.57));
#2236=VECTOR('',#2237,1.);
#2237=DIRECTION('',(1.,0.,0.));
#2238=CARTESIAN_POINT('',(-1.385,-0.97,1.57));
#2239=CARTESIAN_POINT('',(-1.385,-0.97,1.57));
#2240=VECTOR('',#2241,1.);
#2241=DIRECTION('',(0.422618261740699,-0.90630778703665,0.));
#2242=CARTESIAN_POINT('',(-1.385,0.970000000000001,1.57));
#2243=CARTESIAN_POINT('',(-1.385,0.970000000000001,1.57));
#2244=VECTOR('',#2245,1.);
#2245=DIRECTION('',(-2.28911963840238E-016,-1.,0.));
#2246=CARTESIAN_POINT('',(-1.2451077025535,1.27,1.57));
#2247=CARTESIAN_POINT('',(-1.2451077025535,1.27,1.57));
#2248=VECTOR('',#2249,1.);
#2249=DIRECTION('',(-0.4226182617407,-0.90630778703665,0.));
#2250=CARTESIAN_POINT('',(-1.385,1.57,1.57));
#2251=CARTESIAN_POINT('',(-1.385,1.57,1.57));
#2252=VECTOR('',#2253,1.);
#2253=DIRECTION('',(0.422618261740699,-0.90630778703665,0.));
#2254=CARTESIAN_POINT('',(-1.385,3.51,1.57));
#2255=CARTESIAN_POINT('',(-1.385,3.51,1.57));
#2256=VECTOR('',#2257,1.);
#2257=DIRECTION('',(-2.28911963840238E-016,-1.,0.));
#2258=CARTESIAN_POINT('',(-1.2451077025535,3.81,1.57));
#2259=CARTESIAN_POINT('',(-1.2451077025535,3.81,1.57));
#2260=VECTOR('',#2261,1.);
#2261=DIRECTION('',(-0.4226182617407,-0.90630778703665,0.));
#2262=CARTESIAN_POINT('',(1.11099559472815,3.81,1.57));
#2263=CARTESIAN_POINT('',(1.11099559472815,3.81,1.57));
#2264=VECTOR('',#2265,1.);
#2265=DIRECTION('',(-1.,0.,0.));
#2266=CARTESIAN_POINT('',(1.24281076638894,3.52732145214769,1.57));
#2267=CARTESIAN_POINT('',(1.11099559472815,3.81,1.57));
#2268=VECTOR('',#2269,1.);
#2269=DIRECTION('',(0.422618261743666,-0.906307787035267,0.));
#2270=CARTESIAN_POINT('',(1.29718923361106,3.52732145214769,1.57));
#2271=AXIS2_PLACEMENT_3D('',#2272,#2273,#2274);
#2272=CARTESIAN_POINT('',(1.27,3.54,1.57));
#2273=DIRECTION('',(-0.,0.,1.));
#2274=DIRECTION('',(-0.906307787035288,-0.42261826174362,0.));
#2275=CARTESIAN_POINT('',(1.42900440527185,3.81,1.57));
#2276=CARTESIAN_POINT('',(1.29718923361106,3.52732145214769,1.57));
#2277=VECTOR('',#2278,1.);
#2278=DIRECTION('',(0.422618261743663,0.906307787035268,0.));
#2279=CARTESIAN_POINT('',(3.65099559472815,3.81,1.57));
#2280=CARTESIAN_POINT('',(3.65099559472815,3.81,1.57));
#2281=VECTOR('',#2282,1.);
#2282=DIRECTION('',(-1.,0.,0.));
#2283=CARTESIAN_POINT('',(3.78281076638894,3.52732145214769,1.57));
#2284=CARTESIAN_POINT('',(3.65099559472815,3.81,1.57));
#2285=VECTOR('',#2286,1.);
#2286=DIRECTION('',(0.422618261743667,-0.906307787035266,0.));
#2287=CARTESIAN_POINT('',(3.83718923361106,3.52732145214769,1.57));
#2288=AXIS2_PLACEMENT_3D('',#2289,#2290,#2291);
#2289=CARTESIAN_POINT('',(3.81,3.54,1.57));
#2290=DIRECTION('',(-0.,0.,1.));
#2291=DIRECTION('',(-0.906307787035287,-0.422618261743623,0.));
#2292=CARTESIAN_POINT('',(3.96900440527185,3.81,1.57));
#2293=CARTESIAN_POINT('',(3.83718923361106,3.52732145214769,1.57));
#2294=VECTOR('',#2295,1.);
#2295=DIRECTION('',(0.422618261743663,0.906307787035268,0.));
#2296=CARTESIAN_POINT('',(6.3251077025535,3.81,1.57));
#2297=CARTESIAN_POINT('',(6.3251077025535,3.81,1.57));
#2298=VECTOR('',#2299,1.);
#2299=DIRECTION('',(-1.,0.,0.));
#2300=CARTESIAN_POINT('',(6.465,3.51,1.57));
#2301=CARTESIAN_POINT('',(6.465,3.51,1.57));
#2302=VECTOR('',#2303,1.);
#2303=DIRECTION('',(-0.422618261740702,0.906307787036648,0.));
#2304=CARTESIAN_POINT('',(6.465,1.57,1.57));
#2305=CARTESIAN_POINT('',(6.465,1.57,1.57));
#2306=VECTOR('',#2307,1.);
#2307=DIRECTION('',(4.57823927680477E-016,1.,0.));
#2308=CARTESIAN_POINT('',(6.3251077025535,1.27,1.57));
#2309=CARTESIAN_POINT('',(6.3251077025535,1.27,1.57));
#2310=VECTOR('',#2311,1.);
#2311=DIRECTION('',(0.4226182617407,0.90630778703665,0.));
#2312=CARTESIAN_POINT('',(6.465,0.97,1.57));
#2313=CARTESIAN_POINT('',(6.465,0.97,1.57));
#2314=VECTOR('',#2315,1.);
#2315=DIRECTION('',(-0.422618261740702,0.906307787036648,0.));
#2316=CARTESIAN_POINT('',(6.465,-0.97,1.57));
#2317=CARTESIAN_POINT('',(6.465,-0.97,1.57));
#2318=VECTOR('',#2319,1.);
#2319=DIRECTION('',(4.57823927680477E-016,1.,0.));
#2320=CARTESIAN_POINT('',(6.3251077025535,-1.27,1.57));
#2321=VECTOR('',#2322,1.);
#2322=DIRECTION('',(0.4226182617407,0.90630778703665,0.));
#2323=CARTESIAN_POINT('',(3.96900440526804,-1.27,1.57));
#2324=VECTOR('',#2325,1.);
#2325=DIRECTION('',(-0.422618261733638,0.906307787039943,0.));
#2326=CARTESIAN_POINT('',(3.83718923361106,0.987321452147693,1.57));
#2327=CARTESIAN_POINT('',(3.83718923361106,0.987321452147693,1.57));
#2328=VECTOR('',#2329,1.);
#2329=DIRECTION('',(0.422618261743663,0.906307787035268,0.));
#2330=AXIS2_PLACEMENT_3D('',#2331,#2332,#2333);
#2331=CARTESIAN_POINT('',(3.81,1.54,1.57));
#2332=DIRECTION('',(0.,-0.,1.));
#2333=DIRECTION('',(0.906307786970438,0.422618261882691,0.));
#2334=CARTESIAN_POINT('',(3.78281076638894,0.987321452147693,1.57));
#2335=CARTESIAN_POINT('',(3.65099559472815,1.27,1.57));
#2336=VECTOR('',#2337,1.);
#2337=DIRECTION('',(0.422618261743665,-0.906307787035267,0.));
#2338=AXIS2_PLACEMENT_3D('',#2339,#2340,#2341);
#2339=CARTESIAN_POINT('',(3.81,1.,1.57));
#2340=DIRECTION('',(-0.,0.,1.));
#2341=DIRECTION('',(-0.906307787035284,-0.422618261743629,0.));
#2342=CARTESIAN_POINT('',(3.2,-8.08266887437253E-017,1.57));
#2343=AXIS2_PLACEMENT_3D('',#2344,#2345,#2346);
#2344=CARTESIAN_POINT('',(2.54,0.,1.57));
#2345=DIRECTION('',(0.,0.,1.));
#2346=DIRECTION('',(1.,0.,0.));
#2347=CARTESIAN_POINT('',(5.74,-8.08266887437253E-017,1.57));
#2348=AXIS2_PLACEMENT_3D('',#2349,#2350,#2351);
#2349=CARTESIAN_POINT('',(5.08,0.,1.57));
#2350=DIRECTION('',(0.,0.,1.));
#2351=DIRECTION('',(1.,0.,0.));
#2352=CARTESIAN_POINT('',(0.66,2.54,1.57));
#2353=AXIS2_PLACEMENT_3D('',#2354,#2355,#2356);
#2354=CARTESIAN_POINT('',(1.55530143491714E-016,2.54,1.57));
#2355=DIRECTION('',(0.,0.,1.));
#2356=DIRECTION('',(1.,0.,0.));
#2357=CARTESIAN_POINT('',(3.2,2.54,1.57));
#2358=AXIS2_PLACEMENT_3D('',#2359,#2360,#2361);
#2359=CARTESIAN_POINT('',(2.54,2.54,1.57));
#2360=DIRECTION('',(0.,0.,1.));
#2361=DIRECTION('',(1.,0.,0.));
#2362=CARTESIAN_POINT('',(5.74,2.54,1.57));
#2363=AXIS2_PLACEMENT_3D('',#2364,#2365,#2366);
#2364=CARTESIAN_POINT('',(5.08,2.54,1.57));
#2365=DIRECTION('',(0.,0.,1.));
#2366=DIRECTION('',(1.,0.,0.));
#2367=CARTESIAN_POINT('',(0.66,-8.08266887437253E-017,1.57));
#2368=AXIS2_PLACEMENT_3D('',#2369,#2370,#2371);
#2369=CARTESIAN_POINT('',(0.,0.,1.57));
#2370=DIRECTION('',(0.,0.,1.));
#2371=DIRECTION('',(1.,0.,0.));
#2372=CARTESIAN_POINT('',(1.29718923360911,1.55267854785648,1.57));
#2373=CARTESIAN_POINT('',(1.24281076638794,1.55267854785015,1.57));
#2374=AXIS2_PLACEMENT_3D('',#2375,#2376,#2377);
#2375=CARTESIAN_POINT('',(1.27,1.54,1.57));
#2376=DIRECTION('',(0.,-0.,1.));
#2377=DIRECTION('',(0.906307786970437,0.422618261882694,0.));
#2378=CARTESIAN_POINT('',(1.11099559472815,1.27,1.57));
#2379=CARTESIAN_POINT('',(1.24281076638794,1.55267854785015,1.57));
#2380=VECTOR('',#2381,1.);
#2381=DIRECTION('',(-0.422618261733637,-0.906307787039943,0.));
#2382=CARTESIAN_POINT('',(1.24281076638894,0.987321452147693,1.57));
#2383=CARTESIAN_POINT('',(1.11099559472815,1.27,1.57));
#2384=VECTOR('',#2385,1.);
#2385=DIRECTION('',(0.422618261743666,-0.906307787035267,0.));
#2386=CARTESIAN_POINT('',(1.29718923361106,0.987321452147693,1.57));
#2387=AXIS2_PLACEMENT_3D('',#2388,#2389,#2390);
#2388=CARTESIAN_POINT('',(1.27,1.,1.57));
#2389=DIRECTION('',(-0.,0.,1.));
#2390=DIRECTION('',(-0.906307787035285,-0.422618261743626,0.));
#2391=CARTESIAN_POINT('',(1.42900440527185,1.27,1.57));
#2392=CARTESIAN_POINT('',(1.29718923361106,0.987321452147693,1.57));
#2393=VECTOR('',#2394,1.);
#2394=DIRECTION('',(0.422618261743663,0.906307787035268,0.));
#2395=CARTESIAN_POINT('',(1.42900440526804,1.27,1.57));
#2396=VECTOR('',#2397,1.);
#2397=DIRECTION('',(-0.422618261733638,0.906307787039943,0.));
#2398=CARTESIAN_POINT('',(3.78281076638794,-0.987321452149846,2.84));
#2399=CARTESIAN_POINT('',(3.83718923360911,-0.987321452143519,2.84));
#2400=AXIS2_PLACEMENT_3D('',#2401,#2402,#2403);
#2401=CARTESIAN_POINT('',(3.81,-1.,2.84));
#2402=DIRECTION('',(0.,-0.,1.));
#2403=DIRECTION('',(0.906307786970438,0.422618261882691,0.));
#2404=CARTESIAN_POINT('',(3.96900440526804,-1.27,2.84));
#2405=VECTOR('',#2406,1.);
#2406=DIRECTION('',(-0.422618261733638,0.906307787039943,0.));
#2407=CARTESIAN_POINT('',(6.465,-0.97,2.84));
#2408=CARTESIAN_POINT('',(6.3251077025535,-1.27,2.84));
#2409=VECTOR('',#2410,1.);
#2410=DIRECTION('',(0.4226182617407,0.90630778703665,0.));
#2411=CARTESIAN_POINT('',(6.465,0.97,2.84));
#2412=CARTESIAN_POINT('',(6.465,-0.97,2.84));
#2413=VECTOR('',#2414,1.);
#2414=DIRECTION('',(4.57823927680477E-016,1.,0.));
#2415=CARTESIAN_POINT('',(6.3251077025535,1.27,2.84));
#2416=CARTESIAN_POINT('',(6.465,0.97,2.84));
#2417=VECTOR('',#2418,1.);
#2418=DIRECTION('',(-0.422618261740702,0.906307787036648,0.));
#2419=CARTESIAN_POINT('',(6.465,1.57,2.84));
#2420=CARTESIAN_POINT('',(6.3251077025535,1.27,2.84));
#2421=VECTOR('',#2422,1.);
#2422=DIRECTION('',(0.4226182617407,0.90630778703665,0.));
#2423=CARTESIAN_POINT('',(6.465,3.51,2.84));
#2424=CARTESIAN_POINT('',(6.465,1.57,2.84));
#2425=VECTOR('',#2426,1.);
#2426=DIRECTION('',(4.57823927680477E-016,1.,0.));
#2427=CARTESIAN_POINT('',(6.3251077025535,3.81,2.84));
#2428=CARTESIAN_POINT('',(6.465,3.51,2.84));
#2429=VECTOR('',#2430,1.);
#2430=DIRECTION('',(-0.422618261740702,0.906307787036648,0.));
#2431=CARTESIAN_POINT('',(3.96900440527185,3.81,2.84));
#2432=CARTESIAN_POINT('',(6.3251077025535,3.81,2.84));
#2433=VECTOR('',#2434,1.);
#2434=DIRECTION('',(-1.,0.,0.));
#2435=CARTESIAN_POINT('',(3.83718923361106,3.52732145214769,2.84));
#2436=CARTESIAN_POINT('',(3.83718923361106,3.52732145214769,2.84));
#2437=VECTOR('',#2438,1.);
#2438=DIRECTION('',(0.422618261743663,0.906307787035268,0.));
#2439=CARTESIAN_POINT('',(3.78281076638894,3.52732145214769,2.84));
#2440=AXIS2_PLACEMENT_3D('',#2441,#2442,#2443);
#2441=CARTESIAN_POINT('',(3.81,3.54,2.84));
#2442=DIRECTION('',(-0.,0.,1.));
#2443=DIRECTION('',(-0.906307787035287,-0.422618261743623,0.));
#2444=CARTESIAN_POINT('',(3.65099559472815,3.81,2.84));
#2445=CARTESIAN_POINT('',(3.65099559472815,3.81,2.84));
#2446=VECTOR('',#2447,1.);
#2447=DIRECTION('',(0.422618261743667,-0.906307787035266,0.));
#2448=CARTESIAN_POINT('',(1.42900440527185,3.81,2.84));
#2449=CARTESIAN_POINT('',(3.65099559472815,3.81,2.84));
#2450=VECTOR('',#2451,1.);
#2451=DIRECTION('',(-1.,0.,0.));
#2452=CARTESIAN_POINT('',(1.29718923361106,3.52732145214769,2.84));
#2453=CARTESIAN_POINT('',(1.29718923361106,3.52732145214769,2.84));
#2454=VECTOR('',#2455,1.);
#2455=DIRECTION('',(0.422618261743663,0.906307787035268,0.));
#2456=CARTESIAN_POINT('',(1.24281076638894,3.52732145214769,2.84));
#2457=AXIS2_PLACEMENT_3D('',#2458,#2459,#2460);
#2458=CARTESIAN_POINT('',(1.27,3.54,2.84));
#2459=DIRECTION('',(-0.,0.,1.));
#2460=DIRECTION('',(-0.906307787035288,-0.42261826174362,0.));
#2461=CARTESIAN_POINT('',(1.11099559472815,3.81,2.84));
#2462=CARTESIAN_POINT('',(1.11099559472815,3.81,2.84));
#2463=VECTOR('',#2464,1.);
#2464=DIRECTION('',(0.422618261743666,-0.906307787035267,0.));
#2465=CARTESIAN_POINT('',(-1.2451077025535,3.81,2.84));
#2466=CARTESIAN_POINT('',(1.11099559472815,3.81,2.84));
#2467=VECTOR('',#2468,1.);
#2468=DIRECTION('',(-1.,0.,0.));
#2469=CARTESIAN_POINT('',(-1.385,3.51,2.84));
#2470=CARTESIAN_POINT('',(-1.2451077025535,3.81,2.84));
#2471=VECTOR('',#2472,1.);
#2472=DIRECTION('',(-0.4226182617407,-0.90630778703665,0.));
#2473=CARTESIAN_POINT('',(-1.385,1.57,2.84));
#2474=CARTESIAN_POINT('',(-1.385,3.51,2.84));
#2475=VECTOR('',#2476,1.);
#2476=DIRECTION('',(-2.28911963840238E-016,-1.,0.));
#2477=CARTESIAN_POINT('',(-1.2451077025535,1.27,2.84));
#2478=CARTESIAN_POINT('',(-1.385,1.57,2.84));
#2479=VECTOR('',#2480,1.);
#2480=DIRECTION('',(0.422618261740699,-0.90630778703665,0.));
#2481=CARTESIAN_POINT('',(-1.385,0.970000000000001,2.84));
#2482=CARTESIAN_POINT('',(-1.2451077025535,1.27,2.84));
#2483=VECTOR('',#2484,1.);
#2484=DIRECTION('',(-0.4226182617407,-0.90630778703665,0.));
#2485=CARTESIAN_POINT('',(-1.385,-0.97,2.84));
#2486=CARTESIAN_POINT('',(-1.385,0.970000000000001,2.84));
#2487=VECTOR('',#2488,1.);
#2488=DIRECTION('',(-2.28911963840238E-016,-1.,0.));
#2489=CARTESIAN_POINT('',(-1.2451077025535,-1.27,2.84));
#2490=CARTESIAN_POINT('',(-1.385,-0.97,2.84));
#2491=VECTOR('',#2492,1.);
#2492=DIRECTION('',(0.422618261740699,-0.90630778703665,0.));
#2493=CARTESIAN_POINT('',(1.11099559473196,-1.27,2.84));
#2494=CARTESIAN_POINT('',(-1.2451077025535,-1.27,2.84));
#2495=VECTOR('',#2496,1.);
#2496=DIRECTION('',(1.,0.,0.));
#2497=CARTESIAN_POINT('',(1.24281076638794,-0.987321452149846,2.84));
#2498=CARTESIAN_POINT('',(1.24281076638794,-0.987321452149846,2.84));
#2499=VECTOR('',#2500,1.);
#2500=DIRECTION('',(-0.422618261733637,-0.906307787039943,0.));
#2501=CARTESIAN_POINT('',(1.29718923360911,-0.987321452143519,2.84));
#2502=AXIS2_PLACEMENT_3D('',#2503,#2504,#2505);
#2503=CARTESIAN_POINT('',(1.27,-1.,2.84));
#2504=DIRECTION('',(0.,-0.,1.));
#2505=DIRECTION('',(0.906307786970437,0.422618261882694,0.));
#2506=CARTESIAN_POINT('',(1.42900440526804,-1.27,2.84));
#2507=VECTOR('',#2508,1.);
#2508=DIRECTION('',(-0.422618261733638,0.906307787039943,0.));
#2509=CARTESIAN_POINT('',(3.78281076638794,-0.987321452149846,2.84));
#2510=VECTOR('',#2511,1.);
#2511=DIRECTION('',(-0.422618261733638,-0.906307787039943,0.));
#2512=CARTESIAN_POINT('',(3.83718923361106,0.987321452147693,2.84));
#2513=CARTESIAN_POINT('',(3.83718923361106,0.987321452147693,2.84));
#2514=VECTOR('',#2515,1.);
#2515=DIRECTION('',(0.422618261743663,0.906307787035268,0.));
#2516=CARTESIAN_POINT('',(3.78281076638894,0.987321452147693,2.84));
#2517=AXIS2_PLACEMENT_3D('',#2518,#2519,#2520);
#2518=CARTESIAN_POINT('',(3.81,1.,2.84));
#2519=DIRECTION('',(-0.,0.,1.));
#2520=DIRECTION('',(-0.906307787035284,-0.422618261743629,0.));
#2521=CARTESIAN_POINT('',(3.65099559472815,1.27,2.84));
#2522=VECTOR('',#2523,1.);
#2523=DIRECTION('',(0.422618261743665,-0.906307787035267,0.));
#2524=AXIS2_PLACEMENT_3D('',#2525,#2526,#2527);
#2525=CARTESIAN_POINT('',(3.81,1.54,2.84));
#2526=DIRECTION('',(0.,-0.,1.));
#2527=DIRECTION('',(0.906307786970438,0.422618261882691,0.));
#2528=CARTESIAN_POINT('',(3.2,-8.08266887437253E-017,2.84));
#2529=AXIS2_PLACEMENT_3D('',#2530,#2531,#2532);
#2530=CARTESIAN_POINT('',(2.54,0.,2.84));
#2531=DIRECTION('',(0.,0.,1.));
#2532=DIRECTION('',(1.,0.,0.));
#2533=CARTESIAN_POINT('',(5.74,-8.08266887437253E-017,2.84));
#2534=AXIS2_PLACEMENT_3D('',#2535,#2536,#2537);
#2535=CARTESIAN_POINT('',(5.08,0.,2.84));
#2536=DIRECTION('',(0.,0.,1.));
#2537=DIRECTION('',(1.,0.,0.));
#2538=CARTESIAN_POINT('',(0.66,2.54,2.84));
#2539=AXIS2_PLACEMENT_3D('',#2540,#2541,#2542);
#2540=CARTESIAN_POINT('',(1.55530143491714E-016,2.54,2.84));
#2541=DIRECTION('',(0.,0.,1.));
#2542=DIRECTION('',(1.,0.,0.));
#2543=CARTESIAN_POINT('',(3.2,2.54,2.84));
#2544=AXIS2_PLACEMENT_3D('',#2545,#2546,#2547);
#2545=CARTESIAN_POINT('',(2.54,2.54,2.84));
#2546=DIRECTION('',(0.,0.,1.));
#2547=DIRECTION('',(1.,0.,0.));
#2548=CARTESIAN_POINT('',(5.74,2.54,2.84));
#2549=AXIS2_PLACEMENT_3D('',#2550,#2551,#2552);
#2550=CARTESIAN_POINT('',(5.08,2.54,2.84));
#2551=DIRECTION('',(0.,0.,1.));
#2552=DIRECTION('',(1.,0.,0.));
#2553=CARTESIAN_POINT('',(0.66,-8.08266887437253E-017,2.84));
#2554=AXIS2_PLACEMENT_3D('',#2555,#2556,#2557);
#2555=CARTESIAN_POINT('',(0.,0.,2.84));
#2556=DIRECTION('',(0.,0.,1.));
#2557=DIRECTION('',(1.,0.,0.));
#2558=CARTESIAN_POINT('',(1.24281076638794,1.55267854785015,2.84));
#2559=CARTESIAN_POINT('',(1.29718923360911,1.55267854785648,2.84));
#2560=AXIS2_PLACEMENT_3D('',#2561,#2562,#2563);
#2561=CARTESIAN_POINT('',(1.27,1.54,2.84));
#2562=DIRECTION('',(0.,-0.,1.));
#2563=DIRECTION('',(0.906307786970437,0.422618261882694,0.));
#2564=CARTESIAN_POINT('',(1.42900440527185,1.27,2.84));
#2565=CARTESIAN_POINT('',(1.42900440526804,1.27,2.84));
#2566=VECTOR('',#2567,1.);
#2567=DIRECTION('',(-0.422618261733638,0.906307787039943,0.));
#2568=CARTESIAN_POINT('',(1.29718923361106,0.987321452147693,2.84));
#2569=CARTESIAN_POINT('',(1.29718923361106,0.987321452147693,2.84));
#2570=VECTOR('',#2571,1.);
#2571=DIRECTION('',(0.422618261743663,0.906307787035268,0.));
#2572=CARTESIAN_POINT('',(1.24281076638894,0.987321452147693,2.84));
#2573=AXIS2_PLACEMENT_3D('',#2574,#2575,#2576);
#2574=CARTESIAN_POINT('',(1.27,1.,2.84));
#2575=DIRECTION('',(-0.,0.,1.));
#2576=DIRECTION('',(-0.906307787035285,-0.422618261743626,0.));
#2577=CARTESIAN_POINT('',(1.11099559472815,1.27,2.84));
#2578=CARTESIAN_POINT('',(1.11099559472815,1.27,2.84));
#2579=VECTOR('',#2580,1.);
#2580=DIRECTION('',(0.422618261743666,-0.906307787035267,0.));
#2581=CARTESIAN_POINT('',(1.24281076638794,1.55267854785015,2.84));
#2582=VECTOR('',#2583,1.);
#2583=DIRECTION('',(-0.422618261733637,-0.906307787039943,0.));
#2584=CARTESIAN_POINT('',(3.83718923360911,-0.987321452143519,1.57));
#2585=VECTOR('',#2586,1.);
#2586=DIRECTION('',(0.,0.,1.));
#2587=CARTESIAN_POINT('',(3.78281076638794,-0.987321452149846,1.57));
#2588=VECTOR('',#2589,1.);
#2589=DIRECTION('',(0.,0.,1.));
#2590=CARTESIAN_POINT('',(3.83718923361106,0.987321452147693,1.57));
#2591=VECTOR('',#2592,1.);
#2592=DIRECTION('',(0.,0.,1.));
#2593=CARTESIAN_POINT('',(3.78281076638894,0.987321452147694,1.57));
#2594=VECTOR('',#2595,1.);
#2595=DIRECTION('',(0.,0.,1.));
#2596=CARTESIAN_POINT('',(1.29718923360911,-0.987321452143519,1.57));
#2597=VECTOR('',#2598,1.);
#2598=DIRECTION('',(0.,0.,1.));
#2599=CARTESIAN_POINT('',(6.465,-0.97,1.57));
#2600=VECTOR('',#2601,1.);
#2601=DIRECTION('',(0.,0.,1.));
#2602=CARTESIAN_POINT('',(1.24281076638794,-0.987321452149846,1.57));
#2603=VECTOR('',#2604,1.);
#2604=DIRECTION('',(0.,0.,1.));
#2605=CARTESIAN_POINT('',(1.11099559473196,-1.27,2.84));
#2606=VECTOR('',#2607,1.);
#2607=DIRECTION('',(0.,0.,-1.));
#2608=CARTESIAN_POINT('',(-1.2451077025535,-1.27,1.57));
#2609=VECTOR('',#2610,1.);
#2610=DIRECTION('',(0.,0.,1.));
#2611=CARTESIAN_POINT('',(-1.385,-0.97,1.57));
#2612=VECTOR('',#2613,1.);
#2613=DIRECTION('',(0.,0.,1.));
#2614=CARTESIAN_POINT('',(-1.385,0.970000000000001,1.57));
#2615=VECTOR('',#2616,1.);
#2616=DIRECTION('',(0.,0.,1.));
#2617=CARTESIAN_POINT('',(-1.2451077025535,1.27,1.57));
#2618=VECTOR('',#2619,1.);
#2619=DIRECTION('',(0.,0.,1.));
#2620=CARTESIAN_POINT('',(-1.385,1.57,1.57));
#2621=VECTOR('',#2622,1.);
#2622=DIRECTION('',(0.,0.,1.));
#2623=CARTESIAN_POINT('',(-1.385,3.51,1.57));
#2624=VECTOR('',#2625,1.);
#2625=DIRECTION('',(0.,0.,1.));
#2626=CARTESIAN_POINT('',(-1.2451077025535,3.81,1.57));
#2627=VECTOR('',#2628,1.);
#2628=DIRECTION('',(0.,0.,1.));
#2629=CARTESIAN_POINT('',(1.11099559472815,3.81,1.57));
#2630=VECTOR('',#2631,1.);
#2631=DIRECTION('',(0.,0.,1.));
#2632=CARTESIAN_POINT('',(1.24281076638894,3.52732145214769,1.57));
#2633=VECTOR('',#2634,1.);
#2634=DIRECTION('',(0.,0.,1.));
#2635=CARTESIAN_POINT('',(1.29718923361106,3.52732145214769,1.57));
#2636=VECTOR('',#2637,1.);
#2637=DIRECTION('',(0.,0.,1.));
#2638=CARTESIAN_POINT('',(1.42900440527185,3.81,2.84));
#2639=VECTOR('',#2640,1.);
#2640=DIRECTION('',(0.,0.,-1.));
#2641=CARTESIAN_POINT('',(3.65099559472815,3.81,1.57));
#2642=VECTOR('',#2643,1.);
#2643=DIRECTION('',(0.,0.,1.));
#2644=CARTESIAN_POINT('',(3.78281076638894,3.52732145214769,1.57));
#2645=VECTOR('',#2646,1.);
#2646=DIRECTION('',(0.,0.,1.));
#2647=CARTESIAN_POINT('',(3.83718923361106,3.52732145214769,1.57));
#2648=VECTOR('',#2649,1.);
#2649=DIRECTION('',(0.,0.,1.));
#2650=CARTESIAN_POINT('',(3.96900440527185,3.81,2.84));
#2651=VECTOR('',#2652,1.);
#2652=DIRECTION('',(0.,0.,-1.));
#2653=CARTESIAN_POINT('',(6.3251077025535,3.81,1.57));
#2654=VECTOR('',#2655,1.);
#2655=DIRECTION('',(0.,0.,1.));
#2656=CARTESIAN_POINT('',(6.465,3.51,1.57));
#2657=VECTOR('',#2658,1.);
#2658=DIRECTION('',(0.,0.,1.));
#2659=CARTESIAN_POINT('',(6.465,1.57,1.57));
#2660=VECTOR('',#2661,1.);
#2661=DIRECTION('',(0.,0.,1.));
#2662=CARTESIAN_POINT('',(6.3251077025535,1.27,1.57));
#2663=VECTOR('',#2664,1.);
#2664=DIRECTION('',(0.,0.,1.));
#2665=CARTESIAN_POINT('',(6.465,0.97,1.57));
#2666=VECTOR('',#2667,1.);
#2667=DIRECTION('',(0.,0.,1.));
#2668=CARTESIAN_POINT('',(1.29718923360911,1.55267854785648,1.57));
#2669=VECTOR('',#2670,1.);
#2670=DIRECTION('',(0.,0.,1.));
#2671=CARTESIAN_POINT('',(1.24281076638794,1.55267854785015,1.57));
#2672=VECTOR('',#2673,1.);
#2673=DIRECTION('',(0.,0.,1.));
#2674=CARTESIAN_POINT('',(1.11099559472815,1.27,1.57));
#2675=VECTOR('',#2676,1.);
#2676=DIRECTION('',(0.,0.,1.));
#2677=CARTESIAN_POINT('',(1.24281076638894,0.987321452147694,1.57));
#2678=VECTOR('',#2679,1.);
#2679=DIRECTION('',(0.,0.,1.));
#2680=CARTESIAN_POINT('',(1.29718923361106,0.987321452147693,1.57));
#2681=VECTOR('',#2682,1.);
#2682=DIRECTION('',(0.,0.,1.));
#2683=CARTESIAN_POINT('',(1.42900440527185,1.27,2.84));
#2684=VECTOR('',#2685,1.);
#2685=DIRECTION('',(0.,0.,-1.));
#2686=CARTESIAN_POINT('',(0.,-0.1275,-2.75));
#2687=AXIS2_PLACEMENT_3D('',#2688,#2689,#2690);
#2688=CARTESIAN_POINT('',(0.,0.,-2.75));
#2689=DIRECTION('',(-0.,-0.,-1.));
#2690=DIRECTION('',(0.,-1.,0.));
#2691=CARTESIAN_POINT('',(0.,-0.255,-2.6225));
#2692=AXIS2_PLACEMENT_3D('',#2693,#2694,#2695);
#2693=CARTESIAN_POINT('',(0.,0.,-2.6225));
#2694=DIRECTION('',(-0.,-0.,-1.));
#2695=DIRECTION('',(0.,-1.,0.));
#2696=CARTESIAN_POINT('',(0.,-0.255,-1.56142466891288E-017));
#2697=AXIS2_PLACEMENT_3D('',#2698,#2699,#2700);
#2698=CARTESIAN_POINT('',(0.,0.,0.));
#2699=DIRECTION('',(-0.,-0.,-1.));
#2700=DIRECTION('',(0.,-1.,0.));
#2701=CARTESIAN_POINT('',(0.,-0.66,0.283584053511925));
#2702=AXIS2_PLACEMENT_3D('',#2703,#2704,#2705);
#2703=CARTESIAN_POINT('',(0.,0.,0.283584053511925));
#2704=DIRECTION('',(-0.,-0.,-1.));
#2705=DIRECTION('',(0.,-1.,0.));
#2706=CARTESIAN_POINT('',(0.,-0.66,1.79287838708181));
#2707=AXIS2_PLACEMENT_3D('',#2708,#2709,#2710);
#2708=CARTESIAN_POINT('',(0.,0.,1.79287838708181));
#2709=DIRECTION('',(-0.,-0.,-1.));
#2710=DIRECTION('',(0.,-1.,0.));
#2711=CARTESIAN_POINT('',(0.,-0.810000000000001,2.205));
#2712=AXIS2_PLACEMENT_3D('',#2713,#2714,#2715);
#2713=CARTESIAN_POINT('',(0.,0.,2.205));
#2714=DIRECTION('',(-0.,-0.,-1.));
#2715=DIRECTION('',(0.,-1.,0.));
#2716=CARTESIAN_POINT('',(0.,-0.659999999999999,2.205));
#2717=AXIS2_PLACEMENT_3D('',#2718,#2719,#2720);
#2718=CARTESIAN_POINT('',(0.,0.,2.205));
#2719=DIRECTION('',(-0.,-0.,-1.));
#2720=DIRECTION('',(0.,-1.,0.));
#2721=CARTESIAN_POINT('',(0.,-0.66,2.84));
#2722=AXIS2_PLACEMENT_3D('',#2723,#2724,#2725);
#2723=CARTESIAN_POINT('',(0.,0.,2.84));
#2724=DIRECTION('',(-0.,-0.,-1.));
#2725=DIRECTION('',(0.,-1.,0.));
#2726=CARTESIAN_POINT('',(0.,-0.915,2.84));
#2727=AXIS2_PLACEMENT_3D('',#2728,#2729,#2730);
#2728=CARTESIAN_POINT('',(0.,0.,2.84));
#2729=DIRECTION('',(-0.,-0.,-1.));
#2730=DIRECTION('',(0.,-1.,0.));
#2731=CARTESIAN_POINT('',(0.,-0.915,3.35));
#2732=AXIS2_PLACEMENT_3D('',#2733,#2734,#2735);
#2733=CARTESIAN_POINT('',(0.,0.,3.35));
#2734=DIRECTION('',(-0.,-0.,-1.));
#2735=DIRECTION('',(0.,-1.,0.));
#2736=CARTESIAN_POINT('',(0.,-0.609191070866214,3.35));
#2737=AXIS2_PLACEMENT_3D('',#2738,#2739,#2740);
#2738=CARTESIAN_POINT('',(0.,0.,3.35));
#2739=DIRECTION('',(-0.,-0.,-1.));
#2740=DIRECTION('',(0.,-1.,0.));
#2741=CARTESIAN_POINT('',(0.,-0.5,3.05));
#2742=AXIS2_PLACEMENT_3D('',#2743,#2744,#2745);
#2743=CARTESIAN_POINT('',(0.,0.,3.05));
#2744=DIRECTION('',(0.,-0.,-1.));
#2745=DIRECTION('',(0.,-1.,0.));
#2746=CARTESIAN_POINT('',(0.,-0.5,2.85));
#2747=AXIS2_PLACEMENT_3D('',#2748,#2749,#2750);
#2748=CARTESIAN_POINT('',(0.,0.,2.85));
#2749=DIRECTION('',(0.,-0.,-1.));
#2750=DIRECTION('',(0.,-1.,0.));
#2751=CARTESIAN_POINT('',(0.,-0.225,1.65));
#2752=AXIS2_PLACEMENT_3D('',#2753,#2754,#2755);
#2753=CARTESIAN_POINT('',(0.,0.,1.65));
#2754=DIRECTION('',(-0.,-0.,-1.));
#2755=DIRECTION('',(0.,-1.,0.));
#2756=CARTESIAN_POINT('',(0.,-0.5,1.65));
#2757=AXIS2_PLACEMENT_3D('',#2758,#2759,#2760);
#2758=CARTESIAN_POINT('',(0.,0.,1.65));
#2759=DIRECTION('',(-0.,-0.,-1.));
#2760=DIRECTION('',(0.,-1.,0.));
#2761=CARTESIAN_POINT('',(0.,-0.5,0.45));
#2762=AXIS2_PLACEMENT_3D('',#2763,#2764,#2765);
#2763=CARTESIAN_POINT('',(0.,0.,0.45));
#2764=DIRECTION('',(0.,-0.,-1.));
#2765=DIRECTION('',(0.,-1.,0.));
#2766=CARTESIAN_POINT('',(0.,-0.03,0.120902457041437));
#2767=AXIS2_PLACEMENT_3D('',#2768,#2769,#2770);
#2768=CARTESIAN_POINT('',(0.,0.,0.120902457041437));
#2769=DIRECTION('',(-0.,-0.,-1.));
#2770=DIRECTION('',(0.,-1.,0.));
ENDSEC;
END-ISO-10303-21;
