ISO-10303-21;
HEADER;
FILE_DESCRIPTION(('STEP AP214'),
    '1');
FILE_NAME('SL-105-TT-10',
    '2020-03-30T23:14:13',
    ('AF'),
    (''),
    'UNSPECIFIED',
    'UNSPECIFIED',
    '');
/*Based on Samtec Inc. SL, SDL series datasheet*/
FILE_SCHEMA(('AUTOMOTIVE_DESIGN { 1 0 10303 214 3 1 1}'));
ENDSEC;

DATA;
#1=SHAPE_REPRESENTATION('NONE',(#2,#58,#121,#147,#173,#199,#225,#251),#6);
#2=AXIS2_PLACEMENT_3D('',#3,#4,#5);
#3=CARTESIAN_POINT('',(0.,0.,0.));
#4=DIRECTION('',(0.,0.,1.));
#5=DIRECTION('',(1.,0.,0.));
#6=(GEOMETRIC_REPRESENTATION_CONTEXT(3)GLOBAL_UNCERTAINTY_ASSIGNED_CONTEXT((#8))
GLOBAL_UNIT_ASSIGNED_CONTEXT((#7,#9,#10))REPRESENTATION_CONTEXT('NONE','NONE'));
#7=(LENGTH_UNIT()NAMED_UNIT(*)SI_UNIT(.MILLI.,.METRE.));
#8=UNCERTAINTY_MEASURE_WITH_UNIT(LENGTH_MEASURE(1.E-005),#7,'NONE','NONE');
#9=(NAMED_UNIT(*)PLANE_ANGLE_UNIT()SI_UNIT($,.RADIAN.));
#10=(NAMED_UNIT(*)SI_UNIT($,.STERADIAN.)SOLID_ANGLE_UNIT());
#11=SHAPE_DEFINITION_REPRESENTATION(#12,#1);
#12=PRODUCT_DEFINITION_SHAPE('NONE','NONE',#13);
#13=PRODUCT_DEFINITION('','UNSPECIFIED',#14,#22);
#14=PRODUCT_DEFINITION_FORMATION_WITH_SPECIFIED_SOURCE('ANY','UNSPECIFIED',#15,.NOT_KNOWN.);
#15=PRODUCT('','SL-107-TT-10','Based on Samtec Inc. SL, SDL series datasheet',(#25));
#16=PERSON('UNSPECIFIED','AF','UNSPECIFIED',('UNSPECIFIED'),('UNSPECIFIED'),
('UNSPECIFIED'));
#17=ORGANIZATION('UNSPECIFIED','UNSPECIFIED','UNSPECIFIED');
#18=PERSON_AND_ORGANIZATION(#16,#17);
#19=PERSON_AND_ORGANIZATION_ROLE('design_owner');
#20=CC_DESIGN_PERSON_AND_ORGANIZATION_ASSIGNMENT(#18,#19,(#15));
#21=PRODUCT_RELATED_PRODUCT_CATEGORY('assembly','',(#15));
#22=DESIGN_CONTEXT('detailed design',#23,'design');
#23=APPLICATION_CONTEXT('configuration controlled 3d designs of mechanical parts and assemblies');
#24=APPLICATION_PROTOCOL_DEFINITION('international standard','automotive_design',
2011,#23);
#25=PRODUCT_CONTEXT('NONE',#23,'mechanical');
#26=CC_DESIGN_DATE_AND_TIME_ASSIGNMENT(#27,#31,(#13));
#27=DATE_AND_TIME(#28,#29);
#28=CALENDAR_DATE(0,1,1);
#29=LOCAL_TIME(0,0,0.,#30);
#30=COORDINATED_UNIVERSAL_TIME_OFFSET(0,0,.AHEAD.);
#31=DATE_TIME_ROLE('creation_date');
#32=CC_DESIGN_APPROVAL(#33,(#13));
#33=APPROVAL(#34,'UNSPECIFIED');
#34=APPROVAL_STATUS('not_yet_approved');
#35=APPROVAL_DATE_TIME(#36,#33);
#36=DATE_AND_TIME(#37,#38);
#37=CALENDAR_DATE(0,1,1);
#38=LOCAL_TIME(0,0,0.,#39);
#39=COORDINATED_UNIVERSAL_TIME_OFFSET(0,0,.AHEAD.);
#40=DERIVED_UNIT((#44,#41));
#41=DERIVED_UNIT_ELEMENT(#42,-1.);
#42=VOLUME_UNIT(#43);
#43=DIMENSIONAL_EXPONENTS(3.,0.,0.,0.,0.,0.,0.);
#44=(DERIVED_UNIT_ELEMENT($,-1.)NAMED_UNIT($)MASS_UNIT()SI_UNIT($,.GRAM.));
#45=MANIFOLD_SOLID_BREP('',#46);
#46=CLOSED_SHELL('',(#277,#286,#295,#304,#313,#322,#331,#340,#349,#358,#367,#376,
#385,#394,#403,#412,#421,#430,#439,#448,#457,#466,#475,#484,#493,#502,#511,#520,
#529,#538,#547,#556,#565,#574,#583,#592,#601,#610,#619,#628,#637,#646,#655,#664,
#673,#682,#691,#700,#709,#718,#727,#736,#745,#754,#763,#772,#781,#790,#799,#808,
#817,#826,#835,#844,#853));
#47=COLOUR_RGB($,0.156862745098039,0.156862745098039,0.156862745098039);
#48=FILL_AREA_STYLE_COLOUR($,#47);
#49=FILL_AREA_STYLE($,(#48));
#50=SURFACE_STYLE_FILL_AREA(#49);
#51=SURFACE_SIDE_STYLE('',(#50));
#52=SURFACE_STYLE_USAGE(.BOTH.,#51);
#53=PRESENTATION_STYLE_ASSIGNMENT((#52));
#54=MECHANICAL_DESIGN_GEOMETRIC_PRESENTATION_REPRESENTATION('NONE',(#55,#96,#285,
#294,#303,#312,#321,#330,#339,#348,#357,#366,#375,#384,#393,#402,#411,#420,#429,
#438,#447,#456,#465,#474,#483,#492,#501,#510,#519,#528,#537,#546,#555,#564,#573,
#582,#591,#600,#609,#618,#627,#636,#645,#654,#663,#672,#681,#690,#699,#708,#717,
#726,#735,#744,#753,#762,#771,#780,#789,#798,#807,#816,#825,#834,#843,#852,#861,
#870,#879,#888,#897,#906,#915,#924,#933,#942,#951,#960,#969,#978,#987,#996,#1005,
#1014,#1023,#1032,#1041),#6);
#55=STYLED_ITEM('',(#53),#45);
#56=ADVANCED_BREP_SHAPE_REPRESENTATION('NONE',(#45),#6);
#57=SHAPE_REPRESENTATION_RELATIONSHIP('','',#1,#56);
#58=AXIS2_PLACEMENT_3D('',#59,#60,#61);
#59=CARTESIAN_POINT('',(0.,0.,0.));
#60=DIRECTION('',(0.,0.,1.));
#61=DIRECTION('',(1.,0.,0.));
#62=SHAPE_REPRESENTATION('NONE',(#2),#6);
#63=SHAPE_DEFINITION_REPRESENTATION(#64,#62);
#64=PRODUCT_DEFINITION_SHAPE('NONE','NONE',#65);
#65=PRODUCT_DEFINITION('','UNSPECIFIED',#66,#69);
#66=PRODUCT_DEFINITION_FORMATION_WITH_SPECIFIED_SOURCE('ANY','UNSPECIFIED',#67,.NOT_KNOWN.);
#67=PRODUCT('','SxL-1xx-TT-10-pin','Based on Samtec Inc. SL, SDL series datasheet',
(#72));
#68=PRODUCT_RELATED_PRODUCT_CATEGORY('detail','',(#67));
#69=DESIGN_CONTEXT('detailed design',#70,'design');
#70=APPLICATION_CONTEXT('configuration controlled 3d designs of mechanical parts and assemblies');
#71=APPLICATION_PROTOCOL_DEFINITION('international standard','automotive_design',
2011,#70);
#72=PRODUCT_CONTEXT('NONE',#70,'mechanical');
#73=CC_DESIGN_DATE_AND_TIME_ASSIGNMENT(#74,#78,(#65));
#74=DATE_AND_TIME(#75,#76);
#75=CALENDAR_DATE(0,1,1);
#76=LOCAL_TIME(0,0,0.,#77);
#77=COORDINATED_UNIVERSAL_TIME_OFFSET(0,0,.AHEAD.);
#78=DATE_TIME_ROLE('creation_date');
#79=CC_DESIGN_APPROVAL(#80,(#65));
#80=APPROVAL(#81,'UNSPECIFIED');
#81=APPROVAL_STATUS('not_yet_approved');
#82=APPROVAL_DATE_TIME(#83,#80);
#83=DATE_AND_TIME(#84,#85);
#84=CALENDAR_DATE(0,1,1);
#85=LOCAL_TIME(0,0,0.,#86);
#86=COORDINATED_UNIVERSAL_TIME_OFFSET(0,0,.AHEAD.);
#87=MANIFOLD_SOLID_BREP('',#88);
#88=CLOSED_SHELL('',(#862,#871,#880,#889,#898,#907,#916,#925,#934,#943,#952,#961,
#970,#979,#988,#997,#1006,#1015,#1024,#1033));
#89=COLOUR_RGB($,0.827450980392157,0.831372549019608,0.835294117647059);
#90=FILL_AREA_STYLE_COLOUR($,#89);
#91=FILL_AREA_STYLE($,(#90));
#92=SURFACE_STYLE_FILL_AREA(#91);
#93=SURFACE_SIDE_STYLE('',(#92));
#94=SURFACE_STYLE_USAGE(.BOTH.,#93);
#95=PRESENTATION_STYLE_ASSIGNMENT((#94));
#96=STYLED_ITEM('',(#95),#87);
#97=ADVANCED_BREP_SHAPE_REPRESENTATION('NONE',(#87),#6);
#98=SHAPE_REPRESENTATION_RELATIONSHIP('','',#62,#97);
#99=ITEM_DEFINED_TRANSFORMATION('','',#2,#58);
#100=(REPRESENTATION_RELATIONSHIP('','',#62,#1)REPRESENTATION_RELATIONSHIP_WITH_TRANSFORMATION(
#99)SHAPE_REPRESENTATION_RELATIONSHIP());
#101=NEXT_ASSEMBLY_USAGE_OCCURRENCE('1','','',#13,#65,$);
#102=CC_DESIGN_SECURITY_CLASSIFICATION(#103,(#101));
#103=SECURITY_CLASSIFICATION('','',#104);
#104=SECURITY_CLASSIFICATION_LEVEL('unclassified');
#105=CC_DESIGN_DATE_AND_TIME_ASSIGNMENT(#106,#110,(#103));
#106=DATE_AND_TIME(#107,#108);
#107=CALENDAR_DATE(0,1,1);
#108=LOCAL_TIME(0,0,0.,#109);
#109=COORDINATED_UNIVERSAL_TIME_OFFSET(0,0,.AHEAD.);
#110=DATE_TIME_ROLE('classification_date');
#111=CC_DESIGN_APPROVAL(#112,(#103));
#112=APPROVAL(#113,'UNSPECIFIED');
#113=APPROVAL_STATUS('not_yet_approved');
#114=APPROVAL_DATE_TIME(#115,#112);
#115=DATE_AND_TIME(#116,#117);
#116=CALENDAR_DATE(0,1,1);
#117=LOCAL_TIME(0,0,0.,#118);
#118=COORDINATED_UNIVERSAL_TIME_OFFSET(0,0,.AHEAD.);
#119=PRODUCT_DEFINITION_SHAPE('NONE','NONE',#101);
#120=CONTEXT_DEPENDENT_SHAPE_REPRESENTATION(#100,#119);
#121=AXIS2_PLACEMENT_3D('',#122,#123,#124);
#122=CARTESIAN_POINT('',(2.54,0.,0.));
#123=DIRECTION('',(0.,0.,1.));
#124=DIRECTION('',(1.,0.,0.));
#125=ITEM_DEFINED_TRANSFORMATION('','',#2,#121);
#126=(REPRESENTATION_RELATIONSHIP('','',#62,#1)REPRESENTATION_RELATIONSHIP_WITH_TRANSFORMATION(
#125)SHAPE_REPRESENTATION_RELATIONSHIP());
#127=NEXT_ASSEMBLY_USAGE_OCCURRENCE('2','','',#13,#65,$);
#128=CC_DESIGN_SECURITY_CLASSIFICATION(#129,(#127));
#129=SECURITY_CLASSIFICATION('','',#130);
#130=SECURITY_CLASSIFICATION_LEVEL('unclassified');
#131=CC_DESIGN_DATE_AND_TIME_ASSIGNMENT(#132,#136,(#129));
#132=DATE_AND_TIME(#133,#134);
#133=CALENDAR_DATE(0,1,1);
#134=LOCAL_TIME(0,0,0.,#135);
#135=COORDINATED_UNIVERSAL_TIME_OFFSET(0,0,.AHEAD.);
#136=DATE_TIME_ROLE('classification_date');
#137=CC_DESIGN_APPROVAL(#138,(#129));
#138=APPROVAL(#139,'UNSPECIFIED');
#139=APPROVAL_STATUS('not_yet_approved');
#140=APPROVAL_DATE_TIME(#141,#138);
#141=DATE_AND_TIME(#142,#143);
#142=CALENDAR_DATE(0,1,1);
#143=LOCAL_TIME(0,0,0.,#144);
#144=COORDINATED_UNIVERSAL_TIME_OFFSET(0,0,.AHEAD.);
#145=PRODUCT_DEFINITION_SHAPE('NONE','NONE',#127);
#146=CONTEXT_DEPENDENT_SHAPE_REPRESENTATION(#126,#145);
#147=AXIS2_PLACEMENT_3D('',#148,#149,#150);
#148=CARTESIAN_POINT('',(5.08,0.,0.));
#149=DIRECTION('',(0.,0.,1.));
#150=DIRECTION('',(1.,0.,0.));
#151=ITEM_DEFINED_TRANSFORMATION('','',#2,#147);
#152=(REPRESENTATION_RELATIONSHIP('','',#62,#1)REPRESENTATION_RELATIONSHIP_WITH_TRANSFORMATION(
#151)SHAPE_REPRESENTATION_RELATIONSHIP());
#153=NEXT_ASSEMBLY_USAGE_OCCURRENCE('3','','',#13,#65,$);
#154=CC_DESIGN_SECURITY_CLASSIFICATION(#155,(#153));
#155=SECURITY_CLASSIFICATION('','',#156);
#156=SECURITY_CLASSIFICATION_LEVEL('unclassified');
#157=CC_DESIGN_DATE_AND_TIME_ASSIGNMENT(#158,#162,(#155));
#158=DATE_AND_TIME(#159,#160);
#159=CALENDAR_DATE(0,1,1);
#160=LOCAL_TIME(0,0,0.,#161);
#161=COORDINATED_UNIVERSAL_TIME_OFFSET(0,0,.AHEAD.);
#162=DATE_TIME_ROLE('classification_date');
#163=CC_DESIGN_APPROVAL(#164,(#155));
#164=APPROVAL(#165,'UNSPECIFIED');
#165=APPROVAL_STATUS('not_yet_approved');
#166=APPROVAL_DATE_TIME(#167,#164);
#167=DATE_AND_TIME(#168,#169);
#168=CALENDAR_DATE(0,1,1);
#169=LOCAL_TIME(0,0,0.,#170);
#170=COORDINATED_UNIVERSAL_TIME_OFFSET(0,0,.AHEAD.);
#171=PRODUCT_DEFINITION_SHAPE('NONE','NONE',#153);
#172=CONTEXT_DEPENDENT_SHAPE_REPRESENTATION(#152,#171);
#173=AXIS2_PLACEMENT_3D('',#174,#175,#176);
#174=CARTESIAN_POINT('',(7.62,0.,0.));
#175=DIRECTION('',(0.,0.,1.));
#176=DIRECTION('',(1.,0.,0.));
#177=ITEM_DEFINED_TRANSFORMATION('','',#2,#173);
#178=(REPRESENTATION_RELATIONSHIP('','',#62,#1)REPRESENTATION_RELATIONSHIP_WITH_TRANSFORMATION(
#177)SHAPE_REPRESENTATION_RELATIONSHIP());
#179=NEXT_ASSEMBLY_USAGE_OCCURRENCE('4','','',#13,#65,$);
#180=CC_DESIGN_SECURITY_CLASSIFICATION(#181,(#179));
#181=SECURITY_CLASSIFICATION('','',#182);
#182=SECURITY_CLASSIFICATION_LEVEL('unclassified');
#183=CC_DESIGN_DATE_AND_TIME_ASSIGNMENT(#184,#188,(#181));
#184=DATE_AND_TIME(#185,#186);
#185=CALENDAR_DATE(0,1,1);
#186=LOCAL_TIME(0,0,0.,#187);
#187=COORDINATED_UNIVERSAL_TIME_OFFSET(0,0,.AHEAD.);
#188=DATE_TIME_ROLE('classification_date');
#189=CC_DESIGN_APPROVAL(#190,(#181));
#190=APPROVAL(#191,'UNSPECIFIED');
#191=APPROVAL_STATUS('not_yet_approved');
#192=APPROVAL_DATE_TIME(#193,#190);
#193=DATE_AND_TIME(#194,#195);
#194=CALENDAR_DATE(0,1,1);
#195=LOCAL_TIME(0,0,0.,#196);
#196=COORDINATED_UNIVERSAL_TIME_OFFSET(0,0,.AHEAD.);
#197=PRODUCT_DEFINITION_SHAPE('NONE','NONE',#179);
#198=CONTEXT_DEPENDENT_SHAPE_REPRESENTATION(#178,#197);
#199=AXIS2_PLACEMENT_3D('',#200,#201,#202);
#200=CARTESIAN_POINT('',(10.16,0.,0.));
#201=DIRECTION('',(0.,0.,1.));
#202=DIRECTION('',(1.,0.,0.));
#203=ITEM_DEFINED_TRANSFORMATION('','',#2,#199);
#204=(REPRESENTATION_RELATIONSHIP('','',#62,#1)REPRESENTATION_RELATIONSHIP_WITH_TRANSFORMATION(
#203)SHAPE_REPRESENTATION_RELATIONSHIP());
#205=NEXT_ASSEMBLY_USAGE_OCCURRENCE('5','','',#13,#65,$);
#206=CC_DESIGN_SECURITY_CLASSIFICATION(#207,(#205));
#207=SECURITY_CLASSIFICATION('','',#208);
#208=SECURITY_CLASSIFICATION_LEVEL('unclassified');
#209=CC_DESIGN_DATE_AND_TIME_ASSIGNMENT(#210,#214,(#207));
#210=DATE_AND_TIME(#211,#212);
#211=CALENDAR_DATE(0,1,1);
#212=LOCAL_TIME(0,0,0.,#213);
#213=COORDINATED_UNIVERSAL_TIME_OFFSET(0,0,.AHEAD.);
#214=DATE_TIME_ROLE('classification_date');
#215=CC_DESIGN_APPROVAL(#216,(#207));
#216=APPROVAL(#217,'UNSPECIFIED');
#217=APPROVAL_STATUS('not_yet_approved');
#218=APPROVAL_DATE_TIME(#219,#216);
#219=DATE_AND_TIME(#220,#221);
#220=CALENDAR_DATE(0,1,1);
#221=LOCAL_TIME(0,0,0.,#222);
#222=COORDINATED_UNIVERSAL_TIME_OFFSET(0,0,.AHEAD.);
#223=PRODUCT_DEFINITION_SHAPE('NONE','NONE',#205);
#224=CONTEXT_DEPENDENT_SHAPE_REPRESENTATION(#204,#223);
#225=AXIS2_PLACEMENT_3D('',#226,#227,#228);
#226=CARTESIAN_POINT('',(12.7,0.,0.));
#227=DIRECTION('',(0.,0.,1.));
#228=DIRECTION('',(1.,0.,0.));
#229=ITEM_DEFINED_TRANSFORMATION('','',#2,#225);
#230=(REPRESENTATION_RELATIONSHIP('','',#62,#1)REPRESENTATION_RELATIONSHIP_WITH_TRANSFORMATION(
#229)SHAPE_REPRESENTATION_RELATIONSHIP());
#231=NEXT_ASSEMBLY_USAGE_OCCURRENCE('6','','',#13,#65,$);
#232=CC_DESIGN_SECURITY_CLASSIFICATION(#233,(#231));
#233=SECURITY_CLASSIFICATION('','',#234);
#234=SECURITY_CLASSIFICATION_LEVEL('unclassified');
#235=CC_DESIGN_DATE_AND_TIME_ASSIGNMENT(#236,#240,(#233));
#236=DATE_AND_TIME(#237,#238);
#237=CALENDAR_DATE(0,1,1);
#238=LOCAL_TIME(0,0,0.,#239);
#239=COORDINATED_UNIVERSAL_TIME_OFFSET(0,0,.AHEAD.);
#240=DATE_TIME_ROLE('classification_date');
#241=CC_DESIGN_APPROVAL(#242,(#233));
#242=APPROVAL(#243,'UNSPECIFIED');
#243=APPROVAL_STATUS('not_yet_approved');
#244=APPROVAL_DATE_TIME(#245,#242);
#245=DATE_AND_TIME(#246,#247);
#246=CALENDAR_DATE(0,1,1);
#247=LOCAL_TIME(0,0,0.,#248);
#248=COORDINATED_UNIVERSAL_TIME_OFFSET(0,0,.AHEAD.);
#249=PRODUCT_DEFINITION_SHAPE('NONE','NONE',#231);
#250=CONTEXT_DEPENDENT_SHAPE_REPRESENTATION(#230,#249);
#251=AXIS2_PLACEMENT_3D('',#252,#253,#254);
#252=CARTESIAN_POINT('',(15.24,0.,0.));
#253=DIRECTION('',(0.,0.,1.));
#254=DIRECTION('',(1.,0.,0.));
#255=ITEM_DEFINED_TRANSFORMATION('','',#2,#251);
#256=(REPRESENTATION_RELATIONSHIP('','',#62,#1)REPRESENTATION_RELATIONSHIP_WITH_TRANSFORMATION(
#255)SHAPE_REPRESENTATION_RELATIONSHIP());
#257=NEXT_ASSEMBLY_USAGE_OCCURRENCE('7','','',#13,#65,$);
#258=CC_DESIGN_SECURITY_CLASSIFICATION(#259,(#257));
#259=SECURITY_CLASSIFICATION('','',#260);
#260=SECURITY_CLASSIFICATION_LEVEL('unclassified');
#261=CC_DESIGN_DATE_AND_TIME_ASSIGNMENT(#262,#266,(#259));
#262=DATE_AND_TIME(#263,#264);
#263=CALENDAR_DATE(0,1,1);
#264=LOCAL_TIME(0,0,0.,#265);
#265=COORDINATED_UNIVERSAL_TIME_OFFSET(0,0,.AHEAD.);
#266=DATE_TIME_ROLE('classification_date');
#267=CC_DESIGN_APPROVAL(#268,(#259));
#268=APPROVAL(#269,'UNSPECIFIED');
#269=APPROVAL_STATUS('not_yet_approved');
#270=APPROVAL_DATE_TIME(#271,#268);
#271=DATE_AND_TIME(#272,#273);
#272=CALENDAR_DATE(0,1,1);
#273=LOCAL_TIME(0,0,0.,#274);
#274=COORDINATED_UNIVERSAL_TIME_OFFSET(0,0,.AHEAD.);
#275=PRODUCT_DEFINITION_SHAPE('NONE','NONE',#257);
#276=CONTEXT_DEPENDENT_SHAPE_REPRESENTATION(#256,#275);
#277=ADVANCED_FACE('',(#1042),#1044,.T.);
#278=COLOUR_RGB($,0.156862745098039,0.156862745098039,0.156862745098039);
#279=FILL_AREA_STYLE_COLOUR($,#278);
#280=FILL_AREA_STYLE($,(#279));
#281=SURFACE_STYLE_FILL_AREA(#280);
#282=SURFACE_SIDE_STYLE('',(#281));
#283=SURFACE_STYLE_USAGE(.BOTH.,#282);
#284=PRESENTATION_STYLE_ASSIGNMENT((#283));
#285=STYLED_ITEM('',(#284),#277);
#286=ADVANCED_FACE('',(#1049),#1051,.T.);
#287=COLOUR_RGB($,0.156862745098039,0.156862745098039,0.156862745098039);
#288=FILL_AREA_STYLE_COLOUR($,#287);
#289=FILL_AREA_STYLE($,(#288));
#290=SURFACE_STYLE_FILL_AREA(#289);
#291=SURFACE_SIDE_STYLE('',(#290));
#292=SURFACE_STYLE_USAGE(.BOTH.,#291);
#293=PRESENTATION_STYLE_ASSIGNMENT((#292));
#294=STYLED_ITEM('',(#293),#286);
#295=ADVANCED_FACE('',(#1056),#1058,.T.);
#296=COLOUR_RGB($,0.156862745098039,0.156862745098039,0.156862745098039);
#297=FILL_AREA_STYLE_COLOUR($,#296);
#298=FILL_AREA_STYLE($,(#297));
#299=SURFACE_STYLE_FILL_AREA(#298);
#300=SURFACE_SIDE_STYLE('',(#299));
#301=SURFACE_STYLE_USAGE(.BOTH.,#300);
#302=PRESENTATION_STYLE_ASSIGNMENT((#301));
#303=STYLED_ITEM('',(#302),#295);
#304=ADVANCED_FACE('',(#1063),#1065,.T.);
#305=COLOUR_RGB($,0.156862745098039,0.156862745098039,0.156862745098039);
#306=FILL_AREA_STYLE_COLOUR($,#305);
#307=FILL_AREA_STYLE($,(#306));
#308=SURFACE_STYLE_FILL_AREA(#307);
#309=SURFACE_SIDE_STYLE('',(#308));
#310=SURFACE_STYLE_USAGE(.BOTH.,#309);
#311=PRESENTATION_STYLE_ASSIGNMENT((#310));
#312=STYLED_ITEM('',(#311),#304);
#313=ADVANCED_FACE('',(#1070),#1072,.T.);
#314=COLOUR_RGB($,0.156862745098039,0.156862745098039,0.156862745098039);
#315=FILL_AREA_STYLE_COLOUR($,#314);
#316=FILL_AREA_STYLE($,(#315));
#317=SURFACE_STYLE_FILL_AREA(#316);
#318=SURFACE_SIDE_STYLE('',(#317));
#319=SURFACE_STYLE_USAGE(.BOTH.,#318);
#320=PRESENTATION_STYLE_ASSIGNMENT((#319));
#321=STYLED_ITEM('',(#320),#313);
#322=ADVANCED_FACE('',(#1077),#1079,.T.);
#323=COLOUR_RGB($,0.156862745098039,0.156862745098039,0.156862745098039);
#324=FILL_AREA_STYLE_COLOUR($,#323);
#325=FILL_AREA_STYLE($,(#324));
#326=SURFACE_STYLE_FILL_AREA(#325);
#327=SURFACE_SIDE_STYLE('',(#326));
#328=SURFACE_STYLE_USAGE(.BOTH.,#327);
#329=PRESENTATION_STYLE_ASSIGNMENT((#328));
#330=STYLED_ITEM('',(#329),#322);
#331=ADVANCED_FACE('',(#1084),#1086,.T.);
#332=COLOUR_RGB($,0.156862745098039,0.156862745098039,0.156862745098039);
#333=FILL_AREA_STYLE_COLOUR($,#332);
#334=FILL_AREA_STYLE($,(#333));
#335=SURFACE_STYLE_FILL_AREA(#334);
#336=SURFACE_SIDE_STYLE('',(#335));
#337=SURFACE_STYLE_USAGE(.BOTH.,#336);
#338=PRESENTATION_STYLE_ASSIGNMENT((#337));
#339=STYLED_ITEM('',(#338),#331);
#340=ADVANCED_FACE('',(#1091),#1093,.T.);
#341=COLOUR_RGB($,0.156862745098039,0.156862745098039,0.156862745098039);
#342=FILL_AREA_STYLE_COLOUR($,#341);
#343=FILL_AREA_STYLE($,(#342));
#344=SURFACE_STYLE_FILL_AREA(#343);
#345=SURFACE_SIDE_STYLE('',(#344));
#346=SURFACE_STYLE_USAGE(.BOTH.,#345);
#347=PRESENTATION_STYLE_ASSIGNMENT((#346));
#348=STYLED_ITEM('',(#347),#340);
#349=ADVANCED_FACE('',(#1098),#1100,.T.);
#350=COLOUR_RGB($,0.156862745098039,0.156862745098039,0.156862745098039);
#351=FILL_AREA_STYLE_COLOUR($,#350);
#352=FILL_AREA_STYLE($,(#351));
#353=SURFACE_STYLE_FILL_AREA(#352);
#354=SURFACE_SIDE_STYLE('',(#353));
#355=SURFACE_STYLE_USAGE(.BOTH.,#354);
#356=PRESENTATION_STYLE_ASSIGNMENT((#355));
#357=STYLED_ITEM('',(#356),#349);
#358=ADVANCED_FACE('',(#1105),#1107,.T.);
#359=COLOUR_RGB($,0.156862745098039,0.156862745098039,0.156862745098039);
#360=FILL_AREA_STYLE_COLOUR($,#359);
#361=FILL_AREA_STYLE($,(#360));
#362=SURFACE_STYLE_FILL_AREA(#361);
#363=SURFACE_SIDE_STYLE('',(#362));
#364=SURFACE_STYLE_USAGE(.BOTH.,#363);
#365=PRESENTATION_STYLE_ASSIGNMENT((#364));
#366=STYLED_ITEM('',(#365),#358);
#367=ADVANCED_FACE('',(#1112),#1114,.T.);
#368=COLOUR_RGB($,0.156862745098039,0.156862745098039,0.156862745098039);
#369=FILL_AREA_STYLE_COLOUR($,#368);
#370=FILL_AREA_STYLE($,(#369));
#371=SURFACE_STYLE_FILL_AREA(#370);
#372=SURFACE_SIDE_STYLE('',(#371));
#373=SURFACE_STYLE_USAGE(.BOTH.,#372);
#374=PRESENTATION_STYLE_ASSIGNMENT((#373));
#375=STYLED_ITEM('',(#374),#367);
#376=ADVANCED_FACE('',(#1119),#1121,.T.);
#377=COLOUR_RGB($,0.156862745098039,0.156862745098039,0.156862745098039);
#378=FILL_AREA_STYLE_COLOUR($,#377);
#379=FILL_AREA_STYLE($,(#378));
#380=SURFACE_STYLE_FILL_AREA(#379);
#381=SURFACE_SIDE_STYLE('',(#380));
#382=SURFACE_STYLE_USAGE(.BOTH.,#381);
#383=PRESENTATION_STYLE_ASSIGNMENT((#382));
#384=STYLED_ITEM('',(#383),#376);
#385=ADVANCED_FACE('',(#1126,#1128,#1130,#1132,#1134,#1136,#1138,#1140),#1142,.T.);
#386=COLOUR_RGB($,0.156862745098039,0.156862745098039,0.156862745098039);
#387=FILL_AREA_STYLE_COLOUR($,#386);
#388=FILL_AREA_STYLE($,(#387));
#389=SURFACE_STYLE_FILL_AREA(#388);
#390=SURFACE_SIDE_STYLE('',(#389));
#391=SURFACE_STYLE_USAGE(.BOTH.,#390);
#392=PRESENTATION_STYLE_ASSIGNMENT((#391));
#393=STYLED_ITEM('',(#392),#385);
#394=ADVANCED_FACE('',(#1147,#1149,#1151,#1153,#1155,#1157,#1159,#1161),#1163,.F.);
#395=COLOUR_RGB($,0.156862745098039,0.156862745098039,0.156862745098039);
#396=FILL_AREA_STYLE_COLOUR($,#395);
#397=FILL_AREA_STYLE($,(#396));
#398=SURFACE_STYLE_FILL_AREA(#397);
#399=SURFACE_SIDE_STYLE('',(#398));
#400=SURFACE_STYLE_USAGE(.BOTH.,#399);
#401=PRESENTATION_STYLE_ASSIGNMENT((#400));
#402=STYLED_ITEM('',(#401),#394);
#403=ADVANCED_FACE('',(#1168),#1170,.F.);
#404=COLOUR_RGB($,0.156862745098039,0.156862745098039,0.156862745098039);
#405=FILL_AREA_STYLE_COLOUR($,#404);
#406=FILL_AREA_STYLE($,(#405));
#407=SURFACE_STYLE_FILL_AREA(#406);
#408=SURFACE_SIDE_STYLE('',(#407));
#409=SURFACE_STYLE_USAGE(.BOTH.,#408);
#410=PRESENTATION_STYLE_ASSIGNMENT((#409));
#411=STYLED_ITEM('',(#410),#403);
#412=ADVANCED_FACE('',(#1175),#1177,.F.);
#413=COLOUR_RGB($,0.156862745098039,0.156862745098039,0.156862745098039);
#414=FILL_AREA_STYLE_COLOUR($,#413);
#415=FILL_AREA_STYLE($,(#414));
#416=SURFACE_STYLE_FILL_AREA(#415);
#417=SURFACE_SIDE_STYLE('',(#416));
#418=SURFACE_STYLE_USAGE(.BOTH.,#417);
#419=PRESENTATION_STYLE_ASSIGNMENT((#418));
#420=STYLED_ITEM('',(#419),#412);
#421=ADVANCED_FACE('',(#1182),#1184,.F.);
#422=COLOUR_RGB($,0.156862745098039,0.156862745098039,0.156862745098039);
#423=FILL_AREA_STYLE_COLOUR($,#422);
#424=FILL_AREA_STYLE($,(#423));
#425=SURFACE_STYLE_FILL_AREA(#424);
#426=SURFACE_SIDE_STYLE('',(#425));
#427=SURFACE_STYLE_USAGE(.BOTH.,#426);
#428=PRESENTATION_STYLE_ASSIGNMENT((#427));
#429=STYLED_ITEM('',(#428),#421);
#430=ADVANCED_FACE('',(#1189),#1191,.F.);
#431=COLOUR_RGB($,0.156862745098039,0.156862745098039,0.156862745098039);
#432=FILL_AREA_STYLE_COLOUR($,#431);
#433=FILL_AREA_STYLE($,(#432));
#434=SURFACE_STYLE_FILL_AREA(#433);
#435=SURFACE_SIDE_STYLE('',(#434));
#436=SURFACE_STYLE_USAGE(.BOTH.,#435);
#437=PRESENTATION_STYLE_ASSIGNMENT((#436));
#438=STYLED_ITEM('',(#437),#430);
#439=ADVANCED_FACE('',(#1196),#1198,.F.);
#440=COLOUR_RGB($,0.156862745098039,0.156862745098039,0.156862745098039);
#441=FILL_AREA_STYLE_COLOUR($,#440);
#442=FILL_AREA_STYLE($,(#441));
#443=SURFACE_STYLE_FILL_AREA(#442);
#444=SURFACE_SIDE_STYLE('',(#443));
#445=SURFACE_STYLE_USAGE(.BOTH.,#444);
#446=PRESENTATION_STYLE_ASSIGNMENT((#445));
#447=STYLED_ITEM('',(#446),#439);
#448=ADVANCED_FACE('',(#1203),#1205,.F.);
#449=COLOUR_RGB($,0.156862745098039,0.156862745098039,0.156862745098039);
#450=FILL_AREA_STYLE_COLOUR($,#449);
#451=FILL_AREA_STYLE($,(#450));
#452=SURFACE_STYLE_FILL_AREA(#451);
#453=SURFACE_SIDE_STYLE('',(#452));
#454=SURFACE_STYLE_USAGE(.BOTH.,#453);
#455=PRESENTATION_STYLE_ASSIGNMENT((#454));
#456=STYLED_ITEM('',(#455),#448);
#457=ADVANCED_FACE('',(#1210),#1212,.F.);
#458=COLOUR_RGB($,0.156862745098039,0.156862745098039,0.156862745098039);
#459=FILL_AREA_STYLE_COLOUR($,#458);
#460=FILL_AREA_STYLE($,(#459));
#461=SURFACE_STYLE_FILL_AREA(#460);
#462=SURFACE_SIDE_STYLE('',(#461));
#463=SURFACE_STYLE_USAGE(.BOTH.,#462);
#464=PRESENTATION_STYLE_ASSIGNMENT((#463));
#465=STYLED_ITEM('',(#464),#457);
#466=ADVANCED_FACE('',(#1217),#1219,.F.);
#467=COLOUR_RGB($,0.156862745098039,0.156862745098039,0.156862745098039);
#468=FILL_AREA_STYLE_COLOUR($,#467);
#469=FILL_AREA_STYLE($,(#468));
#470=SURFACE_STYLE_FILL_AREA(#469);
#471=SURFACE_SIDE_STYLE('',(#470));
#472=SURFACE_STYLE_USAGE(.BOTH.,#471);
#473=PRESENTATION_STYLE_ASSIGNMENT((#472));
#474=STYLED_ITEM('',(#473),#466);
#475=ADVANCED_FACE('',(#1224),#1226,.F.);
#476=COLOUR_RGB($,0.156862745098039,0.156862745098039,0.156862745098039);
#477=FILL_AREA_STYLE_COLOUR($,#476);
#478=FILL_AREA_STYLE($,(#477));
#479=SURFACE_STYLE_FILL_AREA(#478);
#480=SURFACE_SIDE_STYLE('',(#479));
#481=SURFACE_STYLE_USAGE(.BOTH.,#480);
#482=PRESENTATION_STYLE_ASSIGNMENT((#481));
#483=STYLED_ITEM('',(#482),#475);
#484=ADVANCED_FACE('',(#1231),#1233,.F.);
#485=COLOUR_RGB($,0.156862745098039,0.156862745098039,0.156862745098039);
#486=FILL_AREA_STYLE_COLOUR($,#485);
#487=FILL_AREA_STYLE($,(#486));
#488=SURFACE_STYLE_FILL_AREA(#487);
#489=SURFACE_SIDE_STYLE('',(#488));
#490=SURFACE_STYLE_USAGE(.BOTH.,#489);
#491=PRESENTATION_STYLE_ASSIGNMENT((#490));
#492=STYLED_ITEM('',(#491),#484);
#493=ADVANCED_FACE('',(#1238),#1240,.F.);
#494=COLOUR_RGB($,0.156862745098039,0.156862745098039,0.156862745098039);
#495=FILL_AREA_STYLE_COLOUR($,#494);
#496=FILL_AREA_STYLE($,(#495));
#497=SURFACE_STYLE_FILL_AREA(#496);
#498=SURFACE_SIDE_STYLE('',(#497));
#499=SURFACE_STYLE_USAGE(.BOTH.,#498);
#500=PRESENTATION_STYLE_ASSIGNMENT((#499));
#501=STYLED_ITEM('',(#500),#493);
#502=ADVANCED_FACE('',(#1245),#1247,.F.);
#503=COLOUR_RGB($,0.156862745098039,0.156862745098039,0.156862745098039);
#504=FILL_AREA_STYLE_COLOUR($,#503);
#505=FILL_AREA_STYLE($,(#504));
#506=SURFACE_STYLE_FILL_AREA(#505);
#507=SURFACE_SIDE_STYLE('',(#506));
#508=SURFACE_STYLE_USAGE(.BOTH.,#507);
#509=PRESENTATION_STYLE_ASSIGNMENT((#508));
#510=STYLED_ITEM('',(#509),#502);
#511=ADVANCED_FACE('',(#1252),#1254,.F.);
#512=COLOUR_RGB($,0.156862745098039,0.156862745098039,0.156862745098039);
#513=FILL_AREA_STYLE_COLOUR($,#512);
#514=FILL_AREA_STYLE($,(#513));
#515=SURFACE_STYLE_FILL_AREA(#514);
#516=SURFACE_SIDE_STYLE('',(#515));
#517=SURFACE_STYLE_USAGE(.BOTH.,#516);
#518=PRESENTATION_STYLE_ASSIGNMENT((#517));
#519=STYLED_ITEM('',(#518),#511);
#520=ADVANCED_FACE('',(#1259),#1261,.F.);
#521=COLOUR_RGB($,0.156862745098039,0.156862745098039,0.156862745098039);
#522=FILL_AREA_STYLE_COLOUR($,#521);
#523=FILL_AREA_STYLE($,(#522));
#524=SURFACE_STYLE_FILL_AREA(#523);
#525=SURFACE_SIDE_STYLE('',(#524));
#526=SURFACE_STYLE_USAGE(.BOTH.,#525);
#527=PRESENTATION_STYLE_ASSIGNMENT((#526));
#528=STYLED_ITEM('',(#527),#520);
#529=ADVANCED_FACE('',(#1266),#1268,.F.);
#530=COLOUR_RGB($,0.156862745098039,0.156862745098039,0.156862745098039);
#531=FILL_AREA_STYLE_COLOUR($,#530);
#532=FILL_AREA_STYLE($,(#531));
#533=SURFACE_STYLE_FILL_AREA(#532);
#534=SURFACE_SIDE_STYLE('',(#533));
#535=SURFACE_STYLE_USAGE(.BOTH.,#534);
#536=PRESENTATION_STYLE_ASSIGNMENT((#535));
#537=STYLED_ITEM('',(#536),#529);
#538=ADVANCED_FACE('',(#1273),#1275,.F.);
#539=COLOUR_RGB($,0.156862745098039,0.156862745098039,0.156862745098039);
#540=FILL_AREA_STYLE_COLOUR($,#539);
#541=FILL_AREA_STYLE($,(#540));
#542=SURFACE_STYLE_FILL_AREA(#541);
#543=SURFACE_SIDE_STYLE('',(#542));
#544=SURFACE_STYLE_USAGE(.BOTH.,#543);
#545=PRESENTATION_STYLE_ASSIGNMENT((#544));
#546=STYLED_ITEM('',(#545),#538);
#547=ADVANCED_FACE('',(#1280),#1282,.F.);
#548=COLOUR_RGB($,0.156862745098039,0.156862745098039,0.156862745098039);
#549=FILL_AREA_STYLE_COLOUR($,#548);
#550=FILL_AREA_STYLE($,(#549));
#551=SURFACE_STYLE_FILL_AREA(#550);
#552=SURFACE_SIDE_STYLE('',(#551));
#553=SURFACE_STYLE_USAGE(.BOTH.,#552);
#554=PRESENTATION_STYLE_ASSIGNMENT((#553));
#555=STYLED_ITEM('',(#554),#547);
#556=ADVANCED_FACE('',(#1287),#1289,.F.);
#557=COLOUR_RGB($,0.156862745098039,0.156862745098039,0.156862745098039);
#558=FILL_AREA_STYLE_COLOUR($,#557);
#559=FILL_AREA_STYLE($,(#558));
#560=SURFACE_STYLE_FILL_AREA(#559);
#561=SURFACE_SIDE_STYLE('',(#560));
#562=SURFACE_STYLE_USAGE(.BOTH.,#561);
#563=PRESENTATION_STYLE_ASSIGNMENT((#562));
#564=STYLED_ITEM('',(#563),#556);
#565=ADVANCED_FACE('',(#1294),#1296,.F.);
#566=COLOUR_RGB($,0.156862745098039,0.156862745098039,0.156862745098039);
#567=FILL_AREA_STYLE_COLOUR($,#566);
#568=FILL_AREA_STYLE($,(#567));
#569=SURFACE_STYLE_FILL_AREA(#568);
#570=SURFACE_SIDE_STYLE('',(#569));
#571=SURFACE_STYLE_USAGE(.BOTH.,#570);
#572=PRESENTATION_STYLE_ASSIGNMENT((#571));
#573=STYLED_ITEM('',(#572),#565);
#574=ADVANCED_FACE('',(#1301),#1303,.F.);
#575=COLOUR_RGB($,0.156862745098039,0.156862745098039,0.156862745098039);
#576=FILL_AREA_STYLE_COLOUR($,#575);
#577=FILL_AREA_STYLE($,(#576));
#578=SURFACE_STYLE_FILL_AREA(#577);
#579=SURFACE_SIDE_STYLE('',(#578));
#580=SURFACE_STYLE_USAGE(.BOTH.,#579);
#581=PRESENTATION_STYLE_ASSIGNMENT((#580));
#582=STYLED_ITEM('',(#581),#574);
#583=ADVANCED_FACE('',(#1308),#1310,.F.);
#584=COLOUR_RGB($,0.156862745098039,0.156862745098039,0.156862745098039);
#585=FILL_AREA_STYLE_COLOUR($,#584);
#586=FILL_AREA_STYLE($,(#585));
#587=SURFACE_STYLE_FILL_AREA(#586);
#588=SURFACE_SIDE_STYLE('',(#587));
#589=SURFACE_STYLE_USAGE(.BOTH.,#588);
#590=PRESENTATION_STYLE_ASSIGNMENT((#589));
#591=STYLED_ITEM('',(#590),#583);
#592=ADVANCED_FACE('',(#1315),#1317,.F.);
#593=COLOUR_RGB($,0.156862745098039,0.156862745098039,0.156862745098039);
#594=FILL_AREA_STYLE_COLOUR($,#593);
#595=FILL_AREA_STYLE($,(#594));
#596=SURFACE_STYLE_FILL_AREA(#595);
#597=SURFACE_SIDE_STYLE('',(#596));
#598=SURFACE_STYLE_USAGE(.BOTH.,#597);
#599=PRESENTATION_STYLE_ASSIGNMENT((#598));
#600=STYLED_ITEM('',(#599),#592);
#601=ADVANCED_FACE('',(#1322),#1324,.F.);
#602=COLOUR_RGB($,0.156862745098039,0.156862745098039,0.156862745098039);
#603=FILL_AREA_STYLE_COLOUR($,#602);
#604=FILL_AREA_STYLE($,(#603));
#605=SURFACE_STYLE_FILL_AREA(#604);
#606=SURFACE_SIDE_STYLE('',(#605));
#607=SURFACE_STYLE_USAGE(.BOTH.,#606);
#608=PRESENTATION_STYLE_ASSIGNMENT((#607));
#609=STYLED_ITEM('',(#608),#601);
#610=ADVANCED_FACE('',(#1329),#1331,.F.);
#611=COLOUR_RGB($,0.156862745098039,0.156862745098039,0.156862745098039);
#612=FILL_AREA_STYLE_COLOUR($,#611);
#613=FILL_AREA_STYLE($,(#612));
#614=SURFACE_STYLE_FILL_AREA(#613);
#615=SURFACE_SIDE_STYLE('',(#614));
#616=SURFACE_STYLE_USAGE(.BOTH.,#615);
#617=PRESENTATION_STYLE_ASSIGNMENT((#616));
#618=STYLED_ITEM('',(#617),#610);
#619=ADVANCED_FACE('',(#1336),#1338,.F.);
#620=COLOUR_RGB($,0.156862745098039,0.156862745098039,0.156862745098039);
#621=FILL_AREA_STYLE_COLOUR($,#620);
#622=FILL_AREA_STYLE($,(#621));
#623=SURFACE_STYLE_FILL_AREA(#622);
#624=SURFACE_SIDE_STYLE('',(#623));
#625=SURFACE_STYLE_USAGE(.BOTH.,#624);
#626=PRESENTATION_STYLE_ASSIGNMENT((#625));
#627=STYLED_ITEM('',(#626),#619);
#628=ADVANCED_FACE('',(#1343),#1345,.F.);
#629=COLOUR_RGB($,0.156862745098039,0.156862745098039,0.156862745098039);
#630=FILL_AREA_STYLE_COLOUR($,#629);
#631=FILL_AREA_STYLE($,(#630));
#632=SURFACE_STYLE_FILL_AREA(#631);
#633=SURFACE_SIDE_STYLE('',(#632));
#634=SURFACE_STYLE_USAGE(.BOTH.,#633);
#635=PRESENTATION_STYLE_ASSIGNMENT((#634));
#636=STYLED_ITEM('',(#635),#628);
#637=ADVANCED_FACE('',(#1350),#1352,.F.);
#638=COLOUR_RGB($,0.156862745098039,0.156862745098039,0.156862745098039);
#639=FILL_AREA_STYLE_COLOUR($,#638);
#640=FILL_AREA_STYLE($,(#639));
#641=SURFACE_STYLE_FILL_AREA(#640);
#642=SURFACE_SIDE_STYLE('',(#641));
#643=SURFACE_STYLE_USAGE(.BOTH.,#642);
#644=PRESENTATION_STYLE_ASSIGNMENT((#643));
#645=STYLED_ITEM('',(#644),#637);
#646=ADVANCED_FACE('',(#1357),#1359,.F.);
#647=COLOUR_RGB($,0.156862745098039,0.156862745098039,0.156862745098039);
#648=FILL_AREA_STYLE_COLOUR($,#647);
#649=FILL_AREA_STYLE($,(#648));
#650=SURFACE_STYLE_FILL_AREA(#649);
#651=SURFACE_SIDE_STYLE('',(#650));
#652=SURFACE_STYLE_USAGE(.BOTH.,#651);
#653=PRESENTATION_STYLE_ASSIGNMENT((#652));
#654=STYLED_ITEM('',(#653),#646);
#655=ADVANCED_FACE('',(#1364),#1366,.F.);
#656=COLOUR_RGB($,0.156862745098039,0.156862745098039,0.156862745098039);
#657=FILL_AREA_STYLE_COLOUR($,#656);
#658=FILL_AREA_STYLE($,(#657));
#659=SURFACE_STYLE_FILL_AREA(#658);
#660=SURFACE_SIDE_STYLE('',(#659));
#661=SURFACE_STYLE_USAGE(.BOTH.,#660);
#662=PRESENTATION_STYLE_ASSIGNMENT((#661));
#663=STYLED_ITEM('',(#662),#655);
#664=ADVANCED_FACE('',(#1371),#1373,.F.);
#665=COLOUR_RGB($,0.156862745098039,0.156862745098039,0.156862745098039);
#666=FILL_AREA_STYLE_COLOUR($,#665);
#667=FILL_AREA_STYLE($,(#666));
#668=SURFACE_STYLE_FILL_AREA(#667);
#669=SURFACE_SIDE_STYLE('',(#668));
#670=SURFACE_STYLE_USAGE(.BOTH.,#669);
#671=PRESENTATION_STYLE_ASSIGNMENT((#670));
#672=STYLED_ITEM('',(#671),#664);
#673=ADVANCED_FACE('',(#1378),#1380,.F.);
#674=COLOUR_RGB($,0.156862745098039,0.156862745098039,0.156862745098039);
#675=FILL_AREA_STYLE_COLOUR($,#674);
#676=FILL_AREA_STYLE($,(#675));
#677=SURFACE_STYLE_FILL_AREA(#676);
#678=SURFACE_SIDE_STYLE('',(#677));
#679=SURFACE_STYLE_USAGE(.BOTH.,#678);
#680=PRESENTATION_STYLE_ASSIGNMENT((#679));
#681=STYLED_ITEM('',(#680),#673);
#682=ADVANCED_FACE('',(#1385),#1387,.T.);
#683=COLOUR_RGB($,0.156862745098039,0.156862745098039,0.156862745098039);
#684=FILL_AREA_STYLE_COLOUR($,#683);
#685=FILL_AREA_STYLE($,(#684));
#686=SURFACE_STYLE_FILL_AREA(#685);
#687=SURFACE_SIDE_STYLE('',(#686));
#688=SURFACE_STYLE_USAGE(.BOTH.,#687);
#689=PRESENTATION_STYLE_ASSIGNMENT((#688));
#690=STYLED_ITEM('',(#689),#682);
#691=ADVANCED_FACE('',(#1392),#1394,.F.);
#692=COLOUR_RGB($,0.156862745098039,0.156862745098039,0.156862745098039);
#693=FILL_AREA_STYLE_COLOUR($,#692);
#694=FILL_AREA_STYLE($,(#693));
#695=SURFACE_STYLE_FILL_AREA(#694);
#696=SURFACE_SIDE_STYLE('',(#695));
#697=SURFACE_STYLE_USAGE(.BOTH.,#696);
#698=PRESENTATION_STYLE_ASSIGNMENT((#697));
#699=STYLED_ITEM('',(#698),#691);
#700=ADVANCED_FACE('',(#1399),#1401,.T.);
#701=COLOUR_RGB($,0.156862745098039,0.156862745098039,0.156862745098039);
#702=FILL_AREA_STYLE_COLOUR($,#701);
#703=FILL_AREA_STYLE($,(#702));
#704=SURFACE_STYLE_FILL_AREA(#703);
#705=SURFACE_SIDE_STYLE('',(#704));
#706=SURFACE_STYLE_USAGE(.BOTH.,#705);
#707=PRESENTATION_STYLE_ASSIGNMENT((#706));
#708=STYLED_ITEM('',(#707),#700);
#709=ADVANCED_FACE('',(#1406),#1408,.F.);
#710=COLOUR_RGB($,0.156862745098039,0.156862745098039,0.156862745098039);
#711=FILL_AREA_STYLE_COLOUR($,#710);
#712=FILL_AREA_STYLE($,(#711));
#713=SURFACE_STYLE_FILL_AREA(#712);
#714=SURFACE_SIDE_STYLE('',(#713));
#715=SURFACE_STYLE_USAGE(.BOTH.,#714);
#716=PRESENTATION_STYLE_ASSIGNMENT((#715));
#717=STYLED_ITEM('',(#716),#709);
#718=ADVANCED_FACE('',(#1413),#1415,.F.);
#719=COLOUR_RGB($,0.156862745098039,0.156862745098039,0.156862745098039);
#720=FILL_AREA_STYLE_COLOUR($,#719);
#721=FILL_AREA_STYLE($,(#720));
#722=SURFACE_STYLE_FILL_AREA(#721);
#723=SURFACE_SIDE_STYLE('',(#722));
#724=SURFACE_STYLE_USAGE(.BOTH.,#723);
#725=PRESENTATION_STYLE_ASSIGNMENT((#724));
#726=STYLED_ITEM('',(#725),#718);
#727=ADVANCED_FACE('',(#1420),#1422,.T.);
#728=COLOUR_RGB($,0.156862745098039,0.156862745098039,0.156862745098039);
#729=FILL_AREA_STYLE_COLOUR($,#728);
#730=FILL_AREA_STYLE($,(#729));
#731=SURFACE_STYLE_FILL_AREA(#730);
#732=SURFACE_SIDE_STYLE('',(#731));
#733=SURFACE_STYLE_USAGE(.BOTH.,#732);
#734=PRESENTATION_STYLE_ASSIGNMENT((#733));
#735=STYLED_ITEM('',(#734),#727);
#736=ADVANCED_FACE('',(#1427),#1429,.T.);
#737=COLOUR_RGB($,0.156862745098039,0.156862745098039,0.156862745098039);
#738=FILL_AREA_STYLE_COLOUR($,#737);
#739=FILL_AREA_STYLE($,(#738));
#740=SURFACE_STYLE_FILL_AREA(#739);
#741=SURFACE_SIDE_STYLE('',(#740));
#742=SURFACE_STYLE_USAGE(.BOTH.,#741);
#743=PRESENTATION_STYLE_ASSIGNMENT((#742));
#744=STYLED_ITEM('',(#743),#736);
#745=ADVANCED_FACE('',(#1434),#1436,.T.);
#746=COLOUR_RGB($,0.156862745098039,0.156862745098039,0.156862745098039);
#747=FILL_AREA_STYLE_COLOUR($,#746);
#748=FILL_AREA_STYLE($,(#747));
#749=SURFACE_STYLE_FILL_AREA(#748);
#750=SURFACE_SIDE_STYLE('',(#749));
#751=SURFACE_STYLE_USAGE(.BOTH.,#750);
#752=PRESENTATION_STYLE_ASSIGNMENT((#751));
#753=STYLED_ITEM('',(#752),#745);
#754=ADVANCED_FACE('',(#1441),#1443,.T.);
#755=COLOUR_RGB($,0.156862745098039,0.156862745098039,0.156862745098039);
#756=FILL_AREA_STYLE_COLOUR($,#755);
#757=FILL_AREA_STYLE($,(#756));
#758=SURFACE_STYLE_FILL_AREA(#757);
#759=SURFACE_SIDE_STYLE('',(#758));
#760=SURFACE_STYLE_USAGE(.BOTH.,#759);
#761=PRESENTATION_STYLE_ASSIGNMENT((#760));
#762=STYLED_ITEM('',(#761),#754);
#763=ADVANCED_FACE('',(#1448),#1450,.T.);
#764=COLOUR_RGB($,0.156862745098039,0.156862745098039,0.156862745098039);
#765=FILL_AREA_STYLE_COLOUR($,#764);
#766=FILL_AREA_STYLE($,(#765));
#767=SURFACE_STYLE_FILL_AREA(#766);
#768=SURFACE_SIDE_STYLE('',(#767));
#769=SURFACE_STYLE_USAGE(.BOTH.,#768);
#770=PRESENTATION_STYLE_ASSIGNMENT((#769));
#771=STYLED_ITEM('',(#770),#763);
#772=ADVANCED_FACE('',(#1455),#1457,.F.);
#773=COLOUR_RGB($,0.156862745098039,0.156862745098039,0.156862745098039);
#774=FILL_AREA_STYLE_COLOUR($,#773);
#775=FILL_AREA_STYLE($,(#774));
#776=SURFACE_STYLE_FILL_AREA(#775);
#777=SURFACE_SIDE_STYLE('',(#776));
#778=SURFACE_STYLE_USAGE(.BOTH.,#777);
#779=PRESENTATION_STYLE_ASSIGNMENT((#778));
#780=STYLED_ITEM('',(#779),#772);
#781=ADVANCED_FACE('',(#1462),#1464,.F.);
#782=COLOUR_RGB($,0.156862745098039,0.156862745098039,0.156862745098039);
#783=FILL_AREA_STYLE_COLOUR($,#782);
#784=FILL_AREA_STYLE($,(#783));
#785=SURFACE_STYLE_FILL_AREA(#784);
#786=SURFACE_SIDE_STYLE('',(#785));
#787=SURFACE_STYLE_USAGE(.BOTH.,#786);
#788=PRESENTATION_STYLE_ASSIGNMENT((#787));
#789=STYLED_ITEM('',(#788),#781);
#790=ADVANCED_FACE('',(#1469),#1471,.T.);
#791=COLOUR_RGB($,0.156862745098039,0.156862745098039,0.156862745098039);
#792=FILL_AREA_STYLE_COLOUR($,#791);
#793=FILL_AREA_STYLE($,(#792));
#794=SURFACE_STYLE_FILL_AREA(#793);
#795=SURFACE_SIDE_STYLE('',(#794));
#796=SURFACE_STYLE_USAGE(.BOTH.,#795);
#797=PRESENTATION_STYLE_ASSIGNMENT((#796));
#798=STYLED_ITEM('',(#797),#790);
#799=ADVANCED_FACE('',(#1476,#1478),#1480,.F.);
#800=COLOUR_RGB($,0.156862745098039,0.156862745098039,0.156862745098039);
#801=FILL_AREA_STYLE_COLOUR($,#800);
#802=FILL_AREA_STYLE($,(#801));
#803=SURFACE_STYLE_FILL_AREA(#802);
#804=SURFACE_SIDE_STYLE('',(#803));
#805=SURFACE_STYLE_USAGE(.BOTH.,#804);
#806=PRESENTATION_STYLE_ASSIGNMENT((#805));
#807=STYLED_ITEM('',(#806),#799);
#808=ADVANCED_FACE('',(#1485,#1487),#1489,.F.);
#809=COLOUR_RGB($,0.156862745098039,0.156862745098039,0.156862745098039);
#810=FILL_AREA_STYLE_COLOUR($,#809);
#811=FILL_AREA_STYLE($,(#810));
#812=SURFACE_STYLE_FILL_AREA(#811);
#813=SURFACE_SIDE_STYLE('',(#812));
#814=SURFACE_STYLE_USAGE(.BOTH.,#813);
#815=PRESENTATION_STYLE_ASSIGNMENT((#814));
#816=STYLED_ITEM('',(#815),#808);
#817=ADVANCED_FACE('',(#1494,#1496),#1498,.F.);
#818=COLOUR_RGB($,0.156862745098039,0.156862745098039,0.156862745098039);
#819=FILL_AREA_STYLE_COLOUR($,#818);
#820=FILL_AREA_STYLE($,(#819));
#821=SURFACE_STYLE_FILL_AREA(#820);
#822=SURFACE_SIDE_STYLE('',(#821));
#823=SURFACE_STYLE_USAGE(.BOTH.,#822);
#824=PRESENTATION_STYLE_ASSIGNMENT((#823));
#825=STYLED_ITEM('',(#824),#817);
#826=ADVANCED_FACE('',(#1503,#1505),#1507,.F.);
#827=COLOUR_RGB($,0.156862745098039,0.156862745098039,0.156862745098039);
#828=FILL_AREA_STYLE_COLOUR($,#827);
#829=FILL_AREA_STYLE($,(#828));
#830=SURFACE_STYLE_FILL_AREA(#829);
#831=SURFACE_SIDE_STYLE('',(#830));
#832=SURFACE_STYLE_USAGE(.BOTH.,#831);
#833=PRESENTATION_STYLE_ASSIGNMENT((#832));
#834=STYLED_ITEM('',(#833),#826);
#835=ADVANCED_FACE('',(#1512,#1514),#1516,.F.);
#836=COLOUR_RGB($,0.156862745098039,0.156862745098039,0.156862745098039);
#837=FILL_AREA_STYLE_COLOUR($,#836);
#838=FILL_AREA_STYLE($,(#837));
#839=SURFACE_STYLE_FILL_AREA(#838);
#840=SURFACE_SIDE_STYLE('',(#839));
#841=SURFACE_STYLE_USAGE(.BOTH.,#840);
#842=PRESENTATION_STYLE_ASSIGNMENT((#841));
#843=STYLED_ITEM('',(#842),#835);
#844=ADVANCED_FACE('',(#1521,#1523),#1525,.F.);
#845=COLOUR_RGB($,0.156862745098039,0.156862745098039,0.156862745098039);
#846=FILL_AREA_STYLE_COLOUR($,#845);
#847=FILL_AREA_STYLE($,(#846));
#848=SURFACE_STYLE_FILL_AREA(#847);
#849=SURFACE_SIDE_STYLE('',(#848));
#850=SURFACE_STYLE_USAGE(.BOTH.,#849);
#851=PRESENTATION_STYLE_ASSIGNMENT((#850));
#852=STYLED_ITEM('',(#851),#844);
#853=ADVANCED_FACE('',(#1530,#1532),#1534,.F.);
#854=COLOUR_RGB($,0.156862745098039,0.156862745098039,0.156862745098039);
#855=FILL_AREA_STYLE_COLOUR($,#854);
#856=FILL_AREA_STYLE($,(#855));
#857=SURFACE_STYLE_FILL_AREA(#856);
#858=SURFACE_SIDE_STYLE('',(#857));
#859=SURFACE_STYLE_USAGE(.BOTH.,#858);
#860=PRESENTATION_STYLE_ASSIGNMENT((#859));
#861=STYLED_ITEM('',(#860),#853);
#862=ADVANCED_FACE('',(#1539),#1541,.T.);
#863=COLOUR_RGB($,0.827450980392157,0.831372549019608,0.835294117647059);
#864=FILL_AREA_STYLE_COLOUR($,#863);
#865=FILL_AREA_STYLE($,(#864));
#866=SURFACE_STYLE_FILL_AREA(#865);
#867=SURFACE_SIDE_STYLE('',(#866));
#868=SURFACE_STYLE_USAGE(.BOTH.,#867);
#869=PRESENTATION_STYLE_ASSIGNMENT((#868));
#870=STYLED_ITEM('',(#869),#862);
#871=ADVANCED_FACE('',(#1546,#1548),#1550,.T.);
#872=COLOUR_RGB($,0.827450980392157,0.831372549019608,0.835294117647059);
#873=FILL_AREA_STYLE_COLOUR($,#872);
#874=FILL_AREA_STYLE($,(#873));
#875=SURFACE_STYLE_FILL_AREA(#874);
#876=SURFACE_SIDE_STYLE('',(#875));
#877=SURFACE_STYLE_USAGE(.BOTH.,#876);
#878=PRESENTATION_STYLE_ASSIGNMENT((#877));
#879=STYLED_ITEM('',(#878),#871);
#880=ADVANCED_FACE('',(#1555,#1557),#1559,.T.);
#881=COLOUR_RGB($,0.827450980392157,0.831372549019608,0.835294117647059);
#882=FILL_AREA_STYLE_COLOUR($,#881);
#883=FILL_AREA_STYLE($,(#882));
#884=SURFACE_STYLE_FILL_AREA(#883);
#885=SURFACE_SIDE_STYLE('',(#884));
#886=SURFACE_STYLE_USAGE(.BOTH.,#885);
#887=PRESENTATION_STYLE_ASSIGNMENT((#886));
#888=STYLED_ITEM('',(#887),#880);
#889=ADVANCED_FACE('',(#1564,#1566),#1568,.T.);
#890=COLOUR_RGB($,0.827450980392157,0.831372549019608,0.835294117647059);
#891=FILL_AREA_STYLE_COLOUR($,#890);
#892=FILL_AREA_STYLE($,(#891));
#893=SURFACE_STYLE_FILL_AREA(#892);
#894=SURFACE_SIDE_STYLE('',(#893));
#895=SURFACE_STYLE_USAGE(.BOTH.,#894);
#896=PRESENTATION_STYLE_ASSIGNMENT((#895));
#897=STYLED_ITEM('',(#896),#889);
#898=ADVANCED_FACE('',(#1573,#1575),#1577,.T.);
#899=COLOUR_RGB($,0.827450980392157,0.831372549019608,0.835294117647059);
#900=FILL_AREA_STYLE_COLOUR($,#899);
#901=FILL_AREA_STYLE($,(#900));
#902=SURFACE_STYLE_FILL_AREA(#901);
#903=SURFACE_SIDE_STYLE('',(#902));
#904=SURFACE_STYLE_USAGE(.BOTH.,#903);
#905=PRESENTATION_STYLE_ASSIGNMENT((#904));
#906=STYLED_ITEM('',(#905),#898);
#907=ADVANCED_FACE('',(#1582,#1584),#1586,.T.);
#908=COLOUR_RGB($,0.827450980392157,0.831372549019608,0.835294117647059);
#909=FILL_AREA_STYLE_COLOUR($,#908);
#910=FILL_AREA_STYLE($,(#909));
#911=SURFACE_STYLE_FILL_AREA(#910);
#912=SURFACE_SIDE_STYLE('',(#911));
#913=SURFACE_STYLE_USAGE(.BOTH.,#912);
#914=PRESENTATION_STYLE_ASSIGNMENT((#913));
#915=STYLED_ITEM('',(#914),#907);
#916=ADVANCED_FACE('',(#1591,#1593),#1595,.T.);
#917=COLOUR_RGB($,0.827450980392157,0.831372549019608,0.835294117647059);
#918=FILL_AREA_STYLE_COLOUR($,#917);
#919=FILL_AREA_STYLE($,(#918));
#920=SURFACE_STYLE_FILL_AREA(#919);
#921=SURFACE_SIDE_STYLE('',(#920));
#922=SURFACE_STYLE_USAGE(.BOTH.,#921);
#923=PRESENTATION_STYLE_ASSIGNMENT((#922));
#924=STYLED_ITEM('',(#923),#916);
#925=ADVANCED_FACE('',(#1600,#1602),#1604,.T.);
#926=COLOUR_RGB($,0.827450980392157,0.831372549019608,0.835294117647059);
#927=FILL_AREA_STYLE_COLOUR($,#926);
#928=FILL_AREA_STYLE($,(#927));
#929=SURFACE_STYLE_FILL_AREA(#928);
#930=SURFACE_SIDE_STYLE('',(#929));
#931=SURFACE_STYLE_USAGE(.BOTH.,#930);
#932=PRESENTATION_STYLE_ASSIGNMENT((#931));
#933=STYLED_ITEM('',(#932),#925);
#934=ADVANCED_FACE('',(#1609,#1611),#1613,.T.);
#935=COLOUR_RGB($,0.827450980392157,0.831372549019608,0.835294117647059);
#936=FILL_AREA_STYLE_COLOUR($,#935);
#937=FILL_AREA_STYLE($,(#936));
#938=SURFACE_STYLE_FILL_AREA(#937);
#939=SURFACE_SIDE_STYLE('',(#938));
#940=SURFACE_STYLE_USAGE(.BOTH.,#939);
#941=PRESENTATION_STYLE_ASSIGNMENT((#940));
#942=STYLED_ITEM('',(#941),#934);
#943=ADVANCED_FACE('',(#1618,#1620),#1622,.T.);
#944=COLOUR_RGB($,0.827450980392157,0.831372549019608,0.835294117647059);
#945=FILL_AREA_STYLE_COLOUR($,#944);
#946=FILL_AREA_STYLE($,(#945));
#947=SURFACE_STYLE_FILL_AREA(#946);
#948=SURFACE_SIDE_STYLE('',(#947));
#949=SURFACE_STYLE_USAGE(.BOTH.,#948);
#950=PRESENTATION_STYLE_ASSIGNMENT((#949));
#951=STYLED_ITEM('',(#950),#943);
#952=ADVANCED_FACE('',(#1627,#1629),#1631,.T.);
#953=COLOUR_RGB($,0.827450980392157,0.831372549019608,0.835294117647059);
#954=FILL_AREA_STYLE_COLOUR($,#953);
#955=FILL_AREA_STYLE($,(#954));
#956=SURFACE_STYLE_FILL_AREA(#955);
#957=SURFACE_SIDE_STYLE('',(#956));
#958=SURFACE_STYLE_USAGE(.BOTH.,#957);
#959=PRESENTATION_STYLE_ASSIGNMENT((#958));
#960=STYLED_ITEM('',(#959),#952);
#961=ADVANCED_FACE('',(#1636,#1638),#1640,.F.);
#962=COLOUR_RGB($,0.827450980392157,0.831372549019608,0.835294117647059);
#963=FILL_AREA_STYLE_COLOUR($,#962);
#964=FILL_AREA_STYLE($,(#963));
#965=SURFACE_STYLE_FILL_AREA(#964);
#966=SURFACE_SIDE_STYLE('',(#965));
#967=SURFACE_STYLE_USAGE(.BOTH.,#966);
#968=PRESENTATION_STYLE_ASSIGNMENT((#967));
#969=STYLED_ITEM('',(#968),#961);
#970=ADVANCED_FACE('',(#1645,#1647),#1649,.F.);
#971=COLOUR_RGB($,0.827450980392157,0.831372549019608,0.835294117647059);
#972=FILL_AREA_STYLE_COLOUR($,#971);
#973=FILL_AREA_STYLE($,(#972));
#974=SURFACE_STYLE_FILL_AREA(#973);
#975=SURFACE_SIDE_STYLE('',(#974));
#976=SURFACE_STYLE_USAGE(.BOTH.,#975);
#977=PRESENTATION_STYLE_ASSIGNMENT((#976));
#978=STYLED_ITEM('',(#977),#970);
#979=ADVANCED_FACE('',(#1654,#1656),#1658,.F.);
#980=COLOUR_RGB($,0.827450980392157,0.831372549019608,0.835294117647059);
#981=FILL_AREA_STYLE_COLOUR($,#980);
#982=FILL_AREA_STYLE($,(#981));
#983=SURFACE_STYLE_FILL_AREA(#982);
#984=SURFACE_SIDE_STYLE('',(#983));
#985=SURFACE_STYLE_USAGE(.BOTH.,#984);
#986=PRESENTATION_STYLE_ASSIGNMENT((#985));
#987=STYLED_ITEM('',(#986),#979);
#988=ADVANCED_FACE('',(#1663,#1665),#1667,.T.);
#989=COLOUR_RGB($,0.827450980392157,0.831372549019608,0.835294117647059);
#990=FILL_AREA_STYLE_COLOUR($,#989);
#991=FILL_AREA_STYLE($,(#990));
#992=SURFACE_STYLE_FILL_AREA(#991);
#993=SURFACE_SIDE_STYLE('',(#992));
#994=SURFACE_STYLE_USAGE(.BOTH.,#993);
#995=PRESENTATION_STYLE_ASSIGNMENT((#994));
#996=STYLED_ITEM('',(#995),#988);
#997=ADVANCED_FACE('',(#1672,#1674),#1676,.F.);
#998=COLOUR_RGB($,0.827450980392157,0.831372549019608,0.835294117647059);
#999=FILL_AREA_STYLE_COLOUR($,#998);
#1000=FILL_AREA_STYLE($,(#999));
#1001=SURFACE_STYLE_FILL_AREA(#1000);
#1002=SURFACE_SIDE_STYLE('',(#1001));
#1003=SURFACE_STYLE_USAGE(.BOTH.,#1002);
#1004=PRESENTATION_STYLE_ASSIGNMENT((#1003));
#1005=STYLED_ITEM('',(#1004),#997);
#1006=ADVANCED_FACE('',(#1681,#1683),#1685,.F.);
#1007=COLOUR_RGB($,0.827450980392157,0.831372549019608,0.835294117647059);
#1008=FILL_AREA_STYLE_COLOUR($,#1007);
#1009=FILL_AREA_STYLE($,(#1008));
#1010=SURFACE_STYLE_FILL_AREA(#1009);
#1011=SURFACE_SIDE_STYLE('',(#1010));
#1012=SURFACE_STYLE_USAGE(.BOTH.,#1011);
#1013=PRESENTATION_STYLE_ASSIGNMENT((#1012));
#1014=STYLED_ITEM('',(#1013),#1006);
#1015=ADVANCED_FACE('',(#1690,#1692),#1694,.F.);
#1016=COLOUR_RGB($,0.827450980392157,0.831372549019608,0.835294117647059);
#1017=FILL_AREA_STYLE_COLOUR($,#1016);
#1018=FILL_AREA_STYLE($,(#1017));
#1019=SURFACE_STYLE_FILL_AREA(#1018);
#1020=SURFACE_SIDE_STYLE('',(#1019));
#1021=SURFACE_STYLE_USAGE(.BOTH.,#1020);
#1022=PRESENTATION_STYLE_ASSIGNMENT((#1021));
#1023=STYLED_ITEM('',(#1022),#1015);
#1024=ADVANCED_FACE('',(#1699,#1701),#1703,.F.);
#1025=COLOUR_RGB($,0.827450980392157,0.831372549019608,0.835294117647059);
#1026=FILL_AREA_STYLE_COLOUR($,#1025);
#1027=FILL_AREA_STYLE($,(#1026));
#1028=SURFACE_STYLE_FILL_AREA(#1027);
#1029=SURFACE_SIDE_STYLE('',(#1028));
#1030=SURFACE_STYLE_USAGE(.BOTH.,#1029);
#1031=PRESENTATION_STYLE_ASSIGNMENT((#1030));
#1032=STYLED_ITEM('',(#1031),#1024);
#1033=ADVANCED_FACE('',(#1708),#1710,.T.);
#1034=COLOUR_RGB($,0.827450980392157,0.831372549019608,0.835294117647059);
#1035=FILL_AREA_STYLE_COLOUR($,#1034);
#1036=FILL_AREA_STYLE($,(#1035));
#1037=SURFACE_STYLE_FILL_AREA(#1036);
#1038=SURFACE_SIDE_STYLE('',(#1037));
#1039=SURFACE_STYLE_USAGE(.BOTH.,#1038);
#1040=PRESENTATION_STYLE_ASSIGNMENT((#1039));
#1041=STYLED_ITEM('',(#1040),#1033);
#1042=FACE_BOUND('',#1043,.T.);
#1043=EDGE_LOOP('',(#1715,#1716,#1717,#1718));
#1044=PLANE('',#1045);
#1045=AXIS2_PLACEMENT_3D('',#1046,#1047,#1048);
#1046=CARTESIAN_POINT('',(-1.2451077025535,-1.27,1.07));
#1047=DIRECTION('',(0.,-1.,0.));
#1048=DIRECTION('',(1.,0.,0.));
#1049=FACE_BOUND('',#1050,.T.);
#1050=EDGE_LOOP('',(#1719,#1720,#1721,#1722));
#1051=PLANE('',#1052);
#1052=AXIS2_PLACEMENT_3D('',#1053,#1054,#1055);
#1053=CARTESIAN_POINT('',(-1.2451077025535,-1.27,1.07));
#1054=DIRECTION('',(0.,-1.,0.));
#1055=DIRECTION('',(1.,0.,0.));
#1056=FACE_BOUND('',#1057,.T.);
#1057=EDGE_LOOP('',(#1723,#1724,#1725,#1726));
#1058=PLANE('',#1059);
#1059=AXIS2_PLACEMENT_3D('',#1060,#1061,#1062);
#1060=CARTESIAN_POINT('',(-1.2451077025535,-1.27,1.07));
#1061=DIRECTION('',(0.,-1.,0.));
#1062=DIRECTION('',(1.,0.,0.));
#1063=FACE_BOUND('',#1064,.T.);
#1064=EDGE_LOOP('',(#1727,#1728,#1729,#1730));
#1065=PLANE('',#1066);
#1066=AXIS2_PLACEMENT_3D('',#1067,#1068,#1069);
#1067=CARTESIAN_POINT('',(-1.2451077025535,-1.27,1.07));
#1068=DIRECTION('',(0.,-1.,0.));
#1069=DIRECTION('',(1.,0.,0.));
#1070=FACE_BOUND('',#1071,.T.);
#1071=EDGE_LOOP('',(#1731,#1732,#1733,#1734));
#1072=PLANE('',#1073);
#1073=AXIS2_PLACEMENT_3D('',#1074,#1075,#1076);
#1074=CARTESIAN_POINT('',(-1.2451077025535,-1.27,1.07));
#1075=DIRECTION('',(0.,-1.,0.));
#1076=DIRECTION('',(1.,0.,0.));
#1077=FACE_BOUND('',#1078,.T.);
#1078=EDGE_LOOP('',(#1735,#1736,#1737,#1738));
#1079=PLANE('',#1080);
#1080=AXIS2_PLACEMENT_3D('',#1081,#1082,#1083);
#1081=CARTESIAN_POINT('',(-1.2451077025535,-1.27,1.07));
#1082=DIRECTION('',(0.,-1.,0.));
#1083=DIRECTION('',(1.,0.,0.));
#1084=FACE_BOUND('',#1085,.T.);
#1085=EDGE_LOOP('',(#1739,#1740,#1741,#1742));
#1086=PLANE('',#1087);
#1087=AXIS2_PLACEMENT_3D('',#1088,#1089,#1090);
#1088=CARTESIAN_POINT('',(16.4851077025535,1.27,1.07));
#1089=DIRECTION('',(0.,1.,-0.));
#1090=DIRECTION('',(-1.,0.,0.));
#1091=FACE_BOUND('',#1092,.T.);
#1092=EDGE_LOOP('',(#1743,#1744,#1745,#1746));
#1093=PLANE('',#1094);
#1094=AXIS2_PLACEMENT_3D('',#1095,#1096,#1097);
#1095=CARTESIAN_POINT('',(16.4851077025535,1.27,1.07));
#1096=DIRECTION('',(0.,1.,-0.));
#1097=DIRECTION('',(-1.,0.,0.));
#1098=FACE_BOUND('',#1099,.T.);
#1099=EDGE_LOOP('',(#1747,#1748,#1749,#1750));
#1100=PLANE('',#1101);
#1101=AXIS2_PLACEMENT_3D('',#1102,#1103,#1104);
#1102=CARTESIAN_POINT('',(16.4851077025535,1.27,1.07));
#1103=DIRECTION('',(0.,1.,-0.));
#1104=DIRECTION('',(-1.,0.,0.));
#1105=FACE_BOUND('',#1106,.T.);
#1106=EDGE_LOOP('',(#1751,#1752,#1753,#1754));
#1107=PLANE('',#1108);
#1108=AXIS2_PLACEMENT_3D('',#1109,#1110,#1111);
#1109=CARTESIAN_POINT('',(16.4851077025535,1.27,1.07));
#1110=DIRECTION('',(0.,1.,-0.));
#1111=DIRECTION('',(-1.,0.,0.));
#1112=FACE_BOUND('',#1113,.T.);
#1113=EDGE_LOOP('',(#1755,#1756,#1757,#1758));
#1114=PLANE('',#1115);
#1115=AXIS2_PLACEMENT_3D('',#1116,#1117,#1118);
#1116=CARTESIAN_POINT('',(16.4851077025535,1.27,1.07));
#1117=DIRECTION('',(0.,1.,-0.));
#1118=DIRECTION('',(-1.,0.,0.));
#1119=FACE_BOUND('',#1120,.T.);
#1120=EDGE_LOOP('',(#1759,#1760,#1761,#1762));
#1121=PLANE('',#1122);
#1122=AXIS2_PLACEMENT_3D('',#1123,#1124,#1125);
#1123=CARTESIAN_POINT('',(16.4851077025535,1.27,1.07));
#1124=DIRECTION('',(0.,1.,-0.));
#1125=DIRECTION('',(-1.,0.,0.));
#1126=FACE_BOUND('',#1127,.T.);
#1127=EDGE_LOOP('',(#1763,#1764,#1765,#1766,#1767,#1768,#1769,#1770,#1771,#1772,
#1773,#1774,#1775,#1776,#1777,#1778,#1779,#1780,#1781,#1782,#1783,#1784,#1785,#1786,
#1787,#1788,#1789,#1790,#1791,#1792,#1793,#1794,#1795,#1796,#1797,#1798,#1799,#1800,
#1801,#1802,#1803,#1804,#1805,#1806,#1807,#1808,#1809,#1810,#1811,#1812,#1813,#1814,
#1815,#1816,#1817,#1818));
#1128=FACE_BOUND('',#1129,.T.);
#1129=EDGE_LOOP('',(#1819));
#1130=FACE_BOUND('',#1131,.T.);
#1131=EDGE_LOOP('',(#1820));
#1132=FACE_BOUND('',#1133,.T.);
#1133=EDGE_LOOP('',(#1821));
#1134=FACE_BOUND('',#1135,.T.);
#1135=EDGE_LOOP('',(#1822));
#1136=FACE_BOUND('',#1137,.T.);
#1137=EDGE_LOOP('',(#1823));
#1138=FACE_BOUND('',#1139,.T.);
#1139=EDGE_LOOP('',(#1824));
#1140=FACE_BOUND('',#1141,.T.);
#1141=EDGE_LOOP('',(#1825));
#1142=PLANE('',#1143);
#1143=AXIS2_PLACEMENT_3D('',#1144,#1145,#1146);
#1144=CARTESIAN_POINT('',(0.,0.,2.34));
#1145=DIRECTION('',(0.,0.,1.));
#1146=DIRECTION('',(1.,0.,0.));
#1147=FACE_BOUND('',#1148,.T.);
#1148=EDGE_LOOP('',(#1826,#1827,#1828,#1829,#1830,#1831,#1832,#1833,#1834,#1835,
#1836,#1837,#1838,#1839,#1840,#1841,#1842,#1843,#1844,#1845,#1846,#1847,#1848,#1849,
#1850,#1851,#1852,#1853,#1854,#1855,#1856,#1857,#1858,#1859,#1860,#1861,#1862,#1863,
#1864,#1865,#1866,#1867,#1868,#1869,#1870,#1871,#1872,#1873,#1874,#1875,#1876,#1877,
#1878,#1879,#1880,#1881));
#1149=FACE_BOUND('',#1150,.T.);
#1150=EDGE_LOOP('',(#1882));
#1151=FACE_BOUND('',#1152,.T.);
#1152=EDGE_LOOP('',(#1883));
#1153=FACE_BOUND('',#1154,.T.);
#1154=EDGE_LOOP('',(#1884));
#1155=FACE_BOUND('',#1156,.T.);
#1156=EDGE_LOOP('',(#1885));
#1157=FACE_BOUND('',#1158,.T.);
#1158=EDGE_LOOP('',(#1886));
#1159=FACE_BOUND('',#1160,.T.);
#1160=EDGE_LOOP('',(#1887));
#1161=FACE_BOUND('',#1162,.T.);
#1162=EDGE_LOOP('',(#1888));
#1163=PLANE('',#1164);
#1164=AXIS2_PLACEMENT_3D('',#1165,#1166,#1167);
#1165=CARTESIAN_POINT('',(0.,0.,1.07));
#1166=DIRECTION('',(0.,0.,1.));
#1167=DIRECTION('',(1.,0.,0.));
#1168=FACE_BOUND('',#1169,.T.);
#1169=EDGE_LOOP('',(#1889,#1890,#1891,#1892));
#1170=PLANE('',#1171);
#1171=AXIS2_PLACEMENT_3D('',#1172,#1173,#1174);
#1172=CARTESIAN_POINT('',(14.129004405268,-1.27,1.07));
#1173=DIRECTION('',(0.906307787039943,0.422618261733638,-0.));
#1174=DIRECTION('',(-0.422618261733638,0.906307787039943,0.));
#1175=FACE_BOUND('',#1176,.T.);
#1176=EDGE_LOOP('',(#1893,#1894,#1895,#1896));
#1177=PLANE('',#1178);
#1178=AXIS2_PLACEMENT_3D('',#1179,#1180,#1181);
#1179=CARTESIAN_POINT('',(13.9428107663879,-0.987321452149846,1.07));
#1180=DIRECTION('',(-0.906307787039943,0.422618261733637,0.));
#1181=DIRECTION('',(-0.422618261733637,-0.906307787039943,0.));
#1182=FACE_BOUND('',#1183,.T.);
#1183=EDGE_LOOP('',(#1897,#1898,#1899,#1900));
#1184=CYLINDRICAL_SURFACE('',#1185,0.03);
#1185=AXIS2_PLACEMENT_3D('',#1186,#1187,#1188);
#1186=CARTESIAN_POINT('',(13.97,-1.,1.07));
#1187=DIRECTION('',(0.,0.,1.));
#1188=DIRECTION('',(0.906307786970437,0.422618261882694,0.));
#1189=FACE_BOUND('',#1190,.T.);
#1190=EDGE_LOOP('',(#1901,#1902,#1903,#1904));
#1191=CYLINDRICAL_SURFACE('',#1192,0.03);
#1192=AXIS2_PLACEMENT_3D('',#1193,#1194,#1195);
#1193=CARTESIAN_POINT('',(13.97,1.,1.07));
#1194=DIRECTION('',(0.,0.,1.));
#1195=DIRECTION('',(-0.906307787035285,-0.422618261743626,0.));
#1196=FACE_BOUND('',#1197,.T.);
#1197=EDGE_LOOP('',(#1905,#1906,#1907,#1908));
#1198=PLANE('',#1199);
#1199=AXIS2_PLACEMENT_3D('',#1200,#1201,#1202);
#1200=CARTESIAN_POINT('',(13.8109955947282,1.27,1.07));
#1201=DIRECTION('',(-0.906307787035266,-0.422618261743666,0.));
#1202=DIRECTION('',(0.422618261743666,-0.906307787035267,0.));
#1203=FACE_BOUND('',#1204,.T.);
#1204=EDGE_LOOP('',(#1909,#1910,#1911,#1912));
#1205=PLANE('',#1206);
#1206=AXIS2_PLACEMENT_3D('',#1207,#1208,#1209);
#1207=CARTESIAN_POINT('',(13.9971892336111,0.987321452147693,1.07));
#1208=DIRECTION('',(0.906307787035268,-0.422618261743663,0.));
#1209=DIRECTION('',(0.422618261743663,0.906307787035268,0.));
#1210=FACE_BOUND('',#1211,.T.);
#1211=EDGE_LOOP('',(#1913,#1914,#1915,#1916));
#1212=PLANE('',#1213);
#1213=AXIS2_PLACEMENT_3D('',#1214,#1215,#1216);
#1214=CARTESIAN_POINT('',(11.589004405268,-1.27,1.07));
#1215=DIRECTION('',(0.906307787039943,0.422618261733638,-0.));
#1216=DIRECTION('',(-0.422618261733638,0.906307787039943,0.));
#1217=FACE_BOUND('',#1218,.T.);
#1218=EDGE_LOOP('',(#1917,#1918,#1919,#1920));
#1219=PLANE('',#1220);
#1220=AXIS2_PLACEMENT_3D('',#1221,#1222,#1223);
#1221=CARTESIAN_POINT('',(11.4028107663879,-0.987321452149846,1.07));
#1222=DIRECTION('',(-0.906307787039943,0.422618261733637,0.));
#1223=DIRECTION('',(-0.422618261733637,-0.906307787039943,0.));
#1224=FACE_BOUND('',#1225,.T.);
#1225=EDGE_LOOP('',(#1921,#1922,#1923,#1924));
#1226=CYLINDRICAL_SURFACE('',#1227,0.03);
#1227=AXIS2_PLACEMENT_3D('',#1228,#1229,#1230);
#1228=CARTESIAN_POINT('',(11.43,-1.,1.07));
#1229=DIRECTION('',(0.,0.,1.));
#1230=DIRECTION('',(0.906307786970437,0.422618261882694,0.));
#1231=FACE_BOUND('',#1232,.T.);
#1232=EDGE_LOOP('',(#1925,#1926,#1927,#1928));
#1233=CYLINDRICAL_SURFACE('',#1234,0.03);
#1234=AXIS2_PLACEMENT_3D('',#1235,#1236,#1237);
#1235=CARTESIAN_POINT('',(11.43,1.,1.07));
#1236=DIRECTION('',(0.,0.,1.));
#1237=DIRECTION('',(-0.906307787035285,-0.422618261743626,0.));
#1238=FACE_BOUND('',#1239,.T.);
#1239=EDGE_LOOP('',(#1929,#1930,#1931,#1932));
#1240=PLANE('',#1241);
#1241=AXIS2_PLACEMENT_3D('',#1242,#1243,#1244);
#1242=CARTESIAN_POINT('',(11.2709955947282,1.27,1.07));
#1243=DIRECTION('',(-0.906307787035266,-0.422618261743666,0.));
#1244=DIRECTION('',(0.422618261743666,-0.906307787035267,0.));
#1245=FACE_BOUND('',#1246,.T.);
#1246=EDGE_LOOP('',(#1933,#1934,#1935,#1936));
#1247=PLANE('',#1248);
#1248=AXIS2_PLACEMENT_3D('',#1249,#1250,#1251);
#1249=CARTESIAN_POINT('',(11.4571892336111,0.987321452147693,1.07));
#1250=DIRECTION('',(0.906307787035268,-0.422618261743663,0.));
#1251=DIRECTION('',(0.422618261743663,0.906307787035268,0.));
#1252=FACE_BOUND('',#1253,.T.);
#1253=EDGE_LOOP('',(#1937,#1938,#1939,#1940));
#1254=PLANE('',#1255);
#1255=AXIS2_PLACEMENT_3D('',#1256,#1257,#1258);
#1256=CARTESIAN_POINT('',(9.04900440526804,-1.27,1.07));
#1257=DIRECTION('',(0.906307787039943,0.422618261733638,-0.));
#1258=DIRECTION('',(-0.422618261733638,0.906307787039943,0.));
#1259=FACE_BOUND('',#1260,.T.);
#1260=EDGE_LOOP('',(#1941,#1942,#1943,#1944));
#1261=PLANE('',#1262);
#1262=AXIS2_PLACEMENT_3D('',#1263,#1264,#1265);
#1263=CARTESIAN_POINT('',(8.86281076638794,-0.987321452149846,1.07));
#1264=DIRECTION('',(-0.906307787039943,0.422618261733637,0.));
#1265=DIRECTION('',(-0.422618261733637,-0.906307787039943,0.));
#1266=FACE_BOUND('',#1267,.T.);
#1267=EDGE_LOOP('',(#1945,#1946,#1947,#1948));
#1268=CYLINDRICAL_SURFACE('',#1269,0.03);
#1269=AXIS2_PLACEMENT_3D('',#1270,#1271,#1272);
#1270=CARTESIAN_POINT('',(8.89,-1.,1.07));
#1271=DIRECTION('',(0.,0.,1.));
#1272=DIRECTION('',(0.906307786970437,0.422618261882694,0.));
#1273=FACE_BOUND('',#1274,.T.);
#1274=EDGE_LOOP('',(#1949,#1950,#1951,#1952));
#1275=CYLINDRICAL_SURFACE('',#1276,0.03);
#1276=AXIS2_PLACEMENT_3D('',#1277,#1278,#1279);
#1277=CARTESIAN_POINT('',(8.89,1.,1.07));
#1278=DIRECTION('',(0.,0.,1.));
#1279=DIRECTION('',(-0.906307787035285,-0.422618261743626,0.));
#1280=FACE_BOUND('',#1281,.T.);
#1281=EDGE_LOOP('',(#1953,#1954,#1955,#1956));
#1282=PLANE('',#1283);
#1283=AXIS2_PLACEMENT_3D('',#1284,#1285,#1286);
#1284=CARTESIAN_POINT('',(8.73099559472815,1.27,1.07));
#1285=DIRECTION('',(-0.906307787035266,-0.422618261743666,0.));
#1286=DIRECTION('',(0.422618261743666,-0.906307787035267,0.));
#1287=FACE_BOUND('',#1288,.T.);
#1288=EDGE_LOOP('',(#1957,#1958,#1959,#1960));
#1289=PLANE('',#1290);
#1290=AXIS2_PLACEMENT_3D('',#1291,#1292,#1293);
#1291=CARTESIAN_POINT('',(8.91718923361106,0.987321452147693,1.07));
#1292=DIRECTION('',(0.906307787035268,-0.422618261743663,0.));
#1293=DIRECTION('',(0.422618261743663,0.906307787035268,0.));
#1294=FACE_BOUND('',#1295,.T.);
#1295=EDGE_LOOP('',(#1961,#1962,#1963,#1964));
#1296=PLANE('',#1297);
#1297=AXIS2_PLACEMENT_3D('',#1298,#1299,#1300);
#1298=CARTESIAN_POINT('',(6.50900440526804,-1.27,1.07));
#1299=DIRECTION('',(0.906307787039943,0.422618261733638,-0.));
#1300=DIRECTION('',(-0.422618261733638,0.906307787039943,0.));
#1301=FACE_BOUND('',#1302,.T.);
#1302=EDGE_LOOP('',(#1965,#1966,#1967,#1968));
#1303=PLANE('',#1304);
#1304=AXIS2_PLACEMENT_3D('',#1305,#1306,#1307);
#1305=CARTESIAN_POINT('',(6.32281076638794,-0.987321452149846,1.07));
#1306=DIRECTION('',(-0.906307787039943,0.422618261733637,0.));
#1307=DIRECTION('',(-0.422618261733637,-0.906307787039943,0.));
#1308=FACE_BOUND('',#1309,.T.);
#1309=EDGE_LOOP('',(#1969,#1970,#1971,#1972));
#1310=CYLINDRICAL_SURFACE('',#1311,0.03);
#1311=AXIS2_PLACEMENT_3D('',#1312,#1313,#1314);
#1312=CARTESIAN_POINT('',(6.35,-1.,1.07));
#1313=DIRECTION('',(0.,0.,1.));
#1314=DIRECTION('',(0.906307786970437,0.422618261882694,0.));
#1315=FACE_BOUND('',#1316,.T.);
#1316=EDGE_LOOP('',(#1973,#1974,#1975,#1976));
#1317=CYLINDRICAL_SURFACE('',#1318,0.03);
#1318=AXIS2_PLACEMENT_3D('',#1319,#1320,#1321);
#1319=CARTESIAN_POINT('',(6.35,1.,1.07));
#1320=DIRECTION('',(0.,0.,1.));
#1321=DIRECTION('',(-0.906307787035285,-0.422618261743626,0.));
#1322=FACE_BOUND('',#1323,.T.);
#1323=EDGE_LOOP('',(#1977,#1978,#1979,#1980));
#1324=PLANE('',#1325);
#1325=AXIS2_PLACEMENT_3D('',#1326,#1327,#1328);
#1326=CARTESIAN_POINT('',(6.19099559472815,1.27,1.07));
#1327=DIRECTION('',(-0.906307787035266,-0.422618261743666,0.));
#1328=DIRECTION('',(0.422618261743666,-0.906307787035267,0.));
#1329=FACE_BOUND('',#1330,.T.);
#1330=EDGE_LOOP('',(#1981,#1982,#1983,#1984));
#1331=PLANE('',#1332);
#1332=AXIS2_PLACEMENT_3D('',#1333,#1334,#1335);
#1333=CARTESIAN_POINT('',(6.37718923361106,0.987321452147693,1.07));
#1334=DIRECTION('',(0.906307787035268,-0.422618261743663,0.));
#1335=DIRECTION('',(0.422618261743663,0.906307787035268,0.));
#1336=FACE_BOUND('',#1337,.T.);
#1337=EDGE_LOOP('',(#1985,#1986,#1987,#1988));
#1338=PLANE('',#1339);
#1339=AXIS2_PLACEMENT_3D('',#1340,#1341,#1342);
#1340=CARTESIAN_POINT('',(3.96900440526804,-1.27,1.07));
#1341=DIRECTION('',(0.906307787039943,0.422618261733638,-0.));
#1342=DIRECTION('',(-0.422618261733638,0.906307787039943,0.));
#1343=FACE_BOUND('',#1344,.T.);
#1344=EDGE_LOOP('',(#1989,#1990,#1991,#1992));
#1345=PLANE('',#1346);
#1346=AXIS2_PLACEMENT_3D('',#1347,#1348,#1349);
#1347=CARTESIAN_POINT('',(3.78281076638794,-0.987321452149846,1.07));
#1348=DIRECTION('',(-0.906307787039943,0.422618261733637,0.));
#1349=DIRECTION('',(-0.422618261733637,-0.906307787039943,0.));
#1350=FACE_BOUND('',#1351,.T.);
#1351=EDGE_LOOP('',(#1993,#1994,#1995,#1996));
#1352=CYLINDRICAL_SURFACE('',#1353,0.03);
#1353=AXIS2_PLACEMENT_3D('',#1354,#1355,#1356);
#1354=CARTESIAN_POINT('',(3.81,-1.,1.07));
#1355=DIRECTION('',(0.,0.,1.));
#1356=DIRECTION('',(0.906307786970437,0.422618261882694,0.));
#1357=FACE_BOUND('',#1358,.T.);
#1358=EDGE_LOOP('',(#1997,#1998,#1999,#2000));
#1359=CYLINDRICAL_SURFACE('',#1360,0.03);
#1360=AXIS2_PLACEMENT_3D('',#1361,#1362,#1363);
#1361=CARTESIAN_POINT('',(3.81,1.,1.07));
#1362=DIRECTION('',(0.,0.,1.));
#1363=DIRECTION('',(-0.906307787035285,-0.422618261743626,0.));
#1364=FACE_BOUND('',#1365,.T.);
#1365=EDGE_LOOP('',(#2001,#2002,#2003,#2004));
#1366=PLANE('',#1367);
#1367=AXIS2_PLACEMENT_3D('',#1368,#1369,#1370);
#1368=CARTESIAN_POINT('',(3.65099559472815,1.27,1.07));
#1369=DIRECTION('',(-0.906307787035266,-0.422618261743666,0.));
#1370=DIRECTION('',(0.422618261743666,-0.906307787035267,0.));
#1371=FACE_BOUND('',#1372,.T.);
#1372=EDGE_LOOP('',(#2005,#2006,#2007,#2008));
#1373=PLANE('',#1374);
#1374=AXIS2_PLACEMENT_3D('',#1375,#1376,#1377);
#1375=CARTESIAN_POINT('',(3.83718923361106,0.987321452147693,1.07));
#1376=DIRECTION('',(0.906307787035268,-0.422618261743663,0.));
#1377=DIRECTION('',(0.422618261743663,0.906307787035268,0.));
#1378=FACE_BOUND('',#1379,.T.);
#1379=EDGE_LOOP('',(#2009,#2010,#2011,#2012));
#1380=PLANE('',#1381);
#1381=AXIS2_PLACEMENT_3D('',#1382,#1383,#1384);
#1382=CARTESIAN_POINT('',(1.42900440526804,-1.27,1.07));
#1383=DIRECTION('',(0.906307787039943,0.422618261733638,-0.));
#1384=DIRECTION('',(-0.422618261733638,0.906307787039943,0.));
#1385=FACE_BOUND('',#1386,.T.);
#1386=EDGE_LOOP('',(#2013,#2014,#2015,#2016));
#1387=PLANE('',#1388);
#1388=AXIS2_PLACEMENT_3D('',#1389,#1390,#1391);
#1389=CARTESIAN_POINT('',(16.4851077025535,-1.27,1.07));
#1390=DIRECTION('',(0.906307787036648,-0.422618261740702,0.));
#1391=DIRECTION('',(0.422618261740702,0.906307787036649,0.));
#1392=FACE_BOUND('',#1393,.T.);
#1393=EDGE_LOOP('',(#2017,#2018,#2019,#2020));
#1394=PLANE('',#1395);
#1395=AXIS2_PLACEMENT_3D('',#1396,#1397,#1398);
#1396=CARTESIAN_POINT('',(1.29718923361106,0.987321452147693,1.07));
#1397=DIRECTION('',(0.906307787035268,-0.422618261743663,0.));
#1398=DIRECTION('',(0.422618261743663,0.906307787035268,0.));
#1399=FACE_BOUND('',#1400,.T.);
#1400=EDGE_LOOP('',(#2021,#2022,#2023,#2024));
#1401=PLANE('',#1402);
#1402=AXIS2_PLACEMENT_3D('',#1403,#1404,#1405);
#1403=CARTESIAN_POINT('',(16.625,0.969999999999999,1.07));
#1404=DIRECTION('',(0.906307787036649,0.422618261740702,-0.));
#1405=DIRECTION('',(-0.422618261740702,0.906307787036649,0.));
#1406=FACE_BOUND('',#1407,.T.);
#1407=EDGE_LOOP('',(#2025,#2026,#2027,#2028));
#1408=CYLINDRICAL_SURFACE('',#1409,0.03);
#1409=AXIS2_PLACEMENT_3D('',#1410,#1411,#1412);
#1410=CARTESIAN_POINT('',(1.27,1.,1.07));
#1411=DIRECTION('',(0.,0.,1.));
#1412=DIRECTION('',(-0.906307787035285,-0.422618261743626,0.));
#1413=FACE_BOUND('',#1414,.T.);
#1414=EDGE_LOOP('',(#2029,#2030,#2031,#2032));
#1415=PLANE('',#1416);
#1416=AXIS2_PLACEMENT_3D('',#1417,#1418,#1419);
#1417=CARTESIAN_POINT('',(1.11099559472815,1.27,1.07));
#1418=DIRECTION('',(-0.906307787035266,-0.422618261743666,0.));
#1419=DIRECTION('',(0.422618261743666,-0.906307787035267,0.));
#1420=FACE_BOUND('',#1421,.T.);
#1421=EDGE_LOOP('',(#2033,#2034,#2035,#2036));
#1422=PLANE('',#1423);
#1423=AXIS2_PLACEMENT_3D('',#1424,#1425,#1426);
#1424=CARTESIAN_POINT('',(16.4851077025535,1.27,1.07));
#1425=DIRECTION('',(0.,1.,-0.));
#1426=DIRECTION('',(-1.,0.,0.));
#1427=FACE_BOUND('',#1428,.T.);
#1428=EDGE_LOOP('',(#2037,#2038,#2039,#2040));
#1429=PLANE('',#1430);
#1430=AXIS2_PLACEMENT_3D('',#1431,#1432,#1433);
#1431=CARTESIAN_POINT('',(-1.2451077025535,1.27,1.07));
#1432=DIRECTION('',(-0.90630778703665,0.422618261740699,0.));
#1433=DIRECTION('',(-0.4226182617407,-0.90630778703665,0.));
#1434=FACE_BOUND('',#1435,.T.);
#1435=EDGE_LOOP('',(#2041,#2042,#2043,#2044));
#1436=PLANE('',#1437);
#1437=AXIS2_PLACEMENT_3D('',#1438,#1439,#1440);
#1438=CARTESIAN_POINT('',(-1.385,0.970000000000001,1.07));
#1439=DIRECTION('',(-1.,2.28911963840238E-016,0.));
#1440=DIRECTION('',(-2.28911963840238E-016,-1.,0.));
#1441=FACE_BOUND('',#1442,.T.);
#1442=EDGE_LOOP('',(#2045,#2046,#2047,#2048));
#1443=PLANE('',#1444);
#1444=AXIS2_PLACEMENT_3D('',#1445,#1446,#1447);
#1445=CARTESIAN_POINT('',(-1.385,-0.97,1.07));
#1446=DIRECTION('',(-0.90630778703665,-0.422618261740699,0.));
#1447=DIRECTION('',(0.422618261740699,-0.90630778703665,0.));
#1448=FACE_BOUND('',#1449,.T.);
#1449=EDGE_LOOP('',(#2049,#2050,#2051,#2052));
#1450=PLANE('',#1451);
#1451=AXIS2_PLACEMENT_3D('',#1452,#1453,#1454);
#1452=CARTESIAN_POINT('',(-1.2451077025535,-1.27,1.07));
#1453=DIRECTION('',(0.,-1.,0.));
#1454=DIRECTION('',(1.,0.,0.));
#1455=FACE_BOUND('',#1456,.T.);
#1456=EDGE_LOOP('',(#2053,#2054,#2055,#2056));
#1457=PLANE('',#1458);
#1458=AXIS2_PLACEMENT_3D('',#1459,#1460,#1461);
#1459=CARTESIAN_POINT('',(1.24281076638794,-0.987321452149846,1.07));
#1460=DIRECTION('',(-0.906307787039943,0.422618261733637,0.));
#1461=DIRECTION('',(-0.422618261733637,-0.906307787039943,0.));
#1462=FACE_BOUND('',#1463,.T.);
#1463=EDGE_LOOP('',(#2057,#2058,#2059,#2060));
#1464=CYLINDRICAL_SURFACE('',#1465,0.03);
#1465=AXIS2_PLACEMENT_3D('',#1466,#1467,#1468);
#1466=CARTESIAN_POINT('',(1.27,-1.,1.07));
#1467=DIRECTION('',(0.,0.,1.));
#1468=DIRECTION('',(0.906307786970437,0.422618261882694,0.));
#1469=FACE_BOUND('',#1470,.T.);
#1470=EDGE_LOOP('',(#2061,#2062,#2063,#2064));
#1471=PLANE('',#1472);
#1472=AXIS2_PLACEMENT_3D('',#1473,#1474,#1475);
#1473=CARTESIAN_POINT('',(16.625,-0.97,1.07));
#1474=DIRECTION('',(1.,0.,0.));
#1475=DIRECTION('',(0.,1.,0.));
#1476=FACE_OUTER_BOUND('',#1477,.T.);
#1477=EDGE_LOOP('',(#2065));
#1478=FACE_OUTER_BOUND('',#1479,.T.);
#1479=EDGE_LOOP('',(#2066));
#1480=CYLINDRICAL_SURFACE('',#1481,0.66);
#1481=AXIS2_PLACEMENT_3D('',#1482,#1483,#1484);
#1482=CARTESIAN_POINT('',(0.,0.,0.));
#1483=DIRECTION('',(0.,0.,1.));
#1484=DIRECTION('',(1.,0.,0.));
#1485=FACE_OUTER_BOUND('',#1486,.T.);
#1486=EDGE_LOOP('',(#2067));
#1487=FACE_OUTER_BOUND('',#1488,.T.);
#1488=EDGE_LOOP('',(#2068));
#1489=CYLINDRICAL_SURFACE('',#1490,0.66);
#1490=AXIS2_PLACEMENT_3D('',#1491,#1492,#1493);
#1491=CARTESIAN_POINT('',(15.24,0.,0.));
#1492=DIRECTION('',(0.,0.,1.));
#1493=DIRECTION('',(1.,0.,0.));
#1494=FACE_OUTER_BOUND('',#1495,.T.);
#1495=EDGE_LOOP('',(#2069));
#1496=FACE_OUTER_BOUND('',#1497,.T.);
#1497=EDGE_LOOP('',(#2070));
#1498=CYLINDRICAL_SURFACE('',#1499,0.66);
#1499=AXIS2_PLACEMENT_3D('',#1500,#1501,#1502);
#1500=CARTESIAN_POINT('',(12.7,0.,0.));
#1501=DIRECTION('',(0.,0.,1.));
#1502=DIRECTION('',(1.,0.,0.));
#1503=FACE_OUTER_BOUND('',#1504,.T.);
#1504=EDGE_LOOP('',(#2071));
#1505=FACE_OUTER_BOUND('',#1506,.T.);
#1506=EDGE_LOOP('',(#2072));
#1507=CYLINDRICAL_SURFACE('',#1508,0.66);
#1508=AXIS2_PLACEMENT_3D('',#1509,#1510,#1511);
#1509=CARTESIAN_POINT('',(10.16,0.,0.));
#1510=DIRECTION('',(0.,0.,1.));
#1511=DIRECTION('',(1.,0.,0.));
#1512=FACE_OUTER_BOUND('',#1513,.T.);
#1513=EDGE_LOOP('',(#2073));
#1514=FACE_OUTER_BOUND('',#1515,.T.);
#1515=EDGE_LOOP('',(#2074));
#1516=CYLINDRICAL_SURFACE('',#1517,0.66);
#1517=AXIS2_PLACEMENT_3D('',#1518,#1519,#1520);
#1518=CARTESIAN_POINT('',(7.62,0.,0.));
#1519=DIRECTION('',(0.,0.,1.));
#1520=DIRECTION('',(1.,0.,0.));
#1521=FACE_OUTER_BOUND('',#1522,.T.);
#1522=EDGE_LOOP('',(#2075));
#1523=FACE_OUTER_BOUND('',#1524,.T.);
#1524=EDGE_LOOP('',(#2076));
#1525=CYLINDRICAL_SURFACE('',#1526,0.66);
#1526=AXIS2_PLACEMENT_3D('',#1527,#1528,#1529);
#1527=CARTESIAN_POINT('',(5.08,0.,0.));
#1528=DIRECTION('',(0.,0.,1.));
#1529=DIRECTION('',(1.,0.,0.));
#1530=FACE_OUTER_BOUND('',#1531,.T.);
#1531=EDGE_LOOP('',(#2077));
#1532=FACE_OUTER_BOUND('',#1533,.T.);
#1533=EDGE_LOOP('',(#2078));
#1534=CYLINDRICAL_SURFACE('',#1535,0.66);
#1535=AXIS2_PLACEMENT_3D('',#1536,#1537,#1538);
#1536=CARTESIAN_POINT('',(2.54,0.,0.));
#1537=DIRECTION('',(0.,0.,1.));
#1538=DIRECTION('',(1.,0.,0.));
#1539=FACE_BOUND('',#1540,.T.);
#1540=EDGE_LOOP('',(#2079));
#1541=PLANE('',#1542);
#1542=AXIS2_PLACEMENT_3D('',#1543,#1544,#1545);
#1543=CARTESIAN_POINT('',(0.,0.,-2.74));
#1544=DIRECTION('',(-0.,-0.,-1.));
#1545=DIRECTION('',(0.,-1.,0.));
#1546=FACE_OUTER_BOUND('',#1547,.T.);
#1547=EDGE_LOOP('',(#2080));
#1548=FACE_OUTER_BOUND('',#1549,.T.);
#1549=EDGE_LOOP('',(#2081));
#1550=CONICAL_SURFACE('',#1551,0.285,0.785398163397449);
#1551=AXIS2_PLACEMENT_3D('',#1552,#1553,#1554);
#1552=CARTESIAN_POINT('',(0.,0.,-2.645));
#1553=DIRECTION('',(0.,0.,1.));
#1554=DIRECTION('',(-0.,1.,-0.));
#1555=FACE_OUTER_BOUND('',#1556,.T.);
#1556=EDGE_LOOP('',(#2082));
#1557=FACE_OUTER_BOUND('',#1558,.T.);
#1558=EDGE_LOOP('',(#2083));
#1559=CYLINDRICAL_SURFACE('',#1560,0.38);
#1560=AXIS2_PLACEMENT_3D('',#1561,#1562,#1563);
#1561=CARTESIAN_POINT('',(0.,0.,0.));
#1562=DIRECTION('',(-0.,-0.,-1.));
#1563=DIRECTION('',(0.,-1.,0.));
#1564=FACE_OUTER_BOUND('',#1565,.T.);
#1565=EDGE_LOOP('',(#2084));
#1566=FACE_OUTER_BOUND('',#1567,.T.);
#1567=EDGE_LOOP('',(#2085));
#1568=CONICAL_SURFACE('',#1569,0.52,0.785398163397449);
#1569=AXIS2_PLACEMENT_3D('',#1570,#1571,#1572);
#1570=CARTESIAN_POINT('',(0.,0.,0.14));
#1571=DIRECTION('',(0.,0.,1.));
#1572=DIRECTION('',(-0.,1.,-0.));
#1573=FACE_OUTER_BOUND('',#1574,.T.);
#1574=EDGE_LOOP('',(#2086));
#1575=FACE_OUTER_BOUND('',#1576,.T.);
#1576=EDGE_LOOP('',(#2087));
#1577=CYLINDRICAL_SURFACE('',#1578,0.66);
#1578=AXIS2_PLACEMENT_3D('',#1579,#1580,#1581);
#1579=CARTESIAN_POINT('',(0.,0.,1.29287838708185));
#1580=DIRECTION('',(-0.,-0.,-1.));
#1581=DIRECTION('',(0.,-1.,0.));
#1582=FACE_OUTER_BOUND('',#1583,.T.);
#1583=EDGE_LOOP('',(#2088));
#1584=FACE_OUTER_BOUND('',#1585,.T.);
#1585=EDGE_LOOP('',(#2089));
#1586=CONICAL_SURFACE('',#1587,0.735,0.349065850398866);
#1587=AXIS2_PLACEMENT_3D('',#1588,#1589,#1590);
#1588=CARTESIAN_POINT('',(0.,0.,1.49893919354094));
#1589=DIRECTION('',(0.,0.,1.));
#1590=DIRECTION('',(-0.,1.,-0.));
#1591=FACE_BOUND('',#1592,.T.);
#1592=EDGE_LOOP('',(#2090));
#1593=FACE_BOUND('',#1594,.T.);
#1594=EDGE_LOOP('',(#2091));
#1595=PLANE('',#1596);
#1596=AXIS2_PLACEMENT_3D('',#1597,#1598,#1599);
#1597=CARTESIAN_POINT('',(0.,0.,1.70500000000004));
#1598=DIRECTION('',(0.,0.,1.));
#1599=DIRECTION('',(0.,-1.,0.));
#1600=FACE_OUTER_BOUND('',#1601,.T.);
#1601=EDGE_LOOP('',(#2092));
#1602=FACE_OUTER_BOUND('',#1603,.T.);
#1603=EDGE_LOOP('',(#2093));
#1604=CYLINDRICAL_SURFACE('',#1605,0.66);
#1605=AXIS2_PLACEMENT_3D('',#1606,#1607,#1608);
#1606=CARTESIAN_POINT('',(0.,0.,2.2400000000001));
#1607=DIRECTION('',(-0.,-0.,-1.));
#1608=DIRECTION('',(0.,-1.,0.));
#1609=FACE_BOUND('',#1610,.T.);
#1610=EDGE_LOOP('',(#2094));
#1611=FACE_BOUND('',#1612,.T.);
#1612=EDGE_LOOP('',(#2095));
#1613=PLANE('',#1614);
#1614=AXIS2_PLACEMENT_3D('',#1615,#1616,#1617);
#1615=CARTESIAN_POINT('',(0.,0.,2.2400000000001));
#1616=DIRECTION('',(-0.,-0.,-1.));
#1617=DIRECTION('',(0.,-1.,0.));
#1618=FACE_OUTER_BOUND('',#1619,.T.);
#1619=EDGE_LOOP('',(#2096));
#1620=FACE_OUTER_BOUND('',#1621,.T.);
#1621=EDGE_LOOP('',(#2097));
#1622=CYLINDRICAL_SURFACE('',#1623,0.915);
#1623=AXIS2_PLACEMENT_3D('',#1624,#1625,#1626);
#1624=CARTESIAN_POINT('',(0.,0.,3.1));
#1625=DIRECTION('',(-0.,-0.,-1.));
#1626=DIRECTION('',(0.,-1.,0.));
#1627=FACE_BOUND('',#1628,.T.);
#1628=EDGE_LOOP('',(#2098));
#1629=FACE_BOUND('',#1630,.T.);
#1630=EDGE_LOOP('',(#2099));
#1631=PLANE('',#1632);
#1632=AXIS2_PLACEMENT_3D('',#1633,#1634,#1635);
#1633=CARTESIAN_POINT('',(0.,0.,3.1));
#1634=DIRECTION('',(0.,0.,1.));
#1635=DIRECTION('',(0.,-1.,0.));
#1636=FACE_OUTER_BOUND('',#1637,.T.);
#1637=EDGE_LOOP('',(#2100));
#1638=FACE_OUTER_BOUND('',#1639,.T.);
#1639=EDGE_LOOP('',(#2101));
#1640=CONICAL_SURFACE('',#1641,0.57959553513995,0.349065850398866);
#1641=AXIS2_PLACEMENT_3D('',#1642,#1643,#1644);
#1642=CARTESIAN_POINT('',(0.,0.,2.95000000000005));
#1643=DIRECTION('',(0.,0.,1.));
#1644=DIRECTION('',(-0.,1.,-0.));
#1645=FACE_OUTER_BOUND('',#1646,.T.);
#1646=EDGE_LOOP('',(#2102));
#1647=FACE_OUTER_BOUND('',#1648,.T.);
#1648=EDGE_LOOP('',(#2103));
#1649=CYLINDRICAL_SURFACE('',#1650,0.525);
#1650=AXIS2_PLACEMENT_3D('',#1651,#1652,#1653);
#1651=CARTESIAN_POINT('',(0.,0.,2.3));
#1652=DIRECTION('',(-0.,-0.,-1.));
#1653=DIRECTION('',(0.,-1.,0.));
#1654=FACE_OUTER_BOUND('',#1655,.T.);
#1655=EDGE_LOOP('',(#2104));
#1656=FACE_OUTER_BOUND('',#1657,.T.);
#1657=EDGE_LOOP('',(#2105));
#1658=CONICAL_SURFACE('',#1659,0.375,0.185347949995695);
#1659=AXIS2_PLACEMENT_3D('',#1660,#1661,#1662);
#1660=CARTESIAN_POINT('',(0.,0.,1.5));
#1661=DIRECTION('',(0.,0.,1.));
#1662=DIRECTION('',(-0.,1.,-0.));
#1663=FACE_BOUND('',#1664,.T.);
#1664=EDGE_LOOP('',(#2106));
#1665=FACE_BOUND('',#1666,.T.);
#1666=EDGE_LOOP('',(#2107));
#1667=PLANE('',#1668);
#1668=AXIS2_PLACEMENT_3D('',#1669,#1670,#1671);
#1669=CARTESIAN_POINT('',(0.,0.,0.7));
#1670=DIRECTION('',(-0.,-0.,-1.));
#1671=DIRECTION('',(0.,-1.,0.));
#1672=FACE_OUTER_BOUND('',#1673,.T.);
#1673=EDGE_LOOP('',(#2108));
#1674=FACE_OUTER_BOUND('',#1675,.T.);
#1675=EDGE_LOOP('',(#2109));
#1676=CYLINDRICAL_SURFACE('',#1677,0.525);
#1677=AXIS2_PLACEMENT_3D('',#1678,#1679,#1680);
#1678=CARTESIAN_POINT('',(0.,0.,0.45021515475689));
#1679=DIRECTION('',(-0.,-0.,-1.));
#1680=DIRECTION('',(0.,-1.,0.));
#1681=FACE_OUTER_BOUND('',#1682,.T.);
#1682=EDGE_LOOP('',(#2110));
#1683=FACE_OUTER_BOUND('',#1684,.T.);
#1684=EDGE_LOOP('',(#2111));
#1685=CONICAL_SURFACE('',#1686,0.4,1.02974425866379);
#1686=AXIS2_PLACEMENT_3D('',#1687,#1688,#1689);
#1687=CARTESIAN_POINT('',(0.,0.,0.375107577380634));
#1688=DIRECTION('',(0.,0.,1.));
#1689=DIRECTION('',(-0.,1.,-0.));
#1690=FACE_OUTER_BOUND('',#1691,.T.);
#1691=EDGE_LOOP('',(#2112));
#1692=FACE_OUTER_BOUND('',#1693,.T.);
#1693=EDGE_LOOP('',(#2113));
#1694=CYLINDRICAL_SURFACE('',#1695,0.275);
#1695=AXIS2_PLACEMENT_3D('',#1696,#1697,#1698);
#1696=CARTESIAN_POINT('',(0.,0.,-1.6));
#1697=DIRECTION('',(-0.,-0.,-1.));
#1698=DIRECTION('',(0.,-1.,0.));
#1699=FACE_OUTER_BOUND('',#1700,.T.);
#1700=EDGE_LOOP('',(#2114));
#1701=FACE_OUTER_BOUND('',#1702,.T.);
#1702=EDGE_LOOP('',(#2115));
#1703=CONICAL_SURFACE('',#1704,0.1525,1.02974425867665);
#1704=AXIS2_PLACEMENT_3D('',#1705,#1706,#1707);
#1705=CARTESIAN_POINT('',(0.,0.,-1.67360542583088));
#1706=DIRECTION('',(0.,0.,1.));
#1707=DIRECTION('',(-0.,1.,-0.));
#1708=FACE_BOUND('',#1709,.T.);
#1709=EDGE_LOOP('',(#2116));
#1710=PLANE('',#1711);
#1711=AXIS2_PLACEMENT_3D('',#1712,#1713,#1714);
#1712=CARTESIAN_POINT('',(0.,0.,-1.74721085166175));
#1713=DIRECTION('',(0.,0.,1.));
#1714=DIRECTION('',(0.,-1.,0.));
#1715=ORIENTED_EDGE('',*,*,#2117,.T.);
#1716=ORIENTED_EDGE('',*,*,#2118,.F.);
#1717=ORIENTED_EDGE('',*,*,#2119,.T.);
#1718=ORIENTED_EDGE('',*,*,#2120,.T.);
#1719=ORIENTED_EDGE('',*,*,#2121,.T.);
#1720=ORIENTED_EDGE('',*,*,#2122,.T.);
#1721=ORIENTED_EDGE('',*,*,#2123,.T.);
#1722=ORIENTED_EDGE('',*,*,#2124,.F.);
#1723=ORIENTED_EDGE('',*,*,#2125,.T.);
#1724=ORIENTED_EDGE('',*,*,#2126,.T.);
#1725=ORIENTED_EDGE('',*,*,#2127,.T.);
#1726=ORIENTED_EDGE('',*,*,#2128,.F.);
#1727=ORIENTED_EDGE('',*,*,#2129,.T.);
#1728=ORIENTED_EDGE('',*,*,#2130,.T.);
#1729=ORIENTED_EDGE('',*,*,#2131,.T.);
#1730=ORIENTED_EDGE('',*,*,#2132,.F.);
#1731=ORIENTED_EDGE('',*,*,#2133,.T.);
#1732=ORIENTED_EDGE('',*,*,#2134,.T.);
#1733=ORIENTED_EDGE('',*,*,#2135,.T.);
#1734=ORIENTED_EDGE('',*,*,#2136,.F.);
#1735=ORIENTED_EDGE('',*,*,#2137,.T.);
#1736=ORIENTED_EDGE('',*,*,#2138,.T.);
#1737=ORIENTED_EDGE('',*,*,#2139,.T.);
#1738=ORIENTED_EDGE('',*,*,#2140,.F.);
#1739=ORIENTED_EDGE('',*,*,#2141,.T.);
#1740=ORIENTED_EDGE('',*,*,#2142,.F.);
#1741=ORIENTED_EDGE('',*,*,#2143,.T.);
#1742=ORIENTED_EDGE('',*,*,#2144,.T.);
#1743=ORIENTED_EDGE('',*,*,#2145,.T.);
#1744=ORIENTED_EDGE('',*,*,#2146,.T.);
#1745=ORIENTED_EDGE('',*,*,#2147,.T.);
#1746=ORIENTED_EDGE('',*,*,#2148,.F.);
#1747=ORIENTED_EDGE('',*,*,#2149,.T.);
#1748=ORIENTED_EDGE('',*,*,#2150,.F.);
#1749=ORIENTED_EDGE('',*,*,#2151,.T.);
#1750=ORIENTED_EDGE('',*,*,#2152,.T.);
#1751=ORIENTED_EDGE('',*,*,#2153,.T.);
#1752=ORIENTED_EDGE('',*,*,#2154,.F.);
#1753=ORIENTED_EDGE('',*,*,#2155,.T.);
#1754=ORIENTED_EDGE('',*,*,#2156,.T.);
#1755=ORIENTED_EDGE('',*,*,#2157,.T.);
#1756=ORIENTED_EDGE('',*,*,#2158,.F.);
#1757=ORIENTED_EDGE('',*,*,#2159,.T.);
#1758=ORIENTED_EDGE('',*,*,#2160,.T.);
#1759=ORIENTED_EDGE('',*,*,#2161,.T.);
#1760=ORIENTED_EDGE('',*,*,#2162,.F.);
#1761=ORIENTED_EDGE('',*,*,#2163,.F.);
#1762=ORIENTED_EDGE('',*,*,#2164,.T.);
#1763=ORIENTED_EDGE('',*,*,#2165,.T.);
#1764=ORIENTED_EDGE('',*,*,#2166,.T.);
#1765=ORIENTED_EDGE('',*,*,#2167,.T.);
#1766=ORIENTED_EDGE('',*,*,#2148,.T.);
#1767=ORIENTED_EDGE('',*,*,#2168,.T.);
#1768=ORIENTED_EDGE('',*,*,#2169,.T.);
#1769=ORIENTED_EDGE('',*,*,#2170,.T.);
#1770=ORIENTED_EDGE('',*,*,#2171,.T.);
#1771=ORIENTED_EDGE('',*,*,#2172,.T.);
#1772=ORIENTED_EDGE('',*,*,#2173,.T.);
#1773=ORIENTED_EDGE('',*,*,#2174,.T.);
#1774=ORIENTED_EDGE('',*,*,#2175,.T.);
#1775=ORIENTED_EDGE('',*,*,#2176,.T.);
#1776=ORIENTED_EDGE('',*,*,#2177,.T.);
#1777=ORIENTED_EDGE('',*,*,#2178,.T.);
#1778=ORIENTED_EDGE('',*,*,#2118,.T.);
#1779=ORIENTED_EDGE('',*,*,#2179,.T.);
#1780=ORIENTED_EDGE('',*,*,#2180,.T.);
#1781=ORIENTED_EDGE('',*,*,#2181,.T.);
#1782=ORIENTED_EDGE('',*,*,#2124,.T.);
#1783=ORIENTED_EDGE('',*,*,#2182,.T.);
#1784=ORIENTED_EDGE('',*,*,#2183,.T.);
#1785=ORIENTED_EDGE('',*,*,#2184,.T.);
#1786=ORIENTED_EDGE('',*,*,#2128,.T.);
#1787=ORIENTED_EDGE('',*,*,#2185,.T.);
#1788=ORIENTED_EDGE('',*,*,#2186,.T.);
#1789=ORIENTED_EDGE('',*,*,#2187,.T.);
#1790=ORIENTED_EDGE('',*,*,#2132,.T.);
#1791=ORIENTED_EDGE('',*,*,#2188,.T.);
#1792=ORIENTED_EDGE('',*,*,#2189,.T.);
#1793=ORIENTED_EDGE('',*,*,#2190,.T.);
#1794=ORIENTED_EDGE('',*,*,#2136,.T.);
#1795=ORIENTED_EDGE('',*,*,#2191,.T.);
#1796=ORIENTED_EDGE('',*,*,#2192,.T.);
#1797=ORIENTED_EDGE('',*,*,#2193,.T.);
#1798=ORIENTED_EDGE('',*,*,#2140,.T.);
#1799=ORIENTED_EDGE('',*,*,#2194,.T.);
#1800=ORIENTED_EDGE('',*,*,#2195,.T.);
#1801=ORIENTED_EDGE('',*,*,#2196,.T.);
#1802=ORIENTED_EDGE('',*,*,#2162,.T.);
#1803=ORIENTED_EDGE('',*,*,#2197,.T.);
#1804=ORIENTED_EDGE('',*,*,#2198,.T.);
#1805=ORIENTED_EDGE('',*,*,#2199,.T.);
#1806=ORIENTED_EDGE('',*,*,#2158,.T.);
#1807=ORIENTED_EDGE('',*,*,#2200,.T.);
#1808=ORIENTED_EDGE('',*,*,#2201,.T.);
#1809=ORIENTED_EDGE('',*,*,#2202,.T.);
#1810=ORIENTED_EDGE('',*,*,#2154,.T.);
#1811=ORIENTED_EDGE('',*,*,#2203,.T.);
#1812=ORIENTED_EDGE('',*,*,#2204,.T.);
#1813=ORIENTED_EDGE('',*,*,#2205,.T.);
#1814=ORIENTED_EDGE('',*,*,#2150,.T.);
#1815=ORIENTED_EDGE('',*,*,#2206,.T.);
#1816=ORIENTED_EDGE('',*,*,#2207,.T.);
#1817=ORIENTED_EDGE('',*,*,#2208,.T.);
#1818=ORIENTED_EDGE('',*,*,#2142,.T.);
#1819=ORIENTED_EDGE('',*,*,#2209,.T.);
#1820=ORIENTED_EDGE('',*,*,#2210,.T.);
#1821=ORIENTED_EDGE('',*,*,#2211,.T.);
#1822=ORIENTED_EDGE('',*,*,#2212,.T.);
#1823=ORIENTED_EDGE('',*,*,#2213,.T.);
#1824=ORIENTED_EDGE('',*,*,#2214,.T.);
#1825=ORIENTED_EDGE('',*,*,#2215,.T.);
#1826=ORIENTED_EDGE('',*,*,#2216,.T.);
#1827=ORIENTED_EDGE('',*,*,#2144,.F.);
#1828=ORIENTED_EDGE('',*,*,#2217,.T.);
#1829=ORIENTED_EDGE('',*,*,#2218,.T.);
#1830=ORIENTED_EDGE('',*,*,#2219,.T.);
#1831=ORIENTED_EDGE('',*,*,#2152,.F.);
#1832=ORIENTED_EDGE('',*,*,#2220,.T.);
#1833=ORIENTED_EDGE('',*,*,#2221,.T.);
#1834=ORIENTED_EDGE('',*,*,#2222,.T.);
#1835=ORIENTED_EDGE('',*,*,#2156,.F.);
#1836=ORIENTED_EDGE('',*,*,#2223,.T.);
#1837=ORIENTED_EDGE('',*,*,#2224,.T.);
#1838=ORIENTED_EDGE('',*,*,#2225,.T.);
#1839=ORIENTED_EDGE('',*,*,#2160,.F.);
#1840=ORIENTED_EDGE('',*,*,#2226,.T.);
#1841=ORIENTED_EDGE('',*,*,#2227,.T.);
#1842=ORIENTED_EDGE('',*,*,#2228,.T.);
#1843=ORIENTED_EDGE('',*,*,#2164,.F.);
#1844=ORIENTED_EDGE('',*,*,#2229,.F.);
#1845=ORIENTED_EDGE('',*,*,#2230,.F.);
#1846=ORIENTED_EDGE('',*,*,#2231,.F.);
#1847=ORIENTED_EDGE('',*,*,#2138,.F.);
#1848=ORIENTED_EDGE('',*,*,#2232,.T.);
#1849=ORIENTED_EDGE('',*,*,#2233,.T.);
#1850=ORIENTED_EDGE('',*,*,#2234,.T.);
#1851=ORIENTED_EDGE('',*,*,#2134,.F.);
#1852=ORIENTED_EDGE('',*,*,#2235,.T.);
#1853=ORIENTED_EDGE('',*,*,#2236,.T.);
#1854=ORIENTED_EDGE('',*,*,#2237,.T.);
#1855=ORIENTED_EDGE('',*,*,#2130,.F.);
#1856=ORIENTED_EDGE('',*,*,#2238,.T.);
#1857=ORIENTED_EDGE('',*,*,#2239,.T.);
#1858=ORIENTED_EDGE('',*,*,#2240,.T.);
#1859=ORIENTED_EDGE('',*,*,#2126,.F.);
#1860=ORIENTED_EDGE('',*,*,#2241,.T.);
#1861=ORIENTED_EDGE('',*,*,#2242,.T.);
#1862=ORIENTED_EDGE('',*,*,#2243,.T.);
#1863=ORIENTED_EDGE('',*,*,#2122,.F.);
#1864=ORIENTED_EDGE('',*,*,#2244,.T.);
#1865=ORIENTED_EDGE('',*,*,#2245,.T.);
#1866=ORIENTED_EDGE('',*,*,#2246,.T.);
#1867=ORIENTED_EDGE('',*,*,#2120,.F.);
#1868=ORIENTED_EDGE('',*,*,#2247,.T.);
#1869=ORIENTED_EDGE('',*,*,#2248,.T.);
#1870=ORIENTED_EDGE('',*,*,#2249,.T.);
#1871=ORIENTED_EDGE('',*,*,#2250,.F.);
#1872=ORIENTED_EDGE('',*,*,#2251,.F.);
#1873=ORIENTED_EDGE('',*,*,#2252,.F.);
#1874=ORIENTED_EDGE('',*,*,#2253,.F.);
#1875=ORIENTED_EDGE('',*,*,#2254,.F.);
#1876=ORIENTED_EDGE('',*,*,#2255,.T.);
#1877=ORIENTED_EDGE('',*,*,#2256,.T.);
#1878=ORIENTED_EDGE('',*,*,#2257,.T.);
#1879=ORIENTED_EDGE('',*,*,#2146,.F.);
#1880=ORIENTED_EDGE('',*,*,#2258,.T.);
#1881=ORIENTED_EDGE('',*,*,#2259,.T.);
#1882=ORIENTED_EDGE('',*,*,#2260,.T.);
#1883=ORIENTED_EDGE('',*,*,#2261,.T.);
#1884=ORIENTED_EDGE('',*,*,#2262,.T.);
#1885=ORIENTED_EDGE('',*,*,#2263,.T.);
#1886=ORIENTED_EDGE('',*,*,#2264,.T.);
#1887=ORIENTED_EDGE('',*,*,#2265,.T.);
#1888=ORIENTED_EDGE('',*,*,#2266,.T.);
#1889=ORIENTED_EDGE('',*,*,#2232,.F.);
#1890=ORIENTED_EDGE('',*,*,#2137,.F.);
#1891=ORIENTED_EDGE('',*,*,#2193,.F.);
#1892=ORIENTED_EDGE('',*,*,#2267,.F.);
#1893=ORIENTED_EDGE('',*,*,#2234,.F.);
#1894=ORIENTED_EDGE('',*,*,#2268,.T.);
#1895=ORIENTED_EDGE('',*,*,#2191,.F.);
#1896=ORIENTED_EDGE('',*,*,#2135,.F.);
#1897=ORIENTED_EDGE('',*,*,#2233,.F.);
#1898=ORIENTED_EDGE('',*,*,#2267,.T.);
#1899=ORIENTED_EDGE('',*,*,#2192,.F.);
#1900=ORIENTED_EDGE('',*,*,#2268,.F.);
#1901=ORIENTED_EDGE('',*,*,#2227,.F.);
#1902=ORIENTED_EDGE('',*,*,#2269,.T.);
#1903=ORIENTED_EDGE('',*,*,#2198,.F.);
#1904=ORIENTED_EDGE('',*,*,#2270,.F.);
#1905=ORIENTED_EDGE('',*,*,#2226,.F.);
#1906=ORIENTED_EDGE('',*,*,#2159,.F.);
#1907=ORIENTED_EDGE('',*,*,#2199,.F.);
#1908=ORIENTED_EDGE('',*,*,#2269,.F.);
#1909=ORIENTED_EDGE('',*,*,#2228,.F.);
#1910=ORIENTED_EDGE('',*,*,#2270,.T.);
#1911=ORIENTED_EDGE('',*,*,#2197,.F.);
#1912=ORIENTED_EDGE('',*,*,#2161,.F.);
#1913=ORIENTED_EDGE('',*,*,#2235,.F.);
#1914=ORIENTED_EDGE('',*,*,#2133,.F.);
#1915=ORIENTED_EDGE('',*,*,#2190,.F.);
#1916=ORIENTED_EDGE('',*,*,#2271,.F.);
#1917=ORIENTED_EDGE('',*,*,#2237,.F.);
#1918=ORIENTED_EDGE('',*,*,#2272,.T.);
#1919=ORIENTED_EDGE('',*,*,#2188,.F.);
#1920=ORIENTED_EDGE('',*,*,#2131,.F.);
#1921=ORIENTED_EDGE('',*,*,#2236,.F.);
#1922=ORIENTED_EDGE('',*,*,#2271,.T.);
#1923=ORIENTED_EDGE('',*,*,#2189,.F.);
#1924=ORIENTED_EDGE('',*,*,#2272,.F.);
#1925=ORIENTED_EDGE('',*,*,#2224,.F.);
#1926=ORIENTED_EDGE('',*,*,#2273,.T.);
#1927=ORIENTED_EDGE('',*,*,#2201,.F.);
#1928=ORIENTED_EDGE('',*,*,#2274,.F.);
#1929=ORIENTED_EDGE('',*,*,#2223,.F.);
#1930=ORIENTED_EDGE('',*,*,#2155,.F.);
#1931=ORIENTED_EDGE('',*,*,#2202,.F.);
#1932=ORIENTED_EDGE('',*,*,#2273,.F.);
#1933=ORIENTED_EDGE('',*,*,#2225,.F.);
#1934=ORIENTED_EDGE('',*,*,#2274,.T.);
#1935=ORIENTED_EDGE('',*,*,#2200,.F.);
#1936=ORIENTED_EDGE('',*,*,#2157,.F.);
#1937=ORIENTED_EDGE('',*,*,#2238,.F.);
#1938=ORIENTED_EDGE('',*,*,#2129,.F.);
#1939=ORIENTED_EDGE('',*,*,#2187,.F.);
#1940=ORIENTED_EDGE('',*,*,#2275,.F.);
#1941=ORIENTED_EDGE('',*,*,#2240,.F.);
#1942=ORIENTED_EDGE('',*,*,#2276,.T.);
#1943=ORIENTED_EDGE('',*,*,#2185,.F.);
#1944=ORIENTED_EDGE('',*,*,#2127,.F.);
#1945=ORIENTED_EDGE('',*,*,#2239,.F.);
#1946=ORIENTED_EDGE('',*,*,#2275,.T.);
#1947=ORIENTED_EDGE('',*,*,#2186,.F.);
#1948=ORIENTED_EDGE('',*,*,#2276,.F.);
#1949=ORIENTED_EDGE('',*,*,#2221,.F.);
#1950=ORIENTED_EDGE('',*,*,#2277,.T.);
#1951=ORIENTED_EDGE('',*,*,#2204,.F.);
#1952=ORIENTED_EDGE('',*,*,#2278,.F.);
#1953=ORIENTED_EDGE('',*,*,#2220,.F.);
#1954=ORIENTED_EDGE('',*,*,#2151,.F.);
#1955=ORIENTED_EDGE('',*,*,#2205,.F.);
#1956=ORIENTED_EDGE('',*,*,#2277,.F.);
#1957=ORIENTED_EDGE('',*,*,#2222,.F.);
#1958=ORIENTED_EDGE('',*,*,#2278,.T.);
#1959=ORIENTED_EDGE('',*,*,#2203,.F.);
#1960=ORIENTED_EDGE('',*,*,#2153,.F.);
#1961=ORIENTED_EDGE('',*,*,#2241,.F.);
#1962=ORIENTED_EDGE('',*,*,#2125,.F.);
#1963=ORIENTED_EDGE('',*,*,#2184,.F.);
#1964=ORIENTED_EDGE('',*,*,#2279,.F.);
#1965=ORIENTED_EDGE('',*,*,#2243,.F.);
#1966=ORIENTED_EDGE('',*,*,#2280,.T.);
#1967=ORIENTED_EDGE('',*,*,#2182,.F.);
#1968=ORIENTED_EDGE('',*,*,#2123,.F.);
#1969=ORIENTED_EDGE('',*,*,#2242,.F.);
#1970=ORIENTED_EDGE('',*,*,#2279,.T.);
#1971=ORIENTED_EDGE('',*,*,#2183,.F.);
#1972=ORIENTED_EDGE('',*,*,#2280,.F.);
#1973=ORIENTED_EDGE('',*,*,#2218,.F.);
#1974=ORIENTED_EDGE('',*,*,#2281,.T.);
#1975=ORIENTED_EDGE('',*,*,#2207,.F.);
#1976=ORIENTED_EDGE('',*,*,#2282,.F.);
#1977=ORIENTED_EDGE('',*,*,#2217,.F.);
#1978=ORIENTED_EDGE('',*,*,#2143,.F.);
#1979=ORIENTED_EDGE('',*,*,#2208,.F.);
#1980=ORIENTED_EDGE('',*,*,#2281,.F.);
#1981=ORIENTED_EDGE('',*,*,#2219,.F.);
#1982=ORIENTED_EDGE('',*,*,#2282,.T.);
#1983=ORIENTED_EDGE('',*,*,#2206,.F.);
#1984=ORIENTED_EDGE('',*,*,#2149,.F.);
#1985=ORIENTED_EDGE('',*,*,#2244,.F.);
#1986=ORIENTED_EDGE('',*,*,#2121,.F.);
#1987=ORIENTED_EDGE('',*,*,#2181,.F.);
#1988=ORIENTED_EDGE('',*,*,#2283,.F.);
#1989=ORIENTED_EDGE('',*,*,#2246,.F.);
#1990=ORIENTED_EDGE('',*,*,#2284,.T.);
#1991=ORIENTED_EDGE('',*,*,#2179,.F.);
#1992=ORIENTED_EDGE('',*,*,#2117,.F.);
#1993=ORIENTED_EDGE('',*,*,#2245,.F.);
#1994=ORIENTED_EDGE('',*,*,#2283,.T.);
#1995=ORIENTED_EDGE('',*,*,#2180,.F.);
#1996=ORIENTED_EDGE('',*,*,#2284,.F.);
#1997=ORIENTED_EDGE('',*,*,#2259,.F.);
#1998=ORIENTED_EDGE('',*,*,#2285,.T.);
#1999=ORIENTED_EDGE('',*,*,#2166,.F.);
#2000=ORIENTED_EDGE('',*,*,#2286,.F.);
#2001=ORIENTED_EDGE('',*,*,#2258,.F.);
#2002=ORIENTED_EDGE('',*,*,#2145,.F.);
#2003=ORIENTED_EDGE('',*,*,#2167,.F.);
#2004=ORIENTED_EDGE('',*,*,#2285,.F.);
#2005=ORIENTED_EDGE('',*,*,#2216,.F.);
#2006=ORIENTED_EDGE('',*,*,#2286,.T.);
#2007=ORIENTED_EDGE('',*,*,#2165,.F.);
#2008=ORIENTED_EDGE('',*,*,#2141,.F.);
#2009=ORIENTED_EDGE('',*,*,#2247,.F.);
#2010=ORIENTED_EDGE('',*,*,#2119,.F.);
#2011=ORIENTED_EDGE('',*,*,#2178,.F.);
#2012=ORIENTED_EDGE('',*,*,#2287,.F.);
#2013=ORIENTED_EDGE('',*,*,#2231,.T.);
#2014=ORIENTED_EDGE('',*,*,#2288,.T.);
#2015=ORIENTED_EDGE('',*,*,#2194,.F.);
#2016=ORIENTED_EDGE('',*,*,#2139,.F.);
#2017=ORIENTED_EDGE('',*,*,#2257,.F.);
#2018=ORIENTED_EDGE('',*,*,#2289,.T.);
#2019=ORIENTED_EDGE('',*,*,#2168,.F.);
#2020=ORIENTED_EDGE('',*,*,#2147,.F.);
#2021=ORIENTED_EDGE('',*,*,#2229,.T.);
#2022=ORIENTED_EDGE('',*,*,#2163,.T.);
#2023=ORIENTED_EDGE('',*,*,#2196,.F.);
#2024=ORIENTED_EDGE('',*,*,#2290,.F.);
#2025=ORIENTED_EDGE('',*,*,#2256,.F.);
#2026=ORIENTED_EDGE('',*,*,#2291,.T.);
#2027=ORIENTED_EDGE('',*,*,#2169,.F.);
#2028=ORIENTED_EDGE('',*,*,#2289,.F.);
#2029=ORIENTED_EDGE('',*,*,#2255,.F.);
#2030=ORIENTED_EDGE('',*,*,#2292,.F.);
#2031=ORIENTED_EDGE('',*,*,#2170,.F.);
#2032=ORIENTED_EDGE('',*,*,#2291,.F.);
#2033=ORIENTED_EDGE('',*,*,#2292,.T.);
#2034=ORIENTED_EDGE('',*,*,#2254,.T.);
#2035=ORIENTED_EDGE('',*,*,#2293,.T.);
#2036=ORIENTED_EDGE('',*,*,#2171,.F.);
#2037=ORIENTED_EDGE('',*,*,#2253,.T.);
#2038=ORIENTED_EDGE('',*,*,#2294,.T.);
#2039=ORIENTED_EDGE('',*,*,#2172,.F.);
#2040=ORIENTED_EDGE('',*,*,#2293,.F.);
#2041=ORIENTED_EDGE('',*,*,#2252,.T.);
#2042=ORIENTED_EDGE('',*,*,#2295,.T.);
#2043=ORIENTED_EDGE('',*,*,#2173,.F.);
#2044=ORIENTED_EDGE('',*,*,#2294,.F.);
#2045=ORIENTED_EDGE('',*,*,#2251,.T.);
#2046=ORIENTED_EDGE('',*,*,#2296,.T.);
#2047=ORIENTED_EDGE('',*,*,#2174,.F.);
#2048=ORIENTED_EDGE('',*,*,#2295,.F.);
#2049=ORIENTED_EDGE('',*,*,#2297,.T.);
#2050=ORIENTED_EDGE('',*,*,#2175,.F.);
#2051=ORIENTED_EDGE('',*,*,#2296,.F.);
#2052=ORIENTED_EDGE('',*,*,#2250,.T.);
#2053=ORIENTED_EDGE('',*,*,#2249,.F.);
#2054=ORIENTED_EDGE('',*,*,#2298,.T.);
#2055=ORIENTED_EDGE('',*,*,#2176,.F.);
#2056=ORIENTED_EDGE('',*,*,#2297,.F.);
#2057=ORIENTED_EDGE('',*,*,#2248,.F.);
#2058=ORIENTED_EDGE('',*,*,#2287,.T.);
#2059=ORIENTED_EDGE('',*,*,#2177,.F.);
#2060=ORIENTED_EDGE('',*,*,#2298,.F.);
#2061=ORIENTED_EDGE('',*,*,#2230,.T.);
#2062=ORIENTED_EDGE('',*,*,#2290,.T.);
#2063=ORIENTED_EDGE('',*,*,#2195,.F.);
#2064=ORIENTED_EDGE('',*,*,#2288,.F.);
#2065=ORIENTED_EDGE('',*,*,#2209,.F.);
#2066=ORIENTED_EDGE('',*,*,#2260,.F.);
#2067=ORIENTED_EDGE('',*,*,#2210,.F.);
#2068=ORIENTED_EDGE('',*,*,#2261,.F.);
#2069=ORIENTED_EDGE('',*,*,#2211,.F.);
#2070=ORIENTED_EDGE('',*,*,#2262,.F.);
#2071=ORIENTED_EDGE('',*,*,#2212,.F.);
#2072=ORIENTED_EDGE('',*,*,#2263,.F.);
#2073=ORIENTED_EDGE('',*,*,#2213,.F.);
#2074=ORIENTED_EDGE('',*,*,#2264,.F.);
#2075=ORIENTED_EDGE('',*,*,#2214,.F.);
#2076=ORIENTED_EDGE('',*,*,#2265,.F.);
#2077=ORIENTED_EDGE('',*,*,#2215,.F.);
#2078=ORIENTED_EDGE('',*,*,#2266,.F.);
#2079=ORIENTED_EDGE('',*,*,#2299,.T.);
#2080=ORIENTED_EDGE('',*,*,#2299,.F.);
#2081=ORIENTED_EDGE('',*,*,#2300,.T.);
#2082=ORIENTED_EDGE('',*,*,#2301,.T.);
#2083=ORIENTED_EDGE('',*,*,#2300,.F.);
#2084=ORIENTED_EDGE('',*,*,#2301,.F.);
#2085=ORIENTED_EDGE('',*,*,#2302,.T.);
#2086=ORIENTED_EDGE('',*,*,#2303,.T.);
#2087=ORIENTED_EDGE('',*,*,#2302,.F.);
#2088=ORIENTED_EDGE('',*,*,#2303,.F.);
#2089=ORIENTED_EDGE('',*,*,#2304,.T.);
#2090=ORIENTED_EDGE('',*,*,#2304,.F.);
#2091=ORIENTED_EDGE('',*,*,#2305,.T.);
#2092=ORIENTED_EDGE('',*,*,#2306,.T.);
#2093=ORIENTED_EDGE('',*,*,#2305,.F.);
#2094=ORIENTED_EDGE('',*,*,#2307,.T.);
#2095=ORIENTED_EDGE('',*,*,#2306,.F.);
#2096=ORIENTED_EDGE('',*,*,#2308,.T.);
#2097=ORIENTED_EDGE('',*,*,#2307,.F.);
#2098=ORIENTED_EDGE('',*,*,#2308,.F.);
#2099=ORIENTED_EDGE('',*,*,#2309,.T.);
#2100=ORIENTED_EDGE('',*,*,#2310,.T.);
#2101=ORIENTED_EDGE('',*,*,#2309,.F.);
#2102=ORIENTED_EDGE('',*,*,#2310,.F.);
#2103=ORIENTED_EDGE('',*,*,#2311,.T.);
#2104=ORIENTED_EDGE('',*,*,#2312,.T.);
#2105=ORIENTED_EDGE('',*,*,#2311,.F.);
#2106=ORIENTED_EDGE('',*,*,#2313,.T.);
#2107=ORIENTED_EDGE('',*,*,#2312,.F.);
#2108=ORIENTED_EDGE('',*,*,#2313,.F.);
#2109=ORIENTED_EDGE('',*,*,#2314,.T.);
#2110=ORIENTED_EDGE('',*,*,#2315,.T.);
#2111=ORIENTED_EDGE('',*,*,#2314,.F.);
#2112=ORIENTED_EDGE('',*,*,#2315,.F.);
#2113=ORIENTED_EDGE('',*,*,#2316,.T.);
#2114=ORIENTED_EDGE('',*,*,#2317,.T.);
#2115=ORIENTED_EDGE('',*,*,#2316,.F.);
#2116=ORIENTED_EDGE('',*,*,#2317,.F.);
#2117=EDGE_CURVE('',#2318,#2319,#2320,.F.);
#2118=EDGE_CURVE('',#2321,#2319,#2322,.T.);
#2119=EDGE_CURVE('',#2321,#2323,#2324,.F.);
#2120=EDGE_CURVE('',#2323,#2318,#2325,.T.);
#2121=EDGE_CURVE('',#2326,#2327,#2328,.F.);
#2122=EDGE_CURVE('',#2327,#2329,#2330,.T.);
#2123=EDGE_CURVE('',#2329,#2331,#2332,.F.);
#2124=EDGE_CURVE('',#2326,#2331,#2333,.T.);
#2125=EDGE_CURVE('',#2334,#2335,#2336,.F.);
#2126=EDGE_CURVE('',#2335,#2337,#2338,.T.);
#2127=EDGE_CURVE('',#2337,#2339,#2340,.F.);
#2128=EDGE_CURVE('',#2334,#2339,#2341,.T.);
#2129=EDGE_CURVE('',#2342,#2343,#2344,.F.);
#2130=EDGE_CURVE('',#2343,#2345,#2346,.T.);
#2131=EDGE_CURVE('',#2345,#2347,#2348,.F.);
#2132=EDGE_CURVE('',#2342,#2347,#2349,.T.);
#2133=EDGE_CURVE('',#2350,#2351,#2352,.F.);
#2134=EDGE_CURVE('',#2351,#2353,#2354,.T.);
#2135=EDGE_CURVE('',#2353,#2355,#2356,.F.);
#2136=EDGE_CURVE('',#2350,#2355,#2357,.T.);
#2137=EDGE_CURVE('',#2358,#2359,#2360,.F.);
#2138=EDGE_CURVE('',#2359,#2361,#2362,.T.);
#2139=EDGE_CURVE('',#2361,#2363,#2364,.T.);
#2140=EDGE_CURVE('',#2358,#2363,#2365,.T.);
#2141=EDGE_CURVE('',#2366,#2367,#2368,.F.);
#2142=EDGE_CURVE('',#2369,#2367,#2370,.T.);
#2143=EDGE_CURVE('',#2369,#2371,#2372,.F.);
#2144=EDGE_CURVE('',#2371,#2366,#2373,.T.);
#2145=EDGE_CURVE('',#2374,#2375,#2376,.F.);
#2146=EDGE_CURVE('',#2375,#2377,#2378,.T.);
#2147=EDGE_CURVE('',#2377,#2379,#2380,.F.);
#2148=EDGE_CURVE('',#2374,#2379,#2381,.T.);
#2149=EDGE_CURVE('',#2382,#2383,#2384,.F.);
#2150=EDGE_CURVE('',#2385,#2383,#2386,.T.);
#2151=EDGE_CURVE('',#2385,#2387,#2388,.F.);
#2152=EDGE_CURVE('',#2387,#2382,#2389,.T.);
#2153=EDGE_CURVE('',#2390,#2391,#2392,.F.);
#2154=EDGE_CURVE('',#2393,#2391,#2394,.T.);
#2155=EDGE_CURVE('',#2393,#2395,#2396,.F.);
#2156=EDGE_CURVE('',#2395,#2390,#2397,.T.);
#2157=EDGE_CURVE('',#2398,#2399,#2400,.F.);
#2158=EDGE_CURVE('',#2401,#2399,#2402,.T.);
#2159=EDGE_CURVE('',#2401,#2403,#2404,.F.);
#2160=EDGE_CURVE('',#2403,#2398,#2405,.T.);
#2161=EDGE_CURVE('',#2406,#2407,#2408,.F.);
#2162=EDGE_CURVE('',#2409,#2407,#2410,.T.);
#2163=EDGE_CURVE('',#2411,#2409,#2412,.T.);
#2164=EDGE_CURVE('',#2411,#2406,#2413,.T.);
#2165=EDGE_CURVE('',#2367,#2414,#2415,.F.);
#2166=EDGE_CURVE('',#2414,#2416,#2417,.F.);
#2167=EDGE_CURVE('',#2416,#2374,#2418,.F.);
#2168=EDGE_CURVE('',#2379,#2419,#2420,.F.);
#2169=EDGE_CURVE('',#2419,#2421,#2422,.F.);
#2170=EDGE_CURVE('',#2421,#2423,#2424,.F.);
#2171=EDGE_CURVE('',#2423,#2425,#2426,.T.);
#2172=EDGE_CURVE('',#2425,#2427,#2428,.T.);
#2173=EDGE_CURVE('',#2427,#2429,#2430,.T.);
#2174=EDGE_CURVE('',#2429,#2431,#2432,.T.);
#2175=EDGE_CURVE('',#2431,#2433,#2434,.T.);
#2176=EDGE_CURVE('',#2433,#2435,#2436,.F.);
#2177=EDGE_CURVE('',#2435,#2437,#2438,.F.);
#2178=EDGE_CURVE('',#2437,#2321,#2439,.F.);
#2179=EDGE_CURVE('',#2319,#2440,#2441,.F.);
#2180=EDGE_CURVE('',#2440,#2442,#2443,.F.);
#2181=EDGE_CURVE('',#2442,#2326,#2444,.F.);
#2182=EDGE_CURVE('',#2331,#2445,#2446,.F.);
#2183=EDGE_CURVE('',#2445,#2447,#2448,.F.);
#2184=EDGE_CURVE('',#2447,#2334,#2449,.F.);
#2185=EDGE_CURVE('',#2339,#2450,#2451,.F.);
#2186=EDGE_CURVE('',#2450,#2452,#2453,.F.);
#2187=EDGE_CURVE('',#2452,#2342,#2454,.F.);
#2188=EDGE_CURVE('',#2347,#2455,#2456,.F.);
#2189=EDGE_CURVE('',#2455,#2457,#2458,.F.);
#2190=EDGE_CURVE('',#2457,#2350,#2459,.F.);
#2191=EDGE_CURVE('',#2355,#2460,#2461,.F.);
#2192=EDGE_CURVE('',#2460,#2462,#2463,.F.);
#2193=EDGE_CURVE('',#2462,#2358,#2464,.F.);
#2194=EDGE_CURVE('',#2363,#2465,#2466,.T.);
#2195=EDGE_CURVE('',#2465,#2467,#2468,.T.);
#2196=EDGE_CURVE('',#2467,#2409,#2469,.T.);
#2197=EDGE_CURVE('',#2407,#2470,#2471,.F.);
#2198=EDGE_CURVE('',#2470,#2472,#2473,.F.);
#2199=EDGE_CURVE('',#2472,#2401,#2474,.F.);
#2200=EDGE_CURVE('',#2399,#2475,#2476,.F.);
#2201=EDGE_CURVE('',#2475,#2477,#2478,.F.);
#2202=EDGE_CURVE('',#2477,#2393,#2479,.F.);
#2203=EDGE_CURVE('',#2391,#2480,#2481,.F.);
#2204=EDGE_CURVE('',#2480,#2482,#2483,.F.);
#2205=EDGE_CURVE('',#2482,#2385,#2484,.F.);
#2206=EDGE_CURVE('',#2383,#2485,#2486,.F.);
#2207=EDGE_CURVE('',#2485,#2487,#2488,.F.);
#2208=EDGE_CURVE('',#2487,#2369,#2489,.F.);
#2209=EDGE_CURVE('',#2490,#2490,#2491,.F.);
#2210=EDGE_CURVE('',#2492,#2492,#2493,.F.);
#2211=EDGE_CURVE('',#2494,#2494,#2495,.F.);
#2212=EDGE_CURVE('',#2496,#2496,#2497,.F.);
#2213=EDGE_CURVE('',#2498,#2498,#2499,.F.);
#2214=EDGE_CURVE('',#2500,#2500,#2501,.F.);
#2215=EDGE_CURVE('',#2502,#2502,#2503,.F.);
#2216=EDGE_CURVE('',#2504,#2366,#2505,.T.);
#2217=EDGE_CURVE('',#2371,#2506,#2507,.T.);
#2218=EDGE_CURVE('',#2506,#2508,#2509,.T.);
#2219=EDGE_CURVE('',#2508,#2382,#2510,.T.);
#2220=EDGE_CURVE('',#2387,#2511,#2512,.T.);
#2221=EDGE_CURVE('',#2511,#2513,#2514,.T.);
#2222=EDGE_CURVE('',#2513,#2390,#2515,.T.);
#2223=EDGE_CURVE('',#2395,#2516,#2517,.T.);
#2224=EDGE_CURVE('',#2516,#2518,#2519,.T.);
#2225=EDGE_CURVE('',#2518,#2398,#2520,.T.);
#2226=EDGE_CURVE('',#2403,#2521,#2522,.T.);
#2227=EDGE_CURVE('',#2521,#2523,#2524,.T.);
#2228=EDGE_CURVE('',#2523,#2406,#2525,.T.);
#2229=EDGE_CURVE('',#2526,#2411,#2527,.T.);
#2230=EDGE_CURVE('',#2528,#2526,#2529,.T.);
#2231=EDGE_CURVE('',#2361,#2528,#2530,.T.);
#2232=EDGE_CURVE('',#2359,#2531,#2532,.T.);
#2233=EDGE_CURVE('',#2531,#2533,#2534,.T.);
#2234=EDGE_CURVE('',#2533,#2353,#2535,.T.);
#2235=EDGE_CURVE('',#2351,#2536,#2537,.T.);
#2236=EDGE_CURVE('',#2536,#2538,#2539,.T.);
#2237=EDGE_CURVE('',#2538,#2345,#2540,.T.);
#2238=EDGE_CURVE('',#2343,#2541,#2542,.T.);
#2239=EDGE_CURVE('',#2541,#2543,#2544,.T.);
#2240=EDGE_CURVE('',#2543,#2337,#2545,.T.);
#2241=EDGE_CURVE('',#2335,#2546,#2547,.T.);
#2242=EDGE_CURVE('',#2546,#2548,#2549,.T.);
#2243=EDGE_CURVE('',#2548,#2329,#2550,.T.);
#2244=EDGE_CURVE('',#2327,#2551,#2552,.T.);
#2245=EDGE_CURVE('',#2551,#2553,#2554,.T.);
#2246=EDGE_CURVE('',#2553,#2318,#2555,.T.);
#2247=EDGE_CURVE('',#2323,#2556,#2557,.T.);
#2248=EDGE_CURVE('',#2556,#2558,#2559,.T.);
#2249=EDGE_CURVE('',#2558,#2560,#2561,.T.);
#2250=EDGE_CURVE('',#2562,#2560,#2563,.T.);
#2251=EDGE_CURVE('',#2564,#2562,#2565,.T.);
#2252=EDGE_CURVE('',#2566,#2564,#2567,.T.);
#2253=EDGE_CURVE('',#2568,#2566,#2569,.T.);
#2254=EDGE_CURVE('',#2570,#2568,#2571,.T.);
#2255=EDGE_CURVE('',#2570,#2572,#2573,.T.);
#2256=EDGE_CURVE('',#2572,#2574,#2575,.T.);
#2257=EDGE_CURVE('',#2574,#2377,#2576,.T.);
#2258=EDGE_CURVE('',#2375,#2577,#2578,.T.);
#2259=EDGE_CURVE('',#2577,#2504,#2579,.T.);
#2260=EDGE_CURVE('',#2580,#2580,#2581,.T.);
#2261=EDGE_CURVE('',#2582,#2582,#2583,.T.);
#2262=EDGE_CURVE('',#2584,#2584,#2585,.T.);
#2263=EDGE_CURVE('',#2586,#2586,#2587,.T.);
#2264=EDGE_CURVE('',#2588,#2588,#2589,.T.);
#2265=EDGE_CURVE('',#2590,#2590,#2591,.T.);
#2266=EDGE_CURVE('',#2592,#2592,#2593,.T.);
#2267=EDGE_CURVE('',#2531,#2462,#2594,.T.);
#2268=EDGE_CURVE('',#2533,#2460,#2595,.T.);
#2269=EDGE_CURVE('',#2521,#2472,#2596,.T.);
#2270=EDGE_CURVE('',#2523,#2470,#2597,.T.);
#2271=EDGE_CURVE('',#2536,#2457,#2598,.T.);
#2272=EDGE_CURVE('',#2538,#2455,#2599,.T.);
#2273=EDGE_CURVE('',#2516,#2477,#2600,.T.);
#2274=EDGE_CURVE('',#2518,#2475,#2601,.T.);
#2275=EDGE_CURVE('',#2541,#2452,#2602,.T.);
#2276=EDGE_CURVE('',#2543,#2450,#2603,.T.);
#2277=EDGE_CURVE('',#2511,#2482,#2604,.T.);
#2278=EDGE_CURVE('',#2513,#2480,#2605,.T.);
#2279=EDGE_CURVE('',#2546,#2447,#2606,.T.);
#2280=EDGE_CURVE('',#2548,#2445,#2607,.T.);
#2281=EDGE_CURVE('',#2506,#2487,#2608,.T.);
#2282=EDGE_CURVE('',#2508,#2485,#2609,.T.);
#2283=EDGE_CURVE('',#2551,#2442,#2610,.T.);
#2284=EDGE_CURVE('',#2553,#2440,#2611,.T.);
#2285=EDGE_CURVE('',#2577,#2416,#2612,.T.);
#2286=EDGE_CURVE('',#2504,#2414,#2613,.T.);
#2287=EDGE_CURVE('',#2556,#2437,#2614,.T.);
#2288=EDGE_CURVE('',#2528,#2465,#2615,.T.);
#2289=EDGE_CURVE('',#2574,#2419,#2616,.T.);
#2290=EDGE_CURVE('',#2526,#2467,#2617,.T.);
#2291=EDGE_CURVE('',#2572,#2421,#2618,.T.);
#2292=EDGE_CURVE('',#2423,#2570,#2619,.F.);
#2293=EDGE_CURVE('',#2568,#2425,#2620,.T.);
#2294=EDGE_CURVE('',#2566,#2427,#2621,.T.);
#2295=EDGE_CURVE('',#2564,#2429,#2622,.T.);
#2296=EDGE_CURVE('',#2562,#2431,#2623,.T.);
#2297=EDGE_CURVE('',#2560,#2433,#2624,.F.);
#2298=EDGE_CURVE('',#2558,#2435,#2625,.T.);
#2299=EDGE_CURVE('',#2626,#2626,#2627,.T.);
#2300=EDGE_CURVE('',#2628,#2628,#2629,.T.);
#2301=EDGE_CURVE('',#2630,#2630,#2631,.T.);
#2302=EDGE_CURVE('',#2632,#2632,#2633,.T.);
#2303=EDGE_CURVE('',#2634,#2634,#2635,.T.);
#2304=EDGE_CURVE('',#2636,#2636,#2637,.T.);
#2305=EDGE_CURVE('',#2638,#2638,#2639,.T.);
#2306=EDGE_CURVE('',#2640,#2640,#2641,.T.);
#2307=EDGE_CURVE('',#2642,#2642,#2643,.T.);
#2308=EDGE_CURVE('',#2644,#2644,#2645,.T.);
#2309=EDGE_CURVE('',#2646,#2646,#2647,.T.);
#2310=EDGE_CURVE('',#2648,#2648,#2649,.T.);
#2311=EDGE_CURVE('',#2650,#2650,#2651,.T.);
#2312=EDGE_CURVE('',#2652,#2652,#2653,.T.);
#2313=EDGE_CURVE('',#2654,#2654,#2655,.T.);
#2314=EDGE_CURVE('',#2656,#2656,#2657,.T.);
#2315=EDGE_CURVE('',#2658,#2658,#2659,.T.);
#2316=EDGE_CURVE('',#2660,#2660,#2661,.T.);
#2317=EDGE_CURVE('',#2662,#2662,#2663,.T.);
#2318=VERTEX_POINT('',#2664);
#2319=VERTEX_POINT('',#2665);
#2320=LINE('',#2666,#2667);
#2321=VERTEX_POINT('',#2669);
#2322=LINE('',#2670,#2671);
#2323=VERTEX_POINT('',#2673);
#2324=LINE('',#2674,#2675);
#2325=LINE('',#2677,#2678);
#2326=VERTEX_POINT('',#2680);
#2327=VERTEX_POINT('',#2681);
#2328=LINE('',#2682,#2683);
#2329=VERTEX_POINT('',#2685);
#2330=LINE('',#2686,#2687);
#2331=VERTEX_POINT('',#2689);
#2332=LINE('',#2690,#2691);
#2333=LINE('',#2693,#2694);
#2334=VERTEX_POINT('',#2696);
#2335=VERTEX_POINT('',#2697);
#2336=LINE('',#2698,#2699);
#2337=VERTEX_POINT('',#2701);
#2338=LINE('',#2702,#2703);
#2339=VERTEX_POINT('',#2705);
#2340=LINE('',#2706,#2707);
#2341=LINE('',#2709,#2710);
#2342=VERTEX_POINT('',#2712);
#2343=VERTEX_POINT('',#2713);
#2344=LINE('',#2714,#2715);
#2345=VERTEX_POINT('',#2717);
#2346=LINE('',#2718,#2719);
#2347=VERTEX_POINT('',#2721);
#2348=LINE('',#2722,#2723);
#2349=LINE('',#2725,#2726);
#2350=VERTEX_POINT('',#2728);
#2351=VERTEX_POINT('',#2729);
#2352=LINE('',#2730,#2731);
#2353=VERTEX_POINT('',#2733);
#2354=LINE('',#2734,#2735);
#2355=VERTEX_POINT('',#2737);
#2356=LINE('',#2738,#2739);
#2357=LINE('',#2741,#2742);
#2358=VERTEX_POINT('',#2744);
#2359=VERTEX_POINT('',#2745);
#2360=LINE('',#2746,#2747);
#2361=VERTEX_POINT('',#2749);
#2362=LINE('',#2750,#2751);
#2363=VERTEX_POINT('',#2753);
#2364=LINE('',#2754,#2755);
#2365=LINE('',#2757,#2758);
#2366=VERTEX_POINT('',#2760);
#2367=VERTEX_POINT('',#2761);
#2368=LINE('',#2762,#2763);
#2369=VERTEX_POINT('',#2765);
#2370=LINE('',#2766,#2767);
#2371=VERTEX_POINT('',#2769);
#2372=LINE('',#2770,#2771);
#2373=LINE('',#2773,#2774);
#2374=VERTEX_POINT('',#2776);
#2375=VERTEX_POINT('',#2777);
#2376=LINE('',#2778,#2779);
#2377=VERTEX_POINT('',#2781);
#2378=LINE('',#2782,#2783);
#2379=VERTEX_POINT('',#2785);
#2380=LINE('',#2786,#2787);
#2381=LINE('',#2789,#2790);
#2382=VERTEX_POINT('',#2792);
#2383=VERTEX_POINT('',#2793);
#2384=LINE('',#2794,#2795);
#2385=VERTEX_POINT('',#2797);
#2386=LINE('',#2798,#2799);
#2387=VERTEX_POINT('',#2801);
#2388=LINE('',#2802,#2803);
#2389=LINE('',#2805,#2806);
#2390=VERTEX_POINT('',#2808);
#2391=VERTEX_POINT('',#2809);
#2392=LINE('',#2810,#2811);
#2393=VERTEX_POINT('',#2813);
#2394=LINE('',#2814,#2815);
#2395=VERTEX_POINT('',#2817);
#2396=LINE('',#2818,#2819);
#2397=LINE('',#2821,#2822);
#2398=VERTEX_POINT('',#2824);
#2399=VERTEX_POINT('',#2825);
#2400=LINE('',#2826,#2827);
#2401=VERTEX_POINT('',#2829);
#2402=LINE('',#2830,#2831);
#2403=VERTEX_POINT('',#2833);
#2404=LINE('',#2834,#2835);
#2405=LINE('',#2837,#2838);
#2406=VERTEX_POINT('',#2840);
#2407=VERTEX_POINT('',#2841);
#2408=LINE('',#2842,#2843);
#2409=VERTEX_POINT('',#2845);
#2410=LINE('',#2846,#2847);
#2411=VERTEX_POINT('',#2849);
#2412=LINE('',#2850,#2851);
#2413=LINE('',#2853,#2854);
#2414=VERTEX_POINT('',#2856);
#2415=LINE('',#2857,#2858);
#2416=VERTEX_POINT('',#2860);
#2417=CIRCLE('',#2861,0.03);
#2418=LINE('',#2865,#2866);
#2419=VERTEX_POINT('',#2868);
#2420=LINE('',#2869,#2870);
#2421=VERTEX_POINT('',#2872);
#2422=CIRCLE('',#2873,0.03);
#2423=VERTEX_POINT('',#2877);
#2424=LINE('',#2878,#2879);
#2425=VERTEX_POINT('',#2881);
#2426=LINE('',#2882,#2883);
#2427=VERTEX_POINT('',#2885);
#2428=LINE('',#2886,#2887);
#2429=VERTEX_POINT('',#2889);
#2430=LINE('',#2890,#2891);
#2431=VERTEX_POINT('',#2893);
#2432=LINE('',#2894,#2895);
#2433=VERTEX_POINT('',#2897);
#2434=LINE('',#2898,#2899);
#2435=VERTEX_POINT('',#2901);
#2436=LINE('',#2902,#2903);
#2437=VERTEX_POINT('',#2905);
#2438=CIRCLE('',#2906,0.03);
#2439=LINE('',#2910,#2911);
#2440=VERTEX_POINT('',#2913);
#2441=LINE('',#2914,#2915);
#2442=VERTEX_POINT('',#2917);
#2443=CIRCLE('',#2918,0.03);
#2444=LINE('',#2922,#2923);
#2445=VERTEX_POINT('',#2925);
#2446=LINE('',#2926,#2927);
#2447=VERTEX_POINT('',#2929);
#2448=CIRCLE('',#2930,0.03);
#2449=LINE('',#2934,#2935);
#2450=VERTEX_POINT('',#2937);
#2451=LINE('',#2938,#2939);
#2452=VERTEX_POINT('',#2941);
#2453=CIRCLE('',#2942,0.03);
#2454=LINE('',#2946,#2947);
#2455=VERTEX_POINT('',#2949);
#2456=LINE('',#2950,#2951);
#2457=VERTEX_POINT('',#2953);
#2458=CIRCLE('',#2954,0.03);
#2459=LINE('',#2958,#2959);
#2460=VERTEX_POINT('',#2961);
#2461=LINE('',#2962,#2963);
#2462=VERTEX_POINT('',#2965);
#2463=CIRCLE('',#2966,0.03);
#2464=LINE('',#2970,#2971);
#2465=VERTEX_POINT('',#2973);
#2466=LINE('',#2974,#2975);
#2467=VERTEX_POINT('',#2977);
#2468=LINE('',#2978,#2979);
#2469=LINE('',#2981,#2982);
#2470=VERTEX_POINT('',#2984);
#2471=LINE('',#2985,#2986);
#2472=VERTEX_POINT('',#2988);
#2473=CIRCLE('',#2989,0.03);
#2474=LINE('',#2993,#2994);
#2475=VERTEX_POINT('',#2996);
#2476=LINE('',#2997,#2998);
#2477=VERTEX_POINT('',#3000);
#2478=CIRCLE('',#3001,0.03);
#2479=LINE('',#3005,#3006);
#2480=VERTEX_POINT('',#3008);
#2481=LINE('',#3009,#3010);
#2482=VERTEX_POINT('',#3012);
#2483=CIRCLE('',#3013,0.03);
#2484=LINE('',#3017,#3018);
#2485=VERTEX_POINT('',#3020);
#2486=LINE('',#3021,#3022);
#2487=VERTEX_POINT('',#3024);
#2488=CIRCLE('',#3025,0.03);
#2489=LINE('',#3029,#3030);
#2490=VERTEX_POINT('',#3032);
#2491=CIRCLE('',#3033,0.66);
#2492=VERTEX_POINT('',#3037);
#2493=CIRCLE('',#3038,0.66);
#2494=VERTEX_POINT('',#3042);
#2495=CIRCLE('',#3043,0.66);
#2496=VERTEX_POINT('',#3047);
#2497=CIRCLE('',#3048,0.66);
#2498=VERTEX_POINT('',#3052);
#2499=CIRCLE('',#3053,0.66);
#2500=VERTEX_POINT('',#3057);
#2501=CIRCLE('',#3058,0.66);
#2502=VERTEX_POINT('',#3062);
#2503=CIRCLE('',#3063,0.66);
#2504=VERTEX_POINT('',#3067);
#2505=LINE('',#3068,#3069);
#2506=VERTEX_POINT('',#3071);
#2507=LINE('',#3072,#3073);
#2508=VERTEX_POINT('',#3075);
#2509=CIRCLE('',#3076,0.03);
#2510=LINE('',#3080,#3081);
#2511=VERTEX_POINT('',#3083);
#2512=LINE('',#3084,#3085);
#2513=VERTEX_POINT('',#3087);
#2514=CIRCLE('',#3088,0.03);
#2515=LINE('',#3092,#3093);
#2516=VERTEX_POINT('',#3095);
#2517=LINE('',#3096,#3097);
#2518=VERTEX_POINT('',#3099);
#2519=CIRCLE('',#3100,0.03);
#2520=LINE('',#3104,#3105);
#2521=VERTEX_POINT('',#3107);
#2522=LINE('',#3108,#3109);
#2523=VERTEX_POINT('',#3111);
#2524=CIRCLE('',#3112,0.03);
#2525=LINE('',#3116,#3117);
#2526=VERTEX_POINT('',#3119);
#2527=LINE('',#3120,#3121);
#2528=VERTEX_POINT('',#3123);
#2529=LINE('',#3124,#3125);
#2530=LINE('',#3127,#3128);
#2531=VERTEX_POINT('',#3130);
#2532=LINE('',#3131,#3132);
#2533=VERTEX_POINT('',#3134);
#2534=CIRCLE('',#3135,0.03);
#2535=LINE('',#3139,#3140);
#2536=VERTEX_POINT('',#3142);
#2537=LINE('',#3143,#3144);
#2538=VERTEX_POINT('',#3146);
#2539=CIRCLE('',#3147,0.03);
#2540=LINE('',#3151,#3152);
#2541=VERTEX_POINT('',#3154);
#2542=LINE('',#3155,#3156);
#2543=VERTEX_POINT('',#3158);
#2544=CIRCLE('',#3159,0.03);
#2545=LINE('',#3163,#3164);
#2546=VERTEX_POINT('',#3166);
#2547=LINE('',#3167,#3168);
#2548=VERTEX_POINT('',#3170);
#2549=CIRCLE('',#3171,0.03);
#2550=LINE('',#3175,#3176);
#2551=VERTEX_POINT('',#3178);
#2552=LINE('',#3179,#3180);
#2553=VERTEX_POINT('',#3182);
#2554=CIRCLE('',#3183,0.03);
#2555=LINE('',#3187,#3188);
#2556=VERTEX_POINT('',#3190);
#2557=LINE('',#3191,#3192);
#2558=VERTEX_POINT('',#3194);
#2559=CIRCLE('',#3195,0.03);
#2560=VERTEX_POINT('',#3199);
#2561=LINE('',#3200,#3201);
#2562=VERTEX_POINT('',#3203);
#2563=LINE('',#3204,#3205);
#2564=VERTEX_POINT('',#3207);
#2565=LINE('',#3208,#3209);
#2566=VERTEX_POINT('',#3211);
#2567=LINE('',#3212,#3213);
#2568=VERTEX_POINT('',#3215);
#2569=LINE('',#3216,#3217);
#2570=VERTEX_POINT('',#3219);
#2571=LINE('',#3220,#3221);
#2572=VERTEX_POINT('',#3223);
#2573=LINE('',#3224,#3225);
#2574=VERTEX_POINT('',#3227);
#2575=CIRCLE('',#3228,0.03);
#2576=LINE('',#3232,#3233);
#2577=VERTEX_POINT('',#3235);
#2578=LINE('',#3236,#3237);
#2579=CIRCLE('',#3239,0.03);
#2580=VERTEX_POINT('',#3243);
#2581=CIRCLE('',#3244,0.66);
#2582=VERTEX_POINT('',#3248);
#2583=CIRCLE('',#3249,0.66);
#2584=VERTEX_POINT('',#3253);
#2585=CIRCLE('',#3254,0.66);
#2586=VERTEX_POINT('',#3258);
#2587=CIRCLE('',#3259,0.66);
#2588=VERTEX_POINT('',#3263);
#2589=CIRCLE('',#3264,0.66);
#2590=VERTEX_POINT('',#3268);
#2591=CIRCLE('',#3269,0.66);
#2592=VERTEX_POINT('',#3273);
#2593=CIRCLE('',#3274,0.66);
#2594=LINE('',#3278,#3279);
#2595=LINE('',#3281,#3282);
#2596=LINE('',#3284,#3285);
#2597=LINE('',#3287,#3288);
#2598=LINE('',#3290,#3291);
#2599=LINE('',#3293,#3294);
#2600=LINE('',#3296,#3297);
#2601=LINE('',#3299,#3300);
#2602=LINE('',#3302,#3303);
#2603=LINE('',#3305,#3306);
#2604=LINE('',#3308,#3309);
#2605=LINE('',#3311,#3312);
#2606=LINE('',#3314,#3315);
#2607=LINE('',#3317,#3318);
#2608=LINE('',#3320,#3321);
#2609=LINE('',#3323,#3324);
#2610=LINE('',#3326,#3327);
#2611=LINE('',#3329,#3330);
#2612=LINE('',#3332,#3333);
#2613=LINE('',#3335,#3336);
#2614=LINE('',#3338,#3339);
#2615=LINE('',#3341,#3342);
#2616=LINE('',#3344,#3345);
#2617=LINE('',#3347,#3348);
#2618=LINE('',#3350,#3351);
#2619=LINE('',#3353,#3354);
#2620=LINE('',#3356,#3357);
#2621=LINE('',#3359,#3360);
#2622=LINE('',#3362,#3363);
#2623=LINE('',#3365,#3366);
#2624=LINE('',#3368,#3369);
#2625=LINE('',#3371,#3372);
#2626=VERTEX_POINT('',#3374);
#2627=CIRCLE('',#3375,0.19);
#2628=VERTEX_POINT('',#3379);
#2629=CIRCLE('',#3380,0.38);
#2630=VERTEX_POINT('',#3384);
#2631=CIRCLE('',#3385,0.38);
#2632=VERTEX_POINT('',#3389);
#2633=CIRCLE('',#3390,0.66);
#2634=VERTEX_POINT('',#3394);
#2635=CIRCLE('',#3395,0.66);
#2636=VERTEX_POINT('',#3399);
#2637=CIRCLE('',#3400,0.81);
#2638=VERTEX_POINT('',#3404);
#2639=CIRCLE('',#3405,0.66);
#2640=VERTEX_POINT('',#3409);
#2641=CIRCLE('',#3410,0.66);
#2642=VERTEX_POINT('',#3414);
#2643=CIRCLE('',#3415,0.915);
#2644=VERTEX_POINT('',#3419);
#2645=CIRCLE('',#3420,0.915);
#2646=VERTEX_POINT('',#3424);
#2647=CIRCLE('',#3425,0.634191070279899);
#2648=VERTEX_POINT('',#3429);
#2649=CIRCLE('',#3430,0.525);
#2650=VERTEX_POINT('',#3434);
#2651=CIRCLE('',#3435,0.525);
#2652=VERTEX_POINT('',#3439);
#2653=CIRCLE('',#3440,0.225);
#2654=VERTEX_POINT('',#3444);
#2655=CIRCLE('',#3445,0.525);
#2656=VERTEX_POINT('',#3449);
#2657=CIRCLE('',#3450,0.525);
#2658=VERTEX_POINT('',#3454);
#2659=CIRCLE('',#3455,0.275);
#2660=VERTEX_POINT('',#3459);
#2661=CIRCLE('',#3460,0.275);
#2662=VERTEX_POINT('',#3464);
#2663=CIRCLE('',#3465,0.03);
#2664=CARTESIAN_POINT('',(3.65099559473196,-1.27,1.07));
#2665=CARTESIAN_POINT('',(3.65099559473196,-1.27,2.34));
#2666=CARTESIAN_POINT('',(3.65099559473196,-1.27,2.34));
#2667=VECTOR('',#2668,1.);
#2668=DIRECTION('',(0.,0.,-1.));
#2669=CARTESIAN_POINT('',(1.42900440526804,-1.27,2.34));
#2670=CARTESIAN_POINT('',(1.42900440526804,-1.27,2.34));
#2671=VECTOR('',#2672,1.);
#2672=DIRECTION('',(1.,0.,0.));
#2673=CARTESIAN_POINT('',(1.42900440526804,-1.27,1.07));
#2674=CARTESIAN_POINT('',(1.42900440526804,-1.27,1.07));
#2675=VECTOR('',#2676,1.);
#2676=DIRECTION('',(0.,0.,1.));
#2677=CARTESIAN_POINT('',(1.42900440526804,-1.27,1.07));
#2678=VECTOR('',#2679,1.);
#2679=DIRECTION('',(1.,0.,0.));
#2680=CARTESIAN_POINT('',(3.96900440526804,-1.27,2.34));
#2681=CARTESIAN_POINT('',(3.96900440526804,-1.27,1.07));
#2682=CARTESIAN_POINT('',(3.96900440526804,-1.27,1.07));
#2683=VECTOR('',#2684,1.);
#2684=DIRECTION('',(0.,0.,1.));
#2685=CARTESIAN_POINT('',(6.19099559473196,-1.27,1.07));
#2686=CARTESIAN_POINT('',(3.96900440526804,-1.27,1.07));
#2687=VECTOR('',#2688,1.);
#2688=DIRECTION('',(1.,0.,0.));
#2689=CARTESIAN_POINT('',(6.19099559473196,-1.27,2.34));
#2690=CARTESIAN_POINT('',(6.19099559473196,-1.27,2.34));
#2691=VECTOR('',#2692,1.);
#2692=DIRECTION('',(0.,0.,-1.));
#2693=CARTESIAN_POINT('',(3.96900440526804,-1.27,2.34));
#2694=VECTOR('',#2695,1.);
#2695=DIRECTION('',(1.,0.,0.));
#2696=CARTESIAN_POINT('',(6.50900440526804,-1.27,2.34));
#2697=CARTESIAN_POINT('',(6.50900440526804,-1.27,1.07));
#2698=CARTESIAN_POINT('',(6.50900440526804,-1.27,1.07));
#2699=VECTOR('',#2700,1.);
#2700=DIRECTION('',(0.,0.,1.));
#2701=CARTESIAN_POINT('',(8.73099559473196,-1.27,1.07));
#2702=CARTESIAN_POINT('',(6.50900440526804,-1.27,1.07));
#2703=VECTOR('',#2704,1.);
#2704=DIRECTION('',(1.,0.,0.));
#2705=CARTESIAN_POINT('',(8.73099559473196,-1.27,2.34));
#2706=CARTESIAN_POINT('',(8.73099559473196,-1.27,2.34));
#2707=VECTOR('',#2708,1.);
#2708=DIRECTION('',(0.,0.,-1.));
#2709=CARTESIAN_POINT('',(6.50900440526804,-1.27,2.34));
#2710=VECTOR('',#2711,1.);
#2711=DIRECTION('',(1.,0.,0.));
#2712=CARTESIAN_POINT('',(9.04900440526804,-1.27,2.34));
#2713=CARTESIAN_POINT('',(9.04900440526804,-1.27,1.07));
#2714=CARTESIAN_POINT('',(9.04900440526804,-1.27,1.07));
#2715=VECTOR('',#2716,1.);
#2716=DIRECTION('',(0.,0.,1.));
#2717=CARTESIAN_POINT('',(11.270995594732,-1.27,1.07));
#2718=CARTESIAN_POINT('',(9.04900440526804,-1.27,1.07));
#2719=VECTOR('',#2720,1.);
#2720=DIRECTION('',(1.,0.,0.));
#2721=CARTESIAN_POINT('',(11.270995594732,-1.27,2.34));
#2722=CARTESIAN_POINT('',(11.270995594732,-1.27,2.34));
#2723=VECTOR('',#2724,1.);
#2724=DIRECTION('',(0.,0.,-1.));
#2725=CARTESIAN_POINT('',(9.04900440526804,-1.27,2.34));
#2726=VECTOR('',#2727,1.);
#2727=DIRECTION('',(1.,0.,0.));
#2728=CARTESIAN_POINT('',(11.589004405268,-1.27,2.34));
#2729=CARTESIAN_POINT('',(11.589004405268,-1.27,1.07));
#2730=CARTESIAN_POINT('',(11.589004405268,-1.27,1.07));
#2731=VECTOR('',#2732,1.);
#2732=DIRECTION('',(0.,0.,1.));
#2733=CARTESIAN_POINT('',(13.810995594732,-1.27,1.07));
#2734=CARTESIAN_POINT('',(11.589004405268,-1.27,1.07));
#2735=VECTOR('',#2736,1.);
#2736=DIRECTION('',(1.,0.,0.));
#2737=CARTESIAN_POINT('',(13.810995594732,-1.27,2.34));
#2738=CARTESIAN_POINT('',(13.810995594732,-1.27,2.34));
#2739=VECTOR('',#2740,1.);
#2740=DIRECTION('',(0.,0.,-1.));
#2741=CARTESIAN_POINT('',(11.589004405268,-1.27,2.34));
#2742=VECTOR('',#2743,1.);
#2743=DIRECTION('',(1.,0.,1.99860922921663E-016));
#2744=CARTESIAN_POINT('',(14.129004405268,-1.27,2.34));
#2745=CARTESIAN_POINT('',(14.129004405268,-1.27,1.07));
#2746=CARTESIAN_POINT('',(14.129004405268,-1.27,1.07));
#2747=VECTOR('',#2748,1.);
#2748=DIRECTION('',(0.,0.,1.));
#2749=CARTESIAN_POINT('',(16.4851077025535,-1.27,1.07));
#2750=CARTESIAN_POINT('',(14.129004405268,-1.27,1.07));
#2751=VECTOR('',#2752,1.);
#2752=DIRECTION('',(1.,0.,0.));
#2753=CARTESIAN_POINT('',(16.4851077025535,-1.27,2.34));
#2754=CARTESIAN_POINT('',(16.4851077025535,-1.27,1.07));
#2755=VECTOR('',#2756,1.);
#2756=DIRECTION('',(0.,0.,1.));
#2757=CARTESIAN_POINT('',(14.129004405268,-1.27,2.34));
#2758=VECTOR('',#2759,1.);
#2759=DIRECTION('',(1.,0.,0.));
#2760=CARTESIAN_POINT('',(3.96900440527185,1.27,1.07));
#2761=CARTESIAN_POINT('',(3.96900440527185,1.27,2.34));
#2762=CARTESIAN_POINT('',(3.96900440527185,1.27,2.34));
#2763=VECTOR('',#2764,1.);
#2764=DIRECTION('',(0.,0.,-1.));
#2765=CARTESIAN_POINT('',(6.19099559472815,1.27,2.34));
#2766=CARTESIAN_POINT('',(6.19099559472815,1.27,2.34));
#2767=VECTOR('',#2768,1.);
#2768=DIRECTION('',(-1.,0.,0.));
#2769=CARTESIAN_POINT('',(6.19099559472815,1.27,1.07));
#2770=CARTESIAN_POINT('',(6.19099559472815,1.27,1.07));
#2771=VECTOR('',#2772,1.);
#2772=DIRECTION('',(0.,0.,1.));
#2773=CARTESIAN_POINT('',(6.19099559472815,1.27,1.07));
#2774=VECTOR('',#2775,1.);
#2775=DIRECTION('',(-1.,0.,0.));
#2776=CARTESIAN_POINT('',(3.65099559472815,1.27,2.34));
#2777=CARTESIAN_POINT('',(3.65099559472815,1.27,1.07));
#2778=CARTESIAN_POINT('',(3.65099559472815,1.27,1.07));
#2779=VECTOR('',#2780,1.);
#2780=DIRECTION('',(0.,0.,1.));
#2781=CARTESIAN_POINT('',(1.42900440527185,1.27,1.07));
#2782=CARTESIAN_POINT('',(3.65099559472815,1.27,1.07));
#2783=VECTOR('',#2784,1.);
#2784=DIRECTION('',(-1.,0.,0.));
#2785=CARTESIAN_POINT('',(1.42900440527185,1.27,2.34));
#2786=CARTESIAN_POINT('',(1.42900440527185,1.27,2.34));
#2787=VECTOR('',#2788,1.);
#2788=DIRECTION('',(0.,0.,-1.));
#2789=CARTESIAN_POINT('',(3.65099559472815,1.27,2.34));
#2790=VECTOR('',#2791,1.);
#2791=DIRECTION('',(-1.,0.,0.));
#2792=CARTESIAN_POINT('',(6.50900440527185,1.27,1.07));
#2793=CARTESIAN_POINT('',(6.50900440527185,1.27,2.34));
#2794=CARTESIAN_POINT('',(6.50900440527185,1.27,2.34));
#2795=VECTOR('',#2796,1.);
#2796=DIRECTION('',(0.,0.,-1.));
#2797=CARTESIAN_POINT('',(8.73099559472815,1.27,2.34));
#2798=CARTESIAN_POINT('',(8.73099559472815,1.27,2.34));
#2799=VECTOR('',#2800,1.);
#2800=DIRECTION('',(-1.,0.,0.));
#2801=CARTESIAN_POINT('',(8.73099559472815,1.27,1.07));
#2802=CARTESIAN_POINT('',(8.73099559472815,1.27,1.07));
#2803=VECTOR('',#2804,1.);
#2804=DIRECTION('',(0.,0.,1.));
#2805=CARTESIAN_POINT('',(8.73099559472815,1.27,1.07));
#2806=VECTOR('',#2807,1.);
#2807=DIRECTION('',(-1.,0.,0.));
#2808=CARTESIAN_POINT('',(9.04900440527185,1.27,1.07));
#2809=CARTESIAN_POINT('',(9.04900440527185,1.27,2.34));
#2810=CARTESIAN_POINT('',(9.04900440527185,1.27,2.34));
#2811=VECTOR('',#2812,1.);
#2812=DIRECTION('',(0.,0.,-1.));
#2813=CARTESIAN_POINT('',(11.2709955947282,1.27,2.34));
#2814=CARTESIAN_POINT('',(11.2709955947282,1.27,2.34));
#2815=VECTOR('',#2816,1.);
#2816=DIRECTION('',(-1.,0.,0.));
#2817=CARTESIAN_POINT('',(11.2709955947282,1.27,1.07));
#2818=CARTESIAN_POINT('',(11.2709955947282,1.27,1.07));
#2819=VECTOR('',#2820,1.);
#2820=DIRECTION('',(0.,0.,1.));
#2821=CARTESIAN_POINT('',(11.2709955947282,1.27,1.07));
#2822=VECTOR('',#2823,1.);
#2823=DIRECTION('',(-1.,0.,0.));
#2824=CARTESIAN_POINT('',(11.5890044052719,1.27,1.07));
#2825=CARTESIAN_POINT('',(11.5890044052719,1.27,2.34));
#2826=CARTESIAN_POINT('',(11.5890044052719,1.27,2.34));
#2827=VECTOR('',#2828,1.);
#2828=DIRECTION('',(0.,0.,-1.));
#2829=CARTESIAN_POINT('',(13.8109955947281,1.27,2.34));
#2830=CARTESIAN_POINT('',(13.8109955947281,1.27,2.34));
#2831=VECTOR('',#2832,1.);
#2832=DIRECTION('',(-1.,0.,-1.99860922922349E-016));
#2833=CARTESIAN_POINT('',(13.8109955947281,1.27,1.07));
#2834=CARTESIAN_POINT('',(13.8109955947282,1.27,1.07));
#2835=VECTOR('',#2836,1.);
#2836=DIRECTION('',(0.,0.,1.));
#2837=CARTESIAN_POINT('',(13.8109955947281,1.27,1.07));
#2838=VECTOR('',#2839,1.);
#2839=DIRECTION('',(-1.,0.,0.));
#2840=CARTESIAN_POINT('',(14.1290044052719,1.27,1.07));
#2841=CARTESIAN_POINT('',(14.1290044052719,1.27,2.34));
#2842=CARTESIAN_POINT('',(14.1290044052718,1.27,2.34));
#2843=VECTOR('',#2844,1.);
#2844=DIRECTION('',(0.,0.,-1.));
#2845=CARTESIAN_POINT('',(16.4851077025535,1.27,2.34));
#2846=CARTESIAN_POINT('',(16.4851077025535,1.27,2.34));
#2847=VECTOR('',#2848,1.);
#2848=DIRECTION('',(-1.,0.,1.88484609466159E-016));
#2849=CARTESIAN_POINT('',(16.4851077025535,1.27,1.07));
#2850=CARTESIAN_POINT('',(16.4851077025535,1.27,1.07));
#2851=VECTOR('',#2852,1.);
#2852=DIRECTION('',(0.,0.,1.));
#2853=CARTESIAN_POINT('',(16.4851077025535,1.27,1.07));
#2854=VECTOR('',#2855,1.);
#2855=DIRECTION('',(-1.,0.,0.));
#2856=CARTESIAN_POINT('',(3.83718923361106,0.987321452147693,2.34));
#2857=CARTESIAN_POINT('',(3.83718923361106,0.987321452147693,2.34));
#2858=VECTOR('',#2859,1.);
#2859=DIRECTION('',(0.422618261743663,0.906307787035268,0.));
#2860=CARTESIAN_POINT('',(3.78281076638894,0.987321452147693,2.34));
#2861=AXIS2_PLACEMENT_3D('',#2862,#2863,#2864);
#2862=CARTESIAN_POINT('',(3.81,1.,2.34));
#2863=DIRECTION('',(-0.,0.,1.));
#2864=DIRECTION('',(-0.906307787035284,-0.422618261743629,0.));
#2865=CARTESIAN_POINT('',(3.65099559472815,1.27,2.34));
#2866=VECTOR('',#2867,1.);
#2867=DIRECTION('',(0.422618261743666,-0.906307787035267,0.));
#2868=CARTESIAN_POINT('',(1.29718923361106,0.987321452147693,2.34));
#2869=CARTESIAN_POINT('',(1.29718923361106,0.987321452147693,2.34));
#2870=VECTOR('',#2871,1.);
#2871=DIRECTION('',(0.422618261743663,0.906307787035268,0.));
#2872=CARTESIAN_POINT('',(1.24281076638894,0.987321452147693,2.34));
#2873=AXIS2_PLACEMENT_3D('',#2874,#2875,#2876);
#2874=CARTESIAN_POINT('',(1.27,1.,2.34));
#2875=DIRECTION('',(-0.,0.,1.));
#2876=DIRECTION('',(-0.906307787035285,-0.422618261743626,0.));
#2877=CARTESIAN_POINT('',(1.11099559472815,1.27,2.34));
#2878=CARTESIAN_POINT('',(1.11099559472815,1.27,2.34));
#2879=VECTOR('',#2880,1.);
#2880=DIRECTION('',(0.422618261743666,-0.906307787035267,0.));
#2881=CARTESIAN_POINT('',(-1.2451077025535,1.27,2.34));
#2882=CARTESIAN_POINT('',(1.11099559472815,1.27,2.34));
#2883=VECTOR('',#2884,1.);
#2884=DIRECTION('',(-1.,0.,0.));
#2885=CARTESIAN_POINT('',(-1.385,0.970000000000001,2.34));
#2886=CARTESIAN_POINT('',(-1.2451077025535,1.27,2.34));
#2887=VECTOR('',#2888,1.);
#2888=DIRECTION('',(-0.4226182617407,-0.90630778703665,0.));
#2889=CARTESIAN_POINT('',(-1.385,-0.97,2.34));
#2890=CARTESIAN_POINT('',(-1.385,0.970000000000001,2.34));
#2891=VECTOR('',#2892,1.);
#2892=DIRECTION('',(-2.28911963840238E-016,-1.,0.));
#2893=CARTESIAN_POINT('',(-1.2451077025535,-1.27,2.34));
#2894=CARTESIAN_POINT('',(-1.385,-0.97,2.34));
#2895=VECTOR('',#2896,1.);
#2896=DIRECTION('',(0.422618261740699,-0.90630778703665,0.));
#2897=CARTESIAN_POINT('',(1.11099559473196,-1.27,2.34));
#2898=CARTESIAN_POINT('',(-1.2451077025535,-1.27,2.34));
#2899=VECTOR('',#2900,1.);
#2900=DIRECTION('',(1.,0.,0.));
#2901=CARTESIAN_POINT('',(1.24281076638794,-0.987321452149846,2.34));
#2902=CARTESIAN_POINT('',(1.24281076638794,-0.987321452149846,2.34));
#2903=VECTOR('',#2904,1.);
#2904=DIRECTION('',(-0.422618261733637,-0.906307787039943,0.));
#2905=CARTESIAN_POINT('',(1.29718923360911,-0.987321452143519,2.34));
#2906=AXIS2_PLACEMENT_3D('',#2907,#2908,#2909);
#2907=CARTESIAN_POINT('',(1.27,-1.,2.34));
#2908=DIRECTION('',(0.,-0.,1.));
#2909=DIRECTION('',(0.906307786970437,0.422618261882694,0.));
#2910=CARTESIAN_POINT('',(1.42900440526804,-1.27,2.34));
#2911=VECTOR('',#2912,1.);
#2912=DIRECTION('',(-0.422618261733638,0.906307787039943,0.));
#2913=CARTESIAN_POINT('',(3.78281076638794,-0.987321452149846,2.34));
#2914=CARTESIAN_POINT('',(3.78281076638794,-0.987321452149846,2.34));
#2915=VECTOR('',#2916,1.);
#2916=DIRECTION('',(-0.422618261733636,-0.906307787039944,0.));
#2917=CARTESIAN_POINT('',(3.83718923360911,-0.987321452143519,2.34));
#2918=AXIS2_PLACEMENT_3D('',#2919,#2920,#2921);
#2919=CARTESIAN_POINT('',(3.81,-1.,2.34));
#2920=DIRECTION('',(0.,-0.,1.));
#2921=DIRECTION('',(0.906307786970438,0.422618261882691,0.));
#2922=CARTESIAN_POINT('',(3.96900440526804,-1.27,2.34));
#2923=VECTOR('',#2924,1.);
#2924=DIRECTION('',(-0.422618261733638,0.906307787039943,0.));
#2925=CARTESIAN_POINT('',(6.32281076638794,-0.987321452149846,2.34));
#2926=CARTESIAN_POINT('',(6.32281076638794,-0.987321452149846,2.34));
#2927=VECTOR('',#2928,1.);
#2928=DIRECTION('',(-0.422618261733638,-0.906307787039943,0.));
#2929=CARTESIAN_POINT('',(6.37718923360911,-0.987321452143519,2.34));
#2930=AXIS2_PLACEMENT_3D('',#2931,#2932,#2933);
#2931=CARTESIAN_POINT('',(6.35,-1.,2.34));
#2932=DIRECTION('',(0.,-0.,1.));
#2933=DIRECTION('',(0.906307786970438,0.422618261882691,0.));
#2934=CARTESIAN_POINT('',(6.50900440526804,-1.27,2.34));
#2935=VECTOR('',#2936,1.);
#2936=DIRECTION('',(-0.422618261733636,0.906307787039943,0.));
#2937=CARTESIAN_POINT('',(8.86281076638794,-0.987321452149846,2.34));
#2938=CARTESIAN_POINT('',(8.86281076638794,-0.987321452149846,2.34));
#2939=VECTOR('',#2940,1.);
#2940=DIRECTION('',(-0.422618261733638,-0.906307787039943,0.));
#2941=CARTESIAN_POINT('',(8.91718923360911,-0.987321452143519,2.34));
#2942=AXIS2_PLACEMENT_3D('',#2943,#2944,#2945);
#2943=CARTESIAN_POINT('',(8.89,-1.,2.34));
#2944=DIRECTION('',(0.,-0.,1.));
#2945=DIRECTION('',(0.906307786970433,0.422618261882703,0.));
#2946=CARTESIAN_POINT('',(9.04900440526804,-1.27,2.34));
#2947=VECTOR('',#2948,1.);
#2948=DIRECTION('',(-0.422618261733639,0.906307787039942,0.));
#2949=CARTESIAN_POINT('',(11.4028107663879,-0.987321452149846,2.34));
#2950=CARTESIAN_POINT('',(11.4028107663879,-0.987321452149846,2.34));
#2951=VECTOR('',#2952,1.);
#2952=DIRECTION('',(-0.422618261733638,-0.906307787039943,0.));
#2953=CARTESIAN_POINT('',(11.4571892336091,-0.987321452143519,2.34));
#2954=AXIS2_PLACEMENT_3D('',#2955,#2956,#2957);
#2955=CARTESIAN_POINT('',(11.43,-1.,2.34));
#2956=DIRECTION('',(0.,-0.,1.));
#2957=DIRECTION('',(0.906307786970433,0.422618261882703,0.));
#2958=CARTESIAN_POINT('',(11.589004405268,-1.27,2.34));
#2959=VECTOR('',#2960,1.);
#2960=DIRECTION('',(-0.422618261733639,0.906307787039942,0.));
#2961=CARTESIAN_POINT('',(13.9428107663879,-0.987321452149846,2.34));
#2962=CARTESIAN_POINT('',(13.9428107663879,-0.987321452149846,2.34));
#2963=VECTOR('',#2964,1.);
#2964=DIRECTION('',(-0.422618261733638,-0.906307787039943,0.));
#2965=CARTESIAN_POINT('',(13.9971892336091,-0.987321452143519,2.34));
#2966=AXIS2_PLACEMENT_3D('',#2967,#2968,#2969);
#2967=CARTESIAN_POINT('',(13.97,-1.,2.34));
#2968=DIRECTION('',(0.,-0.,1.));
#2969=DIRECTION('',(0.906307786970433,0.422618261882703,0.));
#2970=CARTESIAN_POINT('',(14.129004405268,-1.27,2.34));
#2971=VECTOR('',#2972,1.);
#2972=DIRECTION('',(-0.422618261733639,0.906307787039942,0.));
#2973=CARTESIAN_POINT('',(16.625,-0.97,2.34));
#2974=CARTESIAN_POINT('',(16.4851077025535,-1.27,2.34));
#2975=VECTOR('',#2976,1.);
#2976=DIRECTION('',(0.422618261740702,0.906307787036649,0.));
#2977=CARTESIAN_POINT('',(16.625,0.969999999999999,2.34));
#2978=CARTESIAN_POINT('',(16.625,-0.97,2.34));
#2979=VECTOR('',#2980,1.);
#2980=DIRECTION('',(0.,1.,0.));
#2981=CARTESIAN_POINT('',(16.625,0.969999999999999,2.34));
#2982=VECTOR('',#2983,1.);
#2983=DIRECTION('',(-0.422618261740702,0.906307787036649,0.));
#2984=CARTESIAN_POINT('',(13.9971892336111,0.987321452147693,2.34));
#2985=CARTESIAN_POINT('',(13.9971892336111,0.987321452147693,2.34));
#2986=VECTOR('',#2987,1.);
#2987=DIRECTION('',(0.422618261743662,0.906307787035269,0.));
#2988=CARTESIAN_POINT('',(13.9428107663889,0.987321452147693,2.34));
#2989=AXIS2_PLACEMENT_3D('',#2990,#2991,#2992);
#2990=CARTESIAN_POINT('',(13.97,1.,2.34));
#2991=DIRECTION('',(-0.,0.,1.));
#2992=DIRECTION('',(-0.906307787035289,-0.422618261743618,0.));
#2993=CARTESIAN_POINT('',(13.8109955947282,1.27,2.34));
#2994=VECTOR('',#2995,1.);
#2995=DIRECTION('',(0.422618261743667,-0.906307787035266,0.));
#2996=CARTESIAN_POINT('',(11.4571892336111,0.987321452147693,2.34));
#2997=CARTESIAN_POINT('',(11.4571892336111,0.987321452147693,2.34));
#2998=VECTOR('',#2999,1.);
#2999=DIRECTION('',(0.422618261743662,0.906307787035268,0.));
#3000=CARTESIAN_POINT('',(11.4028107663889,0.987321452147693,2.34));
#3001=AXIS2_PLACEMENT_3D('',#3002,#3003,#3004);
#3002=CARTESIAN_POINT('',(11.43,1.,2.34));
#3003=DIRECTION('',(-0.,0.,1.));
#3004=DIRECTION('',(-0.906307787035289,-0.422618261743618,0.));
#3005=CARTESIAN_POINT('',(11.2709955947282,1.27,2.34));
#3006=VECTOR('',#3007,1.);
#3007=DIRECTION('',(0.422618261743667,-0.906307787035266,0.));
#3008=CARTESIAN_POINT('',(8.91718923361106,0.987321452147693,2.34));
#3009=CARTESIAN_POINT('',(8.91718923361106,0.987321452147693,2.34));
#3010=VECTOR('',#3011,1.);
#3011=DIRECTION('',(0.422618261743662,0.906307787035269,0.));
#3012=CARTESIAN_POINT('',(8.86281076638894,0.987321452147693,2.34));
#3013=AXIS2_PLACEMENT_3D('',#3014,#3015,#3016);
#3014=CARTESIAN_POINT('',(8.89,1.,2.34));
#3015=DIRECTION('',(-0.,0.,1.));
#3016=DIRECTION('',(-0.906307787035289,-0.422618261743618,0.));
#3017=CARTESIAN_POINT('',(8.73099559472815,1.27,2.34));
#3018=VECTOR('',#3019,1.);
#3019=DIRECTION('',(0.422618261743667,-0.906307787035266,0.));
#3020=CARTESIAN_POINT('',(6.37718923361106,0.987321452147693,2.34));
#3021=CARTESIAN_POINT('',(6.37718923361106,0.987321452147693,2.34));
#3022=VECTOR('',#3023,1.);
#3023=DIRECTION('',(0.422618261743664,0.906307787035268,0.));
#3024=CARTESIAN_POINT('',(6.32281076638894,0.987321452147693,2.34));
#3025=AXIS2_PLACEMENT_3D('',#3026,#3027,#3028);
#3026=CARTESIAN_POINT('',(6.35,1.,2.34));
#3027=DIRECTION('',(-0.,0.,1.));
#3028=DIRECTION('',(-0.906307787035284,-0.422618261743629,0.));
#3029=CARTESIAN_POINT('',(6.19099559472815,1.27,2.34));
#3030=VECTOR('',#3031,1.);
#3031=DIRECTION('',(0.422618261743667,-0.906307787035266,0.));
#3032=CARTESIAN_POINT('',(0.66,-8.08266887437253E-017,2.34));
#3033=AXIS2_PLACEMENT_3D('',#3034,#3035,#3036);
#3034=CARTESIAN_POINT('',(0.,0.,2.34));
#3035=DIRECTION('',(0.,0.,1.));
#3036=DIRECTION('',(1.,0.,0.));
#3037=CARTESIAN_POINT('',(15.9,-8.08266887437253E-017,2.34));
#3038=AXIS2_PLACEMENT_3D('',#3039,#3040,#3041);
#3039=CARTESIAN_POINT('',(15.24,0.,2.34));
#3040=DIRECTION('',(0.,0.,1.));
#3041=DIRECTION('',(1.,0.,0.));
#3042=CARTESIAN_POINT('',(13.36,-8.08266887437253E-017,2.34));
#3043=AXIS2_PLACEMENT_3D('',#3044,#3045,#3046);
#3044=CARTESIAN_POINT('',(12.7,0.,2.34));
#3045=DIRECTION('',(0.,0.,1.));
#3046=DIRECTION('',(1.,0.,0.));
#3047=CARTESIAN_POINT('',(10.82,-8.08266887437253E-017,2.34));
#3048=AXIS2_PLACEMENT_3D('',#3049,#3050,#3051);
#3049=CARTESIAN_POINT('',(10.16,0.,2.34));
#3050=DIRECTION('',(0.,0.,1.));
#3051=DIRECTION('',(1.,0.,0.));
#3052=CARTESIAN_POINT('',(8.28,-8.08266887437253E-017,2.34));
#3053=AXIS2_PLACEMENT_3D('',#3054,#3055,#3056);
#3054=CARTESIAN_POINT('',(7.62,0.,2.34));
#3055=DIRECTION('',(0.,0.,1.));
#3056=DIRECTION('',(1.,0.,0.));
#3057=CARTESIAN_POINT('',(5.74,-8.08266887437253E-017,2.34));
#3058=AXIS2_PLACEMENT_3D('',#3059,#3060,#3061);
#3059=CARTESIAN_POINT('',(5.08,0.,2.34));
#3060=DIRECTION('',(0.,0.,1.));
#3061=DIRECTION('',(1.,0.,0.));
#3062=CARTESIAN_POINT('',(3.2,-8.08266887437253E-017,2.34));
#3063=AXIS2_PLACEMENT_3D('',#3064,#3065,#3066);
#3064=CARTESIAN_POINT('',(2.54,0.,2.34));
#3065=DIRECTION('',(0.,0.,1.));
#3066=DIRECTION('',(1.,0.,0.));
#3067=CARTESIAN_POINT('',(3.83718923361106,0.987321452147693,1.07));
#3068=CARTESIAN_POINT('',(3.83718923361106,0.987321452147693,1.07));
#3069=VECTOR('',#3070,1.);
#3070=DIRECTION('',(0.422618261743663,0.906307787035268,0.));
#3071=CARTESIAN_POINT('',(6.32281076638894,0.987321452147693,1.07));
#3072=CARTESIAN_POINT('',(6.19099559472815,1.27,1.07));
#3073=VECTOR('',#3074,1.);
#3074=DIRECTION('',(0.422618261743667,-0.906307787035266,0.));
#3075=CARTESIAN_POINT('',(6.37718923361106,0.987321452147693,1.07));
#3076=AXIS2_PLACEMENT_3D('',#3077,#3078,#3079);
#3077=CARTESIAN_POINT('',(6.35,1.,1.07));
#3078=DIRECTION('',(-0.,0.,1.));
#3079=DIRECTION('',(-0.906307787035284,-0.422618261743629,0.));
#3080=CARTESIAN_POINT('',(6.37718923361106,0.987321452147693,1.07));
#3081=VECTOR('',#3082,1.);
#3082=DIRECTION('',(0.422618261743664,0.906307787035268,0.));
#3083=CARTESIAN_POINT('',(8.86281076638894,0.987321452147693,1.07));
#3084=CARTESIAN_POINT('',(8.73099559472815,1.27,1.07));
#3085=VECTOR('',#3086,1.);
#3086=DIRECTION('',(0.422618261743667,-0.906307787035266,0.));
#3087=CARTESIAN_POINT('',(8.91718923361106,0.987321452147693,1.07));
#3088=AXIS2_PLACEMENT_3D('',#3089,#3090,#3091);
#3089=CARTESIAN_POINT('',(8.89,1.,1.07));
#3090=DIRECTION('',(-0.,0.,1.));
#3091=DIRECTION('',(-0.906307787035289,-0.422618261743618,0.));
#3092=CARTESIAN_POINT('',(8.91718923361106,0.987321452147693,1.07));
#3093=VECTOR('',#3094,1.);
#3094=DIRECTION('',(0.422618261743662,0.906307787035269,0.));
#3095=CARTESIAN_POINT('',(11.4028107663889,0.987321452147693,1.07));
#3096=CARTESIAN_POINT('',(11.2709955947282,1.27,1.07));
#3097=VECTOR('',#3098,1.);
#3098=DIRECTION('',(0.422618261743667,-0.906307787035266,0.));
#3099=CARTESIAN_POINT('',(11.4571892336111,0.987321452147693,1.07));
#3100=AXIS2_PLACEMENT_3D('',#3101,#3102,#3103);
#3101=CARTESIAN_POINT('',(11.43,1.,1.07));
#3102=DIRECTION('',(-0.,0.,1.));
#3103=DIRECTION('',(-0.906307787035289,-0.422618261743618,0.));
#3104=CARTESIAN_POINT('',(11.4571892336111,0.987321452147693,1.07));
#3105=VECTOR('',#3106,1.);
#3106=DIRECTION('',(0.422618261743662,0.906307787035268,0.));
#3107=CARTESIAN_POINT('',(13.9428107663889,0.987321452147693,1.07));
#3108=CARTESIAN_POINT('',(13.8109955947282,1.27,1.07));
#3109=VECTOR('',#3110,1.);
#3110=DIRECTION('',(0.422618261743667,-0.906307787035266,0.));
#3111=CARTESIAN_POINT('',(13.9971892336111,0.987321452147693,1.07));
#3112=AXIS2_PLACEMENT_3D('',#3113,#3114,#3115);
#3113=CARTESIAN_POINT('',(13.97,1.,1.07));
#3114=DIRECTION('',(-0.,0.,1.));
#3115=DIRECTION('',(-0.906307787035289,-0.422618261743618,0.));
#3116=CARTESIAN_POINT('',(13.9971892336111,0.987321452147693,1.07));
#3117=VECTOR('',#3118,1.);
#3118=DIRECTION('',(0.422618261743662,0.906307787035269,0.));
#3119=CARTESIAN_POINT('',(16.625,0.969999999999999,1.07));
#3120=CARTESIAN_POINT('',(16.625,0.969999999999999,1.07));
#3121=VECTOR('',#3122,1.);
#3122=DIRECTION('',(-0.422618261740702,0.906307787036649,0.));
#3123=CARTESIAN_POINT('',(16.625,-0.97,1.07));
#3124=CARTESIAN_POINT('',(16.625,-0.97,1.07));
#3125=VECTOR('',#3126,1.);
#3126=DIRECTION('',(0.,1.,0.));
#3127=CARTESIAN_POINT('',(16.4851077025535,-1.27,1.07));
#3128=VECTOR('',#3129,1.);
#3129=DIRECTION('',(0.422618261740702,0.906307787036649,0.));
#3130=CARTESIAN_POINT('',(13.9971892336091,-0.987321452143519,1.07));
#3131=CARTESIAN_POINT('',(14.129004405268,-1.27,1.07));
#3132=VECTOR('',#3133,1.);
#3133=DIRECTION('',(-0.422618261733639,0.906307787039942,0.));
#3134=CARTESIAN_POINT('',(13.9428107663879,-0.987321452149846,1.07));
#3135=AXIS2_PLACEMENT_3D('',#3136,#3137,#3138);
#3136=CARTESIAN_POINT('',(13.97,-1.,1.07));
#3137=DIRECTION('',(0.,-0.,1.));
#3138=DIRECTION('',(0.906307786970433,0.422618261882703,0.));
#3139=CARTESIAN_POINT('',(13.9428107663879,-0.987321452149846,1.07));
#3140=VECTOR('',#3141,1.);
#3141=DIRECTION('',(-0.422618261733638,-0.906307787039943,0.));
#3142=CARTESIAN_POINT('',(11.4571892336091,-0.987321452143519,1.07));
#3143=CARTESIAN_POINT('',(11.589004405268,-1.27,1.07));
#3144=VECTOR('',#3145,1.);
#3145=DIRECTION('',(-0.422618261733639,0.906307787039942,0.));
#3146=CARTESIAN_POINT('',(11.4028107663879,-0.987321452149846,1.07));
#3147=AXIS2_PLACEMENT_3D('',#3148,#3149,#3150);
#3148=CARTESIAN_POINT('',(11.43,-1.,1.07));
#3149=DIRECTION('',(0.,-0.,1.));
#3150=DIRECTION('',(0.906307786970433,0.422618261882703,0.));
#3151=CARTESIAN_POINT('',(11.4028107663879,-0.987321452149846,1.07));
#3152=VECTOR('',#3153,1.);
#3153=DIRECTION('',(-0.422618261733638,-0.906307787039943,0.));
#3154=CARTESIAN_POINT('',(8.91718923360911,-0.987321452143519,1.07));
#3155=CARTESIAN_POINT('',(9.04900440526804,-1.27,1.07));
#3156=VECTOR('',#3157,1.);
#3157=DIRECTION('',(-0.422618261733639,0.906307787039942,0.));
#3158=CARTESIAN_POINT('',(8.86281076638794,-0.987321452149846,1.07));
#3159=AXIS2_PLACEMENT_3D('',#3160,#3161,#3162);
#3160=CARTESIAN_POINT('',(8.89,-1.,1.07));
#3161=DIRECTION('',(0.,-0.,1.));
#3162=DIRECTION('',(0.906307786970433,0.422618261882703,0.));
#3163=CARTESIAN_POINT('',(8.86281076638794,-0.987321452149846,1.07));
#3164=VECTOR('',#3165,1.);
#3165=DIRECTION('',(-0.422618261733638,-0.906307787039943,0.));
#3166=CARTESIAN_POINT('',(6.37718923360911,-0.987321452143519,1.07));
#3167=CARTESIAN_POINT('',(6.50900440526804,-1.27,1.07));
#3168=VECTOR('',#3169,1.);
#3169=DIRECTION('',(-0.422618261733636,0.906307787039943,0.));
#3170=CARTESIAN_POINT('',(6.32281076638794,-0.987321452149846,1.07));
#3171=AXIS2_PLACEMENT_3D('',#3172,#3173,#3174);
#3172=CARTESIAN_POINT('',(6.35,-1.,1.07));
#3173=DIRECTION('',(0.,-0.,1.));
#3174=DIRECTION('',(0.906307786970438,0.422618261882691,0.));
#3175=CARTESIAN_POINT('',(6.32281076638794,-0.987321452149846,1.07));
#3176=VECTOR('',#3177,1.);
#3177=DIRECTION('',(-0.422618261733638,-0.906307787039943,0.));
#3178=CARTESIAN_POINT('',(3.83718923360911,-0.987321452143519,1.07));
#3179=CARTESIAN_POINT('',(3.96900440526804,-1.27,1.07));
#3180=VECTOR('',#3181,1.);
#3181=DIRECTION('',(-0.422618261733638,0.906307787039943,0.));
#3182=CARTESIAN_POINT('',(3.78281076638794,-0.987321452149846,1.07));
#3183=AXIS2_PLACEMENT_3D('',#3184,#3185,#3186);
#3184=CARTESIAN_POINT('',(3.81,-1.,1.07));
#3185=DIRECTION('',(0.,-0.,1.));
#3186=DIRECTION('',(0.906307786970438,0.422618261882691,0.));
#3187=CARTESIAN_POINT('',(3.78281076638794,-0.987321452149846,1.07));
#3188=VECTOR('',#3189,1.);
#3189=DIRECTION('',(-0.422618261733636,-0.906307787039944,0.));
#3190=CARTESIAN_POINT('',(1.29718923360911,-0.987321452143519,1.07));
#3191=CARTESIAN_POINT('',(1.42900440526804,-1.27,1.07));
#3192=VECTOR('',#3193,1.);
#3193=DIRECTION('',(-0.422618261733638,0.906307787039943,0.));
#3194=CARTESIAN_POINT('',(1.24281076638794,-0.987321452149846,1.07));
#3195=AXIS2_PLACEMENT_3D('',#3196,#3197,#3198);
#3196=CARTESIAN_POINT('',(1.27,-1.,1.07));
#3197=DIRECTION('',(0.,-0.,1.));
#3198=DIRECTION('',(0.906307786970437,0.422618261882694,0.));
#3199=CARTESIAN_POINT('',(1.11099559473196,-1.27,1.07));
#3200=CARTESIAN_POINT('',(1.24281076638794,-0.987321452149846,1.07));
#3201=VECTOR('',#3202,1.);
#3202=DIRECTION('',(-0.422618261733637,-0.906307787039943,0.));
#3203=CARTESIAN_POINT('',(-1.2451077025535,-1.27,1.07));
#3204=CARTESIAN_POINT('',(-1.2451077025535,-1.27,1.07));
#3205=VECTOR('',#3206,1.);
#3206=DIRECTION('',(1.,0.,0.));
#3207=CARTESIAN_POINT('',(-1.385,-0.97,1.07));
#3208=CARTESIAN_POINT('',(-1.385,-0.97,1.07));
#3209=VECTOR('',#3210,1.);
#3210=DIRECTION('',(0.422618261740699,-0.90630778703665,0.));
#3211=CARTESIAN_POINT('',(-1.385,0.970000000000001,1.07));
#3212=CARTESIAN_POINT('',(-1.385,0.970000000000001,1.07));
#3213=VECTOR('',#3214,1.);
#3214=DIRECTION('',(-2.28911963840238E-016,-1.,0.));
#3215=CARTESIAN_POINT('',(-1.2451077025535,1.27,1.07));
#3216=CARTESIAN_POINT('',(-1.2451077025535,1.27,1.07));
#3217=VECTOR('',#3218,1.);
#3218=DIRECTION('',(-0.4226182617407,-0.90630778703665,0.));
#3219=CARTESIAN_POINT('',(1.11099559472815,1.27,1.07));
#3220=CARTESIAN_POINT('',(1.11099559472815,1.27,1.07));
#3221=VECTOR('',#3222,1.);
#3222=DIRECTION('',(-1.,0.,0.));
#3223=CARTESIAN_POINT('',(1.24281076638894,0.987321452147693,1.07));
#3224=CARTESIAN_POINT('',(1.11099559472815,1.27,1.07));
#3225=VECTOR('',#3226,1.);
#3226=DIRECTION('',(0.422618261743666,-0.906307787035267,0.));
#3227=CARTESIAN_POINT('',(1.29718923361106,0.987321452147693,1.07));
#3228=AXIS2_PLACEMENT_3D('',#3229,#3230,#3231);
#3229=CARTESIAN_POINT('',(1.27,1.,1.07));
#3230=DIRECTION('',(-0.,0.,1.));
#3231=DIRECTION('',(-0.906307787035285,-0.422618261743626,0.));
#3232=CARTESIAN_POINT('',(1.29718923361106,0.987321452147693,1.07));
#3233=VECTOR('',#3234,1.);
#3234=DIRECTION('',(0.422618261743663,0.906307787035268,0.));
#3235=CARTESIAN_POINT('',(3.78281076638894,0.987321452147693,1.07));
#3236=CARTESIAN_POINT('',(3.65099559472815,1.27,1.07));
#3237=VECTOR('',#3238,1.);
#3238=DIRECTION('',(0.422618261743666,-0.906307787035267,0.));
#3239=AXIS2_PLACEMENT_3D('',#3240,#3241,#3242);
#3240=CARTESIAN_POINT('',(3.81,1.,1.07));
#3241=DIRECTION('',(-0.,0.,1.));
#3242=DIRECTION('',(-0.906307787035284,-0.422618261743629,0.));
#3243=CARTESIAN_POINT('',(0.66,-8.08266887437253E-017,1.07));
#3244=AXIS2_PLACEMENT_3D('',#3245,#3246,#3247);
#3245=CARTESIAN_POINT('',(0.,0.,1.07));
#3246=DIRECTION('',(0.,0.,1.));
#3247=DIRECTION('',(1.,0.,0.));
#3248=CARTESIAN_POINT('',(15.9,-8.08266887437253E-017,1.07));
#3249=AXIS2_PLACEMENT_3D('',#3250,#3251,#3252);
#3250=CARTESIAN_POINT('',(15.24,0.,1.07));
#3251=DIRECTION('',(0.,0.,1.));
#3252=DIRECTION('',(1.,0.,0.));
#3253=CARTESIAN_POINT('',(13.36,-8.08266887437253E-017,1.07));
#3254=AXIS2_PLACEMENT_3D('',#3255,#3256,#3257);
#3255=CARTESIAN_POINT('',(12.7,0.,1.07));
#3256=DIRECTION('',(0.,0.,1.));
#3257=DIRECTION('',(1.,0.,0.));
#3258=CARTESIAN_POINT('',(10.82,-8.08266887437253E-017,1.07));
#3259=AXIS2_PLACEMENT_3D('',#3260,#3261,#3262);
#3260=CARTESIAN_POINT('',(10.16,0.,1.07));
#3261=DIRECTION('',(0.,0.,1.));
#3262=DIRECTION('',(1.,0.,0.));
#3263=CARTESIAN_POINT('',(8.28,-8.08266887437253E-017,1.07));
#3264=AXIS2_PLACEMENT_3D('',#3265,#3266,#3267);
#3265=CARTESIAN_POINT('',(7.62,0.,1.07));
#3266=DIRECTION('',(0.,0.,1.));
#3267=DIRECTION('',(1.,0.,0.));
#3268=CARTESIAN_POINT('',(5.74,-8.08266887437253E-017,1.07));
#3269=AXIS2_PLACEMENT_3D('',#3270,#3271,#3272);
#3270=CARTESIAN_POINT('',(5.08,0.,1.07));
#3271=DIRECTION('',(0.,0.,1.));
#3272=DIRECTION('',(1.,0.,0.));
#3273=CARTESIAN_POINT('',(3.2,-8.08266887437253E-017,1.07));
#3274=AXIS2_PLACEMENT_3D('',#3275,#3276,#3277);
#3275=CARTESIAN_POINT('',(2.54,0.,1.07));
#3276=DIRECTION('',(0.,0.,1.));
#3277=DIRECTION('',(1.,0.,0.));
#3278=CARTESIAN_POINT('',(13.9971892336091,-0.987321452143519,1.07));
#3279=VECTOR('',#3280,1.);
#3280=DIRECTION('',(0.,0.,1.));
#3281=CARTESIAN_POINT('',(13.9428107663879,-0.987321452149846,1.07));
#3282=VECTOR('',#3283,1.);
#3283=DIRECTION('',(0.,0.,1.));
#3284=CARTESIAN_POINT('',(13.9428107663889,0.987321452147694,1.07));
#3285=VECTOR('',#3286,1.);
#3286=DIRECTION('',(0.,0.,1.));
#3287=CARTESIAN_POINT('',(13.9971892336111,0.987321452147693,1.07));
#3288=VECTOR('',#3289,1.);
#3289=DIRECTION('',(0.,0.,1.));
#3290=CARTESIAN_POINT('',(11.4571892336091,-0.987321452143519,1.07));
#3291=VECTOR('',#3292,1.);
#3292=DIRECTION('',(0.,0.,1.));
#3293=CARTESIAN_POINT('',(11.4028107663879,-0.987321452149846,1.07));
#3294=VECTOR('',#3295,1.);
#3295=DIRECTION('',(0.,0.,1.));
#3296=CARTESIAN_POINT('',(11.4028107663889,0.987321452147694,1.07));
#3297=VECTOR('',#3298,1.);
#3298=DIRECTION('',(0.,0.,1.));
#3299=CARTESIAN_POINT('',(11.4571892336111,0.987321452147693,1.07));
#3300=VECTOR('',#3301,1.);
#3301=DIRECTION('',(0.,0.,1.));
#3302=CARTESIAN_POINT('',(8.91718923360911,-0.987321452143519,1.07));
#3303=VECTOR('',#3304,1.);
#3304=DIRECTION('',(0.,0.,1.));
#3305=CARTESIAN_POINT('',(8.86281076638794,-0.987321452149846,1.07));
#3306=VECTOR('',#3307,1.);
#3307=DIRECTION('',(0.,0.,1.));
#3308=CARTESIAN_POINT('',(8.86281076638894,0.987321452147694,1.07));
#3309=VECTOR('',#3310,1.);
#3310=DIRECTION('',(0.,0.,1.));
#3311=CARTESIAN_POINT('',(8.91718923361106,0.987321452147693,1.07));
#3312=VECTOR('',#3313,1.);
#3313=DIRECTION('',(0.,0.,1.));
#3314=CARTESIAN_POINT('',(6.37718923360911,-0.987321452143519,1.07));
#3315=VECTOR('',#3316,1.);
#3316=DIRECTION('',(0.,0.,1.));
#3317=CARTESIAN_POINT('',(6.32281076638794,-0.987321452149846,1.07));
#3318=VECTOR('',#3319,1.);
#3319=DIRECTION('',(0.,0.,1.));
#3320=CARTESIAN_POINT('',(6.32281076638894,0.987321452147694,1.07));
#3321=VECTOR('',#3322,1.);
#3322=DIRECTION('',(0.,0.,1.));
#3323=CARTESIAN_POINT('',(6.37718923361106,0.987321452147693,1.07));
#3324=VECTOR('',#3325,1.);
#3325=DIRECTION('',(0.,0.,1.));
#3326=CARTESIAN_POINT('',(3.83718923360911,-0.987321452143519,1.07));
#3327=VECTOR('',#3328,1.);
#3328=DIRECTION('',(0.,0.,1.));
#3329=CARTESIAN_POINT('',(3.78281076638794,-0.987321452149846,1.07));
#3330=VECTOR('',#3331,1.);
#3331=DIRECTION('',(0.,0.,1.));
#3332=CARTESIAN_POINT('',(3.78281076638894,0.987321452147694,1.07));
#3333=VECTOR('',#3334,1.);
#3334=DIRECTION('',(0.,0.,1.));
#3335=CARTESIAN_POINT('',(3.83718923361106,0.987321452147693,1.07));
#3336=VECTOR('',#3337,1.);
#3337=DIRECTION('',(0.,0.,1.));
#3338=CARTESIAN_POINT('',(1.29718923360911,-0.987321452143519,1.07));
#3339=VECTOR('',#3340,1.);
#3340=DIRECTION('',(0.,0.,1.));
#3341=CARTESIAN_POINT('',(16.625,-0.97,1.07));
#3342=VECTOR('',#3343,1.);
#3343=DIRECTION('',(0.,0.,1.));
#3344=CARTESIAN_POINT('',(1.29718923361106,0.987321452147693,1.07));
#3345=VECTOR('',#3346,1.);
#3346=DIRECTION('',(0.,0.,1.));
#3347=CARTESIAN_POINT('',(16.625,0.969999999999999,1.07));
#3348=VECTOR('',#3349,1.);
#3349=DIRECTION('',(0.,0.,1.));
#3350=CARTESIAN_POINT('',(1.24281076638894,0.987321452147694,1.07));
#3351=VECTOR('',#3352,1.);
#3352=DIRECTION('',(0.,0.,1.));
#3353=CARTESIAN_POINT('',(1.11099559472815,1.27,1.07));
#3354=VECTOR('',#3355,1.);
#3355=DIRECTION('',(0.,0.,1.));
#3356=CARTESIAN_POINT('',(-1.2451077025535,1.27,1.07));
#3357=VECTOR('',#3358,1.);
#3358=DIRECTION('',(0.,0.,1.));
#3359=CARTESIAN_POINT('',(-1.385,0.970000000000001,1.07));
#3360=VECTOR('',#3361,1.);
#3361=DIRECTION('',(0.,0.,1.));
#3362=CARTESIAN_POINT('',(-1.385,-0.97,1.07));
#3363=VECTOR('',#3364,1.);
#3364=DIRECTION('',(0.,0.,1.));
#3365=CARTESIAN_POINT('',(-1.2451077025535,-1.27,1.07));
#3366=VECTOR('',#3367,1.);
#3367=DIRECTION('',(0.,0.,1.));
#3368=CARTESIAN_POINT('',(1.11099559473196,-1.27,2.34));
#3369=VECTOR('',#3370,1.);
#3370=DIRECTION('',(0.,0.,-1.));
#3371=CARTESIAN_POINT('',(1.24281076638794,-0.987321452149846,1.07));
#3372=VECTOR('',#3373,1.);
#3373=DIRECTION('',(0.,0.,1.));
#3374=CARTESIAN_POINT('',(0.,-0.19,-2.74));
#3375=AXIS2_PLACEMENT_3D('',#3376,#3377,#3378);
#3376=CARTESIAN_POINT('',(0.,0.,-2.74));
#3377=DIRECTION('',(-0.,-0.,-1.));
#3378=DIRECTION('',(0.,-1.,0.));
#3379=CARTESIAN_POINT('',(0.,-0.38,-2.55));
#3380=AXIS2_PLACEMENT_3D('',#3381,#3382,#3383);
#3381=CARTESIAN_POINT('',(0.,0.,-2.55));
#3382=DIRECTION('',(-0.,-0.,-1.));
#3383=DIRECTION('',(0.,-1.,0.));
#3384=CARTESIAN_POINT('',(0.,-0.38,0.));
#3385=AXIS2_PLACEMENT_3D('',#3386,#3387,#3388);
#3386=CARTESIAN_POINT('',(0.,0.,0.));
#3387=DIRECTION('',(-0.,-0.,-1.));
#3388=DIRECTION('',(0.,-1.,0.));
#3389=CARTESIAN_POINT('',(0.,-0.66,0.28));
#3390=AXIS2_PLACEMENT_3D('',#3391,#3392,#3393);
#3391=CARTESIAN_POINT('',(0.,0.,0.28));
#3392=DIRECTION('',(-0.,-0.,-1.));
#3393=DIRECTION('',(0.,-1.,0.));
#3394=CARTESIAN_POINT('',(0.,-0.66,1.29287838708185));
#3395=AXIS2_PLACEMENT_3D('',#3396,#3397,#3398);
#3396=CARTESIAN_POINT('',(0.,0.,1.29287838708185));
#3397=DIRECTION('',(-0.,-0.,-1.));
#3398=DIRECTION('',(0.,-1.,0.));
#3399=CARTESIAN_POINT('',(0.,-0.81,1.70500000000004));
#3400=AXIS2_PLACEMENT_3D('',#3401,#3402,#3403);
#3401=CARTESIAN_POINT('',(0.,0.,1.70500000000004));
#3402=DIRECTION('',(-0.,-0.,-1.));
#3403=DIRECTION('',(0.,-1.,0.));
#3404=CARTESIAN_POINT('',(0.,-0.66,1.7050000000001));
#3405=AXIS2_PLACEMENT_3D('',#3406,#3407,#3408);
#3406=CARTESIAN_POINT('',(0.,0.,1.70500000000004));
#3407=DIRECTION('',(-0.,-0.,-1.));
#3408=DIRECTION('',(0.,-1.,0.));
#3409=CARTESIAN_POINT('',(0.,-0.66,2.2400000000001));
#3410=AXIS2_PLACEMENT_3D('',#3411,#3412,#3413);
#3411=CARTESIAN_POINT('',(0.,0.,2.2400000000001));
#3412=DIRECTION('',(-0.,-0.,-1.));
#3413=DIRECTION('',(0.,-1.,0.));
#3414=CARTESIAN_POINT('',(0.,-0.915,2.24));
#3415=AXIS2_PLACEMENT_3D('',#3416,#3417,#3418);
#3416=CARTESIAN_POINT('',(0.,0.,2.2400000000001));
#3417=DIRECTION('',(-0.,-0.,-1.));
#3418=DIRECTION('',(0.,-1.,0.));
#3419=CARTESIAN_POINT('',(0.,-0.915,3.1));
#3420=AXIS2_PLACEMENT_3D('',#3421,#3422,#3423);
#3421=CARTESIAN_POINT('',(0.,0.,3.1));
#3422=DIRECTION('',(-0.,-0.,-1.));
#3423=DIRECTION('',(0.,-1.,0.));
#3424=CARTESIAN_POINT('',(0.,-0.634191070279899,3.10000000000011));
#3425=AXIS2_PLACEMENT_3D('',#3426,#3427,#3428);
#3426=CARTESIAN_POINT('',(0.,0.,3.1));
#3427=DIRECTION('',(-0.,-0.,-1.));
#3428=DIRECTION('',(0.,-1.,0.));
#3429=CARTESIAN_POINT('',(0.,-0.525,2.8));
#3430=AXIS2_PLACEMENT_3D('',#3431,#3432,#3433);
#3431=CARTESIAN_POINT('',(0.,0.,2.8));
#3432=DIRECTION('',(0.,-0.,-1.));
#3433=DIRECTION('',(0.,-1.,0.));
#3434=CARTESIAN_POINT('',(0.,-0.525,2.3));
#3435=AXIS2_PLACEMENT_3D('',#3436,#3437,#3438);
#3436=CARTESIAN_POINT('',(0.,0.,2.3));
#3437=DIRECTION('',(0.,-0.,-1.));
#3438=DIRECTION('',(0.,-1.,0.));
#3439=CARTESIAN_POINT('',(0.,-0.225,0.7));
#3440=AXIS2_PLACEMENT_3D('',#3441,#3442,#3443);
#3441=CARTESIAN_POINT('',(0.,0.,0.7));
#3442=DIRECTION('',(-0.,-0.,-1.));
#3443=DIRECTION('',(0.,-1.,0.));
#3444=CARTESIAN_POINT('',(0.,-0.525,0.7));
#3445=AXIS2_PLACEMENT_3D('',#3446,#3447,#3448);
#3446=CARTESIAN_POINT('',(0.,0.,0.7));
#3447=DIRECTION('',(-0.,-0.,-1.));
#3448=DIRECTION('',(0.,-1.,0.));
#3449=CARTESIAN_POINT('',(0.,-0.525,0.450215154761267));
#3450=AXIS2_PLACEMENT_3D('',#3451,#3452,#3453);
#3451=CARTESIAN_POINT('',(0.,0.,0.45021515475689));
#3452=DIRECTION('',(0.,-0.,-1.));
#3453=DIRECTION('',(0.,-1.,0.));
#3454=CARTESIAN_POINT('',(0.,-0.275,0.3));
#3455=AXIS2_PLACEMENT_3D('',#3456,#3457,#3458);
#3456=CARTESIAN_POINT('',(0.,0.,0.3));
#3457=DIRECTION('',(0.,-0.,-1.));
#3458=DIRECTION('',(0.,-1.,0.));
#3459=CARTESIAN_POINT('',(0.,-0.275,-1.6));
#3460=AXIS2_PLACEMENT_3D('',#3461,#3462,#3463);
#3461=CARTESIAN_POINT('',(0.,0.,-1.6));
#3462=DIRECTION('',(0.,-0.,-1.));
#3463=DIRECTION('',(0.,-1.,0.));
#3464=CARTESIAN_POINT('',(0.,-0.03,-1.74721085166175));
#3465=AXIS2_PLACEMENT_3D('',#3466,#3467,#3468);
#3466=CARTESIAN_POINT('',(0.,0.,-1.74721085166175));
#3467=DIRECTION('',(-0.,-0.,-1.));
#3468=DIRECTION('',(0.,-1.,0.));
ENDSEC;
END-ISO-10303-21;
