ISO-10303-21;
HEADER;
FILE_DESCRIPTION(('STEP AP214'),
    '1');
FILE_NAME('SL-105-TT-11',
    '2020-03-30T23:14:59',
    ('AF'),
    (''),
    'UNSPECIFIED',
    'UNSPECIFIED',
    '');
/*Based on Samtec Inc. SL, SDL series datasheet*/
FILE_SCHEMA(('AUTOMOTIVE_DESIGN { 1 0 10303 214 3 1 1}'));
ENDSEC;

DATA;
#1=SHAPE_REPRESENTATION('NONE',(#2,#58,#121,#147,#173,#199,#225,#251,#277,#303,#329),
#6);
#2=AXIS2_PLACEMENT_3D('',#3,#4,#5);
#3=CARTESIAN_POINT('',(0.,0.,0.));
#4=DIRECTION('',(0.,0.,1.));
#5=DIRECTION('',(1.,0.,0.));
#6=(GEOMETRIC_REPRESENTATION_CONTEXT(3)GLOBAL_UNCERTAINTY_ASSIGNED_CONTEXT((#8))
GLOBAL_UNIT_ASSIGNED_CONTEXT((#7,#9,#10))REPRESENTATION_CONTEXT('NONE','NONE'));
#7=(LENGTH_UNIT()NAMED_UNIT(*)SI_UNIT(.MILLI.,.METRE.));
#8=UNCERTAINTY_MEASURE_WITH_UNIT(LENGTH_MEASURE(1.E-005),#7,'NONE','NONE');
#9=(NAMED_UNIT(*)PLANE_ANGLE_UNIT()SI_UNIT($,.RADIAN.));
#10=(NAMED_UNIT(*)SI_UNIT($,.STERADIAN.)SOLID_ANGLE_UNIT());
#11=SHAPE_DEFINITION_REPRESENTATION(#12,#1);
#12=PRODUCT_DEFINITION_SHAPE('NONE','NONE',#13);
#13=PRODUCT_DEFINITION('','UNSPECIFIED',#14,#22);
#14=PRODUCT_DEFINITION_FORMATION_WITH_SPECIFIED_SOURCE('ANY','UNSPECIFIED',#15,.NOT_KNOWN.);
#15=PRODUCT('','SL-110-TT-11','Based on Samtec Inc. SL, SDL series datasheet',(#25));
#16=PERSON('UNSPECIFIED','AF','UNSPECIFIED',('UNSPECIFIED'),('UNSPECIFIED'),
('UNSPECIFIED'));
#17=ORGANIZATION('UNSPECIFIED','UNSPECIFIED','UNSPECIFIED');
#18=PERSON_AND_ORGANIZATION(#16,#17);
#19=PERSON_AND_ORGANIZATION_ROLE('design_owner');
#20=CC_DESIGN_PERSON_AND_ORGANIZATION_ASSIGNMENT(#18,#19,(#15));
#21=PRODUCT_RELATED_PRODUCT_CATEGORY('assembly','',(#15));
#22=DESIGN_CONTEXT('detailed design',#23,'design');
#23=APPLICATION_CONTEXT('configuration controlled 3d designs of mechanical parts and assemblies');
#24=APPLICATION_PROTOCOL_DEFINITION('international standard','automotive_design',
2011,#23);
#25=PRODUCT_CONTEXT('NONE',#23,'mechanical');
#26=CC_DESIGN_DATE_AND_TIME_ASSIGNMENT(#27,#31,(#13));
#27=DATE_AND_TIME(#28,#29);
#28=CALENDAR_DATE(0,1,1);
#29=LOCAL_TIME(0,0,0.,#30);
#30=COORDINATED_UNIVERSAL_TIME_OFFSET(0,0,.AHEAD.);
#31=DATE_TIME_ROLE('creation_date');
#32=CC_DESIGN_APPROVAL(#33,(#13));
#33=APPROVAL(#34,'UNSPECIFIED');
#34=APPROVAL_STATUS('not_yet_approved');
#35=APPROVAL_DATE_TIME(#36,#33);
#36=DATE_AND_TIME(#37,#38);
#37=CALENDAR_DATE(0,1,1);
#38=LOCAL_TIME(0,0,0.,#39);
#39=COORDINATED_UNIVERSAL_TIME_OFFSET(0,0,.AHEAD.);
#40=DERIVED_UNIT((#44,#41));
#41=DERIVED_UNIT_ELEMENT(#42,-1.);
#42=VOLUME_UNIT(#43);
#43=DIMENSIONAL_EXPONENTS(3.,0.,0.,0.,0.,0.,0.);
#44=(DERIVED_UNIT_ELEMENT($,-1.)NAMED_UNIT($)MASS_UNIT()SI_UNIT($,.GRAM.));
#45=MANIFOLD_SOLID_BREP('',#46);
#46=CLOSED_SHELL('',(#355,#364,#373,#382,#391,#400,#409,#418,#427,#436,#445,#454,
#463,#472,#481,#490,#499,#508,#517,#526,#535,#544,#553,#562,#571,#580,#589,#598,
#607,#616,#625,#634,#643,#652,#661,#670,#679,#688,#697,#706,#715,#724,#733,#742,
#751,#760,#769,#778,#787,#796,#805,#814,#823,#832,#841,#850,#859,#868,#877,#886,
#895,#904,#913,#922,#931,#940,#949,#958,#967,#976,#985,#994,#1003,#1012,#1021,#1030,
#1039,#1048,#1057,#1066,#1075,#1084,#1093,#1102,#1111,#1120,#1129,#1138,#1147,#1156,
#1165,#1174));
#47=COLOUR_RGB($,0.156862745098039,0.156862745098039,0.156862745098039);
#48=FILL_AREA_STYLE_COLOUR($,#47);
#49=FILL_AREA_STYLE($,(#48));
#50=SURFACE_STYLE_FILL_AREA(#49);
#51=SURFACE_SIDE_STYLE('',(#50));
#52=SURFACE_STYLE_USAGE(.BOTH.,#51);
#53=PRESENTATION_STYLE_ASSIGNMENT((#52));
#54=MECHANICAL_DESIGN_GEOMETRIC_PRESENTATION_REPRESENTATION('NONE',(#55,#96,#363,
#372,#381,#390,#399,#408,#417,#426,#435,#444,#453,#462,#471,#480,#489,#498,#507,
#516,#525,#534,#543,#552,#561,#570,#579,#588,#597,#606,#615,#624,#633,#642,#651,
#660,#669,#678,#687,#696,#705,#714,#723,#732,#741,#750,#759,#768,#777,#786,#795,
#804,#813,#822,#831,#840,#849,#858,#867,#876,#885,#894,#903,#912,#921,#930,#939,
#948,#957,#966,#975,#984,#993,#1002,#1011,#1020,#1029,#1038,#1047,#1056,#1065,#1074,
#1083,#1092,#1101,#1110,#1119,#1128,#1137,#1146,#1155,#1164,#1173,#1182,#1191,#1200,
#1209,#1218,#1227,#1236,#1245,#1254,#1263,#1272,#1281,#1290,#1299,#1308,#1317,#1326,
#1335,#1344),#6);
#55=STYLED_ITEM('',(#53),#45);
#56=ADVANCED_BREP_SHAPE_REPRESENTATION('NONE',(#45),#6);
#57=SHAPE_REPRESENTATION_RELATIONSHIP('','',#1,#56);
#58=AXIS2_PLACEMENT_3D('',#59,#60,#61);
#59=CARTESIAN_POINT('',(0.,0.,0.));
#60=DIRECTION('',(0.,0.,1.));
#61=DIRECTION('',(1.,0.,0.));
#62=SHAPE_REPRESENTATION('NONE',(#2),#6);
#63=SHAPE_DEFINITION_REPRESENTATION(#64,#62);
#64=PRODUCT_DEFINITION_SHAPE('NONE','NONE',#65);
#65=PRODUCT_DEFINITION('','UNSPECIFIED',#66,#69);
#66=PRODUCT_DEFINITION_FORMATION_WITH_SPECIFIED_SOURCE('ANY','UNSPECIFIED',#67,.NOT_KNOWN.);
#67=PRODUCT('','SxL-1xx-TT-11-pin','Based on Samtec Inc. SL, SDL series datasheet',
(#72));
#68=PRODUCT_RELATED_PRODUCT_CATEGORY('detail','',(#67));
#69=DESIGN_CONTEXT('detailed design',#70,'design');
#70=APPLICATION_CONTEXT('configuration controlled 3d designs of mechanical parts and assemblies');
#71=APPLICATION_PROTOCOL_DEFINITION('international standard','automotive_design',
2011,#70);
#72=PRODUCT_CONTEXT('NONE',#70,'mechanical');
#73=CC_DESIGN_DATE_AND_TIME_ASSIGNMENT(#74,#78,(#65));
#74=DATE_AND_TIME(#75,#76);
#75=CALENDAR_DATE(0,1,1);
#76=LOCAL_TIME(0,0,0.,#77);
#77=COORDINATED_UNIVERSAL_TIME_OFFSET(0,0,.AHEAD.);
#78=DATE_TIME_ROLE('creation_date');
#79=CC_DESIGN_APPROVAL(#80,(#65));
#80=APPROVAL(#81,'UNSPECIFIED');
#81=APPROVAL_STATUS('not_yet_approved');
#82=APPROVAL_DATE_TIME(#83,#80);
#83=DATE_AND_TIME(#84,#85);
#84=CALENDAR_DATE(0,1,1);
#85=LOCAL_TIME(0,0,0.,#86);
#86=COORDINATED_UNIVERSAL_TIME_OFFSET(0,0,.AHEAD.);
#87=MANIFOLD_SOLID_BREP('',#88);
#88=CLOSED_SHELL('',(#1183,#1192,#1201,#1210,#1219,#1228,#1237,#1246,#1255,#1264,
#1273,#1282,#1291,#1300,#1309,#1318,#1327,#1336));
#89=COLOUR_RGB($,0.827450980392157,0.831372549019608,0.835294117647059);
#90=FILL_AREA_STYLE_COLOUR($,#89);
#91=FILL_AREA_STYLE($,(#90));
#92=SURFACE_STYLE_FILL_AREA(#91);
#93=SURFACE_SIDE_STYLE('',(#92));
#94=SURFACE_STYLE_USAGE(.BOTH.,#93);
#95=PRESENTATION_STYLE_ASSIGNMENT((#94));
#96=STYLED_ITEM('',(#95),#87);
#97=ADVANCED_BREP_SHAPE_REPRESENTATION('NONE',(#87),#6);
#98=SHAPE_REPRESENTATION_RELATIONSHIP('','',#62,#97);
#99=ITEM_DEFINED_TRANSFORMATION('','',#2,#58);
#100=(REPRESENTATION_RELATIONSHIP('','',#62,#1)REPRESENTATION_RELATIONSHIP_WITH_TRANSFORMATION(
#99)SHAPE_REPRESENTATION_RELATIONSHIP());
#101=NEXT_ASSEMBLY_USAGE_OCCURRENCE('1','','',#13,#65,$);
#102=CC_DESIGN_SECURITY_CLASSIFICATION(#103,(#101));
#103=SECURITY_CLASSIFICATION('','',#104);
#104=SECURITY_CLASSIFICATION_LEVEL('unclassified');
#105=CC_DESIGN_DATE_AND_TIME_ASSIGNMENT(#106,#110,(#103));
#106=DATE_AND_TIME(#107,#108);
#107=CALENDAR_DATE(0,1,1);
#108=LOCAL_TIME(0,0,0.,#109);
#109=COORDINATED_UNIVERSAL_TIME_OFFSET(0,0,.AHEAD.);
#110=DATE_TIME_ROLE('classification_date');
#111=CC_DESIGN_APPROVAL(#112,(#103));
#112=APPROVAL(#113,'UNSPECIFIED');
#113=APPROVAL_STATUS('not_yet_approved');
#114=APPROVAL_DATE_TIME(#115,#112);
#115=DATE_AND_TIME(#116,#117);
#116=CALENDAR_DATE(0,1,1);
#117=LOCAL_TIME(0,0,0.,#118);
#118=COORDINATED_UNIVERSAL_TIME_OFFSET(0,0,.AHEAD.);
#119=PRODUCT_DEFINITION_SHAPE('NONE','NONE',#101);
#120=CONTEXT_DEPENDENT_SHAPE_REPRESENTATION(#100,#119);
#121=AXIS2_PLACEMENT_3D('',#122,#123,#124);
#122=CARTESIAN_POINT('',(2.54,0.,0.));
#123=DIRECTION('',(0.,0.,1.));
#124=DIRECTION('',(1.,0.,0.));
#125=ITEM_DEFINED_TRANSFORMATION('','',#2,#121);
#126=(REPRESENTATION_RELATIONSHIP('','',#62,#1)REPRESENTATION_RELATIONSHIP_WITH_TRANSFORMATION(
#125)SHAPE_REPRESENTATION_RELATIONSHIP());
#127=NEXT_ASSEMBLY_USAGE_OCCURRENCE('2','','',#13,#65,$);
#128=CC_DESIGN_SECURITY_CLASSIFICATION(#129,(#127));
#129=SECURITY_CLASSIFICATION('','',#130);
#130=SECURITY_CLASSIFICATION_LEVEL('unclassified');
#131=CC_DESIGN_DATE_AND_TIME_ASSIGNMENT(#132,#136,(#129));
#132=DATE_AND_TIME(#133,#134);
#133=CALENDAR_DATE(0,1,1);
#134=LOCAL_TIME(0,0,0.,#135);
#135=COORDINATED_UNIVERSAL_TIME_OFFSET(0,0,.AHEAD.);
#136=DATE_TIME_ROLE('classification_date');
#137=CC_DESIGN_APPROVAL(#138,(#129));
#138=APPROVAL(#139,'UNSPECIFIED');
#139=APPROVAL_STATUS('not_yet_approved');
#140=APPROVAL_DATE_TIME(#141,#138);
#141=DATE_AND_TIME(#142,#143);
#142=CALENDAR_DATE(0,1,1);
#143=LOCAL_TIME(0,0,0.,#144);
#144=COORDINATED_UNIVERSAL_TIME_OFFSET(0,0,.AHEAD.);
#145=PRODUCT_DEFINITION_SHAPE('NONE','NONE',#127);
#146=CONTEXT_DEPENDENT_SHAPE_REPRESENTATION(#126,#145);
#147=AXIS2_PLACEMENT_3D('',#148,#149,#150);
#148=CARTESIAN_POINT('',(5.08,0.,0.));
#149=DIRECTION('',(0.,0.,1.));
#150=DIRECTION('',(1.,0.,0.));
#151=ITEM_DEFINED_TRANSFORMATION('','',#2,#147);
#152=(REPRESENTATION_RELATIONSHIP('','',#62,#1)REPRESENTATION_RELATIONSHIP_WITH_TRANSFORMATION(
#151)SHAPE_REPRESENTATION_RELATIONSHIP());
#153=NEXT_ASSEMBLY_USAGE_OCCURRENCE('3','','',#13,#65,$);
#154=CC_DESIGN_SECURITY_CLASSIFICATION(#155,(#153));
#155=SECURITY_CLASSIFICATION('','',#156);
#156=SECURITY_CLASSIFICATION_LEVEL('unclassified');
#157=CC_DESIGN_DATE_AND_TIME_ASSIGNMENT(#158,#162,(#155));
#158=DATE_AND_TIME(#159,#160);
#159=CALENDAR_DATE(0,1,1);
#160=LOCAL_TIME(0,0,0.,#161);
#161=COORDINATED_UNIVERSAL_TIME_OFFSET(0,0,.AHEAD.);
#162=DATE_TIME_ROLE('classification_date');
#163=CC_DESIGN_APPROVAL(#164,(#155));
#164=APPROVAL(#165,'UNSPECIFIED');
#165=APPROVAL_STATUS('not_yet_approved');
#166=APPROVAL_DATE_TIME(#167,#164);
#167=DATE_AND_TIME(#168,#169);
#168=CALENDAR_DATE(0,1,1);
#169=LOCAL_TIME(0,0,0.,#170);
#170=COORDINATED_UNIVERSAL_TIME_OFFSET(0,0,.AHEAD.);
#171=PRODUCT_DEFINITION_SHAPE('NONE','NONE',#153);
#172=CONTEXT_DEPENDENT_SHAPE_REPRESENTATION(#152,#171);
#173=AXIS2_PLACEMENT_3D('',#174,#175,#176);
#174=CARTESIAN_POINT('',(7.62,0.,0.));
#175=DIRECTION('',(0.,0.,1.));
#176=DIRECTION('',(1.,0.,0.));
#177=ITEM_DEFINED_TRANSFORMATION('','',#2,#173);
#178=(REPRESENTATION_RELATIONSHIP('','',#62,#1)REPRESENTATION_RELATIONSHIP_WITH_TRANSFORMATION(
#177)SHAPE_REPRESENTATION_RELATIONSHIP());
#179=NEXT_ASSEMBLY_USAGE_OCCURRENCE('4','','',#13,#65,$);
#180=CC_DESIGN_SECURITY_CLASSIFICATION(#181,(#179));
#181=SECURITY_CLASSIFICATION('','',#182);
#182=SECURITY_CLASSIFICATION_LEVEL('unclassified');
#183=CC_DESIGN_DATE_AND_TIME_ASSIGNMENT(#184,#188,(#181));
#184=DATE_AND_TIME(#185,#186);
#185=CALENDAR_DATE(0,1,1);
#186=LOCAL_TIME(0,0,0.,#187);
#187=COORDINATED_UNIVERSAL_TIME_OFFSET(0,0,.AHEAD.);
#188=DATE_TIME_ROLE('classification_date');
#189=CC_DESIGN_APPROVAL(#190,(#181));
#190=APPROVAL(#191,'UNSPECIFIED');
#191=APPROVAL_STATUS('not_yet_approved');
#192=APPROVAL_DATE_TIME(#193,#190);
#193=DATE_AND_TIME(#194,#195);
#194=CALENDAR_DATE(0,1,1);
#195=LOCAL_TIME(0,0,0.,#196);
#196=COORDINATED_UNIVERSAL_TIME_OFFSET(0,0,.AHEAD.);
#197=PRODUCT_DEFINITION_SHAPE('NONE','NONE',#179);
#198=CONTEXT_DEPENDENT_SHAPE_REPRESENTATION(#178,#197);
#199=AXIS2_PLACEMENT_3D('',#200,#201,#202);
#200=CARTESIAN_POINT('',(10.16,0.,0.));
#201=DIRECTION('',(0.,0.,1.));
#202=DIRECTION('',(1.,0.,0.));
#203=ITEM_DEFINED_TRANSFORMATION('','',#2,#199);
#204=(REPRESENTATION_RELATIONSHIP('','',#62,#1)REPRESENTATION_RELATIONSHIP_WITH_TRANSFORMATION(
#203)SHAPE_REPRESENTATION_RELATIONSHIP());
#205=NEXT_ASSEMBLY_USAGE_OCCURRENCE('5','','',#13,#65,$);
#206=CC_DESIGN_SECURITY_CLASSIFICATION(#207,(#205));
#207=SECURITY_CLASSIFICATION('','',#208);
#208=SECURITY_CLASSIFICATION_LEVEL('unclassified');
#209=CC_DESIGN_DATE_AND_TIME_ASSIGNMENT(#210,#214,(#207));
#210=DATE_AND_TIME(#211,#212);
#211=CALENDAR_DATE(0,1,1);
#212=LOCAL_TIME(0,0,0.,#213);
#213=COORDINATED_UNIVERSAL_TIME_OFFSET(0,0,.AHEAD.);
#214=DATE_TIME_ROLE('classification_date');
#215=CC_DESIGN_APPROVAL(#216,(#207));
#216=APPROVAL(#217,'UNSPECIFIED');
#217=APPROVAL_STATUS('not_yet_approved');
#218=APPROVAL_DATE_TIME(#219,#216);
#219=DATE_AND_TIME(#220,#221);
#220=CALENDAR_DATE(0,1,1);
#221=LOCAL_TIME(0,0,0.,#222);
#222=COORDINATED_UNIVERSAL_TIME_OFFSET(0,0,.AHEAD.);
#223=PRODUCT_DEFINITION_SHAPE('NONE','NONE',#205);
#224=CONTEXT_DEPENDENT_SHAPE_REPRESENTATION(#204,#223);
#225=AXIS2_PLACEMENT_3D('',#226,#227,#228);
#226=CARTESIAN_POINT('',(12.7,0.,0.));
#227=DIRECTION('',(0.,0.,1.));
#228=DIRECTION('',(1.,0.,0.));
#229=ITEM_DEFINED_TRANSFORMATION('','',#2,#225);
#230=(REPRESENTATION_RELATIONSHIP('','',#62,#1)REPRESENTATION_RELATIONSHIP_WITH_TRANSFORMATION(
#229)SHAPE_REPRESENTATION_RELATIONSHIP());
#231=NEXT_ASSEMBLY_USAGE_OCCURRENCE('6','','',#13,#65,$);
#232=CC_DESIGN_SECURITY_CLASSIFICATION(#233,(#231));
#233=SECURITY_CLASSIFICATION('','',#234);
#234=SECURITY_CLASSIFICATION_LEVEL('unclassified');
#235=CC_DESIGN_DATE_AND_TIME_ASSIGNMENT(#236,#240,(#233));
#236=DATE_AND_TIME(#237,#238);
#237=CALENDAR_DATE(0,1,1);
#238=LOCAL_TIME(0,0,0.,#239);
#239=COORDINATED_UNIVERSAL_TIME_OFFSET(0,0,.AHEAD.);
#240=DATE_TIME_ROLE('classification_date');
#241=CC_DESIGN_APPROVAL(#242,(#233));
#242=APPROVAL(#243,'UNSPECIFIED');
#243=APPROVAL_STATUS('not_yet_approved');
#244=APPROVAL_DATE_TIME(#245,#242);
#245=DATE_AND_TIME(#246,#247);
#246=CALENDAR_DATE(0,1,1);
#247=LOCAL_TIME(0,0,0.,#248);
#248=COORDINATED_UNIVERSAL_TIME_OFFSET(0,0,.AHEAD.);
#249=PRODUCT_DEFINITION_SHAPE('NONE','NONE',#231);
#250=CONTEXT_DEPENDENT_SHAPE_REPRESENTATION(#230,#249);
#251=AXIS2_PLACEMENT_3D('',#252,#253,#254);
#252=CARTESIAN_POINT('',(15.24,0.,0.));
#253=DIRECTION('',(0.,0.,1.));
#254=DIRECTION('',(1.,0.,0.));
#255=ITEM_DEFINED_TRANSFORMATION('','',#2,#251);
#256=(REPRESENTATION_RELATIONSHIP('','',#62,#1)REPRESENTATION_RELATIONSHIP_WITH_TRANSFORMATION(
#255)SHAPE_REPRESENTATION_RELATIONSHIP());
#257=NEXT_ASSEMBLY_USAGE_OCCURRENCE('7','','',#13,#65,$);
#258=CC_DESIGN_SECURITY_CLASSIFICATION(#259,(#257));
#259=SECURITY_CLASSIFICATION('','',#260);
#260=SECURITY_CLASSIFICATION_LEVEL('unclassified');
#261=CC_DESIGN_DATE_AND_TIME_ASSIGNMENT(#262,#266,(#259));
#262=DATE_AND_TIME(#263,#264);
#263=CALENDAR_DATE(0,1,1);
#264=LOCAL_TIME(0,0,0.,#265);
#265=COORDINATED_UNIVERSAL_TIME_OFFSET(0,0,.AHEAD.);
#266=DATE_TIME_ROLE('classification_date');
#267=CC_DESIGN_APPROVAL(#268,(#259));
#268=APPROVAL(#269,'UNSPECIFIED');
#269=APPROVAL_STATUS('not_yet_approved');
#270=APPROVAL_DATE_TIME(#271,#268);
#271=DATE_AND_TIME(#272,#273);
#272=CALENDAR_DATE(0,1,1);
#273=LOCAL_TIME(0,0,0.,#274);
#274=COORDINATED_UNIVERSAL_TIME_OFFSET(0,0,.AHEAD.);
#275=PRODUCT_DEFINITION_SHAPE('NONE','NONE',#257);
#276=CONTEXT_DEPENDENT_SHAPE_REPRESENTATION(#256,#275);
#277=AXIS2_PLACEMENT_3D('',#278,#279,#280);
#278=CARTESIAN_POINT('',(17.78,0.,0.));
#279=DIRECTION('',(0.,0.,1.));
#280=DIRECTION('',(1.,0.,0.));
#281=ITEM_DEFINED_TRANSFORMATION('','',#2,#277);
#282=(REPRESENTATION_RELATIONSHIP('','',#62,#1)REPRESENTATION_RELATIONSHIP_WITH_TRANSFORMATION(
#281)SHAPE_REPRESENTATION_RELATIONSHIP());
#283=NEXT_ASSEMBLY_USAGE_OCCURRENCE('8','','',#13,#65,$);
#284=CC_DESIGN_SECURITY_CLASSIFICATION(#285,(#283));
#285=SECURITY_CLASSIFICATION('','',#286);
#286=SECURITY_CLASSIFICATION_LEVEL('unclassified');
#287=CC_DESIGN_DATE_AND_TIME_ASSIGNMENT(#288,#292,(#285));
#288=DATE_AND_TIME(#289,#290);
#289=CALENDAR_DATE(0,1,1);
#290=LOCAL_TIME(0,0,0.,#291);
#291=COORDINATED_UNIVERSAL_TIME_OFFSET(0,0,.AHEAD.);
#292=DATE_TIME_ROLE('classification_date');
#293=CC_DESIGN_APPROVAL(#294,(#285));
#294=APPROVAL(#295,'UNSPECIFIED');
#295=APPROVAL_STATUS('not_yet_approved');
#296=APPROVAL_DATE_TIME(#297,#294);
#297=DATE_AND_TIME(#298,#299);
#298=CALENDAR_DATE(0,1,1);
#299=LOCAL_TIME(0,0,0.,#300);
#300=COORDINATED_UNIVERSAL_TIME_OFFSET(0,0,.AHEAD.);
#301=PRODUCT_DEFINITION_SHAPE('NONE','NONE',#283);
#302=CONTEXT_DEPENDENT_SHAPE_REPRESENTATION(#282,#301);
#303=AXIS2_PLACEMENT_3D('',#304,#305,#306);
#304=CARTESIAN_POINT('',(20.32,0.,0.));
#305=DIRECTION('',(0.,0.,1.));
#306=DIRECTION('',(1.,0.,0.));
#307=ITEM_DEFINED_TRANSFORMATION('','',#2,#303);
#308=(REPRESENTATION_RELATIONSHIP('','',#62,#1)REPRESENTATION_RELATIONSHIP_WITH_TRANSFORMATION(
#307)SHAPE_REPRESENTATION_RELATIONSHIP());
#309=NEXT_ASSEMBLY_USAGE_OCCURRENCE('9','','',#13,#65,$);
#310=CC_DESIGN_SECURITY_CLASSIFICATION(#311,(#309));
#311=SECURITY_CLASSIFICATION('','',#312);
#312=SECURITY_CLASSIFICATION_LEVEL('unclassified');
#313=CC_DESIGN_DATE_AND_TIME_ASSIGNMENT(#314,#318,(#311));
#314=DATE_AND_TIME(#315,#316);
#315=CALENDAR_DATE(0,1,1);
#316=LOCAL_TIME(0,0,0.,#317);
#317=COORDINATED_UNIVERSAL_TIME_OFFSET(0,0,.AHEAD.);
#318=DATE_TIME_ROLE('classification_date');
#319=CC_DESIGN_APPROVAL(#320,(#311));
#320=APPROVAL(#321,'UNSPECIFIED');
#321=APPROVAL_STATUS('not_yet_approved');
#322=APPROVAL_DATE_TIME(#323,#320);
#323=DATE_AND_TIME(#324,#325);
#324=CALENDAR_DATE(0,1,1);
#325=LOCAL_TIME(0,0,0.,#326);
#326=COORDINATED_UNIVERSAL_TIME_OFFSET(0,0,.AHEAD.);
#327=PRODUCT_DEFINITION_SHAPE('NONE','NONE',#309);
#328=CONTEXT_DEPENDENT_SHAPE_REPRESENTATION(#308,#327);
#329=AXIS2_PLACEMENT_3D('',#330,#331,#332);
#330=CARTESIAN_POINT('',(22.86,0.,0.));
#331=DIRECTION('',(0.,0.,1.));
#332=DIRECTION('',(1.,0.,0.));
#333=ITEM_DEFINED_TRANSFORMATION('','',#2,#329);
#334=(REPRESENTATION_RELATIONSHIP('','',#62,#1)REPRESENTATION_RELATIONSHIP_WITH_TRANSFORMATION(
#333)SHAPE_REPRESENTATION_RELATIONSHIP());
#335=NEXT_ASSEMBLY_USAGE_OCCURRENCE('10','','',#13,#65,$);
#336=CC_DESIGN_SECURITY_CLASSIFICATION(#337,(#335));
#337=SECURITY_CLASSIFICATION('','',#338);
#338=SECURITY_CLASSIFICATION_LEVEL('unclassified');
#339=CC_DESIGN_DATE_AND_TIME_ASSIGNMENT(#340,#344,(#337));
#340=DATE_AND_TIME(#341,#342);
#341=CALENDAR_DATE(0,1,1);
#342=LOCAL_TIME(0,0,0.,#343);
#343=COORDINATED_UNIVERSAL_TIME_OFFSET(0,0,.AHEAD.);
#344=DATE_TIME_ROLE('classification_date');
#345=CC_DESIGN_APPROVAL(#346,(#337));
#346=APPROVAL(#347,'UNSPECIFIED');
#347=APPROVAL_STATUS('not_yet_approved');
#348=APPROVAL_DATE_TIME(#349,#346);
#349=DATE_AND_TIME(#350,#351);
#350=CALENDAR_DATE(0,1,1);
#351=LOCAL_TIME(0,0,0.,#352);
#352=COORDINATED_UNIVERSAL_TIME_OFFSET(0,0,.AHEAD.);
#353=PRODUCT_DEFINITION_SHAPE('NONE','NONE',#335);
#354=CONTEXT_DEPENDENT_SHAPE_REPRESENTATION(#334,#353);
#355=ADVANCED_FACE('',(#1345),#1347,.T.);
#356=COLOUR_RGB($,0.156862745098039,0.156862745098039,0.156862745098039);
#357=FILL_AREA_STYLE_COLOUR($,#356);
#358=FILL_AREA_STYLE($,(#357));
#359=SURFACE_STYLE_FILL_AREA(#358);
#360=SURFACE_SIDE_STYLE('',(#359));
#361=SURFACE_STYLE_USAGE(.BOTH.,#360);
#362=PRESENTATION_STYLE_ASSIGNMENT((#361));
#363=STYLED_ITEM('',(#362),#355);
#364=ADVANCED_FACE('',(#1352),#1354,.T.);
#365=COLOUR_RGB($,0.156862745098039,0.156862745098039,0.156862745098039);
#366=FILL_AREA_STYLE_COLOUR($,#365);
#367=FILL_AREA_STYLE($,(#366));
#368=SURFACE_STYLE_FILL_AREA(#367);
#369=SURFACE_SIDE_STYLE('',(#368));
#370=SURFACE_STYLE_USAGE(.BOTH.,#369);
#371=PRESENTATION_STYLE_ASSIGNMENT((#370));
#372=STYLED_ITEM('',(#371),#364);
#373=ADVANCED_FACE('',(#1359),#1361,.T.);
#374=COLOUR_RGB($,0.156862745098039,0.156862745098039,0.156862745098039);
#375=FILL_AREA_STYLE_COLOUR($,#374);
#376=FILL_AREA_STYLE($,(#375));
#377=SURFACE_STYLE_FILL_AREA(#376);
#378=SURFACE_SIDE_STYLE('',(#377));
#379=SURFACE_STYLE_USAGE(.BOTH.,#378);
#380=PRESENTATION_STYLE_ASSIGNMENT((#379));
#381=STYLED_ITEM('',(#380),#373);
#382=ADVANCED_FACE('',(#1366),#1368,.T.);
#383=COLOUR_RGB($,0.156862745098039,0.156862745098039,0.156862745098039);
#384=FILL_AREA_STYLE_COLOUR($,#383);
#385=FILL_AREA_STYLE($,(#384));
#386=SURFACE_STYLE_FILL_AREA(#385);
#387=SURFACE_SIDE_STYLE('',(#386));
#388=SURFACE_STYLE_USAGE(.BOTH.,#387);
#389=PRESENTATION_STYLE_ASSIGNMENT((#388));
#390=STYLED_ITEM('',(#389),#382);
#391=ADVANCED_FACE('',(#1373),#1375,.T.);
#392=COLOUR_RGB($,0.156862745098039,0.156862745098039,0.156862745098039);
#393=FILL_AREA_STYLE_COLOUR($,#392);
#394=FILL_AREA_STYLE($,(#393));
#395=SURFACE_STYLE_FILL_AREA(#394);
#396=SURFACE_SIDE_STYLE('',(#395));
#397=SURFACE_STYLE_USAGE(.BOTH.,#396);
#398=PRESENTATION_STYLE_ASSIGNMENT((#397));
#399=STYLED_ITEM('',(#398),#391);
#400=ADVANCED_FACE('',(#1380),#1382,.T.);
#401=COLOUR_RGB($,0.156862745098039,0.156862745098039,0.156862745098039);
#402=FILL_AREA_STYLE_COLOUR($,#401);
#403=FILL_AREA_STYLE($,(#402));
#404=SURFACE_STYLE_FILL_AREA(#403);
#405=SURFACE_SIDE_STYLE('',(#404));
#406=SURFACE_STYLE_USAGE(.BOTH.,#405);
#407=PRESENTATION_STYLE_ASSIGNMENT((#406));
#408=STYLED_ITEM('',(#407),#400);
#409=ADVANCED_FACE('',(#1387),#1389,.T.);
#410=COLOUR_RGB($,0.156862745098039,0.156862745098039,0.156862745098039);
#411=FILL_AREA_STYLE_COLOUR($,#410);
#412=FILL_AREA_STYLE($,(#411));
#413=SURFACE_STYLE_FILL_AREA(#412);
#414=SURFACE_SIDE_STYLE('',(#413));
#415=SURFACE_STYLE_USAGE(.BOTH.,#414);
#416=PRESENTATION_STYLE_ASSIGNMENT((#415));
#417=STYLED_ITEM('',(#416),#409);
#418=ADVANCED_FACE('',(#1394),#1396,.T.);
#419=COLOUR_RGB($,0.156862745098039,0.156862745098039,0.156862745098039);
#420=FILL_AREA_STYLE_COLOUR($,#419);
#421=FILL_AREA_STYLE($,(#420));
#422=SURFACE_STYLE_FILL_AREA(#421);
#423=SURFACE_SIDE_STYLE('',(#422));
#424=SURFACE_STYLE_USAGE(.BOTH.,#423);
#425=PRESENTATION_STYLE_ASSIGNMENT((#424));
#426=STYLED_ITEM('',(#425),#418);
#427=ADVANCED_FACE('',(#1401),#1403,.T.);
#428=COLOUR_RGB($,0.156862745098039,0.156862745098039,0.156862745098039);
#429=FILL_AREA_STYLE_COLOUR($,#428);
#430=FILL_AREA_STYLE($,(#429));
#431=SURFACE_STYLE_FILL_AREA(#430);
#432=SURFACE_SIDE_STYLE('',(#431));
#433=SURFACE_STYLE_USAGE(.BOTH.,#432);
#434=PRESENTATION_STYLE_ASSIGNMENT((#433));
#435=STYLED_ITEM('',(#434),#427);
#436=ADVANCED_FACE('',(#1408),#1410,.T.);
#437=COLOUR_RGB($,0.156862745098039,0.156862745098039,0.156862745098039);
#438=FILL_AREA_STYLE_COLOUR($,#437);
#439=FILL_AREA_STYLE($,(#438));
#440=SURFACE_STYLE_FILL_AREA(#439);
#441=SURFACE_SIDE_STYLE('',(#440));
#442=SURFACE_STYLE_USAGE(.BOTH.,#441);
#443=PRESENTATION_STYLE_ASSIGNMENT((#442));
#444=STYLED_ITEM('',(#443),#436);
#445=ADVANCED_FACE('',(#1415),#1417,.T.);
#446=COLOUR_RGB($,0.156862745098039,0.156862745098039,0.156862745098039);
#447=FILL_AREA_STYLE_COLOUR($,#446);
#448=FILL_AREA_STYLE($,(#447));
#449=SURFACE_STYLE_FILL_AREA(#448);
#450=SURFACE_SIDE_STYLE('',(#449));
#451=SURFACE_STYLE_USAGE(.BOTH.,#450);
#452=PRESENTATION_STYLE_ASSIGNMENT((#451));
#453=STYLED_ITEM('',(#452),#445);
#454=ADVANCED_FACE('',(#1422),#1424,.T.);
#455=COLOUR_RGB($,0.156862745098039,0.156862745098039,0.156862745098039);
#456=FILL_AREA_STYLE_COLOUR($,#455);
#457=FILL_AREA_STYLE($,(#456));
#458=SURFACE_STYLE_FILL_AREA(#457);
#459=SURFACE_SIDE_STYLE('',(#458));
#460=SURFACE_STYLE_USAGE(.BOTH.,#459);
#461=PRESENTATION_STYLE_ASSIGNMENT((#460));
#462=STYLED_ITEM('',(#461),#454);
#463=ADVANCED_FACE('',(#1429),#1431,.T.);
#464=COLOUR_RGB($,0.156862745098039,0.156862745098039,0.156862745098039);
#465=FILL_AREA_STYLE_COLOUR($,#464);
#466=FILL_AREA_STYLE($,(#465));
#467=SURFACE_STYLE_FILL_AREA(#466);
#468=SURFACE_SIDE_STYLE('',(#467));
#469=SURFACE_STYLE_USAGE(.BOTH.,#468);
#470=PRESENTATION_STYLE_ASSIGNMENT((#469));
#471=STYLED_ITEM('',(#470),#463);
#472=ADVANCED_FACE('',(#1436),#1438,.T.);
#473=COLOUR_RGB($,0.156862745098039,0.156862745098039,0.156862745098039);
#474=FILL_AREA_STYLE_COLOUR($,#473);
#475=FILL_AREA_STYLE($,(#474));
#476=SURFACE_STYLE_FILL_AREA(#475);
#477=SURFACE_SIDE_STYLE('',(#476));
#478=SURFACE_STYLE_USAGE(.BOTH.,#477);
#479=PRESENTATION_STYLE_ASSIGNMENT((#478));
#480=STYLED_ITEM('',(#479),#472);
#481=ADVANCED_FACE('',(#1443),#1445,.T.);
#482=COLOUR_RGB($,0.156862745098039,0.156862745098039,0.156862745098039);
#483=FILL_AREA_STYLE_COLOUR($,#482);
#484=FILL_AREA_STYLE($,(#483));
#485=SURFACE_STYLE_FILL_AREA(#484);
#486=SURFACE_SIDE_STYLE('',(#485));
#487=SURFACE_STYLE_USAGE(.BOTH.,#486);
#488=PRESENTATION_STYLE_ASSIGNMENT((#487));
#489=STYLED_ITEM('',(#488),#481);
#490=ADVANCED_FACE('',(#1450),#1452,.T.);
#491=COLOUR_RGB($,0.156862745098039,0.156862745098039,0.156862745098039);
#492=FILL_AREA_STYLE_COLOUR($,#491);
#493=FILL_AREA_STYLE($,(#492));
#494=SURFACE_STYLE_FILL_AREA(#493);
#495=SURFACE_SIDE_STYLE('',(#494));
#496=SURFACE_STYLE_USAGE(.BOTH.,#495);
#497=PRESENTATION_STYLE_ASSIGNMENT((#496));
#498=STYLED_ITEM('',(#497),#490);
#499=ADVANCED_FACE('',(#1457),#1459,.T.);
#500=COLOUR_RGB($,0.156862745098039,0.156862745098039,0.156862745098039);
#501=FILL_AREA_STYLE_COLOUR($,#500);
#502=FILL_AREA_STYLE($,(#501));
#503=SURFACE_STYLE_FILL_AREA(#502);
#504=SURFACE_SIDE_STYLE('',(#503));
#505=SURFACE_STYLE_USAGE(.BOTH.,#504);
#506=PRESENTATION_STYLE_ASSIGNMENT((#505));
#507=STYLED_ITEM('',(#506),#499);
#508=ADVANCED_FACE('',(#1464),#1466,.T.);
#509=COLOUR_RGB($,0.156862745098039,0.156862745098039,0.156862745098039);
#510=FILL_AREA_STYLE_COLOUR($,#509);
#511=FILL_AREA_STYLE($,(#510));
#512=SURFACE_STYLE_FILL_AREA(#511);
#513=SURFACE_SIDE_STYLE('',(#512));
#514=SURFACE_STYLE_USAGE(.BOTH.,#513);
#515=PRESENTATION_STYLE_ASSIGNMENT((#514));
#516=STYLED_ITEM('',(#515),#508);
#517=ADVANCED_FACE('',(#1471,#1473,#1475,#1477,#1479,#1481,#1483,#1485,#1487,#1489,
#1491),#1493,.T.);
#518=COLOUR_RGB($,0.156862745098039,0.156862745098039,0.156862745098039);
#519=FILL_AREA_STYLE_COLOUR($,#518);
#520=FILL_AREA_STYLE($,(#519));
#521=SURFACE_STYLE_FILL_AREA(#520);
#522=SURFACE_SIDE_STYLE('',(#521));
#523=SURFACE_STYLE_USAGE(.BOTH.,#522);
#524=PRESENTATION_STYLE_ASSIGNMENT((#523));
#525=STYLED_ITEM('',(#524),#517);
#526=ADVANCED_FACE('',(#1498,#1500,#1502,#1504,#1506,#1508,#1510,#1512,#1514,#1516,
#1518),#1520,.F.);
#527=COLOUR_RGB($,0.156862745098039,0.156862745098039,0.156862745098039);
#528=FILL_AREA_STYLE_COLOUR($,#527);
#529=FILL_AREA_STYLE($,(#528));
#530=SURFACE_STYLE_FILL_AREA(#529);
#531=SURFACE_SIDE_STYLE('',(#530));
#532=SURFACE_STYLE_USAGE(.BOTH.,#531);
#533=PRESENTATION_STYLE_ASSIGNMENT((#532));
#534=STYLED_ITEM('',(#533),#526);
#535=ADVANCED_FACE('',(#1525),#1527,.F.);
#536=COLOUR_RGB($,0.156862745098039,0.156862745098039,0.156862745098039);
#537=FILL_AREA_STYLE_COLOUR($,#536);
#538=FILL_AREA_STYLE($,(#537));
#539=SURFACE_STYLE_FILL_AREA(#538);
#540=SURFACE_SIDE_STYLE('',(#539));
#541=SURFACE_STYLE_USAGE(.BOTH.,#540);
#542=PRESENTATION_STYLE_ASSIGNMENT((#541));
#543=STYLED_ITEM('',(#542),#535);
#544=ADVANCED_FACE('',(#1532),#1534,.F.);
#545=COLOUR_RGB($,0.156862745098039,0.156862745098039,0.156862745098039);
#546=FILL_AREA_STYLE_COLOUR($,#545);
#547=FILL_AREA_STYLE($,(#546));
#548=SURFACE_STYLE_FILL_AREA(#547);
#549=SURFACE_SIDE_STYLE('',(#548));
#550=SURFACE_STYLE_USAGE(.BOTH.,#549);
#551=PRESENTATION_STYLE_ASSIGNMENT((#550));
#552=STYLED_ITEM('',(#551),#544);
#553=ADVANCED_FACE('',(#1539),#1541,.F.);
#554=COLOUR_RGB($,0.156862745098039,0.156862745098039,0.156862745098039);
#555=FILL_AREA_STYLE_COLOUR($,#554);
#556=FILL_AREA_STYLE($,(#555));
#557=SURFACE_STYLE_FILL_AREA(#556);
#558=SURFACE_SIDE_STYLE('',(#557));
#559=SURFACE_STYLE_USAGE(.BOTH.,#558);
#560=PRESENTATION_STYLE_ASSIGNMENT((#559));
#561=STYLED_ITEM('',(#560),#553);
#562=ADVANCED_FACE('',(#1546),#1548,.F.);
#563=COLOUR_RGB($,0.156862745098039,0.156862745098039,0.156862745098039);
#564=FILL_AREA_STYLE_COLOUR($,#563);
#565=FILL_AREA_STYLE($,(#564));
#566=SURFACE_STYLE_FILL_AREA(#565);
#567=SURFACE_SIDE_STYLE('',(#566));
#568=SURFACE_STYLE_USAGE(.BOTH.,#567);
#569=PRESENTATION_STYLE_ASSIGNMENT((#568));
#570=STYLED_ITEM('',(#569),#562);
#571=ADVANCED_FACE('',(#1553),#1555,.F.);
#572=COLOUR_RGB($,0.156862745098039,0.156862745098039,0.156862745098039);
#573=FILL_AREA_STYLE_COLOUR($,#572);
#574=FILL_AREA_STYLE($,(#573));
#575=SURFACE_STYLE_FILL_AREA(#574);
#576=SURFACE_SIDE_STYLE('',(#575));
#577=SURFACE_STYLE_USAGE(.BOTH.,#576);
#578=PRESENTATION_STYLE_ASSIGNMENT((#577));
#579=STYLED_ITEM('',(#578),#571);
#580=ADVANCED_FACE('',(#1560),#1562,.F.);
#581=COLOUR_RGB($,0.156862745098039,0.156862745098039,0.156862745098039);
#582=FILL_AREA_STYLE_COLOUR($,#581);
#583=FILL_AREA_STYLE($,(#582));
#584=SURFACE_STYLE_FILL_AREA(#583);
#585=SURFACE_SIDE_STYLE('',(#584));
#586=SURFACE_STYLE_USAGE(.BOTH.,#585);
#587=PRESENTATION_STYLE_ASSIGNMENT((#586));
#588=STYLED_ITEM('',(#587),#580);
#589=ADVANCED_FACE('',(#1567),#1569,.F.);
#590=COLOUR_RGB($,0.156862745098039,0.156862745098039,0.156862745098039);
#591=FILL_AREA_STYLE_COLOUR($,#590);
#592=FILL_AREA_STYLE($,(#591));
#593=SURFACE_STYLE_FILL_AREA(#592);
#594=SURFACE_SIDE_STYLE('',(#593));
#595=SURFACE_STYLE_USAGE(.BOTH.,#594);
#596=PRESENTATION_STYLE_ASSIGNMENT((#595));
#597=STYLED_ITEM('',(#596),#589);
#598=ADVANCED_FACE('',(#1574),#1576,.F.);
#599=COLOUR_RGB($,0.156862745098039,0.156862745098039,0.156862745098039);
#600=FILL_AREA_STYLE_COLOUR($,#599);
#601=FILL_AREA_STYLE($,(#600));
#602=SURFACE_STYLE_FILL_AREA(#601);
#603=SURFACE_SIDE_STYLE('',(#602));
#604=SURFACE_STYLE_USAGE(.BOTH.,#603);
#605=PRESENTATION_STYLE_ASSIGNMENT((#604));
#606=STYLED_ITEM('',(#605),#598);
#607=ADVANCED_FACE('',(#1581),#1583,.F.);
#608=COLOUR_RGB($,0.156862745098039,0.156862745098039,0.156862745098039);
#609=FILL_AREA_STYLE_COLOUR($,#608);
#610=FILL_AREA_STYLE($,(#609));
#611=SURFACE_STYLE_FILL_AREA(#610);
#612=SURFACE_SIDE_STYLE('',(#611));
#613=SURFACE_STYLE_USAGE(.BOTH.,#612);
#614=PRESENTATION_STYLE_ASSIGNMENT((#613));
#615=STYLED_ITEM('',(#614),#607);
#616=ADVANCED_FACE('',(#1588),#1590,.F.);
#617=COLOUR_RGB($,0.156862745098039,0.156862745098039,0.156862745098039);
#618=FILL_AREA_STYLE_COLOUR($,#617);
#619=FILL_AREA_STYLE($,(#618));
#620=SURFACE_STYLE_FILL_AREA(#619);
#621=SURFACE_SIDE_STYLE('',(#620));
#622=SURFACE_STYLE_USAGE(.BOTH.,#621);
#623=PRESENTATION_STYLE_ASSIGNMENT((#622));
#624=STYLED_ITEM('',(#623),#616);
#625=ADVANCED_FACE('',(#1595),#1597,.F.);
#626=COLOUR_RGB($,0.156862745098039,0.156862745098039,0.156862745098039);
#627=FILL_AREA_STYLE_COLOUR($,#626);
#628=FILL_AREA_STYLE($,(#627));
#629=SURFACE_STYLE_FILL_AREA(#628);
#630=SURFACE_SIDE_STYLE('',(#629));
#631=SURFACE_STYLE_USAGE(.BOTH.,#630);
#632=PRESENTATION_STYLE_ASSIGNMENT((#631));
#633=STYLED_ITEM('',(#632),#625);
#634=ADVANCED_FACE('',(#1602),#1604,.F.);
#635=COLOUR_RGB($,0.156862745098039,0.156862745098039,0.156862745098039);
#636=FILL_AREA_STYLE_COLOUR($,#635);
#637=FILL_AREA_STYLE($,(#636));
#638=SURFACE_STYLE_FILL_AREA(#637);
#639=SURFACE_SIDE_STYLE('',(#638));
#640=SURFACE_STYLE_USAGE(.BOTH.,#639);
#641=PRESENTATION_STYLE_ASSIGNMENT((#640));
#642=STYLED_ITEM('',(#641),#634);
#643=ADVANCED_FACE('',(#1609),#1611,.F.);
#644=COLOUR_RGB($,0.156862745098039,0.156862745098039,0.156862745098039);
#645=FILL_AREA_STYLE_COLOUR($,#644);
#646=FILL_AREA_STYLE($,(#645));
#647=SURFACE_STYLE_FILL_AREA(#646);
#648=SURFACE_SIDE_STYLE('',(#647));
#649=SURFACE_STYLE_USAGE(.BOTH.,#648);
#650=PRESENTATION_STYLE_ASSIGNMENT((#649));
#651=STYLED_ITEM('',(#650),#643);
#652=ADVANCED_FACE('',(#1616),#1618,.F.);
#653=COLOUR_RGB($,0.156862745098039,0.156862745098039,0.156862745098039);
#654=FILL_AREA_STYLE_COLOUR($,#653);
#655=FILL_AREA_STYLE($,(#654));
#656=SURFACE_STYLE_FILL_AREA(#655);
#657=SURFACE_SIDE_STYLE('',(#656));
#658=SURFACE_STYLE_USAGE(.BOTH.,#657);
#659=PRESENTATION_STYLE_ASSIGNMENT((#658));
#660=STYLED_ITEM('',(#659),#652);
#661=ADVANCED_FACE('',(#1623),#1625,.F.);
#662=COLOUR_RGB($,0.156862745098039,0.156862745098039,0.156862745098039);
#663=FILL_AREA_STYLE_COLOUR($,#662);
#664=FILL_AREA_STYLE($,(#663));
#665=SURFACE_STYLE_FILL_AREA(#664);
#666=SURFACE_SIDE_STYLE('',(#665));
#667=SURFACE_STYLE_USAGE(.BOTH.,#666);
#668=PRESENTATION_STYLE_ASSIGNMENT((#667));
#669=STYLED_ITEM('',(#668),#661);
#670=ADVANCED_FACE('',(#1630),#1632,.F.);
#671=COLOUR_RGB($,0.156862745098039,0.156862745098039,0.156862745098039);
#672=FILL_AREA_STYLE_COLOUR($,#671);
#673=FILL_AREA_STYLE($,(#672));
#674=SURFACE_STYLE_FILL_AREA(#673);
#675=SURFACE_SIDE_STYLE('',(#674));
#676=SURFACE_STYLE_USAGE(.BOTH.,#675);
#677=PRESENTATION_STYLE_ASSIGNMENT((#676));
#678=STYLED_ITEM('',(#677),#670);
#679=ADVANCED_FACE('',(#1637),#1639,.F.);
#680=COLOUR_RGB($,0.156862745098039,0.156862745098039,0.156862745098039);
#681=FILL_AREA_STYLE_COLOUR($,#680);
#682=FILL_AREA_STYLE($,(#681));
#683=SURFACE_STYLE_FILL_AREA(#682);
#684=SURFACE_SIDE_STYLE('',(#683));
#685=SURFACE_STYLE_USAGE(.BOTH.,#684);
#686=PRESENTATION_STYLE_ASSIGNMENT((#685));
#687=STYLED_ITEM('',(#686),#679);
#688=ADVANCED_FACE('',(#1644),#1646,.F.);
#689=COLOUR_RGB($,0.156862745098039,0.156862745098039,0.156862745098039);
#690=FILL_AREA_STYLE_COLOUR($,#689);
#691=FILL_AREA_STYLE($,(#690));
#692=SURFACE_STYLE_FILL_AREA(#691);
#693=SURFACE_SIDE_STYLE('',(#692));
#694=SURFACE_STYLE_USAGE(.BOTH.,#693);
#695=PRESENTATION_STYLE_ASSIGNMENT((#694));
#696=STYLED_ITEM('',(#695),#688);
#697=ADVANCED_FACE('',(#1651),#1653,.F.);
#698=COLOUR_RGB($,0.156862745098039,0.156862745098039,0.156862745098039);
#699=FILL_AREA_STYLE_COLOUR($,#698);
#700=FILL_AREA_STYLE($,(#699));
#701=SURFACE_STYLE_FILL_AREA(#700);
#702=SURFACE_SIDE_STYLE('',(#701));
#703=SURFACE_STYLE_USAGE(.BOTH.,#702);
#704=PRESENTATION_STYLE_ASSIGNMENT((#703));
#705=STYLED_ITEM('',(#704),#697);
#706=ADVANCED_FACE('',(#1658),#1660,.F.);
#707=COLOUR_RGB($,0.156862745098039,0.156862745098039,0.156862745098039);
#708=FILL_AREA_STYLE_COLOUR($,#707);
#709=FILL_AREA_STYLE($,(#708));
#710=SURFACE_STYLE_FILL_AREA(#709);
#711=SURFACE_SIDE_STYLE('',(#710));
#712=SURFACE_STYLE_USAGE(.BOTH.,#711);
#713=PRESENTATION_STYLE_ASSIGNMENT((#712));
#714=STYLED_ITEM('',(#713),#706);
#715=ADVANCED_FACE('',(#1665),#1667,.F.);
#716=COLOUR_RGB($,0.156862745098039,0.156862745098039,0.156862745098039);
#717=FILL_AREA_STYLE_COLOUR($,#716);
#718=FILL_AREA_STYLE($,(#717));
#719=SURFACE_STYLE_FILL_AREA(#718);
#720=SURFACE_SIDE_STYLE('',(#719));
#721=SURFACE_STYLE_USAGE(.BOTH.,#720);
#722=PRESENTATION_STYLE_ASSIGNMENT((#721));
#723=STYLED_ITEM('',(#722),#715);
#724=ADVANCED_FACE('',(#1672),#1674,.F.);
#725=COLOUR_RGB($,0.156862745098039,0.156862745098039,0.156862745098039);
#726=FILL_AREA_STYLE_COLOUR($,#725);
#727=FILL_AREA_STYLE($,(#726));
#728=SURFACE_STYLE_FILL_AREA(#727);
#729=SURFACE_SIDE_STYLE('',(#728));
#730=SURFACE_STYLE_USAGE(.BOTH.,#729);
#731=PRESENTATION_STYLE_ASSIGNMENT((#730));
#732=STYLED_ITEM('',(#731),#724);
#733=ADVANCED_FACE('',(#1679),#1681,.F.);
#734=COLOUR_RGB($,0.156862745098039,0.156862745098039,0.156862745098039);
#735=FILL_AREA_STYLE_COLOUR($,#734);
#736=FILL_AREA_STYLE($,(#735));
#737=SURFACE_STYLE_FILL_AREA(#736);
#738=SURFACE_SIDE_STYLE('',(#737));
#739=SURFACE_STYLE_USAGE(.BOTH.,#738);
#740=PRESENTATION_STYLE_ASSIGNMENT((#739));
#741=STYLED_ITEM('',(#740),#733);
#742=ADVANCED_FACE('',(#1686),#1688,.F.);
#743=COLOUR_RGB($,0.156862745098039,0.156862745098039,0.156862745098039);
#744=FILL_AREA_STYLE_COLOUR($,#743);
#745=FILL_AREA_STYLE($,(#744));
#746=SURFACE_STYLE_FILL_AREA(#745);
#747=SURFACE_SIDE_STYLE('',(#746));
#748=SURFACE_STYLE_USAGE(.BOTH.,#747);
#749=PRESENTATION_STYLE_ASSIGNMENT((#748));
#750=STYLED_ITEM('',(#749),#742);
#751=ADVANCED_FACE('',(#1693),#1695,.F.);
#752=COLOUR_RGB($,0.156862745098039,0.156862745098039,0.156862745098039);
#753=FILL_AREA_STYLE_COLOUR($,#752);
#754=FILL_AREA_STYLE($,(#753));
#755=SURFACE_STYLE_FILL_AREA(#754);
#756=SURFACE_SIDE_STYLE('',(#755));
#757=SURFACE_STYLE_USAGE(.BOTH.,#756);
#758=PRESENTATION_STYLE_ASSIGNMENT((#757));
#759=STYLED_ITEM('',(#758),#751);
#760=ADVANCED_FACE('',(#1700),#1702,.F.);
#761=COLOUR_RGB($,0.156862745098039,0.156862745098039,0.156862745098039);
#762=FILL_AREA_STYLE_COLOUR($,#761);
#763=FILL_AREA_STYLE($,(#762));
#764=SURFACE_STYLE_FILL_AREA(#763);
#765=SURFACE_SIDE_STYLE('',(#764));
#766=SURFACE_STYLE_USAGE(.BOTH.,#765);
#767=PRESENTATION_STYLE_ASSIGNMENT((#766));
#768=STYLED_ITEM('',(#767),#760);
#769=ADVANCED_FACE('',(#1707),#1709,.F.);
#770=COLOUR_RGB($,0.156862745098039,0.156862745098039,0.156862745098039);
#771=FILL_AREA_STYLE_COLOUR($,#770);
#772=FILL_AREA_STYLE($,(#771));
#773=SURFACE_STYLE_FILL_AREA(#772);
#774=SURFACE_SIDE_STYLE('',(#773));
#775=SURFACE_STYLE_USAGE(.BOTH.,#774);
#776=PRESENTATION_STYLE_ASSIGNMENT((#775));
#777=STYLED_ITEM('',(#776),#769);
#778=ADVANCED_FACE('',(#1714),#1716,.F.);
#779=COLOUR_RGB($,0.156862745098039,0.156862745098039,0.156862745098039);
#780=FILL_AREA_STYLE_COLOUR($,#779);
#781=FILL_AREA_STYLE($,(#780));
#782=SURFACE_STYLE_FILL_AREA(#781);
#783=SURFACE_SIDE_STYLE('',(#782));
#784=SURFACE_STYLE_USAGE(.BOTH.,#783);
#785=PRESENTATION_STYLE_ASSIGNMENT((#784));
#786=STYLED_ITEM('',(#785),#778);
#787=ADVANCED_FACE('',(#1721),#1723,.F.);
#788=COLOUR_RGB($,0.156862745098039,0.156862745098039,0.156862745098039);
#789=FILL_AREA_STYLE_COLOUR($,#788);
#790=FILL_AREA_STYLE($,(#789));
#791=SURFACE_STYLE_FILL_AREA(#790);
#792=SURFACE_SIDE_STYLE('',(#791));
#793=SURFACE_STYLE_USAGE(.BOTH.,#792);
#794=PRESENTATION_STYLE_ASSIGNMENT((#793));
#795=STYLED_ITEM('',(#794),#787);
#796=ADVANCED_FACE('',(#1728),#1730,.F.);
#797=COLOUR_RGB($,0.156862745098039,0.156862745098039,0.156862745098039);
#798=FILL_AREA_STYLE_COLOUR($,#797);
#799=FILL_AREA_STYLE($,(#798));
#800=SURFACE_STYLE_FILL_AREA(#799);
#801=SURFACE_SIDE_STYLE('',(#800));
#802=SURFACE_STYLE_USAGE(.BOTH.,#801);
#803=PRESENTATION_STYLE_ASSIGNMENT((#802));
#804=STYLED_ITEM('',(#803),#796);
#805=ADVANCED_FACE('',(#1735),#1737,.F.);
#806=COLOUR_RGB($,0.156862745098039,0.156862745098039,0.156862745098039);
#807=FILL_AREA_STYLE_COLOUR($,#806);
#808=FILL_AREA_STYLE($,(#807));
#809=SURFACE_STYLE_FILL_AREA(#808);
#810=SURFACE_SIDE_STYLE('',(#809));
#811=SURFACE_STYLE_USAGE(.BOTH.,#810);
#812=PRESENTATION_STYLE_ASSIGNMENT((#811));
#813=STYLED_ITEM('',(#812),#805);
#814=ADVANCED_FACE('',(#1742),#1744,.F.);
#815=COLOUR_RGB($,0.156862745098039,0.156862745098039,0.156862745098039);
#816=FILL_AREA_STYLE_COLOUR($,#815);
#817=FILL_AREA_STYLE($,(#816));
#818=SURFACE_STYLE_FILL_AREA(#817);
#819=SURFACE_SIDE_STYLE('',(#818));
#820=SURFACE_STYLE_USAGE(.BOTH.,#819);
#821=PRESENTATION_STYLE_ASSIGNMENT((#820));
#822=STYLED_ITEM('',(#821),#814);
#823=ADVANCED_FACE('',(#1749),#1751,.F.);
#824=COLOUR_RGB($,0.156862745098039,0.156862745098039,0.156862745098039);
#825=FILL_AREA_STYLE_COLOUR($,#824);
#826=FILL_AREA_STYLE($,(#825));
#827=SURFACE_STYLE_FILL_AREA(#826);
#828=SURFACE_SIDE_STYLE('',(#827));
#829=SURFACE_STYLE_USAGE(.BOTH.,#828);
#830=PRESENTATION_STYLE_ASSIGNMENT((#829));
#831=STYLED_ITEM('',(#830),#823);
#832=ADVANCED_FACE('',(#1756),#1758,.F.);
#833=COLOUR_RGB($,0.156862745098039,0.156862745098039,0.156862745098039);
#834=FILL_AREA_STYLE_COLOUR($,#833);
#835=FILL_AREA_STYLE($,(#834));
#836=SURFACE_STYLE_FILL_AREA(#835);
#837=SURFACE_SIDE_STYLE('',(#836));
#838=SURFACE_STYLE_USAGE(.BOTH.,#837);
#839=PRESENTATION_STYLE_ASSIGNMENT((#838));
#840=STYLED_ITEM('',(#839),#832);
#841=ADVANCED_FACE('',(#1763),#1765,.F.);
#842=COLOUR_RGB($,0.156862745098039,0.156862745098039,0.156862745098039);
#843=FILL_AREA_STYLE_COLOUR($,#842);
#844=FILL_AREA_STYLE($,(#843));
#845=SURFACE_STYLE_FILL_AREA(#844);
#846=SURFACE_SIDE_STYLE('',(#845));
#847=SURFACE_STYLE_USAGE(.BOTH.,#846);
#848=PRESENTATION_STYLE_ASSIGNMENT((#847));
#849=STYLED_ITEM('',(#848),#841);
#850=ADVANCED_FACE('',(#1770),#1772,.F.);
#851=COLOUR_RGB($,0.156862745098039,0.156862745098039,0.156862745098039);
#852=FILL_AREA_STYLE_COLOUR($,#851);
#853=FILL_AREA_STYLE($,(#852));
#854=SURFACE_STYLE_FILL_AREA(#853);
#855=SURFACE_SIDE_STYLE('',(#854));
#856=SURFACE_STYLE_USAGE(.BOTH.,#855);
#857=PRESENTATION_STYLE_ASSIGNMENT((#856));
#858=STYLED_ITEM('',(#857),#850);
#859=ADVANCED_FACE('',(#1777),#1779,.F.);
#860=COLOUR_RGB($,0.156862745098039,0.156862745098039,0.156862745098039);
#861=FILL_AREA_STYLE_COLOUR($,#860);
#862=FILL_AREA_STYLE($,(#861));
#863=SURFACE_STYLE_FILL_AREA(#862);
#864=SURFACE_SIDE_STYLE('',(#863));
#865=SURFACE_STYLE_USAGE(.BOTH.,#864);
#866=PRESENTATION_STYLE_ASSIGNMENT((#865));
#867=STYLED_ITEM('',(#866),#859);
#868=ADVANCED_FACE('',(#1784),#1786,.F.);
#869=COLOUR_RGB($,0.156862745098039,0.156862745098039,0.156862745098039);
#870=FILL_AREA_STYLE_COLOUR($,#869);
#871=FILL_AREA_STYLE($,(#870));
#872=SURFACE_STYLE_FILL_AREA(#871);
#873=SURFACE_SIDE_STYLE('',(#872));
#874=SURFACE_STYLE_USAGE(.BOTH.,#873);
#875=PRESENTATION_STYLE_ASSIGNMENT((#874));
#876=STYLED_ITEM('',(#875),#868);
#877=ADVANCED_FACE('',(#1791),#1793,.F.);
#878=COLOUR_RGB($,0.156862745098039,0.156862745098039,0.156862745098039);
#879=FILL_AREA_STYLE_COLOUR($,#878);
#880=FILL_AREA_STYLE($,(#879));
#881=SURFACE_STYLE_FILL_AREA(#880);
#882=SURFACE_SIDE_STYLE('',(#881));
#883=SURFACE_STYLE_USAGE(.BOTH.,#882);
#884=PRESENTATION_STYLE_ASSIGNMENT((#883));
#885=STYLED_ITEM('',(#884),#877);
#886=ADVANCED_FACE('',(#1798),#1800,.F.);
#887=COLOUR_RGB($,0.156862745098039,0.156862745098039,0.156862745098039);
#888=FILL_AREA_STYLE_COLOUR($,#887);
#889=FILL_AREA_STYLE($,(#888));
#890=SURFACE_STYLE_FILL_AREA(#889);
#891=SURFACE_SIDE_STYLE('',(#890));
#892=SURFACE_STYLE_USAGE(.BOTH.,#891);
#893=PRESENTATION_STYLE_ASSIGNMENT((#892));
#894=STYLED_ITEM('',(#893),#886);
#895=ADVANCED_FACE('',(#1805),#1807,.F.);
#896=COLOUR_RGB($,0.156862745098039,0.156862745098039,0.156862745098039);
#897=FILL_AREA_STYLE_COLOUR($,#896);
#898=FILL_AREA_STYLE($,(#897));
#899=SURFACE_STYLE_FILL_AREA(#898);
#900=SURFACE_SIDE_STYLE('',(#899));
#901=SURFACE_STYLE_USAGE(.BOTH.,#900);
#902=PRESENTATION_STYLE_ASSIGNMENT((#901));
#903=STYLED_ITEM('',(#902),#895);
#904=ADVANCED_FACE('',(#1812),#1814,.F.);
#905=COLOUR_RGB($,0.156862745098039,0.156862745098039,0.156862745098039);
#906=FILL_AREA_STYLE_COLOUR($,#905);
#907=FILL_AREA_STYLE($,(#906));
#908=SURFACE_STYLE_FILL_AREA(#907);
#909=SURFACE_SIDE_STYLE('',(#908));
#910=SURFACE_STYLE_USAGE(.BOTH.,#909);
#911=PRESENTATION_STYLE_ASSIGNMENT((#910));
#912=STYLED_ITEM('',(#911),#904);
#913=ADVANCED_FACE('',(#1819),#1821,.F.);
#914=COLOUR_RGB($,0.156862745098039,0.156862745098039,0.156862745098039);
#915=FILL_AREA_STYLE_COLOUR($,#914);
#916=FILL_AREA_STYLE($,(#915));
#917=SURFACE_STYLE_FILL_AREA(#916);
#918=SURFACE_SIDE_STYLE('',(#917));
#919=SURFACE_STYLE_USAGE(.BOTH.,#918);
#920=PRESENTATION_STYLE_ASSIGNMENT((#919));
#921=STYLED_ITEM('',(#920),#913);
#922=ADVANCED_FACE('',(#1826),#1828,.F.);
#923=COLOUR_RGB($,0.156862745098039,0.156862745098039,0.156862745098039);
#924=FILL_AREA_STYLE_COLOUR($,#923);
#925=FILL_AREA_STYLE($,(#924));
#926=SURFACE_STYLE_FILL_AREA(#925);
#927=SURFACE_SIDE_STYLE('',(#926));
#928=SURFACE_STYLE_USAGE(.BOTH.,#927);
#929=PRESENTATION_STYLE_ASSIGNMENT((#928));
#930=STYLED_ITEM('',(#929),#922);
#931=ADVANCED_FACE('',(#1833),#1835,.F.);
#932=COLOUR_RGB($,0.156862745098039,0.156862745098039,0.156862745098039);
#933=FILL_AREA_STYLE_COLOUR($,#932);
#934=FILL_AREA_STYLE($,(#933));
#935=SURFACE_STYLE_FILL_AREA(#934);
#936=SURFACE_SIDE_STYLE('',(#935));
#937=SURFACE_STYLE_USAGE(.BOTH.,#936);
#938=PRESENTATION_STYLE_ASSIGNMENT((#937));
#939=STYLED_ITEM('',(#938),#931);
#940=ADVANCED_FACE('',(#1840),#1842,.F.);
#941=COLOUR_RGB($,0.156862745098039,0.156862745098039,0.156862745098039);
#942=FILL_AREA_STYLE_COLOUR($,#941);
#943=FILL_AREA_STYLE($,(#942));
#944=SURFACE_STYLE_FILL_AREA(#943);
#945=SURFACE_SIDE_STYLE('',(#944));
#946=SURFACE_STYLE_USAGE(.BOTH.,#945);
#947=PRESENTATION_STYLE_ASSIGNMENT((#946));
#948=STYLED_ITEM('',(#947),#940);
#949=ADVANCED_FACE('',(#1847),#1849,.F.);
#950=COLOUR_RGB($,0.156862745098039,0.156862745098039,0.156862745098039);
#951=FILL_AREA_STYLE_COLOUR($,#950);
#952=FILL_AREA_STYLE($,(#951));
#953=SURFACE_STYLE_FILL_AREA(#952);
#954=SURFACE_SIDE_STYLE('',(#953));
#955=SURFACE_STYLE_USAGE(.BOTH.,#954);
#956=PRESENTATION_STYLE_ASSIGNMENT((#955));
#957=STYLED_ITEM('',(#956),#949);
#958=ADVANCED_FACE('',(#1854),#1856,.F.);
#959=COLOUR_RGB($,0.156862745098039,0.156862745098039,0.156862745098039);
#960=FILL_AREA_STYLE_COLOUR($,#959);
#961=FILL_AREA_STYLE($,(#960));
#962=SURFACE_STYLE_FILL_AREA(#961);
#963=SURFACE_SIDE_STYLE('',(#962));
#964=SURFACE_STYLE_USAGE(.BOTH.,#963);
#965=PRESENTATION_STYLE_ASSIGNMENT((#964));
#966=STYLED_ITEM('',(#965),#958);
#967=ADVANCED_FACE('',(#1861),#1863,.F.);
#968=COLOUR_RGB($,0.156862745098039,0.156862745098039,0.156862745098039);
#969=FILL_AREA_STYLE_COLOUR($,#968);
#970=FILL_AREA_STYLE($,(#969));
#971=SURFACE_STYLE_FILL_AREA(#970);
#972=SURFACE_SIDE_STYLE('',(#971));
#973=SURFACE_STYLE_USAGE(.BOTH.,#972);
#974=PRESENTATION_STYLE_ASSIGNMENT((#973));
#975=STYLED_ITEM('',(#974),#967);
#976=ADVANCED_FACE('',(#1868),#1870,.T.);
#977=COLOUR_RGB($,0.156862745098039,0.156862745098039,0.156862745098039);
#978=FILL_AREA_STYLE_COLOUR($,#977);
#979=FILL_AREA_STYLE($,(#978));
#980=SURFACE_STYLE_FILL_AREA(#979);
#981=SURFACE_SIDE_STYLE('',(#980));
#982=SURFACE_STYLE_USAGE(.BOTH.,#981);
#983=PRESENTATION_STYLE_ASSIGNMENT((#982));
#984=STYLED_ITEM('',(#983),#976);
#985=ADVANCED_FACE('',(#1875),#1877,.F.);
#986=COLOUR_RGB($,0.156862745098039,0.156862745098039,0.156862745098039);
#987=FILL_AREA_STYLE_COLOUR($,#986);
#988=FILL_AREA_STYLE($,(#987));
#989=SURFACE_STYLE_FILL_AREA(#988);
#990=SURFACE_SIDE_STYLE('',(#989));
#991=SURFACE_STYLE_USAGE(.BOTH.,#990);
#992=PRESENTATION_STYLE_ASSIGNMENT((#991));
#993=STYLED_ITEM('',(#992),#985);
#994=ADVANCED_FACE('',(#1882),#1884,.T.);
#995=COLOUR_RGB($,0.156862745098039,0.156862745098039,0.156862745098039);
#996=FILL_AREA_STYLE_COLOUR($,#995);
#997=FILL_AREA_STYLE($,(#996));
#998=SURFACE_STYLE_FILL_AREA(#997);
#999=SURFACE_SIDE_STYLE('',(#998));
#1000=SURFACE_STYLE_USAGE(.BOTH.,#999);
#1001=PRESENTATION_STYLE_ASSIGNMENT((#1000));
#1002=STYLED_ITEM('',(#1001),#994);
#1003=ADVANCED_FACE('',(#1889),#1891,.F.);
#1004=COLOUR_RGB($,0.156862745098039,0.156862745098039,0.156862745098039);
#1005=FILL_AREA_STYLE_COLOUR($,#1004);
#1006=FILL_AREA_STYLE($,(#1005));
#1007=SURFACE_STYLE_FILL_AREA(#1006);
#1008=SURFACE_SIDE_STYLE('',(#1007));
#1009=SURFACE_STYLE_USAGE(.BOTH.,#1008);
#1010=PRESENTATION_STYLE_ASSIGNMENT((#1009));
#1011=STYLED_ITEM('',(#1010),#1003);
#1012=ADVANCED_FACE('',(#1896),#1898,.F.);
#1013=COLOUR_RGB($,0.156862745098039,0.156862745098039,0.156862745098039);
#1014=FILL_AREA_STYLE_COLOUR($,#1013);
#1015=FILL_AREA_STYLE($,(#1014));
#1016=SURFACE_STYLE_FILL_AREA(#1015);
#1017=SURFACE_SIDE_STYLE('',(#1016));
#1018=SURFACE_STYLE_USAGE(.BOTH.,#1017);
#1019=PRESENTATION_STYLE_ASSIGNMENT((#1018));
#1020=STYLED_ITEM('',(#1019),#1012);
#1021=ADVANCED_FACE('',(#1903),#1905,.T.);
#1022=COLOUR_RGB($,0.156862745098039,0.156862745098039,0.156862745098039);
#1023=FILL_AREA_STYLE_COLOUR($,#1022);
#1024=FILL_AREA_STYLE($,(#1023));
#1025=SURFACE_STYLE_FILL_AREA(#1024);
#1026=SURFACE_SIDE_STYLE('',(#1025));
#1027=SURFACE_STYLE_USAGE(.BOTH.,#1026);
#1028=PRESENTATION_STYLE_ASSIGNMENT((#1027));
#1029=STYLED_ITEM('',(#1028),#1021);
#1030=ADVANCED_FACE('',(#1910),#1912,.T.);
#1031=COLOUR_RGB($,0.156862745098039,0.156862745098039,0.156862745098039);
#1032=FILL_AREA_STYLE_COLOUR($,#1031);
#1033=FILL_AREA_STYLE($,(#1032));
#1034=SURFACE_STYLE_FILL_AREA(#1033);
#1035=SURFACE_SIDE_STYLE('',(#1034));
#1036=SURFACE_STYLE_USAGE(.BOTH.,#1035);
#1037=PRESENTATION_STYLE_ASSIGNMENT((#1036));
#1038=STYLED_ITEM('',(#1037),#1030);
#1039=ADVANCED_FACE('',(#1917),#1919,.T.);
#1040=COLOUR_RGB($,0.156862745098039,0.156862745098039,0.156862745098039);
#1041=FILL_AREA_STYLE_COLOUR($,#1040);
#1042=FILL_AREA_STYLE($,(#1041));
#1043=SURFACE_STYLE_FILL_AREA(#1042);
#1044=SURFACE_SIDE_STYLE('',(#1043));
#1045=SURFACE_STYLE_USAGE(.BOTH.,#1044);
#1046=PRESENTATION_STYLE_ASSIGNMENT((#1045));
#1047=STYLED_ITEM('',(#1046),#1039);
#1048=ADVANCED_FACE('',(#1924),#1926,.T.);
#1049=COLOUR_RGB($,0.156862745098039,0.156862745098039,0.156862745098039);
#1050=FILL_AREA_STYLE_COLOUR($,#1049);
#1051=FILL_AREA_STYLE($,(#1050));
#1052=SURFACE_STYLE_FILL_AREA(#1051);
#1053=SURFACE_SIDE_STYLE('',(#1052));
#1054=SURFACE_STYLE_USAGE(.BOTH.,#1053);
#1055=PRESENTATION_STYLE_ASSIGNMENT((#1054));
#1056=STYLED_ITEM('',(#1055),#1048);
#1057=ADVANCED_FACE('',(#1931),#1933,.T.);
#1058=COLOUR_RGB($,0.156862745098039,0.156862745098039,0.156862745098039);
#1059=FILL_AREA_STYLE_COLOUR($,#1058);
#1060=FILL_AREA_STYLE($,(#1059));
#1061=SURFACE_STYLE_FILL_AREA(#1060);
#1062=SURFACE_SIDE_STYLE('',(#1061));
#1063=SURFACE_STYLE_USAGE(.BOTH.,#1062);
#1064=PRESENTATION_STYLE_ASSIGNMENT((#1063));
#1065=STYLED_ITEM('',(#1064),#1057);
#1066=ADVANCED_FACE('',(#1938),#1940,.F.);
#1067=COLOUR_RGB($,0.156862745098039,0.156862745098039,0.156862745098039);
#1068=FILL_AREA_STYLE_COLOUR($,#1067);
#1069=FILL_AREA_STYLE($,(#1068));
#1070=SURFACE_STYLE_FILL_AREA(#1069);
#1071=SURFACE_SIDE_STYLE('',(#1070));
#1072=SURFACE_STYLE_USAGE(.BOTH.,#1071);
#1073=PRESENTATION_STYLE_ASSIGNMENT((#1072));
#1074=STYLED_ITEM('',(#1073),#1066);
#1075=ADVANCED_FACE('',(#1945),#1947,.F.);
#1076=COLOUR_RGB($,0.156862745098039,0.156862745098039,0.156862745098039);
#1077=FILL_AREA_STYLE_COLOUR($,#1076);
#1078=FILL_AREA_STYLE($,(#1077));
#1079=SURFACE_STYLE_FILL_AREA(#1078);
#1080=SURFACE_SIDE_STYLE('',(#1079));
#1081=SURFACE_STYLE_USAGE(.BOTH.,#1080);
#1082=PRESENTATION_STYLE_ASSIGNMENT((#1081));
#1083=STYLED_ITEM('',(#1082),#1075);
#1084=ADVANCED_FACE('',(#1952),#1954,.T.);
#1085=COLOUR_RGB($,0.156862745098039,0.156862745098039,0.156862745098039);
#1086=FILL_AREA_STYLE_COLOUR($,#1085);
#1087=FILL_AREA_STYLE($,(#1086));
#1088=SURFACE_STYLE_FILL_AREA(#1087);
#1089=SURFACE_SIDE_STYLE('',(#1088));
#1090=SURFACE_STYLE_USAGE(.BOTH.,#1089);
#1091=PRESENTATION_STYLE_ASSIGNMENT((#1090));
#1092=STYLED_ITEM('',(#1091),#1084);
#1093=ADVANCED_FACE('',(#1959,#1961),#1963,.F.);
#1094=COLOUR_RGB($,0.156862745098039,0.156862745098039,0.156862745098039);
#1095=FILL_AREA_STYLE_COLOUR($,#1094);
#1096=FILL_AREA_STYLE($,(#1095));
#1097=SURFACE_STYLE_FILL_AREA(#1096);
#1098=SURFACE_SIDE_STYLE('',(#1097));
#1099=SURFACE_STYLE_USAGE(.BOTH.,#1098);
#1100=PRESENTATION_STYLE_ASSIGNMENT((#1099));
#1101=STYLED_ITEM('',(#1100),#1093);
#1102=ADVANCED_FACE('',(#1968,#1970),#1972,.F.);
#1103=COLOUR_RGB($,0.156862745098039,0.156862745098039,0.156862745098039);
#1104=FILL_AREA_STYLE_COLOUR($,#1103);
#1105=FILL_AREA_STYLE($,(#1104));
#1106=SURFACE_STYLE_FILL_AREA(#1105);
#1107=SURFACE_SIDE_STYLE('',(#1106));
#1108=SURFACE_STYLE_USAGE(.BOTH.,#1107);
#1109=PRESENTATION_STYLE_ASSIGNMENT((#1108));
#1110=STYLED_ITEM('',(#1109),#1102);
#1111=ADVANCED_FACE('',(#1977,#1979),#1981,.F.);
#1112=COLOUR_RGB($,0.156862745098039,0.156862745098039,0.156862745098039);
#1113=FILL_AREA_STYLE_COLOUR($,#1112);
#1114=FILL_AREA_STYLE($,(#1113));
#1115=SURFACE_STYLE_FILL_AREA(#1114);
#1116=SURFACE_SIDE_STYLE('',(#1115));
#1117=SURFACE_STYLE_USAGE(.BOTH.,#1116);
#1118=PRESENTATION_STYLE_ASSIGNMENT((#1117));
#1119=STYLED_ITEM('',(#1118),#1111);
#1120=ADVANCED_FACE('',(#1986,#1988),#1990,.F.);
#1121=COLOUR_RGB($,0.156862745098039,0.156862745098039,0.156862745098039);
#1122=FILL_AREA_STYLE_COLOUR($,#1121);
#1123=FILL_AREA_STYLE($,(#1122));
#1124=SURFACE_STYLE_FILL_AREA(#1123);
#1125=SURFACE_SIDE_STYLE('',(#1124));
#1126=SURFACE_STYLE_USAGE(.BOTH.,#1125);
#1127=PRESENTATION_STYLE_ASSIGNMENT((#1126));
#1128=STYLED_ITEM('',(#1127),#1120);
#1129=ADVANCED_FACE('',(#1995,#1997),#1999,.F.);
#1130=COLOUR_RGB($,0.156862745098039,0.156862745098039,0.156862745098039);
#1131=FILL_AREA_STYLE_COLOUR($,#1130);
#1132=FILL_AREA_STYLE($,(#1131));
#1133=SURFACE_STYLE_FILL_AREA(#1132);
#1134=SURFACE_SIDE_STYLE('',(#1133));
#1135=SURFACE_STYLE_USAGE(.BOTH.,#1134);
#1136=PRESENTATION_STYLE_ASSIGNMENT((#1135));
#1137=STYLED_ITEM('',(#1136),#1129);
#1138=ADVANCED_FACE('',(#2004,#2006),#2008,.F.);
#1139=COLOUR_RGB($,0.156862745098039,0.156862745098039,0.156862745098039);
#1140=FILL_AREA_STYLE_COLOUR($,#1139);
#1141=FILL_AREA_STYLE($,(#1140));
#1142=SURFACE_STYLE_FILL_AREA(#1141);
#1143=SURFACE_SIDE_STYLE('',(#1142));
#1144=SURFACE_STYLE_USAGE(.BOTH.,#1143);
#1145=PRESENTATION_STYLE_ASSIGNMENT((#1144));
#1146=STYLED_ITEM('',(#1145),#1138);
#1147=ADVANCED_FACE('',(#2013,#2015),#2017,.F.);
#1148=COLOUR_RGB($,0.156862745098039,0.156862745098039,0.156862745098039);
#1149=FILL_AREA_STYLE_COLOUR($,#1148);
#1150=FILL_AREA_STYLE($,(#1149));
#1151=SURFACE_STYLE_FILL_AREA(#1150);
#1152=SURFACE_SIDE_STYLE('',(#1151));
#1153=SURFACE_STYLE_USAGE(.BOTH.,#1152);
#1154=PRESENTATION_STYLE_ASSIGNMENT((#1153));
#1155=STYLED_ITEM('',(#1154),#1147);
#1156=ADVANCED_FACE('',(#2022,#2024),#2026,.F.);
#1157=COLOUR_RGB($,0.156862745098039,0.156862745098039,0.156862745098039);
#1158=FILL_AREA_STYLE_COLOUR($,#1157);
#1159=FILL_AREA_STYLE($,(#1158));
#1160=SURFACE_STYLE_FILL_AREA(#1159);
#1161=SURFACE_SIDE_STYLE('',(#1160));
#1162=SURFACE_STYLE_USAGE(.BOTH.,#1161);
#1163=PRESENTATION_STYLE_ASSIGNMENT((#1162));
#1164=STYLED_ITEM('',(#1163),#1156);
#1165=ADVANCED_FACE('',(#2031,#2033),#2035,.F.);
#1166=COLOUR_RGB($,0.156862745098039,0.156862745098039,0.156862745098039);
#1167=FILL_AREA_STYLE_COLOUR($,#1166);
#1168=FILL_AREA_STYLE($,(#1167));
#1169=SURFACE_STYLE_FILL_AREA(#1168);
#1170=SURFACE_SIDE_STYLE('',(#1169));
#1171=SURFACE_STYLE_USAGE(.BOTH.,#1170);
#1172=PRESENTATION_STYLE_ASSIGNMENT((#1171));
#1173=STYLED_ITEM('',(#1172),#1165);
#1174=ADVANCED_FACE('',(#2040,#2042),#2044,.F.);
#1175=COLOUR_RGB($,0.156862745098039,0.156862745098039,0.156862745098039);
#1176=FILL_AREA_STYLE_COLOUR($,#1175);
#1177=FILL_AREA_STYLE($,(#1176));
#1178=SURFACE_STYLE_FILL_AREA(#1177);
#1179=SURFACE_SIDE_STYLE('',(#1178));
#1180=SURFACE_STYLE_USAGE(.BOTH.,#1179);
#1181=PRESENTATION_STYLE_ASSIGNMENT((#1180));
#1182=STYLED_ITEM('',(#1181),#1174);
#1183=ADVANCED_FACE('',(#2049),#2051,.T.);
#1184=COLOUR_RGB($,0.827450980392157,0.831372549019608,0.835294117647059);
#1185=FILL_AREA_STYLE_COLOUR($,#1184);
#1186=FILL_AREA_STYLE($,(#1185));
#1187=SURFACE_STYLE_FILL_AREA(#1186);
#1188=SURFACE_SIDE_STYLE('',(#1187));
#1189=SURFACE_STYLE_USAGE(.BOTH.,#1188);
#1190=PRESENTATION_STYLE_ASSIGNMENT((#1189));
#1191=STYLED_ITEM('',(#1190),#1183);
#1192=ADVANCED_FACE('',(#2056,#2058),#2060,.T.);
#1193=COLOUR_RGB($,0.827450980392157,0.831372549019608,0.835294117647059);
#1194=FILL_AREA_STYLE_COLOUR($,#1193);
#1195=FILL_AREA_STYLE($,(#1194));
#1196=SURFACE_STYLE_FILL_AREA(#1195);
#1197=SURFACE_SIDE_STYLE('',(#1196));
#1198=SURFACE_STYLE_USAGE(.BOTH.,#1197);
#1199=PRESENTATION_STYLE_ASSIGNMENT((#1198));
#1200=STYLED_ITEM('',(#1199),#1192);
#1201=ADVANCED_FACE('',(#2065,#2067),#2069,.T.);
#1202=COLOUR_RGB($,0.827450980392157,0.831372549019608,0.835294117647059);
#1203=FILL_AREA_STYLE_COLOUR($,#1202);
#1204=FILL_AREA_STYLE($,(#1203));
#1205=SURFACE_STYLE_FILL_AREA(#1204);
#1206=SURFACE_SIDE_STYLE('',(#1205));
#1207=SURFACE_STYLE_USAGE(.BOTH.,#1206);
#1208=PRESENTATION_STYLE_ASSIGNMENT((#1207));
#1209=STYLED_ITEM('',(#1208),#1201);
#1210=ADVANCED_FACE('',(#2074,#2076),#2078,.T.);
#1211=COLOUR_RGB($,0.827450980392157,0.831372549019608,0.835294117647059);
#1212=FILL_AREA_STYLE_COLOUR($,#1211);
#1213=FILL_AREA_STYLE($,(#1212));
#1214=SURFACE_STYLE_FILL_AREA(#1213);
#1215=SURFACE_SIDE_STYLE('',(#1214));
#1216=SURFACE_STYLE_USAGE(.BOTH.,#1215);
#1217=PRESENTATION_STYLE_ASSIGNMENT((#1216));
#1218=STYLED_ITEM('',(#1217),#1210);
#1219=ADVANCED_FACE('',(#2083,#2085),#2087,.T.);
#1220=COLOUR_RGB($,0.827450980392157,0.831372549019608,0.835294117647059);
#1221=FILL_AREA_STYLE_COLOUR($,#1220);
#1222=FILL_AREA_STYLE($,(#1221));
#1223=SURFACE_STYLE_FILL_AREA(#1222);
#1224=SURFACE_SIDE_STYLE('',(#1223));
#1225=SURFACE_STYLE_USAGE(.BOTH.,#1224);
#1226=PRESENTATION_STYLE_ASSIGNMENT((#1225));
#1227=STYLED_ITEM('',(#1226),#1219);
#1228=ADVANCED_FACE('',(#2092,#2094),#2096,.T.);
#1229=COLOUR_RGB($,0.827450980392157,0.831372549019608,0.835294117647059);
#1230=FILL_AREA_STYLE_COLOUR($,#1229);
#1231=FILL_AREA_STYLE($,(#1230));
#1232=SURFACE_STYLE_FILL_AREA(#1231);
#1233=SURFACE_SIDE_STYLE('',(#1232));
#1234=SURFACE_STYLE_USAGE(.BOTH.,#1233);
#1235=PRESENTATION_STYLE_ASSIGNMENT((#1234));
#1236=STYLED_ITEM('',(#1235),#1228);
#1237=ADVANCED_FACE('',(#2101,#2103),#2105,.T.);
#1238=COLOUR_RGB($,0.827450980392157,0.831372549019608,0.835294117647059);
#1239=FILL_AREA_STYLE_COLOUR($,#1238);
#1240=FILL_AREA_STYLE($,(#1239));
#1241=SURFACE_STYLE_FILL_AREA(#1240);
#1242=SURFACE_SIDE_STYLE('',(#1241));
#1243=SURFACE_STYLE_USAGE(.BOTH.,#1242);
#1244=PRESENTATION_STYLE_ASSIGNMENT((#1243));
#1245=STYLED_ITEM('',(#1244),#1237);
#1246=ADVANCED_FACE('',(#2110,#2112),#2114,.T.);
#1247=COLOUR_RGB($,0.827450980392157,0.831372549019608,0.835294117647059);
#1248=FILL_AREA_STYLE_COLOUR($,#1247);
#1249=FILL_AREA_STYLE($,(#1248));
#1250=SURFACE_STYLE_FILL_AREA(#1249);
#1251=SURFACE_SIDE_STYLE('',(#1250));
#1252=SURFACE_STYLE_USAGE(.BOTH.,#1251);
#1253=PRESENTATION_STYLE_ASSIGNMENT((#1252));
#1254=STYLED_ITEM('',(#1253),#1246);
#1255=ADVANCED_FACE('',(#2119,#2121),#2123,.T.);
#1256=COLOUR_RGB($,0.827450980392157,0.831372549019608,0.835294117647059);
#1257=FILL_AREA_STYLE_COLOUR($,#1256);
#1258=FILL_AREA_STYLE($,(#1257));
#1259=SURFACE_STYLE_FILL_AREA(#1258);
#1260=SURFACE_SIDE_STYLE('',(#1259));
#1261=SURFACE_STYLE_USAGE(.BOTH.,#1260);
#1262=PRESENTATION_STYLE_ASSIGNMENT((#1261));
#1263=STYLED_ITEM('',(#1262),#1255);
#1264=ADVANCED_FACE('',(#2128,#2130),#2132,.T.);
#1265=COLOUR_RGB($,0.827450980392157,0.831372549019608,0.835294117647059);
#1266=FILL_AREA_STYLE_COLOUR($,#1265);
#1267=FILL_AREA_STYLE($,(#1266));
#1268=SURFACE_STYLE_FILL_AREA(#1267);
#1269=SURFACE_SIDE_STYLE('',(#1268));
#1270=SURFACE_STYLE_USAGE(.BOTH.,#1269);
#1271=PRESENTATION_STYLE_ASSIGNMENT((#1270));
#1272=STYLED_ITEM('',(#1271),#1264);
#1273=ADVANCED_FACE('',(#2137,#2139),#2141,.T.);
#1274=COLOUR_RGB($,0.827450980392157,0.831372549019608,0.835294117647059);
#1275=FILL_AREA_STYLE_COLOUR($,#1274);
#1276=FILL_AREA_STYLE($,(#1275));
#1277=SURFACE_STYLE_FILL_AREA(#1276);
#1278=SURFACE_SIDE_STYLE('',(#1277));
#1279=SURFACE_STYLE_USAGE(.BOTH.,#1278);
#1280=PRESENTATION_STYLE_ASSIGNMENT((#1279));
#1281=STYLED_ITEM('',(#1280),#1273);
#1282=ADVANCED_FACE('',(#2146,#2148),#2150,.F.);
#1283=COLOUR_RGB($,0.827450980392157,0.831372549019608,0.835294117647059);
#1284=FILL_AREA_STYLE_COLOUR($,#1283);
#1285=FILL_AREA_STYLE($,(#1284));
#1286=SURFACE_STYLE_FILL_AREA(#1285);
#1287=SURFACE_SIDE_STYLE('',(#1286));
#1288=SURFACE_STYLE_USAGE(.BOTH.,#1287);
#1289=PRESENTATION_STYLE_ASSIGNMENT((#1288));
#1290=STYLED_ITEM('',(#1289),#1282);
#1291=ADVANCED_FACE('',(#2155,#2157),#2159,.F.);
#1292=COLOUR_RGB($,0.827450980392157,0.831372549019608,0.835294117647059);
#1293=FILL_AREA_STYLE_COLOUR($,#1292);
#1294=FILL_AREA_STYLE($,(#1293));
#1295=SURFACE_STYLE_FILL_AREA(#1294);
#1296=SURFACE_SIDE_STYLE('',(#1295));
#1297=SURFACE_STYLE_USAGE(.BOTH.,#1296);
#1298=PRESENTATION_STYLE_ASSIGNMENT((#1297));
#1299=STYLED_ITEM('',(#1298),#1291);
#1300=ADVANCED_FACE('',(#2164,#2166),#2168,.F.);
#1301=COLOUR_RGB($,0.827450980392157,0.831372549019608,0.835294117647059);
#1302=FILL_AREA_STYLE_COLOUR($,#1301);
#1303=FILL_AREA_STYLE($,(#1302));
#1304=SURFACE_STYLE_FILL_AREA(#1303);
#1305=SURFACE_SIDE_STYLE('',(#1304));
#1306=SURFACE_STYLE_USAGE(.BOTH.,#1305);
#1307=PRESENTATION_STYLE_ASSIGNMENT((#1306));
#1308=STYLED_ITEM('',(#1307),#1300);
#1309=ADVANCED_FACE('',(#2173,#2175),#2177,.T.);
#1310=COLOUR_RGB($,0.827450980392157,0.831372549019608,0.835294117647059);
#1311=FILL_AREA_STYLE_COLOUR($,#1310);
#1312=FILL_AREA_STYLE($,(#1311));
#1313=SURFACE_STYLE_FILL_AREA(#1312);
#1314=SURFACE_SIDE_STYLE('',(#1313));
#1315=SURFACE_STYLE_USAGE(.BOTH.,#1314);
#1316=PRESENTATION_STYLE_ASSIGNMENT((#1315));
#1317=STYLED_ITEM('',(#1316),#1309);
#1318=ADVANCED_FACE('',(#2182,#2184),#2186,.F.);
#1319=COLOUR_RGB($,0.827450980392157,0.831372549019608,0.835294117647059);
#1320=FILL_AREA_STYLE_COLOUR($,#1319);
#1321=FILL_AREA_STYLE($,(#1320));
#1322=SURFACE_STYLE_FILL_AREA(#1321);
#1323=SURFACE_SIDE_STYLE('',(#1322));
#1324=SURFACE_STYLE_USAGE(.BOTH.,#1323);
#1325=PRESENTATION_STYLE_ASSIGNMENT((#1324));
#1326=STYLED_ITEM('',(#1325),#1318);
#1327=ADVANCED_FACE('',(#2191,#2193),#2195,.F.);
#1328=COLOUR_RGB($,0.827450980392157,0.831372549019608,0.835294117647059);
#1329=FILL_AREA_STYLE_COLOUR($,#1328);
#1330=FILL_AREA_STYLE($,(#1329));
#1331=SURFACE_STYLE_FILL_AREA(#1330);
#1332=SURFACE_SIDE_STYLE('',(#1331));
#1333=SURFACE_STYLE_USAGE(.BOTH.,#1332);
#1334=PRESENTATION_STYLE_ASSIGNMENT((#1333));
#1335=STYLED_ITEM('',(#1334),#1327);
#1336=ADVANCED_FACE('',(#2200),#2202,.T.);
#1337=COLOUR_RGB($,0.827450980392157,0.831372549019608,0.835294117647059);
#1338=FILL_AREA_STYLE_COLOUR($,#1337);
#1339=FILL_AREA_STYLE($,(#1338));
#1340=SURFACE_STYLE_FILL_AREA(#1339);
#1341=SURFACE_SIDE_STYLE('',(#1340));
#1342=SURFACE_STYLE_USAGE(.BOTH.,#1341);
#1343=PRESENTATION_STYLE_ASSIGNMENT((#1342));
#1344=STYLED_ITEM('',(#1343),#1336);
#1345=FACE_BOUND('',#1346,.T.);
#1346=EDGE_LOOP('',(#2207,#2208,#2209,#2210));
#1347=PLANE('',#1348);
#1348=AXIS2_PLACEMENT_3D('',#1349,#1350,#1351);
#1349=CARTESIAN_POINT('',(-1.2451077025535,-1.27,1.57));
#1350=DIRECTION('',(0.,-1.,0.));
#1351=DIRECTION('',(1.,0.,0.));
#1352=FACE_BOUND('',#1353,.T.);
#1353=EDGE_LOOP('',(#2211,#2212,#2213,#2214));
#1354=PLANE('',#1355);
#1355=AXIS2_PLACEMENT_3D('',#1356,#1357,#1358);
#1356=CARTESIAN_POINT('',(-1.2451077025535,-1.27,1.57));
#1357=DIRECTION('',(0.,-1.,0.));
#1358=DIRECTION('',(1.,0.,0.));
#1359=FACE_BOUND('',#1360,.T.);
#1360=EDGE_LOOP('',(#2215,#2216,#2217,#2218));
#1361=PLANE('',#1362);
#1362=AXIS2_PLACEMENT_3D('',#1363,#1364,#1365);
#1363=CARTESIAN_POINT('',(-1.2451077025535,-1.27,1.57));
#1364=DIRECTION('',(0.,-1.,0.));
#1365=DIRECTION('',(1.,0.,0.));
#1366=FACE_BOUND('',#1367,.T.);
#1367=EDGE_LOOP('',(#2219,#2220,#2221,#2222));
#1368=PLANE('',#1369);
#1369=AXIS2_PLACEMENT_3D('',#1370,#1371,#1372);
#1370=CARTESIAN_POINT('',(-1.2451077025535,-1.27,1.57));
#1371=DIRECTION('',(0.,-1.,0.));
#1372=DIRECTION('',(1.,0.,0.));
#1373=FACE_BOUND('',#1374,.T.);
#1374=EDGE_LOOP('',(#2223,#2224,#2225,#2226));
#1375=PLANE('',#1376);
#1376=AXIS2_PLACEMENT_3D('',#1377,#1378,#1379);
#1377=CARTESIAN_POINT('',(-1.2451077025535,-1.27,1.57));
#1378=DIRECTION('',(0.,-1.,0.));
#1379=DIRECTION('',(1.,0.,0.));
#1380=FACE_BOUND('',#1381,.T.);
#1381=EDGE_LOOP('',(#2227,#2228,#2229,#2230));
#1382=PLANE('',#1383);
#1383=AXIS2_PLACEMENT_3D('',#1384,#1385,#1386);
#1384=CARTESIAN_POINT('',(-1.2451077025535,-1.27,1.57));
#1385=DIRECTION('',(0.,-1.,0.));
#1386=DIRECTION('',(1.,0.,0.));
#1387=FACE_BOUND('',#1388,.T.);
#1388=EDGE_LOOP('',(#2231,#2232,#2233,#2234));
#1389=PLANE('',#1390);
#1390=AXIS2_PLACEMENT_3D('',#1391,#1392,#1393);
#1391=CARTESIAN_POINT('',(-1.2451077025535,-1.27,1.57));
#1392=DIRECTION('',(0.,-1.,0.));
#1393=DIRECTION('',(1.,0.,0.));
#1394=FACE_BOUND('',#1395,.T.);
#1395=EDGE_LOOP('',(#2235,#2236,#2237,#2238));
#1396=PLANE('',#1397);
#1397=AXIS2_PLACEMENT_3D('',#1398,#1399,#1400);
#1398=CARTESIAN_POINT('',(-1.2451077025535,-1.27,1.57));
#1399=DIRECTION('',(0.,-1.,0.));
#1400=DIRECTION('',(1.,0.,0.));
#1401=FACE_BOUND('',#1402,.T.);
#1402=EDGE_LOOP('',(#2239,#2240,#2241,#2242));
#1403=PLANE('',#1404);
#1404=AXIS2_PLACEMENT_3D('',#1405,#1406,#1407);
#1405=CARTESIAN_POINT('',(-1.2451077025535,-1.27,1.57));
#1406=DIRECTION('',(0.,-1.,0.));
#1407=DIRECTION('',(1.,0.,0.));
#1408=FACE_BOUND('',#1409,.T.);
#1409=EDGE_LOOP('',(#2243,#2244,#2245,#2246));
#1410=PLANE('',#1411);
#1411=AXIS2_PLACEMENT_3D('',#1412,#1413,#1414);
#1412=CARTESIAN_POINT('',(24.1051077025535,1.27,1.57));
#1413=DIRECTION('',(0.,1.,-0.));
#1414=DIRECTION('',(-1.,0.,0.));
#1415=FACE_BOUND('',#1416,.T.);
#1416=EDGE_LOOP('',(#2247,#2248,#2249,#2250));
#1417=PLANE('',#1418);
#1418=AXIS2_PLACEMENT_3D('',#1419,#1420,#1421);
#1419=CARTESIAN_POINT('',(24.1051077025535,1.27,1.57));
#1420=DIRECTION('',(0.,1.,-0.));
#1421=DIRECTION('',(-1.,0.,0.));
#1422=FACE_BOUND('',#1423,.T.);
#1423=EDGE_LOOP('',(#2251,#2252,#2253,#2254));
#1424=PLANE('',#1425);
#1425=AXIS2_PLACEMENT_3D('',#1426,#1427,#1428);
#1426=CARTESIAN_POINT('',(24.1051077025535,1.27,1.57));
#1427=DIRECTION('',(0.,1.,-0.));
#1428=DIRECTION('',(-1.,0.,0.));
#1429=FACE_BOUND('',#1430,.T.);
#1430=EDGE_LOOP('',(#2255,#2256,#2257,#2258));
#1431=PLANE('',#1432);
#1432=AXIS2_PLACEMENT_3D('',#1433,#1434,#1435);
#1433=CARTESIAN_POINT('',(24.1051077025535,1.27,1.57));
#1434=DIRECTION('',(0.,1.,-0.));
#1435=DIRECTION('',(-1.,0.,0.));
#1436=FACE_BOUND('',#1437,.T.);
#1437=EDGE_LOOP('',(#2259,#2260,#2261,#2262));
#1438=PLANE('',#1439);
#1439=AXIS2_PLACEMENT_3D('',#1440,#1441,#1442);
#1440=CARTESIAN_POINT('',(24.1051077025535,1.27,1.57));
#1441=DIRECTION('',(0.,1.,-0.));
#1442=DIRECTION('',(-1.,0.,0.));
#1443=FACE_BOUND('',#1444,.T.);
#1444=EDGE_LOOP('',(#2263,#2264,#2265,#2266));
#1445=PLANE('',#1446);
#1446=AXIS2_PLACEMENT_3D('',#1447,#1448,#1449);
#1447=CARTESIAN_POINT('',(24.1051077025535,1.27,1.57));
#1448=DIRECTION('',(0.,1.,-0.));
#1449=DIRECTION('',(-1.,0.,0.));
#1450=FACE_BOUND('',#1451,.T.);
#1451=EDGE_LOOP('',(#2267,#2268,#2269,#2270));
#1452=PLANE('',#1453);
#1453=AXIS2_PLACEMENT_3D('',#1454,#1455,#1456);
#1454=CARTESIAN_POINT('',(24.1051077025535,1.27,1.57));
#1455=DIRECTION('',(0.,1.,-0.));
#1456=DIRECTION('',(-1.,0.,0.));
#1457=FACE_BOUND('',#1458,.T.);
#1458=EDGE_LOOP('',(#2271,#2272,#2273,#2274));
#1459=PLANE('',#1460);
#1460=AXIS2_PLACEMENT_3D('',#1461,#1462,#1463);
#1461=CARTESIAN_POINT('',(24.1051077025535,1.27,1.57));
#1462=DIRECTION('',(0.,1.,-0.));
#1463=DIRECTION('',(-1.,0.,0.));
#1464=FACE_BOUND('',#1465,.T.);
#1465=EDGE_LOOP('',(#2275,#2276,#2277,#2278));
#1466=PLANE('',#1467);
#1467=AXIS2_PLACEMENT_3D('',#1468,#1469,#1470);
#1468=CARTESIAN_POINT('',(24.1051077025535,1.27,1.57));
#1469=DIRECTION('',(0.,1.,-0.));
#1470=DIRECTION('',(-1.,0.,0.));
#1471=FACE_BOUND('',#1472,.T.);
#1472=EDGE_LOOP('',(#2279,#2280,#2281,#2282,#2283,#2284,#2285,#2286,#2287,#2288,
#2289,#2290,#2291,#2292,#2293,#2294,#2295,#2296,#2297,#2298,#2299,#2300,#2301,#2302,
#2303,#2304,#2305,#2306,#2307,#2308,#2309,#2310,#2311,#2312,#2313,#2314,#2315,#2316,
#2317,#2318,#2319,#2320,#2321,#2322,#2323,#2324,#2325,#2326,#2327,#2328,#2329,#2330,
#2331,#2332,#2333,#2334,#2335,#2336,#2337,#2338,#2339,#2340,#2341,#2342,#2343,#2344,
#2345,#2346,#2347,#2348,#2349,#2350,#2351,#2352,#2353,#2354,#2355,#2356,#2357,#2358));
#1473=FACE_BOUND('',#1474,.T.);
#1474=EDGE_LOOP('',(#2359));
#1475=FACE_BOUND('',#1476,.T.);
#1476=EDGE_LOOP('',(#2360));
#1477=FACE_BOUND('',#1478,.T.);
#1478=EDGE_LOOP('',(#2361));
#1479=FACE_BOUND('',#1480,.T.);
#1480=EDGE_LOOP('',(#2362));
#1481=FACE_BOUND('',#1482,.T.);
#1482=EDGE_LOOP('',(#2363));
#1483=FACE_BOUND('',#1484,.T.);
#1484=EDGE_LOOP('',(#2364));
#1485=FACE_BOUND('',#1486,.T.);
#1486=EDGE_LOOP('',(#2365));
#1487=FACE_BOUND('',#1488,.T.);
#1488=EDGE_LOOP('',(#2366));
#1489=FACE_BOUND('',#1490,.T.);
#1490=EDGE_LOOP('',(#2367));
#1491=FACE_BOUND('',#1492,.T.);
#1492=EDGE_LOOP('',(#2368));
#1493=PLANE('',#1494);
#1494=AXIS2_PLACEMENT_3D('',#1495,#1496,#1497);
#1495=CARTESIAN_POINT('',(0.,0.,2.84));
#1496=DIRECTION('',(0.,0.,1.));
#1497=DIRECTION('',(1.,0.,0.));
#1498=FACE_BOUND('',#1499,.T.);
#1499=EDGE_LOOP('',(#2369,#2370,#2371,#2372,#2373,#2374,#2375,#2376,#2377,#2378,
#2379,#2380,#2381,#2382,#2383,#2384,#2385,#2386,#2387,#2388,#2389,#2390,#2391,#2392,
#2393,#2394,#2395,#2396,#2397,#2398,#2399,#2400,#2401,#2402,#2403,#2404,#2405,#2406,
#2407,#2408,#2409,#2410,#2411,#2412,#2413,#2414,#2415,#2416,#2417,#2418,#2419,#2420,
#2421,#2422,#2423,#2424,#2425,#2426,#2427,#2428,#2429,#2430,#2431,#2432,#2433,#2434,
#2435,#2436,#2437,#2438,#2439,#2440,#2441,#2442,#2443,#2444,#2445,#2446,#2447,#2448));
#1500=FACE_BOUND('',#1501,.T.);
#1501=EDGE_LOOP('',(#2449));
#1502=FACE_BOUND('',#1503,.T.);
#1503=EDGE_LOOP('',(#2450));
#1504=FACE_BOUND('',#1505,.T.);
#1505=EDGE_LOOP('',(#2451));
#1506=FACE_BOUND('',#1507,.T.);
#1507=EDGE_LOOP('',(#2452));
#1508=FACE_BOUND('',#1509,.T.);
#1509=EDGE_LOOP('',(#2453));
#1510=FACE_BOUND('',#1511,.T.);
#1511=EDGE_LOOP('',(#2454));
#1512=FACE_BOUND('',#1513,.T.);
#1513=EDGE_LOOP('',(#2455));
#1514=FACE_BOUND('',#1515,.T.);
#1515=EDGE_LOOP('',(#2456));
#1516=FACE_BOUND('',#1517,.T.);
#1517=EDGE_LOOP('',(#2457));
#1518=FACE_BOUND('',#1519,.T.);
#1519=EDGE_LOOP('',(#2458));
#1520=PLANE('',#1521);
#1521=AXIS2_PLACEMENT_3D('',#1522,#1523,#1524);
#1522=CARTESIAN_POINT('',(0.,0.,1.57));
#1523=DIRECTION('',(0.,0.,1.));
#1524=DIRECTION('',(1.,0.,0.));
#1525=FACE_BOUND('',#1526,.T.);
#1526=EDGE_LOOP('',(#2459,#2460,#2461,#2462));
#1527=PLANE('',#1528);
#1528=AXIS2_PLACEMENT_3D('',#1529,#1530,#1531);
#1529=CARTESIAN_POINT('',(21.749004405268,-1.27,1.57));
#1530=DIRECTION('',(0.906307787039943,0.422618261733638,-0.));
#1531=DIRECTION('',(-0.422618261733638,0.906307787039943,0.));
#1532=FACE_BOUND('',#1533,.T.);
#1533=EDGE_LOOP('',(#2463,#2464,#2465,#2466));
#1534=PLANE('',#1535);
#1535=AXIS2_PLACEMENT_3D('',#1536,#1537,#1538);
#1536=CARTESIAN_POINT('',(21.5628107663879,-0.987321452149846,1.57));
#1537=DIRECTION('',(-0.906307787039943,0.422618261733637,0.));
#1538=DIRECTION('',(-0.422618261733637,-0.906307787039943,0.));
#1539=FACE_BOUND('',#1540,.T.);
#1540=EDGE_LOOP('',(#2467,#2468,#2469,#2470));
#1541=CYLINDRICAL_SURFACE('',#1542,0.03);
#1542=AXIS2_PLACEMENT_3D('',#1543,#1544,#1545);
#1543=CARTESIAN_POINT('',(21.59,-1.,1.57));
#1544=DIRECTION('',(0.,0.,1.));
#1545=DIRECTION('',(0.906307786970437,0.422618261882694,0.));
#1546=FACE_BOUND('',#1547,.T.);
#1547=EDGE_LOOP('',(#2471,#2472,#2473,#2474));
#1548=CYLINDRICAL_SURFACE('',#1549,0.03);
#1549=AXIS2_PLACEMENT_3D('',#1550,#1551,#1552);
#1550=CARTESIAN_POINT('',(21.59,1.,1.57));
#1551=DIRECTION('',(0.,0.,1.));
#1552=DIRECTION('',(-0.906307787035285,-0.422618261743626,0.));
#1553=FACE_BOUND('',#1554,.T.);
#1554=EDGE_LOOP('',(#2475,#2476,#2477,#2478));
#1555=PLANE('',#1556);
#1556=AXIS2_PLACEMENT_3D('',#1557,#1558,#1559);
#1557=CARTESIAN_POINT('',(21.4309955947281,1.27,1.57));
#1558=DIRECTION('',(-0.906307787035266,-0.422618261743666,0.));
#1559=DIRECTION('',(0.422618261743666,-0.906307787035267,0.));
#1560=FACE_BOUND('',#1561,.T.);
#1561=EDGE_LOOP('',(#2479,#2480,#2481,#2482));
#1562=PLANE('',#1563);
#1563=AXIS2_PLACEMENT_3D('',#1564,#1565,#1566);
#1564=CARTESIAN_POINT('',(21.6171892336111,0.987321452147693,1.57));
#1565=DIRECTION('',(0.906307787035268,-0.422618261743663,0.));
#1566=DIRECTION('',(0.422618261743663,0.906307787035268,0.));
#1567=FACE_BOUND('',#1568,.T.);
#1568=EDGE_LOOP('',(#2483,#2484,#2485,#2486));
#1569=PLANE('',#1570);
#1570=AXIS2_PLACEMENT_3D('',#1571,#1572,#1573);
#1571=CARTESIAN_POINT('',(19.209004405268,-1.27,1.57));
#1572=DIRECTION('',(0.906307787039943,0.422618261733638,-0.));
#1573=DIRECTION('',(-0.422618261733638,0.906307787039943,0.));
#1574=FACE_BOUND('',#1575,.T.);
#1575=EDGE_LOOP('',(#2487,#2488,#2489,#2490));
#1576=PLANE('',#1577);
#1577=AXIS2_PLACEMENT_3D('',#1578,#1579,#1580);
#1578=CARTESIAN_POINT('',(19.0228107663879,-0.987321452149846,1.57));
#1579=DIRECTION('',(-0.906307787039943,0.422618261733637,0.));
#1580=DIRECTION('',(-0.422618261733637,-0.906307787039943,0.));
#1581=FACE_BOUND('',#1582,.T.);
#1582=EDGE_LOOP('',(#2491,#2492,#2493,#2494));
#1583=CYLINDRICAL_SURFACE('',#1584,0.03);
#1584=AXIS2_PLACEMENT_3D('',#1585,#1586,#1587);
#1585=CARTESIAN_POINT('',(19.05,-1.,1.57));
#1586=DIRECTION('',(0.,0.,1.));
#1587=DIRECTION('',(0.906307786970437,0.422618261882694,0.));
#1588=FACE_BOUND('',#1589,.T.);
#1589=EDGE_LOOP('',(#2495,#2496,#2497,#2498));
#1590=CYLINDRICAL_SURFACE('',#1591,0.03);
#1591=AXIS2_PLACEMENT_3D('',#1592,#1593,#1594);
#1592=CARTESIAN_POINT('',(19.05,1.,1.57));
#1593=DIRECTION('',(0.,0.,1.));
#1594=DIRECTION('',(-0.906307787035285,-0.422618261743626,0.));
#1595=FACE_BOUND('',#1596,.T.);
#1596=EDGE_LOOP('',(#2499,#2500,#2501,#2502));
#1597=PLANE('',#1598);
#1598=AXIS2_PLACEMENT_3D('',#1599,#1600,#1601);
#1599=CARTESIAN_POINT('',(18.8909955947282,1.27,1.57));
#1600=DIRECTION('',(-0.906307787035266,-0.422618261743666,0.));
#1601=DIRECTION('',(0.422618261743666,-0.906307787035267,0.));
#1602=FACE_BOUND('',#1603,.T.);
#1603=EDGE_LOOP('',(#2503,#2504,#2505,#2506));
#1604=PLANE('',#1605);
#1605=AXIS2_PLACEMENT_3D('',#1606,#1607,#1608);
#1606=CARTESIAN_POINT('',(19.0771892336111,0.987321452147693,1.57));
#1607=DIRECTION('',(0.906307787035268,-0.422618261743663,0.));
#1608=DIRECTION('',(0.422618261743663,0.906307787035268,0.));
#1609=FACE_BOUND('',#1610,.T.);
#1610=EDGE_LOOP('',(#2507,#2508,#2509,#2510));
#1611=PLANE('',#1612);
#1612=AXIS2_PLACEMENT_3D('',#1613,#1614,#1615);
#1613=CARTESIAN_POINT('',(16.669004405268,-1.27,1.57));
#1614=DIRECTION('',(0.906307787039943,0.422618261733638,-0.));
#1615=DIRECTION('',(-0.422618261733638,0.906307787039943,0.));
#1616=FACE_BOUND('',#1617,.T.);
#1617=EDGE_LOOP('',(#2511,#2512,#2513,#2514));
#1618=PLANE('',#1619);
#1619=AXIS2_PLACEMENT_3D('',#1620,#1621,#1622);
#1620=CARTESIAN_POINT('',(16.4828107663879,-0.987321452149846,1.57));
#1621=DIRECTION('',(-0.906307787039943,0.422618261733637,0.));
#1622=DIRECTION('',(-0.422618261733637,-0.906307787039943,0.));
#1623=FACE_BOUND('',#1624,.T.);
#1624=EDGE_LOOP('',(#2515,#2516,#2517,#2518));
#1625=CYLINDRICAL_SURFACE('',#1626,0.03);
#1626=AXIS2_PLACEMENT_3D('',#1627,#1628,#1629);
#1627=CARTESIAN_POINT('',(16.51,-1.,1.57));
#1628=DIRECTION('',(0.,0.,1.));
#1629=DIRECTION('',(0.906307786970437,0.422618261882694,0.));
#1630=FACE_BOUND('',#1631,.T.);
#1631=EDGE_LOOP('',(#2519,#2520,#2521,#2522));
#1632=CYLINDRICAL_SURFACE('',#1633,0.03);
#1633=AXIS2_PLACEMENT_3D('',#1634,#1635,#1636);
#1634=CARTESIAN_POINT('',(16.51,1.,1.57));
#1635=DIRECTION('',(0.,0.,1.));
#1636=DIRECTION('',(-0.906307787035285,-0.422618261743626,0.));
#1637=FACE_BOUND('',#1638,.T.);
#1638=EDGE_LOOP('',(#2523,#2524,#2525,#2526));
#1639=PLANE('',#1640);
#1640=AXIS2_PLACEMENT_3D('',#1641,#1642,#1643);
#1641=CARTESIAN_POINT('',(16.3509955947282,1.27,1.57));
#1642=DIRECTION('',(-0.906307787035266,-0.422618261743666,0.));
#1643=DIRECTION('',(0.422618261743666,-0.906307787035267,0.));
#1644=FACE_BOUND('',#1645,.T.);
#1645=EDGE_LOOP('',(#2527,#2528,#2529,#2530));
#1646=PLANE('',#1647);
#1647=AXIS2_PLACEMENT_3D('',#1648,#1649,#1650);
#1648=CARTESIAN_POINT('',(16.5371892336111,0.987321452147693,1.57));
#1649=DIRECTION('',(0.906307787035268,-0.422618261743663,0.));
#1650=DIRECTION('',(0.422618261743663,0.906307787035268,0.));
#1651=FACE_BOUND('',#1652,.T.);
#1652=EDGE_LOOP('',(#2531,#2532,#2533,#2534));
#1653=PLANE('',#1654);
#1654=AXIS2_PLACEMENT_3D('',#1655,#1656,#1657);
#1655=CARTESIAN_POINT('',(14.129004405268,-1.27,1.57));
#1656=DIRECTION('',(0.906307787039943,0.422618261733638,-0.));
#1657=DIRECTION('',(-0.422618261733638,0.906307787039943,0.));
#1658=FACE_BOUND('',#1659,.T.);
#1659=EDGE_LOOP('',(#2535,#2536,#2537,#2538));
#1660=PLANE('',#1661);
#1661=AXIS2_PLACEMENT_3D('',#1662,#1663,#1664);
#1662=CARTESIAN_POINT('',(13.9428107663879,-0.987321452149846,1.57));
#1663=DIRECTION('',(-0.906307787039943,0.422618261733637,0.));
#1664=DIRECTION('',(-0.422618261733637,-0.906307787039943,0.));
#1665=FACE_BOUND('',#1666,.T.);
#1666=EDGE_LOOP('',(#2539,#2540,#2541,#2542));
#1667=CYLINDRICAL_SURFACE('',#1668,0.03);
#1668=AXIS2_PLACEMENT_3D('',#1669,#1670,#1671);
#1669=CARTESIAN_POINT('',(13.97,-1.,1.57));
#1670=DIRECTION('',(0.,0.,1.));
#1671=DIRECTION('',(0.906307786970437,0.422618261882694,0.));
#1672=FACE_BOUND('',#1673,.T.);
#1673=EDGE_LOOP('',(#2543,#2544,#2545,#2546));
#1674=CYLINDRICAL_SURFACE('',#1675,0.03);
#1675=AXIS2_PLACEMENT_3D('',#1676,#1677,#1678);
#1676=CARTESIAN_POINT('',(13.97,1.,1.57));
#1677=DIRECTION('',(0.,0.,1.));
#1678=DIRECTION('',(-0.906307787035285,-0.422618261743626,0.));
#1679=FACE_BOUND('',#1680,.T.);
#1680=EDGE_LOOP('',(#2547,#2548,#2549,#2550));
#1681=PLANE('',#1682);
#1682=AXIS2_PLACEMENT_3D('',#1683,#1684,#1685);
#1683=CARTESIAN_POINT('',(13.8109955947282,1.27,1.57));
#1684=DIRECTION('',(-0.906307787035266,-0.422618261743666,0.));
#1685=DIRECTION('',(0.422618261743666,-0.906307787035267,0.));
#1686=FACE_BOUND('',#1687,.T.);
#1687=EDGE_LOOP('',(#2551,#2552,#2553,#2554));
#1688=PLANE('',#1689);
#1689=AXIS2_PLACEMENT_3D('',#1690,#1691,#1692);
#1690=CARTESIAN_POINT('',(13.9971892336111,0.987321452147693,1.57));
#1691=DIRECTION('',(0.906307787035268,-0.422618261743663,0.));
#1692=DIRECTION('',(0.422618261743663,0.906307787035268,0.));
#1693=FACE_BOUND('',#1694,.T.);
#1694=EDGE_LOOP('',(#2555,#2556,#2557,#2558));
#1695=PLANE('',#1696);
#1696=AXIS2_PLACEMENT_3D('',#1697,#1698,#1699);
#1697=CARTESIAN_POINT('',(11.589004405268,-1.27,1.57));
#1698=DIRECTION('',(0.906307787039943,0.422618261733638,-0.));
#1699=DIRECTION('',(-0.422618261733638,0.906307787039943,0.));
#1700=FACE_BOUND('',#1701,.T.);
#1701=EDGE_LOOP('',(#2559,#2560,#2561,#2562));
#1702=PLANE('',#1703);
#1703=AXIS2_PLACEMENT_3D('',#1704,#1705,#1706);
#1704=CARTESIAN_POINT('',(11.4028107663879,-0.987321452149846,1.57));
#1705=DIRECTION('',(-0.906307787039943,0.422618261733637,0.));
#1706=DIRECTION('',(-0.422618261733637,-0.906307787039943,0.));
#1707=FACE_BOUND('',#1708,.T.);
#1708=EDGE_LOOP('',(#2563,#2564,#2565,#2566));
#1709=CYLINDRICAL_SURFACE('',#1710,0.03);
#1710=AXIS2_PLACEMENT_3D('',#1711,#1712,#1713);
#1711=CARTESIAN_POINT('',(11.43,-1.,1.57));
#1712=DIRECTION('',(0.,0.,1.));
#1713=DIRECTION('',(0.906307786970437,0.422618261882694,0.));
#1714=FACE_BOUND('',#1715,.T.);
#1715=EDGE_LOOP('',(#2567,#2568,#2569,#2570));
#1716=CYLINDRICAL_SURFACE('',#1717,0.03);
#1717=AXIS2_PLACEMENT_3D('',#1718,#1719,#1720);
#1718=CARTESIAN_POINT('',(11.43,1.,1.57));
#1719=DIRECTION('',(0.,0.,1.));
#1720=DIRECTION('',(-0.906307787035285,-0.422618261743626,0.));
#1721=FACE_BOUND('',#1722,.T.);
#1722=EDGE_LOOP('',(#2571,#2572,#2573,#2574));
#1723=PLANE('',#1724);
#1724=AXIS2_PLACEMENT_3D('',#1725,#1726,#1727);
#1725=CARTESIAN_POINT('',(11.2709955947282,1.27,1.57));
#1726=DIRECTION('',(-0.906307787035266,-0.422618261743666,0.));
#1727=DIRECTION('',(0.422618261743666,-0.906307787035267,0.));
#1728=FACE_BOUND('',#1729,.T.);
#1729=EDGE_LOOP('',(#2575,#2576,#2577,#2578));
#1730=PLANE('',#1731);
#1731=AXIS2_PLACEMENT_3D('',#1732,#1733,#1734);
#1732=CARTESIAN_POINT('',(11.4571892336111,0.987321452147693,1.57));
#1733=DIRECTION('',(0.906307787035268,-0.422618261743663,0.));
#1734=DIRECTION('',(0.422618261743663,0.906307787035268,0.));
#1735=FACE_BOUND('',#1736,.T.);
#1736=EDGE_LOOP('',(#2579,#2580,#2581,#2582));
#1737=PLANE('',#1738);
#1738=AXIS2_PLACEMENT_3D('',#1739,#1740,#1741);
#1739=CARTESIAN_POINT('',(9.04900440526804,-1.27,1.57));
#1740=DIRECTION('',(0.906307787039943,0.422618261733638,-0.));
#1741=DIRECTION('',(-0.422618261733638,0.906307787039943,0.));
#1742=FACE_BOUND('',#1743,.T.);
#1743=EDGE_LOOP('',(#2583,#2584,#2585,#2586));
#1744=PLANE('',#1745);
#1745=AXIS2_PLACEMENT_3D('',#1746,#1747,#1748);
#1746=CARTESIAN_POINT('',(8.86281076638794,-0.987321452149846,1.57));
#1747=DIRECTION('',(-0.906307787039943,0.422618261733637,0.));
#1748=DIRECTION('',(-0.422618261733637,-0.906307787039943,0.));
#1749=FACE_BOUND('',#1750,.T.);
#1750=EDGE_LOOP('',(#2587,#2588,#2589,#2590));
#1751=CYLINDRICAL_SURFACE('',#1752,0.03);
#1752=AXIS2_PLACEMENT_3D('',#1753,#1754,#1755);
#1753=CARTESIAN_POINT('',(8.89,-1.,1.57));
#1754=DIRECTION('',(0.,0.,1.));
#1755=DIRECTION('',(0.906307786970437,0.422618261882694,0.));
#1756=FACE_BOUND('',#1757,.T.);
#1757=EDGE_LOOP('',(#2591,#2592,#2593,#2594));
#1758=CYLINDRICAL_SURFACE('',#1759,0.03);
#1759=AXIS2_PLACEMENT_3D('',#1760,#1761,#1762);
#1760=CARTESIAN_POINT('',(8.89,1.,1.57));
#1761=DIRECTION('',(0.,0.,1.));
#1762=DIRECTION('',(-0.906307787035285,-0.422618261743626,0.));
#1763=FACE_BOUND('',#1764,.T.);
#1764=EDGE_LOOP('',(#2595,#2596,#2597,#2598));
#1765=PLANE('',#1766);
#1766=AXIS2_PLACEMENT_3D('',#1767,#1768,#1769);
#1767=CARTESIAN_POINT('',(8.73099559472815,1.27,1.57));
#1768=DIRECTION('',(-0.906307787035266,-0.422618261743666,0.));
#1769=DIRECTION('',(0.422618261743666,-0.906307787035267,0.));
#1770=FACE_BOUND('',#1771,.T.);
#1771=EDGE_LOOP('',(#2599,#2600,#2601,#2602));
#1772=PLANE('',#1773);
#1773=AXIS2_PLACEMENT_3D('',#1774,#1775,#1776);
#1774=CARTESIAN_POINT('',(8.91718923361106,0.987321452147693,1.57));
#1775=DIRECTION('',(0.906307787035268,-0.422618261743663,0.));
#1776=DIRECTION('',(0.422618261743663,0.906307787035268,0.));
#1777=FACE_BOUND('',#1778,.T.);
#1778=EDGE_LOOP('',(#2603,#2604,#2605,#2606));
#1779=PLANE('',#1780);
#1780=AXIS2_PLACEMENT_3D('',#1781,#1782,#1783);
#1781=CARTESIAN_POINT('',(6.50900440526804,-1.27,1.57));
#1782=DIRECTION('',(0.906307787039943,0.422618261733638,-0.));
#1783=DIRECTION('',(-0.422618261733638,0.906307787039943,0.));
#1784=FACE_BOUND('',#1785,.T.);
#1785=EDGE_LOOP('',(#2607,#2608,#2609,#2610));
#1786=PLANE('',#1787);
#1787=AXIS2_PLACEMENT_3D('',#1788,#1789,#1790);
#1788=CARTESIAN_POINT('',(6.32281076638794,-0.987321452149846,1.57));
#1789=DIRECTION('',(-0.906307787039943,0.422618261733637,0.));
#1790=DIRECTION('',(-0.422618261733637,-0.906307787039943,0.));
#1791=FACE_BOUND('',#1792,.T.);
#1792=EDGE_LOOP('',(#2611,#2612,#2613,#2614));
#1793=CYLINDRICAL_SURFACE('',#1794,0.03);
#1794=AXIS2_PLACEMENT_3D('',#1795,#1796,#1797);
#1795=CARTESIAN_POINT('',(6.35,-1.,1.57));
#1796=DIRECTION('',(0.,0.,1.));
#1797=DIRECTION('',(0.906307786970437,0.422618261882694,0.));
#1798=FACE_BOUND('',#1799,.T.);
#1799=EDGE_LOOP('',(#2615,#2616,#2617,#2618));
#1800=CYLINDRICAL_SURFACE('',#1801,0.03);
#1801=AXIS2_PLACEMENT_3D('',#1802,#1803,#1804);
#1802=CARTESIAN_POINT('',(6.35,1.,1.57));
#1803=DIRECTION('',(0.,0.,1.));
#1804=DIRECTION('',(-0.906307787035285,-0.422618261743626,0.));
#1805=FACE_BOUND('',#1806,.T.);
#1806=EDGE_LOOP('',(#2619,#2620,#2621,#2622));
#1807=PLANE('',#1808);
#1808=AXIS2_PLACEMENT_3D('',#1809,#1810,#1811);
#1809=CARTESIAN_POINT('',(6.19099559472815,1.27,1.57));
#1810=DIRECTION('',(-0.906307787035266,-0.422618261743666,0.));
#1811=DIRECTION('',(0.422618261743666,-0.906307787035267,0.));
#1812=FACE_BOUND('',#1813,.T.);
#1813=EDGE_LOOP('',(#2623,#2624,#2625,#2626));
#1814=PLANE('',#1815);
#1815=AXIS2_PLACEMENT_3D('',#1816,#1817,#1818);
#1816=CARTESIAN_POINT('',(6.37718923361106,0.987321452147693,1.57));
#1817=DIRECTION('',(0.906307787035268,-0.422618261743663,0.));
#1818=DIRECTION('',(0.422618261743663,0.906307787035268,0.));
#1819=FACE_BOUND('',#1820,.T.);
#1820=EDGE_LOOP('',(#2627,#2628,#2629,#2630));
#1821=PLANE('',#1822);
#1822=AXIS2_PLACEMENT_3D('',#1823,#1824,#1825);
#1823=CARTESIAN_POINT('',(3.96900440526804,-1.27,1.57));
#1824=DIRECTION('',(0.906307787039943,0.422618261733638,-0.));
#1825=DIRECTION('',(-0.422618261733638,0.906307787039943,0.));
#1826=FACE_BOUND('',#1827,.T.);
#1827=EDGE_LOOP('',(#2631,#2632,#2633,#2634));
#1828=PLANE('',#1829);
#1829=AXIS2_PLACEMENT_3D('',#1830,#1831,#1832);
#1830=CARTESIAN_POINT('',(3.78281076638794,-0.987321452149846,1.57));
#1831=DIRECTION('',(-0.906307787039943,0.422618261733637,0.));
#1832=DIRECTION('',(-0.422618261733637,-0.906307787039943,0.));
#1833=FACE_BOUND('',#1834,.T.);
#1834=EDGE_LOOP('',(#2635,#2636,#2637,#2638));
#1835=CYLINDRICAL_SURFACE('',#1836,0.03);
#1836=AXIS2_PLACEMENT_3D('',#1837,#1838,#1839);
#1837=CARTESIAN_POINT('',(3.81,-1.,1.57));
#1838=DIRECTION('',(0.,0.,1.));
#1839=DIRECTION('',(0.906307786970437,0.422618261882694,0.));
#1840=FACE_BOUND('',#1841,.T.);
#1841=EDGE_LOOP('',(#2639,#2640,#2641,#2642));
#1842=CYLINDRICAL_SURFACE('',#1843,0.03);
#1843=AXIS2_PLACEMENT_3D('',#1844,#1845,#1846);
#1844=CARTESIAN_POINT('',(3.81,1.,1.57));
#1845=DIRECTION('',(0.,0.,1.));
#1846=DIRECTION('',(-0.906307787035285,-0.422618261743626,0.));
#1847=FACE_BOUND('',#1848,.T.);
#1848=EDGE_LOOP('',(#2643,#2644,#2645,#2646));
#1849=PLANE('',#1850);
#1850=AXIS2_PLACEMENT_3D('',#1851,#1852,#1853);
#1851=CARTESIAN_POINT('',(3.65099559472815,1.27,1.57));
#1852=DIRECTION('',(-0.906307787035266,-0.422618261743666,0.));
#1853=DIRECTION('',(0.422618261743666,-0.906307787035267,0.));
#1854=FACE_BOUND('',#1855,.T.);
#1855=EDGE_LOOP('',(#2647,#2648,#2649,#2650));
#1856=PLANE('',#1857);
#1857=AXIS2_PLACEMENT_3D('',#1858,#1859,#1860);
#1858=CARTESIAN_POINT('',(3.83718923361106,0.987321452147693,1.57));
#1859=DIRECTION('',(0.906307787035268,-0.422618261743663,0.));
#1860=DIRECTION('',(0.422618261743663,0.906307787035268,0.));
#1861=FACE_BOUND('',#1862,.T.);
#1862=EDGE_LOOP('',(#2651,#2652,#2653,#2654));
#1863=PLANE('',#1864);
#1864=AXIS2_PLACEMENT_3D('',#1865,#1866,#1867);
#1865=CARTESIAN_POINT('',(1.42900440526804,-1.27,1.57));
#1866=DIRECTION('',(0.906307787039943,0.422618261733638,-0.));
#1867=DIRECTION('',(-0.422618261733638,0.906307787039943,0.));
#1868=FACE_BOUND('',#1869,.T.);
#1869=EDGE_LOOP('',(#2655,#2656,#2657,#2658));
#1870=PLANE('',#1871);
#1871=AXIS2_PLACEMENT_3D('',#1872,#1873,#1874);
#1872=CARTESIAN_POINT('',(24.1051077025535,-1.27,1.57));
#1873=DIRECTION('',(0.906307787036653,-0.422618261740693,0.));
#1874=DIRECTION('',(0.422618261740693,0.906307787036653,0.));
#1875=FACE_BOUND('',#1876,.T.);
#1876=EDGE_LOOP('',(#2659,#2660,#2661,#2662));
#1877=PLANE('',#1878);
#1878=AXIS2_PLACEMENT_3D('',#1879,#1880,#1881);
#1879=CARTESIAN_POINT('',(1.29718923361106,0.987321452147693,1.57));
#1880=DIRECTION('',(0.906307787035268,-0.422618261743663,0.));
#1881=DIRECTION('',(0.422618261743663,0.906307787035268,0.));
#1882=FACE_BOUND('',#1883,.T.);
#1883=EDGE_LOOP('',(#2663,#2664,#2665,#2666));
#1884=PLANE('',#1885);
#1885=AXIS2_PLACEMENT_3D('',#1886,#1887,#1888);
#1886=CARTESIAN_POINT('',(24.245,0.97,1.57));
#1887=DIRECTION('',(0.906307787036652,0.422618261740694,-0.));
#1888=DIRECTION('',(-0.422618261740694,0.906307787036653,0.));
#1889=FACE_BOUND('',#1890,.T.);
#1890=EDGE_LOOP('',(#2667,#2668,#2669,#2670));
#1891=CYLINDRICAL_SURFACE('',#1892,0.03);
#1892=AXIS2_PLACEMENT_3D('',#1893,#1894,#1895);
#1893=CARTESIAN_POINT('',(1.27,1.,1.57));
#1894=DIRECTION('',(0.,0.,1.));
#1895=DIRECTION('',(-0.906307787035285,-0.422618261743626,0.));
#1896=FACE_BOUND('',#1897,.T.);
#1897=EDGE_LOOP('',(#2671,#2672,#2673,#2674));
#1898=PLANE('',#1899);
#1899=AXIS2_PLACEMENT_3D('',#1900,#1901,#1902);
#1900=CARTESIAN_POINT('',(1.11099559472815,1.27,1.57));
#1901=DIRECTION('',(-0.906307787035266,-0.422618261743666,0.));
#1902=DIRECTION('',(0.422618261743666,-0.906307787035267,0.));
#1903=FACE_BOUND('',#1904,.T.);
#1904=EDGE_LOOP('',(#2675,#2676,#2677,#2678));
#1905=PLANE('',#1906);
#1906=AXIS2_PLACEMENT_3D('',#1907,#1908,#1909);
#1907=CARTESIAN_POINT('',(24.1051077025535,1.27,1.57));
#1908=DIRECTION('',(0.,1.,-0.));
#1909=DIRECTION('',(-1.,0.,0.));
#1910=FACE_BOUND('',#1911,.T.);
#1911=EDGE_LOOP('',(#2679,#2680,#2681,#2682));
#1912=PLANE('',#1913);
#1913=AXIS2_PLACEMENT_3D('',#1914,#1915,#1916);
#1914=CARTESIAN_POINT('',(-1.2451077025535,1.27,1.57));
#1915=DIRECTION('',(-0.90630778703665,0.422618261740699,0.));
#1916=DIRECTION('',(-0.4226182617407,-0.90630778703665,0.));
#1917=FACE_BOUND('',#1918,.T.);
#1918=EDGE_LOOP('',(#2683,#2684,#2685,#2686));
#1919=PLANE('',#1920);
#1920=AXIS2_PLACEMENT_3D('',#1921,#1922,#1923);
#1921=CARTESIAN_POINT('',(-1.385,0.970000000000001,1.57));
#1922=DIRECTION('',(-1.,2.28911963840238E-016,0.));
#1923=DIRECTION('',(-2.28911963840238E-016,-1.,0.));
#1924=FACE_BOUND('',#1925,.T.);
#1925=EDGE_LOOP('',(#2687,#2688,#2689,#2690));
#1926=PLANE('',#1927);
#1927=AXIS2_PLACEMENT_3D('',#1928,#1929,#1930);
#1928=CARTESIAN_POINT('',(-1.385,-0.97,1.57));
#1929=DIRECTION('',(-0.90630778703665,-0.422618261740699,0.));
#1930=DIRECTION('',(0.422618261740699,-0.90630778703665,0.));
#1931=FACE_BOUND('',#1932,.T.);
#1932=EDGE_LOOP('',(#2691,#2692,#2693,#2694));
#1933=PLANE('',#1934);
#1934=AXIS2_PLACEMENT_3D('',#1935,#1936,#1937);
#1935=CARTESIAN_POINT('',(-1.2451077025535,-1.27,1.57));
#1936=DIRECTION('',(0.,-1.,0.));
#1937=DIRECTION('',(1.,0.,0.));
#1938=FACE_BOUND('',#1939,.T.);
#1939=EDGE_LOOP('',(#2695,#2696,#2697,#2698));
#1940=PLANE('',#1941);
#1941=AXIS2_PLACEMENT_3D('',#1942,#1943,#1944);
#1942=CARTESIAN_POINT('',(1.24281076638794,-0.987321452149846,1.57));
#1943=DIRECTION('',(-0.906307787039943,0.422618261733637,0.));
#1944=DIRECTION('',(-0.422618261733637,-0.906307787039943,0.));
#1945=FACE_BOUND('',#1946,.T.);
#1946=EDGE_LOOP('',(#2699,#2700,#2701,#2702));
#1947=CYLINDRICAL_SURFACE('',#1948,0.03);
#1948=AXIS2_PLACEMENT_3D('',#1949,#1950,#1951);
#1949=CARTESIAN_POINT('',(1.27,-1.,1.57));
#1950=DIRECTION('',(0.,0.,1.));
#1951=DIRECTION('',(0.906307786970437,0.422618261882694,0.));
#1952=FACE_BOUND('',#1953,.T.);
#1953=EDGE_LOOP('',(#2703,#2704,#2705,#2706));
#1954=PLANE('',#1955);
#1955=AXIS2_PLACEMENT_3D('',#1956,#1957,#1958);
#1956=CARTESIAN_POINT('',(24.245,-0.97,1.57));
#1957=DIRECTION('',(1.,0.,0.));
#1958=DIRECTION('',(0.,1.,0.));
#1959=FACE_OUTER_BOUND('',#1960,.T.);
#1960=EDGE_LOOP('',(#2707));
#1961=FACE_OUTER_BOUND('',#1962,.T.);
#1962=EDGE_LOOP('',(#2708));
#1963=CYLINDRICAL_SURFACE('',#1964,0.66);
#1964=AXIS2_PLACEMENT_3D('',#1965,#1966,#1967);
#1965=CARTESIAN_POINT('',(0.,0.,0.));
#1966=DIRECTION('',(0.,0.,1.));
#1967=DIRECTION('',(1.,0.,0.));
#1968=FACE_OUTER_BOUND('',#1969,.T.);
#1969=EDGE_LOOP('',(#2709));
#1970=FACE_OUTER_BOUND('',#1971,.T.);
#1971=EDGE_LOOP('',(#2710));
#1972=CYLINDRICAL_SURFACE('',#1973,0.66);
#1973=AXIS2_PLACEMENT_3D('',#1974,#1975,#1976);
#1974=CARTESIAN_POINT('',(22.86,0.,0.));
#1975=DIRECTION('',(0.,0.,1.));
#1976=DIRECTION('',(1.,0.,0.));
#1977=FACE_OUTER_BOUND('',#1978,.T.);
#1978=EDGE_LOOP('',(#2711));
#1979=FACE_OUTER_BOUND('',#1980,.T.);
#1980=EDGE_LOOP('',(#2712));
#1981=CYLINDRICAL_SURFACE('',#1982,0.66);
#1982=AXIS2_PLACEMENT_3D('',#1983,#1984,#1985);
#1983=CARTESIAN_POINT('',(20.32,0.,0.));
#1984=DIRECTION('',(0.,0.,1.));
#1985=DIRECTION('',(1.,0.,0.));
#1986=FACE_OUTER_BOUND('',#1987,.T.);
#1987=EDGE_LOOP('',(#2713));
#1988=FACE_OUTER_BOUND('',#1989,.T.);
#1989=EDGE_LOOP('',(#2714));
#1990=CYLINDRICAL_SURFACE('',#1991,0.66);
#1991=AXIS2_PLACEMENT_3D('',#1992,#1993,#1994);
#1992=CARTESIAN_POINT('',(17.78,0.,0.));
#1993=DIRECTION('',(0.,0.,1.));
#1994=DIRECTION('',(1.,0.,0.));
#1995=FACE_OUTER_BOUND('',#1996,.T.);
#1996=EDGE_LOOP('',(#2715));
#1997=FACE_OUTER_BOUND('',#1998,.T.);
#1998=EDGE_LOOP('',(#2716));
#1999=CYLINDRICAL_SURFACE('',#2000,0.66);
#2000=AXIS2_PLACEMENT_3D('',#2001,#2002,#2003);
#2001=CARTESIAN_POINT('',(15.24,0.,0.));
#2002=DIRECTION('',(0.,0.,1.));
#2003=DIRECTION('',(1.,0.,0.));
#2004=FACE_OUTER_BOUND('',#2005,.T.);
#2005=EDGE_LOOP('',(#2717));
#2006=FACE_OUTER_BOUND('',#2007,.T.);
#2007=EDGE_LOOP('',(#2718));
#2008=CYLINDRICAL_SURFACE('',#2009,0.66);
#2009=AXIS2_PLACEMENT_3D('',#2010,#2011,#2012);
#2010=CARTESIAN_POINT('',(12.7,0.,0.));
#2011=DIRECTION('',(0.,0.,1.));
#2012=DIRECTION('',(1.,0.,0.));
#2013=FACE_OUTER_BOUND('',#2014,.T.);
#2014=EDGE_LOOP('',(#2719));
#2015=FACE_OUTER_BOUND('',#2016,.T.);
#2016=EDGE_LOOP('',(#2720));
#2017=CYLINDRICAL_SURFACE('',#2018,0.66);
#2018=AXIS2_PLACEMENT_3D('',#2019,#2020,#2021);
#2019=CARTESIAN_POINT('',(10.16,0.,0.));
#2020=DIRECTION('',(0.,0.,1.));
#2021=DIRECTION('',(1.,0.,0.));
#2022=FACE_OUTER_BOUND('',#2023,.T.);
#2023=EDGE_LOOP('',(#2721));
#2024=FACE_OUTER_BOUND('',#2025,.T.);
#2025=EDGE_LOOP('',(#2722));
#2026=CYLINDRICAL_SURFACE('',#2027,0.66);
#2027=AXIS2_PLACEMENT_3D('',#2028,#2029,#2030);
#2028=CARTESIAN_POINT('',(7.62,0.,0.));
#2029=DIRECTION('',(0.,0.,1.));
#2030=DIRECTION('',(1.,0.,0.));
#2031=FACE_OUTER_BOUND('',#2032,.T.);
#2032=EDGE_LOOP('',(#2723));
#2033=FACE_OUTER_BOUND('',#2034,.T.);
#2034=EDGE_LOOP('',(#2724));
#2035=CYLINDRICAL_SURFACE('',#2036,0.66);
#2036=AXIS2_PLACEMENT_3D('',#2037,#2038,#2039);
#2037=CARTESIAN_POINT('',(5.08,0.,0.));
#2038=DIRECTION('',(0.,0.,1.));
#2039=DIRECTION('',(1.,0.,0.));
#2040=FACE_OUTER_BOUND('',#2041,.T.);
#2041=EDGE_LOOP('',(#2725));
#2042=FACE_OUTER_BOUND('',#2043,.T.);
#2043=EDGE_LOOP('',(#2726));
#2044=CYLINDRICAL_SURFACE('',#2045,0.66);
#2045=AXIS2_PLACEMENT_3D('',#2046,#2047,#2048);
#2046=CARTESIAN_POINT('',(2.54,0.,0.));
#2047=DIRECTION('',(0.,0.,1.));
#2048=DIRECTION('',(1.,0.,0.));
#2049=FACE_BOUND('',#2050,.T.);
#2050=EDGE_LOOP('',(#2727));
#2051=PLANE('',#2052);
#2052=AXIS2_PLACEMENT_3D('',#2053,#2054,#2055);
#2053=CARTESIAN_POINT('',(0.,0.,-2.75));
#2054=DIRECTION('',(-0.,-0.,-1.));
#2055=DIRECTION('',(0.,-1.,0.));
#2056=FACE_OUTER_BOUND('',#2057,.T.);
#2057=EDGE_LOOP('',(#2728));
#2058=FACE_OUTER_BOUND('',#2059,.T.);
#2059=EDGE_LOOP('',(#2729));
#2060=CONICAL_SURFACE('',#2061,0.19125,0.785398163397449);
#2061=AXIS2_PLACEMENT_3D('',#2062,#2063,#2064);
#2062=CARTESIAN_POINT('',(0.,0.,-2.68625));
#2063=DIRECTION('',(0.,0.,1.));
#2064=DIRECTION('',(-0.,1.,-0.));
#2065=FACE_OUTER_BOUND('',#2066,.T.);
#2066=EDGE_LOOP('',(#2730));
#2067=FACE_OUTER_BOUND('',#2068,.T.);
#2068=EDGE_LOOP('',(#2731));
#2069=CYLINDRICAL_SURFACE('',#2070,0.255);
#2070=AXIS2_PLACEMENT_3D('',#2071,#2072,#2073);
#2071=CARTESIAN_POINT('',(0.,0.,0.));
#2072=DIRECTION('',(-0.,-0.,-1.));
#2073=DIRECTION('',(0.,-1.,0.));
#2074=FACE_OUTER_BOUND('',#2075,.T.);
#2075=EDGE_LOOP('',(#2732));
#2076=FACE_OUTER_BOUND('',#2077,.T.);
#2077=EDGE_LOOP('',(#2733));
#2078=CONICAL_SURFACE('',#2079,0.4575,0.959931087707183);
#2079=AXIS2_PLACEMENT_3D('',#2080,#2081,#2082);
#2080=CARTESIAN_POINT('',(0.,0.,0.141792026755963));
#2081=DIRECTION('',(0.,0.,1.));
#2082=DIRECTION('',(-0.,1.,-0.));
#2083=FACE_OUTER_BOUND('',#2084,.T.);
#2084=EDGE_LOOP('',(#2734));
#2085=FACE_OUTER_BOUND('',#2086,.T.);
#2086=EDGE_LOOP('',(#2735));
#2087=CYLINDRICAL_SURFACE('',#2088,0.66);
#2088=AXIS2_PLACEMENT_3D('',#2089,#2090,#2091);
#2089=CARTESIAN_POINT('',(0.,0.,1.79287838708181));
#2090=DIRECTION('',(-0.,-0.,-1.));
#2091=DIRECTION('',(0.,-1.,0.));
#2092=FACE_OUTER_BOUND('',#2093,.T.);
#2093=EDGE_LOOP('',(#2736));
#2094=FACE_OUTER_BOUND('',#2095,.T.);
#2095=EDGE_LOOP('',(#2737));
#2096=CONICAL_SURFACE('',#2097,0.735,0.349065850398867);
#2097=AXIS2_PLACEMENT_3D('',#2098,#2099,#2100);
#2098=CARTESIAN_POINT('',(0.,0.,1.9989391935409));
#2099=DIRECTION('',(0.,0.,1.));
#2100=DIRECTION('',(-0.,1.,-0.));
#2101=FACE_BOUND('',#2102,.T.);
#2102=EDGE_LOOP('',(#2738));
#2103=FACE_BOUND('',#2104,.T.);
#2104=EDGE_LOOP('',(#2739));
#2105=PLANE('',#2106);
#2106=AXIS2_PLACEMENT_3D('',#2107,#2108,#2109);
#2107=CARTESIAN_POINT('',(0.,0.,2.205));
#2108=DIRECTION('',(0.,0.,1.));
#2109=DIRECTION('',(0.,-1.,0.));
#2110=FACE_OUTER_BOUND('',#2111,.T.);
#2111=EDGE_LOOP('',(#2740));
#2112=FACE_OUTER_BOUND('',#2113,.T.);
#2113=EDGE_LOOP('',(#2741));
#2114=CYLINDRICAL_SURFACE('',#2115,0.66);
#2115=AXIS2_PLACEMENT_3D('',#2116,#2117,#2118);
#2116=CARTESIAN_POINT('',(0.,0.,2.84));
#2117=DIRECTION('',(-0.,-0.,-1.));
#2118=DIRECTION('',(0.,-1.,0.));
#2119=FACE_BOUND('',#2120,.T.);
#2120=EDGE_LOOP('',(#2742));
#2121=FACE_BOUND('',#2122,.T.);
#2122=EDGE_LOOP('',(#2743));
#2123=PLANE('',#2124);
#2124=AXIS2_PLACEMENT_3D('',#2125,#2126,#2127);
#2125=CARTESIAN_POINT('',(0.,0.,2.84));
#2126=DIRECTION('',(-0.,-0.,-1.));
#2127=DIRECTION('',(0.,-1.,0.));
#2128=FACE_OUTER_BOUND('',#2129,.T.);
#2129=EDGE_LOOP('',(#2744));
#2130=FACE_OUTER_BOUND('',#2131,.T.);
#2131=EDGE_LOOP('',(#2745));
#2132=CYLINDRICAL_SURFACE('',#2133,0.915);
#2133=AXIS2_PLACEMENT_3D('',#2134,#2135,#2136);
#2134=CARTESIAN_POINT('',(0.,0.,3.35));
#2135=DIRECTION('',(-0.,-0.,-1.));
#2136=DIRECTION('',(0.,-1.,0.));
#2137=FACE_BOUND('',#2138,.T.);
#2138=EDGE_LOOP('',(#2746));
#2139=FACE_BOUND('',#2140,.T.);
#2140=EDGE_LOOP('',(#2747));
#2141=PLANE('',#2142);
#2142=AXIS2_PLACEMENT_3D('',#2143,#2144,#2145);
#2143=CARTESIAN_POINT('',(0.,0.,3.35));
#2144=DIRECTION('',(0.,0.,1.));
#2145=DIRECTION('',(0.,-1.,0.));
#2146=FACE_OUTER_BOUND('',#2147,.T.);
#2147=EDGE_LOOP('',(#2748));
#2148=FACE_OUTER_BOUND('',#2149,.T.);
#2149=EDGE_LOOP('',(#2749));
#2150=CONICAL_SURFACE('',#2151,0.554595535433107,0.349065852124744);
#2151=AXIS2_PLACEMENT_3D('',#2152,#2153,#2154);
#2152=CARTESIAN_POINT('',(0.,0.,3.2));
#2153=DIRECTION('',(0.,0.,1.));
#2154=DIRECTION('',(-0.,1.,-0.));
#2155=FACE_OUTER_BOUND('',#2156,.T.);
#2156=EDGE_LOOP('',(#2750));
#2157=FACE_OUTER_BOUND('',#2158,.T.);
#2158=EDGE_LOOP('',(#2751));
#2159=CYLINDRICAL_SURFACE('',#2160,0.5);
#2160=AXIS2_PLACEMENT_3D('',#2161,#2162,#2163);
#2161=CARTESIAN_POINT('',(0.,0.,2.85));
#2162=DIRECTION('',(-0.,-0.,-1.));
#2163=DIRECTION('',(0.,-1.,0.));
#2164=FACE_OUTER_BOUND('',#2165,.T.);
#2165=EDGE_LOOP('',(#2752));
#2166=FACE_OUTER_BOUND('',#2167,.T.);
#2167=EDGE_LOOP('',(#2753));
#2168=CONICAL_SURFACE('',#2169,0.3625,0.225276779214055);
#2169=AXIS2_PLACEMENT_3D('',#2170,#2171,#2172);
#2170=CARTESIAN_POINT('',(0.,0.,2.25));
#2171=DIRECTION('',(0.,0.,1.));
#2172=DIRECTION('',(-0.,1.,-0.));
#2173=FACE_BOUND('',#2174,.T.);
#2174=EDGE_LOOP('',(#2754));
#2175=FACE_BOUND('',#2176,.T.);
#2176=EDGE_LOOP('',(#2755));
#2177=PLANE('',#2178);
#2178=AXIS2_PLACEMENT_3D('',#2179,#2180,#2181);
#2179=CARTESIAN_POINT('',(0.,0.,1.65));
#2180=DIRECTION('',(-0.,-0.,-1.));
#2181=DIRECTION('',(0.,-1.,0.));
#2182=FACE_OUTER_BOUND('',#2183,.T.);
#2183=EDGE_LOOP('',(#2756));
#2184=FACE_OUTER_BOUND('',#2185,.T.);
#2185=EDGE_LOOP('',(#2757));
#2186=CYLINDRICAL_SURFACE('',#2187,0.5);
#2187=AXIS2_PLACEMENT_3D('',#2188,#2189,#2190);
#2188=CARTESIAN_POINT('',(0.,0.,0.45));
#2189=DIRECTION('',(-0.,-0.,-1.));
#2190=DIRECTION('',(0.,-1.,0.));
#2191=FACE_OUTER_BOUND('',#2192,.T.);
#2192=EDGE_LOOP('',(#2758));
#2193=FACE_OUTER_BOUND('',#2194,.T.);
#2194=EDGE_LOOP('',(#2759));
#2195=CONICAL_SURFACE('',#2196,0.265,0.959931088596881);
#2196=AXIS2_PLACEMENT_3D('',#2197,#2198,#2199);
#2197=CARTESIAN_POINT('',(0.,0.,0.285451228520718));
#2198=DIRECTION('',(0.,0.,1.));
#2199=DIRECTION('',(-0.,1.,-0.));
#2200=FACE_BOUND('',#2201,.T.);
#2201=EDGE_LOOP('',(#2760));
#2202=PLANE('',#2203);
#2203=AXIS2_PLACEMENT_3D('',#2204,#2205,#2206);
#2204=CARTESIAN_POINT('',(0.,0.,0.120902457041437));
#2205=DIRECTION('',(0.,0.,1.));
#2206=DIRECTION('',(0.,-1.,0.));
#2207=ORIENTED_EDGE('',*,*,#2761,.T.);
#2208=ORIENTED_EDGE('',*,*,#2762,.F.);
#2209=ORIENTED_EDGE('',*,*,#2763,.T.);
#2210=ORIENTED_EDGE('',*,*,#2764,.T.);
#2211=ORIENTED_EDGE('',*,*,#2765,.T.);
#2212=ORIENTED_EDGE('',*,*,#2766,.T.);
#2213=ORIENTED_EDGE('',*,*,#2767,.T.);
#2214=ORIENTED_EDGE('',*,*,#2768,.F.);
#2215=ORIENTED_EDGE('',*,*,#2769,.T.);
#2216=ORIENTED_EDGE('',*,*,#2770,.T.);
#2217=ORIENTED_EDGE('',*,*,#2771,.T.);
#2218=ORIENTED_EDGE('',*,*,#2772,.F.);
#2219=ORIENTED_EDGE('',*,*,#2773,.T.);
#2220=ORIENTED_EDGE('',*,*,#2774,.T.);
#2221=ORIENTED_EDGE('',*,*,#2775,.T.);
#2222=ORIENTED_EDGE('',*,*,#2776,.F.);
#2223=ORIENTED_EDGE('',*,*,#2777,.T.);
#2224=ORIENTED_EDGE('',*,*,#2778,.T.);
#2225=ORIENTED_EDGE('',*,*,#2779,.T.);
#2226=ORIENTED_EDGE('',*,*,#2780,.F.);
#2227=ORIENTED_EDGE('',*,*,#2781,.T.);
#2228=ORIENTED_EDGE('',*,*,#2782,.T.);
#2229=ORIENTED_EDGE('',*,*,#2783,.T.);
#2230=ORIENTED_EDGE('',*,*,#2784,.F.);
#2231=ORIENTED_EDGE('',*,*,#2785,.T.);
#2232=ORIENTED_EDGE('',*,*,#2786,.T.);
#2233=ORIENTED_EDGE('',*,*,#2787,.T.);
#2234=ORIENTED_EDGE('',*,*,#2788,.F.);
#2235=ORIENTED_EDGE('',*,*,#2789,.T.);
#2236=ORIENTED_EDGE('',*,*,#2790,.T.);
#2237=ORIENTED_EDGE('',*,*,#2791,.T.);
#2238=ORIENTED_EDGE('',*,*,#2792,.F.);
#2239=ORIENTED_EDGE('',*,*,#2793,.T.);
#2240=ORIENTED_EDGE('',*,*,#2794,.T.);
#2241=ORIENTED_EDGE('',*,*,#2795,.T.);
#2242=ORIENTED_EDGE('',*,*,#2796,.F.);
#2243=ORIENTED_EDGE('',*,*,#2797,.T.);
#2244=ORIENTED_EDGE('',*,*,#2798,.F.);
#2245=ORIENTED_EDGE('',*,*,#2799,.T.);
#2246=ORIENTED_EDGE('',*,*,#2800,.T.);
#2247=ORIENTED_EDGE('',*,*,#2801,.T.);
#2248=ORIENTED_EDGE('',*,*,#2802,.T.);
#2249=ORIENTED_EDGE('',*,*,#2803,.T.);
#2250=ORIENTED_EDGE('',*,*,#2804,.F.);
#2251=ORIENTED_EDGE('',*,*,#2805,.T.);
#2252=ORIENTED_EDGE('',*,*,#2806,.F.);
#2253=ORIENTED_EDGE('',*,*,#2807,.T.);
#2254=ORIENTED_EDGE('',*,*,#2808,.T.);
#2255=ORIENTED_EDGE('',*,*,#2809,.T.);
#2256=ORIENTED_EDGE('',*,*,#2810,.F.);
#2257=ORIENTED_EDGE('',*,*,#2811,.T.);
#2258=ORIENTED_EDGE('',*,*,#2812,.T.);
#2259=ORIENTED_EDGE('',*,*,#2813,.T.);
#2260=ORIENTED_EDGE('',*,*,#2814,.F.);
#2261=ORIENTED_EDGE('',*,*,#2815,.T.);
#2262=ORIENTED_EDGE('',*,*,#2816,.T.);
#2263=ORIENTED_EDGE('',*,*,#2817,.T.);
#2264=ORIENTED_EDGE('',*,*,#2818,.F.);
#2265=ORIENTED_EDGE('',*,*,#2819,.T.);
#2266=ORIENTED_EDGE('',*,*,#2820,.T.);
#2267=ORIENTED_EDGE('',*,*,#2821,.T.);
#2268=ORIENTED_EDGE('',*,*,#2822,.F.);
#2269=ORIENTED_EDGE('',*,*,#2823,.T.);
#2270=ORIENTED_EDGE('',*,*,#2824,.T.);
#2271=ORIENTED_EDGE('',*,*,#2825,.T.);
#2272=ORIENTED_EDGE('',*,*,#2826,.F.);
#2273=ORIENTED_EDGE('',*,*,#2827,.T.);
#2274=ORIENTED_EDGE('',*,*,#2828,.T.);
#2275=ORIENTED_EDGE('',*,*,#2829,.T.);
#2276=ORIENTED_EDGE('',*,*,#2830,.F.);
#2277=ORIENTED_EDGE('',*,*,#2831,.F.);
#2278=ORIENTED_EDGE('',*,*,#2832,.T.);
#2279=ORIENTED_EDGE('',*,*,#2833,.T.);
#2280=ORIENTED_EDGE('',*,*,#2834,.T.);
#2281=ORIENTED_EDGE('',*,*,#2835,.T.);
#2282=ORIENTED_EDGE('',*,*,#2804,.T.);
#2283=ORIENTED_EDGE('',*,*,#2836,.T.);
#2284=ORIENTED_EDGE('',*,*,#2837,.T.);
#2285=ORIENTED_EDGE('',*,*,#2838,.T.);
#2286=ORIENTED_EDGE('',*,*,#2839,.T.);
#2287=ORIENTED_EDGE('',*,*,#2840,.T.);
#2288=ORIENTED_EDGE('',*,*,#2841,.T.);
#2289=ORIENTED_EDGE('',*,*,#2842,.T.);
#2290=ORIENTED_EDGE('',*,*,#2843,.T.);
#2291=ORIENTED_EDGE('',*,*,#2844,.T.);
#2292=ORIENTED_EDGE('',*,*,#2845,.T.);
#2293=ORIENTED_EDGE('',*,*,#2846,.T.);
#2294=ORIENTED_EDGE('',*,*,#2762,.T.);
#2295=ORIENTED_EDGE('',*,*,#2847,.T.);
#2296=ORIENTED_EDGE('',*,*,#2848,.T.);
#2297=ORIENTED_EDGE('',*,*,#2849,.T.);
#2298=ORIENTED_EDGE('',*,*,#2768,.T.);
#2299=ORIENTED_EDGE('',*,*,#2850,.T.);
#2300=ORIENTED_EDGE('',*,*,#2851,.T.);
#2301=ORIENTED_EDGE('',*,*,#2852,.T.);
#2302=ORIENTED_EDGE('',*,*,#2772,.T.);
#2303=ORIENTED_EDGE('',*,*,#2853,.T.);
#2304=ORIENTED_EDGE('',*,*,#2854,.T.);
#2305=ORIENTED_EDGE('',*,*,#2855,.T.);
#2306=ORIENTED_EDGE('',*,*,#2776,.T.);
#2307=ORIENTED_EDGE('',*,*,#2856,.T.);
#2308=ORIENTED_EDGE('',*,*,#2857,.T.);
#2309=ORIENTED_EDGE('',*,*,#2858,.T.);
#2310=ORIENTED_EDGE('',*,*,#2780,.T.);
#2311=ORIENTED_EDGE('',*,*,#2859,.T.);
#2312=ORIENTED_EDGE('',*,*,#2860,.T.);
#2313=ORIENTED_EDGE('',*,*,#2861,.T.);
#2314=ORIENTED_EDGE('',*,*,#2784,.T.);
#2315=ORIENTED_EDGE('',*,*,#2862,.T.);
#2316=ORIENTED_EDGE('',*,*,#2863,.T.);
#2317=ORIENTED_EDGE('',*,*,#2864,.T.);
#2318=ORIENTED_EDGE('',*,*,#2788,.T.);
#2319=ORIENTED_EDGE('',*,*,#2865,.T.);
#2320=ORIENTED_EDGE('',*,*,#2866,.T.);
#2321=ORIENTED_EDGE('',*,*,#2867,.T.);
#2322=ORIENTED_EDGE('',*,*,#2792,.T.);
#2323=ORIENTED_EDGE('',*,*,#2868,.T.);
#2324=ORIENTED_EDGE('',*,*,#2869,.T.);
#2325=ORIENTED_EDGE('',*,*,#2870,.T.);
#2326=ORIENTED_EDGE('',*,*,#2796,.T.);
#2327=ORIENTED_EDGE('',*,*,#2871,.T.);
#2328=ORIENTED_EDGE('',*,*,#2872,.T.);
#2329=ORIENTED_EDGE('',*,*,#2873,.T.);
#2330=ORIENTED_EDGE('',*,*,#2830,.T.);
#2331=ORIENTED_EDGE('',*,*,#2874,.T.);
#2332=ORIENTED_EDGE('',*,*,#2875,.T.);
#2333=ORIENTED_EDGE('',*,*,#2876,.T.);
#2334=ORIENTED_EDGE('',*,*,#2826,.T.);
#2335=ORIENTED_EDGE('',*,*,#2877,.T.);
#2336=ORIENTED_EDGE('',*,*,#2878,.T.);
#2337=ORIENTED_EDGE('',*,*,#2879,.T.);
#2338=ORIENTED_EDGE('',*,*,#2822,.T.);
#2339=ORIENTED_EDGE('',*,*,#2880,.T.);
#2340=ORIENTED_EDGE('',*,*,#2881,.T.);
#2341=ORIENTED_EDGE('',*,*,#2882,.T.);
#2342=ORIENTED_EDGE('',*,*,#2818,.T.);
#2343=ORIENTED_EDGE('',*,*,#2883,.T.);
#2344=ORIENTED_EDGE('',*,*,#2884,.T.);
#2345=ORIENTED_EDGE('',*,*,#2885,.T.);
#2346=ORIENTED_EDGE('',*,*,#2814,.T.);
#2347=ORIENTED_EDGE('',*,*,#2886,.T.);
#2348=ORIENTED_EDGE('',*,*,#2887,.T.);
#2349=ORIENTED_EDGE('',*,*,#2888,.T.);
#2350=ORIENTED_EDGE('',*,*,#2810,.T.);
#2351=ORIENTED_EDGE('',*,*,#2889,.T.);
#2352=ORIENTED_EDGE('',*,*,#2890,.T.);
#2353=ORIENTED_EDGE('',*,*,#2891,.T.);
#2354=ORIENTED_EDGE('',*,*,#2806,.T.);
#2355=ORIENTED_EDGE('',*,*,#2892,.T.);
#2356=ORIENTED_EDGE('',*,*,#2893,.T.);
#2357=ORIENTED_EDGE('',*,*,#2894,.T.);
#2358=ORIENTED_EDGE('',*,*,#2798,.T.);
#2359=ORIENTED_EDGE('',*,*,#2895,.T.);
#2360=ORIENTED_EDGE('',*,*,#2896,.T.);
#2361=ORIENTED_EDGE('',*,*,#2897,.T.);
#2362=ORIENTED_EDGE('',*,*,#2898,.T.);
#2363=ORIENTED_EDGE('',*,*,#2899,.T.);
#2364=ORIENTED_EDGE('',*,*,#2900,.T.);
#2365=ORIENTED_EDGE('',*,*,#2901,.T.);
#2366=ORIENTED_EDGE('',*,*,#2902,.T.);
#2367=ORIENTED_EDGE('',*,*,#2903,.T.);
#2368=ORIENTED_EDGE('',*,*,#2904,.T.);
#2369=ORIENTED_EDGE('',*,*,#2905,.T.);
#2370=ORIENTED_EDGE('',*,*,#2800,.F.);
#2371=ORIENTED_EDGE('',*,*,#2906,.T.);
#2372=ORIENTED_EDGE('',*,*,#2907,.T.);
#2373=ORIENTED_EDGE('',*,*,#2908,.T.);
#2374=ORIENTED_EDGE('',*,*,#2808,.F.);
#2375=ORIENTED_EDGE('',*,*,#2909,.T.);
#2376=ORIENTED_EDGE('',*,*,#2910,.T.);
#2377=ORIENTED_EDGE('',*,*,#2911,.T.);
#2378=ORIENTED_EDGE('',*,*,#2812,.F.);
#2379=ORIENTED_EDGE('',*,*,#2912,.T.);
#2380=ORIENTED_EDGE('',*,*,#2913,.T.);
#2381=ORIENTED_EDGE('',*,*,#2914,.T.);
#2382=ORIENTED_EDGE('',*,*,#2816,.F.);
#2383=ORIENTED_EDGE('',*,*,#2915,.T.);
#2384=ORIENTED_EDGE('',*,*,#2916,.T.);
#2385=ORIENTED_EDGE('',*,*,#2917,.T.);
#2386=ORIENTED_EDGE('',*,*,#2820,.F.);
#2387=ORIENTED_EDGE('',*,*,#2918,.T.);
#2388=ORIENTED_EDGE('',*,*,#2919,.T.);
#2389=ORIENTED_EDGE('',*,*,#2920,.T.);
#2390=ORIENTED_EDGE('',*,*,#2824,.F.);
#2391=ORIENTED_EDGE('',*,*,#2921,.T.);
#2392=ORIENTED_EDGE('',*,*,#2922,.T.);
#2393=ORIENTED_EDGE('',*,*,#2923,.T.);
#2394=ORIENTED_EDGE('',*,*,#2828,.F.);
#2395=ORIENTED_EDGE('',*,*,#2924,.T.);
#2396=ORIENTED_EDGE('',*,*,#2925,.T.);
#2397=ORIENTED_EDGE('',*,*,#2926,.T.);
#2398=ORIENTED_EDGE('',*,*,#2832,.F.);
#2399=ORIENTED_EDGE('',*,*,#2927,.F.);
#2400=ORIENTED_EDGE('',*,*,#2928,.F.);
#2401=ORIENTED_EDGE('',*,*,#2929,.F.);
#2402=ORIENTED_EDGE('',*,*,#2794,.F.);
#2403=ORIENTED_EDGE('',*,*,#2930,.T.);
#2404=ORIENTED_EDGE('',*,*,#2931,.T.);
#2405=ORIENTED_EDGE('',*,*,#2932,.T.);
#2406=ORIENTED_EDGE('',*,*,#2790,.F.);
#2407=ORIENTED_EDGE('',*,*,#2933,.T.);
#2408=ORIENTED_EDGE('',*,*,#2934,.T.);
#2409=ORIENTED_EDGE('',*,*,#2935,.T.);
#2410=ORIENTED_EDGE('',*,*,#2786,.F.);
#2411=ORIENTED_EDGE('',*,*,#2936,.T.);
#2412=ORIENTED_EDGE('',*,*,#2937,.T.);
#2413=ORIENTED_EDGE('',*,*,#2938,.T.);
#2414=ORIENTED_EDGE('',*,*,#2782,.F.);
#2415=ORIENTED_EDGE('',*,*,#2939,.T.);
#2416=ORIENTED_EDGE('',*,*,#2940,.T.);
#2417=ORIENTED_EDGE('',*,*,#2941,.T.);
#2418=ORIENTED_EDGE('',*,*,#2778,.F.);
#2419=ORIENTED_EDGE('',*,*,#2942,.T.);
#2420=ORIENTED_EDGE('',*,*,#2943,.T.);
#2421=ORIENTED_EDGE('',*,*,#2944,.T.);
#2422=ORIENTED_EDGE('',*,*,#2774,.F.);
#2423=ORIENTED_EDGE('',*,*,#2945,.T.);
#2424=ORIENTED_EDGE('',*,*,#2946,.T.);
#2425=ORIENTED_EDGE('',*,*,#2947,.T.);
#2426=ORIENTED_EDGE('',*,*,#2770,.F.);
#2427=ORIENTED_EDGE('',*,*,#2948,.T.);
#2428=ORIENTED_EDGE('',*,*,#2949,.T.);
#2429=ORIENTED_EDGE('',*,*,#2950,.T.);
#2430=ORIENTED_EDGE('',*,*,#2766,.F.);
#2431=ORIENTED_EDGE('',*,*,#2951,.T.);
#2432=ORIENTED_EDGE('',*,*,#2952,.T.);
#2433=ORIENTED_EDGE('',*,*,#2953,.T.);
#2434=ORIENTED_EDGE('',*,*,#2764,.F.);
#2435=ORIENTED_EDGE('',*,*,#2954,.T.);
#2436=ORIENTED_EDGE('',*,*,#2955,.T.);
#2437=ORIENTED_EDGE('',*,*,#2956,.T.);
#2438=ORIENTED_EDGE('',*,*,#2957,.F.);
#2439=ORIENTED_EDGE('',*,*,#2958,.F.);
#2440=ORIENTED_EDGE('',*,*,#2959,.F.);
#2441=ORIENTED_EDGE('',*,*,#2960,.F.);
#2442=ORIENTED_EDGE('',*,*,#2961,.F.);
#2443=ORIENTED_EDGE('',*,*,#2962,.T.);
#2444=ORIENTED_EDGE('',*,*,#2963,.T.);
#2445=ORIENTED_EDGE('',*,*,#2964,.T.);
#2446=ORIENTED_EDGE('',*,*,#2802,.F.);
#2447=ORIENTED_EDGE('',*,*,#2965,.T.);
#2448=ORIENTED_EDGE('',*,*,#2966,.T.);
#2449=ORIENTED_EDGE('',*,*,#2967,.T.);
#2450=ORIENTED_EDGE('',*,*,#2968,.T.);
#2451=ORIENTED_EDGE('',*,*,#2969,.T.);
#2452=ORIENTED_EDGE('',*,*,#2970,.T.);
#2453=ORIENTED_EDGE('',*,*,#2971,.T.);
#2454=ORIENTED_EDGE('',*,*,#2972,.T.);
#2455=ORIENTED_EDGE('',*,*,#2973,.T.);
#2456=ORIENTED_EDGE('',*,*,#2974,.T.);
#2457=ORIENTED_EDGE('',*,*,#2975,.T.);
#2458=ORIENTED_EDGE('',*,*,#2976,.T.);
#2459=ORIENTED_EDGE('',*,*,#2930,.F.);
#2460=ORIENTED_EDGE('',*,*,#2793,.F.);
#2461=ORIENTED_EDGE('',*,*,#2870,.F.);
#2462=ORIENTED_EDGE('',*,*,#2977,.F.);
#2463=ORIENTED_EDGE('',*,*,#2932,.F.);
#2464=ORIENTED_EDGE('',*,*,#2978,.T.);
#2465=ORIENTED_EDGE('',*,*,#2868,.F.);
#2466=ORIENTED_EDGE('',*,*,#2791,.F.);
#2467=ORIENTED_EDGE('',*,*,#2931,.F.);
#2468=ORIENTED_EDGE('',*,*,#2977,.T.);
#2469=ORIENTED_EDGE('',*,*,#2869,.F.);
#2470=ORIENTED_EDGE('',*,*,#2978,.F.);
#2471=ORIENTED_EDGE('',*,*,#2925,.F.);
#2472=ORIENTED_EDGE('',*,*,#2979,.T.);
#2473=ORIENTED_EDGE('',*,*,#2875,.F.);
#2474=ORIENTED_EDGE('',*,*,#2980,.F.);
#2475=ORIENTED_EDGE('',*,*,#2924,.F.);
#2476=ORIENTED_EDGE('',*,*,#2827,.F.);
#2477=ORIENTED_EDGE('',*,*,#2876,.F.);
#2478=ORIENTED_EDGE('',*,*,#2979,.F.);
#2479=ORIENTED_EDGE('',*,*,#2926,.F.);
#2480=ORIENTED_EDGE('',*,*,#2980,.T.);
#2481=ORIENTED_EDGE('',*,*,#2874,.F.);
#2482=ORIENTED_EDGE('',*,*,#2829,.F.);
#2483=ORIENTED_EDGE('',*,*,#2933,.F.);
#2484=ORIENTED_EDGE('',*,*,#2789,.F.);
#2485=ORIENTED_EDGE('',*,*,#2867,.F.);
#2486=ORIENTED_EDGE('',*,*,#2981,.F.);
#2487=ORIENTED_EDGE('',*,*,#2935,.F.);
#2488=ORIENTED_EDGE('',*,*,#2982,.T.);
#2489=ORIENTED_EDGE('',*,*,#2865,.F.);
#2490=ORIENTED_EDGE('',*,*,#2787,.F.);
#2491=ORIENTED_EDGE('',*,*,#2934,.F.);
#2492=ORIENTED_EDGE('',*,*,#2981,.T.);
#2493=ORIENTED_EDGE('',*,*,#2866,.F.);
#2494=ORIENTED_EDGE('',*,*,#2982,.F.);
#2495=ORIENTED_EDGE('',*,*,#2922,.F.);
#2496=ORIENTED_EDGE('',*,*,#2983,.T.);
#2497=ORIENTED_EDGE('',*,*,#2878,.F.);
#2498=ORIENTED_EDGE('',*,*,#2984,.F.);
#2499=ORIENTED_EDGE('',*,*,#2921,.F.);
#2500=ORIENTED_EDGE('',*,*,#2823,.F.);
#2501=ORIENTED_EDGE('',*,*,#2879,.F.);
#2502=ORIENTED_EDGE('',*,*,#2983,.F.);
#2503=ORIENTED_EDGE('',*,*,#2923,.F.);
#2504=ORIENTED_EDGE('',*,*,#2984,.T.);
#2505=ORIENTED_EDGE('',*,*,#2877,.F.);
#2506=ORIENTED_EDGE('',*,*,#2825,.F.);
#2507=ORIENTED_EDGE('',*,*,#2936,.F.);
#2508=ORIENTED_EDGE('',*,*,#2785,.F.);
#2509=ORIENTED_EDGE('',*,*,#2864,.F.);
#2510=ORIENTED_EDGE('',*,*,#2985,.F.);
#2511=ORIENTED_EDGE('',*,*,#2938,.F.);
#2512=ORIENTED_EDGE('',*,*,#2986,.T.);
#2513=ORIENTED_EDGE('',*,*,#2862,.F.);
#2514=ORIENTED_EDGE('',*,*,#2783,.F.);
#2515=ORIENTED_EDGE('',*,*,#2937,.F.);
#2516=ORIENTED_EDGE('',*,*,#2985,.T.);
#2517=ORIENTED_EDGE('',*,*,#2863,.F.);
#2518=ORIENTED_EDGE('',*,*,#2986,.F.);
#2519=ORIENTED_EDGE('',*,*,#2919,.F.);
#2520=ORIENTED_EDGE('',*,*,#2987,.T.);
#2521=ORIENTED_EDGE('',*,*,#2881,.F.);
#2522=ORIENTED_EDGE('',*,*,#2988,.F.);
#2523=ORIENTED_EDGE('',*,*,#2918,.F.);
#2524=ORIENTED_EDGE('',*,*,#2819,.F.);
#2525=ORIENTED_EDGE('',*,*,#2882,.F.);
#2526=ORIENTED_EDGE('',*,*,#2987,.F.);
#2527=ORIENTED_EDGE('',*,*,#2920,.F.);
#2528=ORIENTED_EDGE('',*,*,#2988,.T.);
#2529=ORIENTED_EDGE('',*,*,#2880,.F.);
#2530=ORIENTED_EDGE('',*,*,#2821,.F.);
#2531=ORIENTED_EDGE('',*,*,#2939,.F.);
#2532=ORIENTED_EDGE('',*,*,#2781,.F.);
#2533=ORIENTED_EDGE('',*,*,#2861,.F.);
#2534=ORIENTED_EDGE('',*,*,#2989,.F.);
#2535=ORIENTED_EDGE('',*,*,#2941,.F.);
#2536=ORIENTED_EDGE('',*,*,#2990,.T.);
#2537=ORIENTED_EDGE('',*,*,#2859,.F.);
#2538=ORIENTED_EDGE('',*,*,#2779,.F.);
#2539=ORIENTED_EDGE('',*,*,#2940,.F.);
#2540=ORIENTED_EDGE('',*,*,#2989,.T.);
#2541=ORIENTED_EDGE('',*,*,#2860,.F.);
#2542=ORIENTED_EDGE('',*,*,#2990,.F.);
#2543=ORIENTED_EDGE('',*,*,#2916,.F.);
#2544=ORIENTED_EDGE('',*,*,#2991,.T.);
#2545=ORIENTED_EDGE('',*,*,#2884,.F.);
#2546=ORIENTED_EDGE('',*,*,#2992,.F.);
#2547=ORIENTED_EDGE('',*,*,#2915,.F.);
#2548=ORIENTED_EDGE('',*,*,#2815,.F.);
#2549=ORIENTED_EDGE('',*,*,#2885,.F.);
#2550=ORIENTED_EDGE('',*,*,#2991,.F.);
#2551=ORIENTED_EDGE('',*,*,#2917,.F.);
#2552=ORIENTED_EDGE('',*,*,#2992,.T.);
#2553=ORIENTED_EDGE('',*,*,#2883,.F.);
#2554=ORIENTED_EDGE('',*,*,#2817,.F.);
#2555=ORIENTED_EDGE('',*,*,#2942,.F.);
#2556=ORIENTED_EDGE('',*,*,#2777,.F.);
#2557=ORIENTED_EDGE('',*,*,#2858,.F.);
#2558=ORIENTED_EDGE('',*,*,#2993,.F.);
#2559=ORIENTED_EDGE('',*,*,#2944,.F.);
#2560=ORIENTED_EDGE('',*,*,#2994,.T.);
#2561=ORIENTED_EDGE('',*,*,#2856,.F.);
#2562=ORIENTED_EDGE('',*,*,#2775,.F.);
#2563=ORIENTED_EDGE('',*,*,#2943,.F.);
#2564=ORIENTED_EDGE('',*,*,#2993,.T.);
#2565=ORIENTED_EDGE('',*,*,#2857,.F.);
#2566=ORIENTED_EDGE('',*,*,#2994,.F.);
#2567=ORIENTED_EDGE('',*,*,#2913,.F.);
#2568=ORIENTED_EDGE('',*,*,#2995,.T.);
#2569=ORIENTED_EDGE('',*,*,#2887,.F.);
#2570=ORIENTED_EDGE('',*,*,#2996,.F.);
#2571=ORIENTED_EDGE('',*,*,#2912,.F.);
#2572=ORIENTED_EDGE('',*,*,#2811,.F.);
#2573=ORIENTED_EDGE('',*,*,#2888,.F.);
#2574=ORIENTED_EDGE('',*,*,#2995,.F.);
#2575=ORIENTED_EDGE('',*,*,#2914,.F.);
#2576=ORIENTED_EDGE('',*,*,#2996,.T.);
#2577=ORIENTED_EDGE('',*,*,#2886,.F.);
#2578=ORIENTED_EDGE('',*,*,#2813,.F.);
#2579=ORIENTED_EDGE('',*,*,#2945,.F.);
#2580=ORIENTED_EDGE('',*,*,#2773,.F.);
#2581=ORIENTED_EDGE('',*,*,#2855,.F.);
#2582=ORIENTED_EDGE('',*,*,#2997,.F.);
#2583=ORIENTED_EDGE('',*,*,#2947,.F.);
#2584=ORIENTED_EDGE('',*,*,#2998,.T.);
#2585=ORIENTED_EDGE('',*,*,#2853,.F.);
#2586=ORIENTED_EDGE('',*,*,#2771,.F.);
#2587=ORIENTED_EDGE('',*,*,#2946,.F.);
#2588=ORIENTED_EDGE('',*,*,#2997,.T.);
#2589=ORIENTED_EDGE('',*,*,#2854,.F.);
#2590=ORIENTED_EDGE('',*,*,#2998,.F.);
#2591=ORIENTED_EDGE('',*,*,#2910,.F.);
#2592=ORIENTED_EDGE('',*,*,#2999,.T.);
#2593=ORIENTED_EDGE('',*,*,#2890,.F.);
#2594=ORIENTED_EDGE('',*,*,#3000,.F.);
#2595=ORIENTED_EDGE('',*,*,#2909,.F.);
#2596=ORIENTED_EDGE('',*,*,#2807,.F.);
#2597=ORIENTED_EDGE('',*,*,#2891,.F.);
#2598=ORIENTED_EDGE('',*,*,#2999,.F.);
#2599=ORIENTED_EDGE('',*,*,#2911,.F.);
#2600=ORIENTED_EDGE('',*,*,#3000,.T.);
#2601=ORIENTED_EDGE('',*,*,#2889,.F.);
#2602=ORIENTED_EDGE('',*,*,#2809,.F.);
#2603=ORIENTED_EDGE('',*,*,#2948,.F.);
#2604=ORIENTED_EDGE('',*,*,#2769,.F.);
#2605=ORIENTED_EDGE('',*,*,#2852,.F.);
#2606=ORIENTED_EDGE('',*,*,#3001,.F.);
#2607=ORIENTED_EDGE('',*,*,#2950,.F.);
#2608=ORIENTED_EDGE('',*,*,#3002,.T.);
#2609=ORIENTED_EDGE('',*,*,#2850,.F.);
#2610=ORIENTED_EDGE('',*,*,#2767,.F.);
#2611=ORIENTED_EDGE('',*,*,#2949,.F.);
#2612=ORIENTED_EDGE('',*,*,#3001,.T.);
#2613=ORIENTED_EDGE('',*,*,#2851,.F.);
#2614=ORIENTED_EDGE('',*,*,#3002,.F.);
#2615=ORIENTED_EDGE('',*,*,#2907,.F.);
#2616=ORIENTED_EDGE('',*,*,#3003,.T.);
#2617=ORIENTED_EDGE('',*,*,#2893,.F.);
#2618=ORIENTED_EDGE('',*,*,#3004,.F.);
#2619=ORIENTED_EDGE('',*,*,#2906,.F.);
#2620=ORIENTED_EDGE('',*,*,#2799,.F.);
#2621=ORIENTED_EDGE('',*,*,#2894,.F.);
#2622=ORIENTED_EDGE('',*,*,#3003,.F.);
#2623=ORIENTED_EDGE('',*,*,#2908,.F.);
#2624=ORIENTED_EDGE('',*,*,#3004,.T.);
#2625=ORIENTED_EDGE('',*,*,#2892,.F.);
#2626=ORIENTED_EDGE('',*,*,#2805,.F.);
#2627=ORIENTED_EDGE('',*,*,#2951,.F.);
#2628=ORIENTED_EDGE('',*,*,#2765,.F.);
#2629=ORIENTED_EDGE('',*,*,#2849,.F.);
#2630=ORIENTED_EDGE('',*,*,#3005,.F.);
#2631=ORIENTED_EDGE('',*,*,#2953,.F.);
#2632=ORIENTED_EDGE('',*,*,#3006,.T.);
#2633=ORIENTED_EDGE('',*,*,#2847,.F.);
#2634=ORIENTED_EDGE('',*,*,#2761,.F.);
#2635=ORIENTED_EDGE('',*,*,#2952,.F.);
#2636=ORIENTED_EDGE('',*,*,#3005,.T.);
#2637=ORIENTED_EDGE('',*,*,#2848,.F.);
#2638=ORIENTED_EDGE('',*,*,#3006,.F.);
#2639=ORIENTED_EDGE('',*,*,#2966,.F.);
#2640=ORIENTED_EDGE('',*,*,#3007,.T.);
#2641=ORIENTED_EDGE('',*,*,#2834,.F.);
#2642=ORIENTED_EDGE('',*,*,#3008,.F.);
#2643=ORIENTED_EDGE('',*,*,#2965,.F.);
#2644=ORIENTED_EDGE('',*,*,#2801,.F.);
#2645=ORIENTED_EDGE('',*,*,#2835,.F.);
#2646=ORIENTED_EDGE('',*,*,#3007,.F.);
#2647=ORIENTED_EDGE('',*,*,#2905,.F.);
#2648=ORIENTED_EDGE('',*,*,#3008,.T.);
#2649=ORIENTED_EDGE('',*,*,#2833,.F.);
#2650=ORIENTED_EDGE('',*,*,#2797,.F.);
#2651=ORIENTED_EDGE('',*,*,#2954,.F.);
#2652=ORIENTED_EDGE('',*,*,#2763,.F.);
#2653=ORIENTED_EDGE('',*,*,#2846,.F.);
#2654=ORIENTED_EDGE('',*,*,#3009,.F.);
#2655=ORIENTED_EDGE('',*,*,#2929,.T.);
#2656=ORIENTED_EDGE('',*,*,#3010,.T.);
#2657=ORIENTED_EDGE('',*,*,#2871,.F.);
#2658=ORIENTED_EDGE('',*,*,#2795,.F.);
#2659=ORIENTED_EDGE('',*,*,#2964,.F.);
#2660=ORIENTED_EDGE('',*,*,#3011,.T.);
#2661=ORIENTED_EDGE('',*,*,#2836,.F.);
#2662=ORIENTED_EDGE('',*,*,#2803,.F.);
#2663=ORIENTED_EDGE('',*,*,#2927,.T.);
#2664=ORIENTED_EDGE('',*,*,#2831,.T.);
#2665=ORIENTED_EDGE('',*,*,#2873,.F.);
#2666=ORIENTED_EDGE('',*,*,#3012,.F.);
#2667=ORIENTED_EDGE('',*,*,#2963,.F.);
#2668=ORIENTED_EDGE('',*,*,#3013,.T.);
#2669=ORIENTED_EDGE('',*,*,#2837,.F.);
#2670=ORIENTED_EDGE('',*,*,#3011,.F.);
#2671=ORIENTED_EDGE('',*,*,#2962,.F.);
#2672=ORIENTED_EDGE('',*,*,#3014,.F.);
#2673=ORIENTED_EDGE('',*,*,#2838,.F.);
#2674=ORIENTED_EDGE('',*,*,#3013,.F.);
#2675=ORIENTED_EDGE('',*,*,#3014,.T.);
#2676=ORIENTED_EDGE('',*,*,#2961,.T.);
#2677=ORIENTED_EDGE('',*,*,#3015,.T.);
#2678=ORIENTED_EDGE('',*,*,#2839,.F.);
#2679=ORIENTED_EDGE('',*,*,#2960,.T.);
#2680=ORIENTED_EDGE('',*,*,#3016,.T.);
#2681=ORIENTED_EDGE('',*,*,#2840,.F.);
#2682=ORIENTED_EDGE('',*,*,#3015,.F.);
#2683=ORIENTED_EDGE('',*,*,#2959,.T.);
#2684=ORIENTED_EDGE('',*,*,#3017,.T.);
#2685=ORIENTED_EDGE('',*,*,#2841,.F.);
#2686=ORIENTED_EDGE('',*,*,#3016,.F.);
#2687=ORIENTED_EDGE('',*,*,#2958,.T.);
#2688=ORIENTED_EDGE('',*,*,#3018,.T.);
#2689=ORIENTED_EDGE('',*,*,#2842,.F.);
#2690=ORIENTED_EDGE('',*,*,#3017,.F.);
#2691=ORIENTED_EDGE('',*,*,#3019,.T.);
#2692=ORIENTED_EDGE('',*,*,#2843,.F.);
#2693=ORIENTED_EDGE('',*,*,#3018,.F.);
#2694=ORIENTED_EDGE('',*,*,#2957,.T.);
#2695=ORIENTED_EDGE('',*,*,#2956,.F.);
#2696=ORIENTED_EDGE('',*,*,#3020,.T.);
#2697=ORIENTED_EDGE('',*,*,#2844,.F.);
#2698=ORIENTED_EDGE('',*,*,#3019,.F.);
#2699=ORIENTED_EDGE('',*,*,#2955,.F.);
#2700=ORIENTED_EDGE('',*,*,#3009,.T.);
#2701=ORIENTED_EDGE('',*,*,#2845,.F.);
#2702=ORIENTED_EDGE('',*,*,#3020,.F.);
#2703=ORIENTED_EDGE('',*,*,#2928,.T.);
#2704=ORIENTED_EDGE('',*,*,#3012,.T.);
#2705=ORIENTED_EDGE('',*,*,#2872,.F.);
#2706=ORIENTED_EDGE('',*,*,#3010,.F.);
#2707=ORIENTED_EDGE('',*,*,#2895,.F.);
#2708=ORIENTED_EDGE('',*,*,#2967,.F.);
#2709=ORIENTED_EDGE('',*,*,#2896,.F.);
#2710=ORIENTED_EDGE('',*,*,#2968,.F.);
#2711=ORIENTED_EDGE('',*,*,#2897,.F.);
#2712=ORIENTED_EDGE('',*,*,#2969,.F.);
#2713=ORIENTED_EDGE('',*,*,#2898,.F.);
#2714=ORIENTED_EDGE('',*,*,#2970,.F.);
#2715=ORIENTED_EDGE('',*,*,#2899,.F.);
#2716=ORIENTED_EDGE('',*,*,#2971,.F.);
#2717=ORIENTED_EDGE('',*,*,#2900,.F.);
#2718=ORIENTED_EDGE('',*,*,#2972,.F.);
#2719=ORIENTED_EDGE('',*,*,#2901,.F.);
#2720=ORIENTED_EDGE('',*,*,#2973,.F.);
#2721=ORIENTED_EDGE('',*,*,#2902,.F.);
#2722=ORIENTED_EDGE('',*,*,#2974,.F.);
#2723=ORIENTED_EDGE('',*,*,#2903,.F.);
#2724=ORIENTED_EDGE('',*,*,#2975,.F.);
#2725=ORIENTED_EDGE('',*,*,#2904,.F.);
#2726=ORIENTED_EDGE('',*,*,#2976,.F.);
#2727=ORIENTED_EDGE('',*,*,#3021,.T.);
#2728=ORIENTED_EDGE('',*,*,#3021,.F.);
#2729=ORIENTED_EDGE('',*,*,#3022,.T.);
#2730=ORIENTED_EDGE('',*,*,#3023,.T.);
#2731=ORIENTED_EDGE('',*,*,#3022,.F.);
#2732=ORIENTED_EDGE('',*,*,#3023,.F.);
#2733=ORIENTED_EDGE('',*,*,#3024,.T.);
#2734=ORIENTED_EDGE('',*,*,#3025,.T.);
#2735=ORIENTED_EDGE('',*,*,#3024,.F.);
#2736=ORIENTED_EDGE('',*,*,#3025,.F.);
#2737=ORIENTED_EDGE('',*,*,#3026,.T.);
#2738=ORIENTED_EDGE('',*,*,#3026,.F.);
#2739=ORIENTED_EDGE('',*,*,#3027,.T.);
#2740=ORIENTED_EDGE('',*,*,#3028,.T.);
#2741=ORIENTED_EDGE('',*,*,#3027,.F.);
#2742=ORIENTED_EDGE('',*,*,#3029,.T.);
#2743=ORIENTED_EDGE('',*,*,#3028,.F.);
#2744=ORIENTED_EDGE('',*,*,#3030,.T.);
#2745=ORIENTED_EDGE('',*,*,#3029,.F.);
#2746=ORIENTED_EDGE('',*,*,#3030,.F.);
#2747=ORIENTED_EDGE('',*,*,#3031,.T.);
#2748=ORIENTED_EDGE('',*,*,#3032,.T.);
#2749=ORIENTED_EDGE('',*,*,#3031,.F.);
#2750=ORIENTED_EDGE('',*,*,#3032,.F.);
#2751=ORIENTED_EDGE('',*,*,#3033,.T.);
#2752=ORIENTED_EDGE('',*,*,#3034,.T.);
#2753=ORIENTED_EDGE('',*,*,#3033,.F.);
#2754=ORIENTED_EDGE('',*,*,#3035,.T.);
#2755=ORIENTED_EDGE('',*,*,#3034,.F.);
#2756=ORIENTED_EDGE('',*,*,#3035,.F.);
#2757=ORIENTED_EDGE('',*,*,#3036,.T.);
#2758=ORIENTED_EDGE('',*,*,#3037,.T.);
#2759=ORIENTED_EDGE('',*,*,#3036,.F.);
#2760=ORIENTED_EDGE('',*,*,#3037,.F.);
#2761=EDGE_CURVE('',#3038,#3039,#3040,.F.);
#2762=EDGE_CURVE('',#3041,#3039,#3042,.T.);
#2763=EDGE_CURVE('',#3041,#3043,#3044,.F.);
#2764=EDGE_CURVE('',#3043,#3038,#3045,.T.);
#2765=EDGE_CURVE('',#3046,#3047,#3048,.F.);
#2766=EDGE_CURVE('',#3047,#3049,#3050,.T.);
#2767=EDGE_CURVE('',#3049,#3051,#3052,.F.);
#2768=EDGE_CURVE('',#3046,#3051,#3053,.T.);
#2769=EDGE_CURVE('',#3054,#3055,#3056,.F.);
#2770=EDGE_CURVE('',#3055,#3057,#3058,.T.);
#2771=EDGE_CURVE('',#3057,#3059,#3060,.F.);
#2772=EDGE_CURVE('',#3054,#3059,#3061,.T.);
#2773=EDGE_CURVE('',#3062,#3063,#3064,.F.);
#2774=EDGE_CURVE('',#3063,#3065,#3066,.T.);
#2775=EDGE_CURVE('',#3065,#3067,#3068,.F.);
#2776=EDGE_CURVE('',#3062,#3067,#3069,.T.);
#2777=EDGE_CURVE('',#3070,#3071,#3072,.F.);
#2778=EDGE_CURVE('',#3071,#3073,#3074,.T.);
#2779=EDGE_CURVE('',#3073,#3075,#3076,.F.);
#2780=EDGE_CURVE('',#3070,#3075,#3077,.T.);
#2781=EDGE_CURVE('',#3078,#3079,#3080,.F.);
#2782=EDGE_CURVE('',#3079,#3081,#3082,.T.);
#2783=EDGE_CURVE('',#3081,#3083,#3084,.F.);
#2784=EDGE_CURVE('',#3078,#3083,#3085,.T.);
#2785=EDGE_CURVE('',#3086,#3087,#3088,.F.);
#2786=EDGE_CURVE('',#3087,#3089,#3090,.T.);
#2787=EDGE_CURVE('',#3089,#3091,#3092,.F.);
#2788=EDGE_CURVE('',#3086,#3091,#3093,.T.);
#2789=EDGE_CURVE('',#3094,#3095,#3096,.F.);
#2790=EDGE_CURVE('',#3095,#3097,#3098,.T.);
#2791=EDGE_CURVE('',#3097,#3099,#3100,.F.);
#2792=EDGE_CURVE('',#3094,#3099,#3101,.T.);
#2793=EDGE_CURVE('',#3102,#3103,#3104,.F.);
#2794=EDGE_CURVE('',#3103,#3105,#3106,.T.);
#2795=EDGE_CURVE('',#3105,#3107,#3108,.T.);
#2796=EDGE_CURVE('',#3102,#3107,#3109,.T.);
#2797=EDGE_CURVE('',#3110,#3111,#3112,.F.);
#2798=EDGE_CURVE('',#3113,#3111,#3114,.T.);
#2799=EDGE_CURVE('',#3113,#3115,#3116,.F.);
#2800=EDGE_CURVE('',#3115,#3110,#3117,.T.);
#2801=EDGE_CURVE('',#3118,#3119,#3120,.F.);
#2802=EDGE_CURVE('',#3119,#3121,#3122,.T.);
#2803=EDGE_CURVE('',#3121,#3123,#3124,.F.);
#2804=EDGE_CURVE('',#3118,#3123,#3125,.T.);
#2805=EDGE_CURVE('',#3126,#3127,#3128,.F.);
#2806=EDGE_CURVE('',#3129,#3127,#3130,.T.);
#2807=EDGE_CURVE('',#3129,#3131,#3132,.F.);
#2808=EDGE_CURVE('',#3131,#3126,#3133,.T.);
#2809=EDGE_CURVE('',#3134,#3135,#3136,.F.);
#2810=EDGE_CURVE('',#3137,#3135,#3138,.T.);
#2811=EDGE_CURVE('',#3137,#3139,#3140,.F.);
#2812=EDGE_CURVE('',#3139,#3134,#3141,.T.);
#2813=EDGE_CURVE('',#3142,#3143,#3144,.F.);
#2814=EDGE_CURVE('',#3145,#3143,#3146,.T.);
#2815=EDGE_CURVE('',#3145,#3147,#3148,.F.);
#2816=EDGE_CURVE('',#3147,#3142,#3149,.T.);
#2817=EDGE_CURVE('',#3150,#3151,#3152,.F.);
#2818=EDGE_CURVE('',#3153,#3151,#3154,.T.);
#2819=EDGE_CURVE('',#3153,#3155,#3156,.F.);
#2820=EDGE_CURVE('',#3155,#3150,#3157,.T.);
#2821=EDGE_CURVE('',#3158,#3159,#3160,.F.);
#2822=EDGE_CURVE('',#3161,#3159,#3162,.T.);
#2823=EDGE_CURVE('',#3161,#3163,#3164,.F.);
#2824=EDGE_CURVE('',#3163,#3158,#3165,.T.);
#2825=EDGE_CURVE('',#3166,#3167,#3168,.F.);
#2826=EDGE_CURVE('',#3169,#3167,#3170,.T.);
#2827=EDGE_CURVE('',#3169,#3171,#3172,.F.);
#2828=EDGE_CURVE('',#3171,#3166,#3173,.T.);
#2829=EDGE_CURVE('',#3174,#3175,#3176,.F.);
#2830=EDGE_CURVE('',#3177,#3175,#3178,.T.);
#2831=EDGE_CURVE('',#3179,#3177,#3180,.T.);
#2832=EDGE_CURVE('',#3179,#3174,#3181,.T.);
#2833=EDGE_CURVE('',#3111,#3182,#3183,.F.);
#2834=EDGE_CURVE('',#3182,#3184,#3185,.F.);
#2835=EDGE_CURVE('',#3184,#3118,#3186,.F.);
#2836=EDGE_CURVE('',#3123,#3187,#3188,.F.);
#2837=EDGE_CURVE('',#3187,#3189,#3190,.F.);
#2838=EDGE_CURVE('',#3189,#3191,#3192,.F.);
#2839=EDGE_CURVE('',#3191,#3193,#3194,.T.);
#2840=EDGE_CURVE('',#3193,#3195,#3196,.T.);
#2841=EDGE_CURVE('',#3195,#3197,#3198,.T.);
#2842=EDGE_CURVE('',#3197,#3199,#3200,.T.);
#2843=EDGE_CURVE('',#3199,#3201,#3202,.T.);
#2844=EDGE_CURVE('',#3201,#3203,#3204,.F.);
#2845=EDGE_CURVE('',#3203,#3205,#3206,.F.);
#2846=EDGE_CURVE('',#3205,#3041,#3207,.F.);
#2847=EDGE_CURVE('',#3039,#3208,#3209,.F.);
#2848=EDGE_CURVE('',#3208,#3210,#3211,.F.);
#2849=EDGE_CURVE('',#3210,#3046,#3212,.F.);
#2850=EDGE_CURVE('',#3051,#3213,#3214,.F.);
#2851=EDGE_CURVE('',#3213,#3215,#3216,.F.);
#2852=EDGE_CURVE('',#3215,#3054,#3217,.F.);
#2853=EDGE_CURVE('',#3059,#3218,#3219,.F.);
#2854=EDGE_CURVE('',#3218,#3220,#3221,.F.);
#2855=EDGE_CURVE('',#3220,#3062,#3222,.F.);
#2856=EDGE_CURVE('',#3067,#3223,#3224,.F.);
#2857=EDGE_CURVE('',#3223,#3225,#3226,.F.);
#2858=EDGE_CURVE('',#3225,#3070,#3227,.F.);
#2859=EDGE_CURVE('',#3075,#3228,#3229,.F.);
#2860=EDGE_CURVE('',#3228,#3230,#3231,.F.);
#2861=EDGE_CURVE('',#3230,#3078,#3232,.F.);
#2862=EDGE_CURVE('',#3083,#3233,#3234,.F.);
#2863=EDGE_CURVE('',#3233,#3235,#3236,.F.);
#2864=EDGE_CURVE('',#3235,#3086,#3237,.F.);
#2865=EDGE_CURVE('',#3091,#3238,#3239,.F.);
#2866=EDGE_CURVE('',#3238,#3240,#3241,.F.);
#2867=EDGE_CURVE('',#3240,#3094,#3242,.F.);
#2868=EDGE_CURVE('',#3099,#3243,#3244,.F.);
#2869=EDGE_CURVE('',#3243,#3245,#3246,.F.);
#2870=EDGE_CURVE('',#3245,#3102,#3247,.F.);
#2871=EDGE_CURVE('',#3107,#3248,#3249,.T.);
#2872=EDGE_CURVE('',#3248,#3250,#3251,.T.);
#2873=EDGE_CURVE('',#3250,#3177,#3252,.T.);
#2874=EDGE_CURVE('',#3175,#3253,#3254,.F.);
#2875=EDGE_CURVE('',#3253,#3255,#3256,.F.);
#2876=EDGE_CURVE('',#3255,#3169,#3257,.F.);
#2877=EDGE_CURVE('',#3167,#3258,#3259,.F.);
#2878=EDGE_CURVE('',#3258,#3260,#3261,.F.);
#2879=EDGE_CURVE('',#3260,#3161,#3262,.F.);
#2880=EDGE_CURVE('',#3159,#3263,#3264,.F.);
#2881=EDGE_CURVE('',#3263,#3265,#3266,.F.);
#2882=EDGE_CURVE('',#3265,#3153,#3267,.F.);
#2883=EDGE_CURVE('',#3151,#3268,#3269,.F.);
#2884=EDGE_CURVE('',#3268,#3270,#3271,.F.);
#2885=EDGE_CURVE('',#3270,#3145,#3272,.F.);
#2886=EDGE_CURVE('',#3143,#3273,#3274,.F.);
#2887=EDGE_CURVE('',#3273,#3275,#3276,.F.);
#2888=EDGE_CURVE('',#3275,#3137,#3277,.F.);
#2889=EDGE_CURVE('',#3135,#3278,#3279,.F.);
#2890=EDGE_CURVE('',#3278,#3280,#3281,.F.);
#2891=EDGE_CURVE('',#3280,#3129,#3282,.F.);
#2892=EDGE_CURVE('',#3127,#3283,#3284,.F.);
#2893=EDGE_CURVE('',#3283,#3285,#3286,.F.);
#2894=EDGE_CURVE('',#3285,#3113,#3287,.F.);
#2895=EDGE_CURVE('',#3288,#3288,#3289,.F.);
#2896=EDGE_CURVE('',#3290,#3290,#3291,.F.);
#2897=EDGE_CURVE('',#3292,#3292,#3293,.F.);
#2898=EDGE_CURVE('',#3294,#3294,#3295,.F.);
#2899=EDGE_CURVE('',#3296,#3296,#3297,.F.);
#2900=EDGE_CURVE('',#3298,#3298,#3299,.F.);
#2901=EDGE_CURVE('',#3300,#3300,#3301,.F.);
#2902=EDGE_CURVE('',#3302,#3302,#3303,.F.);
#2903=EDGE_CURVE('',#3304,#3304,#3305,.F.);
#2904=EDGE_CURVE('',#3306,#3306,#3307,.F.);
#2905=EDGE_CURVE('',#3308,#3110,#3309,.T.);
#2906=EDGE_CURVE('',#3115,#3310,#3311,.T.);
#2907=EDGE_CURVE('',#3310,#3312,#3313,.T.);
#2908=EDGE_CURVE('',#3312,#3126,#3314,.T.);
#2909=EDGE_CURVE('',#3131,#3315,#3316,.T.);
#2910=EDGE_CURVE('',#3315,#3317,#3318,.T.);
#2911=EDGE_CURVE('',#3317,#3134,#3319,.T.);
#2912=EDGE_CURVE('',#3139,#3320,#3321,.T.);
#2913=EDGE_CURVE('',#3320,#3322,#3323,.T.);
#2914=EDGE_CURVE('',#3322,#3142,#3324,.T.);
#2915=EDGE_CURVE('',#3147,#3325,#3326,.T.);
#2916=EDGE_CURVE('',#3325,#3327,#3328,.T.);
#2917=EDGE_CURVE('',#3327,#3150,#3329,.T.);
#2918=EDGE_CURVE('',#3155,#3330,#3331,.T.);
#2919=EDGE_CURVE('',#3330,#3332,#3333,.T.);
#2920=EDGE_CURVE('',#3332,#3158,#3334,.T.);
#2921=EDGE_CURVE('',#3163,#3335,#3336,.T.);
#2922=EDGE_CURVE('',#3335,#3337,#3338,.T.);
#2923=EDGE_CURVE('',#3337,#3166,#3339,.T.);
#2924=EDGE_CURVE('',#3171,#3340,#3341,.T.);
#2925=EDGE_CURVE('',#3340,#3342,#3343,.T.);
#2926=EDGE_CURVE('',#3342,#3174,#3344,.T.);
#2927=EDGE_CURVE('',#3345,#3179,#3346,.T.);
#2928=EDGE_CURVE('',#3347,#3345,#3348,.T.);
#2929=EDGE_CURVE('',#3105,#3347,#3349,.T.);
#2930=EDGE_CURVE('',#3103,#3350,#3351,.T.);
#2931=EDGE_CURVE('',#3350,#3352,#3353,.T.);
#2932=EDGE_CURVE('',#3352,#3097,#3354,.T.);
#2933=EDGE_CURVE('',#3095,#3355,#3356,.T.);
#2934=EDGE_CURVE('',#3355,#3357,#3358,.T.);
#2935=EDGE_CURVE('',#3357,#3089,#3359,.T.);
#2936=EDGE_CURVE('',#3087,#3360,#3361,.T.);
#2937=EDGE_CURVE('',#3360,#3362,#3363,.T.);
#2938=EDGE_CURVE('',#3362,#3081,#3364,.T.);
#2939=EDGE_CURVE('',#3079,#3365,#3366,.T.);
#2940=EDGE_CURVE('',#3365,#3367,#3368,.T.);
#2941=EDGE_CURVE('',#3367,#3073,#3369,.T.);
#2942=EDGE_CURVE('',#3071,#3370,#3371,.T.);
#2943=EDGE_CURVE('',#3370,#3372,#3373,.T.);
#2944=EDGE_CURVE('',#3372,#3065,#3374,.T.);
#2945=EDGE_CURVE('',#3063,#3375,#3376,.T.);
#2946=EDGE_CURVE('',#3375,#3377,#3378,.T.);
#2947=EDGE_CURVE('',#3377,#3057,#3379,.T.);
#2948=EDGE_CURVE('',#3055,#3380,#3381,.T.);
#2949=EDGE_CURVE('',#3380,#3382,#3383,.T.);
#2950=EDGE_CURVE('',#3382,#3049,#3384,.T.);
#2951=EDGE_CURVE('',#3047,#3385,#3386,.T.);
#2952=EDGE_CURVE('',#3385,#3387,#3388,.T.);
#2953=EDGE_CURVE('',#3387,#3038,#3389,.T.);
#2954=EDGE_CURVE('',#3043,#3390,#3391,.T.);
#2955=EDGE_CURVE('',#3390,#3392,#3393,.T.);
#2956=EDGE_CURVE('',#3392,#3394,#3395,.T.);
#2957=EDGE_CURVE('',#3396,#3394,#3397,.T.);
#2958=EDGE_CURVE('',#3398,#3396,#3399,.T.);
#2959=EDGE_CURVE('',#3400,#3398,#3401,.T.);
#2960=EDGE_CURVE('',#3402,#3400,#3403,.T.);
#2961=EDGE_CURVE('',#3404,#3402,#3405,.T.);
#2962=EDGE_CURVE('',#3404,#3406,#3407,.T.);
#2963=EDGE_CURVE('',#3406,#3408,#3409,.T.);
#2964=EDGE_CURVE('',#3408,#3121,#3410,.T.);
#2965=EDGE_CURVE('',#3119,#3411,#3412,.T.);
#2966=EDGE_CURVE('',#3411,#3308,#3413,.T.);
#2967=EDGE_CURVE('',#3414,#3414,#3415,.T.);
#2968=EDGE_CURVE('',#3416,#3416,#3417,.T.);
#2969=EDGE_CURVE('',#3418,#3418,#3419,.T.);
#2970=EDGE_CURVE('',#3420,#3420,#3421,.T.);
#2971=EDGE_CURVE('',#3422,#3422,#3423,.T.);
#2972=EDGE_CURVE('',#3424,#3424,#3425,.T.);
#2973=EDGE_CURVE('',#3426,#3426,#3427,.T.);
#2974=EDGE_CURVE('',#3428,#3428,#3429,.T.);
#2975=EDGE_CURVE('',#3430,#3430,#3431,.T.);
#2976=EDGE_CURVE('',#3432,#3432,#3433,.T.);
#2977=EDGE_CURVE('',#3350,#3245,#3434,.T.);
#2978=EDGE_CURVE('',#3352,#3243,#3435,.T.);
#2979=EDGE_CURVE('',#3340,#3255,#3436,.T.);
#2980=EDGE_CURVE('',#3342,#3253,#3437,.T.);
#2981=EDGE_CURVE('',#3355,#3240,#3438,.T.);
#2982=EDGE_CURVE('',#3357,#3238,#3439,.T.);
#2983=EDGE_CURVE('',#3335,#3260,#3440,.T.);
#2984=EDGE_CURVE('',#3337,#3258,#3441,.T.);
#2985=EDGE_CURVE('',#3360,#3235,#3442,.T.);
#2986=EDGE_CURVE('',#3362,#3233,#3443,.T.);
#2987=EDGE_CURVE('',#3330,#3265,#3444,.T.);
#2988=EDGE_CURVE('',#3332,#3263,#3445,.T.);
#2989=EDGE_CURVE('',#3365,#3230,#3446,.T.);
#2990=EDGE_CURVE('',#3367,#3228,#3447,.T.);
#2991=EDGE_CURVE('',#3325,#3270,#3448,.T.);
#2992=EDGE_CURVE('',#3327,#3268,#3449,.T.);
#2993=EDGE_CURVE('',#3370,#3225,#3450,.T.);
#2994=EDGE_CURVE('',#3372,#3223,#3451,.T.);
#2995=EDGE_CURVE('',#3320,#3275,#3452,.T.);
#2996=EDGE_CURVE('',#3322,#3273,#3453,.T.);
#2997=EDGE_CURVE('',#3375,#3220,#3454,.T.);
#2998=EDGE_CURVE('',#3377,#3218,#3455,.T.);
#2999=EDGE_CURVE('',#3315,#3280,#3456,.T.);
#3000=EDGE_CURVE('',#3317,#3278,#3457,.T.);
#3001=EDGE_CURVE('',#3380,#3215,#3458,.T.);
#3002=EDGE_CURVE('',#3382,#3213,#3459,.T.);
#3003=EDGE_CURVE('',#3310,#3285,#3460,.T.);
#3004=EDGE_CURVE('',#3312,#3283,#3461,.T.);
#3005=EDGE_CURVE('',#3385,#3210,#3462,.T.);
#3006=EDGE_CURVE('',#3387,#3208,#3463,.T.);
#3007=EDGE_CURVE('',#3411,#3184,#3464,.T.);
#3008=EDGE_CURVE('',#3308,#3182,#3465,.T.);
#3009=EDGE_CURVE('',#3390,#3205,#3466,.T.);
#3010=EDGE_CURVE('',#3347,#3248,#3467,.T.);
#3011=EDGE_CURVE('',#3408,#3187,#3468,.T.);
#3012=EDGE_CURVE('',#3345,#3250,#3469,.T.);
#3013=EDGE_CURVE('',#3406,#3189,#3470,.T.);
#3014=EDGE_CURVE('',#3191,#3404,#3471,.F.);
#3015=EDGE_CURVE('',#3402,#3193,#3472,.T.);
#3016=EDGE_CURVE('',#3400,#3195,#3473,.T.);
#3017=EDGE_CURVE('',#3398,#3197,#3474,.T.);
#3018=EDGE_CURVE('',#3396,#3199,#3475,.T.);
#3019=EDGE_CURVE('',#3394,#3201,#3476,.F.);
#3020=EDGE_CURVE('',#3392,#3203,#3477,.T.);
#3021=EDGE_CURVE('',#3478,#3478,#3479,.T.);
#3022=EDGE_CURVE('',#3480,#3480,#3481,.T.);
#3023=EDGE_CURVE('',#3482,#3482,#3483,.T.);
#3024=EDGE_CURVE('',#3484,#3484,#3485,.T.);
#3025=EDGE_CURVE('',#3486,#3486,#3487,.T.);
#3026=EDGE_CURVE('',#3488,#3488,#3489,.T.);
#3027=EDGE_CURVE('',#3490,#3490,#3491,.T.);
#3028=EDGE_CURVE('',#3492,#3492,#3493,.T.);
#3029=EDGE_CURVE('',#3494,#3494,#3495,.T.);
#3030=EDGE_CURVE('',#3496,#3496,#3497,.T.);
#3031=EDGE_CURVE('',#3498,#3498,#3499,.T.);
#3032=EDGE_CURVE('',#3500,#3500,#3501,.T.);
#3033=EDGE_CURVE('',#3502,#3502,#3503,.T.);
#3034=EDGE_CURVE('',#3504,#3504,#3505,.T.);
#3035=EDGE_CURVE('',#3506,#3506,#3507,.T.);
#3036=EDGE_CURVE('',#3508,#3508,#3509,.T.);
#3037=EDGE_CURVE('',#3510,#3510,#3511,.T.);
#3038=VERTEX_POINT('',#3512);
#3039=VERTEX_POINT('',#3513);
#3040=LINE('',#3514,#3515);
#3041=VERTEX_POINT('',#3517);
#3042=LINE('',#3518,#3519);
#3043=VERTEX_POINT('',#3521);
#3044=LINE('',#3522,#3523);
#3045=LINE('',#3525,#3526);
#3046=VERTEX_POINT('',#3528);
#3047=VERTEX_POINT('',#3529);
#3048=LINE('',#3530,#3531);
#3049=VERTEX_POINT('',#3533);
#3050=LINE('',#3534,#3535);
#3051=VERTEX_POINT('',#3537);
#3052=LINE('',#3538,#3539);
#3053=LINE('',#3541,#3542);
#3054=VERTEX_POINT('',#3544);
#3055=VERTEX_POINT('',#3545);
#3056=LINE('',#3546,#3547);
#3057=VERTEX_POINT('',#3549);
#3058=LINE('',#3550,#3551);
#3059=VERTEX_POINT('',#3553);
#3060=LINE('',#3554,#3555);
#3061=LINE('',#3557,#3558);
#3062=VERTEX_POINT('',#3560);
#3063=VERTEX_POINT('',#3561);
#3064=LINE('',#3562,#3563);
#3065=VERTEX_POINT('',#3565);
#3066=LINE('',#3566,#3567);
#3067=VERTEX_POINT('',#3569);
#3068=LINE('',#3570,#3571);
#3069=LINE('',#3573,#3574);
#3070=VERTEX_POINT('',#3576);
#3071=VERTEX_POINT('',#3577);
#3072=LINE('',#3578,#3579);
#3073=VERTEX_POINT('',#3581);
#3074=LINE('',#3582,#3583);
#3075=VERTEX_POINT('',#3585);
#3076=LINE('',#3586,#3587);
#3077=LINE('',#3589,#3590);
#3078=VERTEX_POINT('',#3592);
#3079=VERTEX_POINT('',#3593);
#3080=LINE('',#3594,#3595);
#3081=VERTEX_POINT('',#3597);
#3082=LINE('',#3598,#3599);
#3083=VERTEX_POINT('',#3601);
#3084=LINE('',#3602,#3603);
#3085=LINE('',#3605,#3606);
#3086=VERTEX_POINT('',#3608);
#3087=VERTEX_POINT('',#3609);
#3088=LINE('',#3610,#3611);
#3089=VERTEX_POINT('',#3613);
#3090=LINE('',#3614,#3615);
#3091=VERTEX_POINT('',#3617);
#3092=LINE('',#3618,#3619);
#3093=LINE('',#3621,#3622);
#3094=VERTEX_POINT('',#3624);
#3095=VERTEX_POINT('',#3625);
#3096=LINE('',#3626,#3627);
#3097=VERTEX_POINT('',#3629);
#3098=LINE('',#3630,#3631);
#3099=VERTEX_POINT('',#3633);
#3100=LINE('',#3634,#3635);
#3101=LINE('',#3637,#3638);
#3102=VERTEX_POINT('',#3640);
#3103=VERTEX_POINT('',#3641);
#3104=LINE('',#3642,#3643);
#3105=VERTEX_POINT('',#3645);
#3106=LINE('',#3646,#3647);
#3107=VERTEX_POINT('',#3649);
#3108=LINE('',#3650,#3651);
#3109=LINE('',#3653,#3654);
#3110=VERTEX_POINT('',#3656);
#3111=VERTEX_POINT('',#3657);
#3112=LINE('',#3658,#3659);
#3113=VERTEX_POINT('',#3661);
#3114=LINE('',#3662,#3663);
#3115=VERTEX_POINT('',#3665);
#3116=LINE('',#3666,#3667);
#3117=LINE('',#3669,#3670);
#3118=VERTEX_POINT('',#3672);
#3119=VERTEX_POINT('',#3673);
#3120=LINE('',#3674,#3675);
#3121=VERTEX_POINT('',#3677);
#3122=LINE('',#3678,#3679);
#3123=VERTEX_POINT('',#3681);
#3124=LINE('',#3682,#3683);
#3125=LINE('',#3685,#3686);
#3126=VERTEX_POINT('',#3688);
#3127=VERTEX_POINT('',#3689);
#3128=LINE('',#3690,#3691);
#3129=VERTEX_POINT('',#3693);
#3130=LINE('',#3694,#3695);
#3131=VERTEX_POINT('',#3697);
#3132=LINE('',#3698,#3699);
#3133=LINE('',#3701,#3702);
#3134=VERTEX_POINT('',#3704);
#3135=VERTEX_POINT('',#3705);
#3136=LINE('',#3706,#3707);
#3137=VERTEX_POINT('',#3709);
#3138=LINE('',#3710,#3711);
#3139=VERTEX_POINT('',#3713);
#3140=LINE('',#3714,#3715);
#3141=LINE('',#3717,#3718);
#3142=VERTEX_POINT('',#3720);
#3143=VERTEX_POINT('',#3721);
#3144=LINE('',#3722,#3723);
#3145=VERTEX_POINT('',#3725);
#3146=LINE('',#3726,#3727);
#3147=VERTEX_POINT('',#3729);
#3148=LINE('',#3730,#3731);
#3149=LINE('',#3733,#3734);
#3150=VERTEX_POINT('',#3736);
#3151=VERTEX_POINT('',#3737);
#3152=LINE('',#3738,#3739);
#3153=VERTEX_POINT('',#3741);
#3154=LINE('',#3742,#3743);
#3155=VERTEX_POINT('',#3745);
#3156=LINE('',#3746,#3747);
#3157=LINE('',#3749,#3750);
#3158=VERTEX_POINT('',#3752);
#3159=VERTEX_POINT('',#3753);
#3160=LINE('',#3754,#3755);
#3161=VERTEX_POINT('',#3757);
#3162=LINE('',#3758,#3759);
#3163=VERTEX_POINT('',#3761);
#3164=LINE('',#3762,#3763);
#3165=LINE('',#3765,#3766);
#3166=VERTEX_POINT('',#3768);
#3167=VERTEX_POINT('',#3769);
#3168=LINE('',#3770,#3771);
#3169=VERTEX_POINT('',#3773);
#3170=LINE('',#3774,#3775);
#3171=VERTEX_POINT('',#3777);
#3172=LINE('',#3778,#3779);
#3173=LINE('',#3781,#3782);
#3174=VERTEX_POINT('',#3784);
#3175=VERTEX_POINT('',#3785);
#3176=LINE('',#3786,#3787);
#3177=VERTEX_POINT('',#3789);
#3178=LINE('',#3790,#3791);
#3179=VERTEX_POINT('',#3793);
#3180=LINE('',#3794,#3795);
#3181=LINE('',#3797,#3798);
#3182=VERTEX_POINT('',#3800);
#3183=LINE('',#3801,#3802);
#3184=VERTEX_POINT('',#3804);
#3185=CIRCLE('',#3805,0.03);
#3186=LINE('',#3809,#3810);
#3187=VERTEX_POINT('',#3812);
#3188=LINE('',#3813,#3814);
#3189=VERTEX_POINT('',#3816);
#3190=CIRCLE('',#3817,0.03);
#3191=VERTEX_POINT('',#3821);
#3192=LINE('',#3822,#3823);
#3193=VERTEX_POINT('',#3825);
#3194=LINE('',#3826,#3827);
#3195=VERTEX_POINT('',#3829);
#3196=LINE('',#3830,#3831);
#3197=VERTEX_POINT('',#3833);
#3198=LINE('',#3834,#3835);
#3199=VERTEX_POINT('',#3837);
#3200=LINE('',#3838,#3839);
#3201=VERTEX_POINT('',#3841);
#3202=LINE('',#3842,#3843);
#3203=VERTEX_POINT('',#3845);
#3204=LINE('',#3846,#3847);
#3205=VERTEX_POINT('',#3849);
#3206=CIRCLE('',#3850,0.03);
#3207=LINE('',#3854,#3855);
#3208=VERTEX_POINT('',#3857);
#3209=LINE('',#3858,#3859);
#3210=VERTEX_POINT('',#3861);
#3211=CIRCLE('',#3862,0.03);
#3212=LINE('',#3866,#3867);
#3213=VERTEX_POINT('',#3869);
#3214=LINE('',#3870,#3871);
#3215=VERTEX_POINT('',#3873);
#3216=CIRCLE('',#3874,0.03);
#3217=LINE('',#3878,#3879);
#3218=VERTEX_POINT('',#3881);
#3219=LINE('',#3882,#3883);
#3220=VERTEX_POINT('',#3885);
#3221=CIRCLE('',#3886,0.03);
#3222=LINE('',#3890,#3891);
#3223=VERTEX_POINT('',#3893);
#3224=LINE('',#3894,#3895);
#3225=VERTEX_POINT('',#3897);
#3226=CIRCLE('',#3898,0.03);
#3227=LINE('',#3902,#3903);
#3228=VERTEX_POINT('',#3905);
#3229=LINE('',#3906,#3907);
#3230=VERTEX_POINT('',#3909);
#3231=CIRCLE('',#3910,0.03);
#3232=LINE('',#3914,#3915);
#3233=VERTEX_POINT('',#3917);
#3234=LINE('',#3918,#3919);
#3235=VERTEX_POINT('',#3921);
#3236=CIRCLE('',#3922,0.03);
#3237=LINE('',#3926,#3927);
#3238=VERTEX_POINT('',#3929);
#3239=LINE('',#3930,#3931);
#3240=VERTEX_POINT('',#3933);
#3241=CIRCLE('',#3934,0.03);
#3242=LINE('',#3938,#3939);
#3243=VERTEX_POINT('',#3941);
#3244=LINE('',#3942,#3943);
#3245=VERTEX_POINT('',#3945);
#3246=CIRCLE('',#3946,0.03);
#3247=LINE('',#3950,#3951);
#3248=VERTEX_POINT('',#3953);
#3249=LINE('',#3954,#3955);
#3250=VERTEX_POINT('',#3957);
#3251=LINE('',#3958,#3959);
#3252=LINE('',#3961,#3962);
#3253=VERTEX_POINT('',#3964);
#3254=LINE('',#3965,#3966);
#3255=VERTEX_POINT('',#3968);
#3256=CIRCLE('',#3969,0.03);
#3257=LINE('',#3973,#3974);
#3258=VERTEX_POINT('',#3976);
#3259=LINE('',#3977,#3978);
#3260=VERTEX_POINT('',#3980);
#3261=CIRCLE('',#3981,0.03);
#3262=LINE('',#3985,#3986);
#3263=VERTEX_POINT('',#3988);
#3264=LINE('',#3989,#3990);
#3265=VERTEX_POINT('',#3992);
#3266=CIRCLE('',#3993,0.03);
#3267=LINE('',#3997,#3998);
#3268=VERTEX_POINT('',#4000);
#3269=LINE('',#4001,#4002);
#3270=VERTEX_POINT('',#4004);
#3271=CIRCLE('',#4005,0.03);
#3272=LINE('',#4009,#4010);
#3273=VERTEX_POINT('',#4012);
#3274=LINE('',#4013,#4014);
#3275=VERTEX_POINT('',#4016);
#3276=CIRCLE('',#4017,0.03);
#3277=LINE('',#4021,#4022);
#3278=VERTEX_POINT('',#4024);
#3279=LINE('',#4025,#4026);
#3280=VERTEX_POINT('',#4028);
#3281=CIRCLE('',#4029,0.03);
#3282=LINE('',#4033,#4034);
#3283=VERTEX_POINT('',#4036);
#3284=LINE('',#4037,#4038);
#3285=VERTEX_POINT('',#4040);
#3286=CIRCLE('',#4041,0.03);
#3287=LINE('',#4045,#4046);
#3288=VERTEX_POINT('',#4048);
#3289=CIRCLE('',#4049,0.66);
#3290=VERTEX_POINT('',#4053);
#3291=CIRCLE('',#4054,0.66);
#3292=VERTEX_POINT('',#4058);
#3293=CIRCLE('',#4059,0.66);
#3294=VERTEX_POINT('',#4063);
#3295=CIRCLE('',#4064,0.66);
#3296=VERTEX_POINT('',#4068);
#3297=CIRCLE('',#4069,0.66);
#3298=VERTEX_POINT('',#4073);
#3299=CIRCLE('',#4074,0.66);
#3300=VERTEX_POINT('',#4078);
#3301=CIRCLE('',#4079,0.66);
#3302=VERTEX_POINT('',#4083);
#3303=CIRCLE('',#4084,0.66);
#3304=VERTEX_POINT('',#4088);
#3305=CIRCLE('',#4089,0.66);
#3306=VERTEX_POINT('',#4093);
#3307=CIRCLE('',#4094,0.66);
#3308=VERTEX_POINT('',#4098);
#3309=LINE('',#4099,#4100);
#3310=VERTEX_POINT('',#4102);
#3311=LINE('',#4103,#4104);
#3312=VERTEX_POINT('',#4106);
#3313=CIRCLE('',#4107,0.03);
#3314=LINE('',#4111,#4112);
#3315=VERTEX_POINT('',#4114);
#3316=LINE('',#4115,#4116);
#3317=VERTEX_POINT('',#4118);
#3318=CIRCLE('',#4119,0.03);
#3319=LINE('',#4123,#4124);
#3320=VERTEX_POINT('',#4126);
#3321=LINE('',#4127,#4128);
#3322=VERTEX_POINT('',#4130);
#3323=CIRCLE('',#4131,0.03);
#3324=LINE('',#4135,#4136);
#3325=VERTEX_POINT('',#4138);
#3326=LINE('',#4139,#4140);
#3327=VERTEX_POINT('',#4142);
#3328=CIRCLE('',#4143,0.03);
#3329=LINE('',#4147,#4148);
#3330=VERTEX_POINT('',#4150);
#3331=LINE('',#4151,#4152);
#3332=VERTEX_POINT('',#4154);
#3333=CIRCLE('',#4155,0.03);
#3334=LINE('',#4159,#4160);
#3335=VERTEX_POINT('',#4162);
#3336=LINE('',#4163,#4164);
#3337=VERTEX_POINT('',#4166);
#3338=CIRCLE('',#4167,0.03);
#3339=LINE('',#4171,#4172);
#3340=VERTEX_POINT('',#4174);
#3341=LINE('',#4175,#4176);
#3342=VERTEX_POINT('',#4178);
#3343=CIRCLE('',#4179,0.03);
#3344=LINE('',#4183,#4184);
#3345=VERTEX_POINT('',#4186);
#3346=LINE('',#4187,#4188);
#3347=VERTEX_POINT('',#4190);
#3348=LINE('',#4191,#4192);
#3349=LINE('',#4194,#4195);
#3350=VERTEX_POINT('',#4197);
#3351=LINE('',#4198,#4199);
#3352=VERTEX_POINT('',#4201);
#3353=CIRCLE('',#4202,0.03);
#3354=LINE('',#4206,#4207);
#3355=VERTEX_POINT('',#4209);
#3356=LINE('',#4210,#4211);
#3357=VERTEX_POINT('',#4213);
#3358=CIRCLE('',#4214,0.03);
#3359=LINE('',#4218,#4219);
#3360=VERTEX_POINT('',#4221);
#3361=LINE('',#4222,#4223);
#3362=VERTEX_POINT('',#4225);
#3363=CIRCLE('',#4226,0.03);
#3364=LINE('',#4230,#4231);
#3365=VERTEX_POINT('',#4233);
#3366=LINE('',#4234,#4235);
#3367=VERTEX_POINT('',#4237);
#3368=CIRCLE('',#4238,0.03);
#3369=LINE('',#4242,#4243);
#3370=VERTEX_POINT('',#4245);
#3371=LINE('',#4246,#4247);
#3372=VERTEX_POINT('',#4249);
#3373=CIRCLE('',#4250,0.03);
#3374=LINE('',#4254,#4255);
#3375=VERTEX_POINT('',#4257);
#3376=LINE('',#4258,#4259);
#3377=VERTEX_POINT('',#4261);
#3378=CIRCLE('',#4262,0.03);
#3379=LINE('',#4266,#4267);
#3380=VERTEX_POINT('',#4269);
#3381=LINE('',#4270,#4271);
#3382=VERTEX_POINT('',#4273);
#3383=CIRCLE('',#4274,0.03);
#3384=LINE('',#4278,#4279);
#3385=VERTEX_POINT('',#4281);
#3386=LINE('',#4282,#4283);
#3387=VERTEX_POINT('',#4285);
#3388=CIRCLE('',#4286,0.03);
#3389=LINE('',#4290,#4291);
#3390=VERTEX_POINT('',#4293);
#3391=LINE('',#4294,#4295);
#3392=VERTEX_POINT('',#4297);
#3393=CIRCLE('',#4298,0.03);
#3394=VERTEX_POINT('',#4302);
#3395=LINE('',#4303,#4304);
#3396=VERTEX_POINT('',#4306);
#3397=LINE('',#4307,#4308);
#3398=VERTEX_POINT('',#4310);
#3399=LINE('',#4311,#4312);
#3400=VERTEX_POINT('',#4314);
#3401=LINE('',#4315,#4316);
#3402=VERTEX_POINT('',#4318);
#3403=LINE('',#4319,#4320);
#3404=VERTEX_POINT('',#4322);
#3405=LINE('',#4323,#4324);
#3406=VERTEX_POINT('',#4326);
#3407=LINE('',#4327,#4328);
#3408=VERTEX_POINT('',#4330);
#3409=CIRCLE('',#4331,0.03);
#3410=LINE('',#4335,#4336);
#3411=VERTEX_POINT('',#4338);
#3412=LINE('',#4339,#4340);
#3413=CIRCLE('',#4342,0.03);
#3414=VERTEX_POINT('',#4346);
#3415=CIRCLE('',#4347,0.66);
#3416=VERTEX_POINT('',#4351);
#3417=CIRCLE('',#4352,0.66);
#3418=VERTEX_POINT('',#4356);
#3419=CIRCLE('',#4357,0.66);
#3420=VERTEX_POINT('',#4361);
#3421=CIRCLE('',#4362,0.66);
#3422=VERTEX_POINT('',#4366);
#3423=CIRCLE('',#4367,0.66);
#3424=VERTEX_POINT('',#4371);
#3425=CIRCLE('',#4372,0.66);
#3426=VERTEX_POINT('',#4376);
#3427=CIRCLE('',#4377,0.66);
#3428=VERTEX_POINT('',#4381);
#3429=CIRCLE('',#4382,0.66);
#3430=VERTEX_POINT('',#4386);
#3431=CIRCLE('',#4387,0.66);
#3432=VERTEX_POINT('',#4391);
#3433=CIRCLE('',#4392,0.66);
#3434=LINE('',#4396,#4397);
#3435=LINE('',#4399,#4400);
#3436=LINE('',#4402,#4403);
#3437=LINE('',#4405,#4406);
#3438=LINE('',#4408,#4409);
#3439=LINE('',#4411,#4412);
#3440=LINE('',#4414,#4415);
#3441=LINE('',#4417,#4418);
#3442=LINE('',#4420,#4421);
#3443=LINE('',#4423,#4424);
#3444=LINE('',#4426,#4427);
#3445=LINE('',#4429,#4430);
#3446=LINE('',#4432,#4433);
#3447=LINE('',#4435,#4436);
#3448=LINE('',#4438,#4439);
#3449=LINE('',#4441,#4442);
#3450=LINE('',#4444,#4445);
#3451=LINE('',#4447,#4448);
#3452=LINE('',#4450,#4451);
#3453=LINE('',#4453,#4454);
#3454=LINE('',#4456,#4457);
#3455=LINE('',#4459,#4460);
#3456=LINE('',#4462,#4463);
#3457=LINE('',#4465,#4466);
#3458=LINE('',#4468,#4469);
#3459=LINE('',#4471,#4472);
#3460=LINE('',#4474,#4475);
#3461=LINE('',#4477,#4478);
#3462=LINE('',#4480,#4481);
#3463=LINE('',#4483,#4484);
#3464=LINE('',#4486,#4487);
#3465=LINE('',#4489,#4490);
#3466=LINE('',#4492,#4493);
#3467=LINE('',#4495,#4496);
#3468=LINE('',#4498,#4499);
#3469=LINE('',#4501,#4502);
#3470=LINE('',#4504,#4505);
#3471=LINE('',#4507,#4508);
#3472=LINE('',#4510,#4511);
#3473=LINE('',#4513,#4514);
#3474=LINE('',#4516,#4517);
#3475=LINE('',#4519,#4520);
#3476=LINE('',#4522,#4523);
#3477=LINE('',#4525,#4526);
#3478=VERTEX_POINT('',#4528);
#3479=CIRCLE('',#4529,0.1275);
#3480=VERTEX_POINT('',#4533);
#3481=CIRCLE('',#4534,0.255);
#3482=VERTEX_POINT('',#4538);
#3483=CIRCLE('',#4539,0.255);
#3484=VERTEX_POINT('',#4543);
#3485=CIRCLE('',#4544,0.66);
#3486=VERTEX_POINT('',#4548);
#3487=CIRCLE('',#4549,0.66);
#3488=VERTEX_POINT('',#4553);
#3489=CIRCLE('',#4554,0.810000000000001);
#3490=VERTEX_POINT('',#4558);
#3491=CIRCLE('',#4559,0.659999999999999);
#3492=VERTEX_POINT('',#4563);
#3493=CIRCLE('',#4564,0.66);
#3494=VERTEX_POINT('',#4568);
#3495=CIRCLE('',#4569,0.915);
#3496=VERTEX_POINT('',#4573);
#3497=CIRCLE('',#4574,0.915);
#3498=VERTEX_POINT('',#4578);
#3499=CIRCLE('',#4579,0.609191070866214);
#3500=VERTEX_POINT('',#4583);
#3501=CIRCLE('',#4584,0.5);
#3502=VERTEX_POINT('',#4588);
#3503=CIRCLE('',#4589,0.5);
#3504=VERTEX_POINT('',#4593);
#3505=CIRCLE('',#4594,0.225);
#3506=VERTEX_POINT('',#4598);
#3507=CIRCLE('',#4599,0.5);
#3508=VERTEX_POINT('',#4603);
#3509=CIRCLE('',#4604,0.5);
#3510=VERTEX_POINT('',#4608);
#3511=CIRCLE('',#4609,0.03);
#3512=CARTESIAN_POINT('',(3.65099559473196,-1.27,1.57));
#3513=CARTESIAN_POINT('',(3.65099559473196,-1.27,2.84));
#3514=CARTESIAN_POINT('',(3.65099559473196,-1.27,2.84));
#3515=VECTOR('',#3516,1.);
#3516=DIRECTION('',(0.,0.,-1.));
#3517=CARTESIAN_POINT('',(1.42900440526804,-1.27,2.84));
#3518=CARTESIAN_POINT('',(1.42900440526804,-1.27,2.84));
#3519=VECTOR('',#3520,1.);
#3520=DIRECTION('',(1.,0.,0.));
#3521=CARTESIAN_POINT('',(1.42900440526804,-1.27,1.57));
#3522=CARTESIAN_POINT('',(1.42900440526804,-1.27,1.57));
#3523=VECTOR('',#3524,1.);
#3524=DIRECTION('',(0.,0.,1.));
#3525=CARTESIAN_POINT('',(1.42900440526804,-1.27,1.57));
#3526=VECTOR('',#3527,1.);
#3527=DIRECTION('',(1.,0.,0.));
#3528=CARTESIAN_POINT('',(3.96900440526804,-1.27,2.84));
#3529=CARTESIAN_POINT('',(3.96900440526804,-1.27,1.57));
#3530=CARTESIAN_POINT('',(3.96900440526804,-1.27,1.57));
#3531=VECTOR('',#3532,1.);
#3532=DIRECTION('',(0.,0.,1.));
#3533=CARTESIAN_POINT('',(6.19099559473196,-1.27,1.57));
#3534=CARTESIAN_POINT('',(3.96900440526804,-1.27,1.57));
#3535=VECTOR('',#3536,1.);
#3536=DIRECTION('',(1.,0.,0.));
#3537=CARTESIAN_POINT('',(6.19099559473196,-1.27,2.84));
#3538=CARTESIAN_POINT('',(6.19099559473196,-1.27,2.84));
#3539=VECTOR('',#3540,1.);
#3540=DIRECTION('',(0.,0.,-1.));
#3541=CARTESIAN_POINT('',(3.96900440526804,-1.27,2.84));
#3542=VECTOR('',#3543,1.);
#3543=DIRECTION('',(1.,0.,0.));
#3544=CARTESIAN_POINT('',(6.50900440526804,-1.27,2.84));
#3545=CARTESIAN_POINT('',(6.50900440526804,-1.27,1.57));
#3546=CARTESIAN_POINT('',(6.50900440526804,-1.27,1.57));
#3547=VECTOR('',#3548,1.);
#3548=DIRECTION('',(0.,0.,1.));
#3549=CARTESIAN_POINT('',(8.73099559473196,-1.27,1.57));
#3550=CARTESIAN_POINT('',(6.50900440526804,-1.27,1.57));
#3551=VECTOR('',#3552,1.);
#3552=DIRECTION('',(1.,0.,0.));
#3553=CARTESIAN_POINT('',(8.73099559473196,-1.27,2.84));
#3554=CARTESIAN_POINT('',(8.73099559473196,-1.27,2.84));
#3555=VECTOR('',#3556,1.);
#3556=DIRECTION('',(0.,0.,-1.));
#3557=CARTESIAN_POINT('',(6.50900440526804,-1.27,2.84));
#3558=VECTOR('',#3559,1.);
#3559=DIRECTION('',(1.,0.,0.));
#3560=CARTESIAN_POINT('',(9.04900440526804,-1.27,2.84));
#3561=CARTESIAN_POINT('',(9.04900440526804,-1.27,1.57));
#3562=CARTESIAN_POINT('',(9.04900440526804,-1.27,1.57));
#3563=VECTOR('',#3564,1.);
#3564=DIRECTION('',(0.,0.,1.));
#3565=CARTESIAN_POINT('',(11.270995594732,-1.27,1.57));
#3566=CARTESIAN_POINT('',(9.04900440526804,-1.27,1.57));
#3567=VECTOR('',#3568,1.);
#3568=DIRECTION('',(1.,0.,0.));
#3569=CARTESIAN_POINT('',(11.270995594732,-1.27,2.84));
#3570=CARTESIAN_POINT('',(11.270995594732,-1.27,2.84));
#3571=VECTOR('',#3572,1.);
#3572=DIRECTION('',(0.,0.,-1.));
#3573=CARTESIAN_POINT('',(9.04900440526804,-1.27,2.84));
#3574=VECTOR('',#3575,1.);
#3575=DIRECTION('',(1.,0.,0.));
#3576=CARTESIAN_POINT('',(11.589004405268,-1.27,2.84));
#3577=CARTESIAN_POINT('',(11.589004405268,-1.27,1.57));
#3578=CARTESIAN_POINT('',(11.589004405268,-1.27,1.57));
#3579=VECTOR('',#3580,1.);
#3580=DIRECTION('',(0.,0.,1.));
#3581=CARTESIAN_POINT('',(13.810995594732,-1.27,1.57));
#3582=CARTESIAN_POINT('',(11.589004405268,-1.27,1.57));
#3583=VECTOR('',#3584,1.);
#3584=DIRECTION('',(1.,0.,0.));
#3585=CARTESIAN_POINT('',(13.810995594732,-1.27,2.84));
#3586=CARTESIAN_POINT('',(13.810995594732,-1.27,2.84));
#3587=VECTOR('',#3588,1.);
#3588=DIRECTION('',(0.,0.,-1.));
#3589=CARTESIAN_POINT('',(11.589004405268,-1.27,2.84));
#3590=VECTOR('',#3591,1.);
#3591=DIRECTION('',(1.,0.,0.));
#3592=CARTESIAN_POINT('',(14.129004405268,-1.27,2.84));
#3593=CARTESIAN_POINT('',(14.129004405268,-1.27,1.57));
#3594=CARTESIAN_POINT('',(14.129004405268,-1.27,1.57));
#3595=VECTOR('',#3596,1.);
#3596=DIRECTION('',(0.,0.,1.));
#3597=CARTESIAN_POINT('',(16.350995594732,-1.27,1.57));
#3598=CARTESIAN_POINT('',(14.129004405268,-1.27,1.57));
#3599=VECTOR('',#3600,1.);
#3600=DIRECTION('',(1.,0.,0.));
#3601=CARTESIAN_POINT('',(16.350995594732,-1.27,2.84));
#3602=CARTESIAN_POINT('',(16.350995594732,-1.27,2.84));
#3603=VECTOR('',#3604,1.);
#3604=DIRECTION('',(0.,0.,-1.));
#3605=CARTESIAN_POINT('',(14.129004405268,-1.27,2.84));
#3606=VECTOR('',#3607,1.);
#3607=DIRECTION('',(1.,0.,0.));
#3608=CARTESIAN_POINT('',(16.669004405268,-1.27,2.84));
#3609=CARTESIAN_POINT('',(16.669004405268,-1.27,1.57));
#3610=CARTESIAN_POINT('',(16.669004405268,-1.27,1.57));
#3611=VECTOR('',#3612,1.);
#3612=DIRECTION('',(0.,0.,1.));
#3613=CARTESIAN_POINT('',(18.890995594732,-1.27,1.57));
#3614=CARTESIAN_POINT('',(16.669004405268,-1.27,1.57));
#3615=VECTOR('',#3616,1.);
#3616=DIRECTION('',(1.,0.,0.));
#3617=CARTESIAN_POINT('',(18.890995594732,-1.27,2.84));
#3618=CARTESIAN_POINT('',(18.890995594732,-1.27,2.84));
#3619=VECTOR('',#3620,1.);
#3620=DIRECTION('',(0.,0.,-1.));
#3621=CARTESIAN_POINT('',(16.669004405268,-1.27,2.84));
#3622=VECTOR('',#3623,1.);
#3623=DIRECTION('',(1.,0.,0.));
#3624=CARTESIAN_POINT('',(19.209004405268,-1.27,2.84));
#3625=CARTESIAN_POINT('',(19.209004405268,-1.27,1.57));
#3626=CARTESIAN_POINT('',(19.209004405268,-1.27,1.57));
#3627=VECTOR('',#3628,1.);
#3628=DIRECTION('',(0.,0.,1.));
#3629=CARTESIAN_POINT('',(21.430995594732,-1.27,1.57));
#3630=CARTESIAN_POINT('',(19.209004405268,-1.27,1.57));
#3631=VECTOR('',#3632,1.);
#3632=DIRECTION('',(1.,0.,0.));
#3633=CARTESIAN_POINT('',(21.430995594732,-1.27,2.84));
#3634=CARTESIAN_POINT('',(21.430995594732,-1.27,2.84));
#3635=VECTOR('',#3636,1.);
#3636=DIRECTION('',(0.,0.,-1.));
#3637=CARTESIAN_POINT('',(19.209004405268,-1.27,2.84));
#3638=VECTOR('',#3639,1.);
#3639=DIRECTION('',(1.,0.,-1.99860922921664E-016));
#3640=CARTESIAN_POINT('',(21.749004405268,-1.27,2.84));
#3641=CARTESIAN_POINT('',(21.749004405268,-1.27,1.57));
#3642=CARTESIAN_POINT('',(21.749004405268,-1.27,1.57));
#3643=VECTOR('',#3644,1.);
#3644=DIRECTION('',(0.,0.,1.));
#3645=CARTESIAN_POINT('',(24.1051077025535,-1.27,1.57));
#3646=CARTESIAN_POINT('',(21.749004405268,-1.27,1.57));
#3647=VECTOR('',#3648,1.);
#3648=DIRECTION('',(1.,0.,0.));
#3649=CARTESIAN_POINT('',(24.1051077025535,-1.27,2.84));
#3650=CARTESIAN_POINT('',(24.1051077025535,-1.27,1.57));
#3651=VECTOR('',#3652,1.);
#3652=DIRECTION('',(0.,0.,1.));
#3653=CARTESIAN_POINT('',(21.749004405268,-1.27,2.84));
#3654=VECTOR('',#3655,1.);
#3655=DIRECTION('',(1.,0.,1.88484609465854E-016));
#3656=CARTESIAN_POINT('',(3.96900440527185,1.27,1.57));
#3657=CARTESIAN_POINT('',(3.96900440527185,1.27,2.84));
#3658=CARTESIAN_POINT('',(3.96900440527185,1.27,2.84));
#3659=VECTOR('',#3660,1.);
#3660=DIRECTION('',(0.,0.,-1.));
#3661=CARTESIAN_POINT('',(6.19099559472815,1.27,2.84));
#3662=CARTESIAN_POINT('',(6.19099559472815,1.27,2.84));
#3663=VECTOR('',#3664,1.);
#3664=DIRECTION('',(-1.,0.,1.99860922922348E-016));
#3665=CARTESIAN_POINT('',(6.19099559472815,1.27,1.57));
#3666=CARTESIAN_POINT('',(6.19099559472815,1.27,1.57));
#3667=VECTOR('',#3668,1.);
#3668=DIRECTION('',(0.,0.,1.));
#3669=CARTESIAN_POINT('',(6.19099559472815,1.27,1.57));
#3670=VECTOR('',#3671,1.);
#3671=DIRECTION('',(-1.,0.,0.));
#3672=CARTESIAN_POINT('',(3.65099559472815,1.27,2.84));
#3673=CARTESIAN_POINT('',(3.65099559472815,1.27,1.57));
#3674=CARTESIAN_POINT('',(3.65099559472815,1.27,1.57));
#3675=VECTOR('',#3676,1.);
#3676=DIRECTION('',(0.,0.,1.));
#3677=CARTESIAN_POINT('',(1.42900440527185,1.27,1.57));
#3678=CARTESIAN_POINT('',(3.65099559472815,1.27,1.57));
#3679=VECTOR('',#3680,1.);
#3680=DIRECTION('',(-1.,0.,0.));
#3681=CARTESIAN_POINT('',(1.42900440527185,1.27,2.84));
#3682=CARTESIAN_POINT('',(1.42900440527185,1.27,2.84));
#3683=VECTOR('',#3684,1.);
#3684=DIRECTION('',(0.,0.,-1.));
#3685=CARTESIAN_POINT('',(3.65099559472815,1.27,2.84));
#3686=VECTOR('',#3687,1.);
#3687=DIRECTION('',(-1.,0.,-1.99860922922348E-016));
#3688=CARTESIAN_POINT('',(6.50900440527185,1.27,1.57));
#3689=CARTESIAN_POINT('',(6.50900440527185,1.27,2.84));
#3690=CARTESIAN_POINT('',(6.50900440527185,1.27,2.84));
#3691=VECTOR('',#3692,1.);
#3692=DIRECTION('',(0.,0.,-1.));
#3693=CARTESIAN_POINT('',(8.73099559472815,1.27,2.84));
#3694=CARTESIAN_POINT('',(8.73099559472815,1.27,2.84));
#3695=VECTOR('',#3696,1.);
#3696=DIRECTION('',(-1.,0.,0.));
#3697=CARTESIAN_POINT('',(8.73099559472815,1.27,1.57));
#3698=CARTESIAN_POINT('',(8.73099559472815,1.27,1.57));
#3699=VECTOR('',#3700,1.);
#3700=DIRECTION('',(0.,0.,1.));
#3701=CARTESIAN_POINT('',(8.73099559472815,1.27,1.57));
#3702=VECTOR('',#3703,1.);
#3703=DIRECTION('',(-1.,0.,0.));
#3704=CARTESIAN_POINT('',(9.04900440527185,1.27,1.57));
#3705=CARTESIAN_POINT('',(9.04900440527185,1.27,2.84));
#3706=CARTESIAN_POINT('',(9.04900440527185,1.27,2.84));
#3707=VECTOR('',#3708,1.);
#3708=DIRECTION('',(0.,0.,-1.));
#3709=CARTESIAN_POINT('',(11.2709955947281,1.27,2.84));
#3710=CARTESIAN_POINT('',(11.2709955947281,1.27,2.84));
#3711=VECTOR('',#3712,1.);
#3712=DIRECTION('',(-1.,0.,0.));
#3713=CARTESIAN_POINT('',(11.2709955947281,1.27,1.57));
#3714=CARTESIAN_POINT('',(11.2709955947282,1.27,1.57));
#3715=VECTOR('',#3716,1.);
#3716=DIRECTION('',(0.,0.,1.));
#3717=CARTESIAN_POINT('',(11.2709955947281,1.27,1.57));
#3718=VECTOR('',#3719,1.);
#3719=DIRECTION('',(-1.,0.,0.));
#3720=CARTESIAN_POINT('',(11.5890044052718,1.27,1.57));
#3721=CARTESIAN_POINT('',(11.5890044052718,1.27,2.84));
#3722=CARTESIAN_POINT('',(11.5890044052718,1.27,2.84));
#3723=VECTOR('',#3724,1.);
#3724=DIRECTION('',(0.,0.,-1.));
#3725=CARTESIAN_POINT('',(13.8109955947282,1.27,2.84));
#3726=CARTESIAN_POINT('',(13.8109955947282,1.27,2.84));
#3727=VECTOR('',#3728,1.);
#3728=DIRECTION('',(-1.,0.,0.));
#3729=CARTESIAN_POINT('',(13.8109955947282,1.27,1.57));
#3730=CARTESIAN_POINT('',(13.8109955947282,1.27,1.57));
#3731=VECTOR('',#3732,1.);
#3732=DIRECTION('',(0.,0.,1.));
#3733=CARTESIAN_POINT('',(13.8109955947282,1.27,1.57));
#3734=VECTOR('',#3735,1.);
#3735=DIRECTION('',(-1.,0.,0.));
#3736=CARTESIAN_POINT('',(14.1290044052718,1.27,1.57));
#3737=CARTESIAN_POINT('',(14.1290044052718,1.27,2.84));
#3738=CARTESIAN_POINT('',(14.1290044052718,1.27,2.84));
#3739=VECTOR('',#3740,1.);
#3740=DIRECTION('',(0.,0.,-1.));
#3741=CARTESIAN_POINT('',(16.3509955947282,1.27,2.84));
#3742=CARTESIAN_POINT('',(16.3509955947282,1.27,2.84));
#3743=VECTOR('',#3744,1.);
#3744=DIRECTION('',(-1.,0.,0.));
#3745=CARTESIAN_POINT('',(16.3509955947282,1.27,1.57));
#3746=CARTESIAN_POINT('',(16.3509955947282,1.27,1.57));
#3747=VECTOR('',#3748,1.);
#3748=DIRECTION('',(0.,0.,1.));
#3749=CARTESIAN_POINT('',(16.3509955947282,1.27,1.57));
#3750=VECTOR('',#3751,1.);
#3751=DIRECTION('',(-1.,0.,0.));
#3752=CARTESIAN_POINT('',(16.6690044052718,1.27,1.57));
#3753=CARTESIAN_POINT('',(16.6690044052718,1.27,2.84));
#3754=CARTESIAN_POINT('',(16.6690044052718,1.27,2.84));
#3755=VECTOR('',#3756,1.);
#3756=DIRECTION('',(0.,0.,-1.));
#3757=CARTESIAN_POINT('',(18.8909955947282,1.27,2.84));
#3758=CARTESIAN_POINT('',(18.8909955947282,1.27,2.84));
#3759=VECTOR('',#3760,1.);
#3760=DIRECTION('',(-1.,0.,0.));
#3761=CARTESIAN_POINT('',(18.8909955947282,1.27,1.57));
#3762=CARTESIAN_POINT('',(18.8909955947282,1.27,1.57));
#3763=VECTOR('',#3764,1.);
#3764=DIRECTION('',(0.,0.,1.));
#3765=CARTESIAN_POINT('',(18.8909955947282,1.27,1.57));
#3766=VECTOR('',#3767,1.);
#3767=DIRECTION('',(-1.,0.,0.));
#3768=CARTESIAN_POINT('',(19.2090044052718,1.27,1.57));
#3769=CARTESIAN_POINT('',(19.2090044052718,1.27,2.84));
#3770=CARTESIAN_POINT('',(19.2090044052718,1.27,2.84));
#3771=VECTOR('',#3772,1.);
#3772=DIRECTION('',(0.,0.,-1.));
#3773=CARTESIAN_POINT('',(21.4309955947281,1.27,2.84));
#3774=CARTESIAN_POINT('',(21.4309955947282,1.27,2.84));
#3775=VECTOR('',#3776,1.);
#3776=DIRECTION('',(-1.,0.,1.99860922922348E-016));
#3777=CARTESIAN_POINT('',(21.4309955947281,1.27,1.57));
#3778=CARTESIAN_POINT('',(21.4309955947281,1.27,1.57));
#3779=VECTOR('',#3780,1.);
#3780=DIRECTION('',(0.,0.,1.));
#3781=CARTESIAN_POINT('',(21.4309955947282,1.27,1.57));
#3782=VECTOR('',#3783,1.);
#3783=DIRECTION('',(-1.,0.,0.));
#3784=CARTESIAN_POINT('',(21.7490044052718,1.27,1.57));
#3785=CARTESIAN_POINT('',(21.7490044052718,1.27,2.84));
#3786=CARTESIAN_POINT('',(21.7490044052718,1.27,2.84));
#3787=VECTOR('',#3788,1.);
#3788=DIRECTION('',(0.,0.,-1.));
#3789=CARTESIAN_POINT('',(24.1051077025535,1.27,2.84));
#3790=CARTESIAN_POINT('',(24.1051077025535,1.27,2.84));
#3791=VECTOR('',#3792,1.);
#3792=DIRECTION('',(-1.,0.,0.));
#3793=CARTESIAN_POINT('',(24.1051077025535,1.27,1.57));
#3794=CARTESIAN_POINT('',(24.1051077025535,1.27,1.57));
#3795=VECTOR('',#3796,1.);
#3796=DIRECTION('',(0.,0.,1.));
#3797=CARTESIAN_POINT('',(24.1051077025535,1.27,1.57));
#3798=VECTOR('',#3799,1.);
#3799=DIRECTION('',(-1.,0.,0.));
#3800=CARTESIAN_POINT('',(3.83718923361106,0.987321452147693,2.84));
#3801=CARTESIAN_POINT('',(3.83718923361106,0.987321452147693,2.84));
#3802=VECTOR('',#3803,1.);
#3803=DIRECTION('',(0.422618261743663,0.906307787035268,0.));
#3804=CARTESIAN_POINT('',(3.78281076638894,0.987321452147693,2.84));
#3805=AXIS2_PLACEMENT_3D('',#3806,#3807,#3808);
#3806=CARTESIAN_POINT('',(3.81,1.,2.84));
#3807=DIRECTION('',(-0.,0.,1.));
#3808=DIRECTION('',(-0.906307787035284,-0.422618261743629,0.));
#3809=CARTESIAN_POINT('',(3.65099559472815,1.27,2.84));
#3810=VECTOR('',#3811,1.);
#3811=DIRECTION('',(0.422618261743666,-0.906307787035267,0.));
#3812=CARTESIAN_POINT('',(1.29718923361106,0.987321452147693,2.84));
#3813=CARTESIAN_POINT('',(1.29718923361106,0.987321452147693,2.84));
#3814=VECTOR('',#3815,1.);
#3815=DIRECTION('',(0.422618261743663,0.906307787035268,0.));
#3816=CARTESIAN_POINT('',(1.24281076638894,0.987321452147693,2.84));
#3817=AXIS2_PLACEMENT_3D('',#3818,#3819,#3820);
#3818=CARTESIAN_POINT('',(1.27,1.,2.84));
#3819=DIRECTION('',(-0.,0.,1.));
#3820=DIRECTION('',(-0.906307787035285,-0.422618261743626,0.));
#3821=CARTESIAN_POINT('',(1.11099559472815,1.27,2.84));
#3822=CARTESIAN_POINT('',(1.11099559472815,1.27,2.84));
#3823=VECTOR('',#3824,1.);
#3824=DIRECTION('',(0.422618261743666,-0.906307787035267,0.));
#3825=CARTESIAN_POINT('',(-1.2451077025535,1.27,2.84));
#3826=CARTESIAN_POINT('',(1.11099559472815,1.27,2.84));
#3827=VECTOR('',#3828,1.);
#3828=DIRECTION('',(-1.,0.,1.88484609466159E-016));
#3829=CARTESIAN_POINT('',(-1.385,0.970000000000001,2.84));
#3830=CARTESIAN_POINT('',(-1.2451077025535,1.27,2.84));
#3831=VECTOR('',#3832,1.);
#3832=DIRECTION('',(-0.4226182617407,-0.90630778703665,0.));
#3833=CARTESIAN_POINT('',(-1.385,-0.97,2.84));
#3834=CARTESIAN_POINT('',(-1.385,0.970000000000001,2.84));
#3835=VECTOR('',#3836,1.);
#3836=DIRECTION('',(-2.28911963840238E-016,-1.,0.));
#3837=CARTESIAN_POINT('',(-1.2451077025535,-1.27,2.84));
#3838=CARTESIAN_POINT('',(-1.385,-0.97,2.84));
#3839=VECTOR('',#3840,1.);
#3840=DIRECTION('',(0.422618261740699,-0.90630778703665,0.));
#3841=CARTESIAN_POINT('',(1.11099559473196,-1.27,2.84));
#3842=CARTESIAN_POINT('',(-1.2451077025535,-1.27,2.84));
#3843=VECTOR('',#3844,1.);
#3844=DIRECTION('',(1.,0.,0.));
#3845=CARTESIAN_POINT('',(1.24281076638794,-0.987321452149846,2.84));
#3846=CARTESIAN_POINT('',(1.24281076638794,-0.987321452149846,2.84));
#3847=VECTOR('',#3848,1.);
#3848=DIRECTION('',(-0.422618261733637,-0.906307787039943,0.));
#3849=CARTESIAN_POINT('',(1.29718923360911,-0.987321452143519,2.84));
#3850=AXIS2_PLACEMENT_3D('',#3851,#3852,#3853);
#3851=CARTESIAN_POINT('',(1.27,-1.,2.84));
#3852=DIRECTION('',(0.,-0.,1.));
#3853=DIRECTION('',(0.906307786970437,0.422618261882694,0.));
#3854=CARTESIAN_POINT('',(1.42900440526804,-1.27,2.84));
#3855=VECTOR('',#3856,1.);
#3856=DIRECTION('',(-0.422618261733638,0.906307787039943,0.));
#3857=CARTESIAN_POINT('',(3.78281076638794,-0.987321452149846,2.84));
#3858=CARTESIAN_POINT('',(3.78281076638794,-0.987321452149846,2.84));
#3859=VECTOR('',#3860,1.);
#3860=DIRECTION('',(-0.422618261733636,-0.906307787039944,0.));
#3861=CARTESIAN_POINT('',(3.83718923360911,-0.987321452143519,2.84));
#3862=AXIS2_PLACEMENT_3D('',#3863,#3864,#3865);
#3863=CARTESIAN_POINT('',(3.81,-1.,2.84));
#3864=DIRECTION('',(0.,-0.,1.));
#3865=DIRECTION('',(0.906307786970438,0.422618261882691,0.));
#3866=CARTESIAN_POINT('',(3.96900440526804,-1.27,2.84));
#3867=VECTOR('',#3868,1.);
#3868=DIRECTION('',(-0.422618261733638,0.906307787039943,0.));
#3869=CARTESIAN_POINT('',(6.32281076638794,-0.987321452149846,2.84));
#3870=CARTESIAN_POINT('',(6.32281076638794,-0.987321452149846,2.84));
#3871=VECTOR('',#3872,1.);
#3872=DIRECTION('',(-0.422618261733638,-0.906307787039943,0.));
#3873=CARTESIAN_POINT('',(6.37718923360911,-0.987321452143519,2.84));
#3874=AXIS2_PLACEMENT_3D('',#3875,#3876,#3877);
#3875=CARTESIAN_POINT('',(6.35,-1.,2.84));
#3876=DIRECTION('',(0.,-0.,1.));
#3877=DIRECTION('',(0.906307786970438,0.422618261882691,0.));
#3878=CARTESIAN_POINT('',(6.50900440526804,-1.27,2.84));
#3879=VECTOR('',#3880,1.);
#3880=DIRECTION('',(-0.422618261733636,0.906307787039943,0.));
#3881=CARTESIAN_POINT('',(8.86281076638794,-0.987321452149846,2.84));
#3882=CARTESIAN_POINT('',(8.86281076638794,-0.987321452149846,2.84));
#3883=VECTOR('',#3884,1.);
#3884=DIRECTION('',(-0.422618261733638,-0.906307787039943,0.));
#3885=CARTESIAN_POINT('',(8.91718923360911,-0.987321452143519,2.84));
#3886=AXIS2_PLACEMENT_3D('',#3887,#3888,#3889);
#3887=CARTESIAN_POINT('',(8.89,-1.,2.84));
#3888=DIRECTION('',(0.,-0.,1.));
#3889=DIRECTION('',(0.906307786970433,0.422618261882703,0.));
#3890=CARTESIAN_POINT('',(9.04900440526804,-1.27,2.84));
#3891=VECTOR('',#3892,1.);
#3892=DIRECTION('',(-0.422618261733639,0.906307787039942,0.));
#3893=CARTESIAN_POINT('',(11.4028107663879,-0.987321452149846,2.84));
#3894=CARTESIAN_POINT('',(11.4028107663879,-0.987321452149846,2.84));
#3895=VECTOR('',#3896,1.);
#3896=DIRECTION('',(-0.422618261733638,-0.906307787039943,0.));
#3897=CARTESIAN_POINT('',(11.4571892336091,-0.987321452143519,2.84));
#3898=AXIS2_PLACEMENT_3D('',#3899,#3900,#3901);
#3899=CARTESIAN_POINT('',(11.43,-1.,2.84));
#3900=DIRECTION('',(0.,-0.,1.));
#3901=DIRECTION('',(0.906307786970433,0.422618261882703,0.));
#3902=CARTESIAN_POINT('',(11.589004405268,-1.27,2.84));
#3903=VECTOR('',#3904,1.);
#3904=DIRECTION('',(-0.422618261733639,0.906307787039942,0.));
#3905=CARTESIAN_POINT('',(13.9428107663879,-0.987321452149846,2.84));
#3906=CARTESIAN_POINT('',(13.9428107663879,-0.987321452149846,2.84));
#3907=VECTOR('',#3908,1.);
#3908=DIRECTION('',(-0.422618261733638,-0.906307787039943,0.));
#3909=CARTESIAN_POINT('',(13.9971892336091,-0.987321452143519,2.84));
#3910=AXIS2_PLACEMENT_3D('',#3911,#3912,#3913);
#3911=CARTESIAN_POINT('',(13.97,-1.,2.84));
#3912=DIRECTION('',(0.,-0.,1.));
#3913=DIRECTION('',(0.906307786970433,0.422618261882703,0.));
#3914=CARTESIAN_POINT('',(14.129004405268,-1.27,2.84));
#3915=VECTOR('',#3916,1.);
#3916=DIRECTION('',(-0.422618261733639,0.906307787039942,0.));
#3917=CARTESIAN_POINT('',(16.4828107663879,-0.987321452149846,2.84));
#3918=CARTESIAN_POINT('',(16.4828107663879,-0.987321452149846,2.84));
#3919=VECTOR('',#3920,1.);
#3920=DIRECTION('',(-0.422618261733638,-0.906307787039943,0.));
#3921=CARTESIAN_POINT('',(16.5371892336091,-0.987321452143519,2.84));
#3922=AXIS2_PLACEMENT_3D('',#3923,#3924,#3925);
#3923=CARTESIAN_POINT('',(16.51,-1.,2.84));
#3924=DIRECTION('',(0.,-0.,1.));
#3925=DIRECTION('',(0.906307786970443,0.42261826188268,0.));
#3926=CARTESIAN_POINT('',(16.669004405268,-1.27,2.84));
#3927=VECTOR('',#3928,1.);
#3928=DIRECTION('',(-0.422618261733634,0.906307787039945,0.));
#3929=CARTESIAN_POINT('',(19.0228107663879,-0.987321452149846,2.84));
#3930=CARTESIAN_POINT('',(19.0228107663879,-0.987321452149846,2.84));
#3931=VECTOR('',#3932,1.);
#3932=DIRECTION('',(-0.422618261733638,-0.906307787039943,0.));
#3933=CARTESIAN_POINT('',(19.0771892336091,-0.987321452143519,2.84));
#3934=AXIS2_PLACEMENT_3D('',#3935,#3936,#3937);
#3935=CARTESIAN_POINT('',(19.05,-1.,2.84));
#3936=DIRECTION('',(0.,-0.,1.));
#3937=DIRECTION('',(0.906307786970443,0.42261826188268,0.));
#3938=CARTESIAN_POINT('',(19.209004405268,-1.27,2.84));
#3939=VECTOR('',#3940,1.);
#3940=DIRECTION('',(-0.422618261733635,0.906307787039944,0.));
#3941=CARTESIAN_POINT('',(21.5628107663879,-0.987321452149846,2.84));
#3942=CARTESIAN_POINT('',(21.5628107663879,-0.987321452149846,2.84));
#3943=VECTOR('',#3944,1.);
#3944=DIRECTION('',(-0.422618261733638,-0.906307787039943,0.));
#3945=CARTESIAN_POINT('',(21.6171892336091,-0.987321452143519,2.84));
#3946=AXIS2_PLACEMENT_3D('',#3947,#3948,#3949);
#3947=CARTESIAN_POINT('',(21.59,-1.,2.84));
#3948=DIRECTION('',(0.,-0.,1.));
#3949=DIRECTION('',(0.906307786970443,0.42261826188268,0.));
#3950=CARTESIAN_POINT('',(21.749004405268,-1.27,2.84));
#3951=VECTOR('',#3952,1.);
#3952=DIRECTION('',(-0.422618261733634,0.906307787039945,0.));
#3953=CARTESIAN_POINT('',(24.245,-0.97,2.84));
#3954=CARTESIAN_POINT('',(24.1051077025535,-1.27,2.84));
#3955=VECTOR('',#3956,1.);
#3956=DIRECTION('',(0.422618261740694,0.906307787036653,0.));
#3957=CARTESIAN_POINT('',(24.245,0.97,2.84));
#3958=CARTESIAN_POINT('',(24.245,-0.97,2.84));
#3959=VECTOR('',#3960,1.);
#3960=DIRECTION('',(0.,1.,0.));
#3961=CARTESIAN_POINT('',(24.245,0.97,2.84));
#3962=VECTOR('',#3963,1.);
#3963=DIRECTION('',(-0.422618261740694,0.906307787036653,0.));
#3964=CARTESIAN_POINT('',(21.6171892336111,0.987321452147693,2.84));
#3965=CARTESIAN_POINT('',(21.6171892336111,0.987321452147693,2.84));
#3966=VECTOR('',#3967,1.);
#3967=DIRECTION('',(0.422618261743663,0.906307787035268,0.));
#3968=CARTESIAN_POINT('',(21.5628107663889,0.987321452147693,2.84));
#3969=AXIS2_PLACEMENT_3D('',#3970,#3971,#3972);
#3970=CARTESIAN_POINT('',(21.59,1.,2.84));
#3971=DIRECTION('',(-0.,0.,1.));
#3972=DIRECTION('',(-0.906307787035279,-0.42261826174364,0.));
#3973=CARTESIAN_POINT('',(21.4309955947281,1.27,2.84));
#3974=VECTOR('',#3975,1.);
#3975=DIRECTION('',(0.422618261743662,-0.906307787035268,0.));
#3976=CARTESIAN_POINT('',(19.0771892336111,0.987321452147693,2.84));
#3977=CARTESIAN_POINT('',(19.0771892336111,0.987321452147693,2.84));
#3978=VECTOR('',#3979,1.);
#3979=DIRECTION('',(0.422618261743661,0.906307787035269,0.));
#3980=CARTESIAN_POINT('',(19.0228107663889,0.987321452147693,2.84));
#3981=AXIS2_PLACEMENT_3D('',#3982,#3983,#3984);
#3982=CARTESIAN_POINT('',(19.05,1.,2.84));
#3983=DIRECTION('',(-0.,0.,1.));
#3984=DIRECTION('',(-0.906307787035279,-0.42261826174364,0.));
#3985=CARTESIAN_POINT('',(18.8909955947282,1.27,2.84));
#3986=VECTOR('',#3987,1.);
#3987=DIRECTION('',(0.422618261743662,-0.906307787035268,0.));
#3988=CARTESIAN_POINT('',(16.5371892336111,0.987321452147693,2.84));
#3989=CARTESIAN_POINT('',(16.5371892336111,0.987321452147693,2.84));
#3990=VECTOR('',#3991,1.);
#3991=DIRECTION('',(0.422618261743662,0.906307787035268,0.));
#3992=CARTESIAN_POINT('',(16.4828107663889,0.987321452147693,2.84));
#3993=AXIS2_PLACEMENT_3D('',#3994,#3995,#3996);
#3994=CARTESIAN_POINT('',(16.51,1.,2.84));
#3995=DIRECTION('',(-0.,0.,1.));
#3996=DIRECTION('',(-0.906307787035279,-0.42261826174364,0.));
#3997=CARTESIAN_POINT('',(16.3509955947282,1.27,2.84));
#3998=VECTOR('',#3999,1.);
#3999=DIRECTION('',(0.422618261743662,-0.906307787035268,0.));
#4000=CARTESIAN_POINT('',(13.9971892336111,0.987321452147693,2.84));
#4001=CARTESIAN_POINT('',(13.9971892336111,0.987321452147693,2.84));
#4002=VECTOR('',#4003,1.);
#4003=DIRECTION('',(0.422618261743662,0.906307787035269,0.));
#4004=CARTESIAN_POINT('',(13.9428107663889,0.987321452147693,2.84));
#4005=AXIS2_PLACEMENT_3D('',#4006,#4007,#4008);
#4006=CARTESIAN_POINT('',(13.97,1.,2.84));
#4007=DIRECTION('',(-0.,0.,1.));
#4008=DIRECTION('',(-0.906307787035289,-0.422618261743618,0.));
#4009=CARTESIAN_POINT('',(13.8109955947282,1.27,2.84));
#4010=VECTOR('',#4011,1.);
#4011=DIRECTION('',(0.422618261743667,-0.906307787035266,0.));
#4012=CARTESIAN_POINT('',(11.4571892336111,0.987321452147693,2.84));
#4013=CARTESIAN_POINT('',(11.4571892336111,0.987321452147693,2.84));
#4014=VECTOR('',#4015,1.);
#4015=DIRECTION('',(0.422618261743662,0.906307787035268,0.));
#4016=CARTESIAN_POINT('',(11.4028107663889,0.987321452147693,2.84));
#4017=AXIS2_PLACEMENT_3D('',#4018,#4019,#4020);
#4018=CARTESIAN_POINT('',(11.43,1.,2.84));
#4019=DIRECTION('',(-0.,0.,1.));
#4020=DIRECTION('',(-0.906307787035289,-0.422618261743618,0.));
#4021=CARTESIAN_POINT('',(11.2709955947282,1.27,2.84));
#4022=VECTOR('',#4023,1.);
#4023=DIRECTION('',(0.422618261743667,-0.906307787035266,0.));
#4024=CARTESIAN_POINT('',(8.91718923361106,0.987321452147693,2.84));
#4025=CARTESIAN_POINT('',(8.91718923361106,0.987321452147693,2.84));
#4026=VECTOR('',#4027,1.);
#4027=DIRECTION('',(0.422618261743662,0.906307787035269,0.));
#4028=CARTESIAN_POINT('',(8.86281076638894,0.987321452147693,2.84));
#4029=AXIS2_PLACEMENT_3D('',#4030,#4031,#4032);
#4030=CARTESIAN_POINT('',(8.89,1.,2.84));
#4031=DIRECTION('',(-0.,0.,1.));
#4032=DIRECTION('',(-0.906307787035289,-0.422618261743618,0.));
#4033=CARTESIAN_POINT('',(8.73099559472815,1.27,2.84));
#4034=VECTOR('',#4035,1.);
#4035=DIRECTION('',(0.422618261743667,-0.906307787035266,0.));
#4036=CARTESIAN_POINT('',(6.37718923361106,0.987321452147693,2.84));
#4037=CARTESIAN_POINT('',(6.37718923361106,0.987321452147693,2.84));
#4038=VECTOR('',#4039,1.);
#4039=DIRECTION('',(0.422618261743664,0.906307787035268,0.));
#4040=CARTESIAN_POINT('',(6.32281076638894,0.987321452147693,2.84));
#4041=AXIS2_PLACEMENT_3D('',#4042,#4043,#4044);
#4042=CARTESIAN_POINT('',(6.35,1.,2.84));
#4043=DIRECTION('',(-0.,0.,1.));
#4044=DIRECTION('',(-0.906307787035284,-0.422618261743629,0.));
#4045=CARTESIAN_POINT('',(6.19099559472815,1.27,2.84));
#4046=VECTOR('',#4047,1.);
#4047=DIRECTION('',(0.422618261743667,-0.906307787035266,0.));
#4048=CARTESIAN_POINT('',(0.66,-8.08266887437253E-017,2.84));
#4049=AXIS2_PLACEMENT_3D('',#4050,#4051,#4052);
#4050=CARTESIAN_POINT('',(0.,0.,2.84));
#4051=DIRECTION('',(0.,0.,1.));
#4052=DIRECTION('',(1.,0.,0.));
#4053=CARTESIAN_POINT('',(23.52,-8.08266887437253E-017,2.84));
#4054=AXIS2_PLACEMENT_3D('',#4055,#4056,#4057);
#4055=CARTESIAN_POINT('',(22.86,0.,2.84));
#4056=DIRECTION('',(0.,0.,1.));
#4057=DIRECTION('',(1.,0.,0.));
#4058=CARTESIAN_POINT('',(20.98,-8.08266887437253E-017,2.84));
#4059=AXIS2_PLACEMENT_3D('',#4060,#4061,#4062);
#4060=CARTESIAN_POINT('',(20.32,0.,2.84));
#4061=DIRECTION('',(0.,0.,1.));
#4062=DIRECTION('',(1.,0.,0.));
#4063=CARTESIAN_POINT('',(18.44,-8.08266887437253E-017,2.84));
#4064=AXIS2_PLACEMENT_3D('',#4065,#4066,#4067);
#4065=CARTESIAN_POINT('',(17.78,0.,2.84));
#4066=DIRECTION('',(0.,0.,1.));
#4067=DIRECTION('',(1.,0.,0.));
#4068=CARTESIAN_POINT('',(15.9,-8.08266887437253E-017,2.84));
#4069=AXIS2_PLACEMENT_3D('',#4070,#4071,#4072);
#4070=CARTESIAN_POINT('',(15.24,0.,2.84));
#4071=DIRECTION('',(0.,0.,1.));
#4072=DIRECTION('',(1.,0.,0.));
#4073=CARTESIAN_POINT('',(13.36,-8.08266887437253E-017,2.84));
#4074=AXIS2_PLACEMENT_3D('',#4075,#4076,#4077);
#4075=CARTESIAN_POINT('',(12.7,0.,2.84));
#4076=DIRECTION('',(0.,0.,1.));
#4077=DIRECTION('',(1.,0.,0.));
#4078=CARTESIAN_POINT('',(10.82,-8.08266887437253E-017,2.84));
#4079=AXIS2_PLACEMENT_3D('',#4080,#4081,#4082);
#4080=CARTESIAN_POINT('',(10.16,0.,2.84));
#4081=DIRECTION('',(0.,0.,1.));
#4082=DIRECTION('',(1.,0.,0.));
#4083=CARTESIAN_POINT('',(8.28,-8.08266887437253E-017,2.84));
#4084=AXIS2_PLACEMENT_3D('',#4085,#4086,#4087);
#4085=CARTESIAN_POINT('',(7.62,0.,2.84));
#4086=DIRECTION('',(0.,0.,1.));
#4087=DIRECTION('',(1.,0.,0.));
#4088=CARTESIAN_POINT('',(5.74,-8.08266887437253E-017,2.84));
#4089=AXIS2_PLACEMENT_3D('',#4090,#4091,#4092);
#4090=CARTESIAN_POINT('',(5.08,0.,2.84));
#4091=DIRECTION('',(0.,0.,1.));
#4092=DIRECTION('',(1.,0.,0.));
#4093=CARTESIAN_POINT('',(3.2,-8.08266887437253E-017,2.84));
#4094=AXIS2_PLACEMENT_3D('',#4095,#4096,#4097);
#4095=CARTESIAN_POINT('',(2.54,0.,2.84));
#4096=DIRECTION('',(0.,0.,1.));
#4097=DIRECTION('',(1.,0.,0.));
#4098=CARTESIAN_POINT('',(3.83718923361106,0.987321452147693,1.57));
#4099=CARTESIAN_POINT('',(3.83718923361106,0.987321452147693,1.57));
#4100=VECTOR('',#4101,1.);
#4101=DIRECTION('',(0.422618261743663,0.906307787035268,0.));
#4102=CARTESIAN_POINT('',(6.32281076638894,0.987321452147693,1.57));
#4103=CARTESIAN_POINT('',(6.19099559472815,1.27,1.57));
#4104=VECTOR('',#4105,1.);
#4105=DIRECTION('',(0.422618261743667,-0.906307787035266,0.));
#4106=CARTESIAN_POINT('',(6.37718923361106,0.987321452147693,1.57));
#4107=AXIS2_PLACEMENT_3D('',#4108,#4109,#4110);
#4108=CARTESIAN_POINT('',(6.35,1.,1.57));
#4109=DIRECTION('',(-0.,0.,1.));
#4110=DIRECTION('',(-0.906307787035284,-0.422618261743629,0.));
#4111=CARTESIAN_POINT('',(6.37718923361106,0.987321452147693,1.57));
#4112=VECTOR('',#4113,1.);
#4113=DIRECTION('',(0.422618261743664,0.906307787035268,0.));
#4114=CARTESIAN_POINT('',(8.86281076638894,0.987321452147693,1.57));
#4115=CARTESIAN_POINT('',(8.73099559472815,1.27,1.57));
#4116=VECTOR('',#4117,1.);
#4117=DIRECTION('',(0.422618261743667,-0.906307787035266,0.));
#4118=CARTESIAN_POINT('',(8.91718923361106,0.987321452147693,1.57));
#4119=AXIS2_PLACEMENT_3D('',#4120,#4121,#4122);
#4120=CARTESIAN_POINT('',(8.89,1.,1.57));
#4121=DIRECTION('',(-0.,0.,1.));
#4122=DIRECTION('',(-0.906307787035289,-0.422618261743618,0.));
#4123=CARTESIAN_POINT('',(8.91718923361106,0.987321452147693,1.57));
#4124=VECTOR('',#4125,1.);
#4125=DIRECTION('',(0.422618261743662,0.906307787035269,0.));
#4126=CARTESIAN_POINT('',(11.4028107663889,0.987321452147693,1.57));
#4127=CARTESIAN_POINT('',(11.2709955947282,1.27,1.57));
#4128=VECTOR('',#4129,1.);
#4129=DIRECTION('',(0.422618261743667,-0.906307787035266,0.));
#4130=CARTESIAN_POINT('',(11.4571892336111,0.987321452147693,1.57));
#4131=AXIS2_PLACEMENT_3D('',#4132,#4133,#4134);
#4132=CARTESIAN_POINT('',(11.43,1.,1.57));
#4133=DIRECTION('',(-0.,0.,1.));
#4134=DIRECTION('',(-0.906307787035289,-0.422618261743618,0.));
#4135=CARTESIAN_POINT('',(11.4571892336111,0.987321452147693,1.57));
#4136=VECTOR('',#4137,1.);
#4137=DIRECTION('',(0.422618261743662,0.906307787035268,0.));
#4138=CARTESIAN_POINT('',(13.9428107663889,0.987321452147693,1.57));
#4139=CARTESIAN_POINT('',(13.8109955947282,1.27,1.57));
#4140=VECTOR('',#4141,1.);
#4141=DIRECTION('',(0.422618261743667,-0.906307787035266,0.));
#4142=CARTESIAN_POINT('',(13.9971892336111,0.987321452147693,1.57));
#4143=AXIS2_PLACEMENT_3D('',#4144,#4145,#4146);
#4144=CARTESIAN_POINT('',(13.97,1.,1.57));
#4145=DIRECTION('',(-0.,0.,1.));
#4146=DIRECTION('',(-0.906307787035289,-0.422618261743618,0.));
#4147=CARTESIAN_POINT('',(13.9971892336111,0.987321452147693,1.57));
#4148=VECTOR('',#4149,1.);
#4149=DIRECTION('',(0.422618261743662,0.906307787035269,0.));
#4150=CARTESIAN_POINT('',(16.4828107663889,0.987321452147693,1.57));
#4151=CARTESIAN_POINT('',(16.3509955947282,1.27,1.57));
#4152=VECTOR('',#4153,1.);
#4153=DIRECTION('',(0.422618261743662,-0.906307787035268,0.));
#4154=CARTESIAN_POINT('',(16.5371892336111,0.987321452147693,1.57));
#4155=AXIS2_PLACEMENT_3D('',#4156,#4157,#4158);
#4156=CARTESIAN_POINT('',(16.51,1.,1.57));
#4157=DIRECTION('',(-0.,0.,1.));
#4158=DIRECTION('',(-0.906307787035279,-0.42261826174364,0.));
#4159=CARTESIAN_POINT('',(16.5371892336111,0.987321452147693,1.57));
#4160=VECTOR('',#4161,1.);
#4161=DIRECTION('',(0.422618261743662,0.906307787035268,0.));
#4162=CARTESIAN_POINT('',(19.0228107663889,0.987321452147693,1.57));
#4163=CARTESIAN_POINT('',(18.8909955947282,1.27,1.57));
#4164=VECTOR('',#4165,1.);
#4165=DIRECTION('',(0.422618261743662,-0.906307787035268,0.));
#4166=CARTESIAN_POINT('',(19.0771892336111,0.987321452147693,1.57));
#4167=AXIS2_PLACEMENT_3D('',#4168,#4169,#4170);
#4168=CARTESIAN_POINT('',(19.05,1.,1.57));
#4169=DIRECTION('',(-0.,0.,1.));
#4170=DIRECTION('',(-0.906307787035279,-0.42261826174364,0.));
#4171=CARTESIAN_POINT('',(19.0771892336111,0.987321452147693,1.57));
#4172=VECTOR('',#4173,1.);
#4173=DIRECTION('',(0.422618261743661,0.906307787035269,0.));
#4174=CARTESIAN_POINT('',(21.5628107663889,0.987321452147693,1.57));
#4175=CARTESIAN_POINT('',(21.4309955947281,1.27,1.57));
#4176=VECTOR('',#4177,1.);
#4177=DIRECTION('',(0.422618261743662,-0.906307787035268,0.));
#4178=CARTESIAN_POINT('',(21.6171892336111,0.987321452147693,1.57));
#4179=AXIS2_PLACEMENT_3D('',#4180,#4181,#4182);
#4180=CARTESIAN_POINT('',(21.59,1.,1.57));
#4181=DIRECTION('',(-0.,0.,1.));
#4182=DIRECTION('',(-0.906307787035279,-0.42261826174364,0.));
#4183=CARTESIAN_POINT('',(21.6171892336111,0.987321452147693,1.57));
#4184=VECTOR('',#4185,1.);
#4185=DIRECTION('',(0.422618261743663,0.906307787035268,0.));
#4186=CARTESIAN_POINT('',(24.245,0.97,1.57));
#4187=CARTESIAN_POINT('',(24.245,0.97,1.57));
#4188=VECTOR('',#4189,1.);
#4189=DIRECTION('',(-0.422618261740694,0.906307787036653,0.));
#4190=CARTESIAN_POINT('',(24.245,-0.97,1.57));
#4191=CARTESIAN_POINT('',(24.245,-0.97,1.57));
#4192=VECTOR('',#4193,1.);
#4193=DIRECTION('',(0.,1.,0.));
#4194=CARTESIAN_POINT('',(24.1051077025535,-1.27,1.57));
#4195=VECTOR('',#4196,1.);
#4196=DIRECTION('',(0.422618261740694,0.906307787036653,0.));
#4197=CARTESIAN_POINT('',(21.6171892336091,-0.987321452143519,1.57));
#4198=CARTESIAN_POINT('',(21.749004405268,-1.27,1.57));
#4199=VECTOR('',#4200,1.);
#4200=DIRECTION('',(-0.422618261733634,0.906307787039945,0.));
#4201=CARTESIAN_POINT('',(21.5628107663879,-0.987321452149846,1.57));
#4202=AXIS2_PLACEMENT_3D('',#4203,#4204,#4205);
#4203=CARTESIAN_POINT('',(21.59,-1.,1.57));
#4204=DIRECTION('',(0.,-0.,1.));
#4205=DIRECTION('',(0.906307786970443,0.42261826188268,0.));
#4206=CARTESIAN_POINT('',(21.5628107663879,-0.987321452149846,1.57));
#4207=VECTOR('',#4208,1.);
#4208=DIRECTION('',(-0.422618261733638,-0.906307787039943,0.));
#4209=CARTESIAN_POINT('',(19.0771892336091,-0.987321452143519,1.57));
#4210=CARTESIAN_POINT('',(19.209004405268,-1.27,1.57));
#4211=VECTOR('',#4212,1.);
#4212=DIRECTION('',(-0.422618261733635,0.906307787039944,0.));
#4213=CARTESIAN_POINT('',(19.0228107663879,-0.987321452149846,1.57));
#4214=AXIS2_PLACEMENT_3D('',#4215,#4216,#4217);
#4215=CARTESIAN_POINT('',(19.05,-1.,1.57));
#4216=DIRECTION('',(0.,-0.,1.));
#4217=DIRECTION('',(0.906307786970443,0.42261826188268,0.));
#4218=CARTESIAN_POINT('',(19.0228107663879,-0.987321452149846,1.57));
#4219=VECTOR('',#4220,1.);
#4220=DIRECTION('',(-0.422618261733638,-0.906307787039943,0.));
#4221=CARTESIAN_POINT('',(16.5371892336091,-0.987321452143519,1.57));
#4222=CARTESIAN_POINT('',(16.669004405268,-1.27,1.57));
#4223=VECTOR('',#4224,1.);
#4224=DIRECTION('',(-0.422618261733634,0.906307787039945,0.));
#4225=CARTESIAN_POINT('',(16.4828107663879,-0.987321452149846,1.57));
#4226=AXIS2_PLACEMENT_3D('',#4227,#4228,#4229);
#4227=CARTESIAN_POINT('',(16.51,-1.,1.57));
#4228=DIRECTION('',(0.,-0.,1.));
#4229=DIRECTION('',(0.906307786970443,0.42261826188268,0.));
#4230=CARTESIAN_POINT('',(16.4828107663879,-0.987321452149846,1.57));
#4231=VECTOR('',#4232,1.);
#4232=DIRECTION('',(-0.422618261733638,-0.906307787039943,0.));
#4233=CARTESIAN_POINT('',(13.9971892336091,-0.987321452143519,1.57));
#4234=CARTESIAN_POINT('',(14.129004405268,-1.27,1.57));
#4235=VECTOR('',#4236,1.);
#4236=DIRECTION('',(-0.422618261733639,0.906307787039942,0.));
#4237=CARTESIAN_POINT('',(13.9428107663879,-0.987321452149846,1.57));
#4238=AXIS2_PLACEMENT_3D('',#4239,#4240,#4241);
#4239=CARTESIAN_POINT('',(13.97,-1.,1.57));
#4240=DIRECTION('',(0.,-0.,1.));
#4241=DIRECTION('',(0.906307786970433,0.422618261882703,0.));
#4242=CARTESIAN_POINT('',(13.9428107663879,-0.987321452149846,1.57));
#4243=VECTOR('',#4244,1.);
#4244=DIRECTION('',(-0.422618261733638,-0.906307787039943,0.));
#4245=CARTESIAN_POINT('',(11.4571892336091,-0.987321452143519,1.57));
#4246=CARTESIAN_POINT('',(11.589004405268,-1.27,1.57));
#4247=VECTOR('',#4248,1.);
#4248=DIRECTION('',(-0.422618261733639,0.906307787039942,0.));
#4249=CARTESIAN_POINT('',(11.4028107663879,-0.987321452149846,1.57));
#4250=AXIS2_PLACEMENT_3D('',#4251,#4252,#4253);
#4251=CARTESIAN_POINT('',(11.43,-1.,1.57));
#4252=DIRECTION('',(0.,-0.,1.));
#4253=DIRECTION('',(0.906307786970433,0.422618261882703,0.));
#4254=CARTESIAN_POINT('',(11.4028107663879,-0.987321452149846,1.57));
#4255=VECTOR('',#4256,1.);
#4256=DIRECTION('',(-0.422618261733638,-0.906307787039943,0.));
#4257=CARTESIAN_POINT('',(8.91718923360911,-0.987321452143519,1.57));
#4258=CARTESIAN_POINT('',(9.04900440526804,-1.27,1.57));
#4259=VECTOR('',#4260,1.);
#4260=DIRECTION('',(-0.422618261733639,0.906307787039942,0.));
#4261=CARTESIAN_POINT('',(8.86281076638794,-0.987321452149846,1.57));
#4262=AXIS2_PLACEMENT_3D('',#4263,#4264,#4265);
#4263=CARTESIAN_POINT('',(8.89,-1.,1.57));
#4264=DIRECTION('',(0.,-0.,1.));
#4265=DIRECTION('',(0.906307786970433,0.422618261882703,0.));
#4266=CARTESIAN_POINT('',(8.86281076638794,-0.987321452149846,1.57));
#4267=VECTOR('',#4268,1.);
#4268=DIRECTION('',(-0.422618261733638,-0.906307787039943,0.));
#4269=CARTESIAN_POINT('',(6.37718923360911,-0.987321452143519,1.57));
#4270=CARTESIAN_POINT('',(6.50900440526804,-1.27,1.57));
#4271=VECTOR('',#4272,1.);
#4272=DIRECTION('',(-0.422618261733636,0.906307787039943,0.));
#4273=CARTESIAN_POINT('',(6.32281076638794,-0.987321452149846,1.57));
#4274=AXIS2_PLACEMENT_3D('',#4275,#4276,#4277);
#4275=CARTESIAN_POINT('',(6.35,-1.,1.57));
#4276=DIRECTION('',(0.,-0.,1.));
#4277=DIRECTION('',(0.906307786970438,0.422618261882691,0.));
#4278=CARTESIAN_POINT('',(6.32281076638794,-0.987321452149846,1.57));
#4279=VECTOR('',#4280,1.);
#4280=DIRECTION('',(-0.422618261733638,-0.906307787039943,0.));
#4281=CARTESIAN_POINT('',(3.83718923360911,-0.987321452143519,1.57));
#4282=CARTESIAN_POINT('',(3.96900440526804,-1.27,1.57));
#4283=VECTOR('',#4284,1.);
#4284=DIRECTION('',(-0.422618261733638,0.906307787039943,0.));
#4285=CARTESIAN_POINT('',(3.78281076638794,-0.987321452149846,1.57));
#4286=AXIS2_PLACEMENT_3D('',#4287,#4288,#4289);
#4287=CARTESIAN_POINT('',(3.81,-1.,1.57));
#4288=DIRECTION('',(0.,-0.,1.));
#4289=DIRECTION('',(0.906307786970438,0.422618261882691,0.));
#4290=CARTESIAN_POINT('',(3.78281076638794,-0.987321452149846,1.57));
#4291=VECTOR('',#4292,1.);
#4292=DIRECTION('',(-0.422618261733636,-0.906307787039944,0.));
#4293=CARTESIAN_POINT('',(1.29718923360911,-0.987321452143519,1.57));
#4294=CARTESIAN_POINT('',(1.42900440526804,-1.27,1.57));
#4295=VECTOR('',#4296,1.);
#4296=DIRECTION('',(-0.422618261733638,0.906307787039943,0.));
#4297=CARTESIAN_POINT('',(1.24281076638794,-0.987321452149846,1.57));
#4298=AXIS2_PLACEMENT_3D('',#4299,#4300,#4301);
#4299=CARTESIAN_POINT('',(1.27,-1.,1.57));
#4300=DIRECTION('',(0.,-0.,1.));
#4301=DIRECTION('',(0.906307786970437,0.422618261882694,0.));
#4302=CARTESIAN_POINT('',(1.11099559473196,-1.27,1.57));
#4303=CARTESIAN_POINT('',(1.24281076638794,-0.987321452149846,1.57));
#4304=VECTOR('',#4305,1.);
#4305=DIRECTION('',(-0.422618261733637,-0.906307787039943,0.));
#4306=CARTESIAN_POINT('',(-1.2451077025535,-1.27,1.57));
#4307=CARTESIAN_POINT('',(-1.2451077025535,-1.27,1.57));
#4308=VECTOR('',#4309,1.);
#4309=DIRECTION('',(1.,0.,0.));
#4310=CARTESIAN_POINT('',(-1.385,-0.97,1.57));
#4311=CARTESIAN_POINT('',(-1.385,-0.97,1.57));
#4312=VECTOR('',#4313,1.);
#4313=DIRECTION('',(0.422618261740699,-0.90630778703665,0.));
#4314=CARTESIAN_POINT('',(-1.385,0.970000000000001,1.57));
#4315=CARTESIAN_POINT('',(-1.385,0.970000000000001,1.57));
#4316=VECTOR('',#4317,1.);
#4317=DIRECTION('',(-2.28911963840238E-016,-1.,0.));
#4318=CARTESIAN_POINT('',(-1.2451077025535,1.27,1.57));
#4319=CARTESIAN_POINT('',(-1.2451077025535,1.27,1.57));
#4320=VECTOR('',#4321,1.);
#4321=DIRECTION('',(-0.4226182617407,-0.90630778703665,0.));
#4322=CARTESIAN_POINT('',(1.11099559472815,1.27,1.57));
#4323=CARTESIAN_POINT('',(1.11099559472815,1.27,1.57));
#4324=VECTOR('',#4325,1.);
#4325=DIRECTION('',(-1.,0.,0.));
#4326=CARTESIAN_POINT('',(1.24281076638894,0.987321452147693,1.57));
#4327=CARTESIAN_POINT('',(1.11099559472815,1.27,1.57));
#4328=VECTOR('',#4329,1.);
#4329=DIRECTION('',(0.422618261743666,-0.906307787035267,0.));
#4330=CARTESIAN_POINT('',(1.29718923361106,0.987321452147693,1.57));
#4331=AXIS2_PLACEMENT_3D('',#4332,#4333,#4334);
#4332=CARTESIAN_POINT('',(1.27,1.,1.57));
#4333=DIRECTION('',(-0.,0.,1.));
#4334=DIRECTION('',(-0.906307787035285,-0.422618261743626,0.));
#4335=CARTESIAN_POINT('',(1.29718923361106,0.987321452147693,1.57));
#4336=VECTOR('',#4337,1.);
#4337=DIRECTION('',(0.422618261743663,0.906307787035268,0.));
#4338=CARTESIAN_POINT('',(3.78281076638894,0.987321452147693,1.57));
#4339=CARTESIAN_POINT('',(3.65099559472815,1.27,1.57));
#4340=VECTOR('',#4341,1.);
#4341=DIRECTION('',(0.422618261743666,-0.906307787035267,0.));
#4342=AXIS2_PLACEMENT_3D('',#4343,#4344,#4345);
#4343=CARTESIAN_POINT('',(3.81,1.,1.57));
#4344=DIRECTION('',(-0.,0.,1.));
#4345=DIRECTION('',(-0.906307787035284,-0.422618261743629,0.));
#4346=CARTESIAN_POINT('',(0.66,-8.08266887437253E-017,1.57));
#4347=AXIS2_PLACEMENT_3D('',#4348,#4349,#4350);
#4348=CARTESIAN_POINT('',(0.,0.,1.57));
#4349=DIRECTION('',(0.,0.,1.));
#4350=DIRECTION('',(1.,0.,0.));
#4351=CARTESIAN_POINT('',(23.52,-8.08266887437253E-017,1.57));
#4352=AXIS2_PLACEMENT_3D('',#4353,#4354,#4355);
#4353=CARTESIAN_POINT('',(22.86,0.,1.57));
#4354=DIRECTION('',(0.,0.,1.));
#4355=DIRECTION('',(1.,0.,0.));
#4356=CARTESIAN_POINT('',(20.98,-8.08266887437253E-017,1.57));
#4357=AXIS2_PLACEMENT_3D('',#4358,#4359,#4360);
#4358=CARTESIAN_POINT('',(20.32,0.,1.57));
#4359=DIRECTION('',(0.,0.,1.));
#4360=DIRECTION('',(1.,0.,0.));
#4361=CARTESIAN_POINT('',(18.44,-8.08266887437253E-017,1.57));
#4362=AXIS2_PLACEMENT_3D('',#4363,#4364,#4365);
#4363=CARTESIAN_POINT('',(17.78,0.,1.57));
#4364=DIRECTION('',(0.,0.,1.));
#4365=DIRECTION('',(1.,0.,0.));
#4366=CARTESIAN_POINT('',(15.9,-8.08266887437253E-017,1.57));
#4367=AXIS2_PLACEMENT_3D('',#4368,#4369,#4370);
#4368=CARTESIAN_POINT('',(15.24,0.,1.57));
#4369=DIRECTION('',(0.,0.,1.));
#4370=DIRECTION('',(1.,0.,0.));
#4371=CARTESIAN_POINT('',(13.36,-8.08266887437253E-017,1.57));
#4372=AXIS2_PLACEMENT_3D('',#4373,#4374,#4375);
#4373=CARTESIAN_POINT('',(12.7,0.,1.57));
#4374=DIRECTION('',(0.,0.,1.));
#4375=DIRECTION('',(1.,0.,0.));
#4376=CARTESIAN_POINT('',(10.82,-8.08266887437253E-017,1.57));
#4377=AXIS2_PLACEMENT_3D('',#4378,#4379,#4380);
#4378=CARTESIAN_POINT('',(10.16,0.,1.57));
#4379=DIRECTION('',(0.,0.,1.));
#4380=DIRECTION('',(1.,0.,0.));
#4381=CARTESIAN_POINT('',(8.28,-8.08266887437253E-017,1.57));
#4382=AXIS2_PLACEMENT_3D('',#4383,#4384,#4385);
#4383=CARTESIAN_POINT('',(7.62,0.,1.57));
#4384=DIRECTION('',(0.,0.,1.));
#4385=DIRECTION('',(1.,0.,0.));
#4386=CARTESIAN_POINT('',(5.74,-8.08266887437253E-017,1.57));
#4387=AXIS2_PLACEMENT_3D('',#4388,#4389,#4390);
#4388=CARTESIAN_POINT('',(5.08,0.,1.57));
#4389=DIRECTION('',(0.,0.,1.));
#4390=DIRECTION('',(1.,0.,0.));
#4391=CARTESIAN_POINT('',(3.2,-8.08266887437253E-017,1.57));
#4392=AXIS2_PLACEMENT_3D('',#4393,#4394,#4395);
#4393=CARTESIAN_POINT('',(2.54,0.,1.57));
#4394=DIRECTION('',(0.,0.,1.));
#4395=DIRECTION('',(1.,0.,0.));
#4396=CARTESIAN_POINT('',(21.6171892336091,-0.987321452143519,1.57));
#4397=VECTOR('',#4398,1.);
#4398=DIRECTION('',(0.,0.,1.));
#4399=CARTESIAN_POINT('',(21.5628107663879,-0.987321452149846,1.57));
#4400=VECTOR('',#4401,1.);
#4401=DIRECTION('',(0.,0.,1.));
#4402=CARTESIAN_POINT('',(21.5628107663889,0.987321452147694,1.57));
#4403=VECTOR('',#4404,1.);
#4404=DIRECTION('',(0.,0.,1.));
#4405=CARTESIAN_POINT('',(21.6171892336111,0.987321452147693,1.57));
#4406=VECTOR('',#4407,1.);
#4407=DIRECTION('',(0.,0.,1.));
#4408=CARTESIAN_POINT('',(19.0771892336091,-0.987321452143519,1.57));
#4409=VECTOR('',#4410,1.);
#4410=DIRECTION('',(0.,0.,1.));
#4411=CARTESIAN_POINT('',(19.0228107663879,-0.987321452149846,1.57));
#4412=VECTOR('',#4413,1.);
#4413=DIRECTION('',(0.,0.,1.));
#4414=CARTESIAN_POINT('',(19.0228107663889,0.987321452147694,1.57));
#4415=VECTOR('',#4416,1.);
#4416=DIRECTION('',(0.,0.,1.));
#4417=CARTESIAN_POINT('',(19.0771892336111,0.987321452147693,1.57));
#4418=VECTOR('',#4419,1.);
#4419=DIRECTION('',(0.,0.,1.));
#4420=CARTESIAN_POINT('',(16.5371892336091,-0.987321452143519,1.57));
#4421=VECTOR('',#4422,1.);
#4422=DIRECTION('',(0.,0.,1.));
#4423=CARTESIAN_POINT('',(16.4828107663879,-0.987321452149846,1.57));
#4424=VECTOR('',#4425,1.);
#4425=DIRECTION('',(0.,0.,1.));
#4426=CARTESIAN_POINT('',(16.4828107663889,0.987321452147694,1.57));
#4427=VECTOR('',#4428,1.);
#4428=DIRECTION('',(0.,0.,1.));
#4429=CARTESIAN_POINT('',(16.5371892336111,0.987321452147693,1.57));
#4430=VECTOR('',#4431,1.);
#4431=DIRECTION('',(0.,0.,1.));
#4432=CARTESIAN_POINT('',(13.9971892336091,-0.987321452143519,1.57));
#4433=VECTOR('',#4434,1.);
#4434=DIRECTION('',(0.,0.,1.));
#4435=CARTESIAN_POINT('',(13.9428107663879,-0.987321452149846,1.57));
#4436=VECTOR('',#4437,1.);
#4437=DIRECTION('',(0.,0.,1.));
#4438=CARTESIAN_POINT('',(13.9428107663889,0.987321452147694,1.57));
#4439=VECTOR('',#4440,1.);
#4440=DIRECTION('',(0.,0.,1.));
#4441=CARTESIAN_POINT('',(13.9971892336111,0.987321452147693,1.57));
#4442=VECTOR('',#4443,1.);
#4443=DIRECTION('',(0.,0.,1.));
#4444=CARTESIAN_POINT('',(11.4571892336091,-0.987321452143519,1.57));
#4445=VECTOR('',#4446,1.);
#4446=DIRECTION('',(0.,0.,1.));
#4447=CARTESIAN_POINT('',(11.4028107663879,-0.987321452149846,1.57));
#4448=VECTOR('',#4449,1.);
#4449=DIRECTION('',(0.,0.,1.));
#4450=CARTESIAN_POINT('',(11.4028107663889,0.987321452147694,1.57));
#4451=VECTOR('',#4452,1.);
#4452=DIRECTION('',(0.,0.,1.));
#4453=CARTESIAN_POINT('',(11.4571892336111,0.987321452147693,1.57));
#4454=VECTOR('',#4455,1.);
#4455=DIRECTION('',(0.,0.,1.));
#4456=CARTESIAN_POINT('',(8.91718923360911,-0.987321452143519,1.57));
#4457=VECTOR('',#4458,1.);
#4458=DIRECTION('',(0.,0.,1.));
#4459=CARTESIAN_POINT('',(8.86281076638794,-0.987321452149846,1.57));
#4460=VECTOR('',#4461,1.);
#4461=DIRECTION('',(0.,0.,1.));
#4462=CARTESIAN_POINT('',(8.86281076638894,0.987321452147694,1.57));
#4463=VECTOR('',#4464,1.);
#4464=DIRECTION('',(0.,0.,1.));
#4465=CARTESIAN_POINT('',(8.91718923361106,0.987321452147693,1.57));
#4466=VECTOR('',#4467,1.);
#4467=DIRECTION('',(0.,0.,1.));
#4468=CARTESIAN_POINT('',(6.37718923360911,-0.987321452143519,1.57));
#4469=VECTOR('',#4470,1.);
#4470=DIRECTION('',(0.,0.,1.));
#4471=CARTESIAN_POINT('',(6.32281076638794,-0.987321452149846,1.57));
#4472=VECTOR('',#4473,1.);
#4473=DIRECTION('',(0.,0.,1.));
#4474=CARTESIAN_POINT('',(6.32281076638894,0.987321452147694,1.57));
#4475=VECTOR('',#4476,1.);
#4476=DIRECTION('',(0.,0.,1.));
#4477=CARTESIAN_POINT('',(6.37718923361106,0.987321452147693,1.57));
#4478=VECTOR('',#4479,1.);
#4479=DIRECTION('',(0.,0.,1.));
#4480=CARTESIAN_POINT('',(3.83718923360911,-0.987321452143519,1.57));
#4481=VECTOR('',#4482,1.);
#4482=DIRECTION('',(0.,0.,1.));
#4483=CARTESIAN_POINT('',(3.78281076638794,-0.987321452149846,1.57));
#4484=VECTOR('',#4485,1.);
#4485=DIRECTION('',(0.,0.,1.));
#4486=CARTESIAN_POINT('',(3.78281076638894,0.987321452147694,1.57));
#4487=VECTOR('',#4488,1.);
#4488=DIRECTION('',(0.,0.,1.));
#4489=CARTESIAN_POINT('',(3.83718923361106,0.987321452147693,1.57));
#4490=VECTOR('',#4491,1.);
#4491=DIRECTION('',(0.,0.,1.));
#4492=CARTESIAN_POINT('',(1.29718923360911,-0.987321452143519,1.57));
#4493=VECTOR('',#4494,1.);
#4494=DIRECTION('',(0.,0.,1.));
#4495=CARTESIAN_POINT('',(24.245,-0.97,1.57));
#4496=VECTOR('',#4497,1.);
#4497=DIRECTION('',(0.,0.,1.));
#4498=CARTESIAN_POINT('',(1.29718923361106,0.987321452147693,1.57));
#4499=VECTOR('',#4500,1.);
#4500=DIRECTION('',(0.,0.,1.));
#4501=CARTESIAN_POINT('',(24.245,0.97,1.57));
#4502=VECTOR('',#4503,1.);
#4503=DIRECTION('',(0.,0.,1.));
#4504=CARTESIAN_POINT('',(1.24281076638894,0.987321452147694,1.57));
#4505=VECTOR('',#4506,1.);
#4506=DIRECTION('',(0.,0.,1.));
#4507=CARTESIAN_POINT('',(1.11099559472815,1.27,1.57));
#4508=VECTOR('',#4509,1.);
#4509=DIRECTION('',(0.,0.,1.));
#4510=CARTESIAN_POINT('',(-1.2451077025535,1.27,1.57));
#4511=VECTOR('',#4512,1.);
#4512=DIRECTION('',(0.,0.,1.));
#4513=CARTESIAN_POINT('',(-1.385,0.970000000000001,1.57));
#4514=VECTOR('',#4515,1.);
#4515=DIRECTION('',(0.,0.,1.));
#4516=CARTESIAN_POINT('',(-1.385,-0.97,1.57));
#4517=VECTOR('',#4518,1.);
#4518=DIRECTION('',(0.,0.,1.));
#4519=CARTESIAN_POINT('',(-1.2451077025535,-1.27,1.57));
#4520=VECTOR('',#4521,1.);
#4521=DIRECTION('',(0.,0.,1.));
#4522=CARTESIAN_POINT('',(1.11099559473196,-1.27,2.84));
#4523=VECTOR('',#4524,1.);
#4524=DIRECTION('',(0.,0.,-1.));
#4525=CARTESIAN_POINT('',(1.24281076638794,-0.987321452149846,1.57));
#4526=VECTOR('',#4527,1.);
#4527=DIRECTION('',(0.,0.,1.));
#4528=CARTESIAN_POINT('',(0.,-0.1275,-2.75));
#4529=AXIS2_PLACEMENT_3D('',#4530,#4531,#4532);
#4530=CARTESIAN_POINT('',(0.,0.,-2.75));
#4531=DIRECTION('',(-0.,-0.,-1.));
#4532=DIRECTION('',(0.,-1.,0.));
#4533=CARTESIAN_POINT('',(0.,-0.255,-2.6225));
#4534=AXIS2_PLACEMENT_3D('',#4535,#4536,#4537);
#4535=CARTESIAN_POINT('',(0.,0.,-2.6225));
#4536=DIRECTION('',(-0.,-0.,-1.));
#4537=DIRECTION('',(0.,-1.,0.));
#4538=CARTESIAN_POINT('',(0.,-0.255,-1.56142466891288E-017));
#4539=AXIS2_PLACEMENT_3D('',#4540,#4541,#4542);
#4540=CARTESIAN_POINT('',(0.,0.,0.));
#4541=DIRECTION('',(-0.,-0.,-1.));
#4542=DIRECTION('',(0.,-1.,0.));
#4543=CARTESIAN_POINT('',(0.,-0.66,0.283584053511925));
#4544=AXIS2_PLACEMENT_3D('',#4545,#4546,#4547);
#4545=CARTESIAN_POINT('',(0.,0.,0.283584053511925));
#4546=DIRECTION('',(-0.,-0.,-1.));
#4547=DIRECTION('',(0.,-1.,0.));
#4548=CARTESIAN_POINT('',(0.,-0.66,1.79287838708181));
#4549=AXIS2_PLACEMENT_3D('',#4550,#4551,#4552);
#4550=CARTESIAN_POINT('',(0.,0.,1.79287838708181));
#4551=DIRECTION('',(-0.,-0.,-1.));
#4552=DIRECTION('',(0.,-1.,0.));
#4553=CARTESIAN_POINT('',(0.,-0.810000000000001,2.205));
#4554=AXIS2_PLACEMENT_3D('',#4555,#4556,#4557);
#4555=CARTESIAN_POINT('',(0.,0.,2.205));
#4556=DIRECTION('',(-0.,-0.,-1.));
#4557=DIRECTION('',(0.,-1.,0.));
#4558=CARTESIAN_POINT('',(0.,-0.659999999999999,2.205));
#4559=AXIS2_PLACEMENT_3D('',#4560,#4561,#4562);
#4560=CARTESIAN_POINT('',(0.,0.,2.205));
#4561=DIRECTION('',(-0.,-0.,-1.));
#4562=DIRECTION('',(0.,-1.,0.));
#4563=CARTESIAN_POINT('',(0.,-0.66,2.84));
#4564=AXIS2_PLACEMENT_3D('',#4565,#4566,#4567);
#4565=CARTESIAN_POINT('',(0.,0.,2.84));
#4566=DIRECTION('',(-0.,-0.,-1.));
#4567=DIRECTION('',(0.,-1.,0.));
#4568=CARTESIAN_POINT('',(0.,-0.915,2.84));
#4569=AXIS2_PLACEMENT_3D('',#4570,#4571,#4572);
#4570=CARTESIAN_POINT('',(0.,0.,2.84));
#4571=DIRECTION('',(-0.,-0.,-1.));
#4572=DIRECTION('',(0.,-1.,0.));
#4573=CARTESIAN_POINT('',(0.,-0.915,3.35));
#4574=AXIS2_PLACEMENT_3D('',#4575,#4576,#4577);
#4575=CARTESIAN_POINT('',(0.,0.,3.35));
#4576=DIRECTION('',(-0.,-0.,-1.));
#4577=DIRECTION('',(0.,-1.,0.));
#4578=CARTESIAN_POINT('',(0.,-0.609191070866214,3.35));
#4579=AXIS2_PLACEMENT_3D('',#4580,#4581,#4582);
#4580=CARTESIAN_POINT('',(0.,0.,3.35));
#4581=DIRECTION('',(-0.,-0.,-1.));
#4582=DIRECTION('',(0.,-1.,0.));
#4583=CARTESIAN_POINT('',(0.,-0.5,3.05));
#4584=AXIS2_PLACEMENT_3D('',#4585,#4586,#4587);
#4585=CARTESIAN_POINT('',(0.,0.,3.05));
#4586=DIRECTION('',(0.,-0.,-1.));
#4587=DIRECTION('',(0.,-1.,0.));
#4588=CARTESIAN_POINT('',(0.,-0.5,2.85));
#4589=AXIS2_PLACEMENT_3D('',#4590,#4591,#4592);
#4590=CARTESIAN_POINT('',(0.,0.,2.85));
#4591=DIRECTION('',(0.,-0.,-1.));
#4592=DIRECTION('',(0.,-1.,0.));
#4593=CARTESIAN_POINT('',(0.,-0.225,1.65));
#4594=AXIS2_PLACEMENT_3D('',#4595,#4596,#4597);
#4595=CARTESIAN_POINT('',(0.,0.,1.65));
#4596=DIRECTION('',(-0.,-0.,-1.));
#4597=DIRECTION('',(0.,-1.,0.));
#4598=CARTESIAN_POINT('',(0.,-0.5,1.65));
#4599=AXIS2_PLACEMENT_3D('',#4600,#4601,#4602);
#4600=CARTESIAN_POINT('',(0.,0.,1.65));
#4601=DIRECTION('',(-0.,-0.,-1.));
#4602=DIRECTION('',(0.,-1.,0.));
#4603=CARTESIAN_POINT('',(0.,-0.5,0.45));
#4604=AXIS2_PLACEMENT_3D('',#4605,#4606,#4607);
#4605=CARTESIAN_POINT('',(0.,0.,0.45));
#4606=DIRECTION('',(0.,-0.,-1.));
#4607=DIRECTION('',(0.,-1.,0.));
#4608=CARTESIAN_POINT('',(0.,-0.03,0.120902457041437));
#4609=AXIS2_PLACEMENT_3D('',#4610,#4611,#4612);
#4610=CARTESIAN_POINT('',(0.,0.,0.120902457041437));
#4611=DIRECTION('',(-0.,-0.,-1.));
#4612=DIRECTION('',(0.,-1.,0.));
ENDSEC;
END-ISO-10303-21;
