ISO-10303-21;
HEADER;
/* Generated by software containing ST-Developer
 * from STEP Tools, Inc. (www.steptools.com) 
 */

FILE_DESCRIPTION(
/* description */ (''),
/* implementation_level */ '2;1');

FILE_NAME(
/* name */ 
'C:\\Users\\crscnt\\3D Objects\\altium\\DIP toggle switches\\red\\side
\\DIP_SW-1P-S.stp',
/* time_stamp */ '2024-02-12T12:43:18+03:00',
/* author */ ('crscnt'),
/* organization */ (''),
/* preprocessor_version */ 'ST-DEVELOPER v19',
/* originating_system */ 'Autodesk Inventor 2023',
/* authorisation */ '');

FILE_SCHEMA (('AUTOMOTIVE_DESIGN { 1 0 10303 214 3 1 1 }'));
ENDSEC;

DATA;
#10=MECHANICAL_DESIGN_GEOMETRIC_PRESENTATION_REPRESENTATION('',(#1269,#1270,
#1271,#1272,#1273,#1274,#1275,#1276,#1277,#1278,#1279,#1280,#1281,#1282,
#1283,#1284,#1285,#1286,#1287,#1288,#1289,#1290,#1291,#1292,#1293,#1294,
#1295,#1296,#1297,#1298,#1299,#1300,#1301,#1302,#1303,#1304,#1305,#1306,
#1307,#1308,#1309,#1310,#1311,#1312,#1313,#1314,#1315,#1316,#1317,#1318,
#1319,#1320,#1321,#1322,#1323,#1324,#1325,#1326,#1327,#1328,#1329,#1330,
#1331,#1332,#1333),#2263);
#11=APPLIED_GROUP_ASSIGNMENT(#12,(#28,#29,#30));
#12=GROUP('Extrusion15',$);
#13=SHAPE_REPRESENTATION_RELATIONSHIP('SRR','None',#2270,#14);
#14=ADVANCED_BREP_SHAPE_REPRESENTATION('',(#31),#2262);
#15=B_SPLINE_CURVE_WITH_KNOTS('',2,(#2182,#2183,#2184,#2185),
 .UNSPECIFIED.,.F.,.F.,(3,1,3),(-2.,-1.,0.),.UNSPECIFIED.);
#16=B_SPLINE_CURVE_WITH_KNOTS('',2,(#2189,#2190,#2191,#2192),
 .UNSPECIFIED.,.F.,.F.,(3,1,3),(-2.,-1.,0.),.UNSPECIFIED.);
#17=B_SPLINE_CURVE_WITH_KNOTS('',2,(#2197,#2198,#2199,#2200),
 .UNSPECIFIED.,.F.,.F.,(3,1,3),(-2.,-1.,0.),.UNSPECIFIED.);
#18=B_SPLINE_CURVE_WITH_KNOTS('',2,(#2202,#2203,#2204,#2205,#2206),
 .UNSPECIFIED.,.F.,.F.,(3,1,1,3),(-3.,-2.,-1.,0.),.UNSPECIFIED.);
#19=B_SPLINE_CURVE_WITH_KNOTS('',2,(#2208,#2209,#2210,#2211,#2212),
 .UNSPECIFIED.,.F.,.F.,(3,1,1,3),(-3.,-2.,-1.,0.),.UNSPECIFIED.);
#20=B_SPLINE_CURVE_WITH_KNOTS('',2,(#2213,#2214,#2215,#2216,#2217),
 .UNSPECIFIED.,.F.,.F.,(3,1,1,3),(-3.,-2.,-1.,0.),.UNSPECIFIED.);
#21=B_SPLINE_CURVE_WITH_KNOTS('',2,(#2220,#2221,#2222,#2223),
 .UNSPECIFIED.,.F.,.F.,(3,1,3),(-2.,-1.,0.),.UNSPECIFIED.);
#22=B_SPLINE_CURVE_WITH_KNOTS('',2,(#2225,#2226,#2227,#2228,#2229),
 .UNSPECIFIED.,.F.,.F.,(3,1,1,3),(-3.,-2.,-1.,0.),.UNSPECIFIED.);
#23=B_SPLINE_CURVE_WITH_KNOTS('',2,(#2231,#2232,#2233,#2234),
 .UNSPECIFIED.,.F.,.F.,(3,1,3),(-2.,-1.,0.),.UNSPECIFIED.);
#24=B_SPLINE_CURVE_WITH_KNOTS('',2,(#2235,#2236,#2237,#2238),
 .UNSPECIFIED.,.F.,.F.,(3,1,3),(-2.,-1.,0.),.UNSPECIFIED.);
#25=OPEN_SHELL('',(#1396));
#26=OPEN_SHELL('',(#1397));
#27=OPEN_SHELL('',(#1398));
#28=SHELL_BASED_SURFACE_MODEL('Symbols',(#25));
#29=SHELL_BASED_SURFACE_MODEL('Symbols',(#26));
#30=SHELL_BASED_SURFACE_MODEL('Symbols',(#27));
#31=MANIFOLD_SOLID_BREP('Body',#1399);
#32=FACE_BOUND('',#157,.T.);
#33=FACE_BOUND('',#158,.T.);
#34=FACE_BOUND('',#165,.T.);
#35=FACE_BOUND('',#175,.T.);
#36=CYLINDRICAL_SURFACE('',#1427,0.5);
#37=CYLINDRICAL_SURFACE('',#1432,0.2);
#38=CYLINDRICAL_SURFACE('',#1435,0.0999999999999998);
#39=CYLINDRICAL_SURFACE('',#1438,0.4);
#40=CYLINDRICAL_SURFACE('',#1442,0.3);
#41=CYLINDRICAL_SURFACE('',#1469,1.);
#42=CYLINDRICAL_SURFACE('',#1474,1.);
#43=FACE_OUTER_BOUND('',#108,.T.);
#44=FACE_OUTER_BOUND('',#109,.T.);
#45=FACE_OUTER_BOUND('',#110,.T.);
#46=FACE_OUTER_BOUND('',#111,.T.);
#47=FACE_OUTER_BOUND('',#112,.T.);
#48=FACE_OUTER_BOUND('',#113,.T.);
#49=FACE_OUTER_BOUND('',#114,.T.);
#50=FACE_OUTER_BOUND('',#115,.T.);
#51=FACE_OUTER_BOUND('',#116,.T.);
#52=FACE_OUTER_BOUND('',#117,.T.);
#53=FACE_OUTER_BOUND('',#118,.T.);
#54=FACE_OUTER_BOUND('',#119,.T.);
#55=FACE_OUTER_BOUND('',#120,.T.);
#56=FACE_OUTER_BOUND('',#121,.T.);
#57=FACE_OUTER_BOUND('',#122,.T.);
#58=FACE_OUTER_BOUND('',#123,.T.);
#59=FACE_OUTER_BOUND('',#124,.T.);
#60=FACE_OUTER_BOUND('',#125,.T.);
#61=FACE_OUTER_BOUND('',#126,.T.);
#62=FACE_OUTER_BOUND('',#127,.T.);
#63=FACE_OUTER_BOUND('',#128,.T.);
#64=FACE_OUTER_BOUND('',#129,.T.);
#65=FACE_OUTER_BOUND('',#130,.T.);
#66=FACE_OUTER_BOUND('',#131,.T.);
#67=FACE_OUTER_BOUND('',#132,.T.);
#68=FACE_OUTER_BOUND('',#133,.T.);
#69=FACE_OUTER_BOUND('',#134,.T.);
#70=FACE_OUTER_BOUND('',#135,.T.);
#71=FACE_OUTER_BOUND('',#136,.T.);
#72=FACE_OUTER_BOUND('',#137,.T.);
#73=FACE_OUTER_BOUND('',#138,.T.);
#74=FACE_OUTER_BOUND('',#139,.T.);
#75=FACE_OUTER_BOUND('',#140,.T.);
#76=FACE_OUTER_BOUND('',#141,.T.);
#77=FACE_OUTER_BOUND('',#142,.T.);
#78=FACE_OUTER_BOUND('',#143,.T.);
#79=FACE_OUTER_BOUND('',#144,.T.);
#80=FACE_OUTER_BOUND('',#145,.T.);
#81=FACE_OUTER_BOUND('',#146,.T.);
#82=FACE_OUTER_BOUND('',#147,.T.);
#83=FACE_OUTER_BOUND('',#148,.T.);
#84=FACE_OUTER_BOUND('',#149,.T.);
#85=FACE_OUTER_BOUND('',#150,.T.);
#86=FACE_OUTER_BOUND('',#151,.T.);
#87=FACE_OUTER_BOUND('',#152,.T.);
#88=FACE_OUTER_BOUND('',#153,.T.);
#89=FACE_OUTER_BOUND('',#154,.T.);
#90=FACE_OUTER_BOUND('',#155,.T.);
#91=FACE_OUTER_BOUND('',#156,.T.);
#92=FACE_OUTER_BOUND('',#159,.T.);
#93=FACE_OUTER_BOUND('',#160,.T.);
#94=FACE_OUTER_BOUND('',#161,.T.);
#95=FACE_OUTER_BOUND('',#162,.T.);
#96=FACE_OUTER_BOUND('',#163,.T.);
#97=FACE_OUTER_BOUND('',#164,.T.);
#98=FACE_OUTER_BOUND('',#166,.T.);
#99=FACE_OUTER_BOUND('',#167,.T.);
#100=FACE_OUTER_BOUND('',#168,.T.);
#101=FACE_OUTER_BOUND('',#169,.T.);
#102=FACE_OUTER_BOUND('',#170,.T.);
#103=FACE_OUTER_BOUND('',#171,.T.);
#104=FACE_OUTER_BOUND('',#172,.T.);
#105=FACE_OUTER_BOUND('',#173,.T.);
#106=FACE_OUTER_BOUND('',#174,.T.);
#107=FACE_OUTER_BOUND('',#176,.T.);
#108=EDGE_LOOP('',(#852,#853,#854,#855,#856,#857,#858,#859));
#109=EDGE_LOOP('',(#860,#861,#862,#863));
#110=EDGE_LOOP('',(#864,#865,#866,#867,#868,#869));
#111=EDGE_LOOP('',(#870,#871,#872,#873));
#112=EDGE_LOOP('',(#874,#875,#876,#877));
#113=EDGE_LOOP('',(#878,#879,#880,#881));
#114=EDGE_LOOP('',(#882,#883,#884,#885));
#115=EDGE_LOOP('',(#886,#887,#888,#889,#890,#891));
#116=EDGE_LOOP('',(#892,#893,#894,#895));
#117=EDGE_LOOP('',(#896,#897,#898,#899));
#118=EDGE_LOOP('',(#900,#901,#902,#903));
#119=EDGE_LOOP('',(#904,#905,#906,#907,#908,#909,#910,#911));
#120=EDGE_LOOP('',(#912,#913,#914,#915));
#121=EDGE_LOOP('',(#916,#917,#918,#919,#920,#921));
#122=EDGE_LOOP('',(#922,#923,#924,#925));
#123=EDGE_LOOP('',(#926,#927,#928,#929));
#124=EDGE_LOOP('',(#930,#931,#932,#933));
#125=EDGE_LOOP('',(#934,#935,#936,#937,#938,#939));
#126=EDGE_LOOP('',(#940,#941,#942,#943));
#127=EDGE_LOOP('',(#944,#945,#946,#947));
#128=EDGE_LOOP('',(#948,#949,#950,#951,#952,#953));
#129=EDGE_LOOP('',(#954,#955,#956,#957));
#130=EDGE_LOOP('',(#958,#959,#960,#961));
#131=EDGE_LOOP('',(#962,#963,#964,#965));
#132=EDGE_LOOP('',(#966,#967,#968,#969,#970,#971));
#133=EDGE_LOOP('',(#972,#973,#974,#975));
#134=EDGE_LOOP('',(#976,#977,#978,#979,#980));
#135=EDGE_LOOP('',(#981,#982,#983,#984));
#136=EDGE_LOOP('',(#985,#986,#987,#988,#989));
#137=EDGE_LOOP('',(#990,#991,#992,#993,#994,#995));
#138=EDGE_LOOP('',(#996,#997,#998,#999,#1000,#1001));
#139=EDGE_LOOP('',(#1002,#1003,#1004,#1005));
#140=EDGE_LOOP('',(#1006,#1007,#1008,#1009));
#141=EDGE_LOOP('',(#1010,#1011,#1012,#1013,#1014,#1015,#1016,#1017,#1018,
#1019));
#142=EDGE_LOOP('',(#1020,#1021,#1022,#1023,#1024,#1025,#1026,#1027,#1028,
#1029));
#143=EDGE_LOOP('',(#1030,#1031,#1032,#1033));
#144=EDGE_LOOP('',(#1034,#1035,#1036,#1037,#1038,#1039));
#145=EDGE_LOOP('',(#1040,#1041,#1042,#1043,#1044,#1045,#1046,#1047,#1048,
#1049,#1050,#1051));
#146=EDGE_LOOP('',(#1052,#1053,#1054,#1055));
#147=EDGE_LOOP('',(#1056,#1057,#1058,#1059,#1060,#1061));
#148=EDGE_LOOP('',(#1062,#1063,#1064,#1065));
#149=EDGE_LOOP('',(#1066,#1067,#1068,#1069,#1070,#1071,#1072,#1073));
#150=EDGE_LOOP('',(#1074,#1075,#1076,#1077));
#151=EDGE_LOOP('',(#1078,#1079,#1080,#1081,#1082,#1083));
#152=EDGE_LOOP('',(#1084,#1085,#1086,#1087));
#153=EDGE_LOOP('',(#1088,#1089,#1090,#1091));
#154=EDGE_LOOP('',(#1092,#1093,#1094,#1095));
#155=EDGE_LOOP('',(#1096,#1097,#1098,#1099));
#156=EDGE_LOOP('',(#1100,#1101,#1102,#1103));
#157=EDGE_LOOP('',(#1104,#1105,#1106,#1107));
#158=EDGE_LOOP('',(#1108,#1109,#1110,#1111));
#159=EDGE_LOOP('',(#1112,#1113,#1114,#1115));
#160=EDGE_LOOP('',(#1116,#1117,#1118,#1119));
#161=EDGE_LOOP('',(#1120,#1121,#1122,#1123));
#162=EDGE_LOOP('',(#1124,#1125,#1126,#1127));
#163=EDGE_LOOP('',(#1128,#1129,#1130,#1131,#1132,#1133,#1134,#1135));
#164=EDGE_LOOP('',(#1136,#1137,#1138,#1139));
#165=EDGE_LOOP('',(#1140,#1141,#1142,#1143));
#166=EDGE_LOOP('',(#1144,#1145,#1146,#1147));
#167=EDGE_LOOP('',(#1148,#1149,#1150,#1151,#1152,#1153,#1154,#1155));
#168=EDGE_LOOP('',(#1156,#1157,#1158,#1159,#1160,#1161));
#169=EDGE_LOOP('',(#1162,#1163,#1164,#1165));
#170=EDGE_LOOP('',(#1166,#1167,#1168,#1169,#1170,#1171));
#171=EDGE_LOOP('',(#1172,#1173,#1174,#1175,#1176,#1177,#1178,#1179,#1180,
#1181));
#172=EDGE_LOOP('',(#1182,#1183,#1184,#1185));
#173=EDGE_LOOP('',(#1186,#1187,#1188,#1189,#1190,#1191,#1192));
#174=EDGE_LOOP('',(#1193,#1194,#1195,#1196));
#175=EDGE_LOOP('',(#1197,#1198,#1199,#1200));
#176=EDGE_LOOP('',(#1201,#1202,#1203,#1204,#1205,#1206,#1207,#1208,#1209,
#1210));
#177=CIRCLE('',#1423,0.0999999999999998);
#178=CIRCLE('',#1424,0.2);
#179=CIRCLE('',#1425,0.5);
#180=CIRCLE('',#1428,0.5);
#181=CIRCLE('',#1429,0.5);
#182=CIRCLE('',#1430,0.5);
#183=CIRCLE('',#1433,0.2);
#184=CIRCLE('',#1436,0.0999999999999998);
#185=CIRCLE('',#1439,0.4);
#186=CIRCLE('',#1440,0.4);
#187=CIRCLE('',#1443,0.3);
#188=CIRCLE('',#1444,0.3);
#189=CIRCLE('',#1470,1.);
#190=CIRCLE('',#1471,1.);
#191=CIRCLE('',#1475,1.);
#192=CIRCLE('',#1476,1.);
#193=LINE('',#1837,#359);
#194=LINE('',#1839,#360);
#195=LINE('',#1841,#361);
#196=LINE('',#1845,#362);
#197=LINE('',#1849,#363);
#198=LINE('',#1854,#364);
#199=LINE('',#1856,#365);
#200=LINE('',#1858,#366);
#201=LINE('',#1859,#367);
#202=LINE('',#1866,#368);
#203=LINE('',#1869,#369);
#204=LINE('',#1870,#370);
#205=LINE('',#1874,#371);
#206=LINE('',#1877,#372);
#207=LINE('',#1878,#373);
#208=LINE('',#1882,#374);
#209=LINE('',#1886,#375);
#210=LINE('',#1887,#376);
#211=LINE('',#1889,#377);
#212=LINE('',#1890,#378);
#213=LINE('',#1896,#379);
#214=LINE('',#1900,#380);
#215=LINE('',#1902,#381);
#216=LINE('',#1904,#382);
#217=LINE('',#1905,#383);
#218=LINE('',#1911,#384);
#219=LINE('',#1912,#385);
#220=LINE('',#1916,#386);
#221=LINE('',#1918,#387);
#222=LINE('',#1920,#388);
#223=LINE('',#1921,#389);
#224=LINE('',#1924,#390);
#225=LINE('',#1926,#391);
#226=LINE('',#1928,#392);
#227=LINE('',#1930,#393);
#228=LINE('',#1931,#394);
#229=LINE('',#1934,#395);
#230=LINE('',#1935,#396);
#231=LINE('',#1938,#397);
#232=LINE('',#1939,#398);
#233=LINE('',#1942,#399);
#234=LINE('',#1943,#400);
#235=LINE('',#1946,#401);
#236=LINE('',#1947,#402);
#237=LINE('',#1949,#403);
#238=LINE('',#1953,#404);
#239=LINE('',#1955,#405);
#240=LINE('',#1957,#406);
#241=LINE('',#1958,#407);
#242=LINE('',#1961,#408);
#243=LINE('',#1963,#409);
#244=LINE('',#1965,#410);
#245=LINE('',#1967,#411);
#246=LINE('',#1968,#412);
#247=LINE('',#1971,#413);
#248=LINE('',#1972,#414);
#249=LINE('',#1975,#415);
#250=LINE('',#1976,#416);
#251=LINE('',#1979,#417);
#252=LINE('',#1980,#418);
#253=LINE('',#1983,#419);
#254=LINE('',#1984,#420);
#255=LINE('',#1986,#421);
#256=LINE('',#1989,#422);
#257=LINE('',#1991,#423);
#258=LINE('',#1992,#424);
#259=LINE('',#1995,#425);
#260=LINE('',#1996,#426);
#261=LINE('',#1999,#427);
#262=LINE('',#2000,#428);
#263=LINE('',#2003,#429);
#264=LINE('',#2004,#430);
#265=LINE('',#2007,#431);
#266=LINE('',#2008,#432);
#267=LINE('',#2010,#433);
#268=LINE('',#2012,#434);
#269=LINE('',#2015,#435);
#270=LINE('',#2017,#436);
#271=LINE('',#2019,#437);
#272=LINE('',#2021,#438);
#273=LINE('',#2022,#439);
#274=LINE('',#2025,#440);
#275=LINE('',#2027,#441);
#276=LINE('',#2028,#442);
#277=LINE('',#2034,#443);
#278=LINE('',#2037,#444);
#279=LINE('',#2039,#445);
#280=LINE('',#2041,#446);
#281=LINE('',#2042,#447);
#282=LINE('',#2045,#448);
#283=LINE('',#2047,#449);
#284=LINE('',#2049,#450);
#285=LINE('',#2051,#451);
#286=LINE('',#2053,#452);
#287=LINE('',#2055,#453);
#288=LINE('',#2057,#454);
#289=LINE('',#2059,#455);
#290=LINE('',#2060,#456);
#291=LINE('',#2065,#457);
#292=LINE('',#2069,#458);
#293=LINE('',#2070,#459);
#294=LINE('',#2072,#460);
#295=LINE('',#2075,#461);
#296=LINE('',#2077,#462);
#297=LINE('',#2078,#463);
#298=LINE('',#2081,#464);
#299=LINE('',#2083,#465);
#300=LINE('',#2084,#466);
#301=LINE('',#2087,#467);
#302=LINE('',#2088,#468);
#303=LINE('',#2092,#469);
#304=LINE('',#2094,#470);
#305=LINE('',#2096,#471);
#306=LINE('',#2097,#472);
#307=LINE('',#2100,#473);
#308=LINE('',#2102,#474);
#309=LINE('',#2103,#475);
#310=LINE('',#2106,#476);
#311=LINE('',#2108,#477);
#312=LINE('',#2109,#478);
#313=LINE('',#2111,#479);
#314=LINE('',#2112,#480);
#315=LINE('',#2117,#481);
#316=LINE('',#2119,#482);
#317=LINE('',#2121,#483);
#318=LINE('',#2122,#484);
#319=LINE('',#2125,#485);
#320=LINE('',#2127,#486);
#321=LINE('',#2128,#487);
#322=LINE('',#2131,#488);
#323=LINE('',#2133,#489);
#324=LINE('',#2134,#490);
#325=LINE('',#2136,#491);
#326=LINE('',#2140,#492);
#327=LINE('',#2142,#493);
#328=LINE('',#2143,#494);
#329=LINE('',#2145,#495);
#330=LINE('',#2146,#496);
#331=LINE('',#2149,#497);
#332=LINE('',#2150,#498);
#333=LINE('',#2154,#499);
#334=LINE('',#2156,#500);
#335=LINE('',#2158,#501);
#336=LINE('',#2159,#502);
#337=LINE('',#2161,#503);
#338=LINE('',#2162,#504);
#339=LINE('',#2164,#505);
#340=LINE('',#2165,#506);
#341=LINE('',#2167,#507);
#342=LINE('',#2169,#508);
#343=LINE('',#2171,#509);
#344=LINE('',#2176,#510);
#345=LINE('',#2178,#511);
#346=LINE('',#2180,#512);
#347=LINE('',#2187,#513);
#348=LINE('',#2193,#514);
#349=LINE('',#2242,#515);
#350=LINE('',#2244,#516);
#351=LINE('',#2246,#517);
#352=LINE('',#2248,#518);
#353=LINE('',#2250,#519);
#354=LINE('',#2252,#520);
#355=LINE('',#2254,#521);
#356=LINE('',#2256,#522);
#357=LINE('',#2258,#523);
#358=LINE('',#2259,#524);
#359=VECTOR('',#1507,10.);
#360=VECTOR('',#1508,10.);
#361=VECTOR('',#1509,10.);
#362=VECTOR('',#1512,10.);
#363=VECTOR('',#1515,10.);
#364=VECTOR('',#1520,10.);
#365=VECTOR('',#1521,10.);
#366=VECTOR('',#1522,10.);
#367=VECTOR('',#1523,10.);
#368=VECTOR('',#1532,10.);
#369=VECTOR('',#1535,10.);
#370=VECTOR('',#1536,10.);
#371=VECTOR('',#1541,10.);
#372=VECTOR('',#1544,10.);
#373=VECTOR('',#1545,10.);
#374=VECTOR('',#1550,10.);
#375=VECTOR('',#1553,10.);
#376=VECTOR('',#1554,10.);
#377=VECTOR('',#1555,10.);
#378=VECTOR('',#1556,10.);
#379=VECTOR('',#1563,10.);
#380=VECTOR('',#1566,10.);
#381=VECTOR('',#1567,10.);
#382=VECTOR('',#1568,10.);
#383=VECTOR('',#1569,10.);
#384=VECTOR('',#1578,10.);
#385=VECTOR('',#1579,10.);
#386=VECTOR('',#1582,10.);
#387=VECTOR('',#1583,10.);
#388=VECTOR('',#1584,10.);
#389=VECTOR('',#1585,10.);
#390=VECTOR('',#1588,10.);
#391=VECTOR('',#1589,10.);
#392=VECTOR('',#1590,10.);
#393=VECTOR('',#1591,10.);
#394=VECTOR('',#1592,10.);
#395=VECTOR('',#1595,10.);
#396=VECTOR('',#1596,10.);
#397=VECTOR('',#1599,10.);
#398=VECTOR('',#1600,10.);
#399=VECTOR('',#1603,10.);
#400=VECTOR('',#1604,10.);
#401=VECTOR('',#1607,10.);
#402=VECTOR('',#1608,10.);
#403=VECTOR('',#1611,10.);
#404=VECTOR('',#1614,10.);
#405=VECTOR('',#1615,10.);
#406=VECTOR('',#1616,10.);
#407=VECTOR('',#1617,10.);
#408=VECTOR('',#1620,10.);
#409=VECTOR('',#1621,10.);
#410=VECTOR('',#1622,10.);
#411=VECTOR('',#1623,10.);
#412=VECTOR('',#1624,10.);
#413=VECTOR('',#1627,10.);
#414=VECTOR('',#1628,10.);
#415=VECTOR('',#1631,10.);
#416=VECTOR('',#1632,10.);
#417=VECTOR('',#1635,10.);
#418=VECTOR('',#1636,10.);
#419=VECTOR('',#1639,10.);
#420=VECTOR('',#1640,10.);
#421=VECTOR('',#1643,10.);
#422=VECTOR('',#1646,10.);
#423=VECTOR('',#1647,10.);
#424=VECTOR('',#1648,10.);
#425=VECTOR('',#1651,10.);
#426=VECTOR('',#1652,10.);
#427=VECTOR('',#1655,10.);
#428=VECTOR('',#1656,10.);
#429=VECTOR('',#1659,10.);
#430=VECTOR('',#1660,10.);
#431=VECTOR('',#1663,10.);
#432=VECTOR('',#1664,10.);
#433=VECTOR('',#1667,10.);
#434=VECTOR('',#1670,10.);
#435=VECTOR('',#1673,10.);
#436=VECTOR('',#1674,10.);
#437=VECTOR('',#1675,10.);
#438=VECTOR('',#1676,10.);
#439=VECTOR('',#1677,10.);
#440=VECTOR('',#1680,10.);
#441=VECTOR('',#1681,10.);
#442=VECTOR('',#1682,10.);
#443=VECTOR('',#1687,10.);
#444=VECTOR('',#1690,10.);
#445=VECTOR('',#1693,10.);
#446=VECTOR('',#1694,10.);
#447=VECTOR('',#1695,10.);
#448=VECTOR('',#1698,10.);
#449=VECTOR('',#1699,10.);
#450=VECTOR('',#1700,10.);
#451=VECTOR('',#1701,10.);
#452=VECTOR('',#1702,10.);
#453=VECTOR('',#1703,10.);
#454=VECTOR('',#1704,10.);
#455=VECTOR('',#1705,10.);
#456=VECTOR('',#1706,10.);
#457=VECTOR('',#1711,10.);
#458=VECTOR('',#1716,10.);
#459=VECTOR('',#1717,10.);
#460=VECTOR('',#1720,10.);
#461=VECTOR('',#1723,10.);
#462=VECTOR('',#1724,10.);
#463=VECTOR('',#1725,10.);
#464=VECTOR('',#1728,10.);
#465=VECTOR('',#1729,10.);
#466=VECTOR('',#1730,10.);
#467=VECTOR('',#1733,10.);
#468=VECTOR('',#1734,10.);
#469=VECTOR('',#1737,10.);
#470=VECTOR('',#1738,10.);
#471=VECTOR('',#1739,10.);
#472=VECTOR('',#1740,10.);
#473=VECTOR('',#1743,10.);
#474=VECTOR('',#1744,10.);
#475=VECTOR('',#1745,10.);
#476=VECTOR('',#1748,10.);
#477=VECTOR('',#1749,10.);
#478=VECTOR('',#1750,10.);
#479=VECTOR('',#1753,10.);
#480=VECTOR('',#1754,10.);
#481=VECTOR('',#1759,10.);
#482=VECTOR('',#1760,10.);
#483=VECTOR('',#1761,10.);
#484=VECTOR('',#1762,10.);
#485=VECTOR('',#1765,10.);
#486=VECTOR('',#1766,10.);
#487=VECTOR('',#1767,10.);
#488=VECTOR('',#1770,10.);
#489=VECTOR('',#1771,10.);
#490=VECTOR('',#1772,10.);
#491=VECTOR('',#1775,10.);
#492=VECTOR('',#1778,10.);
#493=VECTOR('',#1779,10.);
#494=VECTOR('',#1780,10.);
#495=VECTOR('',#1781,10.);
#496=VECTOR('',#1782,10.);
#497=VECTOR('',#1785,10.);
#498=VECTOR('',#1786,10.);
#499=VECTOR('',#1789,10.);
#500=VECTOR('',#1790,10.);
#501=VECTOR('',#1791,10.);
#502=VECTOR('',#1792,10.);
#503=VECTOR('',#1795,10.);
#504=VECTOR('',#1796,10.);
#505=VECTOR('',#1799,10.);
#506=VECTOR('',#1800,10.);
#507=VECTOR('',#1803,10.);
#508=VECTOR('',#1806,10.);
#509=VECTOR('',#1809,10.);
#510=VECTOR('',#1814,10.);
#511=VECTOR('',#1815,10.);
#512=VECTOR('',#1816,10.);
#513=VECTOR('',#1817,10.);
#514=VECTOR('',#1818,10.);
#515=VECTOR('',#1823,10.);
#516=VECTOR('',#1824,10.);
#517=VECTOR('',#1825,10.);
#518=VECTOR('',#1826,10.);
#519=VECTOR('',#1827,10.);
#520=VECTOR('',#1828,10.);
#521=VECTOR('',#1829,10.);
#522=VECTOR('',#1830,10.);
#523=VECTOR('',#1831,10.);
#524=VECTOR('',#1832,10.);
#525=VERTEX_POINT('',#1835);
#526=VERTEX_POINT('',#1836);
#527=VERTEX_POINT('',#1838);
#528=VERTEX_POINT('',#1840);
#529=VERTEX_POINT('',#1842);
#530=VERTEX_POINT('',#1844);
#531=VERTEX_POINT('',#1846);
#532=VERTEX_POINT('',#1848);
#533=VERTEX_POINT('',#1852);
#534=VERTEX_POINT('',#1853);
#535=VERTEX_POINT('',#1855);
#536=VERTEX_POINT('',#1857);
#537=VERTEX_POINT('',#1861);
#538=VERTEX_POINT('',#1862);
#539=VERTEX_POINT('',#1868);
#540=VERTEX_POINT('',#1872);
#541=VERTEX_POINT('',#1876);
#542=VERTEX_POINT('',#1880);
#543=VERTEX_POINT('',#1884);
#544=VERTEX_POINT('',#1885);
#545=VERTEX_POINT('',#1888);
#546=VERTEX_POINT('',#1892);
#547=VERTEX_POINT('',#1894);
#548=VERTEX_POINT('',#1898);
#549=VERTEX_POINT('',#1899);
#550=VERTEX_POINT('',#1901);
#551=VERTEX_POINT('',#1903);
#552=VERTEX_POINT('',#1910);
#553=VERTEX_POINT('',#1914);
#554=VERTEX_POINT('',#1915);
#555=VERTEX_POINT('',#1917);
#556=VERTEX_POINT('',#1919);
#557=VERTEX_POINT('',#1923);
#558=VERTEX_POINT('',#1925);
#559=VERTEX_POINT('',#1927);
#560=VERTEX_POINT('',#1929);
#561=VERTEX_POINT('',#1933);
#562=VERTEX_POINT('',#1937);
#563=VERTEX_POINT('',#1941);
#564=VERTEX_POINT('',#1945);
#565=VERTEX_POINT('',#1951);
#566=VERTEX_POINT('',#1952);
#567=VERTEX_POINT('',#1954);
#568=VERTEX_POINT('',#1956);
#569=VERTEX_POINT('',#1960);
#570=VERTEX_POINT('',#1962);
#571=VERTEX_POINT('',#1964);
#572=VERTEX_POINT('',#1966);
#573=VERTEX_POINT('',#1970);
#574=VERTEX_POINT('',#1974);
#575=VERTEX_POINT('',#1978);
#576=VERTEX_POINT('',#1982);
#577=VERTEX_POINT('',#1988);
#578=VERTEX_POINT('',#1990);
#579=VERTEX_POINT('',#1994);
#580=VERTEX_POINT('',#1998);
#581=VERTEX_POINT('',#2002);
#582=VERTEX_POINT('',#2006);
#583=VERTEX_POINT('',#2014);
#584=VERTEX_POINT('',#2016);
#585=VERTEX_POINT('',#2018);
#586=VERTEX_POINT('',#2020);
#587=VERTEX_POINT('',#2024);
#588=VERTEX_POINT('',#2026);
#589=VERTEX_POINT('',#2030);
#590=VERTEX_POINT('',#2031);
#591=VERTEX_POINT('',#2033);
#592=VERTEX_POINT('',#2035);
#593=VERTEX_POINT('',#2040);
#594=VERTEX_POINT('',#2044);
#595=VERTEX_POINT('',#2046);
#596=VERTEX_POINT('',#2048);
#597=VERTEX_POINT('',#2050);
#598=VERTEX_POINT('',#2052);
#599=VERTEX_POINT('',#2054);
#600=VERTEX_POINT('',#2056);
#601=VERTEX_POINT('',#2058);
#602=VERTEX_POINT('',#2062);
#603=VERTEX_POINT('',#2064);
#604=VERTEX_POINT('',#2068);
#605=VERTEX_POINT('',#2074);
#606=VERTEX_POINT('',#2076);
#607=VERTEX_POINT('',#2080);
#608=VERTEX_POINT('',#2082);
#609=VERTEX_POINT('',#2086);
#610=VERTEX_POINT('',#2090);
#611=VERTEX_POINT('',#2091);
#612=VERTEX_POINT('',#2093);
#613=VERTEX_POINT('',#2095);
#614=VERTEX_POINT('',#2099);
#615=VERTEX_POINT('',#2101);
#616=VERTEX_POINT('',#2105);
#617=VERTEX_POINT('',#2107);
#618=VERTEX_POINT('',#2115);
#619=VERTEX_POINT('',#2116);
#620=VERTEX_POINT('',#2118);
#621=VERTEX_POINT('',#2120);
#622=VERTEX_POINT('',#2124);
#623=VERTEX_POINT('',#2126);
#624=VERTEX_POINT('',#2130);
#625=VERTEX_POINT('',#2132);
#626=VERTEX_POINT('',#2138);
#627=VERTEX_POINT('',#2139);
#628=VERTEX_POINT('',#2141);
#629=VERTEX_POINT('',#2144);
#630=VERTEX_POINT('',#2148);
#631=VERTEX_POINT('',#2152);
#632=VERTEX_POINT('',#2153);
#633=VERTEX_POINT('',#2155);
#634=VERTEX_POINT('',#2157);
#635=VERTEX_POINT('',#2174);
#636=VERTEX_POINT('',#2175);
#637=VERTEX_POINT('',#2177);
#638=VERTEX_POINT('',#2179);
#639=VERTEX_POINT('',#2181);
#640=VERTEX_POINT('',#2186);
#641=VERTEX_POINT('',#2188);
#642=VERTEX_POINT('',#2195);
#643=VERTEX_POINT('',#2196);
#644=VERTEX_POINT('',#2201);
#645=VERTEX_POINT('',#2207);
#646=VERTEX_POINT('',#2218);
#647=VERTEX_POINT('',#2219);
#648=VERTEX_POINT('',#2224);
#649=VERTEX_POINT('',#2230);
#650=VERTEX_POINT('',#2240);
#651=VERTEX_POINT('',#2241);
#652=VERTEX_POINT('',#2243);
#653=VERTEX_POINT('',#2245);
#654=VERTEX_POINT('',#2247);
#655=VERTEX_POINT('',#2249);
#656=VERTEX_POINT('',#2251);
#657=VERTEX_POINT('',#2253);
#658=VERTEX_POINT('',#2255);
#659=VERTEX_POINT('',#2257);
#660=EDGE_CURVE('',#525,#526,#193,.T.);
#661=EDGE_CURVE('',#527,#525,#194,.T.);
#662=EDGE_CURVE('',#527,#528,#195,.T.);
#663=EDGE_CURVE('',#528,#529,#177,.T.);
#664=EDGE_CURVE('',#529,#530,#196,.T.);
#665=EDGE_CURVE('',#530,#531,#178,.T.);
#666=EDGE_CURVE('',#531,#532,#197,.T.);
#667=EDGE_CURVE('',#532,#526,#179,.T.);
#668=EDGE_CURVE('',#533,#534,#198,.T.);
#669=EDGE_CURVE('',#533,#535,#199,.T.);
#670=EDGE_CURVE('',#536,#535,#200,.T.);
#671=EDGE_CURVE('',#534,#536,#201,.T.);
#672=EDGE_CURVE('',#537,#538,#180,.T.);
#673=EDGE_CURVE('',#534,#538,#181,.T.);
#674=EDGE_CURVE('',#526,#536,#182,.T.);
#675=EDGE_CURVE('',#537,#532,#202,.T.);
#676=EDGE_CURVE('',#539,#537,#203,.T.);
#677=EDGE_CURVE('',#539,#531,#204,.T.);
#678=EDGE_CURVE('',#540,#539,#183,.T.);
#679=EDGE_CURVE('',#540,#530,#205,.T.);
#680=EDGE_CURVE('',#541,#540,#206,.T.);
#681=EDGE_CURVE('',#541,#529,#207,.T.);
#682=EDGE_CURVE('',#542,#541,#184,.T.);
#683=EDGE_CURVE('',#542,#528,#208,.T.);
#684=EDGE_CURVE('',#543,#544,#209,.T.);
#685=EDGE_CURVE('',#543,#542,#210,.T.);
#686=EDGE_CURVE('',#545,#527,#211,.T.);
#687=EDGE_CURVE('',#544,#545,#212,.T.);
#688=EDGE_CURVE('',#544,#546,#185,.T.);
#689=EDGE_CURVE('',#547,#545,#186,.T.);
#690=EDGE_CURVE('',#546,#547,#213,.T.);
#691=EDGE_CURVE('',#548,#549,#214,.T.);
#692=EDGE_CURVE('',#550,#548,#215,.F.);
#693=EDGE_CURVE('',#551,#550,#216,.T.);
#694=EDGE_CURVE('',#549,#551,#217,.T.);
#695=EDGE_CURVE('',#549,#533,#187,.T.);
#696=EDGE_CURVE('',#535,#551,#188,.T.);
#697=EDGE_CURVE('',#538,#552,#218,.T.);
#698=EDGE_CURVE('',#552,#543,#219,.T.);
#699=EDGE_CURVE('',#553,#554,#220,.T.);
#700=EDGE_CURVE('',#554,#555,#221,.T.);
#701=EDGE_CURVE('',#555,#556,#222,.T.);
#702=EDGE_CURVE('',#556,#553,#223,.T.);
#703=EDGE_CURVE('',#557,#555,#224,.T.);
#704=EDGE_CURVE('',#558,#557,#225,.T.);
#705=EDGE_CURVE('',#559,#558,#226,.T.);
#706=EDGE_CURVE('',#560,#559,#227,.T.);
#707=EDGE_CURVE('',#560,#556,#228,.T.);
#708=EDGE_CURVE('',#554,#561,#229,.T.);
#709=EDGE_CURVE('',#557,#561,#230,.T.);
#710=EDGE_CURVE('',#561,#562,#231,.T.);
#711=EDGE_CURVE('',#562,#558,#232,.T.);
#712=EDGE_CURVE('',#563,#562,#233,.T.);
#713=EDGE_CURVE('',#559,#563,#234,.T.);
#714=EDGE_CURVE('',#564,#553,#235,.T.);
#715=EDGE_CURVE('',#563,#564,#236,.T.);
#716=EDGE_CURVE('',#564,#560,#237,.T.);
#717=EDGE_CURVE('',#565,#566,#238,.T.);
#718=EDGE_CURVE('',#566,#567,#239,.T.);
#719=EDGE_CURVE('',#567,#568,#240,.T.);
#720=EDGE_CURVE('',#568,#565,#241,.T.);
#721=EDGE_CURVE('',#569,#567,#242,.T.);
#722=EDGE_CURVE('',#570,#569,#243,.T.);
#723=EDGE_CURVE('',#571,#570,#244,.T.);
#724=EDGE_CURVE('',#572,#571,#245,.T.);
#725=EDGE_CURVE('',#572,#568,#246,.T.);
#726=EDGE_CURVE('',#566,#573,#247,.T.);
#727=EDGE_CURVE('',#569,#573,#248,.T.);
#728=EDGE_CURVE('',#573,#574,#249,.T.);
#729=EDGE_CURVE('',#574,#570,#250,.T.);
#730=EDGE_CURVE('',#575,#574,#251,.T.);
#731=EDGE_CURVE('',#571,#575,#252,.T.);
#732=EDGE_CURVE('',#576,#565,#253,.T.);
#733=EDGE_CURVE('',#575,#576,#254,.T.);
#734=EDGE_CURVE('',#576,#572,#255,.T.);
#735=EDGE_CURVE('',#546,#577,#256,.T.);
#736=EDGE_CURVE('',#578,#577,#257,.F.);
#737=EDGE_CURVE('',#543,#578,#258,.T.);
#738=EDGE_CURVE('',#579,#547,#259,.T.);
#739=EDGE_CURVE('',#577,#579,#260,.F.);
#740=EDGE_CURVE('',#580,#527,#261,.T.);
#741=EDGE_CURVE('',#580,#579,#262,.T.);
#742=EDGE_CURVE('',#581,#550,#263,.F.);
#743=EDGE_CURVE('',#526,#581,#264,.T.);
#744=EDGE_CURVE('',#582,#538,#265,.T.);
#745=EDGE_CURVE('',#582,#548,#266,.T.);
#746=EDGE_CURVE('',#578,#580,#267,.T.);
#747=EDGE_CURVE('',#581,#582,#268,.T.);
#748=EDGE_CURVE('',#583,#552,#269,.T.);
#749=EDGE_CURVE('',#584,#583,#270,.T.);
#750=EDGE_CURVE('',#585,#584,#271,.T.);
#751=EDGE_CURVE('',#586,#585,#272,.T.);
#752=EDGE_CURVE('',#525,#586,#273,.T.);
#753=EDGE_CURVE('',#587,#586,#274,.T.);
#754=EDGE_CURVE('',#587,#588,#275,.T.);
#755=EDGE_CURVE('',#588,#583,#276,.F.);
#756=EDGE_CURVE('',#589,#590,#189,.T.);
#757=EDGE_CURVE('',#590,#591,#277,.T.);
#758=EDGE_CURVE('',#591,#592,#190,.T.);
#759=EDGE_CURVE('',#592,#589,#278,.T.);
#760=EDGE_CURVE('',#591,#587,#279,.T.);
#761=EDGE_CURVE('',#593,#585,#280,.T.);
#762=EDGE_CURVE('',#592,#593,#281,.T.);
#763=EDGE_CURVE('',#590,#594,#282,.T.);
#764=EDGE_CURVE('',#595,#594,#283,.T.);
#765=EDGE_CURVE('',#595,#596,#284,.T.);
#766=EDGE_CURVE('',#596,#597,#285,.T.);
#767=EDGE_CURVE('',#597,#598,#286,.T.);
#768=EDGE_CURVE('',#598,#599,#287,.T.);
#769=EDGE_CURVE('',#599,#600,#288,.T.);
#770=EDGE_CURVE('',#601,#600,#289,.T.);
#771=EDGE_CURVE('',#588,#601,#290,.T.);
#772=EDGE_CURVE('',#600,#602,#191,.T.);
#773=EDGE_CURVE('',#602,#603,#291,.T.);
#774=EDGE_CURVE('',#603,#601,#192,.T.);
#775=EDGE_CURVE('',#604,#603,#292,.T.);
#776=EDGE_CURVE('',#604,#584,#293,.T.);
#777=EDGE_CURVE('',#593,#604,#294,.T.);
#778=EDGE_CURVE('',#605,#602,#295,.T.);
#779=EDGE_CURVE('',#605,#606,#296,.T.);
#780=EDGE_CURVE('',#606,#589,#297,.T.);
#781=EDGE_CURVE('',#607,#595,#298,.T.);
#782=EDGE_CURVE('',#594,#608,#299,.T.);
#783=EDGE_CURVE('',#608,#607,#300,.T.);
#784=EDGE_CURVE('',#606,#609,#301,.T.);
#785=EDGE_CURVE('',#609,#608,#302,.T.);
#786=EDGE_CURVE('',#610,#611,#303,.T.);
#787=EDGE_CURVE('',#610,#612,#304,.T.);
#788=EDGE_CURVE('',#612,#613,#305,.T.);
#789=EDGE_CURVE('',#611,#613,#306,.T.);
#790=EDGE_CURVE('',#614,#610,#307,.T.);
#791=EDGE_CURVE('',#614,#615,#308,.T.);
#792=EDGE_CURVE('',#615,#612,#309,.T.);
#793=EDGE_CURVE('',#616,#614,#310,.T.);
#794=EDGE_CURVE('',#616,#617,#311,.T.);
#795=EDGE_CURVE('',#617,#615,#312,.T.);
#796=EDGE_CURVE('',#611,#616,#313,.T.);
#797=EDGE_CURVE('',#613,#617,#314,.T.);
#798=EDGE_CURVE('',#618,#619,#315,.T.);
#799=EDGE_CURVE('',#619,#620,#316,.T.);
#800=EDGE_CURVE('',#620,#621,#317,.T.);
#801=EDGE_CURVE('',#618,#621,#318,.T.);
#802=EDGE_CURVE('',#622,#620,#319,.T.);
#803=EDGE_CURVE('',#623,#622,#320,.T.);
#804=EDGE_CURVE('',#621,#623,#321,.T.);
#805=EDGE_CURVE('',#624,#618,#322,.T.);
#806=EDGE_CURVE('',#625,#624,#323,.T.);
#807=EDGE_CURVE('',#619,#625,#324,.T.);
#808=EDGE_CURVE('',#625,#622,#325,.T.);
#809=EDGE_CURVE('',#626,#627,#326,.T.);
#810=EDGE_CURVE('',#628,#626,#327,.T.);
#811=EDGE_CURVE('',#628,#623,#328,.T.);
#812=EDGE_CURVE('',#624,#629,#329,.T.);
#813=EDGE_CURVE('',#627,#629,#330,.T.);
#814=EDGE_CURVE('',#630,#605,#331,.T.);
#815=EDGE_CURVE('',#609,#630,#332,.T.);
#816=EDGE_CURVE('',#631,#632,#333,.T.);
#817=EDGE_CURVE('',#631,#633,#334,.T.);
#818=EDGE_CURVE('',#633,#634,#335,.T.);
#819=EDGE_CURVE('',#632,#634,#336,.T.);
#820=EDGE_CURVE('',#634,#628,#337,.T.);
#821=EDGE_CURVE('',#629,#633,#338,.T.);
#822=EDGE_CURVE('',#598,#632,#339,.T.);
#823=EDGE_CURVE('',#599,#626,#340,.T.);
#824=EDGE_CURVE('',#597,#631,#341,.T.);
#825=EDGE_CURVE('',#627,#596,#342,.T.);
#826=EDGE_CURVE('',#630,#607,#343,.T.);
#827=EDGE_CURVE('',#635,#636,#344,.T.);
#828=EDGE_CURVE('',#636,#637,#345,.T.);
#829=EDGE_CURVE('',#637,#638,#346,.T.);
#830=EDGE_CURVE('',#638,#639,#15,.T.);
#831=EDGE_CURVE('',#639,#640,#347,.T.);
#832=EDGE_CURVE('',#640,#641,#16,.T.);
#833=EDGE_CURVE('',#641,#635,#348,.T.);
#834=EDGE_CURVE('',#642,#643,#17,.T.);
#835=EDGE_CURVE('',#643,#644,#18,.T.);
#836=EDGE_CURVE('',#644,#645,#19,.T.);
#837=EDGE_CURVE('',#645,#642,#20,.T.);
#838=EDGE_CURVE('',#646,#647,#21,.T.);
#839=EDGE_CURVE('',#647,#648,#22,.T.);
#840=EDGE_CURVE('',#648,#649,#23,.T.);
#841=EDGE_CURVE('',#649,#646,#24,.T.);
#842=EDGE_CURVE('',#650,#651,#349,.T.);
#843=EDGE_CURVE('',#651,#652,#350,.T.);
#844=EDGE_CURVE('',#652,#653,#351,.T.);
#845=EDGE_CURVE('',#653,#654,#352,.T.);
#846=EDGE_CURVE('',#654,#655,#353,.T.);
#847=EDGE_CURVE('',#655,#656,#354,.T.);
#848=EDGE_CURVE('',#656,#657,#355,.T.);
#849=EDGE_CURVE('',#657,#658,#356,.T.);
#850=EDGE_CURVE('',#658,#659,#357,.T.);
#851=EDGE_CURVE('',#659,#650,#358,.T.);
#852=ORIENTED_EDGE('',*,*,#660,.F.);
#853=ORIENTED_EDGE('',*,*,#661,.F.);
#854=ORIENTED_EDGE('',*,*,#662,.T.);
#855=ORIENTED_EDGE('',*,*,#663,.T.);
#856=ORIENTED_EDGE('',*,*,#664,.T.);
#857=ORIENTED_EDGE('',*,*,#665,.T.);
#858=ORIENTED_EDGE('',*,*,#666,.T.);
#859=ORIENTED_EDGE('',*,*,#667,.T.);
#860=ORIENTED_EDGE('',*,*,#668,.F.);
#861=ORIENTED_EDGE('',*,*,#669,.T.);
#862=ORIENTED_EDGE('',*,*,#670,.F.);
#863=ORIENTED_EDGE('',*,*,#671,.F.);
#864=ORIENTED_EDGE('',*,*,#672,.T.);
#865=ORIENTED_EDGE('',*,*,#673,.F.);
#866=ORIENTED_EDGE('',*,*,#671,.T.);
#867=ORIENTED_EDGE('',*,*,#674,.F.);
#868=ORIENTED_EDGE('',*,*,#667,.F.);
#869=ORIENTED_EDGE('',*,*,#675,.F.);
#870=ORIENTED_EDGE('',*,*,#676,.T.);
#871=ORIENTED_EDGE('',*,*,#675,.T.);
#872=ORIENTED_EDGE('',*,*,#666,.F.);
#873=ORIENTED_EDGE('',*,*,#677,.F.);
#874=ORIENTED_EDGE('',*,*,#678,.T.);
#875=ORIENTED_EDGE('',*,*,#677,.T.);
#876=ORIENTED_EDGE('',*,*,#665,.F.);
#877=ORIENTED_EDGE('',*,*,#679,.F.);
#878=ORIENTED_EDGE('',*,*,#680,.T.);
#879=ORIENTED_EDGE('',*,*,#679,.T.);
#880=ORIENTED_EDGE('',*,*,#664,.F.);
#881=ORIENTED_EDGE('',*,*,#681,.F.);
#882=ORIENTED_EDGE('',*,*,#682,.T.);
#883=ORIENTED_EDGE('',*,*,#681,.T.);
#884=ORIENTED_EDGE('',*,*,#663,.F.);
#885=ORIENTED_EDGE('',*,*,#683,.F.);
#886=ORIENTED_EDGE('',*,*,#684,.F.);
#887=ORIENTED_EDGE('',*,*,#685,.T.);
#888=ORIENTED_EDGE('',*,*,#683,.T.);
#889=ORIENTED_EDGE('',*,*,#662,.F.);
#890=ORIENTED_EDGE('',*,*,#686,.F.);
#891=ORIENTED_EDGE('',*,*,#687,.F.);
#892=ORIENTED_EDGE('',*,*,#688,.F.);
#893=ORIENTED_EDGE('',*,*,#687,.T.);
#894=ORIENTED_EDGE('',*,*,#689,.F.);
#895=ORIENTED_EDGE('',*,*,#690,.F.);
#896=ORIENTED_EDGE('',*,*,#691,.F.);
#897=ORIENTED_EDGE('',*,*,#692,.F.);
#898=ORIENTED_EDGE('',*,*,#693,.F.);
#899=ORIENTED_EDGE('',*,*,#694,.F.);
#900=ORIENTED_EDGE('',*,*,#695,.F.);
#901=ORIENTED_EDGE('',*,*,#694,.T.);
#902=ORIENTED_EDGE('',*,*,#696,.F.);
#903=ORIENTED_EDGE('',*,*,#669,.F.);
#904=ORIENTED_EDGE('',*,*,#697,.F.);
#905=ORIENTED_EDGE('',*,*,#672,.F.);
#906=ORIENTED_EDGE('',*,*,#676,.F.);
#907=ORIENTED_EDGE('',*,*,#678,.F.);
#908=ORIENTED_EDGE('',*,*,#680,.F.);
#909=ORIENTED_EDGE('',*,*,#682,.F.);
#910=ORIENTED_EDGE('',*,*,#685,.F.);
#911=ORIENTED_EDGE('',*,*,#698,.F.);
#912=ORIENTED_EDGE('',*,*,#699,.T.);
#913=ORIENTED_EDGE('',*,*,#700,.T.);
#914=ORIENTED_EDGE('',*,*,#701,.T.);
#915=ORIENTED_EDGE('',*,*,#702,.T.);
#916=ORIENTED_EDGE('',*,*,#701,.F.);
#917=ORIENTED_EDGE('',*,*,#703,.F.);
#918=ORIENTED_EDGE('',*,*,#704,.F.);
#919=ORIENTED_EDGE('',*,*,#705,.F.);
#920=ORIENTED_EDGE('',*,*,#706,.F.);
#921=ORIENTED_EDGE('',*,*,#707,.T.);
#922=ORIENTED_EDGE('',*,*,#700,.F.);
#923=ORIENTED_EDGE('',*,*,#708,.T.);
#924=ORIENTED_EDGE('',*,*,#709,.F.);
#925=ORIENTED_EDGE('',*,*,#703,.T.);
#926=ORIENTED_EDGE('',*,*,#704,.T.);
#927=ORIENTED_EDGE('',*,*,#709,.T.);
#928=ORIENTED_EDGE('',*,*,#710,.T.);
#929=ORIENTED_EDGE('',*,*,#711,.T.);
#930=ORIENTED_EDGE('',*,*,#711,.F.);
#931=ORIENTED_EDGE('',*,*,#712,.F.);
#932=ORIENTED_EDGE('',*,*,#713,.F.);
#933=ORIENTED_EDGE('',*,*,#705,.T.);
#934=ORIENTED_EDGE('',*,*,#699,.F.);
#935=ORIENTED_EDGE('',*,*,#714,.F.);
#936=ORIENTED_EDGE('',*,*,#715,.F.);
#937=ORIENTED_EDGE('',*,*,#712,.T.);
#938=ORIENTED_EDGE('',*,*,#710,.F.);
#939=ORIENTED_EDGE('',*,*,#708,.F.);
#940=ORIENTED_EDGE('',*,*,#702,.F.);
#941=ORIENTED_EDGE('',*,*,#707,.F.);
#942=ORIENTED_EDGE('',*,*,#716,.F.);
#943=ORIENTED_EDGE('',*,*,#714,.T.);
#944=ORIENTED_EDGE('',*,*,#717,.T.);
#945=ORIENTED_EDGE('',*,*,#718,.T.);
#946=ORIENTED_EDGE('',*,*,#719,.T.);
#947=ORIENTED_EDGE('',*,*,#720,.T.);
#948=ORIENTED_EDGE('',*,*,#719,.F.);
#949=ORIENTED_EDGE('',*,*,#721,.F.);
#950=ORIENTED_EDGE('',*,*,#722,.F.);
#951=ORIENTED_EDGE('',*,*,#723,.F.);
#952=ORIENTED_EDGE('',*,*,#724,.F.);
#953=ORIENTED_EDGE('',*,*,#725,.T.);
#954=ORIENTED_EDGE('',*,*,#718,.F.);
#955=ORIENTED_EDGE('',*,*,#726,.T.);
#956=ORIENTED_EDGE('',*,*,#727,.F.);
#957=ORIENTED_EDGE('',*,*,#721,.T.);
#958=ORIENTED_EDGE('',*,*,#722,.T.);
#959=ORIENTED_EDGE('',*,*,#727,.T.);
#960=ORIENTED_EDGE('',*,*,#728,.T.);
#961=ORIENTED_EDGE('',*,*,#729,.T.);
#962=ORIENTED_EDGE('',*,*,#729,.F.);
#963=ORIENTED_EDGE('',*,*,#730,.F.);
#964=ORIENTED_EDGE('',*,*,#731,.F.);
#965=ORIENTED_EDGE('',*,*,#723,.T.);
#966=ORIENTED_EDGE('',*,*,#717,.F.);
#967=ORIENTED_EDGE('',*,*,#732,.F.);
#968=ORIENTED_EDGE('',*,*,#733,.F.);
#969=ORIENTED_EDGE('',*,*,#730,.T.);
#970=ORIENTED_EDGE('',*,*,#728,.F.);
#971=ORIENTED_EDGE('',*,*,#726,.F.);
#972=ORIENTED_EDGE('',*,*,#720,.F.);
#973=ORIENTED_EDGE('',*,*,#725,.F.);
#974=ORIENTED_EDGE('',*,*,#734,.F.);
#975=ORIENTED_EDGE('',*,*,#732,.T.);
#976=ORIENTED_EDGE('',*,*,#684,.T.);
#977=ORIENTED_EDGE('',*,*,#688,.T.);
#978=ORIENTED_EDGE('',*,*,#735,.T.);
#979=ORIENTED_EDGE('',*,*,#736,.F.);
#980=ORIENTED_EDGE('',*,*,#737,.F.);
#981=ORIENTED_EDGE('',*,*,#690,.T.);
#982=ORIENTED_EDGE('',*,*,#738,.F.);
#983=ORIENTED_EDGE('',*,*,#739,.F.);
#984=ORIENTED_EDGE('',*,*,#735,.F.);
#985=ORIENTED_EDGE('',*,*,#689,.T.);
#986=ORIENTED_EDGE('',*,*,#686,.T.);
#987=ORIENTED_EDGE('',*,*,#740,.F.);
#988=ORIENTED_EDGE('',*,*,#741,.T.);
#989=ORIENTED_EDGE('',*,*,#738,.T.);
#990=ORIENTED_EDGE('',*,*,#674,.T.);
#991=ORIENTED_EDGE('',*,*,#670,.T.);
#992=ORIENTED_EDGE('',*,*,#696,.T.);
#993=ORIENTED_EDGE('',*,*,#693,.T.);
#994=ORIENTED_EDGE('',*,*,#742,.F.);
#995=ORIENTED_EDGE('',*,*,#743,.F.);
#996=ORIENTED_EDGE('',*,*,#673,.T.);
#997=ORIENTED_EDGE('',*,*,#744,.F.);
#998=ORIENTED_EDGE('',*,*,#745,.T.);
#999=ORIENTED_EDGE('',*,*,#691,.T.);
#1000=ORIENTED_EDGE('',*,*,#695,.T.);
#1001=ORIENTED_EDGE('',*,*,#668,.T.);
#1002=ORIENTED_EDGE('',*,*,#746,.F.);
#1003=ORIENTED_EDGE('',*,*,#736,.T.);
#1004=ORIENTED_EDGE('',*,*,#739,.T.);
#1005=ORIENTED_EDGE('',*,*,#741,.F.);
#1006=ORIENTED_EDGE('',*,*,#747,.F.);
#1007=ORIENTED_EDGE('',*,*,#742,.T.);
#1008=ORIENTED_EDGE('',*,*,#692,.T.);
#1009=ORIENTED_EDGE('',*,*,#745,.F.);
#1010=ORIENTED_EDGE('',*,*,#660,.T.);
#1011=ORIENTED_EDGE('',*,*,#743,.T.);
#1012=ORIENTED_EDGE('',*,*,#747,.T.);
#1013=ORIENTED_EDGE('',*,*,#744,.T.);
#1014=ORIENTED_EDGE('',*,*,#697,.T.);
#1015=ORIENTED_EDGE('',*,*,#748,.F.);
#1016=ORIENTED_EDGE('',*,*,#749,.F.);
#1017=ORIENTED_EDGE('',*,*,#750,.F.);
#1018=ORIENTED_EDGE('',*,*,#751,.F.);
#1019=ORIENTED_EDGE('',*,*,#752,.F.);
#1020=ORIENTED_EDGE('',*,*,#740,.T.);
#1021=ORIENTED_EDGE('',*,*,#661,.T.);
#1022=ORIENTED_EDGE('',*,*,#752,.T.);
#1023=ORIENTED_EDGE('',*,*,#753,.F.);
#1024=ORIENTED_EDGE('',*,*,#754,.T.);
#1025=ORIENTED_EDGE('',*,*,#755,.T.);
#1026=ORIENTED_EDGE('',*,*,#748,.T.);
#1027=ORIENTED_EDGE('',*,*,#698,.T.);
#1028=ORIENTED_EDGE('',*,*,#737,.T.);
#1029=ORIENTED_EDGE('',*,*,#746,.T.);
#1030=ORIENTED_EDGE('',*,*,#756,.T.);
#1031=ORIENTED_EDGE('',*,*,#757,.T.);
#1032=ORIENTED_EDGE('',*,*,#758,.T.);
#1033=ORIENTED_EDGE('',*,*,#759,.T.);
#1034=ORIENTED_EDGE('',*,*,#758,.F.);
#1035=ORIENTED_EDGE('',*,*,#760,.T.);
#1036=ORIENTED_EDGE('',*,*,#753,.T.);
#1037=ORIENTED_EDGE('',*,*,#751,.T.);
#1038=ORIENTED_EDGE('',*,*,#761,.F.);
#1039=ORIENTED_EDGE('',*,*,#762,.F.);
#1040=ORIENTED_EDGE('',*,*,#760,.F.);
#1041=ORIENTED_EDGE('',*,*,#757,.F.);
#1042=ORIENTED_EDGE('',*,*,#763,.T.);
#1043=ORIENTED_EDGE('',*,*,#764,.F.);
#1044=ORIENTED_EDGE('',*,*,#765,.T.);
#1045=ORIENTED_EDGE('',*,*,#766,.T.);
#1046=ORIENTED_EDGE('',*,*,#767,.T.);
#1047=ORIENTED_EDGE('',*,*,#768,.T.);
#1048=ORIENTED_EDGE('',*,*,#769,.T.);
#1049=ORIENTED_EDGE('',*,*,#770,.F.);
#1050=ORIENTED_EDGE('',*,*,#771,.F.);
#1051=ORIENTED_EDGE('',*,*,#754,.F.);
#1052=ORIENTED_EDGE('',*,*,#772,.T.);
#1053=ORIENTED_EDGE('',*,*,#773,.T.);
#1054=ORIENTED_EDGE('',*,*,#774,.T.);
#1055=ORIENTED_EDGE('',*,*,#770,.T.);
#1056=ORIENTED_EDGE('',*,*,#774,.F.);
#1057=ORIENTED_EDGE('',*,*,#775,.F.);
#1058=ORIENTED_EDGE('',*,*,#776,.T.);
#1059=ORIENTED_EDGE('',*,*,#749,.T.);
#1060=ORIENTED_EDGE('',*,*,#755,.F.);
#1061=ORIENTED_EDGE('',*,*,#771,.T.);
#1062=ORIENTED_EDGE('',*,*,#777,.F.);
#1063=ORIENTED_EDGE('',*,*,#761,.T.);
#1064=ORIENTED_EDGE('',*,*,#750,.T.);
#1065=ORIENTED_EDGE('',*,*,#776,.F.);
#1066=ORIENTED_EDGE('',*,*,#759,.F.);
#1067=ORIENTED_EDGE('',*,*,#762,.T.);
#1068=ORIENTED_EDGE('',*,*,#777,.T.);
#1069=ORIENTED_EDGE('',*,*,#775,.T.);
#1070=ORIENTED_EDGE('',*,*,#773,.F.);
#1071=ORIENTED_EDGE('',*,*,#778,.F.);
#1072=ORIENTED_EDGE('',*,*,#779,.T.);
#1073=ORIENTED_EDGE('',*,*,#780,.T.);
#1074=ORIENTED_EDGE('',*,*,#781,.T.);
#1075=ORIENTED_EDGE('',*,*,#764,.T.);
#1076=ORIENTED_EDGE('',*,*,#782,.T.);
#1077=ORIENTED_EDGE('',*,*,#783,.T.);
#1078=ORIENTED_EDGE('',*,*,#756,.F.);
#1079=ORIENTED_EDGE('',*,*,#780,.F.);
#1080=ORIENTED_EDGE('',*,*,#784,.T.);
#1081=ORIENTED_EDGE('',*,*,#785,.T.);
#1082=ORIENTED_EDGE('',*,*,#782,.F.);
#1083=ORIENTED_EDGE('',*,*,#763,.F.);
#1084=ORIENTED_EDGE('',*,*,#786,.F.);
#1085=ORIENTED_EDGE('',*,*,#787,.T.);
#1086=ORIENTED_EDGE('',*,*,#788,.T.);
#1087=ORIENTED_EDGE('',*,*,#789,.F.);
#1088=ORIENTED_EDGE('',*,*,#790,.F.);
#1089=ORIENTED_EDGE('',*,*,#791,.T.);
#1090=ORIENTED_EDGE('',*,*,#792,.T.);
#1091=ORIENTED_EDGE('',*,*,#787,.F.);
#1092=ORIENTED_EDGE('',*,*,#793,.F.);
#1093=ORIENTED_EDGE('',*,*,#794,.T.);
#1094=ORIENTED_EDGE('',*,*,#795,.T.);
#1095=ORIENTED_EDGE('',*,*,#791,.F.);
#1096=ORIENTED_EDGE('',*,*,#796,.F.);
#1097=ORIENTED_EDGE('',*,*,#789,.T.);
#1098=ORIENTED_EDGE('',*,*,#797,.T.);
#1099=ORIENTED_EDGE('',*,*,#794,.F.);
#1100=ORIENTED_EDGE('',*,*,#797,.F.);
#1101=ORIENTED_EDGE('',*,*,#788,.F.);
#1102=ORIENTED_EDGE('',*,*,#792,.F.);
#1103=ORIENTED_EDGE('',*,*,#795,.F.);
#1104=ORIENTED_EDGE('',*,*,#706,.T.);
#1105=ORIENTED_EDGE('',*,*,#713,.T.);
#1106=ORIENTED_EDGE('',*,*,#715,.T.);
#1107=ORIENTED_EDGE('',*,*,#716,.T.);
#1108=ORIENTED_EDGE('',*,*,#724,.T.);
#1109=ORIENTED_EDGE('',*,*,#731,.T.);
#1110=ORIENTED_EDGE('',*,*,#733,.T.);
#1111=ORIENTED_EDGE('',*,*,#734,.T.);
#1112=ORIENTED_EDGE('',*,*,#798,.T.);
#1113=ORIENTED_EDGE('',*,*,#799,.T.);
#1114=ORIENTED_EDGE('',*,*,#800,.T.);
#1115=ORIENTED_EDGE('',*,*,#801,.F.);
#1116=ORIENTED_EDGE('',*,*,#800,.F.);
#1117=ORIENTED_EDGE('',*,*,#802,.F.);
#1118=ORIENTED_EDGE('',*,*,#803,.F.);
#1119=ORIENTED_EDGE('',*,*,#804,.F.);
#1120=ORIENTED_EDGE('',*,*,#798,.F.);
#1121=ORIENTED_EDGE('',*,*,#805,.F.);
#1122=ORIENTED_EDGE('',*,*,#806,.F.);
#1123=ORIENTED_EDGE('',*,*,#807,.F.);
#1124=ORIENTED_EDGE('',*,*,#799,.F.);
#1125=ORIENTED_EDGE('',*,*,#807,.T.);
#1126=ORIENTED_EDGE('',*,*,#808,.T.);
#1127=ORIENTED_EDGE('',*,*,#802,.T.);
#1128=ORIENTED_EDGE('',*,*,#809,.F.);
#1129=ORIENTED_EDGE('',*,*,#810,.F.);
#1130=ORIENTED_EDGE('',*,*,#811,.T.);
#1131=ORIENTED_EDGE('',*,*,#803,.T.);
#1132=ORIENTED_EDGE('',*,*,#808,.F.);
#1133=ORIENTED_EDGE('',*,*,#806,.T.);
#1134=ORIENTED_EDGE('',*,*,#812,.T.);
#1135=ORIENTED_EDGE('',*,*,#813,.F.);
#1136=ORIENTED_EDGE('',*,*,#779,.F.);
#1137=ORIENTED_EDGE('',*,*,#814,.F.);
#1138=ORIENTED_EDGE('',*,*,#815,.F.);
#1139=ORIENTED_EDGE('',*,*,#784,.F.);
#1140=ORIENTED_EDGE('',*,*,#786,.T.);
#1141=ORIENTED_EDGE('',*,*,#796,.T.);
#1142=ORIENTED_EDGE('',*,*,#793,.T.);
#1143=ORIENTED_EDGE('',*,*,#790,.T.);
#1144=ORIENTED_EDGE('',*,*,#816,.F.);
#1145=ORIENTED_EDGE('',*,*,#817,.T.);
#1146=ORIENTED_EDGE('',*,*,#818,.T.);
#1147=ORIENTED_EDGE('',*,*,#819,.F.);
#1148=ORIENTED_EDGE('',*,*,#804,.T.);
#1149=ORIENTED_EDGE('',*,*,#811,.F.);
#1150=ORIENTED_EDGE('',*,*,#820,.F.);
#1151=ORIENTED_EDGE('',*,*,#818,.F.);
#1152=ORIENTED_EDGE('',*,*,#821,.F.);
#1153=ORIENTED_EDGE('',*,*,#812,.F.);
#1154=ORIENTED_EDGE('',*,*,#805,.T.);
#1155=ORIENTED_EDGE('',*,*,#801,.T.);
#1156=ORIENTED_EDGE('',*,*,#768,.F.);
#1157=ORIENTED_EDGE('',*,*,#822,.T.);
#1158=ORIENTED_EDGE('',*,*,#819,.T.);
#1159=ORIENTED_EDGE('',*,*,#820,.T.);
#1160=ORIENTED_EDGE('',*,*,#810,.T.);
#1161=ORIENTED_EDGE('',*,*,#823,.F.);
#1162=ORIENTED_EDGE('',*,*,#816,.T.);
#1163=ORIENTED_EDGE('',*,*,#822,.F.);
#1164=ORIENTED_EDGE('',*,*,#767,.F.);
#1165=ORIENTED_EDGE('',*,*,#824,.T.);
#1166=ORIENTED_EDGE('',*,*,#766,.F.);
#1167=ORIENTED_EDGE('',*,*,#825,.F.);
#1168=ORIENTED_EDGE('',*,*,#813,.T.);
#1169=ORIENTED_EDGE('',*,*,#821,.T.);
#1170=ORIENTED_EDGE('',*,*,#817,.F.);
#1171=ORIENTED_EDGE('',*,*,#824,.F.);
#1172=ORIENTED_EDGE('',*,*,#772,.F.);
#1173=ORIENTED_EDGE('',*,*,#769,.F.);
#1174=ORIENTED_EDGE('',*,*,#823,.T.);
#1175=ORIENTED_EDGE('',*,*,#809,.T.);
#1176=ORIENTED_EDGE('',*,*,#825,.T.);
#1177=ORIENTED_EDGE('',*,*,#765,.F.);
#1178=ORIENTED_EDGE('',*,*,#781,.F.);
#1179=ORIENTED_EDGE('',*,*,#826,.F.);
#1180=ORIENTED_EDGE('',*,*,#814,.T.);
#1181=ORIENTED_EDGE('',*,*,#778,.T.);
#1182=ORIENTED_EDGE('',*,*,#783,.F.);
#1183=ORIENTED_EDGE('',*,*,#785,.F.);
#1184=ORIENTED_EDGE('',*,*,#815,.T.);
#1185=ORIENTED_EDGE('',*,*,#826,.T.);
#1186=ORIENTED_EDGE('',*,*,#827,.T.);
#1187=ORIENTED_EDGE('',*,*,#828,.T.);
#1188=ORIENTED_EDGE('',*,*,#829,.T.);
#1189=ORIENTED_EDGE('',*,*,#830,.T.);
#1190=ORIENTED_EDGE('',*,*,#831,.T.);
#1191=ORIENTED_EDGE('',*,*,#832,.T.);
#1192=ORIENTED_EDGE('',*,*,#833,.T.);
#1193=ORIENTED_EDGE('',*,*,#834,.T.);
#1194=ORIENTED_EDGE('',*,*,#835,.T.);
#1195=ORIENTED_EDGE('',*,*,#836,.T.);
#1196=ORIENTED_EDGE('',*,*,#837,.T.);
#1197=ORIENTED_EDGE('',*,*,#838,.T.);
#1198=ORIENTED_EDGE('',*,*,#839,.T.);
#1199=ORIENTED_EDGE('',*,*,#840,.T.);
#1200=ORIENTED_EDGE('',*,*,#841,.T.);
#1201=ORIENTED_EDGE('',*,*,#842,.T.);
#1202=ORIENTED_EDGE('',*,*,#843,.T.);
#1203=ORIENTED_EDGE('',*,*,#844,.T.);
#1204=ORIENTED_EDGE('',*,*,#845,.T.);
#1205=ORIENTED_EDGE('',*,*,#846,.T.);
#1206=ORIENTED_EDGE('',*,*,#847,.T.);
#1207=ORIENTED_EDGE('',*,*,#848,.T.);
#1208=ORIENTED_EDGE('',*,*,#849,.T.);
#1209=ORIENTED_EDGE('',*,*,#850,.T.);
#1210=ORIENTED_EDGE('',*,*,#851,.T.);
#1211=PLANE('',#1422);
#1212=PLANE('',#1426);
#1213=PLANE('',#1431);
#1214=PLANE('',#1434);
#1215=PLANE('',#1437);
#1216=PLANE('',#1441);
#1217=PLANE('',#1445);
#1218=PLANE('',#1446);
#1219=PLANE('',#1447);
#1220=PLANE('',#1448);
#1221=PLANE('',#1449);
#1222=PLANE('',#1450);
#1223=PLANE('',#1451);
#1224=PLANE('',#1452);
#1225=PLANE('',#1453);
#1226=PLANE('',#1454);
#1227=PLANE('',#1455);
#1228=PLANE('',#1456);
#1229=PLANE('',#1457);
#1230=PLANE('',#1458);
#1231=PLANE('',#1459);
#1232=PLANE('',#1460);
#1233=PLANE('',#1461);
#1234=PLANE('',#1462);
#1235=PLANE('',#1463);
#1236=PLANE('',#1464);
#1237=PLANE('',#1465);
#1238=PLANE('',#1466);
#1239=PLANE('',#1467);
#1240=PLANE('',#1468);
#1241=PLANE('',#1472);
#1242=PLANE('',#1473);
#1243=PLANE('',#1477);
#1244=PLANE('',#1478);
#1245=PLANE('',#1479);
#1246=PLANE('',#1480);
#1247=PLANE('',#1481);
#1248=PLANE('',#1482);
#1249=PLANE('',#1483);
#1250=PLANE('',#1484);
#1251=PLANE('',#1485);
#1252=PLANE('',#1486);
#1253=PLANE('',#1487);
#1254=PLANE('',#1488);
#1255=PLANE('',#1489);
#1256=PLANE('',#1490);
#1257=PLANE('',#1491);
#1258=PLANE('',#1492);
#1259=PLANE('',#1493);
#1260=PLANE('',#1494);
#1261=PLANE('',#1495);
#1262=PLANE('',#1496);
#1263=PLANE('',#1497);
#1264=PLANE('',#1498);
#1265=PLANE('',#1499);
#1266=PLANE('',#1500);
#1267=PLANE('',#1501);
#1268=PLANE('',#1502);
#1269=STYLED_ITEM('',(#2280),#1334);
#1270=STYLED_ITEM('',(#2280),#1335);
#1271=STYLED_ITEM('',(#2280),#1336);
#1272=STYLED_ITEM('',(#2280),#1337);
#1273=STYLED_ITEM('',(#2280),#1338);
#1274=STYLED_ITEM('',(#2280),#1339);
#1275=STYLED_ITEM('',(#2280),#1340);
#1276=STYLED_ITEM('',(#2280),#1341);
#1277=STYLED_ITEM('',(#2280),#1342);
#1278=STYLED_ITEM('',(#2280),#1343);
#1279=STYLED_ITEM('',(#2280),#1344);
#1280=STYLED_ITEM('',(#2280),#1345);
#1281=STYLED_ITEM('',(#2281),#1346);
#1282=STYLED_ITEM('',(#2281),#1347);
#1283=STYLED_ITEM('',(#2281),#1348);
#1284=STYLED_ITEM('',(#2281),#1349);
#1285=STYLED_ITEM('',(#2281),#1350);
#1286=STYLED_ITEM('',(#2281),#1351);
#1287=STYLED_ITEM('',(#2281),#1352);
#1288=STYLED_ITEM('',(#2281),#1353);
#1289=STYLED_ITEM('',(#2281),#1354);
#1290=STYLED_ITEM('',(#2281),#1355);
#1291=STYLED_ITEM('',(#2281),#1356);
#1292=STYLED_ITEM('',(#2281),#1357);
#1293=STYLED_ITEM('',(#2281),#1358);
#1294=STYLED_ITEM('',(#2281),#1359);
#1295=STYLED_ITEM('',(#2282),#1360);
#1296=STYLED_ITEM('',(#2282),#1362);
#1297=STYLED_ITEM('',(#2282),#1363);
#1298=STYLED_ITEM('',(#2282),#1364);
#1299=STYLED_ITEM('',(#2282),#1365);
#1300=STYLED_ITEM('',(#2282),#1366);
#1301=STYLED_ITEM('',(#2282),#1367);
#1302=STYLED_ITEM('',(#2282),#1368);
#1303=STYLED_ITEM('',(#2282),#1369);
#1304=STYLED_ITEM('',(#2282),#1370);
#1305=STYLED_ITEM('',(#2282),#1371);
#1306=STYLED_ITEM('',(#2282),#1372);
#1307=STYLED_ITEM('',(#2282),#1373);
#1308=STYLED_ITEM('',(#2282),#1374);
#1309=STYLED_ITEM('',(#2282),#1375);
#1310=STYLED_ITEM('',(#2282),#1376);
#1311=STYLED_ITEM('',(#2282),#1377);
#1312=STYLED_ITEM('',(#2282),#1378);
#1313=STYLED_ITEM('',(#2282),#1379);
#1314=STYLED_ITEM('',(#2282),#1380);
#1315=STYLED_ITEM('',(#2282),#1381);
#1316=STYLED_ITEM('',(#2283),#1382);
#1317=STYLED_ITEM('',(#2283),#1383);
#1318=STYLED_ITEM('',(#2283),#1384);
#1319=STYLED_ITEM('',(#2283),#1385);
#1320=STYLED_ITEM('',(#2283),#1386);
#1321=STYLED_ITEM('',(#2282),#1387);
#1322=STYLED_ITEM('',(#2282),#1388);
#1323=STYLED_ITEM('',(#2282),#1389);
#1324=STYLED_ITEM('',(#2283),#1390);
#1325=STYLED_ITEM('',(#2282),#1391);
#1326=STYLED_ITEM('',(#2282),#1392);
#1327=STYLED_ITEM('',(#2282),#1393);
#1328=STYLED_ITEM('',(#2282),#1394);
#1329=STYLED_ITEM('',(#2282),#1395);
#1330=STYLED_ITEM('',(#2279),#31);
#1331=STYLED_ITEM('',(#2280),#1396);
#1332=STYLED_ITEM('',(#2280),#1397);
#1333=STYLED_ITEM('',(#2280),#1398);
#1334=ADVANCED_FACE('',(#43),#1211,.T.);
#1335=ADVANCED_FACE('',(#44),#1212,.T.);
#1336=ADVANCED_FACE('',(#45),#36,.F.);
#1337=ADVANCED_FACE('',(#46),#1213,.T.);
#1338=ADVANCED_FACE('',(#47),#37,.T.);
#1339=ADVANCED_FACE('',(#48),#1214,.T.);
#1340=ADVANCED_FACE('',(#49),#38,.T.);
#1341=ADVANCED_FACE('',(#50),#1215,.T.);
#1342=ADVANCED_FACE('',(#51),#39,.T.);
#1343=ADVANCED_FACE('',(#52),#1216,.T.);
#1344=ADVANCED_FACE('',(#53),#40,.T.);
#1345=ADVANCED_FACE('',(#54),#1217,.F.);
#1346=ADVANCED_FACE('',(#55),#1218,.T.);
#1347=ADVANCED_FACE('',(#56),#1219,.T.);
#1348=ADVANCED_FACE('',(#57),#1220,.T.);
#1349=ADVANCED_FACE('',(#58),#1221,.T.);
#1350=ADVANCED_FACE('',(#59),#1222,.T.);
#1351=ADVANCED_FACE('',(#60),#1223,.T.);
#1352=ADVANCED_FACE('',(#61),#1224,.T.);
#1353=ADVANCED_FACE('',(#62),#1225,.T.);
#1354=ADVANCED_FACE('',(#63),#1226,.T.);
#1355=ADVANCED_FACE('',(#64),#1227,.T.);
#1356=ADVANCED_FACE('',(#65),#1228,.T.);
#1357=ADVANCED_FACE('',(#66),#1229,.T.);
#1358=ADVANCED_FACE('',(#67),#1230,.T.);
#1359=ADVANCED_FACE('',(#68),#1231,.T.);
#1360=ADVANCED_FACE('',(#69),#1232,.F.);
#1361=ADVANCED_FACE('',(#70),#1233,.F.);
#1362=ADVANCED_FACE('',(#71),#1234,.F.);
#1363=ADVANCED_FACE('',(#72),#1235,.F.);
#1364=ADVANCED_FACE('',(#73),#1236,.F.);
#1365=ADVANCED_FACE('',(#74),#1237,.F.);
#1366=ADVANCED_FACE('',(#75),#1238,.F.);
#1367=ADVANCED_FACE('',(#76),#1239,.F.);
#1368=ADVANCED_FACE('',(#77),#1240,.T.);
#1369=ADVANCED_FACE('',(#78),#41,.T.);
#1370=ADVANCED_FACE('',(#79),#1241,.F.);
#1371=ADVANCED_FACE('',(#80),#1242,.T.);
#1372=ADVANCED_FACE('',(#81),#42,.T.);
#1373=ADVANCED_FACE('',(#82),#1243,.F.);
#1374=ADVANCED_FACE('',(#83),#1244,.F.);
#1375=ADVANCED_FACE('',(#84),#1245,.T.);
#1376=ADVANCED_FACE('',(#85),#1246,.T.);
#1377=ADVANCED_FACE('',(#86),#1247,.T.);
#1378=ADVANCED_FACE('',(#87),#1248,.F.);
#1379=ADVANCED_FACE('',(#88),#1249,.F.);
#1380=ADVANCED_FACE('',(#89),#1250,.F.);
#1381=ADVANCED_FACE('',(#90),#1251,.F.);
#1382=ADVANCED_FACE('',(#91,#32,#33),#1252,.F.);
#1383=ADVANCED_FACE('',(#92),#1253,.T.);
#1384=ADVANCED_FACE('',(#93),#1254,.T.);
#1385=ADVANCED_FACE('',(#94),#1255,.T.);
#1386=ADVANCED_FACE('',(#95),#1256,.F.);
#1387=ADVANCED_FACE('',(#96),#1257,.F.);
#1388=ADVANCED_FACE('',(#97,#34),#1258,.F.);
#1389=ADVANCED_FACE('',(#98),#1259,.F.);
#1390=ADVANCED_FACE('',(#99),#1260,.F.);
#1391=ADVANCED_FACE('',(#100),#1261,.F.);
#1392=ADVANCED_FACE('',(#101),#1262,.F.);
#1393=ADVANCED_FACE('',(#102),#1263,.F.);
#1394=ADVANCED_FACE('',(#103),#1264,.T.);
#1395=ADVANCED_FACE('',(#104),#1265,.T.);
#1396=ADVANCED_FACE('',(#105),#1266,.T.);
#1397=ADVANCED_FACE('',(#106,#35),#1267,.F.);
#1398=ADVANCED_FACE('',(#107),#1268,.T.);
#1399=CLOSED_SHELL('',(#1334,#1335,#1336,#1337,#1338,#1339,#1340,#1341,
#1342,#1343,#1344,#1345,#1346,#1347,#1348,#1349,#1350,#1351,#1352,#1353,
#1354,#1355,#1356,#1357,#1358,#1359,#1360,#1361,#1362,#1363,#1364,#1365,
#1366,#1367,#1368,#1369,#1370,#1371,#1372,#1373,#1374,#1375,#1376,#1377,
#1378,#1379,#1380,#1381,#1382,#1383,#1384,#1385,#1386,#1387,#1388,#1389,
#1390,#1391,#1392,#1393,#1394,#1395));
#1400=DERIVED_UNIT_ELEMENT(#1403,1.);
#1401=DERIVED_UNIT_ELEMENT(#2265,-3.);
#1402=DIMENSIONAL_EXPONENTS(1.,0.,0.,0.,0.,0.,0.);
#1403=(
CONVERSION_BASED_UNIT('gram',#1405)
MASS_UNIT()
NAMED_UNIT(#1402)
);
#1404=(
MASS_UNIT()
NAMED_UNIT(*)
SI_UNIT(.KILO.,.GRAM.)
);
#1405=MASS_MEASURE_WITH_UNIT(MASS_MEASURE(0.001),#1404);
#1406=DERIVED_UNIT((#1400,#1401));
#1407=MEASURE_REPRESENTATION_ITEM('density measure',
POSITIVE_RATIO_MEASURE(1.),#1406);
#1408=PROPERTY_DEFINITION_REPRESENTATION(#1413,#1410);
#1409=PROPERTY_DEFINITION_REPRESENTATION(#1414,#1411);
#1410=REPRESENTATION('material name',(#1412),#2262);
#1411=REPRESENTATION('density',(#1407),#2262);
#1412=DESCRIPTIVE_REPRESENTATION_ITEM('Generic','Generic');
#1413=PROPERTY_DEFINITION('material property','material name',#2272);
#1414=PROPERTY_DEFINITION('material property','density of part',#2272);
#1415=DATE_TIME_ROLE('creation_date');
#1416=APPLIED_DATE_AND_TIME_ASSIGNMENT(#1417,#1415,(#2272));
#1417=DATE_AND_TIME(#1418,#1419);
#1418=CALENDAR_DATE(2024,1,2);
#1419=LOCAL_TIME(0,0,0.,#1420);
#1420=COORDINATED_UNIVERSAL_TIME_OFFSET(0,0,.BEHIND.);
#1421=AXIS2_PLACEMENT_3D('placement',#1833,#1503,#1504);
#1422=AXIS2_PLACEMENT_3D('',#1834,#1505,#1506);
#1423=AXIS2_PLACEMENT_3D('',#1843,#1510,#1511);
#1424=AXIS2_PLACEMENT_3D('',#1847,#1513,#1514);
#1425=AXIS2_PLACEMENT_3D('',#1850,#1516,#1517);
#1426=AXIS2_PLACEMENT_3D('',#1851,#1518,#1519);
#1427=AXIS2_PLACEMENT_3D('',#1860,#1524,#1525);
#1428=AXIS2_PLACEMENT_3D('',#1863,#1526,#1527);
#1429=AXIS2_PLACEMENT_3D('',#1864,#1528,#1529);
#1430=AXIS2_PLACEMENT_3D('',#1865,#1530,#1531);
#1431=AXIS2_PLACEMENT_3D('',#1867,#1533,#1534);
#1432=AXIS2_PLACEMENT_3D('',#1871,#1537,#1538);
#1433=AXIS2_PLACEMENT_3D('',#1873,#1539,#1540);
#1434=AXIS2_PLACEMENT_3D('',#1875,#1542,#1543);
#1435=AXIS2_PLACEMENT_3D('',#1879,#1546,#1547);
#1436=AXIS2_PLACEMENT_3D('',#1881,#1548,#1549);
#1437=AXIS2_PLACEMENT_3D('',#1883,#1551,#1552);
#1438=AXIS2_PLACEMENT_3D('',#1891,#1557,#1558);
#1439=AXIS2_PLACEMENT_3D('',#1893,#1559,#1560);
#1440=AXIS2_PLACEMENT_3D('',#1895,#1561,#1562);
#1441=AXIS2_PLACEMENT_3D('',#1897,#1564,#1565);
#1442=AXIS2_PLACEMENT_3D('',#1906,#1570,#1571);
#1443=AXIS2_PLACEMENT_3D('',#1907,#1572,#1573);
#1444=AXIS2_PLACEMENT_3D('',#1908,#1574,#1575);
#1445=AXIS2_PLACEMENT_3D('',#1909,#1576,#1577);
#1446=AXIS2_PLACEMENT_3D('',#1913,#1580,#1581);
#1447=AXIS2_PLACEMENT_3D('',#1922,#1586,#1587);
#1448=AXIS2_PLACEMENT_3D('',#1932,#1593,#1594);
#1449=AXIS2_PLACEMENT_3D('',#1936,#1597,#1598);
#1450=AXIS2_PLACEMENT_3D('',#1940,#1601,#1602);
#1451=AXIS2_PLACEMENT_3D('',#1944,#1605,#1606);
#1452=AXIS2_PLACEMENT_3D('',#1948,#1609,#1610);
#1453=AXIS2_PLACEMENT_3D('',#1950,#1612,#1613);
#1454=AXIS2_PLACEMENT_3D('',#1959,#1618,#1619);
#1455=AXIS2_PLACEMENT_3D('',#1969,#1625,#1626);
#1456=AXIS2_PLACEMENT_3D('',#1973,#1629,#1630);
#1457=AXIS2_PLACEMENT_3D('',#1977,#1633,#1634);
#1458=AXIS2_PLACEMENT_3D('',#1981,#1637,#1638);
#1459=AXIS2_PLACEMENT_3D('',#1985,#1641,#1642);
#1460=AXIS2_PLACEMENT_3D('',#1987,#1644,#1645);
#1461=AXIS2_PLACEMENT_3D('',#1993,#1649,#1650);
#1462=AXIS2_PLACEMENT_3D('',#1997,#1653,#1654);
#1463=AXIS2_PLACEMENT_3D('',#2001,#1657,#1658);
#1464=AXIS2_PLACEMENT_3D('',#2005,#1661,#1662);
#1465=AXIS2_PLACEMENT_3D('',#2009,#1665,#1666);
#1466=AXIS2_PLACEMENT_3D('',#2011,#1668,#1669);
#1467=AXIS2_PLACEMENT_3D('',#2013,#1671,#1672);
#1468=AXIS2_PLACEMENT_3D('',#2023,#1678,#1679);
#1469=AXIS2_PLACEMENT_3D('',#2029,#1683,#1684);
#1470=AXIS2_PLACEMENT_3D('',#2032,#1685,#1686);
#1471=AXIS2_PLACEMENT_3D('',#2036,#1688,#1689);
#1472=AXIS2_PLACEMENT_3D('',#2038,#1691,#1692);
#1473=AXIS2_PLACEMENT_3D('',#2043,#1696,#1697);
#1474=AXIS2_PLACEMENT_3D('',#2061,#1707,#1708);
#1475=AXIS2_PLACEMENT_3D('',#2063,#1709,#1710);
#1476=AXIS2_PLACEMENT_3D('',#2066,#1712,#1713);
#1477=AXIS2_PLACEMENT_3D('',#2067,#1714,#1715);
#1478=AXIS2_PLACEMENT_3D('',#2071,#1718,#1719);
#1479=AXIS2_PLACEMENT_3D('',#2073,#1721,#1722);
#1480=AXIS2_PLACEMENT_3D('',#2079,#1726,#1727);
#1481=AXIS2_PLACEMENT_3D('',#2085,#1731,#1732);
#1482=AXIS2_PLACEMENT_3D('',#2089,#1735,#1736);
#1483=AXIS2_PLACEMENT_3D('',#2098,#1741,#1742);
#1484=AXIS2_PLACEMENT_3D('',#2104,#1746,#1747);
#1485=AXIS2_PLACEMENT_3D('',#2110,#1751,#1752);
#1486=AXIS2_PLACEMENT_3D('',#2113,#1755,#1756);
#1487=AXIS2_PLACEMENT_3D('',#2114,#1757,#1758);
#1488=AXIS2_PLACEMENT_3D('',#2123,#1763,#1764);
#1489=AXIS2_PLACEMENT_3D('',#2129,#1768,#1769);
#1490=AXIS2_PLACEMENT_3D('',#2135,#1773,#1774);
#1491=AXIS2_PLACEMENT_3D('',#2137,#1776,#1777);
#1492=AXIS2_PLACEMENT_3D('',#2147,#1783,#1784);
#1493=AXIS2_PLACEMENT_3D('',#2151,#1787,#1788);
#1494=AXIS2_PLACEMENT_3D('',#2160,#1793,#1794);
#1495=AXIS2_PLACEMENT_3D('',#2163,#1797,#1798);
#1496=AXIS2_PLACEMENT_3D('',#2166,#1801,#1802);
#1497=AXIS2_PLACEMENT_3D('',#2168,#1804,#1805);
#1498=AXIS2_PLACEMENT_3D('',#2170,#1807,#1808);
#1499=AXIS2_PLACEMENT_3D('',#2172,#1810,#1811);
#1500=AXIS2_PLACEMENT_3D('',#2173,#1812,#1813);
#1501=AXIS2_PLACEMENT_3D('',#2194,#1819,#1820);
#1502=AXIS2_PLACEMENT_3D('',#2239,#1821,#1822);
#1503=DIRECTION('axis',(0.,0.,1.));
#1504=DIRECTION('refdir',(1.,0.,0.));
#1505=DIRECTION('center_axis',(-2.22044604925031E-16,1.,4.2700885562506E-16));
#1506=DIRECTION('ref_axis',(-9.48150126467562E-32,4.2700885562506E-16,-1.));
#1507=DIRECTION('',(-9.48150126467562E-32,4.2700885562506E-16,-1.));
#1508=DIRECTION('',(0.707106781186547,4.58950103307565E-16,-0.707106781186548));
#1509=DIRECTION('',(1.,2.22044604925031E-16,-6.83375914778742E-17));
#1510=DIRECTION('center_axis',(-2.22044604925031E-16,1.,4.2700885562506E-16));
#1511=DIRECTION('ref_axis',(9.48150126467563E-32,-4.2700885562506E-16,1.));
#1512=DIRECTION('',(1.31064631985863E-15,4.27008855625061E-16,-1.));
#1513=DIRECTION('center_axis',(-2.22044604925031E-16,1.,4.2700885562506E-16));
#1514=DIRECTION('ref_axis',(1.,2.22044604925031E-16,-3.4694469519536E-16));
#1515=DIRECTION('',(-0.992210286458993,-1.6712062681618E-16,-0.124574264777936));
#1516=DIRECTION('center_axis',(2.22044604925031E-16,-1.,-4.2700885562506E-16));
#1517=DIRECTION('ref_axis',(1.,2.22044604925031E-16,0.));
#1518=DIRECTION('center_axis',(1.,2.22044604925031E-16,0.));
#1519=DIRECTION('ref_axis',(-9.48150126467563E-32,4.2700885562506E-16,-1.));
#1520=DIRECTION('',(9.48150126467562E-32,-4.2700885562506E-16,1.));
#1521=DIRECTION('',(-2.22044604925031E-16,1.,0.));
#1522=DIRECTION('',(-9.48150126467562E-32,4.2700885562506E-16,-1.));
#1523=DIRECTION('',(-2.22044604925031E-16,1.,0.));
#1524=DIRECTION('center_axis',(-2.22044604925031E-16,1.,0.));
#1525=DIRECTION('ref_axis',(1.,2.22044604925031E-16,0.));
#1526=DIRECTION('center_axis',(2.22044604925031E-16,-1.,-4.2700885562506E-16));
#1527=DIRECTION('ref_axis',(1.,2.22044604925031E-16,0.));
#1528=DIRECTION('center_axis',(-2.22044604925031E-16,1.,4.2700885562506E-16));
#1529=DIRECTION('ref_axis',(1.,2.22044604925031E-16,0.));
#1530=DIRECTION('center_axis',(2.22044604925031E-16,-1.,-4.2700885562506E-16));
#1531=DIRECTION('ref_axis',(1.,2.22044604925031E-16,0.));
#1532=DIRECTION('',(-2.22044604925031E-16,1.,0.));
#1533=DIRECTION('center_axis',(0.124574264777936,2.7661043406443E-17,-0.992210286458993));
#1534=DIRECTION('ref_axis',(-0.992210286458993,-1.6712062681618E-16,-0.124574264777936));
#1535=DIRECTION('',(-0.992210286458993,-1.6712062681618E-16,-0.124574264777936));
#1536=DIRECTION('',(-2.22044604925031E-16,1.,0.));
#1537=DIRECTION('center_axis',(-2.22044604925031E-16,1.,0.));
#1538=DIRECTION('ref_axis',(1.,2.22044604925031E-16,-3.4694469519536E-16));
#1539=DIRECTION('center_axis',(-2.22044604925031E-16,1.,4.2700885562506E-16));
#1540=DIRECTION('ref_axis',(1.,2.22044604925031E-16,-3.4694469519536E-16));
#1541=DIRECTION('',(-2.22044604925031E-16,1.,0.));
#1542=DIRECTION('center_axis',(1.,2.22044604925031E-16,1.31064631985863E-15));
#1543=DIRECTION('ref_axis',(1.31064631985863E-15,4.27008855625061E-16,-1.));
#1544=DIRECTION('',(1.31064631985863E-15,4.27008855625061E-16,-1.));
#1545=DIRECTION('',(-2.22044604925031E-16,1.,0.));
#1546=DIRECTION('center_axis',(-2.22044604925031E-16,1.,0.));
#1547=DIRECTION('ref_axis',(0.,0.,1.));
#1548=DIRECTION('center_axis',(-2.22044604925031E-16,1.,4.2700885562506E-16));
#1549=DIRECTION('ref_axis',(9.48150126467563E-32,-4.2700885562506E-16,1.));
#1550=DIRECTION('',(-2.22044604925031E-16,1.,0.));
#1551=DIRECTION('center_axis',(6.83375914778742E-17,1.51739935012328E-32,
1.));
#1552=DIRECTION('ref_axis',(1.,2.22044604925031E-16,-6.83375914778742E-17));
#1553=DIRECTION('',(-1.,-2.22044604925031E-16,6.83375914778742E-17));
#1554=DIRECTION('',(1.,2.22044604925031E-16,-6.83375914778742E-17));
#1555=DIRECTION('',(1.,2.22044604925031E-16,-6.83375914778742E-17));
#1556=DIRECTION('',(-2.22044604925031E-16,1.,0.));
#1557=DIRECTION('center_axis',(-2.22044604925031E-16,1.,0.));
#1558=DIRECTION('ref_axis',(-1.,-2.22044604925031E-16,0.));
#1559=DIRECTION('center_axis',(2.22044604925031E-16,-1.,-4.2700885562506E-16));
#1560=DIRECTION('ref_axis',(-1.,-2.22044604925031E-16,0.));
#1561=DIRECTION('center_axis',(-2.22044604925031E-16,1.,4.2700885562506E-16));
#1562=DIRECTION('ref_axis',(-1.,-2.22044604925031E-16,0.));
#1563=DIRECTION('',(-2.22044604925031E-16,1.,0.));
#1564=DIRECTION('center_axis',(0.,0.,-1.));
#1565=DIRECTION('ref_axis',(-1.,-2.22044604925031E-16,0.));
#1566=DIRECTION('',(1.,2.22044604925031E-16,0.));
#1567=DIRECTION('',(-2.22044604925031E-16,1.,-9.25185853854297E-16));
#1568=DIRECTION('',(-1.,-2.22044604925031E-16,0.));
#1569=DIRECTION('',(-2.22044604925031E-16,1.,0.));
#1570=DIRECTION('center_axis',(-2.22044604925031E-16,1.,0.));
#1571=DIRECTION('ref_axis',(1.,2.22044604925031E-16,0.));
#1572=DIRECTION('center_axis',(2.22044604925031E-16,-1.,-4.2700885562506E-16));
#1573=DIRECTION('ref_axis',(1.,2.22044604925031E-16,0.));
#1574=DIRECTION('center_axis',(-2.22044604925031E-16,1.,4.2700885562506E-16));
#1575=DIRECTION('ref_axis',(1.,2.22044604925031E-16,0.));
#1576=DIRECTION('center_axis',(-2.22044604925031E-16,1.,4.2700885562506E-16));
#1577=DIRECTION('ref_axis',(-9.48150126467562E-32,4.2700885562506E-16,-1.));
#1578=DIRECTION('',(9.48150126467562E-32,-4.2700885562506E-16,1.));
#1579=DIRECTION('',(-0.707106781186547,-4.58950103307565E-16,0.707106781186548));
#1580=DIRECTION('center_axis',(-2.21199658166192E-16,0.996194698091746,
-0.0871557427476581));
#1581=DIRECTION('ref_axis',(1.93524624653514E-17,-0.0871557427476581,-0.996194698091746));
#1582=DIRECTION('',(-8.06352602722979E-19,-0.0871557427476581,-0.996194698091746));
#1583=DIRECTION('',(-1.,-2.22044604925031E-16,0.));
#1584=DIRECTION('',(-9.27305493131422E-18,0.0871557427476581,0.996194698091746));
#1585=DIRECTION('',(1.,2.22044604925031E-16,0.));
#1586=DIRECTION('center_axis',(-1.,-1.06396373193244E-16,0.));
#1587=DIRECTION('ref_axis',(-1.06396373193244E-16,1.,0.));
#1588=DIRECTION('',(-1.06396373193244E-16,1.,0.));
#1589=DIRECTION('',(-9.27305493131422E-18,0.0871557427476581,-0.996194698091746));
#1590=DIRECTION('',(0.,0.,-1.));
#1591=DIRECTION('',(1.06396373193244E-16,-1.,0.));
#1592=DIRECTION('',(0.,0.,-1.));
#1593=DIRECTION('center_axis',(0.,0.,-1.));
#1594=DIRECTION('ref_axis',(2.22044604925031E-16,-1.,0.));
#1595=DIRECTION('',(-9.25185853854304E-18,-1.,0.));
#1596=DIRECTION('',(1.,2.92975520387193E-17,0.));
#1597=DIRECTION('center_axis',(2.91860660080391E-17,-0.996194698091746,
-0.0871557427476581));
#1598=DIRECTION('ref_axis',(1.93524624653514E-17,-0.0871557427476581,0.996194698091746));
#1599=DIRECTION('',(-8.06352602722979E-19,-0.0871557427476581,0.996194698091746));
#1600=DIRECTION('',(-1.,-2.92975520387193E-17,0.));
#1601=DIRECTION('center_axis',(2.92975520387193E-17,-1.,0.));
#1602=DIRECTION('ref_axis',(-1.,-2.92975520387193E-17,0.));
#1603=DIRECTION('',(0.,0.,-1.));
#1604=DIRECTION('',(1.,2.92975520387193E-17,0.));
#1605=DIRECTION('center_axis',(1.,-9.25185853854304E-18,0.));
#1606=DIRECTION('ref_axis',(-9.25185853854304E-18,-1.,0.));
#1607=DIRECTION('',(0.,0.,-1.));
#1608=DIRECTION('',(9.25185853854304E-18,1.,0.));
#1609=DIRECTION('center_axis',(-2.22044604925031E-16,1.,0.));
#1610=DIRECTION('ref_axis',(1.,2.22044604925031E-16,0.));
#1611=DIRECTION('',(-1.,-2.22044604925031E-16,0.));
#1612=DIRECTION('center_axis',(-2.21199658166192E-16,0.996194698091746,
-0.0871557427476581));
#1613=DIRECTION('ref_axis',(1.93524624653514E-17,-0.0871557427476581,-0.996194698091746));
#1614=DIRECTION('',(-8.06352602722979E-19,-0.0871557427476581,-0.996194698091746));
#1615=DIRECTION('',(-1.,-2.22044604925031E-16,0.));
#1616=DIRECTION('',(-9.27305493131422E-18,0.0871557427476581,0.996194698091746));
#1617=DIRECTION('',(1.,2.22044604925031E-16,0.));
#1618=DIRECTION('center_axis',(-1.,-1.06396373193244E-16,0.));
#1619=DIRECTION('ref_axis',(-1.06396373193244E-16,1.,0.));
#1620=DIRECTION('',(-1.06396373193244E-16,1.,0.));
#1621=DIRECTION('',(-9.27305493131422E-18,0.0871557427476581,-0.996194698091746));
#1622=DIRECTION('',(0.,0.,-1.));
#1623=DIRECTION('',(1.06396373193244E-16,-1.,0.));
#1624=DIRECTION('',(0.,0.,-1.));
#1625=DIRECTION('center_axis',(0.,0.,-1.));
#1626=DIRECTION('ref_axis',(2.22044604925031E-16,-1.,0.));
#1627=DIRECTION('',(-9.25185853854304E-18,-1.,0.));
#1628=DIRECTION('',(1.,2.92975520387193E-17,0.));
#1629=DIRECTION('center_axis',(2.91860660080391E-17,-0.996194698091746,
-0.0871557427476581));
#1630=DIRECTION('ref_axis',(1.93524624653514E-17,-0.0871557427476581,0.996194698091746));
#1631=DIRECTION('',(-8.06352602722979E-19,-0.0871557427476581,0.996194698091746));
#1632=DIRECTION('',(-1.,-2.92975520387193E-17,0.));
#1633=DIRECTION('center_axis',(2.92975520387193E-17,-1.,0.));
#1634=DIRECTION('ref_axis',(-1.,-2.92975520387193E-17,0.));
#1635=DIRECTION('',(0.,0.,-1.));
#1636=DIRECTION('',(1.,2.92975520387193E-17,0.));
#1637=DIRECTION('center_axis',(1.,-9.25185853854304E-18,0.));
#1638=DIRECTION('ref_axis',(-9.25185853854304E-18,-1.,0.));
#1639=DIRECTION('',(0.,0.,-1.));
#1640=DIRECTION('',(9.25185853854304E-18,1.,0.));
#1641=DIRECTION('center_axis',(-2.22044604925031E-16,1.,0.));
#1642=DIRECTION('ref_axis',(1.,2.22044604925031E-16,0.));
#1643=DIRECTION('',(-1.,-2.22044604925031E-16,0.));
#1644=DIRECTION('center_axis',(2.22044604925031E-16,-1.,-4.2700885562506E-16));
#1645=DIRECTION('ref_axis',(9.48150126467562E-32,-4.2700885562506E-16,1.));
#1646=DIRECTION('',(9.48150126467562E-32,-4.2700885562506E-16,1.));
#1647=DIRECTION('',(0.965925826289068,1.03960594222042E-16,0.258819045102521));
#1648=DIRECTION('',(-0.707106781186547,-4.58950103307565E-16,0.707106781186548));
#1649=DIRECTION('center_axis',(-1.,-2.22044604925031E-16,0.));
#1650=DIRECTION('ref_axis',(0.,0.,1.));
#1651=DIRECTION('',(-9.48150126467562E-32,4.2700885562506E-16,-1.));
#1652=DIRECTION('',(2.22044604925031E-16,-1.,0.));
#1653=DIRECTION('center_axis',(-2.22044604925031E-16,1.,4.2700885562506E-16));
#1654=DIRECTION('ref_axis',(-9.48150126467562E-32,4.2700885562506E-16,-1.));
#1655=DIRECTION('',(0.707106781186547,4.58950103307565E-16,-0.707106781186548));
#1656=DIRECTION('',(-0.965925826289068,-1.03960594222042E-16,-0.258819045102521));
#1657=DIRECTION('center_axis',(-2.22044604925031E-16,1.,4.2700885562506E-16));
#1658=DIRECTION('ref_axis',(-9.48150126467562E-32,4.2700885562506E-16,-1.));
#1659=DIRECTION('',(0.965925826289068,3.24996642748439E-16,-0.258819045102521));
#1660=DIRECTION('',(-9.48150126467562E-32,4.2700885562506E-16,-1.));
#1661=DIRECTION('center_axis',(2.22044604925031E-16,-1.,-4.2700885562506E-16));
#1662=DIRECTION('ref_axis',(9.48150126467562E-32,-4.2700885562506E-16,1.));
#1663=DIRECTION('',(9.48150126467562E-32,-4.2700885562506E-16,1.));
#1664=DIRECTION('',(-0.965925826289068,-3.24996642748439E-16,0.258819045102521));
#1665=DIRECTION('center_axis',(-0.258819045102521,-5.74693726168631E-17,
0.965925826289068));
#1666=DIRECTION('ref_axis',(-2.22044604925031E-16,1.,0.));
#1667=DIRECTION('',(-2.22044604925031E-16,1.,0.));
#1668=DIRECTION('center_axis',(-0.258819045102521,-9.51130282972032E-16,
-0.965925826289068));
#1669=DIRECTION('ref_axis',(2.22044604925031E-16,-1.,9.25185853854297E-16));
#1670=DIRECTION('',(2.22044604925031E-16,-1.,9.25185853854297E-16));
#1671=DIRECTION('center_axis',(-1.,-2.22044604925031E-16,0.));
#1672=DIRECTION('ref_axis',(0.,0.,1.));
#1673=DIRECTION('',(-2.22044604925031E-16,1.,0.));
#1674=DIRECTION('',(1.31127145149769E-32,-5.90544162034657E-17,1.));
#1675=DIRECTION('',(2.22044604925031E-16,-1.,0.));
#1676=DIRECTION('',(1.04901716119815E-31,-4.72435329627726E-16,-1.));
#1677=DIRECTION('',(-2.22044604925031E-16,1.,0.));
#1678=DIRECTION('center_axis',(0.707106781186548,1.57009245868378E-16,0.707106781186547));
#1679=DIRECTION('ref_axis',(-2.22044604925031E-16,1.,0.));
#1680=DIRECTION('',(0.707106781186547,-1.7705297938349E-16,-0.707106781186548));
#1681=DIRECTION('',(2.22044604925031E-16,-1.,0.));
#1682=DIRECTION('',(-0.707106781186547,-1.98767024024861E-16,0.707106781186548));
#1683=DIRECTION('center_axis',(-2.22044604925031E-16,1.,0.));
#1684=DIRECTION('ref_axis',(0.707106781186547,1.57009245868377E-16,0.707106781186548));
#1685=DIRECTION('center_axis',(3.26782626116084E-16,-1.,0.));
#1686=DIRECTION('ref_axis',(0.707106781186547,1.57009245868377E-16,0.707106781186548));
#1687=DIRECTION('',(2.22044604925031E-16,-1.,0.));
#1688=DIRECTION('center_axis',(-2.22044604925031E-16,1.,-4.72435329627726E-16));
#1689=DIRECTION('ref_axis',(0.707106781186547,1.57009245868377E-16,0.707106781186548));
#1690=DIRECTION('',(-2.22044604925031E-16,1.,0.));
#1691=DIRECTION('center_axis',(-2.22044604925031E-16,1.,-4.72435329627726E-16));
#1692=DIRECTION('ref_axis',(1.04901716119815E-31,-4.72435329627726E-16,
-1.));
#1693=DIRECTION('',(-1.,-2.22044604925031E-16,0.));
#1694=DIRECTION('',(-1.,-2.22044604925031E-16,0.));
#1695=DIRECTION('',(1.04901716119815E-31,-4.72435329627726E-16,-1.));
#1696=DIRECTION('center_axis',(0.,0.,1.));
#1697=DIRECTION('ref_axis',(-2.22044604925031E-16,1.,0.));
#1698=DIRECTION('',(-1.,-3.26782626116084E-16,0.));
#1699=DIRECTION('',(-2.22044604925031E-16,1.,0.));
#1700=DIRECTION('',(1.,3.7915163671161E-16,0.));
#1701=DIRECTION('',(-2.22044604925031E-16,1.,0.));
#1702=DIRECTION('',(1.,2.22044604925031E-16,0.));
#1703=DIRECTION('',(2.22044604925031E-16,-1.,0.));
#1704=DIRECTION('',(1.,3.7915163671161E-16,0.));
#1705=DIRECTION('',(2.22044604925031E-16,-1.,0.));
#1706=DIRECTION('',(1.,2.22044604925031E-16,0.));
#1707=DIRECTION('center_axis',(-2.22044604925031E-16,1.,0.));
#1708=DIRECTION('ref_axis',(0.707106781186547,1.57009245868377E-16,0.707106781186548));
#1709=DIRECTION('center_axis',(-3.7915163671161E-16,1.,0.));
#1710=DIRECTION('ref_axis',(0.707106781186547,1.57009245868377E-16,0.707106781186548));
#1711=DIRECTION('',(-2.22044604925031E-16,1.,0.));
#1712=DIRECTION('center_axis',(2.22044604925031E-16,-1.,-5.90544162034657E-17));
#1713=DIRECTION('ref_axis',(0.707106781186547,1.57009245868377E-16,0.707106781186548));
#1714=DIRECTION('center_axis',(2.22044604925031E-16,-1.,-5.90544162034657E-17));
#1715=DIRECTION('ref_axis',(1.31127145149769E-32,-5.90544162034657E-17,
1.));
#1716=DIRECTION('',(1.31127145149769E-32,-5.90544162034657E-17,1.));
#1717=DIRECTION('',(-1.,-2.22044604925031E-16,0.));
#1718=DIRECTION('center_axis',(0.,0.,-1.));
#1719=DIRECTION('ref_axis',(2.22044604925031E-16,-1.,0.));
#1720=DIRECTION('',(2.22044604925031E-16,-1.,0.));
#1721=DIRECTION('center_axis',(1.,2.22044604925031E-16,0.));
#1722=DIRECTION('ref_axis',(-2.22044604925031E-16,1.,0.));
#1723=DIRECTION('',(0.,0.,1.));
#1724=DIRECTION('',(-2.22044604925031E-16,1.,0.));
#1725=DIRECTION('',(0.,0.,1.));
#1726=DIRECTION('center_axis',(-0.64018439966448,-1.42149492102668E-16,
0.768221279597376));
#1727=DIRECTION('ref_axis',(-2.22044604925031E-16,1.,0.));
#1728=DIRECTION('',(0.768221279597376,2.91272355516032E-16,0.64018439966448));
#1729=DIRECTION('',(-0.768221279597376,-2.51041367185089E-16,-0.64018439966448));
#1730=DIRECTION('',(2.22044604925031E-16,-1.,0.));
#1731=DIRECTION('center_axis',(-3.26782626116084E-16,1.,0.));
#1732=DIRECTION('ref_axis',(-1.,-3.26782626116084E-16,0.));
#1733=DIRECTION('',(-1.,-3.26782626116084E-16,0.));
#1734=DIRECTION('',(0.,0.,1.));
#1735=DIRECTION('center_axis',(-1.,-8.7743432591343E-17,0.));
#1736=DIRECTION('ref_axis',(8.7743432591343E-17,-1.,0.));
#1737=DIRECTION('',(8.7743432591343E-17,-1.,0.));
#1738=DIRECTION('',(0.,0.,1.));
#1739=DIRECTION('',(8.7743432591343E-17,-1.,0.));
#1740=DIRECTION('',(0.,0.,1.));
#1741=DIRECTION('center_axis',(-1.06396373193244E-16,1.,0.));
#1742=DIRECTION('ref_axis',(-1.,-1.06396373193244E-16,0.));
#1743=DIRECTION('',(-1.,-1.06396373193244E-16,0.));
#1744=DIRECTION('',(0.,0.,1.));
#1745=DIRECTION('',(-1.,-1.06396373193244E-16,0.));
#1746=DIRECTION('center_axis',(1.,2.22044604925031E-16,0.));
#1747=DIRECTION('ref_axis',(-2.22044604925031E-16,1.,0.));
#1748=DIRECTION('',(-2.22044604925031E-16,1.,0.));
#1749=DIRECTION('',(0.,0.,1.));
#1750=DIRECTION('',(-2.22044604925031E-16,1.,0.));
#1751=DIRECTION('center_axis',(3.37692836656818E-16,-1.,0.));
#1752=DIRECTION('ref_axis',(1.,3.37692836656818E-16,0.));
#1753=DIRECTION('',(1.,3.37692836656818E-16,0.));
#1754=DIRECTION('',(1.,3.37692836656818E-16,0.));
#1755=DIRECTION('center_axis',(0.,0.,1.));
#1756=DIRECTION('ref_axis',(-2.22044604925031E-16,1.,0.));
#1757=DIRECTION('center_axis',(1.57009245868377E-16,-0.707106781186548,
0.707106781186548));
#1758=DIRECTION('ref_axis',(-1.57009245868377E-16,0.707106781186548,0.707106781186548));
#1759=DIRECTION('',(1.57009245868377E-16,-0.707106781186548,-0.707106781186548));
#1760=DIRECTION('',(1.,2.22044604925031E-16,0.));
#1761=DIRECTION('',(-3.75077642907791E-16,0.707106781186548,0.707106781186548));
#1762=DIRECTION('',(1.,2.22044604925031E-16,0.));
#1763=DIRECTION('center_axis',(1.,2.22044604925031E-16,3.083952846181E-16));
#1764=DIRECTION('ref_axis',(-3.083952846181E-16,-6.84775091337685E-32,1.));
#1765=DIRECTION('',(-3.083952846181E-16,-6.84775091337685E-32,1.));
#1766=DIRECTION('',(2.22044604925031E-16,-1.,0.));
#1767=DIRECTION('',(3.083952846181E-16,6.84775091337685E-32,-1.));
#1768=DIRECTION('center_axis',(-1.,-2.22044604925031E-16,0.));
#1769=DIRECTION('ref_axis',(0.,0.,-1.));
#1770=DIRECTION('',(0.,0.,1.));
#1771=DIRECTION('',(-2.22044604925031E-16,1.,0.));
#1772=DIRECTION('',(0.,0.,-1.));
#1773=DIRECTION('center_axis',(-2.22044604925031E-16,1.,0.));
#1774=DIRECTION('ref_axis',(0.,0.,-1.));
#1775=DIRECTION('',(1.,2.22044604925031E-16,0.));
#1776=DIRECTION('center_axis',(0.,0.,-1.));
#1777=DIRECTION('ref_axis',(2.22044604925031E-16,-1.,0.));
#1778=DIRECTION('',(-1.,-3.7915163671161E-16,0.));
#1779=DIRECTION('',(2.22044604925031E-16,-1.,0.));
#1780=DIRECTION('',(-1.,-2.22044604925031E-16,0.));
#1781=DIRECTION('',(-1.,-2.22044604925031E-16,0.));
#1782=DIRECTION('',(-2.22044604925031E-16,1.,0.));
#1783=DIRECTION('center_axis',(0.,0.,1.));
#1784=DIRECTION('ref_axis',(-2.22044604925031E-16,1.,0.));
#1785=DIRECTION('',(1.,3.7915163671161E-16,0.));
#1786=DIRECTION('',(2.22044604925031E-16,-1.,0.));
#1787=DIRECTION('center_axis',(0.,0.,1.));
#1788=DIRECTION('ref_axis',(1.,2.22044604925031E-16,0.));
#1789=DIRECTION('',(1.,2.22044604925031E-16,0.));
#1790=DIRECTION('',(-2.22044604925031E-16,1.,0.));
#1791=DIRECTION('',(1.,2.22044604925031E-16,0.));
#1792=DIRECTION('',(-2.22044604925031E-16,1.,0.));
#1793=DIRECTION('center_axis',(-2.22044604925031E-16,1.,0.));
#1794=DIRECTION('ref_axis',(0.,0.,-1.));
#1795=DIRECTION('',(1.22464679914735E-16,2.71926214689378E-32,-1.));
#1796=DIRECTION('',(0.,0.,1.));
#1797=DIRECTION('center_axis',(1.,2.22044604925031E-16,0.));
#1798=DIRECTION('ref_axis',(2.22044604925031E-16,-1.,0.));
#1799=DIRECTION('',(0.,0.,-1.));
#1800=DIRECTION('',(0.,0.,-1.));
#1801=DIRECTION('center_axis',(-2.22044604925031E-16,1.,0.));
#1802=DIRECTION('ref_axis',(1.,2.22044604925031E-16,0.));
#1803=DIRECTION('',(0.,0.,-1.));
#1804=DIRECTION('center_axis',(-1.,-2.22044604925031E-16,0.));
#1805=DIRECTION('ref_axis',(-2.22044604925031E-16,1.,0.));
#1806=DIRECTION('',(0.,0.,1.));
#1807=DIRECTION('center_axis',(3.7915163671161E-16,-1.,0.));
#1808=DIRECTION('ref_axis',(1.,3.7915163671161E-16,0.));
#1809=DIRECTION('',(0.,0.,1.));
#1810=DIRECTION('center_axis',(-1.,-2.22044604925031E-16,0.));
#1811=DIRECTION('ref_axis',(2.22044604925031E-16,-1.,0.));
#1812=DIRECTION('center_axis',(1.,2.22044604925031E-16,0.));
#1813=DIRECTION('ref_axis',(0.,0.,-1.));
#1814=DIRECTION('',(-2.22044604925031E-16,1.,0.));
#1815=DIRECTION('',(0.,0.,1.));
#1816=DIRECTION('',(2.22044604925031E-16,-1.,0.));
#1817=DIRECTION('',(0.,0.,-1.));
#1818=DIRECTION('',(0.,0.,-1.));
#1819=DIRECTION('center_axis',(-1.,-2.22044604925031E-16,0.));
#1820=DIRECTION('ref_axis',(0.,0.,1.));
#1821=DIRECTION('center_axis',(1.,2.22044604925031E-16,0.));
#1822=DIRECTION('ref_axis',(0.,0.,-1.));
#1823=DIRECTION('',(8.21730076952601E-32,-3.70074326836286E-16,-1.));
#1824=DIRECTION('',(-2.22044604925031E-16,1.,-3.65615600006933E-16));
#1825=DIRECTION('',(-5.23354301437773E-32,2.3569782369379E-16,1.));
#1826=DIRECTION('',(-1.23581192734884E-16,0.556560213550827,-0.83080727530051));
#1827=DIRECTION('',(-2.22044604925031E-16,1.,-3.40967357309837E-16));
#1828=DIRECTION('',(-8.21730076952601E-32,3.70074326836286E-16,1.));
#1829=DIRECTION('',(2.22044604925031E-16,-1.,0.));
#1830=DIRECTION('',(1.04670860287555E-31,-4.7139564738758E-16,-1.));
#1831=DIRECTION('',(1.23581192734884E-16,-0.556560213550827,0.83080727530051));
#1832=DIRECTION('',(2.22044604925031E-16,-1.,0.));
#1833=CARTESIAN_POINT('',(0.,0.,0.));
#1834=CARTESIAN_POINT('Origin',(9.01,0.600000000000002,7.85));
#1835=CARTESIAN_POINT('',(8.11,0.600000000000002,8.4));
#1836=CARTESIAN_POINT('',(8.11,0.600000000000002,7.67679989818912));
#1837=CARTESIAN_POINT('',(8.11,0.600000000000002,8.1));
#1838=CARTESIAN_POINT('',(7.62794919243113,0.600000000000001,8.88205080756887));
#1839=CARTESIAN_POINT('',(7.6725,0.600000000000001,8.8375));
#1840=CARTESIAN_POINT('',(10.81,0.600000000000002,8.88205080756887));
#1841=CARTESIAN_POINT('',(7.51,0.600000000000001,8.88205080756887));
#1842=CARTESIAN_POINT('',(10.91,0.600000000000002,8.78205080756887));
#1843=CARTESIAN_POINT('Origin',(10.81,0.600000000000002,8.78205080756887));
#1844=CARTESIAN_POINT('',(10.91,0.600000000000002,8.35851052526567));
#1845=CARTESIAN_POINT('',(10.91,0.600000000000002,8.78205080756887));
#1846=CARTESIAN_POINT('',(10.7349148529556,0.600000000000002,8.16006846797387));
#1847=CARTESIAN_POINT('Origin',(10.71,0.600000000000002,8.35851052526567));
#1848=CARTESIAN_POINT('',(8.44771286761103,0.600000000000002,7.87290504141862));
#1849=CARTESIAN_POINT('',(10.7349148529556,0.600000000000002,8.16006846797387));
#1850=CARTESIAN_POINT('Origin',(8.51,0.600000000000002,7.37679989818912));
#1851=CARTESIAN_POINT('Origin',(8.01,-0.599999999999998,7.37679989818912));
#1852=CARTESIAN_POINT('',(8.01,-0.599999999999998,7.11794919243112));
#1853=CARTESIAN_POINT('',(8.01,-0.599999999999998,7.37679989818912));
#1854=CARTESIAN_POINT('',(8.01,-0.599999999999998,6.96339994909456));
#1855=CARTESIAN_POINT('',(8.01,0.600000000000002,7.11794919243112));
#1856=CARTESIAN_POINT('',(8.01,-0.599999999999998,7.11794919243112));
#1857=CARTESIAN_POINT('',(8.01,0.600000000000002,7.37679989818912));
#1858=CARTESIAN_POINT('',(8.01,0.600000000000002,8.26339994909456));
#1859=CARTESIAN_POINT('',(8.01,-0.599999999999998,7.37679989818912));
#1860=CARTESIAN_POINT('Origin',(8.51,-0.599999999999998,7.37679989818912));
#1861=CARTESIAN_POINT('',(8.44771286761103,-0.599999999999998,7.87290504141862));
#1862=CARTESIAN_POINT('',(8.11,-0.599999999999998,7.67679989818912));
#1863=CARTESIAN_POINT('Origin',(8.51,-0.599999999999998,7.37679989818912));
#1864=CARTESIAN_POINT('Origin',(8.51,-0.599999999999998,7.37679989818912));
#1865=CARTESIAN_POINT('Origin',(8.51,0.600000000000001,7.37679989818912));
#1866=CARTESIAN_POINT('',(8.44771286761103,-0.599999999999998,7.87290504141862));
#1867=CARTESIAN_POINT('Origin',(10.7349148529556,-0.599999999999998,8.16006846797387));
#1868=CARTESIAN_POINT('',(10.7349148529556,-0.599999999999998,8.16006846797387));
#1869=CARTESIAN_POINT('',(10.7349148529556,-0.599999999999998,8.16006846797387));
#1870=CARTESIAN_POINT('',(10.7349148529556,-0.599999999999998,8.16006846797387));
#1871=CARTESIAN_POINT('Origin',(10.71,-0.599999999999998,8.35851052526567));
#1872=CARTESIAN_POINT('',(10.91,-0.599999999999998,8.35851052526567));
#1873=CARTESIAN_POINT('Origin',(10.71,-0.599999999999998,8.35851052526567));
#1874=CARTESIAN_POINT('',(10.91,-0.599999999999998,8.35851052526567));
#1875=CARTESIAN_POINT('Origin',(10.91,-0.599999999999998,8.78205080756887));
#1876=CARTESIAN_POINT('',(10.91,-0.599999999999998,8.78205080756887));
#1877=CARTESIAN_POINT('',(10.91,-0.599999999999998,8.78205080756887));
#1878=CARTESIAN_POINT('',(10.91,-0.599999999999998,8.78205080756887));
#1879=CARTESIAN_POINT('Origin',(10.81,-0.599999999999998,8.78205080756887));
#1880=CARTESIAN_POINT('',(10.81,-0.599999999999998,8.88205080756887));
#1881=CARTESIAN_POINT('Origin',(10.81,-0.599999999999998,8.78205080756887));
#1882=CARTESIAN_POINT('',(10.81,-0.599999999999998,8.88205080756887));
#1883=CARTESIAN_POINT('Origin',(7.51,-0.599999999999999,8.88205080756887));
#1884=CARTESIAN_POINT('',(7.62794919243113,-0.599999999999999,8.88205080756887));
#1885=CARTESIAN_POINT('',(7.51,-0.599999999999999,8.88205080756887));
#1886=CARTESIAN_POINT('',(7.81,-0.599999999999999,8.88205080756887));
#1887=CARTESIAN_POINT('',(7.51,-0.599999999999999,8.88205080756887));
#1888=CARTESIAN_POINT('',(7.51,0.600000000000001,8.88205080756887));
#1889=CARTESIAN_POINT('',(7.81,0.600000000000001,8.88205080756887));
#1890=CARTESIAN_POINT('',(7.51,-0.599999999999999,8.88205080756887));
#1891=CARTESIAN_POINT('Origin',(7.51,-0.599999999999999,8.48205080756887));
#1892=CARTESIAN_POINT('',(7.11,-0.599999999999999,8.48205080756887));
#1893=CARTESIAN_POINT('Origin',(7.51,-0.599999999999998,8.48205080756887));
#1894=CARTESIAN_POINT('',(7.11,0.600000000000001,8.48205080756887));
#1895=CARTESIAN_POINT('Origin',(7.51,0.600000000000001,8.48205080756887));
#1896=CARTESIAN_POINT('',(7.11,-0.599999999999999,8.48205080756887));
#1897=CARTESIAN_POINT('Origin',(7.71,-0.599999999999998,6.81794919243112));
#1898=CARTESIAN_POINT('',(7.11,-0.599999999999998,6.81794919243112));
#1899=CARTESIAN_POINT('',(7.71,-0.599999999999998,6.81794919243112));
#1900=CARTESIAN_POINT('',(7.91,-0.599999999999998,6.81794919243112));
#1901=CARTESIAN_POINT('',(7.11,0.600000000000002,6.81794919243112));
#1902=CARTESIAN_POINT('',(7.11,0.300000000000001,6.81794919243112));
#1903=CARTESIAN_POINT('',(7.71,0.600000000000002,6.81794919243112));
#1904=CARTESIAN_POINT('',(7.91,0.600000000000002,6.81794919243112));
#1905=CARTESIAN_POINT('',(7.71,-0.599999999999998,6.81794919243112));
#1906=CARTESIAN_POINT('Origin',(7.71,-0.599999999999998,7.11794919243112));
#1907=CARTESIAN_POINT('Origin',(7.71,-0.599999999999998,7.11794919243112));
#1908=CARTESIAN_POINT('Origin',(7.71,0.600000000000001,7.11794919243112));
#1909=CARTESIAN_POINT('Origin',(9.01,-0.599999999999998,7.85));
#1910=CARTESIAN_POINT('',(8.11,-0.599999999999998,8.4));
#1911=CARTESIAN_POINT('',(8.11,-0.599999999999998,6.8));
#1912=CARTESIAN_POINT('',(8.3225,-0.599999999999998,8.1875));
#1913=CARTESIAN_POINT('Origin',(7.575,0.250000000000002,-2.12849738486193));
#1914=CARTESIAN_POINT('',(7.71,0.300000000000002,-1.55699476972387));
#1915=CARTESIAN_POINT('',(7.71,0.200000000000002,-2.7));
#1916=CARTESIAN_POINT('',(7.71,0.355615939424894,-0.921301673230137));
#1917=CARTESIAN_POINT('',(7.53,0.200000000000002,-2.7));
#1918=CARTESIAN_POINT('',(7.575,0.200000000000002,-2.7));
#1919=CARTESIAN_POINT('',(7.53,0.300000000000002,-1.55699476972387));
#1920=CARTESIAN_POINT('',(7.53,0.353337102376725,-0.947348899880177));
#1921=CARTESIAN_POINT('',(7.575,0.300000000000002,-1.55699476972387));
#1922=CARTESIAN_POINT('Origin',(7.53,-0.299999999999998,0.3));
#1923=CARTESIAN_POINT('',(7.53,-0.199999999999998,-2.7));
#1924=CARTESIAN_POINT('',(7.53,-0.299999999999998,-2.7));
#1925=CARTESIAN_POINT('',(7.53,-0.299999999999998,-1.55699476972387));
#1926=CARTESIAN_POINT('',(7.53,-0.355615939424891,-0.921301673230137));
#1927=CARTESIAN_POINT('',(7.53,-0.299999999999998,0.3));
#1928=CARTESIAN_POINT('',(7.53,-0.299999999999998,0.3));
#1929=CARTESIAN_POINT('',(7.53,0.300000000000002,0.3));
#1930=CARTESIAN_POINT('',(7.53,-0.149999999999998,0.3));
#1931=CARTESIAN_POINT('',(7.53,0.300000000000002,0.3));
#1932=CARTESIAN_POINT('Origin',(7.62,1.69197988952874E-15,-2.7));
#1933=CARTESIAN_POINT('',(7.71,-0.199999999999998,-2.7));
#1934=CARTESIAN_POINT('',(7.71,0.300000000000002,-2.7));
#1935=CARTESIAN_POINT('',(7.665,-0.199999999999998,-2.7));
#1936=CARTESIAN_POINT('Origin',(7.665,-0.249999999999998,-2.12849738486193));
#1937=CARTESIAN_POINT('',(7.71,-0.299999999999998,-1.55699476972387));
#1938=CARTESIAN_POINT('',(7.71,-0.353337102376722,-0.947348899880177));
#1939=CARTESIAN_POINT('',(7.665,-0.299999999999998,-1.55699476972387));
#1940=CARTESIAN_POINT('Origin',(7.71,-0.299999999999998,0.3));
#1941=CARTESIAN_POINT('',(7.71,-0.299999999999998,0.3));
#1942=CARTESIAN_POINT('',(7.71,-0.299999999999998,0.3));
#1943=CARTESIAN_POINT('',(5.76,-0.299999999999998,0.3));
#1944=CARTESIAN_POINT('Origin',(7.71,0.300000000000002,0.3));
#1945=CARTESIAN_POINT('',(7.71,0.300000000000002,0.3));
#1946=CARTESIAN_POINT('',(7.71,0.300000000000002,0.3));
#1947=CARTESIAN_POINT('',(7.71,0.150000000000002,0.3));
#1948=CARTESIAN_POINT('Origin',(7.53,0.300000000000002,0.3));
#1949=CARTESIAN_POINT('',(5.67,0.300000000000001,0.3));
#1950=CARTESIAN_POINT('Origin',(-0.045,0.25,-2.12849738486193));
#1951=CARTESIAN_POINT('',(0.09,0.3,-1.55699476972387));
#1952=CARTESIAN_POINT('',(0.09,0.2,-2.7));
#1953=CARTESIAN_POINT('',(0.09,0.355615939424893,-0.921301673230137));
#1954=CARTESIAN_POINT('',(-0.09,0.2,-2.7));
#1955=CARTESIAN_POINT('',(-0.045,0.2,-2.7));
#1956=CARTESIAN_POINT('',(-0.09,0.3,-1.55699476972387));
#1957=CARTESIAN_POINT('',(-0.0900000000000001,0.353337102376724,-0.947348899880177));
#1958=CARTESIAN_POINT('',(-0.045,0.3,-1.55699476972387));
#1959=CARTESIAN_POINT('Origin',(-0.09,-0.3,0.3));
#1960=CARTESIAN_POINT('',(-0.09,-0.2,-2.7));
#1961=CARTESIAN_POINT('',(-0.09,-0.3,-2.7));
#1962=CARTESIAN_POINT('',(-0.09,-0.3,-1.55699476972387));
#1963=CARTESIAN_POINT('',(-0.0899999999999999,-0.355615939424893,-0.921301673230137));
#1964=CARTESIAN_POINT('',(-0.09,-0.3,0.3));
#1965=CARTESIAN_POINT('',(-0.09,-0.3,0.3));
#1966=CARTESIAN_POINT('',(-0.09,0.3,0.3));
#1967=CARTESIAN_POINT('',(-0.0900000000000001,-0.149999999999999,0.3));
#1968=CARTESIAN_POINT('',(-0.09,0.3,0.3));
#1969=CARTESIAN_POINT('Origin',(0.,0.,-2.7));
#1970=CARTESIAN_POINT('',(0.09,-0.2,-2.7));
#1971=CARTESIAN_POINT('',(0.09,0.3,-2.7));
#1972=CARTESIAN_POINT('',(0.045,-0.2,-2.7));
#1973=CARTESIAN_POINT('Origin',(0.045,-0.25,-2.12849738486193));
#1974=CARTESIAN_POINT('',(0.09,-0.3,-1.55699476972387));
#1975=CARTESIAN_POINT('',(0.09,-0.353337102376724,-0.947348899880177));
#1976=CARTESIAN_POINT('',(0.045,-0.3,-1.55699476972387));
#1977=CARTESIAN_POINT('Origin',(0.09,-0.3,0.3));
#1978=CARTESIAN_POINT('',(0.09,-0.3,0.3));
#1979=CARTESIAN_POINT('',(0.09,-0.3,0.3));
#1980=CARTESIAN_POINT('',(1.95,-0.3,0.3));
#1981=CARTESIAN_POINT('Origin',(0.09,0.3,0.3));
#1982=CARTESIAN_POINT('',(0.09,0.3,0.3));
#1983=CARTESIAN_POINT('',(0.09,0.3,0.3));
#1984=CARTESIAN_POINT('',(0.0900000000000001,0.150000000000001,0.3));
#1985=CARTESIAN_POINT('Origin',(-0.09,0.3,0.3));
#1986=CARTESIAN_POINT('',(1.86,0.3,0.3));
#1987=CARTESIAN_POINT('Origin',(8.11,-0.599999999999998,6.55));
#1988=CARTESIAN_POINT('',(7.11,-0.599999999999999,8.88205080756888));
#1989=CARTESIAN_POINT('',(7.11,-0.599999999999999,9.15));
#1990=CARTESIAN_POINT('',(7.51849364905389,-0.599999999999999,8.99150635094611));
#1991=CARTESIAN_POINT('',(7.785,-0.599999999999999,9.06291651245989));
#1992=CARTESIAN_POINT('',(8.3225,-0.599999999999998,8.1875));
#1993=CARTESIAN_POINT('Origin',(7.11,1.57873714101697E-15,7.85));
#1994=CARTESIAN_POINT('',(7.11,0.600000000000001,8.88205080756888));
#1995=CARTESIAN_POINT('',(7.11,0.600000000000002,6.55));
#1996=CARTESIAN_POINT('',(7.11,-0.299999999999999,8.88205080756888));
#1997=CARTESIAN_POINT('Origin',(8.11,0.600000000000001,9.15));
#1998=CARTESIAN_POINT('',(7.51849364905389,0.600000000000001,8.99150635094611));
#1999=CARTESIAN_POINT('',(7.6725,0.600000000000001,8.8375));
#2000=CARTESIAN_POINT('',(8.11,0.600000000000001,9.15));
#2001=CARTESIAN_POINT('Origin',(8.11,0.600000000000001,9.15));
#2002=CARTESIAN_POINT('',(8.11,0.600000000000002,6.55));
#2003=CARTESIAN_POINT('',(7.785,0.600000000000002,6.63708348754012));
#2004=CARTESIAN_POINT('',(8.11,0.600000000000002,8.1));
#2005=CARTESIAN_POINT('Origin',(8.11,-0.599999999999998,6.55));
#2006=CARTESIAN_POINT('',(8.11,-0.599999999999998,6.55));
#2007=CARTESIAN_POINT('',(8.11,-0.599999999999998,6.8));
#2008=CARTESIAN_POINT('',(8.11,-0.599999999999998,6.55));
#2009=CARTESIAN_POINT('Origin',(8.11,-0.599999999999999,9.15));
#2010=CARTESIAN_POINT('',(7.51849364905389,-0.299999999999999,8.99150635094611));
#2011=CARTESIAN_POINT('Origin',(8.11,0.600000000000002,6.55));
#2012=CARTESIAN_POINT('',(8.11,0.300000000000002,6.55));
#2013=CARTESIAN_POINT('Origin',(8.11,1.66200386786386E-15,7.05));
#2014=CARTESIAN_POINT('',(8.11,-0.699999999999997,8.4));
#2015=CARTESIAN_POINT('',(8.11,1.87017068498108E-15,8.4));
#2016=CARTESIAN_POINT('',(8.11,-0.699999999999997,4.7));
#2017=CARTESIAN_POINT('',(8.11,-0.699999999999997,9.4));
#2018=CARTESIAN_POINT('',(8.11,0.699999999999998,4.7));
#2019=CARTESIAN_POINT('',(8.11,-0.699999999999997,4.7));
#2020=CARTESIAN_POINT('',(8.11,0.7,8.4));
#2021=CARTESIAN_POINT('',(8.11,0.699999999999998,4.7));
#2022=CARTESIAN_POINT('',(8.11,1.87017068498108E-15,8.4));
#2023=CARTESIAN_POINT('Origin',(7.61,1.75914838251856E-15,8.9));
#2024=CARTESIAN_POINT('',(7.11,0.7,9.4));
#2025=CARTESIAN_POINT('',(7.86,0.7,8.65));
#2026=CARTESIAN_POINT('',(7.11,-0.699999999999997,9.4));
#2027=CARTESIAN_POINT('',(7.11,1.64812608005605E-15,9.4));
#2028=CARTESIAN_POINT('',(9.035,-0.699999999999997,7.475));
#2029=CARTESIAN_POINT('Origin',(8.11,-1.025,8.4));
#2030=CARTESIAN_POINT('',(9.11,2.05,8.4));
#2031=CARTESIAN_POINT('',(8.11,2.05,9.4));
#2032=CARTESIAN_POINT('Origin',(8.11,2.05,8.4));
#2033=CARTESIAN_POINT('',(8.11,0.7,9.4));
#2034=CARTESIAN_POINT('',(8.11,-1.025,9.4));
#2035=CARTESIAN_POINT('',(9.11,0.7,8.4));
#2036=CARTESIAN_POINT('Origin',(8.11,0.7,8.4));
#2037=CARTESIAN_POINT('',(9.11,-1.025,8.4));
#2038=CARTESIAN_POINT('Origin',(9.11,0.700000000000001,9.4));
#2039=CARTESIAN_POINT('',(6.46,0.7,9.4));
#2040=CARTESIAN_POINT('',(9.11,0.699999999999998,4.7));
#2041=CARTESIAN_POINT('',(9.11,0.699999999999998,4.7));
#2042=CARTESIAN_POINT('',(9.11,0.699999999999998,4.7));
#2043=CARTESIAN_POINT('Origin',(3.81,1.12354570092066E-15,9.4));
#2044=CARTESIAN_POINT('',(0.31,2.05,9.4));
#2045=CARTESIAN_POINT('',(9.11,2.05,9.4));
#2046=CARTESIAN_POINT('',(0.310000000000001,-2.05,9.4));
#2047=CARTESIAN_POINT('',(0.31,1.025,9.4));
#2048=CARTESIAN_POINT('',(2.06,-2.05,9.4));
#2049=CARTESIAN_POINT('',(-1.49,-2.05,9.4));
#2050=CARTESIAN_POINT('',(2.06,-1.45,9.4));
#2051=CARTESIAN_POINT('',(2.06,-1.025,9.4));
#2052=CARTESIAN_POINT('',(5.56,-1.45,9.4));
#2053=CARTESIAN_POINT('',(2.935,-1.45,9.4));
#2054=CARTESIAN_POINT('',(5.56,-2.05,9.4));
#2055=CARTESIAN_POINT('',(5.56,-0.724999999999998,9.4));
#2056=CARTESIAN_POINT('',(8.11,-2.05,9.4));
#2057=CARTESIAN_POINT('',(-1.49,-2.05,9.4));
#2058=CARTESIAN_POINT('',(8.11,-0.699999999999997,9.4));
#2059=CARTESIAN_POINT('',(8.11,-1.025,9.4));
#2060=CARTESIAN_POINT('',(6.46,-0.699999999999997,9.4));
#2061=CARTESIAN_POINT('Origin',(8.11,-1.025,8.4));
#2062=CARTESIAN_POINT('',(9.11,-2.05,8.4));
#2063=CARTESIAN_POINT('Origin',(8.11,-2.05,8.4));
#2064=CARTESIAN_POINT('',(9.11,-0.699999999999997,8.4));
#2065=CARTESIAN_POINT('',(9.11,-1.025,8.4));
#2066=CARTESIAN_POINT('Origin',(8.11,-0.699999999999997,8.4));
#2067=CARTESIAN_POINT('Origin',(9.11,-0.699999999999996,4.7));
#2068=CARTESIAN_POINT('',(9.11,-0.699999999999996,4.7));
#2069=CARTESIAN_POINT('',(9.11,-0.699999999999996,2.35));
#2070=CARTESIAN_POINT('',(9.11,-0.699999999999996,4.7));
#2071=CARTESIAN_POINT('Origin',(9.11,0.699999999999998,4.7));
#2072=CARTESIAN_POINT('',(9.11,-0.674999999999999,4.7));
#2073=CARTESIAN_POINT('Origin',(9.11,-2.05,0.));
#2074=CARTESIAN_POINT('',(9.11,-2.05,0.));
#2075=CARTESIAN_POINT('',(9.11,-2.05,0.));
#2076=CARTESIAN_POINT('',(9.11,2.05,0.));
#2077=CARTESIAN_POINT('',(9.11,-2.05,0.));
#2078=CARTESIAN_POINT('',(9.11,2.05,0.));
#2079=CARTESIAN_POINT('Origin',(-0.59,1.025,8.65));
#2080=CARTESIAN_POINT('',(-1.49,-2.05,7.9));
#2081=CARTESIAN_POINT('',(-2.98262295081967,-2.05,6.65614754098361));
#2082=CARTESIAN_POINT('',(-1.49,2.05,7.9));
#2083=CARTESIAN_POINT('',(0.145245901639343,2.05,9.26270491803279));
#2084=CARTESIAN_POINT('',(-1.49,1.025,7.9));
#2085=CARTESIAN_POINT('Origin',(9.11,2.05,0.));
#2086=CARTESIAN_POINT('',(-1.49,2.05,0.));
#2087=CARTESIAN_POINT('',(9.11,2.05,0.));
#2088=CARTESIAN_POINT('',(-1.49,2.05,0.));
#2089=CARTESIAN_POINT('Origin',(-0.99,1.55,0.));
#2090=CARTESIAN_POINT('',(-0.99,1.55,0.));
#2091=CARTESIAN_POINT('',(-0.989999999999999,-1.55,0.));
#2092=CARTESIAN_POINT('',(-0.989999999999999,0.775000000000001,0.));
#2093=CARTESIAN_POINT('',(-0.99,1.55,0.3));
#2094=CARTESIAN_POINT('',(-0.99,1.55,0.));
#2095=CARTESIAN_POINT('',(-0.99,-1.55,0.3));
#2096=CARTESIAN_POINT('',(-0.989999999999999,-1.55,0.3));
#2097=CARTESIAN_POINT('',(-0.989999999999999,-1.55,0.));
#2098=CARTESIAN_POINT('Origin',(8.61,1.55,0.));
#2099=CARTESIAN_POINT('',(8.61,1.55,0.));
#2100=CARTESIAN_POINT('',(6.21,1.55,0.));
#2101=CARTESIAN_POINT('',(8.61,1.55,0.3));
#2102=CARTESIAN_POINT('',(8.61,1.55,0.));
#2103=CARTESIAN_POINT('',(-0.99,1.55,0.3));
#2104=CARTESIAN_POINT('Origin',(8.61,-1.55,0.));
#2105=CARTESIAN_POINT('',(8.61,-1.55,0.));
#2106=CARTESIAN_POINT('',(8.61,-0.774999999999997,0.));
#2107=CARTESIAN_POINT('',(8.61,-1.55,0.3));
#2108=CARTESIAN_POINT('',(8.61,-1.55,0.));
#2109=CARTESIAN_POINT('',(8.61,1.55,0.3));
#2110=CARTESIAN_POINT('Origin',(-0.99,-1.55,0.));
#2111=CARTESIAN_POINT('',(1.41,-1.55,0.));
#2112=CARTESIAN_POINT('',(8.61,-1.55,0.3));
#2113=CARTESIAN_POINT('Origin',(3.81,1.67865721323324E-15,0.3));
#2114=CARTESIAN_POINT('Origin',(4.485,-1.5,2.25));
#2115=CARTESIAN_POINT('',(2.46,-1.35,2.4));
#2116=CARTESIAN_POINT('',(2.46,-1.65,2.1));
#2117=CARTESIAN_POINT('',(2.46,-1.425,2.325));
#2118=CARTESIAN_POINT('',(5.16,-1.65,2.1));
#2119=CARTESIAN_POINT('',(4.485,-1.65,2.1));
#2120=CARTESIAN_POINT('',(5.16,-1.35,2.4));
#2121=CARTESIAN_POINT('',(5.16,-1.65,2.1));
#2122=CARTESIAN_POINT('',(4.485,-1.35,2.4));
#2123=CARTESIAN_POINT('Origin',(5.16,-1.35,1.5));
#2124=CARTESIAN_POINT('',(5.16,-1.65,1.5));
#2125=CARTESIAN_POINT('',(5.16,-1.65,1.725));
#2126=CARTESIAN_POINT('',(5.16,-1.35,1.5));
#2127=CARTESIAN_POINT('',(5.16,-1.55,1.5));
#2128=CARTESIAN_POINT('',(5.16,-1.35,1.85));
#2129=CARTESIAN_POINT('Origin',(2.46,-1.35,2.4));
#2130=CARTESIAN_POINT('',(2.46,-1.35,1.5));
#2131=CARTESIAN_POINT('',(2.46,-1.35,2.3));
#2132=CARTESIAN_POINT('',(2.46,-1.65,1.5));
#2133=CARTESIAN_POINT('',(2.46,-1.55,1.5));
#2134=CARTESIAN_POINT('',(2.46,-1.65,2.175));
#2135=CARTESIAN_POINT('Origin',(3.81,-1.65,1.95));
#2136=CARTESIAN_POINT('',(3.81,-1.65,1.5));
#2137=CARTESIAN_POINT('Origin',(3.81,-1.75,1.5));
#2138=CARTESIAN_POINT('',(5.56,-2.05,1.5));
#2139=CARTESIAN_POINT('',(2.06,-2.05,1.5));
#2140=CARTESIAN_POINT('',(1.16,-2.05,1.5));
#2141=CARTESIAN_POINT('',(5.56,-1.35,1.5));
#2142=CARTESIAN_POINT('',(5.56,-2.05,1.5));
#2143=CARTESIAN_POINT('',(2.06,-1.35,1.5));
#2144=CARTESIAN_POINT('',(2.06,-1.35,1.5));
#2145=CARTESIAN_POINT('',(2.06,-1.35,1.5));
#2146=CARTESIAN_POINT('',(2.06,-1.45,1.5));
#2147=CARTESIAN_POINT('Origin',(3.81,1.12354570092066E-15,0.));
#2148=CARTESIAN_POINT('',(-1.49,-2.05,0.));
#2149=CARTESIAN_POINT('',(-1.49,-2.05,0.));
#2150=CARTESIAN_POINT('',(-1.49,2.05,0.));
#2151=CARTESIAN_POINT('Origin',(2.06,-1.45,2.9));
#2152=CARTESIAN_POINT('',(2.06,-1.45,2.9));
#2153=CARTESIAN_POINT('',(5.56,-1.45,2.9));
#2154=CARTESIAN_POINT('',(2.06,-1.45,2.9));
#2155=CARTESIAN_POINT('',(2.06,-1.35,2.9));
#2156=CARTESIAN_POINT('',(2.06,-1.45,2.9));
#2157=CARTESIAN_POINT('',(5.56,-1.35,2.9));
#2158=CARTESIAN_POINT('',(5.56,-1.35,2.9));
#2159=CARTESIAN_POINT('',(5.56,-1.45,2.9));
#2160=CARTESIAN_POINT('Origin',(3.81,-1.35,2.2));
#2161=CARTESIAN_POINT('',(5.56,-1.35,1.5));
#2162=CARTESIAN_POINT('',(2.06,-1.35,2.9));
#2163=CARTESIAN_POINT('Origin',(5.56,-1.45,9.4));
#2164=CARTESIAN_POINT('',(5.56,-1.45,9.4));
#2165=CARTESIAN_POINT('',(5.56,-2.05,4.7));
#2166=CARTESIAN_POINT('Origin',(2.06,-1.45,9.4));
#2167=CARTESIAN_POINT('',(2.06,-1.45,9.4));
#2168=CARTESIAN_POINT('Origin',(2.06,-2.05,9.4));
#2169=CARTESIAN_POINT('',(2.06,-2.05,4.7));
#2170=CARTESIAN_POINT('Origin',(-1.49,-2.05,0.));
#2171=CARTESIAN_POINT('',(-1.49,-2.05,0.));
#2172=CARTESIAN_POINT('Origin',(-1.49,2.05,0.));
#2173=CARTESIAN_POINT('Origin',(9.12,0.0550318820645265,3.54319994986622));
#2174=CARTESIAN_POINT('',(9.12,0.0157774635022765,2.59657008945942));
#2175=CARTESIAN_POINT('',(9.12,0.236661618620887,2.59657008945942));
#2176=CARTESIAN_POINT('',(9.12,0.236661618620887,2.59657008945942));
#2177=CARTESIAN_POINT('',(9.12,0.236661618620887,4.40342991735514));
#2178=CARTESIAN_POINT('',(9.12,0.236661618620887,4.40342991735514));
#2179=CARTESIAN_POINT('',(9.12,0.0939786861219086,4.40342991735514));
#2180=CARTESIAN_POINT('',(9.12,0.0939786861219087,4.40342991735514));
#2181=CARTESIAN_POINT('',(9.12,-0.425990846734945,3.95205794819971));
#2182=CARTESIAN_POINT('Ctrl Pts',(9.12,0.0939786861219087,4.40342991735514));
#2183=CARTESIAN_POINT('Ctrl Pts',(9.12,0.036356732612706,4.2868140590627));
#2184=CARTESIAN_POINT('Ctrl Pts',(9.12,-0.240777424741079,4.03849087846352));
#2185=CARTESIAN_POINT('Ctrl Pts',(9.12,-0.425990846734945,3.95205794819971));
#2186=CARTESIAN_POINT('',(9.12,-0.425990846734945,3.73803354945125));
#2187=CARTESIAN_POINT('',(9.12,-0.425990846734945,3.73803354945125));
#2188=CARTESIAN_POINT('',(9.12,0.0157774635022765,4.0041920966128));
#2189=CARTESIAN_POINT('Ctrl Pts',(9.12,-0.425990846734945,3.73803354945125));
#2190=CARTESIAN_POINT('Ctrl Pts',(9.12,-0.323094501182797,3.77644818512405));
#2191=CARTESIAN_POINT('Ctrl Pts',(9.12,-0.0637957103913846,3.92873477654123));
#2192=CARTESIAN_POINT('Ctrl Pts',(9.12,0.0157774635022765,4.0041920966128));
#2193=CARTESIAN_POINT('',(9.12,0.0157774635022765,2.59657008945942));
#2194=CARTESIAN_POINT('Origin',(9.12,-0.752825222472106,1.10039617124052));
#2195=CARTESIAN_POINT('',(9.12,-0.752286618212006,1.87572409231102));
#2196=CARTESIAN_POINT('',(9.12,-1.47027445162033,1.07999235337441));
#2197=CARTESIAN_POINT('Ctrl Pts',(9.12,-0.752286618212006,1.87572409231102));
#2198=CARTESIAN_POINT('Ctrl Pts',(9.12,-1.06897870396695,1.87572409231102));
#2199=CARTESIAN_POINT('Ctrl Pts',(9.12,-1.47027445162033,1.45384907554722));
#2200=CARTESIAN_POINT('Ctrl Pts',(9.12,-1.47027445162033,1.07999235337441));
#2201=CARTESIAN_POINT('',(9.12,-0.752286618212006,0.324275859930304));
#2202=CARTESIAN_POINT('Ctrl Pts',(9.12,-1.47027445162033,1.07999235337441));
#2203=CARTESIAN_POINT('Ctrl Pts',(9.12,-1.47027445162033,0.882202711368617));
#2204=CARTESIAN_POINT('Ctrl Pts',(9.12,-1.29878054236675,0.528925258306242));
#2205=CARTESIAN_POINT('Ctrl Pts',(9.12,-0.964939065686445,0.324275859930304));
#2206=CARTESIAN_POINT('Ctrl Pts',(9.12,-0.752286618212006,0.324275859930304));
#2207=CARTESIAN_POINT('',(9.12,-0.0354420775320426,1.09714174429977));
#2208=CARTESIAN_POINT('Ctrl Pts',(9.12,-0.752286618212006,0.324275859930304));
#2209=CARTESIAN_POINT('Ctrl Pts',(9.12,-0.557926854391283,0.324275859930304));
#2210=CARTESIAN_POINT('Ctrl Pts',(9.12,-0.219512206797552,0.50948928192417));
#2211=CARTESIAN_POINT('Ctrl Pts',(9.12,-0.0354420775320426,0.869626491356687));
#2212=CARTESIAN_POINT('Ctrl Pts',(9.12,-0.0354420775320426,1.09714174429977));
#2213=CARTESIAN_POINT('Ctrl Pts',(9.12,-0.0354420775320426,1.09714174429977));
#2214=CARTESIAN_POINT('Ctrl Pts',(9.12,-0.0354420775320426,1.32237041178614));
#2215=CARTESIAN_POINT('Ctrl Pts',(9.12,-0.210365864970694,1.67679115757687));
#2216=CARTESIAN_POINT('Ctrl Pts',(9.12,-0.544207341650996,1.87572409231102));
#2217=CARTESIAN_POINT('Ctrl Pts',(9.12,-0.752286618212006,1.87572409231102));
#2218=CARTESIAN_POINT('',(9.12,-1.26562505324439,1.0777057679177));
#2219=CARTESIAN_POINT('',(9.12,-0.751143325483649,1.7053734757858));
#2220=CARTESIAN_POINT('Ctrl Pts',(9.12,-1.26562505324439,1.0777057679177));
#2221=CARTESIAN_POINT('Ctrl Pts',(9.12,-1.26562505324439,1.41612041551143));
#2222=CARTESIAN_POINT('Ctrl Pts',(9.12,-0.961509187501373,1.7053734757858));
#2223=CARTESIAN_POINT('Ctrl Pts',(9.12,-0.751143325483649,1.7053734757858));
#2224=CARTESIAN_POINT('',(9.12,-0.240091475907981,1.09942832975648));
#2225=CARTESIAN_POINT('Ctrl Pts',(9.12,-0.751143325483649,1.7053734757858));
#2226=CARTESIAN_POINT('Ctrl Pts',(9.12,-0.602515270797213,1.7053734757858));
#2227=CARTESIAN_POINT('Ctrl Pts',(9.12,-0.363567090570559,1.55560212837101));
#2228=CARTESIAN_POINT('Ctrl Pts',(9.12,-0.240091475907981,1.28235516629364));
#2229=CARTESIAN_POINT('Ctrl Pts',(9.12,-0.240091475907981,1.09942832975648));
#2230=CARTESIAN_POINT('',(9.12,-0.753429910940364,0.494626476455526));
#2231=CARTESIAN_POINT('Ctrl Pts',(9.12,-0.240091475907981,1.09942832975648));
#2232=CARTESIAN_POINT('Ctrl Pts',(9.12,-0.240091475907981,0.809031976753756));
#2233=CARTESIAN_POINT('Ctrl Pts',(9.12,-0.529344536182353,0.494626476455526));
#2234=CARTESIAN_POINT('Ctrl Pts',(9.12,-0.753429910940364,0.494626476455526));
#2235=CARTESIAN_POINT('Ctrl Pts',(9.12,-0.753429910940364,0.494626476455526));
#2236=CARTESIAN_POINT('Ctrl Pts',(9.12,-0.974085407513303,0.494626476455526));
#2237=CARTESIAN_POINT('Ctrl Pts',(9.12,-1.26562505324439,0.806745391297042));
#2238=CARTESIAN_POINT('Ctrl Pts',(9.12,-1.26562505324439,1.0777057679177));
#2239=CARTESIAN_POINT('Origin',(9.12,0.809451248723927,1.09942832975648));
#2240=CARTESIAN_POINT('',(9.12,0.218368908163256,1.84942835955881));
#2241=CARTESIAN_POINT('',(9.12,0.218368908163255,0.349428299954162));
#2242=CARTESIAN_POINT('',(9.12,0.218368908163255,0.349428299954162));
#2243=CARTESIAN_POINT('',(9.12,0.40815550107055,0.349428299954162));
#2244=CARTESIAN_POINT('',(9.12,0.40815550107055,0.349428299954162));
#2245=CARTESIAN_POINT('',(9.12,0.40815550107055,1.52701981016208));
#2246=CARTESIAN_POINT('',(9.12,0.40815550107055,1.52701981016208));
#2247=CARTESIAN_POINT('',(9.12,1.19702748363702,0.349428299954162));
#2248=CARTESIAN_POINT('',(9.12,1.19702748363702,0.349428299954162));
#2249=CARTESIAN_POINT('',(9.12,1.4005335892846,0.349428299954161));
#2250=CARTESIAN_POINT('',(9.12,1.4005335892846,0.349428299954162));
#2251=CARTESIAN_POINT('',(9.12,1.4005335892846,1.84942835955881));
#2252=CARTESIAN_POINT('',(9.12,1.4005335892846,1.84942835955881));
#2253=CARTESIAN_POINT('',(9.12,1.2107469963773,1.84942835955881));
#2254=CARTESIAN_POINT('',(9.12,1.2107469963773,1.84942835955881));
#2255=CARTESIAN_POINT('',(9.12,1.2107469963773,0.671836849350892));
#2256=CARTESIAN_POINT('',(9.12,1.2107469963773,0.671836849350892));
#2257=CARTESIAN_POINT('',(9.12,0.421875013810837,1.84942835955881));
#2258=CARTESIAN_POINT('',(9.12,0.421875013810837,1.84942835955881));
#2259=CARTESIAN_POINT('',(9.12,0.218368908163256,1.84942835955881));
#2260=UNCERTAINTY_MEASURE_WITH_UNIT(LENGTH_MEASURE(0.01),#2264,
'DISTANCE_ACCURACY_VALUE',
'Maximum model space distance between geometric entities at asserted c
onnectivities');
#2261=UNCERTAINTY_MEASURE_WITH_UNIT(LENGTH_MEASURE(0.01),#2264,
'DISTANCE_ACCURACY_VALUE',
'Maximum model space distance between geometric entities at asserted c
onnectivities');
#2262=(
GEOMETRIC_REPRESENTATION_CONTEXT(3)
GLOBAL_UNCERTAINTY_ASSIGNED_CONTEXT((#2260))
GLOBAL_UNIT_ASSIGNED_CONTEXT((#2264,#2266,#2267))
REPRESENTATION_CONTEXT('','3D')
);
#2263=(
GEOMETRIC_REPRESENTATION_CONTEXT(3)
GLOBAL_UNCERTAINTY_ASSIGNED_CONTEXT((#2261))
GLOBAL_UNIT_ASSIGNED_CONTEXT((#2264,#2266,#2267))
REPRESENTATION_CONTEXT('','3D')
);
#2264=(
LENGTH_UNIT()
NAMED_UNIT(*)
SI_UNIT(.MILLI.,.METRE.)
);
#2265=(
LENGTH_UNIT()
NAMED_UNIT(*)
SI_UNIT(.CENTI.,.METRE.)
);
#2266=(
NAMED_UNIT(*)
PLANE_ANGLE_UNIT()
SI_UNIT($,.RADIAN.)
);
#2267=(
NAMED_UNIT(*)
SI_UNIT($,.STERADIAN.)
SOLID_ANGLE_UNIT()
);
#2268=SHAPE_DEFINITION_REPRESENTATION(#2269,#2270);
#2269=PRODUCT_DEFINITION_SHAPE('',$,#2272);
#2270=SHAPE_REPRESENTATION('',(#1421,#28,#29,#30),#2262);
#2271=PRODUCT_DEFINITION_CONTEXT('part definition',#2276,'design');
#2272=PRODUCT_DEFINITION('Top Toggle Switch','Side Toggle Switch',#2273,
#2271);
#2273=PRODUCT_DEFINITION_FORMATION('',$,#2278);
#2274=PRODUCT_RELATED_PRODUCT_CATEGORY('Side Toggle Switch',
'Side Toggle Switch',(#2278));
#2275=APPLICATION_PROTOCOL_DEFINITION('international standard',
'automotive_design',2009,#2276);
#2276=APPLICATION_CONTEXT(
'Core Data for Automotive Mechanical Design Process');
#2277=PRODUCT_CONTEXT('part definition',#2276,'mechanical');
#2278=PRODUCT('Top Toggle Switch','Side Toggle Switch',$,(#2277));
#2279=PRESENTATION_STYLE_ASSIGNMENT((#2284));
#2280=PRESENTATION_STYLE_ASSIGNMENT((#2285));
#2281=PRESENTATION_STYLE_ASSIGNMENT((#2286));
#2282=PRESENTATION_STYLE_ASSIGNMENT((#2287));
#2283=PRESENTATION_STYLE_ASSIGNMENT((#2288));
#2284=SURFACE_STYLE_USAGE(.BOTH.,#2299);
#2285=SURFACE_STYLE_USAGE(.BOTH.,#2300);
#2286=SURFACE_STYLE_USAGE(.BOTH.,#2301);
#2287=SURFACE_STYLE_USAGE(.BOTH.,#2302);
#2288=SURFACE_STYLE_USAGE(.BOTH.,#2303);
#2289=SURFACE_STYLE_RENDERING_WITH_PROPERTIES($,#2319,(#2294));
#2290=SURFACE_STYLE_RENDERING_WITH_PROPERTIES($,#2320,(#2295));
#2291=SURFACE_STYLE_RENDERING_WITH_PROPERTIES($,#2321,(#2296));
#2292=SURFACE_STYLE_RENDERING_WITH_PROPERTIES($,#2322,(#2297));
#2293=SURFACE_STYLE_RENDERING_WITH_PROPERTIES($,#2323,(#2298));
#2294=SURFACE_STYLE_TRANSPARENT(0.);
#2295=SURFACE_STYLE_TRANSPARENT(0.);
#2296=SURFACE_STYLE_TRANSPARENT(0.);
#2297=SURFACE_STYLE_TRANSPARENT(0.);
#2298=SURFACE_STYLE_TRANSPARENT(0.);
#2299=SURFACE_SIDE_STYLE('',(#2304,#2289));
#2300=SURFACE_SIDE_STYLE('',(#2305,#2290));
#2301=SURFACE_SIDE_STYLE('',(#2306,#2291));
#2302=SURFACE_SIDE_STYLE('',(#2307,#2292));
#2303=SURFACE_SIDE_STYLE('',(#2308,#2293));
#2304=SURFACE_STYLE_FILL_AREA(#2309);
#2305=SURFACE_STYLE_FILL_AREA(#2310);
#2306=SURFACE_STYLE_FILL_AREA(#2311);
#2307=SURFACE_STYLE_FILL_AREA(#2312);
#2308=SURFACE_STYLE_FILL_AREA(#2313);
#2309=FILL_AREA_STYLE('',(#2314));
#2310=FILL_AREA_STYLE('',(#2315));
#2311=FILL_AREA_STYLE('',(#2316));
#2312=FILL_AREA_STYLE('',(#2317));
#2313=FILL_AREA_STYLE('',(#2318));
#2314=FILL_AREA_STYLE_COLOUR('',#2319);
#2315=FILL_AREA_STYLE_COLOUR('',#2320);
#2316=FILL_AREA_STYLE_COLOUR('',#2321);
#2317=FILL_AREA_STYLE_COLOUR('',#2322);
#2318=FILL_AREA_STYLE_COLOUR('',#2323);
#2319=COLOUR_RGB('',0.749019607843137,0.749019607843137,0.749019607843137);
#2320=COLOUR_RGB('',0.952941176470588,0.952941176470588,0.952941176470588);
#2321=COLOUR_RGB('',0.827450980392157,0.788235294117647,0.494117647058824);
#2322=COLOUR_RGB('',1.,0.207843137254902,0.207843137254902);
#2323=COLOUR_RGB('',0.176470588235294,0.176470588235294,0.176470588235294);
ENDSEC;
END-ISO-10303-21;
