ISO-10303-21;
HEADER;
/* Generated by software containing ST-Developer
 * from STEP Tools, Inc. (www.steptools.com) 
 */

FILE_DESCRIPTION(
/* description */ (''),
/* implementation_level */ '2;1');

FILE_NAME(
/* name */ 
'C:\\Users\\crscnt\\3D Objects\\altium\\DIP toggle switches\\red\\side
\\DIP_SW-6P-S.stp',
/* time_stamp */ '2024-02-12T12:30:04+03:00',
/* author */ ('crscnt'),
/* organization */ (''),
/* preprocessor_version */ 'ST-DEVELOPER v19',
/* originating_system */ 'Autodesk Inventor 2023',
/* authorisation */ '');

FILE_SCHEMA (('AUTOMOTIVE_DESIGN { 1 0 10303 214 3 1 1 }'));
ENDSEC;

DATA;
#10=MECHANICAL_DESIGN_GEOMETRIC_PRESENTATION_REPRESENTATION('',(#4822,#4823,
#4824,#4825,#4826,#4827,#4828,#4829,#4830,#4831,#4832,#4833,#4834,#4835,
#4836,#4837,#4838,#4839,#4840,#4841,#4842,#4843,#4844,#4845,#4846,#4847,
#4848,#4849,#4850,#4851,#4852,#4853,#4854,#4855,#4856,#4857,#4858,#4859,
#4860,#4861,#4862,#4863,#4864,#4865,#4866,#4867,#4868,#4869,#4870,#4871,
#4872,#4873,#4874,#4875,#4876,#4877,#4878,#4879,#4880,#4881,#4882,#4883,
#4884,#4885,#4886,#4887,#4888,#4889,#4890,#4891,#4892,#4893,#4894,#4895,
#4896,#4897,#4898,#4899,#4900,#4901,#4902,#4903,#4904,#4905,#4906,#4907,
#4908,#4909,#4910,#4911,#4912,#4913,#4914,#4915,#4916,#4917,#4918,#4919,
#4920,#4921,#4922,#4923,#4924,#4925,#4926,#4927,#4928,#4929,#4930,#4931,
#4932,#4933,#4934,#4935,#4936,#4937,#4938,#4939,#4940,#4941,#4942,#4943,
#4944,#4945,#4946,#4947,#4948,#4949,#4950,#4951,#4952,#4953,#4954,#4955,
#4956,#4957,#4958,#4959,#4960,#4961,#4962,#4963,#4964,#4965,#4966,#4967,
#4968,#4969,#4970,#4971,#4972,#4973,#4974,#4975,#4976,#4977,#4978,#4979,
#4980,#4981,#4982,#4983,#4984,#4985,#4986,#4987,#4988,#4989,#4990,#4991,
#4992,#4993,#4994,#4995,#4996,#4997,#4998,#4999,#5000,#5001,#5002,#5003,
#5004,#5005,#5006,#5007,#5008,#5009,#5010,#5011,#5012,#5013,#5014,#5015,
#5016,#5017,#5018,#5019,#5020,#5021,#5022,#5023,#5024,#5025,#5026,#5027,
#5028,#5029,#5030,#5031,#5032,#5033,#5034,#5035,#5036,#5037,#5038,#5039,
#5040,#5041,#5042,#5043,#5044,#5045,#5046,#5047,#5048,#5049,#5050,#5051,
#5052,#5053,#5054,#5055,#5056,#5057,#5058,#5059,#5060,#5061,#5062),#8613);
#11=APPLIED_GROUP_ASSIGNMENT(#12,(#85,#86,#87,#88,#89,#90,#91,#92,#93));
#12=GROUP('Extrusion15',$);
#13=SHAPE_REPRESENTATION_RELATIONSHIP('SRR','None',#8620,#14);
#14=ADVANCED_BREP_SHAPE_REPRESENTATION('',(#94),#8612);
#15=B_SPLINE_CURVE_WITH_KNOTS('',2,(#8209,#8210,#8211,#8212),
 .UNSPECIFIED.,.F.,.F.,(3,1,3),(-2.,-1.,0.),.UNSPECIFIED.);
#16=B_SPLINE_CURVE_WITH_KNOTS('',2,(#8216,#8217,#8218,#8219),
 .UNSPECIFIED.,.F.,.F.,(3,1,3),(-2.,-1.,0.),.UNSPECIFIED.);
#17=B_SPLINE_CURVE_WITH_KNOTS('',2,(#8226,#8227,#8228,#8229),
 .UNSPECIFIED.,.F.,.F.,(3,1,3),(-2.,-1.,0.),.UNSPECIFIED.);
#18=B_SPLINE_CURVE_WITH_KNOTS('',2,(#8233,#8234,#8235,#8236),
 .UNSPECIFIED.,.F.,.F.,(3,1,3),(-2.,-1.,0.),.UNSPECIFIED.);
#19=B_SPLINE_CURVE_WITH_KNOTS('',2,(#8240,#8241,#8242),.UNSPECIFIED.,.F.,
 .F.,(3,3),(-1.,0.),.UNSPECIFIED.);
#20=B_SPLINE_CURVE_WITH_KNOTS('',2,(#8249,#8250,#8251,#8252),
 .UNSPECIFIED.,.F.,.F.,(3,1,3),(-2.,-1.,0.),.UNSPECIFIED.);
#21=B_SPLINE_CURVE_WITH_KNOTS('',2,(#8260,#8261,#8262,#8263),
 .UNSPECIFIED.,.F.,.F.,(3,1,3),(-2.,-1.,0.),.UNSPECIFIED.);
#22=B_SPLINE_CURVE_WITH_KNOTS('',2,(#8265,#8266,#8267,#8268,#8269),
 .UNSPECIFIED.,.F.,.F.,(3,1,1,3),(-3.,-2.,-1.,0.),.UNSPECIFIED.);
#23=B_SPLINE_CURVE_WITH_KNOTS('',2,(#8271,#8272,#8273,#8274),
 .UNSPECIFIED.,.F.,.F.,(3,1,3),(-2.,-1.,0.),.UNSPECIFIED.);
#24=B_SPLINE_CURVE_WITH_KNOTS('',2,(#8276,#8277,#8278,#8279),
 .UNSPECIFIED.,.F.,.F.,(3,1,3),(-2.,-1.,0.),.UNSPECIFIED.);
#25=B_SPLINE_CURVE_WITH_KNOTS('',2,(#8283,#8284,#8285,#8286),
 .UNSPECIFIED.,.F.,.F.,(3,1,3),(-2.,-1.,0.),.UNSPECIFIED.);
#26=B_SPLINE_CURVE_WITH_KNOTS('',2,(#8288,#8289,#8290,#8291),
 .UNSPECIFIED.,.F.,.F.,(3,1,3),(-2.,-1.,0.),.UNSPECIFIED.);
#27=B_SPLINE_CURVE_WITH_KNOTS('',2,(#8293,#8294,#8295,#8296),
 .UNSPECIFIED.,.F.,.F.,(3,1,3),(-2.,-1.,0.),.UNSPECIFIED.);
#28=B_SPLINE_CURVE_WITH_KNOTS('',2,(#8298,#8299,#8300,#8301),
 .UNSPECIFIED.,.F.,.F.,(3,1,3),(-2.,-1.,0.),.UNSPECIFIED.);
#29=B_SPLINE_CURVE_WITH_KNOTS('',2,(#8303,#8304,#8305),.UNSPECIFIED.,.F.,
 .F.,(3,3),(-1.,0.),.UNSPECIFIED.);
#30=B_SPLINE_CURVE_WITH_KNOTS('',2,(#8312,#8313,#8314,#8315),
 .UNSPECIFIED.,.F.,.F.,(3,1,3),(-2.,-1.,0.),.UNSPECIFIED.);
#31=B_SPLINE_CURVE_WITH_KNOTS('',2,(#8317,#8318,#8319),.UNSPECIFIED.,.F.,
 .F.,(3,3),(-1.,0.),.UNSPECIFIED.);
#32=B_SPLINE_CURVE_WITH_KNOTS('',2,(#8321,#8322,#8323),.UNSPECIFIED.,.F.,
 .F.,(3,3),(-1.,0.),.UNSPECIFIED.);
#33=B_SPLINE_CURVE_WITH_KNOTS('',2,(#8325,#8326,#8327,#8328),
 .UNSPECIFIED.,.F.,.F.,(3,1,3),(-2.,-1.,0.),.UNSPECIFIED.);
#34=B_SPLINE_CURVE_WITH_KNOTS('',2,(#8330,#8331,#8332),.UNSPECIFIED.,.F.,
 .F.,(3,3),(-1.,0.),.UNSPECIFIED.);
#35=B_SPLINE_CURVE_WITH_KNOTS('',2,(#8346,#8347,#8348,#8349),
 .UNSPECIFIED.,.F.,.F.,(3,1,3),(-2.,-1.,0.),.UNSPECIFIED.);
#36=B_SPLINE_CURVE_WITH_KNOTS('',2,(#8351,#8352,#8353,#8354),
 .UNSPECIFIED.,.F.,.F.,(3,1,3),(-2.,-1.,0.),.UNSPECIFIED.);
#37=B_SPLINE_CURVE_WITH_KNOTS('',2,(#8356,#8357,#8358,#8359),
 .UNSPECIFIED.,.F.,.F.,(3,1,3),(-2.,-1.,0.),.UNSPECIFIED.);
#38=B_SPLINE_CURVE_WITH_KNOTS('',2,(#8360,#8361,#8362,#8363),
 .UNSPECIFIED.,.F.,.F.,(3,1,3),(-2.,-1.,0.),.UNSPECIFIED.);
#39=B_SPLINE_CURVE_WITH_KNOTS('',2,(#8369,#8370,#8371,#8372),
 .UNSPECIFIED.,.F.,.F.,(3,1,3),(-2.,-1.,0.),.UNSPECIFIED.);
#40=B_SPLINE_CURVE_WITH_KNOTS('',2,(#8374,#8375,#8376),.UNSPECIFIED.,.F.,
 .F.,(3,3),(-1.,0.),.UNSPECIFIED.);
#41=B_SPLINE_CURVE_WITH_KNOTS('',2,(#8378,#8379,#8380),.UNSPECIFIED.,.F.,
 .F.,(3,3),(-1.,0.),.UNSPECIFIED.);
#42=B_SPLINE_CURVE_WITH_KNOTS('',2,(#8382,#8383,#8384,#8385),
 .UNSPECIFIED.,.F.,.F.,(3,1,3),(-2.,-1.,0.),.UNSPECIFIED.);
#43=B_SPLINE_CURVE_WITH_KNOTS('',2,(#8387,#8388,#8389,#8390,#8391),
 .UNSPECIFIED.,.F.,.F.,(3,1,1,3),(-3.,-2.,-1.,0.),.UNSPECIFIED.);
#44=B_SPLINE_CURVE_WITH_KNOTS('',2,(#8393,#8394,#8395,#8396),
 .UNSPECIFIED.,.F.,.F.,(3,1,3),(-2.,-1.,0.),.UNSPECIFIED.);
#45=B_SPLINE_CURVE_WITH_KNOTS('',2,(#8398,#8399,#8400,#8401),
 .UNSPECIFIED.,.F.,.F.,(3,1,3),(-2.,-1.,0.),.UNSPECIFIED.);
#46=B_SPLINE_CURVE_WITH_KNOTS('',2,(#8403,#8404,#8405,#8406),
 .UNSPECIFIED.,.F.,.F.,(3,1,3),(-2.,-1.,0.),.UNSPECIFIED.);
#47=B_SPLINE_CURVE_WITH_KNOTS('',2,(#8408,#8409,#8410),.UNSPECIFIED.,.F.,
 .F.,(3,3),(-1.,0.),.UNSPECIFIED.);
#48=B_SPLINE_CURVE_WITH_KNOTS('',2,(#8412,#8413,#8414),.UNSPECIFIED.,.F.,
 .F.,(3,3),(-1.,0.),.UNSPECIFIED.);
#49=B_SPLINE_CURVE_WITH_KNOTS('',2,(#8415,#8416,#8417),.UNSPECIFIED.,.F.,
 .F.,(3,3),(-1.,0.),.UNSPECIFIED.);
#50=B_SPLINE_CURVE_WITH_KNOTS('',2,(#8420,#8421,#8422,#8423),
 .UNSPECIFIED.,.F.,.F.,(3,1,3),(-2.,-1.,0.),.UNSPECIFIED.);
#51=B_SPLINE_CURVE_WITH_KNOTS('',2,(#8425,#8426,#8427,#8428),
 .UNSPECIFIED.,.F.,.F.,(3,1,3),(-2.,-1.,0.),.UNSPECIFIED.);
#52=B_SPLINE_CURVE_WITH_KNOTS('',2,(#8430,#8431,#8432,#8433),
 .UNSPECIFIED.,.F.,.F.,(3,1,3),(-2.,-1.,0.),.UNSPECIFIED.);
#53=B_SPLINE_CURVE_WITH_KNOTS('',2,(#8434,#8435,#8436,#8437,#8438),
 .UNSPECIFIED.,.F.,.F.,(3,1,1,3),(-3.,-2.,-1.,0.),.UNSPECIFIED.);
#54=B_SPLINE_CURVE_WITH_KNOTS('',2,(#8473,#8474,#8475,#8476),
 .UNSPECIFIED.,.F.,.F.,(3,1,3),(-2.,-1.,0.),.UNSPECIFIED.);
#55=B_SPLINE_CURVE_WITH_KNOTS('',2,(#8478,#8479,#8480,#8481),
 .UNSPECIFIED.,.F.,.F.,(3,1,3),(-2.,-1.,0.),.UNSPECIFIED.);
#56=B_SPLINE_CURVE_WITH_KNOTS('',2,(#8483,#8484,#8485,#8486),
 .UNSPECIFIED.,.F.,.F.,(3,1,3),(-2.,-1.,0.),.UNSPECIFIED.);
#57=B_SPLINE_CURVE_WITH_KNOTS('',2,(#8488,#8489,#8490,#8491),
 .UNSPECIFIED.,.F.,.F.,(3,1,3),(-2.,-1.,0.),.UNSPECIFIED.);
#58=B_SPLINE_CURVE_WITH_KNOTS('',2,(#8493,#8494,#8495,#8496,#8497),
 .UNSPECIFIED.,.F.,.F.,(3,1,1,3),(-3.,-2.,-1.,0.),.UNSPECIFIED.);
#59=B_SPLINE_CURVE_WITH_KNOTS('',2,(#8499,#8500,#8501,#8502),
 .UNSPECIFIED.,.F.,.F.,(3,1,3),(-2.,-1.,0.),.UNSPECIFIED.);
#60=B_SPLINE_CURVE_WITH_KNOTS('',2,(#8506,#8507,#8508,#8509),
 .UNSPECIFIED.,.F.,.F.,(3,1,3),(-2.,-1.,0.),.UNSPECIFIED.);
#61=B_SPLINE_CURVE_WITH_KNOTS('',2,(#8511,#8512,#8513,#8514),
 .UNSPECIFIED.,.F.,.F.,(3,1,3),(-2.,-1.,0.),.UNSPECIFIED.);
#62=B_SPLINE_CURVE_WITH_KNOTS('',2,(#8516,#8517,#8518,#8519),
 .UNSPECIFIED.,.F.,.F.,(3,1,3),(-2.,-1.,0.),.UNSPECIFIED.);
#63=B_SPLINE_CURVE_WITH_KNOTS('',2,(#8521,#8522,#8523),.UNSPECIFIED.,.F.,
 .F.,(3,3),(-1.,0.),.UNSPECIFIED.);
#64=B_SPLINE_CURVE_WITH_KNOTS('',2,(#8527,#8528,#8529),.UNSPECIFIED.,.F.,
 .F.,(3,3),(-1.,0.),.UNSPECIFIED.);
#65=B_SPLINE_CURVE_WITH_KNOTS('',2,(#8531,#8532,#8533,#8534),
 .UNSPECIFIED.,.F.,.F.,(3,1,3),(-2.,-1.,0.),.UNSPECIFIED.);
#66=B_SPLINE_CURVE_WITH_KNOTS('',2,(#8536,#8537,#8538,#8539),
 .UNSPECIFIED.,.F.,.F.,(3,1,3),(-2.,-1.,0.),.UNSPECIFIED.);
#67=B_SPLINE_CURVE_WITH_KNOTS('',2,(#8540,#8541,#8542,#8543),
 .UNSPECIFIED.,.F.,.F.,(3,1,3),(-2.,-1.,0.),.UNSPECIFIED.);
#68=B_SPLINE_CURVE_WITH_KNOTS('',2,(#8547,#8548,#8549,#8550),
 .UNSPECIFIED.,.F.,.F.,(3,1,3),(-2.,-1.,0.),.UNSPECIFIED.);
#69=B_SPLINE_CURVE_WITH_KNOTS('',2,(#8552,#8553,#8554,#8555,#8556),
 .UNSPECIFIED.,.F.,.F.,(3,1,1,3),(-3.,-2.,-1.,0.),.UNSPECIFIED.);
#70=B_SPLINE_CURVE_WITH_KNOTS('',2,(#8558,#8559,#8560,#8561,#8562),
 .UNSPECIFIED.,.F.,.F.,(3,1,1,3),(-3.,-2.,-1.,0.),.UNSPECIFIED.);
#71=B_SPLINE_CURVE_WITH_KNOTS('',2,(#8563,#8564,#8565,#8566,#8567),
 .UNSPECIFIED.,.F.,.F.,(3,1,1,3),(-3.,-2.,-1.,0.),.UNSPECIFIED.);
#72=B_SPLINE_CURVE_WITH_KNOTS('',2,(#8570,#8571,#8572,#8573),
 .UNSPECIFIED.,.F.,.F.,(3,1,3),(-2.,-1.,0.),.UNSPECIFIED.);
#73=B_SPLINE_CURVE_WITH_KNOTS('',2,(#8575,#8576,#8577,#8578,#8579),
 .UNSPECIFIED.,.F.,.F.,(3,1,1,3),(-3.,-2.,-1.,0.),.UNSPECIFIED.);
#74=B_SPLINE_CURVE_WITH_KNOTS('',2,(#8581,#8582,#8583,#8584),
 .UNSPECIFIED.,.F.,.F.,(3,1,3),(-2.,-1.,0.),.UNSPECIFIED.);
#75=B_SPLINE_CURVE_WITH_KNOTS('',2,(#8585,#8586,#8587,#8588),
 .UNSPECIFIED.,.F.,.F.,(3,1,3),(-2.,-1.,0.),.UNSPECIFIED.);
#76=OPEN_SHELL('',(#5300));
#77=OPEN_SHELL('',(#5301));
#78=OPEN_SHELL('',(#5302));
#79=OPEN_SHELL('',(#5303));
#80=OPEN_SHELL('',(#5304));
#81=OPEN_SHELL('',(#5305));
#82=OPEN_SHELL('',(#5306));
#83=OPEN_SHELL('',(#5307));
#84=OPEN_SHELL('',(#5308));
#85=SHELL_BASED_SURFACE_MODEL('Symbols',(#76));
#86=SHELL_BASED_SURFACE_MODEL('Symbols',(#77));
#87=SHELL_BASED_SURFACE_MODEL('Symbols',(#78));
#88=SHELL_BASED_SURFACE_MODEL('Symbols',(#79));
#89=SHELL_BASED_SURFACE_MODEL('Symbols',(#80));
#90=SHELL_BASED_SURFACE_MODEL('Symbols',(#81));
#91=SHELL_BASED_SURFACE_MODEL('Symbols',(#82));
#92=SHELL_BASED_SURFACE_MODEL('Symbols',(#83));
#93=SHELL_BASED_SURFACE_MODEL('Symbols',(#84));
#94=MANIFOLD_SOLID_BREP('Body',#5309);
#95=FACE_BOUND('',#609,.T.);
#96=FACE_BOUND('',#611,.T.);
#97=FACE_BOUND('',#612,.T.);
#98=FACE_BOUND('',#613,.T.);
#99=FACE_BOUND('',#614,.T.);
#100=FACE_BOUND('',#615,.T.);
#101=FACE_BOUND('',#616,.T.);
#102=FACE_BOUND('',#617,.T.);
#103=FACE_BOUND('',#618,.T.);
#104=FACE_BOUND('',#619,.T.);
#105=FACE_BOUND('',#620,.T.);
#106=FACE_BOUND('',#621,.T.);
#107=FACE_BOUND('',#622,.T.);
#108=FACE_BOUND('',#623,.T.);
#109=FACE_BOUND('',#635,.T.);
#110=FACE_BOUND('',#648,.T.);
#111=FACE_BOUND('',#650,.T.);
#112=FACE_BOUND('',#653,.T.);
#113=CYLINDRICAL_SURFACE('',#5337,0.3);
#114=CYLINDRICAL_SURFACE('',#5341,0.5);
#115=CYLINDRICAL_SURFACE('',#5346,0.2);
#116=CYLINDRICAL_SURFACE('',#5349,0.0999999999999998);
#117=CYLINDRICAL_SURFACE('',#5352,0.4);
#118=CYLINDRICAL_SURFACE('',#5361,0.3);
#119=CYLINDRICAL_SURFACE('',#5365,0.5);
#120=CYLINDRICAL_SURFACE('',#5370,0.2);
#121=CYLINDRICAL_SURFACE('',#5373,0.0999999999999998);
#122=CYLINDRICAL_SURFACE('',#5376,0.4);
#123=CYLINDRICAL_SURFACE('',#5385,0.3);
#124=CYLINDRICAL_SURFACE('',#5389,0.5);
#125=CYLINDRICAL_SURFACE('',#5394,0.2);
#126=CYLINDRICAL_SURFACE('',#5397,0.0999999999999998);
#127=CYLINDRICAL_SURFACE('',#5400,0.4);
#128=CYLINDRICAL_SURFACE('',#5409,0.3);
#129=CYLINDRICAL_SURFACE('',#5413,0.5);
#130=CYLINDRICAL_SURFACE('',#5418,0.2);
#131=CYLINDRICAL_SURFACE('',#5421,0.0999999999999998);
#132=CYLINDRICAL_SURFACE('',#5424,0.4);
#133=CYLINDRICAL_SURFACE('',#5433,0.3);
#134=CYLINDRICAL_SURFACE('',#5437,0.5);
#135=CYLINDRICAL_SURFACE('',#5442,0.2);
#136=CYLINDRICAL_SURFACE('',#5445,0.0999999999999998);
#137=CYLINDRICAL_SURFACE('',#5448,0.4);
#138=CYLINDRICAL_SURFACE('',#5457,0.3);
#139=CYLINDRICAL_SURFACE('',#5461,0.5);
#140=CYLINDRICAL_SURFACE('',#5466,0.2);
#141=CYLINDRICAL_SURFACE('',#5469,0.0999999999999998);
#142=CYLINDRICAL_SURFACE('',#5472,0.4);
#143=CYLINDRICAL_SURFACE('',#5604,1.);
#144=CYLINDRICAL_SURFACE('',#5609,1.);
#145=FACE_OUTER_BOUND('',#391,.T.);
#146=FACE_OUTER_BOUND('',#392,.T.);
#147=FACE_OUTER_BOUND('',#393,.T.);
#148=FACE_OUTER_BOUND('',#394,.T.);
#149=FACE_OUTER_BOUND('',#395,.T.);
#150=FACE_OUTER_BOUND('',#396,.T.);
#151=FACE_OUTER_BOUND('',#397,.T.);
#152=FACE_OUTER_BOUND('',#398,.T.);
#153=FACE_OUTER_BOUND('',#399,.T.);
#154=FACE_OUTER_BOUND('',#400,.T.);
#155=FACE_OUTER_BOUND('',#401,.T.);
#156=FACE_OUTER_BOUND('',#402,.T.);
#157=FACE_OUTER_BOUND('',#403,.T.);
#158=FACE_OUTER_BOUND('',#404,.T.);
#159=FACE_OUTER_BOUND('',#405,.T.);
#160=FACE_OUTER_BOUND('',#406,.T.);
#161=FACE_OUTER_BOUND('',#407,.T.);
#162=FACE_OUTER_BOUND('',#408,.T.);
#163=FACE_OUTER_BOUND('',#409,.T.);
#164=FACE_OUTER_BOUND('',#410,.T.);
#165=FACE_OUTER_BOUND('',#411,.T.);
#166=FACE_OUTER_BOUND('',#412,.T.);
#167=FACE_OUTER_BOUND('',#413,.T.);
#168=FACE_OUTER_BOUND('',#414,.T.);
#169=FACE_OUTER_BOUND('',#415,.T.);
#170=FACE_OUTER_BOUND('',#416,.T.);
#171=FACE_OUTER_BOUND('',#417,.T.);
#172=FACE_OUTER_BOUND('',#418,.T.);
#173=FACE_OUTER_BOUND('',#419,.T.);
#174=FACE_OUTER_BOUND('',#420,.T.);
#175=FACE_OUTER_BOUND('',#421,.T.);
#176=FACE_OUTER_BOUND('',#422,.T.);
#177=FACE_OUTER_BOUND('',#423,.T.);
#178=FACE_OUTER_BOUND('',#424,.T.);
#179=FACE_OUTER_BOUND('',#425,.T.);
#180=FACE_OUTER_BOUND('',#426,.T.);
#181=FACE_OUTER_BOUND('',#427,.T.);
#182=FACE_OUTER_BOUND('',#428,.T.);
#183=FACE_OUTER_BOUND('',#429,.T.);
#184=FACE_OUTER_BOUND('',#430,.T.);
#185=FACE_OUTER_BOUND('',#431,.T.);
#186=FACE_OUTER_BOUND('',#432,.T.);
#187=FACE_OUTER_BOUND('',#433,.T.);
#188=FACE_OUTER_BOUND('',#434,.T.);
#189=FACE_OUTER_BOUND('',#435,.T.);
#190=FACE_OUTER_BOUND('',#436,.T.);
#191=FACE_OUTER_BOUND('',#437,.T.);
#192=FACE_OUTER_BOUND('',#438,.T.);
#193=FACE_OUTER_BOUND('',#439,.T.);
#194=FACE_OUTER_BOUND('',#440,.T.);
#195=FACE_OUTER_BOUND('',#441,.T.);
#196=FACE_OUTER_BOUND('',#442,.T.);
#197=FACE_OUTER_BOUND('',#443,.T.);
#198=FACE_OUTER_BOUND('',#444,.T.);
#199=FACE_OUTER_BOUND('',#445,.T.);
#200=FACE_OUTER_BOUND('',#446,.T.);
#201=FACE_OUTER_BOUND('',#447,.T.);
#202=FACE_OUTER_BOUND('',#448,.T.);
#203=FACE_OUTER_BOUND('',#449,.T.);
#204=FACE_OUTER_BOUND('',#450,.T.);
#205=FACE_OUTER_BOUND('',#451,.T.);
#206=FACE_OUTER_BOUND('',#452,.T.);
#207=FACE_OUTER_BOUND('',#453,.T.);
#208=FACE_OUTER_BOUND('',#454,.T.);
#209=FACE_OUTER_BOUND('',#455,.T.);
#210=FACE_OUTER_BOUND('',#456,.T.);
#211=FACE_OUTER_BOUND('',#457,.T.);
#212=FACE_OUTER_BOUND('',#458,.T.);
#213=FACE_OUTER_BOUND('',#459,.T.);
#214=FACE_OUTER_BOUND('',#460,.T.);
#215=FACE_OUTER_BOUND('',#461,.T.);
#216=FACE_OUTER_BOUND('',#462,.T.);
#217=FACE_OUTER_BOUND('',#463,.T.);
#218=FACE_OUTER_BOUND('',#464,.T.);
#219=FACE_OUTER_BOUND('',#465,.T.);
#220=FACE_OUTER_BOUND('',#466,.T.);
#221=FACE_OUTER_BOUND('',#467,.T.);
#222=FACE_OUTER_BOUND('',#468,.T.);
#223=FACE_OUTER_BOUND('',#469,.T.);
#224=FACE_OUTER_BOUND('',#470,.T.);
#225=FACE_OUTER_BOUND('',#471,.T.);
#226=FACE_OUTER_BOUND('',#472,.T.);
#227=FACE_OUTER_BOUND('',#473,.T.);
#228=FACE_OUTER_BOUND('',#474,.T.);
#229=FACE_OUTER_BOUND('',#475,.T.);
#230=FACE_OUTER_BOUND('',#476,.T.);
#231=FACE_OUTER_BOUND('',#477,.T.);
#232=FACE_OUTER_BOUND('',#478,.T.);
#233=FACE_OUTER_BOUND('',#479,.T.);
#234=FACE_OUTER_BOUND('',#480,.T.);
#235=FACE_OUTER_BOUND('',#481,.T.);
#236=FACE_OUTER_BOUND('',#482,.T.);
#237=FACE_OUTER_BOUND('',#483,.T.);
#238=FACE_OUTER_BOUND('',#484,.T.);
#239=FACE_OUTER_BOUND('',#485,.T.);
#240=FACE_OUTER_BOUND('',#486,.T.);
#241=FACE_OUTER_BOUND('',#487,.T.);
#242=FACE_OUTER_BOUND('',#488,.T.);
#243=FACE_OUTER_BOUND('',#489,.T.);
#244=FACE_OUTER_BOUND('',#490,.T.);
#245=FACE_OUTER_BOUND('',#491,.T.);
#246=FACE_OUTER_BOUND('',#492,.T.);
#247=FACE_OUTER_BOUND('',#493,.T.);
#248=FACE_OUTER_BOUND('',#494,.T.);
#249=FACE_OUTER_BOUND('',#495,.T.);
#250=FACE_OUTER_BOUND('',#496,.T.);
#251=FACE_OUTER_BOUND('',#497,.T.);
#252=FACE_OUTER_BOUND('',#498,.T.);
#253=FACE_OUTER_BOUND('',#499,.T.);
#254=FACE_OUTER_BOUND('',#500,.T.);
#255=FACE_OUTER_BOUND('',#501,.T.);
#256=FACE_OUTER_BOUND('',#502,.T.);
#257=FACE_OUTER_BOUND('',#503,.T.);
#258=FACE_OUTER_BOUND('',#504,.T.);
#259=FACE_OUTER_BOUND('',#505,.T.);
#260=FACE_OUTER_BOUND('',#506,.T.);
#261=FACE_OUTER_BOUND('',#507,.T.);
#262=FACE_OUTER_BOUND('',#508,.T.);
#263=FACE_OUTER_BOUND('',#509,.T.);
#264=FACE_OUTER_BOUND('',#510,.T.);
#265=FACE_OUTER_BOUND('',#511,.T.);
#266=FACE_OUTER_BOUND('',#512,.T.);
#267=FACE_OUTER_BOUND('',#513,.T.);
#268=FACE_OUTER_BOUND('',#514,.T.);
#269=FACE_OUTER_BOUND('',#515,.T.);
#270=FACE_OUTER_BOUND('',#516,.T.);
#271=FACE_OUTER_BOUND('',#517,.T.);
#272=FACE_OUTER_BOUND('',#518,.T.);
#273=FACE_OUTER_BOUND('',#519,.T.);
#274=FACE_OUTER_BOUND('',#520,.T.);
#275=FACE_OUTER_BOUND('',#521,.T.);
#276=FACE_OUTER_BOUND('',#522,.T.);
#277=FACE_OUTER_BOUND('',#523,.T.);
#278=FACE_OUTER_BOUND('',#524,.T.);
#279=FACE_OUTER_BOUND('',#525,.T.);
#280=FACE_OUTER_BOUND('',#526,.T.);
#281=FACE_OUTER_BOUND('',#527,.T.);
#282=FACE_OUTER_BOUND('',#528,.T.);
#283=FACE_OUTER_BOUND('',#529,.T.);
#284=FACE_OUTER_BOUND('',#530,.T.);
#285=FACE_OUTER_BOUND('',#531,.T.);
#286=FACE_OUTER_BOUND('',#532,.T.);
#287=FACE_OUTER_BOUND('',#533,.T.);
#288=FACE_OUTER_BOUND('',#534,.T.);
#289=FACE_OUTER_BOUND('',#535,.T.);
#290=FACE_OUTER_BOUND('',#536,.T.);
#291=FACE_OUTER_BOUND('',#537,.T.);
#292=FACE_OUTER_BOUND('',#538,.T.);
#293=FACE_OUTER_BOUND('',#539,.T.);
#294=FACE_OUTER_BOUND('',#540,.T.);
#295=FACE_OUTER_BOUND('',#541,.T.);
#296=FACE_OUTER_BOUND('',#542,.T.);
#297=FACE_OUTER_BOUND('',#543,.T.);
#298=FACE_OUTER_BOUND('',#544,.T.);
#299=FACE_OUTER_BOUND('',#545,.T.);
#300=FACE_OUTER_BOUND('',#546,.T.);
#301=FACE_OUTER_BOUND('',#547,.T.);
#302=FACE_OUTER_BOUND('',#548,.T.);
#303=FACE_OUTER_BOUND('',#549,.T.);
#304=FACE_OUTER_BOUND('',#550,.T.);
#305=FACE_OUTER_BOUND('',#551,.T.);
#306=FACE_OUTER_BOUND('',#552,.T.);
#307=FACE_OUTER_BOUND('',#553,.T.);
#308=FACE_OUTER_BOUND('',#554,.T.);
#309=FACE_OUTER_BOUND('',#555,.T.);
#310=FACE_OUTER_BOUND('',#556,.T.);
#311=FACE_OUTER_BOUND('',#557,.T.);
#312=FACE_OUTER_BOUND('',#558,.T.);
#313=FACE_OUTER_BOUND('',#559,.T.);
#314=FACE_OUTER_BOUND('',#560,.T.);
#315=FACE_OUTER_BOUND('',#561,.T.);
#316=FACE_OUTER_BOUND('',#562,.T.);
#317=FACE_OUTER_BOUND('',#563,.T.);
#318=FACE_OUTER_BOUND('',#564,.T.);
#319=FACE_OUTER_BOUND('',#565,.T.);
#320=FACE_OUTER_BOUND('',#566,.T.);
#321=FACE_OUTER_BOUND('',#567,.T.);
#322=FACE_OUTER_BOUND('',#568,.T.);
#323=FACE_OUTER_BOUND('',#569,.T.);
#324=FACE_OUTER_BOUND('',#570,.T.);
#325=FACE_OUTER_BOUND('',#571,.T.);
#326=FACE_OUTER_BOUND('',#572,.T.);
#327=FACE_OUTER_BOUND('',#573,.T.);
#328=FACE_OUTER_BOUND('',#574,.T.);
#329=FACE_OUTER_BOUND('',#575,.T.);
#330=FACE_OUTER_BOUND('',#576,.T.);
#331=FACE_OUTER_BOUND('',#577,.T.);
#332=FACE_OUTER_BOUND('',#578,.T.);
#333=FACE_OUTER_BOUND('',#579,.T.);
#334=FACE_OUTER_BOUND('',#580,.T.);
#335=FACE_OUTER_BOUND('',#581,.T.);
#336=FACE_OUTER_BOUND('',#582,.T.);
#337=FACE_OUTER_BOUND('',#583,.T.);
#338=FACE_OUTER_BOUND('',#584,.T.);
#339=FACE_OUTER_BOUND('',#585,.T.);
#340=FACE_OUTER_BOUND('',#586,.T.);
#341=FACE_OUTER_BOUND('',#587,.T.);
#342=FACE_OUTER_BOUND('',#588,.T.);
#343=FACE_OUTER_BOUND('',#589,.T.);
#344=FACE_OUTER_BOUND('',#590,.T.);
#345=FACE_OUTER_BOUND('',#591,.T.);
#346=FACE_OUTER_BOUND('',#592,.T.);
#347=FACE_OUTER_BOUND('',#593,.T.);
#348=FACE_OUTER_BOUND('',#594,.T.);
#349=FACE_OUTER_BOUND('',#595,.T.);
#350=FACE_OUTER_BOUND('',#596,.T.);
#351=FACE_OUTER_BOUND('',#597,.T.);
#352=FACE_OUTER_BOUND('',#598,.T.);
#353=FACE_OUTER_BOUND('',#599,.T.);
#354=FACE_OUTER_BOUND('',#600,.T.);
#355=FACE_OUTER_BOUND('',#601,.T.);
#356=FACE_OUTER_BOUND('',#602,.T.);
#357=FACE_OUTER_BOUND('',#603,.T.);
#358=FACE_OUTER_BOUND('',#604,.T.);
#359=FACE_OUTER_BOUND('',#605,.T.);
#360=FACE_OUTER_BOUND('',#606,.T.);
#361=FACE_OUTER_BOUND('',#607,.T.);
#362=FACE_OUTER_BOUND('',#608,.T.);
#363=FACE_OUTER_BOUND('',#610,.T.);
#364=FACE_OUTER_BOUND('',#624,.T.);
#365=FACE_OUTER_BOUND('',#625,.T.);
#366=FACE_OUTER_BOUND('',#626,.T.);
#367=FACE_OUTER_BOUND('',#627,.T.);
#368=FACE_OUTER_BOUND('',#628,.T.);
#369=FACE_OUTER_BOUND('',#629,.T.);
#370=FACE_OUTER_BOUND('',#630,.T.);
#371=FACE_OUTER_BOUND('',#631,.T.);
#372=FACE_OUTER_BOUND('',#632,.T.);
#373=FACE_OUTER_BOUND('',#633,.T.);
#374=FACE_OUTER_BOUND('',#634,.T.);
#375=FACE_OUTER_BOUND('',#636,.T.);
#376=FACE_OUTER_BOUND('',#637,.T.);
#377=FACE_OUTER_BOUND('',#638,.T.);
#378=FACE_OUTER_BOUND('',#639,.T.);
#379=FACE_OUTER_BOUND('',#640,.T.);
#380=FACE_OUTER_BOUND('',#641,.T.);
#381=FACE_OUTER_BOUND('',#642,.T.);
#382=FACE_OUTER_BOUND('',#643,.T.);
#383=FACE_OUTER_BOUND('',#644,.T.);
#384=FACE_OUTER_BOUND('',#645,.T.);
#385=FACE_OUTER_BOUND('',#646,.T.);
#386=FACE_OUTER_BOUND('',#647,.T.);
#387=FACE_OUTER_BOUND('',#649,.T.);
#388=FACE_OUTER_BOUND('',#651,.T.);
#389=FACE_OUTER_BOUND('',#652,.T.);
#390=FACE_OUTER_BOUND('',#654,.T.);
#391=EDGE_LOOP('',(#3225,#3226,#3227,#3228,#3229,#3230,#3231,#3232));
#392=EDGE_LOOP('',(#3233,#3234,#3235,#3236));
#393=EDGE_LOOP('',(#3237,#3238,#3239,#3240));
#394=EDGE_LOOP('',(#3241,#3242,#3243,#3244));
#395=EDGE_LOOP('',(#3245,#3246,#3247,#3248,#3249,#3250));
#396=EDGE_LOOP('',(#3251,#3252,#3253,#3254));
#397=EDGE_LOOP('',(#3255,#3256,#3257,#3258));
#398=EDGE_LOOP('',(#3259,#3260,#3261,#3262));
#399=EDGE_LOOP('',(#3263,#3264,#3265,#3266));
#400=EDGE_LOOP('',(#3267,#3268,#3269,#3270,#3271,#3272));
#401=EDGE_LOOP('',(#3273,#3274,#3275,#3276));
#402=EDGE_LOOP('',(#3277,#3278,#3279,#3280,#3281,#3282,#3283,#3284));
#403=EDGE_LOOP('',(#3285,#3286,#3287,#3288,#3289,#3290,#3291,#3292));
#404=EDGE_LOOP('',(#3293,#3294,#3295,#3296));
#405=EDGE_LOOP('',(#3297,#3298,#3299,#3300));
#406=EDGE_LOOP('',(#3301,#3302,#3303,#3304));
#407=EDGE_LOOP('',(#3305,#3306,#3307,#3308,#3309,#3310));
#408=EDGE_LOOP('',(#3311,#3312,#3313,#3314));
#409=EDGE_LOOP('',(#3315,#3316,#3317,#3318));
#410=EDGE_LOOP('',(#3319,#3320,#3321,#3322));
#411=EDGE_LOOP('',(#3323,#3324,#3325,#3326));
#412=EDGE_LOOP('',(#3327,#3328,#3329,#3330,#3331,#3332));
#413=EDGE_LOOP('',(#3333,#3334,#3335,#3336));
#414=EDGE_LOOP('',(#3337,#3338,#3339,#3340,#3341,#3342,#3343,#3344));
#415=EDGE_LOOP('',(#3345,#3346,#3347,#3348,#3349,#3350,#3351,#3352));
#416=EDGE_LOOP('',(#3353,#3354,#3355,#3356));
#417=EDGE_LOOP('',(#3357,#3358,#3359,#3360));
#418=EDGE_LOOP('',(#3361,#3362,#3363,#3364));
#419=EDGE_LOOP('',(#3365,#3366,#3367,#3368,#3369,#3370));
#420=EDGE_LOOP('',(#3371,#3372,#3373,#3374));
#421=EDGE_LOOP('',(#3375,#3376,#3377,#3378));
#422=EDGE_LOOP('',(#3379,#3380,#3381,#3382));
#423=EDGE_LOOP('',(#3383,#3384,#3385,#3386));
#424=EDGE_LOOP('',(#3387,#3388,#3389,#3390,#3391,#3392));
#425=EDGE_LOOP('',(#3393,#3394,#3395,#3396));
#426=EDGE_LOOP('',(#3397,#3398,#3399,#3400,#3401,#3402,#3403,#3404));
#427=EDGE_LOOP('',(#3405,#3406,#3407,#3408,#3409,#3410,#3411,#3412));
#428=EDGE_LOOP('',(#3413,#3414,#3415,#3416));
#429=EDGE_LOOP('',(#3417,#3418,#3419,#3420));
#430=EDGE_LOOP('',(#3421,#3422,#3423,#3424));
#431=EDGE_LOOP('',(#3425,#3426,#3427,#3428,#3429,#3430));
#432=EDGE_LOOP('',(#3431,#3432,#3433,#3434));
#433=EDGE_LOOP('',(#3435,#3436,#3437,#3438));
#434=EDGE_LOOP('',(#3439,#3440,#3441,#3442));
#435=EDGE_LOOP('',(#3443,#3444,#3445,#3446));
#436=EDGE_LOOP('',(#3447,#3448,#3449,#3450,#3451,#3452));
#437=EDGE_LOOP('',(#3453,#3454,#3455,#3456));
#438=EDGE_LOOP('',(#3457,#3458,#3459,#3460,#3461,#3462,#3463,#3464));
#439=EDGE_LOOP('',(#3465,#3466,#3467,#3468,#3469,#3470,#3471,#3472));
#440=EDGE_LOOP('',(#3473,#3474,#3475,#3476));
#441=EDGE_LOOP('',(#3477,#3478,#3479,#3480));
#442=EDGE_LOOP('',(#3481,#3482,#3483,#3484));
#443=EDGE_LOOP('',(#3485,#3486,#3487,#3488,#3489,#3490));
#444=EDGE_LOOP('',(#3491,#3492,#3493,#3494));
#445=EDGE_LOOP('',(#3495,#3496,#3497,#3498));
#446=EDGE_LOOP('',(#3499,#3500,#3501,#3502));
#447=EDGE_LOOP('',(#3503,#3504,#3505,#3506));
#448=EDGE_LOOP('',(#3507,#3508,#3509,#3510,#3511,#3512));
#449=EDGE_LOOP('',(#3513,#3514,#3515,#3516));
#450=EDGE_LOOP('',(#3517,#3518,#3519,#3520,#3521,#3522,#3523,#3524));
#451=EDGE_LOOP('',(#3525,#3526,#3527,#3528,#3529,#3530,#3531,#3532));
#452=EDGE_LOOP('',(#3533,#3534,#3535,#3536));
#453=EDGE_LOOP('',(#3537,#3538,#3539,#3540));
#454=EDGE_LOOP('',(#3541,#3542,#3543,#3544));
#455=EDGE_LOOP('',(#3545,#3546,#3547,#3548,#3549,#3550));
#456=EDGE_LOOP('',(#3551,#3552,#3553,#3554));
#457=EDGE_LOOP('',(#3555,#3556,#3557,#3558));
#458=EDGE_LOOP('',(#3559,#3560,#3561,#3562));
#459=EDGE_LOOP('',(#3563,#3564,#3565,#3566));
#460=EDGE_LOOP('',(#3567,#3568,#3569,#3570,#3571,#3572));
#461=EDGE_LOOP('',(#3573,#3574,#3575,#3576));
#462=EDGE_LOOP('',(#3577,#3578,#3579,#3580,#3581,#3582,#3583,#3584));
#463=EDGE_LOOP('',(#3585,#3586,#3587,#3588));
#464=EDGE_LOOP('',(#3589,#3590,#3591,#3592,#3593,#3594));
#465=EDGE_LOOP('',(#3595,#3596,#3597,#3598));
#466=EDGE_LOOP('',(#3599,#3600,#3601,#3602));
#467=EDGE_LOOP('',(#3603,#3604,#3605,#3606));
#468=EDGE_LOOP('',(#3607,#3608,#3609,#3610,#3611,#3612));
#469=EDGE_LOOP('',(#3613,#3614,#3615,#3616));
#470=EDGE_LOOP('',(#3617,#3618,#3619,#3620));
#471=EDGE_LOOP('',(#3621,#3622,#3623,#3624,#3625,#3626));
#472=EDGE_LOOP('',(#3627,#3628,#3629,#3630));
#473=EDGE_LOOP('',(#3631,#3632,#3633,#3634));
#474=EDGE_LOOP('',(#3635,#3636,#3637,#3638));
#475=EDGE_LOOP('',(#3639,#3640,#3641,#3642,#3643,#3644));
#476=EDGE_LOOP('',(#3645,#3646,#3647,#3648));
#477=EDGE_LOOP('',(#3649,#3650,#3651,#3652));
#478=EDGE_LOOP('',(#3653,#3654,#3655,#3656,#3657,#3658));
#479=EDGE_LOOP('',(#3659,#3660,#3661,#3662));
#480=EDGE_LOOP('',(#3663,#3664,#3665,#3666));
#481=EDGE_LOOP('',(#3667,#3668,#3669,#3670));
#482=EDGE_LOOP('',(#3671,#3672,#3673,#3674,#3675,#3676));
#483=EDGE_LOOP('',(#3677,#3678,#3679,#3680));
#484=EDGE_LOOP('',(#3681,#3682,#3683,#3684));
#485=EDGE_LOOP('',(#3685,#3686,#3687,#3688,#3689,#3690));
#486=EDGE_LOOP('',(#3691,#3692,#3693,#3694));
#487=EDGE_LOOP('',(#3695,#3696,#3697,#3698));
#488=EDGE_LOOP('',(#3699,#3700,#3701,#3702));
#489=EDGE_LOOP('',(#3703,#3704,#3705,#3706,#3707,#3708));
#490=EDGE_LOOP('',(#3709,#3710,#3711,#3712));
#491=EDGE_LOOP('',(#3713,#3714,#3715,#3716));
#492=EDGE_LOOP('',(#3717,#3718,#3719,#3720,#3721,#3722));
#493=EDGE_LOOP('',(#3723,#3724,#3725,#3726));
#494=EDGE_LOOP('',(#3727,#3728,#3729,#3730));
#495=EDGE_LOOP('',(#3731,#3732,#3733,#3734));
#496=EDGE_LOOP('',(#3735,#3736,#3737,#3738,#3739,#3740));
#497=EDGE_LOOP('',(#3741,#3742,#3743,#3744));
#498=EDGE_LOOP('',(#3745,#3746,#3747,#3748));
#499=EDGE_LOOP('',(#3749,#3750,#3751,#3752,#3753,#3754));
#500=EDGE_LOOP('',(#3755,#3756,#3757,#3758));
#501=EDGE_LOOP('',(#3759,#3760,#3761,#3762));
#502=EDGE_LOOP('',(#3763,#3764,#3765,#3766));
#503=EDGE_LOOP('',(#3767,#3768,#3769,#3770,#3771,#3772));
#504=EDGE_LOOP('',(#3773,#3774,#3775,#3776));
#505=EDGE_LOOP('',(#3777,#3778,#3779,#3780));
#506=EDGE_LOOP('',(#3781,#3782,#3783,#3784,#3785,#3786));
#507=EDGE_LOOP('',(#3787,#3788,#3789,#3790));
#508=EDGE_LOOP('',(#3791,#3792,#3793,#3794));
#509=EDGE_LOOP('',(#3795,#3796,#3797,#3798));
#510=EDGE_LOOP('',(#3799,#3800,#3801,#3802,#3803,#3804));
#511=EDGE_LOOP('',(#3805,#3806,#3807,#3808));
#512=EDGE_LOOP('',(#3809,#3810,#3811,#3812));
#513=EDGE_LOOP('',(#3813,#3814,#3815,#3816,#3817,#3818));
#514=EDGE_LOOP('',(#3819,#3820,#3821,#3822));
#515=EDGE_LOOP('',(#3823,#3824,#3825,#3826));
#516=EDGE_LOOP('',(#3827,#3828,#3829,#3830));
#517=EDGE_LOOP('',(#3831,#3832,#3833,#3834,#3835,#3836));
#518=EDGE_LOOP('',(#3837,#3838,#3839,#3840));
#519=EDGE_LOOP('',(#3841,#3842,#3843,#3844));
#520=EDGE_LOOP('',(#3845,#3846,#3847,#3848,#3849,#3850));
#521=EDGE_LOOP('',(#3851,#3852,#3853,#3854));
#522=EDGE_LOOP('',(#3855,#3856,#3857,#3858));
#523=EDGE_LOOP('',(#3859,#3860,#3861,#3862));
#524=EDGE_LOOP('',(#3863,#3864,#3865,#3866,#3867,#3868));
#525=EDGE_LOOP('',(#3869,#3870,#3871,#3872));
#526=EDGE_LOOP('',(#3873,#3874,#3875,#3876));
#527=EDGE_LOOP('',(#3877,#3878,#3879,#3880,#3881,#3882));
#528=EDGE_LOOP('',(#3883,#3884,#3885,#3886));
#529=EDGE_LOOP('',(#3887,#3888,#3889,#3890));
#530=EDGE_LOOP('',(#3891,#3892,#3893,#3894));
#531=EDGE_LOOP('',(#3895,#3896,#3897,#3898,#3899,#3900));
#532=EDGE_LOOP('',(#3901,#3902,#3903,#3904));
#533=EDGE_LOOP('',(#3905,#3906,#3907,#3908));
#534=EDGE_LOOP('',(#3909,#3910,#3911,#3912,#3913,#3914));
#535=EDGE_LOOP('',(#3915,#3916,#3917,#3918));
#536=EDGE_LOOP('',(#3919,#3920,#3921,#3922));
#537=EDGE_LOOP('',(#3923,#3924,#3925,#3926));
#538=EDGE_LOOP('',(#3927,#3928,#3929,#3930,#3931,#3932));
#539=EDGE_LOOP('',(#3933,#3934,#3935,#3936));
#540=EDGE_LOOP('',(#3937,#3938,#3939,#3940));
#541=EDGE_LOOP('',(#3941,#3942,#3943,#3944,#3945,#3946));
#542=EDGE_LOOP('',(#3947,#3948,#3949,#3950));
#543=EDGE_LOOP('',(#3951,#3952,#3953,#3954));
#544=EDGE_LOOP('',(#3955,#3956,#3957,#3958));
#545=EDGE_LOOP('',(#3959,#3960,#3961,#3962,#3963,#3964));
#546=EDGE_LOOP('',(#3965,#3966,#3967,#3968));
#547=EDGE_LOOP('',(#3969,#3970,#3971,#3972,#3973));
#548=EDGE_LOOP('',(#3974,#3975,#3976,#3977));
#549=EDGE_LOOP('',(#3978,#3979,#3980,#3981,#3982));
#550=EDGE_LOOP('',(#3983,#3984,#3985,#3986,#3987,#3988));
#551=EDGE_LOOP('',(#3989,#3990,#3991,#3992,#3993));
#552=EDGE_LOOP('',(#3994,#3995,#3996,#3997));
#553=EDGE_LOOP('',(#3998,#3999,#4000,#4001,#4002));
#554=EDGE_LOOP('',(#4003,#4004,#4005,#4006,#4007,#4008));
#555=EDGE_LOOP('',(#4009,#4010,#4011,#4012,#4013));
#556=EDGE_LOOP('',(#4014,#4015,#4016,#4017));
#557=EDGE_LOOP('',(#4018,#4019,#4020,#4021,#4022));
#558=EDGE_LOOP('',(#4023,#4024,#4025,#4026,#4027,#4028));
#559=EDGE_LOOP('',(#4029,#4030,#4031,#4032,#4033));
#560=EDGE_LOOP('',(#4034,#4035,#4036,#4037));
#561=EDGE_LOOP('',(#4038,#4039,#4040,#4041,#4042));
#562=EDGE_LOOP('',(#4043,#4044,#4045,#4046,#4047,#4048));
#563=EDGE_LOOP('',(#4049,#4050,#4051,#4052,#4053));
#564=EDGE_LOOP('',(#4054,#4055,#4056,#4057));
#565=EDGE_LOOP('',(#4058,#4059,#4060,#4061,#4062));
#566=EDGE_LOOP('',(#4063,#4064,#4065,#4066,#4067,#4068));
#567=EDGE_LOOP('',(#4069,#4070,#4071,#4072,#4073));
#568=EDGE_LOOP('',(#4074,#4075,#4076,#4077));
#569=EDGE_LOOP('',(#4078,#4079,#4080,#4081,#4082));
#570=EDGE_LOOP('',(#4083,#4084,#4085,#4086,#4087,#4088));
#571=EDGE_LOOP('',(#4089,#4090,#4091,#4092,#4093,#4094));
#572=EDGE_LOOP('',(#4095,#4096,#4097,#4098));
#573=EDGE_LOOP('',(#4099,#4100,#4101,#4102));
#574=EDGE_LOOP('',(#4103,#4104,#4105,#4106,#4107,#4108));
#575=EDGE_LOOP('',(#4109,#4110,#4111,#4112));
#576=EDGE_LOOP('',(#4113,#4114,#4115,#4116));
#577=EDGE_LOOP('',(#4117,#4118,#4119,#4120,#4121,#4122));
#578=EDGE_LOOP('',(#4123,#4124,#4125,#4126));
#579=EDGE_LOOP('',(#4127,#4128,#4129,#4130));
#580=EDGE_LOOP('',(#4131,#4132,#4133,#4134,#4135,#4136));
#581=EDGE_LOOP('',(#4137,#4138,#4139,#4140));
#582=EDGE_LOOP('',(#4141,#4142,#4143,#4144));
#583=EDGE_LOOP('',(#4145,#4146,#4147,#4148,#4149,#4150));
#584=EDGE_LOOP('',(#4151,#4152,#4153,#4154));
#585=EDGE_LOOP('',(#4155,#4156,#4157,#4158));
#586=EDGE_LOOP('',(#4159,#4160,#4161,#4162,#4163,#4164));
#587=EDGE_LOOP('',(#4165,#4166,#4167,#4168));
#588=EDGE_LOOP('',(#4169,#4170,#4171,#4172));
#589=EDGE_LOOP('',(#4173,#4174,#4175,#4176,#4177,#4178,#4179,#4180,#4181,
#4182,#4183,#4184,#4185,#4186,#4187,#4188,#4189,#4190,#4191,#4192,#4193,
#4194,#4195,#4196,#4197,#4198,#4199,#4200,#4201,#4202,#4203,#4204,#4205,
#4206,#4207,#4208,#4209,#4210,#4211,#4212));
#590=EDGE_LOOP('',(#4213,#4214,#4215,#4216,#4217,#4218,#4219,#4220,#4221,
#4222,#4223,#4224,#4225,#4226,#4227,#4228,#4229,#4230,#4231,#4232,#4233,
#4234,#4235,#4236,#4237,#4238,#4239,#4240,#4241,#4242,#4243,#4244,#4245,
#4246,#4247,#4248,#4249,#4250,#4251,#4252));
#591=EDGE_LOOP('',(#4253,#4254,#4255,#4256));
#592=EDGE_LOOP('',(#4257,#4258,#4259,#4260,#4261,#4262));
#593=EDGE_LOOP('',(#4263,#4264,#4265,#4266,#4267,#4268,#4269,#4270,#4271,
#4272,#4273,#4274));
#594=EDGE_LOOP('',(#4275,#4276,#4277,#4278));
#595=EDGE_LOOP('',(#4279,#4280,#4281,#4282,#4283,#4284));
#596=EDGE_LOOP('',(#4285,#4286,#4287,#4288));
#597=EDGE_LOOP('',(#4289,#4290,#4291,#4292,#4293,#4294,#4295,#4296));
#598=EDGE_LOOP('',(#4297,#4298,#4299,#4300));
#599=EDGE_LOOP('',(#4301,#4302,#4303,#4304,#4305,#4306));
#600=EDGE_LOOP('',(#4307,#4308,#4309,#4310));
#601=EDGE_LOOP('',(#4311,#4312,#4313,#4314));
#602=EDGE_LOOP('',(#4315,#4316,#4317,#4318));
#603=EDGE_LOOP('',(#4319,#4320,#4321,#4322));
#604=EDGE_LOOP('',(#4323,#4324,#4325,#4326));
#605=EDGE_LOOP('',(#4327,#4328,#4329,#4330));
#606=EDGE_LOOP('',(#4331,#4332,#4333,#4334));
#607=EDGE_LOOP('',(#4335,#4336,#4337,#4338));
#608=EDGE_LOOP('',(#4339,#4340,#4341,#4342));
#609=EDGE_LOOP('',(#4343,#4344,#4345,#4346));
#610=EDGE_LOOP('',(#4347,#4348,#4349,#4350));
#611=EDGE_LOOP('',(#4351,#4352,#4353,#4354));
#612=EDGE_LOOP('',(#4355,#4356,#4357,#4358));
#613=EDGE_LOOP('',(#4359,#4360,#4361,#4362));
#614=EDGE_LOOP('',(#4363,#4364,#4365,#4366));
#615=EDGE_LOOP('',(#4367,#4368,#4369,#4370));
#616=EDGE_LOOP('',(#4371,#4372,#4373,#4374));
#617=EDGE_LOOP('',(#4375,#4376,#4377,#4378));
#618=EDGE_LOOP('',(#4379,#4380,#4381,#4382));
#619=EDGE_LOOP('',(#4383,#4384,#4385,#4386));
#620=EDGE_LOOP('',(#4387,#4388,#4389,#4390));
#621=EDGE_LOOP('',(#4391,#4392,#4393,#4394));
#622=EDGE_LOOP('',(#4395,#4396,#4397,#4398));
#623=EDGE_LOOP('',(#4399,#4400,#4401,#4402));
#624=EDGE_LOOP('',(#4403,#4404,#4405,#4406));
#625=EDGE_LOOP('',(#4407,#4408,#4409,#4410));
#626=EDGE_LOOP('',(#4411,#4412,#4413,#4414));
#627=EDGE_LOOP('',(#4415,#4416,#4417,#4418));
#628=EDGE_LOOP('',(#4419,#4420,#4421,#4422));
#629=EDGE_LOOP('',(#4423,#4424,#4425,#4426));
#630=EDGE_LOOP('',(#4427,#4428,#4429,#4430));
#631=EDGE_LOOP('',(#4431,#4432,#4433,#4434));
#632=EDGE_LOOP('',(#4435,#4436,#4437,#4438));
#633=EDGE_LOOP('',(#4439,#4440,#4441,#4442,#4443,#4444,#4445,#4446));
#634=EDGE_LOOP('',(#4447,#4448,#4449,#4450));
#635=EDGE_LOOP('',(#4451,#4452,#4453,#4454));
#636=EDGE_LOOP('',(#4455,#4456,#4457,#4458));
#637=EDGE_LOOP('',(#4459,#4460,#4461,#4462,#4463,#4464,#4465,#4466));
#638=EDGE_LOOP('',(#4467,#4468,#4469,#4470,#4471,#4472));
#639=EDGE_LOOP('',(#4473,#4474,#4475,#4476));
#640=EDGE_LOOP('',(#4477,#4478,#4479,#4480,#4481,#4482));
#641=EDGE_LOOP('',(#4483,#4484,#4485,#4486,#4487,#4488,#4489,#4490,#4491,
#4492));
#642=EDGE_LOOP('',(#4493,#4494,#4495,#4496));
#643=EDGE_LOOP('',(#4497,#4498,#4499,#4500,#4501,#4502,#4503));
#644=EDGE_LOOP('',(#4504,#4505,#4506,#4507,#4508,#4509,#4510,#4511,#4512,
#4513));
#645=EDGE_LOOP('',(#4514,#4515,#4516,#4517,#4518,#4519,#4520,#4521,#4522,
#4523,#4524,#4525,#4526));
#646=EDGE_LOOP('',(#4527,#4528,#4529,#4530,#4531,#4532,#4533,#4534,#4535,
#4536,#4537,#4538,#4539,#4540,#4541,#4542));
#647=EDGE_LOOP('',(#4543,#4544,#4545,#4546,#4547,#4548,#4549,#4550,#4551,
#4552,#4553,#4554));
#648=EDGE_LOOP('',(#4555,#4556,#4557,#4558));
#649=EDGE_LOOP('',(#4559,#4560,#4561,#4562,#4563,#4564,#4565,#4566,#4567,
#4568,#4569));
#650=EDGE_LOOP('',(#4570,#4571,#4572));
#651=EDGE_LOOP('',(#4573,#4574,#4575,#4576,#4577,#4578,#4579,#4580,#4581,
#4582,#4583,#4584,#4585,#4586,#4587,#4588,#4589));
#652=EDGE_LOOP('',(#4590,#4591,#4592,#4593));
#653=EDGE_LOOP('',(#4594,#4595,#4596,#4597));
#654=EDGE_LOOP('',(#4598,#4599,#4600,#4601,#4602,#4603,#4604,#4605,#4606,
#4607));
#655=CIRCLE('',#5333,0.0999999999999998);
#656=CIRCLE('',#5334,0.2);
#657=CIRCLE('',#5335,0.5);
#658=CIRCLE('',#5338,0.3);
#659=CIRCLE('',#5339,0.3);
#660=CIRCLE('',#5342,0.5);
#661=CIRCLE('',#5343,0.5);
#662=CIRCLE('',#5344,0.5);
#663=CIRCLE('',#5347,0.2);
#664=CIRCLE('',#5350,0.0999999999999998);
#665=CIRCLE('',#5353,0.4);
#666=CIRCLE('',#5354,0.4);
#667=CIRCLE('',#5357,0.0999999999999998);
#668=CIRCLE('',#5358,0.2);
#669=CIRCLE('',#5359,0.5);
#670=CIRCLE('',#5362,0.3);
#671=CIRCLE('',#5363,0.3);
#672=CIRCLE('',#5366,0.5);
#673=CIRCLE('',#5367,0.5);
#674=CIRCLE('',#5368,0.5);
#675=CIRCLE('',#5371,0.2);
#676=CIRCLE('',#5374,0.0999999999999998);
#677=CIRCLE('',#5377,0.4);
#678=CIRCLE('',#5378,0.4);
#679=CIRCLE('',#5381,0.0999999999999998);
#680=CIRCLE('',#5382,0.2);
#681=CIRCLE('',#5383,0.5);
#682=CIRCLE('',#5386,0.3);
#683=CIRCLE('',#5387,0.3);
#684=CIRCLE('',#5390,0.5);
#685=CIRCLE('',#5391,0.5);
#686=CIRCLE('',#5392,0.5);
#687=CIRCLE('',#5395,0.2);
#688=CIRCLE('',#5398,0.0999999999999998);
#689=CIRCLE('',#5401,0.4);
#690=CIRCLE('',#5402,0.4);
#691=CIRCLE('',#5405,0.0999999999999998);
#692=CIRCLE('',#5406,0.2);
#693=CIRCLE('',#5407,0.5);
#694=CIRCLE('',#5410,0.3);
#695=CIRCLE('',#5411,0.3);
#696=CIRCLE('',#5414,0.5);
#697=CIRCLE('',#5415,0.5);
#698=CIRCLE('',#5416,0.5);
#699=CIRCLE('',#5419,0.2);
#700=CIRCLE('',#5422,0.0999999999999998);
#701=CIRCLE('',#5425,0.4);
#702=CIRCLE('',#5426,0.4);
#703=CIRCLE('',#5429,0.0999999999999998);
#704=CIRCLE('',#5430,0.2);
#705=CIRCLE('',#5431,0.5);
#706=CIRCLE('',#5434,0.3);
#707=CIRCLE('',#5435,0.3);
#708=CIRCLE('',#5438,0.5);
#709=CIRCLE('',#5439,0.5);
#710=CIRCLE('',#5440,0.5);
#711=CIRCLE('',#5443,0.2);
#712=CIRCLE('',#5446,0.0999999999999998);
#713=CIRCLE('',#5449,0.4);
#714=CIRCLE('',#5450,0.4);
#715=CIRCLE('',#5453,0.0999999999999998);
#716=CIRCLE('',#5454,0.2);
#717=CIRCLE('',#5455,0.5);
#718=CIRCLE('',#5458,0.3);
#719=CIRCLE('',#5459,0.3);
#720=CIRCLE('',#5462,0.5);
#721=CIRCLE('',#5463,0.5);
#722=CIRCLE('',#5464,0.5);
#723=CIRCLE('',#5467,0.2);
#724=CIRCLE('',#5470,0.0999999999999998);
#725=CIRCLE('',#5473,0.4);
#726=CIRCLE('',#5474,0.4);
#727=CIRCLE('',#5605,1.);
#728=CIRCLE('',#5606,1.);
#729=CIRCLE('',#5610,1.);
#730=CIRCLE('',#5611,1.);
#731=LINE('',#6914,#1341);
#732=LINE('',#6916,#1342);
#733=LINE('',#6918,#1343);
#734=LINE('',#6922,#1344);
#735=LINE('',#6926,#1345);
#736=LINE('',#6931,#1346);
#737=LINE('',#6933,#1347);
#738=LINE('',#6935,#1348);
#739=LINE('',#6936,#1349);
#740=LINE('',#6942,#1350);
#741=LINE('',#6945,#1351);
#742=LINE('',#6947,#1352);
#743=LINE('',#6948,#1353);
#744=LINE('',#6955,#1354);
#745=LINE('',#6958,#1355);
#746=LINE('',#6959,#1356);
#747=LINE('',#6963,#1357);
#748=LINE('',#6966,#1358);
#749=LINE('',#6967,#1359);
#750=LINE('',#6971,#1360);
#751=LINE('',#6975,#1361);
#752=LINE('',#6976,#1362);
#753=LINE('',#6978,#1363);
#754=LINE('',#6979,#1364);
#755=LINE('',#6985,#1365);
#756=LINE('',#6988,#1366);
#757=LINE('',#6989,#1367);
#758=LINE('',#6993,#1368);
#759=LINE('',#6995,#1369);
#760=LINE('',#6997,#1370);
#761=LINE('',#7001,#1371);
#762=LINE('',#7005,#1372);
#763=LINE('',#7010,#1373);
#764=LINE('',#7012,#1374);
#765=LINE('',#7014,#1375);
#766=LINE('',#7015,#1376);
#767=LINE('',#7021,#1377);
#768=LINE('',#7024,#1378);
#769=LINE('',#7026,#1379);
#770=LINE('',#7027,#1380);
#771=LINE('',#7034,#1381);
#772=LINE('',#7037,#1382);
#773=LINE('',#7038,#1383);
#774=LINE('',#7042,#1384);
#775=LINE('',#7045,#1385);
#776=LINE('',#7046,#1386);
#777=LINE('',#7050,#1387);
#778=LINE('',#7054,#1388);
#779=LINE('',#7055,#1389);
#780=LINE('',#7057,#1390);
#781=LINE('',#7058,#1391);
#782=LINE('',#7064,#1392);
#783=LINE('',#7067,#1393);
#784=LINE('',#7068,#1394);
#785=LINE('',#7072,#1395);
#786=LINE('',#7074,#1396);
#787=LINE('',#7076,#1397);
#788=LINE('',#7080,#1398);
#789=LINE('',#7084,#1399);
#790=LINE('',#7089,#1400);
#791=LINE('',#7091,#1401);
#792=LINE('',#7093,#1402);
#793=LINE('',#7094,#1403);
#794=LINE('',#7100,#1404);
#795=LINE('',#7103,#1405);
#796=LINE('',#7105,#1406);
#797=LINE('',#7106,#1407);
#798=LINE('',#7113,#1408);
#799=LINE('',#7116,#1409);
#800=LINE('',#7117,#1410);
#801=LINE('',#7121,#1411);
#802=LINE('',#7124,#1412);
#803=LINE('',#7125,#1413);
#804=LINE('',#7129,#1414);
#805=LINE('',#7133,#1415);
#806=LINE('',#7134,#1416);
#807=LINE('',#7136,#1417);
#808=LINE('',#7137,#1418);
#809=LINE('',#7143,#1419);
#810=LINE('',#7146,#1420);
#811=LINE('',#7147,#1421);
#812=LINE('',#7151,#1422);
#813=LINE('',#7153,#1423);
#814=LINE('',#7155,#1424);
#815=LINE('',#7159,#1425);
#816=LINE('',#7163,#1426);
#817=LINE('',#7168,#1427);
#818=LINE('',#7170,#1428);
#819=LINE('',#7172,#1429);
#820=LINE('',#7173,#1430);
#821=LINE('',#7179,#1431);
#822=LINE('',#7182,#1432);
#823=LINE('',#7184,#1433);
#824=LINE('',#7185,#1434);
#825=LINE('',#7192,#1435);
#826=LINE('',#7195,#1436);
#827=LINE('',#7196,#1437);
#828=LINE('',#7200,#1438);
#829=LINE('',#7203,#1439);
#830=LINE('',#7204,#1440);
#831=LINE('',#7208,#1441);
#832=LINE('',#7212,#1442);
#833=LINE('',#7213,#1443);
#834=LINE('',#7215,#1444);
#835=LINE('',#7216,#1445);
#836=LINE('',#7222,#1446);
#837=LINE('',#7225,#1447);
#838=LINE('',#7226,#1448);
#839=LINE('',#7230,#1449);
#840=LINE('',#7232,#1450);
#841=LINE('',#7234,#1451);
#842=LINE('',#7238,#1452);
#843=LINE('',#7242,#1453);
#844=LINE('',#7247,#1454);
#845=LINE('',#7249,#1455);
#846=LINE('',#7251,#1456);
#847=LINE('',#7252,#1457);
#848=LINE('',#7258,#1458);
#849=LINE('',#7261,#1459);
#850=LINE('',#7263,#1460);
#851=LINE('',#7264,#1461);
#852=LINE('',#7271,#1462);
#853=LINE('',#7274,#1463);
#854=LINE('',#7275,#1464);
#855=LINE('',#7279,#1465);
#856=LINE('',#7282,#1466);
#857=LINE('',#7283,#1467);
#858=LINE('',#7287,#1468);
#859=LINE('',#7291,#1469);
#860=LINE('',#7292,#1470);
#861=LINE('',#7294,#1471);
#862=LINE('',#7295,#1472);
#863=LINE('',#7301,#1473);
#864=LINE('',#7304,#1474);
#865=LINE('',#7305,#1475);
#866=LINE('',#7309,#1476);
#867=LINE('',#7311,#1477);
#868=LINE('',#7313,#1478);
#869=LINE('',#7317,#1479);
#870=LINE('',#7321,#1480);
#871=LINE('',#7326,#1481);
#872=LINE('',#7328,#1482);
#873=LINE('',#7330,#1483);
#874=LINE('',#7331,#1484);
#875=LINE('',#7337,#1485);
#876=LINE('',#7340,#1486);
#877=LINE('',#7342,#1487);
#878=LINE('',#7343,#1488);
#879=LINE('',#7350,#1489);
#880=LINE('',#7353,#1490);
#881=LINE('',#7354,#1491);
#882=LINE('',#7358,#1492);
#883=LINE('',#7361,#1493);
#884=LINE('',#7362,#1494);
#885=LINE('',#7366,#1495);
#886=LINE('',#7370,#1496);
#887=LINE('',#7371,#1497);
#888=LINE('',#7373,#1498);
#889=LINE('',#7374,#1499);
#890=LINE('',#7380,#1500);
#891=LINE('',#7383,#1501);
#892=LINE('',#7384,#1502);
#893=LINE('',#7388,#1503);
#894=LINE('',#7390,#1504);
#895=LINE('',#7392,#1505);
#896=LINE('',#7393,#1506);
#897=LINE('',#7396,#1507);
#898=LINE('',#7398,#1508);
#899=LINE('',#7400,#1509);
#900=LINE('',#7402,#1510);
#901=LINE('',#7403,#1511);
#902=LINE('',#7406,#1512);
#903=LINE('',#7407,#1513);
#904=LINE('',#7410,#1514);
#905=LINE('',#7411,#1515);
#906=LINE('',#7414,#1516);
#907=LINE('',#7415,#1517);
#908=LINE('',#7418,#1518);
#909=LINE('',#7419,#1519);
#910=LINE('',#7421,#1520);
#911=LINE('',#7425,#1521);
#912=LINE('',#7427,#1522);
#913=LINE('',#7429,#1523);
#914=LINE('',#7430,#1524);
#915=LINE('',#7433,#1525);
#916=LINE('',#7435,#1526);
#917=LINE('',#7437,#1527);
#918=LINE('',#7439,#1528);
#919=LINE('',#7440,#1529);
#920=LINE('',#7443,#1530);
#921=LINE('',#7444,#1531);
#922=LINE('',#7447,#1532);
#923=LINE('',#7448,#1533);
#924=LINE('',#7451,#1534);
#925=LINE('',#7452,#1535);
#926=LINE('',#7455,#1536);
#927=LINE('',#7456,#1537);
#928=LINE('',#7458,#1538);
#929=LINE('',#7462,#1539);
#930=LINE('',#7464,#1540);
#931=LINE('',#7466,#1541);
#932=LINE('',#7467,#1542);
#933=LINE('',#7470,#1543);
#934=LINE('',#7472,#1544);
#935=LINE('',#7474,#1545);
#936=LINE('',#7476,#1546);
#937=LINE('',#7477,#1547);
#938=LINE('',#7480,#1548);
#939=LINE('',#7481,#1549);
#940=LINE('',#7484,#1550);
#941=LINE('',#7485,#1551);
#942=LINE('',#7488,#1552);
#943=LINE('',#7489,#1553);
#944=LINE('',#7492,#1554);
#945=LINE('',#7493,#1555);
#946=LINE('',#7495,#1556);
#947=LINE('',#7499,#1557);
#948=LINE('',#7501,#1558);
#949=LINE('',#7503,#1559);
#950=LINE('',#7504,#1560);
#951=LINE('',#7507,#1561);
#952=LINE('',#7509,#1562);
#953=LINE('',#7511,#1563);
#954=LINE('',#7513,#1564);
#955=LINE('',#7514,#1565);
#956=LINE('',#7517,#1566);
#957=LINE('',#7518,#1567);
#958=LINE('',#7521,#1568);
#959=LINE('',#7522,#1569);
#960=LINE('',#7525,#1570);
#961=LINE('',#7526,#1571);
#962=LINE('',#7529,#1572);
#963=LINE('',#7530,#1573);
#964=LINE('',#7532,#1574);
#965=LINE('',#7536,#1575);
#966=LINE('',#7538,#1576);
#967=LINE('',#7540,#1577);
#968=LINE('',#7541,#1578);
#969=LINE('',#7544,#1579);
#970=LINE('',#7546,#1580);
#971=LINE('',#7548,#1581);
#972=LINE('',#7550,#1582);
#973=LINE('',#7551,#1583);
#974=LINE('',#7554,#1584);
#975=LINE('',#7555,#1585);
#976=LINE('',#7558,#1586);
#977=LINE('',#7559,#1587);
#978=LINE('',#7562,#1588);
#979=LINE('',#7563,#1589);
#980=LINE('',#7566,#1590);
#981=LINE('',#7567,#1591);
#982=LINE('',#7569,#1592);
#983=LINE('',#7573,#1593);
#984=LINE('',#7575,#1594);
#985=LINE('',#7577,#1595);
#986=LINE('',#7578,#1596);
#987=LINE('',#7581,#1597);
#988=LINE('',#7583,#1598);
#989=LINE('',#7585,#1599);
#990=LINE('',#7587,#1600);
#991=LINE('',#7588,#1601);
#992=LINE('',#7591,#1602);
#993=LINE('',#7592,#1603);
#994=LINE('',#7595,#1604);
#995=LINE('',#7596,#1605);
#996=LINE('',#7599,#1606);
#997=LINE('',#7600,#1607);
#998=LINE('',#7603,#1608);
#999=LINE('',#7604,#1609);
#1000=LINE('',#7606,#1610);
#1001=LINE('',#7610,#1611);
#1002=LINE('',#7612,#1612);
#1003=LINE('',#7614,#1613);
#1004=LINE('',#7615,#1614);
#1005=LINE('',#7618,#1615);
#1006=LINE('',#7620,#1616);
#1007=LINE('',#7622,#1617);
#1008=LINE('',#7624,#1618);
#1009=LINE('',#7625,#1619);
#1010=LINE('',#7628,#1620);
#1011=LINE('',#7629,#1621);
#1012=LINE('',#7632,#1622);
#1013=LINE('',#7633,#1623);
#1014=LINE('',#7636,#1624);
#1015=LINE('',#7637,#1625);
#1016=LINE('',#7640,#1626);
#1017=LINE('',#7641,#1627);
#1018=LINE('',#7643,#1628);
#1019=LINE('',#7647,#1629);
#1020=LINE('',#7649,#1630);
#1021=LINE('',#7651,#1631);
#1022=LINE('',#7652,#1632);
#1023=LINE('',#7655,#1633);
#1024=LINE('',#7657,#1634);
#1025=LINE('',#7659,#1635);
#1026=LINE('',#7661,#1636);
#1027=LINE('',#7662,#1637);
#1028=LINE('',#7665,#1638);
#1029=LINE('',#7666,#1639);
#1030=LINE('',#7669,#1640);
#1031=LINE('',#7670,#1641);
#1032=LINE('',#7673,#1642);
#1033=LINE('',#7674,#1643);
#1034=LINE('',#7677,#1644);
#1035=LINE('',#7678,#1645);
#1036=LINE('',#7680,#1646);
#1037=LINE('',#7684,#1647);
#1038=LINE('',#7686,#1648);
#1039=LINE('',#7688,#1649);
#1040=LINE('',#7689,#1650);
#1041=LINE('',#7692,#1651);
#1042=LINE('',#7694,#1652);
#1043=LINE('',#7696,#1653);
#1044=LINE('',#7698,#1654);
#1045=LINE('',#7699,#1655);
#1046=LINE('',#7702,#1656);
#1047=LINE('',#7703,#1657);
#1048=LINE('',#7706,#1658);
#1049=LINE('',#7707,#1659);
#1050=LINE('',#7710,#1660);
#1051=LINE('',#7711,#1661);
#1052=LINE('',#7714,#1662);
#1053=LINE('',#7715,#1663);
#1054=LINE('',#7717,#1664);
#1055=LINE('',#7721,#1665);
#1056=LINE('',#7723,#1666);
#1057=LINE('',#7725,#1667);
#1058=LINE('',#7726,#1668);
#1059=LINE('',#7729,#1669);
#1060=LINE('',#7731,#1670);
#1061=LINE('',#7733,#1671);
#1062=LINE('',#7735,#1672);
#1063=LINE('',#7736,#1673);
#1064=LINE('',#7739,#1674);
#1065=LINE('',#7740,#1675);
#1066=LINE('',#7743,#1676);
#1067=LINE('',#7744,#1677);
#1068=LINE('',#7747,#1678);
#1069=LINE('',#7748,#1679);
#1070=LINE('',#7751,#1680);
#1071=LINE('',#7752,#1681);
#1072=LINE('',#7754,#1682);
#1073=LINE('',#7758,#1683);
#1074=LINE('',#7760,#1684);
#1075=LINE('',#7762,#1685);
#1076=LINE('',#7763,#1686);
#1077=LINE('',#7766,#1687);
#1078=LINE('',#7768,#1688);
#1079=LINE('',#7770,#1689);
#1080=LINE('',#7772,#1690);
#1081=LINE('',#7773,#1691);
#1082=LINE('',#7776,#1692);
#1083=LINE('',#7777,#1693);
#1084=LINE('',#7780,#1694);
#1085=LINE('',#7781,#1695);
#1086=LINE('',#7784,#1696);
#1087=LINE('',#7785,#1697);
#1088=LINE('',#7788,#1698);
#1089=LINE('',#7789,#1699);
#1090=LINE('',#7791,#1700);
#1091=LINE('',#7795,#1701);
#1092=LINE('',#7797,#1702);
#1093=LINE('',#7799,#1703);
#1094=LINE('',#7800,#1704);
#1095=LINE('',#7803,#1705);
#1096=LINE('',#7805,#1706);
#1097=LINE('',#7807,#1707);
#1098=LINE('',#7809,#1708);
#1099=LINE('',#7810,#1709);
#1100=LINE('',#7813,#1710);
#1101=LINE('',#7814,#1711);
#1102=LINE('',#7817,#1712);
#1103=LINE('',#7818,#1713);
#1104=LINE('',#7821,#1714);
#1105=LINE('',#7822,#1715);
#1106=LINE('',#7825,#1716);
#1107=LINE('',#7826,#1717);
#1108=LINE('',#7828,#1718);
#1109=LINE('',#7831,#1719);
#1110=LINE('',#7833,#1720);
#1111=LINE('',#7834,#1721);
#1112=LINE('',#7837,#1722);
#1113=LINE('',#7838,#1723);
#1114=LINE('',#7841,#1724);
#1115=LINE('',#7842,#1725);
#1116=LINE('',#7845,#1726);
#1117=LINE('',#7846,#1727);
#1118=LINE('',#7849,#1728);
#1119=LINE('',#7851,#1729);
#1120=LINE('',#7852,#1730);
#1121=LINE('',#7855,#1731);
#1122=LINE('',#7856,#1732);
#1123=LINE('',#7859,#1733);
#1124=LINE('',#7860,#1734);
#1125=LINE('',#7863,#1735);
#1126=LINE('',#7864,#1736);
#1127=LINE('',#7867,#1737);
#1128=LINE('',#7869,#1738);
#1129=LINE('',#7870,#1739);
#1130=LINE('',#7873,#1740);
#1131=LINE('',#7874,#1741);
#1132=LINE('',#7877,#1742);
#1133=LINE('',#7878,#1743);
#1134=LINE('',#7881,#1744);
#1135=LINE('',#7882,#1745);
#1136=LINE('',#7885,#1746);
#1137=LINE('',#7887,#1747);
#1138=LINE('',#7888,#1748);
#1139=LINE('',#7891,#1749);
#1140=LINE('',#7892,#1750);
#1141=LINE('',#7895,#1751);
#1142=LINE('',#7896,#1752);
#1143=LINE('',#7899,#1753);
#1144=LINE('',#7900,#1754);
#1145=LINE('',#7903,#1755);
#1146=LINE('',#7905,#1756);
#1147=LINE('',#7906,#1757);
#1148=LINE('',#7909,#1758);
#1149=LINE('',#7910,#1759);
#1150=LINE('',#7913,#1760);
#1151=LINE('',#7914,#1761);
#1152=LINE('',#7917,#1762);
#1153=LINE('',#7918,#1763);
#1154=LINE('',#7921,#1764);
#1155=LINE('',#7923,#1765);
#1156=LINE('',#7924,#1766);
#1157=LINE('',#7927,#1767);
#1158=LINE('',#7928,#1768);
#1159=LINE('',#7931,#1769);
#1160=LINE('',#7932,#1770);
#1161=LINE('',#7935,#1771);
#1162=LINE('',#7936,#1772);
#1163=LINE('',#7939,#1773);
#1164=LINE('',#7940,#1774);
#1165=LINE('',#7942,#1775);
#1166=LINE('',#7944,#1776);
#1167=LINE('',#7947,#1777);
#1168=LINE('',#7948,#1778);
#1169=LINE('',#7950,#1779);
#1170=LINE('',#7952,#1780);
#1171=LINE('',#7955,#1781);
#1172=LINE('',#7956,#1782);
#1173=LINE('',#7958,#1783);
#1174=LINE('',#7960,#1784);
#1175=LINE('',#7963,#1785);
#1176=LINE('',#7964,#1786);
#1177=LINE('',#7966,#1787);
#1178=LINE('',#7968,#1788);
#1179=LINE('',#7971,#1789);
#1180=LINE('',#7972,#1790);
#1181=LINE('',#7974,#1791);
#1182=LINE('',#7976,#1792);
#1183=LINE('',#7979,#1793);
#1184=LINE('',#7980,#1794);
#1185=LINE('',#7982,#1795);
#1186=LINE('',#7984,#1796);
#1187=LINE('',#7987,#1797);
#1188=LINE('',#7989,#1798);
#1189=LINE('',#7991,#1799);
#1190=LINE('',#7993,#1800);
#1191=LINE('',#7994,#1801);
#1192=LINE('',#7995,#1802);
#1193=LINE('',#7996,#1803);
#1194=LINE('',#7997,#1804);
#1195=LINE('',#7998,#1805);
#1196=LINE('',#7999,#1806);
#1197=LINE('',#8002,#1807);
#1198=LINE('',#8004,#1808);
#1199=LINE('',#8005,#1809);
#1200=LINE('',#8011,#1810);
#1201=LINE('',#8014,#1811);
#1202=LINE('',#8016,#1812);
#1203=LINE('',#8018,#1813);
#1204=LINE('',#8019,#1814);
#1205=LINE('',#8022,#1815);
#1206=LINE('',#8024,#1816);
#1207=LINE('',#8026,#1817);
#1208=LINE('',#8028,#1818);
#1209=LINE('',#8030,#1819);
#1210=LINE('',#8032,#1820);
#1211=LINE('',#8034,#1821);
#1212=LINE('',#8036,#1822);
#1213=LINE('',#8037,#1823);
#1214=LINE('',#8042,#1824);
#1215=LINE('',#8046,#1825);
#1216=LINE('',#8047,#1826);
#1217=LINE('',#8049,#1827);
#1218=LINE('',#8052,#1828);
#1219=LINE('',#8054,#1829);
#1220=LINE('',#8055,#1830);
#1221=LINE('',#8058,#1831);
#1222=LINE('',#8060,#1832);
#1223=LINE('',#8061,#1833);
#1224=LINE('',#8064,#1834);
#1225=LINE('',#8065,#1835);
#1226=LINE('',#8069,#1836);
#1227=LINE('',#8071,#1837);
#1228=LINE('',#8073,#1838);
#1229=LINE('',#8074,#1839);
#1230=LINE('',#8077,#1840);
#1231=LINE('',#8079,#1841);
#1232=LINE('',#8080,#1842);
#1233=LINE('',#8084,#1843);
#1234=LINE('',#8086,#1844);
#1235=LINE('',#8088,#1845);
#1236=LINE('',#8089,#1846);
#1237=LINE('',#8092,#1847);
#1238=LINE('',#8094,#1848);
#1239=LINE('',#8095,#1849);
#1240=LINE('',#8098,#1850);
#1241=LINE('',#8100,#1851);
#1242=LINE('',#8101,#1852);
#1243=LINE('',#8103,#1853);
#1244=LINE('',#8104,#1854);
#1245=LINE('',#8107,#1855);
#1246=LINE('',#8109,#1856);
#1247=LINE('',#8110,#1857);
#1248=LINE('',#8112,#1858);
#1249=LINE('',#8113,#1859);
#1250=LINE('',#8118,#1860);
#1251=LINE('',#8120,#1861);
#1252=LINE('',#8122,#1862);
#1253=LINE('',#8123,#1863);
#1254=LINE('',#8127,#1864);
#1255=LINE('',#8128,#1865);
#1256=LINE('',#8129,#1866);
#1257=LINE('',#8132,#1867);
#1258=LINE('',#8133,#1868);
#1259=LINE('',#8136,#1869);
#1260=LINE('',#8137,#1870);
#1261=LINE('',#8139,#1871);
#1262=LINE('',#8144,#1872);
#1263=LINE('',#8146,#1873);
#1264=LINE('',#8148,#1874);
#1265=LINE('',#8149,#1875);
#1266=LINE('',#8152,#1876);
#1267=LINE('',#8154,#1877);
#1268=LINE('',#8155,#1878);
#1269=LINE('',#8158,#1879);
#1270=LINE('',#8160,#1880);
#1271=LINE('',#8161,#1881);
#1272=LINE('',#8163,#1882);
#1273=LINE('',#8167,#1883);
#1274=LINE('',#8169,#1884);
#1275=LINE('',#8170,#1885);
#1276=LINE('',#8172,#1886);
#1277=LINE('',#8173,#1887);
#1278=LINE('',#8176,#1888);
#1279=LINE('',#8177,#1889);
#1280=LINE('',#8181,#1890);
#1281=LINE('',#8183,#1891);
#1282=LINE('',#8185,#1892);
#1283=LINE('',#8186,#1893);
#1284=LINE('',#8188,#1894);
#1285=LINE('',#8189,#1895);
#1286=LINE('',#8191,#1896);
#1287=LINE('',#8192,#1897);
#1288=LINE('',#8194,#1898);
#1289=LINE('',#8196,#1899);
#1290=LINE('',#8198,#1900);
#1291=LINE('',#8203,#1901);
#1292=LINE('',#8205,#1902);
#1293=LINE('',#8207,#1903);
#1294=LINE('',#8214,#1904);
#1295=LINE('',#8220,#1905);
#1296=LINE('',#8224,#1906);
#1297=LINE('',#8231,#1907);
#1298=LINE('',#8238,#1908);
#1299=LINE('',#8244,#1909);
#1300=LINE('',#8246,#1910);
#1301=LINE('',#8248,#1911);
#1302=LINE('',#8256,#1912);
#1303=LINE('',#8258,#1913);
#1304=LINE('',#8281,#1914);
#1305=LINE('',#8306,#1915);
#1306=LINE('',#8310,#1916);
#1307=LINE('',#8334,#1917);
#1308=LINE('',#8336,#1918);
#1309=LINE('',#8338,#1919);
#1310=LINE('',#8340,#1920);
#1311=LINE('',#8342,#1921);
#1312=LINE('',#8344,#1922);
#1313=LINE('',#8367,#1923);
#1314=LINE('',#8442,#1924);
#1315=LINE('',#8444,#1925);
#1316=LINE('',#8446,#1926);
#1317=LINE('',#8448,#1927);
#1318=LINE('',#8450,#1928);
#1319=LINE('',#8452,#1929);
#1320=LINE('',#8454,#1930);
#1321=LINE('',#8456,#1931);
#1322=LINE('',#8458,#1932);
#1323=LINE('',#8460,#1933);
#1324=LINE('',#8461,#1934);
#1325=LINE('',#8464,#1935);
#1326=LINE('',#8466,#1936);
#1327=LINE('',#8467,#1937);
#1328=LINE('',#8471,#1938);
#1329=LINE('',#8504,#1939);
#1330=LINE('',#8525,#1940);
#1331=LINE('',#8592,#1941);
#1332=LINE('',#8594,#1942);
#1333=LINE('',#8596,#1943);
#1334=LINE('',#8598,#1944);
#1335=LINE('',#8600,#1945);
#1336=LINE('',#8602,#1946);
#1337=LINE('',#8604,#1947);
#1338=LINE('',#8606,#1948);
#1339=LINE('',#8608,#1949);
#1340=LINE('',#8609,#1950);
#1341=VECTOR('',#5658,10.);
#1342=VECTOR('',#5659,10.);
#1343=VECTOR('',#5660,10.);
#1344=VECTOR('',#5663,10.);
#1345=VECTOR('',#5666,10.);
#1346=VECTOR('',#5671,10.);
#1347=VECTOR('',#5672,10.);
#1348=VECTOR('',#5673,10.);
#1349=VECTOR('',#5674,10.);
#1350=VECTOR('',#5681,10.);
#1351=VECTOR('',#5684,10.);
#1352=VECTOR('',#5685,10.);
#1353=VECTOR('',#5686,10.);
#1354=VECTOR('',#5695,10.);
#1355=VECTOR('',#5698,10.);
#1356=VECTOR('',#5699,10.);
#1357=VECTOR('',#5704,10.);
#1358=VECTOR('',#5707,10.);
#1359=VECTOR('',#5708,10.);
#1360=VECTOR('',#5713,10.);
#1361=VECTOR('',#5716,10.);
#1362=VECTOR('',#5717,10.);
#1363=VECTOR('',#5718,10.);
#1364=VECTOR('',#5719,10.);
#1365=VECTOR('',#5726,10.);
#1366=VECTOR('',#5729,10.);
#1367=VECTOR('',#5730,10.);
#1368=VECTOR('',#5733,10.);
#1369=VECTOR('',#5734,10.);
#1370=VECTOR('',#5735,10.);
#1371=VECTOR('',#5738,10.);
#1372=VECTOR('',#5741,10.);
#1373=VECTOR('',#5746,10.);
#1374=VECTOR('',#5747,10.);
#1375=VECTOR('',#5748,10.);
#1376=VECTOR('',#5749,10.);
#1377=VECTOR('',#5756,10.);
#1378=VECTOR('',#5759,10.);
#1379=VECTOR('',#5760,10.);
#1380=VECTOR('',#5761,10.);
#1381=VECTOR('',#5770,10.);
#1382=VECTOR('',#5773,10.);
#1383=VECTOR('',#5774,10.);
#1384=VECTOR('',#5779,10.);
#1385=VECTOR('',#5782,10.);
#1386=VECTOR('',#5783,10.);
#1387=VECTOR('',#5788,10.);
#1388=VECTOR('',#5791,10.);
#1389=VECTOR('',#5792,10.);
#1390=VECTOR('',#5793,10.);
#1391=VECTOR('',#5794,10.);
#1392=VECTOR('',#5801,10.);
#1393=VECTOR('',#5804,10.);
#1394=VECTOR('',#5805,10.);
#1395=VECTOR('',#5808,10.);
#1396=VECTOR('',#5809,10.);
#1397=VECTOR('',#5810,10.);
#1398=VECTOR('',#5813,10.);
#1399=VECTOR('',#5816,10.);
#1400=VECTOR('',#5821,10.);
#1401=VECTOR('',#5822,10.);
#1402=VECTOR('',#5823,10.);
#1403=VECTOR('',#5824,10.);
#1404=VECTOR('',#5831,10.);
#1405=VECTOR('',#5834,10.);
#1406=VECTOR('',#5835,10.);
#1407=VECTOR('',#5836,10.);
#1408=VECTOR('',#5845,10.);
#1409=VECTOR('',#5848,10.);
#1410=VECTOR('',#5849,10.);
#1411=VECTOR('',#5854,10.);
#1412=VECTOR('',#5857,10.);
#1413=VECTOR('',#5858,10.);
#1414=VECTOR('',#5863,10.);
#1415=VECTOR('',#5866,10.);
#1416=VECTOR('',#5867,10.);
#1417=VECTOR('',#5868,10.);
#1418=VECTOR('',#5869,10.);
#1419=VECTOR('',#5876,10.);
#1420=VECTOR('',#5879,10.);
#1421=VECTOR('',#5880,10.);
#1422=VECTOR('',#5883,10.);
#1423=VECTOR('',#5884,10.);
#1424=VECTOR('',#5885,10.);
#1425=VECTOR('',#5888,10.);
#1426=VECTOR('',#5891,10.);
#1427=VECTOR('',#5896,10.);
#1428=VECTOR('',#5897,10.);
#1429=VECTOR('',#5898,10.);
#1430=VECTOR('',#5899,10.);
#1431=VECTOR('',#5906,10.);
#1432=VECTOR('',#5909,10.);
#1433=VECTOR('',#5910,10.);
#1434=VECTOR('',#5911,10.);
#1435=VECTOR('',#5920,10.);
#1436=VECTOR('',#5923,10.);
#1437=VECTOR('',#5924,10.);
#1438=VECTOR('',#5929,10.);
#1439=VECTOR('',#5932,10.);
#1440=VECTOR('',#5933,10.);
#1441=VECTOR('',#5938,10.);
#1442=VECTOR('',#5941,10.);
#1443=VECTOR('',#5942,10.);
#1444=VECTOR('',#5943,10.);
#1445=VECTOR('',#5944,10.);
#1446=VECTOR('',#5951,10.);
#1447=VECTOR('',#5954,10.);
#1448=VECTOR('',#5955,10.);
#1449=VECTOR('',#5958,10.);
#1450=VECTOR('',#5959,10.);
#1451=VECTOR('',#5960,10.);
#1452=VECTOR('',#5963,10.);
#1453=VECTOR('',#5966,10.);
#1454=VECTOR('',#5971,10.);
#1455=VECTOR('',#5972,10.);
#1456=VECTOR('',#5973,10.);
#1457=VECTOR('',#5974,10.);
#1458=VECTOR('',#5981,10.);
#1459=VECTOR('',#5984,10.);
#1460=VECTOR('',#5985,10.);
#1461=VECTOR('',#5986,10.);
#1462=VECTOR('',#5995,10.);
#1463=VECTOR('',#5998,10.);
#1464=VECTOR('',#5999,10.);
#1465=VECTOR('',#6004,10.);
#1466=VECTOR('',#6007,10.);
#1467=VECTOR('',#6008,10.);
#1468=VECTOR('',#6013,10.);
#1469=VECTOR('',#6016,10.);
#1470=VECTOR('',#6017,10.);
#1471=VECTOR('',#6018,10.);
#1472=VECTOR('',#6019,10.);
#1473=VECTOR('',#6026,10.);
#1474=VECTOR('',#6029,10.);
#1475=VECTOR('',#6030,10.);
#1476=VECTOR('',#6033,10.);
#1477=VECTOR('',#6034,10.);
#1478=VECTOR('',#6035,10.);
#1479=VECTOR('',#6038,10.);
#1480=VECTOR('',#6041,10.);
#1481=VECTOR('',#6046,10.);
#1482=VECTOR('',#6047,10.);
#1483=VECTOR('',#6048,10.);
#1484=VECTOR('',#6049,10.);
#1485=VECTOR('',#6056,10.);
#1486=VECTOR('',#6059,10.);
#1487=VECTOR('',#6060,10.);
#1488=VECTOR('',#6061,10.);
#1489=VECTOR('',#6070,10.);
#1490=VECTOR('',#6073,10.);
#1491=VECTOR('',#6074,10.);
#1492=VECTOR('',#6079,10.);
#1493=VECTOR('',#6082,10.);
#1494=VECTOR('',#6083,10.);
#1495=VECTOR('',#6088,10.);
#1496=VECTOR('',#6091,10.);
#1497=VECTOR('',#6092,10.);
#1498=VECTOR('',#6093,10.);
#1499=VECTOR('',#6094,10.);
#1500=VECTOR('',#6101,10.);
#1501=VECTOR('',#6104,10.);
#1502=VECTOR('',#6105,10.);
#1503=VECTOR('',#6108,10.);
#1504=VECTOR('',#6109,10.);
#1505=VECTOR('',#6110,10.);
#1506=VECTOR('',#6111,10.);
#1507=VECTOR('',#6114,10.);
#1508=VECTOR('',#6115,10.);
#1509=VECTOR('',#6116,10.);
#1510=VECTOR('',#6117,10.);
#1511=VECTOR('',#6118,10.);
#1512=VECTOR('',#6121,10.);
#1513=VECTOR('',#6122,10.);
#1514=VECTOR('',#6125,10.);
#1515=VECTOR('',#6126,10.);
#1516=VECTOR('',#6129,10.);
#1517=VECTOR('',#6130,10.);
#1518=VECTOR('',#6133,10.);
#1519=VECTOR('',#6134,10.);
#1520=VECTOR('',#6137,10.);
#1521=VECTOR('',#6140,10.);
#1522=VECTOR('',#6141,10.);
#1523=VECTOR('',#6142,10.);
#1524=VECTOR('',#6143,10.);
#1525=VECTOR('',#6146,10.);
#1526=VECTOR('',#6147,10.);
#1527=VECTOR('',#6148,10.);
#1528=VECTOR('',#6149,10.);
#1529=VECTOR('',#6150,10.);
#1530=VECTOR('',#6153,10.);
#1531=VECTOR('',#6154,10.);
#1532=VECTOR('',#6157,10.);
#1533=VECTOR('',#6158,10.);
#1534=VECTOR('',#6161,10.);
#1535=VECTOR('',#6162,10.);
#1536=VECTOR('',#6165,10.);
#1537=VECTOR('',#6166,10.);
#1538=VECTOR('',#6169,10.);
#1539=VECTOR('',#6172,10.);
#1540=VECTOR('',#6173,10.);
#1541=VECTOR('',#6174,10.);
#1542=VECTOR('',#6175,10.);
#1543=VECTOR('',#6178,10.);
#1544=VECTOR('',#6179,10.);
#1545=VECTOR('',#6180,10.);
#1546=VECTOR('',#6181,10.);
#1547=VECTOR('',#6182,10.);
#1548=VECTOR('',#6185,10.);
#1549=VECTOR('',#6186,10.);
#1550=VECTOR('',#6189,10.);
#1551=VECTOR('',#6190,10.);
#1552=VECTOR('',#6193,10.);
#1553=VECTOR('',#6194,10.);
#1554=VECTOR('',#6197,10.);
#1555=VECTOR('',#6198,10.);
#1556=VECTOR('',#6201,10.);
#1557=VECTOR('',#6204,10.);
#1558=VECTOR('',#6205,10.);
#1559=VECTOR('',#6206,10.);
#1560=VECTOR('',#6207,10.);
#1561=VECTOR('',#6210,10.);
#1562=VECTOR('',#6211,10.);
#1563=VECTOR('',#6212,10.);
#1564=VECTOR('',#6213,10.);
#1565=VECTOR('',#6214,10.);
#1566=VECTOR('',#6217,10.);
#1567=VECTOR('',#6218,10.);
#1568=VECTOR('',#6221,10.);
#1569=VECTOR('',#6222,10.);
#1570=VECTOR('',#6225,10.);
#1571=VECTOR('',#6226,10.);
#1572=VECTOR('',#6229,10.);
#1573=VECTOR('',#6230,10.);
#1574=VECTOR('',#6233,10.);
#1575=VECTOR('',#6236,10.);
#1576=VECTOR('',#6237,10.);
#1577=VECTOR('',#6238,10.);
#1578=VECTOR('',#6239,10.);
#1579=VECTOR('',#6242,10.);
#1580=VECTOR('',#6243,10.);
#1581=VECTOR('',#6244,10.);
#1582=VECTOR('',#6245,10.);
#1583=VECTOR('',#6246,10.);
#1584=VECTOR('',#6249,10.);
#1585=VECTOR('',#6250,10.);
#1586=VECTOR('',#6253,10.);
#1587=VECTOR('',#6254,10.);
#1588=VECTOR('',#6257,10.);
#1589=VECTOR('',#6258,10.);
#1590=VECTOR('',#6261,10.);
#1591=VECTOR('',#6262,10.);
#1592=VECTOR('',#6265,10.);
#1593=VECTOR('',#6268,10.);
#1594=VECTOR('',#6269,10.);
#1595=VECTOR('',#6270,10.);
#1596=VECTOR('',#6271,10.);
#1597=VECTOR('',#6274,10.);
#1598=VECTOR('',#6275,10.);
#1599=VECTOR('',#6276,10.);
#1600=VECTOR('',#6277,10.);
#1601=VECTOR('',#6278,10.);
#1602=VECTOR('',#6281,10.);
#1603=VECTOR('',#6282,10.);
#1604=VECTOR('',#6285,10.);
#1605=VECTOR('',#6286,10.);
#1606=VECTOR('',#6289,10.);
#1607=VECTOR('',#6290,10.);
#1608=VECTOR('',#6293,10.);
#1609=VECTOR('',#6294,10.);
#1610=VECTOR('',#6297,10.);
#1611=VECTOR('',#6300,10.);
#1612=VECTOR('',#6301,10.);
#1613=VECTOR('',#6302,10.);
#1614=VECTOR('',#6303,10.);
#1615=VECTOR('',#6306,10.);
#1616=VECTOR('',#6307,10.);
#1617=VECTOR('',#6308,10.);
#1618=VECTOR('',#6309,10.);
#1619=VECTOR('',#6310,10.);
#1620=VECTOR('',#6313,10.);
#1621=VECTOR('',#6314,10.);
#1622=VECTOR('',#6317,10.);
#1623=VECTOR('',#6318,10.);
#1624=VECTOR('',#6321,10.);
#1625=VECTOR('',#6322,10.);
#1626=VECTOR('',#6325,10.);
#1627=VECTOR('',#6326,10.);
#1628=VECTOR('',#6329,10.);
#1629=VECTOR('',#6332,10.);
#1630=VECTOR('',#6333,10.);
#1631=VECTOR('',#6334,10.);
#1632=VECTOR('',#6335,10.);
#1633=VECTOR('',#6338,10.);
#1634=VECTOR('',#6339,10.);
#1635=VECTOR('',#6340,10.);
#1636=VECTOR('',#6341,10.);
#1637=VECTOR('',#6342,10.);
#1638=VECTOR('',#6345,10.);
#1639=VECTOR('',#6346,10.);
#1640=VECTOR('',#6349,10.);
#1641=VECTOR('',#6350,10.);
#1642=VECTOR('',#6353,10.);
#1643=VECTOR('',#6354,10.);
#1644=VECTOR('',#6357,10.);
#1645=VECTOR('',#6358,10.);
#1646=VECTOR('',#6361,10.);
#1647=VECTOR('',#6364,10.);
#1648=VECTOR('',#6365,10.);
#1649=VECTOR('',#6366,10.);
#1650=VECTOR('',#6367,10.);
#1651=VECTOR('',#6370,10.);
#1652=VECTOR('',#6371,10.);
#1653=VECTOR('',#6372,10.);
#1654=VECTOR('',#6373,10.);
#1655=VECTOR('',#6374,10.);
#1656=VECTOR('',#6377,10.);
#1657=VECTOR('',#6378,10.);
#1658=VECTOR('',#6381,10.);
#1659=VECTOR('',#6382,10.);
#1660=VECTOR('',#6385,10.);
#1661=VECTOR('',#6386,10.);
#1662=VECTOR('',#6389,10.);
#1663=VECTOR('',#6390,10.);
#1664=VECTOR('',#6393,10.);
#1665=VECTOR('',#6396,10.);
#1666=VECTOR('',#6397,10.);
#1667=VECTOR('',#6398,10.);
#1668=VECTOR('',#6399,10.);
#1669=VECTOR('',#6402,10.);
#1670=VECTOR('',#6403,10.);
#1671=VECTOR('',#6404,10.);
#1672=VECTOR('',#6405,10.);
#1673=VECTOR('',#6406,10.);
#1674=VECTOR('',#6409,10.);
#1675=VECTOR('',#6410,10.);
#1676=VECTOR('',#6413,10.);
#1677=VECTOR('',#6414,10.);
#1678=VECTOR('',#6417,10.);
#1679=VECTOR('',#6418,10.);
#1680=VECTOR('',#6421,10.);
#1681=VECTOR('',#6422,10.);
#1682=VECTOR('',#6425,10.);
#1683=VECTOR('',#6428,10.);
#1684=VECTOR('',#6429,10.);
#1685=VECTOR('',#6430,10.);
#1686=VECTOR('',#6431,10.);
#1687=VECTOR('',#6434,10.);
#1688=VECTOR('',#6435,10.);
#1689=VECTOR('',#6436,10.);
#1690=VECTOR('',#6437,10.);
#1691=VECTOR('',#6438,10.);
#1692=VECTOR('',#6441,10.);
#1693=VECTOR('',#6442,10.);
#1694=VECTOR('',#6445,10.);
#1695=VECTOR('',#6446,10.);
#1696=VECTOR('',#6449,10.);
#1697=VECTOR('',#6450,10.);
#1698=VECTOR('',#6453,10.);
#1699=VECTOR('',#6454,10.);
#1700=VECTOR('',#6457,10.);
#1701=VECTOR('',#6460,10.);
#1702=VECTOR('',#6461,10.);
#1703=VECTOR('',#6462,10.);
#1704=VECTOR('',#6463,10.);
#1705=VECTOR('',#6466,10.);
#1706=VECTOR('',#6467,10.);
#1707=VECTOR('',#6468,10.);
#1708=VECTOR('',#6469,10.);
#1709=VECTOR('',#6470,10.);
#1710=VECTOR('',#6473,10.);
#1711=VECTOR('',#6474,10.);
#1712=VECTOR('',#6477,10.);
#1713=VECTOR('',#6478,10.);
#1714=VECTOR('',#6481,10.);
#1715=VECTOR('',#6482,10.);
#1716=VECTOR('',#6485,10.);
#1717=VECTOR('',#6486,10.);
#1718=VECTOR('',#6489,10.);
#1719=VECTOR('',#6492,10.);
#1720=VECTOR('',#6493,10.);
#1721=VECTOR('',#6494,10.);
#1722=VECTOR('',#6497,10.);
#1723=VECTOR('',#6498,10.);
#1724=VECTOR('',#6501,10.);
#1725=VECTOR('',#6502,10.);
#1726=VECTOR('',#6505,10.);
#1727=VECTOR('',#6506,10.);
#1728=VECTOR('',#6509,10.);
#1729=VECTOR('',#6510,10.);
#1730=VECTOR('',#6511,10.);
#1731=VECTOR('',#6514,10.);
#1732=VECTOR('',#6515,10.);
#1733=VECTOR('',#6518,10.);
#1734=VECTOR('',#6519,10.);
#1735=VECTOR('',#6522,10.);
#1736=VECTOR('',#6523,10.);
#1737=VECTOR('',#6526,10.);
#1738=VECTOR('',#6527,10.);
#1739=VECTOR('',#6528,10.);
#1740=VECTOR('',#6531,10.);
#1741=VECTOR('',#6532,10.);
#1742=VECTOR('',#6535,10.);
#1743=VECTOR('',#6536,10.);
#1744=VECTOR('',#6539,10.);
#1745=VECTOR('',#6540,10.);
#1746=VECTOR('',#6543,10.);
#1747=VECTOR('',#6544,10.);
#1748=VECTOR('',#6545,10.);
#1749=VECTOR('',#6548,10.);
#1750=VECTOR('',#6549,10.);
#1751=VECTOR('',#6552,10.);
#1752=VECTOR('',#6553,10.);
#1753=VECTOR('',#6556,10.);
#1754=VECTOR('',#6557,10.);
#1755=VECTOR('',#6560,10.);
#1756=VECTOR('',#6561,10.);
#1757=VECTOR('',#6562,10.);
#1758=VECTOR('',#6565,10.);
#1759=VECTOR('',#6566,10.);
#1760=VECTOR('',#6569,10.);
#1761=VECTOR('',#6570,10.);
#1762=VECTOR('',#6573,10.);
#1763=VECTOR('',#6574,10.);
#1764=VECTOR('',#6577,10.);
#1765=VECTOR('',#6578,10.);
#1766=VECTOR('',#6579,10.);
#1767=VECTOR('',#6582,10.);
#1768=VECTOR('',#6583,10.);
#1769=VECTOR('',#6586,10.);
#1770=VECTOR('',#6587,10.);
#1771=VECTOR('',#6590,10.);
#1772=VECTOR('',#6591,10.);
#1773=VECTOR('',#6594,10.);
#1774=VECTOR('',#6595,10.);
#1775=VECTOR('',#6598,10.);
#1776=VECTOR('',#6601,10.);
#1777=VECTOR('',#6604,10.);
#1778=VECTOR('',#6605,10.);
#1779=VECTOR('',#6608,10.);
#1780=VECTOR('',#6611,10.);
#1781=VECTOR('',#6614,10.);
#1782=VECTOR('',#6615,10.);
#1783=VECTOR('',#6618,10.);
#1784=VECTOR('',#6621,10.);
#1785=VECTOR('',#6624,10.);
#1786=VECTOR('',#6625,10.);
#1787=VECTOR('',#6628,10.);
#1788=VECTOR('',#6631,10.);
#1789=VECTOR('',#6634,10.);
#1790=VECTOR('',#6635,10.);
#1791=VECTOR('',#6638,10.);
#1792=VECTOR('',#6641,10.);
#1793=VECTOR('',#6644,10.);
#1794=VECTOR('',#6645,10.);
#1795=VECTOR('',#6648,10.);
#1796=VECTOR('',#6651,10.);
#1797=VECTOR('',#6654,10.);
#1798=VECTOR('',#6655,10.);
#1799=VECTOR('',#6656,10.);
#1800=VECTOR('',#6657,10.);
#1801=VECTOR('',#6658,10.);
#1802=VECTOR('',#6659,10.);
#1803=VECTOR('',#6660,10.);
#1804=VECTOR('',#6661,10.);
#1805=VECTOR('',#6662,10.);
#1806=VECTOR('',#6663,10.);
#1807=VECTOR('',#6666,10.);
#1808=VECTOR('',#6667,10.);
#1809=VECTOR('',#6668,10.);
#1810=VECTOR('',#6673,10.);
#1811=VECTOR('',#6676,10.);
#1812=VECTOR('',#6679,10.);
#1813=VECTOR('',#6680,10.);
#1814=VECTOR('',#6681,10.);
#1815=VECTOR('',#6684,10.);
#1816=VECTOR('',#6685,10.);
#1817=VECTOR('',#6686,10.);
#1818=VECTOR('',#6687,10.);
#1819=VECTOR('',#6688,10.);
#1820=VECTOR('',#6689,10.);
#1821=VECTOR('',#6690,10.);
#1822=VECTOR('',#6691,10.);
#1823=VECTOR('',#6692,10.);
#1824=VECTOR('',#6697,10.);
#1825=VECTOR('',#6702,10.);
#1826=VECTOR('',#6703,10.);
#1827=VECTOR('',#6706,10.);
#1828=VECTOR('',#6709,10.);
#1829=VECTOR('',#6710,10.);
#1830=VECTOR('',#6711,10.);
#1831=VECTOR('',#6714,10.);
#1832=VECTOR('',#6715,10.);
#1833=VECTOR('',#6716,10.);
#1834=VECTOR('',#6719,10.);
#1835=VECTOR('',#6720,10.);
#1836=VECTOR('',#6723,10.);
#1837=VECTOR('',#6724,10.);
#1838=VECTOR('',#6725,10.);
#1839=VECTOR('',#6726,10.);
#1840=VECTOR('',#6729,10.);
#1841=VECTOR('',#6730,10.);
#1842=VECTOR('',#6731,10.);
#1843=VECTOR('',#6734,10.);
#1844=VECTOR('',#6735,10.);
#1845=VECTOR('',#6736,10.);
#1846=VECTOR('',#6737,10.);
#1847=VECTOR('',#6740,10.);
#1848=VECTOR('',#6741,10.);
#1849=VECTOR('',#6742,10.);
#1850=VECTOR('',#6745,10.);
#1851=VECTOR('',#6746,10.);
#1852=VECTOR('',#6747,10.);
#1853=VECTOR('',#6750,10.);
#1854=VECTOR('',#6751,10.);
#1855=VECTOR('',#6754,10.);
#1856=VECTOR('',#6755,10.);
#1857=VECTOR('',#6756,10.);
#1858=VECTOR('',#6759,10.);
#1859=VECTOR('',#6760,10.);
#1860=VECTOR('',#6765,10.);
#1861=VECTOR('',#6766,10.);
#1862=VECTOR('',#6767,10.);
#1863=VECTOR('',#6768,10.);
#1864=VECTOR('',#6771,10.);
#1865=VECTOR('',#6772,10.);
#1866=VECTOR('',#6773,10.);
#1867=VECTOR('',#6776,10.);
#1868=VECTOR('',#6777,10.);
#1869=VECTOR('',#6780,10.);
#1870=VECTOR('',#6781,10.);
#1871=VECTOR('',#6784,10.);
#1872=VECTOR('',#6789,10.);
#1873=VECTOR('',#6790,10.);
#1874=VECTOR('',#6791,10.);
#1875=VECTOR('',#6792,10.);
#1876=VECTOR('',#6795,10.);
#1877=VECTOR('',#6796,10.);
#1878=VECTOR('',#6797,10.);
#1879=VECTOR('',#6800,10.);
#1880=VECTOR('',#6801,10.);
#1881=VECTOR('',#6802,10.);
#1882=VECTOR('',#6805,10.);
#1883=VECTOR('',#6808,10.);
#1884=VECTOR('',#6809,10.);
#1885=VECTOR('',#6810,10.);
#1886=VECTOR('',#6811,10.);
#1887=VECTOR('',#6812,10.);
#1888=VECTOR('',#6815,10.);
#1889=VECTOR('',#6816,10.);
#1890=VECTOR('',#6819,10.);
#1891=VECTOR('',#6820,10.);
#1892=VECTOR('',#6821,10.);
#1893=VECTOR('',#6822,10.);
#1894=VECTOR('',#6825,10.);
#1895=VECTOR('',#6826,10.);
#1896=VECTOR('',#6829,10.);
#1897=VECTOR('',#6830,10.);
#1898=VECTOR('',#6833,10.);
#1899=VECTOR('',#6836,10.);
#1900=VECTOR('',#6839,10.);
#1901=VECTOR('',#6844,10.);
#1902=VECTOR('',#6845,10.);
#1903=VECTOR('',#6846,10.);
#1904=VECTOR('',#6847,10.);
#1905=VECTOR('',#6848,10.);
#1906=VECTOR('',#6851,10.);
#1907=VECTOR('',#6852,10.);
#1908=VECTOR('',#6853,10.);
#1909=VECTOR('',#6854,10.);
#1910=VECTOR('',#6855,10.);
#1911=VECTOR('',#6856,10.);
#1912=VECTOR('',#6859,10.);
#1913=VECTOR('',#6860,10.);
#1914=VECTOR('',#6861,10.);
#1915=VECTOR('',#6862,10.);
#1916=VECTOR('',#6865,10.);
#1917=VECTOR('',#6866,10.);
#1918=VECTOR('',#6867,10.);
#1919=VECTOR('',#6868,10.);
#1920=VECTOR('',#6869,10.);
#1921=VECTOR('',#6870,10.);
#1922=VECTOR('',#6871,10.);
#1923=VECTOR('',#6874,10.);
#1924=VECTOR('',#6877,10.);
#1925=VECTOR('',#6878,10.);
#1926=VECTOR('',#6879,10.);
#1927=VECTOR('',#6880,10.);
#1928=VECTOR('',#6881,10.);
#1929=VECTOR('',#6882,10.);
#1930=VECTOR('',#6883,10.);
#1931=VECTOR('',#6884,10.);
#1932=VECTOR('',#6885,10.);
#1933=VECTOR('',#6886,10.);
#1934=VECTOR('',#6887,10.);
#1935=VECTOR('',#6888,10.);
#1936=VECTOR('',#6889,10.);
#1937=VECTOR('',#6890,10.);
#1938=VECTOR('',#6893,10.);
#1939=VECTOR('',#6894,10.);
#1940=VECTOR('',#6895,10.);
#1941=VECTOR('',#6900,10.);
#1942=VECTOR('',#6901,10.);
#1943=VECTOR('',#6902,10.);
#1944=VECTOR('',#6903,10.);
#1945=VECTOR('',#6904,10.);
#1946=VECTOR('',#6905,10.);
#1947=VECTOR('',#6906,10.);
#1948=VECTOR('',#6907,10.);
#1949=VECTOR('',#6908,10.);
#1950=VECTOR('',#6909,10.);
#1951=VERTEX_POINT('',#6912);
#1952=VERTEX_POINT('',#6913);
#1953=VERTEX_POINT('',#6915);
#1954=VERTEX_POINT('',#6917);
#1955=VERTEX_POINT('',#6919);
#1956=VERTEX_POINT('',#6921);
#1957=VERTEX_POINT('',#6923);
#1958=VERTEX_POINT('',#6925);
#1959=VERTEX_POINT('',#6929);
#1960=VERTEX_POINT('',#6930);
#1961=VERTEX_POINT('',#6932);
#1962=VERTEX_POINT('',#6934);
#1963=VERTEX_POINT('',#6938);
#1964=VERTEX_POINT('',#6940);
#1965=VERTEX_POINT('',#6944);
#1966=VERTEX_POINT('',#6946);
#1967=VERTEX_POINT('',#6950);
#1968=VERTEX_POINT('',#6951);
#1969=VERTEX_POINT('',#6957);
#1970=VERTEX_POINT('',#6961);
#1971=VERTEX_POINT('',#6965);
#1972=VERTEX_POINT('',#6969);
#1973=VERTEX_POINT('',#6973);
#1974=VERTEX_POINT('',#6974);
#1975=VERTEX_POINT('',#6977);
#1976=VERTEX_POINT('',#6981);
#1977=VERTEX_POINT('',#6983);
#1978=VERTEX_POINT('',#6987);
#1979=VERTEX_POINT('',#6991);
#1980=VERTEX_POINT('',#6992);
#1981=VERTEX_POINT('',#6994);
#1982=VERTEX_POINT('',#6996);
#1983=VERTEX_POINT('',#6998);
#1984=VERTEX_POINT('',#7000);
#1985=VERTEX_POINT('',#7002);
#1986=VERTEX_POINT('',#7004);
#1987=VERTEX_POINT('',#7008);
#1988=VERTEX_POINT('',#7009);
#1989=VERTEX_POINT('',#7011);
#1990=VERTEX_POINT('',#7013);
#1991=VERTEX_POINT('',#7017);
#1992=VERTEX_POINT('',#7019);
#1993=VERTEX_POINT('',#7023);
#1994=VERTEX_POINT('',#7025);
#1995=VERTEX_POINT('',#7029);
#1996=VERTEX_POINT('',#7030);
#1997=VERTEX_POINT('',#7036);
#1998=VERTEX_POINT('',#7040);
#1999=VERTEX_POINT('',#7044);
#2000=VERTEX_POINT('',#7048);
#2001=VERTEX_POINT('',#7052);
#2002=VERTEX_POINT('',#7053);
#2003=VERTEX_POINT('',#7056);
#2004=VERTEX_POINT('',#7060);
#2005=VERTEX_POINT('',#7062);
#2006=VERTEX_POINT('',#7066);
#2007=VERTEX_POINT('',#7070);
#2008=VERTEX_POINT('',#7071);
#2009=VERTEX_POINT('',#7073);
#2010=VERTEX_POINT('',#7075);
#2011=VERTEX_POINT('',#7077);
#2012=VERTEX_POINT('',#7079);
#2013=VERTEX_POINT('',#7081);
#2014=VERTEX_POINT('',#7083);
#2015=VERTEX_POINT('',#7087);
#2016=VERTEX_POINT('',#7088);
#2017=VERTEX_POINT('',#7090);
#2018=VERTEX_POINT('',#7092);
#2019=VERTEX_POINT('',#7096);
#2020=VERTEX_POINT('',#7098);
#2021=VERTEX_POINT('',#7102);
#2022=VERTEX_POINT('',#7104);
#2023=VERTEX_POINT('',#7108);
#2024=VERTEX_POINT('',#7109);
#2025=VERTEX_POINT('',#7115);
#2026=VERTEX_POINT('',#7119);
#2027=VERTEX_POINT('',#7123);
#2028=VERTEX_POINT('',#7127);
#2029=VERTEX_POINT('',#7131);
#2030=VERTEX_POINT('',#7132);
#2031=VERTEX_POINT('',#7135);
#2032=VERTEX_POINT('',#7139);
#2033=VERTEX_POINT('',#7141);
#2034=VERTEX_POINT('',#7145);
#2035=VERTEX_POINT('',#7149);
#2036=VERTEX_POINT('',#7150);
#2037=VERTEX_POINT('',#7152);
#2038=VERTEX_POINT('',#7154);
#2039=VERTEX_POINT('',#7156);
#2040=VERTEX_POINT('',#7158);
#2041=VERTEX_POINT('',#7160);
#2042=VERTEX_POINT('',#7162);
#2043=VERTEX_POINT('',#7166);
#2044=VERTEX_POINT('',#7167);
#2045=VERTEX_POINT('',#7169);
#2046=VERTEX_POINT('',#7171);
#2047=VERTEX_POINT('',#7175);
#2048=VERTEX_POINT('',#7177);
#2049=VERTEX_POINT('',#7181);
#2050=VERTEX_POINT('',#7183);
#2051=VERTEX_POINT('',#7187);
#2052=VERTEX_POINT('',#7188);
#2053=VERTEX_POINT('',#7194);
#2054=VERTEX_POINT('',#7198);
#2055=VERTEX_POINT('',#7202);
#2056=VERTEX_POINT('',#7206);
#2057=VERTEX_POINT('',#7210);
#2058=VERTEX_POINT('',#7211);
#2059=VERTEX_POINT('',#7214);
#2060=VERTEX_POINT('',#7218);
#2061=VERTEX_POINT('',#7220);
#2062=VERTEX_POINT('',#7224);
#2063=VERTEX_POINT('',#7228);
#2064=VERTEX_POINT('',#7229);
#2065=VERTEX_POINT('',#7231);
#2066=VERTEX_POINT('',#7233);
#2067=VERTEX_POINT('',#7235);
#2068=VERTEX_POINT('',#7237);
#2069=VERTEX_POINT('',#7239);
#2070=VERTEX_POINT('',#7241);
#2071=VERTEX_POINT('',#7245);
#2072=VERTEX_POINT('',#7246);
#2073=VERTEX_POINT('',#7248);
#2074=VERTEX_POINT('',#7250);
#2075=VERTEX_POINT('',#7254);
#2076=VERTEX_POINT('',#7256);
#2077=VERTEX_POINT('',#7260);
#2078=VERTEX_POINT('',#7262);
#2079=VERTEX_POINT('',#7266);
#2080=VERTEX_POINT('',#7267);
#2081=VERTEX_POINT('',#7273);
#2082=VERTEX_POINT('',#7277);
#2083=VERTEX_POINT('',#7281);
#2084=VERTEX_POINT('',#7285);
#2085=VERTEX_POINT('',#7289);
#2086=VERTEX_POINT('',#7290);
#2087=VERTEX_POINT('',#7293);
#2088=VERTEX_POINT('',#7297);
#2089=VERTEX_POINT('',#7299);
#2090=VERTEX_POINT('',#7303);
#2091=VERTEX_POINT('',#7307);
#2092=VERTEX_POINT('',#7308);
#2093=VERTEX_POINT('',#7310);
#2094=VERTEX_POINT('',#7312);
#2095=VERTEX_POINT('',#7314);
#2096=VERTEX_POINT('',#7316);
#2097=VERTEX_POINT('',#7318);
#2098=VERTEX_POINT('',#7320);
#2099=VERTEX_POINT('',#7324);
#2100=VERTEX_POINT('',#7325);
#2101=VERTEX_POINT('',#7327);
#2102=VERTEX_POINT('',#7329);
#2103=VERTEX_POINT('',#7333);
#2104=VERTEX_POINT('',#7335);
#2105=VERTEX_POINT('',#7339);
#2106=VERTEX_POINT('',#7341);
#2107=VERTEX_POINT('',#7345);
#2108=VERTEX_POINT('',#7346);
#2109=VERTEX_POINT('',#7352);
#2110=VERTEX_POINT('',#7356);
#2111=VERTEX_POINT('',#7360);
#2112=VERTEX_POINT('',#7364);
#2113=VERTEX_POINT('',#7368);
#2114=VERTEX_POINT('',#7369);
#2115=VERTEX_POINT('',#7372);
#2116=VERTEX_POINT('',#7376);
#2117=VERTEX_POINT('',#7378);
#2118=VERTEX_POINT('',#7382);
#2119=VERTEX_POINT('',#7386);
#2120=VERTEX_POINT('',#7387);
#2121=VERTEX_POINT('',#7389);
#2122=VERTEX_POINT('',#7391);
#2123=VERTEX_POINT('',#7395);
#2124=VERTEX_POINT('',#7397);
#2125=VERTEX_POINT('',#7399);
#2126=VERTEX_POINT('',#7401);
#2127=VERTEX_POINT('',#7405);
#2128=VERTEX_POINT('',#7409);
#2129=VERTEX_POINT('',#7413);
#2130=VERTEX_POINT('',#7417);
#2131=VERTEX_POINT('',#7423);
#2132=VERTEX_POINT('',#7424);
#2133=VERTEX_POINT('',#7426);
#2134=VERTEX_POINT('',#7428);
#2135=VERTEX_POINT('',#7432);
#2136=VERTEX_POINT('',#7434);
#2137=VERTEX_POINT('',#7436);
#2138=VERTEX_POINT('',#7438);
#2139=VERTEX_POINT('',#7442);
#2140=VERTEX_POINT('',#7446);
#2141=VERTEX_POINT('',#7450);
#2142=VERTEX_POINT('',#7454);
#2143=VERTEX_POINT('',#7460);
#2144=VERTEX_POINT('',#7461);
#2145=VERTEX_POINT('',#7463);
#2146=VERTEX_POINT('',#7465);
#2147=VERTEX_POINT('',#7469);
#2148=VERTEX_POINT('',#7471);
#2149=VERTEX_POINT('',#7473);
#2150=VERTEX_POINT('',#7475);
#2151=VERTEX_POINT('',#7479);
#2152=VERTEX_POINT('',#7483);
#2153=VERTEX_POINT('',#7487);
#2154=VERTEX_POINT('',#7491);
#2155=VERTEX_POINT('',#7497);
#2156=VERTEX_POINT('',#7498);
#2157=VERTEX_POINT('',#7500);
#2158=VERTEX_POINT('',#7502);
#2159=VERTEX_POINT('',#7506);
#2160=VERTEX_POINT('',#7508);
#2161=VERTEX_POINT('',#7510);
#2162=VERTEX_POINT('',#7512);
#2163=VERTEX_POINT('',#7516);
#2164=VERTEX_POINT('',#7520);
#2165=VERTEX_POINT('',#7524);
#2166=VERTEX_POINT('',#7528);
#2167=VERTEX_POINT('',#7534);
#2168=VERTEX_POINT('',#7535);
#2169=VERTEX_POINT('',#7537);
#2170=VERTEX_POINT('',#7539);
#2171=VERTEX_POINT('',#7543);
#2172=VERTEX_POINT('',#7545);
#2173=VERTEX_POINT('',#7547);
#2174=VERTEX_POINT('',#7549);
#2175=VERTEX_POINT('',#7553);
#2176=VERTEX_POINT('',#7557);
#2177=VERTEX_POINT('',#7561);
#2178=VERTEX_POINT('',#7565);
#2179=VERTEX_POINT('',#7571);
#2180=VERTEX_POINT('',#7572);
#2181=VERTEX_POINT('',#7574);
#2182=VERTEX_POINT('',#7576);
#2183=VERTEX_POINT('',#7580);
#2184=VERTEX_POINT('',#7582);
#2185=VERTEX_POINT('',#7584);
#2186=VERTEX_POINT('',#7586);
#2187=VERTEX_POINT('',#7590);
#2188=VERTEX_POINT('',#7594);
#2189=VERTEX_POINT('',#7598);
#2190=VERTEX_POINT('',#7602);
#2191=VERTEX_POINT('',#7608);
#2192=VERTEX_POINT('',#7609);
#2193=VERTEX_POINT('',#7611);
#2194=VERTEX_POINT('',#7613);
#2195=VERTEX_POINT('',#7617);
#2196=VERTEX_POINT('',#7619);
#2197=VERTEX_POINT('',#7621);
#2198=VERTEX_POINT('',#7623);
#2199=VERTEX_POINT('',#7627);
#2200=VERTEX_POINT('',#7631);
#2201=VERTEX_POINT('',#7635);
#2202=VERTEX_POINT('',#7639);
#2203=VERTEX_POINT('',#7645);
#2204=VERTEX_POINT('',#7646);
#2205=VERTEX_POINT('',#7648);
#2206=VERTEX_POINT('',#7650);
#2207=VERTEX_POINT('',#7654);
#2208=VERTEX_POINT('',#7656);
#2209=VERTEX_POINT('',#7658);
#2210=VERTEX_POINT('',#7660);
#2211=VERTEX_POINT('',#7664);
#2212=VERTEX_POINT('',#7668);
#2213=VERTEX_POINT('',#7672);
#2214=VERTEX_POINT('',#7676);
#2215=VERTEX_POINT('',#7682);
#2216=VERTEX_POINT('',#7683);
#2217=VERTEX_POINT('',#7685);
#2218=VERTEX_POINT('',#7687);
#2219=VERTEX_POINT('',#7691);
#2220=VERTEX_POINT('',#7693);
#2221=VERTEX_POINT('',#7695);
#2222=VERTEX_POINT('',#7697);
#2223=VERTEX_POINT('',#7701);
#2224=VERTEX_POINT('',#7705);
#2225=VERTEX_POINT('',#7709);
#2226=VERTEX_POINT('',#7713);
#2227=VERTEX_POINT('',#7719);
#2228=VERTEX_POINT('',#7720);
#2229=VERTEX_POINT('',#7722);
#2230=VERTEX_POINT('',#7724);
#2231=VERTEX_POINT('',#7728);
#2232=VERTEX_POINT('',#7730);
#2233=VERTEX_POINT('',#7732);
#2234=VERTEX_POINT('',#7734);
#2235=VERTEX_POINT('',#7738);
#2236=VERTEX_POINT('',#7742);
#2237=VERTEX_POINT('',#7746);
#2238=VERTEX_POINT('',#7750);
#2239=VERTEX_POINT('',#7756);
#2240=VERTEX_POINT('',#7757);
#2241=VERTEX_POINT('',#7759);
#2242=VERTEX_POINT('',#7761);
#2243=VERTEX_POINT('',#7765);
#2244=VERTEX_POINT('',#7767);
#2245=VERTEX_POINT('',#7769);
#2246=VERTEX_POINT('',#7771);
#2247=VERTEX_POINT('',#7775);
#2248=VERTEX_POINT('',#7779);
#2249=VERTEX_POINT('',#7783);
#2250=VERTEX_POINT('',#7787);
#2251=VERTEX_POINT('',#7793);
#2252=VERTEX_POINT('',#7794);
#2253=VERTEX_POINT('',#7796);
#2254=VERTEX_POINT('',#7798);
#2255=VERTEX_POINT('',#7802);
#2256=VERTEX_POINT('',#7804);
#2257=VERTEX_POINT('',#7806);
#2258=VERTEX_POINT('',#7808);
#2259=VERTEX_POINT('',#7812);
#2260=VERTEX_POINT('',#7816);
#2261=VERTEX_POINT('',#7820);
#2262=VERTEX_POINT('',#7824);
#2263=VERTEX_POINT('',#7830);
#2264=VERTEX_POINT('',#7832);
#2265=VERTEX_POINT('',#7836);
#2266=VERTEX_POINT('',#7840);
#2267=VERTEX_POINT('',#7844);
#2268=VERTEX_POINT('',#7848);
#2269=VERTEX_POINT('',#7850);
#2270=VERTEX_POINT('',#7854);
#2271=VERTEX_POINT('',#7858);
#2272=VERTEX_POINT('',#7862);
#2273=VERTEX_POINT('',#7866);
#2274=VERTEX_POINT('',#7868);
#2275=VERTEX_POINT('',#7872);
#2276=VERTEX_POINT('',#7876);
#2277=VERTEX_POINT('',#7880);
#2278=VERTEX_POINT('',#7884);
#2279=VERTEX_POINT('',#7886);
#2280=VERTEX_POINT('',#7890);
#2281=VERTEX_POINT('',#7894);
#2282=VERTEX_POINT('',#7898);
#2283=VERTEX_POINT('',#7902);
#2284=VERTEX_POINT('',#7904);
#2285=VERTEX_POINT('',#7908);
#2286=VERTEX_POINT('',#7912);
#2287=VERTEX_POINT('',#7916);
#2288=VERTEX_POINT('',#7920);
#2289=VERTEX_POINT('',#7922);
#2290=VERTEX_POINT('',#7926);
#2291=VERTEX_POINT('',#7930);
#2292=VERTEX_POINT('',#7934);
#2293=VERTEX_POINT('',#7938);
#2294=VERTEX_POINT('',#7946);
#2295=VERTEX_POINT('',#7954);
#2296=VERTEX_POINT('',#7962);
#2297=VERTEX_POINT('',#7970);
#2298=VERTEX_POINT('',#7978);
#2299=VERTEX_POINT('',#7986);
#2300=VERTEX_POINT('',#7988);
#2301=VERTEX_POINT('',#7990);
#2302=VERTEX_POINT('',#7992);
#2303=VERTEX_POINT('',#8001);
#2304=VERTEX_POINT('',#8003);
#2305=VERTEX_POINT('',#8007);
#2306=VERTEX_POINT('',#8008);
#2307=VERTEX_POINT('',#8010);
#2308=VERTEX_POINT('',#8012);
#2309=VERTEX_POINT('',#8017);
#2310=VERTEX_POINT('',#8021);
#2311=VERTEX_POINT('',#8023);
#2312=VERTEX_POINT('',#8025);
#2313=VERTEX_POINT('',#8027);
#2314=VERTEX_POINT('',#8029);
#2315=VERTEX_POINT('',#8031);
#2316=VERTEX_POINT('',#8033);
#2317=VERTEX_POINT('',#8035);
#2318=VERTEX_POINT('',#8039);
#2319=VERTEX_POINT('',#8041);
#2320=VERTEX_POINT('',#8045);
#2321=VERTEX_POINT('',#8051);
#2322=VERTEX_POINT('',#8053);
#2323=VERTEX_POINT('',#8057);
#2324=VERTEX_POINT('',#8059);
#2325=VERTEX_POINT('',#8063);
#2326=VERTEX_POINT('',#8067);
#2327=VERTEX_POINT('',#8068);
#2328=VERTEX_POINT('',#8070);
#2329=VERTEX_POINT('',#8072);
#2330=VERTEX_POINT('',#8076);
#2331=VERTEX_POINT('',#8078);
#2332=VERTEX_POINT('',#8082);
#2333=VERTEX_POINT('',#8083);
#2334=VERTEX_POINT('',#8085);
#2335=VERTEX_POINT('',#8087);
#2336=VERTEX_POINT('',#8091);
#2337=VERTEX_POINT('',#8093);
#2338=VERTEX_POINT('',#8097);
#2339=VERTEX_POINT('',#8099);
#2340=VERTEX_POINT('',#8106);
#2341=VERTEX_POINT('',#8108);
#2342=VERTEX_POINT('',#8116);
#2343=VERTEX_POINT('',#8117);
#2344=VERTEX_POINT('',#8119);
#2345=VERTEX_POINT('',#8121);
#2346=VERTEX_POINT('',#8125);
#2347=VERTEX_POINT('',#8126);
#2348=VERTEX_POINT('',#8131);
#2349=VERTEX_POINT('',#8135);
#2350=VERTEX_POINT('',#8142);
#2351=VERTEX_POINT('',#8143);
#2352=VERTEX_POINT('',#8145);
#2353=VERTEX_POINT('',#8147);
#2354=VERTEX_POINT('',#8151);
#2355=VERTEX_POINT('',#8153);
#2356=VERTEX_POINT('',#8157);
#2357=VERTEX_POINT('',#8159);
#2358=VERTEX_POINT('',#8165);
#2359=VERTEX_POINT('',#8166);
#2360=VERTEX_POINT('',#8168);
#2361=VERTEX_POINT('',#8171);
#2362=VERTEX_POINT('',#8175);
#2363=VERTEX_POINT('',#8179);
#2364=VERTEX_POINT('',#8180);
#2365=VERTEX_POINT('',#8182);
#2366=VERTEX_POINT('',#8184);
#2367=VERTEX_POINT('',#8201);
#2368=VERTEX_POINT('',#8202);
#2369=VERTEX_POINT('',#8204);
#2370=VERTEX_POINT('',#8206);
#2371=VERTEX_POINT('',#8208);
#2372=VERTEX_POINT('',#8213);
#2373=VERTEX_POINT('',#8215);
#2374=VERTEX_POINT('',#8222);
#2375=VERTEX_POINT('',#8223);
#2376=VERTEX_POINT('',#8225);
#2377=VERTEX_POINT('',#8230);
#2378=VERTEX_POINT('',#8232);
#2379=VERTEX_POINT('',#8237);
#2380=VERTEX_POINT('',#8239);
#2381=VERTEX_POINT('',#8243);
#2382=VERTEX_POINT('',#8245);
#2383=VERTEX_POINT('',#8247);
#2384=VERTEX_POINT('',#8254);
#2385=VERTEX_POINT('',#8255);
#2386=VERTEX_POINT('',#8257);
#2387=VERTEX_POINT('',#8259);
#2388=VERTEX_POINT('',#8264);
#2389=VERTEX_POINT('',#8270);
#2390=VERTEX_POINT('',#8275);
#2391=VERTEX_POINT('',#8280);
#2392=VERTEX_POINT('',#8282);
#2393=VERTEX_POINT('',#8287);
#2394=VERTEX_POINT('',#8292);
#2395=VERTEX_POINT('',#8297);
#2396=VERTEX_POINT('',#8302);
#2397=VERTEX_POINT('',#8308);
#2398=VERTEX_POINT('',#8309);
#2399=VERTEX_POINT('',#8311);
#2400=VERTEX_POINT('',#8316);
#2401=VERTEX_POINT('',#8320);
#2402=VERTEX_POINT('',#8324);
#2403=VERTEX_POINT('',#8329);
#2404=VERTEX_POINT('',#8333);
#2405=VERTEX_POINT('',#8335);
#2406=VERTEX_POINT('',#8337);
#2407=VERTEX_POINT('',#8339);
#2408=VERTEX_POINT('',#8341);
#2409=VERTEX_POINT('',#8343);
#2410=VERTEX_POINT('',#8345);
#2411=VERTEX_POINT('',#8350);
#2412=VERTEX_POINT('',#8355);
#2413=VERTEX_POINT('',#8365);
#2414=VERTEX_POINT('',#8366);
#2415=VERTEX_POINT('',#8368);
#2416=VERTEX_POINT('',#8373);
#2417=VERTEX_POINT('',#8377);
#2418=VERTEX_POINT('',#8381);
#2419=VERTEX_POINT('',#8386);
#2420=VERTEX_POINT('',#8392);
#2421=VERTEX_POINT('',#8397);
#2422=VERTEX_POINT('',#8402);
#2423=VERTEX_POINT('',#8407);
#2424=VERTEX_POINT('',#8411);
#2425=VERTEX_POINT('',#8418);
#2426=VERTEX_POINT('',#8419);
#2427=VERTEX_POINT('',#8424);
#2428=VERTEX_POINT('',#8429);
#2429=VERTEX_POINT('',#8440);
#2430=VERTEX_POINT('',#8441);
#2431=VERTEX_POINT('',#8443);
#2432=VERTEX_POINT('',#8445);
#2433=VERTEX_POINT('',#8447);
#2434=VERTEX_POINT('',#8449);
#2435=VERTEX_POINT('',#8451);
#2436=VERTEX_POINT('',#8453);
#2437=VERTEX_POINT('',#8455);
#2438=VERTEX_POINT('',#8457);
#2439=VERTEX_POINT('',#8459);
#2440=VERTEX_POINT('',#8462);
#2441=VERTEX_POINT('',#8463);
#2442=VERTEX_POINT('',#8465);
#2443=VERTEX_POINT('',#8469);
#2444=VERTEX_POINT('',#8470);
#2445=VERTEX_POINT('',#8472);
#2446=VERTEX_POINT('',#8477);
#2447=VERTEX_POINT('',#8482);
#2448=VERTEX_POINT('',#8487);
#2449=VERTEX_POINT('',#8492);
#2450=VERTEX_POINT('',#8498);
#2451=VERTEX_POINT('',#8503);
#2452=VERTEX_POINT('',#8505);
#2453=VERTEX_POINT('',#8510);
#2454=VERTEX_POINT('',#8515);
#2455=VERTEX_POINT('',#8520);
#2456=VERTEX_POINT('',#8524);
#2457=VERTEX_POINT('',#8526);
#2458=VERTEX_POINT('',#8530);
#2459=VERTEX_POINT('',#8535);
#2460=VERTEX_POINT('',#8545);
#2461=VERTEX_POINT('',#8546);
#2462=VERTEX_POINT('',#8551);
#2463=VERTEX_POINT('',#8557);
#2464=VERTEX_POINT('',#8568);
#2465=VERTEX_POINT('',#8569);
#2466=VERTEX_POINT('',#8574);
#2467=VERTEX_POINT('',#8580);
#2468=VERTEX_POINT('',#8590);
#2469=VERTEX_POINT('',#8591);
#2470=VERTEX_POINT('',#8593);
#2471=VERTEX_POINT('',#8595);
#2472=VERTEX_POINT('',#8597);
#2473=VERTEX_POINT('',#8599);
#2474=VERTEX_POINT('',#8601);
#2475=VERTEX_POINT('',#8603);
#2476=VERTEX_POINT('',#8605);
#2477=VERTEX_POINT('',#8607);
#2478=EDGE_CURVE('',#1951,#1952,#731,.T.);
#2479=EDGE_CURVE('',#1953,#1951,#732,.T.);
#2480=EDGE_CURVE('',#1953,#1954,#733,.T.);
#2481=EDGE_CURVE('',#1954,#1955,#655,.T.);
#2482=EDGE_CURVE('',#1955,#1956,#734,.T.);
#2483=EDGE_CURVE('',#1956,#1957,#656,.T.);
#2484=EDGE_CURVE('',#1957,#1958,#735,.T.);
#2485=EDGE_CURVE('',#1958,#1952,#657,.T.);
#2486=EDGE_CURVE('',#1959,#1960,#736,.T.);
#2487=EDGE_CURVE('',#1961,#1959,#737,.F.);
#2488=EDGE_CURVE('',#1962,#1961,#738,.T.);
#2489=EDGE_CURVE('',#1960,#1962,#739,.T.);
#2490=EDGE_CURVE('',#1960,#1963,#658,.T.);
#2491=EDGE_CURVE('',#1964,#1962,#659,.T.);
#2492=EDGE_CURVE('',#1963,#1964,#740,.T.);
#2493=EDGE_CURVE('',#1963,#1965,#741,.T.);
#2494=EDGE_CURVE('',#1966,#1964,#742,.T.);
#2495=EDGE_CURVE('',#1965,#1966,#743,.T.);
#2496=EDGE_CURVE('',#1967,#1968,#660,.T.);
#2497=EDGE_CURVE('',#1965,#1968,#661,.T.);
#2498=EDGE_CURVE('',#1952,#1966,#662,.T.);
#2499=EDGE_CURVE('',#1967,#1958,#744,.T.);
#2500=EDGE_CURVE('',#1969,#1967,#745,.T.);
#2501=EDGE_CURVE('',#1969,#1957,#746,.T.);
#2502=EDGE_CURVE('',#1970,#1969,#663,.T.);
#2503=EDGE_CURVE('',#1970,#1956,#747,.T.);
#2504=EDGE_CURVE('',#1971,#1970,#748,.T.);
#2505=EDGE_CURVE('',#1971,#1955,#749,.T.);
#2506=EDGE_CURVE('',#1972,#1971,#664,.T.);
#2507=EDGE_CURVE('',#1972,#1954,#750,.T.);
#2508=EDGE_CURVE('',#1973,#1974,#751,.T.);
#2509=EDGE_CURVE('',#1973,#1972,#752,.T.);
#2510=EDGE_CURVE('',#1975,#1953,#753,.T.);
#2511=EDGE_CURVE('',#1974,#1975,#754,.T.);
#2512=EDGE_CURVE('',#1974,#1976,#665,.T.);
#2513=EDGE_CURVE('',#1977,#1975,#666,.T.);
#2514=EDGE_CURVE('',#1976,#1977,#755,.T.);
#2515=EDGE_CURVE('',#1968,#1978,#756,.T.);
#2516=EDGE_CURVE('',#1978,#1973,#757,.T.);
#2517=EDGE_CURVE('',#1979,#1980,#758,.T.);
#2518=EDGE_CURVE('',#1981,#1979,#759,.T.);
#2519=EDGE_CURVE('',#1981,#1982,#760,.T.);
#2520=EDGE_CURVE('',#1982,#1983,#667,.T.);
#2521=EDGE_CURVE('',#1983,#1984,#761,.T.);
#2522=EDGE_CURVE('',#1984,#1985,#668,.T.);
#2523=EDGE_CURVE('',#1985,#1986,#762,.T.);
#2524=EDGE_CURVE('',#1986,#1980,#669,.T.);
#2525=EDGE_CURVE('',#1987,#1988,#763,.T.);
#2526=EDGE_CURVE('',#1989,#1987,#764,.F.);
#2527=EDGE_CURVE('',#1990,#1989,#765,.T.);
#2528=EDGE_CURVE('',#1988,#1990,#766,.T.);
#2529=EDGE_CURVE('',#1988,#1991,#670,.T.);
#2530=EDGE_CURVE('',#1992,#1990,#671,.T.);
#2531=EDGE_CURVE('',#1991,#1992,#767,.T.);
#2532=EDGE_CURVE('',#1991,#1993,#768,.T.);
#2533=EDGE_CURVE('',#1994,#1992,#769,.T.);
#2534=EDGE_CURVE('',#1993,#1994,#770,.T.);
#2535=EDGE_CURVE('',#1995,#1996,#672,.T.);
#2536=EDGE_CURVE('',#1993,#1996,#673,.T.);
#2537=EDGE_CURVE('',#1980,#1994,#674,.T.);
#2538=EDGE_CURVE('',#1995,#1986,#771,.T.);
#2539=EDGE_CURVE('',#1997,#1995,#772,.T.);
#2540=EDGE_CURVE('',#1997,#1985,#773,.T.);
#2541=EDGE_CURVE('',#1998,#1997,#675,.T.);
#2542=EDGE_CURVE('',#1998,#1984,#774,.T.);
#2543=EDGE_CURVE('',#1999,#1998,#775,.T.);
#2544=EDGE_CURVE('',#1999,#1983,#776,.T.);
#2545=EDGE_CURVE('',#2000,#1999,#676,.T.);
#2546=EDGE_CURVE('',#2000,#1982,#777,.T.);
#2547=EDGE_CURVE('',#2001,#2002,#778,.T.);
#2548=EDGE_CURVE('',#2001,#2000,#779,.T.);
#2549=EDGE_CURVE('',#2003,#1981,#780,.T.);
#2550=EDGE_CURVE('',#2002,#2003,#781,.T.);
#2551=EDGE_CURVE('',#2002,#2004,#677,.T.);
#2552=EDGE_CURVE('',#2005,#2003,#678,.T.);
#2553=EDGE_CURVE('',#2004,#2005,#782,.T.);
#2554=EDGE_CURVE('',#1996,#2006,#783,.T.);
#2555=EDGE_CURVE('',#2006,#2001,#784,.T.);
#2556=EDGE_CURVE('',#2007,#2008,#785,.T.);
#2557=EDGE_CURVE('',#2009,#2007,#786,.T.);
#2558=EDGE_CURVE('',#2009,#2010,#787,.T.);
#2559=EDGE_CURVE('',#2010,#2011,#679,.T.);
#2560=EDGE_CURVE('',#2011,#2012,#788,.T.);
#2561=EDGE_CURVE('',#2012,#2013,#680,.T.);
#2562=EDGE_CURVE('',#2013,#2014,#789,.T.);
#2563=EDGE_CURVE('',#2014,#2008,#681,.T.);
#2564=EDGE_CURVE('',#2015,#2016,#790,.T.);
#2565=EDGE_CURVE('',#2017,#2015,#791,.F.);
#2566=EDGE_CURVE('',#2018,#2017,#792,.T.);
#2567=EDGE_CURVE('',#2016,#2018,#793,.T.);
#2568=EDGE_CURVE('',#2016,#2019,#682,.T.);
#2569=EDGE_CURVE('',#2020,#2018,#683,.T.);
#2570=EDGE_CURVE('',#2019,#2020,#794,.T.);
#2571=EDGE_CURVE('',#2019,#2021,#795,.T.);
#2572=EDGE_CURVE('',#2022,#2020,#796,.T.);
#2573=EDGE_CURVE('',#2021,#2022,#797,.T.);
#2574=EDGE_CURVE('',#2023,#2024,#684,.T.);
#2575=EDGE_CURVE('',#2021,#2024,#685,.T.);
#2576=EDGE_CURVE('',#2008,#2022,#686,.T.);
#2577=EDGE_CURVE('',#2023,#2014,#798,.T.);
#2578=EDGE_CURVE('',#2025,#2023,#799,.T.);
#2579=EDGE_CURVE('',#2025,#2013,#800,.T.);
#2580=EDGE_CURVE('',#2026,#2025,#687,.T.);
#2581=EDGE_CURVE('',#2026,#2012,#801,.T.);
#2582=EDGE_CURVE('',#2027,#2026,#802,.T.);
#2583=EDGE_CURVE('',#2027,#2011,#803,.T.);
#2584=EDGE_CURVE('',#2028,#2027,#688,.T.);
#2585=EDGE_CURVE('',#2028,#2010,#804,.T.);
#2586=EDGE_CURVE('',#2029,#2030,#805,.T.);
#2587=EDGE_CURVE('',#2029,#2028,#806,.T.);
#2588=EDGE_CURVE('',#2031,#2009,#807,.T.);
#2589=EDGE_CURVE('',#2030,#2031,#808,.T.);
#2590=EDGE_CURVE('',#2030,#2032,#689,.T.);
#2591=EDGE_CURVE('',#2033,#2031,#690,.T.);
#2592=EDGE_CURVE('',#2032,#2033,#809,.T.);
#2593=EDGE_CURVE('',#2024,#2034,#810,.T.);
#2594=EDGE_CURVE('',#2034,#2029,#811,.T.);
#2595=EDGE_CURVE('',#2035,#2036,#812,.T.);
#2596=EDGE_CURVE('',#2037,#2035,#813,.T.);
#2597=EDGE_CURVE('',#2037,#2038,#814,.T.);
#2598=EDGE_CURVE('',#2038,#2039,#691,.T.);
#2599=EDGE_CURVE('',#2039,#2040,#815,.T.);
#2600=EDGE_CURVE('',#2040,#2041,#692,.T.);
#2601=EDGE_CURVE('',#2041,#2042,#816,.T.);
#2602=EDGE_CURVE('',#2042,#2036,#693,.T.);
#2603=EDGE_CURVE('',#2043,#2044,#817,.T.);
#2604=EDGE_CURVE('',#2045,#2043,#818,.F.);
#2605=EDGE_CURVE('',#2046,#2045,#819,.T.);
#2606=EDGE_CURVE('',#2044,#2046,#820,.T.);
#2607=EDGE_CURVE('',#2044,#2047,#694,.T.);
#2608=EDGE_CURVE('',#2048,#2046,#695,.T.);
#2609=EDGE_CURVE('',#2047,#2048,#821,.T.);
#2610=EDGE_CURVE('',#2047,#2049,#822,.T.);
#2611=EDGE_CURVE('',#2050,#2048,#823,.T.);
#2612=EDGE_CURVE('',#2049,#2050,#824,.T.);
#2613=EDGE_CURVE('',#2051,#2052,#696,.T.);
#2614=EDGE_CURVE('',#2049,#2052,#697,.T.);
#2615=EDGE_CURVE('',#2036,#2050,#698,.T.);
#2616=EDGE_CURVE('',#2051,#2042,#825,.T.);
#2617=EDGE_CURVE('',#2053,#2051,#826,.T.);
#2618=EDGE_CURVE('',#2053,#2041,#827,.T.);
#2619=EDGE_CURVE('',#2054,#2053,#699,.T.);
#2620=EDGE_CURVE('',#2054,#2040,#828,.T.);
#2621=EDGE_CURVE('',#2055,#2054,#829,.T.);
#2622=EDGE_CURVE('',#2055,#2039,#830,.T.);
#2623=EDGE_CURVE('',#2056,#2055,#700,.T.);
#2624=EDGE_CURVE('',#2056,#2038,#831,.T.);
#2625=EDGE_CURVE('',#2057,#2058,#832,.T.);
#2626=EDGE_CURVE('',#2057,#2056,#833,.T.);
#2627=EDGE_CURVE('',#2059,#2037,#834,.T.);
#2628=EDGE_CURVE('',#2058,#2059,#835,.T.);
#2629=EDGE_CURVE('',#2058,#2060,#701,.T.);
#2630=EDGE_CURVE('',#2061,#2059,#702,.T.);
#2631=EDGE_CURVE('',#2060,#2061,#836,.T.);
#2632=EDGE_CURVE('',#2052,#2062,#837,.T.);
#2633=EDGE_CURVE('',#2062,#2057,#838,.T.);
#2634=EDGE_CURVE('',#2063,#2064,#839,.T.);
#2635=EDGE_CURVE('',#2065,#2063,#840,.T.);
#2636=EDGE_CURVE('',#2065,#2066,#841,.T.);
#2637=EDGE_CURVE('',#2066,#2067,#703,.T.);
#2638=EDGE_CURVE('',#2067,#2068,#842,.T.);
#2639=EDGE_CURVE('',#2068,#2069,#704,.T.);
#2640=EDGE_CURVE('',#2069,#2070,#843,.T.);
#2641=EDGE_CURVE('',#2070,#2064,#705,.T.);
#2642=EDGE_CURVE('',#2071,#2072,#844,.T.);
#2643=EDGE_CURVE('',#2073,#2071,#845,.F.);
#2644=EDGE_CURVE('',#2074,#2073,#846,.T.);
#2645=EDGE_CURVE('',#2072,#2074,#847,.T.);
#2646=EDGE_CURVE('',#2072,#2075,#706,.T.);
#2647=EDGE_CURVE('',#2076,#2074,#707,.T.);
#2648=EDGE_CURVE('',#2075,#2076,#848,.T.);
#2649=EDGE_CURVE('',#2075,#2077,#849,.T.);
#2650=EDGE_CURVE('',#2078,#2076,#850,.T.);
#2651=EDGE_CURVE('',#2077,#2078,#851,.T.);
#2652=EDGE_CURVE('',#2079,#2080,#708,.T.);
#2653=EDGE_CURVE('',#2077,#2080,#709,.T.);
#2654=EDGE_CURVE('',#2064,#2078,#710,.T.);
#2655=EDGE_CURVE('',#2079,#2070,#852,.T.);
#2656=EDGE_CURVE('',#2081,#2079,#853,.T.);
#2657=EDGE_CURVE('',#2081,#2069,#854,.T.);
#2658=EDGE_CURVE('',#2082,#2081,#711,.T.);
#2659=EDGE_CURVE('',#2082,#2068,#855,.T.);
#2660=EDGE_CURVE('',#2083,#2082,#856,.T.);
#2661=EDGE_CURVE('',#2083,#2067,#857,.T.);
#2662=EDGE_CURVE('',#2084,#2083,#712,.T.);
#2663=EDGE_CURVE('',#2084,#2066,#858,.T.);
#2664=EDGE_CURVE('',#2085,#2086,#859,.T.);
#2665=EDGE_CURVE('',#2085,#2084,#860,.T.);
#2666=EDGE_CURVE('',#2087,#2065,#861,.T.);
#2667=EDGE_CURVE('',#2086,#2087,#862,.T.);
#2668=EDGE_CURVE('',#2086,#2088,#713,.T.);
#2669=EDGE_CURVE('',#2089,#2087,#714,.T.);
#2670=EDGE_CURVE('',#2088,#2089,#863,.T.);
#2671=EDGE_CURVE('',#2080,#2090,#864,.T.);
#2672=EDGE_CURVE('',#2090,#2085,#865,.T.);
#2673=EDGE_CURVE('',#2091,#2092,#866,.T.);
#2674=EDGE_CURVE('',#2093,#2091,#867,.T.);
#2675=EDGE_CURVE('',#2093,#2094,#868,.T.);
#2676=EDGE_CURVE('',#2094,#2095,#715,.T.);
#2677=EDGE_CURVE('',#2095,#2096,#869,.T.);
#2678=EDGE_CURVE('',#2096,#2097,#716,.T.);
#2679=EDGE_CURVE('',#2097,#2098,#870,.T.);
#2680=EDGE_CURVE('',#2098,#2092,#717,.T.);
#2681=EDGE_CURVE('',#2099,#2100,#871,.T.);
#2682=EDGE_CURVE('',#2101,#2099,#872,.F.);
#2683=EDGE_CURVE('',#2102,#2101,#873,.T.);
#2684=EDGE_CURVE('',#2100,#2102,#874,.T.);
#2685=EDGE_CURVE('',#2100,#2103,#718,.T.);
#2686=EDGE_CURVE('',#2104,#2102,#719,.T.);
#2687=EDGE_CURVE('',#2103,#2104,#875,.T.);
#2688=EDGE_CURVE('',#2103,#2105,#876,.T.);
#2689=EDGE_CURVE('',#2106,#2104,#877,.T.);
#2690=EDGE_CURVE('',#2105,#2106,#878,.T.);
#2691=EDGE_CURVE('',#2107,#2108,#720,.T.);
#2692=EDGE_CURVE('',#2105,#2108,#721,.T.);
#2693=EDGE_CURVE('',#2092,#2106,#722,.T.);
#2694=EDGE_CURVE('',#2107,#2098,#879,.T.);
#2695=EDGE_CURVE('',#2109,#2107,#880,.T.);
#2696=EDGE_CURVE('',#2109,#2097,#881,.T.);
#2697=EDGE_CURVE('',#2110,#2109,#723,.T.);
#2698=EDGE_CURVE('',#2110,#2096,#882,.T.);
#2699=EDGE_CURVE('',#2111,#2110,#883,.T.);
#2700=EDGE_CURVE('',#2111,#2095,#884,.T.);
#2701=EDGE_CURVE('',#2112,#2111,#724,.T.);
#2702=EDGE_CURVE('',#2112,#2094,#885,.T.);
#2703=EDGE_CURVE('',#2113,#2114,#886,.T.);
#2704=EDGE_CURVE('',#2113,#2112,#887,.T.);
#2705=EDGE_CURVE('',#2115,#2093,#888,.T.);
#2706=EDGE_CURVE('',#2114,#2115,#889,.T.);
#2707=EDGE_CURVE('',#2114,#2116,#725,.T.);
#2708=EDGE_CURVE('',#2117,#2115,#726,.T.);
#2709=EDGE_CURVE('',#2116,#2117,#890,.T.);
#2710=EDGE_CURVE('',#2108,#2118,#891,.T.);
#2711=EDGE_CURVE('',#2118,#2113,#892,.T.);
#2712=EDGE_CURVE('',#2119,#2120,#893,.T.);
#2713=EDGE_CURVE('',#2120,#2121,#894,.T.);
#2714=EDGE_CURVE('',#2121,#2122,#895,.T.);
#2715=EDGE_CURVE('',#2122,#2119,#896,.T.);
#2716=EDGE_CURVE('',#2123,#2121,#897,.T.);
#2717=EDGE_CURVE('',#2124,#2123,#898,.T.);
#2718=EDGE_CURVE('',#2125,#2124,#899,.T.);
#2719=EDGE_CURVE('',#2126,#2125,#900,.T.);
#2720=EDGE_CURVE('',#2126,#2122,#901,.T.);
#2721=EDGE_CURVE('',#2120,#2127,#902,.T.);
#2722=EDGE_CURVE('',#2123,#2127,#903,.T.);
#2723=EDGE_CURVE('',#2127,#2128,#904,.T.);
#2724=EDGE_CURVE('',#2128,#2124,#905,.T.);
#2725=EDGE_CURVE('',#2129,#2128,#906,.T.);
#2726=EDGE_CURVE('',#2125,#2129,#907,.T.);
#2727=EDGE_CURVE('',#2130,#2119,#908,.T.);
#2728=EDGE_CURVE('',#2129,#2130,#909,.T.);
#2729=EDGE_CURVE('',#2130,#2126,#910,.T.);
#2730=EDGE_CURVE('',#2131,#2132,#911,.T.);
#2731=EDGE_CURVE('',#2132,#2133,#912,.T.);
#2732=EDGE_CURVE('',#2133,#2134,#913,.T.);
#2733=EDGE_CURVE('',#2134,#2131,#914,.T.);
#2734=EDGE_CURVE('',#2135,#2133,#915,.T.);
#2735=EDGE_CURVE('',#2136,#2135,#916,.T.);
#2736=EDGE_CURVE('',#2137,#2136,#917,.T.);
#2737=EDGE_CURVE('',#2138,#2137,#918,.T.);
#2738=EDGE_CURVE('',#2138,#2134,#919,.T.);
#2739=EDGE_CURVE('',#2132,#2139,#920,.T.);
#2740=EDGE_CURVE('',#2135,#2139,#921,.T.);
#2741=EDGE_CURVE('',#2139,#2140,#922,.T.);
#2742=EDGE_CURVE('',#2140,#2136,#923,.T.);
#2743=EDGE_CURVE('',#2141,#2140,#924,.T.);
#2744=EDGE_CURVE('',#2137,#2141,#925,.T.);
#2745=EDGE_CURVE('',#2142,#2131,#926,.T.);
#2746=EDGE_CURVE('',#2141,#2142,#927,.T.);
#2747=EDGE_CURVE('',#2142,#2138,#928,.T.);
#2748=EDGE_CURVE('',#2143,#2144,#929,.T.);
#2749=EDGE_CURVE('',#2144,#2145,#930,.T.);
#2750=EDGE_CURVE('',#2145,#2146,#931,.T.);
#2751=EDGE_CURVE('',#2146,#2143,#932,.T.);
#2752=EDGE_CURVE('',#2147,#2145,#933,.T.);
#2753=EDGE_CURVE('',#2148,#2147,#934,.T.);
#2754=EDGE_CURVE('',#2149,#2148,#935,.T.);
#2755=EDGE_CURVE('',#2150,#2149,#936,.T.);
#2756=EDGE_CURVE('',#2150,#2146,#937,.T.);
#2757=EDGE_CURVE('',#2144,#2151,#938,.T.);
#2758=EDGE_CURVE('',#2147,#2151,#939,.T.);
#2759=EDGE_CURVE('',#2151,#2152,#940,.T.);
#2760=EDGE_CURVE('',#2152,#2148,#941,.T.);
#2761=EDGE_CURVE('',#2153,#2152,#942,.T.);
#2762=EDGE_CURVE('',#2149,#2153,#943,.T.);
#2763=EDGE_CURVE('',#2154,#2143,#944,.T.);
#2764=EDGE_CURVE('',#2153,#2154,#945,.T.);
#2765=EDGE_CURVE('',#2154,#2150,#946,.T.);
#2766=EDGE_CURVE('',#2155,#2156,#947,.T.);
#2767=EDGE_CURVE('',#2156,#2157,#948,.T.);
#2768=EDGE_CURVE('',#2157,#2158,#949,.T.);
#2769=EDGE_CURVE('',#2158,#2155,#950,.T.);
#2770=EDGE_CURVE('',#2159,#2157,#951,.T.);
#2771=EDGE_CURVE('',#2160,#2159,#952,.T.);
#2772=EDGE_CURVE('',#2161,#2160,#953,.T.);
#2773=EDGE_CURVE('',#2162,#2161,#954,.T.);
#2774=EDGE_CURVE('',#2162,#2158,#955,.T.);
#2775=EDGE_CURVE('',#2156,#2163,#956,.T.);
#2776=EDGE_CURVE('',#2159,#2163,#957,.T.);
#2777=EDGE_CURVE('',#2163,#2164,#958,.T.);
#2778=EDGE_CURVE('',#2164,#2160,#959,.T.);
#2779=EDGE_CURVE('',#2165,#2164,#960,.T.);
#2780=EDGE_CURVE('',#2161,#2165,#961,.T.);
#2781=EDGE_CURVE('',#2166,#2155,#962,.T.);
#2782=EDGE_CURVE('',#2165,#2166,#963,.T.);
#2783=EDGE_CURVE('',#2166,#2162,#964,.T.);
#2784=EDGE_CURVE('',#2167,#2168,#965,.T.);
#2785=EDGE_CURVE('',#2168,#2169,#966,.T.);
#2786=EDGE_CURVE('',#2169,#2170,#967,.T.);
#2787=EDGE_CURVE('',#2170,#2167,#968,.T.);
#2788=EDGE_CURVE('',#2171,#2169,#969,.T.);
#2789=EDGE_CURVE('',#2172,#2171,#970,.T.);
#2790=EDGE_CURVE('',#2173,#2172,#971,.T.);
#2791=EDGE_CURVE('',#2174,#2173,#972,.T.);
#2792=EDGE_CURVE('',#2174,#2170,#973,.T.);
#2793=EDGE_CURVE('',#2168,#2175,#974,.T.);
#2794=EDGE_CURVE('',#2171,#2175,#975,.T.);
#2795=EDGE_CURVE('',#2175,#2176,#976,.T.);
#2796=EDGE_CURVE('',#2176,#2172,#977,.T.);
#2797=EDGE_CURVE('',#2177,#2176,#978,.T.);
#2798=EDGE_CURVE('',#2173,#2177,#979,.T.);
#2799=EDGE_CURVE('',#2178,#2167,#980,.T.);
#2800=EDGE_CURVE('',#2177,#2178,#981,.T.);
#2801=EDGE_CURVE('',#2178,#2174,#982,.T.);
#2802=EDGE_CURVE('',#2179,#2180,#983,.T.);
#2803=EDGE_CURVE('',#2180,#2181,#984,.T.);
#2804=EDGE_CURVE('',#2181,#2182,#985,.T.);
#2805=EDGE_CURVE('',#2182,#2179,#986,.T.);
#2806=EDGE_CURVE('',#2183,#2181,#987,.T.);
#2807=EDGE_CURVE('',#2184,#2183,#988,.T.);
#2808=EDGE_CURVE('',#2185,#2184,#989,.T.);
#2809=EDGE_CURVE('',#2186,#2185,#990,.T.);
#2810=EDGE_CURVE('',#2186,#2182,#991,.T.);
#2811=EDGE_CURVE('',#2180,#2187,#992,.T.);
#2812=EDGE_CURVE('',#2183,#2187,#993,.T.);
#2813=EDGE_CURVE('',#2187,#2188,#994,.T.);
#2814=EDGE_CURVE('',#2188,#2184,#995,.T.);
#2815=EDGE_CURVE('',#2189,#2188,#996,.T.);
#2816=EDGE_CURVE('',#2185,#2189,#997,.T.);
#2817=EDGE_CURVE('',#2190,#2179,#998,.T.);
#2818=EDGE_CURVE('',#2189,#2190,#999,.T.);
#2819=EDGE_CURVE('',#2190,#2186,#1000,.T.);
#2820=EDGE_CURVE('',#2191,#2192,#1001,.T.);
#2821=EDGE_CURVE('',#2192,#2193,#1002,.T.);
#2822=EDGE_CURVE('',#2193,#2194,#1003,.T.);
#2823=EDGE_CURVE('',#2194,#2191,#1004,.T.);
#2824=EDGE_CURVE('',#2195,#2193,#1005,.T.);
#2825=EDGE_CURVE('',#2196,#2195,#1006,.T.);
#2826=EDGE_CURVE('',#2197,#2196,#1007,.T.);
#2827=EDGE_CURVE('',#2198,#2197,#1008,.T.);
#2828=EDGE_CURVE('',#2198,#2194,#1009,.T.);
#2829=EDGE_CURVE('',#2192,#2199,#1010,.T.);
#2830=EDGE_CURVE('',#2195,#2199,#1011,.T.);
#2831=EDGE_CURVE('',#2199,#2200,#1012,.T.);
#2832=EDGE_CURVE('',#2200,#2196,#1013,.T.);
#2833=EDGE_CURVE('',#2201,#2200,#1014,.T.);
#2834=EDGE_CURVE('',#2197,#2201,#1015,.T.);
#2835=EDGE_CURVE('',#2202,#2191,#1016,.T.);
#2836=EDGE_CURVE('',#2201,#2202,#1017,.T.);
#2837=EDGE_CURVE('',#2202,#2198,#1018,.T.);
#2838=EDGE_CURVE('',#2203,#2204,#1019,.T.);
#2839=EDGE_CURVE('',#2204,#2205,#1020,.T.);
#2840=EDGE_CURVE('',#2205,#2206,#1021,.T.);
#2841=EDGE_CURVE('',#2206,#2203,#1022,.T.);
#2842=EDGE_CURVE('',#2207,#2205,#1023,.T.);
#2843=EDGE_CURVE('',#2208,#2207,#1024,.T.);
#2844=EDGE_CURVE('',#2209,#2208,#1025,.T.);
#2845=EDGE_CURVE('',#2210,#2209,#1026,.T.);
#2846=EDGE_CURVE('',#2210,#2206,#1027,.T.);
#2847=EDGE_CURVE('',#2204,#2211,#1028,.T.);
#2848=EDGE_CURVE('',#2207,#2211,#1029,.T.);
#2849=EDGE_CURVE('',#2211,#2212,#1030,.T.);
#2850=EDGE_CURVE('',#2212,#2208,#1031,.T.);
#2851=EDGE_CURVE('',#2213,#2212,#1032,.T.);
#2852=EDGE_CURVE('',#2209,#2213,#1033,.T.);
#2853=EDGE_CURVE('',#2214,#2203,#1034,.T.);
#2854=EDGE_CURVE('',#2213,#2214,#1035,.T.);
#2855=EDGE_CURVE('',#2214,#2210,#1036,.T.);
#2856=EDGE_CURVE('',#2215,#2216,#1037,.T.);
#2857=EDGE_CURVE('',#2216,#2217,#1038,.T.);
#2858=EDGE_CURVE('',#2217,#2218,#1039,.T.);
#2859=EDGE_CURVE('',#2218,#2215,#1040,.T.);
#2860=EDGE_CURVE('',#2219,#2217,#1041,.T.);
#2861=EDGE_CURVE('',#2220,#2219,#1042,.T.);
#2862=EDGE_CURVE('',#2221,#2220,#1043,.T.);
#2863=EDGE_CURVE('',#2222,#2221,#1044,.T.);
#2864=EDGE_CURVE('',#2222,#2218,#1045,.T.);
#2865=EDGE_CURVE('',#2216,#2223,#1046,.T.);
#2866=EDGE_CURVE('',#2219,#2223,#1047,.T.);
#2867=EDGE_CURVE('',#2223,#2224,#1048,.T.);
#2868=EDGE_CURVE('',#2224,#2220,#1049,.T.);
#2869=EDGE_CURVE('',#2225,#2224,#1050,.T.);
#2870=EDGE_CURVE('',#2221,#2225,#1051,.T.);
#2871=EDGE_CURVE('',#2226,#2215,#1052,.T.);
#2872=EDGE_CURVE('',#2225,#2226,#1053,.T.);
#2873=EDGE_CURVE('',#2226,#2222,#1054,.T.);
#2874=EDGE_CURVE('',#2227,#2228,#1055,.T.);
#2875=EDGE_CURVE('',#2228,#2229,#1056,.T.);
#2876=EDGE_CURVE('',#2229,#2230,#1057,.T.);
#2877=EDGE_CURVE('',#2230,#2227,#1058,.T.);
#2878=EDGE_CURVE('',#2231,#2229,#1059,.T.);
#2879=EDGE_CURVE('',#2232,#2231,#1060,.T.);
#2880=EDGE_CURVE('',#2233,#2232,#1061,.T.);
#2881=EDGE_CURVE('',#2234,#2233,#1062,.T.);
#2882=EDGE_CURVE('',#2234,#2230,#1063,.T.);
#2883=EDGE_CURVE('',#2228,#2235,#1064,.T.);
#2884=EDGE_CURVE('',#2231,#2235,#1065,.T.);
#2885=EDGE_CURVE('',#2235,#2236,#1066,.T.);
#2886=EDGE_CURVE('',#2236,#2232,#1067,.T.);
#2887=EDGE_CURVE('',#2237,#2236,#1068,.T.);
#2888=EDGE_CURVE('',#2233,#2237,#1069,.T.);
#2889=EDGE_CURVE('',#2238,#2227,#1070,.T.);
#2890=EDGE_CURVE('',#2237,#2238,#1071,.T.);
#2891=EDGE_CURVE('',#2238,#2234,#1072,.T.);
#2892=EDGE_CURVE('',#2239,#2240,#1073,.T.);
#2893=EDGE_CURVE('',#2240,#2241,#1074,.T.);
#2894=EDGE_CURVE('',#2241,#2242,#1075,.T.);
#2895=EDGE_CURVE('',#2242,#2239,#1076,.T.);
#2896=EDGE_CURVE('',#2243,#2241,#1077,.T.);
#2897=EDGE_CURVE('',#2244,#2243,#1078,.T.);
#2898=EDGE_CURVE('',#2245,#2244,#1079,.T.);
#2899=EDGE_CURVE('',#2246,#2245,#1080,.T.);
#2900=EDGE_CURVE('',#2246,#2242,#1081,.T.);
#2901=EDGE_CURVE('',#2240,#2247,#1082,.T.);
#2902=EDGE_CURVE('',#2243,#2247,#1083,.T.);
#2903=EDGE_CURVE('',#2247,#2248,#1084,.T.);
#2904=EDGE_CURVE('',#2248,#2244,#1085,.T.);
#2905=EDGE_CURVE('',#2249,#2248,#1086,.T.);
#2906=EDGE_CURVE('',#2245,#2249,#1087,.T.);
#2907=EDGE_CURVE('',#2250,#2239,#1088,.T.);
#2908=EDGE_CURVE('',#2249,#2250,#1089,.T.);
#2909=EDGE_CURVE('',#2250,#2246,#1090,.T.);
#2910=EDGE_CURVE('',#2251,#2252,#1091,.T.);
#2911=EDGE_CURVE('',#2252,#2253,#1092,.T.);
#2912=EDGE_CURVE('',#2253,#2254,#1093,.T.);
#2913=EDGE_CURVE('',#2254,#2251,#1094,.T.);
#2914=EDGE_CURVE('',#2255,#2253,#1095,.T.);
#2915=EDGE_CURVE('',#2256,#2255,#1096,.T.);
#2916=EDGE_CURVE('',#2257,#2256,#1097,.T.);
#2917=EDGE_CURVE('',#2258,#2257,#1098,.T.);
#2918=EDGE_CURVE('',#2258,#2254,#1099,.T.);
#2919=EDGE_CURVE('',#2252,#2259,#1100,.T.);
#2920=EDGE_CURVE('',#2255,#2259,#1101,.T.);
#2921=EDGE_CURVE('',#2259,#2260,#1102,.T.);
#2922=EDGE_CURVE('',#2260,#2256,#1103,.T.);
#2923=EDGE_CURVE('',#2261,#2260,#1104,.T.);
#2924=EDGE_CURVE('',#2257,#2261,#1105,.T.);
#2925=EDGE_CURVE('',#2262,#2251,#1106,.T.);
#2926=EDGE_CURVE('',#2261,#2262,#1107,.T.);
#2927=EDGE_CURVE('',#2262,#2258,#1108,.T.);
#2928=EDGE_CURVE('',#1976,#2263,#1109,.T.);
#2929=EDGE_CURVE('',#2264,#2263,#1110,.F.);
#2930=EDGE_CURVE('',#1973,#2264,#1111,.T.);
#2931=EDGE_CURVE('',#2265,#1977,#1112,.T.);
#2932=EDGE_CURVE('',#2263,#2265,#1113,.F.);
#2933=EDGE_CURVE('',#2266,#1953,#1114,.T.);
#2934=EDGE_CURVE('',#2266,#2265,#1115,.T.);
#2935=EDGE_CURVE('',#2267,#1961,#1116,.F.);
#2936=EDGE_CURVE('',#1952,#2267,#1117,.T.);
#2937=EDGE_CURVE('',#2004,#2268,#1118,.T.);
#2938=EDGE_CURVE('',#2269,#2268,#1119,.F.);
#2939=EDGE_CURVE('',#2001,#2269,#1120,.T.);
#2940=EDGE_CURVE('',#2270,#2005,#1121,.T.);
#2941=EDGE_CURVE('',#2268,#2270,#1122,.F.);
#2942=EDGE_CURVE('',#2271,#1981,#1123,.T.);
#2943=EDGE_CURVE('',#2271,#2270,#1124,.T.);
#2944=EDGE_CURVE('',#2272,#1989,#1125,.F.);
#2945=EDGE_CURVE('',#1980,#2272,#1126,.T.);
#2946=EDGE_CURVE('',#2032,#2273,#1127,.T.);
#2947=EDGE_CURVE('',#2274,#2273,#1128,.F.);
#2948=EDGE_CURVE('',#2029,#2274,#1129,.T.);
#2949=EDGE_CURVE('',#2275,#2033,#1130,.T.);
#2950=EDGE_CURVE('',#2273,#2275,#1131,.F.);
#2951=EDGE_CURVE('',#2276,#2009,#1132,.T.);
#2952=EDGE_CURVE('',#2276,#2275,#1133,.T.);
#2953=EDGE_CURVE('',#2277,#2017,#1134,.F.);
#2954=EDGE_CURVE('',#2008,#2277,#1135,.T.);
#2955=EDGE_CURVE('',#2060,#2278,#1136,.T.);
#2956=EDGE_CURVE('',#2279,#2278,#1137,.F.);
#2957=EDGE_CURVE('',#2057,#2279,#1138,.T.);
#2958=EDGE_CURVE('',#2280,#2061,#1139,.T.);
#2959=EDGE_CURVE('',#2278,#2280,#1140,.F.);
#2960=EDGE_CURVE('',#2281,#2037,#1141,.T.);
#2961=EDGE_CURVE('',#2281,#2280,#1142,.T.);
#2962=EDGE_CURVE('',#2282,#2045,#1143,.F.);
#2963=EDGE_CURVE('',#2036,#2282,#1144,.T.);
#2964=EDGE_CURVE('',#2088,#2283,#1145,.T.);
#2965=EDGE_CURVE('',#2284,#2283,#1146,.F.);
#2966=EDGE_CURVE('',#2085,#2284,#1147,.T.);
#2967=EDGE_CURVE('',#2285,#2089,#1148,.T.);
#2968=EDGE_CURVE('',#2283,#2285,#1149,.F.);
#2969=EDGE_CURVE('',#2286,#2065,#1150,.T.);
#2970=EDGE_CURVE('',#2286,#2285,#1151,.T.);
#2971=EDGE_CURVE('',#2287,#2073,#1152,.F.);
#2972=EDGE_CURVE('',#2064,#2287,#1153,.T.);
#2973=EDGE_CURVE('',#2116,#2288,#1154,.T.);
#2974=EDGE_CURVE('',#2289,#2288,#1155,.F.);
#2975=EDGE_CURVE('',#2113,#2289,#1156,.T.);
#2976=EDGE_CURVE('',#2290,#2117,#1157,.T.);
#2977=EDGE_CURVE('',#2288,#2290,#1158,.F.);
#2978=EDGE_CURVE('',#2291,#2093,#1159,.T.);
#2979=EDGE_CURVE('',#2291,#2290,#1160,.T.);
#2980=EDGE_CURVE('',#2292,#2101,#1161,.F.);
#2981=EDGE_CURVE('',#2092,#2292,#1162,.T.);
#2982=EDGE_CURVE('',#2293,#2108,#1163,.T.);
#2983=EDGE_CURVE('',#2293,#2099,#1164,.T.);
#2984=EDGE_CURVE('',#2289,#2291,#1165,.T.);
#2985=EDGE_CURVE('',#2292,#2293,#1166,.T.);
#2986=EDGE_CURVE('',#2294,#2080,#1167,.T.);
#2987=EDGE_CURVE('',#2294,#2071,#1168,.T.);
#2988=EDGE_CURVE('',#2284,#2286,#1169,.T.);
#2989=EDGE_CURVE('',#2287,#2294,#1170,.T.);
#2990=EDGE_CURVE('',#2295,#2052,#1171,.T.);
#2991=EDGE_CURVE('',#2295,#2043,#1172,.T.);
#2992=EDGE_CURVE('',#2279,#2281,#1173,.T.);
#2993=EDGE_CURVE('',#2282,#2295,#1174,.T.);
#2994=EDGE_CURVE('',#2296,#2024,#1175,.T.);
#2995=EDGE_CURVE('',#2296,#2015,#1176,.T.);
#2996=EDGE_CURVE('',#2274,#2276,#1177,.T.);
#2997=EDGE_CURVE('',#2277,#2296,#1178,.T.);
#2998=EDGE_CURVE('',#2297,#1996,#1179,.T.);
#2999=EDGE_CURVE('',#2297,#1987,#1180,.T.);
#3000=EDGE_CURVE('',#2269,#2271,#1181,.T.);
#3001=EDGE_CURVE('',#2272,#2297,#1182,.T.);
#3002=EDGE_CURVE('',#2298,#1968,#1183,.T.);
#3003=EDGE_CURVE('',#2298,#1959,#1184,.T.);
#3004=EDGE_CURVE('',#2264,#2266,#1185,.T.);
#3005=EDGE_CURVE('',#2267,#2298,#1186,.T.);
#3006=EDGE_CURVE('',#2299,#2118,#1187,.T.);
#3007=EDGE_CURVE('',#2300,#2299,#1188,.T.);
#3008=EDGE_CURVE('',#2301,#2300,#1189,.T.);
#3009=EDGE_CURVE('',#2302,#2301,#1190,.T.);
#3010=EDGE_CURVE('',#1951,#2302,#1191,.T.);
#3011=EDGE_CURVE('',#1979,#1978,#1192,.T.);
#3012=EDGE_CURVE('',#2007,#2006,#1193,.T.);
#3013=EDGE_CURVE('',#2035,#2034,#1194,.T.);
#3014=EDGE_CURVE('',#2063,#2062,#1195,.T.);
#3015=EDGE_CURVE('',#2091,#2090,#1196,.T.);
#3016=EDGE_CURVE('',#2303,#2302,#1197,.T.);
#3017=EDGE_CURVE('',#2303,#2304,#1198,.T.);
#3018=EDGE_CURVE('',#2304,#2299,#1199,.F.);
#3019=EDGE_CURVE('',#2305,#2306,#727,.T.);
#3020=EDGE_CURVE('',#2306,#2307,#1200,.T.);
#3021=EDGE_CURVE('',#2307,#2308,#728,.T.);
#3022=EDGE_CURVE('',#2308,#2305,#1201,.T.);
#3023=EDGE_CURVE('',#2307,#2303,#1202,.T.);
#3024=EDGE_CURVE('',#2309,#2301,#1203,.T.);
#3025=EDGE_CURVE('',#2308,#2309,#1204,.T.);
#3026=EDGE_CURVE('',#2306,#2310,#1205,.T.);
#3027=EDGE_CURVE('',#2311,#2310,#1206,.T.);
#3028=EDGE_CURVE('',#2311,#2312,#1207,.T.);
#3029=EDGE_CURVE('',#2312,#2313,#1208,.T.);
#3030=EDGE_CURVE('',#2313,#2314,#1209,.T.);
#3031=EDGE_CURVE('',#2314,#2315,#1210,.T.);
#3032=EDGE_CURVE('',#2315,#2316,#1211,.T.);
#3033=EDGE_CURVE('',#2317,#2316,#1212,.T.);
#3034=EDGE_CURVE('',#2304,#2317,#1213,.T.);
#3035=EDGE_CURVE('',#2316,#2318,#729,.T.);
#3036=EDGE_CURVE('',#2318,#2319,#1214,.T.);
#3037=EDGE_CURVE('',#2319,#2317,#730,.T.);
#3038=EDGE_CURVE('',#2320,#2319,#1215,.T.);
#3039=EDGE_CURVE('',#2320,#2300,#1216,.T.);
#3040=EDGE_CURVE('',#2309,#2320,#1217,.T.);
#3041=EDGE_CURVE('',#2321,#2318,#1218,.T.);
#3042=EDGE_CURVE('',#2321,#2322,#1219,.T.);
#3043=EDGE_CURVE('',#2322,#2305,#1220,.T.);
#3044=EDGE_CURVE('',#2323,#2311,#1221,.T.);
#3045=EDGE_CURVE('',#2310,#2324,#1222,.T.);
#3046=EDGE_CURVE('',#2324,#2323,#1223,.T.);
#3047=EDGE_CURVE('',#2322,#2325,#1224,.T.);
#3048=EDGE_CURVE('',#2325,#2324,#1225,.T.);
#3049=EDGE_CURVE('',#2326,#2327,#1226,.T.);
#3050=EDGE_CURVE('',#2328,#2326,#1227,.T.);
#3051=EDGE_CURVE('',#2329,#2328,#1228,.T.);
#3052=EDGE_CURVE('',#2329,#2327,#1229,.T.);
#3053=EDGE_CURVE('',#2330,#2326,#1230,.T.);
#3054=EDGE_CURVE('',#2331,#2330,#1231,.T.);
#3055=EDGE_CURVE('',#2328,#2331,#1232,.T.);
#3056=EDGE_CURVE('',#2332,#2333,#1233,.T.);
#3057=EDGE_CURVE('',#2334,#2332,#1234,.T.);
#3058=EDGE_CURVE('',#2335,#2334,#1235,.T.);
#3059=EDGE_CURVE('',#2335,#2333,#1236,.T.);
#3060=EDGE_CURVE('',#2336,#2332,#1237,.T.);
#3061=EDGE_CURVE('',#2337,#2336,#1238,.T.);
#3062=EDGE_CURVE('',#2334,#2337,#1239,.T.);
#3063=EDGE_CURVE('',#2338,#2330,#1240,.T.);
#3064=EDGE_CURVE('',#2339,#2338,#1241,.T.);
#3065=EDGE_CURVE('',#2331,#2339,#1242,.T.);
#3066=EDGE_CURVE('',#2327,#2338,#1243,.T.);
#3067=EDGE_CURVE('',#2339,#2329,#1244,.T.);
#3068=EDGE_CURVE('',#2340,#2336,#1245,.T.);
#3069=EDGE_CURVE('',#2341,#2340,#1246,.T.);
#3070=EDGE_CURVE('',#2337,#2341,#1247,.T.);
#3071=EDGE_CURVE('',#2333,#2340,#1248,.T.);
#3072=EDGE_CURVE('',#2341,#2335,#1249,.T.);
#3073=EDGE_CURVE('',#2342,#2343,#1250,.T.);
#3074=EDGE_CURVE('',#2344,#2342,#1251,.T.);
#3075=EDGE_CURVE('',#2345,#2344,#1252,.T.);
#3076=EDGE_CURVE('',#2343,#2345,#1253,.T.);
#3077=EDGE_CURVE('',#2346,#2347,#1254,.T.);
#3078=EDGE_CURVE('',#2346,#2344,#1255,.T.);
#3079=EDGE_CURVE('',#2347,#2342,#1256,.T.);
#3080=EDGE_CURVE('',#2348,#2346,#1257,.T.);
#3081=EDGE_CURVE('',#2348,#2345,#1258,.T.);
#3082=EDGE_CURVE('',#2349,#2348,#1259,.T.);
#3083=EDGE_CURVE('',#2349,#2343,#1260,.T.);
#3084=EDGE_CURVE('',#2347,#2349,#1261,.T.);
#3085=EDGE_CURVE('',#2350,#2351,#1262,.T.);
#3086=EDGE_CURVE('',#2351,#2352,#1263,.T.);
#3087=EDGE_CURVE('',#2352,#2353,#1264,.T.);
#3088=EDGE_CURVE('',#2350,#2353,#1265,.T.);
#3089=EDGE_CURVE('',#2354,#2352,#1266,.T.);
#3090=EDGE_CURVE('',#2355,#2354,#1267,.T.);
#3091=EDGE_CURVE('',#2353,#2355,#1268,.T.);
#3092=EDGE_CURVE('',#2356,#2350,#1269,.T.);
#3093=EDGE_CURVE('',#2357,#2356,#1270,.T.);
#3094=EDGE_CURVE('',#2351,#2357,#1271,.T.);
#3095=EDGE_CURVE('',#2357,#2354,#1272,.T.);
#3096=EDGE_CURVE('',#2358,#2359,#1273,.T.);
#3097=EDGE_CURVE('',#2360,#2358,#1274,.T.);
#3098=EDGE_CURVE('',#2360,#2355,#1275,.T.);
#3099=EDGE_CURVE('',#2356,#2361,#1276,.T.);
#3100=EDGE_CURVE('',#2359,#2361,#1277,.T.);
#3101=EDGE_CURVE('',#2362,#2321,#1278,.T.);
#3102=EDGE_CURVE('',#2325,#2362,#1279,.T.);
#3103=EDGE_CURVE('',#2363,#2364,#1280,.T.);
#3104=EDGE_CURVE('',#2363,#2365,#1281,.T.);
#3105=EDGE_CURVE('',#2365,#2366,#1282,.T.);
#3106=EDGE_CURVE('',#2364,#2366,#1283,.T.);
#3107=EDGE_CURVE('',#2366,#2360,#1284,.T.);
#3108=EDGE_CURVE('',#2361,#2365,#1285,.T.);
#3109=EDGE_CURVE('',#2314,#2364,#1286,.T.);
#3110=EDGE_CURVE('',#2315,#2358,#1287,.T.);
#3111=EDGE_CURVE('',#2313,#2363,#1288,.T.);
#3112=EDGE_CURVE('',#2359,#2312,#1289,.T.);
#3113=EDGE_CURVE('',#2362,#2323,#1290,.T.);
#3114=EDGE_CURVE('',#2367,#2368,#1291,.T.);
#3115=EDGE_CURVE('',#2368,#2369,#1292,.T.);
#3116=EDGE_CURVE('',#2369,#2370,#1293,.T.);
#3117=EDGE_CURVE('',#2370,#2371,#15,.T.);
#3118=EDGE_CURVE('',#2371,#2372,#1294,.T.);
#3119=EDGE_CURVE('',#2372,#2373,#16,.T.);
#3120=EDGE_CURVE('',#2373,#2367,#1295,.T.);
#3121=EDGE_CURVE('',#2374,#2375,#1296,.T.);
#3122=EDGE_CURVE('',#2375,#2376,#17,.T.);
#3123=EDGE_CURVE('',#2376,#2377,#1297,.T.);
#3124=EDGE_CURVE('',#2377,#2378,#18,.T.);
#3125=EDGE_CURVE('',#2378,#2379,#1298,.T.);
#3126=EDGE_CURVE('',#2379,#2380,#19,.T.);
#3127=EDGE_CURVE('',#2380,#2381,#1299,.T.);
#3128=EDGE_CURVE('',#2381,#2382,#1300,.T.);
#3129=EDGE_CURVE('',#2382,#2383,#1301,.T.);
#3130=EDGE_CURVE('',#2383,#2374,#20,.T.);
#3131=EDGE_CURVE('',#2384,#2385,#1302,.T.);
#3132=EDGE_CURVE('',#2385,#2386,#1303,.T.);
#3133=EDGE_CURVE('',#2386,#2387,#21,.T.);
#3134=EDGE_CURVE('',#2387,#2388,#22,.T.);
#3135=EDGE_CURVE('',#2388,#2389,#23,.T.);
#3136=EDGE_CURVE('',#2389,#2390,#24,.T.);
#3137=EDGE_CURVE('',#2390,#2391,#1304,.T.);
#3138=EDGE_CURVE('',#2391,#2392,#25,.T.);
#3139=EDGE_CURVE('',#2392,#2393,#26,.T.);
#3140=EDGE_CURVE('',#2393,#2394,#27,.T.);
#3141=EDGE_CURVE('',#2394,#2395,#28,.T.);
#3142=EDGE_CURVE('',#2395,#2396,#29,.T.);
#3143=EDGE_CURVE('',#2396,#2384,#1305,.T.);
#3144=EDGE_CURVE('',#2397,#2398,#1306,.T.);
#3145=EDGE_CURVE('',#2398,#2399,#30,.T.);
#3146=EDGE_CURVE('',#2399,#2400,#31,.T.);
#3147=EDGE_CURVE('',#2400,#2401,#32,.T.);
#3148=EDGE_CURVE('',#2401,#2402,#33,.T.);
#3149=EDGE_CURVE('',#2402,#2403,#34,.T.);
#3150=EDGE_CURVE('',#2403,#2404,#1307,.T.);
#3151=EDGE_CURVE('',#2404,#2405,#1308,.T.);
#3152=EDGE_CURVE('',#2405,#2406,#1309,.T.);
#3153=EDGE_CURVE('',#2406,#2407,#1310,.T.);
#3154=EDGE_CURVE('',#2407,#2408,#1311,.T.);
#3155=EDGE_CURVE('',#2408,#2409,#1312,.T.);
#3156=EDGE_CURVE('',#2409,#2410,#35,.T.);
#3157=EDGE_CURVE('',#2410,#2411,#36,.T.);
#3158=EDGE_CURVE('',#2411,#2412,#37,.T.);
#3159=EDGE_CURVE('',#2412,#2397,#38,.T.);
#3160=EDGE_CURVE('',#2413,#2414,#1313,.T.);
#3161=EDGE_CURVE('',#2414,#2415,#39,.T.);
#3162=EDGE_CURVE('',#2415,#2416,#40,.T.);
#3163=EDGE_CURVE('',#2416,#2417,#41,.T.);
#3164=EDGE_CURVE('',#2417,#2418,#42,.T.);
#3165=EDGE_CURVE('',#2418,#2419,#43,.T.);
#3166=EDGE_CURVE('',#2419,#2420,#44,.T.);
#3167=EDGE_CURVE('',#2420,#2421,#45,.T.);
#3168=EDGE_CURVE('',#2421,#2422,#46,.T.);
#3169=EDGE_CURVE('',#2422,#2423,#47,.T.);
#3170=EDGE_CURVE('',#2423,#2424,#48,.T.);
#3171=EDGE_CURVE('',#2424,#2413,#49,.T.);
#3172=EDGE_CURVE('',#2425,#2426,#50,.T.);
#3173=EDGE_CURVE('',#2426,#2427,#51,.T.);
#3174=EDGE_CURVE('',#2427,#2428,#52,.T.);
#3175=EDGE_CURVE('',#2428,#2425,#53,.T.);
#3176=EDGE_CURVE('',#2429,#2430,#1314,.T.);
#3177=EDGE_CURVE('',#2430,#2431,#1315,.T.);
#3178=EDGE_CURVE('',#2431,#2432,#1316,.T.);
#3179=EDGE_CURVE('',#2432,#2433,#1317,.T.);
#3180=EDGE_CURVE('',#2433,#2434,#1318,.T.);
#3181=EDGE_CURVE('',#2434,#2435,#1319,.T.);
#3182=EDGE_CURVE('',#2435,#2436,#1320,.T.);
#3183=EDGE_CURVE('',#2436,#2437,#1321,.T.);
#3184=EDGE_CURVE('',#2437,#2438,#1322,.T.);
#3185=EDGE_CURVE('',#2438,#2439,#1323,.T.);
#3186=EDGE_CURVE('',#2439,#2429,#1324,.T.);
#3187=EDGE_CURVE('',#2440,#2441,#1325,.T.);
#3188=EDGE_CURVE('',#2441,#2442,#1326,.T.);
#3189=EDGE_CURVE('',#2442,#2440,#1327,.T.);
#3190=EDGE_CURVE('',#2443,#2444,#1328,.T.);
#3191=EDGE_CURVE('',#2444,#2445,#54,.T.);
#3192=EDGE_CURVE('',#2445,#2446,#55,.T.);
#3193=EDGE_CURVE('',#2446,#2447,#56,.T.);
#3194=EDGE_CURVE('',#2447,#2448,#57,.T.);
#3195=EDGE_CURVE('',#2448,#2449,#58,.T.);
#3196=EDGE_CURVE('',#2449,#2450,#59,.T.);
#3197=EDGE_CURVE('',#2450,#2451,#1329,.T.);
#3198=EDGE_CURVE('',#2451,#2452,#60,.T.);
#3199=EDGE_CURVE('',#2452,#2453,#61,.T.);
#3200=EDGE_CURVE('',#2453,#2454,#62,.T.);
#3201=EDGE_CURVE('',#2454,#2455,#63,.T.);
#3202=EDGE_CURVE('',#2455,#2456,#1330,.T.);
#3203=EDGE_CURVE('',#2456,#2457,#64,.T.);
#3204=EDGE_CURVE('',#2457,#2458,#65,.T.);
#3205=EDGE_CURVE('',#2458,#2459,#66,.T.);
#3206=EDGE_CURVE('',#2459,#2443,#67,.T.);
#3207=EDGE_CURVE('',#2460,#2461,#68,.T.);
#3208=EDGE_CURVE('',#2461,#2462,#69,.T.);
#3209=EDGE_CURVE('',#2462,#2463,#70,.T.);
#3210=EDGE_CURVE('',#2463,#2460,#71,.T.);
#3211=EDGE_CURVE('',#2464,#2465,#72,.T.);
#3212=EDGE_CURVE('',#2465,#2466,#73,.T.);
#3213=EDGE_CURVE('',#2466,#2467,#74,.T.);
#3214=EDGE_CURVE('',#2467,#2464,#75,.T.);
#3215=EDGE_CURVE('',#2468,#2469,#1331,.T.);
#3216=EDGE_CURVE('',#2469,#2470,#1332,.T.);
#3217=EDGE_CURVE('',#2470,#2471,#1333,.T.);
#3218=EDGE_CURVE('',#2471,#2472,#1334,.T.);
#3219=EDGE_CURVE('',#2472,#2473,#1335,.T.);
#3220=EDGE_CURVE('',#2473,#2474,#1336,.T.);
#3221=EDGE_CURVE('',#2474,#2475,#1337,.T.);
#3222=EDGE_CURVE('',#2475,#2476,#1338,.T.);
#3223=EDGE_CURVE('',#2476,#2477,#1339,.T.);
#3224=EDGE_CURVE('',#2477,#2468,#1340,.T.);
#3225=ORIENTED_EDGE('',*,*,#2478,.F.);
#3226=ORIENTED_EDGE('',*,*,#2479,.F.);
#3227=ORIENTED_EDGE('',*,*,#2480,.T.);
#3228=ORIENTED_EDGE('',*,*,#2481,.T.);
#3229=ORIENTED_EDGE('',*,*,#2482,.T.);
#3230=ORIENTED_EDGE('',*,*,#2483,.T.);
#3231=ORIENTED_EDGE('',*,*,#2484,.T.);
#3232=ORIENTED_EDGE('',*,*,#2485,.T.);
#3233=ORIENTED_EDGE('',*,*,#2486,.F.);
#3234=ORIENTED_EDGE('',*,*,#2487,.F.);
#3235=ORIENTED_EDGE('',*,*,#2488,.F.);
#3236=ORIENTED_EDGE('',*,*,#2489,.F.);
#3237=ORIENTED_EDGE('',*,*,#2490,.F.);
#3238=ORIENTED_EDGE('',*,*,#2489,.T.);
#3239=ORIENTED_EDGE('',*,*,#2491,.F.);
#3240=ORIENTED_EDGE('',*,*,#2492,.F.);
#3241=ORIENTED_EDGE('',*,*,#2493,.F.);
#3242=ORIENTED_EDGE('',*,*,#2492,.T.);
#3243=ORIENTED_EDGE('',*,*,#2494,.F.);
#3244=ORIENTED_EDGE('',*,*,#2495,.F.);
#3245=ORIENTED_EDGE('',*,*,#2496,.T.);
#3246=ORIENTED_EDGE('',*,*,#2497,.F.);
#3247=ORIENTED_EDGE('',*,*,#2495,.T.);
#3248=ORIENTED_EDGE('',*,*,#2498,.F.);
#3249=ORIENTED_EDGE('',*,*,#2485,.F.);
#3250=ORIENTED_EDGE('',*,*,#2499,.F.);
#3251=ORIENTED_EDGE('',*,*,#2500,.T.);
#3252=ORIENTED_EDGE('',*,*,#2499,.T.);
#3253=ORIENTED_EDGE('',*,*,#2484,.F.);
#3254=ORIENTED_EDGE('',*,*,#2501,.F.);
#3255=ORIENTED_EDGE('',*,*,#2502,.T.);
#3256=ORIENTED_EDGE('',*,*,#2501,.T.);
#3257=ORIENTED_EDGE('',*,*,#2483,.F.);
#3258=ORIENTED_EDGE('',*,*,#2503,.F.);
#3259=ORIENTED_EDGE('',*,*,#2504,.T.);
#3260=ORIENTED_EDGE('',*,*,#2503,.T.);
#3261=ORIENTED_EDGE('',*,*,#2482,.F.);
#3262=ORIENTED_EDGE('',*,*,#2505,.F.);
#3263=ORIENTED_EDGE('',*,*,#2506,.T.);
#3264=ORIENTED_EDGE('',*,*,#2505,.T.);
#3265=ORIENTED_EDGE('',*,*,#2481,.F.);
#3266=ORIENTED_EDGE('',*,*,#2507,.F.);
#3267=ORIENTED_EDGE('',*,*,#2508,.F.);
#3268=ORIENTED_EDGE('',*,*,#2509,.T.);
#3269=ORIENTED_EDGE('',*,*,#2507,.T.);
#3270=ORIENTED_EDGE('',*,*,#2480,.F.);
#3271=ORIENTED_EDGE('',*,*,#2510,.F.);
#3272=ORIENTED_EDGE('',*,*,#2511,.F.);
#3273=ORIENTED_EDGE('',*,*,#2512,.F.);
#3274=ORIENTED_EDGE('',*,*,#2511,.T.);
#3275=ORIENTED_EDGE('',*,*,#2513,.F.);
#3276=ORIENTED_EDGE('',*,*,#2514,.F.);
#3277=ORIENTED_EDGE('',*,*,#2515,.F.);
#3278=ORIENTED_EDGE('',*,*,#2496,.F.);
#3279=ORIENTED_EDGE('',*,*,#2500,.F.);
#3280=ORIENTED_EDGE('',*,*,#2502,.F.);
#3281=ORIENTED_EDGE('',*,*,#2504,.F.);
#3282=ORIENTED_EDGE('',*,*,#2506,.F.);
#3283=ORIENTED_EDGE('',*,*,#2509,.F.);
#3284=ORIENTED_EDGE('',*,*,#2516,.F.);
#3285=ORIENTED_EDGE('',*,*,#2517,.F.);
#3286=ORIENTED_EDGE('',*,*,#2518,.F.);
#3287=ORIENTED_EDGE('',*,*,#2519,.T.);
#3288=ORIENTED_EDGE('',*,*,#2520,.T.);
#3289=ORIENTED_EDGE('',*,*,#2521,.T.);
#3290=ORIENTED_EDGE('',*,*,#2522,.T.);
#3291=ORIENTED_EDGE('',*,*,#2523,.T.);
#3292=ORIENTED_EDGE('',*,*,#2524,.T.);
#3293=ORIENTED_EDGE('',*,*,#2525,.F.);
#3294=ORIENTED_EDGE('',*,*,#2526,.F.);
#3295=ORIENTED_EDGE('',*,*,#2527,.F.);
#3296=ORIENTED_EDGE('',*,*,#2528,.F.);
#3297=ORIENTED_EDGE('',*,*,#2529,.F.);
#3298=ORIENTED_EDGE('',*,*,#2528,.T.);
#3299=ORIENTED_EDGE('',*,*,#2530,.F.);
#3300=ORIENTED_EDGE('',*,*,#2531,.F.);
#3301=ORIENTED_EDGE('',*,*,#2532,.F.);
#3302=ORIENTED_EDGE('',*,*,#2531,.T.);
#3303=ORIENTED_EDGE('',*,*,#2533,.F.);
#3304=ORIENTED_EDGE('',*,*,#2534,.F.);
#3305=ORIENTED_EDGE('',*,*,#2535,.T.);
#3306=ORIENTED_EDGE('',*,*,#2536,.F.);
#3307=ORIENTED_EDGE('',*,*,#2534,.T.);
#3308=ORIENTED_EDGE('',*,*,#2537,.F.);
#3309=ORIENTED_EDGE('',*,*,#2524,.F.);
#3310=ORIENTED_EDGE('',*,*,#2538,.F.);
#3311=ORIENTED_EDGE('',*,*,#2539,.T.);
#3312=ORIENTED_EDGE('',*,*,#2538,.T.);
#3313=ORIENTED_EDGE('',*,*,#2523,.F.);
#3314=ORIENTED_EDGE('',*,*,#2540,.F.);
#3315=ORIENTED_EDGE('',*,*,#2541,.T.);
#3316=ORIENTED_EDGE('',*,*,#2540,.T.);
#3317=ORIENTED_EDGE('',*,*,#2522,.F.);
#3318=ORIENTED_EDGE('',*,*,#2542,.F.);
#3319=ORIENTED_EDGE('',*,*,#2543,.T.);
#3320=ORIENTED_EDGE('',*,*,#2542,.T.);
#3321=ORIENTED_EDGE('',*,*,#2521,.F.);
#3322=ORIENTED_EDGE('',*,*,#2544,.F.);
#3323=ORIENTED_EDGE('',*,*,#2545,.T.);
#3324=ORIENTED_EDGE('',*,*,#2544,.T.);
#3325=ORIENTED_EDGE('',*,*,#2520,.F.);
#3326=ORIENTED_EDGE('',*,*,#2546,.F.);
#3327=ORIENTED_EDGE('',*,*,#2547,.F.);
#3328=ORIENTED_EDGE('',*,*,#2548,.T.);
#3329=ORIENTED_EDGE('',*,*,#2546,.T.);
#3330=ORIENTED_EDGE('',*,*,#2519,.F.);
#3331=ORIENTED_EDGE('',*,*,#2549,.F.);
#3332=ORIENTED_EDGE('',*,*,#2550,.F.);
#3333=ORIENTED_EDGE('',*,*,#2551,.F.);
#3334=ORIENTED_EDGE('',*,*,#2550,.T.);
#3335=ORIENTED_EDGE('',*,*,#2552,.F.);
#3336=ORIENTED_EDGE('',*,*,#2553,.F.);
#3337=ORIENTED_EDGE('',*,*,#2554,.F.);
#3338=ORIENTED_EDGE('',*,*,#2535,.F.);
#3339=ORIENTED_EDGE('',*,*,#2539,.F.);
#3340=ORIENTED_EDGE('',*,*,#2541,.F.);
#3341=ORIENTED_EDGE('',*,*,#2543,.F.);
#3342=ORIENTED_EDGE('',*,*,#2545,.F.);
#3343=ORIENTED_EDGE('',*,*,#2548,.F.);
#3344=ORIENTED_EDGE('',*,*,#2555,.F.);
#3345=ORIENTED_EDGE('',*,*,#2556,.F.);
#3346=ORIENTED_EDGE('',*,*,#2557,.F.);
#3347=ORIENTED_EDGE('',*,*,#2558,.T.);
#3348=ORIENTED_EDGE('',*,*,#2559,.T.);
#3349=ORIENTED_EDGE('',*,*,#2560,.T.);
#3350=ORIENTED_EDGE('',*,*,#2561,.T.);
#3351=ORIENTED_EDGE('',*,*,#2562,.T.);
#3352=ORIENTED_EDGE('',*,*,#2563,.T.);
#3353=ORIENTED_EDGE('',*,*,#2564,.F.);
#3354=ORIENTED_EDGE('',*,*,#2565,.F.);
#3355=ORIENTED_EDGE('',*,*,#2566,.F.);
#3356=ORIENTED_EDGE('',*,*,#2567,.F.);
#3357=ORIENTED_EDGE('',*,*,#2568,.F.);
#3358=ORIENTED_EDGE('',*,*,#2567,.T.);
#3359=ORIENTED_EDGE('',*,*,#2569,.F.);
#3360=ORIENTED_EDGE('',*,*,#2570,.F.);
#3361=ORIENTED_EDGE('',*,*,#2571,.F.);
#3362=ORIENTED_EDGE('',*,*,#2570,.T.);
#3363=ORIENTED_EDGE('',*,*,#2572,.F.);
#3364=ORIENTED_EDGE('',*,*,#2573,.F.);
#3365=ORIENTED_EDGE('',*,*,#2574,.T.);
#3366=ORIENTED_EDGE('',*,*,#2575,.F.);
#3367=ORIENTED_EDGE('',*,*,#2573,.T.);
#3368=ORIENTED_EDGE('',*,*,#2576,.F.);
#3369=ORIENTED_EDGE('',*,*,#2563,.F.);
#3370=ORIENTED_EDGE('',*,*,#2577,.F.);
#3371=ORIENTED_EDGE('',*,*,#2578,.T.);
#3372=ORIENTED_EDGE('',*,*,#2577,.T.);
#3373=ORIENTED_EDGE('',*,*,#2562,.F.);
#3374=ORIENTED_EDGE('',*,*,#2579,.F.);
#3375=ORIENTED_EDGE('',*,*,#2580,.T.);
#3376=ORIENTED_EDGE('',*,*,#2579,.T.);
#3377=ORIENTED_EDGE('',*,*,#2561,.F.);
#3378=ORIENTED_EDGE('',*,*,#2581,.F.);
#3379=ORIENTED_EDGE('',*,*,#2582,.T.);
#3380=ORIENTED_EDGE('',*,*,#2581,.T.);
#3381=ORIENTED_EDGE('',*,*,#2560,.F.);
#3382=ORIENTED_EDGE('',*,*,#2583,.F.);
#3383=ORIENTED_EDGE('',*,*,#2584,.T.);
#3384=ORIENTED_EDGE('',*,*,#2583,.T.);
#3385=ORIENTED_EDGE('',*,*,#2559,.F.);
#3386=ORIENTED_EDGE('',*,*,#2585,.F.);
#3387=ORIENTED_EDGE('',*,*,#2586,.F.);
#3388=ORIENTED_EDGE('',*,*,#2587,.T.);
#3389=ORIENTED_EDGE('',*,*,#2585,.T.);
#3390=ORIENTED_EDGE('',*,*,#2558,.F.);
#3391=ORIENTED_EDGE('',*,*,#2588,.F.);
#3392=ORIENTED_EDGE('',*,*,#2589,.F.);
#3393=ORIENTED_EDGE('',*,*,#2590,.F.);
#3394=ORIENTED_EDGE('',*,*,#2589,.T.);
#3395=ORIENTED_EDGE('',*,*,#2591,.F.);
#3396=ORIENTED_EDGE('',*,*,#2592,.F.);
#3397=ORIENTED_EDGE('',*,*,#2593,.F.);
#3398=ORIENTED_EDGE('',*,*,#2574,.F.);
#3399=ORIENTED_EDGE('',*,*,#2578,.F.);
#3400=ORIENTED_EDGE('',*,*,#2580,.F.);
#3401=ORIENTED_EDGE('',*,*,#2582,.F.);
#3402=ORIENTED_EDGE('',*,*,#2584,.F.);
#3403=ORIENTED_EDGE('',*,*,#2587,.F.);
#3404=ORIENTED_EDGE('',*,*,#2594,.F.);
#3405=ORIENTED_EDGE('',*,*,#2595,.F.);
#3406=ORIENTED_EDGE('',*,*,#2596,.F.);
#3407=ORIENTED_EDGE('',*,*,#2597,.T.);
#3408=ORIENTED_EDGE('',*,*,#2598,.T.);
#3409=ORIENTED_EDGE('',*,*,#2599,.T.);
#3410=ORIENTED_EDGE('',*,*,#2600,.T.);
#3411=ORIENTED_EDGE('',*,*,#2601,.T.);
#3412=ORIENTED_EDGE('',*,*,#2602,.T.);
#3413=ORIENTED_EDGE('',*,*,#2603,.F.);
#3414=ORIENTED_EDGE('',*,*,#2604,.F.);
#3415=ORIENTED_EDGE('',*,*,#2605,.F.);
#3416=ORIENTED_EDGE('',*,*,#2606,.F.);
#3417=ORIENTED_EDGE('',*,*,#2607,.F.);
#3418=ORIENTED_EDGE('',*,*,#2606,.T.);
#3419=ORIENTED_EDGE('',*,*,#2608,.F.);
#3420=ORIENTED_EDGE('',*,*,#2609,.F.);
#3421=ORIENTED_EDGE('',*,*,#2610,.F.);
#3422=ORIENTED_EDGE('',*,*,#2609,.T.);
#3423=ORIENTED_EDGE('',*,*,#2611,.F.);
#3424=ORIENTED_EDGE('',*,*,#2612,.F.);
#3425=ORIENTED_EDGE('',*,*,#2613,.T.);
#3426=ORIENTED_EDGE('',*,*,#2614,.F.);
#3427=ORIENTED_EDGE('',*,*,#2612,.T.);
#3428=ORIENTED_EDGE('',*,*,#2615,.F.);
#3429=ORIENTED_EDGE('',*,*,#2602,.F.);
#3430=ORIENTED_EDGE('',*,*,#2616,.F.);
#3431=ORIENTED_EDGE('',*,*,#2617,.T.);
#3432=ORIENTED_EDGE('',*,*,#2616,.T.);
#3433=ORIENTED_EDGE('',*,*,#2601,.F.);
#3434=ORIENTED_EDGE('',*,*,#2618,.F.);
#3435=ORIENTED_EDGE('',*,*,#2619,.T.);
#3436=ORIENTED_EDGE('',*,*,#2618,.T.);
#3437=ORIENTED_EDGE('',*,*,#2600,.F.);
#3438=ORIENTED_EDGE('',*,*,#2620,.F.);
#3439=ORIENTED_EDGE('',*,*,#2621,.T.);
#3440=ORIENTED_EDGE('',*,*,#2620,.T.);
#3441=ORIENTED_EDGE('',*,*,#2599,.F.);
#3442=ORIENTED_EDGE('',*,*,#2622,.F.);
#3443=ORIENTED_EDGE('',*,*,#2623,.T.);
#3444=ORIENTED_EDGE('',*,*,#2622,.T.);
#3445=ORIENTED_EDGE('',*,*,#2598,.F.);
#3446=ORIENTED_EDGE('',*,*,#2624,.F.);
#3447=ORIENTED_EDGE('',*,*,#2625,.F.);
#3448=ORIENTED_EDGE('',*,*,#2626,.T.);
#3449=ORIENTED_EDGE('',*,*,#2624,.T.);
#3450=ORIENTED_EDGE('',*,*,#2597,.F.);
#3451=ORIENTED_EDGE('',*,*,#2627,.F.);
#3452=ORIENTED_EDGE('',*,*,#2628,.F.);
#3453=ORIENTED_EDGE('',*,*,#2629,.F.);
#3454=ORIENTED_EDGE('',*,*,#2628,.T.);
#3455=ORIENTED_EDGE('',*,*,#2630,.F.);
#3456=ORIENTED_EDGE('',*,*,#2631,.F.);
#3457=ORIENTED_EDGE('',*,*,#2632,.F.);
#3458=ORIENTED_EDGE('',*,*,#2613,.F.);
#3459=ORIENTED_EDGE('',*,*,#2617,.F.);
#3460=ORIENTED_EDGE('',*,*,#2619,.F.);
#3461=ORIENTED_EDGE('',*,*,#2621,.F.);
#3462=ORIENTED_EDGE('',*,*,#2623,.F.);
#3463=ORIENTED_EDGE('',*,*,#2626,.F.);
#3464=ORIENTED_EDGE('',*,*,#2633,.F.);
#3465=ORIENTED_EDGE('',*,*,#2634,.F.);
#3466=ORIENTED_EDGE('',*,*,#2635,.F.);
#3467=ORIENTED_EDGE('',*,*,#2636,.T.);
#3468=ORIENTED_EDGE('',*,*,#2637,.T.);
#3469=ORIENTED_EDGE('',*,*,#2638,.T.);
#3470=ORIENTED_EDGE('',*,*,#2639,.T.);
#3471=ORIENTED_EDGE('',*,*,#2640,.T.);
#3472=ORIENTED_EDGE('',*,*,#2641,.T.);
#3473=ORIENTED_EDGE('',*,*,#2642,.F.);
#3474=ORIENTED_EDGE('',*,*,#2643,.F.);
#3475=ORIENTED_EDGE('',*,*,#2644,.F.);
#3476=ORIENTED_EDGE('',*,*,#2645,.F.);
#3477=ORIENTED_EDGE('',*,*,#2646,.F.);
#3478=ORIENTED_EDGE('',*,*,#2645,.T.);
#3479=ORIENTED_EDGE('',*,*,#2647,.F.);
#3480=ORIENTED_EDGE('',*,*,#2648,.F.);
#3481=ORIENTED_EDGE('',*,*,#2649,.F.);
#3482=ORIENTED_EDGE('',*,*,#2648,.T.);
#3483=ORIENTED_EDGE('',*,*,#2650,.F.);
#3484=ORIENTED_EDGE('',*,*,#2651,.F.);
#3485=ORIENTED_EDGE('',*,*,#2652,.T.);
#3486=ORIENTED_EDGE('',*,*,#2653,.F.);
#3487=ORIENTED_EDGE('',*,*,#2651,.T.);
#3488=ORIENTED_EDGE('',*,*,#2654,.F.);
#3489=ORIENTED_EDGE('',*,*,#2641,.F.);
#3490=ORIENTED_EDGE('',*,*,#2655,.F.);
#3491=ORIENTED_EDGE('',*,*,#2656,.T.);
#3492=ORIENTED_EDGE('',*,*,#2655,.T.);
#3493=ORIENTED_EDGE('',*,*,#2640,.F.);
#3494=ORIENTED_EDGE('',*,*,#2657,.F.);
#3495=ORIENTED_EDGE('',*,*,#2658,.T.);
#3496=ORIENTED_EDGE('',*,*,#2657,.T.);
#3497=ORIENTED_EDGE('',*,*,#2639,.F.);
#3498=ORIENTED_EDGE('',*,*,#2659,.F.);
#3499=ORIENTED_EDGE('',*,*,#2660,.T.);
#3500=ORIENTED_EDGE('',*,*,#2659,.T.);
#3501=ORIENTED_EDGE('',*,*,#2638,.F.);
#3502=ORIENTED_EDGE('',*,*,#2661,.F.);
#3503=ORIENTED_EDGE('',*,*,#2662,.T.);
#3504=ORIENTED_EDGE('',*,*,#2661,.T.);
#3505=ORIENTED_EDGE('',*,*,#2637,.F.);
#3506=ORIENTED_EDGE('',*,*,#2663,.F.);
#3507=ORIENTED_EDGE('',*,*,#2664,.F.);
#3508=ORIENTED_EDGE('',*,*,#2665,.T.);
#3509=ORIENTED_EDGE('',*,*,#2663,.T.);
#3510=ORIENTED_EDGE('',*,*,#2636,.F.);
#3511=ORIENTED_EDGE('',*,*,#2666,.F.);
#3512=ORIENTED_EDGE('',*,*,#2667,.F.);
#3513=ORIENTED_EDGE('',*,*,#2668,.F.);
#3514=ORIENTED_EDGE('',*,*,#2667,.T.);
#3515=ORIENTED_EDGE('',*,*,#2669,.F.);
#3516=ORIENTED_EDGE('',*,*,#2670,.F.);
#3517=ORIENTED_EDGE('',*,*,#2671,.F.);
#3518=ORIENTED_EDGE('',*,*,#2652,.F.);
#3519=ORIENTED_EDGE('',*,*,#2656,.F.);
#3520=ORIENTED_EDGE('',*,*,#2658,.F.);
#3521=ORIENTED_EDGE('',*,*,#2660,.F.);
#3522=ORIENTED_EDGE('',*,*,#2662,.F.);
#3523=ORIENTED_EDGE('',*,*,#2665,.F.);
#3524=ORIENTED_EDGE('',*,*,#2672,.F.);
#3525=ORIENTED_EDGE('',*,*,#2673,.F.);
#3526=ORIENTED_EDGE('',*,*,#2674,.F.);
#3527=ORIENTED_EDGE('',*,*,#2675,.T.);
#3528=ORIENTED_EDGE('',*,*,#2676,.T.);
#3529=ORIENTED_EDGE('',*,*,#2677,.T.);
#3530=ORIENTED_EDGE('',*,*,#2678,.T.);
#3531=ORIENTED_EDGE('',*,*,#2679,.T.);
#3532=ORIENTED_EDGE('',*,*,#2680,.T.);
#3533=ORIENTED_EDGE('',*,*,#2681,.F.);
#3534=ORIENTED_EDGE('',*,*,#2682,.F.);
#3535=ORIENTED_EDGE('',*,*,#2683,.F.);
#3536=ORIENTED_EDGE('',*,*,#2684,.F.);
#3537=ORIENTED_EDGE('',*,*,#2685,.F.);
#3538=ORIENTED_EDGE('',*,*,#2684,.T.);
#3539=ORIENTED_EDGE('',*,*,#2686,.F.);
#3540=ORIENTED_EDGE('',*,*,#2687,.F.);
#3541=ORIENTED_EDGE('',*,*,#2688,.F.);
#3542=ORIENTED_EDGE('',*,*,#2687,.T.);
#3543=ORIENTED_EDGE('',*,*,#2689,.F.);
#3544=ORIENTED_EDGE('',*,*,#2690,.F.);
#3545=ORIENTED_EDGE('',*,*,#2691,.T.);
#3546=ORIENTED_EDGE('',*,*,#2692,.F.);
#3547=ORIENTED_EDGE('',*,*,#2690,.T.);
#3548=ORIENTED_EDGE('',*,*,#2693,.F.);
#3549=ORIENTED_EDGE('',*,*,#2680,.F.);
#3550=ORIENTED_EDGE('',*,*,#2694,.F.);
#3551=ORIENTED_EDGE('',*,*,#2695,.T.);
#3552=ORIENTED_EDGE('',*,*,#2694,.T.);
#3553=ORIENTED_EDGE('',*,*,#2679,.F.);
#3554=ORIENTED_EDGE('',*,*,#2696,.F.);
#3555=ORIENTED_EDGE('',*,*,#2697,.T.);
#3556=ORIENTED_EDGE('',*,*,#2696,.T.);
#3557=ORIENTED_EDGE('',*,*,#2678,.F.);
#3558=ORIENTED_EDGE('',*,*,#2698,.F.);
#3559=ORIENTED_EDGE('',*,*,#2699,.T.);
#3560=ORIENTED_EDGE('',*,*,#2698,.T.);
#3561=ORIENTED_EDGE('',*,*,#2677,.F.);
#3562=ORIENTED_EDGE('',*,*,#2700,.F.);
#3563=ORIENTED_EDGE('',*,*,#2701,.T.);
#3564=ORIENTED_EDGE('',*,*,#2700,.T.);
#3565=ORIENTED_EDGE('',*,*,#2676,.F.);
#3566=ORIENTED_EDGE('',*,*,#2702,.F.);
#3567=ORIENTED_EDGE('',*,*,#2703,.F.);
#3568=ORIENTED_EDGE('',*,*,#2704,.T.);
#3569=ORIENTED_EDGE('',*,*,#2702,.T.);
#3570=ORIENTED_EDGE('',*,*,#2675,.F.);
#3571=ORIENTED_EDGE('',*,*,#2705,.F.);
#3572=ORIENTED_EDGE('',*,*,#2706,.F.);
#3573=ORIENTED_EDGE('',*,*,#2707,.F.);
#3574=ORIENTED_EDGE('',*,*,#2706,.T.);
#3575=ORIENTED_EDGE('',*,*,#2708,.F.);
#3576=ORIENTED_EDGE('',*,*,#2709,.F.);
#3577=ORIENTED_EDGE('',*,*,#2710,.F.);
#3578=ORIENTED_EDGE('',*,*,#2691,.F.);
#3579=ORIENTED_EDGE('',*,*,#2695,.F.);
#3580=ORIENTED_EDGE('',*,*,#2697,.F.);
#3581=ORIENTED_EDGE('',*,*,#2699,.F.);
#3582=ORIENTED_EDGE('',*,*,#2701,.F.);
#3583=ORIENTED_EDGE('',*,*,#2704,.F.);
#3584=ORIENTED_EDGE('',*,*,#2711,.F.);
#3585=ORIENTED_EDGE('',*,*,#2712,.T.);
#3586=ORIENTED_EDGE('',*,*,#2713,.T.);
#3587=ORIENTED_EDGE('',*,*,#2714,.T.);
#3588=ORIENTED_EDGE('',*,*,#2715,.T.);
#3589=ORIENTED_EDGE('',*,*,#2714,.F.);
#3590=ORIENTED_EDGE('',*,*,#2716,.F.);
#3591=ORIENTED_EDGE('',*,*,#2717,.F.);
#3592=ORIENTED_EDGE('',*,*,#2718,.F.);
#3593=ORIENTED_EDGE('',*,*,#2719,.F.);
#3594=ORIENTED_EDGE('',*,*,#2720,.T.);
#3595=ORIENTED_EDGE('',*,*,#2713,.F.);
#3596=ORIENTED_EDGE('',*,*,#2721,.T.);
#3597=ORIENTED_EDGE('',*,*,#2722,.F.);
#3598=ORIENTED_EDGE('',*,*,#2716,.T.);
#3599=ORIENTED_EDGE('',*,*,#2717,.T.);
#3600=ORIENTED_EDGE('',*,*,#2722,.T.);
#3601=ORIENTED_EDGE('',*,*,#2723,.T.);
#3602=ORIENTED_EDGE('',*,*,#2724,.T.);
#3603=ORIENTED_EDGE('',*,*,#2724,.F.);
#3604=ORIENTED_EDGE('',*,*,#2725,.F.);
#3605=ORIENTED_EDGE('',*,*,#2726,.F.);
#3606=ORIENTED_EDGE('',*,*,#2718,.T.);
#3607=ORIENTED_EDGE('',*,*,#2712,.F.);
#3608=ORIENTED_EDGE('',*,*,#2727,.F.);
#3609=ORIENTED_EDGE('',*,*,#2728,.F.);
#3610=ORIENTED_EDGE('',*,*,#2725,.T.);
#3611=ORIENTED_EDGE('',*,*,#2723,.F.);
#3612=ORIENTED_EDGE('',*,*,#2721,.F.);
#3613=ORIENTED_EDGE('',*,*,#2715,.F.);
#3614=ORIENTED_EDGE('',*,*,#2720,.F.);
#3615=ORIENTED_EDGE('',*,*,#2729,.F.);
#3616=ORIENTED_EDGE('',*,*,#2727,.T.);
#3617=ORIENTED_EDGE('',*,*,#2730,.T.);
#3618=ORIENTED_EDGE('',*,*,#2731,.T.);
#3619=ORIENTED_EDGE('',*,*,#2732,.T.);
#3620=ORIENTED_EDGE('',*,*,#2733,.T.);
#3621=ORIENTED_EDGE('',*,*,#2732,.F.);
#3622=ORIENTED_EDGE('',*,*,#2734,.F.);
#3623=ORIENTED_EDGE('',*,*,#2735,.F.);
#3624=ORIENTED_EDGE('',*,*,#2736,.F.);
#3625=ORIENTED_EDGE('',*,*,#2737,.F.);
#3626=ORIENTED_EDGE('',*,*,#2738,.T.);
#3627=ORIENTED_EDGE('',*,*,#2731,.F.);
#3628=ORIENTED_EDGE('',*,*,#2739,.T.);
#3629=ORIENTED_EDGE('',*,*,#2740,.F.);
#3630=ORIENTED_EDGE('',*,*,#2734,.T.);
#3631=ORIENTED_EDGE('',*,*,#2735,.T.);
#3632=ORIENTED_EDGE('',*,*,#2740,.T.);
#3633=ORIENTED_EDGE('',*,*,#2741,.T.);
#3634=ORIENTED_EDGE('',*,*,#2742,.T.);
#3635=ORIENTED_EDGE('',*,*,#2742,.F.);
#3636=ORIENTED_EDGE('',*,*,#2743,.F.);
#3637=ORIENTED_EDGE('',*,*,#2744,.F.);
#3638=ORIENTED_EDGE('',*,*,#2736,.T.);
#3639=ORIENTED_EDGE('',*,*,#2730,.F.);
#3640=ORIENTED_EDGE('',*,*,#2745,.F.);
#3641=ORIENTED_EDGE('',*,*,#2746,.F.);
#3642=ORIENTED_EDGE('',*,*,#2743,.T.);
#3643=ORIENTED_EDGE('',*,*,#2741,.F.);
#3644=ORIENTED_EDGE('',*,*,#2739,.F.);
#3645=ORIENTED_EDGE('',*,*,#2733,.F.);
#3646=ORIENTED_EDGE('',*,*,#2738,.F.);
#3647=ORIENTED_EDGE('',*,*,#2747,.F.);
#3648=ORIENTED_EDGE('',*,*,#2745,.T.);
#3649=ORIENTED_EDGE('',*,*,#2748,.T.);
#3650=ORIENTED_EDGE('',*,*,#2749,.T.);
#3651=ORIENTED_EDGE('',*,*,#2750,.T.);
#3652=ORIENTED_EDGE('',*,*,#2751,.T.);
#3653=ORIENTED_EDGE('',*,*,#2750,.F.);
#3654=ORIENTED_EDGE('',*,*,#2752,.F.);
#3655=ORIENTED_EDGE('',*,*,#2753,.F.);
#3656=ORIENTED_EDGE('',*,*,#2754,.F.);
#3657=ORIENTED_EDGE('',*,*,#2755,.F.);
#3658=ORIENTED_EDGE('',*,*,#2756,.T.);
#3659=ORIENTED_EDGE('',*,*,#2749,.F.);
#3660=ORIENTED_EDGE('',*,*,#2757,.T.);
#3661=ORIENTED_EDGE('',*,*,#2758,.F.);
#3662=ORIENTED_EDGE('',*,*,#2752,.T.);
#3663=ORIENTED_EDGE('',*,*,#2753,.T.);
#3664=ORIENTED_EDGE('',*,*,#2758,.T.);
#3665=ORIENTED_EDGE('',*,*,#2759,.T.);
#3666=ORIENTED_EDGE('',*,*,#2760,.T.);
#3667=ORIENTED_EDGE('',*,*,#2760,.F.);
#3668=ORIENTED_EDGE('',*,*,#2761,.F.);
#3669=ORIENTED_EDGE('',*,*,#2762,.F.);
#3670=ORIENTED_EDGE('',*,*,#2754,.T.);
#3671=ORIENTED_EDGE('',*,*,#2748,.F.);
#3672=ORIENTED_EDGE('',*,*,#2763,.F.);
#3673=ORIENTED_EDGE('',*,*,#2764,.F.);
#3674=ORIENTED_EDGE('',*,*,#2761,.T.);
#3675=ORIENTED_EDGE('',*,*,#2759,.F.);
#3676=ORIENTED_EDGE('',*,*,#2757,.F.);
#3677=ORIENTED_EDGE('',*,*,#2751,.F.);
#3678=ORIENTED_EDGE('',*,*,#2756,.F.);
#3679=ORIENTED_EDGE('',*,*,#2765,.F.);
#3680=ORIENTED_EDGE('',*,*,#2763,.T.);
#3681=ORIENTED_EDGE('',*,*,#2766,.T.);
#3682=ORIENTED_EDGE('',*,*,#2767,.T.);
#3683=ORIENTED_EDGE('',*,*,#2768,.T.);
#3684=ORIENTED_EDGE('',*,*,#2769,.T.);
#3685=ORIENTED_EDGE('',*,*,#2768,.F.);
#3686=ORIENTED_EDGE('',*,*,#2770,.F.);
#3687=ORIENTED_EDGE('',*,*,#2771,.F.);
#3688=ORIENTED_EDGE('',*,*,#2772,.F.);
#3689=ORIENTED_EDGE('',*,*,#2773,.F.);
#3690=ORIENTED_EDGE('',*,*,#2774,.T.);
#3691=ORIENTED_EDGE('',*,*,#2767,.F.);
#3692=ORIENTED_EDGE('',*,*,#2775,.T.);
#3693=ORIENTED_EDGE('',*,*,#2776,.F.);
#3694=ORIENTED_EDGE('',*,*,#2770,.T.);
#3695=ORIENTED_EDGE('',*,*,#2771,.T.);
#3696=ORIENTED_EDGE('',*,*,#2776,.T.);
#3697=ORIENTED_EDGE('',*,*,#2777,.T.);
#3698=ORIENTED_EDGE('',*,*,#2778,.T.);
#3699=ORIENTED_EDGE('',*,*,#2778,.F.);
#3700=ORIENTED_EDGE('',*,*,#2779,.F.);
#3701=ORIENTED_EDGE('',*,*,#2780,.F.);
#3702=ORIENTED_EDGE('',*,*,#2772,.T.);
#3703=ORIENTED_EDGE('',*,*,#2766,.F.);
#3704=ORIENTED_EDGE('',*,*,#2781,.F.);
#3705=ORIENTED_EDGE('',*,*,#2782,.F.);
#3706=ORIENTED_EDGE('',*,*,#2779,.T.);
#3707=ORIENTED_EDGE('',*,*,#2777,.F.);
#3708=ORIENTED_EDGE('',*,*,#2775,.F.);
#3709=ORIENTED_EDGE('',*,*,#2769,.F.);
#3710=ORIENTED_EDGE('',*,*,#2774,.F.);
#3711=ORIENTED_EDGE('',*,*,#2783,.F.);
#3712=ORIENTED_EDGE('',*,*,#2781,.T.);
#3713=ORIENTED_EDGE('',*,*,#2784,.T.);
#3714=ORIENTED_EDGE('',*,*,#2785,.T.);
#3715=ORIENTED_EDGE('',*,*,#2786,.T.);
#3716=ORIENTED_EDGE('',*,*,#2787,.T.);
#3717=ORIENTED_EDGE('',*,*,#2786,.F.);
#3718=ORIENTED_EDGE('',*,*,#2788,.F.);
#3719=ORIENTED_EDGE('',*,*,#2789,.F.);
#3720=ORIENTED_EDGE('',*,*,#2790,.F.);
#3721=ORIENTED_EDGE('',*,*,#2791,.F.);
#3722=ORIENTED_EDGE('',*,*,#2792,.T.);
#3723=ORIENTED_EDGE('',*,*,#2785,.F.);
#3724=ORIENTED_EDGE('',*,*,#2793,.T.);
#3725=ORIENTED_EDGE('',*,*,#2794,.F.);
#3726=ORIENTED_EDGE('',*,*,#2788,.T.);
#3727=ORIENTED_EDGE('',*,*,#2789,.T.);
#3728=ORIENTED_EDGE('',*,*,#2794,.T.);
#3729=ORIENTED_EDGE('',*,*,#2795,.T.);
#3730=ORIENTED_EDGE('',*,*,#2796,.T.);
#3731=ORIENTED_EDGE('',*,*,#2796,.F.);
#3732=ORIENTED_EDGE('',*,*,#2797,.F.);
#3733=ORIENTED_EDGE('',*,*,#2798,.F.);
#3734=ORIENTED_EDGE('',*,*,#2790,.T.);
#3735=ORIENTED_EDGE('',*,*,#2784,.F.);
#3736=ORIENTED_EDGE('',*,*,#2799,.F.);
#3737=ORIENTED_EDGE('',*,*,#2800,.F.);
#3738=ORIENTED_EDGE('',*,*,#2797,.T.);
#3739=ORIENTED_EDGE('',*,*,#2795,.F.);
#3740=ORIENTED_EDGE('',*,*,#2793,.F.);
#3741=ORIENTED_EDGE('',*,*,#2787,.F.);
#3742=ORIENTED_EDGE('',*,*,#2792,.F.);
#3743=ORIENTED_EDGE('',*,*,#2801,.F.);
#3744=ORIENTED_EDGE('',*,*,#2799,.T.);
#3745=ORIENTED_EDGE('',*,*,#2802,.T.);
#3746=ORIENTED_EDGE('',*,*,#2803,.T.);
#3747=ORIENTED_EDGE('',*,*,#2804,.T.);
#3748=ORIENTED_EDGE('',*,*,#2805,.T.);
#3749=ORIENTED_EDGE('',*,*,#2804,.F.);
#3750=ORIENTED_EDGE('',*,*,#2806,.F.);
#3751=ORIENTED_EDGE('',*,*,#2807,.F.);
#3752=ORIENTED_EDGE('',*,*,#2808,.F.);
#3753=ORIENTED_EDGE('',*,*,#2809,.F.);
#3754=ORIENTED_EDGE('',*,*,#2810,.T.);
#3755=ORIENTED_EDGE('',*,*,#2803,.F.);
#3756=ORIENTED_EDGE('',*,*,#2811,.T.);
#3757=ORIENTED_EDGE('',*,*,#2812,.F.);
#3758=ORIENTED_EDGE('',*,*,#2806,.T.);
#3759=ORIENTED_EDGE('',*,*,#2807,.T.);
#3760=ORIENTED_EDGE('',*,*,#2812,.T.);
#3761=ORIENTED_EDGE('',*,*,#2813,.T.);
#3762=ORIENTED_EDGE('',*,*,#2814,.T.);
#3763=ORIENTED_EDGE('',*,*,#2814,.F.);
#3764=ORIENTED_EDGE('',*,*,#2815,.F.);
#3765=ORIENTED_EDGE('',*,*,#2816,.F.);
#3766=ORIENTED_EDGE('',*,*,#2808,.T.);
#3767=ORIENTED_EDGE('',*,*,#2802,.F.);
#3768=ORIENTED_EDGE('',*,*,#2817,.F.);
#3769=ORIENTED_EDGE('',*,*,#2818,.F.);
#3770=ORIENTED_EDGE('',*,*,#2815,.T.);
#3771=ORIENTED_EDGE('',*,*,#2813,.F.);
#3772=ORIENTED_EDGE('',*,*,#2811,.F.);
#3773=ORIENTED_EDGE('',*,*,#2805,.F.);
#3774=ORIENTED_EDGE('',*,*,#2810,.F.);
#3775=ORIENTED_EDGE('',*,*,#2819,.F.);
#3776=ORIENTED_EDGE('',*,*,#2817,.T.);
#3777=ORIENTED_EDGE('',*,*,#2820,.T.);
#3778=ORIENTED_EDGE('',*,*,#2821,.T.);
#3779=ORIENTED_EDGE('',*,*,#2822,.T.);
#3780=ORIENTED_EDGE('',*,*,#2823,.T.);
#3781=ORIENTED_EDGE('',*,*,#2822,.F.);
#3782=ORIENTED_EDGE('',*,*,#2824,.F.);
#3783=ORIENTED_EDGE('',*,*,#2825,.F.);
#3784=ORIENTED_EDGE('',*,*,#2826,.F.);
#3785=ORIENTED_EDGE('',*,*,#2827,.F.);
#3786=ORIENTED_EDGE('',*,*,#2828,.T.);
#3787=ORIENTED_EDGE('',*,*,#2821,.F.);
#3788=ORIENTED_EDGE('',*,*,#2829,.T.);
#3789=ORIENTED_EDGE('',*,*,#2830,.F.);
#3790=ORIENTED_EDGE('',*,*,#2824,.T.);
#3791=ORIENTED_EDGE('',*,*,#2825,.T.);
#3792=ORIENTED_EDGE('',*,*,#2830,.T.);
#3793=ORIENTED_EDGE('',*,*,#2831,.T.);
#3794=ORIENTED_EDGE('',*,*,#2832,.T.);
#3795=ORIENTED_EDGE('',*,*,#2832,.F.);
#3796=ORIENTED_EDGE('',*,*,#2833,.F.);
#3797=ORIENTED_EDGE('',*,*,#2834,.F.);
#3798=ORIENTED_EDGE('',*,*,#2826,.T.);
#3799=ORIENTED_EDGE('',*,*,#2820,.F.);
#3800=ORIENTED_EDGE('',*,*,#2835,.F.);
#3801=ORIENTED_EDGE('',*,*,#2836,.F.);
#3802=ORIENTED_EDGE('',*,*,#2833,.T.);
#3803=ORIENTED_EDGE('',*,*,#2831,.F.);
#3804=ORIENTED_EDGE('',*,*,#2829,.F.);
#3805=ORIENTED_EDGE('',*,*,#2823,.F.);
#3806=ORIENTED_EDGE('',*,*,#2828,.F.);
#3807=ORIENTED_EDGE('',*,*,#2837,.F.);
#3808=ORIENTED_EDGE('',*,*,#2835,.T.);
#3809=ORIENTED_EDGE('',*,*,#2838,.T.);
#3810=ORIENTED_EDGE('',*,*,#2839,.T.);
#3811=ORIENTED_EDGE('',*,*,#2840,.T.);
#3812=ORIENTED_EDGE('',*,*,#2841,.T.);
#3813=ORIENTED_EDGE('',*,*,#2840,.F.);
#3814=ORIENTED_EDGE('',*,*,#2842,.F.);
#3815=ORIENTED_EDGE('',*,*,#2843,.F.);
#3816=ORIENTED_EDGE('',*,*,#2844,.F.);
#3817=ORIENTED_EDGE('',*,*,#2845,.F.);
#3818=ORIENTED_EDGE('',*,*,#2846,.T.);
#3819=ORIENTED_EDGE('',*,*,#2839,.F.);
#3820=ORIENTED_EDGE('',*,*,#2847,.T.);
#3821=ORIENTED_EDGE('',*,*,#2848,.F.);
#3822=ORIENTED_EDGE('',*,*,#2842,.T.);
#3823=ORIENTED_EDGE('',*,*,#2843,.T.);
#3824=ORIENTED_EDGE('',*,*,#2848,.T.);
#3825=ORIENTED_EDGE('',*,*,#2849,.T.);
#3826=ORIENTED_EDGE('',*,*,#2850,.T.);
#3827=ORIENTED_EDGE('',*,*,#2850,.F.);
#3828=ORIENTED_EDGE('',*,*,#2851,.F.);
#3829=ORIENTED_EDGE('',*,*,#2852,.F.);
#3830=ORIENTED_EDGE('',*,*,#2844,.T.);
#3831=ORIENTED_EDGE('',*,*,#2838,.F.);
#3832=ORIENTED_EDGE('',*,*,#2853,.F.);
#3833=ORIENTED_EDGE('',*,*,#2854,.F.);
#3834=ORIENTED_EDGE('',*,*,#2851,.T.);
#3835=ORIENTED_EDGE('',*,*,#2849,.F.);
#3836=ORIENTED_EDGE('',*,*,#2847,.F.);
#3837=ORIENTED_EDGE('',*,*,#2841,.F.);
#3838=ORIENTED_EDGE('',*,*,#2846,.F.);
#3839=ORIENTED_EDGE('',*,*,#2855,.F.);
#3840=ORIENTED_EDGE('',*,*,#2853,.T.);
#3841=ORIENTED_EDGE('',*,*,#2856,.T.);
#3842=ORIENTED_EDGE('',*,*,#2857,.T.);
#3843=ORIENTED_EDGE('',*,*,#2858,.T.);
#3844=ORIENTED_EDGE('',*,*,#2859,.T.);
#3845=ORIENTED_EDGE('',*,*,#2858,.F.);
#3846=ORIENTED_EDGE('',*,*,#2860,.F.);
#3847=ORIENTED_EDGE('',*,*,#2861,.F.);
#3848=ORIENTED_EDGE('',*,*,#2862,.F.);
#3849=ORIENTED_EDGE('',*,*,#2863,.F.);
#3850=ORIENTED_EDGE('',*,*,#2864,.T.);
#3851=ORIENTED_EDGE('',*,*,#2857,.F.);
#3852=ORIENTED_EDGE('',*,*,#2865,.T.);
#3853=ORIENTED_EDGE('',*,*,#2866,.F.);
#3854=ORIENTED_EDGE('',*,*,#2860,.T.);
#3855=ORIENTED_EDGE('',*,*,#2861,.T.);
#3856=ORIENTED_EDGE('',*,*,#2866,.T.);
#3857=ORIENTED_EDGE('',*,*,#2867,.T.);
#3858=ORIENTED_EDGE('',*,*,#2868,.T.);
#3859=ORIENTED_EDGE('',*,*,#2868,.F.);
#3860=ORIENTED_EDGE('',*,*,#2869,.F.);
#3861=ORIENTED_EDGE('',*,*,#2870,.F.);
#3862=ORIENTED_EDGE('',*,*,#2862,.T.);
#3863=ORIENTED_EDGE('',*,*,#2856,.F.);
#3864=ORIENTED_EDGE('',*,*,#2871,.F.);
#3865=ORIENTED_EDGE('',*,*,#2872,.F.);
#3866=ORIENTED_EDGE('',*,*,#2869,.T.);
#3867=ORIENTED_EDGE('',*,*,#2867,.F.);
#3868=ORIENTED_EDGE('',*,*,#2865,.F.);
#3869=ORIENTED_EDGE('',*,*,#2859,.F.);
#3870=ORIENTED_EDGE('',*,*,#2864,.F.);
#3871=ORIENTED_EDGE('',*,*,#2873,.F.);
#3872=ORIENTED_EDGE('',*,*,#2871,.T.);
#3873=ORIENTED_EDGE('',*,*,#2874,.T.);
#3874=ORIENTED_EDGE('',*,*,#2875,.T.);
#3875=ORIENTED_EDGE('',*,*,#2876,.T.);
#3876=ORIENTED_EDGE('',*,*,#2877,.T.);
#3877=ORIENTED_EDGE('',*,*,#2876,.F.);
#3878=ORIENTED_EDGE('',*,*,#2878,.F.);
#3879=ORIENTED_EDGE('',*,*,#2879,.F.);
#3880=ORIENTED_EDGE('',*,*,#2880,.F.);
#3881=ORIENTED_EDGE('',*,*,#2881,.F.);
#3882=ORIENTED_EDGE('',*,*,#2882,.T.);
#3883=ORIENTED_EDGE('',*,*,#2875,.F.);
#3884=ORIENTED_EDGE('',*,*,#2883,.T.);
#3885=ORIENTED_EDGE('',*,*,#2884,.F.);
#3886=ORIENTED_EDGE('',*,*,#2878,.T.);
#3887=ORIENTED_EDGE('',*,*,#2879,.T.);
#3888=ORIENTED_EDGE('',*,*,#2884,.T.);
#3889=ORIENTED_EDGE('',*,*,#2885,.T.);
#3890=ORIENTED_EDGE('',*,*,#2886,.T.);
#3891=ORIENTED_EDGE('',*,*,#2886,.F.);
#3892=ORIENTED_EDGE('',*,*,#2887,.F.);
#3893=ORIENTED_EDGE('',*,*,#2888,.F.);
#3894=ORIENTED_EDGE('',*,*,#2880,.T.);
#3895=ORIENTED_EDGE('',*,*,#2874,.F.);
#3896=ORIENTED_EDGE('',*,*,#2889,.F.);
#3897=ORIENTED_EDGE('',*,*,#2890,.F.);
#3898=ORIENTED_EDGE('',*,*,#2887,.T.);
#3899=ORIENTED_EDGE('',*,*,#2885,.F.);
#3900=ORIENTED_EDGE('',*,*,#2883,.F.);
#3901=ORIENTED_EDGE('',*,*,#2877,.F.);
#3902=ORIENTED_EDGE('',*,*,#2882,.F.);
#3903=ORIENTED_EDGE('',*,*,#2891,.F.);
#3904=ORIENTED_EDGE('',*,*,#2889,.T.);
#3905=ORIENTED_EDGE('',*,*,#2892,.T.);
#3906=ORIENTED_EDGE('',*,*,#2893,.T.);
#3907=ORIENTED_EDGE('',*,*,#2894,.T.);
#3908=ORIENTED_EDGE('',*,*,#2895,.T.);
#3909=ORIENTED_EDGE('',*,*,#2894,.F.);
#3910=ORIENTED_EDGE('',*,*,#2896,.F.);
#3911=ORIENTED_EDGE('',*,*,#2897,.F.);
#3912=ORIENTED_EDGE('',*,*,#2898,.F.);
#3913=ORIENTED_EDGE('',*,*,#2899,.F.);
#3914=ORIENTED_EDGE('',*,*,#2900,.T.);
#3915=ORIENTED_EDGE('',*,*,#2893,.F.);
#3916=ORIENTED_EDGE('',*,*,#2901,.T.);
#3917=ORIENTED_EDGE('',*,*,#2902,.F.);
#3918=ORIENTED_EDGE('',*,*,#2896,.T.);
#3919=ORIENTED_EDGE('',*,*,#2897,.T.);
#3920=ORIENTED_EDGE('',*,*,#2902,.T.);
#3921=ORIENTED_EDGE('',*,*,#2903,.T.);
#3922=ORIENTED_EDGE('',*,*,#2904,.T.);
#3923=ORIENTED_EDGE('',*,*,#2904,.F.);
#3924=ORIENTED_EDGE('',*,*,#2905,.F.);
#3925=ORIENTED_EDGE('',*,*,#2906,.F.);
#3926=ORIENTED_EDGE('',*,*,#2898,.T.);
#3927=ORIENTED_EDGE('',*,*,#2892,.F.);
#3928=ORIENTED_EDGE('',*,*,#2907,.F.);
#3929=ORIENTED_EDGE('',*,*,#2908,.F.);
#3930=ORIENTED_EDGE('',*,*,#2905,.T.);
#3931=ORIENTED_EDGE('',*,*,#2903,.F.);
#3932=ORIENTED_EDGE('',*,*,#2901,.F.);
#3933=ORIENTED_EDGE('',*,*,#2895,.F.);
#3934=ORIENTED_EDGE('',*,*,#2900,.F.);
#3935=ORIENTED_EDGE('',*,*,#2909,.F.);
#3936=ORIENTED_EDGE('',*,*,#2907,.T.);
#3937=ORIENTED_EDGE('',*,*,#2910,.T.);
#3938=ORIENTED_EDGE('',*,*,#2911,.T.);
#3939=ORIENTED_EDGE('',*,*,#2912,.T.);
#3940=ORIENTED_EDGE('',*,*,#2913,.T.);
#3941=ORIENTED_EDGE('',*,*,#2912,.F.);
#3942=ORIENTED_EDGE('',*,*,#2914,.F.);
#3943=ORIENTED_EDGE('',*,*,#2915,.F.);
#3944=ORIENTED_EDGE('',*,*,#2916,.F.);
#3945=ORIENTED_EDGE('',*,*,#2917,.F.);
#3946=ORIENTED_EDGE('',*,*,#2918,.T.);
#3947=ORIENTED_EDGE('',*,*,#2911,.F.);
#3948=ORIENTED_EDGE('',*,*,#2919,.T.);
#3949=ORIENTED_EDGE('',*,*,#2920,.F.);
#3950=ORIENTED_EDGE('',*,*,#2914,.T.);
#3951=ORIENTED_EDGE('',*,*,#2915,.T.);
#3952=ORIENTED_EDGE('',*,*,#2920,.T.);
#3953=ORIENTED_EDGE('',*,*,#2921,.T.);
#3954=ORIENTED_EDGE('',*,*,#2922,.T.);
#3955=ORIENTED_EDGE('',*,*,#2922,.F.);
#3956=ORIENTED_EDGE('',*,*,#2923,.F.);
#3957=ORIENTED_EDGE('',*,*,#2924,.F.);
#3958=ORIENTED_EDGE('',*,*,#2916,.T.);
#3959=ORIENTED_EDGE('',*,*,#2910,.F.);
#3960=ORIENTED_EDGE('',*,*,#2925,.F.);
#3961=ORIENTED_EDGE('',*,*,#2926,.F.);
#3962=ORIENTED_EDGE('',*,*,#2923,.T.);
#3963=ORIENTED_EDGE('',*,*,#2921,.F.);
#3964=ORIENTED_EDGE('',*,*,#2919,.F.);
#3965=ORIENTED_EDGE('',*,*,#2913,.F.);
#3966=ORIENTED_EDGE('',*,*,#2918,.F.);
#3967=ORIENTED_EDGE('',*,*,#2927,.F.);
#3968=ORIENTED_EDGE('',*,*,#2925,.T.);
#3969=ORIENTED_EDGE('',*,*,#2508,.T.);
#3970=ORIENTED_EDGE('',*,*,#2512,.T.);
#3971=ORIENTED_EDGE('',*,*,#2928,.T.);
#3972=ORIENTED_EDGE('',*,*,#2929,.F.);
#3973=ORIENTED_EDGE('',*,*,#2930,.F.);
#3974=ORIENTED_EDGE('',*,*,#2514,.T.);
#3975=ORIENTED_EDGE('',*,*,#2931,.F.);
#3976=ORIENTED_EDGE('',*,*,#2932,.F.);
#3977=ORIENTED_EDGE('',*,*,#2928,.F.);
#3978=ORIENTED_EDGE('',*,*,#2513,.T.);
#3979=ORIENTED_EDGE('',*,*,#2510,.T.);
#3980=ORIENTED_EDGE('',*,*,#2933,.F.);
#3981=ORIENTED_EDGE('',*,*,#2934,.T.);
#3982=ORIENTED_EDGE('',*,*,#2931,.T.);
#3983=ORIENTED_EDGE('',*,*,#2498,.T.);
#3984=ORIENTED_EDGE('',*,*,#2494,.T.);
#3985=ORIENTED_EDGE('',*,*,#2491,.T.);
#3986=ORIENTED_EDGE('',*,*,#2488,.T.);
#3987=ORIENTED_EDGE('',*,*,#2935,.F.);
#3988=ORIENTED_EDGE('',*,*,#2936,.F.);
#3989=ORIENTED_EDGE('',*,*,#2547,.T.);
#3990=ORIENTED_EDGE('',*,*,#2551,.T.);
#3991=ORIENTED_EDGE('',*,*,#2937,.T.);
#3992=ORIENTED_EDGE('',*,*,#2938,.F.);
#3993=ORIENTED_EDGE('',*,*,#2939,.F.);
#3994=ORIENTED_EDGE('',*,*,#2553,.T.);
#3995=ORIENTED_EDGE('',*,*,#2940,.F.);
#3996=ORIENTED_EDGE('',*,*,#2941,.F.);
#3997=ORIENTED_EDGE('',*,*,#2937,.F.);
#3998=ORIENTED_EDGE('',*,*,#2552,.T.);
#3999=ORIENTED_EDGE('',*,*,#2549,.T.);
#4000=ORIENTED_EDGE('',*,*,#2942,.F.);
#4001=ORIENTED_EDGE('',*,*,#2943,.T.);
#4002=ORIENTED_EDGE('',*,*,#2940,.T.);
#4003=ORIENTED_EDGE('',*,*,#2537,.T.);
#4004=ORIENTED_EDGE('',*,*,#2533,.T.);
#4005=ORIENTED_EDGE('',*,*,#2530,.T.);
#4006=ORIENTED_EDGE('',*,*,#2527,.T.);
#4007=ORIENTED_EDGE('',*,*,#2944,.F.);
#4008=ORIENTED_EDGE('',*,*,#2945,.F.);
#4009=ORIENTED_EDGE('',*,*,#2586,.T.);
#4010=ORIENTED_EDGE('',*,*,#2590,.T.);
#4011=ORIENTED_EDGE('',*,*,#2946,.T.);
#4012=ORIENTED_EDGE('',*,*,#2947,.F.);
#4013=ORIENTED_EDGE('',*,*,#2948,.F.);
#4014=ORIENTED_EDGE('',*,*,#2592,.T.);
#4015=ORIENTED_EDGE('',*,*,#2949,.F.);
#4016=ORIENTED_EDGE('',*,*,#2950,.F.);
#4017=ORIENTED_EDGE('',*,*,#2946,.F.);
#4018=ORIENTED_EDGE('',*,*,#2591,.T.);
#4019=ORIENTED_EDGE('',*,*,#2588,.T.);
#4020=ORIENTED_EDGE('',*,*,#2951,.F.);
#4021=ORIENTED_EDGE('',*,*,#2952,.T.);
#4022=ORIENTED_EDGE('',*,*,#2949,.T.);
#4023=ORIENTED_EDGE('',*,*,#2576,.T.);
#4024=ORIENTED_EDGE('',*,*,#2572,.T.);
#4025=ORIENTED_EDGE('',*,*,#2569,.T.);
#4026=ORIENTED_EDGE('',*,*,#2566,.T.);
#4027=ORIENTED_EDGE('',*,*,#2953,.F.);
#4028=ORIENTED_EDGE('',*,*,#2954,.F.);
#4029=ORIENTED_EDGE('',*,*,#2625,.T.);
#4030=ORIENTED_EDGE('',*,*,#2629,.T.);
#4031=ORIENTED_EDGE('',*,*,#2955,.T.);
#4032=ORIENTED_EDGE('',*,*,#2956,.F.);
#4033=ORIENTED_EDGE('',*,*,#2957,.F.);
#4034=ORIENTED_EDGE('',*,*,#2631,.T.);
#4035=ORIENTED_EDGE('',*,*,#2958,.F.);
#4036=ORIENTED_EDGE('',*,*,#2959,.F.);
#4037=ORIENTED_EDGE('',*,*,#2955,.F.);
#4038=ORIENTED_EDGE('',*,*,#2630,.T.);
#4039=ORIENTED_EDGE('',*,*,#2627,.T.);
#4040=ORIENTED_EDGE('',*,*,#2960,.F.);
#4041=ORIENTED_EDGE('',*,*,#2961,.T.);
#4042=ORIENTED_EDGE('',*,*,#2958,.T.);
#4043=ORIENTED_EDGE('',*,*,#2615,.T.);
#4044=ORIENTED_EDGE('',*,*,#2611,.T.);
#4045=ORIENTED_EDGE('',*,*,#2608,.T.);
#4046=ORIENTED_EDGE('',*,*,#2605,.T.);
#4047=ORIENTED_EDGE('',*,*,#2962,.F.);
#4048=ORIENTED_EDGE('',*,*,#2963,.F.);
#4049=ORIENTED_EDGE('',*,*,#2664,.T.);
#4050=ORIENTED_EDGE('',*,*,#2668,.T.);
#4051=ORIENTED_EDGE('',*,*,#2964,.T.);
#4052=ORIENTED_EDGE('',*,*,#2965,.F.);
#4053=ORIENTED_EDGE('',*,*,#2966,.F.);
#4054=ORIENTED_EDGE('',*,*,#2670,.T.);
#4055=ORIENTED_EDGE('',*,*,#2967,.F.);
#4056=ORIENTED_EDGE('',*,*,#2968,.F.);
#4057=ORIENTED_EDGE('',*,*,#2964,.F.);
#4058=ORIENTED_EDGE('',*,*,#2669,.T.);
#4059=ORIENTED_EDGE('',*,*,#2666,.T.);
#4060=ORIENTED_EDGE('',*,*,#2969,.F.);
#4061=ORIENTED_EDGE('',*,*,#2970,.T.);
#4062=ORIENTED_EDGE('',*,*,#2967,.T.);
#4063=ORIENTED_EDGE('',*,*,#2654,.T.);
#4064=ORIENTED_EDGE('',*,*,#2650,.T.);
#4065=ORIENTED_EDGE('',*,*,#2647,.T.);
#4066=ORIENTED_EDGE('',*,*,#2644,.T.);
#4067=ORIENTED_EDGE('',*,*,#2971,.F.);
#4068=ORIENTED_EDGE('',*,*,#2972,.F.);
#4069=ORIENTED_EDGE('',*,*,#2703,.T.);
#4070=ORIENTED_EDGE('',*,*,#2707,.T.);
#4071=ORIENTED_EDGE('',*,*,#2973,.T.);
#4072=ORIENTED_EDGE('',*,*,#2974,.F.);
#4073=ORIENTED_EDGE('',*,*,#2975,.F.);
#4074=ORIENTED_EDGE('',*,*,#2709,.T.);
#4075=ORIENTED_EDGE('',*,*,#2976,.F.);
#4076=ORIENTED_EDGE('',*,*,#2977,.F.);
#4077=ORIENTED_EDGE('',*,*,#2973,.F.);
#4078=ORIENTED_EDGE('',*,*,#2708,.T.);
#4079=ORIENTED_EDGE('',*,*,#2705,.T.);
#4080=ORIENTED_EDGE('',*,*,#2978,.F.);
#4081=ORIENTED_EDGE('',*,*,#2979,.T.);
#4082=ORIENTED_EDGE('',*,*,#2976,.T.);
#4083=ORIENTED_EDGE('',*,*,#2693,.T.);
#4084=ORIENTED_EDGE('',*,*,#2689,.T.);
#4085=ORIENTED_EDGE('',*,*,#2686,.T.);
#4086=ORIENTED_EDGE('',*,*,#2683,.T.);
#4087=ORIENTED_EDGE('',*,*,#2980,.F.);
#4088=ORIENTED_EDGE('',*,*,#2981,.F.);
#4089=ORIENTED_EDGE('',*,*,#2692,.T.);
#4090=ORIENTED_EDGE('',*,*,#2982,.F.);
#4091=ORIENTED_EDGE('',*,*,#2983,.T.);
#4092=ORIENTED_EDGE('',*,*,#2681,.T.);
#4093=ORIENTED_EDGE('',*,*,#2685,.T.);
#4094=ORIENTED_EDGE('',*,*,#2688,.T.);
#4095=ORIENTED_EDGE('',*,*,#2984,.F.);
#4096=ORIENTED_EDGE('',*,*,#2974,.T.);
#4097=ORIENTED_EDGE('',*,*,#2977,.T.);
#4098=ORIENTED_EDGE('',*,*,#2979,.F.);
#4099=ORIENTED_EDGE('',*,*,#2985,.F.);
#4100=ORIENTED_EDGE('',*,*,#2980,.T.);
#4101=ORIENTED_EDGE('',*,*,#2682,.T.);
#4102=ORIENTED_EDGE('',*,*,#2983,.F.);
#4103=ORIENTED_EDGE('',*,*,#2653,.T.);
#4104=ORIENTED_EDGE('',*,*,#2986,.F.);
#4105=ORIENTED_EDGE('',*,*,#2987,.T.);
#4106=ORIENTED_EDGE('',*,*,#2642,.T.);
#4107=ORIENTED_EDGE('',*,*,#2646,.T.);
#4108=ORIENTED_EDGE('',*,*,#2649,.T.);
#4109=ORIENTED_EDGE('',*,*,#2988,.F.);
#4110=ORIENTED_EDGE('',*,*,#2965,.T.);
#4111=ORIENTED_EDGE('',*,*,#2968,.T.);
#4112=ORIENTED_EDGE('',*,*,#2970,.F.);
#4113=ORIENTED_EDGE('',*,*,#2989,.F.);
#4114=ORIENTED_EDGE('',*,*,#2971,.T.);
#4115=ORIENTED_EDGE('',*,*,#2643,.T.);
#4116=ORIENTED_EDGE('',*,*,#2987,.F.);
#4117=ORIENTED_EDGE('',*,*,#2614,.T.);
#4118=ORIENTED_EDGE('',*,*,#2990,.F.);
#4119=ORIENTED_EDGE('',*,*,#2991,.T.);
#4120=ORIENTED_EDGE('',*,*,#2603,.T.);
#4121=ORIENTED_EDGE('',*,*,#2607,.T.);
#4122=ORIENTED_EDGE('',*,*,#2610,.T.);
#4123=ORIENTED_EDGE('',*,*,#2992,.F.);
#4124=ORIENTED_EDGE('',*,*,#2956,.T.);
#4125=ORIENTED_EDGE('',*,*,#2959,.T.);
#4126=ORIENTED_EDGE('',*,*,#2961,.F.);
#4127=ORIENTED_EDGE('',*,*,#2993,.F.);
#4128=ORIENTED_EDGE('',*,*,#2962,.T.);
#4129=ORIENTED_EDGE('',*,*,#2604,.T.);
#4130=ORIENTED_EDGE('',*,*,#2991,.F.);
#4131=ORIENTED_EDGE('',*,*,#2575,.T.);
#4132=ORIENTED_EDGE('',*,*,#2994,.F.);
#4133=ORIENTED_EDGE('',*,*,#2995,.T.);
#4134=ORIENTED_EDGE('',*,*,#2564,.T.);
#4135=ORIENTED_EDGE('',*,*,#2568,.T.);
#4136=ORIENTED_EDGE('',*,*,#2571,.T.);
#4137=ORIENTED_EDGE('',*,*,#2996,.F.);
#4138=ORIENTED_EDGE('',*,*,#2947,.T.);
#4139=ORIENTED_EDGE('',*,*,#2950,.T.);
#4140=ORIENTED_EDGE('',*,*,#2952,.F.);
#4141=ORIENTED_EDGE('',*,*,#2997,.F.);
#4142=ORIENTED_EDGE('',*,*,#2953,.T.);
#4143=ORIENTED_EDGE('',*,*,#2565,.T.);
#4144=ORIENTED_EDGE('',*,*,#2995,.F.);
#4145=ORIENTED_EDGE('',*,*,#2536,.T.);
#4146=ORIENTED_EDGE('',*,*,#2998,.F.);
#4147=ORIENTED_EDGE('',*,*,#2999,.T.);
#4148=ORIENTED_EDGE('',*,*,#2525,.T.);
#4149=ORIENTED_EDGE('',*,*,#2529,.T.);
#4150=ORIENTED_EDGE('',*,*,#2532,.T.);
#4151=ORIENTED_EDGE('',*,*,#3000,.F.);
#4152=ORIENTED_EDGE('',*,*,#2938,.T.);
#4153=ORIENTED_EDGE('',*,*,#2941,.T.);
#4154=ORIENTED_EDGE('',*,*,#2943,.F.);
#4155=ORIENTED_EDGE('',*,*,#3001,.F.);
#4156=ORIENTED_EDGE('',*,*,#2944,.T.);
#4157=ORIENTED_EDGE('',*,*,#2526,.T.);
#4158=ORIENTED_EDGE('',*,*,#2999,.F.);
#4159=ORIENTED_EDGE('',*,*,#2497,.T.);
#4160=ORIENTED_EDGE('',*,*,#3002,.F.);
#4161=ORIENTED_EDGE('',*,*,#3003,.T.);
#4162=ORIENTED_EDGE('',*,*,#2486,.T.);
#4163=ORIENTED_EDGE('',*,*,#2490,.T.);
#4164=ORIENTED_EDGE('',*,*,#2493,.T.);
#4165=ORIENTED_EDGE('',*,*,#3004,.F.);
#4166=ORIENTED_EDGE('',*,*,#2929,.T.);
#4167=ORIENTED_EDGE('',*,*,#2932,.T.);
#4168=ORIENTED_EDGE('',*,*,#2934,.F.);
#4169=ORIENTED_EDGE('',*,*,#3005,.F.);
#4170=ORIENTED_EDGE('',*,*,#2935,.T.);
#4171=ORIENTED_EDGE('',*,*,#2487,.T.);
#4172=ORIENTED_EDGE('',*,*,#3003,.F.);
#4173=ORIENTED_EDGE('',*,*,#2673,.T.);
#4174=ORIENTED_EDGE('',*,*,#2981,.T.);
#4175=ORIENTED_EDGE('',*,*,#2985,.T.);
#4176=ORIENTED_EDGE('',*,*,#2982,.T.);
#4177=ORIENTED_EDGE('',*,*,#2710,.T.);
#4178=ORIENTED_EDGE('',*,*,#3006,.F.);
#4179=ORIENTED_EDGE('',*,*,#3007,.F.);
#4180=ORIENTED_EDGE('',*,*,#3008,.F.);
#4181=ORIENTED_EDGE('',*,*,#3009,.F.);
#4182=ORIENTED_EDGE('',*,*,#3010,.F.);
#4183=ORIENTED_EDGE('',*,*,#2478,.T.);
#4184=ORIENTED_EDGE('',*,*,#2936,.T.);
#4185=ORIENTED_EDGE('',*,*,#3005,.T.);
#4186=ORIENTED_EDGE('',*,*,#3002,.T.);
#4187=ORIENTED_EDGE('',*,*,#2515,.T.);
#4188=ORIENTED_EDGE('',*,*,#3011,.F.);
#4189=ORIENTED_EDGE('',*,*,#2517,.T.);
#4190=ORIENTED_EDGE('',*,*,#2945,.T.);
#4191=ORIENTED_EDGE('',*,*,#3001,.T.);
#4192=ORIENTED_EDGE('',*,*,#2998,.T.);
#4193=ORIENTED_EDGE('',*,*,#2554,.T.);
#4194=ORIENTED_EDGE('',*,*,#3012,.F.);
#4195=ORIENTED_EDGE('',*,*,#2556,.T.);
#4196=ORIENTED_EDGE('',*,*,#2954,.T.);
#4197=ORIENTED_EDGE('',*,*,#2997,.T.);
#4198=ORIENTED_EDGE('',*,*,#2994,.T.);
#4199=ORIENTED_EDGE('',*,*,#2593,.T.);
#4200=ORIENTED_EDGE('',*,*,#3013,.F.);
#4201=ORIENTED_EDGE('',*,*,#2595,.T.);
#4202=ORIENTED_EDGE('',*,*,#2963,.T.);
#4203=ORIENTED_EDGE('',*,*,#2993,.T.);
#4204=ORIENTED_EDGE('',*,*,#2990,.T.);
#4205=ORIENTED_EDGE('',*,*,#2632,.T.);
#4206=ORIENTED_EDGE('',*,*,#3014,.F.);
#4207=ORIENTED_EDGE('',*,*,#2634,.T.);
#4208=ORIENTED_EDGE('',*,*,#2972,.T.);
#4209=ORIENTED_EDGE('',*,*,#2989,.T.);
#4210=ORIENTED_EDGE('',*,*,#2986,.T.);
#4211=ORIENTED_EDGE('',*,*,#2671,.T.);
#4212=ORIENTED_EDGE('',*,*,#3015,.F.);
#4213=ORIENTED_EDGE('',*,*,#2978,.T.);
#4214=ORIENTED_EDGE('',*,*,#2674,.T.);
#4215=ORIENTED_EDGE('',*,*,#3015,.T.);
#4216=ORIENTED_EDGE('',*,*,#2672,.T.);
#4217=ORIENTED_EDGE('',*,*,#2966,.T.);
#4218=ORIENTED_EDGE('',*,*,#2988,.T.);
#4219=ORIENTED_EDGE('',*,*,#2969,.T.);
#4220=ORIENTED_EDGE('',*,*,#2635,.T.);
#4221=ORIENTED_EDGE('',*,*,#3014,.T.);
#4222=ORIENTED_EDGE('',*,*,#2633,.T.);
#4223=ORIENTED_EDGE('',*,*,#2957,.T.);
#4224=ORIENTED_EDGE('',*,*,#2992,.T.);
#4225=ORIENTED_EDGE('',*,*,#2960,.T.);
#4226=ORIENTED_EDGE('',*,*,#2596,.T.);
#4227=ORIENTED_EDGE('',*,*,#3013,.T.);
#4228=ORIENTED_EDGE('',*,*,#2594,.T.);
#4229=ORIENTED_EDGE('',*,*,#2948,.T.);
#4230=ORIENTED_EDGE('',*,*,#2996,.T.);
#4231=ORIENTED_EDGE('',*,*,#2951,.T.);
#4232=ORIENTED_EDGE('',*,*,#2557,.T.);
#4233=ORIENTED_EDGE('',*,*,#3012,.T.);
#4234=ORIENTED_EDGE('',*,*,#2555,.T.);
#4235=ORIENTED_EDGE('',*,*,#2939,.T.);
#4236=ORIENTED_EDGE('',*,*,#3000,.T.);
#4237=ORIENTED_EDGE('',*,*,#2942,.T.);
#4238=ORIENTED_EDGE('',*,*,#2518,.T.);
#4239=ORIENTED_EDGE('',*,*,#3011,.T.);
#4240=ORIENTED_EDGE('',*,*,#2516,.T.);
#4241=ORIENTED_EDGE('',*,*,#2930,.T.);
#4242=ORIENTED_EDGE('',*,*,#3004,.T.);
#4243=ORIENTED_EDGE('',*,*,#2933,.T.);
#4244=ORIENTED_EDGE('',*,*,#2479,.T.);
#4245=ORIENTED_EDGE('',*,*,#3010,.T.);
#4246=ORIENTED_EDGE('',*,*,#3016,.F.);
#4247=ORIENTED_EDGE('',*,*,#3017,.T.);
#4248=ORIENTED_EDGE('',*,*,#3018,.T.);
#4249=ORIENTED_EDGE('',*,*,#3006,.T.);
#4250=ORIENTED_EDGE('',*,*,#2711,.T.);
#4251=ORIENTED_EDGE('',*,*,#2975,.T.);
#4252=ORIENTED_EDGE('',*,*,#2984,.T.);
#4253=ORIENTED_EDGE('',*,*,#3019,.T.);
#4254=ORIENTED_EDGE('',*,*,#3020,.T.);
#4255=ORIENTED_EDGE('',*,*,#3021,.T.);
#4256=ORIENTED_EDGE('',*,*,#3022,.T.);
#4257=ORIENTED_EDGE('',*,*,#3021,.F.);
#4258=ORIENTED_EDGE('',*,*,#3023,.T.);
#4259=ORIENTED_EDGE('',*,*,#3016,.T.);
#4260=ORIENTED_EDGE('',*,*,#3009,.T.);
#4261=ORIENTED_EDGE('',*,*,#3024,.F.);
#4262=ORIENTED_EDGE('',*,*,#3025,.F.);
#4263=ORIENTED_EDGE('',*,*,#3023,.F.);
#4264=ORIENTED_EDGE('',*,*,#3020,.F.);
#4265=ORIENTED_EDGE('',*,*,#3026,.T.);
#4266=ORIENTED_EDGE('',*,*,#3027,.F.);
#4267=ORIENTED_EDGE('',*,*,#3028,.T.);
#4268=ORIENTED_EDGE('',*,*,#3029,.T.);
#4269=ORIENTED_EDGE('',*,*,#3030,.T.);
#4270=ORIENTED_EDGE('',*,*,#3031,.T.);
#4271=ORIENTED_EDGE('',*,*,#3032,.T.);
#4272=ORIENTED_EDGE('',*,*,#3033,.F.);
#4273=ORIENTED_EDGE('',*,*,#3034,.F.);
#4274=ORIENTED_EDGE('',*,*,#3017,.F.);
#4275=ORIENTED_EDGE('',*,*,#3035,.T.);
#4276=ORIENTED_EDGE('',*,*,#3036,.T.);
#4277=ORIENTED_EDGE('',*,*,#3037,.T.);
#4278=ORIENTED_EDGE('',*,*,#3033,.T.);
#4279=ORIENTED_EDGE('',*,*,#3037,.F.);
#4280=ORIENTED_EDGE('',*,*,#3038,.F.);
#4281=ORIENTED_EDGE('',*,*,#3039,.T.);
#4282=ORIENTED_EDGE('',*,*,#3007,.T.);
#4283=ORIENTED_EDGE('',*,*,#3018,.F.);
#4284=ORIENTED_EDGE('',*,*,#3034,.T.);
#4285=ORIENTED_EDGE('',*,*,#3040,.F.);
#4286=ORIENTED_EDGE('',*,*,#3024,.T.);
#4287=ORIENTED_EDGE('',*,*,#3008,.T.);
#4288=ORIENTED_EDGE('',*,*,#3039,.F.);
#4289=ORIENTED_EDGE('',*,*,#3022,.F.);
#4290=ORIENTED_EDGE('',*,*,#3025,.T.);
#4291=ORIENTED_EDGE('',*,*,#3040,.T.);
#4292=ORIENTED_EDGE('',*,*,#3038,.T.);
#4293=ORIENTED_EDGE('',*,*,#3036,.F.);
#4294=ORIENTED_EDGE('',*,*,#3041,.F.);
#4295=ORIENTED_EDGE('',*,*,#3042,.T.);
#4296=ORIENTED_EDGE('',*,*,#3043,.T.);
#4297=ORIENTED_EDGE('',*,*,#3044,.T.);
#4298=ORIENTED_EDGE('',*,*,#3027,.T.);
#4299=ORIENTED_EDGE('',*,*,#3045,.T.);
#4300=ORIENTED_EDGE('',*,*,#3046,.T.);
#4301=ORIENTED_EDGE('',*,*,#3019,.F.);
#4302=ORIENTED_EDGE('',*,*,#3043,.F.);
#4303=ORIENTED_EDGE('',*,*,#3047,.T.);
#4304=ORIENTED_EDGE('',*,*,#3048,.T.);
#4305=ORIENTED_EDGE('',*,*,#3045,.F.);
#4306=ORIENTED_EDGE('',*,*,#3026,.F.);
#4307=ORIENTED_EDGE('',*,*,#3049,.F.);
#4308=ORIENTED_EDGE('',*,*,#3050,.F.);
#4309=ORIENTED_EDGE('',*,*,#3051,.F.);
#4310=ORIENTED_EDGE('',*,*,#3052,.T.);
#4311=ORIENTED_EDGE('',*,*,#3053,.F.);
#4312=ORIENTED_EDGE('',*,*,#3054,.F.);
#4313=ORIENTED_EDGE('',*,*,#3055,.F.);
#4314=ORIENTED_EDGE('',*,*,#3050,.T.);
#4315=ORIENTED_EDGE('',*,*,#3056,.F.);
#4316=ORIENTED_EDGE('',*,*,#3057,.F.);
#4317=ORIENTED_EDGE('',*,*,#3058,.F.);
#4318=ORIENTED_EDGE('',*,*,#3059,.T.);
#4319=ORIENTED_EDGE('',*,*,#3060,.F.);
#4320=ORIENTED_EDGE('',*,*,#3061,.F.);
#4321=ORIENTED_EDGE('',*,*,#3062,.F.);
#4322=ORIENTED_EDGE('',*,*,#3057,.T.);
#4323=ORIENTED_EDGE('',*,*,#3063,.F.);
#4324=ORIENTED_EDGE('',*,*,#3064,.F.);
#4325=ORIENTED_EDGE('',*,*,#3065,.F.);
#4326=ORIENTED_EDGE('',*,*,#3054,.T.);
#4327=ORIENTED_EDGE('',*,*,#3066,.F.);
#4328=ORIENTED_EDGE('',*,*,#3052,.F.);
#4329=ORIENTED_EDGE('',*,*,#3067,.F.);
#4330=ORIENTED_EDGE('',*,*,#3064,.T.);
#4331=ORIENTED_EDGE('',*,*,#3068,.F.);
#4332=ORIENTED_EDGE('',*,*,#3069,.F.);
#4333=ORIENTED_EDGE('',*,*,#3070,.F.);
#4334=ORIENTED_EDGE('',*,*,#3061,.T.);
#4335=ORIENTED_EDGE('',*,*,#3071,.F.);
#4336=ORIENTED_EDGE('',*,*,#3059,.F.);
#4337=ORIENTED_EDGE('',*,*,#3072,.F.);
#4338=ORIENTED_EDGE('',*,*,#3069,.T.);
#4339=ORIENTED_EDGE('',*,*,#3060,.T.);
#4340=ORIENTED_EDGE('',*,*,#3056,.T.);
#4341=ORIENTED_EDGE('',*,*,#3071,.T.);
#4342=ORIENTED_EDGE('',*,*,#3068,.T.);
#4343=ORIENTED_EDGE('',*,*,#3053,.T.);
#4344=ORIENTED_EDGE('',*,*,#3049,.T.);
#4345=ORIENTED_EDGE('',*,*,#3066,.T.);
#4346=ORIENTED_EDGE('',*,*,#3063,.T.);
#4347=ORIENTED_EDGE('',*,*,#3073,.F.);
#4348=ORIENTED_EDGE('',*,*,#3074,.F.);
#4349=ORIENTED_EDGE('',*,*,#3075,.F.);
#4350=ORIENTED_EDGE('',*,*,#3076,.F.);
#4351=ORIENTED_EDGE('',*,*,#2719,.T.);
#4352=ORIENTED_EDGE('',*,*,#2726,.T.);
#4353=ORIENTED_EDGE('',*,*,#2728,.T.);
#4354=ORIENTED_EDGE('',*,*,#2729,.T.);
#4355=ORIENTED_EDGE('',*,*,#2737,.T.);
#4356=ORIENTED_EDGE('',*,*,#2744,.T.);
#4357=ORIENTED_EDGE('',*,*,#2746,.T.);
#4358=ORIENTED_EDGE('',*,*,#2747,.T.);
#4359=ORIENTED_EDGE('',*,*,#2755,.T.);
#4360=ORIENTED_EDGE('',*,*,#2762,.T.);
#4361=ORIENTED_EDGE('',*,*,#2764,.T.);
#4362=ORIENTED_EDGE('',*,*,#2765,.T.);
#4363=ORIENTED_EDGE('',*,*,#2773,.T.);
#4364=ORIENTED_EDGE('',*,*,#2780,.T.);
#4365=ORIENTED_EDGE('',*,*,#2782,.T.);
#4366=ORIENTED_EDGE('',*,*,#2783,.T.);
#4367=ORIENTED_EDGE('',*,*,#2791,.T.);
#4368=ORIENTED_EDGE('',*,*,#2798,.T.);
#4369=ORIENTED_EDGE('',*,*,#2800,.T.);
#4370=ORIENTED_EDGE('',*,*,#2801,.T.);
#4371=ORIENTED_EDGE('',*,*,#2809,.T.);
#4372=ORIENTED_EDGE('',*,*,#2816,.T.);
#4373=ORIENTED_EDGE('',*,*,#2818,.T.);
#4374=ORIENTED_EDGE('',*,*,#2819,.T.);
#4375=ORIENTED_EDGE('',*,*,#2827,.T.);
#4376=ORIENTED_EDGE('',*,*,#2834,.T.);
#4377=ORIENTED_EDGE('',*,*,#2836,.T.);
#4378=ORIENTED_EDGE('',*,*,#2837,.T.);
#4379=ORIENTED_EDGE('',*,*,#2845,.T.);
#4380=ORIENTED_EDGE('',*,*,#2852,.T.);
#4381=ORIENTED_EDGE('',*,*,#2854,.T.);
#4382=ORIENTED_EDGE('',*,*,#2855,.T.);
#4383=ORIENTED_EDGE('',*,*,#2863,.T.);
#4384=ORIENTED_EDGE('',*,*,#2870,.T.);
#4385=ORIENTED_EDGE('',*,*,#2872,.T.);
#4386=ORIENTED_EDGE('',*,*,#2873,.T.);
#4387=ORIENTED_EDGE('',*,*,#2881,.T.);
#4388=ORIENTED_EDGE('',*,*,#2888,.T.);
#4389=ORIENTED_EDGE('',*,*,#2890,.T.);
#4390=ORIENTED_EDGE('',*,*,#2891,.T.);
#4391=ORIENTED_EDGE('',*,*,#2899,.T.);
#4392=ORIENTED_EDGE('',*,*,#2906,.T.);
#4393=ORIENTED_EDGE('',*,*,#2908,.T.);
#4394=ORIENTED_EDGE('',*,*,#2909,.T.);
#4395=ORIENTED_EDGE('',*,*,#2917,.T.);
#4396=ORIENTED_EDGE('',*,*,#2924,.T.);
#4397=ORIENTED_EDGE('',*,*,#2926,.T.);
#4398=ORIENTED_EDGE('',*,*,#2927,.T.);
#4399=ORIENTED_EDGE('',*,*,#3058,.T.);
#4400=ORIENTED_EDGE('',*,*,#3062,.T.);
#4401=ORIENTED_EDGE('',*,*,#3070,.T.);
#4402=ORIENTED_EDGE('',*,*,#3072,.T.);
#4403=ORIENTED_EDGE('',*,*,#3077,.F.);
#4404=ORIENTED_EDGE('',*,*,#3078,.T.);
#4405=ORIENTED_EDGE('',*,*,#3074,.T.);
#4406=ORIENTED_EDGE('',*,*,#3079,.F.);
#4407=ORIENTED_EDGE('',*,*,#3080,.F.);
#4408=ORIENTED_EDGE('',*,*,#3081,.T.);
#4409=ORIENTED_EDGE('',*,*,#3075,.T.);
#4410=ORIENTED_EDGE('',*,*,#3078,.F.);
#4411=ORIENTED_EDGE('',*,*,#3082,.F.);
#4412=ORIENTED_EDGE('',*,*,#3083,.T.);
#4413=ORIENTED_EDGE('',*,*,#3076,.T.);
#4414=ORIENTED_EDGE('',*,*,#3081,.F.);
#4415=ORIENTED_EDGE('',*,*,#3084,.F.);
#4416=ORIENTED_EDGE('',*,*,#3079,.T.);
#4417=ORIENTED_EDGE('',*,*,#3073,.T.);
#4418=ORIENTED_EDGE('',*,*,#3083,.F.);
#4419=ORIENTED_EDGE('',*,*,#3051,.T.);
#4420=ORIENTED_EDGE('',*,*,#3055,.T.);
#4421=ORIENTED_EDGE('',*,*,#3065,.T.);
#4422=ORIENTED_EDGE('',*,*,#3067,.T.);
#4423=ORIENTED_EDGE('',*,*,#3085,.T.);
#4424=ORIENTED_EDGE('',*,*,#3086,.T.);
#4425=ORIENTED_EDGE('',*,*,#3087,.T.);
#4426=ORIENTED_EDGE('',*,*,#3088,.F.);
#4427=ORIENTED_EDGE('',*,*,#3087,.F.);
#4428=ORIENTED_EDGE('',*,*,#3089,.F.);
#4429=ORIENTED_EDGE('',*,*,#3090,.F.);
#4430=ORIENTED_EDGE('',*,*,#3091,.F.);
#4431=ORIENTED_EDGE('',*,*,#3085,.F.);
#4432=ORIENTED_EDGE('',*,*,#3092,.F.);
#4433=ORIENTED_EDGE('',*,*,#3093,.F.);
#4434=ORIENTED_EDGE('',*,*,#3094,.F.);
#4435=ORIENTED_EDGE('',*,*,#3086,.F.);
#4436=ORIENTED_EDGE('',*,*,#3094,.T.);
#4437=ORIENTED_EDGE('',*,*,#3095,.T.);
#4438=ORIENTED_EDGE('',*,*,#3089,.T.);
#4439=ORIENTED_EDGE('',*,*,#3096,.F.);
#4440=ORIENTED_EDGE('',*,*,#3097,.F.);
#4441=ORIENTED_EDGE('',*,*,#3098,.T.);
#4442=ORIENTED_EDGE('',*,*,#3090,.T.);
#4443=ORIENTED_EDGE('',*,*,#3095,.F.);
#4444=ORIENTED_EDGE('',*,*,#3093,.T.);
#4445=ORIENTED_EDGE('',*,*,#3099,.T.);
#4446=ORIENTED_EDGE('',*,*,#3100,.F.);
#4447=ORIENTED_EDGE('',*,*,#3042,.F.);
#4448=ORIENTED_EDGE('',*,*,#3101,.F.);
#4449=ORIENTED_EDGE('',*,*,#3102,.F.);
#4450=ORIENTED_EDGE('',*,*,#3047,.F.);
#4451=ORIENTED_EDGE('',*,*,#3077,.T.);
#4452=ORIENTED_EDGE('',*,*,#3084,.T.);
#4453=ORIENTED_EDGE('',*,*,#3082,.T.);
#4454=ORIENTED_EDGE('',*,*,#3080,.T.);
#4455=ORIENTED_EDGE('',*,*,#3103,.F.);
#4456=ORIENTED_EDGE('',*,*,#3104,.T.);
#4457=ORIENTED_EDGE('',*,*,#3105,.T.);
#4458=ORIENTED_EDGE('',*,*,#3106,.F.);
#4459=ORIENTED_EDGE('',*,*,#3091,.T.);
#4460=ORIENTED_EDGE('',*,*,#3098,.F.);
#4461=ORIENTED_EDGE('',*,*,#3107,.F.);
#4462=ORIENTED_EDGE('',*,*,#3105,.F.);
#4463=ORIENTED_EDGE('',*,*,#3108,.F.);
#4464=ORIENTED_EDGE('',*,*,#3099,.F.);
#4465=ORIENTED_EDGE('',*,*,#3092,.T.);
#4466=ORIENTED_EDGE('',*,*,#3088,.T.);
#4467=ORIENTED_EDGE('',*,*,#3031,.F.);
#4468=ORIENTED_EDGE('',*,*,#3109,.T.);
#4469=ORIENTED_EDGE('',*,*,#3106,.T.);
#4470=ORIENTED_EDGE('',*,*,#3107,.T.);
#4471=ORIENTED_EDGE('',*,*,#3097,.T.);
#4472=ORIENTED_EDGE('',*,*,#3110,.F.);
#4473=ORIENTED_EDGE('',*,*,#3103,.T.);
#4474=ORIENTED_EDGE('',*,*,#3109,.F.);
#4475=ORIENTED_EDGE('',*,*,#3030,.F.);
#4476=ORIENTED_EDGE('',*,*,#3111,.T.);
#4477=ORIENTED_EDGE('',*,*,#3029,.F.);
#4478=ORIENTED_EDGE('',*,*,#3112,.F.);
#4479=ORIENTED_EDGE('',*,*,#3100,.T.);
#4480=ORIENTED_EDGE('',*,*,#3108,.T.);
#4481=ORIENTED_EDGE('',*,*,#3104,.F.);
#4482=ORIENTED_EDGE('',*,*,#3111,.F.);
#4483=ORIENTED_EDGE('',*,*,#3035,.F.);
#4484=ORIENTED_EDGE('',*,*,#3032,.F.);
#4485=ORIENTED_EDGE('',*,*,#3110,.T.);
#4486=ORIENTED_EDGE('',*,*,#3096,.T.);
#4487=ORIENTED_EDGE('',*,*,#3112,.T.);
#4488=ORIENTED_EDGE('',*,*,#3028,.F.);
#4489=ORIENTED_EDGE('',*,*,#3044,.F.);
#4490=ORIENTED_EDGE('',*,*,#3113,.F.);
#4491=ORIENTED_EDGE('',*,*,#3101,.T.);
#4492=ORIENTED_EDGE('',*,*,#3041,.T.);
#4493=ORIENTED_EDGE('',*,*,#3046,.F.);
#4494=ORIENTED_EDGE('',*,*,#3048,.F.);
#4495=ORIENTED_EDGE('',*,*,#3102,.T.);
#4496=ORIENTED_EDGE('',*,*,#3113,.T.);
#4497=ORIENTED_EDGE('',*,*,#3114,.T.);
#4498=ORIENTED_EDGE('',*,*,#3115,.T.);
#4499=ORIENTED_EDGE('',*,*,#3116,.T.);
#4500=ORIENTED_EDGE('',*,*,#3117,.T.);
#4501=ORIENTED_EDGE('',*,*,#3118,.T.);
#4502=ORIENTED_EDGE('',*,*,#3119,.T.);
#4503=ORIENTED_EDGE('',*,*,#3120,.T.);
#4504=ORIENTED_EDGE('',*,*,#3121,.T.);
#4505=ORIENTED_EDGE('',*,*,#3122,.T.);
#4506=ORIENTED_EDGE('',*,*,#3123,.T.);
#4507=ORIENTED_EDGE('',*,*,#3124,.T.);
#4508=ORIENTED_EDGE('',*,*,#3125,.T.);
#4509=ORIENTED_EDGE('',*,*,#3126,.T.);
#4510=ORIENTED_EDGE('',*,*,#3127,.T.);
#4511=ORIENTED_EDGE('',*,*,#3128,.T.);
#4512=ORIENTED_EDGE('',*,*,#3129,.T.);
#4513=ORIENTED_EDGE('',*,*,#3130,.T.);
#4514=ORIENTED_EDGE('',*,*,#3131,.T.);
#4515=ORIENTED_EDGE('',*,*,#3132,.T.);
#4516=ORIENTED_EDGE('',*,*,#3133,.T.);
#4517=ORIENTED_EDGE('',*,*,#3134,.T.);
#4518=ORIENTED_EDGE('',*,*,#3135,.T.);
#4519=ORIENTED_EDGE('',*,*,#3136,.T.);
#4520=ORIENTED_EDGE('',*,*,#3137,.T.);
#4521=ORIENTED_EDGE('',*,*,#3138,.T.);
#4522=ORIENTED_EDGE('',*,*,#3139,.T.);
#4523=ORIENTED_EDGE('',*,*,#3140,.T.);
#4524=ORIENTED_EDGE('',*,*,#3141,.T.);
#4525=ORIENTED_EDGE('',*,*,#3142,.T.);
#4526=ORIENTED_EDGE('',*,*,#3143,.T.);
#4527=ORIENTED_EDGE('',*,*,#3144,.T.);
#4528=ORIENTED_EDGE('',*,*,#3145,.T.);
#4529=ORIENTED_EDGE('',*,*,#3146,.T.);
#4530=ORIENTED_EDGE('',*,*,#3147,.T.);
#4531=ORIENTED_EDGE('',*,*,#3148,.T.);
#4532=ORIENTED_EDGE('',*,*,#3149,.T.);
#4533=ORIENTED_EDGE('',*,*,#3150,.T.);
#4534=ORIENTED_EDGE('',*,*,#3151,.T.);
#4535=ORIENTED_EDGE('',*,*,#3152,.T.);
#4536=ORIENTED_EDGE('',*,*,#3153,.T.);
#4537=ORIENTED_EDGE('',*,*,#3154,.T.);
#4538=ORIENTED_EDGE('',*,*,#3155,.T.);
#4539=ORIENTED_EDGE('',*,*,#3156,.T.);
#4540=ORIENTED_EDGE('',*,*,#3157,.T.);
#4541=ORIENTED_EDGE('',*,*,#3158,.T.);
#4542=ORIENTED_EDGE('',*,*,#3159,.T.);
#4543=ORIENTED_EDGE('',*,*,#3160,.T.);
#4544=ORIENTED_EDGE('',*,*,#3161,.T.);
#4545=ORIENTED_EDGE('',*,*,#3162,.T.);
#4546=ORIENTED_EDGE('',*,*,#3163,.T.);
#4547=ORIENTED_EDGE('',*,*,#3164,.T.);
#4548=ORIENTED_EDGE('',*,*,#3165,.T.);
#4549=ORIENTED_EDGE('',*,*,#3166,.T.);
#4550=ORIENTED_EDGE('',*,*,#3167,.T.);
#4551=ORIENTED_EDGE('',*,*,#3168,.T.);
#4552=ORIENTED_EDGE('',*,*,#3169,.T.);
#4553=ORIENTED_EDGE('',*,*,#3170,.T.);
#4554=ORIENTED_EDGE('',*,*,#3171,.T.);
#4555=ORIENTED_EDGE('',*,*,#3172,.T.);
#4556=ORIENTED_EDGE('',*,*,#3173,.T.);
#4557=ORIENTED_EDGE('',*,*,#3174,.T.);
#4558=ORIENTED_EDGE('',*,*,#3175,.T.);
#4559=ORIENTED_EDGE('',*,*,#3176,.T.);
#4560=ORIENTED_EDGE('',*,*,#3177,.T.);
#4561=ORIENTED_EDGE('',*,*,#3178,.T.);
#4562=ORIENTED_EDGE('',*,*,#3179,.T.);
#4563=ORIENTED_EDGE('',*,*,#3180,.T.);
#4564=ORIENTED_EDGE('',*,*,#3181,.T.);
#4565=ORIENTED_EDGE('',*,*,#3182,.T.);
#4566=ORIENTED_EDGE('',*,*,#3183,.T.);
#4567=ORIENTED_EDGE('',*,*,#3184,.T.);
#4568=ORIENTED_EDGE('',*,*,#3185,.T.);
#4569=ORIENTED_EDGE('',*,*,#3186,.T.);
#4570=ORIENTED_EDGE('',*,*,#3187,.T.);
#4571=ORIENTED_EDGE('',*,*,#3188,.T.);
#4572=ORIENTED_EDGE('',*,*,#3189,.T.);
#4573=ORIENTED_EDGE('',*,*,#3190,.T.);
#4574=ORIENTED_EDGE('',*,*,#3191,.T.);
#4575=ORIENTED_EDGE('',*,*,#3192,.T.);
#4576=ORIENTED_EDGE('',*,*,#3193,.T.);
#4577=ORIENTED_EDGE('',*,*,#3194,.T.);
#4578=ORIENTED_EDGE('',*,*,#3195,.T.);
#4579=ORIENTED_EDGE('',*,*,#3196,.T.);
#4580=ORIENTED_EDGE('',*,*,#3197,.T.);
#4581=ORIENTED_EDGE('',*,*,#3198,.T.);
#4582=ORIENTED_EDGE('',*,*,#3199,.T.);
#4583=ORIENTED_EDGE('',*,*,#3200,.T.);
#4584=ORIENTED_EDGE('',*,*,#3201,.T.);
#4585=ORIENTED_EDGE('',*,*,#3202,.T.);
#4586=ORIENTED_EDGE('',*,*,#3203,.T.);
#4587=ORIENTED_EDGE('',*,*,#3204,.T.);
#4588=ORIENTED_EDGE('',*,*,#3205,.T.);
#4589=ORIENTED_EDGE('',*,*,#3206,.T.);
#4590=ORIENTED_EDGE('',*,*,#3207,.T.);
#4591=ORIENTED_EDGE('',*,*,#3208,.T.);
#4592=ORIENTED_EDGE('',*,*,#3209,.T.);
#4593=ORIENTED_EDGE('',*,*,#3210,.T.);
#4594=ORIENTED_EDGE('',*,*,#3211,.T.);
#4595=ORIENTED_EDGE('',*,*,#3212,.T.);
#4596=ORIENTED_EDGE('',*,*,#3213,.T.);
#4597=ORIENTED_EDGE('',*,*,#3214,.T.);
#4598=ORIENTED_EDGE('',*,*,#3215,.T.);
#4599=ORIENTED_EDGE('',*,*,#3216,.T.);
#4600=ORIENTED_EDGE('',*,*,#3217,.T.);
#4601=ORIENTED_EDGE('',*,*,#3218,.T.);
#4602=ORIENTED_EDGE('',*,*,#3219,.T.);
#4603=ORIENTED_EDGE('',*,*,#3220,.T.);
#4604=ORIENTED_EDGE('',*,*,#3221,.T.);
#4605=ORIENTED_EDGE('',*,*,#3222,.T.);
#4606=ORIENTED_EDGE('',*,*,#3223,.T.);
#4607=ORIENTED_EDGE('',*,*,#3224,.T.);
#4608=PLANE('',#5332);
#4609=PLANE('',#5336);
#4610=PLANE('',#5340);
#4611=PLANE('',#5345);
#4612=PLANE('',#5348);
#4613=PLANE('',#5351);
#4614=PLANE('',#5355);
#4615=PLANE('',#5356);
#4616=PLANE('',#5360);
#4617=PLANE('',#5364);
#4618=PLANE('',#5369);
#4619=PLANE('',#5372);
#4620=PLANE('',#5375);
#4621=PLANE('',#5379);
#4622=PLANE('',#5380);
#4623=PLANE('',#5384);
#4624=PLANE('',#5388);
#4625=PLANE('',#5393);
#4626=PLANE('',#5396);
#4627=PLANE('',#5399);
#4628=PLANE('',#5403);
#4629=PLANE('',#5404);
#4630=PLANE('',#5408);
#4631=PLANE('',#5412);
#4632=PLANE('',#5417);
#4633=PLANE('',#5420);
#4634=PLANE('',#5423);
#4635=PLANE('',#5427);
#4636=PLANE('',#5428);
#4637=PLANE('',#5432);
#4638=PLANE('',#5436);
#4639=PLANE('',#5441);
#4640=PLANE('',#5444);
#4641=PLANE('',#5447);
#4642=PLANE('',#5451);
#4643=PLANE('',#5452);
#4644=PLANE('',#5456);
#4645=PLANE('',#5460);
#4646=PLANE('',#5465);
#4647=PLANE('',#5468);
#4648=PLANE('',#5471);
#4649=PLANE('',#5475);
#4650=PLANE('',#5476);
#4651=PLANE('',#5477);
#4652=PLANE('',#5478);
#4653=PLANE('',#5479);
#4654=PLANE('',#5480);
#4655=PLANE('',#5481);
#4656=PLANE('',#5482);
#4657=PLANE('',#5483);
#4658=PLANE('',#5484);
#4659=PLANE('',#5485);
#4660=PLANE('',#5486);
#4661=PLANE('',#5487);
#4662=PLANE('',#5488);
#4663=PLANE('',#5489);
#4664=PLANE('',#5490);
#4665=PLANE('',#5491);
#4666=PLANE('',#5492);
#4667=PLANE('',#5493);
#4668=PLANE('',#5494);
#4669=PLANE('',#5495);
#4670=PLANE('',#5496);
#4671=PLANE('',#5497);
#4672=PLANE('',#5498);
#4673=PLANE('',#5499);
#4674=PLANE('',#5500);
#4675=PLANE('',#5501);
#4676=PLANE('',#5502);
#4677=PLANE('',#5503);
#4678=PLANE('',#5504);
#4679=PLANE('',#5505);
#4680=PLANE('',#5506);
#4681=PLANE('',#5507);
#4682=PLANE('',#5508);
#4683=PLANE('',#5509);
#4684=PLANE('',#5510);
#4685=PLANE('',#5511);
#4686=PLANE('',#5512);
#4687=PLANE('',#5513);
#4688=PLANE('',#5514);
#4689=PLANE('',#5515);
#4690=PLANE('',#5516);
#4691=PLANE('',#5517);
#4692=PLANE('',#5518);
#4693=PLANE('',#5519);
#4694=PLANE('',#5520);
#4695=PLANE('',#5521);
#4696=PLANE('',#5522);
#4697=PLANE('',#5523);
#4698=PLANE('',#5524);
#4699=PLANE('',#5525);
#4700=PLANE('',#5526);
#4701=PLANE('',#5527);
#4702=PLANE('',#5528);
#4703=PLANE('',#5529);
#4704=PLANE('',#5530);
#4705=PLANE('',#5531);
#4706=PLANE('',#5532);
#4707=PLANE('',#5533);
#4708=PLANE('',#5534);
#4709=PLANE('',#5535);
#4710=PLANE('',#5536);
#4711=PLANE('',#5537);
#4712=PLANE('',#5538);
#4713=PLANE('',#5539);
#4714=PLANE('',#5540);
#4715=PLANE('',#5541);
#4716=PLANE('',#5542);
#4717=PLANE('',#5543);
#4718=PLANE('',#5544);
#4719=PLANE('',#5545);
#4720=PLANE('',#5546);
#4721=PLANE('',#5547);
#4722=PLANE('',#5548);
#4723=PLANE('',#5549);
#4724=PLANE('',#5550);
#4725=PLANE('',#5551);
#4726=PLANE('',#5552);
#4727=PLANE('',#5553);
#4728=PLANE('',#5554);
#4729=PLANE('',#5555);
#4730=PLANE('',#5556);
#4731=PLANE('',#5557);
#4732=PLANE('',#5558);
#4733=PLANE('',#5559);
#4734=PLANE('',#5560);
#4735=PLANE('',#5561);
#4736=PLANE('',#5562);
#4737=PLANE('',#5563);
#4738=PLANE('',#5564);
#4739=PLANE('',#5565);
#4740=PLANE('',#5566);
#4741=PLANE('',#5567);
#4742=PLANE('',#5568);
#4743=PLANE('',#5569);
#4744=PLANE('',#5570);
#4745=PLANE('',#5571);
#4746=PLANE('',#5572);
#4747=PLANE('',#5573);
#4748=PLANE('',#5574);
#4749=PLANE('',#5575);
#4750=PLANE('',#5576);
#4751=PLANE('',#5577);
#4752=PLANE('',#5578);
#4753=PLANE('',#5579);
#4754=PLANE('',#5580);
#4755=PLANE('',#5581);
#4756=PLANE('',#5582);
#4757=PLANE('',#5583);
#4758=PLANE('',#5584);
#4759=PLANE('',#5585);
#4760=PLANE('',#5586);
#4761=PLANE('',#5587);
#4762=PLANE('',#5588);
#4763=PLANE('',#5589);
#4764=PLANE('',#5590);
#4765=PLANE('',#5591);
#4766=PLANE('',#5592);
#4767=PLANE('',#5593);
#4768=PLANE('',#5594);
#4769=PLANE('',#5595);
#4770=PLANE('',#5596);
#4771=PLANE('',#5597);
#4772=PLANE('',#5598);
#4773=PLANE('',#5599);
#4774=PLANE('',#5600);
#4775=PLANE('',#5601);
#4776=PLANE('',#5602);
#4777=PLANE('',#5603);
#4778=PLANE('',#5607);
#4779=PLANE('',#5608);
#4780=PLANE('',#5612);
#4781=PLANE('',#5613);
#4782=PLANE('',#5614);
#4783=PLANE('',#5615);
#4784=PLANE('',#5616);
#4785=PLANE('',#5617);
#4786=PLANE('',#5618);
#4787=PLANE('',#5619);
#4788=PLANE('',#5620);
#4789=PLANE('',#5621);
#4790=PLANE('',#5622);
#4791=PLANE('',#5623);
#4792=PLANE('',#5624);
#4793=PLANE('',#5625);
#4794=PLANE('',#5626);
#4795=PLANE('',#5627);
#4796=PLANE('',#5628);
#4797=PLANE('',#5629);
#4798=PLANE('',#5630);
#4799=PLANE('',#5631);
#4800=PLANE('',#5632);
#4801=PLANE('',#5633);
#4802=PLANE('',#5634);
#4803=PLANE('',#5635);
#4804=PLANE('',#5636);
#4805=PLANE('',#5637);
#4806=PLANE('',#5638);
#4807=PLANE('',#5639);
#4808=PLANE('',#5640);
#4809=PLANE('',#5641);
#4810=PLANE('',#5642);
#4811=PLANE('',#5643);
#4812=PLANE('',#5644);
#4813=PLANE('',#5645);
#4814=PLANE('',#5646);
#4815=PLANE('',#5647);
#4816=PLANE('',#5648);
#4817=PLANE('',#5649);
#4818=PLANE('',#5650);
#4819=PLANE('',#5651);
#4820=PLANE('',#5652);
#4821=PLANE('',#5653);
#4822=STYLED_ITEM('',(#8630),#5063);
#4823=STYLED_ITEM('',(#8630),#5064);
#4824=STYLED_ITEM('',(#8630),#5065);
#4825=STYLED_ITEM('',(#8630),#5066);
#4826=STYLED_ITEM('',(#8630),#5067);
#4827=STYLED_ITEM('',(#8630),#5068);
#4828=STYLED_ITEM('',(#8630),#5069);
#4829=STYLED_ITEM('',(#8630),#5070);
#4830=STYLED_ITEM('',(#8630),#5071);
#4831=STYLED_ITEM('',(#8630),#5072);
#4832=STYLED_ITEM('',(#8630),#5073);
#4833=STYLED_ITEM('',(#8630),#5074);
#4834=STYLED_ITEM('',(#8630),#5075);
#4835=STYLED_ITEM('',(#8630),#5076);
#4836=STYLED_ITEM('',(#8630),#5077);
#4837=STYLED_ITEM('',(#8630),#5078);
#4838=STYLED_ITEM('',(#8630),#5079);
#4839=STYLED_ITEM('',(#8630),#5080);
#4840=STYLED_ITEM('',(#8630),#5081);
#4841=STYLED_ITEM('',(#8630),#5082);
#4842=STYLED_ITEM('',(#8630),#5083);
#4843=STYLED_ITEM('',(#8630),#5084);
#4844=STYLED_ITEM('',(#8630),#5085);
#4845=STYLED_ITEM('',(#8630),#5086);
#4846=STYLED_ITEM('',(#8630),#5087);
#4847=STYLED_ITEM('',(#8630),#5088);
#4848=STYLED_ITEM('',(#8630),#5089);
#4849=STYLED_ITEM('',(#8630),#5090);
#4850=STYLED_ITEM('',(#8630),#5091);
#4851=STYLED_ITEM('',(#8630),#5092);
#4852=STYLED_ITEM('',(#8630),#5093);
#4853=STYLED_ITEM('',(#8630),#5094);
#4854=STYLED_ITEM('',(#8630),#5095);
#4855=STYLED_ITEM('',(#8630),#5096);
#4856=STYLED_ITEM('',(#8630),#5097);
#4857=STYLED_ITEM('',(#8630),#5098);
#4858=STYLED_ITEM('',(#8630),#5099);
#4859=STYLED_ITEM('',(#8630),#5100);
#4860=STYLED_ITEM('',(#8630),#5101);
#4861=STYLED_ITEM('',(#8630),#5102);
#4862=STYLED_ITEM('',(#8630),#5103);
#4863=STYLED_ITEM('',(#8630),#5104);
#4864=STYLED_ITEM('',(#8630),#5105);
#4865=STYLED_ITEM('',(#8630),#5106);
#4866=STYLED_ITEM('',(#8630),#5107);
#4867=STYLED_ITEM('',(#8630),#5108);
#4868=STYLED_ITEM('',(#8630),#5109);
#4869=STYLED_ITEM('',(#8630),#5110);
#4870=STYLED_ITEM('',(#8630),#5111);
#4871=STYLED_ITEM('',(#8630),#5112);
#4872=STYLED_ITEM('',(#8630),#5113);
#4873=STYLED_ITEM('',(#8630),#5114);
#4874=STYLED_ITEM('',(#8630),#5115);
#4875=STYLED_ITEM('',(#8630),#5116);
#4876=STYLED_ITEM('',(#8630),#5117);
#4877=STYLED_ITEM('',(#8630),#5118);
#4878=STYLED_ITEM('',(#8630),#5119);
#4879=STYLED_ITEM('',(#8630),#5120);
#4880=STYLED_ITEM('',(#8630),#5121);
#4881=STYLED_ITEM('',(#8630),#5122);
#4882=STYLED_ITEM('',(#8630),#5123);
#4883=STYLED_ITEM('',(#8630),#5124);
#4884=STYLED_ITEM('',(#8630),#5125);
#4885=STYLED_ITEM('',(#8630),#5126);
#4886=STYLED_ITEM('',(#8630),#5127);
#4887=STYLED_ITEM('',(#8630),#5128);
#4888=STYLED_ITEM('',(#8630),#5129);
#4889=STYLED_ITEM('',(#8630),#5130);
#4890=STYLED_ITEM('',(#8630),#5131);
#4891=STYLED_ITEM('',(#8630),#5132);
#4892=STYLED_ITEM('',(#8630),#5133);
#4893=STYLED_ITEM('',(#8630),#5134);
#4894=STYLED_ITEM('',(#8631),#5135);
#4895=STYLED_ITEM('',(#8631),#5136);
#4896=STYLED_ITEM('',(#8631),#5137);
#4897=STYLED_ITEM('',(#8631),#5138);
#4898=STYLED_ITEM('',(#8631),#5139);
#4899=STYLED_ITEM('',(#8631),#5140);
#4900=STYLED_ITEM('',(#8631),#5141);
#4901=STYLED_ITEM('',(#8631),#5142);
#4902=STYLED_ITEM('',(#8631),#5143);
#4903=STYLED_ITEM('',(#8631),#5144);
#4904=STYLED_ITEM('',(#8631),#5145);
#4905=STYLED_ITEM('',(#8631),#5146);
#4906=STYLED_ITEM('',(#8631),#5147);
#4907=STYLED_ITEM('',(#8631),#5148);
#4908=STYLED_ITEM('',(#8631),#5149);
#4909=STYLED_ITEM('',(#8631),#5150);
#4910=STYLED_ITEM('',(#8631),#5151);
#4911=STYLED_ITEM('',(#8631),#5152);
#4912=STYLED_ITEM('',(#8631),#5153);
#4913=STYLED_ITEM('',(#8631),#5154);
#4914=STYLED_ITEM('',(#8631),#5155);
#4915=STYLED_ITEM('',(#8631),#5156);
#4916=STYLED_ITEM('',(#8631),#5157);
#4917=STYLED_ITEM('',(#8631),#5158);
#4918=STYLED_ITEM('',(#8631),#5159);
#4919=STYLED_ITEM('',(#8631),#5160);
#4920=STYLED_ITEM('',(#8631),#5161);
#4921=STYLED_ITEM('',(#8631),#5162);
#4922=STYLED_ITEM('',(#8631),#5163);
#4923=STYLED_ITEM('',(#8631),#5164);
#4924=STYLED_ITEM('',(#8631),#5165);
#4925=STYLED_ITEM('',(#8631),#5166);
#4926=STYLED_ITEM('',(#8631),#5167);
#4927=STYLED_ITEM('',(#8631),#5168);
#4928=STYLED_ITEM('',(#8631),#5169);
#4929=STYLED_ITEM('',(#8631),#5170);
#4930=STYLED_ITEM('',(#8631),#5171);
#4931=STYLED_ITEM('',(#8631),#5172);
#4932=STYLED_ITEM('',(#8631),#5173);
#4933=STYLED_ITEM('',(#8631),#5174);
#4934=STYLED_ITEM('',(#8631),#5175);
#4935=STYLED_ITEM('',(#8631),#5176);
#4936=STYLED_ITEM('',(#8631),#5177);
#4937=STYLED_ITEM('',(#8631),#5178);
#4938=STYLED_ITEM('',(#8631),#5179);
#4939=STYLED_ITEM('',(#8631),#5180);
#4940=STYLED_ITEM('',(#8631),#5181);
#4941=STYLED_ITEM('',(#8631),#5182);
#4942=STYLED_ITEM('',(#8631),#5183);
#4943=STYLED_ITEM('',(#8631),#5184);
#4944=STYLED_ITEM('',(#8631),#5185);
#4945=STYLED_ITEM('',(#8631),#5186);
#4946=STYLED_ITEM('',(#8631),#5187);
#4947=STYLED_ITEM('',(#8631),#5188);
#4948=STYLED_ITEM('',(#8631),#5189);
#4949=STYLED_ITEM('',(#8631),#5190);
#4950=STYLED_ITEM('',(#8631),#5191);
#4951=STYLED_ITEM('',(#8631),#5192);
#4952=STYLED_ITEM('',(#8631),#5193);
#4953=STYLED_ITEM('',(#8631),#5194);
#4954=STYLED_ITEM('',(#8631),#5195);
#4955=STYLED_ITEM('',(#8631),#5196);
#4956=STYLED_ITEM('',(#8631),#5197);
#4957=STYLED_ITEM('',(#8631),#5198);
#4958=STYLED_ITEM('',(#8631),#5199);
#4959=STYLED_ITEM('',(#8631),#5200);
#4960=STYLED_ITEM('',(#8631),#5201);
#4961=STYLED_ITEM('',(#8631),#5202);
#4962=STYLED_ITEM('',(#8631),#5203);
#4963=STYLED_ITEM('',(#8631),#5204);
#4964=STYLED_ITEM('',(#8631),#5205);
#4965=STYLED_ITEM('',(#8631),#5206);
#4966=STYLED_ITEM('',(#8631),#5207);
#4967=STYLED_ITEM('',(#8631),#5208);
#4968=STYLED_ITEM('',(#8631),#5209);
#4969=STYLED_ITEM('',(#8631),#5210);
#4970=STYLED_ITEM('',(#8631),#5211);
#4971=STYLED_ITEM('',(#8631),#5212);
#4972=STYLED_ITEM('',(#8631),#5213);
#4973=STYLED_ITEM('',(#8631),#5214);
#4974=STYLED_ITEM('',(#8631),#5215);
#4975=STYLED_ITEM('',(#8631),#5216);
#4976=STYLED_ITEM('',(#8631),#5217);
#4977=STYLED_ITEM('',(#8631),#5218);
#4978=STYLED_ITEM('',(#8632),#5219);
#4979=STYLED_ITEM('',(#8632),#5221);
#4980=STYLED_ITEM('',(#8632),#5222);
#4981=STYLED_ITEM('',(#8632),#5223);
#4982=STYLED_ITEM('',(#8632),#5225);
#4983=STYLED_ITEM('',(#8632),#5226);
#4984=STYLED_ITEM('',(#8632),#5227);
#4985=STYLED_ITEM('',(#8632),#5229);
#4986=STYLED_ITEM('',(#8632),#5230);
#4987=STYLED_ITEM('',(#8632),#5231);
#4988=STYLED_ITEM('',(#8632),#5233);
#4989=STYLED_ITEM('',(#8632),#5234);
#4990=STYLED_ITEM('',(#8632),#5235);
#4991=STYLED_ITEM('',(#8632),#5237);
#4992=STYLED_ITEM('',(#8632),#5238);
#4993=STYLED_ITEM('',(#8632),#5239);
#4994=STYLED_ITEM('',(#8632),#5241);
#4995=STYLED_ITEM('',(#8632),#5242);
#4996=STYLED_ITEM('',(#8632),#5243);
#4997=STYLED_ITEM('',(#8632),#5244);
#4998=STYLED_ITEM('',(#8632),#5245);
#4999=STYLED_ITEM('',(#8632),#5246);
#5000=STYLED_ITEM('',(#8632),#5247);
#5001=STYLED_ITEM('',(#8632),#5248);
#5002=STYLED_ITEM('',(#8632),#5249);
#5003=STYLED_ITEM('',(#8632),#5250);
#5004=STYLED_ITEM('',(#8632),#5251);
#5005=STYLED_ITEM('',(#8632),#5252);
#5006=STYLED_ITEM('',(#8632),#5253);
#5007=STYLED_ITEM('',(#8632),#5254);
#5008=STYLED_ITEM('',(#8632),#5255);
#5009=STYLED_ITEM('',(#8632),#5256);
#5010=STYLED_ITEM('',(#8632),#5257);
#5011=STYLED_ITEM('',(#8632),#5258);
#5012=STYLED_ITEM('',(#8632),#5259);
#5013=STYLED_ITEM('',(#8632),#5260);
#5014=STYLED_ITEM('',(#8632),#5261);
#5015=STYLED_ITEM('',(#8632),#5262);
#5016=STYLED_ITEM('',(#8632),#5263);
#5017=STYLED_ITEM('',(#8632),#5264);
#5018=STYLED_ITEM('',(#8632),#5265);
#5019=STYLED_ITEM('',(#8632),#5266);
#5020=STYLED_ITEM('',(#8632),#5267);
#5021=STYLED_ITEM('',(#8632),#5268);
#5022=STYLED_ITEM('',(#8632),#5269);
#5023=STYLED_ITEM('',(#8632),#5270);
#5024=STYLED_ITEM('',(#8632),#5271);
#5025=STYLED_ITEM('',(#8633),#5272);
#5026=STYLED_ITEM('',(#8633),#5273);
#5027=STYLED_ITEM('',(#8633),#5274);
#5028=STYLED_ITEM('',(#8633),#5275);
#5029=STYLED_ITEM('',(#8633),#5276);
#5030=STYLED_ITEM('',(#8633),#5277);
#5031=STYLED_ITEM('',(#8633),#5278);
#5032=STYLED_ITEM('',(#8633),#5279);
#5033=STYLED_ITEM('',(#8633),#5280);
#5034=STYLED_ITEM('',(#8634),#5281);
#5035=STYLED_ITEM('',(#8632),#5282);
#5036=STYLED_ITEM('',(#8632),#5283);
#5037=STYLED_ITEM('',(#8632),#5284);
#5038=STYLED_ITEM('',(#8632),#5285);
#5039=STYLED_ITEM('',(#8635),#5286);
#5040=STYLED_ITEM('',(#8634),#5287);
#5041=STYLED_ITEM('',(#8634),#5288);
#5042=STYLED_ITEM('',(#8634),#5289);
#5043=STYLED_ITEM('',(#8634),#5290);
#5044=STYLED_ITEM('',(#8632),#5291);
#5045=STYLED_ITEM('',(#8632),#5292);
#5046=STYLED_ITEM('',(#8632),#5293);
#5047=STYLED_ITEM('',(#8634),#5294);
#5048=STYLED_ITEM('',(#8632),#5295);
#5049=STYLED_ITEM('',(#8632),#5296);
#5050=STYLED_ITEM('',(#8632),#5297);
#5051=STYLED_ITEM('',(#8632),#5298);
#5052=STYLED_ITEM('',(#8632),#5299);
#5053=STYLED_ITEM('',(#8629),#94);
#5054=STYLED_ITEM('',(#8630),#5300);
#5055=STYLED_ITEM('',(#8630),#5301);
#5056=STYLED_ITEM('',(#8630),#5302);
#5057=STYLED_ITEM('',(#8630),#5303);
#5058=STYLED_ITEM('',(#8630),#5304);
#5059=STYLED_ITEM('',(#8630),#5305);
#5060=STYLED_ITEM('',(#8630),#5306);
#5061=STYLED_ITEM('',(#8630),#5307);
#5062=STYLED_ITEM('',(#8630),#5308);
#5063=ADVANCED_FACE('',(#145),#4608,.T.);
#5064=ADVANCED_FACE('',(#146),#4609,.T.);
#5065=ADVANCED_FACE('',(#147),#113,.T.);
#5066=ADVANCED_FACE('',(#148),#4610,.T.);
#5067=ADVANCED_FACE('',(#149),#114,.F.);
#5068=ADVANCED_FACE('',(#150),#4611,.T.);
#5069=ADVANCED_FACE('',(#151),#115,.T.);
#5070=ADVANCED_FACE('',(#152),#4612,.T.);
#5071=ADVANCED_FACE('',(#153),#116,.T.);
#5072=ADVANCED_FACE('',(#154),#4613,.T.);
#5073=ADVANCED_FACE('',(#155),#117,.T.);
#5074=ADVANCED_FACE('',(#156),#4614,.F.);
#5075=ADVANCED_FACE('',(#157),#4615,.T.);
#5076=ADVANCED_FACE('',(#158),#4616,.T.);
#5077=ADVANCED_FACE('',(#159),#118,.T.);
#5078=ADVANCED_FACE('',(#160),#4617,.T.);
#5079=ADVANCED_FACE('',(#161),#119,.F.);
#5080=ADVANCED_FACE('',(#162),#4618,.T.);
#5081=ADVANCED_FACE('',(#163),#120,.T.);
#5082=ADVANCED_FACE('',(#164),#4619,.T.);
#5083=ADVANCED_FACE('',(#165),#121,.T.);
#5084=ADVANCED_FACE('',(#166),#4620,.T.);
#5085=ADVANCED_FACE('',(#167),#122,.T.);
#5086=ADVANCED_FACE('',(#168),#4621,.F.);
#5087=ADVANCED_FACE('',(#169),#4622,.T.);
#5088=ADVANCED_FACE('',(#170),#4623,.T.);
#5089=ADVANCED_FACE('',(#171),#123,.T.);
#5090=ADVANCED_FACE('',(#172),#4624,.T.);
#5091=ADVANCED_FACE('',(#173),#124,.F.);
#5092=ADVANCED_FACE('',(#174),#4625,.T.);
#5093=ADVANCED_FACE('',(#175),#125,.T.);
#5094=ADVANCED_FACE('',(#176),#4626,.T.);
#5095=ADVANCED_FACE('',(#177),#126,.T.);
#5096=ADVANCED_FACE('',(#178),#4627,.T.);
#5097=ADVANCED_FACE('',(#179),#127,.T.);
#5098=ADVANCED_FACE('',(#180),#4628,.F.);
#5099=ADVANCED_FACE('',(#181),#4629,.T.);
#5100=ADVANCED_FACE('',(#182),#4630,.T.);
#5101=ADVANCED_FACE('',(#183),#128,.T.);
#5102=ADVANCED_FACE('',(#184),#4631,.T.);
#5103=ADVANCED_FACE('',(#185),#129,.F.);
#5104=ADVANCED_FACE('',(#186),#4632,.T.);
#5105=ADVANCED_FACE('',(#187),#130,.T.);
#5106=ADVANCED_FACE('',(#188),#4633,.T.);
#5107=ADVANCED_FACE('',(#189),#131,.T.);
#5108=ADVANCED_FACE('',(#190),#4634,.T.);
#5109=ADVANCED_FACE('',(#191),#132,.T.);
#5110=ADVANCED_FACE('',(#192),#4635,.F.);
#5111=ADVANCED_FACE('',(#193),#4636,.T.);
#5112=ADVANCED_FACE('',(#194),#4637,.T.);
#5113=ADVANCED_FACE('',(#195),#133,.T.);
#5114=ADVANCED_FACE('',(#196),#4638,.T.);
#5115=ADVANCED_FACE('',(#197),#134,.F.);
#5116=ADVANCED_FACE('',(#198),#4639,.T.);
#5117=ADVANCED_FACE('',(#199),#135,.T.);
#5118=ADVANCED_FACE('',(#200),#4640,.T.);
#5119=ADVANCED_FACE('',(#201),#136,.T.);
#5120=ADVANCED_FACE('',(#202),#4641,.T.);
#5121=ADVANCED_FACE('',(#203),#137,.T.);
#5122=ADVANCED_FACE('',(#204),#4642,.F.);
#5123=ADVANCED_FACE('',(#205),#4643,.T.);
#5124=ADVANCED_FACE('',(#206),#4644,.T.);
#5125=ADVANCED_FACE('',(#207),#138,.T.);
#5126=ADVANCED_FACE('',(#208),#4645,.T.);
#5127=ADVANCED_FACE('',(#209),#139,.F.);
#5128=ADVANCED_FACE('',(#210),#4646,.T.);
#5129=ADVANCED_FACE('',(#211),#140,.T.);
#5130=ADVANCED_FACE('',(#212),#4647,.T.);
#5131=ADVANCED_FACE('',(#213),#141,.T.);
#5132=ADVANCED_FACE('',(#214),#4648,.T.);
#5133=ADVANCED_FACE('',(#215),#142,.T.);
#5134=ADVANCED_FACE('',(#216),#4649,.F.);
#5135=ADVANCED_FACE('',(#217),#4650,.T.);
#5136=ADVANCED_FACE('',(#218),#4651,.T.);
#5137=ADVANCED_FACE('',(#219),#4652,.T.);
#5138=ADVANCED_FACE('',(#220),#4653,.T.);
#5139=ADVANCED_FACE('',(#221),#4654,.T.);
#5140=ADVANCED_FACE('',(#222),#4655,.T.);
#5141=ADVANCED_FACE('',(#223),#4656,.T.);
#5142=ADVANCED_FACE('',(#224),#4657,.T.);
#5143=ADVANCED_FACE('',(#225),#4658,.T.);
#5144=ADVANCED_FACE('',(#226),#4659,.T.);
#5145=ADVANCED_FACE('',(#227),#4660,.T.);
#5146=ADVANCED_FACE('',(#228),#4661,.T.);
#5147=ADVANCED_FACE('',(#229),#4662,.T.);
#5148=ADVANCED_FACE('',(#230),#4663,.T.);
#5149=ADVANCED_FACE('',(#231),#4664,.T.);
#5150=ADVANCED_FACE('',(#232),#4665,.T.);
#5151=ADVANCED_FACE('',(#233),#4666,.T.);
#5152=ADVANCED_FACE('',(#234),#4667,.T.);
#5153=ADVANCED_FACE('',(#235),#4668,.T.);
#5154=ADVANCED_FACE('',(#236),#4669,.T.);
#5155=ADVANCED_FACE('',(#237),#4670,.T.);
#5156=ADVANCED_FACE('',(#238),#4671,.T.);
#5157=ADVANCED_FACE('',(#239),#4672,.T.);
#5158=ADVANCED_FACE('',(#240),#4673,.T.);
#5159=ADVANCED_FACE('',(#241),#4674,.T.);
#5160=ADVANCED_FACE('',(#242),#4675,.T.);
#5161=ADVANCED_FACE('',(#243),#4676,.T.);
#5162=ADVANCED_FACE('',(#244),#4677,.T.);
#5163=ADVANCED_FACE('',(#245),#4678,.T.);
#5164=ADVANCED_FACE('',(#246),#4679,.T.);
#5165=ADVANCED_FACE('',(#247),#4680,.T.);
#5166=ADVANCED_FACE('',(#248),#4681,.T.);
#5167=ADVANCED_FACE('',(#249),#4682,.T.);
#5168=ADVANCED_FACE('',(#250),#4683,.T.);
#5169=ADVANCED_FACE('',(#251),#4684,.T.);
#5170=ADVANCED_FACE('',(#252),#4685,.T.);
#5171=ADVANCED_FACE('',(#253),#4686,.T.);
#5172=ADVANCED_FACE('',(#254),#4687,.T.);
#5173=ADVANCED_FACE('',(#255),#4688,.T.);
#5174=ADVANCED_FACE('',(#256),#4689,.T.);
#5175=ADVANCED_FACE('',(#257),#4690,.T.);
#5176=ADVANCED_FACE('',(#258),#4691,.T.);
#5177=ADVANCED_FACE('',(#259),#4692,.T.);
#5178=ADVANCED_FACE('',(#260),#4693,.T.);
#5179=ADVANCED_FACE('',(#261),#4694,.T.);
#5180=ADVANCED_FACE('',(#262),#4695,.T.);
#5181=ADVANCED_FACE('',(#263),#4696,.T.);
#5182=ADVANCED_FACE('',(#264),#4697,.T.);
#5183=ADVANCED_FACE('',(#265),#4698,.T.);
#5184=ADVANCED_FACE('',(#266),#4699,.T.);
#5185=ADVANCED_FACE('',(#267),#4700,.T.);
#5186=ADVANCED_FACE('',(#268),#4701,.T.);
#5187=ADVANCED_FACE('',(#269),#4702,.T.);
#5188=ADVANCED_FACE('',(#270),#4703,.T.);
#5189=ADVANCED_FACE('',(#271),#4704,.T.);
#5190=ADVANCED_FACE('',(#272),#4705,.T.);
#5191=ADVANCED_FACE('',(#273),#4706,.T.);
#5192=ADVANCED_FACE('',(#274),#4707,.T.);
#5193=ADVANCED_FACE('',(#275),#4708,.T.);
#5194=ADVANCED_FACE('',(#276),#4709,.T.);
#5195=ADVANCED_FACE('',(#277),#4710,.T.);
#5196=ADVANCED_FACE('',(#278),#4711,.T.);
#5197=ADVANCED_FACE('',(#279),#4712,.T.);
#5198=ADVANCED_FACE('',(#280),#4713,.T.);
#5199=ADVANCED_FACE('',(#281),#4714,.T.);
#5200=ADVANCED_FACE('',(#282),#4715,.T.);
#5201=ADVANCED_FACE('',(#283),#4716,.T.);
#5202=ADVANCED_FACE('',(#284),#4717,.T.);
#5203=ADVANCED_FACE('',(#285),#4718,.T.);
#5204=ADVANCED_FACE('',(#286),#4719,.T.);
#5205=ADVANCED_FACE('',(#287),#4720,.T.);
#5206=ADVANCED_FACE('',(#288),#4721,.T.);
#5207=ADVANCED_FACE('',(#289),#4722,.T.);
#5208=ADVANCED_FACE('',(#290),#4723,.T.);
#5209=ADVANCED_FACE('',(#291),#4724,.T.);
#5210=ADVANCED_FACE('',(#292),#4725,.T.);
#5211=ADVANCED_FACE('',(#293),#4726,.T.);
#5212=ADVANCED_FACE('',(#294),#4727,.T.);
#5213=ADVANCED_FACE('',(#295),#4728,.T.);
#5214=ADVANCED_FACE('',(#296),#4729,.T.);
#5215=ADVANCED_FACE('',(#297),#4730,.T.);
#5216=ADVANCED_FACE('',(#298),#4731,.T.);
#5217=ADVANCED_FACE('',(#299),#4732,.T.);
#5218=ADVANCED_FACE('',(#300),#4733,.T.);
#5219=ADVANCED_FACE('',(#301),#4734,.F.);
#5220=ADVANCED_FACE('',(#302),#4735,.F.);
#5221=ADVANCED_FACE('',(#303),#4736,.F.);
#5222=ADVANCED_FACE('',(#304),#4737,.F.);
#5223=ADVANCED_FACE('',(#305),#4738,.F.);
#5224=ADVANCED_FACE('',(#306),#4739,.F.);
#5225=ADVANCED_FACE('',(#307),#4740,.F.);
#5226=ADVANCED_FACE('',(#308),#4741,.F.);
#5227=ADVANCED_FACE('',(#309),#4742,.F.);
#5228=ADVANCED_FACE('',(#310),#4743,.F.);
#5229=ADVANCED_FACE('',(#311),#4744,.F.);
#5230=ADVANCED_FACE('',(#312),#4745,.F.);
#5231=ADVANCED_FACE('',(#313),#4746,.F.);
#5232=ADVANCED_FACE('',(#314),#4747,.F.);
#5233=ADVANCED_FACE('',(#315),#4748,.F.);
#5234=ADVANCED_FACE('',(#316),#4749,.F.);
#5235=ADVANCED_FACE('',(#317),#4750,.F.);
#5236=ADVANCED_FACE('',(#318),#4751,.F.);
#5237=ADVANCED_FACE('',(#319),#4752,.F.);
#5238=ADVANCED_FACE('',(#320),#4753,.F.);
#5239=ADVANCED_FACE('',(#321),#4754,.F.);
#5240=ADVANCED_FACE('',(#322),#4755,.F.);
#5241=ADVANCED_FACE('',(#323),#4756,.F.);
#5242=ADVANCED_FACE('',(#324),#4757,.F.);
#5243=ADVANCED_FACE('',(#325),#4758,.F.);
#5244=ADVANCED_FACE('',(#326),#4759,.F.);
#5245=ADVANCED_FACE('',(#327),#4760,.F.);
#5246=ADVANCED_FACE('',(#328),#4761,.F.);
#5247=ADVANCED_FACE('',(#329),#4762,.F.);
#5248=ADVANCED_FACE('',(#330),#4763,.F.);
#5249=ADVANCED_FACE('',(#331),#4764,.F.);
#5250=ADVANCED_FACE('',(#332),#4765,.F.);
#5251=ADVANCED_FACE('',(#333),#4766,.F.);
#5252=ADVANCED_FACE('',(#334),#4767,.F.);
#5253=ADVANCED_FACE('',(#335),#4768,.F.);
#5254=ADVANCED_FACE('',(#336),#4769,.F.);
#5255=ADVANCED_FACE('',(#337),#4770,.F.);
#5256=ADVANCED_FACE('',(#338),#4771,.F.);
#5257=ADVANCED_FACE('',(#339),#4772,.F.);
#5258=ADVANCED_FACE('',(#340),#4773,.F.);
#5259=ADVANCED_FACE('',(#341),#4774,.F.);
#5260=ADVANCED_FACE('',(#342),#4775,.F.);
#5261=ADVANCED_FACE('',(#343),#4776,.F.);
#5262=ADVANCED_FACE('',(#344),#4777,.T.);
#5263=ADVANCED_FACE('',(#345),#143,.T.);
#5264=ADVANCED_FACE('',(#346),#4778,.F.);
#5265=ADVANCED_FACE('',(#347),#4779,.T.);
#5266=ADVANCED_FACE('',(#348),#144,.T.);
#5267=ADVANCED_FACE('',(#349),#4780,.F.);
#5268=ADVANCED_FACE('',(#350),#4781,.F.);
#5269=ADVANCED_FACE('',(#351),#4782,.T.);
#5270=ADVANCED_FACE('',(#352),#4783,.T.);
#5271=ADVANCED_FACE('',(#353),#4784,.T.);
#5272=ADVANCED_FACE('',(#354),#4785,.T.);
#5273=ADVANCED_FACE('',(#355),#4786,.T.);
#5274=ADVANCED_FACE('',(#356),#4787,.T.);
#5275=ADVANCED_FACE('',(#357),#4788,.T.);
#5276=ADVANCED_FACE('',(#358),#4789,.T.);
#5277=ADVANCED_FACE('',(#359),#4790,.T.);
#5278=ADVANCED_FACE('',(#360),#4791,.T.);
#5279=ADVANCED_FACE('',(#361),#4792,.T.);
#5280=ADVANCED_FACE('',(#362,#95),#4793,.F.);
#5281=ADVANCED_FACE('',(#363,#96,#97,#98,#99,#100,#101,#102,#103,#104,#105,
#106,#107,#108),#4794,.F.);
#5282=ADVANCED_FACE('',(#364),#4795,.F.);
#5283=ADVANCED_FACE('',(#365),#4796,.F.);
#5284=ADVANCED_FACE('',(#366),#4797,.F.);
#5285=ADVANCED_FACE('',(#367),#4798,.F.);
#5286=ADVANCED_FACE('',(#368),#4799,.F.);
#5287=ADVANCED_FACE('',(#369),#4800,.T.);
#5288=ADVANCED_FACE('',(#370),#4801,.T.);
#5289=ADVANCED_FACE('',(#371),#4802,.T.);
#5290=ADVANCED_FACE('',(#372),#4803,.F.);
#5291=ADVANCED_FACE('',(#373),#4804,.F.);
#5292=ADVANCED_FACE('',(#374,#109),#4805,.F.);
#5293=ADVANCED_FACE('',(#375),#4806,.F.);
#5294=ADVANCED_FACE('',(#376),#4807,.F.);
#5295=ADVANCED_FACE('',(#377),#4808,.F.);
#5296=ADVANCED_FACE('',(#378),#4809,.F.);
#5297=ADVANCED_FACE('',(#379),#4810,.F.);
#5298=ADVANCED_FACE('',(#380),#4811,.T.);
#5299=ADVANCED_FACE('',(#381),#4812,.T.);
#5300=ADVANCED_FACE('',(#382),#4813,.T.);
#5301=ADVANCED_FACE('',(#383),#4814,.T.);
#5302=ADVANCED_FACE('',(#384),#4815,.T.);
#5303=ADVANCED_FACE('',(#385),#4816,.T.);
#5304=ADVANCED_FACE('',(#386,#110),#4817,.T.);
#5305=ADVANCED_FACE('',(#387,#111),#4818,.T.);
#5306=ADVANCED_FACE('',(#388),#4819,.T.);
#5307=ADVANCED_FACE('',(#389,#112),#4820,.F.);
#5308=ADVANCED_FACE('',(#390),#4821,.T.);
#5309=CLOSED_SHELL('',(#5063,#5064,#5065,#5066,#5067,#5068,#5069,#5070,
#5071,#5072,#5073,#5074,#5075,#5076,#5077,#5078,#5079,#5080,#5081,#5082,
#5083,#5084,#5085,#5086,#5087,#5088,#5089,#5090,#5091,#5092,#5093,#5094,
#5095,#5096,#5097,#5098,#5099,#5100,#5101,#5102,#5103,#5104,#5105,#5106,
#5107,#5108,#5109,#5110,#5111,#5112,#5113,#5114,#5115,#5116,#5117,#5118,
#5119,#5120,#5121,#5122,#5123,#5124,#5125,#5126,#5127,#5128,#5129,#5130,
#5131,#5132,#5133,#5134,#5135,#5136,#5137,#5138,#5139,#5140,#5141,#5142,
#5143,#5144,#5145,#5146,#5147,#5148,#5149,#5150,#5151,#5152,#5153,#5154,
#5155,#5156,#5157,#5158,#5159,#5160,#5161,#5162,#5163,#5164,#5165,#5166,
#5167,#5168,#5169,#5170,#5171,#5172,#5173,#5174,#5175,#5176,#5177,#5178,
#5179,#5180,#5181,#5182,#5183,#5184,#5185,#5186,#5187,#5188,#5189,#5190,
#5191,#5192,#5193,#5194,#5195,#5196,#5197,#5198,#5199,#5200,#5201,#5202,
#5203,#5204,#5205,#5206,#5207,#5208,#5209,#5210,#5211,#5212,#5213,#5214,
#5215,#5216,#5217,#5218,#5219,#5220,#5221,#5222,#5223,#5224,#5225,#5226,
#5227,#5228,#5229,#5230,#5231,#5232,#5233,#5234,#5235,#5236,#5237,#5238,
#5239,#5240,#5241,#5242,#5243,#5244,#5245,#5246,#5247,#5248,#5249,#5250,
#5251,#5252,#5253,#5254,#5255,#5256,#5257,#5258,#5259,#5260,#5261,#5262,
#5263,#5264,#5265,#5266,#5267,#5268,#5269,#5270,#5271,#5272,#5273,#5274,
#5275,#5276,#5277,#5278,#5279,#5280,#5281,#5282,#5283,#5284,#5285,#5286,
#5287,#5288,#5289,#5290,#5291,#5292,#5293,#5294,#5295,#5296,#5297,#5298,
#5299));
#5310=DERIVED_UNIT_ELEMENT(#5313,1.);
#5311=DERIVED_UNIT_ELEMENT(#8615,-3.);
#5312=DIMENSIONAL_EXPONENTS(1.,0.,0.,0.,0.,0.,0.);
#5313=(
CONVERSION_BASED_UNIT('gram',#5315)
MASS_UNIT()
NAMED_UNIT(#5312)
);
#5314=(
MASS_UNIT()
NAMED_UNIT(*)
SI_UNIT(.KILO.,.GRAM.)
);
#5315=MASS_MEASURE_WITH_UNIT(MASS_MEASURE(0.001),#5314);
#5316=DERIVED_UNIT((#5310,#5311));
#5317=MEASURE_REPRESENTATION_ITEM('density measure',
POSITIVE_RATIO_MEASURE(1.),#5316);
#5318=PROPERTY_DEFINITION_REPRESENTATION(#5323,#5320);
#5319=PROPERTY_DEFINITION_REPRESENTATION(#5324,#5321);
#5320=REPRESENTATION('material name',(#5322),#8612);
#5321=REPRESENTATION('density',(#5317),#8612);
#5322=DESCRIPTIVE_REPRESENTATION_ITEM('Generic','Generic');
#5323=PROPERTY_DEFINITION('material property','material name',#8622);
#5324=PROPERTY_DEFINITION('material property','density of part',#8622);
#5325=DATE_TIME_ROLE('creation_date');
#5326=APPLIED_DATE_AND_TIME_ASSIGNMENT(#5327,#5325,(#8622));
#5327=DATE_AND_TIME(#5328,#5329);
#5328=CALENDAR_DATE(2024,1,2);
#5329=LOCAL_TIME(0,0,0.,#5330);
#5330=COORDINATED_UNIVERSAL_TIME_OFFSET(0,0,.BEHIND.);
#5331=AXIS2_PLACEMENT_3D('placement',#6910,#5654,#5655);
#5332=AXIS2_PLACEMENT_3D('',#6911,#5656,#5657);
#5333=AXIS2_PLACEMENT_3D('',#6920,#5661,#5662);
#5334=AXIS2_PLACEMENT_3D('',#6924,#5664,#5665);
#5335=AXIS2_PLACEMENT_3D('',#6927,#5667,#5668);
#5336=AXIS2_PLACEMENT_3D('',#6928,#5669,#5670);
#5337=AXIS2_PLACEMENT_3D('',#6937,#5675,#5676);
#5338=AXIS2_PLACEMENT_3D('',#6939,#5677,#5678);
#5339=AXIS2_PLACEMENT_3D('',#6941,#5679,#5680);
#5340=AXIS2_PLACEMENT_3D('',#6943,#5682,#5683);
#5341=AXIS2_PLACEMENT_3D('',#6949,#5687,#5688);
#5342=AXIS2_PLACEMENT_3D('',#6952,#5689,#5690);
#5343=AXIS2_PLACEMENT_3D('',#6953,#5691,#5692);
#5344=AXIS2_PLACEMENT_3D('',#6954,#5693,#5694);
#5345=AXIS2_PLACEMENT_3D('',#6956,#5696,#5697);
#5346=AXIS2_PLACEMENT_3D('',#6960,#5700,#5701);
#5347=AXIS2_PLACEMENT_3D('',#6962,#5702,#5703);
#5348=AXIS2_PLACEMENT_3D('',#6964,#5705,#5706);
#5349=AXIS2_PLACEMENT_3D('',#6968,#5709,#5710);
#5350=AXIS2_PLACEMENT_3D('',#6970,#5711,#5712);
#5351=AXIS2_PLACEMENT_3D('',#6972,#5714,#5715);
#5352=AXIS2_PLACEMENT_3D('',#6980,#5720,#5721);
#5353=AXIS2_PLACEMENT_3D('',#6982,#5722,#5723);
#5354=AXIS2_PLACEMENT_3D('',#6984,#5724,#5725);
#5355=AXIS2_PLACEMENT_3D('',#6986,#5727,#5728);
#5356=AXIS2_PLACEMENT_3D('',#6990,#5731,#5732);
#5357=AXIS2_PLACEMENT_3D('',#6999,#5736,#5737);
#5358=AXIS2_PLACEMENT_3D('',#7003,#5739,#5740);
#5359=AXIS2_PLACEMENT_3D('',#7006,#5742,#5743);
#5360=AXIS2_PLACEMENT_3D('',#7007,#5744,#5745);
#5361=AXIS2_PLACEMENT_3D('',#7016,#5750,#5751);
#5362=AXIS2_PLACEMENT_3D('',#7018,#5752,#5753);
#5363=AXIS2_PLACEMENT_3D('',#7020,#5754,#5755);
#5364=AXIS2_PLACEMENT_3D('',#7022,#5757,#5758);
#5365=AXIS2_PLACEMENT_3D('',#7028,#5762,#5763);
#5366=AXIS2_PLACEMENT_3D('',#7031,#5764,#5765);
#5367=AXIS2_PLACEMENT_3D('',#7032,#5766,#5767);
#5368=AXIS2_PLACEMENT_3D('',#7033,#5768,#5769);
#5369=AXIS2_PLACEMENT_3D('',#7035,#5771,#5772);
#5370=AXIS2_PLACEMENT_3D('',#7039,#5775,#5776);
#5371=AXIS2_PLACEMENT_3D('',#7041,#5777,#5778);
#5372=AXIS2_PLACEMENT_3D('',#7043,#5780,#5781);
#5373=AXIS2_PLACEMENT_3D('',#7047,#5784,#5785);
#5374=AXIS2_PLACEMENT_3D('',#7049,#5786,#5787);
#5375=AXIS2_PLACEMENT_3D('',#7051,#5789,#5790);
#5376=AXIS2_PLACEMENT_3D('',#7059,#5795,#5796);
#5377=AXIS2_PLACEMENT_3D('',#7061,#5797,#5798);
#5378=AXIS2_PLACEMENT_3D('',#7063,#5799,#5800);
#5379=AXIS2_PLACEMENT_3D('',#7065,#5802,#5803);
#5380=AXIS2_PLACEMENT_3D('',#7069,#5806,#5807);
#5381=AXIS2_PLACEMENT_3D('',#7078,#5811,#5812);
#5382=AXIS2_PLACEMENT_3D('',#7082,#5814,#5815);
#5383=AXIS2_PLACEMENT_3D('',#7085,#5817,#5818);
#5384=AXIS2_PLACEMENT_3D('',#7086,#5819,#5820);
#5385=AXIS2_PLACEMENT_3D('',#7095,#5825,#5826);
#5386=AXIS2_PLACEMENT_3D('',#7097,#5827,#5828);
#5387=AXIS2_PLACEMENT_3D('',#7099,#5829,#5830);
#5388=AXIS2_PLACEMENT_3D('',#7101,#5832,#5833);
#5389=AXIS2_PLACEMENT_3D('',#7107,#5837,#5838);
#5390=AXIS2_PLACEMENT_3D('',#7110,#5839,#5840);
#5391=AXIS2_PLACEMENT_3D('',#7111,#5841,#5842);
#5392=AXIS2_PLACEMENT_3D('',#7112,#5843,#5844);
#5393=AXIS2_PLACEMENT_3D('',#7114,#5846,#5847);
#5394=AXIS2_PLACEMENT_3D('',#7118,#5850,#5851);
#5395=AXIS2_PLACEMENT_3D('',#7120,#5852,#5853);
#5396=AXIS2_PLACEMENT_3D('',#7122,#5855,#5856);
#5397=AXIS2_PLACEMENT_3D('',#7126,#5859,#5860);
#5398=AXIS2_PLACEMENT_3D('',#7128,#5861,#5862);
#5399=AXIS2_PLACEMENT_3D('',#7130,#5864,#5865);
#5400=AXIS2_PLACEMENT_3D('',#7138,#5870,#5871);
#5401=AXIS2_PLACEMENT_3D('',#7140,#5872,#5873);
#5402=AXIS2_PLACEMENT_3D('',#7142,#5874,#5875);
#5403=AXIS2_PLACEMENT_3D('',#7144,#5877,#5878);
#5404=AXIS2_PLACEMENT_3D('',#7148,#5881,#5882);
#5405=AXIS2_PLACEMENT_3D('',#7157,#5886,#5887);
#5406=AXIS2_PLACEMENT_3D('',#7161,#5889,#5890);
#5407=AXIS2_PLACEMENT_3D('',#7164,#5892,#5893);
#5408=AXIS2_PLACEMENT_3D('',#7165,#5894,#5895);
#5409=AXIS2_PLACEMENT_3D('',#7174,#5900,#5901);
#5410=AXIS2_PLACEMENT_3D('',#7176,#5902,#5903);
#5411=AXIS2_PLACEMENT_3D('',#7178,#5904,#5905);
#5412=AXIS2_PLACEMENT_3D('',#7180,#5907,#5908);
#5413=AXIS2_PLACEMENT_3D('',#7186,#5912,#5913);
#5414=AXIS2_PLACEMENT_3D('',#7189,#5914,#5915);
#5415=AXIS2_PLACEMENT_3D('',#7190,#5916,#5917);
#5416=AXIS2_PLACEMENT_3D('',#7191,#5918,#5919);
#5417=AXIS2_PLACEMENT_3D('',#7193,#5921,#5922);
#5418=AXIS2_PLACEMENT_3D('',#7197,#5925,#5926);
#5419=AXIS2_PLACEMENT_3D('',#7199,#5927,#5928);
#5420=AXIS2_PLACEMENT_3D('',#7201,#5930,#5931);
#5421=AXIS2_PLACEMENT_3D('',#7205,#5934,#5935);
#5422=AXIS2_PLACEMENT_3D('',#7207,#5936,#5937);
#5423=AXIS2_PLACEMENT_3D('',#7209,#5939,#5940);
#5424=AXIS2_PLACEMENT_3D('',#7217,#5945,#5946);
#5425=AXIS2_PLACEMENT_3D('',#7219,#5947,#5948);
#5426=AXIS2_PLACEMENT_3D('',#7221,#5949,#5950);
#5427=AXIS2_PLACEMENT_3D('',#7223,#5952,#5953);
#5428=AXIS2_PLACEMENT_3D('',#7227,#5956,#5957);
#5429=AXIS2_PLACEMENT_3D('',#7236,#5961,#5962);
#5430=AXIS2_PLACEMENT_3D('',#7240,#5964,#5965);
#5431=AXIS2_PLACEMENT_3D('',#7243,#5967,#5968);
#5432=AXIS2_PLACEMENT_3D('',#7244,#5969,#5970);
#5433=AXIS2_PLACEMENT_3D('',#7253,#5975,#5976);
#5434=AXIS2_PLACEMENT_3D('',#7255,#5977,#5978);
#5435=AXIS2_PLACEMENT_3D('',#7257,#5979,#5980);
#5436=AXIS2_PLACEMENT_3D('',#7259,#5982,#5983);
#5437=AXIS2_PLACEMENT_3D('',#7265,#5987,#5988);
#5438=AXIS2_PLACEMENT_3D('',#7268,#5989,#5990);
#5439=AXIS2_PLACEMENT_3D('',#7269,#5991,#5992);
#5440=AXIS2_PLACEMENT_3D('',#7270,#5993,#5994);
#5441=AXIS2_PLACEMENT_3D('',#7272,#5996,#5997);
#5442=AXIS2_PLACEMENT_3D('',#7276,#6000,#6001);
#5443=AXIS2_PLACEMENT_3D('',#7278,#6002,#6003);
#5444=AXIS2_PLACEMENT_3D('',#7280,#6005,#6006);
#5445=AXIS2_PLACEMENT_3D('',#7284,#6009,#6010);
#5446=AXIS2_PLACEMENT_3D('',#7286,#6011,#6012);
#5447=AXIS2_PLACEMENT_3D('',#7288,#6014,#6015);
#5448=AXIS2_PLACEMENT_3D('',#7296,#6020,#6021);
#5449=AXIS2_PLACEMENT_3D('',#7298,#6022,#6023);
#5450=AXIS2_PLACEMENT_3D('',#7300,#6024,#6025);
#5451=AXIS2_PLACEMENT_3D('',#7302,#6027,#6028);
#5452=AXIS2_PLACEMENT_3D('',#7306,#6031,#6032);
#5453=AXIS2_PLACEMENT_3D('',#7315,#6036,#6037);
#5454=AXIS2_PLACEMENT_3D('',#7319,#6039,#6040);
#5455=AXIS2_PLACEMENT_3D('',#7322,#6042,#6043);
#5456=AXIS2_PLACEMENT_3D('',#7323,#6044,#6045);
#5457=AXIS2_PLACEMENT_3D('',#7332,#6050,#6051);
#5458=AXIS2_PLACEMENT_3D('',#7334,#6052,#6053);
#5459=AXIS2_PLACEMENT_3D('',#7336,#6054,#6055);
#5460=AXIS2_PLACEMENT_3D('',#7338,#6057,#6058);
#5461=AXIS2_PLACEMENT_3D('',#7344,#6062,#6063);
#5462=AXIS2_PLACEMENT_3D('',#7347,#6064,#6065);
#5463=AXIS2_PLACEMENT_3D('',#7348,#6066,#6067);
#5464=AXIS2_PLACEMENT_3D('',#7349,#6068,#6069);
#5465=AXIS2_PLACEMENT_3D('',#7351,#6071,#6072);
#5466=AXIS2_PLACEMENT_3D('',#7355,#6075,#6076);
#5467=AXIS2_PLACEMENT_3D('',#7357,#6077,#6078);
#5468=AXIS2_PLACEMENT_3D('',#7359,#6080,#6081);
#5469=AXIS2_PLACEMENT_3D('',#7363,#6084,#6085);
#5470=AXIS2_PLACEMENT_3D('',#7365,#6086,#6087);
#5471=AXIS2_PLACEMENT_3D('',#7367,#6089,#6090);
#5472=AXIS2_PLACEMENT_3D('',#7375,#6095,#6096);
#5473=AXIS2_PLACEMENT_3D('',#7377,#6097,#6098);
#5474=AXIS2_PLACEMENT_3D('',#7379,#6099,#6100);
#5475=AXIS2_PLACEMENT_3D('',#7381,#6102,#6103);
#5476=AXIS2_PLACEMENT_3D('',#7385,#6106,#6107);
#5477=AXIS2_PLACEMENT_3D('',#7394,#6112,#6113);
#5478=AXIS2_PLACEMENT_3D('',#7404,#6119,#6120);
#5479=AXIS2_PLACEMENT_3D('',#7408,#6123,#6124);
#5480=AXIS2_PLACEMENT_3D('',#7412,#6127,#6128);
#5481=AXIS2_PLACEMENT_3D('',#7416,#6131,#6132);
#5482=AXIS2_PLACEMENT_3D('',#7420,#6135,#6136);
#5483=AXIS2_PLACEMENT_3D('',#7422,#6138,#6139);
#5484=AXIS2_PLACEMENT_3D('',#7431,#6144,#6145);
#5485=AXIS2_PLACEMENT_3D('',#7441,#6151,#6152);
#5486=AXIS2_PLACEMENT_3D('',#7445,#6155,#6156);
#5487=AXIS2_PLACEMENT_3D('',#7449,#6159,#6160);
#5488=AXIS2_PLACEMENT_3D('',#7453,#6163,#6164);
#5489=AXIS2_PLACEMENT_3D('',#7457,#6167,#6168);
#5490=AXIS2_PLACEMENT_3D('',#7459,#6170,#6171);
#5491=AXIS2_PLACEMENT_3D('',#7468,#6176,#6177);
#5492=AXIS2_PLACEMENT_3D('',#7478,#6183,#6184);
#5493=AXIS2_PLACEMENT_3D('',#7482,#6187,#6188);
#5494=AXIS2_PLACEMENT_3D('',#7486,#6191,#6192);
#5495=AXIS2_PLACEMENT_3D('',#7490,#6195,#6196);
#5496=AXIS2_PLACEMENT_3D('',#7494,#6199,#6200);
#5497=AXIS2_PLACEMENT_3D('',#7496,#6202,#6203);
#5498=AXIS2_PLACEMENT_3D('',#7505,#6208,#6209);
#5499=AXIS2_PLACEMENT_3D('',#7515,#6215,#6216);
#5500=AXIS2_PLACEMENT_3D('',#7519,#6219,#6220);
#5501=AXIS2_PLACEMENT_3D('',#7523,#6223,#6224);
#5502=AXIS2_PLACEMENT_3D('',#7527,#6227,#6228);
#5503=AXIS2_PLACEMENT_3D('',#7531,#6231,#6232);
#5504=AXIS2_PLACEMENT_3D('',#7533,#6234,#6235);
#5505=AXIS2_PLACEMENT_3D('',#7542,#6240,#6241);
#5506=AXIS2_PLACEMENT_3D('',#7552,#6247,#6248);
#5507=AXIS2_PLACEMENT_3D('',#7556,#6251,#6252);
#5508=AXIS2_PLACEMENT_3D('',#7560,#6255,#6256);
#5509=AXIS2_PLACEMENT_3D('',#7564,#6259,#6260);
#5510=AXIS2_PLACEMENT_3D('',#7568,#6263,#6264);
#5511=AXIS2_PLACEMENT_3D('',#7570,#6266,#6267);
#5512=AXIS2_PLACEMENT_3D('',#7579,#6272,#6273);
#5513=AXIS2_PLACEMENT_3D('',#7589,#6279,#6280);
#5514=AXIS2_PLACEMENT_3D('',#7593,#6283,#6284);
#5515=AXIS2_PLACEMENT_3D('',#7597,#6287,#6288);
#5516=AXIS2_PLACEMENT_3D('',#7601,#6291,#6292);
#5517=AXIS2_PLACEMENT_3D('',#7605,#6295,#6296);
#5518=AXIS2_PLACEMENT_3D('',#7607,#6298,#6299);
#5519=AXIS2_PLACEMENT_3D('',#7616,#6304,#6305);
#5520=AXIS2_PLACEMENT_3D('',#7626,#6311,#6312);
#5521=AXIS2_PLACEMENT_3D('',#7630,#6315,#6316);
#5522=AXIS2_PLACEMENT_3D('',#7634,#6319,#6320);
#5523=AXIS2_PLACEMENT_3D('',#7638,#6323,#6324);
#5524=AXIS2_PLACEMENT_3D('',#7642,#6327,#6328);
#5525=AXIS2_PLACEMENT_3D('',#7644,#6330,#6331);
#5526=AXIS2_PLACEMENT_3D('',#7653,#6336,#6337);
#5527=AXIS2_PLACEMENT_3D('',#7663,#6343,#6344);
#5528=AXIS2_PLACEMENT_3D('',#7667,#6347,#6348);
#5529=AXIS2_PLACEMENT_3D('',#7671,#6351,#6352);
#5530=AXIS2_PLACEMENT_3D('',#7675,#6355,#6356);
#5531=AXIS2_PLACEMENT_3D('',#7679,#6359,#6360);
#5532=AXIS2_PLACEMENT_3D('',#7681,#6362,#6363);
#5533=AXIS2_PLACEMENT_3D('',#7690,#6368,#6369);
#5534=AXIS2_PLACEMENT_3D('',#7700,#6375,#6376);
#5535=AXIS2_PLACEMENT_3D('',#7704,#6379,#6380);
#5536=AXIS2_PLACEMENT_3D('',#7708,#6383,#6384);
#5537=AXIS2_PLACEMENT_3D('',#7712,#6387,#6388);
#5538=AXIS2_PLACEMENT_3D('',#7716,#6391,#6392);
#5539=AXIS2_PLACEMENT_3D('',#7718,#6394,#6395);
#5540=AXIS2_PLACEMENT_3D('',#7727,#6400,#6401);
#5541=AXIS2_PLACEMENT_3D('',#7737,#6407,#6408);
#5542=AXIS2_PLACEMENT_3D('',#7741,#6411,#6412);
#5543=AXIS2_PLACEMENT_3D('',#7745,#6415,#6416);
#5544=AXIS2_PLACEMENT_3D('',#7749,#6419,#6420);
#5545=AXIS2_PLACEMENT_3D('',#7753,#6423,#6424);
#5546=AXIS2_PLACEMENT_3D('',#7755,#6426,#6427);
#5547=AXIS2_PLACEMENT_3D('',#7764,#6432,#6433);
#5548=AXIS2_PLACEMENT_3D('',#7774,#6439,#6440);
#5549=AXIS2_PLACEMENT_3D('',#7778,#6443,#6444);
#5550=AXIS2_PLACEMENT_3D('',#7782,#6447,#6448);
#5551=AXIS2_PLACEMENT_3D('',#7786,#6451,#6452);
#5552=AXIS2_PLACEMENT_3D('',#7790,#6455,#6456);
#5553=AXIS2_PLACEMENT_3D('',#7792,#6458,#6459);
#5554=AXIS2_PLACEMENT_3D('',#7801,#6464,#6465);
#5555=AXIS2_PLACEMENT_3D('',#7811,#6471,#6472);
#5556=AXIS2_PLACEMENT_3D('',#7815,#6475,#6476);
#5557=AXIS2_PLACEMENT_3D('',#7819,#6479,#6480);
#5558=AXIS2_PLACEMENT_3D('',#7823,#6483,#6484);
#5559=AXIS2_PLACEMENT_3D('',#7827,#6487,#6488);
#5560=AXIS2_PLACEMENT_3D('',#7829,#6490,#6491);
#5561=AXIS2_PLACEMENT_3D('',#7835,#6495,#6496);
#5562=AXIS2_PLACEMENT_3D('',#7839,#6499,#6500);
#5563=AXIS2_PLACEMENT_3D('',#7843,#6503,#6504);
#5564=AXIS2_PLACEMENT_3D('',#7847,#6507,#6508);
#5565=AXIS2_PLACEMENT_3D('',#7853,#6512,#6513);
#5566=AXIS2_PLACEMENT_3D('',#7857,#6516,#6517);
#5567=AXIS2_PLACEMENT_3D('',#7861,#6520,#6521);
#5568=AXIS2_PLACEMENT_3D('',#7865,#6524,#6525);
#5569=AXIS2_PLACEMENT_3D('',#7871,#6529,#6530);
#5570=AXIS2_PLACEMENT_3D('',#7875,#6533,#6534);
#5571=AXIS2_PLACEMENT_3D('',#7879,#6537,#6538);
#5572=AXIS2_PLACEMENT_3D('',#7883,#6541,#6542);
#5573=AXIS2_PLACEMENT_3D('',#7889,#6546,#6547);
#5574=AXIS2_PLACEMENT_3D('',#7893,#6550,#6551);
#5575=AXIS2_PLACEMENT_3D('',#7897,#6554,#6555);
#5576=AXIS2_PLACEMENT_3D('',#7901,#6558,#6559);
#5577=AXIS2_PLACEMENT_3D('',#7907,#6563,#6564);
#5578=AXIS2_PLACEMENT_3D('',#7911,#6567,#6568);
#5579=AXIS2_PLACEMENT_3D('',#7915,#6571,#6572);
#5580=AXIS2_PLACEMENT_3D('',#7919,#6575,#6576);
#5581=AXIS2_PLACEMENT_3D('',#7925,#6580,#6581);
#5582=AXIS2_PLACEMENT_3D('',#7929,#6584,#6585);
#5583=AXIS2_PLACEMENT_3D('',#7933,#6588,#6589);
#5584=AXIS2_PLACEMENT_3D('',#7937,#6592,#6593);
#5585=AXIS2_PLACEMENT_3D('',#7941,#6596,#6597);
#5586=AXIS2_PLACEMENT_3D('',#7943,#6599,#6600);
#5587=AXIS2_PLACEMENT_3D('',#7945,#6602,#6603);
#5588=AXIS2_PLACEMENT_3D('',#7949,#6606,#6607);
#5589=AXIS2_PLACEMENT_3D('',#7951,#6609,#6610);
#5590=AXIS2_PLACEMENT_3D('',#7953,#6612,#6613);
#5591=AXIS2_PLACEMENT_3D('',#7957,#6616,#6617);
#5592=AXIS2_PLACEMENT_3D('',#7959,#6619,#6620);
#5593=AXIS2_PLACEMENT_3D('',#7961,#6622,#6623);
#5594=AXIS2_PLACEMENT_3D('',#7965,#6626,#6627);
#5595=AXIS2_PLACEMENT_3D('',#7967,#6629,#6630);
#5596=AXIS2_PLACEMENT_3D('',#7969,#6632,#6633);
#5597=AXIS2_PLACEMENT_3D('',#7973,#6636,#6637);
#5598=AXIS2_PLACEMENT_3D('',#7975,#6639,#6640);
#5599=AXIS2_PLACEMENT_3D('',#7977,#6642,#6643);
#5600=AXIS2_PLACEMENT_3D('',#7981,#6646,#6647);
#5601=AXIS2_PLACEMENT_3D('',#7983,#6649,#6650);
#5602=AXIS2_PLACEMENT_3D('',#7985,#6652,#6653);
#5603=AXIS2_PLACEMENT_3D('',#8000,#6664,#6665);
#5604=AXIS2_PLACEMENT_3D('',#8006,#6669,#6670);
#5605=AXIS2_PLACEMENT_3D('',#8009,#6671,#6672);
#5606=AXIS2_PLACEMENT_3D('',#8013,#6674,#6675);
#5607=AXIS2_PLACEMENT_3D('',#8015,#6677,#6678);
#5608=AXIS2_PLACEMENT_3D('',#8020,#6682,#6683);
#5609=AXIS2_PLACEMENT_3D('',#8038,#6693,#6694);
#5610=AXIS2_PLACEMENT_3D('',#8040,#6695,#6696);
#5611=AXIS2_PLACEMENT_3D('',#8043,#6698,#6699);
#5612=AXIS2_PLACEMENT_3D('',#8044,#6700,#6701);
#5613=AXIS2_PLACEMENT_3D('',#8048,#6704,#6705);
#5614=AXIS2_PLACEMENT_3D('',#8050,#6707,#6708);
#5615=AXIS2_PLACEMENT_3D('',#8056,#6712,#6713);
#5616=AXIS2_PLACEMENT_3D('',#8062,#6717,#6718);
#5617=AXIS2_PLACEMENT_3D('',#8066,#6721,#6722);
#5618=AXIS2_PLACEMENT_3D('',#8075,#6727,#6728);
#5619=AXIS2_PLACEMENT_3D('',#8081,#6732,#6733);
#5620=AXIS2_PLACEMENT_3D('',#8090,#6738,#6739);
#5621=AXIS2_PLACEMENT_3D('',#8096,#6743,#6744);
#5622=AXIS2_PLACEMENT_3D('',#8102,#6748,#6749);
#5623=AXIS2_PLACEMENT_3D('',#8105,#6752,#6753);
#5624=AXIS2_PLACEMENT_3D('',#8111,#6757,#6758);
#5625=AXIS2_PLACEMENT_3D('',#8114,#6761,#6762);
#5626=AXIS2_PLACEMENT_3D('',#8115,#6763,#6764);
#5627=AXIS2_PLACEMENT_3D('',#8124,#6769,#6770);
#5628=AXIS2_PLACEMENT_3D('',#8130,#6774,#6775);
#5629=AXIS2_PLACEMENT_3D('',#8134,#6778,#6779);
#5630=AXIS2_PLACEMENT_3D('',#8138,#6782,#6783);
#5631=AXIS2_PLACEMENT_3D('',#8140,#6785,#6786);
#5632=AXIS2_PLACEMENT_3D('',#8141,#6787,#6788);
#5633=AXIS2_PLACEMENT_3D('',#8150,#6793,#6794);
#5634=AXIS2_PLACEMENT_3D('',#8156,#6798,#6799);
#5635=AXIS2_PLACEMENT_3D('',#8162,#6803,#6804);
#5636=AXIS2_PLACEMENT_3D('',#8164,#6806,#6807);
#5637=AXIS2_PLACEMENT_3D('',#8174,#6813,#6814);
#5638=AXIS2_PLACEMENT_3D('',#8178,#6817,#6818);
#5639=AXIS2_PLACEMENT_3D('',#8187,#6823,#6824);
#5640=AXIS2_PLACEMENT_3D('',#8190,#6827,#6828);
#5641=AXIS2_PLACEMENT_3D('',#8193,#6831,#6832);
#5642=AXIS2_PLACEMENT_3D('',#8195,#6834,#6835);
#5643=AXIS2_PLACEMENT_3D('',#8197,#6837,#6838);
#5644=AXIS2_PLACEMENT_3D('',#8199,#6840,#6841);
#5645=AXIS2_PLACEMENT_3D('',#8200,#6842,#6843);
#5646=AXIS2_PLACEMENT_3D('',#8221,#6849,#6850);
#5647=AXIS2_PLACEMENT_3D('',#8253,#6857,#6858);
#5648=AXIS2_PLACEMENT_3D('',#8307,#6863,#6864);
#5649=AXIS2_PLACEMENT_3D('',#8364,#6872,#6873);
#5650=AXIS2_PLACEMENT_3D('',#8439,#6875,#6876);
#5651=AXIS2_PLACEMENT_3D('',#8468,#6891,#6892);
#5652=AXIS2_PLACEMENT_3D('',#8544,#6896,#6897);
#5653=AXIS2_PLACEMENT_3D('',#8589,#6898,#6899);
#5654=DIRECTION('axis',(0.,0.,1.));
#5655=DIRECTION('refdir',(1.,0.,0.));
#5656=DIRECTION('center_axis',(-2.22044604925031E-16,1.,4.2700885562506E-16));
#5657=DIRECTION('ref_axis',(-9.48150126467562E-32,4.2700885562506E-16,-1.));
#5658=DIRECTION('',(-9.48150126467562E-32,4.2700885562506E-16,-1.));
#5659=DIRECTION('',(0.707106781186548,4.58950103307565E-16,-0.707106781186547));
#5660=DIRECTION('',(1.,2.22044604925031E-16,-6.83375914778742E-17));
#5661=DIRECTION('center_axis',(-2.22044604925031E-16,1.,4.2700885562506E-16));
#5662=DIRECTION('ref_axis',(9.48150126467563E-32,-4.2700885562506E-16,1.));
#5663=DIRECTION('',(1.31064631985863E-15,4.27008855625061E-16,-1.));
#5664=DIRECTION('center_axis',(-2.22044604925031E-16,1.,4.2700885562506E-16));
#5665=DIRECTION('ref_axis',(1.,2.22044604925031E-16,-3.4694469519536E-16));
#5666=DIRECTION('',(-0.992210286458993,-1.6712062681618E-16,-0.124574264777936));
#5667=DIRECTION('center_axis',(2.22044604925031E-16,-1.,-4.2700885562506E-16));
#5668=DIRECTION('ref_axis',(1.,2.22044604925031E-16,0.));
#5669=DIRECTION('center_axis',(0.,0.,-1.));
#5670=DIRECTION('ref_axis',(-1.,-2.22044604925031E-16,0.));
#5671=DIRECTION('',(1.,2.22044604925031E-16,0.));
#5672=DIRECTION('',(-2.22044604925031E-16,1.,-9.25185853854297E-16));
#5673=DIRECTION('',(-1.,-2.22044604925031E-16,0.));
#5674=DIRECTION('',(-2.22044604925031E-16,1.,0.));
#5675=DIRECTION('center_axis',(-2.22044604925031E-16,1.,0.));
#5676=DIRECTION('ref_axis',(1.,2.22044604925031E-16,0.));
#5677=DIRECTION('center_axis',(2.22044604925031E-16,-1.,-4.2700885562506E-16));
#5678=DIRECTION('ref_axis',(1.,2.22044604925031E-16,0.));
#5679=DIRECTION('center_axis',(-2.22044604925031E-16,1.,4.2700885562506E-16));
#5680=DIRECTION('ref_axis',(1.,2.22044604925031E-16,0.));
#5681=DIRECTION('',(-2.22044604925031E-16,1.,0.));
#5682=DIRECTION('center_axis',(1.,2.22044604925031E-16,0.));
#5683=DIRECTION('ref_axis',(-9.48150126467563E-32,4.2700885562506E-16,-1.));
#5684=DIRECTION('',(9.48150126467562E-32,-4.2700885562506E-16,1.));
#5685=DIRECTION('',(-9.48150126467562E-32,4.2700885562506E-16,-1.));
#5686=DIRECTION('',(-2.22044604925031E-16,1.,0.));
#5687=DIRECTION('center_axis',(-2.22044604925031E-16,1.,0.));
#5688=DIRECTION('ref_axis',(1.,2.22044604925031E-16,0.));
#5689=DIRECTION('center_axis',(2.22044604925031E-16,-1.,-4.2700885562506E-16));
#5690=DIRECTION('ref_axis',(1.,2.22044604925031E-16,0.));
#5691=DIRECTION('center_axis',(-2.22044604925031E-16,1.,4.2700885562506E-16));
#5692=DIRECTION('ref_axis',(1.,2.22044604925031E-16,0.));
#5693=DIRECTION('center_axis',(2.22044604925031E-16,-1.,-4.2700885562506E-16));
#5694=DIRECTION('ref_axis',(1.,2.22044604925031E-16,0.));
#5695=DIRECTION('',(-2.22044604925031E-16,1.,0.));
#5696=DIRECTION('center_axis',(0.124574264777936,2.7661043406443E-17,-0.992210286458993));
#5697=DIRECTION('ref_axis',(-0.992210286458993,-1.6712062681618E-16,-0.124574264777936));
#5698=DIRECTION('',(-0.992210286458993,-1.6712062681618E-16,-0.124574264777936));
#5699=DIRECTION('',(-2.22044604925031E-16,1.,0.));
#5700=DIRECTION('center_axis',(-2.22044604925031E-16,1.,0.));
#5701=DIRECTION('ref_axis',(1.,2.22044604925031E-16,-3.4694469519536E-16));
#5702=DIRECTION('center_axis',(-2.22044604925031E-16,1.,4.2700885562506E-16));
#5703=DIRECTION('ref_axis',(1.,2.22044604925031E-16,-3.4694469519536E-16));
#5704=DIRECTION('',(-2.22044604925031E-16,1.,0.));
#5705=DIRECTION('center_axis',(1.,2.22044604925031E-16,1.31064631985863E-15));
#5706=DIRECTION('ref_axis',(1.31064631985863E-15,4.27008855625061E-16,-1.));
#5707=DIRECTION('',(1.31064631985863E-15,4.27008855625061E-16,-1.));
#5708=DIRECTION('',(-2.22044604925031E-16,1.,0.));
#5709=DIRECTION('center_axis',(-2.22044604925031E-16,1.,0.));
#5710=DIRECTION('ref_axis',(0.,0.,1.));
#5711=DIRECTION('center_axis',(-2.22044604925031E-16,1.,4.2700885562506E-16));
#5712=DIRECTION('ref_axis',(9.48150126467563E-32,-4.2700885562506E-16,1.));
#5713=DIRECTION('',(-2.22044604925031E-16,1.,0.));
#5714=DIRECTION('center_axis',(6.83375914778742E-17,1.51739935012328E-32,
1.));
#5715=DIRECTION('ref_axis',(1.,2.22044604925031E-16,-6.83375914778742E-17));
#5716=DIRECTION('',(-1.,-2.22044604925031E-16,6.83375914778742E-17));
#5717=DIRECTION('',(1.,2.22044604925031E-16,-6.83375914778742E-17));
#5718=DIRECTION('',(1.,2.22044604925031E-16,-6.83375914778742E-17));
#5719=DIRECTION('',(-2.22044604925031E-16,1.,0.));
#5720=DIRECTION('center_axis',(-2.22044604925031E-16,1.,0.));
#5721=DIRECTION('ref_axis',(-1.,-2.22044604925031E-16,0.));
#5722=DIRECTION('center_axis',(2.22044604925031E-16,-1.,-4.2700885562506E-16));
#5723=DIRECTION('ref_axis',(-1.,-2.22044604925031E-16,0.));
#5724=DIRECTION('center_axis',(-2.22044604925031E-16,1.,4.2700885562506E-16));
#5725=DIRECTION('ref_axis',(-1.,-2.22044604925031E-16,0.));
#5726=DIRECTION('',(-2.22044604925031E-16,1.,0.));
#5727=DIRECTION('center_axis',(-2.22044604925031E-16,1.,4.2700885562506E-16));
#5728=DIRECTION('ref_axis',(-9.48150126467562E-32,4.2700885562506E-16,-1.));
#5729=DIRECTION('',(9.48150126467562E-32,-4.2700885562506E-16,1.));
#5730=DIRECTION('',(-0.707106781186548,-4.58950103307565E-16,0.707106781186547));
#5731=DIRECTION('center_axis',(-2.22044604925031E-16,1.,4.2700885562506E-16));
#5732=DIRECTION('ref_axis',(-9.48150126467562E-32,4.2700885562506E-16,-1.));
#5733=DIRECTION('',(-9.48150126467562E-32,4.2700885562506E-16,-1.));
#5734=DIRECTION('',(0.707106781186548,4.58950103307565E-16,-0.707106781186547));
#5735=DIRECTION('',(1.,2.22044604925031E-16,-6.83375914778742E-17));
#5736=DIRECTION('center_axis',(-2.22044604925031E-16,1.,4.2700885562506E-16));
#5737=DIRECTION('ref_axis',(9.48150126467563E-32,-4.2700885562506E-16,1.));
#5738=DIRECTION('',(1.31064631985863E-15,4.27008855625061E-16,-1.));
#5739=DIRECTION('center_axis',(-2.22044604925031E-16,1.,4.2700885562506E-16));
#5740=DIRECTION('ref_axis',(1.,2.22044604925031E-16,-3.4694469519536E-16));
#5741=DIRECTION('',(-0.992210286458993,-1.6712062681618E-16,-0.124574264777936));
#5742=DIRECTION('center_axis',(2.22044604925031E-16,-1.,-4.2700885562506E-16));
#5743=DIRECTION('ref_axis',(1.,2.22044604925031E-16,0.));
#5744=DIRECTION('center_axis',(0.,0.,-1.));
#5745=DIRECTION('ref_axis',(-1.,-2.22044604925031E-16,0.));
#5746=DIRECTION('',(1.,2.22044604925031E-16,0.));
#5747=DIRECTION('',(-2.22044604925031E-16,1.,-9.25185853854297E-16));
#5748=DIRECTION('',(-1.,-2.22044604925031E-16,0.));
#5749=DIRECTION('',(-2.22044604925031E-16,1.,0.));
#5750=DIRECTION('center_axis',(-2.22044604925031E-16,1.,0.));
#5751=DIRECTION('ref_axis',(1.,2.22044604925031E-16,0.));
#5752=DIRECTION('center_axis',(2.22044604925031E-16,-1.,-4.2700885562506E-16));
#5753=DIRECTION('ref_axis',(1.,2.22044604925031E-16,0.));
#5754=DIRECTION('center_axis',(-2.22044604925031E-16,1.,4.2700885562506E-16));
#5755=DIRECTION('ref_axis',(1.,2.22044604925031E-16,0.));
#5756=DIRECTION('',(-2.22044604925031E-16,1.,0.));
#5757=DIRECTION('center_axis',(1.,2.22044604925031E-16,0.));
#5758=DIRECTION('ref_axis',(-9.48150126467563E-32,4.2700885562506E-16,-1.));
#5759=DIRECTION('',(9.48150126467562E-32,-4.2700885562506E-16,1.));
#5760=DIRECTION('',(-9.48150126467562E-32,4.2700885562506E-16,-1.));
#5761=DIRECTION('',(-2.22044604925031E-16,1.,0.));
#5762=DIRECTION('center_axis',(-2.22044604925031E-16,1.,0.));
#5763=DIRECTION('ref_axis',(1.,2.22044604925031E-16,0.));
#5764=DIRECTION('center_axis',(2.22044604925031E-16,-1.,-4.2700885562506E-16));
#5765=DIRECTION('ref_axis',(1.,2.22044604925031E-16,0.));
#5766=DIRECTION('center_axis',(-2.22044604925031E-16,1.,4.2700885562506E-16));
#5767=DIRECTION('ref_axis',(1.,2.22044604925031E-16,0.));
#5768=DIRECTION('center_axis',(2.22044604925031E-16,-1.,-4.2700885562506E-16));
#5769=DIRECTION('ref_axis',(1.,2.22044604925031E-16,0.));
#5770=DIRECTION('',(-2.22044604925031E-16,1.,0.));
#5771=DIRECTION('center_axis',(0.124574264777936,2.7661043406443E-17,-0.992210286458993));
#5772=DIRECTION('ref_axis',(-0.992210286458993,-1.6712062681618E-16,-0.124574264777936));
#5773=DIRECTION('',(-0.992210286458993,-1.6712062681618E-16,-0.124574264777936));
#5774=DIRECTION('',(-2.22044604925031E-16,1.,0.));
#5775=DIRECTION('center_axis',(-2.22044604925031E-16,1.,0.));
#5776=DIRECTION('ref_axis',(1.,2.22044604925031E-16,-3.4694469519536E-16));
#5777=DIRECTION('center_axis',(-2.22044604925031E-16,1.,4.2700885562506E-16));
#5778=DIRECTION('ref_axis',(1.,2.22044604925031E-16,-3.4694469519536E-16));
#5779=DIRECTION('',(-2.22044604925031E-16,1.,0.));
#5780=DIRECTION('center_axis',(1.,2.22044604925031E-16,1.31064631985863E-15));
#5781=DIRECTION('ref_axis',(1.31064631985863E-15,4.27008855625061E-16,-1.));
#5782=DIRECTION('',(1.31064631985863E-15,4.27008855625061E-16,-1.));
#5783=DIRECTION('',(-2.22044604925031E-16,1.,0.));
#5784=DIRECTION('center_axis',(-2.22044604925031E-16,1.,0.));
#5785=DIRECTION('ref_axis',(0.,0.,1.));
#5786=DIRECTION('center_axis',(-2.22044604925031E-16,1.,4.2700885562506E-16));
#5787=DIRECTION('ref_axis',(9.48150126467563E-32,-4.2700885562506E-16,1.));
#5788=DIRECTION('',(-2.22044604925031E-16,1.,0.));
#5789=DIRECTION('center_axis',(6.83375914778742E-17,1.51739935012328E-32,
1.));
#5790=DIRECTION('ref_axis',(1.,2.22044604925031E-16,-6.83375914778742E-17));
#5791=DIRECTION('',(-1.,-2.22044604925031E-16,6.83375914778742E-17));
#5792=DIRECTION('',(1.,2.22044604925031E-16,-6.83375914778742E-17));
#5793=DIRECTION('',(1.,2.22044604925031E-16,-6.83375914778742E-17));
#5794=DIRECTION('',(-2.22044604925031E-16,1.,0.));
#5795=DIRECTION('center_axis',(-2.22044604925031E-16,1.,0.));
#5796=DIRECTION('ref_axis',(-1.,-2.22044604925031E-16,0.));
#5797=DIRECTION('center_axis',(2.22044604925031E-16,-1.,-4.2700885562506E-16));
#5798=DIRECTION('ref_axis',(-1.,-2.22044604925031E-16,0.));
#5799=DIRECTION('center_axis',(-2.22044604925031E-16,1.,4.2700885562506E-16));
#5800=DIRECTION('ref_axis',(-1.,-2.22044604925031E-16,0.));
#5801=DIRECTION('',(-2.22044604925031E-16,1.,0.));
#5802=DIRECTION('center_axis',(-2.22044604925031E-16,1.,4.2700885562506E-16));
#5803=DIRECTION('ref_axis',(-9.48150126467562E-32,4.2700885562506E-16,-1.));
#5804=DIRECTION('',(9.48150126467562E-32,-4.2700885562506E-16,1.));
#5805=DIRECTION('',(-0.707106781186548,-4.58950103307565E-16,0.707106781186547));
#5806=DIRECTION('center_axis',(-2.22044604925031E-16,1.,4.2700885562506E-16));
#5807=DIRECTION('ref_axis',(-9.48150126467562E-32,4.2700885562506E-16,-1.));
#5808=DIRECTION('',(-9.48150126467562E-32,4.2700885562506E-16,-1.));
#5809=DIRECTION('',(0.707106781186548,4.58950103307565E-16,-0.707106781186547));
#5810=DIRECTION('',(1.,2.22044604925031E-16,-6.83375914778742E-17));
#5811=DIRECTION('center_axis',(-2.22044604925031E-16,1.,4.2700885562506E-16));
#5812=DIRECTION('ref_axis',(9.48150126467563E-32,-4.2700885562506E-16,1.));
#5813=DIRECTION('',(1.31064631985863E-15,4.27008855625061E-16,-1.));
#5814=DIRECTION('center_axis',(-2.22044604925031E-16,1.,4.2700885562506E-16));
#5815=DIRECTION('ref_axis',(1.,2.22044604925031E-16,-3.4694469519536E-16));
#5816=DIRECTION('',(-0.992210286458993,-1.6712062681618E-16,-0.124574264777936));
#5817=DIRECTION('center_axis',(2.22044604925031E-16,-1.,-4.2700885562506E-16));
#5818=DIRECTION('ref_axis',(1.,2.22044604925031E-16,0.));
#5819=DIRECTION('center_axis',(0.,0.,-1.));
#5820=DIRECTION('ref_axis',(-1.,-2.22044604925031E-16,0.));
#5821=DIRECTION('',(1.,2.22044604925031E-16,0.));
#5822=DIRECTION('',(-2.22044604925031E-16,1.,-9.25185853854297E-16));
#5823=DIRECTION('',(-1.,-2.22044604925031E-16,0.));
#5824=DIRECTION('',(-2.22044604925031E-16,1.,0.));
#5825=DIRECTION('center_axis',(-2.22044604925031E-16,1.,0.));
#5826=DIRECTION('ref_axis',(1.,2.22044604925031E-16,0.));
#5827=DIRECTION('center_axis',(2.22044604925031E-16,-1.,-4.2700885562506E-16));
#5828=DIRECTION('ref_axis',(1.,2.22044604925031E-16,0.));
#5829=DIRECTION('center_axis',(-2.22044604925031E-16,1.,4.2700885562506E-16));
#5830=DIRECTION('ref_axis',(1.,2.22044604925031E-16,0.));
#5831=DIRECTION('',(-2.22044604925031E-16,1.,0.));
#5832=DIRECTION('center_axis',(1.,2.22044604925031E-16,0.));
#5833=DIRECTION('ref_axis',(-9.48150126467563E-32,4.2700885562506E-16,-1.));
#5834=DIRECTION('',(9.48150126467562E-32,-4.2700885562506E-16,1.));
#5835=DIRECTION('',(-9.48150126467562E-32,4.2700885562506E-16,-1.));
#5836=DIRECTION('',(-2.22044604925031E-16,1.,0.));
#5837=DIRECTION('center_axis',(-2.22044604925031E-16,1.,0.));
#5838=DIRECTION('ref_axis',(1.,2.22044604925031E-16,0.));
#5839=DIRECTION('center_axis',(2.22044604925031E-16,-1.,-4.2700885562506E-16));
#5840=DIRECTION('ref_axis',(1.,2.22044604925031E-16,0.));
#5841=DIRECTION('center_axis',(-2.22044604925031E-16,1.,4.2700885562506E-16));
#5842=DIRECTION('ref_axis',(1.,2.22044604925031E-16,0.));
#5843=DIRECTION('center_axis',(2.22044604925031E-16,-1.,-4.2700885562506E-16));
#5844=DIRECTION('ref_axis',(1.,2.22044604925031E-16,0.));
#5845=DIRECTION('',(-2.22044604925031E-16,1.,0.));
#5846=DIRECTION('center_axis',(0.124574264777936,2.7661043406443E-17,-0.992210286458993));
#5847=DIRECTION('ref_axis',(-0.992210286458993,-1.6712062681618E-16,-0.124574264777936));
#5848=DIRECTION('',(-0.992210286458993,-1.6712062681618E-16,-0.124574264777936));
#5849=DIRECTION('',(-2.22044604925031E-16,1.,0.));
#5850=DIRECTION('center_axis',(-2.22044604925031E-16,1.,0.));
#5851=DIRECTION('ref_axis',(1.,2.22044604925031E-16,-3.4694469519536E-16));
#5852=DIRECTION('center_axis',(-2.22044604925031E-16,1.,4.2700885562506E-16));
#5853=DIRECTION('ref_axis',(1.,2.22044604925031E-16,-3.4694469519536E-16));
#5854=DIRECTION('',(-2.22044604925031E-16,1.,0.));
#5855=DIRECTION('center_axis',(1.,2.22044604925031E-16,1.31064631985863E-15));
#5856=DIRECTION('ref_axis',(1.31064631985863E-15,4.27008855625061E-16,-1.));
#5857=DIRECTION('',(1.31064631985863E-15,4.27008855625061E-16,-1.));
#5858=DIRECTION('',(-2.22044604925031E-16,1.,0.));
#5859=DIRECTION('center_axis',(-2.22044604925031E-16,1.,0.));
#5860=DIRECTION('ref_axis',(0.,0.,1.));
#5861=DIRECTION('center_axis',(-2.22044604925031E-16,1.,4.2700885562506E-16));
#5862=DIRECTION('ref_axis',(9.48150126467563E-32,-4.2700885562506E-16,1.));
#5863=DIRECTION('',(-2.22044604925031E-16,1.,0.));
#5864=DIRECTION('center_axis',(6.83375914778742E-17,1.51739935012328E-32,
1.));
#5865=DIRECTION('ref_axis',(1.,2.22044604925031E-16,-6.83375914778742E-17));
#5866=DIRECTION('',(-1.,-2.22044604925031E-16,6.83375914778742E-17));
#5867=DIRECTION('',(1.,2.22044604925031E-16,-6.83375914778742E-17));
#5868=DIRECTION('',(1.,2.22044604925031E-16,-6.83375914778742E-17));
#5869=DIRECTION('',(-2.22044604925031E-16,1.,0.));
#5870=DIRECTION('center_axis',(-2.22044604925031E-16,1.,0.));
#5871=DIRECTION('ref_axis',(-1.,-2.22044604925031E-16,0.));
#5872=DIRECTION('center_axis',(2.22044604925031E-16,-1.,-4.2700885562506E-16));
#5873=DIRECTION('ref_axis',(-1.,-2.22044604925031E-16,0.));
#5874=DIRECTION('center_axis',(-2.22044604925031E-16,1.,4.2700885562506E-16));
#5875=DIRECTION('ref_axis',(-1.,-2.22044604925031E-16,0.));
#5876=DIRECTION('',(-2.22044604925031E-16,1.,0.));
#5877=DIRECTION('center_axis',(-2.22044604925031E-16,1.,4.2700885562506E-16));
#5878=DIRECTION('ref_axis',(-9.48150126467562E-32,4.2700885562506E-16,-1.));
#5879=DIRECTION('',(9.48150126467562E-32,-4.2700885562506E-16,1.));
#5880=DIRECTION('',(-0.707106781186548,-4.58950103307565E-16,0.707106781186547));
#5881=DIRECTION('center_axis',(-2.22044604925031E-16,1.,4.2700885562506E-16));
#5882=DIRECTION('ref_axis',(-9.48150126467562E-32,4.2700885562506E-16,-1.));
#5883=DIRECTION('',(-9.48150126467562E-32,4.2700885562506E-16,-1.));
#5884=DIRECTION('',(0.707106781186548,4.58950103307565E-16,-0.707106781186547));
#5885=DIRECTION('',(1.,2.22044604925031E-16,-6.83375914778742E-17));
#5886=DIRECTION('center_axis',(-2.22044604925031E-16,1.,4.2700885562506E-16));
#5887=DIRECTION('ref_axis',(9.48150126467563E-32,-4.2700885562506E-16,1.));
#5888=DIRECTION('',(1.31064631985863E-15,4.27008855625061E-16,-1.));
#5889=DIRECTION('center_axis',(-2.22044604925031E-16,1.,4.2700885562506E-16));
#5890=DIRECTION('ref_axis',(1.,2.22044604925031E-16,-3.4694469519536E-16));
#5891=DIRECTION('',(-0.992210286458993,-1.6712062681618E-16,-0.124574264777936));
#5892=DIRECTION('center_axis',(2.22044604925031E-16,-1.,-4.2700885562506E-16));
#5893=DIRECTION('ref_axis',(1.,2.22044604925031E-16,0.));
#5894=DIRECTION('center_axis',(0.,0.,-1.));
#5895=DIRECTION('ref_axis',(-1.,-2.22044604925031E-16,0.));
#5896=DIRECTION('',(1.,2.22044604925031E-16,0.));
#5897=DIRECTION('',(-2.22044604925031E-16,1.,-9.25185853854297E-16));
#5898=DIRECTION('',(-1.,-2.22044604925031E-16,0.));
#5899=DIRECTION('',(-2.22044604925031E-16,1.,0.));
#5900=DIRECTION('center_axis',(-2.22044604925031E-16,1.,0.));
#5901=DIRECTION('ref_axis',(1.,2.22044604925031E-16,0.));
#5902=DIRECTION('center_axis',(2.22044604925031E-16,-1.,-4.2700885562506E-16));
#5903=DIRECTION('ref_axis',(1.,2.22044604925031E-16,0.));
#5904=DIRECTION('center_axis',(-2.22044604925031E-16,1.,4.2700885562506E-16));
#5905=DIRECTION('ref_axis',(1.,2.22044604925031E-16,0.));
#5906=DIRECTION('',(-2.22044604925031E-16,1.,0.));
#5907=DIRECTION('center_axis',(1.,2.22044604925031E-16,0.));
#5908=DIRECTION('ref_axis',(-9.48150126467563E-32,4.2700885562506E-16,-1.));
#5909=DIRECTION('',(9.48150126467562E-32,-4.2700885562506E-16,1.));
#5910=DIRECTION('',(-9.48150126467562E-32,4.2700885562506E-16,-1.));
#5911=DIRECTION('',(-2.22044604925031E-16,1.,0.));
#5912=DIRECTION('center_axis',(-2.22044604925031E-16,1.,0.));
#5913=DIRECTION('ref_axis',(1.,2.22044604925031E-16,0.));
#5914=DIRECTION('center_axis',(2.22044604925031E-16,-1.,-4.2700885562506E-16));
#5915=DIRECTION('ref_axis',(1.,2.22044604925031E-16,0.));
#5916=DIRECTION('center_axis',(-2.22044604925031E-16,1.,4.2700885562506E-16));
#5917=DIRECTION('ref_axis',(1.,2.22044604925031E-16,0.));
#5918=DIRECTION('center_axis',(2.22044604925031E-16,-1.,-4.2700885562506E-16));
#5919=DIRECTION('ref_axis',(1.,2.22044604925031E-16,0.));
#5920=DIRECTION('',(-2.22044604925031E-16,1.,0.));
#5921=DIRECTION('center_axis',(0.124574264777936,2.7661043406443E-17,-0.992210286458993));
#5922=DIRECTION('ref_axis',(-0.992210286458993,-1.6712062681618E-16,-0.124574264777936));
#5923=DIRECTION('',(-0.992210286458993,-1.6712062681618E-16,-0.124574264777936));
#5924=DIRECTION('',(-2.22044604925031E-16,1.,0.));
#5925=DIRECTION('center_axis',(-2.22044604925031E-16,1.,0.));
#5926=DIRECTION('ref_axis',(1.,2.22044604925031E-16,-3.4694469519536E-16));
#5927=DIRECTION('center_axis',(-2.22044604925031E-16,1.,4.2700885562506E-16));
#5928=DIRECTION('ref_axis',(1.,2.22044604925031E-16,-3.4694469519536E-16));
#5929=DIRECTION('',(-2.22044604925031E-16,1.,0.));
#5930=DIRECTION('center_axis',(1.,2.22044604925031E-16,1.31064631985863E-15));
#5931=DIRECTION('ref_axis',(1.31064631985863E-15,4.27008855625061E-16,-1.));
#5932=DIRECTION('',(1.31064631985863E-15,4.27008855625061E-16,-1.));
#5933=DIRECTION('',(-2.22044604925031E-16,1.,0.));
#5934=DIRECTION('center_axis',(-2.22044604925031E-16,1.,0.));
#5935=DIRECTION('ref_axis',(0.,0.,1.));
#5936=DIRECTION('center_axis',(-2.22044604925031E-16,1.,4.2700885562506E-16));
#5937=DIRECTION('ref_axis',(9.48150126467563E-32,-4.2700885562506E-16,1.));
#5938=DIRECTION('',(-2.22044604925031E-16,1.,0.));
#5939=DIRECTION('center_axis',(6.83375914778742E-17,1.51739935012328E-32,
1.));
#5940=DIRECTION('ref_axis',(1.,2.22044604925031E-16,-6.83375914778742E-17));
#5941=DIRECTION('',(-1.,-2.22044604925031E-16,6.83375914778742E-17));
#5942=DIRECTION('',(1.,2.22044604925031E-16,-6.83375914778742E-17));
#5943=DIRECTION('',(1.,2.22044604925031E-16,-6.83375914778742E-17));
#5944=DIRECTION('',(-2.22044604925031E-16,1.,0.));
#5945=DIRECTION('center_axis',(-2.22044604925031E-16,1.,0.));
#5946=DIRECTION('ref_axis',(-1.,-2.22044604925031E-16,0.));
#5947=DIRECTION('center_axis',(2.22044604925031E-16,-1.,-4.2700885562506E-16));
#5948=DIRECTION('ref_axis',(-1.,-2.22044604925031E-16,0.));
#5949=DIRECTION('center_axis',(-2.22044604925031E-16,1.,4.2700885562506E-16));
#5950=DIRECTION('ref_axis',(-1.,-2.22044604925031E-16,0.));
#5951=DIRECTION('',(-2.22044604925031E-16,1.,0.));
#5952=DIRECTION('center_axis',(-2.22044604925031E-16,1.,4.2700885562506E-16));
#5953=DIRECTION('ref_axis',(-9.48150126467562E-32,4.2700885562506E-16,-1.));
#5954=DIRECTION('',(9.48150126467562E-32,-4.2700885562506E-16,1.));
#5955=DIRECTION('',(-0.707106781186548,-4.58950103307565E-16,0.707106781186547));
#5956=DIRECTION('center_axis',(-2.22044604925031E-16,1.,4.2700885562506E-16));
#5957=DIRECTION('ref_axis',(-9.48150126467562E-32,4.2700885562506E-16,-1.));
#5958=DIRECTION('',(-9.48150126467562E-32,4.2700885562506E-16,-1.));
#5959=DIRECTION('',(0.707106781186548,4.58950103307565E-16,-0.707106781186547));
#5960=DIRECTION('',(1.,2.22044604925031E-16,-6.83375914778742E-17));
#5961=DIRECTION('center_axis',(-2.22044604925031E-16,1.,4.2700885562506E-16));
#5962=DIRECTION('ref_axis',(9.48150126467563E-32,-4.2700885562506E-16,1.));
#5963=DIRECTION('',(1.31064631985863E-15,4.27008855625061E-16,-1.));
#5964=DIRECTION('center_axis',(-2.22044604925031E-16,1.,4.2700885562506E-16));
#5965=DIRECTION('ref_axis',(1.,2.22044604925031E-16,-3.4694469519536E-16));
#5966=DIRECTION('',(-0.992210286458993,-1.6712062681618E-16,-0.124574264777936));
#5967=DIRECTION('center_axis',(2.22044604925031E-16,-1.,-4.2700885562506E-16));
#5968=DIRECTION('ref_axis',(1.,2.22044604925031E-16,0.));
#5969=DIRECTION('center_axis',(0.,0.,-1.));
#5970=DIRECTION('ref_axis',(-1.,-2.22044604925031E-16,0.));
#5971=DIRECTION('',(1.,2.22044604925031E-16,0.));
#5972=DIRECTION('',(-2.22044604925031E-16,1.,-9.25185853854297E-16));
#5973=DIRECTION('',(-1.,-2.22044604925031E-16,0.));
#5974=DIRECTION('',(-2.22044604925031E-16,1.,0.));
#5975=DIRECTION('center_axis',(-2.22044604925031E-16,1.,0.));
#5976=DIRECTION('ref_axis',(1.,2.22044604925031E-16,0.));
#5977=DIRECTION('center_axis',(2.22044604925031E-16,-1.,-4.2700885562506E-16));
#5978=DIRECTION('ref_axis',(1.,2.22044604925031E-16,0.));
#5979=DIRECTION('center_axis',(-2.22044604925031E-16,1.,4.2700885562506E-16));
#5980=DIRECTION('ref_axis',(1.,2.22044604925031E-16,0.));
#5981=DIRECTION('',(-2.22044604925031E-16,1.,0.));
#5982=DIRECTION('center_axis',(1.,2.22044604925031E-16,0.));
#5983=DIRECTION('ref_axis',(-9.48150126467563E-32,4.2700885562506E-16,-1.));
#5984=DIRECTION('',(9.48150126467562E-32,-4.2700885562506E-16,1.));
#5985=DIRECTION('',(-9.48150126467562E-32,4.2700885562506E-16,-1.));
#5986=DIRECTION('',(-2.22044604925031E-16,1.,0.));
#5987=DIRECTION('center_axis',(-2.22044604925031E-16,1.,0.));
#5988=DIRECTION('ref_axis',(1.,2.22044604925031E-16,0.));
#5989=DIRECTION('center_axis',(2.22044604925031E-16,-1.,-4.2700885562506E-16));
#5990=DIRECTION('ref_axis',(1.,2.22044604925031E-16,0.));
#5991=DIRECTION('center_axis',(-2.22044604925031E-16,1.,4.2700885562506E-16));
#5992=DIRECTION('ref_axis',(1.,2.22044604925031E-16,0.));
#5993=DIRECTION('center_axis',(2.22044604925031E-16,-1.,-4.2700885562506E-16));
#5994=DIRECTION('ref_axis',(1.,2.22044604925031E-16,0.));
#5995=DIRECTION('',(-2.22044604925031E-16,1.,0.));
#5996=DIRECTION('center_axis',(0.124574264777936,2.7661043406443E-17,-0.992210286458993));
#5997=DIRECTION('ref_axis',(-0.992210286458993,-1.6712062681618E-16,-0.124574264777936));
#5998=DIRECTION('',(-0.992210286458993,-1.6712062681618E-16,-0.124574264777936));
#5999=DIRECTION('',(-2.22044604925031E-16,1.,0.));
#6000=DIRECTION('center_axis',(-2.22044604925031E-16,1.,0.));
#6001=DIRECTION('ref_axis',(1.,2.22044604925031E-16,-3.4694469519536E-16));
#6002=DIRECTION('center_axis',(-2.22044604925031E-16,1.,4.2700885562506E-16));
#6003=DIRECTION('ref_axis',(1.,2.22044604925031E-16,-3.4694469519536E-16));
#6004=DIRECTION('',(-2.22044604925031E-16,1.,0.));
#6005=DIRECTION('center_axis',(1.,2.22044604925031E-16,1.31064631985863E-15));
#6006=DIRECTION('ref_axis',(1.31064631985863E-15,4.27008855625061E-16,-1.));
#6007=DIRECTION('',(1.31064631985863E-15,4.27008855625061E-16,-1.));
#6008=DIRECTION('',(-2.22044604925031E-16,1.,0.));
#6009=DIRECTION('center_axis',(-2.22044604925031E-16,1.,0.));
#6010=DIRECTION('ref_axis',(0.,0.,1.));
#6011=DIRECTION('center_axis',(-2.22044604925031E-16,1.,4.2700885562506E-16));
#6012=DIRECTION('ref_axis',(9.48150126467563E-32,-4.2700885562506E-16,1.));
#6013=DIRECTION('',(-2.22044604925031E-16,1.,0.));
#6014=DIRECTION('center_axis',(6.83375914778742E-17,1.51739935012328E-32,
1.));
#6015=DIRECTION('ref_axis',(1.,2.22044604925031E-16,-6.83375914778742E-17));
#6016=DIRECTION('',(-1.,-2.22044604925031E-16,6.83375914778742E-17));
#6017=DIRECTION('',(1.,2.22044604925031E-16,-6.83375914778742E-17));
#6018=DIRECTION('',(1.,2.22044604925031E-16,-6.83375914778742E-17));
#6019=DIRECTION('',(-2.22044604925031E-16,1.,0.));
#6020=DIRECTION('center_axis',(-2.22044604925031E-16,1.,0.));
#6021=DIRECTION('ref_axis',(-1.,-2.22044604925031E-16,0.));
#6022=DIRECTION('center_axis',(2.22044604925031E-16,-1.,-4.2700885562506E-16));
#6023=DIRECTION('ref_axis',(-1.,-2.22044604925031E-16,0.));
#6024=DIRECTION('center_axis',(-2.22044604925031E-16,1.,4.2700885562506E-16));
#6025=DIRECTION('ref_axis',(-1.,-2.22044604925031E-16,0.));
#6026=DIRECTION('',(-2.22044604925031E-16,1.,0.));
#6027=DIRECTION('center_axis',(-2.22044604925031E-16,1.,4.2700885562506E-16));
#6028=DIRECTION('ref_axis',(-9.48150126467562E-32,4.2700885562506E-16,-1.));
#6029=DIRECTION('',(9.48150126467562E-32,-4.2700885562506E-16,1.));
#6030=DIRECTION('',(-0.707106781186548,-4.58950103307565E-16,0.707106781186547));
#6031=DIRECTION('center_axis',(-2.22044604925031E-16,1.,4.2700885562506E-16));
#6032=DIRECTION('ref_axis',(-9.48150126467562E-32,4.2700885562506E-16,-1.));
#6033=DIRECTION('',(-9.48150126467562E-32,4.2700885562506E-16,-1.));
#6034=DIRECTION('',(0.707106781186548,4.58950103307565E-16,-0.707106781186547));
#6035=DIRECTION('',(1.,2.22044604925031E-16,-6.83375914778742E-17));
#6036=DIRECTION('center_axis',(-2.22044604925031E-16,1.,4.2700885562506E-16));
#6037=DIRECTION('ref_axis',(9.48150126467563E-32,-4.2700885562506E-16,1.));
#6038=DIRECTION('',(1.31064631985863E-15,4.27008855625061E-16,-1.));
#6039=DIRECTION('center_axis',(-2.22044604925031E-16,1.,4.2700885562506E-16));
#6040=DIRECTION('ref_axis',(1.,2.22044604925031E-16,-3.4694469519536E-16));
#6041=DIRECTION('',(-0.992210286458993,-1.6712062681618E-16,-0.124574264777936));
#6042=DIRECTION('center_axis',(2.22044604925031E-16,-1.,-4.2700885562506E-16));
#6043=DIRECTION('ref_axis',(1.,2.22044604925031E-16,0.));
#6044=DIRECTION('center_axis',(0.,0.,-1.));
#6045=DIRECTION('ref_axis',(-1.,-2.22044604925031E-16,0.));
#6046=DIRECTION('',(1.,2.22044604925031E-16,0.));
#6047=DIRECTION('',(-2.22044604925031E-16,1.,-9.25185853854297E-16));
#6048=DIRECTION('',(-1.,-2.22044604925031E-16,0.));
#6049=DIRECTION('',(-2.22044604925031E-16,1.,0.));
#6050=DIRECTION('center_axis',(-2.22044604925031E-16,1.,0.));
#6051=DIRECTION('ref_axis',(1.,2.22044604925031E-16,0.));
#6052=DIRECTION('center_axis',(2.22044604925031E-16,-1.,-4.2700885562506E-16));
#6053=DIRECTION('ref_axis',(1.,2.22044604925031E-16,0.));
#6054=DIRECTION('center_axis',(-2.22044604925031E-16,1.,4.2700885562506E-16));
#6055=DIRECTION('ref_axis',(1.,2.22044604925031E-16,0.));
#6056=DIRECTION('',(-2.22044604925031E-16,1.,0.));
#6057=DIRECTION('center_axis',(1.,2.22044604925031E-16,0.));
#6058=DIRECTION('ref_axis',(-9.48150126467563E-32,4.2700885562506E-16,-1.));
#6059=DIRECTION('',(9.48150126467562E-32,-4.2700885562506E-16,1.));
#6060=DIRECTION('',(-9.48150126467562E-32,4.2700885562506E-16,-1.));
#6061=DIRECTION('',(-2.22044604925031E-16,1.,0.));
#6062=DIRECTION('center_axis',(-2.22044604925031E-16,1.,0.));
#6063=DIRECTION('ref_axis',(1.,2.22044604925031E-16,0.));
#6064=DIRECTION('center_axis',(2.22044604925031E-16,-1.,-4.2700885562506E-16));
#6065=DIRECTION('ref_axis',(1.,2.22044604925031E-16,0.));
#6066=DIRECTION('center_axis',(-2.22044604925031E-16,1.,4.2700885562506E-16));
#6067=DIRECTION('ref_axis',(1.,2.22044604925031E-16,0.));
#6068=DIRECTION('center_axis',(2.22044604925031E-16,-1.,-4.2700885562506E-16));
#6069=DIRECTION('ref_axis',(1.,2.22044604925031E-16,0.));
#6070=DIRECTION('',(-2.22044604925031E-16,1.,0.));
#6071=DIRECTION('center_axis',(0.124574264777936,2.7661043406443E-17,-0.992210286458993));
#6072=DIRECTION('ref_axis',(-0.992210286458993,-1.6712062681618E-16,-0.124574264777936));
#6073=DIRECTION('',(-0.992210286458993,-1.6712062681618E-16,-0.124574264777936));
#6074=DIRECTION('',(-2.22044604925031E-16,1.,0.));
#6075=DIRECTION('center_axis',(-2.22044604925031E-16,1.,0.));
#6076=DIRECTION('ref_axis',(1.,2.22044604925031E-16,-3.4694469519536E-16));
#6077=DIRECTION('center_axis',(-2.22044604925031E-16,1.,4.2700885562506E-16));
#6078=DIRECTION('ref_axis',(1.,2.22044604925031E-16,-3.4694469519536E-16));
#6079=DIRECTION('',(-2.22044604925031E-16,1.,0.));
#6080=DIRECTION('center_axis',(1.,2.22044604925031E-16,1.31064631985863E-15));
#6081=DIRECTION('ref_axis',(1.31064631985863E-15,4.27008855625061E-16,-1.));
#6082=DIRECTION('',(1.31064631985863E-15,4.27008855625061E-16,-1.));
#6083=DIRECTION('',(-2.22044604925031E-16,1.,0.));
#6084=DIRECTION('center_axis',(-2.22044604925031E-16,1.,0.));
#6085=DIRECTION('ref_axis',(0.,0.,1.));
#6086=DIRECTION('center_axis',(-2.22044604925031E-16,1.,4.2700885562506E-16));
#6087=DIRECTION('ref_axis',(9.48150126467563E-32,-4.2700885562506E-16,1.));
#6088=DIRECTION('',(-2.22044604925031E-16,1.,0.));
#6089=DIRECTION('center_axis',(6.83375914778742E-17,1.51739935012328E-32,
1.));
#6090=DIRECTION('ref_axis',(1.,2.22044604925031E-16,-6.83375914778742E-17));
#6091=DIRECTION('',(-1.,-2.22044604925031E-16,6.83375914778742E-17));
#6092=DIRECTION('',(1.,2.22044604925031E-16,-6.83375914778742E-17));
#6093=DIRECTION('',(1.,2.22044604925031E-16,-6.83375914778742E-17));
#6094=DIRECTION('',(-2.22044604925031E-16,1.,0.));
#6095=DIRECTION('center_axis',(-2.22044604925031E-16,1.,0.));
#6096=DIRECTION('ref_axis',(-1.,-2.22044604925031E-16,0.));
#6097=DIRECTION('center_axis',(2.22044604925031E-16,-1.,-4.2700885562506E-16));
#6098=DIRECTION('ref_axis',(-1.,-2.22044604925031E-16,0.));
#6099=DIRECTION('center_axis',(-2.22044604925031E-16,1.,4.2700885562506E-16));
#6100=DIRECTION('ref_axis',(-1.,-2.22044604925031E-16,0.));
#6101=DIRECTION('',(-2.22044604925031E-16,1.,0.));
#6102=DIRECTION('center_axis',(-2.22044604925031E-16,1.,4.2700885562506E-16));
#6103=DIRECTION('ref_axis',(-9.48150126467562E-32,4.2700885562506E-16,-1.));
#6104=DIRECTION('',(9.48150126467562E-32,-4.2700885562506E-16,1.));
#6105=DIRECTION('',(-0.707106781186548,-4.58950103307565E-16,0.707106781186547));
#6106=DIRECTION('center_axis',(-2.21199658166192E-16,0.996194698091746,
-0.0871557427476581));
#6107=DIRECTION('ref_axis',(1.93524624653514E-17,-0.0871557427476581,-0.996194698091746));
#6108=DIRECTION('',(-8.06352602722979E-19,-0.0871557427476581,-0.996194698091746));
#6109=DIRECTION('',(-1.,-2.22044604925031E-16,0.));
#6110=DIRECTION('',(-9.27305493131422E-18,0.0871557427476581,0.996194698091746));
#6111=DIRECTION('',(1.,2.22044604925031E-16,0.));
#6112=DIRECTION('center_axis',(-1.,-1.06396373193244E-16,0.));
#6113=DIRECTION('ref_axis',(-1.06396373193244E-16,1.,0.));
#6114=DIRECTION('',(-1.06396373193244E-16,1.,0.));
#6115=DIRECTION('',(-9.27305493131422E-18,0.0871557427476581,-0.996194698091746));
#6116=DIRECTION('',(0.,0.,-1.));
#6117=DIRECTION('',(1.06396373193244E-16,-1.,0.));
#6118=DIRECTION('',(0.,0.,-1.));
#6119=DIRECTION('center_axis',(0.,0.,-1.));
#6120=DIRECTION('ref_axis',(2.22044604925031E-16,-1.,0.));
#6121=DIRECTION('',(-9.25185853854304E-18,-1.,0.));
#6122=DIRECTION('',(1.,2.92975520387193E-17,0.));
#6123=DIRECTION('center_axis',(2.91860660080391E-17,-0.996194698091746,
-0.0871557427476581));
#6124=DIRECTION('ref_axis',(1.93524624653514E-17,-0.0871557427476581,0.996194698091746));
#6125=DIRECTION('',(-8.06352602722979E-19,-0.0871557427476581,0.996194698091746));
#6126=DIRECTION('',(-1.,-2.92975520387193E-17,0.));
#6127=DIRECTION('center_axis',(2.92975520387193E-17,-1.,0.));
#6128=DIRECTION('ref_axis',(-1.,-2.92975520387193E-17,0.));
#6129=DIRECTION('',(0.,0.,-1.));
#6130=DIRECTION('',(1.,2.92975520387193E-17,0.));
#6131=DIRECTION('center_axis',(1.,-9.25185853854304E-18,0.));
#6132=DIRECTION('ref_axis',(-9.25185853854304E-18,-1.,0.));
#6133=DIRECTION('',(0.,0.,-1.));
#6134=DIRECTION('',(9.25185853854304E-18,1.,0.));
#6135=DIRECTION('center_axis',(-2.22044604925031E-16,1.,0.));
#6136=DIRECTION('ref_axis',(1.,2.22044604925031E-16,0.));
#6137=DIRECTION('',(-1.,-2.22044604925031E-16,0.));
#6138=DIRECTION('center_axis',(-2.21199658166192E-16,0.996194698091746,
-0.0871557427476581));
#6139=DIRECTION('ref_axis',(1.93524624653514E-17,-0.0871557427476581,-0.996194698091746));
#6140=DIRECTION('',(-8.06352602722979E-19,-0.0871557427476581,-0.996194698091746));
#6141=DIRECTION('',(-1.,-2.22044604925031E-16,0.));
#6142=DIRECTION('',(-9.27305493131422E-18,0.0871557427476581,0.996194698091746));
#6143=DIRECTION('',(1.,2.22044604925031E-16,0.));
#6144=DIRECTION('center_axis',(-1.,-1.06396373193244E-16,0.));
#6145=DIRECTION('ref_axis',(-1.06396373193244E-16,1.,0.));
#6146=DIRECTION('',(-1.06396373193244E-16,1.,0.));
#6147=DIRECTION('',(-9.27305493131422E-18,0.0871557427476581,-0.996194698091746));
#6148=DIRECTION('',(0.,0.,-1.));
#6149=DIRECTION('',(1.06396373193244E-16,-1.,0.));
#6150=DIRECTION('',(0.,0.,-1.));
#6151=DIRECTION('center_axis',(0.,0.,-1.));
#6152=DIRECTION('ref_axis',(2.22044604925031E-16,-1.,0.));
#6153=DIRECTION('',(-9.25185853854304E-18,-1.,0.));
#6154=DIRECTION('',(1.,2.92975520387193E-17,0.));
#6155=DIRECTION('center_axis',(2.91860660080391E-17,-0.996194698091746,
-0.0871557427476581));
#6156=DIRECTION('ref_axis',(1.93524624653514E-17,-0.0871557427476581,0.996194698091746));
#6157=DIRECTION('',(-8.06352602722979E-19,-0.0871557427476581,0.996194698091746));
#6158=DIRECTION('',(-1.,-2.92975520387193E-17,0.));
#6159=DIRECTION('center_axis',(2.92975520387193E-17,-1.,0.));
#6160=DIRECTION('ref_axis',(-1.,-2.92975520387193E-17,0.));
#6161=DIRECTION('',(0.,0.,-1.));
#6162=DIRECTION('',(1.,2.92975520387193E-17,0.));
#6163=DIRECTION('center_axis',(1.,-9.25185853854304E-18,0.));
#6164=DIRECTION('ref_axis',(-9.25185853854304E-18,-1.,0.));
#6165=DIRECTION('',(0.,0.,-1.));
#6166=DIRECTION('',(9.25185853854304E-18,1.,0.));
#6167=DIRECTION('center_axis',(-2.22044604925031E-16,1.,0.));
#6168=DIRECTION('ref_axis',(1.,2.22044604925031E-16,0.));
#6169=DIRECTION('',(-1.,-2.22044604925031E-16,0.));
#6170=DIRECTION('center_axis',(-2.21199658166192E-16,0.996194698091746,
-0.0871557427476581));
#6171=DIRECTION('ref_axis',(1.93524624653514E-17,-0.0871557427476581,-0.996194698091746));
#6172=DIRECTION('',(-8.06352602722979E-19,-0.0871557427476581,-0.996194698091746));
#6173=DIRECTION('',(-1.,-2.22044604925031E-16,0.));
#6174=DIRECTION('',(-9.27305493131422E-18,0.0871557427476581,0.996194698091746));
#6175=DIRECTION('',(1.,2.22044604925031E-16,0.));
#6176=DIRECTION('center_axis',(-1.,-1.06396373193244E-16,0.));
#6177=DIRECTION('ref_axis',(-1.06396373193244E-16,1.,0.));
#6178=DIRECTION('',(-1.06396373193244E-16,1.,0.));
#6179=DIRECTION('',(-9.27305493131422E-18,0.0871557427476581,-0.996194698091746));
#6180=DIRECTION('',(0.,0.,-1.));
#6181=DIRECTION('',(1.06396373193244E-16,-1.,0.));
#6182=DIRECTION('',(0.,0.,-1.));
#6183=DIRECTION('center_axis',(0.,0.,-1.));
#6184=DIRECTION('ref_axis',(2.22044604925031E-16,-1.,0.));
#6185=DIRECTION('',(-9.25185853854304E-18,-1.,0.));
#6186=DIRECTION('',(1.,2.92975520387193E-17,0.));
#6187=DIRECTION('center_axis',(2.91860660080391E-17,-0.996194698091746,
-0.0871557427476581));
#6188=DIRECTION('ref_axis',(1.93524624653514E-17,-0.0871557427476581,0.996194698091746));
#6189=DIRECTION('',(-8.06352602722979E-19,-0.0871557427476581,0.996194698091746));
#6190=DIRECTION('',(-1.,-2.92975520387193E-17,0.));
#6191=DIRECTION('center_axis',(2.92975520387193E-17,-1.,0.));
#6192=DIRECTION('ref_axis',(-1.,-2.92975520387193E-17,0.));
#6193=DIRECTION('',(0.,0.,-1.));
#6194=DIRECTION('',(1.,2.92975520387193E-17,0.));
#6195=DIRECTION('center_axis',(1.,-9.25185853854304E-18,0.));
#6196=DIRECTION('ref_axis',(-9.25185853854304E-18,-1.,0.));
#6197=DIRECTION('',(0.,0.,-1.));
#6198=DIRECTION('',(9.25185853854304E-18,1.,0.));
#6199=DIRECTION('center_axis',(-2.22044604925031E-16,1.,0.));
#6200=DIRECTION('ref_axis',(1.,2.22044604925031E-16,0.));
#6201=DIRECTION('',(-1.,-2.22044604925031E-16,0.));
#6202=DIRECTION('center_axis',(-2.21199658166192E-16,0.996194698091746,
-0.0871557427476581));
#6203=DIRECTION('ref_axis',(1.93524624653514E-17,-0.0871557427476581,-0.996194698091746));
#6204=DIRECTION('',(-8.06352602722979E-19,-0.0871557427476581,-0.996194698091746));
#6205=DIRECTION('',(-1.,-2.22044604925031E-16,0.));
#6206=DIRECTION('',(-9.27305493131422E-18,0.0871557427476581,0.996194698091746));
#6207=DIRECTION('',(1.,2.22044604925031E-16,0.));
#6208=DIRECTION('center_axis',(-1.,-1.06396373193244E-16,0.));
#6209=DIRECTION('ref_axis',(-1.06396373193244E-16,1.,0.));
#6210=DIRECTION('',(-1.06396373193244E-16,1.,0.));
#6211=DIRECTION('',(-9.27305493131422E-18,0.0871557427476581,-0.996194698091746));
#6212=DIRECTION('',(0.,0.,-1.));
#6213=DIRECTION('',(1.06396373193244E-16,-1.,0.));
#6214=DIRECTION('',(0.,0.,-1.));
#6215=DIRECTION('center_axis',(0.,0.,-1.));
#6216=DIRECTION('ref_axis',(2.22044604925031E-16,-1.,0.));
#6217=DIRECTION('',(-9.25185853854304E-18,-1.,0.));
#6218=DIRECTION('',(1.,2.92975520387193E-17,0.));
#6219=DIRECTION('center_axis',(2.91860660080391E-17,-0.996194698091746,
-0.0871557427476581));
#6220=DIRECTION('ref_axis',(1.93524624653514E-17,-0.0871557427476581,0.996194698091746));
#6221=DIRECTION('',(-8.06352602722979E-19,-0.0871557427476581,0.996194698091746));
#6222=DIRECTION('',(-1.,-2.92975520387193E-17,0.));
#6223=DIRECTION('center_axis',(2.92975520387193E-17,-1.,0.));
#6224=DIRECTION('ref_axis',(-1.,-2.92975520387193E-17,0.));
#6225=DIRECTION('',(0.,0.,-1.));
#6226=DIRECTION('',(1.,2.92975520387193E-17,0.));
#6227=DIRECTION('center_axis',(1.,-9.25185853854304E-18,0.));
#6228=DIRECTION('ref_axis',(-9.25185853854304E-18,-1.,0.));
#6229=DIRECTION('',(0.,0.,-1.));
#6230=DIRECTION('',(9.25185853854304E-18,1.,0.));
#6231=DIRECTION('center_axis',(-2.22044604925031E-16,1.,0.));
#6232=DIRECTION('ref_axis',(1.,2.22044604925031E-16,0.));
#6233=DIRECTION('',(-1.,-2.22044604925031E-16,0.));
#6234=DIRECTION('center_axis',(-2.21199658166192E-16,0.996194698091746,
-0.0871557427476581));
#6235=DIRECTION('ref_axis',(1.93524624653514E-17,-0.0871557427476581,-0.996194698091746));
#6236=DIRECTION('',(-8.06352602722979E-19,-0.0871557427476581,-0.996194698091746));
#6237=DIRECTION('',(-1.,-2.22044604925031E-16,0.));
#6238=DIRECTION('',(-9.27305493131422E-18,0.0871557427476581,0.996194698091746));
#6239=DIRECTION('',(1.,2.22044604925031E-16,0.));
#6240=DIRECTION('center_axis',(-1.,-1.06396373193244E-16,0.));
#6241=DIRECTION('ref_axis',(-1.06396373193244E-16,1.,0.));
#6242=DIRECTION('',(-1.06396373193244E-16,1.,0.));
#6243=DIRECTION('',(-9.27305493131422E-18,0.0871557427476581,-0.996194698091746));
#6244=DIRECTION('',(0.,0.,-1.));
#6245=DIRECTION('',(1.06396373193244E-16,-1.,0.));
#6246=DIRECTION('',(0.,0.,-1.));
#6247=DIRECTION('center_axis',(0.,0.,-1.));
#6248=DIRECTION('ref_axis',(2.22044604925031E-16,-1.,0.));
#6249=DIRECTION('',(-9.25185853854304E-18,-1.,0.));
#6250=DIRECTION('',(1.,2.92975520387193E-17,0.));
#6251=DIRECTION('center_axis',(2.91860660080391E-17,-0.996194698091746,
-0.0871557427476581));
#6252=DIRECTION('ref_axis',(1.93524624653514E-17,-0.0871557427476581,0.996194698091746));
#6253=DIRECTION('',(-8.06352602722979E-19,-0.0871557427476581,0.996194698091746));
#6254=DIRECTION('',(-1.,-2.92975520387193E-17,0.));
#6255=DIRECTION('center_axis',(2.92975520387193E-17,-1.,0.));
#6256=DIRECTION('ref_axis',(-1.,-2.92975520387193E-17,0.));
#6257=DIRECTION('',(0.,0.,-1.));
#6258=DIRECTION('',(1.,2.92975520387193E-17,0.));
#6259=DIRECTION('center_axis',(1.,-9.25185853854304E-18,0.));
#6260=DIRECTION('ref_axis',(-9.25185853854304E-18,-1.,0.));
#6261=DIRECTION('',(0.,0.,-1.));
#6262=DIRECTION('',(9.25185853854304E-18,1.,0.));
#6263=DIRECTION('center_axis',(-2.22044604925031E-16,1.,0.));
#6264=DIRECTION('ref_axis',(1.,2.22044604925031E-16,0.));
#6265=DIRECTION('',(-1.,-2.22044604925031E-16,0.));
#6266=DIRECTION('center_axis',(-2.21199658166192E-16,0.996194698091746,
-0.0871557427476581));
#6267=DIRECTION('ref_axis',(1.93524624653514E-17,-0.0871557427476581,-0.996194698091746));
#6268=DIRECTION('',(-8.06352602722979E-19,-0.0871557427476581,-0.996194698091746));
#6269=DIRECTION('',(-1.,-2.22044604925031E-16,0.));
#6270=DIRECTION('',(-9.27305493131422E-18,0.0871557427476581,0.996194698091746));
#6271=DIRECTION('',(1.,2.22044604925031E-16,0.));
#6272=DIRECTION('center_axis',(-1.,-1.06396373193244E-16,0.));
#6273=DIRECTION('ref_axis',(-1.06396373193244E-16,1.,0.));
#6274=DIRECTION('',(-1.06396373193244E-16,1.,0.));
#6275=DIRECTION('',(-9.27305493131422E-18,0.0871557427476581,-0.996194698091746));
#6276=DIRECTION('',(0.,0.,-1.));
#6277=DIRECTION('',(1.06396373193244E-16,-1.,0.));
#6278=DIRECTION('',(0.,0.,-1.));
#6279=DIRECTION('center_axis',(0.,0.,-1.));
#6280=DIRECTION('ref_axis',(2.22044604925031E-16,-1.,0.));
#6281=DIRECTION('',(-9.25185853854304E-18,-1.,0.));
#6282=DIRECTION('',(1.,2.92975520387193E-17,0.));
#6283=DIRECTION('center_axis',(2.91860660080391E-17,-0.996194698091746,
-0.0871557427476581));
#6284=DIRECTION('ref_axis',(1.93524624653514E-17,-0.0871557427476581,0.996194698091746));
#6285=DIRECTION('',(-8.06352602722979E-19,-0.0871557427476581,0.996194698091746));
#6286=DIRECTION('',(-1.,-2.92975520387193E-17,0.));
#6287=DIRECTION('center_axis',(2.92975520387193E-17,-1.,0.));
#6288=DIRECTION('ref_axis',(-1.,-2.92975520387193E-17,0.));
#6289=DIRECTION('',(0.,0.,-1.));
#6290=DIRECTION('',(1.,2.92975520387193E-17,0.));
#6291=DIRECTION('center_axis',(1.,-9.25185853854304E-18,0.));
#6292=DIRECTION('ref_axis',(-9.25185853854304E-18,-1.,0.));
#6293=DIRECTION('',(0.,0.,-1.));
#6294=DIRECTION('',(9.25185853854304E-18,1.,0.));
#6295=DIRECTION('center_axis',(-2.22044604925031E-16,1.,0.));
#6296=DIRECTION('ref_axis',(1.,2.22044604925031E-16,0.));
#6297=DIRECTION('',(-1.,-2.22044604925031E-16,0.));
#6298=DIRECTION('center_axis',(-2.21199658166192E-16,0.996194698091746,
-0.0871557427476581));
#6299=DIRECTION('ref_axis',(1.93524624653514E-17,-0.0871557427476581,-0.996194698091746));
#6300=DIRECTION('',(-8.06352602722979E-19,-0.0871557427476581,-0.996194698091746));
#6301=DIRECTION('',(-1.,-2.22044604925031E-16,0.));
#6302=DIRECTION('',(-9.27305493131422E-18,0.0871557427476581,0.996194698091746));
#6303=DIRECTION('',(1.,2.22044604925031E-16,0.));
#6304=DIRECTION('center_axis',(-1.,-1.06396373193244E-16,0.));
#6305=DIRECTION('ref_axis',(-1.06396373193244E-16,1.,0.));
#6306=DIRECTION('',(-1.06396373193244E-16,1.,0.));
#6307=DIRECTION('',(-9.27305493131422E-18,0.0871557427476581,-0.996194698091746));
#6308=DIRECTION('',(0.,0.,-1.));
#6309=DIRECTION('',(1.06396373193244E-16,-1.,0.));
#6310=DIRECTION('',(0.,0.,-1.));
#6311=DIRECTION('center_axis',(0.,0.,-1.));
#6312=DIRECTION('ref_axis',(2.22044604925031E-16,-1.,0.));
#6313=DIRECTION('',(-9.25185853854304E-18,-1.,0.));
#6314=DIRECTION('',(1.,2.92975520387193E-17,0.));
#6315=DIRECTION('center_axis',(2.91860660080391E-17,-0.996194698091746,
-0.0871557427476581));
#6316=DIRECTION('ref_axis',(1.93524624653514E-17,-0.0871557427476581,0.996194698091746));
#6317=DIRECTION('',(-8.06352602722979E-19,-0.0871557427476581,0.996194698091746));
#6318=DIRECTION('',(-1.,-2.92975520387193E-17,0.));
#6319=DIRECTION('center_axis',(2.92975520387193E-17,-1.,0.));
#6320=DIRECTION('ref_axis',(-1.,-2.92975520387193E-17,0.));
#6321=DIRECTION('',(0.,0.,-1.));
#6322=DIRECTION('',(1.,2.92975520387193E-17,0.));
#6323=DIRECTION('center_axis',(1.,-9.25185853854304E-18,0.));
#6324=DIRECTION('ref_axis',(-9.25185853854304E-18,-1.,0.));
#6325=DIRECTION('',(0.,0.,-1.));
#6326=DIRECTION('',(9.25185853854304E-18,1.,0.));
#6327=DIRECTION('center_axis',(-2.22044604925031E-16,1.,0.));
#6328=DIRECTION('ref_axis',(1.,2.22044604925031E-16,0.));
#6329=DIRECTION('',(-1.,-2.22044604925031E-16,0.));
#6330=DIRECTION('center_axis',(-2.21199658166192E-16,0.996194698091746,
-0.0871557427476581));
#6331=DIRECTION('ref_axis',(1.93524624653514E-17,-0.0871557427476581,-0.996194698091746));
#6332=DIRECTION('',(-8.06352602722979E-19,-0.0871557427476581,-0.996194698091746));
#6333=DIRECTION('',(-1.,-2.22044604925031E-16,0.));
#6334=DIRECTION('',(-9.27305493131422E-18,0.0871557427476581,0.996194698091746));
#6335=DIRECTION('',(1.,2.22044604925031E-16,0.));
#6336=DIRECTION('center_axis',(-1.,-1.06396373193244E-16,0.));
#6337=DIRECTION('ref_axis',(-1.06396373193244E-16,1.,0.));
#6338=DIRECTION('',(-1.06396373193244E-16,1.,0.));
#6339=DIRECTION('',(-9.27305493131422E-18,0.0871557427476581,-0.996194698091746));
#6340=DIRECTION('',(0.,0.,-1.));
#6341=DIRECTION('',(1.06396373193244E-16,-1.,0.));
#6342=DIRECTION('',(0.,0.,-1.));
#6343=DIRECTION('center_axis',(0.,0.,-1.));
#6344=DIRECTION('ref_axis',(2.22044604925031E-16,-1.,0.));
#6345=DIRECTION('',(-9.25185853854304E-18,-1.,0.));
#6346=DIRECTION('',(1.,2.92975520387193E-17,0.));
#6347=DIRECTION('center_axis',(2.91860660080391E-17,-0.996194698091746,
-0.0871557427476581));
#6348=DIRECTION('ref_axis',(1.93524624653514E-17,-0.0871557427476581,0.996194698091746));
#6349=DIRECTION('',(-8.06352602722979E-19,-0.0871557427476581,0.996194698091746));
#6350=DIRECTION('',(-1.,-2.92975520387193E-17,0.));
#6351=DIRECTION('center_axis',(2.92975520387193E-17,-1.,0.));
#6352=DIRECTION('ref_axis',(-1.,-2.92975520387193E-17,0.));
#6353=DIRECTION('',(0.,0.,-1.));
#6354=DIRECTION('',(1.,2.92975520387193E-17,0.));
#6355=DIRECTION('center_axis',(1.,-9.25185853854304E-18,0.));
#6356=DIRECTION('ref_axis',(-9.25185853854304E-18,-1.,0.));
#6357=DIRECTION('',(0.,0.,-1.));
#6358=DIRECTION('',(9.25185853854304E-18,1.,0.));
#6359=DIRECTION('center_axis',(-2.22044604925031E-16,1.,0.));
#6360=DIRECTION('ref_axis',(1.,2.22044604925031E-16,0.));
#6361=DIRECTION('',(-1.,-2.22044604925031E-16,0.));
#6362=DIRECTION('center_axis',(-2.21199658166192E-16,0.996194698091746,
-0.0871557427476581));
#6363=DIRECTION('ref_axis',(1.93524624653514E-17,-0.0871557427476581,-0.996194698091746));
#6364=DIRECTION('',(-8.06352602722979E-19,-0.0871557427476581,-0.996194698091746));
#6365=DIRECTION('',(-1.,-2.22044604925031E-16,0.));
#6366=DIRECTION('',(-9.27305493131422E-18,0.0871557427476581,0.996194698091746));
#6367=DIRECTION('',(1.,2.22044604925031E-16,0.));
#6368=DIRECTION('center_axis',(-1.,-1.06396373193244E-16,0.));
#6369=DIRECTION('ref_axis',(-1.06396373193244E-16,1.,0.));
#6370=DIRECTION('',(-1.06396373193244E-16,1.,0.));
#6371=DIRECTION('',(-9.27305493131422E-18,0.0871557427476581,-0.996194698091746));
#6372=DIRECTION('',(0.,0.,-1.));
#6373=DIRECTION('',(1.06396373193244E-16,-1.,0.));
#6374=DIRECTION('',(0.,0.,-1.));
#6375=DIRECTION('center_axis',(0.,0.,-1.));
#6376=DIRECTION('ref_axis',(2.22044604925031E-16,-1.,0.));
#6377=DIRECTION('',(-9.25185853854304E-18,-1.,0.));
#6378=DIRECTION('',(1.,2.92975520387193E-17,0.));
#6379=DIRECTION('center_axis',(2.91860660080391E-17,-0.996194698091746,
-0.0871557427476581));
#6380=DIRECTION('ref_axis',(1.93524624653514E-17,-0.0871557427476581,0.996194698091746));
#6381=DIRECTION('',(-8.06352602722979E-19,-0.0871557427476581,0.996194698091746));
#6382=DIRECTION('',(-1.,-2.92975520387193E-17,0.));
#6383=DIRECTION('center_axis',(2.92975520387193E-17,-1.,0.));
#6384=DIRECTION('ref_axis',(-1.,-2.92975520387193E-17,0.));
#6385=DIRECTION('',(0.,0.,-1.));
#6386=DIRECTION('',(1.,2.92975520387193E-17,0.));
#6387=DIRECTION('center_axis',(1.,-9.25185853854304E-18,0.));
#6388=DIRECTION('ref_axis',(-9.25185853854304E-18,-1.,0.));
#6389=DIRECTION('',(0.,0.,-1.));
#6390=DIRECTION('',(9.25185853854304E-18,1.,0.));
#6391=DIRECTION('center_axis',(-2.22044604925031E-16,1.,0.));
#6392=DIRECTION('ref_axis',(1.,2.22044604925031E-16,0.));
#6393=DIRECTION('',(-1.,-2.22044604925031E-16,0.));
#6394=DIRECTION('center_axis',(-2.21199658166192E-16,0.996194698091746,
-0.0871557427476581));
#6395=DIRECTION('ref_axis',(1.93524624653514E-17,-0.0871557427476581,-0.996194698091746));
#6396=DIRECTION('',(-8.06352602722979E-19,-0.0871557427476581,-0.996194698091746));
#6397=DIRECTION('',(-1.,-2.22044604925031E-16,0.));
#6398=DIRECTION('',(-9.27305493131422E-18,0.0871557427476581,0.996194698091746));
#6399=DIRECTION('',(1.,2.22044604925031E-16,0.));
#6400=DIRECTION('center_axis',(-1.,-1.06396373193244E-16,0.));
#6401=DIRECTION('ref_axis',(-1.06396373193244E-16,1.,0.));
#6402=DIRECTION('',(-1.06396373193244E-16,1.,0.));
#6403=DIRECTION('',(-9.27305493131422E-18,0.0871557427476581,-0.996194698091746));
#6404=DIRECTION('',(0.,0.,-1.));
#6405=DIRECTION('',(1.06396373193244E-16,-1.,0.));
#6406=DIRECTION('',(0.,0.,-1.));
#6407=DIRECTION('center_axis',(0.,0.,-1.));
#6408=DIRECTION('ref_axis',(2.22044604925031E-16,-1.,0.));
#6409=DIRECTION('',(-9.25185853854304E-18,-1.,0.));
#6410=DIRECTION('',(1.,2.92975520387193E-17,0.));
#6411=DIRECTION('center_axis',(2.91860660080391E-17,-0.996194698091746,
-0.0871557427476581));
#6412=DIRECTION('ref_axis',(1.93524624653514E-17,-0.0871557427476581,0.996194698091746));
#6413=DIRECTION('',(-8.06352602722979E-19,-0.0871557427476581,0.996194698091746));
#6414=DIRECTION('',(-1.,-2.92975520387193E-17,0.));
#6415=DIRECTION('center_axis',(2.92975520387193E-17,-1.,0.));
#6416=DIRECTION('ref_axis',(-1.,-2.92975520387193E-17,0.));
#6417=DIRECTION('',(0.,0.,-1.));
#6418=DIRECTION('',(1.,2.92975520387193E-17,0.));
#6419=DIRECTION('center_axis',(1.,-9.25185853854304E-18,0.));
#6420=DIRECTION('ref_axis',(-9.25185853854304E-18,-1.,0.));
#6421=DIRECTION('',(0.,0.,-1.));
#6422=DIRECTION('',(9.25185853854304E-18,1.,0.));
#6423=DIRECTION('center_axis',(-2.22044604925031E-16,1.,0.));
#6424=DIRECTION('ref_axis',(1.,2.22044604925031E-16,0.));
#6425=DIRECTION('',(-1.,-2.22044604925031E-16,0.));
#6426=DIRECTION('center_axis',(-2.21199658166192E-16,0.996194698091746,
-0.0871557427476581));
#6427=DIRECTION('ref_axis',(1.93524624653514E-17,-0.0871557427476581,-0.996194698091746));
#6428=DIRECTION('',(-8.06352602722979E-19,-0.0871557427476581,-0.996194698091746));
#6429=DIRECTION('',(-1.,-2.22044604925031E-16,0.));
#6430=DIRECTION('',(-9.27305493131422E-18,0.0871557427476581,0.996194698091746));
#6431=DIRECTION('',(1.,2.22044604925031E-16,0.));
#6432=DIRECTION('center_axis',(-1.,-1.06396373193244E-16,0.));
#6433=DIRECTION('ref_axis',(-1.06396373193244E-16,1.,0.));
#6434=DIRECTION('',(-1.06396373193244E-16,1.,0.));
#6435=DIRECTION('',(-9.27305493131422E-18,0.0871557427476581,-0.996194698091746));
#6436=DIRECTION('',(0.,0.,-1.));
#6437=DIRECTION('',(1.06396373193244E-16,-1.,0.));
#6438=DIRECTION('',(0.,0.,-1.));
#6439=DIRECTION('center_axis',(0.,0.,-1.));
#6440=DIRECTION('ref_axis',(2.22044604925031E-16,-1.,0.));
#6441=DIRECTION('',(-9.25185853854304E-18,-1.,0.));
#6442=DIRECTION('',(1.,2.92975520387193E-17,0.));
#6443=DIRECTION('center_axis',(2.91860660080391E-17,-0.996194698091746,
-0.0871557427476581));
#6444=DIRECTION('ref_axis',(1.93524624653514E-17,-0.0871557427476581,0.996194698091746));
#6445=DIRECTION('',(-8.06352602722979E-19,-0.0871557427476581,0.996194698091746));
#6446=DIRECTION('',(-1.,-2.92975520387193E-17,0.));
#6447=DIRECTION('center_axis',(2.92975520387193E-17,-1.,0.));
#6448=DIRECTION('ref_axis',(-1.,-2.92975520387193E-17,0.));
#6449=DIRECTION('',(0.,0.,-1.));
#6450=DIRECTION('',(1.,2.92975520387193E-17,0.));
#6451=DIRECTION('center_axis',(1.,-9.25185853854304E-18,0.));
#6452=DIRECTION('ref_axis',(-9.25185853854304E-18,-1.,0.));
#6453=DIRECTION('',(0.,0.,-1.));
#6454=DIRECTION('',(9.25185853854304E-18,1.,0.));
#6455=DIRECTION('center_axis',(-2.22044604925031E-16,1.,0.));
#6456=DIRECTION('ref_axis',(1.,2.22044604925031E-16,0.));
#6457=DIRECTION('',(-1.,-2.22044604925031E-16,0.));
#6458=DIRECTION('center_axis',(-2.21199658166192E-16,0.996194698091746,
-0.0871557427476581));
#6459=DIRECTION('ref_axis',(1.93524624653514E-17,-0.0871557427476581,-0.996194698091746));
#6460=DIRECTION('',(-8.06352602722979E-19,-0.0871557427476581,-0.996194698091746));
#6461=DIRECTION('',(-1.,-2.22044604925031E-16,0.));
#6462=DIRECTION('',(-9.27305493131422E-18,0.0871557427476581,0.996194698091746));
#6463=DIRECTION('',(1.,2.22044604925031E-16,0.));
#6464=DIRECTION('center_axis',(-1.,-1.06396373193244E-16,0.));
#6465=DIRECTION('ref_axis',(-1.06396373193244E-16,1.,0.));
#6466=DIRECTION('',(-1.06396373193244E-16,1.,0.));
#6467=DIRECTION('',(-9.27305493131422E-18,0.0871557427476581,-0.996194698091746));
#6468=DIRECTION('',(0.,0.,-1.));
#6469=DIRECTION('',(1.06396373193244E-16,-1.,0.));
#6470=DIRECTION('',(0.,0.,-1.));
#6471=DIRECTION('center_axis',(0.,0.,-1.));
#6472=DIRECTION('ref_axis',(2.22044604925031E-16,-1.,0.));
#6473=DIRECTION('',(-9.25185853854304E-18,-1.,0.));
#6474=DIRECTION('',(1.,2.92975520387193E-17,0.));
#6475=DIRECTION('center_axis',(2.91860660080391E-17,-0.996194698091746,
-0.0871557427476581));
#6476=DIRECTION('ref_axis',(1.93524624653514E-17,-0.0871557427476581,0.996194698091746));
#6477=DIRECTION('',(-8.06352602722979E-19,-0.0871557427476581,0.996194698091746));
#6478=DIRECTION('',(-1.,-2.92975520387193E-17,0.));
#6479=DIRECTION('center_axis',(2.92975520387193E-17,-1.,0.));
#6480=DIRECTION('ref_axis',(-1.,-2.92975520387193E-17,0.));
#6481=DIRECTION('',(0.,0.,-1.));
#6482=DIRECTION('',(1.,2.92975520387193E-17,0.));
#6483=DIRECTION('center_axis',(1.,-9.25185853854304E-18,0.));
#6484=DIRECTION('ref_axis',(-9.25185853854304E-18,-1.,0.));
#6485=DIRECTION('',(0.,0.,-1.));
#6486=DIRECTION('',(9.25185853854304E-18,1.,0.));
#6487=DIRECTION('center_axis',(-2.22044604925031E-16,1.,0.));
#6488=DIRECTION('ref_axis',(1.,2.22044604925031E-16,0.));
#6489=DIRECTION('',(-1.,-2.22044604925031E-16,0.));
#6490=DIRECTION('center_axis',(2.22044604925031E-16,-1.,-4.2700885562506E-16));
#6491=DIRECTION('ref_axis',(9.48150126467562E-32,-4.2700885562506E-16,1.));
#6492=DIRECTION('',(9.48150126467562E-32,-4.2700885562506E-16,1.));
#6493=DIRECTION('',(0.965925826289068,1.03960594222042E-16,0.258819045102521));
#6494=DIRECTION('',(-0.707106781186548,-4.58950103307565E-16,0.707106781186547));
#6495=DIRECTION('center_axis',(-1.,-2.22044604925031E-16,0.));
#6496=DIRECTION('ref_axis',(0.,0.,1.));
#6497=DIRECTION('',(-9.48150126467562E-32,4.2700885562506E-16,-1.));
#6498=DIRECTION('',(2.22044604925031E-16,-1.,0.));
#6499=DIRECTION('center_axis',(-2.22044604925031E-16,1.,4.2700885562506E-16));
#6500=DIRECTION('ref_axis',(-9.48150126467562E-32,4.2700885562506E-16,-1.));
#6501=DIRECTION('',(0.707106781186548,4.58950103307565E-16,-0.707106781186547));
#6502=DIRECTION('',(-0.965925826289068,-1.03960594222042E-16,-0.258819045102521));
#6503=DIRECTION('center_axis',(-2.22044604925031E-16,1.,4.2700885562506E-16));
#6504=DIRECTION('ref_axis',(-9.48150126467562E-32,4.2700885562506E-16,-1.));
#6505=DIRECTION('',(0.965925826289068,3.24996642748439E-16,-0.258819045102521));
#6506=DIRECTION('',(-9.48150126467562E-32,4.2700885562506E-16,-1.));
#6507=DIRECTION('center_axis',(2.22044604925031E-16,-1.,-4.2700885562506E-16));
#6508=DIRECTION('ref_axis',(9.48150126467562E-32,-4.2700885562506E-16,1.));
#6509=DIRECTION('',(9.48150126467562E-32,-4.2700885562506E-16,1.));
#6510=DIRECTION('',(0.965925826289068,1.03960594222042E-16,0.258819045102521));
#6511=DIRECTION('',(-0.707106781186548,-4.58950103307565E-16,0.707106781186547));
#6512=DIRECTION('center_axis',(-1.,-2.22044604925031E-16,0.));
#6513=DIRECTION('ref_axis',(0.,0.,1.));
#6514=DIRECTION('',(-9.48150126467562E-32,4.2700885562506E-16,-1.));
#6515=DIRECTION('',(2.22044604925031E-16,-1.,0.));
#6516=DIRECTION('center_axis',(-2.22044604925031E-16,1.,4.2700885562506E-16));
#6517=DIRECTION('ref_axis',(-9.48150126467562E-32,4.2700885562506E-16,-1.));
#6518=DIRECTION('',(0.707106781186548,4.58950103307565E-16,-0.707106781186547));
#6519=DIRECTION('',(-0.965925826289068,-1.03960594222042E-16,-0.258819045102521));
#6520=DIRECTION('center_axis',(-2.22044604925031E-16,1.,4.2700885562506E-16));
#6521=DIRECTION('ref_axis',(-9.48150126467562E-32,4.2700885562506E-16,-1.));
#6522=DIRECTION('',(0.965925826289068,3.24996642748439E-16,-0.258819045102521));
#6523=DIRECTION('',(-9.48150126467562E-32,4.2700885562506E-16,-1.));
#6524=DIRECTION('center_axis',(2.22044604925031E-16,-1.,-4.2700885562506E-16));
#6525=DIRECTION('ref_axis',(9.48150126467562E-32,-4.2700885562506E-16,1.));
#6526=DIRECTION('',(9.48150126467562E-32,-4.2700885562506E-16,1.));
#6527=DIRECTION('',(0.965925826289068,1.03960594222042E-16,0.258819045102521));
#6528=DIRECTION('',(-0.707106781186548,-4.58950103307565E-16,0.707106781186547));
#6529=DIRECTION('center_axis',(-1.,-2.22044604925031E-16,0.));
#6530=DIRECTION('ref_axis',(0.,0.,1.));
#6531=DIRECTION('',(-9.48150126467562E-32,4.2700885562506E-16,-1.));
#6532=DIRECTION('',(2.22044604925031E-16,-1.,0.));
#6533=DIRECTION('center_axis',(-2.22044604925031E-16,1.,4.2700885562506E-16));
#6534=DIRECTION('ref_axis',(-9.48150126467562E-32,4.2700885562506E-16,-1.));
#6535=DIRECTION('',(0.707106781186548,4.58950103307565E-16,-0.707106781186547));
#6536=DIRECTION('',(-0.965925826289068,-1.03960594222042E-16,-0.258819045102521));
#6537=DIRECTION('center_axis',(-2.22044604925031E-16,1.,4.2700885562506E-16));
#6538=DIRECTION('ref_axis',(-9.48150126467562E-32,4.2700885562506E-16,-1.));
#6539=DIRECTION('',(0.965925826289068,3.24996642748439E-16,-0.258819045102521));
#6540=DIRECTION('',(-9.48150126467562E-32,4.2700885562506E-16,-1.));
#6541=DIRECTION('center_axis',(2.22044604925031E-16,-1.,-4.2700885562506E-16));
#6542=DIRECTION('ref_axis',(9.48150126467562E-32,-4.2700885562506E-16,1.));
#6543=DIRECTION('',(9.48150126467562E-32,-4.2700885562506E-16,1.));
#6544=DIRECTION('',(0.965925826289068,1.03960594222042E-16,0.258819045102521));
#6545=DIRECTION('',(-0.707106781186548,-4.58950103307565E-16,0.707106781186547));
#6546=DIRECTION('center_axis',(-1.,-2.22044604925031E-16,0.));
#6547=DIRECTION('ref_axis',(0.,0.,1.));
#6548=DIRECTION('',(-9.48150126467562E-32,4.2700885562506E-16,-1.));
#6549=DIRECTION('',(2.22044604925031E-16,-1.,0.));
#6550=DIRECTION('center_axis',(-2.22044604925031E-16,1.,4.2700885562506E-16));
#6551=DIRECTION('ref_axis',(-9.48150126467562E-32,4.2700885562506E-16,-1.));
#6552=DIRECTION('',(0.707106781186548,4.58950103307565E-16,-0.707106781186547));
#6553=DIRECTION('',(-0.965925826289068,-1.03960594222042E-16,-0.258819045102521));
#6554=DIRECTION('center_axis',(-2.22044604925031E-16,1.,4.2700885562506E-16));
#6555=DIRECTION('ref_axis',(-9.48150126467562E-32,4.2700885562506E-16,-1.));
#6556=DIRECTION('',(0.965925826289068,3.24996642748439E-16,-0.258819045102521));
#6557=DIRECTION('',(-9.48150126467562E-32,4.2700885562506E-16,-1.));
#6558=DIRECTION('center_axis',(2.22044604925031E-16,-1.,-4.2700885562506E-16));
#6559=DIRECTION('ref_axis',(9.48150126467562E-32,-4.2700885562506E-16,1.));
#6560=DIRECTION('',(9.48150126467562E-32,-4.2700885562506E-16,1.));
#6561=DIRECTION('',(0.965925826289068,1.03960594222042E-16,0.258819045102521));
#6562=DIRECTION('',(-0.707106781186548,-4.58950103307565E-16,0.707106781186547));
#6563=DIRECTION('center_axis',(-1.,-2.22044604925031E-16,0.));
#6564=DIRECTION('ref_axis',(0.,0.,1.));
#6565=DIRECTION('',(-9.48150126467562E-32,4.2700885562506E-16,-1.));
#6566=DIRECTION('',(2.22044604925031E-16,-1.,0.));
#6567=DIRECTION('center_axis',(-2.22044604925031E-16,1.,4.2700885562506E-16));
#6568=DIRECTION('ref_axis',(-9.48150126467562E-32,4.2700885562506E-16,-1.));
#6569=DIRECTION('',(0.707106781186548,4.58950103307565E-16,-0.707106781186547));
#6570=DIRECTION('',(-0.965925826289068,-1.03960594222042E-16,-0.258819045102521));
#6571=DIRECTION('center_axis',(-2.22044604925031E-16,1.,4.2700885562506E-16));
#6572=DIRECTION('ref_axis',(-9.48150126467562E-32,4.2700885562506E-16,-1.));
#6573=DIRECTION('',(0.965925826289068,3.24996642748439E-16,-0.258819045102521));
#6574=DIRECTION('',(-9.48150126467562E-32,4.2700885562506E-16,-1.));
#6575=DIRECTION('center_axis',(2.22044604925031E-16,-1.,-4.2700885562506E-16));
#6576=DIRECTION('ref_axis',(9.48150126467562E-32,-4.2700885562506E-16,1.));
#6577=DIRECTION('',(9.48150126467562E-32,-4.2700885562506E-16,1.));
#6578=DIRECTION('',(0.965925826289068,1.03960594222042E-16,0.258819045102521));
#6579=DIRECTION('',(-0.707106781186548,-4.58950103307565E-16,0.707106781186547));
#6580=DIRECTION('center_axis',(-1.,-2.22044604925031E-16,0.));
#6581=DIRECTION('ref_axis',(0.,0.,1.));
#6582=DIRECTION('',(-9.48150126467562E-32,4.2700885562506E-16,-1.));
#6583=DIRECTION('',(2.22044604925031E-16,-1.,0.));
#6584=DIRECTION('center_axis',(-2.22044604925031E-16,1.,4.2700885562506E-16));
#6585=DIRECTION('ref_axis',(-9.48150126467562E-32,4.2700885562506E-16,-1.));
#6586=DIRECTION('',(0.707106781186548,4.58950103307565E-16,-0.707106781186547));
#6587=DIRECTION('',(-0.965925826289068,-1.03960594222042E-16,-0.258819045102521));
#6588=DIRECTION('center_axis',(-2.22044604925031E-16,1.,4.2700885562506E-16));
#6589=DIRECTION('ref_axis',(-9.48150126467562E-32,4.2700885562506E-16,-1.));
#6590=DIRECTION('',(0.965925826289068,3.24996642748439E-16,-0.258819045102521));
#6591=DIRECTION('',(-9.48150126467562E-32,4.2700885562506E-16,-1.));
#6592=DIRECTION('center_axis',(2.22044604925031E-16,-1.,-4.2700885562506E-16));
#6593=DIRECTION('ref_axis',(9.48150126467562E-32,-4.2700885562506E-16,1.));
#6594=DIRECTION('',(9.48150126467562E-32,-4.2700885562506E-16,1.));
#6595=DIRECTION('',(-0.965925826289068,-3.24996642748439E-16,0.258819045102521));
#6596=DIRECTION('center_axis',(-0.258819045102521,-5.74693726168631E-17,
0.965925826289068));
#6597=DIRECTION('ref_axis',(-2.22044604925031E-16,1.,0.));
#6598=DIRECTION('',(-2.22044604925031E-16,1.,0.));
#6599=DIRECTION('center_axis',(-0.258819045102521,-9.51130282972032E-16,
-0.965925826289068));
#6600=DIRECTION('ref_axis',(2.22044604925031E-16,-1.,9.25185853854297E-16));
#6601=DIRECTION('',(2.22044604925031E-16,-1.,9.25185853854297E-16));
#6602=DIRECTION('center_axis',(2.22044604925031E-16,-1.,-4.2700885562506E-16));
#6603=DIRECTION('ref_axis',(9.48150126467562E-32,-4.2700885562506E-16,1.));
#6604=DIRECTION('',(9.48150126467562E-32,-4.2700885562506E-16,1.));
#6605=DIRECTION('',(-0.965925826289068,-3.24996642748439E-16,0.258819045102521));
#6606=DIRECTION('center_axis',(-0.258819045102521,-5.74693726168631E-17,
0.965925826289068));
#6607=DIRECTION('ref_axis',(-2.22044604925031E-16,1.,0.));
#6608=DIRECTION('',(-2.22044604925031E-16,1.,0.));
#6609=DIRECTION('center_axis',(-0.258819045102521,-9.51130282972032E-16,
-0.965925826289068));
#6610=DIRECTION('ref_axis',(2.22044604925031E-16,-1.,9.25185853854297E-16));
#6611=DIRECTION('',(2.22044604925031E-16,-1.,9.25185853854297E-16));
#6612=DIRECTION('center_axis',(2.22044604925031E-16,-1.,-4.2700885562506E-16));
#6613=DIRECTION('ref_axis',(9.48150126467562E-32,-4.2700885562506E-16,1.));
#6614=DIRECTION('',(9.48150126467562E-32,-4.2700885562506E-16,1.));
#6615=DIRECTION('',(-0.965925826289068,-3.24996642748439E-16,0.258819045102521));
#6616=DIRECTION('center_axis',(-0.258819045102521,-5.74693726168631E-17,
0.965925826289068));
#6617=DIRECTION('ref_axis',(-2.22044604925031E-16,1.,0.));
#6618=DIRECTION('',(-2.22044604925031E-16,1.,0.));
#6619=DIRECTION('center_axis',(-0.258819045102521,-9.51130282972032E-16,
-0.965925826289068));
#6620=DIRECTION('ref_axis',(2.22044604925031E-16,-1.,9.25185853854297E-16));
#6621=DIRECTION('',(2.22044604925031E-16,-1.,9.25185853854297E-16));
#6622=DIRECTION('center_axis',(2.22044604925031E-16,-1.,-4.2700885562506E-16));
#6623=DIRECTION('ref_axis',(9.48150126467562E-32,-4.2700885562506E-16,1.));
#6624=DIRECTION('',(9.48150126467562E-32,-4.2700885562506E-16,1.));
#6625=DIRECTION('',(-0.965925826289068,-3.24996642748439E-16,0.258819045102521));
#6626=DIRECTION('center_axis',(-0.258819045102521,-5.74693726168631E-17,
0.965925826289068));
#6627=DIRECTION('ref_axis',(-2.22044604925031E-16,1.,0.));
#6628=DIRECTION('',(-2.22044604925031E-16,1.,0.));
#6629=DIRECTION('center_axis',(-0.258819045102521,-9.51130282972032E-16,
-0.965925826289068));
#6630=DIRECTION('ref_axis',(2.22044604925031E-16,-1.,9.25185853854297E-16));
#6631=DIRECTION('',(2.22044604925031E-16,-1.,9.25185853854297E-16));
#6632=DIRECTION('center_axis',(2.22044604925031E-16,-1.,-4.2700885562506E-16));
#6633=DIRECTION('ref_axis',(9.48150126467562E-32,-4.2700885562506E-16,1.));
#6634=DIRECTION('',(9.48150126467562E-32,-4.2700885562506E-16,1.));
#6635=DIRECTION('',(-0.965925826289068,-3.24996642748439E-16,0.258819045102521));
#6636=DIRECTION('center_axis',(-0.258819045102521,-5.74693726168631E-17,
0.965925826289068));
#6637=DIRECTION('ref_axis',(-2.22044604925031E-16,1.,0.));
#6638=DIRECTION('',(-2.22044604925031E-16,1.,0.));
#6639=DIRECTION('center_axis',(-0.258819045102521,-9.51130282972032E-16,
-0.965925826289068));
#6640=DIRECTION('ref_axis',(2.22044604925031E-16,-1.,9.25185853854297E-16));
#6641=DIRECTION('',(2.22044604925031E-16,-1.,9.25185853854297E-16));
#6642=DIRECTION('center_axis',(2.22044604925031E-16,-1.,-4.2700885562506E-16));
#6643=DIRECTION('ref_axis',(9.48150126467562E-32,-4.2700885562506E-16,1.));
#6644=DIRECTION('',(9.48150126467562E-32,-4.2700885562506E-16,1.));
#6645=DIRECTION('',(-0.965925826289068,-3.24996642748439E-16,0.258819045102521));
#6646=DIRECTION('center_axis',(-0.258819045102521,-5.74693726168631E-17,
0.965925826289068));
#6647=DIRECTION('ref_axis',(-2.22044604925031E-16,1.,0.));
#6648=DIRECTION('',(-2.22044604925031E-16,1.,0.));
#6649=DIRECTION('center_axis',(-0.258819045102521,-9.51130282972032E-16,
-0.965925826289068));
#6650=DIRECTION('ref_axis',(2.22044604925031E-16,-1.,9.25185853854297E-16));
#6651=DIRECTION('',(2.22044604925031E-16,-1.,9.25185853854297E-16));
#6652=DIRECTION('center_axis',(-1.,-2.22044604925031E-16,0.));
#6653=DIRECTION('ref_axis',(0.,0.,1.));
#6654=DIRECTION('',(-2.22044604925031E-16,1.,0.));
#6655=DIRECTION('',(2.09179017262727E-32,-5.90544162034657E-17,1.));
#6656=DIRECTION('',(3.54214012618502E-16,-1.,-1.18108832406932E-16));
#6657=DIRECTION('',(0.,0.,-1.));
#6658=DIRECTION('',(-2.22044604925031E-16,1.,0.));
#6659=DIRECTION('',(-2.22044604925031E-16,1.,0.));
#6660=DIRECTION('',(-2.22044604925031E-16,1.,0.));
#6661=DIRECTION('',(-2.22044604925031E-16,1.,0.));
#6662=DIRECTION('',(-2.22044604925031E-16,1.,0.));
#6663=DIRECTION('',(-2.22044604925031E-16,1.,0.));
#6664=DIRECTION('center_axis',(0.707106781186547,1.57009245868377E-16,0.707106781186548));
#6665=DIRECTION('ref_axis',(-2.22044604925031E-16,1.,0.));
#6666=DIRECTION('',(0.707106781186548,1.57009245868378E-16,-0.707106781186547));
#6667=DIRECTION('',(2.22044604925031E-16,-1.,0.));
#6668=DIRECTION('',(-0.707106781186548,-1.98767024024861E-16,0.707106781186547));
#6669=DIRECTION('center_axis',(-3.54214012618502E-16,1.,0.));
#6670=DIRECTION('ref_axis',(0.707106781186548,1.57009245868377E-16,0.707106781186548));
#6671=DIRECTION('center_axis',(2.22044604925031E-16,-1.,0.));
#6672=DIRECTION('ref_axis',(0.707106781186548,1.57009245868377E-16,0.707106781186548));
#6673=DIRECTION('',(3.54214012618502E-16,-1.,0.));
#6674=DIRECTION('center_axis',(-2.22044604925031E-16,1.,0.));
#6675=DIRECTION('ref_axis',(0.707106781186548,1.57009245868377E-16,0.707106781186548));
#6676=DIRECTION('',(-3.54214012618502E-16,1.,0.));
#6677=DIRECTION('center_axis',(-2.22044604925031E-16,1.,0.));
#6678=DIRECTION('ref_axis',(0.,0.,-1.));
#6679=DIRECTION('',(-1.,-2.22044604925031E-16,0.));
#6680=DIRECTION('',(-1.,-2.22044604925031E-16,0.));
#6681=DIRECTION('',(0.,0.,-1.));
#6682=DIRECTION('center_axis',(0.,0.,1.));
#6683=DIRECTION('ref_axis',(-2.22044604925031E-16,1.,0.));
#6684=DIRECTION('',(-1.,-2.22044604925031E-16,0.));
#6685=DIRECTION('',(-2.22044604925031E-16,1.,0.));
#6686=DIRECTION('',(1.,3.7915163671161E-16,0.));
#6687=DIRECTION('',(-2.22044604925031E-16,1.,0.));
#6688=DIRECTION('',(1.,2.22044604925031E-16,0.));
#6689=DIRECTION('',(2.22044604925031E-16,-1.,0.));
#6690=DIRECTION('',(1.,3.7915163671161E-16,0.));
#6691=DIRECTION('',(3.54214012618502E-16,-1.,0.));
#6692=DIRECTION('',(1.,2.22044604925031E-16,0.));
#6693=DIRECTION('center_axis',(-3.54214012618502E-16,1.,0.));
#6694=DIRECTION('ref_axis',(0.707106781186548,1.57009245868377E-16,0.707106781186548));
#6695=DIRECTION('center_axis',(-3.7915163671161E-16,1.,0.));
#6696=DIRECTION('ref_axis',(0.707106781186548,1.57009245868377E-16,0.707106781186548));
#6697=DIRECTION('',(-3.54214012618502E-16,1.,0.));
#6698=DIRECTION('center_axis',(2.22044604925031E-16,-1.,-5.90544162034657E-17));
#6699=DIRECTION('ref_axis',(0.707106781186548,1.57009245868377E-16,0.707106781186548));
#6700=DIRECTION('center_axis',(2.22044604925031E-16,-1.,-5.90544162034657E-17));
#6701=DIRECTION('ref_axis',(2.09179017262727E-32,-5.90544162034657E-17,
1.));
#6702=DIRECTION('',(2.09179017262727E-32,-5.90544162034657E-17,1.));
#6703=DIRECTION('',(-1.,-2.22044604925031E-16,0.));
#6704=DIRECTION('center_axis',(-2.62254290299539E-32,1.18108832406932E-16,
-1.));
#6705=DIRECTION('ref_axis',(3.54214012618502E-16,-1.,-1.18108832406932E-16));
#6706=DIRECTION('',(3.54214012618502E-16,-1.,-1.18108832406932E-16));
#6707=DIRECTION('center_axis',(1.,3.54214012618502E-16,0.));
#6708=DIRECTION('ref_axis',(-3.54214012618502E-16,1.,0.));
#6709=DIRECTION('',(0.,0.,1.));
#6710=DIRECTION('',(-3.54214012618502E-16,1.,0.));
#6711=DIRECTION('',(0.,0.,1.));
#6712=DIRECTION('center_axis',(-0.64018439966448,-1.42149492102668E-16,
0.768221279597376));
#6713=DIRECTION('ref_axis',(-2.22044604925031E-16,1.,0.));
#6714=DIRECTION('',(0.768221279597376,2.91272355516032E-16,0.64018439966448));
#6715=DIRECTION('',(-0.768221279597376,-1.70579390523201E-16,-0.64018439966448));
#6716=DIRECTION('',(2.22044604925031E-16,-1.,0.));
#6717=DIRECTION('center_axis',(-2.22044604925031E-16,1.,0.));
#6718=DIRECTION('ref_axis',(-1.,-2.22044604925031E-16,0.));
#6719=DIRECTION('',(-1.,-2.22044604925031E-16,0.));
#6720=DIRECTION('',(0.,0.,1.));
#6721=DIRECTION('center_axis',(2.22044604925031E-16,-1.,0.));
#6722=DIRECTION('ref_axis',(-1.,-2.22044604925031E-16,0.));
#6723=DIRECTION('',(-1.,-2.22044604925031E-16,0.));
#6724=DIRECTION('',(0.,0.,-1.));
#6725=DIRECTION('',(1.,2.22044604925031E-16,0.));
#6726=DIRECTION('',(0.,0.,-1.));
#6727=DIRECTION('center_axis',(-1.,-2.22044604925031E-16,0.));
#6728=DIRECTION('ref_axis',(-2.22044604925031E-16,1.,0.));
#6729=DIRECTION('',(-2.22044604925031E-16,1.,0.));
#6730=DIRECTION('',(0.,0.,-1.));
#6731=DIRECTION('',(2.22044604925031E-16,-1.,0.));
#6732=DIRECTION('center_axis',(4.10299813448427E-17,-1.,0.));
#6733=DIRECTION('ref_axis',(-1.,-4.10299813448427E-17,0.));
#6734=DIRECTION('',(-1.,-4.10299813448427E-17,0.));
#6735=DIRECTION('',(0.,0.,-1.));
#6736=DIRECTION('',(1.,4.10299813448427E-17,0.));
#6737=DIRECTION('',(0.,0.,-1.));
#6738=DIRECTION('center_axis',(1.,2.22044604925031E-16,0.));
#6739=DIRECTION('ref_axis',(2.22044604925031E-16,-1.,0.));
#6740=DIRECTION('',(2.22044604925031E-16,-1.,0.));
#6741=DIRECTION('',(0.,0.,-1.));
#6742=DIRECTION('',(-2.22044604925031E-16,1.,0.));
#6743=DIRECTION('center_axis',(-6.69715179370659E-16,1.,0.));
#6744=DIRECTION('ref_axis',(1.,6.69715179370659E-16,0.));
#6745=DIRECTION('',(1.,6.69715179370659E-16,0.));
#6746=DIRECTION('',(0.,0.,-1.));
#6747=DIRECTION('',(-1.,-6.69715179370659E-16,0.));
#6748=DIRECTION('center_axis',(1.,4.29763751467802E-17,0.));
#6749=DIRECTION('ref_axis',(4.29763751467802E-17,-1.,0.));
#6750=DIRECTION('',(4.29763751467802E-17,-1.,0.));
#6751=DIRECTION('',(-4.29763751467802E-17,1.,0.));
#6752=DIRECTION('center_axis',(-2.22044604925031E-16,1.,0.));
#6753=DIRECTION('ref_axis',(1.,2.22044604925031E-16,0.));
#6754=DIRECTION('',(1.,2.22044604925031E-16,0.));
#6755=DIRECTION('',(0.,0.,-1.));
#6756=DIRECTION('',(-1.,-2.22044604925031E-16,0.));
#6757=DIRECTION('center_axis',(-1.,-4.21473555644734E-17,0.));
#6758=DIRECTION('ref_axis',(-4.21473555644734E-17,1.,0.));
#6759=DIRECTION('',(-4.21473555644734E-17,1.,0.));
#6760=DIRECTION('',(4.21473555644734E-17,-1.,0.));
#6761=DIRECTION('center_axis',(0.,0.,1.));
#6762=DIRECTION('ref_axis',(-2.22044604925031E-16,1.,0.));
#6763=DIRECTION('center_axis',(0.,0.,1.));
#6764=DIRECTION('ref_axis',(-2.22044604925031E-16,1.,0.));
#6765=DIRECTION('',(1.,3.37692836656818E-16,0.));
#6766=DIRECTION('',(9.90768648557892E-17,-1.,0.));
#6767=DIRECTION('',(-1.,9.25185853854309E-18,0.));
#6768=DIRECTION('',(-2.22044604925031E-16,1.,0.));
#6769=DIRECTION('center_axis',(-1.,-9.90768648557892E-17,0.));
#6770=DIRECTION('ref_axis',(9.90768648557892E-17,-1.,0.));
#6771=DIRECTION('',(9.90768648557892E-17,-1.,0.));
#6772=DIRECTION('',(0.,0.,1.));
#6773=DIRECTION('',(0.,0.,1.));
#6774=DIRECTION('center_axis',(9.25185853854309E-18,1.,0.));
#6775=DIRECTION('ref_axis',(-1.,9.25185853854309E-18,0.));
#6776=DIRECTION('',(-1.,9.25185853854309E-18,0.));
#6777=DIRECTION('',(0.,0.,1.));
#6778=DIRECTION('center_axis',(1.,2.22044604925031E-16,0.));
#6779=DIRECTION('ref_axis',(-2.22044604925031E-16,1.,0.));
#6780=DIRECTION('',(-2.22044604925031E-16,1.,0.));
#6781=DIRECTION('',(0.,0.,1.));
#6782=DIRECTION('center_axis',(3.37692836656818E-16,-1.,0.));
#6783=DIRECTION('ref_axis',(1.,3.37692836656818E-16,0.));
#6784=DIRECTION('',(1.,3.37692836656818E-16,0.));
#6785=DIRECTION('center_axis',(0.,0.,1.));
#6786=DIRECTION('ref_axis',(-2.22044604925031E-16,1.,0.));
#6787=DIRECTION('center_axis',(1.57009245868377E-16,-0.707106781186548,
0.707106781186548));
#6788=DIRECTION('ref_axis',(-1.57009245868377E-16,0.707106781186548,0.707106781186548));
#6789=DIRECTION('',(1.57009245868377E-16,-0.707106781186548,-0.707106781186548));
#6790=DIRECTION('',(1.,2.22044604925031E-16,0.));
#6791=DIRECTION('',(-3.75077642907791E-16,0.707106781186548,0.707106781186548));
#6792=DIRECTION('',(1.,2.22044604925031E-16,0.));
#6793=DIRECTION('center_axis',(1.,2.22044604925031E-16,3.083952846181E-16));
#6794=DIRECTION('ref_axis',(-3.083952846181E-16,-6.84775091337685E-32,1.));
#6795=DIRECTION('',(-3.083952846181E-16,-6.84775091337685E-32,1.));
#6796=DIRECTION('',(2.22044604925031E-16,-1.,0.));
#6797=DIRECTION('',(3.083952846181E-16,6.84775091337685E-32,-1.));
#6798=DIRECTION('center_axis',(-1.,-2.22044604925031E-16,0.));
#6799=DIRECTION('ref_axis',(0.,0.,-1.));
#6800=DIRECTION('',(0.,0.,1.));
#6801=DIRECTION('',(-2.22044604925031E-16,1.,0.));
#6802=DIRECTION('',(0.,0.,-1.));
#6803=DIRECTION('center_axis',(-2.22044604925031E-16,1.,0.));
#6804=DIRECTION('ref_axis',(0.,0.,-1.));
#6805=DIRECTION('',(1.,2.22044604925031E-16,0.));
#6806=DIRECTION('center_axis',(0.,0.,-1.));
#6807=DIRECTION('ref_axis',(2.22044604925031E-16,-1.,0.));
#6808=DIRECTION('',(-1.,-3.7915163671161E-16,0.));
#6809=DIRECTION('',(2.22044604925031E-16,-1.,0.));
#6810=DIRECTION('',(-1.,-2.22044604925031E-16,0.));
#6811=DIRECTION('',(-1.,-2.22044604925031E-16,0.));
#6812=DIRECTION('',(-2.22044604925031E-16,1.,0.));
#6813=DIRECTION('center_axis',(0.,0.,1.));
#6814=DIRECTION('ref_axis',(-2.22044604925031E-16,1.,0.));
#6815=DIRECTION('',(1.,3.7915163671161E-16,0.));
#6816=DIRECTION('',(2.22044604925031E-16,-1.,0.));
#6817=DIRECTION('center_axis',(0.,0.,1.));
#6818=DIRECTION('ref_axis',(1.,2.22044604925031E-16,0.));
#6819=DIRECTION('',(1.,2.22044604925031E-16,0.));
#6820=DIRECTION('',(-2.22044604925031E-16,1.,0.));
#6821=DIRECTION('',(1.,2.22044604925031E-16,0.));
#6822=DIRECTION('',(-2.22044604925031E-16,1.,0.));
#6823=DIRECTION('center_axis',(-2.22044604925031E-16,1.,0.));
#6824=DIRECTION('ref_axis',(0.,0.,-1.));
#6825=DIRECTION('',(1.22464679914735E-16,2.71926214689378E-32,-1.));
#6826=DIRECTION('',(0.,0.,1.));
#6827=DIRECTION('center_axis',(1.,2.22044604925031E-16,0.));
#6828=DIRECTION('ref_axis',(2.22044604925031E-16,-1.,0.));
#6829=DIRECTION('',(0.,0.,-1.));
#6830=DIRECTION('',(0.,0.,-1.));
#6831=DIRECTION('center_axis',(-2.22044604925031E-16,1.,0.));
#6832=DIRECTION('ref_axis',(1.,2.22044604925031E-16,0.));
#6833=DIRECTION('',(0.,0.,-1.));
#6834=DIRECTION('center_axis',(-1.,-2.22044604925031E-16,0.));
#6835=DIRECTION('ref_axis',(-2.22044604925031E-16,1.,0.));
#6836=DIRECTION('',(0.,0.,1.));
#6837=DIRECTION('center_axis',(3.7915163671161E-16,-1.,0.));
#6838=DIRECTION('ref_axis',(1.,3.7915163671161E-16,0.));
#6839=DIRECTION('',(0.,0.,1.));
#6840=DIRECTION('center_axis',(-1.,-2.22044604925031E-16,0.));
#6841=DIRECTION('ref_axis',(2.22044604925031E-16,-1.,0.));
#6842=DIRECTION('center_axis',(1.,2.22044604925031E-16,0.));
#6843=DIRECTION('ref_axis',(0.,0.,-1.));
#6844=DIRECTION('',(-2.22044604925031E-16,1.,0.));
#6845=DIRECTION('',(0.,0.,1.));
#6846=DIRECTION('',(2.22044604925031E-16,-1.,0.));
#6847=DIRECTION('',(0.,0.,-1.));
#6848=DIRECTION('',(0.,0.,-1.));
#6849=DIRECTION('center_axis',(1.,1.74191246603091E-16,8.4906121827856E-17));
#6850=DIRECTION('ref_axis',(8.4906121827856E-17,1.88529462769829E-32,-1.));
#6851=DIRECTION('',(0.,0.,-1.));
#6852=DIRECTION('',(-2.22044604925031E-16,1.,0.));
#6853=DIRECTION('',(0.,0.,1.));
#6854=DIRECTION('',(0.,0.,1.));
#6855=DIRECTION('',(2.22044604925031E-16,-1.,0.));
#6856=DIRECTION('',(0.,0.,-1.));
#6857=DIRECTION('center_axis',(1.,1.69635878170498E-15,-4.27381121158682E-17));
#6858=DIRECTION('ref_axis',(-4.27381121158682E-17,-9.48976722000965E-33,
-1.));
#6859=DIRECTION('',(0.,0.,1.));
#6860=DIRECTION('',(2.22044604925031E-16,-1.,0.));
#6861=DIRECTION('',(-5.07040011775684E-15,0.994797022963533,-0.101876803556507));
#6862=DIRECTION('',(-1.15541161147868E-15,1.,0.));
#6863=DIRECTION('center_axis',(1.,1.02325418829938E-15,1.75922517456505E-17));
#6864=DIRECTION('ref_axis',(1.75922517456505E-17,3.90626458860467E-33,-1.));
#6865=DIRECTION('',(2.21286612909354E-16,-0.996586307440646,-0.0825574455867996));
#6866=DIRECTION('',(-4.39032146432336E-17,0.197722501107634,0.980258033660394));
#6867=DIRECTION('',(-1.76932795995756E-15,1.,0.));
#6868=DIRECTION('',(0.,0.,1.));
#6869=DIRECTION('',(1.46319367652321E-15,-1.,0.));
#6870=DIRECTION('',(4.11157277596418E-17,-0.18516877621739,-0.982706733626138));
#6871=DIRECTION('',(-2.20122187852265E-16,0.991342203187439,-0.131303603071184));
#6872=DIRECTION('center_axis',(1.,2.22044604925031E-16,0.));
#6873=DIRECTION('ref_axis',(0.,0.,-1.));
#6874=DIRECTION('',(-2.21315293224052E-16,0.996715472095232,0.080983132107737));
#6875=DIRECTION('center_axis',(1.,2.22044604925031E-16,0.));
#6876=DIRECTION('ref_axis',(0.,0.,-1.));
#6877=DIRECTION('',(0.,0.,-1.));
#6878=DIRECTION('',(-2.22044604925031E-16,1.,0.));
#6879=DIRECTION('',(0.,0.,1.));
#6880=DIRECTION('',(-2.22044604925031E-16,1.,0.));
#6881=DIRECTION('',(0.,0.,1.));
#6882=DIRECTION('',(2.22044604925031E-16,-1.,0.));
#6883=DIRECTION('',(0.,0.,1.));
#6884=DIRECTION('',(2.22044604925031E-16,-1.,0.));
#6885=DIRECTION('',(1.27764035930509E-16,-0.575398064607993,-0.817873503205341));
#6886=DIRECTION('',(0.,0.,-1.));
#6887=DIRECTION('',(-2.22044604925031E-16,1.,0.));
#6888=DIRECTION('',(2.22044604925031E-16,-1.,0.));
#6889=DIRECTION('',(-1.26630215480206E-16,0.570291791250503,0.821442190803645));
#6890=DIRECTION('',(0.,0.,-1.));
#6891=DIRECTION('center_axis',(1.,4.79822221484756E-16,2.70436837098609E-17));
#6892=DIRECTION('ref_axis',(2.70436837098609E-17,6.00490406507356E-33,-1.));
#6893=DIRECTION('',(2.20179521545343E-16,-0.991600411186222,-0.129339184067767));
#6894=DIRECTION('',(-2.18527862775163E-16,0.984162001364296,-0.177271416394812));
#6895=DIRECTION('',(2.65788507075791E-17,-0.119700502142589,-0.992810047182648));
#6896=DIRECTION('center_axis',(-1.,-2.35242124324202E-16,-1.36615724616117E-18));
#6897=DIRECTION('ref_axis',(-1.36615724616117E-18,-3.03347845989326E-34,
1.));
#6898=DIRECTION('center_axis',(1.,2.22044604925031E-16,0.));
#6899=DIRECTION('ref_axis',(0.,0.,-1.));
#6900=DIRECTION('',(0.,0.,-1.));
#6901=DIRECTION('',(-2.22044604925031E-16,1.,0.));
#6902=DIRECTION('',(0.,0.,1.));
#6903=DIRECTION('',(-9.06859059524076E-16,0.556560213550827,-0.83080727530051));
#6904=DIRECTION('',(-2.22044604925031E-16,1.,0.));
#6905=DIRECTION('',(0.,0.,1.));
#6906=DIRECTION('',(2.22044604925031E-16,-1.,0.));
#6907=DIRECTION('',(0.,0.,-1.));
#6908=DIRECTION('',(9.06859059524076E-16,-0.556560213550827,0.83080727530051));
#6909=DIRECTION('',(2.22044604925031E-16,-1.,0.));
#6910=CARTESIAN_POINT('',(0.,0.,0.));
#6911=CARTESIAN_POINT('Origin',(9.01,13.3,7.85));
#6912=CARTESIAN_POINT('',(8.11,13.3,8.4));
#6913=CARTESIAN_POINT('',(8.11,13.3,7.67679989818912));
#6914=CARTESIAN_POINT('',(8.11,13.3,8.1));
#6915=CARTESIAN_POINT('',(7.62794919243112,13.3,8.88205080756887));
#6916=CARTESIAN_POINT('',(7.67249999999999,13.3,8.8375));
#6917=CARTESIAN_POINT('',(10.81,13.3,8.88205080756887));
#6918=CARTESIAN_POINT('',(7.51,13.3,8.88205080756887));
#6919=CARTESIAN_POINT('',(10.91,13.3,8.78205080756887));
#6920=CARTESIAN_POINT('Origin',(10.81,13.3,8.78205080756887));
#6921=CARTESIAN_POINT('',(10.91,13.3,8.35851052526567));
#6922=CARTESIAN_POINT('',(10.91,13.3,8.78205080756887));
#6923=CARTESIAN_POINT('',(10.7349148529556,13.3,8.16006846797387));
#6924=CARTESIAN_POINT('Origin',(10.71,13.3,8.35851052526567));
#6925=CARTESIAN_POINT('',(8.44771286761103,13.3,7.87290504141862));
#6926=CARTESIAN_POINT('',(10.7349148529556,13.3,8.16006846797387));
#6927=CARTESIAN_POINT('Origin',(8.51,13.3,7.37679989818912));
#6928=CARTESIAN_POINT('Origin',(7.71,12.1,6.81794919243112));
#6929=CARTESIAN_POINT('',(7.11,12.1,6.81794919243112));
#6930=CARTESIAN_POINT('',(7.71,12.1,6.81794919243112));
#6931=CARTESIAN_POINT('',(7.91,12.1,6.81794919243112));
#6932=CARTESIAN_POINT('',(7.10999999999999,13.3,6.81794919243112));
#6933=CARTESIAN_POINT('',(7.10999999999999,13.,6.81794919243112));
#6934=CARTESIAN_POINT('',(7.71,13.3,6.81794919243112));
#6935=CARTESIAN_POINT('',(7.91,13.3,6.81794919243112));
#6936=CARTESIAN_POINT('',(7.71,12.1,6.81794919243112));
#6937=CARTESIAN_POINT('Origin',(7.71,12.1,7.11794919243112));
#6938=CARTESIAN_POINT('',(8.01,12.1,7.11794919243112));
#6939=CARTESIAN_POINT('Origin',(7.71,12.1,7.11794919243112));
#6940=CARTESIAN_POINT('',(8.01,13.3,7.11794919243112));
#6941=CARTESIAN_POINT('Origin',(7.71,13.3,7.11794919243112));
#6942=CARTESIAN_POINT('',(8.01,12.1,7.11794919243112));
#6943=CARTESIAN_POINT('Origin',(8.01,12.1,7.37679989818912));
#6944=CARTESIAN_POINT('',(8.01,12.1,7.37679989818912));
#6945=CARTESIAN_POINT('',(8.01,12.1,6.96339994909456));
#6946=CARTESIAN_POINT('',(8.01,13.3,7.37679989818912));
#6947=CARTESIAN_POINT('',(8.01,13.3,8.26339994909456));
#6948=CARTESIAN_POINT('',(8.01,12.1,7.37679989818912));
#6949=CARTESIAN_POINT('Origin',(8.51,12.1,7.37679989818912));
#6950=CARTESIAN_POINT('',(8.44771286761103,12.1,7.87290504141862));
#6951=CARTESIAN_POINT('',(8.11,12.1,7.67679989818912));
#6952=CARTESIAN_POINT('Origin',(8.51,12.1,7.37679989818912));
#6953=CARTESIAN_POINT('Origin',(8.51,12.1,7.37679989818912));
#6954=CARTESIAN_POINT('Origin',(8.51,13.3,7.37679989818912));
#6955=CARTESIAN_POINT('',(8.44771286761103,12.1,7.87290504141862));
#6956=CARTESIAN_POINT('Origin',(10.7349148529556,12.1,8.16006846797387));
#6957=CARTESIAN_POINT('',(10.7349148529556,12.1,8.16006846797387));
#6958=CARTESIAN_POINT('',(10.7349148529556,12.1,8.16006846797387));
#6959=CARTESIAN_POINT('',(10.7349148529556,12.1,8.16006846797387));
#6960=CARTESIAN_POINT('Origin',(10.71,12.1,8.35851052526567));
#6961=CARTESIAN_POINT('',(10.91,12.1,8.35851052526567));
#6962=CARTESIAN_POINT('Origin',(10.71,12.1,8.35851052526567));
#6963=CARTESIAN_POINT('',(10.91,12.1,8.35851052526567));
#6964=CARTESIAN_POINT('Origin',(10.91,12.1,8.78205080756887));
#6965=CARTESIAN_POINT('',(10.91,12.1,8.78205080756887));
#6966=CARTESIAN_POINT('',(10.91,12.1,8.78205080756887));
#6967=CARTESIAN_POINT('',(10.91,12.1,8.78205080756887));
#6968=CARTESIAN_POINT('Origin',(10.81,12.1,8.78205080756887));
#6969=CARTESIAN_POINT('',(10.81,12.1,8.88205080756887));
#6970=CARTESIAN_POINT('Origin',(10.81,12.1,8.78205080756887));
#6971=CARTESIAN_POINT('',(10.81,12.1,8.88205080756887));
#6972=CARTESIAN_POINT('Origin',(7.51,12.1,8.88205080756887));
#6973=CARTESIAN_POINT('',(7.62794919243112,12.1,8.88205080756887));
#6974=CARTESIAN_POINT('',(7.51,12.1,8.88205080756887));
#6975=CARTESIAN_POINT('',(7.81,12.1,8.88205080756887));
#6976=CARTESIAN_POINT('',(7.51,12.1,8.88205080756887));
#6977=CARTESIAN_POINT('',(7.51,13.3,8.88205080756887));
#6978=CARTESIAN_POINT('',(7.81,13.3,8.88205080756887));
#6979=CARTESIAN_POINT('',(7.51,12.1,8.88205080756887));
#6980=CARTESIAN_POINT('Origin',(7.51,12.1,8.48205080756887));
#6981=CARTESIAN_POINT('',(7.11,12.1,8.48205080756887));
#6982=CARTESIAN_POINT('Origin',(7.51,12.1,8.48205080756887));
#6983=CARTESIAN_POINT('',(7.10999999999999,13.3,8.48205080756887));
#6984=CARTESIAN_POINT('Origin',(7.51,13.3,8.48205080756887));
#6985=CARTESIAN_POINT('',(7.10999999999999,12.1,8.48205080756887));
#6986=CARTESIAN_POINT('Origin',(9.01,12.1,7.85));
#6987=CARTESIAN_POINT('',(8.11,12.1,8.4));
#6988=CARTESIAN_POINT('',(8.11,12.1,6.8));
#6989=CARTESIAN_POINT('',(8.32249999999999,12.1,8.1875));
#6990=CARTESIAN_POINT('Origin',(9.01,10.76,7.85));
#6991=CARTESIAN_POINT('',(8.11,10.76,8.4));
#6992=CARTESIAN_POINT('',(8.11,10.76,7.67679989818912));
#6993=CARTESIAN_POINT('',(8.11,10.76,8.1));
#6994=CARTESIAN_POINT('',(7.62794919243112,10.76,8.88205080756887));
#6995=CARTESIAN_POINT('',(7.6725,10.76,8.8375));
#6996=CARTESIAN_POINT('',(10.81,10.76,8.88205080756887));
#6997=CARTESIAN_POINT('',(7.51,10.76,8.88205080756887));
#6998=CARTESIAN_POINT('',(10.91,10.76,8.78205080756887));
#6999=CARTESIAN_POINT('Origin',(10.81,10.76,8.78205080756887));
#7000=CARTESIAN_POINT('',(10.91,10.76,8.35851052526567));
#7001=CARTESIAN_POINT('',(10.91,10.76,8.78205080756887));
#7002=CARTESIAN_POINT('',(10.7349148529556,10.76,8.16006846797387));
#7003=CARTESIAN_POINT('Origin',(10.71,10.76,8.35851052526567));
#7004=CARTESIAN_POINT('',(8.44771286761103,10.76,7.87290504141862));
#7005=CARTESIAN_POINT('',(10.7349148529556,10.76,8.16006846797387));
#7006=CARTESIAN_POINT('Origin',(8.51,10.76,7.37679989818912));
#7007=CARTESIAN_POINT('Origin',(7.71,9.56,6.81794919243112));
#7008=CARTESIAN_POINT('',(7.11,9.56,6.81794919243112));
#7009=CARTESIAN_POINT('',(7.71,9.56,6.81794919243112));
#7010=CARTESIAN_POINT('',(7.91,9.56,6.81794919243112));
#7011=CARTESIAN_POINT('',(7.11,10.76,6.81794919243112));
#7012=CARTESIAN_POINT('',(7.11,10.46,6.81794919243112));
#7013=CARTESIAN_POINT('',(7.71,10.76,6.81794919243112));
#7014=CARTESIAN_POINT('',(7.91,10.76,6.81794919243112));
#7015=CARTESIAN_POINT('',(7.71,9.56,6.81794919243112));
#7016=CARTESIAN_POINT('Origin',(7.71,9.56,7.11794919243112));
#7017=CARTESIAN_POINT('',(8.01,9.56,7.11794919243112));
#7018=CARTESIAN_POINT('Origin',(7.71,9.56,7.11794919243112));
#7019=CARTESIAN_POINT('',(8.01,10.76,7.11794919243112));
#7020=CARTESIAN_POINT('Origin',(7.71,10.76,7.11794919243112));
#7021=CARTESIAN_POINT('',(8.01,9.56,7.11794919243112));
#7022=CARTESIAN_POINT('Origin',(8.01,9.56,7.37679989818912));
#7023=CARTESIAN_POINT('',(8.01,9.56,7.37679989818912));
#7024=CARTESIAN_POINT('',(8.01,9.56,6.96339994909456));
#7025=CARTESIAN_POINT('',(8.01,10.76,7.37679989818912));
#7026=CARTESIAN_POINT('',(8.01,10.76,8.26339994909456));
#7027=CARTESIAN_POINT('',(8.01,9.56,7.37679989818912));
#7028=CARTESIAN_POINT('Origin',(8.51,9.56,7.37679989818912));
#7029=CARTESIAN_POINT('',(8.44771286761103,9.56,7.87290504141862));
#7030=CARTESIAN_POINT('',(8.11,9.56,7.67679989818912));
#7031=CARTESIAN_POINT('Origin',(8.51,9.56,7.37679989818912));
#7032=CARTESIAN_POINT('Origin',(8.51,9.56,7.37679989818912));
#7033=CARTESIAN_POINT('Origin',(8.51,10.76,7.37679989818912));
#7034=CARTESIAN_POINT('',(8.44771286761103,9.56,7.87290504141862));
#7035=CARTESIAN_POINT('Origin',(10.7349148529556,9.56,8.16006846797387));
#7036=CARTESIAN_POINT('',(10.7349148529556,9.56,8.16006846797387));
#7037=CARTESIAN_POINT('',(10.7349148529556,9.56,8.16006846797387));
#7038=CARTESIAN_POINT('',(10.7349148529556,9.56,8.16006846797387));
#7039=CARTESIAN_POINT('Origin',(10.71,9.56,8.35851052526567));
#7040=CARTESIAN_POINT('',(10.91,9.56,8.35851052526567));
#7041=CARTESIAN_POINT('Origin',(10.71,9.56,8.35851052526567));
#7042=CARTESIAN_POINT('',(10.91,9.56,8.35851052526567));
#7043=CARTESIAN_POINT('Origin',(10.91,9.56,8.78205080756887));
#7044=CARTESIAN_POINT('',(10.91,9.56,8.78205080756887));
#7045=CARTESIAN_POINT('',(10.91,9.56,8.78205080756887));
#7046=CARTESIAN_POINT('',(10.91,9.56,8.78205080756887));
#7047=CARTESIAN_POINT('Origin',(10.81,9.56,8.78205080756887));
#7048=CARTESIAN_POINT('',(10.81,9.56,8.88205080756887));
#7049=CARTESIAN_POINT('Origin',(10.81,9.56,8.78205080756887));
#7050=CARTESIAN_POINT('',(10.81,9.56,8.88205080756887));
#7051=CARTESIAN_POINT('Origin',(7.51,9.56,8.88205080756887));
#7052=CARTESIAN_POINT('',(7.62794919243112,9.56,8.88205080756887));
#7053=CARTESIAN_POINT('',(7.51,9.56,8.88205080756887));
#7054=CARTESIAN_POINT('',(7.81,9.56,8.88205080756887));
#7055=CARTESIAN_POINT('',(7.51,9.56,8.88205080756887));
#7056=CARTESIAN_POINT('',(7.51,10.76,8.88205080756887));
#7057=CARTESIAN_POINT('',(7.81,10.76,8.88205080756887));
#7058=CARTESIAN_POINT('',(7.51,9.56,8.88205080756887));
#7059=CARTESIAN_POINT('Origin',(7.51,9.56,8.48205080756887));
#7060=CARTESIAN_POINT('',(7.11,9.56,8.48205080756887));
#7061=CARTESIAN_POINT('Origin',(7.51,9.56,8.48205080756887));
#7062=CARTESIAN_POINT('',(7.11,10.76,8.48205080756887));
#7063=CARTESIAN_POINT('Origin',(7.51,10.76,8.48205080756887));
#7064=CARTESIAN_POINT('',(7.11,9.56,8.48205080756887));
#7065=CARTESIAN_POINT('Origin',(9.01,9.56,7.85));
#7066=CARTESIAN_POINT('',(8.11,9.56,8.4));
#7067=CARTESIAN_POINT('',(8.11,9.56,6.8));
#7068=CARTESIAN_POINT('',(8.32249999999999,9.56,8.1875));
#7069=CARTESIAN_POINT('Origin',(9.01,8.22,7.85));
#7070=CARTESIAN_POINT('',(8.11,8.22,8.4));
#7071=CARTESIAN_POINT('',(8.11,8.22,7.67679989818912));
#7072=CARTESIAN_POINT('',(8.11,8.22,8.1));
#7073=CARTESIAN_POINT('',(7.62794919243112,8.22,8.88205080756887));
#7074=CARTESIAN_POINT('',(7.6725,8.22,8.8375));
#7075=CARTESIAN_POINT('',(10.81,8.22,8.88205080756887));
#7076=CARTESIAN_POINT('',(7.51,8.22,8.88205080756887));
#7077=CARTESIAN_POINT('',(10.91,8.22,8.78205080756887));
#7078=CARTESIAN_POINT('Origin',(10.81,8.22,8.78205080756887));
#7079=CARTESIAN_POINT('',(10.91,8.22,8.35851052526567));
#7080=CARTESIAN_POINT('',(10.91,8.22,8.78205080756887));
#7081=CARTESIAN_POINT('',(10.7349148529556,8.22,8.16006846797387));
#7082=CARTESIAN_POINT('Origin',(10.71,8.22,8.35851052526567));
#7083=CARTESIAN_POINT('',(8.44771286761103,8.22,7.87290504141862));
#7084=CARTESIAN_POINT('',(10.7349148529556,8.22,8.16006846797387));
#7085=CARTESIAN_POINT('Origin',(8.51,8.22,7.37679989818912));
#7086=CARTESIAN_POINT('Origin',(7.71,7.02,6.81794919243112));
#7087=CARTESIAN_POINT('',(7.11,7.02,6.81794919243112));
#7088=CARTESIAN_POINT('',(7.71,7.02,6.81794919243112));
#7089=CARTESIAN_POINT('',(7.91,7.02,6.81794919243112));
#7090=CARTESIAN_POINT('',(7.11,8.22,6.81794919243112));
#7091=CARTESIAN_POINT('',(7.11,7.92,6.81794919243112));
#7092=CARTESIAN_POINT('',(7.71,8.22,6.81794919243112));
#7093=CARTESIAN_POINT('',(7.91,8.22,6.81794919243112));
#7094=CARTESIAN_POINT('',(7.71,7.02,6.81794919243112));
#7095=CARTESIAN_POINT('Origin',(7.71,7.02,7.11794919243112));
#7096=CARTESIAN_POINT('',(8.01,7.02,7.11794919243112));
#7097=CARTESIAN_POINT('Origin',(7.71,7.02,7.11794919243112));
#7098=CARTESIAN_POINT('',(8.01,8.22,7.11794919243112));
#7099=CARTESIAN_POINT('Origin',(7.71,8.22,7.11794919243112));
#7100=CARTESIAN_POINT('',(8.01,7.02,7.11794919243112));
#7101=CARTESIAN_POINT('Origin',(8.01,7.02,7.37679989818912));
#7102=CARTESIAN_POINT('',(8.01,7.02,7.37679989818912));
#7103=CARTESIAN_POINT('',(8.01,7.02,6.96339994909456));
#7104=CARTESIAN_POINT('',(8.01,8.22,7.37679989818912));
#7105=CARTESIAN_POINT('',(8.01,8.22,8.26339994909456));
#7106=CARTESIAN_POINT('',(8.01,7.02,7.37679989818912));
#7107=CARTESIAN_POINT('Origin',(8.51,7.02,7.37679989818912));
#7108=CARTESIAN_POINT('',(8.44771286761103,7.02,7.87290504141862));
#7109=CARTESIAN_POINT('',(8.11,7.02,7.67679989818912));
#7110=CARTESIAN_POINT('Origin',(8.51,7.02,7.37679989818912));
#7111=CARTESIAN_POINT('Origin',(8.51,7.02,7.37679989818912));
#7112=CARTESIAN_POINT('Origin',(8.51,8.22,7.37679989818912));
#7113=CARTESIAN_POINT('',(8.44771286761103,7.02,7.87290504141862));
#7114=CARTESIAN_POINT('Origin',(10.7349148529556,7.02,8.16006846797387));
#7115=CARTESIAN_POINT('',(10.7349148529556,7.02,8.16006846797387));
#7116=CARTESIAN_POINT('',(10.7349148529556,7.02,8.16006846797387));
#7117=CARTESIAN_POINT('',(10.7349148529556,7.02,8.16006846797387));
#7118=CARTESIAN_POINT('Origin',(10.71,7.02,8.35851052526567));
#7119=CARTESIAN_POINT('',(10.91,7.02,8.35851052526567));
#7120=CARTESIAN_POINT('Origin',(10.71,7.02,8.35851052526567));
#7121=CARTESIAN_POINT('',(10.91,7.02,8.35851052526567));
#7122=CARTESIAN_POINT('Origin',(10.91,7.02,8.78205080756887));
#7123=CARTESIAN_POINT('',(10.91,7.02,8.78205080756887));
#7124=CARTESIAN_POINT('',(10.91,7.02,8.78205080756887));
#7125=CARTESIAN_POINT('',(10.91,7.02,8.78205080756887));
#7126=CARTESIAN_POINT('Origin',(10.81,7.02,8.78205080756887));
#7127=CARTESIAN_POINT('',(10.81,7.02,8.88205080756887));
#7128=CARTESIAN_POINT('Origin',(10.81,7.02,8.78205080756887));
#7129=CARTESIAN_POINT('',(10.81,7.02,8.88205080756887));
#7130=CARTESIAN_POINT('Origin',(7.51,7.02,8.88205080756887));
#7131=CARTESIAN_POINT('',(7.62794919243112,7.02,8.88205080756887));
#7132=CARTESIAN_POINT('',(7.51,7.02,8.88205080756887));
#7133=CARTESIAN_POINT('',(7.81,7.02,8.88205080756887));
#7134=CARTESIAN_POINT('',(7.51,7.02,8.88205080756887));
#7135=CARTESIAN_POINT('',(7.51,8.22,8.88205080756887));
#7136=CARTESIAN_POINT('',(7.81,8.22,8.88205080756887));
#7137=CARTESIAN_POINT('',(7.51,7.02,8.88205080756887));
#7138=CARTESIAN_POINT('Origin',(7.51,7.02,8.48205080756887));
#7139=CARTESIAN_POINT('',(7.11,7.02,8.48205080756887));
#7140=CARTESIAN_POINT('Origin',(7.51,7.02,8.48205080756887));
#7141=CARTESIAN_POINT('',(7.11,8.22,8.48205080756887));
#7142=CARTESIAN_POINT('Origin',(7.51,8.22,8.48205080756887));
#7143=CARTESIAN_POINT('',(7.11,7.02,8.48205080756887));
#7144=CARTESIAN_POINT('Origin',(9.01,7.02,7.85));
#7145=CARTESIAN_POINT('',(8.11,7.02,8.4));
#7146=CARTESIAN_POINT('',(8.11,7.02,6.8));
#7147=CARTESIAN_POINT('',(8.3225,7.02,8.1875));
#7148=CARTESIAN_POINT('Origin',(9.01,5.68,7.85));
#7149=CARTESIAN_POINT('',(8.11,5.68,8.4));
#7150=CARTESIAN_POINT('',(8.11,5.68,7.67679989818912));
#7151=CARTESIAN_POINT('',(8.11,5.68,8.1));
#7152=CARTESIAN_POINT('',(7.62794919243112,5.68,8.88205080756887));
#7153=CARTESIAN_POINT('',(7.6725,5.68,8.8375));
#7154=CARTESIAN_POINT('',(10.81,5.68,8.88205080756887));
#7155=CARTESIAN_POINT('',(7.51,5.68,8.88205080756887));
#7156=CARTESIAN_POINT('',(10.91,5.68,8.78205080756887));
#7157=CARTESIAN_POINT('Origin',(10.81,5.68,8.78205080756887));
#7158=CARTESIAN_POINT('',(10.91,5.68,8.35851052526567));
#7159=CARTESIAN_POINT('',(10.91,5.68,8.78205080756887));
#7160=CARTESIAN_POINT('',(10.7349148529556,5.68,8.16006846797387));
#7161=CARTESIAN_POINT('Origin',(10.71,5.68,8.35851052526567));
#7162=CARTESIAN_POINT('',(8.44771286761103,5.68,7.87290504141862));
#7163=CARTESIAN_POINT('',(10.7349148529556,5.68,8.16006846797387));
#7164=CARTESIAN_POINT('Origin',(8.51,5.68,7.37679989818912));
#7165=CARTESIAN_POINT('Origin',(7.71,4.48,6.81794919243112));
#7166=CARTESIAN_POINT('',(7.11,4.48,6.81794919243112));
#7167=CARTESIAN_POINT('',(7.71,4.48,6.81794919243112));
#7168=CARTESIAN_POINT('',(7.91,4.48,6.81794919243112));
#7169=CARTESIAN_POINT('',(7.11,5.68,6.81794919243112));
#7170=CARTESIAN_POINT('',(7.11,5.38,6.81794919243112));
#7171=CARTESIAN_POINT('',(7.71,5.68,6.81794919243112));
#7172=CARTESIAN_POINT('',(7.91,5.68,6.81794919243112));
#7173=CARTESIAN_POINT('',(7.71,4.48,6.81794919243112));
#7174=CARTESIAN_POINT('Origin',(7.71,4.48,7.11794919243112));
#7175=CARTESIAN_POINT('',(8.01,4.48,7.11794919243112));
#7176=CARTESIAN_POINT('Origin',(7.71,4.48,7.11794919243112));
#7177=CARTESIAN_POINT('',(8.01,5.68,7.11794919243112));
#7178=CARTESIAN_POINT('Origin',(7.71,5.68,7.11794919243112));
#7179=CARTESIAN_POINT('',(8.01,4.48,7.11794919243112));
#7180=CARTESIAN_POINT('Origin',(8.01,4.48,7.37679989818912));
#7181=CARTESIAN_POINT('',(8.01,4.48,7.37679989818912));
#7182=CARTESIAN_POINT('',(8.01,4.48,6.96339994909456));
#7183=CARTESIAN_POINT('',(8.01,5.68,7.37679989818912));
#7184=CARTESIAN_POINT('',(8.01,5.68,8.26339994909456));
#7185=CARTESIAN_POINT('',(8.01,4.48,7.37679989818912));
#7186=CARTESIAN_POINT('Origin',(8.51,4.48,7.37679989818912));
#7187=CARTESIAN_POINT('',(8.44771286761103,4.48,7.87290504141862));
#7188=CARTESIAN_POINT('',(8.11,4.48,7.67679989818912));
#7189=CARTESIAN_POINT('Origin',(8.51,4.48,7.37679989818912));
#7190=CARTESIAN_POINT('Origin',(8.51,4.48,7.37679989818912));
#7191=CARTESIAN_POINT('Origin',(8.51,5.68,7.37679989818912));
#7192=CARTESIAN_POINT('',(8.44771286761103,4.48,7.87290504141862));
#7193=CARTESIAN_POINT('Origin',(10.7349148529556,4.48,8.16006846797387));
#7194=CARTESIAN_POINT('',(10.7349148529556,4.48,8.16006846797387));
#7195=CARTESIAN_POINT('',(10.7349148529556,4.48,8.16006846797387));
#7196=CARTESIAN_POINT('',(10.7349148529556,4.48,8.16006846797387));
#7197=CARTESIAN_POINT('Origin',(10.71,4.48,8.35851052526567));
#7198=CARTESIAN_POINT('',(10.91,4.48,8.35851052526567));
#7199=CARTESIAN_POINT('Origin',(10.71,4.48,8.35851052526567));
#7200=CARTESIAN_POINT('',(10.91,4.48,8.35851052526567));
#7201=CARTESIAN_POINT('Origin',(10.91,4.48,8.78205080756887));
#7202=CARTESIAN_POINT('',(10.91,4.48,8.78205080756887));
#7203=CARTESIAN_POINT('',(10.91,4.48,8.78205080756887));
#7204=CARTESIAN_POINT('',(10.91,4.48,8.78205080756887));
#7205=CARTESIAN_POINT('Origin',(10.81,4.48,8.78205080756887));
#7206=CARTESIAN_POINT('',(10.81,4.48,8.88205080756887));
#7207=CARTESIAN_POINT('Origin',(10.81,4.48,8.78205080756887));
#7208=CARTESIAN_POINT('',(10.81,4.48,8.88205080756887));
#7209=CARTESIAN_POINT('Origin',(7.51,4.48,8.88205080756887));
#7210=CARTESIAN_POINT('',(7.62794919243112,4.48,8.88205080756887));
#7211=CARTESIAN_POINT('',(7.51,4.48,8.88205080756887));
#7212=CARTESIAN_POINT('',(7.81,4.48,8.88205080756887));
#7213=CARTESIAN_POINT('',(7.51,4.48,8.88205080756887));
#7214=CARTESIAN_POINT('',(7.51,5.68,8.88205080756887));
#7215=CARTESIAN_POINT('',(7.81,5.68,8.88205080756887));
#7216=CARTESIAN_POINT('',(7.51,4.48,8.88205080756887));
#7217=CARTESIAN_POINT('Origin',(7.51,4.48,8.48205080756887));
#7218=CARTESIAN_POINT('',(7.11,4.48,8.48205080756887));
#7219=CARTESIAN_POINT('Origin',(7.51,4.48,8.48205080756887));
#7220=CARTESIAN_POINT('',(7.11,5.68,8.48205080756887));
#7221=CARTESIAN_POINT('Origin',(7.51,5.68,8.48205080756887));
#7222=CARTESIAN_POINT('',(7.11,4.48,8.48205080756887));
#7223=CARTESIAN_POINT('Origin',(9.01,4.48,7.85));
#7224=CARTESIAN_POINT('',(8.11,4.48,8.4));
#7225=CARTESIAN_POINT('',(8.11,4.48,6.8));
#7226=CARTESIAN_POINT('',(8.3225,4.48,8.1875));
#7227=CARTESIAN_POINT('Origin',(9.01,3.14,7.85));
#7228=CARTESIAN_POINT('',(8.11,3.14,8.4));
#7229=CARTESIAN_POINT('',(8.11,3.14,7.67679989818912));
#7230=CARTESIAN_POINT('',(8.11,3.14,8.1));
#7231=CARTESIAN_POINT('',(7.62794919243112,3.14,8.88205080756887));
#7232=CARTESIAN_POINT('',(7.6725,3.14,8.8375));
#7233=CARTESIAN_POINT('',(10.81,3.14,8.88205080756887));
#7234=CARTESIAN_POINT('',(7.51,3.14,8.88205080756887));
#7235=CARTESIAN_POINT('',(10.91,3.14,8.78205080756887));
#7236=CARTESIAN_POINT('Origin',(10.81,3.14,8.78205080756887));
#7237=CARTESIAN_POINT('',(10.91,3.14,8.35851052526567));
#7238=CARTESIAN_POINT('',(10.91,3.14,8.78205080756887));
#7239=CARTESIAN_POINT('',(10.7349148529556,3.14,8.16006846797387));
#7240=CARTESIAN_POINT('Origin',(10.71,3.14,8.35851052526567));
#7241=CARTESIAN_POINT('',(8.44771286761103,3.14,7.87290504141862));
#7242=CARTESIAN_POINT('',(10.7349148529556,3.14,8.16006846797387));
#7243=CARTESIAN_POINT('Origin',(8.51,3.14,7.37679989818912));
#7244=CARTESIAN_POINT('Origin',(7.71,1.94,6.81794919243112));
#7245=CARTESIAN_POINT('',(7.11,1.94,6.81794919243112));
#7246=CARTESIAN_POINT('',(7.71,1.94,6.81794919243112));
#7247=CARTESIAN_POINT('',(7.91,1.94,6.81794919243112));
#7248=CARTESIAN_POINT('',(7.11,3.14,6.81794919243112));
#7249=CARTESIAN_POINT('',(7.11,2.84,6.81794919243112));
#7250=CARTESIAN_POINT('',(7.71,3.14,6.81794919243112));
#7251=CARTESIAN_POINT('',(7.91,3.14,6.81794919243112));
#7252=CARTESIAN_POINT('',(7.71,1.94,6.81794919243112));
#7253=CARTESIAN_POINT('Origin',(7.71,1.94,7.11794919243112));
#7254=CARTESIAN_POINT('',(8.01,1.94,7.11794919243112));
#7255=CARTESIAN_POINT('Origin',(7.71,1.94,7.11794919243112));
#7256=CARTESIAN_POINT('',(8.01,3.14,7.11794919243112));
#7257=CARTESIAN_POINT('Origin',(7.71,3.14,7.11794919243112));
#7258=CARTESIAN_POINT('',(8.01,1.94,7.11794919243112));
#7259=CARTESIAN_POINT('Origin',(8.01,1.94,7.37679989818912));
#7260=CARTESIAN_POINT('',(8.01,1.94,7.37679989818912));
#7261=CARTESIAN_POINT('',(8.01,1.94,6.96339994909456));
#7262=CARTESIAN_POINT('',(8.01,3.14,7.37679989818912));
#7263=CARTESIAN_POINT('',(8.01,3.14,8.26339994909456));
#7264=CARTESIAN_POINT('',(8.01,1.94,7.37679989818912));
#7265=CARTESIAN_POINT('Origin',(8.51,1.94,7.37679989818912));
#7266=CARTESIAN_POINT('',(8.44771286761103,1.94,7.87290504141862));
#7267=CARTESIAN_POINT('',(8.11,1.94,7.67679989818912));
#7268=CARTESIAN_POINT('Origin',(8.51,1.94,7.37679989818912));
#7269=CARTESIAN_POINT('Origin',(8.51,1.94,7.37679989818912));
#7270=CARTESIAN_POINT('Origin',(8.51,3.14,7.37679989818912));
#7271=CARTESIAN_POINT('',(8.44771286761103,1.94,7.87290504141862));
#7272=CARTESIAN_POINT('Origin',(10.7349148529556,1.94,8.16006846797387));
#7273=CARTESIAN_POINT('',(10.7349148529556,1.94,8.16006846797387));
#7274=CARTESIAN_POINT('',(10.7349148529556,1.94,8.16006846797387));
#7275=CARTESIAN_POINT('',(10.7349148529556,1.94,8.16006846797387));
#7276=CARTESIAN_POINT('Origin',(10.71,1.94,8.35851052526567));
#7277=CARTESIAN_POINT('',(10.91,1.94,8.35851052526567));
#7278=CARTESIAN_POINT('Origin',(10.71,1.94,8.35851052526567));
#7279=CARTESIAN_POINT('',(10.91,1.94,8.35851052526567));
#7280=CARTESIAN_POINT('Origin',(10.91,1.94,8.78205080756887));
#7281=CARTESIAN_POINT('',(10.91,1.94,8.78205080756887));
#7282=CARTESIAN_POINT('',(10.91,1.94,8.78205080756887));
#7283=CARTESIAN_POINT('',(10.91,1.94,8.78205080756887));
#7284=CARTESIAN_POINT('Origin',(10.81,1.94,8.78205080756887));
#7285=CARTESIAN_POINT('',(10.81,1.94,8.88205080756887));
#7286=CARTESIAN_POINT('Origin',(10.81,1.94,8.78205080756887));
#7287=CARTESIAN_POINT('',(10.81,1.94,8.88205080756887));
#7288=CARTESIAN_POINT('Origin',(7.51,1.94,8.88205080756887));
#7289=CARTESIAN_POINT('',(7.62794919243112,1.94,8.88205080756887));
#7290=CARTESIAN_POINT('',(7.51,1.94,8.88205080756887));
#7291=CARTESIAN_POINT('',(7.81,1.94,8.88205080756887));
#7292=CARTESIAN_POINT('',(7.51,1.94,8.88205080756887));
#7293=CARTESIAN_POINT('',(7.51,3.14,8.88205080756887));
#7294=CARTESIAN_POINT('',(7.81,3.14,8.88205080756887));
#7295=CARTESIAN_POINT('',(7.51,1.94,8.88205080756887));
#7296=CARTESIAN_POINT('Origin',(7.51,1.94,8.48205080756887));
#7297=CARTESIAN_POINT('',(7.11,1.94,8.48205080756887));
#7298=CARTESIAN_POINT('Origin',(7.51,1.94,8.48205080756887));
#7299=CARTESIAN_POINT('',(7.11,3.14,8.48205080756887));
#7300=CARTESIAN_POINT('Origin',(7.51,3.14,8.48205080756887));
#7301=CARTESIAN_POINT('',(7.11,1.94,8.48205080756887));
#7302=CARTESIAN_POINT('Origin',(9.01,1.94,7.85));
#7303=CARTESIAN_POINT('',(8.11,1.94,8.4));
#7304=CARTESIAN_POINT('',(8.11,1.94,6.8));
#7305=CARTESIAN_POINT('',(8.3225,1.94,8.1875));
#7306=CARTESIAN_POINT('Origin',(9.01,0.600000000000002,7.85));
#7307=CARTESIAN_POINT('',(8.11,0.600000000000002,8.4));
#7308=CARTESIAN_POINT('',(8.11,0.600000000000002,7.67679989818912));
#7309=CARTESIAN_POINT('',(8.11,0.600000000000002,8.1));
#7310=CARTESIAN_POINT('',(7.62794919243112,0.600000000000001,8.88205080756887));
#7311=CARTESIAN_POINT('',(7.6725,0.600000000000001,8.8375));
#7312=CARTESIAN_POINT('',(10.81,0.600000000000002,8.88205080756887));
#7313=CARTESIAN_POINT('',(7.51,0.600000000000001,8.88205080756887));
#7314=CARTESIAN_POINT('',(10.91,0.600000000000002,8.78205080756887));
#7315=CARTESIAN_POINT('Origin',(10.81,0.600000000000002,8.78205080756887));
#7316=CARTESIAN_POINT('',(10.91,0.600000000000002,8.35851052526567));
#7317=CARTESIAN_POINT('',(10.91,0.600000000000002,8.78205080756887));
#7318=CARTESIAN_POINT('',(10.7349148529556,0.600000000000002,8.16006846797387));
#7319=CARTESIAN_POINT('Origin',(10.71,0.600000000000002,8.35851052526567));
#7320=CARTESIAN_POINT('',(8.44771286761103,0.600000000000002,7.87290504141862));
#7321=CARTESIAN_POINT('',(10.7349148529556,0.600000000000002,8.16006846797387));
#7322=CARTESIAN_POINT('Origin',(8.51,0.600000000000002,7.37679989818912));
#7323=CARTESIAN_POINT('Origin',(7.71,-0.599999999999998,6.81794919243112));
#7324=CARTESIAN_POINT('',(7.11,-0.599999999999998,6.81794919243112));
#7325=CARTESIAN_POINT('',(7.71,-0.599999999999998,6.81794919243112));
#7326=CARTESIAN_POINT('',(7.91,-0.599999999999998,6.81794919243112));
#7327=CARTESIAN_POINT('',(7.11,0.600000000000002,6.81794919243112));
#7328=CARTESIAN_POINT('',(7.11,0.300000000000001,6.81794919243112));
#7329=CARTESIAN_POINT('',(7.71,0.600000000000002,6.81794919243112));
#7330=CARTESIAN_POINT('',(7.91,0.600000000000002,6.81794919243112));
#7331=CARTESIAN_POINT('',(7.71,-0.599999999999998,6.81794919243112));
#7332=CARTESIAN_POINT('Origin',(7.71,-0.599999999999998,7.11794919243112));
#7333=CARTESIAN_POINT('',(8.01,-0.599999999999998,7.11794919243112));
#7334=CARTESIAN_POINT('Origin',(7.71,-0.599999999999998,7.11794919243112));
#7335=CARTESIAN_POINT('',(8.01,0.600000000000002,7.11794919243112));
#7336=CARTESIAN_POINT('Origin',(7.71,0.600000000000001,7.11794919243112));
#7337=CARTESIAN_POINT('',(8.01,-0.599999999999998,7.11794919243112));
#7338=CARTESIAN_POINT('Origin',(8.01,-0.599999999999998,7.37679989818912));
#7339=CARTESIAN_POINT('',(8.01,-0.599999999999998,7.37679989818912));
#7340=CARTESIAN_POINT('',(8.01,-0.599999999999998,6.96339994909456));
#7341=CARTESIAN_POINT('',(8.01,0.600000000000002,7.37679989818912));
#7342=CARTESIAN_POINT('',(8.01,0.600000000000002,8.26339994909456));
#7343=CARTESIAN_POINT('',(8.01,-0.599999999999998,7.37679989818912));
#7344=CARTESIAN_POINT('Origin',(8.51,-0.599999999999998,7.37679989818912));
#7345=CARTESIAN_POINT('',(8.44771286761103,-0.599999999999998,7.87290504141862));
#7346=CARTESIAN_POINT('',(8.11,-0.599999999999998,7.67679989818912));
#7347=CARTESIAN_POINT('Origin',(8.51,-0.599999999999998,7.37679989818912));
#7348=CARTESIAN_POINT('Origin',(8.51,-0.599999999999998,7.37679989818912));
#7349=CARTESIAN_POINT('Origin',(8.51,0.600000000000001,7.37679989818912));
#7350=CARTESIAN_POINT('',(8.44771286761103,-0.599999999999998,7.87290504141862));
#7351=CARTESIAN_POINT('Origin',(10.7349148529556,-0.599999999999998,8.16006846797387));
#7352=CARTESIAN_POINT('',(10.7349148529556,-0.599999999999998,8.16006846797387));
#7353=CARTESIAN_POINT('',(10.7349148529556,-0.599999999999998,8.16006846797387));
#7354=CARTESIAN_POINT('',(10.7349148529556,-0.599999999999998,8.16006846797387));
#7355=CARTESIAN_POINT('Origin',(10.71,-0.599999999999998,8.35851052526567));
#7356=CARTESIAN_POINT('',(10.91,-0.599999999999998,8.35851052526567));
#7357=CARTESIAN_POINT('Origin',(10.71,-0.599999999999998,8.35851052526567));
#7358=CARTESIAN_POINT('',(10.91,-0.599999999999998,8.35851052526567));
#7359=CARTESIAN_POINT('Origin',(10.91,-0.599999999999998,8.78205080756887));
#7360=CARTESIAN_POINT('',(10.91,-0.599999999999998,8.78205080756887));
#7361=CARTESIAN_POINT('',(10.91,-0.599999999999998,8.78205080756887));
#7362=CARTESIAN_POINT('',(10.91,-0.599999999999998,8.78205080756887));
#7363=CARTESIAN_POINT('Origin',(10.81,-0.599999999999998,8.78205080756887));
#7364=CARTESIAN_POINT('',(10.81,-0.599999999999998,8.88205080756887));
#7365=CARTESIAN_POINT('Origin',(10.81,-0.599999999999998,8.78205080756887));
#7366=CARTESIAN_POINT('',(10.81,-0.599999999999998,8.88205080756887));
#7367=CARTESIAN_POINT('Origin',(7.51,-0.599999999999999,8.88205080756887));
#7368=CARTESIAN_POINT('',(7.62794919243112,-0.599999999999999,8.88205080756887));
#7369=CARTESIAN_POINT('',(7.51,-0.599999999999999,8.88205080756887));
#7370=CARTESIAN_POINT('',(7.81,-0.599999999999999,8.88205080756887));
#7371=CARTESIAN_POINT('',(7.51,-0.599999999999999,8.88205080756887));
#7372=CARTESIAN_POINT('',(7.51,0.600000000000001,8.88205080756887));
#7373=CARTESIAN_POINT('',(7.81,0.600000000000001,8.88205080756887));
#7374=CARTESIAN_POINT('',(7.51,-0.599999999999999,8.88205080756887));
#7375=CARTESIAN_POINT('Origin',(7.51,-0.599999999999999,8.48205080756887));
#7376=CARTESIAN_POINT('',(7.11,-0.599999999999999,8.48205080756887));
#7377=CARTESIAN_POINT('Origin',(7.51,-0.599999999999998,8.48205080756887));
#7378=CARTESIAN_POINT('',(7.11,0.600000000000001,8.48205080756887));
#7379=CARTESIAN_POINT('Origin',(7.51,0.600000000000001,8.48205080756887));
#7380=CARTESIAN_POINT('',(7.11,-0.599999999999999,8.48205080756887));
#7381=CARTESIAN_POINT('Origin',(9.01,-0.599999999999998,7.85));
#7382=CARTESIAN_POINT('',(8.11,-0.599999999999998,8.4));
#7383=CARTESIAN_POINT('',(8.11,-0.599999999999998,6.8));
#7384=CARTESIAN_POINT('',(8.3225,-0.599999999999998,8.1875));
#7385=CARTESIAN_POINT('Origin',(7.575,12.95,-2.12849738486193));
#7386=CARTESIAN_POINT('',(7.71,13.,-1.55699476972387));
#7387=CARTESIAN_POINT('',(7.71,12.9,-2.7));
#7388=CARTESIAN_POINT('',(7.71,13.0556159394249,-0.921301673230137));
#7389=CARTESIAN_POINT('',(7.53,12.9,-2.7));
#7390=CARTESIAN_POINT('',(7.575,12.9,-2.7));
#7391=CARTESIAN_POINT('',(7.53,13.,-1.55699476972387));
#7392=CARTESIAN_POINT('',(7.53,13.0533371023767,-0.947348899880177));
#7393=CARTESIAN_POINT('',(7.575,13.,-1.55699476972387));
#7394=CARTESIAN_POINT('Origin',(7.53,12.4,0.3));
#7395=CARTESIAN_POINT('',(7.53,12.5,-2.7));
#7396=CARTESIAN_POINT('',(7.53,12.4,-2.7));
#7397=CARTESIAN_POINT('',(7.53,12.4,-1.55699476972387));
#7398=CARTESIAN_POINT('',(7.53,12.3443840605751,-0.921301673230137));
#7399=CARTESIAN_POINT('',(7.53,12.4,0.3));
#7400=CARTESIAN_POINT('',(7.53,12.4,0.3));
#7401=CARTESIAN_POINT('',(7.53,13.,0.3));
#7402=CARTESIAN_POINT('',(7.53,9.375,0.3));
#7403=CARTESIAN_POINT('',(7.53,13.,0.3));
#7404=CARTESIAN_POINT('Origin',(7.62,12.7,-2.7));
#7405=CARTESIAN_POINT('',(7.71,12.5,-2.7));
#7406=CARTESIAN_POINT('',(7.71,13.,-2.7));
#7407=CARTESIAN_POINT('',(7.665,12.5,-2.7));
#7408=CARTESIAN_POINT('Origin',(7.665,12.45,-2.12849738486193));
#7409=CARTESIAN_POINT('',(7.71,12.4,-1.55699476972387));
#7410=CARTESIAN_POINT('',(7.71,12.3466628976233,-0.947348899880177));
#7411=CARTESIAN_POINT('',(7.665,12.4,-1.55699476972387));
#7412=CARTESIAN_POINT('Origin',(7.71,12.4,0.3));
#7413=CARTESIAN_POINT('',(7.71,12.4,0.3));
#7414=CARTESIAN_POINT('',(7.71,12.4,0.3));
#7415=CARTESIAN_POINT('',(5.76,12.4,0.3));
#7416=CARTESIAN_POINT('Origin',(7.71,13.,0.3));
#7417=CARTESIAN_POINT('',(7.71,13.,0.3));
#7418=CARTESIAN_POINT('',(7.71,13.,0.3));
#7419=CARTESIAN_POINT('',(7.71,9.675,0.3));
#7420=CARTESIAN_POINT('Origin',(7.53,13.,0.3));
#7421=CARTESIAN_POINT('',(5.67,13.,0.3));
#7422=CARTESIAN_POINT('Origin',(7.575,10.41,-2.12849738486193));
#7423=CARTESIAN_POINT('',(7.71,10.46,-1.55699476972387));
#7424=CARTESIAN_POINT('',(7.71,10.36,-2.7));
#7425=CARTESIAN_POINT('',(7.71,10.5156159394249,-0.921301673230137));
#7426=CARTESIAN_POINT('',(7.53,10.36,-2.7));
#7427=CARTESIAN_POINT('',(7.575,10.36,-2.7));
#7428=CARTESIAN_POINT('',(7.53,10.46,-1.55699476972387));
#7429=CARTESIAN_POINT('',(7.53,10.5133371023767,-0.947348899880177));
#7430=CARTESIAN_POINT('',(7.575,10.46,-1.55699476972387));
#7431=CARTESIAN_POINT('Origin',(7.53,9.86,0.3));
#7432=CARTESIAN_POINT('',(7.53,9.96,-2.7));
#7433=CARTESIAN_POINT('',(7.53,9.86,-2.7));
#7434=CARTESIAN_POINT('',(7.53,9.86,-1.55699476972387));
#7435=CARTESIAN_POINT('',(7.53,9.80438406057511,-0.921301673230137));
#7436=CARTESIAN_POINT('',(7.53,9.86,0.3));
#7437=CARTESIAN_POINT('',(7.53,9.86,0.3));
#7438=CARTESIAN_POINT('',(7.53,10.46,0.3));
#7439=CARTESIAN_POINT('',(7.53,8.105,0.3));
#7440=CARTESIAN_POINT('',(7.53,10.46,0.3));
#7441=CARTESIAN_POINT('Origin',(7.62,10.16,-2.7));
#7442=CARTESIAN_POINT('',(7.71,9.96,-2.7));
#7443=CARTESIAN_POINT('',(7.71,10.46,-2.7));
#7444=CARTESIAN_POINT('',(7.665,9.96,-2.7));
#7445=CARTESIAN_POINT('Origin',(7.665,9.91,-2.12849738486193));
#7446=CARTESIAN_POINT('',(7.71,9.86,-1.55699476972387));
#7447=CARTESIAN_POINT('',(7.71,9.80666289762328,-0.947348899880177));
#7448=CARTESIAN_POINT('',(7.665,9.86,-1.55699476972387));
#7449=CARTESIAN_POINT('Origin',(7.71,9.86,0.3));
#7450=CARTESIAN_POINT('',(7.71,9.86,0.3));
#7451=CARTESIAN_POINT('',(7.71,9.86,0.3));
#7452=CARTESIAN_POINT('',(5.76,9.86,0.3));
#7453=CARTESIAN_POINT('Origin',(7.71,10.46,0.3));
#7454=CARTESIAN_POINT('',(7.71,10.46,0.3));
#7455=CARTESIAN_POINT('',(7.71,10.46,0.3));
#7456=CARTESIAN_POINT('',(7.71,8.405,0.3));
#7457=CARTESIAN_POINT('Origin',(7.53,10.46,0.3));
#7458=CARTESIAN_POINT('',(5.67,10.46,0.3));
#7459=CARTESIAN_POINT('Origin',(7.575,7.87,-2.12849738486193));
#7460=CARTESIAN_POINT('',(7.71,7.92,-1.55699476972387));
#7461=CARTESIAN_POINT('',(7.71,7.82,-2.7));
#7462=CARTESIAN_POINT('',(7.71,7.97561593942489,-0.921301673230137));
#7463=CARTESIAN_POINT('',(7.53,7.82,-2.7));
#7464=CARTESIAN_POINT('',(7.575,7.82,-2.7));
#7465=CARTESIAN_POINT('',(7.53,7.92,-1.55699476972387));
#7466=CARTESIAN_POINT('',(7.53,7.97333710237673,-0.947348899880177));
#7467=CARTESIAN_POINT('',(7.575,7.92,-1.55699476972387));
#7468=CARTESIAN_POINT('Origin',(7.53,7.32,0.3));
#7469=CARTESIAN_POINT('',(7.53,7.42,-2.7));
#7470=CARTESIAN_POINT('',(7.53,7.32,-2.7));
#7471=CARTESIAN_POINT('',(7.53,7.32,-1.55699476972387));
#7472=CARTESIAN_POINT('',(7.53,7.26438406057511,-0.921301673230137));
#7473=CARTESIAN_POINT('',(7.53,7.32,0.3));
#7474=CARTESIAN_POINT('',(7.53,7.32,0.3));
#7475=CARTESIAN_POINT('',(7.53,7.92,0.3));
#7476=CARTESIAN_POINT('',(7.53,6.835,0.3));
#7477=CARTESIAN_POINT('',(7.53,7.92,0.3));
#7478=CARTESIAN_POINT('Origin',(7.62,7.62,-2.7));
#7479=CARTESIAN_POINT('',(7.71,7.42,-2.7));
#7480=CARTESIAN_POINT('',(7.71,7.92,-2.7));
#7481=CARTESIAN_POINT('',(7.665,7.42,-2.7));
#7482=CARTESIAN_POINT('Origin',(7.665,7.37,-2.12849738486193));
#7483=CARTESIAN_POINT('',(7.71,7.32,-1.55699476972387));
#7484=CARTESIAN_POINT('',(7.71,7.26666289762328,-0.947348899880177));
#7485=CARTESIAN_POINT('',(7.665,7.32,-1.55699476972387));
#7486=CARTESIAN_POINT('Origin',(7.71,7.32,0.3));
#7487=CARTESIAN_POINT('',(7.71,7.32,0.3));
#7488=CARTESIAN_POINT('',(7.71,7.32,0.3));
#7489=CARTESIAN_POINT('',(5.76,7.32,0.3));
#7490=CARTESIAN_POINT('Origin',(7.71,7.92,0.3));
#7491=CARTESIAN_POINT('',(7.71,7.92,0.3));
#7492=CARTESIAN_POINT('',(7.71,7.92,0.3));
#7493=CARTESIAN_POINT('',(7.71,7.135,0.3));
#7494=CARTESIAN_POINT('Origin',(7.53,7.92,0.3));
#7495=CARTESIAN_POINT('',(5.67,7.92,0.3));
#7496=CARTESIAN_POINT('Origin',(7.575,5.33,-2.12849738486193));
#7497=CARTESIAN_POINT('',(7.71,5.38,-1.55699476972387));
#7498=CARTESIAN_POINT('',(7.71,5.28,-2.7));
#7499=CARTESIAN_POINT('',(7.71,5.43561593942489,-0.921301673230137));
#7500=CARTESIAN_POINT('',(7.53,5.28,-2.7));
#7501=CARTESIAN_POINT('',(7.575,5.28,-2.7));
#7502=CARTESIAN_POINT('',(7.53,5.38,-1.55699476972387));
#7503=CARTESIAN_POINT('',(7.53,5.43333710237673,-0.947348899880177));
#7504=CARTESIAN_POINT('',(7.575,5.38,-1.55699476972387));
#7505=CARTESIAN_POINT('Origin',(7.53,4.78,0.3));
#7506=CARTESIAN_POINT('',(7.53,4.88,-2.7));
#7507=CARTESIAN_POINT('',(7.53,4.78,-2.7));
#7508=CARTESIAN_POINT('',(7.53,4.78,-1.55699476972387));
#7509=CARTESIAN_POINT('',(7.53,4.72438406057511,-0.921301673230137));
#7510=CARTESIAN_POINT('',(7.53,4.78,0.3));
#7511=CARTESIAN_POINT('',(7.53,4.78,0.3));
#7512=CARTESIAN_POINT('',(7.53,5.38,0.3));
#7513=CARTESIAN_POINT('',(7.53,5.565,0.3));
#7514=CARTESIAN_POINT('',(7.53,5.38,0.3));
#7515=CARTESIAN_POINT('Origin',(7.62,5.08,-2.7));
#7516=CARTESIAN_POINT('',(7.71,4.88,-2.7));
#7517=CARTESIAN_POINT('',(7.71,5.38,-2.7));
#7518=CARTESIAN_POINT('',(7.665,4.88,-2.7));
#7519=CARTESIAN_POINT('Origin',(7.665,4.83,-2.12849738486193));
#7520=CARTESIAN_POINT('',(7.71,4.78,-1.55699476972387));
#7521=CARTESIAN_POINT('',(7.71,4.72666289762328,-0.947348899880177));
#7522=CARTESIAN_POINT('',(7.665,4.78,-1.55699476972387));
#7523=CARTESIAN_POINT('Origin',(7.71,4.78,0.3));
#7524=CARTESIAN_POINT('',(7.71,4.78,0.3));
#7525=CARTESIAN_POINT('',(7.71,4.78,0.3));
#7526=CARTESIAN_POINT('',(5.76,4.78,0.3));
#7527=CARTESIAN_POINT('Origin',(7.71,5.38,0.3));
#7528=CARTESIAN_POINT('',(7.71,5.38,0.3));
#7529=CARTESIAN_POINT('',(7.71,5.38,0.3));
#7530=CARTESIAN_POINT('',(7.71,5.865,0.3));
#7531=CARTESIAN_POINT('Origin',(7.53,5.38,0.3));
#7532=CARTESIAN_POINT('',(5.67,5.38,0.3));
#7533=CARTESIAN_POINT('Origin',(7.575,2.79,-2.12849738486193));
#7534=CARTESIAN_POINT('',(7.71,2.84,-1.55699476972387));
#7535=CARTESIAN_POINT('',(7.71,2.74,-2.7));
#7536=CARTESIAN_POINT('',(7.71,2.89561593942489,-0.921301673230137));
#7537=CARTESIAN_POINT('',(7.53,2.74,-2.7));
#7538=CARTESIAN_POINT('',(7.575,2.74,-2.7));
#7539=CARTESIAN_POINT('',(7.53,2.84,-1.55699476972387));
#7540=CARTESIAN_POINT('',(7.53,2.89333710237673,-0.947348899880177));
#7541=CARTESIAN_POINT('',(7.575,2.84,-1.55699476972387));
#7542=CARTESIAN_POINT('Origin',(7.53,2.24,0.3));
#7543=CARTESIAN_POINT('',(7.53,2.34,-2.7));
#7544=CARTESIAN_POINT('',(7.53,2.24,-2.7));
#7545=CARTESIAN_POINT('',(7.53,2.24,-1.55699476972387));
#7546=CARTESIAN_POINT('',(7.53,2.18438406057511,-0.921301673230137));
#7547=CARTESIAN_POINT('',(7.53,2.24,0.3));
#7548=CARTESIAN_POINT('',(7.53,2.24,0.3));
#7549=CARTESIAN_POINT('',(7.53,2.84,0.3));
#7550=CARTESIAN_POINT('',(7.53,4.295,0.3));
#7551=CARTESIAN_POINT('',(7.53,2.84,0.3));
#7552=CARTESIAN_POINT('Origin',(7.62,2.54,-2.7));
#7553=CARTESIAN_POINT('',(7.71,2.34,-2.7));
#7554=CARTESIAN_POINT('',(7.71,2.84,-2.7));
#7555=CARTESIAN_POINT('',(7.665,2.34,-2.7));
#7556=CARTESIAN_POINT('Origin',(7.665,2.29,-2.12849738486193));
#7557=CARTESIAN_POINT('',(7.71,2.24,-1.55699476972387));
#7558=CARTESIAN_POINT('',(7.71,2.18666289762328,-0.947348899880177));
#7559=CARTESIAN_POINT('',(7.665,2.24,-1.55699476972387));
#7560=CARTESIAN_POINT('Origin',(7.71,2.24,0.3));
#7561=CARTESIAN_POINT('',(7.71,2.24,0.3));
#7562=CARTESIAN_POINT('',(7.71,2.24,0.3));
#7563=CARTESIAN_POINT('',(5.76,2.24,0.3));
#7564=CARTESIAN_POINT('Origin',(7.71,2.84,0.3));
#7565=CARTESIAN_POINT('',(7.71,2.84,0.3));
#7566=CARTESIAN_POINT('',(7.71,2.84,0.3));
#7567=CARTESIAN_POINT('',(7.71,4.595,0.3));
#7568=CARTESIAN_POINT('Origin',(7.53,2.84,0.3));
#7569=CARTESIAN_POINT('',(5.67,2.84,0.3));
#7570=CARTESIAN_POINT('Origin',(7.575,0.250000000000002,-2.12849738486193));
#7571=CARTESIAN_POINT('',(7.71,0.300000000000002,-1.55699476972387));
#7572=CARTESIAN_POINT('',(7.71,0.200000000000002,-2.7));
#7573=CARTESIAN_POINT('',(7.71,0.355615939424894,-0.921301673230137));
#7574=CARTESIAN_POINT('',(7.53,0.200000000000002,-2.7));
#7575=CARTESIAN_POINT('',(7.575,0.200000000000002,-2.7));
#7576=CARTESIAN_POINT('',(7.53,0.300000000000002,-1.55699476972387));
#7577=CARTESIAN_POINT('',(7.53,0.353337102376725,-0.947348899880177));
#7578=CARTESIAN_POINT('',(7.575,0.300000000000002,-1.55699476972387));
#7579=CARTESIAN_POINT('Origin',(7.53,-0.299999999999999,0.3));
#7580=CARTESIAN_POINT('',(7.53,-0.199999999999999,-2.7));
#7581=CARTESIAN_POINT('',(7.53,-0.299999999999999,-2.7));
#7582=CARTESIAN_POINT('',(7.53,-0.299999999999999,-1.55699476972387));
#7583=CARTESIAN_POINT('',(7.53,-0.355615939424891,-0.921301673230137));
#7584=CARTESIAN_POINT('',(7.53,-0.299999999999999,0.3));
#7585=CARTESIAN_POINT('',(7.53,-0.299999999999999,0.3));
#7586=CARTESIAN_POINT('',(7.53,0.300000000000002,0.3));
#7587=CARTESIAN_POINT('',(7.53,3.025,0.3));
#7588=CARTESIAN_POINT('',(7.53,0.300000000000002,0.3));
#7589=CARTESIAN_POINT('Origin',(7.62,1.69197988952874E-15,-2.7));
#7590=CARTESIAN_POINT('',(7.71,-0.199999999999998,-2.7));
#7591=CARTESIAN_POINT('',(7.71,0.300000000000002,-2.7));
#7592=CARTESIAN_POINT('',(7.665,-0.199999999999998,-2.7));
#7593=CARTESIAN_POINT('Origin',(7.665,-0.249999999999999,-2.12849738486193));
#7594=CARTESIAN_POINT('',(7.71,-0.299999999999999,-1.55699476972387));
#7595=CARTESIAN_POINT('',(7.71,-0.353337102376722,-0.947348899880177));
#7596=CARTESIAN_POINT('',(7.665,-0.299999999999999,-1.55699476972387));
#7597=CARTESIAN_POINT('Origin',(7.71,-0.299999999999999,0.3));
#7598=CARTESIAN_POINT('',(7.71,-0.299999999999999,0.3));
#7599=CARTESIAN_POINT('',(7.71,-0.299999999999999,0.3));
#7600=CARTESIAN_POINT('',(5.76,-0.299999999999998,0.3));
#7601=CARTESIAN_POINT('Origin',(7.71,0.300000000000002,0.3));
#7602=CARTESIAN_POINT('',(7.71,0.300000000000002,0.3));
#7603=CARTESIAN_POINT('',(7.71,0.300000000000002,0.3));
#7604=CARTESIAN_POINT('',(7.71,3.325,0.3));
#7605=CARTESIAN_POINT('Origin',(7.53,0.300000000000002,0.3));
#7606=CARTESIAN_POINT('',(5.67,0.300000000000001,0.3));
#7607=CARTESIAN_POINT('Origin',(-0.0450000000000029,12.95,-2.12849738486193));
#7608=CARTESIAN_POINT('',(0.0899999999999972,13.,-1.55699476972387));
#7609=CARTESIAN_POINT('',(0.0899999999999972,12.9,-2.7));
#7610=CARTESIAN_POINT('',(0.0899999999999972,13.0556159394249,-0.921301673230137));
#7611=CARTESIAN_POINT('',(-0.0900000000000028,12.9,-2.7));
#7612=CARTESIAN_POINT('',(-0.0450000000000028,12.9,-2.7));
#7613=CARTESIAN_POINT('',(-0.0900000000000028,13.,-1.55699476972387));
#7614=CARTESIAN_POINT('',(-0.0900000000000029,13.0533371023767,-0.947348899880177));
#7615=CARTESIAN_POINT('',(-0.0450000000000029,13.,-1.55699476972387));
#7616=CARTESIAN_POINT('Origin',(-0.0900000000000028,12.4,0.3));
#7617=CARTESIAN_POINT('',(-0.0900000000000028,12.5,-2.7));
#7618=CARTESIAN_POINT('',(-0.0900000000000028,12.4,-2.7));
#7619=CARTESIAN_POINT('',(-0.0900000000000028,12.4,-1.55699476972387));
#7620=CARTESIAN_POINT('',(-0.0900000000000028,12.3443840605751,-0.921301673230137));
#7621=CARTESIAN_POINT('',(-0.0900000000000028,12.4,0.3));
#7622=CARTESIAN_POINT('',(-0.0900000000000028,12.4,0.3));
#7623=CARTESIAN_POINT('',(-0.0900000000000028,13.,0.3));
#7624=CARTESIAN_POINT('',(-0.0900000000000026,9.375,0.3));
#7625=CARTESIAN_POINT('',(-0.0900000000000028,13.,0.3));
#7626=CARTESIAN_POINT('Origin',(-2.8199664825479E-15,12.7,-2.7));
#7627=CARTESIAN_POINT('',(0.0899999999999971,12.5,-2.7));
#7628=CARTESIAN_POINT('',(0.0899999999999972,13.,-2.7));
#7629=CARTESIAN_POINT('',(0.0449999999999972,12.5,-2.7));
#7630=CARTESIAN_POINT('Origin',(0.0449999999999972,12.45,-2.12849738486193));
#7631=CARTESIAN_POINT('',(0.0899999999999971,12.4,-1.55699476972387));
#7632=CARTESIAN_POINT('',(0.0899999999999971,12.3466628976233,-0.947348899880177));
#7633=CARTESIAN_POINT('',(0.0449999999999972,12.4,-1.55699476972387));
#7634=CARTESIAN_POINT('Origin',(0.0899999999999971,12.4,0.3));
#7635=CARTESIAN_POINT('',(0.0899999999999971,12.4,0.3));
#7636=CARTESIAN_POINT('',(0.0899999999999971,12.4,0.3));
#7637=CARTESIAN_POINT('',(1.95,12.4,0.3));
#7638=CARTESIAN_POINT('Origin',(0.0899999999999972,13.,0.3));
#7639=CARTESIAN_POINT('',(0.0899999999999972,13.,0.3));
#7640=CARTESIAN_POINT('',(0.0899999999999972,13.,0.3));
#7641=CARTESIAN_POINT('',(0.0899999999999973,9.675,0.3));
#7642=CARTESIAN_POINT('Origin',(-0.0900000000000028,13.,0.3));
#7643=CARTESIAN_POINT('',(1.86,13.,0.3));
#7644=CARTESIAN_POINT('Origin',(-0.0450000000000023,10.41,-2.12849738486193));
#7645=CARTESIAN_POINT('',(0.0899999999999977,10.46,-1.55699476972387));
#7646=CARTESIAN_POINT('',(0.0899999999999977,10.36,-2.7));
#7647=CARTESIAN_POINT('',(0.0899999999999977,10.5156159394249,-0.921301673230137));
#7648=CARTESIAN_POINT('',(-0.0900000000000023,10.36,-2.7));
#7649=CARTESIAN_POINT('',(-0.0450000000000023,10.36,-2.7));
#7650=CARTESIAN_POINT('',(-0.0900000000000023,10.46,-1.55699476972387));
#7651=CARTESIAN_POINT('',(-0.0900000000000023,10.5133371023767,-0.947348899880177));
#7652=CARTESIAN_POINT('',(-0.0450000000000023,10.46,-1.55699476972387));
#7653=CARTESIAN_POINT('Origin',(-0.0900000000000022,9.86,0.3));
#7654=CARTESIAN_POINT('',(-0.0900000000000022,9.96,-2.7));
#7655=CARTESIAN_POINT('',(-0.0900000000000022,9.86,-2.7));
#7656=CARTESIAN_POINT('',(-0.0900000000000022,9.86,-1.55699476972387));
#7657=CARTESIAN_POINT('',(-0.0900000000000022,9.80438406057511,-0.921301673230137));
#7658=CARTESIAN_POINT('',(-0.0900000000000022,9.86,0.3));
#7659=CARTESIAN_POINT('',(-0.0900000000000022,9.86,0.3));
#7660=CARTESIAN_POINT('',(-0.0900000000000023,10.46,0.3));
#7661=CARTESIAN_POINT('',(-0.090000000000002,8.105,0.3));
#7662=CARTESIAN_POINT('',(-0.0900000000000023,10.46,0.3));
#7663=CARTESIAN_POINT('Origin',(-2.25597318603832E-15,10.16,-2.7));
#7664=CARTESIAN_POINT('',(0.0899999999999977,9.96,-2.7));
#7665=CARTESIAN_POINT('',(0.0899999999999977,10.46,-2.7));
#7666=CARTESIAN_POINT('',(0.0449999999999977,9.96,-2.7));
#7667=CARTESIAN_POINT('Origin',(0.0449999999999977,9.91,-2.12849738486193));
#7668=CARTESIAN_POINT('',(0.0899999999999977,9.86,-1.55699476972387));
#7669=CARTESIAN_POINT('',(0.0899999999999977,9.80666289762328,-0.947348899880177));
#7670=CARTESIAN_POINT('',(0.0449999999999977,9.86,-1.55699476972387));
#7671=CARTESIAN_POINT('Origin',(0.0899999999999977,9.86,0.3));
#7672=CARTESIAN_POINT('',(0.0899999999999977,9.86,0.3));
#7673=CARTESIAN_POINT('',(0.0899999999999977,9.86,0.3));
#7674=CARTESIAN_POINT('',(1.95,9.86,0.3));
#7675=CARTESIAN_POINT('Origin',(0.0899999999999977,10.46,0.3));
#7676=CARTESIAN_POINT('',(0.0899999999999977,10.46,0.3));
#7677=CARTESIAN_POINT('',(0.0899999999999977,10.46,0.3));
#7678=CARTESIAN_POINT('',(0.0899999999999979,8.405,0.3));
#7679=CARTESIAN_POINT('Origin',(-0.0900000000000023,10.46,0.3));
#7680=CARTESIAN_POINT('',(1.86,10.46,0.3));
#7681=CARTESIAN_POINT('Origin',(-0.0450000000000017,7.87,-2.12849738486193));
#7682=CARTESIAN_POINT('',(0.0899999999999983,7.92,-1.55699476972387));
#7683=CARTESIAN_POINT('',(0.0899999999999983,7.82,-2.7));
#7684=CARTESIAN_POINT('',(0.0899999999999983,7.97561593942489,-0.921301673230137));
#7685=CARTESIAN_POINT('',(-0.0900000000000017,7.82,-2.7));
#7686=CARTESIAN_POINT('',(-0.0450000000000017,7.82,-2.7));
#7687=CARTESIAN_POINT('',(-0.0900000000000017,7.92,-1.55699476972387));
#7688=CARTESIAN_POINT('',(-0.0900000000000017,7.97333710237672,-0.947348899880177));
#7689=CARTESIAN_POINT('',(-0.0450000000000017,7.92,-1.55699476972387));
#7690=CARTESIAN_POINT('Origin',(-0.0900000000000017,7.32,0.3));
#7691=CARTESIAN_POINT('',(-0.0900000000000017,7.42,-2.7));
#7692=CARTESIAN_POINT('',(-0.0900000000000017,7.32,-2.7));
#7693=CARTESIAN_POINT('',(-0.0900000000000017,7.32,-1.55699476972387));
#7694=CARTESIAN_POINT('',(-0.0900000000000016,7.26438406057511,-0.921301673230137));
#7695=CARTESIAN_POINT('',(-0.0900000000000017,7.32,0.3));
#7696=CARTESIAN_POINT('',(-0.0900000000000017,7.32,0.3));
#7697=CARTESIAN_POINT('',(-0.0900000000000017,7.92,0.3));
#7698=CARTESIAN_POINT('',(-0.0900000000000017,6.835,0.3));
#7699=CARTESIAN_POINT('',(-0.0900000000000017,7.92,0.3));
#7700=CARTESIAN_POINT('Origin',(-1.69197988952874E-15,7.62,-2.7));
#7701=CARTESIAN_POINT('',(0.0899999999999983,7.42,-2.7));
#7702=CARTESIAN_POINT('',(0.0899999999999983,7.92,-2.7));
#7703=CARTESIAN_POINT('',(0.0449999999999983,7.42,-2.7));
#7704=CARTESIAN_POINT('Origin',(0.0449999999999983,7.37,-2.12849738486193));
#7705=CARTESIAN_POINT('',(0.0899999999999983,7.32,-1.55699476972387));
#7706=CARTESIAN_POINT('',(0.0899999999999983,7.26666289762328,-0.947348899880177));
#7707=CARTESIAN_POINT('',(0.0449999999999983,7.32,-1.55699476972387));
#7708=CARTESIAN_POINT('Origin',(0.0899999999999983,7.32,0.3));
#7709=CARTESIAN_POINT('',(0.0899999999999983,7.32,0.3));
#7710=CARTESIAN_POINT('',(0.0899999999999983,7.32,0.3));
#7711=CARTESIAN_POINT('',(1.95,7.32,0.3));
#7712=CARTESIAN_POINT('Origin',(0.0899999999999983,7.92,0.3));
#7713=CARTESIAN_POINT('',(0.0899999999999983,7.92,0.3));
#7714=CARTESIAN_POINT('',(0.0899999999999983,7.92,0.3));
#7715=CARTESIAN_POINT('',(0.0899999999999984,7.135,0.3));
#7716=CARTESIAN_POINT('Origin',(-0.0900000000000017,7.92,0.3));
#7717=CARTESIAN_POINT('',(1.86,7.92,0.3));
#7718=CARTESIAN_POINT('Origin',(-0.0450000000000012,5.33,-2.12849738486193));
#7719=CARTESIAN_POINT('',(0.0899999999999988,5.38,-1.55699476972387));
#7720=CARTESIAN_POINT('',(0.0899999999999988,5.28,-2.7));
#7721=CARTESIAN_POINT('',(0.0899999999999988,5.43561593942489,-0.921301673230137));
#7722=CARTESIAN_POINT('',(-0.0900000000000012,5.28,-2.7));
#7723=CARTESIAN_POINT('',(-0.0450000000000012,5.28,-2.7));
#7724=CARTESIAN_POINT('',(-0.0900000000000012,5.38,-1.55699476972387));
#7725=CARTESIAN_POINT('',(-0.0900000000000012,5.43333710237672,-0.947348899880177));
#7726=CARTESIAN_POINT('',(-0.0450000000000012,5.38,-1.55699476972387));
#7727=CARTESIAN_POINT('Origin',(-0.0900000000000011,4.78,0.3));
#7728=CARTESIAN_POINT('',(-0.0900000000000011,4.88,-2.7));
#7729=CARTESIAN_POINT('',(-0.0900000000000011,4.78,-2.7));
#7730=CARTESIAN_POINT('',(-0.0900000000000011,4.78,-1.55699476972387));
#7731=CARTESIAN_POINT('',(-0.0900000000000011,4.72438406057511,-0.921301673230137));
#7732=CARTESIAN_POINT('',(-0.0900000000000011,4.78,0.3));
#7733=CARTESIAN_POINT('',(-0.0900000000000011,4.78,0.3));
#7734=CARTESIAN_POINT('',(-0.0900000000000012,5.38,0.3));
#7735=CARTESIAN_POINT('',(-0.0900000000000012,5.565,0.3));
#7736=CARTESIAN_POINT('',(-0.0900000000000012,5.38,0.3));
#7737=CARTESIAN_POINT('Origin',(-1.12798659301916E-15,5.08,-2.7));
#7738=CARTESIAN_POINT('',(0.0899999999999988,4.88,-2.7));
#7739=CARTESIAN_POINT('',(0.0899999999999988,5.38,-2.7));
#7740=CARTESIAN_POINT('',(0.0449999999999989,4.88,-2.7));
#7741=CARTESIAN_POINT('Origin',(0.0449999999999989,4.83,-2.12849738486193));
#7742=CARTESIAN_POINT('',(0.0899999999999988,4.78,-1.55699476972387));
#7743=CARTESIAN_POINT('',(0.0899999999999988,4.72666289762328,-0.947348899880177));
#7744=CARTESIAN_POINT('',(0.0449999999999989,4.78,-1.55699476972387));
#7745=CARTESIAN_POINT('Origin',(0.0899999999999988,4.78,0.3));
#7746=CARTESIAN_POINT('',(0.0899999999999988,4.78,0.3));
#7747=CARTESIAN_POINT('',(0.0899999999999988,4.78,0.3));
#7748=CARTESIAN_POINT('',(1.95,4.78,0.3));
#7749=CARTESIAN_POINT('Origin',(0.0899999999999988,5.38,0.3));
#7750=CARTESIAN_POINT('',(0.0899999999999988,5.38,0.3));
#7751=CARTESIAN_POINT('',(0.0899999999999988,5.38,0.3));
#7752=CARTESIAN_POINT('',(0.089999999999999,5.865,0.3));
#7753=CARTESIAN_POINT('Origin',(-0.0900000000000012,5.38,0.3));
#7754=CARTESIAN_POINT('',(1.86,5.38,0.3));
#7755=CARTESIAN_POINT('Origin',(-0.0450000000000006,2.79,-2.12849738486193));
#7756=CARTESIAN_POINT('',(0.0899999999999994,2.84,-1.55699476972387));
#7757=CARTESIAN_POINT('',(0.0899999999999994,2.74,-2.7));
#7758=CARTESIAN_POINT('',(0.0899999999999994,2.89561593942489,-0.921301673230137));
#7759=CARTESIAN_POINT('',(-0.0900000000000006,2.74,-2.7));
#7760=CARTESIAN_POINT('',(-0.0450000000000006,2.74,-2.7));
#7761=CARTESIAN_POINT('',(-0.0900000000000006,2.84,-1.55699476972387));
#7762=CARTESIAN_POINT('',(-0.0900000000000006,2.89333710237672,-0.947348899880177));
#7763=CARTESIAN_POINT('',(-0.0450000000000006,2.84,-1.55699476972387));
#7764=CARTESIAN_POINT('Origin',(-0.0900000000000005,2.24,0.3));
#7765=CARTESIAN_POINT('',(-0.0900000000000005,2.34,-2.7));
#7766=CARTESIAN_POINT('',(-0.0900000000000005,2.24,-2.7));
#7767=CARTESIAN_POINT('',(-0.0900000000000005,2.24,-1.55699476972387));
#7768=CARTESIAN_POINT('',(-0.0900000000000005,2.18438406057511,-0.921301673230137));
#7769=CARTESIAN_POINT('',(-0.0900000000000005,2.24,0.3));
#7770=CARTESIAN_POINT('',(-0.0900000000000005,2.24,0.3));
#7771=CARTESIAN_POINT('',(-0.0900000000000006,2.84,0.3));
#7772=CARTESIAN_POINT('',(-0.0900000000000009,4.295,0.3));
#7773=CARTESIAN_POINT('',(-0.0900000000000006,2.84,0.3));
#7774=CARTESIAN_POINT('Origin',(-5.63993296509579E-16,2.54,-2.7));
#7775=CARTESIAN_POINT('',(0.0899999999999994,2.34,-2.7));
#7776=CARTESIAN_POINT('',(0.0899999999999994,2.84,-2.7));
#7777=CARTESIAN_POINT('',(0.0449999999999994,2.34,-2.7));
#7778=CARTESIAN_POINT('Origin',(0.0449999999999994,2.29,-2.12849738486193));
#7779=CARTESIAN_POINT('',(0.0899999999999994,2.24,-1.55699476972387));
#7780=CARTESIAN_POINT('',(0.0899999999999994,2.18666289762328,-0.947348899880177));
#7781=CARTESIAN_POINT('',(0.0449999999999994,2.24,-1.55699476972387));
#7782=CARTESIAN_POINT('Origin',(0.0899999999999994,2.24,0.3));
#7783=CARTESIAN_POINT('',(0.0899999999999994,2.24,0.3));
#7784=CARTESIAN_POINT('',(0.0899999999999994,2.24,0.3));
#7785=CARTESIAN_POINT('',(1.95,2.24,0.3));
#7786=CARTESIAN_POINT('Origin',(0.0899999999999994,2.84,0.3));
#7787=CARTESIAN_POINT('',(0.0899999999999994,2.84,0.3));
#7788=CARTESIAN_POINT('',(0.0899999999999994,2.84,0.3));
#7789=CARTESIAN_POINT('',(0.0899999999999995,4.595,0.3));
#7790=CARTESIAN_POINT('Origin',(-0.0900000000000006,2.84,0.3));
#7791=CARTESIAN_POINT('',(1.86,2.84,0.3));
#7792=CARTESIAN_POINT('Origin',(-0.045,0.25,-2.12849738486193));
#7793=CARTESIAN_POINT('',(0.09,0.3,-1.55699476972387));
#7794=CARTESIAN_POINT('',(0.09,0.2,-2.7));
#7795=CARTESIAN_POINT('',(0.09,0.355615939424893,-0.921301673230137));
#7796=CARTESIAN_POINT('',(-0.09,0.2,-2.7));
#7797=CARTESIAN_POINT('',(-0.045,0.2,-2.7));
#7798=CARTESIAN_POINT('',(-0.09,0.3,-1.55699476972387));
#7799=CARTESIAN_POINT('',(-0.0900000000000001,0.353337102376724,-0.947348899880177));
#7800=CARTESIAN_POINT('',(-0.045,0.3,-1.55699476972387));
#7801=CARTESIAN_POINT('Origin',(-0.09,-0.3,0.3));
#7802=CARTESIAN_POINT('',(-0.09,-0.2,-2.7));
#7803=CARTESIAN_POINT('',(-0.09,-0.3,-2.7));
#7804=CARTESIAN_POINT('',(-0.09,-0.3,-1.55699476972387));
#7805=CARTESIAN_POINT('',(-0.0899999999999999,-0.355615939424893,-0.921301673230137));
#7806=CARTESIAN_POINT('',(-0.09,-0.3,0.3));
#7807=CARTESIAN_POINT('',(-0.09,-0.3,0.3));
#7808=CARTESIAN_POINT('',(-0.09,0.3,0.3));
#7809=CARTESIAN_POINT('',(-0.0900000000000004,3.025,0.3));
#7810=CARTESIAN_POINT('',(-0.09,0.3,0.3));
#7811=CARTESIAN_POINT('Origin',(0.,0.,-2.7));
#7812=CARTESIAN_POINT('',(0.09,-0.2,-2.7));
#7813=CARTESIAN_POINT('',(0.09,0.3,-2.7));
#7814=CARTESIAN_POINT('',(0.045,-0.2,-2.7));
#7815=CARTESIAN_POINT('Origin',(0.045,-0.25,-2.12849738486193));
#7816=CARTESIAN_POINT('',(0.09,-0.3,-1.55699476972387));
#7817=CARTESIAN_POINT('',(0.09,-0.353337102376724,-0.947348899880177));
#7818=CARTESIAN_POINT('',(0.045,-0.3,-1.55699476972387));
#7819=CARTESIAN_POINT('Origin',(0.09,-0.3,0.3));
#7820=CARTESIAN_POINT('',(0.09,-0.3,0.3));
#7821=CARTESIAN_POINT('',(0.09,-0.3,0.3));
#7822=CARTESIAN_POINT('',(1.95,-0.3,0.3));
#7823=CARTESIAN_POINT('Origin',(0.09,0.3,0.3));
#7824=CARTESIAN_POINT('',(0.09,0.3,0.3));
#7825=CARTESIAN_POINT('',(0.09,0.3,0.3));
#7826=CARTESIAN_POINT('',(0.0900000000000001,3.325,0.3));
#7827=CARTESIAN_POINT('Origin',(-0.09,0.3,0.3));
#7828=CARTESIAN_POINT('',(1.86,0.300000000000001,0.3));
#7829=CARTESIAN_POINT('Origin',(8.11,12.1,6.55));
#7830=CARTESIAN_POINT('',(7.11,12.1,8.88205080756888));
#7831=CARTESIAN_POINT('',(7.11,12.1,9.15));
#7832=CARTESIAN_POINT('',(7.51849364905389,12.1,8.99150635094611));
#7833=CARTESIAN_POINT('',(7.785,12.1,9.06291651245989));
#7834=CARTESIAN_POINT('',(8.32249999999999,12.1,8.1875));
#7835=CARTESIAN_POINT('Origin',(7.10999999999999,12.7,7.85));
#7836=CARTESIAN_POINT('',(7.10999999999999,13.3,8.88205080756888));
#7837=CARTESIAN_POINT('',(7.10999999999999,13.3,6.55));
#7838=CARTESIAN_POINT('',(7.11,12.4,8.88205080756888));
#7839=CARTESIAN_POINT('Origin',(8.11,13.3,9.15));
#7840=CARTESIAN_POINT('',(7.51849364905389,13.3,8.99150635094611));
#7841=CARTESIAN_POINT('',(7.67249999999999,13.3,8.8375));
#7842=CARTESIAN_POINT('',(8.11,13.3,9.15));
#7843=CARTESIAN_POINT('Origin',(8.11,13.3,9.15));
#7844=CARTESIAN_POINT('',(8.11,13.3,6.55));
#7845=CARTESIAN_POINT('',(7.78499999999999,13.3,6.63708348754012));
#7846=CARTESIAN_POINT('',(8.11,13.3,8.1));
#7847=CARTESIAN_POINT('Origin',(8.11,9.56,6.55));
#7848=CARTESIAN_POINT('',(7.11,9.56,8.88205080756888));
#7849=CARTESIAN_POINT('',(7.11,9.56,9.15));
#7850=CARTESIAN_POINT('',(7.51849364905389,9.56,8.99150635094611));
#7851=CARTESIAN_POINT('',(7.785,9.56,9.06291651245989));
#7852=CARTESIAN_POINT('',(8.32249999999999,9.56,8.1875));
#7853=CARTESIAN_POINT('Origin',(7.11,10.16,7.85));
#7854=CARTESIAN_POINT('',(7.11,10.76,8.88205080756888));
#7855=CARTESIAN_POINT('',(7.11,10.76,6.55));
#7856=CARTESIAN_POINT('',(7.11,9.86,8.88205080756888));
#7857=CARTESIAN_POINT('Origin',(8.11,10.76,9.15));
#7858=CARTESIAN_POINT('',(7.51849364905389,10.76,8.99150635094611));
#7859=CARTESIAN_POINT('',(7.6725,10.76,8.8375));
#7860=CARTESIAN_POINT('',(8.11,10.76,9.15));
#7861=CARTESIAN_POINT('Origin',(8.11,10.76,9.15));
#7862=CARTESIAN_POINT('',(8.11,10.76,6.55));
#7863=CARTESIAN_POINT('',(7.785,10.76,6.63708348754012));
#7864=CARTESIAN_POINT('',(8.11,10.76,8.1));
#7865=CARTESIAN_POINT('Origin',(8.11,7.02,6.55));
#7866=CARTESIAN_POINT('',(7.11,7.02,8.88205080756888));
#7867=CARTESIAN_POINT('',(7.11,7.02,9.15));
#7868=CARTESIAN_POINT('',(7.51849364905389,7.02,8.99150635094611));
#7869=CARTESIAN_POINT('',(7.785,7.02,9.06291651245989));
#7870=CARTESIAN_POINT('',(8.3225,7.02,8.1875));
#7871=CARTESIAN_POINT('Origin',(7.11,7.62,7.85));
#7872=CARTESIAN_POINT('',(7.11,8.22,8.88205080756888));
#7873=CARTESIAN_POINT('',(7.11,8.22,6.55));
#7874=CARTESIAN_POINT('',(7.11,7.32,8.88205080756888));
#7875=CARTESIAN_POINT('Origin',(8.11,8.22,9.15));
#7876=CARTESIAN_POINT('',(7.51849364905389,8.22,8.99150635094611));
#7877=CARTESIAN_POINT('',(7.6725,8.22,8.8375));
#7878=CARTESIAN_POINT('',(8.11,8.22,9.15));
#7879=CARTESIAN_POINT('Origin',(8.11,8.22,9.15));
#7880=CARTESIAN_POINT('',(8.11,8.22,6.55));
#7881=CARTESIAN_POINT('',(7.785,8.22,6.63708348754012));
#7882=CARTESIAN_POINT('',(8.11,8.22,8.1));
#7883=CARTESIAN_POINT('Origin',(8.11,4.48,6.55));
#7884=CARTESIAN_POINT('',(7.11,4.48,8.88205080756888));
#7885=CARTESIAN_POINT('',(7.11,4.48,9.15));
#7886=CARTESIAN_POINT('',(7.51849364905389,4.48,8.99150635094611));
#7887=CARTESIAN_POINT('',(7.785,4.48,9.06291651245989));
#7888=CARTESIAN_POINT('',(8.3225,4.48,8.1875));
#7889=CARTESIAN_POINT('Origin',(7.11,5.08,7.85));
#7890=CARTESIAN_POINT('',(7.11,5.68,8.88205080756888));
#7891=CARTESIAN_POINT('',(7.11,5.68,6.55));
#7892=CARTESIAN_POINT('',(7.11,4.78,8.88205080756888));
#7893=CARTESIAN_POINT('Origin',(8.11,5.68,9.15));
#7894=CARTESIAN_POINT('',(7.51849364905389,5.68,8.99150635094611));
#7895=CARTESIAN_POINT('',(7.6725,5.68,8.8375));
#7896=CARTESIAN_POINT('',(8.11,5.68,9.15));
#7897=CARTESIAN_POINT('Origin',(8.11,5.68,9.15));
#7898=CARTESIAN_POINT('',(8.11,5.68,6.55));
#7899=CARTESIAN_POINT('',(7.785,5.68,6.63708348754012));
#7900=CARTESIAN_POINT('',(8.11,5.68,8.1));
#7901=CARTESIAN_POINT('Origin',(8.11,1.94,6.55));
#7902=CARTESIAN_POINT('',(7.11,1.94,8.88205080756888));
#7903=CARTESIAN_POINT('',(7.11,1.94,9.15));
#7904=CARTESIAN_POINT('',(7.51849364905389,1.94,8.99150635094611));
#7905=CARTESIAN_POINT('',(7.785,1.94,9.06291651245989));
#7906=CARTESIAN_POINT('',(8.3225,1.94,8.1875));
#7907=CARTESIAN_POINT('Origin',(7.11,2.54,7.85));
#7908=CARTESIAN_POINT('',(7.11,3.14,8.88205080756888));
#7909=CARTESIAN_POINT('',(7.11,3.14,6.55));
#7910=CARTESIAN_POINT('',(7.11,2.24,8.88205080756888));
#7911=CARTESIAN_POINT('Origin',(8.11,3.14,9.15));
#7912=CARTESIAN_POINT('',(7.51849364905389,3.14,8.99150635094611));
#7913=CARTESIAN_POINT('',(7.6725,3.14,8.8375));
#7914=CARTESIAN_POINT('',(8.11,3.14,9.15));
#7915=CARTESIAN_POINT('Origin',(8.11,3.14,9.15));
#7916=CARTESIAN_POINT('',(8.11,3.14,6.55));
#7917=CARTESIAN_POINT('',(7.785,3.14,6.63708348754012));
#7918=CARTESIAN_POINT('',(8.11,3.14,8.1));
#7919=CARTESIAN_POINT('Origin',(8.11,-0.599999999999998,6.55));
#7920=CARTESIAN_POINT('',(7.11,-0.599999999999999,8.88205080756888));
#7921=CARTESIAN_POINT('',(7.11,-0.599999999999999,9.15));
#7922=CARTESIAN_POINT('',(7.51849364905389,-0.599999999999999,8.99150635094611));
#7923=CARTESIAN_POINT('',(7.785,-0.599999999999999,9.06291651245989));
#7924=CARTESIAN_POINT('',(8.3225,-0.599999999999998,8.1875));
#7925=CARTESIAN_POINT('Origin',(7.11,1.57873714101697E-15,7.85));
#7926=CARTESIAN_POINT('',(7.11,0.600000000000001,8.88205080756888));
#7927=CARTESIAN_POINT('',(7.11,0.600000000000002,6.55));
#7928=CARTESIAN_POINT('',(7.11,-0.299999999999999,8.88205080756888));
#7929=CARTESIAN_POINT('Origin',(8.11,0.600000000000001,9.15));
#7930=CARTESIAN_POINT('',(7.51849364905389,0.600000000000001,8.99150635094611));
#7931=CARTESIAN_POINT('',(7.6725,0.600000000000001,8.8375));
#7932=CARTESIAN_POINT('',(8.11,0.600000000000001,9.15));
#7933=CARTESIAN_POINT('Origin',(8.11,0.600000000000001,9.15));
#7934=CARTESIAN_POINT('',(8.11,0.600000000000002,6.55));
#7935=CARTESIAN_POINT('',(7.785,0.600000000000002,6.63708348754012));
#7936=CARTESIAN_POINT('',(8.11,0.600000000000002,8.1));
#7937=CARTESIAN_POINT('Origin',(8.11,-0.599999999999998,6.55));
#7938=CARTESIAN_POINT('',(8.11,-0.599999999999998,6.55));
#7939=CARTESIAN_POINT('',(8.11,-0.599999999999998,6.8));
#7940=CARTESIAN_POINT('',(8.11,-0.599999999999998,6.55));
#7941=CARTESIAN_POINT('Origin',(8.11,-0.599999999999999,9.15));
#7942=CARTESIAN_POINT('',(7.51849364905389,2.875,8.99150635094611));
#7943=CARTESIAN_POINT('Origin',(8.11,0.600000000000002,6.55));
#7944=CARTESIAN_POINT('',(8.11,3.475,6.55));
#7945=CARTESIAN_POINT('Origin',(8.11,1.94,6.55));
#7946=CARTESIAN_POINT('',(8.11,1.94,6.55));
#7947=CARTESIAN_POINT('',(8.11,1.94,6.8));
#7948=CARTESIAN_POINT('',(8.11,1.94,6.55));
#7949=CARTESIAN_POINT('Origin',(8.11,1.94,9.15));
#7950=CARTESIAN_POINT('',(7.51849364905389,4.145,8.99150635094611));
#7951=CARTESIAN_POINT('Origin',(8.11,3.14,6.55));
#7952=CARTESIAN_POINT('',(8.11,4.745,6.55));
#7953=CARTESIAN_POINT('Origin',(8.11,4.48,6.55));
#7954=CARTESIAN_POINT('',(8.11,4.48,6.55));
#7955=CARTESIAN_POINT('',(8.11,4.48,6.8));
#7956=CARTESIAN_POINT('',(8.11,4.48,6.55));
#7957=CARTESIAN_POINT('Origin',(8.11,4.48,9.15));
#7958=CARTESIAN_POINT('',(7.51849364905389,5.415,8.99150635094611));
#7959=CARTESIAN_POINT('Origin',(8.11,5.68,6.55));
#7960=CARTESIAN_POINT('',(8.11,6.015,6.55));
#7961=CARTESIAN_POINT('Origin',(8.11,7.02,6.55));
#7962=CARTESIAN_POINT('',(8.11,7.02,6.55));
#7963=CARTESIAN_POINT('',(8.11,7.02,6.8));
#7964=CARTESIAN_POINT('',(8.11,7.02,6.55));
#7965=CARTESIAN_POINT('Origin',(8.11,7.02,9.15));
#7966=CARTESIAN_POINT('',(7.51849364905389,6.685,8.99150635094611));
#7967=CARTESIAN_POINT('Origin',(8.11,8.22,6.55));
#7968=CARTESIAN_POINT('',(8.11,7.285,6.55));
#7969=CARTESIAN_POINT('Origin',(8.11,9.56,6.55));
#7970=CARTESIAN_POINT('',(8.11,9.56,6.55));
#7971=CARTESIAN_POINT('',(8.11,9.56,6.8));
#7972=CARTESIAN_POINT('',(8.11,9.56,6.55));
#7973=CARTESIAN_POINT('Origin',(8.11,9.56,9.15));
#7974=CARTESIAN_POINT('',(7.51849364905389,7.955,8.99150635094611));
#7975=CARTESIAN_POINT('Origin',(8.11,10.76,6.55));
#7976=CARTESIAN_POINT('',(8.11,8.555,6.55));
#7977=CARTESIAN_POINT('Origin',(8.11,12.1,6.55));
#7978=CARTESIAN_POINT('',(8.11,12.1,6.55));
#7979=CARTESIAN_POINT('',(8.11,12.1,6.8));
#7980=CARTESIAN_POINT('',(8.11,12.1,6.55));
#7981=CARTESIAN_POINT('Origin',(8.11,12.1,9.15));
#7982=CARTESIAN_POINT('',(7.51849364905389,9.225,8.99150635094611));
#7983=CARTESIAN_POINT('Origin',(8.11,13.3,6.55));
#7984=CARTESIAN_POINT('',(8.11,9.825,6.55));
#7985=CARTESIAN_POINT('Origin',(8.11,6.35,7.05));
#7986=CARTESIAN_POINT('',(8.11,-0.699999999999997,8.4));
#7987=CARTESIAN_POINT('',(8.11,6.35,8.4));
#7988=CARTESIAN_POINT('',(8.11,-0.699999999999997,4.7));
#7989=CARTESIAN_POINT('',(8.11,-0.699999999999997,9.4));
#7990=CARTESIAN_POINT('',(8.11,13.4,4.7));
#7991=CARTESIAN_POINT('',(8.11,-0.699999999999997,4.7));
#7992=CARTESIAN_POINT('',(8.11,13.4,8.4));
#7993=CARTESIAN_POINT('',(8.11,13.4,4.7));
#7994=CARTESIAN_POINT('',(8.11,6.35,8.4));
#7995=CARTESIAN_POINT('',(8.11,6.35,8.4));
#7996=CARTESIAN_POINT('',(8.11,6.35,8.4));
#7997=CARTESIAN_POINT('',(8.11,6.35,8.4));
#7998=CARTESIAN_POINT('',(8.11,6.35,8.4));
#7999=CARTESIAN_POINT('',(8.11,6.35,8.4));
#8000=CARTESIAN_POINT('Origin',(7.61,6.35,8.9));
#8001=CARTESIAN_POINT('',(7.10999999999999,13.4,9.4));
#8002=CARTESIAN_POINT('',(7.86,13.4,8.65));
#8003=CARTESIAN_POINT('',(7.11,-0.699999999999997,9.4));
#8004=CARTESIAN_POINT('',(7.11,6.35,9.4));
#8005=CARTESIAN_POINT('',(9.035,-0.699999999999997,7.475));
#8006=CARTESIAN_POINT('Origin',(8.11,2.15,8.4));
#8007=CARTESIAN_POINT('',(9.10999999999999,14.75,8.4));
#8008=CARTESIAN_POINT('',(8.10999999999999,14.75,9.4));
#8009=CARTESIAN_POINT('Origin',(8.10999999999999,14.75,8.4));
#8010=CARTESIAN_POINT('',(8.11,13.4,9.4));
#8011=CARTESIAN_POINT('',(8.11,2.15,9.4));
#8012=CARTESIAN_POINT('',(9.10999999999999,13.4,8.4));
#8013=CARTESIAN_POINT('Origin',(8.11,13.4,8.4));
#8014=CARTESIAN_POINT('',(9.11,2.15,8.4));
#8015=CARTESIAN_POINT('Origin',(9.10999999999999,13.4,9.4));
#8016=CARTESIAN_POINT('',(6.46,13.4,9.4));
#8017=CARTESIAN_POINT('',(9.10999999999999,13.4,4.7));
#8018=CARTESIAN_POINT('',(9.10999999999999,13.4,4.7));
#8019=CARTESIAN_POINT('',(9.10999999999999,13.4,4.7));
#8020=CARTESIAN_POINT('Origin',(3.81,6.35,9.4));
#8021=CARTESIAN_POINT('',(0.309999999999997,14.75,9.4));
#8022=CARTESIAN_POINT('',(9.10999999999999,14.75,9.4));
#8023=CARTESIAN_POINT('',(0.310000000000001,-2.05,9.4));
#8024=CARTESIAN_POINT('',(0.309999999999998,10.55,9.4));
#8025=CARTESIAN_POINT('',(2.06,-2.05,9.4));
#8026=CARTESIAN_POINT('',(-1.49,-2.05,9.4));
#8027=CARTESIAN_POINT('',(2.06,-1.45,9.4));
#8028=CARTESIAN_POINT('',(2.06,2.15,9.4));
#8029=CARTESIAN_POINT('',(5.56,-1.45,9.4));
#8030=CARTESIAN_POINT('',(2.935,-1.45,9.4));
#8031=CARTESIAN_POINT('',(5.56,-2.05,9.4));
#8032=CARTESIAN_POINT('',(5.56,2.45,9.4));
#8033=CARTESIAN_POINT('',(8.11,-2.05,9.4));
#8034=CARTESIAN_POINT('',(-1.49,-2.05,9.4));
#8035=CARTESIAN_POINT('',(8.11,-0.699999999999997,9.4));
#8036=CARTESIAN_POINT('',(8.11,2.15,9.4));
#8037=CARTESIAN_POINT('',(6.46,-0.699999999999997,9.4));
#8038=CARTESIAN_POINT('Origin',(8.11,2.15,8.4));
#8039=CARTESIAN_POINT('',(9.11,-2.05,8.4));
#8040=CARTESIAN_POINT('Origin',(8.11,-2.05,8.4));
#8041=CARTESIAN_POINT('',(9.11,-0.699999999999997,8.4));
#8042=CARTESIAN_POINT('',(9.11,2.15,8.4));
#8043=CARTESIAN_POINT('Origin',(8.11,-0.699999999999997,8.4));
#8044=CARTESIAN_POINT('Origin',(9.11,-0.699999999999996,4.7));
#8045=CARTESIAN_POINT('',(9.11,-0.699999999999996,4.7));
#8046=CARTESIAN_POINT('',(9.11,-0.699999999999996,2.35));
#8047=CARTESIAN_POINT('',(9.11,-0.699999999999996,4.7));
#8048=CARTESIAN_POINT('Origin',(9.10999999999999,13.4,4.7));
#8049=CARTESIAN_POINT('',(9.11,5.675,4.7));
#8050=CARTESIAN_POINT('Origin',(9.11,-2.05,0.));
#8051=CARTESIAN_POINT('',(9.11,-2.05,0.));
#8052=CARTESIAN_POINT('',(9.11,-2.05,0.));
#8053=CARTESIAN_POINT('',(9.10999999999999,14.75,0.));
#8054=CARTESIAN_POINT('',(9.11,-2.05,0.));
#8055=CARTESIAN_POINT('',(9.10999999999999,14.75,0.));
#8056=CARTESIAN_POINT('Origin',(-0.590000000000002,10.55,8.65));
#8057=CARTESIAN_POINT('',(-1.49,-2.05,7.9));
#8058=CARTESIAN_POINT('',(-2.98262295081967,-2.05,6.65614754098361));
#8059=CARTESIAN_POINT('',(-1.49,14.75,7.9));
#8060=CARTESIAN_POINT('',(0.14524590163934,14.75,9.26270491803279));
#8061=CARTESIAN_POINT('',(-1.49,10.55,7.9));
#8062=CARTESIAN_POINT('Origin',(9.10999999999999,14.75,0.));
#8063=CARTESIAN_POINT('',(-1.49,14.75,0.));
#8064=CARTESIAN_POINT('',(9.10999999999999,14.75,0.));
#8065=CARTESIAN_POINT('',(-1.49,14.75,0.));
#8066=CARTESIAN_POINT('Origin',(5.36,11.,0.3));
#8067=CARTESIAN_POINT('',(5.36,11.,0.));
#8068=CARTESIAN_POINT('',(2.26,11.,0.));
#8069=CARTESIAN_POINT('',(4.585,11.,0.));
#8070=CARTESIAN_POINT('',(5.36,11.,0.3));
#8071=CARTESIAN_POINT('',(5.36,11.,0.3));
#8072=CARTESIAN_POINT('',(2.26,11.,0.3));
#8073=CARTESIAN_POINT('',(4.585,11.,0.3));
#8074=CARTESIAN_POINT('',(2.26,11.,0.3));
#8075=CARTESIAN_POINT('Origin',(5.36,1.7,0.3));
#8076=CARTESIAN_POINT('',(5.36,1.7,0.));
#8077=CARTESIAN_POINT('',(5.36,4.025,0.));
#8078=CARTESIAN_POINT('',(5.36,1.7,0.3));
#8079=CARTESIAN_POINT('',(5.36,1.7,0.3));
#8080=CARTESIAN_POINT('',(5.36,4.025,0.3));
#8081=CARTESIAN_POINT('Origin',(6.11,0.950000000000003,0.3));
#8082=CARTESIAN_POINT('',(6.11,0.950000000000003,0.));
#8083=CARTESIAN_POINT('',(1.51,0.950000000000002,0.));
#8084=CARTESIAN_POINT('',(4.96,0.950000000000002,0.));
#8085=CARTESIAN_POINT('',(6.11,0.950000000000003,0.3));
#8086=CARTESIAN_POINT('',(6.11,0.950000000000003,0.3));
#8087=CARTESIAN_POINT('',(1.51,0.950000000000002,0.3));
#8088=CARTESIAN_POINT('',(4.96,0.950000000000002,0.3));
#8089=CARTESIAN_POINT('',(1.51,0.950000000000002,0.3));
#8090=CARTESIAN_POINT('Origin',(6.11,11.75,0.3));
#8091=CARTESIAN_POINT('',(6.11,11.75,0.));
#8092=CARTESIAN_POINT('',(6.11,9.05,0.));
#8093=CARTESIAN_POINT('',(6.11,11.75,0.3));
#8094=CARTESIAN_POINT('',(6.11,11.75,0.3));
#8095=CARTESIAN_POINT('',(6.11,9.05,0.3));
#8096=CARTESIAN_POINT('Origin',(2.26,1.7,0.3));
#8097=CARTESIAN_POINT('',(2.26,1.7,0.));
#8098=CARTESIAN_POINT('',(3.035,1.7,0.));
#8099=CARTESIAN_POINT('',(2.26,1.7,0.3));
#8100=CARTESIAN_POINT('',(2.26,1.7,0.3));
#8101=CARTESIAN_POINT('',(3.035,1.7,0.3));
#8102=CARTESIAN_POINT('Origin',(2.26,11.,0.3));
#8103=CARTESIAN_POINT('',(2.26,8.675,0.));
#8104=CARTESIAN_POINT('',(2.26,8.675,0.3));
#8105=CARTESIAN_POINT('Origin',(1.51,11.75,0.3));
#8106=CARTESIAN_POINT('',(1.51,11.75,0.));
#8107=CARTESIAN_POINT('',(2.66,11.75,0.));
#8108=CARTESIAN_POINT('',(1.51,11.75,0.3));
#8109=CARTESIAN_POINT('',(1.51,11.75,0.3));
#8110=CARTESIAN_POINT('',(2.66,11.75,0.3));
#8111=CARTESIAN_POINT('Origin',(1.51,0.950000000000002,0.3));
#8112=CARTESIAN_POINT('',(1.51,3.65,0.));
#8113=CARTESIAN_POINT('',(1.51,3.65,0.3));
#8114=CARTESIAN_POINT('Origin',(3.81,6.35,0.));
#8115=CARTESIAN_POINT('Origin',(3.81,6.35,0.3));
#8116=CARTESIAN_POINT('',(-0.99,-1.55,0.3));
#8117=CARTESIAN_POINT('',(8.61,-1.55,0.3));
#8118=CARTESIAN_POINT('',(8.61,-1.55,0.3));
#8119=CARTESIAN_POINT('',(-0.990000000000001,14.25,0.3));
#8120=CARTESIAN_POINT('',(-0.989999999999999,-1.55,0.3));
#8121=CARTESIAN_POINT('',(8.61,14.25,0.3));
#8122=CARTESIAN_POINT('',(-0.990000000000001,14.25,0.3));
#8123=CARTESIAN_POINT('',(8.61,14.25,0.3));
#8124=CARTESIAN_POINT('Origin',(-0.990000000000001,14.25,0.));
#8125=CARTESIAN_POINT('',(-0.990000000000001,14.25,0.));
#8126=CARTESIAN_POINT('',(-0.989999999999999,-1.55,0.));
#8127=CARTESIAN_POINT('',(-0.99,10.3,0.));
#8128=CARTESIAN_POINT('',(-0.990000000000001,14.25,0.));
#8129=CARTESIAN_POINT('',(-0.989999999999999,-1.55,0.));
#8130=CARTESIAN_POINT('Origin',(8.61,14.25,0.));
#8131=CARTESIAN_POINT('',(8.61,14.25,0.));
#8132=CARTESIAN_POINT('',(6.21,14.25,0.));
#8133=CARTESIAN_POINT('',(8.61,14.25,0.));
#8134=CARTESIAN_POINT('Origin',(8.61,-1.55,0.));
#8135=CARTESIAN_POINT('',(8.61,-1.55,0.));
#8136=CARTESIAN_POINT('',(8.61,2.4,0.));
#8137=CARTESIAN_POINT('',(8.61,-1.55,0.));
#8138=CARTESIAN_POINT('Origin',(-0.99,-1.55,0.));
#8139=CARTESIAN_POINT('',(1.41,-1.55,0.));
#8140=CARTESIAN_POINT('Origin',(3.81,6.35,0.3));
#8141=CARTESIAN_POINT('Origin',(4.485,-1.5,2.25));
#8142=CARTESIAN_POINT('',(2.46,-1.35,2.4));
#8143=CARTESIAN_POINT('',(2.46,-1.65,2.1));
#8144=CARTESIAN_POINT('',(2.46,-1.425,2.325));
#8145=CARTESIAN_POINT('',(5.16,-1.65,2.1));
#8146=CARTESIAN_POINT('',(4.485,-1.65,2.1));
#8147=CARTESIAN_POINT('',(5.16,-1.35,2.4));
#8148=CARTESIAN_POINT('',(5.16,-1.65,2.1));
#8149=CARTESIAN_POINT('',(4.485,-1.35,2.4));
#8150=CARTESIAN_POINT('Origin',(5.16,-1.35,1.5));
#8151=CARTESIAN_POINT('',(5.16,-1.65,1.5));
#8152=CARTESIAN_POINT('',(5.16,-1.65,1.725));
#8153=CARTESIAN_POINT('',(5.16,-1.35,1.5));
#8154=CARTESIAN_POINT('',(5.16,-1.55,1.5));
#8155=CARTESIAN_POINT('',(5.16,-1.35,1.85));
#8156=CARTESIAN_POINT('Origin',(2.46,-1.35,2.4));
#8157=CARTESIAN_POINT('',(2.46,-1.35,1.5));
#8158=CARTESIAN_POINT('',(2.46,-1.35,2.3));
#8159=CARTESIAN_POINT('',(2.46,-1.65,1.5));
#8160=CARTESIAN_POINT('',(2.46,-1.55,1.5));
#8161=CARTESIAN_POINT('',(2.46,-1.65,2.175));
#8162=CARTESIAN_POINT('Origin',(3.81,-1.65,1.95));
#8163=CARTESIAN_POINT('',(3.81,-1.65,1.5));
#8164=CARTESIAN_POINT('Origin',(3.81,-1.75,1.5));
#8165=CARTESIAN_POINT('',(5.56,-2.05,1.5));
#8166=CARTESIAN_POINT('',(2.06,-2.05,1.5));
#8167=CARTESIAN_POINT('',(1.16,-2.05,1.5));
#8168=CARTESIAN_POINT('',(5.56,-1.35,1.5));
#8169=CARTESIAN_POINT('',(5.56,-2.05,1.5));
#8170=CARTESIAN_POINT('',(2.06,-1.35,1.5));
#8171=CARTESIAN_POINT('',(2.06,-1.35,1.5));
#8172=CARTESIAN_POINT('',(2.06,-1.35,1.5));
#8173=CARTESIAN_POINT('',(2.06,-1.45,1.5));
#8174=CARTESIAN_POINT('Origin',(3.81,6.35,0.));
#8175=CARTESIAN_POINT('',(-1.49,-2.05,0.));
#8176=CARTESIAN_POINT('',(-1.49,-2.05,0.));
#8177=CARTESIAN_POINT('',(-1.49,14.75,0.));
#8178=CARTESIAN_POINT('Origin',(2.06,-1.45,2.9));
#8179=CARTESIAN_POINT('',(2.06,-1.45,2.9));
#8180=CARTESIAN_POINT('',(5.56,-1.45,2.9));
#8181=CARTESIAN_POINT('',(2.06,-1.45,2.9));
#8182=CARTESIAN_POINT('',(2.06,-1.35,2.9));
#8183=CARTESIAN_POINT('',(2.06,-1.45,2.9));
#8184=CARTESIAN_POINT('',(5.56,-1.35,2.9));
#8185=CARTESIAN_POINT('',(5.56,-1.35,2.9));
#8186=CARTESIAN_POINT('',(5.56,-1.45,2.9));
#8187=CARTESIAN_POINT('Origin',(3.81,-1.35,2.2));
#8188=CARTESIAN_POINT('',(5.56,-1.35,1.5));
#8189=CARTESIAN_POINT('',(2.06,-1.35,2.9));
#8190=CARTESIAN_POINT('Origin',(5.56,-1.45,9.4));
#8191=CARTESIAN_POINT('',(5.56,-1.45,9.4));
#8192=CARTESIAN_POINT('',(5.56,-2.05,4.7));
#8193=CARTESIAN_POINT('Origin',(2.06,-1.45,9.4));
#8194=CARTESIAN_POINT('',(2.06,-1.45,9.4));
#8195=CARTESIAN_POINT('Origin',(2.06,-2.05,9.4));
#8196=CARTESIAN_POINT('',(2.06,-2.05,4.7));
#8197=CARTESIAN_POINT('Origin',(-1.49,-2.05,0.));
#8198=CARTESIAN_POINT('',(-1.49,-2.05,0.));
#8199=CARTESIAN_POINT('Origin',(-1.49,14.75,0.));
#8200=CARTESIAN_POINT('Origin',(9.12,0.0550318820645265,3.54319994986622));
#8201=CARTESIAN_POINT('',(9.12,0.0157774635022765,2.59657008945942));
#8202=CARTESIAN_POINT('',(9.12,0.236661618620887,2.59657008945942));
#8203=CARTESIAN_POINT('',(9.12,0.236661618620887,2.59657008945942));
#8204=CARTESIAN_POINT('',(9.12,0.236661618620887,4.40342991735514));
#8205=CARTESIAN_POINT('',(9.12,0.236661618620887,4.40342991735514));
#8206=CARTESIAN_POINT('',(9.12,0.0939786861219086,4.40342991735514));
#8207=CARTESIAN_POINT('',(9.12,0.0939786861219087,4.40342991735514));
#8208=CARTESIAN_POINT('',(9.12,-0.425990846734945,3.95205794819971));
#8209=CARTESIAN_POINT('Ctrl Pts',(9.12,0.0939786861219087,4.40342991735514));
#8210=CARTESIAN_POINT('Ctrl Pts',(9.12,0.036356732612706,4.2868140590627));
#8211=CARTESIAN_POINT('Ctrl Pts',(9.12,-0.240777424741079,4.03849087846352));
#8212=CARTESIAN_POINT('Ctrl Pts',(9.12,-0.425990846734945,3.95205794819971));
#8213=CARTESIAN_POINT('',(9.12,-0.425990846734945,3.73803354945125));
#8214=CARTESIAN_POINT('',(9.12,-0.425990846734945,3.73803354945125));
#8215=CARTESIAN_POINT('',(9.12,0.0157774635022765,4.0041920966128));
#8216=CARTESIAN_POINT('Ctrl Pts',(9.12,-0.425990846734945,3.73803354945125));
#8217=CARTESIAN_POINT('Ctrl Pts',(9.12,-0.323094501182797,3.77644818512405));
#8218=CARTESIAN_POINT('Ctrl Pts',(9.12,-0.0637957103913846,3.92873477654123));
#8219=CARTESIAN_POINT('Ctrl Pts',(9.12,0.0157774635022765,4.0041920966128));
#8220=CARTESIAN_POINT('',(9.12,0.0157774635022765,2.59657008945942));
#8221=CARTESIAN_POINT('Origin',(9.12,4.52105237212916,0.984604397901906));
#8222=CARTESIAN_POINT('',(9.12,3.98110210419185,0.725607747494016));
#8223=CARTESIAN_POINT('',(9.12,3.98110210419185,0.654132868745629));
#8224=CARTESIAN_POINT('',(9.12,3.98110210419185,0.654132868745629));
#8225=CARTESIAN_POINT('',(9.12,4.48142625543055,0.26612638411153));
#8226=CARTESIAN_POINT('Ctrl Pts',(9.12,3.98110210419185,0.654132868745629));
#8227=CARTESIAN_POINT('Ctrl Pts',(9.12,4.19893030609169,0.529335461407176));
#8228=CARTESIAN_POINT('Ctrl Pts',(9.12,4.4258346830707,0.346677437939077));
#8229=CARTESIAN_POINT('Ctrl Pts',(9.12,4.48142625543055,0.26612638411153));
#8230=CARTESIAN_POINT('',(9.12,4.55063209040915,0.26612638411153));
#8231=CARTESIAN_POINT('',(9.12,4.55063209040915,0.26612638411153));
#8232=CARTESIAN_POINT('',(9.12,5.06116693861191,0.655267390630524));
#8233=CARTESIAN_POINT('Ctrl Pts',(9.12,4.55063209040915,0.26612638411153));
#8234=CARTESIAN_POINT('Ctrl Pts',(9.12,4.62097244727264,0.359157178672922));
#8235=CARTESIAN_POINT('Ctrl Pts',(9.12,4.84447325859696,0.533873548946756));
#8236=CARTESIAN_POINT('Ctrl Pts',(9.12,5.06116693861191,0.655267390630524));
#8237=CARTESIAN_POINT('',(9.12,5.06116693861191,0.727876791263806));
#8238=CARTESIAN_POINT('',(9.12,5.06116693861191,0.727876791263806));
#8239=CARTESIAN_POINT('',(9.12,4.59714748768985,0.541815202141022));
#8240=CARTESIAN_POINT('Ctrl Pts',(9.12,5.06116693861191,0.727876791263806));
#8241=CARTESIAN_POINT('Ctrl Pts',(9.12,4.75938411722983,0.639384084241994));
#8242=CARTESIAN_POINT('Ctrl Pts',(9.12,4.59714748768985,0.541815202141022));
#8243=CARTESIAN_POINT('',(9.12,4.59714748768985,1.92820094548275));
#8244=CARTESIAN_POINT('',(9.12,4.59714748768985,1.92820094548275));
#8245=CARTESIAN_POINT('',(9.12,4.44512155511391,1.92820094548275));
#8246=CARTESIAN_POINT('',(9.12,4.44512155511391,1.92820094548275));
#8247=CARTESIAN_POINT('',(9.12,4.44512155511391,0.541815202141022));
#8248=CARTESIAN_POINT('',(9.12,4.44512155511391,0.541815202141022));
#8249=CARTESIAN_POINT('Ctrl Pts',(9.12,4.44512155511391,0.541815202141022));
#8250=CARTESIAN_POINT('Ctrl Pts',(9.12,4.30103727573224,0.613290080889408));
#8251=CARTESIAN_POINT('Ctrl Pts',(9.12,4.15922204012037,0.67001617513416));
#8252=CARTESIAN_POINT('Ctrl Pts',(9.12,3.98110210419185,0.725607747494016));
#8253=CARTESIAN_POINT('Origin',(9.12,2.5483568758729,3.38039860677497));
#8254=CARTESIAN_POINT('',(9.12,3.10592992438776,2.59657008945942));
#8255=CARTESIAN_POINT('',(9.12,3.10592992438776,2.80922253693386));
#8256=CARTESIAN_POINT('',(9.12,3.10592992438776,2.80922253693386));
#8257=CARTESIAN_POINT('',(9.12,2.22376525518735,2.80922253693386));
#8258=CARTESIAN_POINT('',(9.12,2.22376525518735,2.80922253693386));
#8259=CARTESIAN_POINT('',(9.12,2.57224087879062,3.15495425798907));
#8260=CARTESIAN_POINT('Ctrl Pts',(9.12,2.22376525518735,2.80922253693386));
#8261=CARTESIAN_POINT('Ctrl Pts',(9.12,2.26080793958612,2.86958839299112));
#8262=CARTESIAN_POINT('Ctrl Pts',(9.12,2.37330794405647,2.98894815383161));
#8263=CARTESIAN_POINT('Ctrl Pts',(9.12,2.57224087879062,3.15495425798907));
#8264=CARTESIAN_POINT('',(9.12,3.1031860218397,3.90403965360871));
#8265=CARTESIAN_POINT('Ctrl Pts',(9.12,2.57224087879062,3.15495425798907));
#8266=CARTESIAN_POINT('Ctrl Pts',(9.12,2.80958844919757,3.35663109527128));
#8267=CARTESIAN_POINT('Ctrl Pts',(9.12,3.01538114030187,3.58711890930809));
#8268=CARTESIAN_POINT('Ctrl Pts',(9.12,3.1031860218397,3.79565550296045));
#8269=CARTESIAN_POINT('Ctrl Pts',(9.12,3.1031860218397,3.90403965360871));
#8270=CARTESIAN_POINT('',(9.12,2.54205795076199,4.40342991735514));
#8271=CARTESIAN_POINT('Ctrl Pts',(9.12,3.1031860218397,3.90403965360871));
#8272=CARTESIAN_POINT('Ctrl Pts',(9.12,3.1031860218397,4.11669210108315));
#8273=CARTESIAN_POINT('Ctrl Pts',(9.12,2.8013567415534,4.40342991735514));
#8274=CARTESIAN_POINT('Ctrl Pts',(9.12,2.54205795076199,4.40342991735514));
#8275=CARTESIAN_POINT('',(9.12,1.95760670802579,3.88346038449828));
#8276=CARTESIAN_POINT('Ctrl Pts',(9.12,2.54205795076199,4.40342991735514));
#8277=CARTESIAN_POINT('Ctrl Pts',(9.12,2.28550306251863,4.40342991735514));
#8278=CARTESIAN_POINT('Ctrl Pts',(9.12,1.98092987968428,4.13727137019358));
#8279=CARTESIAN_POINT('Ctrl Pts',(9.12,1.95760670802579,3.88346038449828));
#8280=CARTESIAN_POINT('',(9.12,2.18535061951454,3.86013721283979));
#8281=CARTESIAN_POINT('',(9.12,2.18535061951454,3.86013721283979));
#8282=CARTESIAN_POINT('',(9.12,2.53657014566588,4.22096039790933));
#8283=CARTESIAN_POINT('Ctrl Pts',(9.12,2.18535061951454,3.86013721283979));
#8284=CARTESIAN_POINT('Ctrl Pts',(9.12,2.18672257078857,4.02888721954532));
#8285=CARTESIAN_POINT('Ctrl Pts',(9.12,2.37742379787855,4.22096039790933));
#8286=CARTESIAN_POINT('Ctrl Pts',(9.12,2.53657014566588,4.22096039790933));
#8287=CARTESIAN_POINT('',(9.12,2.87544211035095,3.90952745870482));
#8288=CARTESIAN_POINT('Ctrl Pts',(9.12,2.53657014566588,4.22096039790933));
#8289=CARTESIAN_POINT('Ctrl Pts',(9.12,2.68748478580903,4.22096039790933));
#8290=CARTESIAN_POINT('Ctrl Pts',(9.12,2.87544211035095,4.04123478101157));
#8291=CARTESIAN_POINT('Ctrl Pts',(9.12,2.87544211035095,3.90952745870482));
#8292=CARTESIAN_POINT('',(9.12,2.37742379787855,3.26196645736331));
#8293=CARTESIAN_POINT('Ctrl Pts',(9.12,2.87544211035095,3.90952745870482));
#8294=CARTESIAN_POINT('Ctrl Pts',(9.12,2.87544211035095,3.78330794149419));
#8295=CARTESIAN_POINT('Ctrl Pts',(9.12,2.66964941924665,3.50342988159235));
#8296=CARTESIAN_POINT('Ctrl Pts',(9.12,2.37742379787855,3.26196645736331));
#8297=CARTESIAN_POINT('',(9.12,1.94251524401147,2.75022863215063));
#8298=CARTESIAN_POINT('Ctrl Pts',(9.12,2.37742379787855,3.26196645736331));
#8299=CARTESIAN_POINT('Ctrl Pts',(9.12,2.1880945220626,3.10693596339807));
#8300=CARTESIAN_POINT('Ctrl Pts',(9.12,1.98778963605442,2.87233229553917));
#8301=CARTESIAN_POINT('Ctrl Pts',(9.12,1.94251524401147,2.75022863215063));
#8302=CARTESIAN_POINT('',(9.12,1.91644816980493,2.59657008945942));
#8303=CARTESIAN_POINT('Ctrl Pts',(9.12,1.94251524401147,2.75022863215063));
#8304=CARTESIAN_POINT('Ctrl Pts',(9.12,1.91370426725687,2.67614326335308));
#8305=CARTESIAN_POINT('Ctrl Pts',(9.12,1.91644816980493,2.59657008945942));
#8306=CARTESIAN_POINT('',(9.12,3.10592992438776,2.59657008945942));
#8307=CARTESIAN_POINT('Origin',(9.12,10.1422732463428,3.59016816750804));
#8308=CARTESIAN_POINT('',(9.12,9.79711891187037,3.1179116320819));
#8309=CARTESIAN_POINT('',(9.12,9.56525914655953,3.0987043142455));
#8310=CARTESIAN_POINT('',(9.12,9.56525914655953,3.0987043142455));
#8311=CARTESIAN_POINT('',(9.12,10.1442225841996,2.59657014795102));
#8312=CARTESIAN_POINT('Ctrl Pts',(9.12,9.56525914655953,3.0987043142455));
#8313=CARTESIAN_POINT('Ctrl Pts',(9.12,9.58721036694399,2.87096040275675));
#8314=CARTESIAN_POINT('Ctrl Pts',(9.12,9.89864330614849,2.59657014795102));
#8315=CARTESIAN_POINT('Ctrl Pts',(9.12,10.1442225841996,2.59657014795102));
#8316=CARTESIAN_POINT('',(9.12,10.6161738224655,2.81471040052157));
#8317=CARTESIAN_POINT('Ctrl Pts',(9.12,10.1442225841996,2.59657014795102));
#8318=CARTESIAN_POINT('Ctrl Pts',(9.12,10.4433079619379,2.59657014795102));
#8319=CARTESIAN_POINT('Ctrl Pts',(9.12,10.6161738224655,2.81471040052157));
#8320=CARTESIAN_POINT('',(9.12,10.7588567549644,3.23864334419642));
#8321=CARTESIAN_POINT('Ctrl Pts',(9.12,10.6161738224655,2.81471040052157));
#8322=CARTESIAN_POINT('Ctrl Pts',(9.12,10.7588567549644,2.9930640661453));
#8323=CARTESIAN_POINT('Ctrl Pts',(9.12,10.7588567549644,3.23864334419642));
#8324=CARTESIAN_POINT('',(9.12,10.1991006351608,3.82172263565859));
#8325=CARTESIAN_POINT('Ctrl Pts',(9.12,10.7588567549644,3.23864334419642));
#8326=CARTESIAN_POINT('Ctrl Pts',(9.12,10.7588567549644,3.49519823243978));
#8327=CARTESIAN_POINT('Ctrl Pts',(9.12,10.4350762542937,3.82172263565859));
#8328=CARTESIAN_POINT('Ctrl Pts',(9.12,10.1991006351608,3.82172263565859));
#8329=CARTESIAN_POINT('',(9.12,9.85885671920166,3.70922263118824));
#8330=CARTESIAN_POINT('Ctrl Pts',(9.12,10.1991006351608,3.82172263565859));
#8331=CARTESIAN_POINT('Ctrl Pts',(9.12,10.020746969537,3.82172263565859));
#8332=CARTESIAN_POINT('Ctrl Pts',(9.12,9.85885671920166,3.70922263118824));
#8333=CARTESIAN_POINT('',(9.12,9.95626525965769,4.19214947964633));
#8334=CARTESIAN_POINT('',(9.12,9.95626525965769,4.19214947964633));
#8335=CARTESIAN_POINT('',(9.12,10.6737957759747,4.19214947964633));
#8336=CARTESIAN_POINT('',(9.12,10.6737957759747,4.19214947964633));
#8337=CARTESIAN_POINT('',(9.12,10.6737957759747,4.40342997584674));
#8338=CARTESIAN_POINT('',(9.12,10.6737957759747,4.40342997584674));
#8339=CARTESIAN_POINT('',(9.12,9.779283545308,4.40342997584674));
#8340=CARTESIAN_POINT('',(9.12,9.779283545308,4.40342997584674));
#8341=CARTESIAN_POINT('',(9.12,9.60504573350636,3.47873481715143));
#8342=CARTESIAN_POINT('',(9.12,9.60504573350636,3.47873481715143));
#8343=CARTESIAN_POINT('',(9.12,9.81221037588468,3.45129579167086));
#8344=CARTESIAN_POINT('',(9.12,9.81221037588468,3.45129579167086));
#8345=CARTESIAN_POINT('',(9.12,10.1401067303775,3.62690555474653));
#8346=CARTESIAN_POINT('Ctrl Pts',(9.12,9.81221037588468,3.45129579167086));
#8347=CARTESIAN_POINT('Ctrl Pts',(9.12,9.86160062174971,3.52949701429049));
#8348=CARTESIAN_POINT('Ctrl Pts',(9.12,10.0330945310033,3.62690555474653));
#8349=CARTESIAN_POINT('Ctrl Pts',(9.12,10.1401067303775,3.62690555474653));
#8350=CARTESIAN_POINT('',(9.12,10.5242530871055,3.21806407508599));
#8351=CARTESIAN_POINT('Ctrl Pts',(9.12,10.1401067303775,3.62690555474653));
#8352=CARTESIAN_POINT('Ctrl Pts',(9.12,10.3129725909051,3.62690555474653));
#8353=CARTESIAN_POINT('Ctrl Pts',(9.12,10.5242530871055,3.40739335090194));
#8354=CARTESIAN_POINT('Ctrl Pts',(9.12,10.5242530871055,3.21806407508599));
#8355=CARTESIAN_POINT('',(9.12,10.1428506329256,2.7776677161228));
#8356=CARTESIAN_POINT('Ctrl Pts',(9.12,10.5242530871055,3.21806407508599));
#8357=CARTESIAN_POINT('Ctrl Pts',(9.12,10.5242530871055,3.01913114035184));
#8358=CARTESIAN_POINT('Ctrl Pts',(9.12,10.304740883261,2.7776677161228));
#8359=CARTESIAN_POINT('Ctrl Pts',(9.12,10.1428506329256,2.7776677161228));
#8360=CARTESIAN_POINT('Ctrl Pts',(9.12,10.1428506329256,2.7776677161228));
#8361=CARTESIAN_POINT('Ctrl Pts',(9.12,10.0097713593448,2.7776677161228));
#8362=CARTESIAN_POINT('Ctrl Pts',(9.12,9.82318598607691,2.94778967410235));
#8363=CARTESIAN_POINT('Ctrl Pts',(9.12,9.79711891187037,3.1179116320819));
#8364=CARTESIAN_POINT('Origin',(9.11999999999999,12.677133385938,3.62700669305734));
#8365=CARTESIAN_POINT('',(9.11999999999999,13.0340701590769,3.95205794717753));
#8366=CARTESIAN_POINT('',(9.11999999999999,13.2535823629215,3.9698933137399));
#8367=CARTESIAN_POINT('',(9.11999999999999,13.2535823629215,3.9698933137399));
#8368=CARTESIAN_POINT('',(9.11999999999999,12.7418445377088,4.41852138034727));
#8369=CARTESIAN_POINT('Ctrl Pts',(9.11999999999999,13.2535823629215,3.9698933137399));
#8370=CARTESIAN_POINT('Ctrl Pts',(9.11999999999999,13.2261433374409,4.17980185866628));
#8371=CARTESIAN_POINT('Ctrl Pts',(9.11999999999999,12.9544969851833,4.41852138034727));
#8372=CARTESIAN_POINT('Ctrl Pts',(9.11999999999999,12.7418445377088,4.41852138034727));
#8373=CARTESIAN_POINT('',(9.12,12.2891006172794,4.21272868924297));
#8374=CARTESIAN_POINT('Ctrl Pts',(9.11999999999999,12.7418445377088,4.41852138034727));
#8375=CARTESIAN_POINT('Ctrl Pts',(9.12,12.4564786727109,4.41852138034727));
#8376=CARTESIAN_POINT('Ctrl Pts',(9.12,12.2891006172794,4.21272868924297));
#8377=CARTESIAN_POINT('',(9.12,12.0956554876413,3.45403963470513));
#8378=CARTESIAN_POINT('Ctrl Pts',(9.12,12.2891006172794,4.21272868924297));
#8379=CARTESIAN_POINT('Ctrl Pts',(9.12,12.0956554876413,3.97538111883602));
#8380=CARTESIAN_POINT('Ctrl Pts',(9.12,12.0956554876413,3.45403963470513));
#8381=CARTESIAN_POINT('',(9.11999999999999,12.7212652685984,2.58147862442292));
#8382=CARTESIAN_POINT('Ctrl Pts',(9.12,12.0956554876413,3.45403963470513));
#8383=CARTESIAN_POINT('Ctrl Pts',(9.12,12.0956554876413,2.9875762015354));
#8384=CARTESIAN_POINT('Ctrl Pts',(9.12,12.4441311112446,2.58147862442292));
#8385=CARTESIAN_POINT('Ctrl Pts',(9.11999999999999,12.7212652685984,2.58147862442292));
#8386=CARTESIAN_POINT('',(9.11999999999999,13.2851372422242,3.19611279518775));
#8387=CARTESIAN_POINT('Ctrl Pts',(9.11999999999999,12.7212652685984,2.58147862442292));
#8388=CARTESIAN_POINT('Ctrl Pts',(9.11999999999999,12.8831555189338,2.58147862442292));
#8389=CARTESIAN_POINT('Ctrl Pts',(9.11999999999999,13.1383384559031,2.73650911838816));
#8390=CARTESIAN_POINT('Ctrl Pts',(9.11999999999999,13.2851372422242,3.02736278848223));
#8391=CARTESIAN_POINT('Ctrl Pts',(9.11999999999999,13.2851372422242,3.19611279518775));
#8392=CARTESIAN_POINT('',(9.11999999999999,12.752820147901,3.77919208664992));
#8393=CARTESIAN_POINT('Ctrl Pts',(9.11999999999999,13.2851372422242,3.19611279518775));
#8394=CARTESIAN_POINT('Ctrl Pts',(9.11999999999999,13.2851372422242,3.45403963470513));
#8395=CARTESIAN_POINT('Ctrl Pts',(9.11999999999999,12.9737043030197,3.77919208664992));
#8396=CARTESIAN_POINT('Ctrl Pts',(9.11999999999999,12.752820147901,3.77919208664992));
#8397=CARTESIAN_POINT('',(9.12,12.3151676914859,3.53910061369491));
#8398=CARTESIAN_POINT('Ctrl Pts',(9.11999999999999,12.752820147901,3.77919208664992));
#8399=CARTESIAN_POINT('Ctrl Pts',(9.11999999999999,12.6266006306904,3.77919208664992));
#8400=CARTESIAN_POINT('Ctrl Pts',(9.12,12.3947408653796,3.66120427708346));
#8401=CARTESIAN_POINT('Ctrl Pts',(9.12,12.3151676914859,3.53910061369491));
#8402=CARTESIAN_POINT('',(9.11999999999999,12.5429116029747,4.17842990739226));
#8403=CARTESIAN_POINT('Ctrl Pts',(9.12,12.3151676914859,3.53910061369491));
#8404=CARTESIAN_POINT('Ctrl Pts',(9.12,12.317911594034,3.80937501467855));
#8405=CARTESIAN_POINT('Ctrl Pts',(9.12,12.4386433061485,4.10297258732068));
#8406=CARTESIAN_POINT('Ctrl Pts',(9.11999999999999,12.5429116029747,4.17842990739226));
#8407=CARTESIAN_POINT('',(9.11999999999999,12.7281250249685,4.23742381217549));
#8408=CARTESIAN_POINT('Ctrl Pts',(9.11999999999999,12.5429116029747,4.17842990739226));
#8409=CARTESIAN_POINT('Ctrl Pts',(9.11999999999999,12.6224847768683,4.23742381217549));
#8410=CARTESIAN_POINT('Ctrl Pts',(9.11999999999999,12.7281250249685,4.23742381217549));
#8411=CARTESIAN_POINT('',(9.11999999999999,12.9503811313612,4.14275917426751));
#8412=CARTESIAN_POINT('Ctrl Pts',(9.11999999999999,12.7281250249685,4.23742381217549));
#8413=CARTESIAN_POINT('Ctrl Pts',(9.11999999999999,12.8598323472753,4.23742381217549));
#8414=CARTESIAN_POINT('Ctrl Pts',(9.11999999999999,12.9503811313612,4.14275917426751));
#8415=CARTESIAN_POINT('Ctrl Pts',(9.11999999999999,12.9503811313612,4.14275917426751));
#8416=CARTESIAN_POINT('Ctrl Pts',(9.11999999999999,13.0038872310483,4.08239331821025));
#8417=CARTESIAN_POINT('Ctrl Pts',(9.11999999999999,13.0340701590769,3.95205794717753));
#8418=CARTESIAN_POINT('',(9.12,12.3494664733366,3.19474084391372));
#8419=CARTESIAN_POINT('',(9.11999999999999,12.7075457558581,3.58437500573786));
#8420=CARTESIAN_POINT('Ctrl Pts',(9.12,12.3494664733366,3.19474084391372));
#8421=CARTESIAN_POINT('Ctrl Pts',(9.12,12.3494664733366,3.36897865571536));
#8422=CARTESIAN_POINT('Ctrl Pts',(9.11999999999999,12.558003066989,3.58437500573786));
#8423=CARTESIAN_POINT('Ctrl Pts',(9.11999999999999,12.7075457558581,3.58437500573786));
#8424=CARTESIAN_POINT('',(9.11999999999999,13.0573933307354,3.18239328244746));
#8425=CARTESIAN_POINT('Ctrl Pts',(9.11999999999999,12.7075457558581,3.58437500573786));
#8426=CARTESIAN_POINT('Ctrl Pts',(9.11999999999999,12.8598323472753,3.58437500573786));
#8427=CARTESIAN_POINT('Ctrl Pts',(9.11999999999999,13.0573933307354,3.36897865571536));
#8428=CARTESIAN_POINT('Ctrl Pts',(9.11999999999999,13.0573933307354,3.18239328244746));
#8429=CARTESIAN_POINT('',(9.11999999999999,12.7157774635023,2.7625761925947));
#8430=CARTESIAN_POINT('Ctrl Pts',(9.11999999999999,13.0573933307354,3.18239328244746));
#8431=CARTESIAN_POINT('Ctrl Pts',(9.11999999999999,13.0573933307354,2.98894815280943));
#8432=CARTESIAN_POINT('Ctrl Pts',(9.11999999999999,12.8570884447272,2.7625761925947));
#8433=CARTESIAN_POINT('Ctrl Pts',(9.11999999999999,12.7157774635023,2.7625761925947));
#8434=CARTESIAN_POINT('Ctrl Pts',(9.11999999999999,12.7157774635023,2.7625761925947));
#8435=CARTESIAN_POINT('Ctrl Pts',(9.11999999999999,12.6197408743203,2.7625761925947));
#8436=CARTESIAN_POINT('Ctrl Pts',(9.12,12.4468750137927,2.87233229451699));
#8437=CARTESIAN_POINT('Ctrl Pts',(9.12,12.3494664733366,3.08086888816935));
#8438=CARTESIAN_POINT('Ctrl Pts',(9.12,12.3494664733366,3.19474084391372));
#8439=CARTESIAN_POINT('Origin',(9.12,7.67344720495112,3.40984697861057));
#8440=CARTESIAN_POINT('',(9.12,7.73318600395831,3.03079266428221));
#8441=CARTESIAN_POINT('',(9.12,7.73318600395831,2.59999996423721));
#8442=CARTESIAN_POINT('',(9.12,7.73318600395831,2.59999996423721));
#8443=CARTESIAN_POINT('',(9.12,7.95407015907692,2.59999996423721));
#8444=CARTESIAN_POINT('',(9.12,7.95407015907692,2.59999996423721));
#8445=CARTESIAN_POINT('',(9.12,7.95407015907692,3.03079266428221));
#8446=CARTESIAN_POINT('',(9.12,7.95407015907692,3.03079266428221));
#8447=CARTESIAN_POINT('',(9.12,8.19690553457999,3.03079266428221));
#8448=CARTESIAN_POINT('',(9.12,8.19690553457999,3.03079266428221));
#8449=CARTESIAN_POINT('',(9.12,8.19690553457999,3.23384145283844));
#8450=CARTESIAN_POINT('',(9.12,8.19690553457999,3.23384145283844));
#8451=CARTESIAN_POINT('',(9.12,7.95407015907692,3.23384145283844));
#8452=CARTESIAN_POINT('',(9.12,7.95407015907692,3.23384145283844));
#8453=CARTESIAN_POINT('',(9.12,7.95407015907692,4.40000003576279));
#8454=CARTESIAN_POINT('',(9.12,7.95407015907692,4.40000003576279));
#8455=CARTESIAN_POINT('',(9.12,7.77297259090514,4.40000003576279));
#8456=CARTESIAN_POINT('',(9.12,7.77297259090514,4.40000003576279));
#8457=CARTESIAN_POINT('',(9.12,6.95254572903601,3.23384145283844));
#8458=CARTESIAN_POINT('',(9.12,6.95254572903601,3.23384145283844));
#8459=CARTESIAN_POINT('',(9.12,6.95254572903601,3.03079266428221));
#8460=CARTESIAN_POINT('',(9.12,6.95254572903601,3.03079266428221));
#8461=CARTESIAN_POINT('',(9.12,7.73318600395831,3.03079266428221));
#8462=CARTESIAN_POINT('',(9.12,7.73318600395831,3.23384145283844));
#8463=CARTESIAN_POINT('',(9.12,7.16931403033254,3.23384145283844));
#8464=CARTESIAN_POINT('',(9.12,7.42138061764183,3.23384145283844));
#8465=CARTESIAN_POINT('',(9.12,7.73318600395831,4.0460366070634));
#8466=CARTESIAN_POINT('',(9.12,7.57445624804968,3.81740396594926));
#8467=CARTESIAN_POINT('',(9.12,7.73318600395831,3.32184421572451));
#8468=CARTESIAN_POINT('Origin',(9.12,5.11031093037492,3.4959165458205));
#8469=CARTESIAN_POINT('',(9.12,4.70751525295217,3.11791157256812));
#8470=CARTESIAN_POINT('',(9.12,4.48663109783356,3.08910059581351));
#8471=CARTESIAN_POINT('',(9.12,4.48663109783356,3.08910059581351));
#8472=CARTESIAN_POINT('',(9.12,5.0587347791035,2.58147862442292));
#8473=CARTESIAN_POINT('Ctrl Pts',(9.12,4.48663109783356,3.08910059581351));
#8474=CARTESIAN_POINT('Ctrl Pts',(9.12,4.50858231821802,2.86410058687282));
#8475=CARTESIAN_POINT('Ctrl Pts',(9.12,4.82138720869655,2.58147862442292));
#8476=CARTESIAN_POINT('Ctrl Pts',(9.12,5.0587347791035,2.58147862442292));
#8477=CARTESIAN_POINT('',(9.12,5.66513724222416,3.14397864677466));
#8478=CARTESIAN_POINT('Ctrl Pts',(9.12,5.0587347791035,2.58147862442292));
#8479=CARTESIAN_POINT('Ctrl Pts',(9.12,5.32077747244297,2.58147862442292));
#8480=CARTESIAN_POINT('Ctrl Pts',(9.12,5.66513724222416,2.90937497891576));
#8481=CARTESIAN_POINT('Ctrl Pts',(9.12,5.66513724222416,3.14397864677466));
#8482=CARTESIAN_POINT('',(9.12,5.32900918008714,3.58711890828591));
#8483=CARTESIAN_POINT('Ctrl Pts',(9.12,5.66513724222416,3.14397864677466));
#8484=CARTESIAN_POINT('Ctrl Pts',(9.12,5.66513724222416,3.3182164585763));
#8485=CARTESIAN_POINT('Ctrl Pts',(9.12,5.48952747914849,3.55007622388714));
#8486=CARTESIAN_POINT('Ctrl Pts',(9.12,5.32900918008714,3.58711890828591));
#8487=CARTESIAN_POINT('',(9.12,5.57733236068633,3.95205794717753));
#8488=CARTESIAN_POINT('Ctrl Pts',(9.12,5.32900918008714,3.58711890828591));
#8489=CARTESIAN_POINT('Ctrl Pts',(9.12,5.45248479474972,3.64336891052108));
#8490=CARTESIAN_POINT('Ctrl Pts',(9.12,5.57733236068633,3.83544208888509));
#8491=CARTESIAN_POINT('Ctrl Pts',(9.12,5.57733236068633,3.95205794717753));
#8492=CARTESIAN_POINT('',(9.12,5.05050307145933,4.41852138034727));
#8493=CARTESIAN_POINT('Ctrl Pts',(9.12,5.57733236068633,3.95205794717753));
#8494=CARTESIAN_POINT('Ctrl Pts',(9.12,5.57733236068633,4.07416161056608));
#8495=CARTESIAN_POINT('Ctrl Pts',(9.12,5.44562503837958,4.29230186313663));
#8496=CARTESIAN_POINT('Ctrl Pts',(9.12,5.19730185778039,4.41852138034727));
#8497=CARTESIAN_POINT('Ctrl Pts',(9.12,5.05050307145933,4.41852138034727));
#8498=CARTESIAN_POINT('',(9.12,4.50858231821802,3.95205794717753));
#8499=CARTESIAN_POINT('Ctrl Pts',(9.12,5.05050307145933,4.41852138034727));
#8500=CARTESIAN_POINT('Ctrl Pts',(9.12,4.83647867271086,4.41852138034727));
#8501=CARTESIAN_POINT('Ctrl Pts',(9.12,4.54974085643888,4.17431405357017));
#8502=CARTESIAN_POINT('Ctrl Pts',(9.12,4.50858231821802,3.95205794717753));
#8503=CARTESIAN_POINT('',(9.12,4.72946647333663,3.9122713602307));
#8504=CARTESIAN_POINT('',(9.12,4.72946647333663,3.9122713602307));
#8505=CARTESIAN_POINT('',(9.12,5.05461892528142,4.23742381217548));
#8506=CARTESIAN_POINT('Ctrl Pts',(9.12,4.72946647333663,3.9122713602307));
#8507=CARTESIAN_POINT('Ctrl Pts',(9.12,4.75416159626914,4.07553356184011));
#8508=CARTESIAN_POINT('Ctrl Pts',(9.12,4.92565550552272,4.23742381217548));
#8509=CARTESIAN_POINT('Ctrl Pts',(9.12,5.05461892528142,4.23742381217548));
#8510=CARTESIAN_POINT('',(9.12,5.34958844919757,3.95617380099961));
#8511=CARTESIAN_POINT('Ctrl Pts',(9.12,5.05461892528142,4.23742381217548));
#8512=CARTESIAN_POINT('Ctrl Pts',(9.12,5.18495429631414,4.23742381217548));
#8513=CARTESIAN_POINT('Ctrl Pts',(9.12,5.34958844919757,4.07827746438816));
#8514=CARTESIAN_POINT('Ctrl Pts',(9.12,5.34958844919757,3.95617380099961));
#8515=CARTESIAN_POINT('',(9.12,4.9819055077579,3.65571647198734));
#8516=CARTESIAN_POINT('Ctrl Pts',(9.12,5.34958844919757,3.95617380099961));
#8517=CARTESIAN_POINT('Ctrl Pts',(9.12,5.34958844919757,3.80388720958243));
#8518=CARTESIAN_POINT('Ctrl Pts',(9.12,5.12321648898285,3.65571647198734));
#8519=CARTESIAN_POINT('Ctrl Pts',(9.12,4.9819055077579,3.65571647198734));
#8520=CARTESIAN_POINT('',(9.12,4.94623477463315,3.6584603745354));
#8521=CARTESIAN_POINT('Ctrl Pts',(9.12,4.9819055077579,3.65571647198734));
#8522=CARTESIAN_POINT('Ctrl Pts',(9.12,4.96955794629164,3.65571647198734));
#8523=CARTESIAN_POINT('Ctrl Pts',(9.12,4.94623477463315,3.6584603745354));
#8524=CARTESIAN_POINT('',(9.12,4.92291160297467,3.46501524489736));
#8525=CARTESIAN_POINT('',(9.12,4.92291160297467,3.46501524489736));
#8526=CARTESIAN_POINT('',(9.12,5.0779420969399,3.48971036782988));
#8527=CARTESIAN_POINT('Ctrl Pts',(9.12,4.92291160297467,3.46501524489736));
#8528=CARTESIAN_POINT('Ctrl Pts',(9.12,5.01620428960861,3.48971036782988));
#8529=CARTESIAN_POINT('Ctrl Pts',(9.12,5.0779420969399,3.48971036782988));
#8530=CARTESIAN_POINT('',(9.12,5.43053357436526,3.13986279295257));
#8531=CARTESIAN_POINT('Ctrl Pts',(9.12,5.0779420969399,3.48971036782988));
#8532=CARTESIAN_POINT('Ctrl Pts',(9.12,5.23160063963111,3.48971036782988));
#8533=CARTESIAN_POINT('Ctrl Pts',(9.12,5.43053357436526,3.29214938436975));
#8534=CARTESIAN_POINT('Ctrl Pts',(9.12,5.43053357436526,3.13986279295257));
#8535=CARTESIAN_POINT('',(9.12,5.06010673037753,2.76394814386873));
#8536=CARTESIAN_POINT('Ctrl Pts',(9.12,5.43053357436526,3.13986279295257));
#8537=CARTESIAN_POINT('Ctrl Pts',(9.12,5.43053357436526,2.98071644516525));
#8538=CARTESIAN_POINT('Ctrl Pts',(9.12,5.21650917561679,2.76394814386873));
#8539=CARTESIAN_POINT('Ctrl Pts',(9.12,5.06010673037753,2.76394814386873));
#8540=CARTESIAN_POINT('Ctrl Pts',(9.12,5.06010673037753,2.76394814386873));
#8541=CARTESIAN_POINT('Ctrl Pts',(9.12,4.92839940807078,2.76394814386873));
#8542=CARTESIAN_POINT('Ctrl Pts',(9.12,4.74592988862497,2.92995424802619));
#8543=CARTESIAN_POINT('Ctrl Pts',(9.12,4.70751525295217,3.11791157256812));
#8544=CARTESIAN_POINT('Origin',(9.12,0.517174728703315,1.10039612485288));
#8545=CARTESIAN_POINT('',(9.12,0.517713381787991,1.87572409231102));
#8546=CARTESIAN_POINT('',(9.12,-0.20027445162033,1.07999235337441));
#8547=CARTESIAN_POINT('Ctrl Pts',(9.12,0.517713381787991,1.87572409231102));
#8548=CARTESIAN_POINT('Ctrl Pts',(9.12,0.201021296033047,1.87572409231102));
#8549=CARTESIAN_POINT('Ctrl Pts',(9.12,-0.20027445162033,1.45384907554722));
#8550=CARTESIAN_POINT('Ctrl Pts',(9.12,-0.20027445162033,1.07999235337441));
#8551=CARTESIAN_POINT('',(9.12,0.517713381787991,0.324275859930303));
#8552=CARTESIAN_POINT('Ctrl Pts',(9.12,-0.20027445162033,1.07999235337441));
#8553=CARTESIAN_POINT('Ctrl Pts',(9.12,-0.20027445162033,0.882202711368616));
#8554=CARTESIAN_POINT('Ctrl Pts',(9.12,-0.0287805423667497,0.528925258306242));
#8555=CARTESIAN_POINT('Ctrl Pts',(9.12,0.305060934313552,0.324275859930303));
#8556=CARTESIAN_POINT('Ctrl Pts',(9.12,0.517713381787991,0.324275859930303));
#8557=CARTESIAN_POINT('',(9.12,1.23455792246795,1.09714174429977));
#8558=CARTESIAN_POINT('Ctrl Pts',(9.12,0.517713381787991,0.324275859930303));
#8559=CARTESIAN_POINT('Ctrl Pts',(9.12,0.712073145608715,0.324275859930303));
#8560=CARTESIAN_POINT('Ctrl Pts',(9.12,1.05048779320245,0.509489281924169));
#8561=CARTESIAN_POINT('Ctrl Pts',(9.12,1.23455792246795,0.869626491356687));
#8562=CARTESIAN_POINT('Ctrl Pts',(9.12,1.23455792246795,1.09714174429977));
#8563=CARTESIAN_POINT('Ctrl Pts',(9.12,1.23455792246795,1.09714174429977));
#8564=CARTESIAN_POINT('Ctrl Pts',(9.12,1.23455792246795,1.32237041178614));
#8565=CARTESIAN_POINT('Ctrl Pts',(9.12,1.0596341350293,1.67679115757687));
#8566=CARTESIAN_POINT('Ctrl Pts',(9.12,0.725792658349001,1.87572409231102));
#8567=CARTESIAN_POINT('Ctrl Pts',(9.12,0.517713381787991,1.87572409231102));
#8568=CARTESIAN_POINT('',(9.12,0.00437494675560904,1.0777057679177));
#8569=CARTESIAN_POINT('',(9.12,0.518856674516349,1.7053734757858));
#8570=CARTESIAN_POINT('Ctrl Pts',(9.12,0.00437494675560904,1.0777057679177));
#8571=CARTESIAN_POINT('Ctrl Pts',(9.12,0.00437494675560904,1.41612041551143));
#8572=CARTESIAN_POINT('Ctrl Pts',(9.12,0.308490812498624,1.7053734757858));
#8573=CARTESIAN_POINT('Ctrl Pts',(9.12,0.518856674516348,1.7053734757858));
#8574=CARTESIAN_POINT('',(9.12,1.02990852409202,1.09942832975648));
#8575=CARTESIAN_POINT('Ctrl Pts',(9.12,0.518856674516348,1.7053734757858));
#8576=CARTESIAN_POINT('Ctrl Pts',(9.12,0.667484729202784,1.7053734757858));
#8577=CARTESIAN_POINT('Ctrl Pts',(9.12,0.906432909429439,1.55560212837101));
#8578=CARTESIAN_POINT('Ctrl Pts',(9.12,1.02990852409202,1.28235516629364));
#8579=CARTESIAN_POINT('Ctrl Pts',(9.12,1.02990852409202,1.09942832975648));
#8580=CARTESIAN_POINT('',(9.12,0.516570089059634,0.494626476455526));
#8581=CARTESIAN_POINT('Ctrl Pts',(9.12,1.02990852409202,1.09942832975648));
#8582=CARTESIAN_POINT('Ctrl Pts',(9.12,1.02990852409202,0.809031976753755));
#8583=CARTESIAN_POINT('Ctrl Pts',(9.12,0.740655463817645,0.494626476455526));
#8584=CARTESIAN_POINT('Ctrl Pts',(9.12,0.516570089059634,0.494626476455526));
#8585=CARTESIAN_POINT('Ctrl Pts',(9.12,0.516570089059634,0.494626476455526));
#8586=CARTESIAN_POINT('Ctrl Pts',(9.12,0.295914592486695,0.494626476455526));
#8587=CARTESIAN_POINT('Ctrl Pts',(9.12,0.00437494675560904,0.806745391297041));
#8588=CARTESIAN_POINT('Ctrl Pts',(9.12,0.00437494675560904,1.0777057679177));
#8589=CARTESIAN_POINT('Origin',(9.12,2.07945124872392,1.09942832975648));
#8590=CARTESIAN_POINT('',(9.12,1.48836890816325,1.84942835955881));
#8591=CARTESIAN_POINT('',(9.12,1.48836890816325,0.349428299954162));
#8592=CARTESIAN_POINT('',(9.12,1.48836890816325,0.349428299954162));
#8593=CARTESIAN_POINT('',(9.12,1.67815550107055,0.349428299954162));
#8594=CARTESIAN_POINT('',(9.12,1.67815550107055,0.349428299954162));
#8595=CARTESIAN_POINT('',(9.12,1.67815550107055,1.52701981016208));
#8596=CARTESIAN_POINT('',(9.12,1.67815550107055,1.52701981016208));
#8597=CARTESIAN_POINT('',(9.12,2.46702748363701,0.349428299954162));
#8598=CARTESIAN_POINT('',(9.12,2.46702748363701,0.349428299954162));
#8599=CARTESIAN_POINT('',(9.12,2.6705335892846,0.349428299954161));
#8600=CARTESIAN_POINT('',(9.12,2.6705335892846,0.349428299954162));
#8601=CARTESIAN_POINT('',(9.12,2.6705335892846,1.84942835955881));
#8602=CARTESIAN_POINT('',(9.12,2.6705335892846,1.84942835955881));
#8603=CARTESIAN_POINT('',(9.12,2.4807469963773,1.84942835955881));
#8604=CARTESIAN_POINT('',(9.12,2.4807469963773,1.84942835955881));
#8605=CARTESIAN_POINT('',(9.12,2.4807469963773,0.671836849350892));
#8606=CARTESIAN_POINT('',(9.12,2.4807469963773,0.671836849350892));
#8607=CARTESIAN_POINT('',(9.12,1.69187501381083,1.84942835955881));
#8608=CARTESIAN_POINT('',(9.12,1.69187501381083,1.84942835955881));
#8609=CARTESIAN_POINT('',(9.12,1.48836890816325,1.84942835955881));
#8610=UNCERTAINTY_MEASURE_WITH_UNIT(LENGTH_MEASURE(0.01),#8614,
'DISTANCE_ACCURACY_VALUE',
'Maximum model space distance between geometric entities at asserted c
onnectivities');
#8611=UNCERTAINTY_MEASURE_WITH_UNIT(LENGTH_MEASURE(0.01),#8614,
'DISTANCE_ACCURACY_VALUE',
'Maximum model space distance between geometric entities at asserted c
onnectivities');
#8612=(
GEOMETRIC_REPRESENTATION_CONTEXT(3)
GLOBAL_UNCERTAINTY_ASSIGNED_CONTEXT((#8610))
GLOBAL_UNIT_ASSIGNED_CONTEXT((#8614,#8616,#8617))
REPRESENTATION_CONTEXT('','3D')
);
#8613=(
GEOMETRIC_REPRESENTATION_CONTEXT(3)
GLOBAL_UNCERTAINTY_ASSIGNED_CONTEXT((#8611))
GLOBAL_UNIT_ASSIGNED_CONTEXT((#8614,#8616,#8617))
REPRESENTATION_CONTEXT('','3D')
);
#8614=(
LENGTH_UNIT()
NAMED_UNIT(*)
SI_UNIT(.MILLI.,.METRE.)
);
#8615=(
LENGTH_UNIT()
NAMED_UNIT(*)
SI_UNIT(.CENTI.,.METRE.)
);
#8616=(
NAMED_UNIT(*)
PLANE_ANGLE_UNIT()
SI_UNIT($,.RADIAN.)
);
#8617=(
NAMED_UNIT(*)
SI_UNIT($,.STERADIAN.)
SOLID_ANGLE_UNIT()
);
#8618=SHAPE_DEFINITION_REPRESENTATION(#8619,#8620);
#8619=PRODUCT_DEFINITION_SHAPE('',$,#8622);
#8620=SHAPE_REPRESENTATION('',(#5331,#85,#86,#87,#88,#89,#90,#91,#92,#93),
#8612);
#8621=PRODUCT_DEFINITION_CONTEXT('part definition',#8626,'design');
#8622=PRODUCT_DEFINITION('Top Toggle Switch','Side Toggle Switch',#8623,
#8621);
#8623=PRODUCT_DEFINITION_FORMATION('',$,#8628);
#8624=PRODUCT_RELATED_PRODUCT_CATEGORY('Side Toggle Switch',
'Side Toggle Switch',(#8628));
#8625=APPLICATION_PROTOCOL_DEFINITION('international standard',
'automotive_design',2009,#8626);
#8626=APPLICATION_CONTEXT(
'Core Data for Automotive Mechanical Design Process');
#8627=PRODUCT_CONTEXT('part definition',#8626,'mechanical');
#8628=PRODUCT('Top Toggle Switch','Side Toggle Switch',$,(#8627));
#8629=PRESENTATION_STYLE_ASSIGNMENT((#8636));
#8630=PRESENTATION_STYLE_ASSIGNMENT((#8637));
#8631=PRESENTATION_STYLE_ASSIGNMENT((#8638));
#8632=PRESENTATION_STYLE_ASSIGNMENT((#8639));
#8633=PRESENTATION_STYLE_ASSIGNMENT((#8640));
#8634=PRESENTATION_STYLE_ASSIGNMENT((#8641));
#8635=PRESENTATION_STYLE_ASSIGNMENT((#8642));
#8636=SURFACE_STYLE_USAGE(.BOTH.,#8657);
#8637=SURFACE_STYLE_USAGE(.BOTH.,#8658);
#8638=SURFACE_STYLE_USAGE(.BOTH.,#8659);
#8639=SURFACE_STYLE_USAGE(.BOTH.,#8660);
#8640=SURFACE_STYLE_USAGE(.BOTH.,#8661);
#8641=SURFACE_STYLE_USAGE(.BOTH.,#8662);
#8642=SURFACE_STYLE_USAGE(.BOTH.,#8663);
#8643=SURFACE_STYLE_RENDERING_WITH_PROPERTIES($,#8685,(#8650));
#8644=SURFACE_STYLE_RENDERING_WITH_PROPERTIES($,#8686,(#8651));
#8645=SURFACE_STYLE_RENDERING_WITH_PROPERTIES($,#8687,(#8652));
#8646=SURFACE_STYLE_RENDERING_WITH_PROPERTIES($,#8688,(#8653));
#8647=SURFACE_STYLE_RENDERING_WITH_PROPERTIES($,#8689,(#8654));
#8648=SURFACE_STYLE_RENDERING_WITH_PROPERTIES($,#8690,(#8655));
#8649=SURFACE_STYLE_RENDERING_WITH_PROPERTIES($,#8691,(#8656));
#8650=SURFACE_STYLE_TRANSPARENT(0.);
#8651=SURFACE_STYLE_TRANSPARENT(0.);
#8652=SURFACE_STYLE_TRANSPARENT(0.);
#8653=SURFACE_STYLE_TRANSPARENT(0.);
#8654=SURFACE_STYLE_TRANSPARENT(0.);
#8655=SURFACE_STYLE_TRANSPARENT(0.);
#8656=SURFACE_STYLE_TRANSPARENT(0.);
#8657=SURFACE_SIDE_STYLE('',(#8664,#8643));
#8658=SURFACE_SIDE_STYLE('',(#8665,#8644));
#8659=SURFACE_SIDE_STYLE('',(#8666,#8645));
#8660=SURFACE_SIDE_STYLE('',(#8667,#8646));
#8661=SURFACE_SIDE_STYLE('',(#8668,#8647));
#8662=SURFACE_SIDE_STYLE('',(#8669,#8648));
#8663=SURFACE_SIDE_STYLE('',(#8670,#8649));
#8664=SURFACE_STYLE_FILL_AREA(#8671);
#8665=SURFACE_STYLE_FILL_AREA(#8672);
#8666=SURFACE_STYLE_FILL_AREA(#8673);
#8667=SURFACE_STYLE_FILL_AREA(#8674);
#8668=SURFACE_STYLE_FILL_AREA(#8675);
#8669=SURFACE_STYLE_FILL_AREA(#8676);
#8670=SURFACE_STYLE_FILL_AREA(#8677);
#8671=FILL_AREA_STYLE('',(#8678));
#8672=FILL_AREA_STYLE('',(#8679));
#8673=FILL_AREA_STYLE('',(#8680));
#8674=FILL_AREA_STYLE('',(#8681));
#8675=FILL_AREA_STYLE('',(#8682));
#8676=FILL_AREA_STYLE('',(#8683));
#8677=FILL_AREA_STYLE('',(#8684));
#8678=FILL_AREA_STYLE_COLOUR('',#8685);
#8679=FILL_AREA_STYLE_COLOUR('',#8686);
#8680=FILL_AREA_STYLE_COLOUR('',#8687);
#8681=FILL_AREA_STYLE_COLOUR('',#8688);
#8682=FILL_AREA_STYLE_COLOUR('',#8689);
#8683=FILL_AREA_STYLE_COLOUR('',#8690);
#8684=FILL_AREA_STYLE_COLOUR('',#8691);
#8685=COLOUR_RGB('',0.749019607843137,0.749019607843137,0.749019607843137);
#8686=COLOUR_RGB('',0.952941176470588,0.952941176470588,0.952941176470588);
#8687=COLOUR_RGB('',0.827450980392157,0.788235294117647,0.494117647058824);
#8688=COLOUR_RGB('',1.,0.207843137254902,0.207843137254902);
#8689=COLOUR_RGB('',0.156862745098039,0.156862745098039,0.156862745098039);
#8690=COLOUR_RGB('',0.176470588235294,0.176470588235294,0.176470588235294);
#8691=COLOUR_RGB('',0.137254901960784,0.137254901960784,0.137254901960784);
ENDSEC;
END-ISO-10303-21;
