ISO-10303-21;
HEADER;
FILE_DESCRIPTION(('STEP AP214'),
    '1');
FILE_NAME('DG302',
    '2019-10-02T14:12:59',
    ('AF'),
    (''),
    'UNSPECIFIED',
    'UNSPECIFIED',
    '');
/*Based on Degson DG302 datasheet, REV D0*/
FILE_SCHEMA(('AUTOMOTIVE_DESIGN { 1 0 10303 214 3 1 1}'));
ENDSEC;

DATA;
#1=SHAPE_REPRESENTATION('NONE',(#2,#61,#124,#187,#250,#276,#302,#328,#354,#380,#406,
#432,#458,#484,#510,#536),#6);
#2=AXIS2_PLACEMENT_3D('',#3,#4,#5);
#3=CARTESIAN_POINT('',(0.,0.,0.));
#4=DIRECTION('',(0.,0.,1.));
#5=DIRECTION('',(1.,0.,0.));
#6=(GEOMETRIC_REPRESENTATION_CONTEXT(3)GLOBAL_UNCERTAINTY_ASSIGNED_CONTEXT((#8))
GLOBAL_UNIT_ASSIGNED_CONTEXT((#7,#9,#10))REPRESENTATION_CONTEXT('NONE','NONE'));
#7=(LENGTH_UNIT()NAMED_UNIT(*)SI_UNIT(.MILLI.,.METRE.));
#8=UNCERTAINTY_MEASURE_WITH_UNIT(LENGTH_MEASURE(1.E-005),#7,'NONE','NONE');
#9=(NAMED_UNIT(*)PLANE_ANGLE_UNIT()SI_UNIT($,.RADIAN.));
#10=(NAMED_UNIT(*)SI_UNIT($,.STERADIAN.)SOLID_ANGLE_UNIT());
#11=SHAPE_DEFINITION_REPRESENTATION(#12,#1);
#12=PRODUCT_DEFINITION_SHAPE('NONE','NONE',#13);
#13=PRODUCT_DEFINITION('','UNSPECIFIED',#14,#22);
#14=PRODUCT_DEFINITION_FORMATION_WITH_SPECIFIED_SOURCE('ANY','UNSPECIFIED',#15,.NOT_KNOWN.);
#15=PRODUCT('','DG302-5.0-05P-14','Based on Degson DG302 datasheet, REV D0',(#25));
#16=PERSON('UNSPECIFIED','AF','UNSPECIFIED',('UNSPECIFIED'),('UNSPECIFIED'),('UNSPECIFIED'));
#17=ORGANIZATION('UNSPECIFIED','UNSPECIFIED','UNSPECIFIED');
#18=PERSON_AND_ORGANIZATION(#16,#17);
#19=PERSON_AND_ORGANIZATION_ROLE('design_owner');
#20=CC_DESIGN_PERSON_AND_ORGANIZATION_ASSIGNMENT(#18,#19,(#15));
#21=PRODUCT_RELATED_PRODUCT_CATEGORY('assembly','',(#15));
#22=DESIGN_CONTEXT('detailed design',#23,'design');
#23=APPLICATION_CONTEXT('configuration controlled 3d designs of mechanical parts and assemblies');
#24=APPLICATION_PROTOCOL_DEFINITION('international standard','automotive_design',
2011,#23);
#25=PRODUCT_CONTEXT('NONE',#23,'mechanical');
#26=CC_DESIGN_DATE_AND_TIME_ASSIGNMENT(#27,#31,(#13));
#27=DATE_AND_TIME(#28,#29);
#28=CALENDAR_DATE(0,1,1);
#29=LOCAL_TIME(0,0,0.,#30);
#30=COORDINATED_UNIVERSAL_TIME_OFFSET(0,0,.AHEAD.);
#31=DATE_TIME_ROLE('creation_date');
#32=CC_DESIGN_APPROVAL(#33,(#13));
#33=APPROVAL(#34,'UNSPECIFIED');
#34=APPROVAL_STATUS('not_yet_approved');
#35=APPROVAL_DATE_TIME(#36,#33);
#36=DATE_AND_TIME(#37,#38);
#37=CALENDAR_DATE(0,1,1);
#38=LOCAL_TIME(0,0,0.,#39);
#39=COORDINATED_UNIVERSAL_TIME_OFFSET(0,0,.AHEAD.);
#40=DERIVED_UNIT((#44,#41));
#41=DERIVED_UNIT_ELEMENT(#42,-1.);
#42=VOLUME_UNIT(#43);
#43=DIMENSIONAL_EXPONENTS(3.,0.,0.,0.,0.,0.,0.);
#44=(DERIVED_UNIT_ELEMENT($,-1.)NAMED_UNIT($)MASS_UNIT()SI_UNIT($,.GRAM.));
#45=MANIFOLD_SOLID_BREP('',#46);
#46=CLOSED_SHELL('',(#562,#571,#580,#589,#598,#607,#616,#625,#634,#643,#652,#661,
#670,#679,#688,#697,#706,#715,#724,#733,#742,#751,#760,#769,#778,#787,#796,#805,
#814,#823,#832,#841,#850,#859,#868,#877,#886,#895,#904,#913,#922,#931,#940,#949,
#958,#967,#976,#985,#994,#1003,#1012,#1021,#1030,#1039,#1048,#1057,#1066,#1075,#1084,
#1093,#1102,#1111,#1120,#1129,#1138,#1147,#1156,#1165,#1174,#1183,#1192,#1201,#1210,
#1219,#1228,#1237,#1246,#1255,#1264,#1273,#1282,#1291,#1300,#1309,#1318,#1327,#1336,
#1345,#1354,#1363,#1372,#1381,#1390,#1399,#1408,#1417,#1426,#1435,#1444,#1453,#1462,
#1471,#1480,#1489,#1498,#1507,#1516,#1525,#1534,#1543,#1552,#1561,#1570,#1579,#1588,
#1597,#1606,#1615,#1624,#1633,#1642,#1651,#1660,#1669,#1678,#1687,#1696,#1705,#1714,
#1723,#1732,#1741,#1750,#1759,#1768,#1777,#1786,#1795,#1804,#1813,#1822,#1831,#1840,
#1849,#1858,#1867,#1876,#1885,#1894,#1903,#1912,#1921,#1930,#1939,#1948,#1957,#1966,
#1975,#1984,#1993,#2002,#2011,#2020,#2029,#2038,#2047,#2056,#2065,#2074,#2083,#2092,
#2101,#2110,#2119,#2128,#2137,#2146,#2155,#2164,#2173,#2182,#2191,#2200,#2209,#2218,
#2227,#2236,#2245,#2254,#2263,#2272,#2281,#2290,#2299,#2308,#2317,#2326,#2335));
#47=COLOUR_RGB($,0.341176470588235,0.615686274509804,0.427450980392157);
#48=FILL_AREA_STYLE_COLOUR($,#47);
#49=FILL_AREA_STYLE($,(#48));
#50=SURFACE_STYLE_FILL_AREA(#49);
#51=SURFACE_SIDE_STYLE('',(#50));
#52=SURFACE_STYLE_USAGE(.BOTH.,#51);
#53=PRESENTATION_STYLE_ASSIGNMENT((#52));
#54=MECHANICAL_DESIGN_GEOMETRIC_PRESENTATION_REPRESENTATION('NONE',(#55,#99,#162,
#225,#570,#579,#588,#597,#606,#615,#624,#633,#642,#651,#660,#669,#678,#687,#696,
#705,#714,#723,#732,#741,#750,#759,#768,#777,#786,#795,#804,#813,#822,#831,#840,
#849,#858,#867,#876,#885,#894,#903,#912,#921,#930,#939,#948,#957,#966,#975,#984,
#993,#1002,#1011,#1020,#1029,#1038,#1047,#1056,#1065,#1074,#1083,#1092,#1101,#1110,
#1119,#1128,#1137,#1146,#1155,#1164,#1173,#1182,#1191,#1200,#1209,#1218,#1227,#1236,
#1245,#1254,#1263,#1272,#1281,#1290,#1299,#1308,#1317,#1326,#1335,#1344,#1353,#1362,
#1371,#1380,#1389,#1398,#1407,#1416,#1425,#1434,#1443,#1452,#1461,#1470,#1479,#1488,
#1497,#1506,#1515,#1524,#1533,#1542,#1551,#1560,#1569,#1578,#1587,#1596,#1605,#1614,
#1623,#1632,#1641,#1650,#1659,#1668,#1677,#1686,#1695,#1704,#1713,#1722,#1731,#1740,
#1749,#1758,#1767,#1776,#1785,#1794,#1803,#1812,#1821,#1830,#1839,#1848,#1857,#1866,
#1875,#1884,#1893,#1902,#1911,#1920,#1929,#1938,#1947,#1956,#1965,#1974,#1983,#1992,
#2001,#2010,#2019,#2028,#2037,#2046,#2055,#2064,#2073,#2082,#2091,#2100,#2109,#2118,
#2127,#2136,#2145,#2154,#2163,#2172,#2181,#2190,#2199,#2208,#2217,#2226,#2235,#2244,
#2253,#2262,#2271,#2280,#2289,#2298,#2307,#2316,#2325,#2334,#2343,#2349,#2355,#2361,
#2367,#2373,#2382,#2391,#2400,#2409,#2418,#2427,#2436,#2445,#2454,#2463,#2472,#2481,
#2490,#2499,#2508,#2517,#2526,#2535,#2544,#2553,#2562,#2571,#2580,#2589,#2598,#2607,
#2616,#2625,#2634,#2643,#2652,#2661,#2670,#2679,#2688,#2697,#2706,#2715,#2724,#2733,
#2742,#2751,#2760,#2769,#2778,#2787,#2796,#2805,#2814,#2823,#2832,#2841,#2850,#2859,
#2868,#2877,#2886,#2895,#2904,#2913,#2922,#2931,#2940,#2949,#2958,#2967,#2976,#2985,
#2994,#3003,#3012),#6);
#55=STYLED_ITEM('',(#53),#45);
#56=ADVANCED_BREP_SHAPE_REPRESENTATION('NONE',(#45),#6);
#57=SHAPE_REPRESENTATION_RELATIONSHIP('','',#1,#56);
#58=GEOMETRIC_CURVE_SET('',(#2344,#2350,#2356,#2362,#2368));
#59=GEOMETRICALLY_BOUNDED_WIREFRAME_SHAPE_REPRESENTATION('NONE',(#58),#6);
#60=SHAPE_REPRESENTATION_RELATIONSHIP('','',#1,#59);
#61=AXIS2_PLACEMENT_3D('',#62,#63,#64);
#62=CARTESIAN_POINT('',(0.,0.,0.));
#63=DIRECTION('',(0.,0.,1.));
#64=DIRECTION('',(1.,0.,0.));
#65=SHAPE_REPRESENTATION('NONE',(#2),#6);
#66=SHAPE_DEFINITION_REPRESENTATION(#67,#65);
#67=PRODUCT_DEFINITION_SHAPE('NONE','NONE',#68);
#68=PRODUCT_DEFINITION('','UNSPECIFIED',#69,#72);
#69=PRODUCT_DEFINITION_FORMATION_WITH_SPECIFIED_SOURCE('ANY','UNSPECIFIED',#70,.NOT_KNOWN.);
#70=PRODUCT('','DG302-pin','NONE',(#75));
#71=PRODUCT_RELATED_PRODUCT_CATEGORY('detail','',(#70));
#72=DESIGN_CONTEXT('detailed design',#73,'design');
#73=APPLICATION_CONTEXT('configuration controlled 3d designs of mechanical parts and assemblies');
#74=APPLICATION_PROTOCOL_DEFINITION('international standard','automotive_design',
2011,#73);
#75=PRODUCT_CONTEXT('NONE',#73,'mechanical');
#76=CC_DESIGN_DATE_AND_TIME_ASSIGNMENT(#77,#81,(#68));
#77=DATE_AND_TIME(#78,#79);
#78=CALENDAR_DATE(0,1,1);
#79=LOCAL_TIME(0,0,0.,#80);
#80=COORDINATED_UNIVERSAL_TIME_OFFSET(0,0,.AHEAD.);
#81=DATE_TIME_ROLE('creation_date');
#82=CC_DESIGN_APPROVAL(#83,(#68));
#83=APPROVAL(#84,'UNSPECIFIED');
#84=APPROVAL_STATUS('not_yet_approved');
#85=APPROVAL_DATE_TIME(#86,#83);
#86=DATE_AND_TIME(#87,#88);
#87=CALENDAR_DATE(0,1,1);
#88=LOCAL_TIME(0,0,0.,#89);
#89=COORDINATED_UNIVERSAL_TIME_OFFSET(0,0,.AHEAD.);
#90=MANIFOLD_SOLID_BREP('',#91);
#91=CLOSED_SHELL('',(#2374,#2383,#2392,#2401,#2410,#2419,#2428,#2437,#2446,#2455,
#2464,#2473,#2482,#2491,#2500,#2509,#2518,#2527,#2536));
#92=COLOUR_RGB($,0.827450980392157,0.831372549019608,0.835294117647059);
#93=FILL_AREA_STYLE_COLOUR($,#92);
#94=FILL_AREA_STYLE($,(#93));
#95=SURFACE_STYLE_FILL_AREA(#94);
#96=SURFACE_SIDE_STYLE('',(#95));
#97=SURFACE_STYLE_USAGE(.BOTH.,#96);
#98=PRESENTATION_STYLE_ASSIGNMENT((#97));
#99=STYLED_ITEM('',(#98),#90);
#100=ADVANCED_BREP_SHAPE_REPRESENTATION('NONE',(#90),#6);
#101=SHAPE_REPRESENTATION_RELATIONSHIP('','',#65,#100);
#102=ITEM_DEFINED_TRANSFORMATION('','',#2,#61);
#103=(REPRESENTATION_RELATIONSHIP('','',#65,#1)REPRESENTATION_RELATIONSHIP_WITH_TRANSFORMATION(
#102)SHAPE_REPRESENTATION_RELATIONSHIP());
#104=NEXT_ASSEMBLY_USAGE_OCCURRENCE('1','','',#13,#68,$);
#105=CC_DESIGN_SECURITY_CLASSIFICATION(#106,(#104));
#106=SECURITY_CLASSIFICATION('','',#107);
#107=SECURITY_CLASSIFICATION_LEVEL('unclassified');
#108=CC_DESIGN_DATE_AND_TIME_ASSIGNMENT(#109,#113,(#106));
#109=DATE_AND_TIME(#110,#111);
#110=CALENDAR_DATE(0,1,1);
#111=LOCAL_TIME(0,0,0.,#112);
#112=COORDINATED_UNIVERSAL_TIME_OFFSET(0,0,.AHEAD.);
#113=DATE_TIME_ROLE('classification_date');
#114=CC_DESIGN_APPROVAL(#115,(#106));
#115=APPROVAL(#116,'UNSPECIFIED');
#116=APPROVAL_STATUS('not_yet_approved');
#117=APPROVAL_DATE_TIME(#118,#115);
#118=DATE_AND_TIME(#119,#120);
#119=CALENDAR_DATE(0,1,1);
#120=LOCAL_TIME(0,0,0.,#121);
#121=COORDINATED_UNIVERSAL_TIME_OFFSET(0,0,.AHEAD.);
#122=PRODUCT_DEFINITION_SHAPE('NONE','NONE',#104);
#123=CONTEXT_DEPENDENT_SHAPE_REPRESENTATION(#103,#122);
#124=AXIS2_PLACEMENT_3D('',#125,#126,#127);
#125=CARTESIAN_POINT('',(0.,0.,0.));
#126=DIRECTION('',(0.,0.,1.));
#127=DIRECTION('',(1.,0.,0.));
#128=SHAPE_REPRESENTATION('NONE',(#2),#6);
#129=SHAPE_DEFINITION_REPRESENTATION(#130,#128);
#130=PRODUCT_DEFINITION_SHAPE('NONE','NONE',#131);
#131=PRODUCT_DEFINITION('','UNSPECIFIED',#132,#135);
#132=PRODUCT_DEFINITION_FORMATION_WITH_SPECIFIED_SOURCE('ANY','UNSPECIFIED',#133,
.NOT_KNOWN.);
#133=PRODUCT('','DG302-wire-protector','NONE',(#138));
#134=PRODUCT_RELATED_PRODUCT_CATEGORY('detail','',(#133));
#135=DESIGN_CONTEXT('detailed design',#136,'design');
#136=APPLICATION_CONTEXT('configuration controlled 3d designs of mechanical parts and assemblies');
#137=APPLICATION_PROTOCOL_DEFINITION('international standard','automotive_design',
2011,#136);
#138=PRODUCT_CONTEXT('NONE',#136,'mechanical');
#139=CC_DESIGN_DATE_AND_TIME_ASSIGNMENT(#140,#144,(#131));
#140=DATE_AND_TIME(#141,#142);
#141=CALENDAR_DATE(0,1,1);
#142=LOCAL_TIME(0,0,0.,#143);
#143=COORDINATED_UNIVERSAL_TIME_OFFSET(0,0,.AHEAD.);
#144=DATE_TIME_ROLE('creation_date');
#145=CC_DESIGN_APPROVAL(#146,(#131));
#146=APPROVAL(#147,'UNSPECIFIED');
#147=APPROVAL_STATUS('not_yet_approved');
#148=APPROVAL_DATE_TIME(#149,#146);
#149=DATE_AND_TIME(#150,#151);
#150=CALENDAR_DATE(0,1,1);
#151=LOCAL_TIME(0,0,0.,#152);
#152=COORDINATED_UNIVERSAL_TIME_OFFSET(0,0,.AHEAD.);
#153=MANIFOLD_SOLID_BREP('',#154);
#154=CLOSED_SHELL('',(#2545,#2554,#2563,#2572,#2581,#2590,#2599,#2608,#2617,#2626,
#2635,#2644,#2653,#2662,#2671,#2680,#2689,#2698,#2707,#2716,#2725,#2734,#2743,#2752,
#2761,#2770,#2779,#2788,#2797,#2806,#2815,#2824,#2833,#2842,#2851,#2860,#2869,#2878,
#2887));
#155=COLOUR_RGB($,0.792156862745098,0.8,0.807843137254902);
#156=FILL_AREA_STYLE_COLOUR($,#155);
#157=FILL_AREA_STYLE($,(#156));
#158=SURFACE_STYLE_FILL_AREA(#157);
#159=SURFACE_SIDE_STYLE('',(#158));
#160=SURFACE_STYLE_USAGE(.BOTH.,#159);
#161=PRESENTATION_STYLE_ASSIGNMENT((#160));
#162=STYLED_ITEM('',(#161),#153);
#163=ADVANCED_BREP_SHAPE_REPRESENTATION('NONE',(#153),#6);
#164=SHAPE_REPRESENTATION_RELATIONSHIP('','',#128,#163);
#165=ITEM_DEFINED_TRANSFORMATION('','',#2,#124);
#166=(REPRESENTATION_RELATIONSHIP('','',#128,#1)REPRESENTATION_RELATIONSHIP_WITH_TRANSFORMATION(
#165)SHAPE_REPRESENTATION_RELATIONSHIP());
#167=NEXT_ASSEMBLY_USAGE_OCCURRENCE('2','','',#13,#131,$);
#168=CC_DESIGN_SECURITY_CLASSIFICATION(#169,(#167));
#169=SECURITY_CLASSIFICATION('','',#170);
#170=SECURITY_CLASSIFICATION_LEVEL('unclassified');
#171=CC_DESIGN_DATE_AND_TIME_ASSIGNMENT(#172,#176,(#169));
#172=DATE_AND_TIME(#173,#174);
#173=CALENDAR_DATE(0,1,1);
#174=LOCAL_TIME(0,0,0.,#175);
#175=COORDINATED_UNIVERSAL_TIME_OFFSET(0,0,.AHEAD.);
#176=DATE_TIME_ROLE('classification_date');
#177=CC_DESIGN_APPROVAL(#178,(#169));
#178=APPROVAL(#179,'UNSPECIFIED');
#179=APPROVAL_STATUS('not_yet_approved');
#180=APPROVAL_DATE_TIME(#181,#178);
#181=DATE_AND_TIME(#182,#183);
#182=CALENDAR_DATE(0,1,1);
#183=LOCAL_TIME(0,0,0.,#184);
#184=COORDINATED_UNIVERSAL_TIME_OFFSET(0,0,.AHEAD.);
#185=PRODUCT_DEFINITION_SHAPE('NONE','NONE',#167);
#186=CONTEXT_DEPENDENT_SHAPE_REPRESENTATION(#166,#185);
#187=AXIS2_PLACEMENT_3D('',#188,#189,#190);
#188=CARTESIAN_POINT('',(0.,0.,0.));
#189=DIRECTION('',(0.,0.,1.));
#190=DIRECTION('',(1.,0.,0.));
#191=SHAPE_REPRESENTATION('NONE',(#2),#6);
#192=SHAPE_DEFINITION_REPRESENTATION(#193,#191);
#193=PRODUCT_DEFINITION_SHAPE('NONE','NONE',#194);
#194=PRODUCT_DEFINITION('','UNSPECIFIED',#195,#198);
#195=PRODUCT_DEFINITION_FORMATION_WITH_SPECIFIED_SOURCE('ANY','UNSPECIFIED',#196,
.NOT_KNOWN.);
#196=PRODUCT('','DG302-screw','NONE',(#201));
#197=PRODUCT_RELATED_PRODUCT_CATEGORY('detail','',(#196));
#198=DESIGN_CONTEXT('detailed design',#199,'design');
#199=APPLICATION_CONTEXT('configuration controlled 3d designs of mechanical parts and assemblies');
#200=APPLICATION_PROTOCOL_DEFINITION('international standard','automotive_design',
2011,#199);
#201=PRODUCT_CONTEXT('NONE',#199,'mechanical');
#202=CC_DESIGN_DATE_AND_TIME_ASSIGNMENT(#203,#207,(#194));
#203=DATE_AND_TIME(#204,#205);
#204=CALENDAR_DATE(0,1,1);
#205=LOCAL_TIME(0,0,0.,#206);
#206=COORDINATED_UNIVERSAL_TIME_OFFSET(0,0,.AHEAD.);
#207=DATE_TIME_ROLE('creation_date');
#208=CC_DESIGN_APPROVAL(#209,(#194));
#209=APPROVAL(#210,'UNSPECIFIED');
#210=APPROVAL_STATUS('not_yet_approved');
#211=APPROVAL_DATE_TIME(#212,#209);
#212=DATE_AND_TIME(#213,#214);
#213=CALENDAR_DATE(0,1,1);
#214=LOCAL_TIME(0,0,0.,#215);
#215=COORDINATED_UNIVERSAL_TIME_OFFSET(0,0,.AHEAD.);
#216=MANIFOLD_SOLID_BREP('',#217);
#217=CLOSED_SHELL('',(#2896,#2905,#2914,#2923,#2932,#2941,#2950,#2959,#2968,#2977,
#2986,#2995,#3004));
#218=COLOUR_RGB($,0.729411764705882,0.768627450980392,0.784313725490196);
#219=FILL_AREA_STYLE_COLOUR($,#218);
#220=FILL_AREA_STYLE($,(#219));
#221=SURFACE_STYLE_FILL_AREA(#220);
#222=SURFACE_SIDE_STYLE('',(#221));
#223=SURFACE_STYLE_USAGE(.BOTH.,#222);
#224=PRESENTATION_STYLE_ASSIGNMENT((#223));
#225=STYLED_ITEM('',(#224),#216);
#226=ADVANCED_BREP_SHAPE_REPRESENTATION('NONE',(#216),#6);
#227=SHAPE_REPRESENTATION_RELATIONSHIP('','',#191,#226);
#228=ITEM_DEFINED_TRANSFORMATION('','',#2,#187);
#229=(REPRESENTATION_RELATIONSHIP('','',#191,#1)REPRESENTATION_RELATIONSHIP_WITH_TRANSFORMATION(
#228)SHAPE_REPRESENTATION_RELATIONSHIP());
#230=NEXT_ASSEMBLY_USAGE_OCCURRENCE('3','','',#13,#194,$);
#231=CC_DESIGN_SECURITY_CLASSIFICATION(#232,(#230));
#232=SECURITY_CLASSIFICATION('','',#233);
#233=SECURITY_CLASSIFICATION_LEVEL('unclassified');
#234=CC_DESIGN_DATE_AND_TIME_ASSIGNMENT(#235,#239,(#232));
#235=DATE_AND_TIME(#236,#237);
#236=CALENDAR_DATE(0,1,1);
#237=LOCAL_TIME(0,0,0.,#238);
#238=COORDINATED_UNIVERSAL_TIME_OFFSET(0,0,.AHEAD.);
#239=DATE_TIME_ROLE('classification_date');
#240=CC_DESIGN_APPROVAL(#241,(#232));
#241=APPROVAL(#242,'UNSPECIFIED');
#242=APPROVAL_STATUS('not_yet_approved');
#243=APPROVAL_DATE_TIME(#244,#241);
#244=DATE_AND_TIME(#245,#246);
#245=CALENDAR_DATE(0,1,1);
#246=LOCAL_TIME(0,0,0.,#247);
#247=COORDINATED_UNIVERSAL_TIME_OFFSET(0,0,.AHEAD.);
#248=PRODUCT_DEFINITION_SHAPE('NONE','NONE',#230);
#249=CONTEXT_DEPENDENT_SHAPE_REPRESENTATION(#229,#248);
#250=AXIS2_PLACEMENT_3D('',#251,#252,#253);
#251=CARTESIAN_POINT('',(5.,0.,0.));
#252=DIRECTION('',(0.,0.,1.));
#253=DIRECTION('',(1.,0.,0.));
#254=ITEM_DEFINED_TRANSFORMATION('','',#2,#250);
#255=(REPRESENTATION_RELATIONSHIP('','',#65,#1)REPRESENTATION_RELATIONSHIP_WITH_TRANSFORMATION(
#254)SHAPE_REPRESENTATION_RELATIONSHIP());
#256=NEXT_ASSEMBLY_USAGE_OCCURRENCE('4','','',#13,#68,$);
#257=CC_DESIGN_SECURITY_CLASSIFICATION(#258,(#256));
#258=SECURITY_CLASSIFICATION('','',#259);
#259=SECURITY_CLASSIFICATION_LEVEL('unclassified');
#260=CC_DESIGN_DATE_AND_TIME_ASSIGNMENT(#261,#265,(#258));
#261=DATE_AND_TIME(#262,#263);
#262=CALENDAR_DATE(0,1,1);
#263=LOCAL_TIME(0,0,0.,#264);
#264=COORDINATED_UNIVERSAL_TIME_OFFSET(0,0,.AHEAD.);
#265=DATE_TIME_ROLE('classification_date');
#266=CC_DESIGN_APPROVAL(#267,(#258));
#267=APPROVAL(#268,'UNSPECIFIED');
#268=APPROVAL_STATUS('not_yet_approved');
#269=APPROVAL_DATE_TIME(#270,#267);
#270=DATE_AND_TIME(#271,#272);
#271=CALENDAR_DATE(0,1,1);
#272=LOCAL_TIME(0,0,0.,#273);
#273=COORDINATED_UNIVERSAL_TIME_OFFSET(0,0,.AHEAD.);
#274=PRODUCT_DEFINITION_SHAPE('NONE','NONE',#256);
#275=CONTEXT_DEPENDENT_SHAPE_REPRESENTATION(#255,#274);
#276=AXIS2_PLACEMENT_3D('',#277,#278,#279);
#277=CARTESIAN_POINT('',(5.,0.,0.));
#278=DIRECTION('',(0.,0.,1.));
#279=DIRECTION('',(1.,0.,0.));
#280=ITEM_DEFINED_TRANSFORMATION('','',#2,#276);
#281=(REPRESENTATION_RELATIONSHIP('','',#128,#1)REPRESENTATION_RELATIONSHIP_WITH_TRANSFORMATION(
#280)SHAPE_REPRESENTATION_RELATIONSHIP());
#282=NEXT_ASSEMBLY_USAGE_OCCURRENCE('5','','',#13,#131,$);
#283=CC_DESIGN_SECURITY_CLASSIFICATION(#284,(#282));
#284=SECURITY_CLASSIFICATION('','',#285);
#285=SECURITY_CLASSIFICATION_LEVEL('unclassified');
#286=CC_DESIGN_DATE_AND_TIME_ASSIGNMENT(#287,#291,(#284));
#287=DATE_AND_TIME(#288,#289);
#288=CALENDAR_DATE(0,1,1);
#289=LOCAL_TIME(0,0,0.,#290);
#290=COORDINATED_UNIVERSAL_TIME_OFFSET(0,0,.AHEAD.);
#291=DATE_TIME_ROLE('classification_date');
#292=CC_DESIGN_APPROVAL(#293,(#284));
#293=APPROVAL(#294,'UNSPECIFIED');
#294=APPROVAL_STATUS('not_yet_approved');
#295=APPROVAL_DATE_TIME(#296,#293);
#296=DATE_AND_TIME(#297,#298);
#297=CALENDAR_DATE(0,1,1);
#298=LOCAL_TIME(0,0,0.,#299);
#299=COORDINATED_UNIVERSAL_TIME_OFFSET(0,0,.AHEAD.);
#300=PRODUCT_DEFINITION_SHAPE('NONE','NONE',#282);
#301=CONTEXT_DEPENDENT_SHAPE_REPRESENTATION(#281,#300);
#302=AXIS2_PLACEMENT_3D('',#303,#304,#305);
#303=CARTESIAN_POINT('',(5.,0.,0.));
#304=DIRECTION('',(0.,0.,1.));
#305=DIRECTION('',(1.,0.,0.));
#306=ITEM_DEFINED_TRANSFORMATION('','',#2,#302);
#307=(REPRESENTATION_RELATIONSHIP('','',#191,#1)REPRESENTATION_RELATIONSHIP_WITH_TRANSFORMATION(
#306)SHAPE_REPRESENTATION_RELATIONSHIP());
#308=NEXT_ASSEMBLY_USAGE_OCCURRENCE('6','','',#13,#194,$);
#309=CC_DESIGN_SECURITY_CLASSIFICATION(#310,(#308));
#310=SECURITY_CLASSIFICATION('','',#311);
#311=SECURITY_CLASSIFICATION_LEVEL('unclassified');
#312=CC_DESIGN_DATE_AND_TIME_ASSIGNMENT(#313,#317,(#310));
#313=DATE_AND_TIME(#314,#315);
#314=CALENDAR_DATE(0,1,1);
#315=LOCAL_TIME(0,0,0.,#316);
#316=COORDINATED_UNIVERSAL_TIME_OFFSET(0,0,.AHEAD.);
#317=DATE_TIME_ROLE('classification_date');
#318=CC_DESIGN_APPROVAL(#319,(#310));
#319=APPROVAL(#320,'UNSPECIFIED');
#320=APPROVAL_STATUS('not_yet_approved');
#321=APPROVAL_DATE_TIME(#322,#319);
#322=DATE_AND_TIME(#323,#324);
#323=CALENDAR_DATE(0,1,1);
#324=LOCAL_TIME(0,0,0.,#325);
#325=COORDINATED_UNIVERSAL_TIME_OFFSET(0,0,.AHEAD.);
#326=PRODUCT_DEFINITION_SHAPE('NONE','NONE',#308);
#327=CONTEXT_DEPENDENT_SHAPE_REPRESENTATION(#307,#326);
#328=AXIS2_PLACEMENT_3D('',#329,#330,#331);
#329=CARTESIAN_POINT('',(10.,0.,0.));
#330=DIRECTION('',(0.,0.,1.));
#331=DIRECTION('',(1.,0.,0.));
#332=ITEM_DEFINED_TRANSFORMATION('','',#2,#328);
#333=(REPRESENTATION_RELATIONSHIP('','',#65,#1)REPRESENTATION_RELATIONSHIP_WITH_TRANSFORMATION(
#332)SHAPE_REPRESENTATION_RELATIONSHIP());
#334=NEXT_ASSEMBLY_USAGE_OCCURRENCE('7','','',#13,#68,$);
#335=CC_DESIGN_SECURITY_CLASSIFICATION(#336,(#334));
#336=SECURITY_CLASSIFICATION('','',#337);
#337=SECURITY_CLASSIFICATION_LEVEL('unclassified');
#338=CC_DESIGN_DATE_AND_TIME_ASSIGNMENT(#339,#343,(#336));
#339=DATE_AND_TIME(#340,#341);
#340=CALENDAR_DATE(0,1,1);
#341=LOCAL_TIME(0,0,0.,#342);
#342=COORDINATED_UNIVERSAL_TIME_OFFSET(0,0,.AHEAD.);
#343=DATE_TIME_ROLE('classification_date');
#344=CC_DESIGN_APPROVAL(#345,(#336));
#345=APPROVAL(#346,'UNSPECIFIED');
#346=APPROVAL_STATUS('not_yet_approved');
#347=APPROVAL_DATE_TIME(#348,#345);
#348=DATE_AND_TIME(#349,#350);
#349=CALENDAR_DATE(0,1,1);
#350=LOCAL_TIME(0,0,0.,#351);
#351=COORDINATED_UNIVERSAL_TIME_OFFSET(0,0,.AHEAD.);
#352=PRODUCT_DEFINITION_SHAPE('NONE','NONE',#334);
#353=CONTEXT_DEPENDENT_SHAPE_REPRESENTATION(#333,#352);
#354=AXIS2_PLACEMENT_3D('',#355,#356,#357);
#355=CARTESIAN_POINT('',(10.,0.,0.));
#356=DIRECTION('',(0.,0.,1.));
#357=DIRECTION('',(1.,0.,0.));
#358=ITEM_DEFINED_TRANSFORMATION('','',#2,#354);
#359=(REPRESENTATION_RELATIONSHIP('','',#128,#1)REPRESENTATION_RELATIONSHIP_WITH_TRANSFORMATION(
#358)SHAPE_REPRESENTATION_RELATIONSHIP());
#360=NEXT_ASSEMBLY_USAGE_OCCURRENCE('8','','',#13,#131,$);
#361=CC_DESIGN_SECURITY_CLASSIFICATION(#362,(#360));
#362=SECURITY_CLASSIFICATION('','',#363);
#363=SECURITY_CLASSIFICATION_LEVEL('unclassified');
#364=CC_DESIGN_DATE_AND_TIME_ASSIGNMENT(#365,#369,(#362));
#365=DATE_AND_TIME(#366,#367);
#366=CALENDAR_DATE(0,1,1);
#367=LOCAL_TIME(0,0,0.,#368);
#368=COORDINATED_UNIVERSAL_TIME_OFFSET(0,0,.AHEAD.);
#369=DATE_TIME_ROLE('classification_date');
#370=CC_DESIGN_APPROVAL(#371,(#362));
#371=APPROVAL(#372,'UNSPECIFIED');
#372=APPROVAL_STATUS('not_yet_approved');
#373=APPROVAL_DATE_TIME(#374,#371);
#374=DATE_AND_TIME(#375,#376);
#375=CALENDAR_DATE(0,1,1);
#376=LOCAL_TIME(0,0,0.,#377);
#377=COORDINATED_UNIVERSAL_TIME_OFFSET(0,0,.AHEAD.);
#378=PRODUCT_DEFINITION_SHAPE('NONE','NONE',#360);
#379=CONTEXT_DEPENDENT_SHAPE_REPRESENTATION(#359,#378);
#380=AXIS2_PLACEMENT_3D('',#381,#382,#383);
#381=CARTESIAN_POINT('',(10.,0.,0.));
#382=DIRECTION('',(0.,0.,1.));
#383=DIRECTION('',(1.,0.,0.));
#384=ITEM_DEFINED_TRANSFORMATION('','',#2,#380);
#385=(REPRESENTATION_RELATIONSHIP('','',#191,#1)REPRESENTATION_RELATIONSHIP_WITH_TRANSFORMATION(
#384)SHAPE_REPRESENTATION_RELATIONSHIP());
#386=NEXT_ASSEMBLY_USAGE_OCCURRENCE('9','','',#13,#194,$);
#387=CC_DESIGN_SECURITY_CLASSIFICATION(#388,(#386));
#388=SECURITY_CLASSIFICATION('','',#389);
#389=SECURITY_CLASSIFICATION_LEVEL('unclassified');
#390=CC_DESIGN_DATE_AND_TIME_ASSIGNMENT(#391,#395,(#388));
#391=DATE_AND_TIME(#392,#393);
#392=CALENDAR_DATE(0,1,1);
#393=LOCAL_TIME(0,0,0.,#394);
#394=COORDINATED_UNIVERSAL_TIME_OFFSET(0,0,.AHEAD.);
#395=DATE_TIME_ROLE('classification_date');
#396=CC_DESIGN_APPROVAL(#397,(#388));
#397=APPROVAL(#398,'UNSPECIFIED');
#398=APPROVAL_STATUS('not_yet_approved');
#399=APPROVAL_DATE_TIME(#400,#397);
#400=DATE_AND_TIME(#401,#402);
#401=CALENDAR_DATE(0,1,1);
#402=LOCAL_TIME(0,0,0.,#403);
#403=COORDINATED_UNIVERSAL_TIME_OFFSET(0,0,.AHEAD.);
#404=PRODUCT_DEFINITION_SHAPE('NONE','NONE',#386);
#405=CONTEXT_DEPENDENT_SHAPE_REPRESENTATION(#385,#404);
#406=AXIS2_PLACEMENT_3D('',#407,#408,#409);
#407=CARTESIAN_POINT('',(15.,0.,0.));
#408=DIRECTION('',(0.,0.,1.));
#409=DIRECTION('',(1.,0.,0.));
#410=ITEM_DEFINED_TRANSFORMATION('','',#2,#406);
#411=(REPRESENTATION_RELATIONSHIP('','',#65,#1)REPRESENTATION_RELATIONSHIP_WITH_TRANSFORMATION(
#410)SHAPE_REPRESENTATION_RELATIONSHIP());
#412=NEXT_ASSEMBLY_USAGE_OCCURRENCE('10','','',#13,#68,$);
#413=CC_DESIGN_SECURITY_CLASSIFICATION(#414,(#412));
#414=SECURITY_CLASSIFICATION('','',#415);
#415=SECURITY_CLASSIFICATION_LEVEL('unclassified');
#416=CC_DESIGN_DATE_AND_TIME_ASSIGNMENT(#417,#421,(#414));
#417=DATE_AND_TIME(#418,#419);
#418=CALENDAR_DATE(0,1,1);
#419=LOCAL_TIME(0,0,0.,#420);
#420=COORDINATED_UNIVERSAL_TIME_OFFSET(0,0,.AHEAD.);
#421=DATE_TIME_ROLE('classification_date');
#422=CC_DESIGN_APPROVAL(#423,(#414));
#423=APPROVAL(#424,'UNSPECIFIED');
#424=APPROVAL_STATUS('not_yet_approved');
#425=APPROVAL_DATE_TIME(#426,#423);
#426=DATE_AND_TIME(#427,#428);
#427=CALENDAR_DATE(0,1,1);
#428=LOCAL_TIME(0,0,0.,#429);
#429=COORDINATED_UNIVERSAL_TIME_OFFSET(0,0,.AHEAD.);
#430=PRODUCT_DEFINITION_SHAPE('NONE','NONE',#412);
#431=CONTEXT_DEPENDENT_SHAPE_REPRESENTATION(#411,#430);
#432=AXIS2_PLACEMENT_3D('',#433,#434,#435);
#433=CARTESIAN_POINT('',(15.,0.,0.));
#434=DIRECTION('',(0.,0.,1.));
#435=DIRECTION('',(1.,0.,0.));
#436=ITEM_DEFINED_TRANSFORMATION('','',#2,#432);
#437=(REPRESENTATION_RELATIONSHIP('','',#128,#1)REPRESENTATION_RELATIONSHIP_WITH_TRANSFORMATION(
#436)SHAPE_REPRESENTATION_RELATIONSHIP());
#438=NEXT_ASSEMBLY_USAGE_OCCURRENCE('11','','',#13,#131,$);
#439=CC_DESIGN_SECURITY_CLASSIFICATION(#440,(#438));
#440=SECURITY_CLASSIFICATION('','',#441);
#441=SECURITY_CLASSIFICATION_LEVEL('unclassified');
#442=CC_DESIGN_DATE_AND_TIME_ASSIGNMENT(#443,#447,(#440));
#443=DATE_AND_TIME(#444,#445);
#444=CALENDAR_DATE(0,1,1);
#445=LOCAL_TIME(0,0,0.,#446);
#446=COORDINATED_UNIVERSAL_TIME_OFFSET(0,0,.AHEAD.);
#447=DATE_TIME_ROLE('classification_date');
#448=CC_DESIGN_APPROVAL(#449,(#440));
#449=APPROVAL(#450,'UNSPECIFIED');
#450=APPROVAL_STATUS('not_yet_approved');
#451=APPROVAL_DATE_TIME(#452,#449);
#452=DATE_AND_TIME(#453,#454);
#453=CALENDAR_DATE(0,1,1);
#454=LOCAL_TIME(0,0,0.,#455);
#455=COORDINATED_UNIVERSAL_TIME_OFFSET(0,0,.AHEAD.);
#456=PRODUCT_DEFINITION_SHAPE('NONE','NONE',#438);
#457=CONTEXT_DEPENDENT_SHAPE_REPRESENTATION(#437,#456);
#458=AXIS2_PLACEMENT_3D('',#459,#460,#461);
#459=CARTESIAN_POINT('',(15.,0.,0.));
#460=DIRECTION('',(0.,0.,1.));
#461=DIRECTION('',(1.,0.,0.));
#462=ITEM_DEFINED_TRANSFORMATION('','',#2,#458);
#463=(REPRESENTATION_RELATIONSHIP('','',#191,#1)REPRESENTATION_RELATIONSHIP_WITH_TRANSFORMATION(
#462)SHAPE_REPRESENTATION_RELATIONSHIP());
#464=NEXT_ASSEMBLY_USAGE_OCCURRENCE('12','','',#13,#194,$);
#465=CC_DESIGN_SECURITY_CLASSIFICATION(#466,(#464));
#466=SECURITY_CLASSIFICATION('','',#467);
#467=SECURITY_CLASSIFICATION_LEVEL('unclassified');
#468=CC_DESIGN_DATE_AND_TIME_ASSIGNMENT(#469,#473,(#466));
#469=DATE_AND_TIME(#470,#471);
#470=CALENDAR_DATE(0,1,1);
#471=LOCAL_TIME(0,0,0.,#472);
#472=COORDINATED_UNIVERSAL_TIME_OFFSET(0,0,.AHEAD.);
#473=DATE_TIME_ROLE('classification_date');
#474=CC_DESIGN_APPROVAL(#475,(#466));
#475=APPROVAL(#476,'UNSPECIFIED');
#476=APPROVAL_STATUS('not_yet_approved');
#477=APPROVAL_DATE_TIME(#478,#475);
#478=DATE_AND_TIME(#479,#480);
#479=CALENDAR_DATE(0,1,1);
#480=LOCAL_TIME(0,0,0.,#481);
#481=COORDINATED_UNIVERSAL_TIME_OFFSET(0,0,.AHEAD.);
#482=PRODUCT_DEFINITION_SHAPE('NONE','NONE',#464);
#483=CONTEXT_DEPENDENT_SHAPE_REPRESENTATION(#463,#482);
#484=AXIS2_PLACEMENT_3D('',#485,#486,#487);
#485=CARTESIAN_POINT('',(20.,0.,0.));
#486=DIRECTION('',(0.,0.,1.));
#487=DIRECTION('',(1.,0.,0.));
#488=ITEM_DEFINED_TRANSFORMATION('','',#2,#484);
#489=(REPRESENTATION_RELATIONSHIP('','',#65,#1)REPRESENTATION_RELATIONSHIP_WITH_TRANSFORMATION(
#488)SHAPE_REPRESENTATION_RELATIONSHIP());
#490=NEXT_ASSEMBLY_USAGE_OCCURRENCE('13','','',#13,#68,$);
#491=CC_DESIGN_SECURITY_CLASSIFICATION(#492,(#490));
#492=SECURITY_CLASSIFICATION('','',#493);
#493=SECURITY_CLASSIFICATION_LEVEL('unclassified');
#494=CC_DESIGN_DATE_AND_TIME_ASSIGNMENT(#495,#499,(#492));
#495=DATE_AND_TIME(#496,#497);
#496=CALENDAR_DATE(0,1,1);
#497=LOCAL_TIME(0,0,0.,#498);
#498=COORDINATED_UNIVERSAL_TIME_OFFSET(0,0,.AHEAD.);
#499=DATE_TIME_ROLE('classification_date');
#500=CC_DESIGN_APPROVAL(#501,(#492));
#501=APPROVAL(#502,'UNSPECIFIED');
#502=APPROVAL_STATUS('not_yet_approved');
#503=APPROVAL_DATE_TIME(#504,#501);
#504=DATE_AND_TIME(#505,#506);
#505=CALENDAR_DATE(0,1,1);
#506=LOCAL_TIME(0,0,0.,#507);
#507=COORDINATED_UNIVERSAL_TIME_OFFSET(0,0,.AHEAD.);
#508=PRODUCT_DEFINITION_SHAPE('NONE','NONE',#490);
#509=CONTEXT_DEPENDENT_SHAPE_REPRESENTATION(#489,#508);
#510=AXIS2_PLACEMENT_3D('',#511,#512,#513);
#511=CARTESIAN_POINT('',(20.,0.,0.));
#512=DIRECTION('',(0.,0.,1.));
#513=DIRECTION('',(1.,0.,0.));
#514=ITEM_DEFINED_TRANSFORMATION('','',#2,#510);
#515=(REPRESENTATION_RELATIONSHIP('','',#128,#1)REPRESENTATION_RELATIONSHIP_WITH_TRANSFORMATION(
#514)SHAPE_REPRESENTATION_RELATIONSHIP());
#516=NEXT_ASSEMBLY_USAGE_OCCURRENCE('14','','',#13,#131,$);
#517=CC_DESIGN_SECURITY_CLASSIFICATION(#518,(#516));
#518=SECURITY_CLASSIFICATION('','',#519);
#519=SECURITY_CLASSIFICATION_LEVEL('unclassified');
#520=CC_DESIGN_DATE_AND_TIME_ASSIGNMENT(#521,#525,(#518));
#521=DATE_AND_TIME(#522,#523);
#522=CALENDAR_DATE(0,1,1);
#523=LOCAL_TIME(0,0,0.,#524);
#524=COORDINATED_UNIVERSAL_TIME_OFFSET(0,0,.AHEAD.);
#525=DATE_TIME_ROLE('classification_date');
#526=CC_DESIGN_APPROVAL(#527,(#518));
#527=APPROVAL(#528,'UNSPECIFIED');
#528=APPROVAL_STATUS('not_yet_approved');
#529=APPROVAL_DATE_TIME(#530,#527);
#530=DATE_AND_TIME(#531,#532);
#531=CALENDAR_DATE(0,1,1);
#532=LOCAL_TIME(0,0,0.,#533);
#533=COORDINATED_UNIVERSAL_TIME_OFFSET(0,0,.AHEAD.);
#534=PRODUCT_DEFINITION_SHAPE('NONE','NONE',#516);
#535=CONTEXT_DEPENDENT_SHAPE_REPRESENTATION(#515,#534);
#536=AXIS2_PLACEMENT_3D('',#537,#538,#539);
#537=CARTESIAN_POINT('',(20.,0.,0.));
#538=DIRECTION('',(0.,0.,1.));
#539=DIRECTION('',(1.,0.,0.));
#540=ITEM_DEFINED_TRANSFORMATION('','',#2,#536);
#541=(REPRESENTATION_RELATIONSHIP('','',#191,#1)REPRESENTATION_RELATIONSHIP_WITH_TRANSFORMATION(
#540)SHAPE_REPRESENTATION_RELATIONSHIP());
#542=NEXT_ASSEMBLY_USAGE_OCCURRENCE('15','','',#13,#194,$);
#543=CC_DESIGN_SECURITY_CLASSIFICATION(#544,(#542));
#544=SECURITY_CLASSIFICATION('','',#545);
#545=SECURITY_CLASSIFICATION_LEVEL('unclassified');
#546=CC_DESIGN_DATE_AND_TIME_ASSIGNMENT(#547,#551,(#544));
#547=DATE_AND_TIME(#548,#549);
#548=CALENDAR_DATE(0,1,1);
#549=LOCAL_TIME(0,0,0.,#550);
#550=COORDINATED_UNIVERSAL_TIME_OFFSET(0,0,.AHEAD.);
#551=DATE_TIME_ROLE('classification_date');
#552=CC_DESIGN_APPROVAL(#553,(#544));
#553=APPROVAL(#554,'UNSPECIFIED');
#554=APPROVAL_STATUS('not_yet_approved');
#555=APPROVAL_DATE_TIME(#556,#553);
#556=DATE_AND_TIME(#557,#558);
#557=CALENDAR_DATE(0,1,1);
#558=LOCAL_TIME(0,0,0.,#559);
#559=COORDINATED_UNIVERSAL_TIME_OFFSET(0,0,.AHEAD.);
#560=PRODUCT_DEFINITION_SHAPE('NONE','NONE',#542);
#561=CONTEXT_DEPENDENT_SHAPE_REPRESENTATION(#541,#560);
#562=ADVANCED_FACE('',(#3013),#3015,.F.);
#563=COLOUR_RGB($,0.341176470588235,0.615686274509804,0.427450980392157);
#564=FILL_AREA_STYLE_COLOUR($,#563);
#565=FILL_AREA_STYLE($,(#564));
#566=SURFACE_STYLE_FILL_AREA(#565);
#567=SURFACE_SIDE_STYLE('',(#566));
#568=SURFACE_STYLE_USAGE(.BOTH.,#567);
#569=PRESENTATION_STYLE_ASSIGNMENT((#568));
#570=STYLED_ITEM('',(#569),#562);
#571=ADVANCED_FACE('',(#3020),#3022,.F.);
#572=COLOUR_RGB($,0.341176470588235,0.615686274509804,0.427450980392157);
#573=FILL_AREA_STYLE_COLOUR($,#572);
#574=FILL_AREA_STYLE($,(#573));
#575=SURFACE_STYLE_FILL_AREA(#574);
#576=SURFACE_SIDE_STYLE('',(#575));
#577=SURFACE_STYLE_USAGE(.BOTH.,#576);
#578=PRESENTATION_STYLE_ASSIGNMENT((#577));
#579=STYLED_ITEM('',(#578),#571);
#580=ADVANCED_FACE('',(#3027),#3029,.F.);
#581=COLOUR_RGB($,0.341176470588235,0.615686274509804,0.427450980392157);
#582=FILL_AREA_STYLE_COLOUR($,#581);
#583=FILL_AREA_STYLE($,(#582));
#584=SURFACE_STYLE_FILL_AREA(#583);
#585=SURFACE_SIDE_STYLE('',(#584));
#586=SURFACE_STYLE_USAGE(.BOTH.,#585);
#587=PRESENTATION_STYLE_ASSIGNMENT((#586));
#588=STYLED_ITEM('',(#587),#580);
#589=ADVANCED_FACE('',(#3034),#3036,.F.);
#590=COLOUR_RGB($,0.341176470588235,0.615686274509804,0.427450980392157);
#591=FILL_AREA_STYLE_COLOUR($,#590);
#592=FILL_AREA_STYLE($,(#591));
#593=SURFACE_STYLE_FILL_AREA(#592);
#594=SURFACE_SIDE_STYLE('',(#593));
#595=SURFACE_STYLE_USAGE(.BOTH.,#594);
#596=PRESENTATION_STYLE_ASSIGNMENT((#595));
#597=STYLED_ITEM('',(#596),#589);
#598=ADVANCED_FACE('',(#3041),#3043,.F.);
#599=COLOUR_RGB($,0.341176470588235,0.615686274509804,0.427450980392157);
#600=FILL_AREA_STYLE_COLOUR($,#599);
#601=FILL_AREA_STYLE($,(#600));
#602=SURFACE_STYLE_FILL_AREA(#601);
#603=SURFACE_SIDE_STYLE('',(#602));
#604=SURFACE_STYLE_USAGE(.BOTH.,#603);
#605=PRESENTATION_STYLE_ASSIGNMENT((#604));
#606=STYLED_ITEM('',(#605),#598);
#607=ADVANCED_FACE('',(#3048),#3050,.F.);
#608=COLOUR_RGB($,0.341176470588235,0.615686274509804,0.427450980392157);
#609=FILL_AREA_STYLE_COLOUR($,#608);
#610=FILL_AREA_STYLE($,(#609));
#611=SURFACE_STYLE_FILL_AREA(#610);
#612=SURFACE_SIDE_STYLE('',(#611));
#613=SURFACE_STYLE_USAGE(.BOTH.,#612);
#614=PRESENTATION_STYLE_ASSIGNMENT((#613));
#615=STYLED_ITEM('',(#614),#607);
#616=ADVANCED_FACE('',(#3055),#3057,.F.);
#617=COLOUR_RGB($,0.341176470588235,0.615686274509804,0.427450980392157);
#618=FILL_AREA_STYLE_COLOUR($,#617);
#619=FILL_AREA_STYLE($,(#618));
#620=SURFACE_STYLE_FILL_AREA(#619);
#621=SURFACE_SIDE_STYLE('',(#620));
#622=SURFACE_STYLE_USAGE(.BOTH.,#621);
#623=PRESENTATION_STYLE_ASSIGNMENT((#622));
#624=STYLED_ITEM('',(#623),#616);
#625=ADVANCED_FACE('',(#3062),#3064,.F.);
#626=COLOUR_RGB($,0.341176470588235,0.615686274509804,0.427450980392157);
#627=FILL_AREA_STYLE_COLOUR($,#626);
#628=FILL_AREA_STYLE($,(#627));
#629=SURFACE_STYLE_FILL_AREA(#628);
#630=SURFACE_SIDE_STYLE('',(#629));
#631=SURFACE_STYLE_USAGE(.BOTH.,#630);
#632=PRESENTATION_STYLE_ASSIGNMENT((#631));
#633=STYLED_ITEM('',(#632),#625);
#634=ADVANCED_FACE('',(#3069,#3071,#3073,#3075,#3077,#3079,#3081,#3083,#3085,#3087),
#3089,.T.);
#635=COLOUR_RGB($,0.341176470588235,0.615686274509804,0.427450980392157);
#636=FILL_AREA_STYLE_COLOUR($,#635);
#637=FILL_AREA_STYLE($,(#636));
#638=SURFACE_STYLE_FILL_AREA(#637);
#639=SURFACE_SIDE_STYLE('',(#638));
#640=SURFACE_STYLE_USAGE(.BOTH.,#639);
#641=PRESENTATION_STYLE_ASSIGNMENT((#640));
#642=STYLED_ITEM('',(#641),#634);
#643=ADVANCED_FACE('',(#3094),#3096,.T.);
#644=COLOUR_RGB($,0.341176470588235,0.615686274509804,0.427450980392157);
#645=FILL_AREA_STYLE_COLOUR($,#644);
#646=FILL_AREA_STYLE($,(#645));
#647=SURFACE_STYLE_FILL_AREA(#646);
#648=SURFACE_SIDE_STYLE('',(#647));
#649=SURFACE_STYLE_USAGE(.BOTH.,#648);
#650=PRESENTATION_STYLE_ASSIGNMENT((#649));
#651=STYLED_ITEM('',(#650),#643);
#652=ADVANCED_FACE('',(#3101),#3103,.T.);
#653=COLOUR_RGB($,0.341176470588235,0.615686274509804,0.427450980392157);
#654=FILL_AREA_STYLE_COLOUR($,#653);
#655=FILL_AREA_STYLE($,(#654));
#656=SURFACE_STYLE_FILL_AREA(#655);
#657=SURFACE_SIDE_STYLE('',(#656));
#658=SURFACE_STYLE_USAGE(.BOTH.,#657);
#659=PRESENTATION_STYLE_ASSIGNMENT((#658));
#660=STYLED_ITEM('',(#659),#652);
#661=ADVANCED_FACE('',(#3108),#3110,.T.);
#662=COLOUR_RGB($,0.341176470588235,0.615686274509804,0.427450980392157);
#663=FILL_AREA_STYLE_COLOUR($,#662);
#664=FILL_AREA_STYLE($,(#663));
#665=SURFACE_STYLE_FILL_AREA(#664);
#666=SURFACE_SIDE_STYLE('',(#665));
#667=SURFACE_STYLE_USAGE(.BOTH.,#666);
#668=PRESENTATION_STYLE_ASSIGNMENT((#667));
#669=STYLED_ITEM('',(#668),#661);
#670=ADVANCED_FACE('',(#3115),#3117,.T.);
#671=COLOUR_RGB($,0.341176470588235,0.615686274509804,0.427450980392157);
#672=FILL_AREA_STYLE_COLOUR($,#671);
#673=FILL_AREA_STYLE($,(#672));
#674=SURFACE_STYLE_FILL_AREA(#673);
#675=SURFACE_SIDE_STYLE('',(#674));
#676=SURFACE_STYLE_USAGE(.BOTH.,#675);
#677=PRESENTATION_STYLE_ASSIGNMENT((#676));
#678=STYLED_ITEM('',(#677),#670);
#679=ADVANCED_FACE('',(#3122),#3124,.F.);
#680=COLOUR_RGB($,0.341176470588235,0.615686274509804,0.427450980392157);
#681=FILL_AREA_STYLE_COLOUR($,#680);
#682=FILL_AREA_STYLE($,(#681));
#683=SURFACE_STYLE_FILL_AREA(#682);
#684=SURFACE_SIDE_STYLE('',(#683));
#685=SURFACE_STYLE_USAGE(.BOTH.,#684);
#686=PRESENTATION_STYLE_ASSIGNMENT((#685));
#687=STYLED_ITEM('',(#686),#679);
#688=ADVANCED_FACE('',(#3129),#3131,.T.);
#689=COLOUR_RGB($,0.341176470588235,0.615686274509804,0.427450980392157);
#690=FILL_AREA_STYLE_COLOUR($,#689);
#691=FILL_AREA_STYLE($,(#690));
#692=SURFACE_STYLE_FILL_AREA(#691);
#693=SURFACE_SIDE_STYLE('',(#692));
#694=SURFACE_STYLE_USAGE(.BOTH.,#693);
#695=PRESENTATION_STYLE_ASSIGNMENT((#694));
#696=STYLED_ITEM('',(#695),#688);
#697=ADVANCED_FACE('',(#3136),#3138,.T.);
#698=COLOUR_RGB($,0.341176470588235,0.615686274509804,0.427450980392157);
#699=FILL_AREA_STYLE_COLOUR($,#698);
#700=FILL_AREA_STYLE($,(#699));
#701=SURFACE_STYLE_FILL_AREA(#700);
#702=SURFACE_SIDE_STYLE('',(#701));
#703=SURFACE_STYLE_USAGE(.BOTH.,#702);
#704=PRESENTATION_STYLE_ASSIGNMENT((#703));
#705=STYLED_ITEM('',(#704),#697);
#706=ADVANCED_FACE('',(#3143),#3145,.T.);
#707=COLOUR_RGB($,0.341176470588235,0.615686274509804,0.427450980392157);
#708=FILL_AREA_STYLE_COLOUR($,#707);
#709=FILL_AREA_STYLE($,(#708));
#710=SURFACE_STYLE_FILL_AREA(#709);
#711=SURFACE_SIDE_STYLE('',(#710));
#712=SURFACE_STYLE_USAGE(.BOTH.,#711);
#713=PRESENTATION_STYLE_ASSIGNMENT((#712));
#714=STYLED_ITEM('',(#713),#706);
#715=ADVANCED_FACE('',(#3150),#3152,.T.);
#716=COLOUR_RGB($,0.341176470588235,0.615686274509804,0.427450980392157);
#717=FILL_AREA_STYLE_COLOUR($,#716);
#718=FILL_AREA_STYLE($,(#717));
#719=SURFACE_STYLE_FILL_AREA(#718);
#720=SURFACE_SIDE_STYLE('',(#719));
#721=SURFACE_STYLE_USAGE(.BOTH.,#720);
#722=PRESENTATION_STYLE_ASSIGNMENT((#721));
#723=STYLED_ITEM('',(#722),#715);
#724=ADVANCED_FACE('',(#3157),#3159,.T.);
#725=COLOUR_RGB($,0.341176470588235,0.615686274509804,0.427450980392157);
#726=FILL_AREA_STYLE_COLOUR($,#725);
#727=FILL_AREA_STYLE($,(#726));
#728=SURFACE_STYLE_FILL_AREA(#727);
#729=SURFACE_SIDE_STYLE('',(#728));
#730=SURFACE_STYLE_USAGE(.BOTH.,#729);
#731=PRESENTATION_STYLE_ASSIGNMENT((#730));
#732=STYLED_ITEM('',(#731),#724);
#733=ADVANCED_FACE('',(#3164),#3166,.T.);
#734=COLOUR_RGB($,0.341176470588235,0.615686274509804,0.427450980392157);
#735=FILL_AREA_STYLE_COLOUR($,#734);
#736=FILL_AREA_STYLE($,(#735));
#737=SURFACE_STYLE_FILL_AREA(#736);
#738=SURFACE_SIDE_STYLE('',(#737));
#739=SURFACE_STYLE_USAGE(.BOTH.,#738);
#740=PRESENTATION_STYLE_ASSIGNMENT((#739));
#741=STYLED_ITEM('',(#740),#733);
#742=ADVANCED_FACE('',(#3171),#3173,.T.);
#743=COLOUR_RGB($,0.341176470588235,0.615686274509804,0.427450980392157);
#744=FILL_AREA_STYLE_COLOUR($,#743);
#745=FILL_AREA_STYLE($,(#744));
#746=SURFACE_STYLE_FILL_AREA(#745);
#747=SURFACE_SIDE_STYLE('',(#746));
#748=SURFACE_STYLE_USAGE(.BOTH.,#747);
#749=PRESENTATION_STYLE_ASSIGNMENT((#748));
#750=STYLED_ITEM('',(#749),#742);
#751=ADVANCED_FACE('',(#3178),#3180,.T.);
#752=COLOUR_RGB($,0.341176470588235,0.615686274509804,0.427450980392157);
#753=FILL_AREA_STYLE_COLOUR($,#752);
#754=FILL_AREA_STYLE($,(#753));
#755=SURFACE_STYLE_FILL_AREA(#754);
#756=SURFACE_SIDE_STYLE('',(#755));
#757=SURFACE_STYLE_USAGE(.BOTH.,#756);
#758=PRESENTATION_STYLE_ASSIGNMENT((#757));
#759=STYLED_ITEM('',(#758),#751);
#760=ADVANCED_FACE('',(#3185),#3187,.T.);
#761=COLOUR_RGB($,0.341176470588235,0.615686274509804,0.427450980392157);
#762=FILL_AREA_STYLE_COLOUR($,#761);
#763=FILL_AREA_STYLE($,(#762));
#764=SURFACE_STYLE_FILL_AREA(#763);
#765=SURFACE_SIDE_STYLE('',(#764));
#766=SURFACE_STYLE_USAGE(.BOTH.,#765);
#767=PRESENTATION_STYLE_ASSIGNMENT((#766));
#768=STYLED_ITEM('',(#767),#760);
#769=ADVANCED_FACE('',(#3192),#3194,.F.);
#770=COLOUR_RGB($,0.341176470588235,0.615686274509804,0.427450980392157);
#771=FILL_AREA_STYLE_COLOUR($,#770);
#772=FILL_AREA_STYLE($,(#771));
#773=SURFACE_STYLE_FILL_AREA(#772);
#774=SURFACE_SIDE_STYLE('',(#773));
#775=SURFACE_STYLE_USAGE(.BOTH.,#774);
#776=PRESENTATION_STYLE_ASSIGNMENT((#775));
#777=STYLED_ITEM('',(#776),#769);
#778=ADVANCED_FACE('',(#3199),#3201,.T.);
#779=COLOUR_RGB($,0.341176470588235,0.615686274509804,0.427450980392157);
#780=FILL_AREA_STYLE_COLOUR($,#779);
#781=FILL_AREA_STYLE($,(#780));
#782=SURFACE_STYLE_FILL_AREA(#781);
#783=SURFACE_SIDE_STYLE('',(#782));
#784=SURFACE_STYLE_USAGE(.BOTH.,#783);
#785=PRESENTATION_STYLE_ASSIGNMENT((#784));
#786=STYLED_ITEM('',(#785),#778);
#787=ADVANCED_FACE('',(#3206),#3208,.T.);
#788=COLOUR_RGB($,0.341176470588235,0.615686274509804,0.427450980392157);
#789=FILL_AREA_STYLE_COLOUR($,#788);
#790=FILL_AREA_STYLE($,(#789));
#791=SURFACE_STYLE_FILL_AREA(#790);
#792=SURFACE_SIDE_STYLE('',(#791));
#793=SURFACE_STYLE_USAGE(.BOTH.,#792);
#794=PRESENTATION_STYLE_ASSIGNMENT((#793));
#795=STYLED_ITEM('',(#794),#787);
#796=ADVANCED_FACE('',(#3213),#3215,.T.);
#797=COLOUR_RGB($,0.341176470588235,0.615686274509804,0.427450980392157);
#798=FILL_AREA_STYLE_COLOUR($,#797);
#799=FILL_AREA_STYLE($,(#798));
#800=SURFACE_STYLE_FILL_AREA(#799);
#801=SURFACE_SIDE_STYLE('',(#800));
#802=SURFACE_STYLE_USAGE(.BOTH.,#801);
#803=PRESENTATION_STYLE_ASSIGNMENT((#802));
#804=STYLED_ITEM('',(#803),#796);
#805=ADVANCED_FACE('',(#3220),#3222,.F.);
#806=COLOUR_RGB($,0.341176470588235,0.615686274509804,0.427450980392157);
#807=FILL_AREA_STYLE_COLOUR($,#806);
#808=FILL_AREA_STYLE($,(#807));
#809=SURFACE_STYLE_FILL_AREA(#808);
#810=SURFACE_SIDE_STYLE('',(#809));
#811=SURFACE_STYLE_USAGE(.BOTH.,#810);
#812=PRESENTATION_STYLE_ASSIGNMENT((#811));
#813=STYLED_ITEM('',(#812),#805);
#814=ADVANCED_FACE('',(#3227),#3229,.T.);
#815=COLOUR_RGB($,0.341176470588235,0.615686274509804,0.427450980392157);
#816=FILL_AREA_STYLE_COLOUR($,#815);
#817=FILL_AREA_STYLE($,(#816));
#818=SURFACE_STYLE_FILL_AREA(#817);
#819=SURFACE_SIDE_STYLE('',(#818));
#820=SURFACE_STYLE_USAGE(.BOTH.,#819);
#821=PRESENTATION_STYLE_ASSIGNMENT((#820));
#822=STYLED_ITEM('',(#821),#814);
#823=ADVANCED_FACE('',(#3234),#3236,.F.);
#824=COLOUR_RGB($,0.341176470588235,0.615686274509804,0.427450980392157);
#825=FILL_AREA_STYLE_COLOUR($,#824);
#826=FILL_AREA_STYLE($,(#825));
#827=SURFACE_STYLE_FILL_AREA(#826);
#828=SURFACE_SIDE_STYLE('',(#827));
#829=SURFACE_STYLE_USAGE(.BOTH.,#828);
#830=PRESENTATION_STYLE_ASSIGNMENT((#829));
#831=STYLED_ITEM('',(#830),#823);
#832=ADVANCED_FACE('',(#3241),#3243,.T.);
#833=COLOUR_RGB($,0.341176470588235,0.615686274509804,0.427450980392157);
#834=FILL_AREA_STYLE_COLOUR($,#833);
#835=FILL_AREA_STYLE($,(#834));
#836=SURFACE_STYLE_FILL_AREA(#835);
#837=SURFACE_SIDE_STYLE('',(#836));
#838=SURFACE_STYLE_USAGE(.BOTH.,#837);
#839=PRESENTATION_STYLE_ASSIGNMENT((#838));
#840=STYLED_ITEM('',(#839),#832);
#841=ADVANCED_FACE('',(#3248),#3250,.F.);
#842=COLOUR_RGB($,0.341176470588235,0.615686274509804,0.427450980392157);
#843=FILL_AREA_STYLE_COLOUR($,#842);
#844=FILL_AREA_STYLE($,(#843));
#845=SURFACE_STYLE_FILL_AREA(#844);
#846=SURFACE_SIDE_STYLE('',(#845));
#847=SURFACE_STYLE_USAGE(.BOTH.,#846);
#848=PRESENTATION_STYLE_ASSIGNMENT((#847));
#849=STYLED_ITEM('',(#848),#841);
#850=ADVANCED_FACE('',(#3255),#3257,.T.);
#851=COLOUR_RGB($,0.341176470588235,0.615686274509804,0.427450980392157);
#852=FILL_AREA_STYLE_COLOUR($,#851);
#853=FILL_AREA_STYLE($,(#852));
#854=SURFACE_STYLE_FILL_AREA(#853);
#855=SURFACE_SIDE_STYLE('',(#854));
#856=SURFACE_STYLE_USAGE(.BOTH.,#855);
#857=PRESENTATION_STYLE_ASSIGNMENT((#856));
#858=STYLED_ITEM('',(#857),#850);
#859=ADVANCED_FACE('',(#3262),#3264,.F.);
#860=COLOUR_RGB($,0.341176470588235,0.615686274509804,0.427450980392157);
#861=FILL_AREA_STYLE_COLOUR($,#860);
#862=FILL_AREA_STYLE($,(#861));
#863=SURFACE_STYLE_FILL_AREA(#862);
#864=SURFACE_SIDE_STYLE('',(#863));
#865=SURFACE_STYLE_USAGE(.BOTH.,#864);
#866=PRESENTATION_STYLE_ASSIGNMENT((#865));
#867=STYLED_ITEM('',(#866),#859);
#868=ADVANCED_FACE('',(#3269),#3271,.F.);
#869=COLOUR_RGB($,0.341176470588235,0.615686274509804,0.427450980392157);
#870=FILL_AREA_STYLE_COLOUR($,#869);
#871=FILL_AREA_STYLE($,(#870));
#872=SURFACE_STYLE_FILL_AREA(#871);
#873=SURFACE_SIDE_STYLE('',(#872));
#874=SURFACE_STYLE_USAGE(.BOTH.,#873);
#875=PRESENTATION_STYLE_ASSIGNMENT((#874));
#876=STYLED_ITEM('',(#875),#868);
#877=ADVANCED_FACE('',(#3276),#3278,.F.);
#878=COLOUR_RGB($,0.341176470588235,0.615686274509804,0.427450980392157);
#879=FILL_AREA_STYLE_COLOUR($,#878);
#880=FILL_AREA_STYLE($,(#879));
#881=SURFACE_STYLE_FILL_AREA(#880);
#882=SURFACE_SIDE_STYLE('',(#881));
#883=SURFACE_STYLE_USAGE(.BOTH.,#882);
#884=PRESENTATION_STYLE_ASSIGNMENT((#883));
#885=STYLED_ITEM('',(#884),#877);
#886=ADVANCED_FACE('',(#3283),#3285,.T.);
#887=COLOUR_RGB($,0.341176470588235,0.615686274509804,0.427450980392157);
#888=FILL_AREA_STYLE_COLOUR($,#887);
#889=FILL_AREA_STYLE($,(#888));
#890=SURFACE_STYLE_FILL_AREA(#889);
#891=SURFACE_SIDE_STYLE('',(#890));
#892=SURFACE_STYLE_USAGE(.BOTH.,#891);
#893=PRESENTATION_STYLE_ASSIGNMENT((#892));
#894=STYLED_ITEM('',(#893),#886);
#895=ADVANCED_FACE('',(#3290),#3292,.T.);
#896=COLOUR_RGB($,0.341176470588235,0.615686274509804,0.427450980392157);
#897=FILL_AREA_STYLE_COLOUR($,#896);
#898=FILL_AREA_STYLE($,(#897));
#899=SURFACE_STYLE_FILL_AREA(#898);
#900=SURFACE_SIDE_STYLE('',(#899));
#901=SURFACE_STYLE_USAGE(.BOTH.,#900);
#902=PRESENTATION_STYLE_ASSIGNMENT((#901));
#903=STYLED_ITEM('',(#902),#895);
#904=ADVANCED_FACE('',(#3297),#3299,.F.);
#905=COLOUR_RGB($,0.341176470588235,0.615686274509804,0.427450980392157);
#906=FILL_AREA_STYLE_COLOUR($,#905);
#907=FILL_AREA_STYLE($,(#906));
#908=SURFACE_STYLE_FILL_AREA(#907);
#909=SURFACE_SIDE_STYLE('',(#908));
#910=SURFACE_STYLE_USAGE(.BOTH.,#909);
#911=PRESENTATION_STYLE_ASSIGNMENT((#910));
#912=STYLED_ITEM('',(#911),#904);
#913=ADVANCED_FACE('',(#3304),#3306,.F.);
#914=COLOUR_RGB($,0.341176470588235,0.615686274509804,0.427450980392157);
#915=FILL_AREA_STYLE_COLOUR($,#914);
#916=FILL_AREA_STYLE($,(#915));
#917=SURFACE_STYLE_FILL_AREA(#916);
#918=SURFACE_SIDE_STYLE('',(#917));
#919=SURFACE_STYLE_USAGE(.BOTH.,#918);
#920=PRESENTATION_STYLE_ASSIGNMENT((#919));
#921=STYLED_ITEM('',(#920),#913);
#922=ADVANCED_FACE('',(#3311),#3313,.F.);
#923=COLOUR_RGB($,0.341176470588235,0.615686274509804,0.427450980392157);
#924=FILL_AREA_STYLE_COLOUR($,#923);
#925=FILL_AREA_STYLE($,(#924));
#926=SURFACE_STYLE_FILL_AREA(#925);
#927=SURFACE_SIDE_STYLE('',(#926));
#928=SURFACE_STYLE_USAGE(.BOTH.,#927);
#929=PRESENTATION_STYLE_ASSIGNMENT((#928));
#930=STYLED_ITEM('',(#929),#922);
#931=ADVANCED_FACE('',(#3318),#3320,.F.);
#932=COLOUR_RGB($,0.341176470588235,0.615686274509804,0.427450980392157);
#933=FILL_AREA_STYLE_COLOUR($,#932);
#934=FILL_AREA_STYLE($,(#933));
#935=SURFACE_STYLE_FILL_AREA(#934);
#936=SURFACE_SIDE_STYLE('',(#935));
#937=SURFACE_STYLE_USAGE(.BOTH.,#936);
#938=PRESENTATION_STYLE_ASSIGNMENT((#937));
#939=STYLED_ITEM('',(#938),#931);
#940=ADVANCED_FACE('',(#3325),#3327,.T.);
#941=COLOUR_RGB($,0.341176470588235,0.615686274509804,0.427450980392157);
#942=FILL_AREA_STYLE_COLOUR($,#941);
#943=FILL_AREA_STYLE($,(#942));
#944=SURFACE_STYLE_FILL_AREA(#943);
#945=SURFACE_SIDE_STYLE('',(#944));
#946=SURFACE_STYLE_USAGE(.BOTH.,#945);
#947=PRESENTATION_STYLE_ASSIGNMENT((#946));
#948=STYLED_ITEM('',(#947),#940);
#949=ADVANCED_FACE('',(#3332),#3334,.F.);
#950=COLOUR_RGB($,0.341176470588235,0.615686274509804,0.427450980392157);
#951=FILL_AREA_STYLE_COLOUR($,#950);
#952=FILL_AREA_STYLE($,(#951));
#953=SURFACE_STYLE_FILL_AREA(#952);
#954=SURFACE_SIDE_STYLE('',(#953));
#955=SURFACE_STYLE_USAGE(.BOTH.,#954);
#956=PRESENTATION_STYLE_ASSIGNMENT((#955));
#957=STYLED_ITEM('',(#956),#949);
#958=ADVANCED_FACE('',(#3339),#3341,.F.);
#959=COLOUR_RGB($,0.341176470588235,0.615686274509804,0.427450980392157);
#960=FILL_AREA_STYLE_COLOUR($,#959);
#961=FILL_AREA_STYLE($,(#960));
#962=SURFACE_STYLE_FILL_AREA(#961);
#963=SURFACE_SIDE_STYLE('',(#962));
#964=SURFACE_STYLE_USAGE(.BOTH.,#963);
#965=PRESENTATION_STYLE_ASSIGNMENT((#964));
#966=STYLED_ITEM('',(#965),#958);
#967=ADVANCED_FACE('',(#3346),#3348,.T.);
#968=COLOUR_RGB($,0.341176470588235,0.615686274509804,0.427450980392157);
#969=FILL_AREA_STYLE_COLOUR($,#968);
#970=FILL_AREA_STYLE($,(#969));
#971=SURFACE_STYLE_FILL_AREA(#970);
#972=SURFACE_SIDE_STYLE('',(#971));
#973=SURFACE_STYLE_USAGE(.BOTH.,#972);
#974=PRESENTATION_STYLE_ASSIGNMENT((#973));
#975=STYLED_ITEM('',(#974),#967);
#976=ADVANCED_FACE('',(#3353),#3355,.T.);
#977=COLOUR_RGB($,0.341176470588235,0.615686274509804,0.427450980392157);
#978=FILL_AREA_STYLE_COLOUR($,#977);
#979=FILL_AREA_STYLE($,(#978));
#980=SURFACE_STYLE_FILL_AREA(#979);
#981=SURFACE_SIDE_STYLE('',(#980));
#982=SURFACE_STYLE_USAGE(.BOTH.,#981);
#983=PRESENTATION_STYLE_ASSIGNMENT((#982));
#984=STYLED_ITEM('',(#983),#976);
#985=ADVANCED_FACE('',(#3360),#3362,.T.);
#986=COLOUR_RGB($,0.341176470588235,0.615686274509804,0.427450980392157);
#987=FILL_AREA_STYLE_COLOUR($,#986);
#988=FILL_AREA_STYLE($,(#987));
#989=SURFACE_STYLE_FILL_AREA(#988);
#990=SURFACE_SIDE_STYLE('',(#989));
#991=SURFACE_STYLE_USAGE(.BOTH.,#990);
#992=PRESENTATION_STYLE_ASSIGNMENT((#991));
#993=STYLED_ITEM('',(#992),#985);
#994=ADVANCED_FACE('',(#3367),#3369,.T.);
#995=COLOUR_RGB($,0.341176470588235,0.615686274509804,0.427450980392157);
#996=FILL_AREA_STYLE_COLOUR($,#995);
#997=FILL_AREA_STYLE($,(#996));
#998=SURFACE_STYLE_FILL_AREA(#997);
#999=SURFACE_SIDE_STYLE('',(#998));
#1000=SURFACE_STYLE_USAGE(.BOTH.,#999);
#1001=PRESENTATION_STYLE_ASSIGNMENT((#1000));
#1002=STYLED_ITEM('',(#1001),#994);
#1003=ADVANCED_FACE('',(#3374),#3376,.F.);
#1004=COLOUR_RGB($,0.341176470588235,0.615686274509804,0.427450980392157);
#1005=FILL_AREA_STYLE_COLOUR($,#1004);
#1006=FILL_AREA_STYLE($,(#1005));
#1007=SURFACE_STYLE_FILL_AREA(#1006);
#1008=SURFACE_SIDE_STYLE('',(#1007));
#1009=SURFACE_STYLE_USAGE(.BOTH.,#1008);
#1010=PRESENTATION_STYLE_ASSIGNMENT((#1009));
#1011=STYLED_ITEM('',(#1010),#1003);
#1012=ADVANCED_FACE('',(#3381),#3383,.T.);
#1013=COLOUR_RGB($,0.341176470588235,0.615686274509804,0.427450980392157);
#1014=FILL_AREA_STYLE_COLOUR($,#1013);
#1015=FILL_AREA_STYLE($,(#1014));
#1016=SURFACE_STYLE_FILL_AREA(#1015);
#1017=SURFACE_SIDE_STYLE('',(#1016));
#1018=SURFACE_STYLE_USAGE(.BOTH.,#1017);
#1019=PRESENTATION_STYLE_ASSIGNMENT((#1018));
#1020=STYLED_ITEM('',(#1019),#1012);
#1021=ADVANCED_FACE('',(#3388),#3390,.F.);
#1022=COLOUR_RGB($,0.341176470588235,0.615686274509804,0.427450980392157);
#1023=FILL_AREA_STYLE_COLOUR($,#1022);
#1024=FILL_AREA_STYLE($,(#1023));
#1025=SURFACE_STYLE_FILL_AREA(#1024);
#1026=SURFACE_SIDE_STYLE('',(#1025));
#1027=SURFACE_STYLE_USAGE(.BOTH.,#1026);
#1028=PRESENTATION_STYLE_ASSIGNMENT((#1027));
#1029=STYLED_ITEM('',(#1028),#1021);
#1030=ADVANCED_FACE('',(#3395,#3397),#3399,.T.);
#1031=COLOUR_RGB($,0.341176470588235,0.615686274509804,0.427450980392157);
#1032=FILL_AREA_STYLE_COLOUR($,#1031);
#1033=FILL_AREA_STYLE($,(#1032));
#1034=SURFACE_STYLE_FILL_AREA(#1033);
#1035=SURFACE_SIDE_STYLE('',(#1034));
#1036=SURFACE_STYLE_USAGE(.BOTH.,#1035);
#1037=PRESENTATION_STYLE_ASSIGNMENT((#1036));
#1038=STYLED_ITEM('',(#1037),#1030);
#1039=ADVANCED_FACE('',(#3404,#3406),#3408,.T.);
#1040=COLOUR_RGB($,0.341176470588235,0.615686274509804,0.427450980392157);
#1041=FILL_AREA_STYLE_COLOUR($,#1040);
#1042=FILL_AREA_STYLE($,(#1041));
#1043=SURFACE_STYLE_FILL_AREA(#1042);
#1044=SURFACE_SIDE_STYLE('',(#1043));
#1045=SURFACE_STYLE_USAGE(.BOTH.,#1044);
#1046=PRESENTATION_STYLE_ASSIGNMENT((#1045));
#1047=STYLED_ITEM('',(#1046),#1039);
#1048=ADVANCED_FACE('',(#3413,#3415),#3417,.T.);
#1049=COLOUR_RGB($,0.341176470588235,0.615686274509804,0.427450980392157);
#1050=FILL_AREA_STYLE_COLOUR($,#1049);
#1051=FILL_AREA_STYLE($,(#1050));
#1052=SURFACE_STYLE_FILL_AREA(#1051);
#1053=SURFACE_SIDE_STYLE('',(#1052));
#1054=SURFACE_STYLE_USAGE(.BOTH.,#1053);
#1055=PRESENTATION_STYLE_ASSIGNMENT((#1054));
#1056=STYLED_ITEM('',(#1055),#1048);
#1057=ADVANCED_FACE('',(#3422,#3424),#3426,.T.);
#1058=COLOUR_RGB($,0.341176470588235,0.615686274509804,0.427450980392157);
#1059=FILL_AREA_STYLE_COLOUR($,#1058);
#1060=FILL_AREA_STYLE($,(#1059));
#1061=SURFACE_STYLE_FILL_AREA(#1060);
#1062=SURFACE_SIDE_STYLE('',(#1061));
#1063=SURFACE_STYLE_USAGE(.BOTH.,#1062);
#1064=PRESENTATION_STYLE_ASSIGNMENT((#1063));
#1065=STYLED_ITEM('',(#1064),#1057);
#1066=ADVANCED_FACE('',(#3431,#3433),#3435,.T.);
#1067=COLOUR_RGB($,0.341176470588235,0.615686274509804,0.427450980392157);
#1068=FILL_AREA_STYLE_COLOUR($,#1067);
#1069=FILL_AREA_STYLE($,(#1068));
#1070=SURFACE_STYLE_FILL_AREA(#1069);
#1071=SURFACE_SIDE_STYLE('',(#1070));
#1072=SURFACE_STYLE_USAGE(.BOTH.,#1071);
#1073=PRESENTATION_STYLE_ASSIGNMENT((#1072));
#1074=STYLED_ITEM('',(#1073),#1066);
#1075=ADVANCED_FACE('',(#3440,#3442),#3444,.F.);
#1076=COLOUR_RGB($,0.341176470588235,0.615686274509804,0.427450980392157);
#1077=FILL_AREA_STYLE_COLOUR($,#1076);
#1078=FILL_AREA_STYLE($,(#1077));
#1079=SURFACE_STYLE_FILL_AREA(#1078);
#1080=SURFACE_SIDE_STYLE('',(#1079));
#1081=SURFACE_STYLE_USAGE(.BOTH.,#1080);
#1082=PRESENTATION_STYLE_ASSIGNMENT((#1081));
#1083=STYLED_ITEM('',(#1082),#1075);
#1084=ADVANCED_FACE('',(#3449,#3451),#3453,.F.);
#1085=COLOUR_RGB($,0.341176470588235,0.615686274509804,0.427450980392157);
#1086=FILL_AREA_STYLE_COLOUR($,#1085);
#1087=FILL_AREA_STYLE($,(#1086));
#1088=SURFACE_STYLE_FILL_AREA(#1087);
#1089=SURFACE_SIDE_STYLE('',(#1088));
#1090=SURFACE_STYLE_USAGE(.BOTH.,#1089);
#1091=PRESENTATION_STYLE_ASSIGNMENT((#1090));
#1092=STYLED_ITEM('',(#1091),#1084);
#1093=ADVANCED_FACE('',(#3458,#3460),#3462,.F.);
#1094=COLOUR_RGB($,0.341176470588235,0.615686274509804,0.427450980392157);
#1095=FILL_AREA_STYLE_COLOUR($,#1094);
#1096=FILL_AREA_STYLE($,(#1095));
#1097=SURFACE_STYLE_FILL_AREA(#1096);
#1098=SURFACE_SIDE_STYLE('',(#1097));
#1099=SURFACE_STYLE_USAGE(.BOTH.,#1098);
#1100=PRESENTATION_STYLE_ASSIGNMENT((#1099));
#1101=STYLED_ITEM('',(#1100),#1093);
#1102=ADVANCED_FACE('',(#3467,#3469),#3471,.F.);
#1103=COLOUR_RGB($,0.341176470588235,0.615686274509804,0.427450980392157);
#1104=FILL_AREA_STYLE_COLOUR($,#1103);
#1105=FILL_AREA_STYLE($,(#1104));
#1106=SURFACE_STYLE_FILL_AREA(#1105);
#1107=SURFACE_SIDE_STYLE('',(#1106));
#1108=SURFACE_STYLE_USAGE(.BOTH.,#1107);
#1109=PRESENTATION_STYLE_ASSIGNMENT((#1108));
#1110=STYLED_ITEM('',(#1109),#1102);
#1111=ADVANCED_FACE('',(#3476),#3478,.F.);
#1112=COLOUR_RGB($,0.341176470588235,0.615686274509804,0.427450980392157);
#1113=FILL_AREA_STYLE_COLOUR($,#1112);
#1114=FILL_AREA_STYLE($,(#1113));
#1115=SURFACE_STYLE_FILL_AREA(#1114);
#1116=SURFACE_SIDE_STYLE('',(#1115));
#1117=SURFACE_STYLE_USAGE(.BOTH.,#1116);
#1118=PRESENTATION_STYLE_ASSIGNMENT((#1117));
#1119=STYLED_ITEM('',(#1118),#1111);
#1120=ADVANCED_FACE('',(#3483),#3485,.F.);
#1121=COLOUR_RGB($,0.341176470588235,0.615686274509804,0.427450980392157);
#1122=FILL_AREA_STYLE_COLOUR($,#1121);
#1123=FILL_AREA_STYLE($,(#1122));
#1124=SURFACE_STYLE_FILL_AREA(#1123);
#1125=SURFACE_SIDE_STYLE('',(#1124));
#1126=SURFACE_STYLE_USAGE(.BOTH.,#1125);
#1127=PRESENTATION_STYLE_ASSIGNMENT((#1126));
#1128=STYLED_ITEM('',(#1127),#1120);
#1129=ADVANCED_FACE('',(#3490),#3492,.F.);
#1130=COLOUR_RGB($,0.341176470588235,0.615686274509804,0.427450980392157);
#1131=FILL_AREA_STYLE_COLOUR($,#1130);
#1132=FILL_AREA_STYLE($,(#1131));
#1133=SURFACE_STYLE_FILL_AREA(#1132);
#1134=SURFACE_SIDE_STYLE('',(#1133));
#1135=SURFACE_STYLE_USAGE(.BOTH.,#1134);
#1136=PRESENTATION_STYLE_ASSIGNMENT((#1135));
#1137=STYLED_ITEM('',(#1136),#1129);
#1138=ADVANCED_FACE('',(#3497),#3499,.F.);
#1139=COLOUR_RGB($,0.341176470588235,0.615686274509804,0.427450980392157);
#1140=FILL_AREA_STYLE_COLOUR($,#1139);
#1141=FILL_AREA_STYLE($,(#1140));
#1142=SURFACE_STYLE_FILL_AREA(#1141);
#1143=SURFACE_SIDE_STYLE('',(#1142));
#1144=SURFACE_STYLE_USAGE(.BOTH.,#1143);
#1145=PRESENTATION_STYLE_ASSIGNMENT((#1144));
#1146=STYLED_ITEM('',(#1145),#1138);
#1147=ADVANCED_FACE('',(#3504),#3506,.F.);
#1148=COLOUR_RGB($,0.341176470588235,0.615686274509804,0.427450980392157);
#1149=FILL_AREA_STYLE_COLOUR($,#1148);
#1150=FILL_AREA_STYLE($,(#1149));
#1151=SURFACE_STYLE_FILL_AREA(#1150);
#1152=SURFACE_SIDE_STYLE('',(#1151));
#1153=SURFACE_STYLE_USAGE(.BOTH.,#1152);
#1154=PRESENTATION_STYLE_ASSIGNMENT((#1153));
#1155=STYLED_ITEM('',(#1154),#1147);
#1156=ADVANCED_FACE('',(#3511),#3513,.T.);
#1157=COLOUR_RGB($,0.341176470588235,0.615686274509804,0.427450980392157);
#1158=FILL_AREA_STYLE_COLOUR($,#1157);
#1159=FILL_AREA_STYLE($,(#1158));
#1160=SURFACE_STYLE_FILL_AREA(#1159);
#1161=SURFACE_SIDE_STYLE('',(#1160));
#1162=SURFACE_STYLE_USAGE(.BOTH.,#1161);
#1163=PRESENTATION_STYLE_ASSIGNMENT((#1162));
#1164=STYLED_ITEM('',(#1163),#1156);
#1165=ADVANCED_FACE('',(#3518,#3520),#3522,.F.);
#1166=COLOUR_RGB($,0.341176470588235,0.615686274509804,0.427450980392157);
#1167=FILL_AREA_STYLE_COLOUR($,#1166);
#1168=FILL_AREA_STYLE($,(#1167));
#1169=SURFACE_STYLE_FILL_AREA(#1168);
#1170=SURFACE_SIDE_STYLE('',(#1169));
#1171=SURFACE_STYLE_USAGE(.BOTH.,#1170);
#1172=PRESENTATION_STYLE_ASSIGNMENT((#1171));
#1173=STYLED_ITEM('',(#1172),#1165);
#1174=ADVANCED_FACE('',(#3527),#3529,.T.);
#1175=COLOUR_RGB($,0.341176470588235,0.615686274509804,0.427450980392157);
#1176=FILL_AREA_STYLE_COLOUR($,#1175);
#1177=FILL_AREA_STYLE($,(#1176));
#1178=SURFACE_STYLE_FILL_AREA(#1177);
#1179=SURFACE_SIDE_STYLE('',(#1178));
#1180=SURFACE_STYLE_USAGE(.BOTH.,#1179);
#1181=PRESENTATION_STYLE_ASSIGNMENT((#1180));
#1182=STYLED_ITEM('',(#1181),#1174);
#1183=ADVANCED_FACE('',(#3534),#3536,.F.);
#1184=COLOUR_RGB($,0.341176470588235,0.615686274509804,0.427450980392157);
#1185=FILL_AREA_STYLE_COLOUR($,#1184);
#1186=FILL_AREA_STYLE($,(#1185));
#1187=SURFACE_STYLE_FILL_AREA(#1186);
#1188=SURFACE_SIDE_STYLE('',(#1187));
#1189=SURFACE_STYLE_USAGE(.BOTH.,#1188);
#1190=PRESENTATION_STYLE_ASSIGNMENT((#1189));
#1191=STYLED_ITEM('',(#1190),#1183);
#1192=ADVANCED_FACE('',(#3541),#3543,.F.);
#1193=COLOUR_RGB($,0.341176470588235,0.615686274509804,0.427450980392157);
#1194=FILL_AREA_STYLE_COLOUR($,#1193);
#1195=FILL_AREA_STYLE($,(#1194));
#1196=SURFACE_STYLE_FILL_AREA(#1195);
#1197=SURFACE_SIDE_STYLE('',(#1196));
#1198=SURFACE_STYLE_USAGE(.BOTH.,#1197);
#1199=PRESENTATION_STYLE_ASSIGNMENT((#1198));
#1200=STYLED_ITEM('',(#1199),#1192);
#1201=ADVANCED_FACE('',(#3548),#3550,.T.);
#1202=COLOUR_RGB($,0.341176470588235,0.615686274509804,0.427450980392157);
#1203=FILL_AREA_STYLE_COLOUR($,#1202);
#1204=FILL_AREA_STYLE($,(#1203));
#1205=SURFACE_STYLE_FILL_AREA(#1204);
#1206=SURFACE_SIDE_STYLE('',(#1205));
#1207=SURFACE_STYLE_USAGE(.BOTH.,#1206);
#1208=PRESENTATION_STYLE_ASSIGNMENT((#1207));
#1209=STYLED_ITEM('',(#1208),#1201);
#1210=ADVANCED_FACE('',(#3555,#3557),#3559,.F.);
#1211=COLOUR_RGB($,0.341176470588235,0.615686274509804,0.427450980392157);
#1212=FILL_AREA_STYLE_COLOUR($,#1211);
#1213=FILL_AREA_STYLE($,(#1212));
#1214=SURFACE_STYLE_FILL_AREA(#1213);
#1215=SURFACE_SIDE_STYLE('',(#1214));
#1216=SURFACE_STYLE_USAGE(.BOTH.,#1215);
#1217=PRESENTATION_STYLE_ASSIGNMENT((#1216));
#1218=STYLED_ITEM('',(#1217),#1210);
#1219=ADVANCED_FACE('',(#3564),#3566,.T.);
#1220=COLOUR_RGB($,0.341176470588235,0.615686274509804,0.427450980392157);
#1221=FILL_AREA_STYLE_COLOUR($,#1220);
#1222=FILL_AREA_STYLE($,(#1221));
#1223=SURFACE_STYLE_FILL_AREA(#1222);
#1224=SURFACE_SIDE_STYLE('',(#1223));
#1225=SURFACE_STYLE_USAGE(.BOTH.,#1224);
#1226=PRESENTATION_STYLE_ASSIGNMENT((#1225));
#1227=STYLED_ITEM('',(#1226),#1219);
#1228=ADVANCED_FACE('',(#3571),#3573,.F.);
#1229=COLOUR_RGB($,0.341176470588235,0.615686274509804,0.427450980392157);
#1230=FILL_AREA_STYLE_COLOUR($,#1229);
#1231=FILL_AREA_STYLE($,(#1230));
#1232=SURFACE_STYLE_FILL_AREA(#1231);
#1233=SURFACE_SIDE_STYLE('',(#1232));
#1234=SURFACE_STYLE_USAGE(.BOTH.,#1233);
#1235=PRESENTATION_STYLE_ASSIGNMENT((#1234));
#1236=STYLED_ITEM('',(#1235),#1228);
#1237=ADVANCED_FACE('',(#3578),#3580,.F.);
#1238=COLOUR_RGB($,0.341176470588235,0.615686274509804,0.427450980392157);
#1239=FILL_AREA_STYLE_COLOUR($,#1238);
#1240=FILL_AREA_STYLE($,(#1239));
#1241=SURFACE_STYLE_FILL_AREA(#1240);
#1242=SURFACE_SIDE_STYLE('',(#1241));
#1243=SURFACE_STYLE_USAGE(.BOTH.,#1242);
#1244=PRESENTATION_STYLE_ASSIGNMENT((#1243));
#1245=STYLED_ITEM('',(#1244),#1237);
#1246=ADVANCED_FACE('',(#3585),#3587,.F.);
#1247=COLOUR_RGB($,0.341176470588235,0.615686274509804,0.427450980392157);
#1248=FILL_AREA_STYLE_COLOUR($,#1247);
#1249=FILL_AREA_STYLE($,(#1248));
#1250=SURFACE_STYLE_FILL_AREA(#1249);
#1251=SURFACE_SIDE_STYLE('',(#1250));
#1252=SURFACE_STYLE_USAGE(.BOTH.,#1251);
#1253=PRESENTATION_STYLE_ASSIGNMENT((#1252));
#1254=STYLED_ITEM('',(#1253),#1246);
#1255=ADVANCED_FACE('',(#3592),#3594,.T.);
#1256=COLOUR_RGB($,0.341176470588235,0.615686274509804,0.427450980392157);
#1257=FILL_AREA_STYLE_COLOUR($,#1256);
#1258=FILL_AREA_STYLE($,(#1257));
#1259=SURFACE_STYLE_FILL_AREA(#1258);
#1260=SURFACE_SIDE_STYLE('',(#1259));
#1261=SURFACE_STYLE_USAGE(.BOTH.,#1260);
#1262=PRESENTATION_STYLE_ASSIGNMENT((#1261));
#1263=STYLED_ITEM('',(#1262),#1255);
#1264=ADVANCED_FACE('',(#3599,#3601),#3603,.F.);
#1265=COLOUR_RGB($,0.341176470588235,0.615686274509804,0.427450980392157);
#1266=FILL_AREA_STYLE_COLOUR($,#1265);
#1267=FILL_AREA_STYLE($,(#1266));
#1268=SURFACE_STYLE_FILL_AREA(#1267);
#1269=SURFACE_SIDE_STYLE('',(#1268));
#1270=SURFACE_STYLE_USAGE(.BOTH.,#1269);
#1271=PRESENTATION_STYLE_ASSIGNMENT((#1270));
#1272=STYLED_ITEM('',(#1271),#1264);
#1273=ADVANCED_FACE('',(#3608),#3610,.T.);
#1274=COLOUR_RGB($,0.341176470588235,0.615686274509804,0.427450980392157);
#1275=FILL_AREA_STYLE_COLOUR($,#1274);
#1276=FILL_AREA_STYLE($,(#1275));
#1277=SURFACE_STYLE_FILL_AREA(#1276);
#1278=SURFACE_SIDE_STYLE('',(#1277));
#1279=SURFACE_STYLE_USAGE(.BOTH.,#1278);
#1280=PRESENTATION_STYLE_ASSIGNMENT((#1279));
#1281=STYLED_ITEM('',(#1280),#1273);
#1282=ADVANCED_FACE('',(#3615),#3617,.F.);
#1283=COLOUR_RGB($,0.341176470588235,0.615686274509804,0.427450980392157);
#1284=FILL_AREA_STYLE_COLOUR($,#1283);
#1285=FILL_AREA_STYLE($,(#1284));
#1286=SURFACE_STYLE_FILL_AREA(#1285);
#1287=SURFACE_SIDE_STYLE('',(#1286));
#1288=SURFACE_STYLE_USAGE(.BOTH.,#1287);
#1289=PRESENTATION_STYLE_ASSIGNMENT((#1288));
#1290=STYLED_ITEM('',(#1289),#1282);
#1291=ADVANCED_FACE('',(#3622),#3624,.T.);
#1292=COLOUR_RGB($,0.341176470588235,0.615686274509804,0.427450980392157);
#1293=FILL_AREA_STYLE_COLOUR($,#1292);
#1294=FILL_AREA_STYLE($,(#1293));
#1295=SURFACE_STYLE_FILL_AREA(#1294);
#1296=SURFACE_SIDE_STYLE('',(#1295));
#1297=SURFACE_STYLE_USAGE(.BOTH.,#1296);
#1298=PRESENTATION_STYLE_ASSIGNMENT((#1297));
#1299=STYLED_ITEM('',(#1298),#1291);
#1300=ADVANCED_FACE('',(#3629),#3631,.T.);
#1301=COLOUR_RGB($,0.341176470588235,0.615686274509804,0.427450980392157);
#1302=FILL_AREA_STYLE_COLOUR($,#1301);
#1303=FILL_AREA_STYLE($,(#1302));
#1304=SURFACE_STYLE_FILL_AREA(#1303);
#1305=SURFACE_SIDE_STYLE('',(#1304));
#1306=SURFACE_STYLE_USAGE(.BOTH.,#1305);
#1307=PRESENTATION_STYLE_ASSIGNMENT((#1306));
#1308=STYLED_ITEM('',(#1307),#1300);
#1309=ADVANCED_FACE('',(#3636),#3638,.T.);
#1310=COLOUR_RGB($,0.341176470588235,0.615686274509804,0.427450980392157);
#1311=FILL_AREA_STYLE_COLOUR($,#1310);
#1312=FILL_AREA_STYLE($,(#1311));
#1313=SURFACE_STYLE_FILL_AREA(#1312);
#1314=SURFACE_SIDE_STYLE('',(#1313));
#1315=SURFACE_STYLE_USAGE(.BOTH.,#1314);
#1316=PRESENTATION_STYLE_ASSIGNMENT((#1315));
#1317=STYLED_ITEM('',(#1316),#1309);
#1318=ADVANCED_FACE('',(#3643),#3645,.F.);
#1319=COLOUR_RGB($,0.341176470588235,0.615686274509804,0.427450980392157);
#1320=FILL_AREA_STYLE_COLOUR($,#1319);
#1321=FILL_AREA_STYLE($,(#1320));
#1322=SURFACE_STYLE_FILL_AREA(#1321);
#1323=SURFACE_SIDE_STYLE('',(#1322));
#1324=SURFACE_STYLE_USAGE(.BOTH.,#1323);
#1325=PRESENTATION_STYLE_ASSIGNMENT((#1324));
#1326=STYLED_ITEM('',(#1325),#1318);
#1327=ADVANCED_FACE('',(#3650),#3652,.F.);
#1328=COLOUR_RGB($,0.341176470588235,0.615686274509804,0.427450980392157);
#1329=FILL_AREA_STYLE_COLOUR($,#1328);
#1330=FILL_AREA_STYLE($,(#1329));
#1331=SURFACE_STYLE_FILL_AREA(#1330);
#1332=SURFACE_SIDE_STYLE('',(#1331));
#1333=SURFACE_STYLE_USAGE(.BOTH.,#1332);
#1334=PRESENTATION_STYLE_ASSIGNMENT((#1333));
#1335=STYLED_ITEM('',(#1334),#1327);
#1336=ADVANCED_FACE('',(#3657),#3659,.F.);
#1337=COLOUR_RGB($,0.341176470588235,0.615686274509804,0.427450980392157);
#1338=FILL_AREA_STYLE_COLOUR($,#1337);
#1339=FILL_AREA_STYLE($,(#1338));
#1340=SURFACE_STYLE_FILL_AREA(#1339);
#1341=SURFACE_SIDE_STYLE('',(#1340));
#1342=SURFACE_STYLE_USAGE(.BOTH.,#1341);
#1343=PRESENTATION_STYLE_ASSIGNMENT((#1342));
#1344=STYLED_ITEM('',(#1343),#1336);
#1345=ADVANCED_FACE('',(#3664),#3666,.T.);
#1346=COLOUR_RGB($,0.341176470588235,0.615686274509804,0.427450980392157);
#1347=FILL_AREA_STYLE_COLOUR($,#1346);
#1348=FILL_AREA_STYLE($,(#1347));
#1349=SURFACE_STYLE_FILL_AREA(#1348);
#1350=SURFACE_SIDE_STYLE('',(#1349));
#1351=SURFACE_STYLE_USAGE(.BOTH.,#1350);
#1352=PRESENTATION_STYLE_ASSIGNMENT((#1351));
#1353=STYLED_ITEM('',(#1352),#1345);
#1354=ADVANCED_FACE('',(#3671,#3673),#3675,.F.);
#1355=COLOUR_RGB($,0.341176470588235,0.615686274509804,0.427450980392157);
#1356=FILL_AREA_STYLE_COLOUR($,#1355);
#1357=FILL_AREA_STYLE($,(#1356));
#1358=SURFACE_STYLE_FILL_AREA(#1357);
#1359=SURFACE_SIDE_STYLE('',(#1358));
#1360=SURFACE_STYLE_USAGE(.BOTH.,#1359);
#1361=PRESENTATION_STYLE_ASSIGNMENT((#1360));
#1362=STYLED_ITEM('',(#1361),#1354);
#1363=ADVANCED_FACE('',(#3680),#3682,.T.);
#1364=COLOUR_RGB($,0.341176470588235,0.615686274509804,0.427450980392157);
#1365=FILL_AREA_STYLE_COLOUR($,#1364);
#1366=FILL_AREA_STYLE($,(#1365));
#1367=SURFACE_STYLE_FILL_AREA(#1366);
#1368=SURFACE_SIDE_STYLE('',(#1367));
#1369=SURFACE_STYLE_USAGE(.BOTH.,#1368);
#1370=PRESENTATION_STYLE_ASSIGNMENT((#1369));
#1371=STYLED_ITEM('',(#1370),#1363);
#1372=ADVANCED_FACE('',(#3687),#3689,.F.);
#1373=COLOUR_RGB($,0.341176470588235,0.615686274509804,0.427450980392157);
#1374=FILL_AREA_STYLE_COLOUR($,#1373);
#1375=FILL_AREA_STYLE($,(#1374));
#1376=SURFACE_STYLE_FILL_AREA(#1375);
#1377=SURFACE_SIDE_STYLE('',(#1376));
#1378=SURFACE_STYLE_USAGE(.BOTH.,#1377);
#1379=PRESENTATION_STYLE_ASSIGNMENT((#1378));
#1380=STYLED_ITEM('',(#1379),#1372);
#1381=ADVANCED_FACE('',(#3694),#3696,.T.);
#1382=COLOUR_RGB($,0.341176470588235,0.615686274509804,0.427450980392157);
#1383=FILL_AREA_STYLE_COLOUR($,#1382);
#1384=FILL_AREA_STYLE($,(#1383));
#1385=SURFACE_STYLE_FILL_AREA(#1384);
#1386=SURFACE_SIDE_STYLE('',(#1385));
#1387=SURFACE_STYLE_USAGE(.BOTH.,#1386);
#1388=PRESENTATION_STYLE_ASSIGNMENT((#1387));
#1389=STYLED_ITEM('',(#1388),#1381);
#1390=ADVANCED_FACE('',(#3701),#3703,.F.);
#1391=COLOUR_RGB($,0.341176470588235,0.615686274509804,0.427450980392157);
#1392=FILL_AREA_STYLE_COLOUR($,#1391);
#1393=FILL_AREA_STYLE($,(#1392));
#1394=SURFACE_STYLE_FILL_AREA(#1393);
#1395=SURFACE_SIDE_STYLE('',(#1394));
#1396=SURFACE_STYLE_USAGE(.BOTH.,#1395);
#1397=PRESENTATION_STYLE_ASSIGNMENT((#1396));
#1398=STYLED_ITEM('',(#1397),#1390);
#1399=ADVANCED_FACE('',(#3708),#3710,.F.);
#1400=COLOUR_RGB($,0.341176470588235,0.615686274509804,0.427450980392157);
#1401=FILL_AREA_STYLE_COLOUR($,#1400);
#1402=FILL_AREA_STYLE($,(#1401));
#1403=SURFACE_STYLE_FILL_AREA(#1402);
#1404=SURFACE_SIDE_STYLE('',(#1403));
#1405=SURFACE_STYLE_USAGE(.BOTH.,#1404);
#1406=PRESENTATION_STYLE_ASSIGNMENT((#1405));
#1407=STYLED_ITEM('',(#1406),#1399);
#1408=ADVANCED_FACE('',(#3715),#3717,.F.);
#1409=COLOUR_RGB($,0.341176470588235,0.615686274509804,0.427450980392157);
#1410=FILL_AREA_STYLE_COLOUR($,#1409);
#1411=FILL_AREA_STYLE($,(#1410));
#1412=SURFACE_STYLE_FILL_AREA(#1411);
#1413=SURFACE_SIDE_STYLE('',(#1412));
#1414=SURFACE_STYLE_USAGE(.BOTH.,#1413);
#1415=PRESENTATION_STYLE_ASSIGNMENT((#1414));
#1416=STYLED_ITEM('',(#1415),#1408);
#1417=ADVANCED_FACE('',(#3722),#3724,.T.);
#1418=COLOUR_RGB($,0.341176470588235,0.615686274509804,0.427450980392157);
#1419=FILL_AREA_STYLE_COLOUR($,#1418);
#1420=FILL_AREA_STYLE($,(#1419));
#1421=SURFACE_STYLE_FILL_AREA(#1420);
#1422=SURFACE_SIDE_STYLE('',(#1421));
#1423=SURFACE_STYLE_USAGE(.BOTH.,#1422);
#1424=PRESENTATION_STYLE_ASSIGNMENT((#1423));
#1425=STYLED_ITEM('',(#1424),#1417);
#1426=ADVANCED_FACE('',(#3729,#3731),#3733,.F.);
#1427=COLOUR_RGB($,0.341176470588235,0.615686274509804,0.427450980392157);
#1428=FILL_AREA_STYLE_COLOUR($,#1427);
#1429=FILL_AREA_STYLE($,(#1428));
#1430=SURFACE_STYLE_FILL_AREA(#1429);
#1431=SURFACE_SIDE_STYLE('',(#1430));
#1432=SURFACE_STYLE_USAGE(.BOTH.,#1431);
#1433=PRESENTATION_STYLE_ASSIGNMENT((#1432));
#1434=STYLED_ITEM('',(#1433),#1426);
#1435=ADVANCED_FACE('',(#3738),#3740,.T.);
#1436=COLOUR_RGB($,0.341176470588235,0.615686274509804,0.427450980392157);
#1437=FILL_AREA_STYLE_COLOUR($,#1436);
#1438=FILL_AREA_STYLE($,(#1437));
#1439=SURFACE_STYLE_FILL_AREA(#1438);
#1440=SURFACE_SIDE_STYLE('',(#1439));
#1441=SURFACE_STYLE_USAGE(.BOTH.,#1440);
#1442=PRESENTATION_STYLE_ASSIGNMENT((#1441));
#1443=STYLED_ITEM('',(#1442),#1435);
#1444=ADVANCED_FACE('',(#3745),#3747,.F.);
#1445=COLOUR_RGB($,0.341176470588235,0.615686274509804,0.427450980392157);
#1446=FILL_AREA_STYLE_COLOUR($,#1445);
#1447=FILL_AREA_STYLE($,(#1446));
#1448=SURFACE_STYLE_FILL_AREA(#1447);
#1449=SURFACE_SIDE_STYLE('',(#1448));
#1450=SURFACE_STYLE_USAGE(.BOTH.,#1449);
#1451=PRESENTATION_STYLE_ASSIGNMENT((#1450));
#1452=STYLED_ITEM('',(#1451),#1444);
#1453=ADVANCED_FACE('',(#3752),#3754,.F.);
#1454=COLOUR_RGB($,0.341176470588235,0.615686274509804,0.427450980392157);
#1455=FILL_AREA_STYLE_COLOUR($,#1454);
#1456=FILL_AREA_STYLE($,(#1455));
#1457=SURFACE_STYLE_FILL_AREA(#1456);
#1458=SURFACE_SIDE_STYLE('',(#1457));
#1459=SURFACE_STYLE_USAGE(.BOTH.,#1458);
#1460=PRESENTATION_STYLE_ASSIGNMENT((#1459));
#1461=STYLED_ITEM('',(#1460),#1453);
#1462=ADVANCED_FACE('',(#3759),#3761,.F.);
#1463=COLOUR_RGB($,0.341176470588235,0.615686274509804,0.427450980392157);
#1464=FILL_AREA_STYLE_COLOUR($,#1463);
#1465=FILL_AREA_STYLE($,(#1464));
#1466=SURFACE_STYLE_FILL_AREA(#1465);
#1467=SURFACE_SIDE_STYLE('',(#1466));
#1468=SURFACE_STYLE_USAGE(.BOTH.,#1467);
#1469=PRESENTATION_STYLE_ASSIGNMENT((#1468));
#1470=STYLED_ITEM('',(#1469),#1462);
#1471=ADVANCED_FACE('',(#3766),#3768,.T.);
#1472=COLOUR_RGB($,0.341176470588235,0.615686274509804,0.427450980392157);
#1473=FILL_AREA_STYLE_COLOUR($,#1472);
#1474=FILL_AREA_STYLE($,(#1473));
#1475=SURFACE_STYLE_FILL_AREA(#1474);
#1476=SURFACE_SIDE_STYLE('',(#1475));
#1477=SURFACE_STYLE_USAGE(.BOTH.,#1476);
#1478=PRESENTATION_STYLE_ASSIGNMENT((#1477));
#1479=STYLED_ITEM('',(#1478),#1471);
#1480=ADVANCED_FACE('',(#3773),#3775,.F.);
#1481=COLOUR_RGB($,0.341176470588235,0.615686274509804,0.427450980392157);
#1482=FILL_AREA_STYLE_COLOUR($,#1481);
#1483=FILL_AREA_STYLE($,(#1482));
#1484=SURFACE_STYLE_FILL_AREA(#1483);
#1485=SURFACE_SIDE_STYLE('',(#1484));
#1486=SURFACE_STYLE_USAGE(.BOTH.,#1485);
#1487=PRESENTATION_STYLE_ASSIGNMENT((#1486));
#1488=STYLED_ITEM('',(#1487),#1480);
#1489=ADVANCED_FACE('',(#3780),#3782,.T.);
#1490=COLOUR_RGB($,0.341176470588235,0.615686274509804,0.427450980392157);
#1491=FILL_AREA_STYLE_COLOUR($,#1490);
#1492=FILL_AREA_STYLE($,(#1491));
#1493=SURFACE_STYLE_FILL_AREA(#1492);
#1494=SURFACE_SIDE_STYLE('',(#1493));
#1495=SURFACE_STYLE_USAGE(.BOTH.,#1494);
#1496=PRESENTATION_STYLE_ASSIGNMENT((#1495));
#1497=STYLED_ITEM('',(#1496),#1489);
#1498=ADVANCED_FACE('',(#3787),#3789,.T.);
#1499=COLOUR_RGB($,0.341176470588235,0.615686274509804,0.427450980392157);
#1500=FILL_AREA_STYLE_COLOUR($,#1499);
#1501=FILL_AREA_STYLE($,(#1500));
#1502=SURFACE_STYLE_FILL_AREA(#1501);
#1503=SURFACE_SIDE_STYLE('',(#1502));
#1504=SURFACE_STYLE_USAGE(.BOTH.,#1503);
#1505=PRESENTATION_STYLE_ASSIGNMENT((#1504));
#1506=STYLED_ITEM('',(#1505),#1498);
#1507=ADVANCED_FACE('',(#3794),#3796,.F.);
#1508=COLOUR_RGB($,0.341176470588235,0.615686274509804,0.427450980392157);
#1509=FILL_AREA_STYLE_COLOUR($,#1508);
#1510=FILL_AREA_STYLE($,(#1509));
#1511=SURFACE_STYLE_FILL_AREA(#1510);
#1512=SURFACE_SIDE_STYLE('',(#1511));
#1513=SURFACE_STYLE_USAGE(.BOTH.,#1512);
#1514=PRESENTATION_STYLE_ASSIGNMENT((#1513));
#1515=STYLED_ITEM('',(#1514),#1507);
#1516=ADVANCED_FACE('',(#3801),#3803,.T.);
#1517=COLOUR_RGB($,0.341176470588235,0.615686274509804,0.427450980392157);
#1518=FILL_AREA_STYLE_COLOUR($,#1517);
#1519=FILL_AREA_STYLE($,(#1518));
#1520=SURFACE_STYLE_FILL_AREA(#1519);
#1521=SURFACE_SIDE_STYLE('',(#1520));
#1522=SURFACE_STYLE_USAGE(.BOTH.,#1521);
#1523=PRESENTATION_STYLE_ASSIGNMENT((#1522));
#1524=STYLED_ITEM('',(#1523),#1516);
#1525=ADVANCED_FACE('',(#3808),#3810,.F.);
#1526=COLOUR_RGB($,0.341176470588235,0.615686274509804,0.427450980392157);
#1527=FILL_AREA_STYLE_COLOUR($,#1526);
#1528=FILL_AREA_STYLE($,(#1527));
#1529=SURFACE_STYLE_FILL_AREA(#1528);
#1530=SURFACE_SIDE_STYLE('',(#1529));
#1531=SURFACE_STYLE_USAGE(.BOTH.,#1530);
#1532=PRESENTATION_STYLE_ASSIGNMENT((#1531));
#1533=STYLED_ITEM('',(#1532),#1525);
#1534=ADVANCED_FACE('',(#3815),#3817,.T.);
#1535=COLOUR_RGB($,0.341176470588235,0.615686274509804,0.427450980392157);
#1536=FILL_AREA_STYLE_COLOUR($,#1535);
#1537=FILL_AREA_STYLE($,(#1536));
#1538=SURFACE_STYLE_FILL_AREA(#1537);
#1539=SURFACE_SIDE_STYLE('',(#1538));
#1540=SURFACE_STYLE_USAGE(.BOTH.,#1539);
#1541=PRESENTATION_STYLE_ASSIGNMENT((#1540));
#1542=STYLED_ITEM('',(#1541),#1534);
#1543=ADVANCED_FACE('',(#3822),#3824,.T.);
#1544=COLOUR_RGB($,0.341176470588235,0.615686274509804,0.427450980392157);
#1545=FILL_AREA_STYLE_COLOUR($,#1544);
#1546=FILL_AREA_STYLE($,(#1545));
#1547=SURFACE_STYLE_FILL_AREA(#1546);
#1548=SURFACE_SIDE_STYLE('',(#1547));
#1549=SURFACE_STYLE_USAGE(.BOTH.,#1548);
#1550=PRESENTATION_STYLE_ASSIGNMENT((#1549));
#1551=STYLED_ITEM('',(#1550),#1543);
#1552=ADVANCED_FACE('',(#3829),#3831,.T.);
#1553=COLOUR_RGB($,0.341176470588235,0.615686274509804,0.427450980392157);
#1554=FILL_AREA_STYLE_COLOUR($,#1553);
#1555=FILL_AREA_STYLE($,(#1554));
#1556=SURFACE_STYLE_FILL_AREA(#1555);
#1557=SURFACE_SIDE_STYLE('',(#1556));
#1558=SURFACE_STYLE_USAGE(.BOTH.,#1557);
#1559=PRESENTATION_STYLE_ASSIGNMENT((#1558));
#1560=STYLED_ITEM('',(#1559),#1552);
#1561=ADVANCED_FACE('',(#3836),#3838,.T.);
#1562=COLOUR_RGB($,0.341176470588235,0.615686274509804,0.427450980392157);
#1563=FILL_AREA_STYLE_COLOUR($,#1562);
#1564=FILL_AREA_STYLE($,(#1563));
#1565=SURFACE_STYLE_FILL_AREA(#1564);
#1566=SURFACE_SIDE_STYLE('',(#1565));
#1567=SURFACE_STYLE_USAGE(.BOTH.,#1566);
#1568=PRESENTATION_STYLE_ASSIGNMENT((#1567));
#1569=STYLED_ITEM('',(#1568),#1561);
#1570=ADVANCED_FACE('',(#3843),#3845,.T.);
#1571=COLOUR_RGB($,0.341176470588235,0.615686274509804,0.427450980392157);
#1572=FILL_AREA_STYLE_COLOUR($,#1571);
#1573=FILL_AREA_STYLE($,(#1572));
#1574=SURFACE_STYLE_FILL_AREA(#1573);
#1575=SURFACE_SIDE_STYLE('',(#1574));
#1576=SURFACE_STYLE_USAGE(.BOTH.,#1575);
#1577=PRESENTATION_STYLE_ASSIGNMENT((#1576));
#1578=STYLED_ITEM('',(#1577),#1570);
#1579=ADVANCED_FACE('',(#3850),#3852,.T.);
#1580=COLOUR_RGB($,0.341176470588235,0.615686274509804,0.427450980392157);
#1581=FILL_AREA_STYLE_COLOUR($,#1580);
#1582=FILL_AREA_STYLE($,(#1581));
#1583=SURFACE_STYLE_FILL_AREA(#1582);
#1584=SURFACE_SIDE_STYLE('',(#1583));
#1585=SURFACE_STYLE_USAGE(.BOTH.,#1584);
#1586=PRESENTATION_STYLE_ASSIGNMENT((#1585));
#1587=STYLED_ITEM('',(#1586),#1579);
#1588=ADVANCED_FACE('',(#3857),#3859,.T.);
#1589=COLOUR_RGB($,0.341176470588235,0.615686274509804,0.427450980392157);
#1590=FILL_AREA_STYLE_COLOUR($,#1589);
#1591=FILL_AREA_STYLE($,(#1590));
#1592=SURFACE_STYLE_FILL_AREA(#1591);
#1593=SURFACE_SIDE_STYLE('',(#1592));
#1594=SURFACE_STYLE_USAGE(.BOTH.,#1593);
#1595=PRESENTATION_STYLE_ASSIGNMENT((#1594));
#1596=STYLED_ITEM('',(#1595),#1588);
#1597=ADVANCED_FACE('',(#3864),#3866,.T.);
#1598=COLOUR_RGB($,0.341176470588235,0.615686274509804,0.427450980392157);
#1599=FILL_AREA_STYLE_COLOUR($,#1598);
#1600=FILL_AREA_STYLE($,(#1599));
#1601=SURFACE_STYLE_FILL_AREA(#1600);
#1602=SURFACE_SIDE_STYLE('',(#1601));
#1603=SURFACE_STYLE_USAGE(.BOTH.,#1602);
#1604=PRESENTATION_STYLE_ASSIGNMENT((#1603));
#1605=STYLED_ITEM('',(#1604),#1597);
#1606=ADVANCED_FACE('',(#3871),#3873,.F.);
#1607=COLOUR_RGB($,0.341176470588235,0.615686274509804,0.427450980392157);
#1608=FILL_AREA_STYLE_COLOUR($,#1607);
#1609=FILL_AREA_STYLE($,(#1608));
#1610=SURFACE_STYLE_FILL_AREA(#1609);
#1611=SURFACE_SIDE_STYLE('',(#1610));
#1612=SURFACE_STYLE_USAGE(.BOTH.,#1611);
#1613=PRESENTATION_STYLE_ASSIGNMENT((#1612));
#1614=STYLED_ITEM('',(#1613),#1606);
#1615=ADVANCED_FACE('',(#3878),#3880,.F.);
#1616=COLOUR_RGB($,0.341176470588235,0.615686274509804,0.427450980392157);
#1617=FILL_AREA_STYLE_COLOUR($,#1616);
#1618=FILL_AREA_STYLE($,(#1617));
#1619=SURFACE_STYLE_FILL_AREA(#1618);
#1620=SURFACE_SIDE_STYLE('',(#1619));
#1621=SURFACE_STYLE_USAGE(.BOTH.,#1620);
#1622=PRESENTATION_STYLE_ASSIGNMENT((#1621));
#1623=STYLED_ITEM('',(#1622),#1615);
#1624=ADVANCED_FACE('',(#3885),#3887,.T.);
#1625=COLOUR_RGB($,0.341176470588235,0.615686274509804,0.427450980392157);
#1626=FILL_AREA_STYLE_COLOUR($,#1625);
#1627=FILL_AREA_STYLE($,(#1626));
#1628=SURFACE_STYLE_FILL_AREA(#1627);
#1629=SURFACE_SIDE_STYLE('',(#1628));
#1630=SURFACE_STYLE_USAGE(.BOTH.,#1629);
#1631=PRESENTATION_STYLE_ASSIGNMENT((#1630));
#1632=STYLED_ITEM('',(#1631),#1624);
#1633=ADVANCED_FACE('',(#3892),#3894,.F.);
#1634=COLOUR_RGB($,0.341176470588235,0.615686274509804,0.427450980392157);
#1635=FILL_AREA_STYLE_COLOUR($,#1634);
#1636=FILL_AREA_STYLE($,(#1635));
#1637=SURFACE_STYLE_FILL_AREA(#1636);
#1638=SURFACE_SIDE_STYLE('',(#1637));
#1639=SURFACE_STYLE_USAGE(.BOTH.,#1638);
#1640=PRESENTATION_STYLE_ASSIGNMENT((#1639));
#1641=STYLED_ITEM('',(#1640),#1633);
#1642=ADVANCED_FACE('',(#3899),#3901,.T.);
#1643=COLOUR_RGB($,0.341176470588235,0.615686274509804,0.427450980392157);
#1644=FILL_AREA_STYLE_COLOUR($,#1643);
#1645=FILL_AREA_STYLE($,(#1644));
#1646=SURFACE_STYLE_FILL_AREA(#1645);
#1647=SURFACE_SIDE_STYLE('',(#1646));
#1648=SURFACE_STYLE_USAGE(.BOTH.,#1647);
#1649=PRESENTATION_STYLE_ASSIGNMENT((#1648));
#1650=STYLED_ITEM('',(#1649),#1642);
#1651=ADVANCED_FACE('',(#3906,#3908),#3910,.F.);
#1652=COLOUR_RGB($,0.341176470588235,0.615686274509804,0.427450980392157);
#1653=FILL_AREA_STYLE_COLOUR($,#1652);
#1654=FILL_AREA_STYLE($,(#1653));
#1655=SURFACE_STYLE_FILL_AREA(#1654);
#1656=SURFACE_SIDE_STYLE('',(#1655));
#1657=SURFACE_STYLE_USAGE(.BOTH.,#1656);
#1658=PRESENTATION_STYLE_ASSIGNMENT((#1657));
#1659=STYLED_ITEM('',(#1658),#1651);
#1660=ADVANCED_FACE('',(#3915,#3917),#3919,.F.);
#1661=COLOUR_RGB($,0.341176470588235,0.615686274509804,0.427450980392157);
#1662=FILL_AREA_STYLE_COLOUR($,#1661);
#1663=FILL_AREA_STYLE($,(#1662));
#1664=SURFACE_STYLE_FILL_AREA(#1663);
#1665=SURFACE_SIDE_STYLE('',(#1664));
#1666=SURFACE_STYLE_USAGE(.BOTH.,#1665);
#1667=PRESENTATION_STYLE_ASSIGNMENT((#1666));
#1668=STYLED_ITEM('',(#1667),#1660);
#1669=ADVANCED_FACE('',(#3924,#3926),#3928,.F.);
#1670=COLOUR_RGB($,0.341176470588235,0.615686274509804,0.427450980392157);
#1671=FILL_AREA_STYLE_COLOUR($,#1670);
#1672=FILL_AREA_STYLE($,(#1671));
#1673=SURFACE_STYLE_FILL_AREA(#1672);
#1674=SURFACE_SIDE_STYLE('',(#1673));
#1675=SURFACE_STYLE_USAGE(.BOTH.,#1674);
#1676=PRESENTATION_STYLE_ASSIGNMENT((#1675));
#1677=STYLED_ITEM('',(#1676),#1669);
#1678=ADVANCED_FACE('',(#3933,#3935),#3937,.F.);
#1679=COLOUR_RGB($,0.341176470588235,0.615686274509804,0.427450980392157);
#1680=FILL_AREA_STYLE_COLOUR($,#1679);
#1681=FILL_AREA_STYLE($,(#1680));
#1682=SURFACE_STYLE_FILL_AREA(#1681);
#1683=SURFACE_SIDE_STYLE('',(#1682));
#1684=SURFACE_STYLE_USAGE(.BOTH.,#1683);
#1685=PRESENTATION_STYLE_ASSIGNMENT((#1684));
#1686=STYLED_ITEM('',(#1685),#1678);
#1687=ADVANCED_FACE('',(#3942,#3944),#3946,.F.);
#1688=COLOUR_RGB($,0.341176470588235,0.615686274509804,0.427450980392157);
#1689=FILL_AREA_STYLE_COLOUR($,#1688);
#1690=FILL_AREA_STYLE($,(#1689));
#1691=SURFACE_STYLE_FILL_AREA(#1690);
#1692=SURFACE_SIDE_STYLE('',(#1691));
#1693=SURFACE_STYLE_USAGE(.BOTH.,#1692);
#1694=PRESENTATION_STYLE_ASSIGNMENT((#1693));
#1695=STYLED_ITEM('',(#1694),#1687);
#1696=ADVANCED_FACE('',(#3951),#3953,.T.);
#1697=COLOUR_RGB($,0.341176470588235,0.615686274509804,0.427450980392157);
#1698=FILL_AREA_STYLE_COLOUR($,#1697);
#1699=FILL_AREA_STYLE($,(#1698));
#1700=SURFACE_STYLE_FILL_AREA(#1699);
#1701=SURFACE_SIDE_STYLE('',(#1700));
#1702=SURFACE_STYLE_USAGE(.BOTH.,#1701);
#1703=PRESENTATION_STYLE_ASSIGNMENT((#1702));
#1704=STYLED_ITEM('',(#1703),#1696);
#1705=ADVANCED_FACE('',(#3958),#3960,.T.);
#1706=COLOUR_RGB($,0.341176470588235,0.615686274509804,0.427450980392157);
#1707=FILL_AREA_STYLE_COLOUR($,#1706);
#1708=FILL_AREA_STYLE($,(#1707));
#1709=SURFACE_STYLE_FILL_AREA(#1708);
#1710=SURFACE_SIDE_STYLE('',(#1709));
#1711=SURFACE_STYLE_USAGE(.BOTH.,#1710);
#1712=PRESENTATION_STYLE_ASSIGNMENT((#1711));
#1713=STYLED_ITEM('',(#1712),#1705);
#1714=ADVANCED_FACE('',(#3965),#3967,.T.);
#1715=COLOUR_RGB($,0.341176470588235,0.615686274509804,0.427450980392157);
#1716=FILL_AREA_STYLE_COLOUR($,#1715);
#1717=FILL_AREA_STYLE($,(#1716));
#1718=SURFACE_STYLE_FILL_AREA(#1717);
#1719=SURFACE_SIDE_STYLE('',(#1718));
#1720=SURFACE_STYLE_USAGE(.BOTH.,#1719);
#1721=PRESENTATION_STYLE_ASSIGNMENT((#1720));
#1722=STYLED_ITEM('',(#1721),#1714);
#1723=ADVANCED_FACE('',(#3972),#3974,.T.);
#1724=COLOUR_RGB($,0.341176470588235,0.615686274509804,0.427450980392157);
#1725=FILL_AREA_STYLE_COLOUR($,#1724);
#1726=FILL_AREA_STYLE($,(#1725));
#1727=SURFACE_STYLE_FILL_AREA(#1726);
#1728=SURFACE_SIDE_STYLE('',(#1727));
#1729=SURFACE_STYLE_USAGE(.BOTH.,#1728);
#1730=PRESENTATION_STYLE_ASSIGNMENT((#1729));
#1731=STYLED_ITEM('',(#1730),#1723);
#1732=ADVANCED_FACE('',(#3979),#3981,.F.);
#1733=COLOUR_RGB($,0.341176470588235,0.615686274509804,0.427450980392157);
#1734=FILL_AREA_STYLE_COLOUR($,#1733);
#1735=FILL_AREA_STYLE($,(#1734));
#1736=SURFACE_STYLE_FILL_AREA(#1735);
#1737=SURFACE_SIDE_STYLE('',(#1736));
#1738=SURFACE_STYLE_USAGE(.BOTH.,#1737);
#1739=PRESENTATION_STYLE_ASSIGNMENT((#1738));
#1740=STYLED_ITEM('',(#1739),#1732);
#1741=ADVANCED_FACE('',(#3986),#3988,.F.);
#1742=COLOUR_RGB($,0.341176470588235,0.615686274509804,0.427450980392157);
#1743=FILL_AREA_STYLE_COLOUR($,#1742);
#1744=FILL_AREA_STYLE($,(#1743));
#1745=SURFACE_STYLE_FILL_AREA(#1744);
#1746=SURFACE_SIDE_STYLE('',(#1745));
#1747=SURFACE_STYLE_USAGE(.BOTH.,#1746);
#1748=PRESENTATION_STYLE_ASSIGNMENT((#1747));
#1749=STYLED_ITEM('',(#1748),#1741);
#1750=ADVANCED_FACE('',(#3993),#3995,.F.);
#1751=COLOUR_RGB($,0.341176470588235,0.615686274509804,0.427450980392157);
#1752=FILL_AREA_STYLE_COLOUR($,#1751);
#1753=FILL_AREA_STYLE($,(#1752));
#1754=SURFACE_STYLE_FILL_AREA(#1753);
#1755=SURFACE_SIDE_STYLE('',(#1754));
#1756=SURFACE_STYLE_USAGE(.BOTH.,#1755);
#1757=PRESENTATION_STYLE_ASSIGNMENT((#1756));
#1758=STYLED_ITEM('',(#1757),#1750);
#1759=ADVANCED_FACE('',(#4000),#4002,.F.);
#1760=COLOUR_RGB($,0.341176470588235,0.615686274509804,0.427450980392157);
#1761=FILL_AREA_STYLE_COLOUR($,#1760);
#1762=FILL_AREA_STYLE($,(#1761));
#1763=SURFACE_STYLE_FILL_AREA(#1762);
#1764=SURFACE_SIDE_STYLE('',(#1763));
#1765=SURFACE_STYLE_USAGE(.BOTH.,#1764);
#1766=PRESENTATION_STYLE_ASSIGNMENT((#1765));
#1767=STYLED_ITEM('',(#1766),#1759);
#1768=ADVANCED_FACE('',(#4007),#4009,.F.);
#1769=COLOUR_RGB($,0.341176470588235,0.615686274509804,0.427450980392157);
#1770=FILL_AREA_STYLE_COLOUR($,#1769);
#1771=FILL_AREA_STYLE($,(#1770));
#1772=SURFACE_STYLE_FILL_AREA(#1771);
#1773=SURFACE_SIDE_STYLE('',(#1772));
#1774=SURFACE_STYLE_USAGE(.BOTH.,#1773);
#1775=PRESENTATION_STYLE_ASSIGNMENT((#1774));
#1776=STYLED_ITEM('',(#1775),#1768);
#1777=ADVANCED_FACE('',(#4014),#4016,.F.);
#1778=COLOUR_RGB($,0.341176470588235,0.615686274509804,0.427450980392157);
#1779=FILL_AREA_STYLE_COLOUR($,#1778);
#1780=FILL_AREA_STYLE($,(#1779));
#1781=SURFACE_STYLE_FILL_AREA(#1780);
#1782=SURFACE_SIDE_STYLE('',(#1781));
#1783=SURFACE_STYLE_USAGE(.BOTH.,#1782);
#1784=PRESENTATION_STYLE_ASSIGNMENT((#1783));
#1785=STYLED_ITEM('',(#1784),#1777);
#1786=ADVANCED_FACE('',(#4021),#4023,.F.);
#1787=COLOUR_RGB($,0.341176470588235,0.615686274509804,0.427450980392157);
#1788=FILL_AREA_STYLE_COLOUR($,#1787);
#1789=FILL_AREA_STYLE($,(#1788));
#1790=SURFACE_STYLE_FILL_AREA(#1789);
#1791=SURFACE_SIDE_STYLE('',(#1790));
#1792=SURFACE_STYLE_USAGE(.BOTH.,#1791);
#1793=PRESENTATION_STYLE_ASSIGNMENT((#1792));
#1794=STYLED_ITEM('',(#1793),#1786);
#1795=ADVANCED_FACE('',(#4028),#4030,.F.);
#1796=COLOUR_RGB($,0.341176470588235,0.615686274509804,0.427450980392157);
#1797=FILL_AREA_STYLE_COLOUR($,#1796);
#1798=FILL_AREA_STYLE($,(#1797));
#1799=SURFACE_STYLE_FILL_AREA(#1798);
#1800=SURFACE_SIDE_STYLE('',(#1799));
#1801=SURFACE_STYLE_USAGE(.BOTH.,#1800);
#1802=PRESENTATION_STYLE_ASSIGNMENT((#1801));
#1803=STYLED_ITEM('',(#1802),#1795);
#1804=ADVANCED_FACE('',(#4035),#4037,.F.);
#1805=COLOUR_RGB($,0.341176470588235,0.615686274509804,0.427450980392157);
#1806=FILL_AREA_STYLE_COLOUR($,#1805);
#1807=FILL_AREA_STYLE($,(#1806));
#1808=SURFACE_STYLE_FILL_AREA(#1807);
#1809=SURFACE_SIDE_STYLE('',(#1808));
#1810=SURFACE_STYLE_USAGE(.BOTH.,#1809);
#1811=PRESENTATION_STYLE_ASSIGNMENT((#1810));
#1812=STYLED_ITEM('',(#1811),#1804);
#1813=ADVANCED_FACE('',(#4042),#4044,.F.);
#1814=COLOUR_RGB($,0.341176470588235,0.615686274509804,0.427450980392157);
#1815=FILL_AREA_STYLE_COLOUR($,#1814);
#1816=FILL_AREA_STYLE($,(#1815));
#1817=SURFACE_STYLE_FILL_AREA(#1816);
#1818=SURFACE_SIDE_STYLE('',(#1817));
#1819=SURFACE_STYLE_USAGE(.BOTH.,#1818);
#1820=PRESENTATION_STYLE_ASSIGNMENT((#1819));
#1821=STYLED_ITEM('',(#1820),#1813);
#1822=ADVANCED_FACE('',(#4049),#4051,.F.);
#1823=COLOUR_RGB($,0.341176470588235,0.615686274509804,0.427450980392157);
#1824=FILL_AREA_STYLE_COLOUR($,#1823);
#1825=FILL_AREA_STYLE($,(#1824));
#1826=SURFACE_STYLE_FILL_AREA(#1825);
#1827=SURFACE_SIDE_STYLE('',(#1826));
#1828=SURFACE_STYLE_USAGE(.BOTH.,#1827);
#1829=PRESENTATION_STYLE_ASSIGNMENT((#1828));
#1830=STYLED_ITEM('',(#1829),#1822);
#1831=ADVANCED_FACE('',(#4056,#4058),#4060,.F.);
#1832=COLOUR_RGB($,0.341176470588235,0.615686274509804,0.427450980392157);
#1833=FILL_AREA_STYLE_COLOUR($,#1832);
#1834=FILL_AREA_STYLE($,(#1833));
#1835=SURFACE_STYLE_FILL_AREA(#1834);
#1836=SURFACE_SIDE_STYLE('',(#1835));
#1837=SURFACE_STYLE_USAGE(.BOTH.,#1836);
#1838=PRESENTATION_STYLE_ASSIGNMENT((#1837));
#1839=STYLED_ITEM('',(#1838),#1831);
#1840=ADVANCED_FACE('',(#4065),#4067,.F.);
#1841=COLOUR_RGB($,0.341176470588235,0.615686274509804,0.427450980392157);
#1842=FILL_AREA_STYLE_COLOUR($,#1841);
#1843=FILL_AREA_STYLE($,(#1842));
#1844=SURFACE_STYLE_FILL_AREA(#1843);
#1845=SURFACE_SIDE_STYLE('',(#1844));
#1846=SURFACE_STYLE_USAGE(.BOTH.,#1845);
#1847=PRESENTATION_STYLE_ASSIGNMENT((#1846));
#1848=STYLED_ITEM('',(#1847),#1840);
#1849=ADVANCED_FACE('',(#4072),#4074,.F.);
#1850=COLOUR_RGB($,0.341176470588235,0.615686274509804,0.427450980392157);
#1851=FILL_AREA_STYLE_COLOUR($,#1850);
#1852=FILL_AREA_STYLE($,(#1851));
#1853=SURFACE_STYLE_FILL_AREA(#1852);
#1854=SURFACE_SIDE_STYLE('',(#1853));
#1855=SURFACE_STYLE_USAGE(.BOTH.,#1854);
#1856=PRESENTATION_STYLE_ASSIGNMENT((#1855));
#1857=STYLED_ITEM('',(#1856),#1849);
#1858=ADVANCED_FACE('',(#4079),#4081,.F.);
#1859=COLOUR_RGB($,0.341176470588235,0.615686274509804,0.427450980392157);
#1860=FILL_AREA_STYLE_COLOUR($,#1859);
#1861=FILL_AREA_STYLE($,(#1860));
#1862=SURFACE_STYLE_FILL_AREA(#1861);
#1863=SURFACE_SIDE_STYLE('',(#1862));
#1864=SURFACE_STYLE_USAGE(.BOTH.,#1863);
#1865=PRESENTATION_STYLE_ASSIGNMENT((#1864));
#1866=STYLED_ITEM('',(#1865),#1858);
#1867=ADVANCED_FACE('',(#4086),#4088,.F.);
#1868=COLOUR_RGB($,0.341176470588235,0.615686274509804,0.427450980392157);
#1869=FILL_AREA_STYLE_COLOUR($,#1868);
#1870=FILL_AREA_STYLE($,(#1869));
#1871=SURFACE_STYLE_FILL_AREA(#1870);
#1872=SURFACE_SIDE_STYLE('',(#1871));
#1873=SURFACE_STYLE_USAGE(.BOTH.,#1872);
#1874=PRESENTATION_STYLE_ASSIGNMENT((#1873));
#1875=STYLED_ITEM('',(#1874),#1867);
#1876=ADVANCED_FACE('',(#4093),#4095,.F.);
#1877=COLOUR_RGB($,0.341176470588235,0.615686274509804,0.427450980392157);
#1878=FILL_AREA_STYLE_COLOUR($,#1877);
#1879=FILL_AREA_STYLE($,(#1878));
#1880=SURFACE_STYLE_FILL_AREA(#1879);
#1881=SURFACE_SIDE_STYLE('',(#1880));
#1882=SURFACE_STYLE_USAGE(.BOTH.,#1881);
#1883=PRESENTATION_STYLE_ASSIGNMENT((#1882));
#1884=STYLED_ITEM('',(#1883),#1876);
#1885=ADVANCED_FACE('',(#4100),#4102,.F.);
#1886=COLOUR_RGB($,0.341176470588235,0.615686274509804,0.427450980392157);
#1887=FILL_AREA_STYLE_COLOUR($,#1886);
#1888=FILL_AREA_STYLE($,(#1887));
#1889=SURFACE_STYLE_FILL_AREA(#1888);
#1890=SURFACE_SIDE_STYLE('',(#1889));
#1891=SURFACE_STYLE_USAGE(.BOTH.,#1890);
#1892=PRESENTATION_STYLE_ASSIGNMENT((#1891));
#1893=STYLED_ITEM('',(#1892),#1885);
#1894=ADVANCED_FACE('',(#4107),#4109,.F.);
#1895=COLOUR_RGB($,0.341176470588235,0.615686274509804,0.427450980392157);
#1896=FILL_AREA_STYLE_COLOUR($,#1895);
#1897=FILL_AREA_STYLE($,(#1896));
#1898=SURFACE_STYLE_FILL_AREA(#1897);
#1899=SURFACE_SIDE_STYLE('',(#1898));
#1900=SURFACE_STYLE_USAGE(.BOTH.,#1899);
#1901=PRESENTATION_STYLE_ASSIGNMENT((#1900));
#1902=STYLED_ITEM('',(#1901),#1894);
#1903=ADVANCED_FACE('',(#4114),#4116,.F.);
#1904=COLOUR_RGB($,0.341176470588235,0.615686274509804,0.427450980392157);
#1905=FILL_AREA_STYLE_COLOUR($,#1904);
#1906=FILL_AREA_STYLE($,(#1905));
#1907=SURFACE_STYLE_FILL_AREA(#1906);
#1908=SURFACE_SIDE_STYLE('',(#1907));
#1909=SURFACE_STYLE_USAGE(.BOTH.,#1908);
#1910=PRESENTATION_STYLE_ASSIGNMENT((#1909));
#1911=STYLED_ITEM('',(#1910),#1903);
#1912=ADVANCED_FACE('',(#4121),#4123,.F.);
#1913=COLOUR_RGB($,0.341176470588235,0.615686274509804,0.427450980392157);
#1914=FILL_AREA_STYLE_COLOUR($,#1913);
#1915=FILL_AREA_STYLE($,(#1914));
#1916=SURFACE_STYLE_FILL_AREA(#1915);
#1917=SURFACE_SIDE_STYLE('',(#1916));
#1918=SURFACE_STYLE_USAGE(.BOTH.,#1917);
#1919=PRESENTATION_STYLE_ASSIGNMENT((#1918));
#1920=STYLED_ITEM('',(#1919),#1912);
#1921=ADVANCED_FACE('',(#4128),#4130,.F.);
#1922=COLOUR_RGB($,0.341176470588235,0.615686274509804,0.427450980392157);
#1923=FILL_AREA_STYLE_COLOUR($,#1922);
#1924=FILL_AREA_STYLE($,(#1923));
#1925=SURFACE_STYLE_FILL_AREA(#1924);
#1926=SURFACE_SIDE_STYLE('',(#1925));
#1927=SURFACE_STYLE_USAGE(.BOTH.,#1926);
#1928=PRESENTATION_STYLE_ASSIGNMENT((#1927));
#1929=STYLED_ITEM('',(#1928),#1921);
#1930=ADVANCED_FACE('',(#4135),#4137,.F.);
#1931=COLOUR_RGB($,0.341176470588235,0.615686274509804,0.427450980392157);
#1932=FILL_AREA_STYLE_COLOUR($,#1931);
#1933=FILL_AREA_STYLE($,(#1932));
#1934=SURFACE_STYLE_FILL_AREA(#1933);
#1935=SURFACE_SIDE_STYLE('',(#1934));
#1936=SURFACE_STYLE_USAGE(.BOTH.,#1935);
#1937=PRESENTATION_STYLE_ASSIGNMENT((#1936));
#1938=STYLED_ITEM('',(#1937),#1930);
#1939=ADVANCED_FACE('',(#4142,#4144),#4146,.F.);
#1940=COLOUR_RGB($,0.341176470588235,0.615686274509804,0.427450980392157);
#1941=FILL_AREA_STYLE_COLOUR($,#1940);
#1942=FILL_AREA_STYLE($,(#1941));
#1943=SURFACE_STYLE_FILL_AREA(#1942);
#1944=SURFACE_SIDE_STYLE('',(#1943));
#1945=SURFACE_STYLE_USAGE(.BOTH.,#1944);
#1946=PRESENTATION_STYLE_ASSIGNMENT((#1945));
#1947=STYLED_ITEM('',(#1946),#1939);
#1948=ADVANCED_FACE('',(#4151),#4153,.F.);
#1949=COLOUR_RGB($,0.341176470588235,0.615686274509804,0.427450980392157);
#1950=FILL_AREA_STYLE_COLOUR($,#1949);
#1951=FILL_AREA_STYLE($,(#1950));
#1952=SURFACE_STYLE_FILL_AREA(#1951);
#1953=SURFACE_SIDE_STYLE('',(#1952));
#1954=SURFACE_STYLE_USAGE(.BOTH.,#1953);
#1955=PRESENTATION_STYLE_ASSIGNMENT((#1954));
#1956=STYLED_ITEM('',(#1955),#1948);
#1957=ADVANCED_FACE('',(#4158),#4160,.F.);
#1958=COLOUR_RGB($,0.341176470588235,0.615686274509804,0.427450980392157);
#1959=FILL_AREA_STYLE_COLOUR($,#1958);
#1960=FILL_AREA_STYLE($,(#1959));
#1961=SURFACE_STYLE_FILL_AREA(#1960);
#1962=SURFACE_SIDE_STYLE('',(#1961));
#1963=SURFACE_STYLE_USAGE(.BOTH.,#1962);
#1964=PRESENTATION_STYLE_ASSIGNMENT((#1963));
#1965=STYLED_ITEM('',(#1964),#1957);
#1966=ADVANCED_FACE('',(#4165),#4167,.F.);
#1967=COLOUR_RGB($,0.341176470588235,0.615686274509804,0.427450980392157);
#1968=FILL_AREA_STYLE_COLOUR($,#1967);
#1969=FILL_AREA_STYLE($,(#1968));
#1970=SURFACE_STYLE_FILL_AREA(#1969);
#1971=SURFACE_SIDE_STYLE('',(#1970));
#1972=SURFACE_STYLE_USAGE(.BOTH.,#1971);
#1973=PRESENTATION_STYLE_ASSIGNMENT((#1972));
#1974=STYLED_ITEM('',(#1973),#1966);
#1975=ADVANCED_FACE('',(#4172),#4174,.F.);
#1976=COLOUR_RGB($,0.341176470588235,0.615686274509804,0.427450980392157);
#1977=FILL_AREA_STYLE_COLOUR($,#1976);
#1978=FILL_AREA_STYLE($,(#1977));
#1979=SURFACE_STYLE_FILL_AREA(#1978);
#1980=SURFACE_SIDE_STYLE('',(#1979));
#1981=SURFACE_STYLE_USAGE(.BOTH.,#1980);
#1982=PRESENTATION_STYLE_ASSIGNMENT((#1981));
#1983=STYLED_ITEM('',(#1982),#1975);
#1984=ADVANCED_FACE('',(#4179),#4181,.F.);
#1985=COLOUR_RGB($,0.341176470588235,0.615686274509804,0.427450980392157);
#1986=FILL_AREA_STYLE_COLOUR($,#1985);
#1987=FILL_AREA_STYLE($,(#1986));
#1988=SURFACE_STYLE_FILL_AREA(#1987);
#1989=SURFACE_SIDE_STYLE('',(#1988));
#1990=SURFACE_STYLE_USAGE(.BOTH.,#1989);
#1991=PRESENTATION_STYLE_ASSIGNMENT((#1990));
#1992=STYLED_ITEM('',(#1991),#1984);
#1993=ADVANCED_FACE('',(#4186),#4188,.F.);
#1994=COLOUR_RGB($,0.341176470588235,0.615686274509804,0.427450980392157);
#1995=FILL_AREA_STYLE_COLOUR($,#1994);
#1996=FILL_AREA_STYLE($,(#1995));
#1997=SURFACE_STYLE_FILL_AREA(#1996);
#1998=SURFACE_SIDE_STYLE('',(#1997));
#1999=SURFACE_STYLE_USAGE(.BOTH.,#1998);
#2000=PRESENTATION_STYLE_ASSIGNMENT((#1999));
#2001=STYLED_ITEM('',(#2000),#1993);
#2002=ADVANCED_FACE('',(#4193),#4195,.F.);
#2003=COLOUR_RGB($,0.341176470588235,0.615686274509804,0.427450980392157);
#2004=FILL_AREA_STYLE_COLOUR($,#2003);
#2005=FILL_AREA_STYLE($,(#2004));
#2006=SURFACE_STYLE_FILL_AREA(#2005);
#2007=SURFACE_SIDE_STYLE('',(#2006));
#2008=SURFACE_STYLE_USAGE(.BOTH.,#2007);
#2009=PRESENTATION_STYLE_ASSIGNMENT((#2008));
#2010=STYLED_ITEM('',(#2009),#2002);
#2011=ADVANCED_FACE('',(#4200),#4202,.F.);
#2012=COLOUR_RGB($,0.341176470588235,0.615686274509804,0.427450980392157);
#2013=FILL_AREA_STYLE_COLOUR($,#2012);
#2014=FILL_AREA_STYLE($,(#2013));
#2015=SURFACE_STYLE_FILL_AREA(#2014);
#2016=SURFACE_SIDE_STYLE('',(#2015));
#2017=SURFACE_STYLE_USAGE(.BOTH.,#2016);
#2018=PRESENTATION_STYLE_ASSIGNMENT((#2017));
#2019=STYLED_ITEM('',(#2018),#2011);
#2020=ADVANCED_FACE('',(#4207),#4209,.F.);
#2021=COLOUR_RGB($,0.341176470588235,0.615686274509804,0.427450980392157);
#2022=FILL_AREA_STYLE_COLOUR($,#2021);
#2023=FILL_AREA_STYLE($,(#2022));
#2024=SURFACE_STYLE_FILL_AREA(#2023);
#2025=SURFACE_SIDE_STYLE('',(#2024));
#2026=SURFACE_STYLE_USAGE(.BOTH.,#2025);
#2027=PRESENTATION_STYLE_ASSIGNMENT((#2026));
#2028=STYLED_ITEM('',(#2027),#2020);
#2029=ADVANCED_FACE('',(#4214),#4216,.F.);
#2030=COLOUR_RGB($,0.341176470588235,0.615686274509804,0.427450980392157);
#2031=FILL_AREA_STYLE_COLOUR($,#2030);
#2032=FILL_AREA_STYLE($,(#2031));
#2033=SURFACE_STYLE_FILL_AREA(#2032);
#2034=SURFACE_SIDE_STYLE('',(#2033));
#2035=SURFACE_STYLE_USAGE(.BOTH.,#2034);
#2036=PRESENTATION_STYLE_ASSIGNMENT((#2035));
#2037=STYLED_ITEM('',(#2036),#2029);
#2038=ADVANCED_FACE('',(#4221),#4223,.F.);
#2039=COLOUR_RGB($,0.341176470588235,0.615686274509804,0.427450980392157);
#2040=FILL_AREA_STYLE_COLOUR($,#2039);
#2041=FILL_AREA_STYLE($,(#2040));
#2042=SURFACE_STYLE_FILL_AREA(#2041);
#2043=SURFACE_SIDE_STYLE('',(#2042));
#2044=SURFACE_STYLE_USAGE(.BOTH.,#2043);
#2045=PRESENTATION_STYLE_ASSIGNMENT((#2044));
#2046=STYLED_ITEM('',(#2045),#2038);
#2047=ADVANCED_FACE('',(#4228),#4230,.F.);
#2048=COLOUR_RGB($,0.341176470588235,0.615686274509804,0.427450980392157);
#2049=FILL_AREA_STYLE_COLOUR($,#2048);
#2050=FILL_AREA_STYLE($,(#2049));
#2051=SURFACE_STYLE_FILL_AREA(#2050);
#2052=SURFACE_SIDE_STYLE('',(#2051));
#2053=SURFACE_STYLE_USAGE(.BOTH.,#2052);
#2054=PRESENTATION_STYLE_ASSIGNMENT((#2053));
#2055=STYLED_ITEM('',(#2054),#2047);
#2056=ADVANCED_FACE('',(#4235,#4237),#4239,.F.);
#2057=COLOUR_RGB($,0.341176470588235,0.615686274509804,0.427450980392157);
#2058=FILL_AREA_STYLE_COLOUR($,#2057);
#2059=FILL_AREA_STYLE($,(#2058));
#2060=SURFACE_STYLE_FILL_AREA(#2059);
#2061=SURFACE_SIDE_STYLE('',(#2060));
#2062=SURFACE_STYLE_USAGE(.BOTH.,#2061);
#2063=PRESENTATION_STYLE_ASSIGNMENT((#2062));
#2064=STYLED_ITEM('',(#2063),#2056);
#2065=ADVANCED_FACE('',(#4244),#4246,.F.);
#2066=COLOUR_RGB($,0.341176470588235,0.615686274509804,0.427450980392157);
#2067=FILL_AREA_STYLE_COLOUR($,#2066);
#2068=FILL_AREA_STYLE($,(#2067));
#2069=SURFACE_STYLE_FILL_AREA(#2068);
#2070=SURFACE_SIDE_STYLE('',(#2069));
#2071=SURFACE_STYLE_USAGE(.BOTH.,#2070);
#2072=PRESENTATION_STYLE_ASSIGNMENT((#2071));
#2073=STYLED_ITEM('',(#2072),#2065);
#2074=ADVANCED_FACE('',(#4251),#4253,.F.);
#2075=COLOUR_RGB($,0.341176470588235,0.615686274509804,0.427450980392157);
#2076=FILL_AREA_STYLE_COLOUR($,#2075);
#2077=FILL_AREA_STYLE($,(#2076));
#2078=SURFACE_STYLE_FILL_AREA(#2077);
#2079=SURFACE_SIDE_STYLE('',(#2078));
#2080=SURFACE_STYLE_USAGE(.BOTH.,#2079);
#2081=PRESENTATION_STYLE_ASSIGNMENT((#2080));
#2082=STYLED_ITEM('',(#2081),#2074);
#2083=ADVANCED_FACE('',(#4258),#4260,.F.);
#2084=COLOUR_RGB($,0.341176470588235,0.615686274509804,0.427450980392157);
#2085=FILL_AREA_STYLE_COLOUR($,#2084);
#2086=FILL_AREA_STYLE($,(#2085));
#2087=SURFACE_STYLE_FILL_AREA(#2086);
#2088=SURFACE_SIDE_STYLE('',(#2087));
#2089=SURFACE_STYLE_USAGE(.BOTH.,#2088);
#2090=PRESENTATION_STYLE_ASSIGNMENT((#2089));
#2091=STYLED_ITEM('',(#2090),#2083);
#2092=ADVANCED_FACE('',(#4265),#4267,.F.);
#2093=COLOUR_RGB($,0.341176470588235,0.615686274509804,0.427450980392157);
#2094=FILL_AREA_STYLE_COLOUR($,#2093);
#2095=FILL_AREA_STYLE($,(#2094));
#2096=SURFACE_STYLE_FILL_AREA(#2095);
#2097=SURFACE_SIDE_STYLE('',(#2096));
#2098=SURFACE_STYLE_USAGE(.BOTH.,#2097);
#2099=PRESENTATION_STYLE_ASSIGNMENT((#2098));
#2100=STYLED_ITEM('',(#2099),#2092);
#2101=ADVANCED_FACE('',(#4272),#4274,.F.);
#2102=COLOUR_RGB($,0.341176470588235,0.615686274509804,0.427450980392157);
#2103=FILL_AREA_STYLE_COLOUR($,#2102);
#2104=FILL_AREA_STYLE($,(#2103));
#2105=SURFACE_STYLE_FILL_AREA(#2104);
#2106=SURFACE_SIDE_STYLE('',(#2105));
#2107=SURFACE_STYLE_USAGE(.BOTH.,#2106);
#2108=PRESENTATION_STYLE_ASSIGNMENT((#2107));
#2109=STYLED_ITEM('',(#2108),#2101);
#2110=ADVANCED_FACE('',(#4279),#4281,.F.);
#2111=COLOUR_RGB($,0.341176470588235,0.615686274509804,0.427450980392157);
#2112=FILL_AREA_STYLE_COLOUR($,#2111);
#2113=FILL_AREA_STYLE($,(#2112));
#2114=SURFACE_STYLE_FILL_AREA(#2113);
#2115=SURFACE_SIDE_STYLE('',(#2114));
#2116=SURFACE_STYLE_USAGE(.BOTH.,#2115);
#2117=PRESENTATION_STYLE_ASSIGNMENT((#2116));
#2118=STYLED_ITEM('',(#2117),#2110);
#2119=ADVANCED_FACE('',(#4286),#4288,.F.);
#2120=COLOUR_RGB($,0.341176470588235,0.615686274509804,0.427450980392157);
#2121=FILL_AREA_STYLE_COLOUR($,#2120);
#2122=FILL_AREA_STYLE($,(#2121));
#2123=SURFACE_STYLE_FILL_AREA(#2122);
#2124=SURFACE_SIDE_STYLE('',(#2123));
#2125=SURFACE_STYLE_USAGE(.BOTH.,#2124);
#2126=PRESENTATION_STYLE_ASSIGNMENT((#2125));
#2127=STYLED_ITEM('',(#2126),#2119);
#2128=ADVANCED_FACE('',(#4293),#4295,.F.);
#2129=COLOUR_RGB($,0.341176470588235,0.615686274509804,0.427450980392157);
#2130=FILL_AREA_STYLE_COLOUR($,#2129);
#2131=FILL_AREA_STYLE($,(#2130));
#2132=SURFACE_STYLE_FILL_AREA(#2131);
#2133=SURFACE_SIDE_STYLE('',(#2132));
#2134=SURFACE_STYLE_USAGE(.BOTH.,#2133);
#2135=PRESENTATION_STYLE_ASSIGNMENT((#2134));
#2136=STYLED_ITEM('',(#2135),#2128);
#2137=ADVANCED_FACE('',(#4300),#4302,.F.);
#2138=COLOUR_RGB($,0.341176470588235,0.615686274509804,0.427450980392157);
#2139=FILL_AREA_STYLE_COLOUR($,#2138);
#2140=FILL_AREA_STYLE($,(#2139));
#2141=SURFACE_STYLE_FILL_AREA(#2140);
#2142=SURFACE_SIDE_STYLE('',(#2141));
#2143=SURFACE_STYLE_USAGE(.BOTH.,#2142);
#2144=PRESENTATION_STYLE_ASSIGNMENT((#2143));
#2145=STYLED_ITEM('',(#2144),#2137);
#2146=ADVANCED_FACE('',(#4307),#4309,.F.);
#2147=COLOUR_RGB($,0.341176470588235,0.615686274509804,0.427450980392157);
#2148=FILL_AREA_STYLE_COLOUR($,#2147);
#2149=FILL_AREA_STYLE($,(#2148));
#2150=SURFACE_STYLE_FILL_AREA(#2149);
#2151=SURFACE_SIDE_STYLE('',(#2150));
#2152=SURFACE_STYLE_USAGE(.BOTH.,#2151);
#2153=PRESENTATION_STYLE_ASSIGNMENT((#2152));
#2154=STYLED_ITEM('',(#2153),#2146);
#2155=ADVANCED_FACE('',(#4314),#4316,.F.);
#2156=COLOUR_RGB($,0.341176470588235,0.615686274509804,0.427450980392157);
#2157=FILL_AREA_STYLE_COLOUR($,#2156);
#2158=FILL_AREA_STYLE($,(#2157));
#2159=SURFACE_STYLE_FILL_AREA(#2158);
#2160=SURFACE_SIDE_STYLE('',(#2159));
#2161=SURFACE_STYLE_USAGE(.BOTH.,#2160);
#2162=PRESENTATION_STYLE_ASSIGNMENT((#2161));
#2163=STYLED_ITEM('',(#2162),#2155);
#2164=ADVANCED_FACE('',(#4321),#4323,.F.);
#2165=COLOUR_RGB($,0.341176470588235,0.615686274509804,0.427450980392157);
#2166=FILL_AREA_STYLE_COLOUR($,#2165);
#2167=FILL_AREA_STYLE($,(#2166));
#2168=SURFACE_STYLE_FILL_AREA(#2167);
#2169=SURFACE_SIDE_STYLE('',(#2168));
#2170=SURFACE_STYLE_USAGE(.BOTH.,#2169);
#2171=PRESENTATION_STYLE_ASSIGNMENT((#2170));
#2172=STYLED_ITEM('',(#2171),#2164);
#2173=ADVANCED_FACE('',(#4328,#4330),#4332,.F.);
#2174=COLOUR_RGB($,0.341176470588235,0.615686274509804,0.427450980392157);
#2175=FILL_AREA_STYLE_COLOUR($,#2174);
#2176=FILL_AREA_STYLE($,(#2175));
#2177=SURFACE_STYLE_FILL_AREA(#2176);
#2178=SURFACE_SIDE_STYLE('',(#2177));
#2179=SURFACE_STYLE_USAGE(.BOTH.,#2178);
#2180=PRESENTATION_STYLE_ASSIGNMENT((#2179));
#2181=STYLED_ITEM('',(#2180),#2173);
#2182=ADVANCED_FACE('',(#4337),#4339,.F.);
#2183=COLOUR_RGB($,0.341176470588235,0.615686274509804,0.427450980392157);
#2184=FILL_AREA_STYLE_COLOUR($,#2183);
#2185=FILL_AREA_STYLE($,(#2184));
#2186=SURFACE_STYLE_FILL_AREA(#2185);
#2187=SURFACE_SIDE_STYLE('',(#2186));
#2188=SURFACE_STYLE_USAGE(.BOTH.,#2187);
#2189=PRESENTATION_STYLE_ASSIGNMENT((#2188));
#2190=STYLED_ITEM('',(#2189),#2182);
#2191=ADVANCED_FACE('',(#4344),#4346,.F.);
#2192=COLOUR_RGB($,0.341176470588235,0.615686274509804,0.427450980392157);
#2193=FILL_AREA_STYLE_COLOUR($,#2192);
#2194=FILL_AREA_STYLE($,(#2193));
#2195=SURFACE_STYLE_FILL_AREA(#2194);
#2196=SURFACE_SIDE_STYLE('',(#2195));
#2197=SURFACE_STYLE_USAGE(.BOTH.,#2196);
#2198=PRESENTATION_STYLE_ASSIGNMENT((#2197));
#2199=STYLED_ITEM('',(#2198),#2191);
#2200=ADVANCED_FACE('',(#4351),#4353,.F.);
#2201=COLOUR_RGB($,0.341176470588235,0.615686274509804,0.427450980392157);
#2202=FILL_AREA_STYLE_COLOUR($,#2201);
#2203=FILL_AREA_STYLE($,(#2202));
#2204=SURFACE_STYLE_FILL_AREA(#2203);
#2205=SURFACE_SIDE_STYLE('',(#2204));
#2206=SURFACE_STYLE_USAGE(.BOTH.,#2205);
#2207=PRESENTATION_STYLE_ASSIGNMENT((#2206));
#2208=STYLED_ITEM('',(#2207),#2200);
#2209=ADVANCED_FACE('',(#4358),#4360,.F.);
#2210=COLOUR_RGB($,0.341176470588235,0.615686274509804,0.427450980392157);
#2211=FILL_AREA_STYLE_COLOUR($,#2210);
#2212=FILL_AREA_STYLE($,(#2211));
#2213=SURFACE_STYLE_FILL_AREA(#2212);
#2214=SURFACE_SIDE_STYLE('',(#2213));
#2215=SURFACE_STYLE_USAGE(.BOTH.,#2214);
#2216=PRESENTATION_STYLE_ASSIGNMENT((#2215));
#2217=STYLED_ITEM('',(#2216),#2209);
#2218=ADVANCED_FACE('',(#4365),#4367,.F.);
#2219=COLOUR_RGB($,0.341176470588235,0.615686274509804,0.427450980392157);
#2220=FILL_AREA_STYLE_COLOUR($,#2219);
#2221=FILL_AREA_STYLE($,(#2220));
#2222=SURFACE_STYLE_FILL_AREA(#2221);
#2223=SURFACE_SIDE_STYLE('',(#2222));
#2224=SURFACE_STYLE_USAGE(.BOTH.,#2223);
#2225=PRESENTATION_STYLE_ASSIGNMENT((#2224));
#2226=STYLED_ITEM('',(#2225),#2218);
#2227=ADVANCED_FACE('',(#4372),#4374,.F.);
#2228=COLOUR_RGB($,0.341176470588235,0.615686274509804,0.427450980392157);
#2229=FILL_AREA_STYLE_COLOUR($,#2228);
#2230=FILL_AREA_STYLE($,(#2229));
#2231=SURFACE_STYLE_FILL_AREA(#2230);
#2232=SURFACE_SIDE_STYLE('',(#2231));
#2233=SURFACE_STYLE_USAGE(.BOTH.,#2232);
#2234=PRESENTATION_STYLE_ASSIGNMENT((#2233));
#2235=STYLED_ITEM('',(#2234),#2227);
#2236=ADVANCED_FACE('',(#4379),#4381,.F.);
#2237=COLOUR_RGB($,0.341176470588235,0.615686274509804,0.427450980392157);
#2238=FILL_AREA_STYLE_COLOUR($,#2237);
#2239=FILL_AREA_STYLE($,(#2238));
#2240=SURFACE_STYLE_FILL_AREA(#2239);
#2241=SURFACE_SIDE_STYLE('',(#2240));
#2242=SURFACE_STYLE_USAGE(.BOTH.,#2241);
#2243=PRESENTATION_STYLE_ASSIGNMENT((#2242));
#2244=STYLED_ITEM('',(#2243),#2236);
#2245=ADVANCED_FACE('',(#4386),#4388,.F.);
#2246=COLOUR_RGB($,0.341176470588235,0.615686274509804,0.427450980392157);
#2247=FILL_AREA_STYLE_COLOUR($,#2246);
#2248=FILL_AREA_STYLE($,(#2247));
#2249=SURFACE_STYLE_FILL_AREA(#2248);
#2250=SURFACE_SIDE_STYLE('',(#2249));
#2251=SURFACE_STYLE_USAGE(.BOTH.,#2250);
#2252=PRESENTATION_STYLE_ASSIGNMENT((#2251));
#2253=STYLED_ITEM('',(#2252),#2245);
#2254=ADVANCED_FACE('',(#4393),#4395,.F.);
#2255=COLOUR_RGB($,0.341176470588235,0.615686274509804,0.427450980392157);
#2256=FILL_AREA_STYLE_COLOUR($,#2255);
#2257=FILL_AREA_STYLE($,(#2256));
#2258=SURFACE_STYLE_FILL_AREA(#2257);
#2259=SURFACE_SIDE_STYLE('',(#2258));
#2260=SURFACE_STYLE_USAGE(.BOTH.,#2259);
#2261=PRESENTATION_STYLE_ASSIGNMENT((#2260));
#2262=STYLED_ITEM('',(#2261),#2254);
#2263=ADVANCED_FACE('',(#4400),#4402,.F.);
#2264=COLOUR_RGB($,0.341176470588235,0.615686274509804,0.427450980392157);
#2265=FILL_AREA_STYLE_COLOUR($,#2264);
#2266=FILL_AREA_STYLE($,(#2265));
#2267=SURFACE_STYLE_FILL_AREA(#2266);
#2268=SURFACE_SIDE_STYLE('',(#2267));
#2269=SURFACE_STYLE_USAGE(.BOTH.,#2268);
#2270=PRESENTATION_STYLE_ASSIGNMENT((#2269));
#2271=STYLED_ITEM('',(#2270),#2263);
#2272=ADVANCED_FACE('',(#4407),#4409,.F.);
#2273=COLOUR_RGB($,0.341176470588235,0.615686274509804,0.427450980392157);
#2274=FILL_AREA_STYLE_COLOUR($,#2273);
#2275=FILL_AREA_STYLE($,(#2274));
#2276=SURFACE_STYLE_FILL_AREA(#2275);
#2277=SURFACE_SIDE_STYLE('',(#2276));
#2278=SURFACE_STYLE_USAGE(.BOTH.,#2277);
#2279=PRESENTATION_STYLE_ASSIGNMENT((#2278));
#2280=STYLED_ITEM('',(#2279),#2272);
#2281=ADVANCED_FACE('',(#4414),#4416,.F.);
#2282=COLOUR_RGB($,0.341176470588235,0.615686274509804,0.427450980392157);
#2283=FILL_AREA_STYLE_COLOUR($,#2282);
#2284=FILL_AREA_STYLE($,(#2283));
#2285=SURFACE_STYLE_FILL_AREA(#2284);
#2286=SURFACE_SIDE_STYLE('',(#2285));
#2287=SURFACE_STYLE_USAGE(.BOTH.,#2286);
#2288=PRESENTATION_STYLE_ASSIGNMENT((#2287));
#2289=STYLED_ITEM('',(#2288),#2281);
#2290=ADVANCED_FACE('',(#4421,#4423),#4425,.F.);
#2291=COLOUR_RGB($,0.341176470588235,0.615686274509804,0.427450980392157);
#2292=FILL_AREA_STYLE_COLOUR($,#2291);
#2293=FILL_AREA_STYLE($,(#2292));
#2294=SURFACE_STYLE_FILL_AREA(#2293);
#2295=SURFACE_SIDE_STYLE('',(#2294));
#2296=SURFACE_STYLE_USAGE(.BOTH.,#2295);
#2297=PRESENTATION_STYLE_ASSIGNMENT((#2296));
#2298=STYLED_ITEM('',(#2297),#2290);
#2299=ADVANCED_FACE('',(#4430,#4432),#4434,.F.);
#2300=COLOUR_RGB($,0.341176470588235,0.615686274509804,0.427450980392157);
#2301=FILL_AREA_STYLE_COLOUR($,#2300);
#2302=FILL_AREA_STYLE($,(#2301));
#2303=SURFACE_STYLE_FILL_AREA(#2302);
#2304=SURFACE_SIDE_STYLE('',(#2303));
#2305=SURFACE_STYLE_USAGE(.BOTH.,#2304);
#2306=PRESENTATION_STYLE_ASSIGNMENT((#2305));
#2307=STYLED_ITEM('',(#2306),#2299);
#2308=ADVANCED_FACE('',(#4439,#4441),#4443,.F.);
#2309=COLOUR_RGB($,0.341176470588235,0.615686274509804,0.427450980392157);
#2310=FILL_AREA_STYLE_COLOUR($,#2309);
#2311=FILL_AREA_STYLE($,(#2310));
#2312=SURFACE_STYLE_FILL_AREA(#2311);
#2313=SURFACE_SIDE_STYLE('',(#2312));
#2314=SURFACE_STYLE_USAGE(.BOTH.,#2313);
#2315=PRESENTATION_STYLE_ASSIGNMENT((#2314));
#2316=STYLED_ITEM('',(#2315),#2308);
#2317=ADVANCED_FACE('',(#4448,#4450),#4452,.F.);
#2318=COLOUR_RGB($,0.341176470588235,0.615686274509804,0.427450980392157);
#2319=FILL_AREA_STYLE_COLOUR($,#2318);
#2320=FILL_AREA_STYLE($,(#2319));
#2321=SURFACE_STYLE_FILL_AREA(#2320);
#2322=SURFACE_SIDE_STYLE('',(#2321));
#2323=SURFACE_STYLE_USAGE(.BOTH.,#2322);
#2324=PRESENTATION_STYLE_ASSIGNMENT((#2323));
#2325=STYLED_ITEM('',(#2324),#2317);
#2326=ADVANCED_FACE('',(#4457,#4459),#4461,.F.);
#2327=COLOUR_RGB($,0.341176470588235,0.615686274509804,0.427450980392157);
#2328=FILL_AREA_STYLE_COLOUR($,#2327);
#2329=FILL_AREA_STYLE($,(#2328));
#2330=SURFACE_STYLE_FILL_AREA(#2329);
#2331=SURFACE_SIDE_STYLE('',(#2330));
#2332=SURFACE_STYLE_USAGE(.BOTH.,#2331);
#2333=PRESENTATION_STYLE_ASSIGNMENT((#2332));
#2334=STYLED_ITEM('',(#2333),#2326);
#2335=ADVANCED_FACE('',(#4466,#4468),#4470,.F.);
#2336=COLOUR_RGB($,0.341176470588235,0.615686274509804,0.427450980392157);
#2337=FILL_AREA_STYLE_COLOUR($,#2336);
#2338=FILL_AREA_STYLE($,(#2337));
#2339=SURFACE_STYLE_FILL_AREA(#2338);
#2340=SURFACE_SIDE_STYLE('',(#2339));
#2341=SURFACE_STYLE_USAGE(.BOTH.,#2340);
#2342=PRESENTATION_STYLE_ASSIGNMENT((#2341));
#2343=STYLED_ITEM('',(#2342),#2335);
#2344=COMPOSITE_CURVE('',(#4475),.F.);
#2345=COLOUR_RGB($,0.392156862745098,0.588235294117647,0.980392156862745);
#2346=PRESENTATION_STYLE_ASSIGNMENT((#2347));
#2347=CURVE_STYLE($,#2348,POSITIVE_LENGTH_MEASURE(0.1),#2345);
#2348=PRE_DEFINED_CURVE_FONT('continuous');
#2349=STYLED_ITEM('',(#2346),#2344);
#2350=COMPOSITE_CURVE('',(#4476),.F.);
#2351=COLOUR_RGB($,0.392156862745098,0.588235294117647,0.980392156862745);
#2352=PRESENTATION_STYLE_ASSIGNMENT((#2353));
#2353=CURVE_STYLE($,#2354,POSITIVE_LENGTH_MEASURE(0.1),#2351);
#2354=PRE_DEFINED_CURVE_FONT('continuous');
#2355=STYLED_ITEM('',(#2352),#2350);
#2356=COMPOSITE_CURVE('',(#4477),.F.);
#2357=COLOUR_RGB($,0.392156862745098,0.588235294117647,0.980392156862745);
#2358=PRESENTATION_STYLE_ASSIGNMENT((#2359));
#2359=CURVE_STYLE($,#2360,POSITIVE_LENGTH_MEASURE(0.1),#2357);
#2360=PRE_DEFINED_CURVE_FONT('continuous');
#2361=STYLED_ITEM('',(#2358),#2356);
#2362=COMPOSITE_CURVE('',(#4478),.F.);
#2363=COLOUR_RGB($,0.392156862745098,0.588235294117647,0.980392156862745);
#2364=PRESENTATION_STYLE_ASSIGNMENT((#2365));
#2365=CURVE_STYLE($,#2366,POSITIVE_LENGTH_MEASURE(0.1),#2363);
#2366=PRE_DEFINED_CURVE_FONT('continuous');
#2367=STYLED_ITEM('',(#2364),#2362);
#2368=COMPOSITE_CURVE('',(#4479),.F.);
#2369=COLOUR_RGB($,0.392156862745098,0.588235294117647,0.980392156862745);
#2370=PRESENTATION_STYLE_ASSIGNMENT((#2371));
#2371=CURVE_STYLE($,#2372,POSITIVE_LENGTH_MEASURE(0.1),#2369);
#2372=PRE_DEFINED_CURVE_FONT('continuous');
#2373=STYLED_ITEM('',(#2370),#2368);
#2374=ADVANCED_FACE('',(#4480),#4482,.F.);
#2375=COLOUR_RGB($,0.827450980392157,0.831372549019608,0.835294117647059);
#2376=FILL_AREA_STYLE_COLOUR($,#2375);
#2377=FILL_AREA_STYLE($,(#2376));
#2378=SURFACE_STYLE_FILL_AREA(#2377);
#2379=SURFACE_SIDE_STYLE('',(#2378));
#2380=SURFACE_STYLE_USAGE(.BOTH.,#2379);
#2381=PRESENTATION_STYLE_ASSIGNMENT((#2380));
#2382=STYLED_ITEM('',(#2381),#2374);
#2383=ADVANCED_FACE('',(#4487),#4489,.F.);
#2384=COLOUR_RGB($,0.827450980392157,0.831372549019608,0.835294117647059);
#2385=FILL_AREA_STYLE_COLOUR($,#2384);
#2386=FILL_AREA_STYLE($,(#2385));
#2387=SURFACE_STYLE_FILL_AREA(#2386);
#2388=SURFACE_SIDE_STYLE('',(#2387));
#2389=SURFACE_STYLE_USAGE(.BOTH.,#2388);
#2390=PRESENTATION_STYLE_ASSIGNMENT((#2389));
#2391=STYLED_ITEM('',(#2390),#2383);
#2392=ADVANCED_FACE('',(#4494),#4496,.F.);
#2393=COLOUR_RGB($,0.827450980392157,0.831372549019608,0.835294117647059);
#2394=FILL_AREA_STYLE_COLOUR($,#2393);
#2395=FILL_AREA_STYLE($,(#2394));
#2396=SURFACE_STYLE_FILL_AREA(#2395);
#2397=SURFACE_SIDE_STYLE('',(#2396));
#2398=SURFACE_STYLE_USAGE(.BOTH.,#2397);
#2399=PRESENTATION_STYLE_ASSIGNMENT((#2398));
#2400=STYLED_ITEM('',(#2399),#2392);
#2401=ADVANCED_FACE('',(#4501),#4503,.F.);
#2402=COLOUR_RGB($,0.827450980392157,0.831372549019608,0.835294117647059);
#2403=FILL_AREA_STYLE_COLOUR($,#2402);
#2404=FILL_AREA_STYLE($,(#2403));
#2405=SURFACE_STYLE_FILL_AREA(#2404);
#2406=SURFACE_SIDE_STYLE('',(#2405));
#2407=SURFACE_STYLE_USAGE(.BOTH.,#2406);
#2408=PRESENTATION_STYLE_ASSIGNMENT((#2407));
#2409=STYLED_ITEM('',(#2408),#2401);
#2410=ADVANCED_FACE('',(#4508,#4510),#4512,.T.);
#2411=COLOUR_RGB($,0.827450980392157,0.831372549019608,0.835294117647059);
#2412=FILL_AREA_STYLE_COLOUR($,#2411);
#2413=FILL_AREA_STYLE($,(#2412));
#2414=SURFACE_STYLE_FILL_AREA(#2413);
#2415=SURFACE_SIDE_STYLE('',(#2414));
#2416=SURFACE_STYLE_USAGE(.BOTH.,#2415);
#2417=PRESENTATION_STYLE_ASSIGNMENT((#2416));
#2418=STYLED_ITEM('',(#2417),#2410);
#2419=ADVANCED_FACE('',(#4517,#4519),#4521,.F.);
#2420=COLOUR_RGB($,0.827450980392157,0.831372549019608,0.835294117647059);
#2421=FILL_AREA_STYLE_COLOUR($,#2420);
#2422=FILL_AREA_STYLE($,(#2421));
#2423=SURFACE_STYLE_FILL_AREA(#2422);
#2424=SURFACE_SIDE_STYLE('',(#2423));
#2425=SURFACE_STYLE_USAGE(.BOTH.,#2424);
#2426=PRESENTATION_STYLE_ASSIGNMENT((#2425));
#2427=STYLED_ITEM('',(#2426),#2419);
#2428=ADVANCED_FACE('',(#4526,#4528),#4530,.T.);
#2429=COLOUR_RGB($,0.827450980392157,0.831372549019608,0.835294117647059);
#2430=FILL_AREA_STYLE_COLOUR($,#2429);
#2431=FILL_AREA_STYLE($,(#2430));
#2432=SURFACE_STYLE_FILL_AREA(#2431);
#2433=SURFACE_SIDE_STYLE('',(#2432));
#2434=SURFACE_STYLE_USAGE(.BOTH.,#2433);
#2435=PRESENTATION_STYLE_ASSIGNMENT((#2434));
#2436=STYLED_ITEM('',(#2435),#2428);
#2437=ADVANCED_FACE('',(#4535,#4537),#4539,.F.);
#2438=COLOUR_RGB($,0.827450980392157,0.831372549019608,0.835294117647059);
#2439=FILL_AREA_STYLE_COLOUR($,#2438);
#2440=FILL_AREA_STYLE($,(#2439));
#2441=SURFACE_STYLE_FILL_AREA(#2440);
#2442=SURFACE_SIDE_STYLE('',(#2441));
#2443=SURFACE_STYLE_USAGE(.BOTH.,#2442);
#2444=PRESENTATION_STYLE_ASSIGNMENT((#2443));
#2445=STYLED_ITEM('',(#2444),#2437);
#2446=ADVANCED_FACE('',(#4544),#4546,.F.);
#2447=COLOUR_RGB($,0.827450980392157,0.831372549019608,0.835294117647059);
#2448=FILL_AREA_STYLE_COLOUR($,#2447);
#2449=FILL_AREA_STYLE($,(#2448));
#2450=SURFACE_STYLE_FILL_AREA(#2449);
#2451=SURFACE_SIDE_STYLE('',(#2450));
#2452=SURFACE_STYLE_USAGE(.BOTH.,#2451);
#2453=PRESENTATION_STYLE_ASSIGNMENT((#2452));
#2454=STYLED_ITEM('',(#2453),#2446);
#2455=ADVANCED_FACE('',(#4551),#4553,.F.);
#2456=COLOUR_RGB($,0.827450980392157,0.831372549019608,0.835294117647059);
#2457=FILL_AREA_STYLE_COLOUR($,#2456);
#2458=FILL_AREA_STYLE($,(#2457));
#2459=SURFACE_STYLE_FILL_AREA(#2458);
#2460=SURFACE_SIDE_STYLE('',(#2459));
#2461=SURFACE_STYLE_USAGE(.BOTH.,#2460);
#2462=PRESENTATION_STYLE_ASSIGNMENT((#2461));
#2463=STYLED_ITEM('',(#2462),#2455);
#2464=ADVANCED_FACE('',(#4558),#4560,.T.);
#2465=COLOUR_RGB($,0.827450980392157,0.831372549019608,0.835294117647059);
#2466=FILL_AREA_STYLE_COLOUR($,#2465);
#2467=FILL_AREA_STYLE($,(#2466));
#2468=SURFACE_STYLE_FILL_AREA(#2467);
#2469=SURFACE_SIDE_STYLE('',(#2468));
#2470=SURFACE_STYLE_USAGE(.BOTH.,#2469);
#2471=PRESENTATION_STYLE_ASSIGNMENT((#2470));
#2472=STYLED_ITEM('',(#2471),#2464);
#2473=ADVANCED_FACE('',(#4565),#4567,.T.);
#2474=COLOUR_RGB($,0.827450980392157,0.831372549019608,0.835294117647059);
#2475=FILL_AREA_STYLE_COLOUR($,#2474);
#2476=FILL_AREA_STYLE($,(#2475));
#2477=SURFACE_STYLE_FILL_AREA(#2476);
#2478=SURFACE_SIDE_STYLE('',(#2477));
#2479=SURFACE_STYLE_USAGE(.BOTH.,#2478);
#2480=PRESENTATION_STYLE_ASSIGNMENT((#2479));
#2481=STYLED_ITEM('',(#2480),#2473);
#2482=ADVANCED_FACE('',(#4572,#4574),#4576,.T.);
#2483=COLOUR_RGB($,0.827450980392157,0.831372549019608,0.835294117647059);
#2484=FILL_AREA_STYLE_COLOUR($,#2483);
#2485=FILL_AREA_STYLE($,(#2484));
#2486=SURFACE_STYLE_FILL_AREA(#2485);
#2487=SURFACE_SIDE_STYLE('',(#2486));
#2488=SURFACE_STYLE_USAGE(.BOTH.,#2487);
#2489=PRESENTATION_STYLE_ASSIGNMENT((#2488));
#2490=STYLED_ITEM('',(#2489),#2482);
#2491=ADVANCED_FACE('',(#4581),#4583,.F.);
#2492=COLOUR_RGB($,0.827450980392157,0.831372549019608,0.835294117647059);
#2493=FILL_AREA_STYLE_COLOUR($,#2492);
#2494=FILL_AREA_STYLE($,(#2493));
#2495=SURFACE_STYLE_FILL_AREA(#2494);
#2496=SURFACE_SIDE_STYLE('',(#2495));
#2497=SURFACE_STYLE_USAGE(.BOTH.,#2496);
#2498=PRESENTATION_STYLE_ASSIGNMENT((#2497));
#2499=STYLED_ITEM('',(#2498),#2491);
#2500=ADVANCED_FACE('',(#4588),#4590,.F.);
#2501=COLOUR_RGB($,0.827450980392157,0.831372549019608,0.835294117647059);
#2502=FILL_AREA_STYLE_COLOUR($,#2501);
#2503=FILL_AREA_STYLE($,(#2502));
#2504=SURFACE_STYLE_FILL_AREA(#2503);
#2505=SURFACE_SIDE_STYLE('',(#2504));
#2506=SURFACE_STYLE_USAGE(.BOTH.,#2505);
#2507=PRESENTATION_STYLE_ASSIGNMENT((#2506));
#2508=STYLED_ITEM('',(#2507),#2500);
#2509=ADVANCED_FACE('',(#4595),#4597,.F.);
#2510=COLOUR_RGB($,0.827450980392157,0.831372549019608,0.835294117647059);
#2511=FILL_AREA_STYLE_COLOUR($,#2510);
#2512=FILL_AREA_STYLE($,(#2511));
#2513=SURFACE_STYLE_FILL_AREA(#2512);
#2514=SURFACE_SIDE_STYLE('',(#2513));
#2515=SURFACE_STYLE_USAGE(.BOTH.,#2514);
#2516=PRESENTATION_STYLE_ASSIGNMENT((#2515));
#2517=STYLED_ITEM('',(#2516),#2509);
#2518=ADVANCED_FACE('',(#4602,#4604),#4606,.T.);
#2519=COLOUR_RGB($,0.827450980392157,0.831372549019608,0.835294117647059);
#2520=FILL_AREA_STYLE_COLOUR($,#2519);
#2521=FILL_AREA_STYLE($,(#2520));
#2522=SURFACE_STYLE_FILL_AREA(#2521);
#2523=SURFACE_SIDE_STYLE('',(#2522));
#2524=SURFACE_STYLE_USAGE(.BOTH.,#2523);
#2525=PRESENTATION_STYLE_ASSIGNMENT((#2524));
#2526=STYLED_ITEM('',(#2525),#2518);
#2527=ADVANCED_FACE('',(#4611,#4613),#4615,.T.);
#2528=COLOUR_RGB($,0.827450980392157,0.831372549019608,0.835294117647059);
#2529=FILL_AREA_STYLE_COLOUR($,#2528);
#2530=FILL_AREA_STYLE($,(#2529));
#2531=SURFACE_STYLE_FILL_AREA(#2530);
#2532=SURFACE_SIDE_STYLE('',(#2531));
#2533=SURFACE_STYLE_USAGE(.BOTH.,#2532);
#2534=PRESENTATION_STYLE_ASSIGNMENT((#2533));
#2535=STYLED_ITEM('',(#2534),#2527);
#2536=ADVANCED_FACE('',(#4620),#4622,.T.);
#2537=COLOUR_RGB($,0.827450980392157,0.831372549019608,0.835294117647059);
#2538=FILL_AREA_STYLE_COLOUR($,#2537);
#2539=FILL_AREA_STYLE($,(#2538));
#2540=SURFACE_STYLE_FILL_AREA(#2539);
#2541=SURFACE_SIDE_STYLE('',(#2540));
#2542=SURFACE_STYLE_USAGE(.BOTH.,#2541);
#2543=PRESENTATION_STYLE_ASSIGNMENT((#2542));
#2544=STYLED_ITEM('',(#2543),#2536);
#2545=ADVANCED_FACE('',(#4627,#4629),#4631,.F.);
#2546=COLOUR_RGB($,0.792156862745098,0.8,0.807843137254902);
#2547=FILL_AREA_STYLE_COLOUR($,#2546);
#2548=FILL_AREA_STYLE($,(#2547));
#2549=SURFACE_STYLE_FILL_AREA(#2548);
#2550=SURFACE_SIDE_STYLE('',(#2549));
#2551=SURFACE_STYLE_USAGE(.BOTH.,#2550);
#2552=PRESENTATION_STYLE_ASSIGNMENT((#2551));
#2553=STYLED_ITEM('',(#2552),#2545);
#2554=ADVANCED_FACE('',(#4636,#4638),#4640,.T.);
#2555=COLOUR_RGB($,0.792156862745098,0.8,0.807843137254902);
#2556=FILL_AREA_STYLE_COLOUR($,#2555);
#2557=FILL_AREA_STYLE($,(#2556));
#2558=SURFACE_STYLE_FILL_AREA(#2557);
#2559=SURFACE_SIDE_STYLE('',(#2558));
#2560=SURFACE_STYLE_USAGE(.BOTH.,#2559);
#2561=PRESENTATION_STYLE_ASSIGNMENT((#2560));
#2562=STYLED_ITEM('',(#2561),#2554);
#2563=ADVANCED_FACE('',(#4645,#4647),#4649,.F.);
#2564=COLOUR_RGB($,0.792156862745098,0.8,0.807843137254902);
#2565=FILL_AREA_STYLE_COLOUR($,#2564);
#2566=FILL_AREA_STYLE($,(#2565));
#2567=SURFACE_STYLE_FILL_AREA(#2566);
#2568=SURFACE_SIDE_STYLE('',(#2567));
#2569=SURFACE_STYLE_USAGE(.BOTH.,#2568);
#2570=PRESENTATION_STYLE_ASSIGNMENT((#2569));
#2571=STYLED_ITEM('',(#2570),#2563);
#2572=ADVANCED_FACE('',(#4654),#4656,.T.);
#2573=COLOUR_RGB($,0.792156862745098,0.8,0.807843137254902);
#2574=FILL_AREA_STYLE_COLOUR($,#2573);
#2575=FILL_AREA_STYLE($,(#2574));
#2576=SURFACE_STYLE_FILL_AREA(#2575);
#2577=SURFACE_SIDE_STYLE('',(#2576));
#2578=SURFACE_STYLE_USAGE(.BOTH.,#2577);
#2579=PRESENTATION_STYLE_ASSIGNMENT((#2578));
#2580=STYLED_ITEM('',(#2579),#2572);
#2581=ADVANCED_FACE('',(#4661),#4663,.T.);
#2582=COLOUR_RGB($,0.792156862745098,0.8,0.807843137254902);
#2583=FILL_AREA_STYLE_COLOUR($,#2582);
#2584=FILL_AREA_STYLE($,(#2583));
#2585=SURFACE_STYLE_FILL_AREA(#2584);
#2586=SURFACE_SIDE_STYLE('',(#2585));
#2587=SURFACE_STYLE_USAGE(.BOTH.,#2586);
#2588=PRESENTATION_STYLE_ASSIGNMENT((#2587));
#2589=STYLED_ITEM('',(#2588),#2581);
#2590=ADVANCED_FACE('',(#4668),#4670,.T.);
#2591=COLOUR_RGB($,0.792156862745098,0.8,0.807843137254902);
#2592=FILL_AREA_STYLE_COLOUR($,#2591);
#2593=FILL_AREA_STYLE($,(#2592));
#2594=SURFACE_STYLE_FILL_AREA(#2593);
#2595=SURFACE_SIDE_STYLE('',(#2594));
#2596=SURFACE_STYLE_USAGE(.BOTH.,#2595);
#2597=PRESENTATION_STYLE_ASSIGNMENT((#2596));
#2598=STYLED_ITEM('',(#2597),#2590);
#2599=ADVANCED_FACE('',(#4675),#4677,.T.);
#2600=COLOUR_RGB($,0.792156862745098,0.8,0.807843137254902);
#2601=FILL_AREA_STYLE_COLOUR($,#2600);
#2602=FILL_AREA_STYLE($,(#2601));
#2603=SURFACE_STYLE_FILL_AREA(#2602);
#2604=SURFACE_SIDE_STYLE('',(#2603));
#2605=SURFACE_STYLE_USAGE(.BOTH.,#2604);
#2606=PRESENTATION_STYLE_ASSIGNMENT((#2605));
#2607=STYLED_ITEM('',(#2606),#2599);
#2608=ADVANCED_FACE('',(#4682),#4684,.T.);
#2609=COLOUR_RGB($,0.792156862745098,0.8,0.807843137254902);
#2610=FILL_AREA_STYLE_COLOUR($,#2609);
#2611=FILL_AREA_STYLE($,(#2610));
#2612=SURFACE_STYLE_FILL_AREA(#2611);
#2613=SURFACE_SIDE_STYLE('',(#2612));
#2614=SURFACE_STYLE_USAGE(.BOTH.,#2613);
#2615=PRESENTATION_STYLE_ASSIGNMENT((#2614));
#2616=STYLED_ITEM('',(#2615),#2608);
#2617=ADVANCED_FACE('',(#4689),#4691,.T.);
#2618=COLOUR_RGB($,0.792156862745098,0.8,0.807843137254902);
#2619=FILL_AREA_STYLE_COLOUR($,#2618);
#2620=FILL_AREA_STYLE($,(#2619));
#2621=SURFACE_STYLE_FILL_AREA(#2620);
#2622=SURFACE_SIDE_STYLE('',(#2621));
#2623=SURFACE_STYLE_USAGE(.BOTH.,#2622);
#2624=PRESENTATION_STYLE_ASSIGNMENT((#2623));
#2625=STYLED_ITEM('',(#2624),#2617);
#2626=ADVANCED_FACE('',(#4696),#4698,.T.);
#2627=COLOUR_RGB($,0.792156862745098,0.8,0.807843137254902);
#2628=FILL_AREA_STYLE_COLOUR($,#2627);
#2629=FILL_AREA_STYLE($,(#2628));
#2630=SURFACE_STYLE_FILL_AREA(#2629);
#2631=SURFACE_SIDE_STYLE('',(#2630));
#2632=SURFACE_STYLE_USAGE(.BOTH.,#2631);
#2633=PRESENTATION_STYLE_ASSIGNMENT((#2632));
#2634=STYLED_ITEM('',(#2633),#2626);
#2635=ADVANCED_FACE('',(#4703),#4705,.T.);
#2636=COLOUR_RGB($,0.792156862745098,0.8,0.807843137254902);
#2637=FILL_AREA_STYLE_COLOUR($,#2636);
#2638=FILL_AREA_STYLE($,(#2637));
#2639=SURFACE_STYLE_FILL_AREA(#2638);
#2640=SURFACE_SIDE_STYLE('',(#2639));
#2641=SURFACE_STYLE_USAGE(.BOTH.,#2640);
#2642=PRESENTATION_STYLE_ASSIGNMENT((#2641));
#2643=STYLED_ITEM('',(#2642),#2635);
#2644=ADVANCED_FACE('',(#4710),#4712,.T.);
#2645=COLOUR_RGB($,0.792156862745098,0.8,0.807843137254902);
#2646=FILL_AREA_STYLE_COLOUR($,#2645);
#2647=FILL_AREA_STYLE($,(#2646));
#2648=SURFACE_STYLE_FILL_AREA(#2647);
#2649=SURFACE_SIDE_STYLE('',(#2648));
#2650=SURFACE_STYLE_USAGE(.BOTH.,#2649);
#2651=PRESENTATION_STYLE_ASSIGNMENT((#2650));
#2652=STYLED_ITEM('',(#2651),#2644);
#2653=ADVANCED_FACE('',(#4717),#4719,.T.);
#2654=COLOUR_RGB($,0.792156862745098,0.8,0.807843137254902);
#2655=FILL_AREA_STYLE_COLOUR($,#2654);
#2656=FILL_AREA_STYLE($,(#2655));
#2657=SURFACE_STYLE_FILL_AREA(#2656);
#2658=SURFACE_SIDE_STYLE('',(#2657));
#2659=SURFACE_STYLE_USAGE(.BOTH.,#2658);
#2660=PRESENTATION_STYLE_ASSIGNMENT((#2659));
#2661=STYLED_ITEM('',(#2660),#2653);
#2662=ADVANCED_FACE('',(#4724),#4726,.F.);
#2663=COLOUR_RGB($,0.792156862745098,0.8,0.807843137254902);
#2664=FILL_AREA_STYLE_COLOUR($,#2663);
#2665=FILL_AREA_STYLE($,(#2664));
#2666=SURFACE_STYLE_FILL_AREA(#2665);
#2667=SURFACE_SIDE_STYLE('',(#2666));
#2668=SURFACE_STYLE_USAGE(.BOTH.,#2667);
#2669=PRESENTATION_STYLE_ASSIGNMENT((#2668));
#2670=STYLED_ITEM('',(#2669),#2662);
#2671=ADVANCED_FACE('',(#4731),#4733,.T.);
#2672=COLOUR_RGB($,0.792156862745098,0.8,0.807843137254902);
#2673=FILL_AREA_STYLE_COLOUR($,#2672);
#2674=FILL_AREA_STYLE($,(#2673));
#2675=SURFACE_STYLE_FILL_AREA(#2674);
#2676=SURFACE_SIDE_STYLE('',(#2675));
#2677=SURFACE_STYLE_USAGE(.BOTH.,#2676);
#2678=PRESENTATION_STYLE_ASSIGNMENT((#2677));
#2679=STYLED_ITEM('',(#2678),#2671);
#2680=ADVANCED_FACE('',(#4738),#4740,.T.);
#2681=COLOUR_RGB($,0.792156862745098,0.8,0.807843137254902);
#2682=FILL_AREA_STYLE_COLOUR($,#2681);
#2683=FILL_AREA_STYLE($,(#2682));
#2684=SURFACE_STYLE_FILL_AREA(#2683);
#2685=SURFACE_SIDE_STYLE('',(#2684));
#2686=SURFACE_STYLE_USAGE(.BOTH.,#2685);
#2687=PRESENTATION_STYLE_ASSIGNMENT((#2686));
#2688=STYLED_ITEM('',(#2687),#2680);
#2689=ADVANCED_FACE('',(#4745),#4747,.T.);
#2690=COLOUR_RGB($,0.792156862745098,0.8,0.807843137254902);
#2691=FILL_AREA_STYLE_COLOUR($,#2690);
#2692=FILL_AREA_STYLE($,(#2691));
#2693=SURFACE_STYLE_FILL_AREA(#2692);
#2694=SURFACE_SIDE_STYLE('',(#2693));
#2695=SURFACE_STYLE_USAGE(.BOTH.,#2694);
#2696=PRESENTATION_STYLE_ASSIGNMENT((#2695));
#2697=STYLED_ITEM('',(#2696),#2689);
#2698=ADVANCED_FACE('',(#4752),#4754,.F.);
#2699=COLOUR_RGB($,0.792156862745098,0.8,0.807843137254902);
#2700=FILL_AREA_STYLE_COLOUR($,#2699);
#2701=FILL_AREA_STYLE($,(#2700));
#2702=SURFACE_STYLE_FILL_AREA(#2701);
#2703=SURFACE_SIDE_STYLE('',(#2702));
#2704=SURFACE_STYLE_USAGE(.BOTH.,#2703);
#2705=PRESENTATION_STYLE_ASSIGNMENT((#2704));
#2706=STYLED_ITEM('',(#2705),#2698);
#2707=ADVANCED_FACE('',(#4759),#4761,.T.);
#2708=COLOUR_RGB($,0.792156862745098,0.8,0.807843137254902);
#2709=FILL_AREA_STYLE_COLOUR($,#2708);
#2710=FILL_AREA_STYLE($,(#2709));
#2711=SURFACE_STYLE_FILL_AREA(#2710);
#2712=SURFACE_SIDE_STYLE('',(#2711));
#2713=SURFACE_STYLE_USAGE(.BOTH.,#2712);
#2714=PRESENTATION_STYLE_ASSIGNMENT((#2713));
#2715=STYLED_ITEM('',(#2714),#2707);
#2716=ADVANCED_FACE('',(#4766),#4768,.T.);
#2717=COLOUR_RGB($,0.792156862745098,0.8,0.807843137254902);
#2718=FILL_AREA_STYLE_COLOUR($,#2717);
#2719=FILL_AREA_STYLE($,(#2718));
#2720=SURFACE_STYLE_FILL_AREA(#2719);
#2721=SURFACE_SIDE_STYLE('',(#2720));
#2722=SURFACE_STYLE_USAGE(.BOTH.,#2721);
#2723=PRESENTATION_STYLE_ASSIGNMENT((#2722));
#2724=STYLED_ITEM('',(#2723),#2716);
#2725=ADVANCED_FACE('',(#4773),#4775,.T.);
#2726=COLOUR_RGB($,0.792156862745098,0.8,0.807843137254902);
#2727=FILL_AREA_STYLE_COLOUR($,#2726);
#2728=FILL_AREA_STYLE($,(#2727));
#2729=SURFACE_STYLE_FILL_AREA(#2728);
#2730=SURFACE_SIDE_STYLE('',(#2729));
#2731=SURFACE_STYLE_USAGE(.BOTH.,#2730);
#2732=PRESENTATION_STYLE_ASSIGNMENT((#2731));
#2733=STYLED_ITEM('',(#2732),#2725);
#2734=ADVANCED_FACE('',(#4780),#4782,.F.);
#2735=COLOUR_RGB($,0.792156862745098,0.8,0.807843137254902);
#2736=FILL_AREA_STYLE_COLOUR($,#2735);
#2737=FILL_AREA_STYLE($,(#2736));
#2738=SURFACE_STYLE_FILL_AREA(#2737);
#2739=SURFACE_SIDE_STYLE('',(#2738));
#2740=SURFACE_STYLE_USAGE(.BOTH.,#2739);
#2741=PRESENTATION_STYLE_ASSIGNMENT((#2740));
#2742=STYLED_ITEM('',(#2741),#2734);
#2743=ADVANCED_FACE('',(#4787),#4789,.T.);
#2744=COLOUR_RGB($,0.792156862745098,0.8,0.807843137254902);
#2745=FILL_AREA_STYLE_COLOUR($,#2744);
#2746=FILL_AREA_STYLE($,(#2745));
#2747=SURFACE_STYLE_FILL_AREA(#2746);
#2748=SURFACE_SIDE_STYLE('',(#2747));
#2749=SURFACE_STYLE_USAGE(.BOTH.,#2748);
#2750=PRESENTATION_STYLE_ASSIGNMENT((#2749));
#2751=STYLED_ITEM('',(#2750),#2743);
#2752=ADVANCED_FACE('',(#4794),#4796,.T.);
#2753=COLOUR_RGB($,0.792156862745098,0.8,0.807843137254902);
#2754=FILL_AREA_STYLE_COLOUR($,#2753);
#2755=FILL_AREA_STYLE($,(#2754));
#2756=SURFACE_STYLE_FILL_AREA(#2755);
#2757=SURFACE_SIDE_STYLE('',(#2756));
#2758=SURFACE_STYLE_USAGE(.BOTH.,#2757);
#2759=PRESENTATION_STYLE_ASSIGNMENT((#2758));
#2760=STYLED_ITEM('',(#2759),#2752);
#2761=ADVANCED_FACE('',(#4801),#4803,.T.);
#2762=COLOUR_RGB($,0.792156862745098,0.8,0.807843137254902);
#2763=FILL_AREA_STYLE_COLOUR($,#2762);
#2764=FILL_AREA_STYLE($,(#2763));
#2765=SURFACE_STYLE_FILL_AREA(#2764);
#2766=SURFACE_SIDE_STYLE('',(#2765));
#2767=SURFACE_STYLE_USAGE(.BOTH.,#2766);
#2768=PRESENTATION_STYLE_ASSIGNMENT((#2767));
#2769=STYLED_ITEM('',(#2768),#2761);
#2770=ADVANCED_FACE('',(#4808),#4810,.F.);
#2771=COLOUR_RGB($,0.792156862745098,0.8,0.807843137254902);
#2772=FILL_AREA_STYLE_COLOUR($,#2771);
#2773=FILL_AREA_STYLE($,(#2772));
#2774=SURFACE_STYLE_FILL_AREA(#2773);
#2775=SURFACE_SIDE_STYLE('',(#2774));
#2776=SURFACE_STYLE_USAGE(.BOTH.,#2775);
#2777=PRESENTATION_STYLE_ASSIGNMENT((#2776));
#2778=STYLED_ITEM('',(#2777),#2770);
#2779=ADVANCED_FACE('',(#4815),#4817,.T.);
#2780=COLOUR_RGB($,0.792156862745098,0.8,0.807843137254902);
#2781=FILL_AREA_STYLE_COLOUR($,#2780);
#2782=FILL_AREA_STYLE($,(#2781));
#2783=SURFACE_STYLE_FILL_AREA(#2782);
#2784=SURFACE_SIDE_STYLE('',(#2783));
#2785=SURFACE_STYLE_USAGE(.BOTH.,#2784);
#2786=PRESENTATION_STYLE_ASSIGNMENT((#2785));
#2787=STYLED_ITEM('',(#2786),#2779);
#2788=ADVANCED_FACE('',(#4822),#4824,.T.);
#2789=COLOUR_RGB($,0.792156862745098,0.8,0.807843137254902);
#2790=FILL_AREA_STYLE_COLOUR($,#2789);
#2791=FILL_AREA_STYLE($,(#2790));
#2792=SURFACE_STYLE_FILL_AREA(#2791);
#2793=SURFACE_SIDE_STYLE('',(#2792));
#2794=SURFACE_STYLE_USAGE(.BOTH.,#2793);
#2795=PRESENTATION_STYLE_ASSIGNMENT((#2794));
#2796=STYLED_ITEM('',(#2795),#2788);
#2797=ADVANCED_FACE('',(#4829),#4831,.T.);
#2798=COLOUR_RGB($,0.792156862745098,0.8,0.807843137254902);
#2799=FILL_AREA_STYLE_COLOUR($,#2798);
#2800=FILL_AREA_STYLE($,(#2799));
#2801=SURFACE_STYLE_FILL_AREA(#2800);
#2802=SURFACE_SIDE_STYLE('',(#2801));
#2803=SURFACE_STYLE_USAGE(.BOTH.,#2802);
#2804=PRESENTATION_STYLE_ASSIGNMENT((#2803));
#2805=STYLED_ITEM('',(#2804),#2797);
#2806=ADVANCED_FACE('',(#4836),#4838,.F.);
#2807=COLOUR_RGB($,0.792156862745098,0.8,0.807843137254902);
#2808=FILL_AREA_STYLE_COLOUR($,#2807);
#2809=FILL_AREA_STYLE($,(#2808));
#2810=SURFACE_STYLE_FILL_AREA(#2809);
#2811=SURFACE_SIDE_STYLE('',(#2810));
#2812=SURFACE_STYLE_USAGE(.BOTH.,#2811);
#2813=PRESENTATION_STYLE_ASSIGNMENT((#2812));
#2814=STYLED_ITEM('',(#2813),#2806);
#2815=ADVANCED_FACE('',(#4843),#4845,.T.);
#2816=COLOUR_RGB($,0.792156862745098,0.8,0.807843137254902);
#2817=FILL_AREA_STYLE_COLOUR($,#2816);
#2818=FILL_AREA_STYLE($,(#2817));
#2819=SURFACE_STYLE_FILL_AREA(#2818);
#2820=SURFACE_SIDE_STYLE('',(#2819));
#2821=SURFACE_STYLE_USAGE(.BOTH.,#2820);
#2822=PRESENTATION_STYLE_ASSIGNMENT((#2821));
#2823=STYLED_ITEM('',(#2822),#2815);
#2824=ADVANCED_FACE('',(#4850),#4852,.T.);
#2825=COLOUR_RGB($,0.792156862745098,0.8,0.807843137254902);
#2826=FILL_AREA_STYLE_COLOUR($,#2825);
#2827=FILL_AREA_STYLE($,(#2826));
#2828=SURFACE_STYLE_FILL_AREA(#2827);
#2829=SURFACE_SIDE_STYLE('',(#2828));
#2830=SURFACE_STYLE_USAGE(.BOTH.,#2829);
#2831=PRESENTATION_STYLE_ASSIGNMENT((#2830));
#2832=STYLED_ITEM('',(#2831),#2824);
#2833=ADVANCED_FACE('',(#4857),#4859,.T.);
#2834=COLOUR_RGB($,0.792156862745098,0.8,0.807843137254902);
#2835=FILL_AREA_STYLE_COLOUR($,#2834);
#2836=FILL_AREA_STYLE($,(#2835));
#2837=SURFACE_STYLE_FILL_AREA(#2836);
#2838=SURFACE_SIDE_STYLE('',(#2837));
#2839=SURFACE_STYLE_USAGE(.BOTH.,#2838);
#2840=PRESENTATION_STYLE_ASSIGNMENT((#2839));
#2841=STYLED_ITEM('',(#2840),#2833);
#2842=ADVANCED_FACE('',(#4864),#4866,.F.);
#2843=COLOUR_RGB($,0.792156862745098,0.8,0.807843137254902);
#2844=FILL_AREA_STYLE_COLOUR($,#2843);
#2845=FILL_AREA_STYLE($,(#2844));
#2846=SURFACE_STYLE_FILL_AREA(#2845);
#2847=SURFACE_SIDE_STYLE('',(#2846));
#2848=SURFACE_STYLE_USAGE(.BOTH.,#2847);
#2849=PRESENTATION_STYLE_ASSIGNMENT((#2848));
#2850=STYLED_ITEM('',(#2849),#2842);
#2851=ADVANCED_FACE('',(#4871),#4873,.T.);
#2852=COLOUR_RGB($,0.792156862745098,0.8,0.807843137254902);
#2853=FILL_AREA_STYLE_COLOUR($,#2852);
#2854=FILL_AREA_STYLE($,(#2853));
#2855=SURFACE_STYLE_FILL_AREA(#2854);
#2856=SURFACE_SIDE_STYLE('',(#2855));
#2857=SURFACE_STYLE_USAGE(.BOTH.,#2856);
#2858=PRESENTATION_STYLE_ASSIGNMENT((#2857));
#2859=STYLED_ITEM('',(#2858),#2851);
#2860=ADVANCED_FACE('',(#4878),#4880,.T.);
#2861=COLOUR_RGB($,0.792156862745098,0.8,0.807843137254902);
#2862=FILL_AREA_STYLE_COLOUR($,#2861);
#2863=FILL_AREA_STYLE($,(#2862));
#2864=SURFACE_STYLE_FILL_AREA(#2863);
#2865=SURFACE_SIDE_STYLE('',(#2864));
#2866=SURFACE_STYLE_USAGE(.BOTH.,#2865);
#2867=PRESENTATION_STYLE_ASSIGNMENT((#2866));
#2868=STYLED_ITEM('',(#2867),#2860);
#2869=ADVANCED_FACE('',(#4885),#4887,.T.);
#2870=COLOUR_RGB($,0.792156862745098,0.8,0.807843137254902);
#2871=FILL_AREA_STYLE_COLOUR($,#2870);
#2872=FILL_AREA_STYLE($,(#2871));
#2873=SURFACE_STYLE_FILL_AREA(#2872);
#2874=SURFACE_SIDE_STYLE('',(#2873));
#2875=SURFACE_STYLE_USAGE(.BOTH.,#2874);
#2876=PRESENTATION_STYLE_ASSIGNMENT((#2875));
#2877=STYLED_ITEM('',(#2876),#2869);
#2878=ADVANCED_FACE('',(#4892),#4894,.F.);
#2879=COLOUR_RGB($,0.792156862745098,0.8,0.807843137254902);
#2880=FILL_AREA_STYLE_COLOUR($,#2879);
#2881=FILL_AREA_STYLE($,(#2880));
#2882=SURFACE_STYLE_FILL_AREA(#2881);
#2883=SURFACE_SIDE_STYLE('',(#2882));
#2884=SURFACE_STYLE_USAGE(.BOTH.,#2883);
#2885=PRESENTATION_STYLE_ASSIGNMENT((#2884));
#2886=STYLED_ITEM('',(#2885),#2878);
#2887=ADVANCED_FACE('',(#4899),#4901,.F.);
#2888=COLOUR_RGB($,0.792156862745098,0.8,0.807843137254902);
#2889=FILL_AREA_STYLE_COLOUR($,#2888);
#2890=FILL_AREA_STYLE($,(#2889));
#2891=SURFACE_STYLE_FILL_AREA(#2890);
#2892=SURFACE_SIDE_STYLE('',(#2891));
#2893=SURFACE_STYLE_USAGE(.BOTH.,#2892);
#2894=PRESENTATION_STYLE_ASSIGNMENT((#2893));
#2895=STYLED_ITEM('',(#2894),#2887);
#2896=ADVANCED_FACE('',(#4906),#4908,.T.);
#2897=COLOUR_RGB($,0.729411764705882,0.768627450980392,0.784313725490196);
#2898=FILL_AREA_STYLE_COLOUR($,#2897);
#2899=FILL_AREA_STYLE($,(#2898));
#2900=SURFACE_STYLE_FILL_AREA(#2899);
#2901=SURFACE_SIDE_STYLE('',(#2900));
#2902=SURFACE_STYLE_USAGE(.BOTH.,#2901);
#2903=PRESENTATION_STYLE_ASSIGNMENT((#2902));
#2904=STYLED_ITEM('',(#2903),#2896);
#2905=ADVANCED_FACE('',(#4913),#4915,.T.);
#2906=COLOUR_RGB($,0.729411764705882,0.768627450980392,0.784313725490196);
#2907=FILL_AREA_STYLE_COLOUR($,#2906);
#2908=FILL_AREA_STYLE($,(#2907));
#2909=SURFACE_STYLE_FILL_AREA(#2908);
#2910=SURFACE_SIDE_STYLE('',(#2909));
#2911=SURFACE_STYLE_USAGE(.BOTH.,#2910);
#2912=PRESENTATION_STYLE_ASSIGNMENT((#2911));
#2913=STYLED_ITEM('',(#2912),#2905);
#2914=ADVANCED_FACE('',(#4920),#4922,.T.);
#2915=COLOUR_RGB($,0.729411764705882,0.768627450980392,0.784313725490196);
#2916=FILL_AREA_STYLE_COLOUR($,#2915);
#2917=FILL_AREA_STYLE($,(#2916));
#2918=SURFACE_STYLE_FILL_AREA(#2917);
#2919=SURFACE_SIDE_STYLE('',(#2918));
#2920=SURFACE_STYLE_USAGE(.BOTH.,#2919);
#2921=PRESENTATION_STYLE_ASSIGNMENT((#2920));
#2922=STYLED_ITEM('',(#2921),#2914);
#2923=ADVANCED_FACE('',(#4927),#4929,.T.);
#2924=COLOUR_RGB($,0.729411764705882,0.768627450980392,0.784313725490196);
#2925=FILL_AREA_STYLE_COLOUR($,#2924);
#2926=FILL_AREA_STYLE($,(#2925));
#2927=SURFACE_STYLE_FILL_AREA(#2926);
#2928=SURFACE_SIDE_STYLE('',(#2927));
#2929=SURFACE_STYLE_USAGE(.BOTH.,#2928);
#2930=PRESENTATION_STYLE_ASSIGNMENT((#2929));
#2931=STYLED_ITEM('',(#2930),#2923);
#2932=ADVANCED_FACE('',(#4934,#4936),#4938,.T.);
#2933=COLOUR_RGB($,0.729411764705882,0.768627450980392,0.784313725490196);
#2934=FILL_AREA_STYLE_COLOUR($,#2933);
#2935=FILL_AREA_STYLE($,(#2934));
#2936=SURFACE_STYLE_FILL_AREA(#2935);
#2937=SURFACE_SIDE_STYLE('',(#2936));
#2938=SURFACE_STYLE_USAGE(.BOTH.,#2937);
#2939=PRESENTATION_STYLE_ASSIGNMENT((#2938));
#2940=STYLED_ITEM('',(#2939),#2932);
#2941=ADVANCED_FACE('',(#4943),#4945,.T.);
#2942=COLOUR_RGB($,0.729411764705882,0.768627450980392,0.784313725490196);
#2943=FILL_AREA_STYLE_COLOUR($,#2942);
#2944=FILL_AREA_STYLE($,(#2943));
#2945=SURFACE_STYLE_FILL_AREA(#2944);
#2946=SURFACE_SIDE_STYLE('',(#2945));
#2947=SURFACE_STYLE_USAGE(.BOTH.,#2946);
#2948=PRESENTATION_STYLE_ASSIGNMENT((#2947));
#2949=STYLED_ITEM('',(#2948),#2941);
#2950=ADVANCED_FACE('',(#4950),#4952,.F.);
#2951=COLOUR_RGB($,0.729411764705882,0.768627450980392,0.784313725490196);
#2952=FILL_AREA_STYLE_COLOUR($,#2951);
#2953=FILL_AREA_STYLE($,(#2952));
#2954=SURFACE_STYLE_FILL_AREA(#2953);
#2955=SURFACE_SIDE_STYLE('',(#2954));
#2956=SURFACE_STYLE_USAGE(.BOTH.,#2955);
#2957=PRESENTATION_STYLE_ASSIGNMENT((#2956));
#2958=STYLED_ITEM('',(#2957),#2950);
#2959=ADVANCED_FACE('',(#4957),#4959,.F.);
#2960=COLOUR_RGB($,0.729411764705882,0.768627450980392,0.784313725490196);
#2961=FILL_AREA_STYLE_COLOUR($,#2960);
#2962=FILL_AREA_STYLE($,(#2961));
#2963=SURFACE_STYLE_FILL_AREA(#2962);
#2964=SURFACE_SIDE_STYLE('',(#2963));
#2965=SURFACE_STYLE_USAGE(.BOTH.,#2964);
#2966=PRESENTATION_STYLE_ASSIGNMENT((#2965));
#2967=STYLED_ITEM('',(#2966),#2959);
#2968=ADVANCED_FACE('',(#4964,#4966),#4968,.T.);
#2969=COLOUR_RGB($,0.729411764705882,0.768627450980392,0.784313725490196);
#2970=FILL_AREA_STYLE_COLOUR($,#2969);
#2971=FILL_AREA_STYLE($,(#2970));
#2972=SURFACE_STYLE_FILL_AREA(#2971);
#2973=SURFACE_SIDE_STYLE('',(#2972));
#2974=SURFACE_STYLE_USAGE(.BOTH.,#2973);
#2975=PRESENTATION_STYLE_ASSIGNMENT((#2974));
#2976=STYLED_ITEM('',(#2975),#2968);
#2977=ADVANCED_FACE('',(#4973,#4975),#4977,.T.);
#2978=COLOUR_RGB($,0.729411764705882,0.768627450980392,0.784313725490196);
#2979=FILL_AREA_STYLE_COLOUR($,#2978);
#2980=FILL_AREA_STYLE($,(#2979));
#2981=SURFACE_STYLE_FILL_AREA(#2980);
#2982=SURFACE_SIDE_STYLE('',(#2981));
#2983=SURFACE_STYLE_USAGE(.BOTH.,#2982);
#2984=PRESENTATION_STYLE_ASSIGNMENT((#2983));
#2985=STYLED_ITEM('',(#2984),#2977);
#2986=ADVANCED_FACE('',(#4982,#4984),#4986,.T.);
#2987=COLOUR_RGB($,0.729411764705882,0.768627450980392,0.784313725490196);
#2988=FILL_AREA_STYLE_COLOUR($,#2987);
#2989=FILL_AREA_STYLE($,(#2988));
#2990=SURFACE_STYLE_FILL_AREA(#2989);
#2991=SURFACE_SIDE_STYLE('',(#2990));
#2992=SURFACE_STYLE_USAGE(.BOTH.,#2991);
#2993=PRESENTATION_STYLE_ASSIGNMENT((#2992));
#2994=STYLED_ITEM('',(#2993),#2986);
#2995=ADVANCED_FACE('',(#4991,#4993),#4995,.T.);
#2996=COLOUR_RGB($,0.729411764705882,0.768627450980392,0.784313725490196);
#2997=FILL_AREA_STYLE_COLOUR($,#2996);
#2998=FILL_AREA_STYLE($,(#2997));
#2999=SURFACE_STYLE_FILL_AREA(#2998);
#3000=SURFACE_SIDE_STYLE('',(#2999));
#3001=SURFACE_STYLE_USAGE(.BOTH.,#3000);
#3002=PRESENTATION_STYLE_ASSIGNMENT((#3001));
#3003=STYLED_ITEM('',(#3002),#2995);
#3004=ADVANCED_FACE('',(#5000),#5002,.T.);
#3005=COLOUR_RGB($,0.729411764705882,0.768627450980392,0.784313725490196);
#3006=FILL_AREA_STYLE_COLOUR($,#3005);
#3007=FILL_AREA_STYLE($,(#3006));
#3008=SURFACE_STYLE_FILL_AREA(#3007);
#3009=SURFACE_SIDE_STYLE('',(#3008));
#3010=SURFACE_STYLE_USAGE(.BOTH.,#3009);
#3011=PRESENTATION_STYLE_ASSIGNMENT((#3010));
#3012=STYLED_ITEM('',(#3011),#3004);
#3013=FACE_BOUND('',#3014,.T.);
#3014=EDGE_LOOP('',(#5007,#5008,#5009,#5010,#5011,#5012,#5013,#5014,#5015,#5016,
#5017));
#3015=PLANE('',#3016);
#3016=AXIS2_PLACEMENT_3D('',#3017,#3018,#3019);
#3017=CARTESIAN_POINT('',(12.95,3.5,8.8));
#3018=DIRECTION('',(-1.,0.,0.));
#3019=DIRECTION('',(0.,-1.,0.));
#3020=FACE_BOUND('',#3021,.T.);
#3021=EDGE_LOOP('',(#5018,#5019,#5020,#5021,#5022,#5023,#5024,#5025,#5026,#5027,
#5028));
#3022=PLANE('',#3023);
#3023=AXIS2_PLACEMENT_3D('',#3024,#3025,#3026);
#3024=CARTESIAN_POINT('',(17.05,1.75712833921985,8.8));
#3025=DIRECTION('',(1.,0.,0.));
#3026=DIRECTION('',(0.,1.,0.));
#3027=FACE_BOUND('',#3028,.T.);
#3028=EDGE_LOOP('',(#5029,#5030,#5031,#5032,#5033,#5034,#5035,#5036,#5037,#5038,
#5039));
#3029=PLANE('',#3030);
#3030=AXIS2_PLACEMENT_3D('',#3031,#3032,#3033);
#3031=CARTESIAN_POINT('',(7.95,3.5,8.8));
#3032=DIRECTION('',(-1.,0.,0.));
#3033=DIRECTION('',(0.,-1.,0.));
#3034=FACE_BOUND('',#3035,.T.);
#3035=EDGE_LOOP('',(#5040,#5041,#5042,#5043,#5044,#5045,#5046,#5047,#5048,#5049,
#5050));
#3036=PLANE('',#3037);
#3037=AXIS2_PLACEMENT_3D('',#3038,#3039,#3040);
#3038=CARTESIAN_POINT('',(12.05,1.75712833921985,8.8));
#3039=DIRECTION('',(1.,0.,0.));
#3040=DIRECTION('',(0.,1.,0.));
#3041=FACE_BOUND('',#3042,.T.);
#3042=EDGE_LOOP('',(#5051,#5052,#5053,#5054));
#3043=PLANE('',#3044);
#3044=AXIS2_PLACEMENT_3D('',#3045,#3046,#3047);
#3045=CARTESIAN_POINT('',(7.95000000000216,4.,0.));
#3046=DIRECTION('',(0.,-1.,0.));
#3047=DIRECTION('',(1.,0.,0.));
#3048=FACE_BOUND('',#3049,.T.);
#3049=EDGE_LOOP('',(#5055,#5056,#5057,#5058));
#3050=PLANE('',#3051);
#3051=AXIS2_PLACEMENT_3D('',#3052,#3053,#3054);
#3052=CARTESIAN_POINT('',(12.9500000000022,4.,0.));
#3053=DIRECTION('',(0.,-1.,0.));
#3054=DIRECTION('',(1.,0.,0.));
#3055=FACE_BOUND('',#3056,.T.);
#3056=EDGE_LOOP('',(#5059,#5060,#5061,#5062));
#3057=PLANE('',#3058);
#3058=AXIS2_PLACEMENT_3D('',#3059,#3060,#3061);
#3059=CARTESIAN_POINT('',(12.05,3.5,8.8));
#3060=DIRECTION('',(0.,1.,-0.));
#3061=DIRECTION('',(-1.,0.,0.));
#3062=FACE_BOUND('',#3063,.T.);
#3063=EDGE_LOOP('',(#5063,#5064,#5065,#5066));
#3064=PLANE('',#3065);
#3065=AXIS2_PLACEMENT_3D('',#3066,#3067,#3068);
#3066=CARTESIAN_POINT('',(17.05,3.5,8.8));
#3067=DIRECTION('',(0.,1.,-0.));
#3068=DIRECTION('',(-1.,0.,0.));
#3069=FACE_BOUND('',#3070,.T.);
#3070=EDGE_LOOP('',(#5067,#5068,#5069,#5070,#5071,#5072,#5073,#5074,#5075,#5076,
#5077,#5078,#5079,#5080,#5081,#5082,#5083,#5084,#5085,#5086,#5087,#5088,#5089,#5090,
#5091,#5092,#5093,#5094,#5095,#5096,#5097,#5098,#5099,#5100,#5101,#5102,#5103,#5104));
#3071=FACE_BOUND('',#3072,.T.);
#3072=EDGE_LOOP('',(#5105));
#3073=FACE_BOUND('',#3074,.T.);
#3074=EDGE_LOOP('',(#5106));
#3075=FACE_BOUND('',#3076,.T.);
#3076=EDGE_LOOP('',(#5107));
#3077=FACE_BOUND('',#3078,.T.);
#3078=EDGE_LOOP('',(#5108));
#3079=FACE_BOUND('',#3080,.T.);
#3080=EDGE_LOOP('',(#5109));
#3081=FACE_BOUND('',#3082,.T.);
#3082=EDGE_LOOP('',(#5110));
#3083=FACE_BOUND('',#3084,.T.);
#3084=EDGE_LOOP('',(#5111));
#3085=FACE_BOUND('',#3086,.T.);
#3086=EDGE_LOOP('',(#5112));
#3087=FACE_BOUND('',#3088,.T.);
#3088=EDGE_LOOP('',(#5113));
#3089=PLANE('',#3090);
#3090=AXIS2_PLACEMENT_3D('',#3091,#3092,#3093);
#3091=CARTESIAN_POINT('',(22.5,-2.28447650275517,13.5));
#3092=DIRECTION('',(0.,-0.,1.));
#3093=DIRECTION('',(0.,1.,0.));
#3094=FACE_BOUND('',#3095,.T.);
#3095=EDGE_LOOP('',(#5114,#5115,#5116,#5117));
#3096=PLANE('',#3097);
#3097=AXIS2_PLACEMENT_3D('',#3098,#3099,#3100);
#3098=CARTESIAN_POINT('',(10.,0.,13.));
#3099=DIRECTION('',(0.,-0.,1.));
#3100=DIRECTION('',(1.,0.,0.));
#3101=FACE_BOUND('',#3102,.T.);
#3102=EDGE_LOOP('',(#5118,#5119,#5120,#5121));
#3103=PLANE('',#3104);
#3104=AXIS2_PLACEMENT_3D('',#3105,#3106,#3107);
#3105=CARTESIAN_POINT('',(5.,0.,13.));
#3106=DIRECTION('',(0.,-0.,1.));
#3107=DIRECTION('',(1.,0.,0.));
#3108=FACE_BOUND('',#3109,.T.);
#3109=EDGE_LOOP('',(#5122,#5123,#5124,#5125));
#3110=CYLINDRICAL_SURFACE('',#3111,2.7);
#3111=AXIS2_PLACEMENT_3D('',#3112,#3113,#3114);
#3112=CARTESIAN_POINT('',(15.,0.,8.8));
#3113=DIRECTION('',(-0.,-0.,-1.));
#3114=DIRECTION('',(-0.759259259218097,0.650788273781564,0.));
#3115=FACE_BOUND('',#3116,.T.);
#3116=EDGE_LOOP('',(#5126,#5127,#5128,#5129));
#3117=PLANE('',#3118);
#3118=AXIS2_PLACEMENT_3D('',#3119,#3120,#3121);
#3119=CARTESIAN_POINT('',(10.,0.,8.8));
#3120=DIRECTION('',(0.,-0.,1.));
#3121=DIRECTION('',(1.,0.,0.));
#3122=FACE_BOUND('',#3123,.T.);
#3123=EDGE_LOOP('',(#5130,#5131,#5132,#5133,#5134,#5135,#5136,#5137));
#3124=PLANE('',#3125);
#3125=AXIS2_PLACEMENT_3D('',#3126,#3127,#3128);
#3126=CARTESIAN_POINT('',(12.95,-4.5,0.4));
#3127=DIRECTION('',(0.,0.,1.));
#3128=DIRECTION('',(1.,0.,0.));
#3129=FACE_BOUND('',#3130,.T.);
#3130=EDGE_LOOP('',(#5138,#5139,#5140,#5141,#5142,#5143,#5144,#5145,#5146,#5147,
#5148,#5149,#5150,#5151,#5152,#5153,#5154,#5155,#5156,#5157,#5158,#5159,#5160,#5161,
#5162,#5163,#5164,#5165,#5166,#5167,#5168,#5169,#5170,#5171,#5172,#5173,#5174,#5175,
#5176,#5177,#5178,#5179,#5180,#5181,#5182,#5183,#5184,#5185,#5186,#5187,#5188,#5189,
#5190,#5191,#5192,#5193,#5194,#5195,#5196,#5197,#5198,#5199,#5200,#5201));
#3131=PLANE('',#3132);
#3132=AXIS2_PLACEMENT_3D('',#3133,#3134,#3135);
#3133=CARTESIAN_POINT('',(22.5,-4.5,4.81482486096809E-035));
#3134=DIRECTION('',(0.,-1.,0.));
#3135=DIRECTION('',(0.,0.,1.));
#3136=FACE_BOUND('',#3137,.T.);
#3137=EDGE_LOOP('',(#5202,#5203,#5204,#5205));
#3138=PLANE('',#3139);
#3139=AXIS2_PLACEMENT_3D('',#3140,#3141,#3142);
#3140=CARTESIAN_POINT('',(22.5,4.5,0.));
#3141=DIRECTION('',(-0.,-5.34980540107565E-036,-1.));
#3142=DIRECTION('',(0.,-1.,5.34980540107565E-036));
#3143=FACE_BOUND('',#3144,.T.);
#3144=EDGE_LOOP('',(#5206,#5207,#5208,#5209));
#3145=PLANE('',#3146);
#3146=AXIS2_PLACEMENT_3D('',#3147,#3148,#3149);
#3147=CARTESIAN_POINT('',(22.5,4.5,13.25));
#3148=DIRECTION('',(0.,1.,0.));
#3149=DIRECTION('',(0.,0.,-1.));
#3150=FACE_BOUND('',#3151,.T.);
#3151=EDGE_LOOP('',(#5210,#5211,#5212,#5213));
#3152=CYLINDRICAL_SURFACE('',#3153,0.25);
#3153=AXIS2_PLACEMENT_3D('',#3154,#3155,#3156);
#3154=CARTESIAN_POINT('',(22.5,4.25,13.25));
#3155=DIRECTION('',(-1.,0.,0.));
#3156=DIRECTION('',(0.,-0.,1.));
#3157=FACE_BOUND('',#3158,.T.);
#3158=EDGE_LOOP('',(#5214,#5215,#5216,#5217));
#3159=CYLINDRICAL_SURFACE('',#3160,0.25);
#3160=AXIS2_PLACEMENT_3D('',#3161,#3162,#3163);
#3161=CARTESIAN_POINT('',(22.5,4.25,13.25));
#3162=DIRECTION('',(-1.,0.,0.));
#3163=DIRECTION('',(0.,-0.,1.));
#3164=FACE_BOUND('',#3165,.T.);
#3165=EDGE_LOOP('',(#5218,#5219,#5220,#5221));
#3166=PLANE('',#3167);
#3167=AXIS2_PLACEMENT_3D('',#3168,#3169,#3170);
#3168=CARTESIAN_POINT('',(22.5,4.5,13.25));
#3169=DIRECTION('',(0.,1.,0.));
#3170=DIRECTION('',(0.,0.,-1.));
#3171=FACE_BOUND('',#3172,.T.);
#3172=EDGE_LOOP('',(#5222,#5223,#5224,#5225));
#3173=PLANE('',#3174);
#3174=AXIS2_PLACEMENT_3D('',#3175,#3176,#3177);
#3175=CARTESIAN_POINT('',(22.5,4.5,0.));
#3176=DIRECTION('',(-0.,-5.34980540107565E-036,-1.));
#3177=DIRECTION('',(0.,-1.,5.34980540107565E-036));
#3178=FACE_BOUND('',#3179,.T.);
#3179=EDGE_LOOP('',(#5226,#5227,#5228,#5229));
#3180=CYLINDRICAL_SURFACE('',#3181,2.7);
#3181=AXIS2_PLACEMENT_3D('',#3182,#3183,#3184);
#3182=CARTESIAN_POINT('',(10.,0.,8.8));
#3183=DIRECTION('',(-0.,-0.,-1.));
#3184=DIRECTION('',(-0.759259259218097,0.650788273781564,0.));
#3185=FACE_BOUND('',#3186,.T.);
#3186=EDGE_LOOP('',(#5230,#5231,#5232,#5233));
#3187=PLANE('',#3188);
#3188=AXIS2_PLACEMENT_3D('',#3189,#3190,#3191);
#3189=CARTESIAN_POINT('',(5.,0.,8.8));
#3190=DIRECTION('',(0.,-0.,1.));
#3191=DIRECTION('',(1.,0.,0.));
#3192=FACE_BOUND('',#3193,.T.);
#3193=EDGE_LOOP('',(#5234,#5235,#5236,#5237,#5238,#5239,#5240,#5241));
#3194=PLANE('',#3195);
#3195=AXIS2_PLACEMENT_3D('',#3196,#3197,#3198);
#3196=CARTESIAN_POINT('',(7.95,-4.5,0.4));
#3197=DIRECTION('',(0.,0.,1.));
#3198=DIRECTION('',(1.,0.,0.));
#3199=FACE_BOUND('',#3200,.T.);
#3200=EDGE_LOOP('',(#5242,#5243,#5244,#5245));
#3201=PLANE('',#3202);
#3202=AXIS2_PLACEMENT_3D('',#3203,#3204,#3205);
#3203=CARTESIAN_POINT('',(22.5,4.5,0.));
#3204=DIRECTION('',(-0.,-5.34980540107565E-036,-1.));
#3205=DIRECTION('',(0.,-1.,5.34980540107565E-036));
#3206=FACE_BOUND('',#3207,.T.);
#3207=EDGE_LOOP('',(#5246,#5247,#5248,#5249));
#3208=PLANE('',#3209);
#3209=AXIS2_PLACEMENT_3D('',#3210,#3211,#3212);
#3210=CARTESIAN_POINT('',(22.5,4.5,13.25));
#3211=DIRECTION('',(0.,1.,0.));
#3212=DIRECTION('',(0.,0.,-1.));
#3213=FACE_BOUND('',#3214,.T.);
#3214=EDGE_LOOP('',(#5250,#5251,#5252,#5253));
#3215=CYLINDRICAL_SURFACE('',#3216,0.25);
#3216=AXIS2_PLACEMENT_3D('',#3217,#3218,#3219);
#3217=CARTESIAN_POINT('',(22.5,4.25,13.25));
#3218=DIRECTION('',(-1.,0.,0.));
#3219=DIRECTION('',(0.,-0.,1.));
#3220=FACE_BOUND('',#3221,.T.);
#3221=EDGE_LOOP('',(#5254,#5255,#5256,#5257,#5258,#5259,#5260,#5261,#5262,#5263,
#5264));
#3222=PLANE('',#3223);
#3223=AXIS2_PLACEMENT_3D('',#3224,#3225,#3226);
#3224=CARTESIAN_POINT('',(7.05,-4.5,0.4));
#3225=DIRECTION('',(1.,-0.,0.));
#3226=DIRECTION('',(0.,0.,-1.));
#3227=FACE_BOUND('',#3228,.T.);
#3228=EDGE_LOOP('',(#5265,#5266,#5267,#5268));
#3229=CYLINDRICAL_SURFACE('',#3230,2.7);
#3230=AXIS2_PLACEMENT_3D('',#3231,#3232,#3233);
#3231=CARTESIAN_POINT('',(5.,0.,8.8));
#3232=DIRECTION('',(-0.,-0.,-1.));
#3233=DIRECTION('',(-0.759259259218097,0.650788273781564,0.));
#3234=FACE_BOUND('',#3235,.T.);
#3235=EDGE_LOOP('',(#5269,#5270,#5271,#5272,#5273,#5274,#5275,#5276,#5277,#5278,
#5279));
#3236=PLANE('',#3237);
#3237=AXIS2_PLACEMENT_3D('',#3238,#3239,#3240);
#3238=CARTESIAN_POINT('',(2.95,-4.5,0.));
#3239=DIRECTION('',(-1.,0.,0.));
#3240=DIRECTION('',(0.,0.,1.));
#3241=FACE_BOUND('',#3242,.T.);
#3242=EDGE_LOOP('',(#5280,#5281,#5282,#5283));
#3243=CYLINDRICAL_SURFACE('',#3244,0.25);
#3244=AXIS2_PLACEMENT_3D('',#3245,#3246,#3247);
#3245=CARTESIAN_POINT('',(22.5,4.25,13.25));
#3246=DIRECTION('',(-1.,0.,0.));
#3247=DIRECTION('',(0.,-0.,1.));
#3248=FACE_BOUND('',#3249,.T.);
#3249=EDGE_LOOP('',(#5284,#5285,#5286,#5287,#5288,#5289,#5290,#5291,#5292,#5293,
#5294));
#3250=PLANE('',#3251);
#3251=AXIS2_PLACEMENT_3D('',#3252,#3253,#3254);
#3252=CARTESIAN_POINT('',(2.05,-4.5,0.4));
#3253=DIRECTION('',(1.,-0.,0.));
#3254=DIRECTION('',(0.,0.,-1.));
#3255=FACE_BOUND('',#3256,.T.);
#3256=EDGE_LOOP('',(#5295,#5296,#5297,#5298));
#3257=CYLINDRICAL_SURFACE('',#3258,2.7);
#3258=AXIS2_PLACEMENT_3D('',#3259,#3260,#3261);
#3259=CARTESIAN_POINT('',(0.,0.,8.8));
#3260=DIRECTION('',(-0.,-0.,-1.));
#3261=DIRECTION('',(-0.407407407381529,0.913246518969911,0.));
#3262=FACE_BOUND('',#3263,.T.);
#3263=EDGE_LOOP('',(#5299,#5300,#5301,#5302,#5303));
#3264=PLANE('',#3265);
#3265=AXIS2_PLACEMENT_3D('',#3266,#3267,#3268);
#3266=CARTESIAN_POINT('',(-1.1,3.5,8.8));
#3267=DIRECTION('',(-1.,0.,0.));
#3268=DIRECTION('',(0.,-1.,0.));
#3269=FACE_BOUND('',#3270,.T.);
#3270=EDGE_LOOP('',(#5304,#5305,#5306,#5307));
#3271=PLANE('',#3272);
#3272=AXIS2_PLACEMENT_3D('',#3273,#3274,#3275);
#3273=CARTESIAN_POINT('',(-1.6,4.,13.));
#3274=DIRECTION('',(-0.707106781186546,-0.707106781186549,0.));
#3275=DIRECTION('',(0.707106781186549,-0.707106781186546,0.));
#3276=FACE_BOUND('',#3277,.T.);
#3277=EDGE_LOOP('',(#5308,#5309,#5310,#5311,#5312,#5313,#5314,#5315));
#3278=PLANE('',#3279);
#3279=AXIS2_PLACEMENT_3D('',#3280,#3281,#3282);
#3280=CARTESIAN_POINT('',(-1.6,-4.5,0.));
#3281=DIRECTION('',(-1.,0.,0.));
#3282=DIRECTION('',(0.,0.,1.));
#3283=FACE_BOUND('',#3284,.T.);
#3284=EDGE_LOOP('',(#5316,#5317,#5318,#5319));
#3285=CYLINDRICAL_SURFACE('',#3286,0.25);
#3286=AXIS2_PLACEMENT_3D('',#3287,#3288,#3289);
#3287=CARTESIAN_POINT('',(22.5,4.25,13.25));
#3288=DIRECTION('',(-1.,0.,0.));
#3289=DIRECTION('',(0.,-0.,1.));
#3290=FACE_BOUND('',#3291,.T.);
#3291=EDGE_LOOP('',(#5320,#5321,#5322,#5323,#5324,#5325,#5326,#5327,#5328,#5329,
#5330,#5331,#5332,#5333,#5334,#5335,#5336));
#3292=PLANE('',#3293);
#3293=AXIS2_PLACEMENT_3D('',#3294,#3295,#3296);
#3294=CARTESIAN_POINT('',(-2.5,0.,0.));
#3295=DIRECTION('',(-1.,0.,0.));
#3296=DIRECTION('',(0.,0.,-1.));
#3297=FACE_BOUND('',#3298,.T.);
#3298=EDGE_LOOP('',(#5337,#5338,#5339,#5340));
#3299=PLANE('',#3300);
#3300=AXIS2_PLACEMENT_3D('',#3301,#3302,#3303);
#3301=CARTESIAN_POINT('',(-1.7,3.4,8.8));
#3302=DIRECTION('',(-0.351123441588391,0.936329177569045,0.));
#3303=DIRECTION('',(-0.936329177569045,-0.351123441588391,0.));
#3304=FACE_BOUND('',#3305,.T.);
#3305=EDGE_LOOP('',(#5341,#5342,#5343,#5344));
#3306=PLANE('',#3307);
#3307=AXIS2_PLACEMENT_3D('',#3308,#3309,#3310);
#3308=CARTESIAN_POINT('',(-1.7,2.,8.8));
#3309=DIRECTION('',(1.,0.,0.));
#3310=DIRECTION('',(0.,1.,0.));
#3311=FACE_BOUND('',#3312,.T.);
#3312=EDGE_LOOP('',(#5345,#5346,#5347,#5348));
#3313=PLANE('',#3314);
#3314=AXIS2_PLACEMENT_3D('',#3315,#3316,#3317);
#3315=CARTESIAN_POINT('',(-2.5,2.3,8.8));
#3316=DIRECTION('',(-0.351123441588391,-0.936329177569045,0.));
#3317=DIRECTION('',(0.936329177569045,-0.351123441588391,0.));
#3318=FACE_BOUND('',#3319,.T.);
#3319=EDGE_LOOP('',(#5349,#5350,#5351,#5352));
#3320=CYLINDRICAL_SURFACE('',#3321,0.5);
#3321=AXIS2_PLACEMENT_3D('',#3322,#3323,#3324);
#3322=CARTESIAN_POINT('',(-2.5,-1.5,8.8));
#3323=DIRECTION('',(0.,0.,1.));
#3324=DIRECTION('',(1.,0.,0.));
#3325=FACE_BOUND('',#3326,.T.);
#3326=EDGE_LOOP('',(#5353,#5354,#5355,#5356));
#3327=CYLINDRICAL_SURFACE('',#3328,0.25);
#3328=AXIS2_PLACEMENT_3D('',#3329,#3330,#3331);
#3329=CARTESIAN_POINT('',(22.5,-2.28447650275517,13.25));
#3330=DIRECTION('',(-1.,0.,0.));
#3331=DIRECTION('',(0.,-0.989090177883092,0.147311303080222));
#3332=FACE_BOUND('',#3333,.T.);
#3333=EDGE_LOOP('',(#5357,#5358,#5359,#5360,#5361,#5362,#5363,#5364,#5365,#5366,
#5367,#5368,#5369,#5370,#5371,#5372,#5373));
#3334=PLANE('',#3335);
#3335=AXIS2_PLACEMENT_3D('',#3336,#3337,#3338);
#3336=CARTESIAN_POINT('',(22.5,0.,0.));
#3337=DIRECTION('',(-1.,0.,0.));
#3338=DIRECTION('',(0.,0.,-1.));
#3339=FACE_BOUND('',#3340,.T.);
#3340=EDGE_LOOP('',(#5374,#5375,#5376,#5377));
#3341=CYLINDRICAL_SURFACE('',#3342,0.5);
#3342=AXIS2_PLACEMENT_3D('',#3343,#3344,#3345);
#3343=CARTESIAN_POINT('',(22.5,-1.5,8.8));
#3344=DIRECTION('',(0.,0.,1.));
#3345=DIRECTION('',(1.,0.,0.));
#3346=FACE_BOUND('',#3347,.T.);
#3347=EDGE_LOOP('',(#5378,#5379,#5380,#5381));
#3348=PLANE('',#3349);
#3349=AXIS2_PLACEMENT_3D('',#3350,#3351,#3352);
#3350=CARTESIAN_POINT('',(22.5,2.3,8.8));
#3351=DIRECTION('',(-0.351123441588392,-0.936329177569044,0.));
#3352=DIRECTION('',(0.936329177569044,-0.351123441588392,0.));
#3353=FACE_BOUND('',#3354,.T.);
#3354=EDGE_LOOP('',(#5382,#5383,#5384,#5385));
#3355=PLANE('',#3356);
#3356=AXIS2_PLACEMENT_3D('',#3357,#3358,#3359);
#3357=CARTESIAN_POINT('',(23.3,2.,8.8));
#3358=DIRECTION('',(1.,0.,0.));
#3359=DIRECTION('',(0.,1.,0.));
#3360=FACE_BOUND('',#3361,.T.);
#3361=EDGE_LOOP('',(#5386,#5387,#5388,#5389));
#3362=PLANE('',#3363);
#3363=AXIS2_PLACEMENT_3D('',#3364,#3365,#3366);
#3364=CARTESIAN_POINT('',(23.3,3.4,8.8));
#3365=DIRECTION('',(-0.351123441588392,0.936329177569044,0.));
#3366=DIRECTION('',(-0.936329177569044,-0.351123441588392,0.));
#3367=FACE_BOUND('',#3368,.T.);
#3368=EDGE_LOOP('',(#5390,#5391,#5392,#5393));
#3369=CYLINDRICAL_SURFACE('',#3370,0.25);
#3370=AXIS2_PLACEMENT_3D('',#3371,#3372,#3373);
#3371=CARTESIAN_POINT('',(22.5,4.25,13.25));
#3372=DIRECTION('',(-1.,0.,0.));
#3373=DIRECTION('',(0.,-0.,1.));
#3374=FACE_BOUND('',#3375,.T.);
#3375=EDGE_LOOP('',(#5394,#5395,#5396,#5397,#5398,#5399,#5400,#5401,#5402,#5403,
#5404));
#3376=PLANE('',#3377);
#3377=AXIS2_PLACEMENT_3D('',#3378,#3379,#3380);
#3378=CARTESIAN_POINT('',(21.6,-4.5,0.4));
#3379=DIRECTION('',(1.,-0.,0.));
#3380=DIRECTION('',(0.,0.,-1.));
#3381=FACE_BOUND('',#3382,.T.);
#3382=EDGE_LOOP('',(#5405,#5406,#5407,#5408));
#3383=CYLINDRICAL_SURFACE('',#3384,2.7);
#3384=AXIS2_PLACEMENT_3D('',#3385,#3386,#3387);
#3385=CARTESIAN_POINT('',(20.,0.,8.8));
#3386=DIRECTION('',(-0.,-0.,-1.));
#3387=DIRECTION('',(-0.75925925925926,0.65078827373354,0.));
#3388=FACE_BOUND('',#3389,.T.);
#3389=EDGE_LOOP('',(#5409,#5410,#5411,#5412,#5413,#5414,#5415,#5416,#5417,#5418,
#5419));
#3390=PLANE('',#3391);
#3391=AXIS2_PLACEMENT_3D('',#3392,#3393,#3394);
#3392=CARTESIAN_POINT('',(17.95,-4.5,0.));
#3393=DIRECTION('',(-1.,0.,0.));
#3394=DIRECTION('',(0.,0.,1.));
#3395=FACE_OUTER_BOUND('',#3396,.T.);
#3396=EDGE_LOOP('',(#5420));
#3397=FACE_OUTER_BOUND('',#3398,.T.);
#3398=EDGE_LOOP('',(#5421));
#3399=TOROIDAL_SURFACE('',#3400,2.,0.15);
#3400=AXIS2_PLACEMENT_3D('',#3401,#3402,#3403);
#3401=CARTESIAN_POINT('',(5.,-5.10136967492292E-030,13.35));
#3402=DIRECTION('',(-0.,1.21461182736277E-031,1.));
#3403=DIRECTION('',(0.,1.,-1.21461182736277E-031));
#3404=FACE_OUTER_BOUND('',#3405,.T.);
#3405=EDGE_LOOP('',(#5422));
#3406=FACE_OUTER_BOUND('',#3407,.T.);
#3407=EDGE_LOOP('',(#5423));
#3408=TOROIDAL_SURFACE('',#3409,2.,0.15);
#3409=AXIS2_PLACEMENT_3D('',#3410,#3411,#3412);
#3410=CARTESIAN_POINT('',(10.,-5.10136967492292E-030,13.35));
#3411=DIRECTION('',(-0.,1.21461182736277E-031,1.));
#3412=DIRECTION('',(0.,1.,-1.21461182736277E-031));
#3413=FACE_OUTER_BOUND('',#3414,.T.);
#3414=EDGE_LOOP('',(#5424));
#3415=FACE_OUTER_BOUND('',#3416,.T.);
#3416=EDGE_LOOP('',(#5425));
#3417=TOROIDAL_SURFACE('',#3418,2.,0.15);
#3418=AXIS2_PLACEMENT_3D('',#3419,#3420,#3421);
#3419=CARTESIAN_POINT('',(15.,-5.10136967492292E-030,13.35));
#3420=DIRECTION('',(-0.,1.21461182736277E-031,1.));
#3421=DIRECTION('',(0.,1.,-1.21461182736277E-031));
#3422=FACE_OUTER_BOUND('',#3423,.T.);
#3423=EDGE_LOOP('',(#5426));
#3424=FACE_OUTER_BOUND('',#3425,.T.);
#3425=EDGE_LOOP('',(#5427));
#3426=TOROIDAL_SURFACE('',#3427,2.,0.15);
#3427=AXIS2_PLACEMENT_3D('',#3428,#3429,#3430);
#3428=CARTESIAN_POINT('',(20.,-5.10136967492292E-030,13.35));
#3429=DIRECTION('',(-0.,1.21461182736277E-031,1.));
#3430=DIRECTION('',(0.,1.,-1.21461182736277E-031));
#3431=FACE_OUTER_BOUND('',#3432,.T.);
#3432=EDGE_LOOP('',(#5428));
#3433=FACE_OUTER_BOUND('',#3434,.T.);
#3434=EDGE_LOOP('',(#5429));
#3435=TOROIDAL_SURFACE('',#3436,2.,0.15);
#3436=AXIS2_PLACEMENT_3D('',#3437,#3438,#3439);
#3437=CARTESIAN_POINT('',(0.,-5.10136967492292E-030,13.35));
#3438=DIRECTION('',(-0.,1.21461182736277E-031,1.));
#3439=DIRECTION('',(0.,1.,-1.21461182736277E-031));
#3440=FACE_OUTER_BOUND('',#3441,.T.);
#3441=EDGE_LOOP('',(#5430));
#3442=FACE_OUTER_BOUND('',#3443,.T.);
#3443=EDGE_LOOP('',(#5431));
#3444=CYLINDRICAL_SURFACE('',#3445,0.5);
#3445=AXIS2_PLACEMENT_3D('',#3446,#3447,#3448);
#3446=CARTESIAN_POINT('',(17.5,-1.5,8.8));
#3447=DIRECTION('',(0.,0.,1.));
#3448=DIRECTION('',(1.,0.,0.));
#3449=FACE_OUTER_BOUND('',#3450,.T.);
#3450=EDGE_LOOP('',(#5432));
#3451=FACE_OUTER_BOUND('',#3452,.T.);
#3452=EDGE_LOOP('',(#5433));
#3453=CYLINDRICAL_SURFACE('',#3454,0.5);
#3454=AXIS2_PLACEMENT_3D('',#3455,#3456,#3457);
#3455=CARTESIAN_POINT('',(12.5,-1.5,8.8));
#3456=DIRECTION('',(0.,0.,1.));
#3457=DIRECTION('',(1.,0.,0.));
#3458=FACE_OUTER_BOUND('',#3459,.T.);
#3459=EDGE_LOOP('',(#5434));
#3460=FACE_OUTER_BOUND('',#3461,.T.);
#3461=EDGE_LOOP('',(#5435));
#3462=CYLINDRICAL_SURFACE('',#3463,0.5);
#3463=AXIS2_PLACEMENT_3D('',#3464,#3465,#3466);
#3464=CARTESIAN_POINT('',(7.5,-1.5,8.8));
#3465=DIRECTION('',(0.,0.,1.));
#3466=DIRECTION('',(1.,0.,0.));
#3467=FACE_OUTER_BOUND('',#3468,.T.);
#3468=EDGE_LOOP('',(#5436));
#3469=FACE_OUTER_BOUND('',#3470,.T.);
#3470=EDGE_LOOP('',(#5437));
#3471=CYLINDRICAL_SURFACE('',#3472,0.5);
#3472=AXIS2_PLACEMENT_3D('',#3473,#3474,#3475);
#3473=CARTESIAN_POINT('',(2.5,-1.5,8.8));
#3474=DIRECTION('',(0.,0.,1.));
#3475=DIRECTION('',(1.,0.,0.));
#3476=FACE_BOUND('',#3477,.T.);
#3477=EDGE_LOOP('',(#5438,#5439,#5440,#5441));
#3478=PLANE('',#3479);
#3479=AXIS2_PLACEMENT_3D('',#3480,#3481,#3482);
#3480=CARTESIAN_POINT('',(15.95,-4.5,0.));
#3481=DIRECTION('',(1.,0.,0.));
#3482=DIRECTION('',(0.,1.,0.));
#3483=FACE_BOUND('',#3484,.T.);
#3484=EDGE_LOOP('',(#5442,#5443,#5444,#5445));
#3485=CYLINDRICAL_SURFACE('',#3486,0.95);
#3486=AXIS2_PLACEMENT_3D('',#3487,#3488,#3489);
#3487=CARTESIAN_POINT('',(15.,0.,0.));
#3488=DIRECTION('',(0.,0.,1.));
#3489=DIRECTION('',(1.,0.,0.));
#3490=FACE_BOUND('',#3491,.T.);
#3491=EDGE_LOOP('',(#5446,#5447,#5448,#5449));
#3492=PLANE('',#3493);
#3493=AXIS2_PLACEMENT_3D('',#3494,#3495,#3496);
#3494=CARTESIAN_POINT('',(14.05,-1.42339279839099E-018,0.));
#3495=DIRECTION('',(-1.,0.,0.));
#3496=DIRECTION('',(0.,-1.,0.));
#3497=FACE_BOUND('',#3498,.T.);
#3498=EDGE_LOOP('',(#5450,#5451,#5452,#5453));
#3499=PLANE('',#3500);
#3500=AXIS2_PLACEMENT_3D('',#3501,#3502,#3503);
#3501=CARTESIAN_POINT('',(9.05,-1.42339279839099E-018,0.));
#3502=DIRECTION('',(-1.,0.,0.));
#3503=DIRECTION('',(0.,-1.,0.));
#3504=FACE_BOUND('',#3505,.T.);
#3505=EDGE_LOOP('',(#5454,#5455,#5456,#5457,#5458,#5459,#5460,#5461,#5462,#5463,
#5464,#5465,#5466,#5467));
#3506=PLANE('',#3507);
#3507=AXIS2_PLACEMENT_3D('',#3508,#3509,#3510);
#3508=CARTESIAN_POINT('',(12.05,-4.5,1.));
#3509=DIRECTION('',(0.,0.,-1.));
#3510=DIRECTION('',(-1.,0.,0.));
#3511=FACE_BOUND('',#3512,.T.);
#3512=EDGE_LOOP('',(#5468,#5469,#5470,#5471));
#3513=PLANE('',#3514);
#3514=AXIS2_PLACEMENT_3D('',#3515,#3516,#3517);
#3515=CARTESIAN_POINT('',(7.8,-4.5,9.54848645167277));
#3516=DIRECTION('',(0.939692620785909,-0.342020143325668,0.));
#3517=DIRECTION('',(0.,0.,-1.));
#3518=FACE_BOUND('',#3519,.T.);
#3519=EDGE_LOOP('',(#5472,#5473,#5474,#5475,#5476,#5477,#5478,#5479,#5480,#5481));
#3520=FACE_BOUND('',#3521,.T.);
#3521=EDGE_LOOP('',(#5482));
#3522=PLANE('',#3523);
#3523=AXIS2_PLACEMENT_3D('',#3524,#3525,#3526);
#3524=CARTESIAN_POINT('',(7.95,-4.5,7.3));
#3525=DIRECTION('',(0.,0.,1.));
#3526=DIRECTION('',(1.,0.,0.));
#3527=FACE_BOUND('',#3528,.T.);
#3528=EDGE_LOOP('',(#5483,#5484,#5485,#5486));
#3529=PLANE('',#3530);
#3530=AXIS2_PLACEMENT_3D('',#3531,#3532,#3533);
#3531=CARTESIAN_POINT('',(12.2,-4.5,-0.124243225836386));
#3532=DIRECTION('',(-0.939692620785907,-0.342020143325673,-1.72570667176635E-016));
#3533=DIRECTION('',(-1.83645868190714E-016,0.,1.));
#3534=FACE_BOUND('',#3535,.T.);
#3535=EDGE_LOOP('',(#5487,#5488,#5489,#5490));
#3536=PLANE('',#3537);
#3537=AXIS2_PLACEMENT_3D('',#3538,#3539,#3540);
#3538=CARTESIAN_POINT('',(10.95,-4.5,0.));
#3539=DIRECTION('',(1.,0.,0.));
#3540=DIRECTION('',(0.,1.,0.));
#3541=FACE_BOUND('',#3542,.T.);
#3542=EDGE_LOOP('',(#5491,#5492,#5493,#5494,#5495,#5496,#5497,#5498,#5499,#5500,
#5501,#5502,#5503,#5504));
#3543=PLANE('',#3544);
#3544=AXIS2_PLACEMENT_3D('',#3545,#3546,#3547);
#3545=CARTESIAN_POINT('',(17.05,-4.5,1.));
#3546=DIRECTION('',(0.,0.,-1.));
#3547=DIRECTION('',(-1.,0.,0.));
#3548=FACE_BOUND('',#3549,.T.);
#3549=EDGE_LOOP('',(#5505,#5506,#5507,#5508));
#3550=PLANE('',#3551);
#3551=AXIS2_PLACEMENT_3D('',#3552,#3553,#3554);
#3552=CARTESIAN_POINT('',(12.8,-4.5,9.54848645167277));
#3553=DIRECTION('',(0.93969262078591,-0.342020143325666,-1.72570667176635E-016));
#3554=DIRECTION('',(-1.83645868190714E-016,0.,-1.));
#3555=FACE_BOUND('',#3556,.T.);
#3556=EDGE_LOOP('',(#5509,#5510,#5511,#5512,#5513,#5514,#5515,#5516,#5517,#5518));
#3557=FACE_BOUND('',#3558,.T.);
#3558=EDGE_LOOP('',(#5519));
#3559=PLANE('',#3560);
#3560=AXIS2_PLACEMENT_3D('',#3561,#3562,#3563);
#3561=CARTESIAN_POINT('',(12.95,-4.5,7.3));
#3562=DIRECTION('',(0.,0.,1.));
#3563=DIRECTION('',(1.,0.,0.));
#3564=FACE_BOUND('',#3565,.T.);
#3565=EDGE_LOOP('',(#5520,#5521,#5522,#5523));
#3566=PLANE('',#3567);
#3567=AXIS2_PLACEMENT_3D('',#3568,#3569,#3570);
#3568=CARTESIAN_POINT('',(17.2,-4.5,-0.124243225836386));
#3569=DIRECTION('',(-0.93969262078591,-0.342020143325666,0.));
#3570=DIRECTION('',(0.,0.,1.));
#3571=FACE_BOUND('',#3572,.T.);
#3572=EDGE_LOOP('',(#5524,#5525,#5526,#5527,#5528,#5529,#5530,#5531));
#3573=PLANE('',#3574);
#3574=AXIS2_PLACEMENT_3D('',#3575,#3576,#3577);
#3575=CARTESIAN_POINT('',(17.95,-4.5,0.4));
#3576=DIRECTION('',(0.,0.,1.));
#3577=DIRECTION('',(1.,0.,0.));
#3578=FACE_BOUND('',#3579,.T.);
#3579=EDGE_LOOP('',(#5532,#5533,#5534,#5535));
#3580=PLANE('',#3581);
#3581=AXIS2_PLACEMENT_3D('',#3582,#3583,#3584);
#3582=CARTESIAN_POINT('',(19.05,-1.42339279839099E-018,0.));
#3583=DIRECTION('',(-1.,0.,0.));
#3584=DIRECTION('',(0.,-1.,0.));
#3585=FACE_BOUND('',#3586,.T.);
#3586=EDGE_LOOP('',(#5536,#5537,#5538,#5539,#5540,#5541,#5542,#5543,#5544,#5545,
#5546,#5547,#5548,#5549));
#3587=PLANE('',#3588);
#3588=AXIS2_PLACEMENT_3D('',#3589,#3590,#3591);
#3589=CARTESIAN_POINT('',(22.05,-4.5,1.));
#3590=DIRECTION('',(0.,0.,-1.));
#3591=DIRECTION('',(-1.,0.,0.));
#3592=FACE_BOUND('',#3593,.T.);
#3593=EDGE_LOOP('',(#5550,#5551,#5552,#5553));
#3594=PLANE('',#3595);
#3595=AXIS2_PLACEMENT_3D('',#3596,#3597,#3598);
#3596=CARTESIAN_POINT('',(17.8,-4.5,9.54848645167277));
#3597=DIRECTION('',(0.93969262078591,-0.342020143325666,0.));
#3598=DIRECTION('',(0.,0.,-1.));
#3599=FACE_BOUND('',#3600,.T.);
#3600=EDGE_LOOP('',(#5554,#5555,#5556,#5557,#5558,#5559,#5560,#5561,#5562,#5563));
#3601=FACE_BOUND('',#3602,.T.);
#3602=EDGE_LOOP('',(#5564));
#3603=PLANE('',#3604);
#3604=AXIS2_PLACEMENT_3D('',#3605,#3606,#3607);
#3605=CARTESIAN_POINT('',(17.95,-4.5,7.3));
#3606=DIRECTION('',(0.,0.,1.));
#3607=DIRECTION('',(1.,0.,0.));
#3608=FACE_BOUND('',#3609,.T.);
#3609=EDGE_LOOP('',(#5565,#5566,#5567,#5568));
#3610=PLANE('',#3611);
#3611=AXIS2_PLACEMENT_3D('',#3612,#3613,#3614);
#3612=CARTESIAN_POINT('',(22.2,-4.5,-0.124243225836386));
#3613=DIRECTION('',(-0.93969262078591,-0.342020143325666,0.));
#3614=DIRECTION('',(0.,0.,1.));
#3615=FACE_BOUND('',#3616,.T.);
#3616=EDGE_LOOP('',(#5569,#5570,#5571,#5572));
#3617=PLANE('',#3618);
#3618=AXIS2_PLACEMENT_3D('',#3619,#3620,#3621);
#3619=CARTESIAN_POINT('',(20.95,-4.5,0.));
#3620=DIRECTION('',(1.,0.,0.));
#3621=DIRECTION('',(0.,1.,0.));
#3622=FACE_BOUND('',#3623,.T.);
#3623=EDGE_LOOP('',(#5573,#5574,#5575,#5576));
#3624=PLANE('',#3625);
#3625=AXIS2_PLACEMENT_3D('',#3626,#3627,#3628);
#3626=CARTESIAN_POINT('',(22.5,4.5,0.));
#3627=DIRECTION('',(-0.,-5.34980540107565E-036,-1.));
#3628=DIRECTION('',(0.,-1.,5.34980540107565E-036));
#3629=FACE_BOUND('',#3630,.T.);
#3630=EDGE_LOOP('',(#5577,#5578,#5579,#5580));
#3631=CYLINDRICAL_SURFACE('',#3632,0.25);
#3632=AXIS2_PLACEMENT_3D('',#3633,#3634,#3635);
#3633=CARTESIAN_POINT('',(22.5,-4.25,8.55));
#3634=DIRECTION('',(-1.,0.,0.));
#3635=DIRECTION('',(0.,-1.,0.));
#3636=FACE_BOUND('',#3637,.T.);
#3637=EDGE_LOOP('',(#5581,#5582,#5583,#5584));
#3638=PLANE('',#3639);
#3639=AXIS2_PLACEMENT_3D('',#3640,#3641,#3642);
#3640=CARTESIAN_POINT('',(22.5,4.5,0.));
#3641=DIRECTION('',(-0.,-5.34980540107565E-036,-1.));
#3642=DIRECTION('',(0.,-1.,5.34980540107565E-036));
#3643=FACE_BOUND('',#3644,.T.);
#3644=EDGE_LOOP('',(#5585,#5586,#5587,#5588,#5589,#5590,#5591,#5592));
#3645=PLANE('',#3646);
#3646=AXIS2_PLACEMENT_3D('',#3647,#3648,#3649);
#3647=CARTESIAN_POINT('',(-1.6,-4.5,0.4));
#3648=DIRECTION('',(0.,0.,1.));
#3649=DIRECTION('',(1.,0.,0.));
#3650=FACE_BOUND('',#3651,.T.);
#3651=EDGE_LOOP('',(#5593,#5594,#5595,#5596));
#3652=PLANE('',#3653);
#3653=AXIS2_PLACEMENT_3D('',#3654,#3655,#3656);
#3654=CARTESIAN_POINT('',(-0.95,-1.42339279839099E-018,0.));
#3655=DIRECTION('',(-1.,0.,0.));
#3656=DIRECTION('',(0.,-1.,0.));
#3657=FACE_BOUND('',#3658,.T.);
#3658=EDGE_LOOP('',(#5597,#5598,#5599,#5600,#5601,#5602,#5603,#5604,#5605,#5606,
#5607,#5608,#5609,#5610));
#3659=PLANE('',#3660);
#3660=AXIS2_PLACEMENT_3D('',#3661,#3662,#3663);
#3661=CARTESIAN_POINT('',(2.05,-4.5,1.));
#3662=DIRECTION('',(0.,0.,-1.));
#3663=DIRECTION('',(-1.,0.,0.));
#3664=FACE_BOUND('',#3665,.T.);
#3665=EDGE_LOOP('',(#5611,#5612,#5613,#5614));
#3666=PLANE('',#3667);
#3667=AXIS2_PLACEMENT_3D('',#3668,#3669,#3670);
#3668=CARTESIAN_POINT('',(-2.2,-4.5,9.54848645167277));
#3669=DIRECTION('',(0.939692620785911,-0.34202014332566,-3.45141334353271E-016));
#3670=DIRECTION('',(-3.67291736381427E-016,0.,-1.));
#3671=FACE_BOUND('',#3672,.T.);
#3672=EDGE_LOOP('',(#5615,#5616,#5617,#5618,#5619,#5620,#5621,#5622,#5623,#5624));
#3673=FACE_BOUND('',#3674,.T.);
#3674=EDGE_LOOP('',(#5625));
#3675=PLANE('',#3676);
#3676=AXIS2_PLACEMENT_3D('',#3677,#3678,#3679);
#3677=CARTESIAN_POINT('',(-2.05,-4.5,7.3));
#3678=DIRECTION('',(0.,0.,1.));
#3679=DIRECTION('',(1.,0.,0.));
#3680=FACE_BOUND('',#3681,.T.);
#3681=EDGE_LOOP('',(#5626,#5627,#5628,#5629));
#3682=PLANE('',#3683);
#3683=AXIS2_PLACEMENT_3D('',#3684,#3685,#3686);
#3684=CARTESIAN_POINT('',(2.2,-4.5,-0.124243225836386));
#3685=DIRECTION('',(-0.939692620785906,-0.342020143325675,0.));
#3686=DIRECTION('',(0.,0.,1.));
#3687=FACE_BOUND('',#3688,.T.);
#3688=EDGE_LOOP('',(#5630,#5631,#5632,#5633));
#3689=PLANE('',#3690);
#3690=AXIS2_PLACEMENT_3D('',#3691,#3692,#3693);
#3691=CARTESIAN_POINT('',(0.95,-4.5,0.));
#3692=DIRECTION('',(1.,0.,0.));
#3693=DIRECTION('',(0.,1.,0.));
#3694=FACE_BOUND('',#3695,.T.);
#3695=EDGE_LOOP('',(#5634,#5635,#5636,#5637));
#3696=PLANE('',#3697);
#3697=AXIS2_PLACEMENT_3D('',#3698,#3699,#3700);
#3698=CARTESIAN_POINT('',(22.5,4.5,0.));
#3699=DIRECTION('',(-0.,-5.34980540107565E-036,-1.));
#3700=DIRECTION('',(0.,-1.,5.34980540107565E-036));
#3701=FACE_BOUND('',#3702,.T.);
#3702=EDGE_LOOP('',(#5638,#5639,#5640,#5641,#5642,#5643,#5644,#5645));
#3703=PLANE('',#3704);
#3704=AXIS2_PLACEMENT_3D('',#3705,#3706,#3707);
#3705=CARTESIAN_POINT('',(2.95,-4.5,0.4));
#3706=DIRECTION('',(0.,0.,1.));
#3707=DIRECTION('',(1.,0.,0.));
#3708=FACE_BOUND('',#3709,.T.);
#3709=EDGE_LOOP('',(#5646,#5647,#5648,#5649));
#3710=PLANE('',#3711);
#3711=AXIS2_PLACEMENT_3D('',#3712,#3713,#3714);
#3712=CARTESIAN_POINT('',(4.05,-1.42339279839099E-018,0.));
#3713=DIRECTION('',(-1.,0.,0.));
#3714=DIRECTION('',(0.,-1.,0.));
#3715=FACE_BOUND('',#3716,.T.);
#3716=EDGE_LOOP('',(#5650,#5651,#5652,#5653,#5654,#5655,#5656,#5657,#5658,#5659,
#5660,#5661,#5662,#5663));
#3717=PLANE('',#3718);
#3718=AXIS2_PLACEMENT_3D('',#3719,#3720,#3721);
#3719=CARTESIAN_POINT('',(7.05,-4.5,1.));
#3720=DIRECTION('',(0.,0.,-1.));
#3721=DIRECTION('',(-1.,0.,0.));
#3722=FACE_BOUND('',#3723,.T.);
#3723=EDGE_LOOP('',(#5664,#5665,#5666,#5667));
#3724=PLANE('',#3725);
#3725=AXIS2_PLACEMENT_3D('',#3726,#3727,#3728);
#3726=CARTESIAN_POINT('',(2.8,-4.5,9.54848645167277));
#3727=DIRECTION('',(0.939692620785909,-0.342020143325668,0.));
#3728=DIRECTION('',(0.,0.,-1.));
#3729=FACE_BOUND('',#3730,.T.);
#3730=EDGE_LOOP('',(#5668,#5669,#5670,#5671,#5672,#5673,#5674,#5675,#5676,#5677));
#3731=FACE_BOUND('',#3732,.T.);
#3732=EDGE_LOOP('',(#5678));
#3733=PLANE('',#3734);
#3734=AXIS2_PLACEMENT_3D('',#3735,#3736,#3737);
#3735=CARTESIAN_POINT('',(2.95,-4.5,7.3));
#3736=DIRECTION('',(0.,0.,1.));
#3737=DIRECTION('',(1.,0.,0.));
#3738=FACE_BOUND('',#3739,.T.);
#3739=EDGE_LOOP('',(#5679,#5680,#5681,#5682));
#3740=PLANE('',#3741);
#3741=AXIS2_PLACEMENT_3D('',#3742,#3743,#3744);
#3742=CARTESIAN_POINT('',(7.2,-4.5,-0.124243225836386));
#3743=DIRECTION('',(-0.939692620785909,-0.342020143325668,-1.72570667176635E-016));
#3744=DIRECTION('',(-1.83645868190714E-016,0.,1.));
#3745=FACE_BOUND('',#3746,.T.);
#3746=EDGE_LOOP('',(#5683,#5684,#5685,#5686));
#3747=PLANE('',#3748);
#3748=AXIS2_PLACEMENT_3D('',#3749,#3750,#3751);
#3749=CARTESIAN_POINT('',(5.95,-4.5,0.));
#3750=DIRECTION('',(1.,0.,0.));
#3751=DIRECTION('',(0.,1.,0.));
#3752=FACE_BOUND('',#3753,.T.);
#3753=EDGE_LOOP('',(#5687,#5688,#5689,#5690));
#3754=CYLINDRICAL_SURFACE('',#3755,0.95);
#3755=AXIS2_PLACEMENT_3D('',#3756,#3757,#3758);
#3756=CARTESIAN_POINT('',(10.,0.,0.));
#3757=DIRECTION('',(0.,0.,1.));
#3758=DIRECTION('',(1.,0.,0.));
#3759=FACE_BOUND('',#3760,.T.);
#3760=EDGE_LOOP('',(#5691,#5692,#5693,#5694));
#3761=PLANE('',#3762);
#3762=AXIS2_PLACEMENT_3D('',#3763,#3764,#3765);
#3763=CARTESIAN_POINT('',(2.95000000000216,4.,0.));
#3764=DIRECTION('',(0.,-1.,0.));
#3765=DIRECTION('',(1.,0.,0.));
#3766=FACE_BOUND('',#3767,.T.);
#3767=EDGE_LOOP('',(#5695,#5696,#5697,#5698));
#3768=PLANE('',#3769);
#3769=AXIS2_PLACEMENT_3D('',#3770,#3771,#3772);
#3770=CARTESIAN_POINT('',(0.,0.,13.));
#3771=DIRECTION('',(0.,-0.,1.));
#3772=DIRECTION('',(1.,0.,0.));
#3773=FACE_BOUND('',#3774,.T.);
#3774=EDGE_LOOP('',(#5699,#5700,#5701,#5702));
#3775=PLANE('',#3776);
#3776=AXIS2_PLACEMENT_3D('',#3777,#3778,#3779);
#3777=CARTESIAN_POINT('',(7.05,3.5,8.8));
#3778=DIRECTION('',(0.,1.,-0.));
#3779=DIRECTION('',(-1.,0.,0.));
#3780=FACE_BOUND('',#3781,.T.);
#3781=EDGE_LOOP('',(#5703,#5704,#5705,#5706));
#3782=PLANE('',#3783);
#3783=AXIS2_PLACEMENT_3D('',#3784,#3785,#3786);
#3784=CARTESIAN_POINT('',(0.,0.,8.8));
#3785=DIRECTION('',(0.,-0.,1.));
#3786=DIRECTION('',(1.,0.,0.));
#3787=FACE_BOUND('',#3788,.T.);
#3788=EDGE_LOOP('',(#5707,#5708,#5709,#5710));
#3789=PLANE('',#3790);
#3790=AXIS2_PLACEMENT_3D('',#3791,#3792,#3793);
#3791=CARTESIAN_POINT('',(22.5,4.5,13.25));
#3792=DIRECTION('',(0.,1.,0.));
#3793=DIRECTION('',(0.,0.,-1.));
#3794=FACE_BOUND('',#3795,.T.);
#3795=EDGE_LOOP('',(#5711,#5712,#5713,#5714));
#3796=PLANE('',#3797);
#3797=AXIS2_PLACEMENT_3D('',#3798,#3799,#3800);
#3798=CARTESIAN_POINT('',(-1.6,4.,0.));
#3799=DIRECTION('',(0.,-1.,0.));
#3800=DIRECTION('',(1.,0.,0.));
#3801=FACE_BOUND('',#3802,.T.);
#3802=EDGE_LOOP('',(#5715,#5716,#5717,#5718));
#3803=PLANE('',#3804);
#3804=AXIS2_PLACEMENT_3D('',#3805,#3806,#3807);
#3805=CARTESIAN_POINT('',(0.,0.,13.));
#3806=DIRECTION('',(0.,-0.,1.));
#3807=DIRECTION('',(1.,0.,0.));
#3808=FACE_BOUND('',#3809,.T.);
#3809=EDGE_LOOP('',(#5719,#5720,#5721,#5722));
#3810=PLANE('',#3811);
#3811=AXIS2_PLACEMENT_3D('',#3812,#3813,#3814);
#3812=CARTESIAN_POINT('',(2.05,3.5,8.8));
#3813=DIRECTION('',(0.,1.,-0.));
#3814=DIRECTION('',(-1.,0.,0.));
#3815=FACE_BOUND('',#3816,.T.);
#3816=EDGE_LOOP('',(#5723,#5724,#5725,#5726));
#3817=PLANE('',#3818);
#3818=AXIS2_PLACEMENT_3D('',#3819,#3820,#3821);
#3819=CARTESIAN_POINT('',(0.,0.,8.8));
#3820=DIRECTION('',(0.,-0.,1.));
#3821=DIRECTION('',(1.,0.,0.));
#3822=FACE_BOUND('',#3823,.T.);
#3823=EDGE_LOOP('',(#5727,#5728,#5729,#5730));
#3824=PLANE('',#3825);
#3825=AXIS2_PLACEMENT_3D('',#3826,#3827,#3828);
#3826=CARTESIAN_POINT('',(22.5,4.5,13.25));
#3827=DIRECTION('',(0.,1.,0.));
#3828=DIRECTION('',(0.,0.,-1.));
#3829=FACE_BOUND('',#3830,.T.);
#3830=EDGE_LOOP('',(#5731,#5732,#5733,#5734));
#3831=PLANE('',#3832);
#3832=AXIS2_PLACEMENT_3D('',#3833,#3834,#3835);
#3833=CARTESIAN_POINT('',(22.5,-4.25,8.8));
#3834=DIRECTION('',(0.,-0.,1.));
#3835=DIRECTION('',(0.,1.,0.));
#3836=FACE_BOUND('',#3837,.T.);
#3837=EDGE_LOOP('',(#5735,#5736,#5737,#5738));
#3838=PLANE('',#3839);
#3839=AXIS2_PLACEMENT_3D('',#3840,#3841,#3842);
#3840=CARTESIAN_POINT('',(22.5,-3.2,8.8));
#3841=DIRECTION('',(0.,-0.989090177881824,0.147311303088737));
#3842=DIRECTION('',(0.,0.147311303088737,0.989090177881824));
#3843=FACE_BOUND('',#3844,.T.);
#3844=EDGE_LOOP('',(#5739,#5740));
#3845=PLANE('',#3846);
#3846=AXIS2_PLACEMENT_3D('',#3847,#3848,#3849);
#3847=CARTESIAN_POINT('',(0.,0.,8.8));
#3848=DIRECTION('',(0.,-0.,1.));
#3849=DIRECTION('',(1.,0.,0.));
#3850=FACE_BOUND('',#3851,.T.);
#3851=EDGE_LOOP('',(#5741,#5742,#5743,#5744));
#3852=PLANE('',#3853);
#3853=AXIS2_PLACEMENT_3D('',#3854,#3855,#3856);
#3854=CARTESIAN_POINT('',(0.,0.,8.8));
#3855=DIRECTION('',(0.,-0.,1.));
#3856=DIRECTION('',(1.,0.,0.));
#3857=FACE_BOUND('',#3858,.T.);
#3858=EDGE_LOOP('',(#5745,#5746));
#3859=PLANE('',#3860);
#3860=AXIS2_PLACEMENT_3D('',#3861,#3862,#3863);
#3861=CARTESIAN_POINT('',(25.,0.,8.8));
#3862=DIRECTION('',(0.,-0.,1.));
#3863=DIRECTION('',(1.,0.,0.));
#3864=FACE_BOUND('',#3865,.T.);
#3865=EDGE_LOOP('',(#5747,#5748,#5749,#5750));
#3866=PLANE('',#3867);
#3867=AXIS2_PLACEMENT_3D('',#3868,#3869,#3870);
#3868=CARTESIAN_POINT('',(22.5,4.5,13.25));
#3869=DIRECTION('',(0.,1.,0.));
#3870=DIRECTION('',(0.,0.,-1.));
#3871=FACE_BOUND('',#3872,.T.);
#3872=EDGE_LOOP('',(#5751,#5752,#5753,#5754));
#3873=PLANE('',#3874);
#3874=AXIS2_PLACEMENT_3D('',#3875,#3876,#3877);
#3875=CARTESIAN_POINT('',(0.,0.,8.8));
#3876=DIRECTION('',(0.,-0.,1.));
#3877=DIRECTION('',(1.,0.,0.));
#3878=FACE_BOUND('',#3879,.T.);
#3879=EDGE_LOOP('',(#5755,#5756,#5757,#5758));
#3880=PLANE('',#3881);
#3881=AXIS2_PLACEMENT_3D('',#3882,#3883,#3884);
#3882=CARTESIAN_POINT('',(17.95,4.,0.));
#3883=DIRECTION('',(0.,-1.,0.));
#3884=DIRECTION('',(1.,0.,0.));
#3885=FACE_BOUND('',#3886,.T.);
#3886=EDGE_LOOP('',(#5759,#5760,#5761,#5762));
#3887=PLANE('',#3888);
#3888=AXIS2_PLACEMENT_3D('',#3889,#3890,#3891);
#3889=CARTESIAN_POINT('',(0.,0.,13.));
#3890=DIRECTION('',(0.,-0.,1.));
#3891=DIRECTION('',(1.,0.,0.));
#3892=FACE_BOUND('',#3893,.T.);
#3893=EDGE_LOOP('',(#5763,#5764,#5765,#5766));
#3894=PLANE('',#3895);
#3895=AXIS2_PLACEMENT_3D('',#3896,#3897,#3898);
#3896=CARTESIAN_POINT('',(21.6,3.5,8.8));
#3897=DIRECTION('',(0.,1.,-0.));
#3898=DIRECTION('',(-1.,0.,0.));
#3899=FACE_BOUND('',#3900,.T.);
#3900=EDGE_LOOP('',(#5767,#5768,#5769,#5770));
#3901=PLANE('',#3902);
#3902=AXIS2_PLACEMENT_3D('',#3903,#3904,#3905);
#3903=CARTESIAN_POINT('',(0.,0.,8.8));
#3904=DIRECTION('',(0.,-0.,1.));
#3905=DIRECTION('',(1.,0.,0.));
#3906=FACE_OUTER_BOUND('',#3907,.T.);
#3907=EDGE_LOOP('',(#5771));
#3908=FACE_OUTER_BOUND('',#3909,.T.);
#3909=EDGE_LOOP('',(#5772));
#3910=CYLINDRICAL_SURFACE('',#3911,2.);
#3911=AXIS2_PLACEMENT_3D('',#3912,#3913,#3914);
#3912=CARTESIAN_POINT('',(5.,-5.79977147565651E-030,7.6));
#3913=DIRECTION('',(-0.,1.21461182736277E-031,1.));
#3914=DIRECTION('',(0.,1.,-1.21461182736277E-031));
#3915=FACE_OUTER_BOUND('',#3916,.T.);
#3916=EDGE_LOOP('',(#5773));
#3917=FACE_OUTER_BOUND('',#3918,.T.);
#3918=EDGE_LOOP('',(#5774));
#3919=CYLINDRICAL_SURFACE('',#3920,2.);
#3920=AXIS2_PLACEMENT_3D('',#3921,#3922,#3923);
#3921=CARTESIAN_POINT('',(10.,-5.79977147565651E-030,7.6));
#3922=DIRECTION('',(-0.,1.21461182736277E-031,1.));
#3923=DIRECTION('',(0.,1.,-1.21461182736277E-031));
#3924=FACE_OUTER_BOUND('',#3925,.T.);
#3925=EDGE_LOOP('',(#5775));
#3926=FACE_OUTER_BOUND('',#3927,.T.);
#3927=EDGE_LOOP('',(#5776));
#3928=CYLINDRICAL_SURFACE('',#3929,2.);
#3929=AXIS2_PLACEMENT_3D('',#3930,#3931,#3932);
#3930=CARTESIAN_POINT('',(15.,-5.79977147565651E-030,7.6));
#3931=DIRECTION('',(-0.,1.21461182736277E-031,1.));
#3932=DIRECTION('',(0.,1.,-1.21461182736277E-031));
#3933=FACE_OUTER_BOUND('',#3934,.T.);
#3934=EDGE_LOOP('',(#5777));
#3935=FACE_OUTER_BOUND('',#3936,.T.);
#3936=EDGE_LOOP('',(#5778));
#3937=CYLINDRICAL_SURFACE('',#3938,2.);
#3938=AXIS2_PLACEMENT_3D('',#3939,#3940,#3941);
#3939=CARTESIAN_POINT('',(20.,-5.79977147565651E-030,7.6));
#3940=DIRECTION('',(-0.,1.21461182736277E-031,1.));
#3941=DIRECTION('',(0.,1.,-1.21461182736277E-031));
#3942=FACE_OUTER_BOUND('',#3943,.T.);
#3943=EDGE_LOOP('',(#5779));
#3944=FACE_OUTER_BOUND('',#3945,.T.);
#3945=EDGE_LOOP('',(#5780));
#3946=CYLINDRICAL_SURFACE('',#3947,2.);
#3947=AXIS2_PLACEMENT_3D('',#3948,#3949,#3950);
#3948=CARTESIAN_POINT('',(0.,-5.79977147565651E-030,7.6));
#3949=DIRECTION('',(-0.,1.21461182736277E-031,1.));
#3950=DIRECTION('',(0.,1.,-1.21461182736277E-031));
#3951=FACE_BOUND('',#3952,.T.);
#3952=EDGE_LOOP('',(#5781));
#3953=PLANE('',#3954);
#3954=AXIS2_PLACEMENT_3D('',#3955,#3956,#3957);
#3955=CARTESIAN_POINT('',(20.,0.,8.8));
#3956=DIRECTION('',(0.,-0.,1.));
#3957=DIRECTION('',(1.,0.,0.));
#3958=FACE_BOUND('',#3959,.T.);
#3959=EDGE_LOOP('',(#5782));
#3960=PLANE('',#3961);
#3961=AXIS2_PLACEMENT_3D('',#3962,#3963,#3964);
#3962=CARTESIAN_POINT('',(15.,0.,8.8));
#3963=DIRECTION('',(0.,-0.,1.));
#3964=DIRECTION('',(1.,0.,0.));
#3965=FACE_BOUND('',#3966,.T.);
#3966=EDGE_LOOP('',(#5783));
#3967=PLANE('',#3968);
#3968=AXIS2_PLACEMENT_3D('',#3969,#3970,#3971);
#3969=CARTESIAN_POINT('',(10.,0.,8.8));
#3970=DIRECTION('',(0.,-0.,1.));
#3971=DIRECTION('',(1.,0.,0.));
#3972=FACE_BOUND('',#3973,.T.);
#3973=EDGE_LOOP('',(#5784));
#3974=PLANE('',#3975);
#3975=AXIS2_PLACEMENT_3D('',#3976,#3977,#3978);
#3976=CARTESIAN_POINT('',(5.,0.,8.8));
#3977=DIRECTION('',(0.,-0.,1.));
#3978=DIRECTION('',(1.,0.,0.));
#3979=FACE_BOUND('',#3980,.T.);
#3980=EDGE_LOOP('',(#5785,#5786,#5787,#5788,#5789,#5790,#5791,#5792));
#3981=PLANE('',#3982);
#3982=AXIS2_PLACEMENT_3D('',#3983,#3984,#3985);
#3983=CARTESIAN_POINT('',(12.05,-4.5,7.3));
#3984=DIRECTION('',(1.,-0.,0.));
#3985=DIRECTION('',(0.,0.,-1.));
#3986=FACE_BOUND('',#3987,.T.);
#3987=EDGE_LOOP('',(#5793,#5794,#5795));
#3988=PLANE('',#3989);
#3989=AXIS2_PLACEMENT_3D('',#3990,#3991,#3992);
#3990=CARTESIAN_POINT('',(10.,2.5,0.));
#3991=DIRECTION('',(-0.,1.,0.));
#3992=DIRECTION('',(1.,0.,0.));
#3993=FACE_BOUND('',#3994,.T.);
#3994=EDGE_LOOP('',(#5796,#5797,#5798,#5799));
#3995=PLANE('',#3996);
#3996=AXIS2_PLACEMENT_3D('',#3997,#3998,#3999);
#3997=CARTESIAN_POINT('',(12.05,0.,2.07257823333479));
#3998=DIRECTION('',(0.766044443118978,0.,-0.642787609686539));
#3999=DIRECTION('',(-0.642787609686539,0.,-0.766044443118978));
#4000=FACE_BOUND('',#4001,.T.);
#4001=EDGE_LOOP('',(#5800,#5801,#5802,#5803,#5804,#5805,#5806,#5807));
#4002=PLANE('',#4003);
#4003=AXIS2_PLACEMENT_3D('',#4004,#4005,#4006);
#4004=CARTESIAN_POINT('',(10.,3.5,0.));
#4005=DIRECTION('',(-0.,1.,0.));
#4006=DIRECTION('',(1.,0.,0.));
#4007=FACE_BOUND('',#4008,.T.);
#4008=EDGE_LOOP('',(#5808,#5809,#5810,#5811));
#4009=PLANE('',#4010);
#4010=AXIS2_PLACEMENT_3D('',#4011,#4012,#4013);
#4011=CARTESIAN_POINT('',(8.85,0.,1.));
#4012=DIRECTION('',(-0.766044443118977,0.,-0.64278760968654));
#4013=DIRECTION('',(-0.64278760968654,0.,0.766044443118977));
#4014=FACE_BOUND('',#4015,.T.);
#4015=EDGE_LOOP('',(#5812,#5813,#5814));
#4016=PLANE('',#4017);
#4017=AXIS2_PLACEMENT_3D('',#4018,#4019,#4020);
#4018=CARTESIAN_POINT('',(10.,2.5,0.));
#4019=DIRECTION('',(-0.,1.,0.));
#4020=DIRECTION('',(1.,0.,0.));
#4021=FACE_BOUND('',#4022,.T.);
#4022=EDGE_LOOP('',(#5815,#5816,#5817,#5818,#5819,#5820,#5821,#5822));
#4023=PLANE('',#4024);
#4024=AXIS2_PLACEMENT_3D('',#4025,#4026,#4027);
#4025=CARTESIAN_POINT('',(7.95,-4.5,1.));
#4026=DIRECTION('',(-1.,0.,0.));
#4027=DIRECTION('',(0.,0.,1.));
#4028=FACE_BOUND('',#4029,.T.);
#4029=EDGE_LOOP('',(#5823,#5824,#5825));
#4030=PLANE('',#4031);
#4031=AXIS2_PLACEMENT_3D('',#4032,#4033,#4034);
#4032=CARTESIAN_POINT('',(10.,2.5,0.));
#4033=DIRECTION('',(-0.,1.,0.));
#4034=DIRECTION('',(1.,0.,0.));
#4035=FACE_BOUND('',#4036,.T.);
#4036=EDGE_LOOP('',(#5826,#5827,#5828,#5829));
#4037=PLANE('',#4038);
#4038=AXIS2_PLACEMENT_3D('',#4039,#4040,#4041);
#4039=CARTESIAN_POINT('',(7.95,0.,6.22742176666521));
#4040=DIRECTION('',(-0.766044443118978,0.,0.642787609686539));
#4041=DIRECTION('',(0.642787609686539,0.,0.766044443118978));
#4042=FACE_BOUND('',#4043,.T.);
#4043=EDGE_LOOP('',(#5830,#5831,#5832,#5833));
#4044=PLANE('',#4045);
#4045=AXIS2_PLACEMENT_3D('',#4046,#4047,#4048);
#4046=CARTESIAN_POINT('',(11.15,0.,7.3));
#4047=DIRECTION('',(0.766044443118978,-0.,0.642787609686539));
#4048=DIRECTION('',(0.642787609686539,0.,-0.766044443118978));
#4049=FACE_BOUND('',#4050,.T.);
#4050=EDGE_LOOP('',(#5834,#5835,#5836));
#4051=PLANE('',#4052);
#4052=AXIS2_PLACEMENT_3D('',#4053,#4054,#4055);
#4053=CARTESIAN_POINT('',(10.,2.5,0.));
#4054=DIRECTION('',(-0.,1.,0.));
#4055=DIRECTION('',(1.,0.,0.));
#4056=FACE_OUTER_BOUND('',#4057,.T.);
#4057=EDGE_LOOP('',(#5837));
#4058=FACE_OUTER_BOUND('',#4059,.T.);
#4059=EDGE_LOOP('',(#5838));
#4060=CYLINDRICAL_SURFACE('',#4061,1.5);
#4061=AXIS2_PLACEMENT_3D('',#4062,#4063,#4064);
#4062=CARTESIAN_POINT('',(10.,-5.8362098304774E-030,7.3));
#4063=DIRECTION('',(-0.,1.21461182736277E-031,1.));
#4064=DIRECTION('',(0.,1.,-1.21461182736277E-031));
#4065=FACE_BOUND('',#4066,.T.);
#4066=EDGE_LOOP('',(#5839,#5840,#5841,#5842,#5843,#5844,#5845,#5846));
#4067=PLANE('',#4068);
#4068=AXIS2_PLACEMENT_3D('',#4069,#4070,#4071);
#4069=CARTESIAN_POINT('',(17.05,-4.5,7.3));
#4070=DIRECTION('',(1.,-0.,0.));
#4071=DIRECTION('',(0.,0.,-1.));
#4072=FACE_BOUND('',#4073,.T.);
#4073=EDGE_LOOP('',(#5847,#5848,#5849));
#4074=PLANE('',#4075);
#4075=AXIS2_PLACEMENT_3D('',#4076,#4077,#4078);
#4076=CARTESIAN_POINT('',(15.,2.5,0.));
#4077=DIRECTION('',(-0.,1.,0.));
#4078=DIRECTION('',(1.,0.,0.));
#4079=FACE_BOUND('',#4080,.T.);
#4080=EDGE_LOOP('',(#5850,#5851,#5852,#5853));
#4081=PLANE('',#4082);
#4082=AXIS2_PLACEMENT_3D('',#4083,#4084,#4085);
#4083=CARTESIAN_POINT('',(17.05,0.,2.07257823333479));
#4084=DIRECTION('',(0.766044443118977,0.,-0.64278760968654));
#4085=DIRECTION('',(-0.64278760968654,0.,-0.766044443118977));
#4086=FACE_BOUND('',#4087,.T.);
#4087=EDGE_LOOP('',(#5854,#5855,#5856,#5857,#5858,#5859,#5860,#5861));
#4088=PLANE('',#4089);
#4089=AXIS2_PLACEMENT_3D('',#4090,#4091,#4092);
#4090=CARTESIAN_POINT('',(15.,3.5,0.));
#4091=DIRECTION('',(-0.,1.,0.));
#4092=DIRECTION('',(1.,0.,0.));
#4093=FACE_BOUND('',#4094,.T.);
#4094=EDGE_LOOP('',(#5862,#5863,#5864,#5865));
#4095=PLANE('',#4096);
#4096=AXIS2_PLACEMENT_3D('',#4097,#4098,#4099);
#4097=CARTESIAN_POINT('',(13.85,0.,1.));
#4098=DIRECTION('',(-0.766044443118977,0.,-0.64278760968654));
#4099=DIRECTION('',(-0.64278760968654,0.,0.766044443118977));
#4100=FACE_BOUND('',#4101,.T.);
#4101=EDGE_LOOP('',(#5866,#5867,#5868));
#4102=PLANE('',#4103);
#4103=AXIS2_PLACEMENT_3D('',#4104,#4105,#4106);
#4104=CARTESIAN_POINT('',(15.,2.5,0.));
#4105=DIRECTION('',(-0.,1.,0.));
#4106=DIRECTION('',(1.,0.,0.));
#4107=FACE_BOUND('',#4108,.T.);
#4108=EDGE_LOOP('',(#5869,#5870,#5871,#5872,#5873,#5874,#5875,#5876));
#4109=PLANE('',#4110);
#4110=AXIS2_PLACEMENT_3D('',#4111,#4112,#4113);
#4111=CARTESIAN_POINT('',(12.95,-4.5,1.));
#4112=DIRECTION('',(-1.,0.,0.));
#4113=DIRECTION('',(0.,0.,1.));
#4114=FACE_BOUND('',#4115,.T.);
#4115=EDGE_LOOP('',(#5877,#5878,#5879));
#4116=PLANE('',#4117);
#4117=AXIS2_PLACEMENT_3D('',#4118,#4119,#4120);
#4118=CARTESIAN_POINT('',(15.,2.5,0.));
#4119=DIRECTION('',(-0.,1.,0.));
#4120=DIRECTION('',(1.,0.,0.));
#4121=FACE_BOUND('',#4122,.T.);
#4122=EDGE_LOOP('',(#5880,#5881,#5882,#5883));
#4123=PLANE('',#4124);
#4124=AXIS2_PLACEMENT_3D('',#4125,#4126,#4127);
#4125=CARTESIAN_POINT('',(12.95,0.,6.22742176666521));
#4126=DIRECTION('',(-0.766044443118978,0.,0.642787609686539));
#4127=DIRECTION('',(0.642787609686539,0.,0.766044443118978));
#4128=FACE_BOUND('',#4129,.T.);
#4129=EDGE_LOOP('',(#5884,#5885,#5886,#5887));
#4130=PLANE('',#4131);
#4131=AXIS2_PLACEMENT_3D('',#4132,#4133,#4134);
#4132=CARTESIAN_POINT('',(16.15,0.,7.3));
#4133=DIRECTION('',(0.766044443118977,-0.,0.64278760968654));
#4134=DIRECTION('',(0.64278760968654,0.,-0.766044443118977));
#4135=FACE_BOUND('',#4136,.T.);
#4136=EDGE_LOOP('',(#5888,#5889,#5890));
#4137=PLANE('',#4138);
#4138=AXIS2_PLACEMENT_3D('',#4139,#4140,#4141);
#4139=CARTESIAN_POINT('',(15.,2.5,0.));
#4140=DIRECTION('',(-0.,1.,0.));
#4141=DIRECTION('',(1.,0.,0.));
#4142=FACE_OUTER_BOUND('',#4143,.T.);
#4143=EDGE_LOOP('',(#5891));
#4144=FACE_OUTER_BOUND('',#4145,.T.);
#4145=EDGE_LOOP('',(#5892));
#4146=CYLINDRICAL_SURFACE('',#4147,1.5);
#4147=AXIS2_PLACEMENT_3D('',#4148,#4149,#4150);
#4148=CARTESIAN_POINT('',(15.,-5.8362098304774E-030,7.3));
#4149=DIRECTION('',(-0.,1.21461182736277E-031,1.));
#4150=DIRECTION('',(0.,1.,-1.21461182736277E-031));
#4151=FACE_BOUND('',#4152,.T.);
#4152=EDGE_LOOP('',(#5893,#5894,#5895,#5896));
#4153=CYLINDRICAL_SURFACE('',#4154,0.95);
#4154=AXIS2_PLACEMENT_3D('',#4155,#4156,#4157);
#4155=CARTESIAN_POINT('',(20.,0.,0.));
#4156=DIRECTION('',(0.,0.,1.));
#4157=DIRECTION('',(1.,0.,0.));
#4158=FACE_BOUND('',#4159,.T.);
#4159=EDGE_LOOP('',(#5897,#5898,#5899,#5900,#5901,#5902,#5903,#5904));
#4160=PLANE('',#4161);
#4161=AXIS2_PLACEMENT_3D('',#4162,#4163,#4164);
#4162=CARTESIAN_POINT('',(22.05,-4.5,7.3));
#4163=DIRECTION('',(1.,-0.,0.));
#4164=DIRECTION('',(0.,0.,-1.));
#4165=FACE_BOUND('',#4166,.T.);
#4166=EDGE_LOOP('',(#5905,#5906,#5907));
#4167=PLANE('',#4168);
#4168=AXIS2_PLACEMENT_3D('',#4169,#4170,#4171);
#4169=CARTESIAN_POINT('',(20.,2.5,0.));
#4170=DIRECTION('',(-0.,1.,0.));
#4171=DIRECTION('',(1.,0.,0.));
#4172=FACE_BOUND('',#4173,.T.);
#4173=EDGE_LOOP('',(#5908,#5909,#5910,#5911));
#4174=PLANE('',#4175);
#4175=AXIS2_PLACEMENT_3D('',#4176,#4177,#4178);
#4176=CARTESIAN_POINT('',(22.05,0.,2.07257823333479));
#4177=DIRECTION('',(0.766044443118977,0.,-0.64278760968654));
#4178=DIRECTION('',(-0.64278760968654,0.,-0.766044443118977));
#4179=FACE_BOUND('',#4180,.T.);
#4180=EDGE_LOOP('',(#5912,#5913,#5914,#5915,#5916,#5917,#5918,#5919));
#4181=PLANE('',#4182);
#4182=AXIS2_PLACEMENT_3D('',#4183,#4184,#4185);
#4183=CARTESIAN_POINT('',(20.,3.5,0.));
#4184=DIRECTION('',(-0.,1.,0.));
#4185=DIRECTION('',(1.,0.,0.));
#4186=FACE_BOUND('',#4187,.T.);
#4187=EDGE_LOOP('',(#5920,#5921,#5922,#5923));
#4188=PLANE('',#4189);
#4189=AXIS2_PLACEMENT_3D('',#4190,#4191,#4192);
#4190=CARTESIAN_POINT('',(18.85,0.,1.));
#4191=DIRECTION('',(-0.766044443118977,0.,-0.64278760968654));
#4192=DIRECTION('',(-0.64278760968654,0.,0.766044443118977));
#4193=FACE_BOUND('',#4194,.T.);
#4194=EDGE_LOOP('',(#5924,#5925,#5926));
#4195=PLANE('',#4196);
#4196=AXIS2_PLACEMENT_3D('',#4197,#4198,#4199);
#4197=CARTESIAN_POINT('',(20.,2.5,0.));
#4198=DIRECTION('',(-0.,1.,0.));
#4199=DIRECTION('',(1.,0.,0.));
#4200=FACE_BOUND('',#4201,.T.);
#4201=EDGE_LOOP('',(#5927,#5928,#5929,#5930,#5931,#5932,#5933,#5934));
#4202=PLANE('',#4203);
#4203=AXIS2_PLACEMENT_3D('',#4204,#4205,#4206);
#4204=CARTESIAN_POINT('',(17.95,-4.5,1.));
#4205=DIRECTION('',(-1.,0.,0.));
#4206=DIRECTION('',(0.,0.,1.));
#4207=FACE_BOUND('',#4208,.T.);
#4208=EDGE_LOOP('',(#5935,#5936,#5937));
#4209=PLANE('',#4210);
#4210=AXIS2_PLACEMENT_3D('',#4211,#4212,#4213);
#4211=CARTESIAN_POINT('',(20.,2.5,0.));
#4212=DIRECTION('',(-0.,1.,0.));
#4213=DIRECTION('',(1.,0.,0.));
#4214=FACE_BOUND('',#4215,.T.);
#4215=EDGE_LOOP('',(#5938,#5939,#5940,#5941));
#4216=PLANE('',#4217);
#4217=AXIS2_PLACEMENT_3D('',#4218,#4219,#4220);
#4218=CARTESIAN_POINT('',(17.95,0.,6.22742176666521));
#4219=DIRECTION('',(-0.766044443118977,0.,0.64278760968654));
#4220=DIRECTION('',(0.64278760968654,0.,0.766044443118977));
#4221=FACE_BOUND('',#4222,.T.);
#4222=EDGE_LOOP('',(#5942,#5943,#5944,#5945));
#4223=PLANE('',#4224);
#4224=AXIS2_PLACEMENT_3D('',#4225,#4226,#4227);
#4225=CARTESIAN_POINT('',(21.15,0.,7.3));
#4226=DIRECTION('',(0.766044443118977,-0.,0.64278760968654));
#4227=DIRECTION('',(0.64278760968654,0.,-0.766044443118977));
#4228=FACE_BOUND('',#4229,.T.);
#4229=EDGE_LOOP('',(#5946,#5947,#5948));
#4230=PLANE('',#4231);
#4231=AXIS2_PLACEMENT_3D('',#4232,#4233,#4234);
#4232=CARTESIAN_POINT('',(20.,2.5,0.));
#4233=DIRECTION('',(-0.,1.,0.));
#4234=DIRECTION('',(1.,0.,0.));
#4235=FACE_OUTER_BOUND('',#4236,.T.);
#4236=EDGE_LOOP('',(#5949));
#4237=FACE_OUTER_BOUND('',#4238,.T.);
#4238=EDGE_LOOP('',(#5950));
#4239=CYLINDRICAL_SURFACE('',#4240,1.5);
#4240=AXIS2_PLACEMENT_3D('',#4241,#4242,#4243);
#4241=CARTESIAN_POINT('',(20.,-5.8362098304774E-030,7.3));
#4242=DIRECTION('',(-0.,1.21461182736277E-031,1.));
#4243=DIRECTION('',(0.,1.,-1.21461182736277E-031));
#4244=FACE_BOUND('',#4245,.T.);
#4245=EDGE_LOOP('',(#5951,#5952,#5953,#5954));
#4246=CYLINDRICAL_SURFACE('',#4247,0.95);
#4247=AXIS2_PLACEMENT_3D('',#4248,#4249,#4250);
#4248=CARTESIAN_POINT('',(0.,0.,0.));
#4249=DIRECTION('',(0.,0.,1.));
#4250=DIRECTION('',(1.,0.,0.));
#4251=FACE_BOUND('',#4252,.T.);
#4252=EDGE_LOOP('',(#5955,#5956,#5957,#5958,#5959,#5960,#5961,#5962));
#4253=PLANE('',#4254);
#4254=AXIS2_PLACEMENT_3D('',#4255,#4256,#4257);
#4255=CARTESIAN_POINT('',(2.05,-4.5,7.3));
#4256=DIRECTION('',(1.,-0.,0.));
#4257=DIRECTION('',(0.,0.,-1.));
#4258=FACE_BOUND('',#4259,.T.);
#4259=EDGE_LOOP('',(#5963,#5964,#5965));
#4260=PLANE('',#4261);
#4261=AXIS2_PLACEMENT_3D('',#4262,#4263,#4264);
#4262=CARTESIAN_POINT('',(0.,2.5,0.));
#4263=DIRECTION('',(-0.,1.,0.));
#4264=DIRECTION('',(1.,0.,0.));
#4265=FACE_BOUND('',#4266,.T.);
#4266=EDGE_LOOP('',(#5966,#5967,#5968,#5969));
#4267=PLANE('',#4268);
#4268=AXIS2_PLACEMENT_3D('',#4269,#4270,#4271);
#4269=CARTESIAN_POINT('',(2.05,0.,2.07257823333479));
#4270=DIRECTION('',(0.766044443118978,0.,-0.642787609686539));
#4271=DIRECTION('',(-0.642787609686539,0.,-0.766044443118978));
#4272=FACE_BOUND('',#4273,.T.);
#4273=EDGE_LOOP('',(#5970,#5971,#5972,#5973,#5974,#5975,#5976,#5977));
#4274=PLANE('',#4275);
#4275=AXIS2_PLACEMENT_3D('',#4276,#4277,#4278);
#4276=CARTESIAN_POINT('',(0.,3.5,0.));
#4277=DIRECTION('',(-0.,1.,0.));
#4278=DIRECTION('',(1.,0.,0.));
#4279=FACE_BOUND('',#4280,.T.);
#4280=EDGE_LOOP('',(#5978,#5979,#5980,#5981));
#4281=PLANE('',#4282);
#4282=AXIS2_PLACEMENT_3D('',#4283,#4284,#4285);
#4283=CARTESIAN_POINT('',(-1.15,0.,1.));
#4284=DIRECTION('',(-0.766044443118978,0.,-0.642787609686539));
#4285=DIRECTION('',(-0.642787609686539,0.,0.766044443118978));
#4286=FACE_BOUND('',#4287,.T.);
#4287=EDGE_LOOP('',(#5982,#5983,#5984));
#4288=PLANE('',#4289);
#4289=AXIS2_PLACEMENT_3D('',#4290,#4291,#4292);
#4290=CARTESIAN_POINT('',(0.,2.5,0.));
#4291=DIRECTION('',(-0.,1.,0.));
#4292=DIRECTION('',(1.,0.,0.));
#4293=FACE_BOUND('',#4294,.T.);
#4294=EDGE_LOOP('',(#5985,#5986,#5987,#5988,#5989,#5990,#5991,#5992));
#4295=PLANE('',#4296);
#4296=AXIS2_PLACEMENT_3D('',#4297,#4298,#4299);
#4297=CARTESIAN_POINT('',(-2.05,-4.5,1.));
#4298=DIRECTION('',(-1.,0.,0.));
#4299=DIRECTION('',(0.,0.,1.));
#4300=FACE_BOUND('',#4301,.T.);
#4301=EDGE_LOOP('',(#5993,#5994,#5995));
#4302=PLANE('',#4303);
#4303=AXIS2_PLACEMENT_3D('',#4304,#4305,#4306);
#4304=CARTESIAN_POINT('',(0.,2.5,0.));
#4305=DIRECTION('',(-0.,1.,0.));
#4306=DIRECTION('',(1.,0.,0.));
#4307=FACE_BOUND('',#4308,.T.);
#4308=EDGE_LOOP('',(#5996,#5997,#5998,#5999));
#4309=PLANE('',#4310);
#4310=AXIS2_PLACEMENT_3D('',#4311,#4312,#4313);
#4311=CARTESIAN_POINT('',(-2.05,0.,6.22742176666521));
#4312=DIRECTION('',(-0.766044443118978,0.,0.642787609686539));
#4313=DIRECTION('',(0.642787609686539,0.,0.766044443118978));
#4314=FACE_BOUND('',#4315,.T.);
#4315=EDGE_LOOP('',(#6000,#6001,#6002,#6003));
#4316=PLANE('',#4317);
#4317=AXIS2_PLACEMENT_3D('',#4318,#4319,#4320);
#4318=CARTESIAN_POINT('',(1.15,0.,7.3));
#4319=DIRECTION('',(0.766044443118978,-0.,0.642787609686539));
#4320=DIRECTION('',(0.642787609686539,0.,-0.766044443118978));
#4321=FACE_BOUND('',#4322,.T.);
#4322=EDGE_LOOP('',(#6004,#6005,#6006));
#4323=PLANE('',#4324);
#4324=AXIS2_PLACEMENT_3D('',#4325,#4326,#4327);
#4325=CARTESIAN_POINT('',(0.,2.5,0.));
#4326=DIRECTION('',(-0.,1.,0.));
#4327=DIRECTION('',(1.,0.,0.));
#4328=FACE_OUTER_BOUND('',#4329,.T.);
#4329=EDGE_LOOP('',(#6007));
#4330=FACE_OUTER_BOUND('',#4331,.T.);
#4331=EDGE_LOOP('',(#6008));
#4332=CYLINDRICAL_SURFACE('',#4333,1.5);
#4333=AXIS2_PLACEMENT_3D('',#4334,#4335,#4336);
#4334=CARTESIAN_POINT('',(0.,-5.8362098304774E-030,7.3));
#4335=DIRECTION('',(-0.,1.21461182736277E-031,1.));
#4336=DIRECTION('',(0.,1.,-1.21461182736277E-031));
#4337=FACE_BOUND('',#4338,.T.);
#4338=EDGE_LOOP('',(#6009,#6010,#6011,#6012));
#4339=CYLINDRICAL_SURFACE('',#4340,0.95);
#4340=AXIS2_PLACEMENT_3D('',#4341,#4342,#4343);
#4341=CARTESIAN_POINT('',(5.,0.,0.));
#4342=DIRECTION('',(0.,0.,1.));
#4343=DIRECTION('',(1.,0.,0.));
#4344=FACE_BOUND('',#4345,.T.);
#4345=EDGE_LOOP('',(#6013,#6014,#6015,#6016,#6017,#6018,#6019,#6020));
#4346=PLANE('',#4347);
#4347=AXIS2_PLACEMENT_3D('',#4348,#4349,#4350);
#4348=CARTESIAN_POINT('',(7.05,-4.5,7.3));
#4349=DIRECTION('',(1.,-0.,0.));
#4350=DIRECTION('',(0.,0.,-1.));
#4351=FACE_BOUND('',#4352,.T.);
#4352=EDGE_LOOP('',(#6021,#6022,#6023));
#4353=PLANE('',#4354);
#4354=AXIS2_PLACEMENT_3D('',#4355,#4356,#4357);
#4355=CARTESIAN_POINT('',(5.,2.5,0.));
#4356=DIRECTION('',(-0.,1.,0.));
#4357=DIRECTION('',(1.,0.,0.));
#4358=FACE_BOUND('',#4359,.T.);
#4359=EDGE_LOOP('',(#6024,#6025,#6026,#6027));
#4360=PLANE('',#4361);
#4361=AXIS2_PLACEMENT_3D('',#4362,#4363,#4364);
#4362=CARTESIAN_POINT('',(7.05,0.,2.07257823333479));
#4363=DIRECTION('',(0.766044443118978,0.,-0.642787609686539));
#4364=DIRECTION('',(-0.642787609686539,0.,-0.766044443118978));
#4365=FACE_BOUND('',#4366,.T.);
#4366=EDGE_LOOP('',(#6028,#6029,#6030,#6031,#6032,#6033,#6034,#6035));
#4367=PLANE('',#4368);
#4368=AXIS2_PLACEMENT_3D('',#4369,#4370,#4371);
#4369=CARTESIAN_POINT('',(5.,3.5,0.));
#4370=DIRECTION('',(-0.,1.,0.));
#4371=DIRECTION('',(1.,0.,0.));
#4372=FACE_BOUND('',#4373,.T.);
#4373=EDGE_LOOP('',(#6036,#6037,#6038,#6039));
#4374=PLANE('',#4375);
#4375=AXIS2_PLACEMENT_3D('',#4376,#4377,#4378);
#4376=CARTESIAN_POINT('',(3.85,0.,1.));
#4377=DIRECTION('',(-0.766044443118978,0.,-0.642787609686539));
#4378=DIRECTION('',(-0.642787609686539,0.,0.766044443118978));
#4379=FACE_BOUND('',#4380,.T.);
#4380=EDGE_LOOP('',(#6040,#6041,#6042));
#4381=PLANE('',#4382);
#4382=AXIS2_PLACEMENT_3D('',#4383,#4384,#4385);
#4383=CARTESIAN_POINT('',(5.,2.5,0.));
#4384=DIRECTION('',(-0.,1.,0.));
#4385=DIRECTION('',(1.,0.,0.));
#4386=FACE_BOUND('',#4387,.T.);
#4387=EDGE_LOOP('',(#6043,#6044,#6045,#6046,#6047,#6048,#6049,#6050));
#4388=PLANE('',#4389);
#4389=AXIS2_PLACEMENT_3D('',#4390,#4391,#4392);
#4390=CARTESIAN_POINT('',(2.95,-4.5,1.));
#4391=DIRECTION('',(-1.,0.,0.));
#4392=DIRECTION('',(0.,0.,1.));
#4393=FACE_BOUND('',#4394,.T.);
#4394=EDGE_LOOP('',(#6051,#6052,#6053));
#4395=PLANE('',#4396);
#4396=AXIS2_PLACEMENT_3D('',#4397,#4398,#4399);
#4397=CARTESIAN_POINT('',(5.,2.5,0.));
#4398=DIRECTION('',(-0.,1.,0.));
#4399=DIRECTION('',(1.,0.,0.));
#4400=FACE_BOUND('',#4401,.T.);
#4401=EDGE_LOOP('',(#6054,#6055,#6056,#6057));
#4402=PLANE('',#4403);
#4403=AXIS2_PLACEMENT_3D('',#4404,#4405,#4406);
#4404=CARTESIAN_POINT('',(2.95,0.,6.22742176666521));
#4405=DIRECTION('',(-0.766044443118978,0.,0.642787609686539));
#4406=DIRECTION('',(0.642787609686539,0.,0.766044443118978));
#4407=FACE_BOUND('',#4408,.T.);
#4408=EDGE_LOOP('',(#6058,#6059,#6060,#6061));
#4409=PLANE('',#4410);
#4410=AXIS2_PLACEMENT_3D('',#4411,#4412,#4413);
#4411=CARTESIAN_POINT('',(6.15,0.,7.3));
#4412=DIRECTION('',(0.766044443118978,-0.,0.642787609686539));
#4413=DIRECTION('',(0.642787609686539,0.,-0.766044443118978));
#4414=FACE_BOUND('',#4415,.T.);
#4415=EDGE_LOOP('',(#6062,#6063,#6064));
#4416=PLANE('',#4417);
#4417=AXIS2_PLACEMENT_3D('',#4418,#4419,#4420);
#4418=CARTESIAN_POINT('',(5.,2.5,0.));
#4419=DIRECTION('',(-0.,1.,0.));
#4420=DIRECTION('',(1.,0.,0.));
#4421=FACE_OUTER_BOUND('',#4422,.T.);
#4422=EDGE_LOOP('',(#6065));
#4423=FACE_OUTER_BOUND('',#4424,.T.);
#4424=EDGE_LOOP('',(#6066));
#4425=CYLINDRICAL_SURFACE('',#4426,1.5);
#4426=AXIS2_PLACEMENT_3D('',#4427,#4428,#4429);
#4427=CARTESIAN_POINT('',(5.,-5.8362098304774E-030,7.3));
#4428=DIRECTION('',(-0.,1.21461182736277E-031,1.));
#4429=DIRECTION('',(0.,1.,-1.21461182736277E-031));
#4430=FACE_OUTER_BOUND('',#4431,.T.);
#4431=EDGE_LOOP('',(#6067));
#4432=FACE_OUTER_BOUND('',#4433,.T.);
#4433=EDGE_LOOP('',(#6068));
#4434=CONICAL_SURFACE('',#4435,1.75,1.19028994968253);
#4435=AXIS2_PLACEMENT_3D('',#4436,#4437,#4438);
#4436=CARTESIAN_POINT('',(5.,-5.81191759393014E-030,7.5));
#4437=DIRECTION('',(0.,1.21461182736277E-031,1.));
#4438=DIRECTION('',(0.,1.,-1.21461182736277E-031));
#4439=FACE_OUTER_BOUND('',#4440,.T.);
#4440=EDGE_LOOP('',(#6069));
#4441=FACE_OUTER_BOUND('',#4442,.T.);
#4442=EDGE_LOOP('',(#6070));
#4443=CONICAL_SURFACE('',#4444,1.75,1.19028994968253);
#4444=AXIS2_PLACEMENT_3D('',#4445,#4446,#4447);
#4445=CARTESIAN_POINT('',(10.,-5.81191759393014E-030,7.5));
#4446=DIRECTION('',(0.,1.21461182736277E-031,1.));
#4447=DIRECTION('',(0.,1.,-1.21461182736277E-031));
#4448=FACE_OUTER_BOUND('',#4449,.T.);
#4449=EDGE_LOOP('',(#6071));
#4450=FACE_OUTER_BOUND('',#4451,.T.);
#4451=EDGE_LOOP('',(#6072));
#4452=CONICAL_SURFACE('',#4453,1.75,1.19028994968253);
#4453=AXIS2_PLACEMENT_3D('',#4454,#4455,#4456);
#4454=CARTESIAN_POINT('',(15.,-5.81191759393014E-030,7.5));
#4455=DIRECTION('',(0.,1.21461182736277E-031,1.));
#4456=DIRECTION('',(0.,1.,-1.21461182736277E-031));
#4457=FACE_OUTER_BOUND('',#4458,.T.);
#4458=EDGE_LOOP('',(#6073));
#4459=FACE_OUTER_BOUND('',#4460,.T.);
#4460=EDGE_LOOP('',(#6074));
#4461=CONICAL_SURFACE('',#4462,1.75,1.19028994968253);
#4462=AXIS2_PLACEMENT_3D('',#4463,#4464,#4465);
#4463=CARTESIAN_POINT('',(20.,-5.81191759393014E-030,7.5));
#4464=DIRECTION('',(0.,1.21461182736277E-031,1.));
#4465=DIRECTION('',(0.,1.,-1.21461182736277E-031));
#4466=FACE_OUTER_BOUND('',#4467,.T.);
#4467=EDGE_LOOP('',(#6075));
#4468=FACE_OUTER_BOUND('',#4469,.T.);
#4469=EDGE_LOOP('',(#6076));
#4470=CONICAL_SURFACE('',#4471,1.75,1.19028994968253);
#4471=AXIS2_PLACEMENT_3D('',#4472,#4473,#4474);
#4472=CARTESIAN_POINT('',(0.,-5.81191759393014E-030,7.5));
#4473=DIRECTION('',(0.,1.21461182736277E-031,1.));
#4474=DIRECTION('',(0.,1.,-1.21461182736277E-031));
#4475=COMPOSITE_CURVE_SEGMENT(.DISCONTINUOUS.,.T.,#6077);
#4476=COMPOSITE_CURVE_SEGMENT(.DISCONTINUOUS.,.T.,#6078);
#4477=COMPOSITE_CURVE_SEGMENT(.DISCONTINUOUS.,.T.,#6079);
#4478=COMPOSITE_CURVE_SEGMENT(.DISCONTINUOUS.,.T.,#6080);
#4479=COMPOSITE_CURVE_SEGMENT(.DISCONTINUOUS.,.T.,#6081);
#4480=FACE_BOUND('',#4481,.T.);
#4481=EDGE_LOOP('',(#6082,#6083,#6084,#6085));
#4482=PLANE('',#4483);
#4483=AXIS2_PLACEMENT_3D('',#4484,#4485,#4486);
#4484=CARTESIAN_POINT('',(-0.675,-2.5,5.6));
#4485=DIRECTION('',(0.,0.,1.));
#4486=DIRECTION('',(1.,0.,0.));
#4487=FACE_BOUND('',#4488,.T.);
#4488=EDGE_LOOP('',(#6086,#6087,#6088,#6089));
#4489=PLANE('',#4490);
#4490=AXIS2_PLACEMENT_3D('',#4491,#4492,#4493);
#4491=CARTESIAN_POINT('',(-0.675,-2.5,5.6));
#4492=DIRECTION('',(0.,0.,1.));
#4493=DIRECTION('',(1.,0.,0.));
#4494=FACE_BOUND('',#4495,.T.);
#4495=EDGE_LOOP('',(#6090,#6091,#6092,#6093,#6094,#6095));
#4496=CYLINDRICAL_SURFACE('',#4497,0.675);
#4497=AXIS2_PLACEMENT_3D('',#4498,#4499,#4500);
#4498=CARTESIAN_POINT('',(-0.675,-2.5,4.925));
#4499=DIRECTION('',(0.,1.,0.));
#4500=DIRECTION('',(-1.,0.,-0.));
#4501=FACE_BOUND('',#4502,.T.);
#4502=EDGE_LOOP('',(#6096,#6097,#6098,#6099,#6100,#6101,#6102));
#4503=CYLINDRICAL_SURFACE('',#4504,0.675);
#4504=AXIS2_PLACEMENT_3D('',#4505,#4506,#4507);
#4505=CARTESIAN_POINT('',(0.675,-2.5,4.925));
#4506=DIRECTION('',(0.,1.,0.));
#4507=DIRECTION('',(-1.64477485129653E-016,-0.,1.));
#4508=FACE_BOUND('',#4509,.T.);
#4509=EDGE_LOOP('',(#6103,#6104,#6105,#6106));
#4510=FACE_BOUND('',#4511,.T.);
#4511=EDGE_LOOP('',(#6107));
#4512=PLANE('',#4513);
#4513=AXIS2_PLACEMENT_3D('',#4514,#4515,#4516);
#4514=CARTESIAN_POINT('',(-2.,-2.5,7.));
#4515=DIRECTION('',(0.,0.,1.));
#4516=DIRECTION('',(1.,0.,0.));
#4517=FACE_OUTER_BOUND('',#4518,.T.);
#4518=EDGE_LOOP('',(#6108));
#4519=FACE_BOUND('',#4520,.T.);
#4520=EDGE_LOOP('',(#6109,#6110,#6111,#6112,#6113));
#4521=CYLINDRICAL_SURFACE('',#4522,1.25);
#4522=AXIS2_PLACEMENT_3D('',#4523,#4524,#4525);
#4523=CARTESIAN_POINT('',(0.,0.,4.925));
#4524=DIRECTION('',(0.,0.,1.));
#4525=DIRECTION('',(1.,0.,0.));
#4526=FACE_BOUND('',#4527,.T.);
#4527=EDGE_LOOP('',(#6114,#6115,#6116,#6117));
#4528=FACE_BOUND('',#4529,.T.);
#4529=EDGE_LOOP('',(#6118,#6119,#6120,#6121,#6122,#6123,#6124,#6125));
#4530=PLANE('',#4531);
#4531=AXIS2_PLACEMENT_3D('',#4532,#4533,#4534);
#4532=CARTESIAN_POINT('',(0.,2.5,0.));
#4533=DIRECTION('',(-0.,1.,0.));
#4534=DIRECTION('',(1.,0.,0.));
#4535=FACE_BOUND('',#4536,.T.);
#4536=EDGE_LOOP('',(#6126,#6127,#6128,#6129));
#4537=FACE_BOUND('',#4538,.T.);
#4538=EDGE_LOOP('',(#6130,#6131,#6132,#6133,#6134,#6135,#6136,#6137));
#4539=PLANE('',#4540);
#4540=AXIS2_PLACEMENT_3D('',#4541,#4542,#4543);
#4541=CARTESIAN_POINT('',(0.,-2.5,0.));
#4542=DIRECTION('',(-0.,1.,0.));
#4543=DIRECTION('',(1.,0.,0.));
#4544=FACE_BOUND('',#4545,.T.);
#4545=EDGE_LOOP('',(#6138,#6139,#6140,#6141));
#4546=PLANE('',#4547);
#4547=AXIS2_PLACEMENT_3D('',#4548,#4549,#4550);
#4548=CARTESIAN_POINT('',(-1.35,-2.5,2.675));
#4549=DIRECTION('',(-1.,0.,9.86864910777917E-017));
#4550=DIRECTION('',(9.86864910777917E-017,0.,1.));
#4551=FACE_BOUND('',#4552,.T.);
#4552=EDGE_LOOP('',(#6142,#6143,#6144,#6145));
#4553=PLANE('',#4554);
#4554=AXIS2_PLACEMENT_3D('',#4555,#4556,#4557);
#4555=CARTESIAN_POINT('',(1.35,-2.5,4.925));
#4556=DIRECTION('',(1.,-0.,0.));
#4557=DIRECTION('',(0.,0.,-1.));
#4558=FACE_BOUND('',#4559,.T.);
#4559=EDGE_LOOP('',(#6146,#6147,#6148,#6149));
#4560=PLANE('',#4561);
#4561=AXIS2_PLACEMENT_3D('',#4562,#4563,#4564);
#4562=CARTESIAN_POINT('',(2.,-2.5,7.));
#4563=DIRECTION('',(1.,-0.,0.));
#4564=DIRECTION('',(0.,0.,-1.));
#4565=FACE_BOUND('',#4566,.T.);
#4566=EDGE_LOOP('',(#6150,#6151,#6152,#6153));
#4567=PLANE('',#4568);
#4568=AXIS2_PLACEMENT_3D('',#4569,#4570,#4571);
#4569=CARTESIAN_POINT('',(-2.,-2.5,1.));
#4570=DIRECTION('',(-1.,0.,0.));
#4571=DIRECTION('',(0.,0.,1.));
#4572=FACE_BOUND('',#4573,.T.);
#4573=EDGE_LOOP('',(#6154,#6155,#6156,#6157));
#4574=FACE_BOUND('',#4575,.T.);
#4575=EDGE_LOOP('',(#6158));
#4576=PLANE('',#4577);
#4577=AXIS2_PLACEMENT_3D('',#4578,#4579,#4580);
#4578=CARTESIAN_POINT('',(2.,-2.5,1.));
#4579=DIRECTION('',(0.,0.,-1.));
#4580=DIRECTION('',(-1.,0.,0.));
#4581=FACE_BOUND('',#4582,.T.);
#4582=EDGE_LOOP('',(#6159,#6160,#6161,#6162));
#4583=CYLINDRICAL_SURFACE('',#4584,0.675);
#4584=AXIS2_PLACEMENT_3D('',#4585,#4586,#4587);
#4585=CARTESIAN_POINT('',(-0.675,-2.5,2.675));
#4586=DIRECTION('',(0.,1.,0.));
#4587=DIRECTION('',(0.,0.,-1.));
#4588=FACE_BOUND('',#4589,.T.);
#4589=EDGE_LOOP('',(#6163,#6164,#6165,#6166));
#4590=PLANE('',#4591);
#4591=AXIS2_PLACEMENT_3D('',#4592,#4593,#4594);
#4592=CARTESIAN_POINT('',(0.675,-2.5,2.));
#4593=DIRECTION('',(3.28954970259306E-016,0.,-1.));
#4594=DIRECTION('',(-1.,0.,-3.28954970259306E-016));
#4595=FACE_BOUND('',#4596,.T.);
#4596=EDGE_LOOP('',(#6167,#6168,#6169,#6170));
#4597=CYLINDRICAL_SURFACE('',#4598,0.675);
#4598=AXIS2_PLACEMENT_3D('',#4599,#4600,#4601);
#4599=CARTESIAN_POINT('',(0.675,-2.5,2.675));
#4600=DIRECTION('',(0.,1.,0.));
#4601=DIRECTION('',(1.,0.,0.));
#4602=FACE_OUTER_BOUND('',#4603,.T.);
#4603=EDGE_LOOP('',(#6171));
#4604=FACE_OUTER_BOUND('',#4605,.T.);
#4605=EDGE_LOOP('',(#6172));
#4606=CONICAL_SURFACE('',#4607,0.6,0.5235987755983);
#4607=AXIS2_PLACEMENT_3D('',#4608,#4609,#4610);
#4608=CARTESIAN_POINT('',(-5.65044425872642E-021,0.,0.826794919243113));
#4609=DIRECTION('',(1.9176692154591E-036,-0.,1.));
#4610=DIRECTION('',(1.,0.,-1.9176692154591E-036));
#4611=FACE_OUTER_BOUND('',#4612,.T.);
#4612=EDGE_LOOP('',(#6173));
#4613=FACE_OUTER_BOUND('',#4614,.T.);
#4614=EDGE_LOOP('',(#6174));
#4615=CYLINDRICAL_SURFACE('',#4616,0.5);
#4616=AXIS2_PLACEMENT_3D('',#4617,#4618,#4619);
#4617=CARTESIAN_POINT('',(-5.65044425872643E-021,0.,-3.8653311938735));
#4618=DIRECTION('',(1.9176692154591E-036,-0.,1.));
#4619=DIRECTION('',(1.,0.,-1.9176692154591E-036));
#4620=FACE_OUTER_BOUND('',#4621,.T.);
#4621=EDGE_LOOP('',(#6175));
#4622=SPHERICAL_SURFACE('',#4623,0.65);
#4623=AXIS2_PLACEMENT_3D('',#4624,#4625,#4626);
#4624=CARTESIAN_POINT('',(-5.65044425872642E-021,0.,-3.45));
#4625=DIRECTION('',(1.9176692154591E-036,-0.,1.));
#4626=DIRECTION('',(1.,0.,-1.9176692154591E-036));
#4627=FACE_BOUND('',#4628,.T.);
#4628=EDGE_LOOP('',(#6176,#6177,#6178,#6179,#6180,#6181,#6182,#6183,#6184,#6185));
#4629=FACE_BOUND('',#4630,.T.);
#4630=EDGE_LOOP('',(#6186));
#4631=PLANE('',#4632);
#4632=AXIS2_PLACEMENT_3D('',#4633,#4634,#4635);
#4633=CARTESIAN_POINT('',(0.,0.,7.));
#4634=DIRECTION('',(0.,0.,1.));
#4635=DIRECTION('',(1.,0.,0.));
#4636=FACE_BOUND('',#4637,.T.);
#4637=EDGE_LOOP('',(#6187,#6188,#6189,#6190,#6191,#6192,#6193,#6194,#6195,#6196));
#4638=FACE_BOUND('',#4639,.T.);
#4639=EDGE_LOOP('',(#6197));
#4640=PLANE('',#4641);
#4641=AXIS2_PLACEMENT_3D('',#4642,#4643,#4644);
#4642=CARTESIAN_POINT('',(0.,0.,7.2));
#4643=DIRECTION('',(0.,0.,1.));
#4644=DIRECTION('',(1.,0.,0.));
#4645=FACE_OUTER_BOUND('',#4646,.T.);
#4646=EDGE_LOOP('',(#6198));
#4647=FACE_OUTER_BOUND('',#4648,.T.);
#4648=EDGE_LOOP('',(#6199));
#4649=CYLINDRICAL_SURFACE('',#4650,1.525);
#4650=AXIS2_PLACEMENT_3D('',#4651,#4652,#4653);
#4651=CARTESIAN_POINT('',(0.,0.,7.));
#4652=DIRECTION('',(0.,0.,1.));
#4653=DIRECTION('',(1.,0.,0.));
#4654=FACE_BOUND('',#4655,.T.);
#4655=EDGE_LOOP('',(#6200,#6201,#6202,#6203));
#4656=PLANE('',#4657);
#4657=AXIS2_PLACEMENT_3D('',#4658,#4659,#4660);
#4658=CARTESIAN_POINT('',(-1.1,2.7,7.));
#4659=DIRECTION('',(-1.,0.,0.));
#4660=DIRECTION('',(0.,-1.,0.));
#4661=FACE_BOUND('',#4662,.T.);
#4662=EDGE_LOOP('',(#6204,#6205,#6206,#6207));
#4663=PLANE('',#4664);
#4664=AXIS2_PLACEMENT_3D('',#4665,#4666,#4667);
#4665=CARTESIAN_POINT('',(1.1,2.7,7.));
#4666=DIRECTION('',(0.,1.,-0.));
#4667=DIRECTION('',(-1.,0.,0.));
#4668=FACE_BOUND('',#4669,.T.);
#4669=EDGE_LOOP('',(#6208,#6209,#6210,#6211));
#4670=PLANE('',#4671);
#4671=AXIS2_PLACEMENT_3D('',#4672,#4673,#4674);
#4672=CARTESIAN_POINT('',(1.1,1.8,7.));
#4673=DIRECTION('',(1.,0.,0.));
#4674=DIRECTION('',(0.,1.,0.));
#4675=FACE_BOUND('',#4676,.T.);
#4676=EDGE_LOOP('',(#6212,#6213,#6214,#6215));
#4677=PLANE('',#4678);
#4678=AXIS2_PLACEMENT_3D('',#4679,#4680,#4681);
#4679=CARTESIAN_POINT('',(1.95,1.49062530087373,7.));
#4680=DIRECTION('',(0.342020143325669,0.939692620785908,-0.));
#4681=DIRECTION('',(-0.939692620785908,0.342020143325669,0.));
#4682=FACE_BOUND('',#4683,.T.);
#4683=EDGE_LOOP('',(#6216,#6217,#6218,#6219));
#4684=PLANE('',#4685);
#4685=AXIS2_PLACEMENT_3D('',#4686,#4687,#4688);
#4686=CARTESIAN_POINT('',(1.95,-2.24522083601366,7.));
#4687=DIRECTION('',(1.,-5.94362285782019E-017,0.));
#4688=DIRECTION('',(5.94362285782019E-017,1.,0.));
#4689=FACE_BOUND('',#4690,.T.);
#4690=EDGE_LOOP('',(#6220,#6221,#6222,#6223));
#4691=PLANE('',#4692);
#4692=AXIS2_PLACEMENT_3D('',#4693,#4694,#4695);
#4693=CARTESIAN_POINT('',(1.25,-2.5,7.));
#4694=DIRECTION('',(0.342020143325668,-0.939692620785909,0.));
#4695=DIRECTION('',(0.939692620785909,0.342020143325668,0.));
#4696=FACE_BOUND('',#4697,.T.);
#4697=EDGE_LOOP('',(#6224,#6225,#6226,#6227));
#4698=PLANE('',#4699);
#4699=AXIS2_PLACEMENT_3D('',#4700,#4701,#4702);
#4700=CARTESIAN_POINT('',(-1.95,-2.24522083601366,7.));
#4701=DIRECTION('',(-0.342020143325669,-0.939692620785908,0.));
#4702=DIRECTION('',(0.939692620785908,-0.342020143325669,0.));
#4703=FACE_BOUND('',#4704,.T.);
#4704=EDGE_LOOP('',(#6228,#6229,#6230,#6231));
#4705=PLANE('',#4706);
#4706=AXIS2_PLACEMENT_3D('',#4707,#4708,#4709);
#4707=CARTESIAN_POINT('',(-1.95,1.49062530087373,7.));
#4708=DIRECTION('',(-1.,5.94362285782019E-017,0.));
#4709=DIRECTION('',(-5.94362285782019E-017,-1.,0.));
#4710=FACE_BOUND('',#4711,.T.);
#4711=EDGE_LOOP('',(#6232,#6233,#6234,#6235));
#4712=PLANE('',#4713);
#4713=AXIS2_PLACEMENT_3D('',#4714,#4715,#4716);
#4714=CARTESIAN_POINT('',(-1.1,1.8,7.));
#4715=DIRECTION('',(-0.342020143325669,0.939692620785908,0.));
#4716=DIRECTION('',(-0.939692620785908,-0.342020143325669,0.));
#4717=FACE_BOUND('',#4718,.T.);
#4718=EDGE_LOOP('',(#6236,#6237,#6238,#6239));
#4719=CYLINDRICAL_SURFACE('',#4720,0.35);
#4720=AXIS2_PLACEMENT_3D('',#4721,#4722,#4723);
#4721=CARTESIAN_POINT('',(1.25,-2.5,6.85));
#4722=DIRECTION('',(-1.,0.,0.));
#4723=DIRECTION('',(0.,0.,1.));
#4724=FACE_BOUND('',#4725,.T.);
#4725=EDGE_LOOP('',(#6240,#6241,#6242,#6243));
#4726=CYLINDRICAL_SURFACE('',#4727,0.15);
#4727=AXIS2_PLACEMENT_3D('',#4728,#4729,#4730);
#4728=CARTESIAN_POINT('',(-1.25,-2.5,6.85));
#4729=DIRECTION('',(1.,0.,0.));
#4730=DIRECTION('',(-0.,0.,1.));
#4731=FACE_BOUND('',#4732,.T.);
#4732=EDGE_LOOP('',(#6244,#6245,#6246,#6247));
#4733=PLANE('',#4734);
#4734=AXIS2_PLACEMENT_3D('',#4735,#4736,#4737);
#4735=CARTESIAN_POINT('',(1.25,-2.65,5.15));
#4736=DIRECTION('',(1.,0.,0.));
#4737=DIRECTION('',(0.,-3.82856869892695E-016,1.));
#4738=FACE_BOUND('',#4739,.T.);
#4739=EDGE_LOOP('',(#6248,#6249,#6250,#6251));
#4740=PLANE('',#4741);
#4741=AXIS2_PLACEMENT_3D('',#4742,#4743,#4744);
#4742=CARTESIAN_POINT('',(0.,-2.85,9.71128315516282));
#4743=DIRECTION('',(0.,-1.,-3.82856869892695E-016));
#4744=DIRECTION('',(1.,0.,0.));
#4745=FACE_BOUND('',#4746,.T.);
#4746=EDGE_LOOP('',(#6252,#6253,#6254,#6255));
#4747=PLANE('',#4748);
#4748=AXIS2_PLACEMENT_3D('',#4749,#4750,#4751);
#4749=CARTESIAN_POINT('',(-1.25,-2.65,6.85));
#4750=DIRECTION('',(-1.,-0.,0.));
#4751=DIRECTION('',(0.,3.82856869892695E-016,-1.));
#4752=FACE_BOUND('',#4753,.T.);
#4753=EDGE_LOOP('',(#6256,#6257,#6258,#6259));
#4754=PLANE('',#4755);
#4755=AXIS2_PLACEMENT_3D('',#4756,#4757,#4758);
#4756=CARTESIAN_POINT('',(0.,-2.65,9.71128315516282));
#4757=DIRECTION('',(0.,-1.,-3.82856869892695E-016));
#4758=DIRECTION('',(1.,0.,0.));
#4759=FACE_BOUND('',#4760,.T.);
#4760=EDGE_LOOP('',(#6260,#6261,#6262,#6263));
#4761=PLANE('',#4762);
#4762=AXIS2_PLACEMENT_3D('',#4763,#4764,#4765);
#4763=CARTESIAN_POINT('',(-1.25,-2.85,6.85));
#4764=DIRECTION('',(-1.,0.,0.));
#4765=DIRECTION('',(0.,-3.82856869892695E-016,1.));
#4766=FACE_BOUND('',#4767,.T.);
#4767=EDGE_LOOP('',(#6264,#6265,#6266,#6267));
#4768=PLANE('',#4769);
#4769=AXIS2_PLACEMENT_3D('',#4770,#4771,#4772);
#4770=CARTESIAN_POINT('',(1.25,-2.5,7.2));
#4771=DIRECTION('',(1.,0.,0.));
#4772=DIRECTION('',(-0.,-1.,0.));
#4773=FACE_BOUND('',#4774,.T.);
#4774=EDGE_LOOP('',(#6268,#6269,#6270,#6271));
#4775=CYLINDRICAL_SURFACE('',#4776,0.35);
#4776=AXIS2_PLACEMENT_3D('',#4777,#4778,#4779);
#4777=CARTESIAN_POINT('',(1.25,-2.5,5.15));
#4778=DIRECTION('',(-1.,0.,0.));
#4779=DIRECTION('',(0.,-1.,-3.82856869892695E-016));
#4780=FACE_BOUND('',#4781,.T.);
#4781=EDGE_LOOP('',(#6272,#6273,#6274,#6275));
#4782=CYLINDRICAL_SURFACE('',#4783,0.15);
#4783=AXIS2_PLACEMENT_3D('',#4784,#4785,#4786);
#4784=CARTESIAN_POINT('',(-1.25,-2.5,5.15));
#4785=DIRECTION('',(1.,0.,0.));
#4786=DIRECTION('',(0.,-1.,-3.82856869892695E-016));
#4787=FACE_BOUND('',#4788,.T.);
#4788=EDGE_LOOP('',(#6276,#6277,#6278,#6279));
#4789=PLANE('',#4790);
#4790=AXIS2_PLACEMENT_3D('',#4791,#4792,#4793);
#4791=CARTESIAN_POINT('',(1.25,1.84954622958074,4.61889103779826));
#4792=DIRECTION('',(1.,0.,0.));
#4793=DIRECTION('',(0.,-0.996194698091746,0.0871557427476577));
#4794=FACE_BOUND('',#4795,.T.);
#4795=EDGE_LOOP('',(#6280,#6281,#6282,#6283));
#4796=PLANE('',#4797);
#4797=AXIS2_PLACEMENT_3D('',#4798,#4799,#4800);
#4798=CARTESIAN_POINT('',(0.,-7.41434406021964,5.228612450795));
#4799=DIRECTION('',(0.,-0.0871557427476578,-0.996194698091746));
#4800=DIRECTION('',(1.,0.,0.));
#4801=FACE_BOUND('',#4802,.T.);
#4802=EDGE_LOOP('',(#6284,#6285,#6286,#6287));
#4803=PLANE('',#4804);
#4804=AXIS2_PLACEMENT_3D('',#4805,#4806,#4807);
#4805=CARTESIAN_POINT('',(-1.25,-2.51307336141215,5.00057079528624));
#4806=DIRECTION('',(-1.,0.,0.));
#4807=DIRECTION('',(0.,0.996194698091746,-0.0871557427476577));
#4808=FACE_BOUND('',#4809,.T.);
#4809=EDGE_LOOP('',(#6288,#6289,#6290,#6291));
#4810=PLANE('',#4811);
#4811=AXIS2_PLACEMENT_3D('',#4812,#4813,#4814);
#4812=CARTESIAN_POINT('',(0.,-7.3969129116701,5.42785139041335));
#4813=DIRECTION('',(0.,-0.0871557427476578,-0.996194698091746));
#4814=DIRECTION('',(1.,0.,0.));
#4815=FACE_BOUND('',#4816,.T.);
#4816=EDGE_LOOP('',(#6292,#6293,#6294,#6295));
#4817=PLANE('',#4818);
#4818=AXIS2_PLACEMENT_3D('',#4819,#4820,#4821);
#4819=CARTESIAN_POINT('',(-1.25,-2.53050450996168,4.80133185566789));
#4820=DIRECTION('',(-1.,0.,0.));
#4821=DIRECTION('',(0.,-0.996194698091746,0.0871557427476578));
#4822=FACE_BOUND('',#4823,.T.);
#4823=EDGE_LOOP('',(#6296,#6297,#6298,#6299));
#4824=PLANE('',#4825);
#4825=AXIS2_PLACEMENT_3D('',#4826,#4827,#4828);
#4826=CARTESIAN_POINT('',(1.25,-2.85,5.15));
#4827=DIRECTION('',(1.,0.,-0.));
#4828=DIRECTION('',(-0.,3.82856869892695E-016,-1.));
#4829=FACE_BOUND('',#4830,.T.);
#4830=EDGE_LOOP('',(#6300,#6301,#6302,#6303));
#4831=CYLINDRICAL_SURFACE('',#4832,0.8);
#4832=AXIS2_PLACEMENT_3D('',#4833,#4834,#4835);
#4833=CARTESIAN_POINT('',(1.25,1.90183967522933,5.21660785665331));
#4834=DIRECTION('',(-1.,0.,0.));
#4835=DIRECTION('',(0.,-0.0871557427476578,-0.996194698091746));
#4836=FACE_BOUND('',#4837,.T.);
#4837=EDGE_LOOP('',(#6304,#6305,#6306,#6307));
#4838=CYLINDRICAL_SURFACE('',#4839,0.6);
#4839=AXIS2_PLACEMENT_3D('',#4840,#4841,#4842);
#4840=CARTESIAN_POINT('',(-1.25,1.90183967522933,5.21660785665331));
#4841=DIRECTION('',(1.,0.,0.));
#4842=DIRECTION('',(0.,-0.0871557427476578,-0.996194698091746));
#4843=FACE_BOUND('',#4844,.T.);
#4844=EDGE_LOOP('',(#6308,#6309,#6310,#6311));
#4845=PLANE('',#4846);
#4846=AXIS2_PLACEMENT_3D('',#4847,#4848,#4849);
#4847=CARTESIAN_POINT('',(1.25,2.83209705215591,4.69570292876974));
#4848=DIRECTION('',(1.,0.,0.));
#4849=DIRECTION('',(0.,-0.996194698091745,-0.0871557427476577));
#4850=FACE_BOUND('',#4851,.T.);
#4851=EDGE_LOOP('',(#6312,#6313,#6314,#6315,#6316,#6317));
#4852=PLANE('',#4853);
#4853=AXIS2_PLACEMENT_3D('',#4854,#4855,#4856);
#4854=CARTESIAN_POINT('',(0.,-7.39312563863714,3.60034789378863));
#4855=DIRECTION('',(0.,0.0871557427476582,-0.996194698091746));
#4856=DIRECTION('',(1.,0.,0.));
#4857=FACE_BOUND('',#4858,.T.);
#4858=EDGE_LOOP('',(#6318,#6319,#6320,#6321));
#4859=PLANE('',#4860);
#4860=AXIS2_PLACEMENT_3D('',#4861,#4862,#4863);
#4861=CARTESIAN_POINT('',(-1.25,1.95413312087793,4.61889103779826));
#4862=DIRECTION('',(-1.,0.,0.));
#4863=DIRECTION('',(0.,0.996194698091745,0.0871557427476577));
#4864=FACE_BOUND('',#4865,.T.);
#4865=EDGE_LOOP('',(#6322,#6323,#6324,#6325,#6326,#6327));
#4866=PLANE('',#4867);
#4867=AXIS2_PLACEMENT_3D('',#4868,#4869,#4870);
#4868=CARTESIAN_POINT('',(0.,-7.41055678718667,3.79958683340698));
#4869=DIRECTION('',(0.,0.0871557427476582,-0.996194698091746));
#4870=DIRECTION('',(1.,0.,0.));
#4871=FACE_BOUND('',#4872,.T.);
#4872=EDGE_LOOP('',(#6328,#6329,#6330,#6331));
#4873=PLANE('',#4874);
#4874=AXIS2_PLACEMENT_3D('',#4875,#4876,#4877);
#4875=CARTESIAN_POINT('',(-1.25,2.83209705215591,4.69570292876974));
#4876=DIRECTION('',(0.,0.996194698091746,0.0871557427476563));
#4877=DIRECTION('',(1.,0.,0.));
#4878=FACE_BOUND('',#4879,.T.);
#4879=EDGE_LOOP('',(#6332,#6333,#6334,#6335));
#4880=PLANE('',#4881);
#4881=AXIS2_PLACEMENT_3D('',#4882,#4883,#4884);
#4882=CARTESIAN_POINT('',(-1.25,1.97156426942746,4.41965209817991));
#4883=DIRECTION('',(-1.,-0.,0.));
#4884=DIRECTION('',(0.,-0.996194698091746,-0.0871557427476582));
#4885=FACE_BOUND('',#4886,.T.);
#4886=EDGE_LOOP('',(#6336,#6337,#6338,#6339));
#4887=PLANE('',#4888);
#4888=AXIS2_PLACEMENT_3D('',#4889,#4890,#4891);
#4889=CARTESIAN_POINT('',(1.25,1.83211508103121,4.41965209817991));
#4890=DIRECTION('',(1.,0.,-0.));
#4891=DIRECTION('',(-0.,0.996194698091746,-0.0871557427476578));
#4892=FACE_BOUND('',#4893,.T.);
#4893=EDGE_LOOP('',(#6340,#6341,#6342,#6343));
#4894=PLANE('',#4895);
#4895=AXIS2_PLACEMENT_3D('',#4896,#4897,#4898);
#4896=CARTESIAN_POINT('',(0.75,2.7100790123092,6.09037550609818));
#4897=DIRECTION('',(-0.707106781186547,-0.704416026402759,-0.061628416716218));
#4898=DIRECTION('',(0.,0.0871557427476563,-0.996194698091746));
#4899=FACE_BOUND('',#4900,.T.);
#4900=EDGE_LOOP('',(#6344,#6345,#6346,#6347));
#4901=PLANE('',#4902);
#4902=AXIS2_PLACEMENT_3D('',#4903,#4904,#4905);
#4903=CARTESIAN_POINT('',(-1.25,2.21198166326332,6.04679763472436));
#4904=DIRECTION('',(0.707106781186547,-0.704416026402759,-0.0616284167162182));
#4905=DIRECTION('',(0.,0.0871557427476565,-0.996194698091746));
#4906=FACE_BOUND('',#4907,.T.);
#4907=EDGE_LOOP('',(#6348,#6349));
#4908=PLANE('',#4909);
#4909=AXIS2_PLACEMENT_3D('',#4910,#4911,#4912);
#4910=CARTESIAN_POINT('',(0.,-2.50666788882249E-016,12.5));
#4911=DIRECTION('',(-0.,1.22139628059813E-018,1.));
#4912=DIRECTION('',(0.,-1.,1.22139628059813E-018));
#4913=FACE_BOUND('',#4914,.T.);
#4914=EDGE_LOOP('',(#6350,#6351));
#4915=PLANE('',#4916);
#4916=AXIS2_PLACEMENT_3D('',#4917,#4918,#4919);
#4917=CARTESIAN_POINT('',(0.,-2.50666788882249E-016,12.5));
#4918=DIRECTION('',(-0.,1.22139628059813E-018,1.));
#4919=DIRECTION('',(0.,-1.,1.22139628059813E-018));
#4920=FACE_BOUND('',#4921,.T.);
#4921=EDGE_LOOP('',(#6352,#6353,#6354,#6355));
#4922=TOROIDAL_SURFACE('',#4923,1.47777777777778,0.422222222222222);
#4923=AXIS2_PLACEMENT_3D('',#4924,#4925,#4926);
#4924=CARTESIAN_POINT('',(0.,-2.51182489534057E-016,12.0777777777778));
#4925=DIRECTION('',(0.,-1.22139628059813E-018,-1.));
#4926=DIRECTION('',(0.,-1.,1.22139628059813E-018));
#4927=FACE_BOUND('',#4928,.T.);
#4928=EDGE_LOOP('',(#6356,#6357,#6358,#6359,#6360));
#4929=TOROIDAL_SURFACE('',#4930,1.47777777777778,0.422222222222222);
#4930=AXIS2_PLACEMENT_3D('',#4931,#4932,#4933);
#4931=CARTESIAN_POINT('',(0.,-2.51182489534057E-016,12.0777777777778));
#4932=DIRECTION('',(0.,-1.22139628059813E-018,-1.));
#4933=DIRECTION('',(0.,-1.,1.22139628059813E-018));
#4934=FACE_BOUND('',#4935,.T.);
#4935=EDGE_LOOP('',(#6361,#6362,#6363,#6364,#6365,#6366,#6367,#6368,#6369));
#4936=FACE_OUTER_BOUND('',#4937,.T.);
#4937=EDGE_LOOP('',(#6370));
#4938=CYLINDRICAL_SURFACE('',#4939,1.9);
#4939=AXIS2_PLACEMENT_3D('',#4940,#4941,#4942);
#4940=CARTESIAN_POINT('',(0.,-2.51182489534057E-016,12.0777777777778));
#4941=DIRECTION('',(0.,-1.22139628059813E-018,-1.));
#4942=DIRECTION('',(0.,-1.,1.22139628059813E-018));
#4943=FACE_BOUND('',#4944,.T.);
#4944=EDGE_LOOP('',(#6371,#6372,#6373,#6374));
#4945=PLANE('',#4946);
#4946=AXIS2_PLACEMENT_3D('',#4947,#4948,#4949);
#4947=CARTESIAN_POINT('',(0.,-1.22139628059813E-018,11.5));
#4948=DIRECTION('',(-0.,1.22139628059813E-018,1.));
#4949=DIRECTION('',(1.,0.,0.));
#4950=FACE_BOUND('',#4951,.T.);
#4951=EDGE_LOOP('',(#6375,#6376,#6377,#6378,#6379,#6380));
#4952=PLANE('',#4953);
#4953=AXIS2_PLACEMENT_3D('',#4954,#4955,#4956);
#4954=CARTESIAN_POINT('',(-1.94454364826288,1.44956890143238,11.5));
#4955=DIRECTION('',(-0.707106781186547,-0.707106781186548,0.));
#4956=DIRECTION('',(0.707106781186548,-0.707106781186547,0.));
#4957=FACE_BOUND('',#4958,.T.);
#4958=EDGE_LOOP('',(#6381,#6382,#6383,#6384,#6385,#6386));
#4959=PLANE('',#4960);
#4960=AXIS2_PLACEMENT_3D('',#4961,#4962,#4963);
#4961=CARTESIAN_POINT('',(1.94454364826295,-1.44956890143229,11.5));
#4962=DIRECTION('',(0.707106781186547,0.707106781186548,-0.));
#4963=DIRECTION('',(-0.707106781186548,0.707106781186547,0.));
#4964=FACE_BOUND('',#4965,.T.);
#4965=EDGE_LOOP('',(#6387));
#4966=FACE_BOUND('',#4967,.T.);
#4967=EDGE_LOOP('',(#6388));
#4968=PLANE('',#4969);
#4969=AXIS2_PLACEMENT_3D('',#4970,#4971,#4972);
#4970=CARTESIAN_POINT('',(0.,-2.53109581443445E-016,10.5));
#4971=DIRECTION('',(0.,-1.22139628059813E-018,-1.));
#4972=DIRECTION('',(0.,-1.,1.22139628059813E-018));
#4973=FACE_OUTER_BOUND('',#4974,.T.);
#4974=EDGE_LOOP('',(#6389));
#4975=FACE_OUTER_BOUND('',#4976,.T.);
#4976=EDGE_LOOP('',(#6390));
#4977=CYLINDRICAL_SURFACE('',#4978,1.5);
#4978=AXIS2_PLACEMENT_3D('',#4979,#4980,#4981);
#4979=CARTESIAN_POINT('',(0.,-2.53109581443445E-016,10.5));
#4980=DIRECTION('',(0.,-1.22139628059813E-018,-1.));
#4981=DIRECTION('',(0.,-1.,1.22139628059813E-018));
#4982=FACE_OUTER_BOUND('',#4983,.T.);
#4983=EDGE_LOOP('',(#6391));
#4984=FACE_OUTER_BOUND('',#4985,.T.);
#4985=EDGE_LOOP('',(#6392));
#4986=CONICAL_SURFACE('',#4987,1.325,0.785398163397448);
#4987=AXIS2_PLACEMENT_3D('',#4988,#4989,#4990);
#4988=CARTESIAN_POINT('',(0.,-2.59002818497331E-016,5.675));
#4989=DIRECTION('',(0.,1.22139628059813E-018,1.));
#4990=DIRECTION('',(-0.,1.,-1.22139628059813E-018));
#4991=FACE_OUTER_BOUND('',#4992,.T.);
#4992=EDGE_LOOP('',(#6393));
#4993=FACE_OUTER_BOUND('',#4994,.T.);
#4994=EDGE_LOOP('',(#6394));
#4995=CYLINDRICAL_SURFACE('',#4996,1.15);
#4996=AXIS2_PLACEMENT_3D('',#4997,#4998,#4999);
#4997=CARTESIAN_POINT('',(0.,-2.59216562846436E-016,5.5));
#4998=DIRECTION('',(0.,-1.22139628059813E-018,-1.));
#4999=DIRECTION('',(0.,-1.,1.22139628059813E-018));
#5000=FACE_BOUND('',#5001,.T.);
#5001=EDGE_LOOP('',(#6395));
#5002=PLANE('',#5003);
#5003=AXIS2_PLACEMENT_3D('',#5004,#5005,#5006);
#5004=CARTESIAN_POINT('',(0.,-2.59827260986735E-016,5.));
#5005=DIRECTION('',(0.,-1.22139628059813E-018,-1.));
#5006=DIRECTION('',(0.,-1.,1.22139628059813E-018));
#5007=ORIENTED_EDGE('',*,*,#6396,.F.);
#5008=ORIENTED_EDGE('',*,*,#6397,.F.);
#5009=ORIENTED_EDGE('',*,*,#6398,.F.);
#5010=ORIENTED_EDGE('',*,*,#6399,.T.);
#5011=ORIENTED_EDGE('',*,*,#6400,.F.);
#5012=ORIENTED_EDGE('',*,*,#6401,.F.);
#5013=ORIENTED_EDGE('',*,*,#6402,.F.);
#5014=ORIENTED_EDGE('',*,*,#6403,.F.);
#5015=ORIENTED_EDGE('',*,*,#6404,.F.);
#5016=ORIENTED_EDGE('',*,*,#6405,.F.);
#5017=ORIENTED_EDGE('',*,*,#6406,.F.);
#5018=ORIENTED_EDGE('',*,*,#6407,.F.);
#5019=ORIENTED_EDGE('',*,*,#6408,.F.);
#5020=ORIENTED_EDGE('',*,*,#6409,.F.);
#5021=ORIENTED_EDGE('',*,*,#6410,.F.);
#5022=ORIENTED_EDGE('',*,*,#6411,.F.);
#5023=ORIENTED_EDGE('',*,*,#6412,.T.);
#5024=ORIENTED_EDGE('',*,*,#6413,.T.);
#5025=ORIENTED_EDGE('',*,*,#6414,.F.);
#5026=ORIENTED_EDGE('',*,*,#6415,.F.);
#5027=ORIENTED_EDGE('',*,*,#6416,.F.);
#5028=ORIENTED_EDGE('',*,*,#6417,.T.);
#5029=ORIENTED_EDGE('',*,*,#6418,.F.);
#5030=ORIENTED_EDGE('',*,*,#6419,.F.);
#5031=ORIENTED_EDGE('',*,*,#6420,.F.);
#5032=ORIENTED_EDGE('',*,*,#6421,.T.);
#5033=ORIENTED_EDGE('',*,*,#6422,.F.);
#5034=ORIENTED_EDGE('',*,*,#6423,.F.);
#5035=ORIENTED_EDGE('',*,*,#6424,.F.);
#5036=ORIENTED_EDGE('',*,*,#6425,.F.);
#5037=ORIENTED_EDGE('',*,*,#6426,.F.);
#5038=ORIENTED_EDGE('',*,*,#6427,.F.);
#5039=ORIENTED_EDGE('',*,*,#6428,.F.);
#5040=ORIENTED_EDGE('',*,*,#6429,.F.);
#5041=ORIENTED_EDGE('',*,*,#6430,.F.);
#5042=ORIENTED_EDGE('',*,*,#6431,.F.);
#5043=ORIENTED_EDGE('',*,*,#6432,.F.);
#5044=ORIENTED_EDGE('',*,*,#6433,.F.);
#5045=ORIENTED_EDGE('',*,*,#6434,.T.);
#5046=ORIENTED_EDGE('',*,*,#6435,.T.);
#5047=ORIENTED_EDGE('',*,*,#6436,.F.);
#5048=ORIENTED_EDGE('',*,*,#6437,.F.);
#5049=ORIENTED_EDGE('',*,*,#6438,.F.);
#5050=ORIENTED_EDGE('',*,*,#6439,.T.);
#5051=ORIENTED_EDGE('',*,*,#6440,.T.);
#5052=ORIENTED_EDGE('',*,*,#6435,.F.);
#5053=ORIENTED_EDGE('',*,*,#6441,.F.);
#5054=ORIENTED_EDGE('',*,*,#6423,.T.);
#5055=ORIENTED_EDGE('',*,*,#6442,.T.);
#5056=ORIENTED_EDGE('',*,*,#6413,.F.);
#5057=ORIENTED_EDGE('',*,*,#6443,.F.);
#5058=ORIENTED_EDGE('',*,*,#6401,.T.);
#5059=ORIENTED_EDGE('',*,*,#6444,.T.);
#5060=ORIENTED_EDGE('',*,*,#6421,.F.);
#5061=ORIENTED_EDGE('',*,*,#6445,.F.);
#5062=ORIENTED_EDGE('',*,*,#6437,.T.);
#5063=ORIENTED_EDGE('',*,*,#6446,.T.);
#5064=ORIENTED_EDGE('',*,*,#6399,.F.);
#5065=ORIENTED_EDGE('',*,*,#6447,.F.);
#5066=ORIENTED_EDGE('',*,*,#6415,.T.);
#5067=ORIENTED_EDGE('',*,*,#6429,.T.);
#5068=ORIENTED_EDGE('',*,*,#6448,.T.);
#5069=ORIENTED_EDGE('',*,*,#6418,.T.);
#5070=ORIENTED_EDGE('',*,*,#6449,.T.);
#5071=ORIENTED_EDGE('',*,*,#6450,.T.);
#5072=ORIENTED_EDGE('',*,*,#6451,.T.);
#5073=ORIENTED_EDGE('',*,*,#6452,.T.);
#5074=ORIENTED_EDGE('',*,*,#6453,.T.);
#5075=ORIENTED_EDGE('',*,*,#6454,.T.);
#5076=ORIENTED_EDGE('',*,*,#6455,.T.);
#5077=ORIENTED_EDGE('',*,*,#6456,.T.);
#5078=ORIENTED_EDGE('',*,*,#6457,.T.);
#5079=ORIENTED_EDGE('',*,*,#6458,.T.);
#5080=ORIENTED_EDGE('',*,*,#6459,.T.);
#5081=ORIENTED_EDGE('',*,*,#6460,.F.);
#5082=ORIENTED_EDGE('',*,*,#6461,.T.);
#5083=ORIENTED_EDGE('',*,*,#6462,.T.);
#5084=ORIENTED_EDGE('',*,*,#6463,.T.);
#5085=ORIENTED_EDGE('',*,*,#6464,.F.);
#5086=ORIENTED_EDGE('',*,*,#6465,.T.);
#5087=ORIENTED_EDGE('',*,*,#6466,.F.);
#5088=ORIENTED_EDGE('',*,*,#6467,.F.);
#5089=ORIENTED_EDGE('',*,*,#6468,.T.);
#5090=ORIENTED_EDGE('',*,*,#6469,.T.);
#5091=ORIENTED_EDGE('',*,*,#6470,.T.);
#5092=ORIENTED_EDGE('',*,*,#6471,.T.);
#5093=ORIENTED_EDGE('',*,*,#6472,.T.);
#5094=ORIENTED_EDGE('',*,*,#6473,.T.);
#5095=ORIENTED_EDGE('',*,*,#6474,.T.);
#5096=ORIENTED_EDGE('',*,*,#6475,.T.);
#5097=ORIENTED_EDGE('',*,*,#6476,.T.);
#5098=ORIENTED_EDGE('',*,*,#6477,.T.);
#5099=ORIENTED_EDGE('',*,*,#6478,.T.);
#5100=ORIENTED_EDGE('',*,*,#6479,.T.);
#5101=ORIENTED_EDGE('',*,*,#6407,.T.);
#5102=ORIENTED_EDGE('',*,*,#6480,.T.);
#5103=ORIENTED_EDGE('',*,*,#6396,.T.);
#5104=ORIENTED_EDGE('',*,*,#6481,.T.);
#5105=ORIENTED_EDGE('',*,*,#6482,.T.);
#5106=ORIENTED_EDGE('',*,*,#6483,.T.);
#5107=ORIENTED_EDGE('',*,*,#6484,.T.);
#5108=ORIENTED_EDGE('',*,*,#6485,.T.);
#5109=ORIENTED_EDGE('',*,*,#6486,.T.);
#5110=ORIENTED_EDGE('',*,*,#6487,.T.);
#5111=ORIENTED_EDGE('',*,*,#6488,.T.);
#5112=ORIENTED_EDGE('',*,*,#6489,.T.);
#5113=ORIENTED_EDGE('',*,*,#6490,.T.);
#5114=ORIENTED_EDGE('',*,*,#6446,.F.);
#5115=ORIENTED_EDGE('',*,*,#6414,.T.);
#5116=ORIENTED_EDGE('',*,*,#6442,.F.);
#5117=ORIENTED_EDGE('',*,*,#6400,.T.);
#5118=ORIENTED_EDGE('',*,*,#6444,.F.);
#5119=ORIENTED_EDGE('',*,*,#6436,.T.);
#5120=ORIENTED_EDGE('',*,*,#6440,.F.);
#5121=ORIENTED_EDGE('',*,*,#6422,.T.);
#5122=ORIENTED_EDGE('',*,*,#6480,.F.);
#5123=ORIENTED_EDGE('',*,*,#6417,.F.);
#5124=ORIENTED_EDGE('',*,*,#6491,.F.);
#5125=ORIENTED_EDGE('',*,*,#6397,.T.);
#5126=ORIENTED_EDGE('',*,*,#6416,.T.);
#5127=ORIENTED_EDGE('',*,*,#6447,.T.);
#5128=ORIENTED_EDGE('',*,*,#6398,.T.);
#5129=ORIENTED_EDGE('',*,*,#6491,.T.);
#5130=ORIENTED_EDGE('',*,*,#6443,.T.);
#5131=ORIENTED_EDGE('',*,*,#6412,.F.);
#5132=ORIENTED_EDGE('',*,*,#6492,.F.);
#5133=ORIENTED_EDGE('',*,*,#6493,.F.);
#5134=ORIENTED_EDGE('',*,*,#6494,.F.);
#5135=ORIENTED_EDGE('',*,*,#6495,.F.);
#5136=ORIENTED_EDGE('',*,*,#6496,.F.);
#5137=ORIENTED_EDGE('',*,*,#6402,.T.);
#5138=ORIENTED_EDGE('',*,*,#6425,.T.);
#5139=ORIENTED_EDGE('',*,*,#6497,.T.);
#5140=ORIENTED_EDGE('',*,*,#6498,.T.);
#5141=ORIENTED_EDGE('',*,*,#6499,.T.);
#5142=ORIENTED_EDGE('',*,*,#6500,.T.);
#5143=ORIENTED_EDGE('',*,*,#6501,.T.);
#5144=ORIENTED_EDGE('',*,*,#6502,.T.);
#5145=ORIENTED_EDGE('',*,*,#6503,.T.);
#5146=ORIENTED_EDGE('',*,*,#6504,.T.);
#5147=ORIENTED_EDGE('',*,*,#6505,.T.);
#5148=ORIENTED_EDGE('',*,*,#6433,.T.);
#5149=ORIENTED_EDGE('',*,*,#6506,.F.);
#5150=ORIENTED_EDGE('',*,*,#6403,.T.);
#5151=ORIENTED_EDGE('',*,*,#6496,.T.);
#5152=ORIENTED_EDGE('',*,*,#6507,.T.);
#5153=ORIENTED_EDGE('',*,*,#6508,.T.);
#5154=ORIENTED_EDGE('',*,*,#6509,.T.);
#5155=ORIENTED_EDGE('',*,*,#6510,.T.);
#5156=ORIENTED_EDGE('',*,*,#6511,.T.);
#5157=ORIENTED_EDGE('',*,*,#6512,.T.);
#5158=ORIENTED_EDGE('',*,*,#6513,.T.);
#5159=ORIENTED_EDGE('',*,*,#6492,.T.);
#5160=ORIENTED_EDGE('',*,*,#6411,.T.);
#5161=ORIENTED_EDGE('',*,*,#6514,.F.);
#5162=ORIENTED_EDGE('',*,*,#6515,.T.);
#5163=ORIENTED_EDGE('',*,*,#6516,.T.);
#5164=ORIENTED_EDGE('',*,*,#6517,.T.);
#5165=ORIENTED_EDGE('',*,*,#6518,.T.);
#5166=ORIENTED_EDGE('',*,*,#6519,.T.);
#5167=ORIENTED_EDGE('',*,*,#6520,.T.);
#5168=ORIENTED_EDGE('',*,*,#6521,.T.);
#5169=ORIENTED_EDGE('',*,*,#6522,.T.);
#5170=ORIENTED_EDGE('',*,*,#6523,.T.);
#5171=ORIENTED_EDGE('',*,*,#6524,.T.);
#5172=ORIENTED_EDGE('',*,*,#6525,.T.);
#5173=ORIENTED_EDGE('',*,*,#6526,.F.);
#5174=ORIENTED_EDGE('',*,*,#6527,.T.);
#5175=ORIENTED_EDGE('',*,*,#6528,.T.);
#5176=ORIENTED_EDGE('',*,*,#6529,.F.);
#5177=ORIENTED_EDGE('',*,*,#6530,.F.);
#5178=ORIENTED_EDGE('',*,*,#6531,.T.);
#5179=ORIENTED_EDGE('',*,*,#6532,.T.);
#5180=ORIENTED_EDGE('',*,*,#6533,.T.);
#5181=ORIENTED_EDGE('',*,*,#6534,.T.);
#5182=ORIENTED_EDGE('',*,*,#6535,.T.);
#5183=ORIENTED_EDGE('',*,*,#6536,.T.);
#5184=ORIENTED_EDGE('',*,*,#6537,.T.);
#5185=ORIENTED_EDGE('',*,*,#6538,.T.);
#5186=ORIENTED_EDGE('',*,*,#6539,.T.);
#5187=ORIENTED_EDGE('',*,*,#6540,.T.);
#5188=ORIENTED_EDGE('',*,*,#6541,.T.);
#5189=ORIENTED_EDGE('',*,*,#6542,.F.);
#5190=ORIENTED_EDGE('',*,*,#6543,.T.);
#5191=ORIENTED_EDGE('',*,*,#6544,.T.);
#5192=ORIENTED_EDGE('',*,*,#6545,.T.);
#5193=ORIENTED_EDGE('',*,*,#6546,.T.);
#5194=ORIENTED_EDGE('',*,*,#6547,.T.);
#5195=ORIENTED_EDGE('',*,*,#6548,.T.);
#5196=ORIENTED_EDGE('',*,*,#6549,.T.);
#5197=ORIENTED_EDGE('',*,*,#6550,.T.);
#5198=ORIENTED_EDGE('',*,*,#6551,.T.);
#5199=ORIENTED_EDGE('',*,*,#6552,.T.);
#5200=ORIENTED_EDGE('',*,*,#6553,.T.);
#5201=ORIENTED_EDGE('',*,*,#6554,.F.);
#5202=ORIENTED_EDGE('',*,*,#6432,.T.);
#5203=ORIENTED_EDGE('',*,*,#6555,.F.);
#5204=ORIENTED_EDGE('',*,*,#6404,.T.);
#5205=ORIENTED_EDGE('',*,*,#6506,.T.);
#5206=ORIENTED_EDGE('',*,*,#6431,.T.);
#5207=ORIENTED_EDGE('',*,*,#6556,.F.);
#5208=ORIENTED_EDGE('',*,*,#6405,.T.);
#5209=ORIENTED_EDGE('',*,*,#6555,.T.);
#5210=ORIENTED_EDGE('',*,*,#6430,.T.);
#5211=ORIENTED_EDGE('',*,*,#6481,.F.);
#5212=ORIENTED_EDGE('',*,*,#6406,.T.);
#5213=ORIENTED_EDGE('',*,*,#6556,.T.);
#5214=ORIENTED_EDGE('',*,*,#6408,.T.);
#5215=ORIENTED_EDGE('',*,*,#6479,.F.);
#5216=ORIENTED_EDGE('',*,*,#6557,.T.);
#5217=ORIENTED_EDGE('',*,*,#6558,.T.);
#5218=ORIENTED_EDGE('',*,*,#6409,.T.);
#5219=ORIENTED_EDGE('',*,*,#6558,.F.);
#5220=ORIENTED_EDGE('',*,*,#6559,.T.);
#5221=ORIENTED_EDGE('',*,*,#6560,.T.);
#5222=ORIENTED_EDGE('',*,*,#6410,.T.);
#5223=ORIENTED_EDGE('',*,*,#6560,.F.);
#5224=ORIENTED_EDGE('',*,*,#6561,.T.);
#5225=ORIENTED_EDGE('',*,*,#6514,.T.);
#5226=ORIENTED_EDGE('',*,*,#6448,.F.);
#5227=ORIENTED_EDGE('',*,*,#6439,.F.);
#5228=ORIENTED_EDGE('',*,*,#6562,.F.);
#5229=ORIENTED_EDGE('',*,*,#6419,.T.);
#5230=ORIENTED_EDGE('',*,*,#6438,.T.);
#5231=ORIENTED_EDGE('',*,*,#6445,.T.);
#5232=ORIENTED_EDGE('',*,*,#6420,.T.);
#5233=ORIENTED_EDGE('',*,*,#6562,.T.);
#5234=ORIENTED_EDGE('',*,*,#6441,.T.);
#5235=ORIENTED_EDGE('',*,*,#6434,.F.);
#5236=ORIENTED_EDGE('',*,*,#6505,.F.);
#5237=ORIENTED_EDGE('',*,*,#6563,.F.);
#5238=ORIENTED_EDGE('',*,*,#6564,.F.);
#5239=ORIENTED_EDGE('',*,*,#6565,.F.);
#5240=ORIENTED_EDGE('',*,*,#6497,.F.);
#5241=ORIENTED_EDGE('',*,*,#6424,.T.);
#5242=ORIENTED_EDGE('',*,*,#6426,.T.);
#5243=ORIENTED_EDGE('',*,*,#6554,.T.);
#5244=ORIENTED_EDGE('',*,*,#6566,.T.);
#5245=ORIENTED_EDGE('',*,*,#6567,.F.);
#5246=ORIENTED_EDGE('',*,*,#6427,.T.);
#5247=ORIENTED_EDGE('',*,*,#6567,.T.);
#5248=ORIENTED_EDGE('',*,*,#6568,.T.);
#5249=ORIENTED_EDGE('',*,*,#6569,.F.);
#5250=ORIENTED_EDGE('',*,*,#6428,.T.);
#5251=ORIENTED_EDGE('',*,*,#6569,.T.);
#5252=ORIENTED_EDGE('',*,*,#6570,.T.);
#5253=ORIENTED_EDGE('',*,*,#6449,.F.);
#5254=ORIENTED_EDGE('',*,*,#6566,.F.);
#5255=ORIENTED_EDGE('',*,*,#6553,.F.);
#5256=ORIENTED_EDGE('',*,*,#6571,.T.);
#5257=ORIENTED_EDGE('',*,*,#6572,.T.);
#5258=ORIENTED_EDGE('',*,*,#6573,.F.);
#5259=ORIENTED_EDGE('',*,*,#6574,.F.);
#5260=ORIENTED_EDGE('',*,*,#6575,.F.);
#5261=ORIENTED_EDGE('',*,*,#6576,.T.);
#5262=ORIENTED_EDGE('',*,*,#6450,.F.);
#5263=ORIENTED_EDGE('',*,*,#6570,.F.);
#5264=ORIENTED_EDGE('',*,*,#6568,.F.);
#5265=ORIENTED_EDGE('',*,*,#6451,.F.);
#5266=ORIENTED_EDGE('',*,*,#6576,.F.);
#5267=ORIENTED_EDGE('',*,*,#6577,.F.);
#5268=ORIENTED_EDGE('',*,*,#6578,.T.);
#5269=ORIENTED_EDGE('',*,*,#6579,.F.);
#5270=ORIENTED_EDGE('',*,*,#6580,.F.);
#5271=ORIENTED_EDGE('',*,*,#6452,.F.);
#5272=ORIENTED_EDGE('',*,*,#6578,.F.);
#5273=ORIENTED_EDGE('',*,*,#6581,.F.);
#5274=ORIENTED_EDGE('',*,*,#6582,.T.);
#5275=ORIENTED_EDGE('',*,*,#6583,.F.);
#5276=ORIENTED_EDGE('',*,*,#6584,.F.);
#5277=ORIENTED_EDGE('',*,*,#6585,.F.);
#5278=ORIENTED_EDGE('',*,*,#6543,.F.);
#5279=ORIENTED_EDGE('',*,*,#6586,.F.);
#5280=ORIENTED_EDGE('',*,*,#6580,.T.);
#5281=ORIENTED_EDGE('',*,*,#6587,.T.);
#5282=ORIENTED_EDGE('',*,*,#6588,.T.);
#5283=ORIENTED_EDGE('',*,*,#6453,.F.);
#5284=ORIENTED_EDGE('',*,*,#6589,.F.);
#5285=ORIENTED_EDGE('',*,*,#6541,.F.);
#5286=ORIENTED_EDGE('',*,*,#6590,.T.);
#5287=ORIENTED_EDGE('',*,*,#6591,.T.);
#5288=ORIENTED_EDGE('',*,*,#6592,.F.);
#5289=ORIENTED_EDGE('',*,*,#6593,.F.);
#5290=ORIENTED_EDGE('',*,*,#6594,.F.);
#5291=ORIENTED_EDGE('',*,*,#6595,.T.);
#5292=ORIENTED_EDGE('',*,*,#6454,.F.);
#5293=ORIENTED_EDGE('',*,*,#6588,.F.);
#5294=ORIENTED_EDGE('',*,*,#6596,.F.);
#5295=ORIENTED_EDGE('',*,*,#6455,.F.);
#5296=ORIENTED_EDGE('',*,*,#6595,.F.);
#5297=ORIENTED_EDGE('',*,*,#6597,.F.);
#5298=ORIENTED_EDGE('',*,*,#6598,.T.);
#5299=ORIENTED_EDGE('',*,*,#6599,.T.);
#5300=ORIENTED_EDGE('',*,*,#6456,.F.);
#5301=ORIENTED_EDGE('',*,*,#6598,.F.);
#5302=ORIENTED_EDGE('',*,*,#6600,.F.);
#5303=ORIENTED_EDGE('',*,*,#6601,.T.);
#5304=ORIENTED_EDGE('',*,*,#6457,.F.);
#5305=ORIENTED_EDGE('',*,*,#6599,.F.);
#5306=ORIENTED_EDGE('',*,*,#6602,.F.);
#5307=ORIENTED_EDGE('',*,*,#6603,.F.);
#5308=ORIENTED_EDGE('',*,*,#6603,.T.);
#5309=ORIENTED_EDGE('',*,*,#6604,.F.);
#5310=ORIENTED_EDGE('',*,*,#6605,.F.);
#5311=ORIENTED_EDGE('',*,*,#6531,.F.);
#5312=ORIENTED_EDGE('',*,*,#6606,.F.);
#5313=ORIENTED_EDGE('',*,*,#6607,.F.);
#5314=ORIENTED_EDGE('',*,*,#6608,.F.);
#5315=ORIENTED_EDGE('',*,*,#6458,.F.);
#5316=ORIENTED_EDGE('',*,*,#6608,.T.);
#5317=ORIENTED_EDGE('',*,*,#6609,.T.);
#5318=ORIENTED_EDGE('',*,*,#6610,.F.);
#5319=ORIENTED_EDGE('',*,*,#6459,.F.);
#5320=ORIENTED_EDGE('',*,*,#6611,.T.);
#5321=ORIENTED_EDGE('',*,*,#6460,.T.);
#5322=ORIENTED_EDGE('',*,*,#6610,.T.);
#5323=ORIENTED_EDGE('',*,*,#6612,.T.);
#5324=ORIENTED_EDGE('',*,*,#6613,.T.);
#5325=ORIENTED_EDGE('',*,*,#6529,.T.);
#5326=ORIENTED_EDGE('',*,*,#6614,.T.);
#5327=ORIENTED_EDGE('',*,*,#6615,.T.);
#5328=ORIENTED_EDGE('',*,*,#6616,.T.);
#5329=ORIENTED_EDGE('',*,*,#6617,.T.);
#5330=ORIENTED_EDGE('',*,*,#6466,.T.);
#5331=ORIENTED_EDGE('',*,*,#6618,.T.);
#5332=ORIENTED_EDGE('',*,*,#6619,.T.);
#5333=ORIENTED_EDGE('',*,*,#6620,.T.);
#5334=ORIENTED_EDGE('',*,*,#6464,.T.);
#5335=ORIENTED_EDGE('',*,*,#6621,.T.);
#5336=ORIENTED_EDGE('',*,*,#6622,.T.);
#5337=ORIENTED_EDGE('',*,*,#6611,.F.);
#5338=ORIENTED_EDGE('',*,*,#6623,.F.);
#5339=ORIENTED_EDGE('',*,*,#6624,.T.);
#5340=ORIENTED_EDGE('',*,*,#6461,.F.);
#5341=ORIENTED_EDGE('',*,*,#6462,.F.);
#5342=ORIENTED_EDGE('',*,*,#6624,.F.);
#5343=ORIENTED_EDGE('',*,*,#6625,.F.);
#5344=ORIENTED_EDGE('',*,*,#6626,.T.);
#5345=ORIENTED_EDGE('',*,*,#6621,.F.);
#5346=ORIENTED_EDGE('',*,*,#6463,.F.);
#5347=ORIENTED_EDGE('',*,*,#6626,.F.);
#5348=ORIENTED_EDGE('',*,*,#6627,.F.);
#5349=ORIENTED_EDGE('',*,*,#6620,.F.);
#5350=ORIENTED_EDGE('',*,*,#6628,.F.);
#5351=ORIENTED_EDGE('',*,*,#6618,.F.);
#5352=ORIENTED_EDGE('',*,*,#6465,.F.);
#5353=ORIENTED_EDGE('',*,*,#6629,.T.);
#5354=ORIENTED_EDGE('',*,*,#6467,.T.);
#5355=ORIENTED_EDGE('',*,*,#6617,.F.);
#5356=ORIENTED_EDGE('',*,*,#6630,.F.);
#5357=ORIENTED_EDGE('',*,*,#6631,.T.);
#5358=ORIENTED_EDGE('',*,*,#6632,.T.);
#5359=ORIENTED_EDGE('',*,*,#6633,.T.);
#5360=ORIENTED_EDGE('',*,*,#6468,.F.);
#5361=ORIENTED_EDGE('',*,*,#6629,.F.);
#5362=ORIENTED_EDGE('',*,*,#6634,.F.);
#5363=ORIENTED_EDGE('',*,*,#6635,.F.);
#5364=ORIENTED_EDGE('',*,*,#6636,.F.);
#5365=ORIENTED_EDGE('',*,*,#6527,.F.);
#5366=ORIENTED_EDGE('',*,*,#6637,.F.);
#5367=ORIENTED_EDGE('',*,*,#6638,.F.);
#5368=ORIENTED_EDGE('',*,*,#6639,.F.);
#5369=ORIENTED_EDGE('',*,*,#6474,.F.);
#5370=ORIENTED_EDGE('',*,*,#6640,.F.);
#5371=ORIENTED_EDGE('',*,*,#6641,.F.);
#5372=ORIENTED_EDGE('',*,*,#6642,.F.);
#5373=ORIENTED_EDGE('',*,*,#6470,.F.);
#5374=ORIENTED_EDGE('',*,*,#6631,.F.);
#5375=ORIENTED_EDGE('',*,*,#6469,.F.);
#5376=ORIENTED_EDGE('',*,*,#6633,.F.);
#5377=ORIENTED_EDGE('',*,*,#6643,.F.);
#5378=ORIENTED_EDGE('',*,*,#6642,.T.);
#5379=ORIENTED_EDGE('',*,*,#6644,.T.);
#5380=ORIENTED_EDGE('',*,*,#6645,.T.);
#5381=ORIENTED_EDGE('',*,*,#6471,.F.);
#5382=ORIENTED_EDGE('',*,*,#6646,.T.);
#5383=ORIENTED_EDGE('',*,*,#6647,.T.);
#5384=ORIENTED_EDGE('',*,*,#6472,.F.);
#5385=ORIENTED_EDGE('',*,*,#6645,.F.);
#5386=ORIENTED_EDGE('',*,*,#6640,.T.);
#5387=ORIENTED_EDGE('',*,*,#6473,.F.);
#5388=ORIENTED_EDGE('',*,*,#6647,.F.);
#5389=ORIENTED_EDGE('',*,*,#6648,.T.);
#5390=ORIENTED_EDGE('',*,*,#6649,.T.);
#5391=ORIENTED_EDGE('',*,*,#6475,.F.);
#5392=ORIENTED_EDGE('',*,*,#6639,.T.);
#5393=ORIENTED_EDGE('',*,*,#6650,.T.);
#5394=ORIENTED_EDGE('',*,*,#6651,.F.);
#5395=ORIENTED_EDGE('',*,*,#6525,.F.);
#5396=ORIENTED_EDGE('',*,*,#6652,.T.);
#5397=ORIENTED_EDGE('',*,*,#6653,.T.);
#5398=ORIENTED_EDGE('',*,*,#6654,.F.);
#5399=ORIENTED_EDGE('',*,*,#6655,.F.);
#5400=ORIENTED_EDGE('',*,*,#6656,.F.);
#5401=ORIENTED_EDGE('',*,*,#6657,.T.);
#5402=ORIENTED_EDGE('',*,*,#6476,.F.);
#5403=ORIENTED_EDGE('',*,*,#6649,.F.);
#5404=ORIENTED_EDGE('',*,*,#6658,.F.);
#5405=ORIENTED_EDGE('',*,*,#6477,.F.);
#5406=ORIENTED_EDGE('',*,*,#6657,.F.);
#5407=ORIENTED_EDGE('',*,*,#6659,.F.);
#5408=ORIENTED_EDGE('',*,*,#6660,.T.);
#5409=ORIENTED_EDGE('',*,*,#6561,.F.);
#5410=ORIENTED_EDGE('',*,*,#6559,.F.);
#5411=ORIENTED_EDGE('',*,*,#6557,.F.);
#5412=ORIENTED_EDGE('',*,*,#6478,.F.);
#5413=ORIENTED_EDGE('',*,*,#6660,.F.);
#5414=ORIENTED_EDGE('',*,*,#6661,.F.);
#5415=ORIENTED_EDGE('',*,*,#6662,.T.);
#5416=ORIENTED_EDGE('',*,*,#6663,.F.);
#5417=ORIENTED_EDGE('',*,*,#6664,.F.);
#5418=ORIENTED_EDGE('',*,*,#6665,.F.);
#5419=ORIENTED_EDGE('',*,*,#6515,.F.);
#5420=ORIENTED_EDGE('',*,*,#6482,.F.);
#5421=ORIENTED_EDGE('',*,*,#6666,.F.);
#5422=ORIENTED_EDGE('',*,*,#6483,.F.);
#5423=ORIENTED_EDGE('',*,*,#6667,.F.);
#5424=ORIENTED_EDGE('',*,*,#6484,.F.);
#5425=ORIENTED_EDGE('',*,*,#6668,.F.);
#5426=ORIENTED_EDGE('',*,*,#6485,.F.);
#5427=ORIENTED_EDGE('',*,*,#6669,.F.);
#5428=ORIENTED_EDGE('',*,*,#6486,.F.);
#5429=ORIENTED_EDGE('',*,*,#6670,.F.);
#5430=ORIENTED_EDGE('',*,*,#6487,.F.);
#5431=ORIENTED_EDGE('',*,*,#6671,.F.);
#5432=ORIENTED_EDGE('',*,*,#6488,.F.);
#5433=ORIENTED_EDGE('',*,*,#6672,.F.);
#5434=ORIENTED_EDGE('',*,*,#6489,.F.);
#5435=ORIENTED_EDGE('',*,*,#6673,.F.);
#5436=ORIENTED_EDGE('',*,*,#6490,.F.);
#5437=ORIENTED_EDGE('',*,*,#6674,.F.);
#5438=ORIENTED_EDGE('',*,*,#6493,.T.);
#5439=ORIENTED_EDGE('',*,*,#6513,.F.);
#5440=ORIENTED_EDGE('',*,*,#6675,.F.);
#5441=ORIENTED_EDGE('',*,*,#6676,.F.);
#5442=ORIENTED_EDGE('',*,*,#6494,.T.);
#5443=ORIENTED_EDGE('',*,*,#6676,.T.);
#5444=ORIENTED_EDGE('',*,*,#6677,.F.);
#5445=ORIENTED_EDGE('',*,*,#6678,.F.);
#5446=ORIENTED_EDGE('',*,*,#6495,.T.);
#5447=ORIENTED_EDGE('',*,*,#6678,.T.);
#5448=ORIENTED_EDGE('',*,*,#6679,.F.);
#5449=ORIENTED_EDGE('',*,*,#6507,.F.);
#5450=ORIENTED_EDGE('',*,*,#6565,.T.);
#5451=ORIENTED_EDGE('',*,*,#6680,.T.);
#5452=ORIENTED_EDGE('',*,*,#6681,.F.);
#5453=ORIENTED_EDGE('',*,*,#6498,.F.);
#5454=ORIENTED_EDGE('',*,*,#6681,.T.);
#5455=ORIENTED_EDGE('',*,*,#6682,.T.);
#5456=ORIENTED_EDGE('',*,*,#6683,.T.);
#5457=ORIENTED_EDGE('',*,*,#6503,.F.);
#5458=ORIENTED_EDGE('',*,*,#6684,.F.);
#5459=ORIENTED_EDGE('',*,*,#6685,.T.);
#5460=ORIENTED_EDGE('',*,*,#6686,.T.);
#5461=ORIENTED_EDGE('',*,*,#6687,.T.);
#5462=ORIENTED_EDGE('',*,*,#6688,.T.);
#5463=ORIENTED_EDGE('',*,*,#6689,.F.);
#5464=ORIENTED_EDGE('',*,*,#6690,.T.);
#5465=ORIENTED_EDGE('',*,*,#6691,.F.);
#5466=ORIENTED_EDGE('',*,*,#6692,.F.);
#5467=ORIENTED_EDGE('',*,*,#6499,.F.);
#5468=ORIENTED_EDGE('',*,*,#6500,.F.);
#5469=ORIENTED_EDGE('',*,*,#6692,.T.);
#5470=ORIENTED_EDGE('',*,*,#6693,.T.);
#5471=ORIENTED_EDGE('',*,*,#6694,.T.);
#5472=ORIENTED_EDGE('',*,*,#6695,.F.);
#5473=ORIENTED_EDGE('',*,*,#6501,.F.);
#5474=ORIENTED_EDGE('',*,*,#6694,.F.);
#5475=ORIENTED_EDGE('',*,*,#6696,.T.);
#5476=ORIENTED_EDGE('',*,*,#6697,.T.);
#5477=ORIENTED_EDGE('',*,*,#6698,.T.);
#5478=ORIENTED_EDGE('',*,*,#6699,.T.);
#5479=ORIENTED_EDGE('',*,*,#6700,.F.);
#5480=ORIENTED_EDGE('',*,*,#6701,.T.);
#5481=ORIENTED_EDGE('',*,*,#6702,.F.);
#5482=ORIENTED_EDGE('',*,*,#6703,.T.);
#5483=ORIENTED_EDGE('',*,*,#6502,.F.);
#5484=ORIENTED_EDGE('',*,*,#6695,.T.);
#5485=ORIENTED_EDGE('',*,*,#6704,.T.);
#5486=ORIENTED_EDGE('',*,*,#6684,.T.);
#5487=ORIENTED_EDGE('',*,*,#6563,.T.);
#5488=ORIENTED_EDGE('',*,*,#6504,.F.);
#5489=ORIENTED_EDGE('',*,*,#6683,.F.);
#5490=ORIENTED_EDGE('',*,*,#6705,.F.);
#5491=ORIENTED_EDGE('',*,*,#6679,.T.);
#5492=ORIENTED_EDGE('',*,*,#6677,.T.);
#5493=ORIENTED_EDGE('',*,*,#6675,.T.);
#5494=ORIENTED_EDGE('',*,*,#6512,.F.);
#5495=ORIENTED_EDGE('',*,*,#6706,.F.);
#5496=ORIENTED_EDGE('',*,*,#6707,.T.);
#5497=ORIENTED_EDGE('',*,*,#6708,.T.);
#5498=ORIENTED_EDGE('',*,*,#6709,.T.);
#5499=ORIENTED_EDGE('',*,*,#6710,.T.);
#5500=ORIENTED_EDGE('',*,*,#6711,.F.);
#5501=ORIENTED_EDGE('',*,*,#6712,.T.);
#5502=ORIENTED_EDGE('',*,*,#6713,.F.);
#5503=ORIENTED_EDGE('',*,*,#6714,.F.);
#5504=ORIENTED_EDGE('',*,*,#6508,.F.);
#5505=ORIENTED_EDGE('',*,*,#6509,.F.);
#5506=ORIENTED_EDGE('',*,*,#6714,.T.);
#5507=ORIENTED_EDGE('',*,*,#6715,.T.);
#5508=ORIENTED_EDGE('',*,*,#6716,.T.);
#5509=ORIENTED_EDGE('',*,*,#6717,.F.);
#5510=ORIENTED_EDGE('',*,*,#6510,.F.);
#5511=ORIENTED_EDGE('',*,*,#6716,.F.);
#5512=ORIENTED_EDGE('',*,*,#6718,.T.);
#5513=ORIENTED_EDGE('',*,*,#6719,.T.);
#5514=ORIENTED_EDGE('',*,*,#6720,.T.);
#5515=ORIENTED_EDGE('',*,*,#6721,.T.);
#5516=ORIENTED_EDGE('',*,*,#6722,.F.);
#5517=ORIENTED_EDGE('',*,*,#6723,.T.);
#5518=ORIENTED_EDGE('',*,*,#6724,.F.);
#5519=ORIENTED_EDGE('',*,*,#6725,.T.);
#5520=ORIENTED_EDGE('',*,*,#6511,.F.);
#5521=ORIENTED_EDGE('',*,*,#6717,.T.);
#5522=ORIENTED_EDGE('',*,*,#6726,.T.);
#5523=ORIENTED_EDGE('',*,*,#6706,.T.);
#5524=ORIENTED_EDGE('',*,*,#6727,.T.);
#5525=ORIENTED_EDGE('',*,*,#6516,.F.);
#5526=ORIENTED_EDGE('',*,*,#6665,.T.);
#5527=ORIENTED_EDGE('',*,*,#6728,.T.);
#5528=ORIENTED_EDGE('',*,*,#6652,.F.);
#5529=ORIENTED_EDGE('',*,*,#6524,.F.);
#5530=ORIENTED_EDGE('',*,*,#6729,.T.);
#5531=ORIENTED_EDGE('',*,*,#6730,.T.);
#5532=ORIENTED_EDGE('',*,*,#6517,.F.);
#5533=ORIENTED_EDGE('',*,*,#6727,.F.);
#5534=ORIENTED_EDGE('',*,*,#6731,.T.);
#5535=ORIENTED_EDGE('',*,*,#6732,.F.);
#5536=ORIENTED_EDGE('',*,*,#6732,.T.);
#5537=ORIENTED_EDGE('',*,*,#6733,.T.);
#5538=ORIENTED_EDGE('',*,*,#6734,.T.);
#5539=ORIENTED_EDGE('',*,*,#6522,.F.);
#5540=ORIENTED_EDGE('',*,*,#6735,.F.);
#5541=ORIENTED_EDGE('',*,*,#6736,.T.);
#5542=ORIENTED_EDGE('',*,*,#6737,.T.);
#5543=ORIENTED_EDGE('',*,*,#6738,.T.);
#5544=ORIENTED_EDGE('',*,*,#6739,.T.);
#5545=ORIENTED_EDGE('',*,*,#6740,.F.);
#5546=ORIENTED_EDGE('',*,*,#6741,.T.);
#5547=ORIENTED_EDGE('',*,*,#6742,.F.);
#5548=ORIENTED_EDGE('',*,*,#6743,.F.);
#5549=ORIENTED_EDGE('',*,*,#6518,.F.);
#5550=ORIENTED_EDGE('',*,*,#6519,.F.);
#5551=ORIENTED_EDGE('',*,*,#6743,.T.);
#5552=ORIENTED_EDGE('',*,*,#6744,.T.);
#5553=ORIENTED_EDGE('',*,*,#6745,.T.);
#5554=ORIENTED_EDGE('',*,*,#6746,.F.);
#5555=ORIENTED_EDGE('',*,*,#6520,.F.);
#5556=ORIENTED_EDGE('',*,*,#6745,.F.);
#5557=ORIENTED_EDGE('',*,*,#6747,.T.);
#5558=ORIENTED_EDGE('',*,*,#6748,.T.);
#5559=ORIENTED_EDGE('',*,*,#6749,.T.);
#5560=ORIENTED_EDGE('',*,*,#6750,.T.);
#5561=ORIENTED_EDGE('',*,*,#6751,.F.);
#5562=ORIENTED_EDGE('',*,*,#6752,.T.);
#5563=ORIENTED_EDGE('',*,*,#6753,.F.);
#5564=ORIENTED_EDGE('',*,*,#6754,.T.);
#5565=ORIENTED_EDGE('',*,*,#6521,.F.);
#5566=ORIENTED_EDGE('',*,*,#6746,.T.);
#5567=ORIENTED_EDGE('',*,*,#6755,.T.);
#5568=ORIENTED_EDGE('',*,*,#6735,.T.);
#5569=ORIENTED_EDGE('',*,*,#6523,.F.);
#5570=ORIENTED_EDGE('',*,*,#6734,.F.);
#5571=ORIENTED_EDGE('',*,*,#6756,.F.);
#5572=ORIENTED_EDGE('',*,*,#6729,.F.);
#5573=ORIENTED_EDGE('',*,*,#6651,.T.);
#5574=ORIENTED_EDGE('',*,*,#6757,.F.);
#5575=ORIENTED_EDGE('',*,*,#6637,.T.);
#5576=ORIENTED_EDGE('',*,*,#6526,.T.);
#5577=ORIENTED_EDGE('',*,*,#6636,.T.);
#5578=ORIENTED_EDGE('',*,*,#6758,.T.);
#5579=ORIENTED_EDGE('',*,*,#6614,.F.);
#5580=ORIENTED_EDGE('',*,*,#6528,.F.);
#5581=ORIENTED_EDGE('',*,*,#6606,.T.);
#5582=ORIENTED_EDGE('',*,*,#6530,.T.);
#5583=ORIENTED_EDGE('',*,*,#6613,.F.);
#5584=ORIENTED_EDGE('',*,*,#6759,.F.);
#5585=ORIENTED_EDGE('',*,*,#6760,.T.);
#5586=ORIENTED_EDGE('',*,*,#6590,.F.);
#5587=ORIENTED_EDGE('',*,*,#6540,.F.);
#5588=ORIENTED_EDGE('',*,*,#6761,.F.);
#5589=ORIENTED_EDGE('',*,*,#6762,.F.);
#5590=ORIENTED_EDGE('',*,*,#6763,.F.);
#5591=ORIENTED_EDGE('',*,*,#6532,.F.);
#5592=ORIENTED_EDGE('',*,*,#6605,.T.);
#5593=ORIENTED_EDGE('',*,*,#6763,.T.);
#5594=ORIENTED_EDGE('',*,*,#6764,.T.);
#5595=ORIENTED_EDGE('',*,*,#6765,.F.);
#5596=ORIENTED_EDGE('',*,*,#6533,.F.);
#5597=ORIENTED_EDGE('',*,*,#6765,.T.);
#5598=ORIENTED_EDGE('',*,*,#6766,.T.);
#5599=ORIENTED_EDGE('',*,*,#6767,.T.);
#5600=ORIENTED_EDGE('',*,*,#6538,.F.);
#5601=ORIENTED_EDGE('',*,*,#6768,.F.);
#5602=ORIENTED_EDGE('',*,*,#6769,.T.);
#5603=ORIENTED_EDGE('',*,*,#6770,.T.);
#5604=ORIENTED_EDGE('',*,*,#6771,.T.);
#5605=ORIENTED_EDGE('',*,*,#6772,.T.);
#5606=ORIENTED_EDGE('',*,*,#6773,.F.);
#5607=ORIENTED_EDGE('',*,*,#6774,.T.);
#5608=ORIENTED_EDGE('',*,*,#6775,.F.);
#5609=ORIENTED_EDGE('',*,*,#6776,.F.);
#5610=ORIENTED_EDGE('',*,*,#6534,.F.);
#5611=ORIENTED_EDGE('',*,*,#6535,.F.);
#5612=ORIENTED_EDGE('',*,*,#6776,.T.);
#5613=ORIENTED_EDGE('',*,*,#6777,.T.);
#5614=ORIENTED_EDGE('',*,*,#6778,.T.);
#5615=ORIENTED_EDGE('',*,*,#6779,.F.);
#5616=ORIENTED_EDGE('',*,*,#6536,.F.);
#5617=ORIENTED_EDGE('',*,*,#6778,.F.);
#5618=ORIENTED_EDGE('',*,*,#6780,.T.);
#5619=ORIENTED_EDGE('',*,*,#6781,.T.);
#5620=ORIENTED_EDGE('',*,*,#6782,.T.);
#5621=ORIENTED_EDGE('',*,*,#6783,.T.);
#5622=ORIENTED_EDGE('',*,*,#6784,.F.);
#5623=ORIENTED_EDGE('',*,*,#6785,.T.);
#5624=ORIENTED_EDGE('',*,*,#6786,.F.);
#5625=ORIENTED_EDGE('',*,*,#6787,.T.);
#5626=ORIENTED_EDGE('',*,*,#6537,.F.);
#5627=ORIENTED_EDGE('',*,*,#6779,.T.);
#5628=ORIENTED_EDGE('',*,*,#6788,.T.);
#5629=ORIENTED_EDGE('',*,*,#6768,.T.);
#5630=ORIENTED_EDGE('',*,*,#6761,.T.);
#5631=ORIENTED_EDGE('',*,*,#6539,.F.);
#5632=ORIENTED_EDGE('',*,*,#6767,.F.);
#5633=ORIENTED_EDGE('',*,*,#6789,.F.);
#5634=ORIENTED_EDGE('',*,*,#6586,.T.);
#5635=ORIENTED_EDGE('',*,*,#6542,.T.);
#5636=ORIENTED_EDGE('',*,*,#6589,.T.);
#5637=ORIENTED_EDGE('',*,*,#6790,.F.);
#5638=ORIENTED_EDGE('',*,*,#6791,.T.);
#5639=ORIENTED_EDGE('',*,*,#6544,.F.);
#5640=ORIENTED_EDGE('',*,*,#6585,.T.);
#5641=ORIENTED_EDGE('',*,*,#6792,.T.);
#5642=ORIENTED_EDGE('',*,*,#6571,.F.);
#5643=ORIENTED_EDGE('',*,*,#6552,.F.);
#5644=ORIENTED_EDGE('',*,*,#6793,.T.);
#5645=ORIENTED_EDGE('',*,*,#6794,.T.);
#5646=ORIENTED_EDGE('',*,*,#6545,.F.);
#5647=ORIENTED_EDGE('',*,*,#6791,.F.);
#5648=ORIENTED_EDGE('',*,*,#6795,.T.);
#5649=ORIENTED_EDGE('',*,*,#6796,.F.);
#5650=ORIENTED_EDGE('',*,*,#6796,.T.);
#5651=ORIENTED_EDGE('',*,*,#6797,.T.);
#5652=ORIENTED_EDGE('',*,*,#6798,.T.);
#5653=ORIENTED_EDGE('',*,*,#6550,.F.);
#5654=ORIENTED_EDGE('',*,*,#6799,.F.);
#5655=ORIENTED_EDGE('',*,*,#6800,.T.);
#5656=ORIENTED_EDGE('',*,*,#6801,.T.);
#5657=ORIENTED_EDGE('',*,*,#6802,.T.);
#5658=ORIENTED_EDGE('',*,*,#6803,.T.);
#5659=ORIENTED_EDGE('',*,*,#6804,.F.);
#5660=ORIENTED_EDGE('',*,*,#6805,.T.);
#5661=ORIENTED_EDGE('',*,*,#6806,.F.);
#5662=ORIENTED_EDGE('',*,*,#6807,.F.);
#5663=ORIENTED_EDGE('',*,*,#6546,.F.);
#5664=ORIENTED_EDGE('',*,*,#6547,.F.);
#5665=ORIENTED_EDGE('',*,*,#6807,.T.);
#5666=ORIENTED_EDGE('',*,*,#6808,.T.);
#5667=ORIENTED_EDGE('',*,*,#6809,.T.);
#5668=ORIENTED_EDGE('',*,*,#6810,.F.);
#5669=ORIENTED_EDGE('',*,*,#6548,.F.);
#5670=ORIENTED_EDGE('',*,*,#6809,.F.);
#5671=ORIENTED_EDGE('',*,*,#6811,.T.);
#5672=ORIENTED_EDGE('',*,*,#6812,.T.);
#5673=ORIENTED_EDGE('',*,*,#6813,.T.);
#5674=ORIENTED_EDGE('',*,*,#6814,.T.);
#5675=ORIENTED_EDGE('',*,*,#6815,.F.);
#5676=ORIENTED_EDGE('',*,*,#6816,.T.);
#5677=ORIENTED_EDGE('',*,*,#6817,.F.);
#5678=ORIENTED_EDGE('',*,*,#6818,.T.);
#5679=ORIENTED_EDGE('',*,*,#6549,.F.);
#5680=ORIENTED_EDGE('',*,*,#6810,.T.);
#5681=ORIENTED_EDGE('',*,*,#6819,.T.);
#5682=ORIENTED_EDGE('',*,*,#6799,.T.);
#5683=ORIENTED_EDGE('',*,*,#6551,.F.);
#5684=ORIENTED_EDGE('',*,*,#6798,.F.);
#5685=ORIENTED_EDGE('',*,*,#6820,.F.);
#5686=ORIENTED_EDGE('',*,*,#6793,.F.);
#5687=ORIENTED_EDGE('',*,*,#6564,.T.);
#5688=ORIENTED_EDGE('',*,*,#6705,.T.);
#5689=ORIENTED_EDGE('',*,*,#6682,.F.);
#5690=ORIENTED_EDGE('',*,*,#6680,.F.);
#5691=ORIENTED_EDGE('',*,*,#6821,.T.);
#5692=ORIENTED_EDGE('',*,*,#6572,.F.);
#5693=ORIENTED_EDGE('',*,*,#6792,.F.);
#5694=ORIENTED_EDGE('',*,*,#6584,.T.);
#5695=ORIENTED_EDGE('',*,*,#6821,.F.);
#5696=ORIENTED_EDGE('',*,*,#6583,.T.);
#5697=ORIENTED_EDGE('',*,*,#6822,.F.);
#5698=ORIENTED_EDGE('',*,*,#6573,.T.);
#5699=ORIENTED_EDGE('',*,*,#6822,.T.);
#5700=ORIENTED_EDGE('',*,*,#6582,.F.);
#5701=ORIENTED_EDGE('',*,*,#6823,.F.);
#5702=ORIENTED_EDGE('',*,*,#6574,.T.);
#5703=ORIENTED_EDGE('',*,*,#6575,.T.);
#5704=ORIENTED_EDGE('',*,*,#6823,.T.);
#5705=ORIENTED_EDGE('',*,*,#6581,.T.);
#5706=ORIENTED_EDGE('',*,*,#6577,.T.);
#5707=ORIENTED_EDGE('',*,*,#6579,.T.);
#5708=ORIENTED_EDGE('',*,*,#6790,.T.);
#5709=ORIENTED_EDGE('',*,*,#6596,.T.);
#5710=ORIENTED_EDGE('',*,*,#6587,.F.);
#5711=ORIENTED_EDGE('',*,*,#6824,.T.);
#5712=ORIENTED_EDGE('',*,*,#6591,.F.);
#5713=ORIENTED_EDGE('',*,*,#6760,.F.);
#5714=ORIENTED_EDGE('',*,*,#6604,.T.);
#5715=ORIENTED_EDGE('',*,*,#6824,.F.);
#5716=ORIENTED_EDGE('',*,*,#6602,.T.);
#5717=ORIENTED_EDGE('',*,*,#6825,.F.);
#5718=ORIENTED_EDGE('',*,*,#6592,.T.);
#5719=ORIENTED_EDGE('',*,*,#6825,.T.);
#5720=ORIENTED_EDGE('',*,*,#6601,.F.);
#5721=ORIENTED_EDGE('',*,*,#6826,.F.);
#5722=ORIENTED_EDGE('',*,*,#6593,.T.);
#5723=ORIENTED_EDGE('',*,*,#6826,.T.);
#5724=ORIENTED_EDGE('',*,*,#6600,.T.);
#5725=ORIENTED_EDGE('',*,*,#6597,.T.);
#5726=ORIENTED_EDGE('',*,*,#6594,.T.);
#5727=ORIENTED_EDGE('',*,*,#6607,.T.);
#5728=ORIENTED_EDGE('',*,*,#6759,.T.);
#5729=ORIENTED_EDGE('',*,*,#6612,.F.);
#5730=ORIENTED_EDGE('',*,*,#6609,.F.);
#5731=ORIENTED_EDGE('',*,*,#6635,.T.);
#5732=ORIENTED_EDGE('',*,*,#6827,.T.);
#5733=ORIENTED_EDGE('',*,*,#6615,.F.);
#5734=ORIENTED_EDGE('',*,*,#6758,.F.);
#5735=ORIENTED_EDGE('',*,*,#6634,.T.);
#5736=ORIENTED_EDGE('',*,*,#6630,.T.);
#5737=ORIENTED_EDGE('',*,*,#6616,.F.);
#5738=ORIENTED_EDGE('',*,*,#6827,.F.);
#5739=ORIENTED_EDGE('',*,*,#6619,.F.);
#5740=ORIENTED_EDGE('',*,*,#6628,.T.);
#5741=ORIENTED_EDGE('',*,*,#6622,.F.);
#5742=ORIENTED_EDGE('',*,*,#6627,.T.);
#5743=ORIENTED_EDGE('',*,*,#6625,.T.);
#5744=ORIENTED_EDGE('',*,*,#6623,.T.);
#5745=ORIENTED_EDGE('',*,*,#6632,.F.);
#5746=ORIENTED_EDGE('',*,*,#6643,.T.);
#5747=ORIENTED_EDGE('',*,*,#6658,.T.);
#5748=ORIENTED_EDGE('',*,*,#6650,.F.);
#5749=ORIENTED_EDGE('',*,*,#6638,.T.);
#5750=ORIENTED_EDGE('',*,*,#6757,.T.);
#5751=ORIENTED_EDGE('',*,*,#6641,.T.);
#5752=ORIENTED_EDGE('',*,*,#6648,.F.);
#5753=ORIENTED_EDGE('',*,*,#6646,.F.);
#5754=ORIENTED_EDGE('',*,*,#6644,.F.);
#5755=ORIENTED_EDGE('',*,*,#6828,.T.);
#5756=ORIENTED_EDGE('',*,*,#6653,.F.);
#5757=ORIENTED_EDGE('',*,*,#6728,.F.);
#5758=ORIENTED_EDGE('',*,*,#6664,.T.);
#5759=ORIENTED_EDGE('',*,*,#6828,.F.);
#5760=ORIENTED_EDGE('',*,*,#6663,.T.);
#5761=ORIENTED_EDGE('',*,*,#6829,.F.);
#5762=ORIENTED_EDGE('',*,*,#6654,.T.);
#5763=ORIENTED_EDGE('',*,*,#6829,.T.);
#5764=ORIENTED_EDGE('',*,*,#6662,.F.);
#5765=ORIENTED_EDGE('',*,*,#6830,.F.);
#5766=ORIENTED_EDGE('',*,*,#6655,.T.);
#5767=ORIENTED_EDGE('',*,*,#6656,.T.);
#5768=ORIENTED_EDGE('',*,*,#6830,.T.);
#5769=ORIENTED_EDGE('',*,*,#6661,.T.);
#5770=ORIENTED_EDGE('',*,*,#6659,.T.);
#5771=ORIENTED_EDGE('',*,*,#6666,.T.);
#5772=ORIENTED_EDGE('',*,*,#6831,.F.);
#5773=ORIENTED_EDGE('',*,*,#6667,.T.);
#5774=ORIENTED_EDGE('',*,*,#6832,.F.);
#5775=ORIENTED_EDGE('',*,*,#6668,.T.);
#5776=ORIENTED_EDGE('',*,*,#6833,.F.);
#5777=ORIENTED_EDGE('',*,*,#6669,.T.);
#5778=ORIENTED_EDGE('',*,*,#6834,.F.);
#5779=ORIENTED_EDGE('',*,*,#6670,.T.);
#5780=ORIENTED_EDGE('',*,*,#6835,.F.);
#5781=ORIENTED_EDGE('',*,*,#6671,.T.);
#5782=ORIENTED_EDGE('',*,*,#6672,.T.);
#5783=ORIENTED_EDGE('',*,*,#6673,.T.);
#5784=ORIENTED_EDGE('',*,*,#6674,.T.);
#5785=ORIENTED_EDGE('',*,*,#6704,.F.);
#5786=ORIENTED_EDGE('',*,*,#6702,.T.);
#5787=ORIENTED_EDGE('',*,*,#6836,.T.);
#5788=ORIENTED_EDGE('',*,*,#6837,.T.);
#5789=ORIENTED_EDGE('',*,*,#6838,.T.);
#5790=ORIENTED_EDGE('',*,*,#6839,.F.);
#5791=ORIENTED_EDGE('',*,*,#6840,.T.);
#5792=ORIENTED_EDGE('',*,*,#6685,.F.);
#5793=ORIENTED_EDGE('',*,*,#6841,.T.);
#5794=ORIENTED_EDGE('',*,*,#6686,.F.);
#5795=ORIENTED_EDGE('',*,*,#6840,.F.);
#5796=ORIENTED_EDGE('',*,*,#6841,.F.);
#5797=ORIENTED_EDGE('',*,*,#6839,.T.);
#5798=ORIENTED_EDGE('',*,*,#6842,.T.);
#5799=ORIENTED_EDGE('',*,*,#6687,.F.);
#5800=ORIENTED_EDGE('',*,*,#6699,.F.);
#5801=ORIENTED_EDGE('',*,*,#6843,.F.);
#5802=ORIENTED_EDGE('',*,*,#6844,.F.);
#5803=ORIENTED_EDGE('',*,*,#6845,.F.);
#5804=ORIENTED_EDGE('',*,*,#6688,.F.);
#5805=ORIENTED_EDGE('',*,*,#6842,.F.);
#5806=ORIENTED_EDGE('',*,*,#6838,.F.);
#5807=ORIENTED_EDGE('',*,*,#6846,.F.);
#5808=ORIENTED_EDGE('',*,*,#6847,.F.);
#5809=ORIENTED_EDGE('',*,*,#6689,.T.);
#5810=ORIENTED_EDGE('',*,*,#6845,.T.);
#5811=ORIENTED_EDGE('',*,*,#6848,.F.);
#5812=ORIENTED_EDGE('',*,*,#6847,.T.);
#5813=ORIENTED_EDGE('',*,*,#6849,.F.);
#5814=ORIENTED_EDGE('',*,*,#6690,.F.);
#5815=ORIENTED_EDGE('',*,*,#6693,.F.);
#5816=ORIENTED_EDGE('',*,*,#6691,.T.);
#5817=ORIENTED_EDGE('',*,*,#6849,.T.);
#5818=ORIENTED_EDGE('',*,*,#6848,.T.);
#5819=ORIENTED_EDGE('',*,*,#6844,.T.);
#5820=ORIENTED_EDGE('',*,*,#6850,.F.);
#5821=ORIENTED_EDGE('',*,*,#6851,.T.);
#5822=ORIENTED_EDGE('',*,*,#6696,.F.);
#5823=ORIENTED_EDGE('',*,*,#6852,.T.);
#5824=ORIENTED_EDGE('',*,*,#6697,.F.);
#5825=ORIENTED_EDGE('',*,*,#6851,.F.);
#5826=ORIENTED_EDGE('',*,*,#6852,.F.);
#5827=ORIENTED_EDGE('',*,*,#6850,.T.);
#5828=ORIENTED_EDGE('',*,*,#6843,.T.);
#5829=ORIENTED_EDGE('',*,*,#6698,.F.);
#5830=ORIENTED_EDGE('',*,*,#6853,.F.);
#5831=ORIENTED_EDGE('',*,*,#6700,.T.);
#5832=ORIENTED_EDGE('',*,*,#6846,.T.);
#5833=ORIENTED_EDGE('',*,*,#6837,.F.);
#5834=ORIENTED_EDGE('',*,*,#6853,.T.);
#5835=ORIENTED_EDGE('',*,*,#6836,.F.);
#5836=ORIENTED_EDGE('',*,*,#6701,.F.);
#5837=ORIENTED_EDGE('',*,*,#6854,.T.);
#5838=ORIENTED_EDGE('',*,*,#6703,.F.);
#5839=ORIENTED_EDGE('',*,*,#6726,.F.);
#5840=ORIENTED_EDGE('',*,*,#6724,.T.);
#5841=ORIENTED_EDGE('',*,*,#6855,.T.);
#5842=ORIENTED_EDGE('',*,*,#6856,.T.);
#5843=ORIENTED_EDGE('',*,*,#6857,.T.);
#5844=ORIENTED_EDGE('',*,*,#6858,.F.);
#5845=ORIENTED_EDGE('',*,*,#6859,.T.);
#5846=ORIENTED_EDGE('',*,*,#6707,.F.);
#5847=ORIENTED_EDGE('',*,*,#6860,.T.);
#5848=ORIENTED_EDGE('',*,*,#6708,.F.);
#5849=ORIENTED_EDGE('',*,*,#6859,.F.);
#5850=ORIENTED_EDGE('',*,*,#6860,.F.);
#5851=ORIENTED_EDGE('',*,*,#6858,.T.);
#5852=ORIENTED_EDGE('',*,*,#6861,.T.);
#5853=ORIENTED_EDGE('',*,*,#6709,.F.);
#5854=ORIENTED_EDGE('',*,*,#6721,.F.);
#5855=ORIENTED_EDGE('',*,*,#6862,.F.);
#5856=ORIENTED_EDGE('',*,*,#6863,.F.);
#5857=ORIENTED_EDGE('',*,*,#6864,.F.);
#5858=ORIENTED_EDGE('',*,*,#6710,.F.);
#5859=ORIENTED_EDGE('',*,*,#6861,.F.);
#5860=ORIENTED_EDGE('',*,*,#6857,.F.);
#5861=ORIENTED_EDGE('',*,*,#6865,.F.);
#5862=ORIENTED_EDGE('',*,*,#6866,.F.);
#5863=ORIENTED_EDGE('',*,*,#6711,.T.);
#5864=ORIENTED_EDGE('',*,*,#6864,.T.);
#5865=ORIENTED_EDGE('',*,*,#6867,.F.);
#5866=ORIENTED_EDGE('',*,*,#6866,.T.);
#5867=ORIENTED_EDGE('',*,*,#6868,.F.);
#5868=ORIENTED_EDGE('',*,*,#6712,.F.);
#5869=ORIENTED_EDGE('',*,*,#6715,.F.);
#5870=ORIENTED_EDGE('',*,*,#6713,.T.);
#5871=ORIENTED_EDGE('',*,*,#6868,.T.);
#5872=ORIENTED_EDGE('',*,*,#6867,.T.);
#5873=ORIENTED_EDGE('',*,*,#6863,.T.);
#5874=ORIENTED_EDGE('',*,*,#6869,.F.);
#5875=ORIENTED_EDGE('',*,*,#6870,.T.);
#5876=ORIENTED_EDGE('',*,*,#6718,.F.);
#5877=ORIENTED_EDGE('',*,*,#6871,.T.);
#5878=ORIENTED_EDGE('',*,*,#6719,.F.);
#5879=ORIENTED_EDGE('',*,*,#6870,.F.);
#5880=ORIENTED_EDGE('',*,*,#6871,.F.);
#5881=ORIENTED_EDGE('',*,*,#6869,.T.);
#5882=ORIENTED_EDGE('',*,*,#6862,.T.);
#5883=ORIENTED_EDGE('',*,*,#6720,.F.);
#5884=ORIENTED_EDGE('',*,*,#6872,.F.);
#5885=ORIENTED_EDGE('',*,*,#6722,.T.);
#5886=ORIENTED_EDGE('',*,*,#6865,.T.);
#5887=ORIENTED_EDGE('',*,*,#6856,.F.);
#5888=ORIENTED_EDGE('',*,*,#6872,.T.);
#5889=ORIENTED_EDGE('',*,*,#6855,.F.);
#5890=ORIENTED_EDGE('',*,*,#6723,.F.);
#5891=ORIENTED_EDGE('',*,*,#6873,.T.);
#5892=ORIENTED_EDGE('',*,*,#6725,.F.);
#5893=ORIENTED_EDGE('',*,*,#6730,.F.);
#5894=ORIENTED_EDGE('',*,*,#6756,.T.);
#5895=ORIENTED_EDGE('',*,*,#6733,.F.);
#5896=ORIENTED_EDGE('',*,*,#6731,.F.);
#5897=ORIENTED_EDGE('',*,*,#6755,.F.);
#5898=ORIENTED_EDGE('',*,*,#6753,.T.);
#5899=ORIENTED_EDGE('',*,*,#6874,.T.);
#5900=ORIENTED_EDGE('',*,*,#6875,.T.);
#5901=ORIENTED_EDGE('',*,*,#6876,.T.);
#5902=ORIENTED_EDGE('',*,*,#6877,.F.);
#5903=ORIENTED_EDGE('',*,*,#6878,.T.);
#5904=ORIENTED_EDGE('',*,*,#6736,.F.);
#5905=ORIENTED_EDGE('',*,*,#6879,.T.);
#5906=ORIENTED_EDGE('',*,*,#6737,.F.);
#5907=ORIENTED_EDGE('',*,*,#6878,.F.);
#5908=ORIENTED_EDGE('',*,*,#6879,.F.);
#5909=ORIENTED_EDGE('',*,*,#6877,.T.);
#5910=ORIENTED_EDGE('',*,*,#6880,.T.);
#5911=ORIENTED_EDGE('',*,*,#6738,.F.);
#5912=ORIENTED_EDGE('',*,*,#6750,.F.);
#5913=ORIENTED_EDGE('',*,*,#6881,.F.);
#5914=ORIENTED_EDGE('',*,*,#6882,.F.);
#5915=ORIENTED_EDGE('',*,*,#6883,.F.);
#5916=ORIENTED_EDGE('',*,*,#6739,.F.);
#5917=ORIENTED_EDGE('',*,*,#6880,.F.);
#5918=ORIENTED_EDGE('',*,*,#6876,.F.);
#5919=ORIENTED_EDGE('',*,*,#6884,.F.);
#5920=ORIENTED_EDGE('',*,*,#6885,.F.);
#5921=ORIENTED_EDGE('',*,*,#6740,.T.);
#5922=ORIENTED_EDGE('',*,*,#6883,.T.);
#5923=ORIENTED_EDGE('',*,*,#6886,.F.);
#5924=ORIENTED_EDGE('',*,*,#6885,.T.);
#5925=ORIENTED_EDGE('',*,*,#6887,.F.);
#5926=ORIENTED_EDGE('',*,*,#6741,.F.);
#5927=ORIENTED_EDGE('',*,*,#6744,.F.);
#5928=ORIENTED_EDGE('',*,*,#6742,.T.);
#5929=ORIENTED_EDGE('',*,*,#6887,.T.);
#5930=ORIENTED_EDGE('',*,*,#6886,.T.);
#5931=ORIENTED_EDGE('',*,*,#6882,.T.);
#5932=ORIENTED_EDGE('',*,*,#6888,.F.);
#5933=ORIENTED_EDGE('',*,*,#6889,.T.);
#5934=ORIENTED_EDGE('',*,*,#6747,.F.);
#5935=ORIENTED_EDGE('',*,*,#6890,.T.);
#5936=ORIENTED_EDGE('',*,*,#6748,.F.);
#5937=ORIENTED_EDGE('',*,*,#6889,.F.);
#5938=ORIENTED_EDGE('',*,*,#6890,.F.);
#5939=ORIENTED_EDGE('',*,*,#6888,.T.);
#5940=ORIENTED_EDGE('',*,*,#6881,.T.);
#5941=ORIENTED_EDGE('',*,*,#6749,.F.);
#5942=ORIENTED_EDGE('',*,*,#6891,.F.);
#5943=ORIENTED_EDGE('',*,*,#6751,.T.);
#5944=ORIENTED_EDGE('',*,*,#6884,.T.);
#5945=ORIENTED_EDGE('',*,*,#6875,.F.);
#5946=ORIENTED_EDGE('',*,*,#6891,.T.);
#5947=ORIENTED_EDGE('',*,*,#6874,.F.);
#5948=ORIENTED_EDGE('',*,*,#6752,.F.);
#5949=ORIENTED_EDGE('',*,*,#6892,.T.);
#5950=ORIENTED_EDGE('',*,*,#6754,.F.);
#5951=ORIENTED_EDGE('',*,*,#6762,.T.);
#5952=ORIENTED_EDGE('',*,*,#6789,.T.);
#5953=ORIENTED_EDGE('',*,*,#6766,.F.);
#5954=ORIENTED_EDGE('',*,*,#6764,.F.);
#5955=ORIENTED_EDGE('',*,*,#6788,.F.);
#5956=ORIENTED_EDGE('',*,*,#6786,.T.);
#5957=ORIENTED_EDGE('',*,*,#6893,.T.);
#5958=ORIENTED_EDGE('',*,*,#6894,.T.);
#5959=ORIENTED_EDGE('',*,*,#6895,.T.);
#5960=ORIENTED_EDGE('',*,*,#6896,.F.);
#5961=ORIENTED_EDGE('',*,*,#6897,.T.);
#5962=ORIENTED_EDGE('',*,*,#6769,.F.);
#5963=ORIENTED_EDGE('',*,*,#6898,.T.);
#5964=ORIENTED_EDGE('',*,*,#6770,.F.);
#5965=ORIENTED_EDGE('',*,*,#6897,.F.);
#5966=ORIENTED_EDGE('',*,*,#6898,.F.);
#5967=ORIENTED_EDGE('',*,*,#6896,.T.);
#5968=ORIENTED_EDGE('',*,*,#6899,.T.);
#5969=ORIENTED_EDGE('',*,*,#6771,.F.);
#5970=ORIENTED_EDGE('',*,*,#6783,.F.);
#5971=ORIENTED_EDGE('',*,*,#6900,.F.);
#5972=ORIENTED_EDGE('',*,*,#6901,.F.);
#5973=ORIENTED_EDGE('',*,*,#6902,.F.);
#5974=ORIENTED_EDGE('',*,*,#6772,.F.);
#5975=ORIENTED_EDGE('',*,*,#6899,.F.);
#5976=ORIENTED_EDGE('',*,*,#6895,.F.);
#5977=ORIENTED_EDGE('',*,*,#6903,.F.);
#5978=ORIENTED_EDGE('',*,*,#6904,.F.);
#5979=ORIENTED_EDGE('',*,*,#6773,.T.);
#5980=ORIENTED_EDGE('',*,*,#6902,.T.);
#5981=ORIENTED_EDGE('',*,*,#6905,.F.);
#5982=ORIENTED_EDGE('',*,*,#6904,.T.);
#5983=ORIENTED_EDGE('',*,*,#6906,.F.);
#5984=ORIENTED_EDGE('',*,*,#6774,.F.);
#5985=ORIENTED_EDGE('',*,*,#6777,.F.);
#5986=ORIENTED_EDGE('',*,*,#6775,.T.);
#5987=ORIENTED_EDGE('',*,*,#6906,.T.);
#5988=ORIENTED_EDGE('',*,*,#6905,.T.);
#5989=ORIENTED_EDGE('',*,*,#6901,.T.);
#5990=ORIENTED_EDGE('',*,*,#6907,.F.);
#5991=ORIENTED_EDGE('',*,*,#6908,.T.);
#5992=ORIENTED_EDGE('',*,*,#6780,.F.);
#5993=ORIENTED_EDGE('',*,*,#6909,.T.);
#5994=ORIENTED_EDGE('',*,*,#6781,.F.);
#5995=ORIENTED_EDGE('',*,*,#6908,.F.);
#5996=ORIENTED_EDGE('',*,*,#6909,.F.);
#5997=ORIENTED_EDGE('',*,*,#6907,.T.);
#5998=ORIENTED_EDGE('',*,*,#6900,.T.);
#5999=ORIENTED_EDGE('',*,*,#6782,.F.);
#6000=ORIENTED_EDGE('',*,*,#6910,.F.);
#6001=ORIENTED_EDGE('',*,*,#6784,.T.);
#6002=ORIENTED_EDGE('',*,*,#6903,.T.);
#6003=ORIENTED_EDGE('',*,*,#6894,.F.);
#6004=ORIENTED_EDGE('',*,*,#6910,.T.);
#6005=ORIENTED_EDGE('',*,*,#6893,.F.);
#6006=ORIENTED_EDGE('',*,*,#6785,.F.);
#6007=ORIENTED_EDGE('',*,*,#6911,.T.);
#6008=ORIENTED_EDGE('',*,*,#6787,.F.);
#6009=ORIENTED_EDGE('',*,*,#6794,.F.);
#6010=ORIENTED_EDGE('',*,*,#6820,.T.);
#6011=ORIENTED_EDGE('',*,*,#6797,.F.);
#6012=ORIENTED_EDGE('',*,*,#6795,.F.);
#6013=ORIENTED_EDGE('',*,*,#6819,.F.);
#6014=ORIENTED_EDGE('',*,*,#6817,.T.);
#6015=ORIENTED_EDGE('',*,*,#6912,.T.);
#6016=ORIENTED_EDGE('',*,*,#6913,.T.);
#6017=ORIENTED_EDGE('',*,*,#6914,.T.);
#6018=ORIENTED_EDGE('',*,*,#6915,.F.);
#6019=ORIENTED_EDGE('',*,*,#6916,.T.);
#6020=ORIENTED_EDGE('',*,*,#6800,.F.);
#6021=ORIENTED_EDGE('',*,*,#6917,.T.);
#6022=ORIENTED_EDGE('',*,*,#6801,.F.);
#6023=ORIENTED_EDGE('',*,*,#6916,.F.);
#6024=ORIENTED_EDGE('',*,*,#6917,.F.);
#6025=ORIENTED_EDGE('',*,*,#6915,.T.);
#6026=ORIENTED_EDGE('',*,*,#6918,.T.);
#6027=ORIENTED_EDGE('',*,*,#6802,.F.);
#6028=ORIENTED_EDGE('',*,*,#6814,.F.);
#6029=ORIENTED_EDGE('',*,*,#6919,.F.);
#6030=ORIENTED_EDGE('',*,*,#6920,.F.);
#6031=ORIENTED_EDGE('',*,*,#6921,.F.);
#6032=ORIENTED_EDGE('',*,*,#6803,.F.);
#6033=ORIENTED_EDGE('',*,*,#6918,.F.);
#6034=ORIENTED_EDGE('',*,*,#6914,.F.);
#6035=ORIENTED_EDGE('',*,*,#6922,.F.);
#6036=ORIENTED_EDGE('',*,*,#6923,.F.);
#6037=ORIENTED_EDGE('',*,*,#6804,.T.);
#6038=ORIENTED_EDGE('',*,*,#6921,.T.);
#6039=ORIENTED_EDGE('',*,*,#6924,.F.);
#6040=ORIENTED_EDGE('',*,*,#6923,.T.);
#6041=ORIENTED_EDGE('',*,*,#6925,.F.);
#6042=ORIENTED_EDGE('',*,*,#6805,.F.);
#6043=ORIENTED_EDGE('',*,*,#6808,.F.);
#6044=ORIENTED_EDGE('',*,*,#6806,.T.);
#6045=ORIENTED_EDGE('',*,*,#6925,.T.);
#6046=ORIENTED_EDGE('',*,*,#6924,.T.);
#6047=ORIENTED_EDGE('',*,*,#6920,.T.);
#6048=ORIENTED_EDGE('',*,*,#6926,.F.);
#6049=ORIENTED_EDGE('',*,*,#6927,.T.);
#6050=ORIENTED_EDGE('',*,*,#6811,.F.);
#6051=ORIENTED_EDGE('',*,*,#6928,.T.);
#6052=ORIENTED_EDGE('',*,*,#6812,.F.);
#6053=ORIENTED_EDGE('',*,*,#6927,.F.);
#6054=ORIENTED_EDGE('',*,*,#6928,.F.);
#6055=ORIENTED_EDGE('',*,*,#6926,.T.);
#6056=ORIENTED_EDGE('',*,*,#6919,.T.);
#6057=ORIENTED_EDGE('',*,*,#6813,.F.);
#6058=ORIENTED_EDGE('',*,*,#6929,.F.);
#6059=ORIENTED_EDGE('',*,*,#6815,.T.);
#6060=ORIENTED_EDGE('',*,*,#6922,.T.);
#6061=ORIENTED_EDGE('',*,*,#6913,.F.);
#6062=ORIENTED_EDGE('',*,*,#6929,.T.);
#6063=ORIENTED_EDGE('',*,*,#6912,.F.);
#6064=ORIENTED_EDGE('',*,*,#6816,.F.);
#6065=ORIENTED_EDGE('',*,*,#6930,.T.);
#6066=ORIENTED_EDGE('',*,*,#6818,.F.);
#6067=ORIENTED_EDGE('',*,*,#6831,.T.);
#6068=ORIENTED_EDGE('',*,*,#6930,.F.);
#6069=ORIENTED_EDGE('',*,*,#6832,.T.);
#6070=ORIENTED_EDGE('',*,*,#6854,.F.);
#6071=ORIENTED_EDGE('',*,*,#6833,.T.);
#6072=ORIENTED_EDGE('',*,*,#6873,.F.);
#6073=ORIENTED_EDGE('',*,*,#6834,.T.);
#6074=ORIENTED_EDGE('',*,*,#6892,.F.);
#6075=ORIENTED_EDGE('',*,*,#6835,.T.);
#6076=ORIENTED_EDGE('',*,*,#6911,.F.);
#6077=CIRCLE('',#6931,0.6);
#6078=CIRCLE('',#6935,0.6);
#6079=CIRCLE('',#6939,0.6);
#6080=CIRCLE('',#6943,0.6);
#6081=CIRCLE('',#6947,0.6);
#6082=ORIENTED_EDGE('',*,*,#6951,.T.);
#6083=ORIENTED_EDGE('',*,*,#6952,.T.);
#6084=ORIENTED_EDGE('',*,*,#6953,.F.);
#6085=ORIENTED_EDGE('',*,*,#6954,.F.);
#6086=ORIENTED_EDGE('',*,*,#6955,.T.);
#6087=ORIENTED_EDGE('',*,*,#6956,.F.);
#6088=ORIENTED_EDGE('',*,*,#6957,.F.);
#6089=ORIENTED_EDGE('',*,*,#6958,.T.);
#6090=ORIENTED_EDGE('',*,*,#6959,.T.);
#6091=ORIENTED_EDGE('',*,*,#6958,.F.);
#6092=ORIENTED_EDGE('',*,*,#6960,.F.);
#6093=ORIENTED_EDGE('',*,*,#6961,.T.);
#6094=ORIENTED_EDGE('',*,*,#6962,.F.);
#6095=ORIENTED_EDGE('',*,*,#6952,.F.);
#6096=ORIENTED_EDGE('',*,*,#6963,.T.);
#6097=ORIENTED_EDGE('',*,*,#6964,.T.);
#6098=ORIENTED_EDGE('',*,*,#6954,.T.);
#6099=ORIENTED_EDGE('',*,*,#6965,.F.);
#6100=ORIENTED_EDGE('',*,*,#6966,.F.);
#6101=ORIENTED_EDGE('',*,*,#6967,.F.);
#6102=ORIENTED_EDGE('',*,*,#6956,.T.);
#6103=ORIENTED_EDGE('',*,*,#6968,.T.);
#6104=ORIENTED_EDGE('',*,*,#6969,.T.);
#6105=ORIENTED_EDGE('',*,*,#6970,.F.);
#6106=ORIENTED_EDGE('',*,*,#6971,.F.);
#6107=ORIENTED_EDGE('',*,*,#6972,.T.);
#6108=ORIENTED_EDGE('',*,*,#6972,.F.);
#6109=ORIENTED_EDGE('',*,*,#6963,.F.);
#6110=ORIENTED_EDGE('',*,*,#6955,.F.);
#6111=ORIENTED_EDGE('',*,*,#6959,.F.);
#6112=ORIENTED_EDGE('',*,*,#6951,.F.);
#6113=ORIENTED_EDGE('',*,*,#6964,.F.);
#6114=ORIENTED_EDGE('',*,*,#6973,.T.);
#6115=ORIENTED_EDGE('',*,*,#6974,.T.);
#6116=ORIENTED_EDGE('',*,*,#6970,.T.);
#6117=ORIENTED_EDGE('',*,*,#6975,.T.);
#6118=ORIENTED_EDGE('',*,*,#6965,.T.);
#6119=ORIENTED_EDGE('',*,*,#6953,.T.);
#6120=ORIENTED_EDGE('',*,*,#6962,.T.);
#6121=ORIENTED_EDGE('',*,*,#6976,.T.);
#6122=ORIENTED_EDGE('',*,*,#6977,.T.);
#6123=ORIENTED_EDGE('',*,*,#6978,.T.);
#6124=ORIENTED_EDGE('',*,*,#6979,.T.);
#6125=ORIENTED_EDGE('',*,*,#6980,.T.);
#6126=ORIENTED_EDGE('',*,*,#6981,.F.);
#6127=ORIENTED_EDGE('',*,*,#6968,.F.);
#6128=ORIENTED_EDGE('',*,*,#6982,.F.);
#6129=ORIENTED_EDGE('',*,*,#6983,.F.);
#6130=ORIENTED_EDGE('',*,*,#6967,.T.);
#6131=ORIENTED_EDGE('',*,*,#6984,.T.);
#6132=ORIENTED_EDGE('',*,*,#6985,.T.);
#6133=ORIENTED_EDGE('',*,*,#6986,.T.);
#6134=ORIENTED_EDGE('',*,*,#6987,.T.);
#6135=ORIENTED_EDGE('',*,*,#6988,.T.);
#6136=ORIENTED_EDGE('',*,*,#6960,.T.);
#6137=ORIENTED_EDGE('',*,*,#6957,.T.);
#6138=ORIENTED_EDGE('',*,*,#6976,.F.);
#6139=ORIENTED_EDGE('',*,*,#6961,.F.);
#6140=ORIENTED_EDGE('',*,*,#6988,.F.);
#6141=ORIENTED_EDGE('',*,*,#6989,.T.);
#6142=ORIENTED_EDGE('',*,*,#6980,.F.);
#6143=ORIENTED_EDGE('',*,*,#6990,.F.);
#6144=ORIENTED_EDGE('',*,*,#6984,.F.);
#6145=ORIENTED_EDGE('',*,*,#6966,.T.);
#6146=ORIENTED_EDGE('',*,*,#6981,.T.);
#6147=ORIENTED_EDGE('',*,*,#6991,.T.);
#6148=ORIENTED_EDGE('',*,*,#6975,.F.);
#6149=ORIENTED_EDGE('',*,*,#6969,.F.);
#6150=ORIENTED_EDGE('',*,*,#6982,.T.);
#6151=ORIENTED_EDGE('',*,*,#6971,.T.);
#6152=ORIENTED_EDGE('',*,*,#6974,.F.);
#6153=ORIENTED_EDGE('',*,*,#6992,.F.);
#6154=ORIENTED_EDGE('',*,*,#6983,.T.);
#6155=ORIENTED_EDGE('',*,*,#6992,.T.);
#6156=ORIENTED_EDGE('',*,*,#6973,.F.);
#6157=ORIENTED_EDGE('',*,*,#6991,.F.);
#6158=ORIENTED_EDGE('',*,*,#6993,.F.);
#6159=ORIENTED_EDGE('',*,*,#6977,.F.);
#6160=ORIENTED_EDGE('',*,*,#6989,.F.);
#6161=ORIENTED_EDGE('',*,*,#6987,.F.);
#6162=ORIENTED_EDGE('',*,*,#6994,.T.);
#6163=ORIENTED_EDGE('',*,*,#6978,.F.);
#6164=ORIENTED_EDGE('',*,*,#6994,.F.);
#6165=ORIENTED_EDGE('',*,*,#6986,.F.);
#6166=ORIENTED_EDGE('',*,*,#6995,.T.);
#6167=ORIENTED_EDGE('',*,*,#6979,.F.);
#6168=ORIENTED_EDGE('',*,*,#6995,.F.);
#6169=ORIENTED_EDGE('',*,*,#6985,.F.);
#6170=ORIENTED_EDGE('',*,*,#6990,.T.);
#6171=ORIENTED_EDGE('',*,*,#6993,.T.);
#6172=ORIENTED_EDGE('',*,*,#6996,.T.);
#6173=ORIENTED_EDGE('',*,*,#6996,.F.);
#6174=ORIENTED_EDGE('',*,*,#6997,.T.);
#6175=ORIENTED_EDGE('',*,*,#6997,.F.);
#6176=ORIENTED_EDGE('',*,*,#6998,.F.);
#6177=ORIENTED_EDGE('',*,*,#6999,.F.);
#6178=ORIENTED_EDGE('',*,*,#7000,.F.);
#6179=ORIENTED_EDGE('',*,*,#7001,.F.);
#6180=ORIENTED_EDGE('',*,*,#7002,.F.);
#6181=ORIENTED_EDGE('',*,*,#7003,.F.);
#6182=ORIENTED_EDGE('',*,*,#7004,.T.);
#6183=ORIENTED_EDGE('',*,*,#7005,.F.);
#6184=ORIENTED_EDGE('',*,*,#7006,.F.);
#6185=ORIENTED_EDGE('',*,*,#7007,.F.);
#6186=ORIENTED_EDGE('',*,*,#7008,.T.);
#6187=ORIENTED_EDGE('',*,*,#7009,.T.);
#6188=ORIENTED_EDGE('',*,*,#7010,.T.);
#6189=ORIENTED_EDGE('',*,*,#7011,.T.);
#6190=ORIENTED_EDGE('',*,*,#7012,.T.);
#6191=ORIENTED_EDGE('',*,*,#7013,.T.);
#6192=ORIENTED_EDGE('',*,*,#7014,.T.);
#6193=ORIENTED_EDGE('',*,*,#7015,.T.);
#6194=ORIENTED_EDGE('',*,*,#7016,.T.);
#6195=ORIENTED_EDGE('',*,*,#7017,.T.);
#6196=ORIENTED_EDGE('',*,*,#7018,.T.);
#6197=ORIENTED_EDGE('',*,*,#7019,.T.);
#6198=ORIENTED_EDGE('',*,*,#7019,.F.);
#6199=ORIENTED_EDGE('',*,*,#7008,.F.);
#6200=ORIENTED_EDGE('',*,*,#6998,.T.);
#6201=ORIENTED_EDGE('',*,*,#7020,.T.);
#6202=ORIENTED_EDGE('',*,*,#7018,.F.);
#6203=ORIENTED_EDGE('',*,*,#7021,.F.);
#6204=ORIENTED_EDGE('',*,*,#6999,.T.);
#6205=ORIENTED_EDGE('',*,*,#7021,.T.);
#6206=ORIENTED_EDGE('',*,*,#7017,.F.);
#6207=ORIENTED_EDGE('',*,*,#7022,.F.);
#6208=ORIENTED_EDGE('',*,*,#7000,.T.);
#6209=ORIENTED_EDGE('',*,*,#7022,.T.);
#6210=ORIENTED_EDGE('',*,*,#7016,.F.);
#6211=ORIENTED_EDGE('',*,*,#7023,.F.);
#6212=ORIENTED_EDGE('',*,*,#7001,.T.);
#6213=ORIENTED_EDGE('',*,*,#7023,.T.);
#6214=ORIENTED_EDGE('',*,*,#7015,.F.);
#6215=ORIENTED_EDGE('',*,*,#7024,.F.);
#6216=ORIENTED_EDGE('',*,*,#7002,.T.);
#6217=ORIENTED_EDGE('',*,*,#7024,.T.);
#6218=ORIENTED_EDGE('',*,*,#7014,.F.);
#6219=ORIENTED_EDGE('',*,*,#7025,.F.);
#6220=ORIENTED_EDGE('',*,*,#7003,.T.);
#6221=ORIENTED_EDGE('',*,*,#7025,.T.);
#6222=ORIENTED_EDGE('',*,*,#7013,.F.);
#6223=ORIENTED_EDGE('',*,*,#7026,.T.);
#6224=ORIENTED_EDGE('',*,*,#7005,.T.);
#6225=ORIENTED_EDGE('',*,*,#7027,.T.);
#6226=ORIENTED_EDGE('',*,*,#7011,.F.);
#6227=ORIENTED_EDGE('',*,*,#7028,.F.);
#6228=ORIENTED_EDGE('',*,*,#7006,.T.);
#6229=ORIENTED_EDGE('',*,*,#7028,.T.);
#6230=ORIENTED_EDGE('',*,*,#7010,.F.);
#6231=ORIENTED_EDGE('',*,*,#7029,.F.);
#6232=ORIENTED_EDGE('',*,*,#7007,.T.);
#6233=ORIENTED_EDGE('',*,*,#7029,.T.);
#6234=ORIENTED_EDGE('',*,*,#7009,.F.);
#6235=ORIENTED_EDGE('',*,*,#7020,.F.);
#6236=ORIENTED_EDGE('',*,*,#7030,.F.);
#6237=ORIENTED_EDGE('',*,*,#7031,.T.);
#6238=ORIENTED_EDGE('',*,*,#7012,.F.);
#6239=ORIENTED_EDGE('',*,*,#7032,.T.);
#6240=ORIENTED_EDGE('',*,*,#7033,.T.);
#6241=ORIENTED_EDGE('',*,*,#7034,.F.);
#6242=ORIENTED_EDGE('',*,*,#7004,.F.);
#6243=ORIENTED_EDGE('',*,*,#7035,.F.);
#6244=ORIENTED_EDGE('',*,*,#7036,.T.);
#6245=ORIENTED_EDGE('',*,*,#7037,.T.);
#6246=ORIENTED_EDGE('',*,*,#7038,.F.);
#6247=ORIENTED_EDGE('',*,*,#7039,.T.);
#6248=ORIENTED_EDGE('',*,*,#7030,.T.);
#6249=ORIENTED_EDGE('',*,*,#7040,.T.);
#6250=ORIENTED_EDGE('',*,*,#7041,.T.);
#6251=ORIENTED_EDGE('',*,*,#7038,.T.);
#6252=ORIENTED_EDGE('',*,*,#7042,.T.);
#6253=ORIENTED_EDGE('',*,*,#7043,.T.);
#6254=ORIENTED_EDGE('',*,*,#7040,.F.);
#6255=ORIENTED_EDGE('',*,*,#7044,.F.);
#6256=ORIENTED_EDGE('',*,*,#7033,.F.);
#6257=ORIENTED_EDGE('',*,*,#7036,.F.);
#6258=ORIENTED_EDGE('',*,*,#7045,.T.);
#6259=ORIENTED_EDGE('',*,*,#7042,.F.);
#6260=ORIENTED_EDGE('',*,*,#7032,.F.);
#6261=ORIENTED_EDGE('',*,*,#7027,.F.);
#6262=ORIENTED_EDGE('',*,*,#7034,.T.);
#6263=ORIENTED_EDGE('',*,*,#7044,.T.);
#6264=ORIENTED_EDGE('',*,*,#7031,.F.);
#6265=ORIENTED_EDGE('',*,*,#7037,.F.);
#6266=ORIENTED_EDGE('',*,*,#7035,.T.);
#6267=ORIENTED_EDGE('',*,*,#7026,.F.);
#6268=ORIENTED_EDGE('',*,*,#7046,.F.);
#6269=ORIENTED_EDGE('',*,*,#7047,.T.);
#6270=ORIENTED_EDGE('',*,*,#7041,.F.);
#6271=ORIENTED_EDGE('',*,*,#7048,.T.);
#6272=ORIENTED_EDGE('',*,*,#7049,.T.);
#6273=ORIENTED_EDGE('',*,*,#7050,.F.);
#6274=ORIENTED_EDGE('',*,*,#7045,.F.);
#6275=ORIENTED_EDGE('',*,*,#7051,.F.);
#6276=ORIENTED_EDGE('',*,*,#7052,.T.);
#6277=ORIENTED_EDGE('',*,*,#7053,.T.);
#6278=ORIENTED_EDGE('',*,*,#7054,.F.);
#6279=ORIENTED_EDGE('',*,*,#7055,.T.);
#6280=ORIENTED_EDGE('',*,*,#7046,.T.);
#6281=ORIENTED_EDGE('',*,*,#7056,.T.);
#6282=ORIENTED_EDGE('',*,*,#7057,.T.);
#6283=ORIENTED_EDGE('',*,*,#7054,.T.);
#6284=ORIENTED_EDGE('',*,*,#7058,.T.);
#6285=ORIENTED_EDGE('',*,*,#7059,.T.);
#6286=ORIENTED_EDGE('',*,*,#7056,.F.);
#6287=ORIENTED_EDGE('',*,*,#7060,.F.);
#6288=ORIENTED_EDGE('',*,*,#7049,.F.);
#6289=ORIENTED_EDGE('',*,*,#7052,.F.);
#6290=ORIENTED_EDGE('',*,*,#7061,.T.);
#6291=ORIENTED_EDGE('',*,*,#7058,.F.);
#6292=ORIENTED_EDGE('',*,*,#7048,.F.);
#6293=ORIENTED_EDGE('',*,*,#7043,.F.);
#6294=ORIENTED_EDGE('',*,*,#7050,.T.);
#6295=ORIENTED_EDGE('',*,*,#7060,.T.);
#6296=ORIENTED_EDGE('',*,*,#7047,.F.);
#6297=ORIENTED_EDGE('',*,*,#7053,.F.);
#6298=ORIENTED_EDGE('',*,*,#7051,.T.);
#6299=ORIENTED_EDGE('',*,*,#7039,.F.);
#6300=ORIENTED_EDGE('',*,*,#7062,.F.);
#6301=ORIENTED_EDGE('',*,*,#7063,.T.);
#6302=ORIENTED_EDGE('',*,*,#7057,.F.);
#6303=ORIENTED_EDGE('',*,*,#7064,.T.);
#6304=ORIENTED_EDGE('',*,*,#7065,.T.);
#6305=ORIENTED_EDGE('',*,*,#7066,.F.);
#6306=ORIENTED_EDGE('',*,*,#7061,.F.);
#6307=ORIENTED_EDGE('',*,*,#7067,.F.);
#6308=ORIENTED_EDGE('',*,*,#7068,.F.);
#6309=ORIENTED_EDGE('',*,*,#7069,.T.);
#6310=ORIENTED_EDGE('',*,*,#7070,.T.);
#6311=ORIENTED_EDGE('',*,*,#7071,.F.);
#6312=ORIENTED_EDGE('',*,*,#7072,.F.);
#6313=ORIENTED_EDGE('',*,*,#7073,.T.);
#6314=ORIENTED_EDGE('',*,*,#7074,.F.);
#6315=ORIENTED_EDGE('',*,*,#7071,.T.);
#6316=ORIENTED_EDGE('',*,*,#7062,.T.);
#6317=ORIENTED_EDGE('',*,*,#7075,.T.);
#6318=ORIENTED_EDGE('',*,*,#7076,.T.);
#6319=ORIENTED_EDGE('',*,*,#7075,.F.);
#6320=ORIENTED_EDGE('',*,*,#7077,.F.);
#6321=ORIENTED_EDGE('',*,*,#7078,.T.);
#6322=ORIENTED_EDGE('',*,*,#7079,.F.);
#6323=ORIENTED_EDGE('',*,*,#7078,.F.);
#6324=ORIENTED_EDGE('',*,*,#7065,.F.);
#6325=ORIENTED_EDGE('',*,*,#7069,.F.);
#6326=ORIENTED_EDGE('',*,*,#7080,.F.);
#6327=ORIENTED_EDGE('',*,*,#7081,.F.);
#6328=ORIENTED_EDGE('',*,*,#7082,.F.);
#6329=ORIENTED_EDGE('',*,*,#7081,.T.);
#6330=ORIENTED_EDGE('',*,*,#7083,.T.);
#6331=ORIENTED_EDGE('',*,*,#7073,.F.);
#6332=ORIENTED_EDGE('',*,*,#7064,.F.);
#6333=ORIENTED_EDGE('',*,*,#7059,.F.);
#6334=ORIENTED_EDGE('',*,*,#7066,.T.);
#6335=ORIENTED_EDGE('',*,*,#7077,.T.);
#6336=ORIENTED_EDGE('',*,*,#7063,.F.);
#6337=ORIENTED_EDGE('',*,*,#7070,.F.);
#6338=ORIENTED_EDGE('',*,*,#7067,.T.);
#6339=ORIENTED_EDGE('',*,*,#7055,.F.);
#6340=ORIENTED_EDGE('',*,*,#7083,.F.);
#6341=ORIENTED_EDGE('',*,*,#7080,.T.);
#6342=ORIENTED_EDGE('',*,*,#7068,.T.);
#6343=ORIENTED_EDGE('',*,*,#7074,.T.);
#6344=ORIENTED_EDGE('',*,*,#7076,.F.);
#6345=ORIENTED_EDGE('',*,*,#7079,.T.);
#6346=ORIENTED_EDGE('',*,*,#7082,.T.);
#6347=ORIENTED_EDGE('',*,*,#7072,.T.);
#6348=ORIENTED_EDGE('',*,*,#7084,.T.);
#6349=ORIENTED_EDGE('',*,*,#7085,.F.);
#6350=ORIENTED_EDGE('',*,*,#7086,.T.);
#6351=ORIENTED_EDGE('',*,*,#7087,.F.);
#6352=ORIENTED_EDGE('',*,*,#7088,.T.);
#6353=ORIENTED_EDGE('',*,*,#7085,.T.);
#6354=ORIENTED_EDGE('',*,*,#7089,.T.);
#6355=ORIENTED_EDGE('',*,*,#7090,.F.);
#6356=ORIENTED_EDGE('',*,*,#7091,.T.);
#6357=ORIENTED_EDGE('',*,*,#7092,.F.);
#6358=ORIENTED_EDGE('',*,*,#7093,.F.);
#6359=ORIENTED_EDGE('',*,*,#7094,.T.);
#6360=ORIENTED_EDGE('',*,*,#7087,.T.);
#6361=ORIENTED_EDGE('',*,*,#7095,.T.);
#6362=ORIENTED_EDGE('',*,*,#7096,.T.);
#6363=ORIENTED_EDGE('',*,*,#7097,.T.);
#6364=ORIENTED_EDGE('',*,*,#7093,.T.);
#6365=ORIENTED_EDGE('',*,*,#7092,.T.);
#6366=ORIENTED_EDGE('',*,*,#7098,.T.);
#6367=ORIENTED_EDGE('',*,*,#7099,.T.);
#6368=ORIENTED_EDGE('',*,*,#7100,.T.);
#6369=ORIENTED_EDGE('',*,*,#7090,.T.);
#6370=ORIENTED_EDGE('',*,*,#7101,.F.);
#6371=ORIENTED_EDGE('',*,*,#7099,.F.);
#6372=ORIENTED_EDGE('',*,*,#7102,.T.);
#6373=ORIENTED_EDGE('',*,*,#7096,.F.);
#6374=ORIENTED_EDGE('',*,*,#7103,.T.);
#6375=ORIENTED_EDGE('',*,*,#7097,.F.);
#6376=ORIENTED_EDGE('',*,*,#7102,.F.);
#6377=ORIENTED_EDGE('',*,*,#7098,.F.);
#6378=ORIENTED_EDGE('',*,*,#7091,.F.);
#6379=ORIENTED_EDGE('',*,*,#7086,.F.);
#6380=ORIENTED_EDGE('',*,*,#7094,.F.);
#6381=ORIENTED_EDGE('',*,*,#7100,.F.);
#6382=ORIENTED_EDGE('',*,*,#7103,.F.);
#6383=ORIENTED_EDGE('',*,*,#7095,.F.);
#6384=ORIENTED_EDGE('',*,*,#7089,.F.);
#6385=ORIENTED_EDGE('',*,*,#7084,.F.);
#6386=ORIENTED_EDGE('',*,*,#7088,.F.);
#6387=ORIENTED_EDGE('',*,*,#7101,.T.);
#6388=ORIENTED_EDGE('',*,*,#7104,.F.);
#6389=ORIENTED_EDGE('',*,*,#7104,.T.);
#6390=ORIENTED_EDGE('',*,*,#7105,.F.);
#6391=ORIENTED_EDGE('',*,*,#7106,.F.);
#6392=ORIENTED_EDGE('',*,*,#7105,.T.);
#6393=ORIENTED_EDGE('',*,*,#7106,.T.);
#6394=ORIENTED_EDGE('',*,*,#7107,.F.);
#6395=ORIENTED_EDGE('',*,*,#7107,.T.);
#6396=EDGE_CURVE('',#7108,#7109,#7110,.F.);
#6397=EDGE_CURVE('',#7111,#7108,#7112,.T.);
#6398=EDGE_CURVE('',#7113,#7111,#7114,.T.);
#6399=EDGE_CURVE('',#7113,#7115,#7116,.T.);
#6400=EDGE_CURVE('',#7117,#7115,#7118,.T.);
#6401=EDGE_CURVE('',#7119,#7117,#7120,.T.);
#6402=EDGE_CURVE('',#7121,#7119,#7122,.T.);
#6403=EDGE_CURVE('',#7123,#7121,#7124,.F.);
#6404=EDGE_CURVE('',#7125,#7123,#7126,.F.);
#6405=EDGE_CURVE('',#7127,#7125,#7128,.F.);
#6406=EDGE_CURVE('',#7109,#7127,#7129,.T.);
#6407=EDGE_CURVE('',#7130,#7131,#7132,.F.);
#6408=EDGE_CURVE('',#7133,#7130,#7134,.F.);
#6409=EDGE_CURVE('',#7135,#7133,#7136,.F.);
#6410=EDGE_CURVE('',#7137,#7135,#7138,.F.);
#6411=EDGE_CURVE('',#7139,#7137,#7140,.F.);
#6412=EDGE_CURVE('',#7139,#7141,#7142,.T.);
#6413=EDGE_CURVE('',#7141,#7143,#7144,.T.);
#6414=EDGE_CURVE('',#7145,#7143,#7146,.T.);
#6415=EDGE_CURVE('',#7147,#7145,#7148,.T.);
#6416=EDGE_CURVE('',#7149,#7147,#7150,.T.);
#6417=EDGE_CURVE('',#7149,#7131,#7151,.T.);
#6418=EDGE_CURVE('',#7152,#7153,#7154,.F.);
#6419=EDGE_CURVE('',#7155,#7152,#7156,.T.);
#6420=EDGE_CURVE('',#7157,#7155,#7158,.T.);
#6421=EDGE_CURVE('',#7157,#7159,#7160,.T.);
#6422=EDGE_CURVE('',#7161,#7159,#7162,.T.);
#6423=EDGE_CURVE('',#7163,#7161,#7164,.T.);
#6424=EDGE_CURVE('',#7165,#7163,#7166,.T.);
#6425=EDGE_CURVE('',#7167,#7165,#7168,.F.);
#6426=EDGE_CURVE('',#7169,#7167,#7170,.F.);
#6427=EDGE_CURVE('',#7171,#7169,#7172,.F.);
#6428=EDGE_CURVE('',#7153,#7171,#7173,.T.);
#6429=EDGE_CURVE('',#7174,#7175,#7176,.F.);
#6430=EDGE_CURVE('',#7177,#7174,#7178,.F.);
#6431=EDGE_CURVE('',#7179,#7177,#7180,.F.);
#6432=EDGE_CURVE('',#7181,#7179,#7182,.F.);
#6433=EDGE_CURVE('',#7183,#7181,#7184,.F.);
#6434=EDGE_CURVE('',#7183,#7185,#7186,.T.);
#6435=EDGE_CURVE('',#7185,#7187,#7188,.T.);
#6436=EDGE_CURVE('',#7189,#7187,#7190,.T.);
#6437=EDGE_CURVE('',#7191,#7189,#7192,.T.);
#6438=EDGE_CURVE('',#7193,#7191,#7194,.T.);
#6439=EDGE_CURVE('',#7193,#7175,#7195,.T.);
#6440=EDGE_CURVE('',#7161,#7187,#7196,.F.);
#6441=EDGE_CURVE('',#7163,#7185,#7197,.T.);
#6442=EDGE_CURVE('',#7117,#7143,#7198,.F.);
#6443=EDGE_CURVE('',#7119,#7141,#7199,.T.);
#6444=EDGE_CURVE('',#7189,#7159,#7200,.F.);
#6445=EDGE_CURVE('',#7191,#7157,#7201,.T.);
#6446=EDGE_CURVE('',#7145,#7115,#7202,.F.);
#6447=EDGE_CURVE('',#7147,#7113,#7203,.T.);
#6448=EDGE_CURVE('',#7175,#7152,#7204,.F.);
#6449=EDGE_CURVE('',#7153,#7205,#7206,.T.);
#6450=EDGE_CURVE('',#7205,#7207,#7208,.F.);
#6451=EDGE_CURVE('',#7207,#7209,#7210,.F.);
#6452=EDGE_CURVE('',#7209,#7211,#7212,.F.);
#6453=EDGE_CURVE('',#7211,#7213,#7214,.T.);
#6454=EDGE_CURVE('',#7213,#7215,#7216,.F.);
#6455=EDGE_CURVE('',#7215,#7217,#7218,.F.);
#6456=EDGE_CURVE('',#7217,#7219,#7220,.F.);
#6457=EDGE_CURVE('',#7219,#7221,#7222,.F.);
#6458=EDGE_CURVE('',#7221,#7223,#7224,.F.);
#6459=EDGE_CURVE('',#7223,#7225,#7226,.T.);
#6460=EDGE_CURVE('',#7227,#7225,#7228,.T.);
#6461=EDGE_CURVE('',#7227,#7229,#7230,.F.);
#6462=EDGE_CURVE('',#7229,#7231,#7232,.F.);
#6463=EDGE_CURVE('',#7231,#7233,#7234,.F.);
#6464=EDGE_CURVE('',#7235,#7233,#7236,.T.);
#6465=EDGE_CURVE('',#7235,#7237,#7238,.F.);
#6466=EDGE_CURVE('',#7239,#7237,#7240,.T.);
#6467=EDGE_CURVE('',#7241,#7239,#7242,.T.);
#6468=EDGE_CURVE('',#7241,#7243,#7244,.T.);
#6469=EDGE_CURVE('',#7243,#7245,#7246,.F.);
#6470=EDGE_CURVE('',#7245,#7247,#7248,.T.);
#6471=EDGE_CURVE('',#7247,#7249,#7250,.T.);
#6472=EDGE_CURVE('',#7249,#7251,#7252,.T.);
#6473=EDGE_CURVE('',#7251,#7253,#7254,.T.);
#6474=EDGE_CURVE('',#7253,#7255,#7256,.T.);
#6475=EDGE_CURVE('',#7255,#7257,#7258,.T.);
#6476=EDGE_CURVE('',#7257,#7259,#7260,.F.);
#6477=EDGE_CURVE('',#7259,#7261,#7262,.F.);
#6478=EDGE_CURVE('',#7261,#7263,#7264,.F.);
#6479=EDGE_CURVE('',#7263,#7130,#7265,.T.);
#6480=EDGE_CURVE('',#7131,#7108,#7266,.F.);
#6481=EDGE_CURVE('',#7109,#7174,#7267,.T.);
#6482=EDGE_CURVE('',#7268,#7268,#7269,.F.);
#6483=EDGE_CURVE('',#7270,#7270,#7271,.F.);
#6484=EDGE_CURVE('',#7272,#7272,#7273,.F.);
#6485=EDGE_CURVE('',#7274,#7274,#7275,.F.);
#6486=EDGE_CURVE('',#7276,#7276,#7277,.F.);
#6487=EDGE_CURVE('',#7278,#7278,#7279,.F.);
#6488=EDGE_CURVE('',#7280,#7280,#7281,.F.);
#6489=EDGE_CURVE('',#7282,#7282,#7283,.F.);
#6490=EDGE_CURVE('',#7284,#7284,#7285,.F.);
#6491=EDGE_CURVE('',#7111,#7149,#7286,.T.);
#6492=EDGE_CURVE('',#7287,#7139,#7288,.F.);
#6493=EDGE_CURVE('',#7289,#7287,#7290,.T.);
#6494=EDGE_CURVE('',#7291,#7289,#7292,.F.);
#6495=EDGE_CURVE('',#7293,#7291,#7294,.T.);
#6496=EDGE_CURVE('',#7121,#7293,#7295,.F.);
#6497=EDGE_CURVE('',#7165,#7296,#7297,.F.);
#6498=EDGE_CURVE('',#7296,#7298,#7299,.F.);
#6499=EDGE_CURVE('',#7298,#7300,#7301,.F.);
#6500=EDGE_CURVE('',#7300,#7302,#7303,.F.);
#6501=EDGE_CURVE('',#7302,#7304,#7305,.F.);
#6502=EDGE_CURVE('',#7304,#7306,#7307,.F.);
#6503=EDGE_CURVE('',#7306,#7308,#7309,.F.);
#6504=EDGE_CURVE('',#7308,#7310,#7311,.F.);
#6505=EDGE_CURVE('',#7310,#7183,#7312,.F.);
#6506=EDGE_CURVE('',#7123,#7181,#7313,.T.);
#6507=EDGE_CURVE('',#7293,#7314,#7315,.F.);
#6508=EDGE_CURVE('',#7314,#7316,#7317,.F.);
#6509=EDGE_CURVE('',#7316,#7318,#7319,.F.);
#6510=EDGE_CURVE('',#7318,#7320,#7321,.F.);
#6511=EDGE_CURVE('',#7320,#7322,#7323,.F.);
#6512=EDGE_CURVE('',#7322,#7324,#7325,.F.);
#6513=EDGE_CURVE('',#7324,#7287,#7326,.F.);
#6514=EDGE_CURVE('',#7327,#7137,#7328,.T.);
#6515=EDGE_CURVE('',#7327,#7329,#7330,.F.);
#6516=EDGE_CURVE('',#7329,#7331,#7332,.F.);
#6517=EDGE_CURVE('',#7331,#7333,#7334,.F.);
#6518=EDGE_CURVE('',#7333,#7335,#7336,.F.);
#6519=EDGE_CURVE('',#7335,#7337,#7338,.F.);
#6520=EDGE_CURVE('',#7337,#7339,#7340,.F.);
#6521=EDGE_CURVE('',#7339,#7341,#7342,.F.);
#6522=EDGE_CURVE('',#7341,#7343,#7344,.F.);
#6523=EDGE_CURVE('',#7343,#7345,#7346,.F.);
#6524=EDGE_CURVE('',#7345,#7347,#7348,.F.);
#6525=EDGE_CURVE('',#7347,#7349,#7350,.F.);
#6526=EDGE_CURVE('',#7351,#7349,#7352,.T.);
#6527=EDGE_CURVE('',#7351,#7353,#7354,.T.);
#6528=EDGE_CURVE('',#7353,#7355,#7356,.T.);
#6529=EDGE_CURVE('',#7357,#7355,#7358,.T.);
#6530=EDGE_CURVE('',#7359,#7357,#7360,.T.);
#6531=EDGE_CURVE('',#7359,#7361,#7362,.F.);
#6532=EDGE_CURVE('',#7361,#7363,#7364,.F.);
#6533=EDGE_CURVE('',#7363,#7365,#7366,.F.);
#6534=EDGE_CURVE('',#7365,#7367,#7368,.F.);
#6535=EDGE_CURVE('',#7367,#7369,#7370,.F.);
#6536=EDGE_CURVE('',#7369,#7371,#7372,.F.);
#6537=EDGE_CURVE('',#7371,#7373,#7374,.F.);
#6538=EDGE_CURVE('',#7373,#7375,#7376,.F.);
#6539=EDGE_CURVE('',#7375,#7377,#7378,.F.);
#6540=EDGE_CURVE('',#7377,#7379,#7380,.F.);
#6541=EDGE_CURVE('',#7379,#7381,#7382,.F.);
#6542=EDGE_CURVE('',#7383,#7381,#7384,.T.);
#6543=EDGE_CURVE('',#7383,#7385,#7386,.F.);
#6544=EDGE_CURVE('',#7385,#7387,#7388,.F.);
#6545=EDGE_CURVE('',#7387,#7389,#7390,.F.);
#6546=EDGE_CURVE('',#7389,#7391,#7392,.F.);
#6547=EDGE_CURVE('',#7391,#7393,#7394,.F.);
#6548=EDGE_CURVE('',#7393,#7395,#7396,.F.);
#6549=EDGE_CURVE('',#7395,#7397,#7398,.F.);
#6550=EDGE_CURVE('',#7397,#7399,#7400,.F.);
#6551=EDGE_CURVE('',#7399,#7401,#7402,.F.);
#6552=EDGE_CURVE('',#7401,#7403,#7404,.F.);
#6553=EDGE_CURVE('',#7403,#7405,#7406,.F.);
#6554=EDGE_CURVE('',#7167,#7405,#7407,.T.);
#6555=EDGE_CURVE('',#7125,#7179,#7408,.T.);
#6556=EDGE_CURVE('',#7127,#7177,#7409,.T.);
#6557=EDGE_CURVE('',#7263,#7410,#7411,.T.);
#6558=EDGE_CURVE('',#7410,#7133,#7412,.T.);
#6559=EDGE_CURVE('',#7410,#7413,#7414,.F.);
#6560=EDGE_CURVE('',#7413,#7135,#7415,.T.);
#6561=EDGE_CURVE('',#7413,#7327,#7416,.F.);
#6562=EDGE_CURVE('',#7155,#7193,#7417,.T.);
#6563=EDGE_CURVE('',#7418,#7310,#7419,.T.);
#6564=EDGE_CURVE('',#7420,#7418,#7421,.F.);
#6565=EDGE_CURVE('',#7296,#7420,#7422,.T.);
#6566=EDGE_CURVE('',#7405,#7423,#7424,.F.);
#6567=EDGE_CURVE('',#7169,#7423,#7425,.T.);
#6568=EDGE_CURVE('',#7423,#7426,#7427,.F.);
#6569=EDGE_CURVE('',#7171,#7426,#7428,.T.);
#6570=EDGE_CURVE('',#7426,#7205,#7429,.F.);
#6571=EDGE_CURVE('',#7403,#7430,#7431,.T.);
#6572=EDGE_CURVE('',#7430,#7432,#7433,.T.);
#6573=EDGE_CURVE('',#7434,#7432,#7435,.T.);
#6574=EDGE_CURVE('',#7436,#7434,#7437,.T.);
#6575=EDGE_CURVE('',#7438,#7436,#7439,.T.);
#6576=EDGE_CURVE('',#7438,#7207,#7440,.T.);
#6577=EDGE_CURVE('',#7441,#7438,#7442,.T.);
#6578=EDGE_CURVE('',#7441,#7209,#7443,.T.);
#6579=EDGE_CURVE('',#7444,#7445,#7446,.F.);
#6580=EDGE_CURVE('',#7211,#7444,#7447,.T.);
#6581=EDGE_CURVE('',#7448,#7441,#7449,.T.);
#6582=EDGE_CURVE('',#7448,#7450,#7451,.T.);
#6583=EDGE_CURVE('',#7452,#7450,#7453,.T.);
#6584=EDGE_CURVE('',#7454,#7452,#7455,.T.);
#6585=EDGE_CURVE('',#7385,#7454,#7456,.T.);
#6586=EDGE_CURVE('',#7445,#7383,#7457,.F.);
#6587=EDGE_CURVE('',#7444,#7458,#7459,.T.);
#6588=EDGE_CURVE('',#7458,#7213,#7460,.F.);
#6589=EDGE_CURVE('',#7381,#7461,#7462,.F.);
#6590=EDGE_CURVE('',#7379,#7463,#7464,.T.);
#6591=EDGE_CURVE('',#7463,#7465,#7466,.T.);
#6592=EDGE_CURVE('',#7467,#7465,#7468,.T.);
#6593=EDGE_CURVE('',#7469,#7467,#7470,.T.);
#6594=EDGE_CURVE('',#7471,#7469,#7472,.T.);
#6595=EDGE_CURVE('',#7471,#7215,#7473,.T.);
#6596=EDGE_CURVE('',#7461,#7458,#7474,.F.);
#6597=EDGE_CURVE('',#7475,#7471,#7476,.T.);
#6598=EDGE_CURVE('',#7475,#7217,#7477,.T.);
#6599=EDGE_CURVE('',#7478,#7219,#7479,.T.);
#6600=EDGE_CURVE('',#7480,#7475,#7481,.T.);
#6601=EDGE_CURVE('',#7480,#7478,#7482,.T.);
#6602=EDGE_CURVE('',#7483,#7478,#7484,.T.);
#6603=EDGE_CURVE('',#7221,#7483,#7485,.F.);
#6604=EDGE_CURVE('',#7486,#7483,#7487,.T.);
#6605=EDGE_CURVE('',#7361,#7486,#7488,.T.);
#6606=EDGE_CURVE('',#7489,#7359,#7490,.F.);
#6607=EDGE_CURVE('',#7491,#7489,#7492,.F.);
#6608=EDGE_CURVE('',#7223,#7491,#7493,.T.);
#6609=EDGE_CURVE('',#7491,#7494,#7495,.T.);
#6610=EDGE_CURVE('',#7225,#7494,#7496,.T.);
#6611=EDGE_CURVE('',#7497,#7227,#7498,.F.);
#6612=EDGE_CURVE('',#7494,#7499,#7500,.T.);
#6613=EDGE_CURVE('',#7499,#7357,#7501,.T.);
#6614=EDGE_CURVE('',#7355,#7502,#7503,.T.);
#6615=EDGE_CURVE('',#7502,#7504,#7505,.T.);
#6616=EDGE_CURVE('',#7504,#7506,#7507,.T.);
#6617=EDGE_CURVE('',#7506,#7239,#7508,.T.);
#6618=EDGE_CURVE('',#7237,#7509,#7510,.F.);
#6619=EDGE_CURVE('',#7509,#7511,#7512,.T.);
#6620=EDGE_CURVE('',#7511,#7235,#7513,.T.);
#6621=EDGE_CURVE('',#7233,#7514,#7515,.F.);
#6622=EDGE_CURVE('',#7514,#7497,#7516,.T.);
#6623=EDGE_CURVE('',#7517,#7497,#7518,.T.);
#6624=EDGE_CURVE('',#7517,#7229,#7519,.T.);
#6625=EDGE_CURVE('',#7520,#7517,#7521,.T.);
#6626=EDGE_CURVE('',#7520,#7231,#7522,.T.);
#6627=EDGE_CURVE('',#7514,#7520,#7523,.T.);
#6628=EDGE_CURVE('',#7509,#7511,#7524,.T.);
#6629=EDGE_CURVE('',#7525,#7241,#7526,.T.);
#6630=EDGE_CURVE('',#7525,#7506,#7527,.T.);
#6631=EDGE_CURVE('',#7245,#7528,#7529,.F.);
#6632=EDGE_CURVE('',#7528,#7530,#7531,.F.);
#6633=EDGE_CURVE('',#7530,#7243,#7532,.T.);
#6634=EDGE_CURVE('',#7533,#7525,#7534,.T.);
#6635=EDGE_CURVE('',#7535,#7533,#7536,.T.);
#6636=EDGE_CURVE('',#7353,#7535,#7537,.T.);
#6637=EDGE_CURVE('',#7538,#7351,#7539,.T.);
#6638=EDGE_CURVE('',#7540,#7538,#7541,.T.);
#6639=EDGE_CURVE('',#7255,#7540,#7542,.T.);
#6640=EDGE_CURVE('',#7543,#7253,#7544,.F.);
#6641=EDGE_CURVE('',#7545,#7543,#7546,.T.);
#6642=EDGE_CURVE('',#7247,#7545,#7547,.F.);
#6643=EDGE_CURVE('',#7528,#7530,#7548,.T.);
#6644=EDGE_CURVE('',#7545,#7549,#7550,.T.);
#6645=EDGE_CURVE('',#7549,#7249,#7551,.T.);
#6646=EDGE_CURVE('',#7549,#7552,#7553,.T.);
#6647=EDGE_CURVE('',#7552,#7251,#7554,.T.);
#6648=EDGE_CURVE('',#7552,#7543,#7555,.T.);
#6649=EDGE_CURVE('',#7556,#7257,#7557,.F.);
#6650=EDGE_CURVE('',#7540,#7556,#7558,.T.);
#6651=EDGE_CURVE('',#7349,#7559,#7560,.F.);
#6652=EDGE_CURVE('',#7347,#7561,#7562,.T.);
#6653=EDGE_CURVE('',#7561,#7563,#7564,.T.);
#6654=EDGE_CURVE('',#7565,#7563,#7566,.T.);
#6655=EDGE_CURVE('',#7567,#7565,#7568,.T.);
#6656=EDGE_CURVE('',#7569,#7567,#7570,.T.);
#6657=EDGE_CURVE('',#7569,#7259,#7571,.T.);
#6658=EDGE_CURVE('',#7559,#7556,#7572,.F.);
#6659=EDGE_CURVE('',#7573,#7569,#7574,.T.);
#6660=EDGE_CURVE('',#7573,#7261,#7575,.T.);
#6661=EDGE_CURVE('',#7576,#7573,#7577,.T.);
#6662=EDGE_CURVE('',#7576,#7578,#7579,.T.);
#6663=EDGE_CURVE('',#7580,#7578,#7581,.T.);
#6664=EDGE_CURVE('',#7582,#7580,#7583,.T.);
#6665=EDGE_CURVE('',#7329,#7582,#7584,.T.);
#6666=EDGE_CURVE('',#7585,#7585,#7586,.T.);
#6667=EDGE_CURVE('',#7587,#7587,#7588,.T.);
#6668=EDGE_CURVE('',#7589,#7589,#7590,.T.);
#6669=EDGE_CURVE('',#7591,#7591,#7592,.T.);
#6670=EDGE_CURVE('',#7593,#7593,#7594,.T.);
#6671=EDGE_CURVE('',#7595,#7595,#7596,.T.);
#6672=EDGE_CURVE('',#7597,#7597,#7598,.T.);
#6673=EDGE_CURVE('',#7599,#7599,#7600,.T.);
#6674=EDGE_CURVE('',#7601,#7601,#7602,.T.);
#6675=EDGE_CURVE('',#7603,#7324,#7604,.T.);
#6676=EDGE_CURVE('',#7289,#7603,#7605,.T.);
#6677=EDGE_CURVE('',#7606,#7603,#7607,.F.);
#6678=EDGE_CURVE('',#7291,#7606,#7608,.T.);
#6679=EDGE_CURVE('',#7314,#7606,#7609,.T.);
#6680=EDGE_CURVE('',#7420,#7610,#7611,.T.);
#6681=EDGE_CURVE('',#7298,#7610,#7612,.T.);
#6682=EDGE_CURVE('',#7610,#7613,#7614,.F.);
#6683=EDGE_CURVE('',#7613,#7308,#7615,.T.);
#6684=EDGE_CURVE('',#7616,#7306,#7617,.F.);
#6685=EDGE_CURVE('',#7616,#7618,#7619,.T.);
#6686=EDGE_CURVE('',#7618,#7620,#7621,.T.);
#6687=EDGE_CURVE('',#7620,#7622,#7623,.T.);
#6688=EDGE_CURVE('',#7622,#7624,#7625,.T.);
#6689=EDGE_CURVE('',#7626,#7624,#7627,.T.);
#6690=EDGE_CURVE('',#7626,#7628,#7629,.T.);
#6691=EDGE_CURVE('',#7630,#7628,#7631,.T.);
#6692=EDGE_CURVE('',#7300,#7630,#7632,.F.);
#6693=EDGE_CURVE('',#7630,#7633,#7634,.F.);
#6694=EDGE_CURVE('',#7633,#7302,#7635,.F.);
#6695=EDGE_CURVE('',#7304,#7636,#7637,.F.);
#6696=EDGE_CURVE('',#7633,#7638,#7639,.T.);
#6697=EDGE_CURVE('',#7638,#7640,#7641,.T.);
#6698=EDGE_CURVE('',#7640,#7642,#7643,.T.);
#6699=EDGE_CURVE('',#7642,#7644,#7645,.T.);
#6700=EDGE_CURVE('',#7646,#7644,#7647,.T.);
#6701=EDGE_CURVE('',#7646,#7648,#7649,.T.);
#6702=EDGE_CURVE('',#7636,#7648,#7650,.T.);
#6703=EDGE_CURVE('',#7651,#7651,#7652,.T.);
#6704=EDGE_CURVE('',#7636,#7616,#7653,.F.);
#6705=EDGE_CURVE('',#7418,#7613,#7654,.T.);
#6706=EDGE_CURVE('',#7655,#7322,#7656,.F.);
#6707=EDGE_CURVE('',#7655,#7657,#7658,.T.);
#6708=EDGE_CURVE('',#7657,#7659,#7660,.T.);
#6709=EDGE_CURVE('',#7659,#7661,#7662,.T.);
#6710=EDGE_CURVE('',#7661,#7663,#7664,.T.);
#6711=EDGE_CURVE('',#7665,#7663,#7666,.T.);
#6712=EDGE_CURVE('',#7665,#7667,#7668,.T.);
#6713=EDGE_CURVE('',#7669,#7667,#7670,.T.);
#6714=EDGE_CURVE('',#7316,#7669,#7671,.F.);
#6715=EDGE_CURVE('',#7669,#7672,#7673,.F.);
#6716=EDGE_CURVE('',#7672,#7318,#7674,.F.);
#6717=EDGE_CURVE('',#7320,#7675,#7676,.F.);
#6718=EDGE_CURVE('',#7672,#7677,#7678,.T.);
#6719=EDGE_CURVE('',#7677,#7679,#7680,.T.);
#6720=EDGE_CURVE('',#7679,#7681,#7682,.T.);
#6721=EDGE_CURVE('',#7681,#7683,#7684,.T.);
#6722=EDGE_CURVE('',#7685,#7683,#7686,.T.);
#6723=EDGE_CURVE('',#7685,#7687,#7688,.T.);
#6724=EDGE_CURVE('',#7675,#7687,#7689,.T.);
#6725=EDGE_CURVE('',#7690,#7690,#7691,.T.);
#6726=EDGE_CURVE('',#7675,#7655,#7692,.F.);
#6727=EDGE_CURVE('',#7693,#7331,#7694,.T.);
#6728=EDGE_CURVE('',#7582,#7561,#7695,.T.);
#6729=EDGE_CURVE('',#7345,#7696,#7697,.T.);
#6730=EDGE_CURVE('',#7696,#7693,#7698,.T.);
#6731=EDGE_CURVE('',#7693,#7699,#7700,.T.);
#6732=EDGE_CURVE('',#7333,#7699,#7701,.T.);
#6733=EDGE_CURVE('',#7699,#7702,#7703,.F.);
#6734=EDGE_CURVE('',#7702,#7343,#7704,.T.);
#6735=EDGE_CURVE('',#7705,#7341,#7706,.F.);
#6736=EDGE_CURVE('',#7705,#7707,#7708,.T.);
#6737=EDGE_CURVE('',#7707,#7709,#7710,.T.);
#6738=EDGE_CURVE('',#7709,#7711,#7712,.T.);
#6739=EDGE_CURVE('',#7711,#7713,#7714,.T.);
#6740=EDGE_CURVE('',#7715,#7713,#7716,.T.);
#6741=EDGE_CURVE('',#7715,#7717,#7718,.T.);
#6742=EDGE_CURVE('',#7719,#7717,#7720,.T.);
#6743=EDGE_CURVE('',#7335,#7719,#7721,.F.);
#6744=EDGE_CURVE('',#7719,#7722,#7723,.F.);
#6745=EDGE_CURVE('',#7722,#7337,#7724,.F.);
#6746=EDGE_CURVE('',#7339,#7725,#7726,.F.);
#6747=EDGE_CURVE('',#7722,#7727,#7728,.T.);
#6748=EDGE_CURVE('',#7727,#7729,#7730,.T.);
#6749=EDGE_CURVE('',#7729,#7731,#7732,.T.);
#6750=EDGE_CURVE('',#7731,#7733,#7734,.T.);
#6751=EDGE_CURVE('',#7735,#7733,#7736,.T.);
#6752=EDGE_CURVE('',#7735,#7737,#7738,.T.);
#6753=EDGE_CURVE('',#7725,#7737,#7739,.T.);
#6754=EDGE_CURVE('',#7740,#7740,#7741,.T.);
#6755=EDGE_CURVE('',#7725,#7705,#7742,.F.);
#6756=EDGE_CURVE('',#7696,#7702,#7743,.T.);
#6757=EDGE_CURVE('',#7538,#7559,#7744,.T.);
#6758=EDGE_CURVE('',#7535,#7502,#7745,.T.);
#6759=EDGE_CURVE('',#7489,#7499,#7746,.T.);
#6760=EDGE_CURVE('',#7486,#7463,#7747,.T.);
#6761=EDGE_CURVE('',#7748,#7377,#7749,.T.);
#6762=EDGE_CURVE('',#7750,#7748,#7751,.F.);
#6763=EDGE_CURVE('',#7363,#7750,#7752,.T.);
#6764=EDGE_CURVE('',#7750,#7753,#7754,.T.);
#6765=EDGE_CURVE('',#7365,#7753,#7755,.T.);
#6766=EDGE_CURVE('',#7753,#7756,#7757,.F.);
#6767=EDGE_CURVE('',#7756,#7375,#7758,.T.);
#6768=EDGE_CURVE('',#7759,#7373,#7760,.F.);
#6769=EDGE_CURVE('',#7759,#7761,#7762,.T.);
#6770=EDGE_CURVE('',#7761,#7763,#7764,.T.);
#6771=EDGE_CURVE('',#7763,#7765,#7766,.T.);
#6772=EDGE_CURVE('',#7765,#7767,#7768,.T.);
#6773=EDGE_CURVE('',#7769,#7767,#7770,.T.);
#6774=EDGE_CURVE('',#7769,#7771,#7772,.T.);
#6775=EDGE_CURVE('',#7773,#7771,#7774,.T.);
#6776=EDGE_CURVE('',#7367,#7773,#7775,.F.);
#6777=EDGE_CURVE('',#7773,#7776,#7777,.F.);
#6778=EDGE_CURVE('',#7776,#7369,#7778,.F.);
#6779=EDGE_CURVE('',#7371,#7779,#7780,.F.);
#6780=EDGE_CURVE('',#7776,#7781,#7782,.T.);
#6781=EDGE_CURVE('',#7781,#7783,#7784,.T.);
#6782=EDGE_CURVE('',#7783,#7785,#7786,.T.);
#6783=EDGE_CURVE('',#7785,#7787,#7788,.T.);
#6784=EDGE_CURVE('',#7789,#7787,#7790,.T.);
#6785=EDGE_CURVE('',#7789,#7791,#7792,.T.);
#6786=EDGE_CURVE('',#7779,#7791,#7793,.T.);
#6787=EDGE_CURVE('',#7794,#7794,#7795,.T.);
#6788=EDGE_CURVE('',#7779,#7759,#7796,.F.);
#6789=EDGE_CURVE('',#7748,#7756,#7797,.T.);
#6790=EDGE_CURVE('',#7445,#7461,#7798,.T.);
#6791=EDGE_CURVE('',#7799,#7387,#7800,.T.);
#6792=EDGE_CURVE('',#7454,#7430,#7801,.T.);
#6793=EDGE_CURVE('',#7401,#7802,#7803,.T.);
#6794=EDGE_CURVE('',#7802,#7799,#7804,.T.);
#6795=EDGE_CURVE('',#7799,#7805,#7806,.T.);
#6796=EDGE_CURVE('',#7389,#7805,#7807,.T.);
#6797=EDGE_CURVE('',#7805,#7808,#7809,.F.);
#6798=EDGE_CURVE('',#7808,#7399,#7810,.T.);
#6799=EDGE_CURVE('',#7811,#7397,#7812,.F.);
#6800=EDGE_CURVE('',#7811,#7813,#7814,.T.);
#6801=EDGE_CURVE('',#7813,#7815,#7816,.T.);
#6802=EDGE_CURVE('',#7815,#7817,#7818,.T.);
#6803=EDGE_CURVE('',#7817,#7819,#7820,.T.);
#6804=EDGE_CURVE('',#7821,#7819,#7822,.T.);
#6805=EDGE_CURVE('',#7821,#7823,#7824,.T.);
#6806=EDGE_CURVE('',#7825,#7823,#7826,.T.);
#6807=EDGE_CURVE('',#7391,#7825,#7827,.F.);
#6808=EDGE_CURVE('',#7825,#7828,#7829,.F.);
#6809=EDGE_CURVE('',#7828,#7393,#7830,.F.);
#6810=EDGE_CURVE('',#7395,#7831,#7832,.F.);
#6811=EDGE_CURVE('',#7828,#7833,#7834,.T.);
#6812=EDGE_CURVE('',#7833,#7835,#7836,.T.);
#6813=EDGE_CURVE('',#7835,#7837,#7838,.T.);
#6814=EDGE_CURVE('',#7837,#7839,#7840,.T.);
#6815=EDGE_CURVE('',#7841,#7839,#7842,.T.);
#6816=EDGE_CURVE('',#7841,#7843,#7844,.T.);
#6817=EDGE_CURVE('',#7831,#7843,#7845,.T.);
#6818=EDGE_CURVE('',#7846,#7846,#7847,.T.);
#6819=EDGE_CURVE('',#7831,#7811,#7848,.F.);
#6820=EDGE_CURVE('',#7802,#7808,#7849,.T.);
#6821=EDGE_CURVE('',#7452,#7432,#7850,.F.);
#6822=EDGE_CURVE('',#7434,#7450,#7851,.F.);
#6823=EDGE_CURVE('',#7436,#7448,#7852,.T.);
#6824=EDGE_CURVE('',#7483,#7465,#7853,.F.);
#6825=EDGE_CURVE('',#7467,#7478,#7854,.F.);
#6826=EDGE_CURVE('',#7469,#7480,#7855,.T.);
#6827=EDGE_CURVE('',#7533,#7504,#7856,.T.);
#6828=EDGE_CURVE('',#7580,#7563,#7857,.F.);
#6829=EDGE_CURVE('',#7565,#7578,#7858,.F.);
#6830=EDGE_CURVE('',#7567,#7576,#7859,.T.);
#6831=EDGE_CURVE('',#7860,#7860,#7861,.T.);
#6832=EDGE_CURVE('',#7862,#7862,#7863,.T.);
#6833=EDGE_CURVE('',#7864,#7864,#7865,.T.);
#6834=EDGE_CURVE('',#7866,#7866,#7867,.T.);
#6835=EDGE_CURVE('',#7868,#7868,#7869,.T.);
#6836=EDGE_CURVE('',#7648,#7870,#7871,.T.);
#6837=EDGE_CURVE('',#7870,#7872,#7873,.T.);
#6838=EDGE_CURVE('',#7872,#7874,#7875,.T.);
#6839=EDGE_CURVE('',#7876,#7874,#7877,.T.);
#6840=EDGE_CURVE('',#7876,#7618,#7878,.T.);
#6841=EDGE_CURVE('',#7876,#7620,#7879,.T.);
#6842=EDGE_CURVE('',#7874,#7622,#7880,.T.);
#6843=EDGE_CURVE('',#7881,#7642,#7882,.T.);
#6844=EDGE_CURVE('',#7883,#7881,#7884,.T.);
#6845=EDGE_CURVE('',#7624,#7883,#7885,.T.);
#6846=EDGE_CURVE('',#7644,#7872,#7886,.T.);
#6847=EDGE_CURVE('',#7626,#7887,#7888,.T.);
#6848=EDGE_CURVE('',#7887,#7883,#7889,.T.);
#6849=EDGE_CURVE('',#7628,#7887,#7890,.T.);
#6850=EDGE_CURVE('',#7891,#7881,#7892,.T.);
#6851=EDGE_CURVE('',#7891,#7638,#7893,.T.);
#6852=EDGE_CURVE('',#7891,#7640,#7894,.T.);
#6853=EDGE_CURVE('',#7646,#7870,#7895,.T.);
#6854=EDGE_CURVE('',#7896,#7896,#7897,.T.);
#6855=EDGE_CURVE('',#7687,#7898,#7899,.T.);
#6856=EDGE_CURVE('',#7898,#7900,#7901,.T.);
#6857=EDGE_CURVE('',#7900,#7902,#7903,.T.);
#6858=EDGE_CURVE('',#7904,#7902,#7905,.T.);
#6859=EDGE_CURVE('',#7904,#7657,#7906,.T.);
#6860=EDGE_CURVE('',#7904,#7659,#7907,.T.);
#6861=EDGE_CURVE('',#7902,#7661,#7908,.T.);
#6862=EDGE_CURVE('',#7909,#7681,#7910,.T.);
#6863=EDGE_CURVE('',#7911,#7909,#7912,.T.);
#6864=EDGE_CURVE('',#7663,#7911,#7913,.T.);
#6865=EDGE_CURVE('',#7683,#7900,#7914,.T.);
#6866=EDGE_CURVE('',#7665,#7915,#7916,.T.);
#6867=EDGE_CURVE('',#7915,#7911,#7917,.T.);
#6868=EDGE_CURVE('',#7667,#7915,#7918,.T.);
#6869=EDGE_CURVE('',#7919,#7909,#7920,.T.);
#6870=EDGE_CURVE('',#7919,#7677,#7921,.T.);
#6871=EDGE_CURVE('',#7919,#7679,#7922,.T.);
#6872=EDGE_CURVE('',#7685,#7898,#7923,.T.);
#6873=EDGE_CURVE('',#7924,#7924,#7925,.T.);
#6874=EDGE_CURVE('',#7737,#7926,#7927,.T.);
#6875=EDGE_CURVE('',#7926,#7928,#7929,.T.);
#6876=EDGE_CURVE('',#7928,#7930,#7931,.T.);
#6877=EDGE_CURVE('',#7932,#7930,#7933,.T.);
#6878=EDGE_CURVE('',#7932,#7707,#7934,.T.);
#6879=EDGE_CURVE('',#7932,#7709,#7935,.T.);
#6880=EDGE_CURVE('',#7930,#7711,#7936,.T.);
#6881=EDGE_CURVE('',#7937,#7731,#7938,.T.);
#6882=EDGE_CURVE('',#7939,#7937,#7940,.T.);
#6883=EDGE_CURVE('',#7713,#7939,#7941,.T.);
#6884=EDGE_CURVE('',#7733,#7928,#7942,.T.);
#6885=EDGE_CURVE('',#7715,#7943,#7944,.T.);
#6886=EDGE_CURVE('',#7943,#7939,#7945,.T.);
#6887=EDGE_CURVE('',#7717,#7943,#7946,.T.);
#6888=EDGE_CURVE('',#7947,#7937,#7948,.T.);
#6889=EDGE_CURVE('',#7947,#7727,#7949,.T.);
#6890=EDGE_CURVE('',#7947,#7729,#7950,.T.);
#6891=EDGE_CURVE('',#7735,#7926,#7951,.T.);
#6892=EDGE_CURVE('',#7952,#7952,#7953,.T.);
#6893=EDGE_CURVE('',#7791,#7954,#7955,.T.);
#6894=EDGE_CURVE('',#7954,#7956,#7957,.T.);
#6895=EDGE_CURVE('',#7956,#7958,#7959,.T.);
#6896=EDGE_CURVE('',#7960,#7958,#7961,.T.);
#6897=EDGE_CURVE('',#7960,#7761,#7962,.T.);
#6898=EDGE_CURVE('',#7960,#7763,#7963,.T.);
#6899=EDGE_CURVE('',#7958,#7765,#7964,.T.);
#6900=EDGE_CURVE('',#7965,#7785,#7966,.T.);
#6901=EDGE_CURVE('',#7967,#7965,#7968,.T.);
#6902=EDGE_CURVE('',#7767,#7967,#7969,.T.);
#6903=EDGE_CURVE('',#7787,#7956,#7970,.T.);
#6904=EDGE_CURVE('',#7769,#7971,#7972,.T.);
#6905=EDGE_CURVE('',#7971,#7967,#7973,.T.);
#6906=EDGE_CURVE('',#7771,#7971,#7974,.T.);
#6907=EDGE_CURVE('',#7975,#7965,#7976,.T.);
#6908=EDGE_CURVE('',#7975,#7781,#7977,.T.);
#6909=EDGE_CURVE('',#7975,#7783,#7978,.T.);
#6910=EDGE_CURVE('',#7789,#7954,#7979,.T.);
#6911=EDGE_CURVE('',#7980,#7980,#7981,.T.);
#6912=EDGE_CURVE('',#7843,#7982,#7983,.T.);
#6913=EDGE_CURVE('',#7982,#7984,#7985,.T.);
#6914=EDGE_CURVE('',#7984,#7986,#7987,.T.);
#6915=EDGE_CURVE('',#7988,#7986,#7989,.T.);
#6916=EDGE_CURVE('',#7988,#7813,#7990,.T.);
#6917=EDGE_CURVE('',#7988,#7815,#7991,.T.);
#6918=EDGE_CURVE('',#7986,#7817,#7992,.T.);
#6919=EDGE_CURVE('',#7993,#7837,#7994,.T.);
#6920=EDGE_CURVE('',#7995,#7993,#7996,.T.);
#6921=EDGE_CURVE('',#7819,#7995,#7997,.T.);
#6922=EDGE_CURVE('',#7839,#7984,#7998,.T.);
#6923=EDGE_CURVE('',#7821,#7999,#8000,.T.);
#6924=EDGE_CURVE('',#7999,#7995,#8001,.T.);
#6925=EDGE_CURVE('',#7823,#7999,#8002,.T.);
#6926=EDGE_CURVE('',#8003,#7993,#8004,.T.);
#6927=EDGE_CURVE('',#8003,#7833,#8005,.T.);
#6928=EDGE_CURVE('',#8003,#7835,#8006,.T.);
#6929=EDGE_CURVE('',#7841,#7982,#8007,.T.);
#6930=EDGE_CURVE('',#8008,#8008,#8009,.T.);
#6931=AXIS2_PLACEMENT_3D('',#6932,#6933,#6934);
#6932=CARTESIAN_POINT('',(0.,0.,0.));
#6933=DIRECTION('',(0.,0.,1.));
#6934=DIRECTION('',(1.,0.,0.));
#6935=AXIS2_PLACEMENT_3D('',#6936,#6937,#6938);
#6936=CARTESIAN_POINT('',(5.,0.,0.));
#6937=DIRECTION('',(0.,0.,1.));
#6938=DIRECTION('',(1.,0.,0.));
#6939=AXIS2_PLACEMENT_3D('',#6940,#6941,#6942);
#6940=CARTESIAN_POINT('',(10.,0.,0.));
#6941=DIRECTION('',(0.,0.,1.));
#6942=DIRECTION('',(1.,0.,0.));
#6943=AXIS2_PLACEMENT_3D('',#6944,#6945,#6946);
#6944=CARTESIAN_POINT('',(15.,0.,0.));
#6945=DIRECTION('',(0.,0.,1.));
#6946=DIRECTION('',(1.,0.,0.));
#6947=AXIS2_PLACEMENT_3D('',#6948,#6949,#6950);
#6948=CARTESIAN_POINT('',(20.,0.,0.));
#6949=DIRECTION('',(0.,0.,1.));
#6950=DIRECTION('',(1.,0.,0.));
#6951=EDGE_CURVE('',#8010,#8011,#8012,.T.);
#6952=EDGE_CURVE('',#8011,#8013,#8014,.T.);
#6953=EDGE_CURVE('',#8015,#8013,#8016,.F.);
#6954=EDGE_CURVE('',#8010,#8015,#8017,.T.);
#6955=EDGE_CURVE('',#8018,#8019,#8020,.T.);
#6956=EDGE_CURVE('',#8021,#8019,#8022,.T.);
#6957=EDGE_CURVE('',#8023,#8021,#8024,.T.);
#6958=EDGE_CURVE('',#8023,#8018,#8025,.T.);
#6959=EDGE_CURVE('',#8011,#8018,#8026,.T.);
#6960=EDGE_CURVE('',#8027,#8023,#8028,.T.);
#6961=EDGE_CURVE('',#8027,#8029,#8030,.T.);
#6962=EDGE_CURVE('',#8013,#8029,#8031,.F.);
#6963=EDGE_CURVE('',#8019,#8032,#8033,.T.);
#6964=EDGE_CURVE('',#8032,#8010,#8034,.T.);
#6965=EDGE_CURVE('',#8035,#8015,#8036,.F.);
#6966=EDGE_CURVE('',#8037,#8035,#8038,.T.);
#6967=EDGE_CURVE('',#8021,#8037,#8039,.T.);
#6968=EDGE_CURVE('',#8040,#8041,#8042,.T.);
#6969=EDGE_CURVE('',#8041,#8043,#8044,.T.);
#6970=EDGE_CURVE('',#8045,#8043,#8046,.T.);
#6971=EDGE_CURVE('',#8040,#8045,#8047,.T.);
#6972=EDGE_CURVE('',#8048,#8048,#8049,.F.);
#6973=EDGE_CURVE('',#8050,#8051,#8052,.T.);
#6974=EDGE_CURVE('',#8051,#8045,#8053,.T.);
#6975=EDGE_CURVE('',#8043,#8050,#8054,.T.);
#6976=EDGE_CURVE('',#8029,#8055,#8056,.F.);
#6977=EDGE_CURVE('',#8055,#8057,#8058,.F.);
#6978=EDGE_CURVE('',#8057,#8059,#8060,.F.);
#6979=EDGE_CURVE('',#8059,#8061,#8062,.F.);
#6980=EDGE_CURVE('',#8061,#8035,#8063,.F.);
#6981=EDGE_CURVE('',#8041,#8064,#8065,.T.);
#6982=EDGE_CURVE('',#8066,#8040,#8067,.T.);
#6983=EDGE_CURVE('',#8064,#8066,#8068,.T.);
#6984=EDGE_CURVE('',#8037,#8069,#8070,.T.);
#6985=EDGE_CURVE('',#8069,#8071,#8072,.T.);
#6986=EDGE_CURVE('',#8071,#8073,#8074,.T.);
#6987=EDGE_CURVE('',#8073,#8075,#8076,.T.);
#6988=EDGE_CURVE('',#8075,#8027,#8077,.T.);
#6989=EDGE_CURVE('',#8075,#8055,#8078,.T.);
#6990=EDGE_CURVE('',#8069,#8061,#8079,.T.);
#6991=EDGE_CURVE('',#8064,#8050,#8080,.T.);
#6992=EDGE_CURVE('',#8066,#8051,#8081,.T.);
#6993=EDGE_CURVE('',#8082,#8082,#8083,.F.);
#6994=EDGE_CURVE('',#8073,#8057,#8084,.T.);
#6995=EDGE_CURVE('',#8071,#8059,#8085,.T.);
#6996=EDGE_CURVE('',#8086,#8086,#8087,.T.);
#6997=EDGE_CURVE('',#8088,#8088,#8089,.T.);
#6998=EDGE_CURVE('',#8090,#8091,#8092,.T.);
#6999=EDGE_CURVE('',#8093,#8090,#8094,.T.);
#7000=EDGE_CURVE('',#8095,#8093,#8096,.T.);
#7001=EDGE_CURVE('',#8097,#8095,#8098,.T.);
#7002=EDGE_CURVE('',#8099,#8097,#8100,.T.);
#7003=EDGE_CURVE('',#8101,#8099,#8102,.T.);
#7004=EDGE_CURVE('',#8101,#8103,#8104,.T.);
#7005=EDGE_CURVE('',#8105,#8103,#8106,.T.);
#7006=EDGE_CURVE('',#8107,#8105,#8108,.T.);
#7007=EDGE_CURVE('',#8091,#8107,#8109,.T.);
#7008=EDGE_CURVE('',#8110,#8110,#8111,.T.);
#7009=EDGE_CURVE('',#8112,#8113,#8114,.T.);
#7010=EDGE_CURVE('',#8113,#8115,#8116,.T.);
#7011=EDGE_CURVE('',#8115,#8117,#8118,.T.);
#7012=EDGE_CURVE('',#8117,#8119,#8120,.T.);
#7013=EDGE_CURVE('',#8119,#8121,#8122,.T.);
#7014=EDGE_CURVE('',#8121,#8123,#8124,.T.);
#7015=EDGE_CURVE('',#8123,#8125,#8126,.T.);
#7016=EDGE_CURVE('',#8125,#8127,#8128,.T.);
#7017=EDGE_CURVE('',#8127,#8129,#8130,.T.);
#7018=EDGE_CURVE('',#8129,#8112,#8131,.T.);
#7019=EDGE_CURVE('',#8132,#8132,#8133,.F.);
#7020=EDGE_CURVE('',#8091,#8112,#8134,.T.);
#7021=EDGE_CURVE('',#8090,#8129,#8135,.T.);
#7022=EDGE_CURVE('',#8093,#8127,#8136,.T.);
#7023=EDGE_CURVE('',#8095,#8125,#8137,.T.);
#7024=EDGE_CURVE('',#8097,#8123,#8138,.T.);
#7025=EDGE_CURVE('',#8099,#8121,#8139,.T.);
#7026=EDGE_CURVE('',#8119,#8101,#8140,.T.);
#7027=EDGE_CURVE('',#8103,#8117,#8141,.T.);
#7028=EDGE_CURVE('',#8105,#8115,#8142,.T.);
#7029=EDGE_CURVE('',#8107,#8113,#8143,.T.);
#7030=EDGE_CURVE('',#8144,#8145,#8146,.T.);
#7031=EDGE_CURVE('',#8144,#8119,#8147,.T.);
#7032=EDGE_CURVE('',#8117,#8145,#8148,.T.);
#7033=EDGE_CURVE('',#8149,#8150,#8151,.T.);
#7034=EDGE_CURVE('',#8103,#8150,#8152,.T.);
#7035=EDGE_CURVE('',#8149,#8101,#8153,.T.);
#7036=EDGE_CURVE('',#8154,#8149,#8155,.T.);
#7037=EDGE_CURVE('',#8149,#8144,#8156,.T.);
#7038=EDGE_CURVE('',#8157,#8144,#8158,.T.);
#7039=EDGE_CURVE('',#8157,#8154,#8159,.T.);
#7040=EDGE_CURVE('',#8145,#8160,#8161,.T.);
#7041=EDGE_CURVE('',#8160,#8157,#8162,.T.);
#7042=EDGE_CURVE('',#8150,#8163,#8164,.T.);
#7043=EDGE_CURVE('',#8163,#8160,#8165,.T.);
#7044=EDGE_CURVE('',#8150,#8145,#8166,.T.);
#7045=EDGE_CURVE('',#8154,#8163,#8167,.T.);
#7046=EDGE_CURVE('',#8168,#8169,#8170,.T.);
#7047=EDGE_CURVE('',#8168,#8157,#8171,.T.);
#7048=EDGE_CURVE('',#8160,#8169,#8172,.T.);
#7049=EDGE_CURVE('',#8173,#8174,#8175,.T.);
#7050=EDGE_CURVE('',#8163,#8174,#8176,.T.);
#7051=EDGE_CURVE('',#8173,#8154,#8177,.T.);
#7052=EDGE_CURVE('',#8178,#8173,#8179,.T.);
#7053=EDGE_CURVE('',#8173,#8168,#8180,.T.);
#7054=EDGE_CURVE('',#8181,#8168,#8182,.T.);
#7055=EDGE_CURVE('',#8181,#8178,#8183,.T.);
#7056=EDGE_CURVE('',#8169,#8184,#8185,.T.);
#7057=EDGE_CURVE('',#8184,#8181,#8186,.T.);
#7058=EDGE_CURVE('',#8174,#8187,#8188,.T.);
#7059=EDGE_CURVE('',#8187,#8184,#8189,.T.);
#7060=EDGE_CURVE('',#8174,#8169,#8190,.T.);
#7061=EDGE_CURVE('',#8178,#8187,#8191,.T.);
#7062=EDGE_CURVE('',#8192,#8193,#8194,.T.);
#7063=EDGE_CURVE('',#8192,#8181,#8195,.T.);
#7064=EDGE_CURVE('',#8184,#8193,#8196,.T.);
#7065=EDGE_CURVE('',#8197,#8198,#8199,.T.);
#7066=EDGE_CURVE('',#8187,#8198,#8200,.T.);
#7067=EDGE_CURVE('',#8197,#8178,#8201,.T.);
#7068=EDGE_CURVE('',#8202,#8203,#8204,.T.);
#7069=EDGE_CURVE('',#8202,#8197,#8205,.T.);
#7070=EDGE_CURVE('',#8197,#8192,#8206,.T.);
#7071=EDGE_CURVE('',#8203,#8192,#8207,.T.);
#7072=EDGE_CURVE('',#8208,#8209,#8210,.F.);
#7073=EDGE_CURVE('',#8208,#8211,#8212,.T.);
#7074=EDGE_CURVE('',#8203,#8211,#8213,.F.);
#7075=EDGE_CURVE('',#8193,#8209,#8214,.T.);
#7076=EDGE_CURVE('',#8215,#8209,#8216,.T.);
#7077=EDGE_CURVE('',#8198,#8193,#8217,.T.);
#7078=EDGE_CURVE('',#8198,#8215,#8218,.T.);
#7079=EDGE_CURVE('',#8215,#8219,#8220,.F.);
#7080=EDGE_CURVE('',#8221,#8202,#8222,.F.);
#7081=EDGE_CURVE('',#8219,#8221,#8223,.T.);
#7082=EDGE_CURVE('',#8219,#8208,#8224,.T.);
#7083=EDGE_CURVE('',#8221,#8211,#8225,.T.);
#7084=EDGE_CURVE('',#8226,#8227,#8228,.F.);
#7085=EDGE_CURVE('',#8226,#8227,#8229,.T.);
#7086=EDGE_CURVE('',#8230,#8231,#8232,.F.);
#7087=EDGE_CURVE('',#8230,#8231,#8233,.T.);
#7088=EDGE_CURVE('',#8234,#8226,#8235,.F.);
#7089=EDGE_CURVE('',#8227,#8236,#8237,.T.);
#7090=EDGE_CURVE('',#8234,#8236,#8238,.T.);
#7091=EDGE_CURVE('',#8231,#8239,#8240,.T.);
#7092=EDGE_CURVE('',#8241,#8239,#8242,.T.);
#7093=EDGE_CURVE('',#8243,#8241,#8244,.T.);
#7094=EDGE_CURVE('',#8243,#8230,#8245,.F.);
#7095=EDGE_CURVE('',#8236,#8246,#8247,.T.);
#7096=EDGE_CURVE('',#8246,#8248,#8249,.T.);
#7097=EDGE_CURVE('',#8248,#8243,#8250,.F.);
#7098=EDGE_CURVE('',#8239,#8251,#8252,.T.);
#7099=EDGE_CURVE('',#8251,#8253,#8254,.T.);
#7100=EDGE_CURVE('',#8253,#8234,#8255,.F.);
#7101=EDGE_CURVE('',#8256,#8256,#8257,.T.);
#7102=EDGE_CURVE('',#8251,#8248,#8258,.T.);
#7103=EDGE_CURVE('',#8246,#8253,#8259,.T.);
#7104=EDGE_CURVE('',#8260,#8260,#8261,.T.);
#7105=EDGE_CURVE('',#8262,#8262,#8263,.T.);
#7106=EDGE_CURVE('',#8264,#8264,#8265,.T.);
#7107=EDGE_CURVE('',#8266,#8266,#8267,.T.);
#7108=VERTEX_POINT('',#8268);
#7109=VERTEX_POINT('',#8269);
#7110=LINE('',#8270,#8271);
#7111=VERTEX_POINT('',#8273);
#7112=LINE('',#8274,#8275);
#7113=VERTEX_POINT('',#8277);
#7114=LINE('',#8278,#8279);
#7115=VERTEX_POINT('',#8281);
#7116=LINE('',#8282,#8283);
#7117=VERTEX_POINT('',#8285);
#7118=LINE('',#8286,#8287);
#7119=VERTEX_POINT('',#8289);
#7120=LINE('',#8290,#8291);
#7121=VERTEX_POINT('',#8293);
#7122=LINE('',#8294,#8295);
#7123=VERTEX_POINT('',#8297);
#7124=LINE('',#8298,#8299);
#7125=VERTEX_POINT('',#8301);
#7126=LINE('',#8302,#8303);
#7127=VERTEX_POINT('',#8305);
#7128=LINE('',#8306,#8307);
#7129=CIRCLE('',#8309,0.25);
#7130=VERTEX_POINT('',#8313);
#7131=VERTEX_POINT('',#8314);
#7132=LINE('',#8315,#8316);
#7133=VERTEX_POINT('',#8318);
#7134=CIRCLE('',#8319,0.25);
#7135=VERTEX_POINT('',#8323);
#7136=LINE('',#8324,#8325);
#7137=VERTEX_POINT('',#8327);
#7138=LINE('',#8328,#8329);
#7139=VERTEX_POINT('',#8331);
#7140=LINE('',#8332,#8333);
#7141=VERTEX_POINT('',#8335);
#7142=LINE('',#8336,#8337);
#7143=VERTEX_POINT('',#8339);
#7144=LINE('',#8340,#8341);
#7145=VERTEX_POINT('',#8343);
#7146=LINE('',#8344,#8345);
#7147=VERTEX_POINT('',#8347);
#7148=LINE('',#8348,#8349);
#7149=VERTEX_POINT('',#8351);
#7150=LINE('',#8352,#8353);
#7151=LINE('',#8355,#8356);
#7152=VERTEX_POINT('',#8358);
#7153=VERTEX_POINT('',#8359);
#7154=LINE('',#8360,#8361);
#7155=VERTEX_POINT('',#8363);
#7156=LINE('',#8364,#8365);
#7157=VERTEX_POINT('',#8367);
#7158=LINE('',#8368,#8369);
#7159=VERTEX_POINT('',#8371);
#7160=LINE('',#8372,#8373);
#7161=VERTEX_POINT('',#8375);
#7162=LINE('',#8376,#8377);
#7163=VERTEX_POINT('',#8379);
#7164=LINE('',#8380,#8381);
#7165=VERTEX_POINT('',#8383);
#7166=LINE('',#8384,#8385);
#7167=VERTEX_POINT('',#8387);
#7168=LINE('',#8388,#8389);
#7169=VERTEX_POINT('',#8391);
#7170=LINE('',#8392,#8393);
#7171=VERTEX_POINT('',#8395);
#7172=LINE('',#8396,#8397);
#7173=CIRCLE('',#8399,0.25);
#7174=VERTEX_POINT('',#8403);
#7175=VERTEX_POINT('',#8404);
#7176=LINE('',#8405,#8406);
#7177=VERTEX_POINT('',#8408);
#7178=CIRCLE('',#8409,0.25);
#7179=VERTEX_POINT('',#8413);
#7180=LINE('',#8414,#8415);
#7181=VERTEX_POINT('',#8417);
#7182=LINE('',#8418,#8419);
#7183=VERTEX_POINT('',#8421);
#7184=LINE('',#8422,#8423);
#7185=VERTEX_POINT('',#8425);
#7186=LINE('',#8426,#8427);
#7187=VERTEX_POINT('',#8429);
#7188=LINE('',#8430,#8431);
#7189=VERTEX_POINT('',#8433);
#7190=LINE('',#8434,#8435);
#7191=VERTEX_POINT('',#8437);
#7192=LINE('',#8438,#8439);
#7193=VERTEX_POINT('',#8441);
#7194=LINE('',#8442,#8443);
#7195=LINE('',#8445,#8446);
#7196=LINE('',#8448,#8449);
#7197=LINE('',#8451,#8452);
#7198=LINE('',#8454,#8455);
#7199=LINE('',#8457,#8458);
#7200=LINE('',#8460,#8461);
#7201=LINE('',#8463,#8464);
#7202=LINE('',#8466,#8467);
#7203=LINE('',#8469,#8470);
#7204=CIRCLE('',#8472,2.7);
#7205=VERTEX_POINT('',#8476);
#7206=LINE('',#8477,#8478);
#7207=VERTEX_POINT('',#8480);
#7208=LINE('',#8481,#8482);
#7209=VERTEX_POINT('',#8484);
#7210=CIRCLE('',#8485,2.7);
#7211=VERTEX_POINT('',#8489);
#7212=LINE('',#8490,#8491);
#7213=VERTEX_POINT('',#8493);
#7214=LINE('',#8494,#8495);
#7215=VERTEX_POINT('',#8497);
#7216=LINE('',#8498,#8499);
#7217=VERTEX_POINT('',#8501);
#7218=CIRCLE('',#8502,2.7);
#7219=VERTEX_POINT('',#8506);
#7220=LINE('',#8507,#8508);
#7221=VERTEX_POINT('',#8510);
#7222=LINE('',#8511,#8512);
#7223=VERTEX_POINT('',#8514);
#7224=LINE('',#8515,#8516);
#7225=VERTEX_POINT('',#8518);
#7226=LINE('',#8519,#8520);
#7227=VERTEX_POINT('',#8522);
#7228=LINE('',#8523,#8524);
#7229=VERTEX_POINT('',#8526);
#7230=LINE('',#8527,#8528);
#7231=VERTEX_POINT('',#8530);
#7232=LINE('',#8531,#8532);
#7233=VERTEX_POINT('',#8534);
#7234=LINE('',#8535,#8536);
#7235=VERTEX_POINT('',#8538);
#7236=LINE('',#8539,#8540);
#7237=VERTEX_POINT('',#8542);
#7238=CIRCLE('',#8543,0.5);
#7239=VERTEX_POINT('',#8547);
#7240=LINE('',#8548,#8549);
#7241=VERTEX_POINT('',#8551);
#7242=LINE('',#8552,#8553);
#7243=VERTEX_POINT('',#8555);
#7244=LINE('',#8556,#8557);
#7245=VERTEX_POINT('',#8559);
#7246=CIRCLE('',#8560,0.5);
#7247=VERTEX_POINT('',#8564);
#7248=LINE('',#8565,#8566);
#7249=VERTEX_POINT('',#8568);
#7250=LINE('',#8569,#8570);
#7251=VERTEX_POINT('',#8572);
#7252=LINE('',#8573,#8574);
#7253=VERTEX_POINT('',#8576);
#7254=LINE('',#8577,#8578);
#7255=VERTEX_POINT('',#8580);
#7256=LINE('',#8581,#8582);
#7257=VERTEX_POINT('',#8584);
#7258=LINE('',#8585,#8586);
#7259=VERTEX_POINT('',#8588);
#7260=LINE('',#8589,#8590);
#7261=VERTEX_POINT('',#8592);
#7262=CIRCLE('',#8593,2.7);
#7263=VERTEX_POINT('',#8597);
#7264=LINE('',#8598,#8599);
#7265=LINE('',#8601,#8602);
#7266=CIRCLE('',#8604,2.7);
#7267=LINE('',#8608,#8609);
#7268=VERTEX_POINT('',#8611);
#7269=CIRCLE('',#8612,2.);
#7270=VERTEX_POINT('',#8616);
#7271=CIRCLE('',#8617,2.);
#7272=VERTEX_POINT('',#8621);
#7273=CIRCLE('',#8622,2.);
#7274=VERTEX_POINT('',#8626);
#7275=CIRCLE('',#8627,2.);
#7276=VERTEX_POINT('',#8631);
#7277=CIRCLE('',#8632,2.);
#7278=VERTEX_POINT('',#8636);
#7279=CIRCLE('',#8637,0.5);
#7280=VERTEX_POINT('',#8641);
#7281=CIRCLE('',#8642,0.5);
#7282=VERTEX_POINT('',#8646);
#7283=CIRCLE('',#8647,0.5);
#7284=VERTEX_POINT('',#8651);
#7285=CIRCLE('',#8652,0.5);
#7286=CIRCLE('',#8656,2.7);
#7287=VERTEX_POINT('',#8660);
#7288=LINE('',#8661,#8662);
#7289=VERTEX_POINT('',#8664);
#7290=LINE('',#8665,#8666);
#7291=VERTEX_POINT('',#8668);
#7292=CIRCLE('',#8669,0.95);
#7293=VERTEX_POINT('',#8673);
#7294=LINE('',#8674,#8675);
#7295=LINE('',#8677,#8678);
#7296=VERTEX_POINT('',#8680);
#7297=LINE('',#8681,#8682);
#7298=VERTEX_POINT('',#8684);
#7299=LINE('',#8685,#8686);
#7300=VERTEX_POINT('',#8688);
#7301=LINE('',#8689,#8690);
#7302=VERTEX_POINT('',#8692);
#7303=LINE('',#8693,#8694);
#7304=VERTEX_POINT('',#8696);
#7305=LINE('',#8697,#8698);
#7306=VERTEX_POINT('',#8700);
#7307=LINE('',#8701,#8702);
#7308=VERTEX_POINT('',#8704);
#7309=LINE('',#8705,#8706);
#7310=VERTEX_POINT('',#8708);
#7311=LINE('',#8709,#8710);
#7312=LINE('',#8712,#8713);
#7313=LINE('',#8715,#8716);
#7314=VERTEX_POINT('',#8718);
#7315=LINE('',#8719,#8720);
#7316=VERTEX_POINT('',#8722);
#7317=LINE('',#8723,#8724);
#7318=VERTEX_POINT('',#8726);
#7319=LINE('',#8727,#8728);
#7320=VERTEX_POINT('',#8730);
#7321=LINE('',#8731,#8732);
#7322=VERTEX_POINT('',#8734);
#7323=LINE('',#8735,#8736);
#7324=VERTEX_POINT('',#8738);
#7325=LINE('',#8739,#8740);
#7326=LINE('',#8742,#8743);
#7327=VERTEX_POINT('',#8745);
#7328=LINE('',#8746,#8747);
#7329=VERTEX_POINT('',#8749);
#7330=LINE('',#8750,#8751);
#7331=VERTEX_POINT('',#8753);
#7332=LINE('',#8754,#8755);
#7333=VERTEX_POINT('',#8757);
#7334=LINE('',#8758,#8759);
#7335=VERTEX_POINT('',#8761);
#7336=LINE('',#8762,#8763);
#7337=VERTEX_POINT('',#8765);
#7338=LINE('',#8766,#8767);
#7339=VERTEX_POINT('',#8769);
#7340=LINE('',#8770,#8771);
#7341=VERTEX_POINT('',#8773);
#7342=LINE('',#8774,#8775);
#7343=VERTEX_POINT('',#8777);
#7344=LINE('',#8778,#8779);
#7345=VERTEX_POINT('',#8781);
#7346=LINE('',#8782,#8783);
#7347=VERTEX_POINT('',#8785);
#7348=LINE('',#8786,#8787);
#7349=VERTEX_POINT('',#8789);
#7350=LINE('',#8790,#8791);
#7351=VERTEX_POINT('',#8793);
#7352=LINE('',#8794,#8795);
#7353=VERTEX_POINT('',#8797);
#7354=LINE('',#8798,#8799);
#7355=VERTEX_POINT('',#8801);
#7356=LINE('',#8802,#8803);
#7357=VERTEX_POINT('',#8805);
#7358=LINE('',#8806,#8807);
#7359=VERTEX_POINT('',#8809);
#7360=LINE('',#8810,#8811);
#7361=VERTEX_POINT('',#8813);
#7362=LINE('',#8814,#8815);
#7363=VERTEX_POINT('',#8817);
#7364=LINE('',#8818,#8819);
#7365=VERTEX_POINT('',#8821);
#7366=LINE('',#8822,#8823);
#7367=VERTEX_POINT('',#8825);
#7368=LINE('',#8826,#8827);
#7369=VERTEX_POINT('',#8829);
#7370=LINE('',#8830,#8831);
#7371=VERTEX_POINT('',#8833);
#7372=LINE('',#8834,#8835);
#7373=VERTEX_POINT('',#8837);
#7374=LINE('',#8838,#8839);
#7375=VERTEX_POINT('',#8841);
#7376=LINE('',#8842,#8843);
#7377=VERTEX_POINT('',#8845);
#7378=LINE('',#8846,#8847);
#7379=VERTEX_POINT('',#8849);
#7380=LINE('',#8850,#8851);
#7381=VERTEX_POINT('',#8853);
#7382=LINE('',#8854,#8855);
#7383=VERTEX_POINT('',#8857);
#7384=LINE('',#8858,#8859);
#7385=VERTEX_POINT('',#8861);
#7386=LINE('',#8862,#8863);
#7387=VERTEX_POINT('',#8865);
#7388=LINE('',#8866,#8867);
#7389=VERTEX_POINT('',#8869);
#7390=LINE('',#8870,#8871);
#7391=VERTEX_POINT('',#8873);
#7392=LINE('',#8874,#8875);
#7393=VERTEX_POINT('',#8877);
#7394=LINE('',#8878,#8879);
#7395=VERTEX_POINT('',#8881);
#7396=LINE('',#8882,#8883);
#7397=VERTEX_POINT('',#8885);
#7398=LINE('',#8886,#8887);
#7399=VERTEX_POINT('',#8889);
#7400=LINE('',#8890,#8891);
#7401=VERTEX_POINT('',#8893);
#7402=LINE('',#8894,#8895);
#7403=VERTEX_POINT('',#8897);
#7404=LINE('',#8898,#8899);
#7405=VERTEX_POINT('',#8901);
#7406=LINE('',#8902,#8903);
#7407=LINE('',#8905,#8906);
#7408=LINE('',#8908,#8909);
#7409=LINE('',#8911,#8912);
#7410=VERTEX_POINT('',#8914);
#7411=CIRCLE('',#8915,0.25);
#7412=LINE('',#8919,#8920);
#7413=VERTEX_POINT('',#8922);
#7414=LINE('',#8923,#8924);
#7415=LINE('',#8926,#8927);
#7416=LINE('',#8929,#8930);
#7417=CIRCLE('',#8932,2.7);
#7418=VERTEX_POINT('',#8936);
#7419=LINE('',#8937,#8938);
#7420=VERTEX_POINT('',#8940);
#7421=CIRCLE('',#8941,0.95);
#7422=LINE('',#8945,#8946);
#7423=VERTEX_POINT('',#8948);
#7424=LINE('',#8949,#8950);
#7425=LINE('',#8952,#8953);
#7426=VERTEX_POINT('',#8955);
#7427=LINE('',#8956,#8957);
#7428=LINE('',#8959,#8960);
#7429=CIRCLE('',#8962,0.25);
#7430=VERTEX_POINT('',#8966);
#7431=LINE('',#8967,#8968);
#7432=VERTEX_POINT('',#8970);
#7433=LINE('',#8971,#8972);
#7434=VERTEX_POINT('',#8974);
#7435=LINE('',#8975,#8976);
#7436=VERTEX_POINT('',#8978);
#7437=LINE('',#8979,#8980);
#7438=VERTEX_POINT('',#8982);
#7439=LINE('',#8983,#8984);
#7440=LINE('',#8986,#8987);
#7441=VERTEX_POINT('',#8989);
#7442=CIRCLE('',#8990,2.7);
#7443=LINE('',#8994,#8995);
#7444=VERTEX_POINT('',#8997);
#7445=VERTEX_POINT('',#8998);
#7446=LINE('',#8999,#9000);
#7447=CIRCLE('',#9002,0.25);
#7448=VERTEX_POINT('',#9006);
#7449=LINE('',#9007,#9008);
#7450=VERTEX_POINT('',#9010);
#7451=LINE('',#9011,#9012);
#7452=VERTEX_POINT('',#9014);
#7453=LINE('',#9015,#9016);
#7454=VERTEX_POINT('',#9018);
#7455=LINE('',#9019,#9020);
#7456=LINE('',#9022,#9023);
#7457=LINE('',#9025,#9026);
#7458=VERTEX_POINT('',#9028);
#7459=LINE('',#9029,#9030);
#7460=CIRCLE('',#9032,0.25);
#7461=VERTEX_POINT('',#9036);
#7462=LINE('',#9037,#9038);
#7463=VERTEX_POINT('',#9040);
#7464=LINE('',#9041,#9042);
#7465=VERTEX_POINT('',#9044);
#7466=LINE('',#9045,#9046);
#7467=VERTEX_POINT('',#9048);
#7468=LINE('',#9049,#9050);
#7469=VERTEX_POINT('',#9052);
#7470=LINE('',#9053,#9054);
#7471=VERTEX_POINT('',#9056);
#7472=LINE('',#9057,#9058);
#7473=LINE('',#9060,#9061);
#7474=LINE('',#9063,#9064);
#7475=VERTEX_POINT('',#9066);
#7476=CIRCLE('',#9067,2.7);
#7477=LINE('',#9071,#9072);
#7478=VERTEX_POINT('',#9074);
#7479=LINE('',#9075,#9076);
#7480=VERTEX_POINT('',#9078);
#7481=LINE('',#9079,#9080);
#7482=LINE('',#9082,#9083);
#7483=VERTEX_POINT('',#9085);
#7484=LINE('',#9086,#9087);
#7485=LINE('',#9089,#9090);
#7486=VERTEX_POINT('',#9092);
#7487=LINE('',#9093,#9094);
#7488=LINE('',#9096,#9097);
#7489=VERTEX_POINT('',#9099);
#7490=LINE('',#9100,#9101);
#7491=VERTEX_POINT('',#9103);
#7492=LINE('',#9104,#9105);
#7493=CIRCLE('',#9107,0.25);
#7494=VERTEX_POINT('',#9111);
#7495=LINE('',#9112,#9113);
#7496=CIRCLE('',#9115,0.25);
#7497=VERTEX_POINT('',#9119);
#7498=LINE('',#9120,#9121);
#7499=VERTEX_POINT('',#9123);
#7500=LINE('',#9124,#9125);
#7501=LINE('',#9127,#9128);
#7502=VERTEX_POINT('',#9130);
#7503=CIRCLE('',#9131,0.25);
#7504=VERTEX_POINT('',#9135);
#7505=LINE('',#9136,#9137);
#7506=VERTEX_POINT('',#9139);
#7507=LINE('',#9140,#9141);
#7508=CIRCLE('',#9143,0.25);
#7509=VERTEX_POINT('',#9147);
#7510=LINE('',#9148,#9149);
#7511=VERTEX_POINT('',#9151);
#7512=LINE('',#9152,#9153);
#7513=LINE('',#9155,#9156);
#7514=VERTEX_POINT('',#9158);
#7515=LINE('',#9159,#9160);
#7516=LINE('',#9162,#9163);
#7517=VERTEX_POINT('',#9165);
#7518=LINE('',#9166,#9167);
#7519=LINE('',#9169,#9170);
#7520=VERTEX_POINT('',#9172);
#7521=LINE('',#9173,#9174);
#7522=LINE('',#9176,#9177);
#7523=LINE('',#9179,#9180);
#7524=CIRCLE('',#9182,0.5);
#7525=VERTEX_POINT('',#9186);
#7526=CIRCLE('',#9187,0.25);
#7527=LINE('',#9191,#9192);
#7528=VERTEX_POINT('',#9194);
#7529=LINE('',#9195,#9196);
#7530=VERTEX_POINT('',#9198);
#7531=LINE('',#9199,#9200);
#7532=LINE('',#9202,#9203);
#7533=VERTEX_POINT('',#9205);
#7534=LINE('',#9206,#9207);
#7535=VERTEX_POINT('',#9209);
#7536=LINE('',#9210,#9211);
#7537=CIRCLE('',#9213,0.25);
#7538=VERTEX_POINT('',#9217);
#7539=LINE('',#9218,#9219);
#7540=VERTEX_POINT('',#9221);
#7541=LINE('',#9222,#9223);
#7542=CIRCLE('',#9225,0.25);
#7543=VERTEX_POINT('',#9229);
#7544=LINE('',#9230,#9231);
#7545=VERTEX_POINT('',#9233);
#7546=LINE('',#9234,#9235);
#7547=LINE('',#9237,#9238);
#7548=CIRCLE('',#9240,0.5);
#7549=VERTEX_POINT('',#9244);
#7550=LINE('',#9245,#9246);
#7551=LINE('',#9248,#9249);
#7552=VERTEX_POINT('',#9251);
#7553=LINE('',#9252,#9253);
#7554=LINE('',#9255,#9256);
#7555=LINE('',#9258,#9259);
#7556=VERTEX_POINT('',#9261);
#7557=CIRCLE('',#9262,0.25);
#7558=LINE('',#9266,#9267);
#7559=VERTEX_POINT('',#9269);
#7560=LINE('',#9270,#9271);
#7561=VERTEX_POINT('',#9273);
#7562=LINE('',#9274,#9275);
#7563=VERTEX_POINT('',#9277);
#7564=LINE('',#9278,#9279);
#7565=VERTEX_POINT('',#9281);
#7566=LINE('',#9282,#9283);
#7567=VERTEX_POINT('',#9285);
#7568=LINE('',#9286,#9287);
#7569=VERTEX_POINT('',#9289);
#7570=LINE('',#9290,#9291);
#7571=LINE('',#9293,#9294);
#7572=LINE('',#9296,#9297);
#7573=VERTEX_POINT('',#9299);
#7574=CIRCLE('',#9300,2.7);
#7575=LINE('',#9304,#9305);
#7576=VERTEX_POINT('',#9307);
#7577=LINE('',#9308,#9309);
#7578=VERTEX_POINT('',#9311);
#7579=LINE('',#9312,#9313);
#7580=VERTEX_POINT('',#9315);
#7581=LINE('',#9316,#9317);
#7582=VERTEX_POINT('',#9319);
#7583=LINE('',#9320,#9321);
#7584=LINE('',#9323,#9324);
#7585=VERTEX_POINT('',#9326);
#7586=CIRCLE('',#9327,2.);
#7587=VERTEX_POINT('',#9331);
#7588=CIRCLE('',#9332,2.);
#7589=VERTEX_POINT('',#9336);
#7590=CIRCLE('',#9337,2.);
#7591=VERTEX_POINT('',#9341);
#7592=CIRCLE('',#9342,2.);
#7593=VERTEX_POINT('',#9346);
#7594=CIRCLE('',#9347,2.);
#7595=VERTEX_POINT('',#9351);
#7596=CIRCLE('',#9352,0.5);
#7597=VERTEX_POINT('',#9356);
#7598=CIRCLE('',#9357,0.5);
#7599=VERTEX_POINT('',#9361);
#7600=CIRCLE('',#9362,0.5);
#7601=VERTEX_POINT('',#9366);
#7602=CIRCLE('',#9367,0.5);
#7603=VERTEX_POINT('',#9371);
#7604=LINE('',#9372,#9373);
#7605=LINE('',#9375,#9376);
#7606=VERTEX_POINT('',#9378);
#7607=CIRCLE('',#9379,0.95);
#7608=LINE('',#9383,#9384);
#7609=LINE('',#9386,#9387);
#7610=VERTEX_POINT('',#9389);
#7611=LINE('',#9390,#9391);
#7612=LINE('',#9393,#9394);
#7613=VERTEX_POINT('',#9396);
#7614=CIRCLE('',#9397,0.95);
#7615=LINE('',#9401,#9402);
#7616=VERTEX_POINT('',#9404);
#7617=LINE('',#9405,#9406);
#7618=VERTEX_POINT('',#9408);
#7619=LINE('',#9409,#9410);
#7620=VERTEX_POINT('',#9412);
#7621=LINE('',#9413,#9414);
#7622=VERTEX_POINT('',#9416);
#7623=LINE('',#9417,#9418);
#7624=VERTEX_POINT('',#9420);
#7625=LINE('',#9421,#9422);
#7626=VERTEX_POINT('',#9424);
#7627=LINE('',#9425,#9426);
#7628=VERTEX_POINT('',#9428);
#7629=LINE('',#9429,#9430);
#7630=VERTEX_POINT('',#9432);
#7631=LINE('',#9433,#9434);
#7632=LINE('',#9436,#9437);
#7633=VERTEX_POINT('',#9439);
#7634=LINE('',#9440,#9441);
#7635=LINE('',#9443,#9444);
#7636=VERTEX_POINT('',#9446);
#7637=LINE('',#9447,#9448);
#7638=VERTEX_POINT('',#9450);
#7639=LINE('',#9451,#9452);
#7640=VERTEX_POINT('',#9454);
#7641=LINE('',#9455,#9456);
#7642=VERTEX_POINT('',#9458);
#7643=LINE('',#9459,#9460);
#7644=VERTEX_POINT('',#9462);
#7645=LINE('',#9463,#9464);
#7646=VERTEX_POINT('',#9466);
#7647=LINE('',#9467,#9468);
#7648=VERTEX_POINT('',#9470);
#7649=LINE('',#9471,#9472);
#7650=LINE('',#9474,#9475);
#7651=VERTEX_POINT('',#9477);
#7652=CIRCLE('',#9478,1.5);
#7653=LINE('',#9482,#9483);
#7654=LINE('',#9485,#9486);
#7655=VERTEX_POINT('',#9488);
#7656=LINE('',#9489,#9490);
#7657=VERTEX_POINT('',#9492);
#7658=LINE('',#9493,#9494);
#7659=VERTEX_POINT('',#9496);
#7660=LINE('',#9497,#9498);
#7661=VERTEX_POINT('',#9500);
#7662=LINE('',#9501,#9502);
#7663=VERTEX_POINT('',#9504);
#7664=LINE('',#9505,#9506);
#7665=VERTEX_POINT('',#9508);
#7666=LINE('',#9509,#9510);
#7667=VERTEX_POINT('',#9512);
#7668=LINE('',#9513,#9514);
#7669=VERTEX_POINT('',#9516);
#7670=LINE('',#9517,#9518);
#7671=LINE('',#9520,#9521);
#7672=VERTEX_POINT('',#9523);
#7673=LINE('',#9524,#9525);
#7674=LINE('',#9527,#9528);
#7675=VERTEX_POINT('',#9530);
#7676=LINE('',#9531,#9532);
#7677=VERTEX_POINT('',#9534);
#7678=LINE('',#9535,#9536);
#7679=VERTEX_POINT('',#9538);
#7680=LINE('',#9539,#9540);
#7681=VERTEX_POINT('',#9542);
#7682=LINE('',#9543,#9544);
#7683=VERTEX_POINT('',#9546);
#7684=LINE('',#9547,#9548);
#7685=VERTEX_POINT('',#9550);
#7686=LINE('',#9551,#9552);
#7687=VERTEX_POINT('',#9554);
#7688=LINE('',#9555,#9556);
#7689=LINE('',#9558,#9559);
#7690=VERTEX_POINT('',#9561);
#7691=CIRCLE('',#9562,1.5);
#7692=LINE('',#9566,#9567);
#7693=VERTEX_POINT('',#9569);
#7694=LINE('',#9570,#9571);
#7695=LINE('',#9573,#9574);
#7696=VERTEX_POINT('',#9576);
#7697=LINE('',#9577,#9578);
#7698=CIRCLE('',#9580,0.95);
#7699=VERTEX_POINT('',#9584);
#7700=LINE('',#9585,#9586);
#7701=LINE('',#9588,#9589);
#7702=VERTEX_POINT('',#9591);
#7703=CIRCLE('',#9592,0.95);
#7704=LINE('',#9596,#9597);
#7705=VERTEX_POINT('',#9599);
#7706=LINE('',#9600,#9601);
#7707=VERTEX_POINT('',#9603);
#7708=LINE('',#9604,#9605);
#7709=VERTEX_POINT('',#9607);
#7710=LINE('',#9608,#9609);
#7711=VERTEX_POINT('',#9611);
#7712=LINE('',#9612,#9613);
#7713=VERTEX_POINT('',#9615);
#7714=LINE('',#9616,#9617);
#7715=VERTEX_POINT('',#9619);
#7716=LINE('',#9620,#9621);
#7717=VERTEX_POINT('',#9623);
#7718=LINE('',#9624,#9625);
#7719=VERTEX_POINT('',#9627);
#7720=LINE('',#9628,#9629);
#7721=LINE('',#9631,#9632);
#7722=VERTEX_POINT('',#9634);
#7723=LINE('',#9635,#9636);
#7724=LINE('',#9638,#9639);
#7725=VERTEX_POINT('',#9641);
#7726=LINE('',#9642,#9643);
#7727=VERTEX_POINT('',#9645);
#7728=LINE('',#9646,#9647);
#7729=VERTEX_POINT('',#9649);
#7730=LINE('',#9650,#9651);
#7731=VERTEX_POINT('',#9653);
#7732=LINE('',#9654,#9655);
#7733=VERTEX_POINT('',#9657);
#7734=LINE('',#9658,#9659);
#7735=VERTEX_POINT('',#9661);
#7736=LINE('',#9662,#9663);
#7737=VERTEX_POINT('',#9665);
#7738=LINE('',#9666,#9667);
#7739=LINE('',#9669,#9670);
#7740=VERTEX_POINT('',#9672);
#7741=CIRCLE('',#9673,1.5);
#7742=LINE('',#9677,#9678);
#7743=LINE('',#9680,#9681);
#7744=LINE('',#9683,#9684);
#7745=LINE('',#9686,#9687);
#7746=LINE('',#9689,#9690);
#7747=LINE('',#9692,#9693);
#7748=VERTEX_POINT('',#9695);
#7749=LINE('',#9696,#9697);
#7750=VERTEX_POINT('',#9699);
#7751=CIRCLE('',#9700,0.95);
#7752=LINE('',#9704,#9705);
#7753=VERTEX_POINT('',#9707);
#7754=LINE('',#9708,#9709);
#7755=LINE('',#9711,#9712);
#7756=VERTEX_POINT('',#9714);
#7757=CIRCLE('',#9715,0.95);
#7758=LINE('',#9719,#9720);
#7759=VERTEX_POINT('',#9722);
#7760=LINE('',#9723,#9724);
#7761=VERTEX_POINT('',#9726);
#7762=LINE('',#9727,#9728);
#7763=VERTEX_POINT('',#9730);
#7764=LINE('',#9731,#9732);
#7765=VERTEX_POINT('',#9734);
#7766=LINE('',#9735,#9736);
#7767=VERTEX_POINT('',#9738);
#7768=LINE('',#9739,#9740);
#7769=VERTEX_POINT('',#9742);
#7770=LINE('',#9743,#9744);
#7771=VERTEX_POINT('',#9746);
#7772=LINE('',#9747,#9748);
#7773=VERTEX_POINT('',#9750);
#7774=LINE('',#9751,#9752);
#7775=LINE('',#9754,#9755);
#7776=VERTEX_POINT('',#9757);
#7777=LINE('',#9758,#9759);
#7778=LINE('',#9761,#9762);
#7779=VERTEX_POINT('',#9764);
#7780=LINE('',#9765,#9766);
#7781=VERTEX_POINT('',#9768);
#7782=LINE('',#9769,#9770);
#7783=VERTEX_POINT('',#9772);
#7784=LINE('',#9773,#9774);
#7785=VERTEX_POINT('',#9776);
#7786=LINE('',#9777,#9778);
#7787=VERTEX_POINT('',#9780);
#7788=LINE('',#9781,#9782);
#7789=VERTEX_POINT('',#9784);
#7790=LINE('',#9785,#9786);
#7791=VERTEX_POINT('',#9788);
#7792=LINE('',#9789,#9790);
#7793=LINE('',#9792,#9793);
#7794=VERTEX_POINT('',#9795);
#7795=CIRCLE('',#9796,1.5);
#7796=LINE('',#9800,#9801);
#7797=LINE('',#9803,#9804);
#7798=LINE('',#9806,#9807);
#7799=VERTEX_POINT('',#9809);
#7800=LINE('',#9810,#9811);
#7801=LINE('',#9813,#9814);
#7802=VERTEX_POINT('',#9816);
#7803=LINE('',#9817,#9818);
#7804=CIRCLE('',#9820,0.95);
#7805=VERTEX_POINT('',#9824);
#7806=LINE('',#9825,#9826);
#7807=LINE('',#9828,#9829);
#7808=VERTEX_POINT('',#9831);
#7809=CIRCLE('',#9832,0.95);
#7810=LINE('',#9836,#9837);
#7811=VERTEX_POINT('',#9839);
#7812=LINE('',#9840,#9841);
#7813=VERTEX_POINT('',#9843);
#7814=LINE('',#9844,#9845);
#7815=VERTEX_POINT('',#9847);
#7816=LINE('',#9848,#9849);
#7817=VERTEX_POINT('',#9851);
#7818=LINE('',#9852,#9853);
#7819=VERTEX_POINT('',#9855);
#7820=LINE('',#9856,#9857);
#7821=VERTEX_POINT('',#9859);
#7822=LINE('',#9860,#9861);
#7823=VERTEX_POINT('',#9863);
#7824=LINE('',#9864,#9865);
#7825=VERTEX_POINT('',#9867);
#7826=LINE('',#9868,#9869);
#7827=LINE('',#9871,#9872);
#7828=VERTEX_POINT('',#9874);
#7829=LINE('',#9875,#9876);
#7830=LINE('',#9878,#9879);
#7831=VERTEX_POINT('',#9881);
#7832=LINE('',#9882,#9883);
#7833=VERTEX_POINT('',#9885);
#7834=LINE('',#9886,#9887);
#7835=VERTEX_POINT('',#9889);
#7836=LINE('',#9890,#9891);
#7837=VERTEX_POINT('',#9893);
#7838=LINE('',#9894,#9895);
#7839=VERTEX_POINT('',#9897);
#7840=LINE('',#9898,#9899);
#7841=VERTEX_POINT('',#9901);
#7842=LINE('',#9902,#9903);
#7843=VERTEX_POINT('',#9905);
#7844=LINE('',#9906,#9907);
#7845=LINE('',#9909,#9910);
#7846=VERTEX_POINT('',#9912);
#7847=CIRCLE('',#9913,1.5);
#7848=LINE('',#9917,#9918);
#7849=LINE('',#9920,#9921);
#7850=LINE('',#9923,#9924);
#7851=LINE('',#9926,#9927);
#7852=LINE('',#9929,#9930);
#7853=LINE('',#9932,#9933);
#7854=LINE('',#9935,#9936);
#7855=LINE('',#9938,#9939);
#7856=LINE('',#9941,#9942);
#7857=LINE('',#9944,#9945);
#7858=LINE('',#9947,#9948);
#7859=LINE('',#9950,#9951);
#7860=VERTEX_POINT('',#9953);
#7861=CIRCLE('',#9954,2.);
#7862=VERTEX_POINT('',#9958);
#7863=CIRCLE('',#9959,2.);
#7864=VERTEX_POINT('',#9963);
#7865=CIRCLE('',#9964,2.);
#7866=VERTEX_POINT('',#9968);
#7867=CIRCLE('',#9969,2.);
#7868=VERTEX_POINT('',#9973);
#7869=CIRCLE('',#9974,2.);
#7870=VERTEX_POINT('',#9978);
#7871=LINE('',#9979,#9980);
#7872=VERTEX_POINT('',#9982);
#7873=LINE('',#9983,#9984);
#7874=VERTEX_POINT('',#9986);
#7875=LINE('',#9987,#9988);
#7876=VERTEX_POINT('',#9990);
#7877=LINE('',#9991,#9992);
#7878=LINE('',#9994,#9995);
#7879=LINE('',#9997,#9998);
#7880=LINE('',#10000,#10001);
#7881=VERTEX_POINT('',#10003);
#7882=LINE('',#10004,#10005);
#7883=VERTEX_POINT('',#10007);
#7884=LINE('',#10008,#10009);
#7885=LINE('',#10011,#10012);
#7886=LINE('',#10014,#10015);
#7887=VERTEX_POINT('',#10017);
#7888=LINE('',#10018,#10019);
#7889=LINE('',#10021,#10022);
#7890=LINE('',#10024,#10025);
#7891=VERTEX_POINT('',#10027);
#7892=LINE('',#10028,#10029);
#7893=LINE('',#10031,#10032);
#7894=LINE('',#10034,#10035);
#7895=LINE('',#10037,#10038);
#7896=VERTEX_POINT('',#10040);
#7897=CIRCLE('',#10041,1.5);
#7898=VERTEX_POINT('',#10045);
#7899=LINE('',#10046,#10047);
#7900=VERTEX_POINT('',#10049);
#7901=LINE('',#10050,#10051);
#7902=VERTEX_POINT('',#10053);
#7903=LINE('',#10054,#10055);
#7904=VERTEX_POINT('',#10057);
#7905=LINE('',#10058,#10059);
#7906=LINE('',#10061,#10062);
#7907=LINE('',#10064,#10065);
#7908=LINE('',#10067,#10068);
#7909=VERTEX_POINT('',#10070);
#7910=LINE('',#10071,#10072);
#7911=VERTEX_POINT('',#10074);
#7912=LINE('',#10075,#10076);
#7913=LINE('',#10078,#10079);
#7914=LINE('',#10081,#10082);
#7915=VERTEX_POINT('',#10084);
#7916=LINE('',#10085,#10086);
#7917=LINE('',#10088,#10089);
#7918=LINE('',#10091,#10092);
#7919=VERTEX_POINT('',#10094);
#7920=LINE('',#10095,#10096);
#7921=LINE('',#10098,#10099);
#7922=LINE('',#10101,#10102);
#7923=LINE('',#10104,#10105);
#7924=VERTEX_POINT('',#10107);
#7925=CIRCLE('',#10108,1.5);
#7926=VERTEX_POINT('',#10112);
#7927=LINE('',#10113,#10114);
#7928=VERTEX_POINT('',#10116);
#7929=LINE('',#10117,#10118);
#7930=VERTEX_POINT('',#10120);
#7931=LINE('',#10121,#10122);
#7932=VERTEX_POINT('',#10124);
#7933=LINE('',#10125,#10126);
#7934=LINE('',#10128,#10129);
#7935=LINE('',#10131,#10132);
#7936=LINE('',#10134,#10135);
#7937=VERTEX_POINT('',#10137);
#7938=LINE('',#10138,#10139);
#7939=VERTEX_POINT('',#10141);
#7940=LINE('',#10142,#10143);
#7941=LINE('',#10145,#10146);
#7942=LINE('',#10148,#10149);
#7943=VERTEX_POINT('',#10151);
#7944=LINE('',#10152,#10153);
#7945=LINE('',#10155,#10156);
#7946=LINE('',#10158,#10159);
#7947=VERTEX_POINT('',#10161);
#7948=LINE('',#10162,#10163);
#7949=LINE('',#10165,#10166);
#7950=LINE('',#10168,#10169);
#7951=LINE('',#10171,#10172);
#7952=VERTEX_POINT('',#10174);
#7953=CIRCLE('',#10175,1.5);
#7954=VERTEX_POINT('',#10179);
#7955=LINE('',#10180,#10181);
#7956=VERTEX_POINT('',#10183);
#7957=LINE('',#10184,#10185);
#7958=VERTEX_POINT('',#10187);
#7959=LINE('',#10188,#10189);
#7960=VERTEX_POINT('',#10191);
#7961=LINE('',#10192,#10193);
#7962=LINE('',#10195,#10196);
#7963=LINE('',#10198,#10199);
#7964=LINE('',#10201,#10202);
#7965=VERTEX_POINT('',#10204);
#7966=LINE('',#10205,#10206);
#7967=VERTEX_POINT('',#10208);
#7968=LINE('',#10209,#10210);
#7969=LINE('',#10212,#10213);
#7970=LINE('',#10215,#10216);
#7971=VERTEX_POINT('',#10218);
#7972=LINE('',#10219,#10220);
#7973=LINE('',#10222,#10223);
#7974=LINE('',#10225,#10226);
#7975=VERTEX_POINT('',#10228);
#7976=LINE('',#10229,#10230);
#7977=LINE('',#10232,#10233);
#7978=LINE('',#10235,#10236);
#7979=LINE('',#10238,#10239);
#7980=VERTEX_POINT('',#10241);
#7981=CIRCLE('',#10242,1.5);
#7982=VERTEX_POINT('',#10246);
#7983=LINE('',#10247,#10248);
#7984=VERTEX_POINT('',#10250);
#7985=LINE('',#10251,#10252);
#7986=VERTEX_POINT('',#10254);
#7987=LINE('',#10255,#10256);
#7988=VERTEX_POINT('',#10258);
#7989=LINE('',#10259,#10260);
#7990=LINE('',#10262,#10263);
#7991=LINE('',#10265,#10266);
#7992=LINE('',#10268,#10269);
#7993=VERTEX_POINT('',#10271);
#7994=LINE('',#10272,#10273);
#7995=VERTEX_POINT('',#10275);
#7996=LINE('',#10276,#10277);
#7997=LINE('',#10279,#10280);
#7998=LINE('',#10282,#10283);
#7999=VERTEX_POINT('',#10285);
#8000=LINE('',#10286,#10287);
#8001=LINE('',#10289,#10290);
#8002=LINE('',#10292,#10293);
#8003=VERTEX_POINT('',#10295);
#8004=LINE('',#10296,#10297);
#8005=LINE('',#10299,#10300);
#8006=LINE('',#10302,#10303);
#8007=LINE('',#10305,#10306);
#8008=VERTEX_POINT('',#10308);
#8009=CIRCLE('',#10309,1.5);
#8010=VERTEX_POINT('',#10313);
#8011=VERTEX_POINT('',#10314);
#8012=CIRCLE('',#10315,1.25);
#8013=VERTEX_POINT('',#10319);
#8014=LINE('',#10320,#10321);
#8015=VERTEX_POINT('',#10323);
#8016=LINE('',#10324,#10325);
#8017=LINE('',#10327,#10328);
#8018=VERTEX_POINT('',#10330);
#8019=VERTEX_POINT('',#10331);
#8020=CIRCLE('',#10332,1.25);
#8021=VERTEX_POINT('',#10336);
#8022=LINE('',#10337,#10338);
#8023=VERTEX_POINT('',#10340);
#8024=LINE('',#10341,#10342);
#8025=LINE('',#10344,#10345);
#8026=B_SPLINE_CURVE_WITH_KNOTS('',3,
(#10347,#10348,#10349,#10350,#10351,#10352,#10353,#10354,#10355,#10356,#10357,#10358,
#10359,#10360,#10361,#10362,#10363,#10364,#10365,#10366,#10367,#10368,#10369,#10370,
#10371,#10372,#10373,#10374,#10375,#10376,#10377,#10378,#10379,#10380,#10381,#10382,
#10383,#10384,#10385,#10386,#10387,#10388,#10389,#10390,#10391,#10392,#10393,#10394,
#10395,#10396,#10397,#10398,#10399,#10400,#10401,#10402,#10403,#10404,#10405,#10406,
#10407,#10408,#10409,#10410,#10411,#10412,#10413,#10414,#10415,#10416,#10417),
.UNSPECIFIED.,.F.,.F.,
(4,1,1,1,1,1,1,1,1,1,1,1,1,1,1,1,1,1,1,1,1,1,1,1,1,1,1,1,1,1,1,1,1,1,1,1,1,1,1,1,
1,1,1,1,1,1,1,1,1,1,1,1,1,1,1,1,1,1,1,1,1,1,1,1,1,1,1,1,4),
(0.,0.0101746249083784,0.0204554610212127,0.0308247660479074,0.0412857251702805,
0.05179401637883,0.0624003161576576,0.0730597271793817,0.0837888494470776,0.0945314411460049,
0.105394804474607,0.116361021053303,0.127519081077651,0.1387592732801,0.150247640863849,
0.161898355959996,0.173789948329672,0.185762256450472,0.199336416017687,0.214434843827206,
0.239378224509976,0.272484620518303,0.30538226635588,0.329750792813945,0.344202155411108,
0.357121004734662,0.368426518171235,0.379667020713565,0.390597296063578,0.40131009229963,
0.411619458247837,0.421783107592579,0.432438407469809,0.443772096040847,0.460916273405917,
0.482693511226243,0.506967661967668,0.525389422401644,0.538442863901197,0.54928416596333,
0.561106867926695,0.578672744358392,0.595853775459925,0.61263701913213,0.629121110816172,
0.653538283467568,0.689175877354599,0.729314919023943,0.763055070443174,0.787121005257661,
0.801990251547321,0.815500629543868,0.827614797782535,0.839686320612069,0.851584550235259,
0.863349724246438,0.874885823513246,0.88632948791679,0.897511629542235,0.908530053593039,
0.919315347099857,0.930038628658576,0.940539567400794,0.950883996682643,0.960981121571544,
0.970977484402624,0.980773036472302,0.990454294272401,1.),
.UNSPECIFIED.);
#8027=VERTEX_POINT('',#10418);
#8028=CIRCLE('',#10419,0.675);
#8029=VERTEX_POINT('',#10423);
#8030=LINE('',#10424,#10425);
#8031=CIRCLE('',#10427,0.675);
#8032=VERTEX_POINT('',#10431);
#8033=B_SPLINE_CURVE_WITH_KNOTS('',3,
(#10432,#10433,#10434,#10435,#10436,#10437,#10438,#10439,#10440,#10441,#10442,#10443,
#10444,#10445,#10446,#10447,#10448,#10449,#10450,#10451,#10452,#10453,#10454,#10455,
#10456,#10457,#10458,#10459,#10460,#10461,#10462,#10463,#10464,#10465,#10466,#10467,
#10468,#10469,#10470,#10471,#10472,#10473,#10474,#10475,#10476,#10477,#10478),
.UNSPECIFIED.,.F.,.F.,
(4,1,1,1,1,1,1,1,1,1,1,1,1,1,1,1,1,1,1,1,1,1,1,1,1,1,1,1,1,1,1,1,1,1,1,1,1,1,1,1,
1,1,1,1,4),
(0.,0.0186016214853259,0.0373981819856992,0.0563445004897197,0.0755466430679856,
0.0948769534920467,0.11449551348671,0.134290949614984,0.15433303628399,0.174438172282118,
0.194884828267238,0.215600582931106,0.236785519314578,0.258160406898781,0.280066684824223,
0.302307550553417,0.325025002297221,0.347888059809069,0.373864831565698,0.402815259925941,
0.445590554170531,0.499435899604727,0.550627286481261,0.588302009851185,0.612089203726732,
0.635718446089447,0.658900048697197,0.681772147344269,0.704193599522935,0.726445916801997,
0.748103971024623,0.769318689376103,0.789802665442913,0.810007109327356,0.82945112637203,
0.848443601950691,0.866795777113764,0.884995272170495,0.902640627318751,0.919909754855153,
0.936559474363944,0.952954421023225,0.968912060642031,0.984605814963889,1.),
.UNSPECIFIED.);
#8034=B_SPLINE_CURVE_WITH_KNOTS('',3,
(#10479,#10480,#10481,#10482,#10483,#10484,#10485,#10486,#10487,#10488,#10489,#10490,
#10491,#10492,#10493,#10494,#10495,#10496,#10497,#10498,#10499,#10500,#10501,#10502,
#10503,#10504,#10505,#10506,#10507,#10508,#10509,#10510,#10511,#10512,#10513,#10514,
#10515,#10516,#10517,#10518,#10519,#10520,#10521,#10522,#10523,#10524,#10525),
.UNSPECIFIED.,.F.,.F.,
(4,1,1,1,1,1,1,1,1,1,1,1,1,1,1,1,1,1,1,1,1,1,1,1,1,1,1,1,1,1,1,1,1,1,1,1,1,1,1,1,
1,1,1,1,4),
(0.,0.0165938406559331,0.0333280298219651,0.0502028360776179,0.067233771961824,0.0843747829939515,
0.101638918223474,0.119005958498847,0.136439910682776,0.153901132594235,0.171494847116261,
0.189215181138358,0.207175673499906,0.225221772169794,0.243603644645068,0.262177719622201,
0.281091142772013,0.300104333862486,0.320375731200032,0.341791507026868,0.365385974461369,
0.390027388957605,0.43320096626958,0.494329822922999,0.57386103634734,0.636510607670051,
0.681849706734994,0.708331062464919,0.733723485422603,0.763383946941688,0.797845256277459,
0.829791093883472,0.853873565335496,0.870072282188826,0.885692822210711,0.899839363233359,
0.913095136593824,0.928963120908535,0.943901578373421,0.957902871252994,0.967149389319069,
0.976079126686605,0.98437383984082,0.992347926200096,1.),
.UNSPECIFIED.);
#8035=VERTEX_POINT('',#10526);
#8036=CIRCLE('',#10527,0.675);
#8037=VERTEX_POINT('',#10531);
#8038=LINE('',#10532,#10533);
#8039=CIRCLE('',#10535,0.675);
#8040=VERTEX_POINT('',#10539);
#8041=VERTEX_POINT('',#10540);
#8042=LINE('',#10541,#10542);
#8043=VERTEX_POINT('',#10544);
#8044=LINE('',#10545,#10546);
#8045=VERTEX_POINT('',#10548);
#8046=LINE('',#10549,#10550);
#8047=LINE('',#10552,#10553);
#8048=VERTEX_POINT('',#10555);
#8049=CIRCLE('',#10556,1.25);
#8050=VERTEX_POINT('',#10560);
#8051=VERTEX_POINT('',#10561);
#8052=LINE('',#10562,#10563);
#8053=LINE('',#10565,#10566);
#8054=LINE('',#10568,#10569);
#8055=VERTEX_POINT('',#10571);
#8056=LINE('',#10572,#10573);
#8057=VERTEX_POINT('',#10575);
#8058=CIRCLE('',#10576,0.675);
#8059=VERTEX_POINT('',#10580);
#8060=LINE('',#10581,#10582);
#8061=VERTEX_POINT('',#10584);
#8062=CIRCLE('',#10585,0.675);
#8063=LINE('',#10589,#10590);
#8064=VERTEX_POINT('',#10592);
#8065=LINE('',#10593,#10594);
#8066=VERTEX_POINT('',#10596);
#8067=LINE('',#10597,#10598);
#8068=LINE('',#10600,#10601);
#8069=VERTEX_POINT('',#10603);
#8070=LINE('',#10604,#10605);
#8071=VERTEX_POINT('',#10607);
#8072=CIRCLE('',#10608,0.675);
#8073=VERTEX_POINT('',#10612);
#8074=LINE('',#10613,#10614);
#8075=VERTEX_POINT('',#10616);
#8076=CIRCLE('',#10617,0.675);
#8077=LINE('',#10621,#10622);
#8078=LINE('',#10624,#10625);
#8079=LINE('',#10627,#10628);
#8080=LINE('',#10630,#10631);
#8081=LINE('',#10633,#10634);
#8082=VERTEX_POINT('',#10636);
#8083=CIRCLE('',#10637,0.7);
#8084=LINE('',#10641,#10642);
#8085=LINE('',#10644,#10645);
#8086=VERTEX_POINT('',#10647);
#8087=CIRCLE('',#10648,0.5);
#8088=VERTEX_POINT('',#10652);
#8089=CIRCLE('',#10653,0.5);
#8090=VERTEX_POINT('',#10657);
#8091=VERTEX_POINT('',#10658);
#8092=LINE('',#10659,#10660);
#8093=VERTEX_POINT('',#10662);
#8094=LINE('',#10663,#10664);
#8095=VERTEX_POINT('',#10666);
#8096=LINE('',#10667,#10668);
#8097=VERTEX_POINT('',#10670);
#8098=LINE('',#10671,#10672);
#8099=VERTEX_POINT('',#10674);
#8100=LINE('',#10675,#10676);
#8101=VERTEX_POINT('',#10678);
#8102=LINE('',#10679,#10680);
#8103=VERTEX_POINT('',#10682);
#8104=LINE('',#10683,#10684);
#8105=VERTEX_POINT('',#10686);
#8106=LINE('',#10687,#10688);
#8107=VERTEX_POINT('',#10690);
#8108=LINE('',#10691,#10692);
#8109=LINE('',#10694,#10695);
#8110=VERTEX_POINT('',#10697);
#8111=CIRCLE('',#10698,1.525);
#8112=VERTEX_POINT('',#10702);
#8113=VERTEX_POINT('',#10703);
#8114=LINE('',#10704,#10705);
#8115=VERTEX_POINT('',#10707);
#8116=LINE('',#10708,#10709);
#8117=VERTEX_POINT('',#10711);
#8118=LINE('',#10712,#10713);
#8119=VERTEX_POINT('',#10715);
#8120=LINE('',#10716,#10717);
#8121=VERTEX_POINT('',#10719);
#8122=LINE('',#10720,#10721);
#8123=VERTEX_POINT('',#10723);
#8124=LINE('',#10724,#10725);
#8125=VERTEX_POINT('',#10727);
#8126=LINE('',#10728,#10729);
#8127=VERTEX_POINT('',#10731);
#8128=LINE('',#10732,#10733);
#8129=VERTEX_POINT('',#10735);
#8130=LINE('',#10736,#10737);
#8131=LINE('',#10739,#10740);
#8132=VERTEX_POINT('',#10742);
#8133=CIRCLE('',#10743,1.525);
#8134=LINE('',#10747,#10748);
#8135=LINE('',#10750,#10751);
#8136=LINE('',#10753,#10754);
#8137=LINE('',#10756,#10757);
#8138=LINE('',#10759,#10760);
#8139=LINE('',#10762,#10763);
#8140=LINE('',#10765,#10766);
#8141=LINE('',#10768,#10769);
#8142=LINE('',#10771,#10772);
#8143=LINE('',#10774,#10775);
#8144=VERTEX_POINT('',#10777);
#8145=VERTEX_POINT('',#10778);
#8146=LINE('',#10779,#10780);
#8147=CIRCLE('',#10782,0.35);
#8148=CIRCLE('',#10786,0.35);
#8149=VERTEX_POINT('',#10790);
#8150=VERTEX_POINT('',#10791);
#8151=LINE('',#10792,#10793);
#8152=CIRCLE('',#10795,0.15);
#8153=CIRCLE('',#10799,0.15);
#8154=VERTEX_POINT('',#10803);
#8155=LINE('',#10804,#10805);
#8156=LINE('',#10807,#10808);
#8157=VERTEX_POINT('',#10810);
#8158=LINE('',#10811,#10812);
#8159=LINE('',#10814,#10815);
#8160=VERTEX_POINT('',#10817);
#8161=LINE('',#10818,#10819);
#8162=LINE('',#10821,#10822);
#8163=VERTEX_POINT('',#10824);
#8164=LINE('',#10825,#10826);
#8165=LINE('',#10828,#10829);
#8166=LINE('',#10831,#10832);
#8167=LINE('',#10834,#10835);
#8168=VERTEX_POINT('',#10837);
#8169=VERTEX_POINT('',#10838);
#8170=LINE('',#10839,#10840);
#8171=CIRCLE('',#10842,0.35);
#8172=CIRCLE('',#10846,0.35);
#8173=VERTEX_POINT('',#10850);
#8174=VERTEX_POINT('',#10851);
#8175=LINE('',#10852,#10853);
#8176=CIRCLE('',#10855,0.15);
#8177=CIRCLE('',#10859,0.15);
#8178=VERTEX_POINT('',#10863);
#8179=LINE('',#10864,#10865);
#8180=LINE('',#10867,#10868);
#8181=VERTEX_POINT('',#10870);
#8182=LINE('',#10871,#10872);
#8183=LINE('',#10874,#10875);
#8184=VERTEX_POINT('',#10877);
#8185=LINE('',#10878,#10879);
#8186=LINE('',#10881,#10882);
#8187=VERTEX_POINT('',#10884);
#8188=LINE('',#10885,#10886);
#8189=LINE('',#10888,#10889);
#8190=LINE('',#10891,#10892);
#8191=LINE('',#10894,#10895);
#8192=VERTEX_POINT('',#10897);
#8193=VERTEX_POINT('',#10898);
#8194=LINE('',#10899,#10900);
#8195=CIRCLE('',#10902,0.8);
#8196=CIRCLE('',#10906,0.8);
#8197=VERTEX_POINT('',#10910);
#8198=VERTEX_POINT('',#10911);
#8199=LINE('',#10912,#10913);
#8200=CIRCLE('',#10915,0.6);
#8201=CIRCLE('',#10919,0.6);
#8202=VERTEX_POINT('',#10923);
#8203=VERTEX_POINT('',#10924);
#8204=LINE('',#10925,#10926);
#8205=LINE('',#10928,#10929);
#8206=LINE('',#10931,#10932);
#8207=LINE('',#10934,#10935);
#8208=VERTEX_POINT('',#10937);
#8209=VERTEX_POINT('',#10938);
#8210=LINE('',#10939,#10940);
#8211=VERTEX_POINT('',#10942);
#8212=LINE('',#10943,#10944);
#8213=LINE('',#10946,#10947);
#8214=LINE('',#10949,#10950);
#8215=VERTEX_POINT('',#10952);
#8216=LINE('',#10953,#10954);
#8217=LINE('',#10956,#10957);
#8218=LINE('',#10959,#10960);
#8219=VERTEX_POINT('',#10962);
#8220=LINE('',#10963,#10964);
#8221=VERTEX_POINT('',#10966);
#8222=LINE('',#10967,#10968);
#8223=LINE('',#10970,#10971);
#8224=LINE('',#10973,#10974);
#8225=LINE('',#10976,#10977);
#8226=VERTEX_POINT('',#10979);
#8227=VERTEX_POINT('',#10980);
#8228=LINE('',#10981,#10982);
#8229=CIRCLE('',#10984,1.47777777777778);
#8230=VERTEX_POINT('',#10988);
#8231=VERTEX_POINT('',#10989);
#8232=LINE('',#10990,#10991);
#8233=CIRCLE('',#10993,1.47777777777778);
#8234=VERTEX_POINT('',#10997);
#8235=B_SPLINE_CURVE_WITH_KNOTS('',3,
(#10998,#10999,#11000,#11001,#11002,#11003,#11004,#11005,#11006,#11007,#11008,#11009,
#11010),
.UNSPECIFIED.,.F.,.F.,
(4,1,1,1,1,1,1,1,1,1,4),
(0.,0.0789002906918932,0.157743638420706,0.236528781190328,0.341343511878296,0.472045351485805,
0.628464197653757,0.773817615243779,0.882298682363872,0.954129479743318,1.),
.UNSPECIFIED.);
#8236=VERTEX_POINT('',#11011);
#8237=B_SPLINE_CURVE_WITH_KNOTS('',3,
(#11012,#11013,#11014,#11015,#11016,#11017,#11018,#11019,#11020,#11021,#11022,#11023,
#11024),
.UNSPECIFIED.,.F.,.F.,
(4,1,1,1,1,1,1,1,1,1,4),
(0.,0.0789002906918925,0.157743638420705,0.236528781190329,0.341343511878295,0.472045351485805,
0.628464197653754,0.773817615243775,0.882298682363872,0.954129479743315,1.),
.UNSPECIFIED.);
#8238=CIRCLE('',#11025,1.9);
#8239=VERTEX_POINT('',#11029);
#8240=B_SPLINE_CURVE_WITH_KNOTS('',3,
(#11030,#11031,#11032,#11033,#11034,#11035,#11036,#11037,#11038,#11039,#11040,#11041,
#11042),
.UNSPECIFIED.,.F.,.F.,
(4,1,1,1,1,1,1,1,1,1,4),
(0.,0.0789002906918918,0.157743638420707,0.236528781190332,0.341343511878301,0.472045351485809,
0.628464197653761,0.773817615243785,0.882298682363884,0.954129479743319,1.),
.UNSPECIFIED.);
#8241=VERTEX_POINT('',#11043);
#8242=CIRCLE('',#11044,1.9);
#8243=VERTEX_POINT('',#11048);
#8244=CIRCLE('',#11049,1.9);
#8245=B_SPLINE_CURVE_WITH_KNOTS('',3,
(#11053,#11054,#11055,#11056,#11057,#11058,#11059,#11060,#11061,#11062,#11063,#11064,
#11065),
.UNSPECIFIED.,.F.,.F.,
(4,1,1,1,1,1,1,1,1,1,4),
(0.,0.0789002906918928,0.157743638420708,0.236528781190331,0.341343511878299,0.472045351485809,
0.628464197653765,0.773817615243788,0.882298682363883,0.95412947974332,1.),
.UNSPECIFIED.);
#8246=VERTEX_POINT('',#11066);
#8247=LINE('',#11067,#11068);
#8248=VERTEX_POINT('',#11070);
#8249=CIRCLE('',#11071,1.9);
#8250=LINE('',#11075,#11076);
#8251=VERTEX_POINT('',#11078);
#8252=LINE('',#11079,#11080);
#8253=VERTEX_POINT('',#11082);
#8254=CIRCLE('',#11083,1.9);
#8255=LINE('',#11087,#11088);
#8256=VERTEX_POINT('',#11090);
#8257=CIRCLE('',#11091,1.9);
#8258=LINE('',#11095,#11096);
#8259=LINE('',#11098,#11099);
#8260=VERTEX_POINT('',#11101);
#8261=CIRCLE('',#11102,1.5);
#8262=VERTEX_POINT('',#11106);
#8263=CIRCLE('',#11107,1.5);
#8264=VERTEX_POINT('',#11111);
#8265=CIRCLE('',#11112,1.15);
#8266=VERTEX_POINT('',#11116);
#8267=CIRCLE('',#11117,1.15);
#8268=CARTESIAN_POINT('',(12.9500000001111,1.75712833921022,13.5));
#8269=CARTESIAN_POINT('',(12.95,4.25,13.5));
#8270=CARTESIAN_POINT('',(12.9500000000011,4.25,13.5));
#8271=VECTOR('',#8272,1.);
#8272=DIRECTION('',(-4.34670460224281E-013,-1.,0.));
#8273=CARTESIAN_POINT('',(12.9500000001111,1.75712833921022,8.8));
#8274=CARTESIAN_POINT('',(12.95,1.75712833930548,8.8));
#8275=VECTOR('',#8276,1.);
#8276=DIRECTION('',(0.,0.,1.));
#8277=CARTESIAN_POINT('',(12.95,3.5,8.8));
#8278=CARTESIAN_POINT('',(12.95,3.5,8.8));
#8279=VECTOR('',#8280,1.);
#8280=DIRECTION('',(0.,-1.,0.));
#8281=CARTESIAN_POINT('',(12.95,3.5,13.));
#8282=CARTESIAN_POINT('',(12.95,3.5,8.8));
#8283=VECTOR('',#8284,1.);
#8284=DIRECTION('',(0.,0.,1.));
#8285=CARTESIAN_POINT('',(12.9500000000014,4.,13.));
#8286=CARTESIAN_POINT('',(12.95,4.,13.));
#8287=VECTOR('',#8288,1.);
#8288=DIRECTION('',(0.,-1.,0.));
#8289=CARTESIAN_POINT('',(12.9500000000011,4.,0.4));
#8290=CARTESIAN_POINT('',(12.95,4.,0.4));
#8291=VECTOR('',#8292,1.);
#8292=DIRECTION('',(0.,0.,1.));
#8293=CARTESIAN_POINT('',(12.95,-4.5,0.4));
#8294=CARTESIAN_POINT('',(12.95,-4.5,0.4));
#8295=VECTOR('',#8296,1.);
#8296=DIRECTION('',(0.,1.,0.));
#8297=CARTESIAN_POINT('',(12.95,-4.5,4.81482486096809E-035));
#8298=CARTESIAN_POINT('',(12.95,-4.5,0.4));
#8299=VECTOR('',#8300,1.);
#8300=DIRECTION('',(0.,0.,-1.));
#8301=CARTESIAN_POINT('',(12.95,4.5,0.));
#8302=CARTESIAN_POINT('',(12.95,-4.5,4.81482486096809E-035));
#8303=VECTOR('',#8304,1.);
#8304=DIRECTION('',(0.,1.,-5.34980540107565E-036));
#8305=CARTESIAN_POINT('',(12.95,4.5,13.25));
#8306=CARTESIAN_POINT('',(12.95,4.5,0.));
#8307=VECTOR('',#8308,1.);
#8308=DIRECTION('',(0.,0.,1.));
#8309=AXIS2_PLACEMENT_3D('',#8310,#8311,#8312);
#8310=CARTESIAN_POINT('',(12.95,4.25,13.25));
#8311=DIRECTION('',(-1.,0.,0.));
#8312=DIRECTION('',(0.,0.,1.));
#8313=CARTESIAN_POINT('',(17.0500000000022,4.25,13.5));
#8314=CARTESIAN_POINT('',(17.05,1.75712833921985,13.5));
#8315=CARTESIAN_POINT('',(17.05,1.75712833921985,13.5));
#8316=VECTOR('',#8317,1.);
#8317=DIRECTION('',(4.37520758309083E-013,1.,0.));
#8318=CARTESIAN_POINT('',(17.05,4.5,13.25));
#8319=AXIS2_PLACEMENT_3D('',#8320,#8321,#8322);
#8320=CARTESIAN_POINT('',(17.05,4.25,13.25));
#8321=DIRECTION('',(-1.,0.,0.));
#8322=DIRECTION('',(0.,0.,1.));
#8323=CARTESIAN_POINT('',(17.05,4.5,0.));
#8324=CARTESIAN_POINT('',(17.05,4.5,13.25));
#8325=VECTOR('',#8326,1.);
#8326=DIRECTION('',(-5.36258668498189E-016,0.,-1.));
#8327=CARTESIAN_POINT('',(17.05,-4.5,4.81482486096809E-035));
#8328=CARTESIAN_POINT('',(17.05,4.5,0.));
#8329=VECTOR('',#8330,1.);
#8330=DIRECTION('',(0.,-1.,5.34980540107565E-036));
#8331=CARTESIAN_POINT('',(17.05,-4.5,0.4));
#8332=CARTESIAN_POINT('',(17.05,-4.5,4.81482486096809E-035));
#8333=VECTOR('',#8334,1.);
#8334=DIRECTION('',(0.,0.,1.));
#8335=CARTESIAN_POINT('',(17.0500000000004,4.,0.4));
#8336=CARTESIAN_POINT('',(17.05,-4.5,0.4));
#8337=VECTOR('',#8338,1.);
#8338=DIRECTION('',(0.,1.,0.));
#8339=CARTESIAN_POINT('',(17.0500000000014,4.,13.));
#8340=CARTESIAN_POINT('',(17.0500000000022,4.,0.4));
#8341=VECTOR('',#8342,1.);
#8342=DIRECTION('',(0.,0.,1.));
#8343=CARTESIAN_POINT('',(17.05,3.5,13.));
#8344=CARTESIAN_POINT('',(17.05,3.5,13.));
#8345=VECTOR('',#8346,1.);
#8346=DIRECTION('',(0.,1.,0.));
#8347=CARTESIAN_POINT('',(17.05,3.5,8.8));
#8348=CARTESIAN_POINT('',(17.05,3.5,8.8));
#8349=VECTOR('',#8350,1.);
#8350=DIRECTION('',(0.,0.,1.));
#8351=CARTESIAN_POINT('',(17.05,1.75712833921985,8.8));
#8352=CARTESIAN_POINT('',(17.05,1.75712833921985,8.8));
#8353=VECTOR('',#8354,1.);
#8354=DIRECTION('',(0.,1.,0.));
#8355=CARTESIAN_POINT('',(17.05,1.75712833921985,8.8));
#8356=VECTOR('',#8357,1.);
#8357=DIRECTION('',(0.,0.,1.));
#8358=CARTESIAN_POINT('',(7.95000000011114,1.75712833921022,13.5));
#8359=CARTESIAN_POINT('',(7.95,4.25,13.5));
#8360=CARTESIAN_POINT('',(7.95000000000108,4.25,13.5));
#8361=VECTOR('',#8362,1.);
#8362=DIRECTION('',(-4.33957885699323E-013,-1.,0.));
#8363=CARTESIAN_POINT('',(7.95000000011114,1.75712833921022,8.8));
#8364=CARTESIAN_POINT('',(7.95,1.75712833930548,8.8));
#8365=VECTOR('',#8366,1.);
#8366=DIRECTION('',(0.,0.,1.));
#8367=CARTESIAN_POINT('',(7.95,3.5,8.8));
#8368=CARTESIAN_POINT('',(7.95,3.5,8.8));
#8369=VECTOR('',#8370,1.);
#8370=DIRECTION('',(0.,-1.,0.));
#8371=CARTESIAN_POINT('',(7.95,3.5,13.));
#8372=CARTESIAN_POINT('',(7.95,3.5,8.8));
#8373=VECTOR('',#8374,1.);
#8374=DIRECTION('',(0.,0.,1.));
#8375=CARTESIAN_POINT('',(7.95000000000144,4.,13.));
#8376=CARTESIAN_POINT('',(7.95,4.,13.));
#8377=VECTOR('',#8378,1.);
#8378=DIRECTION('',(0.,-1.,0.));
#8379=CARTESIAN_POINT('',(7.95000000000108,4.,0.4));
#8380=CARTESIAN_POINT('',(7.95,4.,0.4));
#8381=VECTOR('',#8382,1.);
#8382=DIRECTION('',(0.,0.,1.));
#8383=CARTESIAN_POINT('',(7.95,-4.5,0.4));
#8384=CARTESIAN_POINT('',(7.95,-4.5,0.4));
#8385=VECTOR('',#8386,1.);
#8386=DIRECTION('',(0.,1.,0.));
#8387=CARTESIAN_POINT('',(7.95,-4.5,4.81482486096809E-035));
#8388=CARTESIAN_POINT('',(7.95,-4.5,0.4));
#8389=VECTOR('',#8390,1.);
#8390=DIRECTION('',(0.,0.,-1.));
#8391=CARTESIAN_POINT('',(7.95,4.5,0.));
#8392=CARTESIAN_POINT('',(7.95,-4.5,4.81482486096809E-035));
#8393=VECTOR('',#8394,1.);
#8394=DIRECTION('',(0.,1.,-5.34980540107565E-036));
#8395=CARTESIAN_POINT('',(7.95,4.5,13.25));
#8396=CARTESIAN_POINT('',(7.95,4.5,0.));
#8397=VECTOR('',#8398,1.);
#8398=DIRECTION('',(0.,0.,1.));
#8399=AXIS2_PLACEMENT_3D('',#8400,#8401,#8402);
#8400=CARTESIAN_POINT('',(7.95,4.25,13.25));
#8401=DIRECTION('',(-1.,0.,0.));
#8402=DIRECTION('',(0.,0.,1.));
#8403=CARTESIAN_POINT('',(12.0500000000022,4.25,13.5));
#8404=CARTESIAN_POINT('',(12.05,1.75712833921985,13.5));
#8405=CARTESIAN_POINT('',(12.05,1.75712833921985,13.5));
#8406=VECTOR('',#8407,1.);
#8407=DIRECTION('',(4.37520758309083E-013,1.,0.));
#8408=CARTESIAN_POINT('',(12.05,4.5,13.25));
#8409=AXIS2_PLACEMENT_3D('',#8410,#8411,#8412);
#8410=CARTESIAN_POINT('',(12.05,4.25,13.25));
#8411=DIRECTION('',(-1.,0.,0.));
#8412=DIRECTION('',(0.,0.,1.));
#8413=CARTESIAN_POINT('',(12.05,4.5,0.));
#8414=CARTESIAN_POINT('',(12.05,4.5,13.25));
#8415=VECTOR('',#8416,1.);
#8416=DIRECTION('',(-5.36258668498189E-016,0.,-1.));
#8417=CARTESIAN_POINT('',(12.05,-4.5,4.81482486096809E-035));
#8418=CARTESIAN_POINT('',(12.05,4.5,0.));
#8419=VECTOR('',#8420,1.);
#8420=DIRECTION('',(0.,-1.,5.34980540107565E-036));
#8421=CARTESIAN_POINT('',(12.05,-4.5,0.4));
#8422=CARTESIAN_POINT('',(12.05,-4.5,4.81482486096809E-035));
#8423=VECTOR('',#8424,1.);
#8424=DIRECTION('',(0.,0.,1.));
#8425=CARTESIAN_POINT('',(12.0500000000004,4.,0.4));
#8426=CARTESIAN_POINT('',(12.05,-4.5,0.4));
#8427=VECTOR('',#8428,1.);
#8428=DIRECTION('',(0.,1.,0.));
#8429=CARTESIAN_POINT('',(12.0500000000014,4.,13.));
#8430=CARTESIAN_POINT('',(12.0500000000022,4.,0.4));
#8431=VECTOR('',#8432,1.);
#8432=DIRECTION('',(0.,0.,1.));
#8433=CARTESIAN_POINT('',(12.05,3.5,13.));
#8434=CARTESIAN_POINT('',(12.05,3.5,13.));
#8435=VECTOR('',#8436,1.);
#8436=DIRECTION('',(0.,1.,0.));
#8437=CARTESIAN_POINT('',(12.05,3.5,8.8));
#8438=CARTESIAN_POINT('',(12.05,3.5,8.8));
#8439=VECTOR('',#8440,1.);
#8440=DIRECTION('',(0.,0.,1.));
#8441=CARTESIAN_POINT('',(12.05,1.75712833921985,8.8));
#8442=CARTESIAN_POINT('',(12.05,1.75712833921985,8.8));
#8443=VECTOR('',#8444,1.);
#8444=DIRECTION('',(0.,1.,0.));
#8445=CARTESIAN_POINT('',(12.05,1.75712833921985,8.8));
#8446=VECTOR('',#8447,1.);
#8447=DIRECTION('',(0.,0.,1.));
#8448=CARTESIAN_POINT('',(12.0500000000022,4.,13.));
#8449=VECTOR('',#8450,1.);
#8450=DIRECTION('',(-1.,0.,0.));
#8451=CARTESIAN_POINT('',(7.95000000000216,4.,0.4));
#8452=VECTOR('',#8453,1.);
#8453=DIRECTION('',(1.,0.,0.));
#8454=CARTESIAN_POINT('',(17.0500000000022,4.,13.));
#8455=VECTOR('',#8456,1.);
#8456=DIRECTION('',(-1.,0.,0.));
#8457=CARTESIAN_POINT('',(12.9500000000022,4.,0.4));
#8458=VECTOR('',#8459,1.);
#8459=DIRECTION('',(1.,0.,0.));
#8460=CARTESIAN_POINT('',(7.95,3.5,13.));
#8461=VECTOR('',#8462,1.);
#8462=DIRECTION('',(1.,0.,0.));
#8463=CARTESIAN_POINT('',(12.05,3.5,8.8));
#8464=VECTOR('',#8465,1.);
#8465=DIRECTION('',(-1.,0.,0.));
#8466=CARTESIAN_POINT('',(12.95,3.5,13.));
#8467=VECTOR('',#8468,1.);
#8468=DIRECTION('',(1.,0.,0.));
#8469=CARTESIAN_POINT('',(17.05,3.5,8.8));
#8470=VECTOR('',#8471,1.);
#8471=DIRECTION('',(-1.,0.,0.));
#8472=AXIS2_PLACEMENT_3D('',#8473,#8474,#8475);
#8473=CARTESIAN_POINT('',(10.,0.,13.5));
#8474=DIRECTION('',(0.,0.,-1.));
#8475=DIRECTION('',(-0.759259259218097,0.650788273781563,0.));
#8476=CARTESIAN_POINT('',(7.05000000000109,4.25,13.5));
#8477=CARTESIAN_POINT('',(7.95,4.25,13.5));
#8478=VECTOR('',#8479,1.);
#8479=DIRECTION('',(-1.,0.,0.));
#8480=CARTESIAN_POINT('',(7.05,1.75712833921985,13.5));
#8481=CARTESIAN_POINT('',(7.05,1.75712833921985,13.5));
#8482=VECTOR('',#8483,1.);
#8483=DIRECTION('',(4.37520758309083E-013,1.,0.));
#8484=CARTESIAN_POINT('',(2.95000000011114,1.75712833921022,13.5));
#8485=AXIS2_PLACEMENT_3D('',#8486,#8487,#8488);
#8486=CARTESIAN_POINT('',(5.,0.,13.5));
#8487=DIRECTION('',(0.,0.,-1.));
#8488=DIRECTION('',(-0.759259259218097,0.650788273781564,0.));
#8489=CARTESIAN_POINT('',(2.95000000000108,4.25,13.5));
#8490=CARTESIAN_POINT('',(2.95000000000108,4.25,13.5));
#8491=VECTOR('',#8492,1.);
#8492=DIRECTION('',(-4.34670460224281E-013,-1.,0.));
#8493=CARTESIAN_POINT('',(2.05,4.25,13.5));
#8494=CARTESIAN_POINT('',(2.95000000000108,4.25,13.5));
#8495=VECTOR('',#8496,1.);
#8496=DIRECTION('',(-1.,0.,0.));
#8497=CARTESIAN_POINT('',(2.05,1.75712833969042,13.5));
#8498=CARTESIAN_POINT('',(2.05,1.75712833969042,13.5));
#8499=VECTOR('',#8500,1.);
#8500=DIRECTION('',(0.,1.,0.));
#8501=CARTESIAN_POINT('',(-1.09999999993013,2.46576560121876,13.5));
#8502=AXIS2_PLACEMENT_3D('',#8503,#8504,#8505);
#8503=CARTESIAN_POINT('',(0.,0.,13.5));
#8504=DIRECTION('',(0.,0.,-1.));
#8505=DIRECTION('',(-0.407407407381529,0.913246518969911,0.));
#8506=CARTESIAN_POINT('',(-1.1,3.5,13.5));
#8507=CARTESIAN_POINT('',(-1.1,3.5,13.5));
#8508=VECTOR('',#8509,1.);
#8509=DIRECTION('',(0.,-1.,0.));
#8510=CARTESIAN_POINT('',(-1.6,4.,13.5));
#8511=CARTESIAN_POINT('',(-1.6,4.,13.5));
#8512=VECTOR('',#8513,1.);
#8513=DIRECTION('',(0.707106781186549,-0.707106781186546,0.));
#8514=CARTESIAN_POINT('',(-1.6,4.25,13.5));
#8515=CARTESIAN_POINT('',(-1.6,4.25,13.5));
#8516=VECTOR('',#8517,1.);
#8517=DIRECTION('',(0.,-1.,0.));
#8518=CARTESIAN_POINT('',(-2.5,4.25,13.5));
#8519=CARTESIAN_POINT('',(-1.6,4.25,13.5));
#8520=VECTOR('',#8521,1.);
#8521=DIRECTION('',(-1.,0.,0.));
#8522=CARTESIAN_POINT('',(-2.5,3.1,13.5));
#8523=CARTESIAN_POINT('',(-2.5,3.1,13.5));
#8524=VECTOR('',#8525,1.);
#8525=DIRECTION('',(0.,1.,0.));
#8526=CARTESIAN_POINT('',(-1.7,3.4,13.5));
#8527=CARTESIAN_POINT('',(-1.7,3.4,13.5));
#8528=VECTOR('',#8529,1.);
#8529=DIRECTION('',(-0.936329177569045,-0.351123441588391,0.));
#8530=CARTESIAN_POINT('',(-1.7,2.,13.5));
#8531=CARTESIAN_POINT('',(-1.7,2.,13.5));
#8532=VECTOR('',#8533,1.);
#8533=DIRECTION('',(0.,1.,0.));
#8534=CARTESIAN_POINT('',(-2.5,2.3,13.5));
#8535=CARTESIAN_POINT('',(-2.5,2.3,13.5));
#8536=VECTOR('',#8537,1.);
#8537=DIRECTION('',(0.936329177569045,-0.35112344158839,0.));
#8538=CARTESIAN_POINT('',(-2.5,-1.,13.5));
#8539=CARTESIAN_POINT('',(-2.5,-1.,13.5));
#8540=VECTOR('',#8541,1.);
#8541=DIRECTION('',(0.,1.,0.));
#8542=CARTESIAN_POINT('',(-2.5,-2.,13.5));
#8543=AXIS2_PLACEMENT_3D('',#8544,#8545,#8546);
#8544=CARTESIAN_POINT('',(-2.5,-1.5,13.5));
#8545=DIRECTION('',(0.,0.,1.));
#8546=DIRECTION('',(0.,-1.,0.));
#8547=CARTESIAN_POINT('',(-2.5,-2.28447650275517,13.5));
#8548=CARTESIAN_POINT('',(-2.5,-2.28447650275517,13.5));
#8549=VECTOR('',#8550,1.);
#8550=DIRECTION('',(0.,1.,0.));
#8551=CARTESIAN_POINT('',(22.5,-2.28447650275517,13.5));
#8552=CARTESIAN_POINT('',(22.5,-2.28447650275517,13.5));
#8553=VECTOR('',#8554,1.);
#8554=DIRECTION('',(-1.,0.,0.));
#8555=CARTESIAN_POINT('',(22.5,-2.,13.5));
#8556=CARTESIAN_POINT('',(22.5,-2.28447650275517,13.5));
#8557=VECTOR('',#8558,1.);
#8558=DIRECTION('',(0.,1.,0.));
#8559=CARTESIAN_POINT('',(22.5,-1.,13.5));
#8560=AXIS2_PLACEMENT_3D('',#8561,#8562,#8563);
#8561=CARTESIAN_POINT('',(22.5,-1.5,13.5));
#8562=DIRECTION('',(0.,0.,1.));
#8563=DIRECTION('',(0.,1.,0.));
#8564=CARTESIAN_POINT('',(22.5,2.3,13.5));
#8565=CARTESIAN_POINT('',(22.5,-1.,13.5));
#8566=VECTOR('',#8567,1.);
#8567=DIRECTION('',(0.,1.,0.));
#8568=CARTESIAN_POINT('',(23.3,2.,13.5));
#8569=CARTESIAN_POINT('',(22.5,2.3,13.5));
#8570=VECTOR('',#8571,1.);
#8571=DIRECTION('',(0.936329177569044,-0.351123441588392,0.));
#8572=CARTESIAN_POINT('',(23.3,3.4,13.5));
#8573=CARTESIAN_POINT('',(23.3,2.,13.5));
#8574=VECTOR('',#8575,1.);
#8575=DIRECTION('',(0.,1.,0.));
#8576=CARTESIAN_POINT('',(22.5,3.1,13.5));
#8577=CARTESIAN_POINT('',(23.3,3.4,13.5));
#8578=VECTOR('',#8579,1.);
#8579=DIRECTION('',(-0.936329177569044,-0.351123441588392,0.));
#8580=CARTESIAN_POINT('',(22.5,4.25,13.5));
#8581=CARTESIAN_POINT('',(22.5,3.1,13.5));
#8582=VECTOR('',#8583,1.);
#8583=DIRECTION('',(0.,1.,0.));
#8584=CARTESIAN_POINT('',(21.6,4.25,13.5));
#8585=CARTESIAN_POINT('',(22.5,4.25,13.5));
#8586=VECTOR('',#8587,1.);
#8587=DIRECTION('',(-1.,0.,0.));
#8588=CARTESIAN_POINT('',(21.6,2.17485631709315,13.5));
#8589=CARTESIAN_POINT('',(21.6,2.17485631709315,13.5));
#8590=VECTOR('',#8591,1.);
#8591=DIRECTION('',(0.,1.,0.));
#8592=CARTESIAN_POINT('',(17.95,1.75712833908056,13.5));
#8593=AXIS2_PLACEMENT_3D('',#8594,#8595,#8596);
#8594=CARTESIAN_POINT('',(20.,0.,13.5));
#8595=DIRECTION('',(0.,0.,-1.));
#8596=DIRECTION('',(-0.75925925925926,0.65078827373354,0.));
#8597=CARTESIAN_POINT('',(17.95,4.25,13.5));
#8598=CARTESIAN_POINT('',(17.95,4.25,13.5));
#8599=VECTOR('',#8600,1.);
#8600=DIRECTION('',(0.,-1.,0.));
#8601=CARTESIAN_POINT('',(17.95,4.25,13.5));
#8602=VECTOR('',#8603,1.);
#8603=DIRECTION('',(-1.,0.,0.));
#8604=AXIS2_PLACEMENT_3D('',#8605,#8606,#8607);
#8605=CARTESIAN_POINT('',(15.,0.,13.5));
#8606=DIRECTION('',(0.,0.,-1.));
#8607=DIRECTION('',(-0.759259259218097,0.650788273781563,0.));
#8608=CARTESIAN_POINT('',(12.95,4.25,13.5));
#8609=VECTOR('',#8610,1.);
#8610=DIRECTION('',(-1.,0.,0.));
#8611=CARTESIAN_POINT('',(5.,2.,13.5));
#8612=AXIS2_PLACEMENT_3D('',#8613,#8614,#8615);
#8613=CARTESIAN_POINT('',(5.,0.,13.5));
#8614=DIRECTION('',(0.,-0.,1.));
#8615=DIRECTION('',(0.,1.,0.));
#8616=CARTESIAN_POINT('',(10.,2.,13.5));
#8617=AXIS2_PLACEMENT_3D('',#8618,#8619,#8620);
#8618=CARTESIAN_POINT('',(10.,0.,13.5));
#8619=DIRECTION('',(0.,-0.,1.));
#8620=DIRECTION('',(0.,1.,0.));
#8621=CARTESIAN_POINT('',(15.,2.,13.5));
#8622=AXIS2_PLACEMENT_3D('',#8623,#8624,#8625);
#8623=CARTESIAN_POINT('',(15.,0.,13.5));
#8624=DIRECTION('',(0.,-0.,1.));
#8625=DIRECTION('',(0.,1.,0.));
#8626=CARTESIAN_POINT('',(20.,2.,13.5));
#8627=AXIS2_PLACEMENT_3D('',#8628,#8629,#8630);
#8628=CARTESIAN_POINT('',(20.,0.,13.5));
#8629=DIRECTION('',(0.,-0.,1.));
#8630=DIRECTION('',(0.,1.,0.));
#8631=CARTESIAN_POINT('',(0.,2.,13.5));
#8632=AXIS2_PLACEMENT_3D('',#8633,#8634,#8635);
#8633=CARTESIAN_POINT('',(0.,0.,13.5));
#8634=DIRECTION('',(0.,-0.,1.));
#8635=DIRECTION('',(0.,1.,0.));
#8636=CARTESIAN_POINT('',(18.,-1.5,13.5));
#8637=AXIS2_PLACEMENT_3D('',#8638,#8639,#8640);
#8638=CARTESIAN_POINT('',(17.5,-1.5,13.5));
#8639=DIRECTION('',(0.,-0.,1.));
#8640=DIRECTION('',(1.,0.,0.));
#8641=CARTESIAN_POINT('',(13.,-1.5,13.5));
#8642=AXIS2_PLACEMENT_3D('',#8643,#8644,#8645);
#8643=CARTESIAN_POINT('',(12.5,-1.5,13.5));
#8644=DIRECTION('',(0.,-0.,1.));
#8645=DIRECTION('',(1.,0.,0.));
#8646=CARTESIAN_POINT('',(8.,-1.5,13.5));
#8647=AXIS2_PLACEMENT_3D('',#8648,#8649,#8650);
#8648=CARTESIAN_POINT('',(7.5,-1.5,13.5));
#8649=DIRECTION('',(0.,-0.,1.));
#8650=DIRECTION('',(1.,0.,0.));
#8651=CARTESIAN_POINT('',(3.,-1.5,13.5));
#8652=AXIS2_PLACEMENT_3D('',#8653,#8654,#8655);
#8653=CARTESIAN_POINT('',(2.5,-1.5,13.5));
#8654=DIRECTION('',(0.,-0.,1.));
#8655=DIRECTION('',(1.,0.,0.));
#8656=AXIS2_PLACEMENT_3D('',#8657,#8658,#8659);
#8657=CARTESIAN_POINT('',(15.,0.,8.8));
#8658=DIRECTION('',(0.,0.,-1.));
#8659=DIRECTION('',(-0.759259259218096,0.650788273781564,0.));
#8660=CARTESIAN_POINT('',(15.95,-4.5,0.4));
#8661=CARTESIAN_POINT('',(17.05,-4.5,0.4));
#8662=VECTOR('',#8663,1.);
#8663=DIRECTION('',(-1.,0.,0.));
#8664=CARTESIAN_POINT('',(15.95,0.,0.4));
#8665=CARTESIAN_POINT('',(15.95,0.,0.4));
#8666=VECTOR('',#8667,1.);
#8667=DIRECTION('',(0.,-1.,0.));
#8668=CARTESIAN_POINT('',(14.05,5.74590265603038E-017,0.4));
#8669=AXIS2_PLACEMENT_3D('',#8670,#8671,#8672);
#8670=CARTESIAN_POINT('',(15.,0.,0.4));
#8671=DIRECTION('',(0.,0.,1.));
#8672=DIRECTION('',(1.,0.,0.));
#8673=CARTESIAN_POINT('',(14.05,-4.5,0.4));
#8674=CARTESIAN_POINT('',(14.05,-4.5,0.4));
#8675=VECTOR('',#8676,1.);
#8676=DIRECTION('',(0.,1.,0.));
#8677=CARTESIAN_POINT('',(14.05,-4.5,0.4));
#8678=VECTOR('',#8679,1.);
#8679=DIRECTION('',(-1.,0.,0.));
#8680=CARTESIAN_POINT('',(9.05,-4.5,0.4));
#8681=CARTESIAN_POINT('',(9.05,-4.5,0.4));
#8682=VECTOR('',#8683,1.);
#8683=DIRECTION('',(-1.,0.,0.));
#8684=CARTESIAN_POINT('',(9.05,-4.5,1.));
#8685=CARTESIAN_POINT('',(9.05,-4.5,1.));
#8686=VECTOR('',#8687,1.);
#8687=DIRECTION('',(0.,0.,-1.));
#8688=CARTESIAN_POINT('',(7.8,-4.5,1.));
#8689=CARTESIAN_POINT('',(7.8,-4.5,1.));
#8690=VECTOR('',#8691,1.);
#8691=DIRECTION('',(1.,0.,0.));
#8692=CARTESIAN_POINT('',(7.8,-4.5,7.3));
#8693=CARTESIAN_POINT('',(7.8,-4.5,7.3));
#8694=VECTOR('',#8695,1.);
#8695=DIRECTION('',(0.,0.,-1.));
#8696=CARTESIAN_POINT('',(12.2,-4.5,7.3));
#8697=CARTESIAN_POINT('',(12.2,-4.5,7.3));
#8698=VECTOR('',#8699,1.);
#8699=DIRECTION('',(-1.,0.,-2.01858731750028E-016));
#8700=CARTESIAN_POINT('',(12.2,-4.5,1.));
#8701=CARTESIAN_POINT('',(12.2,-4.5,1.));
#8702=VECTOR('',#8703,1.);
#8703=DIRECTION('',(-2.81961403079405E-016,0.,1.));
#8704=CARTESIAN_POINT('',(10.95,-4.5,1.));
#8705=CARTESIAN_POINT('',(10.95,-4.5,1.));
#8706=VECTOR('',#8707,1.);
#8707=DIRECTION('',(1.,0.,0.));
#8708=CARTESIAN_POINT('',(10.95,-4.5,0.4));
#8709=CARTESIAN_POINT('',(10.95,-4.5,0.4));
#8710=VECTOR('',#8711,1.);
#8711=DIRECTION('',(0.,0.,1.));
#8712=CARTESIAN_POINT('',(12.05,-4.5,0.4));
#8713=VECTOR('',#8714,1.);
#8714=DIRECTION('',(-1.,0.,0.));
#8715=CARTESIAN_POINT('',(12.95,-4.5,4.81482486096809E-035));
#8716=VECTOR('',#8717,1.);
#8717=DIRECTION('',(-1.,0.,0.));
#8718=CARTESIAN_POINT('',(14.05,-4.5,1.));
#8719=CARTESIAN_POINT('',(14.05,-4.5,1.));
#8720=VECTOR('',#8721,1.);
#8721=DIRECTION('',(0.,0.,-1.));
#8722=CARTESIAN_POINT('',(12.8,-4.5,1.));
#8723=CARTESIAN_POINT('',(12.8,-4.5,1.));
#8724=VECTOR('',#8725,1.);
#8725=DIRECTION('',(1.,0.,0.));
#8726=CARTESIAN_POINT('',(12.8,-4.5,7.3));
#8727=CARTESIAN_POINT('',(12.8,-4.5,7.3));
#8728=VECTOR('',#8729,1.);
#8729=DIRECTION('',(0.,0.,-1.));
#8730=CARTESIAN_POINT('',(17.2,-4.5,7.3));
#8731=CARTESIAN_POINT('',(17.2,-4.5,7.3));
#8732=VECTOR('',#8733,1.);
#8733=DIRECTION('',(-1.,0.,0.));
#8734=CARTESIAN_POINT('',(17.2,-4.5,1.));
#8735=CARTESIAN_POINT('',(17.2,-4.5,1.));
#8736=VECTOR('',#8737,1.);
#8737=DIRECTION('',(0.,0.,1.));
#8738=CARTESIAN_POINT('',(15.95,-4.5,1.));
#8739=CARTESIAN_POINT('',(15.95,-4.5,1.));
#8740=VECTOR('',#8741,1.);
#8741=DIRECTION('',(1.,0.,0.));
#8742=CARTESIAN_POINT('',(15.95,-4.5,0.4));
#8743=VECTOR('',#8744,1.);
#8744=DIRECTION('',(0.,0.,1.));
#8745=CARTESIAN_POINT('',(17.95,-4.5,4.81482486096809E-035));
#8746=CARTESIAN_POINT('',(17.95,-4.5,4.81482486096809E-035));
#8747=VECTOR('',#8748,1.);
#8748=DIRECTION('',(-1.,0.,0.));
#8749=CARTESIAN_POINT('',(17.95,-4.5,0.4));
#8750=CARTESIAN_POINT('',(17.95,-4.5,0.4));
#8751=VECTOR('',#8752,1.);
#8752=DIRECTION('',(0.,0.,-1.));
#8753=CARTESIAN_POINT('',(19.05,-4.5,0.4));
#8754=CARTESIAN_POINT('',(19.05,-4.5,0.4));
#8755=VECTOR('',#8756,1.);
#8756=DIRECTION('',(-1.,0.,0.));
#8757=CARTESIAN_POINT('',(19.05,-4.5,1.));
#8758=CARTESIAN_POINT('',(19.05,-4.5,1.));
#8759=VECTOR('',#8760,1.);
#8760=DIRECTION('',(0.,0.,-1.));
#8761=CARTESIAN_POINT('',(17.8,-4.5,1.));
#8762=CARTESIAN_POINT('',(17.8,-4.5,1.));
#8763=VECTOR('',#8764,1.);
#8764=DIRECTION('',(1.,0.,0.));
#8765=CARTESIAN_POINT('',(17.8,-4.5,7.3));
#8766=CARTESIAN_POINT('',(17.8,-4.5,7.3));
#8767=VECTOR('',#8768,1.);
#8768=DIRECTION('',(0.,0.,-1.));
#8769=CARTESIAN_POINT('',(22.2,-4.5,7.3));
#8770=CARTESIAN_POINT('',(22.2,-4.5,7.3));
#8771=VECTOR('',#8772,1.);
#8772=DIRECTION('',(-1.,0.,0.));
#8773=CARTESIAN_POINT('',(22.2,-4.5,1.));
#8774=CARTESIAN_POINT('',(22.2,-4.5,1.));
#8775=VECTOR('',#8776,1.);
#8776=DIRECTION('',(0.,0.,1.));
#8777=CARTESIAN_POINT('',(20.95,-4.5,1.));
#8778=CARTESIAN_POINT('',(20.95,-4.5,1.));
#8779=VECTOR('',#8780,1.);
#8780=DIRECTION('',(1.,0.,0.));
#8781=CARTESIAN_POINT('',(20.95,-4.5,0.4));
#8782=CARTESIAN_POINT('',(20.95,-4.5,0.4));
#8783=VECTOR('',#8784,1.);
#8784=DIRECTION('',(0.,0.,1.));
#8785=CARTESIAN_POINT('',(21.6,-4.5,0.4));
#8786=CARTESIAN_POINT('',(21.6,-4.5,0.4));
#8787=VECTOR('',#8788,1.);
#8788=DIRECTION('',(-1.,0.,0.));
#8789=CARTESIAN_POINT('',(21.6,-4.5,4.81482486096809E-035));
#8790=CARTESIAN_POINT('',(21.6,-4.5,4.81482486096809E-035));
#8791=VECTOR('',#8792,1.);
#8792=DIRECTION('',(0.,0.,1.));
#8793=CARTESIAN_POINT('',(22.5,-4.5,4.81482486096809E-035));
#8794=CARTESIAN_POINT('',(22.5,-4.5,4.81482486096809E-035));
#8795=VECTOR('',#8796,1.);
#8796=DIRECTION('',(-1.,0.,0.));
#8797=CARTESIAN_POINT('',(22.5,-4.5,8.55));
#8798=CARTESIAN_POINT('',(22.5,-4.5,4.81482486096809E-035));
#8799=VECTOR('',#8800,1.);
#8800=DIRECTION('',(0.,0.,1.));
#8801=CARTESIAN_POINT('',(-2.5,-4.5,8.55));
#8802=CARTESIAN_POINT('',(22.5,-4.5,8.55));
#8803=VECTOR('',#8804,1.);
#8804=DIRECTION('',(-1.,0.,0.));
#8805=CARTESIAN_POINT('',(-2.5,-4.5,4.81482486096809E-035));
#8806=CARTESIAN_POINT('',(-2.5,-4.5,4.81482486096809E-035));
#8807=VECTOR('',#8808,1.);
#8808=DIRECTION('',(0.,0.,1.));
#8809=CARTESIAN_POINT('',(-1.6,-4.5,4.81482486096809E-035));
#8810=CARTESIAN_POINT('',(-1.6,-4.5,4.81482486096809E-035));
#8811=VECTOR('',#8812,1.);
#8812=DIRECTION('',(-1.,0.,0.));
#8813=CARTESIAN_POINT('',(-1.6,-4.5,0.4));
#8814=CARTESIAN_POINT('',(-1.6,-4.5,0.4));
#8815=VECTOR('',#8816,1.);
#8816=DIRECTION('',(0.,0.,-1.));
#8817=CARTESIAN_POINT('',(-0.95,-4.5,0.4));
#8818=CARTESIAN_POINT('',(-0.949999999999996,-4.5,0.4));
#8819=VECTOR('',#8820,1.);
#8820=DIRECTION('',(-1.,0.,0.));
#8821=CARTESIAN_POINT('',(-0.950000000000003,-4.5,1.));
#8822=CARTESIAN_POINT('',(-0.949999999999999,-4.5,1.));
#8823=VECTOR('',#8824,1.);
#8824=DIRECTION('',(0.,0.,-1.));
#8825=CARTESIAN_POINT('',(-2.2,-4.5,1.));
#8826=CARTESIAN_POINT('',(-2.2,-4.5,1.));
#8827=VECTOR('',#8828,1.);
#8828=DIRECTION('',(1.,0.,0.));
#8829=CARTESIAN_POINT('',(-2.2,-4.5,7.3));
#8830=CARTESIAN_POINT('',(-2.2,-4.5,7.3));
#8831=VECTOR('',#8832,1.);
#8832=DIRECTION('',(0.,0.,-1.));
#8833=CARTESIAN_POINT('',(2.2,-4.5,7.3));
#8834=CARTESIAN_POINT('',(2.2,-4.5,7.3));
#8835=VECTOR('',#8836,1.);
#8836=DIRECTION('',(-1.,0.,0.));
#8837=CARTESIAN_POINT('',(2.2,-4.5,1.));
#8838=CARTESIAN_POINT('',(2.2,-4.5,1.));
#8839=VECTOR('',#8840,1.);
#8840=DIRECTION('',(0.,0.,1.));
#8841=CARTESIAN_POINT('',(0.949999999999999,-4.5,1.));
#8842=CARTESIAN_POINT('',(0.949999999999999,-4.5,1.));
#8843=VECTOR('',#8844,1.);
#8844=DIRECTION('',(1.,0.,0.));
#8845=CARTESIAN_POINT('',(0.95,-4.5,0.4));
#8846=CARTESIAN_POINT('',(0.949999999999999,-4.5,0.4));
#8847=VECTOR('',#8848,1.);
#8848=DIRECTION('',(0.,0.,1.));
#8849=CARTESIAN_POINT('',(2.05,-4.5,0.4));
#8850=CARTESIAN_POINT('',(2.05,-4.5,0.4));
#8851=VECTOR('',#8852,1.);
#8852=DIRECTION('',(-1.,0.,0.));
#8853=CARTESIAN_POINT('',(2.05,-4.5,4.81482486096809E-035));
#8854=CARTESIAN_POINT('',(2.05,-4.5,4.81482486096809E-035));
#8855=VECTOR('',#8856,1.);
#8856=DIRECTION('',(0.,0.,1.));
#8857=CARTESIAN_POINT('',(2.95000000000001,-4.5,4.81482486096809E-035));
#8858=CARTESIAN_POINT('',(2.95000000000001,-4.5,4.81482486096809E-035));
#8859=VECTOR('',#8860,1.);
#8860=DIRECTION('',(-1.,0.,0.));
#8861=CARTESIAN_POINT('',(2.95,-4.5,0.4));
#8862=CARTESIAN_POINT('',(2.95,-4.5,0.4));
#8863=VECTOR('',#8864,1.);
#8864=DIRECTION('',(0.,0.,-1.));
#8865=CARTESIAN_POINT('',(4.05,-4.5,0.4));
#8866=CARTESIAN_POINT('',(4.05,-4.5,0.4));
#8867=VECTOR('',#8868,1.);
#8868=DIRECTION('',(-1.,0.,0.));
#8869=CARTESIAN_POINT('',(4.05,-4.5,1.));
#8870=CARTESIAN_POINT('',(4.05,-4.5,1.));
#8871=VECTOR('',#8872,1.);
#8872=DIRECTION('',(0.,0.,-1.));
#8873=CARTESIAN_POINT('',(2.8,-4.5,1.));
#8874=CARTESIAN_POINT('',(2.8,-4.5,1.));
#8875=VECTOR('',#8876,1.);
#8876=DIRECTION('',(1.,0.,0.));
#8877=CARTESIAN_POINT('',(2.8,-4.5,7.3));
#8878=CARTESIAN_POINT('',(2.8,-4.5,7.3));
#8879=VECTOR('',#8880,1.);
#8880=DIRECTION('',(0.,0.,-1.));
#8881=CARTESIAN_POINT('',(7.2,-4.5,7.3));
#8882=CARTESIAN_POINT('',(7.2,-4.5,7.3));
#8883=VECTOR('',#8884,1.);
#8884=DIRECTION('',(-1.,0.,0.));
#8885=CARTESIAN_POINT('',(7.2,-4.5,1.));
#8886=CARTESIAN_POINT('',(7.2,-4.5,1.));
#8887=VECTOR('',#8888,1.);
#8888=DIRECTION('',(0.,0.,1.));
#8889=CARTESIAN_POINT('',(5.95,-4.5,1.));
#8890=CARTESIAN_POINT('',(5.95,-4.5,1.));
#8891=VECTOR('',#8892,1.);
#8892=DIRECTION('',(1.,0.,0.));
#8893=CARTESIAN_POINT('',(5.95,-4.5,0.4));
#8894=CARTESIAN_POINT('',(5.95,-4.5,0.4));
#8895=VECTOR('',#8896,1.);
#8896=DIRECTION('',(0.,0.,1.));
#8897=CARTESIAN_POINT('',(7.05,-4.5,0.4));
#8898=CARTESIAN_POINT('',(7.05,-4.5,0.4));
#8899=VECTOR('',#8900,1.);
#8900=DIRECTION('',(-1.,0.,0.));
#8901=CARTESIAN_POINT('',(7.05,-4.5,4.81482486096809E-035));
#8902=CARTESIAN_POINT('',(7.05,-4.5,4.81482486096809E-035));
#8903=VECTOR('',#8904,1.);
#8904=DIRECTION('',(0.,0.,1.));
#8905=CARTESIAN_POINT('',(7.95,-4.5,4.81482486096809E-035));
#8906=VECTOR('',#8907,1.);
#8907=DIRECTION('',(-1.,0.,0.));
#8908=CARTESIAN_POINT('',(12.95,4.5,0.));
#8909=VECTOR('',#8910,1.);
#8910=DIRECTION('',(-1.,0.,0.));
#8911=CARTESIAN_POINT('',(12.95,4.5,13.25));
#8912=VECTOR('',#8913,1.);
#8913=DIRECTION('',(-1.,0.,0.));
#8914=CARTESIAN_POINT('',(17.95,4.5,13.25));
#8915=AXIS2_PLACEMENT_3D('',#8916,#8917,#8918);
#8916=CARTESIAN_POINT('',(17.95,4.25,13.25));
#8917=DIRECTION('',(-1.,0.,0.));
#8918=DIRECTION('',(0.,0.,1.));
#8919=CARTESIAN_POINT('',(17.95,4.5,13.25));
#8920=VECTOR('',#8921,1.);
#8921=DIRECTION('',(-1.,0.,0.));
#8922=CARTESIAN_POINT('',(17.95,4.5,0.));
#8923=CARTESIAN_POINT('',(17.95,4.5,0.));
#8924=VECTOR('',#8925,1.);
#8925=DIRECTION('',(0.,0.,1.));
#8926=CARTESIAN_POINT('',(17.95,4.5,0.));
#8927=VECTOR('',#8928,1.);
#8928=DIRECTION('',(-1.,0.,0.));
#8929=CARTESIAN_POINT('',(17.95,-4.5,4.81482486096809E-035));
#8930=VECTOR('',#8931,1.);
#8931=DIRECTION('',(0.,1.,-5.34980540107565E-036));
#8932=AXIS2_PLACEMENT_3D('',#8933,#8934,#8935);
#8933=CARTESIAN_POINT('',(10.,0.,8.8));
#8934=DIRECTION('',(0.,0.,-1.));
#8935=DIRECTION('',(-0.759259259218096,0.650788273781564,0.));
#8936=CARTESIAN_POINT('',(10.95,0.,0.4));
#8937=CARTESIAN_POINT('',(10.95,0.,0.4));
#8938=VECTOR('',#8939,1.);
#8939=DIRECTION('',(0.,-1.,0.));
#8940=CARTESIAN_POINT('',(9.05,5.74590265603038E-017,0.4));
#8941=AXIS2_PLACEMENT_3D('',#8942,#8943,#8944);
#8942=CARTESIAN_POINT('',(10.,0.,0.4));
#8943=DIRECTION('',(0.,0.,1.));
#8944=DIRECTION('',(1.,0.,0.));
#8945=CARTESIAN_POINT('',(9.05,-4.5,0.4));
#8946=VECTOR('',#8947,1.);
#8947=DIRECTION('',(0.,1.,0.));
#8948=CARTESIAN_POINT('',(7.05,4.5,0.));
#8949=CARTESIAN_POINT('',(7.05,4.5,0.));
#8950=VECTOR('',#8951,1.);
#8951=DIRECTION('',(0.,-1.,5.34980540107565E-036));
#8952=CARTESIAN_POINT('',(7.95,4.5,0.));
#8953=VECTOR('',#8954,1.);
#8954=DIRECTION('',(-1.,0.,0.));
#8955=CARTESIAN_POINT('',(7.05000000000109,4.5,13.25));
#8956=CARTESIAN_POINT('',(7.05000000000001,4.5,13.25));
#8957=VECTOR('',#8958,1.);
#8958=DIRECTION('',(-5.36258668498189E-016,0.,-1.));
#8959=CARTESIAN_POINT('',(7.95,4.5,13.25));
#8960=VECTOR('',#8961,1.);
#8961=DIRECTION('',(-1.,0.,0.));
#8962=AXIS2_PLACEMENT_3D('',#8963,#8964,#8965);
#8963=CARTESIAN_POINT('',(7.05,4.25,13.25));
#8964=DIRECTION('',(-1.,0.,0.));
#8965=DIRECTION('',(0.,0.,1.));
#8966=CARTESIAN_POINT('',(7.05000000000036,4.,0.4));
#8967=CARTESIAN_POINT('',(7.05,-4.5,0.4));
#8968=VECTOR('',#8969,1.);
#8969=DIRECTION('',(0.,1.,0.));
#8970=CARTESIAN_POINT('',(7.05000000000145,4.,13.));
#8971=CARTESIAN_POINT('',(7.05000000000217,4.,0.4));
#8972=VECTOR('',#8973,1.);
#8973=DIRECTION('',(0.,0.,1.));
#8974=CARTESIAN_POINT('',(7.05,3.5,13.));
#8975=CARTESIAN_POINT('',(7.05,3.5,13.));
#8976=VECTOR('',#8977,1.);
#8977=DIRECTION('',(0.,1.,0.));
#8978=CARTESIAN_POINT('',(7.05,3.5,8.8));
#8979=CARTESIAN_POINT('',(7.05,3.5,8.8));
#8980=VECTOR('',#8981,1.);
#8981=DIRECTION('',(0.,0.,1.));
#8982=CARTESIAN_POINT('',(7.05,1.75712833921985,8.8));
#8983=CARTESIAN_POINT('',(7.05,1.75712833921985,8.8));
#8984=VECTOR('',#8985,1.);
#8985=DIRECTION('',(0.,1.,0.));
#8986=CARTESIAN_POINT('',(7.05,1.75712833921985,8.8));
#8987=VECTOR('',#8988,1.);
#8988=DIRECTION('',(0.,0.,1.));
#8989=CARTESIAN_POINT('',(2.95000000011114,1.75712833921022,8.8));
#8990=AXIS2_PLACEMENT_3D('',#8991,#8992,#8993);
#8991=CARTESIAN_POINT('',(5.,0.,8.8));
#8992=DIRECTION('',(0.,0.,-1.));
#8993=DIRECTION('',(-0.759259259218097,0.650788273781564,0.));
#8994=CARTESIAN_POINT('',(2.95,1.75712833930548,8.8));
#8995=VECTOR('',#8996,1.);
#8996=DIRECTION('',(0.,0.,1.));
#8997=CARTESIAN_POINT('',(2.95,4.5,13.25));
#8998=CARTESIAN_POINT('',(2.95000000000001,4.5,0.));
#8999=CARTESIAN_POINT('',(2.95,4.5,0.));
#9000=VECTOR('',#9001,1.);
#9001=DIRECTION('',(0.,0.,1.));
#9002=AXIS2_PLACEMENT_3D('',#9003,#9004,#9005);
#9003=CARTESIAN_POINT('',(2.95,4.25,13.25));
#9004=DIRECTION('',(-1.,0.,0.));
#9005=DIRECTION('',(0.,0.,1.));
#9006=CARTESIAN_POINT('',(2.95,3.5,8.8));
#9007=CARTESIAN_POINT('',(2.95,3.5,8.8));
#9008=VECTOR('',#9009,1.);
#9009=DIRECTION('',(0.,-1.,0.));
#9010=CARTESIAN_POINT('',(2.95,3.5,13.));
#9011=CARTESIAN_POINT('',(2.95,3.5,8.8));
#9012=VECTOR('',#9013,1.);
#9013=DIRECTION('',(0.,0.,1.));
#9014=CARTESIAN_POINT('',(2.95000000000144,4.,13.));
#9015=CARTESIAN_POINT('',(2.95,4.,13.));
#9016=VECTOR('',#9017,1.);
#9017=DIRECTION('',(0.,-1.,0.));
#9018=CARTESIAN_POINT('',(2.95000000000108,4.,0.4));
#9019=CARTESIAN_POINT('',(2.95,4.,0.4));
#9020=VECTOR('',#9021,1.);
#9021=DIRECTION('',(0.,0.,1.));
#9022=CARTESIAN_POINT('',(2.95,-4.5,0.4));
#9023=VECTOR('',#9024,1.);
#9024=DIRECTION('',(0.,1.,0.));
#9025=CARTESIAN_POINT('',(2.95,-4.5,4.81482486096809E-035));
#9026=VECTOR('',#9027,1.);
#9027=DIRECTION('',(0.,1.,-5.34980540107565E-036));
#9028=CARTESIAN_POINT('',(2.05,4.5,13.25));
#9029=CARTESIAN_POINT('',(2.95,4.5,13.25));
#9030=VECTOR('',#9031,1.);
#9031=DIRECTION('',(-1.,0.,0.));
#9032=AXIS2_PLACEMENT_3D('',#9033,#9034,#9035);
#9033=CARTESIAN_POINT('',(2.05,4.25,13.25));
#9034=DIRECTION('',(-1.,0.,0.));
#9035=DIRECTION('',(0.,0.,1.));
#9036=CARTESIAN_POINT('',(2.05,4.5,0.));
#9037=CARTESIAN_POINT('',(2.05,4.5,0.));
#9038=VECTOR('',#9039,1.);
#9039=DIRECTION('',(0.,-1.,5.34980540107565E-036));
#9040=CARTESIAN_POINT('',(2.05,4.,0.4));
#9041=CARTESIAN_POINT('',(2.05,-4.5,0.4));
#9042=VECTOR('',#9043,1.);
#9043=DIRECTION('',(0.,1.,0.));
#9044=CARTESIAN_POINT('',(2.05,4.,13.));
#9045=CARTESIAN_POINT('',(2.05,4.,0.4));
#9046=VECTOR('',#9047,1.);
#9047=DIRECTION('',(0.,0.,1.));
#9048=CARTESIAN_POINT('',(2.05,3.5,13.));
#9049=CARTESIAN_POINT('',(2.05,3.5,13.));
#9050=VECTOR('',#9051,1.);
#9051=DIRECTION('',(0.,1.,0.));
#9052=CARTESIAN_POINT('',(2.05,3.5,8.8));
#9053=CARTESIAN_POINT('',(2.05,3.5,8.8));
#9054=VECTOR('',#9055,1.);
#9055=DIRECTION('',(0.,0.,1.));
#9056=CARTESIAN_POINT('',(2.05,1.75712833969042,8.8));
#9057=CARTESIAN_POINT('',(2.05,1.75712833969042,8.8));
#9058=VECTOR('',#9059,1.);
#9059=DIRECTION('',(0.,1.,0.));
#9060=CARTESIAN_POINT('',(2.05,1.75712833969042,8.8));
#9061=VECTOR('',#9062,1.);
#9062=DIRECTION('',(0.,0.,1.));
#9063=CARTESIAN_POINT('',(2.05,4.5,13.25));
#9064=VECTOR('',#9065,1.);
#9065=DIRECTION('',(0.,0.,-1.));
#9066=CARTESIAN_POINT('',(-1.09999999993013,2.46576560121876,8.8));
#9067=AXIS2_PLACEMENT_3D('',#9068,#9069,#9070);
#9068=CARTESIAN_POINT('',(0.,0.,8.8));
#9069=DIRECTION('',(0.,0.,-1.));
#9070=DIRECTION('',(-0.407407407381529,0.913246518969911,0.));
#9071=CARTESIAN_POINT('',(-1.1,2.46576560137539,8.8));
#9072=VECTOR('',#9073,1.);
#9073=DIRECTION('',(0.,0.,1.));
#9074=CARTESIAN_POINT('',(-1.1,3.5,13.));
#9075=CARTESIAN_POINT('',(-1.1,3.5,13.));
#9076=VECTOR('',#9077,1.);
#9077=DIRECTION('',(0.,0.,1.));
#9078=CARTESIAN_POINT('',(-1.1,3.5,8.8));
#9079=CARTESIAN_POINT('',(-1.1,3.5,8.8));
#9080=VECTOR('',#9081,1.);
#9081=DIRECTION('',(0.,-1.,0.));
#9082=CARTESIAN_POINT('',(-1.1,3.5,8.8));
#9083=VECTOR('',#9084,1.);
#9084=DIRECTION('',(0.,0.,1.));
#9085=CARTESIAN_POINT('',(-1.6,4.,13.));
#9086=CARTESIAN_POINT('',(-1.6,4.,13.));
#9087=VECTOR('',#9088,1.);
#9088=DIRECTION('',(0.707106781186549,-0.707106781186546,0.));
#9089=CARTESIAN_POINT('',(-1.6,4.,13.));
#9090=VECTOR('',#9091,1.);
#9091=DIRECTION('',(0.,0.,1.));
#9092=CARTESIAN_POINT('',(-1.6,4.,0.4));
#9093=CARTESIAN_POINT('',(-1.6,4.,0.4));
#9094=VECTOR('',#9095,1.);
#9095=DIRECTION('',(0.,0.,1.));
#9096=CARTESIAN_POINT('',(-1.6,-4.5,0.4));
#9097=VECTOR('',#9098,1.);
#9098=DIRECTION('',(0.,1.,0.));
#9099=CARTESIAN_POINT('',(-1.6,4.5,0.));
#9100=CARTESIAN_POINT('',(-1.6,-4.5,4.81482486096809E-035));
#9101=VECTOR('',#9102,1.);
#9102=DIRECTION('',(0.,1.,-5.34980540107565E-036));
#9103=CARTESIAN_POINT('',(-1.6,4.5,13.25));
#9104=CARTESIAN_POINT('',(-1.6,4.5,0.));
#9105=VECTOR('',#9106,1.);
#9106=DIRECTION('',(0.,0.,1.));
#9107=AXIS2_PLACEMENT_3D('',#9108,#9109,#9110);
#9108=CARTESIAN_POINT('',(-1.6,4.25,13.25));
#9109=DIRECTION('',(-1.,0.,0.));
#9110=DIRECTION('',(0.,0.,1.));
#9111=CARTESIAN_POINT('',(-2.5,4.5,13.25));
#9112=CARTESIAN_POINT('',(-1.6,4.5,13.25));
#9113=VECTOR('',#9114,1.);
#9114=DIRECTION('',(-1.,0.,0.));
#9115=AXIS2_PLACEMENT_3D('',#9116,#9117,#9118);
#9116=CARTESIAN_POINT('',(-2.5,4.25,13.25));
#9117=DIRECTION('',(-1.,-0.,-0.));
#9118=DIRECTION('',(0.,0.,1.));
#9119=CARTESIAN_POINT('',(-2.5,3.1,8.8));
#9120=CARTESIAN_POINT('',(-2.5,3.1,13.5));
#9121=VECTOR('',#9122,1.);
#9122=DIRECTION('',(0.,0.,-1.));
#9123=CARTESIAN_POINT('',(-2.5,4.5,0.));
#9124=CARTESIAN_POINT('',(-2.5,4.5,13.25));
#9125=VECTOR('',#9126,1.);
#9126=DIRECTION('',(0.,0.,-1.));
#9127=CARTESIAN_POINT('',(-2.5,4.5,0.));
#9128=VECTOR('',#9129,1.);
#9129=DIRECTION('',(0.,-1.,5.34980540107565E-036));
#9130=CARTESIAN_POINT('',(-2.5,-4.25,8.8));
#9131=AXIS2_PLACEMENT_3D('',#9132,#9133,#9134);
#9132=CARTESIAN_POINT('',(-2.5,-4.25,8.55));
#9133=DIRECTION('',(-1.,-0.,-0.));
#9134=DIRECTION('',(0.,-1.,0.));
#9135=CARTESIAN_POINT('',(-2.5,-3.2,8.8));
#9136=CARTESIAN_POINT('',(-2.5,-4.25,8.8));
#9137=VECTOR('',#9138,1.);
#9138=DIRECTION('',(0.,1.,0.));
#9139=CARTESIAN_POINT('',(-2.5,-2.53174904722594,13.2868278257701));
#9140=CARTESIAN_POINT('',(-2.5,-3.2,8.8));
#9141=VECTOR('',#9142,1.);
#9142=DIRECTION('',(0.,0.147311303088737,0.989090177881824));
#9143=AXIS2_PLACEMENT_3D('',#9144,#9145,#9146);
#9144=CARTESIAN_POINT('',(-2.5,-2.28447650275517,13.25));
#9145=DIRECTION('',(-1.,-0.,-0.));
#9146=DIRECTION('',(0.,-0.989090177883092,0.147311303080222));
#9147=CARTESIAN_POINT('',(-2.5,-2.,8.8));
#9148=CARTESIAN_POINT('',(-2.5,-2.,8.8));
#9149=VECTOR('',#9150,1.);
#9150=DIRECTION('',(0.,0.,1.));
#9151=CARTESIAN_POINT('',(-2.5,-1.,8.8));
#9152=CARTESIAN_POINT('',(-2.5,-2.,8.8));
#9153=VECTOR('',#9154,1.);
#9154=DIRECTION('',(0.,1.,0.));
#9155=CARTESIAN_POINT('',(-2.5,-1.,8.8));
#9156=VECTOR('',#9157,1.);
#9157=DIRECTION('',(0.,0.,1.));
#9158=CARTESIAN_POINT('',(-2.5,2.3,8.8));
#9159=CARTESIAN_POINT('',(-2.5,2.3,8.8));
#9160=VECTOR('',#9161,1.);
#9161=DIRECTION('',(0.,0.,1.));
#9162=CARTESIAN_POINT('',(-2.5,2.3,8.8));
#9163=VECTOR('',#9164,1.);
#9164=DIRECTION('',(0.,1.,0.));
#9165=CARTESIAN_POINT('',(-1.7,3.4,8.8));
#9166=CARTESIAN_POINT('',(-1.7,3.4,8.8));
#9167=VECTOR('',#9168,1.);
#9168=DIRECTION('',(-0.936329177569045,-0.351123441588391,0.));
#9169=CARTESIAN_POINT('',(-1.7,3.4,8.8));
#9170=VECTOR('',#9171,1.);
#9171=DIRECTION('',(0.,0.,1.));
#9172=CARTESIAN_POINT('',(-1.7,2.,8.8));
#9173=CARTESIAN_POINT('',(-1.7,2.,8.8));
#9174=VECTOR('',#9175,1.);
#9175=DIRECTION('',(0.,1.,0.));
#9176=CARTESIAN_POINT('',(-1.7,2.,8.8));
#9177=VECTOR('',#9178,1.);
#9178=DIRECTION('',(0.,0.,1.));
#9179=CARTESIAN_POINT('',(-2.5,2.3,8.8));
#9180=VECTOR('',#9181,1.);
#9181=DIRECTION('',(0.936329177569045,-0.351123441588391,0.));
#9182=AXIS2_PLACEMENT_3D('',#9183,#9184,#9185);
#9183=CARTESIAN_POINT('',(-2.5,-1.5,8.8));
#9184=DIRECTION('',(0.,0.,1.));
#9185=DIRECTION('',(0.,-1.,0.));
#9186=CARTESIAN_POINT('',(22.5,-2.53174904722594,13.2868278257701));
#9187=AXIS2_PLACEMENT_3D('',#9188,#9189,#9190);
#9188=CARTESIAN_POINT('',(22.5,-2.28447650275517,13.25));
#9189=DIRECTION('',(-1.,-0.,-0.));
#9190=DIRECTION('',(0.,-0.989090177883092,0.147311303080222));
#9191=CARTESIAN_POINT('',(22.5,-2.53174904722594,13.2868278257701));
#9192=VECTOR('',#9193,1.);
#9193=DIRECTION('',(-1.,0.,0.));
#9194=CARTESIAN_POINT('',(22.5,-1.,8.8));
#9195=CARTESIAN_POINT('',(22.5,-1.,8.8));
#9196=VECTOR('',#9197,1.);
#9197=DIRECTION('',(0.,0.,1.));
#9198=CARTESIAN_POINT('',(22.5,-2.,8.8));
#9199=CARTESIAN_POINT('',(22.5,-2.,8.8));
#9200=VECTOR('',#9201,1.);
#9201=DIRECTION('',(0.,1.,0.));
#9202=CARTESIAN_POINT('',(22.5,-2.,8.8));
#9203=VECTOR('',#9204,1.);
#9204=DIRECTION('',(0.,0.,1.));
#9205=CARTESIAN_POINT('',(22.5,-3.2,8.8));
#9206=CARTESIAN_POINT('',(22.5,-3.2,8.8));
#9207=VECTOR('',#9208,1.);
#9208=DIRECTION('',(0.,0.147311303088737,0.989090177881824));
#9209=CARTESIAN_POINT('',(22.5,-4.25,8.8));
#9210=CARTESIAN_POINT('',(22.5,-4.25,8.8));
#9211=VECTOR('',#9212,1.);
#9212=DIRECTION('',(0.,1.,0.));
#9213=AXIS2_PLACEMENT_3D('',#9214,#9215,#9216);
#9214=CARTESIAN_POINT('',(22.5,-4.25,8.55));
#9215=DIRECTION('',(-1.,-0.,-0.));
#9216=DIRECTION('',(0.,-1.,0.));
#9217=CARTESIAN_POINT('',(22.5,4.5,0.));
#9218=CARTESIAN_POINT('',(22.5,4.5,0.));
#9219=VECTOR('',#9220,1.);
#9220=DIRECTION('',(0.,-1.,5.34980540107565E-036));
#9221=CARTESIAN_POINT('',(22.5,4.5,13.25));
#9222=CARTESIAN_POINT('',(22.5,4.5,13.25));
#9223=VECTOR('',#9224,1.);
#9224=DIRECTION('',(0.,0.,-1.));
#9225=AXIS2_PLACEMENT_3D('',#9226,#9227,#9228);
#9226=CARTESIAN_POINT('',(22.5,4.25,13.25));
#9227=DIRECTION('',(-1.,-0.,-0.));
#9228=DIRECTION('',(0.,0.,1.));
#9229=CARTESIAN_POINT('',(22.5,3.1,8.8));
#9230=CARTESIAN_POINT('',(22.5,3.1,13.5));
#9231=VECTOR('',#9232,1.);
#9232=DIRECTION('',(0.,0.,-1.));
#9233=CARTESIAN_POINT('',(22.5,2.3,8.8));
#9234=CARTESIAN_POINT('',(22.5,2.3,8.8));
#9235=VECTOR('',#9236,1.);
#9236=DIRECTION('',(0.,1.,0.));
#9237=CARTESIAN_POINT('',(22.5,2.3,8.8));
#9238=VECTOR('',#9239,1.);
#9239=DIRECTION('',(0.,0.,1.));
#9240=AXIS2_PLACEMENT_3D('',#9241,#9242,#9243);
#9241=CARTESIAN_POINT('',(22.5,-1.5,8.8));
#9242=DIRECTION('',(0.,0.,1.));
#9243=DIRECTION('',(0.,1.,0.));
#9244=CARTESIAN_POINT('',(23.3,2.,8.8));
#9245=CARTESIAN_POINT('',(22.5,2.3,8.8));
#9246=VECTOR('',#9247,1.);
#9247=DIRECTION('',(0.936329177569044,-0.351123441588392,0.));
#9248=CARTESIAN_POINT('',(23.3,2.,8.8));
#9249=VECTOR('',#9250,1.);
#9250=DIRECTION('',(0.,0.,1.));
#9251=CARTESIAN_POINT('',(23.3,3.4,8.8));
#9252=CARTESIAN_POINT('',(23.3,2.,8.8));
#9253=VECTOR('',#9254,1.);
#9254=DIRECTION('',(0.,1.,0.));
#9255=CARTESIAN_POINT('',(23.3,3.4,8.8));
#9256=VECTOR('',#9257,1.);
#9257=DIRECTION('',(0.,0.,1.));
#9258=CARTESIAN_POINT('',(23.3,3.4,8.8));
#9259=VECTOR('',#9260,1.);
#9260=DIRECTION('',(-0.936329177569044,-0.351123441588392,0.));
#9261=CARTESIAN_POINT('',(21.6,4.5,13.25));
#9262=AXIS2_PLACEMENT_3D('',#9263,#9264,#9265);
#9263=CARTESIAN_POINT('',(21.6,4.25,13.25));
#9264=DIRECTION('',(-1.,0.,0.));
#9265=DIRECTION('',(0.,0.,1.));
#9266=CARTESIAN_POINT('',(22.5,4.5,13.25));
#9267=VECTOR('',#9268,1.);
#9268=DIRECTION('',(-1.,0.,0.));
#9269=CARTESIAN_POINT('',(21.6,4.5,0.));
#9270=CARTESIAN_POINT('',(21.6,4.5,0.));
#9271=VECTOR('',#9272,1.);
#9272=DIRECTION('',(0.,-1.,5.34980540107565E-036));
#9273=CARTESIAN_POINT('',(21.6,4.,0.4));
#9274=CARTESIAN_POINT('',(21.6,-4.5,0.4));
#9275=VECTOR('',#9276,1.);
#9276=DIRECTION('',(0.,1.,0.));
#9277=CARTESIAN_POINT('',(21.6,4.,13.));
#9278=CARTESIAN_POINT('',(21.6,4.,0.4));
#9279=VECTOR('',#9280,1.);
#9280=DIRECTION('',(0.,0.,1.));
#9281=CARTESIAN_POINT('',(21.6,3.5,13.));
#9282=CARTESIAN_POINT('',(21.6,3.5,13.));
#9283=VECTOR('',#9284,1.);
#9284=DIRECTION('',(0.,1.,0.));
#9285=CARTESIAN_POINT('',(21.6,3.5,8.8));
#9286=CARTESIAN_POINT('',(21.6,3.5,8.8));
#9287=VECTOR('',#9288,1.);
#9288=DIRECTION('',(0.,0.,1.));
#9289=CARTESIAN_POINT('',(21.6,2.17485631709315,8.8));
#9290=CARTESIAN_POINT('',(21.6,2.17485631709315,8.8));
#9291=VECTOR('',#9292,1.);
#9292=DIRECTION('',(0.,1.,0.));
#9293=CARTESIAN_POINT('',(21.6,2.17485631709315,8.8));
#9294=VECTOR('',#9295,1.);
#9295=DIRECTION('',(0.,0.,1.));
#9296=CARTESIAN_POINT('',(21.6,4.5,13.25));
#9297=VECTOR('',#9298,1.);
#9298=DIRECTION('',(0.,0.,-1.));
#9299=CARTESIAN_POINT('',(17.95,1.75712833908056,8.8));
#9300=AXIS2_PLACEMENT_3D('',#9301,#9302,#9303);
#9301=CARTESIAN_POINT('',(20.,0.,8.8));
#9302=DIRECTION('',(0.,0.,-1.));
#9303=DIRECTION('',(-0.75925925925926,0.65078827373354,0.));
#9304=CARTESIAN_POINT('',(17.95,1.75712833908056,8.8));
#9305=VECTOR('',#9306,1.);
#9306=DIRECTION('',(0.,0.,1.));
#9307=CARTESIAN_POINT('',(17.95,3.5,8.8));
#9308=CARTESIAN_POINT('',(17.95,3.5,8.8));
#9309=VECTOR('',#9310,1.);
#9310=DIRECTION('',(0.,-1.,0.));
#9311=CARTESIAN_POINT('',(17.95,3.5,13.));
#9312=CARTESIAN_POINT('',(17.95,3.5,8.8));
#9313=VECTOR('',#9314,1.);
#9314=DIRECTION('',(0.,0.,1.));
#9315=CARTESIAN_POINT('',(17.95,4.,13.));
#9316=CARTESIAN_POINT('',(17.95,4.,13.));
#9317=VECTOR('',#9318,1.);
#9318=DIRECTION('',(0.,-1.,0.));
#9319=CARTESIAN_POINT('',(17.95,4.,0.4));
#9320=CARTESIAN_POINT('',(17.95,4.,0.4));
#9321=VECTOR('',#9322,1.);
#9322=DIRECTION('',(0.,0.,1.));
#9323=CARTESIAN_POINT('',(17.95,-4.5,0.4));
#9324=VECTOR('',#9325,1.);
#9325=DIRECTION('',(0.,1.,0.));
#9326=CARTESIAN_POINT('',(5.,2.,13.2));
#9327=AXIS2_PLACEMENT_3D('',#9328,#9329,#9330);
#9328=CARTESIAN_POINT('',(5.,-5.11958885233336E-030,13.2));
#9329=DIRECTION('',(-0.,1.21461182736277E-031,1.));
#9330=DIRECTION('',(0.,1.,-1.21461182736277E-031));
#9331=CARTESIAN_POINT('',(10.,2.,13.2));
#9332=AXIS2_PLACEMENT_3D('',#9333,#9334,#9335);
#9333=CARTESIAN_POINT('',(10.,-5.11958885233336E-030,13.2));
#9334=DIRECTION('',(-0.,1.21461182736277E-031,1.));
#9335=DIRECTION('',(0.,1.,-1.21461182736277E-031));
#9336=CARTESIAN_POINT('',(15.,2.,13.2));
#9337=AXIS2_PLACEMENT_3D('',#9338,#9339,#9340);
#9338=CARTESIAN_POINT('',(15.,-5.11958885233336E-030,13.2));
#9339=DIRECTION('',(-0.,1.21461182736277E-031,1.));
#9340=DIRECTION('',(0.,1.,-1.21461182736277E-031));
#9341=CARTESIAN_POINT('',(20.,2.,13.2));
#9342=AXIS2_PLACEMENT_3D('',#9343,#9344,#9345);
#9343=CARTESIAN_POINT('',(20.,-5.11958885233336E-030,13.2));
#9344=DIRECTION('',(-0.,1.21461182736277E-031,1.));
#9345=DIRECTION('',(0.,1.,-1.21461182736277E-031));
#9346=CARTESIAN_POINT('',(0.,2.,13.2));
#9347=AXIS2_PLACEMENT_3D('',#9348,#9349,#9350);
#9348=CARTESIAN_POINT('',(0.,-5.11958885233336E-030,13.2));
#9349=DIRECTION('',(-0.,1.21461182736277E-031,1.));
#9350=DIRECTION('',(0.,1.,-1.21461182736277E-031));
#9351=CARTESIAN_POINT('',(18.,-1.5,8.8));
#9352=AXIS2_PLACEMENT_3D('',#9353,#9354,#9355);
#9353=CARTESIAN_POINT('',(17.5,-1.5,8.8));
#9354=DIRECTION('',(0.,-0.,1.));
#9355=DIRECTION('',(1.,0.,0.));
#9356=CARTESIAN_POINT('',(13.,-1.5,8.8));
#9357=AXIS2_PLACEMENT_3D('',#9358,#9359,#9360);
#9358=CARTESIAN_POINT('',(12.5,-1.5,8.8));
#9359=DIRECTION('',(0.,-0.,1.));
#9360=DIRECTION('',(1.,0.,0.));
#9361=CARTESIAN_POINT('',(8.,-1.5,8.8));
#9362=AXIS2_PLACEMENT_3D('',#9363,#9364,#9365);
#9363=CARTESIAN_POINT('',(7.5,-1.5,8.8));
#9364=DIRECTION('',(0.,-0.,1.));
#9365=DIRECTION('',(1.,0.,0.));
#9366=CARTESIAN_POINT('',(3.,-1.5,8.8));
#9367=AXIS2_PLACEMENT_3D('',#9368,#9369,#9370);
#9368=CARTESIAN_POINT('',(2.5,-1.5,8.8));
#9369=DIRECTION('',(0.,-0.,1.));
#9370=DIRECTION('',(1.,0.,0.));
#9371=CARTESIAN_POINT('',(15.95,0.,1.));
#9372=CARTESIAN_POINT('',(15.95,0.,1.));
#9373=VECTOR('',#9374,1.);
#9374=DIRECTION('',(0.,-1.,0.));
#9375=CARTESIAN_POINT('',(15.95,0.,0.4));
#9376=VECTOR('',#9377,1.);
#9377=DIRECTION('',(0.,0.,1.));
#9378=CARTESIAN_POINT('',(14.05,5.74590265603038E-017,1.));
#9379=AXIS2_PLACEMENT_3D('',#9380,#9381,#9382);
#9380=CARTESIAN_POINT('',(15.,0.,1.));
#9381=DIRECTION('',(0.,0.,1.));
#9382=DIRECTION('',(1.,0.,0.));
#9383=CARTESIAN_POINT('',(14.05,-1.42339279839099E-018,0.4));
#9384=VECTOR('',#9385,1.);
#9385=DIRECTION('',(0.,0.,1.));
#9386=CARTESIAN_POINT('',(14.05,-4.5,1.));
#9387=VECTOR('',#9388,1.);
#9388=DIRECTION('',(0.,1.,0.));
#9389=CARTESIAN_POINT('',(9.05,5.74590265603038E-017,1.));
#9390=CARTESIAN_POINT('',(9.05,-1.42339279839099E-018,0.4));
#9391=VECTOR('',#9392,1.);
#9392=DIRECTION('',(0.,0.,1.));
#9393=CARTESIAN_POINT('',(9.05,-4.5,1.));
#9394=VECTOR('',#9395,1.);
#9395=DIRECTION('',(0.,1.,0.));
#9396=CARTESIAN_POINT('',(10.95,0.,1.));
#9397=AXIS2_PLACEMENT_3D('',#9398,#9399,#9400);
#9398=CARTESIAN_POINT('',(10.,0.,1.));
#9399=DIRECTION('',(0.,0.,1.));
#9400=DIRECTION('',(1.,0.,0.));
#9401=CARTESIAN_POINT('',(10.95,0.,1.));
#9402=VECTOR('',#9403,1.);
#9403=DIRECTION('',(0.,-1.,0.));
#9404=CARTESIAN_POINT('',(12.05,-4.08787838708181,1.));
#9405=CARTESIAN_POINT('',(12.2,-4.5,1.));
#9406=VECTOR('',#9407,1.);
#9407=DIRECTION('',(-0.342020143325673,0.939692620785907,0.));
#9408=CARTESIAN_POINT('',(12.05,2.5,1.));
#9409=CARTESIAN_POINT('',(12.05,-4.08787838708181,1.));
#9410=VECTOR('',#9411,1.);
#9411=DIRECTION('',(0.,1.,-1.34820099509086E-016));
#9412=CARTESIAN_POINT('',(11.15,2.5,1.));
#9413=CARTESIAN_POINT('',(12.05,2.5,1.));
#9414=VECTOR('',#9415,1.);
#9415=DIRECTION('',(-1.,9.86864910777915E-016,0.));
#9416=CARTESIAN_POINT('',(11.15,3.5,1.));
#9417=CARTESIAN_POINT('',(11.15,2.5,1.));
#9418=VECTOR('',#9419,1.);
#9419=DIRECTION('',(0.,1.,0.));
#9420=CARTESIAN_POINT('',(8.85,3.5,1.));
#9421=CARTESIAN_POINT('',(11.15,3.5,1.));
#9422=VECTOR('',#9423,1.);
#9423=DIRECTION('',(-1.,0.,0.));
#9424=CARTESIAN_POINT('',(8.85,2.5,1.));
#9425=CARTESIAN_POINT('',(8.85,2.5,1.));
#9426=VECTOR('',#9427,1.);
#9427=DIRECTION('',(0.,1.,0.));
#9428=CARTESIAN_POINT('',(7.95,2.5,1.));
#9429=CARTESIAN_POINT('',(8.85,2.5,1.));
#9430=VECTOR('',#9431,1.);
#9431=DIRECTION('',(-1.,0.,0.));
#9432=CARTESIAN_POINT('',(7.95,-4.08787838708181,1.));
#9433=CARTESIAN_POINT('',(7.95,-4.08787838708181,1.));
#9434=VECTOR('',#9435,1.);
#9435=DIRECTION('',(0.,1.,0.));
#9436=CARTESIAN_POINT('',(7.95,-4.08787838708181,1.));
#9437=VECTOR('',#9438,1.);
#9438=DIRECTION('',(-0.342020143325671,-0.939692620785908,0.));
#9439=CARTESIAN_POINT('',(7.95,-4.08787838708181,7.3));
#9440=CARTESIAN_POINT('',(7.95,-4.08787838708181,7.3));
#9441=VECTOR('',#9442,1.);
#9442=DIRECTION('',(0.,0.,-1.));
#9443=CARTESIAN_POINT('',(7.8,-4.5,7.3));
#9444=VECTOR('',#9445,1.);
#9445=DIRECTION('',(0.342020143325667,0.939692620785909,0.));
#9446=CARTESIAN_POINT('',(12.05,-4.08787838708181,7.3));
#9447=CARTESIAN_POINT('',(12.05,-4.08787838708181,7.3));
#9448=VECTOR('',#9449,1.);
#9449=DIRECTION('',(0.342020143325669,-0.939692620785908,0.));
#9450=CARTESIAN_POINT('',(7.95,2.5,7.3));
#9451=CARTESIAN_POINT('',(7.95,-4.08787838708181,7.3));
#9452=VECTOR('',#9453,1.);
#9453=DIRECTION('',(0.,1.,1.34820099509086E-016));
#9454=CARTESIAN_POINT('',(8.85,2.5,7.3));
#9455=CARTESIAN_POINT('',(7.95,2.5,7.3));
#9456=VECTOR('',#9457,1.);
#9457=DIRECTION('',(1.,0.,0.));
#9458=CARTESIAN_POINT('',(8.85,3.5,7.3));
#9459=CARTESIAN_POINT('',(8.85,2.5,7.3));
#9460=VECTOR('',#9461,1.);
#9461=DIRECTION('',(0.,1.,0.));
#9462=CARTESIAN_POINT('',(11.15,3.5,7.3));
#9463=CARTESIAN_POINT('',(8.85,3.5,7.3));
#9464=VECTOR('',#9465,1.);
#9465=DIRECTION('',(1.,0.,0.));
#9466=CARTESIAN_POINT('',(11.15,2.5,7.3));
#9467=CARTESIAN_POINT('',(11.15,2.5,7.3));
#9468=VECTOR('',#9469,1.);
#9469=DIRECTION('',(0.,1.,0.));
#9470=CARTESIAN_POINT('',(12.05,2.5,7.3));
#9471=CARTESIAN_POINT('',(11.15,2.5,7.3));
#9472=VECTOR('',#9473,1.);
#9473=DIRECTION('',(1.,0.,0.));
#9474=CARTESIAN_POINT('',(12.05,-4.08787838708181,7.3));
#9475=VECTOR('',#9476,1.);
#9476=DIRECTION('',(0.,1.,0.));
#9477=CARTESIAN_POINT('',(10.,1.5,7.3));
#9478=AXIS2_PLACEMENT_3D('',#9479,#9480,#9481);
#9479=CARTESIAN_POINT('',(10.,0.,7.3));
#9480=DIRECTION('',(0.,0.,1.));
#9481=DIRECTION('',(0.,1.,0.));
#9482=CARTESIAN_POINT('',(12.05,-4.08787838708181,1.));
#9483=VECTOR('',#9484,1.);
#9484=DIRECTION('',(0.,0.,1.));
#9485=CARTESIAN_POINT('',(10.95,0.,0.4));
#9486=VECTOR('',#9487,1.);
#9487=DIRECTION('',(0.,0.,1.));
#9488=CARTESIAN_POINT('',(17.05,-4.08787838708181,1.));
#9489=CARTESIAN_POINT('',(17.2,-4.5,1.));
#9490=VECTOR('',#9491,1.);
#9491=DIRECTION('',(-0.342020143325666,0.939692620785909,0.));
#9492=CARTESIAN_POINT('',(17.05,2.5,1.));
#9493=CARTESIAN_POINT('',(17.05,-4.08787838708181,1.));
#9494=VECTOR('',#9495,1.);
#9495=DIRECTION('',(0.,1.,-1.34820099509086E-016));
#9496=CARTESIAN_POINT('',(16.15,2.5,1.));
#9497=CARTESIAN_POINT('',(17.05,2.5,1.));
#9498=VECTOR('',#9499,1.);
#9499=DIRECTION('',(-1.,9.86864910777915E-016,0.));
#9500=CARTESIAN_POINT('',(16.15,3.5,1.));
#9501=CARTESIAN_POINT('',(16.15,2.5,1.));
#9502=VECTOR('',#9503,1.);
#9503=DIRECTION('',(0.,1.,0.));
#9504=CARTESIAN_POINT('',(13.85,3.5,1.));
#9505=CARTESIAN_POINT('',(16.15,3.5,1.));
#9506=VECTOR('',#9507,1.);
#9507=DIRECTION('',(-1.,0.,0.));
#9508=CARTESIAN_POINT('',(13.85,2.5,1.));
#9509=CARTESIAN_POINT('',(13.85,2.5,1.));
#9510=VECTOR('',#9511,1.);
#9511=DIRECTION('',(0.,1.,0.));
#9512=CARTESIAN_POINT('',(12.95,2.5,1.));
#9513=CARTESIAN_POINT('',(13.85,2.5,1.));
#9514=VECTOR('',#9515,1.);
#9515=DIRECTION('',(-1.,0.,0.));
#9516=CARTESIAN_POINT('',(12.95,-4.08787838708181,1.));
#9517=CARTESIAN_POINT('',(12.95,-4.08787838708181,1.));
#9518=VECTOR('',#9519,1.);
#9519=DIRECTION('',(0.,1.,0.));
#9520=CARTESIAN_POINT('',(12.95,-4.08787838708181,1.));
#9521=VECTOR('',#9522,1.);
#9522=DIRECTION('',(-0.342020143325669,-0.939692620785908,0.));
#9523=CARTESIAN_POINT('',(12.95,-4.08787838708181,7.3));
#9524=CARTESIAN_POINT('',(12.95,-4.08787838708181,7.3));
#9525=VECTOR('',#9526,1.);
#9526=DIRECTION('',(0.,0.,-1.));
#9527=CARTESIAN_POINT('',(12.8,-4.5,7.3));
#9528=VECTOR('',#9529,1.);
#9529=DIRECTION('',(0.342020143325669,0.939692620785908,0.));
#9530=CARTESIAN_POINT('',(17.05,-4.08787838708181,7.3));
#9531=CARTESIAN_POINT('',(17.05,-4.08787838708181,7.3));
#9532=VECTOR('',#9533,1.);
#9533=DIRECTION('',(0.342020143325666,-0.939692620785909,0.));
#9534=CARTESIAN_POINT('',(12.95,2.5,7.3));
#9535=CARTESIAN_POINT('',(12.95,-4.08787838708181,7.3));
#9536=VECTOR('',#9537,1.);
#9537=DIRECTION('',(0.,1.,1.34820099509086E-016));
#9538=CARTESIAN_POINT('',(13.85,2.5,7.3));
#9539=CARTESIAN_POINT('',(12.95,2.5,7.3));
#9540=VECTOR('',#9541,1.);
#9541=DIRECTION('',(1.,0.,0.));
#9542=CARTESIAN_POINT('',(13.85,3.5,7.3));
#9543=CARTESIAN_POINT('',(13.85,2.5,7.3));
#9544=VECTOR('',#9545,1.);
#9545=DIRECTION('',(0.,1.,0.));
#9546=CARTESIAN_POINT('',(16.15,3.5,7.3));
#9547=CARTESIAN_POINT('',(13.85,3.5,7.3));
#9548=VECTOR('',#9549,1.);
#9549=DIRECTION('',(1.,0.,0.));
#9550=CARTESIAN_POINT('',(16.15,2.5,7.3));
#9551=CARTESIAN_POINT('',(16.15,2.5,7.3));
#9552=VECTOR('',#9553,1.);
#9553=DIRECTION('',(0.,1.,0.));
#9554=CARTESIAN_POINT('',(17.05,2.5,7.3));
#9555=CARTESIAN_POINT('',(16.15,2.5,7.3));
#9556=VECTOR('',#9557,1.);
#9557=DIRECTION('',(1.,0.,0.));
#9558=CARTESIAN_POINT('',(17.05,-4.08787838708181,7.3));
#9559=VECTOR('',#9560,1.);
#9560=DIRECTION('',(0.,1.,0.));
#9561=CARTESIAN_POINT('',(15.,1.5,7.3));
#9562=AXIS2_PLACEMENT_3D('',#9563,#9564,#9565);
#9563=CARTESIAN_POINT('',(15.,0.,7.3));
#9564=DIRECTION('',(0.,0.,1.));
#9565=DIRECTION('',(0.,1.,0.));
#9566=CARTESIAN_POINT('',(17.05,-4.08787838708181,1.));
#9567=VECTOR('',#9568,1.);
#9568=DIRECTION('',(0.,0.,1.));
#9569=CARTESIAN_POINT('',(19.05,5.74590265603038E-017,0.4));
#9570=CARTESIAN_POINT('',(19.05,0.,0.4));
#9571=VECTOR('',#9572,1.);
#9572=DIRECTION('',(0.,-1.,0.));
#9573=CARTESIAN_POINT('',(17.95,4.,0.4));
#9574=VECTOR('',#9575,1.);
#9575=DIRECTION('',(1.,0.,0.));
#9576=CARTESIAN_POINT('',(20.95,0.,0.4));
#9577=CARTESIAN_POINT('',(20.95,-4.5,0.4));
#9578=VECTOR('',#9579,1.);
#9579=DIRECTION('',(0.,1.,0.));
#9580=AXIS2_PLACEMENT_3D('',#9581,#9582,#9583);
#9581=CARTESIAN_POINT('',(20.,0.,0.4));
#9582=DIRECTION('',(0.,0.,1.));
#9583=DIRECTION('',(1.,0.,0.));
#9584=CARTESIAN_POINT('',(19.05,5.74590265603038E-017,1.));
#9585=CARTESIAN_POINT('',(19.05,-1.42339279839099E-018,0.4));
#9586=VECTOR('',#9587,1.);
#9587=DIRECTION('',(0.,0.,1.));
#9588=CARTESIAN_POINT('',(19.05,-4.5,1.));
#9589=VECTOR('',#9590,1.);
#9590=DIRECTION('',(0.,1.,0.));
#9591=CARTESIAN_POINT('',(20.95,0.,1.));
#9592=AXIS2_PLACEMENT_3D('',#9593,#9594,#9595);
#9593=CARTESIAN_POINT('',(20.,0.,1.));
#9594=DIRECTION('',(0.,0.,1.));
#9595=DIRECTION('',(1.,0.,0.));
#9596=CARTESIAN_POINT('',(20.95,0.,1.));
#9597=VECTOR('',#9598,1.);
#9598=DIRECTION('',(0.,-1.,0.));
#9599=CARTESIAN_POINT('',(22.05,-4.08787838708181,1.));
#9600=CARTESIAN_POINT('',(22.2,-4.5,1.));
#9601=VECTOR('',#9602,1.);
#9602=DIRECTION('',(-0.342020143325666,0.939692620785909,0.));
#9603=CARTESIAN_POINT('',(22.05,2.5,1.));
#9604=CARTESIAN_POINT('',(22.05,-4.08787838708181,1.));
#9605=VECTOR('',#9606,1.);
#9606=DIRECTION('',(0.,1.,-1.34820099509086E-016));
#9607=CARTESIAN_POINT('',(21.15,2.5,1.));
#9608=CARTESIAN_POINT('',(22.05,2.5,1.));
#9609=VECTOR('',#9610,1.);
#9610=DIRECTION('',(-1.,9.86864910777915E-016,0.));
#9611=CARTESIAN_POINT('',(21.15,3.5,1.));
#9612=CARTESIAN_POINT('',(21.15,2.5,1.));
#9613=VECTOR('',#9614,1.);
#9614=DIRECTION('',(0.,1.,0.));
#9615=CARTESIAN_POINT('',(18.85,3.5,1.));
#9616=CARTESIAN_POINT('',(21.15,3.5,1.));
#9617=VECTOR('',#9618,1.);
#9618=DIRECTION('',(-1.,0.,0.));
#9619=CARTESIAN_POINT('',(18.85,2.5,1.));
#9620=CARTESIAN_POINT('',(18.85,2.5,1.));
#9621=VECTOR('',#9622,1.);
#9622=DIRECTION('',(0.,1.,0.));
#9623=CARTESIAN_POINT('',(17.95,2.5,1.));
#9624=CARTESIAN_POINT('',(18.85,2.5,1.));
#9625=VECTOR('',#9626,1.);
#9626=DIRECTION('',(-1.,0.,0.));
#9627=CARTESIAN_POINT('',(17.95,-4.08787838708181,1.));
#9628=CARTESIAN_POINT('',(17.95,-4.08787838708181,1.));
#9629=VECTOR('',#9630,1.);
#9630=DIRECTION('',(0.,1.,0.));
#9631=CARTESIAN_POINT('',(17.95,-4.08787838708181,1.));
#9632=VECTOR('',#9633,1.);
#9633=DIRECTION('',(-0.342020143325666,-0.939692620785909,0.));
#9634=CARTESIAN_POINT('',(17.95,-4.08787838708181,7.3));
#9635=CARTESIAN_POINT('',(17.95,-4.08787838708181,7.3));
#9636=VECTOR('',#9637,1.);
#9637=DIRECTION('',(0.,0.,-1.));
#9638=CARTESIAN_POINT('',(17.8,-4.5,7.3));
#9639=VECTOR('',#9640,1.);
#9640=DIRECTION('',(0.342020143325666,0.939692620785909,0.));
#9641=CARTESIAN_POINT('',(22.05,-4.08787838708181,7.3));
#9642=CARTESIAN_POINT('',(22.05,-4.08787838708181,7.3));
#9643=VECTOR('',#9644,1.);
#9644=DIRECTION('',(0.342020143325666,-0.939692620785909,0.));
#9645=CARTESIAN_POINT('',(17.95,2.5,7.3));
#9646=CARTESIAN_POINT('',(17.95,-4.08787838708181,7.3));
#9647=VECTOR('',#9648,1.);
#9648=DIRECTION('',(0.,1.,1.34820099509086E-016));
#9649=CARTESIAN_POINT('',(18.85,2.5,7.3));
#9650=CARTESIAN_POINT('',(17.95,2.5,7.3));
#9651=VECTOR('',#9652,1.);
#9652=DIRECTION('',(1.,0.,0.));
#9653=CARTESIAN_POINT('',(18.85,3.5,7.3));
#9654=CARTESIAN_POINT('',(18.85,2.5,7.3));
#9655=VECTOR('',#9656,1.);
#9656=DIRECTION('',(0.,1.,0.));
#9657=CARTESIAN_POINT('',(21.15,3.5,7.3));
#9658=CARTESIAN_POINT('',(18.85,3.5,7.3));
#9659=VECTOR('',#9660,1.);
#9660=DIRECTION('',(1.,0.,0.));
#9661=CARTESIAN_POINT('',(21.15,2.5,7.3));
#9662=CARTESIAN_POINT('',(21.15,2.5,7.3));
#9663=VECTOR('',#9664,1.);
#9664=DIRECTION('',(0.,1.,0.));
#9665=CARTESIAN_POINT('',(22.05,2.5,7.3));
#9666=CARTESIAN_POINT('',(21.15,2.5,7.3));
#9667=VECTOR('',#9668,1.);
#9668=DIRECTION('',(1.,0.,0.));
#9669=CARTESIAN_POINT('',(22.05,-4.08787838708181,7.3));
#9670=VECTOR('',#9671,1.);
#9671=DIRECTION('',(0.,1.,0.));
#9672=CARTESIAN_POINT('',(20.,1.5,7.3));
#9673=AXIS2_PLACEMENT_3D('',#9674,#9675,#9676);
#9674=CARTESIAN_POINT('',(20.,0.,7.3));
#9675=DIRECTION('',(0.,0.,1.));
#9676=DIRECTION('',(0.,1.,0.));
#9677=CARTESIAN_POINT('',(22.05,-4.08787838708181,1.));
#9678=VECTOR('',#9679,1.);
#9679=DIRECTION('',(0.,0.,1.));
#9680=CARTESIAN_POINT('',(20.95,0.,0.4));
#9681=VECTOR('',#9682,1.);
#9682=DIRECTION('',(0.,0.,1.));
#9683=CARTESIAN_POINT('',(22.5,4.5,0.));
#9684=VECTOR('',#9685,1.);
#9685=DIRECTION('',(-1.,0.,0.));
#9686=CARTESIAN_POINT('',(22.5,-4.25,8.8));
#9687=VECTOR('',#9688,1.);
#9688=DIRECTION('',(-1.,0.,0.));
#9689=CARTESIAN_POINT('',(-1.6,4.5,0.));
#9690=VECTOR('',#9691,1.);
#9691=DIRECTION('',(-1.,0.,0.));
#9692=CARTESIAN_POINT('',(-1.6,4.,0.4));
#9693=VECTOR('',#9694,1.);
#9694=DIRECTION('',(1.,0.,0.));
#9695=CARTESIAN_POINT('',(0.95,0.,0.4));
#9696=CARTESIAN_POINT('',(0.95,0.,0.4));
#9697=VECTOR('',#9698,1.);
#9698=DIRECTION('',(0.,-1.,0.));
#9699=CARTESIAN_POINT('',(-0.95,5.74590265603038E-017,0.4));
#9700=AXIS2_PLACEMENT_3D('',#9701,#9702,#9703);
#9701=CARTESIAN_POINT('',(0.,0.,0.4));
#9702=DIRECTION('',(0.,0.,1.));
#9703=DIRECTION('',(1.,0.,0.));
#9704=CARTESIAN_POINT('',(-0.95,-4.5,0.4));
#9705=VECTOR('',#9706,1.);
#9706=DIRECTION('',(0.,1.,0.));
#9707=CARTESIAN_POINT('',(-0.95,5.74590265603038E-017,1.));
#9708=CARTESIAN_POINT('',(-0.95,-1.42339279839099E-018,0.4));
#9709=VECTOR('',#9710,1.);
#9710=DIRECTION('',(0.,0.,1.));
#9711=CARTESIAN_POINT('',(-0.95,-4.5,1.));
#9712=VECTOR('',#9713,1.);
#9713=DIRECTION('',(0.,1.,0.));
#9714=CARTESIAN_POINT('',(0.95,0.,1.));
#9715=AXIS2_PLACEMENT_3D('',#9716,#9717,#9718);
#9716=CARTESIAN_POINT('',(0.,0.,1.));
#9717=DIRECTION('',(0.,0.,1.));
#9718=DIRECTION('',(1.,0.,0.));
#9719=CARTESIAN_POINT('',(0.95,0.,1.));
#9720=VECTOR('',#9721,1.);
#9721=DIRECTION('',(0.,-1.,0.));
#9722=CARTESIAN_POINT('',(2.05,-4.08787838708181,1.));
#9723=CARTESIAN_POINT('',(2.2,-4.5,1.));
#9724=VECTOR('',#9725,1.);
#9725=DIRECTION('',(-0.342020143325673,0.939692620785907,0.));
#9726=CARTESIAN_POINT('',(2.05,2.5,1.));
#9727=CARTESIAN_POINT('',(2.05,-4.08787838708181,1.));
#9728=VECTOR('',#9729,1.);
#9729=DIRECTION('',(0.,1.,-1.34820099509086E-016));
#9730=CARTESIAN_POINT('',(1.15,2.5,1.));
#9731=CARTESIAN_POINT('',(2.05,2.5,1.));
#9732=VECTOR('',#9733,1.);
#9733=DIRECTION('',(-1.,-9.86864910777917E-016,0.));
#9734=CARTESIAN_POINT('',(1.15,3.5,1.));
#9735=CARTESIAN_POINT('',(1.15,2.5,1.));
#9736=VECTOR('',#9737,1.);
#9737=DIRECTION('',(0.,1.,0.));
#9738=CARTESIAN_POINT('',(-1.15,3.5,1.));
#9739=CARTESIAN_POINT('',(1.15,3.5,1.));
#9740=VECTOR('',#9741,1.);
#9741=DIRECTION('',(-1.,0.,0.));
#9742=CARTESIAN_POINT('',(-1.15,2.5,1.));
#9743=CARTESIAN_POINT('',(-1.15,2.5,1.));
#9744=VECTOR('',#9745,1.);
#9745=DIRECTION('',(0.,1.,0.));
#9746=CARTESIAN_POINT('',(-2.05,2.5,1.));
#9747=CARTESIAN_POINT('',(-1.15,2.5,1.));
#9748=VECTOR('',#9749,1.);
#9749=DIRECTION('',(-1.,0.,0.));
#9750=CARTESIAN_POINT('',(-2.05,-4.08787838708181,1.));
#9751=CARTESIAN_POINT('',(-2.05,-4.08787838708181,1.));
#9752=VECTOR('',#9753,1.);
#9753=DIRECTION('',(0.,1.,0.));
#9754=CARTESIAN_POINT('',(-2.05,-4.08787838708181,1.));
#9755=VECTOR('',#9756,1.);
#9756=DIRECTION('',(-0.342020143325667,-0.939692620785909,0.));
#9757=CARTESIAN_POINT('',(-2.05,-4.08787838708181,7.3));
#9758=CARTESIAN_POINT('',(-2.05,-4.08787838708181,7.3));
#9759=VECTOR('',#9760,1.);
#9760=DIRECTION('',(0.,0.,-1.));
#9761=CARTESIAN_POINT('',(-2.2,-4.5,7.3));
#9762=VECTOR('',#9763,1.);
#9763=DIRECTION('',(0.342020143325667,0.939692620785909,0.));
#9764=CARTESIAN_POINT('',(2.05,-4.08787838708181,7.3));
#9765=CARTESIAN_POINT('',(2.05,-4.08787838708181,7.3));
#9766=VECTOR('',#9767,1.);
#9767=DIRECTION('',(0.342020143325675,-0.939692620785906,0.));
#9768=CARTESIAN_POINT('',(-2.05,2.5,7.3));
#9769=CARTESIAN_POINT('',(-2.05,-4.08787838708181,7.3));
#9770=VECTOR('',#9771,1.);
#9771=DIRECTION('',(0.,1.,1.34820099509086E-016));
#9772=CARTESIAN_POINT('',(-1.15,2.5,7.3));
#9773=CARTESIAN_POINT('',(-2.05,2.5,7.3));
#9774=VECTOR('',#9775,1.);
#9775=DIRECTION('',(1.,0.,0.));
#9776=CARTESIAN_POINT('',(-1.15,3.5,7.3));
#9777=CARTESIAN_POINT('',(-1.15,2.5,7.3));
#9778=VECTOR('',#9779,1.);
#9779=DIRECTION('',(0.,1.,0.));
#9780=CARTESIAN_POINT('',(1.15,3.5,7.3));
#9781=CARTESIAN_POINT('',(-1.15,3.5,7.3));
#9782=VECTOR('',#9783,1.);
#9783=DIRECTION('',(1.,0.,0.));
#9784=CARTESIAN_POINT('',(1.15,2.5,7.3));
#9785=CARTESIAN_POINT('',(1.15,2.5,7.3));
#9786=VECTOR('',#9787,1.);
#9787=DIRECTION('',(0.,1.,0.));
#9788=CARTESIAN_POINT('',(2.05,2.5,7.3));
#9789=CARTESIAN_POINT('',(1.15,2.5,7.3));
#9790=VECTOR('',#9791,1.);
#9791=DIRECTION('',(1.,0.,0.));
#9792=CARTESIAN_POINT('',(2.05,-4.08787838708181,7.3));
#9793=VECTOR('',#9794,1.);
#9794=DIRECTION('',(0.,1.,0.));
#9795=CARTESIAN_POINT('',(0.,1.5,7.3));
#9796=AXIS2_PLACEMENT_3D('',#9797,#9798,#9799);
#9797=CARTESIAN_POINT('',(0.,0.,7.3));
#9798=DIRECTION('',(0.,0.,1.));
#9799=DIRECTION('',(0.,1.,0.));
#9800=CARTESIAN_POINT('',(2.05,-4.08787838708181,1.));
#9801=VECTOR('',#9802,1.);
#9802=DIRECTION('',(0.,0.,1.));
#9803=CARTESIAN_POINT('',(0.95,0.,0.4));
#9804=VECTOR('',#9805,1.);
#9805=DIRECTION('',(0.,0.,1.));
#9806=CARTESIAN_POINT('',(2.95000000000001,4.5,0.));
#9807=VECTOR('',#9808,1.);
#9808=DIRECTION('',(-1.,0.,0.));
#9809=CARTESIAN_POINT('',(4.05,5.74590265603038E-017,0.4));
#9810=CARTESIAN_POINT('',(4.05,0.,0.4));
#9811=VECTOR('',#9812,1.);
#9812=DIRECTION('',(0.,-1.,0.));
#9813=CARTESIAN_POINT('',(2.95000000000216,4.,0.4));
#9814=VECTOR('',#9815,1.);
#9815=DIRECTION('',(1.,0.,0.));
#9816=CARTESIAN_POINT('',(5.95,0.,0.4));
#9817=CARTESIAN_POINT('',(5.95,-4.5,0.4));
#9818=VECTOR('',#9819,1.);
#9819=DIRECTION('',(0.,1.,0.));
#9820=AXIS2_PLACEMENT_3D('',#9821,#9822,#9823);
#9821=CARTESIAN_POINT('',(5.,0.,0.4));
#9822=DIRECTION('',(0.,0.,1.));
#9823=DIRECTION('',(1.,0.,0.));
#9824=CARTESIAN_POINT('',(4.05,5.74590265603038E-017,1.));
#9825=CARTESIAN_POINT('',(4.05,-1.42339279839099E-018,0.4));
#9826=VECTOR('',#9827,1.);
#9827=DIRECTION('',(0.,0.,1.));
#9828=CARTESIAN_POINT('',(4.05,-4.5,1.));
#9829=VECTOR('',#9830,1.);
#9830=DIRECTION('',(0.,1.,0.));
#9831=CARTESIAN_POINT('',(5.95,0.,1.));
#9832=AXIS2_PLACEMENT_3D('',#9833,#9834,#9835);
#9833=CARTESIAN_POINT('',(5.,0.,1.));
#9834=DIRECTION('',(0.,0.,1.));
#9835=DIRECTION('',(1.,0.,0.));
#9836=CARTESIAN_POINT('',(5.95,0.,1.));
#9837=VECTOR('',#9838,1.);
#9838=DIRECTION('',(0.,-1.,0.));
#9839=CARTESIAN_POINT('',(7.05,-4.08787838708181,1.));
#9840=CARTESIAN_POINT('',(7.2,-4.5,1.));
#9841=VECTOR('',#9842,1.);
#9842=DIRECTION('',(-0.342020143325667,0.939692620785909,0.));
#9843=CARTESIAN_POINT('',(7.05,2.5,1.));
#9844=CARTESIAN_POINT('',(7.05,-4.08787838708181,1.));
#9845=VECTOR('',#9846,1.);
#9846=DIRECTION('',(0.,1.,-1.34820099509086E-016));
#9847=CARTESIAN_POINT('',(6.15,2.5,1.));
#9848=CARTESIAN_POINT('',(7.05,2.5,1.));
#9849=VECTOR('',#9850,1.);
#9850=DIRECTION('',(-1.,-9.86864910777917E-016,0.));
#9851=CARTESIAN_POINT('',(6.15,3.5,1.));
#9852=CARTESIAN_POINT('',(6.15,2.5,1.));
#9853=VECTOR('',#9854,1.);
#9854=DIRECTION('',(0.,1.,0.));
#9855=CARTESIAN_POINT('',(3.85,3.5,1.));
#9856=CARTESIAN_POINT('',(6.15,3.5,1.));
#9857=VECTOR('',#9858,1.);
#9858=DIRECTION('',(-1.,0.,0.));
#9859=CARTESIAN_POINT('',(3.85,2.5,1.));
#9860=CARTESIAN_POINT('',(3.85,2.5,1.));
#9861=VECTOR('',#9862,1.);
#9862=DIRECTION('',(0.,1.,0.));
#9863=CARTESIAN_POINT('',(2.95,2.5,1.));
#9864=CARTESIAN_POINT('',(3.85,2.5,1.));
#9865=VECTOR('',#9866,1.);
#9866=DIRECTION('',(-1.,0.,0.));
#9867=CARTESIAN_POINT('',(2.95,-4.08787838708181,1.));
#9868=CARTESIAN_POINT('',(2.95,-4.08787838708181,1.));
#9869=VECTOR('',#9870,1.);
#9870=DIRECTION('',(0.,1.,0.));
#9871=CARTESIAN_POINT('',(2.95,-4.08787838708181,1.));
#9872=VECTOR('',#9873,1.);
#9873=DIRECTION('',(-0.342020143325667,-0.939692620785909,0.));
#9874=CARTESIAN_POINT('',(2.95,-4.08787838708181,7.3));
#9875=CARTESIAN_POINT('',(2.95,-4.08787838708181,7.3));
#9876=VECTOR('',#9877,1.);
#9877=DIRECTION('',(0.,0.,-1.));
#9878=CARTESIAN_POINT('',(2.8,-4.5,7.3));
#9879=VECTOR('',#9880,1.);
#9880=DIRECTION('',(0.342020143325667,0.939692620785909,0.));
#9881=CARTESIAN_POINT('',(7.05,-4.08787838708181,7.3));
#9882=CARTESIAN_POINT('',(7.05,-4.08787838708181,7.3));
#9883=VECTOR('',#9884,1.);
#9884=DIRECTION('',(0.342020143325667,-0.939692620785909,0.));
#9885=CARTESIAN_POINT('',(2.95,2.5,7.3));
#9886=CARTESIAN_POINT('',(2.95,-4.08787838708181,7.3));
#9887=VECTOR('',#9888,1.);
#9888=DIRECTION('',(0.,1.,1.34820099509086E-016));
#9889=CARTESIAN_POINT('',(3.85,2.5,7.3));
#9890=CARTESIAN_POINT('',(2.95,2.5,7.3));
#9891=VECTOR('',#9892,1.);
#9892=DIRECTION('',(1.,0.,0.));
#9893=CARTESIAN_POINT('',(3.85,3.5,7.3));
#9894=CARTESIAN_POINT('',(3.85,2.5,7.3));
#9895=VECTOR('',#9896,1.);
#9896=DIRECTION('',(0.,1.,0.));
#9897=CARTESIAN_POINT('',(6.15,3.5,7.3));
#9898=CARTESIAN_POINT('',(3.85,3.5,7.3));
#9899=VECTOR('',#9900,1.);
#9900=DIRECTION('',(1.,0.,0.));
#9901=CARTESIAN_POINT('',(6.15,2.5,7.3));
#9902=CARTESIAN_POINT('',(6.15,2.5,7.3));
#9903=VECTOR('',#9904,1.);
#9904=DIRECTION('',(0.,1.,0.));
#9905=CARTESIAN_POINT('',(7.05,2.5,7.3));
#9906=CARTESIAN_POINT('',(6.15,2.5,7.3));
#9907=VECTOR('',#9908,1.);
#9908=DIRECTION('',(1.,0.,0.));
#9909=CARTESIAN_POINT('',(7.05,-4.08787838708181,7.3));
#9910=VECTOR('',#9911,1.);
#9911=DIRECTION('',(0.,1.,0.));
#9912=CARTESIAN_POINT('',(5.,1.5,7.3));
#9913=AXIS2_PLACEMENT_3D('',#9914,#9915,#9916);
#9914=CARTESIAN_POINT('',(5.,0.,7.3));
#9915=DIRECTION('',(0.,0.,1.));
#9916=DIRECTION('',(0.,1.,0.));
#9917=CARTESIAN_POINT('',(7.05,-4.08787838708181,1.));
#9918=VECTOR('',#9919,1.);
#9919=DIRECTION('',(0.,0.,1.));
#9920=CARTESIAN_POINT('',(5.95,0.,0.4));
#9921=VECTOR('',#9922,1.);
#9922=DIRECTION('',(0.,0.,1.));
#9923=CARTESIAN_POINT('',(7.05000000000217,4.,13.));
#9924=VECTOR('',#9925,1.);
#9925=DIRECTION('',(-1.,0.,0.));
#9926=CARTESIAN_POINT('',(2.95,3.5,13.));
#9927=VECTOR('',#9928,1.);
#9928=DIRECTION('',(1.,0.,0.));
#9929=CARTESIAN_POINT('',(7.05,3.5,8.8));
#9930=VECTOR('',#9931,1.);
#9931=DIRECTION('',(-1.,0.,0.));
#9932=CARTESIAN_POINT('',(2.05,4.,13.));
#9933=VECTOR('',#9934,1.);
#9934=DIRECTION('',(-1.,0.,0.));
#9935=CARTESIAN_POINT('',(-1.1,3.5,13.));
#9936=VECTOR('',#9937,1.);
#9937=DIRECTION('',(1.,0.,0.));
#9938=CARTESIAN_POINT('',(2.05,3.5,8.8));
#9939=VECTOR('',#9940,1.);
#9940=DIRECTION('',(-1.,0.,0.));
#9941=CARTESIAN_POINT('',(22.5,-3.2,8.8));
#9942=VECTOR('',#9943,1.);
#9943=DIRECTION('',(-1.,0.,0.));
#9944=CARTESIAN_POINT('',(21.6,4.,13.));
#9945=VECTOR('',#9946,1.);
#9946=DIRECTION('',(-1.,0.,0.));
#9947=CARTESIAN_POINT('',(17.95,3.5,13.));
#9948=VECTOR('',#9949,1.);
#9949=DIRECTION('',(1.,0.,0.));
#9950=CARTESIAN_POINT('',(21.6,3.5,8.8));
#9951=VECTOR('',#9952,1.);
#9952=DIRECTION('',(-1.,0.,0.));
#9953=CARTESIAN_POINT('',(5.,2.,7.6));
#9954=AXIS2_PLACEMENT_3D('',#9955,#9956,#9957);
#9955=CARTESIAN_POINT('',(5.,-5.79977147565651E-030,7.6));
#9956=DIRECTION('',(0.,1.21461182736277E-031,1.));
#9957=DIRECTION('',(0.,1.,-1.21461182736277E-031));
#9958=CARTESIAN_POINT('',(10.,2.,7.6));
#9959=AXIS2_PLACEMENT_3D('',#9960,#9961,#9962);
#9960=CARTESIAN_POINT('',(10.,-5.79977147565651E-030,7.6));
#9961=DIRECTION('',(0.,1.21461182736277E-031,1.));
#9962=DIRECTION('',(0.,1.,-1.21461182736277E-031));
#9963=CARTESIAN_POINT('',(15.,2.,7.6));
#9964=AXIS2_PLACEMENT_3D('',#9965,#9966,#9967);
#9965=CARTESIAN_POINT('',(15.,-5.79977147565651E-030,7.6));
#9966=DIRECTION('',(0.,1.21461182736277E-031,1.));
#9967=DIRECTION('',(0.,1.,-1.21461182736277E-031));
#9968=CARTESIAN_POINT('',(20.,2.,7.6));
#9969=AXIS2_PLACEMENT_3D('',#9970,#9971,#9972);
#9970=CARTESIAN_POINT('',(20.,-5.79977147565651E-030,7.6));
#9971=DIRECTION('',(0.,1.21461182736277E-031,1.));
#9972=DIRECTION('',(0.,1.,-1.21461182736277E-031));
#9973=CARTESIAN_POINT('',(0.,2.,7.6));
#9974=AXIS2_PLACEMENT_3D('',#9975,#9976,#9977);
#9975=CARTESIAN_POINT('',(0.,-5.79977147565651E-030,7.6));
#9976=DIRECTION('',(0.,1.21461182736277E-031,1.));
#9977=DIRECTION('',(0.,1.,-1.21461182736277E-031));
#9978=CARTESIAN_POINT('',(12.05,2.5,6.22742176666521));
#9979=CARTESIAN_POINT('',(12.05,2.5,7.3));
#9980=VECTOR('',#9981,1.);
#9981=DIRECTION('',(0.,0.,-1.));
#9982=CARTESIAN_POINT('',(12.05,3.5,6.22742176666521));
#9983=CARTESIAN_POINT('',(12.05,2.5,6.22742176666521));
#9984=VECTOR('',#9985,1.);
#9985=DIRECTION('',(0.,1.,0.));
#9986=CARTESIAN_POINT('',(12.05,3.5,2.07257823333479));
#9987=CARTESIAN_POINT('',(12.05,3.5,6.22742176666521));
#9988=VECTOR('',#9989,1.);
#9989=DIRECTION('',(0.,0.,-1.));
#9990=CARTESIAN_POINT('',(12.05,2.5,2.07257823333479));
#9991=CARTESIAN_POINT('',(12.05,2.5,2.07257823333479));
#9992=VECTOR('',#9993,1.);
#9993=DIRECTION('',(0.,1.,0.));
#9994=CARTESIAN_POINT('',(12.05,2.5,2.07257823333479));
#9995=VECTOR('',#9996,1.);
#9996=DIRECTION('',(0.,0.,-1.));
#9997=CARTESIAN_POINT('',(12.05,2.5,2.07257823333479));
#9998=VECTOR('',#9999,1.);
#9999=DIRECTION('',(-0.642787609686539,0.,-0.766044443118978));
#10000=CARTESIAN_POINT('',(12.05,3.5,2.07257823333479));
#10001=VECTOR('',#10002,1.);
#10002=DIRECTION('',(-0.642787609686539,0.,-0.766044443118978));
#10003=CARTESIAN_POINT('',(7.95,3.5,6.22742176666521));
#10004=CARTESIAN_POINT('',(7.95,3.5,6.22742176666521));
#10005=VECTOR('',#10006,1.);
#10006=DIRECTION('',(0.642787609686539,0.,0.766044443118978));
#10007=CARTESIAN_POINT('',(7.95,3.5,2.07257823333479));
#10008=CARTESIAN_POINT('',(7.95,3.5,2.07257823333479));
#10009=VECTOR('',#10010,1.);
#10010=DIRECTION('',(0.,0.,1.));
#10011=CARTESIAN_POINT('',(8.85,3.5,1.));
#10012=VECTOR('',#10013,1.);
#10013=DIRECTION('',(-0.64278760968654,0.,0.766044443118977));
#10014=CARTESIAN_POINT('',(11.15,3.5,7.3));
#10015=VECTOR('',#10016,1.);
#10016=DIRECTION('',(0.642787609686539,0.,-0.766044443118978));
#10017=CARTESIAN_POINT('',(7.95,2.5,2.07257823333479));
#10018=CARTESIAN_POINT('',(8.85,2.5,1.));
#10019=VECTOR('',#10020,1.);
#10020=DIRECTION('',(-0.64278760968654,0.,0.766044443118977));
#10021=CARTESIAN_POINT('',(7.95,2.5,2.07257823333479));
#10022=VECTOR('',#10023,1.);
#10023=DIRECTION('',(0.,1.,0.));
#10024=CARTESIAN_POINT('',(7.95,2.5,1.));
#10025=VECTOR('',#10026,1.);
#10026=DIRECTION('',(0.,0.,1.));
#10027=CARTESIAN_POINT('',(7.95,2.5,6.22742176666521));
#10028=CARTESIAN_POINT('',(7.95,2.5,6.22742176666521));
#10029=VECTOR('',#10030,1.);
#10030=DIRECTION('',(0.,1.,0.));
#10031=CARTESIAN_POINT('',(7.95,2.5,6.22742176666521));
#10032=VECTOR('',#10033,1.);
#10033=DIRECTION('',(0.,0.,1.));
#10034=CARTESIAN_POINT('',(7.95,2.5,6.22742176666521));
#10035=VECTOR('',#10036,1.);
#10036=DIRECTION('',(0.642787609686539,0.,0.766044443118978));
#10037=CARTESIAN_POINT('',(11.15,2.5,7.3));
#10038=VECTOR('',#10039,1.);
#10039=DIRECTION('',(0.642787609686539,0.,-0.766044443118978));
#10040=CARTESIAN_POINT('',(10.,1.5,7.4));
#10041=AXIS2_PLACEMENT_3D('',#10042,#10043,#10044);
#10042=CARTESIAN_POINT('',(10.,-5.82406371220377E-030,7.4));
#10043=DIRECTION('',(0.,1.21461182736277E-031,1.));
#10044=DIRECTION('',(0.,1.,-1.21461182736277E-031));
#10045=CARTESIAN_POINT('',(17.05,2.5,6.22742176666521));
#10046=CARTESIAN_POINT('',(17.05,2.5,7.3));
#10047=VECTOR('',#10048,1.);
#10048=DIRECTION('',(0.,0.,-1.));
#10049=CARTESIAN_POINT('',(17.05,3.5,6.22742176666521));
#10050=CARTESIAN_POINT('',(17.05,2.5,6.22742176666521));
#10051=VECTOR('',#10052,1.);
#10052=DIRECTION('',(0.,1.,0.));
#10053=CARTESIAN_POINT('',(17.05,3.5,2.07257823333479));
#10054=CARTESIAN_POINT('',(17.05,3.5,6.22742176666521));
#10055=VECTOR('',#10056,1.);
#10056=DIRECTION('',(0.,0.,-1.));
#10057=CARTESIAN_POINT('',(17.05,2.5,2.07257823333479));
#10058=CARTESIAN_POINT('',(17.05,2.5,2.07257823333479));
#10059=VECTOR('',#10060,1.);
#10060=DIRECTION('',(0.,1.,0.));
#10061=CARTESIAN_POINT('',(17.05,2.5,2.07257823333479));
#10062=VECTOR('',#10063,1.);
#10063=DIRECTION('',(0.,0.,-1.));
#10064=CARTESIAN_POINT('',(17.05,2.5,2.07257823333479));
#10065=VECTOR('',#10066,1.);
#10066=DIRECTION('',(-0.642787609686541,0.,-0.766044443118976));
#10067=CARTESIAN_POINT('',(17.05,3.5,2.07257823333479));
#10068=VECTOR('',#10069,1.);
#10069=DIRECTION('',(-0.64278760968654,0.,-0.766044443118977));
#10070=CARTESIAN_POINT('',(12.95,3.5,6.22742176666521));
#10071=CARTESIAN_POINT('',(12.95,3.5,6.22742176666521));
#10072=VECTOR('',#10073,1.);
#10073=DIRECTION('',(0.642787609686539,0.,0.766044443118978));
#10074=CARTESIAN_POINT('',(12.95,3.5,2.07257823333479));
#10075=CARTESIAN_POINT('',(12.95,3.5,2.07257823333479));
#10076=VECTOR('',#10077,1.);
#10077=DIRECTION('',(0.,0.,1.));
#10078=CARTESIAN_POINT('',(13.85,3.5,1.));
#10079=VECTOR('',#10080,1.);
#10080=DIRECTION('',(-0.64278760968654,0.,0.766044443118977));
#10081=CARTESIAN_POINT('',(16.15,3.5,7.3));
#10082=VECTOR('',#10083,1.);
#10083=DIRECTION('',(0.64278760968654,0.,-0.766044443118977));
#10084=CARTESIAN_POINT('',(12.95,2.5,2.07257823333479));
#10085=CARTESIAN_POINT('',(13.85,2.5,1.));
#10086=VECTOR('',#10087,1.);
#10087=DIRECTION('',(-0.642787609686541,0.,0.766044443118977));
#10088=CARTESIAN_POINT('',(12.95,2.5,2.07257823333479));
#10089=VECTOR('',#10090,1.);
#10090=DIRECTION('',(0.,1.,0.));
#10091=CARTESIAN_POINT('',(12.95,2.5,1.));
#10092=VECTOR('',#10093,1.);
#10093=DIRECTION('',(0.,0.,1.));
#10094=CARTESIAN_POINT('',(12.95,2.5,6.22742176666521));
#10095=CARTESIAN_POINT('',(12.95,2.5,6.22742176666521));
#10096=VECTOR('',#10097,1.);
#10097=DIRECTION('',(0.,1.,0.));
#10098=CARTESIAN_POINT('',(12.95,2.5,6.22742176666521));
#10099=VECTOR('',#10100,1.);
#10100=DIRECTION('',(0.,0.,1.));
#10101=CARTESIAN_POINT('',(12.95,2.5,6.22742176666521));
#10102=VECTOR('',#10103,1.);
#10103=DIRECTION('',(0.642787609686539,0.,0.766044443118978));
#10104=CARTESIAN_POINT('',(16.15,2.5,7.3));
#10105=VECTOR('',#10106,1.);
#10106=DIRECTION('',(0.64278760968654,0.,-0.766044443118977));
#10107=CARTESIAN_POINT('',(15.,1.5,7.4));
#10108=AXIS2_PLACEMENT_3D('',#10109,#10110,#10111);
#10109=CARTESIAN_POINT('',(15.,-5.82406371220377E-030,7.4));
#10110=DIRECTION('',(0.,1.21461182736277E-031,1.));
#10111=DIRECTION('',(0.,1.,-1.21461182736277E-031));
#10112=CARTESIAN_POINT('',(22.05,2.5,6.22742176666521));
#10113=CARTESIAN_POINT('',(22.05,2.5,7.3));
#10114=VECTOR('',#10115,1.);
#10115=DIRECTION('',(0.,0.,-1.));
#10116=CARTESIAN_POINT('',(22.05,3.5,6.22742176666521));
#10117=CARTESIAN_POINT('',(22.05,2.5,6.22742176666521));
#10118=VECTOR('',#10119,1.);
#10119=DIRECTION('',(0.,1.,0.));
#10120=CARTESIAN_POINT('',(22.05,3.5,2.07257823333479));
#10121=CARTESIAN_POINT('',(22.05,3.5,6.22742176666521));
#10122=VECTOR('',#10123,1.);
#10123=DIRECTION('',(0.,0.,-1.));
#10124=CARTESIAN_POINT('',(22.05,2.5,2.07257823333479));
#10125=CARTESIAN_POINT('',(22.05,2.5,2.07257823333479));
#10126=VECTOR('',#10127,1.);
#10127=DIRECTION('',(0.,1.,0.));
#10128=CARTESIAN_POINT('',(22.05,2.5,2.07257823333479));
#10129=VECTOR('',#10130,1.);
#10130=DIRECTION('',(0.,0.,-1.));
#10131=CARTESIAN_POINT('',(22.05,2.5,2.07257823333479));
#10132=VECTOR('',#10133,1.);
#10133=DIRECTION('',(-0.642787609686541,0.,-0.766044443118976));
#10134=CARTESIAN_POINT('',(22.05,3.5,2.07257823333479));
#10135=VECTOR('',#10136,1.);
#10136=DIRECTION('',(-0.64278760968654,0.,-0.766044443118977));
#10137=CARTESIAN_POINT('',(17.95,3.5,6.22742176666521));
#10138=CARTESIAN_POINT('',(17.95,3.5,6.22742176666521));
#10139=VECTOR('',#10140,1.);
#10140=DIRECTION('',(0.64278760968654,0.,0.766044443118977));
#10141=CARTESIAN_POINT('',(17.95,3.5,2.07257823333479));
#10142=CARTESIAN_POINT('',(17.95,3.5,2.07257823333479));
#10143=VECTOR('',#10144,1.);
#10144=DIRECTION('',(0.,0.,1.));
#10145=CARTESIAN_POINT('',(18.85,3.5,1.));
#10146=VECTOR('',#10147,1.);
#10147=DIRECTION('',(-0.64278760968654,0.,0.766044443118977));
#10148=CARTESIAN_POINT('',(21.15,3.5,7.3));
#10149=VECTOR('',#10150,1.);
#10150=DIRECTION('',(0.64278760968654,0.,-0.766044443118977));
#10151=CARTESIAN_POINT('',(17.95,2.5,2.07257823333479));
#10152=CARTESIAN_POINT('',(18.85,2.5,1.));
#10153=VECTOR('',#10154,1.);
#10154=DIRECTION('',(-0.642787609686541,0.,0.766044443118977));
#10155=CARTESIAN_POINT('',(17.95,2.5,2.07257823333479));
#10156=VECTOR('',#10157,1.);
#10157=DIRECTION('',(0.,1.,0.));
#10158=CARTESIAN_POINT('',(17.95,2.5,1.));
#10159=VECTOR('',#10160,1.);
#10160=DIRECTION('',(0.,0.,1.));
#10161=CARTESIAN_POINT('',(17.95,2.5,6.22742176666521));
#10162=CARTESIAN_POINT('',(17.95,2.5,6.22742176666521));
#10163=VECTOR('',#10164,1.);
#10164=DIRECTION('',(0.,1.,0.));
#10165=CARTESIAN_POINT('',(17.95,2.5,6.22742176666521));
#10166=VECTOR('',#10167,1.);
#10167=DIRECTION('',(0.,0.,1.));
#10168=CARTESIAN_POINT('',(17.95,2.5,6.22742176666521));
#10169=VECTOR('',#10170,1.);
#10170=DIRECTION('',(0.642787609686541,0.,0.766044443118977));
#10171=CARTESIAN_POINT('',(21.15,2.5,7.3));
#10172=VECTOR('',#10173,1.);
#10173=DIRECTION('',(0.64278760968654,0.,-0.766044443118977));
#10174=CARTESIAN_POINT('',(20.,1.5,7.4));
#10175=AXIS2_PLACEMENT_3D('',#10176,#10177,#10178);
#10176=CARTESIAN_POINT('',(20.,-5.82406371220377E-030,7.4));
#10177=DIRECTION('',(0.,1.21461182736277E-031,1.));
#10178=DIRECTION('',(0.,1.,-1.21461182736277E-031));
#10179=CARTESIAN_POINT('',(2.05,2.5,6.22742176666521));
#10180=CARTESIAN_POINT('',(2.05,2.5,7.3));
#10181=VECTOR('',#10182,1.);
#10182=DIRECTION('',(0.,0.,-1.));
#10183=CARTESIAN_POINT('',(2.05,3.5,6.22742176666521));
#10184=CARTESIAN_POINT('',(2.05,2.5,6.22742176666521));
#10185=VECTOR('',#10186,1.);
#10186=DIRECTION('',(0.,1.,0.));
#10187=CARTESIAN_POINT('',(2.05,3.5,2.07257823333479));
#10188=CARTESIAN_POINT('',(2.05,3.5,6.22742176666521));
#10189=VECTOR('',#10190,1.);
#10190=DIRECTION('',(0.,0.,-1.));
#10191=CARTESIAN_POINT('',(2.05,2.5,2.07257823333479));
#10192=CARTESIAN_POINT('',(2.05,2.5,2.07257823333479));
#10193=VECTOR('',#10194,1.);
#10194=DIRECTION('',(0.,1.,0.));
#10195=CARTESIAN_POINT('',(2.05,2.5,2.07257823333479));
#10196=VECTOR('',#10197,1.);
#10197=DIRECTION('',(0.,0.,-1.));
#10198=CARTESIAN_POINT('',(2.05,2.5,2.07257823333479));
#10199=VECTOR('',#10200,1.);
#10200=DIRECTION('',(-0.642787609686539,0.,-0.766044443118978));
#10201=CARTESIAN_POINT('',(2.05,3.5,2.07257823333479));
#10202=VECTOR('',#10203,1.);
#10203=DIRECTION('',(-0.642787609686539,0.,-0.766044443118978));
#10204=CARTESIAN_POINT('',(-2.05,3.5,6.22742176666521));
#10205=CARTESIAN_POINT('',(-2.05,3.5,6.22742176666521));
#10206=VECTOR('',#10207,1.);
#10207=DIRECTION('',(0.642787609686539,0.,0.766044443118978));
#10208=CARTESIAN_POINT('',(-2.05,3.5,2.07257823333479));
#10209=CARTESIAN_POINT('',(-2.05,3.5,2.07257823333479));
#10210=VECTOR('',#10211,1.);
#10211=DIRECTION('',(0.,0.,1.));
#10212=CARTESIAN_POINT('',(-1.15,3.5,1.));
#10213=VECTOR('',#10214,1.);
#10214=DIRECTION('',(-0.64278760968654,0.,0.766044443118978));
#10215=CARTESIAN_POINT('',(1.15,3.5,7.3));
#10216=VECTOR('',#10217,1.);
#10217=DIRECTION('',(0.642787609686539,0.,-0.766044443118978));
#10218=CARTESIAN_POINT('',(-2.05,2.5,2.07257823333479));
#10219=CARTESIAN_POINT('',(-1.15,2.5,1.));
#10220=VECTOR('',#10221,1.);
#10221=DIRECTION('',(-0.64278760968654,0.,0.766044443118978));
#10222=CARTESIAN_POINT('',(-2.05,2.5,2.07257823333479));
#10223=VECTOR('',#10224,1.);
#10224=DIRECTION('',(0.,1.,0.));
#10225=CARTESIAN_POINT('',(-2.05,2.5,1.));
#10226=VECTOR('',#10227,1.);
#10227=DIRECTION('',(0.,0.,1.));
#10228=CARTESIAN_POINT('',(-2.05,2.5,6.22742176666521));
#10229=CARTESIAN_POINT('',(-2.05,2.5,6.22742176666521));
#10230=VECTOR('',#10231,1.);
#10231=DIRECTION('',(0.,1.,0.));
#10232=CARTESIAN_POINT('',(-2.05,2.5,6.22742176666521));
#10233=VECTOR('',#10234,1.);
#10234=DIRECTION('',(0.,0.,1.));
#10235=CARTESIAN_POINT('',(-2.05,2.5,6.22742176666521));
#10236=VECTOR('',#10237,1.);
#10237=DIRECTION('',(0.642787609686539,0.,0.766044443118978));
#10238=CARTESIAN_POINT('',(1.15,2.5,7.3));
#10239=VECTOR('',#10240,1.);
#10240=DIRECTION('',(0.642787609686539,0.,-0.766044443118978));
#10241=CARTESIAN_POINT('',(0.,1.5,7.4));
#10242=AXIS2_PLACEMENT_3D('',#10243,#10244,#10245);
#10243=CARTESIAN_POINT('',(0.,-5.82406371220377E-030,7.4));
#10244=DIRECTION('',(0.,1.21461182736277E-031,1.));
#10245=DIRECTION('',(0.,1.,-1.21461182736277E-031));
#10246=CARTESIAN_POINT('',(7.05,2.5,6.22742176666521));
#10247=CARTESIAN_POINT('',(7.05,2.5,7.3));
#10248=VECTOR('',#10249,1.);
#10249=DIRECTION('',(0.,0.,-1.));
#10250=CARTESIAN_POINT('',(7.05,3.5,6.22742176666521));
#10251=CARTESIAN_POINT('',(7.05,2.5,6.22742176666521));
#10252=VECTOR('',#10253,1.);
#10253=DIRECTION('',(0.,1.,0.));
#10254=CARTESIAN_POINT('',(7.05,3.5,2.07257823333479));
#10255=CARTESIAN_POINT('',(7.05,3.5,6.22742176666521));
#10256=VECTOR('',#10257,1.);
#10257=DIRECTION('',(0.,0.,-1.));
#10258=CARTESIAN_POINT('',(7.05,2.5,2.07257823333479));
#10259=CARTESIAN_POINT('',(7.05,2.5,2.07257823333479));
#10260=VECTOR('',#10261,1.);
#10261=DIRECTION('',(0.,1.,0.));
#10262=CARTESIAN_POINT('',(7.05,2.5,2.07257823333479));
#10263=VECTOR('',#10264,1.);
#10264=DIRECTION('',(0.,0.,-1.));
#10265=CARTESIAN_POINT('',(7.05,2.5,2.07257823333479));
#10266=VECTOR('',#10267,1.);
#10267=DIRECTION('',(-0.642787609686539,0.,-0.766044443118978));
#10268=CARTESIAN_POINT('',(7.05,3.5,2.07257823333479));
#10269=VECTOR('',#10270,1.);
#10270=DIRECTION('',(-0.642787609686539,0.,-0.766044443118978));
#10271=CARTESIAN_POINT('',(2.95,3.5,6.22742176666521));
#10272=CARTESIAN_POINT('',(2.95,3.5,6.22742176666521));
#10273=VECTOR('',#10274,1.);
#10274=DIRECTION('',(0.642787609686539,0.,0.766044443118978));
#10275=CARTESIAN_POINT('',(2.95,3.5,2.07257823333479));
#10276=CARTESIAN_POINT('',(2.95,3.5,2.07257823333479));
#10277=VECTOR('',#10278,1.);
#10278=DIRECTION('',(0.,0.,1.));
#10279=CARTESIAN_POINT('',(3.85,3.5,1.));
#10280=VECTOR('',#10281,1.);
#10281=DIRECTION('',(-0.64278760968654,0.,0.766044443118978));
#10282=CARTESIAN_POINT('',(6.15,3.5,7.3));
#10283=VECTOR('',#10284,1.);
#10284=DIRECTION('',(0.642787609686539,0.,-0.766044443118978));
#10285=CARTESIAN_POINT('',(2.95,2.5,2.07257823333479));
#10286=CARTESIAN_POINT('',(3.85,2.5,1.));
#10287=VECTOR('',#10288,1.);
#10288=DIRECTION('',(-0.64278760968654,0.,0.766044443118978));
#10289=CARTESIAN_POINT('',(2.95,2.5,2.07257823333479));
#10290=VECTOR('',#10291,1.);
#10291=DIRECTION('',(0.,1.,0.));
#10292=CARTESIAN_POINT('',(2.95,2.5,1.));
#10293=VECTOR('',#10294,1.);
#10294=DIRECTION('',(0.,0.,1.));
#10295=CARTESIAN_POINT('',(2.95,2.5,6.22742176666521));
#10296=CARTESIAN_POINT('',(2.95,2.5,6.22742176666521));
#10297=VECTOR('',#10298,1.);
#10298=DIRECTION('',(0.,1.,0.));
#10299=CARTESIAN_POINT('',(2.95,2.5,6.22742176666521));
#10300=VECTOR('',#10301,1.);
#10301=DIRECTION('',(0.,0.,1.));
#10302=CARTESIAN_POINT('',(2.95,2.5,6.22742176666521));
#10303=VECTOR('',#10304,1.);
#10304=DIRECTION('',(0.642787609686539,0.,0.766044443118978));
#10305=CARTESIAN_POINT('',(6.15,2.5,7.3));
#10306=VECTOR('',#10307,1.);
#10307=DIRECTION('',(0.642787609686539,0.,-0.766044443118978));
#10308=CARTESIAN_POINT('',(5.,1.5,7.4));
#10309=AXIS2_PLACEMENT_3D('',#10310,#10311,#10312);
#10310=CARTESIAN_POINT('',(5.,-5.82406371220377E-030,7.4));
#10311=DIRECTION('',(0.,1.21461182736277E-031,1.));
#10312=DIRECTION('',(0.,1.,-1.21461182736277E-031));
#10313=CARTESIAN_POINT('',(0.675,1.05208127235525,5.6));
#10314=CARTESIAN_POINT('',(-0.675,1.05208127062524,5.6));
#10315=AXIS2_PLACEMENT_3D('',#10316,#10317,#10318);
#10316=CARTESIAN_POINT('',(0.,0.,5.6));
#10317=DIRECTION('',(0.,0.,1.));
#10318=DIRECTION('',(0.54,0.841665016500033,0.));
#10319=CARTESIAN_POINT('',(-0.675,2.5,5.6));
#10320=CARTESIAN_POINT('',(-0.675,1.05208127062524,5.6));
#10321=VECTOR('',#10322,1.);
#10322=DIRECTION('',(0.,1.,0.));
#10323=CARTESIAN_POINT('',(0.675,2.5,5.6));
#10324=CARTESIAN_POINT('',(-0.675,2.5,5.6));
#10325=VECTOR('',#10326,1.);
#10326=DIRECTION('',(1.,0.,0.));
#10327=CARTESIAN_POINT('',(0.675,1.05208127235525,5.6));
#10328=VECTOR('',#10329,1.);
#10329=DIRECTION('',(0.,1.,0.));
#10330=CARTESIAN_POINT('',(-0.675,-1.05208127062504,5.6));
#10331=CARTESIAN_POINT('',(0.675,-1.05208127062504,5.6));
#10332=AXIS2_PLACEMENT_3D('',#10333,#10334,#10335);
#10333=CARTESIAN_POINT('',(0.,0.,5.6));
#10334=DIRECTION('',(0.,0.,1.));
#10335=DIRECTION('',(-0.54,-0.841665016500032,0.));
#10336=CARTESIAN_POINT('',(0.675,-2.5,5.6));
#10337=CARTESIAN_POINT('',(0.675,-2.5,5.6));
#10338=VECTOR('',#10339,1.);
#10339=DIRECTION('',(0.,1.,0.));
#10340=CARTESIAN_POINT('',(-0.675,-2.5,5.6));
#10341=CARTESIAN_POINT('',(-0.675,-2.5,5.6));
#10342=VECTOR('',#10343,1.);
#10343=DIRECTION('',(1.,0.,0.));
#10344=CARTESIAN_POINT('',(-0.675,-2.5,5.6));
#10345=VECTOR('',#10346,1.);
#10346=DIRECTION('',(0.,1.,0.));
#10347=CARTESIAN_POINT('',(-0.674999999999955,1.05208127062517,5.6));
#10348=CARTESIAN_POINT('',(-0.682481551744298,1.04728120366943,5.59999980731816));
#10349=CARTESIAN_POINT('',(-0.697389074221292,1.03749029339786,5.59975009569889));
#10350=CARTESIAN_POINT('',(-0.719445746025464,1.02231995503079,5.59865490194591));
#10351=CARTESIAN_POINT('',(-0.741289032757926,1.00659485623282,5.59685535306013));
#10352=CARTESIAN_POINT('',(-0.762863757378139,0.990344859135554,5.59437340366801));
#10353=CARTESIAN_POINT('',(-0.784163652981376,0.973567170552736,5.59122916558874));
#10354=CARTESIAN_POINT('',(-0.805151470076934,0.956283738242954,5.58744697599695));
#10355=CARTESIAN_POINT('',(-0.825830456538486,0.938484274817393,5.58304459393733));
#10356=CARTESIAN_POINT('',(-0.846135108602035,0.920219744846771,5.57805586050652));
#10357=CARTESIAN_POINT('',(-0.866098086996789,0.901456942745354,5.57249374140702));
#10358=CARTESIAN_POINT('',(-0.885723550888966,0.882183546847478,5.56637411007401));
#10359=CARTESIAN_POINT('',(-0.905097347765417,0.862298045415909,5.55968081068485));
#10360=CARTESIAN_POINT('',(-0.924171251178224,0.841826082811137,5.55243693803458));
#10361=CARTESIAN_POINT('',(-0.943001167209333,0.820681584336462,5.54462752359531));
#10362=CARTESIAN_POINT('',(-0.961540088630624,0.798885297800679,5.53627556106833));
#10363=CARTESIAN_POINT('',(-0.979838297343344,0.776338419892441,5.52735906128758));
#10364=CARTESIAN_POINT('',(-0.997772858410928,0.753152679252417,5.51794095238747));
#10365=CARTESIAN_POINT('',(-1.01601450710781,0.728384537132653,5.50765307402691));
#10366=CARTESIAN_POINT('',(-1.03505542034394,0.701121781377371,5.49610974297302));
#10367=CARTESIAN_POINT('',(-1.05905470036217,0.664616437285502,5.48040160438026));
#10368=CARTESIAN_POINT('',(-1.08968642158393,0.613799714236117,5.45821083317107));
#10369=CARTESIAN_POINT('',(-1.1240089125704,0.548843804018576,5.42972793690234));
#10370=CARTESIAN_POINT('',(-1.15389060541571,0.482339936188745,5.40119551865984));
#10371=CARTESIAN_POINT('',(-1.1746957027174,0.428193112034983,5.37900440392865));
#10372=CARTESIAN_POINT('',(-1.18827436097361,0.388428321786651,5.36347371926504));
#10373=CARTESIAN_POINT('',(-1.19766565882432,0.358317630176255,5.35220677760823));
#10374=CARTESIAN_POINT('',(-1.20565628466718,0.330378874617825,5.34222410885151));
#10375=CARTESIAN_POINT('',(-1.21264792489833,0.303704615318699,5.33316694612759));
#10376=CARTESIAN_POINT('',(-1.21897086241746,0.277222122256089,5.32469315829754));
#10377=CARTESIAN_POINT('',(-1.2245866869764,0.251233219906354,5.31692733036295));
#10378=CARTESIAN_POINT('',(-1.2295568324086,0.225634290031538,5.30985558990161));
#10379=CARTESIAN_POINT('',(-1.2340116853908,0.199864304725636,5.30335141069045));
#10380=CARTESIAN_POINT('',(-1.23807278510934,0.173019598458794,5.2972775153427));
#10381=CARTESIAN_POINT('',(-1.24230822143602,0.140061041894034,5.29079676543877));
#10382=CARTESIAN_POINT('',(-1.24654688587825,0.0972782956786957,5.28413620144163));
#10383=CARTESIAN_POINT('',(-1.24974394696048,0.0428234481990051,5.27897536633039));
#10384=CARTESIAN_POINT('',(-1.2503447117474,-0.0130738355797208,5.2779916838042));
#10385=CARTESIAN_POINT('',(-1.24872125788013,-0.0612664707650994,5.28063270840977));
#10386=CARTESIAN_POINT('',(-1.24630876408682,-0.0976291071237971,5.28449746803417));
#10387=CARTESIAN_POINT('',(-1.24352928576482,-0.128129371641463,5.28888106076063));
#10388=CARTESIAN_POINT('',(-1.23961882389106,-0.162236370765229,5.2949392586098));
#10389=CARTESIAN_POINT('',(-1.23395064868151,-0.201266874554938,5.30348687090295));
#10390=CARTESIAN_POINT('',(-1.22624628160432,-0.243766959510024,5.31464286818141));
#10391=CARTESIAN_POINT('',(-1.21736957178139,-0.284745793161923,5.32692502410194));
#10392=CARTESIAN_POINT('',(-1.20576552360824,-0.330890722322091,5.34221018032211));
#10393=CARTESIAN_POINT('',(-1.18805645311586,-0.390944514087551,5.36409096139625));
#10394=CARTESIAN_POINT('',(-1.16056299575769,-0.467338822569762,5.39474301461378));
#10395=CARTESIAN_POINT('',(-1.12462837342727,-0.54807060248965,5.42937444530835));
#10396=CARTESIAN_POINT('',(-1.08737109606571,-0.617885578914453,5.46000574434753));
#10397=CARTESIAN_POINT('',(-1.05672946397743,-0.668273779898812,5.48198649254671));
#10398=CARTESIAN_POINT('',(-1.03314406690755,-0.703929463008749,5.49730772041952));
#10399=CARTESIAN_POINT('',(-1.01409661157906,-0.731053881906215,5.50877262540925));
#10400=CARTESIAN_POINT('',(-0.995654271125992,-0.755956607029092,5.51909298523704));
#10401=CARTESIAN_POINT('',(-0.977351071493449,-0.779474261919179,5.52861613648495));
#10402=CARTESIAN_POINT('',(-0.958593098741193,-0.802427240436891,5.53765419416615));
#10403=CARTESIAN_POINT('',(-0.939508119100263,-0.824686728317072,5.54613311321286));
#10404=CARTESIAN_POINT('',(-0.920085191350874,-0.84629858397106,5.55405089858789));
#10405=CARTESIAN_POINT('',(-0.900428321423021,-0.867179570351448,5.56136010575489));
#10406=CARTESIAN_POINT('',(-0.880533348134864,-0.887369320619299,5.56806086391876));
#10407=CARTESIAN_POINT('',(-0.860518922805346,-0.906787112824903,5.57411730632458));
#10408=CARTESIAN_POINT('',(-0.840297194754048,-0.925554437088473,5.57955927603943));
#10409=CARTESIAN_POINT('',(-0.819932611422058,-0.943639709704061,5.58436798571483));
#10410=CARTESIAN_POINT('',(-0.799399975369363,-0.961092048168397,5.58854760828127));
#10411=CARTESIAN_POINT('',(-0.778846026846928,-0.977818750297149,5.59207238226625));
#10412=CARTESIAN_POINT('',(-0.758216299452243,-0.9938975839489,5.59495825187618));
#10413=CARTESIAN_POINT('',(-0.737564046794893,-1.00931585219829,5.59720153466556));
#10414=CARTESIAN_POINT('',(-0.716819269827532,-1.02415033328277,5.59881018030892));
#10415=CARTESIAN_POINT('',(-0.696026535171401,-1.03839149193469,5.59977988750386));
#10416=CARTESIAN_POINT('',(-0.682014588686181,-1.04758080521901,5.59999985231049));
#10417=CARTESIAN_POINT('',(-0.674999999999999,-1.05208127062504,5.6));
#10418=CARTESIAN_POINT('',(-1.35,-2.5,4.925));
#10419=AXIS2_PLACEMENT_3D('',#10420,#10421,#10422);
#10420=CARTESIAN_POINT('',(-0.675,-2.5,4.925));
#10421=DIRECTION('',(0.,1.,-0.));
#10422=DIRECTION('',(-1.,0.,0.));
#10423=CARTESIAN_POINT('',(-1.35,2.5,4.925));
#10424=CARTESIAN_POINT('',(-1.35,-2.5,4.925));
#10425=VECTOR('',#10426,1.);
#10426=DIRECTION('',(0.,1.,0.));
#10427=AXIS2_PLACEMENT_3D('',#10428,#10429,#10430);
#10428=CARTESIAN_POINT('',(-0.675,2.5,4.925));
#10429=DIRECTION('',(0.,1.,-0.));
#10430=DIRECTION('',(-1.,0.,0.));
#10431=CARTESIAN_POINT('',(1.25,-1.53080849893419E-016,5.27855339059351));
#10432=CARTESIAN_POINT('',(0.674999999999999,-1.05208127062504,5.6));
#10433=CARTESIAN_POINT('',(0.681828755068414,-1.04770003873272,5.59999987450303));
#10434=CARTESIAN_POINT('',(0.695448991832411,-1.03877280892437,5.5997917688266));
#10435=CARTESIAN_POINT('',(0.715636639814733,-1.02497063577575,5.59887609333257));
#10436=CARTESIAN_POINT('',(0.735696941156112,-1.01066989997355,5.597365289266));
#10437=CARTESIAN_POINT('',(0.755592394483825,-0.995884815842909,5.59527066821408));
#10438=CARTESIAN_POINT('',(0.775356220814323,-0.980577555556697,5.59259682931506));
#10439=CARTESIAN_POINT('',(0.794947071948871,-0.964765512593316,5.58935601317155));
#10440=CARTESIAN_POINT('',(0.814388769829373,-0.948413194532418,5.58554979907481));
#10441=CARTESIAN_POINT('',(0.83359234956618,-0.931580669373343,5.58120274139837));
#10442=CARTESIAN_POINT('',(0.852596341230006,-0.914221720742608,5.5763156270735));
#10443=CARTESIAN_POINT('',(0.871388053622281,-0.896331434462797,5.5708980855035));
#10444=CARTESIAN_POINT('',(0.890066754421863,-0.877789865466257,5.56492160186529));
#10445=CARTESIAN_POINT('',(0.908558087526076,-0.858639509899686,5.55840669198824));
#10446=CARTESIAN_POINT('',(0.926909066117821,-0.838800093657626,5.55133500192929));
#10447=CARTESIAN_POINT('',(0.945049712311026,-0.818312291846571,5.5437307393942));
#10448=CARTESIAN_POINT('',(0.963024052180657,-0.797085894642422,5.53557106491316));
#10449=CARTESIAN_POINT('',(0.980693902799327,-0.775245517940458,5.52691776884989));
#10450=CARTESIAN_POINT('',(0.99873049692065,-0.751891466758107,5.51742414181613));
#10451=CARTESIAN_POINT('',(1.01763841176669,-0.726148976009185,5.50671906280038));
#10452=CARTESIAN_POINT('',(1.04040677793268,-0.693328424179176,5.4927926716857));
#10453=CARTESIAN_POINT('',(1.06803940132609,-0.650346757875052,5.47420245897975));
#10454=CARTESIAN_POINT('',(1.09800376020914,-0.598530322606988,5.45149904734991));
#10455=CARTESIAN_POINT('',(1.12425861171065,-0.547277392710338,5.42910382702915));
#10456=CARTESIAN_POINT('',(1.14321128072575,-0.506000662865002,5.41136275831013));
#10457=CARTESIAN_POINT('',(1.15660370591923,-0.474386667457678,5.39803644625436));
#10458=CARTESIAN_POINT('',(1.16712442393847,-0.447872078780921,5.38707377867496));
#10459=CARTESIAN_POINT('',(1.17693274185699,-0.421415275225925,5.37639227096952));
#10460=CARTESIAN_POINT('',(1.18601263134287,-0.395131198431449,5.36607896632919));
#10461=CARTESIAN_POINT('',(1.19442515020182,-0.368915099927932,5.35613322116779));
#10462=CARTESIAN_POINT('',(1.20215580020522,-0.342877539805899,5.34663810152721));
#10463=CARTESIAN_POINT('',(1.20922242504496,-0.317041541793687,5.33763989925879));
#10464=CARTESIAN_POINT('',(1.21559016418988,-0.29165741337256,5.32925379632292));
#10465=CARTESIAN_POINT('',(1.22132104580274,-0.266626088320582,5.32146764202838));
#10466=CARTESIAN_POINT('',(1.22641480073555,-0.242099630239517,5.31434536793209));
#10467=CARTESIAN_POINT('',(1.23092493392051,-0.217987402415986,5.30787181831274));
#10468=CARTESIAN_POINT('',(1.23485647362593,-0.194460310949528,5.30209420752951));
#10469=CARTESIAN_POINT('',(1.23828104449334,-0.171286313486394,5.29695498210184));
#10470=CARTESIAN_POINT('',(1.2412147778002,-0.148524134919558,5.29246978407539));
#10471=CARTESIAN_POINT('',(1.2436926888548,-0.126073599009966,5.28861986855258));
#10472=CARTESIAN_POINT('',(1.24571752766544,-0.104143913225156,5.28543072405647));
#10473=CARTESIAN_POINT('',(1.24732720474063,-0.0826208945696454,5.282867143988));
#10474=CARTESIAN_POINT('',(1.24854273132714,-0.0615422946126266,5.2809142957868));
#10475=CARTESIAN_POINT('',(1.24939169452149,-0.040764872182817,5.27954150302407));
#10476=CARTESIAN_POINT('',(1.24988994691532,-0.0203170214552226,5.27873258574004));
#10477=CARTESIAN_POINT('',(1.24999998797855,-0.00673926332103198,5.278553157042));
#10478=CARTESIAN_POINT('',(1.24999999999995,-3.7512545481845E-016,5.27855339059348));
#10479=CARTESIAN_POINT('',(1.24999999999995,-2.22044604925031E-016,5.27855339059348));
#10480=CARTESIAN_POINT('',(1.24999998693957,0.00726152882975525,5.27855307731874));
#10481=CARTESIAN_POINT('',(1.24987292411289,0.0218103565378412,5.27876033908451));
#10482=CARTESIAN_POINT('',(1.24930256902686,0.0436149049540845,5.27968606049138));
#10483=CARTESIAN_POINT('',(1.24834733612643,0.0654938116114735,5.28122941080059));
#10484=CARTESIAN_POINT('',(1.24700358878254,0.0874278192425064,5.28338480683675));
#10485=CARTESIAN_POINT('',(1.24526830290181,0.109403884649185,5.28614177740437));
#10486=CARTESIAN_POINT('',(1.24314069383464,0.131393713277613,5.28948225087078));
#10487=CARTESIAN_POINT('',(1.24062074549187,0.153373733607045,5.29338351271882));
#10488=CARTESIAN_POINT('',(1.23771275984847,0.175299912832143,5.29781341806998));
#10489=CARTESIAN_POINT('',(1.23441587639409,0.197181710556665,5.30274571981305));
#10490=CARTESIAN_POINT('',(1.23072626521115,0.219036987528341,5.30815658451589));
#10491=CARTESIAN_POINT('',(1.2266261506875,0.240945612105246,5.31404009574095));
#10492=CARTESIAN_POINT('',(1.22211418511896,0.262878620065836,5.32036408058404));
#10493=CARTESIAN_POINT('',(1.21716747218243,0.284910937063099,5.32712489101857));
#10494=CARTESIAN_POINT('',(1.21178314216268,0.307011603094814,5.33428899822081));
#10495=CARTESIAN_POINT('',(1.20592706553141,0.329268991101818,5.34186190395744));
#10496=CARTESIAN_POINT('',(1.19961500618461,0.351574561579808,5.34978255935092));
#10497=CARTESIAN_POINT('',(1.19271493965619,0.374330956756893,5.35817212014322));
#10498=CARTESIAN_POINT('',(1.18509066702506,0.397838555012635,5.36713490862839));
#10499=CARTESIAN_POINT('',(1.1764055116256,0.422871024955938,5.37697464245796));
#10500=CARTESIAN_POINT('',(1.1665819430124,0.449301675007841,5.38765601354237));
#10501=CARTESIAN_POINT('',(1.15290810509587,0.483610610172272,5.40186228596532));
#10502=CARTESIAN_POINT('',(1.13207275906861,0.531272951671704,5.42213919436203));
#10503=CARTESIAN_POINT('',(1.0989774871213,0.597645936670553,5.45108940706229));
#10504=CARTESIAN_POINT('',(1.05729395239662,0.6686946611792,5.48227060270128));
#10505=CARTESIAN_POINT('',(1.01401407961634,0.731958908723554,5.50928031980622));
#10506=CARTESIAN_POINT('',(0.980336548116184,0.775962469376553,5.52726759687916));
#10507=CARTESIAN_POINT('',(0.954719997642265,0.807067612472373,5.53945677324521));
#10508=CARTESIAN_POINT('',(0.932466696739808,0.832707911831209,5.54913243379801));
#10509=CARTESIAN_POINT('',(0.907141180050751,0.860313195322389,5.55905577762554));
#10510=CARTESIAN_POINT('',(0.878844922670519,0.889225867377842,5.56874033653693));
#10511=CARTESIAN_POINT('',(0.851101377048961,0.915726590782385,5.57681375565289));
#10512=CARTESIAN_POINT('',(0.828246430193775,0.936340007031981,5.58247551561553));
#10513=CARTESIAN_POINT('',(0.810173218769533,0.951976102611482,5.58639042393311));
#10514=CARTESIAN_POINT('',(0.795067985834027,0.964618738332789,5.58929211395467));
#10515=CARTESIAN_POINT('',(0.780721344480529,0.976257262212243,5.59171815169411));
#10516=CARTESIAN_POINT('',(0.766103843412401,0.987776830248608,5.59387975094083));
#10517=CARTESIAN_POINT('',(0.751020312082019,0.999300167797424,5.59576941574455));
#10518=CARTESIAN_POINT('',(0.73547445733443,1.01078901242168,5.5973429678419));
#10519=CARTESIAN_POINT('',(0.722063044112098,1.02039294204968,5.59839560423748));
#10520=CARTESIAN_POINT('',(0.710653695130653,1.02835679489529,5.59908107200562));
#10521=CARTESIAN_POINT('',(0.701198911697385,1.03482452963438,5.59951261217076));
#10522=CARTESIAN_POINT('',(0.692137434166613,1.04090490915558,5.59980157385957));
#10523=CARTESIAN_POINT('',(0.683481341121707,1.04660769618697,5.59996459357206));
#10524=CARTESIAN_POINT('',(0.677793324535676,1.05028911585066,5.59999999791459));
#10525=CARTESIAN_POINT('',(0.674999999606831,1.05208127174239,5.6));
#10526=CARTESIAN_POINT('',(1.35,2.5,4.925));
#10527=AXIS2_PLACEMENT_3D('',#10528,#10529,#10530);
#10528=CARTESIAN_POINT('',(0.675,2.5,4.925));
#10529=DIRECTION('',(-0.,1.,0.));
#10530=DIRECTION('',(-1.64477485129653E-016,0.,1.));
#10531=CARTESIAN_POINT('',(1.35,-2.5,4.925));
#10532=CARTESIAN_POINT('',(1.35,-2.5,4.925));
#10533=VECTOR('',#10534,1.);
#10534=DIRECTION('',(0.,1.,0.));
#10535=AXIS2_PLACEMENT_3D('',#10536,#10537,#10538);
#10536=CARTESIAN_POINT('',(0.675,-2.5,4.925));
#10537=DIRECTION('',(-0.,1.,0.));
#10538=DIRECTION('',(-1.64477485129653E-016,0.,1.));
#10539=CARTESIAN_POINT('',(-2.,-2.5,7.));
#10540=CARTESIAN_POINT('',(2.,-2.5,7.));
#10541=CARTESIAN_POINT('',(-2.,-2.5,7.));
#10542=VECTOR('',#10543,1.);
#10543=DIRECTION('',(1.,0.,0.));
#10544=CARTESIAN_POINT('',(2.,2.5,7.));
#10545=CARTESIAN_POINT('',(2.,-2.5,7.));
#10546=VECTOR('',#10547,1.);
#10547=DIRECTION('',(0.,1.,0.));
#10548=CARTESIAN_POINT('',(-2.,2.5,7.));
#10549=CARTESIAN_POINT('',(-2.,2.5,7.));
#10550=VECTOR('',#10551,1.);
#10551=DIRECTION('',(1.,0.,0.));
#10552=CARTESIAN_POINT('',(-2.,-2.5,7.));
#10553=VECTOR('',#10554,1.);
#10554=DIRECTION('',(0.,1.,0.));
#10555=CARTESIAN_POINT('',(1.25,0.,7.));
#10556=AXIS2_PLACEMENT_3D('',#10557,#10558,#10559);
#10557=CARTESIAN_POINT('',(0.,0.,7.));
#10558=DIRECTION('',(0.,0.,1.));
#10559=DIRECTION('',(1.,0.,0.));
#10560=CARTESIAN_POINT('',(2.,2.5,1.));
#10561=CARTESIAN_POINT('',(-2.,2.5,1.));
#10562=CARTESIAN_POINT('',(2.,2.5,1.));
#10563=VECTOR('',#10564,1.);
#10564=DIRECTION('',(-1.,0.,0.));
#10565=CARTESIAN_POINT('',(-2.,2.5,1.));
#10566=VECTOR('',#10567,1.);
#10567=DIRECTION('',(0.,0.,1.));
#10568=CARTESIAN_POINT('',(2.,2.5,7.));
#10569=VECTOR('',#10570,1.);
#10570=DIRECTION('',(0.,0.,-1.));
#10571=CARTESIAN_POINT('',(-1.35,2.5,2.675));
#10572=CARTESIAN_POINT('',(-1.35,2.5,2.675));
#10573=VECTOR('',#10574,1.);
#10574=DIRECTION('',(9.86864910777917E-017,0.,1.));
#10575=CARTESIAN_POINT('',(-0.675,2.5,2.));
#10576=AXIS2_PLACEMENT_3D('',#10577,#10578,#10579);
#10577=CARTESIAN_POINT('',(-0.675,2.5,2.675));
#10578=DIRECTION('',(0.,1.,0.));
#10579=DIRECTION('',(0.,0.,-1.));
#10580=CARTESIAN_POINT('',(0.675,2.5,2.));
#10581=CARTESIAN_POINT('',(0.675,2.5,2.));
#10582=VECTOR('',#10583,1.);
#10583=DIRECTION('',(-1.,0.,-1.64477485129653E-016));
#10584=CARTESIAN_POINT('',(1.35,2.5,2.675));
#10585=AXIS2_PLACEMENT_3D('',#10586,#10587,#10588);
#10586=CARTESIAN_POINT('',(0.675,2.5,2.675));
#10587=DIRECTION('',(-0.,1.,0.));
#10588=DIRECTION('',(1.,0.,0.));
#10589=CARTESIAN_POINT('',(1.35,2.5,4.925));
#10590=VECTOR('',#10591,1.);
#10591=DIRECTION('',(0.,0.,-1.));
#10592=CARTESIAN_POINT('',(2.,-2.5,1.));
#10593=CARTESIAN_POINT('',(2.,-2.5,7.));
#10594=VECTOR('',#10595,1.);
#10595=DIRECTION('',(0.,0.,-1.));
#10596=CARTESIAN_POINT('',(-2.,-2.5,1.));
#10597=CARTESIAN_POINT('',(-2.,-2.5,1.));
#10598=VECTOR('',#10599,1.);
#10599=DIRECTION('',(0.,0.,1.));
#10600=CARTESIAN_POINT('',(2.,-2.5,1.));
#10601=VECTOR('',#10602,1.);
#10602=DIRECTION('',(-1.,0.,0.));
#10603=CARTESIAN_POINT('',(1.35,-2.5,2.675));
#10604=CARTESIAN_POINT('',(1.35,-2.5,4.925));
#10605=VECTOR('',#10606,1.);
#10606=DIRECTION('',(0.,0.,-1.));
#10607=CARTESIAN_POINT('',(0.675,-2.5,2.));
#10608=AXIS2_PLACEMENT_3D('',#10609,#10610,#10611);
#10609=CARTESIAN_POINT('',(0.675,-2.5,2.675));
#10610=DIRECTION('',(-0.,1.,0.));
#10611=DIRECTION('',(1.,0.,0.));
#10612=CARTESIAN_POINT('',(-0.675,-2.5,2.));
#10613=CARTESIAN_POINT('',(0.675,-2.5,2.));
#10614=VECTOR('',#10615,1.);
#10615=DIRECTION('',(-1.,0.,-1.64477485129653E-016));
#10616=CARTESIAN_POINT('',(-1.35,-2.5,2.675));
#10617=AXIS2_PLACEMENT_3D('',#10618,#10619,#10620);
#10618=CARTESIAN_POINT('',(-0.675,-2.5,2.675));
#10619=DIRECTION('',(0.,1.,0.));
#10620=DIRECTION('',(0.,0.,-1.));
#10621=CARTESIAN_POINT('',(-1.35,-2.5,2.675));
#10622=VECTOR('',#10623,1.);
#10623=DIRECTION('',(9.86864910777917E-017,0.,1.));
#10624=CARTESIAN_POINT('',(-1.35,-2.5,2.675));
#10625=VECTOR('',#10626,1.);
#10626=DIRECTION('',(0.,1.,0.));
#10627=CARTESIAN_POINT('',(1.35,-2.5,2.675));
#10628=VECTOR('',#10629,1.);
#10629=DIRECTION('',(0.,1.,0.));
#10630=CARTESIAN_POINT('',(2.,-2.5,1.));
#10631=VECTOR('',#10632,1.);
#10632=DIRECTION('',(0.,1.,0.));
#10633=CARTESIAN_POINT('',(-2.,-2.5,1.));
#10634=VECTOR('',#10635,1.);
#10635=DIRECTION('',(0.,1.,0.));
#10636=CARTESIAN_POINT('',(0.7,0.,1.));
#10637=AXIS2_PLACEMENT_3D('',#10638,#10639,#10640);
#10638=CARTESIAN_POINT('',(0.,0.,1.));
#10639=DIRECTION('',(-0.,-0.,1.));
#10640=DIRECTION('',(1.,0.,0.));
#10641=CARTESIAN_POINT('',(-0.675,-2.5,2.));
#10642=VECTOR('',#10643,1.);
#10643=DIRECTION('',(0.,1.,0.));
#10644=CARTESIAN_POINT('',(0.675,-2.5,2.));
#10645=VECTOR('',#10646,1.);
#10646=DIRECTION('',(0.,1.,0.));
#10647=CARTESIAN_POINT('',(0.5,0.,0.653589838486226));
#10648=AXIS2_PLACEMENT_3D('',#10649,#10650,#10651);
#10649=CARTESIAN_POINT('',(-5.65044425872642E-021,0.,0.653589838486226));
#10650=DIRECTION('',(1.9176692154591E-036,-0.,1.));
#10651=DIRECTION('',(1.,0.,-1.9176692154591E-036));
#10652=CARTESIAN_POINT('',(0.499999999642377,0.,-3.86533119357643));
#10653=AXIS2_PLACEMENT_3D('',#10654,#10655,#10656);
#10654=CARTESIAN_POINT('',(-5.65044425872643E-021,0.,-3.8653311938735));
#10655=DIRECTION('',(1.9176692154591E-036,-0.,1.));
#10656=DIRECTION('',(1.,0.,-1.9176692154591E-036));
#10657=CARTESIAN_POINT('',(-1.1,2.7,7.));
#10658=CARTESIAN_POINT('',(-1.1,1.8,7.));
#10659=CARTESIAN_POINT('',(-1.1,2.7,7.));
#10660=VECTOR('',#10661,1.);
#10661=DIRECTION('',(0.,-1.,0.));
#10662=CARTESIAN_POINT('',(1.1,2.7,7.));
#10663=CARTESIAN_POINT('',(1.1,2.7,7.));
#10664=VECTOR('',#10665,1.);
#10665=DIRECTION('',(-1.,0.,0.));
#10666=CARTESIAN_POINT('',(1.1,1.8,7.));
#10667=CARTESIAN_POINT('',(1.1,1.8,7.));
#10668=VECTOR('',#10669,1.);
#10669=DIRECTION('',(0.,1.,0.));
#10670=CARTESIAN_POINT('',(1.95,1.49062530087373,7.));
#10671=CARTESIAN_POINT('',(1.95,1.49062530087373,7.));
#10672=VECTOR('',#10673,1.);
#10673=DIRECTION('',(-0.939692620785908,0.342020143325669,0.));
#10674=CARTESIAN_POINT('',(1.95,-2.24522083601366,7.));
#10675=CARTESIAN_POINT('',(1.95,-2.24522083601366,7.));
#10676=VECTOR('',#10677,1.);
#10677=DIRECTION('',(5.94362285782019E-017,1.,0.));
#10678=CARTESIAN_POINT('',(1.25,-2.5,7.));
#10679=CARTESIAN_POINT('',(1.25,-2.5,7.));
#10680=VECTOR('',#10681,1.);
#10681=DIRECTION('',(0.939692620785909,0.342020143325668,0.));
#10682=CARTESIAN_POINT('',(-1.25,-2.5,7.));
#10683=CARTESIAN_POINT('',(1.25,-2.5,7.));
#10684=VECTOR('',#10685,1.);
#10685=DIRECTION('',(-1.,0.,0.));
#10686=CARTESIAN_POINT('',(-1.95,-2.24522083601366,7.));
#10687=CARTESIAN_POINT('',(-1.95,-2.24522083601366,7.));
#10688=VECTOR('',#10689,1.);
#10689=DIRECTION('',(0.939692620785908,-0.342020143325669,0.));
#10690=CARTESIAN_POINT('',(-1.95,1.49062530087373,7.));
#10691=CARTESIAN_POINT('',(-1.95,1.49062530087373,7.));
#10692=VECTOR('',#10693,1.);
#10693=DIRECTION('',(-5.94362285782019E-017,-1.,0.));
#10694=CARTESIAN_POINT('',(-1.1,1.8,7.));
#10695=VECTOR('',#10696,1.);
#10696=DIRECTION('',(-0.939692620785908,-0.342020143325669,0.));
#10697=CARTESIAN_POINT('',(1.525,0.,7.));
#10698=AXIS2_PLACEMENT_3D('',#10699,#10700,#10701);
#10699=CARTESIAN_POINT('',(0.,0.,7.));
#10700=DIRECTION('',(0.,0.,1.));
#10701=DIRECTION('',(1.,0.,0.));
#10702=CARTESIAN_POINT('',(-1.1,1.8,7.2));
#10703=CARTESIAN_POINT('',(-1.95,1.49062530087373,7.2));
#10704=CARTESIAN_POINT('',(-1.1,1.8,7.2));
#10705=VECTOR('',#10706,1.);
#10706=DIRECTION('',(-0.939692620785908,-0.342020143325669,0.));
#10707=CARTESIAN_POINT('',(-1.95,-2.24522083601366,7.2));
#10708=CARTESIAN_POINT('',(-1.95,1.49062530087373,7.2));
#10709=VECTOR('',#10710,1.);
#10710=DIRECTION('',(-5.94362285782019E-017,-1.,0.));
#10711=CARTESIAN_POINT('',(-1.25,-2.5,7.2));
#10712=CARTESIAN_POINT('',(-1.95,-2.24522083601366,7.2));
#10713=VECTOR('',#10714,1.);
#10714=DIRECTION('',(0.939692620785908,-0.342020143325669,0.));
#10715=CARTESIAN_POINT('',(1.25,-2.5,7.2));
#10716=CARTESIAN_POINT('',(-1.25,-2.5,7.2));
#10717=VECTOR('',#10718,1.);
#10718=DIRECTION('',(1.,0.,0.));
#10719=CARTESIAN_POINT('',(1.95,-2.24522083601366,7.2));
#10720=CARTESIAN_POINT('',(1.25,-2.5,7.2));
#10721=VECTOR('',#10722,1.);
#10722=DIRECTION('',(0.939692620785909,0.342020143325668,0.));
#10723=CARTESIAN_POINT('',(1.95,1.49062530087373,7.2));
#10724=CARTESIAN_POINT('',(1.95,-2.24522083601366,7.2));
#10725=VECTOR('',#10726,1.);
#10726=DIRECTION('',(5.94362285782019E-017,1.,0.));
#10727=CARTESIAN_POINT('',(1.1,1.8,7.2));
#10728=CARTESIAN_POINT('',(1.95,1.49062530087373,7.2));
#10729=VECTOR('',#10730,1.);
#10730=DIRECTION('',(-0.939692620785908,0.342020143325669,0.));
#10731=CARTESIAN_POINT('',(1.1,2.7,7.2));
#10732=CARTESIAN_POINT('',(1.1,1.8,7.2));
#10733=VECTOR('',#10734,1.);
#10734=DIRECTION('',(0.,1.,0.));
#10735=CARTESIAN_POINT('',(-1.1,2.7,7.2));
#10736=CARTESIAN_POINT('',(1.1,2.7,7.2));
#10737=VECTOR('',#10738,1.);
#10738=DIRECTION('',(-1.,0.,0.));
#10739=CARTESIAN_POINT('',(-1.1,2.7,7.2));
#10740=VECTOR('',#10741,1.);
#10741=DIRECTION('',(0.,-1.,0.));
#10742=CARTESIAN_POINT('',(1.525,0.,7.2));
#10743=AXIS2_PLACEMENT_3D('',#10744,#10745,#10746);
#10744=CARTESIAN_POINT('',(0.,0.,7.2));
#10745=DIRECTION('',(0.,0.,1.));
#10746=DIRECTION('',(1.,0.,0.));
#10747=CARTESIAN_POINT('',(-1.1,1.8,7.));
#10748=VECTOR('',#10749,1.);
#10749=DIRECTION('',(0.,0.,1.));
#10750=CARTESIAN_POINT('',(-1.1,2.7,7.));
#10751=VECTOR('',#10752,1.);
#10752=DIRECTION('',(0.,0.,1.));
#10753=CARTESIAN_POINT('',(1.1,2.7,7.));
#10754=VECTOR('',#10755,1.);
#10755=DIRECTION('',(0.,0.,1.));
#10756=CARTESIAN_POINT('',(1.1,1.8,7.));
#10757=VECTOR('',#10758,1.);
#10758=DIRECTION('',(0.,0.,1.));
#10759=CARTESIAN_POINT('',(1.95,1.49062530087373,7.));
#10760=VECTOR('',#10761,1.);
#10761=DIRECTION('',(0.,0.,1.));
#10762=CARTESIAN_POINT('',(1.95,-2.24522083601366,7.));
#10763=VECTOR('',#10764,1.);
#10764=DIRECTION('',(0.,0.,1.));
#10765=CARTESIAN_POINT('',(1.25,-2.5,7.2));
#10766=VECTOR('',#10767,1.);
#10767=DIRECTION('',(0.,0.,-1.));
#10768=CARTESIAN_POINT('',(-1.25,-2.5,7.));
#10769=VECTOR('',#10770,1.);
#10770=DIRECTION('',(0.,0.,1.));
#10771=CARTESIAN_POINT('',(-1.95,-2.24522083601366,7.));
#10772=VECTOR('',#10773,1.);
#10773=DIRECTION('',(0.,0.,1.));
#10774=CARTESIAN_POINT('',(-1.95,1.49062530087373,7.));
#10775=VECTOR('',#10776,1.);
#10776=DIRECTION('',(0.,0.,1.));
#10777=CARTESIAN_POINT('',(1.25,-2.85,6.85));
#10778=CARTESIAN_POINT('',(-1.25,-2.85,6.85));
#10779=CARTESIAN_POINT('',(1.25,-2.85,6.85));
#10780=VECTOR('',#10781,1.);
#10781=DIRECTION('',(-1.,0.,0.));
#10782=AXIS2_PLACEMENT_3D('',#10783,#10784,#10785);
#10783=CARTESIAN_POINT('',(1.25,-2.5,6.85));
#10784=DIRECTION('',(-1.,-0.,0.));
#10785=DIRECTION('',(0.,-1.,0.));
#10786=AXIS2_PLACEMENT_3D('',#10787,#10788,#10789);
#10787=CARTESIAN_POINT('',(-1.25,-2.5,6.85));
#10788=DIRECTION('',(1.,0.,0.));
#10789=DIRECTION('',(0.,0.,1.));
#10790=CARTESIAN_POINT('',(1.25,-2.65,6.85));
#10791=CARTESIAN_POINT('',(-1.25,-2.65,6.85));
#10792=CARTESIAN_POINT('',(1.25,-2.65,6.85));
#10793=VECTOR('',#10794,1.);
#10794=DIRECTION('',(-1.,0.,0.));
#10795=AXIS2_PLACEMENT_3D('',#10796,#10797,#10798);
#10796=CARTESIAN_POINT('',(-1.25,-2.5,6.85));
#10797=DIRECTION('',(1.,0.,0.));
#10798=DIRECTION('',(0.,0.,1.));
#10799=AXIS2_PLACEMENT_3D('',#10800,#10801,#10802);
#10800=CARTESIAN_POINT('',(1.25,-2.5,6.85));
#10801=DIRECTION('',(-1.,-0.,0.));
#10802=DIRECTION('',(0.,-1.,0.));
#10803=CARTESIAN_POINT('',(1.25,-2.65,5.15));
#10804=CARTESIAN_POINT('',(1.25,-2.65,5.15));
#10805=VECTOR('',#10806,1.);
#10806=DIRECTION('',(0.,-2.61228946970625E-016,1.));
#10807=CARTESIAN_POINT('',(1.25,-2.65,6.85));
#10808=VECTOR('',#10809,1.);
#10809=DIRECTION('',(0.,-1.,0.));
#10810=CARTESIAN_POINT('',(1.25,-2.85,5.15));
#10811=CARTESIAN_POINT('',(1.25,-2.85,5.15));
#10812=VECTOR('',#10813,1.);
#10813=DIRECTION('',(0.,-2.61228946970625E-016,1.));
#10814=CARTESIAN_POINT('',(1.25,-2.85,5.15));
#10815=VECTOR('',#10816,1.);
#10816=DIRECTION('',(0.,1.,0.));
#10817=CARTESIAN_POINT('',(-1.25,-2.85,5.15));
#10818=CARTESIAN_POINT('',(-1.25,-2.85,6.85));
#10819=VECTOR('',#10820,1.);
#10820=DIRECTION('',(0.,2.61228946970625E-016,-1.));
#10821=CARTESIAN_POINT('',(-1.25,-2.85,5.15));
#10822=VECTOR('',#10823,1.);
#10823=DIRECTION('',(1.,0.,0.));
#10824=CARTESIAN_POINT('',(-1.25,-2.65,5.15));
#10825=CARTESIAN_POINT('',(-1.25,-2.65,6.85));
#10826=VECTOR('',#10827,1.);
#10827=DIRECTION('',(0.,2.61228946970625E-016,-1.));
#10828=CARTESIAN_POINT('',(-1.25,-2.65,5.15));
#10829=VECTOR('',#10830,1.);
#10830=DIRECTION('',(0.,-1.,0.));
#10831=CARTESIAN_POINT('',(-1.25,-2.65,6.85));
#10832=VECTOR('',#10833,1.);
#10833=DIRECTION('',(0.,-1.,0.));
#10834=CARTESIAN_POINT('',(1.25,-2.65,5.15));
#10835=VECTOR('',#10836,1.);
#10836=DIRECTION('',(-1.,0.,0.));
#10837=CARTESIAN_POINT('',(1.25,-2.53050450996168,4.80133185566789));
#10838=CARTESIAN_POINT('',(-1.25,-2.53050450996168,4.80133185566789));
#10839=CARTESIAN_POINT('',(1.25,-2.53050450996168,4.80133185566789));
#10840=VECTOR('',#10841,1.);
#10841=DIRECTION('',(-1.,0.,0.));
#10842=AXIS2_PLACEMENT_3D('',#10843,#10844,#10845);
#10843=CARTESIAN_POINT('',(1.25,-2.5,5.15));
#10844=DIRECTION('',(-1.,0.,0.));
#10845=DIRECTION('',(0.,-0.0871557427476587,-0.996194698091745));
#10846=AXIS2_PLACEMENT_3D('',#10847,#10848,#10849);
#10847=CARTESIAN_POINT('',(-1.25,-2.5,5.15));
#10848=DIRECTION('',(1.,0.,-0.));
#10849=DIRECTION('',(0.,-1.,0.));
#10850=CARTESIAN_POINT('',(1.25,-2.51307336141215,5.00057079528624));
#10851=CARTESIAN_POINT('',(-1.25,-2.51307336141215,5.00057079528624));
#10852=CARTESIAN_POINT('',(1.25,-2.51307336141215,5.00057079528624));
#10853=VECTOR('',#10854,1.);
#10854=DIRECTION('',(-1.,0.,0.));
#10855=AXIS2_PLACEMENT_3D('',#10856,#10857,#10858);
#10856=CARTESIAN_POINT('',(-1.25,-2.5,5.15));
#10857=DIRECTION('',(1.,0.,-0.));
#10858=DIRECTION('',(0.,-1.,0.));
#10859=AXIS2_PLACEMENT_3D('',#10860,#10861,#10862);
#10860=CARTESIAN_POINT('',(1.25,-2.5,5.15));
#10861=DIRECTION('',(-1.,0.,0.));
#10862=DIRECTION('',(0.,-0.0871557427476569,-0.996194698091746));
#10863=CARTESIAN_POINT('',(1.25,1.84954622958074,4.61889103779826));
#10864=CARTESIAN_POINT('',(1.25,1.84954622958074,4.61889103779826));
#10865=VECTOR('',#10866,1.);
#10866=DIRECTION('',(0.,-0.996194698091745,0.0871557427476578));
#10867=CARTESIAN_POINT('',(1.25,-2.51307336141215,5.00057079528624));
#10868=VECTOR('',#10869,1.);
#10869=DIRECTION('',(0.,-0.0871557427476575,-0.996194698091746));
#10870=CARTESIAN_POINT('',(1.25,1.83211508103121,4.41965209817991));
#10871=CARTESIAN_POINT('',(1.25,1.83211508103121,4.41965209817991));
#10872=VECTOR('',#10873,1.);
#10873=DIRECTION('',(0.,-0.996194698091745,0.0871557427476578));
#10874=CARTESIAN_POINT('',(1.25,1.83211508103121,4.41965209817991));
#10875=VECTOR('',#10876,1.);
#10876=DIRECTION('',(0.,0.0871557427476575,0.996194698091746));
#10877=CARTESIAN_POINT('',(-1.25,1.83211508103121,4.41965209817991));
#10878=CARTESIAN_POINT('',(-1.25,-2.53050450996168,4.80133185566789));
#10879=VECTOR('',#10880,1.);
#10880=DIRECTION('',(0.,0.996194698091745,-0.0871557427476578));
#10881=CARTESIAN_POINT('',(-1.25,1.83211508103121,4.41965209817991));
#10882=VECTOR('',#10883,1.);
#10883=DIRECTION('',(1.,0.,0.));
#10884=CARTESIAN_POINT('',(-1.25,1.84954622958074,4.61889103779826));
#10885=CARTESIAN_POINT('',(-1.25,-2.51307336141215,5.00057079528624));
#10886=VECTOR('',#10887,1.);
#10887=DIRECTION('',(0.,0.996194698091745,-0.0871557427476578));
#10888=CARTESIAN_POINT('',(-1.25,1.84954622958074,4.61889103779826));
#10889=VECTOR('',#10890,1.);
#10890=DIRECTION('',(0.,-0.0871557427476575,-0.996194698091746));
#10891=CARTESIAN_POINT('',(-1.25,-2.51307336141215,5.00057079528624));
#10892=VECTOR('',#10893,1.);
#10893=DIRECTION('',(0.,-0.0871557427476579,-0.996194698091746));
#10894=CARTESIAN_POINT('',(1.25,1.84954622958074,4.61889103779826));
#10895=VECTOR('',#10896,1.);
#10896=DIRECTION('',(-1.,0.,0.));
#10897=CARTESIAN_POINT('',(1.25,1.97156426942746,4.41965209817991));
#10898=CARTESIAN_POINT('',(-1.25,1.97156426942746,4.41965209817991));
#10899=CARTESIAN_POINT('',(1.25,1.97156426942746,4.41965209817991));
#10900=VECTOR('',#10901,1.);
#10901=DIRECTION('',(-1.,0.,0.));
#10902=AXIS2_PLACEMENT_3D('',#10903,#10904,#10905);
#10903=CARTESIAN_POINT('',(1.25,1.90183967522933,5.21660785665331));
#10904=DIRECTION('',(-1.,0.,0.));
#10905=DIRECTION('',(0.,0.0871557427476582,-0.996194698091745));
#10906=AXIS2_PLACEMENT_3D('',#10907,#10908,#10909);
#10907=CARTESIAN_POINT('',(-1.25,1.90183967522933,5.21660785665331));
#10908=DIRECTION('',(1.,0.,-0.));
#10909=DIRECTION('',(0.,-0.0871557427476579,-0.996194698091745));
#10910=CARTESIAN_POINT('',(1.25,1.95413312087793,4.61889103779826));
#10911=CARTESIAN_POINT('',(-1.25,1.95413312087793,4.61889103779826));
#10912=CARTESIAN_POINT('',(1.25,1.95413312087793,4.61889103779826));
#10913=VECTOR('',#10914,1.);
#10914=DIRECTION('',(-1.,0.,0.));
#10915=AXIS2_PLACEMENT_3D('',#10916,#10917,#10918);
#10916=CARTESIAN_POINT('',(-1.25,1.90183967522933,5.21660785665331));
#10917=DIRECTION('',(1.,0.,-0.));
#10918=DIRECTION('',(0.,-0.087155742747657,-0.996194698091746));
#10919=AXIS2_PLACEMENT_3D('',#10920,#10921,#10922);
#10920=CARTESIAN_POINT('',(1.25,1.90183967522933,5.21660785665331));
#10921=DIRECTION('',(-1.,0.,0.));
#10922=DIRECTION('',(0.,0.0871557427476581,-0.996194698091745));
#10923=CARTESIAN_POINT('',(1.25,2.33399970311004,4.65212505739591));
#10924=CARTESIAN_POINT('',(1.25,2.35143085165957,4.45288611777756));
#10925=CARTESIAN_POINT('',(1.25,2.33399970311004,4.65212505739591));
#10926=VECTOR('',#10927,1.);
#10927=DIRECTION('',(0.,0.0871557427476549,-0.996194698091746));
#10928=CARTESIAN_POINT('',(1.25,2.33399970311004,4.65212505739591));
#10929=VECTOR('',#10930,1.);
#10930=DIRECTION('',(0.,-0.996194698091746,-0.0871557427476561));
#10931=CARTESIAN_POINT('',(1.25,1.95413312087793,4.61889103779826));
#10932=VECTOR('',#10933,1.);
#10933=DIRECTION('',(0.,0.0871557427476564,-0.996194698091746));
#10934=CARTESIAN_POINT('',(1.25,2.35143085165957,4.45288611777756));
#10935=VECTOR('',#10936,1.);
#10936=DIRECTION('',(0.,-0.996194698091746,-0.0871557427476562));
#10937=CARTESIAN_POINT('',(-0.75,2.84952820070545,4.49646398915139));
#10938=CARTESIAN_POINT('',(-1.25,2.35143085165957,4.45288611777756));
#10939=CARTESIAN_POINT('',(-1.25,2.35143085165957,4.45288611777756));
#10940=VECTOR('',#10941,1.);
#10941=DIRECTION('',(0.707106781186548,0.704416026402758,0.0616284167162193));
#10942=CARTESIAN_POINT('',(0.75,2.84952820070545,4.49646398915139));
#10943=CARTESIAN_POINT('',(-0.75,2.84952820070545,4.49646398915139));
#10944=VECTOR('',#10945,1.);
#10945=DIRECTION('',(1.,0.,0.));
#10946=CARTESIAN_POINT('',(0.75,2.84952820070545,4.49646398915139));
#10947=VECTOR('',#10948,1.);
#10948=DIRECTION('',(0.707106781186548,-0.704416026402759,-0.0616284167162193));
#10949=CARTESIAN_POINT('',(-1.25,1.97156426942746,4.41965209817991));
#10950=VECTOR('',#10951,1.);
#10951=DIRECTION('',(0.,0.996194698091745,0.0871557427476584));
#10952=CARTESIAN_POINT('',(-1.25,2.33399970311004,4.65212505739591));
#10953=CARTESIAN_POINT('',(-1.25,2.33399970311004,4.65212505739591));
#10954=VECTOR('',#10955,1.);
#10955=DIRECTION('',(0.,0.0871557427476597,-0.996194698091746));
#10956=CARTESIAN_POINT('',(-1.25,1.95413312087793,4.61889103779826));
#10957=VECTOR('',#10958,1.);
#10958=DIRECTION('',(0.,0.0871557427476564,-0.996194698091746));
#10959=CARTESIAN_POINT('',(-1.25,1.95413312087793,4.61889103779826));
#10960=VECTOR('',#10961,1.);
#10961=DIRECTION('',(0.,0.996194698091745,0.0871557427476584));
#10962=CARTESIAN_POINT('',(-0.75,2.83209705215591,4.69570292876973));
#10963=CARTESIAN_POINT('',(-0.75,2.83209705215591,4.69570292876974));
#10964=VECTOR('',#10965,1.);
#10965=DIRECTION('',(-0.707106781186548,-0.704416026402758,-0.0616284167162193));
#10966=CARTESIAN_POINT('',(0.75,2.83209705215591,4.69570292876974));
#10967=CARTESIAN_POINT('',(1.25,2.33399970311004,4.65212505739591));
#10968=VECTOR('',#10969,1.);
#10969=DIRECTION('',(-0.707106781186548,0.704416026402759,0.0616284167162193));
#10970=CARTESIAN_POINT('',(-0.75,2.83209705215591,4.69570292876974));
#10971=VECTOR('',#10972,1.);
#10972=DIRECTION('',(1.,0.,0.));
#10973=CARTESIAN_POINT('',(-0.75,2.83209705215591,4.69570292876973));
#10974=VECTOR('',#10975,1.);
#10975=DIRECTION('',(0.,0.0871557427476575,-0.996194698091746));
#10976=CARTESIAN_POINT('',(0.75,2.83209705215591,4.69570292876974));
#10977=VECTOR('',#10978,1.);
#10978=DIRECTION('',(0.,0.0871557427476553,-0.996194698091746));
#10979=CARTESIAN_POINT('',(-0.767728652978505,1.26270339980917,12.5));
#10980=CARTESIAN_POINT('',(1.26270339980917,-0.767728652978506,12.5));
#10981=CARTESIAN_POINT('',(1.26270339980917,-0.767728652978505,12.5));
#10982=VECTOR('',#10983,1.);
#10983=DIRECTION('',(-0.707106781186548,0.707106781186547,0.));
#10984=AXIS2_PLACEMENT_3D('',#10985,#10986,#10987);
#10985=CARTESIAN_POINT('',(0.,-2.50666788882249E-016,12.5));
#10986=DIRECTION('',(0.,-1.22139628059813E-018,-1.));
#10987=DIRECTION('',(-0.519515629835079,0.854460947239288,-1.04363542287442E-018));
#10988=CARTESIAN_POINT('',(0.767728652978608,-1.26270339980911,12.5));
#10989=CARTESIAN_POINT('',(-1.26270339980911,0.767728652978607,12.5));
#10990=CARTESIAN_POINT('',(-1.26270339980911,0.767728652978607,12.5));
#10991=VECTOR('',#10992,1.);
#10992=DIRECTION('',(0.707106781186548,-0.707106781186547,0.));
#10993=AXIS2_PLACEMENT_3D('',#10994,#10995,#10996);
#10994=CARTESIAN_POINT('',(0.,-2.50666788882249E-016,12.5));
#10995=DIRECTION('',(0.,-1.22139628059813E-018,-1.));
#10996=DIRECTION('',(0.519515629835148,-0.854460947239246,1.04363542287437E-018));
#10997=CARTESIAN_POINT('',(-1.07302389120909,1.56799863803975,12.0777777777778));
#10998=CARTESIAN_POINT('',(-0.767728652978505,1.26270339980917,12.5));
#10999=CARTESIAN_POINT('',(-0.78020616848599,1.27518091531665,12.500006769463));
#11000=CARTESIAN_POINT('',(-0.805154117114449,1.30012886394511,12.4979069406841));
#11001=CARTESIAN_POINT('',(-0.842035257776958,1.33701000460762,12.4885123389182));
#11002=CARTESIAN_POINT('',(-0.881788785028788,1.37676353185945,12.4712260307601));
#11003=CARTESIAN_POINT('',(-0.92691814901902,1.42189289584968,12.4412414894651));
#11004=CARTESIAN_POINT('',(-0.977563487064648,1.47253823389531,12.3898878996177));
#11005=CARTESIAN_POINT('',(-1.02315320189416,1.51812794872483,12.3167778947943));
#11006=CARTESIAN_POINT('',(-1.05343341344294,1.5484081602736,12.2349141212076));
#11007=CARTESIAN_POINT('',(-1.06761209188543,1.56258683871609,12.1645850254883));
#11008=CARTESIAN_POINT('',(-1.07233236730074,1.56730711413141,12.1143587493026));
#11009=CARTESIAN_POINT('',(-1.07302535763275,1.56800010446341,12.0880366685927));
#11010=CARTESIAN_POINT('',(-1.07302389162022,1.56799863845088,12.0777777777778));
#11011=CARTESIAN_POINT('',(1.56799863803975,-1.07302389120908,12.0777777777778));
#11012=CARTESIAN_POINT('',(1.26270339980917,-0.767728652978505,12.5));
#11013=CARTESIAN_POINT('',(1.27518091531666,-0.780206168485989,12.500006769463));
#11014=CARTESIAN_POINT('',(1.30012886394511,-0.805154117114448,12.4979069406841));
#11015=CARTESIAN_POINT('',(1.33701000460762,-0.842035257776959,12.4885123389182));
#11016=CARTESIAN_POINT('',(1.37676353185945,-0.881788785028787,12.4712260307601));
#11017=CARTESIAN_POINT('',(1.42189289584969,-0.926918149019021,12.4412414894651));
#11018=CARTESIAN_POINT('',(1.47253823389531,-0.977563487064647,12.3898878996177));
#11019=CARTESIAN_POINT('',(1.51812794872483,-1.02315320189416,12.3167778947943));
#11020=CARTESIAN_POINT('',(1.54840816027361,-1.05343341344294,12.2349141212076));
#11021=CARTESIAN_POINT('',(1.56258683871609,-1.06761209188543,12.1645850254883));
#11022=CARTESIAN_POINT('',(1.56730711413141,-1.07233236730074,12.1143587493026));
#11023=CARTESIAN_POINT('',(1.56800010446342,-1.07302535763275,12.0880366685927));
#11024=CARTESIAN_POINT('',(1.56799863845088,-1.07302389162022,12.0777777777778));
#11025=AXIS2_PLACEMENT_3D('',#11026,#11027,#11028);
#11026=CARTESIAN_POINT('',(0.,-2.51182489534057E-016,12.0777777777778));
#11027=DIRECTION('',(0.,-1.22139628059813E-018,-1.));
#11028=DIRECTION('',(-0.564749416425834,0.825262441073553,-1.00797247604457E-018));
#11029=CARTESIAN_POINT('',(-1.56799863803968,1.07302389120918,12.0777777777778));
#11030=CARTESIAN_POINT('',(-1.26270339980911,0.767728652978607,12.5));
#11031=CARTESIAN_POINT('',(-1.27518091531659,0.780206168486091,12.500006769463));
#11032=CARTESIAN_POINT('',(-1.30012886394505,0.80515411711455,12.4979069406841));
#11033=CARTESIAN_POINT('',(-1.33701000460756,0.84203525777706,12.4885123389182));
#11034=CARTESIAN_POINT('',(-1.37676353185939,0.881788785028889,12.4712260307601));
#11035=CARTESIAN_POINT('',(-1.42189289584962,0.926918149019122,12.4412414894651));
#11036=CARTESIAN_POINT('',(-1.47253823389525,0.97756348706475,12.3898878996177));
#11037=CARTESIAN_POINT('',(-1.51812794872476,1.02315320189426,12.3167778947943));
#11038=CARTESIAN_POINT('',(-1.54840816027354,1.05343341344304,12.2349141212076));
#11039=CARTESIAN_POINT('',(-1.56258683871603,1.06761209188553,12.1645850254883));
#11040=CARTESIAN_POINT('',(-1.56730711413134,1.07233236730084,12.1143587493026));
#11041=CARTESIAN_POINT('',(-1.56800010446335,1.07302535763285,12.0880366685927));
#11042=CARTESIAN_POINT('',(-1.56799863845081,1.07302389162031,12.0777777777778));
#11043=CARTESIAN_POINT('',(0.,-1.9,12.0777777777778));
#11044=AXIS2_PLACEMENT_3D('',#11045,#11046,#11047);
#11045=CARTESIAN_POINT('',(0.,-2.51182489534057E-016,12.0777777777778));
#11046=DIRECTION('',(0.,-1.22139628059813E-018,-1.));
#11047=DIRECTION('',(0.,-1.,1.22139628059813E-018));
#11048=CARTESIAN_POINT('',(1.07302389120919,-1.56799863803968,12.0777777777778));
#11049=AXIS2_PLACEMENT_3D('',#11050,#11051,#11052);
#11050=CARTESIAN_POINT('',(0.,-2.51182489534057E-016,12.0777777777778));
#11051=DIRECTION('',(0.,-1.22139628059813E-018,-1.));
#11052=DIRECTION('',(0.564749416425887,-0.825262441073517,1.00797247604452E-018));
#11053=CARTESIAN_POINT('',(0.767728652978608,-1.26270339980911,12.5));
#11054=CARTESIAN_POINT('',(0.780206168486092,-1.27518091531659,12.500006769463));
#11055=CARTESIAN_POINT('',(0.805154117114552,-1.30012886394505,12.4979069406841));
#11056=CARTESIAN_POINT('',(0.842035257777061,-1.33701000460756,12.4885123389182));
#11057=CARTESIAN_POINT('',(0.88178878502889,-1.37676353185939,12.4712260307601));
#11058=CARTESIAN_POINT('',(0.926918149019123,-1.42189289584962,12.4412414894651));
#11059=CARTESIAN_POINT('',(0.97756348706475,-1.47253823389525,12.3898878996176));
#11060=CARTESIAN_POINT('',(1.02315320189426,-1.51812794872477,12.3167778947943));
#11061=CARTESIAN_POINT('',(1.05343341344304,-1.54840816027354,12.2349141212076));
#11062=CARTESIAN_POINT('',(1.06761209188553,-1.56258683871603,12.1645850254883));
#11063=CARTESIAN_POINT('',(1.07233236730084,-1.56730711413134,12.1143587493026));
#11064=CARTESIAN_POINT('',(1.07302535763285,-1.56800010446335,12.0880366685927));
#11065=CARTESIAN_POINT('',(1.07302389162031,-1.56799863845081,12.0777777777778));
#11066=CARTESIAN_POINT('',(1.56799863803975,-1.07302389120909,11.5));
#11067=CARTESIAN_POINT('',(1.56799863803975,-1.07302389120909,12.0777777777778));
#11068=VECTOR('',#11069,1.);
#11069=DIRECTION('',(0.,0.,-1.));
#11070=CARTESIAN_POINT('',(1.07302389120918,-1.56799863803968,11.5));
#11071=AXIS2_PLACEMENT_3D('',#11072,#11073,#11074);
#11072=CARTESIAN_POINT('',(0.,-2.51888185162847E-016,11.5));
#11073=DIRECTION('',(0.,-1.22139628059813E-018,-1.));
#11074=DIRECTION('',(0.825262441073553,-0.564749416425834,6.89782836692476E-019));
#11075=CARTESIAN_POINT('',(1.07302389120918,-1.56799863803968,12.0777777777778));
#11076=VECTOR('',#11077,1.);
#11077=DIRECTION('',(0.,0.,-1.));
#11078=CARTESIAN_POINT('',(-1.56799863803968,1.07302389120918,11.5));
#11079=CARTESIAN_POINT('',(-1.56799863803968,1.07302389120918,12.0777777777778));
#11080=VECTOR('',#11081,1.);
#11081=DIRECTION('',(0.,0.,-1.));
#11082=CARTESIAN_POINT('',(-1.07302389120909,1.56799863803975,11.5));
#11083=AXIS2_PLACEMENT_3D('',#11084,#11085,#11086);
#11084=CARTESIAN_POINT('',(0.,-2.51888185162847E-016,11.5));
#11085=DIRECTION('',(0.,-1.22139628059813E-018,-1.));
#11086=DIRECTION('',(-0.825262441073518,0.564749416425886,-6.89782836692539E-019));
#11087=CARTESIAN_POINT('',(-1.07302389120909,1.56799863803975,12.0777777777778));
#11088=VECTOR('',#11089,1.);
#11089=DIRECTION('',(0.,0.,-1.));
#11090=CARTESIAN_POINT('',(0.,-1.9,10.5));
#11091=AXIS2_PLACEMENT_3D('',#11092,#11093,#11094);
#11092=CARTESIAN_POINT('',(0.,-2.53109581443445E-016,10.5));
#11093=DIRECTION('',(0.,-1.22139628059813E-018,-1.));
#11094=DIRECTION('',(0.,-1.,1.22139628059813E-018));
#11095=CARTESIAN_POINT('',(-1.56799863803968,1.07302389120918,11.5));
#11096=VECTOR('',#11097,1.);
#11097=DIRECTION('',(0.707106781186548,-0.707106781186547,0.));
#11098=CARTESIAN_POINT('',(1.56799863803975,-1.07302389120909,11.5));
#11099=VECTOR('',#11100,1.);
#11100=DIRECTION('',(-0.707106781186548,0.707106781186547,0.));
#11101=CARTESIAN_POINT('',(0.,-1.5,10.5));
#11102=AXIS2_PLACEMENT_3D('',#11103,#11104,#11105);
#11103=CARTESIAN_POINT('',(0.,-2.53109581443445E-016,10.5));
#11104=DIRECTION('',(0.,-1.22139628059813E-018,-1.));
#11105=DIRECTION('',(0.,-1.,1.22139628059813E-018));
#11106=CARTESIAN_POINT('',(0.,-1.5,5.85));
#11107=AXIS2_PLACEMENT_3D('',#11108,#11109,#11110);
#11108=CARTESIAN_POINT('',(0.,-2.58789074148227E-016,5.85));
#11109=DIRECTION('',(0.,-1.22139628059813E-018,-1.));
#11110=DIRECTION('',(0.,-1.,1.22139628059813E-018));
#11111=CARTESIAN_POINT('',(0.,-1.15,5.5));
#11112=AXIS2_PLACEMENT_3D('',#11113,#11114,#11115);
#11113=CARTESIAN_POINT('',(0.,-2.59216562846436E-016,5.5));
#11114=DIRECTION('',(0.,-1.22139628059813E-018,-1.));
#11115=DIRECTION('',(0.,-1.,1.22139628059813E-018));
#11116=CARTESIAN_POINT('',(0.,-1.15,5.));
#11117=AXIS2_PLACEMENT_3D('',#11118,#11119,#11120);
#11118=CARTESIAN_POINT('',(0.,-2.59827260986735E-016,5.));
#11119=DIRECTION('',(0.,-1.22139628059813E-018,-1.));
#11120=DIRECTION('',(0.,-1.,1.22139628059813E-018));
ENDSEC;
END-ISO-10303-21;
