ISO-10303-21;
HEADER;
FILE_DESCRIPTION(('STEP AP214'),
    '1');
FILE_NAME('DG302',
    '2019-10-02T14:13:00',
    ('AF'),
    (''),
    'UNSPECIFIED',
    'UNSPECIFIED',
    '');
/*Based on Degson DG302 datasheet, REV D0*/
FILE_SCHEMA(('AUTOMOTIVE_DESIGN { 1 0 10303 214 3 1 1}'));
ENDSEC;

DATA;
#1=SHAPE_REPRESENTATION('NONE',(#2,#61,#124,#187,#250,#276,#302,#328,#354,#380,#406,
#432,#458,#484,#510,#536,#562,#588,#614,#640,#666,#692),#6);
#2=AXIS2_PLACEMENT_3D('',#3,#4,#5);
#3=CARTESIAN_POINT('',(0.,0.,0.));
#4=DIRECTION('',(0.,0.,1.));
#5=DIRECTION('',(1.,0.,0.));
#6=(GEOMETRIC_REPRESENTATION_CONTEXT(3)GLOBAL_UNCERTAINTY_ASSIGNED_CONTEXT((#8))
GLOBAL_UNIT_ASSIGNED_CONTEXT((#7,#9,#10))REPRESENTATION_CONTEXT('NONE','NONE'));
#7=(LENGTH_UNIT()NAMED_UNIT(*)SI_UNIT(.MILLI.,.METRE.));
#8=UNCERTAINTY_MEASURE_WITH_UNIT(LENGTH_MEASURE(1.E-005),#7,'NONE','NONE');
#9=(NAMED_UNIT(*)PLANE_ANGLE_UNIT()SI_UNIT($,.RADIAN.));
#10=(NAMED_UNIT(*)SI_UNIT($,.STERADIAN.)SOLID_ANGLE_UNIT());
#11=SHAPE_DEFINITION_REPRESENTATION(#12,#1);
#12=PRODUCT_DEFINITION_SHAPE('NONE','NONE',#13);
#13=PRODUCT_DEFINITION('','UNSPECIFIED',#14,#22);
#14=PRODUCT_DEFINITION_FORMATION_WITH_SPECIFIED_SOURCE('ANY','UNSPECIFIED',#15,.NOT_KNOWN.);
#15=PRODUCT('','DG302-5.0-07P-14','Based on Degson DG302 datasheet, REV D0',(#25));
#16=PERSON('UNSPECIFIED','AF','UNSPECIFIED',('UNSPECIFIED'),('UNSPECIFIED'),('UNSPECIFIED'));
#17=ORGANIZATION('UNSPECIFIED','UNSPECIFIED','UNSPECIFIED');
#18=PERSON_AND_ORGANIZATION(#16,#17);
#19=PERSON_AND_ORGANIZATION_ROLE('design_owner');
#20=CC_DESIGN_PERSON_AND_ORGANIZATION_ASSIGNMENT(#18,#19,(#15));
#21=PRODUCT_RELATED_PRODUCT_CATEGORY('assembly','',(#15));
#22=DESIGN_CONTEXT('detailed design',#23,'design');
#23=APPLICATION_CONTEXT('configuration controlled 3d designs of mechanical parts and assemblies');
#24=APPLICATION_PROTOCOL_DEFINITION('international standard','automotive_design',
2011,#23);
#25=PRODUCT_CONTEXT('NONE',#23,'mechanical');
#26=CC_DESIGN_DATE_AND_TIME_ASSIGNMENT(#27,#31,(#13));
#27=DATE_AND_TIME(#28,#29);
#28=CALENDAR_DATE(0,1,1);
#29=LOCAL_TIME(0,0,0.,#30);
#30=COORDINATED_UNIVERSAL_TIME_OFFSET(0,0,.AHEAD.);
#31=DATE_TIME_ROLE('creation_date');
#32=CC_DESIGN_APPROVAL(#33,(#13));
#33=APPROVAL(#34,'UNSPECIFIED');
#34=APPROVAL_STATUS('not_yet_approved');
#35=APPROVAL_DATE_TIME(#36,#33);
#36=DATE_AND_TIME(#37,#38);
#37=CALENDAR_DATE(0,1,1);
#38=LOCAL_TIME(0,0,0.,#39);
#39=COORDINATED_UNIVERSAL_TIME_OFFSET(0,0,.AHEAD.);
#40=DERIVED_UNIT((#44,#41));
#41=DERIVED_UNIT_ELEMENT(#42,-1.);
#42=VOLUME_UNIT(#43);
#43=DIMENSIONAL_EXPONENTS(3.,0.,0.,0.,0.,0.,0.);
#44=(DERIVED_UNIT_ELEMENT($,-1.)NAMED_UNIT($)MASS_UNIT()SI_UNIT($,.GRAM.));
#45=MANIFOLD_SOLID_BREP('',#46);
#46=CLOSED_SHELL('',(#718,#727,#736,#745,#754,#763,#772,#781,#790,#799,#808,#817,
#826,#835,#844,#853,#862,#871,#880,#889,#898,#907,#916,#925,#934,#943,#952,#961,
#970,#979,#988,#997,#1006,#1015,#1024,#1033,#1042,#1051,#1060,#1069,#1078,#1087,
#1096,#1105,#1114,#1123,#1132,#1141,#1150,#1159,#1168,#1177,#1186,#1195,#1204,#1213,
#1222,#1231,#1240,#1249,#1258,#1267,#1276,#1285,#1294,#1303,#1312,#1321,#1330,#1339,
#1348,#1357,#1366,#1375,#1384,#1393,#1402,#1411,#1420,#1429,#1438,#1447,#1456,#1465,
#1474,#1483,#1492,#1501,#1510,#1519,#1528,#1537,#1546,#1555,#1564,#1573,#1582,#1591,
#1600,#1609,#1618,#1627,#1636,#1645,#1654,#1663,#1672,#1681,#1690,#1699,#1708,#1717,
#1726,#1735,#1744,#1753,#1762,#1771,#1780,#1789,#1798,#1807,#1816,#1825,#1834,#1843,
#1852,#1861,#1870,#1879,#1888,#1897,#1906,#1915,#1924,#1933,#1942,#1951,#1960,#1969,
#1978,#1987,#1996,#2005,#2014,#2023,#2032,#2041,#2050,#2059,#2068,#2077,#2086,#2095,
#2104,#2113,#2122,#2131,#2140,#2149,#2158,#2167,#2176,#2185,#2194,#2203,#2212,#2221,
#2230,#2239,#2248,#2257,#2266,#2275,#2284,#2293,#2302,#2311,#2320,#2329,#2338,#2347,
#2356,#2365,#2374,#2383,#2392,#2401,#2410,#2419,#2428,#2437,#2446,#2455,#2464,#2473,
#2482,#2491,#2500,#2509,#2518,#2527,#2536,#2545,#2554,#2563,#2572,#2581,#2590,#2599,
#2608,#2617,#2626,#2635,#2644,#2653,#2662,#2671,#2680,#2689,#2698,#2707,#2716,#2725,
#2734,#2743,#2752,#2761,#2770,#2779,#2788,#2797,#2806,#2815,#2824,#2833,#2842,#2851,
#2860,#2869,#2878,#2887,#2896,#2905,#2914,#2923,#2932,#2941,#2950,#2959,#2968,#2977,
#2986,#2995,#3004,#3013,#3022,#3031,#3040,#3049,#3058,#3067,#3076,#3085,#3094,#3103,
#3112,#3121));
#47=COLOUR_RGB($,0.341176470588235,0.615686274509804,0.427450980392157);
#48=FILL_AREA_STYLE_COLOUR($,#47);
#49=FILL_AREA_STYLE($,(#48));
#50=SURFACE_STYLE_FILL_AREA(#49);
#51=SURFACE_SIDE_STYLE('',(#50));
#52=SURFACE_STYLE_USAGE(.BOTH.,#51);
#53=PRESENTATION_STYLE_ASSIGNMENT((#52));
#54=MECHANICAL_DESIGN_GEOMETRIC_PRESENTATION_REPRESENTATION('NONE',(#55,#99,#162,
#225,#726,#735,#744,#753,#762,#771,#780,#789,#798,#807,#816,#825,#834,#843,#852,
#861,#870,#879,#888,#897,#906,#915,#924,#933,#942,#951,#960,#969,#978,#987,#996,
#1005,#1014,#1023,#1032,#1041,#1050,#1059,#1068,#1077,#1086,#1095,#1104,#1113,#1122,
#1131,#1140,#1149,#1158,#1167,#1176,#1185,#1194,#1203,#1212,#1221,#1230,#1239,#1248,
#1257,#1266,#1275,#1284,#1293,#1302,#1311,#1320,#1329,#1338,#1347,#1356,#1365,#1374,
#1383,#1392,#1401,#1410,#1419,#1428,#1437,#1446,#1455,#1464,#1473,#1482,#1491,#1500,
#1509,#1518,#1527,#1536,#1545,#1554,#1563,#1572,#1581,#1590,#1599,#1608,#1617,#1626,
#1635,#1644,#1653,#1662,#1671,#1680,#1689,#1698,#1707,#1716,#1725,#1734,#1743,#1752,
#1761,#1770,#1779,#1788,#1797,#1806,#1815,#1824,#1833,#1842,#1851,#1860,#1869,#1878,
#1887,#1896,#1905,#1914,#1923,#1932,#1941,#1950,#1959,#1968,#1977,#1986,#1995,#2004,
#2013,#2022,#2031,#2040,#2049,#2058,#2067,#2076,#2085,#2094,#2103,#2112,#2121,#2130,
#2139,#2148,#2157,#2166,#2175,#2184,#2193,#2202,#2211,#2220,#2229,#2238,#2247,#2256,
#2265,#2274,#2283,#2292,#2301,#2310,#2319,#2328,#2337,#2346,#2355,#2364,#2373,#2382,
#2391,#2400,#2409,#2418,#2427,#2436,#2445,#2454,#2463,#2472,#2481,#2490,#2499,#2508,
#2517,#2526,#2535,#2544,#2553,#2562,#2571,#2580,#2589,#2598,#2607,#2616,#2625,#2634,
#2643,#2652,#2661,#2670,#2679,#2688,#2697,#2706,#2715,#2724,#2733,#2742,#2751,#2760,
#2769,#2778,#2787,#2796,#2805,#2814,#2823,#2832,#2841,#2850,#2859,#2868,#2877,#2886,
#2895,#2904,#2913,#2922,#2931,#2940,#2949,#2958,#2967,#2976,#2985,#2994,#3003,#3012,
#3021,#3030,#3039,#3048,#3057,#3066,#3075,#3084,#3093,#3102,#3111,#3120,#3129,#3135,
#3141,#3147,#3153,#3159,#3165,#3171,#3180,#3189,#3198,#3207,#3216,#3225,#3234,#3243,
#3252,#3261,#3270,#3279,#3288,#3297,#3306,#3315,#3324,#3333,#3342,#3351,#3360,#3369,
#3378,#3387,#3396,#3405,#3414,#3423,#3432,#3441,#3450,#3459,#3468,#3477,#3486,#3495,
#3504,#3513,#3522,#3531,#3540,#3549,#3558,#3567,#3576,#3585,#3594,#3603,#3612,#3621,
#3630,#3639,#3648,#3657,#3666,#3675,#3684,#3693,#3702,#3711,#3720,#3729,#3738,#3747,
#3756,#3765,#3774,#3783,#3792,#3801,#3810),#6);
#55=STYLED_ITEM('',(#53),#45);
#56=ADVANCED_BREP_SHAPE_REPRESENTATION('NONE',(#45),#6);
#57=SHAPE_REPRESENTATION_RELATIONSHIP('','',#1,#56);
#58=GEOMETRIC_CURVE_SET('',(#3130,#3136,#3142,#3148,#3154,#3160,#3166));
#59=GEOMETRICALLY_BOUNDED_WIREFRAME_SHAPE_REPRESENTATION('NONE',(#58),#6);
#60=SHAPE_REPRESENTATION_RELATIONSHIP('','',#1,#59);
#61=AXIS2_PLACEMENT_3D('',#62,#63,#64);
#62=CARTESIAN_POINT('',(0.,0.,0.));
#63=DIRECTION('',(0.,0.,1.));
#64=DIRECTION('',(1.,0.,0.));
#65=SHAPE_REPRESENTATION('NONE',(#2),#6);
#66=SHAPE_DEFINITION_REPRESENTATION(#67,#65);
#67=PRODUCT_DEFINITION_SHAPE('NONE','NONE',#68);
#68=PRODUCT_DEFINITION('','UNSPECIFIED',#69,#72);
#69=PRODUCT_DEFINITION_FORMATION_WITH_SPECIFIED_SOURCE('ANY','UNSPECIFIED',#70,.NOT_KNOWN.);
#70=PRODUCT('','DG302-pin','NONE',(#75));
#71=PRODUCT_RELATED_PRODUCT_CATEGORY('detail','',(#70));
#72=DESIGN_CONTEXT('detailed design',#73,'design');
#73=APPLICATION_CONTEXT('configuration controlled 3d designs of mechanical parts and assemblies');
#74=APPLICATION_PROTOCOL_DEFINITION('international standard','automotive_design',
2011,#73);
#75=PRODUCT_CONTEXT('NONE',#73,'mechanical');
#76=CC_DESIGN_DATE_AND_TIME_ASSIGNMENT(#77,#81,(#68));
#77=DATE_AND_TIME(#78,#79);
#78=CALENDAR_DATE(0,1,1);
#79=LOCAL_TIME(0,0,0.,#80);
#80=COORDINATED_UNIVERSAL_TIME_OFFSET(0,0,.AHEAD.);
#81=DATE_TIME_ROLE('creation_date');
#82=CC_DESIGN_APPROVAL(#83,(#68));
#83=APPROVAL(#84,'UNSPECIFIED');
#84=APPROVAL_STATUS('not_yet_approved');
#85=APPROVAL_DATE_TIME(#86,#83);
#86=DATE_AND_TIME(#87,#88);
#87=CALENDAR_DATE(0,1,1);
#88=LOCAL_TIME(0,0,0.,#89);
#89=COORDINATED_UNIVERSAL_TIME_OFFSET(0,0,.AHEAD.);
#90=MANIFOLD_SOLID_BREP('',#91);
#91=CLOSED_SHELL('',(#3172,#3181,#3190,#3199,#3208,#3217,#3226,#3235,#3244,#3253,
#3262,#3271,#3280,#3289,#3298,#3307,#3316,#3325,#3334));
#92=COLOUR_RGB($,0.827450980392157,0.831372549019608,0.835294117647059);
#93=FILL_AREA_STYLE_COLOUR($,#92);
#94=FILL_AREA_STYLE($,(#93));
#95=SURFACE_STYLE_FILL_AREA(#94);
#96=SURFACE_SIDE_STYLE('',(#95));
#97=SURFACE_STYLE_USAGE(.BOTH.,#96);
#98=PRESENTATION_STYLE_ASSIGNMENT((#97));
#99=STYLED_ITEM('',(#98),#90);
#100=ADVANCED_BREP_SHAPE_REPRESENTATION('NONE',(#90),#6);
#101=SHAPE_REPRESENTATION_RELATIONSHIP('','',#65,#100);
#102=ITEM_DEFINED_TRANSFORMATION('','',#2,#61);
#103=(REPRESENTATION_RELATIONSHIP('','',#65,#1)REPRESENTATION_RELATIONSHIP_WITH_TRANSFORMATION(
#102)SHAPE_REPRESENTATION_RELATIONSHIP());
#104=NEXT_ASSEMBLY_USAGE_OCCURRENCE('1','','',#13,#68,$);
#105=CC_DESIGN_SECURITY_CLASSIFICATION(#106,(#104));
#106=SECURITY_CLASSIFICATION('','',#107);
#107=SECURITY_CLASSIFICATION_LEVEL('unclassified');
#108=CC_DESIGN_DATE_AND_TIME_ASSIGNMENT(#109,#113,(#106));
#109=DATE_AND_TIME(#110,#111);
#110=CALENDAR_DATE(0,1,1);
#111=LOCAL_TIME(0,0,0.,#112);
#112=COORDINATED_UNIVERSAL_TIME_OFFSET(0,0,.AHEAD.);
#113=DATE_TIME_ROLE('classification_date');
#114=CC_DESIGN_APPROVAL(#115,(#106));
#115=APPROVAL(#116,'UNSPECIFIED');
#116=APPROVAL_STATUS('not_yet_approved');
#117=APPROVAL_DATE_TIME(#118,#115);
#118=DATE_AND_TIME(#119,#120);
#119=CALENDAR_DATE(0,1,1);
#120=LOCAL_TIME(0,0,0.,#121);
#121=COORDINATED_UNIVERSAL_TIME_OFFSET(0,0,.AHEAD.);
#122=PRODUCT_DEFINITION_SHAPE('NONE','NONE',#104);
#123=CONTEXT_DEPENDENT_SHAPE_REPRESENTATION(#103,#122);
#124=AXIS2_PLACEMENT_3D('',#125,#126,#127);
#125=CARTESIAN_POINT('',(0.,0.,0.));
#126=DIRECTION('',(0.,0.,1.));
#127=DIRECTION('',(1.,0.,0.));
#128=SHAPE_REPRESENTATION('NONE',(#2),#6);
#129=SHAPE_DEFINITION_REPRESENTATION(#130,#128);
#130=PRODUCT_DEFINITION_SHAPE('NONE','NONE',#131);
#131=PRODUCT_DEFINITION('','UNSPECIFIED',#132,#135);
#132=PRODUCT_DEFINITION_FORMATION_WITH_SPECIFIED_SOURCE('ANY','UNSPECIFIED',#133,
.NOT_KNOWN.);
#133=PRODUCT('','DG302-wire-protector','NONE',(#138));
#134=PRODUCT_RELATED_PRODUCT_CATEGORY('detail','',(#133));
#135=DESIGN_CONTEXT('detailed design',#136,'design');
#136=APPLICATION_CONTEXT('configuration controlled 3d designs of mechanical parts and assemblies');
#137=APPLICATION_PROTOCOL_DEFINITION('international standard','automotive_design',
2011,#136);
#138=PRODUCT_CONTEXT('NONE',#136,'mechanical');
#139=CC_DESIGN_DATE_AND_TIME_ASSIGNMENT(#140,#144,(#131));
#140=DATE_AND_TIME(#141,#142);
#141=CALENDAR_DATE(0,1,1);
#142=LOCAL_TIME(0,0,0.,#143);
#143=COORDINATED_UNIVERSAL_TIME_OFFSET(0,0,.AHEAD.);
#144=DATE_TIME_ROLE('creation_date');
#145=CC_DESIGN_APPROVAL(#146,(#131));
#146=APPROVAL(#147,'UNSPECIFIED');
#147=APPROVAL_STATUS('not_yet_approved');
#148=APPROVAL_DATE_TIME(#149,#146);
#149=DATE_AND_TIME(#150,#151);
#150=CALENDAR_DATE(0,1,1);
#151=LOCAL_TIME(0,0,0.,#152);
#152=COORDINATED_UNIVERSAL_TIME_OFFSET(0,0,.AHEAD.);
#153=MANIFOLD_SOLID_BREP('',#154);
#154=CLOSED_SHELL('',(#3343,#3352,#3361,#3370,#3379,#3388,#3397,#3406,#3415,#3424,
#3433,#3442,#3451,#3460,#3469,#3478,#3487,#3496,#3505,#3514,#3523,#3532,#3541,#3550,
#3559,#3568,#3577,#3586,#3595,#3604,#3613,#3622,#3631,#3640,#3649,#3658,#3667,#3676,
#3685));
#155=COLOUR_RGB($,0.792156862745098,0.8,0.807843137254902);
#156=FILL_AREA_STYLE_COLOUR($,#155);
#157=FILL_AREA_STYLE($,(#156));
#158=SURFACE_STYLE_FILL_AREA(#157);
#159=SURFACE_SIDE_STYLE('',(#158));
#160=SURFACE_STYLE_USAGE(.BOTH.,#159);
#161=PRESENTATION_STYLE_ASSIGNMENT((#160));
#162=STYLED_ITEM('',(#161),#153);
#163=ADVANCED_BREP_SHAPE_REPRESENTATION('NONE',(#153),#6);
#164=SHAPE_REPRESENTATION_RELATIONSHIP('','',#128,#163);
#165=ITEM_DEFINED_TRANSFORMATION('','',#2,#124);
#166=(REPRESENTATION_RELATIONSHIP('','',#128,#1)REPRESENTATION_RELATIONSHIP_WITH_TRANSFORMATION(
#165)SHAPE_REPRESENTATION_RELATIONSHIP());
#167=NEXT_ASSEMBLY_USAGE_OCCURRENCE('2','','',#13,#131,$);
#168=CC_DESIGN_SECURITY_CLASSIFICATION(#169,(#167));
#169=SECURITY_CLASSIFICATION('','',#170);
#170=SECURITY_CLASSIFICATION_LEVEL('unclassified');
#171=CC_DESIGN_DATE_AND_TIME_ASSIGNMENT(#172,#176,(#169));
#172=DATE_AND_TIME(#173,#174);
#173=CALENDAR_DATE(0,1,1);
#174=LOCAL_TIME(0,0,0.,#175);
#175=COORDINATED_UNIVERSAL_TIME_OFFSET(0,0,.AHEAD.);
#176=DATE_TIME_ROLE('classification_date');
#177=CC_DESIGN_APPROVAL(#178,(#169));
#178=APPROVAL(#179,'UNSPECIFIED');
#179=APPROVAL_STATUS('not_yet_approved');
#180=APPROVAL_DATE_TIME(#181,#178);
#181=DATE_AND_TIME(#182,#183);
#182=CALENDAR_DATE(0,1,1);
#183=LOCAL_TIME(0,0,0.,#184);
#184=COORDINATED_UNIVERSAL_TIME_OFFSET(0,0,.AHEAD.);
#185=PRODUCT_DEFINITION_SHAPE('NONE','NONE',#167);
#186=CONTEXT_DEPENDENT_SHAPE_REPRESENTATION(#166,#185);
#187=AXIS2_PLACEMENT_3D('',#188,#189,#190);
#188=CARTESIAN_POINT('',(0.,0.,0.));
#189=DIRECTION('',(0.,0.,1.));
#190=DIRECTION('',(1.,0.,0.));
#191=SHAPE_REPRESENTATION('NONE',(#2),#6);
#192=SHAPE_DEFINITION_REPRESENTATION(#193,#191);
#193=PRODUCT_DEFINITION_SHAPE('NONE','NONE',#194);
#194=PRODUCT_DEFINITION('','UNSPECIFIED',#195,#198);
#195=PRODUCT_DEFINITION_FORMATION_WITH_SPECIFIED_SOURCE('ANY','UNSPECIFIED',#196,
.NOT_KNOWN.);
#196=PRODUCT('','DG302-screw','NONE',(#201));
#197=PRODUCT_RELATED_PRODUCT_CATEGORY('detail','',(#196));
#198=DESIGN_CONTEXT('detailed design',#199,'design');
#199=APPLICATION_CONTEXT('configuration controlled 3d designs of mechanical parts and assemblies');
#200=APPLICATION_PROTOCOL_DEFINITION('international standard','automotive_design',
2011,#199);
#201=PRODUCT_CONTEXT('NONE',#199,'mechanical');
#202=CC_DESIGN_DATE_AND_TIME_ASSIGNMENT(#203,#207,(#194));
#203=DATE_AND_TIME(#204,#205);
#204=CALENDAR_DATE(0,1,1);
#205=LOCAL_TIME(0,0,0.,#206);
#206=COORDINATED_UNIVERSAL_TIME_OFFSET(0,0,.AHEAD.);
#207=DATE_TIME_ROLE('creation_date');
#208=CC_DESIGN_APPROVAL(#209,(#194));
#209=APPROVAL(#210,'UNSPECIFIED');
#210=APPROVAL_STATUS('not_yet_approved');
#211=APPROVAL_DATE_TIME(#212,#209);
#212=DATE_AND_TIME(#213,#214);
#213=CALENDAR_DATE(0,1,1);
#214=LOCAL_TIME(0,0,0.,#215);
#215=COORDINATED_UNIVERSAL_TIME_OFFSET(0,0,.AHEAD.);
#216=MANIFOLD_SOLID_BREP('',#217);
#217=CLOSED_SHELL('',(#3694,#3703,#3712,#3721,#3730,#3739,#3748,#3757,#3766,#3775,
#3784,#3793,#3802));
#218=COLOUR_RGB($,0.729411764705882,0.768627450980392,0.784313725490196);
#219=FILL_AREA_STYLE_COLOUR($,#218);
#220=FILL_AREA_STYLE($,(#219));
#221=SURFACE_STYLE_FILL_AREA(#220);
#222=SURFACE_SIDE_STYLE('',(#221));
#223=SURFACE_STYLE_USAGE(.BOTH.,#222);
#224=PRESENTATION_STYLE_ASSIGNMENT((#223));
#225=STYLED_ITEM('',(#224),#216);
#226=ADVANCED_BREP_SHAPE_REPRESENTATION('NONE',(#216),#6);
#227=SHAPE_REPRESENTATION_RELATIONSHIP('','',#191,#226);
#228=ITEM_DEFINED_TRANSFORMATION('','',#2,#187);
#229=(REPRESENTATION_RELATIONSHIP('','',#191,#1)REPRESENTATION_RELATIONSHIP_WITH_TRANSFORMATION(
#228)SHAPE_REPRESENTATION_RELATIONSHIP());
#230=NEXT_ASSEMBLY_USAGE_OCCURRENCE('3','','',#13,#194,$);
#231=CC_DESIGN_SECURITY_CLASSIFICATION(#232,(#230));
#232=SECURITY_CLASSIFICATION('','',#233);
#233=SECURITY_CLASSIFICATION_LEVEL('unclassified');
#234=CC_DESIGN_DATE_AND_TIME_ASSIGNMENT(#235,#239,(#232));
#235=DATE_AND_TIME(#236,#237);
#236=CALENDAR_DATE(0,1,1);
#237=LOCAL_TIME(0,0,0.,#238);
#238=COORDINATED_UNIVERSAL_TIME_OFFSET(0,0,.AHEAD.);
#239=DATE_TIME_ROLE('classification_date');
#240=CC_DESIGN_APPROVAL(#241,(#232));
#241=APPROVAL(#242,'UNSPECIFIED');
#242=APPROVAL_STATUS('not_yet_approved');
#243=APPROVAL_DATE_TIME(#244,#241);
#244=DATE_AND_TIME(#245,#246);
#245=CALENDAR_DATE(0,1,1);
#246=LOCAL_TIME(0,0,0.,#247);
#247=COORDINATED_UNIVERSAL_TIME_OFFSET(0,0,.AHEAD.);
#248=PRODUCT_DEFINITION_SHAPE('NONE','NONE',#230);
#249=CONTEXT_DEPENDENT_SHAPE_REPRESENTATION(#229,#248);
#250=AXIS2_PLACEMENT_3D('',#251,#252,#253);
#251=CARTESIAN_POINT('',(5.,0.,0.));
#252=DIRECTION('',(0.,0.,1.));
#253=DIRECTION('',(1.,0.,0.));
#254=ITEM_DEFINED_TRANSFORMATION('','',#2,#250);
#255=(REPRESENTATION_RELATIONSHIP('','',#65,#1)REPRESENTATION_RELATIONSHIP_WITH_TRANSFORMATION(
#254)SHAPE_REPRESENTATION_RELATIONSHIP());
#256=NEXT_ASSEMBLY_USAGE_OCCURRENCE('4','','',#13,#68,$);
#257=CC_DESIGN_SECURITY_CLASSIFICATION(#258,(#256));
#258=SECURITY_CLASSIFICATION('','',#259);
#259=SECURITY_CLASSIFICATION_LEVEL('unclassified');
#260=CC_DESIGN_DATE_AND_TIME_ASSIGNMENT(#261,#265,(#258));
#261=DATE_AND_TIME(#262,#263);
#262=CALENDAR_DATE(0,1,1);
#263=LOCAL_TIME(0,0,0.,#264);
#264=COORDINATED_UNIVERSAL_TIME_OFFSET(0,0,.AHEAD.);
#265=DATE_TIME_ROLE('classification_date');
#266=CC_DESIGN_APPROVAL(#267,(#258));
#267=APPROVAL(#268,'UNSPECIFIED');
#268=APPROVAL_STATUS('not_yet_approved');
#269=APPROVAL_DATE_TIME(#270,#267);
#270=DATE_AND_TIME(#271,#272);
#271=CALENDAR_DATE(0,1,1);
#272=LOCAL_TIME(0,0,0.,#273);
#273=COORDINATED_UNIVERSAL_TIME_OFFSET(0,0,.AHEAD.);
#274=PRODUCT_DEFINITION_SHAPE('NONE','NONE',#256);
#275=CONTEXT_DEPENDENT_SHAPE_REPRESENTATION(#255,#274);
#276=AXIS2_PLACEMENT_3D('',#277,#278,#279);
#277=CARTESIAN_POINT('',(5.,0.,0.));
#278=DIRECTION('',(0.,0.,1.));
#279=DIRECTION('',(1.,0.,0.));
#280=ITEM_DEFINED_TRANSFORMATION('','',#2,#276);
#281=(REPRESENTATION_RELATIONSHIP('','',#128,#1)REPRESENTATION_RELATIONSHIP_WITH_TRANSFORMATION(
#280)SHAPE_REPRESENTATION_RELATIONSHIP());
#282=NEXT_ASSEMBLY_USAGE_OCCURRENCE('5','','',#13,#131,$);
#283=CC_DESIGN_SECURITY_CLASSIFICATION(#284,(#282));
#284=SECURITY_CLASSIFICATION('','',#285);
#285=SECURITY_CLASSIFICATION_LEVEL('unclassified');
#286=CC_DESIGN_DATE_AND_TIME_ASSIGNMENT(#287,#291,(#284));
#287=DATE_AND_TIME(#288,#289);
#288=CALENDAR_DATE(0,1,1);
#289=LOCAL_TIME(0,0,0.,#290);
#290=COORDINATED_UNIVERSAL_TIME_OFFSET(0,0,.AHEAD.);
#291=DATE_TIME_ROLE('classification_date');
#292=CC_DESIGN_APPROVAL(#293,(#284));
#293=APPROVAL(#294,'UNSPECIFIED');
#294=APPROVAL_STATUS('not_yet_approved');
#295=APPROVAL_DATE_TIME(#296,#293);
#296=DATE_AND_TIME(#297,#298);
#297=CALENDAR_DATE(0,1,1);
#298=LOCAL_TIME(0,0,0.,#299);
#299=COORDINATED_UNIVERSAL_TIME_OFFSET(0,0,.AHEAD.);
#300=PRODUCT_DEFINITION_SHAPE('NONE','NONE',#282);
#301=CONTEXT_DEPENDENT_SHAPE_REPRESENTATION(#281,#300);
#302=AXIS2_PLACEMENT_3D('',#303,#304,#305);
#303=CARTESIAN_POINT('',(5.,0.,0.));
#304=DIRECTION('',(0.,0.,1.));
#305=DIRECTION('',(1.,0.,0.));
#306=ITEM_DEFINED_TRANSFORMATION('','',#2,#302);
#307=(REPRESENTATION_RELATIONSHIP('','',#191,#1)REPRESENTATION_RELATIONSHIP_WITH_TRANSFORMATION(
#306)SHAPE_REPRESENTATION_RELATIONSHIP());
#308=NEXT_ASSEMBLY_USAGE_OCCURRENCE('6','','',#13,#194,$);
#309=CC_DESIGN_SECURITY_CLASSIFICATION(#310,(#308));
#310=SECURITY_CLASSIFICATION('','',#311);
#311=SECURITY_CLASSIFICATION_LEVEL('unclassified');
#312=CC_DESIGN_DATE_AND_TIME_ASSIGNMENT(#313,#317,(#310));
#313=DATE_AND_TIME(#314,#315);
#314=CALENDAR_DATE(0,1,1);
#315=LOCAL_TIME(0,0,0.,#316);
#316=COORDINATED_UNIVERSAL_TIME_OFFSET(0,0,.AHEAD.);
#317=DATE_TIME_ROLE('classification_date');
#318=CC_DESIGN_APPROVAL(#319,(#310));
#319=APPROVAL(#320,'UNSPECIFIED');
#320=APPROVAL_STATUS('not_yet_approved');
#321=APPROVAL_DATE_TIME(#322,#319);
#322=DATE_AND_TIME(#323,#324);
#323=CALENDAR_DATE(0,1,1);
#324=LOCAL_TIME(0,0,0.,#325);
#325=COORDINATED_UNIVERSAL_TIME_OFFSET(0,0,.AHEAD.);
#326=PRODUCT_DEFINITION_SHAPE('NONE','NONE',#308);
#327=CONTEXT_DEPENDENT_SHAPE_REPRESENTATION(#307,#326);
#328=AXIS2_PLACEMENT_3D('',#329,#330,#331);
#329=CARTESIAN_POINT('',(10.,0.,0.));
#330=DIRECTION('',(0.,0.,1.));
#331=DIRECTION('',(1.,0.,0.));
#332=ITEM_DEFINED_TRANSFORMATION('','',#2,#328);
#333=(REPRESENTATION_RELATIONSHIP('','',#65,#1)REPRESENTATION_RELATIONSHIP_WITH_TRANSFORMATION(
#332)SHAPE_REPRESENTATION_RELATIONSHIP());
#334=NEXT_ASSEMBLY_USAGE_OCCURRENCE('7','','',#13,#68,$);
#335=CC_DESIGN_SECURITY_CLASSIFICATION(#336,(#334));
#336=SECURITY_CLASSIFICATION('','',#337);
#337=SECURITY_CLASSIFICATION_LEVEL('unclassified');
#338=CC_DESIGN_DATE_AND_TIME_ASSIGNMENT(#339,#343,(#336));
#339=DATE_AND_TIME(#340,#341);
#340=CALENDAR_DATE(0,1,1);
#341=LOCAL_TIME(0,0,0.,#342);
#342=COORDINATED_UNIVERSAL_TIME_OFFSET(0,0,.AHEAD.);
#343=DATE_TIME_ROLE('classification_date');
#344=CC_DESIGN_APPROVAL(#345,(#336));
#345=APPROVAL(#346,'UNSPECIFIED');
#346=APPROVAL_STATUS('not_yet_approved');
#347=APPROVAL_DATE_TIME(#348,#345);
#348=DATE_AND_TIME(#349,#350);
#349=CALENDAR_DATE(0,1,1);
#350=LOCAL_TIME(0,0,0.,#351);
#351=COORDINATED_UNIVERSAL_TIME_OFFSET(0,0,.AHEAD.);
#352=PRODUCT_DEFINITION_SHAPE('NONE','NONE',#334);
#353=CONTEXT_DEPENDENT_SHAPE_REPRESENTATION(#333,#352);
#354=AXIS2_PLACEMENT_3D('',#355,#356,#357);
#355=CARTESIAN_POINT('',(10.,0.,0.));
#356=DIRECTION('',(0.,0.,1.));
#357=DIRECTION('',(1.,0.,0.));
#358=ITEM_DEFINED_TRANSFORMATION('','',#2,#354);
#359=(REPRESENTATION_RELATIONSHIP('','',#128,#1)REPRESENTATION_RELATIONSHIP_WITH_TRANSFORMATION(
#358)SHAPE_REPRESENTATION_RELATIONSHIP());
#360=NEXT_ASSEMBLY_USAGE_OCCURRENCE('8','','',#13,#131,$);
#361=CC_DESIGN_SECURITY_CLASSIFICATION(#362,(#360));
#362=SECURITY_CLASSIFICATION('','',#363);
#363=SECURITY_CLASSIFICATION_LEVEL('unclassified');
#364=CC_DESIGN_DATE_AND_TIME_ASSIGNMENT(#365,#369,(#362));
#365=DATE_AND_TIME(#366,#367);
#366=CALENDAR_DATE(0,1,1);
#367=LOCAL_TIME(0,0,0.,#368);
#368=COORDINATED_UNIVERSAL_TIME_OFFSET(0,0,.AHEAD.);
#369=DATE_TIME_ROLE('classification_date');
#370=CC_DESIGN_APPROVAL(#371,(#362));
#371=APPROVAL(#372,'UNSPECIFIED');
#372=APPROVAL_STATUS('not_yet_approved');
#373=APPROVAL_DATE_TIME(#374,#371);
#374=DATE_AND_TIME(#375,#376);
#375=CALENDAR_DATE(0,1,1);
#376=LOCAL_TIME(0,0,0.,#377);
#377=COORDINATED_UNIVERSAL_TIME_OFFSET(0,0,.AHEAD.);
#378=PRODUCT_DEFINITION_SHAPE('NONE','NONE',#360);
#379=CONTEXT_DEPENDENT_SHAPE_REPRESENTATION(#359,#378);
#380=AXIS2_PLACEMENT_3D('',#381,#382,#383);
#381=CARTESIAN_POINT('',(10.,0.,0.));
#382=DIRECTION('',(0.,0.,1.));
#383=DIRECTION('',(1.,0.,0.));
#384=ITEM_DEFINED_TRANSFORMATION('','',#2,#380);
#385=(REPRESENTATION_RELATIONSHIP('','',#191,#1)REPRESENTATION_RELATIONSHIP_WITH_TRANSFORMATION(
#384)SHAPE_REPRESENTATION_RELATIONSHIP());
#386=NEXT_ASSEMBLY_USAGE_OCCURRENCE('9','','',#13,#194,$);
#387=CC_DESIGN_SECURITY_CLASSIFICATION(#388,(#386));
#388=SECURITY_CLASSIFICATION('','',#389);
#389=SECURITY_CLASSIFICATION_LEVEL('unclassified');
#390=CC_DESIGN_DATE_AND_TIME_ASSIGNMENT(#391,#395,(#388));
#391=DATE_AND_TIME(#392,#393);
#392=CALENDAR_DATE(0,1,1);
#393=LOCAL_TIME(0,0,0.,#394);
#394=COORDINATED_UNIVERSAL_TIME_OFFSET(0,0,.AHEAD.);
#395=DATE_TIME_ROLE('classification_date');
#396=CC_DESIGN_APPROVAL(#397,(#388));
#397=APPROVAL(#398,'UNSPECIFIED');
#398=APPROVAL_STATUS('not_yet_approved');
#399=APPROVAL_DATE_TIME(#400,#397);
#400=DATE_AND_TIME(#401,#402);
#401=CALENDAR_DATE(0,1,1);
#402=LOCAL_TIME(0,0,0.,#403);
#403=COORDINATED_UNIVERSAL_TIME_OFFSET(0,0,.AHEAD.);
#404=PRODUCT_DEFINITION_SHAPE('NONE','NONE',#386);
#405=CONTEXT_DEPENDENT_SHAPE_REPRESENTATION(#385,#404);
#406=AXIS2_PLACEMENT_3D('',#407,#408,#409);
#407=CARTESIAN_POINT('',(15.,0.,0.));
#408=DIRECTION('',(0.,0.,1.));
#409=DIRECTION('',(1.,0.,0.));
#410=ITEM_DEFINED_TRANSFORMATION('','',#2,#406);
#411=(REPRESENTATION_RELATIONSHIP('','',#65,#1)REPRESENTATION_RELATIONSHIP_WITH_TRANSFORMATION(
#410)SHAPE_REPRESENTATION_RELATIONSHIP());
#412=NEXT_ASSEMBLY_USAGE_OCCURRENCE('10','','',#13,#68,$);
#413=CC_DESIGN_SECURITY_CLASSIFICATION(#414,(#412));
#414=SECURITY_CLASSIFICATION('','',#415);
#415=SECURITY_CLASSIFICATION_LEVEL('unclassified');
#416=CC_DESIGN_DATE_AND_TIME_ASSIGNMENT(#417,#421,(#414));
#417=DATE_AND_TIME(#418,#419);
#418=CALENDAR_DATE(0,1,1);
#419=LOCAL_TIME(0,0,0.,#420);
#420=COORDINATED_UNIVERSAL_TIME_OFFSET(0,0,.AHEAD.);
#421=DATE_TIME_ROLE('classification_date');
#422=CC_DESIGN_APPROVAL(#423,(#414));
#423=APPROVAL(#424,'UNSPECIFIED');
#424=APPROVAL_STATUS('not_yet_approved');
#425=APPROVAL_DATE_TIME(#426,#423);
#426=DATE_AND_TIME(#427,#428);
#427=CALENDAR_DATE(0,1,1);
#428=LOCAL_TIME(0,0,0.,#429);
#429=COORDINATED_UNIVERSAL_TIME_OFFSET(0,0,.AHEAD.);
#430=PRODUCT_DEFINITION_SHAPE('NONE','NONE',#412);
#431=CONTEXT_DEPENDENT_SHAPE_REPRESENTATION(#411,#430);
#432=AXIS2_PLACEMENT_3D('',#433,#434,#435);
#433=CARTESIAN_POINT('',(15.,0.,0.));
#434=DIRECTION('',(0.,0.,1.));
#435=DIRECTION('',(1.,0.,0.));
#436=ITEM_DEFINED_TRANSFORMATION('','',#2,#432);
#437=(REPRESENTATION_RELATIONSHIP('','',#128,#1)REPRESENTATION_RELATIONSHIP_WITH_TRANSFORMATION(
#436)SHAPE_REPRESENTATION_RELATIONSHIP());
#438=NEXT_ASSEMBLY_USAGE_OCCURRENCE('11','','',#13,#131,$);
#439=CC_DESIGN_SECURITY_CLASSIFICATION(#440,(#438));
#440=SECURITY_CLASSIFICATION('','',#441);
#441=SECURITY_CLASSIFICATION_LEVEL('unclassified');
#442=CC_DESIGN_DATE_AND_TIME_ASSIGNMENT(#443,#447,(#440));
#443=DATE_AND_TIME(#444,#445);
#444=CALENDAR_DATE(0,1,1);
#445=LOCAL_TIME(0,0,0.,#446);
#446=COORDINATED_UNIVERSAL_TIME_OFFSET(0,0,.AHEAD.);
#447=DATE_TIME_ROLE('classification_date');
#448=CC_DESIGN_APPROVAL(#449,(#440));
#449=APPROVAL(#450,'UNSPECIFIED');
#450=APPROVAL_STATUS('not_yet_approved');
#451=APPROVAL_DATE_TIME(#452,#449);
#452=DATE_AND_TIME(#453,#454);
#453=CALENDAR_DATE(0,1,1);
#454=LOCAL_TIME(0,0,0.,#455);
#455=COORDINATED_UNIVERSAL_TIME_OFFSET(0,0,.AHEAD.);
#456=PRODUCT_DEFINITION_SHAPE('NONE','NONE',#438);
#457=CONTEXT_DEPENDENT_SHAPE_REPRESENTATION(#437,#456);
#458=AXIS2_PLACEMENT_3D('',#459,#460,#461);
#459=CARTESIAN_POINT('',(15.,0.,0.));
#460=DIRECTION('',(0.,0.,1.));
#461=DIRECTION('',(1.,0.,0.));
#462=ITEM_DEFINED_TRANSFORMATION('','',#2,#458);
#463=(REPRESENTATION_RELATIONSHIP('','',#191,#1)REPRESENTATION_RELATIONSHIP_WITH_TRANSFORMATION(
#462)SHAPE_REPRESENTATION_RELATIONSHIP());
#464=NEXT_ASSEMBLY_USAGE_OCCURRENCE('12','','',#13,#194,$);
#465=CC_DESIGN_SECURITY_CLASSIFICATION(#466,(#464));
#466=SECURITY_CLASSIFICATION('','',#467);
#467=SECURITY_CLASSIFICATION_LEVEL('unclassified');
#468=CC_DESIGN_DATE_AND_TIME_ASSIGNMENT(#469,#473,(#466));
#469=DATE_AND_TIME(#470,#471);
#470=CALENDAR_DATE(0,1,1);
#471=LOCAL_TIME(0,0,0.,#472);
#472=COORDINATED_UNIVERSAL_TIME_OFFSET(0,0,.AHEAD.);
#473=DATE_TIME_ROLE('classification_date');
#474=CC_DESIGN_APPROVAL(#475,(#466));
#475=APPROVAL(#476,'UNSPECIFIED');
#476=APPROVAL_STATUS('not_yet_approved');
#477=APPROVAL_DATE_TIME(#478,#475);
#478=DATE_AND_TIME(#479,#480);
#479=CALENDAR_DATE(0,1,1);
#480=LOCAL_TIME(0,0,0.,#481);
#481=COORDINATED_UNIVERSAL_TIME_OFFSET(0,0,.AHEAD.);
#482=PRODUCT_DEFINITION_SHAPE('NONE','NONE',#464);
#483=CONTEXT_DEPENDENT_SHAPE_REPRESENTATION(#463,#482);
#484=AXIS2_PLACEMENT_3D('',#485,#486,#487);
#485=CARTESIAN_POINT('',(20.,0.,0.));
#486=DIRECTION('',(0.,0.,1.));
#487=DIRECTION('',(1.,0.,0.));
#488=ITEM_DEFINED_TRANSFORMATION('','',#2,#484);
#489=(REPRESENTATION_RELATIONSHIP('','',#65,#1)REPRESENTATION_RELATIONSHIP_WITH_TRANSFORMATION(
#488)SHAPE_REPRESENTATION_RELATIONSHIP());
#490=NEXT_ASSEMBLY_USAGE_OCCURRENCE('13','','',#13,#68,$);
#491=CC_DESIGN_SECURITY_CLASSIFICATION(#492,(#490));
#492=SECURITY_CLASSIFICATION('','',#493);
#493=SECURITY_CLASSIFICATION_LEVEL('unclassified');
#494=CC_DESIGN_DATE_AND_TIME_ASSIGNMENT(#495,#499,(#492));
#495=DATE_AND_TIME(#496,#497);
#496=CALENDAR_DATE(0,1,1);
#497=LOCAL_TIME(0,0,0.,#498);
#498=COORDINATED_UNIVERSAL_TIME_OFFSET(0,0,.AHEAD.);
#499=DATE_TIME_ROLE('classification_date');
#500=CC_DESIGN_APPROVAL(#501,(#492));
#501=APPROVAL(#502,'UNSPECIFIED');
#502=APPROVAL_STATUS('not_yet_approved');
#503=APPROVAL_DATE_TIME(#504,#501);
#504=DATE_AND_TIME(#505,#506);
#505=CALENDAR_DATE(0,1,1);
#506=LOCAL_TIME(0,0,0.,#507);
#507=COORDINATED_UNIVERSAL_TIME_OFFSET(0,0,.AHEAD.);
#508=PRODUCT_DEFINITION_SHAPE('NONE','NONE',#490);
#509=CONTEXT_DEPENDENT_SHAPE_REPRESENTATION(#489,#508);
#510=AXIS2_PLACEMENT_3D('',#511,#512,#513);
#511=CARTESIAN_POINT('',(20.,0.,0.));
#512=DIRECTION('',(0.,0.,1.));
#513=DIRECTION('',(1.,0.,0.));
#514=ITEM_DEFINED_TRANSFORMATION('','',#2,#510);
#515=(REPRESENTATION_RELATIONSHIP('','',#128,#1)REPRESENTATION_RELATIONSHIP_WITH_TRANSFORMATION(
#514)SHAPE_REPRESENTATION_RELATIONSHIP());
#516=NEXT_ASSEMBLY_USAGE_OCCURRENCE('14','','',#13,#131,$);
#517=CC_DESIGN_SECURITY_CLASSIFICATION(#518,(#516));
#518=SECURITY_CLASSIFICATION('','',#519);
#519=SECURITY_CLASSIFICATION_LEVEL('unclassified');
#520=CC_DESIGN_DATE_AND_TIME_ASSIGNMENT(#521,#525,(#518));
#521=DATE_AND_TIME(#522,#523);
#522=CALENDAR_DATE(0,1,1);
#523=LOCAL_TIME(0,0,0.,#524);
#524=COORDINATED_UNIVERSAL_TIME_OFFSET(0,0,.AHEAD.);
#525=DATE_TIME_ROLE('classification_date');
#526=CC_DESIGN_APPROVAL(#527,(#518));
#527=APPROVAL(#528,'UNSPECIFIED');
#528=APPROVAL_STATUS('not_yet_approved');
#529=APPROVAL_DATE_TIME(#530,#527);
#530=DATE_AND_TIME(#531,#532);
#531=CALENDAR_DATE(0,1,1);
#532=LOCAL_TIME(0,0,0.,#533);
#533=COORDINATED_UNIVERSAL_TIME_OFFSET(0,0,.AHEAD.);
#534=PRODUCT_DEFINITION_SHAPE('NONE','NONE',#516);
#535=CONTEXT_DEPENDENT_SHAPE_REPRESENTATION(#515,#534);
#536=AXIS2_PLACEMENT_3D('',#537,#538,#539);
#537=CARTESIAN_POINT('',(20.,0.,0.));
#538=DIRECTION('',(0.,0.,1.));
#539=DIRECTION('',(1.,0.,0.));
#540=ITEM_DEFINED_TRANSFORMATION('','',#2,#536);
#541=(REPRESENTATION_RELATIONSHIP('','',#191,#1)REPRESENTATION_RELATIONSHIP_WITH_TRANSFORMATION(
#540)SHAPE_REPRESENTATION_RELATIONSHIP());
#542=NEXT_ASSEMBLY_USAGE_OCCURRENCE('15','','',#13,#194,$);
#543=CC_DESIGN_SECURITY_CLASSIFICATION(#544,(#542));
#544=SECURITY_CLASSIFICATION('','',#545);
#545=SECURITY_CLASSIFICATION_LEVEL('unclassified');
#546=CC_DESIGN_DATE_AND_TIME_ASSIGNMENT(#547,#551,(#544));
#547=DATE_AND_TIME(#548,#549);
#548=CALENDAR_DATE(0,1,1);
#549=LOCAL_TIME(0,0,0.,#550);
#550=COORDINATED_UNIVERSAL_TIME_OFFSET(0,0,.AHEAD.);
#551=DATE_TIME_ROLE('classification_date');
#552=CC_DESIGN_APPROVAL(#553,(#544));
#553=APPROVAL(#554,'UNSPECIFIED');
#554=APPROVAL_STATUS('not_yet_approved');
#555=APPROVAL_DATE_TIME(#556,#553);
#556=DATE_AND_TIME(#557,#558);
#557=CALENDAR_DATE(0,1,1);
#558=LOCAL_TIME(0,0,0.,#559);
#559=COORDINATED_UNIVERSAL_TIME_OFFSET(0,0,.AHEAD.);
#560=PRODUCT_DEFINITION_SHAPE('NONE','NONE',#542);
#561=CONTEXT_DEPENDENT_SHAPE_REPRESENTATION(#541,#560);
#562=AXIS2_PLACEMENT_3D('',#563,#564,#565);
#563=CARTESIAN_POINT('',(25.,0.,0.));
#564=DIRECTION('',(0.,0.,1.));
#565=DIRECTION('',(1.,0.,0.));
#566=ITEM_DEFINED_TRANSFORMATION('','',#2,#562);
#567=(REPRESENTATION_RELATIONSHIP('','',#65,#1)REPRESENTATION_RELATIONSHIP_WITH_TRANSFORMATION(
#566)SHAPE_REPRESENTATION_RELATIONSHIP());
#568=NEXT_ASSEMBLY_USAGE_OCCURRENCE('16','','',#13,#68,$);
#569=CC_DESIGN_SECURITY_CLASSIFICATION(#570,(#568));
#570=SECURITY_CLASSIFICATION('','',#571);
#571=SECURITY_CLASSIFICATION_LEVEL('unclassified');
#572=CC_DESIGN_DATE_AND_TIME_ASSIGNMENT(#573,#577,(#570));
#573=DATE_AND_TIME(#574,#575);
#574=CALENDAR_DATE(0,1,1);
#575=LOCAL_TIME(0,0,0.,#576);
#576=COORDINATED_UNIVERSAL_TIME_OFFSET(0,0,.AHEAD.);
#577=DATE_TIME_ROLE('classification_date');
#578=CC_DESIGN_APPROVAL(#579,(#570));
#579=APPROVAL(#580,'UNSPECIFIED');
#580=APPROVAL_STATUS('not_yet_approved');
#581=APPROVAL_DATE_TIME(#582,#579);
#582=DATE_AND_TIME(#583,#584);
#583=CALENDAR_DATE(0,1,1);
#584=LOCAL_TIME(0,0,0.,#585);
#585=COORDINATED_UNIVERSAL_TIME_OFFSET(0,0,.AHEAD.);
#586=PRODUCT_DEFINITION_SHAPE('NONE','NONE',#568);
#587=CONTEXT_DEPENDENT_SHAPE_REPRESENTATION(#567,#586);
#588=AXIS2_PLACEMENT_3D('',#589,#590,#591);
#589=CARTESIAN_POINT('',(25.,0.,0.));
#590=DIRECTION('',(0.,0.,1.));
#591=DIRECTION('',(1.,0.,0.));
#592=ITEM_DEFINED_TRANSFORMATION('','',#2,#588);
#593=(REPRESENTATION_RELATIONSHIP('','',#128,#1)REPRESENTATION_RELATIONSHIP_WITH_TRANSFORMATION(
#592)SHAPE_REPRESENTATION_RELATIONSHIP());
#594=NEXT_ASSEMBLY_USAGE_OCCURRENCE('17','','',#13,#131,$);
#595=CC_DESIGN_SECURITY_CLASSIFICATION(#596,(#594));
#596=SECURITY_CLASSIFICATION('','',#597);
#597=SECURITY_CLASSIFICATION_LEVEL('unclassified');
#598=CC_DESIGN_DATE_AND_TIME_ASSIGNMENT(#599,#603,(#596));
#599=DATE_AND_TIME(#600,#601);
#600=CALENDAR_DATE(0,1,1);
#601=LOCAL_TIME(0,0,0.,#602);
#602=COORDINATED_UNIVERSAL_TIME_OFFSET(0,0,.AHEAD.);
#603=DATE_TIME_ROLE('classification_date');
#604=CC_DESIGN_APPROVAL(#605,(#596));
#605=APPROVAL(#606,'UNSPECIFIED');
#606=APPROVAL_STATUS('not_yet_approved');
#607=APPROVAL_DATE_TIME(#608,#605);
#608=DATE_AND_TIME(#609,#610);
#609=CALENDAR_DATE(0,1,1);
#610=LOCAL_TIME(0,0,0.,#611);
#611=COORDINATED_UNIVERSAL_TIME_OFFSET(0,0,.AHEAD.);
#612=PRODUCT_DEFINITION_SHAPE('NONE','NONE',#594);
#613=CONTEXT_DEPENDENT_SHAPE_REPRESENTATION(#593,#612);
#614=AXIS2_PLACEMENT_3D('',#615,#616,#617);
#615=CARTESIAN_POINT('',(25.,0.,0.));
#616=DIRECTION('',(0.,0.,1.));
#617=DIRECTION('',(1.,0.,0.));
#618=ITEM_DEFINED_TRANSFORMATION('','',#2,#614);
#619=(REPRESENTATION_RELATIONSHIP('','',#191,#1)REPRESENTATION_RELATIONSHIP_WITH_TRANSFORMATION(
#618)SHAPE_REPRESENTATION_RELATIONSHIP());
#620=NEXT_ASSEMBLY_USAGE_OCCURRENCE('18','','',#13,#194,$);
#621=CC_DESIGN_SECURITY_CLASSIFICATION(#622,(#620));
#622=SECURITY_CLASSIFICATION('','',#623);
#623=SECURITY_CLASSIFICATION_LEVEL('unclassified');
#624=CC_DESIGN_DATE_AND_TIME_ASSIGNMENT(#625,#629,(#622));
#625=DATE_AND_TIME(#626,#627);
#626=CALENDAR_DATE(0,1,1);
#627=LOCAL_TIME(0,0,0.,#628);
#628=COORDINATED_UNIVERSAL_TIME_OFFSET(0,0,.AHEAD.);
#629=DATE_TIME_ROLE('classification_date');
#630=CC_DESIGN_APPROVAL(#631,(#622));
#631=APPROVAL(#632,'UNSPECIFIED');
#632=APPROVAL_STATUS('not_yet_approved');
#633=APPROVAL_DATE_TIME(#634,#631);
#634=DATE_AND_TIME(#635,#636);
#635=CALENDAR_DATE(0,1,1);
#636=LOCAL_TIME(0,0,0.,#637);
#637=COORDINATED_UNIVERSAL_TIME_OFFSET(0,0,.AHEAD.);
#638=PRODUCT_DEFINITION_SHAPE('NONE','NONE',#620);
#639=CONTEXT_DEPENDENT_SHAPE_REPRESENTATION(#619,#638);
#640=AXIS2_PLACEMENT_3D('',#641,#642,#643);
#641=CARTESIAN_POINT('',(30.,0.,0.));
#642=DIRECTION('',(0.,0.,1.));
#643=DIRECTION('',(1.,0.,0.));
#644=ITEM_DEFINED_TRANSFORMATION('','',#2,#640);
#645=(REPRESENTATION_RELATIONSHIP('','',#65,#1)REPRESENTATION_RELATIONSHIP_WITH_TRANSFORMATION(
#644)SHAPE_REPRESENTATION_RELATIONSHIP());
#646=NEXT_ASSEMBLY_USAGE_OCCURRENCE('19','','',#13,#68,$);
#647=CC_DESIGN_SECURITY_CLASSIFICATION(#648,(#646));
#648=SECURITY_CLASSIFICATION('','',#649);
#649=SECURITY_CLASSIFICATION_LEVEL('unclassified');
#650=CC_DESIGN_DATE_AND_TIME_ASSIGNMENT(#651,#655,(#648));
#651=DATE_AND_TIME(#652,#653);
#652=CALENDAR_DATE(0,1,1);
#653=LOCAL_TIME(0,0,0.,#654);
#654=COORDINATED_UNIVERSAL_TIME_OFFSET(0,0,.AHEAD.);
#655=DATE_TIME_ROLE('classification_date');
#656=CC_DESIGN_APPROVAL(#657,(#648));
#657=APPROVAL(#658,'UNSPECIFIED');
#658=APPROVAL_STATUS('not_yet_approved');
#659=APPROVAL_DATE_TIME(#660,#657);
#660=DATE_AND_TIME(#661,#662);
#661=CALENDAR_DATE(0,1,1);
#662=LOCAL_TIME(0,0,0.,#663);
#663=COORDINATED_UNIVERSAL_TIME_OFFSET(0,0,.AHEAD.);
#664=PRODUCT_DEFINITION_SHAPE('NONE','NONE',#646);
#665=CONTEXT_DEPENDENT_SHAPE_REPRESENTATION(#645,#664);
#666=AXIS2_PLACEMENT_3D('',#667,#668,#669);
#667=CARTESIAN_POINT('',(30.,0.,0.));
#668=DIRECTION('',(0.,0.,1.));
#669=DIRECTION('',(1.,0.,0.));
#670=ITEM_DEFINED_TRANSFORMATION('','',#2,#666);
#671=(REPRESENTATION_RELATIONSHIP('','',#128,#1)REPRESENTATION_RELATIONSHIP_WITH_TRANSFORMATION(
#670)SHAPE_REPRESENTATION_RELATIONSHIP());
#672=NEXT_ASSEMBLY_USAGE_OCCURRENCE('20','','',#13,#131,$);
#673=CC_DESIGN_SECURITY_CLASSIFICATION(#674,(#672));
#674=SECURITY_CLASSIFICATION('','',#675);
#675=SECURITY_CLASSIFICATION_LEVEL('unclassified');
#676=CC_DESIGN_DATE_AND_TIME_ASSIGNMENT(#677,#681,(#674));
#677=DATE_AND_TIME(#678,#679);
#678=CALENDAR_DATE(0,1,1);
#679=LOCAL_TIME(0,0,0.,#680);
#680=COORDINATED_UNIVERSAL_TIME_OFFSET(0,0,.AHEAD.);
#681=DATE_TIME_ROLE('classification_date');
#682=CC_DESIGN_APPROVAL(#683,(#674));
#683=APPROVAL(#684,'UNSPECIFIED');
#684=APPROVAL_STATUS('not_yet_approved');
#685=APPROVAL_DATE_TIME(#686,#683);
#686=DATE_AND_TIME(#687,#688);
#687=CALENDAR_DATE(0,1,1);
#688=LOCAL_TIME(0,0,0.,#689);
#689=COORDINATED_UNIVERSAL_TIME_OFFSET(0,0,.AHEAD.);
#690=PRODUCT_DEFINITION_SHAPE('NONE','NONE',#672);
#691=CONTEXT_DEPENDENT_SHAPE_REPRESENTATION(#671,#690);
#692=AXIS2_PLACEMENT_3D('',#693,#694,#695);
#693=CARTESIAN_POINT('',(30.,0.,0.));
#694=DIRECTION('',(0.,0.,1.));
#695=DIRECTION('',(1.,0.,0.));
#696=ITEM_DEFINED_TRANSFORMATION('','',#2,#692);
#697=(REPRESENTATION_RELATIONSHIP('','',#191,#1)REPRESENTATION_RELATIONSHIP_WITH_TRANSFORMATION(
#696)SHAPE_REPRESENTATION_RELATIONSHIP());
#698=NEXT_ASSEMBLY_USAGE_OCCURRENCE('21','','',#13,#194,$);
#699=CC_DESIGN_SECURITY_CLASSIFICATION(#700,(#698));
#700=SECURITY_CLASSIFICATION('','',#701);
#701=SECURITY_CLASSIFICATION_LEVEL('unclassified');
#702=CC_DESIGN_DATE_AND_TIME_ASSIGNMENT(#703,#707,(#700));
#703=DATE_AND_TIME(#704,#705);
#704=CALENDAR_DATE(0,1,1);
#705=LOCAL_TIME(0,0,0.,#706);
#706=COORDINATED_UNIVERSAL_TIME_OFFSET(0,0,.AHEAD.);
#707=DATE_TIME_ROLE('classification_date');
#708=CC_DESIGN_APPROVAL(#709,(#700));
#709=APPROVAL(#710,'UNSPECIFIED');
#710=APPROVAL_STATUS('not_yet_approved');
#711=APPROVAL_DATE_TIME(#712,#709);
#712=DATE_AND_TIME(#713,#714);
#713=CALENDAR_DATE(0,1,1);
#714=LOCAL_TIME(0,0,0.,#715);
#715=COORDINATED_UNIVERSAL_TIME_OFFSET(0,0,.AHEAD.);
#716=PRODUCT_DEFINITION_SHAPE('NONE','NONE',#698);
#717=CONTEXT_DEPENDENT_SHAPE_REPRESENTATION(#697,#716);
#718=ADVANCED_FACE('',(#3811),#3813,.F.);
#719=COLOUR_RGB($,0.341176470588235,0.615686274509804,0.427450980392157);
#720=FILL_AREA_STYLE_COLOUR($,#719);
#721=FILL_AREA_STYLE($,(#720));
#722=SURFACE_STYLE_FILL_AREA(#721);
#723=SURFACE_SIDE_STYLE('',(#722));
#724=SURFACE_STYLE_USAGE(.BOTH.,#723);
#725=PRESENTATION_STYLE_ASSIGNMENT((#724));
#726=STYLED_ITEM('',(#725),#718);
#727=ADVANCED_FACE('',(#3818),#3820,.F.);
#728=COLOUR_RGB($,0.341176470588235,0.615686274509804,0.427450980392157);
#729=FILL_AREA_STYLE_COLOUR($,#728);
#730=FILL_AREA_STYLE($,(#729));
#731=SURFACE_STYLE_FILL_AREA(#730);
#732=SURFACE_SIDE_STYLE('',(#731));
#733=SURFACE_STYLE_USAGE(.BOTH.,#732);
#734=PRESENTATION_STYLE_ASSIGNMENT((#733));
#735=STYLED_ITEM('',(#734),#727);
#736=ADVANCED_FACE('',(#3825),#3827,.F.);
#737=COLOUR_RGB($,0.341176470588235,0.615686274509804,0.427450980392157);
#738=FILL_AREA_STYLE_COLOUR($,#737);
#739=FILL_AREA_STYLE($,(#738));
#740=SURFACE_STYLE_FILL_AREA(#739);
#741=SURFACE_SIDE_STYLE('',(#740));
#742=SURFACE_STYLE_USAGE(.BOTH.,#741);
#743=PRESENTATION_STYLE_ASSIGNMENT((#742));
#744=STYLED_ITEM('',(#743),#736);
#745=ADVANCED_FACE('',(#3832),#3834,.F.);
#746=COLOUR_RGB($,0.341176470588235,0.615686274509804,0.427450980392157);
#747=FILL_AREA_STYLE_COLOUR($,#746);
#748=FILL_AREA_STYLE($,(#747));
#749=SURFACE_STYLE_FILL_AREA(#748);
#750=SURFACE_SIDE_STYLE('',(#749));
#751=SURFACE_STYLE_USAGE(.BOTH.,#750);
#752=PRESENTATION_STYLE_ASSIGNMENT((#751));
#753=STYLED_ITEM('',(#752),#745);
#754=ADVANCED_FACE('',(#3839),#3841,.F.);
#755=COLOUR_RGB($,0.341176470588235,0.615686274509804,0.427450980392157);
#756=FILL_AREA_STYLE_COLOUR($,#755);
#757=FILL_AREA_STYLE($,(#756));
#758=SURFACE_STYLE_FILL_AREA(#757);
#759=SURFACE_SIDE_STYLE('',(#758));
#760=SURFACE_STYLE_USAGE(.BOTH.,#759);
#761=PRESENTATION_STYLE_ASSIGNMENT((#760));
#762=STYLED_ITEM('',(#761),#754);
#763=ADVANCED_FACE('',(#3846),#3848,.F.);
#764=COLOUR_RGB($,0.341176470588235,0.615686274509804,0.427450980392157);
#765=FILL_AREA_STYLE_COLOUR($,#764);
#766=FILL_AREA_STYLE($,(#765));
#767=SURFACE_STYLE_FILL_AREA(#766);
#768=SURFACE_SIDE_STYLE('',(#767));
#769=SURFACE_STYLE_USAGE(.BOTH.,#768);
#770=PRESENTATION_STYLE_ASSIGNMENT((#769));
#771=STYLED_ITEM('',(#770),#763);
#772=ADVANCED_FACE('',(#3853),#3855,.F.);
#773=COLOUR_RGB($,0.341176470588235,0.615686274509804,0.427450980392157);
#774=FILL_AREA_STYLE_COLOUR($,#773);
#775=FILL_AREA_STYLE($,(#774));
#776=SURFACE_STYLE_FILL_AREA(#775);
#777=SURFACE_SIDE_STYLE('',(#776));
#778=SURFACE_STYLE_USAGE(.BOTH.,#777);
#779=PRESENTATION_STYLE_ASSIGNMENT((#778));
#780=STYLED_ITEM('',(#779),#772);
#781=ADVANCED_FACE('',(#3860),#3862,.F.);
#782=COLOUR_RGB($,0.341176470588235,0.615686274509804,0.427450980392157);
#783=FILL_AREA_STYLE_COLOUR($,#782);
#784=FILL_AREA_STYLE($,(#783));
#785=SURFACE_STYLE_FILL_AREA(#784);
#786=SURFACE_SIDE_STYLE('',(#785));
#787=SURFACE_STYLE_USAGE(.BOTH.,#786);
#788=PRESENTATION_STYLE_ASSIGNMENT((#787));
#789=STYLED_ITEM('',(#788),#781);
#790=ADVANCED_FACE('',(#3867),#3869,.F.);
#791=COLOUR_RGB($,0.341176470588235,0.615686274509804,0.427450980392157);
#792=FILL_AREA_STYLE_COLOUR($,#791);
#793=FILL_AREA_STYLE($,(#792));
#794=SURFACE_STYLE_FILL_AREA(#793);
#795=SURFACE_SIDE_STYLE('',(#794));
#796=SURFACE_STYLE_USAGE(.BOTH.,#795);
#797=PRESENTATION_STYLE_ASSIGNMENT((#796));
#798=STYLED_ITEM('',(#797),#790);
#799=ADVANCED_FACE('',(#3874),#3876,.F.);
#800=COLOUR_RGB($,0.341176470588235,0.615686274509804,0.427450980392157);
#801=FILL_AREA_STYLE_COLOUR($,#800);
#802=FILL_AREA_STYLE($,(#801));
#803=SURFACE_STYLE_FILL_AREA(#802);
#804=SURFACE_SIDE_STYLE('',(#803));
#805=SURFACE_STYLE_USAGE(.BOTH.,#804);
#806=PRESENTATION_STYLE_ASSIGNMENT((#805));
#807=STYLED_ITEM('',(#806),#799);
#808=ADVANCED_FACE('',(#3881),#3883,.F.);
#809=COLOUR_RGB($,0.341176470588235,0.615686274509804,0.427450980392157);
#810=FILL_AREA_STYLE_COLOUR($,#809);
#811=FILL_AREA_STYLE($,(#810));
#812=SURFACE_STYLE_FILL_AREA(#811);
#813=SURFACE_SIDE_STYLE('',(#812));
#814=SURFACE_STYLE_USAGE(.BOTH.,#813);
#815=PRESENTATION_STYLE_ASSIGNMENT((#814));
#816=STYLED_ITEM('',(#815),#808);
#817=ADVANCED_FACE('',(#3888),#3890,.F.);
#818=COLOUR_RGB($,0.341176470588235,0.615686274509804,0.427450980392157);
#819=FILL_AREA_STYLE_COLOUR($,#818);
#820=FILL_AREA_STYLE($,(#819));
#821=SURFACE_STYLE_FILL_AREA(#820);
#822=SURFACE_SIDE_STYLE('',(#821));
#823=SURFACE_STYLE_USAGE(.BOTH.,#822);
#824=PRESENTATION_STYLE_ASSIGNMENT((#823));
#825=STYLED_ITEM('',(#824),#817);
#826=ADVANCED_FACE('',(#3895),#3897,.F.);
#827=COLOUR_RGB($,0.341176470588235,0.615686274509804,0.427450980392157);
#828=FILL_AREA_STYLE_COLOUR($,#827);
#829=FILL_AREA_STYLE($,(#828));
#830=SURFACE_STYLE_FILL_AREA(#829);
#831=SURFACE_SIDE_STYLE('',(#830));
#832=SURFACE_STYLE_USAGE(.BOTH.,#831);
#833=PRESENTATION_STYLE_ASSIGNMENT((#832));
#834=STYLED_ITEM('',(#833),#826);
#835=ADVANCED_FACE('',(#3902),#3904,.F.);
#836=COLOUR_RGB($,0.341176470588235,0.615686274509804,0.427450980392157);
#837=FILL_AREA_STYLE_COLOUR($,#836);
#838=FILL_AREA_STYLE($,(#837));
#839=SURFACE_STYLE_FILL_AREA(#838);
#840=SURFACE_SIDE_STYLE('',(#839));
#841=SURFACE_STYLE_USAGE(.BOTH.,#840);
#842=PRESENTATION_STYLE_ASSIGNMENT((#841));
#843=STYLED_ITEM('',(#842),#835);
#844=ADVANCED_FACE('',(#3909),#3911,.F.);
#845=COLOUR_RGB($,0.341176470588235,0.615686274509804,0.427450980392157);
#846=FILL_AREA_STYLE_COLOUR($,#845);
#847=FILL_AREA_STYLE($,(#846));
#848=SURFACE_STYLE_FILL_AREA(#847);
#849=SURFACE_SIDE_STYLE('',(#848));
#850=SURFACE_STYLE_USAGE(.BOTH.,#849);
#851=PRESENTATION_STYLE_ASSIGNMENT((#850));
#852=STYLED_ITEM('',(#851),#844);
#853=ADVANCED_FACE('',(#3916),#3918,.F.);
#854=COLOUR_RGB($,0.341176470588235,0.615686274509804,0.427450980392157);
#855=FILL_AREA_STYLE_COLOUR($,#854);
#856=FILL_AREA_STYLE($,(#855));
#857=SURFACE_STYLE_FILL_AREA(#856);
#858=SURFACE_SIDE_STYLE('',(#857));
#859=SURFACE_STYLE_USAGE(.BOTH.,#858);
#860=PRESENTATION_STYLE_ASSIGNMENT((#859));
#861=STYLED_ITEM('',(#860),#853);
#862=ADVANCED_FACE('',(#3923,#3925,#3927,#3929,#3931,#3933,#3935,#3937,#3939,#3941,
#3943,#3945,#3947,#3949),#3951,.T.);
#863=COLOUR_RGB($,0.341176470588235,0.615686274509804,0.427450980392157);
#864=FILL_AREA_STYLE_COLOUR($,#863);
#865=FILL_AREA_STYLE($,(#864));
#866=SURFACE_STYLE_FILL_AREA(#865);
#867=SURFACE_SIDE_STYLE('',(#866));
#868=SURFACE_STYLE_USAGE(.BOTH.,#867);
#869=PRESENTATION_STYLE_ASSIGNMENT((#868));
#870=STYLED_ITEM('',(#869),#862);
#871=ADVANCED_FACE('',(#3956),#3958,.T.);
#872=COLOUR_RGB($,0.341176470588235,0.615686274509804,0.427450980392157);
#873=FILL_AREA_STYLE_COLOUR($,#872);
#874=FILL_AREA_STYLE($,(#873));
#875=SURFACE_STYLE_FILL_AREA(#874);
#876=SURFACE_SIDE_STYLE('',(#875));
#877=SURFACE_STYLE_USAGE(.BOTH.,#876);
#878=PRESENTATION_STYLE_ASSIGNMENT((#877));
#879=STYLED_ITEM('',(#878),#871);
#880=ADVANCED_FACE('',(#3963),#3965,.T.);
#881=COLOUR_RGB($,0.341176470588235,0.615686274509804,0.427450980392157);
#882=FILL_AREA_STYLE_COLOUR($,#881);
#883=FILL_AREA_STYLE($,(#882));
#884=SURFACE_STYLE_FILL_AREA(#883);
#885=SURFACE_SIDE_STYLE('',(#884));
#886=SURFACE_STYLE_USAGE(.BOTH.,#885);
#887=PRESENTATION_STYLE_ASSIGNMENT((#886));
#888=STYLED_ITEM('',(#887),#880);
#889=ADVANCED_FACE('',(#3970),#3972,.T.);
#890=COLOUR_RGB($,0.341176470588235,0.615686274509804,0.427450980392157);
#891=FILL_AREA_STYLE_COLOUR($,#890);
#892=FILL_AREA_STYLE($,(#891));
#893=SURFACE_STYLE_FILL_AREA(#892);
#894=SURFACE_SIDE_STYLE('',(#893));
#895=SURFACE_STYLE_USAGE(.BOTH.,#894);
#896=PRESENTATION_STYLE_ASSIGNMENT((#895));
#897=STYLED_ITEM('',(#896),#889);
#898=ADVANCED_FACE('',(#3977),#3979,.T.);
#899=COLOUR_RGB($,0.341176470588235,0.615686274509804,0.427450980392157);
#900=FILL_AREA_STYLE_COLOUR($,#899);
#901=FILL_AREA_STYLE($,(#900));
#902=SURFACE_STYLE_FILL_AREA(#901);
#903=SURFACE_SIDE_STYLE('',(#902));
#904=SURFACE_STYLE_USAGE(.BOTH.,#903);
#905=PRESENTATION_STYLE_ASSIGNMENT((#904));
#906=STYLED_ITEM('',(#905),#898);
#907=ADVANCED_FACE('',(#3984),#3986,.T.);
#908=COLOUR_RGB($,0.341176470588235,0.615686274509804,0.427450980392157);
#909=FILL_AREA_STYLE_COLOUR($,#908);
#910=FILL_AREA_STYLE($,(#909));
#911=SURFACE_STYLE_FILL_AREA(#910);
#912=SURFACE_SIDE_STYLE('',(#911));
#913=SURFACE_STYLE_USAGE(.BOTH.,#912);
#914=PRESENTATION_STYLE_ASSIGNMENT((#913));
#915=STYLED_ITEM('',(#914),#907);
#916=ADVANCED_FACE('',(#3991),#3993,.T.);
#917=COLOUR_RGB($,0.341176470588235,0.615686274509804,0.427450980392157);
#918=FILL_AREA_STYLE_COLOUR($,#917);
#919=FILL_AREA_STYLE($,(#918));
#920=SURFACE_STYLE_FILL_AREA(#919);
#921=SURFACE_SIDE_STYLE('',(#920));
#922=SURFACE_STYLE_USAGE(.BOTH.,#921);
#923=PRESENTATION_STYLE_ASSIGNMENT((#922));
#924=STYLED_ITEM('',(#923),#916);
#925=ADVANCED_FACE('',(#3998),#4000,.F.);
#926=COLOUR_RGB($,0.341176470588235,0.615686274509804,0.427450980392157);
#927=FILL_AREA_STYLE_COLOUR($,#926);
#928=FILL_AREA_STYLE($,(#927));
#929=SURFACE_STYLE_FILL_AREA(#928);
#930=SURFACE_SIDE_STYLE('',(#929));
#931=SURFACE_STYLE_USAGE(.BOTH.,#930);
#932=PRESENTATION_STYLE_ASSIGNMENT((#931));
#933=STYLED_ITEM('',(#932),#925);
#934=ADVANCED_FACE('',(#4005),#4007,.T.);
#935=COLOUR_RGB($,0.341176470588235,0.615686274509804,0.427450980392157);
#936=FILL_AREA_STYLE_COLOUR($,#935);
#937=FILL_AREA_STYLE($,(#936));
#938=SURFACE_STYLE_FILL_AREA(#937);
#939=SURFACE_SIDE_STYLE('',(#938));
#940=SURFACE_STYLE_USAGE(.BOTH.,#939);
#941=PRESENTATION_STYLE_ASSIGNMENT((#940));
#942=STYLED_ITEM('',(#941),#934);
#943=ADVANCED_FACE('',(#4012),#4014,.T.);
#944=COLOUR_RGB($,0.341176470588235,0.615686274509804,0.427450980392157);
#945=FILL_AREA_STYLE_COLOUR($,#944);
#946=FILL_AREA_STYLE($,(#945));
#947=SURFACE_STYLE_FILL_AREA(#946);
#948=SURFACE_SIDE_STYLE('',(#947));
#949=SURFACE_STYLE_USAGE(.BOTH.,#948);
#950=PRESENTATION_STYLE_ASSIGNMENT((#949));
#951=STYLED_ITEM('',(#950),#943);
#952=ADVANCED_FACE('',(#4019),#4021,.T.);
#953=COLOUR_RGB($,0.341176470588235,0.615686274509804,0.427450980392157);
#954=FILL_AREA_STYLE_COLOUR($,#953);
#955=FILL_AREA_STYLE($,(#954));
#956=SURFACE_STYLE_FILL_AREA(#955);
#957=SURFACE_SIDE_STYLE('',(#956));
#958=SURFACE_STYLE_USAGE(.BOTH.,#957);
#959=PRESENTATION_STYLE_ASSIGNMENT((#958));
#960=STYLED_ITEM('',(#959),#952);
#961=ADVANCED_FACE('',(#4026),#4028,.T.);
#962=COLOUR_RGB($,0.341176470588235,0.615686274509804,0.427450980392157);
#963=FILL_AREA_STYLE_COLOUR($,#962);
#964=FILL_AREA_STYLE($,(#963));
#965=SURFACE_STYLE_FILL_AREA(#964);
#966=SURFACE_SIDE_STYLE('',(#965));
#967=SURFACE_STYLE_USAGE(.BOTH.,#966);
#968=PRESENTATION_STYLE_ASSIGNMENT((#967));
#969=STYLED_ITEM('',(#968),#961);
#970=ADVANCED_FACE('',(#4033),#4035,.T.);
#971=COLOUR_RGB($,0.341176470588235,0.615686274509804,0.427450980392157);
#972=FILL_AREA_STYLE_COLOUR($,#971);
#973=FILL_AREA_STYLE($,(#972));
#974=SURFACE_STYLE_FILL_AREA(#973);
#975=SURFACE_SIDE_STYLE('',(#974));
#976=SURFACE_STYLE_USAGE(.BOTH.,#975);
#977=PRESENTATION_STYLE_ASSIGNMENT((#976));
#978=STYLED_ITEM('',(#977),#970);
#979=ADVANCED_FACE('',(#4040),#4042,.T.);
#980=COLOUR_RGB($,0.341176470588235,0.615686274509804,0.427450980392157);
#981=FILL_AREA_STYLE_COLOUR($,#980);
#982=FILL_AREA_STYLE($,(#981));
#983=SURFACE_STYLE_FILL_AREA(#982);
#984=SURFACE_SIDE_STYLE('',(#983));
#985=SURFACE_STYLE_USAGE(.BOTH.,#984);
#986=PRESENTATION_STYLE_ASSIGNMENT((#985));
#987=STYLED_ITEM('',(#986),#979);
#988=ADVANCED_FACE('',(#4047),#4049,.T.);
#989=COLOUR_RGB($,0.341176470588235,0.615686274509804,0.427450980392157);
#990=FILL_AREA_STYLE_COLOUR($,#989);
#991=FILL_AREA_STYLE($,(#990));
#992=SURFACE_STYLE_FILL_AREA(#991);
#993=SURFACE_SIDE_STYLE('',(#992));
#994=SURFACE_STYLE_USAGE(.BOTH.,#993);
#995=PRESENTATION_STYLE_ASSIGNMENT((#994));
#996=STYLED_ITEM('',(#995),#988);
#997=ADVANCED_FACE('',(#4054),#4056,.T.);
#998=COLOUR_RGB($,0.341176470588235,0.615686274509804,0.427450980392157);
#999=FILL_AREA_STYLE_COLOUR($,#998);
#1000=FILL_AREA_STYLE($,(#999));
#1001=SURFACE_STYLE_FILL_AREA(#1000);
#1002=SURFACE_SIDE_STYLE('',(#1001));
#1003=SURFACE_STYLE_USAGE(.BOTH.,#1002);
#1004=PRESENTATION_STYLE_ASSIGNMENT((#1003));
#1005=STYLED_ITEM('',(#1004),#997);
#1006=ADVANCED_FACE('',(#4061),#4063,.T.);
#1007=COLOUR_RGB($,0.341176470588235,0.615686274509804,0.427450980392157);
#1008=FILL_AREA_STYLE_COLOUR($,#1007);
#1009=FILL_AREA_STYLE($,(#1008));
#1010=SURFACE_STYLE_FILL_AREA(#1009);
#1011=SURFACE_SIDE_STYLE('',(#1010));
#1012=SURFACE_STYLE_USAGE(.BOTH.,#1011);
#1013=PRESENTATION_STYLE_ASSIGNMENT((#1012));
#1014=STYLED_ITEM('',(#1013),#1006);
#1015=ADVANCED_FACE('',(#4068),#4070,.F.);
#1016=COLOUR_RGB($,0.341176470588235,0.615686274509804,0.427450980392157);
#1017=FILL_AREA_STYLE_COLOUR($,#1016);
#1018=FILL_AREA_STYLE($,(#1017));
#1019=SURFACE_STYLE_FILL_AREA(#1018);
#1020=SURFACE_SIDE_STYLE('',(#1019));
#1021=SURFACE_STYLE_USAGE(.BOTH.,#1020);
#1022=PRESENTATION_STYLE_ASSIGNMENT((#1021));
#1023=STYLED_ITEM('',(#1022),#1015);
#1024=ADVANCED_FACE('',(#4075),#4077,.T.);
#1025=COLOUR_RGB($,0.341176470588235,0.615686274509804,0.427450980392157);
#1026=FILL_AREA_STYLE_COLOUR($,#1025);
#1027=FILL_AREA_STYLE($,(#1026));
#1028=SURFACE_STYLE_FILL_AREA(#1027);
#1029=SURFACE_SIDE_STYLE('',(#1028));
#1030=SURFACE_STYLE_USAGE(.BOTH.,#1029);
#1031=PRESENTATION_STYLE_ASSIGNMENT((#1030));
#1032=STYLED_ITEM('',(#1031),#1024);
#1033=ADVANCED_FACE('',(#4082),#4084,.T.);
#1034=COLOUR_RGB($,0.341176470588235,0.615686274509804,0.427450980392157);
#1035=FILL_AREA_STYLE_COLOUR($,#1034);
#1036=FILL_AREA_STYLE($,(#1035));
#1037=SURFACE_STYLE_FILL_AREA(#1036);
#1038=SURFACE_SIDE_STYLE('',(#1037));
#1039=SURFACE_STYLE_USAGE(.BOTH.,#1038);
#1040=PRESENTATION_STYLE_ASSIGNMENT((#1039));
#1041=STYLED_ITEM('',(#1040),#1033);
#1042=ADVANCED_FACE('',(#4089),#4091,.T.);
#1043=COLOUR_RGB($,0.341176470588235,0.615686274509804,0.427450980392157);
#1044=FILL_AREA_STYLE_COLOUR($,#1043);
#1045=FILL_AREA_STYLE($,(#1044));
#1046=SURFACE_STYLE_FILL_AREA(#1045);
#1047=SURFACE_SIDE_STYLE('',(#1046));
#1048=SURFACE_STYLE_USAGE(.BOTH.,#1047);
#1049=PRESENTATION_STYLE_ASSIGNMENT((#1048));
#1050=STYLED_ITEM('',(#1049),#1042);
#1051=ADVANCED_FACE('',(#4096),#4098,.T.);
#1052=COLOUR_RGB($,0.341176470588235,0.615686274509804,0.427450980392157);
#1053=FILL_AREA_STYLE_COLOUR($,#1052);
#1054=FILL_AREA_STYLE($,(#1053));
#1055=SURFACE_STYLE_FILL_AREA(#1054);
#1056=SURFACE_SIDE_STYLE('',(#1055));
#1057=SURFACE_STYLE_USAGE(.BOTH.,#1056);
#1058=PRESENTATION_STYLE_ASSIGNMENT((#1057));
#1059=STYLED_ITEM('',(#1058),#1051);
#1060=ADVANCED_FACE('',(#4103),#4105,.T.);
#1061=COLOUR_RGB($,0.341176470588235,0.615686274509804,0.427450980392157);
#1062=FILL_AREA_STYLE_COLOUR($,#1061);
#1063=FILL_AREA_STYLE($,(#1062));
#1064=SURFACE_STYLE_FILL_AREA(#1063);
#1065=SURFACE_SIDE_STYLE('',(#1064));
#1066=SURFACE_STYLE_USAGE(.BOTH.,#1065);
#1067=PRESENTATION_STYLE_ASSIGNMENT((#1066));
#1068=STYLED_ITEM('',(#1067),#1060);
#1069=ADVANCED_FACE('',(#4110),#4112,.F.);
#1070=COLOUR_RGB($,0.341176470588235,0.615686274509804,0.427450980392157);
#1071=FILL_AREA_STYLE_COLOUR($,#1070);
#1072=FILL_AREA_STYLE($,(#1071));
#1073=SURFACE_STYLE_FILL_AREA(#1072);
#1074=SURFACE_SIDE_STYLE('',(#1073));
#1075=SURFACE_STYLE_USAGE(.BOTH.,#1074);
#1076=PRESENTATION_STYLE_ASSIGNMENT((#1075));
#1077=STYLED_ITEM('',(#1076),#1069);
#1078=ADVANCED_FACE('',(#4117),#4119,.T.);
#1079=COLOUR_RGB($,0.341176470588235,0.615686274509804,0.427450980392157);
#1080=FILL_AREA_STYLE_COLOUR($,#1079);
#1081=FILL_AREA_STYLE($,(#1080));
#1082=SURFACE_STYLE_FILL_AREA(#1081);
#1083=SURFACE_SIDE_STYLE('',(#1082));
#1084=SURFACE_STYLE_USAGE(.BOTH.,#1083);
#1085=PRESENTATION_STYLE_ASSIGNMENT((#1084));
#1086=STYLED_ITEM('',(#1085),#1078);
#1087=ADVANCED_FACE('',(#4124),#4126,.T.);
#1088=COLOUR_RGB($,0.341176470588235,0.615686274509804,0.427450980392157);
#1089=FILL_AREA_STYLE_COLOUR($,#1088);
#1090=FILL_AREA_STYLE($,(#1089));
#1091=SURFACE_STYLE_FILL_AREA(#1090);
#1092=SURFACE_SIDE_STYLE('',(#1091));
#1093=SURFACE_STYLE_USAGE(.BOTH.,#1092);
#1094=PRESENTATION_STYLE_ASSIGNMENT((#1093));
#1095=STYLED_ITEM('',(#1094),#1087);
#1096=ADVANCED_FACE('',(#4131),#4133,.T.);
#1097=COLOUR_RGB($,0.341176470588235,0.615686274509804,0.427450980392157);
#1098=FILL_AREA_STYLE_COLOUR($,#1097);
#1099=FILL_AREA_STYLE($,(#1098));
#1100=SURFACE_STYLE_FILL_AREA(#1099);
#1101=SURFACE_SIDE_STYLE('',(#1100));
#1102=SURFACE_STYLE_USAGE(.BOTH.,#1101);
#1103=PRESENTATION_STYLE_ASSIGNMENT((#1102));
#1104=STYLED_ITEM('',(#1103),#1096);
#1105=ADVANCED_FACE('',(#4138),#4140,.T.);
#1106=COLOUR_RGB($,0.341176470588235,0.615686274509804,0.427450980392157);
#1107=FILL_AREA_STYLE_COLOUR($,#1106);
#1108=FILL_AREA_STYLE($,(#1107));
#1109=SURFACE_STYLE_FILL_AREA(#1108);
#1110=SURFACE_SIDE_STYLE('',(#1109));
#1111=SURFACE_STYLE_USAGE(.BOTH.,#1110);
#1112=PRESENTATION_STYLE_ASSIGNMENT((#1111));
#1113=STYLED_ITEM('',(#1112),#1105);
#1114=ADVANCED_FACE('',(#4145),#4147,.T.);
#1115=COLOUR_RGB($,0.341176470588235,0.615686274509804,0.427450980392157);
#1116=FILL_AREA_STYLE_COLOUR($,#1115);
#1117=FILL_AREA_STYLE($,(#1116));
#1118=SURFACE_STYLE_FILL_AREA(#1117);
#1119=SURFACE_SIDE_STYLE('',(#1118));
#1120=SURFACE_STYLE_USAGE(.BOTH.,#1119);
#1121=PRESENTATION_STYLE_ASSIGNMENT((#1120));
#1122=STYLED_ITEM('',(#1121),#1114);
#1123=ADVANCED_FACE('',(#4152),#4154,.F.);
#1124=COLOUR_RGB($,0.341176470588235,0.615686274509804,0.427450980392157);
#1125=FILL_AREA_STYLE_COLOUR($,#1124);
#1126=FILL_AREA_STYLE($,(#1125));
#1127=SURFACE_STYLE_FILL_AREA(#1126);
#1128=SURFACE_SIDE_STYLE('',(#1127));
#1129=SURFACE_STYLE_USAGE(.BOTH.,#1128);
#1130=PRESENTATION_STYLE_ASSIGNMENT((#1129));
#1131=STYLED_ITEM('',(#1130),#1123);
#1132=ADVANCED_FACE('',(#4159),#4161,.T.);
#1133=COLOUR_RGB($,0.341176470588235,0.615686274509804,0.427450980392157);
#1134=FILL_AREA_STYLE_COLOUR($,#1133);
#1135=FILL_AREA_STYLE($,(#1134));
#1136=SURFACE_STYLE_FILL_AREA(#1135);
#1137=SURFACE_SIDE_STYLE('',(#1136));
#1138=SURFACE_STYLE_USAGE(.BOTH.,#1137);
#1139=PRESENTATION_STYLE_ASSIGNMENT((#1138));
#1140=STYLED_ITEM('',(#1139),#1132);
#1141=ADVANCED_FACE('',(#4166),#4168,.T.);
#1142=COLOUR_RGB($,0.341176470588235,0.615686274509804,0.427450980392157);
#1143=FILL_AREA_STYLE_COLOUR($,#1142);
#1144=FILL_AREA_STYLE($,(#1143));
#1145=SURFACE_STYLE_FILL_AREA(#1144);
#1146=SURFACE_SIDE_STYLE('',(#1145));
#1147=SURFACE_STYLE_USAGE(.BOTH.,#1146);
#1148=PRESENTATION_STYLE_ASSIGNMENT((#1147));
#1149=STYLED_ITEM('',(#1148),#1141);
#1150=ADVANCED_FACE('',(#4173),#4175,.T.);
#1151=COLOUR_RGB($,0.341176470588235,0.615686274509804,0.427450980392157);
#1152=FILL_AREA_STYLE_COLOUR($,#1151);
#1153=FILL_AREA_STYLE($,(#1152));
#1154=SURFACE_STYLE_FILL_AREA(#1153);
#1155=SURFACE_SIDE_STYLE('',(#1154));
#1156=SURFACE_STYLE_USAGE(.BOTH.,#1155);
#1157=PRESENTATION_STYLE_ASSIGNMENT((#1156));
#1158=STYLED_ITEM('',(#1157),#1150);
#1159=ADVANCED_FACE('',(#4180),#4182,.F.);
#1160=COLOUR_RGB($,0.341176470588235,0.615686274509804,0.427450980392157);
#1161=FILL_AREA_STYLE_COLOUR($,#1160);
#1162=FILL_AREA_STYLE($,(#1161));
#1163=SURFACE_STYLE_FILL_AREA(#1162);
#1164=SURFACE_SIDE_STYLE('',(#1163));
#1165=SURFACE_STYLE_USAGE(.BOTH.,#1164);
#1166=PRESENTATION_STYLE_ASSIGNMENT((#1165));
#1167=STYLED_ITEM('',(#1166),#1159);
#1168=ADVANCED_FACE('',(#4187),#4189,.T.);
#1169=COLOUR_RGB($,0.341176470588235,0.615686274509804,0.427450980392157);
#1170=FILL_AREA_STYLE_COLOUR($,#1169);
#1171=FILL_AREA_STYLE($,(#1170));
#1172=SURFACE_STYLE_FILL_AREA(#1171);
#1173=SURFACE_SIDE_STYLE('',(#1172));
#1174=SURFACE_STYLE_USAGE(.BOTH.,#1173);
#1175=PRESENTATION_STYLE_ASSIGNMENT((#1174));
#1176=STYLED_ITEM('',(#1175),#1168);
#1177=ADVANCED_FACE('',(#4194),#4196,.F.);
#1178=COLOUR_RGB($,0.341176470588235,0.615686274509804,0.427450980392157);
#1179=FILL_AREA_STYLE_COLOUR($,#1178);
#1180=FILL_AREA_STYLE($,(#1179));
#1181=SURFACE_STYLE_FILL_AREA(#1180);
#1182=SURFACE_SIDE_STYLE('',(#1181));
#1183=SURFACE_STYLE_USAGE(.BOTH.,#1182);
#1184=PRESENTATION_STYLE_ASSIGNMENT((#1183));
#1185=STYLED_ITEM('',(#1184),#1177);
#1186=ADVANCED_FACE('',(#4201),#4203,.T.);
#1187=COLOUR_RGB($,0.341176470588235,0.615686274509804,0.427450980392157);
#1188=FILL_AREA_STYLE_COLOUR($,#1187);
#1189=FILL_AREA_STYLE($,(#1188));
#1190=SURFACE_STYLE_FILL_AREA(#1189);
#1191=SURFACE_SIDE_STYLE('',(#1190));
#1192=SURFACE_STYLE_USAGE(.BOTH.,#1191);
#1193=PRESENTATION_STYLE_ASSIGNMENT((#1192));
#1194=STYLED_ITEM('',(#1193),#1186);
#1195=ADVANCED_FACE('',(#4208),#4210,.F.);
#1196=COLOUR_RGB($,0.341176470588235,0.615686274509804,0.427450980392157);
#1197=FILL_AREA_STYLE_COLOUR($,#1196);
#1198=FILL_AREA_STYLE($,(#1197));
#1199=SURFACE_STYLE_FILL_AREA(#1198);
#1200=SURFACE_SIDE_STYLE('',(#1199));
#1201=SURFACE_STYLE_USAGE(.BOTH.,#1200);
#1202=PRESENTATION_STYLE_ASSIGNMENT((#1201));
#1203=STYLED_ITEM('',(#1202),#1195);
#1204=ADVANCED_FACE('',(#4215),#4217,.T.);
#1205=COLOUR_RGB($,0.341176470588235,0.615686274509804,0.427450980392157);
#1206=FILL_AREA_STYLE_COLOUR($,#1205);
#1207=FILL_AREA_STYLE($,(#1206));
#1208=SURFACE_STYLE_FILL_AREA(#1207);
#1209=SURFACE_SIDE_STYLE('',(#1208));
#1210=SURFACE_STYLE_USAGE(.BOTH.,#1209);
#1211=PRESENTATION_STYLE_ASSIGNMENT((#1210));
#1212=STYLED_ITEM('',(#1211),#1204);
#1213=ADVANCED_FACE('',(#4222),#4224,.F.);
#1214=COLOUR_RGB($,0.341176470588235,0.615686274509804,0.427450980392157);
#1215=FILL_AREA_STYLE_COLOUR($,#1214);
#1216=FILL_AREA_STYLE($,(#1215));
#1217=SURFACE_STYLE_FILL_AREA(#1216);
#1218=SURFACE_SIDE_STYLE('',(#1217));
#1219=SURFACE_STYLE_USAGE(.BOTH.,#1218);
#1220=PRESENTATION_STYLE_ASSIGNMENT((#1219));
#1221=STYLED_ITEM('',(#1220),#1213);
#1222=ADVANCED_FACE('',(#4229),#4231,.F.);
#1223=COLOUR_RGB($,0.341176470588235,0.615686274509804,0.427450980392157);
#1224=FILL_AREA_STYLE_COLOUR($,#1223);
#1225=FILL_AREA_STYLE($,(#1224));
#1226=SURFACE_STYLE_FILL_AREA(#1225);
#1227=SURFACE_SIDE_STYLE('',(#1226));
#1228=SURFACE_STYLE_USAGE(.BOTH.,#1227);
#1229=PRESENTATION_STYLE_ASSIGNMENT((#1228));
#1230=STYLED_ITEM('',(#1229),#1222);
#1231=ADVANCED_FACE('',(#4236),#4238,.F.);
#1232=COLOUR_RGB($,0.341176470588235,0.615686274509804,0.427450980392157);
#1233=FILL_AREA_STYLE_COLOUR($,#1232);
#1234=FILL_AREA_STYLE($,(#1233));
#1235=SURFACE_STYLE_FILL_AREA(#1234);
#1236=SURFACE_SIDE_STYLE('',(#1235));
#1237=SURFACE_STYLE_USAGE(.BOTH.,#1236);
#1238=PRESENTATION_STYLE_ASSIGNMENT((#1237));
#1239=STYLED_ITEM('',(#1238),#1231);
#1240=ADVANCED_FACE('',(#4243),#4245,.T.);
#1241=COLOUR_RGB($,0.341176470588235,0.615686274509804,0.427450980392157);
#1242=FILL_AREA_STYLE_COLOUR($,#1241);
#1243=FILL_AREA_STYLE($,(#1242));
#1244=SURFACE_STYLE_FILL_AREA(#1243);
#1245=SURFACE_SIDE_STYLE('',(#1244));
#1246=SURFACE_STYLE_USAGE(.BOTH.,#1245);
#1247=PRESENTATION_STYLE_ASSIGNMENT((#1246));
#1248=STYLED_ITEM('',(#1247),#1240);
#1249=ADVANCED_FACE('',(#4250),#4252,.T.);
#1250=COLOUR_RGB($,0.341176470588235,0.615686274509804,0.427450980392157);
#1251=FILL_AREA_STYLE_COLOUR($,#1250);
#1252=FILL_AREA_STYLE($,(#1251));
#1253=SURFACE_STYLE_FILL_AREA(#1252);
#1254=SURFACE_SIDE_STYLE('',(#1253));
#1255=SURFACE_STYLE_USAGE(.BOTH.,#1254);
#1256=PRESENTATION_STYLE_ASSIGNMENT((#1255));
#1257=STYLED_ITEM('',(#1256),#1249);
#1258=ADVANCED_FACE('',(#4257),#4259,.F.);
#1259=COLOUR_RGB($,0.341176470588235,0.615686274509804,0.427450980392157);
#1260=FILL_AREA_STYLE_COLOUR($,#1259);
#1261=FILL_AREA_STYLE($,(#1260));
#1262=SURFACE_STYLE_FILL_AREA(#1261);
#1263=SURFACE_SIDE_STYLE('',(#1262));
#1264=SURFACE_STYLE_USAGE(.BOTH.,#1263);
#1265=PRESENTATION_STYLE_ASSIGNMENT((#1264));
#1266=STYLED_ITEM('',(#1265),#1258);
#1267=ADVANCED_FACE('',(#4264),#4266,.F.);
#1268=COLOUR_RGB($,0.341176470588235,0.615686274509804,0.427450980392157);
#1269=FILL_AREA_STYLE_COLOUR($,#1268);
#1270=FILL_AREA_STYLE($,(#1269));
#1271=SURFACE_STYLE_FILL_AREA(#1270);
#1272=SURFACE_SIDE_STYLE('',(#1271));
#1273=SURFACE_STYLE_USAGE(.BOTH.,#1272);
#1274=PRESENTATION_STYLE_ASSIGNMENT((#1273));
#1275=STYLED_ITEM('',(#1274),#1267);
#1276=ADVANCED_FACE('',(#4271),#4273,.F.);
#1277=COLOUR_RGB($,0.341176470588235,0.615686274509804,0.427450980392157);
#1278=FILL_AREA_STYLE_COLOUR($,#1277);
#1279=FILL_AREA_STYLE($,(#1278));
#1280=SURFACE_STYLE_FILL_AREA(#1279);
#1281=SURFACE_SIDE_STYLE('',(#1280));
#1282=SURFACE_STYLE_USAGE(.BOTH.,#1281);
#1283=PRESENTATION_STYLE_ASSIGNMENT((#1282));
#1284=STYLED_ITEM('',(#1283),#1276);
#1285=ADVANCED_FACE('',(#4278),#4280,.F.);
#1286=COLOUR_RGB($,0.341176470588235,0.615686274509804,0.427450980392157);
#1287=FILL_AREA_STYLE_COLOUR($,#1286);
#1288=FILL_AREA_STYLE($,(#1287));
#1289=SURFACE_STYLE_FILL_AREA(#1288);
#1290=SURFACE_SIDE_STYLE('',(#1289));
#1291=SURFACE_STYLE_USAGE(.BOTH.,#1290);
#1292=PRESENTATION_STYLE_ASSIGNMENT((#1291));
#1293=STYLED_ITEM('',(#1292),#1285);
#1294=ADVANCED_FACE('',(#4285),#4287,.T.);
#1295=COLOUR_RGB($,0.341176470588235,0.615686274509804,0.427450980392157);
#1296=FILL_AREA_STYLE_COLOUR($,#1295);
#1297=FILL_AREA_STYLE($,(#1296));
#1298=SURFACE_STYLE_FILL_AREA(#1297);
#1299=SURFACE_SIDE_STYLE('',(#1298));
#1300=SURFACE_STYLE_USAGE(.BOTH.,#1299);
#1301=PRESENTATION_STYLE_ASSIGNMENT((#1300));
#1302=STYLED_ITEM('',(#1301),#1294);
#1303=ADVANCED_FACE('',(#4292),#4294,.F.);
#1304=COLOUR_RGB($,0.341176470588235,0.615686274509804,0.427450980392157);
#1305=FILL_AREA_STYLE_COLOUR($,#1304);
#1306=FILL_AREA_STYLE($,(#1305));
#1307=SURFACE_STYLE_FILL_AREA(#1306);
#1308=SURFACE_SIDE_STYLE('',(#1307));
#1309=SURFACE_STYLE_USAGE(.BOTH.,#1308);
#1310=PRESENTATION_STYLE_ASSIGNMENT((#1309));
#1311=STYLED_ITEM('',(#1310),#1303);
#1312=ADVANCED_FACE('',(#4299),#4301,.F.);
#1313=COLOUR_RGB($,0.341176470588235,0.615686274509804,0.427450980392157);
#1314=FILL_AREA_STYLE_COLOUR($,#1313);
#1315=FILL_AREA_STYLE($,(#1314));
#1316=SURFACE_STYLE_FILL_AREA(#1315);
#1317=SURFACE_SIDE_STYLE('',(#1316));
#1318=SURFACE_STYLE_USAGE(.BOTH.,#1317);
#1319=PRESENTATION_STYLE_ASSIGNMENT((#1318));
#1320=STYLED_ITEM('',(#1319),#1312);
#1321=ADVANCED_FACE('',(#4306),#4308,.T.);
#1322=COLOUR_RGB($,0.341176470588235,0.615686274509804,0.427450980392157);
#1323=FILL_AREA_STYLE_COLOUR($,#1322);
#1324=FILL_AREA_STYLE($,(#1323));
#1325=SURFACE_STYLE_FILL_AREA(#1324);
#1326=SURFACE_SIDE_STYLE('',(#1325));
#1327=SURFACE_STYLE_USAGE(.BOTH.,#1326);
#1328=PRESENTATION_STYLE_ASSIGNMENT((#1327));
#1329=STYLED_ITEM('',(#1328),#1321);
#1330=ADVANCED_FACE('',(#4313),#4315,.T.);
#1331=COLOUR_RGB($,0.341176470588235,0.615686274509804,0.427450980392157);
#1332=FILL_AREA_STYLE_COLOUR($,#1331);
#1333=FILL_AREA_STYLE($,(#1332));
#1334=SURFACE_STYLE_FILL_AREA(#1333);
#1335=SURFACE_SIDE_STYLE('',(#1334));
#1336=SURFACE_STYLE_USAGE(.BOTH.,#1335);
#1337=PRESENTATION_STYLE_ASSIGNMENT((#1336));
#1338=STYLED_ITEM('',(#1337),#1330);
#1339=ADVANCED_FACE('',(#4320),#4322,.T.);
#1340=COLOUR_RGB($,0.341176470588235,0.615686274509804,0.427450980392157);
#1341=FILL_AREA_STYLE_COLOUR($,#1340);
#1342=FILL_AREA_STYLE($,(#1341));
#1343=SURFACE_STYLE_FILL_AREA(#1342);
#1344=SURFACE_SIDE_STYLE('',(#1343));
#1345=SURFACE_STYLE_USAGE(.BOTH.,#1344);
#1346=PRESENTATION_STYLE_ASSIGNMENT((#1345));
#1347=STYLED_ITEM('',(#1346),#1339);
#1348=ADVANCED_FACE('',(#4327),#4329,.T.);
#1349=COLOUR_RGB($,0.341176470588235,0.615686274509804,0.427450980392157);
#1350=FILL_AREA_STYLE_COLOUR($,#1349);
#1351=FILL_AREA_STYLE($,(#1350));
#1352=SURFACE_STYLE_FILL_AREA(#1351);
#1353=SURFACE_SIDE_STYLE('',(#1352));
#1354=SURFACE_STYLE_USAGE(.BOTH.,#1353);
#1355=PRESENTATION_STYLE_ASSIGNMENT((#1354));
#1356=STYLED_ITEM('',(#1355),#1348);
#1357=ADVANCED_FACE('',(#4334),#4336,.F.);
#1358=COLOUR_RGB($,0.341176470588235,0.615686274509804,0.427450980392157);
#1359=FILL_AREA_STYLE_COLOUR($,#1358);
#1360=FILL_AREA_STYLE($,(#1359));
#1361=SURFACE_STYLE_FILL_AREA(#1360);
#1362=SURFACE_SIDE_STYLE('',(#1361));
#1363=SURFACE_STYLE_USAGE(.BOTH.,#1362);
#1364=PRESENTATION_STYLE_ASSIGNMENT((#1363));
#1365=STYLED_ITEM('',(#1364),#1357);
#1366=ADVANCED_FACE('',(#4341),#4343,.T.);
#1367=COLOUR_RGB($,0.341176470588235,0.615686274509804,0.427450980392157);
#1368=FILL_AREA_STYLE_COLOUR($,#1367);
#1369=FILL_AREA_STYLE($,(#1368));
#1370=SURFACE_STYLE_FILL_AREA(#1369);
#1371=SURFACE_SIDE_STYLE('',(#1370));
#1372=SURFACE_STYLE_USAGE(.BOTH.,#1371);
#1373=PRESENTATION_STYLE_ASSIGNMENT((#1372));
#1374=STYLED_ITEM('',(#1373),#1366);
#1375=ADVANCED_FACE('',(#4348),#4350,.F.);
#1376=COLOUR_RGB($,0.341176470588235,0.615686274509804,0.427450980392157);
#1377=FILL_AREA_STYLE_COLOUR($,#1376);
#1378=FILL_AREA_STYLE($,(#1377));
#1379=SURFACE_STYLE_FILL_AREA(#1378);
#1380=SURFACE_SIDE_STYLE('',(#1379));
#1381=SURFACE_STYLE_USAGE(.BOTH.,#1380);
#1382=PRESENTATION_STYLE_ASSIGNMENT((#1381));
#1383=STYLED_ITEM('',(#1382),#1375);
#1384=ADVANCED_FACE('',(#4355,#4357),#4359,.T.);
#1385=COLOUR_RGB($,0.341176470588235,0.615686274509804,0.427450980392157);
#1386=FILL_AREA_STYLE_COLOUR($,#1385);
#1387=FILL_AREA_STYLE($,(#1386));
#1388=SURFACE_STYLE_FILL_AREA(#1387);
#1389=SURFACE_SIDE_STYLE('',(#1388));
#1390=SURFACE_STYLE_USAGE(.BOTH.,#1389);
#1391=PRESENTATION_STYLE_ASSIGNMENT((#1390));
#1392=STYLED_ITEM('',(#1391),#1384);
#1393=ADVANCED_FACE('',(#4364,#4366),#4368,.T.);
#1394=COLOUR_RGB($,0.341176470588235,0.615686274509804,0.427450980392157);
#1395=FILL_AREA_STYLE_COLOUR($,#1394);
#1396=FILL_AREA_STYLE($,(#1395));
#1397=SURFACE_STYLE_FILL_AREA(#1396);
#1398=SURFACE_SIDE_STYLE('',(#1397));
#1399=SURFACE_STYLE_USAGE(.BOTH.,#1398);
#1400=PRESENTATION_STYLE_ASSIGNMENT((#1399));
#1401=STYLED_ITEM('',(#1400),#1393);
#1402=ADVANCED_FACE('',(#4373,#4375),#4377,.T.);
#1403=COLOUR_RGB($,0.341176470588235,0.615686274509804,0.427450980392157);
#1404=FILL_AREA_STYLE_COLOUR($,#1403);
#1405=FILL_AREA_STYLE($,(#1404));
#1406=SURFACE_STYLE_FILL_AREA(#1405);
#1407=SURFACE_SIDE_STYLE('',(#1406));
#1408=SURFACE_STYLE_USAGE(.BOTH.,#1407);
#1409=PRESENTATION_STYLE_ASSIGNMENT((#1408));
#1410=STYLED_ITEM('',(#1409),#1402);
#1411=ADVANCED_FACE('',(#4382,#4384),#4386,.T.);
#1412=COLOUR_RGB($,0.341176470588235,0.615686274509804,0.427450980392157);
#1413=FILL_AREA_STYLE_COLOUR($,#1412);
#1414=FILL_AREA_STYLE($,(#1413));
#1415=SURFACE_STYLE_FILL_AREA(#1414);
#1416=SURFACE_SIDE_STYLE('',(#1415));
#1417=SURFACE_STYLE_USAGE(.BOTH.,#1416);
#1418=PRESENTATION_STYLE_ASSIGNMENT((#1417));
#1419=STYLED_ITEM('',(#1418),#1411);
#1420=ADVANCED_FACE('',(#4391,#4393),#4395,.T.);
#1421=COLOUR_RGB($,0.341176470588235,0.615686274509804,0.427450980392157);
#1422=FILL_AREA_STYLE_COLOUR($,#1421);
#1423=FILL_AREA_STYLE($,(#1422));
#1424=SURFACE_STYLE_FILL_AREA(#1423);
#1425=SURFACE_SIDE_STYLE('',(#1424));
#1426=SURFACE_STYLE_USAGE(.BOTH.,#1425);
#1427=PRESENTATION_STYLE_ASSIGNMENT((#1426));
#1428=STYLED_ITEM('',(#1427),#1420);
#1429=ADVANCED_FACE('',(#4400,#4402),#4404,.T.);
#1430=COLOUR_RGB($,0.341176470588235,0.615686274509804,0.427450980392157);
#1431=FILL_AREA_STYLE_COLOUR($,#1430);
#1432=FILL_AREA_STYLE($,(#1431));
#1433=SURFACE_STYLE_FILL_AREA(#1432);
#1434=SURFACE_SIDE_STYLE('',(#1433));
#1435=SURFACE_STYLE_USAGE(.BOTH.,#1434);
#1436=PRESENTATION_STYLE_ASSIGNMENT((#1435));
#1437=STYLED_ITEM('',(#1436),#1429);
#1438=ADVANCED_FACE('',(#4409,#4411),#4413,.T.);
#1439=COLOUR_RGB($,0.341176470588235,0.615686274509804,0.427450980392157);
#1440=FILL_AREA_STYLE_COLOUR($,#1439);
#1441=FILL_AREA_STYLE($,(#1440));
#1442=SURFACE_STYLE_FILL_AREA(#1441);
#1443=SURFACE_SIDE_STYLE('',(#1442));
#1444=SURFACE_STYLE_USAGE(.BOTH.,#1443);
#1445=PRESENTATION_STYLE_ASSIGNMENT((#1444));
#1446=STYLED_ITEM('',(#1445),#1438);
#1447=ADVANCED_FACE('',(#4418,#4420),#4422,.F.);
#1448=COLOUR_RGB($,0.341176470588235,0.615686274509804,0.427450980392157);
#1449=FILL_AREA_STYLE_COLOUR($,#1448);
#1450=FILL_AREA_STYLE($,(#1449));
#1451=SURFACE_STYLE_FILL_AREA(#1450);
#1452=SURFACE_SIDE_STYLE('',(#1451));
#1453=SURFACE_STYLE_USAGE(.BOTH.,#1452);
#1454=PRESENTATION_STYLE_ASSIGNMENT((#1453));
#1455=STYLED_ITEM('',(#1454),#1447);
#1456=ADVANCED_FACE('',(#4427,#4429),#4431,.F.);
#1457=COLOUR_RGB($,0.341176470588235,0.615686274509804,0.427450980392157);
#1458=FILL_AREA_STYLE_COLOUR($,#1457);
#1459=FILL_AREA_STYLE($,(#1458));
#1460=SURFACE_STYLE_FILL_AREA(#1459);
#1461=SURFACE_SIDE_STYLE('',(#1460));
#1462=SURFACE_STYLE_USAGE(.BOTH.,#1461);
#1463=PRESENTATION_STYLE_ASSIGNMENT((#1462));
#1464=STYLED_ITEM('',(#1463),#1456);
#1465=ADVANCED_FACE('',(#4436,#4438),#4440,.F.);
#1466=COLOUR_RGB($,0.341176470588235,0.615686274509804,0.427450980392157);
#1467=FILL_AREA_STYLE_COLOUR($,#1466);
#1468=FILL_AREA_STYLE($,(#1467));
#1469=SURFACE_STYLE_FILL_AREA(#1468);
#1470=SURFACE_SIDE_STYLE('',(#1469));
#1471=SURFACE_STYLE_USAGE(.BOTH.,#1470);
#1472=PRESENTATION_STYLE_ASSIGNMENT((#1471));
#1473=STYLED_ITEM('',(#1472),#1465);
#1474=ADVANCED_FACE('',(#4445,#4447),#4449,.F.);
#1475=COLOUR_RGB($,0.341176470588235,0.615686274509804,0.427450980392157);
#1476=FILL_AREA_STYLE_COLOUR($,#1475);
#1477=FILL_AREA_STYLE($,(#1476));
#1478=SURFACE_STYLE_FILL_AREA(#1477);
#1479=SURFACE_SIDE_STYLE('',(#1478));
#1480=SURFACE_STYLE_USAGE(.BOTH.,#1479);
#1481=PRESENTATION_STYLE_ASSIGNMENT((#1480));
#1482=STYLED_ITEM('',(#1481),#1474);
#1483=ADVANCED_FACE('',(#4454,#4456),#4458,.F.);
#1484=COLOUR_RGB($,0.341176470588235,0.615686274509804,0.427450980392157);
#1485=FILL_AREA_STYLE_COLOUR($,#1484);
#1486=FILL_AREA_STYLE($,(#1485));
#1487=SURFACE_STYLE_FILL_AREA(#1486);
#1488=SURFACE_SIDE_STYLE('',(#1487));
#1489=SURFACE_STYLE_USAGE(.BOTH.,#1488);
#1490=PRESENTATION_STYLE_ASSIGNMENT((#1489));
#1491=STYLED_ITEM('',(#1490),#1483);
#1492=ADVANCED_FACE('',(#4463,#4465),#4467,.F.);
#1493=COLOUR_RGB($,0.341176470588235,0.615686274509804,0.427450980392157);
#1494=FILL_AREA_STYLE_COLOUR($,#1493);
#1495=FILL_AREA_STYLE($,(#1494));
#1496=SURFACE_STYLE_FILL_AREA(#1495);
#1497=SURFACE_SIDE_STYLE('',(#1496));
#1498=SURFACE_STYLE_USAGE(.BOTH.,#1497);
#1499=PRESENTATION_STYLE_ASSIGNMENT((#1498));
#1500=STYLED_ITEM('',(#1499),#1492);
#1501=ADVANCED_FACE('',(#4472),#4474,.F.);
#1502=COLOUR_RGB($,0.341176470588235,0.615686274509804,0.427450980392157);
#1503=FILL_AREA_STYLE_COLOUR($,#1502);
#1504=FILL_AREA_STYLE($,(#1503));
#1505=SURFACE_STYLE_FILL_AREA(#1504);
#1506=SURFACE_SIDE_STYLE('',(#1505));
#1507=SURFACE_STYLE_USAGE(.BOTH.,#1506);
#1508=PRESENTATION_STYLE_ASSIGNMENT((#1507));
#1509=STYLED_ITEM('',(#1508),#1501);
#1510=ADVANCED_FACE('',(#4479),#4481,.F.);
#1511=COLOUR_RGB($,0.341176470588235,0.615686274509804,0.427450980392157);
#1512=FILL_AREA_STYLE_COLOUR($,#1511);
#1513=FILL_AREA_STYLE($,(#1512));
#1514=SURFACE_STYLE_FILL_AREA(#1513);
#1515=SURFACE_SIDE_STYLE('',(#1514));
#1516=SURFACE_STYLE_USAGE(.BOTH.,#1515);
#1517=PRESENTATION_STYLE_ASSIGNMENT((#1516));
#1518=STYLED_ITEM('',(#1517),#1510);
#1519=ADVANCED_FACE('',(#4486),#4488,.F.);
#1520=COLOUR_RGB($,0.341176470588235,0.615686274509804,0.427450980392157);
#1521=FILL_AREA_STYLE_COLOUR($,#1520);
#1522=FILL_AREA_STYLE($,(#1521));
#1523=SURFACE_STYLE_FILL_AREA(#1522);
#1524=SURFACE_SIDE_STYLE('',(#1523));
#1525=SURFACE_STYLE_USAGE(.BOTH.,#1524);
#1526=PRESENTATION_STYLE_ASSIGNMENT((#1525));
#1527=STYLED_ITEM('',(#1526),#1519);
#1528=ADVANCED_FACE('',(#4493),#4495,.F.);
#1529=COLOUR_RGB($,0.341176470588235,0.615686274509804,0.427450980392157);
#1530=FILL_AREA_STYLE_COLOUR($,#1529);
#1531=FILL_AREA_STYLE($,(#1530));
#1532=SURFACE_STYLE_FILL_AREA(#1531);
#1533=SURFACE_SIDE_STYLE('',(#1532));
#1534=SURFACE_STYLE_USAGE(.BOTH.,#1533);
#1535=PRESENTATION_STYLE_ASSIGNMENT((#1534));
#1536=STYLED_ITEM('',(#1535),#1528);
#1537=ADVANCED_FACE('',(#4500),#4502,.F.);
#1538=COLOUR_RGB($,0.341176470588235,0.615686274509804,0.427450980392157);
#1539=FILL_AREA_STYLE_COLOUR($,#1538);
#1540=FILL_AREA_STYLE($,(#1539));
#1541=SURFACE_STYLE_FILL_AREA(#1540);
#1542=SURFACE_SIDE_STYLE('',(#1541));
#1543=SURFACE_STYLE_USAGE(.BOTH.,#1542);
#1544=PRESENTATION_STYLE_ASSIGNMENT((#1543));
#1545=STYLED_ITEM('',(#1544),#1537);
#1546=ADVANCED_FACE('',(#4507),#4509,.T.);
#1547=COLOUR_RGB($,0.341176470588235,0.615686274509804,0.427450980392157);
#1548=FILL_AREA_STYLE_COLOUR($,#1547);
#1549=FILL_AREA_STYLE($,(#1548));
#1550=SURFACE_STYLE_FILL_AREA(#1549);
#1551=SURFACE_SIDE_STYLE('',(#1550));
#1552=SURFACE_STYLE_USAGE(.BOTH.,#1551);
#1553=PRESENTATION_STYLE_ASSIGNMENT((#1552));
#1554=STYLED_ITEM('',(#1553),#1546);
#1555=ADVANCED_FACE('',(#4514,#4516),#4518,.F.);
#1556=COLOUR_RGB($,0.341176470588235,0.615686274509804,0.427450980392157);
#1557=FILL_AREA_STYLE_COLOUR($,#1556);
#1558=FILL_AREA_STYLE($,(#1557));
#1559=SURFACE_STYLE_FILL_AREA(#1558);
#1560=SURFACE_SIDE_STYLE('',(#1559));
#1561=SURFACE_STYLE_USAGE(.BOTH.,#1560);
#1562=PRESENTATION_STYLE_ASSIGNMENT((#1561));
#1563=STYLED_ITEM('',(#1562),#1555);
#1564=ADVANCED_FACE('',(#4523),#4525,.T.);
#1565=COLOUR_RGB($,0.341176470588235,0.615686274509804,0.427450980392157);
#1566=FILL_AREA_STYLE_COLOUR($,#1565);
#1567=FILL_AREA_STYLE($,(#1566));
#1568=SURFACE_STYLE_FILL_AREA(#1567);
#1569=SURFACE_SIDE_STYLE('',(#1568));
#1570=SURFACE_STYLE_USAGE(.BOTH.,#1569);
#1571=PRESENTATION_STYLE_ASSIGNMENT((#1570));
#1572=STYLED_ITEM('',(#1571),#1564);
#1573=ADVANCED_FACE('',(#4530),#4532,.F.);
#1574=COLOUR_RGB($,0.341176470588235,0.615686274509804,0.427450980392157);
#1575=FILL_AREA_STYLE_COLOUR($,#1574);
#1576=FILL_AREA_STYLE($,(#1575));
#1577=SURFACE_STYLE_FILL_AREA(#1576);
#1578=SURFACE_SIDE_STYLE('',(#1577));
#1579=SURFACE_STYLE_USAGE(.BOTH.,#1578);
#1580=PRESENTATION_STYLE_ASSIGNMENT((#1579));
#1581=STYLED_ITEM('',(#1580),#1573);
#1582=ADVANCED_FACE('',(#4537),#4539,.F.);
#1583=COLOUR_RGB($,0.341176470588235,0.615686274509804,0.427450980392157);
#1584=FILL_AREA_STYLE_COLOUR($,#1583);
#1585=FILL_AREA_STYLE($,(#1584));
#1586=SURFACE_STYLE_FILL_AREA(#1585);
#1587=SURFACE_SIDE_STYLE('',(#1586));
#1588=SURFACE_STYLE_USAGE(.BOTH.,#1587);
#1589=PRESENTATION_STYLE_ASSIGNMENT((#1588));
#1590=STYLED_ITEM('',(#1589),#1582);
#1591=ADVANCED_FACE('',(#4544),#4546,.F.);
#1592=COLOUR_RGB($,0.341176470588235,0.615686274509804,0.427450980392157);
#1593=FILL_AREA_STYLE_COLOUR($,#1592);
#1594=FILL_AREA_STYLE($,(#1593));
#1595=SURFACE_STYLE_FILL_AREA(#1594);
#1596=SURFACE_SIDE_STYLE('',(#1595));
#1597=SURFACE_STYLE_USAGE(.BOTH.,#1596);
#1598=PRESENTATION_STYLE_ASSIGNMENT((#1597));
#1599=STYLED_ITEM('',(#1598),#1591);
#1600=ADVANCED_FACE('',(#4551),#4553,.T.);
#1601=COLOUR_RGB($,0.341176470588235,0.615686274509804,0.427450980392157);
#1602=FILL_AREA_STYLE_COLOUR($,#1601);
#1603=FILL_AREA_STYLE($,(#1602));
#1604=SURFACE_STYLE_FILL_AREA(#1603);
#1605=SURFACE_SIDE_STYLE('',(#1604));
#1606=SURFACE_STYLE_USAGE(.BOTH.,#1605);
#1607=PRESENTATION_STYLE_ASSIGNMENT((#1606));
#1608=STYLED_ITEM('',(#1607),#1600);
#1609=ADVANCED_FACE('',(#4558,#4560),#4562,.F.);
#1610=COLOUR_RGB($,0.341176470588235,0.615686274509804,0.427450980392157);
#1611=FILL_AREA_STYLE_COLOUR($,#1610);
#1612=FILL_AREA_STYLE($,(#1611));
#1613=SURFACE_STYLE_FILL_AREA(#1612);
#1614=SURFACE_SIDE_STYLE('',(#1613));
#1615=SURFACE_STYLE_USAGE(.BOTH.,#1614);
#1616=PRESENTATION_STYLE_ASSIGNMENT((#1615));
#1617=STYLED_ITEM('',(#1616),#1609);
#1618=ADVANCED_FACE('',(#4567),#4569,.T.);
#1619=COLOUR_RGB($,0.341176470588235,0.615686274509804,0.427450980392157);
#1620=FILL_AREA_STYLE_COLOUR($,#1619);
#1621=FILL_AREA_STYLE($,(#1620));
#1622=SURFACE_STYLE_FILL_AREA(#1621);
#1623=SURFACE_SIDE_STYLE('',(#1622));
#1624=SURFACE_STYLE_USAGE(.BOTH.,#1623);
#1625=PRESENTATION_STYLE_ASSIGNMENT((#1624));
#1626=STYLED_ITEM('',(#1625),#1618);
#1627=ADVANCED_FACE('',(#4574),#4576,.F.);
#1628=COLOUR_RGB($,0.341176470588235,0.615686274509804,0.427450980392157);
#1629=FILL_AREA_STYLE_COLOUR($,#1628);
#1630=FILL_AREA_STYLE($,(#1629));
#1631=SURFACE_STYLE_FILL_AREA(#1630);
#1632=SURFACE_SIDE_STYLE('',(#1631));
#1633=SURFACE_STYLE_USAGE(.BOTH.,#1632);
#1634=PRESENTATION_STYLE_ASSIGNMENT((#1633));
#1635=STYLED_ITEM('',(#1634),#1627);
#1636=ADVANCED_FACE('',(#4581),#4583,.F.);
#1637=COLOUR_RGB($,0.341176470588235,0.615686274509804,0.427450980392157);
#1638=FILL_AREA_STYLE_COLOUR($,#1637);
#1639=FILL_AREA_STYLE($,(#1638));
#1640=SURFACE_STYLE_FILL_AREA(#1639);
#1641=SURFACE_SIDE_STYLE('',(#1640));
#1642=SURFACE_STYLE_USAGE(.BOTH.,#1641);
#1643=PRESENTATION_STYLE_ASSIGNMENT((#1642));
#1644=STYLED_ITEM('',(#1643),#1636);
#1645=ADVANCED_FACE('',(#4588),#4590,.F.);
#1646=COLOUR_RGB($,0.341176470588235,0.615686274509804,0.427450980392157);
#1647=FILL_AREA_STYLE_COLOUR($,#1646);
#1648=FILL_AREA_STYLE($,(#1647));
#1649=SURFACE_STYLE_FILL_AREA(#1648);
#1650=SURFACE_SIDE_STYLE('',(#1649));
#1651=SURFACE_STYLE_USAGE(.BOTH.,#1650);
#1652=PRESENTATION_STYLE_ASSIGNMENT((#1651));
#1653=STYLED_ITEM('',(#1652),#1645);
#1654=ADVANCED_FACE('',(#4595),#4597,.T.);
#1655=COLOUR_RGB($,0.341176470588235,0.615686274509804,0.427450980392157);
#1656=FILL_AREA_STYLE_COLOUR($,#1655);
#1657=FILL_AREA_STYLE($,(#1656));
#1658=SURFACE_STYLE_FILL_AREA(#1657);
#1659=SURFACE_SIDE_STYLE('',(#1658));
#1660=SURFACE_STYLE_USAGE(.BOTH.,#1659);
#1661=PRESENTATION_STYLE_ASSIGNMENT((#1660));
#1662=STYLED_ITEM('',(#1661),#1654);
#1663=ADVANCED_FACE('',(#4602,#4604),#4606,.F.);
#1664=COLOUR_RGB($,0.341176470588235,0.615686274509804,0.427450980392157);
#1665=FILL_AREA_STYLE_COLOUR($,#1664);
#1666=FILL_AREA_STYLE($,(#1665));
#1667=SURFACE_STYLE_FILL_AREA(#1666);
#1668=SURFACE_SIDE_STYLE('',(#1667));
#1669=SURFACE_STYLE_USAGE(.BOTH.,#1668);
#1670=PRESENTATION_STYLE_ASSIGNMENT((#1669));
#1671=STYLED_ITEM('',(#1670),#1663);
#1672=ADVANCED_FACE('',(#4611),#4613,.T.);
#1673=COLOUR_RGB($,0.341176470588235,0.615686274509804,0.427450980392157);
#1674=FILL_AREA_STYLE_COLOUR($,#1673);
#1675=FILL_AREA_STYLE($,(#1674));
#1676=SURFACE_STYLE_FILL_AREA(#1675);
#1677=SURFACE_SIDE_STYLE('',(#1676));
#1678=SURFACE_STYLE_USAGE(.BOTH.,#1677);
#1679=PRESENTATION_STYLE_ASSIGNMENT((#1678));
#1680=STYLED_ITEM('',(#1679),#1672);
#1681=ADVANCED_FACE('',(#4618),#4620,.F.);
#1682=COLOUR_RGB($,0.341176470588235,0.615686274509804,0.427450980392157);
#1683=FILL_AREA_STYLE_COLOUR($,#1682);
#1684=FILL_AREA_STYLE($,(#1683));
#1685=SURFACE_STYLE_FILL_AREA(#1684);
#1686=SURFACE_SIDE_STYLE('',(#1685));
#1687=SURFACE_STYLE_USAGE(.BOTH.,#1686);
#1688=PRESENTATION_STYLE_ASSIGNMENT((#1687));
#1689=STYLED_ITEM('',(#1688),#1681);
#1690=ADVANCED_FACE('',(#4625),#4627,.F.);
#1691=COLOUR_RGB($,0.341176470588235,0.615686274509804,0.427450980392157);
#1692=FILL_AREA_STYLE_COLOUR($,#1691);
#1693=FILL_AREA_STYLE($,(#1692));
#1694=SURFACE_STYLE_FILL_AREA(#1693);
#1695=SURFACE_SIDE_STYLE('',(#1694));
#1696=SURFACE_STYLE_USAGE(.BOTH.,#1695);
#1697=PRESENTATION_STYLE_ASSIGNMENT((#1696));
#1698=STYLED_ITEM('',(#1697),#1690);
#1699=ADVANCED_FACE('',(#4632),#4634,.T.);
#1700=COLOUR_RGB($,0.341176470588235,0.615686274509804,0.427450980392157);
#1701=FILL_AREA_STYLE_COLOUR($,#1700);
#1702=FILL_AREA_STYLE($,(#1701));
#1703=SURFACE_STYLE_FILL_AREA(#1702);
#1704=SURFACE_SIDE_STYLE('',(#1703));
#1705=SURFACE_STYLE_USAGE(.BOTH.,#1704);
#1706=PRESENTATION_STYLE_ASSIGNMENT((#1705));
#1707=STYLED_ITEM('',(#1706),#1699);
#1708=ADVANCED_FACE('',(#4639,#4641),#4643,.F.);
#1709=COLOUR_RGB($,0.341176470588235,0.615686274509804,0.427450980392157);
#1710=FILL_AREA_STYLE_COLOUR($,#1709);
#1711=FILL_AREA_STYLE($,(#1710));
#1712=SURFACE_STYLE_FILL_AREA(#1711);
#1713=SURFACE_SIDE_STYLE('',(#1712));
#1714=SURFACE_STYLE_USAGE(.BOTH.,#1713);
#1715=PRESENTATION_STYLE_ASSIGNMENT((#1714));
#1716=STYLED_ITEM('',(#1715),#1708);
#1717=ADVANCED_FACE('',(#4648),#4650,.T.);
#1718=COLOUR_RGB($,0.341176470588235,0.615686274509804,0.427450980392157);
#1719=FILL_AREA_STYLE_COLOUR($,#1718);
#1720=FILL_AREA_STYLE($,(#1719));
#1721=SURFACE_STYLE_FILL_AREA(#1720);
#1722=SURFACE_SIDE_STYLE('',(#1721));
#1723=SURFACE_STYLE_USAGE(.BOTH.,#1722);
#1724=PRESENTATION_STYLE_ASSIGNMENT((#1723));
#1725=STYLED_ITEM('',(#1724),#1717);
#1726=ADVANCED_FACE('',(#4655),#4657,.F.);
#1727=COLOUR_RGB($,0.341176470588235,0.615686274509804,0.427450980392157);
#1728=FILL_AREA_STYLE_COLOUR($,#1727);
#1729=FILL_AREA_STYLE($,(#1728));
#1730=SURFACE_STYLE_FILL_AREA(#1729);
#1731=SURFACE_SIDE_STYLE('',(#1730));
#1732=SURFACE_STYLE_USAGE(.BOTH.,#1731);
#1733=PRESENTATION_STYLE_ASSIGNMENT((#1732));
#1734=STYLED_ITEM('',(#1733),#1726);
#1735=ADVANCED_FACE('',(#4662),#4664,.F.);
#1736=COLOUR_RGB($,0.341176470588235,0.615686274509804,0.427450980392157);
#1737=FILL_AREA_STYLE_COLOUR($,#1736);
#1738=FILL_AREA_STYLE($,(#1737));
#1739=SURFACE_STYLE_FILL_AREA(#1738);
#1740=SURFACE_SIDE_STYLE('',(#1739));
#1741=SURFACE_STYLE_USAGE(.BOTH.,#1740);
#1742=PRESENTATION_STYLE_ASSIGNMENT((#1741));
#1743=STYLED_ITEM('',(#1742),#1735);
#1744=ADVANCED_FACE('',(#4669),#4671,.F.);
#1745=COLOUR_RGB($,0.341176470588235,0.615686274509804,0.427450980392157);
#1746=FILL_AREA_STYLE_COLOUR($,#1745);
#1747=FILL_AREA_STYLE($,(#1746));
#1748=SURFACE_STYLE_FILL_AREA(#1747);
#1749=SURFACE_SIDE_STYLE('',(#1748));
#1750=SURFACE_STYLE_USAGE(.BOTH.,#1749);
#1751=PRESENTATION_STYLE_ASSIGNMENT((#1750));
#1752=STYLED_ITEM('',(#1751),#1744);
#1753=ADVANCED_FACE('',(#4676),#4678,.T.);
#1754=COLOUR_RGB($,0.341176470588235,0.615686274509804,0.427450980392157);
#1755=FILL_AREA_STYLE_COLOUR($,#1754);
#1756=FILL_AREA_STYLE($,(#1755));
#1757=SURFACE_STYLE_FILL_AREA(#1756);
#1758=SURFACE_SIDE_STYLE('',(#1757));
#1759=SURFACE_STYLE_USAGE(.BOTH.,#1758);
#1760=PRESENTATION_STYLE_ASSIGNMENT((#1759));
#1761=STYLED_ITEM('',(#1760),#1753);
#1762=ADVANCED_FACE('',(#4683,#4685),#4687,.F.);
#1763=COLOUR_RGB($,0.341176470588235,0.615686274509804,0.427450980392157);
#1764=FILL_AREA_STYLE_COLOUR($,#1763);
#1765=FILL_AREA_STYLE($,(#1764));
#1766=SURFACE_STYLE_FILL_AREA(#1765);
#1767=SURFACE_SIDE_STYLE('',(#1766));
#1768=SURFACE_STYLE_USAGE(.BOTH.,#1767);
#1769=PRESENTATION_STYLE_ASSIGNMENT((#1768));
#1770=STYLED_ITEM('',(#1769),#1762);
#1771=ADVANCED_FACE('',(#4692),#4694,.T.);
#1772=COLOUR_RGB($,0.341176470588235,0.615686274509804,0.427450980392157);
#1773=FILL_AREA_STYLE_COLOUR($,#1772);
#1774=FILL_AREA_STYLE($,(#1773));
#1775=SURFACE_STYLE_FILL_AREA(#1774);
#1776=SURFACE_SIDE_STYLE('',(#1775));
#1777=SURFACE_STYLE_USAGE(.BOTH.,#1776);
#1778=PRESENTATION_STYLE_ASSIGNMENT((#1777));
#1779=STYLED_ITEM('',(#1778),#1771);
#1780=ADVANCED_FACE('',(#4699),#4701,.F.);
#1781=COLOUR_RGB($,0.341176470588235,0.615686274509804,0.427450980392157);
#1782=FILL_AREA_STYLE_COLOUR($,#1781);
#1783=FILL_AREA_STYLE($,(#1782));
#1784=SURFACE_STYLE_FILL_AREA(#1783);
#1785=SURFACE_SIDE_STYLE('',(#1784));
#1786=SURFACE_STYLE_USAGE(.BOTH.,#1785);
#1787=PRESENTATION_STYLE_ASSIGNMENT((#1786));
#1788=STYLED_ITEM('',(#1787),#1780);
#1789=ADVANCED_FACE('',(#4706),#4708,.T.);
#1790=COLOUR_RGB($,0.341176470588235,0.615686274509804,0.427450980392157);
#1791=FILL_AREA_STYLE_COLOUR($,#1790);
#1792=FILL_AREA_STYLE($,(#1791));
#1793=SURFACE_STYLE_FILL_AREA(#1792);
#1794=SURFACE_SIDE_STYLE('',(#1793));
#1795=SURFACE_STYLE_USAGE(.BOTH.,#1794);
#1796=PRESENTATION_STYLE_ASSIGNMENT((#1795));
#1797=STYLED_ITEM('',(#1796),#1789);
#1798=ADVANCED_FACE('',(#4713),#4715,.T.);
#1799=COLOUR_RGB($,0.341176470588235,0.615686274509804,0.427450980392157);
#1800=FILL_AREA_STYLE_COLOUR($,#1799);
#1801=FILL_AREA_STYLE($,(#1800));
#1802=SURFACE_STYLE_FILL_AREA(#1801);
#1803=SURFACE_SIDE_STYLE('',(#1802));
#1804=SURFACE_STYLE_USAGE(.BOTH.,#1803);
#1805=PRESENTATION_STYLE_ASSIGNMENT((#1804));
#1806=STYLED_ITEM('',(#1805),#1798);
#1807=ADVANCED_FACE('',(#4720),#4722,.T.);
#1808=COLOUR_RGB($,0.341176470588235,0.615686274509804,0.427450980392157);
#1809=FILL_AREA_STYLE_COLOUR($,#1808);
#1810=FILL_AREA_STYLE($,(#1809));
#1811=SURFACE_STYLE_FILL_AREA(#1810);
#1812=SURFACE_SIDE_STYLE('',(#1811));
#1813=SURFACE_STYLE_USAGE(.BOTH.,#1812);
#1814=PRESENTATION_STYLE_ASSIGNMENT((#1813));
#1815=STYLED_ITEM('',(#1814),#1807);
#1816=ADVANCED_FACE('',(#4727),#4729,.F.);
#1817=COLOUR_RGB($,0.341176470588235,0.615686274509804,0.427450980392157);
#1818=FILL_AREA_STYLE_COLOUR($,#1817);
#1819=FILL_AREA_STYLE($,(#1818));
#1820=SURFACE_STYLE_FILL_AREA(#1819);
#1821=SURFACE_SIDE_STYLE('',(#1820));
#1822=SURFACE_STYLE_USAGE(.BOTH.,#1821);
#1823=PRESENTATION_STYLE_ASSIGNMENT((#1822));
#1824=STYLED_ITEM('',(#1823),#1816);
#1825=ADVANCED_FACE('',(#4734),#4736,.F.);
#1826=COLOUR_RGB($,0.341176470588235,0.615686274509804,0.427450980392157);
#1827=FILL_AREA_STYLE_COLOUR($,#1826);
#1828=FILL_AREA_STYLE($,(#1827));
#1829=SURFACE_STYLE_FILL_AREA(#1828);
#1830=SURFACE_SIDE_STYLE('',(#1829));
#1831=SURFACE_STYLE_USAGE(.BOTH.,#1830);
#1832=PRESENTATION_STYLE_ASSIGNMENT((#1831));
#1833=STYLED_ITEM('',(#1832),#1825);
#1834=ADVANCED_FACE('',(#4741),#4743,.F.);
#1835=COLOUR_RGB($,0.341176470588235,0.615686274509804,0.427450980392157);
#1836=FILL_AREA_STYLE_COLOUR($,#1835);
#1837=FILL_AREA_STYLE($,(#1836));
#1838=SURFACE_STYLE_FILL_AREA(#1837);
#1839=SURFACE_SIDE_STYLE('',(#1838));
#1840=SURFACE_STYLE_USAGE(.BOTH.,#1839);
#1841=PRESENTATION_STYLE_ASSIGNMENT((#1840));
#1842=STYLED_ITEM('',(#1841),#1834);
#1843=ADVANCED_FACE('',(#4748),#4750,.T.);
#1844=COLOUR_RGB($,0.341176470588235,0.615686274509804,0.427450980392157);
#1845=FILL_AREA_STYLE_COLOUR($,#1844);
#1846=FILL_AREA_STYLE($,(#1845));
#1847=SURFACE_STYLE_FILL_AREA(#1846);
#1848=SURFACE_SIDE_STYLE('',(#1847));
#1849=SURFACE_STYLE_USAGE(.BOTH.,#1848);
#1850=PRESENTATION_STYLE_ASSIGNMENT((#1849));
#1851=STYLED_ITEM('',(#1850),#1843);
#1852=ADVANCED_FACE('',(#4755,#4757),#4759,.F.);
#1853=COLOUR_RGB($,0.341176470588235,0.615686274509804,0.427450980392157);
#1854=FILL_AREA_STYLE_COLOUR($,#1853);
#1855=FILL_AREA_STYLE($,(#1854));
#1856=SURFACE_STYLE_FILL_AREA(#1855);
#1857=SURFACE_SIDE_STYLE('',(#1856));
#1858=SURFACE_STYLE_USAGE(.BOTH.,#1857);
#1859=PRESENTATION_STYLE_ASSIGNMENT((#1858));
#1860=STYLED_ITEM('',(#1859),#1852);
#1861=ADVANCED_FACE('',(#4764),#4766,.T.);
#1862=COLOUR_RGB($,0.341176470588235,0.615686274509804,0.427450980392157);
#1863=FILL_AREA_STYLE_COLOUR($,#1862);
#1864=FILL_AREA_STYLE($,(#1863));
#1865=SURFACE_STYLE_FILL_AREA(#1864);
#1866=SURFACE_SIDE_STYLE('',(#1865));
#1867=SURFACE_STYLE_USAGE(.BOTH.,#1866);
#1868=PRESENTATION_STYLE_ASSIGNMENT((#1867));
#1869=STYLED_ITEM('',(#1868),#1861);
#1870=ADVANCED_FACE('',(#4771),#4773,.F.);
#1871=COLOUR_RGB($,0.341176470588235,0.615686274509804,0.427450980392157);
#1872=FILL_AREA_STYLE_COLOUR($,#1871);
#1873=FILL_AREA_STYLE($,(#1872));
#1874=SURFACE_STYLE_FILL_AREA(#1873);
#1875=SURFACE_SIDE_STYLE('',(#1874));
#1876=SURFACE_STYLE_USAGE(.BOTH.,#1875);
#1877=PRESENTATION_STYLE_ASSIGNMENT((#1876));
#1878=STYLED_ITEM('',(#1877),#1870);
#1879=ADVANCED_FACE('',(#4778),#4780,.T.);
#1880=COLOUR_RGB($,0.341176470588235,0.615686274509804,0.427450980392157);
#1881=FILL_AREA_STYLE_COLOUR($,#1880);
#1882=FILL_AREA_STYLE($,(#1881));
#1883=SURFACE_STYLE_FILL_AREA(#1882);
#1884=SURFACE_SIDE_STYLE('',(#1883));
#1885=SURFACE_STYLE_USAGE(.BOTH.,#1884);
#1886=PRESENTATION_STYLE_ASSIGNMENT((#1885));
#1887=STYLED_ITEM('',(#1886),#1879);
#1888=ADVANCED_FACE('',(#4785),#4787,.F.);
#1889=COLOUR_RGB($,0.341176470588235,0.615686274509804,0.427450980392157);
#1890=FILL_AREA_STYLE_COLOUR($,#1889);
#1891=FILL_AREA_STYLE($,(#1890));
#1892=SURFACE_STYLE_FILL_AREA(#1891);
#1893=SURFACE_SIDE_STYLE('',(#1892));
#1894=SURFACE_STYLE_USAGE(.BOTH.,#1893);
#1895=PRESENTATION_STYLE_ASSIGNMENT((#1894));
#1896=STYLED_ITEM('',(#1895),#1888);
#1897=ADVANCED_FACE('',(#4792),#4794,.F.);
#1898=COLOUR_RGB($,0.341176470588235,0.615686274509804,0.427450980392157);
#1899=FILL_AREA_STYLE_COLOUR($,#1898);
#1900=FILL_AREA_STYLE($,(#1899));
#1901=SURFACE_STYLE_FILL_AREA(#1900);
#1902=SURFACE_SIDE_STYLE('',(#1901));
#1903=SURFACE_STYLE_USAGE(.BOTH.,#1902);
#1904=PRESENTATION_STYLE_ASSIGNMENT((#1903));
#1905=STYLED_ITEM('',(#1904),#1897);
#1906=ADVANCED_FACE('',(#4799),#4801,.F.);
#1907=COLOUR_RGB($,0.341176470588235,0.615686274509804,0.427450980392157);
#1908=FILL_AREA_STYLE_COLOUR($,#1907);
#1909=FILL_AREA_STYLE($,(#1908));
#1910=SURFACE_STYLE_FILL_AREA(#1909);
#1911=SURFACE_SIDE_STYLE('',(#1910));
#1912=SURFACE_STYLE_USAGE(.BOTH.,#1911);
#1913=PRESENTATION_STYLE_ASSIGNMENT((#1912));
#1914=STYLED_ITEM('',(#1913),#1906);
#1915=ADVANCED_FACE('',(#4806),#4808,.T.);
#1916=COLOUR_RGB($,0.341176470588235,0.615686274509804,0.427450980392157);
#1917=FILL_AREA_STYLE_COLOUR($,#1916);
#1918=FILL_AREA_STYLE($,(#1917));
#1919=SURFACE_STYLE_FILL_AREA(#1918);
#1920=SURFACE_SIDE_STYLE('',(#1919));
#1921=SURFACE_STYLE_USAGE(.BOTH.,#1920);
#1922=PRESENTATION_STYLE_ASSIGNMENT((#1921));
#1923=STYLED_ITEM('',(#1922),#1915);
#1924=ADVANCED_FACE('',(#4813,#4815),#4817,.F.);
#1925=COLOUR_RGB($,0.341176470588235,0.615686274509804,0.427450980392157);
#1926=FILL_AREA_STYLE_COLOUR($,#1925);
#1927=FILL_AREA_STYLE($,(#1926));
#1928=SURFACE_STYLE_FILL_AREA(#1927);
#1929=SURFACE_SIDE_STYLE('',(#1928));
#1930=SURFACE_STYLE_USAGE(.BOTH.,#1929);
#1931=PRESENTATION_STYLE_ASSIGNMENT((#1930));
#1932=STYLED_ITEM('',(#1931),#1924);
#1933=ADVANCED_FACE('',(#4822),#4824,.T.);
#1934=COLOUR_RGB($,0.341176470588235,0.615686274509804,0.427450980392157);
#1935=FILL_AREA_STYLE_COLOUR($,#1934);
#1936=FILL_AREA_STYLE($,(#1935));
#1937=SURFACE_STYLE_FILL_AREA(#1936);
#1938=SURFACE_SIDE_STYLE('',(#1937));
#1939=SURFACE_STYLE_USAGE(.BOTH.,#1938);
#1940=PRESENTATION_STYLE_ASSIGNMENT((#1939));
#1941=STYLED_ITEM('',(#1940),#1933);
#1942=ADVANCED_FACE('',(#4829),#4831,.F.);
#1943=COLOUR_RGB($,0.341176470588235,0.615686274509804,0.427450980392157);
#1944=FILL_AREA_STYLE_COLOUR($,#1943);
#1945=FILL_AREA_STYLE($,(#1944));
#1946=SURFACE_STYLE_FILL_AREA(#1945);
#1947=SURFACE_SIDE_STYLE('',(#1946));
#1948=SURFACE_STYLE_USAGE(.BOTH.,#1947);
#1949=PRESENTATION_STYLE_ASSIGNMENT((#1948));
#1950=STYLED_ITEM('',(#1949),#1942);
#1951=ADVANCED_FACE('',(#4836),#4838,.F.);
#1952=COLOUR_RGB($,0.341176470588235,0.615686274509804,0.427450980392157);
#1953=FILL_AREA_STYLE_COLOUR($,#1952);
#1954=FILL_AREA_STYLE($,(#1953));
#1955=SURFACE_STYLE_FILL_AREA(#1954);
#1956=SURFACE_SIDE_STYLE('',(#1955));
#1957=SURFACE_STYLE_USAGE(.BOTH.,#1956);
#1958=PRESENTATION_STYLE_ASSIGNMENT((#1957));
#1959=STYLED_ITEM('',(#1958),#1951);
#1960=ADVANCED_FACE('',(#4843),#4845,.F.);
#1961=COLOUR_RGB($,0.341176470588235,0.615686274509804,0.427450980392157);
#1962=FILL_AREA_STYLE_COLOUR($,#1961);
#1963=FILL_AREA_STYLE($,(#1962));
#1964=SURFACE_STYLE_FILL_AREA(#1963);
#1965=SURFACE_SIDE_STYLE('',(#1964));
#1966=SURFACE_STYLE_USAGE(.BOTH.,#1965);
#1967=PRESENTATION_STYLE_ASSIGNMENT((#1966));
#1968=STYLED_ITEM('',(#1967),#1960);
#1969=ADVANCED_FACE('',(#4850),#4852,.F.);
#1970=COLOUR_RGB($,0.341176470588235,0.615686274509804,0.427450980392157);
#1971=FILL_AREA_STYLE_COLOUR($,#1970);
#1972=FILL_AREA_STYLE($,(#1971));
#1973=SURFACE_STYLE_FILL_AREA(#1972);
#1974=SURFACE_SIDE_STYLE('',(#1973));
#1975=SURFACE_STYLE_USAGE(.BOTH.,#1974);
#1976=PRESENTATION_STYLE_ASSIGNMENT((#1975));
#1977=STYLED_ITEM('',(#1976),#1969);
#1978=ADVANCED_FACE('',(#4857),#4859,.F.);
#1979=COLOUR_RGB($,0.341176470588235,0.615686274509804,0.427450980392157);
#1980=FILL_AREA_STYLE_COLOUR($,#1979);
#1981=FILL_AREA_STYLE($,(#1980));
#1982=SURFACE_STYLE_FILL_AREA(#1981);
#1983=SURFACE_SIDE_STYLE('',(#1982));
#1984=SURFACE_STYLE_USAGE(.BOTH.,#1983);
#1985=PRESENTATION_STYLE_ASSIGNMENT((#1984));
#1986=STYLED_ITEM('',(#1985),#1978);
#1987=ADVANCED_FACE('',(#4864),#4866,.T.);
#1988=COLOUR_RGB($,0.341176470588235,0.615686274509804,0.427450980392157);
#1989=FILL_AREA_STYLE_COLOUR($,#1988);
#1990=FILL_AREA_STYLE($,(#1989));
#1991=SURFACE_STYLE_FILL_AREA(#1990);
#1992=SURFACE_SIDE_STYLE('',(#1991));
#1993=SURFACE_STYLE_USAGE(.BOTH.,#1992);
#1994=PRESENTATION_STYLE_ASSIGNMENT((#1993));
#1995=STYLED_ITEM('',(#1994),#1987);
#1996=ADVANCED_FACE('',(#4871),#4873,.F.);
#1997=COLOUR_RGB($,0.341176470588235,0.615686274509804,0.427450980392157);
#1998=FILL_AREA_STYLE_COLOUR($,#1997);
#1999=FILL_AREA_STYLE($,(#1998));
#2000=SURFACE_STYLE_FILL_AREA(#1999);
#2001=SURFACE_SIDE_STYLE('',(#2000));
#2002=SURFACE_STYLE_USAGE(.BOTH.,#2001);
#2003=PRESENTATION_STYLE_ASSIGNMENT((#2002));
#2004=STYLED_ITEM('',(#2003),#1996);
#2005=ADVANCED_FACE('',(#4878),#4880,.T.);
#2006=COLOUR_RGB($,0.341176470588235,0.615686274509804,0.427450980392157);
#2007=FILL_AREA_STYLE_COLOUR($,#2006);
#2008=FILL_AREA_STYLE($,(#2007));
#2009=SURFACE_STYLE_FILL_AREA(#2008);
#2010=SURFACE_SIDE_STYLE('',(#2009));
#2011=SURFACE_STYLE_USAGE(.BOTH.,#2010);
#2012=PRESENTATION_STYLE_ASSIGNMENT((#2011));
#2013=STYLED_ITEM('',(#2012),#2005);
#2014=ADVANCED_FACE('',(#4885),#4887,.T.);
#2015=COLOUR_RGB($,0.341176470588235,0.615686274509804,0.427450980392157);
#2016=FILL_AREA_STYLE_COLOUR($,#2015);
#2017=FILL_AREA_STYLE($,(#2016));
#2018=SURFACE_STYLE_FILL_AREA(#2017);
#2019=SURFACE_SIDE_STYLE('',(#2018));
#2020=SURFACE_STYLE_USAGE(.BOTH.,#2019);
#2021=PRESENTATION_STYLE_ASSIGNMENT((#2020));
#2022=STYLED_ITEM('',(#2021),#2014);
#2023=ADVANCED_FACE('',(#4892),#4894,.F.);
#2024=COLOUR_RGB($,0.341176470588235,0.615686274509804,0.427450980392157);
#2025=FILL_AREA_STYLE_COLOUR($,#2024);
#2026=FILL_AREA_STYLE($,(#2025));
#2027=SURFACE_STYLE_FILL_AREA(#2026);
#2028=SURFACE_SIDE_STYLE('',(#2027));
#2029=SURFACE_STYLE_USAGE(.BOTH.,#2028);
#2030=PRESENTATION_STYLE_ASSIGNMENT((#2029));
#2031=STYLED_ITEM('',(#2030),#2023);
#2032=ADVANCED_FACE('',(#4899),#4901,.T.);
#2033=COLOUR_RGB($,0.341176470588235,0.615686274509804,0.427450980392157);
#2034=FILL_AREA_STYLE_COLOUR($,#2033);
#2035=FILL_AREA_STYLE($,(#2034));
#2036=SURFACE_STYLE_FILL_AREA(#2035);
#2037=SURFACE_SIDE_STYLE('',(#2036));
#2038=SURFACE_STYLE_USAGE(.BOTH.,#2037);
#2039=PRESENTATION_STYLE_ASSIGNMENT((#2038));
#2040=STYLED_ITEM('',(#2039),#2032);
#2041=ADVANCED_FACE('',(#4906),#4908,.F.);
#2042=COLOUR_RGB($,0.341176470588235,0.615686274509804,0.427450980392157);
#2043=FILL_AREA_STYLE_COLOUR($,#2042);
#2044=FILL_AREA_STYLE($,(#2043));
#2045=SURFACE_STYLE_FILL_AREA(#2044);
#2046=SURFACE_SIDE_STYLE('',(#2045));
#2047=SURFACE_STYLE_USAGE(.BOTH.,#2046);
#2048=PRESENTATION_STYLE_ASSIGNMENT((#2047));
#2049=STYLED_ITEM('',(#2048),#2041);
#2050=ADVANCED_FACE('',(#4913),#4915,.T.);
#2051=COLOUR_RGB($,0.341176470588235,0.615686274509804,0.427450980392157);
#2052=FILL_AREA_STYLE_COLOUR($,#2051);
#2053=FILL_AREA_STYLE($,(#2052));
#2054=SURFACE_STYLE_FILL_AREA(#2053);
#2055=SURFACE_SIDE_STYLE('',(#2054));
#2056=SURFACE_STYLE_USAGE(.BOTH.,#2055);
#2057=PRESENTATION_STYLE_ASSIGNMENT((#2056));
#2058=STYLED_ITEM('',(#2057),#2050);
#2059=ADVANCED_FACE('',(#4920),#4922,.T.);
#2060=COLOUR_RGB($,0.341176470588235,0.615686274509804,0.427450980392157);
#2061=FILL_AREA_STYLE_COLOUR($,#2060);
#2062=FILL_AREA_STYLE($,(#2061));
#2063=SURFACE_STYLE_FILL_AREA(#2062);
#2064=SURFACE_SIDE_STYLE('',(#2063));
#2065=SURFACE_STYLE_USAGE(.BOTH.,#2064);
#2066=PRESENTATION_STYLE_ASSIGNMENT((#2065));
#2067=STYLED_ITEM('',(#2066),#2059);
#2068=ADVANCED_FACE('',(#4927),#4929,.T.);
#2069=COLOUR_RGB($,0.341176470588235,0.615686274509804,0.427450980392157);
#2070=FILL_AREA_STYLE_COLOUR($,#2069);
#2071=FILL_AREA_STYLE($,(#2070));
#2072=SURFACE_STYLE_FILL_AREA(#2071);
#2073=SURFACE_SIDE_STYLE('',(#2072));
#2074=SURFACE_STYLE_USAGE(.BOTH.,#2073);
#2075=PRESENTATION_STYLE_ASSIGNMENT((#2074));
#2076=STYLED_ITEM('',(#2075),#2068);
#2077=ADVANCED_FACE('',(#4934),#4936,.T.);
#2078=COLOUR_RGB($,0.341176470588235,0.615686274509804,0.427450980392157);
#2079=FILL_AREA_STYLE_COLOUR($,#2078);
#2080=FILL_AREA_STYLE($,(#2079));
#2081=SURFACE_STYLE_FILL_AREA(#2080);
#2082=SURFACE_SIDE_STYLE('',(#2081));
#2083=SURFACE_STYLE_USAGE(.BOTH.,#2082);
#2084=PRESENTATION_STYLE_ASSIGNMENT((#2083));
#2085=STYLED_ITEM('',(#2084),#2077);
#2086=ADVANCED_FACE('',(#4941),#4943,.T.);
#2087=COLOUR_RGB($,0.341176470588235,0.615686274509804,0.427450980392157);
#2088=FILL_AREA_STYLE_COLOUR($,#2087);
#2089=FILL_AREA_STYLE($,(#2088));
#2090=SURFACE_STYLE_FILL_AREA(#2089);
#2091=SURFACE_SIDE_STYLE('',(#2090));
#2092=SURFACE_STYLE_USAGE(.BOTH.,#2091);
#2093=PRESENTATION_STYLE_ASSIGNMENT((#2092));
#2094=STYLED_ITEM('',(#2093),#2086);
#2095=ADVANCED_FACE('',(#4948),#4950,.T.);
#2096=COLOUR_RGB($,0.341176470588235,0.615686274509804,0.427450980392157);
#2097=FILL_AREA_STYLE_COLOUR($,#2096);
#2098=FILL_AREA_STYLE($,(#2097));
#2099=SURFACE_STYLE_FILL_AREA(#2098);
#2100=SURFACE_SIDE_STYLE('',(#2099));
#2101=SURFACE_STYLE_USAGE(.BOTH.,#2100);
#2102=PRESENTATION_STYLE_ASSIGNMENT((#2101));
#2103=STYLED_ITEM('',(#2102),#2095);
#2104=ADVANCED_FACE('',(#4955),#4957,.T.);
#2105=COLOUR_RGB($,0.341176470588235,0.615686274509804,0.427450980392157);
#2106=FILL_AREA_STYLE_COLOUR($,#2105);
#2107=FILL_AREA_STYLE($,(#2106));
#2108=SURFACE_STYLE_FILL_AREA(#2107);
#2109=SURFACE_SIDE_STYLE('',(#2108));
#2110=SURFACE_STYLE_USAGE(.BOTH.,#2109);
#2111=PRESENTATION_STYLE_ASSIGNMENT((#2110));
#2112=STYLED_ITEM('',(#2111),#2104);
#2113=ADVANCED_FACE('',(#4962),#4964,.T.);
#2114=COLOUR_RGB($,0.341176470588235,0.615686274509804,0.427450980392157);
#2115=FILL_AREA_STYLE_COLOUR($,#2114);
#2116=FILL_AREA_STYLE($,(#2115));
#2117=SURFACE_STYLE_FILL_AREA(#2116);
#2118=SURFACE_SIDE_STYLE('',(#2117));
#2119=SURFACE_STYLE_USAGE(.BOTH.,#2118);
#2120=PRESENTATION_STYLE_ASSIGNMENT((#2119));
#2121=STYLED_ITEM('',(#2120),#2113);
#2122=ADVANCED_FACE('',(#4969),#4971,.F.);
#2123=COLOUR_RGB($,0.341176470588235,0.615686274509804,0.427450980392157);
#2124=FILL_AREA_STYLE_COLOUR($,#2123);
#2125=FILL_AREA_STYLE($,(#2124));
#2126=SURFACE_STYLE_FILL_AREA(#2125);
#2127=SURFACE_SIDE_STYLE('',(#2126));
#2128=SURFACE_STYLE_USAGE(.BOTH.,#2127);
#2129=PRESENTATION_STYLE_ASSIGNMENT((#2128));
#2130=STYLED_ITEM('',(#2129),#2122);
#2131=ADVANCED_FACE('',(#4976),#4978,.F.);
#2132=COLOUR_RGB($,0.341176470588235,0.615686274509804,0.427450980392157);
#2133=FILL_AREA_STYLE_COLOUR($,#2132);
#2134=FILL_AREA_STYLE($,(#2133));
#2135=SURFACE_STYLE_FILL_AREA(#2134);
#2136=SURFACE_SIDE_STYLE('',(#2135));
#2137=SURFACE_STYLE_USAGE(.BOTH.,#2136);
#2138=PRESENTATION_STYLE_ASSIGNMENT((#2137));
#2139=STYLED_ITEM('',(#2138),#2131);
#2140=ADVANCED_FACE('',(#4983),#4985,.T.);
#2141=COLOUR_RGB($,0.341176470588235,0.615686274509804,0.427450980392157);
#2142=FILL_AREA_STYLE_COLOUR($,#2141);
#2143=FILL_AREA_STYLE($,(#2142));
#2144=SURFACE_STYLE_FILL_AREA(#2143);
#2145=SURFACE_SIDE_STYLE('',(#2144));
#2146=SURFACE_STYLE_USAGE(.BOTH.,#2145);
#2147=PRESENTATION_STYLE_ASSIGNMENT((#2146));
#2148=STYLED_ITEM('',(#2147),#2140);
#2149=ADVANCED_FACE('',(#4990),#4992,.F.);
#2150=COLOUR_RGB($,0.341176470588235,0.615686274509804,0.427450980392157);
#2151=FILL_AREA_STYLE_COLOUR($,#2150);
#2152=FILL_AREA_STYLE($,(#2151));
#2153=SURFACE_STYLE_FILL_AREA(#2152);
#2154=SURFACE_SIDE_STYLE('',(#2153));
#2155=SURFACE_STYLE_USAGE(.BOTH.,#2154);
#2156=PRESENTATION_STYLE_ASSIGNMENT((#2155));
#2157=STYLED_ITEM('',(#2156),#2149);
#2158=ADVANCED_FACE('',(#4997),#4999,.T.);
#2159=COLOUR_RGB($,0.341176470588235,0.615686274509804,0.427450980392157);
#2160=FILL_AREA_STYLE_COLOUR($,#2159);
#2161=FILL_AREA_STYLE($,(#2160));
#2162=SURFACE_STYLE_FILL_AREA(#2161);
#2163=SURFACE_SIDE_STYLE('',(#2162));
#2164=SURFACE_STYLE_USAGE(.BOTH.,#2163);
#2165=PRESENTATION_STYLE_ASSIGNMENT((#2164));
#2166=STYLED_ITEM('',(#2165),#2158);
#2167=ADVANCED_FACE('',(#5004,#5006),#5008,.F.);
#2168=COLOUR_RGB($,0.341176470588235,0.615686274509804,0.427450980392157);
#2169=FILL_AREA_STYLE_COLOUR($,#2168);
#2170=FILL_AREA_STYLE($,(#2169));
#2171=SURFACE_STYLE_FILL_AREA(#2170);
#2172=SURFACE_SIDE_STYLE('',(#2171));
#2173=SURFACE_STYLE_USAGE(.BOTH.,#2172);
#2174=PRESENTATION_STYLE_ASSIGNMENT((#2173));
#2175=STYLED_ITEM('',(#2174),#2167);
#2176=ADVANCED_FACE('',(#5013,#5015),#5017,.F.);
#2177=COLOUR_RGB($,0.341176470588235,0.615686274509804,0.427450980392157);
#2178=FILL_AREA_STYLE_COLOUR($,#2177);
#2179=FILL_AREA_STYLE($,(#2178));
#2180=SURFACE_STYLE_FILL_AREA(#2179);
#2181=SURFACE_SIDE_STYLE('',(#2180));
#2182=SURFACE_STYLE_USAGE(.BOTH.,#2181);
#2183=PRESENTATION_STYLE_ASSIGNMENT((#2182));
#2184=STYLED_ITEM('',(#2183),#2176);
#2185=ADVANCED_FACE('',(#5022,#5024),#5026,.F.);
#2186=COLOUR_RGB($,0.341176470588235,0.615686274509804,0.427450980392157);
#2187=FILL_AREA_STYLE_COLOUR($,#2186);
#2188=FILL_AREA_STYLE($,(#2187));
#2189=SURFACE_STYLE_FILL_AREA(#2188);
#2190=SURFACE_SIDE_STYLE('',(#2189));
#2191=SURFACE_STYLE_USAGE(.BOTH.,#2190);
#2192=PRESENTATION_STYLE_ASSIGNMENT((#2191));
#2193=STYLED_ITEM('',(#2192),#2185);
#2194=ADVANCED_FACE('',(#5031,#5033),#5035,.F.);
#2195=COLOUR_RGB($,0.341176470588235,0.615686274509804,0.427450980392157);
#2196=FILL_AREA_STYLE_COLOUR($,#2195);
#2197=FILL_AREA_STYLE($,(#2196));
#2198=SURFACE_STYLE_FILL_AREA(#2197);
#2199=SURFACE_SIDE_STYLE('',(#2198));
#2200=SURFACE_STYLE_USAGE(.BOTH.,#2199);
#2201=PRESENTATION_STYLE_ASSIGNMENT((#2200));
#2202=STYLED_ITEM('',(#2201),#2194);
#2203=ADVANCED_FACE('',(#5040,#5042),#5044,.F.);
#2204=COLOUR_RGB($,0.341176470588235,0.615686274509804,0.427450980392157);
#2205=FILL_AREA_STYLE_COLOUR($,#2204);
#2206=FILL_AREA_STYLE($,(#2205));
#2207=SURFACE_STYLE_FILL_AREA(#2206);
#2208=SURFACE_SIDE_STYLE('',(#2207));
#2209=SURFACE_STYLE_USAGE(.BOTH.,#2208);
#2210=PRESENTATION_STYLE_ASSIGNMENT((#2209));
#2211=STYLED_ITEM('',(#2210),#2203);
#2212=ADVANCED_FACE('',(#5049,#5051),#5053,.F.);
#2213=COLOUR_RGB($,0.341176470588235,0.615686274509804,0.427450980392157);
#2214=FILL_AREA_STYLE_COLOUR($,#2213);
#2215=FILL_AREA_STYLE($,(#2214));
#2216=SURFACE_STYLE_FILL_AREA(#2215);
#2217=SURFACE_SIDE_STYLE('',(#2216));
#2218=SURFACE_STYLE_USAGE(.BOTH.,#2217);
#2219=PRESENTATION_STYLE_ASSIGNMENT((#2218));
#2220=STYLED_ITEM('',(#2219),#2212);
#2221=ADVANCED_FACE('',(#5058,#5060),#5062,.F.);
#2222=COLOUR_RGB($,0.341176470588235,0.615686274509804,0.427450980392157);
#2223=FILL_AREA_STYLE_COLOUR($,#2222);
#2224=FILL_AREA_STYLE($,(#2223));
#2225=SURFACE_STYLE_FILL_AREA(#2224);
#2226=SURFACE_SIDE_STYLE('',(#2225));
#2227=SURFACE_STYLE_USAGE(.BOTH.,#2226);
#2228=PRESENTATION_STYLE_ASSIGNMENT((#2227));
#2229=STYLED_ITEM('',(#2228),#2221);
#2230=ADVANCED_FACE('',(#5067),#5069,.T.);
#2231=COLOUR_RGB($,0.341176470588235,0.615686274509804,0.427450980392157);
#2232=FILL_AREA_STYLE_COLOUR($,#2231);
#2233=FILL_AREA_STYLE($,(#2232));
#2234=SURFACE_STYLE_FILL_AREA(#2233);
#2235=SURFACE_SIDE_STYLE('',(#2234));
#2236=SURFACE_STYLE_USAGE(.BOTH.,#2235);
#2237=PRESENTATION_STYLE_ASSIGNMENT((#2236));
#2238=STYLED_ITEM('',(#2237),#2230);
#2239=ADVANCED_FACE('',(#5074),#5076,.T.);
#2240=COLOUR_RGB($,0.341176470588235,0.615686274509804,0.427450980392157);
#2241=FILL_AREA_STYLE_COLOUR($,#2240);
#2242=FILL_AREA_STYLE($,(#2241));
#2243=SURFACE_STYLE_FILL_AREA(#2242);
#2244=SURFACE_SIDE_STYLE('',(#2243));
#2245=SURFACE_STYLE_USAGE(.BOTH.,#2244);
#2246=PRESENTATION_STYLE_ASSIGNMENT((#2245));
#2247=STYLED_ITEM('',(#2246),#2239);
#2248=ADVANCED_FACE('',(#5081),#5083,.T.);
#2249=COLOUR_RGB($,0.341176470588235,0.615686274509804,0.427450980392157);
#2250=FILL_AREA_STYLE_COLOUR($,#2249);
#2251=FILL_AREA_STYLE($,(#2250));
#2252=SURFACE_STYLE_FILL_AREA(#2251);
#2253=SURFACE_SIDE_STYLE('',(#2252));
#2254=SURFACE_STYLE_USAGE(.BOTH.,#2253);
#2255=PRESENTATION_STYLE_ASSIGNMENT((#2254));
#2256=STYLED_ITEM('',(#2255),#2248);
#2257=ADVANCED_FACE('',(#5088),#5090,.T.);
#2258=COLOUR_RGB($,0.341176470588235,0.615686274509804,0.427450980392157);
#2259=FILL_AREA_STYLE_COLOUR($,#2258);
#2260=FILL_AREA_STYLE($,(#2259));
#2261=SURFACE_STYLE_FILL_AREA(#2260);
#2262=SURFACE_SIDE_STYLE('',(#2261));
#2263=SURFACE_STYLE_USAGE(.BOTH.,#2262);
#2264=PRESENTATION_STYLE_ASSIGNMENT((#2263));
#2265=STYLED_ITEM('',(#2264),#2257);
#2266=ADVANCED_FACE('',(#5095),#5097,.T.);
#2267=COLOUR_RGB($,0.341176470588235,0.615686274509804,0.427450980392157);
#2268=FILL_AREA_STYLE_COLOUR($,#2267);
#2269=FILL_AREA_STYLE($,(#2268));
#2270=SURFACE_STYLE_FILL_AREA(#2269);
#2271=SURFACE_SIDE_STYLE('',(#2270));
#2272=SURFACE_STYLE_USAGE(.BOTH.,#2271);
#2273=PRESENTATION_STYLE_ASSIGNMENT((#2272));
#2274=STYLED_ITEM('',(#2273),#2266);
#2275=ADVANCED_FACE('',(#5102),#5104,.T.);
#2276=COLOUR_RGB($,0.341176470588235,0.615686274509804,0.427450980392157);
#2277=FILL_AREA_STYLE_COLOUR($,#2276);
#2278=FILL_AREA_STYLE($,(#2277));
#2279=SURFACE_STYLE_FILL_AREA(#2278);
#2280=SURFACE_SIDE_STYLE('',(#2279));
#2281=SURFACE_STYLE_USAGE(.BOTH.,#2280);
#2282=PRESENTATION_STYLE_ASSIGNMENT((#2281));
#2283=STYLED_ITEM('',(#2282),#2275);
#2284=ADVANCED_FACE('',(#5109),#5111,.F.);
#2285=COLOUR_RGB($,0.341176470588235,0.615686274509804,0.427450980392157);
#2286=FILL_AREA_STYLE_COLOUR($,#2285);
#2287=FILL_AREA_STYLE($,(#2286));
#2288=SURFACE_STYLE_FILL_AREA(#2287);
#2289=SURFACE_SIDE_STYLE('',(#2288));
#2290=SURFACE_STYLE_USAGE(.BOTH.,#2289);
#2291=PRESENTATION_STYLE_ASSIGNMENT((#2290));
#2292=STYLED_ITEM('',(#2291),#2284);
#2293=ADVANCED_FACE('',(#5116),#5118,.F.);
#2294=COLOUR_RGB($,0.341176470588235,0.615686274509804,0.427450980392157);
#2295=FILL_AREA_STYLE_COLOUR($,#2294);
#2296=FILL_AREA_STYLE($,(#2295));
#2297=SURFACE_STYLE_FILL_AREA(#2296);
#2298=SURFACE_SIDE_STYLE('',(#2297));
#2299=SURFACE_STYLE_USAGE(.BOTH.,#2298);
#2300=PRESENTATION_STYLE_ASSIGNMENT((#2299));
#2301=STYLED_ITEM('',(#2300),#2293);
#2302=ADVANCED_FACE('',(#5123),#5125,.F.);
#2303=COLOUR_RGB($,0.341176470588235,0.615686274509804,0.427450980392157);
#2304=FILL_AREA_STYLE_COLOUR($,#2303);
#2305=FILL_AREA_STYLE($,(#2304));
#2306=SURFACE_STYLE_FILL_AREA(#2305);
#2307=SURFACE_SIDE_STYLE('',(#2306));
#2308=SURFACE_STYLE_USAGE(.BOTH.,#2307);
#2309=PRESENTATION_STYLE_ASSIGNMENT((#2308));
#2310=STYLED_ITEM('',(#2309),#2302);
#2311=ADVANCED_FACE('',(#5130),#5132,.F.);
#2312=COLOUR_RGB($,0.341176470588235,0.615686274509804,0.427450980392157);
#2313=FILL_AREA_STYLE_COLOUR($,#2312);
#2314=FILL_AREA_STYLE($,(#2313));
#2315=SURFACE_STYLE_FILL_AREA(#2314);
#2316=SURFACE_SIDE_STYLE('',(#2315));
#2317=SURFACE_STYLE_USAGE(.BOTH.,#2316);
#2318=PRESENTATION_STYLE_ASSIGNMENT((#2317));
#2319=STYLED_ITEM('',(#2318),#2311);
#2320=ADVANCED_FACE('',(#5137),#5139,.F.);
#2321=COLOUR_RGB($,0.341176470588235,0.615686274509804,0.427450980392157);
#2322=FILL_AREA_STYLE_COLOUR($,#2321);
#2323=FILL_AREA_STYLE($,(#2322));
#2324=SURFACE_STYLE_FILL_AREA(#2323);
#2325=SURFACE_SIDE_STYLE('',(#2324));
#2326=SURFACE_STYLE_USAGE(.BOTH.,#2325);
#2327=PRESENTATION_STYLE_ASSIGNMENT((#2326));
#2328=STYLED_ITEM('',(#2327),#2320);
#2329=ADVANCED_FACE('',(#5144),#5146,.F.);
#2330=COLOUR_RGB($,0.341176470588235,0.615686274509804,0.427450980392157);
#2331=FILL_AREA_STYLE_COLOUR($,#2330);
#2332=FILL_AREA_STYLE($,(#2331));
#2333=SURFACE_STYLE_FILL_AREA(#2332);
#2334=SURFACE_SIDE_STYLE('',(#2333));
#2335=SURFACE_STYLE_USAGE(.BOTH.,#2334);
#2336=PRESENTATION_STYLE_ASSIGNMENT((#2335));
#2337=STYLED_ITEM('',(#2336),#2329);
#2338=ADVANCED_FACE('',(#5151),#5153,.F.);
#2339=COLOUR_RGB($,0.341176470588235,0.615686274509804,0.427450980392157);
#2340=FILL_AREA_STYLE_COLOUR($,#2339);
#2341=FILL_AREA_STYLE($,(#2340));
#2342=SURFACE_STYLE_FILL_AREA(#2341);
#2343=SURFACE_SIDE_STYLE('',(#2342));
#2344=SURFACE_STYLE_USAGE(.BOTH.,#2343);
#2345=PRESENTATION_STYLE_ASSIGNMENT((#2344));
#2346=STYLED_ITEM('',(#2345),#2338);
#2347=ADVANCED_FACE('',(#5158),#5160,.F.);
#2348=COLOUR_RGB($,0.341176470588235,0.615686274509804,0.427450980392157);
#2349=FILL_AREA_STYLE_COLOUR($,#2348);
#2350=FILL_AREA_STYLE($,(#2349));
#2351=SURFACE_STYLE_FILL_AREA(#2350);
#2352=SURFACE_SIDE_STYLE('',(#2351));
#2353=SURFACE_STYLE_USAGE(.BOTH.,#2352);
#2354=PRESENTATION_STYLE_ASSIGNMENT((#2353));
#2355=STYLED_ITEM('',(#2354),#2347);
#2356=ADVANCED_FACE('',(#5165),#5167,.F.);
#2357=COLOUR_RGB($,0.341176470588235,0.615686274509804,0.427450980392157);
#2358=FILL_AREA_STYLE_COLOUR($,#2357);
#2359=FILL_AREA_STYLE($,(#2358));
#2360=SURFACE_STYLE_FILL_AREA(#2359);
#2361=SURFACE_SIDE_STYLE('',(#2360));
#2362=SURFACE_STYLE_USAGE(.BOTH.,#2361);
#2363=PRESENTATION_STYLE_ASSIGNMENT((#2362));
#2364=STYLED_ITEM('',(#2363),#2356);
#2365=ADVANCED_FACE('',(#5172),#5174,.F.);
#2366=COLOUR_RGB($,0.341176470588235,0.615686274509804,0.427450980392157);
#2367=FILL_AREA_STYLE_COLOUR($,#2366);
#2368=FILL_AREA_STYLE($,(#2367));
#2369=SURFACE_STYLE_FILL_AREA(#2368);
#2370=SURFACE_SIDE_STYLE('',(#2369));
#2371=SURFACE_STYLE_USAGE(.BOTH.,#2370);
#2372=PRESENTATION_STYLE_ASSIGNMENT((#2371));
#2373=STYLED_ITEM('',(#2372),#2365);
#2374=ADVANCED_FACE('',(#5179),#5181,.F.);
#2375=COLOUR_RGB($,0.341176470588235,0.615686274509804,0.427450980392157);
#2376=FILL_AREA_STYLE_COLOUR($,#2375);
#2377=FILL_AREA_STYLE($,(#2376));
#2378=SURFACE_STYLE_FILL_AREA(#2377);
#2379=SURFACE_SIDE_STYLE('',(#2378));
#2380=SURFACE_STYLE_USAGE(.BOTH.,#2379);
#2381=PRESENTATION_STYLE_ASSIGNMENT((#2380));
#2382=STYLED_ITEM('',(#2381),#2374);
#2383=ADVANCED_FACE('',(#5186,#5188),#5190,.F.);
#2384=COLOUR_RGB($,0.341176470588235,0.615686274509804,0.427450980392157);
#2385=FILL_AREA_STYLE_COLOUR($,#2384);
#2386=FILL_AREA_STYLE($,(#2385));
#2387=SURFACE_STYLE_FILL_AREA(#2386);
#2388=SURFACE_SIDE_STYLE('',(#2387));
#2389=SURFACE_STYLE_USAGE(.BOTH.,#2388);
#2390=PRESENTATION_STYLE_ASSIGNMENT((#2389));
#2391=STYLED_ITEM('',(#2390),#2383);
#2392=ADVANCED_FACE('',(#5195),#5197,.F.);
#2393=COLOUR_RGB($,0.341176470588235,0.615686274509804,0.427450980392157);
#2394=FILL_AREA_STYLE_COLOUR($,#2393);
#2395=FILL_AREA_STYLE($,(#2394));
#2396=SURFACE_STYLE_FILL_AREA(#2395);
#2397=SURFACE_SIDE_STYLE('',(#2396));
#2398=SURFACE_STYLE_USAGE(.BOTH.,#2397);
#2399=PRESENTATION_STYLE_ASSIGNMENT((#2398));
#2400=STYLED_ITEM('',(#2399),#2392);
#2401=ADVANCED_FACE('',(#5202),#5204,.F.);
#2402=COLOUR_RGB($,0.341176470588235,0.615686274509804,0.427450980392157);
#2403=FILL_AREA_STYLE_COLOUR($,#2402);
#2404=FILL_AREA_STYLE($,(#2403));
#2405=SURFACE_STYLE_FILL_AREA(#2404);
#2406=SURFACE_SIDE_STYLE('',(#2405));
#2407=SURFACE_STYLE_USAGE(.BOTH.,#2406);
#2408=PRESENTATION_STYLE_ASSIGNMENT((#2407));
#2409=STYLED_ITEM('',(#2408),#2401);
#2410=ADVANCED_FACE('',(#5209),#5211,.F.);
#2411=COLOUR_RGB($,0.341176470588235,0.615686274509804,0.427450980392157);
#2412=FILL_AREA_STYLE_COLOUR($,#2411);
#2413=FILL_AREA_STYLE($,(#2412));
#2414=SURFACE_STYLE_FILL_AREA(#2413);
#2415=SURFACE_SIDE_STYLE('',(#2414));
#2416=SURFACE_STYLE_USAGE(.BOTH.,#2415);
#2417=PRESENTATION_STYLE_ASSIGNMENT((#2416));
#2418=STYLED_ITEM('',(#2417),#2410);
#2419=ADVANCED_FACE('',(#5216),#5218,.F.);
#2420=COLOUR_RGB($,0.341176470588235,0.615686274509804,0.427450980392157);
#2421=FILL_AREA_STYLE_COLOUR($,#2420);
#2422=FILL_AREA_STYLE($,(#2421));
#2423=SURFACE_STYLE_FILL_AREA(#2422);
#2424=SURFACE_SIDE_STYLE('',(#2423));
#2425=SURFACE_STYLE_USAGE(.BOTH.,#2424);
#2426=PRESENTATION_STYLE_ASSIGNMENT((#2425));
#2427=STYLED_ITEM('',(#2426),#2419);
#2428=ADVANCED_FACE('',(#5223),#5225,.F.);
#2429=COLOUR_RGB($,0.341176470588235,0.615686274509804,0.427450980392157);
#2430=FILL_AREA_STYLE_COLOUR($,#2429);
#2431=FILL_AREA_STYLE($,(#2430));
#2432=SURFACE_STYLE_FILL_AREA(#2431);
#2433=SURFACE_SIDE_STYLE('',(#2432));
#2434=SURFACE_STYLE_USAGE(.BOTH.,#2433);
#2435=PRESENTATION_STYLE_ASSIGNMENT((#2434));
#2436=STYLED_ITEM('',(#2435),#2428);
#2437=ADVANCED_FACE('',(#5230),#5232,.F.);
#2438=COLOUR_RGB($,0.341176470588235,0.615686274509804,0.427450980392157);
#2439=FILL_AREA_STYLE_COLOUR($,#2438);
#2440=FILL_AREA_STYLE($,(#2439));
#2441=SURFACE_STYLE_FILL_AREA(#2440);
#2442=SURFACE_SIDE_STYLE('',(#2441));
#2443=SURFACE_STYLE_USAGE(.BOTH.,#2442);
#2444=PRESENTATION_STYLE_ASSIGNMENT((#2443));
#2445=STYLED_ITEM('',(#2444),#2437);
#2446=ADVANCED_FACE('',(#5237),#5239,.F.);
#2447=COLOUR_RGB($,0.341176470588235,0.615686274509804,0.427450980392157);
#2448=FILL_AREA_STYLE_COLOUR($,#2447);
#2449=FILL_AREA_STYLE($,(#2448));
#2450=SURFACE_STYLE_FILL_AREA(#2449);
#2451=SURFACE_SIDE_STYLE('',(#2450));
#2452=SURFACE_STYLE_USAGE(.BOTH.,#2451);
#2453=PRESENTATION_STYLE_ASSIGNMENT((#2452));
#2454=STYLED_ITEM('',(#2453),#2446);
#2455=ADVANCED_FACE('',(#5244),#5246,.F.);
#2456=COLOUR_RGB($,0.341176470588235,0.615686274509804,0.427450980392157);
#2457=FILL_AREA_STYLE_COLOUR($,#2456);
#2458=FILL_AREA_STYLE($,(#2457));
#2459=SURFACE_STYLE_FILL_AREA(#2458);
#2460=SURFACE_SIDE_STYLE('',(#2459));
#2461=SURFACE_STYLE_USAGE(.BOTH.,#2460);
#2462=PRESENTATION_STYLE_ASSIGNMENT((#2461));
#2463=STYLED_ITEM('',(#2462),#2455);
#2464=ADVANCED_FACE('',(#5251),#5253,.F.);
#2465=COLOUR_RGB($,0.341176470588235,0.615686274509804,0.427450980392157);
#2466=FILL_AREA_STYLE_COLOUR($,#2465);
#2467=FILL_AREA_STYLE($,(#2466));
#2468=SURFACE_STYLE_FILL_AREA(#2467);
#2469=SURFACE_SIDE_STYLE('',(#2468));
#2470=SURFACE_STYLE_USAGE(.BOTH.,#2469);
#2471=PRESENTATION_STYLE_ASSIGNMENT((#2470));
#2472=STYLED_ITEM('',(#2471),#2464);
#2473=ADVANCED_FACE('',(#5258),#5260,.F.);
#2474=COLOUR_RGB($,0.341176470588235,0.615686274509804,0.427450980392157);
#2475=FILL_AREA_STYLE_COLOUR($,#2474);
#2476=FILL_AREA_STYLE($,(#2475));
#2477=SURFACE_STYLE_FILL_AREA(#2476);
#2478=SURFACE_SIDE_STYLE('',(#2477));
#2479=SURFACE_STYLE_USAGE(.BOTH.,#2478);
#2480=PRESENTATION_STYLE_ASSIGNMENT((#2479));
#2481=STYLED_ITEM('',(#2480),#2473);
#2482=ADVANCED_FACE('',(#5265),#5267,.F.);
#2483=COLOUR_RGB($,0.341176470588235,0.615686274509804,0.427450980392157);
#2484=FILL_AREA_STYLE_COLOUR($,#2483);
#2485=FILL_AREA_STYLE($,(#2484));
#2486=SURFACE_STYLE_FILL_AREA(#2485);
#2487=SURFACE_SIDE_STYLE('',(#2486));
#2488=SURFACE_STYLE_USAGE(.BOTH.,#2487);
#2489=PRESENTATION_STYLE_ASSIGNMENT((#2488));
#2490=STYLED_ITEM('',(#2489),#2482);
#2491=ADVANCED_FACE('',(#5272,#5274),#5276,.F.);
#2492=COLOUR_RGB($,0.341176470588235,0.615686274509804,0.427450980392157);
#2493=FILL_AREA_STYLE_COLOUR($,#2492);
#2494=FILL_AREA_STYLE($,(#2493));
#2495=SURFACE_STYLE_FILL_AREA(#2494);
#2496=SURFACE_SIDE_STYLE('',(#2495));
#2497=SURFACE_STYLE_USAGE(.BOTH.,#2496);
#2498=PRESENTATION_STYLE_ASSIGNMENT((#2497));
#2499=STYLED_ITEM('',(#2498),#2491);
#2500=ADVANCED_FACE('',(#5281),#5283,.F.);
#2501=COLOUR_RGB($,0.341176470588235,0.615686274509804,0.427450980392157);
#2502=FILL_AREA_STYLE_COLOUR($,#2501);
#2503=FILL_AREA_STYLE($,(#2502));
#2504=SURFACE_STYLE_FILL_AREA(#2503);
#2505=SURFACE_SIDE_STYLE('',(#2504));
#2506=SURFACE_STYLE_USAGE(.BOTH.,#2505);
#2507=PRESENTATION_STYLE_ASSIGNMENT((#2506));
#2508=STYLED_ITEM('',(#2507),#2500);
#2509=ADVANCED_FACE('',(#5288),#5290,.F.);
#2510=COLOUR_RGB($,0.341176470588235,0.615686274509804,0.427450980392157);
#2511=FILL_AREA_STYLE_COLOUR($,#2510);
#2512=FILL_AREA_STYLE($,(#2511));
#2513=SURFACE_STYLE_FILL_AREA(#2512);
#2514=SURFACE_SIDE_STYLE('',(#2513));
#2515=SURFACE_STYLE_USAGE(.BOTH.,#2514);
#2516=PRESENTATION_STYLE_ASSIGNMENT((#2515));
#2517=STYLED_ITEM('',(#2516),#2509);
#2518=ADVANCED_FACE('',(#5295),#5297,.F.);
#2519=COLOUR_RGB($,0.341176470588235,0.615686274509804,0.427450980392157);
#2520=FILL_AREA_STYLE_COLOUR($,#2519);
#2521=FILL_AREA_STYLE($,(#2520));
#2522=SURFACE_STYLE_FILL_AREA(#2521);
#2523=SURFACE_SIDE_STYLE('',(#2522));
#2524=SURFACE_STYLE_USAGE(.BOTH.,#2523);
#2525=PRESENTATION_STYLE_ASSIGNMENT((#2524));
#2526=STYLED_ITEM('',(#2525),#2518);
#2527=ADVANCED_FACE('',(#5302),#5304,.F.);
#2528=COLOUR_RGB($,0.341176470588235,0.615686274509804,0.427450980392157);
#2529=FILL_AREA_STYLE_COLOUR($,#2528);
#2530=FILL_AREA_STYLE($,(#2529));
#2531=SURFACE_STYLE_FILL_AREA(#2530);
#2532=SURFACE_SIDE_STYLE('',(#2531));
#2533=SURFACE_STYLE_USAGE(.BOTH.,#2532);
#2534=PRESENTATION_STYLE_ASSIGNMENT((#2533));
#2535=STYLED_ITEM('',(#2534),#2527);
#2536=ADVANCED_FACE('',(#5309),#5311,.F.);
#2537=COLOUR_RGB($,0.341176470588235,0.615686274509804,0.427450980392157);
#2538=FILL_AREA_STYLE_COLOUR($,#2537);
#2539=FILL_AREA_STYLE($,(#2538));
#2540=SURFACE_STYLE_FILL_AREA(#2539);
#2541=SURFACE_SIDE_STYLE('',(#2540));
#2542=SURFACE_STYLE_USAGE(.BOTH.,#2541);
#2543=PRESENTATION_STYLE_ASSIGNMENT((#2542));
#2544=STYLED_ITEM('',(#2543),#2536);
#2545=ADVANCED_FACE('',(#5316),#5318,.F.);
#2546=COLOUR_RGB($,0.341176470588235,0.615686274509804,0.427450980392157);
#2547=FILL_AREA_STYLE_COLOUR($,#2546);
#2548=FILL_AREA_STYLE($,(#2547));
#2549=SURFACE_STYLE_FILL_AREA(#2548);
#2550=SURFACE_SIDE_STYLE('',(#2549));
#2551=SURFACE_STYLE_USAGE(.BOTH.,#2550);
#2552=PRESENTATION_STYLE_ASSIGNMENT((#2551));
#2553=STYLED_ITEM('',(#2552),#2545);
#2554=ADVANCED_FACE('',(#5323),#5325,.F.);
#2555=COLOUR_RGB($,0.341176470588235,0.615686274509804,0.427450980392157);
#2556=FILL_AREA_STYLE_COLOUR($,#2555);
#2557=FILL_AREA_STYLE($,(#2556));
#2558=SURFACE_STYLE_FILL_AREA(#2557);
#2559=SURFACE_SIDE_STYLE('',(#2558));
#2560=SURFACE_STYLE_USAGE(.BOTH.,#2559);
#2561=PRESENTATION_STYLE_ASSIGNMENT((#2560));
#2562=STYLED_ITEM('',(#2561),#2554);
#2563=ADVANCED_FACE('',(#5330),#5332,.F.);
#2564=COLOUR_RGB($,0.341176470588235,0.615686274509804,0.427450980392157);
#2565=FILL_AREA_STYLE_COLOUR($,#2564);
#2566=FILL_AREA_STYLE($,(#2565));
#2567=SURFACE_STYLE_FILL_AREA(#2566);
#2568=SURFACE_SIDE_STYLE('',(#2567));
#2569=SURFACE_STYLE_USAGE(.BOTH.,#2568);
#2570=PRESENTATION_STYLE_ASSIGNMENT((#2569));
#2571=STYLED_ITEM('',(#2570),#2563);
#2572=ADVANCED_FACE('',(#5337),#5339,.F.);
#2573=COLOUR_RGB($,0.341176470588235,0.615686274509804,0.427450980392157);
#2574=FILL_AREA_STYLE_COLOUR($,#2573);
#2575=FILL_AREA_STYLE($,(#2574));
#2576=SURFACE_STYLE_FILL_AREA(#2575);
#2577=SURFACE_SIDE_STYLE('',(#2576));
#2578=SURFACE_STYLE_USAGE(.BOTH.,#2577);
#2579=PRESENTATION_STYLE_ASSIGNMENT((#2578));
#2580=STYLED_ITEM('',(#2579),#2572);
#2581=ADVANCED_FACE('',(#5344),#5346,.F.);
#2582=COLOUR_RGB($,0.341176470588235,0.615686274509804,0.427450980392157);
#2583=FILL_AREA_STYLE_COLOUR($,#2582);
#2584=FILL_AREA_STYLE($,(#2583));
#2585=SURFACE_STYLE_FILL_AREA(#2584);
#2586=SURFACE_SIDE_STYLE('',(#2585));
#2587=SURFACE_STYLE_USAGE(.BOTH.,#2586);
#2588=PRESENTATION_STYLE_ASSIGNMENT((#2587));
#2589=STYLED_ITEM('',(#2588),#2581);
#2590=ADVANCED_FACE('',(#5351),#5353,.F.);
#2591=COLOUR_RGB($,0.341176470588235,0.615686274509804,0.427450980392157);
#2592=FILL_AREA_STYLE_COLOUR($,#2591);
#2593=FILL_AREA_STYLE($,(#2592));
#2594=SURFACE_STYLE_FILL_AREA(#2593);
#2595=SURFACE_SIDE_STYLE('',(#2594));
#2596=SURFACE_STYLE_USAGE(.BOTH.,#2595);
#2597=PRESENTATION_STYLE_ASSIGNMENT((#2596));
#2598=STYLED_ITEM('',(#2597),#2590);
#2599=ADVANCED_FACE('',(#5358,#5360),#5362,.F.);
#2600=COLOUR_RGB($,0.341176470588235,0.615686274509804,0.427450980392157);
#2601=FILL_AREA_STYLE_COLOUR($,#2600);
#2602=FILL_AREA_STYLE($,(#2601));
#2603=SURFACE_STYLE_FILL_AREA(#2602);
#2604=SURFACE_SIDE_STYLE('',(#2603));
#2605=SURFACE_STYLE_USAGE(.BOTH.,#2604);
#2606=PRESENTATION_STYLE_ASSIGNMENT((#2605));
#2607=STYLED_ITEM('',(#2606),#2599);
#2608=ADVANCED_FACE('',(#5367),#5369,.F.);
#2609=COLOUR_RGB($,0.341176470588235,0.615686274509804,0.427450980392157);
#2610=FILL_AREA_STYLE_COLOUR($,#2609);
#2611=FILL_AREA_STYLE($,(#2610));
#2612=SURFACE_STYLE_FILL_AREA(#2611);
#2613=SURFACE_SIDE_STYLE('',(#2612));
#2614=SURFACE_STYLE_USAGE(.BOTH.,#2613);
#2615=PRESENTATION_STYLE_ASSIGNMENT((#2614));
#2616=STYLED_ITEM('',(#2615),#2608);
#2617=ADVANCED_FACE('',(#5374),#5376,.F.);
#2618=COLOUR_RGB($,0.341176470588235,0.615686274509804,0.427450980392157);
#2619=FILL_AREA_STYLE_COLOUR($,#2618);
#2620=FILL_AREA_STYLE($,(#2619));
#2621=SURFACE_STYLE_FILL_AREA(#2620);
#2622=SURFACE_SIDE_STYLE('',(#2621));
#2623=SURFACE_STYLE_USAGE(.BOTH.,#2622);
#2624=PRESENTATION_STYLE_ASSIGNMENT((#2623));
#2625=STYLED_ITEM('',(#2624),#2617);
#2626=ADVANCED_FACE('',(#5381),#5383,.F.);
#2627=COLOUR_RGB($,0.341176470588235,0.615686274509804,0.427450980392157);
#2628=FILL_AREA_STYLE_COLOUR($,#2627);
#2629=FILL_AREA_STYLE($,(#2628));
#2630=SURFACE_STYLE_FILL_AREA(#2629);
#2631=SURFACE_SIDE_STYLE('',(#2630));
#2632=SURFACE_STYLE_USAGE(.BOTH.,#2631);
#2633=PRESENTATION_STYLE_ASSIGNMENT((#2632));
#2634=STYLED_ITEM('',(#2633),#2626);
#2635=ADVANCED_FACE('',(#5388),#5390,.F.);
#2636=COLOUR_RGB($,0.341176470588235,0.615686274509804,0.427450980392157);
#2637=FILL_AREA_STYLE_COLOUR($,#2636);
#2638=FILL_AREA_STYLE($,(#2637));
#2639=SURFACE_STYLE_FILL_AREA(#2638);
#2640=SURFACE_SIDE_STYLE('',(#2639));
#2641=SURFACE_STYLE_USAGE(.BOTH.,#2640);
#2642=PRESENTATION_STYLE_ASSIGNMENT((#2641));
#2643=STYLED_ITEM('',(#2642),#2635);
#2644=ADVANCED_FACE('',(#5395),#5397,.F.);
#2645=COLOUR_RGB($,0.341176470588235,0.615686274509804,0.427450980392157);
#2646=FILL_AREA_STYLE_COLOUR($,#2645);
#2647=FILL_AREA_STYLE($,(#2646));
#2648=SURFACE_STYLE_FILL_AREA(#2647);
#2649=SURFACE_SIDE_STYLE('',(#2648));
#2650=SURFACE_STYLE_USAGE(.BOTH.,#2649);
#2651=PRESENTATION_STYLE_ASSIGNMENT((#2650));
#2652=STYLED_ITEM('',(#2651),#2644);
#2653=ADVANCED_FACE('',(#5402),#5404,.F.);
#2654=COLOUR_RGB($,0.341176470588235,0.615686274509804,0.427450980392157);
#2655=FILL_AREA_STYLE_COLOUR($,#2654);
#2656=FILL_AREA_STYLE($,(#2655));
#2657=SURFACE_STYLE_FILL_AREA(#2656);
#2658=SURFACE_SIDE_STYLE('',(#2657));
#2659=SURFACE_STYLE_USAGE(.BOTH.,#2658);
#2660=PRESENTATION_STYLE_ASSIGNMENT((#2659));
#2661=STYLED_ITEM('',(#2660),#2653);
#2662=ADVANCED_FACE('',(#5409),#5411,.F.);
#2663=COLOUR_RGB($,0.341176470588235,0.615686274509804,0.427450980392157);
#2664=FILL_AREA_STYLE_COLOUR($,#2663);
#2665=FILL_AREA_STYLE($,(#2664));
#2666=SURFACE_STYLE_FILL_AREA(#2665);
#2667=SURFACE_SIDE_STYLE('',(#2666));
#2668=SURFACE_STYLE_USAGE(.BOTH.,#2667);
#2669=PRESENTATION_STYLE_ASSIGNMENT((#2668));
#2670=STYLED_ITEM('',(#2669),#2662);
#2671=ADVANCED_FACE('',(#5416),#5418,.F.);
#2672=COLOUR_RGB($,0.341176470588235,0.615686274509804,0.427450980392157);
#2673=FILL_AREA_STYLE_COLOUR($,#2672);
#2674=FILL_AREA_STYLE($,(#2673));
#2675=SURFACE_STYLE_FILL_AREA(#2674);
#2676=SURFACE_SIDE_STYLE('',(#2675));
#2677=SURFACE_STYLE_USAGE(.BOTH.,#2676);
#2678=PRESENTATION_STYLE_ASSIGNMENT((#2677));
#2679=STYLED_ITEM('',(#2678),#2671);
#2680=ADVANCED_FACE('',(#5423),#5425,.F.);
#2681=COLOUR_RGB($,0.341176470588235,0.615686274509804,0.427450980392157);
#2682=FILL_AREA_STYLE_COLOUR($,#2681);
#2683=FILL_AREA_STYLE($,(#2682));
#2684=SURFACE_STYLE_FILL_AREA(#2683);
#2685=SURFACE_SIDE_STYLE('',(#2684));
#2686=SURFACE_STYLE_USAGE(.BOTH.,#2685);
#2687=PRESENTATION_STYLE_ASSIGNMENT((#2686));
#2688=STYLED_ITEM('',(#2687),#2680);
#2689=ADVANCED_FACE('',(#5430),#5432,.F.);
#2690=COLOUR_RGB($,0.341176470588235,0.615686274509804,0.427450980392157);
#2691=FILL_AREA_STYLE_COLOUR($,#2690);
#2692=FILL_AREA_STYLE($,(#2691));
#2693=SURFACE_STYLE_FILL_AREA(#2692);
#2694=SURFACE_SIDE_STYLE('',(#2693));
#2695=SURFACE_STYLE_USAGE(.BOTH.,#2694);
#2696=PRESENTATION_STYLE_ASSIGNMENT((#2695));
#2697=STYLED_ITEM('',(#2696),#2689);
#2698=ADVANCED_FACE('',(#5437),#5439,.F.);
#2699=COLOUR_RGB($,0.341176470588235,0.615686274509804,0.427450980392157);
#2700=FILL_AREA_STYLE_COLOUR($,#2699);
#2701=FILL_AREA_STYLE($,(#2700));
#2702=SURFACE_STYLE_FILL_AREA(#2701);
#2703=SURFACE_SIDE_STYLE('',(#2702));
#2704=SURFACE_STYLE_USAGE(.BOTH.,#2703);
#2705=PRESENTATION_STYLE_ASSIGNMENT((#2704));
#2706=STYLED_ITEM('',(#2705),#2698);
#2707=ADVANCED_FACE('',(#5444,#5446),#5448,.F.);
#2708=COLOUR_RGB($,0.341176470588235,0.615686274509804,0.427450980392157);
#2709=FILL_AREA_STYLE_COLOUR($,#2708);
#2710=FILL_AREA_STYLE($,(#2709));
#2711=SURFACE_STYLE_FILL_AREA(#2710);
#2712=SURFACE_SIDE_STYLE('',(#2711));
#2713=SURFACE_STYLE_USAGE(.BOTH.,#2712);
#2714=PRESENTATION_STYLE_ASSIGNMENT((#2713));
#2715=STYLED_ITEM('',(#2714),#2707);
#2716=ADVANCED_FACE('',(#5453),#5455,.F.);
#2717=COLOUR_RGB($,0.341176470588235,0.615686274509804,0.427450980392157);
#2718=FILL_AREA_STYLE_COLOUR($,#2717);
#2719=FILL_AREA_STYLE($,(#2718));
#2720=SURFACE_STYLE_FILL_AREA(#2719);
#2721=SURFACE_SIDE_STYLE('',(#2720));
#2722=SURFACE_STYLE_USAGE(.BOTH.,#2721);
#2723=PRESENTATION_STYLE_ASSIGNMENT((#2722));
#2724=STYLED_ITEM('',(#2723),#2716);
#2725=ADVANCED_FACE('',(#5460),#5462,.F.);
#2726=COLOUR_RGB($,0.341176470588235,0.615686274509804,0.427450980392157);
#2727=FILL_AREA_STYLE_COLOUR($,#2726);
#2728=FILL_AREA_STYLE($,(#2727));
#2729=SURFACE_STYLE_FILL_AREA(#2728);
#2730=SURFACE_SIDE_STYLE('',(#2729));
#2731=SURFACE_STYLE_USAGE(.BOTH.,#2730);
#2732=PRESENTATION_STYLE_ASSIGNMENT((#2731));
#2733=STYLED_ITEM('',(#2732),#2725);
#2734=ADVANCED_FACE('',(#5467),#5469,.F.);
#2735=COLOUR_RGB($,0.341176470588235,0.615686274509804,0.427450980392157);
#2736=FILL_AREA_STYLE_COLOUR($,#2735);
#2737=FILL_AREA_STYLE($,(#2736));
#2738=SURFACE_STYLE_FILL_AREA(#2737);
#2739=SURFACE_SIDE_STYLE('',(#2738));
#2740=SURFACE_STYLE_USAGE(.BOTH.,#2739);
#2741=PRESENTATION_STYLE_ASSIGNMENT((#2740));
#2742=STYLED_ITEM('',(#2741),#2734);
#2743=ADVANCED_FACE('',(#5474),#5476,.F.);
#2744=COLOUR_RGB($,0.341176470588235,0.615686274509804,0.427450980392157);
#2745=FILL_AREA_STYLE_COLOUR($,#2744);
#2746=FILL_AREA_STYLE($,(#2745));
#2747=SURFACE_STYLE_FILL_AREA(#2746);
#2748=SURFACE_SIDE_STYLE('',(#2747));
#2749=SURFACE_STYLE_USAGE(.BOTH.,#2748);
#2750=PRESENTATION_STYLE_ASSIGNMENT((#2749));
#2751=STYLED_ITEM('',(#2750),#2743);
#2752=ADVANCED_FACE('',(#5481),#5483,.F.);
#2753=COLOUR_RGB($,0.341176470588235,0.615686274509804,0.427450980392157);
#2754=FILL_AREA_STYLE_COLOUR($,#2753);
#2755=FILL_AREA_STYLE($,(#2754));
#2756=SURFACE_STYLE_FILL_AREA(#2755);
#2757=SURFACE_SIDE_STYLE('',(#2756));
#2758=SURFACE_STYLE_USAGE(.BOTH.,#2757);
#2759=PRESENTATION_STYLE_ASSIGNMENT((#2758));
#2760=STYLED_ITEM('',(#2759),#2752);
#2761=ADVANCED_FACE('',(#5488),#5490,.F.);
#2762=COLOUR_RGB($,0.341176470588235,0.615686274509804,0.427450980392157);
#2763=FILL_AREA_STYLE_COLOUR($,#2762);
#2764=FILL_AREA_STYLE($,(#2763));
#2765=SURFACE_STYLE_FILL_AREA(#2764);
#2766=SURFACE_SIDE_STYLE('',(#2765));
#2767=SURFACE_STYLE_USAGE(.BOTH.,#2766);
#2768=PRESENTATION_STYLE_ASSIGNMENT((#2767));
#2769=STYLED_ITEM('',(#2768),#2761);
#2770=ADVANCED_FACE('',(#5495),#5497,.F.);
#2771=COLOUR_RGB($,0.341176470588235,0.615686274509804,0.427450980392157);
#2772=FILL_AREA_STYLE_COLOUR($,#2771);
#2773=FILL_AREA_STYLE($,(#2772));
#2774=SURFACE_STYLE_FILL_AREA(#2773);
#2775=SURFACE_SIDE_STYLE('',(#2774));
#2776=SURFACE_STYLE_USAGE(.BOTH.,#2775);
#2777=PRESENTATION_STYLE_ASSIGNMENT((#2776));
#2778=STYLED_ITEM('',(#2777),#2770);
#2779=ADVANCED_FACE('',(#5502),#5504,.F.);
#2780=COLOUR_RGB($,0.341176470588235,0.615686274509804,0.427450980392157);
#2781=FILL_AREA_STYLE_COLOUR($,#2780);
#2782=FILL_AREA_STYLE($,(#2781));
#2783=SURFACE_STYLE_FILL_AREA(#2782);
#2784=SURFACE_SIDE_STYLE('',(#2783));
#2785=SURFACE_STYLE_USAGE(.BOTH.,#2784);
#2786=PRESENTATION_STYLE_ASSIGNMENT((#2785));
#2787=STYLED_ITEM('',(#2786),#2779);
#2788=ADVANCED_FACE('',(#5509),#5511,.F.);
#2789=COLOUR_RGB($,0.341176470588235,0.615686274509804,0.427450980392157);
#2790=FILL_AREA_STYLE_COLOUR($,#2789);
#2791=FILL_AREA_STYLE($,(#2790));
#2792=SURFACE_STYLE_FILL_AREA(#2791);
#2793=SURFACE_SIDE_STYLE('',(#2792));
#2794=SURFACE_STYLE_USAGE(.BOTH.,#2793);
#2795=PRESENTATION_STYLE_ASSIGNMENT((#2794));
#2796=STYLED_ITEM('',(#2795),#2788);
#2797=ADVANCED_FACE('',(#5516),#5518,.F.);
#2798=COLOUR_RGB($,0.341176470588235,0.615686274509804,0.427450980392157);
#2799=FILL_AREA_STYLE_COLOUR($,#2798);
#2800=FILL_AREA_STYLE($,(#2799));
#2801=SURFACE_STYLE_FILL_AREA(#2800);
#2802=SURFACE_SIDE_STYLE('',(#2801));
#2803=SURFACE_STYLE_USAGE(.BOTH.,#2802);
#2804=PRESENTATION_STYLE_ASSIGNMENT((#2803));
#2805=STYLED_ITEM('',(#2804),#2797);
#2806=ADVANCED_FACE('',(#5523),#5525,.F.);
#2807=COLOUR_RGB($,0.341176470588235,0.615686274509804,0.427450980392157);
#2808=FILL_AREA_STYLE_COLOUR($,#2807);
#2809=FILL_AREA_STYLE($,(#2808));
#2810=SURFACE_STYLE_FILL_AREA(#2809);
#2811=SURFACE_SIDE_STYLE('',(#2810));
#2812=SURFACE_STYLE_USAGE(.BOTH.,#2811);
#2813=PRESENTATION_STYLE_ASSIGNMENT((#2812));
#2814=STYLED_ITEM('',(#2813),#2806);
#2815=ADVANCED_FACE('',(#5530),#5532,.F.);
#2816=COLOUR_RGB($,0.341176470588235,0.615686274509804,0.427450980392157);
#2817=FILL_AREA_STYLE_COLOUR($,#2816);
#2818=FILL_AREA_STYLE($,(#2817));
#2819=SURFACE_STYLE_FILL_AREA(#2818);
#2820=SURFACE_SIDE_STYLE('',(#2819));
#2821=SURFACE_STYLE_USAGE(.BOTH.,#2820);
#2822=PRESENTATION_STYLE_ASSIGNMENT((#2821));
#2823=STYLED_ITEM('',(#2822),#2815);
#2824=ADVANCED_FACE('',(#5537,#5539),#5541,.F.);
#2825=COLOUR_RGB($,0.341176470588235,0.615686274509804,0.427450980392157);
#2826=FILL_AREA_STYLE_COLOUR($,#2825);
#2827=FILL_AREA_STYLE($,(#2826));
#2828=SURFACE_STYLE_FILL_AREA(#2827);
#2829=SURFACE_SIDE_STYLE('',(#2828));
#2830=SURFACE_STYLE_USAGE(.BOTH.,#2829);
#2831=PRESENTATION_STYLE_ASSIGNMENT((#2830));
#2832=STYLED_ITEM('',(#2831),#2824);
#2833=ADVANCED_FACE('',(#5546),#5548,.F.);
#2834=COLOUR_RGB($,0.341176470588235,0.615686274509804,0.427450980392157);
#2835=FILL_AREA_STYLE_COLOUR($,#2834);
#2836=FILL_AREA_STYLE($,(#2835));
#2837=SURFACE_STYLE_FILL_AREA(#2836);
#2838=SURFACE_SIDE_STYLE('',(#2837));
#2839=SURFACE_STYLE_USAGE(.BOTH.,#2838);
#2840=PRESENTATION_STYLE_ASSIGNMENT((#2839));
#2841=STYLED_ITEM('',(#2840),#2833);
#2842=ADVANCED_FACE('',(#5553),#5555,.F.);
#2843=COLOUR_RGB($,0.341176470588235,0.615686274509804,0.427450980392157);
#2844=FILL_AREA_STYLE_COLOUR($,#2843);
#2845=FILL_AREA_STYLE($,(#2844));
#2846=SURFACE_STYLE_FILL_AREA(#2845);
#2847=SURFACE_SIDE_STYLE('',(#2846));
#2848=SURFACE_STYLE_USAGE(.BOTH.,#2847);
#2849=PRESENTATION_STYLE_ASSIGNMENT((#2848));
#2850=STYLED_ITEM('',(#2849),#2842);
#2851=ADVANCED_FACE('',(#5560),#5562,.F.);
#2852=COLOUR_RGB($,0.341176470588235,0.615686274509804,0.427450980392157);
#2853=FILL_AREA_STYLE_COLOUR($,#2852);
#2854=FILL_AREA_STYLE($,(#2853));
#2855=SURFACE_STYLE_FILL_AREA(#2854);
#2856=SURFACE_SIDE_STYLE('',(#2855));
#2857=SURFACE_STYLE_USAGE(.BOTH.,#2856);
#2858=PRESENTATION_STYLE_ASSIGNMENT((#2857));
#2859=STYLED_ITEM('',(#2858),#2851);
#2860=ADVANCED_FACE('',(#5567),#5569,.F.);
#2861=COLOUR_RGB($,0.341176470588235,0.615686274509804,0.427450980392157);
#2862=FILL_AREA_STYLE_COLOUR($,#2861);
#2863=FILL_AREA_STYLE($,(#2862));
#2864=SURFACE_STYLE_FILL_AREA(#2863);
#2865=SURFACE_SIDE_STYLE('',(#2864));
#2866=SURFACE_STYLE_USAGE(.BOTH.,#2865);
#2867=PRESENTATION_STYLE_ASSIGNMENT((#2866));
#2868=STYLED_ITEM('',(#2867),#2860);
#2869=ADVANCED_FACE('',(#5574),#5576,.F.);
#2870=COLOUR_RGB($,0.341176470588235,0.615686274509804,0.427450980392157);
#2871=FILL_AREA_STYLE_COLOUR($,#2870);
#2872=FILL_AREA_STYLE($,(#2871));
#2873=SURFACE_STYLE_FILL_AREA(#2872);
#2874=SURFACE_SIDE_STYLE('',(#2873));
#2875=SURFACE_STYLE_USAGE(.BOTH.,#2874);
#2876=PRESENTATION_STYLE_ASSIGNMENT((#2875));
#2877=STYLED_ITEM('',(#2876),#2869);
#2878=ADVANCED_FACE('',(#5581),#5583,.F.);
#2879=COLOUR_RGB($,0.341176470588235,0.615686274509804,0.427450980392157);
#2880=FILL_AREA_STYLE_COLOUR($,#2879);
#2881=FILL_AREA_STYLE($,(#2880));
#2882=SURFACE_STYLE_FILL_AREA(#2881);
#2883=SURFACE_SIDE_STYLE('',(#2882));
#2884=SURFACE_STYLE_USAGE(.BOTH.,#2883);
#2885=PRESENTATION_STYLE_ASSIGNMENT((#2884));
#2886=STYLED_ITEM('',(#2885),#2878);
#2887=ADVANCED_FACE('',(#5588),#5590,.F.);
#2888=COLOUR_RGB($,0.341176470588235,0.615686274509804,0.427450980392157);
#2889=FILL_AREA_STYLE_COLOUR($,#2888);
#2890=FILL_AREA_STYLE($,(#2889));
#2891=SURFACE_STYLE_FILL_AREA(#2890);
#2892=SURFACE_SIDE_STYLE('',(#2891));
#2893=SURFACE_STYLE_USAGE(.BOTH.,#2892);
#2894=PRESENTATION_STYLE_ASSIGNMENT((#2893));
#2895=STYLED_ITEM('',(#2894),#2887);
#2896=ADVANCED_FACE('',(#5595),#5597,.F.);
#2897=COLOUR_RGB($,0.341176470588235,0.615686274509804,0.427450980392157);
#2898=FILL_AREA_STYLE_COLOUR($,#2897);
#2899=FILL_AREA_STYLE($,(#2898));
#2900=SURFACE_STYLE_FILL_AREA(#2899);
#2901=SURFACE_SIDE_STYLE('',(#2900));
#2902=SURFACE_STYLE_USAGE(.BOTH.,#2901);
#2903=PRESENTATION_STYLE_ASSIGNMENT((#2902));
#2904=STYLED_ITEM('',(#2903),#2896);
#2905=ADVANCED_FACE('',(#5602),#5604,.F.);
#2906=COLOUR_RGB($,0.341176470588235,0.615686274509804,0.427450980392157);
#2907=FILL_AREA_STYLE_COLOUR($,#2906);
#2908=FILL_AREA_STYLE($,(#2907));
#2909=SURFACE_STYLE_FILL_AREA(#2908);
#2910=SURFACE_SIDE_STYLE('',(#2909));
#2911=SURFACE_STYLE_USAGE(.BOTH.,#2910);
#2912=PRESENTATION_STYLE_ASSIGNMENT((#2911));
#2913=STYLED_ITEM('',(#2912),#2905);
#2914=ADVANCED_FACE('',(#5609),#5611,.F.);
#2915=COLOUR_RGB($,0.341176470588235,0.615686274509804,0.427450980392157);
#2916=FILL_AREA_STYLE_COLOUR($,#2915);
#2917=FILL_AREA_STYLE($,(#2916));
#2918=SURFACE_STYLE_FILL_AREA(#2917);
#2919=SURFACE_SIDE_STYLE('',(#2918));
#2920=SURFACE_STYLE_USAGE(.BOTH.,#2919);
#2921=PRESENTATION_STYLE_ASSIGNMENT((#2920));
#2922=STYLED_ITEM('',(#2921),#2914);
#2923=ADVANCED_FACE('',(#5616),#5618,.F.);
#2924=COLOUR_RGB($,0.341176470588235,0.615686274509804,0.427450980392157);
#2925=FILL_AREA_STYLE_COLOUR($,#2924);
#2926=FILL_AREA_STYLE($,(#2925));
#2927=SURFACE_STYLE_FILL_AREA(#2926);
#2928=SURFACE_SIDE_STYLE('',(#2927));
#2929=SURFACE_STYLE_USAGE(.BOTH.,#2928);
#2930=PRESENTATION_STYLE_ASSIGNMENT((#2929));
#2931=STYLED_ITEM('',(#2930),#2923);
#2932=ADVANCED_FACE('',(#5623),#5625,.F.);
#2933=COLOUR_RGB($,0.341176470588235,0.615686274509804,0.427450980392157);
#2934=FILL_AREA_STYLE_COLOUR($,#2933);
#2935=FILL_AREA_STYLE($,(#2934));
#2936=SURFACE_STYLE_FILL_AREA(#2935);
#2937=SURFACE_SIDE_STYLE('',(#2936));
#2938=SURFACE_STYLE_USAGE(.BOTH.,#2937);
#2939=PRESENTATION_STYLE_ASSIGNMENT((#2938));
#2940=STYLED_ITEM('',(#2939),#2932);
#2941=ADVANCED_FACE('',(#5630,#5632),#5634,.F.);
#2942=COLOUR_RGB($,0.341176470588235,0.615686274509804,0.427450980392157);
#2943=FILL_AREA_STYLE_COLOUR($,#2942);
#2944=FILL_AREA_STYLE($,(#2943));
#2945=SURFACE_STYLE_FILL_AREA(#2944);
#2946=SURFACE_SIDE_STYLE('',(#2945));
#2947=SURFACE_STYLE_USAGE(.BOTH.,#2946);
#2948=PRESENTATION_STYLE_ASSIGNMENT((#2947));
#2949=STYLED_ITEM('',(#2948),#2941);
#2950=ADVANCED_FACE('',(#5639),#5641,.F.);
#2951=COLOUR_RGB($,0.341176470588235,0.615686274509804,0.427450980392157);
#2952=FILL_AREA_STYLE_COLOUR($,#2951);
#2953=FILL_AREA_STYLE($,(#2952));
#2954=SURFACE_STYLE_FILL_AREA(#2953);
#2955=SURFACE_SIDE_STYLE('',(#2954));
#2956=SURFACE_STYLE_USAGE(.BOTH.,#2955);
#2957=PRESENTATION_STYLE_ASSIGNMENT((#2956));
#2958=STYLED_ITEM('',(#2957),#2950);
#2959=ADVANCED_FACE('',(#5646),#5648,.F.);
#2960=COLOUR_RGB($,0.341176470588235,0.615686274509804,0.427450980392157);
#2961=FILL_AREA_STYLE_COLOUR($,#2960);
#2962=FILL_AREA_STYLE($,(#2961));
#2963=SURFACE_STYLE_FILL_AREA(#2962);
#2964=SURFACE_SIDE_STYLE('',(#2963));
#2965=SURFACE_STYLE_USAGE(.BOTH.,#2964);
#2966=PRESENTATION_STYLE_ASSIGNMENT((#2965));
#2967=STYLED_ITEM('',(#2966),#2959);
#2968=ADVANCED_FACE('',(#5653),#5655,.F.);
#2969=COLOUR_RGB($,0.341176470588235,0.615686274509804,0.427450980392157);
#2970=FILL_AREA_STYLE_COLOUR($,#2969);
#2971=FILL_AREA_STYLE($,(#2970));
#2972=SURFACE_STYLE_FILL_AREA(#2971);
#2973=SURFACE_SIDE_STYLE('',(#2972));
#2974=SURFACE_STYLE_USAGE(.BOTH.,#2973);
#2975=PRESENTATION_STYLE_ASSIGNMENT((#2974));
#2976=STYLED_ITEM('',(#2975),#2968);
#2977=ADVANCED_FACE('',(#5660),#5662,.F.);
#2978=COLOUR_RGB($,0.341176470588235,0.615686274509804,0.427450980392157);
#2979=FILL_AREA_STYLE_COLOUR($,#2978);
#2980=FILL_AREA_STYLE($,(#2979));
#2981=SURFACE_STYLE_FILL_AREA(#2980);
#2982=SURFACE_SIDE_STYLE('',(#2981));
#2983=SURFACE_STYLE_USAGE(.BOTH.,#2982);
#2984=PRESENTATION_STYLE_ASSIGNMENT((#2983));
#2985=STYLED_ITEM('',(#2984),#2977);
#2986=ADVANCED_FACE('',(#5667),#5669,.F.);
#2987=COLOUR_RGB($,0.341176470588235,0.615686274509804,0.427450980392157);
#2988=FILL_AREA_STYLE_COLOUR($,#2987);
#2989=FILL_AREA_STYLE($,(#2988));
#2990=SURFACE_STYLE_FILL_AREA(#2989);
#2991=SURFACE_SIDE_STYLE('',(#2990));
#2992=SURFACE_STYLE_USAGE(.BOTH.,#2991);
#2993=PRESENTATION_STYLE_ASSIGNMENT((#2992));
#2994=STYLED_ITEM('',(#2993),#2986);
#2995=ADVANCED_FACE('',(#5674),#5676,.F.);
#2996=COLOUR_RGB($,0.341176470588235,0.615686274509804,0.427450980392157);
#2997=FILL_AREA_STYLE_COLOUR($,#2996);
#2998=FILL_AREA_STYLE($,(#2997));
#2999=SURFACE_STYLE_FILL_AREA(#2998);
#3000=SURFACE_SIDE_STYLE('',(#2999));
#3001=SURFACE_STYLE_USAGE(.BOTH.,#3000);
#3002=PRESENTATION_STYLE_ASSIGNMENT((#3001));
#3003=STYLED_ITEM('',(#3002),#2995);
#3004=ADVANCED_FACE('',(#5681),#5683,.F.);
#3005=COLOUR_RGB($,0.341176470588235,0.615686274509804,0.427450980392157);
#3006=FILL_AREA_STYLE_COLOUR($,#3005);
#3007=FILL_AREA_STYLE($,(#3006));
#3008=SURFACE_STYLE_FILL_AREA(#3007);
#3009=SURFACE_SIDE_STYLE('',(#3008));
#3010=SURFACE_STYLE_USAGE(.BOTH.,#3009);
#3011=PRESENTATION_STYLE_ASSIGNMENT((#3010));
#3012=STYLED_ITEM('',(#3011),#3004);
#3013=ADVANCED_FACE('',(#5688),#5690,.F.);
#3014=COLOUR_RGB($,0.341176470588235,0.615686274509804,0.427450980392157);
#3015=FILL_AREA_STYLE_COLOUR($,#3014);
#3016=FILL_AREA_STYLE($,(#3015));
#3017=SURFACE_STYLE_FILL_AREA(#3016);
#3018=SURFACE_SIDE_STYLE('',(#3017));
#3019=SURFACE_STYLE_USAGE(.BOTH.,#3018);
#3020=PRESENTATION_STYLE_ASSIGNMENT((#3019));
#3021=STYLED_ITEM('',(#3020),#3013);
#3022=ADVANCED_FACE('',(#5695),#5697,.F.);
#3023=COLOUR_RGB($,0.341176470588235,0.615686274509804,0.427450980392157);
#3024=FILL_AREA_STYLE_COLOUR($,#3023);
#3025=FILL_AREA_STYLE($,(#3024));
#3026=SURFACE_STYLE_FILL_AREA(#3025);
#3027=SURFACE_SIDE_STYLE('',(#3026));
#3028=SURFACE_STYLE_USAGE(.BOTH.,#3027);
#3029=PRESENTATION_STYLE_ASSIGNMENT((#3028));
#3030=STYLED_ITEM('',(#3029),#3022);
#3031=ADVANCED_FACE('',(#5702),#5704,.F.);
#3032=COLOUR_RGB($,0.341176470588235,0.615686274509804,0.427450980392157);
#3033=FILL_AREA_STYLE_COLOUR($,#3032);
#3034=FILL_AREA_STYLE($,(#3033));
#3035=SURFACE_STYLE_FILL_AREA(#3034);
#3036=SURFACE_SIDE_STYLE('',(#3035));
#3037=SURFACE_STYLE_USAGE(.BOTH.,#3036);
#3038=PRESENTATION_STYLE_ASSIGNMENT((#3037));
#3039=STYLED_ITEM('',(#3038),#3031);
#3040=ADVANCED_FACE('',(#5709),#5711,.F.);
#3041=COLOUR_RGB($,0.341176470588235,0.615686274509804,0.427450980392157);
#3042=FILL_AREA_STYLE_COLOUR($,#3041);
#3043=FILL_AREA_STYLE($,(#3042));
#3044=SURFACE_STYLE_FILL_AREA(#3043);
#3045=SURFACE_SIDE_STYLE('',(#3044));
#3046=SURFACE_STYLE_USAGE(.BOTH.,#3045);
#3047=PRESENTATION_STYLE_ASSIGNMENT((#3046));
#3048=STYLED_ITEM('',(#3047),#3040);
#3049=ADVANCED_FACE('',(#5716),#5718,.F.);
#3050=COLOUR_RGB($,0.341176470588235,0.615686274509804,0.427450980392157);
#3051=FILL_AREA_STYLE_COLOUR($,#3050);
#3052=FILL_AREA_STYLE($,(#3051));
#3053=SURFACE_STYLE_FILL_AREA(#3052);
#3054=SURFACE_SIDE_STYLE('',(#3053));
#3055=SURFACE_STYLE_USAGE(.BOTH.,#3054);
#3056=PRESENTATION_STYLE_ASSIGNMENT((#3055));
#3057=STYLED_ITEM('',(#3056),#3049);
#3058=ADVANCED_FACE('',(#5723,#5725),#5727,.F.);
#3059=COLOUR_RGB($,0.341176470588235,0.615686274509804,0.427450980392157);
#3060=FILL_AREA_STYLE_COLOUR($,#3059);
#3061=FILL_AREA_STYLE($,(#3060));
#3062=SURFACE_STYLE_FILL_AREA(#3061);
#3063=SURFACE_SIDE_STYLE('',(#3062));
#3064=SURFACE_STYLE_USAGE(.BOTH.,#3063);
#3065=PRESENTATION_STYLE_ASSIGNMENT((#3064));
#3066=STYLED_ITEM('',(#3065),#3058);
#3067=ADVANCED_FACE('',(#5732,#5734),#5736,.F.);
#3068=COLOUR_RGB($,0.341176470588235,0.615686274509804,0.427450980392157);
#3069=FILL_AREA_STYLE_COLOUR($,#3068);
#3070=FILL_AREA_STYLE($,(#3069));
#3071=SURFACE_STYLE_FILL_AREA(#3070);
#3072=SURFACE_SIDE_STYLE('',(#3071));
#3073=SURFACE_STYLE_USAGE(.BOTH.,#3072);
#3074=PRESENTATION_STYLE_ASSIGNMENT((#3073));
#3075=STYLED_ITEM('',(#3074),#3067);
#3076=ADVANCED_FACE('',(#5741,#5743),#5745,.F.);
#3077=COLOUR_RGB($,0.341176470588235,0.615686274509804,0.427450980392157);
#3078=FILL_AREA_STYLE_COLOUR($,#3077);
#3079=FILL_AREA_STYLE($,(#3078));
#3080=SURFACE_STYLE_FILL_AREA(#3079);
#3081=SURFACE_SIDE_STYLE('',(#3080));
#3082=SURFACE_STYLE_USAGE(.BOTH.,#3081);
#3083=PRESENTATION_STYLE_ASSIGNMENT((#3082));
#3084=STYLED_ITEM('',(#3083),#3076);
#3085=ADVANCED_FACE('',(#5750,#5752),#5754,.F.);
#3086=COLOUR_RGB($,0.341176470588235,0.615686274509804,0.427450980392157);
#3087=FILL_AREA_STYLE_COLOUR($,#3086);
#3088=FILL_AREA_STYLE($,(#3087));
#3089=SURFACE_STYLE_FILL_AREA(#3088);
#3090=SURFACE_SIDE_STYLE('',(#3089));
#3091=SURFACE_STYLE_USAGE(.BOTH.,#3090);
#3092=PRESENTATION_STYLE_ASSIGNMENT((#3091));
#3093=STYLED_ITEM('',(#3092),#3085);
#3094=ADVANCED_FACE('',(#5759,#5761),#5763,.F.);
#3095=COLOUR_RGB($,0.341176470588235,0.615686274509804,0.427450980392157);
#3096=FILL_AREA_STYLE_COLOUR($,#3095);
#3097=FILL_AREA_STYLE($,(#3096));
#3098=SURFACE_STYLE_FILL_AREA(#3097);
#3099=SURFACE_SIDE_STYLE('',(#3098));
#3100=SURFACE_STYLE_USAGE(.BOTH.,#3099);
#3101=PRESENTATION_STYLE_ASSIGNMENT((#3100));
#3102=STYLED_ITEM('',(#3101),#3094);
#3103=ADVANCED_FACE('',(#5768,#5770),#5772,.F.);
#3104=COLOUR_RGB($,0.341176470588235,0.615686274509804,0.427450980392157);
#3105=FILL_AREA_STYLE_COLOUR($,#3104);
#3106=FILL_AREA_STYLE($,(#3105));
#3107=SURFACE_STYLE_FILL_AREA(#3106);
#3108=SURFACE_SIDE_STYLE('',(#3107));
#3109=SURFACE_STYLE_USAGE(.BOTH.,#3108);
#3110=PRESENTATION_STYLE_ASSIGNMENT((#3109));
#3111=STYLED_ITEM('',(#3110),#3103);
#3112=ADVANCED_FACE('',(#5777,#5779),#5781,.F.);
#3113=COLOUR_RGB($,0.341176470588235,0.615686274509804,0.427450980392157);
#3114=FILL_AREA_STYLE_COLOUR($,#3113);
#3115=FILL_AREA_STYLE($,(#3114));
#3116=SURFACE_STYLE_FILL_AREA(#3115);
#3117=SURFACE_SIDE_STYLE('',(#3116));
#3118=SURFACE_STYLE_USAGE(.BOTH.,#3117);
#3119=PRESENTATION_STYLE_ASSIGNMENT((#3118));
#3120=STYLED_ITEM('',(#3119),#3112);
#3121=ADVANCED_FACE('',(#5786,#5788),#5790,.F.);
#3122=COLOUR_RGB($,0.341176470588235,0.615686274509804,0.427450980392157);
#3123=FILL_AREA_STYLE_COLOUR($,#3122);
#3124=FILL_AREA_STYLE($,(#3123));
#3125=SURFACE_STYLE_FILL_AREA(#3124);
#3126=SURFACE_SIDE_STYLE('',(#3125));
#3127=SURFACE_STYLE_USAGE(.BOTH.,#3126);
#3128=PRESENTATION_STYLE_ASSIGNMENT((#3127));
#3129=STYLED_ITEM('',(#3128),#3121);
#3130=COMPOSITE_CURVE('',(#5795),.F.);
#3131=COLOUR_RGB($,0.392156862745098,0.588235294117647,0.980392156862745);
#3132=PRESENTATION_STYLE_ASSIGNMENT((#3133));
#3133=CURVE_STYLE($,#3134,POSITIVE_LENGTH_MEASURE(0.1),#3131);
#3134=PRE_DEFINED_CURVE_FONT('continuous');
#3135=STYLED_ITEM('',(#3132),#3130);
#3136=COMPOSITE_CURVE('',(#5796),.F.);
#3137=COLOUR_RGB($,0.392156862745098,0.588235294117647,0.980392156862745);
#3138=PRESENTATION_STYLE_ASSIGNMENT((#3139));
#3139=CURVE_STYLE($,#3140,POSITIVE_LENGTH_MEASURE(0.1),#3137);
#3140=PRE_DEFINED_CURVE_FONT('continuous');
#3141=STYLED_ITEM('',(#3138),#3136);
#3142=COMPOSITE_CURVE('',(#5797),.F.);
#3143=COLOUR_RGB($,0.392156862745098,0.588235294117647,0.980392156862745);
#3144=PRESENTATION_STYLE_ASSIGNMENT((#3145));
#3145=CURVE_STYLE($,#3146,POSITIVE_LENGTH_MEASURE(0.1),#3143);
#3146=PRE_DEFINED_CURVE_FONT('continuous');
#3147=STYLED_ITEM('',(#3144),#3142);
#3148=COMPOSITE_CURVE('',(#5798),.F.);
#3149=COLOUR_RGB($,0.392156862745098,0.588235294117647,0.980392156862745);
#3150=PRESENTATION_STYLE_ASSIGNMENT((#3151));
#3151=CURVE_STYLE($,#3152,POSITIVE_LENGTH_MEASURE(0.1),#3149);
#3152=PRE_DEFINED_CURVE_FONT('continuous');
#3153=STYLED_ITEM('',(#3150),#3148);
#3154=COMPOSITE_CURVE('',(#5799),.F.);
#3155=COLOUR_RGB($,0.392156862745098,0.588235294117647,0.980392156862745);
#3156=PRESENTATION_STYLE_ASSIGNMENT((#3157));
#3157=CURVE_STYLE($,#3158,POSITIVE_LENGTH_MEASURE(0.1),#3155);
#3158=PRE_DEFINED_CURVE_FONT('continuous');
#3159=STYLED_ITEM('',(#3156),#3154);
#3160=COMPOSITE_CURVE('',(#5800),.F.);
#3161=COLOUR_RGB($,0.392156862745098,0.588235294117647,0.980392156862745);
#3162=PRESENTATION_STYLE_ASSIGNMENT((#3163));
#3163=CURVE_STYLE($,#3164,POSITIVE_LENGTH_MEASURE(0.1),#3161);
#3164=PRE_DEFINED_CURVE_FONT('continuous');
#3165=STYLED_ITEM('',(#3162),#3160);
#3166=COMPOSITE_CURVE('',(#5801),.F.);
#3167=COLOUR_RGB($,0.392156862745098,0.588235294117647,0.980392156862745);
#3168=PRESENTATION_STYLE_ASSIGNMENT((#3169));
#3169=CURVE_STYLE($,#3170,POSITIVE_LENGTH_MEASURE(0.1),#3167);
#3170=PRE_DEFINED_CURVE_FONT('continuous');
#3171=STYLED_ITEM('',(#3168),#3166);
#3172=ADVANCED_FACE('',(#5802),#5804,.F.);
#3173=COLOUR_RGB($,0.827450980392157,0.831372549019608,0.835294117647059);
#3174=FILL_AREA_STYLE_COLOUR($,#3173);
#3175=FILL_AREA_STYLE($,(#3174));
#3176=SURFACE_STYLE_FILL_AREA(#3175);
#3177=SURFACE_SIDE_STYLE('',(#3176));
#3178=SURFACE_STYLE_USAGE(.BOTH.,#3177);
#3179=PRESENTATION_STYLE_ASSIGNMENT((#3178));
#3180=STYLED_ITEM('',(#3179),#3172);
#3181=ADVANCED_FACE('',(#5809),#5811,.F.);
#3182=COLOUR_RGB($,0.827450980392157,0.831372549019608,0.835294117647059);
#3183=FILL_AREA_STYLE_COLOUR($,#3182);
#3184=FILL_AREA_STYLE($,(#3183));
#3185=SURFACE_STYLE_FILL_AREA(#3184);
#3186=SURFACE_SIDE_STYLE('',(#3185));
#3187=SURFACE_STYLE_USAGE(.BOTH.,#3186);
#3188=PRESENTATION_STYLE_ASSIGNMENT((#3187));
#3189=STYLED_ITEM('',(#3188),#3181);
#3190=ADVANCED_FACE('',(#5816),#5818,.F.);
#3191=COLOUR_RGB($,0.827450980392157,0.831372549019608,0.835294117647059);
#3192=FILL_AREA_STYLE_COLOUR($,#3191);
#3193=FILL_AREA_STYLE($,(#3192));
#3194=SURFACE_STYLE_FILL_AREA(#3193);
#3195=SURFACE_SIDE_STYLE('',(#3194));
#3196=SURFACE_STYLE_USAGE(.BOTH.,#3195);
#3197=PRESENTATION_STYLE_ASSIGNMENT((#3196));
#3198=STYLED_ITEM('',(#3197),#3190);
#3199=ADVANCED_FACE('',(#5823),#5825,.F.);
#3200=COLOUR_RGB($,0.827450980392157,0.831372549019608,0.835294117647059);
#3201=FILL_AREA_STYLE_COLOUR($,#3200);
#3202=FILL_AREA_STYLE($,(#3201));
#3203=SURFACE_STYLE_FILL_AREA(#3202);
#3204=SURFACE_SIDE_STYLE('',(#3203));
#3205=SURFACE_STYLE_USAGE(.BOTH.,#3204);
#3206=PRESENTATION_STYLE_ASSIGNMENT((#3205));
#3207=STYLED_ITEM('',(#3206),#3199);
#3208=ADVANCED_FACE('',(#5830,#5832),#5834,.T.);
#3209=COLOUR_RGB($,0.827450980392157,0.831372549019608,0.835294117647059);
#3210=FILL_AREA_STYLE_COLOUR($,#3209);
#3211=FILL_AREA_STYLE($,(#3210));
#3212=SURFACE_STYLE_FILL_AREA(#3211);
#3213=SURFACE_SIDE_STYLE('',(#3212));
#3214=SURFACE_STYLE_USAGE(.BOTH.,#3213);
#3215=PRESENTATION_STYLE_ASSIGNMENT((#3214));
#3216=STYLED_ITEM('',(#3215),#3208);
#3217=ADVANCED_FACE('',(#5839,#5841),#5843,.F.);
#3218=COLOUR_RGB($,0.827450980392157,0.831372549019608,0.835294117647059);
#3219=FILL_AREA_STYLE_COLOUR($,#3218);
#3220=FILL_AREA_STYLE($,(#3219));
#3221=SURFACE_STYLE_FILL_AREA(#3220);
#3222=SURFACE_SIDE_STYLE('',(#3221));
#3223=SURFACE_STYLE_USAGE(.BOTH.,#3222);
#3224=PRESENTATION_STYLE_ASSIGNMENT((#3223));
#3225=STYLED_ITEM('',(#3224),#3217);
#3226=ADVANCED_FACE('',(#5848,#5850),#5852,.T.);
#3227=COLOUR_RGB($,0.827450980392157,0.831372549019608,0.835294117647059);
#3228=FILL_AREA_STYLE_COLOUR($,#3227);
#3229=FILL_AREA_STYLE($,(#3228));
#3230=SURFACE_STYLE_FILL_AREA(#3229);
#3231=SURFACE_SIDE_STYLE('',(#3230));
#3232=SURFACE_STYLE_USAGE(.BOTH.,#3231);
#3233=PRESENTATION_STYLE_ASSIGNMENT((#3232));
#3234=STYLED_ITEM('',(#3233),#3226);
#3235=ADVANCED_FACE('',(#5857,#5859),#5861,.F.);
#3236=COLOUR_RGB($,0.827450980392157,0.831372549019608,0.835294117647059);
#3237=FILL_AREA_STYLE_COLOUR($,#3236);
#3238=FILL_AREA_STYLE($,(#3237));
#3239=SURFACE_STYLE_FILL_AREA(#3238);
#3240=SURFACE_SIDE_STYLE('',(#3239));
#3241=SURFACE_STYLE_USAGE(.BOTH.,#3240);
#3242=PRESENTATION_STYLE_ASSIGNMENT((#3241));
#3243=STYLED_ITEM('',(#3242),#3235);
#3244=ADVANCED_FACE('',(#5866),#5868,.F.);
#3245=COLOUR_RGB($,0.827450980392157,0.831372549019608,0.835294117647059);
#3246=FILL_AREA_STYLE_COLOUR($,#3245);
#3247=FILL_AREA_STYLE($,(#3246));
#3248=SURFACE_STYLE_FILL_AREA(#3247);
#3249=SURFACE_SIDE_STYLE('',(#3248));
#3250=SURFACE_STYLE_USAGE(.BOTH.,#3249);
#3251=PRESENTATION_STYLE_ASSIGNMENT((#3250));
#3252=STYLED_ITEM('',(#3251),#3244);
#3253=ADVANCED_FACE('',(#5873),#5875,.F.);
#3254=COLOUR_RGB($,0.827450980392157,0.831372549019608,0.835294117647059);
#3255=FILL_AREA_STYLE_COLOUR($,#3254);
#3256=FILL_AREA_STYLE($,(#3255));
#3257=SURFACE_STYLE_FILL_AREA(#3256);
#3258=SURFACE_SIDE_STYLE('',(#3257));
#3259=SURFACE_STYLE_USAGE(.BOTH.,#3258);
#3260=PRESENTATION_STYLE_ASSIGNMENT((#3259));
#3261=STYLED_ITEM('',(#3260),#3253);
#3262=ADVANCED_FACE('',(#5880),#5882,.T.);
#3263=COLOUR_RGB($,0.827450980392157,0.831372549019608,0.835294117647059);
#3264=FILL_AREA_STYLE_COLOUR($,#3263);
#3265=FILL_AREA_STYLE($,(#3264));
#3266=SURFACE_STYLE_FILL_AREA(#3265);
#3267=SURFACE_SIDE_STYLE('',(#3266));
#3268=SURFACE_STYLE_USAGE(.BOTH.,#3267);
#3269=PRESENTATION_STYLE_ASSIGNMENT((#3268));
#3270=STYLED_ITEM('',(#3269),#3262);
#3271=ADVANCED_FACE('',(#5887),#5889,.T.);
#3272=COLOUR_RGB($,0.827450980392157,0.831372549019608,0.835294117647059);
#3273=FILL_AREA_STYLE_COLOUR($,#3272);
#3274=FILL_AREA_STYLE($,(#3273));
#3275=SURFACE_STYLE_FILL_AREA(#3274);
#3276=SURFACE_SIDE_STYLE('',(#3275));
#3277=SURFACE_STYLE_USAGE(.BOTH.,#3276);
#3278=PRESENTATION_STYLE_ASSIGNMENT((#3277));
#3279=STYLED_ITEM('',(#3278),#3271);
#3280=ADVANCED_FACE('',(#5894,#5896),#5898,.T.);
#3281=COLOUR_RGB($,0.827450980392157,0.831372549019608,0.835294117647059);
#3282=FILL_AREA_STYLE_COLOUR($,#3281);
#3283=FILL_AREA_STYLE($,(#3282));
#3284=SURFACE_STYLE_FILL_AREA(#3283);
#3285=SURFACE_SIDE_STYLE('',(#3284));
#3286=SURFACE_STYLE_USAGE(.BOTH.,#3285);
#3287=PRESENTATION_STYLE_ASSIGNMENT((#3286));
#3288=STYLED_ITEM('',(#3287),#3280);
#3289=ADVANCED_FACE('',(#5903),#5905,.F.);
#3290=COLOUR_RGB($,0.827450980392157,0.831372549019608,0.835294117647059);
#3291=FILL_AREA_STYLE_COLOUR($,#3290);
#3292=FILL_AREA_STYLE($,(#3291));
#3293=SURFACE_STYLE_FILL_AREA(#3292);
#3294=SURFACE_SIDE_STYLE('',(#3293));
#3295=SURFACE_STYLE_USAGE(.BOTH.,#3294);
#3296=PRESENTATION_STYLE_ASSIGNMENT((#3295));
#3297=STYLED_ITEM('',(#3296),#3289);
#3298=ADVANCED_FACE('',(#5910),#5912,.F.);
#3299=COLOUR_RGB($,0.827450980392157,0.831372549019608,0.835294117647059);
#3300=FILL_AREA_STYLE_COLOUR($,#3299);
#3301=FILL_AREA_STYLE($,(#3300));
#3302=SURFACE_STYLE_FILL_AREA(#3301);
#3303=SURFACE_SIDE_STYLE('',(#3302));
#3304=SURFACE_STYLE_USAGE(.BOTH.,#3303);
#3305=PRESENTATION_STYLE_ASSIGNMENT((#3304));
#3306=STYLED_ITEM('',(#3305),#3298);
#3307=ADVANCED_FACE('',(#5917),#5919,.F.);
#3308=COLOUR_RGB($,0.827450980392157,0.831372549019608,0.835294117647059);
#3309=FILL_AREA_STYLE_COLOUR($,#3308);
#3310=FILL_AREA_STYLE($,(#3309));
#3311=SURFACE_STYLE_FILL_AREA(#3310);
#3312=SURFACE_SIDE_STYLE('',(#3311));
#3313=SURFACE_STYLE_USAGE(.BOTH.,#3312);
#3314=PRESENTATION_STYLE_ASSIGNMENT((#3313));
#3315=STYLED_ITEM('',(#3314),#3307);
#3316=ADVANCED_FACE('',(#5924,#5926),#5928,.T.);
#3317=COLOUR_RGB($,0.827450980392157,0.831372549019608,0.835294117647059);
#3318=FILL_AREA_STYLE_COLOUR($,#3317);
#3319=FILL_AREA_STYLE($,(#3318));
#3320=SURFACE_STYLE_FILL_AREA(#3319);
#3321=SURFACE_SIDE_STYLE('',(#3320));
#3322=SURFACE_STYLE_USAGE(.BOTH.,#3321);
#3323=PRESENTATION_STYLE_ASSIGNMENT((#3322));
#3324=STYLED_ITEM('',(#3323),#3316);
#3325=ADVANCED_FACE('',(#5933,#5935),#5937,.T.);
#3326=COLOUR_RGB($,0.827450980392157,0.831372549019608,0.835294117647059);
#3327=FILL_AREA_STYLE_COLOUR($,#3326);
#3328=FILL_AREA_STYLE($,(#3327));
#3329=SURFACE_STYLE_FILL_AREA(#3328);
#3330=SURFACE_SIDE_STYLE('',(#3329));
#3331=SURFACE_STYLE_USAGE(.BOTH.,#3330);
#3332=PRESENTATION_STYLE_ASSIGNMENT((#3331));
#3333=STYLED_ITEM('',(#3332),#3325);
#3334=ADVANCED_FACE('',(#5942),#5944,.T.);
#3335=COLOUR_RGB($,0.827450980392157,0.831372549019608,0.835294117647059);
#3336=FILL_AREA_STYLE_COLOUR($,#3335);
#3337=FILL_AREA_STYLE($,(#3336));
#3338=SURFACE_STYLE_FILL_AREA(#3337);
#3339=SURFACE_SIDE_STYLE('',(#3338));
#3340=SURFACE_STYLE_USAGE(.BOTH.,#3339);
#3341=PRESENTATION_STYLE_ASSIGNMENT((#3340));
#3342=STYLED_ITEM('',(#3341),#3334);
#3343=ADVANCED_FACE('',(#5949,#5951),#5953,.F.);
#3344=COLOUR_RGB($,0.792156862745098,0.8,0.807843137254902);
#3345=FILL_AREA_STYLE_COLOUR($,#3344);
#3346=FILL_AREA_STYLE($,(#3345));
#3347=SURFACE_STYLE_FILL_AREA(#3346);
#3348=SURFACE_SIDE_STYLE('',(#3347));
#3349=SURFACE_STYLE_USAGE(.BOTH.,#3348);
#3350=PRESENTATION_STYLE_ASSIGNMENT((#3349));
#3351=STYLED_ITEM('',(#3350),#3343);
#3352=ADVANCED_FACE('',(#5958,#5960),#5962,.T.);
#3353=COLOUR_RGB($,0.792156862745098,0.8,0.807843137254902);
#3354=FILL_AREA_STYLE_COLOUR($,#3353);
#3355=FILL_AREA_STYLE($,(#3354));
#3356=SURFACE_STYLE_FILL_AREA(#3355);
#3357=SURFACE_SIDE_STYLE('',(#3356));
#3358=SURFACE_STYLE_USAGE(.BOTH.,#3357);
#3359=PRESENTATION_STYLE_ASSIGNMENT((#3358));
#3360=STYLED_ITEM('',(#3359),#3352);
#3361=ADVANCED_FACE('',(#5967,#5969),#5971,.F.);
#3362=COLOUR_RGB($,0.792156862745098,0.8,0.807843137254902);
#3363=FILL_AREA_STYLE_COLOUR($,#3362);
#3364=FILL_AREA_STYLE($,(#3363));
#3365=SURFACE_STYLE_FILL_AREA(#3364);
#3366=SURFACE_SIDE_STYLE('',(#3365));
#3367=SURFACE_STYLE_USAGE(.BOTH.,#3366);
#3368=PRESENTATION_STYLE_ASSIGNMENT((#3367));
#3369=STYLED_ITEM('',(#3368),#3361);
#3370=ADVANCED_FACE('',(#5976),#5978,.T.);
#3371=COLOUR_RGB($,0.792156862745098,0.8,0.807843137254902);
#3372=FILL_AREA_STYLE_COLOUR($,#3371);
#3373=FILL_AREA_STYLE($,(#3372));
#3374=SURFACE_STYLE_FILL_AREA(#3373);
#3375=SURFACE_SIDE_STYLE('',(#3374));
#3376=SURFACE_STYLE_USAGE(.BOTH.,#3375);
#3377=PRESENTATION_STYLE_ASSIGNMENT((#3376));
#3378=STYLED_ITEM('',(#3377),#3370);
#3379=ADVANCED_FACE('',(#5983),#5985,.T.);
#3380=COLOUR_RGB($,0.792156862745098,0.8,0.807843137254902);
#3381=FILL_AREA_STYLE_COLOUR($,#3380);
#3382=FILL_AREA_STYLE($,(#3381));
#3383=SURFACE_STYLE_FILL_AREA(#3382);
#3384=SURFACE_SIDE_STYLE('',(#3383));
#3385=SURFACE_STYLE_USAGE(.BOTH.,#3384);
#3386=PRESENTATION_STYLE_ASSIGNMENT((#3385));
#3387=STYLED_ITEM('',(#3386),#3379);
#3388=ADVANCED_FACE('',(#5990),#5992,.T.);
#3389=COLOUR_RGB($,0.792156862745098,0.8,0.807843137254902);
#3390=FILL_AREA_STYLE_COLOUR($,#3389);
#3391=FILL_AREA_STYLE($,(#3390));
#3392=SURFACE_STYLE_FILL_AREA(#3391);
#3393=SURFACE_SIDE_STYLE('',(#3392));
#3394=SURFACE_STYLE_USAGE(.BOTH.,#3393);
#3395=PRESENTATION_STYLE_ASSIGNMENT((#3394));
#3396=STYLED_ITEM('',(#3395),#3388);
#3397=ADVANCED_FACE('',(#5997),#5999,.T.);
#3398=COLOUR_RGB($,0.792156862745098,0.8,0.807843137254902);
#3399=FILL_AREA_STYLE_COLOUR($,#3398);
#3400=FILL_AREA_STYLE($,(#3399));
#3401=SURFACE_STYLE_FILL_AREA(#3400);
#3402=SURFACE_SIDE_STYLE('',(#3401));
#3403=SURFACE_STYLE_USAGE(.BOTH.,#3402);
#3404=PRESENTATION_STYLE_ASSIGNMENT((#3403));
#3405=STYLED_ITEM('',(#3404),#3397);
#3406=ADVANCED_FACE('',(#6004),#6006,.T.);
#3407=COLOUR_RGB($,0.792156862745098,0.8,0.807843137254902);
#3408=FILL_AREA_STYLE_COLOUR($,#3407);
#3409=FILL_AREA_STYLE($,(#3408));
#3410=SURFACE_STYLE_FILL_AREA(#3409);
#3411=SURFACE_SIDE_STYLE('',(#3410));
#3412=SURFACE_STYLE_USAGE(.BOTH.,#3411);
#3413=PRESENTATION_STYLE_ASSIGNMENT((#3412));
#3414=STYLED_ITEM('',(#3413),#3406);
#3415=ADVANCED_FACE('',(#6011),#6013,.T.);
#3416=COLOUR_RGB($,0.792156862745098,0.8,0.807843137254902);
#3417=FILL_AREA_STYLE_COLOUR($,#3416);
#3418=FILL_AREA_STYLE($,(#3417));
#3419=SURFACE_STYLE_FILL_AREA(#3418);
#3420=SURFACE_SIDE_STYLE('',(#3419));
#3421=SURFACE_STYLE_USAGE(.BOTH.,#3420);
#3422=PRESENTATION_STYLE_ASSIGNMENT((#3421));
#3423=STYLED_ITEM('',(#3422),#3415);
#3424=ADVANCED_FACE('',(#6018),#6020,.T.);
#3425=COLOUR_RGB($,0.792156862745098,0.8,0.807843137254902);
#3426=FILL_AREA_STYLE_COLOUR($,#3425);
#3427=FILL_AREA_STYLE($,(#3426));
#3428=SURFACE_STYLE_FILL_AREA(#3427);
#3429=SURFACE_SIDE_STYLE('',(#3428));
#3430=SURFACE_STYLE_USAGE(.BOTH.,#3429);
#3431=PRESENTATION_STYLE_ASSIGNMENT((#3430));
#3432=STYLED_ITEM('',(#3431),#3424);
#3433=ADVANCED_FACE('',(#6025),#6027,.T.);
#3434=COLOUR_RGB($,0.792156862745098,0.8,0.807843137254902);
#3435=FILL_AREA_STYLE_COLOUR($,#3434);
#3436=FILL_AREA_STYLE($,(#3435));
#3437=SURFACE_STYLE_FILL_AREA(#3436);
#3438=SURFACE_SIDE_STYLE('',(#3437));
#3439=SURFACE_STYLE_USAGE(.BOTH.,#3438);
#3440=PRESENTATION_STYLE_ASSIGNMENT((#3439));
#3441=STYLED_ITEM('',(#3440),#3433);
#3442=ADVANCED_FACE('',(#6032),#6034,.T.);
#3443=COLOUR_RGB($,0.792156862745098,0.8,0.807843137254902);
#3444=FILL_AREA_STYLE_COLOUR($,#3443);
#3445=FILL_AREA_STYLE($,(#3444));
#3446=SURFACE_STYLE_FILL_AREA(#3445);
#3447=SURFACE_SIDE_STYLE('',(#3446));
#3448=SURFACE_STYLE_USAGE(.BOTH.,#3447);
#3449=PRESENTATION_STYLE_ASSIGNMENT((#3448));
#3450=STYLED_ITEM('',(#3449),#3442);
#3451=ADVANCED_FACE('',(#6039),#6041,.T.);
#3452=COLOUR_RGB($,0.792156862745098,0.8,0.807843137254902);
#3453=FILL_AREA_STYLE_COLOUR($,#3452);
#3454=FILL_AREA_STYLE($,(#3453));
#3455=SURFACE_STYLE_FILL_AREA(#3454);
#3456=SURFACE_SIDE_STYLE('',(#3455));
#3457=SURFACE_STYLE_USAGE(.BOTH.,#3456);
#3458=PRESENTATION_STYLE_ASSIGNMENT((#3457));
#3459=STYLED_ITEM('',(#3458),#3451);
#3460=ADVANCED_FACE('',(#6046),#6048,.F.);
#3461=COLOUR_RGB($,0.792156862745098,0.8,0.807843137254902);
#3462=FILL_AREA_STYLE_COLOUR($,#3461);
#3463=FILL_AREA_STYLE($,(#3462));
#3464=SURFACE_STYLE_FILL_AREA(#3463);
#3465=SURFACE_SIDE_STYLE('',(#3464));
#3466=SURFACE_STYLE_USAGE(.BOTH.,#3465);
#3467=PRESENTATION_STYLE_ASSIGNMENT((#3466));
#3468=STYLED_ITEM('',(#3467),#3460);
#3469=ADVANCED_FACE('',(#6053),#6055,.T.);
#3470=COLOUR_RGB($,0.792156862745098,0.8,0.807843137254902);
#3471=FILL_AREA_STYLE_COLOUR($,#3470);
#3472=FILL_AREA_STYLE($,(#3471));
#3473=SURFACE_STYLE_FILL_AREA(#3472);
#3474=SURFACE_SIDE_STYLE('',(#3473));
#3475=SURFACE_STYLE_USAGE(.BOTH.,#3474);
#3476=PRESENTATION_STYLE_ASSIGNMENT((#3475));
#3477=STYLED_ITEM('',(#3476),#3469);
#3478=ADVANCED_FACE('',(#6060),#6062,.T.);
#3479=COLOUR_RGB($,0.792156862745098,0.8,0.807843137254902);
#3480=FILL_AREA_STYLE_COLOUR($,#3479);
#3481=FILL_AREA_STYLE($,(#3480));
#3482=SURFACE_STYLE_FILL_AREA(#3481);
#3483=SURFACE_SIDE_STYLE('',(#3482));
#3484=SURFACE_STYLE_USAGE(.BOTH.,#3483);
#3485=PRESENTATION_STYLE_ASSIGNMENT((#3484));
#3486=STYLED_ITEM('',(#3485),#3478);
#3487=ADVANCED_FACE('',(#6067),#6069,.T.);
#3488=COLOUR_RGB($,0.792156862745098,0.8,0.807843137254902);
#3489=FILL_AREA_STYLE_COLOUR($,#3488);
#3490=FILL_AREA_STYLE($,(#3489));
#3491=SURFACE_STYLE_FILL_AREA(#3490);
#3492=SURFACE_SIDE_STYLE('',(#3491));
#3493=SURFACE_STYLE_USAGE(.BOTH.,#3492);
#3494=PRESENTATION_STYLE_ASSIGNMENT((#3493));
#3495=STYLED_ITEM('',(#3494),#3487);
#3496=ADVANCED_FACE('',(#6074),#6076,.F.);
#3497=COLOUR_RGB($,0.792156862745098,0.8,0.807843137254902);
#3498=FILL_AREA_STYLE_COLOUR($,#3497);
#3499=FILL_AREA_STYLE($,(#3498));
#3500=SURFACE_STYLE_FILL_AREA(#3499);
#3501=SURFACE_SIDE_STYLE('',(#3500));
#3502=SURFACE_STYLE_USAGE(.BOTH.,#3501);
#3503=PRESENTATION_STYLE_ASSIGNMENT((#3502));
#3504=STYLED_ITEM('',(#3503),#3496);
#3505=ADVANCED_FACE('',(#6081),#6083,.T.);
#3506=COLOUR_RGB($,0.792156862745098,0.8,0.807843137254902);
#3507=FILL_AREA_STYLE_COLOUR($,#3506);
#3508=FILL_AREA_STYLE($,(#3507));
#3509=SURFACE_STYLE_FILL_AREA(#3508);
#3510=SURFACE_SIDE_STYLE('',(#3509));
#3511=SURFACE_STYLE_USAGE(.BOTH.,#3510);
#3512=PRESENTATION_STYLE_ASSIGNMENT((#3511));
#3513=STYLED_ITEM('',(#3512),#3505);
#3514=ADVANCED_FACE('',(#6088),#6090,.T.);
#3515=COLOUR_RGB($,0.792156862745098,0.8,0.807843137254902);
#3516=FILL_AREA_STYLE_COLOUR($,#3515);
#3517=FILL_AREA_STYLE($,(#3516));
#3518=SURFACE_STYLE_FILL_AREA(#3517);
#3519=SURFACE_SIDE_STYLE('',(#3518));
#3520=SURFACE_STYLE_USAGE(.BOTH.,#3519);
#3521=PRESENTATION_STYLE_ASSIGNMENT((#3520));
#3522=STYLED_ITEM('',(#3521),#3514);
#3523=ADVANCED_FACE('',(#6095),#6097,.T.);
#3524=COLOUR_RGB($,0.792156862745098,0.8,0.807843137254902);
#3525=FILL_AREA_STYLE_COLOUR($,#3524);
#3526=FILL_AREA_STYLE($,(#3525));
#3527=SURFACE_STYLE_FILL_AREA(#3526);
#3528=SURFACE_SIDE_STYLE('',(#3527));
#3529=SURFACE_STYLE_USAGE(.BOTH.,#3528);
#3530=PRESENTATION_STYLE_ASSIGNMENT((#3529));
#3531=STYLED_ITEM('',(#3530),#3523);
#3532=ADVANCED_FACE('',(#6102),#6104,.F.);
#3533=COLOUR_RGB($,0.792156862745098,0.8,0.807843137254902);
#3534=FILL_AREA_STYLE_COLOUR($,#3533);
#3535=FILL_AREA_STYLE($,(#3534));
#3536=SURFACE_STYLE_FILL_AREA(#3535);
#3537=SURFACE_SIDE_STYLE('',(#3536));
#3538=SURFACE_STYLE_USAGE(.BOTH.,#3537);
#3539=PRESENTATION_STYLE_ASSIGNMENT((#3538));
#3540=STYLED_ITEM('',(#3539),#3532);
#3541=ADVANCED_FACE('',(#6109),#6111,.T.);
#3542=COLOUR_RGB($,0.792156862745098,0.8,0.807843137254902);
#3543=FILL_AREA_STYLE_COLOUR($,#3542);
#3544=FILL_AREA_STYLE($,(#3543));
#3545=SURFACE_STYLE_FILL_AREA(#3544);
#3546=SURFACE_SIDE_STYLE('',(#3545));
#3547=SURFACE_STYLE_USAGE(.BOTH.,#3546);
#3548=PRESENTATION_STYLE_ASSIGNMENT((#3547));
#3549=STYLED_ITEM('',(#3548),#3541);
#3550=ADVANCED_FACE('',(#6116),#6118,.T.);
#3551=COLOUR_RGB($,0.792156862745098,0.8,0.807843137254902);
#3552=FILL_AREA_STYLE_COLOUR($,#3551);
#3553=FILL_AREA_STYLE($,(#3552));
#3554=SURFACE_STYLE_FILL_AREA(#3553);
#3555=SURFACE_SIDE_STYLE('',(#3554));
#3556=SURFACE_STYLE_USAGE(.BOTH.,#3555);
#3557=PRESENTATION_STYLE_ASSIGNMENT((#3556));
#3558=STYLED_ITEM('',(#3557),#3550);
#3559=ADVANCED_FACE('',(#6123),#6125,.T.);
#3560=COLOUR_RGB($,0.792156862745098,0.8,0.807843137254902);
#3561=FILL_AREA_STYLE_COLOUR($,#3560);
#3562=FILL_AREA_STYLE($,(#3561));
#3563=SURFACE_STYLE_FILL_AREA(#3562);
#3564=SURFACE_SIDE_STYLE('',(#3563));
#3565=SURFACE_STYLE_USAGE(.BOTH.,#3564);
#3566=PRESENTATION_STYLE_ASSIGNMENT((#3565));
#3567=STYLED_ITEM('',(#3566),#3559);
#3568=ADVANCED_FACE('',(#6130),#6132,.F.);
#3569=COLOUR_RGB($,0.792156862745098,0.8,0.807843137254902);
#3570=FILL_AREA_STYLE_COLOUR($,#3569);
#3571=FILL_AREA_STYLE($,(#3570));
#3572=SURFACE_STYLE_FILL_AREA(#3571);
#3573=SURFACE_SIDE_STYLE('',(#3572));
#3574=SURFACE_STYLE_USAGE(.BOTH.,#3573);
#3575=PRESENTATION_STYLE_ASSIGNMENT((#3574));
#3576=STYLED_ITEM('',(#3575),#3568);
#3577=ADVANCED_FACE('',(#6137),#6139,.T.);
#3578=COLOUR_RGB($,0.792156862745098,0.8,0.807843137254902);
#3579=FILL_AREA_STYLE_COLOUR($,#3578);
#3580=FILL_AREA_STYLE($,(#3579));
#3581=SURFACE_STYLE_FILL_AREA(#3580);
#3582=SURFACE_SIDE_STYLE('',(#3581));
#3583=SURFACE_STYLE_USAGE(.BOTH.,#3582);
#3584=PRESENTATION_STYLE_ASSIGNMENT((#3583));
#3585=STYLED_ITEM('',(#3584),#3577);
#3586=ADVANCED_FACE('',(#6144),#6146,.T.);
#3587=COLOUR_RGB($,0.792156862745098,0.8,0.807843137254902);
#3588=FILL_AREA_STYLE_COLOUR($,#3587);
#3589=FILL_AREA_STYLE($,(#3588));
#3590=SURFACE_STYLE_FILL_AREA(#3589);
#3591=SURFACE_SIDE_STYLE('',(#3590));
#3592=SURFACE_STYLE_USAGE(.BOTH.,#3591);
#3593=PRESENTATION_STYLE_ASSIGNMENT((#3592));
#3594=STYLED_ITEM('',(#3593),#3586);
#3595=ADVANCED_FACE('',(#6151),#6153,.T.);
#3596=COLOUR_RGB($,0.792156862745098,0.8,0.807843137254902);
#3597=FILL_AREA_STYLE_COLOUR($,#3596);
#3598=FILL_AREA_STYLE($,(#3597));
#3599=SURFACE_STYLE_FILL_AREA(#3598);
#3600=SURFACE_SIDE_STYLE('',(#3599));
#3601=SURFACE_STYLE_USAGE(.BOTH.,#3600);
#3602=PRESENTATION_STYLE_ASSIGNMENT((#3601));
#3603=STYLED_ITEM('',(#3602),#3595);
#3604=ADVANCED_FACE('',(#6158),#6160,.F.);
#3605=COLOUR_RGB($,0.792156862745098,0.8,0.807843137254902);
#3606=FILL_AREA_STYLE_COLOUR($,#3605);
#3607=FILL_AREA_STYLE($,(#3606));
#3608=SURFACE_STYLE_FILL_AREA(#3607);
#3609=SURFACE_SIDE_STYLE('',(#3608));
#3610=SURFACE_STYLE_USAGE(.BOTH.,#3609);
#3611=PRESENTATION_STYLE_ASSIGNMENT((#3610));
#3612=STYLED_ITEM('',(#3611),#3604);
#3613=ADVANCED_FACE('',(#6165),#6167,.T.);
#3614=COLOUR_RGB($,0.792156862745098,0.8,0.807843137254902);
#3615=FILL_AREA_STYLE_COLOUR($,#3614);
#3616=FILL_AREA_STYLE($,(#3615));
#3617=SURFACE_STYLE_FILL_AREA(#3616);
#3618=SURFACE_SIDE_STYLE('',(#3617));
#3619=SURFACE_STYLE_USAGE(.BOTH.,#3618);
#3620=PRESENTATION_STYLE_ASSIGNMENT((#3619));
#3621=STYLED_ITEM('',(#3620),#3613);
#3622=ADVANCED_FACE('',(#6172),#6174,.T.);
#3623=COLOUR_RGB($,0.792156862745098,0.8,0.807843137254902);
#3624=FILL_AREA_STYLE_COLOUR($,#3623);
#3625=FILL_AREA_STYLE($,(#3624));
#3626=SURFACE_STYLE_FILL_AREA(#3625);
#3627=SURFACE_SIDE_STYLE('',(#3626));
#3628=SURFACE_STYLE_USAGE(.BOTH.,#3627);
#3629=PRESENTATION_STYLE_ASSIGNMENT((#3628));
#3630=STYLED_ITEM('',(#3629),#3622);
#3631=ADVANCED_FACE('',(#6179),#6181,.T.);
#3632=COLOUR_RGB($,0.792156862745098,0.8,0.807843137254902);
#3633=FILL_AREA_STYLE_COLOUR($,#3632);
#3634=FILL_AREA_STYLE($,(#3633));
#3635=SURFACE_STYLE_FILL_AREA(#3634);
#3636=SURFACE_SIDE_STYLE('',(#3635));
#3637=SURFACE_STYLE_USAGE(.BOTH.,#3636);
#3638=PRESENTATION_STYLE_ASSIGNMENT((#3637));
#3639=STYLED_ITEM('',(#3638),#3631);
#3640=ADVANCED_FACE('',(#6186),#6188,.F.);
#3641=COLOUR_RGB($,0.792156862745098,0.8,0.807843137254902);
#3642=FILL_AREA_STYLE_COLOUR($,#3641);
#3643=FILL_AREA_STYLE($,(#3642));
#3644=SURFACE_STYLE_FILL_AREA(#3643);
#3645=SURFACE_SIDE_STYLE('',(#3644));
#3646=SURFACE_STYLE_USAGE(.BOTH.,#3645);
#3647=PRESENTATION_STYLE_ASSIGNMENT((#3646));
#3648=STYLED_ITEM('',(#3647),#3640);
#3649=ADVANCED_FACE('',(#6193),#6195,.T.);
#3650=COLOUR_RGB($,0.792156862745098,0.8,0.807843137254902);
#3651=FILL_AREA_STYLE_COLOUR($,#3650);
#3652=FILL_AREA_STYLE($,(#3651));
#3653=SURFACE_STYLE_FILL_AREA(#3652);
#3654=SURFACE_SIDE_STYLE('',(#3653));
#3655=SURFACE_STYLE_USAGE(.BOTH.,#3654);
#3656=PRESENTATION_STYLE_ASSIGNMENT((#3655));
#3657=STYLED_ITEM('',(#3656),#3649);
#3658=ADVANCED_FACE('',(#6200),#6202,.T.);
#3659=COLOUR_RGB($,0.792156862745098,0.8,0.807843137254902);
#3660=FILL_AREA_STYLE_COLOUR($,#3659);
#3661=FILL_AREA_STYLE($,(#3660));
#3662=SURFACE_STYLE_FILL_AREA(#3661);
#3663=SURFACE_SIDE_STYLE('',(#3662));
#3664=SURFACE_STYLE_USAGE(.BOTH.,#3663);
#3665=PRESENTATION_STYLE_ASSIGNMENT((#3664));
#3666=STYLED_ITEM('',(#3665),#3658);
#3667=ADVANCED_FACE('',(#6207),#6209,.T.);
#3668=COLOUR_RGB($,0.792156862745098,0.8,0.807843137254902);
#3669=FILL_AREA_STYLE_COLOUR($,#3668);
#3670=FILL_AREA_STYLE($,(#3669));
#3671=SURFACE_STYLE_FILL_AREA(#3670);
#3672=SURFACE_SIDE_STYLE('',(#3671));
#3673=SURFACE_STYLE_USAGE(.BOTH.,#3672);
#3674=PRESENTATION_STYLE_ASSIGNMENT((#3673));
#3675=STYLED_ITEM('',(#3674),#3667);
#3676=ADVANCED_FACE('',(#6214),#6216,.F.);
#3677=COLOUR_RGB($,0.792156862745098,0.8,0.807843137254902);
#3678=FILL_AREA_STYLE_COLOUR($,#3677);
#3679=FILL_AREA_STYLE($,(#3678));
#3680=SURFACE_STYLE_FILL_AREA(#3679);
#3681=SURFACE_SIDE_STYLE('',(#3680));
#3682=SURFACE_STYLE_USAGE(.BOTH.,#3681);
#3683=PRESENTATION_STYLE_ASSIGNMENT((#3682));
#3684=STYLED_ITEM('',(#3683),#3676);
#3685=ADVANCED_FACE('',(#6221),#6223,.F.);
#3686=COLOUR_RGB($,0.792156862745098,0.8,0.807843137254902);
#3687=FILL_AREA_STYLE_COLOUR($,#3686);
#3688=FILL_AREA_STYLE($,(#3687));
#3689=SURFACE_STYLE_FILL_AREA(#3688);
#3690=SURFACE_SIDE_STYLE('',(#3689));
#3691=SURFACE_STYLE_USAGE(.BOTH.,#3690);
#3692=PRESENTATION_STYLE_ASSIGNMENT((#3691));
#3693=STYLED_ITEM('',(#3692),#3685);
#3694=ADVANCED_FACE('',(#6228),#6230,.T.);
#3695=COLOUR_RGB($,0.729411764705882,0.768627450980392,0.784313725490196);
#3696=FILL_AREA_STYLE_COLOUR($,#3695);
#3697=FILL_AREA_STYLE($,(#3696));
#3698=SURFACE_STYLE_FILL_AREA(#3697);
#3699=SURFACE_SIDE_STYLE('',(#3698));
#3700=SURFACE_STYLE_USAGE(.BOTH.,#3699);
#3701=PRESENTATION_STYLE_ASSIGNMENT((#3700));
#3702=STYLED_ITEM('',(#3701),#3694);
#3703=ADVANCED_FACE('',(#6235),#6237,.T.);
#3704=COLOUR_RGB($,0.729411764705882,0.768627450980392,0.784313725490196);
#3705=FILL_AREA_STYLE_COLOUR($,#3704);
#3706=FILL_AREA_STYLE($,(#3705));
#3707=SURFACE_STYLE_FILL_AREA(#3706);
#3708=SURFACE_SIDE_STYLE('',(#3707));
#3709=SURFACE_STYLE_USAGE(.BOTH.,#3708);
#3710=PRESENTATION_STYLE_ASSIGNMENT((#3709));
#3711=STYLED_ITEM('',(#3710),#3703);
#3712=ADVANCED_FACE('',(#6242),#6244,.T.);
#3713=COLOUR_RGB($,0.729411764705882,0.768627450980392,0.784313725490196);
#3714=FILL_AREA_STYLE_COLOUR($,#3713);
#3715=FILL_AREA_STYLE($,(#3714));
#3716=SURFACE_STYLE_FILL_AREA(#3715);
#3717=SURFACE_SIDE_STYLE('',(#3716));
#3718=SURFACE_STYLE_USAGE(.BOTH.,#3717);
#3719=PRESENTATION_STYLE_ASSIGNMENT((#3718));
#3720=STYLED_ITEM('',(#3719),#3712);
#3721=ADVANCED_FACE('',(#6249),#6251,.T.);
#3722=COLOUR_RGB($,0.729411764705882,0.768627450980392,0.784313725490196);
#3723=FILL_AREA_STYLE_COLOUR($,#3722);
#3724=FILL_AREA_STYLE($,(#3723));
#3725=SURFACE_STYLE_FILL_AREA(#3724);
#3726=SURFACE_SIDE_STYLE('',(#3725));
#3727=SURFACE_STYLE_USAGE(.BOTH.,#3726);
#3728=PRESENTATION_STYLE_ASSIGNMENT((#3727));
#3729=STYLED_ITEM('',(#3728),#3721);
#3730=ADVANCED_FACE('',(#6256,#6258),#6260,.T.);
#3731=COLOUR_RGB($,0.729411764705882,0.768627450980392,0.784313725490196);
#3732=FILL_AREA_STYLE_COLOUR($,#3731);
#3733=FILL_AREA_STYLE($,(#3732));
#3734=SURFACE_STYLE_FILL_AREA(#3733);
#3735=SURFACE_SIDE_STYLE('',(#3734));
#3736=SURFACE_STYLE_USAGE(.BOTH.,#3735);
#3737=PRESENTATION_STYLE_ASSIGNMENT((#3736));
#3738=STYLED_ITEM('',(#3737),#3730);
#3739=ADVANCED_FACE('',(#6265),#6267,.T.);
#3740=COLOUR_RGB($,0.729411764705882,0.768627450980392,0.784313725490196);
#3741=FILL_AREA_STYLE_COLOUR($,#3740);
#3742=FILL_AREA_STYLE($,(#3741));
#3743=SURFACE_STYLE_FILL_AREA(#3742);
#3744=SURFACE_SIDE_STYLE('',(#3743));
#3745=SURFACE_STYLE_USAGE(.BOTH.,#3744);
#3746=PRESENTATION_STYLE_ASSIGNMENT((#3745));
#3747=STYLED_ITEM('',(#3746),#3739);
#3748=ADVANCED_FACE('',(#6272),#6274,.F.);
#3749=COLOUR_RGB($,0.729411764705882,0.768627450980392,0.784313725490196);
#3750=FILL_AREA_STYLE_COLOUR($,#3749);
#3751=FILL_AREA_STYLE($,(#3750));
#3752=SURFACE_STYLE_FILL_AREA(#3751);
#3753=SURFACE_SIDE_STYLE('',(#3752));
#3754=SURFACE_STYLE_USAGE(.BOTH.,#3753);
#3755=PRESENTATION_STYLE_ASSIGNMENT((#3754));
#3756=STYLED_ITEM('',(#3755),#3748);
#3757=ADVANCED_FACE('',(#6279),#6281,.F.);
#3758=COLOUR_RGB($,0.729411764705882,0.768627450980392,0.784313725490196);
#3759=FILL_AREA_STYLE_COLOUR($,#3758);
#3760=FILL_AREA_STYLE($,(#3759));
#3761=SURFACE_STYLE_FILL_AREA(#3760);
#3762=SURFACE_SIDE_STYLE('',(#3761));
#3763=SURFACE_STYLE_USAGE(.BOTH.,#3762);
#3764=PRESENTATION_STYLE_ASSIGNMENT((#3763));
#3765=STYLED_ITEM('',(#3764),#3757);
#3766=ADVANCED_FACE('',(#6286,#6288),#6290,.T.);
#3767=COLOUR_RGB($,0.729411764705882,0.768627450980392,0.784313725490196);
#3768=FILL_AREA_STYLE_COLOUR($,#3767);
#3769=FILL_AREA_STYLE($,(#3768));
#3770=SURFACE_STYLE_FILL_AREA(#3769);
#3771=SURFACE_SIDE_STYLE('',(#3770));
#3772=SURFACE_STYLE_USAGE(.BOTH.,#3771);
#3773=PRESENTATION_STYLE_ASSIGNMENT((#3772));
#3774=STYLED_ITEM('',(#3773),#3766);
#3775=ADVANCED_FACE('',(#6295,#6297),#6299,.T.);
#3776=COLOUR_RGB($,0.729411764705882,0.768627450980392,0.784313725490196);
#3777=FILL_AREA_STYLE_COLOUR($,#3776);
#3778=FILL_AREA_STYLE($,(#3777));
#3779=SURFACE_STYLE_FILL_AREA(#3778);
#3780=SURFACE_SIDE_STYLE('',(#3779));
#3781=SURFACE_STYLE_USAGE(.BOTH.,#3780);
#3782=PRESENTATION_STYLE_ASSIGNMENT((#3781));
#3783=STYLED_ITEM('',(#3782),#3775);
#3784=ADVANCED_FACE('',(#6304,#6306),#6308,.T.);
#3785=COLOUR_RGB($,0.729411764705882,0.768627450980392,0.784313725490196);
#3786=FILL_AREA_STYLE_COLOUR($,#3785);
#3787=FILL_AREA_STYLE($,(#3786));
#3788=SURFACE_STYLE_FILL_AREA(#3787);
#3789=SURFACE_SIDE_STYLE('',(#3788));
#3790=SURFACE_STYLE_USAGE(.BOTH.,#3789);
#3791=PRESENTATION_STYLE_ASSIGNMENT((#3790));
#3792=STYLED_ITEM('',(#3791),#3784);
#3793=ADVANCED_FACE('',(#6313,#6315),#6317,.T.);
#3794=COLOUR_RGB($,0.729411764705882,0.768627450980392,0.784313725490196);
#3795=FILL_AREA_STYLE_COLOUR($,#3794);
#3796=FILL_AREA_STYLE($,(#3795));
#3797=SURFACE_STYLE_FILL_AREA(#3796);
#3798=SURFACE_SIDE_STYLE('',(#3797));
#3799=SURFACE_STYLE_USAGE(.BOTH.,#3798);
#3800=PRESENTATION_STYLE_ASSIGNMENT((#3799));
#3801=STYLED_ITEM('',(#3800),#3793);
#3802=ADVANCED_FACE('',(#6322),#6324,.T.);
#3803=COLOUR_RGB($,0.729411764705882,0.768627450980392,0.784313725490196);
#3804=FILL_AREA_STYLE_COLOUR($,#3803);
#3805=FILL_AREA_STYLE($,(#3804));
#3806=SURFACE_STYLE_FILL_AREA(#3805);
#3807=SURFACE_SIDE_STYLE('',(#3806));
#3808=SURFACE_STYLE_USAGE(.BOTH.,#3807);
#3809=PRESENTATION_STYLE_ASSIGNMENT((#3808));
#3810=STYLED_ITEM('',(#3809),#3802);
#3811=FACE_BOUND('',#3812,.T.);
#3812=EDGE_LOOP('',(#6329,#6330,#6331,#6332,#6333,#6334,#6335,#6336,#6337,#6338,
#6339));
#3813=PLANE('',#3814);
#3814=AXIS2_PLACEMENT_3D('',#3815,#3816,#3817);
#3815=CARTESIAN_POINT('',(22.95,3.5,8.8));
#3816=DIRECTION('',(-1.,0.,0.));
#3817=DIRECTION('',(0.,-1.,0.));
#3818=FACE_BOUND('',#3819,.T.);
#3819=EDGE_LOOP('',(#6340,#6341,#6342,#6343,#6344,#6345,#6346,#6347,#6348,#6349,
#6350));
#3820=PLANE('',#3821);
#3821=AXIS2_PLACEMENT_3D('',#3822,#3823,#3824);
#3822=CARTESIAN_POINT('',(27.05,1.75712833921985,8.8));
#3823=DIRECTION('',(1.,0.,0.));
#3824=DIRECTION('',(0.,1.,0.));
#3825=FACE_BOUND('',#3826,.T.);
#3826=EDGE_LOOP('',(#6351,#6352,#6353,#6354,#6355,#6356,#6357,#6358,#6359,#6360,
#6361));
#3827=PLANE('',#3828);
#3828=AXIS2_PLACEMENT_3D('',#3829,#3830,#3831);
#3829=CARTESIAN_POINT('',(17.95,3.5,8.8));
#3830=DIRECTION('',(-1.,0.,0.));
#3831=DIRECTION('',(0.,-1.,0.));
#3832=FACE_BOUND('',#3833,.T.);
#3833=EDGE_LOOP('',(#6362,#6363,#6364,#6365,#6366,#6367,#6368,#6369,#6370,#6371,
#6372));
#3834=PLANE('',#3835);
#3835=AXIS2_PLACEMENT_3D('',#3836,#3837,#3838);
#3836=CARTESIAN_POINT('',(22.05,1.75712833921985,8.8));
#3837=DIRECTION('',(1.,0.,0.));
#3838=DIRECTION('',(0.,1.,0.));
#3839=FACE_BOUND('',#3840,.T.);
#3840=EDGE_LOOP('',(#6373,#6374,#6375,#6376,#6377,#6378,#6379,#6380,#6381,#6382,
#6383));
#3841=PLANE('',#3842);
#3842=AXIS2_PLACEMENT_3D('',#3843,#3844,#3845);
#3843=CARTESIAN_POINT('',(12.95,3.5,8.8));
#3844=DIRECTION('',(-1.,0.,0.));
#3845=DIRECTION('',(0.,-1.,0.));
#3846=FACE_BOUND('',#3847,.T.);
#3847=EDGE_LOOP('',(#6384,#6385,#6386,#6387,#6388,#6389,#6390,#6391,#6392,#6393,
#6394));
#3848=PLANE('',#3849);
#3849=AXIS2_PLACEMENT_3D('',#3850,#3851,#3852);
#3850=CARTESIAN_POINT('',(17.05,1.75712833921985,8.8));
#3851=DIRECTION('',(1.,0.,0.));
#3852=DIRECTION('',(0.,1.,0.));
#3853=FACE_BOUND('',#3854,.T.);
#3854=EDGE_LOOP('',(#6395,#6396,#6397,#6398,#6399,#6400,#6401,#6402,#6403,#6404,
#6405));
#3855=PLANE('',#3856);
#3856=AXIS2_PLACEMENT_3D('',#3857,#3858,#3859);
#3857=CARTESIAN_POINT('',(7.95,3.5,8.8));
#3858=DIRECTION('',(-1.,0.,0.));
#3859=DIRECTION('',(0.,-1.,0.));
#3860=FACE_BOUND('',#3861,.T.);
#3861=EDGE_LOOP('',(#6406,#6407,#6408,#6409,#6410,#6411,#6412,#6413,#6414,#6415,
#6416));
#3862=PLANE('',#3863);
#3863=AXIS2_PLACEMENT_3D('',#3864,#3865,#3866);
#3864=CARTESIAN_POINT('',(12.05,1.75712833921985,8.8));
#3865=DIRECTION('',(1.,0.,0.));
#3866=DIRECTION('',(0.,1.,0.));
#3867=FACE_BOUND('',#3868,.T.);
#3868=EDGE_LOOP('',(#6417,#6418,#6419,#6420));
#3869=PLANE('',#3870);
#3870=AXIS2_PLACEMENT_3D('',#3871,#3872,#3873);
#3871=CARTESIAN_POINT('',(7.95000000000216,4.,0.));
#3872=DIRECTION('',(0.,-1.,0.));
#3873=DIRECTION('',(1.,0.,0.));
#3874=FACE_BOUND('',#3875,.T.);
#3875=EDGE_LOOP('',(#6421,#6422,#6423,#6424));
#3876=PLANE('',#3877);
#3877=AXIS2_PLACEMENT_3D('',#3878,#3879,#3880);
#3878=CARTESIAN_POINT('',(12.9500000000022,4.,0.));
#3879=DIRECTION('',(0.,-1.,0.));
#3880=DIRECTION('',(1.,0.,0.));
#3881=FACE_BOUND('',#3882,.T.);
#3882=EDGE_LOOP('',(#6425,#6426,#6427,#6428));
#3883=PLANE('',#3884);
#3884=AXIS2_PLACEMENT_3D('',#3885,#3886,#3887);
#3885=CARTESIAN_POINT('',(17.9500000000022,4.,0.));
#3886=DIRECTION('',(0.,-1.,0.));
#3887=DIRECTION('',(1.,0.,0.));
#3888=FACE_BOUND('',#3889,.T.);
#3889=EDGE_LOOP('',(#6429,#6430,#6431,#6432));
#3890=PLANE('',#3891);
#3891=AXIS2_PLACEMENT_3D('',#3892,#3893,#3894);
#3892=CARTESIAN_POINT('',(22.9500000000022,4.,0.));
#3893=DIRECTION('',(0.,-1.,0.));
#3894=DIRECTION('',(1.,0.,0.));
#3895=FACE_BOUND('',#3896,.T.);
#3896=EDGE_LOOP('',(#6433,#6434,#6435,#6436));
#3897=PLANE('',#3898);
#3898=AXIS2_PLACEMENT_3D('',#3899,#3900,#3901);
#3899=CARTESIAN_POINT('',(12.05,3.5,8.8));
#3900=DIRECTION('',(0.,1.,-0.));
#3901=DIRECTION('',(-1.,0.,0.));
#3902=FACE_BOUND('',#3903,.T.);
#3903=EDGE_LOOP('',(#6437,#6438,#6439,#6440));
#3904=PLANE('',#3905);
#3905=AXIS2_PLACEMENT_3D('',#3906,#3907,#3908);
#3906=CARTESIAN_POINT('',(17.05,3.5,8.8));
#3907=DIRECTION('',(0.,1.,-0.));
#3908=DIRECTION('',(-1.,0.,0.));
#3909=FACE_BOUND('',#3910,.T.);
#3910=EDGE_LOOP('',(#6441,#6442,#6443,#6444));
#3911=PLANE('',#3912);
#3912=AXIS2_PLACEMENT_3D('',#3913,#3914,#3915);
#3913=CARTESIAN_POINT('',(22.05,3.5,8.8));
#3914=DIRECTION('',(0.,1.,-0.));
#3915=DIRECTION('',(-1.,0.,0.));
#3916=FACE_BOUND('',#3917,.T.);
#3917=EDGE_LOOP('',(#6445,#6446,#6447,#6448));
#3918=PLANE('',#3919);
#3919=AXIS2_PLACEMENT_3D('',#3920,#3921,#3922);
#3920=CARTESIAN_POINT('',(27.05,3.5,8.8));
#3921=DIRECTION('',(0.,1.,-0.));
#3922=DIRECTION('',(-1.,0.,0.));
#3923=FACE_BOUND('',#3924,.T.);
#3924=EDGE_LOOP('',(#6449,#6450,#6451,#6452,#6453,#6454,#6455,#6456,#6457,#6458,
#6459,#6460,#6461,#6462,#6463,#6464,#6465,#6466,#6467,#6468,#6469,#6470,#6471,#6472,
#6473,#6474,#6475,#6476,#6477,#6478,#6479,#6480,#6481,#6482,#6483,#6484,#6485,#6486,
#6487,#6488,#6489,#6490,#6491,#6492,#6493,#6494));
#3925=FACE_BOUND('',#3926,.T.);
#3926=EDGE_LOOP('',(#6495));
#3927=FACE_BOUND('',#3928,.T.);
#3928=EDGE_LOOP('',(#6496));
#3929=FACE_BOUND('',#3930,.T.);
#3930=EDGE_LOOP('',(#6497));
#3931=FACE_BOUND('',#3932,.T.);
#3932=EDGE_LOOP('',(#6498));
#3933=FACE_BOUND('',#3934,.T.);
#3934=EDGE_LOOP('',(#6499));
#3935=FACE_BOUND('',#3936,.T.);
#3936=EDGE_LOOP('',(#6500));
#3937=FACE_BOUND('',#3938,.T.);
#3938=EDGE_LOOP('',(#6501));
#3939=FACE_BOUND('',#3940,.T.);
#3940=EDGE_LOOP('',(#6502));
#3941=FACE_BOUND('',#3942,.T.);
#3942=EDGE_LOOP('',(#6503));
#3943=FACE_BOUND('',#3944,.T.);
#3944=EDGE_LOOP('',(#6504));
#3945=FACE_BOUND('',#3946,.T.);
#3946=EDGE_LOOP('',(#6505));
#3947=FACE_BOUND('',#3948,.T.);
#3948=EDGE_LOOP('',(#6506));
#3949=FACE_BOUND('',#3950,.T.);
#3950=EDGE_LOOP('',(#6507));
#3951=PLANE('',#3952);
#3952=AXIS2_PLACEMENT_3D('',#3953,#3954,#3955);
#3953=CARTESIAN_POINT('',(32.5,-2.28447650275517,13.5));
#3954=DIRECTION('',(0.,-0.,1.));
#3955=DIRECTION('',(0.,1.,0.));
#3956=FACE_BOUND('',#3957,.T.);
#3957=EDGE_LOOP('',(#6508,#6509,#6510,#6511));
#3958=PLANE('',#3959);
#3959=AXIS2_PLACEMENT_3D('',#3960,#3961,#3962);
#3960=CARTESIAN_POINT('',(20.,0.,13.));
#3961=DIRECTION('',(0.,-0.,1.));
#3962=DIRECTION('',(1.,0.,0.));
#3963=FACE_BOUND('',#3964,.T.);
#3964=EDGE_LOOP('',(#6512,#6513,#6514,#6515));
#3965=PLANE('',#3966);
#3966=AXIS2_PLACEMENT_3D('',#3967,#3968,#3969);
#3967=CARTESIAN_POINT('',(15.,0.,13.));
#3968=DIRECTION('',(0.,-0.,1.));
#3969=DIRECTION('',(1.,0.,0.));
#3970=FACE_BOUND('',#3971,.T.);
#3971=EDGE_LOOP('',(#6516,#6517,#6518,#6519));
#3972=PLANE('',#3973);
#3973=AXIS2_PLACEMENT_3D('',#3974,#3975,#3976);
#3974=CARTESIAN_POINT('',(10.,0.,13.));
#3975=DIRECTION('',(0.,-0.,1.));
#3976=DIRECTION('',(1.,0.,0.));
#3977=FACE_BOUND('',#3978,.T.);
#3978=EDGE_LOOP('',(#6520,#6521,#6522,#6523));
#3979=PLANE('',#3980);
#3980=AXIS2_PLACEMENT_3D('',#3981,#3982,#3983);
#3981=CARTESIAN_POINT('',(5.,0.,13.));
#3982=DIRECTION('',(0.,-0.,1.));
#3983=DIRECTION('',(1.,0.,0.));
#3984=FACE_BOUND('',#3985,.T.);
#3985=EDGE_LOOP('',(#6524,#6525,#6526,#6527));
#3986=CYLINDRICAL_SURFACE('',#3987,2.7);
#3987=AXIS2_PLACEMENT_3D('',#3988,#3989,#3990);
#3988=CARTESIAN_POINT('',(25.,0.,8.8));
#3989=DIRECTION('',(-0.,-0.,-1.));
#3990=DIRECTION('',(-0.759259259218097,0.650788273781564,0.));
#3991=FACE_BOUND('',#3992,.T.);
#3992=EDGE_LOOP('',(#6528,#6529,#6530,#6531));
#3993=PLANE('',#3994);
#3994=AXIS2_PLACEMENT_3D('',#3995,#3996,#3997);
#3995=CARTESIAN_POINT('',(20.,0.,8.8));
#3996=DIRECTION('',(0.,-0.,1.));
#3997=DIRECTION('',(1.,0.,0.));
#3998=FACE_BOUND('',#3999,.T.);
#3999=EDGE_LOOP('',(#6532,#6533,#6534,#6535,#6536,#6537,#6538,#6539));
#4000=PLANE('',#4001);
#4001=AXIS2_PLACEMENT_3D('',#4002,#4003,#4004);
#4002=CARTESIAN_POINT('',(22.95,-4.5,0.4));
#4003=DIRECTION('',(0.,0.,1.));
#4004=DIRECTION('',(1.,0.,0.));
#4005=FACE_BOUND('',#4006,.T.);
#4006=EDGE_LOOP('',(#6540,#6541,#6542,#6543,#6544,#6545,#6546,#6547,#6548,#6549,
#6550,#6551,#6552,#6553,#6554,#6555,#6556,#6557,#6558,#6559,#6560,#6561,#6562,#6563,
#6564,#6565,#6566,#6567,#6568,#6569,#6570,#6571,#6572,#6573,#6574,#6575,#6576,#6577,
#6578,#6579,#6580,#6581,#6582,#6583,#6584,#6585,#6586,#6587,#6588,#6589,#6590,#6591,
#6592,#6593,#6594,#6595,#6596,#6597,#6598,#6599,#6600,#6601,#6602,#6603,#6604,#6605,
#6606,#6607,#6608,#6609,#6610,#6611,#6612,#6613,#6614,#6615,#6616,#6617,#6618,#6619,
#6620,#6621,#6622,#6623,#6624,#6625,#6626,#6627));
#4007=PLANE('',#4008);
#4008=AXIS2_PLACEMENT_3D('',#4009,#4010,#4011);
#4009=CARTESIAN_POINT('',(32.5,-4.5,4.81482486096809E-035));
#4010=DIRECTION('',(0.,-1.,0.));
#4011=DIRECTION('',(0.,0.,1.));
#4012=FACE_BOUND('',#4013,.T.);
#4013=EDGE_LOOP('',(#6628,#6629,#6630,#6631));
#4014=PLANE('',#4015);
#4015=AXIS2_PLACEMENT_3D('',#4016,#4017,#4018);
#4016=CARTESIAN_POINT('',(32.5,4.5,0.));
#4017=DIRECTION('',(-0.,-5.34980540107565E-036,-1.));
#4018=DIRECTION('',(0.,-1.,5.34980540107565E-036));
#4019=FACE_BOUND('',#4020,.T.);
#4020=EDGE_LOOP('',(#6632,#6633,#6634,#6635));
#4021=PLANE('',#4022);
#4022=AXIS2_PLACEMENT_3D('',#4023,#4024,#4025);
#4023=CARTESIAN_POINT('',(32.5,4.5,13.25));
#4024=DIRECTION('',(0.,1.,0.));
#4025=DIRECTION('',(0.,0.,-1.));
#4026=FACE_BOUND('',#4027,.T.);
#4027=EDGE_LOOP('',(#6636,#6637,#6638,#6639));
#4028=CYLINDRICAL_SURFACE('',#4029,0.25);
#4029=AXIS2_PLACEMENT_3D('',#4030,#4031,#4032);
#4030=CARTESIAN_POINT('',(32.5,4.25,13.25));
#4031=DIRECTION('',(-1.,0.,0.));
#4032=DIRECTION('',(0.,-0.,1.));
#4033=FACE_BOUND('',#4034,.T.);
#4034=EDGE_LOOP('',(#6640,#6641,#6642,#6643));
#4035=CYLINDRICAL_SURFACE('',#4036,0.25);
#4036=AXIS2_PLACEMENT_3D('',#4037,#4038,#4039);
#4037=CARTESIAN_POINT('',(32.5,4.25,13.25));
#4038=DIRECTION('',(-1.,0.,0.));
#4039=DIRECTION('',(0.,-0.,1.));
#4040=FACE_BOUND('',#4041,.T.);
#4041=EDGE_LOOP('',(#6644,#6645,#6646,#6647));
#4042=PLANE('',#4043);
#4043=AXIS2_PLACEMENT_3D('',#4044,#4045,#4046);
#4044=CARTESIAN_POINT('',(32.5,4.5,13.25));
#4045=DIRECTION('',(0.,1.,0.));
#4046=DIRECTION('',(0.,0.,-1.));
#4047=FACE_BOUND('',#4048,.T.);
#4048=EDGE_LOOP('',(#6648,#6649,#6650,#6651));
#4049=PLANE('',#4050);
#4050=AXIS2_PLACEMENT_3D('',#4051,#4052,#4053);
#4051=CARTESIAN_POINT('',(32.5,4.5,0.));
#4052=DIRECTION('',(-0.,-5.34980540107565E-036,-1.));
#4053=DIRECTION('',(0.,-1.,5.34980540107565E-036));
#4054=FACE_BOUND('',#4055,.T.);
#4055=EDGE_LOOP('',(#6652,#6653,#6654,#6655));
#4056=CYLINDRICAL_SURFACE('',#4057,2.7);
#4057=AXIS2_PLACEMENT_3D('',#4058,#4059,#4060);
#4058=CARTESIAN_POINT('',(20.,0.,8.8));
#4059=DIRECTION('',(-0.,-0.,-1.));
#4060=DIRECTION('',(-0.759259259218097,0.650788273781564,0.));
#4061=FACE_BOUND('',#4062,.T.);
#4062=EDGE_LOOP('',(#6656,#6657,#6658,#6659));
#4063=PLANE('',#4064);
#4064=AXIS2_PLACEMENT_3D('',#4065,#4066,#4067);
#4065=CARTESIAN_POINT('',(15.,0.,8.8));
#4066=DIRECTION('',(0.,-0.,1.));
#4067=DIRECTION('',(1.,0.,0.));
#4068=FACE_BOUND('',#4069,.T.);
#4069=EDGE_LOOP('',(#6660,#6661,#6662,#6663,#6664,#6665,#6666,#6667));
#4070=PLANE('',#4071);
#4071=AXIS2_PLACEMENT_3D('',#4072,#4073,#4074);
#4072=CARTESIAN_POINT('',(17.95,-4.5,0.4));
#4073=DIRECTION('',(0.,0.,1.));
#4074=DIRECTION('',(1.,0.,0.));
#4075=FACE_BOUND('',#4076,.T.);
#4076=EDGE_LOOP('',(#6668,#6669,#6670,#6671));
#4077=PLANE('',#4078);
#4078=AXIS2_PLACEMENT_3D('',#4079,#4080,#4081);
#4079=CARTESIAN_POINT('',(32.5,4.5,0.));
#4080=DIRECTION('',(-0.,-5.34980540107565E-036,-1.));
#4081=DIRECTION('',(0.,-1.,5.34980540107565E-036));
#4082=FACE_BOUND('',#4083,.T.);
#4083=EDGE_LOOP('',(#6672,#6673,#6674,#6675));
#4084=PLANE('',#4085);
#4085=AXIS2_PLACEMENT_3D('',#4086,#4087,#4088);
#4086=CARTESIAN_POINT('',(32.5,4.5,13.25));
#4087=DIRECTION('',(0.,1.,0.));
#4088=DIRECTION('',(0.,0.,-1.));
#4089=FACE_BOUND('',#4090,.T.);
#4090=EDGE_LOOP('',(#6676,#6677,#6678,#6679));
#4091=CYLINDRICAL_SURFACE('',#4092,0.25);
#4092=AXIS2_PLACEMENT_3D('',#4093,#4094,#4095);
#4093=CARTESIAN_POINT('',(32.5,4.25,13.25));
#4094=DIRECTION('',(-1.,0.,0.));
#4095=DIRECTION('',(0.,-0.,1.));
#4096=FACE_BOUND('',#4097,.T.);
#4097=EDGE_LOOP('',(#6680,#6681,#6682,#6683));
#4098=CYLINDRICAL_SURFACE('',#4099,2.7);
#4099=AXIS2_PLACEMENT_3D('',#4100,#4101,#4102);
#4100=CARTESIAN_POINT('',(15.,0.,8.8));
#4101=DIRECTION('',(-0.,-0.,-1.));
#4102=DIRECTION('',(-0.759259259218097,0.650788273781564,0.));
#4103=FACE_BOUND('',#4104,.T.);
#4104=EDGE_LOOP('',(#6684,#6685,#6686,#6687));
#4105=PLANE('',#4106);
#4106=AXIS2_PLACEMENT_3D('',#4107,#4108,#4109);
#4107=CARTESIAN_POINT('',(10.,0.,8.8));
#4108=DIRECTION('',(0.,-0.,1.));
#4109=DIRECTION('',(1.,0.,0.));
#4110=FACE_BOUND('',#4111,.T.);
#4111=EDGE_LOOP('',(#6688,#6689,#6690,#6691,#6692,#6693,#6694,#6695));
#4112=PLANE('',#4113);
#4113=AXIS2_PLACEMENT_3D('',#4114,#4115,#4116);
#4114=CARTESIAN_POINT('',(12.95,-4.5,0.4));
#4115=DIRECTION('',(0.,0.,1.));
#4116=DIRECTION('',(1.,0.,0.));
#4117=FACE_BOUND('',#4118,.T.);
#4118=EDGE_LOOP('',(#6696,#6697,#6698,#6699));
#4119=PLANE('',#4120);
#4120=AXIS2_PLACEMENT_3D('',#4121,#4122,#4123);
#4121=CARTESIAN_POINT('',(32.5,4.5,0.));
#4122=DIRECTION('',(-0.,-5.34980540107565E-036,-1.));
#4123=DIRECTION('',(0.,-1.,5.34980540107565E-036));
#4124=FACE_BOUND('',#4125,.T.);
#4125=EDGE_LOOP('',(#6700,#6701,#6702,#6703));
#4126=PLANE('',#4127);
#4127=AXIS2_PLACEMENT_3D('',#4128,#4129,#4130);
#4128=CARTESIAN_POINT('',(32.5,4.5,13.25));
#4129=DIRECTION('',(0.,1.,0.));
#4130=DIRECTION('',(0.,0.,-1.));
#4131=FACE_BOUND('',#4132,.T.);
#4132=EDGE_LOOP('',(#6704,#6705,#6706,#6707));
#4133=CYLINDRICAL_SURFACE('',#4134,0.25);
#4134=AXIS2_PLACEMENT_3D('',#4135,#4136,#4137);
#4135=CARTESIAN_POINT('',(32.5,4.25,13.25));
#4136=DIRECTION('',(-1.,0.,0.));
#4137=DIRECTION('',(0.,-0.,1.));
#4138=FACE_BOUND('',#4139,.T.);
#4139=EDGE_LOOP('',(#6708,#6709,#6710,#6711));
#4140=CYLINDRICAL_SURFACE('',#4141,2.7);
#4141=AXIS2_PLACEMENT_3D('',#4142,#4143,#4144);
#4142=CARTESIAN_POINT('',(10.,0.,8.8));
#4143=DIRECTION('',(-0.,-0.,-1.));
#4144=DIRECTION('',(-0.759259259218097,0.650788273781564,0.));
#4145=FACE_BOUND('',#4146,.T.);
#4146=EDGE_LOOP('',(#6712,#6713,#6714,#6715));
#4147=PLANE('',#4148);
#4148=AXIS2_PLACEMENT_3D('',#4149,#4150,#4151);
#4149=CARTESIAN_POINT('',(5.,0.,8.8));
#4150=DIRECTION('',(0.,-0.,1.));
#4151=DIRECTION('',(1.,0.,0.));
#4152=FACE_BOUND('',#4153,.T.);
#4153=EDGE_LOOP('',(#6716,#6717,#6718,#6719,#6720,#6721,#6722,#6723));
#4154=PLANE('',#4155);
#4155=AXIS2_PLACEMENT_3D('',#4156,#4157,#4158);
#4156=CARTESIAN_POINT('',(7.95,-4.5,0.4));
#4157=DIRECTION('',(0.,0.,1.));
#4158=DIRECTION('',(1.,0.,0.));
#4159=FACE_BOUND('',#4160,.T.);
#4160=EDGE_LOOP('',(#6724,#6725,#6726,#6727));
#4161=PLANE('',#4162);
#4162=AXIS2_PLACEMENT_3D('',#4163,#4164,#4165);
#4163=CARTESIAN_POINT('',(32.5,4.5,0.));
#4164=DIRECTION('',(-0.,-5.34980540107565E-036,-1.));
#4165=DIRECTION('',(0.,-1.,5.34980540107565E-036));
#4166=FACE_BOUND('',#4167,.T.);
#4167=EDGE_LOOP('',(#6728,#6729,#6730,#6731));
#4168=PLANE('',#4169);
#4169=AXIS2_PLACEMENT_3D('',#4170,#4171,#4172);
#4170=CARTESIAN_POINT('',(32.5,4.5,13.25));
#4171=DIRECTION('',(0.,1.,0.));
#4172=DIRECTION('',(0.,0.,-1.));
#4173=FACE_BOUND('',#4174,.T.);
#4174=EDGE_LOOP('',(#6732,#6733,#6734,#6735));
#4175=CYLINDRICAL_SURFACE('',#4176,0.25);
#4176=AXIS2_PLACEMENT_3D('',#4177,#4178,#4179);
#4177=CARTESIAN_POINT('',(32.5,4.25,13.25));
#4178=DIRECTION('',(-1.,0.,0.));
#4179=DIRECTION('',(0.,-0.,1.));
#4180=FACE_BOUND('',#4181,.T.);
#4181=EDGE_LOOP('',(#6736,#6737,#6738,#6739,#6740,#6741,#6742,#6743,#6744,#6745,
#6746));
#4182=PLANE('',#4183);
#4183=AXIS2_PLACEMENT_3D('',#4184,#4185,#4186);
#4184=CARTESIAN_POINT('',(7.05,-4.5,0.4));
#4185=DIRECTION('',(1.,-0.,0.));
#4186=DIRECTION('',(0.,0.,-1.));
#4187=FACE_BOUND('',#4188,.T.);
#4188=EDGE_LOOP('',(#6747,#6748,#6749,#6750));
#4189=CYLINDRICAL_SURFACE('',#4190,2.7);
#4190=AXIS2_PLACEMENT_3D('',#4191,#4192,#4193);
#4191=CARTESIAN_POINT('',(5.,0.,8.8));
#4192=DIRECTION('',(-0.,-0.,-1.));
#4193=DIRECTION('',(-0.759259259218097,0.650788273781564,0.));
#4194=FACE_BOUND('',#4195,.T.);
#4195=EDGE_LOOP('',(#6751,#6752,#6753,#6754,#6755,#6756,#6757,#6758,#6759,#6760,
#6761));
#4196=PLANE('',#4197);
#4197=AXIS2_PLACEMENT_3D('',#4198,#4199,#4200);
#4198=CARTESIAN_POINT('',(2.95,-4.5,0.));
#4199=DIRECTION('',(-1.,0.,0.));
#4200=DIRECTION('',(0.,0.,1.));
#4201=FACE_BOUND('',#4202,.T.);
#4202=EDGE_LOOP('',(#6762,#6763,#6764,#6765));
#4203=CYLINDRICAL_SURFACE('',#4204,0.25);
#4204=AXIS2_PLACEMENT_3D('',#4205,#4206,#4207);
#4205=CARTESIAN_POINT('',(32.5,4.25,13.25));
#4206=DIRECTION('',(-1.,0.,0.));
#4207=DIRECTION('',(0.,-0.,1.));
#4208=FACE_BOUND('',#4209,.T.);
#4209=EDGE_LOOP('',(#6766,#6767,#6768,#6769,#6770,#6771,#6772,#6773,#6774,#6775,
#6776));
#4210=PLANE('',#4211);
#4211=AXIS2_PLACEMENT_3D('',#4212,#4213,#4214);
#4212=CARTESIAN_POINT('',(2.05,-4.5,0.4));
#4213=DIRECTION('',(1.,-0.,0.));
#4214=DIRECTION('',(0.,0.,-1.));
#4215=FACE_BOUND('',#4216,.T.);
#4216=EDGE_LOOP('',(#6777,#6778,#6779,#6780));
#4217=CYLINDRICAL_SURFACE('',#4218,2.7);
#4218=AXIS2_PLACEMENT_3D('',#4219,#4220,#4221);
#4219=CARTESIAN_POINT('',(0.,0.,8.8));
#4220=DIRECTION('',(-0.,-0.,-1.));
#4221=DIRECTION('',(-0.407407407381529,0.913246518969911,0.));
#4222=FACE_BOUND('',#4223,.T.);
#4223=EDGE_LOOP('',(#6781,#6782,#6783,#6784,#6785));
#4224=PLANE('',#4225);
#4225=AXIS2_PLACEMENT_3D('',#4226,#4227,#4228);
#4226=CARTESIAN_POINT('',(-1.1,3.5,8.8));
#4227=DIRECTION('',(-1.,0.,0.));
#4228=DIRECTION('',(0.,-1.,0.));
#4229=FACE_BOUND('',#4230,.T.);
#4230=EDGE_LOOP('',(#6786,#6787,#6788,#6789));
#4231=PLANE('',#4232);
#4232=AXIS2_PLACEMENT_3D('',#4233,#4234,#4235);
#4233=CARTESIAN_POINT('',(-1.6,4.,13.));
#4234=DIRECTION('',(-0.707106781186546,-0.707106781186549,0.));
#4235=DIRECTION('',(0.707106781186549,-0.707106781186546,0.));
#4236=FACE_BOUND('',#4237,.T.);
#4237=EDGE_LOOP('',(#6790,#6791,#6792,#6793,#6794,#6795,#6796,#6797));
#4238=PLANE('',#4239);
#4239=AXIS2_PLACEMENT_3D('',#4240,#4241,#4242);
#4240=CARTESIAN_POINT('',(-1.6,-4.5,0.));
#4241=DIRECTION('',(-1.,0.,0.));
#4242=DIRECTION('',(0.,0.,1.));
#4243=FACE_BOUND('',#4244,.T.);
#4244=EDGE_LOOP('',(#6798,#6799,#6800,#6801));
#4245=CYLINDRICAL_SURFACE('',#4246,0.25);
#4246=AXIS2_PLACEMENT_3D('',#4247,#4248,#4249);
#4247=CARTESIAN_POINT('',(32.5,4.25,13.25));
#4248=DIRECTION('',(-1.,0.,0.));
#4249=DIRECTION('',(0.,-0.,1.));
#4250=FACE_BOUND('',#4251,.T.);
#4251=EDGE_LOOP('',(#6802,#6803,#6804,#6805,#6806,#6807,#6808,#6809,#6810,#6811,
#6812,#6813,#6814,#6815,#6816,#6817,#6818));
#4252=PLANE('',#4253);
#4253=AXIS2_PLACEMENT_3D('',#4254,#4255,#4256);
#4254=CARTESIAN_POINT('',(-2.5,0.,0.));
#4255=DIRECTION('',(-1.,0.,0.));
#4256=DIRECTION('',(0.,0.,-1.));
#4257=FACE_BOUND('',#4258,.T.);
#4258=EDGE_LOOP('',(#6819,#6820,#6821,#6822));
#4259=PLANE('',#4260);
#4260=AXIS2_PLACEMENT_3D('',#4261,#4262,#4263);
#4261=CARTESIAN_POINT('',(-1.7,3.4,8.8));
#4262=DIRECTION('',(-0.351123441588391,0.936329177569045,0.));
#4263=DIRECTION('',(-0.936329177569045,-0.351123441588391,0.));
#4264=FACE_BOUND('',#4265,.T.);
#4265=EDGE_LOOP('',(#6823,#6824,#6825,#6826));
#4266=PLANE('',#4267);
#4267=AXIS2_PLACEMENT_3D('',#4268,#4269,#4270);
#4268=CARTESIAN_POINT('',(-1.7,2.,8.8));
#4269=DIRECTION('',(1.,0.,0.));
#4270=DIRECTION('',(0.,1.,0.));
#4271=FACE_BOUND('',#4272,.T.);
#4272=EDGE_LOOP('',(#6827,#6828,#6829,#6830));
#4273=PLANE('',#4274);
#4274=AXIS2_PLACEMENT_3D('',#4275,#4276,#4277);
#4275=CARTESIAN_POINT('',(-2.5,2.3,8.8));
#4276=DIRECTION('',(-0.351123441588391,-0.936329177569045,0.));
#4277=DIRECTION('',(0.936329177569045,-0.351123441588391,0.));
#4278=FACE_BOUND('',#4279,.T.);
#4279=EDGE_LOOP('',(#6831,#6832,#6833,#6834));
#4280=CYLINDRICAL_SURFACE('',#4281,0.5);
#4281=AXIS2_PLACEMENT_3D('',#4282,#4283,#4284);
#4282=CARTESIAN_POINT('',(-2.5,-1.5,8.8));
#4283=DIRECTION('',(0.,0.,1.));
#4284=DIRECTION('',(1.,0.,0.));
#4285=FACE_BOUND('',#4286,.T.);
#4286=EDGE_LOOP('',(#6835,#6836,#6837,#6838));
#4287=CYLINDRICAL_SURFACE('',#4288,0.25);
#4288=AXIS2_PLACEMENT_3D('',#4289,#4290,#4291);
#4289=CARTESIAN_POINT('',(32.5,-2.28447650275517,13.25));
#4290=DIRECTION('',(-1.,0.,0.));
#4291=DIRECTION('',(0.,-0.989090177883092,0.147311303080222));
#4292=FACE_BOUND('',#4293,.T.);
#4293=EDGE_LOOP('',(#6839,#6840,#6841,#6842,#6843,#6844,#6845,#6846,#6847,#6848,
#6849,#6850,#6851,#6852,#6853,#6854,#6855));
#4294=PLANE('',#4295);
#4295=AXIS2_PLACEMENT_3D('',#4296,#4297,#4298);
#4296=CARTESIAN_POINT('',(32.5,0.,0.));
#4297=DIRECTION('',(-1.,0.,0.));
#4298=DIRECTION('',(0.,0.,-1.));
#4299=FACE_BOUND('',#4300,.T.);
#4300=EDGE_LOOP('',(#6856,#6857,#6858,#6859));
#4301=CYLINDRICAL_SURFACE('',#4302,0.5);
#4302=AXIS2_PLACEMENT_3D('',#4303,#4304,#4305);
#4303=CARTESIAN_POINT('',(32.5,-1.5,8.8));
#4304=DIRECTION('',(0.,0.,1.));
#4305=DIRECTION('',(1.,0.,0.));
#4306=FACE_BOUND('',#4307,.T.);
#4307=EDGE_LOOP('',(#6860,#6861,#6862,#6863));
#4308=PLANE('',#4309);
#4309=AXIS2_PLACEMENT_3D('',#4310,#4311,#4312);
#4310=CARTESIAN_POINT('',(32.5,2.3,8.8));
#4311=DIRECTION('',(-0.351123441588393,-0.936329177569044,0.));
#4312=DIRECTION('',(0.936329177569044,-0.351123441588393,0.));
#4313=FACE_BOUND('',#4314,.T.);
#4314=EDGE_LOOP('',(#6864,#6865,#6866,#6867));
#4315=PLANE('',#4316);
#4316=AXIS2_PLACEMENT_3D('',#4317,#4318,#4319);
#4317=CARTESIAN_POINT('',(33.3,2.,8.8));
#4318=DIRECTION('',(1.,0.,0.));
#4319=DIRECTION('',(0.,1.,0.));
#4320=FACE_BOUND('',#4321,.T.);
#4321=EDGE_LOOP('',(#6868,#6869,#6870,#6871));
#4322=PLANE('',#4323);
#4323=AXIS2_PLACEMENT_3D('',#4324,#4325,#4326);
#4324=CARTESIAN_POINT('',(33.3,3.4,8.8));
#4325=DIRECTION('',(-0.351123441588393,0.936329177569044,0.));
#4326=DIRECTION('',(-0.936329177569044,-0.351123441588393,0.));
#4327=FACE_BOUND('',#4328,.T.);
#4328=EDGE_LOOP('',(#6872,#6873,#6874,#6875));
#4329=CYLINDRICAL_SURFACE('',#4330,0.25);
#4330=AXIS2_PLACEMENT_3D('',#4331,#4332,#4333);
#4331=CARTESIAN_POINT('',(32.5,4.25,13.25));
#4332=DIRECTION('',(-1.,0.,0.));
#4333=DIRECTION('',(0.,-0.,1.));
#4334=FACE_BOUND('',#4335,.T.);
#4335=EDGE_LOOP('',(#6876,#6877,#6878,#6879,#6880,#6881,#6882,#6883,#6884,#6885,
#6886));
#4336=PLANE('',#4337);
#4337=AXIS2_PLACEMENT_3D('',#4338,#4339,#4340);
#4338=CARTESIAN_POINT('',(31.6,-4.5,0.4));
#4339=DIRECTION('',(1.,-0.,0.));
#4340=DIRECTION('',(0.,0.,-1.));
#4341=FACE_BOUND('',#4342,.T.);
#4342=EDGE_LOOP('',(#6887,#6888,#6889,#6890));
#4343=CYLINDRICAL_SURFACE('',#4344,2.7);
#4344=AXIS2_PLACEMENT_3D('',#4345,#4346,#4347);
#4345=CARTESIAN_POINT('',(30.,0.,8.8));
#4346=DIRECTION('',(-0.,-0.,-1.));
#4347=DIRECTION('',(-0.75925925925926,0.65078827373354,0.));
#4348=FACE_BOUND('',#4349,.T.);
#4349=EDGE_LOOP('',(#6891,#6892,#6893,#6894,#6895,#6896,#6897,#6898,#6899,#6900,
#6901));
#4350=PLANE('',#4351);
#4351=AXIS2_PLACEMENT_3D('',#4352,#4353,#4354);
#4352=CARTESIAN_POINT('',(27.95,-4.5,0.));
#4353=DIRECTION('',(-1.,0.,0.));
#4354=DIRECTION('',(0.,0.,1.));
#4355=FACE_OUTER_BOUND('',#4356,.T.);
#4356=EDGE_LOOP('',(#6902));
#4357=FACE_OUTER_BOUND('',#4358,.T.);
#4358=EDGE_LOOP('',(#6903));
#4359=TOROIDAL_SURFACE('',#4360,2.,0.15);
#4360=AXIS2_PLACEMENT_3D('',#4361,#4362,#4363);
#4361=CARTESIAN_POINT('',(5.,-5.10136967492292E-030,13.35));
#4362=DIRECTION('',(-0.,1.21461182736277E-031,1.));
#4363=DIRECTION('',(0.,1.,-1.21461182736277E-031));
#4364=FACE_OUTER_BOUND('',#4365,.T.);
#4365=EDGE_LOOP('',(#6904));
#4366=FACE_OUTER_BOUND('',#4367,.T.);
#4367=EDGE_LOOP('',(#6905));
#4368=TOROIDAL_SURFACE('',#4369,2.,0.15);
#4369=AXIS2_PLACEMENT_3D('',#4370,#4371,#4372);
#4370=CARTESIAN_POINT('',(10.,-5.10136967492292E-030,13.35));
#4371=DIRECTION('',(-0.,1.21461182736277E-031,1.));
#4372=DIRECTION('',(0.,1.,-1.21461182736277E-031));
#4373=FACE_OUTER_BOUND('',#4374,.T.);
#4374=EDGE_LOOP('',(#6906));
#4375=FACE_OUTER_BOUND('',#4376,.T.);
#4376=EDGE_LOOP('',(#6907));
#4377=TOROIDAL_SURFACE('',#4378,2.,0.15);
#4378=AXIS2_PLACEMENT_3D('',#4379,#4380,#4381);
#4379=CARTESIAN_POINT('',(15.,-5.10136967492292E-030,13.35));
#4380=DIRECTION('',(-0.,1.21461182736277E-031,1.));
#4381=DIRECTION('',(0.,1.,-1.21461182736277E-031));
#4382=FACE_OUTER_BOUND('',#4383,.T.);
#4383=EDGE_LOOP('',(#6908));
#4384=FACE_OUTER_BOUND('',#4385,.T.);
#4385=EDGE_LOOP('',(#6909));
#4386=TOROIDAL_SURFACE('',#4387,2.,0.15);
#4387=AXIS2_PLACEMENT_3D('',#4388,#4389,#4390);
#4388=CARTESIAN_POINT('',(20.,-5.10136967492292E-030,13.35));
#4389=DIRECTION('',(-0.,1.21461182736277E-031,1.));
#4390=DIRECTION('',(0.,1.,-1.21461182736277E-031));
#4391=FACE_OUTER_BOUND('',#4392,.T.);
#4392=EDGE_LOOP('',(#6910));
#4393=FACE_OUTER_BOUND('',#4394,.T.);
#4394=EDGE_LOOP('',(#6911));
#4395=TOROIDAL_SURFACE('',#4396,2.,0.15);
#4396=AXIS2_PLACEMENT_3D('',#4397,#4398,#4399);
#4397=CARTESIAN_POINT('',(25.,-5.10136967492292E-030,13.35));
#4398=DIRECTION('',(-0.,1.21461182736277E-031,1.));
#4399=DIRECTION('',(0.,1.,-1.21461182736277E-031));
#4400=FACE_OUTER_BOUND('',#4401,.T.);
#4401=EDGE_LOOP('',(#6912));
#4402=FACE_OUTER_BOUND('',#4403,.T.);
#4403=EDGE_LOOP('',(#6913));
#4404=TOROIDAL_SURFACE('',#4405,2.,0.15);
#4405=AXIS2_PLACEMENT_3D('',#4406,#4407,#4408);
#4406=CARTESIAN_POINT('',(30.,-5.10136967492292E-030,13.35));
#4407=DIRECTION('',(-0.,1.21461182736277E-031,1.));
#4408=DIRECTION('',(0.,1.,-1.21461182736277E-031));
#4409=FACE_OUTER_BOUND('',#4410,.T.);
#4410=EDGE_LOOP('',(#6914));
#4411=FACE_OUTER_BOUND('',#4412,.T.);
#4412=EDGE_LOOP('',(#6915));
#4413=TOROIDAL_SURFACE('',#4414,2.,0.15);
#4414=AXIS2_PLACEMENT_3D('',#4415,#4416,#4417);
#4415=CARTESIAN_POINT('',(0.,-5.10136967492292E-030,13.35));
#4416=DIRECTION('',(-0.,1.21461182736277E-031,1.));
#4417=DIRECTION('',(0.,1.,-1.21461182736277E-031));
#4418=FACE_OUTER_BOUND('',#4419,.T.);
#4419=EDGE_LOOP('',(#6916));
#4420=FACE_OUTER_BOUND('',#4421,.T.);
#4421=EDGE_LOOP('',(#6917));
#4422=CYLINDRICAL_SURFACE('',#4423,0.5);
#4423=AXIS2_PLACEMENT_3D('',#4424,#4425,#4426);
#4424=CARTESIAN_POINT('',(27.5,-1.5,8.8));
#4425=DIRECTION('',(0.,0.,1.));
#4426=DIRECTION('',(1.,0.,0.));
#4427=FACE_OUTER_BOUND('',#4428,.T.);
#4428=EDGE_LOOP('',(#6918));
#4429=FACE_OUTER_BOUND('',#4430,.T.);
#4430=EDGE_LOOP('',(#6919));
#4431=CYLINDRICAL_SURFACE('',#4432,0.5);
#4432=AXIS2_PLACEMENT_3D('',#4433,#4434,#4435);
#4433=CARTESIAN_POINT('',(22.5,-1.5,8.8));
#4434=DIRECTION('',(0.,0.,1.));
#4435=DIRECTION('',(1.,0.,0.));
#4436=FACE_OUTER_BOUND('',#4437,.T.);
#4437=EDGE_LOOP('',(#6920));
#4438=FACE_OUTER_BOUND('',#4439,.T.);
#4439=EDGE_LOOP('',(#6921));
#4440=CYLINDRICAL_SURFACE('',#4441,0.5);
#4441=AXIS2_PLACEMENT_3D('',#4442,#4443,#4444);
#4442=CARTESIAN_POINT('',(17.5,-1.5,8.8));
#4443=DIRECTION('',(0.,0.,1.));
#4444=DIRECTION('',(1.,0.,0.));
#4445=FACE_OUTER_BOUND('',#4446,.T.);
#4446=EDGE_LOOP('',(#6922));
#4447=FACE_OUTER_BOUND('',#4448,.T.);
#4448=EDGE_LOOP('',(#6923));
#4449=CYLINDRICAL_SURFACE('',#4450,0.5);
#4450=AXIS2_PLACEMENT_3D('',#4451,#4452,#4453);
#4451=CARTESIAN_POINT('',(12.5,-1.5,8.8));
#4452=DIRECTION('',(0.,0.,1.));
#4453=DIRECTION('',(1.,0.,0.));
#4454=FACE_OUTER_BOUND('',#4455,.T.);
#4455=EDGE_LOOP('',(#6924));
#4456=FACE_OUTER_BOUND('',#4457,.T.);
#4457=EDGE_LOOP('',(#6925));
#4458=CYLINDRICAL_SURFACE('',#4459,0.5);
#4459=AXIS2_PLACEMENT_3D('',#4460,#4461,#4462);
#4460=CARTESIAN_POINT('',(7.5,-1.5,8.8));
#4461=DIRECTION('',(0.,0.,1.));
#4462=DIRECTION('',(1.,0.,0.));
#4463=FACE_OUTER_BOUND('',#4464,.T.);
#4464=EDGE_LOOP('',(#6926));
#4465=FACE_OUTER_BOUND('',#4466,.T.);
#4466=EDGE_LOOP('',(#6927));
#4467=CYLINDRICAL_SURFACE('',#4468,0.5);
#4468=AXIS2_PLACEMENT_3D('',#4469,#4470,#4471);
#4469=CARTESIAN_POINT('',(2.5,-1.5,8.8));
#4470=DIRECTION('',(0.,0.,1.));
#4471=DIRECTION('',(1.,0.,0.));
#4472=FACE_BOUND('',#4473,.T.);
#4473=EDGE_LOOP('',(#6928,#6929,#6930,#6931));
#4474=PLANE('',#4475);
#4475=AXIS2_PLACEMENT_3D('',#4476,#4477,#4478);
#4476=CARTESIAN_POINT('',(25.95,-4.5,0.));
#4477=DIRECTION('',(1.,0.,0.));
#4478=DIRECTION('',(0.,1.,0.));
#4479=FACE_BOUND('',#4480,.T.);
#4480=EDGE_LOOP('',(#6932,#6933,#6934,#6935));
#4481=CYLINDRICAL_SURFACE('',#4482,0.95);
#4482=AXIS2_PLACEMENT_3D('',#4483,#4484,#4485);
#4483=CARTESIAN_POINT('',(25.,0.,0.));
#4484=DIRECTION('',(0.,0.,1.));
#4485=DIRECTION('',(1.,0.,0.));
#4486=FACE_BOUND('',#4487,.T.);
#4487=EDGE_LOOP('',(#6936,#6937,#6938,#6939));
#4488=PLANE('',#4489);
#4489=AXIS2_PLACEMENT_3D('',#4490,#4491,#4492);
#4490=CARTESIAN_POINT('',(24.05,-1.42339279839099E-018,0.));
#4491=DIRECTION('',(-1.,0.,0.));
#4492=DIRECTION('',(0.,-1.,0.));
#4493=FACE_BOUND('',#4494,.T.);
#4494=EDGE_LOOP('',(#6940,#6941,#6942,#6943));
#4495=PLANE('',#4496);
#4496=AXIS2_PLACEMENT_3D('',#4497,#4498,#4499);
#4497=CARTESIAN_POINT('',(9.05,-1.42339279839099E-018,0.));
#4498=DIRECTION('',(-1.,0.,0.));
#4499=DIRECTION('',(0.,-1.,0.));
#4500=FACE_BOUND('',#4501,.T.);
#4501=EDGE_LOOP('',(#6944,#6945,#6946,#6947,#6948,#6949,#6950,#6951,#6952,#6953,
#6954,#6955,#6956,#6957));
#4502=PLANE('',#4503);
#4503=AXIS2_PLACEMENT_3D('',#4504,#4505,#4506);
#4504=CARTESIAN_POINT('',(12.05,-4.5,1.));
#4505=DIRECTION('',(0.,0.,-1.));
#4506=DIRECTION('',(-1.,0.,0.));
#4507=FACE_BOUND('',#4508,.T.);
#4508=EDGE_LOOP('',(#6958,#6959,#6960,#6961));
#4509=PLANE('',#4510);
#4510=AXIS2_PLACEMENT_3D('',#4511,#4512,#4513);
#4511=CARTESIAN_POINT('',(7.8,-4.5,9.54848645167277));
#4512=DIRECTION('',(0.939692620785911,-0.34202014332566,-3.45141334353271E-016));
#4513=DIRECTION('',(-3.67291736381427E-016,0.,-1.));
#4514=FACE_BOUND('',#4515,.T.);
#4515=EDGE_LOOP('',(#6962,#6963,#6964,#6965,#6966,#6967,#6968,#6969,#6970,#6971));
#4516=FACE_BOUND('',#4517,.T.);
#4517=EDGE_LOOP('',(#6972));
#4518=PLANE('',#4519);
#4519=AXIS2_PLACEMENT_3D('',#4520,#4521,#4522);
#4520=CARTESIAN_POINT('',(7.95,-4.5,7.3));
#4521=DIRECTION('',(0.,0.,1.));
#4522=DIRECTION('',(1.,0.,0.));
#4523=FACE_BOUND('',#4524,.T.);
#4524=EDGE_LOOP('',(#6973,#6974,#6975,#6976));
#4525=PLANE('',#4526);
#4526=AXIS2_PLACEMENT_3D('',#4527,#4528,#4529);
#4527=CARTESIAN_POINT('',(12.2,-4.5,-0.124243225836386));
#4528=DIRECTION('',(-0.939692620785907,-0.342020143325673,0.));
#4529=DIRECTION('',(0.,0.,1.));
#4530=FACE_BOUND('',#4531,.T.);
#4531=EDGE_LOOP('',(#6977,#6978,#6979,#6980));
#4532=PLANE('',#4533);
#4533=AXIS2_PLACEMENT_3D('',#4534,#4535,#4536);
#4534=CARTESIAN_POINT('',(10.95,-4.5,0.));
#4535=DIRECTION('',(1.,0.,0.));
#4536=DIRECTION('',(0.,1.,0.));
#4537=FACE_BOUND('',#4538,.T.);
#4538=EDGE_LOOP('',(#6981,#6982,#6983,#6984));
#4539=PLANE('',#4540);
#4540=AXIS2_PLACEMENT_3D('',#4541,#4542,#4543);
#4541=CARTESIAN_POINT('',(14.05,-1.42339279839099E-018,0.));
#4542=DIRECTION('',(-1.,0.,0.));
#4543=DIRECTION('',(0.,-1.,0.));
#4544=FACE_BOUND('',#4545,.T.);
#4545=EDGE_LOOP('',(#6985,#6986,#6987,#6988,#6989,#6990,#6991,#6992,#6993,#6994,
#6995,#6996,#6997,#6998));
#4546=PLANE('',#4547);
#4547=AXIS2_PLACEMENT_3D('',#4548,#4549,#4550);
#4548=CARTESIAN_POINT('',(17.05,-4.5,1.));
#4549=DIRECTION('',(0.,0.,-1.));
#4550=DIRECTION('',(-1.,0.,0.));
#4551=FACE_BOUND('',#4552,.T.);
#4552=EDGE_LOOP('',(#6999,#7000,#7001,#7002));
#4553=PLANE('',#4554);
#4554=AXIS2_PLACEMENT_3D('',#4555,#4556,#4557);
#4555=CARTESIAN_POINT('',(12.8,-4.5,9.54848645167277));
#4556=DIRECTION('',(0.939692620785907,-0.342020143325673,0.));
#4557=DIRECTION('',(0.,0.,-1.));
#4558=FACE_BOUND('',#4559,.T.);
#4559=EDGE_LOOP('',(#7003,#7004,#7005,#7006,#7007,#7008,#7009,#7010,#7011,#7012));
#4560=FACE_BOUND('',#4561,.T.);
#4561=EDGE_LOOP('',(#7013));
#4562=PLANE('',#4563);
#4563=AXIS2_PLACEMENT_3D('',#4564,#4565,#4566);
#4564=CARTESIAN_POINT('',(12.95,-4.5,7.3));
#4565=DIRECTION('',(0.,0.,1.));
#4566=DIRECTION('',(1.,0.,0.));
#4567=FACE_BOUND('',#4568,.T.);
#4568=EDGE_LOOP('',(#7014,#7015,#7016,#7017));
#4569=PLANE('',#4570);
#4570=AXIS2_PLACEMENT_3D('',#4571,#4572,#4573);
#4571=CARTESIAN_POINT('',(17.2,-4.5,-0.124243225836386));
#4572=DIRECTION('',(-0.93969262078591,-0.342020143325666,-3.45141334353271E-016));
#4573=DIRECTION('',(-3.67291736381427E-016,0.,1.));
#4574=FACE_BOUND('',#4575,.T.);
#4575=EDGE_LOOP('',(#7018,#7019,#7020,#7021));
#4576=PLANE('',#4577);
#4577=AXIS2_PLACEMENT_3D('',#4578,#4579,#4580);
#4578=CARTESIAN_POINT('',(15.95,-4.5,0.));
#4579=DIRECTION('',(1.,0.,0.));
#4580=DIRECTION('',(0.,1.,0.));
#4581=FACE_BOUND('',#4582,.T.);
#4582=EDGE_LOOP('',(#7022,#7023,#7024,#7025));
#4583=PLANE('',#4584);
#4584=AXIS2_PLACEMENT_3D('',#4585,#4586,#4587);
#4585=CARTESIAN_POINT('',(19.05,-1.42339279839099E-018,0.));
#4586=DIRECTION('',(-1.,0.,0.));
#4587=DIRECTION('',(0.,-1.,0.));
#4588=FACE_BOUND('',#4589,.T.);
#4589=EDGE_LOOP('',(#7026,#7027,#7028,#7029,#7030,#7031,#7032,#7033,#7034,#7035,
#7036,#7037,#7038,#7039));
#4590=PLANE('',#4591);
#4591=AXIS2_PLACEMENT_3D('',#4592,#4593,#4594);
#4592=CARTESIAN_POINT('',(22.05,-4.5,1.));
#4593=DIRECTION('',(0.,0.,-1.));
#4594=DIRECTION('',(-1.,0.,0.));
#4595=FACE_BOUND('',#4596,.T.);
#4596=EDGE_LOOP('',(#7040,#7041,#7042,#7043));
#4597=PLANE('',#4598);
#4598=AXIS2_PLACEMENT_3D('',#4599,#4600,#4601);
#4599=CARTESIAN_POINT('',(17.8,-4.5,9.54848645167277));
#4600=DIRECTION('',(0.93969262078591,-0.342020143325666,0.));
#4601=DIRECTION('',(0.,0.,-1.));
#4602=FACE_BOUND('',#4603,.T.);
#4603=EDGE_LOOP('',(#7044,#7045,#7046,#7047,#7048,#7049,#7050,#7051,#7052,#7053));
#4604=FACE_BOUND('',#4605,.T.);
#4605=EDGE_LOOP('',(#7054));
#4606=PLANE('',#4607);
#4607=AXIS2_PLACEMENT_3D('',#4608,#4609,#4610);
#4608=CARTESIAN_POINT('',(17.95,-4.5,7.3));
#4609=DIRECTION('',(0.,0.,1.));
#4610=DIRECTION('',(1.,0.,0.));
#4611=FACE_BOUND('',#4612,.T.);
#4612=EDGE_LOOP('',(#7055,#7056,#7057,#7058));
#4613=PLANE('',#4614);
#4614=AXIS2_PLACEMENT_3D('',#4615,#4616,#4617);
#4615=CARTESIAN_POINT('',(22.2,-4.5,-0.124243225836386));
#4616=DIRECTION('',(-0.93969262078591,-0.342020143325666,0.));
#4617=DIRECTION('',(0.,0.,1.));
#4618=FACE_BOUND('',#4619,.T.);
#4619=EDGE_LOOP('',(#7059,#7060,#7061,#7062));
#4620=PLANE('',#4621);
#4621=AXIS2_PLACEMENT_3D('',#4622,#4623,#4624);
#4622=CARTESIAN_POINT('',(20.95,-4.5,0.));
#4623=DIRECTION('',(1.,0.,0.));
#4624=DIRECTION('',(0.,1.,0.));
#4625=FACE_BOUND('',#4626,.T.);
#4626=EDGE_LOOP('',(#7063,#7064,#7065,#7066,#7067,#7068,#7069,#7070,#7071,#7072,
#7073,#7074,#7075,#7076));
#4627=PLANE('',#4628);
#4628=AXIS2_PLACEMENT_3D('',#4629,#4630,#4631);
#4629=CARTESIAN_POINT('',(27.05,-4.5,1.));
#4630=DIRECTION('',(0.,0.,-1.));
#4631=DIRECTION('',(-1.,0.,0.));
#4632=FACE_BOUND('',#4633,.T.);
#4633=EDGE_LOOP('',(#7077,#7078,#7079,#7080));
#4634=PLANE('',#4635);
#4635=AXIS2_PLACEMENT_3D('',#4636,#4637,#4638);
#4636=CARTESIAN_POINT('',(22.8,-4.5,9.54848645167277));
#4637=DIRECTION('',(0.93969262078591,-0.342020143325666,0.));
#4638=DIRECTION('',(0.,0.,-1.));
#4639=FACE_BOUND('',#4640,.T.);
#4640=EDGE_LOOP('',(#7081,#7082,#7083,#7084,#7085,#7086,#7087,#7088,#7089,#7090));
#4641=FACE_BOUND('',#4642,.T.);
#4642=EDGE_LOOP('',(#7091));
#4643=PLANE('',#4644);
#4644=AXIS2_PLACEMENT_3D('',#4645,#4646,#4647);
#4645=CARTESIAN_POINT('',(22.95,-4.5,7.3));
#4646=DIRECTION('',(0.,0.,1.));
#4647=DIRECTION('',(1.,0.,0.));
#4648=FACE_BOUND('',#4649,.T.);
#4649=EDGE_LOOP('',(#7092,#7093,#7094,#7095));
#4650=PLANE('',#4651);
#4651=AXIS2_PLACEMENT_3D('',#4652,#4653,#4654);
#4652=CARTESIAN_POINT('',(27.2,-4.5,-0.124243225836386));
#4653=DIRECTION('',(-0.93969262078591,-0.342020143325666,0.));
#4654=DIRECTION('',(0.,0.,1.));
#4655=FACE_BOUND('',#4656,.T.);
#4656=EDGE_LOOP('',(#7096,#7097,#7098,#7099,#7100,#7101,#7102,#7103));
#4657=PLANE('',#4658);
#4658=AXIS2_PLACEMENT_3D('',#4659,#4660,#4661);
#4659=CARTESIAN_POINT('',(27.95,-4.5,0.4));
#4660=DIRECTION('',(0.,0.,1.));
#4661=DIRECTION('',(1.,0.,0.));
#4662=FACE_BOUND('',#4663,.T.);
#4663=EDGE_LOOP('',(#7104,#7105,#7106,#7107));
#4664=PLANE('',#4665);
#4665=AXIS2_PLACEMENT_3D('',#4666,#4667,#4668);
#4666=CARTESIAN_POINT('',(29.05,-1.42339279839099E-018,0.));
#4667=DIRECTION('',(-1.,0.,0.));
#4668=DIRECTION('',(0.,-1.,0.));
#4669=FACE_BOUND('',#4670,.T.);
#4670=EDGE_LOOP('',(#7108,#7109,#7110,#7111,#7112,#7113,#7114,#7115,#7116,#7117,
#7118,#7119,#7120,#7121));
#4671=PLANE('',#4672);
#4672=AXIS2_PLACEMENT_3D('',#4673,#4674,#4675);
#4673=CARTESIAN_POINT('',(32.05,-4.5,1.));
#4674=DIRECTION('',(0.,0.,-1.));
#4675=DIRECTION('',(-1.,0.,0.));
#4676=FACE_BOUND('',#4677,.T.);
#4677=EDGE_LOOP('',(#7122,#7123,#7124,#7125));
#4678=PLANE('',#4679);
#4679=AXIS2_PLACEMENT_3D('',#4680,#4681,#4682);
#4680=CARTESIAN_POINT('',(27.8,-4.5,9.54848645167277));
#4681=DIRECTION('',(0.93969262078591,-0.342020143325666,0.));
#4682=DIRECTION('',(0.,0.,-1.));
#4683=FACE_BOUND('',#4684,.T.);
#4684=EDGE_LOOP('',(#7126,#7127,#7128,#7129,#7130,#7131,#7132,#7133,#7134,#7135));
#4685=FACE_BOUND('',#4686,.T.);
#4686=EDGE_LOOP('',(#7136));
#4687=PLANE('',#4688);
#4688=AXIS2_PLACEMENT_3D('',#4689,#4690,#4691);
#4689=CARTESIAN_POINT('',(27.95,-4.5,7.3));
#4690=DIRECTION('',(0.,0.,1.));
#4691=DIRECTION('',(1.,0.,0.));
#4692=FACE_BOUND('',#4693,.T.);
#4693=EDGE_LOOP('',(#7137,#7138,#7139,#7140));
#4694=PLANE('',#4695);
#4695=AXIS2_PLACEMENT_3D('',#4696,#4697,#4698);
#4696=CARTESIAN_POINT('',(32.2,-4.5,-0.124243225836386));
#4697=DIRECTION('',(-0.93969262078591,-0.342020143325666,0.));
#4698=DIRECTION('',(0.,0.,1.));
#4699=FACE_BOUND('',#4700,.T.);
#4700=EDGE_LOOP('',(#7141,#7142,#7143,#7144));
#4701=PLANE('',#4702);
#4702=AXIS2_PLACEMENT_3D('',#4703,#4704,#4705);
#4703=CARTESIAN_POINT('',(30.95,-4.5,0.));
#4704=DIRECTION('',(1.,0.,0.));
#4705=DIRECTION('',(0.,1.,0.));
#4706=FACE_BOUND('',#4707,.T.);
#4707=EDGE_LOOP('',(#7145,#7146,#7147,#7148));
#4708=PLANE('',#4709);
#4709=AXIS2_PLACEMENT_3D('',#4710,#4711,#4712);
#4710=CARTESIAN_POINT('',(32.5,4.5,0.));
#4711=DIRECTION('',(-0.,-5.34980540107565E-036,-1.));
#4712=DIRECTION('',(0.,-1.,5.34980540107565E-036));
#4713=FACE_BOUND('',#4714,.T.);
#4714=EDGE_LOOP('',(#7149,#7150,#7151,#7152));
#4715=CYLINDRICAL_SURFACE('',#4716,0.25);
#4716=AXIS2_PLACEMENT_3D('',#4717,#4718,#4719);
#4717=CARTESIAN_POINT('',(32.5,-4.25,8.55));
#4718=DIRECTION('',(-1.,0.,0.));
#4719=DIRECTION('',(0.,-1.,0.));
#4720=FACE_BOUND('',#4721,.T.);
#4721=EDGE_LOOP('',(#7153,#7154,#7155,#7156));
#4722=PLANE('',#4723);
#4723=AXIS2_PLACEMENT_3D('',#4724,#4725,#4726);
#4724=CARTESIAN_POINT('',(32.5,4.5,0.));
#4725=DIRECTION('',(-0.,-5.34980540107565E-036,-1.));
#4726=DIRECTION('',(0.,-1.,5.34980540107565E-036));
#4727=FACE_BOUND('',#4728,.T.);
#4728=EDGE_LOOP('',(#7157,#7158,#7159,#7160,#7161,#7162,#7163,#7164));
#4729=PLANE('',#4730);
#4730=AXIS2_PLACEMENT_3D('',#4731,#4732,#4733);
#4731=CARTESIAN_POINT('',(-1.6,-4.5,0.4));
#4732=DIRECTION('',(0.,0.,1.));
#4733=DIRECTION('',(1.,0.,0.));
#4734=FACE_BOUND('',#4735,.T.);
#4735=EDGE_LOOP('',(#7165,#7166,#7167,#7168));
#4736=PLANE('',#4737);
#4737=AXIS2_PLACEMENT_3D('',#4738,#4739,#4740);
#4738=CARTESIAN_POINT('',(-0.95,-1.42339279839099E-018,0.));
#4739=DIRECTION('',(-1.,0.,0.));
#4740=DIRECTION('',(0.,-1.,0.));
#4741=FACE_BOUND('',#4742,.T.);
#4742=EDGE_LOOP('',(#7169,#7170,#7171,#7172,#7173,#7174,#7175,#7176,#7177,#7178,
#7179,#7180,#7181,#7182));
#4743=PLANE('',#4744);
#4744=AXIS2_PLACEMENT_3D('',#4745,#4746,#4747);
#4745=CARTESIAN_POINT('',(2.05,-4.5,1.));
#4746=DIRECTION('',(0.,0.,-1.));
#4747=DIRECTION('',(-1.,0.,0.));
#4748=FACE_BOUND('',#4749,.T.);
#4749=EDGE_LOOP('',(#7183,#7184,#7185,#7186));
#4750=PLANE('',#4751);
#4751=AXIS2_PLACEMENT_3D('',#4752,#4753,#4754);
#4752=CARTESIAN_POINT('',(-2.2,-4.5,9.54848645167277));
#4753=DIRECTION('',(0.939692620785906,-0.342020143325675,0.));
#4754=DIRECTION('',(0.,0.,-1.));
#4755=FACE_BOUND('',#4756,.T.);
#4756=EDGE_LOOP('',(#7187,#7188,#7189,#7190,#7191,#7192,#7193,#7194,#7195,#7196));
#4757=FACE_BOUND('',#4758,.T.);
#4758=EDGE_LOOP('',(#7197));
#4759=PLANE('',#4760);
#4760=AXIS2_PLACEMENT_3D('',#4761,#4762,#4763);
#4761=CARTESIAN_POINT('',(-2.05,-4.5,7.3));
#4762=DIRECTION('',(0.,0.,1.));
#4763=DIRECTION('',(1.,0.,0.));
#4764=FACE_BOUND('',#4765,.T.);
#4765=EDGE_LOOP('',(#7198,#7199,#7200,#7201));
#4766=PLANE('',#4767);
#4767=AXIS2_PLACEMENT_3D('',#4768,#4769,#4770);
#4768=CARTESIAN_POINT('',(2.2,-4.5,-0.124243225836386));
#4769=DIRECTION('',(-0.939692620785911,-0.34202014332566,0.));
#4770=DIRECTION('',(0.,0.,1.));
#4771=FACE_BOUND('',#4772,.T.);
#4772=EDGE_LOOP('',(#7202,#7203,#7204,#7205));
#4773=PLANE('',#4774);
#4774=AXIS2_PLACEMENT_3D('',#4775,#4776,#4777);
#4775=CARTESIAN_POINT('',(0.95,-4.5,0.));
#4776=DIRECTION('',(1.,0.,0.));
#4777=DIRECTION('',(0.,1.,0.));
#4778=FACE_BOUND('',#4779,.T.);
#4779=EDGE_LOOP('',(#7206,#7207,#7208,#7209));
#4780=PLANE('',#4781);
#4781=AXIS2_PLACEMENT_3D('',#4782,#4783,#4784);
#4782=CARTESIAN_POINT('',(32.5,4.5,0.));
#4783=DIRECTION('',(-0.,-5.34980540107565E-036,-1.));
#4784=DIRECTION('',(0.,-1.,5.34980540107565E-036));
#4785=FACE_BOUND('',#4786,.T.);
#4786=EDGE_LOOP('',(#7210,#7211,#7212,#7213,#7214,#7215,#7216,#7217));
#4787=PLANE('',#4788);
#4788=AXIS2_PLACEMENT_3D('',#4789,#4790,#4791);
#4789=CARTESIAN_POINT('',(2.95,-4.5,0.4));
#4790=DIRECTION('',(0.,0.,1.));
#4791=DIRECTION('',(1.,0.,0.));
#4792=FACE_BOUND('',#4793,.T.);
#4793=EDGE_LOOP('',(#7218,#7219,#7220,#7221));
#4794=PLANE('',#4795);
#4795=AXIS2_PLACEMENT_3D('',#4796,#4797,#4798);
#4796=CARTESIAN_POINT('',(4.05,-1.42339279839099E-018,0.));
#4797=DIRECTION('',(-1.,0.,0.));
#4798=DIRECTION('',(0.,-1.,0.));
#4799=FACE_BOUND('',#4800,.T.);
#4800=EDGE_LOOP('',(#7222,#7223,#7224,#7225,#7226,#7227,#7228,#7229,#7230,#7231,
#7232,#7233,#7234,#7235));
#4801=PLANE('',#4802);
#4802=AXIS2_PLACEMENT_3D('',#4803,#4804,#4805);
#4803=CARTESIAN_POINT('',(7.05,-4.5,1.));
#4804=DIRECTION('',(0.,0.,-1.));
#4805=DIRECTION('',(-1.,0.,0.));
#4806=FACE_BOUND('',#4807,.T.);
#4807=EDGE_LOOP('',(#7236,#7237,#7238,#7239));
#4808=PLANE('',#4809);
#4809=AXIS2_PLACEMENT_3D('',#4810,#4811,#4812);
#4810=CARTESIAN_POINT('',(2.8,-4.5,9.54848645167277));
#4811=DIRECTION('',(0.939692620785911,-0.34202014332566,-3.45141334353271E-016));
#4812=DIRECTION('',(-3.67291736381427E-016,0.,-1.));
#4813=FACE_BOUND('',#4814,.T.);
#4814=EDGE_LOOP('',(#7240,#7241,#7242,#7243,#7244,#7245,#7246,#7247,#7248,#7249));
#4815=FACE_BOUND('',#4816,.T.);
#4816=EDGE_LOOP('',(#7250));
#4817=PLANE('',#4818);
#4818=AXIS2_PLACEMENT_3D('',#4819,#4820,#4821);
#4819=CARTESIAN_POINT('',(2.95,-4.5,7.3));
#4820=DIRECTION('',(0.,0.,1.));
#4821=DIRECTION('',(1.,0.,0.));
#4822=FACE_BOUND('',#4823,.T.);
#4823=EDGE_LOOP('',(#7251,#7252,#7253,#7254));
#4824=PLANE('',#4825);
#4825=AXIS2_PLACEMENT_3D('',#4826,#4827,#4828);
#4826=CARTESIAN_POINT('',(7.2,-4.5,-0.124243225836386));
#4827=DIRECTION('',(-0.939692620785909,-0.342020143325668,3.45141334353271E-016));
#4828=DIRECTION('',(3.67291736381427E-016,0.,1.));
#4829=FACE_BOUND('',#4830,.T.);
#4830=EDGE_LOOP('',(#7255,#7256,#7257,#7258));
#4831=PLANE('',#4832);
#4832=AXIS2_PLACEMENT_3D('',#4833,#4834,#4835);
#4833=CARTESIAN_POINT('',(5.95,-4.5,0.));
#4834=DIRECTION('',(1.,0.,0.));
#4835=DIRECTION('',(0.,1.,0.));
#4836=FACE_BOUND('',#4837,.T.);
#4837=EDGE_LOOP('',(#7259,#7260,#7261,#7262));
#4838=CYLINDRICAL_SURFACE('',#4839,0.95);
#4839=AXIS2_PLACEMENT_3D('',#4840,#4841,#4842);
#4840=CARTESIAN_POINT('',(20.,0.,0.));
#4841=DIRECTION('',(0.,0.,1.));
#4842=DIRECTION('',(1.,0.,0.));
#4843=FACE_BOUND('',#4844,.T.);
#4844=EDGE_LOOP('',(#7263,#7264,#7265,#7266));
#4845=CYLINDRICAL_SURFACE('',#4846,0.95);
#4846=AXIS2_PLACEMENT_3D('',#4847,#4848,#4849);
#4847=CARTESIAN_POINT('',(15.,0.,0.));
#4848=DIRECTION('',(0.,0.,1.));
#4849=DIRECTION('',(1.,0.,0.));
#4850=FACE_BOUND('',#4851,.T.);
#4851=EDGE_LOOP('',(#7267,#7268,#7269,#7270));
#4852=CYLINDRICAL_SURFACE('',#4853,0.95);
#4853=AXIS2_PLACEMENT_3D('',#4854,#4855,#4856);
#4854=CARTESIAN_POINT('',(10.,0.,0.));
#4855=DIRECTION('',(0.,0.,1.));
#4856=DIRECTION('',(1.,0.,0.));
#4857=FACE_BOUND('',#4858,.T.);
#4858=EDGE_LOOP('',(#7271,#7272,#7273,#7274));
#4859=PLANE('',#4860);
#4860=AXIS2_PLACEMENT_3D('',#4861,#4862,#4863);
#4861=CARTESIAN_POINT('',(2.95000000000216,4.,0.));
#4862=DIRECTION('',(0.,-1.,0.));
#4863=DIRECTION('',(1.,0.,0.));
#4864=FACE_BOUND('',#4865,.T.);
#4865=EDGE_LOOP('',(#7275,#7276,#7277,#7278));
#4866=PLANE('',#4867);
#4867=AXIS2_PLACEMENT_3D('',#4868,#4869,#4870);
#4868=CARTESIAN_POINT('',(0.,0.,13.));
#4869=DIRECTION('',(0.,-0.,1.));
#4870=DIRECTION('',(1.,0.,0.));
#4871=FACE_BOUND('',#4872,.T.);
#4872=EDGE_LOOP('',(#7279,#7280,#7281,#7282));
#4873=PLANE('',#4874);
#4874=AXIS2_PLACEMENT_3D('',#4875,#4876,#4877);
#4875=CARTESIAN_POINT('',(7.05,3.5,8.8));
#4876=DIRECTION('',(0.,1.,-0.));
#4877=DIRECTION('',(-1.,0.,0.));
#4878=FACE_BOUND('',#4879,.T.);
#4879=EDGE_LOOP('',(#7283,#7284,#7285,#7286));
#4880=PLANE('',#4881);
#4881=AXIS2_PLACEMENT_3D('',#4882,#4883,#4884);
#4882=CARTESIAN_POINT('',(0.,0.,8.8));
#4883=DIRECTION('',(0.,-0.,1.));
#4884=DIRECTION('',(1.,0.,0.));
#4885=FACE_BOUND('',#4886,.T.);
#4886=EDGE_LOOP('',(#7287,#7288,#7289,#7290));
#4887=PLANE('',#4888);
#4888=AXIS2_PLACEMENT_3D('',#4889,#4890,#4891);
#4889=CARTESIAN_POINT('',(32.5,4.5,13.25));
#4890=DIRECTION('',(0.,1.,0.));
#4891=DIRECTION('',(0.,0.,-1.));
#4892=FACE_BOUND('',#4893,.T.);
#4893=EDGE_LOOP('',(#7291,#7292,#7293,#7294));
#4894=PLANE('',#4895);
#4895=AXIS2_PLACEMENT_3D('',#4896,#4897,#4898);
#4896=CARTESIAN_POINT('',(-1.6,4.,0.));
#4897=DIRECTION('',(0.,-1.,0.));
#4898=DIRECTION('',(1.,0.,0.));
#4899=FACE_BOUND('',#4900,.T.);
#4900=EDGE_LOOP('',(#7295,#7296,#7297,#7298));
#4901=PLANE('',#4902);
#4902=AXIS2_PLACEMENT_3D('',#4903,#4904,#4905);
#4903=CARTESIAN_POINT('',(0.,0.,13.));
#4904=DIRECTION('',(0.,-0.,1.));
#4905=DIRECTION('',(1.,0.,0.));
#4906=FACE_BOUND('',#4907,.T.);
#4907=EDGE_LOOP('',(#7299,#7300,#7301,#7302));
#4908=PLANE('',#4909);
#4909=AXIS2_PLACEMENT_3D('',#4910,#4911,#4912);
#4910=CARTESIAN_POINT('',(2.05,3.5,8.8));
#4911=DIRECTION('',(0.,1.,-0.));
#4912=DIRECTION('',(-1.,0.,0.));
#4913=FACE_BOUND('',#4914,.T.);
#4914=EDGE_LOOP('',(#7303,#7304,#7305,#7306));
#4915=PLANE('',#4916);
#4916=AXIS2_PLACEMENT_3D('',#4917,#4918,#4919);
#4917=CARTESIAN_POINT('',(0.,0.,8.8));
#4918=DIRECTION('',(0.,-0.,1.));
#4919=DIRECTION('',(1.,0.,0.));
#4920=FACE_BOUND('',#4921,.T.);
#4921=EDGE_LOOP('',(#7307,#7308,#7309,#7310));
#4922=PLANE('',#4923);
#4923=AXIS2_PLACEMENT_3D('',#4924,#4925,#4926);
#4924=CARTESIAN_POINT('',(32.5,4.5,13.25));
#4925=DIRECTION('',(0.,1.,0.));
#4926=DIRECTION('',(0.,0.,-1.));
#4927=FACE_BOUND('',#4928,.T.);
#4928=EDGE_LOOP('',(#7311,#7312,#7313,#7314));
#4929=PLANE('',#4930);
#4930=AXIS2_PLACEMENT_3D('',#4931,#4932,#4933);
#4931=CARTESIAN_POINT('',(32.5,-4.25,8.8));
#4932=DIRECTION('',(0.,-0.,1.));
#4933=DIRECTION('',(0.,1.,0.));
#4934=FACE_BOUND('',#4935,.T.);
#4935=EDGE_LOOP('',(#7315,#7316,#7317,#7318));
#4936=PLANE('',#4937);
#4937=AXIS2_PLACEMENT_3D('',#4938,#4939,#4940);
#4938=CARTESIAN_POINT('',(32.5,-3.2,8.8));
#4939=DIRECTION('',(0.,-0.989090177881824,0.147311303088737));
#4940=DIRECTION('',(0.,0.147311303088737,0.989090177881824));
#4941=FACE_BOUND('',#4942,.T.);
#4942=EDGE_LOOP('',(#7319,#7320));
#4943=PLANE('',#4944);
#4944=AXIS2_PLACEMENT_3D('',#4945,#4946,#4947);
#4945=CARTESIAN_POINT('',(0.,0.,8.8));
#4946=DIRECTION('',(0.,-0.,1.));
#4947=DIRECTION('',(1.,0.,0.));
#4948=FACE_BOUND('',#4949,.T.);
#4949=EDGE_LOOP('',(#7321,#7322,#7323,#7324));
#4950=PLANE('',#4951);
#4951=AXIS2_PLACEMENT_3D('',#4952,#4953,#4954);
#4952=CARTESIAN_POINT('',(0.,0.,8.8));
#4953=DIRECTION('',(0.,-0.,1.));
#4954=DIRECTION('',(1.,0.,0.));
#4955=FACE_BOUND('',#4956,.T.);
#4956=EDGE_LOOP('',(#7325,#7326));
#4957=PLANE('',#4958);
#4958=AXIS2_PLACEMENT_3D('',#4959,#4960,#4961);
#4959=CARTESIAN_POINT('',(35.,0.,8.8));
#4960=DIRECTION('',(0.,-0.,1.));
#4961=DIRECTION('',(1.,0.,0.));
#4962=FACE_BOUND('',#4963,.T.);
#4963=EDGE_LOOP('',(#7327,#7328,#7329,#7330));
#4964=PLANE('',#4965);
#4965=AXIS2_PLACEMENT_3D('',#4966,#4967,#4968);
#4966=CARTESIAN_POINT('',(32.5,4.5,13.25));
#4967=DIRECTION('',(0.,1.,0.));
#4968=DIRECTION('',(0.,0.,-1.));
#4969=FACE_BOUND('',#4970,.T.);
#4970=EDGE_LOOP('',(#7331,#7332,#7333,#7334));
#4971=PLANE('',#4972);
#4972=AXIS2_PLACEMENT_3D('',#4973,#4974,#4975);
#4973=CARTESIAN_POINT('',(0.,0.,8.8));
#4974=DIRECTION('',(0.,-0.,1.));
#4975=DIRECTION('',(1.,0.,0.));
#4976=FACE_BOUND('',#4977,.T.);
#4977=EDGE_LOOP('',(#7335,#7336,#7337,#7338));
#4978=PLANE('',#4979);
#4979=AXIS2_PLACEMENT_3D('',#4980,#4981,#4982);
#4980=CARTESIAN_POINT('',(27.95,4.,0.));
#4981=DIRECTION('',(0.,-1.,0.));
#4982=DIRECTION('',(1.,0.,0.));
#4983=FACE_BOUND('',#4984,.T.);
#4984=EDGE_LOOP('',(#7339,#7340,#7341,#7342));
#4985=PLANE('',#4986);
#4986=AXIS2_PLACEMENT_3D('',#4987,#4988,#4989);
#4987=CARTESIAN_POINT('',(0.,0.,13.));
#4988=DIRECTION('',(0.,-0.,1.));
#4989=DIRECTION('',(1.,0.,0.));
#4990=FACE_BOUND('',#4991,.T.);
#4991=EDGE_LOOP('',(#7343,#7344,#7345,#7346));
#4992=PLANE('',#4993);
#4993=AXIS2_PLACEMENT_3D('',#4994,#4995,#4996);
#4994=CARTESIAN_POINT('',(31.6,3.5,8.8));
#4995=DIRECTION('',(0.,1.,-0.));
#4996=DIRECTION('',(-1.,0.,0.));
#4997=FACE_BOUND('',#4998,.T.);
#4998=EDGE_LOOP('',(#7347,#7348,#7349,#7350));
#4999=PLANE('',#5000);
#5000=AXIS2_PLACEMENT_3D('',#5001,#5002,#5003);
#5001=CARTESIAN_POINT('',(0.,0.,8.8));
#5002=DIRECTION('',(0.,-0.,1.));
#5003=DIRECTION('',(1.,0.,0.));
#5004=FACE_OUTER_BOUND('',#5005,.T.);
#5005=EDGE_LOOP('',(#7351));
#5006=FACE_OUTER_BOUND('',#5007,.T.);
#5007=EDGE_LOOP('',(#7352));
#5008=CYLINDRICAL_SURFACE('',#5009,2.);
#5009=AXIS2_PLACEMENT_3D('',#5010,#5011,#5012);
#5010=CARTESIAN_POINT('',(5.,-5.79977147565651E-030,7.6));
#5011=DIRECTION('',(-0.,1.21461182736277E-031,1.));
#5012=DIRECTION('',(0.,1.,-1.21461182736277E-031));
#5013=FACE_OUTER_BOUND('',#5014,.T.);
#5014=EDGE_LOOP('',(#7353));
#5015=FACE_OUTER_BOUND('',#5016,.T.);
#5016=EDGE_LOOP('',(#7354));
#5017=CYLINDRICAL_SURFACE('',#5018,2.);
#5018=AXIS2_PLACEMENT_3D('',#5019,#5020,#5021);
#5019=CARTESIAN_POINT('',(10.,-5.79977147565651E-030,7.6));
#5020=DIRECTION('',(-0.,1.21461182736277E-031,1.));
#5021=DIRECTION('',(0.,1.,-1.21461182736277E-031));
#5022=FACE_OUTER_BOUND('',#5023,.T.);
#5023=EDGE_LOOP('',(#7355));
#5024=FACE_OUTER_BOUND('',#5025,.T.);
#5025=EDGE_LOOP('',(#7356));
#5026=CYLINDRICAL_SURFACE('',#5027,2.);
#5027=AXIS2_PLACEMENT_3D('',#5028,#5029,#5030);
#5028=CARTESIAN_POINT('',(15.,-5.79977147565651E-030,7.6));
#5029=DIRECTION('',(-0.,1.21461182736277E-031,1.));
#5030=DIRECTION('',(0.,1.,-1.21461182736277E-031));
#5031=FACE_OUTER_BOUND('',#5032,.T.);
#5032=EDGE_LOOP('',(#7357));
#5033=FACE_OUTER_BOUND('',#5034,.T.);
#5034=EDGE_LOOP('',(#7358));
#5035=CYLINDRICAL_SURFACE('',#5036,2.);
#5036=AXIS2_PLACEMENT_3D('',#5037,#5038,#5039);
#5037=CARTESIAN_POINT('',(20.,-5.79977147565651E-030,7.6));
#5038=DIRECTION('',(-0.,1.21461182736277E-031,1.));
#5039=DIRECTION('',(0.,1.,-1.21461182736277E-031));
#5040=FACE_OUTER_BOUND('',#5041,.T.);
#5041=EDGE_LOOP('',(#7359));
#5042=FACE_OUTER_BOUND('',#5043,.T.);
#5043=EDGE_LOOP('',(#7360));
#5044=CYLINDRICAL_SURFACE('',#5045,2.);
#5045=AXIS2_PLACEMENT_3D('',#5046,#5047,#5048);
#5046=CARTESIAN_POINT('',(25.,-5.79977147565651E-030,7.6));
#5047=DIRECTION('',(-0.,1.21461182736277E-031,1.));
#5048=DIRECTION('',(0.,1.,-1.21461182736277E-031));
#5049=FACE_OUTER_BOUND('',#5050,.T.);
#5050=EDGE_LOOP('',(#7361));
#5051=FACE_OUTER_BOUND('',#5052,.T.);
#5052=EDGE_LOOP('',(#7362));
#5053=CYLINDRICAL_SURFACE('',#5054,2.);
#5054=AXIS2_PLACEMENT_3D('',#5055,#5056,#5057);
#5055=CARTESIAN_POINT('',(30.,-5.79977147565651E-030,7.6));
#5056=DIRECTION('',(-0.,1.21461182736277E-031,1.));
#5057=DIRECTION('',(0.,1.,-1.21461182736277E-031));
#5058=FACE_OUTER_BOUND('',#5059,.T.);
#5059=EDGE_LOOP('',(#7363));
#5060=FACE_OUTER_BOUND('',#5061,.T.);
#5061=EDGE_LOOP('',(#7364));
#5062=CYLINDRICAL_SURFACE('',#5063,2.);
#5063=AXIS2_PLACEMENT_3D('',#5064,#5065,#5066);
#5064=CARTESIAN_POINT('',(0.,-5.79977147565651E-030,7.6));
#5065=DIRECTION('',(-0.,1.21461182736277E-031,1.));
#5066=DIRECTION('',(0.,1.,-1.21461182736277E-031));
#5067=FACE_BOUND('',#5068,.T.);
#5068=EDGE_LOOP('',(#7365));
#5069=PLANE('',#5070);
#5070=AXIS2_PLACEMENT_3D('',#5071,#5072,#5073);
#5071=CARTESIAN_POINT('',(30.,0.,8.8));
#5072=DIRECTION('',(0.,-0.,1.));
#5073=DIRECTION('',(1.,0.,0.));
#5074=FACE_BOUND('',#5075,.T.);
#5075=EDGE_LOOP('',(#7366));
#5076=PLANE('',#5077);
#5077=AXIS2_PLACEMENT_3D('',#5078,#5079,#5080);
#5078=CARTESIAN_POINT('',(25.,0.,8.8));
#5079=DIRECTION('',(0.,-0.,1.));
#5080=DIRECTION('',(1.,0.,0.));
#5081=FACE_BOUND('',#5082,.T.);
#5082=EDGE_LOOP('',(#7367));
#5083=PLANE('',#5084);
#5084=AXIS2_PLACEMENT_3D('',#5085,#5086,#5087);
#5085=CARTESIAN_POINT('',(20.,0.,8.8));
#5086=DIRECTION('',(0.,-0.,1.));
#5087=DIRECTION('',(1.,0.,0.));
#5088=FACE_BOUND('',#5089,.T.);
#5089=EDGE_LOOP('',(#7368));
#5090=PLANE('',#5091);
#5091=AXIS2_PLACEMENT_3D('',#5092,#5093,#5094);
#5092=CARTESIAN_POINT('',(15.,0.,8.8));
#5093=DIRECTION('',(0.,-0.,1.));
#5094=DIRECTION('',(1.,0.,0.));
#5095=FACE_BOUND('',#5096,.T.);
#5096=EDGE_LOOP('',(#7369));
#5097=PLANE('',#5098);
#5098=AXIS2_PLACEMENT_3D('',#5099,#5100,#5101);
#5099=CARTESIAN_POINT('',(10.,0.,8.8));
#5100=DIRECTION('',(0.,-0.,1.));
#5101=DIRECTION('',(1.,0.,0.));
#5102=FACE_BOUND('',#5103,.T.);
#5103=EDGE_LOOP('',(#7370));
#5104=PLANE('',#5105);
#5105=AXIS2_PLACEMENT_3D('',#5106,#5107,#5108);
#5106=CARTESIAN_POINT('',(5.,0.,8.8));
#5107=DIRECTION('',(0.,-0.,1.));
#5108=DIRECTION('',(1.,0.,0.));
#5109=FACE_BOUND('',#5110,.T.);
#5110=EDGE_LOOP('',(#7371,#7372,#7373,#7374,#7375,#7376,#7377,#7378));
#5111=PLANE('',#5112);
#5112=AXIS2_PLACEMENT_3D('',#5113,#5114,#5115);
#5113=CARTESIAN_POINT('',(12.05,-4.5,7.3));
#5114=DIRECTION('',(1.,-0.,0.));
#5115=DIRECTION('',(0.,0.,-1.));
#5116=FACE_BOUND('',#5117,.T.);
#5117=EDGE_LOOP('',(#7379,#7380,#7381));
#5118=PLANE('',#5119);
#5119=AXIS2_PLACEMENT_3D('',#5120,#5121,#5122);
#5120=CARTESIAN_POINT('',(10.,2.5,0.));
#5121=DIRECTION('',(-0.,1.,0.));
#5122=DIRECTION('',(1.,0.,0.));
#5123=FACE_BOUND('',#5124,.T.);
#5124=EDGE_LOOP('',(#7382,#7383,#7384,#7385));
#5125=PLANE('',#5126);
#5126=AXIS2_PLACEMENT_3D('',#5127,#5128,#5129);
#5127=CARTESIAN_POINT('',(12.05,0.,2.07257823333479));
#5128=DIRECTION('',(0.766044443118978,0.,-0.642787609686539));
#5129=DIRECTION('',(-0.642787609686539,0.,-0.766044443118978));
#5130=FACE_BOUND('',#5131,.T.);
#5131=EDGE_LOOP('',(#7386,#7387,#7388,#7389,#7390,#7391,#7392,#7393));
#5132=PLANE('',#5133);
#5133=AXIS2_PLACEMENT_3D('',#5134,#5135,#5136);
#5134=CARTESIAN_POINT('',(10.,3.5,0.));
#5135=DIRECTION('',(-0.,1.,0.));
#5136=DIRECTION('',(1.,0.,0.));
#5137=FACE_BOUND('',#5138,.T.);
#5138=EDGE_LOOP('',(#7394,#7395,#7396,#7397));
#5139=PLANE('',#5140);
#5140=AXIS2_PLACEMENT_3D('',#5141,#5142,#5143);
#5141=CARTESIAN_POINT('',(8.85,0.,1.));
#5142=DIRECTION('',(-0.766044443118977,0.,-0.64278760968654));
#5143=DIRECTION('',(-0.64278760968654,0.,0.766044443118977));
#5144=FACE_BOUND('',#5145,.T.);
#5145=EDGE_LOOP('',(#7398,#7399,#7400));
#5146=PLANE('',#5147);
#5147=AXIS2_PLACEMENT_3D('',#5148,#5149,#5150);
#5148=CARTESIAN_POINT('',(10.,2.5,0.));
#5149=DIRECTION('',(-0.,1.,0.));
#5150=DIRECTION('',(1.,0.,0.));
#5151=FACE_BOUND('',#5152,.T.);
#5152=EDGE_LOOP('',(#7401,#7402,#7403,#7404,#7405,#7406,#7407,#7408));
#5153=PLANE('',#5154);
#5154=AXIS2_PLACEMENT_3D('',#5155,#5156,#5157);
#5155=CARTESIAN_POINT('',(7.95,-4.5,1.));
#5156=DIRECTION('',(-1.,0.,0.));
#5157=DIRECTION('',(0.,0.,1.));
#5158=FACE_BOUND('',#5159,.T.);
#5159=EDGE_LOOP('',(#7409,#7410,#7411));
#5160=PLANE('',#5161);
#5161=AXIS2_PLACEMENT_3D('',#5162,#5163,#5164);
#5162=CARTESIAN_POINT('',(10.,2.5,0.));
#5163=DIRECTION('',(-0.,1.,0.));
#5164=DIRECTION('',(1.,0.,0.));
#5165=FACE_BOUND('',#5166,.T.);
#5166=EDGE_LOOP('',(#7412,#7413,#7414,#7415));
#5167=PLANE('',#5168);
#5168=AXIS2_PLACEMENT_3D('',#5169,#5170,#5171);
#5169=CARTESIAN_POINT('',(7.95,0.,6.22742176666521));
#5170=DIRECTION('',(-0.766044443118978,0.,0.642787609686539));
#5171=DIRECTION('',(0.642787609686539,0.,0.766044443118978));
#5172=FACE_BOUND('',#5173,.T.);
#5173=EDGE_LOOP('',(#7416,#7417,#7418,#7419));
#5174=PLANE('',#5175);
#5175=AXIS2_PLACEMENT_3D('',#5176,#5177,#5178);
#5176=CARTESIAN_POINT('',(11.15,0.,7.3));
#5177=DIRECTION('',(0.766044443118978,-0.,0.642787609686539));
#5178=DIRECTION('',(0.642787609686539,0.,-0.766044443118978));
#5179=FACE_BOUND('',#5180,.T.);
#5180=EDGE_LOOP('',(#7420,#7421,#7422));
#5181=PLANE('',#5182);
#5182=AXIS2_PLACEMENT_3D('',#5183,#5184,#5185);
#5183=CARTESIAN_POINT('',(10.,2.5,0.));
#5184=DIRECTION('',(-0.,1.,0.));
#5185=DIRECTION('',(1.,0.,0.));
#5186=FACE_OUTER_BOUND('',#5187,.T.);
#5187=EDGE_LOOP('',(#7423));
#5188=FACE_OUTER_BOUND('',#5189,.T.);
#5189=EDGE_LOOP('',(#7424));
#5190=CYLINDRICAL_SURFACE('',#5191,1.5);
#5191=AXIS2_PLACEMENT_3D('',#5192,#5193,#5194);
#5192=CARTESIAN_POINT('',(10.,-5.8362098304774E-030,7.3));
#5193=DIRECTION('',(-0.,1.21461182736277E-031,1.));
#5194=DIRECTION('',(0.,1.,-1.21461182736277E-031));
#5195=FACE_BOUND('',#5196,.T.);
#5196=EDGE_LOOP('',(#7425,#7426,#7427,#7428,#7429,#7430,#7431,#7432));
#5197=PLANE('',#5198);
#5198=AXIS2_PLACEMENT_3D('',#5199,#5200,#5201);
#5199=CARTESIAN_POINT('',(17.05,-4.5,7.3));
#5200=DIRECTION('',(1.,-0.,0.));
#5201=DIRECTION('',(0.,0.,-1.));
#5202=FACE_BOUND('',#5203,.T.);
#5203=EDGE_LOOP('',(#7433,#7434,#7435));
#5204=PLANE('',#5205);
#5205=AXIS2_PLACEMENT_3D('',#5206,#5207,#5208);
#5206=CARTESIAN_POINT('',(15.,2.5,0.));
#5207=DIRECTION('',(-0.,1.,0.));
#5208=DIRECTION('',(1.,0.,0.));
#5209=FACE_BOUND('',#5210,.T.);
#5210=EDGE_LOOP('',(#7436,#7437,#7438,#7439));
#5211=PLANE('',#5212);
#5212=AXIS2_PLACEMENT_3D('',#5213,#5214,#5215);
#5213=CARTESIAN_POINT('',(17.05,0.,2.07257823333479));
#5214=DIRECTION('',(0.766044443118977,0.,-0.64278760968654));
#5215=DIRECTION('',(-0.64278760968654,0.,-0.766044443118977));
#5216=FACE_BOUND('',#5217,.T.);
#5217=EDGE_LOOP('',(#7440,#7441,#7442,#7443,#7444,#7445,#7446,#7447));
#5218=PLANE('',#5219);
#5219=AXIS2_PLACEMENT_3D('',#5220,#5221,#5222);
#5220=CARTESIAN_POINT('',(15.,3.5,0.));
#5221=DIRECTION('',(-0.,1.,0.));
#5222=DIRECTION('',(1.,0.,0.));
#5223=FACE_BOUND('',#5224,.T.);
#5224=EDGE_LOOP('',(#7448,#7449,#7450,#7451));
#5225=PLANE('',#5226);
#5226=AXIS2_PLACEMENT_3D('',#5227,#5228,#5229);
#5227=CARTESIAN_POINT('',(13.85,0.,1.));
#5228=DIRECTION('',(-0.766044443118977,0.,-0.64278760968654));
#5229=DIRECTION('',(-0.64278760968654,0.,0.766044443118977));
#5230=FACE_BOUND('',#5231,.T.);
#5231=EDGE_LOOP('',(#7452,#7453,#7454));
#5232=PLANE('',#5233);
#5233=AXIS2_PLACEMENT_3D('',#5234,#5235,#5236);
#5234=CARTESIAN_POINT('',(15.,2.5,0.));
#5235=DIRECTION('',(-0.,1.,0.));
#5236=DIRECTION('',(1.,0.,0.));
#5237=FACE_BOUND('',#5238,.T.);
#5238=EDGE_LOOP('',(#7455,#7456,#7457,#7458,#7459,#7460,#7461,#7462));
#5239=PLANE('',#5240);
#5240=AXIS2_PLACEMENT_3D('',#5241,#5242,#5243);
#5241=CARTESIAN_POINT('',(12.95,-4.5,1.));
#5242=DIRECTION('',(-1.,0.,0.));
#5243=DIRECTION('',(0.,0.,1.));
#5244=FACE_BOUND('',#5245,.T.);
#5245=EDGE_LOOP('',(#7463,#7464,#7465));
#5246=PLANE('',#5247);
#5247=AXIS2_PLACEMENT_3D('',#5248,#5249,#5250);
#5248=CARTESIAN_POINT('',(15.,2.5,0.));
#5249=DIRECTION('',(-0.,1.,0.));
#5250=DIRECTION('',(1.,0.,0.));
#5251=FACE_BOUND('',#5252,.T.);
#5252=EDGE_LOOP('',(#7466,#7467,#7468,#7469));
#5253=PLANE('',#5254);
#5254=AXIS2_PLACEMENT_3D('',#5255,#5256,#5257);
#5255=CARTESIAN_POINT('',(12.95,0.,6.22742176666521));
#5256=DIRECTION('',(-0.766044443118978,0.,0.642787609686539));
#5257=DIRECTION('',(0.642787609686539,0.,0.766044443118978));
#5258=FACE_BOUND('',#5259,.T.);
#5259=EDGE_LOOP('',(#7470,#7471,#7472,#7473));
#5260=PLANE('',#5261);
#5261=AXIS2_PLACEMENT_3D('',#5262,#5263,#5264);
#5262=CARTESIAN_POINT('',(16.15,0.,7.3));
#5263=DIRECTION('',(0.766044443118977,-0.,0.64278760968654));
#5264=DIRECTION('',(0.64278760968654,0.,-0.766044443118977));
#5265=FACE_BOUND('',#5266,.T.);
#5266=EDGE_LOOP('',(#7474,#7475,#7476));
#5267=PLANE('',#5268);
#5268=AXIS2_PLACEMENT_3D('',#5269,#5270,#5271);
#5269=CARTESIAN_POINT('',(15.,2.5,0.));
#5270=DIRECTION('',(-0.,1.,0.));
#5271=DIRECTION('',(1.,0.,0.));
#5272=FACE_OUTER_BOUND('',#5273,.T.);
#5273=EDGE_LOOP('',(#7477));
#5274=FACE_OUTER_BOUND('',#5275,.T.);
#5275=EDGE_LOOP('',(#7478));
#5276=CYLINDRICAL_SURFACE('',#5277,1.5);
#5277=AXIS2_PLACEMENT_3D('',#5278,#5279,#5280);
#5278=CARTESIAN_POINT('',(15.,-5.8362098304774E-030,7.3));
#5279=DIRECTION('',(-0.,1.21461182736277E-031,1.));
#5280=DIRECTION('',(0.,1.,-1.21461182736277E-031));
#5281=FACE_BOUND('',#5282,.T.);
#5282=EDGE_LOOP('',(#7479,#7480,#7481,#7482,#7483,#7484,#7485,#7486));
#5283=PLANE('',#5284);
#5284=AXIS2_PLACEMENT_3D('',#5285,#5286,#5287);
#5285=CARTESIAN_POINT('',(22.05,-4.5,7.3));
#5286=DIRECTION('',(1.,-0.,0.));
#5287=DIRECTION('',(0.,0.,-1.));
#5288=FACE_BOUND('',#5289,.T.);
#5289=EDGE_LOOP('',(#7487,#7488,#7489));
#5290=PLANE('',#5291);
#5291=AXIS2_PLACEMENT_3D('',#5292,#5293,#5294);
#5292=CARTESIAN_POINT('',(20.,2.5,0.));
#5293=DIRECTION('',(-0.,1.,0.));
#5294=DIRECTION('',(1.,0.,0.));
#5295=FACE_BOUND('',#5296,.T.);
#5296=EDGE_LOOP('',(#7490,#7491,#7492,#7493));
#5297=PLANE('',#5298);
#5298=AXIS2_PLACEMENT_3D('',#5299,#5300,#5301);
#5299=CARTESIAN_POINT('',(22.05,0.,2.07257823333479));
#5300=DIRECTION('',(0.766044443118977,0.,-0.64278760968654));
#5301=DIRECTION('',(-0.64278760968654,0.,-0.766044443118977));
#5302=FACE_BOUND('',#5303,.T.);
#5303=EDGE_LOOP('',(#7494,#7495,#7496,#7497,#7498,#7499,#7500,#7501));
#5304=PLANE('',#5305);
#5305=AXIS2_PLACEMENT_3D('',#5306,#5307,#5308);
#5306=CARTESIAN_POINT('',(20.,3.5,0.));
#5307=DIRECTION('',(-0.,1.,0.));
#5308=DIRECTION('',(1.,0.,0.));
#5309=FACE_BOUND('',#5310,.T.);
#5310=EDGE_LOOP('',(#7502,#7503,#7504,#7505));
#5311=PLANE('',#5312);
#5312=AXIS2_PLACEMENT_3D('',#5313,#5314,#5315);
#5313=CARTESIAN_POINT('',(18.85,0.,1.));
#5314=DIRECTION('',(-0.766044443118977,0.,-0.64278760968654));
#5315=DIRECTION('',(-0.64278760968654,0.,0.766044443118977));
#5316=FACE_BOUND('',#5317,.T.);
#5317=EDGE_LOOP('',(#7506,#7507,#7508));
#5318=PLANE('',#5319);
#5319=AXIS2_PLACEMENT_3D('',#5320,#5321,#5322);
#5320=CARTESIAN_POINT('',(20.,2.5,0.));
#5321=DIRECTION('',(-0.,1.,0.));
#5322=DIRECTION('',(1.,0.,0.));
#5323=FACE_BOUND('',#5324,.T.);
#5324=EDGE_LOOP('',(#7509,#7510,#7511,#7512,#7513,#7514,#7515,#7516));
#5325=PLANE('',#5326);
#5326=AXIS2_PLACEMENT_3D('',#5327,#5328,#5329);
#5327=CARTESIAN_POINT('',(17.95,-4.5,1.));
#5328=DIRECTION('',(-1.,0.,0.));
#5329=DIRECTION('',(0.,0.,1.));
#5330=FACE_BOUND('',#5331,.T.);
#5331=EDGE_LOOP('',(#7517,#7518,#7519));
#5332=PLANE('',#5333);
#5333=AXIS2_PLACEMENT_3D('',#5334,#5335,#5336);
#5334=CARTESIAN_POINT('',(20.,2.5,0.));
#5335=DIRECTION('',(-0.,1.,0.));
#5336=DIRECTION('',(1.,0.,0.));
#5337=FACE_BOUND('',#5338,.T.);
#5338=EDGE_LOOP('',(#7520,#7521,#7522,#7523));
#5339=PLANE('',#5340);
#5340=AXIS2_PLACEMENT_3D('',#5341,#5342,#5343);
#5341=CARTESIAN_POINT('',(17.95,0.,6.22742176666521));
#5342=DIRECTION('',(-0.766044443118977,0.,0.64278760968654));
#5343=DIRECTION('',(0.64278760968654,0.,0.766044443118977));
#5344=FACE_BOUND('',#5345,.T.);
#5345=EDGE_LOOP('',(#7524,#7525,#7526,#7527));
#5346=PLANE('',#5347);
#5347=AXIS2_PLACEMENT_3D('',#5348,#5349,#5350);
#5348=CARTESIAN_POINT('',(21.15,0.,7.3));
#5349=DIRECTION('',(0.766044443118977,-0.,0.64278760968654));
#5350=DIRECTION('',(0.64278760968654,0.,-0.766044443118977));
#5351=FACE_BOUND('',#5352,.T.);
#5352=EDGE_LOOP('',(#7528,#7529,#7530));
#5353=PLANE('',#5354);
#5354=AXIS2_PLACEMENT_3D('',#5355,#5356,#5357);
#5355=CARTESIAN_POINT('',(20.,2.5,0.));
#5356=DIRECTION('',(-0.,1.,0.));
#5357=DIRECTION('',(1.,0.,0.));
#5358=FACE_OUTER_BOUND('',#5359,.T.);
#5359=EDGE_LOOP('',(#7531));
#5360=FACE_OUTER_BOUND('',#5361,.T.);
#5361=EDGE_LOOP('',(#7532));
#5362=CYLINDRICAL_SURFACE('',#5363,1.5);
#5363=AXIS2_PLACEMENT_3D('',#5364,#5365,#5366);
#5364=CARTESIAN_POINT('',(20.,-5.8362098304774E-030,7.3));
#5365=DIRECTION('',(-0.,1.21461182736277E-031,1.));
#5366=DIRECTION('',(0.,1.,-1.21461182736277E-031));
#5367=FACE_BOUND('',#5368,.T.);
#5368=EDGE_LOOP('',(#7533,#7534,#7535,#7536,#7537,#7538,#7539,#7540));
#5369=PLANE('',#5370);
#5370=AXIS2_PLACEMENT_3D('',#5371,#5372,#5373);
#5371=CARTESIAN_POINT('',(27.05,-4.5,7.3));
#5372=DIRECTION('',(1.,-0.,0.));
#5373=DIRECTION('',(0.,0.,-1.));
#5374=FACE_BOUND('',#5375,.T.);
#5375=EDGE_LOOP('',(#7541,#7542,#7543));
#5376=PLANE('',#5377);
#5377=AXIS2_PLACEMENT_3D('',#5378,#5379,#5380);
#5378=CARTESIAN_POINT('',(25.,2.5,0.));
#5379=DIRECTION('',(-0.,1.,0.));
#5380=DIRECTION('',(1.,0.,0.));
#5381=FACE_BOUND('',#5382,.T.);
#5382=EDGE_LOOP('',(#7544,#7545,#7546,#7547));
#5383=PLANE('',#5384);
#5384=AXIS2_PLACEMENT_3D('',#5385,#5386,#5387);
#5385=CARTESIAN_POINT('',(27.05,0.,2.07257823333479));
#5386=DIRECTION('',(0.766044443118977,0.,-0.64278760968654));
#5387=DIRECTION('',(-0.64278760968654,0.,-0.766044443118977));
#5388=FACE_BOUND('',#5389,.T.);
#5389=EDGE_LOOP('',(#7548,#7549,#7550,#7551,#7552,#7553,#7554,#7555));
#5390=PLANE('',#5391);
#5391=AXIS2_PLACEMENT_3D('',#5392,#5393,#5394);
#5392=CARTESIAN_POINT('',(25.,3.5,0.));
#5393=DIRECTION('',(-0.,1.,0.));
#5394=DIRECTION('',(1.,0.,0.));
#5395=FACE_BOUND('',#5396,.T.);
#5396=EDGE_LOOP('',(#7556,#7557,#7558,#7559));
#5397=PLANE('',#5398);
#5398=AXIS2_PLACEMENT_3D('',#5399,#5400,#5401);
#5399=CARTESIAN_POINT('',(23.85,0.,1.));
#5400=DIRECTION('',(-0.766044443118977,0.,-0.64278760968654));
#5401=DIRECTION('',(-0.64278760968654,0.,0.766044443118977));
#5402=FACE_BOUND('',#5403,.T.);
#5403=EDGE_LOOP('',(#7560,#7561,#7562));
#5404=PLANE('',#5405);
#5405=AXIS2_PLACEMENT_3D('',#5406,#5407,#5408);
#5406=CARTESIAN_POINT('',(25.,2.5,0.));
#5407=DIRECTION('',(-0.,1.,0.));
#5408=DIRECTION('',(1.,0.,0.));
#5409=FACE_BOUND('',#5410,.T.);
#5410=EDGE_LOOP('',(#7563,#7564,#7565,#7566,#7567,#7568,#7569,#7570));
#5411=PLANE('',#5412);
#5412=AXIS2_PLACEMENT_3D('',#5413,#5414,#5415);
#5413=CARTESIAN_POINT('',(22.95,-4.5,1.));
#5414=DIRECTION('',(-1.,0.,0.));
#5415=DIRECTION('',(0.,0.,1.));
#5416=FACE_BOUND('',#5417,.T.);
#5417=EDGE_LOOP('',(#7571,#7572,#7573));
#5418=PLANE('',#5419);
#5419=AXIS2_PLACEMENT_3D('',#5420,#5421,#5422);
#5420=CARTESIAN_POINT('',(25.,2.5,0.));
#5421=DIRECTION('',(-0.,1.,0.));
#5422=DIRECTION('',(1.,0.,0.));
#5423=FACE_BOUND('',#5424,.T.);
#5424=EDGE_LOOP('',(#7574,#7575,#7576,#7577));
#5425=PLANE('',#5426);
#5426=AXIS2_PLACEMENT_3D('',#5427,#5428,#5429);
#5427=CARTESIAN_POINT('',(22.95,0.,6.22742176666521));
#5428=DIRECTION('',(-0.766044443118977,0.,0.64278760968654));
#5429=DIRECTION('',(0.64278760968654,0.,0.766044443118977));
#5430=FACE_BOUND('',#5431,.T.);
#5431=EDGE_LOOP('',(#7578,#7579,#7580,#7581));
#5432=PLANE('',#5433);
#5433=AXIS2_PLACEMENT_3D('',#5434,#5435,#5436);
#5434=CARTESIAN_POINT('',(26.15,0.,7.3));
#5435=DIRECTION('',(0.766044443118977,-0.,0.64278760968654));
#5436=DIRECTION('',(0.64278760968654,0.,-0.766044443118977));
#5437=FACE_BOUND('',#5438,.T.);
#5438=EDGE_LOOP('',(#7582,#7583,#7584));
#5439=PLANE('',#5440);
#5440=AXIS2_PLACEMENT_3D('',#5441,#5442,#5443);
#5441=CARTESIAN_POINT('',(25.,2.5,0.));
#5442=DIRECTION('',(-0.,1.,0.));
#5443=DIRECTION('',(1.,0.,0.));
#5444=FACE_OUTER_BOUND('',#5445,.T.);
#5445=EDGE_LOOP('',(#7585));
#5446=FACE_OUTER_BOUND('',#5447,.T.);
#5447=EDGE_LOOP('',(#7586));
#5448=CYLINDRICAL_SURFACE('',#5449,1.5);
#5449=AXIS2_PLACEMENT_3D('',#5450,#5451,#5452);
#5450=CARTESIAN_POINT('',(25.,-5.8362098304774E-030,7.3));
#5451=DIRECTION('',(-0.,1.21461182736277E-031,1.));
#5452=DIRECTION('',(0.,1.,-1.21461182736277E-031));
#5453=FACE_BOUND('',#5454,.T.);
#5454=EDGE_LOOP('',(#7587,#7588,#7589,#7590));
#5455=CYLINDRICAL_SURFACE('',#5456,0.95);
#5456=AXIS2_PLACEMENT_3D('',#5457,#5458,#5459);
#5457=CARTESIAN_POINT('',(30.,0.,0.));
#5458=DIRECTION('',(0.,0.,1.));
#5459=DIRECTION('',(1.,0.,0.));
#5460=FACE_BOUND('',#5461,.T.);
#5461=EDGE_LOOP('',(#7591,#7592,#7593,#7594,#7595,#7596,#7597,#7598));
#5462=PLANE('',#5463);
#5463=AXIS2_PLACEMENT_3D('',#5464,#5465,#5466);
#5464=CARTESIAN_POINT('',(32.05,-4.5,7.3));
#5465=DIRECTION('',(1.,-0.,0.));
#5466=DIRECTION('',(0.,0.,-1.));
#5467=FACE_BOUND('',#5468,.T.);
#5468=EDGE_LOOP('',(#7599,#7600,#7601));
#5469=PLANE('',#5470);
#5470=AXIS2_PLACEMENT_3D('',#5471,#5472,#5473);
#5471=CARTESIAN_POINT('',(30.,2.5,0.));
#5472=DIRECTION('',(-0.,1.,0.));
#5473=DIRECTION('',(1.,0.,0.));
#5474=FACE_BOUND('',#5475,.T.);
#5475=EDGE_LOOP('',(#7602,#7603,#7604,#7605));
#5476=PLANE('',#5477);
#5477=AXIS2_PLACEMENT_3D('',#5478,#5479,#5480);
#5478=CARTESIAN_POINT('',(32.05,0.,2.07257823333479));
#5479=DIRECTION('',(0.766044443118979,0.,-0.642787609686539));
#5480=DIRECTION('',(-0.642787609686539,0.,-0.766044443118979));
#5481=FACE_BOUND('',#5482,.T.);
#5482=EDGE_LOOP('',(#7606,#7607,#7608,#7609,#7610,#7611,#7612,#7613));
#5483=PLANE('',#5484);
#5484=AXIS2_PLACEMENT_3D('',#5485,#5486,#5487);
#5485=CARTESIAN_POINT('',(30.,3.5,0.));
#5486=DIRECTION('',(-0.,1.,0.));
#5487=DIRECTION('',(1.,0.,0.));
#5488=FACE_BOUND('',#5489,.T.);
#5489=EDGE_LOOP('',(#7614,#7615,#7616,#7617));
#5490=PLANE('',#5491);
#5491=AXIS2_PLACEMENT_3D('',#5492,#5493,#5494);
#5492=CARTESIAN_POINT('',(28.85,0.,1.));
#5493=DIRECTION('',(-0.766044443118977,0.,-0.64278760968654));
#5494=DIRECTION('',(-0.64278760968654,0.,0.766044443118977));
#5495=FACE_BOUND('',#5496,.T.);
#5496=EDGE_LOOP('',(#7618,#7619,#7620));
#5497=PLANE('',#5498);
#5498=AXIS2_PLACEMENT_3D('',#5499,#5500,#5501);
#5499=CARTESIAN_POINT('',(30.,2.5,0.));
#5500=DIRECTION('',(-0.,1.,0.));
#5501=DIRECTION('',(1.,0.,0.));
#5502=FACE_BOUND('',#5503,.T.);
#5503=EDGE_LOOP('',(#7621,#7622,#7623,#7624,#7625,#7626,#7627,#7628));
#5504=PLANE('',#5505);
#5505=AXIS2_PLACEMENT_3D('',#5506,#5507,#5508);
#5506=CARTESIAN_POINT('',(27.95,-4.5,1.));
#5507=DIRECTION('',(-1.,0.,0.));
#5508=DIRECTION('',(0.,0.,1.));
#5509=FACE_BOUND('',#5510,.T.);
#5510=EDGE_LOOP('',(#7629,#7630,#7631));
#5511=PLANE('',#5512);
#5512=AXIS2_PLACEMENT_3D('',#5513,#5514,#5515);
#5513=CARTESIAN_POINT('',(30.,2.5,0.));
#5514=DIRECTION('',(-0.,1.,0.));
#5515=DIRECTION('',(1.,0.,0.));
#5516=FACE_BOUND('',#5517,.T.);
#5517=EDGE_LOOP('',(#7632,#7633,#7634,#7635));
#5518=PLANE('',#5519);
#5519=AXIS2_PLACEMENT_3D('',#5520,#5521,#5522);
#5520=CARTESIAN_POINT('',(27.95,0.,6.22742176666521));
#5521=DIRECTION('',(-0.766044443118977,0.,0.64278760968654));
#5522=DIRECTION('',(0.64278760968654,0.,0.766044443118977));
#5523=FACE_BOUND('',#5524,.T.);
#5524=EDGE_LOOP('',(#7636,#7637,#7638,#7639));
#5525=PLANE('',#5526);
#5526=AXIS2_PLACEMENT_3D('',#5527,#5528,#5529);
#5527=CARTESIAN_POINT('',(31.15,0.,7.3));
#5528=DIRECTION('',(0.766044443118978,-0.,0.642787609686539));
#5529=DIRECTION('',(0.642787609686539,0.,-0.766044443118978));
#5530=FACE_BOUND('',#5531,.T.);
#5531=EDGE_LOOP('',(#7640,#7641,#7642));
#5532=PLANE('',#5533);
#5533=AXIS2_PLACEMENT_3D('',#5534,#5535,#5536);
#5534=CARTESIAN_POINT('',(30.,2.5,0.));
#5535=DIRECTION('',(-0.,1.,0.));
#5536=DIRECTION('',(1.,0.,0.));
#5537=FACE_OUTER_BOUND('',#5538,.T.);
#5538=EDGE_LOOP('',(#7643));
#5539=FACE_OUTER_BOUND('',#5540,.T.);
#5540=EDGE_LOOP('',(#7644));
#5541=CYLINDRICAL_SURFACE('',#5542,1.5);
#5542=AXIS2_PLACEMENT_3D('',#5543,#5544,#5545);
#5543=CARTESIAN_POINT('',(30.,-5.8362098304774E-030,7.3));
#5544=DIRECTION('',(-0.,1.21461182736277E-031,1.));
#5545=DIRECTION('',(0.,1.,-1.21461182736277E-031));
#5546=FACE_BOUND('',#5547,.T.);
#5547=EDGE_LOOP('',(#7645,#7646,#7647,#7648));
#5548=CYLINDRICAL_SURFACE('',#5549,0.95);
#5549=AXIS2_PLACEMENT_3D('',#5550,#5551,#5552);
#5550=CARTESIAN_POINT('',(0.,0.,0.));
#5551=DIRECTION('',(0.,0.,1.));
#5552=DIRECTION('',(1.,0.,0.));
#5553=FACE_BOUND('',#5554,.T.);
#5554=EDGE_LOOP('',(#7649,#7650,#7651,#7652,#7653,#7654,#7655,#7656));
#5555=PLANE('',#5556);
#5556=AXIS2_PLACEMENT_3D('',#5557,#5558,#5559);
#5557=CARTESIAN_POINT('',(2.05,-4.5,7.3));
#5558=DIRECTION('',(1.,-0.,0.));
#5559=DIRECTION('',(0.,0.,-1.));
#5560=FACE_BOUND('',#5561,.T.);
#5561=EDGE_LOOP('',(#7657,#7658,#7659));
#5562=PLANE('',#5563);
#5563=AXIS2_PLACEMENT_3D('',#5564,#5565,#5566);
#5564=CARTESIAN_POINT('',(0.,2.5,0.));
#5565=DIRECTION('',(-0.,1.,0.));
#5566=DIRECTION('',(1.,0.,0.));
#5567=FACE_BOUND('',#5568,.T.);
#5568=EDGE_LOOP('',(#7660,#7661,#7662,#7663));
#5569=PLANE('',#5570);
#5570=AXIS2_PLACEMENT_3D('',#5571,#5572,#5573);
#5571=CARTESIAN_POINT('',(2.05,0.,2.07257823333479));
#5572=DIRECTION('',(0.766044443118978,0.,-0.642787609686539));
#5573=DIRECTION('',(-0.642787609686539,0.,-0.766044443118978));
#5574=FACE_BOUND('',#5575,.T.);
#5575=EDGE_LOOP('',(#7664,#7665,#7666,#7667,#7668,#7669,#7670,#7671));
#5576=PLANE('',#5577);
#5577=AXIS2_PLACEMENT_3D('',#5578,#5579,#5580);
#5578=CARTESIAN_POINT('',(0.,3.5,0.));
#5579=DIRECTION('',(-0.,1.,0.));
#5580=DIRECTION('',(1.,0.,0.));
#5581=FACE_BOUND('',#5582,.T.);
#5582=EDGE_LOOP('',(#7672,#7673,#7674,#7675));
#5583=PLANE('',#5584);
#5584=AXIS2_PLACEMENT_3D('',#5585,#5586,#5587);
#5585=CARTESIAN_POINT('',(-1.15,0.,1.));
#5586=DIRECTION('',(-0.766044443118978,0.,-0.642787609686539));
#5587=DIRECTION('',(-0.642787609686539,0.,0.766044443118978));
#5588=FACE_BOUND('',#5589,.T.);
#5589=EDGE_LOOP('',(#7676,#7677,#7678));
#5590=PLANE('',#5591);
#5591=AXIS2_PLACEMENT_3D('',#5592,#5593,#5594);
#5592=CARTESIAN_POINT('',(0.,2.5,0.));
#5593=DIRECTION('',(-0.,1.,0.));
#5594=DIRECTION('',(1.,0.,0.));
#5595=FACE_BOUND('',#5596,.T.);
#5596=EDGE_LOOP('',(#7679,#7680,#7681,#7682,#7683,#7684,#7685,#7686));
#5597=PLANE('',#5598);
#5598=AXIS2_PLACEMENT_3D('',#5599,#5600,#5601);
#5599=CARTESIAN_POINT('',(-2.05,-4.5,1.));
#5600=DIRECTION('',(-1.,0.,0.));
#5601=DIRECTION('',(0.,0.,1.));
#5602=FACE_BOUND('',#5603,.T.);
#5603=EDGE_LOOP('',(#7687,#7688,#7689));
#5604=PLANE('',#5605);
#5605=AXIS2_PLACEMENT_3D('',#5606,#5607,#5608);
#5606=CARTESIAN_POINT('',(0.,2.5,0.));
#5607=DIRECTION('',(-0.,1.,0.));
#5608=DIRECTION('',(1.,0.,0.));
#5609=FACE_BOUND('',#5610,.T.);
#5610=EDGE_LOOP('',(#7690,#7691,#7692,#7693));
#5611=PLANE('',#5612);
#5612=AXIS2_PLACEMENT_3D('',#5613,#5614,#5615);
#5613=CARTESIAN_POINT('',(-2.05,0.,6.22742176666521));
#5614=DIRECTION('',(-0.766044443118978,0.,0.642787609686539));
#5615=DIRECTION('',(0.642787609686539,0.,0.766044443118978));
#5616=FACE_BOUND('',#5617,.T.);
#5617=EDGE_LOOP('',(#7694,#7695,#7696,#7697));
#5618=PLANE('',#5619);
#5619=AXIS2_PLACEMENT_3D('',#5620,#5621,#5622);
#5620=CARTESIAN_POINT('',(1.15,0.,7.3));
#5621=DIRECTION('',(0.766044443118978,-0.,0.642787609686539));
#5622=DIRECTION('',(0.642787609686539,0.,-0.766044443118978));
#5623=FACE_BOUND('',#5624,.T.);
#5624=EDGE_LOOP('',(#7698,#7699,#7700));
#5625=PLANE('',#5626);
#5626=AXIS2_PLACEMENT_3D('',#5627,#5628,#5629);
#5627=CARTESIAN_POINT('',(0.,2.5,0.));
#5628=DIRECTION('',(-0.,1.,0.));
#5629=DIRECTION('',(1.,0.,0.));
#5630=FACE_OUTER_BOUND('',#5631,.T.);
#5631=EDGE_LOOP('',(#7701));
#5632=FACE_OUTER_BOUND('',#5633,.T.);
#5633=EDGE_LOOP('',(#7702));
#5634=CYLINDRICAL_SURFACE('',#5635,1.5);
#5635=AXIS2_PLACEMENT_3D('',#5636,#5637,#5638);
#5636=CARTESIAN_POINT('',(0.,-5.8362098304774E-030,7.3));
#5637=DIRECTION('',(-0.,1.21461182736277E-031,1.));
#5638=DIRECTION('',(0.,1.,-1.21461182736277E-031));
#5639=FACE_BOUND('',#5640,.T.);
#5640=EDGE_LOOP('',(#7703,#7704,#7705,#7706));
#5641=CYLINDRICAL_SURFACE('',#5642,0.95);
#5642=AXIS2_PLACEMENT_3D('',#5643,#5644,#5645);
#5643=CARTESIAN_POINT('',(5.,0.,0.));
#5644=DIRECTION('',(0.,0.,1.));
#5645=DIRECTION('',(1.,0.,0.));
#5646=FACE_BOUND('',#5647,.T.);
#5647=EDGE_LOOP('',(#7707,#7708,#7709,#7710,#7711,#7712,#7713,#7714));
#5648=PLANE('',#5649);
#5649=AXIS2_PLACEMENT_3D('',#5650,#5651,#5652);
#5650=CARTESIAN_POINT('',(7.05,-4.5,7.3));
#5651=DIRECTION('',(1.,-0.,0.));
#5652=DIRECTION('',(0.,0.,-1.));
#5653=FACE_BOUND('',#5654,.T.);
#5654=EDGE_LOOP('',(#7715,#7716,#7717));
#5655=PLANE('',#5656);
#5656=AXIS2_PLACEMENT_3D('',#5657,#5658,#5659);
#5657=CARTESIAN_POINT('',(5.,2.5,0.));
#5658=DIRECTION('',(-0.,1.,0.));
#5659=DIRECTION('',(1.,0.,0.));
#5660=FACE_BOUND('',#5661,.T.);
#5661=EDGE_LOOP('',(#7718,#7719,#7720,#7721));
#5662=PLANE('',#5663);
#5663=AXIS2_PLACEMENT_3D('',#5664,#5665,#5666);
#5664=CARTESIAN_POINT('',(7.05,0.,2.07257823333479));
#5665=DIRECTION('',(0.766044443118978,0.,-0.642787609686539));
#5666=DIRECTION('',(-0.642787609686539,0.,-0.766044443118978));
#5667=FACE_BOUND('',#5668,.T.);
#5668=EDGE_LOOP('',(#7722,#7723,#7724,#7725,#7726,#7727,#7728,#7729));
#5669=PLANE('',#5670);
#5670=AXIS2_PLACEMENT_3D('',#5671,#5672,#5673);
#5671=CARTESIAN_POINT('',(5.,3.5,0.));
#5672=DIRECTION('',(-0.,1.,0.));
#5673=DIRECTION('',(1.,0.,0.));
#5674=FACE_BOUND('',#5675,.T.);
#5675=EDGE_LOOP('',(#7730,#7731,#7732,#7733));
#5676=PLANE('',#5677);
#5677=AXIS2_PLACEMENT_3D('',#5678,#5679,#5680);
#5678=CARTESIAN_POINT('',(3.85,0.,1.));
#5679=DIRECTION('',(-0.766044443118978,0.,-0.642787609686539));
#5680=DIRECTION('',(-0.642787609686539,0.,0.766044443118978));
#5681=FACE_BOUND('',#5682,.T.);
#5682=EDGE_LOOP('',(#7734,#7735,#7736));
#5683=PLANE('',#5684);
#5684=AXIS2_PLACEMENT_3D('',#5685,#5686,#5687);
#5685=CARTESIAN_POINT('',(5.,2.5,0.));
#5686=DIRECTION('',(-0.,1.,0.));
#5687=DIRECTION('',(1.,0.,0.));
#5688=FACE_BOUND('',#5689,.T.);
#5689=EDGE_LOOP('',(#7737,#7738,#7739,#7740,#7741,#7742,#7743,#7744));
#5690=PLANE('',#5691);
#5691=AXIS2_PLACEMENT_3D('',#5692,#5693,#5694);
#5692=CARTESIAN_POINT('',(2.95,-4.5,1.));
#5693=DIRECTION('',(-1.,0.,0.));
#5694=DIRECTION('',(0.,0.,1.));
#5695=FACE_BOUND('',#5696,.T.);
#5696=EDGE_LOOP('',(#7745,#7746,#7747));
#5697=PLANE('',#5698);
#5698=AXIS2_PLACEMENT_3D('',#5699,#5700,#5701);
#5699=CARTESIAN_POINT('',(5.,2.5,0.));
#5700=DIRECTION('',(-0.,1.,0.));
#5701=DIRECTION('',(1.,0.,0.));
#5702=FACE_BOUND('',#5703,.T.);
#5703=EDGE_LOOP('',(#7748,#7749,#7750,#7751));
#5704=PLANE('',#5705);
#5705=AXIS2_PLACEMENT_3D('',#5706,#5707,#5708);
#5706=CARTESIAN_POINT('',(2.95,0.,6.22742176666521));
#5707=DIRECTION('',(-0.766044443118978,0.,0.642787609686539));
#5708=DIRECTION('',(0.642787609686539,0.,0.766044443118978));
#5709=FACE_BOUND('',#5710,.T.);
#5710=EDGE_LOOP('',(#7752,#7753,#7754,#7755));
#5711=PLANE('',#5712);
#5712=AXIS2_PLACEMENT_3D('',#5713,#5714,#5715);
#5713=CARTESIAN_POINT('',(6.15,0.,7.3));
#5714=DIRECTION('',(0.766044443118978,-0.,0.642787609686539));
#5715=DIRECTION('',(0.642787609686539,0.,-0.766044443118978));
#5716=FACE_BOUND('',#5717,.T.);
#5717=EDGE_LOOP('',(#7756,#7757,#7758));
#5718=PLANE('',#5719);
#5719=AXIS2_PLACEMENT_3D('',#5720,#5721,#5722);
#5720=CARTESIAN_POINT('',(5.,2.5,0.));
#5721=DIRECTION('',(-0.,1.,0.));
#5722=DIRECTION('',(1.,0.,0.));
#5723=FACE_OUTER_BOUND('',#5724,.T.);
#5724=EDGE_LOOP('',(#7759));
#5725=FACE_OUTER_BOUND('',#5726,.T.);
#5726=EDGE_LOOP('',(#7760));
#5727=CYLINDRICAL_SURFACE('',#5728,1.5);
#5728=AXIS2_PLACEMENT_3D('',#5729,#5730,#5731);
#5729=CARTESIAN_POINT('',(5.,-5.8362098304774E-030,7.3));
#5730=DIRECTION('',(-0.,1.21461182736277E-031,1.));
#5731=DIRECTION('',(0.,1.,-1.21461182736277E-031));
#5732=FACE_OUTER_BOUND('',#5733,.T.);
#5733=EDGE_LOOP('',(#7761));
#5734=FACE_OUTER_BOUND('',#5735,.T.);
#5735=EDGE_LOOP('',(#7762));
#5736=CONICAL_SURFACE('',#5737,1.75,1.19028994968253);
#5737=AXIS2_PLACEMENT_3D('',#5738,#5739,#5740);
#5738=CARTESIAN_POINT('',(5.,-5.81191759393014E-030,7.5));
#5739=DIRECTION('',(0.,1.21461182736277E-031,1.));
#5740=DIRECTION('',(0.,1.,-1.21461182736277E-031));
#5741=FACE_OUTER_BOUND('',#5742,.T.);
#5742=EDGE_LOOP('',(#7763));
#5743=FACE_OUTER_BOUND('',#5744,.T.);
#5744=EDGE_LOOP('',(#7764));
#5745=CONICAL_SURFACE('',#5746,1.75,1.19028994968253);
#5746=AXIS2_PLACEMENT_3D('',#5747,#5748,#5749);
#5747=CARTESIAN_POINT('',(10.,-5.81191759393014E-030,7.5));
#5748=DIRECTION('',(0.,1.21461182736277E-031,1.));
#5749=DIRECTION('',(0.,1.,-1.21461182736277E-031));
#5750=FACE_OUTER_BOUND('',#5751,.T.);
#5751=EDGE_LOOP('',(#7765));
#5752=FACE_OUTER_BOUND('',#5753,.T.);
#5753=EDGE_LOOP('',(#7766));
#5754=CONICAL_SURFACE('',#5755,1.75,1.19028994968253);
#5755=AXIS2_PLACEMENT_3D('',#5756,#5757,#5758);
#5756=CARTESIAN_POINT('',(15.,-5.81191759393014E-030,7.5));
#5757=DIRECTION('',(0.,1.21461182736277E-031,1.));
#5758=DIRECTION('',(0.,1.,-1.21461182736277E-031));
#5759=FACE_OUTER_BOUND('',#5760,.T.);
#5760=EDGE_LOOP('',(#7767));
#5761=FACE_OUTER_BOUND('',#5762,.T.);
#5762=EDGE_LOOP('',(#7768));
#5763=CONICAL_SURFACE('',#5764,1.75,1.19028994968253);
#5764=AXIS2_PLACEMENT_3D('',#5765,#5766,#5767);
#5765=CARTESIAN_POINT('',(20.,-5.81191759393014E-030,7.5));
#5766=DIRECTION('',(0.,1.21461182736277E-031,1.));
#5767=DIRECTION('',(0.,1.,-1.21461182736277E-031));
#5768=FACE_OUTER_BOUND('',#5769,.T.);
#5769=EDGE_LOOP('',(#7769));
#5770=FACE_OUTER_BOUND('',#5771,.T.);
#5771=EDGE_LOOP('',(#7770));
#5772=CONICAL_SURFACE('',#5773,1.75,1.19028994968253);
#5773=AXIS2_PLACEMENT_3D('',#5774,#5775,#5776);
#5774=CARTESIAN_POINT('',(25.,-5.81191759393014E-030,7.5));
#5775=DIRECTION('',(0.,1.21461182736277E-031,1.));
#5776=DIRECTION('',(0.,1.,-1.21461182736277E-031));
#5777=FACE_OUTER_BOUND('',#5778,.T.);
#5778=EDGE_LOOP('',(#7771));
#5779=FACE_OUTER_BOUND('',#5780,.T.);
#5780=EDGE_LOOP('',(#7772));
#5781=CONICAL_SURFACE('',#5782,1.75,1.19028994968253);
#5782=AXIS2_PLACEMENT_3D('',#5783,#5784,#5785);
#5783=CARTESIAN_POINT('',(30.,-5.81191759393014E-030,7.5));
#5784=DIRECTION('',(0.,1.21461182736277E-031,1.));
#5785=DIRECTION('',(0.,1.,-1.21461182736277E-031));
#5786=FACE_OUTER_BOUND('',#5787,.T.);
#5787=EDGE_LOOP('',(#7773));
#5788=FACE_OUTER_BOUND('',#5789,.T.);
#5789=EDGE_LOOP('',(#7774));
#5790=CONICAL_SURFACE('',#5791,1.75,1.19028994968253);
#5791=AXIS2_PLACEMENT_3D('',#5792,#5793,#5794);
#5792=CARTESIAN_POINT('',(0.,-5.81191759393014E-030,7.5));
#5793=DIRECTION('',(0.,1.21461182736277E-031,1.));
#5794=DIRECTION('',(0.,1.,-1.21461182736277E-031));
#5795=COMPOSITE_CURVE_SEGMENT(.DISCONTINUOUS.,.T.,#7775);
#5796=COMPOSITE_CURVE_SEGMENT(.DISCONTINUOUS.,.T.,#7776);
#5797=COMPOSITE_CURVE_SEGMENT(.DISCONTINUOUS.,.T.,#7777);
#5798=COMPOSITE_CURVE_SEGMENT(.DISCONTINUOUS.,.T.,#7778);
#5799=COMPOSITE_CURVE_SEGMENT(.DISCONTINUOUS.,.T.,#7779);
#5800=COMPOSITE_CURVE_SEGMENT(.DISCONTINUOUS.,.T.,#7780);
#5801=COMPOSITE_CURVE_SEGMENT(.DISCONTINUOUS.,.T.,#7781);
#5802=FACE_BOUND('',#5803,.T.);
#5803=EDGE_LOOP('',(#7782,#7783,#7784,#7785));
#5804=PLANE('',#5805);
#5805=AXIS2_PLACEMENT_3D('',#5806,#5807,#5808);
#5806=CARTESIAN_POINT('',(-0.675,-2.5,5.6));
#5807=DIRECTION('',(0.,0.,1.));
#5808=DIRECTION('',(1.,0.,0.));
#5809=FACE_BOUND('',#5810,.T.);
#5810=EDGE_LOOP('',(#7786,#7787,#7788,#7789));
#5811=PLANE('',#5812);
#5812=AXIS2_PLACEMENT_3D('',#5813,#5814,#5815);
#5813=CARTESIAN_POINT('',(-0.675,-2.5,5.6));
#5814=DIRECTION('',(0.,0.,1.));
#5815=DIRECTION('',(1.,0.,0.));
#5816=FACE_BOUND('',#5817,.T.);
#5817=EDGE_LOOP('',(#7790,#7791,#7792,#7793,#7794,#7795));
#5818=CYLINDRICAL_SURFACE('',#5819,0.675);
#5819=AXIS2_PLACEMENT_3D('',#5820,#5821,#5822);
#5820=CARTESIAN_POINT('',(-0.675,-2.5,4.925));
#5821=DIRECTION('',(0.,1.,0.));
#5822=DIRECTION('',(-1.,0.,-0.));
#5823=FACE_BOUND('',#5824,.T.);
#5824=EDGE_LOOP('',(#7796,#7797,#7798,#7799,#7800,#7801,#7802));
#5825=CYLINDRICAL_SURFACE('',#5826,0.675);
#5826=AXIS2_PLACEMENT_3D('',#5827,#5828,#5829);
#5827=CARTESIAN_POINT('',(0.675,-2.5,4.925));
#5828=DIRECTION('',(0.,1.,0.));
#5829=DIRECTION('',(-1.64477485129653E-016,-0.,1.));
#5830=FACE_BOUND('',#5831,.T.);
#5831=EDGE_LOOP('',(#7803,#7804,#7805,#7806));
#5832=FACE_BOUND('',#5833,.T.);
#5833=EDGE_LOOP('',(#7807));
#5834=PLANE('',#5835);
#5835=AXIS2_PLACEMENT_3D('',#5836,#5837,#5838);
#5836=CARTESIAN_POINT('',(-2.,-2.5,7.));
#5837=DIRECTION('',(0.,0.,1.));
#5838=DIRECTION('',(1.,0.,0.));
#5839=FACE_OUTER_BOUND('',#5840,.T.);
#5840=EDGE_LOOP('',(#7808));
#5841=FACE_BOUND('',#5842,.T.);
#5842=EDGE_LOOP('',(#7809,#7810,#7811,#7812,#7813));
#5843=CYLINDRICAL_SURFACE('',#5844,1.25);
#5844=AXIS2_PLACEMENT_3D('',#5845,#5846,#5847);
#5845=CARTESIAN_POINT('',(0.,0.,4.925));
#5846=DIRECTION('',(0.,0.,1.));
#5847=DIRECTION('',(1.,0.,0.));
#5848=FACE_BOUND('',#5849,.T.);
#5849=EDGE_LOOP('',(#7814,#7815,#7816,#7817));
#5850=FACE_BOUND('',#5851,.T.);
#5851=EDGE_LOOP('',(#7818,#7819,#7820,#7821,#7822,#7823,#7824,#7825));
#5852=PLANE('',#5853);
#5853=AXIS2_PLACEMENT_3D('',#5854,#5855,#5856);
#5854=CARTESIAN_POINT('',(0.,2.5,0.));
#5855=DIRECTION('',(-0.,1.,0.));
#5856=DIRECTION('',(1.,0.,0.));
#5857=FACE_BOUND('',#5858,.T.);
#5858=EDGE_LOOP('',(#7826,#7827,#7828,#7829));
#5859=FACE_BOUND('',#5860,.T.);
#5860=EDGE_LOOP('',(#7830,#7831,#7832,#7833,#7834,#7835,#7836,#7837));
#5861=PLANE('',#5862);
#5862=AXIS2_PLACEMENT_3D('',#5863,#5864,#5865);
#5863=CARTESIAN_POINT('',(0.,-2.5,0.));
#5864=DIRECTION('',(-0.,1.,0.));
#5865=DIRECTION('',(1.,0.,0.));
#5866=FACE_BOUND('',#5867,.T.);
#5867=EDGE_LOOP('',(#7838,#7839,#7840,#7841));
#5868=PLANE('',#5869);
#5869=AXIS2_PLACEMENT_3D('',#5870,#5871,#5872);
#5870=CARTESIAN_POINT('',(-1.35,-2.5,2.675));
#5871=DIRECTION('',(-1.,0.,9.86864910777917E-017));
#5872=DIRECTION('',(9.86864910777917E-017,0.,1.));
#5873=FACE_BOUND('',#5874,.T.);
#5874=EDGE_LOOP('',(#7842,#7843,#7844,#7845));
#5875=PLANE('',#5876);
#5876=AXIS2_PLACEMENT_3D('',#5877,#5878,#5879);
#5877=CARTESIAN_POINT('',(1.35,-2.5,4.925));
#5878=DIRECTION('',(1.,-0.,0.));
#5879=DIRECTION('',(0.,0.,-1.));
#5880=FACE_BOUND('',#5881,.T.);
#5881=EDGE_LOOP('',(#7846,#7847,#7848,#7849));
#5882=PLANE('',#5883);
#5883=AXIS2_PLACEMENT_3D('',#5884,#5885,#5886);
#5884=CARTESIAN_POINT('',(2.,-2.5,7.));
#5885=DIRECTION('',(1.,-0.,0.));
#5886=DIRECTION('',(0.,0.,-1.));
#5887=FACE_BOUND('',#5888,.T.);
#5888=EDGE_LOOP('',(#7850,#7851,#7852,#7853));
#5889=PLANE('',#5890);
#5890=AXIS2_PLACEMENT_3D('',#5891,#5892,#5893);
#5891=CARTESIAN_POINT('',(-2.,-2.5,1.));
#5892=DIRECTION('',(-1.,0.,0.));
#5893=DIRECTION('',(0.,0.,1.));
#5894=FACE_BOUND('',#5895,.T.);
#5895=EDGE_LOOP('',(#7854,#7855,#7856,#7857));
#5896=FACE_BOUND('',#5897,.T.);
#5897=EDGE_LOOP('',(#7858));
#5898=PLANE('',#5899);
#5899=AXIS2_PLACEMENT_3D('',#5900,#5901,#5902);
#5900=CARTESIAN_POINT('',(2.,-2.5,1.));
#5901=DIRECTION('',(0.,0.,-1.));
#5902=DIRECTION('',(-1.,0.,0.));
#5903=FACE_BOUND('',#5904,.T.);
#5904=EDGE_LOOP('',(#7859,#7860,#7861,#7862));
#5905=CYLINDRICAL_SURFACE('',#5906,0.675);
#5906=AXIS2_PLACEMENT_3D('',#5907,#5908,#5909);
#5907=CARTESIAN_POINT('',(-0.675,-2.5,2.675));
#5908=DIRECTION('',(0.,1.,0.));
#5909=DIRECTION('',(0.,0.,-1.));
#5910=FACE_BOUND('',#5911,.T.);
#5911=EDGE_LOOP('',(#7863,#7864,#7865,#7866));
#5912=PLANE('',#5913);
#5913=AXIS2_PLACEMENT_3D('',#5914,#5915,#5916);
#5914=CARTESIAN_POINT('',(0.675,-2.5,2.));
#5915=DIRECTION('',(3.28954970259306E-016,0.,-1.));
#5916=DIRECTION('',(-1.,0.,-3.28954970259306E-016));
#5917=FACE_BOUND('',#5918,.T.);
#5918=EDGE_LOOP('',(#7867,#7868,#7869,#7870));
#5919=CYLINDRICAL_SURFACE('',#5920,0.675);
#5920=AXIS2_PLACEMENT_3D('',#5921,#5922,#5923);
#5921=CARTESIAN_POINT('',(0.675,-2.5,2.675));
#5922=DIRECTION('',(0.,1.,0.));
#5923=DIRECTION('',(1.,0.,0.));
#5924=FACE_OUTER_BOUND('',#5925,.T.);
#5925=EDGE_LOOP('',(#7871));
#5926=FACE_OUTER_BOUND('',#5927,.T.);
#5927=EDGE_LOOP('',(#7872));
#5928=CONICAL_SURFACE('',#5929,0.6,0.5235987755983);
#5929=AXIS2_PLACEMENT_3D('',#5930,#5931,#5932);
#5930=CARTESIAN_POINT('',(-5.65044425872642E-021,0.,0.826794919243113));
#5931=DIRECTION('',(1.9176692154591E-036,-0.,1.));
#5932=DIRECTION('',(1.,0.,-1.9176692154591E-036));
#5933=FACE_OUTER_BOUND('',#5934,.T.);
#5934=EDGE_LOOP('',(#7873));
#5935=FACE_OUTER_BOUND('',#5936,.T.);
#5936=EDGE_LOOP('',(#7874));
#5937=CYLINDRICAL_SURFACE('',#5938,0.5);
#5938=AXIS2_PLACEMENT_3D('',#5939,#5940,#5941);
#5939=CARTESIAN_POINT('',(-5.65044425872643E-021,0.,-3.8653311938735));
#5940=DIRECTION('',(1.9176692154591E-036,-0.,1.));
#5941=DIRECTION('',(1.,0.,-1.9176692154591E-036));
#5942=FACE_OUTER_BOUND('',#5943,.T.);
#5943=EDGE_LOOP('',(#7875));
#5944=SPHERICAL_SURFACE('',#5945,0.65);
#5945=AXIS2_PLACEMENT_3D('',#5946,#5947,#5948);
#5946=CARTESIAN_POINT('',(-5.65044425872642E-021,0.,-3.45));
#5947=DIRECTION('',(1.9176692154591E-036,-0.,1.));
#5948=DIRECTION('',(1.,0.,-1.9176692154591E-036));
#5949=FACE_BOUND('',#5950,.T.);
#5950=EDGE_LOOP('',(#7876,#7877,#7878,#7879,#7880,#7881,#7882,#7883,#7884,#7885));
#5951=FACE_BOUND('',#5952,.T.);
#5952=EDGE_LOOP('',(#7886));
#5953=PLANE('',#5954);
#5954=AXIS2_PLACEMENT_3D('',#5955,#5956,#5957);
#5955=CARTESIAN_POINT('',(0.,0.,7.));
#5956=DIRECTION('',(0.,0.,1.));
#5957=DIRECTION('',(1.,0.,0.));
#5958=FACE_BOUND('',#5959,.T.);
#5959=EDGE_LOOP('',(#7887,#7888,#7889,#7890,#7891,#7892,#7893,#7894,#7895,#7896));
#5960=FACE_BOUND('',#5961,.T.);
#5961=EDGE_LOOP('',(#7897));
#5962=PLANE('',#5963);
#5963=AXIS2_PLACEMENT_3D('',#5964,#5965,#5966);
#5964=CARTESIAN_POINT('',(0.,0.,7.2));
#5965=DIRECTION('',(0.,0.,1.));
#5966=DIRECTION('',(1.,0.,0.));
#5967=FACE_OUTER_BOUND('',#5968,.T.);
#5968=EDGE_LOOP('',(#7898));
#5969=FACE_OUTER_BOUND('',#5970,.T.);
#5970=EDGE_LOOP('',(#7899));
#5971=CYLINDRICAL_SURFACE('',#5972,1.525);
#5972=AXIS2_PLACEMENT_3D('',#5973,#5974,#5975);
#5973=CARTESIAN_POINT('',(0.,0.,7.));
#5974=DIRECTION('',(0.,0.,1.));
#5975=DIRECTION('',(1.,0.,0.));
#5976=FACE_BOUND('',#5977,.T.);
#5977=EDGE_LOOP('',(#7900,#7901,#7902,#7903));
#5978=PLANE('',#5979);
#5979=AXIS2_PLACEMENT_3D('',#5980,#5981,#5982);
#5980=CARTESIAN_POINT('',(-1.1,2.7,7.));
#5981=DIRECTION('',(-1.,0.,0.));
#5982=DIRECTION('',(0.,-1.,0.));
#5983=FACE_BOUND('',#5984,.T.);
#5984=EDGE_LOOP('',(#7904,#7905,#7906,#7907));
#5985=PLANE('',#5986);
#5986=AXIS2_PLACEMENT_3D('',#5987,#5988,#5989);
#5987=CARTESIAN_POINT('',(1.1,2.7,7.));
#5988=DIRECTION('',(0.,1.,-0.));
#5989=DIRECTION('',(-1.,0.,0.));
#5990=FACE_BOUND('',#5991,.T.);
#5991=EDGE_LOOP('',(#7908,#7909,#7910,#7911));
#5992=PLANE('',#5993);
#5993=AXIS2_PLACEMENT_3D('',#5994,#5995,#5996);
#5994=CARTESIAN_POINT('',(1.1,1.8,7.));
#5995=DIRECTION('',(1.,0.,0.));
#5996=DIRECTION('',(0.,1.,0.));
#5997=FACE_BOUND('',#5998,.T.);
#5998=EDGE_LOOP('',(#7912,#7913,#7914,#7915));
#5999=PLANE('',#6000);
#6000=AXIS2_PLACEMENT_3D('',#6001,#6002,#6003);
#6001=CARTESIAN_POINT('',(1.95,1.49062530087373,7.));
#6002=DIRECTION('',(0.342020143325669,0.939692620785908,-0.));
#6003=DIRECTION('',(-0.939692620785908,0.342020143325669,0.));
#6004=FACE_BOUND('',#6005,.T.);
#6005=EDGE_LOOP('',(#7916,#7917,#7918,#7919));
#6006=PLANE('',#6007);
#6007=AXIS2_PLACEMENT_3D('',#6008,#6009,#6010);
#6008=CARTESIAN_POINT('',(1.95,-2.24522083601366,7.));
#6009=DIRECTION('',(1.,-5.94362285782019E-017,0.));
#6010=DIRECTION('',(5.94362285782019E-017,1.,0.));
#6011=FACE_BOUND('',#6012,.T.);
#6012=EDGE_LOOP('',(#7920,#7921,#7922,#7923));
#6013=PLANE('',#6014);
#6014=AXIS2_PLACEMENT_3D('',#6015,#6016,#6017);
#6015=CARTESIAN_POINT('',(1.25,-2.5,7.));
#6016=DIRECTION('',(0.342020143325668,-0.939692620785909,0.));
#6017=DIRECTION('',(0.939692620785909,0.342020143325668,0.));
#6018=FACE_BOUND('',#6019,.T.);
#6019=EDGE_LOOP('',(#7924,#7925,#7926,#7927));
#6020=PLANE('',#6021);
#6021=AXIS2_PLACEMENT_3D('',#6022,#6023,#6024);
#6022=CARTESIAN_POINT('',(-1.95,-2.24522083601366,7.));
#6023=DIRECTION('',(-0.342020143325669,-0.939692620785908,0.));
#6024=DIRECTION('',(0.939692620785908,-0.342020143325669,0.));
#6025=FACE_BOUND('',#6026,.T.);
#6026=EDGE_LOOP('',(#7928,#7929,#7930,#7931));
#6027=PLANE('',#6028);
#6028=AXIS2_PLACEMENT_3D('',#6029,#6030,#6031);
#6029=CARTESIAN_POINT('',(-1.95,1.49062530087373,7.));
#6030=DIRECTION('',(-1.,5.94362285782019E-017,0.));
#6031=DIRECTION('',(-5.94362285782019E-017,-1.,0.));
#6032=FACE_BOUND('',#6033,.T.);
#6033=EDGE_LOOP('',(#7932,#7933,#7934,#7935));
#6034=PLANE('',#6035);
#6035=AXIS2_PLACEMENT_3D('',#6036,#6037,#6038);
#6036=CARTESIAN_POINT('',(-1.1,1.8,7.));
#6037=DIRECTION('',(-0.342020143325669,0.939692620785908,0.));
#6038=DIRECTION('',(-0.939692620785908,-0.342020143325669,0.));
#6039=FACE_BOUND('',#6040,.T.);
#6040=EDGE_LOOP('',(#7936,#7937,#7938,#7939));
#6041=CYLINDRICAL_SURFACE('',#6042,0.35);
#6042=AXIS2_PLACEMENT_3D('',#6043,#6044,#6045);
#6043=CARTESIAN_POINT('',(1.25,-2.5,6.85));
#6044=DIRECTION('',(-1.,0.,0.));
#6045=DIRECTION('',(0.,0.,1.));
#6046=FACE_BOUND('',#6047,.T.);
#6047=EDGE_LOOP('',(#7940,#7941,#7942,#7943));
#6048=CYLINDRICAL_SURFACE('',#6049,0.15);
#6049=AXIS2_PLACEMENT_3D('',#6050,#6051,#6052);
#6050=CARTESIAN_POINT('',(-1.25,-2.5,6.85));
#6051=DIRECTION('',(1.,0.,0.));
#6052=DIRECTION('',(-0.,0.,1.));
#6053=FACE_BOUND('',#6054,.T.);
#6054=EDGE_LOOP('',(#7944,#7945,#7946,#7947));
#6055=PLANE('',#6056);
#6056=AXIS2_PLACEMENT_3D('',#6057,#6058,#6059);
#6057=CARTESIAN_POINT('',(1.25,-2.65,5.15));
#6058=DIRECTION('',(1.,0.,0.));
#6059=DIRECTION('',(0.,-3.82856869892695E-016,1.));
#6060=FACE_BOUND('',#6061,.T.);
#6061=EDGE_LOOP('',(#7948,#7949,#7950,#7951));
#6062=PLANE('',#6063);
#6063=AXIS2_PLACEMENT_3D('',#6064,#6065,#6066);
#6064=CARTESIAN_POINT('',(0.,-2.85,9.71128315516282));
#6065=DIRECTION('',(0.,-1.,-3.82856869892695E-016));
#6066=DIRECTION('',(1.,0.,0.));
#6067=FACE_BOUND('',#6068,.T.);
#6068=EDGE_LOOP('',(#7952,#7953,#7954,#7955));
#6069=PLANE('',#6070);
#6070=AXIS2_PLACEMENT_3D('',#6071,#6072,#6073);
#6071=CARTESIAN_POINT('',(-1.25,-2.65,6.85));
#6072=DIRECTION('',(-1.,-0.,0.));
#6073=DIRECTION('',(0.,3.82856869892695E-016,-1.));
#6074=FACE_BOUND('',#6075,.T.);
#6075=EDGE_LOOP('',(#7956,#7957,#7958,#7959));
#6076=PLANE('',#6077);
#6077=AXIS2_PLACEMENT_3D('',#6078,#6079,#6080);
#6078=CARTESIAN_POINT('',(0.,-2.65,9.71128315516282));
#6079=DIRECTION('',(0.,-1.,-3.82856869892695E-016));
#6080=DIRECTION('',(1.,0.,0.));
#6081=FACE_BOUND('',#6082,.T.);
#6082=EDGE_LOOP('',(#7960,#7961,#7962,#7963));
#6083=PLANE('',#6084);
#6084=AXIS2_PLACEMENT_3D('',#6085,#6086,#6087);
#6085=CARTESIAN_POINT('',(-1.25,-2.85,6.85));
#6086=DIRECTION('',(-1.,0.,0.));
#6087=DIRECTION('',(0.,-3.82856869892695E-016,1.));
#6088=FACE_BOUND('',#6089,.T.);
#6089=EDGE_LOOP('',(#7964,#7965,#7966,#7967));
#6090=PLANE('',#6091);
#6091=AXIS2_PLACEMENT_3D('',#6092,#6093,#6094);
#6092=CARTESIAN_POINT('',(1.25,-2.5,7.2));
#6093=DIRECTION('',(1.,0.,0.));
#6094=DIRECTION('',(-0.,-1.,0.));
#6095=FACE_BOUND('',#6096,.T.);
#6096=EDGE_LOOP('',(#7968,#7969,#7970,#7971));
#6097=CYLINDRICAL_SURFACE('',#6098,0.35);
#6098=AXIS2_PLACEMENT_3D('',#6099,#6100,#6101);
#6099=CARTESIAN_POINT('',(1.25,-2.5,5.15));
#6100=DIRECTION('',(-1.,0.,0.));
#6101=DIRECTION('',(0.,-1.,-3.82856869892695E-016));
#6102=FACE_BOUND('',#6103,.T.);
#6103=EDGE_LOOP('',(#7972,#7973,#7974,#7975));
#6104=CYLINDRICAL_SURFACE('',#6105,0.15);
#6105=AXIS2_PLACEMENT_3D('',#6106,#6107,#6108);
#6106=CARTESIAN_POINT('',(-1.25,-2.5,5.15));
#6107=DIRECTION('',(1.,0.,0.));
#6108=DIRECTION('',(0.,-1.,-3.82856869892695E-016));
#6109=FACE_BOUND('',#6110,.T.);
#6110=EDGE_LOOP('',(#7976,#7977,#7978,#7979));
#6111=PLANE('',#6112);
#6112=AXIS2_PLACEMENT_3D('',#6113,#6114,#6115);
#6113=CARTESIAN_POINT('',(1.25,1.84954622958074,4.61889103779826));
#6114=DIRECTION('',(1.,0.,0.));
#6115=DIRECTION('',(0.,-0.996194698091746,0.0871557427476577));
#6116=FACE_BOUND('',#6117,.T.);
#6117=EDGE_LOOP('',(#7980,#7981,#7982,#7983));
#6118=PLANE('',#6119);
#6119=AXIS2_PLACEMENT_3D('',#6120,#6121,#6122);
#6120=CARTESIAN_POINT('',(0.,-7.41434406021964,5.228612450795));
#6121=DIRECTION('',(0.,-0.0871557427476578,-0.996194698091746));
#6122=DIRECTION('',(1.,0.,0.));
#6123=FACE_BOUND('',#6124,.T.);
#6124=EDGE_LOOP('',(#7984,#7985,#7986,#7987));
#6125=PLANE('',#6126);
#6126=AXIS2_PLACEMENT_3D('',#6127,#6128,#6129);
#6127=CARTESIAN_POINT('',(-1.25,-2.51307336141215,5.00057079528624));
#6128=DIRECTION('',(-1.,0.,0.));
#6129=DIRECTION('',(0.,0.996194698091746,-0.0871557427476577));
#6130=FACE_BOUND('',#6131,.T.);
#6131=EDGE_LOOP('',(#7988,#7989,#7990,#7991));
#6132=PLANE('',#6133);
#6133=AXIS2_PLACEMENT_3D('',#6134,#6135,#6136);
#6134=CARTESIAN_POINT('',(0.,-7.3969129116701,5.42785139041335));
#6135=DIRECTION('',(0.,-0.0871557427476578,-0.996194698091746));
#6136=DIRECTION('',(1.,0.,0.));
#6137=FACE_BOUND('',#6138,.T.);
#6138=EDGE_LOOP('',(#7992,#7993,#7994,#7995));
#6139=PLANE('',#6140);
#6140=AXIS2_PLACEMENT_3D('',#6141,#6142,#6143);
#6141=CARTESIAN_POINT('',(-1.25,-2.53050450996168,4.80133185566789));
#6142=DIRECTION('',(-1.,0.,0.));
#6143=DIRECTION('',(0.,-0.996194698091746,0.0871557427476578));
#6144=FACE_BOUND('',#6145,.T.);
#6145=EDGE_LOOP('',(#7996,#7997,#7998,#7999));
#6146=PLANE('',#6147);
#6147=AXIS2_PLACEMENT_3D('',#6148,#6149,#6150);
#6148=CARTESIAN_POINT('',(1.25,-2.85,5.15));
#6149=DIRECTION('',(1.,0.,-0.));
#6150=DIRECTION('',(-0.,3.82856869892695E-016,-1.));
#6151=FACE_BOUND('',#6152,.T.);
#6152=EDGE_LOOP('',(#8000,#8001,#8002,#8003));
#6153=CYLINDRICAL_SURFACE('',#6154,0.8);
#6154=AXIS2_PLACEMENT_3D('',#6155,#6156,#6157);
#6155=CARTESIAN_POINT('',(1.25,1.90183967522933,5.21660785665331));
#6156=DIRECTION('',(-1.,0.,0.));
#6157=DIRECTION('',(0.,-0.0871557427476578,-0.996194698091746));
#6158=FACE_BOUND('',#6159,.T.);
#6159=EDGE_LOOP('',(#8004,#8005,#8006,#8007));
#6160=CYLINDRICAL_SURFACE('',#6161,0.6);
#6161=AXIS2_PLACEMENT_3D('',#6162,#6163,#6164);
#6162=CARTESIAN_POINT('',(-1.25,1.90183967522933,5.21660785665331));
#6163=DIRECTION('',(1.,0.,0.));
#6164=DIRECTION('',(0.,-0.0871557427476578,-0.996194698091746));
#6165=FACE_BOUND('',#6166,.T.);
#6166=EDGE_LOOP('',(#8008,#8009,#8010,#8011));
#6167=PLANE('',#6168);
#6168=AXIS2_PLACEMENT_3D('',#6169,#6170,#6171);
#6169=CARTESIAN_POINT('',(1.25,2.83209705215591,4.69570292876974));
#6170=DIRECTION('',(1.,0.,0.));
#6171=DIRECTION('',(0.,-0.996194698091745,-0.0871557427476577));
#6172=FACE_BOUND('',#6173,.T.);
#6173=EDGE_LOOP('',(#8012,#8013,#8014,#8015,#8016,#8017));
#6174=PLANE('',#6175);
#6175=AXIS2_PLACEMENT_3D('',#6176,#6177,#6178);
#6176=CARTESIAN_POINT('',(0.,-7.39312563863714,3.60034789378863));
#6177=DIRECTION('',(0.,0.0871557427476582,-0.996194698091746));
#6178=DIRECTION('',(1.,0.,0.));
#6179=FACE_BOUND('',#6180,.T.);
#6180=EDGE_LOOP('',(#8018,#8019,#8020,#8021));
#6181=PLANE('',#6182);
#6182=AXIS2_PLACEMENT_3D('',#6183,#6184,#6185);
#6183=CARTESIAN_POINT('',(-1.25,1.95413312087793,4.61889103779826));
#6184=DIRECTION('',(-1.,0.,0.));
#6185=DIRECTION('',(0.,0.996194698091745,0.0871557427476577));
#6186=FACE_BOUND('',#6187,.T.);
#6187=EDGE_LOOP('',(#8022,#8023,#8024,#8025,#8026,#8027));
#6188=PLANE('',#6189);
#6189=AXIS2_PLACEMENT_3D('',#6190,#6191,#6192);
#6190=CARTESIAN_POINT('',(0.,-7.41055678718667,3.79958683340698));
#6191=DIRECTION('',(0.,0.0871557427476582,-0.996194698091746));
#6192=DIRECTION('',(1.,0.,0.));
#6193=FACE_BOUND('',#6194,.T.);
#6194=EDGE_LOOP('',(#8028,#8029,#8030,#8031));
#6195=PLANE('',#6196);
#6196=AXIS2_PLACEMENT_3D('',#6197,#6198,#6199);
#6197=CARTESIAN_POINT('',(-1.25,2.83209705215591,4.69570292876974));
#6198=DIRECTION('',(0.,0.996194698091746,0.0871557427476563));
#6199=DIRECTION('',(1.,0.,0.));
#6200=FACE_BOUND('',#6201,.T.);
#6201=EDGE_LOOP('',(#8032,#8033,#8034,#8035));
#6202=PLANE('',#6203);
#6203=AXIS2_PLACEMENT_3D('',#6204,#6205,#6206);
#6204=CARTESIAN_POINT('',(-1.25,1.97156426942746,4.41965209817991));
#6205=DIRECTION('',(-1.,-0.,0.));
#6206=DIRECTION('',(0.,-0.996194698091746,-0.0871557427476582));
#6207=FACE_BOUND('',#6208,.T.);
#6208=EDGE_LOOP('',(#8036,#8037,#8038,#8039));
#6209=PLANE('',#6210);
#6210=AXIS2_PLACEMENT_3D('',#6211,#6212,#6213);
#6211=CARTESIAN_POINT('',(1.25,1.83211508103121,4.41965209817991));
#6212=DIRECTION('',(1.,0.,-0.));
#6213=DIRECTION('',(-0.,0.996194698091746,-0.0871557427476578));
#6214=FACE_BOUND('',#6215,.T.);
#6215=EDGE_LOOP('',(#8040,#8041,#8042,#8043));
#6216=PLANE('',#6217);
#6217=AXIS2_PLACEMENT_3D('',#6218,#6219,#6220);
#6218=CARTESIAN_POINT('',(0.75,2.7100790123092,6.09037550609818));
#6219=DIRECTION('',(-0.707106781186547,-0.704416026402759,-0.061628416716218));
#6220=DIRECTION('',(0.,0.0871557427476563,-0.996194698091746));
#6221=FACE_BOUND('',#6222,.T.);
#6222=EDGE_LOOP('',(#8044,#8045,#8046,#8047));
#6223=PLANE('',#6224);
#6224=AXIS2_PLACEMENT_3D('',#6225,#6226,#6227);
#6225=CARTESIAN_POINT('',(-1.25,2.21198166326332,6.04679763472436));
#6226=DIRECTION('',(0.707106781186547,-0.704416026402759,-0.0616284167162182));
#6227=DIRECTION('',(0.,0.0871557427476565,-0.996194698091746));
#6228=FACE_BOUND('',#6229,.T.);
#6229=EDGE_LOOP('',(#8048,#8049));
#6230=PLANE('',#6231);
#6231=AXIS2_PLACEMENT_3D('',#6232,#6233,#6234);
#6232=CARTESIAN_POINT('',(0.,-2.50666788882249E-016,12.5));
#6233=DIRECTION('',(-0.,1.22139628059813E-018,1.));
#6234=DIRECTION('',(0.,-1.,1.22139628059813E-018));
#6235=FACE_BOUND('',#6236,.T.);
#6236=EDGE_LOOP('',(#8050,#8051));
#6237=PLANE('',#6238);
#6238=AXIS2_PLACEMENT_3D('',#6239,#6240,#6241);
#6239=CARTESIAN_POINT('',(0.,-2.50666788882249E-016,12.5));
#6240=DIRECTION('',(-0.,1.22139628059813E-018,1.));
#6241=DIRECTION('',(0.,-1.,1.22139628059813E-018));
#6242=FACE_BOUND('',#6243,.T.);
#6243=EDGE_LOOP('',(#8052,#8053,#8054,#8055));
#6244=TOROIDAL_SURFACE('',#6245,1.47777777777778,0.422222222222222);
#6245=AXIS2_PLACEMENT_3D('',#6246,#6247,#6248);
#6246=CARTESIAN_POINT('',(0.,-2.51182489534057E-016,12.0777777777778));
#6247=DIRECTION('',(0.,-1.22139628059813E-018,-1.));
#6248=DIRECTION('',(0.,-1.,1.22139628059813E-018));
#6249=FACE_BOUND('',#6250,.T.);
#6250=EDGE_LOOP('',(#8056,#8057,#8058,#8059,#8060));
#6251=TOROIDAL_SURFACE('',#6252,1.47777777777778,0.422222222222222);
#6252=AXIS2_PLACEMENT_3D('',#6253,#6254,#6255);
#6253=CARTESIAN_POINT('',(0.,-2.51182489534057E-016,12.0777777777778));
#6254=DIRECTION('',(0.,-1.22139628059813E-018,-1.));
#6255=DIRECTION('',(0.,-1.,1.22139628059813E-018));
#6256=FACE_BOUND('',#6257,.T.);
#6257=EDGE_LOOP('',(#8061,#8062,#8063,#8064,#8065,#8066,#8067,#8068,#8069));
#6258=FACE_OUTER_BOUND('',#6259,.T.);
#6259=EDGE_LOOP('',(#8070));
#6260=CYLINDRICAL_SURFACE('',#6261,1.9);
#6261=AXIS2_PLACEMENT_3D('',#6262,#6263,#6264);
#6262=CARTESIAN_POINT('',(0.,-2.51182489534057E-016,12.0777777777778));
#6263=DIRECTION('',(0.,-1.22139628059813E-018,-1.));
#6264=DIRECTION('',(0.,-1.,1.22139628059813E-018));
#6265=FACE_BOUND('',#6266,.T.);
#6266=EDGE_LOOP('',(#8071,#8072,#8073,#8074));
#6267=PLANE('',#6268);
#6268=AXIS2_PLACEMENT_3D('',#6269,#6270,#6271);
#6269=CARTESIAN_POINT('',(0.,-1.22139628059813E-018,11.5));
#6270=DIRECTION('',(-0.,1.22139628059813E-018,1.));
#6271=DIRECTION('',(1.,0.,0.));
#6272=FACE_BOUND('',#6273,.T.);
#6273=EDGE_LOOP('',(#8075,#8076,#8077,#8078,#8079,#8080));
#6274=PLANE('',#6275);
#6275=AXIS2_PLACEMENT_3D('',#6276,#6277,#6278);
#6276=CARTESIAN_POINT('',(-1.94454364826288,1.44956890143238,11.5));
#6277=DIRECTION('',(-0.707106781186547,-0.707106781186548,0.));
#6278=DIRECTION('',(0.707106781186548,-0.707106781186547,0.));
#6279=FACE_BOUND('',#6280,.T.);
#6280=EDGE_LOOP('',(#8081,#8082,#8083,#8084,#8085,#8086));
#6281=PLANE('',#6282);
#6282=AXIS2_PLACEMENT_3D('',#6283,#6284,#6285);
#6283=CARTESIAN_POINT('',(1.94454364826295,-1.44956890143229,11.5));
#6284=DIRECTION('',(0.707106781186547,0.707106781186548,-0.));
#6285=DIRECTION('',(-0.707106781186548,0.707106781186547,0.));
#6286=FACE_BOUND('',#6287,.T.);
#6287=EDGE_LOOP('',(#8087));
#6288=FACE_BOUND('',#6289,.T.);
#6289=EDGE_LOOP('',(#8088));
#6290=PLANE('',#6291);
#6291=AXIS2_PLACEMENT_3D('',#6292,#6293,#6294);
#6292=CARTESIAN_POINT('',(0.,-2.53109581443445E-016,10.5));
#6293=DIRECTION('',(0.,-1.22139628059813E-018,-1.));
#6294=DIRECTION('',(0.,-1.,1.22139628059813E-018));
#6295=FACE_OUTER_BOUND('',#6296,.T.);
#6296=EDGE_LOOP('',(#8089));
#6297=FACE_OUTER_BOUND('',#6298,.T.);
#6298=EDGE_LOOP('',(#8090));
#6299=CYLINDRICAL_SURFACE('',#6300,1.5);
#6300=AXIS2_PLACEMENT_3D('',#6301,#6302,#6303);
#6301=CARTESIAN_POINT('',(0.,-2.53109581443445E-016,10.5));
#6302=DIRECTION('',(0.,-1.22139628059813E-018,-1.));
#6303=DIRECTION('',(0.,-1.,1.22139628059813E-018));
#6304=FACE_OUTER_BOUND('',#6305,.T.);
#6305=EDGE_LOOP('',(#8091));
#6306=FACE_OUTER_BOUND('',#6307,.T.);
#6307=EDGE_LOOP('',(#8092));
#6308=CONICAL_SURFACE('',#6309,1.325,0.785398163397448);
#6309=AXIS2_PLACEMENT_3D('',#6310,#6311,#6312);
#6310=CARTESIAN_POINT('',(0.,-2.59002818497331E-016,5.675));
#6311=DIRECTION('',(0.,1.22139628059813E-018,1.));
#6312=DIRECTION('',(-0.,1.,-1.22139628059813E-018));
#6313=FACE_OUTER_BOUND('',#6314,.T.);
#6314=EDGE_LOOP('',(#8093));
#6315=FACE_OUTER_BOUND('',#6316,.T.);
#6316=EDGE_LOOP('',(#8094));
#6317=CYLINDRICAL_SURFACE('',#6318,1.15);
#6318=AXIS2_PLACEMENT_3D('',#6319,#6320,#6321);
#6319=CARTESIAN_POINT('',(0.,-2.59216562846436E-016,5.5));
#6320=DIRECTION('',(0.,-1.22139628059813E-018,-1.));
#6321=DIRECTION('',(0.,-1.,1.22139628059813E-018));
#6322=FACE_BOUND('',#6323,.T.);
#6323=EDGE_LOOP('',(#8095));
#6324=PLANE('',#6325);
#6325=AXIS2_PLACEMENT_3D('',#6326,#6327,#6328);
#6326=CARTESIAN_POINT('',(0.,-2.59827260986735E-016,5.));
#6327=DIRECTION('',(0.,-1.22139628059813E-018,-1.));
#6328=DIRECTION('',(0.,-1.,1.22139628059813E-018));
#6329=ORIENTED_EDGE('',*,*,#8096,.F.);
#6330=ORIENTED_EDGE('',*,*,#8097,.F.);
#6331=ORIENTED_EDGE('',*,*,#8098,.F.);
#6332=ORIENTED_EDGE('',*,*,#8099,.T.);
#6333=ORIENTED_EDGE('',*,*,#8100,.F.);
#6334=ORIENTED_EDGE('',*,*,#8101,.F.);
#6335=ORIENTED_EDGE('',*,*,#8102,.F.);
#6336=ORIENTED_EDGE('',*,*,#8103,.F.);
#6337=ORIENTED_EDGE('',*,*,#8104,.F.);
#6338=ORIENTED_EDGE('',*,*,#8105,.F.);
#6339=ORIENTED_EDGE('',*,*,#8106,.F.);
#6340=ORIENTED_EDGE('',*,*,#8107,.F.);
#6341=ORIENTED_EDGE('',*,*,#8108,.F.);
#6342=ORIENTED_EDGE('',*,*,#8109,.F.);
#6343=ORIENTED_EDGE('',*,*,#8110,.F.);
#6344=ORIENTED_EDGE('',*,*,#8111,.F.);
#6345=ORIENTED_EDGE('',*,*,#8112,.T.);
#6346=ORIENTED_EDGE('',*,*,#8113,.T.);
#6347=ORIENTED_EDGE('',*,*,#8114,.F.);
#6348=ORIENTED_EDGE('',*,*,#8115,.F.);
#6349=ORIENTED_EDGE('',*,*,#8116,.F.);
#6350=ORIENTED_EDGE('',*,*,#8117,.T.);
#6351=ORIENTED_EDGE('',*,*,#8118,.F.);
#6352=ORIENTED_EDGE('',*,*,#8119,.F.);
#6353=ORIENTED_EDGE('',*,*,#8120,.F.);
#6354=ORIENTED_EDGE('',*,*,#8121,.T.);
#6355=ORIENTED_EDGE('',*,*,#8122,.F.);
#6356=ORIENTED_EDGE('',*,*,#8123,.F.);
#6357=ORIENTED_EDGE('',*,*,#8124,.F.);
#6358=ORIENTED_EDGE('',*,*,#8125,.F.);
#6359=ORIENTED_EDGE('',*,*,#8126,.F.);
#6360=ORIENTED_EDGE('',*,*,#8127,.F.);
#6361=ORIENTED_EDGE('',*,*,#8128,.F.);
#6362=ORIENTED_EDGE('',*,*,#8129,.F.);
#6363=ORIENTED_EDGE('',*,*,#8130,.F.);
#6364=ORIENTED_EDGE('',*,*,#8131,.F.);
#6365=ORIENTED_EDGE('',*,*,#8132,.F.);
#6366=ORIENTED_EDGE('',*,*,#8133,.F.);
#6367=ORIENTED_EDGE('',*,*,#8134,.T.);
#6368=ORIENTED_EDGE('',*,*,#8135,.T.);
#6369=ORIENTED_EDGE('',*,*,#8136,.F.);
#6370=ORIENTED_EDGE('',*,*,#8137,.F.);
#6371=ORIENTED_EDGE('',*,*,#8138,.F.);
#6372=ORIENTED_EDGE('',*,*,#8139,.T.);
#6373=ORIENTED_EDGE('',*,*,#8140,.F.);
#6374=ORIENTED_EDGE('',*,*,#8141,.F.);
#6375=ORIENTED_EDGE('',*,*,#8142,.F.);
#6376=ORIENTED_EDGE('',*,*,#8143,.T.);
#6377=ORIENTED_EDGE('',*,*,#8144,.F.);
#6378=ORIENTED_EDGE('',*,*,#8145,.F.);
#6379=ORIENTED_EDGE('',*,*,#8146,.F.);
#6380=ORIENTED_EDGE('',*,*,#8147,.F.);
#6381=ORIENTED_EDGE('',*,*,#8148,.F.);
#6382=ORIENTED_EDGE('',*,*,#8149,.F.);
#6383=ORIENTED_EDGE('',*,*,#8150,.F.);
#6384=ORIENTED_EDGE('',*,*,#8151,.F.);
#6385=ORIENTED_EDGE('',*,*,#8152,.F.);
#6386=ORIENTED_EDGE('',*,*,#8153,.F.);
#6387=ORIENTED_EDGE('',*,*,#8154,.F.);
#6388=ORIENTED_EDGE('',*,*,#8155,.F.);
#6389=ORIENTED_EDGE('',*,*,#8156,.T.);
#6390=ORIENTED_EDGE('',*,*,#8157,.T.);
#6391=ORIENTED_EDGE('',*,*,#8158,.F.);
#6392=ORIENTED_EDGE('',*,*,#8159,.F.);
#6393=ORIENTED_EDGE('',*,*,#8160,.F.);
#6394=ORIENTED_EDGE('',*,*,#8161,.T.);
#6395=ORIENTED_EDGE('',*,*,#8162,.F.);
#6396=ORIENTED_EDGE('',*,*,#8163,.F.);
#6397=ORIENTED_EDGE('',*,*,#8164,.F.);
#6398=ORIENTED_EDGE('',*,*,#8165,.T.);
#6399=ORIENTED_EDGE('',*,*,#8166,.F.);
#6400=ORIENTED_EDGE('',*,*,#8167,.F.);
#6401=ORIENTED_EDGE('',*,*,#8168,.F.);
#6402=ORIENTED_EDGE('',*,*,#8169,.F.);
#6403=ORIENTED_EDGE('',*,*,#8170,.F.);
#6404=ORIENTED_EDGE('',*,*,#8171,.F.);
#6405=ORIENTED_EDGE('',*,*,#8172,.F.);
#6406=ORIENTED_EDGE('',*,*,#8173,.F.);
#6407=ORIENTED_EDGE('',*,*,#8174,.F.);
#6408=ORIENTED_EDGE('',*,*,#8175,.F.);
#6409=ORIENTED_EDGE('',*,*,#8176,.F.);
#6410=ORIENTED_EDGE('',*,*,#8177,.F.);
#6411=ORIENTED_EDGE('',*,*,#8178,.T.);
#6412=ORIENTED_EDGE('',*,*,#8179,.T.);
#6413=ORIENTED_EDGE('',*,*,#8180,.F.);
#6414=ORIENTED_EDGE('',*,*,#8181,.F.);
#6415=ORIENTED_EDGE('',*,*,#8182,.F.);
#6416=ORIENTED_EDGE('',*,*,#8183,.T.);
#6417=ORIENTED_EDGE('',*,*,#8184,.T.);
#6418=ORIENTED_EDGE('',*,*,#8179,.F.);
#6419=ORIENTED_EDGE('',*,*,#8185,.F.);
#6420=ORIENTED_EDGE('',*,*,#8167,.T.);
#6421=ORIENTED_EDGE('',*,*,#8186,.T.);
#6422=ORIENTED_EDGE('',*,*,#8157,.F.);
#6423=ORIENTED_EDGE('',*,*,#8187,.F.);
#6424=ORIENTED_EDGE('',*,*,#8145,.T.);
#6425=ORIENTED_EDGE('',*,*,#8188,.T.);
#6426=ORIENTED_EDGE('',*,*,#8135,.F.);
#6427=ORIENTED_EDGE('',*,*,#8189,.F.);
#6428=ORIENTED_EDGE('',*,*,#8123,.T.);
#6429=ORIENTED_EDGE('',*,*,#8190,.T.);
#6430=ORIENTED_EDGE('',*,*,#8113,.F.);
#6431=ORIENTED_EDGE('',*,*,#8191,.F.);
#6432=ORIENTED_EDGE('',*,*,#8101,.T.);
#6433=ORIENTED_EDGE('',*,*,#8192,.T.);
#6434=ORIENTED_EDGE('',*,*,#8165,.F.);
#6435=ORIENTED_EDGE('',*,*,#8193,.F.);
#6436=ORIENTED_EDGE('',*,*,#8181,.T.);
#6437=ORIENTED_EDGE('',*,*,#8194,.T.);
#6438=ORIENTED_EDGE('',*,*,#8143,.F.);
#6439=ORIENTED_EDGE('',*,*,#8195,.F.);
#6440=ORIENTED_EDGE('',*,*,#8159,.T.);
#6441=ORIENTED_EDGE('',*,*,#8196,.T.);
#6442=ORIENTED_EDGE('',*,*,#8121,.F.);
#6443=ORIENTED_EDGE('',*,*,#8197,.F.);
#6444=ORIENTED_EDGE('',*,*,#8137,.T.);
#6445=ORIENTED_EDGE('',*,*,#8198,.T.);
#6446=ORIENTED_EDGE('',*,*,#8099,.F.);
#6447=ORIENTED_EDGE('',*,*,#8199,.F.);
#6448=ORIENTED_EDGE('',*,*,#8115,.T.);
#6449=ORIENTED_EDGE('',*,*,#8173,.T.);
#6450=ORIENTED_EDGE('',*,*,#8200,.T.);
#6451=ORIENTED_EDGE('',*,*,#8162,.T.);
#6452=ORIENTED_EDGE('',*,*,#8201,.T.);
#6453=ORIENTED_EDGE('',*,*,#8202,.T.);
#6454=ORIENTED_EDGE('',*,*,#8203,.T.);
#6455=ORIENTED_EDGE('',*,*,#8204,.T.);
#6456=ORIENTED_EDGE('',*,*,#8205,.T.);
#6457=ORIENTED_EDGE('',*,*,#8206,.T.);
#6458=ORIENTED_EDGE('',*,*,#8207,.T.);
#6459=ORIENTED_EDGE('',*,*,#8208,.T.);
#6460=ORIENTED_EDGE('',*,*,#8209,.T.);
#6461=ORIENTED_EDGE('',*,*,#8210,.T.);
#6462=ORIENTED_EDGE('',*,*,#8211,.T.);
#6463=ORIENTED_EDGE('',*,*,#8212,.F.);
#6464=ORIENTED_EDGE('',*,*,#8213,.T.);
#6465=ORIENTED_EDGE('',*,*,#8214,.T.);
#6466=ORIENTED_EDGE('',*,*,#8215,.T.);
#6467=ORIENTED_EDGE('',*,*,#8216,.F.);
#6468=ORIENTED_EDGE('',*,*,#8217,.T.);
#6469=ORIENTED_EDGE('',*,*,#8218,.F.);
#6470=ORIENTED_EDGE('',*,*,#8219,.F.);
#6471=ORIENTED_EDGE('',*,*,#8220,.T.);
#6472=ORIENTED_EDGE('',*,*,#8221,.T.);
#6473=ORIENTED_EDGE('',*,*,#8222,.T.);
#6474=ORIENTED_EDGE('',*,*,#8223,.T.);
#6475=ORIENTED_EDGE('',*,*,#8224,.T.);
#6476=ORIENTED_EDGE('',*,*,#8225,.T.);
#6477=ORIENTED_EDGE('',*,*,#8226,.T.);
#6478=ORIENTED_EDGE('',*,*,#8227,.T.);
#6479=ORIENTED_EDGE('',*,*,#8228,.T.);
#6480=ORIENTED_EDGE('',*,*,#8229,.T.);
#6481=ORIENTED_EDGE('',*,*,#8230,.T.);
#6482=ORIENTED_EDGE('',*,*,#8231,.T.);
#6483=ORIENTED_EDGE('',*,*,#8107,.T.);
#6484=ORIENTED_EDGE('',*,*,#8232,.T.);
#6485=ORIENTED_EDGE('',*,*,#8096,.T.);
#6486=ORIENTED_EDGE('',*,*,#8233,.T.);
#6487=ORIENTED_EDGE('',*,*,#8129,.T.);
#6488=ORIENTED_EDGE('',*,*,#8234,.T.);
#6489=ORIENTED_EDGE('',*,*,#8118,.T.);
#6490=ORIENTED_EDGE('',*,*,#8235,.T.);
#6491=ORIENTED_EDGE('',*,*,#8151,.T.);
#6492=ORIENTED_EDGE('',*,*,#8236,.T.);
#6493=ORIENTED_EDGE('',*,*,#8140,.T.);
#6494=ORIENTED_EDGE('',*,*,#8237,.T.);
#6495=ORIENTED_EDGE('',*,*,#8238,.T.);
#6496=ORIENTED_EDGE('',*,*,#8239,.T.);
#6497=ORIENTED_EDGE('',*,*,#8240,.T.);
#6498=ORIENTED_EDGE('',*,*,#8241,.T.);
#6499=ORIENTED_EDGE('',*,*,#8242,.T.);
#6500=ORIENTED_EDGE('',*,*,#8243,.T.);
#6501=ORIENTED_EDGE('',*,*,#8244,.T.);
#6502=ORIENTED_EDGE('',*,*,#8245,.T.);
#6503=ORIENTED_EDGE('',*,*,#8246,.T.);
#6504=ORIENTED_EDGE('',*,*,#8247,.T.);
#6505=ORIENTED_EDGE('',*,*,#8248,.T.);
#6506=ORIENTED_EDGE('',*,*,#8249,.T.);
#6507=ORIENTED_EDGE('',*,*,#8250,.T.);
#6508=ORIENTED_EDGE('',*,*,#8198,.F.);
#6509=ORIENTED_EDGE('',*,*,#8114,.T.);
#6510=ORIENTED_EDGE('',*,*,#8190,.F.);
#6511=ORIENTED_EDGE('',*,*,#8100,.T.);
#6512=ORIENTED_EDGE('',*,*,#8196,.F.);
#6513=ORIENTED_EDGE('',*,*,#8136,.T.);
#6514=ORIENTED_EDGE('',*,*,#8188,.F.);
#6515=ORIENTED_EDGE('',*,*,#8122,.T.);
#6516=ORIENTED_EDGE('',*,*,#8194,.F.);
#6517=ORIENTED_EDGE('',*,*,#8158,.T.);
#6518=ORIENTED_EDGE('',*,*,#8186,.F.);
#6519=ORIENTED_EDGE('',*,*,#8144,.T.);
#6520=ORIENTED_EDGE('',*,*,#8192,.F.);
#6521=ORIENTED_EDGE('',*,*,#8180,.T.);
#6522=ORIENTED_EDGE('',*,*,#8184,.F.);
#6523=ORIENTED_EDGE('',*,*,#8166,.T.);
#6524=ORIENTED_EDGE('',*,*,#8232,.F.);
#6525=ORIENTED_EDGE('',*,*,#8117,.F.);
#6526=ORIENTED_EDGE('',*,*,#8251,.F.);
#6527=ORIENTED_EDGE('',*,*,#8097,.T.);
#6528=ORIENTED_EDGE('',*,*,#8116,.T.);
#6529=ORIENTED_EDGE('',*,*,#8199,.T.);
#6530=ORIENTED_EDGE('',*,*,#8098,.T.);
#6531=ORIENTED_EDGE('',*,*,#8251,.T.);
#6532=ORIENTED_EDGE('',*,*,#8191,.T.);
#6533=ORIENTED_EDGE('',*,*,#8112,.F.);
#6534=ORIENTED_EDGE('',*,*,#8252,.F.);
#6535=ORIENTED_EDGE('',*,*,#8253,.F.);
#6536=ORIENTED_EDGE('',*,*,#8254,.F.);
#6537=ORIENTED_EDGE('',*,*,#8255,.F.);
#6538=ORIENTED_EDGE('',*,*,#8256,.F.);
#6539=ORIENTED_EDGE('',*,*,#8102,.T.);
#6540=ORIENTED_EDGE('',*,*,#8169,.T.);
#6541=ORIENTED_EDGE('',*,*,#8257,.T.);
#6542=ORIENTED_EDGE('',*,*,#8258,.T.);
#6543=ORIENTED_EDGE('',*,*,#8259,.T.);
#6544=ORIENTED_EDGE('',*,*,#8260,.T.);
#6545=ORIENTED_EDGE('',*,*,#8261,.T.);
#6546=ORIENTED_EDGE('',*,*,#8262,.T.);
#6547=ORIENTED_EDGE('',*,*,#8263,.T.);
#6548=ORIENTED_EDGE('',*,*,#8264,.T.);
#6549=ORIENTED_EDGE('',*,*,#8265,.T.);
#6550=ORIENTED_EDGE('',*,*,#8177,.T.);
#6551=ORIENTED_EDGE('',*,*,#8266,.F.);
#6552=ORIENTED_EDGE('',*,*,#8147,.T.);
#6553=ORIENTED_EDGE('',*,*,#8267,.T.);
#6554=ORIENTED_EDGE('',*,*,#8268,.T.);
#6555=ORIENTED_EDGE('',*,*,#8269,.T.);
#6556=ORIENTED_EDGE('',*,*,#8270,.T.);
#6557=ORIENTED_EDGE('',*,*,#8271,.T.);
#6558=ORIENTED_EDGE('',*,*,#8272,.T.);
#6559=ORIENTED_EDGE('',*,*,#8273,.T.);
#6560=ORIENTED_EDGE('',*,*,#8274,.T.);
#6561=ORIENTED_EDGE('',*,*,#8275,.T.);
#6562=ORIENTED_EDGE('',*,*,#8155,.T.);
#6563=ORIENTED_EDGE('',*,*,#8276,.F.);
#6564=ORIENTED_EDGE('',*,*,#8125,.T.);
#6565=ORIENTED_EDGE('',*,*,#8277,.T.);
#6566=ORIENTED_EDGE('',*,*,#8278,.T.);
#6567=ORIENTED_EDGE('',*,*,#8279,.T.);
#6568=ORIENTED_EDGE('',*,*,#8280,.T.);
#6569=ORIENTED_EDGE('',*,*,#8281,.T.);
#6570=ORIENTED_EDGE('',*,*,#8282,.T.);
#6571=ORIENTED_EDGE('',*,*,#8283,.T.);
#6572=ORIENTED_EDGE('',*,*,#8284,.T.);
#6573=ORIENTED_EDGE('',*,*,#8285,.T.);
#6574=ORIENTED_EDGE('',*,*,#8133,.T.);
#6575=ORIENTED_EDGE('',*,*,#8286,.F.);
#6576=ORIENTED_EDGE('',*,*,#8103,.T.);
#6577=ORIENTED_EDGE('',*,*,#8256,.T.);
#6578=ORIENTED_EDGE('',*,*,#8287,.T.);
#6579=ORIENTED_EDGE('',*,*,#8288,.T.);
#6580=ORIENTED_EDGE('',*,*,#8289,.T.);
#6581=ORIENTED_EDGE('',*,*,#8290,.T.);
#6582=ORIENTED_EDGE('',*,*,#8291,.T.);
#6583=ORIENTED_EDGE('',*,*,#8292,.T.);
#6584=ORIENTED_EDGE('',*,*,#8293,.T.);
#6585=ORIENTED_EDGE('',*,*,#8252,.T.);
#6586=ORIENTED_EDGE('',*,*,#8111,.T.);
#6587=ORIENTED_EDGE('',*,*,#8294,.F.);
#6588=ORIENTED_EDGE('',*,*,#8295,.T.);
#6589=ORIENTED_EDGE('',*,*,#8296,.T.);
#6590=ORIENTED_EDGE('',*,*,#8297,.T.);
#6591=ORIENTED_EDGE('',*,*,#8298,.T.);
#6592=ORIENTED_EDGE('',*,*,#8299,.T.);
#6593=ORIENTED_EDGE('',*,*,#8300,.T.);
#6594=ORIENTED_EDGE('',*,*,#8301,.T.);
#6595=ORIENTED_EDGE('',*,*,#8302,.T.);
#6596=ORIENTED_EDGE('',*,*,#8303,.T.);
#6597=ORIENTED_EDGE('',*,*,#8304,.T.);
#6598=ORIENTED_EDGE('',*,*,#8305,.T.);
#6599=ORIENTED_EDGE('',*,*,#8306,.F.);
#6600=ORIENTED_EDGE('',*,*,#8307,.T.);
#6601=ORIENTED_EDGE('',*,*,#8308,.T.);
#6602=ORIENTED_EDGE('',*,*,#8309,.F.);
#6603=ORIENTED_EDGE('',*,*,#8310,.F.);
#6604=ORIENTED_EDGE('',*,*,#8311,.T.);
#6605=ORIENTED_EDGE('',*,*,#8312,.T.);
#6606=ORIENTED_EDGE('',*,*,#8313,.T.);
#6607=ORIENTED_EDGE('',*,*,#8314,.T.);
#6608=ORIENTED_EDGE('',*,*,#8315,.T.);
#6609=ORIENTED_EDGE('',*,*,#8316,.T.);
#6610=ORIENTED_EDGE('',*,*,#8317,.T.);
#6611=ORIENTED_EDGE('',*,*,#8318,.T.);
#6612=ORIENTED_EDGE('',*,*,#8319,.T.);
#6613=ORIENTED_EDGE('',*,*,#8320,.T.);
#6614=ORIENTED_EDGE('',*,*,#8321,.T.);
#6615=ORIENTED_EDGE('',*,*,#8322,.F.);
#6616=ORIENTED_EDGE('',*,*,#8323,.T.);
#6617=ORIENTED_EDGE('',*,*,#8324,.T.);
#6618=ORIENTED_EDGE('',*,*,#8325,.T.);
#6619=ORIENTED_EDGE('',*,*,#8326,.T.);
#6620=ORIENTED_EDGE('',*,*,#8327,.T.);
#6621=ORIENTED_EDGE('',*,*,#8328,.T.);
#6622=ORIENTED_EDGE('',*,*,#8329,.T.);
#6623=ORIENTED_EDGE('',*,*,#8330,.T.);
#6624=ORIENTED_EDGE('',*,*,#8331,.T.);
#6625=ORIENTED_EDGE('',*,*,#8332,.T.);
#6626=ORIENTED_EDGE('',*,*,#8333,.T.);
#6627=ORIENTED_EDGE('',*,*,#8334,.F.);
#6628=ORIENTED_EDGE('',*,*,#8132,.T.);
#6629=ORIENTED_EDGE('',*,*,#8335,.F.);
#6630=ORIENTED_EDGE('',*,*,#8104,.T.);
#6631=ORIENTED_EDGE('',*,*,#8286,.T.);
#6632=ORIENTED_EDGE('',*,*,#8131,.T.);
#6633=ORIENTED_EDGE('',*,*,#8336,.F.);
#6634=ORIENTED_EDGE('',*,*,#8105,.T.);
#6635=ORIENTED_EDGE('',*,*,#8335,.T.);
#6636=ORIENTED_EDGE('',*,*,#8130,.T.);
#6637=ORIENTED_EDGE('',*,*,#8233,.F.);
#6638=ORIENTED_EDGE('',*,*,#8106,.T.);
#6639=ORIENTED_EDGE('',*,*,#8336,.T.);
#6640=ORIENTED_EDGE('',*,*,#8108,.T.);
#6641=ORIENTED_EDGE('',*,*,#8231,.F.);
#6642=ORIENTED_EDGE('',*,*,#8337,.T.);
#6643=ORIENTED_EDGE('',*,*,#8338,.T.);
#6644=ORIENTED_EDGE('',*,*,#8109,.T.);
#6645=ORIENTED_EDGE('',*,*,#8338,.F.);
#6646=ORIENTED_EDGE('',*,*,#8339,.T.);
#6647=ORIENTED_EDGE('',*,*,#8340,.T.);
#6648=ORIENTED_EDGE('',*,*,#8110,.T.);
#6649=ORIENTED_EDGE('',*,*,#8340,.F.);
#6650=ORIENTED_EDGE('',*,*,#8341,.T.);
#6651=ORIENTED_EDGE('',*,*,#8294,.T.);
#6652=ORIENTED_EDGE('',*,*,#8234,.F.);
#6653=ORIENTED_EDGE('',*,*,#8139,.F.);
#6654=ORIENTED_EDGE('',*,*,#8342,.F.);
#6655=ORIENTED_EDGE('',*,*,#8119,.T.);
#6656=ORIENTED_EDGE('',*,*,#8138,.T.);
#6657=ORIENTED_EDGE('',*,*,#8197,.T.);
#6658=ORIENTED_EDGE('',*,*,#8120,.T.);
#6659=ORIENTED_EDGE('',*,*,#8342,.T.);
#6660=ORIENTED_EDGE('',*,*,#8189,.T.);
#6661=ORIENTED_EDGE('',*,*,#8134,.F.);
#6662=ORIENTED_EDGE('',*,*,#8285,.F.);
#6663=ORIENTED_EDGE('',*,*,#8343,.F.);
#6664=ORIENTED_EDGE('',*,*,#8344,.F.);
#6665=ORIENTED_EDGE('',*,*,#8345,.F.);
#6666=ORIENTED_EDGE('',*,*,#8277,.F.);
#6667=ORIENTED_EDGE('',*,*,#8124,.T.);
#6668=ORIENTED_EDGE('',*,*,#8154,.T.);
#6669=ORIENTED_EDGE('',*,*,#8346,.F.);
#6670=ORIENTED_EDGE('',*,*,#8126,.T.);
#6671=ORIENTED_EDGE('',*,*,#8276,.T.);
#6672=ORIENTED_EDGE('',*,*,#8153,.T.);
#6673=ORIENTED_EDGE('',*,*,#8347,.F.);
#6674=ORIENTED_EDGE('',*,*,#8127,.T.);
#6675=ORIENTED_EDGE('',*,*,#8346,.T.);
#6676=ORIENTED_EDGE('',*,*,#8152,.T.);
#6677=ORIENTED_EDGE('',*,*,#8235,.F.);
#6678=ORIENTED_EDGE('',*,*,#8128,.T.);
#6679=ORIENTED_EDGE('',*,*,#8347,.T.);
#6680=ORIENTED_EDGE('',*,*,#8236,.F.);
#6681=ORIENTED_EDGE('',*,*,#8161,.F.);
#6682=ORIENTED_EDGE('',*,*,#8348,.F.);
#6683=ORIENTED_EDGE('',*,*,#8141,.T.);
#6684=ORIENTED_EDGE('',*,*,#8160,.T.);
#6685=ORIENTED_EDGE('',*,*,#8195,.T.);
#6686=ORIENTED_EDGE('',*,*,#8142,.T.);
#6687=ORIENTED_EDGE('',*,*,#8348,.T.);
#6688=ORIENTED_EDGE('',*,*,#8187,.T.);
#6689=ORIENTED_EDGE('',*,*,#8156,.F.);
#6690=ORIENTED_EDGE('',*,*,#8275,.F.);
#6691=ORIENTED_EDGE('',*,*,#8349,.F.);
#6692=ORIENTED_EDGE('',*,*,#8350,.F.);
#6693=ORIENTED_EDGE('',*,*,#8351,.F.);
#6694=ORIENTED_EDGE('',*,*,#8267,.F.);
#6695=ORIENTED_EDGE('',*,*,#8146,.T.);
#6696=ORIENTED_EDGE('',*,*,#8176,.T.);
#6697=ORIENTED_EDGE('',*,*,#8352,.F.);
#6698=ORIENTED_EDGE('',*,*,#8148,.T.);
#6699=ORIENTED_EDGE('',*,*,#8266,.T.);
#6700=ORIENTED_EDGE('',*,*,#8175,.T.);
#6701=ORIENTED_EDGE('',*,*,#8353,.F.);
#6702=ORIENTED_EDGE('',*,*,#8149,.T.);
#6703=ORIENTED_EDGE('',*,*,#8352,.T.);
#6704=ORIENTED_EDGE('',*,*,#8174,.T.);
#6705=ORIENTED_EDGE('',*,*,#8237,.F.);
#6706=ORIENTED_EDGE('',*,*,#8150,.T.);
#6707=ORIENTED_EDGE('',*,*,#8353,.T.);
#6708=ORIENTED_EDGE('',*,*,#8200,.F.);
#6709=ORIENTED_EDGE('',*,*,#8183,.F.);
#6710=ORIENTED_EDGE('',*,*,#8354,.F.);
#6711=ORIENTED_EDGE('',*,*,#8163,.T.);
#6712=ORIENTED_EDGE('',*,*,#8182,.T.);
#6713=ORIENTED_EDGE('',*,*,#8193,.T.);
#6714=ORIENTED_EDGE('',*,*,#8164,.T.);
#6715=ORIENTED_EDGE('',*,*,#8354,.T.);
#6716=ORIENTED_EDGE('',*,*,#8185,.T.);
#6717=ORIENTED_EDGE('',*,*,#8178,.F.);
#6718=ORIENTED_EDGE('',*,*,#8265,.F.);
#6719=ORIENTED_EDGE('',*,*,#8355,.F.);
#6720=ORIENTED_EDGE('',*,*,#8356,.F.);
#6721=ORIENTED_EDGE('',*,*,#8357,.F.);
#6722=ORIENTED_EDGE('',*,*,#8257,.F.);
#6723=ORIENTED_EDGE('',*,*,#8168,.T.);
#6724=ORIENTED_EDGE('',*,*,#8170,.T.);
#6725=ORIENTED_EDGE('',*,*,#8334,.T.);
#6726=ORIENTED_EDGE('',*,*,#8358,.T.);
#6727=ORIENTED_EDGE('',*,*,#8359,.F.);
#6728=ORIENTED_EDGE('',*,*,#8171,.T.);
#6729=ORIENTED_EDGE('',*,*,#8359,.T.);
#6730=ORIENTED_EDGE('',*,*,#8360,.T.);
#6731=ORIENTED_EDGE('',*,*,#8361,.F.);
#6732=ORIENTED_EDGE('',*,*,#8172,.T.);
#6733=ORIENTED_EDGE('',*,*,#8361,.T.);
#6734=ORIENTED_EDGE('',*,*,#8362,.T.);
#6735=ORIENTED_EDGE('',*,*,#8201,.F.);
#6736=ORIENTED_EDGE('',*,*,#8358,.F.);
#6737=ORIENTED_EDGE('',*,*,#8333,.F.);
#6738=ORIENTED_EDGE('',*,*,#8363,.T.);
#6739=ORIENTED_EDGE('',*,*,#8364,.T.);
#6740=ORIENTED_EDGE('',*,*,#8365,.F.);
#6741=ORIENTED_EDGE('',*,*,#8366,.F.);
#6742=ORIENTED_EDGE('',*,*,#8367,.F.);
#6743=ORIENTED_EDGE('',*,*,#8368,.T.);
#6744=ORIENTED_EDGE('',*,*,#8202,.F.);
#6745=ORIENTED_EDGE('',*,*,#8362,.F.);
#6746=ORIENTED_EDGE('',*,*,#8360,.F.);
#6747=ORIENTED_EDGE('',*,*,#8203,.F.);
#6748=ORIENTED_EDGE('',*,*,#8368,.F.);
#6749=ORIENTED_EDGE('',*,*,#8369,.F.);
#6750=ORIENTED_EDGE('',*,*,#8370,.T.);
#6751=ORIENTED_EDGE('',*,*,#8371,.F.);
#6752=ORIENTED_EDGE('',*,*,#8372,.F.);
#6753=ORIENTED_EDGE('',*,*,#8204,.F.);
#6754=ORIENTED_EDGE('',*,*,#8370,.F.);
#6755=ORIENTED_EDGE('',*,*,#8373,.F.);
#6756=ORIENTED_EDGE('',*,*,#8374,.T.);
#6757=ORIENTED_EDGE('',*,*,#8375,.F.);
#6758=ORIENTED_EDGE('',*,*,#8376,.F.);
#6759=ORIENTED_EDGE('',*,*,#8377,.F.);
#6760=ORIENTED_EDGE('',*,*,#8323,.F.);
#6761=ORIENTED_EDGE('',*,*,#8378,.F.);
#6762=ORIENTED_EDGE('',*,*,#8372,.T.);
#6763=ORIENTED_EDGE('',*,*,#8379,.T.);
#6764=ORIENTED_EDGE('',*,*,#8380,.T.);
#6765=ORIENTED_EDGE('',*,*,#8205,.F.);
#6766=ORIENTED_EDGE('',*,*,#8381,.F.);
#6767=ORIENTED_EDGE('',*,*,#8321,.F.);
#6768=ORIENTED_EDGE('',*,*,#8382,.T.);
#6769=ORIENTED_EDGE('',*,*,#8383,.T.);
#6770=ORIENTED_EDGE('',*,*,#8384,.F.);
#6771=ORIENTED_EDGE('',*,*,#8385,.F.);
#6772=ORIENTED_EDGE('',*,*,#8386,.F.);
#6773=ORIENTED_EDGE('',*,*,#8387,.T.);
#6774=ORIENTED_EDGE('',*,*,#8206,.F.);
#6775=ORIENTED_EDGE('',*,*,#8380,.F.);
#6776=ORIENTED_EDGE('',*,*,#8388,.F.);
#6777=ORIENTED_EDGE('',*,*,#8207,.F.);
#6778=ORIENTED_EDGE('',*,*,#8387,.F.);
#6779=ORIENTED_EDGE('',*,*,#8389,.F.);
#6780=ORIENTED_EDGE('',*,*,#8390,.T.);
#6781=ORIENTED_EDGE('',*,*,#8391,.T.);
#6782=ORIENTED_EDGE('',*,*,#8208,.F.);
#6783=ORIENTED_EDGE('',*,*,#8390,.F.);
#6784=ORIENTED_EDGE('',*,*,#8392,.F.);
#6785=ORIENTED_EDGE('',*,*,#8393,.T.);
#6786=ORIENTED_EDGE('',*,*,#8209,.F.);
#6787=ORIENTED_EDGE('',*,*,#8391,.F.);
#6788=ORIENTED_EDGE('',*,*,#8394,.F.);
#6789=ORIENTED_EDGE('',*,*,#8395,.F.);
#6790=ORIENTED_EDGE('',*,*,#8395,.T.);
#6791=ORIENTED_EDGE('',*,*,#8396,.F.);
#6792=ORIENTED_EDGE('',*,*,#8397,.F.);
#6793=ORIENTED_EDGE('',*,*,#8311,.F.);
#6794=ORIENTED_EDGE('',*,*,#8398,.F.);
#6795=ORIENTED_EDGE('',*,*,#8399,.F.);
#6796=ORIENTED_EDGE('',*,*,#8400,.F.);
#6797=ORIENTED_EDGE('',*,*,#8210,.F.);
#6798=ORIENTED_EDGE('',*,*,#8400,.T.);
#6799=ORIENTED_EDGE('',*,*,#8401,.T.);
#6800=ORIENTED_EDGE('',*,*,#8402,.F.);
#6801=ORIENTED_EDGE('',*,*,#8211,.F.);
#6802=ORIENTED_EDGE('',*,*,#8403,.T.);
#6803=ORIENTED_EDGE('',*,*,#8212,.T.);
#6804=ORIENTED_EDGE('',*,*,#8402,.T.);
#6805=ORIENTED_EDGE('',*,*,#8404,.T.);
#6806=ORIENTED_EDGE('',*,*,#8405,.T.);
#6807=ORIENTED_EDGE('',*,*,#8309,.T.);
#6808=ORIENTED_EDGE('',*,*,#8406,.T.);
#6809=ORIENTED_EDGE('',*,*,#8407,.T.);
#6810=ORIENTED_EDGE('',*,*,#8408,.T.);
#6811=ORIENTED_EDGE('',*,*,#8409,.T.);
#6812=ORIENTED_EDGE('',*,*,#8218,.T.);
#6813=ORIENTED_EDGE('',*,*,#8410,.T.);
#6814=ORIENTED_EDGE('',*,*,#8411,.T.);
#6815=ORIENTED_EDGE('',*,*,#8412,.T.);
#6816=ORIENTED_EDGE('',*,*,#8216,.T.);
#6817=ORIENTED_EDGE('',*,*,#8413,.T.);
#6818=ORIENTED_EDGE('',*,*,#8414,.T.);
#6819=ORIENTED_EDGE('',*,*,#8403,.F.);
#6820=ORIENTED_EDGE('',*,*,#8415,.F.);
#6821=ORIENTED_EDGE('',*,*,#8416,.T.);
#6822=ORIENTED_EDGE('',*,*,#8213,.F.);
#6823=ORIENTED_EDGE('',*,*,#8214,.F.);
#6824=ORIENTED_EDGE('',*,*,#8416,.F.);
#6825=ORIENTED_EDGE('',*,*,#8417,.F.);
#6826=ORIENTED_EDGE('',*,*,#8418,.T.);
#6827=ORIENTED_EDGE('',*,*,#8413,.F.);
#6828=ORIENTED_EDGE('',*,*,#8215,.F.);
#6829=ORIENTED_EDGE('',*,*,#8418,.F.);
#6830=ORIENTED_EDGE('',*,*,#8419,.F.);
#6831=ORIENTED_EDGE('',*,*,#8412,.F.);
#6832=ORIENTED_EDGE('',*,*,#8420,.F.);
#6833=ORIENTED_EDGE('',*,*,#8410,.F.);
#6834=ORIENTED_EDGE('',*,*,#8217,.F.);
#6835=ORIENTED_EDGE('',*,*,#8421,.T.);
#6836=ORIENTED_EDGE('',*,*,#8219,.T.);
#6837=ORIENTED_EDGE('',*,*,#8409,.F.);
#6838=ORIENTED_EDGE('',*,*,#8422,.F.);
#6839=ORIENTED_EDGE('',*,*,#8423,.T.);
#6840=ORIENTED_EDGE('',*,*,#8424,.T.);
#6841=ORIENTED_EDGE('',*,*,#8425,.T.);
#6842=ORIENTED_EDGE('',*,*,#8220,.F.);
#6843=ORIENTED_EDGE('',*,*,#8421,.F.);
#6844=ORIENTED_EDGE('',*,*,#8426,.F.);
#6845=ORIENTED_EDGE('',*,*,#8427,.F.);
#6846=ORIENTED_EDGE('',*,*,#8428,.F.);
#6847=ORIENTED_EDGE('',*,*,#8307,.F.);
#6848=ORIENTED_EDGE('',*,*,#8429,.F.);
#6849=ORIENTED_EDGE('',*,*,#8430,.F.);
#6850=ORIENTED_EDGE('',*,*,#8431,.F.);
#6851=ORIENTED_EDGE('',*,*,#8226,.F.);
#6852=ORIENTED_EDGE('',*,*,#8432,.F.);
#6853=ORIENTED_EDGE('',*,*,#8433,.F.);
#6854=ORIENTED_EDGE('',*,*,#8434,.F.);
#6855=ORIENTED_EDGE('',*,*,#8222,.F.);
#6856=ORIENTED_EDGE('',*,*,#8423,.F.);
#6857=ORIENTED_EDGE('',*,*,#8221,.F.);
#6858=ORIENTED_EDGE('',*,*,#8425,.F.);
#6859=ORIENTED_EDGE('',*,*,#8435,.F.);
#6860=ORIENTED_EDGE('',*,*,#8434,.T.);
#6861=ORIENTED_EDGE('',*,*,#8436,.T.);
#6862=ORIENTED_EDGE('',*,*,#8437,.T.);
#6863=ORIENTED_EDGE('',*,*,#8223,.F.);
#6864=ORIENTED_EDGE('',*,*,#8438,.T.);
#6865=ORIENTED_EDGE('',*,*,#8439,.T.);
#6866=ORIENTED_EDGE('',*,*,#8224,.F.);
#6867=ORIENTED_EDGE('',*,*,#8437,.F.);
#6868=ORIENTED_EDGE('',*,*,#8432,.T.);
#6869=ORIENTED_EDGE('',*,*,#8225,.F.);
#6870=ORIENTED_EDGE('',*,*,#8439,.F.);
#6871=ORIENTED_EDGE('',*,*,#8440,.T.);
#6872=ORIENTED_EDGE('',*,*,#8441,.T.);
#6873=ORIENTED_EDGE('',*,*,#8227,.F.);
#6874=ORIENTED_EDGE('',*,*,#8431,.T.);
#6875=ORIENTED_EDGE('',*,*,#8442,.T.);
#6876=ORIENTED_EDGE('',*,*,#8443,.F.);
#6877=ORIENTED_EDGE('',*,*,#8305,.F.);
#6878=ORIENTED_EDGE('',*,*,#8444,.T.);
#6879=ORIENTED_EDGE('',*,*,#8445,.T.);
#6880=ORIENTED_EDGE('',*,*,#8446,.F.);
#6881=ORIENTED_EDGE('',*,*,#8447,.F.);
#6882=ORIENTED_EDGE('',*,*,#8448,.F.);
#6883=ORIENTED_EDGE('',*,*,#8449,.T.);
#6884=ORIENTED_EDGE('',*,*,#8228,.F.);
#6885=ORIENTED_EDGE('',*,*,#8441,.F.);
#6886=ORIENTED_EDGE('',*,*,#8450,.F.);
#6887=ORIENTED_EDGE('',*,*,#8229,.F.);
#6888=ORIENTED_EDGE('',*,*,#8449,.F.);
#6889=ORIENTED_EDGE('',*,*,#8451,.F.);
#6890=ORIENTED_EDGE('',*,*,#8452,.T.);
#6891=ORIENTED_EDGE('',*,*,#8341,.F.);
#6892=ORIENTED_EDGE('',*,*,#8339,.F.);
#6893=ORIENTED_EDGE('',*,*,#8337,.F.);
#6894=ORIENTED_EDGE('',*,*,#8230,.F.);
#6895=ORIENTED_EDGE('',*,*,#8452,.F.);
#6896=ORIENTED_EDGE('',*,*,#8453,.F.);
#6897=ORIENTED_EDGE('',*,*,#8454,.T.);
#6898=ORIENTED_EDGE('',*,*,#8455,.F.);
#6899=ORIENTED_EDGE('',*,*,#8456,.F.);
#6900=ORIENTED_EDGE('',*,*,#8457,.F.);
#6901=ORIENTED_EDGE('',*,*,#8295,.F.);
#6902=ORIENTED_EDGE('',*,*,#8238,.F.);
#6903=ORIENTED_EDGE('',*,*,#8458,.F.);
#6904=ORIENTED_EDGE('',*,*,#8239,.F.);
#6905=ORIENTED_EDGE('',*,*,#8459,.F.);
#6906=ORIENTED_EDGE('',*,*,#8240,.F.);
#6907=ORIENTED_EDGE('',*,*,#8460,.F.);
#6908=ORIENTED_EDGE('',*,*,#8241,.F.);
#6909=ORIENTED_EDGE('',*,*,#8461,.F.);
#6910=ORIENTED_EDGE('',*,*,#8242,.F.);
#6911=ORIENTED_EDGE('',*,*,#8462,.F.);
#6912=ORIENTED_EDGE('',*,*,#8243,.F.);
#6913=ORIENTED_EDGE('',*,*,#8463,.F.);
#6914=ORIENTED_EDGE('',*,*,#8244,.F.);
#6915=ORIENTED_EDGE('',*,*,#8464,.F.);
#6916=ORIENTED_EDGE('',*,*,#8245,.F.);
#6917=ORIENTED_EDGE('',*,*,#8465,.F.);
#6918=ORIENTED_EDGE('',*,*,#8246,.F.);
#6919=ORIENTED_EDGE('',*,*,#8466,.F.);
#6920=ORIENTED_EDGE('',*,*,#8247,.F.);
#6921=ORIENTED_EDGE('',*,*,#8467,.F.);
#6922=ORIENTED_EDGE('',*,*,#8248,.F.);
#6923=ORIENTED_EDGE('',*,*,#8468,.F.);
#6924=ORIENTED_EDGE('',*,*,#8249,.F.);
#6925=ORIENTED_EDGE('',*,*,#8469,.F.);
#6926=ORIENTED_EDGE('',*,*,#8250,.F.);
#6927=ORIENTED_EDGE('',*,*,#8470,.F.);
#6928=ORIENTED_EDGE('',*,*,#8253,.T.);
#6929=ORIENTED_EDGE('',*,*,#8293,.F.);
#6930=ORIENTED_EDGE('',*,*,#8471,.F.);
#6931=ORIENTED_EDGE('',*,*,#8472,.F.);
#6932=ORIENTED_EDGE('',*,*,#8254,.T.);
#6933=ORIENTED_EDGE('',*,*,#8472,.T.);
#6934=ORIENTED_EDGE('',*,*,#8473,.F.);
#6935=ORIENTED_EDGE('',*,*,#8474,.F.);
#6936=ORIENTED_EDGE('',*,*,#8255,.T.);
#6937=ORIENTED_EDGE('',*,*,#8474,.T.);
#6938=ORIENTED_EDGE('',*,*,#8475,.F.);
#6939=ORIENTED_EDGE('',*,*,#8287,.F.);
#6940=ORIENTED_EDGE('',*,*,#8357,.T.);
#6941=ORIENTED_EDGE('',*,*,#8476,.T.);
#6942=ORIENTED_EDGE('',*,*,#8477,.F.);
#6943=ORIENTED_EDGE('',*,*,#8258,.F.);
#6944=ORIENTED_EDGE('',*,*,#8477,.T.);
#6945=ORIENTED_EDGE('',*,*,#8478,.T.);
#6946=ORIENTED_EDGE('',*,*,#8479,.T.);
#6947=ORIENTED_EDGE('',*,*,#8263,.F.);
#6948=ORIENTED_EDGE('',*,*,#8480,.F.);
#6949=ORIENTED_EDGE('',*,*,#8481,.T.);
#6950=ORIENTED_EDGE('',*,*,#8482,.T.);
#6951=ORIENTED_EDGE('',*,*,#8483,.T.);
#6952=ORIENTED_EDGE('',*,*,#8484,.T.);
#6953=ORIENTED_EDGE('',*,*,#8485,.F.);
#6954=ORIENTED_EDGE('',*,*,#8486,.T.);
#6955=ORIENTED_EDGE('',*,*,#8487,.F.);
#6956=ORIENTED_EDGE('',*,*,#8488,.F.);
#6957=ORIENTED_EDGE('',*,*,#8259,.F.);
#6958=ORIENTED_EDGE('',*,*,#8260,.F.);
#6959=ORIENTED_EDGE('',*,*,#8488,.T.);
#6960=ORIENTED_EDGE('',*,*,#8489,.T.);
#6961=ORIENTED_EDGE('',*,*,#8490,.T.);
#6962=ORIENTED_EDGE('',*,*,#8491,.F.);
#6963=ORIENTED_EDGE('',*,*,#8261,.F.);
#6964=ORIENTED_EDGE('',*,*,#8490,.F.);
#6965=ORIENTED_EDGE('',*,*,#8492,.T.);
#6966=ORIENTED_EDGE('',*,*,#8493,.T.);
#6967=ORIENTED_EDGE('',*,*,#8494,.T.);
#6968=ORIENTED_EDGE('',*,*,#8495,.T.);
#6969=ORIENTED_EDGE('',*,*,#8496,.F.);
#6970=ORIENTED_EDGE('',*,*,#8497,.T.);
#6971=ORIENTED_EDGE('',*,*,#8498,.F.);
#6972=ORIENTED_EDGE('',*,*,#8499,.T.);
#6973=ORIENTED_EDGE('',*,*,#8262,.F.);
#6974=ORIENTED_EDGE('',*,*,#8491,.T.);
#6975=ORIENTED_EDGE('',*,*,#8500,.T.);
#6976=ORIENTED_EDGE('',*,*,#8480,.T.);
#6977=ORIENTED_EDGE('',*,*,#8355,.T.);
#6978=ORIENTED_EDGE('',*,*,#8264,.F.);
#6979=ORIENTED_EDGE('',*,*,#8479,.F.);
#6980=ORIENTED_EDGE('',*,*,#8501,.F.);
#6981=ORIENTED_EDGE('',*,*,#8351,.T.);
#6982=ORIENTED_EDGE('',*,*,#8502,.T.);
#6983=ORIENTED_EDGE('',*,*,#8503,.F.);
#6984=ORIENTED_EDGE('',*,*,#8268,.F.);
#6985=ORIENTED_EDGE('',*,*,#8503,.T.);
#6986=ORIENTED_EDGE('',*,*,#8504,.T.);
#6987=ORIENTED_EDGE('',*,*,#8505,.T.);
#6988=ORIENTED_EDGE('',*,*,#8273,.F.);
#6989=ORIENTED_EDGE('',*,*,#8506,.F.);
#6990=ORIENTED_EDGE('',*,*,#8507,.T.);
#6991=ORIENTED_EDGE('',*,*,#8508,.T.);
#6992=ORIENTED_EDGE('',*,*,#8509,.T.);
#6993=ORIENTED_EDGE('',*,*,#8510,.T.);
#6994=ORIENTED_EDGE('',*,*,#8511,.F.);
#6995=ORIENTED_EDGE('',*,*,#8512,.T.);
#6996=ORIENTED_EDGE('',*,*,#8513,.F.);
#6997=ORIENTED_EDGE('',*,*,#8514,.F.);
#6998=ORIENTED_EDGE('',*,*,#8269,.F.);
#6999=ORIENTED_EDGE('',*,*,#8270,.F.);
#7000=ORIENTED_EDGE('',*,*,#8514,.T.);
#7001=ORIENTED_EDGE('',*,*,#8515,.T.);
#7002=ORIENTED_EDGE('',*,*,#8516,.T.);
#7003=ORIENTED_EDGE('',*,*,#8517,.F.);
#7004=ORIENTED_EDGE('',*,*,#8271,.F.);
#7005=ORIENTED_EDGE('',*,*,#8516,.F.);
#7006=ORIENTED_EDGE('',*,*,#8518,.T.);
#7007=ORIENTED_EDGE('',*,*,#8519,.T.);
#7008=ORIENTED_EDGE('',*,*,#8520,.T.);
#7009=ORIENTED_EDGE('',*,*,#8521,.T.);
#7010=ORIENTED_EDGE('',*,*,#8522,.F.);
#7011=ORIENTED_EDGE('',*,*,#8523,.T.);
#7012=ORIENTED_EDGE('',*,*,#8524,.F.);
#7013=ORIENTED_EDGE('',*,*,#8525,.T.);
#7014=ORIENTED_EDGE('',*,*,#8272,.F.);
#7015=ORIENTED_EDGE('',*,*,#8517,.T.);
#7016=ORIENTED_EDGE('',*,*,#8526,.T.);
#7017=ORIENTED_EDGE('',*,*,#8506,.T.);
#7018=ORIENTED_EDGE('',*,*,#8349,.T.);
#7019=ORIENTED_EDGE('',*,*,#8274,.F.);
#7020=ORIENTED_EDGE('',*,*,#8505,.F.);
#7021=ORIENTED_EDGE('',*,*,#8527,.F.);
#7022=ORIENTED_EDGE('',*,*,#8345,.T.);
#7023=ORIENTED_EDGE('',*,*,#8528,.T.);
#7024=ORIENTED_EDGE('',*,*,#8529,.F.);
#7025=ORIENTED_EDGE('',*,*,#8278,.F.);
#7026=ORIENTED_EDGE('',*,*,#8529,.T.);
#7027=ORIENTED_EDGE('',*,*,#8530,.T.);
#7028=ORIENTED_EDGE('',*,*,#8531,.T.);
#7029=ORIENTED_EDGE('',*,*,#8283,.F.);
#7030=ORIENTED_EDGE('',*,*,#8532,.F.);
#7031=ORIENTED_EDGE('',*,*,#8533,.T.);
#7032=ORIENTED_EDGE('',*,*,#8534,.T.);
#7033=ORIENTED_EDGE('',*,*,#8535,.T.);
#7034=ORIENTED_EDGE('',*,*,#8536,.T.);
#7035=ORIENTED_EDGE('',*,*,#8537,.F.);
#7036=ORIENTED_EDGE('',*,*,#8538,.T.);
#7037=ORIENTED_EDGE('',*,*,#8539,.F.);
#7038=ORIENTED_EDGE('',*,*,#8540,.F.);
#7039=ORIENTED_EDGE('',*,*,#8279,.F.);
#7040=ORIENTED_EDGE('',*,*,#8280,.F.);
#7041=ORIENTED_EDGE('',*,*,#8540,.T.);
#7042=ORIENTED_EDGE('',*,*,#8541,.T.);
#7043=ORIENTED_EDGE('',*,*,#8542,.T.);
#7044=ORIENTED_EDGE('',*,*,#8543,.F.);
#7045=ORIENTED_EDGE('',*,*,#8281,.F.);
#7046=ORIENTED_EDGE('',*,*,#8542,.F.);
#7047=ORIENTED_EDGE('',*,*,#8544,.T.);
#7048=ORIENTED_EDGE('',*,*,#8545,.T.);
#7049=ORIENTED_EDGE('',*,*,#8546,.T.);
#7050=ORIENTED_EDGE('',*,*,#8547,.T.);
#7051=ORIENTED_EDGE('',*,*,#8548,.F.);
#7052=ORIENTED_EDGE('',*,*,#8549,.T.);
#7053=ORIENTED_EDGE('',*,*,#8550,.F.);
#7054=ORIENTED_EDGE('',*,*,#8551,.T.);
#7055=ORIENTED_EDGE('',*,*,#8282,.F.);
#7056=ORIENTED_EDGE('',*,*,#8543,.T.);
#7057=ORIENTED_EDGE('',*,*,#8552,.T.);
#7058=ORIENTED_EDGE('',*,*,#8532,.T.);
#7059=ORIENTED_EDGE('',*,*,#8343,.T.);
#7060=ORIENTED_EDGE('',*,*,#8284,.F.);
#7061=ORIENTED_EDGE('',*,*,#8531,.F.);
#7062=ORIENTED_EDGE('',*,*,#8553,.F.);
#7063=ORIENTED_EDGE('',*,*,#8475,.T.);
#7064=ORIENTED_EDGE('',*,*,#8473,.T.);
#7065=ORIENTED_EDGE('',*,*,#8471,.T.);
#7066=ORIENTED_EDGE('',*,*,#8292,.F.);
#7067=ORIENTED_EDGE('',*,*,#8554,.F.);
#7068=ORIENTED_EDGE('',*,*,#8555,.T.);
#7069=ORIENTED_EDGE('',*,*,#8556,.T.);
#7070=ORIENTED_EDGE('',*,*,#8557,.T.);
#7071=ORIENTED_EDGE('',*,*,#8558,.T.);
#7072=ORIENTED_EDGE('',*,*,#8559,.F.);
#7073=ORIENTED_EDGE('',*,*,#8560,.T.);
#7074=ORIENTED_EDGE('',*,*,#8561,.F.);
#7075=ORIENTED_EDGE('',*,*,#8562,.F.);
#7076=ORIENTED_EDGE('',*,*,#8288,.F.);
#7077=ORIENTED_EDGE('',*,*,#8289,.F.);
#7078=ORIENTED_EDGE('',*,*,#8562,.T.);
#7079=ORIENTED_EDGE('',*,*,#8563,.T.);
#7080=ORIENTED_EDGE('',*,*,#8564,.T.);
#7081=ORIENTED_EDGE('',*,*,#8565,.F.);
#7082=ORIENTED_EDGE('',*,*,#8290,.F.);
#7083=ORIENTED_EDGE('',*,*,#8564,.F.);
#7084=ORIENTED_EDGE('',*,*,#8566,.T.);
#7085=ORIENTED_EDGE('',*,*,#8567,.T.);
#7086=ORIENTED_EDGE('',*,*,#8568,.T.);
#7087=ORIENTED_EDGE('',*,*,#8569,.T.);
#7088=ORIENTED_EDGE('',*,*,#8570,.F.);
#7089=ORIENTED_EDGE('',*,*,#8571,.T.);
#7090=ORIENTED_EDGE('',*,*,#8572,.F.);
#7091=ORIENTED_EDGE('',*,*,#8573,.T.);
#7092=ORIENTED_EDGE('',*,*,#8291,.F.);
#7093=ORIENTED_EDGE('',*,*,#8565,.T.);
#7094=ORIENTED_EDGE('',*,*,#8574,.T.);
#7095=ORIENTED_EDGE('',*,*,#8554,.T.);
#7096=ORIENTED_EDGE('',*,*,#8575,.T.);
#7097=ORIENTED_EDGE('',*,*,#8296,.F.);
#7098=ORIENTED_EDGE('',*,*,#8457,.T.);
#7099=ORIENTED_EDGE('',*,*,#8576,.T.);
#7100=ORIENTED_EDGE('',*,*,#8444,.F.);
#7101=ORIENTED_EDGE('',*,*,#8304,.F.);
#7102=ORIENTED_EDGE('',*,*,#8577,.T.);
#7103=ORIENTED_EDGE('',*,*,#8578,.T.);
#7104=ORIENTED_EDGE('',*,*,#8297,.F.);
#7105=ORIENTED_EDGE('',*,*,#8575,.F.);
#7106=ORIENTED_EDGE('',*,*,#8579,.T.);
#7107=ORIENTED_EDGE('',*,*,#8580,.F.);
#7108=ORIENTED_EDGE('',*,*,#8580,.T.);
#7109=ORIENTED_EDGE('',*,*,#8581,.T.);
#7110=ORIENTED_EDGE('',*,*,#8582,.T.);
#7111=ORIENTED_EDGE('',*,*,#8302,.F.);
#7112=ORIENTED_EDGE('',*,*,#8583,.F.);
#7113=ORIENTED_EDGE('',*,*,#8584,.T.);
#7114=ORIENTED_EDGE('',*,*,#8585,.T.);
#7115=ORIENTED_EDGE('',*,*,#8586,.T.);
#7116=ORIENTED_EDGE('',*,*,#8587,.T.);
#7117=ORIENTED_EDGE('',*,*,#8588,.F.);
#7118=ORIENTED_EDGE('',*,*,#8589,.T.);
#7119=ORIENTED_EDGE('',*,*,#8590,.F.);
#7120=ORIENTED_EDGE('',*,*,#8591,.F.);
#7121=ORIENTED_EDGE('',*,*,#8298,.F.);
#7122=ORIENTED_EDGE('',*,*,#8299,.F.);
#7123=ORIENTED_EDGE('',*,*,#8591,.T.);
#7124=ORIENTED_EDGE('',*,*,#8592,.T.);
#7125=ORIENTED_EDGE('',*,*,#8593,.T.);
#7126=ORIENTED_EDGE('',*,*,#8594,.F.);
#7127=ORIENTED_EDGE('',*,*,#8300,.F.);
#7128=ORIENTED_EDGE('',*,*,#8593,.F.);
#7129=ORIENTED_EDGE('',*,*,#8595,.T.);
#7130=ORIENTED_EDGE('',*,*,#8596,.T.);
#7131=ORIENTED_EDGE('',*,*,#8597,.T.);
#7132=ORIENTED_EDGE('',*,*,#8598,.T.);
#7133=ORIENTED_EDGE('',*,*,#8599,.F.);
#7134=ORIENTED_EDGE('',*,*,#8600,.T.);
#7135=ORIENTED_EDGE('',*,*,#8601,.F.);
#7136=ORIENTED_EDGE('',*,*,#8602,.T.);
#7137=ORIENTED_EDGE('',*,*,#8301,.F.);
#7138=ORIENTED_EDGE('',*,*,#8594,.T.);
#7139=ORIENTED_EDGE('',*,*,#8603,.T.);
#7140=ORIENTED_EDGE('',*,*,#8583,.T.);
#7141=ORIENTED_EDGE('',*,*,#8303,.F.);
#7142=ORIENTED_EDGE('',*,*,#8582,.F.);
#7143=ORIENTED_EDGE('',*,*,#8604,.F.);
#7144=ORIENTED_EDGE('',*,*,#8577,.F.);
#7145=ORIENTED_EDGE('',*,*,#8443,.T.);
#7146=ORIENTED_EDGE('',*,*,#8605,.F.);
#7147=ORIENTED_EDGE('',*,*,#8429,.T.);
#7148=ORIENTED_EDGE('',*,*,#8306,.T.);
#7149=ORIENTED_EDGE('',*,*,#8428,.T.);
#7150=ORIENTED_EDGE('',*,*,#8606,.T.);
#7151=ORIENTED_EDGE('',*,*,#8406,.F.);
#7152=ORIENTED_EDGE('',*,*,#8308,.F.);
#7153=ORIENTED_EDGE('',*,*,#8398,.T.);
#7154=ORIENTED_EDGE('',*,*,#8310,.T.);
#7155=ORIENTED_EDGE('',*,*,#8405,.F.);
#7156=ORIENTED_EDGE('',*,*,#8607,.F.);
#7157=ORIENTED_EDGE('',*,*,#8608,.T.);
#7158=ORIENTED_EDGE('',*,*,#8382,.F.);
#7159=ORIENTED_EDGE('',*,*,#8320,.F.);
#7160=ORIENTED_EDGE('',*,*,#8609,.F.);
#7161=ORIENTED_EDGE('',*,*,#8610,.F.);
#7162=ORIENTED_EDGE('',*,*,#8611,.F.);
#7163=ORIENTED_EDGE('',*,*,#8312,.F.);
#7164=ORIENTED_EDGE('',*,*,#8397,.T.);
#7165=ORIENTED_EDGE('',*,*,#8611,.T.);
#7166=ORIENTED_EDGE('',*,*,#8612,.T.);
#7167=ORIENTED_EDGE('',*,*,#8613,.F.);
#7168=ORIENTED_EDGE('',*,*,#8313,.F.);
#7169=ORIENTED_EDGE('',*,*,#8613,.T.);
#7170=ORIENTED_EDGE('',*,*,#8614,.T.);
#7171=ORIENTED_EDGE('',*,*,#8615,.T.);
#7172=ORIENTED_EDGE('',*,*,#8318,.F.);
#7173=ORIENTED_EDGE('',*,*,#8616,.F.);
#7174=ORIENTED_EDGE('',*,*,#8617,.T.);
#7175=ORIENTED_EDGE('',*,*,#8618,.T.);
#7176=ORIENTED_EDGE('',*,*,#8619,.T.);
#7177=ORIENTED_EDGE('',*,*,#8620,.T.);
#7178=ORIENTED_EDGE('',*,*,#8621,.F.);
#7179=ORIENTED_EDGE('',*,*,#8622,.T.);
#7180=ORIENTED_EDGE('',*,*,#8623,.F.);
#7181=ORIENTED_EDGE('',*,*,#8624,.F.);
#7182=ORIENTED_EDGE('',*,*,#8314,.F.);
#7183=ORIENTED_EDGE('',*,*,#8315,.F.);
#7184=ORIENTED_EDGE('',*,*,#8624,.T.);
#7185=ORIENTED_EDGE('',*,*,#8625,.T.);
#7186=ORIENTED_EDGE('',*,*,#8626,.T.);
#7187=ORIENTED_EDGE('',*,*,#8627,.F.);
#7188=ORIENTED_EDGE('',*,*,#8316,.F.);
#7189=ORIENTED_EDGE('',*,*,#8626,.F.);
#7190=ORIENTED_EDGE('',*,*,#8628,.T.);
#7191=ORIENTED_EDGE('',*,*,#8629,.T.);
#7192=ORIENTED_EDGE('',*,*,#8630,.T.);
#7193=ORIENTED_EDGE('',*,*,#8631,.T.);
#7194=ORIENTED_EDGE('',*,*,#8632,.F.);
#7195=ORIENTED_EDGE('',*,*,#8633,.T.);
#7196=ORIENTED_EDGE('',*,*,#8634,.F.);
#7197=ORIENTED_EDGE('',*,*,#8635,.T.);
#7198=ORIENTED_EDGE('',*,*,#8317,.F.);
#7199=ORIENTED_EDGE('',*,*,#8627,.T.);
#7200=ORIENTED_EDGE('',*,*,#8636,.T.);
#7201=ORIENTED_EDGE('',*,*,#8616,.T.);
#7202=ORIENTED_EDGE('',*,*,#8609,.T.);
#7203=ORIENTED_EDGE('',*,*,#8319,.F.);
#7204=ORIENTED_EDGE('',*,*,#8615,.F.);
#7205=ORIENTED_EDGE('',*,*,#8637,.F.);
#7206=ORIENTED_EDGE('',*,*,#8378,.T.);
#7207=ORIENTED_EDGE('',*,*,#8322,.T.);
#7208=ORIENTED_EDGE('',*,*,#8381,.T.);
#7209=ORIENTED_EDGE('',*,*,#8638,.F.);
#7210=ORIENTED_EDGE('',*,*,#8639,.T.);
#7211=ORIENTED_EDGE('',*,*,#8324,.F.);
#7212=ORIENTED_EDGE('',*,*,#8377,.T.);
#7213=ORIENTED_EDGE('',*,*,#8640,.T.);
#7214=ORIENTED_EDGE('',*,*,#8363,.F.);
#7215=ORIENTED_EDGE('',*,*,#8332,.F.);
#7216=ORIENTED_EDGE('',*,*,#8641,.T.);
#7217=ORIENTED_EDGE('',*,*,#8642,.T.);
#7218=ORIENTED_EDGE('',*,*,#8325,.F.);
#7219=ORIENTED_EDGE('',*,*,#8639,.F.);
#7220=ORIENTED_EDGE('',*,*,#8643,.T.);
#7221=ORIENTED_EDGE('',*,*,#8644,.F.);
#7222=ORIENTED_EDGE('',*,*,#8644,.T.);
#7223=ORIENTED_EDGE('',*,*,#8645,.T.);
#7224=ORIENTED_EDGE('',*,*,#8646,.T.);
#7225=ORIENTED_EDGE('',*,*,#8330,.F.);
#7226=ORIENTED_EDGE('',*,*,#8647,.F.);
#7227=ORIENTED_EDGE('',*,*,#8648,.T.);
#7228=ORIENTED_EDGE('',*,*,#8649,.T.);
#7229=ORIENTED_EDGE('',*,*,#8650,.T.);
#7230=ORIENTED_EDGE('',*,*,#8651,.T.);
#7231=ORIENTED_EDGE('',*,*,#8652,.F.);
#7232=ORIENTED_EDGE('',*,*,#8653,.T.);
#7233=ORIENTED_EDGE('',*,*,#8654,.F.);
#7234=ORIENTED_EDGE('',*,*,#8655,.F.);
#7235=ORIENTED_EDGE('',*,*,#8326,.F.);
#7236=ORIENTED_EDGE('',*,*,#8327,.F.);
#7237=ORIENTED_EDGE('',*,*,#8655,.T.);
#7238=ORIENTED_EDGE('',*,*,#8656,.T.);
#7239=ORIENTED_EDGE('',*,*,#8657,.T.);
#7240=ORIENTED_EDGE('',*,*,#8658,.F.);
#7241=ORIENTED_EDGE('',*,*,#8328,.F.);
#7242=ORIENTED_EDGE('',*,*,#8657,.F.);
#7243=ORIENTED_EDGE('',*,*,#8659,.T.);
#7244=ORIENTED_EDGE('',*,*,#8660,.T.);
#7245=ORIENTED_EDGE('',*,*,#8661,.T.);
#7246=ORIENTED_EDGE('',*,*,#8662,.T.);
#7247=ORIENTED_EDGE('',*,*,#8663,.F.);
#7248=ORIENTED_EDGE('',*,*,#8664,.T.);
#7249=ORIENTED_EDGE('',*,*,#8665,.F.);
#7250=ORIENTED_EDGE('',*,*,#8666,.T.);
#7251=ORIENTED_EDGE('',*,*,#8329,.F.);
#7252=ORIENTED_EDGE('',*,*,#8658,.T.);
#7253=ORIENTED_EDGE('',*,*,#8667,.T.);
#7254=ORIENTED_EDGE('',*,*,#8647,.T.);
#7255=ORIENTED_EDGE('',*,*,#8331,.F.);
#7256=ORIENTED_EDGE('',*,*,#8646,.F.);
#7257=ORIENTED_EDGE('',*,*,#8668,.F.);
#7258=ORIENTED_EDGE('',*,*,#8641,.F.);
#7259=ORIENTED_EDGE('',*,*,#8344,.T.);
#7260=ORIENTED_EDGE('',*,*,#8553,.T.);
#7261=ORIENTED_EDGE('',*,*,#8530,.F.);
#7262=ORIENTED_EDGE('',*,*,#8528,.F.);
#7263=ORIENTED_EDGE('',*,*,#8350,.T.);
#7264=ORIENTED_EDGE('',*,*,#8527,.T.);
#7265=ORIENTED_EDGE('',*,*,#8504,.F.);
#7266=ORIENTED_EDGE('',*,*,#8502,.F.);
#7267=ORIENTED_EDGE('',*,*,#8356,.T.);
#7268=ORIENTED_EDGE('',*,*,#8501,.T.);
#7269=ORIENTED_EDGE('',*,*,#8478,.F.);
#7270=ORIENTED_EDGE('',*,*,#8476,.F.);
#7271=ORIENTED_EDGE('',*,*,#8669,.T.);
#7272=ORIENTED_EDGE('',*,*,#8364,.F.);
#7273=ORIENTED_EDGE('',*,*,#8640,.F.);
#7274=ORIENTED_EDGE('',*,*,#8376,.T.);
#7275=ORIENTED_EDGE('',*,*,#8669,.F.);
#7276=ORIENTED_EDGE('',*,*,#8375,.T.);
#7277=ORIENTED_EDGE('',*,*,#8670,.F.);
#7278=ORIENTED_EDGE('',*,*,#8365,.T.);
#7279=ORIENTED_EDGE('',*,*,#8670,.T.);
#7280=ORIENTED_EDGE('',*,*,#8374,.F.);
#7281=ORIENTED_EDGE('',*,*,#8671,.F.);
#7282=ORIENTED_EDGE('',*,*,#8366,.T.);
#7283=ORIENTED_EDGE('',*,*,#8367,.T.);
#7284=ORIENTED_EDGE('',*,*,#8671,.T.);
#7285=ORIENTED_EDGE('',*,*,#8373,.T.);
#7286=ORIENTED_EDGE('',*,*,#8369,.T.);
#7287=ORIENTED_EDGE('',*,*,#8371,.T.);
#7288=ORIENTED_EDGE('',*,*,#8638,.T.);
#7289=ORIENTED_EDGE('',*,*,#8388,.T.);
#7290=ORIENTED_EDGE('',*,*,#8379,.F.);
#7291=ORIENTED_EDGE('',*,*,#8672,.T.);
#7292=ORIENTED_EDGE('',*,*,#8383,.F.);
#7293=ORIENTED_EDGE('',*,*,#8608,.F.);
#7294=ORIENTED_EDGE('',*,*,#8396,.T.);
#7295=ORIENTED_EDGE('',*,*,#8672,.F.);
#7296=ORIENTED_EDGE('',*,*,#8394,.T.);
#7297=ORIENTED_EDGE('',*,*,#8673,.F.);
#7298=ORIENTED_EDGE('',*,*,#8384,.T.);
#7299=ORIENTED_EDGE('',*,*,#8673,.T.);
#7300=ORIENTED_EDGE('',*,*,#8393,.F.);
#7301=ORIENTED_EDGE('',*,*,#8674,.F.);
#7302=ORIENTED_EDGE('',*,*,#8385,.T.);
#7303=ORIENTED_EDGE('',*,*,#8674,.T.);
#7304=ORIENTED_EDGE('',*,*,#8392,.T.);
#7305=ORIENTED_EDGE('',*,*,#8389,.T.);
#7306=ORIENTED_EDGE('',*,*,#8386,.T.);
#7307=ORIENTED_EDGE('',*,*,#8399,.T.);
#7308=ORIENTED_EDGE('',*,*,#8607,.T.);
#7309=ORIENTED_EDGE('',*,*,#8404,.F.);
#7310=ORIENTED_EDGE('',*,*,#8401,.F.);
#7311=ORIENTED_EDGE('',*,*,#8427,.T.);
#7312=ORIENTED_EDGE('',*,*,#8675,.T.);
#7313=ORIENTED_EDGE('',*,*,#8407,.F.);
#7314=ORIENTED_EDGE('',*,*,#8606,.F.);
#7315=ORIENTED_EDGE('',*,*,#8426,.T.);
#7316=ORIENTED_EDGE('',*,*,#8422,.T.);
#7317=ORIENTED_EDGE('',*,*,#8408,.F.);
#7318=ORIENTED_EDGE('',*,*,#8675,.F.);
#7319=ORIENTED_EDGE('',*,*,#8411,.F.);
#7320=ORIENTED_EDGE('',*,*,#8420,.T.);
#7321=ORIENTED_EDGE('',*,*,#8414,.F.);
#7322=ORIENTED_EDGE('',*,*,#8419,.T.);
#7323=ORIENTED_EDGE('',*,*,#8417,.T.);
#7324=ORIENTED_EDGE('',*,*,#8415,.T.);
#7325=ORIENTED_EDGE('',*,*,#8424,.F.);
#7326=ORIENTED_EDGE('',*,*,#8435,.T.);
#7327=ORIENTED_EDGE('',*,*,#8450,.T.);
#7328=ORIENTED_EDGE('',*,*,#8442,.F.);
#7329=ORIENTED_EDGE('',*,*,#8430,.T.);
#7330=ORIENTED_EDGE('',*,*,#8605,.T.);
#7331=ORIENTED_EDGE('',*,*,#8433,.T.);
#7332=ORIENTED_EDGE('',*,*,#8440,.F.);
#7333=ORIENTED_EDGE('',*,*,#8438,.F.);
#7334=ORIENTED_EDGE('',*,*,#8436,.F.);
#7335=ORIENTED_EDGE('',*,*,#8676,.T.);
#7336=ORIENTED_EDGE('',*,*,#8445,.F.);
#7337=ORIENTED_EDGE('',*,*,#8576,.F.);
#7338=ORIENTED_EDGE('',*,*,#8456,.T.);
#7339=ORIENTED_EDGE('',*,*,#8676,.F.);
#7340=ORIENTED_EDGE('',*,*,#8455,.T.);
#7341=ORIENTED_EDGE('',*,*,#8677,.F.);
#7342=ORIENTED_EDGE('',*,*,#8446,.T.);
#7343=ORIENTED_EDGE('',*,*,#8677,.T.);
#7344=ORIENTED_EDGE('',*,*,#8454,.F.);
#7345=ORIENTED_EDGE('',*,*,#8678,.F.);
#7346=ORIENTED_EDGE('',*,*,#8447,.T.);
#7347=ORIENTED_EDGE('',*,*,#8448,.T.);
#7348=ORIENTED_EDGE('',*,*,#8678,.T.);
#7349=ORIENTED_EDGE('',*,*,#8453,.T.);
#7350=ORIENTED_EDGE('',*,*,#8451,.T.);
#7351=ORIENTED_EDGE('',*,*,#8458,.T.);
#7352=ORIENTED_EDGE('',*,*,#8679,.F.);
#7353=ORIENTED_EDGE('',*,*,#8459,.T.);
#7354=ORIENTED_EDGE('',*,*,#8680,.F.);
#7355=ORIENTED_EDGE('',*,*,#8460,.T.);
#7356=ORIENTED_EDGE('',*,*,#8681,.F.);
#7357=ORIENTED_EDGE('',*,*,#8461,.T.);
#7358=ORIENTED_EDGE('',*,*,#8682,.F.);
#7359=ORIENTED_EDGE('',*,*,#8462,.T.);
#7360=ORIENTED_EDGE('',*,*,#8683,.F.);
#7361=ORIENTED_EDGE('',*,*,#8463,.T.);
#7362=ORIENTED_EDGE('',*,*,#8684,.F.);
#7363=ORIENTED_EDGE('',*,*,#8464,.T.);
#7364=ORIENTED_EDGE('',*,*,#8685,.F.);
#7365=ORIENTED_EDGE('',*,*,#8465,.T.);
#7366=ORIENTED_EDGE('',*,*,#8466,.T.);
#7367=ORIENTED_EDGE('',*,*,#8467,.T.);
#7368=ORIENTED_EDGE('',*,*,#8468,.T.);
#7369=ORIENTED_EDGE('',*,*,#8469,.T.);
#7370=ORIENTED_EDGE('',*,*,#8470,.T.);
#7371=ORIENTED_EDGE('',*,*,#8500,.F.);
#7372=ORIENTED_EDGE('',*,*,#8498,.T.);
#7373=ORIENTED_EDGE('',*,*,#8686,.T.);
#7374=ORIENTED_EDGE('',*,*,#8687,.T.);
#7375=ORIENTED_EDGE('',*,*,#8688,.T.);
#7376=ORIENTED_EDGE('',*,*,#8689,.F.);
#7377=ORIENTED_EDGE('',*,*,#8690,.T.);
#7378=ORIENTED_EDGE('',*,*,#8481,.F.);
#7379=ORIENTED_EDGE('',*,*,#8691,.T.);
#7380=ORIENTED_EDGE('',*,*,#8482,.F.);
#7381=ORIENTED_EDGE('',*,*,#8690,.F.);
#7382=ORIENTED_EDGE('',*,*,#8691,.F.);
#7383=ORIENTED_EDGE('',*,*,#8689,.T.);
#7384=ORIENTED_EDGE('',*,*,#8692,.T.);
#7385=ORIENTED_EDGE('',*,*,#8483,.F.);
#7386=ORIENTED_EDGE('',*,*,#8495,.F.);
#7387=ORIENTED_EDGE('',*,*,#8693,.F.);
#7388=ORIENTED_EDGE('',*,*,#8694,.F.);
#7389=ORIENTED_EDGE('',*,*,#8695,.F.);
#7390=ORIENTED_EDGE('',*,*,#8484,.F.);
#7391=ORIENTED_EDGE('',*,*,#8692,.F.);
#7392=ORIENTED_EDGE('',*,*,#8688,.F.);
#7393=ORIENTED_EDGE('',*,*,#8696,.F.);
#7394=ORIENTED_EDGE('',*,*,#8697,.F.);
#7395=ORIENTED_EDGE('',*,*,#8485,.T.);
#7396=ORIENTED_EDGE('',*,*,#8695,.T.);
#7397=ORIENTED_EDGE('',*,*,#8698,.F.);
#7398=ORIENTED_EDGE('',*,*,#8697,.T.);
#7399=ORIENTED_EDGE('',*,*,#8699,.F.);
#7400=ORIENTED_EDGE('',*,*,#8486,.F.);
#7401=ORIENTED_EDGE('',*,*,#8489,.F.);
#7402=ORIENTED_EDGE('',*,*,#8487,.T.);
#7403=ORIENTED_EDGE('',*,*,#8699,.T.);
#7404=ORIENTED_EDGE('',*,*,#8698,.T.);
#7405=ORIENTED_EDGE('',*,*,#8694,.T.);
#7406=ORIENTED_EDGE('',*,*,#8700,.F.);
#7407=ORIENTED_EDGE('',*,*,#8701,.T.);
#7408=ORIENTED_EDGE('',*,*,#8492,.F.);
#7409=ORIENTED_EDGE('',*,*,#8702,.T.);
#7410=ORIENTED_EDGE('',*,*,#8493,.F.);
#7411=ORIENTED_EDGE('',*,*,#8701,.F.);
#7412=ORIENTED_EDGE('',*,*,#8702,.F.);
#7413=ORIENTED_EDGE('',*,*,#8700,.T.);
#7414=ORIENTED_EDGE('',*,*,#8693,.T.);
#7415=ORIENTED_EDGE('',*,*,#8494,.F.);
#7416=ORIENTED_EDGE('',*,*,#8703,.F.);
#7417=ORIENTED_EDGE('',*,*,#8496,.T.);
#7418=ORIENTED_EDGE('',*,*,#8696,.T.);
#7419=ORIENTED_EDGE('',*,*,#8687,.F.);
#7420=ORIENTED_EDGE('',*,*,#8703,.T.);
#7421=ORIENTED_EDGE('',*,*,#8686,.F.);
#7422=ORIENTED_EDGE('',*,*,#8497,.F.);
#7423=ORIENTED_EDGE('',*,*,#8704,.T.);
#7424=ORIENTED_EDGE('',*,*,#8499,.F.);
#7425=ORIENTED_EDGE('',*,*,#8526,.F.);
#7426=ORIENTED_EDGE('',*,*,#8524,.T.);
#7427=ORIENTED_EDGE('',*,*,#8705,.T.);
#7428=ORIENTED_EDGE('',*,*,#8706,.T.);
#7429=ORIENTED_EDGE('',*,*,#8707,.T.);
#7430=ORIENTED_EDGE('',*,*,#8708,.F.);
#7431=ORIENTED_EDGE('',*,*,#8709,.T.);
#7432=ORIENTED_EDGE('',*,*,#8507,.F.);
#7433=ORIENTED_EDGE('',*,*,#8710,.T.);
#7434=ORIENTED_EDGE('',*,*,#8508,.F.);
#7435=ORIENTED_EDGE('',*,*,#8709,.F.);
#7436=ORIENTED_EDGE('',*,*,#8710,.F.);
#7437=ORIENTED_EDGE('',*,*,#8708,.T.);
#7438=ORIENTED_EDGE('',*,*,#8711,.T.);
#7439=ORIENTED_EDGE('',*,*,#8509,.F.);
#7440=ORIENTED_EDGE('',*,*,#8521,.F.);
#7441=ORIENTED_EDGE('',*,*,#8712,.F.);
#7442=ORIENTED_EDGE('',*,*,#8713,.F.);
#7443=ORIENTED_EDGE('',*,*,#8714,.F.);
#7444=ORIENTED_EDGE('',*,*,#8510,.F.);
#7445=ORIENTED_EDGE('',*,*,#8711,.F.);
#7446=ORIENTED_EDGE('',*,*,#8707,.F.);
#7447=ORIENTED_EDGE('',*,*,#8715,.F.);
#7448=ORIENTED_EDGE('',*,*,#8716,.F.);
#7449=ORIENTED_EDGE('',*,*,#8511,.T.);
#7450=ORIENTED_EDGE('',*,*,#8714,.T.);
#7451=ORIENTED_EDGE('',*,*,#8717,.F.);
#7452=ORIENTED_EDGE('',*,*,#8716,.T.);
#7453=ORIENTED_EDGE('',*,*,#8718,.F.);
#7454=ORIENTED_EDGE('',*,*,#8512,.F.);
#7455=ORIENTED_EDGE('',*,*,#8515,.F.);
#7456=ORIENTED_EDGE('',*,*,#8513,.T.);
#7457=ORIENTED_EDGE('',*,*,#8718,.T.);
#7458=ORIENTED_EDGE('',*,*,#8717,.T.);
#7459=ORIENTED_EDGE('',*,*,#8713,.T.);
#7460=ORIENTED_EDGE('',*,*,#8719,.F.);
#7461=ORIENTED_EDGE('',*,*,#8720,.T.);
#7462=ORIENTED_EDGE('',*,*,#8518,.F.);
#7463=ORIENTED_EDGE('',*,*,#8721,.T.);
#7464=ORIENTED_EDGE('',*,*,#8519,.F.);
#7465=ORIENTED_EDGE('',*,*,#8720,.F.);
#7466=ORIENTED_EDGE('',*,*,#8721,.F.);
#7467=ORIENTED_EDGE('',*,*,#8719,.T.);
#7468=ORIENTED_EDGE('',*,*,#8712,.T.);
#7469=ORIENTED_EDGE('',*,*,#8520,.F.);
#7470=ORIENTED_EDGE('',*,*,#8722,.F.);
#7471=ORIENTED_EDGE('',*,*,#8522,.T.);
#7472=ORIENTED_EDGE('',*,*,#8715,.T.);
#7473=ORIENTED_EDGE('',*,*,#8706,.F.);
#7474=ORIENTED_EDGE('',*,*,#8722,.T.);
#7475=ORIENTED_EDGE('',*,*,#8705,.F.);
#7476=ORIENTED_EDGE('',*,*,#8523,.F.);
#7477=ORIENTED_EDGE('',*,*,#8723,.T.);
#7478=ORIENTED_EDGE('',*,*,#8525,.F.);
#7479=ORIENTED_EDGE('',*,*,#8552,.F.);
#7480=ORIENTED_EDGE('',*,*,#8550,.T.);
#7481=ORIENTED_EDGE('',*,*,#8724,.T.);
#7482=ORIENTED_EDGE('',*,*,#8725,.T.);
#7483=ORIENTED_EDGE('',*,*,#8726,.T.);
#7484=ORIENTED_EDGE('',*,*,#8727,.F.);
#7485=ORIENTED_EDGE('',*,*,#8728,.T.);
#7486=ORIENTED_EDGE('',*,*,#8533,.F.);
#7487=ORIENTED_EDGE('',*,*,#8729,.T.);
#7488=ORIENTED_EDGE('',*,*,#8534,.F.);
#7489=ORIENTED_EDGE('',*,*,#8728,.F.);
#7490=ORIENTED_EDGE('',*,*,#8729,.F.);
#7491=ORIENTED_EDGE('',*,*,#8727,.T.);
#7492=ORIENTED_EDGE('',*,*,#8730,.T.);
#7493=ORIENTED_EDGE('',*,*,#8535,.F.);
#7494=ORIENTED_EDGE('',*,*,#8547,.F.);
#7495=ORIENTED_EDGE('',*,*,#8731,.F.);
#7496=ORIENTED_EDGE('',*,*,#8732,.F.);
#7497=ORIENTED_EDGE('',*,*,#8733,.F.);
#7498=ORIENTED_EDGE('',*,*,#8536,.F.);
#7499=ORIENTED_EDGE('',*,*,#8730,.F.);
#7500=ORIENTED_EDGE('',*,*,#8726,.F.);
#7501=ORIENTED_EDGE('',*,*,#8734,.F.);
#7502=ORIENTED_EDGE('',*,*,#8735,.F.);
#7503=ORIENTED_EDGE('',*,*,#8537,.T.);
#7504=ORIENTED_EDGE('',*,*,#8733,.T.);
#7505=ORIENTED_EDGE('',*,*,#8736,.F.);
#7506=ORIENTED_EDGE('',*,*,#8735,.T.);
#7507=ORIENTED_EDGE('',*,*,#8737,.F.);
#7508=ORIENTED_EDGE('',*,*,#8538,.F.);
#7509=ORIENTED_EDGE('',*,*,#8541,.F.);
#7510=ORIENTED_EDGE('',*,*,#8539,.T.);
#7511=ORIENTED_EDGE('',*,*,#8737,.T.);
#7512=ORIENTED_EDGE('',*,*,#8736,.T.);
#7513=ORIENTED_EDGE('',*,*,#8732,.T.);
#7514=ORIENTED_EDGE('',*,*,#8738,.F.);
#7515=ORIENTED_EDGE('',*,*,#8739,.T.);
#7516=ORIENTED_EDGE('',*,*,#8544,.F.);
#7517=ORIENTED_EDGE('',*,*,#8740,.T.);
#7518=ORIENTED_EDGE('',*,*,#8545,.F.);
#7519=ORIENTED_EDGE('',*,*,#8739,.F.);
#7520=ORIENTED_EDGE('',*,*,#8740,.F.);
#7521=ORIENTED_EDGE('',*,*,#8738,.T.);
#7522=ORIENTED_EDGE('',*,*,#8731,.T.);
#7523=ORIENTED_EDGE('',*,*,#8546,.F.);
#7524=ORIENTED_EDGE('',*,*,#8741,.F.);
#7525=ORIENTED_EDGE('',*,*,#8548,.T.);
#7526=ORIENTED_EDGE('',*,*,#8734,.T.);
#7527=ORIENTED_EDGE('',*,*,#8725,.F.);
#7528=ORIENTED_EDGE('',*,*,#8741,.T.);
#7529=ORIENTED_EDGE('',*,*,#8724,.F.);
#7530=ORIENTED_EDGE('',*,*,#8549,.F.);
#7531=ORIENTED_EDGE('',*,*,#8742,.T.);
#7532=ORIENTED_EDGE('',*,*,#8551,.F.);
#7533=ORIENTED_EDGE('',*,*,#8574,.F.);
#7534=ORIENTED_EDGE('',*,*,#8572,.T.);
#7535=ORIENTED_EDGE('',*,*,#8743,.T.);
#7536=ORIENTED_EDGE('',*,*,#8744,.T.);
#7537=ORIENTED_EDGE('',*,*,#8745,.T.);
#7538=ORIENTED_EDGE('',*,*,#8746,.F.);
#7539=ORIENTED_EDGE('',*,*,#8747,.T.);
#7540=ORIENTED_EDGE('',*,*,#8555,.F.);
#7541=ORIENTED_EDGE('',*,*,#8748,.T.);
#7542=ORIENTED_EDGE('',*,*,#8556,.F.);
#7543=ORIENTED_EDGE('',*,*,#8747,.F.);
#7544=ORIENTED_EDGE('',*,*,#8748,.F.);
#7545=ORIENTED_EDGE('',*,*,#8746,.T.);
#7546=ORIENTED_EDGE('',*,*,#8749,.T.);
#7547=ORIENTED_EDGE('',*,*,#8557,.F.);
#7548=ORIENTED_EDGE('',*,*,#8569,.F.);
#7549=ORIENTED_EDGE('',*,*,#8750,.F.);
#7550=ORIENTED_EDGE('',*,*,#8751,.F.);
#7551=ORIENTED_EDGE('',*,*,#8752,.F.);
#7552=ORIENTED_EDGE('',*,*,#8558,.F.);
#7553=ORIENTED_EDGE('',*,*,#8749,.F.);
#7554=ORIENTED_EDGE('',*,*,#8745,.F.);
#7555=ORIENTED_EDGE('',*,*,#8753,.F.);
#7556=ORIENTED_EDGE('',*,*,#8754,.F.);
#7557=ORIENTED_EDGE('',*,*,#8559,.T.);
#7558=ORIENTED_EDGE('',*,*,#8752,.T.);
#7559=ORIENTED_EDGE('',*,*,#8755,.F.);
#7560=ORIENTED_EDGE('',*,*,#8754,.T.);
#7561=ORIENTED_EDGE('',*,*,#8756,.F.);
#7562=ORIENTED_EDGE('',*,*,#8560,.F.);
#7563=ORIENTED_EDGE('',*,*,#8563,.F.);
#7564=ORIENTED_EDGE('',*,*,#8561,.T.);
#7565=ORIENTED_EDGE('',*,*,#8756,.T.);
#7566=ORIENTED_EDGE('',*,*,#8755,.T.);
#7567=ORIENTED_EDGE('',*,*,#8751,.T.);
#7568=ORIENTED_EDGE('',*,*,#8757,.F.);
#7569=ORIENTED_EDGE('',*,*,#8758,.T.);
#7570=ORIENTED_EDGE('',*,*,#8566,.F.);
#7571=ORIENTED_EDGE('',*,*,#8759,.T.);
#7572=ORIENTED_EDGE('',*,*,#8567,.F.);
#7573=ORIENTED_EDGE('',*,*,#8758,.F.);
#7574=ORIENTED_EDGE('',*,*,#8759,.F.);
#7575=ORIENTED_EDGE('',*,*,#8757,.T.);
#7576=ORIENTED_EDGE('',*,*,#8750,.T.);
#7577=ORIENTED_EDGE('',*,*,#8568,.F.);
#7578=ORIENTED_EDGE('',*,*,#8760,.F.);
#7579=ORIENTED_EDGE('',*,*,#8570,.T.);
#7580=ORIENTED_EDGE('',*,*,#8753,.T.);
#7581=ORIENTED_EDGE('',*,*,#8744,.F.);
#7582=ORIENTED_EDGE('',*,*,#8760,.T.);
#7583=ORIENTED_EDGE('',*,*,#8743,.F.);
#7584=ORIENTED_EDGE('',*,*,#8571,.F.);
#7585=ORIENTED_EDGE('',*,*,#8761,.T.);
#7586=ORIENTED_EDGE('',*,*,#8573,.F.);
#7587=ORIENTED_EDGE('',*,*,#8578,.F.);
#7588=ORIENTED_EDGE('',*,*,#8604,.T.);
#7589=ORIENTED_EDGE('',*,*,#8581,.F.);
#7590=ORIENTED_EDGE('',*,*,#8579,.F.);
#7591=ORIENTED_EDGE('',*,*,#8603,.F.);
#7592=ORIENTED_EDGE('',*,*,#8601,.T.);
#7593=ORIENTED_EDGE('',*,*,#8762,.T.);
#7594=ORIENTED_EDGE('',*,*,#8763,.T.);
#7595=ORIENTED_EDGE('',*,*,#8764,.T.);
#7596=ORIENTED_EDGE('',*,*,#8765,.F.);
#7597=ORIENTED_EDGE('',*,*,#8766,.T.);
#7598=ORIENTED_EDGE('',*,*,#8584,.F.);
#7599=ORIENTED_EDGE('',*,*,#8767,.T.);
#7600=ORIENTED_EDGE('',*,*,#8585,.F.);
#7601=ORIENTED_EDGE('',*,*,#8766,.F.);
#7602=ORIENTED_EDGE('',*,*,#8767,.F.);
#7603=ORIENTED_EDGE('',*,*,#8765,.T.);
#7604=ORIENTED_EDGE('',*,*,#8768,.T.);
#7605=ORIENTED_EDGE('',*,*,#8586,.F.);
#7606=ORIENTED_EDGE('',*,*,#8598,.F.);
#7607=ORIENTED_EDGE('',*,*,#8769,.F.);
#7608=ORIENTED_EDGE('',*,*,#8770,.F.);
#7609=ORIENTED_EDGE('',*,*,#8771,.F.);
#7610=ORIENTED_EDGE('',*,*,#8587,.F.);
#7611=ORIENTED_EDGE('',*,*,#8768,.F.);
#7612=ORIENTED_EDGE('',*,*,#8764,.F.);
#7613=ORIENTED_EDGE('',*,*,#8772,.F.);
#7614=ORIENTED_EDGE('',*,*,#8773,.F.);
#7615=ORIENTED_EDGE('',*,*,#8588,.T.);
#7616=ORIENTED_EDGE('',*,*,#8771,.T.);
#7617=ORIENTED_EDGE('',*,*,#8774,.F.);
#7618=ORIENTED_EDGE('',*,*,#8773,.T.);
#7619=ORIENTED_EDGE('',*,*,#8775,.F.);
#7620=ORIENTED_EDGE('',*,*,#8589,.F.);
#7621=ORIENTED_EDGE('',*,*,#8592,.F.);
#7622=ORIENTED_EDGE('',*,*,#8590,.T.);
#7623=ORIENTED_EDGE('',*,*,#8775,.T.);
#7624=ORIENTED_EDGE('',*,*,#8774,.T.);
#7625=ORIENTED_EDGE('',*,*,#8770,.T.);
#7626=ORIENTED_EDGE('',*,*,#8776,.F.);
#7627=ORIENTED_EDGE('',*,*,#8777,.T.);
#7628=ORIENTED_EDGE('',*,*,#8595,.F.);
#7629=ORIENTED_EDGE('',*,*,#8778,.T.);
#7630=ORIENTED_EDGE('',*,*,#8596,.F.);
#7631=ORIENTED_EDGE('',*,*,#8777,.F.);
#7632=ORIENTED_EDGE('',*,*,#8778,.F.);
#7633=ORIENTED_EDGE('',*,*,#8776,.T.);
#7634=ORIENTED_EDGE('',*,*,#8769,.T.);
#7635=ORIENTED_EDGE('',*,*,#8597,.F.);
#7636=ORIENTED_EDGE('',*,*,#8779,.F.);
#7637=ORIENTED_EDGE('',*,*,#8599,.T.);
#7638=ORIENTED_EDGE('',*,*,#8772,.T.);
#7639=ORIENTED_EDGE('',*,*,#8763,.F.);
#7640=ORIENTED_EDGE('',*,*,#8779,.T.);
#7641=ORIENTED_EDGE('',*,*,#8762,.F.);
#7642=ORIENTED_EDGE('',*,*,#8600,.F.);
#7643=ORIENTED_EDGE('',*,*,#8780,.T.);
#7644=ORIENTED_EDGE('',*,*,#8602,.F.);
#7645=ORIENTED_EDGE('',*,*,#8610,.T.);
#7646=ORIENTED_EDGE('',*,*,#8637,.T.);
#7647=ORIENTED_EDGE('',*,*,#8614,.F.);
#7648=ORIENTED_EDGE('',*,*,#8612,.F.);
#7649=ORIENTED_EDGE('',*,*,#8636,.F.);
#7650=ORIENTED_EDGE('',*,*,#8634,.T.);
#7651=ORIENTED_EDGE('',*,*,#8781,.T.);
#7652=ORIENTED_EDGE('',*,*,#8782,.T.);
#7653=ORIENTED_EDGE('',*,*,#8783,.T.);
#7654=ORIENTED_EDGE('',*,*,#8784,.F.);
#7655=ORIENTED_EDGE('',*,*,#8785,.T.);
#7656=ORIENTED_EDGE('',*,*,#8617,.F.);
#7657=ORIENTED_EDGE('',*,*,#8786,.T.);
#7658=ORIENTED_EDGE('',*,*,#8618,.F.);
#7659=ORIENTED_EDGE('',*,*,#8785,.F.);
#7660=ORIENTED_EDGE('',*,*,#8786,.F.);
#7661=ORIENTED_EDGE('',*,*,#8784,.T.);
#7662=ORIENTED_EDGE('',*,*,#8787,.T.);
#7663=ORIENTED_EDGE('',*,*,#8619,.F.);
#7664=ORIENTED_EDGE('',*,*,#8631,.F.);
#7665=ORIENTED_EDGE('',*,*,#8788,.F.);
#7666=ORIENTED_EDGE('',*,*,#8789,.F.);
#7667=ORIENTED_EDGE('',*,*,#8790,.F.);
#7668=ORIENTED_EDGE('',*,*,#8620,.F.);
#7669=ORIENTED_EDGE('',*,*,#8787,.F.);
#7670=ORIENTED_EDGE('',*,*,#8783,.F.);
#7671=ORIENTED_EDGE('',*,*,#8791,.F.);
#7672=ORIENTED_EDGE('',*,*,#8792,.F.);
#7673=ORIENTED_EDGE('',*,*,#8621,.T.);
#7674=ORIENTED_EDGE('',*,*,#8790,.T.);
#7675=ORIENTED_EDGE('',*,*,#8793,.F.);
#7676=ORIENTED_EDGE('',*,*,#8792,.T.);
#7677=ORIENTED_EDGE('',*,*,#8794,.F.);
#7678=ORIENTED_EDGE('',*,*,#8622,.F.);
#7679=ORIENTED_EDGE('',*,*,#8625,.F.);
#7680=ORIENTED_EDGE('',*,*,#8623,.T.);
#7681=ORIENTED_EDGE('',*,*,#8794,.T.);
#7682=ORIENTED_EDGE('',*,*,#8793,.T.);
#7683=ORIENTED_EDGE('',*,*,#8789,.T.);
#7684=ORIENTED_EDGE('',*,*,#8795,.F.);
#7685=ORIENTED_EDGE('',*,*,#8796,.T.);
#7686=ORIENTED_EDGE('',*,*,#8628,.F.);
#7687=ORIENTED_EDGE('',*,*,#8797,.T.);
#7688=ORIENTED_EDGE('',*,*,#8629,.F.);
#7689=ORIENTED_EDGE('',*,*,#8796,.F.);
#7690=ORIENTED_EDGE('',*,*,#8797,.F.);
#7691=ORIENTED_EDGE('',*,*,#8795,.T.);
#7692=ORIENTED_EDGE('',*,*,#8788,.T.);
#7693=ORIENTED_EDGE('',*,*,#8630,.F.);
#7694=ORIENTED_EDGE('',*,*,#8798,.F.);
#7695=ORIENTED_EDGE('',*,*,#8632,.T.);
#7696=ORIENTED_EDGE('',*,*,#8791,.T.);
#7697=ORIENTED_EDGE('',*,*,#8782,.F.);
#7698=ORIENTED_EDGE('',*,*,#8798,.T.);
#7699=ORIENTED_EDGE('',*,*,#8781,.F.);
#7700=ORIENTED_EDGE('',*,*,#8633,.F.);
#7701=ORIENTED_EDGE('',*,*,#8799,.T.);
#7702=ORIENTED_EDGE('',*,*,#8635,.F.);
#7703=ORIENTED_EDGE('',*,*,#8642,.F.);
#7704=ORIENTED_EDGE('',*,*,#8668,.T.);
#7705=ORIENTED_EDGE('',*,*,#8645,.F.);
#7706=ORIENTED_EDGE('',*,*,#8643,.F.);
#7707=ORIENTED_EDGE('',*,*,#8667,.F.);
#7708=ORIENTED_EDGE('',*,*,#8665,.T.);
#7709=ORIENTED_EDGE('',*,*,#8800,.T.);
#7710=ORIENTED_EDGE('',*,*,#8801,.T.);
#7711=ORIENTED_EDGE('',*,*,#8802,.T.);
#7712=ORIENTED_EDGE('',*,*,#8803,.F.);
#7713=ORIENTED_EDGE('',*,*,#8804,.T.);
#7714=ORIENTED_EDGE('',*,*,#8648,.F.);
#7715=ORIENTED_EDGE('',*,*,#8805,.T.);
#7716=ORIENTED_EDGE('',*,*,#8649,.F.);
#7717=ORIENTED_EDGE('',*,*,#8804,.F.);
#7718=ORIENTED_EDGE('',*,*,#8805,.F.);
#7719=ORIENTED_EDGE('',*,*,#8803,.T.);
#7720=ORIENTED_EDGE('',*,*,#8806,.T.);
#7721=ORIENTED_EDGE('',*,*,#8650,.F.);
#7722=ORIENTED_EDGE('',*,*,#8662,.F.);
#7723=ORIENTED_EDGE('',*,*,#8807,.F.);
#7724=ORIENTED_EDGE('',*,*,#8808,.F.);
#7725=ORIENTED_EDGE('',*,*,#8809,.F.);
#7726=ORIENTED_EDGE('',*,*,#8651,.F.);
#7727=ORIENTED_EDGE('',*,*,#8806,.F.);
#7728=ORIENTED_EDGE('',*,*,#8802,.F.);
#7729=ORIENTED_EDGE('',*,*,#8810,.F.);
#7730=ORIENTED_EDGE('',*,*,#8811,.F.);
#7731=ORIENTED_EDGE('',*,*,#8652,.T.);
#7732=ORIENTED_EDGE('',*,*,#8809,.T.);
#7733=ORIENTED_EDGE('',*,*,#8812,.F.);
#7734=ORIENTED_EDGE('',*,*,#8811,.T.);
#7735=ORIENTED_EDGE('',*,*,#8813,.F.);
#7736=ORIENTED_EDGE('',*,*,#8653,.F.);
#7737=ORIENTED_EDGE('',*,*,#8656,.F.);
#7738=ORIENTED_EDGE('',*,*,#8654,.T.);
#7739=ORIENTED_EDGE('',*,*,#8813,.T.);
#7740=ORIENTED_EDGE('',*,*,#8812,.T.);
#7741=ORIENTED_EDGE('',*,*,#8808,.T.);
#7742=ORIENTED_EDGE('',*,*,#8814,.F.);
#7743=ORIENTED_EDGE('',*,*,#8815,.T.);
#7744=ORIENTED_EDGE('',*,*,#8659,.F.);
#7745=ORIENTED_EDGE('',*,*,#8816,.T.);
#7746=ORIENTED_EDGE('',*,*,#8660,.F.);
#7747=ORIENTED_EDGE('',*,*,#8815,.F.);
#7748=ORIENTED_EDGE('',*,*,#8816,.F.);
#7749=ORIENTED_EDGE('',*,*,#8814,.T.);
#7750=ORIENTED_EDGE('',*,*,#8807,.T.);
#7751=ORIENTED_EDGE('',*,*,#8661,.F.);
#7752=ORIENTED_EDGE('',*,*,#8817,.F.);
#7753=ORIENTED_EDGE('',*,*,#8663,.T.);
#7754=ORIENTED_EDGE('',*,*,#8810,.T.);
#7755=ORIENTED_EDGE('',*,*,#8801,.F.);
#7756=ORIENTED_EDGE('',*,*,#8817,.T.);
#7757=ORIENTED_EDGE('',*,*,#8800,.F.);
#7758=ORIENTED_EDGE('',*,*,#8664,.F.);
#7759=ORIENTED_EDGE('',*,*,#8818,.T.);
#7760=ORIENTED_EDGE('',*,*,#8666,.F.);
#7761=ORIENTED_EDGE('',*,*,#8679,.T.);
#7762=ORIENTED_EDGE('',*,*,#8818,.F.);
#7763=ORIENTED_EDGE('',*,*,#8680,.T.);
#7764=ORIENTED_EDGE('',*,*,#8704,.F.);
#7765=ORIENTED_EDGE('',*,*,#8681,.T.);
#7766=ORIENTED_EDGE('',*,*,#8723,.F.);
#7767=ORIENTED_EDGE('',*,*,#8682,.T.);
#7768=ORIENTED_EDGE('',*,*,#8742,.F.);
#7769=ORIENTED_EDGE('',*,*,#8683,.T.);
#7770=ORIENTED_EDGE('',*,*,#8761,.F.);
#7771=ORIENTED_EDGE('',*,*,#8684,.T.);
#7772=ORIENTED_EDGE('',*,*,#8780,.F.);
#7773=ORIENTED_EDGE('',*,*,#8685,.T.);
#7774=ORIENTED_EDGE('',*,*,#8799,.F.);
#7775=CIRCLE('',#8819,0.6);
#7776=CIRCLE('',#8823,0.6);
#7777=CIRCLE('',#8827,0.6);
#7778=CIRCLE('',#8831,0.6);
#7779=CIRCLE('',#8835,0.6);
#7780=CIRCLE('',#8839,0.6);
#7781=CIRCLE('',#8843,0.6);
#7782=ORIENTED_EDGE('',*,*,#8847,.T.);
#7783=ORIENTED_EDGE('',*,*,#8848,.T.);
#7784=ORIENTED_EDGE('',*,*,#8849,.F.);
#7785=ORIENTED_EDGE('',*,*,#8850,.F.);
#7786=ORIENTED_EDGE('',*,*,#8851,.T.);
#7787=ORIENTED_EDGE('',*,*,#8852,.F.);
#7788=ORIENTED_EDGE('',*,*,#8853,.F.);
#7789=ORIENTED_EDGE('',*,*,#8854,.T.);
#7790=ORIENTED_EDGE('',*,*,#8855,.T.);
#7791=ORIENTED_EDGE('',*,*,#8854,.F.);
#7792=ORIENTED_EDGE('',*,*,#8856,.F.);
#7793=ORIENTED_EDGE('',*,*,#8857,.T.);
#7794=ORIENTED_EDGE('',*,*,#8858,.F.);
#7795=ORIENTED_EDGE('',*,*,#8848,.F.);
#7796=ORIENTED_EDGE('',*,*,#8859,.T.);
#7797=ORIENTED_EDGE('',*,*,#8860,.T.);
#7798=ORIENTED_EDGE('',*,*,#8850,.T.);
#7799=ORIENTED_EDGE('',*,*,#8861,.F.);
#7800=ORIENTED_EDGE('',*,*,#8862,.F.);
#7801=ORIENTED_EDGE('',*,*,#8863,.F.);
#7802=ORIENTED_EDGE('',*,*,#8852,.T.);
#7803=ORIENTED_EDGE('',*,*,#8864,.T.);
#7804=ORIENTED_EDGE('',*,*,#8865,.T.);
#7805=ORIENTED_EDGE('',*,*,#8866,.F.);
#7806=ORIENTED_EDGE('',*,*,#8867,.F.);
#7807=ORIENTED_EDGE('',*,*,#8868,.T.);
#7808=ORIENTED_EDGE('',*,*,#8868,.F.);
#7809=ORIENTED_EDGE('',*,*,#8859,.F.);
#7810=ORIENTED_EDGE('',*,*,#8851,.F.);
#7811=ORIENTED_EDGE('',*,*,#8855,.F.);
#7812=ORIENTED_EDGE('',*,*,#8847,.F.);
#7813=ORIENTED_EDGE('',*,*,#8860,.F.);
#7814=ORIENTED_EDGE('',*,*,#8869,.T.);
#7815=ORIENTED_EDGE('',*,*,#8870,.T.);
#7816=ORIENTED_EDGE('',*,*,#8866,.T.);
#7817=ORIENTED_EDGE('',*,*,#8871,.T.);
#7818=ORIENTED_EDGE('',*,*,#8861,.T.);
#7819=ORIENTED_EDGE('',*,*,#8849,.T.);
#7820=ORIENTED_EDGE('',*,*,#8858,.T.);
#7821=ORIENTED_EDGE('',*,*,#8872,.T.);
#7822=ORIENTED_EDGE('',*,*,#8873,.T.);
#7823=ORIENTED_EDGE('',*,*,#8874,.T.);
#7824=ORIENTED_EDGE('',*,*,#8875,.T.);
#7825=ORIENTED_EDGE('',*,*,#8876,.T.);
#7826=ORIENTED_EDGE('',*,*,#8877,.F.);
#7827=ORIENTED_EDGE('',*,*,#8864,.F.);
#7828=ORIENTED_EDGE('',*,*,#8878,.F.);
#7829=ORIENTED_EDGE('',*,*,#8879,.F.);
#7830=ORIENTED_EDGE('',*,*,#8863,.T.);
#7831=ORIENTED_EDGE('',*,*,#8880,.T.);
#7832=ORIENTED_EDGE('',*,*,#8881,.T.);
#7833=ORIENTED_EDGE('',*,*,#8882,.T.);
#7834=ORIENTED_EDGE('',*,*,#8883,.T.);
#7835=ORIENTED_EDGE('',*,*,#8884,.T.);
#7836=ORIENTED_EDGE('',*,*,#8856,.T.);
#7837=ORIENTED_EDGE('',*,*,#8853,.T.);
#7838=ORIENTED_EDGE('',*,*,#8872,.F.);
#7839=ORIENTED_EDGE('',*,*,#8857,.F.);
#7840=ORIENTED_EDGE('',*,*,#8884,.F.);
#7841=ORIENTED_EDGE('',*,*,#8885,.T.);
#7842=ORIENTED_EDGE('',*,*,#8876,.F.);
#7843=ORIENTED_EDGE('',*,*,#8886,.F.);
#7844=ORIENTED_EDGE('',*,*,#8880,.F.);
#7845=ORIENTED_EDGE('',*,*,#8862,.T.);
#7846=ORIENTED_EDGE('',*,*,#8877,.T.);
#7847=ORIENTED_EDGE('',*,*,#8887,.T.);
#7848=ORIENTED_EDGE('',*,*,#8871,.F.);
#7849=ORIENTED_EDGE('',*,*,#8865,.F.);
#7850=ORIENTED_EDGE('',*,*,#8878,.T.);
#7851=ORIENTED_EDGE('',*,*,#8867,.T.);
#7852=ORIENTED_EDGE('',*,*,#8870,.F.);
#7853=ORIENTED_EDGE('',*,*,#8888,.F.);
#7854=ORIENTED_EDGE('',*,*,#8879,.T.);
#7855=ORIENTED_EDGE('',*,*,#8888,.T.);
#7856=ORIENTED_EDGE('',*,*,#8869,.F.);
#7857=ORIENTED_EDGE('',*,*,#8887,.F.);
#7858=ORIENTED_EDGE('',*,*,#8889,.F.);
#7859=ORIENTED_EDGE('',*,*,#8873,.F.);
#7860=ORIENTED_EDGE('',*,*,#8885,.F.);
#7861=ORIENTED_EDGE('',*,*,#8883,.F.);
#7862=ORIENTED_EDGE('',*,*,#8890,.T.);
#7863=ORIENTED_EDGE('',*,*,#8874,.F.);
#7864=ORIENTED_EDGE('',*,*,#8890,.F.);
#7865=ORIENTED_EDGE('',*,*,#8882,.F.);
#7866=ORIENTED_EDGE('',*,*,#8891,.T.);
#7867=ORIENTED_EDGE('',*,*,#8875,.F.);
#7868=ORIENTED_EDGE('',*,*,#8891,.F.);
#7869=ORIENTED_EDGE('',*,*,#8881,.F.);
#7870=ORIENTED_EDGE('',*,*,#8886,.T.);
#7871=ORIENTED_EDGE('',*,*,#8889,.T.);
#7872=ORIENTED_EDGE('',*,*,#8892,.T.);
#7873=ORIENTED_EDGE('',*,*,#8892,.F.);
#7874=ORIENTED_EDGE('',*,*,#8893,.T.);
#7875=ORIENTED_EDGE('',*,*,#8893,.F.);
#7876=ORIENTED_EDGE('',*,*,#8894,.F.);
#7877=ORIENTED_EDGE('',*,*,#8895,.F.);
#7878=ORIENTED_EDGE('',*,*,#8896,.F.);
#7879=ORIENTED_EDGE('',*,*,#8897,.F.);
#7880=ORIENTED_EDGE('',*,*,#8898,.F.);
#7881=ORIENTED_EDGE('',*,*,#8899,.F.);
#7882=ORIENTED_EDGE('',*,*,#8900,.T.);
#7883=ORIENTED_EDGE('',*,*,#8901,.F.);
#7884=ORIENTED_EDGE('',*,*,#8902,.F.);
#7885=ORIENTED_EDGE('',*,*,#8903,.F.);
#7886=ORIENTED_EDGE('',*,*,#8904,.T.);
#7887=ORIENTED_EDGE('',*,*,#8905,.T.);
#7888=ORIENTED_EDGE('',*,*,#8906,.T.);
#7889=ORIENTED_EDGE('',*,*,#8907,.T.);
#7890=ORIENTED_EDGE('',*,*,#8908,.T.);
#7891=ORIENTED_EDGE('',*,*,#8909,.T.);
#7892=ORIENTED_EDGE('',*,*,#8910,.T.);
#7893=ORIENTED_EDGE('',*,*,#8911,.T.);
#7894=ORIENTED_EDGE('',*,*,#8912,.T.);
#7895=ORIENTED_EDGE('',*,*,#8913,.T.);
#7896=ORIENTED_EDGE('',*,*,#8914,.T.);
#7897=ORIENTED_EDGE('',*,*,#8915,.T.);
#7898=ORIENTED_EDGE('',*,*,#8915,.F.);
#7899=ORIENTED_EDGE('',*,*,#8904,.F.);
#7900=ORIENTED_EDGE('',*,*,#8894,.T.);
#7901=ORIENTED_EDGE('',*,*,#8916,.T.);
#7902=ORIENTED_EDGE('',*,*,#8914,.F.);
#7903=ORIENTED_EDGE('',*,*,#8917,.F.);
#7904=ORIENTED_EDGE('',*,*,#8895,.T.);
#7905=ORIENTED_EDGE('',*,*,#8917,.T.);
#7906=ORIENTED_EDGE('',*,*,#8913,.F.);
#7907=ORIENTED_EDGE('',*,*,#8918,.F.);
#7908=ORIENTED_EDGE('',*,*,#8896,.T.);
#7909=ORIENTED_EDGE('',*,*,#8918,.T.);
#7910=ORIENTED_EDGE('',*,*,#8912,.F.);
#7911=ORIENTED_EDGE('',*,*,#8919,.F.);
#7912=ORIENTED_EDGE('',*,*,#8897,.T.);
#7913=ORIENTED_EDGE('',*,*,#8919,.T.);
#7914=ORIENTED_EDGE('',*,*,#8911,.F.);
#7915=ORIENTED_EDGE('',*,*,#8920,.F.);
#7916=ORIENTED_EDGE('',*,*,#8898,.T.);
#7917=ORIENTED_EDGE('',*,*,#8920,.T.);
#7918=ORIENTED_EDGE('',*,*,#8910,.F.);
#7919=ORIENTED_EDGE('',*,*,#8921,.F.);
#7920=ORIENTED_EDGE('',*,*,#8899,.T.);
#7921=ORIENTED_EDGE('',*,*,#8921,.T.);
#7922=ORIENTED_EDGE('',*,*,#8909,.F.);
#7923=ORIENTED_EDGE('',*,*,#8922,.T.);
#7924=ORIENTED_EDGE('',*,*,#8901,.T.);
#7925=ORIENTED_EDGE('',*,*,#8923,.T.);
#7926=ORIENTED_EDGE('',*,*,#8907,.F.);
#7927=ORIENTED_EDGE('',*,*,#8924,.F.);
#7928=ORIENTED_EDGE('',*,*,#8902,.T.);
#7929=ORIENTED_EDGE('',*,*,#8924,.T.);
#7930=ORIENTED_EDGE('',*,*,#8906,.F.);
#7931=ORIENTED_EDGE('',*,*,#8925,.F.);
#7932=ORIENTED_EDGE('',*,*,#8903,.T.);
#7933=ORIENTED_EDGE('',*,*,#8925,.T.);
#7934=ORIENTED_EDGE('',*,*,#8905,.F.);
#7935=ORIENTED_EDGE('',*,*,#8916,.F.);
#7936=ORIENTED_EDGE('',*,*,#8926,.F.);
#7937=ORIENTED_EDGE('',*,*,#8927,.T.);
#7938=ORIENTED_EDGE('',*,*,#8908,.F.);
#7939=ORIENTED_EDGE('',*,*,#8928,.T.);
#7940=ORIENTED_EDGE('',*,*,#8929,.T.);
#7941=ORIENTED_EDGE('',*,*,#8930,.F.);
#7942=ORIENTED_EDGE('',*,*,#8900,.F.);
#7943=ORIENTED_EDGE('',*,*,#8931,.F.);
#7944=ORIENTED_EDGE('',*,*,#8932,.T.);
#7945=ORIENTED_EDGE('',*,*,#8933,.T.);
#7946=ORIENTED_EDGE('',*,*,#8934,.F.);
#7947=ORIENTED_EDGE('',*,*,#8935,.T.);
#7948=ORIENTED_EDGE('',*,*,#8926,.T.);
#7949=ORIENTED_EDGE('',*,*,#8936,.T.);
#7950=ORIENTED_EDGE('',*,*,#8937,.T.);
#7951=ORIENTED_EDGE('',*,*,#8934,.T.);
#7952=ORIENTED_EDGE('',*,*,#8938,.T.);
#7953=ORIENTED_EDGE('',*,*,#8939,.T.);
#7954=ORIENTED_EDGE('',*,*,#8936,.F.);
#7955=ORIENTED_EDGE('',*,*,#8940,.F.);
#7956=ORIENTED_EDGE('',*,*,#8929,.F.);
#7957=ORIENTED_EDGE('',*,*,#8932,.F.);
#7958=ORIENTED_EDGE('',*,*,#8941,.T.);
#7959=ORIENTED_EDGE('',*,*,#8938,.F.);
#7960=ORIENTED_EDGE('',*,*,#8928,.F.);
#7961=ORIENTED_EDGE('',*,*,#8923,.F.);
#7962=ORIENTED_EDGE('',*,*,#8930,.T.);
#7963=ORIENTED_EDGE('',*,*,#8940,.T.);
#7964=ORIENTED_EDGE('',*,*,#8927,.F.);
#7965=ORIENTED_EDGE('',*,*,#8933,.F.);
#7966=ORIENTED_EDGE('',*,*,#8931,.T.);
#7967=ORIENTED_EDGE('',*,*,#8922,.F.);
#7968=ORIENTED_EDGE('',*,*,#8942,.F.);
#7969=ORIENTED_EDGE('',*,*,#8943,.T.);
#7970=ORIENTED_EDGE('',*,*,#8937,.F.);
#7971=ORIENTED_EDGE('',*,*,#8944,.T.);
#7972=ORIENTED_EDGE('',*,*,#8945,.T.);
#7973=ORIENTED_EDGE('',*,*,#8946,.F.);
#7974=ORIENTED_EDGE('',*,*,#8941,.F.);
#7975=ORIENTED_EDGE('',*,*,#8947,.F.);
#7976=ORIENTED_EDGE('',*,*,#8948,.T.);
#7977=ORIENTED_EDGE('',*,*,#8949,.T.);
#7978=ORIENTED_EDGE('',*,*,#8950,.F.);
#7979=ORIENTED_EDGE('',*,*,#8951,.T.);
#7980=ORIENTED_EDGE('',*,*,#8942,.T.);
#7981=ORIENTED_EDGE('',*,*,#8952,.T.);
#7982=ORIENTED_EDGE('',*,*,#8953,.T.);
#7983=ORIENTED_EDGE('',*,*,#8950,.T.);
#7984=ORIENTED_EDGE('',*,*,#8954,.T.);
#7985=ORIENTED_EDGE('',*,*,#8955,.T.);
#7986=ORIENTED_EDGE('',*,*,#8952,.F.);
#7987=ORIENTED_EDGE('',*,*,#8956,.F.);
#7988=ORIENTED_EDGE('',*,*,#8945,.F.);
#7989=ORIENTED_EDGE('',*,*,#8948,.F.);
#7990=ORIENTED_EDGE('',*,*,#8957,.T.);
#7991=ORIENTED_EDGE('',*,*,#8954,.F.);
#7992=ORIENTED_EDGE('',*,*,#8944,.F.);
#7993=ORIENTED_EDGE('',*,*,#8939,.F.);
#7994=ORIENTED_EDGE('',*,*,#8946,.T.);
#7995=ORIENTED_EDGE('',*,*,#8956,.T.);
#7996=ORIENTED_EDGE('',*,*,#8943,.F.);
#7997=ORIENTED_EDGE('',*,*,#8949,.F.);
#7998=ORIENTED_EDGE('',*,*,#8947,.T.);
#7999=ORIENTED_EDGE('',*,*,#8935,.F.);
#8000=ORIENTED_EDGE('',*,*,#8958,.F.);
#8001=ORIENTED_EDGE('',*,*,#8959,.T.);
#8002=ORIENTED_EDGE('',*,*,#8953,.F.);
#8003=ORIENTED_EDGE('',*,*,#8960,.T.);
#8004=ORIENTED_EDGE('',*,*,#8961,.T.);
#8005=ORIENTED_EDGE('',*,*,#8962,.F.);
#8006=ORIENTED_EDGE('',*,*,#8957,.F.);
#8007=ORIENTED_EDGE('',*,*,#8963,.F.);
#8008=ORIENTED_EDGE('',*,*,#8964,.F.);
#8009=ORIENTED_EDGE('',*,*,#8965,.T.);
#8010=ORIENTED_EDGE('',*,*,#8966,.T.);
#8011=ORIENTED_EDGE('',*,*,#8967,.F.);
#8012=ORIENTED_EDGE('',*,*,#8968,.F.);
#8013=ORIENTED_EDGE('',*,*,#8969,.T.);
#8014=ORIENTED_EDGE('',*,*,#8970,.F.);
#8015=ORIENTED_EDGE('',*,*,#8967,.T.);
#8016=ORIENTED_EDGE('',*,*,#8958,.T.);
#8017=ORIENTED_EDGE('',*,*,#8971,.T.);
#8018=ORIENTED_EDGE('',*,*,#8972,.T.);
#8019=ORIENTED_EDGE('',*,*,#8971,.F.);
#8020=ORIENTED_EDGE('',*,*,#8973,.F.);
#8021=ORIENTED_EDGE('',*,*,#8974,.T.);
#8022=ORIENTED_EDGE('',*,*,#8975,.F.);
#8023=ORIENTED_EDGE('',*,*,#8974,.F.);
#8024=ORIENTED_EDGE('',*,*,#8961,.F.);
#8025=ORIENTED_EDGE('',*,*,#8965,.F.);
#8026=ORIENTED_EDGE('',*,*,#8976,.F.);
#8027=ORIENTED_EDGE('',*,*,#8977,.F.);
#8028=ORIENTED_EDGE('',*,*,#8978,.F.);
#8029=ORIENTED_EDGE('',*,*,#8977,.T.);
#8030=ORIENTED_EDGE('',*,*,#8979,.T.);
#8031=ORIENTED_EDGE('',*,*,#8969,.F.);
#8032=ORIENTED_EDGE('',*,*,#8960,.F.);
#8033=ORIENTED_EDGE('',*,*,#8955,.F.);
#8034=ORIENTED_EDGE('',*,*,#8962,.T.);
#8035=ORIENTED_EDGE('',*,*,#8973,.T.);
#8036=ORIENTED_EDGE('',*,*,#8959,.F.);
#8037=ORIENTED_EDGE('',*,*,#8966,.F.);
#8038=ORIENTED_EDGE('',*,*,#8963,.T.);
#8039=ORIENTED_EDGE('',*,*,#8951,.F.);
#8040=ORIENTED_EDGE('',*,*,#8979,.F.);
#8041=ORIENTED_EDGE('',*,*,#8976,.T.);
#8042=ORIENTED_EDGE('',*,*,#8964,.T.);
#8043=ORIENTED_EDGE('',*,*,#8970,.T.);
#8044=ORIENTED_EDGE('',*,*,#8972,.F.);
#8045=ORIENTED_EDGE('',*,*,#8975,.T.);
#8046=ORIENTED_EDGE('',*,*,#8978,.T.);
#8047=ORIENTED_EDGE('',*,*,#8968,.T.);
#8048=ORIENTED_EDGE('',*,*,#8980,.T.);
#8049=ORIENTED_EDGE('',*,*,#8981,.F.);
#8050=ORIENTED_EDGE('',*,*,#8982,.T.);
#8051=ORIENTED_EDGE('',*,*,#8983,.F.);
#8052=ORIENTED_EDGE('',*,*,#8984,.T.);
#8053=ORIENTED_EDGE('',*,*,#8981,.T.);
#8054=ORIENTED_EDGE('',*,*,#8985,.T.);
#8055=ORIENTED_EDGE('',*,*,#8986,.F.);
#8056=ORIENTED_EDGE('',*,*,#8987,.T.);
#8057=ORIENTED_EDGE('',*,*,#8988,.F.);
#8058=ORIENTED_EDGE('',*,*,#8989,.F.);
#8059=ORIENTED_EDGE('',*,*,#8990,.T.);
#8060=ORIENTED_EDGE('',*,*,#8983,.T.);
#8061=ORIENTED_EDGE('',*,*,#8991,.T.);
#8062=ORIENTED_EDGE('',*,*,#8992,.T.);
#8063=ORIENTED_EDGE('',*,*,#8993,.T.);
#8064=ORIENTED_EDGE('',*,*,#8989,.T.);
#8065=ORIENTED_EDGE('',*,*,#8988,.T.);
#8066=ORIENTED_EDGE('',*,*,#8994,.T.);
#8067=ORIENTED_EDGE('',*,*,#8995,.T.);
#8068=ORIENTED_EDGE('',*,*,#8996,.T.);
#8069=ORIENTED_EDGE('',*,*,#8986,.T.);
#8070=ORIENTED_EDGE('',*,*,#8997,.F.);
#8071=ORIENTED_EDGE('',*,*,#8995,.F.);
#8072=ORIENTED_EDGE('',*,*,#8998,.T.);
#8073=ORIENTED_EDGE('',*,*,#8992,.F.);
#8074=ORIENTED_EDGE('',*,*,#8999,.T.);
#8075=ORIENTED_EDGE('',*,*,#8993,.F.);
#8076=ORIENTED_EDGE('',*,*,#8998,.F.);
#8077=ORIENTED_EDGE('',*,*,#8994,.F.);
#8078=ORIENTED_EDGE('',*,*,#8987,.F.);
#8079=ORIENTED_EDGE('',*,*,#8982,.F.);
#8080=ORIENTED_EDGE('',*,*,#8990,.F.);
#8081=ORIENTED_EDGE('',*,*,#8996,.F.);
#8082=ORIENTED_EDGE('',*,*,#8999,.F.);
#8083=ORIENTED_EDGE('',*,*,#8991,.F.);
#8084=ORIENTED_EDGE('',*,*,#8985,.F.);
#8085=ORIENTED_EDGE('',*,*,#8980,.F.);
#8086=ORIENTED_EDGE('',*,*,#8984,.F.);
#8087=ORIENTED_EDGE('',*,*,#8997,.T.);
#8088=ORIENTED_EDGE('',*,*,#9000,.F.);
#8089=ORIENTED_EDGE('',*,*,#9000,.T.);
#8090=ORIENTED_EDGE('',*,*,#9001,.F.);
#8091=ORIENTED_EDGE('',*,*,#9002,.F.);
#8092=ORIENTED_EDGE('',*,*,#9001,.T.);
#8093=ORIENTED_EDGE('',*,*,#9002,.T.);
#8094=ORIENTED_EDGE('',*,*,#9003,.F.);
#8095=ORIENTED_EDGE('',*,*,#9003,.T.);
#8096=EDGE_CURVE('',#9004,#9005,#9006,.F.);
#8097=EDGE_CURVE('',#9007,#9004,#9008,.T.);
#8098=EDGE_CURVE('',#9009,#9007,#9010,.T.);
#8099=EDGE_CURVE('',#9009,#9011,#9012,.T.);
#8100=EDGE_CURVE('',#9013,#9011,#9014,.T.);
#8101=EDGE_CURVE('',#9015,#9013,#9016,.T.);
#8102=EDGE_CURVE('',#9017,#9015,#9018,.T.);
#8103=EDGE_CURVE('',#9019,#9017,#9020,.F.);
#8104=EDGE_CURVE('',#9021,#9019,#9022,.F.);
#8105=EDGE_CURVE('',#9023,#9021,#9024,.F.);
#8106=EDGE_CURVE('',#9005,#9023,#9025,.T.);
#8107=EDGE_CURVE('',#9026,#9027,#9028,.F.);
#8108=EDGE_CURVE('',#9029,#9026,#9030,.F.);
#8109=EDGE_CURVE('',#9031,#9029,#9032,.F.);
#8110=EDGE_CURVE('',#9033,#9031,#9034,.F.);
#8111=EDGE_CURVE('',#9035,#9033,#9036,.F.);
#8112=EDGE_CURVE('',#9035,#9037,#9038,.T.);
#8113=EDGE_CURVE('',#9037,#9039,#9040,.T.);
#8114=EDGE_CURVE('',#9041,#9039,#9042,.T.);
#8115=EDGE_CURVE('',#9043,#9041,#9044,.T.);
#8116=EDGE_CURVE('',#9045,#9043,#9046,.T.);
#8117=EDGE_CURVE('',#9045,#9027,#9047,.T.);
#8118=EDGE_CURVE('',#9048,#9049,#9050,.F.);
#8119=EDGE_CURVE('',#9051,#9048,#9052,.T.);
#8120=EDGE_CURVE('',#9053,#9051,#9054,.T.);
#8121=EDGE_CURVE('',#9053,#9055,#9056,.T.);
#8122=EDGE_CURVE('',#9057,#9055,#9058,.T.);
#8123=EDGE_CURVE('',#9059,#9057,#9060,.T.);
#8124=EDGE_CURVE('',#9061,#9059,#9062,.T.);
#8125=EDGE_CURVE('',#9063,#9061,#9064,.F.);
#8126=EDGE_CURVE('',#9065,#9063,#9066,.F.);
#8127=EDGE_CURVE('',#9067,#9065,#9068,.F.);
#8128=EDGE_CURVE('',#9049,#9067,#9069,.T.);
#8129=EDGE_CURVE('',#9070,#9071,#9072,.F.);
#8130=EDGE_CURVE('',#9073,#9070,#9074,.F.);
#8131=EDGE_CURVE('',#9075,#9073,#9076,.F.);
#8132=EDGE_CURVE('',#9077,#9075,#9078,.F.);
#8133=EDGE_CURVE('',#9079,#9077,#9080,.F.);
#8134=EDGE_CURVE('',#9079,#9081,#9082,.T.);
#8135=EDGE_CURVE('',#9081,#9083,#9084,.T.);
#8136=EDGE_CURVE('',#9085,#9083,#9086,.T.);
#8137=EDGE_CURVE('',#9087,#9085,#9088,.T.);
#8138=EDGE_CURVE('',#9089,#9087,#9090,.T.);
#8139=EDGE_CURVE('',#9089,#9071,#9091,.T.);
#8140=EDGE_CURVE('',#9092,#9093,#9094,.F.);
#8141=EDGE_CURVE('',#9095,#9092,#9096,.T.);
#8142=EDGE_CURVE('',#9097,#9095,#9098,.T.);
#8143=EDGE_CURVE('',#9097,#9099,#9100,.T.);
#8144=EDGE_CURVE('',#9101,#9099,#9102,.T.);
#8145=EDGE_CURVE('',#9103,#9101,#9104,.T.);
#8146=EDGE_CURVE('',#9105,#9103,#9106,.T.);
#8147=EDGE_CURVE('',#9107,#9105,#9108,.F.);
#8148=EDGE_CURVE('',#9109,#9107,#9110,.F.);
#8149=EDGE_CURVE('',#9111,#9109,#9112,.F.);
#8150=EDGE_CURVE('',#9093,#9111,#9113,.T.);
#8151=EDGE_CURVE('',#9114,#9115,#9116,.F.);
#8152=EDGE_CURVE('',#9117,#9114,#9118,.F.);
#8153=EDGE_CURVE('',#9119,#9117,#9120,.F.);
#8154=EDGE_CURVE('',#9121,#9119,#9122,.F.);
#8155=EDGE_CURVE('',#9123,#9121,#9124,.F.);
#8156=EDGE_CURVE('',#9123,#9125,#9126,.T.);
#8157=EDGE_CURVE('',#9125,#9127,#9128,.T.);
#8158=EDGE_CURVE('',#9129,#9127,#9130,.T.);
#8159=EDGE_CURVE('',#9131,#9129,#9132,.T.);
#8160=EDGE_CURVE('',#9133,#9131,#9134,.T.);
#8161=EDGE_CURVE('',#9133,#9115,#9135,.T.);
#8162=EDGE_CURVE('',#9136,#9137,#9138,.F.);
#8163=EDGE_CURVE('',#9139,#9136,#9140,.T.);
#8164=EDGE_CURVE('',#9141,#9139,#9142,.T.);
#8165=EDGE_CURVE('',#9141,#9143,#9144,.T.);
#8166=EDGE_CURVE('',#9145,#9143,#9146,.T.);
#8167=EDGE_CURVE('',#9147,#9145,#9148,.T.);
#8168=EDGE_CURVE('',#9149,#9147,#9150,.T.);
#8169=EDGE_CURVE('',#9151,#9149,#9152,.F.);
#8170=EDGE_CURVE('',#9153,#9151,#9154,.F.);
#8171=EDGE_CURVE('',#9155,#9153,#9156,.F.);
#8172=EDGE_CURVE('',#9137,#9155,#9157,.T.);
#8173=EDGE_CURVE('',#9158,#9159,#9160,.F.);
#8174=EDGE_CURVE('',#9161,#9158,#9162,.F.);
#8175=EDGE_CURVE('',#9163,#9161,#9164,.F.);
#8176=EDGE_CURVE('',#9165,#9163,#9166,.F.);
#8177=EDGE_CURVE('',#9167,#9165,#9168,.F.);
#8178=EDGE_CURVE('',#9167,#9169,#9170,.T.);
#8179=EDGE_CURVE('',#9169,#9171,#9172,.T.);
#8180=EDGE_CURVE('',#9173,#9171,#9174,.T.);
#8181=EDGE_CURVE('',#9175,#9173,#9176,.T.);
#8182=EDGE_CURVE('',#9177,#9175,#9178,.T.);
#8183=EDGE_CURVE('',#9177,#9159,#9179,.T.);
#8184=EDGE_CURVE('',#9145,#9171,#9180,.F.);
#8185=EDGE_CURVE('',#9147,#9169,#9181,.T.);
#8186=EDGE_CURVE('',#9101,#9127,#9182,.F.);
#8187=EDGE_CURVE('',#9103,#9125,#9183,.T.);
#8188=EDGE_CURVE('',#9057,#9083,#9184,.F.);
#8189=EDGE_CURVE('',#9059,#9081,#9185,.T.);
#8190=EDGE_CURVE('',#9013,#9039,#9186,.F.);
#8191=EDGE_CURVE('',#9015,#9037,#9187,.T.);
#8192=EDGE_CURVE('',#9173,#9143,#9188,.F.);
#8193=EDGE_CURVE('',#9175,#9141,#9189,.T.);
#8194=EDGE_CURVE('',#9129,#9099,#9190,.F.);
#8195=EDGE_CURVE('',#9131,#9097,#9191,.T.);
#8196=EDGE_CURVE('',#9085,#9055,#9192,.F.);
#8197=EDGE_CURVE('',#9087,#9053,#9193,.T.);
#8198=EDGE_CURVE('',#9041,#9011,#9194,.F.);
#8199=EDGE_CURVE('',#9043,#9009,#9195,.T.);
#8200=EDGE_CURVE('',#9159,#9136,#9196,.F.);
#8201=EDGE_CURVE('',#9137,#9197,#9198,.T.);
#8202=EDGE_CURVE('',#9197,#9199,#9200,.F.);
#8203=EDGE_CURVE('',#9199,#9201,#9202,.F.);
#8204=EDGE_CURVE('',#9201,#9203,#9204,.F.);
#8205=EDGE_CURVE('',#9203,#9205,#9206,.T.);
#8206=EDGE_CURVE('',#9205,#9207,#9208,.F.);
#8207=EDGE_CURVE('',#9207,#9209,#9210,.F.);
#8208=EDGE_CURVE('',#9209,#9211,#9212,.F.);
#8209=EDGE_CURVE('',#9211,#9213,#9214,.F.);
#8210=EDGE_CURVE('',#9213,#9215,#9216,.F.);
#8211=EDGE_CURVE('',#9215,#9217,#9218,.T.);
#8212=EDGE_CURVE('',#9219,#9217,#9220,.T.);
#8213=EDGE_CURVE('',#9219,#9221,#9222,.F.);
#8214=EDGE_CURVE('',#9221,#9223,#9224,.F.);
#8215=EDGE_CURVE('',#9223,#9225,#9226,.F.);
#8216=EDGE_CURVE('',#9227,#9225,#9228,.T.);
#8217=EDGE_CURVE('',#9227,#9229,#9230,.F.);
#8218=EDGE_CURVE('',#9231,#9229,#9232,.T.);
#8219=EDGE_CURVE('',#9233,#9231,#9234,.T.);
#8220=EDGE_CURVE('',#9233,#9235,#9236,.T.);
#8221=EDGE_CURVE('',#9235,#9237,#9238,.F.);
#8222=EDGE_CURVE('',#9237,#9239,#9240,.T.);
#8223=EDGE_CURVE('',#9239,#9241,#9242,.T.);
#8224=EDGE_CURVE('',#9241,#9243,#9244,.T.);
#8225=EDGE_CURVE('',#9243,#9245,#9246,.T.);
#8226=EDGE_CURVE('',#9245,#9247,#9248,.T.);
#8227=EDGE_CURVE('',#9247,#9249,#9250,.T.);
#8228=EDGE_CURVE('',#9249,#9251,#9252,.F.);
#8229=EDGE_CURVE('',#9251,#9253,#9254,.F.);
#8230=EDGE_CURVE('',#9253,#9255,#9256,.F.);
#8231=EDGE_CURVE('',#9255,#9026,#9257,.T.);
#8232=EDGE_CURVE('',#9027,#9004,#9258,.F.);
#8233=EDGE_CURVE('',#9005,#9070,#9259,.T.);
#8234=EDGE_CURVE('',#9071,#9048,#9260,.F.);
#8235=EDGE_CURVE('',#9049,#9114,#9261,.T.);
#8236=EDGE_CURVE('',#9115,#9092,#9262,.F.);
#8237=EDGE_CURVE('',#9093,#9158,#9263,.T.);
#8238=EDGE_CURVE('',#9264,#9264,#9265,.F.);
#8239=EDGE_CURVE('',#9266,#9266,#9267,.F.);
#8240=EDGE_CURVE('',#9268,#9268,#9269,.F.);
#8241=EDGE_CURVE('',#9270,#9270,#9271,.F.);
#8242=EDGE_CURVE('',#9272,#9272,#9273,.F.);
#8243=EDGE_CURVE('',#9274,#9274,#9275,.F.);
#8244=EDGE_CURVE('',#9276,#9276,#9277,.F.);
#8245=EDGE_CURVE('',#9278,#9278,#9279,.F.);
#8246=EDGE_CURVE('',#9280,#9280,#9281,.F.);
#8247=EDGE_CURVE('',#9282,#9282,#9283,.F.);
#8248=EDGE_CURVE('',#9284,#9284,#9285,.F.);
#8249=EDGE_CURVE('',#9286,#9286,#9287,.F.);
#8250=EDGE_CURVE('',#9288,#9288,#9289,.F.);
#8251=EDGE_CURVE('',#9007,#9045,#9290,.T.);
#8252=EDGE_CURVE('',#9291,#9035,#9292,.F.);
#8253=EDGE_CURVE('',#9293,#9291,#9294,.T.);
#8254=EDGE_CURVE('',#9295,#9293,#9296,.F.);
#8255=EDGE_CURVE('',#9297,#9295,#9298,.T.);
#8256=EDGE_CURVE('',#9017,#9297,#9299,.F.);
#8257=EDGE_CURVE('',#9149,#9300,#9301,.F.);
#8258=EDGE_CURVE('',#9300,#9302,#9303,.F.);
#8259=EDGE_CURVE('',#9302,#9304,#9305,.F.);
#8260=EDGE_CURVE('',#9304,#9306,#9307,.F.);
#8261=EDGE_CURVE('',#9306,#9308,#9309,.F.);
#8262=EDGE_CURVE('',#9308,#9310,#9311,.F.);
#8263=EDGE_CURVE('',#9310,#9312,#9313,.F.);
#8264=EDGE_CURVE('',#9312,#9314,#9315,.F.);
#8265=EDGE_CURVE('',#9314,#9167,#9316,.F.);
#8266=EDGE_CURVE('',#9107,#9165,#9317,.T.);
#8267=EDGE_CURVE('',#9105,#9318,#9319,.F.);
#8268=EDGE_CURVE('',#9318,#9320,#9321,.F.);
#8269=EDGE_CURVE('',#9320,#9322,#9323,.F.);
#8270=EDGE_CURVE('',#9322,#9324,#9325,.F.);
#8271=EDGE_CURVE('',#9324,#9326,#9327,.F.);
#8272=EDGE_CURVE('',#9326,#9328,#9329,.F.);
#8273=EDGE_CURVE('',#9328,#9330,#9331,.F.);
#8274=EDGE_CURVE('',#9330,#9332,#9333,.F.);
#8275=EDGE_CURVE('',#9332,#9123,#9334,.F.);
#8276=EDGE_CURVE('',#9063,#9121,#9335,.T.);
#8277=EDGE_CURVE('',#9061,#9336,#9337,.F.);
#8278=EDGE_CURVE('',#9336,#9338,#9339,.F.);
#8279=EDGE_CURVE('',#9338,#9340,#9341,.F.);
#8280=EDGE_CURVE('',#9340,#9342,#9343,.F.);
#8281=EDGE_CURVE('',#9342,#9344,#9345,.F.);
#8282=EDGE_CURVE('',#9344,#9346,#9347,.F.);
#8283=EDGE_CURVE('',#9346,#9348,#9349,.F.);
#8284=EDGE_CURVE('',#9348,#9350,#9351,.F.);
#8285=EDGE_CURVE('',#9350,#9079,#9352,.F.);
#8286=EDGE_CURVE('',#9019,#9077,#9353,.T.);
#8287=EDGE_CURVE('',#9297,#9354,#9355,.F.);
#8288=EDGE_CURVE('',#9354,#9356,#9357,.F.);
#8289=EDGE_CURVE('',#9356,#9358,#9359,.F.);
#8290=EDGE_CURVE('',#9358,#9360,#9361,.F.);
#8291=EDGE_CURVE('',#9360,#9362,#9363,.F.);
#8292=EDGE_CURVE('',#9362,#9364,#9365,.F.);
#8293=EDGE_CURVE('',#9364,#9291,#9366,.F.);
#8294=EDGE_CURVE('',#9367,#9033,#9368,.T.);
#8295=EDGE_CURVE('',#9367,#9369,#9370,.F.);
#8296=EDGE_CURVE('',#9369,#9371,#9372,.F.);
#8297=EDGE_CURVE('',#9371,#9373,#9374,.F.);
#8298=EDGE_CURVE('',#9373,#9375,#9376,.F.);
#8299=EDGE_CURVE('',#9375,#9377,#9378,.F.);
#8300=EDGE_CURVE('',#9377,#9379,#9380,.F.);
#8301=EDGE_CURVE('',#9379,#9381,#9382,.F.);
#8302=EDGE_CURVE('',#9381,#9383,#9384,.F.);
#8303=EDGE_CURVE('',#9383,#9385,#9386,.F.);
#8304=EDGE_CURVE('',#9385,#9387,#9388,.F.);
#8305=EDGE_CURVE('',#9387,#9389,#9390,.F.);
#8306=EDGE_CURVE('',#9391,#9389,#9392,.T.);
#8307=EDGE_CURVE('',#9391,#9393,#9394,.T.);
#8308=EDGE_CURVE('',#9393,#9395,#9396,.T.);
#8309=EDGE_CURVE('',#9397,#9395,#9398,.T.);
#8310=EDGE_CURVE('',#9399,#9397,#9400,.T.);
#8311=EDGE_CURVE('',#9399,#9401,#9402,.F.);
#8312=EDGE_CURVE('',#9401,#9403,#9404,.F.);
#8313=EDGE_CURVE('',#9403,#9405,#9406,.F.);
#8314=EDGE_CURVE('',#9405,#9407,#9408,.F.);
#8315=EDGE_CURVE('',#9407,#9409,#9410,.F.);
#8316=EDGE_CURVE('',#9409,#9411,#9412,.F.);
#8317=EDGE_CURVE('',#9411,#9413,#9414,.F.);
#8318=EDGE_CURVE('',#9413,#9415,#9416,.F.);
#8319=EDGE_CURVE('',#9415,#9417,#9418,.F.);
#8320=EDGE_CURVE('',#9417,#9419,#9420,.F.);
#8321=EDGE_CURVE('',#9419,#9421,#9422,.F.);
#8322=EDGE_CURVE('',#9423,#9421,#9424,.T.);
#8323=EDGE_CURVE('',#9423,#9425,#9426,.F.);
#8324=EDGE_CURVE('',#9425,#9427,#9428,.F.);
#8325=EDGE_CURVE('',#9427,#9429,#9430,.F.);
#8326=EDGE_CURVE('',#9429,#9431,#9432,.F.);
#8327=EDGE_CURVE('',#9431,#9433,#9434,.F.);
#8328=EDGE_CURVE('',#9433,#9435,#9436,.F.);
#8329=EDGE_CURVE('',#9435,#9437,#9438,.F.);
#8330=EDGE_CURVE('',#9437,#9439,#9440,.F.);
#8331=EDGE_CURVE('',#9439,#9441,#9442,.F.);
#8332=EDGE_CURVE('',#9441,#9443,#9444,.F.);
#8333=EDGE_CURVE('',#9443,#9445,#9446,.F.);
#8334=EDGE_CURVE('',#9151,#9445,#9447,.T.);
#8335=EDGE_CURVE('',#9021,#9075,#9448,.T.);
#8336=EDGE_CURVE('',#9023,#9073,#9449,.T.);
#8337=EDGE_CURVE('',#9255,#9450,#9451,.T.);
#8338=EDGE_CURVE('',#9450,#9029,#9452,.T.);
#8339=EDGE_CURVE('',#9450,#9453,#9454,.F.);
#8340=EDGE_CURVE('',#9453,#9031,#9455,.T.);
#8341=EDGE_CURVE('',#9453,#9367,#9456,.F.);
#8342=EDGE_CURVE('',#9051,#9089,#9457,.T.);
#8343=EDGE_CURVE('',#9458,#9350,#9459,.T.);
#8344=EDGE_CURVE('',#9460,#9458,#9461,.F.);
#8345=EDGE_CURVE('',#9336,#9460,#9462,.T.);
#8346=EDGE_CURVE('',#9065,#9119,#9463,.T.);
#8347=EDGE_CURVE('',#9067,#9117,#9464,.T.);
#8348=EDGE_CURVE('',#9095,#9133,#9465,.T.);
#8349=EDGE_CURVE('',#9466,#9332,#9467,.T.);
#8350=EDGE_CURVE('',#9468,#9466,#9469,.F.);
#8351=EDGE_CURVE('',#9318,#9468,#9470,.T.);
#8352=EDGE_CURVE('',#9109,#9163,#9471,.T.);
#8353=EDGE_CURVE('',#9111,#9161,#9472,.T.);
#8354=EDGE_CURVE('',#9139,#9177,#9473,.T.);
#8355=EDGE_CURVE('',#9474,#9314,#9475,.T.);
#8356=EDGE_CURVE('',#9476,#9474,#9477,.F.);
#8357=EDGE_CURVE('',#9300,#9476,#9478,.T.);
#8358=EDGE_CURVE('',#9445,#9479,#9480,.F.);
#8359=EDGE_CURVE('',#9153,#9479,#9481,.T.);
#8360=EDGE_CURVE('',#9479,#9482,#9483,.F.);
#8361=EDGE_CURVE('',#9155,#9482,#9484,.T.);
#8362=EDGE_CURVE('',#9482,#9197,#9485,.F.);
#8363=EDGE_CURVE('',#9443,#9486,#9487,.T.);
#8364=EDGE_CURVE('',#9486,#9488,#9489,.T.);
#8365=EDGE_CURVE('',#9490,#9488,#9491,.T.);
#8366=EDGE_CURVE('',#9492,#9490,#9493,.T.);
#8367=EDGE_CURVE('',#9494,#9492,#9495,.T.);
#8368=EDGE_CURVE('',#9494,#9199,#9496,.T.);
#8369=EDGE_CURVE('',#9497,#9494,#9498,.T.);
#8370=EDGE_CURVE('',#9497,#9201,#9499,.T.);
#8371=EDGE_CURVE('',#9500,#9501,#9502,.F.);
#8372=EDGE_CURVE('',#9203,#9500,#9503,.T.);
#8373=EDGE_CURVE('',#9504,#9497,#9505,.T.);
#8374=EDGE_CURVE('',#9504,#9506,#9507,.T.);
#8375=EDGE_CURVE('',#9508,#9506,#9509,.T.);
#8376=EDGE_CURVE('',#9510,#9508,#9511,.T.);
#8377=EDGE_CURVE('',#9425,#9510,#9512,.T.);
#8378=EDGE_CURVE('',#9501,#9423,#9513,.F.);
#8379=EDGE_CURVE('',#9500,#9514,#9515,.T.);
#8380=EDGE_CURVE('',#9514,#9205,#9516,.F.);
#8381=EDGE_CURVE('',#9421,#9517,#9518,.F.);
#8382=EDGE_CURVE('',#9419,#9519,#9520,.T.);
#8383=EDGE_CURVE('',#9519,#9521,#9522,.T.);
#8384=EDGE_CURVE('',#9523,#9521,#9524,.T.);
#8385=EDGE_CURVE('',#9525,#9523,#9526,.T.);
#8386=EDGE_CURVE('',#9527,#9525,#9528,.T.);
#8387=EDGE_CURVE('',#9527,#9207,#9529,.T.);
#8388=EDGE_CURVE('',#9517,#9514,#9530,.F.);
#8389=EDGE_CURVE('',#9531,#9527,#9532,.T.);
#8390=EDGE_CURVE('',#9531,#9209,#9533,.T.);
#8391=EDGE_CURVE('',#9534,#9211,#9535,.T.);
#8392=EDGE_CURVE('',#9536,#9531,#9537,.T.);
#8393=EDGE_CURVE('',#9536,#9534,#9538,.T.);
#8394=EDGE_CURVE('',#9539,#9534,#9540,.T.);
#8395=EDGE_CURVE('',#9213,#9539,#9541,.F.);
#8396=EDGE_CURVE('',#9542,#9539,#9543,.T.);
#8397=EDGE_CURVE('',#9401,#9542,#9544,.T.);
#8398=EDGE_CURVE('',#9545,#9399,#9546,.F.);
#8399=EDGE_CURVE('',#9547,#9545,#9548,.F.);
#8400=EDGE_CURVE('',#9215,#9547,#9549,.T.);
#8401=EDGE_CURVE('',#9547,#9550,#9551,.T.);
#8402=EDGE_CURVE('',#9217,#9550,#9552,.T.);
#8403=EDGE_CURVE('',#9553,#9219,#9554,.F.);
#8404=EDGE_CURVE('',#9550,#9555,#9556,.T.);
#8405=EDGE_CURVE('',#9555,#9397,#9557,.T.);
#8406=EDGE_CURVE('',#9395,#9558,#9559,.T.);
#8407=EDGE_CURVE('',#9558,#9560,#9561,.T.);
#8408=EDGE_CURVE('',#9560,#9562,#9563,.T.);
#8409=EDGE_CURVE('',#9562,#9231,#9564,.T.);
#8410=EDGE_CURVE('',#9229,#9565,#9566,.F.);
#8411=EDGE_CURVE('',#9565,#9567,#9568,.T.);
#8412=EDGE_CURVE('',#9567,#9227,#9569,.T.);
#8413=EDGE_CURVE('',#9225,#9570,#9571,.F.);
#8414=EDGE_CURVE('',#9570,#9553,#9572,.T.);
#8415=EDGE_CURVE('',#9573,#9553,#9574,.T.);
#8416=EDGE_CURVE('',#9573,#9221,#9575,.T.);
#8417=EDGE_CURVE('',#9576,#9573,#9577,.T.);
#8418=EDGE_CURVE('',#9576,#9223,#9578,.T.);
#8419=EDGE_CURVE('',#9570,#9576,#9579,.T.);
#8420=EDGE_CURVE('',#9565,#9567,#9580,.T.);
#8421=EDGE_CURVE('',#9581,#9233,#9582,.T.);
#8422=EDGE_CURVE('',#9581,#9562,#9583,.T.);
#8423=EDGE_CURVE('',#9237,#9584,#9585,.F.);
#8424=EDGE_CURVE('',#9584,#9586,#9587,.F.);
#8425=EDGE_CURVE('',#9586,#9235,#9588,.T.);
#8426=EDGE_CURVE('',#9589,#9581,#9590,.T.);
#8427=EDGE_CURVE('',#9591,#9589,#9592,.T.);
#8428=EDGE_CURVE('',#9393,#9591,#9593,.T.);
#8429=EDGE_CURVE('',#9594,#9391,#9595,.T.);
#8430=EDGE_CURVE('',#9596,#9594,#9597,.T.);
#8431=EDGE_CURVE('',#9247,#9596,#9598,.T.);
#8432=EDGE_CURVE('',#9599,#9245,#9600,.F.);
#8433=EDGE_CURVE('',#9601,#9599,#9602,.T.);
#8434=EDGE_CURVE('',#9239,#9601,#9603,.F.);
#8435=EDGE_CURVE('',#9584,#9586,#9604,.T.);
#8436=EDGE_CURVE('',#9601,#9605,#9606,.T.);
#8437=EDGE_CURVE('',#9605,#9241,#9607,.T.);
#8438=EDGE_CURVE('',#9605,#9608,#9609,.T.);
#8439=EDGE_CURVE('',#9608,#9243,#9610,.T.);
#8440=EDGE_CURVE('',#9608,#9599,#9611,.T.);
#8441=EDGE_CURVE('',#9612,#9249,#9613,.F.);
#8442=EDGE_CURVE('',#9596,#9612,#9614,.T.);
#8443=EDGE_CURVE('',#9389,#9615,#9616,.F.);
#8444=EDGE_CURVE('',#9387,#9617,#9618,.T.);
#8445=EDGE_CURVE('',#9617,#9619,#9620,.T.);
#8446=EDGE_CURVE('',#9621,#9619,#9622,.T.);
#8447=EDGE_CURVE('',#9623,#9621,#9624,.T.);
#8448=EDGE_CURVE('',#9625,#9623,#9626,.T.);
#8449=EDGE_CURVE('',#9625,#9251,#9627,.T.);
#8450=EDGE_CURVE('',#9615,#9612,#9628,.F.);
#8451=EDGE_CURVE('',#9629,#9625,#9630,.T.);
#8452=EDGE_CURVE('',#9629,#9253,#9631,.T.);
#8453=EDGE_CURVE('',#9632,#9629,#9633,.T.);
#8454=EDGE_CURVE('',#9632,#9634,#9635,.T.);
#8455=EDGE_CURVE('',#9636,#9634,#9637,.T.);
#8456=EDGE_CURVE('',#9638,#9636,#9639,.T.);
#8457=EDGE_CURVE('',#9369,#9638,#9640,.T.);
#8458=EDGE_CURVE('',#9641,#9641,#9642,.T.);
#8459=EDGE_CURVE('',#9643,#9643,#9644,.T.);
#8460=EDGE_CURVE('',#9645,#9645,#9646,.T.);
#8461=EDGE_CURVE('',#9647,#9647,#9648,.T.);
#8462=EDGE_CURVE('',#9649,#9649,#9650,.T.);
#8463=EDGE_CURVE('',#9651,#9651,#9652,.T.);
#8464=EDGE_CURVE('',#9653,#9653,#9654,.T.);
#8465=EDGE_CURVE('',#9655,#9655,#9656,.T.);
#8466=EDGE_CURVE('',#9657,#9657,#9658,.T.);
#8467=EDGE_CURVE('',#9659,#9659,#9660,.T.);
#8468=EDGE_CURVE('',#9661,#9661,#9662,.T.);
#8469=EDGE_CURVE('',#9663,#9663,#9664,.T.);
#8470=EDGE_CURVE('',#9665,#9665,#9666,.T.);
#8471=EDGE_CURVE('',#9667,#9364,#9668,.T.);
#8472=EDGE_CURVE('',#9293,#9667,#9669,.T.);
#8473=EDGE_CURVE('',#9670,#9667,#9671,.F.);
#8474=EDGE_CURVE('',#9295,#9670,#9672,.T.);
#8475=EDGE_CURVE('',#9354,#9670,#9673,.T.);
#8476=EDGE_CURVE('',#9476,#9674,#9675,.T.);
#8477=EDGE_CURVE('',#9302,#9674,#9676,.T.);
#8478=EDGE_CURVE('',#9674,#9677,#9678,.F.);
#8479=EDGE_CURVE('',#9677,#9312,#9679,.T.);
#8480=EDGE_CURVE('',#9680,#9310,#9681,.F.);
#8481=EDGE_CURVE('',#9680,#9682,#9683,.T.);
#8482=EDGE_CURVE('',#9682,#9684,#9685,.T.);
#8483=EDGE_CURVE('',#9684,#9686,#9687,.T.);
#8484=EDGE_CURVE('',#9686,#9688,#9689,.T.);
#8485=EDGE_CURVE('',#9690,#9688,#9691,.T.);
#8486=EDGE_CURVE('',#9690,#9692,#9693,.T.);
#8487=EDGE_CURVE('',#9694,#9692,#9695,.T.);
#8488=EDGE_CURVE('',#9304,#9694,#9696,.F.);
#8489=EDGE_CURVE('',#9694,#9697,#9698,.F.);
#8490=EDGE_CURVE('',#9697,#9306,#9699,.F.);
#8491=EDGE_CURVE('',#9308,#9700,#9701,.F.);
#8492=EDGE_CURVE('',#9697,#9702,#9703,.T.);
#8493=EDGE_CURVE('',#9702,#9704,#9705,.T.);
#8494=EDGE_CURVE('',#9704,#9706,#9707,.T.);
#8495=EDGE_CURVE('',#9706,#9708,#9709,.T.);
#8496=EDGE_CURVE('',#9710,#9708,#9711,.T.);
#8497=EDGE_CURVE('',#9710,#9712,#9713,.T.);
#8498=EDGE_CURVE('',#9700,#9712,#9714,.T.);
#8499=EDGE_CURVE('',#9715,#9715,#9716,.T.);
#8500=EDGE_CURVE('',#9700,#9680,#9717,.F.);
#8501=EDGE_CURVE('',#9474,#9677,#9718,.T.);
#8502=EDGE_CURVE('',#9468,#9719,#9720,.T.);
#8503=EDGE_CURVE('',#9320,#9719,#9721,.T.);
#8504=EDGE_CURVE('',#9719,#9722,#9723,.F.);
#8505=EDGE_CURVE('',#9722,#9330,#9724,.T.);
#8506=EDGE_CURVE('',#9725,#9328,#9726,.F.);
#8507=EDGE_CURVE('',#9725,#9727,#9728,.T.);
#8508=EDGE_CURVE('',#9727,#9729,#9730,.T.);
#8509=EDGE_CURVE('',#9729,#9731,#9732,.T.);
#8510=EDGE_CURVE('',#9731,#9733,#9734,.T.);
#8511=EDGE_CURVE('',#9735,#9733,#9736,.T.);
#8512=EDGE_CURVE('',#9735,#9737,#9738,.T.);
#8513=EDGE_CURVE('',#9739,#9737,#9740,.T.);
#8514=EDGE_CURVE('',#9322,#9739,#9741,.F.);
#8515=EDGE_CURVE('',#9739,#9742,#9743,.F.);
#8516=EDGE_CURVE('',#9742,#9324,#9744,.F.);
#8517=EDGE_CURVE('',#9326,#9745,#9746,.F.);
#8518=EDGE_CURVE('',#9742,#9747,#9748,.T.);
#8519=EDGE_CURVE('',#9747,#9749,#9750,.T.);
#8520=EDGE_CURVE('',#9749,#9751,#9752,.T.);
#8521=EDGE_CURVE('',#9751,#9753,#9754,.T.);
#8522=EDGE_CURVE('',#9755,#9753,#9756,.T.);
#8523=EDGE_CURVE('',#9755,#9757,#9758,.T.);
#8524=EDGE_CURVE('',#9745,#9757,#9759,.T.);
#8525=EDGE_CURVE('',#9760,#9760,#9761,.T.);
#8526=EDGE_CURVE('',#9745,#9725,#9762,.F.);
#8527=EDGE_CURVE('',#9466,#9722,#9763,.T.);
#8528=EDGE_CURVE('',#9460,#9764,#9765,.T.);
#8529=EDGE_CURVE('',#9338,#9764,#9766,.T.);
#8530=EDGE_CURVE('',#9764,#9767,#9768,.F.);
#8531=EDGE_CURVE('',#9767,#9348,#9769,.T.);
#8532=EDGE_CURVE('',#9770,#9346,#9771,.F.);
#8533=EDGE_CURVE('',#9770,#9772,#9773,.T.);
#8534=EDGE_CURVE('',#9772,#9774,#9775,.T.);
#8535=EDGE_CURVE('',#9774,#9776,#9777,.T.);
#8536=EDGE_CURVE('',#9776,#9778,#9779,.T.);
#8537=EDGE_CURVE('',#9780,#9778,#9781,.T.);
#8538=EDGE_CURVE('',#9780,#9782,#9783,.T.);
#8539=EDGE_CURVE('',#9784,#9782,#9785,.T.);
#8540=EDGE_CURVE('',#9340,#9784,#9786,.F.);
#8541=EDGE_CURVE('',#9784,#9787,#9788,.F.);
#8542=EDGE_CURVE('',#9787,#9342,#9789,.F.);
#8543=EDGE_CURVE('',#9344,#9790,#9791,.F.);
#8544=EDGE_CURVE('',#9787,#9792,#9793,.T.);
#8545=EDGE_CURVE('',#9792,#9794,#9795,.T.);
#8546=EDGE_CURVE('',#9794,#9796,#9797,.T.);
#8547=EDGE_CURVE('',#9796,#9798,#9799,.T.);
#8548=EDGE_CURVE('',#9800,#9798,#9801,.T.);
#8549=EDGE_CURVE('',#9800,#9802,#9803,.T.);
#8550=EDGE_CURVE('',#9790,#9802,#9804,.T.);
#8551=EDGE_CURVE('',#9805,#9805,#9806,.T.);
#8552=EDGE_CURVE('',#9790,#9770,#9807,.F.);
#8553=EDGE_CURVE('',#9458,#9767,#9808,.T.);
#8554=EDGE_CURVE('',#9809,#9362,#9810,.F.);
#8555=EDGE_CURVE('',#9809,#9811,#9812,.T.);
#8556=EDGE_CURVE('',#9811,#9813,#9814,.T.);
#8557=EDGE_CURVE('',#9813,#9815,#9816,.T.);
#8558=EDGE_CURVE('',#9815,#9817,#9818,.T.);
#8559=EDGE_CURVE('',#9819,#9817,#9820,.T.);
#8560=EDGE_CURVE('',#9819,#9821,#9822,.T.);
#8561=EDGE_CURVE('',#9823,#9821,#9824,.T.);
#8562=EDGE_CURVE('',#9356,#9823,#9825,.F.);
#8563=EDGE_CURVE('',#9823,#9826,#9827,.F.);
#8564=EDGE_CURVE('',#9826,#9358,#9828,.F.);
#8565=EDGE_CURVE('',#9360,#9829,#9830,.F.);
#8566=EDGE_CURVE('',#9826,#9831,#9832,.T.);
#8567=EDGE_CURVE('',#9831,#9833,#9834,.T.);
#8568=EDGE_CURVE('',#9833,#9835,#9836,.T.);
#8569=EDGE_CURVE('',#9835,#9837,#9838,.T.);
#8570=EDGE_CURVE('',#9839,#9837,#9840,.T.);
#8571=EDGE_CURVE('',#9839,#9841,#9842,.T.);
#8572=EDGE_CURVE('',#9829,#9841,#9843,.T.);
#8573=EDGE_CURVE('',#9844,#9844,#9845,.T.);
#8574=EDGE_CURVE('',#9829,#9809,#9846,.F.);
#8575=EDGE_CURVE('',#9847,#9371,#9848,.T.);
#8576=EDGE_CURVE('',#9638,#9617,#9849,.T.);
#8577=EDGE_CURVE('',#9385,#9850,#9851,.T.);
#8578=EDGE_CURVE('',#9850,#9847,#9852,.T.);
#8579=EDGE_CURVE('',#9847,#9853,#9854,.T.);
#8580=EDGE_CURVE('',#9373,#9853,#9855,.T.);
#8581=EDGE_CURVE('',#9853,#9856,#9857,.F.);
#8582=EDGE_CURVE('',#9856,#9383,#9858,.T.);
#8583=EDGE_CURVE('',#9859,#9381,#9860,.F.);
#8584=EDGE_CURVE('',#9859,#9861,#9862,.T.);
#8585=EDGE_CURVE('',#9861,#9863,#9864,.T.);
#8586=EDGE_CURVE('',#9863,#9865,#9866,.T.);
#8587=EDGE_CURVE('',#9865,#9867,#9868,.T.);
#8588=EDGE_CURVE('',#9869,#9867,#9870,.T.);
#8589=EDGE_CURVE('',#9869,#9871,#9872,.T.);
#8590=EDGE_CURVE('',#9873,#9871,#9874,.T.);
#8591=EDGE_CURVE('',#9375,#9873,#9875,.F.);
#8592=EDGE_CURVE('',#9873,#9876,#9877,.F.);
#8593=EDGE_CURVE('',#9876,#9377,#9878,.F.);
#8594=EDGE_CURVE('',#9379,#9879,#9880,.F.);
#8595=EDGE_CURVE('',#9876,#9881,#9882,.T.);
#8596=EDGE_CURVE('',#9881,#9883,#9884,.T.);
#8597=EDGE_CURVE('',#9883,#9885,#9886,.T.);
#8598=EDGE_CURVE('',#9885,#9887,#9888,.T.);
#8599=EDGE_CURVE('',#9889,#9887,#9890,.T.);
#8600=EDGE_CURVE('',#9889,#9891,#9892,.T.);
#8601=EDGE_CURVE('',#9879,#9891,#9893,.T.);
#8602=EDGE_CURVE('',#9894,#9894,#9895,.T.);
#8603=EDGE_CURVE('',#9879,#9859,#9896,.F.);
#8604=EDGE_CURVE('',#9850,#9856,#9897,.T.);
#8605=EDGE_CURVE('',#9594,#9615,#9898,.T.);
#8606=EDGE_CURVE('',#9591,#9558,#9899,.T.);
#8607=EDGE_CURVE('',#9545,#9555,#9900,.T.);
#8608=EDGE_CURVE('',#9542,#9519,#9901,.T.);
#8609=EDGE_CURVE('',#9902,#9417,#9903,.T.);
#8610=EDGE_CURVE('',#9904,#9902,#9905,.F.);
#8611=EDGE_CURVE('',#9403,#9904,#9906,.T.);
#8612=EDGE_CURVE('',#9904,#9907,#9908,.T.);
#8613=EDGE_CURVE('',#9405,#9907,#9909,.T.);
#8614=EDGE_CURVE('',#9907,#9910,#9911,.F.);
#8615=EDGE_CURVE('',#9910,#9415,#9912,.T.);
#8616=EDGE_CURVE('',#9913,#9413,#9914,.F.);
#8617=EDGE_CURVE('',#9913,#9915,#9916,.T.);
#8618=EDGE_CURVE('',#9915,#9917,#9918,.T.);
#8619=EDGE_CURVE('',#9917,#9919,#9920,.T.);
#8620=EDGE_CURVE('',#9919,#9921,#9922,.T.);
#8621=EDGE_CURVE('',#9923,#9921,#9924,.T.);
#8622=EDGE_CURVE('',#9923,#9925,#9926,.T.);
#8623=EDGE_CURVE('',#9927,#9925,#9928,.T.);
#8624=EDGE_CURVE('',#9407,#9927,#9929,.F.);
#8625=EDGE_CURVE('',#9927,#9930,#9931,.F.);
#8626=EDGE_CURVE('',#9930,#9409,#9932,.F.);
#8627=EDGE_CURVE('',#9411,#9933,#9934,.F.);
#8628=EDGE_CURVE('',#9930,#9935,#9936,.T.);
#8629=EDGE_CURVE('',#9935,#9937,#9938,.T.);
#8630=EDGE_CURVE('',#9937,#9939,#9940,.T.);
#8631=EDGE_CURVE('',#9939,#9941,#9942,.T.);
#8632=EDGE_CURVE('',#9943,#9941,#9944,.T.);
#8633=EDGE_CURVE('',#9943,#9945,#9946,.T.);
#8634=EDGE_CURVE('',#9933,#9945,#9947,.T.);
#8635=EDGE_CURVE('',#9948,#9948,#9949,.T.);
#8636=EDGE_CURVE('',#9933,#9913,#9950,.F.);
#8637=EDGE_CURVE('',#9902,#9910,#9951,.T.);
#8638=EDGE_CURVE('',#9501,#9517,#9952,.T.);
#8639=EDGE_CURVE('',#9953,#9427,#9954,.T.);
#8640=EDGE_CURVE('',#9510,#9486,#9955,.T.);
#8641=EDGE_CURVE('',#9441,#9956,#9957,.T.);
#8642=EDGE_CURVE('',#9956,#9953,#9958,.T.);
#8643=EDGE_CURVE('',#9953,#9959,#9960,.T.);
#8644=EDGE_CURVE('',#9429,#9959,#9961,.T.);
#8645=EDGE_CURVE('',#9959,#9962,#9963,.F.);
#8646=EDGE_CURVE('',#9962,#9439,#9964,.T.);
#8647=EDGE_CURVE('',#9965,#9437,#9966,.F.);
#8648=EDGE_CURVE('',#9965,#9967,#9968,.T.);
#8649=EDGE_CURVE('',#9967,#9969,#9970,.T.);
#8650=EDGE_CURVE('',#9969,#9971,#9972,.T.);
#8651=EDGE_CURVE('',#9971,#9973,#9974,.T.);
#8652=EDGE_CURVE('',#9975,#9973,#9976,.T.);
#8653=EDGE_CURVE('',#9975,#9977,#9978,.T.);
#8654=EDGE_CURVE('',#9979,#9977,#9980,.T.);
#8655=EDGE_CURVE('',#9431,#9979,#9981,.F.);
#8656=EDGE_CURVE('',#9979,#9982,#9983,.F.);
#8657=EDGE_CURVE('',#9982,#9433,#9984,.F.);
#8658=EDGE_CURVE('',#9435,#9985,#9986,.F.);
#8659=EDGE_CURVE('',#9982,#9987,#9988,.T.);
#8660=EDGE_CURVE('',#9987,#9989,#9990,.T.);
#8661=EDGE_CURVE('',#9989,#9991,#9992,.T.);
#8662=EDGE_CURVE('',#9991,#9993,#9994,.T.);
#8663=EDGE_CURVE('',#9995,#9993,#9996,.T.);
#8664=EDGE_CURVE('',#9995,#9997,#9998,.T.);
#8665=EDGE_CURVE('',#9985,#9997,#9999,.T.);
#8666=EDGE_CURVE('',#10000,#10000,#10001,.T.);
#8667=EDGE_CURVE('',#9985,#9965,#10002,.F.);
#8668=EDGE_CURVE('',#9956,#9962,#10003,.T.);
#8669=EDGE_CURVE('',#9508,#9488,#10004,.F.);
#8670=EDGE_CURVE('',#9490,#9506,#10005,.F.);
#8671=EDGE_CURVE('',#9492,#9504,#10006,.T.);
#8672=EDGE_CURVE('',#9539,#9521,#10007,.F.);
#8673=EDGE_CURVE('',#9523,#9534,#10008,.F.);
#8674=EDGE_CURVE('',#9525,#9536,#10009,.T.);
#8675=EDGE_CURVE('',#9589,#9560,#10010,.T.);
#8676=EDGE_CURVE('',#9636,#9619,#10011,.F.);
#8677=EDGE_CURVE('',#9621,#9634,#10012,.F.);
#8678=EDGE_CURVE('',#9623,#9632,#10013,.T.);
#8679=EDGE_CURVE('',#10014,#10014,#10015,.T.);
#8680=EDGE_CURVE('',#10016,#10016,#10017,.T.);
#8681=EDGE_CURVE('',#10018,#10018,#10019,.T.);
#8682=EDGE_CURVE('',#10020,#10020,#10021,.T.);
#8683=EDGE_CURVE('',#10022,#10022,#10023,.T.);
#8684=EDGE_CURVE('',#10024,#10024,#10025,.T.);
#8685=EDGE_CURVE('',#10026,#10026,#10027,.T.);
#8686=EDGE_CURVE('',#9712,#10028,#10029,.T.);
#8687=EDGE_CURVE('',#10028,#10030,#10031,.T.);
#8688=EDGE_CURVE('',#10030,#10032,#10033,.T.);
#8689=EDGE_CURVE('',#10034,#10032,#10035,.T.);
#8690=EDGE_CURVE('',#10034,#9682,#10036,.T.);
#8691=EDGE_CURVE('',#10034,#9684,#10037,.T.);
#8692=EDGE_CURVE('',#10032,#9686,#10038,.T.);
#8693=EDGE_CURVE('',#10039,#9706,#10040,.T.);
#8694=EDGE_CURVE('',#10041,#10039,#10042,.T.);
#8695=EDGE_CURVE('',#9688,#10041,#10043,.T.);
#8696=EDGE_CURVE('',#9708,#10030,#10044,.T.);
#8697=EDGE_CURVE('',#9690,#10045,#10046,.T.);
#8698=EDGE_CURVE('',#10045,#10041,#10047,.T.);
#8699=EDGE_CURVE('',#9692,#10045,#10048,.T.);
#8700=EDGE_CURVE('',#10049,#10039,#10050,.T.);
#8701=EDGE_CURVE('',#10049,#9702,#10051,.T.);
#8702=EDGE_CURVE('',#10049,#9704,#10052,.T.);
#8703=EDGE_CURVE('',#9710,#10028,#10053,.T.);
#8704=EDGE_CURVE('',#10054,#10054,#10055,.T.);
#8705=EDGE_CURVE('',#9757,#10056,#10057,.T.);
#8706=EDGE_CURVE('',#10056,#10058,#10059,.T.);
#8707=EDGE_CURVE('',#10058,#10060,#10061,.T.);
#8708=EDGE_CURVE('',#10062,#10060,#10063,.T.);
#8709=EDGE_CURVE('',#10062,#9727,#10064,.T.);
#8710=EDGE_CURVE('',#10062,#9729,#10065,.T.);
#8711=EDGE_CURVE('',#10060,#9731,#10066,.T.);
#8712=EDGE_CURVE('',#10067,#9751,#10068,.T.);
#8713=EDGE_CURVE('',#10069,#10067,#10070,.T.);
#8714=EDGE_CURVE('',#9733,#10069,#10071,.T.);
#8715=EDGE_CURVE('',#9753,#10058,#10072,.T.);
#8716=EDGE_CURVE('',#9735,#10073,#10074,.T.);
#8717=EDGE_CURVE('',#10073,#10069,#10075,.T.);
#8718=EDGE_CURVE('',#9737,#10073,#10076,.T.);
#8719=EDGE_CURVE('',#10077,#10067,#10078,.T.);
#8720=EDGE_CURVE('',#10077,#9747,#10079,.T.);
#8721=EDGE_CURVE('',#10077,#9749,#10080,.T.);
#8722=EDGE_CURVE('',#9755,#10056,#10081,.T.);
#8723=EDGE_CURVE('',#10082,#10082,#10083,.T.);
#8724=EDGE_CURVE('',#9802,#10084,#10085,.T.);
#8725=EDGE_CURVE('',#10084,#10086,#10087,.T.);
#8726=EDGE_CURVE('',#10086,#10088,#10089,.T.);
#8727=EDGE_CURVE('',#10090,#10088,#10091,.T.);
#8728=EDGE_CURVE('',#10090,#9772,#10092,.T.);
#8729=EDGE_CURVE('',#10090,#9774,#10093,.T.);
#8730=EDGE_CURVE('',#10088,#9776,#10094,.T.);
#8731=EDGE_CURVE('',#10095,#9796,#10096,.T.);
#8732=EDGE_CURVE('',#10097,#10095,#10098,.T.);
#8733=EDGE_CURVE('',#9778,#10097,#10099,.T.);
#8734=EDGE_CURVE('',#9798,#10086,#10100,.T.);
#8735=EDGE_CURVE('',#9780,#10101,#10102,.T.);
#8736=EDGE_CURVE('',#10101,#10097,#10103,.T.);
#8737=EDGE_CURVE('',#9782,#10101,#10104,.T.);
#8738=EDGE_CURVE('',#10105,#10095,#10106,.T.);
#8739=EDGE_CURVE('',#10105,#9792,#10107,.T.);
#8740=EDGE_CURVE('',#10105,#9794,#10108,.T.);
#8741=EDGE_CURVE('',#9800,#10084,#10109,.T.);
#8742=EDGE_CURVE('',#10110,#10110,#10111,.T.);
#8743=EDGE_CURVE('',#9841,#10112,#10113,.T.);
#8744=EDGE_CURVE('',#10112,#10114,#10115,.T.);
#8745=EDGE_CURVE('',#10114,#10116,#10117,.T.);
#8746=EDGE_CURVE('',#10118,#10116,#10119,.T.);
#8747=EDGE_CURVE('',#10118,#9811,#10120,.T.);
#8748=EDGE_CURVE('',#10118,#9813,#10121,.T.);
#8749=EDGE_CURVE('',#10116,#9815,#10122,.T.);
#8750=EDGE_CURVE('',#10123,#9835,#10124,.T.);
#8751=EDGE_CURVE('',#10125,#10123,#10126,.T.);
#8752=EDGE_CURVE('',#9817,#10125,#10127,.T.);
#8753=EDGE_CURVE('',#9837,#10114,#10128,.T.);
#8754=EDGE_CURVE('',#9819,#10129,#10130,.T.);
#8755=EDGE_CURVE('',#10129,#10125,#10131,.T.);
#8756=EDGE_CURVE('',#9821,#10129,#10132,.T.);
#8757=EDGE_CURVE('',#10133,#10123,#10134,.T.);
#8758=EDGE_CURVE('',#10133,#9831,#10135,.T.);
#8759=EDGE_CURVE('',#10133,#9833,#10136,.T.);
#8760=EDGE_CURVE('',#9839,#10112,#10137,.T.);
#8761=EDGE_CURVE('',#10138,#10138,#10139,.T.);
#8762=EDGE_CURVE('',#9891,#10140,#10141,.T.);
#8763=EDGE_CURVE('',#10140,#10142,#10143,.T.);
#8764=EDGE_CURVE('',#10142,#10144,#10145,.T.);
#8765=EDGE_CURVE('',#10146,#10144,#10147,.T.);
#8766=EDGE_CURVE('',#10146,#9861,#10148,.T.);
#8767=EDGE_CURVE('',#10146,#9863,#10149,.T.);
#8768=EDGE_CURVE('',#10144,#9865,#10150,.T.);
#8769=EDGE_CURVE('',#10151,#9885,#10152,.T.);
#8770=EDGE_CURVE('',#10153,#10151,#10154,.T.);
#8771=EDGE_CURVE('',#9867,#10153,#10155,.T.);
#8772=EDGE_CURVE('',#9887,#10142,#10156,.T.);
#8773=EDGE_CURVE('',#9869,#10157,#10158,.T.);
#8774=EDGE_CURVE('',#10157,#10153,#10159,.T.);
#8775=EDGE_CURVE('',#9871,#10157,#10160,.T.);
#8776=EDGE_CURVE('',#10161,#10151,#10162,.T.);
#8777=EDGE_CURVE('',#10161,#9881,#10163,.T.);
#8778=EDGE_CURVE('',#10161,#9883,#10164,.T.);
#8779=EDGE_CURVE('',#9889,#10140,#10165,.T.);
#8780=EDGE_CURVE('',#10166,#10166,#10167,.T.);
#8781=EDGE_CURVE('',#9945,#10168,#10169,.T.);
#8782=EDGE_CURVE('',#10168,#10170,#10171,.T.);
#8783=EDGE_CURVE('',#10170,#10172,#10173,.T.);
#8784=EDGE_CURVE('',#10174,#10172,#10175,.T.);
#8785=EDGE_CURVE('',#10174,#9915,#10176,.T.);
#8786=EDGE_CURVE('',#10174,#9917,#10177,.T.);
#8787=EDGE_CURVE('',#10172,#9919,#10178,.T.);
#8788=EDGE_CURVE('',#10179,#9939,#10180,.T.);
#8789=EDGE_CURVE('',#10181,#10179,#10182,.T.);
#8790=EDGE_CURVE('',#9921,#10181,#10183,.T.);
#8791=EDGE_CURVE('',#9941,#10170,#10184,.T.);
#8792=EDGE_CURVE('',#9923,#10185,#10186,.T.);
#8793=EDGE_CURVE('',#10185,#10181,#10187,.T.);
#8794=EDGE_CURVE('',#9925,#10185,#10188,.T.);
#8795=EDGE_CURVE('',#10189,#10179,#10190,.T.);
#8796=EDGE_CURVE('',#10189,#9935,#10191,.T.);
#8797=EDGE_CURVE('',#10189,#9937,#10192,.T.);
#8798=EDGE_CURVE('',#9943,#10168,#10193,.T.);
#8799=EDGE_CURVE('',#10194,#10194,#10195,.T.);
#8800=EDGE_CURVE('',#9997,#10196,#10197,.T.);
#8801=EDGE_CURVE('',#10196,#10198,#10199,.T.);
#8802=EDGE_CURVE('',#10198,#10200,#10201,.T.);
#8803=EDGE_CURVE('',#10202,#10200,#10203,.T.);
#8804=EDGE_CURVE('',#10202,#9967,#10204,.T.);
#8805=EDGE_CURVE('',#10202,#9969,#10205,.T.);
#8806=EDGE_CURVE('',#10200,#9971,#10206,.T.);
#8807=EDGE_CURVE('',#10207,#9991,#10208,.T.);
#8808=EDGE_CURVE('',#10209,#10207,#10210,.T.);
#8809=EDGE_CURVE('',#9973,#10209,#10211,.T.);
#8810=EDGE_CURVE('',#9993,#10198,#10212,.T.);
#8811=EDGE_CURVE('',#9975,#10213,#10214,.T.);
#8812=EDGE_CURVE('',#10213,#10209,#10215,.T.);
#8813=EDGE_CURVE('',#9977,#10213,#10216,.T.);
#8814=EDGE_CURVE('',#10217,#10207,#10218,.T.);
#8815=EDGE_CURVE('',#10217,#9987,#10219,.T.);
#8816=EDGE_CURVE('',#10217,#9989,#10220,.T.);
#8817=EDGE_CURVE('',#9995,#10196,#10221,.T.);
#8818=EDGE_CURVE('',#10222,#10222,#10223,.T.);
#8819=AXIS2_PLACEMENT_3D('',#8820,#8821,#8822);
#8820=CARTESIAN_POINT('',(0.,0.,0.));
#8821=DIRECTION('',(0.,0.,1.));
#8822=DIRECTION('',(1.,0.,0.));
#8823=AXIS2_PLACEMENT_3D('',#8824,#8825,#8826);
#8824=CARTESIAN_POINT('',(5.,0.,0.));
#8825=DIRECTION('',(0.,0.,1.));
#8826=DIRECTION('',(1.,0.,0.));
#8827=AXIS2_PLACEMENT_3D('',#8828,#8829,#8830);
#8828=CARTESIAN_POINT('',(10.,0.,0.));
#8829=DIRECTION('',(0.,0.,1.));
#8830=DIRECTION('',(1.,0.,0.));
#8831=AXIS2_PLACEMENT_3D('',#8832,#8833,#8834);
#8832=CARTESIAN_POINT('',(15.,0.,0.));
#8833=DIRECTION('',(0.,0.,1.));
#8834=DIRECTION('',(1.,0.,0.));
#8835=AXIS2_PLACEMENT_3D('',#8836,#8837,#8838);
#8836=CARTESIAN_POINT('',(20.,0.,0.));
#8837=DIRECTION('',(0.,0.,1.));
#8838=DIRECTION('',(1.,0.,0.));
#8839=AXIS2_PLACEMENT_3D('',#8840,#8841,#8842);
#8840=CARTESIAN_POINT('',(25.,0.,0.));
#8841=DIRECTION('',(0.,0.,1.));
#8842=DIRECTION('',(1.,0.,0.));
#8843=AXIS2_PLACEMENT_3D('',#8844,#8845,#8846);
#8844=CARTESIAN_POINT('',(30.,0.,0.));
#8845=DIRECTION('',(0.,0.,1.));
#8846=DIRECTION('',(1.,0.,0.));
#8847=EDGE_CURVE('',#10224,#10225,#10226,.T.);
#8848=EDGE_CURVE('',#10225,#10227,#10228,.T.);
#8849=EDGE_CURVE('',#10229,#10227,#10230,.F.);
#8850=EDGE_CURVE('',#10224,#10229,#10231,.T.);
#8851=EDGE_CURVE('',#10232,#10233,#10234,.T.);
#8852=EDGE_CURVE('',#10235,#10233,#10236,.T.);
#8853=EDGE_CURVE('',#10237,#10235,#10238,.T.);
#8854=EDGE_CURVE('',#10237,#10232,#10239,.T.);
#8855=EDGE_CURVE('',#10225,#10232,#10240,.T.);
#8856=EDGE_CURVE('',#10241,#10237,#10242,.T.);
#8857=EDGE_CURVE('',#10241,#10243,#10244,.T.);
#8858=EDGE_CURVE('',#10227,#10243,#10245,.F.);
#8859=EDGE_CURVE('',#10233,#10246,#10247,.T.);
#8860=EDGE_CURVE('',#10246,#10224,#10248,.T.);
#8861=EDGE_CURVE('',#10249,#10229,#10250,.F.);
#8862=EDGE_CURVE('',#10251,#10249,#10252,.T.);
#8863=EDGE_CURVE('',#10235,#10251,#10253,.T.);
#8864=EDGE_CURVE('',#10254,#10255,#10256,.T.);
#8865=EDGE_CURVE('',#10255,#10257,#10258,.T.);
#8866=EDGE_CURVE('',#10259,#10257,#10260,.T.);
#8867=EDGE_CURVE('',#10254,#10259,#10261,.T.);
#8868=EDGE_CURVE('',#10262,#10262,#10263,.F.);
#8869=EDGE_CURVE('',#10264,#10265,#10266,.T.);
#8870=EDGE_CURVE('',#10265,#10259,#10267,.T.);
#8871=EDGE_CURVE('',#10257,#10264,#10268,.T.);
#8872=EDGE_CURVE('',#10243,#10269,#10270,.F.);
#8873=EDGE_CURVE('',#10269,#10271,#10272,.F.);
#8874=EDGE_CURVE('',#10271,#10273,#10274,.F.);
#8875=EDGE_CURVE('',#10273,#10275,#10276,.F.);
#8876=EDGE_CURVE('',#10275,#10249,#10277,.F.);
#8877=EDGE_CURVE('',#10255,#10278,#10279,.T.);
#8878=EDGE_CURVE('',#10280,#10254,#10281,.T.);
#8879=EDGE_CURVE('',#10278,#10280,#10282,.T.);
#8880=EDGE_CURVE('',#10251,#10283,#10284,.T.);
#8881=EDGE_CURVE('',#10283,#10285,#10286,.T.);
#8882=EDGE_CURVE('',#10285,#10287,#10288,.T.);
#8883=EDGE_CURVE('',#10287,#10289,#10290,.T.);
#8884=EDGE_CURVE('',#10289,#10241,#10291,.T.);
#8885=EDGE_CURVE('',#10289,#10269,#10292,.T.);
#8886=EDGE_CURVE('',#10283,#10275,#10293,.T.);
#8887=EDGE_CURVE('',#10278,#10264,#10294,.T.);
#8888=EDGE_CURVE('',#10280,#10265,#10295,.T.);
#8889=EDGE_CURVE('',#10296,#10296,#10297,.F.);
#8890=EDGE_CURVE('',#10287,#10271,#10298,.T.);
#8891=EDGE_CURVE('',#10285,#10273,#10299,.T.);
#8892=EDGE_CURVE('',#10300,#10300,#10301,.T.);
#8893=EDGE_CURVE('',#10302,#10302,#10303,.T.);
#8894=EDGE_CURVE('',#10304,#10305,#10306,.T.);
#8895=EDGE_CURVE('',#10307,#10304,#10308,.T.);
#8896=EDGE_CURVE('',#10309,#10307,#10310,.T.);
#8897=EDGE_CURVE('',#10311,#10309,#10312,.T.);
#8898=EDGE_CURVE('',#10313,#10311,#10314,.T.);
#8899=EDGE_CURVE('',#10315,#10313,#10316,.T.);
#8900=EDGE_CURVE('',#10315,#10317,#10318,.T.);
#8901=EDGE_CURVE('',#10319,#10317,#10320,.T.);
#8902=EDGE_CURVE('',#10321,#10319,#10322,.T.);
#8903=EDGE_CURVE('',#10305,#10321,#10323,.T.);
#8904=EDGE_CURVE('',#10324,#10324,#10325,.T.);
#8905=EDGE_CURVE('',#10326,#10327,#10328,.T.);
#8906=EDGE_CURVE('',#10327,#10329,#10330,.T.);
#8907=EDGE_CURVE('',#10329,#10331,#10332,.T.);
#8908=EDGE_CURVE('',#10331,#10333,#10334,.T.);
#8909=EDGE_CURVE('',#10333,#10335,#10336,.T.);
#8910=EDGE_CURVE('',#10335,#10337,#10338,.T.);
#8911=EDGE_CURVE('',#10337,#10339,#10340,.T.);
#8912=EDGE_CURVE('',#10339,#10341,#10342,.T.);
#8913=EDGE_CURVE('',#10341,#10343,#10344,.T.);
#8914=EDGE_CURVE('',#10343,#10326,#10345,.T.);
#8915=EDGE_CURVE('',#10346,#10346,#10347,.F.);
#8916=EDGE_CURVE('',#10305,#10326,#10348,.T.);
#8917=EDGE_CURVE('',#10304,#10343,#10349,.T.);
#8918=EDGE_CURVE('',#10307,#10341,#10350,.T.);
#8919=EDGE_CURVE('',#10309,#10339,#10351,.T.);
#8920=EDGE_CURVE('',#10311,#10337,#10352,.T.);
#8921=EDGE_CURVE('',#10313,#10335,#10353,.T.);
#8922=EDGE_CURVE('',#10333,#10315,#10354,.T.);
#8923=EDGE_CURVE('',#10317,#10331,#10355,.T.);
#8924=EDGE_CURVE('',#10319,#10329,#10356,.T.);
#8925=EDGE_CURVE('',#10321,#10327,#10357,.T.);
#8926=EDGE_CURVE('',#10358,#10359,#10360,.T.);
#8927=EDGE_CURVE('',#10358,#10333,#10361,.T.);
#8928=EDGE_CURVE('',#10331,#10359,#10362,.T.);
#8929=EDGE_CURVE('',#10363,#10364,#10365,.T.);
#8930=EDGE_CURVE('',#10317,#10364,#10366,.T.);
#8931=EDGE_CURVE('',#10363,#10315,#10367,.T.);
#8932=EDGE_CURVE('',#10368,#10363,#10369,.T.);
#8933=EDGE_CURVE('',#10363,#10358,#10370,.T.);
#8934=EDGE_CURVE('',#10371,#10358,#10372,.T.);
#8935=EDGE_CURVE('',#10371,#10368,#10373,.T.);
#8936=EDGE_CURVE('',#10359,#10374,#10375,.T.);
#8937=EDGE_CURVE('',#10374,#10371,#10376,.T.);
#8938=EDGE_CURVE('',#10364,#10377,#10378,.T.);
#8939=EDGE_CURVE('',#10377,#10374,#10379,.T.);
#8940=EDGE_CURVE('',#10364,#10359,#10380,.T.);
#8941=EDGE_CURVE('',#10368,#10377,#10381,.T.);
#8942=EDGE_CURVE('',#10382,#10383,#10384,.T.);
#8943=EDGE_CURVE('',#10382,#10371,#10385,.T.);
#8944=EDGE_CURVE('',#10374,#10383,#10386,.T.);
#8945=EDGE_CURVE('',#10387,#10388,#10389,.T.);
#8946=EDGE_CURVE('',#10377,#10388,#10390,.T.);
#8947=EDGE_CURVE('',#10387,#10368,#10391,.T.);
#8948=EDGE_CURVE('',#10392,#10387,#10393,.T.);
#8949=EDGE_CURVE('',#10387,#10382,#10394,.T.);
#8950=EDGE_CURVE('',#10395,#10382,#10396,.T.);
#8951=EDGE_CURVE('',#10395,#10392,#10397,.T.);
#8952=EDGE_CURVE('',#10383,#10398,#10399,.T.);
#8953=EDGE_CURVE('',#10398,#10395,#10400,.T.);
#8954=EDGE_CURVE('',#10388,#10401,#10402,.T.);
#8955=EDGE_CURVE('',#10401,#10398,#10403,.T.);
#8956=EDGE_CURVE('',#10388,#10383,#10404,.T.);
#8957=EDGE_CURVE('',#10392,#10401,#10405,.T.);
#8958=EDGE_CURVE('',#10406,#10407,#10408,.T.);
#8959=EDGE_CURVE('',#10406,#10395,#10409,.T.);
#8960=EDGE_CURVE('',#10398,#10407,#10410,.T.);
#8961=EDGE_CURVE('',#10411,#10412,#10413,.T.);
#8962=EDGE_CURVE('',#10401,#10412,#10414,.T.);
#8963=EDGE_CURVE('',#10411,#10392,#10415,.T.);
#8964=EDGE_CURVE('',#10416,#10417,#10418,.T.);
#8965=EDGE_CURVE('',#10416,#10411,#10419,.T.);
#8966=EDGE_CURVE('',#10411,#10406,#10420,.T.);
#8967=EDGE_CURVE('',#10417,#10406,#10421,.T.);
#8968=EDGE_CURVE('',#10422,#10423,#10424,.F.);
#8969=EDGE_CURVE('',#10422,#10425,#10426,.T.);
#8970=EDGE_CURVE('',#10417,#10425,#10427,.F.);
#8971=EDGE_CURVE('',#10407,#10423,#10428,.T.);
#8972=EDGE_CURVE('',#10429,#10423,#10430,.T.);
#8973=EDGE_CURVE('',#10412,#10407,#10431,.T.);
#8974=EDGE_CURVE('',#10412,#10429,#10432,.T.);
#8975=EDGE_CURVE('',#10429,#10433,#10434,.F.);
#8976=EDGE_CURVE('',#10435,#10416,#10436,.F.);
#8977=EDGE_CURVE('',#10433,#10435,#10437,.T.);
#8978=EDGE_CURVE('',#10433,#10422,#10438,.T.);
#8979=EDGE_CURVE('',#10435,#10425,#10439,.T.);
#8980=EDGE_CURVE('',#10440,#10441,#10442,.F.);
#8981=EDGE_CURVE('',#10440,#10441,#10443,.T.);
#8982=EDGE_CURVE('',#10444,#10445,#10446,.F.);
#8983=EDGE_CURVE('',#10444,#10445,#10447,.T.);
#8984=EDGE_CURVE('',#10448,#10440,#10449,.F.);
#8985=EDGE_CURVE('',#10441,#10450,#10451,.T.);
#8986=EDGE_CURVE('',#10448,#10450,#10452,.T.);
#8987=EDGE_CURVE('',#10445,#10453,#10454,.T.);
#8988=EDGE_CURVE('',#10455,#10453,#10456,.T.);
#8989=EDGE_CURVE('',#10457,#10455,#10458,.T.);
#8990=EDGE_CURVE('',#10457,#10444,#10459,.F.);
#8991=EDGE_CURVE('',#10450,#10460,#10461,.T.);
#8992=EDGE_CURVE('',#10460,#10462,#10463,.T.);
#8993=EDGE_CURVE('',#10462,#10457,#10464,.F.);
#8994=EDGE_CURVE('',#10453,#10465,#10466,.T.);
#8995=EDGE_CURVE('',#10465,#10467,#10468,.T.);
#8996=EDGE_CURVE('',#10467,#10448,#10469,.F.);
#8997=EDGE_CURVE('',#10470,#10470,#10471,.T.);
#8998=EDGE_CURVE('',#10465,#10462,#10472,.T.);
#8999=EDGE_CURVE('',#10460,#10467,#10473,.T.);
#9000=EDGE_CURVE('',#10474,#10474,#10475,.T.);
#9001=EDGE_CURVE('',#10476,#10476,#10477,.T.);
#9002=EDGE_CURVE('',#10478,#10478,#10479,.T.);
#9003=EDGE_CURVE('',#10480,#10480,#10481,.T.);
#9004=VERTEX_POINT('',#10482);
#9005=VERTEX_POINT('',#10483);
#9006=LINE('',#10484,#10485);
#9007=VERTEX_POINT('',#10487);
#9008=LINE('',#10488,#10489);
#9009=VERTEX_POINT('',#10491);
#9010=LINE('',#10492,#10493);
#9011=VERTEX_POINT('',#10495);
#9012=LINE('',#10496,#10497);
#9013=VERTEX_POINT('',#10499);
#9014=LINE('',#10500,#10501);
#9015=VERTEX_POINT('',#10503);
#9016=LINE('',#10504,#10505);
#9017=VERTEX_POINT('',#10507);
#9018=LINE('',#10508,#10509);
#9019=VERTEX_POINT('',#10511);
#9020=LINE('',#10512,#10513);
#9021=VERTEX_POINT('',#10515);
#9022=LINE('',#10516,#10517);
#9023=VERTEX_POINT('',#10519);
#9024=LINE('',#10520,#10521);
#9025=CIRCLE('',#10523,0.25);
#9026=VERTEX_POINT('',#10527);
#9027=VERTEX_POINT('',#10528);
#9028=LINE('',#10529,#10530);
#9029=VERTEX_POINT('',#10532);
#9030=CIRCLE('',#10533,0.25);
#9031=VERTEX_POINT('',#10537);
#9032=LINE('',#10538,#10539);
#9033=VERTEX_POINT('',#10541);
#9034=LINE('',#10542,#10543);
#9035=VERTEX_POINT('',#10545);
#9036=LINE('',#10546,#10547);
#9037=VERTEX_POINT('',#10549);
#9038=LINE('',#10550,#10551);
#9039=VERTEX_POINT('',#10553);
#9040=LINE('',#10554,#10555);
#9041=VERTEX_POINT('',#10557);
#9042=LINE('',#10558,#10559);
#9043=VERTEX_POINT('',#10561);
#9044=LINE('',#10562,#10563);
#9045=VERTEX_POINT('',#10565);
#9046=LINE('',#10566,#10567);
#9047=LINE('',#10569,#10570);
#9048=VERTEX_POINT('',#10572);
#9049=VERTEX_POINT('',#10573);
#9050=LINE('',#10574,#10575);
#9051=VERTEX_POINT('',#10577);
#9052=LINE('',#10578,#10579);
#9053=VERTEX_POINT('',#10581);
#9054=LINE('',#10582,#10583);
#9055=VERTEX_POINT('',#10585);
#9056=LINE('',#10586,#10587);
#9057=VERTEX_POINT('',#10589);
#9058=LINE('',#10590,#10591);
#9059=VERTEX_POINT('',#10593);
#9060=LINE('',#10594,#10595);
#9061=VERTEX_POINT('',#10597);
#9062=LINE('',#10598,#10599);
#9063=VERTEX_POINT('',#10601);
#9064=LINE('',#10602,#10603);
#9065=VERTEX_POINT('',#10605);
#9066=LINE('',#10606,#10607);
#9067=VERTEX_POINT('',#10609);
#9068=LINE('',#10610,#10611);
#9069=CIRCLE('',#10613,0.25);
#9070=VERTEX_POINT('',#10617);
#9071=VERTEX_POINT('',#10618);
#9072=LINE('',#10619,#10620);
#9073=VERTEX_POINT('',#10622);
#9074=CIRCLE('',#10623,0.25);
#9075=VERTEX_POINT('',#10627);
#9076=LINE('',#10628,#10629);
#9077=VERTEX_POINT('',#10631);
#9078=LINE('',#10632,#10633);
#9079=VERTEX_POINT('',#10635);
#9080=LINE('',#10636,#10637);
#9081=VERTEX_POINT('',#10639);
#9082=LINE('',#10640,#10641);
#9083=VERTEX_POINT('',#10643);
#9084=LINE('',#10644,#10645);
#9085=VERTEX_POINT('',#10647);
#9086=LINE('',#10648,#10649);
#9087=VERTEX_POINT('',#10651);
#9088=LINE('',#10652,#10653);
#9089=VERTEX_POINT('',#10655);
#9090=LINE('',#10656,#10657);
#9091=LINE('',#10659,#10660);
#9092=VERTEX_POINT('',#10662);
#9093=VERTEX_POINT('',#10663);
#9094=LINE('',#10664,#10665);
#9095=VERTEX_POINT('',#10667);
#9096=LINE('',#10668,#10669);
#9097=VERTEX_POINT('',#10671);
#9098=LINE('',#10672,#10673);
#9099=VERTEX_POINT('',#10675);
#9100=LINE('',#10676,#10677);
#9101=VERTEX_POINT('',#10679);
#9102=LINE('',#10680,#10681);
#9103=VERTEX_POINT('',#10683);
#9104=LINE('',#10684,#10685);
#9105=VERTEX_POINT('',#10687);
#9106=LINE('',#10688,#10689);
#9107=VERTEX_POINT('',#10691);
#9108=LINE('',#10692,#10693);
#9109=VERTEX_POINT('',#10695);
#9110=LINE('',#10696,#10697);
#9111=VERTEX_POINT('',#10699);
#9112=LINE('',#10700,#10701);
#9113=CIRCLE('',#10703,0.25);
#9114=VERTEX_POINT('',#10707);
#9115=VERTEX_POINT('',#10708);
#9116=LINE('',#10709,#10710);
#9117=VERTEX_POINT('',#10712);
#9118=CIRCLE('',#10713,0.25);
#9119=VERTEX_POINT('',#10717);
#9120=LINE('',#10718,#10719);
#9121=VERTEX_POINT('',#10721);
#9122=LINE('',#10722,#10723);
#9123=VERTEX_POINT('',#10725);
#9124=LINE('',#10726,#10727);
#9125=VERTEX_POINT('',#10729);
#9126=LINE('',#10730,#10731);
#9127=VERTEX_POINT('',#10733);
#9128=LINE('',#10734,#10735);
#9129=VERTEX_POINT('',#10737);
#9130=LINE('',#10738,#10739);
#9131=VERTEX_POINT('',#10741);
#9132=LINE('',#10742,#10743);
#9133=VERTEX_POINT('',#10745);
#9134=LINE('',#10746,#10747);
#9135=LINE('',#10749,#10750);
#9136=VERTEX_POINT('',#10752);
#9137=VERTEX_POINT('',#10753);
#9138=LINE('',#10754,#10755);
#9139=VERTEX_POINT('',#10757);
#9140=LINE('',#10758,#10759);
#9141=VERTEX_POINT('',#10761);
#9142=LINE('',#10762,#10763);
#9143=VERTEX_POINT('',#10765);
#9144=LINE('',#10766,#10767);
#9145=VERTEX_POINT('',#10769);
#9146=LINE('',#10770,#10771);
#9147=VERTEX_POINT('',#10773);
#9148=LINE('',#10774,#10775);
#9149=VERTEX_POINT('',#10777);
#9150=LINE('',#10778,#10779);
#9151=VERTEX_POINT('',#10781);
#9152=LINE('',#10782,#10783);
#9153=VERTEX_POINT('',#10785);
#9154=LINE('',#10786,#10787);
#9155=VERTEX_POINT('',#10789);
#9156=LINE('',#10790,#10791);
#9157=CIRCLE('',#10793,0.25);
#9158=VERTEX_POINT('',#10797);
#9159=VERTEX_POINT('',#10798);
#9160=LINE('',#10799,#10800);
#9161=VERTEX_POINT('',#10802);
#9162=CIRCLE('',#10803,0.25);
#9163=VERTEX_POINT('',#10807);
#9164=LINE('',#10808,#10809);
#9165=VERTEX_POINT('',#10811);
#9166=LINE('',#10812,#10813);
#9167=VERTEX_POINT('',#10815);
#9168=LINE('',#10816,#10817);
#9169=VERTEX_POINT('',#10819);
#9170=LINE('',#10820,#10821);
#9171=VERTEX_POINT('',#10823);
#9172=LINE('',#10824,#10825);
#9173=VERTEX_POINT('',#10827);
#9174=LINE('',#10828,#10829);
#9175=VERTEX_POINT('',#10831);
#9176=LINE('',#10832,#10833);
#9177=VERTEX_POINT('',#10835);
#9178=LINE('',#10836,#10837);
#9179=LINE('',#10839,#10840);
#9180=LINE('',#10842,#10843);
#9181=LINE('',#10845,#10846);
#9182=LINE('',#10848,#10849);
#9183=LINE('',#10851,#10852);
#9184=LINE('',#10854,#10855);
#9185=LINE('',#10857,#10858);
#9186=LINE('',#10860,#10861);
#9187=LINE('',#10863,#10864);
#9188=LINE('',#10866,#10867);
#9189=LINE('',#10869,#10870);
#9190=LINE('',#10872,#10873);
#9191=LINE('',#10875,#10876);
#9192=LINE('',#10878,#10879);
#9193=LINE('',#10881,#10882);
#9194=LINE('',#10884,#10885);
#9195=LINE('',#10887,#10888);
#9196=CIRCLE('',#10890,2.7);
#9197=VERTEX_POINT('',#10894);
#9198=LINE('',#10895,#10896);
#9199=VERTEX_POINT('',#10898);
#9200=LINE('',#10899,#10900);
#9201=VERTEX_POINT('',#10902);
#9202=CIRCLE('',#10903,2.7);
#9203=VERTEX_POINT('',#10907);
#9204=LINE('',#10908,#10909);
#9205=VERTEX_POINT('',#10911);
#9206=LINE('',#10912,#10913);
#9207=VERTEX_POINT('',#10915);
#9208=LINE('',#10916,#10917);
#9209=VERTEX_POINT('',#10919);
#9210=CIRCLE('',#10920,2.7);
#9211=VERTEX_POINT('',#10924);
#9212=LINE('',#10925,#10926);
#9213=VERTEX_POINT('',#10928);
#9214=LINE('',#10929,#10930);
#9215=VERTEX_POINT('',#10932);
#9216=LINE('',#10933,#10934);
#9217=VERTEX_POINT('',#10936);
#9218=LINE('',#10937,#10938);
#9219=VERTEX_POINT('',#10940);
#9220=LINE('',#10941,#10942);
#9221=VERTEX_POINT('',#10944);
#9222=LINE('',#10945,#10946);
#9223=VERTEX_POINT('',#10948);
#9224=LINE('',#10949,#10950);
#9225=VERTEX_POINT('',#10952);
#9226=LINE('',#10953,#10954);
#9227=VERTEX_POINT('',#10956);
#9228=LINE('',#10957,#10958);
#9229=VERTEX_POINT('',#10960);
#9230=CIRCLE('',#10961,0.5);
#9231=VERTEX_POINT('',#10965);
#9232=LINE('',#10966,#10967);
#9233=VERTEX_POINT('',#10969);
#9234=LINE('',#10970,#10971);
#9235=VERTEX_POINT('',#10973);
#9236=LINE('',#10974,#10975);
#9237=VERTEX_POINT('',#10977);
#9238=CIRCLE('',#10978,0.5);
#9239=VERTEX_POINT('',#10982);
#9240=LINE('',#10983,#10984);
#9241=VERTEX_POINT('',#10986);
#9242=LINE('',#10987,#10988);
#9243=VERTEX_POINT('',#10990);
#9244=LINE('',#10991,#10992);
#9245=VERTEX_POINT('',#10994);
#9246=LINE('',#10995,#10996);
#9247=VERTEX_POINT('',#10998);
#9248=LINE('',#10999,#11000);
#9249=VERTEX_POINT('',#11002);
#9250=LINE('',#11003,#11004);
#9251=VERTEX_POINT('',#11006);
#9252=LINE('',#11007,#11008);
#9253=VERTEX_POINT('',#11010);
#9254=CIRCLE('',#11011,2.7);
#9255=VERTEX_POINT('',#11015);
#9256=LINE('',#11016,#11017);
#9257=LINE('',#11019,#11020);
#9258=CIRCLE('',#11022,2.7);
#9259=LINE('',#11026,#11027);
#9260=CIRCLE('',#11029,2.7);
#9261=LINE('',#11033,#11034);
#9262=CIRCLE('',#11036,2.7);
#9263=LINE('',#11040,#11041);
#9264=VERTEX_POINT('',#11043);
#9265=CIRCLE('',#11044,2.);
#9266=VERTEX_POINT('',#11048);
#9267=CIRCLE('',#11049,2.);
#9268=VERTEX_POINT('',#11053);
#9269=CIRCLE('',#11054,2.);
#9270=VERTEX_POINT('',#11058);
#9271=CIRCLE('',#11059,2.);
#9272=VERTEX_POINT('',#11063);
#9273=CIRCLE('',#11064,2.);
#9274=VERTEX_POINT('',#11068);
#9275=CIRCLE('',#11069,2.);
#9276=VERTEX_POINT('',#11073);
#9277=CIRCLE('',#11074,2.);
#9278=VERTEX_POINT('',#11078);
#9279=CIRCLE('',#11079,0.5);
#9280=VERTEX_POINT('',#11083);
#9281=CIRCLE('',#11084,0.5);
#9282=VERTEX_POINT('',#11088);
#9283=CIRCLE('',#11089,0.5);
#9284=VERTEX_POINT('',#11093);
#9285=CIRCLE('',#11094,0.5);
#9286=VERTEX_POINT('',#11098);
#9287=CIRCLE('',#11099,0.5);
#9288=VERTEX_POINT('',#11103);
#9289=CIRCLE('',#11104,0.5);
#9290=CIRCLE('',#11108,2.7);
#9291=VERTEX_POINT('',#11112);
#9292=LINE('',#11113,#11114);
#9293=VERTEX_POINT('',#11116);
#9294=LINE('',#11117,#11118);
#9295=VERTEX_POINT('',#11120);
#9296=CIRCLE('',#11121,0.95);
#9297=VERTEX_POINT('',#11125);
#9298=LINE('',#11126,#11127);
#9299=LINE('',#11129,#11130);
#9300=VERTEX_POINT('',#11132);
#9301=LINE('',#11133,#11134);
#9302=VERTEX_POINT('',#11136);
#9303=LINE('',#11137,#11138);
#9304=VERTEX_POINT('',#11140);
#9305=LINE('',#11141,#11142);
#9306=VERTEX_POINT('',#11144);
#9307=LINE('',#11145,#11146);
#9308=VERTEX_POINT('',#11148);
#9309=LINE('',#11149,#11150);
#9310=VERTEX_POINT('',#11152);
#9311=LINE('',#11153,#11154);
#9312=VERTEX_POINT('',#11156);
#9313=LINE('',#11157,#11158);
#9314=VERTEX_POINT('',#11160);
#9315=LINE('',#11161,#11162);
#9316=LINE('',#11164,#11165);
#9317=LINE('',#11167,#11168);
#9318=VERTEX_POINT('',#11170);
#9319=LINE('',#11171,#11172);
#9320=VERTEX_POINT('',#11174);
#9321=LINE('',#11175,#11176);
#9322=VERTEX_POINT('',#11178);
#9323=LINE('',#11179,#11180);
#9324=VERTEX_POINT('',#11182);
#9325=LINE('',#11183,#11184);
#9326=VERTEX_POINT('',#11186);
#9327=LINE('',#11187,#11188);
#9328=VERTEX_POINT('',#11190);
#9329=LINE('',#11191,#11192);
#9330=VERTEX_POINT('',#11194);
#9331=LINE('',#11195,#11196);
#9332=VERTEX_POINT('',#11198);
#9333=LINE('',#11199,#11200);
#9334=LINE('',#11202,#11203);
#9335=LINE('',#11205,#11206);
#9336=VERTEX_POINT('',#11208);
#9337=LINE('',#11209,#11210);
#9338=VERTEX_POINT('',#11212);
#9339=LINE('',#11213,#11214);
#9340=VERTEX_POINT('',#11216);
#9341=LINE('',#11217,#11218);
#9342=VERTEX_POINT('',#11220);
#9343=LINE('',#11221,#11222);
#9344=VERTEX_POINT('',#11224);
#9345=LINE('',#11225,#11226);
#9346=VERTEX_POINT('',#11228);
#9347=LINE('',#11229,#11230);
#9348=VERTEX_POINT('',#11232);
#9349=LINE('',#11233,#11234);
#9350=VERTEX_POINT('',#11236);
#9351=LINE('',#11237,#11238);
#9352=LINE('',#11240,#11241);
#9353=LINE('',#11243,#11244);
#9354=VERTEX_POINT('',#11246);
#9355=LINE('',#11247,#11248);
#9356=VERTEX_POINT('',#11250);
#9357=LINE('',#11251,#11252);
#9358=VERTEX_POINT('',#11254);
#9359=LINE('',#11255,#11256);
#9360=VERTEX_POINT('',#11258);
#9361=LINE('',#11259,#11260);
#9362=VERTEX_POINT('',#11262);
#9363=LINE('',#11263,#11264);
#9364=VERTEX_POINT('',#11266);
#9365=LINE('',#11267,#11268);
#9366=LINE('',#11270,#11271);
#9367=VERTEX_POINT('',#11273);
#9368=LINE('',#11274,#11275);
#9369=VERTEX_POINT('',#11277);
#9370=LINE('',#11278,#11279);
#9371=VERTEX_POINT('',#11281);
#9372=LINE('',#11282,#11283);
#9373=VERTEX_POINT('',#11285);
#9374=LINE('',#11286,#11287);
#9375=VERTEX_POINT('',#11289);
#9376=LINE('',#11290,#11291);
#9377=VERTEX_POINT('',#11293);
#9378=LINE('',#11294,#11295);
#9379=VERTEX_POINT('',#11297);
#9380=LINE('',#11298,#11299);
#9381=VERTEX_POINT('',#11301);
#9382=LINE('',#11302,#11303);
#9383=VERTEX_POINT('',#11305);
#9384=LINE('',#11306,#11307);
#9385=VERTEX_POINT('',#11309);
#9386=LINE('',#11310,#11311);
#9387=VERTEX_POINT('',#11313);
#9388=LINE('',#11314,#11315);
#9389=VERTEX_POINT('',#11317);
#9390=LINE('',#11318,#11319);
#9391=VERTEX_POINT('',#11321);
#9392=LINE('',#11322,#11323);
#9393=VERTEX_POINT('',#11325);
#9394=LINE('',#11326,#11327);
#9395=VERTEX_POINT('',#11329);
#9396=LINE('',#11330,#11331);
#9397=VERTEX_POINT('',#11333);
#9398=LINE('',#11334,#11335);
#9399=VERTEX_POINT('',#11337);
#9400=LINE('',#11338,#11339);
#9401=VERTEX_POINT('',#11341);
#9402=LINE('',#11342,#11343);
#9403=VERTEX_POINT('',#11345);
#9404=LINE('',#11346,#11347);
#9405=VERTEX_POINT('',#11349);
#9406=LINE('',#11350,#11351);
#9407=VERTEX_POINT('',#11353);
#9408=LINE('',#11354,#11355);
#9409=VERTEX_POINT('',#11357);
#9410=LINE('',#11358,#11359);
#9411=VERTEX_POINT('',#11361);
#9412=LINE('',#11362,#11363);
#9413=VERTEX_POINT('',#11365);
#9414=LINE('',#11366,#11367);
#9415=VERTEX_POINT('',#11369);
#9416=LINE('',#11370,#11371);
#9417=VERTEX_POINT('',#11373);
#9418=LINE('',#11374,#11375);
#9419=VERTEX_POINT('',#11377);
#9420=LINE('',#11378,#11379);
#9421=VERTEX_POINT('',#11381);
#9422=LINE('',#11382,#11383);
#9423=VERTEX_POINT('',#11385);
#9424=LINE('',#11386,#11387);
#9425=VERTEX_POINT('',#11389);
#9426=LINE('',#11390,#11391);
#9427=VERTEX_POINT('',#11393);
#9428=LINE('',#11394,#11395);
#9429=VERTEX_POINT('',#11397);
#9430=LINE('',#11398,#11399);
#9431=VERTEX_POINT('',#11401);
#9432=LINE('',#11402,#11403);
#9433=VERTEX_POINT('',#11405);
#9434=LINE('',#11406,#11407);
#9435=VERTEX_POINT('',#11409);
#9436=LINE('',#11410,#11411);
#9437=VERTEX_POINT('',#11413);
#9438=LINE('',#11414,#11415);
#9439=VERTEX_POINT('',#11417);
#9440=LINE('',#11418,#11419);
#9441=VERTEX_POINT('',#11421);
#9442=LINE('',#11422,#11423);
#9443=VERTEX_POINT('',#11425);
#9444=LINE('',#11426,#11427);
#9445=VERTEX_POINT('',#11429);
#9446=LINE('',#11430,#11431);
#9447=LINE('',#11433,#11434);
#9448=LINE('',#11436,#11437);
#9449=LINE('',#11439,#11440);
#9450=VERTEX_POINT('',#11442);
#9451=CIRCLE('',#11443,0.25);
#9452=LINE('',#11447,#11448);
#9453=VERTEX_POINT('',#11450);
#9454=LINE('',#11451,#11452);
#9455=LINE('',#11454,#11455);
#9456=LINE('',#11457,#11458);
#9457=CIRCLE('',#11460,2.7);
#9458=VERTEX_POINT('',#11464);
#9459=LINE('',#11465,#11466);
#9460=VERTEX_POINT('',#11468);
#9461=CIRCLE('',#11469,0.95);
#9462=LINE('',#11473,#11474);
#9463=LINE('',#11476,#11477);
#9464=LINE('',#11479,#11480);
#9465=CIRCLE('',#11482,2.7);
#9466=VERTEX_POINT('',#11486);
#9467=LINE('',#11487,#11488);
#9468=VERTEX_POINT('',#11490);
#9469=CIRCLE('',#11491,0.95);
#9470=LINE('',#11495,#11496);
#9471=LINE('',#11498,#11499);
#9472=LINE('',#11501,#11502);
#9473=CIRCLE('',#11504,2.7);
#9474=VERTEX_POINT('',#11508);
#9475=LINE('',#11509,#11510);
#9476=VERTEX_POINT('',#11512);
#9477=CIRCLE('',#11513,0.95);
#9478=LINE('',#11517,#11518);
#9479=VERTEX_POINT('',#11520);
#9480=LINE('',#11521,#11522);
#9481=LINE('',#11524,#11525);
#9482=VERTEX_POINT('',#11527);
#9483=LINE('',#11528,#11529);
#9484=LINE('',#11531,#11532);
#9485=CIRCLE('',#11534,0.25);
#9486=VERTEX_POINT('',#11538);
#9487=LINE('',#11539,#11540);
#9488=VERTEX_POINT('',#11542);
#9489=LINE('',#11543,#11544);
#9490=VERTEX_POINT('',#11546);
#9491=LINE('',#11547,#11548);
#9492=VERTEX_POINT('',#11550);
#9493=LINE('',#11551,#11552);
#9494=VERTEX_POINT('',#11554);
#9495=LINE('',#11555,#11556);
#9496=LINE('',#11558,#11559);
#9497=VERTEX_POINT('',#11561);
#9498=CIRCLE('',#11562,2.7);
#9499=LINE('',#11566,#11567);
#9500=VERTEX_POINT('',#11569);
#9501=VERTEX_POINT('',#11570);
#9502=LINE('',#11571,#11572);
#9503=CIRCLE('',#11574,0.25);
#9504=VERTEX_POINT('',#11578);
#9505=LINE('',#11579,#11580);
#9506=VERTEX_POINT('',#11582);
#9507=LINE('',#11583,#11584);
#9508=VERTEX_POINT('',#11586);
#9509=LINE('',#11587,#11588);
#9510=VERTEX_POINT('',#11590);
#9511=LINE('',#11591,#11592);
#9512=LINE('',#11594,#11595);
#9513=LINE('',#11597,#11598);
#9514=VERTEX_POINT('',#11600);
#9515=LINE('',#11601,#11602);
#9516=CIRCLE('',#11604,0.25);
#9517=VERTEX_POINT('',#11608);
#9518=LINE('',#11609,#11610);
#9519=VERTEX_POINT('',#11612);
#9520=LINE('',#11613,#11614);
#9521=VERTEX_POINT('',#11616);
#9522=LINE('',#11617,#11618);
#9523=VERTEX_POINT('',#11620);
#9524=LINE('',#11621,#11622);
#9525=VERTEX_POINT('',#11624);
#9526=LINE('',#11625,#11626);
#9527=VERTEX_POINT('',#11628);
#9528=LINE('',#11629,#11630);
#9529=LINE('',#11632,#11633);
#9530=LINE('',#11635,#11636);
#9531=VERTEX_POINT('',#11638);
#9532=CIRCLE('',#11639,2.7);
#9533=LINE('',#11643,#11644);
#9534=VERTEX_POINT('',#11646);
#9535=LINE('',#11647,#11648);
#9536=VERTEX_POINT('',#11650);
#9537=LINE('',#11651,#11652);
#9538=LINE('',#11654,#11655);
#9539=VERTEX_POINT('',#11657);
#9540=LINE('',#11658,#11659);
#9541=LINE('',#11661,#11662);
#9542=VERTEX_POINT('',#11664);
#9543=LINE('',#11665,#11666);
#9544=LINE('',#11668,#11669);
#9545=VERTEX_POINT('',#11671);
#9546=LINE('',#11672,#11673);
#9547=VERTEX_POINT('',#11675);
#9548=LINE('',#11676,#11677);
#9549=CIRCLE('',#11679,0.25);
#9550=VERTEX_POINT('',#11683);
#9551=LINE('',#11684,#11685);
#9552=CIRCLE('',#11687,0.25);
#9553=VERTEX_POINT('',#11691);
#9554=LINE('',#11692,#11693);
#9555=VERTEX_POINT('',#11695);
#9556=LINE('',#11696,#11697);
#9557=LINE('',#11699,#11700);
#9558=VERTEX_POINT('',#11702);
#9559=CIRCLE('',#11703,0.25);
#9560=VERTEX_POINT('',#11707);
#9561=LINE('',#11708,#11709);
#9562=VERTEX_POINT('',#11711);
#9563=LINE('',#11712,#11713);
#9564=CIRCLE('',#11715,0.25);
#9565=VERTEX_POINT('',#11719);
#9566=LINE('',#11720,#11721);
#9567=VERTEX_POINT('',#11723);
#9568=LINE('',#11724,#11725);
#9569=LINE('',#11727,#11728);
#9570=VERTEX_POINT('',#11730);
#9571=LINE('',#11731,#11732);
#9572=LINE('',#11734,#11735);
#9573=VERTEX_POINT('',#11737);
#9574=LINE('',#11738,#11739);
#9575=LINE('',#11741,#11742);
#9576=VERTEX_POINT('',#11744);
#9577=LINE('',#11745,#11746);
#9578=LINE('',#11748,#11749);
#9579=LINE('',#11751,#11752);
#9580=CIRCLE('',#11754,0.5);
#9581=VERTEX_POINT('',#11758);
#9582=CIRCLE('',#11759,0.25);
#9583=LINE('',#11763,#11764);
#9584=VERTEX_POINT('',#11766);
#9585=LINE('',#11767,#11768);
#9586=VERTEX_POINT('',#11770);
#9587=LINE('',#11771,#11772);
#9588=LINE('',#11774,#11775);
#9589=VERTEX_POINT('',#11777);
#9590=LINE('',#11778,#11779);
#9591=VERTEX_POINT('',#11781);
#9592=LINE('',#11782,#11783);
#9593=CIRCLE('',#11785,0.25);
#9594=VERTEX_POINT('',#11789);
#9595=LINE('',#11790,#11791);
#9596=VERTEX_POINT('',#11793);
#9597=LINE('',#11794,#11795);
#9598=CIRCLE('',#11797,0.25);
#9599=VERTEX_POINT('',#11801);
#9600=LINE('',#11802,#11803);
#9601=VERTEX_POINT('',#11805);
#9602=LINE('',#11806,#11807);
#9603=LINE('',#11809,#11810);
#9604=CIRCLE('',#11812,0.5);
#9605=VERTEX_POINT('',#11816);
#9606=LINE('',#11817,#11818);
#9607=LINE('',#11820,#11821);
#9608=VERTEX_POINT('',#11823);
#9609=LINE('',#11824,#11825);
#9610=LINE('',#11827,#11828);
#9611=LINE('',#11830,#11831);
#9612=VERTEX_POINT('',#11833);
#9613=CIRCLE('',#11834,0.25);
#9614=LINE('',#11838,#11839);
#9615=VERTEX_POINT('',#11841);
#9616=LINE('',#11842,#11843);
#9617=VERTEX_POINT('',#11845);
#9618=LINE('',#11846,#11847);
#9619=VERTEX_POINT('',#11849);
#9620=LINE('',#11850,#11851);
#9621=VERTEX_POINT('',#11853);
#9622=LINE('',#11854,#11855);
#9623=VERTEX_POINT('',#11857);
#9624=LINE('',#11858,#11859);
#9625=VERTEX_POINT('',#11861);
#9626=LINE('',#11862,#11863);
#9627=LINE('',#11865,#11866);
#9628=LINE('',#11868,#11869);
#9629=VERTEX_POINT('',#11871);
#9630=CIRCLE('',#11872,2.7);
#9631=LINE('',#11876,#11877);
#9632=VERTEX_POINT('',#11879);
#9633=LINE('',#11880,#11881);
#9634=VERTEX_POINT('',#11883);
#9635=LINE('',#11884,#11885);
#9636=VERTEX_POINT('',#11887);
#9637=LINE('',#11888,#11889);
#9638=VERTEX_POINT('',#11891);
#9639=LINE('',#11892,#11893);
#9640=LINE('',#11895,#11896);
#9641=VERTEX_POINT('',#11898);
#9642=CIRCLE('',#11899,2.);
#9643=VERTEX_POINT('',#11903);
#9644=CIRCLE('',#11904,2.);
#9645=VERTEX_POINT('',#11908);
#9646=CIRCLE('',#11909,2.);
#9647=VERTEX_POINT('',#11913);
#9648=CIRCLE('',#11914,2.);
#9649=VERTEX_POINT('',#11918);
#9650=CIRCLE('',#11919,2.);
#9651=VERTEX_POINT('',#11923);
#9652=CIRCLE('',#11924,2.);
#9653=VERTEX_POINT('',#11928);
#9654=CIRCLE('',#11929,2.);
#9655=VERTEX_POINT('',#11933);
#9656=CIRCLE('',#11934,0.5);
#9657=VERTEX_POINT('',#11938);
#9658=CIRCLE('',#11939,0.5);
#9659=VERTEX_POINT('',#11943);
#9660=CIRCLE('',#11944,0.5);
#9661=VERTEX_POINT('',#11948);
#9662=CIRCLE('',#11949,0.5);
#9663=VERTEX_POINT('',#11953);
#9664=CIRCLE('',#11954,0.5);
#9665=VERTEX_POINT('',#11958);
#9666=CIRCLE('',#11959,0.5);
#9667=VERTEX_POINT('',#11963);
#9668=LINE('',#11964,#11965);
#9669=LINE('',#11967,#11968);
#9670=VERTEX_POINT('',#11970);
#9671=CIRCLE('',#11971,0.95);
#9672=LINE('',#11975,#11976);
#9673=LINE('',#11978,#11979);
#9674=VERTEX_POINT('',#11981);
#9675=LINE('',#11982,#11983);
#9676=LINE('',#11985,#11986);
#9677=VERTEX_POINT('',#11988);
#9678=CIRCLE('',#11989,0.95);
#9679=LINE('',#11993,#11994);
#9680=VERTEX_POINT('',#11996);
#9681=LINE('',#11997,#11998);
#9682=VERTEX_POINT('',#12000);
#9683=LINE('',#12001,#12002);
#9684=VERTEX_POINT('',#12004);
#9685=LINE('',#12005,#12006);
#9686=VERTEX_POINT('',#12008);
#9687=LINE('',#12009,#12010);
#9688=VERTEX_POINT('',#12012);
#9689=LINE('',#12013,#12014);
#9690=VERTEX_POINT('',#12016);
#9691=LINE('',#12017,#12018);
#9692=VERTEX_POINT('',#12020);
#9693=LINE('',#12021,#12022);
#9694=VERTEX_POINT('',#12024);
#9695=LINE('',#12025,#12026);
#9696=LINE('',#12028,#12029);
#9697=VERTEX_POINT('',#12031);
#9698=LINE('',#12032,#12033);
#9699=LINE('',#12035,#12036);
#9700=VERTEX_POINT('',#12038);
#9701=LINE('',#12039,#12040);
#9702=VERTEX_POINT('',#12042);
#9703=LINE('',#12043,#12044);
#9704=VERTEX_POINT('',#12046);
#9705=LINE('',#12047,#12048);
#9706=VERTEX_POINT('',#12050);
#9707=LINE('',#12051,#12052);
#9708=VERTEX_POINT('',#12054);
#9709=LINE('',#12055,#12056);
#9710=VERTEX_POINT('',#12058);
#9711=LINE('',#12059,#12060);
#9712=VERTEX_POINT('',#12062);
#9713=LINE('',#12063,#12064);
#9714=LINE('',#12066,#12067);
#9715=VERTEX_POINT('',#12069);
#9716=CIRCLE('',#12070,1.5);
#9717=LINE('',#12074,#12075);
#9718=LINE('',#12077,#12078);
#9719=VERTEX_POINT('',#12080);
#9720=LINE('',#12081,#12082);
#9721=LINE('',#12084,#12085);
#9722=VERTEX_POINT('',#12087);
#9723=CIRCLE('',#12088,0.95);
#9724=LINE('',#12092,#12093);
#9725=VERTEX_POINT('',#12095);
#9726=LINE('',#12096,#12097);
#9727=VERTEX_POINT('',#12099);
#9728=LINE('',#12100,#12101);
#9729=VERTEX_POINT('',#12103);
#9730=LINE('',#12104,#12105);
#9731=VERTEX_POINT('',#12107);
#9732=LINE('',#12108,#12109);
#9733=VERTEX_POINT('',#12111);
#9734=LINE('',#12112,#12113);
#9735=VERTEX_POINT('',#12115);
#9736=LINE('',#12116,#12117);
#9737=VERTEX_POINT('',#12119);
#9738=LINE('',#12120,#12121);
#9739=VERTEX_POINT('',#12123);
#9740=LINE('',#12124,#12125);
#9741=LINE('',#12127,#12128);
#9742=VERTEX_POINT('',#12130);
#9743=LINE('',#12131,#12132);
#9744=LINE('',#12134,#12135);
#9745=VERTEX_POINT('',#12137);
#9746=LINE('',#12138,#12139);
#9747=VERTEX_POINT('',#12141);
#9748=LINE('',#12142,#12143);
#9749=VERTEX_POINT('',#12145);
#9750=LINE('',#12146,#12147);
#9751=VERTEX_POINT('',#12149);
#9752=LINE('',#12150,#12151);
#9753=VERTEX_POINT('',#12153);
#9754=LINE('',#12154,#12155);
#9755=VERTEX_POINT('',#12157);
#9756=LINE('',#12158,#12159);
#9757=VERTEX_POINT('',#12161);
#9758=LINE('',#12162,#12163);
#9759=LINE('',#12165,#12166);
#9760=VERTEX_POINT('',#12168);
#9761=CIRCLE('',#12169,1.5);
#9762=LINE('',#12173,#12174);
#9763=LINE('',#12176,#12177);
#9764=VERTEX_POINT('',#12179);
#9765=LINE('',#12180,#12181);
#9766=LINE('',#12183,#12184);
#9767=VERTEX_POINT('',#12186);
#9768=CIRCLE('',#12187,0.95);
#9769=LINE('',#12191,#12192);
#9770=VERTEX_POINT('',#12194);
#9771=LINE('',#12195,#12196);
#9772=VERTEX_POINT('',#12198);
#9773=LINE('',#12199,#12200);
#9774=VERTEX_POINT('',#12202);
#9775=LINE('',#12203,#12204);
#9776=VERTEX_POINT('',#12206);
#9777=LINE('',#12207,#12208);
#9778=VERTEX_POINT('',#12210);
#9779=LINE('',#12211,#12212);
#9780=VERTEX_POINT('',#12214);
#9781=LINE('',#12215,#12216);
#9782=VERTEX_POINT('',#12218);
#9783=LINE('',#12219,#12220);
#9784=VERTEX_POINT('',#12222);
#9785=LINE('',#12223,#12224);
#9786=LINE('',#12226,#12227);
#9787=VERTEX_POINT('',#12229);
#9788=LINE('',#12230,#12231);
#9789=LINE('',#12233,#12234);
#9790=VERTEX_POINT('',#12236);
#9791=LINE('',#12237,#12238);
#9792=VERTEX_POINT('',#12240);
#9793=LINE('',#12241,#12242);
#9794=VERTEX_POINT('',#12244);
#9795=LINE('',#12245,#12246);
#9796=VERTEX_POINT('',#12248);
#9797=LINE('',#12249,#12250);
#9798=VERTEX_POINT('',#12252);
#9799=LINE('',#12253,#12254);
#9800=VERTEX_POINT('',#12256);
#9801=LINE('',#12257,#12258);
#9802=VERTEX_POINT('',#12260);
#9803=LINE('',#12261,#12262);
#9804=LINE('',#12264,#12265);
#9805=VERTEX_POINT('',#12267);
#9806=CIRCLE('',#12268,1.5);
#9807=LINE('',#12272,#12273);
#9808=LINE('',#12275,#12276);
#9809=VERTEX_POINT('',#12278);
#9810=LINE('',#12279,#12280);
#9811=VERTEX_POINT('',#12282);
#9812=LINE('',#12283,#12284);
#9813=VERTEX_POINT('',#12286);
#9814=LINE('',#12287,#12288);
#9815=VERTEX_POINT('',#12290);
#9816=LINE('',#12291,#12292);
#9817=VERTEX_POINT('',#12294);
#9818=LINE('',#12295,#12296);
#9819=VERTEX_POINT('',#12298);
#9820=LINE('',#12299,#12300);
#9821=VERTEX_POINT('',#12302);
#9822=LINE('',#12303,#12304);
#9823=VERTEX_POINT('',#12306);
#9824=LINE('',#12307,#12308);
#9825=LINE('',#12310,#12311);
#9826=VERTEX_POINT('',#12313);
#9827=LINE('',#12314,#12315);
#9828=LINE('',#12317,#12318);
#9829=VERTEX_POINT('',#12320);
#9830=LINE('',#12321,#12322);
#9831=VERTEX_POINT('',#12324);
#9832=LINE('',#12325,#12326);
#9833=VERTEX_POINT('',#12328);
#9834=LINE('',#12329,#12330);
#9835=VERTEX_POINT('',#12332);
#9836=LINE('',#12333,#12334);
#9837=VERTEX_POINT('',#12336);
#9838=LINE('',#12337,#12338);
#9839=VERTEX_POINT('',#12340);
#9840=LINE('',#12341,#12342);
#9841=VERTEX_POINT('',#12344);
#9842=LINE('',#12345,#12346);
#9843=LINE('',#12348,#12349);
#9844=VERTEX_POINT('',#12351);
#9845=CIRCLE('',#12352,1.5);
#9846=LINE('',#12356,#12357);
#9847=VERTEX_POINT('',#12359);
#9848=LINE('',#12360,#12361);
#9849=LINE('',#12363,#12364);
#9850=VERTEX_POINT('',#12366);
#9851=LINE('',#12367,#12368);
#9852=CIRCLE('',#12370,0.95);
#9853=VERTEX_POINT('',#12374);
#9854=LINE('',#12375,#12376);
#9855=LINE('',#12378,#12379);
#9856=VERTEX_POINT('',#12381);
#9857=CIRCLE('',#12382,0.95);
#9858=LINE('',#12386,#12387);
#9859=VERTEX_POINT('',#12389);
#9860=LINE('',#12390,#12391);
#9861=VERTEX_POINT('',#12393);
#9862=LINE('',#12394,#12395);
#9863=VERTEX_POINT('',#12397);
#9864=LINE('',#12398,#12399);
#9865=VERTEX_POINT('',#12401);
#9866=LINE('',#12402,#12403);
#9867=VERTEX_POINT('',#12405);
#9868=LINE('',#12406,#12407);
#9869=VERTEX_POINT('',#12409);
#9870=LINE('',#12410,#12411);
#9871=VERTEX_POINT('',#12413);
#9872=LINE('',#12414,#12415);
#9873=VERTEX_POINT('',#12417);
#9874=LINE('',#12418,#12419);
#9875=LINE('',#12421,#12422);
#9876=VERTEX_POINT('',#12424);
#9877=LINE('',#12425,#12426);
#9878=LINE('',#12428,#12429);
#9879=VERTEX_POINT('',#12431);
#9880=LINE('',#12432,#12433);
#9881=VERTEX_POINT('',#12435);
#9882=LINE('',#12436,#12437);
#9883=VERTEX_POINT('',#12439);
#9884=LINE('',#12440,#12441);
#9885=VERTEX_POINT('',#12443);
#9886=LINE('',#12444,#12445);
#9887=VERTEX_POINT('',#12447);
#9888=LINE('',#12448,#12449);
#9889=VERTEX_POINT('',#12451);
#9890=LINE('',#12452,#12453);
#9891=VERTEX_POINT('',#12455);
#9892=LINE('',#12456,#12457);
#9893=LINE('',#12459,#12460);
#9894=VERTEX_POINT('',#12462);
#9895=CIRCLE('',#12463,1.5);
#9896=LINE('',#12467,#12468);
#9897=LINE('',#12470,#12471);
#9898=LINE('',#12473,#12474);
#9899=LINE('',#12476,#12477);
#9900=LINE('',#12479,#12480);
#9901=LINE('',#12482,#12483);
#9902=VERTEX_POINT('',#12485);
#9903=LINE('',#12486,#12487);
#9904=VERTEX_POINT('',#12489);
#9905=CIRCLE('',#12490,0.95);
#9906=LINE('',#12494,#12495);
#9907=VERTEX_POINT('',#12497);
#9908=LINE('',#12498,#12499);
#9909=LINE('',#12501,#12502);
#9910=VERTEX_POINT('',#12504);
#9911=CIRCLE('',#12505,0.95);
#9912=LINE('',#12509,#12510);
#9913=VERTEX_POINT('',#12512);
#9914=LINE('',#12513,#12514);
#9915=VERTEX_POINT('',#12516);
#9916=LINE('',#12517,#12518);
#9917=VERTEX_POINT('',#12520);
#9918=LINE('',#12521,#12522);
#9919=VERTEX_POINT('',#12524);
#9920=LINE('',#12525,#12526);
#9921=VERTEX_POINT('',#12528);
#9922=LINE('',#12529,#12530);
#9923=VERTEX_POINT('',#12532);
#9924=LINE('',#12533,#12534);
#9925=VERTEX_POINT('',#12536);
#9926=LINE('',#12537,#12538);
#9927=VERTEX_POINT('',#12540);
#9928=LINE('',#12541,#12542);
#9929=LINE('',#12544,#12545);
#9930=VERTEX_POINT('',#12547);
#9931=LINE('',#12548,#12549);
#9932=LINE('',#12551,#12552);
#9933=VERTEX_POINT('',#12554);
#9934=LINE('',#12555,#12556);
#9935=VERTEX_POINT('',#12558);
#9936=LINE('',#12559,#12560);
#9937=VERTEX_POINT('',#12562);
#9938=LINE('',#12563,#12564);
#9939=VERTEX_POINT('',#12566);
#9940=LINE('',#12567,#12568);
#9941=VERTEX_POINT('',#12570);
#9942=LINE('',#12571,#12572);
#9943=VERTEX_POINT('',#12574);
#9944=LINE('',#12575,#12576);
#9945=VERTEX_POINT('',#12578);
#9946=LINE('',#12579,#12580);
#9947=LINE('',#12582,#12583);
#9948=VERTEX_POINT('',#12585);
#9949=CIRCLE('',#12586,1.5);
#9950=LINE('',#12590,#12591);
#9951=LINE('',#12593,#12594);
#9952=LINE('',#12596,#12597);
#9953=VERTEX_POINT('',#12599);
#9954=LINE('',#12600,#12601);
#9955=LINE('',#12603,#12604);
#9956=VERTEX_POINT('',#12606);
#9957=LINE('',#12607,#12608);
#9958=CIRCLE('',#12610,0.95);
#9959=VERTEX_POINT('',#12614);
#9960=LINE('',#12615,#12616);
#9961=LINE('',#12618,#12619);
#9962=VERTEX_POINT('',#12621);
#9963=CIRCLE('',#12622,0.95);
#9964=LINE('',#12626,#12627);
#9965=VERTEX_POINT('',#12629);
#9966=LINE('',#12630,#12631);
#9967=VERTEX_POINT('',#12633);
#9968=LINE('',#12634,#12635);
#9969=VERTEX_POINT('',#12637);
#9970=LINE('',#12638,#12639);
#9971=VERTEX_POINT('',#12641);
#9972=LINE('',#12642,#12643);
#9973=VERTEX_POINT('',#12645);
#9974=LINE('',#12646,#12647);
#9975=VERTEX_POINT('',#12649);
#9976=LINE('',#12650,#12651);
#9977=VERTEX_POINT('',#12653);
#9978=LINE('',#12654,#12655);
#9979=VERTEX_POINT('',#12657);
#9980=LINE('',#12658,#12659);
#9981=LINE('',#12661,#12662);
#9982=VERTEX_POINT('',#12664);
#9983=LINE('',#12665,#12666);
#9984=LINE('',#12668,#12669);
#9985=VERTEX_POINT('',#12671);
#9986=LINE('',#12672,#12673);
#9987=VERTEX_POINT('',#12675);
#9988=LINE('',#12676,#12677);
#9989=VERTEX_POINT('',#12679);
#9990=LINE('',#12680,#12681);
#9991=VERTEX_POINT('',#12683);
#9992=LINE('',#12684,#12685);
#9993=VERTEX_POINT('',#12687);
#9994=LINE('',#12688,#12689);
#9995=VERTEX_POINT('',#12691);
#9996=LINE('',#12692,#12693);
#9997=VERTEX_POINT('',#12695);
#9998=LINE('',#12696,#12697);
#9999=LINE('',#12699,#12700);
#10000=VERTEX_POINT('',#12702);
#10001=CIRCLE('',#12703,1.5);
#10002=LINE('',#12707,#12708);
#10003=LINE('',#12710,#12711);
#10004=LINE('',#12713,#12714);
#10005=LINE('',#12716,#12717);
#10006=LINE('',#12719,#12720);
#10007=LINE('',#12722,#12723);
#10008=LINE('',#12725,#12726);
#10009=LINE('',#12728,#12729);
#10010=LINE('',#12731,#12732);
#10011=LINE('',#12734,#12735);
#10012=LINE('',#12737,#12738);
#10013=LINE('',#12740,#12741);
#10014=VERTEX_POINT('',#12743);
#10015=CIRCLE('',#12744,2.);
#10016=VERTEX_POINT('',#12748);
#10017=CIRCLE('',#12749,2.);
#10018=VERTEX_POINT('',#12753);
#10019=CIRCLE('',#12754,2.);
#10020=VERTEX_POINT('',#12758);
#10021=CIRCLE('',#12759,2.);
#10022=VERTEX_POINT('',#12763);
#10023=CIRCLE('',#12764,2.);
#10024=VERTEX_POINT('',#12768);
#10025=CIRCLE('',#12769,2.);
#10026=VERTEX_POINT('',#12773);
#10027=CIRCLE('',#12774,2.);
#10028=VERTEX_POINT('',#12778);
#10029=LINE('',#12779,#12780);
#10030=VERTEX_POINT('',#12782);
#10031=LINE('',#12783,#12784);
#10032=VERTEX_POINT('',#12786);
#10033=LINE('',#12787,#12788);
#10034=VERTEX_POINT('',#12790);
#10035=LINE('',#12791,#12792);
#10036=LINE('',#12794,#12795);
#10037=LINE('',#12797,#12798);
#10038=LINE('',#12800,#12801);
#10039=VERTEX_POINT('',#12803);
#10040=LINE('',#12804,#12805);
#10041=VERTEX_POINT('',#12807);
#10042=LINE('',#12808,#12809);
#10043=LINE('',#12811,#12812);
#10044=LINE('',#12814,#12815);
#10045=VERTEX_POINT('',#12817);
#10046=LINE('',#12818,#12819);
#10047=LINE('',#12821,#12822);
#10048=LINE('',#12824,#12825);
#10049=VERTEX_POINT('',#12827);
#10050=LINE('',#12828,#12829);
#10051=LINE('',#12831,#12832);
#10052=LINE('',#12834,#12835);
#10053=LINE('',#12837,#12838);
#10054=VERTEX_POINT('',#12840);
#10055=CIRCLE('',#12841,1.5);
#10056=VERTEX_POINT('',#12845);
#10057=LINE('',#12846,#12847);
#10058=VERTEX_POINT('',#12849);
#10059=LINE('',#12850,#12851);
#10060=VERTEX_POINT('',#12853);
#10061=LINE('',#12854,#12855);
#10062=VERTEX_POINT('',#12857);
#10063=LINE('',#12858,#12859);
#10064=LINE('',#12861,#12862);
#10065=LINE('',#12864,#12865);
#10066=LINE('',#12867,#12868);
#10067=VERTEX_POINT('',#12870);
#10068=LINE('',#12871,#12872);
#10069=VERTEX_POINT('',#12874);
#10070=LINE('',#12875,#12876);
#10071=LINE('',#12878,#12879);
#10072=LINE('',#12881,#12882);
#10073=VERTEX_POINT('',#12884);
#10074=LINE('',#12885,#12886);
#10075=LINE('',#12888,#12889);
#10076=LINE('',#12891,#12892);
#10077=VERTEX_POINT('',#12894);
#10078=LINE('',#12895,#12896);
#10079=LINE('',#12898,#12899);
#10080=LINE('',#12901,#12902);
#10081=LINE('',#12904,#12905);
#10082=VERTEX_POINT('',#12907);
#10083=CIRCLE('',#12908,1.5);
#10084=VERTEX_POINT('',#12912);
#10085=LINE('',#12913,#12914);
#10086=VERTEX_POINT('',#12916);
#10087=LINE('',#12917,#12918);
#10088=VERTEX_POINT('',#12920);
#10089=LINE('',#12921,#12922);
#10090=VERTEX_POINT('',#12924);
#10091=LINE('',#12925,#12926);
#10092=LINE('',#12928,#12929);
#10093=LINE('',#12931,#12932);
#10094=LINE('',#12934,#12935);
#10095=VERTEX_POINT('',#12937);
#10096=LINE('',#12938,#12939);
#10097=VERTEX_POINT('',#12941);
#10098=LINE('',#12942,#12943);
#10099=LINE('',#12945,#12946);
#10100=LINE('',#12948,#12949);
#10101=VERTEX_POINT('',#12951);
#10102=LINE('',#12952,#12953);
#10103=LINE('',#12955,#12956);
#10104=LINE('',#12958,#12959);
#10105=VERTEX_POINT('',#12961);
#10106=LINE('',#12962,#12963);
#10107=LINE('',#12965,#12966);
#10108=LINE('',#12968,#12969);
#10109=LINE('',#12971,#12972);
#10110=VERTEX_POINT('',#12974);
#10111=CIRCLE('',#12975,1.5);
#10112=VERTEX_POINT('',#12979);
#10113=LINE('',#12980,#12981);
#10114=VERTEX_POINT('',#12983);
#10115=LINE('',#12984,#12985);
#10116=VERTEX_POINT('',#12987);
#10117=LINE('',#12988,#12989);
#10118=VERTEX_POINT('',#12991);
#10119=LINE('',#12992,#12993);
#10120=LINE('',#12995,#12996);
#10121=LINE('',#12998,#12999);
#10122=LINE('',#13001,#13002);
#10123=VERTEX_POINT('',#13004);
#10124=LINE('',#13005,#13006);
#10125=VERTEX_POINT('',#13008);
#10126=LINE('',#13009,#13010);
#10127=LINE('',#13012,#13013);
#10128=LINE('',#13015,#13016);
#10129=VERTEX_POINT('',#13018);
#10130=LINE('',#13019,#13020);
#10131=LINE('',#13022,#13023);
#10132=LINE('',#13025,#13026);
#10133=VERTEX_POINT('',#13028);
#10134=LINE('',#13029,#13030);
#10135=LINE('',#13032,#13033);
#10136=LINE('',#13035,#13036);
#10137=LINE('',#13038,#13039);
#10138=VERTEX_POINT('',#13041);
#10139=CIRCLE('',#13042,1.5);
#10140=VERTEX_POINT('',#13046);
#10141=LINE('',#13047,#13048);
#10142=VERTEX_POINT('',#13050);
#10143=LINE('',#13051,#13052);
#10144=VERTEX_POINT('',#13054);
#10145=LINE('',#13055,#13056);
#10146=VERTEX_POINT('',#13058);
#10147=LINE('',#13059,#13060);
#10148=LINE('',#13062,#13063);
#10149=LINE('',#13065,#13066);
#10150=LINE('',#13068,#13069);
#10151=VERTEX_POINT('',#13071);
#10152=LINE('',#13072,#13073);
#10153=VERTEX_POINT('',#13075);
#10154=LINE('',#13076,#13077);
#10155=LINE('',#13079,#13080);
#10156=LINE('',#13082,#13083);
#10157=VERTEX_POINT('',#13085);
#10158=LINE('',#13086,#13087);
#10159=LINE('',#13089,#13090);
#10160=LINE('',#13092,#13093);
#10161=VERTEX_POINT('',#13095);
#10162=LINE('',#13096,#13097);
#10163=LINE('',#13099,#13100);
#10164=LINE('',#13102,#13103);
#10165=LINE('',#13105,#13106);
#10166=VERTEX_POINT('',#13108);
#10167=CIRCLE('',#13109,1.5);
#10168=VERTEX_POINT('',#13113);
#10169=LINE('',#13114,#13115);
#10170=VERTEX_POINT('',#13117);
#10171=LINE('',#13118,#13119);
#10172=VERTEX_POINT('',#13121);
#10173=LINE('',#13122,#13123);
#10174=VERTEX_POINT('',#13125);
#10175=LINE('',#13126,#13127);
#10176=LINE('',#13129,#13130);
#10177=LINE('',#13132,#13133);
#10178=LINE('',#13135,#13136);
#10179=VERTEX_POINT('',#13138);
#10180=LINE('',#13139,#13140);
#10181=VERTEX_POINT('',#13142);
#10182=LINE('',#13143,#13144);
#10183=LINE('',#13146,#13147);
#10184=LINE('',#13149,#13150);
#10185=VERTEX_POINT('',#13152);
#10186=LINE('',#13153,#13154);
#10187=LINE('',#13156,#13157);
#10188=LINE('',#13159,#13160);
#10189=VERTEX_POINT('',#13162);
#10190=LINE('',#13163,#13164);
#10191=LINE('',#13166,#13167);
#10192=LINE('',#13169,#13170);
#10193=LINE('',#13172,#13173);
#10194=VERTEX_POINT('',#13175);
#10195=CIRCLE('',#13176,1.5);
#10196=VERTEX_POINT('',#13180);
#10197=LINE('',#13181,#13182);
#10198=VERTEX_POINT('',#13184);
#10199=LINE('',#13185,#13186);
#10200=VERTEX_POINT('',#13188);
#10201=LINE('',#13189,#13190);
#10202=VERTEX_POINT('',#13192);
#10203=LINE('',#13193,#13194);
#10204=LINE('',#13196,#13197);
#10205=LINE('',#13199,#13200);
#10206=LINE('',#13202,#13203);
#10207=VERTEX_POINT('',#13205);
#10208=LINE('',#13206,#13207);
#10209=VERTEX_POINT('',#13209);
#10210=LINE('',#13210,#13211);
#10211=LINE('',#13213,#13214);
#10212=LINE('',#13216,#13217);
#10213=VERTEX_POINT('',#13219);
#10214=LINE('',#13220,#13221);
#10215=LINE('',#13223,#13224);
#10216=LINE('',#13226,#13227);
#10217=VERTEX_POINT('',#13229);
#10218=LINE('',#13230,#13231);
#10219=LINE('',#13233,#13234);
#10220=LINE('',#13236,#13237);
#10221=LINE('',#13239,#13240);
#10222=VERTEX_POINT('',#13242);
#10223=CIRCLE('',#13243,1.5);
#10224=VERTEX_POINT('',#13247);
#10225=VERTEX_POINT('',#13248);
#10226=CIRCLE('',#13249,1.25);
#10227=VERTEX_POINT('',#13253);
#10228=LINE('',#13254,#13255);
#10229=VERTEX_POINT('',#13257);
#10230=LINE('',#13258,#13259);
#10231=LINE('',#13261,#13262);
#10232=VERTEX_POINT('',#13264);
#10233=VERTEX_POINT('',#13265);
#10234=CIRCLE('',#13266,1.25);
#10235=VERTEX_POINT('',#13270);
#10236=LINE('',#13271,#13272);
#10237=VERTEX_POINT('',#13274);
#10238=LINE('',#13275,#13276);
#10239=LINE('',#13278,#13279);
#10240=B_SPLINE_CURVE_WITH_KNOTS('',3,
(#13281,#13282,#13283,#13284,#13285,#13286,#13287,#13288,#13289,#13290,#13291,#13292,
#13293,#13294,#13295,#13296,#13297,#13298,#13299,#13300,#13301,#13302,#13303,#13304,
#13305,#13306,#13307,#13308,#13309,#13310,#13311,#13312,#13313,#13314,#13315,#13316,
#13317,#13318,#13319,#13320,#13321,#13322,#13323,#13324,#13325,#13326,#13327,#13328,
#13329,#13330,#13331,#13332,#13333,#13334,#13335,#13336,#13337,#13338,#13339,#13340,
#13341,#13342,#13343,#13344,#13345,#13346,#13347,#13348,#13349,#13350,#13351),
.UNSPECIFIED.,.F.,.F.,
(4,1,1,1,1,1,1,1,1,1,1,1,1,1,1,1,1,1,1,1,1,1,1,1,1,1,1,1,1,1,1,1,1,1,1,1,1,1,1,1,
1,1,1,1,1,1,1,1,1,1,1,1,1,1,1,1,1,1,1,1,1,1,1,1,1,1,1,1,4),
(0.,0.0101746249083784,0.0204554610212127,0.0308247660479074,0.0412857251702805,
0.05179401637883,0.0624003161576576,0.0730597271793817,0.0837888494470776,0.0945314411460049,
0.105394804474607,0.116361021053303,0.127519081077651,0.1387592732801,0.150247640863849,
0.161898355959996,0.173789948329672,0.185762256450472,0.199336416017687,0.214434843827206,
0.239378224509976,0.272484620518303,0.30538226635588,0.329750792813945,0.344202155411108,
0.357121004734662,0.368426518171235,0.379667020713565,0.390597296063578,0.40131009229963,
0.411619458247837,0.421783107592579,0.432438407469809,0.443772096040847,0.460916273405917,
0.482693511226243,0.506967661967668,0.525389422401644,0.538442863901197,0.54928416596333,
0.561106867926695,0.578672744358392,0.595853775459925,0.61263701913213,0.629121110816172,
0.653538283467568,0.689175877354599,0.729314919023943,0.763055070443174,0.787121005257661,
0.801990251547321,0.815500629543868,0.827614797782535,0.839686320612069,0.851584550235259,
0.863349724246438,0.874885823513246,0.88632948791679,0.897511629542235,0.908530053593039,
0.919315347099857,0.930038628658576,0.940539567400794,0.950883996682643,0.960981121571544,
0.970977484402624,0.980773036472302,0.990454294272401,1.),
.UNSPECIFIED.);
#10241=VERTEX_POINT('',#13352);
#10242=CIRCLE('',#13353,0.675);
#10243=VERTEX_POINT('',#13357);
#10244=LINE('',#13358,#13359);
#10245=CIRCLE('',#13361,0.675);
#10246=VERTEX_POINT('',#13365);
#10247=B_SPLINE_CURVE_WITH_KNOTS('',3,
(#13366,#13367,#13368,#13369,#13370,#13371,#13372,#13373,#13374,#13375,#13376,#13377,
#13378,#13379,#13380,#13381,#13382,#13383,#13384,#13385,#13386,#13387,#13388,#13389,
#13390,#13391,#13392,#13393,#13394,#13395,#13396,#13397,#13398,#13399,#13400,#13401,
#13402,#13403,#13404,#13405,#13406,#13407,#13408,#13409,#13410,#13411,#13412),
.UNSPECIFIED.,.F.,.F.,
(4,1,1,1,1,1,1,1,1,1,1,1,1,1,1,1,1,1,1,1,1,1,1,1,1,1,1,1,1,1,1,1,1,1,1,1,1,1,1,1,
1,1,1,1,4),
(0.,0.0186016214853259,0.0373981819856992,0.0563445004897197,0.0755466430679856,
0.0948769534920467,0.11449551348671,0.134290949614984,0.15433303628399,0.174438172282118,
0.194884828267238,0.215600582931106,0.236785519314578,0.258160406898781,0.280066684824223,
0.302307550553417,0.325025002297221,0.347888059809069,0.373864831565698,0.402815259925941,
0.445590554170531,0.499435899604727,0.550627286481261,0.588302009851185,0.612089203726732,
0.635718446089447,0.658900048697197,0.681772147344269,0.704193599522935,0.726445916801997,
0.748103971024623,0.769318689376103,0.789802665442913,0.810007109327356,0.82945112637203,
0.848443601950691,0.866795777113764,0.884995272170495,0.902640627318751,0.919909754855153,
0.936559474363944,0.952954421023225,0.968912060642031,0.984605814963889,1.),
.UNSPECIFIED.);
#10248=B_SPLINE_CURVE_WITH_KNOTS('',3,
(#13413,#13414,#13415,#13416,#13417,#13418,#13419,#13420,#13421,#13422,#13423,#13424,
#13425,#13426,#13427,#13428,#13429,#13430,#13431,#13432,#13433,#13434,#13435,#13436,
#13437,#13438,#13439,#13440,#13441,#13442,#13443,#13444,#13445,#13446,#13447,#13448,
#13449,#13450,#13451,#13452,#13453,#13454,#13455,#13456,#13457,#13458,#13459),
.UNSPECIFIED.,.F.,.F.,
(4,1,1,1,1,1,1,1,1,1,1,1,1,1,1,1,1,1,1,1,1,1,1,1,1,1,1,1,1,1,1,1,1,1,1,1,1,1,1,1,
1,1,1,1,4),
(0.,0.0165938406559331,0.0333280298219651,0.0502028360776179,0.067233771961824,0.0843747829939515,
0.101638918223474,0.119005958498847,0.136439910682776,0.153901132594235,0.171494847116261,
0.189215181138358,0.207175673499906,0.225221772169794,0.243603644645068,0.262177719622201,
0.281091142772013,0.300104333862486,0.320375731200032,0.341791507026868,0.365385974461369,
0.390027388957605,0.43320096626958,0.494329822922999,0.57386103634734,0.636510607670051,
0.681849706734994,0.708331062464919,0.733723485422603,0.763383946941688,0.797845256277459,
0.829791093883472,0.853873565335496,0.870072282188826,0.885692822210711,0.899839363233359,
0.913095136593824,0.928963120908535,0.943901578373421,0.957902871252994,0.967149389319069,
0.976079126686605,0.98437383984082,0.992347926200096,1.),
.UNSPECIFIED.);
#10249=VERTEX_POINT('',#13460);
#10250=CIRCLE('',#13461,0.675);
#10251=VERTEX_POINT('',#13465);
#10252=LINE('',#13466,#13467);
#10253=CIRCLE('',#13469,0.675);
#10254=VERTEX_POINT('',#13473);
#10255=VERTEX_POINT('',#13474);
#10256=LINE('',#13475,#13476);
#10257=VERTEX_POINT('',#13478);
#10258=LINE('',#13479,#13480);
#10259=VERTEX_POINT('',#13482);
#10260=LINE('',#13483,#13484);
#10261=LINE('',#13486,#13487);
#10262=VERTEX_POINT('',#13489);
#10263=CIRCLE('',#13490,1.25);
#10264=VERTEX_POINT('',#13494);
#10265=VERTEX_POINT('',#13495);
#10266=LINE('',#13496,#13497);
#10267=LINE('',#13499,#13500);
#10268=LINE('',#13502,#13503);
#10269=VERTEX_POINT('',#13505);
#10270=LINE('',#13506,#13507);
#10271=VERTEX_POINT('',#13509);
#10272=CIRCLE('',#13510,0.675);
#10273=VERTEX_POINT('',#13514);
#10274=LINE('',#13515,#13516);
#10275=VERTEX_POINT('',#13518);
#10276=CIRCLE('',#13519,0.675);
#10277=LINE('',#13523,#13524);
#10278=VERTEX_POINT('',#13526);
#10279=LINE('',#13527,#13528);
#10280=VERTEX_POINT('',#13530);
#10281=LINE('',#13531,#13532);
#10282=LINE('',#13534,#13535);
#10283=VERTEX_POINT('',#13537);
#10284=LINE('',#13538,#13539);
#10285=VERTEX_POINT('',#13541);
#10286=CIRCLE('',#13542,0.675);
#10287=VERTEX_POINT('',#13546);
#10288=LINE('',#13547,#13548);
#10289=VERTEX_POINT('',#13550);
#10290=CIRCLE('',#13551,0.675);
#10291=LINE('',#13555,#13556);
#10292=LINE('',#13558,#13559);
#10293=LINE('',#13561,#13562);
#10294=LINE('',#13564,#13565);
#10295=LINE('',#13567,#13568);
#10296=VERTEX_POINT('',#13570);
#10297=CIRCLE('',#13571,0.7);
#10298=LINE('',#13575,#13576);
#10299=LINE('',#13578,#13579);
#10300=VERTEX_POINT('',#13581);
#10301=CIRCLE('',#13582,0.5);
#10302=VERTEX_POINT('',#13586);
#10303=CIRCLE('',#13587,0.5);
#10304=VERTEX_POINT('',#13591);
#10305=VERTEX_POINT('',#13592);
#10306=LINE('',#13593,#13594);
#10307=VERTEX_POINT('',#13596);
#10308=LINE('',#13597,#13598);
#10309=VERTEX_POINT('',#13600);
#10310=LINE('',#13601,#13602);
#10311=VERTEX_POINT('',#13604);
#10312=LINE('',#13605,#13606);
#10313=VERTEX_POINT('',#13608);
#10314=LINE('',#13609,#13610);
#10315=VERTEX_POINT('',#13612);
#10316=LINE('',#13613,#13614);
#10317=VERTEX_POINT('',#13616);
#10318=LINE('',#13617,#13618);
#10319=VERTEX_POINT('',#13620);
#10320=LINE('',#13621,#13622);
#10321=VERTEX_POINT('',#13624);
#10322=LINE('',#13625,#13626);
#10323=LINE('',#13628,#13629);
#10324=VERTEX_POINT('',#13631);
#10325=CIRCLE('',#13632,1.525);
#10326=VERTEX_POINT('',#13636);
#10327=VERTEX_POINT('',#13637);
#10328=LINE('',#13638,#13639);
#10329=VERTEX_POINT('',#13641);
#10330=LINE('',#13642,#13643);
#10331=VERTEX_POINT('',#13645);
#10332=LINE('',#13646,#13647);
#10333=VERTEX_POINT('',#13649);
#10334=LINE('',#13650,#13651);
#10335=VERTEX_POINT('',#13653);
#10336=LINE('',#13654,#13655);
#10337=VERTEX_POINT('',#13657);
#10338=LINE('',#13658,#13659);
#10339=VERTEX_POINT('',#13661);
#10340=LINE('',#13662,#13663);
#10341=VERTEX_POINT('',#13665);
#10342=LINE('',#13666,#13667);
#10343=VERTEX_POINT('',#13669);
#10344=LINE('',#13670,#13671);
#10345=LINE('',#13673,#13674);
#10346=VERTEX_POINT('',#13676);
#10347=CIRCLE('',#13677,1.525);
#10348=LINE('',#13681,#13682);
#10349=LINE('',#13684,#13685);
#10350=LINE('',#13687,#13688);
#10351=LINE('',#13690,#13691);
#10352=LINE('',#13693,#13694);
#10353=LINE('',#13696,#13697);
#10354=LINE('',#13699,#13700);
#10355=LINE('',#13702,#13703);
#10356=LINE('',#13705,#13706);
#10357=LINE('',#13708,#13709);
#10358=VERTEX_POINT('',#13711);
#10359=VERTEX_POINT('',#13712);
#10360=LINE('',#13713,#13714);
#10361=CIRCLE('',#13716,0.35);
#10362=CIRCLE('',#13720,0.35);
#10363=VERTEX_POINT('',#13724);
#10364=VERTEX_POINT('',#13725);
#10365=LINE('',#13726,#13727);
#10366=CIRCLE('',#13729,0.15);
#10367=CIRCLE('',#13733,0.15);
#10368=VERTEX_POINT('',#13737);
#10369=LINE('',#13738,#13739);
#10370=LINE('',#13741,#13742);
#10371=VERTEX_POINT('',#13744);
#10372=LINE('',#13745,#13746);
#10373=LINE('',#13748,#13749);
#10374=VERTEX_POINT('',#13751);
#10375=LINE('',#13752,#13753);
#10376=LINE('',#13755,#13756);
#10377=VERTEX_POINT('',#13758);
#10378=LINE('',#13759,#13760);
#10379=LINE('',#13762,#13763);
#10380=LINE('',#13765,#13766);
#10381=LINE('',#13768,#13769);
#10382=VERTEX_POINT('',#13771);
#10383=VERTEX_POINT('',#13772);
#10384=LINE('',#13773,#13774);
#10385=CIRCLE('',#13776,0.35);
#10386=CIRCLE('',#13780,0.35);
#10387=VERTEX_POINT('',#13784);
#10388=VERTEX_POINT('',#13785);
#10389=LINE('',#13786,#13787);
#10390=CIRCLE('',#13789,0.15);
#10391=CIRCLE('',#13793,0.15);
#10392=VERTEX_POINT('',#13797);
#10393=LINE('',#13798,#13799);
#10394=LINE('',#13801,#13802);
#10395=VERTEX_POINT('',#13804);
#10396=LINE('',#13805,#13806);
#10397=LINE('',#13808,#13809);
#10398=VERTEX_POINT('',#13811);
#10399=LINE('',#13812,#13813);
#10400=LINE('',#13815,#13816);
#10401=VERTEX_POINT('',#13818);
#10402=LINE('',#13819,#13820);
#10403=LINE('',#13822,#13823);
#10404=LINE('',#13825,#13826);
#10405=LINE('',#13828,#13829);
#10406=VERTEX_POINT('',#13831);
#10407=VERTEX_POINT('',#13832);
#10408=LINE('',#13833,#13834);
#10409=CIRCLE('',#13836,0.8);
#10410=CIRCLE('',#13840,0.8);
#10411=VERTEX_POINT('',#13844);
#10412=VERTEX_POINT('',#13845);
#10413=LINE('',#13846,#13847);
#10414=CIRCLE('',#13849,0.6);
#10415=CIRCLE('',#13853,0.6);
#10416=VERTEX_POINT('',#13857);
#10417=VERTEX_POINT('',#13858);
#10418=LINE('',#13859,#13860);
#10419=LINE('',#13862,#13863);
#10420=LINE('',#13865,#13866);
#10421=LINE('',#13868,#13869);
#10422=VERTEX_POINT('',#13871);
#10423=VERTEX_POINT('',#13872);
#10424=LINE('',#13873,#13874);
#10425=VERTEX_POINT('',#13876);
#10426=LINE('',#13877,#13878);
#10427=LINE('',#13880,#13881);
#10428=LINE('',#13883,#13884);
#10429=VERTEX_POINT('',#13886);
#10430=LINE('',#13887,#13888);
#10431=LINE('',#13890,#13891);
#10432=LINE('',#13893,#13894);
#10433=VERTEX_POINT('',#13896);
#10434=LINE('',#13897,#13898);
#10435=VERTEX_POINT('',#13900);
#10436=LINE('',#13901,#13902);
#10437=LINE('',#13904,#13905);
#10438=LINE('',#13907,#13908);
#10439=LINE('',#13910,#13911);
#10440=VERTEX_POINT('',#13913);
#10441=VERTEX_POINT('',#13914);
#10442=LINE('',#13915,#13916);
#10443=CIRCLE('',#13918,1.47777777777778);
#10444=VERTEX_POINT('',#13922);
#10445=VERTEX_POINT('',#13923);
#10446=LINE('',#13924,#13925);
#10447=CIRCLE('',#13927,1.47777777777778);
#10448=VERTEX_POINT('',#13931);
#10449=B_SPLINE_CURVE_WITH_KNOTS('',3,
(#13932,#13933,#13934,#13935,#13936,#13937,#13938,#13939,#13940,#13941,#13942,#13943,
#13944),
.UNSPECIFIED.,.F.,.F.,
(4,1,1,1,1,1,1,1,1,1,4),
(0.,0.0789002906918932,0.157743638420706,0.236528781190328,0.341343511878296,0.472045351485805,
0.628464197653757,0.773817615243779,0.882298682363872,0.954129479743318,1.),
.UNSPECIFIED.);
#10450=VERTEX_POINT('',#13945);
#10451=B_SPLINE_CURVE_WITH_KNOTS('',3,
(#13946,#13947,#13948,#13949,#13950,#13951,#13952,#13953,#13954,#13955,#13956,#13957,
#13958),
.UNSPECIFIED.,.F.,.F.,
(4,1,1,1,1,1,1,1,1,1,4),
(0.,0.0789002906918925,0.157743638420705,0.236528781190329,0.341343511878295,0.472045351485805,
0.628464197653754,0.773817615243775,0.882298682363872,0.954129479743315,1.),
.UNSPECIFIED.);
#10452=CIRCLE('',#13959,1.9);
#10453=VERTEX_POINT('',#13963);
#10454=B_SPLINE_CURVE_WITH_KNOTS('',3,
(#13964,#13965,#13966,#13967,#13968,#13969,#13970,#13971,#13972,#13973,#13974,#13975,
#13976),
.UNSPECIFIED.,.F.,.F.,
(4,1,1,1,1,1,1,1,1,1,4),
(0.,0.0789002906918918,0.157743638420707,0.236528781190332,0.341343511878301,0.472045351485809,
0.628464197653761,0.773817615243785,0.882298682363884,0.954129479743319,1.),
.UNSPECIFIED.);
#10455=VERTEX_POINT('',#13977);
#10456=CIRCLE('',#13978,1.9);
#10457=VERTEX_POINT('',#13982);
#10458=CIRCLE('',#13983,1.9);
#10459=B_SPLINE_CURVE_WITH_KNOTS('',3,
(#13987,#13988,#13989,#13990,#13991,#13992,#13993,#13994,#13995,#13996,#13997,#13998,
#13999),
.UNSPECIFIED.,.F.,.F.,
(4,1,1,1,1,1,1,1,1,1,4),
(0.,0.0789002906918928,0.157743638420708,0.236528781190331,0.341343511878299,0.472045351485809,
0.628464197653765,0.773817615243788,0.882298682363883,0.95412947974332,1.),
.UNSPECIFIED.);
#10460=VERTEX_POINT('',#14000);
#10461=LINE('',#14001,#14002);
#10462=VERTEX_POINT('',#14004);
#10463=CIRCLE('',#14005,1.9);
#10464=LINE('',#14009,#14010);
#10465=VERTEX_POINT('',#14012);
#10466=LINE('',#14013,#14014);
#10467=VERTEX_POINT('',#14016);
#10468=CIRCLE('',#14017,1.9);
#10469=LINE('',#14021,#14022);
#10470=VERTEX_POINT('',#14024);
#10471=CIRCLE('',#14025,1.9);
#10472=LINE('',#14029,#14030);
#10473=LINE('',#14032,#14033);
#10474=VERTEX_POINT('',#14035);
#10475=CIRCLE('',#14036,1.5);
#10476=VERTEX_POINT('',#14040);
#10477=CIRCLE('',#14041,1.5);
#10478=VERTEX_POINT('',#14045);
#10479=CIRCLE('',#14046,1.15);
#10480=VERTEX_POINT('',#14050);
#10481=CIRCLE('',#14051,1.15);
#10482=CARTESIAN_POINT('',(22.9500000001111,1.75712833921022,13.5));
#10483=CARTESIAN_POINT('',(22.95,4.25,13.5));
#10484=CARTESIAN_POINT('',(22.9500000000011,4.25,13.5));
#10485=VECTOR('',#10486,1.);
#10486=DIRECTION('',(-4.33245311174365E-013,-1.,0.));
#10487=CARTESIAN_POINT('',(22.9500000001111,1.75712833921022,8.8));
#10488=CARTESIAN_POINT('',(22.95,1.75712833930548,8.8));
#10489=VECTOR('',#10490,1.);
#10490=DIRECTION('',(0.,0.,1.));
#10491=CARTESIAN_POINT('',(22.95,3.5,8.8));
#10492=CARTESIAN_POINT('',(22.95,3.5,8.8));
#10493=VECTOR('',#10494,1.);
#10494=DIRECTION('',(0.,-1.,0.));
#10495=CARTESIAN_POINT('',(22.95,3.5,13.));
#10496=CARTESIAN_POINT('',(22.95,3.5,8.8));
#10497=VECTOR('',#10498,1.);
#10498=DIRECTION('',(0.,0.,1.));
#10499=CARTESIAN_POINT('',(22.9500000000014,4.,13.));
#10500=CARTESIAN_POINT('',(22.95,4.,13.));
#10501=VECTOR('',#10502,1.);
#10502=DIRECTION('',(0.,-1.,0.));
#10503=CARTESIAN_POINT('',(22.9500000000011,4.,0.4));
#10504=CARTESIAN_POINT('',(22.95,4.,0.4));
#10505=VECTOR('',#10506,1.);
#10506=DIRECTION('',(0.,0.,1.));
#10507=CARTESIAN_POINT('',(22.95,-4.5,0.4));
#10508=CARTESIAN_POINT('',(22.95,-4.5,0.4));
#10509=VECTOR('',#10510,1.);
#10510=DIRECTION('',(0.,1.,0.));
#10511=CARTESIAN_POINT('',(22.95,-4.5,4.81482486096809E-035));
#10512=CARTESIAN_POINT('',(22.95,-4.5,0.4));
#10513=VECTOR('',#10514,1.);
#10514=DIRECTION('',(0.,0.,-1.));
#10515=CARTESIAN_POINT('',(22.95,4.5,0.));
#10516=CARTESIAN_POINT('',(22.95,-4.5,4.81482486096809E-035));
#10517=VECTOR('',#10518,1.);
#10518=DIRECTION('',(0.,1.,-5.34980540107565E-036));
#10519=CARTESIAN_POINT('',(22.95,4.5,13.25));
#10520=CARTESIAN_POINT('',(22.95,4.5,0.));
#10521=VECTOR('',#10522,1.);
#10522=DIRECTION('',(0.,0.,1.));
#10523=AXIS2_PLACEMENT_3D('',#10524,#10525,#10526);
#10524=CARTESIAN_POINT('',(22.95,4.25,13.25));
#10525=DIRECTION('',(-1.,0.,0.));
#10526=DIRECTION('',(0.,0.,1.));
#10527=CARTESIAN_POINT('',(27.0500000000022,4.25,13.5));
#10528=CARTESIAN_POINT('',(27.05,1.75712833921985,13.5));
#10529=CARTESIAN_POINT('',(27.05,1.75712833921985,13.5));
#10530=VECTOR('',#10531,1.);
#10531=DIRECTION('',(4.37520758309083E-013,1.,0.));
#10532=CARTESIAN_POINT('',(27.05,4.5,13.25));
#10533=AXIS2_PLACEMENT_3D('',#10534,#10535,#10536);
#10534=CARTESIAN_POINT('',(27.05,4.25,13.25));
#10535=DIRECTION('',(-1.,0.,0.));
#10536=DIRECTION('',(0.,0.,1.));
#10537=CARTESIAN_POINT('',(27.05,4.5,0.));
#10538=CARTESIAN_POINT('',(27.05,4.5,13.25));
#10539=VECTOR('',#10540,1.);
#10540=DIRECTION('',(-5.36258668498189E-016,0.,-1.));
#10541=CARTESIAN_POINT('',(27.05,-4.5,4.81482486096809E-035));
#10542=CARTESIAN_POINT('',(27.05,4.5,0.));
#10543=VECTOR('',#10544,1.);
#10544=DIRECTION('',(0.,-1.,5.34980540107565E-036));
#10545=CARTESIAN_POINT('',(27.05,-4.5,0.4));
#10546=CARTESIAN_POINT('',(27.05,-4.5,4.81482486096809E-035));
#10547=VECTOR('',#10548,1.);
#10548=DIRECTION('',(0.,0.,1.));
#10549=CARTESIAN_POINT('',(27.0500000000004,4.,0.4));
#10550=CARTESIAN_POINT('',(27.05,-4.5,0.4));
#10551=VECTOR('',#10552,1.);
#10552=DIRECTION('',(0.,1.,0.));
#10553=CARTESIAN_POINT('',(27.0500000000014,4.,13.));
#10554=CARTESIAN_POINT('',(27.0500000000022,4.,0.4));
#10555=VECTOR('',#10556,1.);
#10556=DIRECTION('',(0.,0.,1.));
#10557=CARTESIAN_POINT('',(27.05,3.5,13.));
#10558=CARTESIAN_POINT('',(27.05,3.5,13.));
#10559=VECTOR('',#10560,1.);
#10560=DIRECTION('',(0.,1.,0.));
#10561=CARTESIAN_POINT('',(27.05,3.5,8.8));
#10562=CARTESIAN_POINT('',(27.05,3.5,8.8));
#10563=VECTOR('',#10564,1.);
#10564=DIRECTION('',(0.,0.,1.));
#10565=CARTESIAN_POINT('',(27.05,1.75712833921985,8.8));
#10566=CARTESIAN_POINT('',(27.05,1.75712833921985,8.8));
#10567=VECTOR('',#10568,1.);
#10568=DIRECTION('',(0.,1.,0.));
#10569=CARTESIAN_POINT('',(27.05,1.75712833921985,8.8));
#10570=VECTOR('',#10571,1.);
#10571=DIRECTION('',(0.,0.,1.));
#10572=CARTESIAN_POINT('',(17.9500000001111,1.75712833921022,13.5));
#10573=CARTESIAN_POINT('',(17.95,4.25,13.5));
#10574=CARTESIAN_POINT('',(17.9500000000011,4.25,13.5));
#10575=VECTOR('',#10576,1.);
#10576=DIRECTION('',(-4.33245311174365E-013,-1.,0.));
#10577=CARTESIAN_POINT('',(17.9500000001111,1.75712833921022,8.8));
#10578=CARTESIAN_POINT('',(17.95,1.75712833930548,8.8));
#10579=VECTOR('',#10580,1.);
#10580=DIRECTION('',(0.,0.,1.));
#10581=CARTESIAN_POINT('',(17.95,3.5,8.8));
#10582=CARTESIAN_POINT('',(17.95,3.5,8.8));
#10583=VECTOR('',#10584,1.);
#10584=DIRECTION('',(0.,-1.,0.));
#10585=CARTESIAN_POINT('',(17.95,3.5,13.));
#10586=CARTESIAN_POINT('',(17.95,3.5,8.8));
#10587=VECTOR('',#10588,1.);
#10588=DIRECTION('',(0.,0.,1.));
#10589=CARTESIAN_POINT('',(17.9500000000014,4.,13.));
#10590=CARTESIAN_POINT('',(17.95,4.,13.));
#10591=VECTOR('',#10592,1.);
#10592=DIRECTION('',(0.,-1.,0.));
#10593=CARTESIAN_POINT('',(17.9500000000011,4.,0.4));
#10594=CARTESIAN_POINT('',(17.95,4.,0.4));
#10595=VECTOR('',#10596,1.);
#10596=DIRECTION('',(0.,0.,1.));
#10597=CARTESIAN_POINT('',(17.95,-4.5,0.4));
#10598=CARTESIAN_POINT('',(17.95,-4.5,0.4));
#10599=VECTOR('',#10600,1.);
#10600=DIRECTION('',(0.,1.,0.));
#10601=CARTESIAN_POINT('',(17.95,-4.5,4.81482486096809E-035));
#10602=CARTESIAN_POINT('',(17.95,-4.5,0.4));
#10603=VECTOR('',#10604,1.);
#10604=DIRECTION('',(0.,0.,-1.));
#10605=CARTESIAN_POINT('',(17.95,4.5,0.));
#10606=CARTESIAN_POINT('',(17.95,-4.5,4.81482486096809E-035));
#10607=VECTOR('',#10608,1.);
#10608=DIRECTION('',(0.,1.,-5.34980540107565E-036));
#10609=CARTESIAN_POINT('',(17.95,4.5,13.25));
#10610=CARTESIAN_POINT('',(17.95,4.5,0.));
#10611=VECTOR('',#10612,1.);
#10612=DIRECTION('',(0.,0.,1.));
#10613=AXIS2_PLACEMENT_3D('',#10614,#10615,#10616);
#10614=CARTESIAN_POINT('',(17.95,4.25,13.25));
#10615=DIRECTION('',(-1.,0.,0.));
#10616=DIRECTION('',(0.,0.,1.));
#10617=CARTESIAN_POINT('',(22.0500000000022,4.25,13.5));
#10618=CARTESIAN_POINT('',(22.05,1.75712833921985,13.5));
#10619=CARTESIAN_POINT('',(22.05,1.75712833921985,13.5));
#10620=VECTOR('',#10621,1.);
#10621=DIRECTION('',(4.3894590735895E-013,1.,0.));
#10622=CARTESIAN_POINT('',(22.05,4.5,13.25));
#10623=AXIS2_PLACEMENT_3D('',#10624,#10625,#10626);
#10624=CARTESIAN_POINT('',(22.05,4.25,13.25));
#10625=DIRECTION('',(-1.,0.,0.));
#10626=DIRECTION('',(0.,0.,1.));
#10627=CARTESIAN_POINT('',(22.05,4.5,0.));
#10628=CARTESIAN_POINT('',(22.05,4.5,13.25));
#10629=VECTOR('',#10630,1.);
#10630=DIRECTION('',(-5.36258668498189E-016,0.,-1.));
#10631=CARTESIAN_POINT('',(22.05,-4.5,4.81482486096809E-035));
#10632=CARTESIAN_POINT('',(22.05,4.5,0.));
#10633=VECTOR('',#10634,1.);
#10634=DIRECTION('',(0.,-1.,5.34980540107565E-036));
#10635=CARTESIAN_POINT('',(22.05,-4.5,0.4));
#10636=CARTESIAN_POINT('',(22.05,-4.5,4.81482486096809E-035));
#10637=VECTOR('',#10638,1.);
#10638=DIRECTION('',(0.,0.,1.));
#10639=CARTESIAN_POINT('',(22.0500000000004,4.,0.4));
#10640=CARTESIAN_POINT('',(22.05,-4.5,0.4));
#10641=VECTOR('',#10642,1.);
#10642=DIRECTION('',(0.,1.,0.));
#10643=CARTESIAN_POINT('',(22.0500000000014,4.,13.));
#10644=CARTESIAN_POINT('',(22.0500000000022,4.,0.4));
#10645=VECTOR('',#10646,1.);
#10646=DIRECTION('',(0.,0.,1.));
#10647=CARTESIAN_POINT('',(22.05,3.5,13.));
#10648=CARTESIAN_POINT('',(22.05,3.5,13.));
#10649=VECTOR('',#10650,1.);
#10650=DIRECTION('',(0.,1.,0.));
#10651=CARTESIAN_POINT('',(22.05,3.5,8.8));
#10652=CARTESIAN_POINT('',(22.05,3.5,8.8));
#10653=VECTOR('',#10654,1.);
#10654=DIRECTION('',(0.,0.,1.));
#10655=CARTESIAN_POINT('',(22.05,1.75712833921985,8.8));
#10656=CARTESIAN_POINT('',(22.05,1.75712833921985,8.8));
#10657=VECTOR('',#10658,1.);
#10658=DIRECTION('',(0.,1.,0.));
#10659=CARTESIAN_POINT('',(22.05,1.75712833921985,8.8));
#10660=VECTOR('',#10661,1.);
#10661=DIRECTION('',(0.,0.,1.));
#10662=CARTESIAN_POINT('',(12.9500000001111,1.75712833921022,13.5));
#10663=CARTESIAN_POINT('',(12.95,4.25,13.5));
#10664=CARTESIAN_POINT('',(12.9500000000011,4.25,13.5));
#10665=VECTOR('',#10666,1.);
#10666=DIRECTION('',(-4.33245311174365E-013,-1.,0.));
#10667=CARTESIAN_POINT('',(12.9500000001111,1.75712833921022,8.8));
#10668=CARTESIAN_POINT('',(12.95,1.75712833930548,8.8));
#10669=VECTOR('',#10670,1.);
#10670=DIRECTION('',(0.,0.,1.));
#10671=CARTESIAN_POINT('',(12.95,3.5,8.8));
#10672=CARTESIAN_POINT('',(12.95,3.5,8.8));
#10673=VECTOR('',#10674,1.);
#10674=DIRECTION('',(0.,-1.,0.));
#10675=CARTESIAN_POINT('',(12.95,3.5,13.));
#10676=CARTESIAN_POINT('',(12.95,3.5,8.8));
#10677=VECTOR('',#10678,1.);
#10678=DIRECTION('',(0.,0.,1.));
#10679=CARTESIAN_POINT('',(12.9500000000014,4.,13.));
#10680=CARTESIAN_POINT('',(12.95,4.,13.));
#10681=VECTOR('',#10682,1.);
#10682=DIRECTION('',(0.,-1.,0.));
#10683=CARTESIAN_POINT('',(12.9500000000011,4.,0.4));
#10684=CARTESIAN_POINT('',(12.95,4.,0.4));
#10685=VECTOR('',#10686,1.);
#10686=DIRECTION('',(0.,0.,1.));
#10687=CARTESIAN_POINT('',(12.95,-4.5,0.4));
#10688=CARTESIAN_POINT('',(12.95,-4.5,0.4));
#10689=VECTOR('',#10690,1.);
#10690=DIRECTION('',(0.,1.,0.));
#10691=CARTESIAN_POINT('',(12.95,-4.5,4.81482486096809E-035));
#10692=CARTESIAN_POINT('',(12.95,-4.5,0.4));
#10693=VECTOR('',#10694,1.);
#10694=DIRECTION('',(0.,0.,-1.));
#10695=CARTESIAN_POINT('',(12.95,4.5,0.));
#10696=CARTESIAN_POINT('',(12.95,-4.5,4.81482486096809E-035));
#10697=VECTOR('',#10698,1.);
#10698=DIRECTION('',(0.,1.,-5.34980540107565E-036));
#10699=CARTESIAN_POINT('',(12.95,4.5,13.25));
#10700=CARTESIAN_POINT('',(12.95,4.5,0.));
#10701=VECTOR('',#10702,1.);
#10702=DIRECTION('',(0.,0.,1.));
#10703=AXIS2_PLACEMENT_3D('',#10704,#10705,#10706);
#10704=CARTESIAN_POINT('',(12.95,4.25,13.25));
#10705=DIRECTION('',(-1.,0.,0.));
#10706=DIRECTION('',(0.,0.,1.));
#10707=CARTESIAN_POINT('',(17.0500000000022,4.25,13.5));
#10708=CARTESIAN_POINT('',(17.05,1.75712833921985,13.5));
#10709=CARTESIAN_POINT('',(17.05,1.75712833921985,13.5));
#10710=VECTOR('',#10711,1.);
#10711=DIRECTION('',(4.3894590735895E-013,1.,0.));
#10712=CARTESIAN_POINT('',(17.05,4.5,13.25));
#10713=AXIS2_PLACEMENT_3D('',#10714,#10715,#10716);
#10714=CARTESIAN_POINT('',(17.05,4.25,13.25));
#10715=DIRECTION('',(-1.,0.,0.));
#10716=DIRECTION('',(0.,0.,1.));
#10717=CARTESIAN_POINT('',(17.05,4.5,0.));
#10718=CARTESIAN_POINT('',(17.05,4.5,13.25));
#10719=VECTOR('',#10720,1.);
#10720=DIRECTION('',(-5.36258668498189E-016,0.,-1.));
#10721=CARTESIAN_POINT('',(17.05,-4.5,4.81482486096809E-035));
#10722=CARTESIAN_POINT('',(17.05,4.5,0.));
#10723=VECTOR('',#10724,1.);
#10724=DIRECTION('',(0.,-1.,5.34980540107565E-036));
#10725=CARTESIAN_POINT('',(17.05,-4.5,0.4));
#10726=CARTESIAN_POINT('',(17.05,-4.5,4.81482486096809E-035));
#10727=VECTOR('',#10728,1.);
#10728=DIRECTION('',(0.,0.,1.));
#10729=CARTESIAN_POINT('',(17.0500000000004,4.,0.4));
#10730=CARTESIAN_POINT('',(17.05,-4.5,0.4));
#10731=VECTOR('',#10732,1.);
#10732=DIRECTION('',(0.,1.,0.));
#10733=CARTESIAN_POINT('',(17.0500000000014,4.,13.));
#10734=CARTESIAN_POINT('',(17.0500000000022,4.,0.4));
#10735=VECTOR('',#10736,1.);
#10736=DIRECTION('',(0.,0.,1.));
#10737=CARTESIAN_POINT('',(17.05,3.5,13.));
#10738=CARTESIAN_POINT('',(17.05,3.5,13.));
#10739=VECTOR('',#10740,1.);
#10740=DIRECTION('',(0.,1.,0.));
#10741=CARTESIAN_POINT('',(17.05,3.5,8.8));
#10742=CARTESIAN_POINT('',(17.05,3.5,8.8));
#10743=VECTOR('',#10744,1.);
#10744=DIRECTION('',(0.,0.,1.));
#10745=CARTESIAN_POINT('',(17.05,1.75712833921985,8.8));
#10746=CARTESIAN_POINT('',(17.05,1.75712833921985,8.8));
#10747=VECTOR('',#10748,1.);
#10748=DIRECTION('',(0.,1.,0.));
#10749=CARTESIAN_POINT('',(17.05,1.75712833921985,8.8));
#10750=VECTOR('',#10751,1.);
#10751=DIRECTION('',(0.,0.,1.));
#10752=CARTESIAN_POINT('',(7.95000000011114,1.75712833921022,13.5));
#10753=CARTESIAN_POINT('',(7.95,4.25,13.5));
#10754=CARTESIAN_POINT('',(7.95000000000108,4.25,13.5));
#10755=VECTOR('',#10756,1.);
#10756=DIRECTION('',(-4.33245311174365E-013,-1.,0.));
#10757=CARTESIAN_POINT('',(7.95000000011114,1.75712833921022,8.8));
#10758=CARTESIAN_POINT('',(7.95,1.75712833930548,8.8));
#10759=VECTOR('',#10760,1.);
#10760=DIRECTION('',(0.,0.,1.));
#10761=CARTESIAN_POINT('',(7.95,3.5,8.8));
#10762=CARTESIAN_POINT('',(7.95,3.5,8.8));
#10763=VECTOR('',#10764,1.);
#10764=DIRECTION('',(0.,-1.,0.));
#10765=CARTESIAN_POINT('',(7.95,3.5,13.));
#10766=CARTESIAN_POINT('',(7.95,3.5,8.8));
#10767=VECTOR('',#10768,1.);
#10768=DIRECTION('',(0.,0.,1.));
#10769=CARTESIAN_POINT('',(7.95000000000144,4.,13.));
#10770=CARTESIAN_POINT('',(7.95,4.,13.));
#10771=VECTOR('',#10772,1.);
#10772=DIRECTION('',(0.,-1.,0.));
#10773=CARTESIAN_POINT('',(7.95000000000108,4.,0.4));
#10774=CARTESIAN_POINT('',(7.95,4.,0.4));
#10775=VECTOR('',#10776,1.);
#10776=DIRECTION('',(0.,0.,1.));
#10777=CARTESIAN_POINT('',(7.95,-4.5,0.4));
#10778=CARTESIAN_POINT('',(7.95,-4.5,0.4));
#10779=VECTOR('',#10780,1.);
#10780=DIRECTION('',(0.,1.,0.));
#10781=CARTESIAN_POINT('',(7.95,-4.5,4.81482486096809E-035));
#10782=CARTESIAN_POINT('',(7.95,-4.5,0.4));
#10783=VECTOR('',#10784,1.);
#10784=DIRECTION('',(0.,0.,-1.));
#10785=CARTESIAN_POINT('',(7.95,4.5,0.));
#10786=CARTESIAN_POINT('',(7.95,-4.5,4.81482486096809E-035));
#10787=VECTOR('',#10788,1.);
#10788=DIRECTION('',(0.,1.,-5.34980540107565E-036));
#10789=CARTESIAN_POINT('',(7.95,4.5,13.25));
#10790=CARTESIAN_POINT('',(7.95,4.5,0.));
#10791=VECTOR('',#10792,1.);
#10792=DIRECTION('',(0.,0.,1.));
#10793=AXIS2_PLACEMENT_3D('',#10794,#10795,#10796);
#10794=CARTESIAN_POINT('',(7.95,4.25,13.25));
#10795=DIRECTION('',(-1.,0.,0.));
#10796=DIRECTION('',(0.,0.,1.));
#10797=CARTESIAN_POINT('',(12.0500000000022,4.25,13.5));
#10798=CARTESIAN_POINT('',(12.05,1.75712833921985,13.5));
#10799=CARTESIAN_POINT('',(12.05,1.75712833921985,13.5));
#10800=VECTOR('',#10801,1.);
#10801=DIRECTION('',(4.3894590735895E-013,1.,0.));
#10802=CARTESIAN_POINT('',(12.05,4.5,13.25));
#10803=AXIS2_PLACEMENT_3D('',#10804,#10805,#10806);
#10804=CARTESIAN_POINT('',(12.05,4.25,13.25));
#10805=DIRECTION('',(-1.,0.,0.));
#10806=DIRECTION('',(0.,0.,1.));
#10807=CARTESIAN_POINT('',(12.05,4.5,0.));
#10808=CARTESIAN_POINT('',(12.05,4.5,13.25));
#10809=VECTOR('',#10810,1.);
#10810=DIRECTION('',(-8.04388002747283E-016,0.,-1.));
#10811=CARTESIAN_POINT('',(12.05,-4.5,4.81482486096809E-035));
#10812=CARTESIAN_POINT('',(12.05,4.5,0.));
#10813=VECTOR('',#10814,1.);
#10814=DIRECTION('',(0.,-1.,5.34980540107565E-036));
#10815=CARTESIAN_POINT('',(12.05,-4.5,0.4));
#10816=CARTESIAN_POINT('',(12.05,-4.5,4.81482486096809E-035));
#10817=VECTOR('',#10818,1.);
#10818=DIRECTION('',(0.,0.,1.));
#10819=CARTESIAN_POINT('',(12.0500000000004,4.,0.4));
#10820=CARTESIAN_POINT('',(12.05,-4.5,0.4));
#10821=VECTOR('',#10822,1.);
#10822=DIRECTION('',(0.,1.,0.));
#10823=CARTESIAN_POINT('',(12.0500000000014,4.,13.));
#10824=CARTESIAN_POINT('',(12.0500000000022,4.,0.4));
#10825=VECTOR('',#10826,1.);
#10826=DIRECTION('',(0.,0.,1.));
#10827=CARTESIAN_POINT('',(12.05,3.5,13.));
#10828=CARTESIAN_POINT('',(12.05,3.5,13.));
#10829=VECTOR('',#10830,1.);
#10830=DIRECTION('',(0.,1.,0.));
#10831=CARTESIAN_POINT('',(12.05,3.5,8.8));
#10832=CARTESIAN_POINT('',(12.05,3.5,8.8));
#10833=VECTOR('',#10834,1.);
#10834=DIRECTION('',(0.,0.,1.));
#10835=CARTESIAN_POINT('',(12.05,1.75712833921985,8.8));
#10836=CARTESIAN_POINT('',(12.05,1.75712833921985,8.8));
#10837=VECTOR('',#10838,1.);
#10838=DIRECTION('',(0.,1.,0.));
#10839=CARTESIAN_POINT('',(12.05,1.75712833921985,8.8));
#10840=VECTOR('',#10841,1.);
#10841=DIRECTION('',(0.,0.,1.));
#10842=CARTESIAN_POINT('',(12.0500000000022,4.,13.));
#10843=VECTOR('',#10844,1.);
#10844=DIRECTION('',(-1.,0.,0.));
#10845=CARTESIAN_POINT('',(7.95000000000216,4.,0.4));
#10846=VECTOR('',#10847,1.);
#10847=DIRECTION('',(1.,0.,0.));
#10848=CARTESIAN_POINT('',(17.0500000000022,4.,13.));
#10849=VECTOR('',#10850,1.);
#10850=DIRECTION('',(-1.,0.,0.));
#10851=CARTESIAN_POINT('',(12.9500000000022,4.,0.4));
#10852=VECTOR('',#10853,1.);
#10853=DIRECTION('',(1.,0.,0.));
#10854=CARTESIAN_POINT('',(22.0500000000022,4.,13.));
#10855=VECTOR('',#10856,1.);
#10856=DIRECTION('',(-1.,0.,0.));
#10857=CARTESIAN_POINT('',(17.9500000000022,4.,0.4));
#10858=VECTOR('',#10859,1.);
#10859=DIRECTION('',(1.,0.,0.));
#10860=CARTESIAN_POINT('',(27.0500000000022,4.,13.));
#10861=VECTOR('',#10862,1.);
#10862=DIRECTION('',(-1.,0.,0.));
#10863=CARTESIAN_POINT('',(22.9500000000022,4.,0.4));
#10864=VECTOR('',#10865,1.);
#10865=DIRECTION('',(1.,0.,0.));
#10866=CARTESIAN_POINT('',(7.95,3.5,13.));
#10867=VECTOR('',#10868,1.);
#10868=DIRECTION('',(1.,0.,0.));
#10869=CARTESIAN_POINT('',(12.05,3.5,8.8));
#10870=VECTOR('',#10871,1.);
#10871=DIRECTION('',(-1.,0.,0.));
#10872=CARTESIAN_POINT('',(12.95,3.5,13.));
#10873=VECTOR('',#10874,1.);
#10874=DIRECTION('',(1.,0.,0.));
#10875=CARTESIAN_POINT('',(17.05,3.5,8.8));
#10876=VECTOR('',#10877,1.);
#10877=DIRECTION('',(-1.,0.,0.));
#10878=CARTESIAN_POINT('',(17.95,3.5,13.));
#10879=VECTOR('',#10880,1.);
#10880=DIRECTION('',(1.,0.,0.));
#10881=CARTESIAN_POINT('',(22.05,3.5,8.8));
#10882=VECTOR('',#10883,1.);
#10883=DIRECTION('',(-1.,0.,0.));
#10884=CARTESIAN_POINT('',(22.95,3.5,13.));
#10885=VECTOR('',#10886,1.);
#10886=DIRECTION('',(1.,0.,0.));
#10887=CARTESIAN_POINT('',(27.05,3.5,8.8));
#10888=VECTOR('',#10889,1.);
#10889=DIRECTION('',(-1.,0.,0.));
#10890=AXIS2_PLACEMENT_3D('',#10891,#10892,#10893);
#10891=CARTESIAN_POINT('',(10.,0.,13.5));
#10892=DIRECTION('',(0.,0.,-1.));
#10893=DIRECTION('',(-0.759259259218097,0.650788273781563,0.));
#10894=CARTESIAN_POINT('',(7.05000000000109,4.25,13.5));
#10895=CARTESIAN_POINT('',(7.95,4.25,13.5));
#10896=VECTOR('',#10897,1.);
#10897=DIRECTION('',(-1.,0.,0.));
#10898=CARTESIAN_POINT('',(7.05,1.75712833921985,13.5));
#10899=CARTESIAN_POINT('',(7.05,1.75712833921985,13.5));
#10900=VECTOR('',#10901,1.);
#10901=DIRECTION('',(4.37520758309083E-013,1.,0.));
#10902=CARTESIAN_POINT('',(2.95000000011114,1.75712833921022,13.5));
#10903=AXIS2_PLACEMENT_3D('',#10904,#10905,#10906);
#10904=CARTESIAN_POINT('',(5.,0.,13.5));
#10905=DIRECTION('',(0.,0.,-1.));
#10906=DIRECTION('',(-0.759259259218097,0.650788273781564,0.));
#10907=CARTESIAN_POINT('',(2.95000000000108,4.25,13.5));
#10908=CARTESIAN_POINT('',(2.95000000000108,4.25,13.5));
#10909=VECTOR('',#10910,1.);
#10910=DIRECTION('',(-4.34670460224281E-013,-1.,0.));
#10911=CARTESIAN_POINT('',(2.05,4.25,13.5));
#10912=CARTESIAN_POINT('',(2.95000000000108,4.25,13.5));
#10913=VECTOR('',#10914,1.);
#10914=DIRECTION('',(-1.,0.,0.));
#10915=CARTESIAN_POINT('',(2.05,1.75712833969042,13.5));
#10916=CARTESIAN_POINT('',(2.05,1.75712833969042,13.5));
#10917=VECTOR('',#10918,1.);
#10918=DIRECTION('',(0.,1.,0.));
#10919=CARTESIAN_POINT('',(-1.09999999993013,2.46576560121876,13.5));
#10920=AXIS2_PLACEMENT_3D('',#10921,#10922,#10923);
#10921=CARTESIAN_POINT('',(0.,0.,13.5));
#10922=DIRECTION('',(0.,0.,-1.));
#10923=DIRECTION('',(-0.407407407381529,0.913246518969911,0.));
#10924=CARTESIAN_POINT('',(-1.1,3.5,13.5));
#10925=CARTESIAN_POINT('',(-1.1,3.5,13.5));
#10926=VECTOR('',#10927,1.);
#10927=DIRECTION('',(0.,-1.,0.));
#10928=CARTESIAN_POINT('',(-1.6,4.,13.5));
#10929=CARTESIAN_POINT('',(-1.6,4.,13.5));
#10930=VECTOR('',#10931,1.);
#10931=DIRECTION('',(0.707106781186547,-0.707106781186548,0.));
#10932=CARTESIAN_POINT('',(-1.6,4.25,13.5));
#10933=CARTESIAN_POINT('',(-1.6,4.25,13.5));
#10934=VECTOR('',#10935,1.);
#10935=DIRECTION('',(0.,-1.,0.));
#10936=CARTESIAN_POINT('',(-2.5,4.25,13.5));
#10937=CARTESIAN_POINT('',(-1.6,4.25,13.5));
#10938=VECTOR('',#10939,1.);
#10939=DIRECTION('',(-1.,0.,0.));
#10940=CARTESIAN_POINT('',(-2.5,3.1,13.5));
#10941=CARTESIAN_POINT('',(-2.5,3.1,13.5));
#10942=VECTOR('',#10943,1.);
#10943=DIRECTION('',(0.,1.,0.));
#10944=CARTESIAN_POINT('',(-1.7,3.4,13.5));
#10945=CARTESIAN_POINT('',(-1.7,3.4,13.5));
#10946=VECTOR('',#10947,1.);
#10947=DIRECTION('',(-0.936329177569044,-0.351123441588394,0.));
#10948=CARTESIAN_POINT('',(-1.7,2.,13.5));
#10949=CARTESIAN_POINT('',(-1.7,2.,13.5));
#10950=VECTOR('',#10951,1.);
#10951=DIRECTION('',(0.,1.,0.));
#10952=CARTESIAN_POINT('',(-2.5,2.3,13.5));
#10953=CARTESIAN_POINT('',(-2.5,2.3,13.5));
#10954=VECTOR('',#10955,1.);
#10955=DIRECTION('',(0.936329177569044,-0.351123441588392,0.));
#10956=CARTESIAN_POINT('',(-2.5,-1.,13.5));
#10957=CARTESIAN_POINT('',(-2.5,-1.,13.5));
#10958=VECTOR('',#10959,1.);
#10959=DIRECTION('',(0.,1.,0.));
#10960=CARTESIAN_POINT('',(-2.5,-2.,13.5));
#10961=AXIS2_PLACEMENT_3D('',#10962,#10963,#10964);
#10962=CARTESIAN_POINT('',(-2.5,-1.5,13.5));
#10963=DIRECTION('',(0.,0.,1.));
#10964=DIRECTION('',(0.,-1.,0.));
#10965=CARTESIAN_POINT('',(-2.5,-2.28447650275517,13.5));
#10966=CARTESIAN_POINT('',(-2.5,-2.28447650275517,13.5));
#10967=VECTOR('',#10968,1.);
#10968=DIRECTION('',(0.,1.,0.));
#10969=CARTESIAN_POINT('',(32.5,-2.28447650275517,13.5));
#10970=CARTESIAN_POINT('',(32.5,-2.28447650275517,13.5));
#10971=VECTOR('',#10972,1.);
#10972=DIRECTION('',(-1.,0.,0.));
#10973=CARTESIAN_POINT('',(32.5,-2.,13.5));
#10974=CARTESIAN_POINT('',(32.5,-2.28447650275517,13.5));
#10975=VECTOR('',#10976,1.);
#10976=DIRECTION('',(0.,1.,0.));
#10977=CARTESIAN_POINT('',(32.5,-1.,13.5));
#10978=AXIS2_PLACEMENT_3D('',#10979,#10980,#10981);
#10979=CARTESIAN_POINT('',(32.5,-1.5,13.5));
#10980=DIRECTION('',(0.,0.,1.));
#10981=DIRECTION('',(0.,1.,0.));
#10982=CARTESIAN_POINT('',(32.5,2.3,13.5));
#10983=CARTESIAN_POINT('',(32.5,-1.,13.5));
#10984=VECTOR('',#10985,1.);
#10985=DIRECTION('',(0.,1.,0.));
#10986=CARTESIAN_POINT('',(33.3,2.,13.5));
#10987=CARTESIAN_POINT('',(32.5,2.3,13.5));
#10988=VECTOR('',#10989,1.);
#10989=DIRECTION('',(0.936329177569044,-0.351123441588393,0.));
#10990=CARTESIAN_POINT('',(33.3,3.4,13.5));
#10991=CARTESIAN_POINT('',(33.3,2.,13.5));
#10992=VECTOR('',#10993,1.);
#10993=DIRECTION('',(0.,1.,0.));
#10994=CARTESIAN_POINT('',(32.5,3.1,13.5));
#10995=CARTESIAN_POINT('',(33.3,3.4,13.5));
#10996=VECTOR('',#10997,1.);
#10997=DIRECTION('',(-0.936329177569044,-0.351123441588393,0.));
#10998=CARTESIAN_POINT('',(32.5,4.25,13.5));
#10999=CARTESIAN_POINT('',(32.5,3.1,13.5));
#11000=VECTOR('',#11001,1.);
#11001=DIRECTION('',(0.,1.,0.));
#11002=CARTESIAN_POINT('',(31.6,4.25,13.5));
#11003=CARTESIAN_POINT('',(32.5,4.25,13.5));
#11004=VECTOR('',#11005,1.);
#11005=DIRECTION('',(-1.,0.,0.));
#11006=CARTESIAN_POINT('',(31.6,2.17485631709315,13.5));
#11007=CARTESIAN_POINT('',(31.6,2.17485631709315,13.5));
#11008=VECTOR('',#11009,1.);
#11009=DIRECTION('',(0.,1.,0.));
#11010=CARTESIAN_POINT('',(27.95,1.75712833908056,13.5));
#11011=AXIS2_PLACEMENT_3D('',#11012,#11013,#11014);
#11012=CARTESIAN_POINT('',(30.,0.,13.5));
#11013=DIRECTION('',(0.,0.,-1.));
#11014=DIRECTION('',(-0.75925925925926,0.65078827373354,0.));
#11015=CARTESIAN_POINT('',(27.95,4.25,13.5));
#11016=CARTESIAN_POINT('',(27.95,4.25,13.5));
#11017=VECTOR('',#11018,1.);
#11018=DIRECTION('',(0.,-1.,0.));
#11019=CARTESIAN_POINT('',(27.95,4.25,13.5));
#11020=VECTOR('',#11021,1.);
#11021=DIRECTION('',(-1.,0.,0.));
#11022=AXIS2_PLACEMENT_3D('',#11023,#11024,#11025);
#11023=CARTESIAN_POINT('',(25.,0.,13.5));
#11024=DIRECTION('',(0.,0.,-1.));
#11025=DIRECTION('',(-0.759259259218097,0.650788273781563,0.));
#11026=CARTESIAN_POINT('',(22.95,4.25,13.5));
#11027=VECTOR('',#11028,1.);
#11028=DIRECTION('',(-1.,0.,0.));
#11029=AXIS2_PLACEMENT_3D('',#11030,#11031,#11032);
#11030=CARTESIAN_POINT('',(20.,0.,13.5));
#11031=DIRECTION('',(0.,0.,-1.));
#11032=DIRECTION('',(-0.759259259218097,0.650788273781563,0.));
#11033=CARTESIAN_POINT('',(17.95,4.25,13.5));
#11034=VECTOR('',#11035,1.);
#11035=DIRECTION('',(-1.,0.,0.));
#11036=AXIS2_PLACEMENT_3D('',#11037,#11038,#11039);
#11037=CARTESIAN_POINT('',(15.,0.,13.5));
#11038=DIRECTION('',(0.,0.,-1.));
#11039=DIRECTION('',(-0.759259259218097,0.650788273781563,0.));
#11040=CARTESIAN_POINT('',(12.95,4.25,13.5));
#11041=VECTOR('',#11042,1.);
#11042=DIRECTION('',(-1.,0.,0.));
#11043=CARTESIAN_POINT('',(5.,2.,13.5));
#11044=AXIS2_PLACEMENT_3D('',#11045,#11046,#11047);
#11045=CARTESIAN_POINT('',(5.,0.,13.5));
#11046=DIRECTION('',(0.,-0.,1.));
#11047=DIRECTION('',(0.,1.,0.));
#11048=CARTESIAN_POINT('',(10.,2.,13.5));
#11049=AXIS2_PLACEMENT_3D('',#11050,#11051,#11052);
#11050=CARTESIAN_POINT('',(10.,0.,13.5));
#11051=DIRECTION('',(0.,-0.,1.));
#11052=DIRECTION('',(0.,1.,0.));
#11053=CARTESIAN_POINT('',(15.,2.,13.5));
#11054=AXIS2_PLACEMENT_3D('',#11055,#11056,#11057);
#11055=CARTESIAN_POINT('',(15.,0.,13.5));
#11056=DIRECTION('',(0.,-0.,1.));
#11057=DIRECTION('',(0.,1.,0.));
#11058=CARTESIAN_POINT('',(20.,2.,13.5));
#11059=AXIS2_PLACEMENT_3D('',#11060,#11061,#11062);
#11060=CARTESIAN_POINT('',(20.,0.,13.5));
#11061=DIRECTION('',(0.,-0.,1.));
#11062=DIRECTION('',(0.,1.,0.));
#11063=CARTESIAN_POINT('',(25.,2.,13.5));
#11064=AXIS2_PLACEMENT_3D('',#11065,#11066,#11067);
#11065=CARTESIAN_POINT('',(25.,0.,13.5));
#11066=DIRECTION('',(0.,-0.,1.));
#11067=DIRECTION('',(0.,1.,0.));
#11068=CARTESIAN_POINT('',(30.,2.,13.5));
#11069=AXIS2_PLACEMENT_3D('',#11070,#11071,#11072);
#11070=CARTESIAN_POINT('',(30.,0.,13.5));
#11071=DIRECTION('',(0.,-0.,1.));
#11072=DIRECTION('',(0.,1.,0.));
#11073=CARTESIAN_POINT('',(0.,2.,13.5));
#11074=AXIS2_PLACEMENT_3D('',#11075,#11076,#11077);
#11075=CARTESIAN_POINT('',(0.,0.,13.5));
#11076=DIRECTION('',(0.,-0.,1.));
#11077=DIRECTION('',(0.,1.,0.));
#11078=CARTESIAN_POINT('',(28.,-1.5,13.5));
#11079=AXIS2_PLACEMENT_3D('',#11080,#11081,#11082);
#11080=CARTESIAN_POINT('',(27.5,-1.5,13.5));
#11081=DIRECTION('',(0.,-0.,1.));
#11082=DIRECTION('',(1.,0.,0.));
#11083=CARTESIAN_POINT('',(23.,-1.5,13.5));
#11084=AXIS2_PLACEMENT_3D('',#11085,#11086,#11087);
#11085=CARTESIAN_POINT('',(22.5,-1.5,13.5));
#11086=DIRECTION('',(0.,-0.,1.));
#11087=DIRECTION('',(1.,0.,0.));
#11088=CARTESIAN_POINT('',(18.,-1.5,13.5));
#11089=AXIS2_PLACEMENT_3D('',#11090,#11091,#11092);
#11090=CARTESIAN_POINT('',(17.5,-1.5,13.5));
#11091=DIRECTION('',(0.,-0.,1.));
#11092=DIRECTION('',(1.,0.,0.));
#11093=CARTESIAN_POINT('',(13.,-1.5,13.5));
#11094=AXIS2_PLACEMENT_3D('',#11095,#11096,#11097);
#11095=CARTESIAN_POINT('',(12.5,-1.5,13.5));
#11096=DIRECTION('',(0.,-0.,1.));
#11097=DIRECTION('',(1.,0.,0.));
#11098=CARTESIAN_POINT('',(8.,-1.5,13.5));
#11099=AXIS2_PLACEMENT_3D('',#11100,#11101,#11102);
#11100=CARTESIAN_POINT('',(7.5,-1.5,13.5));
#11101=DIRECTION('',(0.,-0.,1.));
#11102=DIRECTION('',(1.,0.,0.));
#11103=CARTESIAN_POINT('',(3.,-1.5,13.5));
#11104=AXIS2_PLACEMENT_3D('',#11105,#11106,#11107);
#11105=CARTESIAN_POINT('',(2.5,-1.5,13.5));
#11106=DIRECTION('',(0.,-0.,1.));
#11107=DIRECTION('',(1.,0.,0.));
#11108=AXIS2_PLACEMENT_3D('',#11109,#11110,#11111);
#11109=CARTESIAN_POINT('',(25.,0.,8.8));
#11110=DIRECTION('',(0.,0.,-1.));
#11111=DIRECTION('',(-0.759259259218097,0.650788273781564,0.));
#11112=CARTESIAN_POINT('',(25.95,-4.5,0.4));
#11113=CARTESIAN_POINT('',(27.05,-4.5,0.4));
#11114=VECTOR('',#11115,1.);
#11115=DIRECTION('',(-1.,0.,0.));
#11116=CARTESIAN_POINT('',(25.95,0.,0.4));
#11117=CARTESIAN_POINT('',(25.95,0.,0.4));
#11118=VECTOR('',#11119,1.);
#11119=DIRECTION('',(0.,-1.,0.));
#11120=CARTESIAN_POINT('',(24.05,5.74590265603038E-017,0.4));
#11121=AXIS2_PLACEMENT_3D('',#11122,#11123,#11124);
#11122=CARTESIAN_POINT('',(25.,0.,0.4));
#11123=DIRECTION('',(0.,0.,1.));
#11124=DIRECTION('',(1.,0.,0.));
#11125=CARTESIAN_POINT('',(24.05,-4.5,0.4));
#11126=CARTESIAN_POINT('',(24.05,-4.5,0.4));
#11127=VECTOR('',#11128,1.);
#11128=DIRECTION('',(0.,1.,0.));
#11129=CARTESIAN_POINT('',(24.05,-4.5,0.4));
#11130=VECTOR('',#11131,1.);
#11131=DIRECTION('',(-1.,0.,0.));
#11132=CARTESIAN_POINT('',(9.05,-4.5,0.4));
#11133=CARTESIAN_POINT('',(9.05,-4.5,0.4));
#11134=VECTOR('',#11135,1.);
#11135=DIRECTION('',(-1.,0.,0.));
#11136=CARTESIAN_POINT('',(9.05,-4.5,1.));
#11137=CARTESIAN_POINT('',(9.05,-4.5,1.));
#11138=VECTOR('',#11139,1.);
#11139=DIRECTION('',(0.,0.,-1.));
#11140=CARTESIAN_POINT('',(7.8,-4.5,1.));
#11141=CARTESIAN_POINT('',(7.8,-4.5,1.));
#11142=VECTOR('',#11143,1.);
#11143=DIRECTION('',(1.,0.,0.));
#11144=CARTESIAN_POINT('',(7.8,-4.5,7.3));
#11145=CARTESIAN_POINT('',(7.8,-4.5,7.3));
#11146=VECTOR('',#11147,1.);
#11147=DIRECTION('',(0.,0.,-1.));
#11148=CARTESIAN_POINT('',(12.2,-4.5,7.3));
#11149=CARTESIAN_POINT('',(12.2,-4.5,7.3));
#11150=VECTOR('',#11151,1.);
#11151=DIRECTION('',(-1.,0.,0.));
#11152=CARTESIAN_POINT('',(12.2,-4.5,1.));
#11153=CARTESIAN_POINT('',(12.2,-4.5,1.));
#11154=VECTOR('',#11155,1.);
#11155=DIRECTION('',(0.,0.,1.));
#11156=CARTESIAN_POINT('',(10.95,-4.5,1.));
#11157=CARTESIAN_POINT('',(10.95,-4.5,1.));
#11158=VECTOR('',#11159,1.);
#11159=DIRECTION('',(1.,0.,0.));
#11160=CARTESIAN_POINT('',(10.95,-4.5,0.4));
#11161=CARTESIAN_POINT('',(10.95,-4.5,0.4));
#11162=VECTOR('',#11163,1.);
#11163=DIRECTION('',(0.,0.,1.));
#11164=CARTESIAN_POINT('',(12.05,-4.5,0.4));
#11165=VECTOR('',#11166,1.);
#11166=DIRECTION('',(-1.,0.,0.));
#11167=CARTESIAN_POINT('',(12.95,-4.5,4.81482486096809E-035));
#11168=VECTOR('',#11169,1.);
#11169=DIRECTION('',(-1.,0.,0.));
#11170=CARTESIAN_POINT('',(14.05,-4.5,0.4));
#11171=CARTESIAN_POINT('',(14.05,-4.5,0.4));
#11172=VECTOR('',#11173,1.);
#11173=DIRECTION('',(-1.,0.,0.));
#11174=CARTESIAN_POINT('',(14.05,-4.5,1.));
#11175=CARTESIAN_POINT('',(14.05,-4.5,1.));
#11176=VECTOR('',#11177,1.);
#11177=DIRECTION('',(0.,0.,-1.));
#11178=CARTESIAN_POINT('',(12.8,-4.5,1.));
#11179=CARTESIAN_POINT('',(12.8,-4.5,1.));
#11180=VECTOR('',#11181,1.);
#11181=DIRECTION('',(1.,0.,0.));
#11182=CARTESIAN_POINT('',(12.8,-4.5,7.3));
#11183=CARTESIAN_POINT('',(12.8,-4.5,7.3));
#11184=VECTOR('',#11185,1.);
#11185=DIRECTION('',(0.,0.,-1.));
#11186=CARTESIAN_POINT('',(17.2,-4.5,7.3));
#11187=CARTESIAN_POINT('',(17.2,-4.5,7.3));
#11188=VECTOR('',#11189,1.);
#11189=DIRECTION('',(-1.,0.,-2.01858731750028E-016));
#11190=CARTESIAN_POINT('',(17.2,-4.5,1.));
#11191=CARTESIAN_POINT('',(17.2,-4.5,1.));
#11192=VECTOR('',#11193,1.);
#11193=DIRECTION('',(0.,0.,1.));
#11194=CARTESIAN_POINT('',(15.95,-4.5,1.));
#11195=CARTESIAN_POINT('',(15.95,-4.5,1.));
#11196=VECTOR('',#11197,1.);
#11197=DIRECTION('',(1.,0.,0.));
#11198=CARTESIAN_POINT('',(15.95,-4.5,0.4));
#11199=CARTESIAN_POINT('',(15.95,-4.5,0.4));
#11200=VECTOR('',#11201,1.);
#11201=DIRECTION('',(0.,0.,1.));
#11202=CARTESIAN_POINT('',(17.05,-4.5,0.4));
#11203=VECTOR('',#11204,1.);
#11204=DIRECTION('',(-1.,0.,0.));
#11205=CARTESIAN_POINT('',(17.95,-4.5,4.81482486096809E-035));
#11206=VECTOR('',#11207,1.);
#11207=DIRECTION('',(-1.,0.,0.));
#11208=CARTESIAN_POINT('',(19.05,-4.5,0.4));
#11209=CARTESIAN_POINT('',(19.05,-4.5,0.4));
#11210=VECTOR('',#11211,1.);
#11211=DIRECTION('',(-1.,0.,0.));
#11212=CARTESIAN_POINT('',(19.05,-4.5,1.));
#11213=CARTESIAN_POINT('',(19.05,-4.5,1.));
#11214=VECTOR('',#11215,1.);
#11215=DIRECTION('',(0.,0.,-1.));
#11216=CARTESIAN_POINT('',(17.8,-4.5,1.));
#11217=CARTESIAN_POINT('',(17.8,-4.5,1.));
#11218=VECTOR('',#11219,1.);
#11219=DIRECTION('',(1.,0.,0.));
#11220=CARTESIAN_POINT('',(17.8,-4.5,7.3));
#11221=CARTESIAN_POINT('',(17.8,-4.5,7.3));
#11222=VECTOR('',#11223,1.);
#11223=DIRECTION('',(0.,0.,-1.));
#11224=CARTESIAN_POINT('',(22.2,-4.5,7.3));
#11225=CARTESIAN_POINT('',(22.2,-4.5,7.3));
#11226=VECTOR('',#11227,1.);
#11227=DIRECTION('',(-1.,0.,0.));
#11228=CARTESIAN_POINT('',(22.2,-4.5,1.));
#11229=CARTESIAN_POINT('',(22.2,-4.5,1.));
#11230=VECTOR('',#11231,1.);
#11231=DIRECTION('',(0.,0.,1.));
#11232=CARTESIAN_POINT('',(20.95,-4.5,1.));
#11233=CARTESIAN_POINT('',(20.95,-4.5,1.));
#11234=VECTOR('',#11235,1.);
#11235=DIRECTION('',(1.,0.,0.));
#11236=CARTESIAN_POINT('',(20.95,-4.5,0.4));
#11237=CARTESIAN_POINT('',(20.95,-4.5,0.4));
#11238=VECTOR('',#11239,1.);
#11239=DIRECTION('',(0.,0.,1.));
#11240=CARTESIAN_POINT('',(22.05,-4.5,0.4));
#11241=VECTOR('',#11242,1.);
#11242=DIRECTION('',(-1.,0.,0.));
#11243=CARTESIAN_POINT('',(22.95,-4.5,4.81482486096809E-035));
#11244=VECTOR('',#11245,1.);
#11245=DIRECTION('',(-1.,0.,0.));
#11246=CARTESIAN_POINT('',(24.05,-4.5,1.));
#11247=CARTESIAN_POINT('',(24.05,-4.5,1.));
#11248=VECTOR('',#11249,1.);
#11249=DIRECTION('',(0.,0.,-1.));
#11250=CARTESIAN_POINT('',(22.8,-4.5,1.));
#11251=CARTESIAN_POINT('',(22.8,-4.5,1.));
#11252=VECTOR('',#11253,1.);
#11253=DIRECTION('',(1.,0.,0.));
#11254=CARTESIAN_POINT('',(22.8,-4.5,7.3));
#11255=CARTESIAN_POINT('',(22.8,-4.5,7.3));
#11256=VECTOR('',#11257,1.);
#11257=DIRECTION('',(0.,0.,-1.));
#11258=CARTESIAN_POINT('',(27.2,-4.5,7.3));
#11259=CARTESIAN_POINT('',(27.2,-4.5,7.3));
#11260=VECTOR('',#11261,1.);
#11261=DIRECTION('',(-1.,0.,0.));
#11262=CARTESIAN_POINT('',(27.2,-4.5,1.));
#11263=CARTESIAN_POINT('',(27.2,-4.5,1.));
#11264=VECTOR('',#11265,1.);
#11265=DIRECTION('',(0.,0.,1.));
#11266=CARTESIAN_POINT('',(25.95,-4.5,1.));
#11267=CARTESIAN_POINT('',(25.95,-4.5,1.));
#11268=VECTOR('',#11269,1.);
#11269=DIRECTION('',(1.,0.,0.));
#11270=CARTESIAN_POINT('',(25.95,-4.5,0.4));
#11271=VECTOR('',#11272,1.);
#11272=DIRECTION('',(0.,0.,1.));
#11273=CARTESIAN_POINT('',(27.95,-4.5,4.81482486096809E-035));
#11274=CARTESIAN_POINT('',(27.95,-4.5,4.81482486096809E-035));
#11275=VECTOR('',#11276,1.);
#11276=DIRECTION('',(-1.,0.,0.));
#11277=CARTESIAN_POINT('',(27.95,-4.5,0.4));
#11278=CARTESIAN_POINT('',(27.95,-4.5,0.4));
#11279=VECTOR('',#11280,1.);
#11280=DIRECTION('',(0.,0.,-1.));
#11281=CARTESIAN_POINT('',(29.05,-4.5,0.4));
#11282=CARTESIAN_POINT('',(29.05,-4.5,0.4));
#11283=VECTOR('',#11284,1.);
#11284=DIRECTION('',(-1.,0.,0.));
#11285=CARTESIAN_POINT('',(29.05,-4.5,1.));
#11286=CARTESIAN_POINT('',(29.05,-4.5,1.));
#11287=VECTOR('',#11288,1.);
#11288=DIRECTION('',(0.,0.,-1.));
#11289=CARTESIAN_POINT('',(27.8,-4.5,1.));
#11290=CARTESIAN_POINT('',(27.8,-4.5,1.));
#11291=VECTOR('',#11292,1.);
#11292=DIRECTION('',(1.,0.,0.));
#11293=CARTESIAN_POINT('',(27.8,-4.5,7.3));
#11294=CARTESIAN_POINT('',(27.8,-4.5,7.3));
#11295=VECTOR('',#11296,1.);
#11296=DIRECTION('',(0.,0.,-1.));
#11297=CARTESIAN_POINT('',(32.2,-4.5,7.3));
#11298=CARTESIAN_POINT('',(32.2,-4.5,7.3));
#11299=VECTOR('',#11300,1.);
#11300=DIRECTION('',(-1.,0.,0.));
#11301=CARTESIAN_POINT('',(32.2,-4.5,1.));
#11302=CARTESIAN_POINT('',(32.2,-4.5,1.));
#11303=VECTOR('',#11304,1.);
#11304=DIRECTION('',(0.,0.,1.));
#11305=CARTESIAN_POINT('',(30.95,-4.5,1.));
#11306=CARTESIAN_POINT('',(30.95,-4.5,1.));
#11307=VECTOR('',#11308,1.);
#11308=DIRECTION('',(1.,0.,0.));
#11309=CARTESIAN_POINT('',(30.95,-4.5,0.4));
#11310=CARTESIAN_POINT('',(30.95,-4.5,0.4));
#11311=VECTOR('',#11312,1.);
#11312=DIRECTION('',(0.,0.,1.));
#11313=CARTESIAN_POINT('',(31.6,-4.5,0.4));
#11314=CARTESIAN_POINT('',(31.6,-4.5,0.4));
#11315=VECTOR('',#11316,1.);
#11316=DIRECTION('',(-1.,0.,0.));
#11317=CARTESIAN_POINT('',(31.6,-4.5,4.81482486096809E-035));
#11318=CARTESIAN_POINT('',(31.6,-4.5,4.81482486096809E-035));
#11319=VECTOR('',#11320,1.);
#11320=DIRECTION('',(0.,0.,1.));
#11321=CARTESIAN_POINT('',(32.5,-4.5,4.81482486096809E-035));
#11322=CARTESIAN_POINT('',(32.5,-4.5,4.81482486096809E-035));
#11323=VECTOR('',#11324,1.);
#11324=DIRECTION('',(-1.,0.,0.));
#11325=CARTESIAN_POINT('',(32.5,-4.5,8.55));
#11326=CARTESIAN_POINT('',(32.5,-4.5,4.81482486096809E-035));
#11327=VECTOR('',#11328,1.);
#11328=DIRECTION('',(0.,0.,1.));
#11329=CARTESIAN_POINT('',(-2.5,-4.5,8.55));
#11330=CARTESIAN_POINT('',(32.5,-4.5,8.55));
#11331=VECTOR('',#11332,1.);
#11332=DIRECTION('',(-1.,0.,0.));
#11333=CARTESIAN_POINT('',(-2.5,-4.5,4.81482486096809E-035));
#11334=CARTESIAN_POINT('',(-2.5,-4.5,4.81482486096809E-035));
#11335=VECTOR('',#11336,1.);
#11336=DIRECTION('',(0.,0.,1.));
#11337=CARTESIAN_POINT('',(-1.6,-4.5,4.81482486096809E-035));
#11338=CARTESIAN_POINT('',(-1.6,-4.5,4.81482486096809E-035));
#11339=VECTOR('',#11340,1.);
#11340=DIRECTION('',(-1.,0.,0.));
#11341=CARTESIAN_POINT('',(-1.6,-4.5,0.4));
#11342=CARTESIAN_POINT('',(-1.6,-4.5,0.4));
#11343=VECTOR('',#11344,1.);
#11344=DIRECTION('',(0.,0.,-1.));
#11345=CARTESIAN_POINT('',(-0.950000000000001,-4.5,0.4));
#11346=CARTESIAN_POINT('',(-0.950000000000003,-4.5,0.4));
#11347=VECTOR('',#11348,1.);
#11348=DIRECTION('',(-1.,0.,0.));
#11349=CARTESIAN_POINT('',(-0.950000000000003,-4.5,1.));
#11350=CARTESIAN_POINT('',(-0.950000000000003,-4.5,1.));
#11351=VECTOR('',#11352,1.);
#11352=DIRECTION('',(0.,0.,-1.));
#11353=CARTESIAN_POINT('',(-2.2,-4.5,1.));
#11354=CARTESIAN_POINT('',(-2.2,-4.5,1.));
#11355=VECTOR('',#11356,1.);
#11356=DIRECTION('',(1.,0.,0.));
#11357=CARTESIAN_POINT('',(-2.2,-4.5,7.3));
#11358=CARTESIAN_POINT('',(-2.2,-4.5,7.3));
#11359=VECTOR('',#11360,1.);
#11360=DIRECTION('',(0.,0.,-1.));
#11361=CARTESIAN_POINT('',(2.19999999999999,-4.5,7.3));
#11362=CARTESIAN_POINT('',(2.19999999999999,-4.5,7.3));
#11363=VECTOR('',#11364,1.);
#11364=DIRECTION('',(-1.,0.,0.));
#11365=CARTESIAN_POINT('',(2.2,-4.5,1.));
#11366=CARTESIAN_POINT('',(2.2,-4.5,1.));
#11367=VECTOR('',#11368,1.);
#11368=DIRECTION('',(0.,0.,1.));
#11369=CARTESIAN_POINT('',(0.950000000000003,-4.5,1.));
#11370=CARTESIAN_POINT('',(0.950000000000003,-4.5,1.));
#11371=VECTOR('',#11372,1.);
#11372=DIRECTION('',(1.,0.,0.));
#11373=CARTESIAN_POINT('',(0.95,-4.5,0.4));
#11374=CARTESIAN_POINT('',(0.949999999999999,-4.5,0.4));
#11375=VECTOR('',#11376,1.);
#11376=DIRECTION('',(0.,0.,1.));
#11377=CARTESIAN_POINT('',(2.05,-4.5,0.4));
#11378=CARTESIAN_POINT('',(2.05,-4.5,0.4));
#11379=VECTOR('',#11380,1.);
#11380=DIRECTION('',(-1.,0.,0.));
#11381=CARTESIAN_POINT('',(2.05,-4.5,4.81482486096809E-035));
#11382=CARTESIAN_POINT('',(2.05,-4.5,4.81482486096809E-035));
#11383=VECTOR('',#11384,1.);
#11384=DIRECTION('',(0.,0.,1.));
#11385=CARTESIAN_POINT('',(2.95,-4.5,4.81482486096809E-035));
#11386=CARTESIAN_POINT('',(2.95,-4.5,4.81482486096809E-035));
#11387=VECTOR('',#11388,1.);
#11388=DIRECTION('',(-1.,0.,0.));
#11389=CARTESIAN_POINT('',(2.95,-4.5,0.4));
#11390=CARTESIAN_POINT('',(2.95,-4.5,0.4));
#11391=VECTOR('',#11392,1.);
#11392=DIRECTION('',(0.,0.,-1.));
#11393=CARTESIAN_POINT('',(4.05,-4.5,0.4));
#11394=CARTESIAN_POINT('',(4.05,-4.5,0.4));
#11395=VECTOR('',#11396,1.);
#11396=DIRECTION('',(-1.,0.,0.));
#11397=CARTESIAN_POINT('',(4.05,-4.5,1.));
#11398=CARTESIAN_POINT('',(4.05,-4.5,1.));
#11399=VECTOR('',#11400,1.);
#11400=DIRECTION('',(-5.9211894646675E-015,0.,-1.));
#11401=CARTESIAN_POINT('',(2.8,-4.5,1.));
#11402=CARTESIAN_POINT('',(2.80000000000001,-4.5,1.));
#11403=VECTOR('',#11404,1.);
#11404=DIRECTION('',(1.,0.,0.));
#11405=CARTESIAN_POINT('',(2.8,-4.5,7.3));
#11406=CARTESIAN_POINT('',(2.8,-4.5,7.3));
#11407=VECTOR('',#11408,1.);
#11408=DIRECTION('',(-5.6392280615881E-016,0.,-1.));
#11409=CARTESIAN_POINT('',(7.2,-4.5,7.3));
#11410=CARTESIAN_POINT('',(7.2,-4.5,7.3));
#11411=VECTOR('',#11412,1.);
#11412=DIRECTION('',(-1.,0.,-2.01858731750029E-016));
#11413=CARTESIAN_POINT('',(7.2,-4.5,1.));
#11414=CARTESIAN_POINT('',(7.2,-4.5,1.));
#11415=VECTOR('',#11416,1.);
#11416=DIRECTION('',(5.6392280615881E-016,0.,1.));
#11417=CARTESIAN_POINT('',(5.95,-4.5,1.));
#11418=CARTESIAN_POINT('',(5.95,-4.5,1.));
#11419=VECTOR('',#11420,1.);
#11420=DIRECTION('',(1.,0.,0.));
#11421=CARTESIAN_POINT('',(5.95,-4.5,0.4));
#11422=CARTESIAN_POINT('',(5.95,-4.5,0.4));
#11423=VECTOR('',#11424,1.);
#11424=DIRECTION('',(0.,0.,1.));
#11425=CARTESIAN_POINT('',(7.05,-4.5,0.4));
#11426=CARTESIAN_POINT('',(7.05,-4.5,0.4));
#11427=VECTOR('',#11428,1.);
#11428=DIRECTION('',(-1.,0.,-5.04646829375074E-017));
#11429=CARTESIAN_POINT('',(7.05,-4.5,4.81482486096809E-035));
#11430=CARTESIAN_POINT('',(7.05,-4.5,4.81482486096809E-035));
#11431=VECTOR('',#11432,1.);
#11432=DIRECTION('',(0.,0.,1.));
#11433=CARTESIAN_POINT('',(7.95,-4.5,4.81482486096809E-035));
#11434=VECTOR('',#11435,1.);
#11435=DIRECTION('',(-1.,0.,0.));
#11436=CARTESIAN_POINT('',(22.95,4.5,0.));
#11437=VECTOR('',#11438,1.);
#11438=DIRECTION('',(-1.,0.,0.));
#11439=CARTESIAN_POINT('',(22.95,4.5,13.25));
#11440=VECTOR('',#11441,1.);
#11441=DIRECTION('',(-1.,0.,0.));
#11442=CARTESIAN_POINT('',(27.95,4.5,13.25));
#11443=AXIS2_PLACEMENT_3D('',#11444,#11445,#11446);
#11444=CARTESIAN_POINT('',(27.95,4.25,13.25));
#11445=DIRECTION('',(-1.,0.,0.));
#11446=DIRECTION('',(0.,0.,1.));
#11447=CARTESIAN_POINT('',(27.95,4.5,13.25));
#11448=VECTOR('',#11449,1.);
#11449=DIRECTION('',(-1.,0.,0.));
#11450=CARTESIAN_POINT('',(27.95,4.5,0.));
#11451=CARTESIAN_POINT('',(27.95,4.5,0.));
#11452=VECTOR('',#11453,1.);
#11453=DIRECTION('',(0.,0.,1.));
#11454=CARTESIAN_POINT('',(27.95,4.5,0.));
#11455=VECTOR('',#11456,1.);
#11456=DIRECTION('',(-1.,0.,0.));
#11457=CARTESIAN_POINT('',(27.95,-4.5,4.81482486096809E-035));
#11458=VECTOR('',#11459,1.);
#11459=DIRECTION('',(0.,1.,-5.34980540107565E-036));
#11460=AXIS2_PLACEMENT_3D('',#11461,#11462,#11463);
#11461=CARTESIAN_POINT('',(20.,0.,8.8));
#11462=DIRECTION('',(0.,0.,-1.));
#11463=DIRECTION('',(-0.759259259218097,0.650788273781564,0.));
#11464=CARTESIAN_POINT('',(20.95,0.,0.4));
#11465=CARTESIAN_POINT('',(20.95,0.,0.4));
#11466=VECTOR('',#11467,1.);
#11467=DIRECTION('',(0.,-1.,0.));
#11468=CARTESIAN_POINT('',(19.05,5.74590265603038E-017,0.4));
#11469=AXIS2_PLACEMENT_3D('',#11470,#11471,#11472);
#11470=CARTESIAN_POINT('',(20.,0.,0.4));
#11471=DIRECTION('',(0.,0.,1.));
#11472=DIRECTION('',(1.,0.,0.));
#11473=CARTESIAN_POINT('',(19.05,-4.5,0.4));
#11474=VECTOR('',#11475,1.);
#11475=DIRECTION('',(0.,1.,0.));
#11476=CARTESIAN_POINT('',(17.95,4.5,0.));
#11477=VECTOR('',#11478,1.);
#11478=DIRECTION('',(-1.,0.,0.));
#11479=CARTESIAN_POINT('',(17.95,4.5,13.25));
#11480=VECTOR('',#11481,1.);
#11481=DIRECTION('',(-1.,0.,0.));
#11482=AXIS2_PLACEMENT_3D('',#11483,#11484,#11485);
#11483=CARTESIAN_POINT('',(15.,0.,8.8));
#11484=DIRECTION('',(0.,0.,-1.));
#11485=DIRECTION('',(-0.759259259218096,0.650788273781564,0.));
#11486=CARTESIAN_POINT('',(15.95,0.,0.4));
#11487=CARTESIAN_POINT('',(15.95,0.,0.4));
#11488=VECTOR('',#11489,1.);
#11489=DIRECTION('',(0.,-1.,0.));
#11490=CARTESIAN_POINT('',(14.05,5.74590265603038E-017,0.4));
#11491=AXIS2_PLACEMENT_3D('',#11492,#11493,#11494);
#11492=CARTESIAN_POINT('',(15.,0.,0.4));
#11493=DIRECTION('',(0.,0.,1.));
#11494=DIRECTION('',(1.,0.,0.));
#11495=CARTESIAN_POINT('',(14.05,-4.5,0.4));
#11496=VECTOR('',#11497,1.);
#11497=DIRECTION('',(0.,1.,0.));
#11498=CARTESIAN_POINT('',(12.95,4.5,0.));
#11499=VECTOR('',#11500,1.);
#11500=DIRECTION('',(-1.,0.,0.));
#11501=CARTESIAN_POINT('',(12.95,4.5,13.25));
#11502=VECTOR('',#11503,1.);
#11503=DIRECTION('',(-1.,0.,0.));
#11504=AXIS2_PLACEMENT_3D('',#11505,#11506,#11507);
#11505=CARTESIAN_POINT('',(10.,0.,8.8));
#11506=DIRECTION('',(0.,0.,-1.));
#11507=DIRECTION('',(-0.759259259218096,0.650788273781564,0.));
#11508=CARTESIAN_POINT('',(10.95,0.,0.4));
#11509=CARTESIAN_POINT('',(10.95,0.,0.4));
#11510=VECTOR('',#11511,1.);
#11511=DIRECTION('',(0.,-1.,0.));
#11512=CARTESIAN_POINT('',(9.05,5.74590265603038E-017,0.4));
#11513=AXIS2_PLACEMENT_3D('',#11514,#11515,#11516);
#11514=CARTESIAN_POINT('',(10.,0.,0.4));
#11515=DIRECTION('',(0.,0.,1.));
#11516=DIRECTION('',(1.,0.,0.));
#11517=CARTESIAN_POINT('',(9.05,-4.5,0.4));
#11518=VECTOR('',#11519,1.);
#11519=DIRECTION('',(0.,1.,0.));
#11520=CARTESIAN_POINT('',(7.05,4.5,0.));
#11521=CARTESIAN_POINT('',(7.05,4.5,0.));
#11522=VECTOR('',#11523,1.);
#11523=DIRECTION('',(0.,-1.,5.34980540107565E-036));
#11524=CARTESIAN_POINT('',(7.95,4.5,0.));
#11525=VECTOR('',#11526,1.);
#11526=DIRECTION('',(-1.,0.,0.));
#11527=CARTESIAN_POINT('',(7.05000000000109,4.5,13.25));
#11528=CARTESIAN_POINT('',(7.05000000000001,4.5,13.25));
#11529=VECTOR('',#11530,1.);
#11530=DIRECTION('',(-5.36258668498189E-016,0.,-1.));
#11531=CARTESIAN_POINT('',(7.95,4.5,13.25));
#11532=VECTOR('',#11533,1.);
#11533=DIRECTION('',(-1.,0.,0.));
#11534=AXIS2_PLACEMENT_3D('',#11535,#11536,#11537);
#11535=CARTESIAN_POINT('',(7.05,4.25,13.25));
#11536=DIRECTION('',(-1.,0.,0.));
#11537=DIRECTION('',(0.,0.,1.));
#11538=CARTESIAN_POINT('',(7.05000000000036,4.,0.4));
#11539=CARTESIAN_POINT('',(7.05,-4.5,0.4));
#11540=VECTOR('',#11541,1.);
#11541=DIRECTION('',(0.,1.,0.));
#11542=CARTESIAN_POINT('',(7.05000000000145,4.,13.));
#11543=CARTESIAN_POINT('',(7.05000000000217,4.,0.4));
#11544=VECTOR('',#11545,1.);
#11545=DIRECTION('',(0.,0.,1.));
#11546=CARTESIAN_POINT('',(7.05,3.5,13.));
#11547=CARTESIAN_POINT('',(7.05,3.5,13.));
#11548=VECTOR('',#11549,1.);
#11549=DIRECTION('',(0.,1.,0.));
#11550=CARTESIAN_POINT('',(7.05,3.5,8.8));
#11551=CARTESIAN_POINT('',(7.05,3.5,8.8));
#11552=VECTOR('',#11553,1.);
#11553=DIRECTION('',(0.,0.,1.));
#11554=CARTESIAN_POINT('',(7.05,1.75712833921985,8.8));
#11555=CARTESIAN_POINT('',(7.05,1.75712833921985,8.8));
#11556=VECTOR('',#11557,1.);
#11557=DIRECTION('',(0.,1.,0.));
#11558=CARTESIAN_POINT('',(7.05,1.75712833921985,8.8));
#11559=VECTOR('',#11560,1.);
#11560=DIRECTION('',(0.,0.,1.));
#11561=CARTESIAN_POINT('',(2.95000000011114,1.75712833921022,8.8));
#11562=AXIS2_PLACEMENT_3D('',#11563,#11564,#11565);
#11563=CARTESIAN_POINT('',(5.,0.,8.8));
#11564=DIRECTION('',(0.,0.,-1.));
#11565=DIRECTION('',(-0.759259259218097,0.650788273781564,0.));
#11566=CARTESIAN_POINT('',(2.95,1.75712833930548,8.8));
#11567=VECTOR('',#11568,1.);
#11568=DIRECTION('',(0.,0.,1.));
#11569=CARTESIAN_POINT('',(2.95,4.5,13.25));
#11570=CARTESIAN_POINT('',(2.95,4.5,0.));
#11571=CARTESIAN_POINT('',(2.95,4.5,0.));
#11572=VECTOR('',#11573,1.);
#11573=DIRECTION('',(0.,0.,1.));
#11574=AXIS2_PLACEMENT_3D('',#11575,#11576,#11577);
#11575=CARTESIAN_POINT('',(2.95,4.25,13.25));
#11576=DIRECTION('',(-1.,0.,0.));
#11577=DIRECTION('',(0.,0.,1.));
#11578=CARTESIAN_POINT('',(2.95,3.5,8.8));
#11579=CARTESIAN_POINT('',(2.95,3.5,8.8));
#11580=VECTOR('',#11581,1.);
#11581=DIRECTION('',(0.,-1.,0.));
#11582=CARTESIAN_POINT('',(2.95,3.5,13.));
#11583=CARTESIAN_POINT('',(2.95,3.5,8.8));
#11584=VECTOR('',#11585,1.);
#11585=DIRECTION('',(0.,0.,1.));
#11586=CARTESIAN_POINT('',(2.95000000000144,4.,13.));
#11587=CARTESIAN_POINT('',(2.95,4.,13.));
#11588=VECTOR('',#11589,1.);
#11589=DIRECTION('',(0.,-1.,0.));
#11590=CARTESIAN_POINT('',(2.95000000000108,4.,0.4));
#11591=CARTESIAN_POINT('',(2.95,4.,0.4));
#11592=VECTOR('',#11593,1.);
#11593=DIRECTION('',(0.,0.,1.));
#11594=CARTESIAN_POINT('',(2.95,-4.5,0.4));
#11595=VECTOR('',#11596,1.);
#11596=DIRECTION('',(0.,1.,0.));
#11597=CARTESIAN_POINT('',(2.95,-4.5,4.81482486096809E-035));
#11598=VECTOR('',#11599,1.);
#11599=DIRECTION('',(0.,1.,-5.34980540107565E-036));
#11600=CARTESIAN_POINT('',(2.05,4.5,13.25));
#11601=CARTESIAN_POINT('',(2.95,4.5,13.25));
#11602=VECTOR('',#11603,1.);
#11603=DIRECTION('',(-1.,0.,0.));
#11604=AXIS2_PLACEMENT_3D('',#11605,#11606,#11607);
#11605=CARTESIAN_POINT('',(2.05,4.25,13.25));
#11606=DIRECTION('',(-1.,0.,0.));
#11607=DIRECTION('',(0.,0.,1.));
#11608=CARTESIAN_POINT('',(2.05,4.5,0.));
#11609=CARTESIAN_POINT('',(2.05,4.5,0.));
#11610=VECTOR('',#11611,1.);
#11611=DIRECTION('',(0.,-1.,5.34980540107565E-036));
#11612=CARTESIAN_POINT('',(2.05,4.,0.4));
#11613=CARTESIAN_POINT('',(2.05,-4.5,0.4));
#11614=VECTOR('',#11615,1.);
#11615=DIRECTION('',(0.,1.,0.));
#11616=CARTESIAN_POINT('',(2.05,4.,13.));
#11617=CARTESIAN_POINT('',(2.05,4.,0.4));
#11618=VECTOR('',#11619,1.);
#11619=DIRECTION('',(0.,0.,1.));
#11620=CARTESIAN_POINT('',(2.05,3.5,13.));
#11621=CARTESIAN_POINT('',(2.05,3.5,13.));
#11622=VECTOR('',#11623,1.);
#11623=DIRECTION('',(0.,1.,0.));
#11624=CARTESIAN_POINT('',(2.05,3.5,8.8));
#11625=CARTESIAN_POINT('',(2.05,3.5,8.8));
#11626=VECTOR('',#11627,1.);
#11627=DIRECTION('',(0.,0.,1.));
#11628=CARTESIAN_POINT('',(2.05,1.75712833969042,8.8));
#11629=CARTESIAN_POINT('',(2.05,1.75712833969042,8.8));
#11630=VECTOR('',#11631,1.);
#11631=DIRECTION('',(0.,1.,0.));
#11632=CARTESIAN_POINT('',(2.05,1.75712833969042,8.8));
#11633=VECTOR('',#11634,1.);
#11634=DIRECTION('',(0.,0.,1.));
#11635=CARTESIAN_POINT('',(2.05,4.5,13.25));
#11636=VECTOR('',#11637,1.);
#11637=DIRECTION('',(0.,0.,-1.));
#11638=CARTESIAN_POINT('',(-1.09999999993013,2.46576560121876,8.8));
#11639=AXIS2_PLACEMENT_3D('',#11640,#11641,#11642);
#11640=CARTESIAN_POINT('',(0.,0.,8.8));
#11641=DIRECTION('',(0.,0.,-1.));
#11642=DIRECTION('',(-0.407407407381529,0.913246518969911,0.));
#11643=CARTESIAN_POINT('',(-1.1,2.46576560137539,8.8));
#11644=VECTOR('',#11645,1.);
#11645=DIRECTION('',(0.,0.,1.));
#11646=CARTESIAN_POINT('',(-1.1,3.5,13.));
#11647=CARTESIAN_POINT('',(-1.1,3.5,13.));
#11648=VECTOR('',#11649,1.);
#11649=DIRECTION('',(0.,0.,1.));
#11650=CARTESIAN_POINT('',(-1.1,3.5,8.8));
#11651=CARTESIAN_POINT('',(-1.1,3.5,8.8));
#11652=VECTOR('',#11653,1.);
#11653=DIRECTION('',(0.,-1.,0.));
#11654=CARTESIAN_POINT('',(-1.1,3.5,8.8));
#11655=VECTOR('',#11656,1.);
#11656=DIRECTION('',(0.,0.,1.));
#11657=CARTESIAN_POINT('',(-1.6,4.,13.));
#11658=CARTESIAN_POINT('',(-1.6,4.,13.));
#11659=VECTOR('',#11660,1.);
#11660=DIRECTION('',(0.707106781186549,-0.707106781186546,0.));
#11661=CARTESIAN_POINT('',(-1.6,4.,13.));
#11662=VECTOR('',#11663,1.);
#11663=DIRECTION('',(0.,0.,1.));
#11664=CARTESIAN_POINT('',(-1.6,4.,0.4));
#11665=CARTESIAN_POINT('',(-1.6,4.,0.4));
#11666=VECTOR('',#11667,1.);
#11667=DIRECTION('',(0.,0.,1.));
#11668=CARTESIAN_POINT('',(-1.6,-4.5,0.4));
#11669=VECTOR('',#11670,1.);
#11670=DIRECTION('',(0.,1.,0.));
#11671=CARTESIAN_POINT('',(-1.6,4.5,0.));
#11672=CARTESIAN_POINT('',(-1.6,-4.5,4.81482486096809E-035));
#11673=VECTOR('',#11674,1.);
#11674=DIRECTION('',(0.,1.,-5.34980540107565E-036));
#11675=CARTESIAN_POINT('',(-1.6,4.5,13.25));
#11676=CARTESIAN_POINT('',(-1.6,4.5,0.));
#11677=VECTOR('',#11678,1.);
#11678=DIRECTION('',(0.,0.,1.));
#11679=AXIS2_PLACEMENT_3D('',#11680,#11681,#11682);
#11680=CARTESIAN_POINT('',(-1.6,4.25,13.25));
#11681=DIRECTION('',(-1.,0.,0.));
#11682=DIRECTION('',(0.,0.,1.));
#11683=CARTESIAN_POINT('',(-2.5,4.5,13.25));
#11684=CARTESIAN_POINT('',(-1.6,4.5,13.25));
#11685=VECTOR('',#11686,1.);
#11686=DIRECTION('',(-1.,0.,0.));
#11687=AXIS2_PLACEMENT_3D('',#11688,#11689,#11690);
#11688=CARTESIAN_POINT('',(-2.5,4.25,13.25));
#11689=DIRECTION('',(-1.,-0.,-0.));
#11690=DIRECTION('',(0.,0.,1.));
#11691=CARTESIAN_POINT('',(-2.5,3.1,8.8));
#11692=CARTESIAN_POINT('',(-2.5,3.1,13.5));
#11693=VECTOR('',#11694,1.);
#11694=DIRECTION('',(0.,0.,-1.));
#11695=CARTESIAN_POINT('',(-2.5,4.5,0.));
#11696=CARTESIAN_POINT('',(-2.5,4.5,13.25));
#11697=VECTOR('',#11698,1.);
#11698=DIRECTION('',(0.,0.,-1.));
#11699=CARTESIAN_POINT('',(-2.5,4.5,0.));
#11700=VECTOR('',#11701,1.);
#11701=DIRECTION('',(0.,-1.,5.34980540107565E-036));
#11702=CARTESIAN_POINT('',(-2.5,-4.25,8.8));
#11703=AXIS2_PLACEMENT_3D('',#11704,#11705,#11706);
#11704=CARTESIAN_POINT('',(-2.5,-4.25,8.55));
#11705=DIRECTION('',(-1.,-0.,-0.));
#11706=DIRECTION('',(0.,-1.,0.));
#11707=CARTESIAN_POINT('',(-2.5,-3.2,8.8));
#11708=CARTESIAN_POINT('',(-2.5,-4.25,8.8));
#11709=VECTOR('',#11710,1.);
#11710=DIRECTION('',(0.,1.,0.));
#11711=CARTESIAN_POINT('',(-2.5,-2.53174904722594,13.2868278257701));
#11712=CARTESIAN_POINT('',(-2.5,-3.2,8.8));
#11713=VECTOR('',#11714,1.);
#11714=DIRECTION('',(0.,0.147311303088737,0.989090177881824));
#11715=AXIS2_PLACEMENT_3D('',#11716,#11717,#11718);
#11716=CARTESIAN_POINT('',(-2.5,-2.28447650275517,13.25));
#11717=DIRECTION('',(-1.,-0.,-0.));
#11718=DIRECTION('',(0.,-0.989090177883092,0.147311303080222));
#11719=CARTESIAN_POINT('',(-2.5,-2.,8.8));
#11720=CARTESIAN_POINT('',(-2.5,-2.,8.8));
#11721=VECTOR('',#11722,1.);
#11722=DIRECTION('',(0.,0.,1.));
#11723=CARTESIAN_POINT('',(-2.5,-1.,8.8));
#11724=CARTESIAN_POINT('',(-2.5,-2.,8.8));
#11725=VECTOR('',#11726,1.);
#11726=DIRECTION('',(0.,1.,0.));
#11727=CARTESIAN_POINT('',(-2.5,-1.,8.8));
#11728=VECTOR('',#11729,1.);
#11729=DIRECTION('',(0.,0.,1.));
#11730=CARTESIAN_POINT('',(-2.5,2.3,8.8));
#11731=CARTESIAN_POINT('',(-2.5,2.3,8.8));
#11732=VECTOR('',#11733,1.);
#11733=DIRECTION('',(0.,0.,1.));
#11734=CARTESIAN_POINT('',(-2.5,2.3,8.8));
#11735=VECTOR('',#11736,1.);
#11736=DIRECTION('',(0.,1.,0.));
#11737=CARTESIAN_POINT('',(-1.7,3.4,8.8));
#11738=CARTESIAN_POINT('',(-1.7,3.4,8.8));
#11739=VECTOR('',#11740,1.);
#11740=DIRECTION('',(-0.936329177569045,-0.351123441588391,0.));
#11741=CARTESIAN_POINT('',(-1.7,3.4,8.8));
#11742=VECTOR('',#11743,1.);
#11743=DIRECTION('',(0.,0.,1.));
#11744=CARTESIAN_POINT('',(-1.7,2.,8.8));
#11745=CARTESIAN_POINT('',(-1.7,2.,8.8));
#11746=VECTOR('',#11747,1.);
#11747=DIRECTION('',(0.,1.,0.));
#11748=CARTESIAN_POINT('',(-1.7,2.,8.8));
#11749=VECTOR('',#11750,1.);
#11750=DIRECTION('',(0.,0.,1.));
#11751=CARTESIAN_POINT('',(-2.5,2.3,8.8));
#11752=VECTOR('',#11753,1.);
#11753=DIRECTION('',(0.936329177569045,-0.351123441588391,0.));
#11754=AXIS2_PLACEMENT_3D('',#11755,#11756,#11757);
#11755=CARTESIAN_POINT('',(-2.5,-1.5,8.8));
#11756=DIRECTION('',(0.,0.,1.));
#11757=DIRECTION('',(0.,-1.,0.));
#11758=CARTESIAN_POINT('',(32.5,-2.53174904722594,13.2868278257701));
#11759=AXIS2_PLACEMENT_3D('',#11760,#11761,#11762);
#11760=CARTESIAN_POINT('',(32.5,-2.28447650275517,13.25));
#11761=DIRECTION('',(-1.,-0.,-0.));
#11762=DIRECTION('',(0.,-0.989090177883092,0.147311303080222));
#11763=CARTESIAN_POINT('',(32.5,-2.53174904722594,13.2868278257701));
#11764=VECTOR('',#11765,1.);
#11765=DIRECTION('',(-1.,0.,0.));
#11766=CARTESIAN_POINT('',(32.5,-1.,8.8));
#11767=CARTESIAN_POINT('',(32.5,-1.,8.8));
#11768=VECTOR('',#11769,1.);
#11769=DIRECTION('',(0.,0.,1.));
#11770=CARTESIAN_POINT('',(32.5,-2.,8.8));
#11771=CARTESIAN_POINT('',(32.5,-2.,8.8));
#11772=VECTOR('',#11773,1.);
#11773=DIRECTION('',(0.,1.,0.));
#11774=CARTESIAN_POINT('',(32.5,-2.,8.8));
#11775=VECTOR('',#11776,1.);
#11776=DIRECTION('',(0.,0.,1.));
#11777=CARTESIAN_POINT('',(32.5,-3.2,8.8));
#11778=CARTESIAN_POINT('',(32.5,-3.2,8.8));
#11779=VECTOR('',#11780,1.);
#11780=DIRECTION('',(0.,0.147311303088737,0.989090177881824));
#11781=CARTESIAN_POINT('',(32.5,-4.25,8.8));
#11782=CARTESIAN_POINT('',(32.5,-4.25,8.8));
#11783=VECTOR('',#11784,1.);
#11784=DIRECTION('',(0.,1.,0.));
#11785=AXIS2_PLACEMENT_3D('',#11786,#11787,#11788);
#11786=CARTESIAN_POINT('',(32.5,-4.25,8.55));
#11787=DIRECTION('',(-1.,-0.,-0.));
#11788=DIRECTION('',(0.,-1.,0.));
#11789=CARTESIAN_POINT('',(32.5,4.5,0.));
#11790=CARTESIAN_POINT('',(32.5,4.5,0.));
#11791=VECTOR('',#11792,1.);
#11792=DIRECTION('',(0.,-1.,5.34980540107565E-036));
#11793=CARTESIAN_POINT('',(32.5,4.5,13.25));
#11794=CARTESIAN_POINT('',(32.5,4.5,13.25));
#11795=VECTOR('',#11796,1.);
#11796=DIRECTION('',(0.,0.,-1.));
#11797=AXIS2_PLACEMENT_3D('',#11798,#11799,#11800);
#11798=CARTESIAN_POINT('',(32.5,4.25,13.25));
#11799=DIRECTION('',(-1.,-0.,-0.));
#11800=DIRECTION('',(0.,0.,1.));
#11801=CARTESIAN_POINT('',(32.5,3.1,8.8));
#11802=CARTESIAN_POINT('',(32.5,3.1,13.5));
#11803=VECTOR('',#11804,1.);
#11804=DIRECTION('',(0.,0.,-1.));
#11805=CARTESIAN_POINT('',(32.5,2.3,8.8));
#11806=CARTESIAN_POINT('',(32.5,2.3,8.8));
#11807=VECTOR('',#11808,1.);
#11808=DIRECTION('',(0.,1.,0.));
#11809=CARTESIAN_POINT('',(32.5,2.3,8.8));
#11810=VECTOR('',#11811,1.);
#11811=DIRECTION('',(0.,0.,1.));
#11812=AXIS2_PLACEMENT_3D('',#11813,#11814,#11815);
#11813=CARTESIAN_POINT('',(32.5,-1.5,8.8));
#11814=DIRECTION('',(0.,0.,1.));
#11815=DIRECTION('',(0.,1.,0.));
#11816=CARTESIAN_POINT('',(33.3,2.,8.8));
#11817=CARTESIAN_POINT('',(32.5,2.3,8.8));
#11818=VECTOR('',#11819,1.);
#11819=DIRECTION('',(0.936329177569044,-0.351123441588393,0.));
#11820=CARTESIAN_POINT('',(33.3,2.,8.8));
#11821=VECTOR('',#11822,1.);
#11822=DIRECTION('',(0.,0.,1.));
#11823=CARTESIAN_POINT('',(33.3,3.4,8.8));
#11824=CARTESIAN_POINT('',(33.3,2.,8.8));
#11825=VECTOR('',#11826,1.);
#11826=DIRECTION('',(0.,1.,0.));
#11827=CARTESIAN_POINT('',(33.3,3.4,8.8));
#11828=VECTOR('',#11829,1.);
#11829=DIRECTION('',(0.,0.,1.));
#11830=CARTESIAN_POINT('',(33.3,3.4,8.8));
#11831=VECTOR('',#11832,1.);
#11832=DIRECTION('',(-0.936329177569044,-0.351123441588393,0.));
#11833=CARTESIAN_POINT('',(31.6,4.5,13.25));
#11834=AXIS2_PLACEMENT_3D('',#11835,#11836,#11837);
#11835=CARTESIAN_POINT('',(31.6,4.25,13.25));
#11836=DIRECTION('',(-1.,0.,0.));
#11837=DIRECTION('',(0.,0.,1.));
#11838=CARTESIAN_POINT('',(32.5,4.5,13.25));
#11839=VECTOR('',#11840,1.);
#11840=DIRECTION('',(-1.,0.,0.));
#11841=CARTESIAN_POINT('',(31.6,4.5,0.));
#11842=CARTESIAN_POINT('',(31.6,4.5,0.));
#11843=VECTOR('',#11844,1.);
#11844=DIRECTION('',(0.,-1.,5.34980540107565E-036));
#11845=CARTESIAN_POINT('',(31.6,4.,0.4));
#11846=CARTESIAN_POINT('',(31.6,-4.5,0.4));
#11847=VECTOR('',#11848,1.);
#11848=DIRECTION('',(0.,1.,0.));
#11849=CARTESIAN_POINT('',(31.6,4.,13.));
#11850=CARTESIAN_POINT('',(31.6,4.,0.4));
#11851=VECTOR('',#11852,1.);
#11852=DIRECTION('',(0.,0.,1.));
#11853=CARTESIAN_POINT('',(31.6,3.5,13.));
#11854=CARTESIAN_POINT('',(31.6,3.5,13.));
#11855=VECTOR('',#11856,1.);
#11856=DIRECTION('',(0.,1.,0.));
#11857=CARTESIAN_POINT('',(31.6,3.5,8.8));
#11858=CARTESIAN_POINT('',(31.6,3.5,8.8));
#11859=VECTOR('',#11860,1.);
#11860=DIRECTION('',(0.,0.,1.));
#11861=CARTESIAN_POINT('',(31.6,2.17485631709315,8.8));
#11862=CARTESIAN_POINT('',(31.6,2.17485631709315,8.8));
#11863=VECTOR('',#11864,1.);
#11864=DIRECTION('',(0.,1.,0.));
#11865=CARTESIAN_POINT('',(31.6,2.17485631709315,8.8));
#11866=VECTOR('',#11867,1.);
#11867=DIRECTION('',(0.,0.,1.));
#11868=CARTESIAN_POINT('',(31.6,4.5,13.25));
#11869=VECTOR('',#11870,1.);
#11870=DIRECTION('',(0.,0.,-1.));
#11871=CARTESIAN_POINT('',(27.95,1.75712833908056,8.8));
#11872=AXIS2_PLACEMENT_3D('',#11873,#11874,#11875);
#11873=CARTESIAN_POINT('',(30.,0.,8.8));
#11874=DIRECTION('',(0.,0.,-1.));
#11875=DIRECTION('',(-0.75925925925926,0.65078827373354,0.));
#11876=CARTESIAN_POINT('',(27.95,1.75712833908056,8.8));
#11877=VECTOR('',#11878,1.);
#11878=DIRECTION('',(0.,0.,1.));
#11879=CARTESIAN_POINT('',(27.95,3.5,8.8));
#11880=CARTESIAN_POINT('',(27.95,3.5,8.8));
#11881=VECTOR('',#11882,1.);
#11882=DIRECTION('',(0.,-1.,0.));
#11883=CARTESIAN_POINT('',(27.95,3.5,13.));
#11884=CARTESIAN_POINT('',(27.95,3.5,8.8));
#11885=VECTOR('',#11886,1.);
#11886=DIRECTION('',(0.,0.,1.));
#11887=CARTESIAN_POINT('',(27.95,4.,13.));
#11888=CARTESIAN_POINT('',(27.95,4.,13.));
#11889=VECTOR('',#11890,1.);
#11890=DIRECTION('',(0.,-1.,0.));
#11891=CARTESIAN_POINT('',(27.95,4.,0.4));
#11892=CARTESIAN_POINT('',(27.95,4.,0.4));
#11893=VECTOR('',#11894,1.);
#11894=DIRECTION('',(0.,0.,1.));
#11895=CARTESIAN_POINT('',(27.95,-4.5,0.4));
#11896=VECTOR('',#11897,1.);
#11897=DIRECTION('',(0.,1.,0.));
#11898=CARTESIAN_POINT('',(5.,2.,13.2));
#11899=AXIS2_PLACEMENT_3D('',#11900,#11901,#11902);
#11900=CARTESIAN_POINT('',(5.,-5.11958885233336E-030,13.2));
#11901=DIRECTION('',(-0.,1.21461182736277E-031,1.));
#11902=DIRECTION('',(0.,1.,-1.21461182736277E-031));
#11903=CARTESIAN_POINT('',(10.,2.,13.2));
#11904=AXIS2_PLACEMENT_3D('',#11905,#11906,#11907);
#11905=CARTESIAN_POINT('',(10.,-5.11958885233336E-030,13.2));
#11906=DIRECTION('',(-0.,1.21461182736277E-031,1.));
#11907=DIRECTION('',(0.,1.,-1.21461182736277E-031));
#11908=CARTESIAN_POINT('',(15.,2.,13.2));
#11909=AXIS2_PLACEMENT_3D('',#11910,#11911,#11912);
#11910=CARTESIAN_POINT('',(15.,-5.11958885233336E-030,13.2));
#11911=DIRECTION('',(-0.,1.21461182736277E-031,1.));
#11912=DIRECTION('',(0.,1.,-1.21461182736277E-031));
#11913=CARTESIAN_POINT('',(20.,2.,13.2));
#11914=AXIS2_PLACEMENT_3D('',#11915,#11916,#11917);
#11915=CARTESIAN_POINT('',(20.,-5.11958885233336E-030,13.2));
#11916=DIRECTION('',(-0.,1.21461182736277E-031,1.));
#11917=DIRECTION('',(0.,1.,-1.21461182736277E-031));
#11918=CARTESIAN_POINT('',(25.,2.,13.2));
#11919=AXIS2_PLACEMENT_3D('',#11920,#11921,#11922);
#11920=CARTESIAN_POINT('',(25.,-5.11958885233336E-030,13.2));
#11921=DIRECTION('',(-0.,1.21461182736277E-031,1.));
#11922=DIRECTION('',(0.,1.,-1.21461182736277E-031));
#11923=CARTESIAN_POINT('',(30.,2.,13.2));
#11924=AXIS2_PLACEMENT_3D('',#11925,#11926,#11927);
#11925=CARTESIAN_POINT('',(30.,-5.11958885233336E-030,13.2));
#11926=DIRECTION('',(-0.,1.21461182736277E-031,1.));
#11927=DIRECTION('',(0.,1.,-1.21461182736277E-031));
#11928=CARTESIAN_POINT('',(0.,2.,13.2));
#11929=AXIS2_PLACEMENT_3D('',#11930,#11931,#11932);
#11930=CARTESIAN_POINT('',(0.,-5.11958885233336E-030,13.2));
#11931=DIRECTION('',(-0.,1.21461182736277E-031,1.));
#11932=DIRECTION('',(0.,1.,-1.21461182736277E-031));
#11933=CARTESIAN_POINT('',(28.,-1.5,8.8));
#11934=AXIS2_PLACEMENT_3D('',#11935,#11936,#11937);
#11935=CARTESIAN_POINT('',(27.5,-1.5,8.8));
#11936=DIRECTION('',(0.,-0.,1.));
#11937=DIRECTION('',(1.,0.,0.));
#11938=CARTESIAN_POINT('',(23.,-1.5,8.8));
#11939=AXIS2_PLACEMENT_3D('',#11940,#11941,#11942);
#11940=CARTESIAN_POINT('',(22.5,-1.5,8.8));
#11941=DIRECTION('',(0.,-0.,1.));
#11942=DIRECTION('',(1.,0.,0.));
#11943=CARTESIAN_POINT('',(18.,-1.5,8.8));
#11944=AXIS2_PLACEMENT_3D('',#11945,#11946,#11947);
#11945=CARTESIAN_POINT('',(17.5,-1.5,8.8));
#11946=DIRECTION('',(0.,-0.,1.));
#11947=DIRECTION('',(1.,0.,0.));
#11948=CARTESIAN_POINT('',(13.,-1.5,8.8));
#11949=AXIS2_PLACEMENT_3D('',#11950,#11951,#11952);
#11950=CARTESIAN_POINT('',(12.5,-1.5,8.8));
#11951=DIRECTION('',(0.,-0.,1.));
#11952=DIRECTION('',(1.,0.,0.));
#11953=CARTESIAN_POINT('',(8.,-1.5,8.8));
#11954=AXIS2_PLACEMENT_3D('',#11955,#11956,#11957);
#11955=CARTESIAN_POINT('',(7.5,-1.5,8.8));
#11956=DIRECTION('',(0.,-0.,1.));
#11957=DIRECTION('',(1.,0.,0.));
#11958=CARTESIAN_POINT('',(3.,-1.5,8.8));
#11959=AXIS2_PLACEMENT_3D('',#11960,#11961,#11962);
#11960=CARTESIAN_POINT('',(2.5,-1.5,8.8));
#11961=DIRECTION('',(0.,-0.,1.));
#11962=DIRECTION('',(1.,0.,0.));
#11963=CARTESIAN_POINT('',(25.95,0.,1.));
#11964=CARTESIAN_POINT('',(25.95,0.,1.));
#11965=VECTOR('',#11966,1.);
#11966=DIRECTION('',(0.,-1.,0.));
#11967=CARTESIAN_POINT('',(25.95,0.,0.4));
#11968=VECTOR('',#11969,1.);
#11969=DIRECTION('',(0.,0.,1.));
#11970=CARTESIAN_POINT('',(24.05,5.74590265603038E-017,1.));
#11971=AXIS2_PLACEMENT_3D('',#11972,#11973,#11974);
#11972=CARTESIAN_POINT('',(25.,0.,1.));
#11973=DIRECTION('',(0.,0.,1.));
#11974=DIRECTION('',(1.,0.,0.));
#11975=CARTESIAN_POINT('',(24.05,-1.42339279839099E-018,0.4));
#11976=VECTOR('',#11977,1.);
#11977=DIRECTION('',(0.,0.,1.));
#11978=CARTESIAN_POINT('',(24.05,-4.5,1.));
#11979=VECTOR('',#11980,1.);
#11980=DIRECTION('',(0.,1.,0.));
#11981=CARTESIAN_POINT('',(9.05,5.74590265603038E-017,1.));
#11982=CARTESIAN_POINT('',(9.05,-1.42339279839099E-018,0.4));
#11983=VECTOR('',#11984,1.);
#11984=DIRECTION('',(0.,0.,1.));
#11985=CARTESIAN_POINT('',(9.05,-4.5,1.));
#11986=VECTOR('',#11987,1.);
#11987=DIRECTION('',(0.,1.,0.));
#11988=CARTESIAN_POINT('',(10.95,0.,1.));
#11989=AXIS2_PLACEMENT_3D('',#11990,#11991,#11992);
#11990=CARTESIAN_POINT('',(10.,0.,1.));
#11991=DIRECTION('',(0.,0.,1.));
#11992=DIRECTION('',(1.,0.,0.));
#11993=CARTESIAN_POINT('',(10.95,0.,1.));
#11994=VECTOR('',#11995,1.);
#11995=DIRECTION('',(0.,-1.,0.));
#11996=CARTESIAN_POINT('',(12.05,-4.08787838708181,1.));
#11997=CARTESIAN_POINT('',(12.2,-4.5,1.));
#11998=VECTOR('',#11999,1.);
#11999=DIRECTION('',(-0.342020143325673,0.939692620785907,0.));
#12000=CARTESIAN_POINT('',(12.05,2.5,1.));
#12001=CARTESIAN_POINT('',(12.05,-4.08787838708181,1.));
#12002=VECTOR('',#12003,1.);
#12003=DIRECTION('',(0.,1.,-1.34820099509086E-016));
#12004=CARTESIAN_POINT('',(11.15,2.5,1.));
#12005=CARTESIAN_POINT('',(12.05,2.5,1.));
#12006=VECTOR('',#12007,1.);
#12007=DIRECTION('',(-1.,9.86864910777915E-016,0.));
#12008=CARTESIAN_POINT('',(11.15,3.5,1.));
#12009=CARTESIAN_POINT('',(11.15,2.5,1.));
#12010=VECTOR('',#12011,1.);
#12011=DIRECTION('',(0.,1.,0.));
#12012=CARTESIAN_POINT('',(8.85,3.5,1.));
#12013=CARTESIAN_POINT('',(11.15,3.5,1.));
#12014=VECTOR('',#12015,1.);
#12015=DIRECTION('',(-1.,0.,0.));
#12016=CARTESIAN_POINT('',(8.85,2.5,1.));
#12017=CARTESIAN_POINT('',(8.85,2.5,1.));
#12018=VECTOR('',#12019,1.);
#12019=DIRECTION('',(0.,1.,0.));
#12020=CARTESIAN_POINT('',(7.95,2.5,1.));
#12021=CARTESIAN_POINT('',(8.85,2.5,1.));
#12022=VECTOR('',#12023,1.);
#12023=DIRECTION('',(-1.,0.,0.));
#12024=CARTESIAN_POINT('',(7.95,-4.08787838708181,1.));
#12025=CARTESIAN_POINT('',(7.95,-4.08787838708181,1.));
#12026=VECTOR('',#12027,1.);
#12027=DIRECTION('',(0.,1.,0.));
#12028=CARTESIAN_POINT('',(7.95,-4.08787838708181,1.));
#12029=VECTOR('',#12030,1.);
#12030=DIRECTION('',(-0.342020143325667,-0.939692620785909,0.));
#12031=CARTESIAN_POINT('',(7.95,-4.08787838708181,7.3));
#12032=CARTESIAN_POINT('',(7.95,-4.08787838708181,7.3));
#12033=VECTOR('',#12034,1.);
#12034=DIRECTION('',(0.,0.,-1.));
#12035=CARTESIAN_POINT('',(7.8,-4.5,7.3));
#12036=VECTOR('',#12037,1.);
#12037=DIRECTION('',(0.342020143325667,0.939692620785909,0.));
#12038=CARTESIAN_POINT('',(12.05,-4.08787838708181,7.3));
#12039=CARTESIAN_POINT('',(12.05,-4.08787838708181,7.3));
#12040=VECTOR('',#12041,1.);
#12041=DIRECTION('',(0.342020143325673,-0.939692620785907,0.));
#12042=CARTESIAN_POINT('',(7.95,2.5,7.3));
#12043=CARTESIAN_POINT('',(7.95,-4.08787838708181,7.3));
#12044=VECTOR('',#12045,1.);
#12045=DIRECTION('',(0.,1.,1.34820099509086E-016));
#12046=CARTESIAN_POINT('',(8.85,2.5,7.3));
#12047=CARTESIAN_POINT('',(7.95,2.5,7.3));
#12048=VECTOR('',#12049,1.);
#12049=DIRECTION('',(1.,0.,0.));
#12050=CARTESIAN_POINT('',(8.85,3.5,7.3));
#12051=CARTESIAN_POINT('',(8.85,2.5,7.3));
#12052=VECTOR('',#12053,1.);
#12053=DIRECTION('',(0.,1.,0.));
#12054=CARTESIAN_POINT('',(11.15,3.5,7.3));
#12055=CARTESIAN_POINT('',(8.85,3.5,7.3));
#12056=VECTOR('',#12057,1.);
#12057=DIRECTION('',(1.,0.,0.));
#12058=CARTESIAN_POINT('',(11.15,2.5,7.3));
#12059=CARTESIAN_POINT('',(11.15,2.5,7.3));
#12060=VECTOR('',#12061,1.);
#12061=DIRECTION('',(0.,1.,0.));
#12062=CARTESIAN_POINT('',(12.05,2.5,7.3));
#12063=CARTESIAN_POINT('',(11.15,2.5,7.3));
#12064=VECTOR('',#12065,1.);
#12065=DIRECTION('',(1.,0.,0.));
#12066=CARTESIAN_POINT('',(12.05,-4.08787838708181,7.3));
#12067=VECTOR('',#12068,1.);
#12068=DIRECTION('',(0.,1.,0.));
#12069=CARTESIAN_POINT('',(10.,1.5,7.3));
#12070=AXIS2_PLACEMENT_3D('',#12071,#12072,#12073);
#12071=CARTESIAN_POINT('',(10.,0.,7.3));
#12072=DIRECTION('',(0.,0.,1.));
#12073=DIRECTION('',(0.,1.,0.));
#12074=CARTESIAN_POINT('',(12.05,-4.08787838708181,1.));
#12075=VECTOR('',#12076,1.);
#12076=DIRECTION('',(0.,0.,1.));
#12077=CARTESIAN_POINT('',(10.95,0.,0.4));
#12078=VECTOR('',#12079,1.);
#12079=DIRECTION('',(0.,0.,1.));
#12080=CARTESIAN_POINT('',(14.05,5.74590265603038E-017,1.));
#12081=CARTESIAN_POINT('',(14.05,-1.42339279839099E-018,0.4));
#12082=VECTOR('',#12083,1.);
#12083=DIRECTION('',(0.,0.,1.));
#12084=CARTESIAN_POINT('',(14.05,-4.5,1.));
#12085=VECTOR('',#12086,1.);
#12086=DIRECTION('',(0.,1.,0.));
#12087=CARTESIAN_POINT('',(15.95,0.,1.));
#12088=AXIS2_PLACEMENT_3D('',#12089,#12090,#12091);
#12089=CARTESIAN_POINT('',(15.,0.,1.));
#12090=DIRECTION('',(0.,0.,1.));
#12091=DIRECTION('',(1.,0.,0.));
#12092=CARTESIAN_POINT('',(15.95,0.,1.));
#12093=VECTOR('',#12094,1.);
#12094=DIRECTION('',(0.,-1.,0.));
#12095=CARTESIAN_POINT('',(17.05,-4.08787838708181,1.));
#12096=CARTESIAN_POINT('',(17.2,-4.5,1.));
#12097=VECTOR('',#12098,1.);
#12098=DIRECTION('',(-0.342020143325666,0.939692620785909,0.));
#12099=CARTESIAN_POINT('',(17.05,2.5,1.));
#12100=CARTESIAN_POINT('',(17.05,-4.08787838708181,1.));
#12101=VECTOR('',#12102,1.);
#12102=DIRECTION('',(0.,1.,-1.34820099509086E-016));
#12103=CARTESIAN_POINT('',(16.15,2.5,1.));
#12104=CARTESIAN_POINT('',(17.05,2.5,1.));
#12105=VECTOR('',#12106,1.);
#12106=DIRECTION('',(-1.,9.86864910777915E-016,0.));
#12107=CARTESIAN_POINT('',(16.15,3.5,1.));
#12108=CARTESIAN_POINT('',(16.15,2.5,1.));
#12109=VECTOR('',#12110,1.);
#12110=DIRECTION('',(0.,1.,0.));
#12111=CARTESIAN_POINT('',(13.85,3.5,1.));
#12112=CARTESIAN_POINT('',(16.15,3.5,1.));
#12113=VECTOR('',#12114,1.);
#12114=DIRECTION('',(-1.,0.,0.));
#12115=CARTESIAN_POINT('',(13.85,2.5,1.));
#12116=CARTESIAN_POINT('',(13.85,2.5,1.));
#12117=VECTOR('',#12118,1.);
#12118=DIRECTION('',(0.,1.,0.));
#12119=CARTESIAN_POINT('',(12.95,2.5,1.));
#12120=CARTESIAN_POINT('',(13.85,2.5,1.));
#12121=VECTOR('',#12122,1.);
#12122=DIRECTION('',(-1.,0.,0.));
#12123=CARTESIAN_POINT('',(12.95,-4.08787838708181,1.));
#12124=CARTESIAN_POINT('',(12.95,-4.08787838708181,1.));
#12125=VECTOR('',#12126,1.);
#12126=DIRECTION('',(0.,1.,0.));
#12127=CARTESIAN_POINT('',(12.95,-4.08787838708181,1.));
#12128=VECTOR('',#12129,1.);
#12129=DIRECTION('',(-0.34202014332568,-0.939692620785904,0.));
#12130=CARTESIAN_POINT('',(12.95,-4.08787838708181,7.3));
#12131=CARTESIAN_POINT('',(12.95,-4.08787838708181,7.3));
#12132=VECTOR('',#12133,1.);
#12133=DIRECTION('',(0.,0.,-1.));
#12134=CARTESIAN_POINT('',(12.8,-4.5,7.3));
#12135=VECTOR('',#12136,1.);
#12136=DIRECTION('',(0.342020143325673,0.939692620785907,0.));
#12137=CARTESIAN_POINT('',(17.05,-4.08787838708181,7.3));
#12138=CARTESIAN_POINT('',(17.05,-4.08787838708181,7.3));
#12139=VECTOR('',#12140,1.);
#12140=DIRECTION('',(0.342020143325673,-0.939692620785907,0.));
#12141=CARTESIAN_POINT('',(12.95,2.5,7.3));
#12142=CARTESIAN_POINT('',(12.95,-4.08787838708181,7.3));
#12143=VECTOR('',#12144,1.);
#12144=DIRECTION('',(0.,1.,1.34820099509086E-016));
#12145=CARTESIAN_POINT('',(13.85,2.5,7.3));
#12146=CARTESIAN_POINT('',(12.95,2.5,7.3));
#12147=VECTOR('',#12148,1.);
#12148=DIRECTION('',(1.,0.,0.));
#12149=CARTESIAN_POINT('',(13.85,3.5,7.3));
#12150=CARTESIAN_POINT('',(13.85,2.5,7.3));
#12151=VECTOR('',#12152,1.);
#12152=DIRECTION('',(0.,1.,0.));
#12153=CARTESIAN_POINT('',(16.15,3.5,7.3));
#12154=CARTESIAN_POINT('',(13.85,3.5,7.3));
#12155=VECTOR('',#12156,1.);
#12156=DIRECTION('',(1.,0.,0.));
#12157=CARTESIAN_POINT('',(16.15,2.5,7.3));
#12158=CARTESIAN_POINT('',(16.15,2.5,7.3));
#12159=VECTOR('',#12160,1.);
#12160=DIRECTION('',(0.,1.,0.));
#12161=CARTESIAN_POINT('',(17.05,2.5,7.3));
#12162=CARTESIAN_POINT('',(16.15,2.5,7.3));
#12163=VECTOR('',#12164,1.);
#12164=DIRECTION('',(1.,0.,0.));
#12165=CARTESIAN_POINT('',(17.05,-4.08787838708181,7.3));
#12166=VECTOR('',#12167,1.);
#12167=DIRECTION('',(0.,1.,0.));
#12168=CARTESIAN_POINT('',(15.,1.5,7.3));
#12169=AXIS2_PLACEMENT_3D('',#12170,#12171,#12172);
#12170=CARTESIAN_POINT('',(15.,0.,7.3));
#12171=DIRECTION('',(0.,0.,1.));
#12172=DIRECTION('',(0.,1.,0.));
#12173=CARTESIAN_POINT('',(17.05,-4.08787838708181,1.));
#12174=VECTOR('',#12175,1.);
#12175=DIRECTION('',(0.,0.,1.));
#12176=CARTESIAN_POINT('',(15.95,0.,0.4));
#12177=VECTOR('',#12178,1.);
#12178=DIRECTION('',(0.,0.,1.));
#12179=CARTESIAN_POINT('',(19.05,5.74590265603038E-017,1.));
#12180=CARTESIAN_POINT('',(19.05,-1.42339279839099E-018,0.4));
#12181=VECTOR('',#12182,1.);
#12182=DIRECTION('',(0.,0.,1.));
#12183=CARTESIAN_POINT('',(19.05,-4.5,1.));
#12184=VECTOR('',#12185,1.);
#12185=DIRECTION('',(0.,1.,0.));
#12186=CARTESIAN_POINT('',(20.95,0.,1.));
#12187=AXIS2_PLACEMENT_3D('',#12188,#12189,#12190);
#12188=CARTESIAN_POINT('',(20.,0.,1.));
#12189=DIRECTION('',(0.,0.,1.));
#12190=DIRECTION('',(1.,0.,0.));
#12191=CARTESIAN_POINT('',(20.95,0.,1.));
#12192=VECTOR('',#12193,1.);
#12193=DIRECTION('',(0.,-1.,0.));
#12194=CARTESIAN_POINT('',(22.05,-4.08787838708181,1.));
#12195=CARTESIAN_POINT('',(22.2,-4.5,1.));
#12196=VECTOR('',#12197,1.);
#12197=DIRECTION('',(-0.342020143325666,0.939692620785909,0.));
#12198=CARTESIAN_POINT('',(22.05,2.5,1.));
#12199=CARTESIAN_POINT('',(22.05,-4.08787838708181,1.));
#12200=VECTOR('',#12201,1.);
#12201=DIRECTION('',(0.,1.,-1.34820099509086E-016));
#12202=CARTESIAN_POINT('',(21.15,2.5,1.));
#12203=CARTESIAN_POINT('',(22.05,2.5,1.));
#12204=VECTOR('',#12205,1.);
#12205=DIRECTION('',(-1.,9.86864910777915E-016,0.));
#12206=CARTESIAN_POINT('',(21.15,3.5,1.));
#12207=CARTESIAN_POINT('',(21.15,2.5,1.));
#12208=VECTOR('',#12209,1.);
#12209=DIRECTION('',(0.,1.,0.));
#12210=CARTESIAN_POINT('',(18.85,3.5,1.));
#12211=CARTESIAN_POINT('',(21.15,3.5,1.));
#12212=VECTOR('',#12213,1.);
#12213=DIRECTION('',(-1.,0.,0.));
#12214=CARTESIAN_POINT('',(18.85,2.5,1.));
#12215=CARTESIAN_POINT('',(18.85,2.5,1.));
#12216=VECTOR('',#12217,1.);
#12217=DIRECTION('',(0.,1.,0.));
#12218=CARTESIAN_POINT('',(17.95,2.5,1.));
#12219=CARTESIAN_POINT('',(18.85,2.5,1.));
#12220=VECTOR('',#12221,1.);
#12221=DIRECTION('',(-1.,0.,0.));
#12222=CARTESIAN_POINT('',(17.95,-4.08787838708181,1.));
#12223=CARTESIAN_POINT('',(17.95,-4.08787838708181,1.));
#12224=VECTOR('',#12225,1.);
#12225=DIRECTION('',(0.,1.,0.));
#12226=CARTESIAN_POINT('',(17.95,-4.08787838708181,1.));
#12227=VECTOR('',#12228,1.);
#12228=DIRECTION('',(-0.342020143325673,-0.939692620785907,0.));
#12229=CARTESIAN_POINT('',(17.95,-4.08787838708181,7.3));
#12230=CARTESIAN_POINT('',(17.95,-4.08787838708181,7.3));
#12231=VECTOR('',#12232,1.);
#12232=DIRECTION('',(0.,0.,-1.));
#12233=CARTESIAN_POINT('',(17.8,-4.5,7.3));
#12234=VECTOR('',#12235,1.);
#12235=DIRECTION('',(0.342020143325666,0.939692620785909,0.));
#12236=CARTESIAN_POINT('',(22.05,-4.08787838708181,7.3));
#12237=CARTESIAN_POINT('',(22.05,-4.08787838708181,7.3));
#12238=VECTOR('',#12239,1.);
#12239=DIRECTION('',(0.342020143325666,-0.939692620785909,0.));
#12240=CARTESIAN_POINT('',(17.95,2.5,7.3));
#12241=CARTESIAN_POINT('',(17.95,-4.08787838708181,7.3));
#12242=VECTOR('',#12243,1.);
#12243=DIRECTION('',(0.,1.,1.34820099509086E-016));
#12244=CARTESIAN_POINT('',(18.85,2.5,7.3));
#12245=CARTESIAN_POINT('',(17.95,2.5,7.3));
#12246=VECTOR('',#12247,1.);
#12247=DIRECTION('',(1.,0.,0.));
#12248=CARTESIAN_POINT('',(18.85,3.5,7.3));
#12249=CARTESIAN_POINT('',(18.85,2.5,7.3));
#12250=VECTOR('',#12251,1.);
#12251=DIRECTION('',(0.,1.,0.));
#12252=CARTESIAN_POINT('',(21.15,3.5,7.3));
#12253=CARTESIAN_POINT('',(18.85,3.5,7.3));
#12254=VECTOR('',#12255,1.);
#12255=DIRECTION('',(1.,0.,0.));
#12256=CARTESIAN_POINT('',(21.15,2.5,7.3));
#12257=CARTESIAN_POINT('',(21.15,2.5,7.3));
#12258=VECTOR('',#12259,1.);
#12259=DIRECTION('',(0.,1.,0.));
#12260=CARTESIAN_POINT('',(22.05,2.5,7.3));
#12261=CARTESIAN_POINT('',(21.15,2.5,7.3));
#12262=VECTOR('',#12263,1.);
#12263=DIRECTION('',(1.,0.,0.));
#12264=CARTESIAN_POINT('',(22.05,-4.08787838708181,7.3));
#12265=VECTOR('',#12266,1.);
#12266=DIRECTION('',(0.,1.,0.));
#12267=CARTESIAN_POINT('',(20.,1.5,7.3));
#12268=AXIS2_PLACEMENT_3D('',#12269,#12270,#12271);
#12269=CARTESIAN_POINT('',(20.,0.,7.3));
#12270=DIRECTION('',(0.,0.,1.));
#12271=DIRECTION('',(0.,1.,0.));
#12272=CARTESIAN_POINT('',(22.05,-4.08787838708181,1.));
#12273=VECTOR('',#12274,1.);
#12274=DIRECTION('',(0.,0.,1.));
#12275=CARTESIAN_POINT('',(20.95,0.,0.4));
#12276=VECTOR('',#12277,1.);
#12277=DIRECTION('',(0.,0.,1.));
#12278=CARTESIAN_POINT('',(27.05,-4.08787838708181,1.));
#12279=CARTESIAN_POINT('',(27.2,-4.5,1.));
#12280=VECTOR('',#12281,1.);
#12281=DIRECTION('',(-0.342020143325666,0.939692620785909,0.));
#12282=CARTESIAN_POINT('',(27.05,2.5,1.));
#12283=CARTESIAN_POINT('',(27.05,-4.08787838708181,1.));
#12284=VECTOR('',#12285,1.);
#12285=DIRECTION('',(0.,1.,-1.34820099509086E-016));
#12286=CARTESIAN_POINT('',(26.15,2.5,1.));
#12287=CARTESIAN_POINT('',(27.05,2.5,1.));
#12288=VECTOR('',#12289,1.);
#12289=DIRECTION('',(-1.,9.86864910777915E-016,0.));
#12290=CARTESIAN_POINT('',(26.15,3.5,1.));
#12291=CARTESIAN_POINT('',(26.15,2.5,1.));
#12292=VECTOR('',#12293,1.);
#12293=DIRECTION('',(0.,1.,0.));
#12294=CARTESIAN_POINT('',(23.85,3.5,1.));
#12295=CARTESIAN_POINT('',(26.15,3.5,1.));
#12296=VECTOR('',#12297,1.);
#12297=DIRECTION('',(-1.,0.,0.));
#12298=CARTESIAN_POINT('',(23.85,2.5,1.));
#12299=CARTESIAN_POINT('',(23.85,2.5,1.));
#12300=VECTOR('',#12301,1.);
#12301=DIRECTION('',(0.,1.,0.));
#12302=CARTESIAN_POINT('',(22.95,2.5,1.));
#12303=CARTESIAN_POINT('',(23.85,2.5,1.));
#12304=VECTOR('',#12305,1.);
#12305=DIRECTION('',(-1.,0.,0.));
#12306=CARTESIAN_POINT('',(22.95,-4.08787838708181,1.));
#12307=CARTESIAN_POINT('',(22.95,-4.08787838708181,1.));
#12308=VECTOR('',#12309,1.);
#12309=DIRECTION('',(0.,1.,0.));
#12310=CARTESIAN_POINT('',(22.95,-4.08787838708181,1.));
#12311=VECTOR('',#12312,1.);
#12312=DIRECTION('',(-0.342020143325666,-0.939692620785909,0.));
#12313=CARTESIAN_POINT('',(22.95,-4.08787838708181,7.3));
#12314=CARTESIAN_POINT('',(22.95,-4.08787838708181,7.3));
#12315=VECTOR('',#12316,1.);
#12316=DIRECTION('',(0.,0.,-1.));
#12317=CARTESIAN_POINT('',(22.8,-4.5,7.3));
#12318=VECTOR('',#12319,1.);
#12319=DIRECTION('',(0.342020143325666,0.939692620785909,0.));
#12320=CARTESIAN_POINT('',(27.05,-4.08787838708181,7.3));
#12321=CARTESIAN_POINT('',(27.05,-4.08787838708181,7.3));
#12322=VECTOR('',#12323,1.);
#12323=DIRECTION('',(0.342020143325666,-0.939692620785909,0.));
#12324=CARTESIAN_POINT('',(22.95,2.5,7.3));
#12325=CARTESIAN_POINT('',(22.95,-4.08787838708181,7.3));
#12326=VECTOR('',#12327,1.);
#12327=DIRECTION('',(0.,1.,1.34820099509086E-016));
#12328=CARTESIAN_POINT('',(23.85,2.5,7.3));
#12329=CARTESIAN_POINT('',(22.95,2.5,7.3));
#12330=VECTOR('',#12331,1.);
#12331=DIRECTION('',(1.,0.,0.));
#12332=CARTESIAN_POINT('',(23.85,3.5,7.3));
#12333=CARTESIAN_POINT('',(23.85,2.5,7.3));
#12334=VECTOR('',#12335,1.);
#12335=DIRECTION('',(0.,1.,0.));
#12336=CARTESIAN_POINT('',(26.15,3.5,7.3));
#12337=CARTESIAN_POINT('',(23.85,3.5,7.3));
#12338=VECTOR('',#12339,1.);
#12339=DIRECTION('',(1.,0.,0.));
#12340=CARTESIAN_POINT('',(26.15,2.5,7.3));
#12341=CARTESIAN_POINT('',(26.15,2.5,7.3));
#12342=VECTOR('',#12343,1.);
#12343=DIRECTION('',(0.,1.,0.));
#12344=CARTESIAN_POINT('',(27.05,2.5,7.3));
#12345=CARTESIAN_POINT('',(26.15,2.5,7.3));
#12346=VECTOR('',#12347,1.);
#12347=DIRECTION('',(1.,0.,0.));
#12348=CARTESIAN_POINT('',(27.05,-4.08787838708181,7.3));
#12349=VECTOR('',#12350,1.);
#12350=DIRECTION('',(0.,1.,0.));
#12351=CARTESIAN_POINT('',(25.,1.5,7.3));
#12352=AXIS2_PLACEMENT_3D('',#12353,#12354,#12355);
#12353=CARTESIAN_POINT('',(25.,0.,7.3));
#12354=DIRECTION('',(0.,0.,1.));
#12355=DIRECTION('',(0.,1.,0.));
#12356=CARTESIAN_POINT('',(27.05,-4.08787838708181,1.));
#12357=VECTOR('',#12358,1.);
#12358=DIRECTION('',(0.,0.,1.));
#12359=CARTESIAN_POINT('',(29.05,5.74590265603038E-017,0.4));
#12360=CARTESIAN_POINT('',(29.05,0.,0.4));
#12361=VECTOR('',#12362,1.);
#12362=DIRECTION('',(0.,-1.,0.));
#12363=CARTESIAN_POINT('',(27.95,4.,0.4));
#12364=VECTOR('',#12365,1.);
#12365=DIRECTION('',(1.,0.,0.));
#12366=CARTESIAN_POINT('',(30.95,0.,0.4));
#12367=CARTESIAN_POINT('',(30.95,-4.5,0.4));
#12368=VECTOR('',#12369,1.);
#12369=DIRECTION('',(0.,1.,0.));
#12370=AXIS2_PLACEMENT_3D('',#12371,#12372,#12373);
#12371=CARTESIAN_POINT('',(30.,0.,0.4));
#12372=DIRECTION('',(0.,0.,1.));
#12373=DIRECTION('',(1.,0.,0.));
#12374=CARTESIAN_POINT('',(29.05,5.74590265603038E-017,1.));
#12375=CARTESIAN_POINT('',(29.05,-1.42339279839099E-018,0.4));
#12376=VECTOR('',#12377,1.);
#12377=DIRECTION('',(0.,0.,1.));
#12378=CARTESIAN_POINT('',(29.05,-4.5,1.));
#12379=VECTOR('',#12380,1.);
#12380=DIRECTION('',(0.,1.,0.));
#12381=CARTESIAN_POINT('',(30.95,0.,1.));
#12382=AXIS2_PLACEMENT_3D('',#12383,#12384,#12385);
#12383=CARTESIAN_POINT('',(30.,0.,1.));
#12384=DIRECTION('',(0.,0.,1.));
#12385=DIRECTION('',(1.,0.,0.));
#12386=CARTESIAN_POINT('',(30.95,0.,1.));
#12387=VECTOR('',#12388,1.);
#12388=DIRECTION('',(0.,-1.,0.));
#12389=CARTESIAN_POINT('',(32.05,-4.08787838708181,1.));
#12390=CARTESIAN_POINT('',(32.2,-4.5,1.));
#12391=VECTOR('',#12392,1.);
#12392=DIRECTION('',(-0.342020143325666,0.939692620785909,0.));
#12393=CARTESIAN_POINT('',(32.05,2.5,1.));
#12394=CARTESIAN_POINT('',(32.05,-4.08787838708181,1.));
#12395=VECTOR('',#12396,1.);
#12396=DIRECTION('',(0.,1.,-1.34820099509086E-016));
#12397=CARTESIAN_POINT('',(31.15,2.5,1.));
#12398=CARTESIAN_POINT('',(32.05,2.5,1.));
#12399=VECTOR('',#12400,1.);
#12400=DIRECTION('',(-1.,0.,0.));
#12401=CARTESIAN_POINT('',(31.15,3.5,1.));
#12402=CARTESIAN_POINT('',(31.15,2.5,1.));
#12403=VECTOR('',#12404,1.);
#12404=DIRECTION('',(0.,1.,0.));
#12405=CARTESIAN_POINT('',(28.85,3.5,1.));
#12406=CARTESIAN_POINT('',(31.15,3.5,1.));
#12407=VECTOR('',#12408,1.);
#12408=DIRECTION('',(-1.,0.,0.));
#12409=CARTESIAN_POINT('',(28.85,2.5,1.));
#12410=CARTESIAN_POINT('',(28.85,2.5,1.));
#12411=VECTOR('',#12412,1.);
#12412=DIRECTION('',(0.,1.,0.));
#12413=CARTESIAN_POINT('',(27.95,2.5,1.));
#12414=CARTESIAN_POINT('',(28.85,2.5,1.));
#12415=VECTOR('',#12416,1.);
#12416=DIRECTION('',(-1.,0.,0.));
#12417=CARTESIAN_POINT('',(27.95,-4.08787838708181,1.));
#12418=CARTESIAN_POINT('',(27.95,-4.08787838708181,1.));
#12419=VECTOR('',#12420,1.);
#12420=DIRECTION('',(0.,1.,0.));
#12421=CARTESIAN_POINT('',(27.95,-4.08787838708181,1.));
#12422=VECTOR('',#12423,1.);
#12423=DIRECTION('',(-0.342020143325666,-0.939692620785909,0.));
#12424=CARTESIAN_POINT('',(27.95,-4.08787838708181,7.3));
#12425=CARTESIAN_POINT('',(27.95,-4.08787838708181,7.3));
#12426=VECTOR('',#12427,1.);
#12427=DIRECTION('',(0.,0.,-1.));
#12428=CARTESIAN_POINT('',(27.8,-4.5,7.3));
#12429=VECTOR('',#12430,1.);
#12430=DIRECTION('',(0.342020143325666,0.939692620785909,0.));
#12431=CARTESIAN_POINT('',(32.05,-4.08787838708181,7.3));
#12432=CARTESIAN_POINT('',(32.05,-4.08787838708181,7.3));
#12433=VECTOR('',#12434,1.);
#12434=DIRECTION('',(0.342020143325666,-0.939692620785909,0.));
#12435=CARTESIAN_POINT('',(27.95,2.5,7.3));
#12436=CARTESIAN_POINT('',(27.95,-4.08787838708181,7.3));
#12437=VECTOR('',#12438,1.);
#12438=DIRECTION('',(0.,1.,1.34820099509086E-016));
#12439=CARTESIAN_POINT('',(28.85,2.5,7.3));
#12440=CARTESIAN_POINT('',(27.95,2.5,7.3));
#12441=VECTOR('',#12442,1.);
#12442=DIRECTION('',(1.,0.,0.));
#12443=CARTESIAN_POINT('',(28.85,3.5,7.3));
#12444=CARTESIAN_POINT('',(28.85,2.5,7.3));
#12445=VECTOR('',#12446,1.);
#12446=DIRECTION('',(0.,1.,0.));
#12447=CARTESIAN_POINT('',(31.15,3.5,7.3));
#12448=CARTESIAN_POINT('',(28.85,3.5,7.3));
#12449=VECTOR('',#12450,1.);
#12450=DIRECTION('',(1.,0.,0.));
#12451=CARTESIAN_POINT('',(31.15,2.5,7.3));
#12452=CARTESIAN_POINT('',(31.15,2.5,7.3));
#12453=VECTOR('',#12454,1.);
#12454=DIRECTION('',(0.,1.,0.));
#12455=CARTESIAN_POINT('',(32.05,2.5,7.3));
#12456=CARTESIAN_POINT('',(31.15,2.5,7.3));
#12457=VECTOR('',#12458,1.);
#12458=DIRECTION('',(1.,0.,0.));
#12459=CARTESIAN_POINT('',(32.05,-4.08787838708181,7.3));
#12460=VECTOR('',#12461,1.);
#12461=DIRECTION('',(0.,1.,0.));
#12462=CARTESIAN_POINT('',(30.,1.5,7.3));
#12463=AXIS2_PLACEMENT_3D('',#12464,#12465,#12466);
#12464=CARTESIAN_POINT('',(30.,0.,7.3));
#12465=DIRECTION('',(0.,0.,1.));
#12466=DIRECTION('',(0.,1.,0.));
#12467=CARTESIAN_POINT('',(32.05,-4.08787838708181,1.));
#12468=VECTOR('',#12469,1.);
#12469=DIRECTION('',(0.,0.,1.));
#12470=CARTESIAN_POINT('',(30.95,0.,0.4));
#12471=VECTOR('',#12472,1.);
#12472=DIRECTION('',(0.,0.,1.));
#12473=CARTESIAN_POINT('',(32.5,4.5,0.));
#12474=VECTOR('',#12475,1.);
#12475=DIRECTION('',(-1.,0.,0.));
#12476=CARTESIAN_POINT('',(32.5,-4.25,8.8));
#12477=VECTOR('',#12478,1.);
#12478=DIRECTION('',(-1.,0.,0.));
#12479=CARTESIAN_POINT('',(-1.6,4.5,0.));
#12480=VECTOR('',#12481,1.);
#12481=DIRECTION('',(-1.,0.,0.));
#12482=CARTESIAN_POINT('',(-1.6,4.,0.4));
#12483=VECTOR('',#12484,1.);
#12484=DIRECTION('',(1.,0.,0.));
#12485=CARTESIAN_POINT('',(0.95,0.,0.4));
#12486=CARTESIAN_POINT('',(0.95,0.,0.4));
#12487=VECTOR('',#12488,1.);
#12488=DIRECTION('',(0.,-1.,0.));
#12489=CARTESIAN_POINT('',(-0.95,5.74590265603038E-017,0.4));
#12490=AXIS2_PLACEMENT_3D('',#12491,#12492,#12493);
#12491=CARTESIAN_POINT('',(0.,0.,0.4));
#12492=DIRECTION('',(0.,0.,1.));
#12493=DIRECTION('',(1.,0.,0.));
#12494=CARTESIAN_POINT('',(-0.95,-4.5,0.4));
#12495=VECTOR('',#12496,1.);
#12496=DIRECTION('',(0.,1.,0.));
#12497=CARTESIAN_POINT('',(-0.95,5.74590265603038E-017,1.));
#12498=CARTESIAN_POINT('',(-0.95,-1.42339279839099E-018,0.4));
#12499=VECTOR('',#12500,1.);
#12500=DIRECTION('',(0.,0.,1.));
#12501=CARTESIAN_POINT('',(-0.95,-4.5,1.));
#12502=VECTOR('',#12503,1.);
#12503=DIRECTION('',(0.,1.,0.));
#12504=CARTESIAN_POINT('',(0.95,0.,1.));
#12505=AXIS2_PLACEMENT_3D('',#12506,#12507,#12508);
#12506=CARTESIAN_POINT('',(0.,0.,1.));
#12507=DIRECTION('',(0.,0.,1.));
#12508=DIRECTION('',(1.,0.,0.));
#12509=CARTESIAN_POINT('',(0.95,0.,1.));
#12510=VECTOR('',#12511,1.);
#12511=DIRECTION('',(0.,-1.,0.));
#12512=CARTESIAN_POINT('',(2.05,-4.08787838708181,1.));
#12513=CARTESIAN_POINT('',(2.2,-4.5,1.));
#12514=VECTOR('',#12515,1.);
#12515=DIRECTION('',(-0.342020143325667,0.939692620785909,0.));
#12516=CARTESIAN_POINT('',(2.05,2.5,1.));
#12517=CARTESIAN_POINT('',(2.05,-4.08787838708181,1.));
#12518=VECTOR('',#12519,1.);
#12519=DIRECTION('',(0.,1.,-1.34820099509086E-016));
#12520=CARTESIAN_POINT('',(1.15,2.5,1.));
#12521=CARTESIAN_POINT('',(2.05,2.5,1.));
#12522=VECTOR('',#12523,1.);
#12523=DIRECTION('',(-1.,-9.86864910777917E-016,0.));
#12524=CARTESIAN_POINT('',(1.15,3.5,1.));
#12525=CARTESIAN_POINT('',(1.15,2.5,1.));
#12526=VECTOR('',#12527,1.);
#12527=DIRECTION('',(0.,1.,0.));
#12528=CARTESIAN_POINT('',(-1.15,3.5,1.));
#12529=CARTESIAN_POINT('',(1.15,3.5,1.));
#12530=VECTOR('',#12531,1.);
#12531=DIRECTION('',(-1.,0.,0.));
#12532=CARTESIAN_POINT('',(-1.15,2.5,1.));
#12533=CARTESIAN_POINT('',(-1.15,2.5,1.));
#12534=VECTOR('',#12535,1.);
#12535=DIRECTION('',(0.,1.,0.));
#12536=CARTESIAN_POINT('',(-2.05,2.5,1.));
#12537=CARTESIAN_POINT('',(-1.15,2.5,1.));
#12538=VECTOR('',#12539,1.);
#12539=DIRECTION('',(-1.,0.,0.));
#12540=CARTESIAN_POINT('',(-2.05,-4.08787838708181,1.));
#12541=CARTESIAN_POINT('',(-2.05,-4.08787838708181,1.));
#12542=VECTOR('',#12543,1.);
#12543=DIRECTION('',(0.,1.,0.));
#12544=CARTESIAN_POINT('',(-2.05,-4.08787838708181,1.));
#12545=VECTOR('',#12546,1.);
#12546=DIRECTION('',(-0.342020143325675,-0.939692620785906,0.));
#12547=CARTESIAN_POINT('',(-2.05,-4.08787838708181,7.3));
#12548=CARTESIAN_POINT('',(-2.05,-4.08787838708181,7.3));
#12549=VECTOR('',#12550,1.);
#12550=DIRECTION('',(0.,0.,-1.));
#12551=CARTESIAN_POINT('',(-2.2,-4.5,7.3));
#12552=VECTOR('',#12553,1.);
#12553=DIRECTION('',(0.342020143325674,0.939692620785907,0.));
#12554=CARTESIAN_POINT('',(2.05,-4.08787838708181,7.3));
#12555=CARTESIAN_POINT('',(2.05,-4.08787838708181,7.3));
#12556=VECTOR('',#12557,1.);
#12557=DIRECTION('',(0.342020143325651,-0.939692620785915,0.));
#12558=CARTESIAN_POINT('',(-2.05,2.5,7.3));
#12559=CARTESIAN_POINT('',(-2.05,-4.08787838708181,7.3));
#12560=VECTOR('',#12561,1.);
#12561=DIRECTION('',(0.,1.,1.34820099509086E-016));
#12562=CARTESIAN_POINT('',(-1.15,2.5,7.3));
#12563=CARTESIAN_POINT('',(-2.05,2.5,7.3));
#12564=VECTOR('',#12565,1.);
#12565=DIRECTION('',(1.,0.,0.));
#12566=CARTESIAN_POINT('',(-1.15,3.5,7.3));
#12567=CARTESIAN_POINT('',(-1.15,2.5,7.3));
#12568=VECTOR('',#12569,1.);
#12569=DIRECTION('',(0.,1.,0.));
#12570=CARTESIAN_POINT('',(1.15,3.5,7.3));
#12571=CARTESIAN_POINT('',(-1.15,3.5,7.3));
#12572=VECTOR('',#12573,1.);
#12573=DIRECTION('',(1.,0.,0.));
#12574=CARTESIAN_POINT('',(1.15,2.5,7.3));
#12575=CARTESIAN_POINT('',(1.15,2.5,7.3));
#12576=VECTOR('',#12577,1.);
#12577=DIRECTION('',(0.,1.,0.));
#12578=CARTESIAN_POINT('',(2.05,2.5,7.3));
#12579=CARTESIAN_POINT('',(1.15,2.5,7.3));
#12580=VECTOR('',#12581,1.);
#12581=DIRECTION('',(1.,0.,0.));
#12582=CARTESIAN_POINT('',(2.05,-4.08787838708181,7.3));
#12583=VECTOR('',#12584,1.);
#12584=DIRECTION('',(0.,1.,0.));
#12585=CARTESIAN_POINT('',(0.,1.5,7.3));
#12586=AXIS2_PLACEMENT_3D('',#12587,#12588,#12589);
#12587=CARTESIAN_POINT('',(0.,0.,7.3));
#12588=DIRECTION('',(0.,0.,1.));
#12589=DIRECTION('',(0.,1.,0.));
#12590=CARTESIAN_POINT('',(2.05,-4.08787838708181,1.));
#12591=VECTOR('',#12592,1.);
#12592=DIRECTION('',(0.,0.,1.));
#12593=CARTESIAN_POINT('',(0.95,0.,0.4));
#12594=VECTOR('',#12595,1.);
#12595=DIRECTION('',(0.,0.,1.));
#12596=CARTESIAN_POINT('',(2.95,4.5,0.));
#12597=VECTOR('',#12598,1.);
#12598=DIRECTION('',(-1.,0.,0.));
#12599=CARTESIAN_POINT('',(4.05,5.74590265603038E-017,0.4));
#12600=CARTESIAN_POINT('',(4.05,0.,0.4));
#12601=VECTOR('',#12602,1.);
#12602=DIRECTION('',(0.,-1.,0.));
#12603=CARTESIAN_POINT('',(2.95000000000216,4.,0.4));
#12604=VECTOR('',#12605,1.);
#12605=DIRECTION('',(1.,0.,0.));
#12606=CARTESIAN_POINT('',(5.95,0.,0.4));
#12607=CARTESIAN_POINT('',(5.95,-4.5,0.4));
#12608=VECTOR('',#12609,1.);
#12609=DIRECTION('',(0.,1.,0.));
#12610=AXIS2_PLACEMENT_3D('',#12611,#12612,#12613);
#12611=CARTESIAN_POINT('',(5.,0.,0.4));
#12612=DIRECTION('',(0.,0.,1.));
#12613=DIRECTION('',(1.,0.,0.));
#12614=CARTESIAN_POINT('',(4.05,5.74590265603038E-017,1.));
#12615=CARTESIAN_POINT('',(4.05,-1.42339279839099E-018,0.4));
#12616=VECTOR('',#12617,1.);
#12617=DIRECTION('',(0.,0.,1.));
#12618=CARTESIAN_POINT('',(4.05,-4.5,1.));
#12619=VECTOR('',#12620,1.);
#12620=DIRECTION('',(0.,1.,0.));
#12621=CARTESIAN_POINT('',(5.95,0.,1.));
#12622=AXIS2_PLACEMENT_3D('',#12623,#12624,#12625);
#12623=CARTESIAN_POINT('',(5.,0.,1.));
#12624=DIRECTION('',(0.,0.,1.));
#12625=DIRECTION('',(1.,0.,0.));
#12626=CARTESIAN_POINT('',(5.95,0.,1.));
#12627=VECTOR('',#12628,1.);
#12628=DIRECTION('',(0.,-1.,0.));
#12629=CARTESIAN_POINT('',(7.05,-4.08787838708181,1.));
#12630=CARTESIAN_POINT('',(7.2,-4.5,1.));
#12631=VECTOR('',#12632,1.);
#12632=DIRECTION('',(-0.342020143325669,0.939692620785908,0.));
#12633=CARTESIAN_POINT('',(7.05,2.5,1.));
#12634=CARTESIAN_POINT('',(7.05,-4.08787838708181,1.));
#12635=VECTOR('',#12636,1.);
#12636=DIRECTION('',(0.,1.,-1.34820099509086E-016));
#12637=CARTESIAN_POINT('',(6.15,2.5,1.));
#12638=CARTESIAN_POINT('',(7.05,2.5,1.));
#12639=VECTOR('',#12640,1.);
#12640=DIRECTION('',(-1.,-9.86864910777917E-016,0.));
#12641=CARTESIAN_POINT('',(6.15,3.5,1.));
#12642=CARTESIAN_POINT('',(6.15,2.5,1.));
#12643=VECTOR('',#12644,1.);
#12644=DIRECTION('',(0.,1.,0.));
#12645=CARTESIAN_POINT('',(3.85,3.5,1.));
#12646=CARTESIAN_POINT('',(6.15,3.5,1.));
#12647=VECTOR('',#12648,1.);
#12648=DIRECTION('',(-1.,0.,0.));
#12649=CARTESIAN_POINT('',(3.85,2.5,1.));
#12650=CARTESIAN_POINT('',(3.85,2.5,1.));
#12651=VECTOR('',#12652,1.);
#12652=DIRECTION('',(0.,1.,0.));
#12653=CARTESIAN_POINT('',(2.95,2.5,1.));
#12654=CARTESIAN_POINT('',(3.85,2.5,1.));
#12655=VECTOR('',#12656,1.);
#12656=DIRECTION('',(-1.,0.,0.));
#12657=CARTESIAN_POINT('',(2.95,-4.08787838708181,1.));
#12658=CARTESIAN_POINT('',(2.95,-4.08787838708181,1.));
#12659=VECTOR('',#12660,1.);
#12660=DIRECTION('',(0.,1.,0.));
#12661=CARTESIAN_POINT('',(2.95,-4.08787838708181,1.));
#12662=VECTOR('',#12663,1.);
#12663=DIRECTION('',(-0.34202014332566,-0.939692620785911,0.));
#12664=CARTESIAN_POINT('',(2.95,-4.08787838708181,7.3));
#12665=CARTESIAN_POINT('',(2.95,-4.08787838708181,7.3));
#12666=VECTOR('',#12667,1.);
#12667=DIRECTION('',(0.,0.,-1.));
#12668=CARTESIAN_POINT('',(2.8,-4.5,7.3));
#12669=VECTOR('',#12670,1.);
#12670=DIRECTION('',(0.342020143325661,0.939692620785911,0.));
#12671=CARTESIAN_POINT('',(7.05,-4.08787838708181,7.3));
#12672=CARTESIAN_POINT('',(7.05,-4.08787838708181,7.3));
#12673=VECTOR('',#12674,1.);
#12674=DIRECTION('',(0.342020143325676,-0.939692620785906,0.));
#12675=CARTESIAN_POINT('',(2.95,2.5,7.3));
#12676=CARTESIAN_POINT('',(2.95,-4.08787838708181,7.3));
#12677=VECTOR('',#12678,1.);
#12678=DIRECTION('',(0.,1.,1.34820099509086E-016));
#12679=CARTESIAN_POINT('',(3.85,2.5,7.3));
#12680=CARTESIAN_POINT('',(2.95,2.5,7.3));
#12681=VECTOR('',#12682,1.);
#12682=DIRECTION('',(1.,0.,0.));
#12683=CARTESIAN_POINT('',(3.85,3.5,7.3));
#12684=CARTESIAN_POINT('',(3.85,2.5,7.3));
#12685=VECTOR('',#12686,1.);
#12686=DIRECTION('',(0.,1.,0.));
#12687=CARTESIAN_POINT('',(6.15,3.5,7.3));
#12688=CARTESIAN_POINT('',(3.85,3.5,7.3));
#12689=VECTOR('',#12690,1.);
#12690=DIRECTION('',(1.,0.,0.));
#12691=CARTESIAN_POINT('',(6.15,2.5,7.3));
#12692=CARTESIAN_POINT('',(6.15,2.5,7.3));
#12693=VECTOR('',#12694,1.);
#12694=DIRECTION('',(0.,1.,0.));
#12695=CARTESIAN_POINT('',(7.05,2.5,7.3));
#12696=CARTESIAN_POINT('',(6.15,2.5,7.3));
#12697=VECTOR('',#12698,1.);
#12698=DIRECTION('',(1.,0.,0.));
#12699=CARTESIAN_POINT('',(7.05,-4.08787838708181,7.3));
#12700=VECTOR('',#12701,1.);
#12701=DIRECTION('',(0.,1.,0.));
#12702=CARTESIAN_POINT('',(5.,1.5,7.3));
#12703=AXIS2_PLACEMENT_3D('',#12704,#12705,#12706);
#12704=CARTESIAN_POINT('',(5.,0.,7.3));
#12705=DIRECTION('',(0.,0.,1.));
#12706=DIRECTION('',(0.,1.,0.));
#12707=CARTESIAN_POINT('',(7.05,-4.08787838708181,1.));
#12708=VECTOR('',#12709,1.);
#12709=DIRECTION('',(0.,0.,1.));
#12710=CARTESIAN_POINT('',(5.95,0.,0.4));
#12711=VECTOR('',#12712,1.);
#12712=DIRECTION('',(0.,0.,1.));
#12713=CARTESIAN_POINT('',(7.05000000000217,4.,13.));
#12714=VECTOR('',#12715,1.);
#12715=DIRECTION('',(-1.,0.,0.));
#12716=CARTESIAN_POINT('',(2.95,3.5,13.));
#12717=VECTOR('',#12718,1.);
#12718=DIRECTION('',(1.,0.,0.));
#12719=CARTESIAN_POINT('',(7.05,3.5,8.8));
#12720=VECTOR('',#12721,1.);
#12721=DIRECTION('',(-1.,0.,0.));
#12722=CARTESIAN_POINT('',(2.05,4.,13.));
#12723=VECTOR('',#12724,1.);
#12724=DIRECTION('',(-1.,0.,0.));
#12725=CARTESIAN_POINT('',(-1.1,3.5,13.));
#12726=VECTOR('',#12727,1.);
#12727=DIRECTION('',(1.,0.,0.));
#12728=CARTESIAN_POINT('',(2.05,3.5,8.8));
#12729=VECTOR('',#12730,1.);
#12730=DIRECTION('',(-1.,0.,0.));
#12731=CARTESIAN_POINT('',(32.5,-3.2,8.8));
#12732=VECTOR('',#12733,1.);
#12733=DIRECTION('',(-1.,0.,0.));
#12734=CARTESIAN_POINT('',(31.6,4.,13.));
#12735=VECTOR('',#12736,1.);
#12736=DIRECTION('',(-1.,0.,0.));
#12737=CARTESIAN_POINT('',(27.95,3.5,13.));
#12738=VECTOR('',#12739,1.);
#12739=DIRECTION('',(1.,0.,0.));
#12740=CARTESIAN_POINT('',(31.6,3.5,8.8));
#12741=VECTOR('',#12742,1.);
#12742=DIRECTION('',(-1.,0.,0.));
#12743=CARTESIAN_POINT('',(5.,2.,7.6));
#12744=AXIS2_PLACEMENT_3D('',#12745,#12746,#12747);
#12745=CARTESIAN_POINT('',(5.,-5.79977147565651E-030,7.6));
#12746=DIRECTION('',(0.,1.21461182736277E-031,1.));
#12747=DIRECTION('',(0.,1.,-1.21461182736277E-031));
#12748=CARTESIAN_POINT('',(10.,2.,7.6));
#12749=AXIS2_PLACEMENT_3D('',#12750,#12751,#12752);
#12750=CARTESIAN_POINT('',(10.,-5.79977147565651E-030,7.6));
#12751=DIRECTION('',(0.,1.21461182736277E-031,1.));
#12752=DIRECTION('',(0.,1.,-1.21461182736277E-031));
#12753=CARTESIAN_POINT('',(15.,2.,7.6));
#12754=AXIS2_PLACEMENT_3D('',#12755,#12756,#12757);
#12755=CARTESIAN_POINT('',(15.,-5.79977147565651E-030,7.6));
#12756=DIRECTION('',(0.,1.21461182736277E-031,1.));
#12757=DIRECTION('',(0.,1.,-1.21461182736277E-031));
#12758=CARTESIAN_POINT('',(20.,2.,7.6));
#12759=AXIS2_PLACEMENT_3D('',#12760,#12761,#12762);
#12760=CARTESIAN_POINT('',(20.,-5.79977147565651E-030,7.6));
#12761=DIRECTION('',(0.,1.21461182736277E-031,1.));
#12762=DIRECTION('',(0.,1.,-1.21461182736277E-031));
#12763=CARTESIAN_POINT('',(25.,2.,7.6));
#12764=AXIS2_PLACEMENT_3D('',#12765,#12766,#12767);
#12765=CARTESIAN_POINT('',(25.,-5.79977147565651E-030,7.6));
#12766=DIRECTION('',(0.,1.21461182736277E-031,1.));
#12767=DIRECTION('',(0.,1.,-1.21461182736277E-031));
#12768=CARTESIAN_POINT('',(30.,2.,7.6));
#12769=AXIS2_PLACEMENT_3D('',#12770,#12771,#12772);
#12770=CARTESIAN_POINT('',(30.,-5.79977147565651E-030,7.6));
#12771=DIRECTION('',(0.,1.21461182736277E-031,1.));
#12772=DIRECTION('',(0.,1.,-1.21461182736277E-031));
#12773=CARTESIAN_POINT('',(0.,2.,7.6));
#12774=AXIS2_PLACEMENT_3D('',#12775,#12776,#12777);
#12775=CARTESIAN_POINT('',(0.,-5.79977147565651E-030,7.6));
#12776=DIRECTION('',(0.,1.21461182736277E-031,1.));
#12777=DIRECTION('',(0.,1.,-1.21461182736277E-031));
#12778=CARTESIAN_POINT('',(12.05,2.5,6.22742176666521));
#12779=CARTESIAN_POINT('',(12.05,2.5,7.3));
#12780=VECTOR('',#12781,1.);
#12781=DIRECTION('',(0.,0.,-1.));
#12782=CARTESIAN_POINT('',(12.05,3.5,6.22742176666521));
#12783=CARTESIAN_POINT('',(12.05,2.5,6.22742176666521));
#12784=VECTOR('',#12785,1.);
#12785=DIRECTION('',(0.,1.,0.));
#12786=CARTESIAN_POINT('',(12.05,3.5,2.07257823333479));
#12787=CARTESIAN_POINT('',(12.05,3.5,6.22742176666521));
#12788=VECTOR('',#12789,1.);
#12789=DIRECTION('',(0.,0.,-1.));
#12790=CARTESIAN_POINT('',(12.05,2.5,2.07257823333479));
#12791=CARTESIAN_POINT('',(12.05,2.5,2.07257823333479));
#12792=VECTOR('',#12793,1.);
#12793=DIRECTION('',(0.,1.,0.));
#12794=CARTESIAN_POINT('',(12.05,2.5,2.07257823333479));
#12795=VECTOR('',#12796,1.);
#12796=DIRECTION('',(0.,0.,-1.));
#12797=CARTESIAN_POINT('',(12.05,2.5,2.07257823333479));
#12798=VECTOR('',#12799,1.);
#12799=DIRECTION('',(-0.642787609686539,0.,-0.766044443118978));
#12800=CARTESIAN_POINT('',(12.05,3.5,2.07257823333479));
#12801=VECTOR('',#12802,1.);
#12802=DIRECTION('',(-0.642787609686539,0.,-0.766044443118978));
#12803=CARTESIAN_POINT('',(7.95,3.5,6.22742176666521));
#12804=CARTESIAN_POINT('',(7.95,3.5,6.22742176666521));
#12805=VECTOR('',#12806,1.);
#12806=DIRECTION('',(0.642787609686539,0.,0.766044443118978));
#12807=CARTESIAN_POINT('',(7.95,3.5,2.07257823333479));
#12808=CARTESIAN_POINT('',(7.95,3.5,2.07257823333479));
#12809=VECTOR('',#12810,1.);
#12810=DIRECTION('',(0.,0.,1.));
#12811=CARTESIAN_POINT('',(8.85,3.5,1.));
#12812=VECTOR('',#12813,1.);
#12813=DIRECTION('',(-0.64278760968654,0.,0.766044443118977));
#12814=CARTESIAN_POINT('',(11.15,3.5,7.3));
#12815=VECTOR('',#12816,1.);
#12816=DIRECTION('',(0.642787609686539,0.,-0.766044443118978));
#12817=CARTESIAN_POINT('',(7.95,2.5,2.07257823333479));
#12818=CARTESIAN_POINT('',(8.85,2.5,1.));
#12819=VECTOR('',#12820,1.);
#12820=DIRECTION('',(-0.64278760968654,0.,0.766044443118977));
#12821=CARTESIAN_POINT('',(7.95,2.5,2.07257823333479));
#12822=VECTOR('',#12823,1.);
#12823=DIRECTION('',(0.,1.,0.));
#12824=CARTESIAN_POINT('',(7.95,2.5,1.));
#12825=VECTOR('',#12826,1.);
#12826=DIRECTION('',(0.,0.,1.));
#12827=CARTESIAN_POINT('',(7.95,2.5,6.22742176666521));
#12828=CARTESIAN_POINT('',(7.95,2.5,6.22742176666521));
#12829=VECTOR('',#12830,1.);
#12830=DIRECTION('',(0.,1.,0.));
#12831=CARTESIAN_POINT('',(7.95,2.5,6.22742176666521));
#12832=VECTOR('',#12833,1.);
#12833=DIRECTION('',(0.,0.,1.));
#12834=CARTESIAN_POINT('',(7.95,2.5,6.22742176666521));
#12835=VECTOR('',#12836,1.);
#12836=DIRECTION('',(0.642787609686539,0.,0.766044443118978));
#12837=CARTESIAN_POINT('',(11.15,2.5,7.3));
#12838=VECTOR('',#12839,1.);
#12839=DIRECTION('',(0.642787609686539,0.,-0.766044443118978));
#12840=CARTESIAN_POINT('',(10.,1.5,7.4));
#12841=AXIS2_PLACEMENT_3D('',#12842,#12843,#12844);
#12842=CARTESIAN_POINT('',(10.,-5.82406371220377E-030,7.4));
#12843=DIRECTION('',(0.,1.21461182736277E-031,1.));
#12844=DIRECTION('',(0.,1.,-1.21461182736277E-031));
#12845=CARTESIAN_POINT('',(17.05,2.5,6.22742176666521));
#12846=CARTESIAN_POINT('',(17.05,2.5,7.3));
#12847=VECTOR('',#12848,1.);
#12848=DIRECTION('',(0.,0.,-1.));
#12849=CARTESIAN_POINT('',(17.05,3.5,6.22742176666521));
#12850=CARTESIAN_POINT('',(17.05,2.5,6.22742176666521));
#12851=VECTOR('',#12852,1.);
#12852=DIRECTION('',(0.,1.,0.));
#12853=CARTESIAN_POINT('',(17.05,3.5,2.07257823333479));
#12854=CARTESIAN_POINT('',(17.05,3.5,6.22742176666521));
#12855=VECTOR('',#12856,1.);
#12856=DIRECTION('',(0.,0.,-1.));
#12857=CARTESIAN_POINT('',(17.05,2.5,2.07257823333479));
#12858=CARTESIAN_POINT('',(17.05,2.5,2.07257823333479));
#12859=VECTOR('',#12860,1.);
#12860=DIRECTION('',(0.,1.,0.));
#12861=CARTESIAN_POINT('',(17.05,2.5,2.07257823333479));
#12862=VECTOR('',#12863,1.);
#12863=DIRECTION('',(0.,0.,-1.));
#12864=CARTESIAN_POINT('',(17.05,2.5,2.07257823333479));
#12865=VECTOR('',#12866,1.);
#12866=DIRECTION('',(-0.642787609686541,0.,-0.766044443118976));
#12867=CARTESIAN_POINT('',(17.05,3.5,2.07257823333479));
#12868=VECTOR('',#12869,1.);
#12869=DIRECTION('',(-0.64278760968654,0.,-0.766044443118977));
#12870=CARTESIAN_POINT('',(12.95,3.5,6.22742176666521));
#12871=CARTESIAN_POINT('',(12.95,3.5,6.22742176666521));
#12872=VECTOR('',#12873,1.);
#12873=DIRECTION('',(0.642787609686539,0.,0.766044443118978));
#12874=CARTESIAN_POINT('',(12.95,3.5,2.07257823333479));
#12875=CARTESIAN_POINT('',(12.95,3.5,2.07257823333479));
#12876=VECTOR('',#12877,1.);
#12877=DIRECTION('',(0.,0.,1.));
#12878=CARTESIAN_POINT('',(13.85,3.5,1.));
#12879=VECTOR('',#12880,1.);
#12880=DIRECTION('',(-0.64278760968654,0.,0.766044443118977));
#12881=CARTESIAN_POINT('',(16.15,3.5,7.3));
#12882=VECTOR('',#12883,1.);
#12883=DIRECTION('',(0.64278760968654,0.,-0.766044443118977));
#12884=CARTESIAN_POINT('',(12.95,2.5,2.07257823333479));
#12885=CARTESIAN_POINT('',(13.85,2.5,1.));
#12886=VECTOR('',#12887,1.);
#12887=DIRECTION('',(-0.642787609686541,0.,0.766044443118977));
#12888=CARTESIAN_POINT('',(12.95,2.5,2.07257823333479));
#12889=VECTOR('',#12890,1.);
#12890=DIRECTION('',(0.,1.,0.));
#12891=CARTESIAN_POINT('',(12.95,2.5,1.));
#12892=VECTOR('',#12893,1.);
#12893=DIRECTION('',(0.,0.,1.));
#12894=CARTESIAN_POINT('',(12.95,2.5,6.22742176666521));
#12895=CARTESIAN_POINT('',(12.95,2.5,6.22742176666521));
#12896=VECTOR('',#12897,1.);
#12897=DIRECTION('',(0.,1.,0.));
#12898=CARTESIAN_POINT('',(12.95,2.5,6.22742176666521));
#12899=VECTOR('',#12900,1.);
#12900=DIRECTION('',(0.,0.,1.));
#12901=CARTESIAN_POINT('',(12.95,2.5,6.22742176666521));
#12902=VECTOR('',#12903,1.);
#12903=DIRECTION('',(0.642787609686539,0.,0.766044443118978));
#12904=CARTESIAN_POINT('',(16.15,2.5,7.3));
#12905=VECTOR('',#12906,1.);
#12906=DIRECTION('',(0.64278760968654,0.,-0.766044443118977));
#12907=CARTESIAN_POINT('',(15.,1.5,7.4));
#12908=AXIS2_PLACEMENT_3D('',#12909,#12910,#12911);
#12909=CARTESIAN_POINT('',(15.,-5.82406371220377E-030,7.4));
#12910=DIRECTION('',(0.,1.21461182736277E-031,1.));
#12911=DIRECTION('',(0.,1.,-1.21461182736277E-031));
#12912=CARTESIAN_POINT('',(22.05,2.5,6.22742176666521));
#12913=CARTESIAN_POINT('',(22.05,2.5,7.3));
#12914=VECTOR('',#12915,1.);
#12915=DIRECTION('',(0.,0.,-1.));
#12916=CARTESIAN_POINT('',(22.05,3.5,6.22742176666521));
#12917=CARTESIAN_POINT('',(22.05,2.5,6.22742176666521));
#12918=VECTOR('',#12919,1.);
#12919=DIRECTION('',(0.,1.,0.));
#12920=CARTESIAN_POINT('',(22.05,3.5,2.07257823333479));
#12921=CARTESIAN_POINT('',(22.05,3.5,6.22742176666521));
#12922=VECTOR('',#12923,1.);
#12923=DIRECTION('',(0.,0.,-1.));
#12924=CARTESIAN_POINT('',(22.05,2.5,2.07257823333479));
#12925=CARTESIAN_POINT('',(22.05,2.5,2.07257823333479));
#12926=VECTOR('',#12927,1.);
#12927=DIRECTION('',(0.,1.,0.));
#12928=CARTESIAN_POINT('',(22.05,2.5,2.07257823333479));
#12929=VECTOR('',#12930,1.);
#12930=DIRECTION('',(0.,0.,-1.));
#12931=CARTESIAN_POINT('',(22.05,2.5,2.07257823333479));
#12932=VECTOR('',#12933,1.);
#12933=DIRECTION('',(-0.642787609686541,0.,-0.766044443118976));
#12934=CARTESIAN_POINT('',(22.05,3.5,2.07257823333479));
#12935=VECTOR('',#12936,1.);
#12936=DIRECTION('',(-0.64278760968654,0.,-0.766044443118977));
#12937=CARTESIAN_POINT('',(17.95,3.5,6.22742176666521));
#12938=CARTESIAN_POINT('',(17.95,3.5,6.22742176666521));
#12939=VECTOR('',#12940,1.);
#12940=DIRECTION('',(0.64278760968654,0.,0.766044443118977));
#12941=CARTESIAN_POINT('',(17.95,3.5,2.07257823333479));
#12942=CARTESIAN_POINT('',(17.95,3.5,2.07257823333479));
#12943=VECTOR('',#12944,1.);
#12944=DIRECTION('',(0.,0.,1.));
#12945=CARTESIAN_POINT('',(18.85,3.5,1.));
#12946=VECTOR('',#12947,1.);
#12947=DIRECTION('',(-0.64278760968654,0.,0.766044443118977));
#12948=CARTESIAN_POINT('',(21.15,3.5,7.3));
#12949=VECTOR('',#12950,1.);
#12950=DIRECTION('',(0.64278760968654,0.,-0.766044443118977));
#12951=CARTESIAN_POINT('',(17.95,2.5,2.07257823333479));
#12952=CARTESIAN_POINT('',(18.85,2.5,1.));
#12953=VECTOR('',#12954,1.);
#12954=DIRECTION('',(-0.642787609686541,0.,0.766044443118977));
#12955=CARTESIAN_POINT('',(17.95,2.5,2.07257823333479));
#12956=VECTOR('',#12957,1.);
#12957=DIRECTION('',(0.,1.,0.));
#12958=CARTESIAN_POINT('',(17.95,2.5,1.));
#12959=VECTOR('',#12960,1.);
#12960=DIRECTION('',(0.,0.,1.));
#12961=CARTESIAN_POINT('',(17.95,2.5,6.22742176666521));
#12962=CARTESIAN_POINT('',(17.95,2.5,6.22742176666521));
#12963=VECTOR('',#12964,1.);
#12964=DIRECTION('',(0.,1.,0.));
#12965=CARTESIAN_POINT('',(17.95,2.5,6.22742176666521));
#12966=VECTOR('',#12967,1.);
#12967=DIRECTION('',(0.,0.,1.));
#12968=CARTESIAN_POINT('',(17.95,2.5,6.22742176666521));
#12969=VECTOR('',#12970,1.);
#12970=DIRECTION('',(0.642787609686541,0.,0.766044443118977));
#12971=CARTESIAN_POINT('',(21.15,2.5,7.3));
#12972=VECTOR('',#12973,1.);
#12973=DIRECTION('',(0.64278760968654,0.,-0.766044443118977));
#12974=CARTESIAN_POINT('',(20.,1.5,7.4));
#12975=AXIS2_PLACEMENT_3D('',#12976,#12977,#12978);
#12976=CARTESIAN_POINT('',(20.,-5.82406371220377E-030,7.4));
#12977=DIRECTION('',(0.,1.21461182736277E-031,1.));
#12978=DIRECTION('',(0.,1.,-1.21461182736277E-031));
#12979=CARTESIAN_POINT('',(27.05,2.5,6.22742176666521));
#12980=CARTESIAN_POINT('',(27.05,2.5,7.3));
#12981=VECTOR('',#12982,1.);
#12982=DIRECTION('',(0.,0.,-1.));
#12983=CARTESIAN_POINT('',(27.05,3.5,6.22742176666521));
#12984=CARTESIAN_POINT('',(27.05,2.5,6.22742176666521));
#12985=VECTOR('',#12986,1.);
#12986=DIRECTION('',(0.,1.,0.));
#12987=CARTESIAN_POINT('',(27.05,3.5,2.07257823333479));
#12988=CARTESIAN_POINT('',(27.05,3.5,6.22742176666521));
#12989=VECTOR('',#12990,1.);
#12990=DIRECTION('',(0.,0.,-1.));
#12991=CARTESIAN_POINT('',(27.05,2.5,2.07257823333479));
#12992=CARTESIAN_POINT('',(27.05,2.5,2.07257823333479));
#12993=VECTOR('',#12994,1.);
#12994=DIRECTION('',(0.,1.,0.));
#12995=CARTESIAN_POINT('',(27.05,2.5,2.07257823333479));
#12996=VECTOR('',#12997,1.);
#12997=DIRECTION('',(0.,0.,-1.));
#12998=CARTESIAN_POINT('',(27.05,2.5,2.07257823333479));
#12999=VECTOR('',#13000,1.);
#13000=DIRECTION('',(-0.642787609686541,0.,-0.766044443118976));
#13001=CARTESIAN_POINT('',(27.05,3.5,2.07257823333479));
#13002=VECTOR('',#13003,1.);
#13003=DIRECTION('',(-0.64278760968654,0.,-0.766044443118977));
#13004=CARTESIAN_POINT('',(22.95,3.5,6.22742176666521));
#13005=CARTESIAN_POINT('',(22.95,3.5,6.22742176666521));
#13006=VECTOR('',#13007,1.);
#13007=DIRECTION('',(0.64278760968654,0.,0.766044443118977));
#13008=CARTESIAN_POINT('',(22.95,3.5,2.07257823333479));
#13009=CARTESIAN_POINT('',(22.95,3.5,2.07257823333479));
#13010=VECTOR('',#13011,1.);
#13011=DIRECTION('',(0.,0.,1.));
#13012=CARTESIAN_POINT('',(23.85,3.5,1.));
#13013=VECTOR('',#13014,1.);
#13014=DIRECTION('',(-0.64278760968654,0.,0.766044443118977));
#13015=CARTESIAN_POINT('',(26.15,3.5,7.3));
#13016=VECTOR('',#13017,1.);
#13017=DIRECTION('',(0.64278760968654,0.,-0.766044443118977));
#13018=CARTESIAN_POINT('',(22.95,2.5,2.07257823333479));
#13019=CARTESIAN_POINT('',(23.85,2.5,1.));
#13020=VECTOR('',#13021,1.);
#13021=DIRECTION('',(-0.642787609686541,0.,0.766044443118977));
#13022=CARTESIAN_POINT('',(22.95,2.5,2.07257823333479));
#13023=VECTOR('',#13024,1.);
#13024=DIRECTION('',(0.,1.,0.));
#13025=CARTESIAN_POINT('',(22.95,2.5,1.));
#13026=VECTOR('',#13027,1.);
#13027=DIRECTION('',(0.,0.,1.));
#13028=CARTESIAN_POINT('',(22.95,2.5,6.22742176666521));
#13029=CARTESIAN_POINT('',(22.95,2.5,6.22742176666521));
#13030=VECTOR('',#13031,1.);
#13031=DIRECTION('',(0.,1.,0.));
#13032=CARTESIAN_POINT('',(22.95,2.5,6.22742176666521));
#13033=VECTOR('',#13034,1.);
#13034=DIRECTION('',(0.,0.,1.));
#13035=CARTESIAN_POINT('',(22.95,2.5,6.22742176666521));
#13036=VECTOR('',#13037,1.);
#13037=DIRECTION('',(0.642787609686541,0.,0.766044443118977));
#13038=CARTESIAN_POINT('',(26.15,2.5,7.3));
#13039=VECTOR('',#13040,1.);
#13040=DIRECTION('',(0.64278760968654,0.,-0.766044443118977));
#13041=CARTESIAN_POINT('',(25.,1.5,7.4));
#13042=AXIS2_PLACEMENT_3D('',#13043,#13044,#13045);
#13043=CARTESIAN_POINT('',(25.,-5.82406371220377E-030,7.4));
#13044=DIRECTION('',(0.,1.21461182736277E-031,1.));
#13045=DIRECTION('',(0.,1.,-1.21461182736277E-031));
#13046=CARTESIAN_POINT('',(32.05,2.5,6.22742176666521));
#13047=CARTESIAN_POINT('',(32.05,2.5,7.3));
#13048=VECTOR('',#13049,1.);
#13049=DIRECTION('',(0.,0.,-1.));
#13050=CARTESIAN_POINT('',(32.05,3.5,6.22742176666521));
#13051=CARTESIAN_POINT('',(32.05,2.5,6.22742176666521));
#13052=VECTOR('',#13053,1.);
#13053=DIRECTION('',(0.,1.,0.));
#13054=CARTESIAN_POINT('',(32.05,3.5,2.07257823333479));
#13055=CARTESIAN_POINT('',(32.05,3.5,6.22742176666521));
#13056=VECTOR('',#13057,1.);
#13057=DIRECTION('',(0.,0.,-1.));
#13058=CARTESIAN_POINT('',(32.05,2.5,2.07257823333479));
#13059=CARTESIAN_POINT('',(32.05,2.5,2.07257823333479));
#13060=VECTOR('',#13061,1.);
#13061=DIRECTION('',(0.,1.,0.));
#13062=CARTESIAN_POINT('',(32.05,2.5,2.07257823333479));
#13063=VECTOR('',#13064,1.);
#13064=DIRECTION('',(0.,0.,-1.));
#13065=CARTESIAN_POINT('',(32.05,2.5,2.07257823333479));
#13066=VECTOR('',#13067,1.);
#13067=DIRECTION('',(-0.642787609686539,0.,-0.766044443118978));
#13068=CARTESIAN_POINT('',(32.05,3.5,2.07257823333479));
#13069=VECTOR('',#13070,1.);
#13070=DIRECTION('',(-0.642787609686539,0.,-0.766044443118979));
#13071=CARTESIAN_POINT('',(27.95,3.5,6.22742176666521));
#13072=CARTESIAN_POINT('',(27.95,3.5,6.22742176666521));
#13073=VECTOR('',#13074,1.);
#13074=DIRECTION('',(0.64278760968654,0.,0.766044443118977));
#13075=CARTESIAN_POINT('',(27.95,3.5,2.07257823333479));
#13076=CARTESIAN_POINT('',(27.95,3.5,2.07257823333479));
#13077=VECTOR('',#13078,1.);
#13078=DIRECTION('',(0.,0.,1.));
#13079=CARTESIAN_POINT('',(28.85,3.5,1.));
#13080=VECTOR('',#13081,1.);
#13081=DIRECTION('',(-0.64278760968654,0.,0.766044443118977));
#13082=CARTESIAN_POINT('',(31.15,3.5,7.3));
#13083=VECTOR('',#13084,1.);
#13084=DIRECTION('',(0.642787609686539,0.,-0.766044443118978));
#13085=CARTESIAN_POINT('',(27.95,2.5,2.07257823333479));
#13086=CARTESIAN_POINT('',(28.85,2.5,1.));
#13087=VECTOR('',#13088,1.);
#13088=DIRECTION('',(-0.642787609686541,0.,0.766044443118977));
#13089=CARTESIAN_POINT('',(27.95,2.5,2.07257823333479));
#13090=VECTOR('',#13091,1.);
#13091=DIRECTION('',(0.,1.,0.));
#13092=CARTESIAN_POINT('',(27.95,2.5,1.));
#13093=VECTOR('',#13094,1.);
#13094=DIRECTION('',(0.,0.,1.));
#13095=CARTESIAN_POINT('',(27.95,2.5,6.22742176666521));
#13096=CARTESIAN_POINT('',(27.95,2.5,6.22742176666521));
#13097=VECTOR('',#13098,1.);
#13098=DIRECTION('',(0.,1.,0.));
#13099=CARTESIAN_POINT('',(27.95,2.5,6.22742176666521));
#13100=VECTOR('',#13101,1.);
#13101=DIRECTION('',(0.,0.,1.));
#13102=CARTESIAN_POINT('',(27.95,2.5,6.22742176666521));
#13103=VECTOR('',#13104,1.);
#13104=DIRECTION('',(0.642787609686541,0.,0.766044443118977));
#13105=CARTESIAN_POINT('',(31.15,2.5,7.3));
#13106=VECTOR('',#13107,1.);
#13107=DIRECTION('',(0.642787609686539,0.,-0.766044443118979));
#13108=CARTESIAN_POINT('',(30.,1.5,7.4));
#13109=AXIS2_PLACEMENT_3D('',#13110,#13111,#13112);
#13110=CARTESIAN_POINT('',(30.,-5.82406371220377E-030,7.4));
#13111=DIRECTION('',(0.,1.21461182736277E-031,1.));
#13112=DIRECTION('',(0.,1.,-1.21461182736277E-031));
#13113=CARTESIAN_POINT('',(2.05,2.5,6.22742176666521));
#13114=CARTESIAN_POINT('',(2.05,2.5,7.3));
#13115=VECTOR('',#13116,1.);
#13116=DIRECTION('',(0.,0.,-1.));
#13117=CARTESIAN_POINT('',(2.05,3.5,6.22742176666521));
#13118=CARTESIAN_POINT('',(2.05,2.5,6.22742176666521));
#13119=VECTOR('',#13120,1.);
#13120=DIRECTION('',(0.,1.,0.));
#13121=CARTESIAN_POINT('',(2.05,3.5,2.07257823333479));
#13122=CARTESIAN_POINT('',(2.05,3.5,6.22742176666521));
#13123=VECTOR('',#13124,1.);
#13124=DIRECTION('',(0.,0.,-1.));
#13125=CARTESIAN_POINT('',(2.05,2.5,2.07257823333479));
#13126=CARTESIAN_POINT('',(2.05,2.5,2.07257823333479));
#13127=VECTOR('',#13128,1.);
#13128=DIRECTION('',(0.,1.,0.));
#13129=CARTESIAN_POINT('',(2.05,2.5,2.07257823333479));
#13130=VECTOR('',#13131,1.);
#13131=DIRECTION('',(0.,0.,-1.));
#13132=CARTESIAN_POINT('',(2.05,2.5,2.07257823333479));
#13133=VECTOR('',#13134,1.);
#13134=DIRECTION('',(-0.642787609686539,0.,-0.766044443118978));
#13135=CARTESIAN_POINT('',(2.05,3.5,2.07257823333479));
#13136=VECTOR('',#13137,1.);
#13137=DIRECTION('',(-0.642787609686539,0.,-0.766044443118978));
#13138=CARTESIAN_POINT('',(-2.05,3.5,6.22742176666521));
#13139=CARTESIAN_POINT('',(-2.05,3.5,6.22742176666521));
#13140=VECTOR('',#13141,1.);
#13141=DIRECTION('',(0.642787609686539,0.,0.766044443118978));
#13142=CARTESIAN_POINT('',(-2.05,3.5,2.07257823333479));
#13143=CARTESIAN_POINT('',(-2.05,3.5,2.07257823333479));
#13144=VECTOR('',#13145,1.);
#13145=DIRECTION('',(0.,0.,1.));
#13146=CARTESIAN_POINT('',(-1.15,3.5,1.));
#13147=VECTOR('',#13148,1.);
#13148=DIRECTION('',(-0.64278760968654,0.,0.766044443118978));
#13149=CARTESIAN_POINT('',(1.15,3.5,7.3));
#13150=VECTOR('',#13151,1.);
#13151=DIRECTION('',(0.642787609686539,0.,-0.766044443118978));
#13152=CARTESIAN_POINT('',(-2.05,2.5,2.07257823333479));
#13153=CARTESIAN_POINT('',(-1.15,2.5,1.));
#13154=VECTOR('',#13155,1.);
#13155=DIRECTION('',(-0.64278760968654,0.,0.766044443118978));
#13156=CARTESIAN_POINT('',(-2.05,2.5,2.07257823333479));
#13157=VECTOR('',#13158,1.);
#13158=DIRECTION('',(0.,1.,0.));
#13159=CARTESIAN_POINT('',(-2.05,2.5,1.));
#13160=VECTOR('',#13161,1.);
#13161=DIRECTION('',(0.,0.,1.));
#13162=CARTESIAN_POINT('',(-2.05,2.5,6.22742176666521));
#13163=CARTESIAN_POINT('',(-2.05,2.5,6.22742176666521));
#13164=VECTOR('',#13165,1.);
#13165=DIRECTION('',(0.,1.,0.));
#13166=CARTESIAN_POINT('',(-2.05,2.5,6.22742176666521));
#13167=VECTOR('',#13168,1.);
#13168=DIRECTION('',(0.,0.,1.));
#13169=CARTESIAN_POINT('',(-2.05,2.5,6.22742176666521));
#13170=VECTOR('',#13171,1.);
#13171=DIRECTION('',(0.642787609686539,0.,0.766044443118978));
#13172=CARTESIAN_POINT('',(1.15,2.5,7.3));
#13173=VECTOR('',#13174,1.);
#13174=DIRECTION('',(0.642787609686539,0.,-0.766044443118978));
#13175=CARTESIAN_POINT('',(0.,1.5,7.4));
#13176=AXIS2_PLACEMENT_3D('',#13177,#13178,#13179);
#13177=CARTESIAN_POINT('',(0.,-5.82406371220377E-030,7.4));
#13178=DIRECTION('',(0.,1.21461182736277E-031,1.));
#13179=DIRECTION('',(0.,1.,-1.21461182736277E-031));
#13180=CARTESIAN_POINT('',(7.05,2.5,6.22742176666521));
#13181=CARTESIAN_POINT('',(7.05,2.5,7.3));
#13182=VECTOR('',#13183,1.);
#13183=DIRECTION('',(0.,0.,-1.));
#13184=CARTESIAN_POINT('',(7.05,3.5,6.22742176666521));
#13185=CARTESIAN_POINT('',(7.05,2.5,6.22742176666521));
#13186=VECTOR('',#13187,1.);
#13187=DIRECTION('',(0.,1.,0.));
#13188=CARTESIAN_POINT('',(7.05,3.5,2.07257823333479));
#13189=CARTESIAN_POINT('',(7.05,3.5,6.22742176666521));
#13190=VECTOR('',#13191,1.);
#13191=DIRECTION('',(0.,0.,-1.));
#13192=CARTESIAN_POINT('',(7.05,2.5,2.07257823333479));
#13193=CARTESIAN_POINT('',(7.05,2.5,2.07257823333479));
#13194=VECTOR('',#13195,1.);
#13195=DIRECTION('',(0.,1.,0.));
#13196=CARTESIAN_POINT('',(7.05,2.5,2.07257823333479));
#13197=VECTOR('',#13198,1.);
#13198=DIRECTION('',(0.,0.,-1.));
#13199=CARTESIAN_POINT('',(7.05,2.5,2.07257823333479));
#13200=VECTOR('',#13201,1.);
#13201=DIRECTION('',(-0.642787609686539,0.,-0.766044443118978));
#13202=CARTESIAN_POINT('',(7.05,3.5,2.07257823333479));
#13203=VECTOR('',#13204,1.);
#13204=DIRECTION('',(-0.642787609686539,0.,-0.766044443118978));
#13205=CARTESIAN_POINT('',(2.95,3.5,6.22742176666521));
#13206=CARTESIAN_POINT('',(2.95,3.5,6.22742176666521));
#13207=VECTOR('',#13208,1.);
#13208=DIRECTION('',(0.642787609686539,0.,0.766044443118978));
#13209=CARTESIAN_POINT('',(2.95,3.5,2.07257823333479));
#13210=CARTESIAN_POINT('',(2.95,3.5,2.07257823333479));
#13211=VECTOR('',#13212,1.);
#13212=DIRECTION('',(0.,0.,1.));
#13213=CARTESIAN_POINT('',(3.85,3.5,1.));
#13214=VECTOR('',#13215,1.);
#13215=DIRECTION('',(-0.64278760968654,0.,0.766044443118978));
#13216=CARTESIAN_POINT('',(6.15,3.5,7.3));
#13217=VECTOR('',#13218,1.);
#13218=DIRECTION('',(0.642787609686539,0.,-0.766044443118978));
#13219=CARTESIAN_POINT('',(2.95,2.5,2.07257823333479));
#13220=CARTESIAN_POINT('',(3.85,2.5,1.));
#13221=VECTOR('',#13222,1.);
#13222=DIRECTION('',(-0.64278760968654,0.,0.766044443118978));
#13223=CARTESIAN_POINT('',(2.95,2.5,2.07257823333479));
#13224=VECTOR('',#13225,1.);
#13225=DIRECTION('',(0.,1.,0.));
#13226=CARTESIAN_POINT('',(2.95,2.5,1.));
#13227=VECTOR('',#13228,1.);
#13228=DIRECTION('',(0.,0.,1.));
#13229=CARTESIAN_POINT('',(2.95,2.5,6.22742176666521));
#13230=CARTESIAN_POINT('',(2.95,2.5,6.22742176666521));
#13231=VECTOR('',#13232,1.);
#13232=DIRECTION('',(0.,1.,0.));
#13233=CARTESIAN_POINT('',(2.95,2.5,6.22742176666521));
#13234=VECTOR('',#13235,1.);
#13235=DIRECTION('',(0.,0.,1.));
#13236=CARTESIAN_POINT('',(2.95,2.5,6.22742176666521));
#13237=VECTOR('',#13238,1.);
#13238=DIRECTION('',(0.642787609686539,0.,0.766044443118978));
#13239=CARTESIAN_POINT('',(6.15,2.5,7.3));
#13240=VECTOR('',#13241,1.);
#13241=DIRECTION('',(0.642787609686539,0.,-0.766044443118978));
#13242=CARTESIAN_POINT('',(5.,1.5,7.4));
#13243=AXIS2_PLACEMENT_3D('',#13244,#13245,#13246);
#13244=CARTESIAN_POINT('',(5.,-5.82406371220377E-030,7.4));
#13245=DIRECTION('',(0.,1.21461182736277E-031,1.));
#13246=DIRECTION('',(0.,1.,-1.21461182736277E-031));
#13247=CARTESIAN_POINT('',(0.675,1.05208127235525,5.6));
#13248=CARTESIAN_POINT('',(-0.675,1.05208127062524,5.6));
#13249=AXIS2_PLACEMENT_3D('',#13250,#13251,#13252);
#13250=CARTESIAN_POINT('',(0.,0.,5.6));
#13251=DIRECTION('',(0.,0.,1.));
#13252=DIRECTION('',(0.54,0.841665016500033,0.));
#13253=CARTESIAN_POINT('',(-0.675,2.5,5.6));
#13254=CARTESIAN_POINT('',(-0.675,1.05208127062524,5.6));
#13255=VECTOR('',#13256,1.);
#13256=DIRECTION('',(0.,1.,0.));
#13257=CARTESIAN_POINT('',(0.675,2.5,5.6));
#13258=CARTESIAN_POINT('',(-0.675,2.5,5.6));
#13259=VECTOR('',#13260,1.);
#13260=DIRECTION('',(1.,0.,0.));
#13261=CARTESIAN_POINT('',(0.675,1.05208127235525,5.6));
#13262=VECTOR('',#13263,1.);
#13263=DIRECTION('',(0.,1.,0.));
#13264=CARTESIAN_POINT('',(-0.675,-1.05208127062504,5.6));
#13265=CARTESIAN_POINT('',(0.675,-1.05208127062504,5.6));
#13266=AXIS2_PLACEMENT_3D('',#13267,#13268,#13269);
#13267=CARTESIAN_POINT('',(0.,0.,5.6));
#13268=DIRECTION('',(0.,0.,1.));
#13269=DIRECTION('',(-0.54,-0.841665016500032,0.));
#13270=CARTESIAN_POINT('',(0.675,-2.5,5.6));
#13271=CARTESIAN_POINT('',(0.675,-2.5,5.6));
#13272=VECTOR('',#13273,1.);
#13273=DIRECTION('',(0.,1.,0.));
#13274=CARTESIAN_POINT('',(-0.675,-2.5,5.6));
#13275=CARTESIAN_POINT('',(-0.675,-2.5,5.6));
#13276=VECTOR('',#13277,1.);
#13277=DIRECTION('',(1.,0.,0.));
#13278=CARTESIAN_POINT('',(-0.675,-2.5,5.6));
#13279=VECTOR('',#13280,1.);
#13280=DIRECTION('',(0.,1.,0.));
#13281=CARTESIAN_POINT('',(-0.674999999999955,1.05208127062517,5.6));
#13282=CARTESIAN_POINT('',(-0.682481551744298,1.04728120366943,5.59999980731816));
#13283=CARTESIAN_POINT('',(-0.697389074221292,1.03749029339786,5.59975009569889));
#13284=CARTESIAN_POINT('',(-0.719445746025464,1.02231995503079,5.59865490194591));
#13285=CARTESIAN_POINT('',(-0.741289032757926,1.00659485623282,5.59685535306013));
#13286=CARTESIAN_POINT('',(-0.762863757378139,0.990344859135554,5.59437340366801));
#13287=CARTESIAN_POINT('',(-0.784163652981376,0.973567170552736,5.59122916558874));
#13288=CARTESIAN_POINT('',(-0.805151470076934,0.956283738242954,5.58744697599695));
#13289=CARTESIAN_POINT('',(-0.825830456538486,0.938484274817393,5.58304459393733));
#13290=CARTESIAN_POINT('',(-0.846135108602035,0.920219744846771,5.57805586050652));
#13291=CARTESIAN_POINT('',(-0.866098086996789,0.901456942745354,5.57249374140702));
#13292=CARTESIAN_POINT('',(-0.885723550888966,0.882183546847478,5.56637411007401));
#13293=CARTESIAN_POINT('',(-0.905097347765417,0.862298045415909,5.55968081068485));
#13294=CARTESIAN_POINT('',(-0.924171251178224,0.841826082811137,5.55243693803458));
#13295=CARTESIAN_POINT('',(-0.943001167209333,0.820681584336462,5.54462752359531));
#13296=CARTESIAN_POINT('',(-0.961540088630624,0.798885297800679,5.53627556106833));
#13297=CARTESIAN_POINT('',(-0.979838297343344,0.776338419892441,5.52735906128758));
#13298=CARTESIAN_POINT('',(-0.997772858410928,0.753152679252417,5.51794095238747));
#13299=CARTESIAN_POINT('',(-1.01601450710781,0.728384537132653,5.50765307402691));
#13300=CARTESIAN_POINT('',(-1.03505542034394,0.701121781377371,5.49610974297302));
#13301=CARTESIAN_POINT('',(-1.05905470036217,0.664616437285502,5.48040160438026));
#13302=CARTESIAN_POINT('',(-1.08968642158393,0.613799714236117,5.45821083317107));
#13303=CARTESIAN_POINT('',(-1.1240089125704,0.548843804018576,5.42972793690234));
#13304=CARTESIAN_POINT('',(-1.15389060541571,0.482339936188745,5.40119551865984));
#13305=CARTESIAN_POINT('',(-1.1746957027174,0.428193112034983,5.37900440392865));
#13306=CARTESIAN_POINT('',(-1.18827436097361,0.388428321786651,5.36347371926504));
#13307=CARTESIAN_POINT('',(-1.19766565882432,0.358317630176255,5.35220677760823));
#13308=CARTESIAN_POINT('',(-1.20565628466718,0.330378874617825,5.34222410885151));
#13309=CARTESIAN_POINT('',(-1.21264792489833,0.303704615318699,5.33316694612759));
#13310=CARTESIAN_POINT('',(-1.21897086241746,0.277222122256089,5.32469315829754));
#13311=CARTESIAN_POINT('',(-1.2245866869764,0.251233219906354,5.31692733036295));
#13312=CARTESIAN_POINT('',(-1.2295568324086,0.225634290031538,5.30985558990161));
#13313=CARTESIAN_POINT('',(-1.2340116853908,0.199864304725636,5.30335141069045));
#13314=CARTESIAN_POINT('',(-1.23807278510934,0.173019598458794,5.2972775153427));
#13315=CARTESIAN_POINT('',(-1.24230822143602,0.140061041894034,5.29079676543877));
#13316=CARTESIAN_POINT('',(-1.24654688587825,0.0972782956786957,5.28413620144163));
#13317=CARTESIAN_POINT('',(-1.24974394696048,0.0428234481990051,5.27897536633039));
#13318=CARTESIAN_POINT('',(-1.2503447117474,-0.0130738355797208,5.2779916838042));
#13319=CARTESIAN_POINT('',(-1.24872125788013,-0.0612664707650994,5.28063270840977));
#13320=CARTESIAN_POINT('',(-1.24630876408682,-0.0976291071237971,5.28449746803417));
#13321=CARTESIAN_POINT('',(-1.24352928576482,-0.128129371641463,5.28888106076063));
#13322=CARTESIAN_POINT('',(-1.23961882389106,-0.162236370765229,5.2949392586098));
#13323=CARTESIAN_POINT('',(-1.23395064868151,-0.201266874554938,5.30348687090295));
#13324=CARTESIAN_POINT('',(-1.22624628160432,-0.243766959510024,5.31464286818141));
#13325=CARTESIAN_POINT('',(-1.21736957178139,-0.284745793161923,5.32692502410194));
#13326=CARTESIAN_POINT('',(-1.20576552360824,-0.330890722322091,5.34221018032211));
#13327=CARTESIAN_POINT('',(-1.18805645311586,-0.390944514087551,5.36409096139625));
#13328=CARTESIAN_POINT('',(-1.16056299575769,-0.467338822569762,5.39474301461378));
#13329=CARTESIAN_POINT('',(-1.12462837342727,-0.54807060248965,5.42937444530835));
#13330=CARTESIAN_POINT('',(-1.08737109606571,-0.617885578914453,5.46000574434753));
#13331=CARTESIAN_POINT('',(-1.05672946397743,-0.668273779898812,5.48198649254671));
#13332=CARTESIAN_POINT('',(-1.03314406690755,-0.703929463008749,5.49730772041952));
#13333=CARTESIAN_POINT('',(-1.01409661157906,-0.731053881906215,5.50877262540925));
#13334=CARTESIAN_POINT('',(-0.995654271125992,-0.755956607029092,5.51909298523704));
#13335=CARTESIAN_POINT('',(-0.977351071493449,-0.779474261919179,5.52861613648495));
#13336=CARTESIAN_POINT('',(-0.958593098741193,-0.802427240436891,5.53765419416615));
#13337=CARTESIAN_POINT('',(-0.939508119100263,-0.824686728317072,5.54613311321286));
#13338=CARTESIAN_POINT('',(-0.920085191350874,-0.84629858397106,5.55405089858789));
#13339=CARTESIAN_POINT('',(-0.900428321423021,-0.867179570351448,5.56136010575489));
#13340=CARTESIAN_POINT('',(-0.880533348134864,-0.887369320619299,5.56806086391876));
#13341=CARTESIAN_POINT('',(-0.860518922805346,-0.906787112824903,5.57411730632458));
#13342=CARTESIAN_POINT('',(-0.840297194754048,-0.925554437088473,5.57955927603943));
#13343=CARTESIAN_POINT('',(-0.819932611422058,-0.943639709704061,5.58436798571483));
#13344=CARTESIAN_POINT('',(-0.799399975369363,-0.961092048168397,5.58854760828127));
#13345=CARTESIAN_POINT('',(-0.778846026846928,-0.977818750297149,5.59207238226625));
#13346=CARTESIAN_POINT('',(-0.758216299452243,-0.9938975839489,5.59495825187618));
#13347=CARTESIAN_POINT('',(-0.737564046794893,-1.00931585219829,5.59720153466556));
#13348=CARTESIAN_POINT('',(-0.716819269827532,-1.02415033328277,5.59881018030892));
#13349=CARTESIAN_POINT('',(-0.696026535171401,-1.03839149193469,5.59977988750386));
#13350=CARTESIAN_POINT('',(-0.682014588686181,-1.04758080521901,5.59999985231049));
#13351=CARTESIAN_POINT('',(-0.674999999999999,-1.05208127062504,5.6));
#13352=CARTESIAN_POINT('',(-1.35,-2.5,4.925));
#13353=AXIS2_PLACEMENT_3D('',#13354,#13355,#13356);
#13354=CARTESIAN_POINT('',(-0.675,-2.5,4.925));
#13355=DIRECTION('',(0.,1.,-0.));
#13356=DIRECTION('',(-1.,0.,0.));
#13357=CARTESIAN_POINT('',(-1.35,2.5,4.925));
#13358=CARTESIAN_POINT('',(-1.35,-2.5,4.925));
#13359=VECTOR('',#13360,1.);
#13360=DIRECTION('',(0.,1.,0.));
#13361=AXIS2_PLACEMENT_3D('',#13362,#13363,#13364);
#13362=CARTESIAN_POINT('',(-0.675,2.5,4.925));
#13363=DIRECTION('',(0.,1.,-0.));
#13364=DIRECTION('',(-1.,0.,0.));
#13365=CARTESIAN_POINT('',(1.25,-1.53080849893419E-016,5.27855339059351));
#13366=CARTESIAN_POINT('',(0.674999999999999,-1.05208127062504,5.6));
#13367=CARTESIAN_POINT('',(0.681828755068414,-1.04770003873272,5.59999987450303));
#13368=CARTESIAN_POINT('',(0.695448991832411,-1.03877280892437,5.5997917688266));
#13369=CARTESIAN_POINT('',(0.715636639814733,-1.02497063577575,5.59887609333257));
#13370=CARTESIAN_POINT('',(0.735696941156112,-1.01066989997355,5.597365289266));
#13371=CARTESIAN_POINT('',(0.755592394483825,-0.995884815842909,5.59527066821408));
#13372=CARTESIAN_POINT('',(0.775356220814323,-0.980577555556697,5.59259682931506));
#13373=CARTESIAN_POINT('',(0.794947071948871,-0.964765512593316,5.58935601317155));
#13374=CARTESIAN_POINT('',(0.814388769829373,-0.948413194532418,5.58554979907481));
#13375=CARTESIAN_POINT('',(0.83359234956618,-0.931580669373343,5.58120274139837));
#13376=CARTESIAN_POINT('',(0.852596341230006,-0.914221720742608,5.5763156270735));
#13377=CARTESIAN_POINT('',(0.871388053622281,-0.896331434462797,5.5708980855035));
#13378=CARTESIAN_POINT('',(0.890066754421863,-0.877789865466257,5.56492160186529));
#13379=CARTESIAN_POINT('',(0.908558087526076,-0.858639509899686,5.55840669198824));
#13380=CARTESIAN_POINT('',(0.926909066117821,-0.838800093657626,5.55133500192929));
#13381=CARTESIAN_POINT('',(0.945049712311026,-0.818312291846571,5.5437307393942));
#13382=CARTESIAN_POINT('',(0.963024052180657,-0.797085894642422,5.53557106491316));
#13383=CARTESIAN_POINT('',(0.980693902799327,-0.775245517940458,5.52691776884989));
#13384=CARTESIAN_POINT('',(0.99873049692065,-0.751891466758107,5.51742414181613));
#13385=CARTESIAN_POINT('',(1.01763841176669,-0.726148976009185,5.50671906280038));
#13386=CARTESIAN_POINT('',(1.04040677793268,-0.693328424179176,5.4927926716857));
#13387=CARTESIAN_POINT('',(1.06803940132609,-0.650346757875052,5.47420245897975));
#13388=CARTESIAN_POINT('',(1.09800376020914,-0.598530322606988,5.45149904734991));
#13389=CARTESIAN_POINT('',(1.12425861171065,-0.547277392710338,5.42910382702915));
#13390=CARTESIAN_POINT('',(1.14321128072575,-0.506000662865002,5.41136275831013));
#13391=CARTESIAN_POINT('',(1.15660370591923,-0.474386667457678,5.39803644625436));
#13392=CARTESIAN_POINT('',(1.16712442393847,-0.447872078780921,5.38707377867496));
#13393=CARTESIAN_POINT('',(1.17693274185699,-0.421415275225925,5.37639227096952));
#13394=CARTESIAN_POINT('',(1.18601263134287,-0.395131198431449,5.36607896632919));
#13395=CARTESIAN_POINT('',(1.19442515020182,-0.368915099927932,5.35613322116779));
#13396=CARTESIAN_POINT('',(1.20215580020522,-0.342877539805899,5.34663810152721));
#13397=CARTESIAN_POINT('',(1.20922242504496,-0.317041541793687,5.33763989925879));
#13398=CARTESIAN_POINT('',(1.21559016418988,-0.29165741337256,5.32925379632292));
#13399=CARTESIAN_POINT('',(1.22132104580274,-0.266626088320582,5.32146764202838));
#13400=CARTESIAN_POINT('',(1.22641480073555,-0.242099630239517,5.31434536793209));
#13401=CARTESIAN_POINT('',(1.23092493392051,-0.217987402415986,5.30787181831274));
#13402=CARTESIAN_POINT('',(1.23485647362593,-0.194460310949528,5.30209420752951));
#13403=CARTESIAN_POINT('',(1.23828104449334,-0.171286313486394,5.29695498210184));
#13404=CARTESIAN_POINT('',(1.2412147778002,-0.148524134919558,5.29246978407539));
#13405=CARTESIAN_POINT('',(1.2436926888548,-0.126073599009966,5.28861986855258));
#13406=CARTESIAN_POINT('',(1.24571752766544,-0.104143913225156,5.28543072405647));
#13407=CARTESIAN_POINT('',(1.24732720474063,-0.0826208945696454,5.282867143988));
#13408=CARTESIAN_POINT('',(1.24854273132714,-0.0615422946126266,5.2809142957868));
#13409=CARTESIAN_POINT('',(1.24939169452149,-0.040764872182817,5.27954150302407));
#13410=CARTESIAN_POINT('',(1.24988994691532,-0.0203170214552226,5.27873258574004));
#13411=CARTESIAN_POINT('',(1.24999998797855,-0.00673926332103198,5.278553157042));
#13412=CARTESIAN_POINT('',(1.24999999999995,-3.7512545481845E-016,5.27855339059348));
#13413=CARTESIAN_POINT('',(1.24999999999995,-2.22044604925031E-016,5.27855339059348));
#13414=CARTESIAN_POINT('',(1.24999998693957,0.00726152882975525,5.27855307731874));
#13415=CARTESIAN_POINT('',(1.24987292411289,0.0218103565378412,5.27876033908451));
#13416=CARTESIAN_POINT('',(1.24930256902686,0.0436149049540845,5.27968606049138));
#13417=CARTESIAN_POINT('',(1.24834733612643,0.0654938116114735,5.28122941080059));
#13418=CARTESIAN_POINT('',(1.24700358878254,0.0874278192425064,5.28338480683675));
#13419=CARTESIAN_POINT('',(1.24526830290181,0.109403884649185,5.28614177740437));
#13420=CARTESIAN_POINT('',(1.24314069383464,0.131393713277613,5.28948225087078));
#13421=CARTESIAN_POINT('',(1.24062074549187,0.153373733607045,5.29338351271882));
#13422=CARTESIAN_POINT('',(1.23771275984847,0.175299912832143,5.29781341806998));
#13423=CARTESIAN_POINT('',(1.23441587639409,0.197181710556665,5.30274571981305));
#13424=CARTESIAN_POINT('',(1.23072626521115,0.219036987528341,5.30815658451589));
#13425=CARTESIAN_POINT('',(1.2266261506875,0.240945612105246,5.31404009574095));
#13426=CARTESIAN_POINT('',(1.22211418511896,0.262878620065836,5.32036408058404));
#13427=CARTESIAN_POINT('',(1.21716747218243,0.284910937063099,5.32712489101857));
#13428=CARTESIAN_POINT('',(1.21178314216268,0.307011603094814,5.33428899822081));
#13429=CARTESIAN_POINT('',(1.20592706553141,0.329268991101818,5.34186190395744));
#13430=CARTESIAN_POINT('',(1.19961500618461,0.351574561579808,5.34978255935092));
#13431=CARTESIAN_POINT('',(1.19271493965619,0.374330956756893,5.35817212014322));
#13432=CARTESIAN_POINT('',(1.18509066702506,0.397838555012635,5.36713490862839));
#13433=CARTESIAN_POINT('',(1.1764055116256,0.422871024955938,5.37697464245796));
#13434=CARTESIAN_POINT('',(1.1665819430124,0.449301675007841,5.38765601354237));
#13435=CARTESIAN_POINT('',(1.15290810509587,0.483610610172272,5.40186228596532));
#13436=CARTESIAN_POINT('',(1.13207275906861,0.531272951671704,5.42213919436203));
#13437=CARTESIAN_POINT('',(1.0989774871213,0.597645936670553,5.45108940706229));
#13438=CARTESIAN_POINT('',(1.05729395239662,0.6686946611792,5.48227060270128));
#13439=CARTESIAN_POINT('',(1.01401407961634,0.731958908723554,5.50928031980622));
#13440=CARTESIAN_POINT('',(0.980336548116184,0.775962469376553,5.52726759687916));
#13441=CARTESIAN_POINT('',(0.954719997642265,0.807067612472373,5.53945677324521));
#13442=CARTESIAN_POINT('',(0.932466696739808,0.832707911831209,5.54913243379801));
#13443=CARTESIAN_POINT('',(0.907141180050751,0.860313195322389,5.55905577762554));
#13444=CARTESIAN_POINT('',(0.878844922670519,0.889225867377842,5.56874033653693));
#13445=CARTESIAN_POINT('',(0.851101377048961,0.915726590782385,5.57681375565289));
#13446=CARTESIAN_POINT('',(0.828246430193775,0.936340007031981,5.58247551561553));
#13447=CARTESIAN_POINT('',(0.810173218769533,0.951976102611482,5.58639042393311));
#13448=CARTESIAN_POINT('',(0.795067985834027,0.964618738332789,5.58929211395467));
#13449=CARTESIAN_POINT('',(0.780721344480529,0.976257262212243,5.59171815169411));
#13450=CARTESIAN_POINT('',(0.766103843412401,0.987776830248608,5.59387975094083));
#13451=CARTESIAN_POINT('',(0.751020312082019,0.999300167797424,5.59576941574455));
#13452=CARTESIAN_POINT('',(0.73547445733443,1.01078901242168,5.5973429678419));
#13453=CARTESIAN_POINT('',(0.722063044112098,1.02039294204968,5.59839560423748));
#13454=CARTESIAN_POINT('',(0.710653695130653,1.02835679489529,5.59908107200562));
#13455=CARTESIAN_POINT('',(0.701198911697385,1.03482452963438,5.59951261217076));
#13456=CARTESIAN_POINT('',(0.692137434166613,1.04090490915558,5.59980157385957));
#13457=CARTESIAN_POINT('',(0.683481341121707,1.04660769618697,5.59996459357206));
#13458=CARTESIAN_POINT('',(0.677793324535676,1.05028911585066,5.59999999791459));
#13459=CARTESIAN_POINT('',(0.674999999606831,1.05208127174239,5.6));
#13460=CARTESIAN_POINT('',(1.35,2.5,4.925));
#13461=AXIS2_PLACEMENT_3D('',#13462,#13463,#13464);
#13462=CARTESIAN_POINT('',(0.675,2.5,4.925));
#13463=DIRECTION('',(-0.,1.,0.));
#13464=DIRECTION('',(-1.64477485129653E-016,0.,1.));
#13465=CARTESIAN_POINT('',(1.35,-2.5,4.925));
#13466=CARTESIAN_POINT('',(1.35,-2.5,4.925));
#13467=VECTOR('',#13468,1.);
#13468=DIRECTION('',(0.,1.,0.));
#13469=AXIS2_PLACEMENT_3D('',#13470,#13471,#13472);
#13470=CARTESIAN_POINT('',(0.675,-2.5,4.925));
#13471=DIRECTION('',(-0.,1.,0.));
#13472=DIRECTION('',(-1.64477485129653E-016,0.,1.));
#13473=CARTESIAN_POINT('',(-2.,-2.5,7.));
#13474=CARTESIAN_POINT('',(2.,-2.5,7.));
#13475=CARTESIAN_POINT('',(-2.,-2.5,7.));
#13476=VECTOR('',#13477,1.);
#13477=DIRECTION('',(1.,0.,0.));
#13478=CARTESIAN_POINT('',(2.,2.5,7.));
#13479=CARTESIAN_POINT('',(2.,-2.5,7.));
#13480=VECTOR('',#13481,1.);
#13481=DIRECTION('',(0.,1.,0.));
#13482=CARTESIAN_POINT('',(-2.,2.5,7.));
#13483=CARTESIAN_POINT('',(-2.,2.5,7.));
#13484=VECTOR('',#13485,1.);
#13485=DIRECTION('',(1.,0.,0.));
#13486=CARTESIAN_POINT('',(-2.,-2.5,7.));
#13487=VECTOR('',#13488,1.);
#13488=DIRECTION('',(0.,1.,0.));
#13489=CARTESIAN_POINT('',(1.25,0.,7.));
#13490=AXIS2_PLACEMENT_3D('',#13491,#13492,#13493);
#13491=CARTESIAN_POINT('',(0.,0.,7.));
#13492=DIRECTION('',(0.,0.,1.));
#13493=DIRECTION('',(1.,0.,0.));
#13494=CARTESIAN_POINT('',(2.,2.5,1.));
#13495=CARTESIAN_POINT('',(-2.,2.5,1.));
#13496=CARTESIAN_POINT('',(2.,2.5,1.));
#13497=VECTOR('',#13498,1.);
#13498=DIRECTION('',(-1.,0.,0.));
#13499=CARTESIAN_POINT('',(-2.,2.5,1.));
#13500=VECTOR('',#13501,1.);
#13501=DIRECTION('',(0.,0.,1.));
#13502=CARTESIAN_POINT('',(2.,2.5,7.));
#13503=VECTOR('',#13504,1.);
#13504=DIRECTION('',(0.,0.,-1.));
#13505=CARTESIAN_POINT('',(-1.35,2.5,2.675));
#13506=CARTESIAN_POINT('',(-1.35,2.5,2.675));
#13507=VECTOR('',#13508,1.);
#13508=DIRECTION('',(9.86864910777917E-017,0.,1.));
#13509=CARTESIAN_POINT('',(-0.675,2.5,2.));
#13510=AXIS2_PLACEMENT_3D('',#13511,#13512,#13513);
#13511=CARTESIAN_POINT('',(-0.675,2.5,2.675));
#13512=DIRECTION('',(0.,1.,0.));
#13513=DIRECTION('',(0.,0.,-1.));
#13514=CARTESIAN_POINT('',(0.675,2.5,2.));
#13515=CARTESIAN_POINT('',(0.675,2.5,2.));
#13516=VECTOR('',#13517,1.);
#13517=DIRECTION('',(-1.,0.,-1.64477485129653E-016));
#13518=CARTESIAN_POINT('',(1.35,2.5,2.675));
#13519=AXIS2_PLACEMENT_3D('',#13520,#13521,#13522);
#13520=CARTESIAN_POINT('',(0.675,2.5,2.675));
#13521=DIRECTION('',(-0.,1.,0.));
#13522=DIRECTION('',(1.,0.,0.));
#13523=CARTESIAN_POINT('',(1.35,2.5,4.925));
#13524=VECTOR('',#13525,1.);
#13525=DIRECTION('',(0.,0.,-1.));
#13526=CARTESIAN_POINT('',(2.,-2.5,1.));
#13527=CARTESIAN_POINT('',(2.,-2.5,7.));
#13528=VECTOR('',#13529,1.);
#13529=DIRECTION('',(0.,0.,-1.));
#13530=CARTESIAN_POINT('',(-2.,-2.5,1.));
#13531=CARTESIAN_POINT('',(-2.,-2.5,1.));
#13532=VECTOR('',#13533,1.);
#13533=DIRECTION('',(0.,0.,1.));
#13534=CARTESIAN_POINT('',(2.,-2.5,1.));
#13535=VECTOR('',#13536,1.);
#13536=DIRECTION('',(-1.,0.,0.));
#13537=CARTESIAN_POINT('',(1.35,-2.5,2.675));
#13538=CARTESIAN_POINT('',(1.35,-2.5,4.925));
#13539=VECTOR('',#13540,1.);
#13540=DIRECTION('',(0.,0.,-1.));
#13541=CARTESIAN_POINT('',(0.675,-2.5,2.));
#13542=AXIS2_PLACEMENT_3D('',#13543,#13544,#13545);
#13543=CARTESIAN_POINT('',(0.675,-2.5,2.675));
#13544=DIRECTION('',(-0.,1.,0.));
#13545=DIRECTION('',(1.,0.,0.));
#13546=CARTESIAN_POINT('',(-0.675,-2.5,2.));
#13547=CARTESIAN_POINT('',(0.675,-2.5,2.));
#13548=VECTOR('',#13549,1.);
#13549=DIRECTION('',(-1.,0.,-1.64477485129653E-016));
#13550=CARTESIAN_POINT('',(-1.35,-2.5,2.675));
#13551=AXIS2_PLACEMENT_3D('',#13552,#13553,#13554);
#13552=CARTESIAN_POINT('',(-0.675,-2.5,2.675));
#13553=DIRECTION('',(0.,1.,0.));
#13554=DIRECTION('',(0.,0.,-1.));
#13555=CARTESIAN_POINT('',(-1.35,-2.5,2.675));
#13556=VECTOR('',#13557,1.);
#13557=DIRECTION('',(9.86864910777917E-017,0.,1.));
#13558=CARTESIAN_POINT('',(-1.35,-2.5,2.675));
#13559=VECTOR('',#13560,1.);
#13560=DIRECTION('',(0.,1.,0.));
#13561=CARTESIAN_POINT('',(1.35,-2.5,2.675));
#13562=VECTOR('',#13563,1.);
#13563=DIRECTION('',(0.,1.,0.));
#13564=CARTESIAN_POINT('',(2.,-2.5,1.));
#13565=VECTOR('',#13566,1.);
#13566=DIRECTION('',(0.,1.,0.));
#13567=CARTESIAN_POINT('',(-2.,-2.5,1.));
#13568=VECTOR('',#13569,1.);
#13569=DIRECTION('',(0.,1.,0.));
#13570=CARTESIAN_POINT('',(0.7,0.,1.));
#13571=AXIS2_PLACEMENT_3D('',#13572,#13573,#13574);
#13572=CARTESIAN_POINT('',(0.,0.,1.));
#13573=DIRECTION('',(-0.,-0.,1.));
#13574=DIRECTION('',(1.,0.,0.));
#13575=CARTESIAN_POINT('',(-0.675,-2.5,2.));
#13576=VECTOR('',#13577,1.);
#13577=DIRECTION('',(0.,1.,0.));
#13578=CARTESIAN_POINT('',(0.675,-2.5,2.));
#13579=VECTOR('',#13580,1.);
#13580=DIRECTION('',(0.,1.,0.));
#13581=CARTESIAN_POINT('',(0.5,0.,0.653589838486226));
#13582=AXIS2_PLACEMENT_3D('',#13583,#13584,#13585);
#13583=CARTESIAN_POINT('',(-5.65044425872642E-021,0.,0.653589838486226));
#13584=DIRECTION('',(1.9176692154591E-036,-0.,1.));
#13585=DIRECTION('',(1.,0.,-1.9176692154591E-036));
#13586=CARTESIAN_POINT('',(0.499999999642377,0.,-3.86533119357643));
#13587=AXIS2_PLACEMENT_3D('',#13588,#13589,#13590);
#13588=CARTESIAN_POINT('',(-5.65044425872643E-021,0.,-3.8653311938735));
#13589=DIRECTION('',(1.9176692154591E-036,-0.,1.));
#13590=DIRECTION('',(1.,0.,-1.9176692154591E-036));
#13591=CARTESIAN_POINT('',(-1.1,2.7,7.));
#13592=CARTESIAN_POINT('',(-1.1,1.8,7.));
#13593=CARTESIAN_POINT('',(-1.1,2.7,7.));
#13594=VECTOR('',#13595,1.);
#13595=DIRECTION('',(0.,-1.,0.));
#13596=CARTESIAN_POINT('',(1.1,2.7,7.));
#13597=CARTESIAN_POINT('',(1.1,2.7,7.));
#13598=VECTOR('',#13599,1.);
#13599=DIRECTION('',(-1.,0.,0.));
#13600=CARTESIAN_POINT('',(1.1,1.8,7.));
#13601=CARTESIAN_POINT('',(1.1,1.8,7.));
#13602=VECTOR('',#13603,1.);
#13603=DIRECTION('',(0.,1.,0.));
#13604=CARTESIAN_POINT('',(1.95,1.49062530087373,7.));
#13605=CARTESIAN_POINT('',(1.95,1.49062530087373,7.));
#13606=VECTOR('',#13607,1.);
#13607=DIRECTION('',(-0.939692620785908,0.342020143325669,0.));
#13608=CARTESIAN_POINT('',(1.95,-2.24522083601366,7.));
#13609=CARTESIAN_POINT('',(1.95,-2.24522083601366,7.));
#13610=VECTOR('',#13611,1.);
#13611=DIRECTION('',(5.94362285782019E-017,1.,0.));
#13612=CARTESIAN_POINT('',(1.25,-2.5,7.));
#13613=CARTESIAN_POINT('',(1.25,-2.5,7.));
#13614=VECTOR('',#13615,1.);
#13615=DIRECTION('',(0.939692620785909,0.342020143325668,0.));
#13616=CARTESIAN_POINT('',(-1.25,-2.5,7.));
#13617=CARTESIAN_POINT('',(1.25,-2.5,7.));
#13618=VECTOR('',#13619,1.);
#13619=DIRECTION('',(-1.,0.,0.));
#13620=CARTESIAN_POINT('',(-1.95,-2.24522083601366,7.));
#13621=CARTESIAN_POINT('',(-1.95,-2.24522083601366,7.));
#13622=VECTOR('',#13623,1.);
#13623=DIRECTION('',(0.939692620785908,-0.342020143325669,0.));
#13624=CARTESIAN_POINT('',(-1.95,1.49062530087373,7.));
#13625=CARTESIAN_POINT('',(-1.95,1.49062530087373,7.));
#13626=VECTOR('',#13627,1.);
#13627=DIRECTION('',(-5.94362285782019E-017,-1.,0.));
#13628=CARTESIAN_POINT('',(-1.1,1.8,7.));
#13629=VECTOR('',#13630,1.);
#13630=DIRECTION('',(-0.939692620785908,-0.342020143325669,0.));
#13631=CARTESIAN_POINT('',(1.525,0.,7.));
#13632=AXIS2_PLACEMENT_3D('',#13633,#13634,#13635);
#13633=CARTESIAN_POINT('',(0.,0.,7.));
#13634=DIRECTION('',(0.,0.,1.));
#13635=DIRECTION('',(1.,0.,0.));
#13636=CARTESIAN_POINT('',(-1.1,1.8,7.2));
#13637=CARTESIAN_POINT('',(-1.95,1.49062530087373,7.2));
#13638=CARTESIAN_POINT('',(-1.1,1.8,7.2));
#13639=VECTOR('',#13640,1.);
#13640=DIRECTION('',(-0.939692620785908,-0.342020143325669,0.));
#13641=CARTESIAN_POINT('',(-1.95,-2.24522083601366,7.2));
#13642=CARTESIAN_POINT('',(-1.95,1.49062530087373,7.2));
#13643=VECTOR('',#13644,1.);
#13644=DIRECTION('',(-5.94362285782019E-017,-1.,0.));
#13645=CARTESIAN_POINT('',(-1.25,-2.5,7.2));
#13646=CARTESIAN_POINT('',(-1.95,-2.24522083601366,7.2));
#13647=VECTOR('',#13648,1.);
#13648=DIRECTION('',(0.939692620785908,-0.342020143325669,0.));
#13649=CARTESIAN_POINT('',(1.25,-2.5,7.2));
#13650=CARTESIAN_POINT('',(-1.25,-2.5,7.2));
#13651=VECTOR('',#13652,1.);
#13652=DIRECTION('',(1.,0.,0.));
#13653=CARTESIAN_POINT('',(1.95,-2.24522083601366,7.2));
#13654=CARTESIAN_POINT('',(1.25,-2.5,7.2));
#13655=VECTOR('',#13656,1.);
#13656=DIRECTION('',(0.939692620785909,0.342020143325668,0.));
#13657=CARTESIAN_POINT('',(1.95,1.49062530087373,7.2));
#13658=CARTESIAN_POINT('',(1.95,-2.24522083601366,7.2));
#13659=VECTOR('',#13660,1.);
#13660=DIRECTION('',(5.94362285782019E-017,1.,0.));
#13661=CARTESIAN_POINT('',(1.1,1.8,7.2));
#13662=CARTESIAN_POINT('',(1.95,1.49062530087373,7.2));
#13663=VECTOR('',#13664,1.);
#13664=DIRECTION('',(-0.939692620785908,0.342020143325669,0.));
#13665=CARTESIAN_POINT('',(1.1,2.7,7.2));
#13666=CARTESIAN_POINT('',(1.1,1.8,7.2));
#13667=VECTOR('',#13668,1.);
#13668=DIRECTION('',(0.,1.,0.));
#13669=CARTESIAN_POINT('',(-1.1,2.7,7.2));
#13670=CARTESIAN_POINT('',(1.1,2.7,7.2));
#13671=VECTOR('',#13672,1.);
#13672=DIRECTION('',(-1.,0.,0.));
#13673=CARTESIAN_POINT('',(-1.1,2.7,7.2));
#13674=VECTOR('',#13675,1.);
#13675=DIRECTION('',(0.,-1.,0.));
#13676=CARTESIAN_POINT('',(1.525,0.,7.2));
#13677=AXIS2_PLACEMENT_3D('',#13678,#13679,#13680);
#13678=CARTESIAN_POINT('',(0.,0.,7.2));
#13679=DIRECTION('',(0.,0.,1.));
#13680=DIRECTION('',(1.,0.,0.));
#13681=CARTESIAN_POINT('',(-1.1,1.8,7.));
#13682=VECTOR('',#13683,1.);
#13683=DIRECTION('',(0.,0.,1.));
#13684=CARTESIAN_POINT('',(-1.1,2.7,7.));
#13685=VECTOR('',#13686,1.);
#13686=DIRECTION('',(0.,0.,1.));
#13687=CARTESIAN_POINT('',(1.1,2.7,7.));
#13688=VECTOR('',#13689,1.);
#13689=DIRECTION('',(0.,0.,1.));
#13690=CARTESIAN_POINT('',(1.1,1.8,7.));
#13691=VECTOR('',#13692,1.);
#13692=DIRECTION('',(0.,0.,1.));
#13693=CARTESIAN_POINT('',(1.95,1.49062530087373,7.));
#13694=VECTOR('',#13695,1.);
#13695=DIRECTION('',(0.,0.,1.));
#13696=CARTESIAN_POINT('',(1.95,-2.24522083601366,7.));
#13697=VECTOR('',#13698,1.);
#13698=DIRECTION('',(0.,0.,1.));
#13699=CARTESIAN_POINT('',(1.25,-2.5,7.2));
#13700=VECTOR('',#13701,1.);
#13701=DIRECTION('',(0.,0.,-1.));
#13702=CARTESIAN_POINT('',(-1.25,-2.5,7.));
#13703=VECTOR('',#13704,1.);
#13704=DIRECTION('',(0.,0.,1.));
#13705=CARTESIAN_POINT('',(-1.95,-2.24522083601366,7.));
#13706=VECTOR('',#13707,1.);
#13707=DIRECTION('',(0.,0.,1.));
#13708=CARTESIAN_POINT('',(-1.95,1.49062530087373,7.));
#13709=VECTOR('',#13710,1.);
#13710=DIRECTION('',(0.,0.,1.));
#13711=CARTESIAN_POINT('',(1.25,-2.85,6.85));
#13712=CARTESIAN_POINT('',(-1.25,-2.85,6.85));
#13713=CARTESIAN_POINT('',(1.25,-2.85,6.85));
#13714=VECTOR('',#13715,1.);
#13715=DIRECTION('',(-1.,0.,0.));
#13716=AXIS2_PLACEMENT_3D('',#13717,#13718,#13719);
#13717=CARTESIAN_POINT('',(1.25,-2.5,6.85));
#13718=DIRECTION('',(-1.,-0.,0.));
#13719=DIRECTION('',(0.,-1.,0.));
#13720=AXIS2_PLACEMENT_3D('',#13721,#13722,#13723);
#13721=CARTESIAN_POINT('',(-1.25,-2.5,6.85));
#13722=DIRECTION('',(1.,0.,0.));
#13723=DIRECTION('',(0.,0.,1.));
#13724=CARTESIAN_POINT('',(1.25,-2.65,6.85));
#13725=CARTESIAN_POINT('',(-1.25,-2.65,6.85));
#13726=CARTESIAN_POINT('',(1.25,-2.65,6.85));
#13727=VECTOR('',#13728,1.);
#13728=DIRECTION('',(-1.,0.,0.));
#13729=AXIS2_PLACEMENT_3D('',#13730,#13731,#13732);
#13730=CARTESIAN_POINT('',(-1.25,-2.5,6.85));
#13731=DIRECTION('',(1.,0.,0.));
#13732=DIRECTION('',(0.,0.,1.));
#13733=AXIS2_PLACEMENT_3D('',#13734,#13735,#13736);
#13734=CARTESIAN_POINT('',(1.25,-2.5,6.85));
#13735=DIRECTION('',(-1.,-0.,0.));
#13736=DIRECTION('',(0.,-1.,0.));
#13737=CARTESIAN_POINT('',(1.25,-2.65,5.15));
#13738=CARTESIAN_POINT('',(1.25,-2.65,5.15));
#13739=VECTOR('',#13740,1.);
#13740=DIRECTION('',(0.,-2.61228946970625E-016,1.));
#13741=CARTESIAN_POINT('',(1.25,-2.65,6.85));
#13742=VECTOR('',#13743,1.);
#13743=DIRECTION('',(0.,-1.,0.));
#13744=CARTESIAN_POINT('',(1.25,-2.85,5.15));
#13745=CARTESIAN_POINT('',(1.25,-2.85,5.15));
#13746=VECTOR('',#13747,1.);
#13747=DIRECTION('',(0.,-2.61228946970625E-016,1.));
#13748=CARTESIAN_POINT('',(1.25,-2.85,5.15));
#13749=VECTOR('',#13750,1.);
#13750=DIRECTION('',(0.,1.,0.));
#13751=CARTESIAN_POINT('',(-1.25,-2.85,5.15));
#13752=CARTESIAN_POINT('',(-1.25,-2.85,6.85));
#13753=VECTOR('',#13754,1.);
#13754=DIRECTION('',(0.,2.61228946970625E-016,-1.));
#13755=CARTESIAN_POINT('',(-1.25,-2.85,5.15));
#13756=VECTOR('',#13757,1.);
#13757=DIRECTION('',(1.,0.,0.));
#13758=CARTESIAN_POINT('',(-1.25,-2.65,5.15));
#13759=CARTESIAN_POINT('',(-1.25,-2.65,6.85));
#13760=VECTOR('',#13761,1.);
#13761=DIRECTION('',(0.,2.61228946970625E-016,-1.));
#13762=CARTESIAN_POINT('',(-1.25,-2.65,5.15));
#13763=VECTOR('',#13764,1.);
#13764=DIRECTION('',(0.,-1.,0.));
#13765=CARTESIAN_POINT('',(-1.25,-2.65,6.85));
#13766=VECTOR('',#13767,1.);
#13767=DIRECTION('',(0.,-1.,0.));
#13768=CARTESIAN_POINT('',(1.25,-2.65,5.15));
#13769=VECTOR('',#13770,1.);
#13770=DIRECTION('',(-1.,0.,0.));
#13771=CARTESIAN_POINT('',(1.25,-2.53050450996168,4.80133185566789));
#13772=CARTESIAN_POINT('',(-1.25,-2.53050450996168,4.80133185566789));
#13773=CARTESIAN_POINT('',(1.25,-2.53050450996168,4.80133185566789));
#13774=VECTOR('',#13775,1.);
#13775=DIRECTION('',(-1.,0.,0.));
#13776=AXIS2_PLACEMENT_3D('',#13777,#13778,#13779);
#13777=CARTESIAN_POINT('',(1.25,-2.5,5.15));
#13778=DIRECTION('',(-1.,0.,0.));
#13779=DIRECTION('',(0.,-0.0871557427476587,-0.996194698091745));
#13780=AXIS2_PLACEMENT_3D('',#13781,#13782,#13783);
#13781=CARTESIAN_POINT('',(-1.25,-2.5,5.15));
#13782=DIRECTION('',(1.,0.,-0.));
#13783=DIRECTION('',(0.,-1.,0.));
#13784=CARTESIAN_POINT('',(1.25,-2.51307336141215,5.00057079528624));
#13785=CARTESIAN_POINT('',(-1.25,-2.51307336141215,5.00057079528624));
#13786=CARTESIAN_POINT('',(1.25,-2.51307336141215,5.00057079528624));
#13787=VECTOR('',#13788,1.);
#13788=DIRECTION('',(-1.,0.,0.));
#13789=AXIS2_PLACEMENT_3D('',#13790,#13791,#13792);
#13790=CARTESIAN_POINT('',(-1.25,-2.5,5.15));
#13791=DIRECTION('',(1.,0.,-0.));
#13792=DIRECTION('',(0.,-1.,0.));
#13793=AXIS2_PLACEMENT_3D('',#13794,#13795,#13796);
#13794=CARTESIAN_POINT('',(1.25,-2.5,5.15));
#13795=DIRECTION('',(-1.,0.,0.));
#13796=DIRECTION('',(0.,-0.0871557427476569,-0.996194698091746));
#13797=CARTESIAN_POINT('',(1.25,1.84954622958074,4.61889103779826));
#13798=CARTESIAN_POINT('',(1.25,1.84954622958074,4.61889103779826));
#13799=VECTOR('',#13800,1.);
#13800=DIRECTION('',(0.,-0.996194698091745,0.0871557427476578));
#13801=CARTESIAN_POINT('',(1.25,-2.51307336141215,5.00057079528624));
#13802=VECTOR('',#13803,1.);
#13803=DIRECTION('',(0.,-0.0871557427476575,-0.996194698091746));
#13804=CARTESIAN_POINT('',(1.25,1.83211508103121,4.41965209817991));
#13805=CARTESIAN_POINT('',(1.25,1.83211508103121,4.41965209817991));
#13806=VECTOR('',#13807,1.);
#13807=DIRECTION('',(0.,-0.996194698091745,0.0871557427476578));
#13808=CARTESIAN_POINT('',(1.25,1.83211508103121,4.41965209817991));
#13809=VECTOR('',#13810,1.);
#13810=DIRECTION('',(0.,0.0871557427476575,0.996194698091746));
#13811=CARTESIAN_POINT('',(-1.25,1.83211508103121,4.41965209817991));
#13812=CARTESIAN_POINT('',(-1.25,-2.53050450996168,4.80133185566789));
#13813=VECTOR('',#13814,1.);
#13814=DIRECTION('',(0.,0.996194698091745,-0.0871557427476578));
#13815=CARTESIAN_POINT('',(-1.25,1.83211508103121,4.41965209817991));
#13816=VECTOR('',#13817,1.);
#13817=DIRECTION('',(1.,0.,0.));
#13818=CARTESIAN_POINT('',(-1.25,1.84954622958074,4.61889103779826));
#13819=CARTESIAN_POINT('',(-1.25,-2.51307336141215,5.00057079528624));
#13820=VECTOR('',#13821,1.);
#13821=DIRECTION('',(0.,0.996194698091745,-0.0871557427476578));
#13822=CARTESIAN_POINT('',(-1.25,1.84954622958074,4.61889103779826));
#13823=VECTOR('',#13824,1.);
#13824=DIRECTION('',(0.,-0.0871557427476575,-0.996194698091746));
#13825=CARTESIAN_POINT('',(-1.25,-2.51307336141215,5.00057079528624));
#13826=VECTOR('',#13827,1.);
#13827=DIRECTION('',(0.,-0.0871557427476579,-0.996194698091746));
#13828=CARTESIAN_POINT('',(1.25,1.84954622958074,4.61889103779826));
#13829=VECTOR('',#13830,1.);
#13830=DIRECTION('',(-1.,0.,0.));
#13831=CARTESIAN_POINT('',(1.25,1.97156426942746,4.41965209817991));
#13832=CARTESIAN_POINT('',(-1.25,1.97156426942746,4.41965209817991));
#13833=CARTESIAN_POINT('',(1.25,1.97156426942746,4.41965209817991));
#13834=VECTOR('',#13835,1.);
#13835=DIRECTION('',(-1.,0.,0.));
#13836=AXIS2_PLACEMENT_3D('',#13837,#13838,#13839);
#13837=CARTESIAN_POINT('',(1.25,1.90183967522933,5.21660785665331));
#13838=DIRECTION('',(-1.,0.,0.));
#13839=DIRECTION('',(0.,0.0871557427476582,-0.996194698091745));
#13840=AXIS2_PLACEMENT_3D('',#13841,#13842,#13843);
#13841=CARTESIAN_POINT('',(-1.25,1.90183967522933,5.21660785665331));
#13842=DIRECTION('',(1.,0.,-0.));
#13843=DIRECTION('',(0.,-0.0871557427476579,-0.996194698091745));
#13844=CARTESIAN_POINT('',(1.25,1.95413312087793,4.61889103779826));
#13845=CARTESIAN_POINT('',(-1.25,1.95413312087793,4.61889103779826));
#13846=CARTESIAN_POINT('',(1.25,1.95413312087793,4.61889103779826));
#13847=VECTOR('',#13848,1.);
#13848=DIRECTION('',(-1.,0.,0.));
#13849=AXIS2_PLACEMENT_3D('',#13850,#13851,#13852);
#13850=CARTESIAN_POINT('',(-1.25,1.90183967522933,5.21660785665331));
#13851=DIRECTION('',(1.,0.,-0.));
#13852=DIRECTION('',(0.,-0.087155742747657,-0.996194698091746));
#13853=AXIS2_PLACEMENT_3D('',#13854,#13855,#13856);
#13854=CARTESIAN_POINT('',(1.25,1.90183967522933,5.21660785665331));
#13855=DIRECTION('',(-1.,0.,0.));
#13856=DIRECTION('',(0.,0.0871557427476581,-0.996194698091745));
#13857=CARTESIAN_POINT('',(1.25,2.33399970311004,4.65212505739591));
#13858=CARTESIAN_POINT('',(1.25,2.35143085165957,4.45288611777756));
#13859=CARTESIAN_POINT('',(1.25,2.33399970311004,4.65212505739591));
#13860=VECTOR('',#13861,1.);
#13861=DIRECTION('',(0.,0.0871557427476549,-0.996194698091746));
#13862=CARTESIAN_POINT('',(1.25,2.33399970311004,4.65212505739591));
#13863=VECTOR('',#13864,1.);
#13864=DIRECTION('',(0.,-0.996194698091746,-0.0871557427476561));
#13865=CARTESIAN_POINT('',(1.25,1.95413312087793,4.61889103779826));
#13866=VECTOR('',#13867,1.);
#13867=DIRECTION('',(0.,0.0871557427476564,-0.996194698091746));
#13868=CARTESIAN_POINT('',(1.25,2.35143085165957,4.45288611777756));
#13869=VECTOR('',#13870,1.);
#13870=DIRECTION('',(0.,-0.996194698091746,-0.0871557427476562));
#13871=CARTESIAN_POINT('',(-0.75,2.84952820070545,4.49646398915139));
#13872=CARTESIAN_POINT('',(-1.25,2.35143085165957,4.45288611777756));
#13873=CARTESIAN_POINT('',(-1.25,2.35143085165957,4.45288611777756));
#13874=VECTOR('',#13875,1.);
#13875=DIRECTION('',(0.707106781186548,0.704416026402758,0.0616284167162193));
#13876=CARTESIAN_POINT('',(0.75,2.84952820070545,4.49646398915139));
#13877=CARTESIAN_POINT('',(-0.75,2.84952820070545,4.49646398915139));
#13878=VECTOR('',#13879,1.);
#13879=DIRECTION('',(1.,0.,0.));
#13880=CARTESIAN_POINT('',(0.75,2.84952820070545,4.49646398915139));
#13881=VECTOR('',#13882,1.);
#13882=DIRECTION('',(0.707106781186548,-0.704416026402759,-0.0616284167162193));
#13883=CARTESIAN_POINT('',(-1.25,1.97156426942746,4.41965209817991));
#13884=VECTOR('',#13885,1.);
#13885=DIRECTION('',(0.,0.996194698091745,0.0871557427476584));
#13886=CARTESIAN_POINT('',(-1.25,2.33399970311004,4.65212505739591));
#13887=CARTESIAN_POINT('',(-1.25,2.33399970311004,4.65212505739591));
#13888=VECTOR('',#13889,1.);
#13889=DIRECTION('',(0.,0.0871557427476597,-0.996194698091746));
#13890=CARTESIAN_POINT('',(-1.25,1.95413312087793,4.61889103779826));
#13891=VECTOR('',#13892,1.);
#13892=DIRECTION('',(0.,0.0871557427476564,-0.996194698091746));
#13893=CARTESIAN_POINT('',(-1.25,1.95413312087793,4.61889103779826));
#13894=VECTOR('',#13895,1.);
#13895=DIRECTION('',(0.,0.996194698091745,0.0871557427476584));
#13896=CARTESIAN_POINT('',(-0.75,2.83209705215591,4.69570292876973));
#13897=CARTESIAN_POINT('',(-0.75,2.83209705215591,4.69570292876974));
#13898=VECTOR('',#13899,1.);
#13899=DIRECTION('',(-0.707106781186548,-0.704416026402758,-0.0616284167162193));
#13900=CARTESIAN_POINT('',(0.75,2.83209705215591,4.69570292876974));
#13901=CARTESIAN_POINT('',(1.25,2.33399970311004,4.65212505739591));
#13902=VECTOR('',#13903,1.);
#13903=DIRECTION('',(-0.707106781186548,0.704416026402759,0.0616284167162193));
#13904=CARTESIAN_POINT('',(-0.75,2.83209705215591,4.69570292876974));
#13905=VECTOR('',#13906,1.);
#13906=DIRECTION('',(1.,0.,0.));
#13907=CARTESIAN_POINT('',(-0.75,2.83209705215591,4.69570292876973));
#13908=VECTOR('',#13909,1.);
#13909=DIRECTION('',(0.,0.0871557427476575,-0.996194698091746));
#13910=CARTESIAN_POINT('',(0.75,2.83209705215591,4.69570292876974));
#13911=VECTOR('',#13912,1.);
#13912=DIRECTION('',(0.,0.0871557427476553,-0.996194698091746));
#13913=CARTESIAN_POINT('',(-0.767728652978505,1.26270339980917,12.5));
#13914=CARTESIAN_POINT('',(1.26270339980917,-0.767728652978506,12.5));
#13915=CARTESIAN_POINT('',(1.26270339980917,-0.767728652978505,12.5));
#13916=VECTOR('',#13917,1.);
#13917=DIRECTION('',(-0.707106781186548,0.707106781186547,0.));
#13918=AXIS2_PLACEMENT_3D('',#13919,#13920,#13921);
#13919=CARTESIAN_POINT('',(0.,-2.50666788882249E-016,12.5));
#13920=DIRECTION('',(0.,-1.22139628059813E-018,-1.));
#13921=DIRECTION('',(-0.519515629835079,0.854460947239288,-1.04363542287442E-018));
#13922=CARTESIAN_POINT('',(0.767728652978608,-1.26270339980911,12.5));
#13923=CARTESIAN_POINT('',(-1.26270339980911,0.767728652978607,12.5));
#13924=CARTESIAN_POINT('',(-1.26270339980911,0.767728652978607,12.5));
#13925=VECTOR('',#13926,1.);
#13926=DIRECTION('',(0.707106781186548,-0.707106781186547,0.));
#13927=AXIS2_PLACEMENT_3D('',#13928,#13929,#13930);
#13928=CARTESIAN_POINT('',(0.,-2.50666788882249E-016,12.5));
#13929=DIRECTION('',(0.,-1.22139628059813E-018,-1.));
#13930=DIRECTION('',(0.519515629835148,-0.854460947239246,1.04363542287437E-018));
#13931=CARTESIAN_POINT('',(-1.07302389120909,1.56799863803975,12.0777777777778));
#13932=CARTESIAN_POINT('',(-0.767728652978505,1.26270339980917,12.5));
#13933=CARTESIAN_POINT('',(-0.78020616848599,1.27518091531665,12.500006769463));
#13934=CARTESIAN_POINT('',(-0.805154117114449,1.30012886394511,12.4979069406841));
#13935=CARTESIAN_POINT('',(-0.842035257776958,1.33701000460762,12.4885123389182));
#13936=CARTESIAN_POINT('',(-0.881788785028788,1.37676353185945,12.4712260307601));
#13937=CARTESIAN_POINT('',(-0.92691814901902,1.42189289584968,12.4412414894651));
#13938=CARTESIAN_POINT('',(-0.977563487064648,1.47253823389531,12.3898878996177));
#13939=CARTESIAN_POINT('',(-1.02315320189416,1.51812794872483,12.3167778947943));
#13940=CARTESIAN_POINT('',(-1.05343341344294,1.5484081602736,12.2349141212076));
#13941=CARTESIAN_POINT('',(-1.06761209188543,1.56258683871609,12.1645850254883));
#13942=CARTESIAN_POINT('',(-1.07233236730074,1.56730711413141,12.1143587493026));
#13943=CARTESIAN_POINT('',(-1.07302535763275,1.56800010446341,12.0880366685927));
#13944=CARTESIAN_POINT('',(-1.07302389162022,1.56799863845088,12.0777777777778));
#13945=CARTESIAN_POINT('',(1.56799863803975,-1.07302389120908,12.0777777777778));
#13946=CARTESIAN_POINT('',(1.26270339980917,-0.767728652978505,12.5));
#13947=CARTESIAN_POINT('',(1.27518091531666,-0.780206168485989,12.500006769463));
#13948=CARTESIAN_POINT('',(1.30012886394511,-0.805154117114448,12.4979069406841));
#13949=CARTESIAN_POINT('',(1.33701000460762,-0.842035257776959,12.4885123389182));
#13950=CARTESIAN_POINT('',(1.37676353185945,-0.881788785028787,12.4712260307601));
#13951=CARTESIAN_POINT('',(1.42189289584969,-0.926918149019021,12.4412414894651));
#13952=CARTESIAN_POINT('',(1.47253823389531,-0.977563487064647,12.3898878996177));
#13953=CARTESIAN_POINT('',(1.51812794872483,-1.02315320189416,12.3167778947943));
#13954=CARTESIAN_POINT('',(1.54840816027361,-1.05343341344294,12.2349141212076));
#13955=CARTESIAN_POINT('',(1.56258683871609,-1.06761209188543,12.1645850254883));
#13956=CARTESIAN_POINT('',(1.56730711413141,-1.07233236730074,12.1143587493026));
#13957=CARTESIAN_POINT('',(1.56800010446342,-1.07302535763275,12.0880366685927));
#13958=CARTESIAN_POINT('',(1.56799863845088,-1.07302389162022,12.0777777777778));
#13959=AXIS2_PLACEMENT_3D('',#13960,#13961,#13962);
#13960=CARTESIAN_POINT('',(0.,-2.51182489534057E-016,12.0777777777778));
#13961=DIRECTION('',(0.,-1.22139628059813E-018,-1.));
#13962=DIRECTION('',(-0.564749416425834,0.825262441073553,-1.00797247604457E-018));
#13963=CARTESIAN_POINT('',(-1.56799863803968,1.07302389120918,12.0777777777778));
#13964=CARTESIAN_POINT('',(-1.26270339980911,0.767728652978607,12.5));
#13965=CARTESIAN_POINT('',(-1.27518091531659,0.780206168486091,12.500006769463));
#13966=CARTESIAN_POINT('',(-1.30012886394505,0.80515411711455,12.4979069406841));
#13967=CARTESIAN_POINT('',(-1.33701000460756,0.84203525777706,12.4885123389182));
#13968=CARTESIAN_POINT('',(-1.37676353185939,0.881788785028889,12.4712260307601));
#13969=CARTESIAN_POINT('',(-1.42189289584962,0.926918149019122,12.4412414894651));
#13970=CARTESIAN_POINT('',(-1.47253823389525,0.97756348706475,12.3898878996177));
#13971=CARTESIAN_POINT('',(-1.51812794872476,1.02315320189426,12.3167778947943));
#13972=CARTESIAN_POINT('',(-1.54840816027354,1.05343341344304,12.2349141212076));
#13973=CARTESIAN_POINT('',(-1.56258683871603,1.06761209188553,12.1645850254883));
#13974=CARTESIAN_POINT('',(-1.56730711413134,1.07233236730084,12.1143587493026));
#13975=CARTESIAN_POINT('',(-1.56800010446335,1.07302535763285,12.0880366685927));
#13976=CARTESIAN_POINT('',(-1.56799863845081,1.07302389162031,12.0777777777778));
#13977=CARTESIAN_POINT('',(0.,-1.9,12.0777777777778));
#13978=AXIS2_PLACEMENT_3D('',#13979,#13980,#13981);
#13979=CARTESIAN_POINT('',(0.,-2.51182489534057E-016,12.0777777777778));
#13980=DIRECTION('',(0.,-1.22139628059813E-018,-1.));
#13981=DIRECTION('',(0.,-1.,1.22139628059813E-018));
#13982=CARTESIAN_POINT('',(1.07302389120919,-1.56799863803968,12.0777777777778));
#13983=AXIS2_PLACEMENT_3D('',#13984,#13985,#13986);
#13984=CARTESIAN_POINT('',(0.,-2.51182489534057E-016,12.0777777777778));
#13985=DIRECTION('',(0.,-1.22139628059813E-018,-1.));
#13986=DIRECTION('',(0.564749416425887,-0.825262441073517,1.00797247604452E-018));
#13987=CARTESIAN_POINT('',(0.767728652978608,-1.26270339980911,12.5));
#13988=CARTESIAN_POINT('',(0.780206168486092,-1.27518091531659,12.500006769463));
#13989=CARTESIAN_POINT('',(0.805154117114552,-1.30012886394505,12.4979069406841));
#13990=CARTESIAN_POINT('',(0.842035257777061,-1.33701000460756,12.4885123389182));
#13991=CARTESIAN_POINT('',(0.88178878502889,-1.37676353185939,12.4712260307601));
#13992=CARTESIAN_POINT('',(0.926918149019123,-1.42189289584962,12.4412414894651));
#13993=CARTESIAN_POINT('',(0.97756348706475,-1.47253823389525,12.3898878996176));
#13994=CARTESIAN_POINT('',(1.02315320189426,-1.51812794872477,12.3167778947943));
#13995=CARTESIAN_POINT('',(1.05343341344304,-1.54840816027354,12.2349141212076));
#13996=CARTESIAN_POINT('',(1.06761209188553,-1.56258683871603,12.1645850254883));
#13997=CARTESIAN_POINT('',(1.07233236730084,-1.56730711413134,12.1143587493026));
#13998=CARTESIAN_POINT('',(1.07302535763285,-1.56800010446335,12.0880366685927));
#13999=CARTESIAN_POINT('',(1.07302389162031,-1.56799863845081,12.0777777777778));
#14000=CARTESIAN_POINT('',(1.56799863803975,-1.07302389120909,11.5));
#14001=CARTESIAN_POINT('',(1.56799863803975,-1.07302389120909,12.0777777777778));
#14002=VECTOR('',#14003,1.);
#14003=DIRECTION('',(0.,0.,-1.));
#14004=CARTESIAN_POINT('',(1.07302389120918,-1.56799863803968,11.5));
#14005=AXIS2_PLACEMENT_3D('',#14006,#14007,#14008);
#14006=CARTESIAN_POINT('',(0.,-2.51888185162847E-016,11.5));
#14007=DIRECTION('',(0.,-1.22139628059813E-018,-1.));
#14008=DIRECTION('',(0.825262441073553,-0.564749416425834,6.89782836692476E-019));
#14009=CARTESIAN_POINT('',(1.07302389120918,-1.56799863803968,12.0777777777778));
#14010=VECTOR('',#14011,1.);
#14011=DIRECTION('',(0.,0.,-1.));
#14012=CARTESIAN_POINT('',(-1.56799863803968,1.07302389120918,11.5));
#14013=CARTESIAN_POINT('',(-1.56799863803968,1.07302389120918,12.0777777777778));
#14014=VECTOR('',#14015,1.);
#14015=DIRECTION('',(0.,0.,-1.));
#14016=CARTESIAN_POINT('',(-1.07302389120909,1.56799863803975,11.5));
#14017=AXIS2_PLACEMENT_3D('',#14018,#14019,#14020);
#14018=CARTESIAN_POINT('',(0.,-2.51888185162847E-016,11.5));
#14019=DIRECTION('',(0.,-1.22139628059813E-018,-1.));
#14020=DIRECTION('',(-0.825262441073518,0.564749416425886,-6.89782836692539E-019));
#14021=CARTESIAN_POINT('',(-1.07302389120909,1.56799863803975,12.0777777777778));
#14022=VECTOR('',#14023,1.);
#14023=DIRECTION('',(0.,0.,-1.));
#14024=CARTESIAN_POINT('',(0.,-1.9,10.5));
#14025=AXIS2_PLACEMENT_3D('',#14026,#14027,#14028);
#14026=CARTESIAN_POINT('',(0.,-2.53109581443445E-016,10.5));
#14027=DIRECTION('',(0.,-1.22139628059813E-018,-1.));
#14028=DIRECTION('',(0.,-1.,1.22139628059813E-018));
#14029=CARTESIAN_POINT('',(-1.56799863803968,1.07302389120918,11.5));
#14030=VECTOR('',#14031,1.);
#14031=DIRECTION('',(0.707106781186548,-0.707106781186547,0.));
#14032=CARTESIAN_POINT('',(1.56799863803975,-1.07302389120909,11.5));
#14033=VECTOR('',#14034,1.);
#14034=DIRECTION('',(-0.707106781186548,0.707106781186547,0.));
#14035=CARTESIAN_POINT('',(0.,-1.5,10.5));
#14036=AXIS2_PLACEMENT_3D('',#14037,#14038,#14039);
#14037=CARTESIAN_POINT('',(0.,-2.53109581443445E-016,10.5));
#14038=DIRECTION('',(0.,-1.22139628059813E-018,-1.));
#14039=DIRECTION('',(0.,-1.,1.22139628059813E-018));
#14040=CARTESIAN_POINT('',(0.,-1.5,5.85));
#14041=AXIS2_PLACEMENT_3D('',#14042,#14043,#14044);
#14042=CARTESIAN_POINT('',(0.,-2.58789074148227E-016,5.85));
#14043=DIRECTION('',(0.,-1.22139628059813E-018,-1.));
#14044=DIRECTION('',(0.,-1.,1.22139628059813E-018));
#14045=CARTESIAN_POINT('',(0.,-1.15,5.5));
#14046=AXIS2_PLACEMENT_3D('',#14047,#14048,#14049);
#14047=CARTESIAN_POINT('',(0.,-2.59216562846436E-016,5.5));
#14048=DIRECTION('',(0.,-1.22139628059813E-018,-1.));
#14049=DIRECTION('',(0.,-1.,1.22139628059813E-018));
#14050=CARTESIAN_POINT('',(0.,-1.15,5.));
#14051=AXIS2_PLACEMENT_3D('',#14052,#14053,#14054);
#14052=CARTESIAN_POINT('',(0.,-2.59827260986735E-016,5.));
#14053=DIRECTION('',(0.,-1.22139628059813E-018,-1.));
#14054=DIRECTION('',(0.,-1.,1.22139628059813E-018));
ENDSEC;
END-ISO-10303-21;
