ISO-10303-21;
HEADER;
FILE_DESCRIPTION(('STEP AP214'),
    '1');
FILE_NAME('DG302',
    '2019-10-02T14:12:57',
    ('AF'),
    (''),
    'UNSPECIFIED',
    'UNSPECIFIED',
    '');
/*Based on Degson DG302 datasheet, REV D0*/
FILE_SCHEMA(('AUTOMOTIVE_DESIGN { 1 0 10303 214 3 1 1}'));
ENDSEC;

DATA;
#1=SHAPE_REPRESENTATION('NONE',(#2,#61,#124,#187,#250,#276,#302),#6);
#2=AXIS2_PLACEMENT_3D('',#3,#4,#5);
#3=CARTESIAN_POINT('',(0.,0.,0.));
#4=DIRECTION('',(0.,0.,1.));
#5=DIRECTION('',(1.,0.,0.));
#6=(GEOMETRIC_REPRESENTATION_CONTEXT(3)GLOBAL_UNCERTAINTY_ASSIGNED_CONTEXT((#8))
GLOBAL_UNIT_ASSIGNED_CONTEXT((#7,#9,#10))REPRESENTATION_CONTEXT('NONE','NONE'));
#7=(LENGTH_UNIT()NAMED_UNIT(*)SI_UNIT(.MILLI.,.METRE.));
#8=UNCERTAINTY_MEASURE_WITH_UNIT(LENGTH_MEASURE(1.E-005),#7,'NONE','NONE');
#9=(NAMED_UNIT(*)PLANE_ANGLE_UNIT()SI_UNIT($,.RADIAN.));
#10=(NAMED_UNIT(*)SI_UNIT($,.STERADIAN.)SOLID_ANGLE_UNIT());
#11=SHAPE_DEFINITION_REPRESENTATION(#12,#1);
#12=PRODUCT_DEFINITION_SHAPE('NONE','NONE',#13);
#13=PRODUCT_DEFINITION('','UNSPECIFIED',#14,#22);
#14=PRODUCT_DEFINITION_FORMATION_WITH_SPECIFIED_SOURCE('ANY','UNSPECIFIED',#15,.NOT_KNOWN.);
#15=PRODUCT('','DG302-5.0-02P-14','Based on Degson DG302 datasheet, REV D0',(#25));
#16=PERSON('UNSPECIFIED','AF','UNSPECIFIED',('UNSPECIFIED'),('UNSPECIFIED'),('UNSPECIFIED'));
#17=ORGANIZATION('UNSPECIFIED','UNSPECIFIED','UNSPECIFIED');
#18=PERSON_AND_ORGANIZATION(#16,#17);
#19=PERSON_AND_ORGANIZATION_ROLE('design_owner');
#20=CC_DESIGN_PERSON_AND_ORGANIZATION_ASSIGNMENT(#18,#19,(#15));
#21=PRODUCT_RELATED_PRODUCT_CATEGORY('assembly','',(#15));
#22=DESIGN_CONTEXT('detailed design',#23,'design');
#23=APPLICATION_CONTEXT('configuration controlled 3d designs of mechanical parts and assemblies');
#24=APPLICATION_PROTOCOL_DEFINITION('international standard','automotive_design',
2011,#23);
#25=PRODUCT_CONTEXT('NONE',#23,'mechanical');
#26=CC_DESIGN_DATE_AND_TIME_ASSIGNMENT(#27,#31,(#13));
#27=DATE_AND_TIME(#28,#29);
#28=CALENDAR_DATE(0,1,1);
#29=LOCAL_TIME(0,0,0.,#30);
#30=COORDINATED_UNIVERSAL_TIME_OFFSET(0,0,.AHEAD.);
#31=DATE_TIME_ROLE('creation_date');
#32=CC_DESIGN_APPROVAL(#33,(#13));
#33=APPROVAL(#34,'UNSPECIFIED');
#34=APPROVAL_STATUS('not_yet_approved');
#35=APPROVAL_DATE_TIME(#36,#33);
#36=DATE_AND_TIME(#37,#38);
#37=CALENDAR_DATE(0,1,1);
#38=LOCAL_TIME(0,0,0.,#39);
#39=COORDINATED_UNIVERSAL_TIME_OFFSET(0,0,.AHEAD.);
#40=DERIVED_UNIT((#44,#41));
#41=DERIVED_UNIT_ELEMENT(#42,-1.);
#42=VOLUME_UNIT(#43);
#43=DIMENSIONAL_EXPONENTS(3.,0.,0.,0.,0.,0.,0.);
#44=(DERIVED_UNIT_ELEMENT($,-1.)NAMED_UNIT($)MASS_UNIT()SI_UNIT($,.GRAM.));
#45=MANIFOLD_SOLID_BREP('',#46);
#46=CLOSED_SHELL('',(#328,#337,#346,#355,#364,#373,#382,#391,#400,#409,#418,#427,
#436,#445,#454,#463,#472,#481,#490,#499,#508,#517,#526,#535,#544,#553,#562,#571,
#580,#589,#598,#607,#616,#625,#634,#643,#652,#661,#670,#679,#688,#697,#706,#715,
#724,#733,#742,#751,#760,#769,#778,#787,#796,#805,#814,#823,#832,#841,#850,#859,
#868,#877,#886,#895,#904,#913,#922,#931,#940,#949,#958,#967,#976,#985,#994,#1003,
#1012,#1021,#1030,#1039,#1048,#1057,#1066,#1075,#1084,#1093,#1102,#1111,#1120,#1129,
#1138,#1147,#1156));
#47=COLOUR_RGB($,0.341176470588235,0.615686274509804,0.427450980392157);
#48=FILL_AREA_STYLE_COLOUR($,#47);
#49=FILL_AREA_STYLE($,(#48));
#50=SURFACE_STYLE_FILL_AREA(#49);
#51=SURFACE_SIDE_STYLE('',(#50));
#52=SURFACE_STYLE_USAGE(.BOTH.,#51);
#53=PRESENTATION_STYLE_ASSIGNMENT((#52));
#54=MECHANICAL_DESIGN_GEOMETRIC_PRESENTATION_REPRESENTATION('NONE',(#55,#99,#162,
#225,#336,#345,#354,#363,#372,#381,#390,#399,#408,#417,#426,#435,#444,#453,#462,
#471,#480,#489,#498,#507,#516,#525,#534,#543,#552,#561,#570,#579,#588,#597,#606,
#615,#624,#633,#642,#651,#660,#669,#678,#687,#696,#705,#714,#723,#732,#741,#750,
#759,#768,#777,#786,#795,#804,#813,#822,#831,#840,#849,#858,#867,#876,#885,#894,
#903,#912,#921,#930,#939,#948,#957,#966,#975,#984,#993,#1002,#1011,#1020,#1029,#1038,
#1047,#1056,#1065,#1074,#1083,#1092,#1101,#1110,#1119,#1128,#1137,#1146,#1155,#1164,
#1170,#1176,#1185,#1194,#1203,#1212,#1221,#1230,#1239,#1248,#1257,#1266,#1275,#1284,
#1293,#1302,#1311,#1320,#1329,#1338,#1347,#1356,#1365,#1374,#1383,#1392,#1401,#1410,
#1419,#1428,#1437,#1446,#1455,#1464,#1473,#1482,#1491,#1500,#1509,#1518,#1527,#1536,
#1545,#1554,#1563,#1572,#1581,#1590,#1599,#1608,#1617,#1626,#1635,#1644,#1653,#1662,
#1671,#1680,#1689,#1698,#1707,#1716,#1725,#1734,#1743,#1752,#1761,#1770,#1779,#1788,
#1797,#1806,#1815),#6);
#55=STYLED_ITEM('',(#53),#45);
#56=ADVANCED_BREP_SHAPE_REPRESENTATION('NONE',(#45),#6);
#57=SHAPE_REPRESENTATION_RELATIONSHIP('','',#1,#56);
#58=GEOMETRIC_CURVE_SET('',(#1165,#1171));
#59=GEOMETRICALLY_BOUNDED_WIREFRAME_SHAPE_REPRESENTATION('NONE',(#58),#6);
#60=SHAPE_REPRESENTATION_RELATIONSHIP('','',#1,#59);
#61=AXIS2_PLACEMENT_3D('',#62,#63,#64);
#62=CARTESIAN_POINT('',(0.,0.,0.));
#63=DIRECTION('',(0.,0.,1.));
#64=DIRECTION('',(1.,0.,0.));
#65=SHAPE_REPRESENTATION('NONE',(#2),#6);
#66=SHAPE_DEFINITION_REPRESENTATION(#67,#65);
#67=PRODUCT_DEFINITION_SHAPE('NONE','NONE',#68);
#68=PRODUCT_DEFINITION('','UNSPECIFIED',#69,#72);
#69=PRODUCT_DEFINITION_FORMATION_WITH_SPECIFIED_SOURCE('ANY','UNSPECIFIED',#70,.NOT_KNOWN.);
#70=PRODUCT('','DG302-pin','NONE',(#75));
#71=PRODUCT_RELATED_PRODUCT_CATEGORY('detail','',(#70));
#72=DESIGN_CONTEXT('detailed design',#73,'design');
#73=APPLICATION_CONTEXT('configuration controlled 3d designs of mechanical parts and assemblies');
#74=APPLICATION_PROTOCOL_DEFINITION('international standard','automotive_design',
2011,#73);
#75=PRODUCT_CONTEXT('NONE',#73,'mechanical');
#76=CC_DESIGN_DATE_AND_TIME_ASSIGNMENT(#77,#81,(#68));
#77=DATE_AND_TIME(#78,#79);
#78=CALENDAR_DATE(0,1,1);
#79=LOCAL_TIME(0,0,0.,#80);
#80=COORDINATED_UNIVERSAL_TIME_OFFSET(0,0,.AHEAD.);
#81=DATE_TIME_ROLE('creation_date');
#82=CC_DESIGN_APPROVAL(#83,(#68));
#83=APPROVAL(#84,'UNSPECIFIED');
#84=APPROVAL_STATUS('not_yet_approved');
#85=APPROVAL_DATE_TIME(#86,#83);
#86=DATE_AND_TIME(#87,#88);
#87=CALENDAR_DATE(0,1,1);
#88=LOCAL_TIME(0,0,0.,#89);
#89=COORDINATED_UNIVERSAL_TIME_OFFSET(0,0,.AHEAD.);
#90=MANIFOLD_SOLID_BREP('',#91);
#91=CLOSED_SHELL('',(#1177,#1186,#1195,#1204,#1213,#1222,#1231,#1240,#1249,#1258,
#1267,#1276,#1285,#1294,#1303,#1312,#1321,#1330,#1339));
#92=COLOUR_RGB($,0.827450980392157,0.831372549019608,0.835294117647059);
#93=FILL_AREA_STYLE_COLOUR($,#92);
#94=FILL_AREA_STYLE($,(#93));
#95=SURFACE_STYLE_FILL_AREA(#94);
#96=SURFACE_SIDE_STYLE('',(#95));
#97=SURFACE_STYLE_USAGE(.BOTH.,#96);
#98=PRESENTATION_STYLE_ASSIGNMENT((#97));
#99=STYLED_ITEM('',(#98),#90);
#100=ADVANCED_BREP_SHAPE_REPRESENTATION('NONE',(#90),#6);
#101=SHAPE_REPRESENTATION_RELATIONSHIP('','',#65,#100);
#102=ITEM_DEFINED_TRANSFORMATION('','',#2,#61);
#103=(REPRESENTATION_RELATIONSHIP('','',#65,#1)REPRESENTATION_RELATIONSHIP_WITH_TRANSFORMATION(
#102)SHAPE_REPRESENTATION_RELATIONSHIP());
#104=NEXT_ASSEMBLY_USAGE_OCCURRENCE('1','','',#13,#68,$);
#105=CC_DESIGN_SECURITY_CLASSIFICATION(#106,(#104));
#106=SECURITY_CLASSIFICATION('','',#107);
#107=SECURITY_CLASSIFICATION_LEVEL('unclassified');
#108=CC_DESIGN_DATE_AND_TIME_ASSIGNMENT(#109,#113,(#106));
#109=DATE_AND_TIME(#110,#111);
#110=CALENDAR_DATE(0,1,1);
#111=LOCAL_TIME(0,0,0.,#112);
#112=COORDINATED_UNIVERSAL_TIME_OFFSET(0,0,.AHEAD.);
#113=DATE_TIME_ROLE('classification_date');
#114=CC_DESIGN_APPROVAL(#115,(#106));
#115=APPROVAL(#116,'UNSPECIFIED');
#116=APPROVAL_STATUS('not_yet_approved');
#117=APPROVAL_DATE_TIME(#118,#115);
#118=DATE_AND_TIME(#119,#120);
#119=CALENDAR_DATE(0,1,1);
#120=LOCAL_TIME(0,0,0.,#121);
#121=COORDINATED_UNIVERSAL_TIME_OFFSET(0,0,.AHEAD.);
#122=PRODUCT_DEFINITION_SHAPE('NONE','NONE',#104);
#123=CONTEXT_DEPENDENT_SHAPE_REPRESENTATION(#103,#122);
#124=AXIS2_PLACEMENT_3D('',#125,#126,#127);
#125=CARTESIAN_POINT('',(0.,0.,0.));
#126=DIRECTION('',(0.,0.,1.));
#127=DIRECTION('',(1.,0.,0.));
#128=SHAPE_REPRESENTATION('NONE',(#2),#6);
#129=SHAPE_DEFINITION_REPRESENTATION(#130,#128);
#130=PRODUCT_DEFINITION_SHAPE('NONE','NONE',#131);
#131=PRODUCT_DEFINITION('','UNSPECIFIED',#132,#135);
#132=PRODUCT_DEFINITION_FORMATION_WITH_SPECIFIED_SOURCE('ANY','UNSPECIFIED',#133,
.NOT_KNOWN.);
#133=PRODUCT('','DG302-wire-protector','NONE',(#138));
#134=PRODUCT_RELATED_PRODUCT_CATEGORY('detail','',(#133));
#135=DESIGN_CONTEXT('detailed design',#136,'design');
#136=APPLICATION_CONTEXT('configuration controlled 3d designs of mechanical parts and assemblies');
#137=APPLICATION_PROTOCOL_DEFINITION('international standard','automotive_design',
2011,#136);
#138=PRODUCT_CONTEXT('NONE',#136,'mechanical');
#139=CC_DESIGN_DATE_AND_TIME_ASSIGNMENT(#140,#144,(#131));
#140=DATE_AND_TIME(#141,#142);
#141=CALENDAR_DATE(0,1,1);
#142=LOCAL_TIME(0,0,0.,#143);
#143=COORDINATED_UNIVERSAL_TIME_OFFSET(0,0,.AHEAD.);
#144=DATE_TIME_ROLE('creation_date');
#145=CC_DESIGN_APPROVAL(#146,(#131));
#146=APPROVAL(#147,'UNSPECIFIED');
#147=APPROVAL_STATUS('not_yet_approved');
#148=APPROVAL_DATE_TIME(#149,#146);
#149=DATE_AND_TIME(#150,#151);
#150=CALENDAR_DATE(0,1,1);
#151=LOCAL_TIME(0,0,0.,#152);
#152=COORDINATED_UNIVERSAL_TIME_OFFSET(0,0,.AHEAD.);
#153=MANIFOLD_SOLID_BREP('',#154);
#154=CLOSED_SHELL('',(#1348,#1357,#1366,#1375,#1384,#1393,#1402,#1411,#1420,#1429,
#1438,#1447,#1456,#1465,#1474,#1483,#1492,#1501,#1510,#1519,#1528,#1537,#1546,#1555,
#1564,#1573,#1582,#1591,#1600,#1609,#1618,#1627,#1636,#1645,#1654,#1663,#1672,#1681,
#1690));
#155=COLOUR_RGB($,0.792156862745098,0.8,0.807843137254902);
#156=FILL_AREA_STYLE_COLOUR($,#155);
#157=FILL_AREA_STYLE($,(#156));
#158=SURFACE_STYLE_FILL_AREA(#157);
#159=SURFACE_SIDE_STYLE('',(#158));
#160=SURFACE_STYLE_USAGE(.BOTH.,#159);
#161=PRESENTATION_STYLE_ASSIGNMENT((#160));
#162=STYLED_ITEM('',(#161),#153);
#163=ADVANCED_BREP_SHAPE_REPRESENTATION('NONE',(#153),#6);
#164=SHAPE_REPRESENTATION_RELATIONSHIP('','',#128,#163);
#165=ITEM_DEFINED_TRANSFORMATION('','',#2,#124);
#166=(REPRESENTATION_RELATIONSHIP('','',#128,#1)REPRESENTATION_RELATIONSHIP_WITH_TRANSFORMATION(
#165)SHAPE_REPRESENTATION_RELATIONSHIP());
#167=NEXT_ASSEMBLY_USAGE_OCCURRENCE('2','','',#13,#131,$);
#168=CC_DESIGN_SECURITY_CLASSIFICATION(#169,(#167));
#169=SECURITY_CLASSIFICATION('','',#170);
#170=SECURITY_CLASSIFICATION_LEVEL('unclassified');
#171=CC_DESIGN_DATE_AND_TIME_ASSIGNMENT(#172,#176,(#169));
#172=DATE_AND_TIME(#173,#174);
#173=CALENDAR_DATE(0,1,1);
#174=LOCAL_TIME(0,0,0.,#175);
#175=COORDINATED_UNIVERSAL_TIME_OFFSET(0,0,.AHEAD.);
#176=DATE_TIME_ROLE('classification_date');
#177=CC_DESIGN_APPROVAL(#178,(#169));
#178=APPROVAL(#179,'UNSPECIFIED');
#179=APPROVAL_STATUS('not_yet_approved');
#180=APPROVAL_DATE_TIME(#181,#178);
#181=DATE_AND_TIME(#182,#183);
#182=CALENDAR_DATE(0,1,1);
#183=LOCAL_TIME(0,0,0.,#184);
#184=COORDINATED_UNIVERSAL_TIME_OFFSET(0,0,.AHEAD.);
#185=PRODUCT_DEFINITION_SHAPE('NONE','NONE',#167);
#186=CONTEXT_DEPENDENT_SHAPE_REPRESENTATION(#166,#185);
#187=AXIS2_PLACEMENT_3D('',#188,#189,#190);
#188=CARTESIAN_POINT('',(0.,0.,0.));
#189=DIRECTION('',(0.,0.,1.));
#190=DIRECTION('',(1.,0.,0.));
#191=SHAPE_REPRESENTATION('NONE',(#2),#6);
#192=SHAPE_DEFINITION_REPRESENTATION(#193,#191);
#193=PRODUCT_DEFINITION_SHAPE('NONE','NONE',#194);
#194=PRODUCT_DEFINITION('','UNSPECIFIED',#195,#198);
#195=PRODUCT_DEFINITION_FORMATION_WITH_SPECIFIED_SOURCE('ANY','UNSPECIFIED',#196,
.NOT_KNOWN.);
#196=PRODUCT('','DG302-screw','NONE',(#201));
#197=PRODUCT_RELATED_PRODUCT_CATEGORY('detail','',(#196));
#198=DESIGN_CONTEXT('detailed design',#199,'design');
#199=APPLICATION_CONTEXT('configuration controlled 3d designs of mechanical parts and assemblies');
#200=APPLICATION_PROTOCOL_DEFINITION('international standard','automotive_design',
2011,#199);
#201=PRODUCT_CONTEXT('NONE',#199,'mechanical');
#202=CC_DESIGN_DATE_AND_TIME_ASSIGNMENT(#203,#207,(#194));
#203=DATE_AND_TIME(#204,#205);
#204=CALENDAR_DATE(0,1,1);
#205=LOCAL_TIME(0,0,0.,#206);
#206=COORDINATED_UNIVERSAL_TIME_OFFSET(0,0,.AHEAD.);
#207=DATE_TIME_ROLE('creation_date');
#208=CC_DESIGN_APPROVAL(#209,(#194));
#209=APPROVAL(#210,'UNSPECIFIED');
#210=APPROVAL_STATUS('not_yet_approved');
#211=APPROVAL_DATE_TIME(#212,#209);
#212=DATE_AND_TIME(#213,#214);
#213=CALENDAR_DATE(0,1,1);
#214=LOCAL_TIME(0,0,0.,#215);
#215=COORDINATED_UNIVERSAL_TIME_OFFSET(0,0,.AHEAD.);
#216=MANIFOLD_SOLID_BREP('',#217);
#217=CLOSED_SHELL('',(#1699,#1708,#1717,#1726,#1735,#1744,#1753,#1762,#1771,#1780,
#1789,#1798,#1807));
#218=COLOUR_RGB($,0.729411764705882,0.768627450980392,0.784313725490196);
#219=FILL_AREA_STYLE_COLOUR($,#218);
#220=FILL_AREA_STYLE($,(#219));
#221=SURFACE_STYLE_FILL_AREA(#220);
#222=SURFACE_SIDE_STYLE('',(#221));
#223=SURFACE_STYLE_USAGE(.BOTH.,#222);
#224=PRESENTATION_STYLE_ASSIGNMENT((#223));
#225=STYLED_ITEM('',(#224),#216);
#226=ADVANCED_BREP_SHAPE_REPRESENTATION('NONE',(#216),#6);
#227=SHAPE_REPRESENTATION_RELATIONSHIP('','',#191,#226);
#228=ITEM_DEFINED_TRANSFORMATION('','',#2,#187);
#229=(REPRESENTATION_RELATIONSHIP('','',#191,#1)REPRESENTATION_RELATIONSHIP_WITH_TRANSFORMATION(
#228)SHAPE_REPRESENTATION_RELATIONSHIP());
#230=NEXT_ASSEMBLY_USAGE_OCCURRENCE('3','','',#13,#194,$);
#231=CC_DESIGN_SECURITY_CLASSIFICATION(#232,(#230));
#232=SECURITY_CLASSIFICATION('','',#233);
#233=SECURITY_CLASSIFICATION_LEVEL('unclassified');
#234=CC_DESIGN_DATE_AND_TIME_ASSIGNMENT(#235,#239,(#232));
#235=DATE_AND_TIME(#236,#237);
#236=CALENDAR_DATE(0,1,1);
#237=LOCAL_TIME(0,0,0.,#238);
#238=COORDINATED_UNIVERSAL_TIME_OFFSET(0,0,.AHEAD.);
#239=DATE_TIME_ROLE('classification_date');
#240=CC_DESIGN_APPROVAL(#241,(#232));
#241=APPROVAL(#242,'UNSPECIFIED');
#242=APPROVAL_STATUS('not_yet_approved');
#243=APPROVAL_DATE_TIME(#244,#241);
#244=DATE_AND_TIME(#245,#246);
#245=CALENDAR_DATE(0,1,1);
#246=LOCAL_TIME(0,0,0.,#247);
#247=COORDINATED_UNIVERSAL_TIME_OFFSET(0,0,.AHEAD.);
#248=PRODUCT_DEFINITION_SHAPE('NONE','NONE',#230);
#249=CONTEXT_DEPENDENT_SHAPE_REPRESENTATION(#229,#248);
#250=AXIS2_PLACEMENT_3D('',#251,#252,#253);
#251=CARTESIAN_POINT('',(5.,0.,0.));
#252=DIRECTION('',(0.,0.,1.));
#253=DIRECTION('',(1.,0.,0.));
#254=ITEM_DEFINED_TRANSFORMATION('','',#2,#250);
#255=(REPRESENTATION_RELATIONSHIP('','',#65,#1)REPRESENTATION_RELATIONSHIP_WITH_TRANSFORMATION(
#254)SHAPE_REPRESENTATION_RELATIONSHIP());
#256=NEXT_ASSEMBLY_USAGE_OCCURRENCE('4','','',#13,#68,$);
#257=CC_DESIGN_SECURITY_CLASSIFICATION(#258,(#256));
#258=SECURITY_CLASSIFICATION('','',#259);
#259=SECURITY_CLASSIFICATION_LEVEL('unclassified');
#260=CC_DESIGN_DATE_AND_TIME_ASSIGNMENT(#261,#265,(#258));
#261=DATE_AND_TIME(#262,#263);
#262=CALENDAR_DATE(0,1,1);
#263=LOCAL_TIME(0,0,0.,#264);
#264=COORDINATED_UNIVERSAL_TIME_OFFSET(0,0,.AHEAD.);
#265=DATE_TIME_ROLE('classification_date');
#266=CC_DESIGN_APPROVAL(#267,(#258));
#267=APPROVAL(#268,'UNSPECIFIED');
#268=APPROVAL_STATUS('not_yet_approved');
#269=APPROVAL_DATE_TIME(#270,#267);
#270=DATE_AND_TIME(#271,#272);
#271=CALENDAR_DATE(0,1,1);
#272=LOCAL_TIME(0,0,0.,#273);
#273=COORDINATED_UNIVERSAL_TIME_OFFSET(0,0,.AHEAD.);
#274=PRODUCT_DEFINITION_SHAPE('NONE','NONE',#256);
#275=CONTEXT_DEPENDENT_SHAPE_REPRESENTATION(#255,#274);
#276=AXIS2_PLACEMENT_3D('',#277,#278,#279);
#277=CARTESIAN_POINT('',(5.,0.,0.));
#278=DIRECTION('',(0.,0.,1.));
#279=DIRECTION('',(1.,0.,0.));
#280=ITEM_DEFINED_TRANSFORMATION('','',#2,#276);
#281=(REPRESENTATION_RELATIONSHIP('','',#128,#1)REPRESENTATION_RELATIONSHIP_WITH_TRANSFORMATION(
#280)SHAPE_REPRESENTATION_RELATIONSHIP());
#282=NEXT_ASSEMBLY_USAGE_OCCURRENCE('5','','',#13,#131,$);
#283=CC_DESIGN_SECURITY_CLASSIFICATION(#284,(#282));
#284=SECURITY_CLASSIFICATION('','',#285);
#285=SECURITY_CLASSIFICATION_LEVEL('unclassified');
#286=CC_DESIGN_DATE_AND_TIME_ASSIGNMENT(#287,#291,(#284));
#287=DATE_AND_TIME(#288,#289);
#288=CALENDAR_DATE(0,1,1);
#289=LOCAL_TIME(0,0,0.,#290);
#290=COORDINATED_UNIVERSAL_TIME_OFFSET(0,0,.AHEAD.);
#291=DATE_TIME_ROLE('classification_date');
#292=CC_DESIGN_APPROVAL(#293,(#284));
#293=APPROVAL(#294,'UNSPECIFIED');
#294=APPROVAL_STATUS('not_yet_approved');
#295=APPROVAL_DATE_TIME(#296,#293);
#296=DATE_AND_TIME(#297,#298);
#297=CALENDAR_DATE(0,1,1);
#298=LOCAL_TIME(0,0,0.,#299);
#299=COORDINATED_UNIVERSAL_TIME_OFFSET(0,0,.AHEAD.);
#300=PRODUCT_DEFINITION_SHAPE('NONE','NONE',#282);
#301=CONTEXT_DEPENDENT_SHAPE_REPRESENTATION(#281,#300);
#302=AXIS2_PLACEMENT_3D('',#303,#304,#305);
#303=CARTESIAN_POINT('',(5.,0.,0.));
#304=DIRECTION('',(0.,0.,1.));
#305=DIRECTION('',(1.,0.,0.));
#306=ITEM_DEFINED_TRANSFORMATION('','',#2,#302);
#307=(REPRESENTATION_RELATIONSHIP('','',#191,#1)REPRESENTATION_RELATIONSHIP_WITH_TRANSFORMATION(
#306)SHAPE_REPRESENTATION_RELATIONSHIP());
#308=NEXT_ASSEMBLY_USAGE_OCCURRENCE('6','','',#13,#194,$);
#309=CC_DESIGN_SECURITY_CLASSIFICATION(#310,(#308));
#310=SECURITY_CLASSIFICATION('','',#311);
#311=SECURITY_CLASSIFICATION_LEVEL('unclassified');
#312=CC_DESIGN_DATE_AND_TIME_ASSIGNMENT(#313,#317,(#310));
#313=DATE_AND_TIME(#314,#315);
#314=CALENDAR_DATE(0,1,1);
#315=LOCAL_TIME(0,0,0.,#316);
#316=COORDINATED_UNIVERSAL_TIME_OFFSET(0,0,.AHEAD.);
#317=DATE_TIME_ROLE('classification_date');
#318=CC_DESIGN_APPROVAL(#319,(#310));
#319=APPROVAL(#320,'UNSPECIFIED');
#320=APPROVAL_STATUS('not_yet_approved');
#321=APPROVAL_DATE_TIME(#322,#319);
#322=DATE_AND_TIME(#323,#324);
#323=CALENDAR_DATE(0,1,1);
#324=LOCAL_TIME(0,0,0.,#325);
#325=COORDINATED_UNIVERSAL_TIME_OFFSET(0,0,.AHEAD.);
#326=PRODUCT_DEFINITION_SHAPE('NONE','NONE',#308);
#327=CONTEXT_DEPENDENT_SHAPE_REPRESENTATION(#307,#326);
#328=ADVANCED_FACE('',(#1816,#1818,#1820,#1822),#1824,.T.);
#329=COLOUR_RGB($,0.341176470588235,0.615686274509804,0.427450980392157);
#330=FILL_AREA_STYLE_COLOUR($,#329);
#331=FILL_AREA_STYLE($,(#330));
#332=SURFACE_STYLE_FILL_AREA(#331);
#333=SURFACE_SIDE_STYLE('',(#332));
#334=SURFACE_STYLE_USAGE(.BOTH.,#333);
#335=PRESENTATION_STYLE_ASSIGNMENT((#334));
#336=STYLED_ITEM('',(#335),#328);
#337=ADVANCED_FACE('',(#1829),#1831,.F.);
#338=COLOUR_RGB($,0.341176470588235,0.615686274509804,0.427450980392157);
#339=FILL_AREA_STYLE_COLOUR($,#338);
#340=FILL_AREA_STYLE($,(#339));
#341=SURFACE_STYLE_FILL_AREA(#340);
#342=SURFACE_SIDE_STYLE('',(#341));
#343=SURFACE_STYLE_USAGE(.BOTH.,#342);
#344=PRESENTATION_STYLE_ASSIGNMENT((#343));
#345=STYLED_ITEM('',(#344),#337);
#346=ADVANCED_FACE('',(#1836),#1838,.T.);
#347=COLOUR_RGB($,0.341176470588235,0.615686274509804,0.427450980392157);
#348=FILL_AREA_STYLE_COLOUR($,#347);
#349=FILL_AREA_STYLE($,(#348));
#350=SURFACE_STYLE_FILL_AREA(#349);
#351=SURFACE_SIDE_STYLE('',(#350));
#352=SURFACE_STYLE_USAGE(.BOTH.,#351);
#353=PRESENTATION_STYLE_ASSIGNMENT((#352));
#354=STYLED_ITEM('',(#353),#346);
#355=ADVANCED_FACE('',(#1843),#1845,.F.);
#356=COLOUR_RGB($,0.341176470588235,0.615686274509804,0.427450980392157);
#357=FILL_AREA_STYLE_COLOUR($,#356);
#358=FILL_AREA_STYLE($,(#357));
#359=SURFACE_STYLE_FILL_AREA(#358);
#360=SURFACE_SIDE_STYLE('',(#359));
#361=SURFACE_STYLE_USAGE(.BOTH.,#360);
#362=PRESENTATION_STYLE_ASSIGNMENT((#361));
#363=STYLED_ITEM('',(#362),#355);
#364=ADVANCED_FACE('',(#1850,#1852),#1854,.F.);
#365=COLOUR_RGB($,0.341176470588235,0.615686274509804,0.427450980392157);
#366=FILL_AREA_STYLE_COLOUR($,#365);
#367=FILL_AREA_STYLE($,(#366));
#368=SURFACE_STYLE_FILL_AREA(#367);
#369=SURFACE_SIDE_STYLE('',(#368));
#370=SURFACE_STYLE_USAGE(.BOTH.,#369);
#371=PRESENTATION_STYLE_ASSIGNMENT((#370));
#372=STYLED_ITEM('',(#371),#364);
#373=ADVANCED_FACE('',(#1859),#1861,.T.);
#374=COLOUR_RGB($,0.341176470588235,0.615686274509804,0.427450980392157);
#375=FILL_AREA_STYLE_COLOUR($,#374);
#376=FILL_AREA_STYLE($,(#375));
#377=SURFACE_STYLE_FILL_AREA(#376);
#378=SURFACE_SIDE_STYLE('',(#377));
#379=SURFACE_STYLE_USAGE(.BOTH.,#378);
#380=PRESENTATION_STYLE_ASSIGNMENT((#379));
#381=STYLED_ITEM('',(#380),#373);
#382=ADVANCED_FACE('',(#1866),#1868,.T.);
#383=COLOUR_RGB($,0.341176470588235,0.615686274509804,0.427450980392157);
#384=FILL_AREA_STYLE_COLOUR($,#383);
#385=FILL_AREA_STYLE($,(#384));
#386=SURFACE_STYLE_FILL_AREA(#385);
#387=SURFACE_SIDE_STYLE('',(#386));
#388=SURFACE_STYLE_USAGE(.BOTH.,#387);
#389=PRESENTATION_STYLE_ASSIGNMENT((#388));
#390=STYLED_ITEM('',(#389),#382);
#391=ADVANCED_FACE('',(#1873),#1875,.T.);
#392=COLOUR_RGB($,0.341176470588235,0.615686274509804,0.427450980392157);
#393=FILL_AREA_STYLE_COLOUR($,#392);
#394=FILL_AREA_STYLE($,(#393));
#395=SURFACE_STYLE_FILL_AREA(#394);
#396=SURFACE_SIDE_STYLE('',(#395));
#397=SURFACE_STYLE_USAGE(.BOTH.,#396);
#398=PRESENTATION_STYLE_ASSIGNMENT((#397));
#399=STYLED_ITEM('',(#398),#391);
#400=ADVANCED_FACE('',(#1880),#1882,.T.);
#401=COLOUR_RGB($,0.341176470588235,0.615686274509804,0.427450980392157);
#402=FILL_AREA_STYLE_COLOUR($,#401);
#403=FILL_AREA_STYLE($,(#402));
#404=SURFACE_STYLE_FILL_AREA(#403);
#405=SURFACE_SIDE_STYLE('',(#404));
#406=SURFACE_STYLE_USAGE(.BOTH.,#405);
#407=PRESENTATION_STYLE_ASSIGNMENT((#406));
#408=STYLED_ITEM('',(#407),#400);
#409=ADVANCED_FACE('',(#1887),#1889,.F.);
#410=COLOUR_RGB($,0.341176470588235,0.615686274509804,0.427450980392157);
#411=FILL_AREA_STYLE_COLOUR($,#410);
#412=FILL_AREA_STYLE($,(#411));
#413=SURFACE_STYLE_FILL_AREA(#412);
#414=SURFACE_SIDE_STYLE('',(#413));
#415=SURFACE_STYLE_USAGE(.BOTH.,#414);
#416=PRESENTATION_STYLE_ASSIGNMENT((#415));
#417=STYLED_ITEM('',(#416),#409);
#418=ADVANCED_FACE('',(#1894),#1896,.T.);
#419=COLOUR_RGB($,0.341176470588235,0.615686274509804,0.427450980392157);
#420=FILL_AREA_STYLE_COLOUR($,#419);
#421=FILL_AREA_STYLE($,(#420));
#422=SURFACE_STYLE_FILL_AREA(#421);
#423=SURFACE_SIDE_STYLE('',(#422));
#424=SURFACE_STYLE_USAGE(.BOTH.,#423);
#425=PRESENTATION_STYLE_ASSIGNMENT((#424));
#426=STYLED_ITEM('',(#425),#418);
#427=ADVANCED_FACE('',(#1901),#1903,.F.);
#428=COLOUR_RGB($,0.341176470588235,0.615686274509804,0.427450980392157);
#429=FILL_AREA_STYLE_COLOUR($,#428);
#430=FILL_AREA_STYLE($,(#429));
#431=SURFACE_STYLE_FILL_AREA(#430);
#432=SURFACE_SIDE_STYLE('',(#431));
#433=SURFACE_STYLE_USAGE(.BOTH.,#432);
#434=PRESENTATION_STYLE_ASSIGNMENT((#433));
#435=STYLED_ITEM('',(#434),#427);
#436=ADVANCED_FACE('',(#1908),#1910,.T.);
#437=COLOUR_RGB($,0.341176470588235,0.615686274509804,0.427450980392157);
#438=FILL_AREA_STYLE_COLOUR($,#437);
#439=FILL_AREA_STYLE($,(#438));
#440=SURFACE_STYLE_FILL_AREA(#439);
#441=SURFACE_SIDE_STYLE('',(#440));
#442=SURFACE_STYLE_USAGE(.BOTH.,#441);
#443=PRESENTATION_STYLE_ASSIGNMENT((#442));
#444=STYLED_ITEM('',(#443),#436);
#445=ADVANCED_FACE('',(#1915),#1917,.F.);
#446=COLOUR_RGB($,0.341176470588235,0.615686274509804,0.427450980392157);
#447=FILL_AREA_STYLE_COLOUR($,#446);
#448=FILL_AREA_STYLE($,(#447));
#449=SURFACE_STYLE_FILL_AREA(#448);
#450=SURFACE_SIDE_STYLE('',(#449));
#451=SURFACE_STYLE_USAGE(.BOTH.,#450);
#452=PRESENTATION_STYLE_ASSIGNMENT((#451));
#453=STYLED_ITEM('',(#452),#445);
#454=ADVANCED_FACE('',(#1922),#1924,.T.);
#455=COLOUR_RGB($,0.341176470588235,0.615686274509804,0.427450980392157);
#456=FILL_AREA_STYLE_COLOUR($,#455);
#457=FILL_AREA_STYLE($,(#456));
#458=SURFACE_STYLE_FILL_AREA(#457);
#459=SURFACE_SIDE_STYLE('',(#458));
#460=SURFACE_STYLE_USAGE(.BOTH.,#459);
#461=PRESENTATION_STYLE_ASSIGNMENT((#460));
#462=STYLED_ITEM('',(#461),#454);
#463=ADVANCED_FACE('',(#1929),#1931,.F.);
#464=COLOUR_RGB($,0.341176470588235,0.615686274509804,0.427450980392157);
#465=FILL_AREA_STYLE_COLOUR($,#464);
#466=FILL_AREA_STYLE($,(#465));
#467=SURFACE_STYLE_FILL_AREA(#466);
#468=SURFACE_SIDE_STYLE('',(#467));
#469=SURFACE_STYLE_USAGE(.BOTH.,#468);
#470=PRESENTATION_STYLE_ASSIGNMENT((#469));
#471=STYLED_ITEM('',(#470),#463);
#472=ADVANCED_FACE('',(#1936),#1938,.F.);
#473=COLOUR_RGB($,0.341176470588235,0.615686274509804,0.427450980392157);
#474=FILL_AREA_STYLE_COLOUR($,#473);
#475=FILL_AREA_STYLE($,(#474));
#476=SURFACE_STYLE_FILL_AREA(#475);
#477=SURFACE_SIDE_STYLE('',(#476));
#478=SURFACE_STYLE_USAGE(.BOTH.,#477);
#479=PRESENTATION_STYLE_ASSIGNMENT((#478));
#480=STYLED_ITEM('',(#479),#472);
#481=ADVANCED_FACE('',(#1943),#1945,.F.);
#482=COLOUR_RGB($,0.341176470588235,0.615686274509804,0.427450980392157);
#483=FILL_AREA_STYLE_COLOUR($,#482);
#484=FILL_AREA_STYLE($,(#483));
#485=SURFACE_STYLE_FILL_AREA(#484);
#486=SURFACE_SIDE_STYLE('',(#485));
#487=SURFACE_STYLE_USAGE(.BOTH.,#486);
#488=PRESENTATION_STYLE_ASSIGNMENT((#487));
#489=STYLED_ITEM('',(#488),#481);
#490=ADVANCED_FACE('',(#1950),#1952,.T.);
#491=COLOUR_RGB($,0.341176470588235,0.615686274509804,0.427450980392157);
#492=FILL_AREA_STYLE_COLOUR($,#491);
#493=FILL_AREA_STYLE($,(#492));
#494=SURFACE_STYLE_FILL_AREA(#493);
#495=SURFACE_SIDE_STYLE('',(#494));
#496=SURFACE_STYLE_USAGE(.BOTH.,#495);
#497=PRESENTATION_STYLE_ASSIGNMENT((#496));
#498=STYLED_ITEM('',(#497),#490);
#499=ADVANCED_FACE('',(#1957),#1959,.T.);
#500=COLOUR_RGB($,0.341176470588235,0.615686274509804,0.427450980392157);
#501=FILL_AREA_STYLE_COLOUR($,#500);
#502=FILL_AREA_STYLE($,(#501));
#503=SURFACE_STYLE_FILL_AREA(#502);
#504=SURFACE_SIDE_STYLE('',(#503));
#505=SURFACE_STYLE_USAGE(.BOTH.,#504);
#506=PRESENTATION_STYLE_ASSIGNMENT((#505));
#507=STYLED_ITEM('',(#506),#499);
#508=ADVANCED_FACE('',(#1964),#1966,.F.);
#509=COLOUR_RGB($,0.341176470588235,0.615686274509804,0.427450980392157);
#510=FILL_AREA_STYLE_COLOUR($,#509);
#511=FILL_AREA_STYLE($,(#510));
#512=SURFACE_STYLE_FILL_AREA(#511);
#513=SURFACE_SIDE_STYLE('',(#512));
#514=SURFACE_STYLE_USAGE(.BOTH.,#513);
#515=PRESENTATION_STYLE_ASSIGNMENT((#514));
#516=STYLED_ITEM('',(#515),#508);
#517=ADVANCED_FACE('',(#1971),#1973,.F.);
#518=COLOUR_RGB($,0.341176470588235,0.615686274509804,0.427450980392157);
#519=FILL_AREA_STYLE_COLOUR($,#518);
#520=FILL_AREA_STYLE($,(#519));
#521=SURFACE_STYLE_FILL_AREA(#520);
#522=SURFACE_SIDE_STYLE('',(#521));
#523=SURFACE_STYLE_USAGE(.BOTH.,#522);
#524=PRESENTATION_STYLE_ASSIGNMENT((#523));
#525=STYLED_ITEM('',(#524),#517);
#526=ADVANCED_FACE('',(#1978),#1980,.F.);
#527=COLOUR_RGB($,0.341176470588235,0.615686274509804,0.427450980392157);
#528=FILL_AREA_STYLE_COLOUR($,#527);
#529=FILL_AREA_STYLE($,(#528));
#530=SURFACE_STYLE_FILL_AREA(#529);
#531=SURFACE_SIDE_STYLE('',(#530));
#532=SURFACE_STYLE_USAGE(.BOTH.,#531);
#533=PRESENTATION_STYLE_ASSIGNMENT((#532));
#534=STYLED_ITEM('',(#533),#526);
#535=ADVANCED_FACE('',(#1985),#1987,.F.);
#536=COLOUR_RGB($,0.341176470588235,0.615686274509804,0.427450980392157);
#537=FILL_AREA_STYLE_COLOUR($,#536);
#538=FILL_AREA_STYLE($,(#537));
#539=SURFACE_STYLE_FILL_AREA(#538);
#540=SURFACE_SIDE_STYLE('',(#539));
#541=SURFACE_STYLE_USAGE(.BOTH.,#540);
#542=PRESENTATION_STYLE_ASSIGNMENT((#541));
#543=STYLED_ITEM('',(#542),#535);
#544=ADVANCED_FACE('',(#1992),#1994,.T.);
#545=COLOUR_RGB($,0.341176470588235,0.615686274509804,0.427450980392157);
#546=FILL_AREA_STYLE_COLOUR($,#545);
#547=FILL_AREA_STYLE($,(#546));
#548=SURFACE_STYLE_FILL_AREA(#547);
#549=SURFACE_SIDE_STYLE('',(#548));
#550=SURFACE_STYLE_USAGE(.BOTH.,#549);
#551=PRESENTATION_STYLE_ASSIGNMENT((#550));
#552=STYLED_ITEM('',(#551),#544);
#553=ADVANCED_FACE('',(#1999,#2001),#2003,.T.);
#554=COLOUR_RGB($,0.341176470588235,0.615686274509804,0.427450980392157);
#555=FILL_AREA_STYLE_COLOUR($,#554);
#556=FILL_AREA_STYLE($,(#555));
#557=SURFACE_STYLE_FILL_AREA(#556);
#558=SURFACE_SIDE_STYLE('',(#557));
#559=SURFACE_STYLE_USAGE(.BOTH.,#558);
#560=PRESENTATION_STYLE_ASSIGNMENT((#559));
#561=STYLED_ITEM('',(#560),#553);
#562=ADVANCED_FACE('',(#2008,#2010),#2012,.T.);
#563=COLOUR_RGB($,0.341176470588235,0.615686274509804,0.427450980392157);
#564=FILL_AREA_STYLE_COLOUR($,#563);
#565=FILL_AREA_STYLE($,(#564));
#566=SURFACE_STYLE_FILL_AREA(#565);
#567=SURFACE_SIDE_STYLE('',(#566));
#568=SURFACE_STYLE_USAGE(.BOTH.,#567);
#569=PRESENTATION_STYLE_ASSIGNMENT((#568));
#570=STYLED_ITEM('',(#569),#562);
#571=ADVANCED_FACE('',(#2017),#2019,.T.);
#572=COLOUR_RGB($,0.341176470588235,0.615686274509804,0.427450980392157);
#573=FILL_AREA_STYLE_COLOUR($,#572);
#574=FILL_AREA_STYLE($,(#573));
#575=SURFACE_STYLE_FILL_AREA(#574);
#576=SURFACE_SIDE_STYLE('',(#575));
#577=SURFACE_STYLE_USAGE(.BOTH.,#576);
#578=PRESENTATION_STYLE_ASSIGNMENT((#577));
#579=STYLED_ITEM('',(#578),#571);
#580=ADVANCED_FACE('',(#2024),#2026,.T.);
#581=COLOUR_RGB($,0.341176470588235,0.615686274509804,0.427450980392157);
#582=FILL_AREA_STYLE_COLOUR($,#581);
#583=FILL_AREA_STYLE($,(#582));
#584=SURFACE_STYLE_FILL_AREA(#583);
#585=SURFACE_SIDE_STYLE('',(#584));
#586=SURFACE_STYLE_USAGE(.BOTH.,#585);
#587=PRESENTATION_STYLE_ASSIGNMENT((#586));
#588=STYLED_ITEM('',(#587),#580);
#589=ADVANCED_FACE('',(#2031),#2033,.T.);
#590=COLOUR_RGB($,0.341176470588235,0.615686274509804,0.427450980392157);
#591=FILL_AREA_STYLE_COLOUR($,#590);
#592=FILL_AREA_STYLE($,(#591));
#593=SURFACE_STYLE_FILL_AREA(#592);
#594=SURFACE_SIDE_STYLE('',(#593));
#595=SURFACE_STYLE_USAGE(.BOTH.,#594);
#596=PRESENTATION_STYLE_ASSIGNMENT((#595));
#597=STYLED_ITEM('',(#596),#589);
#598=ADVANCED_FACE('',(#2038),#2040,.T.);
#599=COLOUR_RGB($,0.341176470588235,0.615686274509804,0.427450980392157);
#600=FILL_AREA_STYLE_COLOUR($,#599);
#601=FILL_AREA_STYLE($,(#600));
#602=SURFACE_STYLE_FILL_AREA(#601);
#603=SURFACE_SIDE_STYLE('',(#602));
#604=SURFACE_STYLE_USAGE(.BOTH.,#603);
#605=PRESENTATION_STYLE_ASSIGNMENT((#604));
#606=STYLED_ITEM('',(#605),#598);
#607=ADVANCED_FACE('',(#2045),#2047,.T.);
#608=COLOUR_RGB($,0.341176470588235,0.615686274509804,0.427450980392157);
#609=FILL_AREA_STYLE_COLOUR($,#608);
#610=FILL_AREA_STYLE($,(#609));
#611=SURFACE_STYLE_FILL_AREA(#610);
#612=SURFACE_SIDE_STYLE('',(#611));
#613=SURFACE_STYLE_USAGE(.BOTH.,#612);
#614=PRESENTATION_STYLE_ASSIGNMENT((#613));
#615=STYLED_ITEM('',(#614),#607);
#616=ADVANCED_FACE('',(#2052),#2054,.T.);
#617=COLOUR_RGB($,0.341176470588235,0.615686274509804,0.427450980392157);
#618=FILL_AREA_STYLE_COLOUR($,#617);
#619=FILL_AREA_STYLE($,(#618));
#620=SURFACE_STYLE_FILL_AREA(#619);
#621=SURFACE_SIDE_STYLE('',(#620));
#622=SURFACE_STYLE_USAGE(.BOTH.,#621);
#623=PRESENTATION_STYLE_ASSIGNMENT((#622));
#624=STYLED_ITEM('',(#623),#616);
#625=ADVANCED_FACE('',(#2059),#2061,.F.);
#626=COLOUR_RGB($,0.341176470588235,0.615686274509804,0.427450980392157);
#627=FILL_AREA_STYLE_COLOUR($,#626);
#628=FILL_AREA_STYLE($,(#627));
#629=SURFACE_STYLE_FILL_AREA(#628);
#630=SURFACE_SIDE_STYLE('',(#629));
#631=SURFACE_STYLE_USAGE(.BOTH.,#630);
#632=PRESENTATION_STYLE_ASSIGNMENT((#631));
#633=STYLED_ITEM('',(#632),#625);
#634=ADVANCED_FACE('',(#2066),#2068,.T.);
#635=COLOUR_RGB($,0.341176470588235,0.615686274509804,0.427450980392157);
#636=FILL_AREA_STYLE_COLOUR($,#635);
#637=FILL_AREA_STYLE($,(#636));
#638=SURFACE_STYLE_FILL_AREA(#637);
#639=SURFACE_SIDE_STYLE('',(#638));
#640=SURFACE_STYLE_USAGE(.BOTH.,#639);
#641=PRESENTATION_STYLE_ASSIGNMENT((#640));
#642=STYLED_ITEM('',(#641),#634);
#643=ADVANCED_FACE('',(#2073),#2075,.F.);
#644=COLOUR_RGB($,0.341176470588235,0.615686274509804,0.427450980392157);
#645=FILL_AREA_STYLE_COLOUR($,#644);
#646=FILL_AREA_STYLE($,(#645));
#647=SURFACE_STYLE_FILL_AREA(#646);
#648=SURFACE_SIDE_STYLE('',(#647));
#649=SURFACE_STYLE_USAGE(.BOTH.,#648);
#650=PRESENTATION_STYLE_ASSIGNMENT((#649));
#651=STYLED_ITEM('',(#650),#643);
#652=ADVANCED_FACE('',(#2080),#2082,.F.);
#653=COLOUR_RGB($,0.341176470588235,0.615686274509804,0.427450980392157);
#654=FILL_AREA_STYLE_COLOUR($,#653);
#655=FILL_AREA_STYLE($,(#654));
#656=SURFACE_STYLE_FILL_AREA(#655);
#657=SURFACE_SIDE_STYLE('',(#656));
#658=SURFACE_STYLE_USAGE(.BOTH.,#657);
#659=PRESENTATION_STYLE_ASSIGNMENT((#658));
#660=STYLED_ITEM('',(#659),#652);
#661=ADVANCED_FACE('',(#2087),#2089,.T.);
#662=COLOUR_RGB($,0.341176470588235,0.615686274509804,0.427450980392157);
#663=FILL_AREA_STYLE_COLOUR($,#662);
#664=FILL_AREA_STYLE($,(#663));
#665=SURFACE_STYLE_FILL_AREA(#664);
#666=SURFACE_SIDE_STYLE('',(#665));
#667=SURFACE_STYLE_USAGE(.BOTH.,#666);
#668=PRESENTATION_STYLE_ASSIGNMENT((#667));
#669=STYLED_ITEM('',(#668),#661);
#670=ADVANCED_FACE('',(#2094),#2096,.F.);
#671=COLOUR_RGB($,0.341176470588235,0.615686274509804,0.427450980392157);
#672=FILL_AREA_STYLE_COLOUR($,#671);
#673=FILL_AREA_STYLE($,(#672));
#674=SURFACE_STYLE_FILL_AREA(#673);
#675=SURFACE_SIDE_STYLE('',(#674));
#676=SURFACE_STYLE_USAGE(.BOTH.,#675);
#677=PRESENTATION_STYLE_ASSIGNMENT((#676));
#678=STYLED_ITEM('',(#677),#670);
#679=ADVANCED_FACE('',(#2101),#2103,.T.);
#680=COLOUR_RGB($,0.341176470588235,0.615686274509804,0.427450980392157);
#681=FILL_AREA_STYLE_COLOUR($,#680);
#682=FILL_AREA_STYLE($,(#681));
#683=SURFACE_STYLE_FILL_AREA(#682);
#684=SURFACE_SIDE_STYLE('',(#683));
#685=SURFACE_STYLE_USAGE(.BOTH.,#684);
#686=PRESENTATION_STYLE_ASSIGNMENT((#685));
#687=STYLED_ITEM('',(#686),#679);
#688=ADVANCED_FACE('',(#2108),#2110,.T.);
#689=COLOUR_RGB($,0.341176470588235,0.615686274509804,0.427450980392157);
#690=FILL_AREA_STYLE_COLOUR($,#689);
#691=FILL_AREA_STYLE($,(#690));
#692=SURFACE_STYLE_FILL_AREA(#691);
#693=SURFACE_SIDE_STYLE('',(#692));
#694=SURFACE_STYLE_USAGE(.BOTH.,#693);
#695=PRESENTATION_STYLE_ASSIGNMENT((#694));
#696=STYLED_ITEM('',(#695),#688);
#697=ADVANCED_FACE('',(#2115),#2117,.T.);
#698=COLOUR_RGB($,0.341176470588235,0.615686274509804,0.427450980392157);
#699=FILL_AREA_STYLE_COLOUR($,#698);
#700=FILL_AREA_STYLE($,(#699));
#701=SURFACE_STYLE_FILL_AREA(#700);
#702=SURFACE_SIDE_STYLE('',(#701));
#703=SURFACE_STYLE_USAGE(.BOTH.,#702);
#704=PRESENTATION_STYLE_ASSIGNMENT((#703));
#705=STYLED_ITEM('',(#704),#697);
#706=ADVANCED_FACE('',(#2122),#2124,.F.);
#707=COLOUR_RGB($,0.341176470588235,0.615686274509804,0.427450980392157);
#708=FILL_AREA_STYLE_COLOUR($,#707);
#709=FILL_AREA_STYLE($,(#708));
#710=SURFACE_STYLE_FILL_AREA(#709);
#711=SURFACE_SIDE_STYLE('',(#710));
#712=SURFACE_STYLE_USAGE(.BOTH.,#711);
#713=PRESENTATION_STYLE_ASSIGNMENT((#712));
#714=STYLED_ITEM('',(#713),#706);
#715=ADVANCED_FACE('',(#2129),#2131,.F.);
#716=COLOUR_RGB($,0.341176470588235,0.615686274509804,0.427450980392157);
#717=FILL_AREA_STYLE_COLOUR($,#716);
#718=FILL_AREA_STYLE($,(#717));
#719=SURFACE_STYLE_FILL_AREA(#718);
#720=SURFACE_SIDE_STYLE('',(#719));
#721=SURFACE_STYLE_USAGE(.BOTH.,#720);
#722=PRESENTATION_STYLE_ASSIGNMENT((#721));
#723=STYLED_ITEM('',(#722),#715);
#724=ADVANCED_FACE('',(#2136),#2138,.T.);
#725=COLOUR_RGB($,0.341176470588235,0.615686274509804,0.427450980392157);
#726=FILL_AREA_STYLE_COLOUR($,#725);
#727=FILL_AREA_STYLE($,(#726));
#728=SURFACE_STYLE_FILL_AREA(#727);
#729=SURFACE_SIDE_STYLE('',(#728));
#730=SURFACE_STYLE_USAGE(.BOTH.,#729);
#731=PRESENTATION_STYLE_ASSIGNMENT((#730));
#732=STYLED_ITEM('',(#731),#724);
#733=ADVANCED_FACE('',(#2143),#2145,.F.);
#734=COLOUR_RGB($,0.341176470588235,0.615686274509804,0.427450980392157);
#735=FILL_AREA_STYLE_COLOUR($,#734);
#736=FILL_AREA_STYLE($,(#735));
#737=SURFACE_STYLE_FILL_AREA(#736);
#738=SURFACE_SIDE_STYLE('',(#737));
#739=SURFACE_STYLE_USAGE(.BOTH.,#738);
#740=PRESENTATION_STYLE_ASSIGNMENT((#739));
#741=STYLED_ITEM('',(#740),#733);
#742=ADVANCED_FACE('',(#2150),#2152,.T.);
#743=COLOUR_RGB($,0.341176470588235,0.615686274509804,0.427450980392157);
#744=FILL_AREA_STYLE_COLOUR($,#743);
#745=FILL_AREA_STYLE($,(#744));
#746=SURFACE_STYLE_FILL_AREA(#745);
#747=SURFACE_SIDE_STYLE('',(#746));
#748=SURFACE_STYLE_USAGE(.BOTH.,#747);
#749=PRESENTATION_STYLE_ASSIGNMENT((#748));
#750=STYLED_ITEM('',(#749),#742);
#751=ADVANCED_FACE('',(#2157),#2159,.T.);
#752=COLOUR_RGB($,0.341176470588235,0.615686274509804,0.427450980392157);
#753=FILL_AREA_STYLE_COLOUR($,#752);
#754=FILL_AREA_STYLE($,(#753));
#755=SURFACE_STYLE_FILL_AREA(#754);
#756=SURFACE_SIDE_STYLE('',(#755));
#757=SURFACE_STYLE_USAGE(.BOTH.,#756);
#758=PRESENTATION_STYLE_ASSIGNMENT((#757));
#759=STYLED_ITEM('',(#758),#751);
#760=ADVANCED_FACE('',(#2164),#2166,.T.);
#761=COLOUR_RGB($,0.341176470588235,0.615686274509804,0.427450980392157);
#762=FILL_AREA_STYLE_COLOUR($,#761);
#763=FILL_AREA_STYLE($,(#762));
#764=SURFACE_STYLE_FILL_AREA(#763);
#765=SURFACE_SIDE_STYLE('',(#764));
#766=SURFACE_STYLE_USAGE(.BOTH.,#765);
#767=PRESENTATION_STYLE_ASSIGNMENT((#766));
#768=STYLED_ITEM('',(#767),#760);
#769=ADVANCED_FACE('',(#2171),#2173,.T.);
#770=COLOUR_RGB($,0.341176470588235,0.615686274509804,0.427450980392157);
#771=FILL_AREA_STYLE_COLOUR($,#770);
#772=FILL_AREA_STYLE($,(#771));
#773=SURFACE_STYLE_FILL_AREA(#772);
#774=SURFACE_SIDE_STYLE('',(#773));
#775=SURFACE_STYLE_USAGE(.BOTH.,#774);
#776=PRESENTATION_STYLE_ASSIGNMENT((#775));
#777=STYLED_ITEM('',(#776),#769);
#778=ADVANCED_FACE('',(#2178),#2180,.T.);
#779=COLOUR_RGB($,0.341176470588235,0.615686274509804,0.427450980392157);
#780=FILL_AREA_STYLE_COLOUR($,#779);
#781=FILL_AREA_STYLE($,(#780));
#782=SURFACE_STYLE_FILL_AREA(#781);
#783=SURFACE_SIDE_STYLE('',(#782));
#784=SURFACE_STYLE_USAGE(.BOTH.,#783);
#785=PRESENTATION_STYLE_ASSIGNMENT((#784));
#786=STYLED_ITEM('',(#785),#778);
#787=ADVANCED_FACE('',(#2185,#2187),#2189,.F.);
#788=COLOUR_RGB($,0.341176470588235,0.615686274509804,0.427450980392157);
#789=FILL_AREA_STYLE_COLOUR($,#788);
#790=FILL_AREA_STYLE($,(#789));
#791=SURFACE_STYLE_FILL_AREA(#790);
#792=SURFACE_SIDE_STYLE('',(#791));
#793=SURFACE_STYLE_USAGE(.BOTH.,#792);
#794=PRESENTATION_STYLE_ASSIGNMENT((#793));
#795=STYLED_ITEM('',(#794),#787);
#796=ADVANCED_FACE('',(#2194,#2196),#2198,.F.);
#797=COLOUR_RGB($,0.341176470588235,0.615686274509804,0.427450980392157);
#798=FILL_AREA_STYLE_COLOUR($,#797);
#799=FILL_AREA_STYLE($,(#798));
#800=SURFACE_STYLE_FILL_AREA(#799);
#801=SURFACE_SIDE_STYLE('',(#800));
#802=SURFACE_STYLE_USAGE(.BOTH.,#801);
#803=PRESENTATION_STYLE_ASSIGNMENT((#802));
#804=STYLED_ITEM('',(#803),#796);
#805=ADVANCED_FACE('',(#2203),#2205,.F.);
#806=COLOUR_RGB($,0.341176470588235,0.615686274509804,0.427450980392157);
#807=FILL_AREA_STYLE_COLOUR($,#806);
#808=FILL_AREA_STYLE($,(#807));
#809=SURFACE_STYLE_FILL_AREA(#808);
#810=SURFACE_SIDE_STYLE('',(#809));
#811=SURFACE_STYLE_USAGE(.BOTH.,#810);
#812=PRESENTATION_STYLE_ASSIGNMENT((#811));
#813=STYLED_ITEM('',(#812),#805);
#814=ADVANCED_FACE('',(#2210),#2212,.F.);
#815=COLOUR_RGB($,0.341176470588235,0.615686274509804,0.427450980392157);
#816=FILL_AREA_STYLE_COLOUR($,#815);
#817=FILL_AREA_STYLE($,(#816));
#818=SURFACE_STYLE_FILL_AREA(#817);
#819=SURFACE_SIDE_STYLE('',(#818));
#820=SURFACE_STYLE_USAGE(.BOTH.,#819);
#821=PRESENTATION_STYLE_ASSIGNMENT((#820));
#822=STYLED_ITEM('',(#821),#814);
#823=ADVANCED_FACE('',(#2217),#2219,.T.);
#824=COLOUR_RGB($,0.341176470588235,0.615686274509804,0.427450980392157);
#825=FILL_AREA_STYLE_COLOUR($,#824);
#826=FILL_AREA_STYLE($,(#825));
#827=SURFACE_STYLE_FILL_AREA(#826);
#828=SURFACE_SIDE_STYLE('',(#827));
#829=SURFACE_STYLE_USAGE(.BOTH.,#828);
#830=PRESENTATION_STYLE_ASSIGNMENT((#829));
#831=STYLED_ITEM('',(#830),#823);
#832=ADVANCED_FACE('',(#2224,#2226),#2228,.F.);
#833=COLOUR_RGB($,0.341176470588235,0.615686274509804,0.427450980392157);
#834=FILL_AREA_STYLE_COLOUR($,#833);
#835=FILL_AREA_STYLE($,(#834));
#836=SURFACE_STYLE_FILL_AREA(#835);
#837=SURFACE_SIDE_STYLE('',(#836));
#838=SURFACE_STYLE_USAGE(.BOTH.,#837);
#839=PRESENTATION_STYLE_ASSIGNMENT((#838));
#840=STYLED_ITEM('',(#839),#832);
#841=ADVANCED_FACE('',(#2233),#2235,.T.);
#842=COLOUR_RGB($,0.341176470588235,0.615686274509804,0.427450980392157);
#843=FILL_AREA_STYLE_COLOUR($,#842);
#844=FILL_AREA_STYLE($,(#843));
#845=SURFACE_STYLE_FILL_AREA(#844);
#846=SURFACE_SIDE_STYLE('',(#845));
#847=SURFACE_STYLE_USAGE(.BOTH.,#846);
#848=PRESENTATION_STYLE_ASSIGNMENT((#847));
#849=STYLED_ITEM('',(#848),#841);
#850=ADVANCED_FACE('',(#2240),#2242,.F.);
#851=COLOUR_RGB($,0.341176470588235,0.615686274509804,0.427450980392157);
#852=FILL_AREA_STYLE_COLOUR($,#851);
#853=FILL_AREA_STYLE($,(#852));
#854=SURFACE_STYLE_FILL_AREA(#853);
#855=SURFACE_SIDE_STYLE('',(#854));
#856=SURFACE_STYLE_USAGE(.BOTH.,#855);
#857=PRESENTATION_STYLE_ASSIGNMENT((#856));
#858=STYLED_ITEM('',(#857),#850);
#859=ADVANCED_FACE('',(#2247),#2249,.F.);
#860=COLOUR_RGB($,0.341176470588235,0.615686274509804,0.427450980392157);
#861=FILL_AREA_STYLE_COLOUR($,#860);
#862=FILL_AREA_STYLE($,(#861));
#863=SURFACE_STYLE_FILL_AREA(#862);
#864=SURFACE_SIDE_STYLE('',(#863));
#865=SURFACE_STYLE_USAGE(.BOTH.,#864);
#866=PRESENTATION_STYLE_ASSIGNMENT((#865));
#867=STYLED_ITEM('',(#866),#859);
#868=ADVANCED_FACE('',(#2254),#2256,.F.);
#869=COLOUR_RGB($,0.341176470588235,0.615686274509804,0.427450980392157);
#870=FILL_AREA_STYLE_COLOUR($,#869);
#871=FILL_AREA_STYLE($,(#870));
#872=SURFACE_STYLE_FILL_AREA(#871);
#873=SURFACE_SIDE_STYLE('',(#872));
#874=SURFACE_STYLE_USAGE(.BOTH.,#873);
#875=PRESENTATION_STYLE_ASSIGNMENT((#874));
#876=STYLED_ITEM('',(#875),#868);
#877=ADVANCED_FACE('',(#2261),#2263,.T.);
#878=COLOUR_RGB($,0.341176470588235,0.615686274509804,0.427450980392157);
#879=FILL_AREA_STYLE_COLOUR($,#878);
#880=FILL_AREA_STYLE($,(#879));
#881=SURFACE_STYLE_FILL_AREA(#880);
#882=SURFACE_SIDE_STYLE('',(#881));
#883=SURFACE_STYLE_USAGE(.BOTH.,#882);
#884=PRESENTATION_STYLE_ASSIGNMENT((#883));
#885=STYLED_ITEM('',(#884),#877);
#886=ADVANCED_FACE('',(#2268,#2270),#2272,.F.);
#887=COLOUR_RGB($,0.341176470588235,0.615686274509804,0.427450980392157);
#888=FILL_AREA_STYLE_COLOUR($,#887);
#889=FILL_AREA_STYLE($,(#888));
#890=SURFACE_STYLE_FILL_AREA(#889);
#891=SURFACE_SIDE_STYLE('',(#890));
#892=SURFACE_STYLE_USAGE(.BOTH.,#891);
#893=PRESENTATION_STYLE_ASSIGNMENT((#892));
#894=STYLED_ITEM('',(#893),#886);
#895=ADVANCED_FACE('',(#2277),#2279,.T.);
#896=COLOUR_RGB($,0.341176470588235,0.615686274509804,0.427450980392157);
#897=FILL_AREA_STYLE_COLOUR($,#896);
#898=FILL_AREA_STYLE($,(#897));
#899=SURFACE_STYLE_FILL_AREA(#898);
#900=SURFACE_SIDE_STYLE('',(#899));
#901=SURFACE_STYLE_USAGE(.BOTH.,#900);
#902=PRESENTATION_STYLE_ASSIGNMENT((#901));
#903=STYLED_ITEM('',(#902),#895);
#904=ADVANCED_FACE('',(#2284),#2286,.F.);
#905=COLOUR_RGB($,0.341176470588235,0.615686274509804,0.427450980392157);
#906=FILL_AREA_STYLE_COLOUR($,#905);
#907=FILL_AREA_STYLE($,(#906));
#908=SURFACE_STYLE_FILL_AREA(#907);
#909=SURFACE_SIDE_STYLE('',(#908));
#910=SURFACE_STYLE_USAGE(.BOTH.,#909);
#911=PRESENTATION_STYLE_ASSIGNMENT((#910));
#912=STYLED_ITEM('',(#911),#904);
#913=ADVANCED_FACE('',(#2291),#2293,.F.);
#914=COLOUR_RGB($,0.341176470588235,0.615686274509804,0.427450980392157);
#915=FILL_AREA_STYLE_COLOUR($,#914);
#916=FILL_AREA_STYLE($,(#915));
#917=SURFACE_STYLE_FILL_AREA(#916);
#918=SURFACE_SIDE_STYLE('',(#917));
#919=SURFACE_STYLE_USAGE(.BOTH.,#918);
#920=PRESENTATION_STYLE_ASSIGNMENT((#919));
#921=STYLED_ITEM('',(#920),#913);
#922=ADVANCED_FACE('',(#2298),#2300,.F.);
#923=COLOUR_RGB($,0.341176470588235,0.615686274509804,0.427450980392157);
#924=FILL_AREA_STYLE_COLOUR($,#923);
#925=FILL_AREA_STYLE($,(#924));
#926=SURFACE_STYLE_FILL_AREA(#925);
#927=SURFACE_SIDE_STYLE('',(#926));
#928=SURFACE_STYLE_USAGE(.BOTH.,#927);
#929=PRESENTATION_STYLE_ASSIGNMENT((#928));
#930=STYLED_ITEM('',(#929),#922);
#931=ADVANCED_FACE('',(#2305,#2307),#2309,.F.);
#932=COLOUR_RGB($,0.341176470588235,0.615686274509804,0.427450980392157);
#933=FILL_AREA_STYLE_COLOUR($,#932);
#934=FILL_AREA_STYLE($,(#933));
#935=SURFACE_STYLE_FILL_AREA(#934);
#936=SURFACE_SIDE_STYLE('',(#935));
#937=SURFACE_STYLE_USAGE(.BOTH.,#936);
#938=PRESENTATION_STYLE_ASSIGNMENT((#937));
#939=STYLED_ITEM('',(#938),#931);
#940=ADVANCED_FACE('',(#2314,#2316),#2318,.F.);
#941=COLOUR_RGB($,0.341176470588235,0.615686274509804,0.427450980392157);
#942=FILL_AREA_STYLE_COLOUR($,#941);
#943=FILL_AREA_STYLE($,(#942));
#944=SURFACE_STYLE_FILL_AREA(#943);
#945=SURFACE_SIDE_STYLE('',(#944));
#946=SURFACE_STYLE_USAGE(.BOTH.,#945);
#947=PRESENTATION_STYLE_ASSIGNMENT((#946));
#948=STYLED_ITEM('',(#947),#940);
#949=ADVANCED_FACE('',(#2323),#2325,.F.);
#950=COLOUR_RGB($,0.341176470588235,0.615686274509804,0.427450980392157);
#951=FILL_AREA_STYLE_COLOUR($,#950);
#952=FILL_AREA_STYLE($,(#951));
#953=SURFACE_STYLE_FILL_AREA(#952);
#954=SURFACE_SIDE_STYLE('',(#953));
#955=SURFACE_STYLE_USAGE(.BOTH.,#954);
#956=PRESENTATION_STYLE_ASSIGNMENT((#955));
#957=STYLED_ITEM('',(#956),#949);
#958=ADVANCED_FACE('',(#2330),#2332,.F.);
#959=COLOUR_RGB($,0.341176470588235,0.615686274509804,0.427450980392157);
#960=FILL_AREA_STYLE_COLOUR($,#959);
#961=FILL_AREA_STYLE($,(#960));
#962=SURFACE_STYLE_FILL_AREA(#961);
#963=SURFACE_SIDE_STYLE('',(#962));
#964=SURFACE_STYLE_USAGE(.BOTH.,#963);
#965=PRESENTATION_STYLE_ASSIGNMENT((#964));
#966=STYLED_ITEM('',(#965),#958);
#967=ADVANCED_FACE('',(#2337),#2339,.F.);
#968=COLOUR_RGB($,0.341176470588235,0.615686274509804,0.427450980392157);
#969=FILL_AREA_STYLE_COLOUR($,#968);
#970=FILL_AREA_STYLE($,(#969));
#971=SURFACE_STYLE_FILL_AREA(#970);
#972=SURFACE_SIDE_STYLE('',(#971));
#973=SURFACE_STYLE_USAGE(.BOTH.,#972);
#974=PRESENTATION_STYLE_ASSIGNMENT((#973));
#975=STYLED_ITEM('',(#974),#967);
#976=ADVANCED_FACE('',(#2344),#2346,.F.);
#977=COLOUR_RGB($,0.341176470588235,0.615686274509804,0.427450980392157);
#978=FILL_AREA_STYLE_COLOUR($,#977);
#979=FILL_AREA_STYLE($,(#978));
#980=SURFACE_STYLE_FILL_AREA(#979);
#981=SURFACE_SIDE_STYLE('',(#980));
#982=SURFACE_STYLE_USAGE(.BOTH.,#981);
#983=PRESENTATION_STYLE_ASSIGNMENT((#982));
#984=STYLED_ITEM('',(#983),#976);
#985=ADVANCED_FACE('',(#2351),#2353,.F.);
#986=COLOUR_RGB($,0.341176470588235,0.615686274509804,0.427450980392157);
#987=FILL_AREA_STYLE_COLOUR($,#986);
#988=FILL_AREA_STYLE($,(#987));
#989=SURFACE_STYLE_FILL_AREA(#988);
#990=SURFACE_SIDE_STYLE('',(#989));
#991=SURFACE_STYLE_USAGE(.BOTH.,#990);
#992=PRESENTATION_STYLE_ASSIGNMENT((#991));
#993=STYLED_ITEM('',(#992),#985);
#994=ADVANCED_FACE('',(#2358),#2360,.F.);
#995=COLOUR_RGB($,0.341176470588235,0.615686274509804,0.427450980392157);
#996=FILL_AREA_STYLE_COLOUR($,#995);
#997=FILL_AREA_STYLE($,(#996));
#998=SURFACE_STYLE_FILL_AREA(#997);
#999=SURFACE_SIDE_STYLE('',(#998));
#1000=SURFACE_STYLE_USAGE(.BOTH.,#999);
#1001=PRESENTATION_STYLE_ASSIGNMENT((#1000));
#1002=STYLED_ITEM('',(#1001),#994);
#1003=ADVANCED_FACE('',(#2365),#2367,.F.);
#1004=COLOUR_RGB($,0.341176470588235,0.615686274509804,0.427450980392157);
#1005=FILL_AREA_STYLE_COLOUR($,#1004);
#1006=FILL_AREA_STYLE($,(#1005));
#1007=SURFACE_STYLE_FILL_AREA(#1006);
#1008=SURFACE_SIDE_STYLE('',(#1007));
#1009=SURFACE_STYLE_USAGE(.BOTH.,#1008);
#1010=PRESENTATION_STYLE_ASSIGNMENT((#1009));
#1011=STYLED_ITEM('',(#1010),#1003);
#1012=ADVANCED_FACE('',(#2372),#2374,.F.);
#1013=COLOUR_RGB($,0.341176470588235,0.615686274509804,0.427450980392157);
#1014=FILL_AREA_STYLE_COLOUR($,#1013);
#1015=FILL_AREA_STYLE($,(#1014));
#1016=SURFACE_STYLE_FILL_AREA(#1015);
#1017=SURFACE_SIDE_STYLE('',(#1016));
#1018=SURFACE_STYLE_USAGE(.BOTH.,#1017);
#1019=PRESENTATION_STYLE_ASSIGNMENT((#1018));
#1020=STYLED_ITEM('',(#1019),#1012);
#1021=ADVANCED_FACE('',(#2379),#2381,.F.);
#1022=COLOUR_RGB($,0.341176470588235,0.615686274509804,0.427450980392157);
#1023=FILL_AREA_STYLE_COLOUR($,#1022);
#1024=FILL_AREA_STYLE($,(#1023));
#1025=SURFACE_STYLE_FILL_AREA(#1024);
#1026=SURFACE_SIDE_STYLE('',(#1025));
#1027=SURFACE_STYLE_USAGE(.BOTH.,#1026);
#1028=PRESENTATION_STYLE_ASSIGNMENT((#1027));
#1029=STYLED_ITEM('',(#1028),#1021);
#1030=ADVANCED_FACE('',(#2386),#2388,.F.);
#1031=COLOUR_RGB($,0.341176470588235,0.615686274509804,0.427450980392157);
#1032=FILL_AREA_STYLE_COLOUR($,#1031);
#1033=FILL_AREA_STYLE($,(#1032));
#1034=SURFACE_STYLE_FILL_AREA(#1033);
#1035=SURFACE_SIDE_STYLE('',(#1034));
#1036=SURFACE_STYLE_USAGE(.BOTH.,#1035);
#1037=PRESENTATION_STYLE_ASSIGNMENT((#1036));
#1038=STYLED_ITEM('',(#1037),#1030);
#1039=ADVANCED_FACE('',(#2393),#2395,.F.);
#1040=COLOUR_RGB($,0.341176470588235,0.615686274509804,0.427450980392157);
#1041=FILL_AREA_STYLE_COLOUR($,#1040);
#1042=FILL_AREA_STYLE($,(#1041));
#1043=SURFACE_STYLE_FILL_AREA(#1042);
#1044=SURFACE_SIDE_STYLE('',(#1043));
#1045=SURFACE_STYLE_USAGE(.BOTH.,#1044);
#1046=PRESENTATION_STYLE_ASSIGNMENT((#1045));
#1047=STYLED_ITEM('',(#1046),#1039);
#1048=ADVANCED_FACE('',(#2400,#2402),#2404,.F.);
#1049=COLOUR_RGB($,0.341176470588235,0.615686274509804,0.427450980392157);
#1050=FILL_AREA_STYLE_COLOUR($,#1049);
#1051=FILL_AREA_STYLE($,(#1050));
#1052=SURFACE_STYLE_FILL_AREA(#1051);
#1053=SURFACE_SIDE_STYLE('',(#1052));
#1054=SURFACE_STYLE_USAGE(.BOTH.,#1053);
#1055=PRESENTATION_STYLE_ASSIGNMENT((#1054));
#1056=STYLED_ITEM('',(#1055),#1048);
#1057=ADVANCED_FACE('',(#2409),#2411,.F.);
#1058=COLOUR_RGB($,0.341176470588235,0.615686274509804,0.427450980392157);
#1059=FILL_AREA_STYLE_COLOUR($,#1058);
#1060=FILL_AREA_STYLE($,(#1059));
#1061=SURFACE_STYLE_FILL_AREA(#1060);
#1062=SURFACE_SIDE_STYLE('',(#1061));
#1063=SURFACE_STYLE_USAGE(.BOTH.,#1062);
#1064=PRESENTATION_STYLE_ASSIGNMENT((#1063));
#1065=STYLED_ITEM('',(#1064),#1057);
#1066=ADVANCED_FACE('',(#2416),#2418,.F.);
#1067=COLOUR_RGB($,0.341176470588235,0.615686274509804,0.427450980392157);
#1068=FILL_AREA_STYLE_COLOUR($,#1067);
#1069=FILL_AREA_STYLE($,(#1068));
#1070=SURFACE_STYLE_FILL_AREA(#1069);
#1071=SURFACE_SIDE_STYLE('',(#1070));
#1072=SURFACE_STYLE_USAGE(.BOTH.,#1071);
#1073=PRESENTATION_STYLE_ASSIGNMENT((#1072));
#1074=STYLED_ITEM('',(#1073),#1066);
#1075=ADVANCED_FACE('',(#2423),#2425,.F.);
#1076=COLOUR_RGB($,0.341176470588235,0.615686274509804,0.427450980392157);
#1077=FILL_AREA_STYLE_COLOUR($,#1076);
#1078=FILL_AREA_STYLE($,(#1077));
#1079=SURFACE_STYLE_FILL_AREA(#1078);
#1080=SURFACE_SIDE_STYLE('',(#1079));
#1081=SURFACE_STYLE_USAGE(.BOTH.,#1080);
#1082=PRESENTATION_STYLE_ASSIGNMENT((#1081));
#1083=STYLED_ITEM('',(#1082),#1075);
#1084=ADVANCED_FACE('',(#2430),#2432,.F.);
#1085=COLOUR_RGB($,0.341176470588235,0.615686274509804,0.427450980392157);
#1086=FILL_AREA_STYLE_COLOUR($,#1085);
#1087=FILL_AREA_STYLE($,(#1086));
#1088=SURFACE_STYLE_FILL_AREA(#1087);
#1089=SURFACE_SIDE_STYLE('',(#1088));
#1090=SURFACE_STYLE_USAGE(.BOTH.,#1089);
#1091=PRESENTATION_STYLE_ASSIGNMENT((#1090));
#1092=STYLED_ITEM('',(#1091),#1084);
#1093=ADVANCED_FACE('',(#2437),#2439,.F.);
#1094=COLOUR_RGB($,0.341176470588235,0.615686274509804,0.427450980392157);
#1095=FILL_AREA_STYLE_COLOUR($,#1094);
#1096=FILL_AREA_STYLE($,(#1095));
#1097=SURFACE_STYLE_FILL_AREA(#1096);
#1098=SURFACE_SIDE_STYLE('',(#1097));
#1099=SURFACE_STYLE_USAGE(.BOTH.,#1098);
#1100=PRESENTATION_STYLE_ASSIGNMENT((#1099));
#1101=STYLED_ITEM('',(#1100),#1093);
#1102=ADVANCED_FACE('',(#2444),#2446,.F.);
#1103=COLOUR_RGB($,0.341176470588235,0.615686274509804,0.427450980392157);
#1104=FILL_AREA_STYLE_COLOUR($,#1103);
#1105=FILL_AREA_STYLE($,(#1104));
#1106=SURFACE_STYLE_FILL_AREA(#1105);
#1107=SURFACE_SIDE_STYLE('',(#1106));
#1108=SURFACE_STYLE_USAGE(.BOTH.,#1107);
#1109=PRESENTATION_STYLE_ASSIGNMENT((#1108));
#1110=STYLED_ITEM('',(#1109),#1102);
#1111=ADVANCED_FACE('',(#2451),#2453,.F.);
#1112=COLOUR_RGB($,0.341176470588235,0.615686274509804,0.427450980392157);
#1113=FILL_AREA_STYLE_COLOUR($,#1112);
#1114=FILL_AREA_STYLE($,(#1113));
#1115=SURFACE_STYLE_FILL_AREA(#1114);
#1116=SURFACE_SIDE_STYLE('',(#1115));
#1117=SURFACE_STYLE_USAGE(.BOTH.,#1116);
#1118=PRESENTATION_STYLE_ASSIGNMENT((#1117));
#1119=STYLED_ITEM('',(#1118),#1111);
#1120=ADVANCED_FACE('',(#2458),#2460,.F.);
#1121=COLOUR_RGB($,0.341176470588235,0.615686274509804,0.427450980392157);
#1122=FILL_AREA_STYLE_COLOUR($,#1121);
#1123=FILL_AREA_STYLE($,(#1122));
#1124=SURFACE_STYLE_FILL_AREA(#1123);
#1125=SURFACE_SIDE_STYLE('',(#1124));
#1126=SURFACE_STYLE_USAGE(.BOTH.,#1125);
#1127=PRESENTATION_STYLE_ASSIGNMENT((#1126));
#1128=STYLED_ITEM('',(#1127),#1120);
#1129=ADVANCED_FACE('',(#2465),#2467,.F.);
#1130=COLOUR_RGB($,0.341176470588235,0.615686274509804,0.427450980392157);
#1131=FILL_AREA_STYLE_COLOUR($,#1130);
#1132=FILL_AREA_STYLE($,(#1131));
#1133=SURFACE_STYLE_FILL_AREA(#1132);
#1134=SURFACE_SIDE_STYLE('',(#1133));
#1135=SURFACE_STYLE_USAGE(.BOTH.,#1134);
#1136=PRESENTATION_STYLE_ASSIGNMENT((#1135));
#1137=STYLED_ITEM('',(#1136),#1129);
#1138=ADVANCED_FACE('',(#2472),#2474,.F.);
#1139=COLOUR_RGB($,0.341176470588235,0.615686274509804,0.427450980392157);
#1140=FILL_AREA_STYLE_COLOUR($,#1139);
#1141=FILL_AREA_STYLE($,(#1140));
#1142=SURFACE_STYLE_FILL_AREA(#1141);
#1143=SURFACE_SIDE_STYLE('',(#1142));
#1144=SURFACE_STYLE_USAGE(.BOTH.,#1143);
#1145=PRESENTATION_STYLE_ASSIGNMENT((#1144));
#1146=STYLED_ITEM('',(#1145),#1138);
#1147=ADVANCED_FACE('',(#2479),#2481,.F.);
#1148=COLOUR_RGB($,0.341176470588235,0.615686274509804,0.427450980392157);
#1149=FILL_AREA_STYLE_COLOUR($,#1148);
#1150=FILL_AREA_STYLE($,(#1149));
#1151=SURFACE_STYLE_FILL_AREA(#1150);
#1152=SURFACE_SIDE_STYLE('',(#1151));
#1153=SURFACE_STYLE_USAGE(.BOTH.,#1152);
#1154=PRESENTATION_STYLE_ASSIGNMENT((#1153));
#1155=STYLED_ITEM('',(#1154),#1147);
#1156=ADVANCED_FACE('',(#2486,#2488),#2490,.F.);
#1157=COLOUR_RGB($,0.341176470588235,0.615686274509804,0.427450980392157);
#1158=FILL_AREA_STYLE_COLOUR($,#1157);
#1159=FILL_AREA_STYLE($,(#1158));
#1160=SURFACE_STYLE_FILL_AREA(#1159);
#1161=SURFACE_SIDE_STYLE('',(#1160));
#1162=SURFACE_STYLE_USAGE(.BOTH.,#1161);
#1163=PRESENTATION_STYLE_ASSIGNMENT((#1162));
#1164=STYLED_ITEM('',(#1163),#1156);
#1165=COMPOSITE_CURVE('',(#2495),.F.);
#1166=COLOUR_RGB($,0.392156862745098,0.588235294117647,0.980392156862745);
#1167=PRESENTATION_STYLE_ASSIGNMENT((#1168));
#1168=CURVE_STYLE($,#1169,POSITIVE_LENGTH_MEASURE(0.1),#1166);
#1169=PRE_DEFINED_CURVE_FONT('continuous');
#1170=STYLED_ITEM('',(#1167),#1165);
#1171=COMPOSITE_CURVE('',(#2496),.F.);
#1172=COLOUR_RGB($,0.392156862745098,0.588235294117647,0.980392156862745);
#1173=PRESENTATION_STYLE_ASSIGNMENT((#1174));
#1174=CURVE_STYLE($,#1175,POSITIVE_LENGTH_MEASURE(0.1),#1172);
#1175=PRE_DEFINED_CURVE_FONT('continuous');
#1176=STYLED_ITEM('',(#1173),#1171);
#1177=ADVANCED_FACE('',(#2497),#2499,.F.);
#1178=COLOUR_RGB($,0.827450980392157,0.831372549019608,0.835294117647059);
#1179=FILL_AREA_STYLE_COLOUR($,#1178);
#1180=FILL_AREA_STYLE($,(#1179));
#1181=SURFACE_STYLE_FILL_AREA(#1180);
#1182=SURFACE_SIDE_STYLE('',(#1181));
#1183=SURFACE_STYLE_USAGE(.BOTH.,#1182);
#1184=PRESENTATION_STYLE_ASSIGNMENT((#1183));
#1185=STYLED_ITEM('',(#1184),#1177);
#1186=ADVANCED_FACE('',(#2504),#2506,.F.);
#1187=COLOUR_RGB($,0.827450980392157,0.831372549019608,0.835294117647059);
#1188=FILL_AREA_STYLE_COLOUR($,#1187);
#1189=FILL_AREA_STYLE($,(#1188));
#1190=SURFACE_STYLE_FILL_AREA(#1189);
#1191=SURFACE_SIDE_STYLE('',(#1190));
#1192=SURFACE_STYLE_USAGE(.BOTH.,#1191);
#1193=PRESENTATION_STYLE_ASSIGNMENT((#1192));
#1194=STYLED_ITEM('',(#1193),#1186);
#1195=ADVANCED_FACE('',(#2511),#2513,.F.);
#1196=COLOUR_RGB($,0.827450980392157,0.831372549019608,0.835294117647059);
#1197=FILL_AREA_STYLE_COLOUR($,#1196);
#1198=FILL_AREA_STYLE($,(#1197));
#1199=SURFACE_STYLE_FILL_AREA(#1198);
#1200=SURFACE_SIDE_STYLE('',(#1199));
#1201=SURFACE_STYLE_USAGE(.BOTH.,#1200);
#1202=PRESENTATION_STYLE_ASSIGNMENT((#1201));
#1203=STYLED_ITEM('',(#1202),#1195);
#1204=ADVANCED_FACE('',(#2518),#2520,.F.);
#1205=COLOUR_RGB($,0.827450980392157,0.831372549019608,0.835294117647059);
#1206=FILL_AREA_STYLE_COLOUR($,#1205);
#1207=FILL_AREA_STYLE($,(#1206));
#1208=SURFACE_STYLE_FILL_AREA(#1207);
#1209=SURFACE_SIDE_STYLE('',(#1208));
#1210=SURFACE_STYLE_USAGE(.BOTH.,#1209);
#1211=PRESENTATION_STYLE_ASSIGNMENT((#1210));
#1212=STYLED_ITEM('',(#1211),#1204);
#1213=ADVANCED_FACE('',(#2525,#2527),#2529,.T.);
#1214=COLOUR_RGB($,0.827450980392157,0.831372549019608,0.835294117647059);
#1215=FILL_AREA_STYLE_COLOUR($,#1214);
#1216=FILL_AREA_STYLE($,(#1215));
#1217=SURFACE_STYLE_FILL_AREA(#1216);
#1218=SURFACE_SIDE_STYLE('',(#1217));
#1219=SURFACE_STYLE_USAGE(.BOTH.,#1218);
#1220=PRESENTATION_STYLE_ASSIGNMENT((#1219));
#1221=STYLED_ITEM('',(#1220),#1213);
#1222=ADVANCED_FACE('',(#2534,#2536),#2538,.F.);
#1223=COLOUR_RGB($,0.827450980392157,0.831372549019608,0.835294117647059);
#1224=FILL_AREA_STYLE_COLOUR($,#1223);
#1225=FILL_AREA_STYLE($,(#1224));
#1226=SURFACE_STYLE_FILL_AREA(#1225);
#1227=SURFACE_SIDE_STYLE('',(#1226));
#1228=SURFACE_STYLE_USAGE(.BOTH.,#1227);
#1229=PRESENTATION_STYLE_ASSIGNMENT((#1228));
#1230=STYLED_ITEM('',(#1229),#1222);
#1231=ADVANCED_FACE('',(#2543,#2545),#2547,.T.);
#1232=COLOUR_RGB($,0.827450980392157,0.831372549019608,0.835294117647059);
#1233=FILL_AREA_STYLE_COLOUR($,#1232);
#1234=FILL_AREA_STYLE($,(#1233));
#1235=SURFACE_STYLE_FILL_AREA(#1234);
#1236=SURFACE_SIDE_STYLE('',(#1235));
#1237=SURFACE_STYLE_USAGE(.BOTH.,#1236);
#1238=PRESENTATION_STYLE_ASSIGNMENT((#1237));
#1239=STYLED_ITEM('',(#1238),#1231);
#1240=ADVANCED_FACE('',(#2552,#2554),#2556,.F.);
#1241=COLOUR_RGB($,0.827450980392157,0.831372549019608,0.835294117647059);
#1242=FILL_AREA_STYLE_COLOUR($,#1241);
#1243=FILL_AREA_STYLE($,(#1242));
#1244=SURFACE_STYLE_FILL_AREA(#1243);
#1245=SURFACE_SIDE_STYLE('',(#1244));
#1246=SURFACE_STYLE_USAGE(.BOTH.,#1245);
#1247=PRESENTATION_STYLE_ASSIGNMENT((#1246));
#1248=STYLED_ITEM('',(#1247),#1240);
#1249=ADVANCED_FACE('',(#2561),#2563,.F.);
#1250=COLOUR_RGB($,0.827450980392157,0.831372549019608,0.835294117647059);
#1251=FILL_AREA_STYLE_COLOUR($,#1250);
#1252=FILL_AREA_STYLE($,(#1251));
#1253=SURFACE_STYLE_FILL_AREA(#1252);
#1254=SURFACE_SIDE_STYLE('',(#1253));
#1255=SURFACE_STYLE_USAGE(.BOTH.,#1254);
#1256=PRESENTATION_STYLE_ASSIGNMENT((#1255));
#1257=STYLED_ITEM('',(#1256),#1249);
#1258=ADVANCED_FACE('',(#2568),#2570,.F.);
#1259=COLOUR_RGB($,0.827450980392157,0.831372549019608,0.835294117647059);
#1260=FILL_AREA_STYLE_COLOUR($,#1259);
#1261=FILL_AREA_STYLE($,(#1260));
#1262=SURFACE_STYLE_FILL_AREA(#1261);
#1263=SURFACE_SIDE_STYLE('',(#1262));
#1264=SURFACE_STYLE_USAGE(.BOTH.,#1263);
#1265=PRESENTATION_STYLE_ASSIGNMENT((#1264));
#1266=STYLED_ITEM('',(#1265),#1258);
#1267=ADVANCED_FACE('',(#2575),#2577,.T.);
#1268=COLOUR_RGB($,0.827450980392157,0.831372549019608,0.835294117647059);
#1269=FILL_AREA_STYLE_COLOUR($,#1268);
#1270=FILL_AREA_STYLE($,(#1269));
#1271=SURFACE_STYLE_FILL_AREA(#1270);
#1272=SURFACE_SIDE_STYLE('',(#1271));
#1273=SURFACE_STYLE_USAGE(.BOTH.,#1272);
#1274=PRESENTATION_STYLE_ASSIGNMENT((#1273));
#1275=STYLED_ITEM('',(#1274),#1267);
#1276=ADVANCED_FACE('',(#2582),#2584,.T.);
#1277=COLOUR_RGB($,0.827450980392157,0.831372549019608,0.835294117647059);
#1278=FILL_AREA_STYLE_COLOUR($,#1277);
#1279=FILL_AREA_STYLE($,(#1278));
#1280=SURFACE_STYLE_FILL_AREA(#1279);
#1281=SURFACE_SIDE_STYLE('',(#1280));
#1282=SURFACE_STYLE_USAGE(.BOTH.,#1281);
#1283=PRESENTATION_STYLE_ASSIGNMENT((#1282));
#1284=STYLED_ITEM('',(#1283),#1276);
#1285=ADVANCED_FACE('',(#2589,#2591),#2593,.T.);
#1286=COLOUR_RGB($,0.827450980392157,0.831372549019608,0.835294117647059);
#1287=FILL_AREA_STYLE_COLOUR($,#1286);
#1288=FILL_AREA_STYLE($,(#1287));
#1289=SURFACE_STYLE_FILL_AREA(#1288);
#1290=SURFACE_SIDE_STYLE('',(#1289));
#1291=SURFACE_STYLE_USAGE(.BOTH.,#1290);
#1292=PRESENTATION_STYLE_ASSIGNMENT((#1291));
#1293=STYLED_ITEM('',(#1292),#1285);
#1294=ADVANCED_FACE('',(#2598),#2600,.F.);
#1295=COLOUR_RGB($,0.827450980392157,0.831372549019608,0.835294117647059);
#1296=FILL_AREA_STYLE_COLOUR($,#1295);
#1297=FILL_AREA_STYLE($,(#1296));
#1298=SURFACE_STYLE_FILL_AREA(#1297);
#1299=SURFACE_SIDE_STYLE('',(#1298));
#1300=SURFACE_STYLE_USAGE(.BOTH.,#1299);
#1301=PRESENTATION_STYLE_ASSIGNMENT((#1300));
#1302=STYLED_ITEM('',(#1301),#1294);
#1303=ADVANCED_FACE('',(#2605),#2607,.F.);
#1304=COLOUR_RGB($,0.827450980392157,0.831372549019608,0.835294117647059);
#1305=FILL_AREA_STYLE_COLOUR($,#1304);
#1306=FILL_AREA_STYLE($,(#1305));
#1307=SURFACE_STYLE_FILL_AREA(#1306);
#1308=SURFACE_SIDE_STYLE('',(#1307));
#1309=SURFACE_STYLE_USAGE(.BOTH.,#1308);
#1310=PRESENTATION_STYLE_ASSIGNMENT((#1309));
#1311=STYLED_ITEM('',(#1310),#1303);
#1312=ADVANCED_FACE('',(#2612),#2614,.F.);
#1313=COLOUR_RGB($,0.827450980392157,0.831372549019608,0.835294117647059);
#1314=FILL_AREA_STYLE_COLOUR($,#1313);
#1315=FILL_AREA_STYLE($,(#1314));
#1316=SURFACE_STYLE_FILL_AREA(#1315);
#1317=SURFACE_SIDE_STYLE('',(#1316));
#1318=SURFACE_STYLE_USAGE(.BOTH.,#1317);
#1319=PRESENTATION_STYLE_ASSIGNMENT((#1318));
#1320=STYLED_ITEM('',(#1319),#1312);
#1321=ADVANCED_FACE('',(#2619,#2621),#2623,.T.);
#1322=COLOUR_RGB($,0.827450980392157,0.831372549019608,0.835294117647059);
#1323=FILL_AREA_STYLE_COLOUR($,#1322);
#1324=FILL_AREA_STYLE($,(#1323));
#1325=SURFACE_STYLE_FILL_AREA(#1324);
#1326=SURFACE_SIDE_STYLE('',(#1325));
#1327=SURFACE_STYLE_USAGE(.BOTH.,#1326);
#1328=PRESENTATION_STYLE_ASSIGNMENT((#1327));
#1329=STYLED_ITEM('',(#1328),#1321);
#1330=ADVANCED_FACE('',(#2628,#2630),#2632,.T.);
#1331=COLOUR_RGB($,0.827450980392157,0.831372549019608,0.835294117647059);
#1332=FILL_AREA_STYLE_COLOUR($,#1331);
#1333=FILL_AREA_STYLE($,(#1332));
#1334=SURFACE_STYLE_FILL_AREA(#1333);
#1335=SURFACE_SIDE_STYLE('',(#1334));
#1336=SURFACE_STYLE_USAGE(.BOTH.,#1335);
#1337=PRESENTATION_STYLE_ASSIGNMENT((#1336));
#1338=STYLED_ITEM('',(#1337),#1330);
#1339=ADVANCED_FACE('',(#2637),#2639,.T.);
#1340=COLOUR_RGB($,0.827450980392157,0.831372549019608,0.835294117647059);
#1341=FILL_AREA_STYLE_COLOUR($,#1340);
#1342=FILL_AREA_STYLE($,(#1341));
#1343=SURFACE_STYLE_FILL_AREA(#1342);
#1344=SURFACE_SIDE_STYLE('',(#1343));
#1345=SURFACE_STYLE_USAGE(.BOTH.,#1344);
#1346=PRESENTATION_STYLE_ASSIGNMENT((#1345));
#1347=STYLED_ITEM('',(#1346),#1339);
#1348=ADVANCED_FACE('',(#2644,#2646),#2648,.F.);
#1349=COLOUR_RGB($,0.792156862745098,0.8,0.807843137254902);
#1350=FILL_AREA_STYLE_COLOUR($,#1349);
#1351=FILL_AREA_STYLE($,(#1350));
#1352=SURFACE_STYLE_FILL_AREA(#1351);
#1353=SURFACE_SIDE_STYLE('',(#1352));
#1354=SURFACE_STYLE_USAGE(.BOTH.,#1353);
#1355=PRESENTATION_STYLE_ASSIGNMENT((#1354));
#1356=STYLED_ITEM('',(#1355),#1348);
#1357=ADVANCED_FACE('',(#2653,#2655),#2657,.T.);
#1358=COLOUR_RGB($,0.792156862745098,0.8,0.807843137254902);
#1359=FILL_AREA_STYLE_COLOUR($,#1358);
#1360=FILL_AREA_STYLE($,(#1359));
#1361=SURFACE_STYLE_FILL_AREA(#1360);
#1362=SURFACE_SIDE_STYLE('',(#1361));
#1363=SURFACE_STYLE_USAGE(.BOTH.,#1362);
#1364=PRESENTATION_STYLE_ASSIGNMENT((#1363));
#1365=STYLED_ITEM('',(#1364),#1357);
#1366=ADVANCED_FACE('',(#2662,#2664),#2666,.F.);
#1367=COLOUR_RGB($,0.792156862745098,0.8,0.807843137254902);
#1368=FILL_AREA_STYLE_COLOUR($,#1367);
#1369=FILL_AREA_STYLE($,(#1368));
#1370=SURFACE_STYLE_FILL_AREA(#1369);
#1371=SURFACE_SIDE_STYLE('',(#1370));
#1372=SURFACE_STYLE_USAGE(.BOTH.,#1371);
#1373=PRESENTATION_STYLE_ASSIGNMENT((#1372));
#1374=STYLED_ITEM('',(#1373),#1366);
#1375=ADVANCED_FACE('',(#2671),#2673,.T.);
#1376=COLOUR_RGB($,0.792156862745098,0.8,0.807843137254902);
#1377=FILL_AREA_STYLE_COLOUR($,#1376);
#1378=FILL_AREA_STYLE($,(#1377));
#1379=SURFACE_STYLE_FILL_AREA(#1378);
#1380=SURFACE_SIDE_STYLE('',(#1379));
#1381=SURFACE_STYLE_USAGE(.BOTH.,#1380);
#1382=PRESENTATION_STYLE_ASSIGNMENT((#1381));
#1383=STYLED_ITEM('',(#1382),#1375);
#1384=ADVANCED_FACE('',(#2678),#2680,.T.);
#1385=COLOUR_RGB($,0.792156862745098,0.8,0.807843137254902);
#1386=FILL_AREA_STYLE_COLOUR($,#1385);
#1387=FILL_AREA_STYLE($,(#1386));
#1388=SURFACE_STYLE_FILL_AREA(#1387);
#1389=SURFACE_SIDE_STYLE('',(#1388));
#1390=SURFACE_STYLE_USAGE(.BOTH.,#1389);
#1391=PRESENTATION_STYLE_ASSIGNMENT((#1390));
#1392=STYLED_ITEM('',(#1391),#1384);
#1393=ADVANCED_FACE('',(#2685),#2687,.T.);
#1394=COLOUR_RGB($,0.792156862745098,0.8,0.807843137254902);
#1395=FILL_AREA_STYLE_COLOUR($,#1394);
#1396=FILL_AREA_STYLE($,(#1395));
#1397=SURFACE_STYLE_FILL_AREA(#1396);
#1398=SURFACE_SIDE_STYLE('',(#1397));
#1399=SURFACE_STYLE_USAGE(.BOTH.,#1398);
#1400=PRESENTATION_STYLE_ASSIGNMENT((#1399));
#1401=STYLED_ITEM('',(#1400),#1393);
#1402=ADVANCED_FACE('',(#2692),#2694,.T.);
#1403=COLOUR_RGB($,0.792156862745098,0.8,0.807843137254902);
#1404=FILL_AREA_STYLE_COLOUR($,#1403);
#1405=FILL_AREA_STYLE($,(#1404));
#1406=SURFACE_STYLE_FILL_AREA(#1405);
#1407=SURFACE_SIDE_STYLE('',(#1406));
#1408=SURFACE_STYLE_USAGE(.BOTH.,#1407);
#1409=PRESENTATION_STYLE_ASSIGNMENT((#1408));
#1410=STYLED_ITEM('',(#1409),#1402);
#1411=ADVANCED_FACE('',(#2699),#2701,.T.);
#1412=COLOUR_RGB($,0.792156862745098,0.8,0.807843137254902);
#1413=FILL_AREA_STYLE_COLOUR($,#1412);
#1414=FILL_AREA_STYLE($,(#1413));
#1415=SURFACE_STYLE_FILL_AREA(#1414);
#1416=SURFACE_SIDE_STYLE('',(#1415));
#1417=SURFACE_STYLE_USAGE(.BOTH.,#1416);
#1418=PRESENTATION_STYLE_ASSIGNMENT((#1417));
#1419=STYLED_ITEM('',(#1418),#1411);
#1420=ADVANCED_FACE('',(#2706),#2708,.T.);
#1421=COLOUR_RGB($,0.792156862745098,0.8,0.807843137254902);
#1422=FILL_AREA_STYLE_COLOUR($,#1421);
#1423=FILL_AREA_STYLE($,(#1422));
#1424=SURFACE_STYLE_FILL_AREA(#1423);
#1425=SURFACE_SIDE_STYLE('',(#1424));
#1426=SURFACE_STYLE_USAGE(.BOTH.,#1425);
#1427=PRESENTATION_STYLE_ASSIGNMENT((#1426));
#1428=STYLED_ITEM('',(#1427),#1420);
#1429=ADVANCED_FACE('',(#2713),#2715,.T.);
#1430=COLOUR_RGB($,0.792156862745098,0.8,0.807843137254902);
#1431=FILL_AREA_STYLE_COLOUR($,#1430);
#1432=FILL_AREA_STYLE($,(#1431));
#1433=SURFACE_STYLE_FILL_AREA(#1432);
#1434=SURFACE_SIDE_STYLE('',(#1433));
#1435=SURFACE_STYLE_USAGE(.BOTH.,#1434);
#1436=PRESENTATION_STYLE_ASSIGNMENT((#1435));
#1437=STYLED_ITEM('',(#1436),#1429);
#1438=ADVANCED_FACE('',(#2720),#2722,.T.);
#1439=COLOUR_RGB($,0.792156862745098,0.8,0.807843137254902);
#1440=FILL_AREA_STYLE_COLOUR($,#1439);
#1441=FILL_AREA_STYLE($,(#1440));
#1442=SURFACE_STYLE_FILL_AREA(#1441);
#1443=SURFACE_SIDE_STYLE('',(#1442));
#1444=SURFACE_STYLE_USAGE(.BOTH.,#1443);
#1445=PRESENTATION_STYLE_ASSIGNMENT((#1444));
#1446=STYLED_ITEM('',(#1445),#1438);
#1447=ADVANCED_FACE('',(#2727),#2729,.T.);
#1448=COLOUR_RGB($,0.792156862745098,0.8,0.807843137254902);
#1449=FILL_AREA_STYLE_COLOUR($,#1448);
#1450=FILL_AREA_STYLE($,(#1449));
#1451=SURFACE_STYLE_FILL_AREA(#1450);
#1452=SURFACE_SIDE_STYLE('',(#1451));
#1453=SURFACE_STYLE_USAGE(.BOTH.,#1452);
#1454=PRESENTATION_STYLE_ASSIGNMENT((#1453));
#1455=STYLED_ITEM('',(#1454),#1447);
#1456=ADVANCED_FACE('',(#2734),#2736,.T.);
#1457=COLOUR_RGB($,0.792156862745098,0.8,0.807843137254902);
#1458=FILL_AREA_STYLE_COLOUR($,#1457);
#1459=FILL_AREA_STYLE($,(#1458));
#1460=SURFACE_STYLE_FILL_AREA(#1459);
#1461=SURFACE_SIDE_STYLE('',(#1460));
#1462=SURFACE_STYLE_USAGE(.BOTH.,#1461);
#1463=PRESENTATION_STYLE_ASSIGNMENT((#1462));
#1464=STYLED_ITEM('',(#1463),#1456);
#1465=ADVANCED_FACE('',(#2741),#2743,.F.);
#1466=COLOUR_RGB($,0.792156862745098,0.8,0.807843137254902);
#1467=FILL_AREA_STYLE_COLOUR($,#1466);
#1468=FILL_AREA_STYLE($,(#1467));
#1469=SURFACE_STYLE_FILL_AREA(#1468);
#1470=SURFACE_SIDE_STYLE('',(#1469));
#1471=SURFACE_STYLE_USAGE(.BOTH.,#1470);
#1472=PRESENTATION_STYLE_ASSIGNMENT((#1471));
#1473=STYLED_ITEM('',(#1472),#1465);
#1474=ADVANCED_FACE('',(#2748),#2750,.T.);
#1475=COLOUR_RGB($,0.792156862745098,0.8,0.807843137254902);
#1476=FILL_AREA_STYLE_COLOUR($,#1475);
#1477=FILL_AREA_STYLE($,(#1476));
#1478=SURFACE_STYLE_FILL_AREA(#1477);
#1479=SURFACE_SIDE_STYLE('',(#1478));
#1480=SURFACE_STYLE_USAGE(.BOTH.,#1479);
#1481=PRESENTATION_STYLE_ASSIGNMENT((#1480));
#1482=STYLED_ITEM('',(#1481),#1474);
#1483=ADVANCED_FACE('',(#2755),#2757,.T.);
#1484=COLOUR_RGB($,0.792156862745098,0.8,0.807843137254902);
#1485=FILL_AREA_STYLE_COLOUR($,#1484);
#1486=FILL_AREA_STYLE($,(#1485));
#1487=SURFACE_STYLE_FILL_AREA(#1486);
#1488=SURFACE_SIDE_STYLE('',(#1487));
#1489=SURFACE_STYLE_USAGE(.BOTH.,#1488);
#1490=PRESENTATION_STYLE_ASSIGNMENT((#1489));
#1491=STYLED_ITEM('',(#1490),#1483);
#1492=ADVANCED_FACE('',(#2762),#2764,.T.);
#1493=COLOUR_RGB($,0.792156862745098,0.8,0.807843137254902);
#1494=FILL_AREA_STYLE_COLOUR($,#1493);
#1495=FILL_AREA_STYLE($,(#1494));
#1496=SURFACE_STYLE_FILL_AREA(#1495);
#1497=SURFACE_SIDE_STYLE('',(#1496));
#1498=SURFACE_STYLE_USAGE(.BOTH.,#1497);
#1499=PRESENTATION_STYLE_ASSIGNMENT((#1498));
#1500=STYLED_ITEM('',(#1499),#1492);
#1501=ADVANCED_FACE('',(#2769),#2771,.F.);
#1502=COLOUR_RGB($,0.792156862745098,0.8,0.807843137254902);
#1503=FILL_AREA_STYLE_COLOUR($,#1502);
#1504=FILL_AREA_STYLE($,(#1503));
#1505=SURFACE_STYLE_FILL_AREA(#1504);
#1506=SURFACE_SIDE_STYLE('',(#1505));
#1507=SURFACE_STYLE_USAGE(.BOTH.,#1506);
#1508=PRESENTATION_STYLE_ASSIGNMENT((#1507));
#1509=STYLED_ITEM('',(#1508),#1501);
#1510=ADVANCED_FACE('',(#2776),#2778,.T.);
#1511=COLOUR_RGB($,0.792156862745098,0.8,0.807843137254902);
#1512=FILL_AREA_STYLE_COLOUR($,#1511);
#1513=FILL_AREA_STYLE($,(#1512));
#1514=SURFACE_STYLE_FILL_AREA(#1513);
#1515=SURFACE_SIDE_STYLE('',(#1514));
#1516=SURFACE_STYLE_USAGE(.BOTH.,#1515);
#1517=PRESENTATION_STYLE_ASSIGNMENT((#1516));
#1518=STYLED_ITEM('',(#1517),#1510);
#1519=ADVANCED_FACE('',(#2783),#2785,.T.);
#1520=COLOUR_RGB($,0.792156862745098,0.8,0.807843137254902);
#1521=FILL_AREA_STYLE_COLOUR($,#1520);
#1522=FILL_AREA_STYLE($,(#1521));
#1523=SURFACE_STYLE_FILL_AREA(#1522);
#1524=SURFACE_SIDE_STYLE('',(#1523));
#1525=SURFACE_STYLE_USAGE(.BOTH.,#1524);
#1526=PRESENTATION_STYLE_ASSIGNMENT((#1525));
#1527=STYLED_ITEM('',(#1526),#1519);
#1528=ADVANCED_FACE('',(#2790),#2792,.T.);
#1529=COLOUR_RGB($,0.792156862745098,0.8,0.807843137254902);
#1530=FILL_AREA_STYLE_COLOUR($,#1529);
#1531=FILL_AREA_STYLE($,(#1530));
#1532=SURFACE_STYLE_FILL_AREA(#1531);
#1533=SURFACE_SIDE_STYLE('',(#1532));
#1534=SURFACE_STYLE_USAGE(.BOTH.,#1533);
#1535=PRESENTATION_STYLE_ASSIGNMENT((#1534));
#1536=STYLED_ITEM('',(#1535),#1528);
#1537=ADVANCED_FACE('',(#2797),#2799,.F.);
#1538=COLOUR_RGB($,0.792156862745098,0.8,0.807843137254902);
#1539=FILL_AREA_STYLE_COLOUR($,#1538);
#1540=FILL_AREA_STYLE($,(#1539));
#1541=SURFACE_STYLE_FILL_AREA(#1540);
#1542=SURFACE_SIDE_STYLE('',(#1541));
#1543=SURFACE_STYLE_USAGE(.BOTH.,#1542);
#1544=PRESENTATION_STYLE_ASSIGNMENT((#1543));
#1545=STYLED_ITEM('',(#1544),#1537);
#1546=ADVANCED_FACE('',(#2804),#2806,.T.);
#1547=COLOUR_RGB($,0.792156862745098,0.8,0.807843137254902);
#1548=FILL_AREA_STYLE_COLOUR($,#1547);
#1549=FILL_AREA_STYLE($,(#1548));
#1550=SURFACE_STYLE_FILL_AREA(#1549);
#1551=SURFACE_SIDE_STYLE('',(#1550));
#1552=SURFACE_STYLE_USAGE(.BOTH.,#1551);
#1553=PRESENTATION_STYLE_ASSIGNMENT((#1552));
#1554=STYLED_ITEM('',(#1553),#1546);
#1555=ADVANCED_FACE('',(#2811),#2813,.T.);
#1556=COLOUR_RGB($,0.792156862745098,0.8,0.807843137254902);
#1557=FILL_AREA_STYLE_COLOUR($,#1556);
#1558=FILL_AREA_STYLE($,(#1557));
#1559=SURFACE_STYLE_FILL_AREA(#1558);
#1560=SURFACE_SIDE_STYLE('',(#1559));
#1561=SURFACE_STYLE_USAGE(.BOTH.,#1560);
#1562=PRESENTATION_STYLE_ASSIGNMENT((#1561));
#1563=STYLED_ITEM('',(#1562),#1555);
#1564=ADVANCED_FACE('',(#2818),#2820,.T.);
#1565=COLOUR_RGB($,0.792156862745098,0.8,0.807843137254902);
#1566=FILL_AREA_STYLE_COLOUR($,#1565);
#1567=FILL_AREA_STYLE($,(#1566));
#1568=SURFACE_STYLE_FILL_AREA(#1567);
#1569=SURFACE_SIDE_STYLE('',(#1568));
#1570=SURFACE_STYLE_USAGE(.BOTH.,#1569);
#1571=PRESENTATION_STYLE_ASSIGNMENT((#1570));
#1572=STYLED_ITEM('',(#1571),#1564);
#1573=ADVANCED_FACE('',(#2825),#2827,.F.);
#1574=COLOUR_RGB($,0.792156862745098,0.8,0.807843137254902);
#1575=FILL_AREA_STYLE_COLOUR($,#1574);
#1576=FILL_AREA_STYLE($,(#1575));
#1577=SURFACE_STYLE_FILL_AREA(#1576);
#1578=SURFACE_SIDE_STYLE('',(#1577));
#1579=SURFACE_STYLE_USAGE(.BOTH.,#1578);
#1580=PRESENTATION_STYLE_ASSIGNMENT((#1579));
#1581=STYLED_ITEM('',(#1580),#1573);
#1582=ADVANCED_FACE('',(#2832),#2834,.T.);
#1583=COLOUR_RGB($,0.792156862745098,0.8,0.807843137254902);
#1584=FILL_AREA_STYLE_COLOUR($,#1583);
#1585=FILL_AREA_STYLE($,(#1584));
#1586=SURFACE_STYLE_FILL_AREA(#1585);
#1587=SURFACE_SIDE_STYLE('',(#1586));
#1588=SURFACE_STYLE_USAGE(.BOTH.,#1587);
#1589=PRESENTATION_STYLE_ASSIGNMENT((#1588));
#1590=STYLED_ITEM('',(#1589),#1582);
#1591=ADVANCED_FACE('',(#2839),#2841,.T.);
#1592=COLOUR_RGB($,0.792156862745098,0.8,0.807843137254902);
#1593=FILL_AREA_STYLE_COLOUR($,#1592);
#1594=FILL_AREA_STYLE($,(#1593));
#1595=SURFACE_STYLE_FILL_AREA(#1594);
#1596=SURFACE_SIDE_STYLE('',(#1595));
#1597=SURFACE_STYLE_USAGE(.BOTH.,#1596);
#1598=PRESENTATION_STYLE_ASSIGNMENT((#1597));
#1599=STYLED_ITEM('',(#1598),#1591);
#1600=ADVANCED_FACE('',(#2846),#2848,.T.);
#1601=COLOUR_RGB($,0.792156862745098,0.8,0.807843137254902);
#1602=FILL_AREA_STYLE_COLOUR($,#1601);
#1603=FILL_AREA_STYLE($,(#1602));
#1604=SURFACE_STYLE_FILL_AREA(#1603);
#1605=SURFACE_SIDE_STYLE('',(#1604));
#1606=SURFACE_STYLE_USAGE(.BOTH.,#1605);
#1607=PRESENTATION_STYLE_ASSIGNMENT((#1606));
#1608=STYLED_ITEM('',(#1607),#1600);
#1609=ADVANCED_FACE('',(#2853),#2855,.F.);
#1610=COLOUR_RGB($,0.792156862745098,0.8,0.807843137254902);
#1611=FILL_AREA_STYLE_COLOUR($,#1610);
#1612=FILL_AREA_STYLE($,(#1611));
#1613=SURFACE_STYLE_FILL_AREA(#1612);
#1614=SURFACE_SIDE_STYLE('',(#1613));
#1615=SURFACE_STYLE_USAGE(.BOTH.,#1614);
#1616=PRESENTATION_STYLE_ASSIGNMENT((#1615));
#1617=STYLED_ITEM('',(#1616),#1609);
#1618=ADVANCED_FACE('',(#2860),#2862,.T.);
#1619=COLOUR_RGB($,0.792156862745098,0.8,0.807843137254902);
#1620=FILL_AREA_STYLE_COLOUR($,#1619);
#1621=FILL_AREA_STYLE($,(#1620));
#1622=SURFACE_STYLE_FILL_AREA(#1621);
#1623=SURFACE_SIDE_STYLE('',(#1622));
#1624=SURFACE_STYLE_USAGE(.BOTH.,#1623);
#1625=PRESENTATION_STYLE_ASSIGNMENT((#1624));
#1626=STYLED_ITEM('',(#1625),#1618);
#1627=ADVANCED_FACE('',(#2867),#2869,.T.);
#1628=COLOUR_RGB($,0.792156862745098,0.8,0.807843137254902);
#1629=FILL_AREA_STYLE_COLOUR($,#1628);
#1630=FILL_AREA_STYLE($,(#1629));
#1631=SURFACE_STYLE_FILL_AREA(#1630);
#1632=SURFACE_SIDE_STYLE('',(#1631));
#1633=SURFACE_STYLE_USAGE(.BOTH.,#1632);
#1634=PRESENTATION_STYLE_ASSIGNMENT((#1633));
#1635=STYLED_ITEM('',(#1634),#1627);
#1636=ADVANCED_FACE('',(#2874),#2876,.T.);
#1637=COLOUR_RGB($,0.792156862745098,0.8,0.807843137254902);
#1638=FILL_AREA_STYLE_COLOUR($,#1637);
#1639=FILL_AREA_STYLE($,(#1638));
#1640=SURFACE_STYLE_FILL_AREA(#1639);
#1641=SURFACE_SIDE_STYLE('',(#1640));
#1642=SURFACE_STYLE_USAGE(.BOTH.,#1641);
#1643=PRESENTATION_STYLE_ASSIGNMENT((#1642));
#1644=STYLED_ITEM('',(#1643),#1636);
#1645=ADVANCED_FACE('',(#2881),#2883,.F.);
#1646=COLOUR_RGB($,0.792156862745098,0.8,0.807843137254902);
#1647=FILL_AREA_STYLE_COLOUR($,#1646);
#1648=FILL_AREA_STYLE($,(#1647));
#1649=SURFACE_STYLE_FILL_AREA(#1648);
#1650=SURFACE_SIDE_STYLE('',(#1649));
#1651=SURFACE_STYLE_USAGE(.BOTH.,#1650);
#1652=PRESENTATION_STYLE_ASSIGNMENT((#1651));
#1653=STYLED_ITEM('',(#1652),#1645);
#1654=ADVANCED_FACE('',(#2888),#2890,.T.);
#1655=COLOUR_RGB($,0.792156862745098,0.8,0.807843137254902);
#1656=FILL_AREA_STYLE_COLOUR($,#1655);
#1657=FILL_AREA_STYLE($,(#1656));
#1658=SURFACE_STYLE_FILL_AREA(#1657);
#1659=SURFACE_SIDE_STYLE('',(#1658));
#1660=SURFACE_STYLE_USAGE(.BOTH.,#1659);
#1661=PRESENTATION_STYLE_ASSIGNMENT((#1660));
#1662=STYLED_ITEM('',(#1661),#1654);
#1663=ADVANCED_FACE('',(#2895),#2897,.T.);
#1664=COLOUR_RGB($,0.792156862745098,0.8,0.807843137254902);
#1665=FILL_AREA_STYLE_COLOUR($,#1664);
#1666=FILL_AREA_STYLE($,(#1665));
#1667=SURFACE_STYLE_FILL_AREA(#1666);
#1668=SURFACE_SIDE_STYLE('',(#1667));
#1669=SURFACE_STYLE_USAGE(.BOTH.,#1668);
#1670=PRESENTATION_STYLE_ASSIGNMENT((#1669));
#1671=STYLED_ITEM('',(#1670),#1663);
#1672=ADVANCED_FACE('',(#2902),#2904,.T.);
#1673=COLOUR_RGB($,0.792156862745098,0.8,0.807843137254902);
#1674=FILL_AREA_STYLE_COLOUR($,#1673);
#1675=FILL_AREA_STYLE($,(#1674));
#1676=SURFACE_STYLE_FILL_AREA(#1675);
#1677=SURFACE_SIDE_STYLE('',(#1676));
#1678=SURFACE_STYLE_USAGE(.BOTH.,#1677);
#1679=PRESENTATION_STYLE_ASSIGNMENT((#1678));
#1680=STYLED_ITEM('',(#1679),#1672);
#1681=ADVANCED_FACE('',(#2909),#2911,.F.);
#1682=COLOUR_RGB($,0.792156862745098,0.8,0.807843137254902);
#1683=FILL_AREA_STYLE_COLOUR($,#1682);
#1684=FILL_AREA_STYLE($,(#1683));
#1685=SURFACE_STYLE_FILL_AREA(#1684);
#1686=SURFACE_SIDE_STYLE('',(#1685));
#1687=SURFACE_STYLE_USAGE(.BOTH.,#1686);
#1688=PRESENTATION_STYLE_ASSIGNMENT((#1687));
#1689=STYLED_ITEM('',(#1688),#1681);
#1690=ADVANCED_FACE('',(#2916),#2918,.F.);
#1691=COLOUR_RGB($,0.792156862745098,0.8,0.807843137254902);
#1692=FILL_AREA_STYLE_COLOUR($,#1691);
#1693=FILL_AREA_STYLE($,(#1692));
#1694=SURFACE_STYLE_FILL_AREA(#1693);
#1695=SURFACE_SIDE_STYLE('',(#1694));
#1696=SURFACE_STYLE_USAGE(.BOTH.,#1695);
#1697=PRESENTATION_STYLE_ASSIGNMENT((#1696));
#1698=STYLED_ITEM('',(#1697),#1690);
#1699=ADVANCED_FACE('',(#2923),#2925,.T.);
#1700=COLOUR_RGB($,0.729411764705882,0.768627450980392,0.784313725490196);
#1701=FILL_AREA_STYLE_COLOUR($,#1700);
#1702=FILL_AREA_STYLE($,(#1701));
#1703=SURFACE_STYLE_FILL_AREA(#1702);
#1704=SURFACE_SIDE_STYLE('',(#1703));
#1705=SURFACE_STYLE_USAGE(.BOTH.,#1704);
#1706=PRESENTATION_STYLE_ASSIGNMENT((#1705));
#1707=STYLED_ITEM('',(#1706),#1699);
#1708=ADVANCED_FACE('',(#2930),#2932,.T.);
#1709=COLOUR_RGB($,0.729411764705882,0.768627450980392,0.784313725490196);
#1710=FILL_AREA_STYLE_COLOUR($,#1709);
#1711=FILL_AREA_STYLE($,(#1710));
#1712=SURFACE_STYLE_FILL_AREA(#1711);
#1713=SURFACE_SIDE_STYLE('',(#1712));
#1714=SURFACE_STYLE_USAGE(.BOTH.,#1713);
#1715=PRESENTATION_STYLE_ASSIGNMENT((#1714));
#1716=STYLED_ITEM('',(#1715),#1708);
#1717=ADVANCED_FACE('',(#2937),#2939,.T.);
#1718=COLOUR_RGB($,0.729411764705882,0.768627450980392,0.784313725490196);
#1719=FILL_AREA_STYLE_COLOUR($,#1718);
#1720=FILL_AREA_STYLE($,(#1719));
#1721=SURFACE_STYLE_FILL_AREA(#1720);
#1722=SURFACE_SIDE_STYLE('',(#1721));
#1723=SURFACE_STYLE_USAGE(.BOTH.,#1722);
#1724=PRESENTATION_STYLE_ASSIGNMENT((#1723));
#1725=STYLED_ITEM('',(#1724),#1717);
#1726=ADVANCED_FACE('',(#2944),#2946,.T.);
#1727=COLOUR_RGB($,0.729411764705882,0.768627450980392,0.784313725490196);
#1728=FILL_AREA_STYLE_COLOUR($,#1727);
#1729=FILL_AREA_STYLE($,(#1728));
#1730=SURFACE_STYLE_FILL_AREA(#1729);
#1731=SURFACE_SIDE_STYLE('',(#1730));
#1732=SURFACE_STYLE_USAGE(.BOTH.,#1731);
#1733=PRESENTATION_STYLE_ASSIGNMENT((#1732));
#1734=STYLED_ITEM('',(#1733),#1726);
#1735=ADVANCED_FACE('',(#2951,#2953),#2955,.T.);
#1736=COLOUR_RGB($,0.729411764705882,0.768627450980392,0.784313725490196);
#1737=FILL_AREA_STYLE_COLOUR($,#1736);
#1738=FILL_AREA_STYLE($,(#1737));
#1739=SURFACE_STYLE_FILL_AREA(#1738);
#1740=SURFACE_SIDE_STYLE('',(#1739));
#1741=SURFACE_STYLE_USAGE(.BOTH.,#1740);
#1742=PRESENTATION_STYLE_ASSIGNMENT((#1741));
#1743=STYLED_ITEM('',(#1742),#1735);
#1744=ADVANCED_FACE('',(#2960),#2962,.T.);
#1745=COLOUR_RGB($,0.729411764705882,0.768627450980392,0.784313725490196);
#1746=FILL_AREA_STYLE_COLOUR($,#1745);
#1747=FILL_AREA_STYLE($,(#1746));
#1748=SURFACE_STYLE_FILL_AREA(#1747);
#1749=SURFACE_SIDE_STYLE('',(#1748));
#1750=SURFACE_STYLE_USAGE(.BOTH.,#1749);
#1751=PRESENTATION_STYLE_ASSIGNMENT((#1750));
#1752=STYLED_ITEM('',(#1751),#1744);
#1753=ADVANCED_FACE('',(#2967),#2969,.F.);
#1754=COLOUR_RGB($,0.729411764705882,0.768627450980392,0.784313725490196);
#1755=FILL_AREA_STYLE_COLOUR($,#1754);
#1756=FILL_AREA_STYLE($,(#1755));
#1757=SURFACE_STYLE_FILL_AREA(#1756);
#1758=SURFACE_SIDE_STYLE('',(#1757));
#1759=SURFACE_STYLE_USAGE(.BOTH.,#1758);
#1760=PRESENTATION_STYLE_ASSIGNMENT((#1759));
#1761=STYLED_ITEM('',(#1760),#1753);
#1762=ADVANCED_FACE('',(#2974),#2976,.F.);
#1763=COLOUR_RGB($,0.729411764705882,0.768627450980392,0.784313725490196);
#1764=FILL_AREA_STYLE_COLOUR($,#1763);
#1765=FILL_AREA_STYLE($,(#1764));
#1766=SURFACE_STYLE_FILL_AREA(#1765);
#1767=SURFACE_SIDE_STYLE('',(#1766));
#1768=SURFACE_STYLE_USAGE(.BOTH.,#1767);
#1769=PRESENTATION_STYLE_ASSIGNMENT((#1768));
#1770=STYLED_ITEM('',(#1769),#1762);
#1771=ADVANCED_FACE('',(#2981,#2983),#2985,.T.);
#1772=COLOUR_RGB($,0.729411764705882,0.768627450980392,0.784313725490196);
#1773=FILL_AREA_STYLE_COLOUR($,#1772);
#1774=FILL_AREA_STYLE($,(#1773));
#1775=SURFACE_STYLE_FILL_AREA(#1774);
#1776=SURFACE_SIDE_STYLE('',(#1775));
#1777=SURFACE_STYLE_USAGE(.BOTH.,#1776);
#1778=PRESENTATION_STYLE_ASSIGNMENT((#1777));
#1779=STYLED_ITEM('',(#1778),#1771);
#1780=ADVANCED_FACE('',(#2990,#2992),#2994,.T.);
#1781=COLOUR_RGB($,0.729411764705882,0.768627450980392,0.784313725490196);
#1782=FILL_AREA_STYLE_COLOUR($,#1781);
#1783=FILL_AREA_STYLE($,(#1782));
#1784=SURFACE_STYLE_FILL_AREA(#1783);
#1785=SURFACE_SIDE_STYLE('',(#1784));
#1786=SURFACE_STYLE_USAGE(.BOTH.,#1785);
#1787=PRESENTATION_STYLE_ASSIGNMENT((#1786));
#1788=STYLED_ITEM('',(#1787),#1780);
#1789=ADVANCED_FACE('',(#2999,#3001),#3003,.T.);
#1790=COLOUR_RGB($,0.729411764705882,0.768627450980392,0.784313725490196);
#1791=FILL_AREA_STYLE_COLOUR($,#1790);
#1792=FILL_AREA_STYLE($,(#1791));
#1793=SURFACE_STYLE_FILL_AREA(#1792);
#1794=SURFACE_SIDE_STYLE('',(#1793));
#1795=SURFACE_STYLE_USAGE(.BOTH.,#1794);
#1796=PRESENTATION_STYLE_ASSIGNMENT((#1795));
#1797=STYLED_ITEM('',(#1796),#1789);
#1798=ADVANCED_FACE('',(#3008,#3010),#3012,.T.);
#1799=COLOUR_RGB($,0.729411764705882,0.768627450980392,0.784313725490196);
#1800=FILL_AREA_STYLE_COLOUR($,#1799);
#1801=FILL_AREA_STYLE($,(#1800));
#1802=SURFACE_STYLE_FILL_AREA(#1801);
#1803=SURFACE_SIDE_STYLE('',(#1802));
#1804=SURFACE_STYLE_USAGE(.BOTH.,#1803);
#1805=PRESENTATION_STYLE_ASSIGNMENT((#1804));
#1806=STYLED_ITEM('',(#1805),#1798);
#1807=ADVANCED_FACE('',(#3017),#3019,.T.);
#1808=COLOUR_RGB($,0.729411764705882,0.768627450980392,0.784313725490196);
#1809=FILL_AREA_STYLE_COLOUR($,#1808);
#1810=FILL_AREA_STYLE($,(#1809));
#1811=SURFACE_STYLE_FILL_AREA(#1810);
#1812=SURFACE_SIDE_STYLE('',(#1811));
#1813=SURFACE_STYLE_USAGE(.BOTH.,#1812);
#1814=PRESENTATION_STYLE_ASSIGNMENT((#1813));
#1815=STYLED_ITEM('',(#1814),#1807);
#1816=FACE_BOUND('',#1817,.T.);
#1817=EDGE_LOOP('',(#3024,#3025,#3026,#3027,#3028,#3029,#3030,#3031,#3032,#3033,
#3034,#3035,#3036,#3037,#3038,#3039,#3040,#3041,#3042,#3043,#3044,#3045,#3046,#3047,
#3048,#3049));
#1818=FACE_BOUND('',#1819,.T.);
#1819=EDGE_LOOP('',(#3050));
#1820=FACE_BOUND('',#1821,.T.);
#1821=EDGE_LOOP('',(#3051));
#1822=FACE_BOUND('',#1823,.T.);
#1823=EDGE_LOOP('',(#3052));
#1824=PLANE('',#1825);
#1825=AXIS2_PLACEMENT_3D('',#1826,#1827,#1828);
#1826=CARTESIAN_POINT('',(7.5,-2.28447650275517,13.5));
#1827=DIRECTION('',(0.,-0.,1.));
#1828=DIRECTION('',(0.,1.,0.));
#1829=FACE_BOUND('',#1830,.T.);
#1830=EDGE_LOOP('',(#3053,#3054,#3055,#3056,#3057,#3058,#3059,#3060,#3061,#3062,
#3063,#3064,#3065,#3066,#3067,#3068,#3069));
#1831=PLANE('',#1832);
#1832=AXIS2_PLACEMENT_3D('',#1833,#1834,#1835);
#1833=CARTESIAN_POINT('',(7.5,0.,0.));
#1834=DIRECTION('',(-1.,0.,0.));
#1835=DIRECTION('',(0.,0.,-1.));
#1836=FACE_BOUND('',#1837,.T.);
#1837=EDGE_LOOP('',(#3070,#3071));
#1838=PLANE('',#1839);
#1839=AXIS2_PLACEMENT_3D('',#1840,#1841,#1842);
#1840=CARTESIAN_POINT('',(10.,0.,8.8));
#1841=DIRECTION('',(0.,-0.,1.));
#1842=DIRECTION('',(1.,0.,0.));
#1843=FACE_BOUND('',#1844,.T.);
#1844=EDGE_LOOP('',(#3072,#3073,#3074,#3075));
#1845=CYLINDRICAL_SURFACE('',#1846,0.5);
#1846=AXIS2_PLACEMENT_3D('',#1847,#1848,#1849);
#1847=CARTESIAN_POINT('',(7.5,-1.5,8.8));
#1848=DIRECTION('',(0.,0.,1.));
#1849=DIRECTION('',(1.,0.,0.));
#1850=FACE_OUTER_BOUND('',#1851,.T.);
#1851=EDGE_LOOP('',(#3076));
#1852=FACE_OUTER_BOUND('',#1853,.T.);
#1853=EDGE_LOOP('',(#3077));
#1854=CYLINDRICAL_SURFACE('',#1855,0.5);
#1855=AXIS2_PLACEMENT_3D('',#1856,#1857,#1858);
#1856=CARTESIAN_POINT('',(2.5,-1.5,8.8));
#1857=DIRECTION('',(0.,0.,1.));
#1858=DIRECTION('',(1.,0.,0.));
#1859=FACE_BOUND('',#1860,.T.);
#1860=EDGE_LOOP('',(#3078,#3079,#3080,#3081));
#1861=PLANE('',#1862);
#1862=AXIS2_PLACEMENT_3D('',#1863,#1864,#1865);
#1863=CARTESIAN_POINT('',(7.5,2.3,8.8));
#1864=DIRECTION('',(-0.351123441588395,-0.936329177569043,0.));
#1865=DIRECTION('',(0.936329177569043,-0.351123441588395,0.));
#1866=FACE_BOUND('',#1867,.T.);
#1867=EDGE_LOOP('',(#3082,#3083,#3084,#3085));
#1868=PLANE('',#1869);
#1869=AXIS2_PLACEMENT_3D('',#1870,#1871,#1872);
#1870=CARTESIAN_POINT('',(8.29999999999998,2.,8.8));
#1871=DIRECTION('',(1.,2.03012210217174E-014,-0.));
#1872=DIRECTION('',(-2.03012210217174E-014,1.,0.));
#1873=FACE_BOUND('',#1874,.T.);
#1874=EDGE_LOOP('',(#3086,#3087,#3088,#3089));
#1875=PLANE('',#1876);
#1876=AXIS2_PLACEMENT_3D('',#1877,#1878,#1879);
#1877=CARTESIAN_POINT('',(8.29999999999995,3.39999999999998,8.8));
#1878=DIRECTION('',(-0.351123441588391,0.936329177569045,0.));
#1879=DIRECTION('',(-0.936329177569045,-0.351123441588391,0.));
#1880=FACE_BOUND('',#1881,.T.);
#1881=EDGE_LOOP('',(#3090,#3091,#3092,#3093));
#1882=CYLINDRICAL_SURFACE('',#1883,0.25);
#1883=AXIS2_PLACEMENT_3D('',#1884,#1885,#1886);
#1884=CARTESIAN_POINT('',(7.5,4.25,13.25));
#1885=DIRECTION('',(-1.,0.,0.));
#1886=DIRECTION('',(0.,-0.,1.));
#1887=FACE_BOUND('',#1888,.T.);
#1888=EDGE_LOOP('',(#3094,#3095,#3096,#3097,#3098,#3099,#3100,#3101,#3102,#3103,
#3104));
#1889=PLANE('',#1890);
#1890=AXIS2_PLACEMENT_3D('',#1891,#1892,#1893);
#1891=CARTESIAN_POINT('',(6.6,2.17485631709315,8.8));
#1892=DIRECTION('',(1.,0.,0.));
#1893=DIRECTION('',(0.,1.,0.));
#1894=FACE_BOUND('',#1895,.T.);
#1895=EDGE_LOOP('',(#3105,#3106,#3107,#3108));
#1896=CYLINDRICAL_SURFACE('',#1897,2.7);
#1897=AXIS2_PLACEMENT_3D('',#1898,#1899,#1900);
#1898=CARTESIAN_POINT('',(5.,0.,8.8));
#1899=DIRECTION('',(-0.,-0.,-1.));
#1900=DIRECTION('',(-0.759259259259258,0.650788273733541,0.));
#1901=FACE_BOUND('',#1902,.T.);
#1902=EDGE_LOOP('',(#3109,#3110,#3111,#3112,#3113,#3114,#3115,#3116,#3117,#3118,
#3119));
#1903=PLANE('',#1904);
#1904=AXIS2_PLACEMENT_3D('',#1905,#1906,#1907);
#1905=CARTESIAN_POINT('',(2.95,3.5,8.8));
#1906=DIRECTION('',(-1.,0.,0.));
#1907=DIRECTION('',(0.,-1.,0.));
#1908=FACE_BOUND('',#1909,.T.);
#1909=EDGE_LOOP('',(#3120,#3121,#3122,#3123));
#1910=CYLINDRICAL_SURFACE('',#1911,0.25);
#1911=AXIS2_PLACEMENT_3D('',#1912,#1913,#1914);
#1912=CARTESIAN_POINT('',(7.5,4.25,13.25));
#1913=DIRECTION('',(-1.,0.,0.));
#1914=DIRECTION('',(0.,-0.,1.));
#1915=FACE_BOUND('',#1916,.T.);
#1916=EDGE_LOOP('',(#3124,#3125,#3126,#3127,#3128,#3129,#3130,#3131,#3132,#3133,
#3134));
#1917=PLANE('',#1918);
#1918=AXIS2_PLACEMENT_3D('',#1919,#1920,#1921);
#1919=CARTESIAN_POINT('',(2.05,1.75712833969042,8.8));
#1920=DIRECTION('',(1.,0.,0.));
#1921=DIRECTION('',(0.,1.,0.));
#1922=FACE_BOUND('',#1923,.T.);
#1923=EDGE_LOOP('',(#3135,#3136,#3137,#3138));
#1924=CYLINDRICAL_SURFACE('',#1925,2.7);
#1925=AXIS2_PLACEMENT_3D('',#1926,#1927,#1928);
#1926=CARTESIAN_POINT('',(0.,0.,8.8));
#1927=DIRECTION('',(-0.,-0.,-1.));
#1928=DIRECTION('',(-0.407407407381529,0.913246518969911,0.));
#1929=FACE_BOUND('',#1930,.T.);
#1930=EDGE_LOOP('',(#3139,#3140,#3141,#3142,#3143));
#1931=PLANE('',#1932);
#1932=AXIS2_PLACEMENT_3D('',#1933,#1934,#1935);
#1933=CARTESIAN_POINT('',(-1.1,3.5,8.8));
#1934=DIRECTION('',(-1.,0.,0.));
#1935=DIRECTION('',(0.,-1.,0.));
#1936=FACE_BOUND('',#1937,.T.);
#1937=EDGE_LOOP('',(#3144,#3145,#3146,#3147));
#1938=PLANE('',#1939);
#1939=AXIS2_PLACEMENT_3D('',#1940,#1941,#1942);
#1940=CARTESIAN_POINT('',(-1.6,4.,13.));
#1941=DIRECTION('',(-0.707106781186546,-0.707106781186549,0.));
#1942=DIRECTION('',(0.707106781186549,-0.707106781186546,0.));
#1943=FACE_BOUND('',#1944,.T.);
#1944=EDGE_LOOP('',(#3148,#3149,#3150,#3151,#3152,#3153,#3154,#3155));
#1945=PLANE('',#1946);
#1946=AXIS2_PLACEMENT_3D('',#1947,#1948,#1949);
#1947=CARTESIAN_POINT('',(-1.6,-4.5,0.));
#1948=DIRECTION('',(-1.,0.,0.));
#1949=DIRECTION('',(0.,0.,1.));
#1950=FACE_BOUND('',#1951,.T.);
#1951=EDGE_LOOP('',(#3156,#3157,#3158,#3159));
#1952=CYLINDRICAL_SURFACE('',#1953,0.25);
#1953=AXIS2_PLACEMENT_3D('',#1954,#1955,#1956);
#1954=CARTESIAN_POINT('',(7.5,4.25,13.25));
#1955=DIRECTION('',(-1.,0.,0.));
#1956=DIRECTION('',(0.,-0.,1.));
#1957=FACE_BOUND('',#1958,.T.);
#1958=EDGE_LOOP('',(#3160,#3161,#3162,#3163,#3164,#3165,#3166,#3167,#3168,#3169,
#3170,#3171,#3172,#3173,#3174,#3175,#3176));
#1959=PLANE('',#1960);
#1960=AXIS2_PLACEMENT_3D('',#1961,#1962,#1963);
#1961=CARTESIAN_POINT('',(-2.5,0.,0.));
#1962=DIRECTION('',(-1.,0.,0.));
#1963=DIRECTION('',(0.,0.,-1.));
#1964=FACE_BOUND('',#1965,.T.);
#1965=EDGE_LOOP('',(#3177,#3178,#3179,#3180));
#1966=PLANE('',#1967);
#1967=AXIS2_PLACEMENT_3D('',#1968,#1969,#1970);
#1968=CARTESIAN_POINT('',(-1.7,3.4,8.8));
#1969=DIRECTION('',(-0.351123441588391,0.936329177569045,0.));
#1970=DIRECTION('',(-0.936329177569045,-0.351123441588391,0.));
#1971=FACE_BOUND('',#1972,.T.);
#1972=EDGE_LOOP('',(#3181,#3182,#3183,#3184));
#1973=PLANE('',#1974);
#1974=AXIS2_PLACEMENT_3D('',#1975,#1976,#1977);
#1975=CARTESIAN_POINT('',(-1.7,2.,8.8));
#1976=DIRECTION('',(1.,0.,0.));
#1977=DIRECTION('',(0.,1.,0.));
#1978=FACE_BOUND('',#1979,.T.);
#1979=EDGE_LOOP('',(#3185,#3186,#3187,#3188));
#1980=PLANE('',#1981);
#1981=AXIS2_PLACEMENT_3D('',#1982,#1983,#1984);
#1982=CARTESIAN_POINT('',(-2.5,2.3,8.8));
#1983=DIRECTION('',(-0.351123441588391,-0.936329177569045,0.));
#1984=DIRECTION('',(0.936329177569045,-0.351123441588391,0.));
#1985=FACE_BOUND('',#1986,.T.);
#1986=EDGE_LOOP('',(#3189,#3190,#3191,#3192));
#1987=CYLINDRICAL_SURFACE('',#1988,0.5);
#1988=AXIS2_PLACEMENT_3D('',#1989,#1990,#1991);
#1989=CARTESIAN_POINT('',(-2.5,-1.5,8.8));
#1990=DIRECTION('',(0.,0.,1.));
#1991=DIRECTION('',(1.,0.,0.));
#1992=FACE_BOUND('',#1993,.T.);
#1993=EDGE_LOOP('',(#3193,#3194,#3195,#3196));
#1994=CYLINDRICAL_SURFACE('',#1995,0.25);
#1995=AXIS2_PLACEMENT_3D('',#1996,#1997,#1998);
#1996=CARTESIAN_POINT('',(7.5,-2.28447650275517,13.25));
#1997=DIRECTION('',(-1.,0.,0.));
#1998=DIRECTION('',(0.,-0.989090177883092,0.147311303080222));
#1999=FACE_OUTER_BOUND('',#2000,.T.);
#2000=EDGE_LOOP('',(#3197));
#2001=FACE_OUTER_BOUND('',#2002,.T.);
#2002=EDGE_LOOP('',(#3198));
#2003=TOROIDAL_SURFACE('',#2004,2.,0.15);
#2004=AXIS2_PLACEMENT_3D('',#2005,#2006,#2007);
#2005=CARTESIAN_POINT('',(0.,-5.10136967492292E-030,13.35));
#2006=DIRECTION('',(-0.,1.21461182736277E-031,1.));
#2007=DIRECTION('',(0.,1.,-1.21461182736277E-031));
#2008=FACE_OUTER_BOUND('',#2009,.T.);
#2009=EDGE_LOOP('',(#3199));
#2010=FACE_OUTER_BOUND('',#2011,.T.);
#2011=EDGE_LOOP('',(#3200));
#2012=TOROIDAL_SURFACE('',#2013,2.,0.15);
#2013=AXIS2_PLACEMENT_3D('',#2014,#2015,#2016);
#2014=CARTESIAN_POINT('',(5.,-5.10136967492292E-030,13.35));
#2015=DIRECTION('',(-0.,1.21461182736277E-031,1.));
#2016=DIRECTION('',(0.,1.,-1.21461182736277E-031));
#2017=FACE_BOUND('',#2018,.T.);
#2018=EDGE_LOOP('',(#3201,#3202,#3203,#3204));
#2019=PLANE('',#2020);
#2020=AXIS2_PLACEMENT_3D('',#2021,#2022,#2023);
#2021=CARTESIAN_POINT('',(7.5,-3.2,8.8));
#2022=DIRECTION('',(0.,-0.989090177881824,0.147311303088737));
#2023=DIRECTION('',(0.,0.147311303088737,0.989090177881824));
#2024=FACE_BOUND('',#2025,.T.);
#2025=EDGE_LOOP('',(#3205,#3206,#3207,#3208));
#2026=PLANE('',#2027);
#2027=AXIS2_PLACEMENT_3D('',#2028,#2029,#2030);
#2028=CARTESIAN_POINT('',(7.5,-4.25,8.8));
#2029=DIRECTION('',(0.,-0.,1.));
#2030=DIRECTION('',(0.,1.,0.));
#2031=FACE_BOUND('',#2032,.T.);
#2032=EDGE_LOOP('',(#3209,#3210,#3211,#3212));
#2033=CYLINDRICAL_SURFACE('',#2034,0.25);
#2034=AXIS2_PLACEMENT_3D('',#2035,#2036,#2037);
#2035=CARTESIAN_POINT('',(7.5,-4.25,8.55));
#2036=DIRECTION('',(-1.,0.,0.));
#2037=DIRECTION('',(0.,-1.,0.));
#2038=FACE_BOUND('',#2039,.T.);
#2039=EDGE_LOOP('',(#3213,#3214,#3215,#3216,#3217,#3218,#3219,#3220,#3221,#3222,
#3223,#3224,#3225,#3226,#3227,#3228,#3229,#3230,#3231,#3232,#3233,#3234,#3235,#3236,
#3237,#3238,#3239,#3240));
#2040=PLANE('',#2041);
#2041=AXIS2_PLACEMENT_3D('',#2042,#2043,#2044);
#2042=CARTESIAN_POINT('',(7.5,-4.5,4.81482486096809E-035));
#2043=DIRECTION('',(0.,-1.,0.));
#2044=DIRECTION('',(0.,0.,1.));
#2045=FACE_BOUND('',#2046,.T.);
#2046=EDGE_LOOP('',(#3241,#3242,#3243,#3244));
#2047=PLANE('',#2048);
#2048=AXIS2_PLACEMENT_3D('',#2049,#2050,#2051);
#2049=CARTESIAN_POINT('',(7.5,4.5,0.));
#2050=DIRECTION('',(-0.,-5.34980540107565E-036,-1.));
#2051=DIRECTION('',(0.,-1.,5.34980540107565E-036));
#2052=FACE_BOUND('',#2053,.T.);
#2053=EDGE_LOOP('',(#3245,#3246,#3247,#3248));
#2054=PLANE('',#2055);
#2055=AXIS2_PLACEMENT_3D('',#2056,#2057,#2058);
#2056=CARTESIAN_POINT('',(7.5,4.5,13.25));
#2057=DIRECTION('',(0.,1.,0.));
#2058=DIRECTION('',(0.,0.,-1.));
#2059=FACE_BOUND('',#2060,.T.);
#2060=EDGE_LOOP('',(#3249,#3250,#3251,#3252));
#2061=PLANE('',#2062);
#2062=AXIS2_PLACEMENT_3D('',#2063,#2064,#2065);
#2063=CARTESIAN_POINT('',(0.,0.,8.8));
#2064=DIRECTION('',(0.,-0.,1.));
#2065=DIRECTION('',(1.,0.,0.));
#2066=FACE_BOUND('',#2067,.T.);
#2067=EDGE_LOOP('',(#3253));
#2068=PLANE('',#2069);
#2069=AXIS2_PLACEMENT_3D('',#2070,#2071,#2072);
#2070=CARTESIAN_POINT('',(5.,0.,8.8));
#2071=DIRECTION('',(0.,-0.,1.));
#2072=DIRECTION('',(1.,0.,0.));
#2073=FACE_BOUND('',#2074,.T.);
#2074=EDGE_LOOP('',(#3254,#3255,#3256,#3257,#3258,#3259,#3260,#3261));
#2075=PLANE('',#2076);
#2076=AXIS2_PLACEMENT_3D('',#2077,#2078,#2079);
#2077=CARTESIAN_POINT('',(2.95,-4.5,0.4));
#2078=DIRECTION('',(0.,0.,1.));
#2079=DIRECTION('',(1.,0.,0.));
#2080=FACE_BOUND('',#2081,.T.);
#2081=EDGE_LOOP('',(#3262,#3263,#3264,#3265));
#2082=PLANE('',#2083);
#2083=AXIS2_PLACEMENT_3D('',#2084,#2085,#2086);
#2084=CARTESIAN_POINT('',(2.95,4.,0.));
#2085=DIRECTION('',(0.,-1.,0.));
#2086=DIRECTION('',(1.,0.,0.));
#2087=FACE_BOUND('',#2088,.T.);
#2088=EDGE_LOOP('',(#3266,#3267,#3268,#3269));
#2089=PLANE('',#2090);
#2090=AXIS2_PLACEMENT_3D('',#2091,#2092,#2093);
#2091=CARTESIAN_POINT('',(0.,0.,13.));
#2092=DIRECTION('',(0.,-0.,1.));
#2093=DIRECTION('',(1.,0.,0.));
#2094=FACE_BOUND('',#2095,.T.);
#2095=EDGE_LOOP('',(#3270,#3271,#3272,#3273));
#2096=PLANE('',#2097);
#2097=AXIS2_PLACEMENT_3D('',#2098,#2099,#2100);
#2098=CARTESIAN_POINT('',(6.6,3.5,8.8));
#2099=DIRECTION('',(0.,1.,-0.));
#2100=DIRECTION('',(-1.,0.,0.));
#2101=FACE_BOUND('',#2102,.T.);
#2102=EDGE_LOOP('',(#3274,#3275,#3276,#3277));
#2103=PLANE('',#2104);
#2104=AXIS2_PLACEMENT_3D('',#2105,#2106,#2107);
#2105=CARTESIAN_POINT('',(0.,0.,8.8));
#2106=DIRECTION('',(0.,-0.,1.));
#2107=DIRECTION('',(1.,0.,0.));
#2108=FACE_BOUND('',#2109,.T.);
#2109=EDGE_LOOP('',(#3278,#3279,#3280,#3281));
#2110=PLANE('',#2111);
#2111=AXIS2_PLACEMENT_3D('',#2112,#2113,#2114);
#2112=CARTESIAN_POINT('',(7.5,4.5,0.));
#2113=DIRECTION('',(-0.,-5.34980540107565E-036,-1.));
#2114=DIRECTION('',(0.,-1.,5.34980540107565E-036));
#2115=FACE_BOUND('',#2116,.T.);
#2116=EDGE_LOOP('',(#3282,#3283,#3284,#3285));
#2117=PLANE('',#2118);
#2118=AXIS2_PLACEMENT_3D('',#2119,#2120,#2121);
#2119=CARTESIAN_POINT('',(7.5,4.5,13.25));
#2120=DIRECTION('',(0.,1.,0.));
#2121=DIRECTION('',(0.,0.,-1.));
#2122=FACE_BOUND('',#2123,.T.);
#2123=EDGE_LOOP('',(#3286,#3287,#3288,#3289,#3290,#3291,#3292,#3293));
#2124=PLANE('',#2125);
#2125=AXIS2_PLACEMENT_3D('',#2126,#2127,#2128);
#2126=CARTESIAN_POINT('',(-1.6,-4.5,0.4));
#2127=DIRECTION('',(0.,0.,1.));
#2128=DIRECTION('',(1.,0.,0.));
#2129=FACE_BOUND('',#2130,.T.);
#2130=EDGE_LOOP('',(#3294,#3295,#3296,#3297));
#2131=PLANE('',#2132);
#2132=AXIS2_PLACEMENT_3D('',#2133,#2134,#2135);
#2133=CARTESIAN_POINT('',(-1.6,4.,0.));
#2134=DIRECTION('',(0.,-1.,0.));
#2135=DIRECTION('',(1.,0.,0.));
#2136=FACE_BOUND('',#2137,.T.);
#2137=EDGE_LOOP('',(#3298,#3299,#3300,#3301));
#2138=PLANE('',#2139);
#2139=AXIS2_PLACEMENT_3D('',#2140,#2141,#2142);
#2140=CARTESIAN_POINT('',(0.,0.,13.));
#2141=DIRECTION('',(0.,-0.,1.));
#2142=DIRECTION('',(1.,0.,0.));
#2143=FACE_BOUND('',#2144,.T.);
#2144=EDGE_LOOP('',(#3302,#3303,#3304,#3305));
#2145=PLANE('',#2146);
#2146=AXIS2_PLACEMENT_3D('',#2147,#2148,#2149);
#2147=CARTESIAN_POINT('',(2.05,3.5,8.8));
#2148=DIRECTION('',(0.,1.,-0.));
#2149=DIRECTION('',(-1.,0.,0.));
#2150=FACE_BOUND('',#2151,.T.);
#2151=EDGE_LOOP('',(#3306,#3307,#3308,#3309));
#2152=PLANE('',#2153);
#2153=AXIS2_PLACEMENT_3D('',#2154,#2155,#2156);
#2154=CARTESIAN_POINT('',(0.,0.,8.8));
#2155=DIRECTION('',(0.,-0.,1.));
#2156=DIRECTION('',(1.,0.,0.));
#2157=FACE_BOUND('',#2158,.T.);
#2158=EDGE_LOOP('',(#3310,#3311,#3312,#3313));
#2159=PLANE('',#2160);
#2160=AXIS2_PLACEMENT_3D('',#2161,#2162,#2163);
#2161=CARTESIAN_POINT('',(7.5,4.5,0.));
#2162=DIRECTION('',(-0.,-5.34980540107565E-036,-1.));
#2163=DIRECTION('',(0.,-1.,5.34980540107565E-036));
#2164=FACE_BOUND('',#2165,.T.);
#2165=EDGE_LOOP('',(#3314,#3315,#3316,#3317));
#2166=PLANE('',#2167);
#2167=AXIS2_PLACEMENT_3D('',#2168,#2169,#2170);
#2168=CARTESIAN_POINT('',(7.5,4.5,13.25));
#2169=DIRECTION('',(0.,1.,0.));
#2170=DIRECTION('',(0.,0.,-1.));
#2171=FACE_BOUND('',#2172,.T.);
#2172=EDGE_LOOP('',(#3318,#3319));
#2173=PLANE('',#2174);
#2174=AXIS2_PLACEMENT_3D('',#2175,#2176,#2177);
#2175=CARTESIAN_POINT('',(0.,0.,8.8));
#2176=DIRECTION('',(0.,-0.,1.));
#2177=DIRECTION('',(1.,0.,0.));
#2178=FACE_BOUND('',#2179,.T.);
#2179=EDGE_LOOP('',(#3320,#3321,#3322,#3323));
#2180=PLANE('',#2181);
#2181=AXIS2_PLACEMENT_3D('',#2182,#2183,#2184);
#2182=CARTESIAN_POINT('',(0.,0.,8.8));
#2183=DIRECTION('',(0.,-0.,1.));
#2184=DIRECTION('',(1.,0.,0.));
#2185=FACE_OUTER_BOUND('',#2186,.T.);
#2186=EDGE_LOOP('',(#3324));
#2187=FACE_OUTER_BOUND('',#2188,.T.);
#2188=EDGE_LOOP('',(#3325));
#2189=CYLINDRICAL_SURFACE('',#2190,2.);
#2190=AXIS2_PLACEMENT_3D('',#2191,#2192,#2193);
#2191=CARTESIAN_POINT('',(0.,-5.79977147565651E-030,7.6));
#2192=DIRECTION('',(-0.,1.21461182736277E-031,1.));
#2193=DIRECTION('',(0.,1.,-1.21461182736277E-031));
#2194=FACE_OUTER_BOUND('',#2195,.T.);
#2195=EDGE_LOOP('',(#3326));
#2196=FACE_OUTER_BOUND('',#2197,.T.);
#2197=EDGE_LOOP('',(#3327));
#2198=CYLINDRICAL_SURFACE('',#2199,2.);
#2199=AXIS2_PLACEMENT_3D('',#2200,#2201,#2202);
#2200=CARTESIAN_POINT('',(5.,-5.79977147565651E-030,7.6));
#2201=DIRECTION('',(-0.,1.21461182736277E-031,1.));
#2202=DIRECTION('',(0.,1.,-1.21461182736277E-031));
#2203=FACE_BOUND('',#2204,.T.);
#2204=EDGE_LOOP('',(#3328,#3329,#3330,#3331));
#2205=PLANE('',#2206);
#2206=AXIS2_PLACEMENT_3D('',#2207,#2208,#2209);
#2207=CARTESIAN_POINT('',(4.05,-1.42339279839099E-018,0.));
#2208=DIRECTION('',(-1.,0.,0.));
#2209=DIRECTION('',(0.,-1.,0.));
#2210=FACE_BOUND('',#2211,.T.);
#2211=EDGE_LOOP('',(#3332,#3333,#3334,#3335,#3336,#3337,#3338,#3339,#3340,#3341,
#3342,#3343,#3344,#3345));
#2212=PLANE('',#2213);
#2213=AXIS2_PLACEMENT_3D('',#2214,#2215,#2216);
#2214=CARTESIAN_POINT('',(7.05,-4.5,1.));
#2215=DIRECTION('',(0.,0.,-1.));
#2216=DIRECTION('',(-1.,0.,0.));
#2217=FACE_BOUND('',#2218,.T.);
#2218=EDGE_LOOP('',(#3346,#3347,#3348,#3349));
#2219=PLANE('',#2220);
#2220=AXIS2_PLACEMENT_3D('',#2221,#2222,#2223);
#2221=CARTESIAN_POINT('',(2.8,-4.5,9.54848645167277));
#2222=DIRECTION('',(0.939692620785909,-0.342020143325668,0.));
#2223=DIRECTION('',(0.,0.,-1.));
#2224=FACE_BOUND('',#2225,.T.);
#2225=EDGE_LOOP('',(#3350,#3351,#3352,#3353,#3354,#3355,#3356,#3357,#3358,#3359));
#2226=FACE_BOUND('',#2227,.T.);
#2227=EDGE_LOOP('',(#3360));
#2228=PLANE('',#2229);
#2229=AXIS2_PLACEMENT_3D('',#2230,#2231,#2232);
#2230=CARTESIAN_POINT('',(2.95,-4.5,7.3));
#2231=DIRECTION('',(0.,0.,1.));
#2232=DIRECTION('',(1.,0.,0.));
#2233=FACE_BOUND('',#2234,.T.);
#2234=EDGE_LOOP('',(#3361,#3362,#3363,#3364));
#2235=PLANE('',#2236);
#2236=AXIS2_PLACEMENT_3D('',#2237,#2238,#2239);
#2237=CARTESIAN_POINT('',(7.2,-4.5,-0.124243225836386));
#2238=DIRECTION('',(-0.939692620785908,-0.342020143325669,0.));
#2239=DIRECTION('',(0.,0.,1.));
#2240=FACE_BOUND('',#2241,.T.);
#2241=EDGE_LOOP('',(#3365,#3366,#3367,#3368));
#2242=PLANE('',#2243);
#2243=AXIS2_PLACEMENT_3D('',#2244,#2245,#2246);
#2244=CARTESIAN_POINT('',(5.95,-4.5,0.));
#2245=DIRECTION('',(1.,0.,0.));
#2246=DIRECTION('',(0.,1.,0.));
#2247=FACE_BOUND('',#2248,.T.);
#2248=EDGE_LOOP('',(#3369,#3370,#3371,#3372));
#2249=PLANE('',#2250);
#2250=AXIS2_PLACEMENT_3D('',#2251,#2252,#2253);
#2251=CARTESIAN_POINT('',(-0.95,-1.42339279839099E-018,0.));
#2252=DIRECTION('',(-1.,0.,0.));
#2253=DIRECTION('',(0.,-1.,0.));
#2254=FACE_BOUND('',#2255,.T.);
#2255=EDGE_LOOP('',(#3373,#3374,#3375,#3376,#3377,#3378,#3379,#3380,#3381,#3382,
#3383,#3384,#3385,#3386));
#2256=PLANE('',#2257);
#2257=AXIS2_PLACEMENT_3D('',#2258,#2259,#2260);
#2258=CARTESIAN_POINT('',(2.05,-4.5,1.));
#2259=DIRECTION('',(0.,0.,-1.));
#2260=DIRECTION('',(-1.,0.,0.));
#2261=FACE_BOUND('',#2262,.T.);
#2262=EDGE_LOOP('',(#3387,#3388,#3389,#3390));
#2263=PLANE('',#2264);
#2264=AXIS2_PLACEMENT_3D('',#2265,#2266,#2267);
#2265=CARTESIAN_POINT('',(-2.2,-4.5,9.54848645167277));
#2266=DIRECTION('',(0.939692620785909,-0.342020143325668,0.));
#2267=DIRECTION('',(0.,0.,-1.));
#2268=FACE_BOUND('',#2269,.T.);
#2269=EDGE_LOOP('',(#3391,#3392,#3393,#3394,#3395,#3396,#3397,#3398,#3399,#3400));
#2270=FACE_BOUND('',#2271,.T.);
#2271=EDGE_LOOP('',(#3401));
#2272=PLANE('',#2273);
#2273=AXIS2_PLACEMENT_3D('',#2274,#2275,#2276);
#2274=CARTESIAN_POINT('',(-2.05,-4.5,7.3));
#2275=DIRECTION('',(0.,0.,1.));
#2276=DIRECTION('',(1.,0.,0.));
#2277=FACE_BOUND('',#2278,.T.);
#2278=EDGE_LOOP('',(#3402,#3403,#3404,#3405));
#2279=PLANE('',#2280);
#2280=AXIS2_PLACEMENT_3D('',#2281,#2282,#2283);
#2281=CARTESIAN_POINT('',(2.2,-4.5,-0.124243225836386));
#2282=DIRECTION('',(-0.939692620785909,-0.342020143325668,0.));
#2283=DIRECTION('',(0.,0.,1.));
#2284=FACE_BOUND('',#2285,.T.);
#2285=EDGE_LOOP('',(#3406,#3407,#3408,#3409));
#2286=PLANE('',#2287);
#2287=AXIS2_PLACEMENT_3D('',#2288,#2289,#2290);
#2288=CARTESIAN_POINT('',(0.95,-4.5,0.));
#2289=DIRECTION('',(1.,0.,0.));
#2290=DIRECTION('',(0.,1.,0.));
#2291=FACE_BOUND('',#2292,.T.);
#2292=EDGE_LOOP('',(#3410,#3411,#3412,#3413));
#2293=CYLINDRICAL_SURFACE('',#2294,0.95);
#2294=AXIS2_PLACEMENT_3D('',#2295,#2296,#2297);
#2295=CARTESIAN_POINT('',(5.,0.,0.));
#2296=DIRECTION('',(0.,0.,1.));
#2297=DIRECTION('',(1.,0.,0.));
#2298=FACE_BOUND('',#2299,.T.);
#2299=EDGE_LOOP('',(#3414,#3415,#3416,#3417));
#2300=CYLINDRICAL_SURFACE('',#2301,0.95);
#2301=AXIS2_PLACEMENT_3D('',#2302,#2303,#2304);
#2302=CARTESIAN_POINT('',(0.,0.,0.));
#2303=DIRECTION('',(0.,0.,1.));
#2304=DIRECTION('',(1.,0.,0.));
#2305=FACE_OUTER_BOUND('',#2306,.T.);
#2306=EDGE_LOOP('',(#3418));
#2307=FACE_OUTER_BOUND('',#2308,.T.);
#2308=EDGE_LOOP('',(#3419));
#2309=CONICAL_SURFACE('',#2310,1.75,1.19028994968253);
#2310=AXIS2_PLACEMENT_3D('',#2311,#2312,#2313);
#2311=CARTESIAN_POINT('',(0.,-5.81191759393014E-030,7.5));
#2312=DIRECTION('',(0.,1.21461182736277E-031,1.));
#2313=DIRECTION('',(0.,1.,-1.21461182736277E-031));
#2314=FACE_OUTER_BOUND('',#2315,.T.);
#2315=EDGE_LOOP('',(#3420));
#2316=FACE_OUTER_BOUND('',#2317,.T.);
#2317=EDGE_LOOP('',(#3421));
#2318=CONICAL_SURFACE('',#2319,1.75,1.19028994968253);
#2319=AXIS2_PLACEMENT_3D('',#2320,#2321,#2322);
#2320=CARTESIAN_POINT('',(5.,-5.81191759393014E-030,7.5));
#2321=DIRECTION('',(0.,1.21461182736277E-031,1.));
#2322=DIRECTION('',(0.,1.,-1.21461182736277E-031));
#2323=FACE_BOUND('',#2324,.T.);
#2324=EDGE_LOOP('',(#3422,#3423,#3424,#3425,#3426,#3427,#3428,#3429));
#2325=PLANE('',#2326);
#2326=AXIS2_PLACEMENT_3D('',#2327,#2328,#2329);
#2327=CARTESIAN_POINT('',(7.05,-4.5,7.3));
#2328=DIRECTION('',(1.,-0.,0.));
#2329=DIRECTION('',(0.,0.,-1.));
#2330=FACE_BOUND('',#2331,.T.);
#2331=EDGE_LOOP('',(#3430,#3431,#3432));
#2332=PLANE('',#2333);
#2333=AXIS2_PLACEMENT_3D('',#2334,#2335,#2336);
#2334=CARTESIAN_POINT('',(5.,2.5,0.));
#2335=DIRECTION('',(-0.,1.,0.));
#2336=DIRECTION('',(1.,0.,0.));
#2337=FACE_BOUND('',#2338,.T.);
#2338=EDGE_LOOP('',(#3433,#3434,#3435,#3436));
#2339=PLANE('',#2340);
#2340=AXIS2_PLACEMENT_3D('',#2341,#2342,#2343);
#2341=CARTESIAN_POINT('',(7.05,0.,2.07257823333479));
#2342=DIRECTION('',(0.766044443118978,0.,-0.642787609686539));
#2343=DIRECTION('',(-0.642787609686539,0.,-0.766044443118978));
#2344=FACE_BOUND('',#2345,.T.);
#2345=EDGE_LOOP('',(#3437,#3438,#3439,#3440,#3441,#3442,#3443,#3444));
#2346=PLANE('',#2347);
#2347=AXIS2_PLACEMENT_3D('',#2348,#2349,#2350);
#2348=CARTESIAN_POINT('',(5.,3.5,0.));
#2349=DIRECTION('',(-0.,1.,0.));
#2350=DIRECTION('',(1.,0.,0.));
#2351=FACE_BOUND('',#2352,.T.);
#2352=EDGE_LOOP('',(#3445,#3446,#3447,#3448));
#2353=PLANE('',#2354);
#2354=AXIS2_PLACEMENT_3D('',#2355,#2356,#2357);
#2355=CARTESIAN_POINT('',(3.85,0.,1.));
#2356=DIRECTION('',(-0.766044443118978,0.,-0.642787609686539));
#2357=DIRECTION('',(-0.642787609686539,0.,0.766044443118978));
#2358=FACE_BOUND('',#2359,.T.);
#2359=EDGE_LOOP('',(#3449,#3450,#3451));
#2360=PLANE('',#2361);
#2361=AXIS2_PLACEMENT_3D('',#2362,#2363,#2364);
#2362=CARTESIAN_POINT('',(5.,2.5,0.));
#2363=DIRECTION('',(-0.,1.,0.));
#2364=DIRECTION('',(1.,0.,0.));
#2365=FACE_BOUND('',#2366,.T.);
#2366=EDGE_LOOP('',(#3452,#3453,#3454,#3455,#3456,#3457,#3458,#3459));
#2367=PLANE('',#2368);
#2368=AXIS2_PLACEMENT_3D('',#2369,#2370,#2371);
#2369=CARTESIAN_POINT('',(2.95,-4.5,1.));
#2370=DIRECTION('',(-1.,0.,0.));
#2371=DIRECTION('',(0.,0.,1.));
#2372=FACE_BOUND('',#2373,.T.);
#2373=EDGE_LOOP('',(#3460,#3461,#3462));
#2374=PLANE('',#2375);
#2375=AXIS2_PLACEMENT_3D('',#2376,#2377,#2378);
#2376=CARTESIAN_POINT('',(5.,2.5,0.));
#2377=DIRECTION('',(-0.,1.,0.));
#2378=DIRECTION('',(1.,0.,0.));
#2379=FACE_BOUND('',#2380,.T.);
#2380=EDGE_LOOP('',(#3463,#3464,#3465,#3466));
#2381=PLANE('',#2382);
#2382=AXIS2_PLACEMENT_3D('',#2383,#2384,#2385);
#2383=CARTESIAN_POINT('',(2.95,0.,6.22742176666521));
#2384=DIRECTION('',(-0.766044443118978,0.,0.642787609686539));
#2385=DIRECTION('',(0.642787609686539,0.,0.766044443118978));
#2386=FACE_BOUND('',#2387,.T.);
#2387=EDGE_LOOP('',(#3467,#3468,#3469,#3470));
#2388=PLANE('',#2389);
#2389=AXIS2_PLACEMENT_3D('',#2390,#2391,#2392);
#2390=CARTESIAN_POINT('',(6.15,0.,7.3));
#2391=DIRECTION('',(0.766044443118978,-0.,0.642787609686539));
#2392=DIRECTION('',(0.642787609686539,0.,-0.766044443118978));
#2393=FACE_BOUND('',#2394,.T.);
#2394=EDGE_LOOP('',(#3471,#3472,#3473));
#2395=PLANE('',#2396);
#2396=AXIS2_PLACEMENT_3D('',#2397,#2398,#2399);
#2397=CARTESIAN_POINT('',(5.,2.5,0.));
#2398=DIRECTION('',(-0.,1.,0.));
#2399=DIRECTION('',(1.,0.,0.));
#2400=FACE_OUTER_BOUND('',#2401,.T.);
#2401=EDGE_LOOP('',(#3474));
#2402=FACE_OUTER_BOUND('',#2403,.T.);
#2403=EDGE_LOOP('',(#3475));
#2404=CYLINDRICAL_SURFACE('',#2405,1.5);
#2405=AXIS2_PLACEMENT_3D('',#2406,#2407,#2408);
#2406=CARTESIAN_POINT('',(5.,-5.8362098304774E-030,7.3));
#2407=DIRECTION('',(-0.,1.21461182736277E-031,1.));
#2408=DIRECTION('',(0.,1.,-1.21461182736277E-031));
#2409=FACE_BOUND('',#2410,.T.);
#2410=EDGE_LOOP('',(#3476,#3477,#3478,#3479,#3480,#3481,#3482,#3483));
#2411=PLANE('',#2412);
#2412=AXIS2_PLACEMENT_3D('',#2413,#2414,#2415);
#2413=CARTESIAN_POINT('',(2.05,-4.5,7.3));
#2414=DIRECTION('',(1.,-0.,0.));
#2415=DIRECTION('',(0.,0.,-1.));
#2416=FACE_BOUND('',#2417,.T.);
#2417=EDGE_LOOP('',(#3484,#3485,#3486));
#2418=PLANE('',#2419);
#2419=AXIS2_PLACEMENT_3D('',#2420,#2421,#2422);
#2420=CARTESIAN_POINT('',(0.,2.5,0.));
#2421=DIRECTION('',(-0.,1.,0.));
#2422=DIRECTION('',(1.,0.,0.));
#2423=FACE_BOUND('',#2424,.T.);
#2424=EDGE_LOOP('',(#3487,#3488,#3489,#3490));
#2425=PLANE('',#2426);
#2426=AXIS2_PLACEMENT_3D('',#2427,#2428,#2429);
#2427=CARTESIAN_POINT('',(2.05,0.,2.07257823333479));
#2428=DIRECTION('',(0.766044443118978,0.,-0.642787609686539));
#2429=DIRECTION('',(-0.642787609686539,0.,-0.766044443118978));
#2430=FACE_BOUND('',#2431,.T.);
#2431=EDGE_LOOP('',(#3491,#3492,#3493,#3494,#3495,#3496,#3497,#3498));
#2432=PLANE('',#2433);
#2433=AXIS2_PLACEMENT_3D('',#2434,#2435,#2436);
#2434=CARTESIAN_POINT('',(0.,3.5,0.));
#2435=DIRECTION('',(-0.,1.,0.));
#2436=DIRECTION('',(1.,0.,0.));
#2437=FACE_BOUND('',#2438,.T.);
#2438=EDGE_LOOP('',(#3499,#3500,#3501,#3502));
#2439=PLANE('',#2440);
#2440=AXIS2_PLACEMENT_3D('',#2441,#2442,#2443);
#2441=CARTESIAN_POINT('',(-1.15,0.,1.));
#2442=DIRECTION('',(-0.766044443118978,0.,-0.642787609686539));
#2443=DIRECTION('',(-0.642787609686539,0.,0.766044443118978));
#2444=FACE_BOUND('',#2445,.T.);
#2445=EDGE_LOOP('',(#3503,#3504,#3505));
#2446=PLANE('',#2447);
#2447=AXIS2_PLACEMENT_3D('',#2448,#2449,#2450);
#2448=CARTESIAN_POINT('',(0.,2.5,0.));
#2449=DIRECTION('',(-0.,1.,0.));
#2450=DIRECTION('',(1.,0.,0.));
#2451=FACE_BOUND('',#2452,.T.);
#2452=EDGE_LOOP('',(#3506,#3507,#3508,#3509,#3510,#3511,#3512,#3513));
#2453=PLANE('',#2454);
#2454=AXIS2_PLACEMENT_3D('',#2455,#2456,#2457);
#2455=CARTESIAN_POINT('',(-2.05,-4.5,1.));
#2456=DIRECTION('',(-1.,0.,0.));
#2457=DIRECTION('',(0.,0.,1.));
#2458=FACE_BOUND('',#2459,.T.);
#2459=EDGE_LOOP('',(#3514,#3515,#3516));
#2460=PLANE('',#2461);
#2461=AXIS2_PLACEMENT_3D('',#2462,#2463,#2464);
#2462=CARTESIAN_POINT('',(0.,2.5,0.));
#2463=DIRECTION('',(-0.,1.,0.));
#2464=DIRECTION('',(1.,0.,0.));
#2465=FACE_BOUND('',#2466,.T.);
#2466=EDGE_LOOP('',(#3517,#3518,#3519,#3520));
#2467=PLANE('',#2468);
#2468=AXIS2_PLACEMENT_3D('',#2469,#2470,#2471);
#2469=CARTESIAN_POINT('',(-2.05,0.,6.22742176666521));
#2470=DIRECTION('',(-0.766044443118978,0.,0.642787609686539));
#2471=DIRECTION('',(0.642787609686539,0.,0.766044443118978));
#2472=FACE_BOUND('',#2473,.T.);
#2473=EDGE_LOOP('',(#3521,#3522,#3523,#3524));
#2474=PLANE('',#2475);
#2475=AXIS2_PLACEMENT_3D('',#2476,#2477,#2478);
#2476=CARTESIAN_POINT('',(1.15,0.,7.3));
#2477=DIRECTION('',(0.766044443118978,-0.,0.642787609686539));
#2478=DIRECTION('',(0.642787609686539,0.,-0.766044443118978));
#2479=FACE_BOUND('',#2480,.T.);
#2480=EDGE_LOOP('',(#3525,#3526,#3527));
#2481=PLANE('',#2482);
#2482=AXIS2_PLACEMENT_3D('',#2483,#2484,#2485);
#2483=CARTESIAN_POINT('',(0.,2.5,0.));
#2484=DIRECTION('',(-0.,1.,0.));
#2485=DIRECTION('',(1.,0.,0.));
#2486=FACE_OUTER_BOUND('',#2487,.T.);
#2487=EDGE_LOOP('',(#3528));
#2488=FACE_OUTER_BOUND('',#2489,.T.);
#2489=EDGE_LOOP('',(#3529));
#2490=CYLINDRICAL_SURFACE('',#2491,1.5);
#2491=AXIS2_PLACEMENT_3D('',#2492,#2493,#2494);
#2492=CARTESIAN_POINT('',(0.,-5.8362098304774E-030,7.3));
#2493=DIRECTION('',(-0.,1.21461182736277E-031,1.));
#2494=DIRECTION('',(0.,1.,-1.21461182736277E-031));
#2495=COMPOSITE_CURVE_SEGMENT(.DISCONTINUOUS.,.T.,#3530);
#2496=COMPOSITE_CURVE_SEGMENT(.DISCONTINUOUS.,.T.,#3531);
#2497=FACE_BOUND('',#2498,.T.);
#2498=EDGE_LOOP('',(#3532,#3533,#3534,#3535));
#2499=PLANE('',#2500);
#2500=AXIS2_PLACEMENT_3D('',#2501,#2502,#2503);
#2501=CARTESIAN_POINT('',(-0.675,-2.5,5.6));
#2502=DIRECTION('',(0.,0.,1.));
#2503=DIRECTION('',(1.,0.,0.));
#2504=FACE_BOUND('',#2505,.T.);
#2505=EDGE_LOOP('',(#3536,#3537,#3538,#3539));
#2506=PLANE('',#2507);
#2507=AXIS2_PLACEMENT_3D('',#2508,#2509,#2510);
#2508=CARTESIAN_POINT('',(-0.675,-2.5,5.6));
#2509=DIRECTION('',(0.,0.,1.));
#2510=DIRECTION('',(1.,0.,0.));
#2511=FACE_BOUND('',#2512,.T.);
#2512=EDGE_LOOP('',(#3540,#3541,#3542,#3543,#3544,#3545));
#2513=CYLINDRICAL_SURFACE('',#2514,0.675);
#2514=AXIS2_PLACEMENT_3D('',#2515,#2516,#2517);
#2515=CARTESIAN_POINT('',(-0.675,-2.5,4.925));
#2516=DIRECTION('',(0.,1.,0.));
#2517=DIRECTION('',(-1.,0.,-0.));
#2518=FACE_BOUND('',#2519,.T.);
#2519=EDGE_LOOP('',(#3546,#3547,#3548,#3549,#3550,#3551,#3552));
#2520=CYLINDRICAL_SURFACE('',#2521,0.675);
#2521=AXIS2_PLACEMENT_3D('',#2522,#2523,#2524);
#2522=CARTESIAN_POINT('',(0.675,-2.5,4.925));
#2523=DIRECTION('',(0.,1.,0.));
#2524=DIRECTION('',(-1.64477485129653E-016,-0.,1.));
#2525=FACE_BOUND('',#2526,.T.);
#2526=EDGE_LOOP('',(#3553,#3554,#3555,#3556));
#2527=FACE_BOUND('',#2528,.T.);
#2528=EDGE_LOOP('',(#3557));
#2529=PLANE('',#2530);
#2530=AXIS2_PLACEMENT_3D('',#2531,#2532,#2533);
#2531=CARTESIAN_POINT('',(-2.,-2.5,7.));
#2532=DIRECTION('',(0.,0.,1.));
#2533=DIRECTION('',(1.,0.,0.));
#2534=FACE_OUTER_BOUND('',#2535,.T.);
#2535=EDGE_LOOP('',(#3558));
#2536=FACE_BOUND('',#2537,.T.);
#2537=EDGE_LOOP('',(#3559,#3560,#3561,#3562,#3563));
#2538=CYLINDRICAL_SURFACE('',#2539,1.25);
#2539=AXIS2_PLACEMENT_3D('',#2540,#2541,#2542);
#2540=CARTESIAN_POINT('',(0.,0.,4.925));
#2541=DIRECTION('',(0.,0.,1.));
#2542=DIRECTION('',(1.,0.,0.));
#2543=FACE_BOUND('',#2544,.T.);
#2544=EDGE_LOOP('',(#3564,#3565,#3566,#3567));
#2545=FACE_BOUND('',#2546,.T.);
#2546=EDGE_LOOP('',(#3568,#3569,#3570,#3571,#3572,#3573,#3574,#3575));
#2547=PLANE('',#2548);
#2548=AXIS2_PLACEMENT_3D('',#2549,#2550,#2551);
#2549=CARTESIAN_POINT('',(0.,2.5,0.));
#2550=DIRECTION('',(-0.,1.,0.));
#2551=DIRECTION('',(1.,0.,0.));
#2552=FACE_BOUND('',#2553,.T.);
#2553=EDGE_LOOP('',(#3576,#3577,#3578,#3579));
#2554=FACE_BOUND('',#2555,.T.);
#2555=EDGE_LOOP('',(#3580,#3581,#3582,#3583,#3584,#3585,#3586,#3587));
#2556=PLANE('',#2557);
#2557=AXIS2_PLACEMENT_3D('',#2558,#2559,#2560);
#2558=CARTESIAN_POINT('',(0.,-2.5,0.));
#2559=DIRECTION('',(-0.,1.,0.));
#2560=DIRECTION('',(1.,0.,0.));
#2561=FACE_BOUND('',#2562,.T.);
#2562=EDGE_LOOP('',(#3588,#3589,#3590,#3591));
#2563=PLANE('',#2564);
#2564=AXIS2_PLACEMENT_3D('',#2565,#2566,#2567);
#2565=CARTESIAN_POINT('',(-1.35,-2.5,2.675));
#2566=DIRECTION('',(-1.,0.,9.86864910777917E-017));
#2567=DIRECTION('',(9.86864910777917E-017,0.,1.));
#2568=FACE_BOUND('',#2569,.T.);
#2569=EDGE_LOOP('',(#3592,#3593,#3594,#3595));
#2570=PLANE('',#2571);
#2571=AXIS2_PLACEMENT_3D('',#2572,#2573,#2574);
#2572=CARTESIAN_POINT('',(1.35,-2.5,4.925));
#2573=DIRECTION('',(1.,-0.,0.));
#2574=DIRECTION('',(0.,0.,-1.));
#2575=FACE_BOUND('',#2576,.T.);
#2576=EDGE_LOOP('',(#3596,#3597,#3598,#3599));
#2577=PLANE('',#2578);
#2578=AXIS2_PLACEMENT_3D('',#2579,#2580,#2581);
#2579=CARTESIAN_POINT('',(2.,-2.5,7.));
#2580=DIRECTION('',(1.,-0.,0.));
#2581=DIRECTION('',(0.,0.,-1.));
#2582=FACE_BOUND('',#2583,.T.);
#2583=EDGE_LOOP('',(#3600,#3601,#3602,#3603));
#2584=PLANE('',#2585);
#2585=AXIS2_PLACEMENT_3D('',#2586,#2587,#2588);
#2586=CARTESIAN_POINT('',(-2.,-2.5,1.));
#2587=DIRECTION('',(-1.,0.,0.));
#2588=DIRECTION('',(0.,0.,1.));
#2589=FACE_BOUND('',#2590,.T.);
#2590=EDGE_LOOP('',(#3604,#3605,#3606,#3607));
#2591=FACE_BOUND('',#2592,.T.);
#2592=EDGE_LOOP('',(#3608));
#2593=PLANE('',#2594);
#2594=AXIS2_PLACEMENT_3D('',#2595,#2596,#2597);
#2595=CARTESIAN_POINT('',(2.,-2.5,1.));
#2596=DIRECTION('',(0.,0.,-1.));
#2597=DIRECTION('',(-1.,0.,0.));
#2598=FACE_BOUND('',#2599,.T.);
#2599=EDGE_LOOP('',(#3609,#3610,#3611,#3612));
#2600=CYLINDRICAL_SURFACE('',#2601,0.675);
#2601=AXIS2_PLACEMENT_3D('',#2602,#2603,#2604);
#2602=CARTESIAN_POINT('',(-0.675,-2.5,2.675));
#2603=DIRECTION('',(0.,1.,0.));
#2604=DIRECTION('',(0.,0.,-1.));
#2605=FACE_BOUND('',#2606,.T.);
#2606=EDGE_LOOP('',(#3613,#3614,#3615,#3616));
#2607=PLANE('',#2608);
#2608=AXIS2_PLACEMENT_3D('',#2609,#2610,#2611);
#2609=CARTESIAN_POINT('',(0.675,-2.5,2.));
#2610=DIRECTION('',(3.28954970259306E-016,0.,-1.));
#2611=DIRECTION('',(-1.,0.,-3.28954970259306E-016));
#2612=FACE_BOUND('',#2613,.T.);
#2613=EDGE_LOOP('',(#3617,#3618,#3619,#3620));
#2614=CYLINDRICAL_SURFACE('',#2615,0.675);
#2615=AXIS2_PLACEMENT_3D('',#2616,#2617,#2618);
#2616=CARTESIAN_POINT('',(0.675,-2.5,2.675));
#2617=DIRECTION('',(0.,1.,0.));
#2618=DIRECTION('',(1.,0.,0.));
#2619=FACE_OUTER_BOUND('',#2620,.T.);
#2620=EDGE_LOOP('',(#3621));
#2621=FACE_OUTER_BOUND('',#2622,.T.);
#2622=EDGE_LOOP('',(#3622));
#2623=CONICAL_SURFACE('',#2624,0.6,0.5235987755983);
#2624=AXIS2_PLACEMENT_3D('',#2625,#2626,#2627);
#2625=CARTESIAN_POINT('',(-5.65044425872642E-021,0.,0.826794919243113));
#2626=DIRECTION('',(1.9176692154591E-036,-0.,1.));
#2627=DIRECTION('',(1.,0.,-1.9176692154591E-036));
#2628=FACE_OUTER_BOUND('',#2629,.T.);
#2629=EDGE_LOOP('',(#3623));
#2630=FACE_OUTER_BOUND('',#2631,.T.);
#2631=EDGE_LOOP('',(#3624));
#2632=CYLINDRICAL_SURFACE('',#2633,0.5);
#2633=AXIS2_PLACEMENT_3D('',#2634,#2635,#2636);
#2634=CARTESIAN_POINT('',(-5.65044425872643E-021,0.,-3.8653311938735));
#2635=DIRECTION('',(1.9176692154591E-036,-0.,1.));
#2636=DIRECTION('',(1.,0.,-1.9176692154591E-036));
#2637=FACE_OUTER_BOUND('',#2638,.T.);
#2638=EDGE_LOOP('',(#3625));
#2639=SPHERICAL_SURFACE('',#2640,0.65);
#2640=AXIS2_PLACEMENT_3D('',#2641,#2642,#2643);
#2641=CARTESIAN_POINT('',(-5.65044425872642E-021,0.,-3.45));
#2642=DIRECTION('',(1.9176692154591E-036,-0.,1.));
#2643=DIRECTION('',(1.,0.,-1.9176692154591E-036));
#2644=FACE_BOUND('',#2645,.T.);
#2645=EDGE_LOOP('',(#3626,#3627,#3628,#3629,#3630,#3631,#3632,#3633,#3634,#3635));
#2646=FACE_BOUND('',#2647,.T.);
#2647=EDGE_LOOP('',(#3636));
#2648=PLANE('',#2649);
#2649=AXIS2_PLACEMENT_3D('',#2650,#2651,#2652);
#2650=CARTESIAN_POINT('',(0.,0.,7.));
#2651=DIRECTION('',(0.,0.,1.));
#2652=DIRECTION('',(1.,0.,0.));
#2653=FACE_BOUND('',#2654,.T.);
#2654=EDGE_LOOP('',(#3637,#3638,#3639,#3640,#3641,#3642,#3643,#3644,#3645,#3646));
#2655=FACE_BOUND('',#2656,.T.);
#2656=EDGE_LOOP('',(#3647));
#2657=PLANE('',#2658);
#2658=AXIS2_PLACEMENT_3D('',#2659,#2660,#2661);
#2659=CARTESIAN_POINT('',(0.,0.,7.2));
#2660=DIRECTION('',(0.,0.,1.));
#2661=DIRECTION('',(1.,0.,0.));
#2662=FACE_OUTER_BOUND('',#2663,.T.);
#2663=EDGE_LOOP('',(#3648));
#2664=FACE_OUTER_BOUND('',#2665,.T.);
#2665=EDGE_LOOP('',(#3649));
#2666=CYLINDRICAL_SURFACE('',#2667,1.525);
#2667=AXIS2_PLACEMENT_3D('',#2668,#2669,#2670);
#2668=CARTESIAN_POINT('',(0.,0.,7.));
#2669=DIRECTION('',(0.,0.,1.));
#2670=DIRECTION('',(1.,0.,0.));
#2671=FACE_BOUND('',#2672,.T.);
#2672=EDGE_LOOP('',(#3650,#3651,#3652,#3653));
#2673=PLANE('',#2674);
#2674=AXIS2_PLACEMENT_3D('',#2675,#2676,#2677);
#2675=CARTESIAN_POINT('',(-1.1,2.7,7.));
#2676=DIRECTION('',(-1.,0.,0.));
#2677=DIRECTION('',(0.,-1.,0.));
#2678=FACE_BOUND('',#2679,.T.);
#2679=EDGE_LOOP('',(#3654,#3655,#3656,#3657));
#2680=PLANE('',#2681);
#2681=AXIS2_PLACEMENT_3D('',#2682,#2683,#2684);
#2682=CARTESIAN_POINT('',(1.1,2.7,7.));
#2683=DIRECTION('',(0.,1.,-0.));
#2684=DIRECTION('',(-1.,0.,0.));
#2685=FACE_BOUND('',#2686,.T.);
#2686=EDGE_LOOP('',(#3658,#3659,#3660,#3661));
#2687=PLANE('',#2688);
#2688=AXIS2_PLACEMENT_3D('',#2689,#2690,#2691);
#2689=CARTESIAN_POINT('',(1.1,1.8,7.));
#2690=DIRECTION('',(1.,0.,0.));
#2691=DIRECTION('',(0.,1.,0.));
#2692=FACE_BOUND('',#2693,.T.);
#2693=EDGE_LOOP('',(#3662,#3663,#3664,#3665));
#2694=PLANE('',#2695);
#2695=AXIS2_PLACEMENT_3D('',#2696,#2697,#2698);
#2696=CARTESIAN_POINT('',(1.95,1.49062530087373,7.));
#2697=DIRECTION('',(0.342020143325669,0.939692620785908,-0.));
#2698=DIRECTION('',(-0.939692620785908,0.342020143325669,0.));
#2699=FACE_BOUND('',#2700,.T.);
#2700=EDGE_LOOP('',(#3666,#3667,#3668,#3669));
#2701=PLANE('',#2702);
#2702=AXIS2_PLACEMENT_3D('',#2703,#2704,#2705);
#2703=CARTESIAN_POINT('',(1.95,-2.24522083601366,7.));
#2704=DIRECTION('',(1.,-5.94362285782019E-017,0.));
#2705=DIRECTION('',(5.94362285782019E-017,1.,0.));
#2706=FACE_BOUND('',#2707,.T.);
#2707=EDGE_LOOP('',(#3670,#3671,#3672,#3673));
#2708=PLANE('',#2709);
#2709=AXIS2_PLACEMENT_3D('',#2710,#2711,#2712);
#2710=CARTESIAN_POINT('',(1.25,-2.5,7.));
#2711=DIRECTION('',(0.342020143325668,-0.939692620785909,0.));
#2712=DIRECTION('',(0.939692620785909,0.342020143325668,0.));
#2713=FACE_BOUND('',#2714,.T.);
#2714=EDGE_LOOP('',(#3674,#3675,#3676,#3677));
#2715=PLANE('',#2716);
#2716=AXIS2_PLACEMENT_3D('',#2717,#2718,#2719);
#2717=CARTESIAN_POINT('',(-1.95,-2.24522083601366,7.));
#2718=DIRECTION('',(-0.342020143325669,-0.939692620785908,0.));
#2719=DIRECTION('',(0.939692620785908,-0.342020143325669,0.));
#2720=FACE_BOUND('',#2721,.T.);
#2721=EDGE_LOOP('',(#3678,#3679,#3680,#3681));
#2722=PLANE('',#2723);
#2723=AXIS2_PLACEMENT_3D('',#2724,#2725,#2726);
#2724=CARTESIAN_POINT('',(-1.95,1.49062530087373,7.));
#2725=DIRECTION('',(-1.,5.94362285782019E-017,0.));
#2726=DIRECTION('',(-5.94362285782019E-017,-1.,0.));
#2727=FACE_BOUND('',#2728,.T.);
#2728=EDGE_LOOP('',(#3682,#3683,#3684,#3685));
#2729=PLANE('',#2730);
#2730=AXIS2_PLACEMENT_3D('',#2731,#2732,#2733);
#2731=CARTESIAN_POINT('',(-1.1,1.8,7.));
#2732=DIRECTION('',(-0.342020143325669,0.939692620785908,0.));
#2733=DIRECTION('',(-0.939692620785908,-0.342020143325669,0.));
#2734=FACE_BOUND('',#2735,.T.);
#2735=EDGE_LOOP('',(#3686,#3687,#3688,#3689));
#2736=CYLINDRICAL_SURFACE('',#2737,0.35);
#2737=AXIS2_PLACEMENT_3D('',#2738,#2739,#2740);
#2738=CARTESIAN_POINT('',(1.25,-2.5,6.85));
#2739=DIRECTION('',(-1.,0.,0.));
#2740=DIRECTION('',(0.,0.,1.));
#2741=FACE_BOUND('',#2742,.T.);
#2742=EDGE_LOOP('',(#3690,#3691,#3692,#3693));
#2743=CYLINDRICAL_SURFACE('',#2744,0.15);
#2744=AXIS2_PLACEMENT_3D('',#2745,#2746,#2747);
#2745=CARTESIAN_POINT('',(-1.25,-2.5,6.85));
#2746=DIRECTION('',(1.,0.,0.));
#2747=DIRECTION('',(-0.,0.,1.));
#2748=FACE_BOUND('',#2749,.T.);
#2749=EDGE_LOOP('',(#3694,#3695,#3696,#3697));
#2750=PLANE('',#2751);
#2751=AXIS2_PLACEMENT_3D('',#2752,#2753,#2754);
#2752=CARTESIAN_POINT('',(1.25,-2.65,5.15));
#2753=DIRECTION('',(1.,0.,0.));
#2754=DIRECTION('',(0.,-3.82856869892695E-016,1.));
#2755=FACE_BOUND('',#2756,.T.);
#2756=EDGE_LOOP('',(#3698,#3699,#3700,#3701));
#2757=PLANE('',#2758);
#2758=AXIS2_PLACEMENT_3D('',#2759,#2760,#2761);
#2759=CARTESIAN_POINT('',(0.,-2.85,9.71128315516282));
#2760=DIRECTION('',(0.,-1.,-3.82856869892695E-016));
#2761=DIRECTION('',(1.,0.,0.));
#2762=FACE_BOUND('',#2763,.T.);
#2763=EDGE_LOOP('',(#3702,#3703,#3704,#3705));
#2764=PLANE('',#2765);
#2765=AXIS2_PLACEMENT_3D('',#2766,#2767,#2768);
#2766=CARTESIAN_POINT('',(-1.25,-2.65,6.85));
#2767=DIRECTION('',(-1.,-0.,0.));
#2768=DIRECTION('',(0.,3.82856869892695E-016,-1.));
#2769=FACE_BOUND('',#2770,.T.);
#2770=EDGE_LOOP('',(#3706,#3707,#3708,#3709));
#2771=PLANE('',#2772);
#2772=AXIS2_PLACEMENT_3D('',#2773,#2774,#2775);
#2773=CARTESIAN_POINT('',(0.,-2.65,9.71128315516282));
#2774=DIRECTION('',(0.,-1.,-3.82856869892695E-016));
#2775=DIRECTION('',(1.,0.,0.));
#2776=FACE_BOUND('',#2777,.T.);
#2777=EDGE_LOOP('',(#3710,#3711,#3712,#3713));
#2778=PLANE('',#2779);
#2779=AXIS2_PLACEMENT_3D('',#2780,#2781,#2782);
#2780=CARTESIAN_POINT('',(-1.25,-2.85,6.85));
#2781=DIRECTION('',(-1.,0.,0.));
#2782=DIRECTION('',(0.,-3.82856869892695E-016,1.));
#2783=FACE_BOUND('',#2784,.T.);
#2784=EDGE_LOOP('',(#3714,#3715,#3716,#3717));
#2785=PLANE('',#2786);
#2786=AXIS2_PLACEMENT_3D('',#2787,#2788,#2789);
#2787=CARTESIAN_POINT('',(1.25,-2.5,7.2));
#2788=DIRECTION('',(1.,0.,0.));
#2789=DIRECTION('',(-0.,-1.,0.));
#2790=FACE_BOUND('',#2791,.T.);
#2791=EDGE_LOOP('',(#3718,#3719,#3720,#3721));
#2792=CYLINDRICAL_SURFACE('',#2793,0.35);
#2793=AXIS2_PLACEMENT_3D('',#2794,#2795,#2796);
#2794=CARTESIAN_POINT('',(1.25,-2.5,5.15));
#2795=DIRECTION('',(-1.,0.,0.));
#2796=DIRECTION('',(0.,-1.,-3.82856869892695E-016));
#2797=FACE_BOUND('',#2798,.T.);
#2798=EDGE_LOOP('',(#3722,#3723,#3724,#3725));
#2799=CYLINDRICAL_SURFACE('',#2800,0.15);
#2800=AXIS2_PLACEMENT_3D('',#2801,#2802,#2803);
#2801=CARTESIAN_POINT('',(-1.25,-2.5,5.15));
#2802=DIRECTION('',(1.,0.,0.));
#2803=DIRECTION('',(0.,-1.,-3.82856869892695E-016));
#2804=FACE_BOUND('',#2805,.T.);
#2805=EDGE_LOOP('',(#3726,#3727,#3728,#3729));
#2806=PLANE('',#2807);
#2807=AXIS2_PLACEMENT_3D('',#2808,#2809,#2810);
#2808=CARTESIAN_POINT('',(1.25,1.84954622958074,4.61889103779826));
#2809=DIRECTION('',(1.,0.,0.));
#2810=DIRECTION('',(0.,-0.996194698091746,0.0871557427476577));
#2811=FACE_BOUND('',#2812,.T.);
#2812=EDGE_LOOP('',(#3730,#3731,#3732,#3733));
#2813=PLANE('',#2814);
#2814=AXIS2_PLACEMENT_3D('',#2815,#2816,#2817);
#2815=CARTESIAN_POINT('',(0.,-7.41434406021964,5.228612450795));
#2816=DIRECTION('',(0.,-0.0871557427476578,-0.996194698091746));
#2817=DIRECTION('',(1.,0.,0.));
#2818=FACE_BOUND('',#2819,.T.);
#2819=EDGE_LOOP('',(#3734,#3735,#3736,#3737));
#2820=PLANE('',#2821);
#2821=AXIS2_PLACEMENT_3D('',#2822,#2823,#2824);
#2822=CARTESIAN_POINT('',(-1.25,-2.51307336141215,5.00057079528624));
#2823=DIRECTION('',(-1.,0.,0.));
#2824=DIRECTION('',(0.,0.996194698091746,-0.0871557427476577));
#2825=FACE_BOUND('',#2826,.T.);
#2826=EDGE_LOOP('',(#3738,#3739,#3740,#3741));
#2827=PLANE('',#2828);
#2828=AXIS2_PLACEMENT_3D('',#2829,#2830,#2831);
#2829=CARTESIAN_POINT('',(0.,-7.3969129116701,5.42785139041335));
#2830=DIRECTION('',(0.,-0.0871557427476578,-0.996194698091746));
#2831=DIRECTION('',(1.,0.,0.));
#2832=FACE_BOUND('',#2833,.T.);
#2833=EDGE_LOOP('',(#3742,#3743,#3744,#3745));
#2834=PLANE('',#2835);
#2835=AXIS2_PLACEMENT_3D('',#2836,#2837,#2838);
#2836=CARTESIAN_POINT('',(-1.25,-2.53050450996168,4.80133185566789));
#2837=DIRECTION('',(-1.,0.,0.));
#2838=DIRECTION('',(0.,-0.996194698091746,0.0871557427476578));
#2839=FACE_BOUND('',#2840,.T.);
#2840=EDGE_LOOP('',(#3746,#3747,#3748,#3749));
#2841=PLANE('',#2842);
#2842=AXIS2_PLACEMENT_3D('',#2843,#2844,#2845);
#2843=CARTESIAN_POINT('',(1.25,-2.85,5.15));
#2844=DIRECTION('',(1.,0.,-0.));
#2845=DIRECTION('',(-0.,3.82856869892695E-016,-1.));
#2846=FACE_BOUND('',#2847,.T.);
#2847=EDGE_LOOP('',(#3750,#3751,#3752,#3753));
#2848=CYLINDRICAL_SURFACE('',#2849,0.8);
#2849=AXIS2_PLACEMENT_3D('',#2850,#2851,#2852);
#2850=CARTESIAN_POINT('',(1.25,1.90183967522933,5.21660785665331));
#2851=DIRECTION('',(-1.,0.,0.));
#2852=DIRECTION('',(0.,-0.0871557427476578,-0.996194698091746));
#2853=FACE_BOUND('',#2854,.T.);
#2854=EDGE_LOOP('',(#3754,#3755,#3756,#3757));
#2855=CYLINDRICAL_SURFACE('',#2856,0.6);
#2856=AXIS2_PLACEMENT_3D('',#2857,#2858,#2859);
#2857=CARTESIAN_POINT('',(-1.25,1.90183967522933,5.21660785665331));
#2858=DIRECTION('',(1.,0.,0.));
#2859=DIRECTION('',(0.,-0.0871557427476578,-0.996194698091746));
#2860=FACE_BOUND('',#2861,.T.);
#2861=EDGE_LOOP('',(#3758,#3759,#3760,#3761));
#2862=PLANE('',#2863);
#2863=AXIS2_PLACEMENT_3D('',#2864,#2865,#2866);
#2864=CARTESIAN_POINT('',(1.25,2.83209705215591,4.69570292876974));
#2865=DIRECTION('',(1.,0.,0.));
#2866=DIRECTION('',(0.,-0.996194698091745,-0.0871557427476577));
#2867=FACE_BOUND('',#2868,.T.);
#2868=EDGE_LOOP('',(#3762,#3763,#3764,#3765,#3766,#3767));
#2869=PLANE('',#2870);
#2870=AXIS2_PLACEMENT_3D('',#2871,#2872,#2873);
#2871=CARTESIAN_POINT('',(0.,-7.39312563863714,3.60034789378863));
#2872=DIRECTION('',(0.,0.0871557427476582,-0.996194698091746));
#2873=DIRECTION('',(1.,0.,0.));
#2874=FACE_BOUND('',#2875,.T.);
#2875=EDGE_LOOP('',(#3768,#3769,#3770,#3771));
#2876=PLANE('',#2877);
#2877=AXIS2_PLACEMENT_3D('',#2878,#2879,#2880);
#2878=CARTESIAN_POINT('',(-1.25,1.95413312087793,4.61889103779826));
#2879=DIRECTION('',(-1.,0.,0.));
#2880=DIRECTION('',(0.,0.996194698091745,0.0871557427476577));
#2881=FACE_BOUND('',#2882,.T.);
#2882=EDGE_LOOP('',(#3772,#3773,#3774,#3775,#3776,#3777));
#2883=PLANE('',#2884);
#2884=AXIS2_PLACEMENT_3D('',#2885,#2886,#2887);
#2885=CARTESIAN_POINT('',(0.,-7.41055678718667,3.79958683340698));
#2886=DIRECTION('',(0.,0.0871557427476582,-0.996194698091746));
#2887=DIRECTION('',(1.,0.,0.));
#2888=FACE_BOUND('',#2889,.T.);
#2889=EDGE_LOOP('',(#3778,#3779,#3780,#3781));
#2890=PLANE('',#2891);
#2891=AXIS2_PLACEMENT_3D('',#2892,#2893,#2894);
#2892=CARTESIAN_POINT('',(-1.25,2.83209705215591,4.69570292876974));
#2893=DIRECTION('',(0.,0.996194698091746,0.0871557427476563));
#2894=DIRECTION('',(1.,0.,0.));
#2895=FACE_BOUND('',#2896,.T.);
#2896=EDGE_LOOP('',(#3782,#3783,#3784,#3785));
#2897=PLANE('',#2898);
#2898=AXIS2_PLACEMENT_3D('',#2899,#2900,#2901);
#2899=CARTESIAN_POINT('',(-1.25,1.97156426942746,4.41965209817991));
#2900=DIRECTION('',(-1.,-0.,0.));
#2901=DIRECTION('',(0.,-0.996194698091746,-0.0871557427476582));
#2902=FACE_BOUND('',#2903,.T.);
#2903=EDGE_LOOP('',(#3786,#3787,#3788,#3789));
#2904=PLANE('',#2905);
#2905=AXIS2_PLACEMENT_3D('',#2906,#2907,#2908);
#2906=CARTESIAN_POINT('',(1.25,1.83211508103121,4.41965209817991));
#2907=DIRECTION('',(1.,0.,-0.));
#2908=DIRECTION('',(-0.,0.996194698091746,-0.0871557427476578));
#2909=FACE_BOUND('',#2910,.T.);
#2910=EDGE_LOOP('',(#3790,#3791,#3792,#3793));
#2911=PLANE('',#2912);
#2912=AXIS2_PLACEMENT_3D('',#2913,#2914,#2915);
#2913=CARTESIAN_POINT('',(0.75,2.7100790123092,6.09037550609818));
#2914=DIRECTION('',(-0.707106781186547,-0.704416026402759,-0.061628416716218));
#2915=DIRECTION('',(0.,0.0871557427476563,-0.996194698091746));
#2916=FACE_BOUND('',#2917,.T.);
#2917=EDGE_LOOP('',(#3794,#3795,#3796,#3797));
#2918=PLANE('',#2919);
#2919=AXIS2_PLACEMENT_3D('',#2920,#2921,#2922);
#2920=CARTESIAN_POINT('',(-1.25,2.21198166326332,6.04679763472436));
#2921=DIRECTION('',(0.707106781186547,-0.704416026402759,-0.0616284167162182));
#2922=DIRECTION('',(0.,0.0871557427476565,-0.996194698091746));
#2923=FACE_BOUND('',#2924,.T.);
#2924=EDGE_LOOP('',(#3798,#3799));
#2925=PLANE('',#2926);
#2926=AXIS2_PLACEMENT_3D('',#2927,#2928,#2929);
#2927=CARTESIAN_POINT('',(0.,-2.50666788882249E-016,12.5));
#2928=DIRECTION('',(-0.,1.22139628059813E-018,1.));
#2929=DIRECTION('',(0.,-1.,1.22139628059813E-018));
#2930=FACE_BOUND('',#2931,.T.);
#2931=EDGE_LOOP('',(#3800,#3801));
#2932=PLANE('',#2933);
#2933=AXIS2_PLACEMENT_3D('',#2934,#2935,#2936);
#2934=CARTESIAN_POINT('',(0.,-2.50666788882249E-016,12.5));
#2935=DIRECTION('',(-0.,1.22139628059813E-018,1.));
#2936=DIRECTION('',(0.,-1.,1.22139628059813E-018));
#2937=FACE_BOUND('',#2938,.T.);
#2938=EDGE_LOOP('',(#3802,#3803,#3804,#3805));
#2939=TOROIDAL_SURFACE('',#2940,1.47777777777778,0.422222222222222);
#2940=AXIS2_PLACEMENT_3D('',#2941,#2942,#2943);
#2941=CARTESIAN_POINT('',(0.,-2.51182489534057E-016,12.0777777777778));
#2942=DIRECTION('',(0.,-1.22139628059813E-018,-1.));
#2943=DIRECTION('',(0.,-1.,1.22139628059813E-018));
#2944=FACE_BOUND('',#2945,.T.);
#2945=EDGE_LOOP('',(#3806,#3807,#3808,#3809,#3810));
#2946=TOROIDAL_SURFACE('',#2947,1.47777777777778,0.422222222222222);
#2947=AXIS2_PLACEMENT_3D('',#2948,#2949,#2950);
#2948=CARTESIAN_POINT('',(0.,-2.51182489534057E-016,12.0777777777778));
#2949=DIRECTION('',(0.,-1.22139628059813E-018,-1.));
#2950=DIRECTION('',(0.,-1.,1.22139628059813E-018));
#2951=FACE_BOUND('',#2952,.T.);
#2952=EDGE_LOOP('',(#3811,#3812,#3813,#3814,#3815,#3816,#3817,#3818,#3819));
#2953=FACE_OUTER_BOUND('',#2954,.T.);
#2954=EDGE_LOOP('',(#3820));
#2955=CYLINDRICAL_SURFACE('',#2956,1.9);
#2956=AXIS2_PLACEMENT_3D('',#2957,#2958,#2959);
#2957=CARTESIAN_POINT('',(0.,-2.51182489534057E-016,12.0777777777778));
#2958=DIRECTION('',(0.,-1.22139628059813E-018,-1.));
#2959=DIRECTION('',(0.,-1.,1.22139628059813E-018));
#2960=FACE_BOUND('',#2961,.T.);
#2961=EDGE_LOOP('',(#3821,#3822,#3823,#3824));
#2962=PLANE('',#2963);
#2963=AXIS2_PLACEMENT_3D('',#2964,#2965,#2966);
#2964=CARTESIAN_POINT('',(0.,-1.22139628059813E-018,11.5));
#2965=DIRECTION('',(-0.,1.22139628059813E-018,1.));
#2966=DIRECTION('',(1.,0.,0.));
#2967=FACE_BOUND('',#2968,.T.);
#2968=EDGE_LOOP('',(#3825,#3826,#3827,#3828,#3829,#3830));
#2969=PLANE('',#2970);
#2970=AXIS2_PLACEMENT_3D('',#2971,#2972,#2973);
#2971=CARTESIAN_POINT('',(-1.94454364826288,1.44956890143238,11.5));
#2972=DIRECTION('',(-0.707106781186547,-0.707106781186548,0.));
#2973=DIRECTION('',(0.707106781186548,-0.707106781186547,0.));
#2974=FACE_BOUND('',#2975,.T.);
#2975=EDGE_LOOP('',(#3831,#3832,#3833,#3834,#3835,#3836));
#2976=PLANE('',#2977);
#2977=AXIS2_PLACEMENT_3D('',#2978,#2979,#2980);
#2978=CARTESIAN_POINT('',(1.94454364826295,-1.44956890143229,11.5));
#2979=DIRECTION('',(0.707106781186547,0.707106781186548,-0.));
#2980=DIRECTION('',(-0.707106781186548,0.707106781186547,0.));
#2981=FACE_BOUND('',#2982,.T.);
#2982=EDGE_LOOP('',(#3837));
#2983=FACE_BOUND('',#2984,.T.);
#2984=EDGE_LOOP('',(#3838));
#2985=PLANE('',#2986);
#2986=AXIS2_PLACEMENT_3D('',#2987,#2988,#2989);
#2987=CARTESIAN_POINT('',(0.,-2.53109581443445E-016,10.5));
#2988=DIRECTION('',(0.,-1.22139628059813E-018,-1.));
#2989=DIRECTION('',(0.,-1.,1.22139628059813E-018));
#2990=FACE_OUTER_BOUND('',#2991,.T.);
#2991=EDGE_LOOP('',(#3839));
#2992=FACE_OUTER_BOUND('',#2993,.T.);
#2993=EDGE_LOOP('',(#3840));
#2994=CYLINDRICAL_SURFACE('',#2995,1.5);
#2995=AXIS2_PLACEMENT_3D('',#2996,#2997,#2998);
#2996=CARTESIAN_POINT('',(0.,-2.53109581443445E-016,10.5));
#2997=DIRECTION('',(0.,-1.22139628059813E-018,-1.));
#2998=DIRECTION('',(0.,-1.,1.22139628059813E-018));
#2999=FACE_OUTER_BOUND('',#3000,.T.);
#3000=EDGE_LOOP('',(#3841));
#3001=FACE_OUTER_BOUND('',#3002,.T.);
#3002=EDGE_LOOP('',(#3842));
#3003=CONICAL_SURFACE('',#3004,1.325,0.785398163397448);
#3004=AXIS2_PLACEMENT_3D('',#3005,#3006,#3007);
#3005=CARTESIAN_POINT('',(0.,-2.59002818497331E-016,5.675));
#3006=DIRECTION('',(0.,1.22139628059813E-018,1.));
#3007=DIRECTION('',(-0.,1.,-1.22139628059813E-018));
#3008=FACE_OUTER_BOUND('',#3009,.T.);
#3009=EDGE_LOOP('',(#3843));
#3010=FACE_OUTER_BOUND('',#3011,.T.);
#3011=EDGE_LOOP('',(#3844));
#3012=CYLINDRICAL_SURFACE('',#3013,1.15);
#3013=AXIS2_PLACEMENT_3D('',#3014,#3015,#3016);
#3014=CARTESIAN_POINT('',(0.,-2.59216562846436E-016,5.5));
#3015=DIRECTION('',(0.,-1.22139628059813E-018,-1.));
#3016=DIRECTION('',(0.,-1.,1.22139628059813E-018));
#3017=FACE_BOUND('',#3018,.T.);
#3018=EDGE_LOOP('',(#3845));
#3019=PLANE('',#3020);
#3020=AXIS2_PLACEMENT_3D('',#3021,#3022,#3023);
#3021=CARTESIAN_POINT('',(0.,-2.59827260986735E-016,5.));
#3022=DIRECTION('',(0.,-1.22139628059813E-018,-1.));
#3023=DIRECTION('',(0.,-1.,1.22139628059813E-018));
#3024=ORIENTED_EDGE('',*,*,#3846,.T.);
#3025=ORIENTED_EDGE('',*,*,#3847,.T.);
#3026=ORIENTED_EDGE('',*,*,#3848,.T.);
#3027=ORIENTED_EDGE('',*,*,#3849,.T.);
#3028=ORIENTED_EDGE('',*,*,#3850,.T.);
#3029=ORIENTED_EDGE('',*,*,#3851,.T.);
#3030=ORIENTED_EDGE('',*,*,#3852,.T.);
#3031=ORIENTED_EDGE('',*,*,#3853,.T.);
#3032=ORIENTED_EDGE('',*,*,#3854,.T.);
#3033=ORIENTED_EDGE('',*,*,#3855,.T.);
#3034=ORIENTED_EDGE('',*,*,#3856,.T.);
#3035=ORIENTED_EDGE('',*,*,#3857,.T.);
#3036=ORIENTED_EDGE('',*,*,#3858,.T.);
#3037=ORIENTED_EDGE('',*,*,#3859,.T.);
#3038=ORIENTED_EDGE('',*,*,#3860,.T.);
#3039=ORIENTED_EDGE('',*,*,#3861,.T.);
#3040=ORIENTED_EDGE('',*,*,#3862,.T.);
#3041=ORIENTED_EDGE('',*,*,#3863,.F.);
#3042=ORIENTED_EDGE('',*,*,#3864,.T.);
#3043=ORIENTED_EDGE('',*,*,#3865,.T.);
#3044=ORIENTED_EDGE('',*,*,#3866,.T.);
#3045=ORIENTED_EDGE('',*,*,#3867,.F.);
#3046=ORIENTED_EDGE('',*,*,#3868,.T.);
#3047=ORIENTED_EDGE('',*,*,#3869,.F.);
#3048=ORIENTED_EDGE('',*,*,#3870,.F.);
#3049=ORIENTED_EDGE('',*,*,#3871,.T.);
#3050=ORIENTED_EDGE('',*,*,#3872,.T.);
#3051=ORIENTED_EDGE('',*,*,#3873,.T.);
#3052=ORIENTED_EDGE('',*,*,#3874,.T.);
#3053=ORIENTED_EDGE('',*,*,#3875,.T.);
#3054=ORIENTED_EDGE('',*,*,#3876,.T.);
#3055=ORIENTED_EDGE('',*,*,#3877,.T.);
#3056=ORIENTED_EDGE('',*,*,#3871,.F.);
#3057=ORIENTED_EDGE('',*,*,#3878,.F.);
#3058=ORIENTED_EDGE('',*,*,#3879,.F.);
#3059=ORIENTED_EDGE('',*,*,#3880,.F.);
#3060=ORIENTED_EDGE('',*,*,#3881,.F.);
#3061=ORIENTED_EDGE('',*,*,#3882,.F.);
#3062=ORIENTED_EDGE('',*,*,#3883,.F.);
#3063=ORIENTED_EDGE('',*,*,#3884,.F.);
#3064=ORIENTED_EDGE('',*,*,#3885,.F.);
#3065=ORIENTED_EDGE('',*,*,#3851,.F.);
#3066=ORIENTED_EDGE('',*,*,#3886,.F.);
#3067=ORIENTED_EDGE('',*,*,#3887,.F.);
#3068=ORIENTED_EDGE('',*,*,#3888,.F.);
#3069=ORIENTED_EDGE('',*,*,#3847,.F.);
#3070=ORIENTED_EDGE('',*,*,#3876,.F.);
#3071=ORIENTED_EDGE('',*,*,#3889,.T.);
#3072=ORIENTED_EDGE('',*,*,#3875,.F.);
#3073=ORIENTED_EDGE('',*,*,#3846,.F.);
#3074=ORIENTED_EDGE('',*,*,#3877,.F.);
#3075=ORIENTED_EDGE('',*,*,#3889,.F.);
#3076=ORIENTED_EDGE('',*,*,#3872,.F.);
#3077=ORIENTED_EDGE('',*,*,#3890,.F.);
#3078=ORIENTED_EDGE('',*,*,#3888,.T.);
#3079=ORIENTED_EDGE('',*,*,#3891,.T.);
#3080=ORIENTED_EDGE('',*,*,#3892,.T.);
#3081=ORIENTED_EDGE('',*,*,#3848,.F.);
#3082=ORIENTED_EDGE('',*,*,#3893,.T.);
#3083=ORIENTED_EDGE('',*,*,#3894,.T.);
#3084=ORIENTED_EDGE('',*,*,#3849,.F.);
#3085=ORIENTED_EDGE('',*,*,#3892,.F.);
#3086=ORIENTED_EDGE('',*,*,#3886,.T.);
#3087=ORIENTED_EDGE('',*,*,#3850,.F.);
#3088=ORIENTED_EDGE('',*,*,#3894,.F.);
#3089=ORIENTED_EDGE('',*,*,#3895,.T.);
#3090=ORIENTED_EDGE('',*,*,#3896,.T.);
#3091=ORIENTED_EDGE('',*,*,#3852,.F.);
#3092=ORIENTED_EDGE('',*,*,#3885,.T.);
#3093=ORIENTED_EDGE('',*,*,#3897,.T.);
#3094=ORIENTED_EDGE('',*,*,#3853,.F.);
#3095=ORIENTED_EDGE('',*,*,#3896,.F.);
#3096=ORIENTED_EDGE('',*,*,#3898,.F.);
#3097=ORIENTED_EDGE('',*,*,#3899,.F.);
#3098=ORIENTED_EDGE('',*,*,#3900,.F.);
#3099=ORIENTED_EDGE('',*,*,#3901,.T.);
#3100=ORIENTED_EDGE('',*,*,#3902,.T.);
#3101=ORIENTED_EDGE('',*,*,#3903,.F.);
#3102=ORIENTED_EDGE('',*,*,#3904,.F.);
#3103=ORIENTED_EDGE('',*,*,#3905,.F.);
#3104=ORIENTED_EDGE('',*,*,#3906,.T.);
#3105=ORIENTED_EDGE('',*,*,#3854,.F.);
#3106=ORIENTED_EDGE('',*,*,#3906,.F.);
#3107=ORIENTED_EDGE('',*,*,#3907,.F.);
#3108=ORIENTED_EDGE('',*,*,#3908,.T.);
#3109=ORIENTED_EDGE('',*,*,#3855,.F.);
#3110=ORIENTED_EDGE('',*,*,#3908,.F.);
#3111=ORIENTED_EDGE('',*,*,#3909,.F.);
#3112=ORIENTED_EDGE('',*,*,#3910,.T.);
#3113=ORIENTED_EDGE('',*,*,#3911,.F.);
#3114=ORIENTED_EDGE('',*,*,#3912,.F.);
#3115=ORIENTED_EDGE('',*,*,#3913,.F.);
#3116=ORIENTED_EDGE('',*,*,#3914,.F.);
#3117=ORIENTED_EDGE('',*,*,#3915,.F.);
#3118=ORIENTED_EDGE('',*,*,#3916,.F.);
#3119=ORIENTED_EDGE('',*,*,#3917,.F.);
#3120=ORIENTED_EDGE('',*,*,#3917,.T.);
#3121=ORIENTED_EDGE('',*,*,#3918,.T.);
#3122=ORIENTED_EDGE('',*,*,#3919,.T.);
#3123=ORIENTED_EDGE('',*,*,#3856,.F.);
#3124=ORIENTED_EDGE('',*,*,#3857,.F.);
#3125=ORIENTED_EDGE('',*,*,#3919,.F.);
#3126=ORIENTED_EDGE('',*,*,#3920,.F.);
#3127=ORIENTED_EDGE('',*,*,#3921,.F.);
#3128=ORIENTED_EDGE('',*,*,#3922,.F.);
#3129=ORIENTED_EDGE('',*,*,#3923,.T.);
#3130=ORIENTED_EDGE('',*,*,#3924,.T.);
#3131=ORIENTED_EDGE('',*,*,#3925,.F.);
#3132=ORIENTED_EDGE('',*,*,#3926,.F.);
#3133=ORIENTED_EDGE('',*,*,#3927,.F.);
#3134=ORIENTED_EDGE('',*,*,#3928,.T.);
#3135=ORIENTED_EDGE('',*,*,#3858,.F.);
#3136=ORIENTED_EDGE('',*,*,#3928,.F.);
#3137=ORIENTED_EDGE('',*,*,#3929,.F.);
#3138=ORIENTED_EDGE('',*,*,#3930,.T.);
#3139=ORIENTED_EDGE('',*,*,#3931,.T.);
#3140=ORIENTED_EDGE('',*,*,#3859,.F.);
#3141=ORIENTED_EDGE('',*,*,#3930,.F.);
#3142=ORIENTED_EDGE('',*,*,#3932,.F.);
#3143=ORIENTED_EDGE('',*,*,#3933,.T.);
#3144=ORIENTED_EDGE('',*,*,#3860,.F.);
#3145=ORIENTED_EDGE('',*,*,#3931,.F.);
#3146=ORIENTED_EDGE('',*,*,#3934,.F.);
#3147=ORIENTED_EDGE('',*,*,#3935,.F.);
#3148=ORIENTED_EDGE('',*,*,#3935,.T.);
#3149=ORIENTED_EDGE('',*,*,#3936,.F.);
#3150=ORIENTED_EDGE('',*,*,#3937,.F.);
#3151=ORIENTED_EDGE('',*,*,#3938,.F.);
#3152=ORIENTED_EDGE('',*,*,#3939,.F.);
#3153=ORIENTED_EDGE('',*,*,#3940,.F.);
#3154=ORIENTED_EDGE('',*,*,#3941,.F.);
#3155=ORIENTED_EDGE('',*,*,#3861,.F.);
#3156=ORIENTED_EDGE('',*,*,#3941,.T.);
#3157=ORIENTED_EDGE('',*,*,#3942,.T.);
#3158=ORIENTED_EDGE('',*,*,#3943,.F.);
#3159=ORIENTED_EDGE('',*,*,#3862,.F.);
#3160=ORIENTED_EDGE('',*,*,#3944,.T.);
#3161=ORIENTED_EDGE('',*,*,#3863,.T.);
#3162=ORIENTED_EDGE('',*,*,#3943,.T.);
#3163=ORIENTED_EDGE('',*,*,#3945,.T.);
#3164=ORIENTED_EDGE('',*,*,#3946,.T.);
#3165=ORIENTED_EDGE('',*,*,#3947,.T.);
#3166=ORIENTED_EDGE('',*,*,#3948,.T.);
#3167=ORIENTED_EDGE('',*,*,#3949,.T.);
#3168=ORIENTED_EDGE('',*,*,#3950,.T.);
#3169=ORIENTED_EDGE('',*,*,#3951,.T.);
#3170=ORIENTED_EDGE('',*,*,#3869,.T.);
#3171=ORIENTED_EDGE('',*,*,#3952,.T.);
#3172=ORIENTED_EDGE('',*,*,#3953,.T.);
#3173=ORIENTED_EDGE('',*,*,#3954,.T.);
#3174=ORIENTED_EDGE('',*,*,#3867,.T.);
#3175=ORIENTED_EDGE('',*,*,#3955,.T.);
#3176=ORIENTED_EDGE('',*,*,#3956,.T.);
#3177=ORIENTED_EDGE('',*,*,#3944,.F.);
#3178=ORIENTED_EDGE('',*,*,#3957,.F.);
#3179=ORIENTED_EDGE('',*,*,#3958,.T.);
#3180=ORIENTED_EDGE('',*,*,#3864,.F.);
#3181=ORIENTED_EDGE('',*,*,#3865,.F.);
#3182=ORIENTED_EDGE('',*,*,#3958,.F.);
#3183=ORIENTED_EDGE('',*,*,#3959,.F.);
#3184=ORIENTED_EDGE('',*,*,#3960,.T.);
#3185=ORIENTED_EDGE('',*,*,#3955,.F.);
#3186=ORIENTED_EDGE('',*,*,#3866,.F.);
#3187=ORIENTED_EDGE('',*,*,#3960,.F.);
#3188=ORIENTED_EDGE('',*,*,#3961,.F.);
#3189=ORIENTED_EDGE('',*,*,#3954,.F.);
#3190=ORIENTED_EDGE('',*,*,#3962,.F.);
#3191=ORIENTED_EDGE('',*,*,#3952,.F.);
#3192=ORIENTED_EDGE('',*,*,#3868,.F.);
#3193=ORIENTED_EDGE('',*,*,#3878,.T.);
#3194=ORIENTED_EDGE('',*,*,#3870,.T.);
#3195=ORIENTED_EDGE('',*,*,#3951,.F.);
#3196=ORIENTED_EDGE('',*,*,#3963,.F.);
#3197=ORIENTED_EDGE('',*,*,#3873,.F.);
#3198=ORIENTED_EDGE('',*,*,#3964,.F.);
#3199=ORIENTED_EDGE('',*,*,#3874,.F.);
#3200=ORIENTED_EDGE('',*,*,#3965,.F.);
#3201=ORIENTED_EDGE('',*,*,#3879,.T.);
#3202=ORIENTED_EDGE('',*,*,#3963,.T.);
#3203=ORIENTED_EDGE('',*,*,#3950,.F.);
#3204=ORIENTED_EDGE('',*,*,#3966,.F.);
#3205=ORIENTED_EDGE('',*,*,#3880,.T.);
#3206=ORIENTED_EDGE('',*,*,#3966,.T.);
#3207=ORIENTED_EDGE('',*,*,#3949,.F.);
#3208=ORIENTED_EDGE('',*,*,#3967,.F.);
#3209=ORIENTED_EDGE('',*,*,#3881,.T.);
#3210=ORIENTED_EDGE('',*,*,#3967,.T.);
#3211=ORIENTED_EDGE('',*,*,#3948,.F.);
#3212=ORIENTED_EDGE('',*,*,#3968,.F.);
#3213=ORIENTED_EDGE('',*,*,#3969,.T.);
#3214=ORIENTED_EDGE('',*,*,#3970,.T.);
#3215=ORIENTED_EDGE('',*,*,#3971,.T.);
#3216=ORIENTED_EDGE('',*,*,#3972,.T.);
#3217=ORIENTED_EDGE('',*,*,#3973,.T.);
#3218=ORIENTED_EDGE('',*,*,#3974,.T.);
#3219=ORIENTED_EDGE('',*,*,#3975,.T.);
#3220=ORIENTED_EDGE('',*,*,#3976,.T.);
#3221=ORIENTED_EDGE('',*,*,#3900,.T.);
#3222=ORIENTED_EDGE('',*,*,#3977,.F.);
#3223=ORIENTED_EDGE('',*,*,#3882,.T.);
#3224=ORIENTED_EDGE('',*,*,#3968,.T.);
#3225=ORIENTED_EDGE('',*,*,#3947,.F.);
#3226=ORIENTED_EDGE('',*,*,#3978,.F.);
#3227=ORIENTED_EDGE('',*,*,#3938,.T.);
#3228=ORIENTED_EDGE('',*,*,#3979,.T.);
#3229=ORIENTED_EDGE('',*,*,#3980,.T.);
#3230=ORIENTED_EDGE('',*,*,#3981,.T.);
#3231=ORIENTED_EDGE('',*,*,#3982,.T.);
#3232=ORIENTED_EDGE('',*,*,#3983,.T.);
#3233=ORIENTED_EDGE('',*,*,#3984,.T.);
#3234=ORIENTED_EDGE('',*,*,#3985,.T.);
#3235=ORIENTED_EDGE('',*,*,#3986,.T.);
#3236=ORIENTED_EDGE('',*,*,#3987,.T.);
#3237=ORIENTED_EDGE('',*,*,#3922,.T.);
#3238=ORIENTED_EDGE('',*,*,#3988,.F.);
#3239=ORIENTED_EDGE('',*,*,#3914,.T.);
#3240=ORIENTED_EDGE('',*,*,#3989,.T.);
#3241=ORIENTED_EDGE('',*,*,#3899,.T.);
#3242=ORIENTED_EDGE('',*,*,#3990,.F.);
#3243=ORIENTED_EDGE('',*,*,#3883,.T.);
#3244=ORIENTED_EDGE('',*,*,#3977,.T.);
#3245=ORIENTED_EDGE('',*,*,#3898,.T.);
#3246=ORIENTED_EDGE('',*,*,#3897,.F.);
#3247=ORIENTED_EDGE('',*,*,#3884,.T.);
#3248=ORIENTED_EDGE('',*,*,#3990,.T.);
#3249=ORIENTED_EDGE('',*,*,#3887,.T.);
#3250=ORIENTED_EDGE('',*,*,#3895,.F.);
#3251=ORIENTED_EDGE('',*,*,#3893,.F.);
#3252=ORIENTED_EDGE('',*,*,#3891,.F.);
#3253=ORIENTED_EDGE('',*,*,#3890,.T.);
#3254=ORIENTED_EDGE('',*,*,#3991,.T.);
#3255=ORIENTED_EDGE('',*,*,#3989,.F.);
#3256=ORIENTED_EDGE('',*,*,#3913,.T.);
#3257=ORIENTED_EDGE('',*,*,#3992,.T.);
#3258=ORIENTED_EDGE('',*,*,#3901,.F.);
#3259=ORIENTED_EDGE('',*,*,#3976,.F.);
#3260=ORIENTED_EDGE('',*,*,#3993,.T.);
#3261=ORIENTED_EDGE('',*,*,#3994,.T.);
#3262=ORIENTED_EDGE('',*,*,#3995,.T.);
#3263=ORIENTED_EDGE('',*,*,#3902,.F.);
#3264=ORIENTED_EDGE('',*,*,#3992,.F.);
#3265=ORIENTED_EDGE('',*,*,#3912,.T.);
#3266=ORIENTED_EDGE('',*,*,#3996,.F.);
#3267=ORIENTED_EDGE('',*,*,#3903,.T.);
#3268=ORIENTED_EDGE('',*,*,#3995,.F.);
#3269=ORIENTED_EDGE('',*,*,#3911,.T.);
#3270=ORIENTED_EDGE('',*,*,#3996,.T.);
#3271=ORIENTED_EDGE('',*,*,#3910,.F.);
#3272=ORIENTED_EDGE('',*,*,#3997,.F.);
#3273=ORIENTED_EDGE('',*,*,#3904,.T.);
#3274=ORIENTED_EDGE('',*,*,#3905,.T.);
#3275=ORIENTED_EDGE('',*,*,#3997,.T.);
#3276=ORIENTED_EDGE('',*,*,#3909,.T.);
#3277=ORIENTED_EDGE('',*,*,#3907,.T.);
#3278=ORIENTED_EDGE('',*,*,#3921,.T.);
#3279=ORIENTED_EDGE('',*,*,#3998,.F.);
#3280=ORIENTED_EDGE('',*,*,#3915,.T.);
#3281=ORIENTED_EDGE('',*,*,#3988,.T.);
#3282=ORIENTED_EDGE('',*,*,#3916,.T.);
#3283=ORIENTED_EDGE('',*,*,#3998,.T.);
#3284=ORIENTED_EDGE('',*,*,#3920,.T.);
#3285=ORIENTED_EDGE('',*,*,#3918,.F.);
#3286=ORIENTED_EDGE('',*,*,#3999,.T.);
#3287=ORIENTED_EDGE('',*,*,#3923,.F.);
#3288=ORIENTED_EDGE('',*,*,#3987,.F.);
#3289=ORIENTED_EDGE('',*,*,#4000,.F.);
#3290=ORIENTED_EDGE('',*,*,#4001,.F.);
#3291=ORIENTED_EDGE('',*,*,#4002,.F.);
#3292=ORIENTED_EDGE('',*,*,#3979,.F.);
#3293=ORIENTED_EDGE('',*,*,#3937,.T.);
#3294=ORIENTED_EDGE('',*,*,#4003,.T.);
#3295=ORIENTED_EDGE('',*,*,#3924,.F.);
#3296=ORIENTED_EDGE('',*,*,#3999,.F.);
#3297=ORIENTED_EDGE('',*,*,#3936,.T.);
#3298=ORIENTED_EDGE('',*,*,#4004,.F.);
#3299=ORIENTED_EDGE('',*,*,#3925,.T.);
#3300=ORIENTED_EDGE('',*,*,#4003,.F.);
#3301=ORIENTED_EDGE('',*,*,#3934,.T.);
#3302=ORIENTED_EDGE('',*,*,#4004,.T.);
#3303=ORIENTED_EDGE('',*,*,#3933,.F.);
#3304=ORIENTED_EDGE('',*,*,#4005,.F.);
#3305=ORIENTED_EDGE('',*,*,#3926,.T.);
#3306=ORIENTED_EDGE('',*,*,#4005,.T.);
#3307=ORIENTED_EDGE('',*,*,#3932,.T.);
#3308=ORIENTED_EDGE('',*,*,#3929,.T.);
#3309=ORIENTED_EDGE('',*,*,#3927,.T.);
#3310=ORIENTED_EDGE('',*,*,#3939,.T.);
#3311=ORIENTED_EDGE('',*,*,#3978,.T.);
#3312=ORIENTED_EDGE('',*,*,#3946,.F.);
#3313=ORIENTED_EDGE('',*,*,#4006,.F.);
#3314=ORIENTED_EDGE('',*,*,#3940,.T.);
#3315=ORIENTED_EDGE('',*,*,#4006,.T.);
#3316=ORIENTED_EDGE('',*,*,#3945,.F.);
#3317=ORIENTED_EDGE('',*,*,#3942,.F.);
#3318=ORIENTED_EDGE('',*,*,#3953,.F.);
#3319=ORIENTED_EDGE('',*,*,#3962,.T.);
#3320=ORIENTED_EDGE('',*,*,#3956,.F.);
#3321=ORIENTED_EDGE('',*,*,#3961,.T.);
#3322=ORIENTED_EDGE('',*,*,#3959,.T.);
#3323=ORIENTED_EDGE('',*,*,#3957,.T.);
#3324=ORIENTED_EDGE('',*,*,#3964,.T.);
#3325=ORIENTED_EDGE('',*,*,#4007,.F.);
#3326=ORIENTED_EDGE('',*,*,#3965,.T.);
#3327=ORIENTED_EDGE('',*,*,#4008,.F.);
#3328=ORIENTED_EDGE('',*,*,#3969,.F.);
#3329=ORIENTED_EDGE('',*,*,#3991,.F.);
#3330=ORIENTED_EDGE('',*,*,#4009,.T.);
#3331=ORIENTED_EDGE('',*,*,#4010,.F.);
#3332=ORIENTED_EDGE('',*,*,#4010,.T.);
#3333=ORIENTED_EDGE('',*,*,#4011,.T.);
#3334=ORIENTED_EDGE('',*,*,#4012,.T.);
#3335=ORIENTED_EDGE('',*,*,#3974,.F.);
#3336=ORIENTED_EDGE('',*,*,#4013,.F.);
#3337=ORIENTED_EDGE('',*,*,#4014,.T.);
#3338=ORIENTED_EDGE('',*,*,#4015,.T.);
#3339=ORIENTED_EDGE('',*,*,#4016,.T.);
#3340=ORIENTED_EDGE('',*,*,#4017,.T.);
#3341=ORIENTED_EDGE('',*,*,#4018,.F.);
#3342=ORIENTED_EDGE('',*,*,#4019,.T.);
#3343=ORIENTED_EDGE('',*,*,#4020,.F.);
#3344=ORIENTED_EDGE('',*,*,#4021,.F.);
#3345=ORIENTED_EDGE('',*,*,#3970,.F.);
#3346=ORIENTED_EDGE('',*,*,#3971,.F.);
#3347=ORIENTED_EDGE('',*,*,#4021,.T.);
#3348=ORIENTED_EDGE('',*,*,#4022,.T.);
#3349=ORIENTED_EDGE('',*,*,#4023,.T.);
#3350=ORIENTED_EDGE('',*,*,#4024,.F.);
#3351=ORIENTED_EDGE('',*,*,#3972,.F.);
#3352=ORIENTED_EDGE('',*,*,#4023,.F.);
#3353=ORIENTED_EDGE('',*,*,#4025,.T.);
#3354=ORIENTED_EDGE('',*,*,#4026,.T.);
#3355=ORIENTED_EDGE('',*,*,#4027,.T.);
#3356=ORIENTED_EDGE('',*,*,#4028,.T.);
#3357=ORIENTED_EDGE('',*,*,#4029,.F.);
#3358=ORIENTED_EDGE('',*,*,#4030,.T.);
#3359=ORIENTED_EDGE('',*,*,#4031,.F.);
#3360=ORIENTED_EDGE('',*,*,#4032,.T.);
#3361=ORIENTED_EDGE('',*,*,#3973,.F.);
#3362=ORIENTED_EDGE('',*,*,#4024,.T.);
#3363=ORIENTED_EDGE('',*,*,#4033,.T.);
#3364=ORIENTED_EDGE('',*,*,#4013,.T.);
#3365=ORIENTED_EDGE('',*,*,#3975,.F.);
#3366=ORIENTED_EDGE('',*,*,#4012,.F.);
#3367=ORIENTED_EDGE('',*,*,#4034,.F.);
#3368=ORIENTED_EDGE('',*,*,#3993,.F.);
#3369=ORIENTED_EDGE('',*,*,#4002,.T.);
#3370=ORIENTED_EDGE('',*,*,#4035,.T.);
#3371=ORIENTED_EDGE('',*,*,#4036,.F.);
#3372=ORIENTED_EDGE('',*,*,#3980,.F.);
#3373=ORIENTED_EDGE('',*,*,#4036,.T.);
#3374=ORIENTED_EDGE('',*,*,#4037,.T.);
#3375=ORIENTED_EDGE('',*,*,#4038,.T.);
#3376=ORIENTED_EDGE('',*,*,#3985,.F.);
#3377=ORIENTED_EDGE('',*,*,#4039,.F.);
#3378=ORIENTED_EDGE('',*,*,#4040,.T.);
#3379=ORIENTED_EDGE('',*,*,#4041,.T.);
#3380=ORIENTED_EDGE('',*,*,#4042,.T.);
#3381=ORIENTED_EDGE('',*,*,#4043,.T.);
#3382=ORIENTED_EDGE('',*,*,#4044,.F.);
#3383=ORIENTED_EDGE('',*,*,#4045,.T.);
#3384=ORIENTED_EDGE('',*,*,#4046,.F.);
#3385=ORIENTED_EDGE('',*,*,#4047,.F.);
#3386=ORIENTED_EDGE('',*,*,#3981,.F.);
#3387=ORIENTED_EDGE('',*,*,#3982,.F.);
#3388=ORIENTED_EDGE('',*,*,#4047,.T.);
#3389=ORIENTED_EDGE('',*,*,#4048,.T.);
#3390=ORIENTED_EDGE('',*,*,#4049,.T.);
#3391=ORIENTED_EDGE('',*,*,#4050,.F.);
#3392=ORIENTED_EDGE('',*,*,#3983,.F.);
#3393=ORIENTED_EDGE('',*,*,#4049,.F.);
#3394=ORIENTED_EDGE('',*,*,#4051,.T.);
#3395=ORIENTED_EDGE('',*,*,#4052,.T.);
#3396=ORIENTED_EDGE('',*,*,#4053,.T.);
#3397=ORIENTED_EDGE('',*,*,#4054,.T.);
#3398=ORIENTED_EDGE('',*,*,#4055,.F.);
#3399=ORIENTED_EDGE('',*,*,#4056,.T.);
#3400=ORIENTED_EDGE('',*,*,#4057,.F.);
#3401=ORIENTED_EDGE('',*,*,#4058,.T.);
#3402=ORIENTED_EDGE('',*,*,#3984,.F.);
#3403=ORIENTED_EDGE('',*,*,#4050,.T.);
#3404=ORIENTED_EDGE('',*,*,#4059,.T.);
#3405=ORIENTED_EDGE('',*,*,#4039,.T.);
#3406=ORIENTED_EDGE('',*,*,#4000,.T.);
#3407=ORIENTED_EDGE('',*,*,#3986,.F.);
#3408=ORIENTED_EDGE('',*,*,#4038,.F.);
#3409=ORIENTED_EDGE('',*,*,#4060,.F.);
#3410=ORIENTED_EDGE('',*,*,#3994,.F.);
#3411=ORIENTED_EDGE('',*,*,#4034,.T.);
#3412=ORIENTED_EDGE('',*,*,#4011,.F.);
#3413=ORIENTED_EDGE('',*,*,#4009,.F.);
#3414=ORIENTED_EDGE('',*,*,#4001,.T.);
#3415=ORIENTED_EDGE('',*,*,#4060,.T.);
#3416=ORIENTED_EDGE('',*,*,#4037,.F.);
#3417=ORIENTED_EDGE('',*,*,#4035,.F.);
#3418=ORIENTED_EDGE('',*,*,#4007,.T.);
#3419=ORIENTED_EDGE('',*,*,#4061,.F.);
#3420=ORIENTED_EDGE('',*,*,#4008,.T.);
#3421=ORIENTED_EDGE('',*,*,#4062,.F.);
#3422=ORIENTED_EDGE('',*,*,#4033,.F.);
#3423=ORIENTED_EDGE('',*,*,#4031,.T.);
#3424=ORIENTED_EDGE('',*,*,#4063,.T.);
#3425=ORIENTED_EDGE('',*,*,#4064,.T.);
#3426=ORIENTED_EDGE('',*,*,#4065,.T.);
#3427=ORIENTED_EDGE('',*,*,#4066,.F.);
#3428=ORIENTED_EDGE('',*,*,#4067,.T.);
#3429=ORIENTED_EDGE('',*,*,#4014,.F.);
#3430=ORIENTED_EDGE('',*,*,#4068,.T.);
#3431=ORIENTED_EDGE('',*,*,#4015,.F.);
#3432=ORIENTED_EDGE('',*,*,#4067,.F.);
#3433=ORIENTED_EDGE('',*,*,#4068,.F.);
#3434=ORIENTED_EDGE('',*,*,#4066,.T.);
#3435=ORIENTED_EDGE('',*,*,#4069,.T.);
#3436=ORIENTED_EDGE('',*,*,#4016,.F.);
#3437=ORIENTED_EDGE('',*,*,#4028,.F.);
#3438=ORIENTED_EDGE('',*,*,#4070,.F.);
#3439=ORIENTED_EDGE('',*,*,#4071,.F.);
#3440=ORIENTED_EDGE('',*,*,#4072,.F.);
#3441=ORIENTED_EDGE('',*,*,#4017,.F.);
#3442=ORIENTED_EDGE('',*,*,#4069,.F.);
#3443=ORIENTED_EDGE('',*,*,#4065,.F.);
#3444=ORIENTED_EDGE('',*,*,#4073,.F.);
#3445=ORIENTED_EDGE('',*,*,#4074,.F.);
#3446=ORIENTED_EDGE('',*,*,#4018,.T.);
#3447=ORIENTED_EDGE('',*,*,#4072,.T.);
#3448=ORIENTED_EDGE('',*,*,#4075,.F.);
#3449=ORIENTED_EDGE('',*,*,#4074,.T.);
#3450=ORIENTED_EDGE('',*,*,#4076,.F.);
#3451=ORIENTED_EDGE('',*,*,#4019,.F.);
#3452=ORIENTED_EDGE('',*,*,#4022,.F.);
#3453=ORIENTED_EDGE('',*,*,#4020,.T.);
#3454=ORIENTED_EDGE('',*,*,#4076,.T.);
#3455=ORIENTED_EDGE('',*,*,#4075,.T.);
#3456=ORIENTED_EDGE('',*,*,#4071,.T.);
#3457=ORIENTED_EDGE('',*,*,#4077,.F.);
#3458=ORIENTED_EDGE('',*,*,#4078,.T.);
#3459=ORIENTED_EDGE('',*,*,#4025,.F.);
#3460=ORIENTED_EDGE('',*,*,#4079,.T.);
#3461=ORIENTED_EDGE('',*,*,#4026,.F.);
#3462=ORIENTED_EDGE('',*,*,#4078,.F.);
#3463=ORIENTED_EDGE('',*,*,#4079,.F.);
#3464=ORIENTED_EDGE('',*,*,#4077,.T.);
#3465=ORIENTED_EDGE('',*,*,#4070,.T.);
#3466=ORIENTED_EDGE('',*,*,#4027,.F.);
#3467=ORIENTED_EDGE('',*,*,#4080,.F.);
#3468=ORIENTED_EDGE('',*,*,#4029,.T.);
#3469=ORIENTED_EDGE('',*,*,#4073,.T.);
#3470=ORIENTED_EDGE('',*,*,#4064,.F.);
#3471=ORIENTED_EDGE('',*,*,#4080,.T.);
#3472=ORIENTED_EDGE('',*,*,#4063,.F.);
#3473=ORIENTED_EDGE('',*,*,#4030,.F.);
#3474=ORIENTED_EDGE('',*,*,#4062,.T.);
#3475=ORIENTED_EDGE('',*,*,#4032,.F.);
#3476=ORIENTED_EDGE('',*,*,#4059,.F.);
#3477=ORIENTED_EDGE('',*,*,#4057,.T.);
#3478=ORIENTED_EDGE('',*,*,#4081,.T.);
#3479=ORIENTED_EDGE('',*,*,#4082,.T.);
#3480=ORIENTED_EDGE('',*,*,#4083,.T.);
#3481=ORIENTED_EDGE('',*,*,#4084,.F.);
#3482=ORIENTED_EDGE('',*,*,#4085,.T.);
#3483=ORIENTED_EDGE('',*,*,#4040,.F.);
#3484=ORIENTED_EDGE('',*,*,#4086,.T.);
#3485=ORIENTED_EDGE('',*,*,#4041,.F.);
#3486=ORIENTED_EDGE('',*,*,#4085,.F.);
#3487=ORIENTED_EDGE('',*,*,#4086,.F.);
#3488=ORIENTED_EDGE('',*,*,#4084,.T.);
#3489=ORIENTED_EDGE('',*,*,#4087,.T.);
#3490=ORIENTED_EDGE('',*,*,#4042,.F.);
#3491=ORIENTED_EDGE('',*,*,#4054,.F.);
#3492=ORIENTED_EDGE('',*,*,#4088,.F.);
#3493=ORIENTED_EDGE('',*,*,#4089,.F.);
#3494=ORIENTED_EDGE('',*,*,#4090,.F.);
#3495=ORIENTED_EDGE('',*,*,#4043,.F.);
#3496=ORIENTED_EDGE('',*,*,#4087,.F.);
#3497=ORIENTED_EDGE('',*,*,#4083,.F.);
#3498=ORIENTED_EDGE('',*,*,#4091,.F.);
#3499=ORIENTED_EDGE('',*,*,#4092,.F.);
#3500=ORIENTED_EDGE('',*,*,#4044,.T.);
#3501=ORIENTED_EDGE('',*,*,#4090,.T.);
#3502=ORIENTED_EDGE('',*,*,#4093,.F.);
#3503=ORIENTED_EDGE('',*,*,#4092,.T.);
#3504=ORIENTED_EDGE('',*,*,#4094,.F.);
#3505=ORIENTED_EDGE('',*,*,#4045,.F.);
#3506=ORIENTED_EDGE('',*,*,#4048,.F.);
#3507=ORIENTED_EDGE('',*,*,#4046,.T.);
#3508=ORIENTED_EDGE('',*,*,#4094,.T.);
#3509=ORIENTED_EDGE('',*,*,#4093,.T.);
#3510=ORIENTED_EDGE('',*,*,#4089,.T.);
#3511=ORIENTED_EDGE('',*,*,#4095,.F.);
#3512=ORIENTED_EDGE('',*,*,#4096,.T.);
#3513=ORIENTED_EDGE('',*,*,#4051,.F.);
#3514=ORIENTED_EDGE('',*,*,#4097,.T.);
#3515=ORIENTED_EDGE('',*,*,#4052,.F.);
#3516=ORIENTED_EDGE('',*,*,#4096,.F.);
#3517=ORIENTED_EDGE('',*,*,#4097,.F.);
#3518=ORIENTED_EDGE('',*,*,#4095,.T.);
#3519=ORIENTED_EDGE('',*,*,#4088,.T.);
#3520=ORIENTED_EDGE('',*,*,#4053,.F.);
#3521=ORIENTED_EDGE('',*,*,#4098,.F.);
#3522=ORIENTED_EDGE('',*,*,#4055,.T.);
#3523=ORIENTED_EDGE('',*,*,#4091,.T.);
#3524=ORIENTED_EDGE('',*,*,#4082,.F.);
#3525=ORIENTED_EDGE('',*,*,#4098,.T.);
#3526=ORIENTED_EDGE('',*,*,#4081,.F.);
#3527=ORIENTED_EDGE('',*,*,#4056,.F.);
#3528=ORIENTED_EDGE('',*,*,#4061,.T.);
#3529=ORIENTED_EDGE('',*,*,#4058,.F.);
#3530=CIRCLE('',#4099,0.6);
#3531=CIRCLE('',#4103,0.6);
#3532=ORIENTED_EDGE('',*,*,#4107,.T.);
#3533=ORIENTED_EDGE('',*,*,#4108,.T.);
#3534=ORIENTED_EDGE('',*,*,#4109,.F.);
#3535=ORIENTED_EDGE('',*,*,#4110,.F.);
#3536=ORIENTED_EDGE('',*,*,#4111,.T.);
#3537=ORIENTED_EDGE('',*,*,#4112,.F.);
#3538=ORIENTED_EDGE('',*,*,#4113,.F.);
#3539=ORIENTED_EDGE('',*,*,#4114,.T.);
#3540=ORIENTED_EDGE('',*,*,#4115,.T.);
#3541=ORIENTED_EDGE('',*,*,#4114,.F.);
#3542=ORIENTED_EDGE('',*,*,#4116,.F.);
#3543=ORIENTED_EDGE('',*,*,#4117,.T.);
#3544=ORIENTED_EDGE('',*,*,#4118,.F.);
#3545=ORIENTED_EDGE('',*,*,#4108,.F.);
#3546=ORIENTED_EDGE('',*,*,#4119,.T.);
#3547=ORIENTED_EDGE('',*,*,#4120,.T.);
#3548=ORIENTED_EDGE('',*,*,#4110,.T.);
#3549=ORIENTED_EDGE('',*,*,#4121,.F.);
#3550=ORIENTED_EDGE('',*,*,#4122,.F.);
#3551=ORIENTED_EDGE('',*,*,#4123,.F.);
#3552=ORIENTED_EDGE('',*,*,#4112,.T.);
#3553=ORIENTED_EDGE('',*,*,#4124,.T.);
#3554=ORIENTED_EDGE('',*,*,#4125,.T.);
#3555=ORIENTED_EDGE('',*,*,#4126,.F.);
#3556=ORIENTED_EDGE('',*,*,#4127,.F.);
#3557=ORIENTED_EDGE('',*,*,#4128,.T.);
#3558=ORIENTED_EDGE('',*,*,#4128,.F.);
#3559=ORIENTED_EDGE('',*,*,#4119,.F.);
#3560=ORIENTED_EDGE('',*,*,#4111,.F.);
#3561=ORIENTED_EDGE('',*,*,#4115,.F.);
#3562=ORIENTED_EDGE('',*,*,#4107,.F.);
#3563=ORIENTED_EDGE('',*,*,#4120,.F.);
#3564=ORIENTED_EDGE('',*,*,#4129,.T.);
#3565=ORIENTED_EDGE('',*,*,#4130,.T.);
#3566=ORIENTED_EDGE('',*,*,#4126,.T.);
#3567=ORIENTED_EDGE('',*,*,#4131,.T.);
#3568=ORIENTED_EDGE('',*,*,#4121,.T.);
#3569=ORIENTED_EDGE('',*,*,#4109,.T.);
#3570=ORIENTED_EDGE('',*,*,#4118,.T.);
#3571=ORIENTED_EDGE('',*,*,#4132,.T.);
#3572=ORIENTED_EDGE('',*,*,#4133,.T.);
#3573=ORIENTED_EDGE('',*,*,#4134,.T.);
#3574=ORIENTED_EDGE('',*,*,#4135,.T.);
#3575=ORIENTED_EDGE('',*,*,#4136,.T.);
#3576=ORIENTED_EDGE('',*,*,#4137,.F.);
#3577=ORIENTED_EDGE('',*,*,#4124,.F.);
#3578=ORIENTED_EDGE('',*,*,#4138,.F.);
#3579=ORIENTED_EDGE('',*,*,#4139,.F.);
#3580=ORIENTED_EDGE('',*,*,#4123,.T.);
#3581=ORIENTED_EDGE('',*,*,#4140,.T.);
#3582=ORIENTED_EDGE('',*,*,#4141,.T.);
#3583=ORIENTED_EDGE('',*,*,#4142,.T.);
#3584=ORIENTED_EDGE('',*,*,#4143,.T.);
#3585=ORIENTED_EDGE('',*,*,#4144,.T.);
#3586=ORIENTED_EDGE('',*,*,#4116,.T.);
#3587=ORIENTED_EDGE('',*,*,#4113,.T.);
#3588=ORIENTED_EDGE('',*,*,#4132,.F.);
#3589=ORIENTED_EDGE('',*,*,#4117,.F.);
#3590=ORIENTED_EDGE('',*,*,#4144,.F.);
#3591=ORIENTED_EDGE('',*,*,#4145,.T.);
#3592=ORIENTED_EDGE('',*,*,#4136,.F.);
#3593=ORIENTED_EDGE('',*,*,#4146,.F.);
#3594=ORIENTED_EDGE('',*,*,#4140,.F.);
#3595=ORIENTED_EDGE('',*,*,#4122,.T.);
#3596=ORIENTED_EDGE('',*,*,#4137,.T.);
#3597=ORIENTED_EDGE('',*,*,#4147,.T.);
#3598=ORIENTED_EDGE('',*,*,#4131,.F.);
#3599=ORIENTED_EDGE('',*,*,#4125,.F.);
#3600=ORIENTED_EDGE('',*,*,#4138,.T.);
#3601=ORIENTED_EDGE('',*,*,#4127,.T.);
#3602=ORIENTED_EDGE('',*,*,#4130,.F.);
#3603=ORIENTED_EDGE('',*,*,#4148,.F.);
#3604=ORIENTED_EDGE('',*,*,#4139,.T.);
#3605=ORIENTED_EDGE('',*,*,#4148,.T.);
#3606=ORIENTED_EDGE('',*,*,#4129,.F.);
#3607=ORIENTED_EDGE('',*,*,#4147,.F.);
#3608=ORIENTED_EDGE('',*,*,#4149,.F.);
#3609=ORIENTED_EDGE('',*,*,#4133,.F.);
#3610=ORIENTED_EDGE('',*,*,#4145,.F.);
#3611=ORIENTED_EDGE('',*,*,#4143,.F.);
#3612=ORIENTED_EDGE('',*,*,#4150,.T.);
#3613=ORIENTED_EDGE('',*,*,#4134,.F.);
#3614=ORIENTED_EDGE('',*,*,#4150,.F.);
#3615=ORIENTED_EDGE('',*,*,#4142,.F.);
#3616=ORIENTED_EDGE('',*,*,#4151,.T.);
#3617=ORIENTED_EDGE('',*,*,#4135,.F.);
#3618=ORIENTED_EDGE('',*,*,#4151,.F.);
#3619=ORIENTED_EDGE('',*,*,#4141,.F.);
#3620=ORIENTED_EDGE('',*,*,#4146,.T.);
#3621=ORIENTED_EDGE('',*,*,#4149,.T.);
#3622=ORIENTED_EDGE('',*,*,#4152,.T.);
#3623=ORIENTED_EDGE('',*,*,#4152,.F.);
#3624=ORIENTED_EDGE('',*,*,#4153,.T.);
#3625=ORIENTED_EDGE('',*,*,#4153,.F.);
#3626=ORIENTED_EDGE('',*,*,#4154,.F.);
#3627=ORIENTED_EDGE('',*,*,#4155,.F.);
#3628=ORIENTED_EDGE('',*,*,#4156,.F.);
#3629=ORIENTED_EDGE('',*,*,#4157,.F.);
#3630=ORIENTED_EDGE('',*,*,#4158,.F.);
#3631=ORIENTED_EDGE('',*,*,#4159,.F.);
#3632=ORIENTED_EDGE('',*,*,#4160,.T.);
#3633=ORIENTED_EDGE('',*,*,#4161,.F.);
#3634=ORIENTED_EDGE('',*,*,#4162,.F.);
#3635=ORIENTED_EDGE('',*,*,#4163,.F.);
#3636=ORIENTED_EDGE('',*,*,#4164,.T.);
#3637=ORIENTED_EDGE('',*,*,#4165,.T.);
#3638=ORIENTED_EDGE('',*,*,#4166,.T.);
#3639=ORIENTED_EDGE('',*,*,#4167,.T.);
#3640=ORIENTED_EDGE('',*,*,#4168,.T.);
#3641=ORIENTED_EDGE('',*,*,#4169,.T.);
#3642=ORIENTED_EDGE('',*,*,#4170,.T.);
#3643=ORIENTED_EDGE('',*,*,#4171,.T.);
#3644=ORIENTED_EDGE('',*,*,#4172,.T.);
#3645=ORIENTED_EDGE('',*,*,#4173,.T.);
#3646=ORIENTED_EDGE('',*,*,#4174,.T.);
#3647=ORIENTED_EDGE('',*,*,#4175,.T.);
#3648=ORIENTED_EDGE('',*,*,#4175,.F.);
#3649=ORIENTED_EDGE('',*,*,#4164,.F.);
#3650=ORIENTED_EDGE('',*,*,#4154,.T.);
#3651=ORIENTED_EDGE('',*,*,#4176,.T.);
#3652=ORIENTED_EDGE('',*,*,#4174,.F.);
#3653=ORIENTED_EDGE('',*,*,#4177,.F.);
#3654=ORIENTED_EDGE('',*,*,#4155,.T.);
#3655=ORIENTED_EDGE('',*,*,#4177,.T.);
#3656=ORIENTED_EDGE('',*,*,#4173,.F.);
#3657=ORIENTED_EDGE('',*,*,#4178,.F.);
#3658=ORIENTED_EDGE('',*,*,#4156,.T.);
#3659=ORIENTED_EDGE('',*,*,#4178,.T.);
#3660=ORIENTED_EDGE('',*,*,#4172,.F.);
#3661=ORIENTED_EDGE('',*,*,#4179,.F.);
#3662=ORIENTED_EDGE('',*,*,#4157,.T.);
#3663=ORIENTED_EDGE('',*,*,#4179,.T.);
#3664=ORIENTED_EDGE('',*,*,#4171,.F.);
#3665=ORIENTED_EDGE('',*,*,#4180,.F.);
#3666=ORIENTED_EDGE('',*,*,#4158,.T.);
#3667=ORIENTED_EDGE('',*,*,#4180,.T.);
#3668=ORIENTED_EDGE('',*,*,#4170,.F.);
#3669=ORIENTED_EDGE('',*,*,#4181,.F.);
#3670=ORIENTED_EDGE('',*,*,#4159,.T.);
#3671=ORIENTED_EDGE('',*,*,#4181,.T.);
#3672=ORIENTED_EDGE('',*,*,#4169,.F.);
#3673=ORIENTED_EDGE('',*,*,#4182,.T.);
#3674=ORIENTED_EDGE('',*,*,#4161,.T.);
#3675=ORIENTED_EDGE('',*,*,#4183,.T.);
#3676=ORIENTED_EDGE('',*,*,#4167,.F.);
#3677=ORIENTED_EDGE('',*,*,#4184,.F.);
#3678=ORIENTED_EDGE('',*,*,#4162,.T.);
#3679=ORIENTED_EDGE('',*,*,#4184,.T.);
#3680=ORIENTED_EDGE('',*,*,#4166,.F.);
#3681=ORIENTED_EDGE('',*,*,#4185,.F.);
#3682=ORIENTED_EDGE('',*,*,#4163,.T.);
#3683=ORIENTED_EDGE('',*,*,#4185,.T.);
#3684=ORIENTED_EDGE('',*,*,#4165,.F.);
#3685=ORIENTED_EDGE('',*,*,#4176,.F.);
#3686=ORIENTED_EDGE('',*,*,#4186,.F.);
#3687=ORIENTED_EDGE('',*,*,#4187,.T.);
#3688=ORIENTED_EDGE('',*,*,#4168,.F.);
#3689=ORIENTED_EDGE('',*,*,#4188,.T.);
#3690=ORIENTED_EDGE('',*,*,#4189,.T.);
#3691=ORIENTED_EDGE('',*,*,#4190,.F.);
#3692=ORIENTED_EDGE('',*,*,#4160,.F.);
#3693=ORIENTED_EDGE('',*,*,#4191,.F.);
#3694=ORIENTED_EDGE('',*,*,#4192,.T.);
#3695=ORIENTED_EDGE('',*,*,#4193,.T.);
#3696=ORIENTED_EDGE('',*,*,#4194,.F.);
#3697=ORIENTED_EDGE('',*,*,#4195,.T.);
#3698=ORIENTED_EDGE('',*,*,#4186,.T.);
#3699=ORIENTED_EDGE('',*,*,#4196,.T.);
#3700=ORIENTED_EDGE('',*,*,#4197,.T.);
#3701=ORIENTED_EDGE('',*,*,#4194,.T.);
#3702=ORIENTED_EDGE('',*,*,#4198,.T.);
#3703=ORIENTED_EDGE('',*,*,#4199,.T.);
#3704=ORIENTED_EDGE('',*,*,#4196,.F.);
#3705=ORIENTED_EDGE('',*,*,#4200,.F.);
#3706=ORIENTED_EDGE('',*,*,#4189,.F.);
#3707=ORIENTED_EDGE('',*,*,#4192,.F.);
#3708=ORIENTED_EDGE('',*,*,#4201,.T.);
#3709=ORIENTED_EDGE('',*,*,#4198,.F.);
#3710=ORIENTED_EDGE('',*,*,#4188,.F.);
#3711=ORIENTED_EDGE('',*,*,#4183,.F.);
#3712=ORIENTED_EDGE('',*,*,#4190,.T.);
#3713=ORIENTED_EDGE('',*,*,#4200,.T.);
#3714=ORIENTED_EDGE('',*,*,#4187,.F.);
#3715=ORIENTED_EDGE('',*,*,#4193,.F.);
#3716=ORIENTED_EDGE('',*,*,#4191,.T.);
#3717=ORIENTED_EDGE('',*,*,#4182,.F.);
#3718=ORIENTED_EDGE('',*,*,#4202,.F.);
#3719=ORIENTED_EDGE('',*,*,#4203,.T.);
#3720=ORIENTED_EDGE('',*,*,#4197,.F.);
#3721=ORIENTED_EDGE('',*,*,#4204,.T.);
#3722=ORIENTED_EDGE('',*,*,#4205,.T.);
#3723=ORIENTED_EDGE('',*,*,#4206,.F.);
#3724=ORIENTED_EDGE('',*,*,#4201,.F.);
#3725=ORIENTED_EDGE('',*,*,#4207,.F.);
#3726=ORIENTED_EDGE('',*,*,#4208,.T.);
#3727=ORIENTED_EDGE('',*,*,#4209,.T.);
#3728=ORIENTED_EDGE('',*,*,#4210,.F.);
#3729=ORIENTED_EDGE('',*,*,#4211,.T.);
#3730=ORIENTED_EDGE('',*,*,#4202,.T.);
#3731=ORIENTED_EDGE('',*,*,#4212,.T.);
#3732=ORIENTED_EDGE('',*,*,#4213,.T.);
#3733=ORIENTED_EDGE('',*,*,#4210,.T.);
#3734=ORIENTED_EDGE('',*,*,#4214,.T.);
#3735=ORIENTED_EDGE('',*,*,#4215,.T.);
#3736=ORIENTED_EDGE('',*,*,#4212,.F.);
#3737=ORIENTED_EDGE('',*,*,#4216,.F.);
#3738=ORIENTED_EDGE('',*,*,#4205,.F.);
#3739=ORIENTED_EDGE('',*,*,#4208,.F.);
#3740=ORIENTED_EDGE('',*,*,#4217,.T.);
#3741=ORIENTED_EDGE('',*,*,#4214,.F.);
#3742=ORIENTED_EDGE('',*,*,#4204,.F.);
#3743=ORIENTED_EDGE('',*,*,#4199,.F.);
#3744=ORIENTED_EDGE('',*,*,#4206,.T.);
#3745=ORIENTED_EDGE('',*,*,#4216,.T.);
#3746=ORIENTED_EDGE('',*,*,#4203,.F.);
#3747=ORIENTED_EDGE('',*,*,#4209,.F.);
#3748=ORIENTED_EDGE('',*,*,#4207,.T.);
#3749=ORIENTED_EDGE('',*,*,#4195,.F.);
#3750=ORIENTED_EDGE('',*,*,#4218,.F.);
#3751=ORIENTED_EDGE('',*,*,#4219,.T.);
#3752=ORIENTED_EDGE('',*,*,#4213,.F.);
#3753=ORIENTED_EDGE('',*,*,#4220,.T.);
#3754=ORIENTED_EDGE('',*,*,#4221,.T.);
#3755=ORIENTED_EDGE('',*,*,#4222,.F.);
#3756=ORIENTED_EDGE('',*,*,#4217,.F.);
#3757=ORIENTED_EDGE('',*,*,#4223,.F.);
#3758=ORIENTED_EDGE('',*,*,#4224,.F.);
#3759=ORIENTED_EDGE('',*,*,#4225,.T.);
#3760=ORIENTED_EDGE('',*,*,#4226,.T.);
#3761=ORIENTED_EDGE('',*,*,#4227,.F.);
#3762=ORIENTED_EDGE('',*,*,#4228,.F.);
#3763=ORIENTED_EDGE('',*,*,#4229,.T.);
#3764=ORIENTED_EDGE('',*,*,#4230,.F.);
#3765=ORIENTED_EDGE('',*,*,#4227,.T.);
#3766=ORIENTED_EDGE('',*,*,#4218,.T.);
#3767=ORIENTED_EDGE('',*,*,#4231,.T.);
#3768=ORIENTED_EDGE('',*,*,#4232,.T.);
#3769=ORIENTED_EDGE('',*,*,#4231,.F.);
#3770=ORIENTED_EDGE('',*,*,#4233,.F.);
#3771=ORIENTED_EDGE('',*,*,#4234,.T.);
#3772=ORIENTED_EDGE('',*,*,#4235,.F.);
#3773=ORIENTED_EDGE('',*,*,#4234,.F.);
#3774=ORIENTED_EDGE('',*,*,#4221,.F.);
#3775=ORIENTED_EDGE('',*,*,#4225,.F.);
#3776=ORIENTED_EDGE('',*,*,#4236,.F.);
#3777=ORIENTED_EDGE('',*,*,#4237,.F.);
#3778=ORIENTED_EDGE('',*,*,#4238,.F.);
#3779=ORIENTED_EDGE('',*,*,#4237,.T.);
#3780=ORIENTED_EDGE('',*,*,#4239,.T.);
#3781=ORIENTED_EDGE('',*,*,#4229,.F.);
#3782=ORIENTED_EDGE('',*,*,#4220,.F.);
#3783=ORIENTED_EDGE('',*,*,#4215,.F.);
#3784=ORIENTED_EDGE('',*,*,#4222,.T.);
#3785=ORIENTED_EDGE('',*,*,#4233,.T.);
#3786=ORIENTED_EDGE('',*,*,#4219,.F.);
#3787=ORIENTED_EDGE('',*,*,#4226,.F.);
#3788=ORIENTED_EDGE('',*,*,#4223,.T.);
#3789=ORIENTED_EDGE('',*,*,#4211,.F.);
#3790=ORIENTED_EDGE('',*,*,#4239,.F.);
#3791=ORIENTED_EDGE('',*,*,#4236,.T.);
#3792=ORIENTED_EDGE('',*,*,#4224,.T.);
#3793=ORIENTED_EDGE('',*,*,#4230,.T.);
#3794=ORIENTED_EDGE('',*,*,#4232,.F.);
#3795=ORIENTED_EDGE('',*,*,#4235,.T.);
#3796=ORIENTED_EDGE('',*,*,#4238,.T.);
#3797=ORIENTED_EDGE('',*,*,#4228,.T.);
#3798=ORIENTED_EDGE('',*,*,#4240,.T.);
#3799=ORIENTED_EDGE('',*,*,#4241,.F.);
#3800=ORIENTED_EDGE('',*,*,#4242,.T.);
#3801=ORIENTED_EDGE('',*,*,#4243,.F.);
#3802=ORIENTED_EDGE('',*,*,#4244,.T.);
#3803=ORIENTED_EDGE('',*,*,#4241,.T.);
#3804=ORIENTED_EDGE('',*,*,#4245,.T.);
#3805=ORIENTED_EDGE('',*,*,#4246,.F.);
#3806=ORIENTED_EDGE('',*,*,#4247,.T.);
#3807=ORIENTED_EDGE('',*,*,#4248,.F.);
#3808=ORIENTED_EDGE('',*,*,#4249,.F.);
#3809=ORIENTED_EDGE('',*,*,#4250,.T.);
#3810=ORIENTED_EDGE('',*,*,#4243,.T.);
#3811=ORIENTED_EDGE('',*,*,#4251,.T.);
#3812=ORIENTED_EDGE('',*,*,#4252,.T.);
#3813=ORIENTED_EDGE('',*,*,#4253,.T.);
#3814=ORIENTED_EDGE('',*,*,#4249,.T.);
#3815=ORIENTED_EDGE('',*,*,#4248,.T.);
#3816=ORIENTED_EDGE('',*,*,#4254,.T.);
#3817=ORIENTED_EDGE('',*,*,#4255,.T.);
#3818=ORIENTED_EDGE('',*,*,#4256,.T.);
#3819=ORIENTED_EDGE('',*,*,#4246,.T.);
#3820=ORIENTED_EDGE('',*,*,#4257,.F.);
#3821=ORIENTED_EDGE('',*,*,#4255,.F.);
#3822=ORIENTED_EDGE('',*,*,#4258,.T.);
#3823=ORIENTED_EDGE('',*,*,#4252,.F.);
#3824=ORIENTED_EDGE('',*,*,#4259,.T.);
#3825=ORIENTED_EDGE('',*,*,#4253,.F.);
#3826=ORIENTED_EDGE('',*,*,#4258,.F.);
#3827=ORIENTED_EDGE('',*,*,#4254,.F.);
#3828=ORIENTED_EDGE('',*,*,#4247,.F.);
#3829=ORIENTED_EDGE('',*,*,#4242,.F.);
#3830=ORIENTED_EDGE('',*,*,#4250,.F.);
#3831=ORIENTED_EDGE('',*,*,#4256,.F.);
#3832=ORIENTED_EDGE('',*,*,#4259,.F.);
#3833=ORIENTED_EDGE('',*,*,#4251,.F.);
#3834=ORIENTED_EDGE('',*,*,#4245,.F.);
#3835=ORIENTED_EDGE('',*,*,#4240,.F.);
#3836=ORIENTED_EDGE('',*,*,#4244,.F.);
#3837=ORIENTED_EDGE('',*,*,#4257,.T.);
#3838=ORIENTED_EDGE('',*,*,#4260,.F.);
#3839=ORIENTED_EDGE('',*,*,#4260,.T.);
#3840=ORIENTED_EDGE('',*,*,#4261,.F.);
#3841=ORIENTED_EDGE('',*,*,#4262,.F.);
#3842=ORIENTED_EDGE('',*,*,#4261,.T.);
#3843=ORIENTED_EDGE('',*,*,#4262,.T.);
#3844=ORIENTED_EDGE('',*,*,#4263,.F.);
#3845=ORIENTED_EDGE('',*,*,#4263,.T.);
#3846=EDGE_CURVE('',#4264,#4265,#4266,.F.);
#3847=EDGE_CURVE('',#4265,#4267,#4268,.T.);
#3848=EDGE_CURVE('',#4267,#4269,#4270,.T.);
#3849=EDGE_CURVE('',#4269,#4271,#4272,.T.);
#3850=EDGE_CURVE('',#4271,#4273,#4274,.T.);
#3851=EDGE_CURVE('',#4273,#4275,#4276,.T.);
#3852=EDGE_CURVE('',#4275,#4277,#4278,.T.);
#3853=EDGE_CURVE('',#4277,#4279,#4280,.F.);
#3854=EDGE_CURVE('',#4279,#4281,#4282,.F.);
#3855=EDGE_CURVE('',#4281,#4283,#4284,.F.);
#3856=EDGE_CURVE('',#4283,#4285,#4286,.T.);
#3857=EDGE_CURVE('',#4285,#4287,#4288,.F.);
#3858=EDGE_CURVE('',#4287,#4289,#4290,.F.);
#3859=EDGE_CURVE('',#4289,#4291,#4292,.F.);
#3860=EDGE_CURVE('',#4291,#4293,#4294,.F.);
#3861=EDGE_CURVE('',#4293,#4295,#4296,.F.);
#3862=EDGE_CURVE('',#4295,#4297,#4298,.T.);
#3863=EDGE_CURVE('',#4299,#4297,#4300,.T.);
#3864=EDGE_CURVE('',#4299,#4301,#4302,.F.);
#3865=EDGE_CURVE('',#4301,#4303,#4304,.F.);
#3866=EDGE_CURVE('',#4303,#4305,#4306,.F.);
#3867=EDGE_CURVE('',#4307,#4305,#4308,.T.);
#3868=EDGE_CURVE('',#4307,#4309,#4310,.F.);
#3869=EDGE_CURVE('',#4311,#4309,#4312,.T.);
#3870=EDGE_CURVE('',#4313,#4311,#4314,.T.);
#3871=EDGE_CURVE('',#4313,#4264,#4315,.T.);
#3872=EDGE_CURVE('',#4316,#4316,#4317,.F.);
#3873=EDGE_CURVE('',#4318,#4318,#4319,.F.);
#3874=EDGE_CURVE('',#4320,#4320,#4321,.F.);
#3875=EDGE_CURVE('',#4265,#4322,#4323,.F.);
#3876=EDGE_CURVE('',#4322,#4324,#4325,.F.);
#3877=EDGE_CURVE('',#4324,#4264,#4326,.T.);
#3878=EDGE_CURVE('',#4327,#4313,#4328,.T.);
#3879=EDGE_CURVE('',#4329,#4327,#4330,.T.);
#3880=EDGE_CURVE('',#4331,#4329,#4332,.T.);
#3881=EDGE_CURVE('',#4333,#4331,#4334,.T.);
#3882=EDGE_CURVE('',#4335,#4333,#4336,.T.);
#3883=EDGE_CURVE('',#4337,#4335,#4338,.T.);
#3884=EDGE_CURVE('',#4339,#4337,#4340,.T.);
#3885=EDGE_CURVE('',#4275,#4339,#4341,.T.);
#3886=EDGE_CURVE('',#4342,#4273,#4343,.F.);
#3887=EDGE_CURVE('',#4344,#4342,#4345,.T.);
#3888=EDGE_CURVE('',#4267,#4344,#4346,.F.);
#3889=EDGE_CURVE('',#4322,#4324,#4347,.T.);
#3890=EDGE_CURVE('',#4348,#4348,#4349,.T.);
#3891=EDGE_CURVE('',#4344,#4350,#4351,.T.);
#3892=EDGE_CURVE('',#4350,#4269,#4352,.T.);
#3893=EDGE_CURVE('',#4350,#4353,#4354,.T.);
#3894=EDGE_CURVE('',#4353,#4271,#4355,.T.);
#3895=EDGE_CURVE('',#4353,#4342,#4356,.T.);
#3896=EDGE_CURVE('',#4357,#4277,#4358,.F.);
#3897=EDGE_CURVE('',#4339,#4357,#4359,.T.);
#3898=EDGE_CURVE('',#4360,#4357,#4361,.F.);
#3899=EDGE_CURVE('',#4362,#4360,#4363,.F.);
#3900=EDGE_CURVE('',#4364,#4362,#4365,.F.);
#3901=EDGE_CURVE('',#4364,#4366,#4367,.T.);
#3902=EDGE_CURVE('',#4366,#4368,#4369,.T.);
#3903=EDGE_CURVE('',#4370,#4368,#4371,.T.);
#3904=EDGE_CURVE('',#4372,#4370,#4373,.T.);
#3905=EDGE_CURVE('',#4374,#4372,#4375,.T.);
#3906=EDGE_CURVE('',#4374,#4279,#4376,.T.);
#3907=EDGE_CURVE('',#4377,#4374,#4378,.T.);
#3908=EDGE_CURVE('',#4377,#4281,#4379,.T.);
#3909=EDGE_CURVE('',#4380,#4377,#4381,.T.);
#3910=EDGE_CURVE('',#4380,#4382,#4383,.T.);
#3911=EDGE_CURVE('',#4384,#4382,#4385,.T.);
#3912=EDGE_CURVE('',#4386,#4384,#4387,.T.);
#3913=EDGE_CURVE('',#4388,#4386,#4389,.T.);
#3914=EDGE_CURVE('',#4390,#4388,#4391,.F.);
#3915=EDGE_CURVE('',#4392,#4390,#4393,.F.);
#3916=EDGE_CURVE('',#4394,#4392,#4395,.F.);
#3917=EDGE_CURVE('',#4283,#4394,#4396,.T.);
#3918=EDGE_CURVE('',#4394,#4397,#4398,.T.);
#3919=EDGE_CURVE('',#4397,#4285,#4399,.F.);
#3920=EDGE_CURVE('',#4400,#4397,#4401,.F.);
#3921=EDGE_CURVE('',#4402,#4400,#4403,.F.);
#3922=EDGE_CURVE('',#4404,#4402,#4405,.F.);
#3923=EDGE_CURVE('',#4404,#4406,#4407,.T.);
#3924=EDGE_CURVE('',#4406,#4408,#4409,.T.);
#3925=EDGE_CURVE('',#4410,#4408,#4411,.T.);
#3926=EDGE_CURVE('',#4412,#4410,#4413,.T.);
#3927=EDGE_CURVE('',#4414,#4412,#4415,.T.);
#3928=EDGE_CURVE('',#4414,#4287,#4416,.T.);
#3929=EDGE_CURVE('',#4417,#4414,#4418,.T.);
#3930=EDGE_CURVE('',#4417,#4289,#4419,.T.);
#3931=EDGE_CURVE('',#4420,#4291,#4421,.T.);
#3932=EDGE_CURVE('',#4422,#4417,#4423,.T.);
#3933=EDGE_CURVE('',#4422,#4420,#4424,.T.);
#3934=EDGE_CURVE('',#4425,#4420,#4426,.T.);
#3935=EDGE_CURVE('',#4293,#4425,#4427,.F.);
#3936=EDGE_CURVE('',#4428,#4425,#4429,.T.);
#3937=EDGE_CURVE('',#4430,#4428,#4431,.T.);
#3938=EDGE_CURVE('',#4432,#4430,#4433,.F.);
#3939=EDGE_CURVE('',#4434,#4432,#4435,.F.);
#3940=EDGE_CURVE('',#4436,#4434,#4437,.F.);
#3941=EDGE_CURVE('',#4295,#4436,#4438,.T.);
#3942=EDGE_CURVE('',#4436,#4439,#4440,.T.);
#3943=EDGE_CURVE('',#4297,#4439,#4441,.T.);
#3944=EDGE_CURVE('',#4442,#4299,#4443,.F.);
#3945=EDGE_CURVE('',#4439,#4444,#4445,.T.);
#3946=EDGE_CURVE('',#4444,#4446,#4447,.T.);
#3947=EDGE_CURVE('',#4446,#4448,#4449,.T.);
#3948=EDGE_CURVE('',#4448,#4450,#4451,.T.);
#3949=EDGE_CURVE('',#4450,#4452,#4453,.T.);
#3950=EDGE_CURVE('',#4452,#4454,#4455,.T.);
#3951=EDGE_CURVE('',#4454,#4311,#4456,.T.);
#3952=EDGE_CURVE('',#4309,#4457,#4458,.F.);
#3953=EDGE_CURVE('',#4457,#4459,#4460,.T.);
#3954=EDGE_CURVE('',#4459,#4307,#4461,.T.);
#3955=EDGE_CURVE('',#4305,#4462,#4463,.F.);
#3956=EDGE_CURVE('',#4462,#4442,#4464,.T.);
#3957=EDGE_CURVE('',#4465,#4442,#4466,.T.);
#3958=EDGE_CURVE('',#4465,#4301,#4467,.T.);
#3959=EDGE_CURVE('',#4468,#4465,#4469,.T.);
#3960=EDGE_CURVE('',#4468,#4303,#4470,.T.);
#3961=EDGE_CURVE('',#4462,#4468,#4471,.T.);
#3962=EDGE_CURVE('',#4457,#4459,#4472,.T.);
#3963=EDGE_CURVE('',#4327,#4454,#4473,.T.);
#3964=EDGE_CURVE('',#4474,#4474,#4475,.T.);
#3965=EDGE_CURVE('',#4476,#4476,#4477,.T.);
#3966=EDGE_CURVE('',#4329,#4452,#4478,.T.);
#3967=EDGE_CURVE('',#4331,#4450,#4479,.T.);
#3968=EDGE_CURVE('',#4333,#4448,#4480,.T.);
#3969=EDGE_CURVE('',#4481,#4482,#4483,.F.);
#3970=EDGE_CURVE('',#4482,#4484,#4485,.F.);
#3971=EDGE_CURVE('',#4484,#4486,#4487,.F.);
#3972=EDGE_CURVE('',#4486,#4488,#4489,.F.);
#3973=EDGE_CURVE('',#4488,#4490,#4491,.F.);
#3974=EDGE_CURVE('',#4490,#4492,#4493,.F.);
#3975=EDGE_CURVE('',#4492,#4494,#4495,.F.);
#3976=EDGE_CURVE('',#4494,#4364,#4496,.F.);
#3977=EDGE_CURVE('',#4335,#4362,#4497,.T.);
#3978=EDGE_CURVE('',#4432,#4446,#4498,.T.);
#3979=EDGE_CURVE('',#4430,#4499,#4500,.F.);
#3980=EDGE_CURVE('',#4499,#4501,#4502,.F.);
#3981=EDGE_CURVE('',#4501,#4503,#4504,.F.);
#3982=EDGE_CURVE('',#4503,#4505,#4506,.F.);
#3983=EDGE_CURVE('',#4505,#4507,#4508,.F.);
#3984=EDGE_CURVE('',#4507,#4509,#4510,.F.);
#3985=EDGE_CURVE('',#4509,#4511,#4512,.F.);
#3986=EDGE_CURVE('',#4511,#4513,#4514,.F.);
#3987=EDGE_CURVE('',#4513,#4404,#4515,.F.);
#3988=EDGE_CURVE('',#4390,#4402,#4516,.T.);
#3989=EDGE_CURVE('',#4388,#4481,#4517,.F.);
#3990=EDGE_CURVE('',#4337,#4360,#4518,.T.);
#3991=EDGE_CURVE('',#4519,#4481,#4520,.T.);
#3992=EDGE_CURVE('',#4386,#4366,#4521,.T.);
#3993=EDGE_CURVE('',#4494,#4522,#4523,.T.);
#3994=EDGE_CURVE('',#4522,#4519,#4524,.T.);
#3995=EDGE_CURVE('',#4384,#4368,#4525,.F.);
#3996=EDGE_CURVE('',#4370,#4382,#4526,.F.);
#3997=EDGE_CURVE('',#4372,#4380,#4527,.T.);
#3998=EDGE_CURVE('',#4392,#4400,#4528,.T.);
#3999=EDGE_CURVE('',#4428,#4406,#4529,.T.);
#4000=EDGE_CURVE('',#4530,#4513,#4531,.T.);
#4001=EDGE_CURVE('',#4532,#4530,#4533,.F.);
#4002=EDGE_CURVE('',#4499,#4532,#4534,.T.);
#4003=EDGE_CURVE('',#4425,#4408,#4535,.F.);
#4004=EDGE_CURVE('',#4410,#4420,#4536,.F.);
#4005=EDGE_CURVE('',#4412,#4422,#4537,.T.);
#4006=EDGE_CURVE('',#4434,#4444,#4538,.T.);
#4007=EDGE_CURVE('',#4539,#4539,#4540,.T.);
#4008=EDGE_CURVE('',#4541,#4541,#4542,.T.);
#4009=EDGE_CURVE('',#4519,#4543,#4544,.T.);
#4010=EDGE_CURVE('',#4482,#4543,#4545,.T.);
#4011=EDGE_CURVE('',#4543,#4546,#4547,.F.);
#4012=EDGE_CURVE('',#4546,#4492,#4548,.T.);
#4013=EDGE_CURVE('',#4549,#4490,#4550,.F.);
#4014=EDGE_CURVE('',#4549,#4551,#4552,.T.);
#4015=EDGE_CURVE('',#4551,#4553,#4554,.T.);
#4016=EDGE_CURVE('',#4553,#4555,#4556,.T.);
#4017=EDGE_CURVE('',#4555,#4557,#4558,.T.);
#4018=EDGE_CURVE('',#4559,#4557,#4560,.T.);
#4019=EDGE_CURVE('',#4559,#4561,#4562,.T.);
#4020=EDGE_CURVE('',#4563,#4561,#4564,.T.);
#4021=EDGE_CURVE('',#4484,#4563,#4565,.F.);
#4022=EDGE_CURVE('',#4563,#4566,#4567,.F.);
#4023=EDGE_CURVE('',#4566,#4486,#4568,.F.);
#4024=EDGE_CURVE('',#4488,#4569,#4570,.F.);
#4025=EDGE_CURVE('',#4566,#4571,#4572,.T.);
#4026=EDGE_CURVE('',#4571,#4573,#4574,.T.);
#4027=EDGE_CURVE('',#4573,#4575,#4576,.T.);
#4028=EDGE_CURVE('',#4575,#4577,#4578,.T.);
#4029=EDGE_CURVE('',#4579,#4577,#4580,.T.);
#4030=EDGE_CURVE('',#4579,#4581,#4582,.T.);
#4031=EDGE_CURVE('',#4569,#4581,#4583,.T.);
#4032=EDGE_CURVE('',#4584,#4584,#4585,.T.);
#4033=EDGE_CURVE('',#4569,#4549,#4586,.F.);
#4034=EDGE_CURVE('',#4522,#4546,#4587,.T.);
#4035=EDGE_CURVE('',#4532,#4588,#4589,.T.);
#4036=EDGE_CURVE('',#4501,#4588,#4590,.T.);
#4037=EDGE_CURVE('',#4588,#4591,#4592,.F.);
#4038=EDGE_CURVE('',#4591,#4511,#4593,.T.);
#4039=EDGE_CURVE('',#4594,#4509,#4595,.F.);
#4040=EDGE_CURVE('',#4594,#4596,#4597,.T.);
#4041=EDGE_CURVE('',#4596,#4598,#4599,.T.);
#4042=EDGE_CURVE('',#4598,#4600,#4601,.T.);
#4043=EDGE_CURVE('',#4600,#4602,#4603,.T.);
#4044=EDGE_CURVE('',#4604,#4602,#4605,.T.);
#4045=EDGE_CURVE('',#4604,#4606,#4607,.T.);
#4046=EDGE_CURVE('',#4608,#4606,#4609,.T.);
#4047=EDGE_CURVE('',#4503,#4608,#4610,.F.);
#4048=EDGE_CURVE('',#4608,#4611,#4612,.F.);
#4049=EDGE_CURVE('',#4611,#4505,#4613,.F.);
#4050=EDGE_CURVE('',#4507,#4614,#4615,.F.);
#4051=EDGE_CURVE('',#4611,#4616,#4617,.T.);
#4052=EDGE_CURVE('',#4616,#4618,#4619,.T.);
#4053=EDGE_CURVE('',#4618,#4620,#4621,.T.);
#4054=EDGE_CURVE('',#4620,#4622,#4623,.T.);
#4055=EDGE_CURVE('',#4624,#4622,#4625,.T.);
#4056=EDGE_CURVE('',#4624,#4626,#4627,.T.);
#4057=EDGE_CURVE('',#4614,#4626,#4628,.T.);
#4058=EDGE_CURVE('',#4629,#4629,#4630,.T.);
#4059=EDGE_CURVE('',#4614,#4594,#4631,.F.);
#4060=EDGE_CURVE('',#4530,#4591,#4632,.T.);
#4061=EDGE_CURVE('',#4633,#4633,#4634,.T.);
#4062=EDGE_CURVE('',#4635,#4635,#4636,.T.);
#4063=EDGE_CURVE('',#4581,#4637,#4638,.T.);
#4064=EDGE_CURVE('',#4637,#4639,#4640,.T.);
#4065=EDGE_CURVE('',#4639,#4641,#4642,.T.);
#4066=EDGE_CURVE('',#4643,#4641,#4644,.T.);
#4067=EDGE_CURVE('',#4643,#4551,#4645,.T.);
#4068=EDGE_CURVE('',#4643,#4553,#4646,.T.);
#4069=EDGE_CURVE('',#4641,#4555,#4647,.T.);
#4070=EDGE_CURVE('',#4648,#4575,#4649,.T.);
#4071=EDGE_CURVE('',#4650,#4648,#4651,.T.);
#4072=EDGE_CURVE('',#4557,#4650,#4652,.T.);
#4073=EDGE_CURVE('',#4577,#4639,#4653,.T.);
#4074=EDGE_CURVE('',#4559,#4654,#4655,.T.);
#4075=EDGE_CURVE('',#4654,#4650,#4656,.T.);
#4076=EDGE_CURVE('',#4561,#4654,#4657,.T.);
#4077=EDGE_CURVE('',#4658,#4648,#4659,.T.);
#4078=EDGE_CURVE('',#4658,#4571,#4660,.T.);
#4079=EDGE_CURVE('',#4658,#4573,#4661,.T.);
#4080=EDGE_CURVE('',#4579,#4637,#4662,.T.);
#4081=EDGE_CURVE('',#4626,#4663,#4664,.T.);
#4082=EDGE_CURVE('',#4663,#4665,#4666,.T.);
#4083=EDGE_CURVE('',#4665,#4667,#4668,.T.);
#4084=EDGE_CURVE('',#4669,#4667,#4670,.T.);
#4085=EDGE_CURVE('',#4669,#4596,#4671,.T.);
#4086=EDGE_CURVE('',#4669,#4598,#4672,.T.);
#4087=EDGE_CURVE('',#4667,#4600,#4673,.T.);
#4088=EDGE_CURVE('',#4674,#4620,#4675,.T.);
#4089=EDGE_CURVE('',#4676,#4674,#4677,.T.);
#4090=EDGE_CURVE('',#4602,#4676,#4678,.T.);
#4091=EDGE_CURVE('',#4622,#4665,#4679,.T.);
#4092=EDGE_CURVE('',#4604,#4680,#4681,.T.);
#4093=EDGE_CURVE('',#4680,#4676,#4682,.T.);
#4094=EDGE_CURVE('',#4606,#4680,#4683,.T.);
#4095=EDGE_CURVE('',#4684,#4674,#4685,.T.);
#4096=EDGE_CURVE('',#4684,#4616,#4686,.T.);
#4097=EDGE_CURVE('',#4684,#4618,#4687,.T.);
#4098=EDGE_CURVE('',#4624,#4663,#4688,.T.);
#4099=AXIS2_PLACEMENT_3D('',#4100,#4101,#4102);
#4100=CARTESIAN_POINT('',(0.,0.,0.));
#4101=DIRECTION('',(0.,0.,1.));
#4102=DIRECTION('',(1.,0.,0.));
#4103=AXIS2_PLACEMENT_3D('',#4104,#4105,#4106);
#4104=CARTESIAN_POINT('',(5.,0.,0.));
#4105=DIRECTION('',(0.,0.,1.));
#4106=DIRECTION('',(1.,0.,0.));
#4107=EDGE_CURVE('',#4689,#4690,#4691,.T.);
#4108=EDGE_CURVE('',#4690,#4692,#4693,.T.);
#4109=EDGE_CURVE('',#4694,#4692,#4695,.F.);
#4110=EDGE_CURVE('',#4689,#4694,#4696,.T.);
#4111=EDGE_CURVE('',#4697,#4698,#4699,.T.);
#4112=EDGE_CURVE('',#4700,#4698,#4701,.T.);
#4113=EDGE_CURVE('',#4702,#4700,#4703,.T.);
#4114=EDGE_CURVE('',#4702,#4697,#4704,.T.);
#4115=EDGE_CURVE('',#4690,#4697,#4705,.T.);
#4116=EDGE_CURVE('',#4706,#4702,#4707,.T.);
#4117=EDGE_CURVE('',#4706,#4708,#4709,.T.);
#4118=EDGE_CURVE('',#4692,#4708,#4710,.F.);
#4119=EDGE_CURVE('',#4698,#4711,#4712,.T.);
#4120=EDGE_CURVE('',#4711,#4689,#4713,.T.);
#4121=EDGE_CURVE('',#4714,#4694,#4715,.F.);
#4122=EDGE_CURVE('',#4716,#4714,#4717,.T.);
#4123=EDGE_CURVE('',#4700,#4716,#4718,.T.);
#4124=EDGE_CURVE('',#4719,#4720,#4721,.T.);
#4125=EDGE_CURVE('',#4720,#4722,#4723,.T.);
#4126=EDGE_CURVE('',#4724,#4722,#4725,.T.);
#4127=EDGE_CURVE('',#4719,#4724,#4726,.T.);
#4128=EDGE_CURVE('',#4727,#4727,#4728,.F.);
#4129=EDGE_CURVE('',#4729,#4730,#4731,.T.);
#4130=EDGE_CURVE('',#4730,#4724,#4732,.T.);
#4131=EDGE_CURVE('',#4722,#4729,#4733,.T.);
#4132=EDGE_CURVE('',#4708,#4734,#4735,.F.);
#4133=EDGE_CURVE('',#4734,#4736,#4737,.F.);
#4134=EDGE_CURVE('',#4736,#4738,#4739,.F.);
#4135=EDGE_CURVE('',#4738,#4740,#4741,.F.);
#4136=EDGE_CURVE('',#4740,#4714,#4742,.F.);
#4137=EDGE_CURVE('',#4720,#4743,#4744,.T.);
#4138=EDGE_CURVE('',#4745,#4719,#4746,.T.);
#4139=EDGE_CURVE('',#4743,#4745,#4747,.T.);
#4140=EDGE_CURVE('',#4716,#4748,#4749,.T.);
#4141=EDGE_CURVE('',#4748,#4750,#4751,.T.);
#4142=EDGE_CURVE('',#4750,#4752,#4753,.T.);
#4143=EDGE_CURVE('',#4752,#4754,#4755,.T.);
#4144=EDGE_CURVE('',#4754,#4706,#4756,.T.);
#4145=EDGE_CURVE('',#4754,#4734,#4757,.T.);
#4146=EDGE_CURVE('',#4748,#4740,#4758,.T.);
#4147=EDGE_CURVE('',#4743,#4729,#4759,.T.);
#4148=EDGE_CURVE('',#4745,#4730,#4760,.T.);
#4149=EDGE_CURVE('',#4761,#4761,#4762,.F.);
#4150=EDGE_CURVE('',#4752,#4736,#4763,.T.);
#4151=EDGE_CURVE('',#4750,#4738,#4764,.T.);
#4152=EDGE_CURVE('',#4765,#4765,#4766,.T.);
#4153=EDGE_CURVE('',#4767,#4767,#4768,.T.);
#4154=EDGE_CURVE('',#4769,#4770,#4771,.T.);
#4155=EDGE_CURVE('',#4772,#4769,#4773,.T.);
#4156=EDGE_CURVE('',#4774,#4772,#4775,.T.);
#4157=EDGE_CURVE('',#4776,#4774,#4777,.T.);
#4158=EDGE_CURVE('',#4778,#4776,#4779,.T.);
#4159=EDGE_CURVE('',#4780,#4778,#4781,.T.);
#4160=EDGE_CURVE('',#4780,#4782,#4783,.T.);
#4161=EDGE_CURVE('',#4784,#4782,#4785,.T.);
#4162=EDGE_CURVE('',#4786,#4784,#4787,.T.);
#4163=EDGE_CURVE('',#4770,#4786,#4788,.T.);
#4164=EDGE_CURVE('',#4789,#4789,#4790,.T.);
#4165=EDGE_CURVE('',#4791,#4792,#4793,.T.);
#4166=EDGE_CURVE('',#4792,#4794,#4795,.T.);
#4167=EDGE_CURVE('',#4794,#4796,#4797,.T.);
#4168=EDGE_CURVE('',#4796,#4798,#4799,.T.);
#4169=EDGE_CURVE('',#4798,#4800,#4801,.T.);
#4170=EDGE_CURVE('',#4800,#4802,#4803,.T.);
#4171=EDGE_CURVE('',#4802,#4804,#4805,.T.);
#4172=EDGE_CURVE('',#4804,#4806,#4807,.T.);
#4173=EDGE_CURVE('',#4806,#4808,#4809,.T.);
#4174=EDGE_CURVE('',#4808,#4791,#4810,.T.);
#4175=EDGE_CURVE('',#4811,#4811,#4812,.F.);
#4176=EDGE_CURVE('',#4770,#4791,#4813,.T.);
#4177=EDGE_CURVE('',#4769,#4808,#4814,.T.);
#4178=EDGE_CURVE('',#4772,#4806,#4815,.T.);
#4179=EDGE_CURVE('',#4774,#4804,#4816,.T.);
#4180=EDGE_CURVE('',#4776,#4802,#4817,.T.);
#4181=EDGE_CURVE('',#4778,#4800,#4818,.T.);
#4182=EDGE_CURVE('',#4798,#4780,#4819,.T.);
#4183=EDGE_CURVE('',#4782,#4796,#4820,.T.);
#4184=EDGE_CURVE('',#4784,#4794,#4821,.T.);
#4185=EDGE_CURVE('',#4786,#4792,#4822,.T.);
#4186=EDGE_CURVE('',#4823,#4824,#4825,.T.);
#4187=EDGE_CURVE('',#4823,#4798,#4826,.T.);
#4188=EDGE_CURVE('',#4796,#4824,#4827,.T.);
#4189=EDGE_CURVE('',#4828,#4829,#4830,.T.);
#4190=EDGE_CURVE('',#4782,#4829,#4831,.T.);
#4191=EDGE_CURVE('',#4828,#4780,#4832,.T.);
#4192=EDGE_CURVE('',#4833,#4828,#4834,.T.);
#4193=EDGE_CURVE('',#4828,#4823,#4835,.T.);
#4194=EDGE_CURVE('',#4836,#4823,#4837,.T.);
#4195=EDGE_CURVE('',#4836,#4833,#4838,.T.);
#4196=EDGE_CURVE('',#4824,#4839,#4840,.T.);
#4197=EDGE_CURVE('',#4839,#4836,#4841,.T.);
#4198=EDGE_CURVE('',#4829,#4842,#4843,.T.);
#4199=EDGE_CURVE('',#4842,#4839,#4844,.T.);
#4200=EDGE_CURVE('',#4829,#4824,#4845,.T.);
#4201=EDGE_CURVE('',#4833,#4842,#4846,.T.);
#4202=EDGE_CURVE('',#4847,#4848,#4849,.T.);
#4203=EDGE_CURVE('',#4847,#4836,#4850,.T.);
#4204=EDGE_CURVE('',#4839,#4848,#4851,.T.);
#4205=EDGE_CURVE('',#4852,#4853,#4854,.T.);
#4206=EDGE_CURVE('',#4842,#4853,#4855,.T.);
#4207=EDGE_CURVE('',#4852,#4833,#4856,.T.);
#4208=EDGE_CURVE('',#4857,#4852,#4858,.T.);
#4209=EDGE_CURVE('',#4852,#4847,#4859,.T.);
#4210=EDGE_CURVE('',#4860,#4847,#4861,.T.);
#4211=EDGE_CURVE('',#4860,#4857,#4862,.T.);
#4212=EDGE_CURVE('',#4848,#4863,#4864,.T.);
#4213=EDGE_CURVE('',#4863,#4860,#4865,.T.);
#4214=EDGE_CURVE('',#4853,#4866,#4867,.T.);
#4215=EDGE_CURVE('',#4866,#4863,#4868,.T.);
#4216=EDGE_CURVE('',#4853,#4848,#4869,.T.);
#4217=EDGE_CURVE('',#4857,#4866,#4870,.T.);
#4218=EDGE_CURVE('',#4871,#4872,#4873,.T.);
#4219=EDGE_CURVE('',#4871,#4860,#4874,.T.);
#4220=EDGE_CURVE('',#4863,#4872,#4875,.T.);
#4221=EDGE_CURVE('',#4876,#4877,#4878,.T.);
#4222=EDGE_CURVE('',#4866,#4877,#4879,.T.);
#4223=EDGE_CURVE('',#4876,#4857,#4880,.T.);
#4224=EDGE_CURVE('',#4881,#4882,#4883,.T.);
#4225=EDGE_CURVE('',#4881,#4876,#4884,.T.);
#4226=EDGE_CURVE('',#4876,#4871,#4885,.T.);
#4227=EDGE_CURVE('',#4882,#4871,#4886,.T.);
#4228=EDGE_CURVE('',#4887,#4888,#4889,.F.);
#4229=EDGE_CURVE('',#4887,#4890,#4891,.T.);
#4230=EDGE_CURVE('',#4882,#4890,#4892,.F.);
#4231=EDGE_CURVE('',#4872,#4888,#4893,.T.);
#4232=EDGE_CURVE('',#4894,#4888,#4895,.T.);
#4233=EDGE_CURVE('',#4877,#4872,#4896,.T.);
#4234=EDGE_CURVE('',#4877,#4894,#4897,.T.);
#4235=EDGE_CURVE('',#4894,#4898,#4899,.F.);
#4236=EDGE_CURVE('',#4900,#4881,#4901,.F.);
#4237=EDGE_CURVE('',#4898,#4900,#4902,.T.);
#4238=EDGE_CURVE('',#4898,#4887,#4903,.T.);
#4239=EDGE_CURVE('',#4900,#4890,#4904,.T.);
#4240=EDGE_CURVE('',#4905,#4906,#4907,.F.);
#4241=EDGE_CURVE('',#4905,#4906,#4908,.T.);
#4242=EDGE_CURVE('',#4909,#4910,#4911,.F.);
#4243=EDGE_CURVE('',#4909,#4910,#4912,.T.);
#4244=EDGE_CURVE('',#4913,#4905,#4914,.F.);
#4245=EDGE_CURVE('',#4906,#4915,#4916,.T.);
#4246=EDGE_CURVE('',#4913,#4915,#4917,.T.);
#4247=EDGE_CURVE('',#4910,#4918,#4919,.T.);
#4248=EDGE_CURVE('',#4920,#4918,#4921,.T.);
#4249=EDGE_CURVE('',#4922,#4920,#4923,.T.);
#4250=EDGE_CURVE('',#4922,#4909,#4924,.F.);
#4251=EDGE_CURVE('',#4915,#4925,#4926,.T.);
#4252=EDGE_CURVE('',#4925,#4927,#4928,.T.);
#4253=EDGE_CURVE('',#4927,#4922,#4929,.F.);
#4254=EDGE_CURVE('',#4918,#4930,#4931,.T.);
#4255=EDGE_CURVE('',#4930,#4932,#4933,.T.);
#4256=EDGE_CURVE('',#4932,#4913,#4934,.F.);
#4257=EDGE_CURVE('',#4935,#4935,#4936,.T.);
#4258=EDGE_CURVE('',#4930,#4927,#4937,.T.);
#4259=EDGE_CURVE('',#4925,#4932,#4938,.T.);
#4260=EDGE_CURVE('',#4939,#4939,#4940,.T.);
#4261=EDGE_CURVE('',#4941,#4941,#4942,.T.);
#4262=EDGE_CURVE('',#4943,#4943,#4944,.T.);
#4263=EDGE_CURVE('',#4945,#4945,#4946,.T.);
#4264=VERTEX_POINT('',#4947);
#4265=VERTEX_POINT('',#4948);
#4266=CIRCLE('',#4949,0.5);
#4267=VERTEX_POINT('',#4953);
#4268=LINE('',#4954,#4955);
#4269=VERTEX_POINT('',#4957);
#4270=LINE('',#4958,#4959);
#4271=VERTEX_POINT('',#4961);
#4272=LINE('',#4962,#4963);
#4273=VERTEX_POINT('',#4965);
#4274=LINE('',#4966,#4967);
#4275=VERTEX_POINT('',#4969);
#4276=LINE('',#4970,#4971);
#4277=VERTEX_POINT('',#4973);
#4278=LINE('',#4974,#4975);
#4279=VERTEX_POINT('',#4977);
#4280=LINE('',#4978,#4979);
#4281=VERTEX_POINT('',#4981);
#4282=CIRCLE('',#4982,2.7);
#4283=VERTEX_POINT('',#4986);
#4284=LINE('',#4987,#4988);
#4285=VERTEX_POINT('',#4990);
#4286=LINE('',#4991,#4992);
#4287=VERTEX_POINT('',#4994);
#4288=LINE('',#4995,#4996);
#4289=VERTEX_POINT('',#4998);
#4290=CIRCLE('',#4999,2.7);
#4291=VERTEX_POINT('',#5003);
#4292=LINE('',#5004,#5005);
#4293=VERTEX_POINT('',#5007);
#4294=LINE('',#5008,#5009);
#4295=VERTEX_POINT('',#5011);
#4296=LINE('',#5012,#5013);
#4297=VERTEX_POINT('',#5015);
#4298=LINE('',#5016,#5017);
#4299=VERTEX_POINT('',#5019);
#4300=LINE('',#5020,#5021);
#4301=VERTEX_POINT('',#5023);
#4302=LINE('',#5024,#5025);
#4303=VERTEX_POINT('',#5027);
#4304=LINE('',#5028,#5029);
#4305=VERTEX_POINT('',#5031);
#4306=LINE('',#5032,#5033);
#4307=VERTEX_POINT('',#5035);
#4308=LINE('',#5036,#5037);
#4309=VERTEX_POINT('',#5039);
#4310=CIRCLE('',#5040,0.5);
#4311=VERTEX_POINT('',#5044);
#4312=LINE('',#5045,#5046);
#4313=VERTEX_POINT('',#5048);
#4314=LINE('',#5049,#5050);
#4315=LINE('',#5052,#5053);
#4316=VERTEX_POINT('',#5055);
#4317=CIRCLE('',#5056,0.5);
#4318=VERTEX_POINT('',#5060);
#4319=CIRCLE('',#5061,2.);
#4320=VERTEX_POINT('',#5065);
#4321=CIRCLE('',#5066,2.);
#4322=VERTEX_POINT('',#5070);
#4323=LINE('',#5071,#5072);
#4324=VERTEX_POINT('',#5074);
#4325=LINE('',#5075,#5076);
#4326=LINE('',#5078,#5079);
#4327=VERTEX_POINT('',#5081);
#4328=CIRCLE('',#5082,0.25);
#4329=VERTEX_POINT('',#5086);
#4330=LINE('',#5087,#5088);
#4331=VERTEX_POINT('',#5090);
#4332=LINE('',#5091,#5092);
#4333=VERTEX_POINT('',#5094);
#4334=CIRCLE('',#5095,0.25);
#4335=VERTEX_POINT('',#5099);
#4336=LINE('',#5100,#5101);
#4337=VERTEX_POINT('',#5103);
#4338=LINE('',#5104,#5105);
#4339=VERTEX_POINT('',#5107);
#4340=LINE('',#5108,#5109);
#4341=CIRCLE('',#5111,0.25);
#4342=VERTEX_POINT('',#5115);
#4343=LINE('',#5116,#5117);
#4344=VERTEX_POINT('',#5119);
#4345=LINE('',#5120,#5121);
#4346=LINE('',#5123,#5124);
#4347=CIRCLE('',#5126,0.5);
#4348=VERTEX_POINT('',#5130);
#4349=CIRCLE('',#5131,0.5);
#4350=VERTEX_POINT('',#5135);
#4351=LINE('',#5136,#5137);
#4352=LINE('',#5139,#5140);
#4353=VERTEX_POINT('',#5142);
#4354=LINE('',#5143,#5144);
#4355=LINE('',#5146,#5147);
#4356=LINE('',#5149,#5150);
#4357=VERTEX_POINT('',#5152);
#4358=CIRCLE('',#5153,0.25);
#4359=LINE('',#5157,#5158);
#4360=VERTEX_POINT('',#5160);
#4361=LINE('',#5161,#5162);
#4362=VERTEX_POINT('',#5164);
#4363=LINE('',#5165,#5166);
#4364=VERTEX_POINT('',#5168);
#4365=LINE('',#5169,#5170);
#4366=VERTEX_POINT('',#5172);
#4367=LINE('',#5173,#5174);
#4368=VERTEX_POINT('',#5176);
#4369=LINE('',#5177,#5178);
#4370=VERTEX_POINT('',#5180);
#4371=LINE('',#5181,#5182);
#4372=VERTEX_POINT('',#5184);
#4373=LINE('',#5185,#5186);
#4374=VERTEX_POINT('',#5188);
#4375=LINE('',#5189,#5190);
#4376=LINE('',#5192,#5193);
#4377=VERTEX_POINT('',#5195);
#4378=CIRCLE('',#5196,2.7);
#4379=LINE('',#5200,#5201);
#4380=VERTEX_POINT('',#5203);
#4381=LINE('',#5204,#5205);
#4382=VERTEX_POINT('',#5207);
#4383=LINE('',#5208,#5209);
#4384=VERTEX_POINT('',#5211);
#4385=LINE('',#5212,#5213);
#4386=VERTEX_POINT('',#5215);
#4387=LINE('',#5216,#5217);
#4388=VERTEX_POINT('',#5219);
#4389=LINE('',#5220,#5221);
#4390=VERTEX_POINT('',#5223);
#4391=LINE('',#5224,#5225);
#4392=VERTEX_POINT('',#5227);
#4393=LINE('',#5228,#5229);
#4394=VERTEX_POINT('',#5231);
#4395=LINE('',#5232,#5233);
#4396=CIRCLE('',#5235,0.25);
#4397=VERTEX_POINT('',#5239);
#4398=LINE('',#5240,#5241);
#4399=CIRCLE('',#5243,0.25);
#4400=VERTEX_POINT('',#5247);
#4401=LINE('',#5248,#5249);
#4402=VERTEX_POINT('',#5251);
#4403=LINE('',#5252,#5253);
#4404=VERTEX_POINT('',#5255);
#4405=LINE('',#5256,#5257);
#4406=VERTEX_POINT('',#5259);
#4407=LINE('',#5260,#5261);
#4408=VERTEX_POINT('',#5263);
#4409=LINE('',#5264,#5265);
#4410=VERTEX_POINT('',#5267);
#4411=LINE('',#5268,#5269);
#4412=VERTEX_POINT('',#5271);
#4413=LINE('',#5272,#5273);
#4414=VERTEX_POINT('',#5275);
#4415=LINE('',#5276,#5277);
#4416=LINE('',#5279,#5280);
#4417=VERTEX_POINT('',#5282);
#4418=CIRCLE('',#5283,2.7);
#4419=LINE('',#5287,#5288);
#4420=VERTEX_POINT('',#5290);
#4421=LINE('',#5291,#5292);
#4422=VERTEX_POINT('',#5294);
#4423=LINE('',#5295,#5296);
#4424=LINE('',#5298,#5299);
#4425=VERTEX_POINT('',#5301);
#4426=LINE('',#5302,#5303);
#4427=LINE('',#5305,#5306);
#4428=VERTEX_POINT('',#5308);
#4429=LINE('',#5309,#5310);
#4430=VERTEX_POINT('',#5312);
#4431=LINE('',#5313,#5314);
#4432=VERTEX_POINT('',#5316);
#4433=LINE('',#5317,#5318);
#4434=VERTEX_POINT('',#5320);
#4435=LINE('',#5321,#5322);
#4436=VERTEX_POINT('',#5324);
#4437=LINE('',#5325,#5326);
#4438=CIRCLE('',#5328,0.25);
#4439=VERTEX_POINT('',#5332);
#4440=LINE('',#5333,#5334);
#4441=CIRCLE('',#5336,0.25);
#4442=VERTEX_POINT('',#5340);
#4443=LINE('',#5341,#5342);
#4444=VERTEX_POINT('',#5344);
#4445=LINE('',#5345,#5346);
#4446=VERTEX_POINT('',#5348);
#4447=LINE('',#5349,#5350);
#4448=VERTEX_POINT('',#5352);
#4449=LINE('',#5353,#5354);
#4450=VERTEX_POINT('',#5356);
#4451=CIRCLE('',#5357,0.25);
#4452=VERTEX_POINT('',#5361);
#4453=LINE('',#5362,#5363);
#4454=VERTEX_POINT('',#5365);
#4455=LINE('',#5366,#5367);
#4456=CIRCLE('',#5369,0.25);
#4457=VERTEX_POINT('',#5373);
#4458=LINE('',#5374,#5375);
#4459=VERTEX_POINT('',#5377);
#4460=LINE('',#5378,#5379);
#4461=LINE('',#5381,#5382);
#4462=VERTEX_POINT('',#5384);
#4463=LINE('',#5385,#5386);
#4464=LINE('',#5388,#5389);
#4465=VERTEX_POINT('',#5391);
#4466=LINE('',#5392,#5393);
#4467=LINE('',#5395,#5396);
#4468=VERTEX_POINT('',#5398);
#4469=LINE('',#5399,#5400);
#4470=LINE('',#5402,#5403);
#4471=LINE('',#5405,#5406);
#4472=CIRCLE('',#5408,0.5);
#4473=LINE('',#5412,#5413);
#4474=VERTEX_POINT('',#5415);
#4475=CIRCLE('',#5416,2.);
#4476=VERTEX_POINT('',#5420);
#4477=CIRCLE('',#5421,2.);
#4478=LINE('',#5425,#5426);
#4479=LINE('',#5428,#5429);
#4480=LINE('',#5431,#5432);
#4481=VERTEX_POINT('',#5434);
#4482=VERTEX_POINT('',#5435);
#4483=LINE('',#5436,#5437);
#4484=VERTEX_POINT('',#5439);
#4485=LINE('',#5440,#5441);
#4486=VERTEX_POINT('',#5443);
#4487=LINE('',#5444,#5445);
#4488=VERTEX_POINT('',#5447);
#4489=LINE('',#5448,#5449);
#4490=VERTEX_POINT('',#5451);
#4491=LINE('',#5452,#5453);
#4492=VERTEX_POINT('',#5455);
#4493=LINE('',#5456,#5457);
#4494=VERTEX_POINT('',#5459);
#4495=LINE('',#5460,#5461);
#4496=LINE('',#5463,#5464);
#4497=LINE('',#5466,#5467);
#4498=LINE('',#5469,#5470);
#4499=VERTEX_POINT('',#5472);
#4500=LINE('',#5473,#5474);
#4501=VERTEX_POINT('',#5476);
#4502=LINE('',#5477,#5478);
#4503=VERTEX_POINT('',#5480);
#4504=LINE('',#5481,#5482);
#4505=VERTEX_POINT('',#5484);
#4506=LINE('',#5485,#5486);
#4507=VERTEX_POINT('',#5488);
#4508=LINE('',#5489,#5490);
#4509=VERTEX_POINT('',#5492);
#4510=LINE('',#5493,#5494);
#4511=VERTEX_POINT('',#5496);
#4512=LINE('',#5497,#5498);
#4513=VERTEX_POINT('',#5500);
#4514=LINE('',#5501,#5502);
#4515=LINE('',#5504,#5505);
#4516=LINE('',#5507,#5508);
#4517=LINE('',#5510,#5511);
#4518=LINE('',#5513,#5514);
#4519=VERTEX_POINT('',#5516);
#4520=LINE('',#5517,#5518);
#4521=LINE('',#5520,#5521);
#4522=VERTEX_POINT('',#5523);
#4523=LINE('',#5524,#5525);
#4524=CIRCLE('',#5527,0.95);
#4525=LINE('',#5531,#5532);
#4526=LINE('',#5534,#5535);
#4527=LINE('',#5537,#5538);
#4528=LINE('',#5540,#5541);
#4529=LINE('',#5543,#5544);
#4530=VERTEX_POINT('',#5546);
#4531=LINE('',#5547,#5548);
#4532=VERTEX_POINT('',#5550);
#4533=CIRCLE('',#5551,0.95);
#4534=LINE('',#5555,#5556);
#4535=LINE('',#5558,#5559);
#4536=LINE('',#5561,#5562);
#4537=LINE('',#5564,#5565);
#4538=LINE('',#5567,#5568);
#4539=VERTEX_POINT('',#5570);
#4540=CIRCLE('',#5571,2.);
#4541=VERTEX_POINT('',#5575);
#4542=CIRCLE('',#5576,2.);
#4543=VERTEX_POINT('',#5580);
#4544=LINE('',#5581,#5582);
#4545=LINE('',#5584,#5585);
#4546=VERTEX_POINT('',#5587);
#4547=CIRCLE('',#5588,0.95);
#4548=LINE('',#5592,#5593);
#4549=VERTEX_POINT('',#5595);
#4550=LINE('',#5596,#5597);
#4551=VERTEX_POINT('',#5599);
#4552=LINE('',#5600,#5601);
#4553=VERTEX_POINT('',#5603);
#4554=LINE('',#5604,#5605);
#4555=VERTEX_POINT('',#5607);
#4556=LINE('',#5608,#5609);
#4557=VERTEX_POINT('',#5611);
#4558=LINE('',#5612,#5613);
#4559=VERTEX_POINT('',#5615);
#4560=LINE('',#5616,#5617);
#4561=VERTEX_POINT('',#5619);
#4562=LINE('',#5620,#5621);
#4563=VERTEX_POINT('',#5623);
#4564=LINE('',#5624,#5625);
#4565=LINE('',#5627,#5628);
#4566=VERTEX_POINT('',#5630);
#4567=LINE('',#5631,#5632);
#4568=LINE('',#5634,#5635);
#4569=VERTEX_POINT('',#5637);
#4570=LINE('',#5638,#5639);
#4571=VERTEX_POINT('',#5641);
#4572=LINE('',#5642,#5643);
#4573=VERTEX_POINT('',#5645);
#4574=LINE('',#5646,#5647);
#4575=VERTEX_POINT('',#5649);
#4576=LINE('',#5650,#5651);
#4577=VERTEX_POINT('',#5653);
#4578=LINE('',#5654,#5655);
#4579=VERTEX_POINT('',#5657);
#4580=LINE('',#5658,#5659);
#4581=VERTEX_POINT('',#5661);
#4582=LINE('',#5662,#5663);
#4583=LINE('',#5665,#5666);
#4584=VERTEX_POINT('',#5668);
#4585=CIRCLE('',#5669,1.5);
#4586=LINE('',#5673,#5674);
#4587=LINE('',#5676,#5677);
#4588=VERTEX_POINT('',#5679);
#4589=LINE('',#5680,#5681);
#4590=LINE('',#5683,#5684);
#4591=VERTEX_POINT('',#5686);
#4592=CIRCLE('',#5687,0.95);
#4593=LINE('',#5691,#5692);
#4594=VERTEX_POINT('',#5694);
#4595=LINE('',#5695,#5696);
#4596=VERTEX_POINT('',#5698);
#4597=LINE('',#5699,#5700);
#4598=VERTEX_POINT('',#5702);
#4599=LINE('',#5703,#5704);
#4600=VERTEX_POINT('',#5706);
#4601=LINE('',#5707,#5708);
#4602=VERTEX_POINT('',#5710);
#4603=LINE('',#5711,#5712);
#4604=VERTEX_POINT('',#5714);
#4605=LINE('',#5715,#5716);
#4606=VERTEX_POINT('',#5718);
#4607=LINE('',#5719,#5720);
#4608=VERTEX_POINT('',#5722);
#4609=LINE('',#5723,#5724);
#4610=LINE('',#5726,#5727);
#4611=VERTEX_POINT('',#5729);
#4612=LINE('',#5730,#5731);
#4613=LINE('',#5733,#5734);
#4614=VERTEX_POINT('',#5736);
#4615=LINE('',#5737,#5738);
#4616=VERTEX_POINT('',#5740);
#4617=LINE('',#5741,#5742);
#4618=VERTEX_POINT('',#5744);
#4619=LINE('',#5745,#5746);
#4620=VERTEX_POINT('',#5748);
#4621=LINE('',#5749,#5750);
#4622=VERTEX_POINT('',#5752);
#4623=LINE('',#5753,#5754);
#4624=VERTEX_POINT('',#5756);
#4625=LINE('',#5757,#5758);
#4626=VERTEX_POINT('',#5760);
#4627=LINE('',#5761,#5762);
#4628=LINE('',#5764,#5765);
#4629=VERTEX_POINT('',#5767);
#4630=CIRCLE('',#5768,1.5);
#4631=LINE('',#5772,#5773);
#4632=LINE('',#5775,#5776);
#4633=VERTEX_POINT('',#5778);
#4634=CIRCLE('',#5779,1.5);
#4635=VERTEX_POINT('',#5783);
#4636=CIRCLE('',#5784,1.5);
#4637=VERTEX_POINT('',#5788);
#4638=LINE('',#5789,#5790);
#4639=VERTEX_POINT('',#5792);
#4640=LINE('',#5793,#5794);
#4641=VERTEX_POINT('',#5796);
#4642=LINE('',#5797,#5798);
#4643=VERTEX_POINT('',#5800);
#4644=LINE('',#5801,#5802);
#4645=LINE('',#5804,#5805);
#4646=LINE('',#5807,#5808);
#4647=LINE('',#5810,#5811);
#4648=VERTEX_POINT('',#5813);
#4649=LINE('',#5814,#5815);
#4650=VERTEX_POINT('',#5817);
#4651=LINE('',#5818,#5819);
#4652=LINE('',#5821,#5822);
#4653=LINE('',#5824,#5825);
#4654=VERTEX_POINT('',#5827);
#4655=LINE('',#5828,#5829);
#4656=LINE('',#5831,#5832);
#4657=LINE('',#5834,#5835);
#4658=VERTEX_POINT('',#5837);
#4659=LINE('',#5838,#5839);
#4660=LINE('',#5841,#5842);
#4661=LINE('',#5844,#5845);
#4662=LINE('',#5847,#5848);
#4663=VERTEX_POINT('',#5850);
#4664=LINE('',#5851,#5852);
#4665=VERTEX_POINT('',#5854);
#4666=LINE('',#5855,#5856);
#4667=VERTEX_POINT('',#5858);
#4668=LINE('',#5859,#5860);
#4669=VERTEX_POINT('',#5862);
#4670=LINE('',#5863,#5864);
#4671=LINE('',#5866,#5867);
#4672=LINE('',#5869,#5870);
#4673=LINE('',#5872,#5873);
#4674=VERTEX_POINT('',#5875);
#4675=LINE('',#5876,#5877);
#4676=VERTEX_POINT('',#5879);
#4677=LINE('',#5880,#5881);
#4678=LINE('',#5883,#5884);
#4679=LINE('',#5886,#5887);
#4680=VERTEX_POINT('',#5889);
#4681=LINE('',#5890,#5891);
#4682=LINE('',#5893,#5894);
#4683=LINE('',#5896,#5897);
#4684=VERTEX_POINT('',#5899);
#4685=LINE('',#5900,#5901);
#4686=LINE('',#5903,#5904);
#4687=LINE('',#5906,#5907);
#4688=LINE('',#5909,#5910);
#4689=VERTEX_POINT('',#5912);
#4690=VERTEX_POINT('',#5913);
#4691=CIRCLE('',#5914,1.25);
#4692=VERTEX_POINT('',#5918);
#4693=LINE('',#5919,#5920);
#4694=VERTEX_POINT('',#5922);
#4695=LINE('',#5923,#5924);
#4696=LINE('',#5926,#5927);
#4697=VERTEX_POINT('',#5929);
#4698=VERTEX_POINT('',#5930);
#4699=CIRCLE('',#5931,1.25);
#4700=VERTEX_POINT('',#5935);
#4701=LINE('',#5936,#5937);
#4702=VERTEX_POINT('',#5939);
#4703=LINE('',#5940,#5941);
#4704=LINE('',#5943,#5944);
#4705=B_SPLINE_CURVE_WITH_KNOTS('',3,
(#5946,#5947,#5948,#5949,#5950,#5951,#5952,#5953,#5954,#5955,#5956,#5957,#5958,#5959,
#5960,#5961,#5962,#5963,#5964,#5965,#5966,#5967,#5968,#5969,#5970,#5971,#5972,#5973,
#5974,#5975,#5976,#5977,#5978,#5979,#5980,#5981,#5982,#5983,#5984,#5985,#5986,#5987,
#5988,#5989,#5990,#5991,#5992,#5993,#5994,#5995,#5996,#5997,#5998,#5999,#6000,#6001,
#6002,#6003,#6004,#6005,#6006,#6007,#6008,#6009,#6010,#6011,#6012,#6013,#6014,#6015,
#6016),
.UNSPECIFIED.,.F.,.F.,
(4,1,1,1,1,1,1,1,1,1,1,1,1,1,1,1,1,1,1,1,1,1,1,1,1,1,1,1,1,1,1,1,1,1,1,1,1,1,1,1,
1,1,1,1,1,1,1,1,1,1,1,1,1,1,1,1,1,1,1,1,1,1,1,1,1,1,1,1,4),
(0.,0.0101746249083784,0.0204554610212127,0.0308247660479074,0.0412857251702805,
0.05179401637883,0.0624003161576576,0.0730597271793817,0.0837888494470776,0.0945314411460049,
0.105394804474607,0.116361021053303,0.127519081077651,0.1387592732801,0.150247640863849,
0.161898355959996,0.173789948329672,0.185762256450472,0.199336416017687,0.214434843827206,
0.239378224509976,0.272484620518303,0.30538226635588,0.329750792813945,0.344202155411108,
0.357121004734662,0.368426518171235,0.379667020713565,0.390597296063578,0.40131009229963,
0.411619458247837,0.421783107592579,0.432438407469809,0.443772096040847,0.460916273405917,
0.482693511226243,0.506967661967668,0.525389422401644,0.538442863901197,0.54928416596333,
0.561106867926695,0.578672744358392,0.595853775459925,0.61263701913213,0.629121110816172,
0.653538283467568,0.689175877354599,0.729314919023943,0.763055070443174,0.787121005257661,
0.801990251547321,0.815500629543868,0.827614797782535,0.839686320612069,0.851584550235259,
0.863349724246438,0.874885823513246,0.88632948791679,0.897511629542235,0.908530053593039,
0.919315347099857,0.930038628658576,0.940539567400794,0.950883996682643,0.960981121571544,
0.970977484402624,0.980773036472302,0.990454294272401,1.),
.UNSPECIFIED.);
#4706=VERTEX_POINT('',#6017);
#4707=CIRCLE('',#6018,0.675);
#4708=VERTEX_POINT('',#6022);
#4709=LINE('',#6023,#6024);
#4710=CIRCLE('',#6026,0.675);
#4711=VERTEX_POINT('',#6030);
#4712=B_SPLINE_CURVE_WITH_KNOTS('',3,
(#6031,#6032,#6033,#6034,#6035,#6036,#6037,#6038,#6039,#6040,#6041,#6042,#6043,#6044,
#6045,#6046,#6047,#6048,#6049,#6050,#6051,#6052,#6053,#6054,#6055,#6056,#6057,#6058,
#6059,#6060,#6061,#6062,#6063,#6064,#6065,#6066,#6067,#6068,#6069,#6070,#6071,#6072,
#6073,#6074,#6075,#6076,#6077),
.UNSPECIFIED.,.F.,.F.,
(4,1,1,1,1,1,1,1,1,1,1,1,1,1,1,1,1,1,1,1,1,1,1,1,1,1,1,1,1,1,1,1,1,1,1,1,1,1,1,1,
1,1,1,1,4),
(0.,0.0186016214853259,0.0373981819856992,0.0563445004897197,0.0755466430679856,
0.0948769534920467,0.11449551348671,0.134290949614984,0.15433303628399,0.174438172282118,
0.194884828267238,0.215600582931106,0.236785519314578,0.258160406898781,0.280066684824223,
0.302307550553417,0.325025002297221,0.347888059809069,0.373864831565698,0.402815259925941,
0.445590554170531,0.499435899604727,0.550627286481261,0.588302009851185,0.612089203726732,
0.635718446089447,0.658900048697197,0.681772147344269,0.704193599522935,0.726445916801997,
0.748103971024623,0.769318689376103,0.789802665442913,0.810007109327356,0.82945112637203,
0.848443601950691,0.866795777113764,0.884995272170495,0.902640627318751,0.919909754855153,
0.936559474363944,0.952954421023225,0.968912060642031,0.984605814963889,1.),
.UNSPECIFIED.);
#4713=B_SPLINE_CURVE_WITH_KNOTS('',3,
(#6078,#6079,#6080,#6081,#6082,#6083,#6084,#6085,#6086,#6087,#6088,#6089,#6090,#6091,
#6092,#6093,#6094,#6095,#6096,#6097,#6098,#6099,#6100,#6101,#6102,#6103,#6104,#6105,
#6106,#6107,#6108,#6109,#6110,#6111,#6112,#6113,#6114,#6115,#6116,#6117,#6118,#6119,
#6120,#6121,#6122,#6123,#6124),
.UNSPECIFIED.,.F.,.F.,
(4,1,1,1,1,1,1,1,1,1,1,1,1,1,1,1,1,1,1,1,1,1,1,1,1,1,1,1,1,1,1,1,1,1,1,1,1,1,1,1,
1,1,1,1,4),
(0.,0.0165938406559331,0.0333280298219651,0.0502028360776179,0.067233771961824,0.0843747829939515,
0.101638918223474,0.119005958498847,0.136439910682776,0.153901132594235,0.171494847116261,
0.189215181138358,0.207175673499906,0.225221772169794,0.243603644645068,0.262177719622201,
0.281091142772013,0.300104333862486,0.320375731200032,0.341791507026868,0.365385974461369,
0.390027388957605,0.43320096626958,0.494329822922999,0.57386103634734,0.636510607670051,
0.681849706734994,0.708331062464919,0.733723485422603,0.763383946941688,0.797845256277459,
0.829791093883472,0.853873565335496,0.870072282188826,0.885692822210711,0.899839363233359,
0.913095136593824,0.928963120908535,0.943901578373421,0.957902871252994,0.967149389319069,
0.976079126686605,0.98437383984082,0.992347926200096,1.),
.UNSPECIFIED.);
#4714=VERTEX_POINT('',#6125);
#4715=CIRCLE('',#6126,0.675);
#4716=VERTEX_POINT('',#6130);
#4717=LINE('',#6131,#6132);
#4718=CIRCLE('',#6134,0.675);
#4719=VERTEX_POINT('',#6138);
#4720=VERTEX_POINT('',#6139);
#4721=LINE('',#6140,#6141);
#4722=VERTEX_POINT('',#6143);
#4723=LINE('',#6144,#6145);
#4724=VERTEX_POINT('',#6147);
#4725=LINE('',#6148,#6149);
#4726=LINE('',#6151,#6152);
#4727=VERTEX_POINT('',#6154);
#4728=CIRCLE('',#6155,1.25);
#4729=VERTEX_POINT('',#6159);
#4730=VERTEX_POINT('',#6160);
#4731=LINE('',#6161,#6162);
#4732=LINE('',#6164,#6165);
#4733=LINE('',#6167,#6168);
#4734=VERTEX_POINT('',#6170);
#4735=LINE('',#6171,#6172);
#4736=VERTEX_POINT('',#6174);
#4737=CIRCLE('',#6175,0.675);
#4738=VERTEX_POINT('',#6179);
#4739=LINE('',#6180,#6181);
#4740=VERTEX_POINT('',#6183);
#4741=CIRCLE('',#6184,0.675);
#4742=LINE('',#6188,#6189);
#4743=VERTEX_POINT('',#6191);
#4744=LINE('',#6192,#6193);
#4745=VERTEX_POINT('',#6195);
#4746=LINE('',#6196,#6197);
#4747=LINE('',#6199,#6200);
#4748=VERTEX_POINT('',#6202);
#4749=LINE('',#6203,#6204);
#4750=VERTEX_POINT('',#6206);
#4751=CIRCLE('',#6207,0.675);
#4752=VERTEX_POINT('',#6211);
#4753=LINE('',#6212,#6213);
#4754=VERTEX_POINT('',#6215);
#4755=CIRCLE('',#6216,0.675);
#4756=LINE('',#6220,#6221);
#4757=LINE('',#6223,#6224);
#4758=LINE('',#6226,#6227);
#4759=LINE('',#6229,#6230);
#4760=LINE('',#6232,#6233);
#4761=VERTEX_POINT('',#6235);
#4762=CIRCLE('',#6236,0.7);
#4763=LINE('',#6240,#6241);
#4764=LINE('',#6243,#6244);
#4765=VERTEX_POINT('',#6246);
#4766=CIRCLE('',#6247,0.5);
#4767=VERTEX_POINT('',#6251);
#4768=CIRCLE('',#6252,0.5);
#4769=VERTEX_POINT('',#6256);
#4770=VERTEX_POINT('',#6257);
#4771=LINE('',#6258,#6259);
#4772=VERTEX_POINT('',#6261);
#4773=LINE('',#6262,#6263);
#4774=VERTEX_POINT('',#6265);
#4775=LINE('',#6266,#6267);
#4776=VERTEX_POINT('',#6269);
#4777=LINE('',#6270,#6271);
#4778=VERTEX_POINT('',#6273);
#4779=LINE('',#6274,#6275);
#4780=VERTEX_POINT('',#6277);
#4781=LINE('',#6278,#6279);
#4782=VERTEX_POINT('',#6281);
#4783=LINE('',#6282,#6283);
#4784=VERTEX_POINT('',#6285);
#4785=LINE('',#6286,#6287);
#4786=VERTEX_POINT('',#6289);
#4787=LINE('',#6290,#6291);
#4788=LINE('',#6293,#6294);
#4789=VERTEX_POINT('',#6296);
#4790=CIRCLE('',#6297,1.525);
#4791=VERTEX_POINT('',#6301);
#4792=VERTEX_POINT('',#6302);
#4793=LINE('',#6303,#6304);
#4794=VERTEX_POINT('',#6306);
#4795=LINE('',#6307,#6308);
#4796=VERTEX_POINT('',#6310);
#4797=LINE('',#6311,#6312);
#4798=VERTEX_POINT('',#6314);
#4799=LINE('',#6315,#6316);
#4800=VERTEX_POINT('',#6318);
#4801=LINE('',#6319,#6320);
#4802=VERTEX_POINT('',#6322);
#4803=LINE('',#6323,#6324);
#4804=VERTEX_POINT('',#6326);
#4805=LINE('',#6327,#6328);
#4806=VERTEX_POINT('',#6330);
#4807=LINE('',#6331,#6332);
#4808=VERTEX_POINT('',#6334);
#4809=LINE('',#6335,#6336);
#4810=LINE('',#6338,#6339);
#4811=VERTEX_POINT('',#6341);
#4812=CIRCLE('',#6342,1.525);
#4813=LINE('',#6346,#6347);
#4814=LINE('',#6349,#6350);
#4815=LINE('',#6352,#6353);
#4816=LINE('',#6355,#6356);
#4817=LINE('',#6358,#6359);
#4818=LINE('',#6361,#6362);
#4819=LINE('',#6364,#6365);
#4820=LINE('',#6367,#6368);
#4821=LINE('',#6370,#6371);
#4822=LINE('',#6373,#6374);
#4823=VERTEX_POINT('',#6376);
#4824=VERTEX_POINT('',#6377);
#4825=LINE('',#6378,#6379);
#4826=CIRCLE('',#6381,0.35);
#4827=CIRCLE('',#6385,0.35);
#4828=VERTEX_POINT('',#6389);
#4829=VERTEX_POINT('',#6390);
#4830=LINE('',#6391,#6392);
#4831=CIRCLE('',#6394,0.15);
#4832=CIRCLE('',#6398,0.15);
#4833=VERTEX_POINT('',#6402);
#4834=LINE('',#6403,#6404);
#4835=LINE('',#6406,#6407);
#4836=VERTEX_POINT('',#6409);
#4837=LINE('',#6410,#6411);
#4838=LINE('',#6413,#6414);
#4839=VERTEX_POINT('',#6416);
#4840=LINE('',#6417,#6418);
#4841=LINE('',#6420,#6421);
#4842=VERTEX_POINT('',#6423);
#4843=LINE('',#6424,#6425);
#4844=LINE('',#6427,#6428);
#4845=LINE('',#6430,#6431);
#4846=LINE('',#6433,#6434);
#4847=VERTEX_POINT('',#6436);
#4848=VERTEX_POINT('',#6437);
#4849=LINE('',#6438,#6439);
#4850=CIRCLE('',#6441,0.35);
#4851=CIRCLE('',#6445,0.35);
#4852=VERTEX_POINT('',#6449);
#4853=VERTEX_POINT('',#6450);
#4854=LINE('',#6451,#6452);
#4855=CIRCLE('',#6454,0.15);
#4856=CIRCLE('',#6458,0.15);
#4857=VERTEX_POINT('',#6462);
#4858=LINE('',#6463,#6464);
#4859=LINE('',#6466,#6467);
#4860=VERTEX_POINT('',#6469);
#4861=LINE('',#6470,#6471);
#4862=LINE('',#6473,#6474);
#4863=VERTEX_POINT('',#6476);
#4864=LINE('',#6477,#6478);
#4865=LINE('',#6480,#6481);
#4866=VERTEX_POINT('',#6483);
#4867=LINE('',#6484,#6485);
#4868=LINE('',#6487,#6488);
#4869=LINE('',#6490,#6491);
#4870=LINE('',#6493,#6494);
#4871=VERTEX_POINT('',#6496);
#4872=VERTEX_POINT('',#6497);
#4873=LINE('',#6498,#6499);
#4874=CIRCLE('',#6501,0.8);
#4875=CIRCLE('',#6505,0.8);
#4876=VERTEX_POINT('',#6509);
#4877=VERTEX_POINT('',#6510);
#4878=LINE('',#6511,#6512);
#4879=CIRCLE('',#6514,0.6);
#4880=CIRCLE('',#6518,0.6);
#4881=VERTEX_POINT('',#6522);
#4882=VERTEX_POINT('',#6523);
#4883=LINE('',#6524,#6525);
#4884=LINE('',#6527,#6528);
#4885=LINE('',#6530,#6531);
#4886=LINE('',#6533,#6534);
#4887=VERTEX_POINT('',#6536);
#4888=VERTEX_POINT('',#6537);
#4889=LINE('',#6538,#6539);
#4890=VERTEX_POINT('',#6541);
#4891=LINE('',#6542,#6543);
#4892=LINE('',#6545,#6546);
#4893=LINE('',#6548,#6549);
#4894=VERTEX_POINT('',#6551);
#4895=LINE('',#6552,#6553);
#4896=LINE('',#6555,#6556);
#4897=LINE('',#6558,#6559);
#4898=VERTEX_POINT('',#6561);
#4899=LINE('',#6562,#6563);
#4900=VERTEX_POINT('',#6565);
#4901=LINE('',#6566,#6567);
#4902=LINE('',#6569,#6570);
#4903=LINE('',#6572,#6573);
#4904=LINE('',#6575,#6576);
#4905=VERTEX_POINT('',#6578);
#4906=VERTEX_POINT('',#6579);
#4907=LINE('',#6580,#6581);
#4908=CIRCLE('',#6583,1.47777777777778);
#4909=VERTEX_POINT('',#6587);
#4910=VERTEX_POINT('',#6588);
#4911=LINE('',#6589,#6590);
#4912=CIRCLE('',#6592,1.47777777777778);
#4913=VERTEX_POINT('',#6596);
#4914=B_SPLINE_CURVE_WITH_KNOTS('',3,
(#6597,#6598,#6599,#6600,#6601,#6602,#6603,#6604,#6605,#6606,#6607,#6608,#6609),
.UNSPECIFIED.,.F.,.F.,
(4,1,1,1,1,1,1,1,1,1,4),
(0.,0.0789002906918932,0.157743638420706,0.236528781190328,0.341343511878296,0.472045351485805,
0.628464197653757,0.773817615243779,0.882298682363872,0.954129479743318,1.),
.UNSPECIFIED.);
#4915=VERTEX_POINT('',#6610);
#4916=B_SPLINE_CURVE_WITH_KNOTS('',3,
(#6611,#6612,#6613,#6614,#6615,#6616,#6617,#6618,#6619,#6620,#6621,#6622,#6623),
.UNSPECIFIED.,.F.,.F.,
(4,1,1,1,1,1,1,1,1,1,4),
(0.,0.0789002906918925,0.157743638420705,0.236528781190329,0.341343511878295,0.472045351485805,
0.628464197653754,0.773817615243775,0.882298682363872,0.954129479743315,1.),
.UNSPECIFIED.);
#4917=CIRCLE('',#6624,1.9);
#4918=VERTEX_POINT('',#6628);
#4919=B_SPLINE_CURVE_WITH_KNOTS('',3,
(#6629,#6630,#6631,#6632,#6633,#6634,#6635,#6636,#6637,#6638,#6639,#6640,#6641),
.UNSPECIFIED.,.F.,.F.,
(4,1,1,1,1,1,1,1,1,1,4),
(0.,0.0789002906918918,0.157743638420707,0.236528781190332,0.341343511878301,0.472045351485809,
0.628464197653761,0.773817615243785,0.882298682363884,0.954129479743319,1.),
.UNSPECIFIED.);
#4920=VERTEX_POINT('',#6642);
#4921=CIRCLE('',#6643,1.9);
#4922=VERTEX_POINT('',#6647);
#4923=CIRCLE('',#6648,1.9);
#4924=B_SPLINE_CURVE_WITH_KNOTS('',3,
(#6652,#6653,#6654,#6655,#6656,#6657,#6658,#6659,#6660,#6661,#6662,#6663,#6664),
.UNSPECIFIED.,.F.,.F.,
(4,1,1,1,1,1,1,1,1,1,4),
(0.,0.0789002906918928,0.157743638420708,0.236528781190331,0.341343511878299,0.472045351485809,
0.628464197653765,0.773817615243788,0.882298682363883,0.95412947974332,1.),
.UNSPECIFIED.);
#4925=VERTEX_POINT('',#6665);
#4926=LINE('',#6666,#6667);
#4927=VERTEX_POINT('',#6669);
#4928=CIRCLE('',#6670,1.9);
#4929=LINE('',#6674,#6675);
#4930=VERTEX_POINT('',#6677);
#4931=LINE('',#6678,#6679);
#4932=VERTEX_POINT('',#6681);
#4933=CIRCLE('',#6682,1.9);
#4934=LINE('',#6686,#6687);
#4935=VERTEX_POINT('',#6689);
#4936=CIRCLE('',#6690,1.9);
#4937=LINE('',#6694,#6695);
#4938=LINE('',#6697,#6698);
#4939=VERTEX_POINT('',#6700);
#4940=CIRCLE('',#6701,1.5);
#4941=VERTEX_POINT('',#6705);
#4942=CIRCLE('',#6706,1.5);
#4943=VERTEX_POINT('',#6710);
#4944=CIRCLE('',#6711,1.15);
#4945=VERTEX_POINT('',#6715);
#4946=CIRCLE('',#6716,1.15);
#4947=CARTESIAN_POINT('',(7.5,-2.,13.5));
#4948=CARTESIAN_POINT('',(7.5,-1.,13.5));
#4949=AXIS2_PLACEMENT_3D('',#4950,#4951,#4952);
#4950=CARTESIAN_POINT('',(7.5,-1.5,13.5));
#4951=DIRECTION('',(0.,0.,1.));
#4952=DIRECTION('',(0.,1.,0.));
#4953=CARTESIAN_POINT('',(7.5,2.3,13.5));
#4954=CARTESIAN_POINT('',(7.5,-1.,13.5));
#4955=VECTOR('',#4956,1.);
#4956=DIRECTION('',(0.,1.,0.));
#4957=CARTESIAN_POINT('',(8.29999999999998,2.,13.5));
#4958=CARTESIAN_POINT('',(7.5,2.3,13.5));
#4959=VECTOR('',#4960,1.);
#4960=DIRECTION('',(0.936329177569043,-0.351123441588395,0.));
#4961=CARTESIAN_POINT('',(8.29999999999995,3.39999999999998,13.5));
#4962=CARTESIAN_POINT('',(8.29999999999998,2.,13.5));
#4963=VECTOR('',#4964,1.);
#4964=DIRECTION('',(-2.03012210217174E-014,1.,0.));
#4965=CARTESIAN_POINT('',(7.5,3.1,13.5));
#4966=CARTESIAN_POINT('',(8.29999999999995,3.39999999999998,13.5));
#4967=VECTOR('',#4968,1.);
#4968=DIRECTION('',(-0.936329177569045,-0.351123441588391,0.));
#4969=CARTESIAN_POINT('',(7.5,4.25,13.5));
#4970=CARTESIAN_POINT('',(7.5,3.1,13.5));
#4971=VECTOR('',#4972,1.);
#4972=DIRECTION('',(0.,1.,0.));
#4973=CARTESIAN_POINT('',(6.60000000000002,4.25,13.5));
#4974=CARTESIAN_POINT('',(7.5,4.25,13.5));
#4975=VECTOR('',#4976,1.);
#4976=DIRECTION('',(-1.,0.,0.));
#4977=CARTESIAN_POINT('',(6.6,2.17485631709315,13.5));
#4978=CARTESIAN_POINT('',(6.6,2.17485631709315,13.5));
#4979=VECTOR('',#4980,1.);
#4980=DIRECTION('',(5.13609786358102E-015,1.,0.));
#4981=CARTESIAN_POINT('',(2.95,1.75712833908056,13.5));
#4982=AXIS2_PLACEMENT_3D('',#4983,#4984,#4985);
#4983=CARTESIAN_POINT('',(5.,0.,13.5));
#4984=DIRECTION('',(0.,0.,-1.));
#4985=DIRECTION('',(-0.759259259259258,0.650788273733541,0.));
#4986=CARTESIAN_POINT('',(2.95,4.25,13.5));
#4987=CARTESIAN_POINT('',(2.95,4.25,13.5));
#4988=VECTOR('',#4989,1.);
#4989=DIRECTION('',(0.,-1.,0.));
#4990=CARTESIAN_POINT('',(2.05,4.25,13.5));
#4991=CARTESIAN_POINT('',(2.95,4.25,13.5));
#4992=VECTOR('',#4993,1.);
#4993=DIRECTION('',(-1.,0.,0.));
#4994=CARTESIAN_POINT('',(2.05,1.75712833969042,13.5));
#4995=CARTESIAN_POINT('',(2.05,1.75712833969042,13.5));
#4996=VECTOR('',#4997,1.);
#4997=DIRECTION('',(3.56287262533935E-016,1.,0.));
#4998=CARTESIAN_POINT('',(-1.09999999993013,2.46576560121876,13.5));
#4999=AXIS2_PLACEMENT_3D('',#5000,#5001,#5002);
#5000=CARTESIAN_POINT('',(0.,0.,13.5));
#5001=DIRECTION('',(0.,0.,-1.));
#5002=DIRECTION('',(-0.407407407381529,0.913246518969911,0.));
#5003=CARTESIAN_POINT('',(-1.1,3.5,13.5));
#5004=CARTESIAN_POINT('',(-1.1,3.5,13.5));
#5005=VECTOR('',#5006,1.);
#5006=DIRECTION('',(0.,-1.,0.));
#5007=CARTESIAN_POINT('',(-1.6,4.,13.5));
#5008=CARTESIAN_POINT('',(-1.6,4.,13.5));
#5009=VECTOR('',#5010,1.);
#5010=DIRECTION('',(0.707106781186549,-0.707106781186546,0.));
#5011=CARTESIAN_POINT('',(-1.6,4.25,13.5));
#5012=CARTESIAN_POINT('',(-1.6,4.25,13.5));
#5013=VECTOR('',#5014,1.);
#5014=DIRECTION('',(-7.105427357601E-015,-1.,0.));
#5015=CARTESIAN_POINT('',(-2.5,4.25,13.5));
#5016=CARTESIAN_POINT('',(-1.6,4.25,13.5));
#5017=VECTOR('',#5018,1.);
#5018=DIRECTION('',(-1.,0.,0.));
#5019=CARTESIAN_POINT('',(-2.5,3.1,13.5));
#5020=CARTESIAN_POINT('',(-2.5,3.1,13.5));
#5021=VECTOR('',#5022,1.);
#5022=DIRECTION('',(0.,1.,0.));
#5023=CARTESIAN_POINT('',(-1.7,3.4,13.5));
#5024=CARTESIAN_POINT('',(-1.7,3.4,13.5));
#5025=VECTOR('',#5026,1.);
#5026=DIRECTION('',(-0.936329177569045,-0.351123441588391,0.));
#5027=CARTESIAN_POINT('',(-1.7,2.,13.5));
#5028=CARTESIAN_POINT('',(-1.7,2.,13.5));
#5029=VECTOR('',#5030,1.);
#5030=DIRECTION('',(0.,1.,0.));
#5031=CARTESIAN_POINT('',(-2.5,2.3,13.5));
#5032=CARTESIAN_POINT('',(-2.5,2.3,13.5));
#5033=VECTOR('',#5034,1.);
#5034=DIRECTION('',(0.936329177569045,-0.35112344158839,0.));
#5035=CARTESIAN_POINT('',(-2.5,-1.,13.5));
#5036=CARTESIAN_POINT('',(-2.5,-1.,13.5));
#5037=VECTOR('',#5038,1.);
#5038=DIRECTION('',(0.,1.,0.));
#5039=CARTESIAN_POINT('',(-2.5,-2.,13.5));
#5040=AXIS2_PLACEMENT_3D('',#5041,#5042,#5043);
#5041=CARTESIAN_POINT('',(-2.5,-1.5,13.5));
#5042=DIRECTION('',(0.,0.,1.));
#5043=DIRECTION('',(0.,-1.,0.));
#5044=CARTESIAN_POINT('',(-2.5,-2.28447650275517,13.5));
#5045=CARTESIAN_POINT('',(-2.5,-2.28447650275517,13.5));
#5046=VECTOR('',#5047,1.);
#5047=DIRECTION('',(0.,1.,0.));
#5048=CARTESIAN_POINT('',(7.5,-2.28447650275517,13.5));
#5049=CARTESIAN_POINT('',(7.5,-2.28447650275517,13.5));
#5050=VECTOR('',#5051,1.);
#5051=DIRECTION('',(-1.,0.,0.));
#5052=CARTESIAN_POINT('',(7.5,-2.28447650275517,13.5));
#5053=VECTOR('',#5054,1.);
#5054=DIRECTION('',(0.,1.,0.));
#5055=CARTESIAN_POINT('',(3.,-1.5,13.5));
#5056=AXIS2_PLACEMENT_3D('',#5057,#5058,#5059);
#5057=CARTESIAN_POINT('',(2.5,-1.5,13.5));
#5058=DIRECTION('',(0.,-0.,1.));
#5059=DIRECTION('',(1.,0.,0.));
#5060=CARTESIAN_POINT('',(0.,2.,13.5));
#5061=AXIS2_PLACEMENT_3D('',#5062,#5063,#5064);
#5062=CARTESIAN_POINT('',(0.,0.,13.5));
#5063=DIRECTION('',(0.,-0.,1.));
#5064=DIRECTION('',(0.,1.,0.));
#5065=CARTESIAN_POINT('',(5.,2.,13.5));
#5066=AXIS2_PLACEMENT_3D('',#5067,#5068,#5069);
#5067=CARTESIAN_POINT('',(5.,0.,13.5));
#5068=DIRECTION('',(0.,-0.,1.));
#5069=DIRECTION('',(0.,1.,0.));
#5070=CARTESIAN_POINT('',(7.5,-1.,8.8));
#5071=CARTESIAN_POINT('',(7.5,-1.,8.8));
#5072=VECTOR('',#5073,1.);
#5073=DIRECTION('',(0.,0.,1.));
#5074=CARTESIAN_POINT('',(7.5,-2.,8.8));
#5075=CARTESIAN_POINT('',(7.5,-2.,8.8));
#5076=VECTOR('',#5077,1.);
#5077=DIRECTION('',(0.,1.,0.));
#5078=CARTESIAN_POINT('',(7.5,-2.,8.8));
#5079=VECTOR('',#5080,1.);
#5080=DIRECTION('',(0.,0.,1.));
#5081=CARTESIAN_POINT('',(7.5,-2.53174904722594,13.2868278257701));
#5082=AXIS2_PLACEMENT_3D('',#5083,#5084,#5085);
#5083=CARTESIAN_POINT('',(7.5,-2.28447650275517,13.25));
#5084=DIRECTION('',(-1.,-0.,-0.));
#5085=DIRECTION('',(0.,-0.989090177883092,0.147311303080222));
#5086=CARTESIAN_POINT('',(7.5,-3.2,8.8));
#5087=CARTESIAN_POINT('',(7.5,-3.2,8.8));
#5088=VECTOR('',#5089,1.);
#5089=DIRECTION('',(0.,0.147311303088737,0.989090177881824));
#5090=CARTESIAN_POINT('',(7.5,-4.25,8.8));
#5091=CARTESIAN_POINT('',(7.5,-4.25,8.8));
#5092=VECTOR('',#5093,1.);
#5093=DIRECTION('',(0.,1.,0.));
#5094=CARTESIAN_POINT('',(7.5,-4.5,8.55));
#5095=AXIS2_PLACEMENT_3D('',#5096,#5097,#5098);
#5096=CARTESIAN_POINT('',(7.5,-4.25,8.55));
#5097=DIRECTION('',(-1.,-0.,-0.));
#5098=DIRECTION('',(0.,-1.,0.));
#5099=CARTESIAN_POINT('',(7.5,-4.5,4.81482486096809E-035));
#5100=CARTESIAN_POINT('',(7.5,-4.5,4.81482486096809E-035));
#5101=VECTOR('',#5102,1.);
#5102=DIRECTION('',(0.,0.,1.));
#5103=CARTESIAN_POINT('',(7.5,4.5,0.));
#5104=CARTESIAN_POINT('',(7.5,4.5,0.));
#5105=VECTOR('',#5106,1.);
#5106=DIRECTION('',(0.,-1.,5.34980540107565E-036));
#5107=CARTESIAN_POINT('',(7.5,4.5,13.25));
#5108=CARTESIAN_POINT('',(7.5,4.5,13.25));
#5109=VECTOR('',#5110,1.);
#5110=DIRECTION('',(0.,0.,-1.));
#5111=AXIS2_PLACEMENT_3D('',#5112,#5113,#5114);
#5112=CARTESIAN_POINT('',(7.5,4.25,13.25));
#5113=DIRECTION('',(-1.,-0.,-0.));
#5114=DIRECTION('',(0.,0.,1.));
#5115=CARTESIAN_POINT('',(7.5,3.1,8.8));
#5116=CARTESIAN_POINT('',(7.5,3.1,13.5));
#5117=VECTOR('',#5118,1.);
#5118=DIRECTION('',(0.,0.,-1.));
#5119=CARTESIAN_POINT('',(7.5,2.3,8.8));
#5120=CARTESIAN_POINT('',(7.5,2.3,8.8));
#5121=VECTOR('',#5122,1.);
#5122=DIRECTION('',(0.,1.,0.));
#5123=CARTESIAN_POINT('',(7.5,2.3,8.8));
#5124=VECTOR('',#5125,1.);
#5125=DIRECTION('',(0.,0.,1.));
#5126=AXIS2_PLACEMENT_3D('',#5127,#5128,#5129);
#5127=CARTESIAN_POINT('',(7.5,-1.5,8.8));
#5128=DIRECTION('',(0.,0.,1.));
#5129=DIRECTION('',(0.,1.,0.));
#5130=CARTESIAN_POINT('',(3.,-1.5,8.8));
#5131=AXIS2_PLACEMENT_3D('',#5132,#5133,#5134);
#5132=CARTESIAN_POINT('',(2.5,-1.5,8.8));
#5133=DIRECTION('',(0.,-0.,1.));
#5134=DIRECTION('',(1.,0.,0.));
#5135=CARTESIAN_POINT('',(8.29999999999998,2.,8.8));
#5136=CARTESIAN_POINT('',(7.5,2.3,8.8));
#5137=VECTOR('',#5138,1.);
#5138=DIRECTION('',(0.936329177569043,-0.351123441588395,0.));
#5139=CARTESIAN_POINT('',(8.29999999999998,2.,8.8));
#5140=VECTOR('',#5141,1.);
#5141=DIRECTION('',(0.,0.,1.));
#5142=CARTESIAN_POINT('',(8.29999999999995,3.39999999999998,8.8));
#5143=CARTESIAN_POINT('',(8.29999999999998,2.,8.8));
#5144=VECTOR('',#5145,1.);
#5145=DIRECTION('',(-2.03012210217174E-014,1.,0.));
#5146=CARTESIAN_POINT('',(8.29999999999995,3.39999999999998,8.8));
#5147=VECTOR('',#5148,1.);
#5148=DIRECTION('',(0.,0.,1.));
#5149=CARTESIAN_POINT('',(8.29999999999995,3.39999999999998,8.8));
#5150=VECTOR('',#5151,1.);
#5151=DIRECTION('',(-0.936329177569045,-0.351123441588391,0.));
#5152=CARTESIAN_POINT('',(6.6,4.5,13.25));
#5153=AXIS2_PLACEMENT_3D('',#5154,#5155,#5156);
#5154=CARTESIAN_POINT('',(6.6,4.25,13.25));
#5155=DIRECTION('',(-1.,0.,0.));
#5156=DIRECTION('',(0.,0.,1.));
#5157=CARTESIAN_POINT('',(7.5,4.5,13.25));
#5158=VECTOR('',#5159,1.);
#5159=DIRECTION('',(-1.,0.,0.));
#5160=CARTESIAN_POINT('',(6.6,4.5,0.));
#5161=CARTESIAN_POINT('',(6.6,4.5,13.25));
#5162=VECTOR('',#5163,1.);
#5163=DIRECTION('',(0.,0.,-1.));
#5164=CARTESIAN_POINT('',(6.6,-4.5,4.81482486096809E-035));
#5165=CARTESIAN_POINT('',(6.6,4.5,0.));
#5166=VECTOR('',#5167,1.);
#5167=DIRECTION('',(0.,-1.,5.34980540107565E-036));
#5168=CARTESIAN_POINT('',(6.59999999999999,-4.5,0.4));
#5169=CARTESIAN_POINT('',(6.6,-4.5,4.81482486096809E-035));
#5170=VECTOR('',#5171,1.);
#5171=DIRECTION('',(-1.77635683940025E-014,0.,1.));
#5172=CARTESIAN_POINT('',(6.6,4.,0.4));
#5173=CARTESIAN_POINT('',(6.59999999999999,-4.5,0.4));
#5174=VECTOR('',#5175,1.);
#5175=DIRECTION('',(0.,1.,0.));
#5176=CARTESIAN_POINT('',(6.60000000000002,4.,13.));
#5177=CARTESIAN_POINT('',(6.60000000000002,4.,0.4));
#5178=VECTOR('',#5179,1.);
#5179=DIRECTION('',(0.,0.,1.));
#5180=CARTESIAN_POINT('',(6.6,3.5,13.));
#5181=CARTESIAN_POINT('',(6.6,3.5,13.));
#5182=VECTOR('',#5183,1.);
#5183=DIRECTION('',(0.,1.,0.));
#5184=CARTESIAN_POINT('',(6.6,3.5,8.8));
#5185=CARTESIAN_POINT('',(6.6,3.5,8.8));
#5186=VECTOR('',#5187,1.);
#5187=DIRECTION('',(0.,0.,1.));
#5188=CARTESIAN_POINT('',(6.6,2.17485631709315,8.8));
#5189=CARTESIAN_POINT('',(6.6,2.17485631709315,8.8));
#5190=VECTOR('',#5191,1.);
#5191=DIRECTION('',(0.,1.,0.));
#5192=CARTESIAN_POINT('',(6.6,2.17485631709315,8.8));
#5193=VECTOR('',#5194,1.);
#5194=DIRECTION('',(0.,0.,1.));
#5195=CARTESIAN_POINT('',(2.95,1.75712833908056,8.8));
#5196=AXIS2_PLACEMENT_3D('',#5197,#5198,#5199);
#5197=CARTESIAN_POINT('',(5.,0.,8.8));
#5198=DIRECTION('',(0.,0.,-1.));
#5199=DIRECTION('',(-0.759259259259258,0.650788273733541,0.));
#5200=CARTESIAN_POINT('',(2.95,1.75712833908056,8.8));
#5201=VECTOR('',#5202,1.);
#5202=DIRECTION('',(0.,0.,1.));
#5203=CARTESIAN_POINT('',(2.95,3.5,8.8));
#5204=CARTESIAN_POINT('',(2.95,3.5,8.8));
#5205=VECTOR('',#5206,1.);
#5206=DIRECTION('',(0.,-1.,0.));
#5207=CARTESIAN_POINT('',(2.95,3.5,13.));
#5208=CARTESIAN_POINT('',(2.95,3.5,8.8));
#5209=VECTOR('',#5210,1.);
#5210=DIRECTION('',(0.,0.,1.));
#5211=CARTESIAN_POINT('',(2.95,4.,13.));
#5212=CARTESIAN_POINT('',(2.95,4.,13.));
#5213=VECTOR('',#5214,1.);
#5214=DIRECTION('',(0.,-1.,0.));
#5215=CARTESIAN_POINT('',(2.95,4.,0.4));
#5216=CARTESIAN_POINT('',(2.95,4.,0.4));
#5217=VECTOR('',#5218,1.);
#5218=DIRECTION('',(0.,0.,1.));
#5219=CARTESIAN_POINT('',(2.95,-4.5,0.4));
#5220=CARTESIAN_POINT('',(2.95,-4.5,0.4));
#5221=VECTOR('',#5222,1.);
#5222=DIRECTION('',(0.,1.,0.));
#5223=CARTESIAN_POINT('',(2.95,-4.5,4.81482486096809E-035));
#5224=CARTESIAN_POINT('',(2.95,-4.5,0.4));
#5225=VECTOR('',#5226,1.);
#5226=DIRECTION('',(0.,0.,-1.));
#5227=CARTESIAN_POINT('',(2.95,4.5,0.));
#5228=CARTESIAN_POINT('',(2.95,-4.5,4.81482486096809E-035));
#5229=VECTOR('',#5230,1.);
#5230=DIRECTION('',(0.,1.,-5.34980540107565E-036));
#5231=CARTESIAN_POINT('',(2.95,4.5,13.25));
#5232=CARTESIAN_POINT('',(2.95,4.5,0.));
#5233=VECTOR('',#5234,1.);
#5234=DIRECTION('',(0.,0.,1.));
#5235=AXIS2_PLACEMENT_3D('',#5236,#5237,#5238);
#5236=CARTESIAN_POINT('',(2.95,4.25,13.25));
#5237=DIRECTION('',(-1.,0.,0.));
#5238=DIRECTION('',(0.,0.,1.));
#5239=CARTESIAN_POINT('',(2.05,4.5,13.25));
#5240=CARTESIAN_POINT('',(2.95,4.5,13.25));
#5241=VECTOR('',#5242,1.);
#5242=DIRECTION('',(-1.,0.,0.));
#5243=AXIS2_PLACEMENT_3D('',#5244,#5245,#5246);
#5244=CARTESIAN_POINT('',(2.05,4.25,13.25));
#5245=DIRECTION('',(-1.,0.,0.));
#5246=DIRECTION('',(0.,0.,1.));
#5247=CARTESIAN_POINT('',(2.05,4.5,0.));
#5248=CARTESIAN_POINT('',(2.05,4.5,13.25));
#5249=VECTOR('',#5250,1.);
#5250=DIRECTION('',(6.70323335622736E-017,0.,-1.));
#5251=CARTESIAN_POINT('',(2.05,-4.5,4.81482486096809E-035));
#5252=CARTESIAN_POINT('',(2.05,4.5,0.));
#5253=VECTOR('',#5254,1.);
#5254=DIRECTION('',(0.,-1.,5.34980540107565E-036));
#5255=CARTESIAN_POINT('',(2.05,-4.5,0.4));
#5256=CARTESIAN_POINT('',(2.05,-4.5,4.81482486096809E-035));
#5257=VECTOR('',#5258,1.);
#5258=DIRECTION('',(0.,0.,1.));
#5259=CARTESIAN_POINT('',(2.05,4.,0.4));
#5260=CARTESIAN_POINT('',(2.05,-4.5,0.4));
#5261=VECTOR('',#5262,1.);
#5262=DIRECTION('',(0.,1.,0.));
#5263=CARTESIAN_POINT('',(2.05,4.,13.));
#5264=CARTESIAN_POINT('',(2.05,4.,0.4));
#5265=VECTOR('',#5266,1.);
#5266=DIRECTION('',(0.,0.,1.));
#5267=CARTESIAN_POINT('',(2.05,3.5,13.));
#5268=CARTESIAN_POINT('',(2.05,3.5,13.));
#5269=VECTOR('',#5270,1.);
#5270=DIRECTION('',(0.,1.,0.));
#5271=CARTESIAN_POINT('',(2.05,3.5,8.8));
#5272=CARTESIAN_POINT('',(2.05,3.5,8.8));
#5273=VECTOR('',#5274,1.);
#5274=DIRECTION('',(0.,0.,1.));
#5275=CARTESIAN_POINT('',(2.05,1.75712833969042,8.8));
#5276=CARTESIAN_POINT('',(2.05,1.75712833969042,8.8));
#5277=VECTOR('',#5278,1.);
#5278=DIRECTION('',(0.,1.,0.));
#5279=CARTESIAN_POINT('',(2.05,1.75712833969042,8.8));
#5280=VECTOR('',#5281,1.);
#5281=DIRECTION('',(0.,0.,1.));
#5282=CARTESIAN_POINT('',(-1.09999999993013,2.46576560121876,8.8));
#5283=AXIS2_PLACEMENT_3D('',#5284,#5285,#5286);
#5284=CARTESIAN_POINT('',(0.,0.,8.8));
#5285=DIRECTION('',(0.,0.,-1.));
#5286=DIRECTION('',(-0.407407407381529,0.913246518969911,0.));
#5287=CARTESIAN_POINT('',(-1.1,2.46576560137539,8.8));
#5288=VECTOR('',#5289,1.);
#5289=DIRECTION('',(0.,0.,1.));
#5290=CARTESIAN_POINT('',(-1.1,3.5,13.));
#5291=CARTESIAN_POINT('',(-1.1,3.5,13.));
#5292=VECTOR('',#5293,1.);
#5293=DIRECTION('',(0.,0.,1.));
#5294=CARTESIAN_POINT('',(-1.1,3.5,8.8));
#5295=CARTESIAN_POINT('',(-1.1,3.5,8.8));
#5296=VECTOR('',#5297,1.);
#5297=DIRECTION('',(0.,-1.,0.));
#5298=CARTESIAN_POINT('',(-1.1,3.5,8.8));
#5299=VECTOR('',#5300,1.);
#5300=DIRECTION('',(0.,0.,1.));
#5301=CARTESIAN_POINT('',(-1.6,4.,13.));
#5302=CARTESIAN_POINT('',(-1.6,4.,13.));
#5303=VECTOR('',#5304,1.);
#5304=DIRECTION('',(0.707106781186549,-0.707106781186546,0.));
#5305=CARTESIAN_POINT('',(-1.6,4.,13.));
#5306=VECTOR('',#5307,1.);
#5307=DIRECTION('',(0.,0.,1.));
#5308=CARTESIAN_POINT('',(-1.6,4.,0.4));
#5309=CARTESIAN_POINT('',(-1.6,4.,0.4));
#5310=VECTOR('',#5311,1.);
#5311=DIRECTION('',(0.,0.,1.));
#5312=CARTESIAN_POINT('',(-1.6,-4.5,0.4));
#5313=CARTESIAN_POINT('',(-1.6,-4.5,0.4));
#5314=VECTOR('',#5315,1.);
#5315=DIRECTION('',(0.,1.,0.));
#5316=CARTESIAN_POINT('',(-1.6,-4.5,4.81482486096809E-035));
#5317=CARTESIAN_POINT('',(-1.6,-4.5,0.4));
#5318=VECTOR('',#5319,1.);
#5319=DIRECTION('',(0.,0.,-1.));
#5320=CARTESIAN_POINT('',(-1.6,4.5,0.));
#5321=CARTESIAN_POINT('',(-1.6,-4.5,4.81482486096809E-035));
#5322=VECTOR('',#5323,1.);
#5323=DIRECTION('',(0.,1.,-5.34980540107565E-036));
#5324=CARTESIAN_POINT('',(-1.6,4.5,13.25));
#5325=CARTESIAN_POINT('',(-1.6,4.5,0.));
#5326=VECTOR('',#5327,1.);
#5327=DIRECTION('',(0.,0.,1.));
#5328=AXIS2_PLACEMENT_3D('',#5329,#5330,#5331);
#5329=CARTESIAN_POINT('',(-1.6,4.25,13.25));
#5330=DIRECTION('',(-1.,0.,0.));
#5331=DIRECTION('',(0.,0.,1.));
#5332=CARTESIAN_POINT('',(-2.5,4.5,13.25));
#5333=CARTESIAN_POINT('',(-1.6,4.5,13.25));
#5334=VECTOR('',#5335,1.);
#5335=DIRECTION('',(-1.,0.,0.));
#5336=AXIS2_PLACEMENT_3D('',#5337,#5338,#5339);
#5337=CARTESIAN_POINT('',(-2.5,4.25,13.25));
#5338=DIRECTION('',(-1.,-0.,-0.));
#5339=DIRECTION('',(0.,0.,1.));
#5340=CARTESIAN_POINT('',(-2.5,3.1,8.8));
#5341=CARTESIAN_POINT('',(-2.5,3.1,13.5));
#5342=VECTOR('',#5343,1.);
#5343=DIRECTION('',(0.,0.,-1.));
#5344=CARTESIAN_POINT('',(-2.5,4.5,0.));
#5345=CARTESIAN_POINT('',(-2.5,4.5,13.25));
#5346=VECTOR('',#5347,1.);
#5347=DIRECTION('',(0.,0.,-1.));
#5348=CARTESIAN_POINT('',(-2.5,-4.5,4.81482486096809E-035));
#5349=CARTESIAN_POINT('',(-2.5,4.5,0.));
#5350=VECTOR('',#5351,1.);
#5351=DIRECTION('',(0.,-1.,5.34980540107565E-036));
#5352=CARTESIAN_POINT('',(-2.5,-4.5,8.55));
#5353=CARTESIAN_POINT('',(-2.5,-4.5,4.81482486096809E-035));
#5354=VECTOR('',#5355,1.);
#5355=DIRECTION('',(0.,0.,1.));
#5356=CARTESIAN_POINT('',(-2.5,-4.25,8.8));
#5357=AXIS2_PLACEMENT_3D('',#5358,#5359,#5360);
#5358=CARTESIAN_POINT('',(-2.5,-4.25,8.55));
#5359=DIRECTION('',(-1.,-0.,-0.));
#5360=DIRECTION('',(0.,-1.,0.));
#5361=CARTESIAN_POINT('',(-2.5,-3.2,8.8));
#5362=CARTESIAN_POINT('',(-2.5,-4.25,8.8));
#5363=VECTOR('',#5364,1.);
#5364=DIRECTION('',(0.,1.,0.));
#5365=CARTESIAN_POINT('',(-2.5,-2.53174904722594,13.2868278257701));
#5366=CARTESIAN_POINT('',(-2.5,-3.2,8.8));
#5367=VECTOR('',#5368,1.);
#5368=DIRECTION('',(0.,0.147311303088737,0.989090177881824));
#5369=AXIS2_PLACEMENT_3D('',#5370,#5371,#5372);
#5370=CARTESIAN_POINT('',(-2.5,-2.28447650275517,13.25));
#5371=DIRECTION('',(-1.,-0.,-0.));
#5372=DIRECTION('',(0.,-0.989090177883092,0.147311303080222));
#5373=CARTESIAN_POINT('',(-2.5,-2.,8.8));
#5374=CARTESIAN_POINT('',(-2.5,-2.,8.8));
#5375=VECTOR('',#5376,1.);
#5376=DIRECTION('',(0.,0.,1.));
#5377=CARTESIAN_POINT('',(-2.5,-1.,8.8));
#5378=CARTESIAN_POINT('',(-2.5,-2.,8.8));
#5379=VECTOR('',#5380,1.);
#5380=DIRECTION('',(0.,1.,0.));
#5381=CARTESIAN_POINT('',(-2.5,-1.,8.8));
#5382=VECTOR('',#5383,1.);
#5383=DIRECTION('',(0.,0.,1.));
#5384=CARTESIAN_POINT('',(-2.5,2.3,8.8));
#5385=CARTESIAN_POINT('',(-2.5,2.3,8.8));
#5386=VECTOR('',#5387,1.);
#5387=DIRECTION('',(0.,0.,1.));
#5388=CARTESIAN_POINT('',(-2.5,2.3,8.8));
#5389=VECTOR('',#5390,1.);
#5390=DIRECTION('',(0.,1.,0.));
#5391=CARTESIAN_POINT('',(-1.7,3.4,8.8));
#5392=CARTESIAN_POINT('',(-1.7,3.4,8.8));
#5393=VECTOR('',#5394,1.);
#5394=DIRECTION('',(-0.936329177569045,-0.351123441588391,0.));
#5395=CARTESIAN_POINT('',(-1.7,3.4,8.8));
#5396=VECTOR('',#5397,1.);
#5397=DIRECTION('',(0.,0.,1.));
#5398=CARTESIAN_POINT('',(-1.7,2.,8.8));
#5399=CARTESIAN_POINT('',(-1.7,2.,8.8));
#5400=VECTOR('',#5401,1.);
#5401=DIRECTION('',(0.,1.,0.));
#5402=CARTESIAN_POINT('',(-1.7,2.,8.8));
#5403=VECTOR('',#5404,1.);
#5404=DIRECTION('',(0.,0.,1.));
#5405=CARTESIAN_POINT('',(-2.5,2.3,8.8));
#5406=VECTOR('',#5407,1.);
#5407=DIRECTION('',(0.936329177569045,-0.351123441588391,0.));
#5408=AXIS2_PLACEMENT_3D('',#5409,#5410,#5411);
#5409=CARTESIAN_POINT('',(-2.5,-1.5,8.8));
#5410=DIRECTION('',(0.,0.,1.));
#5411=DIRECTION('',(0.,-1.,0.));
#5412=CARTESIAN_POINT('',(7.5,-2.53174904722594,13.2868278257701));
#5413=VECTOR('',#5414,1.);
#5414=DIRECTION('',(-1.,0.,0.));
#5415=CARTESIAN_POINT('',(0.,2.,13.2));
#5416=AXIS2_PLACEMENT_3D('',#5417,#5418,#5419);
#5417=CARTESIAN_POINT('',(0.,-5.11958885233336E-030,13.2));
#5418=DIRECTION('',(-0.,1.21461182736277E-031,1.));
#5419=DIRECTION('',(0.,1.,-1.21461182736277E-031));
#5420=CARTESIAN_POINT('',(5.,2.,13.2));
#5421=AXIS2_PLACEMENT_3D('',#5422,#5423,#5424);
#5422=CARTESIAN_POINT('',(5.,-5.11958885233336E-030,13.2));
#5423=DIRECTION('',(-0.,1.21461182736277E-031,1.));
#5424=DIRECTION('',(0.,1.,-1.21461182736277E-031));
#5425=CARTESIAN_POINT('',(7.5,-3.2,8.8));
#5426=VECTOR('',#5427,1.);
#5427=DIRECTION('',(-1.,0.,0.));
#5428=CARTESIAN_POINT('',(7.5,-4.25,8.8));
#5429=VECTOR('',#5430,1.);
#5430=DIRECTION('',(-1.,0.,0.));
#5431=CARTESIAN_POINT('',(7.5,-4.5,8.55));
#5432=VECTOR('',#5433,1.);
#5433=DIRECTION('',(-1.,0.,0.));
#5434=CARTESIAN_POINT('',(4.05,-4.5,0.4));
#5435=CARTESIAN_POINT('',(4.05,-4.5,1.));
#5436=CARTESIAN_POINT('',(4.05,-4.5,1.));
#5437=VECTOR('',#5438,1.);
#5438=DIRECTION('',(0.,0.,-1.));
#5439=CARTESIAN_POINT('',(2.8,-4.5,1.));
#5440=CARTESIAN_POINT('',(2.8,-4.5,1.));
#5441=VECTOR('',#5442,1.);
#5442=DIRECTION('',(1.,0.,0.));
#5443=CARTESIAN_POINT('',(2.8,-4.5,7.3));
#5444=CARTESIAN_POINT('',(2.8,-4.5,7.3));
#5445=VECTOR('',#5446,1.);
#5446=DIRECTION('',(0.,0.,-1.));
#5447=CARTESIAN_POINT('',(7.2,-4.5,7.3));
#5448=CARTESIAN_POINT('',(7.2,-4.5,7.3));
#5449=VECTOR('',#5450,1.);
#5450=DIRECTION('',(-1.,0.,-2.01858731750028E-016));
#5451=CARTESIAN_POINT('',(7.2,-4.5,1.));
#5452=CARTESIAN_POINT('',(7.2,-4.5,1.));
#5453=VECTOR('',#5454,1.);
#5454=DIRECTION('',(0.,0.,1.));
#5455=CARTESIAN_POINT('',(5.95,-4.5,1.));
#5456=CARTESIAN_POINT('',(5.95,-4.5,1.));
#5457=VECTOR('',#5458,1.);
#5458=DIRECTION('',(1.,0.,0.));
#5459=CARTESIAN_POINT('',(5.95,-4.5,0.4));
#5460=CARTESIAN_POINT('',(5.95,-4.5,0.4));
#5461=VECTOR('',#5462,1.);
#5462=DIRECTION('',(0.,0.,1.));
#5463=CARTESIAN_POINT('',(6.59999999999999,-4.5,0.4));
#5464=VECTOR('',#5465,1.);
#5465=DIRECTION('',(-1.,0.,0.));
#5466=CARTESIAN_POINT('',(7.5,-4.5,4.81482486096809E-035));
#5467=VECTOR('',#5468,1.);
#5468=DIRECTION('',(-1.,0.,0.));
#5469=CARTESIAN_POINT('',(-1.6,-4.5,4.81482486096809E-035));
#5470=VECTOR('',#5471,1.);
#5471=DIRECTION('',(-1.,0.,0.));
#5472=CARTESIAN_POINT('',(-0.95,-4.5,0.4));
#5473=CARTESIAN_POINT('',(-0.949999999999999,-4.5,0.4));
#5474=VECTOR('',#5475,1.);
#5475=DIRECTION('',(-1.,0.,0.));
#5476=CARTESIAN_POINT('',(-0.949999999999999,-4.5,1.));
#5477=CARTESIAN_POINT('',(-0.949999999999999,-4.5,1.));
#5478=VECTOR('',#5479,1.);
#5479=DIRECTION('',(0.,0.,-1.));
#5480=CARTESIAN_POINT('',(-2.2,-4.5,1.));
#5481=CARTESIAN_POINT('',(-2.2,-4.5,1.));
#5482=VECTOR('',#5483,1.);
#5483=DIRECTION('',(1.,0.,0.));
#5484=CARTESIAN_POINT('',(-2.2,-4.5,7.3));
#5485=CARTESIAN_POINT('',(-2.2,-4.5,7.3));
#5486=VECTOR('',#5487,1.);
#5487=DIRECTION('',(0.,0.,-1.));
#5488=CARTESIAN_POINT('',(2.2,-4.5,7.3));
#5489=CARTESIAN_POINT('',(2.2,-4.5,7.3));
#5490=VECTOR('',#5491,1.);
#5491=DIRECTION('',(-1.,0.,-2.01858731750029E-016));
#5492=CARTESIAN_POINT('',(2.2,-4.5,1.));
#5493=CARTESIAN_POINT('',(2.2,-4.5,1.));
#5494=VECTOR('',#5495,1.);
#5495=DIRECTION('',(0.,0.,1.));
#5496=CARTESIAN_POINT('',(0.95,-4.5,1.));
#5497=CARTESIAN_POINT('',(0.949999999999999,-4.5,1.));
#5498=VECTOR('',#5499,1.);
#5499=DIRECTION('',(1.,0.,0.));
#5500=CARTESIAN_POINT('',(0.95,-4.5,0.4));
#5501=CARTESIAN_POINT('',(0.95,-4.5,0.4));
#5502=VECTOR('',#5503,1.);
#5503=DIRECTION('',(0.,0.,1.));
#5504=CARTESIAN_POINT('',(2.05,-4.5,0.4));
#5505=VECTOR('',#5506,1.);
#5506=DIRECTION('',(-1.,0.,0.));
#5507=CARTESIAN_POINT('',(2.95,-4.5,4.81482486096809E-035));
#5508=VECTOR('',#5509,1.);
#5509=DIRECTION('',(-1.,0.,0.));
#5510=CARTESIAN_POINT('',(4.05,-4.5,0.4));
#5511=VECTOR('',#5512,1.);
#5512=DIRECTION('',(-1.,0.,0.));
#5513=CARTESIAN_POINT('',(7.5,4.5,0.));
#5514=VECTOR('',#5515,1.);
#5515=DIRECTION('',(-1.,0.,0.));
#5516=CARTESIAN_POINT('',(4.05,5.74590265603038E-017,0.4));
#5517=CARTESIAN_POINT('',(4.05,0.,0.4));
#5518=VECTOR('',#5519,1.);
#5519=DIRECTION('',(0.,-1.,0.));
#5520=CARTESIAN_POINT('',(2.95,4.,0.4));
#5521=VECTOR('',#5522,1.);
#5522=DIRECTION('',(1.,0.,0.));
#5523=CARTESIAN_POINT('',(5.95,0.,0.4));
#5524=CARTESIAN_POINT('',(5.95,-4.5,0.4));
#5525=VECTOR('',#5526,1.);
#5526=DIRECTION('',(0.,1.,0.));
#5527=AXIS2_PLACEMENT_3D('',#5528,#5529,#5530);
#5528=CARTESIAN_POINT('',(5.,0.,0.4));
#5529=DIRECTION('',(0.,0.,1.));
#5530=DIRECTION('',(1.,0.,0.));
#5531=CARTESIAN_POINT('',(6.60000000000002,4.,13.));
#5532=VECTOR('',#5533,1.);
#5533=DIRECTION('',(-1.,0.,0.));
#5534=CARTESIAN_POINT('',(2.95,3.5,13.));
#5535=VECTOR('',#5536,1.);
#5536=DIRECTION('',(1.,0.,0.));
#5537=CARTESIAN_POINT('',(6.6,3.5,8.8));
#5538=VECTOR('',#5539,1.);
#5539=DIRECTION('',(-1.,0.,0.));
#5540=CARTESIAN_POINT('',(2.95,4.5,0.));
#5541=VECTOR('',#5542,1.);
#5542=DIRECTION('',(-1.,0.,0.));
#5543=CARTESIAN_POINT('',(-1.6,4.,0.4));
#5544=VECTOR('',#5545,1.);
#5545=DIRECTION('',(1.,0.,0.));
#5546=CARTESIAN_POINT('',(0.95,0.,0.4));
#5547=CARTESIAN_POINT('',(0.95,0.,0.4));
#5548=VECTOR('',#5549,1.);
#5549=DIRECTION('',(0.,-1.,0.));
#5550=CARTESIAN_POINT('',(-0.95,5.74590265603038E-017,0.4));
#5551=AXIS2_PLACEMENT_3D('',#5552,#5553,#5554);
#5552=CARTESIAN_POINT('',(0.,0.,0.4));
#5553=DIRECTION('',(0.,0.,1.));
#5554=DIRECTION('',(1.,0.,0.));
#5555=CARTESIAN_POINT('',(-0.95,-4.5,0.4));
#5556=VECTOR('',#5557,1.);
#5557=DIRECTION('',(0.,1.,0.));
#5558=CARTESIAN_POINT('',(2.05,4.,13.));
#5559=VECTOR('',#5560,1.);
#5560=DIRECTION('',(-1.,0.,0.));
#5561=CARTESIAN_POINT('',(-1.1,3.5,13.));
#5562=VECTOR('',#5563,1.);
#5563=DIRECTION('',(1.,0.,0.));
#5564=CARTESIAN_POINT('',(2.05,3.5,8.8));
#5565=VECTOR('',#5566,1.);
#5566=DIRECTION('',(-1.,0.,0.));
#5567=CARTESIAN_POINT('',(-1.6,4.5,0.));
#5568=VECTOR('',#5569,1.);
#5569=DIRECTION('',(-1.,0.,0.));
#5570=CARTESIAN_POINT('',(0.,2.,7.6));
#5571=AXIS2_PLACEMENT_3D('',#5572,#5573,#5574);
#5572=CARTESIAN_POINT('',(0.,-5.79977147565651E-030,7.6));
#5573=DIRECTION('',(0.,1.21461182736277E-031,1.));
#5574=DIRECTION('',(0.,1.,-1.21461182736277E-031));
#5575=CARTESIAN_POINT('',(5.,2.,7.6));
#5576=AXIS2_PLACEMENT_3D('',#5577,#5578,#5579);
#5577=CARTESIAN_POINT('',(5.,-5.79977147565651E-030,7.6));
#5578=DIRECTION('',(0.,1.21461182736277E-031,1.));
#5579=DIRECTION('',(0.,1.,-1.21461182736277E-031));
#5580=CARTESIAN_POINT('',(4.05,5.74590265603038E-017,1.));
#5581=CARTESIAN_POINT('',(4.05,-1.42339279839099E-018,0.4));
#5582=VECTOR('',#5583,1.);
#5583=DIRECTION('',(0.,0.,1.));
#5584=CARTESIAN_POINT('',(4.05,-4.5,1.));
#5585=VECTOR('',#5586,1.);
#5586=DIRECTION('',(0.,1.,0.));
#5587=CARTESIAN_POINT('',(5.95,0.,1.));
#5588=AXIS2_PLACEMENT_3D('',#5589,#5590,#5591);
#5589=CARTESIAN_POINT('',(5.,0.,1.));
#5590=DIRECTION('',(0.,0.,1.));
#5591=DIRECTION('',(1.,0.,0.));
#5592=CARTESIAN_POINT('',(5.95,0.,1.));
#5593=VECTOR('',#5594,1.);
#5594=DIRECTION('',(0.,-1.,0.));
#5595=CARTESIAN_POINT('',(7.05,-4.08787838708181,1.));
#5596=CARTESIAN_POINT('',(7.2,-4.5,1.));
#5597=VECTOR('',#5598,1.);
#5598=DIRECTION('',(-0.342020143325669,0.939692620785908,0.));
#5599=CARTESIAN_POINT('',(7.05,2.5,1.));
#5600=CARTESIAN_POINT('',(7.05,-4.08787838708181,1.));
#5601=VECTOR('',#5602,1.);
#5602=DIRECTION('',(0.,1.,-1.34820099509086E-016));
#5603=CARTESIAN_POINT('',(6.15,2.5,1.));
#5604=CARTESIAN_POINT('',(7.05,2.5,1.));
#5605=VECTOR('',#5606,1.);
#5606=DIRECTION('',(-1.,-9.86864910777917E-016,0.));
#5607=CARTESIAN_POINT('',(6.15,3.5,1.));
#5608=CARTESIAN_POINT('',(6.15,2.5,1.));
#5609=VECTOR('',#5610,1.);
#5610=DIRECTION('',(0.,1.,0.));
#5611=CARTESIAN_POINT('',(3.85,3.5,1.));
#5612=CARTESIAN_POINT('',(6.15,3.5,1.));
#5613=VECTOR('',#5614,1.);
#5614=DIRECTION('',(-1.,0.,0.));
#5615=CARTESIAN_POINT('',(3.85,2.5,1.));
#5616=CARTESIAN_POINT('',(3.85,2.5,1.));
#5617=VECTOR('',#5618,1.);
#5618=DIRECTION('',(0.,1.,0.));
#5619=CARTESIAN_POINT('',(2.95,2.5,1.));
#5620=CARTESIAN_POINT('',(3.85,2.5,1.));
#5621=VECTOR('',#5622,1.);
#5622=DIRECTION('',(-1.,0.,0.));
#5623=CARTESIAN_POINT('',(2.95,-4.08787838708181,1.));
#5624=CARTESIAN_POINT('',(2.95,-4.08787838708181,1.));
#5625=VECTOR('',#5626,1.);
#5626=DIRECTION('',(0.,1.,0.));
#5627=CARTESIAN_POINT('',(2.95,-4.08787838708181,1.));
#5628=VECTOR('',#5629,1.);
#5629=DIRECTION('',(-0.342020143325669,-0.939692620785908,0.));
#5630=CARTESIAN_POINT('',(2.95,-4.08787838708181,7.3));
#5631=CARTESIAN_POINT('',(2.95,-4.08787838708181,7.3));
#5632=VECTOR('',#5633,1.);
#5633=DIRECTION('',(0.,0.,-1.));
#5634=CARTESIAN_POINT('',(2.8,-4.5,7.3));
#5635=VECTOR('',#5636,1.);
#5636=DIRECTION('',(0.342020143325669,0.939692620785908,0.));
#5637=CARTESIAN_POINT('',(7.05,-4.08787838708181,7.3));
#5638=CARTESIAN_POINT('',(7.05,-4.08787838708181,7.3));
#5639=VECTOR('',#5640,1.);
#5640=DIRECTION('',(0.342020143325669,-0.939692620785908,0.));
#5641=CARTESIAN_POINT('',(2.95,2.5,7.3));
#5642=CARTESIAN_POINT('',(2.95,-4.08787838708181,7.3));
#5643=VECTOR('',#5644,1.);
#5644=DIRECTION('',(0.,1.,1.34820099509086E-016));
#5645=CARTESIAN_POINT('',(3.85,2.5,7.3));
#5646=CARTESIAN_POINT('',(2.95,2.5,7.3));
#5647=VECTOR('',#5648,1.);
#5648=DIRECTION('',(1.,0.,0.));
#5649=CARTESIAN_POINT('',(3.85,3.5,7.3));
#5650=CARTESIAN_POINT('',(3.85,2.5,7.3));
#5651=VECTOR('',#5652,1.);
#5652=DIRECTION('',(0.,1.,0.));
#5653=CARTESIAN_POINT('',(6.15,3.5,7.3));
#5654=CARTESIAN_POINT('',(3.85,3.5,7.3));
#5655=VECTOR('',#5656,1.);
#5656=DIRECTION('',(1.,0.,0.));
#5657=CARTESIAN_POINT('',(6.15,2.5,7.3));
#5658=CARTESIAN_POINT('',(6.15,2.5,7.3));
#5659=VECTOR('',#5660,1.);
#5660=DIRECTION('',(0.,1.,0.));
#5661=CARTESIAN_POINT('',(7.05,2.5,7.3));
#5662=CARTESIAN_POINT('',(6.15,2.5,7.3));
#5663=VECTOR('',#5664,1.);
#5664=DIRECTION('',(1.,0.,0.));
#5665=CARTESIAN_POINT('',(7.05,-4.08787838708181,7.3));
#5666=VECTOR('',#5667,1.);
#5667=DIRECTION('',(0.,1.,0.));
#5668=CARTESIAN_POINT('',(5.,1.5,7.3));
#5669=AXIS2_PLACEMENT_3D('',#5670,#5671,#5672);
#5670=CARTESIAN_POINT('',(5.,0.,7.3));
#5671=DIRECTION('',(0.,0.,1.));
#5672=DIRECTION('',(0.,1.,0.));
#5673=CARTESIAN_POINT('',(7.05,-4.08787838708181,1.));
#5674=VECTOR('',#5675,1.);
#5675=DIRECTION('',(0.,0.,1.));
#5676=CARTESIAN_POINT('',(5.95,0.,0.4));
#5677=VECTOR('',#5678,1.);
#5678=DIRECTION('',(0.,0.,1.));
#5679=CARTESIAN_POINT('',(-0.95,5.74590265603038E-017,1.));
#5680=CARTESIAN_POINT('',(-0.95,-1.42339279839099E-018,0.4));
#5681=VECTOR('',#5682,1.);
#5682=DIRECTION('',(0.,0.,1.));
#5683=CARTESIAN_POINT('',(-0.95,-4.5,1.));
#5684=VECTOR('',#5685,1.);
#5685=DIRECTION('',(0.,1.,0.));
#5686=CARTESIAN_POINT('',(0.95,0.,1.));
#5687=AXIS2_PLACEMENT_3D('',#5688,#5689,#5690);
#5688=CARTESIAN_POINT('',(0.,0.,1.));
#5689=DIRECTION('',(0.,0.,1.));
#5690=DIRECTION('',(1.,0.,0.));
#5691=CARTESIAN_POINT('',(0.95,0.,1.));
#5692=VECTOR('',#5693,1.);
#5693=DIRECTION('',(0.,-1.,0.));
#5694=CARTESIAN_POINT('',(2.05,-4.08787838708181,1.));
#5695=CARTESIAN_POINT('',(2.2,-4.5,1.));
#5696=VECTOR('',#5697,1.);
#5697=DIRECTION('',(-0.342020143325669,0.939692620785908,0.));
#5698=CARTESIAN_POINT('',(2.05,2.5,1.));
#5699=CARTESIAN_POINT('',(2.05,-4.08787838708181,1.));
#5700=VECTOR('',#5701,1.);
#5701=DIRECTION('',(0.,1.,-1.34820099509086E-016));
#5702=CARTESIAN_POINT('',(1.15,2.5,1.));
#5703=CARTESIAN_POINT('',(2.05,2.5,1.));
#5704=VECTOR('',#5705,1.);
#5705=DIRECTION('',(-1.,-9.86864910777917E-016,0.));
#5706=CARTESIAN_POINT('',(1.15,3.5,1.));
#5707=CARTESIAN_POINT('',(1.15,2.5,1.));
#5708=VECTOR('',#5709,1.);
#5709=DIRECTION('',(0.,1.,0.));
#5710=CARTESIAN_POINT('',(-1.15,3.5,1.));
#5711=CARTESIAN_POINT('',(1.15,3.5,1.));
#5712=VECTOR('',#5713,1.);
#5713=DIRECTION('',(-1.,0.,0.));
#5714=CARTESIAN_POINT('',(-1.15,2.5,1.));
#5715=CARTESIAN_POINT('',(-1.15,2.5,1.));
#5716=VECTOR('',#5717,1.);
#5717=DIRECTION('',(0.,1.,0.));
#5718=CARTESIAN_POINT('',(-2.05,2.5,1.));
#5719=CARTESIAN_POINT('',(-1.15,2.5,1.));
#5720=VECTOR('',#5721,1.);
#5721=DIRECTION('',(-1.,0.,0.));
#5722=CARTESIAN_POINT('',(-2.05,-4.08787838708181,1.));
#5723=CARTESIAN_POINT('',(-2.05,-4.08787838708181,1.));
#5724=VECTOR('',#5725,1.);
#5725=DIRECTION('',(0.,1.,0.));
#5726=CARTESIAN_POINT('',(-2.05,-4.08787838708181,1.));
#5727=VECTOR('',#5728,1.);
#5728=DIRECTION('',(-0.342020143325667,-0.939692620785909,0.));
#5729=CARTESIAN_POINT('',(-2.05,-4.08787838708181,7.3));
#5730=CARTESIAN_POINT('',(-2.05,-4.08787838708181,7.3));
#5731=VECTOR('',#5732,1.);
#5732=DIRECTION('',(0.,0.,-1.));
#5733=CARTESIAN_POINT('',(-2.2,-4.5,7.3));
#5734=VECTOR('',#5735,1.);
#5735=DIRECTION('',(0.342020143325667,0.939692620785909,0.));
#5736=CARTESIAN_POINT('',(2.05,-4.08787838708181,7.3));
#5737=CARTESIAN_POINT('',(2.05,-4.08787838708181,7.3));
#5738=VECTOR('',#5739,1.);
#5739=DIRECTION('',(0.342020143325667,-0.939692620785909,0.));
#5740=CARTESIAN_POINT('',(-2.05,2.5,7.3));
#5741=CARTESIAN_POINT('',(-2.05,-4.08787838708181,7.3));
#5742=VECTOR('',#5743,1.);
#5743=DIRECTION('',(0.,1.,1.34820099509086E-016));
#5744=CARTESIAN_POINT('',(-1.15,2.5,7.3));
#5745=CARTESIAN_POINT('',(-2.05,2.5,7.3));
#5746=VECTOR('',#5747,1.);
#5747=DIRECTION('',(1.,0.,0.));
#5748=CARTESIAN_POINT('',(-1.15,3.5,7.3));
#5749=CARTESIAN_POINT('',(-1.15,2.5,7.3));
#5750=VECTOR('',#5751,1.);
#5751=DIRECTION('',(0.,1.,0.));
#5752=CARTESIAN_POINT('',(1.15,3.5,7.3));
#5753=CARTESIAN_POINT('',(-1.15,3.5,7.3));
#5754=VECTOR('',#5755,1.);
#5755=DIRECTION('',(1.,0.,0.));
#5756=CARTESIAN_POINT('',(1.15,2.5,7.3));
#5757=CARTESIAN_POINT('',(1.15,2.5,7.3));
#5758=VECTOR('',#5759,1.);
#5759=DIRECTION('',(0.,1.,0.));
#5760=CARTESIAN_POINT('',(2.05,2.5,7.3));
#5761=CARTESIAN_POINT('',(1.15,2.5,7.3));
#5762=VECTOR('',#5763,1.);
#5763=DIRECTION('',(1.,0.,0.));
#5764=CARTESIAN_POINT('',(2.05,-4.08787838708181,7.3));
#5765=VECTOR('',#5766,1.);
#5766=DIRECTION('',(0.,1.,0.));
#5767=CARTESIAN_POINT('',(0.,1.5,7.3));
#5768=AXIS2_PLACEMENT_3D('',#5769,#5770,#5771);
#5769=CARTESIAN_POINT('',(0.,0.,7.3));
#5770=DIRECTION('',(0.,0.,1.));
#5771=DIRECTION('',(0.,1.,0.));
#5772=CARTESIAN_POINT('',(2.05,-4.08787838708181,1.));
#5773=VECTOR('',#5774,1.);
#5774=DIRECTION('',(0.,0.,1.));
#5775=CARTESIAN_POINT('',(0.95,0.,0.4));
#5776=VECTOR('',#5777,1.);
#5777=DIRECTION('',(0.,0.,1.));
#5778=CARTESIAN_POINT('',(0.,1.5,7.4));
#5779=AXIS2_PLACEMENT_3D('',#5780,#5781,#5782);
#5780=CARTESIAN_POINT('',(0.,-5.82406371220377E-030,7.4));
#5781=DIRECTION('',(0.,1.21461182736277E-031,1.));
#5782=DIRECTION('',(0.,1.,-1.21461182736277E-031));
#5783=CARTESIAN_POINT('',(5.,1.5,7.4));
#5784=AXIS2_PLACEMENT_3D('',#5785,#5786,#5787);
#5785=CARTESIAN_POINT('',(5.,-5.82406371220377E-030,7.4));
#5786=DIRECTION('',(0.,1.21461182736277E-031,1.));
#5787=DIRECTION('',(0.,1.,-1.21461182736277E-031));
#5788=CARTESIAN_POINT('',(7.05,2.5,6.22742176666521));
#5789=CARTESIAN_POINT('',(7.05,2.5,7.3));
#5790=VECTOR('',#5791,1.);
#5791=DIRECTION('',(0.,0.,-1.));
#5792=CARTESIAN_POINT('',(7.05,3.5,6.22742176666521));
#5793=CARTESIAN_POINT('',(7.05,2.5,6.22742176666521));
#5794=VECTOR('',#5795,1.);
#5795=DIRECTION('',(0.,1.,0.));
#5796=CARTESIAN_POINT('',(7.05,3.5,2.07257823333479));
#5797=CARTESIAN_POINT('',(7.05,3.5,6.22742176666521));
#5798=VECTOR('',#5799,1.);
#5799=DIRECTION('',(0.,0.,-1.));
#5800=CARTESIAN_POINT('',(7.05,2.5,2.07257823333479));
#5801=CARTESIAN_POINT('',(7.05,2.5,2.07257823333479));
#5802=VECTOR('',#5803,1.);
#5803=DIRECTION('',(0.,1.,0.));
#5804=CARTESIAN_POINT('',(7.05,2.5,2.07257823333479));
#5805=VECTOR('',#5806,1.);
#5806=DIRECTION('',(0.,0.,-1.));
#5807=CARTESIAN_POINT('',(7.05,2.5,2.07257823333479));
#5808=VECTOR('',#5809,1.);
#5809=DIRECTION('',(-0.642787609686539,0.,-0.766044443118978));
#5810=CARTESIAN_POINT('',(7.05,3.5,2.07257823333479));
#5811=VECTOR('',#5812,1.);
#5812=DIRECTION('',(-0.642787609686539,0.,-0.766044443118978));
#5813=CARTESIAN_POINT('',(2.95,3.5,6.22742176666521));
#5814=CARTESIAN_POINT('',(2.95,3.5,6.22742176666521));
#5815=VECTOR('',#5816,1.);
#5816=DIRECTION('',(0.642787609686539,0.,0.766044443118978));
#5817=CARTESIAN_POINT('',(2.95,3.5,2.07257823333479));
#5818=CARTESIAN_POINT('',(2.95,3.5,2.07257823333479));
#5819=VECTOR('',#5820,1.);
#5820=DIRECTION('',(0.,0.,1.));
#5821=CARTESIAN_POINT('',(3.85,3.5,1.));
#5822=VECTOR('',#5823,1.);
#5823=DIRECTION('',(-0.64278760968654,0.,0.766044443118978));
#5824=CARTESIAN_POINT('',(6.15,3.5,7.3));
#5825=VECTOR('',#5826,1.);
#5826=DIRECTION('',(0.642787609686539,0.,-0.766044443118978));
#5827=CARTESIAN_POINT('',(2.95,2.5,2.07257823333479));
#5828=CARTESIAN_POINT('',(3.85,2.5,1.));
#5829=VECTOR('',#5830,1.);
#5830=DIRECTION('',(-0.64278760968654,0.,0.766044443118978));
#5831=CARTESIAN_POINT('',(2.95,2.5,2.07257823333479));
#5832=VECTOR('',#5833,1.);
#5833=DIRECTION('',(0.,1.,0.));
#5834=CARTESIAN_POINT('',(2.95,2.5,1.));
#5835=VECTOR('',#5836,1.);
#5836=DIRECTION('',(0.,0.,1.));
#5837=CARTESIAN_POINT('',(2.95,2.5,6.22742176666521));
#5838=CARTESIAN_POINT('',(2.95,2.5,6.22742176666521));
#5839=VECTOR('',#5840,1.);
#5840=DIRECTION('',(0.,1.,0.));
#5841=CARTESIAN_POINT('',(2.95,2.5,6.22742176666521));
#5842=VECTOR('',#5843,1.);
#5843=DIRECTION('',(0.,0.,1.));
#5844=CARTESIAN_POINT('',(2.95,2.5,6.22742176666521));
#5845=VECTOR('',#5846,1.);
#5846=DIRECTION('',(0.642787609686539,0.,0.766044443118978));
#5847=CARTESIAN_POINT('',(6.15,2.5,7.3));
#5848=VECTOR('',#5849,1.);
#5849=DIRECTION('',(0.642787609686539,0.,-0.766044443118978));
#5850=CARTESIAN_POINT('',(2.05,2.5,6.22742176666521));
#5851=CARTESIAN_POINT('',(2.05,2.5,7.3));
#5852=VECTOR('',#5853,1.);
#5853=DIRECTION('',(0.,0.,-1.));
#5854=CARTESIAN_POINT('',(2.05,3.5,6.22742176666521));
#5855=CARTESIAN_POINT('',(2.05,2.5,6.22742176666521));
#5856=VECTOR('',#5857,1.);
#5857=DIRECTION('',(0.,1.,0.));
#5858=CARTESIAN_POINT('',(2.05,3.5,2.07257823333479));
#5859=CARTESIAN_POINT('',(2.05,3.5,6.22742176666521));
#5860=VECTOR('',#5861,1.);
#5861=DIRECTION('',(0.,0.,-1.));
#5862=CARTESIAN_POINT('',(2.05,2.5,2.07257823333479));
#5863=CARTESIAN_POINT('',(2.05,2.5,2.07257823333479));
#5864=VECTOR('',#5865,1.);
#5865=DIRECTION('',(0.,1.,0.));
#5866=CARTESIAN_POINT('',(2.05,2.5,2.07257823333479));
#5867=VECTOR('',#5868,1.);
#5868=DIRECTION('',(0.,0.,-1.));
#5869=CARTESIAN_POINT('',(2.05,2.5,2.07257823333479));
#5870=VECTOR('',#5871,1.);
#5871=DIRECTION('',(-0.642787609686539,0.,-0.766044443118978));
#5872=CARTESIAN_POINT('',(2.05,3.5,2.07257823333479));
#5873=VECTOR('',#5874,1.);
#5874=DIRECTION('',(-0.642787609686539,0.,-0.766044443118978));
#5875=CARTESIAN_POINT('',(-2.05,3.5,6.22742176666521));
#5876=CARTESIAN_POINT('',(-2.05,3.5,6.22742176666521));
#5877=VECTOR('',#5878,1.);
#5878=DIRECTION('',(0.642787609686539,0.,0.766044443118978));
#5879=CARTESIAN_POINT('',(-2.05,3.5,2.07257823333479));
#5880=CARTESIAN_POINT('',(-2.05,3.5,2.07257823333479));
#5881=VECTOR('',#5882,1.);
#5882=DIRECTION('',(0.,0.,1.));
#5883=CARTESIAN_POINT('',(-1.15,3.5,1.));
#5884=VECTOR('',#5885,1.);
#5885=DIRECTION('',(-0.64278760968654,0.,0.766044443118978));
#5886=CARTESIAN_POINT('',(1.15,3.5,7.3));
#5887=VECTOR('',#5888,1.);
#5888=DIRECTION('',(0.642787609686539,0.,-0.766044443118978));
#5889=CARTESIAN_POINT('',(-2.05,2.5,2.07257823333479));
#5890=CARTESIAN_POINT('',(-1.15,2.5,1.));
#5891=VECTOR('',#5892,1.);
#5892=DIRECTION('',(-0.64278760968654,0.,0.766044443118978));
#5893=CARTESIAN_POINT('',(-2.05,2.5,2.07257823333479));
#5894=VECTOR('',#5895,1.);
#5895=DIRECTION('',(0.,1.,0.));
#5896=CARTESIAN_POINT('',(-2.05,2.5,1.));
#5897=VECTOR('',#5898,1.);
#5898=DIRECTION('',(0.,0.,1.));
#5899=CARTESIAN_POINT('',(-2.05,2.5,6.22742176666521));
#5900=CARTESIAN_POINT('',(-2.05,2.5,6.22742176666521));
#5901=VECTOR('',#5902,1.);
#5902=DIRECTION('',(0.,1.,0.));
#5903=CARTESIAN_POINT('',(-2.05,2.5,6.22742176666521));
#5904=VECTOR('',#5905,1.);
#5905=DIRECTION('',(0.,0.,1.));
#5906=CARTESIAN_POINT('',(-2.05,2.5,6.22742176666521));
#5907=VECTOR('',#5908,1.);
#5908=DIRECTION('',(0.642787609686539,0.,0.766044443118978));
#5909=CARTESIAN_POINT('',(1.15,2.5,7.3));
#5910=VECTOR('',#5911,1.);
#5911=DIRECTION('',(0.642787609686539,0.,-0.766044443118978));
#5912=CARTESIAN_POINT('',(0.675,1.05208127235525,5.6));
#5913=CARTESIAN_POINT('',(-0.675,1.05208127062524,5.6));
#5914=AXIS2_PLACEMENT_3D('',#5915,#5916,#5917);
#5915=CARTESIAN_POINT('',(0.,0.,5.6));
#5916=DIRECTION('',(0.,0.,1.));
#5917=DIRECTION('',(0.54,0.841665016500033,0.));
#5918=CARTESIAN_POINT('',(-0.675,2.5,5.6));
#5919=CARTESIAN_POINT('',(-0.675,1.05208127062524,5.6));
#5920=VECTOR('',#5921,1.);
#5921=DIRECTION('',(0.,1.,0.));
#5922=CARTESIAN_POINT('',(0.675,2.5,5.6));
#5923=CARTESIAN_POINT('',(-0.675,2.5,5.6));
#5924=VECTOR('',#5925,1.);
#5925=DIRECTION('',(1.,0.,0.));
#5926=CARTESIAN_POINT('',(0.675,1.05208127235525,5.6));
#5927=VECTOR('',#5928,1.);
#5928=DIRECTION('',(0.,1.,0.));
#5929=CARTESIAN_POINT('',(-0.675,-1.05208127062504,5.6));
#5930=CARTESIAN_POINT('',(0.675,-1.05208127062504,5.6));
#5931=AXIS2_PLACEMENT_3D('',#5932,#5933,#5934);
#5932=CARTESIAN_POINT('',(0.,0.,5.6));
#5933=DIRECTION('',(0.,0.,1.));
#5934=DIRECTION('',(-0.54,-0.841665016500032,0.));
#5935=CARTESIAN_POINT('',(0.675,-2.5,5.6));
#5936=CARTESIAN_POINT('',(0.675,-2.5,5.6));
#5937=VECTOR('',#5938,1.);
#5938=DIRECTION('',(0.,1.,0.));
#5939=CARTESIAN_POINT('',(-0.675,-2.5,5.6));
#5940=CARTESIAN_POINT('',(-0.675,-2.5,5.6));
#5941=VECTOR('',#5942,1.);
#5942=DIRECTION('',(1.,0.,0.));
#5943=CARTESIAN_POINT('',(-0.675,-2.5,5.6));
#5944=VECTOR('',#5945,1.);
#5945=DIRECTION('',(0.,1.,0.));
#5946=CARTESIAN_POINT('',(-0.674999999999955,1.05208127062517,5.6));
#5947=CARTESIAN_POINT('',(-0.682481551744298,1.04728120366943,5.59999980731816));
#5948=CARTESIAN_POINT('',(-0.697389074221292,1.03749029339786,5.59975009569889));
#5949=CARTESIAN_POINT('',(-0.719445746025464,1.02231995503079,5.59865490194591));
#5950=CARTESIAN_POINT('',(-0.741289032757926,1.00659485623282,5.59685535306013));
#5951=CARTESIAN_POINT('',(-0.762863757378139,0.990344859135554,5.59437340366801));
#5952=CARTESIAN_POINT('',(-0.784163652981376,0.973567170552736,5.59122916558874));
#5953=CARTESIAN_POINT('',(-0.805151470076934,0.956283738242954,5.58744697599695));
#5954=CARTESIAN_POINT('',(-0.825830456538486,0.938484274817393,5.58304459393733));
#5955=CARTESIAN_POINT('',(-0.846135108602035,0.920219744846771,5.57805586050652));
#5956=CARTESIAN_POINT('',(-0.866098086996789,0.901456942745354,5.57249374140702));
#5957=CARTESIAN_POINT('',(-0.885723550888966,0.882183546847478,5.56637411007401));
#5958=CARTESIAN_POINT('',(-0.905097347765417,0.862298045415909,5.55968081068485));
#5959=CARTESIAN_POINT('',(-0.924171251178224,0.841826082811137,5.55243693803458));
#5960=CARTESIAN_POINT('',(-0.943001167209333,0.820681584336462,5.54462752359531));
#5961=CARTESIAN_POINT('',(-0.961540088630624,0.798885297800679,5.53627556106833));
#5962=CARTESIAN_POINT('',(-0.979838297343344,0.776338419892441,5.52735906128758));
#5963=CARTESIAN_POINT('',(-0.997772858410928,0.753152679252417,5.51794095238747));
#5964=CARTESIAN_POINT('',(-1.01601450710781,0.728384537132653,5.50765307402691));
#5965=CARTESIAN_POINT('',(-1.03505542034394,0.701121781377371,5.49610974297302));
#5966=CARTESIAN_POINT('',(-1.05905470036217,0.664616437285502,5.48040160438026));
#5967=CARTESIAN_POINT('',(-1.08968642158393,0.613799714236117,5.45821083317107));
#5968=CARTESIAN_POINT('',(-1.1240089125704,0.548843804018576,5.42972793690234));
#5969=CARTESIAN_POINT('',(-1.15389060541571,0.482339936188745,5.40119551865984));
#5970=CARTESIAN_POINT('',(-1.1746957027174,0.428193112034983,5.37900440392865));
#5971=CARTESIAN_POINT('',(-1.18827436097361,0.388428321786651,5.36347371926504));
#5972=CARTESIAN_POINT('',(-1.19766565882432,0.358317630176255,5.35220677760823));
#5973=CARTESIAN_POINT('',(-1.20565628466718,0.330378874617825,5.34222410885151));
#5974=CARTESIAN_POINT('',(-1.21264792489833,0.303704615318699,5.33316694612759));
#5975=CARTESIAN_POINT('',(-1.21897086241746,0.277222122256089,5.32469315829754));
#5976=CARTESIAN_POINT('',(-1.2245866869764,0.251233219906354,5.31692733036295));
#5977=CARTESIAN_POINT('',(-1.2295568324086,0.225634290031538,5.30985558990161));
#5978=CARTESIAN_POINT('',(-1.2340116853908,0.199864304725636,5.30335141069045));
#5979=CARTESIAN_POINT('',(-1.23807278510934,0.173019598458794,5.2972775153427));
#5980=CARTESIAN_POINT('',(-1.24230822143602,0.140061041894034,5.29079676543877));
#5981=CARTESIAN_POINT('',(-1.24654688587825,0.0972782956786957,5.28413620144163));
#5982=CARTESIAN_POINT('',(-1.24974394696048,0.0428234481990051,5.27897536633039));
#5983=CARTESIAN_POINT('',(-1.2503447117474,-0.0130738355797208,5.2779916838042));
#5984=CARTESIAN_POINT('',(-1.24872125788013,-0.0612664707650994,5.28063270840977));
#5985=CARTESIAN_POINT('',(-1.24630876408682,-0.0976291071237971,5.28449746803417));
#5986=CARTESIAN_POINT('',(-1.24352928576482,-0.128129371641463,5.28888106076063));
#5987=CARTESIAN_POINT('',(-1.23961882389106,-0.162236370765229,5.2949392586098));
#5988=CARTESIAN_POINT('',(-1.23395064868151,-0.201266874554938,5.30348687090295));
#5989=CARTESIAN_POINT('',(-1.22624628160432,-0.243766959510024,5.31464286818141));
#5990=CARTESIAN_POINT('',(-1.21736957178139,-0.284745793161923,5.32692502410194));
#5991=CARTESIAN_POINT('',(-1.20576552360824,-0.330890722322091,5.34221018032211));
#5992=CARTESIAN_POINT('',(-1.18805645311586,-0.390944514087551,5.36409096139625));
#5993=CARTESIAN_POINT('',(-1.16056299575769,-0.467338822569762,5.39474301461378));
#5994=CARTESIAN_POINT('',(-1.12462837342727,-0.54807060248965,5.42937444530835));
#5995=CARTESIAN_POINT('',(-1.08737109606571,-0.617885578914453,5.46000574434753));
#5996=CARTESIAN_POINT('',(-1.05672946397743,-0.668273779898812,5.48198649254671));
#5997=CARTESIAN_POINT('',(-1.03314406690755,-0.703929463008749,5.49730772041952));
#5998=CARTESIAN_POINT('',(-1.01409661157906,-0.731053881906215,5.50877262540925));
#5999=CARTESIAN_POINT('',(-0.995654271125992,-0.755956607029092,5.51909298523704));
#6000=CARTESIAN_POINT('',(-0.977351071493449,-0.779474261919179,5.52861613648495));
#6001=CARTESIAN_POINT('',(-0.958593098741193,-0.802427240436891,5.53765419416615));
#6002=CARTESIAN_POINT('',(-0.939508119100263,-0.824686728317072,5.54613311321286));
#6003=CARTESIAN_POINT('',(-0.920085191350874,-0.84629858397106,5.55405089858789));
#6004=CARTESIAN_POINT('',(-0.900428321423021,-0.867179570351448,5.56136010575489));
#6005=CARTESIAN_POINT('',(-0.880533348134864,-0.887369320619299,5.56806086391876));
#6006=CARTESIAN_POINT('',(-0.860518922805346,-0.906787112824903,5.57411730632458));
#6007=CARTESIAN_POINT('',(-0.840297194754048,-0.925554437088473,5.57955927603943));
#6008=CARTESIAN_POINT('',(-0.819932611422058,-0.943639709704061,5.58436798571483));
#6009=CARTESIAN_POINT('',(-0.799399975369363,-0.961092048168397,5.58854760828127));
#6010=CARTESIAN_POINT('',(-0.778846026846928,-0.977818750297149,5.59207238226625));
#6011=CARTESIAN_POINT('',(-0.758216299452243,-0.9938975839489,5.59495825187618));
#6012=CARTESIAN_POINT('',(-0.737564046794893,-1.00931585219829,5.59720153466556));
#6013=CARTESIAN_POINT('',(-0.716819269827532,-1.02415033328277,5.59881018030892));
#6014=CARTESIAN_POINT('',(-0.696026535171401,-1.03839149193469,5.59977988750386));
#6015=CARTESIAN_POINT('',(-0.682014588686181,-1.04758080521901,5.59999985231049));
#6016=CARTESIAN_POINT('',(-0.674999999999999,-1.05208127062504,5.6));
#6017=CARTESIAN_POINT('',(-1.35,-2.5,4.925));
#6018=AXIS2_PLACEMENT_3D('',#6019,#6020,#6021);
#6019=CARTESIAN_POINT('',(-0.675,-2.5,4.925));
#6020=DIRECTION('',(0.,1.,-0.));
#6021=DIRECTION('',(-1.,0.,0.));
#6022=CARTESIAN_POINT('',(-1.35,2.5,4.925));
#6023=CARTESIAN_POINT('',(-1.35,-2.5,4.925));
#6024=VECTOR('',#6025,1.);
#6025=DIRECTION('',(0.,1.,0.));
#6026=AXIS2_PLACEMENT_3D('',#6027,#6028,#6029);
#6027=CARTESIAN_POINT('',(-0.675,2.5,4.925));
#6028=DIRECTION('',(0.,1.,-0.));
#6029=DIRECTION('',(-1.,0.,0.));
#6030=CARTESIAN_POINT('',(1.25,-1.53080849893419E-016,5.27855339059351));
#6031=CARTESIAN_POINT('',(0.674999999999999,-1.05208127062504,5.6));
#6032=CARTESIAN_POINT('',(0.681828755068414,-1.04770003873272,5.59999987450303));
#6033=CARTESIAN_POINT('',(0.695448991832411,-1.03877280892437,5.5997917688266));
#6034=CARTESIAN_POINT('',(0.715636639814733,-1.02497063577575,5.59887609333257));
#6035=CARTESIAN_POINT('',(0.735696941156112,-1.01066989997355,5.597365289266));
#6036=CARTESIAN_POINT('',(0.755592394483825,-0.995884815842909,5.59527066821408));
#6037=CARTESIAN_POINT('',(0.775356220814323,-0.980577555556697,5.59259682931506));
#6038=CARTESIAN_POINT('',(0.794947071948871,-0.964765512593316,5.58935601317155));
#6039=CARTESIAN_POINT('',(0.814388769829373,-0.948413194532418,5.58554979907481));
#6040=CARTESIAN_POINT('',(0.83359234956618,-0.931580669373343,5.58120274139837));
#6041=CARTESIAN_POINT('',(0.852596341230006,-0.914221720742608,5.5763156270735));
#6042=CARTESIAN_POINT('',(0.871388053622281,-0.896331434462797,5.5708980855035));
#6043=CARTESIAN_POINT('',(0.890066754421863,-0.877789865466257,5.56492160186529));
#6044=CARTESIAN_POINT('',(0.908558087526076,-0.858639509899686,5.55840669198824));
#6045=CARTESIAN_POINT('',(0.926909066117821,-0.838800093657626,5.55133500192929));
#6046=CARTESIAN_POINT('',(0.945049712311026,-0.818312291846571,5.5437307393942));
#6047=CARTESIAN_POINT('',(0.963024052180657,-0.797085894642422,5.53557106491316));
#6048=CARTESIAN_POINT('',(0.980693902799327,-0.775245517940458,5.52691776884989));
#6049=CARTESIAN_POINT('',(0.99873049692065,-0.751891466758107,5.51742414181613));
#6050=CARTESIAN_POINT('',(1.01763841176669,-0.726148976009185,5.50671906280038));
#6051=CARTESIAN_POINT('',(1.04040677793268,-0.693328424179176,5.4927926716857));
#6052=CARTESIAN_POINT('',(1.06803940132609,-0.650346757875052,5.47420245897975));
#6053=CARTESIAN_POINT('',(1.09800376020914,-0.598530322606988,5.45149904734991));
#6054=CARTESIAN_POINT('',(1.12425861171065,-0.547277392710338,5.42910382702915));
#6055=CARTESIAN_POINT('',(1.14321128072575,-0.506000662865002,5.41136275831013));
#6056=CARTESIAN_POINT('',(1.15660370591923,-0.474386667457678,5.39803644625436));
#6057=CARTESIAN_POINT('',(1.16712442393847,-0.447872078780921,5.38707377867496));
#6058=CARTESIAN_POINT('',(1.17693274185699,-0.421415275225925,5.37639227096952));
#6059=CARTESIAN_POINT('',(1.18601263134287,-0.395131198431449,5.36607896632919));
#6060=CARTESIAN_POINT('',(1.19442515020182,-0.368915099927932,5.35613322116779));
#6061=CARTESIAN_POINT('',(1.20215580020522,-0.342877539805899,5.34663810152721));
#6062=CARTESIAN_POINT('',(1.20922242504496,-0.317041541793687,5.33763989925879));
#6063=CARTESIAN_POINT('',(1.21559016418988,-0.29165741337256,5.32925379632292));
#6064=CARTESIAN_POINT('',(1.22132104580274,-0.266626088320582,5.32146764202838));
#6065=CARTESIAN_POINT('',(1.22641480073555,-0.242099630239517,5.31434536793209));
#6066=CARTESIAN_POINT('',(1.23092493392051,-0.217987402415986,5.30787181831274));
#6067=CARTESIAN_POINT('',(1.23485647362593,-0.194460310949528,5.30209420752951));
#6068=CARTESIAN_POINT('',(1.23828104449334,-0.171286313486394,5.29695498210184));
#6069=CARTESIAN_POINT('',(1.2412147778002,-0.148524134919558,5.29246978407539));
#6070=CARTESIAN_POINT('',(1.2436926888548,-0.126073599009966,5.28861986855258));
#6071=CARTESIAN_POINT('',(1.24571752766544,-0.104143913225156,5.28543072405647));
#6072=CARTESIAN_POINT('',(1.24732720474063,-0.0826208945696454,5.282867143988));
#6073=CARTESIAN_POINT('',(1.24854273132714,-0.0615422946126266,5.2809142957868));
#6074=CARTESIAN_POINT('',(1.24939169452149,-0.040764872182817,5.27954150302407));
#6075=CARTESIAN_POINT('',(1.24988994691532,-0.0203170214552226,5.27873258574004));
#6076=CARTESIAN_POINT('',(1.24999998797855,-0.00673926332103198,5.278553157042));
#6077=CARTESIAN_POINT('',(1.24999999999995,-3.7512545481845E-016,5.27855339059348));
#6078=CARTESIAN_POINT('',(1.24999999999995,-2.22044604925031E-016,5.27855339059348));
#6079=CARTESIAN_POINT('',(1.24999998693957,0.00726152882975525,5.27855307731874));
#6080=CARTESIAN_POINT('',(1.24987292411289,0.0218103565378412,5.27876033908451));
#6081=CARTESIAN_POINT('',(1.24930256902686,0.0436149049540845,5.27968606049138));
#6082=CARTESIAN_POINT('',(1.24834733612643,0.0654938116114735,5.28122941080059));
#6083=CARTESIAN_POINT('',(1.24700358878254,0.0874278192425064,5.28338480683675));
#6084=CARTESIAN_POINT('',(1.24526830290181,0.109403884649185,5.28614177740437));
#6085=CARTESIAN_POINT('',(1.24314069383464,0.131393713277613,5.28948225087078));
#6086=CARTESIAN_POINT('',(1.24062074549187,0.153373733607045,5.29338351271882));
#6087=CARTESIAN_POINT('',(1.23771275984847,0.175299912832143,5.29781341806998));
#6088=CARTESIAN_POINT('',(1.23441587639409,0.197181710556665,5.30274571981305));
#6089=CARTESIAN_POINT('',(1.23072626521115,0.219036987528341,5.30815658451589));
#6090=CARTESIAN_POINT('',(1.2266261506875,0.240945612105246,5.31404009574095));
#6091=CARTESIAN_POINT('',(1.22211418511896,0.262878620065836,5.32036408058404));
#6092=CARTESIAN_POINT('',(1.21716747218243,0.284910937063099,5.32712489101857));
#6093=CARTESIAN_POINT('',(1.21178314216268,0.307011603094814,5.33428899822081));
#6094=CARTESIAN_POINT('',(1.20592706553141,0.329268991101818,5.34186190395744));
#6095=CARTESIAN_POINT('',(1.19961500618461,0.351574561579808,5.34978255935092));
#6096=CARTESIAN_POINT('',(1.19271493965619,0.374330956756893,5.35817212014322));
#6097=CARTESIAN_POINT('',(1.18509066702506,0.397838555012635,5.36713490862839));
#6098=CARTESIAN_POINT('',(1.1764055116256,0.422871024955938,5.37697464245796));
#6099=CARTESIAN_POINT('',(1.1665819430124,0.449301675007841,5.38765601354237));
#6100=CARTESIAN_POINT('',(1.15290810509587,0.483610610172272,5.40186228596532));
#6101=CARTESIAN_POINT('',(1.13207275906861,0.531272951671704,5.42213919436203));
#6102=CARTESIAN_POINT('',(1.0989774871213,0.597645936670553,5.45108940706229));
#6103=CARTESIAN_POINT('',(1.05729395239662,0.6686946611792,5.48227060270128));
#6104=CARTESIAN_POINT('',(1.01401407961634,0.731958908723554,5.50928031980622));
#6105=CARTESIAN_POINT('',(0.980336548116184,0.775962469376553,5.52726759687916));
#6106=CARTESIAN_POINT('',(0.954719997642265,0.807067612472373,5.53945677324521));
#6107=CARTESIAN_POINT('',(0.932466696739808,0.832707911831209,5.54913243379801));
#6108=CARTESIAN_POINT('',(0.907141180050751,0.860313195322389,5.55905577762554));
#6109=CARTESIAN_POINT('',(0.878844922670519,0.889225867377842,5.56874033653693));
#6110=CARTESIAN_POINT('',(0.851101377048961,0.915726590782385,5.57681375565289));
#6111=CARTESIAN_POINT('',(0.828246430193775,0.936340007031981,5.58247551561553));
#6112=CARTESIAN_POINT('',(0.810173218769533,0.951976102611482,5.58639042393311));
#6113=CARTESIAN_POINT('',(0.795067985834027,0.964618738332789,5.58929211395467));
#6114=CARTESIAN_POINT('',(0.780721344480529,0.976257262212243,5.59171815169411));
#6115=CARTESIAN_POINT('',(0.766103843412401,0.987776830248608,5.59387975094083));
#6116=CARTESIAN_POINT('',(0.751020312082019,0.999300167797424,5.59576941574455));
#6117=CARTESIAN_POINT('',(0.73547445733443,1.01078901242168,5.5973429678419));
#6118=CARTESIAN_POINT('',(0.722063044112098,1.02039294204968,5.59839560423748));
#6119=CARTESIAN_POINT('',(0.710653695130653,1.02835679489529,5.59908107200562));
#6120=CARTESIAN_POINT('',(0.701198911697385,1.03482452963438,5.59951261217076));
#6121=CARTESIAN_POINT('',(0.692137434166613,1.04090490915558,5.59980157385957));
#6122=CARTESIAN_POINT('',(0.683481341121707,1.04660769618697,5.59996459357206));
#6123=CARTESIAN_POINT('',(0.677793324535676,1.05028911585066,5.59999999791459));
#6124=CARTESIAN_POINT('',(0.674999999606831,1.05208127174239,5.6));
#6125=CARTESIAN_POINT('',(1.35,2.5,4.925));
#6126=AXIS2_PLACEMENT_3D('',#6127,#6128,#6129);
#6127=CARTESIAN_POINT('',(0.675,2.5,4.925));
#6128=DIRECTION('',(-0.,1.,0.));
#6129=DIRECTION('',(-1.64477485129653E-016,0.,1.));
#6130=CARTESIAN_POINT('',(1.35,-2.5,4.925));
#6131=CARTESIAN_POINT('',(1.35,-2.5,4.925));
#6132=VECTOR('',#6133,1.);
#6133=DIRECTION('',(0.,1.,0.));
#6134=AXIS2_PLACEMENT_3D('',#6135,#6136,#6137);
#6135=CARTESIAN_POINT('',(0.675,-2.5,4.925));
#6136=DIRECTION('',(-0.,1.,0.));
#6137=DIRECTION('',(-1.64477485129653E-016,0.,1.));
#6138=CARTESIAN_POINT('',(-2.,-2.5,7.));
#6139=CARTESIAN_POINT('',(2.,-2.5,7.));
#6140=CARTESIAN_POINT('',(-2.,-2.5,7.));
#6141=VECTOR('',#6142,1.);
#6142=DIRECTION('',(1.,0.,0.));
#6143=CARTESIAN_POINT('',(2.,2.5,7.));
#6144=CARTESIAN_POINT('',(2.,-2.5,7.));
#6145=VECTOR('',#6146,1.);
#6146=DIRECTION('',(0.,1.,0.));
#6147=CARTESIAN_POINT('',(-2.,2.5,7.));
#6148=CARTESIAN_POINT('',(-2.,2.5,7.));
#6149=VECTOR('',#6150,1.);
#6150=DIRECTION('',(1.,0.,0.));
#6151=CARTESIAN_POINT('',(-2.,-2.5,7.));
#6152=VECTOR('',#6153,1.);
#6153=DIRECTION('',(0.,1.,0.));
#6154=CARTESIAN_POINT('',(1.25,0.,7.));
#6155=AXIS2_PLACEMENT_3D('',#6156,#6157,#6158);
#6156=CARTESIAN_POINT('',(0.,0.,7.));
#6157=DIRECTION('',(0.,0.,1.));
#6158=DIRECTION('',(1.,0.,0.));
#6159=CARTESIAN_POINT('',(2.,2.5,1.));
#6160=CARTESIAN_POINT('',(-2.,2.5,1.));
#6161=CARTESIAN_POINT('',(2.,2.5,1.));
#6162=VECTOR('',#6163,1.);
#6163=DIRECTION('',(-1.,0.,0.));
#6164=CARTESIAN_POINT('',(-2.,2.5,1.));
#6165=VECTOR('',#6166,1.);
#6166=DIRECTION('',(0.,0.,1.));
#6167=CARTESIAN_POINT('',(2.,2.5,7.));
#6168=VECTOR('',#6169,1.);
#6169=DIRECTION('',(0.,0.,-1.));
#6170=CARTESIAN_POINT('',(-1.35,2.5,2.675));
#6171=CARTESIAN_POINT('',(-1.35,2.5,2.675));
#6172=VECTOR('',#6173,1.);
#6173=DIRECTION('',(9.86864910777917E-017,0.,1.));
#6174=CARTESIAN_POINT('',(-0.675,2.5,2.));
#6175=AXIS2_PLACEMENT_3D('',#6176,#6177,#6178);
#6176=CARTESIAN_POINT('',(-0.675,2.5,2.675));
#6177=DIRECTION('',(0.,1.,0.));
#6178=DIRECTION('',(0.,0.,-1.));
#6179=CARTESIAN_POINT('',(0.675,2.5,2.));
#6180=CARTESIAN_POINT('',(0.675,2.5,2.));
#6181=VECTOR('',#6182,1.);
#6182=DIRECTION('',(-1.,0.,-1.64477485129653E-016));
#6183=CARTESIAN_POINT('',(1.35,2.5,2.675));
#6184=AXIS2_PLACEMENT_3D('',#6185,#6186,#6187);
#6185=CARTESIAN_POINT('',(0.675,2.5,2.675));
#6186=DIRECTION('',(-0.,1.,0.));
#6187=DIRECTION('',(1.,0.,0.));
#6188=CARTESIAN_POINT('',(1.35,2.5,4.925));
#6189=VECTOR('',#6190,1.);
#6190=DIRECTION('',(0.,0.,-1.));
#6191=CARTESIAN_POINT('',(2.,-2.5,1.));
#6192=CARTESIAN_POINT('',(2.,-2.5,7.));
#6193=VECTOR('',#6194,1.);
#6194=DIRECTION('',(0.,0.,-1.));
#6195=CARTESIAN_POINT('',(-2.,-2.5,1.));
#6196=CARTESIAN_POINT('',(-2.,-2.5,1.));
#6197=VECTOR('',#6198,1.);
#6198=DIRECTION('',(0.,0.,1.));
#6199=CARTESIAN_POINT('',(2.,-2.5,1.));
#6200=VECTOR('',#6201,1.);
#6201=DIRECTION('',(-1.,0.,0.));
#6202=CARTESIAN_POINT('',(1.35,-2.5,2.675));
#6203=CARTESIAN_POINT('',(1.35,-2.5,4.925));
#6204=VECTOR('',#6205,1.);
#6205=DIRECTION('',(0.,0.,-1.));
#6206=CARTESIAN_POINT('',(0.675,-2.5,2.));
#6207=AXIS2_PLACEMENT_3D('',#6208,#6209,#6210);
#6208=CARTESIAN_POINT('',(0.675,-2.5,2.675));
#6209=DIRECTION('',(-0.,1.,0.));
#6210=DIRECTION('',(1.,0.,0.));
#6211=CARTESIAN_POINT('',(-0.675,-2.5,2.));
#6212=CARTESIAN_POINT('',(0.675,-2.5,2.));
#6213=VECTOR('',#6214,1.);
#6214=DIRECTION('',(-1.,0.,-1.64477485129653E-016));
#6215=CARTESIAN_POINT('',(-1.35,-2.5,2.675));
#6216=AXIS2_PLACEMENT_3D('',#6217,#6218,#6219);
#6217=CARTESIAN_POINT('',(-0.675,-2.5,2.675));
#6218=DIRECTION('',(0.,1.,0.));
#6219=DIRECTION('',(0.,0.,-1.));
#6220=CARTESIAN_POINT('',(-1.35,-2.5,2.675));
#6221=VECTOR('',#6222,1.);
#6222=DIRECTION('',(9.86864910777917E-017,0.,1.));
#6223=CARTESIAN_POINT('',(-1.35,-2.5,2.675));
#6224=VECTOR('',#6225,1.);
#6225=DIRECTION('',(0.,1.,0.));
#6226=CARTESIAN_POINT('',(1.35,-2.5,2.675));
#6227=VECTOR('',#6228,1.);
#6228=DIRECTION('',(0.,1.,0.));
#6229=CARTESIAN_POINT('',(2.,-2.5,1.));
#6230=VECTOR('',#6231,1.);
#6231=DIRECTION('',(0.,1.,0.));
#6232=CARTESIAN_POINT('',(-2.,-2.5,1.));
#6233=VECTOR('',#6234,1.);
#6234=DIRECTION('',(0.,1.,0.));
#6235=CARTESIAN_POINT('',(0.7,0.,1.));
#6236=AXIS2_PLACEMENT_3D('',#6237,#6238,#6239);
#6237=CARTESIAN_POINT('',(0.,0.,1.));
#6238=DIRECTION('',(-0.,-0.,1.));
#6239=DIRECTION('',(1.,0.,0.));
#6240=CARTESIAN_POINT('',(-0.675,-2.5,2.));
#6241=VECTOR('',#6242,1.);
#6242=DIRECTION('',(0.,1.,0.));
#6243=CARTESIAN_POINT('',(0.675,-2.5,2.));
#6244=VECTOR('',#6245,1.);
#6245=DIRECTION('',(0.,1.,0.));
#6246=CARTESIAN_POINT('',(0.5,0.,0.653589838486226));
#6247=AXIS2_PLACEMENT_3D('',#6248,#6249,#6250);
#6248=CARTESIAN_POINT('',(-5.65044425872642E-021,0.,0.653589838486226));
#6249=DIRECTION('',(1.9176692154591E-036,-0.,1.));
#6250=DIRECTION('',(1.,0.,-1.9176692154591E-036));
#6251=CARTESIAN_POINT('',(0.499999999642377,0.,-3.86533119357643));
#6252=AXIS2_PLACEMENT_3D('',#6253,#6254,#6255);
#6253=CARTESIAN_POINT('',(-5.65044425872643E-021,0.,-3.8653311938735));
#6254=DIRECTION('',(1.9176692154591E-036,-0.,1.));
#6255=DIRECTION('',(1.,0.,-1.9176692154591E-036));
#6256=CARTESIAN_POINT('',(-1.1,2.7,7.));
#6257=CARTESIAN_POINT('',(-1.1,1.8,7.));
#6258=CARTESIAN_POINT('',(-1.1,2.7,7.));
#6259=VECTOR('',#6260,1.);
#6260=DIRECTION('',(0.,-1.,0.));
#6261=CARTESIAN_POINT('',(1.1,2.7,7.));
#6262=CARTESIAN_POINT('',(1.1,2.7,7.));
#6263=VECTOR('',#6264,1.);
#6264=DIRECTION('',(-1.,0.,0.));
#6265=CARTESIAN_POINT('',(1.1,1.8,7.));
#6266=CARTESIAN_POINT('',(1.1,1.8,7.));
#6267=VECTOR('',#6268,1.);
#6268=DIRECTION('',(0.,1.,0.));
#6269=CARTESIAN_POINT('',(1.95,1.49062530087373,7.));
#6270=CARTESIAN_POINT('',(1.95,1.49062530087373,7.));
#6271=VECTOR('',#6272,1.);
#6272=DIRECTION('',(-0.939692620785908,0.342020143325669,0.));
#6273=CARTESIAN_POINT('',(1.95,-2.24522083601366,7.));
#6274=CARTESIAN_POINT('',(1.95,-2.24522083601366,7.));
#6275=VECTOR('',#6276,1.);
#6276=DIRECTION('',(5.94362285782019E-017,1.,0.));
#6277=CARTESIAN_POINT('',(1.25,-2.5,7.));
#6278=CARTESIAN_POINT('',(1.25,-2.5,7.));
#6279=VECTOR('',#6280,1.);
#6280=DIRECTION('',(0.939692620785909,0.342020143325668,0.));
#6281=CARTESIAN_POINT('',(-1.25,-2.5,7.));
#6282=CARTESIAN_POINT('',(1.25,-2.5,7.));
#6283=VECTOR('',#6284,1.);
#6284=DIRECTION('',(-1.,0.,0.));
#6285=CARTESIAN_POINT('',(-1.95,-2.24522083601366,7.));
#6286=CARTESIAN_POINT('',(-1.95,-2.24522083601366,7.));
#6287=VECTOR('',#6288,1.);
#6288=DIRECTION('',(0.939692620785908,-0.342020143325669,0.));
#6289=CARTESIAN_POINT('',(-1.95,1.49062530087373,7.));
#6290=CARTESIAN_POINT('',(-1.95,1.49062530087373,7.));
#6291=VECTOR('',#6292,1.);
#6292=DIRECTION('',(-5.94362285782019E-017,-1.,0.));
#6293=CARTESIAN_POINT('',(-1.1,1.8,7.));
#6294=VECTOR('',#6295,1.);
#6295=DIRECTION('',(-0.939692620785908,-0.342020143325669,0.));
#6296=CARTESIAN_POINT('',(1.525,0.,7.));
#6297=AXIS2_PLACEMENT_3D('',#6298,#6299,#6300);
#6298=CARTESIAN_POINT('',(0.,0.,7.));
#6299=DIRECTION('',(0.,0.,1.));
#6300=DIRECTION('',(1.,0.,0.));
#6301=CARTESIAN_POINT('',(-1.1,1.8,7.2));
#6302=CARTESIAN_POINT('',(-1.95,1.49062530087373,7.2));
#6303=CARTESIAN_POINT('',(-1.1,1.8,7.2));
#6304=VECTOR('',#6305,1.);
#6305=DIRECTION('',(-0.939692620785908,-0.342020143325669,0.));
#6306=CARTESIAN_POINT('',(-1.95,-2.24522083601366,7.2));
#6307=CARTESIAN_POINT('',(-1.95,1.49062530087373,7.2));
#6308=VECTOR('',#6309,1.);
#6309=DIRECTION('',(-5.94362285782019E-017,-1.,0.));
#6310=CARTESIAN_POINT('',(-1.25,-2.5,7.2));
#6311=CARTESIAN_POINT('',(-1.95,-2.24522083601366,7.2));
#6312=VECTOR('',#6313,1.);
#6313=DIRECTION('',(0.939692620785908,-0.342020143325669,0.));
#6314=CARTESIAN_POINT('',(1.25,-2.5,7.2));
#6315=CARTESIAN_POINT('',(-1.25,-2.5,7.2));
#6316=VECTOR('',#6317,1.);
#6317=DIRECTION('',(1.,0.,0.));
#6318=CARTESIAN_POINT('',(1.95,-2.24522083601366,7.2));
#6319=CARTESIAN_POINT('',(1.25,-2.5,7.2));
#6320=VECTOR('',#6321,1.);
#6321=DIRECTION('',(0.939692620785909,0.342020143325668,0.));
#6322=CARTESIAN_POINT('',(1.95,1.49062530087373,7.2));
#6323=CARTESIAN_POINT('',(1.95,-2.24522083601366,7.2));
#6324=VECTOR('',#6325,1.);
#6325=DIRECTION('',(5.94362285782019E-017,1.,0.));
#6326=CARTESIAN_POINT('',(1.1,1.8,7.2));
#6327=CARTESIAN_POINT('',(1.95,1.49062530087373,7.2));
#6328=VECTOR('',#6329,1.);
#6329=DIRECTION('',(-0.939692620785908,0.342020143325669,0.));
#6330=CARTESIAN_POINT('',(1.1,2.7,7.2));
#6331=CARTESIAN_POINT('',(1.1,1.8,7.2));
#6332=VECTOR('',#6333,1.);
#6333=DIRECTION('',(0.,1.,0.));
#6334=CARTESIAN_POINT('',(-1.1,2.7,7.2));
#6335=CARTESIAN_POINT('',(1.1,2.7,7.2));
#6336=VECTOR('',#6337,1.);
#6337=DIRECTION('',(-1.,0.,0.));
#6338=CARTESIAN_POINT('',(-1.1,2.7,7.2));
#6339=VECTOR('',#6340,1.);
#6340=DIRECTION('',(0.,-1.,0.));
#6341=CARTESIAN_POINT('',(1.525,0.,7.2));
#6342=AXIS2_PLACEMENT_3D('',#6343,#6344,#6345);
#6343=CARTESIAN_POINT('',(0.,0.,7.2));
#6344=DIRECTION('',(0.,0.,1.));
#6345=DIRECTION('',(1.,0.,0.));
#6346=CARTESIAN_POINT('',(-1.1,1.8,7.));
#6347=VECTOR('',#6348,1.);
#6348=DIRECTION('',(0.,0.,1.));
#6349=CARTESIAN_POINT('',(-1.1,2.7,7.));
#6350=VECTOR('',#6351,1.);
#6351=DIRECTION('',(0.,0.,1.));
#6352=CARTESIAN_POINT('',(1.1,2.7,7.));
#6353=VECTOR('',#6354,1.);
#6354=DIRECTION('',(0.,0.,1.));
#6355=CARTESIAN_POINT('',(1.1,1.8,7.));
#6356=VECTOR('',#6357,1.);
#6357=DIRECTION('',(0.,0.,1.));
#6358=CARTESIAN_POINT('',(1.95,1.49062530087373,7.));
#6359=VECTOR('',#6360,1.);
#6360=DIRECTION('',(0.,0.,1.));
#6361=CARTESIAN_POINT('',(1.95,-2.24522083601366,7.));
#6362=VECTOR('',#6363,1.);
#6363=DIRECTION('',(0.,0.,1.));
#6364=CARTESIAN_POINT('',(1.25,-2.5,7.2));
#6365=VECTOR('',#6366,1.);
#6366=DIRECTION('',(0.,0.,-1.));
#6367=CARTESIAN_POINT('',(-1.25,-2.5,7.));
#6368=VECTOR('',#6369,1.);
#6369=DIRECTION('',(0.,0.,1.));
#6370=CARTESIAN_POINT('',(-1.95,-2.24522083601366,7.));
#6371=VECTOR('',#6372,1.);
#6372=DIRECTION('',(0.,0.,1.));
#6373=CARTESIAN_POINT('',(-1.95,1.49062530087373,7.));
#6374=VECTOR('',#6375,1.);
#6375=DIRECTION('',(0.,0.,1.));
#6376=CARTESIAN_POINT('',(1.25,-2.85,6.85));
#6377=CARTESIAN_POINT('',(-1.25,-2.85,6.85));
#6378=CARTESIAN_POINT('',(1.25,-2.85,6.85));
#6379=VECTOR('',#6380,1.);
#6380=DIRECTION('',(-1.,0.,0.));
#6381=AXIS2_PLACEMENT_3D('',#6382,#6383,#6384);
#6382=CARTESIAN_POINT('',(1.25,-2.5,6.85));
#6383=DIRECTION('',(-1.,-0.,0.));
#6384=DIRECTION('',(0.,-1.,0.));
#6385=AXIS2_PLACEMENT_3D('',#6386,#6387,#6388);
#6386=CARTESIAN_POINT('',(-1.25,-2.5,6.85));
#6387=DIRECTION('',(1.,0.,0.));
#6388=DIRECTION('',(0.,0.,1.));
#6389=CARTESIAN_POINT('',(1.25,-2.65,6.85));
#6390=CARTESIAN_POINT('',(-1.25,-2.65,6.85));
#6391=CARTESIAN_POINT('',(1.25,-2.65,6.85));
#6392=VECTOR('',#6393,1.);
#6393=DIRECTION('',(-1.,0.,0.));
#6394=AXIS2_PLACEMENT_3D('',#6395,#6396,#6397);
#6395=CARTESIAN_POINT('',(-1.25,-2.5,6.85));
#6396=DIRECTION('',(1.,0.,0.));
#6397=DIRECTION('',(0.,0.,1.));
#6398=AXIS2_PLACEMENT_3D('',#6399,#6400,#6401);
#6399=CARTESIAN_POINT('',(1.25,-2.5,6.85));
#6400=DIRECTION('',(-1.,-0.,0.));
#6401=DIRECTION('',(0.,-1.,0.));
#6402=CARTESIAN_POINT('',(1.25,-2.65,5.15));
#6403=CARTESIAN_POINT('',(1.25,-2.65,5.15));
#6404=VECTOR('',#6405,1.);
#6405=DIRECTION('',(0.,-2.61228946970625E-016,1.));
#6406=CARTESIAN_POINT('',(1.25,-2.65,6.85));
#6407=VECTOR('',#6408,1.);
#6408=DIRECTION('',(0.,-1.,0.));
#6409=CARTESIAN_POINT('',(1.25,-2.85,5.15));
#6410=CARTESIAN_POINT('',(1.25,-2.85,5.15));
#6411=VECTOR('',#6412,1.);
#6412=DIRECTION('',(0.,-2.61228946970625E-016,1.));
#6413=CARTESIAN_POINT('',(1.25,-2.85,5.15));
#6414=VECTOR('',#6415,1.);
#6415=DIRECTION('',(0.,1.,0.));
#6416=CARTESIAN_POINT('',(-1.25,-2.85,5.15));
#6417=CARTESIAN_POINT('',(-1.25,-2.85,6.85));
#6418=VECTOR('',#6419,1.);
#6419=DIRECTION('',(0.,2.61228946970625E-016,-1.));
#6420=CARTESIAN_POINT('',(-1.25,-2.85,5.15));
#6421=VECTOR('',#6422,1.);
#6422=DIRECTION('',(1.,0.,0.));
#6423=CARTESIAN_POINT('',(-1.25,-2.65,5.15));
#6424=CARTESIAN_POINT('',(-1.25,-2.65,6.85));
#6425=VECTOR('',#6426,1.);
#6426=DIRECTION('',(0.,2.61228946970625E-016,-1.));
#6427=CARTESIAN_POINT('',(-1.25,-2.65,5.15));
#6428=VECTOR('',#6429,1.);
#6429=DIRECTION('',(0.,-1.,0.));
#6430=CARTESIAN_POINT('',(-1.25,-2.65,6.85));
#6431=VECTOR('',#6432,1.);
#6432=DIRECTION('',(0.,-1.,0.));
#6433=CARTESIAN_POINT('',(1.25,-2.65,5.15));
#6434=VECTOR('',#6435,1.);
#6435=DIRECTION('',(-1.,0.,0.));
#6436=CARTESIAN_POINT('',(1.25,-2.53050450996168,4.80133185566789));
#6437=CARTESIAN_POINT('',(-1.25,-2.53050450996168,4.80133185566789));
#6438=CARTESIAN_POINT('',(1.25,-2.53050450996168,4.80133185566789));
#6439=VECTOR('',#6440,1.);
#6440=DIRECTION('',(-1.,0.,0.));
#6441=AXIS2_PLACEMENT_3D('',#6442,#6443,#6444);
#6442=CARTESIAN_POINT('',(1.25,-2.5,5.15));
#6443=DIRECTION('',(-1.,0.,0.));
#6444=DIRECTION('',(0.,-0.0871557427476587,-0.996194698091745));
#6445=AXIS2_PLACEMENT_3D('',#6446,#6447,#6448);
#6446=CARTESIAN_POINT('',(-1.25,-2.5,5.15));
#6447=DIRECTION('',(1.,0.,-0.));
#6448=DIRECTION('',(0.,-1.,0.));
#6449=CARTESIAN_POINT('',(1.25,-2.51307336141215,5.00057079528624));
#6450=CARTESIAN_POINT('',(-1.25,-2.51307336141215,5.00057079528624));
#6451=CARTESIAN_POINT('',(1.25,-2.51307336141215,5.00057079528624));
#6452=VECTOR('',#6453,1.);
#6453=DIRECTION('',(-1.,0.,0.));
#6454=AXIS2_PLACEMENT_3D('',#6455,#6456,#6457);
#6455=CARTESIAN_POINT('',(-1.25,-2.5,5.15));
#6456=DIRECTION('',(1.,0.,-0.));
#6457=DIRECTION('',(0.,-1.,0.));
#6458=AXIS2_PLACEMENT_3D('',#6459,#6460,#6461);
#6459=CARTESIAN_POINT('',(1.25,-2.5,5.15));
#6460=DIRECTION('',(-1.,0.,0.));
#6461=DIRECTION('',(0.,-0.0871557427476569,-0.996194698091746));
#6462=CARTESIAN_POINT('',(1.25,1.84954622958074,4.61889103779826));
#6463=CARTESIAN_POINT('',(1.25,1.84954622958074,4.61889103779826));
#6464=VECTOR('',#6465,1.);
#6465=DIRECTION('',(0.,-0.996194698091745,0.0871557427476578));
#6466=CARTESIAN_POINT('',(1.25,-2.51307336141215,5.00057079528624));
#6467=VECTOR('',#6468,1.);
#6468=DIRECTION('',(0.,-0.0871557427476575,-0.996194698091746));
#6469=CARTESIAN_POINT('',(1.25,1.83211508103121,4.41965209817991));
#6470=CARTESIAN_POINT('',(1.25,1.83211508103121,4.41965209817991));
#6471=VECTOR('',#6472,1.);
#6472=DIRECTION('',(0.,-0.996194698091745,0.0871557427476578));
#6473=CARTESIAN_POINT('',(1.25,1.83211508103121,4.41965209817991));
#6474=VECTOR('',#6475,1.);
#6475=DIRECTION('',(0.,0.0871557427476575,0.996194698091746));
#6476=CARTESIAN_POINT('',(-1.25,1.83211508103121,4.41965209817991));
#6477=CARTESIAN_POINT('',(-1.25,-2.53050450996168,4.80133185566789));
#6478=VECTOR('',#6479,1.);
#6479=DIRECTION('',(0.,0.996194698091745,-0.0871557427476578));
#6480=CARTESIAN_POINT('',(-1.25,1.83211508103121,4.41965209817991));
#6481=VECTOR('',#6482,1.);
#6482=DIRECTION('',(1.,0.,0.));
#6483=CARTESIAN_POINT('',(-1.25,1.84954622958074,4.61889103779826));
#6484=CARTESIAN_POINT('',(-1.25,-2.51307336141215,5.00057079528624));
#6485=VECTOR('',#6486,1.);
#6486=DIRECTION('',(0.,0.996194698091745,-0.0871557427476578));
#6487=CARTESIAN_POINT('',(-1.25,1.84954622958074,4.61889103779826));
#6488=VECTOR('',#6489,1.);
#6489=DIRECTION('',(0.,-0.0871557427476575,-0.996194698091746));
#6490=CARTESIAN_POINT('',(-1.25,-2.51307336141215,5.00057079528624));
#6491=VECTOR('',#6492,1.);
#6492=DIRECTION('',(0.,-0.0871557427476579,-0.996194698091746));
#6493=CARTESIAN_POINT('',(1.25,1.84954622958074,4.61889103779826));
#6494=VECTOR('',#6495,1.);
#6495=DIRECTION('',(-1.,0.,0.));
#6496=CARTESIAN_POINT('',(1.25,1.97156426942746,4.41965209817991));
#6497=CARTESIAN_POINT('',(-1.25,1.97156426942746,4.41965209817991));
#6498=CARTESIAN_POINT('',(1.25,1.97156426942746,4.41965209817991));
#6499=VECTOR('',#6500,1.);
#6500=DIRECTION('',(-1.,0.,0.));
#6501=AXIS2_PLACEMENT_3D('',#6502,#6503,#6504);
#6502=CARTESIAN_POINT('',(1.25,1.90183967522933,5.21660785665331));
#6503=DIRECTION('',(-1.,0.,0.));
#6504=DIRECTION('',(0.,0.0871557427476582,-0.996194698091745));
#6505=AXIS2_PLACEMENT_3D('',#6506,#6507,#6508);
#6506=CARTESIAN_POINT('',(-1.25,1.90183967522933,5.21660785665331));
#6507=DIRECTION('',(1.,0.,-0.));
#6508=DIRECTION('',(0.,-0.0871557427476579,-0.996194698091745));
#6509=CARTESIAN_POINT('',(1.25,1.95413312087793,4.61889103779826));
#6510=CARTESIAN_POINT('',(-1.25,1.95413312087793,4.61889103779826));
#6511=CARTESIAN_POINT('',(1.25,1.95413312087793,4.61889103779826));
#6512=VECTOR('',#6513,1.);
#6513=DIRECTION('',(-1.,0.,0.));
#6514=AXIS2_PLACEMENT_3D('',#6515,#6516,#6517);
#6515=CARTESIAN_POINT('',(-1.25,1.90183967522933,5.21660785665331));
#6516=DIRECTION('',(1.,0.,-0.));
#6517=DIRECTION('',(0.,-0.087155742747657,-0.996194698091746));
#6518=AXIS2_PLACEMENT_3D('',#6519,#6520,#6521);
#6519=CARTESIAN_POINT('',(1.25,1.90183967522933,5.21660785665331));
#6520=DIRECTION('',(-1.,0.,0.));
#6521=DIRECTION('',(0.,0.0871557427476581,-0.996194698091745));
#6522=CARTESIAN_POINT('',(1.25,2.33399970311004,4.65212505739591));
#6523=CARTESIAN_POINT('',(1.25,2.35143085165957,4.45288611777756));
#6524=CARTESIAN_POINT('',(1.25,2.33399970311004,4.65212505739591));
#6525=VECTOR('',#6526,1.);
#6526=DIRECTION('',(0.,0.0871557427476549,-0.996194698091746));
#6527=CARTESIAN_POINT('',(1.25,2.33399970311004,4.65212505739591));
#6528=VECTOR('',#6529,1.);
#6529=DIRECTION('',(0.,-0.996194698091746,-0.0871557427476561));
#6530=CARTESIAN_POINT('',(1.25,1.95413312087793,4.61889103779826));
#6531=VECTOR('',#6532,1.);
#6532=DIRECTION('',(0.,0.0871557427476564,-0.996194698091746));
#6533=CARTESIAN_POINT('',(1.25,2.35143085165957,4.45288611777756));
#6534=VECTOR('',#6535,1.);
#6535=DIRECTION('',(0.,-0.996194698091746,-0.0871557427476562));
#6536=CARTESIAN_POINT('',(-0.75,2.84952820070545,4.49646398915139));
#6537=CARTESIAN_POINT('',(-1.25,2.35143085165957,4.45288611777756));
#6538=CARTESIAN_POINT('',(-1.25,2.35143085165957,4.45288611777756));
#6539=VECTOR('',#6540,1.);
#6540=DIRECTION('',(0.707106781186548,0.704416026402758,0.0616284167162193));
#6541=CARTESIAN_POINT('',(0.75,2.84952820070545,4.49646398915139));
#6542=CARTESIAN_POINT('',(-0.75,2.84952820070545,4.49646398915139));
#6543=VECTOR('',#6544,1.);
#6544=DIRECTION('',(1.,0.,0.));
#6545=CARTESIAN_POINT('',(0.75,2.84952820070545,4.49646398915139));
#6546=VECTOR('',#6547,1.);
#6547=DIRECTION('',(0.707106781186548,-0.704416026402759,-0.0616284167162193));
#6548=CARTESIAN_POINT('',(-1.25,1.97156426942746,4.41965209817991));
#6549=VECTOR('',#6550,1.);
#6550=DIRECTION('',(0.,0.996194698091745,0.0871557427476584));
#6551=CARTESIAN_POINT('',(-1.25,2.33399970311004,4.65212505739591));
#6552=CARTESIAN_POINT('',(-1.25,2.33399970311004,4.65212505739591));
#6553=VECTOR('',#6554,1.);
#6554=DIRECTION('',(0.,0.0871557427476597,-0.996194698091746));
#6555=CARTESIAN_POINT('',(-1.25,1.95413312087793,4.61889103779826));
#6556=VECTOR('',#6557,1.);
#6557=DIRECTION('',(0.,0.0871557427476564,-0.996194698091746));
#6558=CARTESIAN_POINT('',(-1.25,1.95413312087793,4.61889103779826));
#6559=VECTOR('',#6560,1.);
#6560=DIRECTION('',(0.,0.996194698091745,0.0871557427476584));
#6561=CARTESIAN_POINT('',(-0.75,2.83209705215591,4.69570292876973));
#6562=CARTESIAN_POINT('',(-0.75,2.83209705215591,4.69570292876974));
#6563=VECTOR('',#6564,1.);
#6564=DIRECTION('',(-0.707106781186548,-0.704416026402758,-0.0616284167162193));
#6565=CARTESIAN_POINT('',(0.75,2.83209705215591,4.69570292876974));
#6566=CARTESIAN_POINT('',(1.25,2.33399970311004,4.65212505739591));
#6567=VECTOR('',#6568,1.);
#6568=DIRECTION('',(-0.707106781186548,0.704416026402759,0.0616284167162193));
#6569=CARTESIAN_POINT('',(-0.75,2.83209705215591,4.69570292876974));
#6570=VECTOR('',#6571,1.);
#6571=DIRECTION('',(1.,0.,0.));
#6572=CARTESIAN_POINT('',(-0.75,2.83209705215591,4.69570292876973));
#6573=VECTOR('',#6574,1.);
#6574=DIRECTION('',(0.,0.0871557427476575,-0.996194698091746));
#6575=CARTESIAN_POINT('',(0.75,2.83209705215591,4.69570292876974));
#6576=VECTOR('',#6577,1.);
#6577=DIRECTION('',(0.,0.0871557427476553,-0.996194698091746));
#6578=CARTESIAN_POINT('',(-0.767728652978505,1.26270339980917,12.5));
#6579=CARTESIAN_POINT('',(1.26270339980917,-0.767728652978506,12.5));
#6580=CARTESIAN_POINT('',(1.26270339980917,-0.767728652978505,12.5));
#6581=VECTOR('',#6582,1.);
#6582=DIRECTION('',(-0.707106781186548,0.707106781186547,0.));
#6583=AXIS2_PLACEMENT_3D('',#6584,#6585,#6586);
#6584=CARTESIAN_POINT('',(0.,-2.50666788882249E-016,12.5));
#6585=DIRECTION('',(0.,-1.22139628059813E-018,-1.));
#6586=DIRECTION('',(-0.519515629835079,0.854460947239288,-1.04363542287442E-018));
#6587=CARTESIAN_POINT('',(0.767728652978608,-1.26270339980911,12.5));
#6588=CARTESIAN_POINT('',(-1.26270339980911,0.767728652978607,12.5));
#6589=CARTESIAN_POINT('',(-1.26270339980911,0.767728652978607,12.5));
#6590=VECTOR('',#6591,1.);
#6591=DIRECTION('',(0.707106781186548,-0.707106781186547,0.));
#6592=AXIS2_PLACEMENT_3D('',#6593,#6594,#6595);
#6593=CARTESIAN_POINT('',(0.,-2.50666788882249E-016,12.5));
#6594=DIRECTION('',(0.,-1.22139628059813E-018,-1.));
#6595=DIRECTION('',(0.519515629835148,-0.854460947239246,1.04363542287437E-018));
#6596=CARTESIAN_POINT('',(-1.07302389120909,1.56799863803975,12.0777777777778));
#6597=CARTESIAN_POINT('',(-0.767728652978505,1.26270339980917,12.5));
#6598=CARTESIAN_POINT('',(-0.78020616848599,1.27518091531665,12.500006769463));
#6599=CARTESIAN_POINT('',(-0.805154117114449,1.30012886394511,12.4979069406841));
#6600=CARTESIAN_POINT('',(-0.842035257776958,1.33701000460762,12.4885123389182));
#6601=CARTESIAN_POINT('',(-0.881788785028788,1.37676353185945,12.4712260307601));
#6602=CARTESIAN_POINT('',(-0.92691814901902,1.42189289584968,12.4412414894651));
#6603=CARTESIAN_POINT('',(-0.977563487064648,1.47253823389531,12.3898878996177));
#6604=CARTESIAN_POINT('',(-1.02315320189416,1.51812794872483,12.3167778947943));
#6605=CARTESIAN_POINT('',(-1.05343341344294,1.5484081602736,12.2349141212076));
#6606=CARTESIAN_POINT('',(-1.06761209188543,1.56258683871609,12.1645850254883));
#6607=CARTESIAN_POINT('',(-1.07233236730074,1.56730711413141,12.1143587493026));
#6608=CARTESIAN_POINT('',(-1.07302535763275,1.56800010446341,12.0880366685927));
#6609=CARTESIAN_POINT('',(-1.07302389162022,1.56799863845088,12.0777777777778));
#6610=CARTESIAN_POINT('',(1.56799863803975,-1.07302389120908,12.0777777777778));
#6611=CARTESIAN_POINT('',(1.26270339980917,-0.767728652978505,12.5));
#6612=CARTESIAN_POINT('',(1.27518091531666,-0.780206168485989,12.500006769463));
#6613=CARTESIAN_POINT('',(1.30012886394511,-0.805154117114448,12.4979069406841));
#6614=CARTESIAN_POINT('',(1.33701000460762,-0.842035257776959,12.4885123389182));
#6615=CARTESIAN_POINT('',(1.37676353185945,-0.881788785028787,12.4712260307601));
#6616=CARTESIAN_POINT('',(1.42189289584969,-0.926918149019021,12.4412414894651));
#6617=CARTESIAN_POINT('',(1.47253823389531,-0.977563487064647,12.3898878996177));
#6618=CARTESIAN_POINT('',(1.51812794872483,-1.02315320189416,12.3167778947943));
#6619=CARTESIAN_POINT('',(1.54840816027361,-1.05343341344294,12.2349141212076));
#6620=CARTESIAN_POINT('',(1.56258683871609,-1.06761209188543,12.1645850254883));
#6621=CARTESIAN_POINT('',(1.56730711413141,-1.07233236730074,12.1143587493026));
#6622=CARTESIAN_POINT('',(1.56800010446342,-1.07302535763275,12.0880366685927));
#6623=CARTESIAN_POINT('',(1.56799863845088,-1.07302389162022,12.0777777777778));
#6624=AXIS2_PLACEMENT_3D('',#6625,#6626,#6627);
#6625=CARTESIAN_POINT('',(0.,-2.51182489534057E-016,12.0777777777778));
#6626=DIRECTION('',(0.,-1.22139628059813E-018,-1.));
#6627=DIRECTION('',(-0.564749416425834,0.825262441073553,-1.00797247604457E-018));
#6628=CARTESIAN_POINT('',(-1.56799863803968,1.07302389120918,12.0777777777778));
#6629=CARTESIAN_POINT('',(-1.26270339980911,0.767728652978607,12.5));
#6630=CARTESIAN_POINT('',(-1.27518091531659,0.780206168486091,12.500006769463));
#6631=CARTESIAN_POINT('',(-1.30012886394505,0.80515411711455,12.4979069406841));
#6632=CARTESIAN_POINT('',(-1.33701000460756,0.84203525777706,12.4885123389182));
#6633=CARTESIAN_POINT('',(-1.37676353185939,0.881788785028889,12.4712260307601));
#6634=CARTESIAN_POINT('',(-1.42189289584962,0.926918149019122,12.4412414894651));
#6635=CARTESIAN_POINT('',(-1.47253823389525,0.97756348706475,12.3898878996177));
#6636=CARTESIAN_POINT('',(-1.51812794872476,1.02315320189426,12.3167778947943));
#6637=CARTESIAN_POINT('',(-1.54840816027354,1.05343341344304,12.2349141212076));
#6638=CARTESIAN_POINT('',(-1.56258683871603,1.06761209188553,12.1645850254883));
#6639=CARTESIAN_POINT('',(-1.56730711413134,1.07233236730084,12.1143587493026));
#6640=CARTESIAN_POINT('',(-1.56800010446335,1.07302535763285,12.0880366685927));
#6641=CARTESIAN_POINT('',(-1.56799863845081,1.07302389162031,12.0777777777778));
#6642=CARTESIAN_POINT('',(0.,-1.9,12.0777777777778));
#6643=AXIS2_PLACEMENT_3D('',#6644,#6645,#6646);
#6644=CARTESIAN_POINT('',(0.,-2.51182489534057E-016,12.0777777777778));
#6645=DIRECTION('',(0.,-1.22139628059813E-018,-1.));
#6646=DIRECTION('',(0.,-1.,1.22139628059813E-018));
#6647=CARTESIAN_POINT('',(1.07302389120919,-1.56799863803968,12.0777777777778));
#6648=AXIS2_PLACEMENT_3D('',#6649,#6650,#6651);
#6649=CARTESIAN_POINT('',(0.,-2.51182489534057E-016,12.0777777777778));
#6650=DIRECTION('',(0.,-1.22139628059813E-018,-1.));
#6651=DIRECTION('',(0.564749416425887,-0.825262441073517,1.00797247604452E-018));
#6652=CARTESIAN_POINT('',(0.767728652978608,-1.26270339980911,12.5));
#6653=CARTESIAN_POINT('',(0.780206168486092,-1.27518091531659,12.500006769463));
#6654=CARTESIAN_POINT('',(0.805154117114552,-1.30012886394505,12.4979069406841));
#6655=CARTESIAN_POINT('',(0.842035257777061,-1.33701000460756,12.4885123389182));
#6656=CARTESIAN_POINT('',(0.88178878502889,-1.37676353185939,12.4712260307601));
#6657=CARTESIAN_POINT('',(0.926918149019123,-1.42189289584962,12.4412414894651));
#6658=CARTESIAN_POINT('',(0.97756348706475,-1.47253823389525,12.3898878996176));
#6659=CARTESIAN_POINT('',(1.02315320189426,-1.51812794872477,12.3167778947943));
#6660=CARTESIAN_POINT('',(1.05343341344304,-1.54840816027354,12.2349141212076));
#6661=CARTESIAN_POINT('',(1.06761209188553,-1.56258683871603,12.1645850254883));
#6662=CARTESIAN_POINT('',(1.07233236730084,-1.56730711413134,12.1143587493026));
#6663=CARTESIAN_POINT('',(1.07302535763285,-1.56800010446335,12.0880366685927));
#6664=CARTESIAN_POINT('',(1.07302389162031,-1.56799863845081,12.0777777777778));
#6665=CARTESIAN_POINT('',(1.56799863803975,-1.07302389120909,11.5));
#6666=CARTESIAN_POINT('',(1.56799863803975,-1.07302389120909,12.0777777777778));
#6667=VECTOR('',#6668,1.);
#6668=DIRECTION('',(0.,0.,-1.));
#6669=CARTESIAN_POINT('',(1.07302389120918,-1.56799863803968,11.5));
#6670=AXIS2_PLACEMENT_3D('',#6671,#6672,#6673);
#6671=CARTESIAN_POINT('',(0.,-2.51888185162847E-016,11.5));
#6672=DIRECTION('',(0.,-1.22139628059813E-018,-1.));
#6673=DIRECTION('',(0.825262441073553,-0.564749416425834,6.89782836692476E-019));
#6674=CARTESIAN_POINT('',(1.07302389120918,-1.56799863803968,12.0777777777778));
#6675=VECTOR('',#6676,1.);
#6676=DIRECTION('',(0.,0.,-1.));
#6677=CARTESIAN_POINT('',(-1.56799863803968,1.07302389120918,11.5));
#6678=CARTESIAN_POINT('',(-1.56799863803968,1.07302389120918,12.0777777777778));
#6679=VECTOR('',#6680,1.);
#6680=DIRECTION('',(0.,0.,-1.));
#6681=CARTESIAN_POINT('',(-1.07302389120909,1.56799863803975,11.5));
#6682=AXIS2_PLACEMENT_3D('',#6683,#6684,#6685);
#6683=CARTESIAN_POINT('',(0.,-2.51888185162847E-016,11.5));
#6684=DIRECTION('',(0.,-1.22139628059813E-018,-1.));
#6685=DIRECTION('',(-0.825262441073518,0.564749416425886,-6.89782836692539E-019));
#6686=CARTESIAN_POINT('',(-1.07302389120909,1.56799863803975,12.0777777777778));
#6687=VECTOR('',#6688,1.);
#6688=DIRECTION('',(0.,0.,-1.));
#6689=CARTESIAN_POINT('',(0.,-1.9,10.5));
#6690=AXIS2_PLACEMENT_3D('',#6691,#6692,#6693);
#6691=CARTESIAN_POINT('',(0.,-2.53109581443445E-016,10.5));
#6692=DIRECTION('',(0.,-1.22139628059813E-018,-1.));
#6693=DIRECTION('',(0.,-1.,1.22139628059813E-018));
#6694=CARTESIAN_POINT('',(-1.56799863803968,1.07302389120918,11.5));
#6695=VECTOR('',#6696,1.);
#6696=DIRECTION('',(0.707106781186548,-0.707106781186547,0.));
#6697=CARTESIAN_POINT('',(1.56799863803975,-1.07302389120909,11.5));
#6698=VECTOR('',#6699,1.);
#6699=DIRECTION('',(-0.707106781186548,0.707106781186547,0.));
#6700=CARTESIAN_POINT('',(0.,-1.5,10.5));
#6701=AXIS2_PLACEMENT_3D('',#6702,#6703,#6704);
#6702=CARTESIAN_POINT('',(0.,-2.53109581443445E-016,10.5));
#6703=DIRECTION('',(0.,-1.22139628059813E-018,-1.));
#6704=DIRECTION('',(0.,-1.,1.22139628059813E-018));
#6705=CARTESIAN_POINT('',(0.,-1.5,5.85));
#6706=AXIS2_PLACEMENT_3D('',#6707,#6708,#6709);
#6707=CARTESIAN_POINT('',(0.,-2.58789074148227E-016,5.85));
#6708=DIRECTION('',(0.,-1.22139628059813E-018,-1.));
#6709=DIRECTION('',(0.,-1.,1.22139628059813E-018));
#6710=CARTESIAN_POINT('',(0.,-1.15,5.5));
#6711=AXIS2_PLACEMENT_3D('',#6712,#6713,#6714);
#6712=CARTESIAN_POINT('',(0.,-2.59216562846436E-016,5.5));
#6713=DIRECTION('',(0.,-1.22139628059813E-018,-1.));
#6714=DIRECTION('',(0.,-1.,1.22139628059813E-018));
#6715=CARTESIAN_POINT('',(0.,-1.15,5.));
#6716=AXIS2_PLACEMENT_3D('',#6717,#6718,#6719);
#6717=CARTESIAN_POINT('',(0.,-2.59827260986735E-016,5.));
#6718=DIRECTION('',(0.,-1.22139628059813E-018,-1.));
#6719=DIRECTION('',(0.,-1.,1.22139628059813E-018));
ENDSEC;
END-ISO-10303-21;
