ISO-10303-21;
HEADER;
FILE_DESCRIPTION(('STEP AP214'),
    '1');
FILE_NAME('CJT_A2008',
    '2020-10-03T15:07:41',
    ('AF'),
    (''),
    'UNSPECIFIED',
    'UNSPECIFIED',
    '');
/*Based on CJT A2008 series datasheet*/
FILE_SCHEMA(('AUTOMOTIVE_DESIGN { 1 0 10303 214 3 1 1}'));
ENDSEC;

DATA;
#1=SHAPE_REPRESENTATION('NONE',(#2,#45,#109,#182,#208),#6);
#2=AXIS2_PLACEMENT_3D('',#3,#4,#5);
#3=CARTESIAN_POINT('',(0.,0.,0.));
#4=DIRECTION('',(0.,0.,1.));
#5=DIRECTION('',(1.,0.,0.));
#6=(GEOMETRIC_REPRESENTATION_CONTEXT(3)GLOBAL_UNCERTAINTY_ASSIGNED_CONTEXT((#8))
GLOBAL_UNIT_ASSIGNED_CONTEXT((#7,#9,#10))REPRESENTATION_CONTEXT('NONE','NONE'));
#7=(LENGTH_UNIT()NAMED_UNIT(*)SI_UNIT(.MILLI.,.METRE.));
#8=UNCERTAINTY_MEASURE_WITH_UNIT(LENGTH_MEASURE(1.E-005),#7,'NONE','NONE');
#9=(NAMED_UNIT(*)PLANE_ANGLE_UNIT()SI_UNIT($,.RADIAN.));
#10=(NAMED_UNIT(*)SI_UNIT($,.STERADIAN.)SOLID_ANGLE_UNIT());
#11=SHAPE_DEFINITION_REPRESENTATION(#12,#1);
#12=PRODUCT_DEFINITION_SHAPE('NONE','NONE',#13);
#13=PRODUCT_DEFINITION('','UNSPECIFIED',#14,#22);
#14=PRODUCT_DEFINITION_FORMATION_WITH_SPECIFIED_SOURCE('ANY','UNSPECIFIED',#15,.NOT_KNOWN.);
#15=PRODUCT('','CJT_A2008WR-2x3P','Based on CJT A2008 series datasheet',(#25));
#16=PERSON('UNSPECIFIED','AF','UNSPECIFIED',('UNSPECIFIED'),('UNSPECIFIED'),('UNSPECIFIED'));
#17=ORGANIZATION('UNSPECIFIED','UNSPECIFIED','UNSPECIFIED');
#18=PERSON_AND_ORGANIZATION(#16,#17);
#19=PERSON_AND_ORGANIZATION_ROLE('design_owner');
#20=CC_DESIGN_PERSON_AND_ORGANIZATION_ASSIGNMENT(#18,#19,(#15));
#21=PRODUCT_RELATED_PRODUCT_CATEGORY('assembly','',(#15));
#22=DESIGN_CONTEXT('detailed design',#23,'design');
#23=APPLICATION_CONTEXT('configuration controlled 3d designs of mechanical parts and assemblies');
#24=APPLICATION_PROTOCOL_DEFINITION('international standard','automotive_design',
2011,#23);
#25=PRODUCT_CONTEXT('NONE',#23,'mechanical');
#26=CC_DESIGN_DATE_AND_TIME_ASSIGNMENT(#27,#31,(#13));
#27=DATE_AND_TIME(#28,#29);
#28=CALENDAR_DATE(0,1,1);
#29=LOCAL_TIME(0,0,0.,#30);
#30=COORDINATED_UNIVERSAL_TIME_OFFSET(0,0,.AHEAD.);
#31=DATE_TIME_ROLE('creation_date');
#32=CC_DESIGN_APPROVAL(#33,(#13));
#33=APPROVAL(#34,'UNSPECIFIED');
#34=APPROVAL_STATUS('not_yet_approved');
#35=APPROVAL_DATE_TIME(#36,#33);
#36=DATE_AND_TIME(#37,#38);
#37=CALENDAR_DATE(0,1,1);
#38=LOCAL_TIME(0,0,0.,#39);
#39=COORDINATED_UNIVERSAL_TIME_OFFSET(0,0,.AHEAD.);
#40=DERIVED_UNIT((#44,#41));
#41=DERIVED_UNIT_ELEMENT(#42,-1.);
#42=VOLUME_UNIT(#43);
#43=DIMENSIONAL_EXPONENTS(3.,0.,0.,0.,0.,0.,0.);
#44=(DERIVED_UNIT_ELEMENT($,-1.)NAMED_UNIT($)MASS_UNIT()SI_UNIT($,.GRAM.));
#45=AXIS2_PLACEMENT_3D('',#46,#47,#48);
#46=CARTESIAN_POINT('',(0.,-7.8,3.7));
#47=DIRECTION('',(0.,1.,6.12323399573677E-017));
#48=DIRECTION('',(1.,0.,0.));
#49=SHAPE_REPRESENTATION('NONE',(#2),#6);
#50=SHAPE_DEFINITION_REPRESENTATION(#51,#49);
#51=PRODUCT_DEFINITION_SHAPE('NONE','NONE',#52);
#52=PRODUCT_DEFINITION('','UNSPECIFIED',#53,#56);
#53=PRODUCT_DEFINITION_FORMATION_WITH_SPECIFIED_SOURCE('ANY','UNSPECIFIED',#54,.NOT_KNOWN.);
#54=PRODUCT('','CJT_A2008-2-wafer','NONE',(#59));
#55=PRODUCT_RELATED_PRODUCT_CATEGORY('detail','',(#54));
#56=DESIGN_CONTEXT('detailed design',#57,'design');
#57=APPLICATION_CONTEXT('configuration controlled 3d designs of mechanical parts and assemblies');
#58=APPLICATION_PROTOCOL_DEFINITION('international standard','automotive_design',
2011,#57);
#59=PRODUCT_CONTEXT('NONE',#57,'mechanical');
#60=CC_DESIGN_DATE_AND_TIME_ASSIGNMENT(#61,#65,(#52));
#61=DATE_AND_TIME(#62,#63);
#62=CALENDAR_DATE(0,1,1);
#63=LOCAL_TIME(0,0,0.,#64);
#64=COORDINATED_UNIVERSAL_TIME_OFFSET(0,0,.AHEAD.);
#65=DATE_TIME_ROLE('creation_date');
#66=CC_DESIGN_APPROVAL(#67,(#52));
#67=APPROVAL(#68,'UNSPECIFIED');
#68=APPROVAL_STATUS('not_yet_approved');
#69=APPROVAL_DATE_TIME(#70,#67);
#70=DATE_AND_TIME(#71,#72);
#71=CALENDAR_DATE(0,1,1);
#72=LOCAL_TIME(0,0,0.,#73);
#73=COORDINATED_UNIVERSAL_TIME_OFFSET(0,0,.AHEAD.);
#74=MANIFOLD_SOLID_BREP('',#75);
#75=CLOSED_SHELL('',(#234,#243,#252,#261,#270,#279,#288,#297,#306,#315,#324,#333,
#342,#351,#360,#369,#378,#387,#396,#405,#414,#423,#432,#441,#450,#459,#468,#477,
#486,#495,#504,#513,#522,#531,#540,#549,#558,#567,#576,#585,#594,#603,#612,#621,
#630,#639,#648,#657,#666,#675,#684,#693,#702,#711,#720,#729,#738,#747,#756,#765,
#774,#783,#792,#801,#810,#819,#828));
#76=COLOUR_RGB($,0.92156862745098,0.92156862745098,0.909803921568627);
#77=FILL_AREA_STYLE_COLOUR($,#76);
#78=FILL_AREA_STYLE($,(#77));
#79=SURFACE_STYLE_FILL_AREA(#78);
#80=SURFACE_SIDE_STYLE('',(#79));
#81=SURFACE_STYLE_USAGE(.BOTH.,#80);
#82=PRESENTATION_STYLE_ASSIGNMENT((#81));
#83=MECHANICAL_DESIGN_GEOMETRIC_PRESENTATION_REPRESENTATION('NONE',(#84,#147,#157,
#242,#251,#260,#269,#278,#287,#296,#305,#314,#323,#332,#341,#350,#359,#368,#377,
#386,#395,#404,#413,#422,#431,#440,#449,#458,#467,#476,#485,#494,#503,#512,#521,
#530,#539,#548,#557,#566,#575,#584,#593,#602,#611,#620,#629,#638,#647,#656,#665,
#674,#683,#692,#701,#710,#719,#728,#737,#746,#755,#764,#773,#782,#791,#800,#809,
#818,#827,#836,#845,#854,#863,#872,#881,#890,#899,#908,#917,#926,#935,#944,#953,
#962,#971,#980,#989,#998,#1007,#1016,#1025,#1034,#1043,#1052,#1061,#1070,#1079,#1088,
#1097,#1106,#1115,#1124,#1133,#1142,#1151,#1160),#6);
#84=STYLED_ITEM('',(#82),#74);
#85=ADVANCED_BREP_SHAPE_REPRESENTATION('NONE',(#74),#6);
#86=SHAPE_REPRESENTATION_RELATIONSHIP('','',#49,#85);
#87=ITEM_DEFINED_TRANSFORMATION('','',#2,#45);
#88=(REPRESENTATION_RELATIONSHIP('','',#49,#1)REPRESENTATION_RELATIONSHIP_WITH_TRANSFORMATION(
#87)SHAPE_REPRESENTATION_RELATIONSHIP());
#89=NEXT_ASSEMBLY_USAGE_OCCURRENCE('1','','',#13,#52,$);
#90=CC_DESIGN_SECURITY_CLASSIFICATION(#91,(#89));
#91=SECURITY_CLASSIFICATION('','',#92);
#92=SECURITY_CLASSIFICATION_LEVEL('unclassified');
#93=CC_DESIGN_DATE_AND_TIME_ASSIGNMENT(#94,#98,(#91));
#94=DATE_AND_TIME(#95,#96);
#95=CALENDAR_DATE(0,1,1);
#96=LOCAL_TIME(0,0,0.,#97);
#97=COORDINATED_UNIVERSAL_TIME_OFFSET(0,0,.AHEAD.);
#98=DATE_TIME_ROLE('classification_date');
#99=CC_DESIGN_APPROVAL(#100,(#91));
#100=APPROVAL(#101,'UNSPECIFIED');
#101=APPROVAL_STATUS('not_yet_approved');
#102=APPROVAL_DATE_TIME(#103,#100);
#103=DATE_AND_TIME(#104,#105);
#104=CALENDAR_DATE(0,1,1);
#105=LOCAL_TIME(0,0,0.,#106);
#106=COORDINATED_UNIVERSAL_TIME_OFFSET(0,0,.AHEAD.);
#107=PRODUCT_DEFINITION_SHAPE('NONE','NONE',#89);
#108=CONTEXT_DEPENDENT_SHAPE_REPRESENTATION(#88,#107);
#109=AXIS2_PLACEMENT_3D('',#110,#111,#112);
#110=CARTESIAN_POINT('',(0.,0.,0.));
#111=DIRECTION('',(0.,0.,1.));
#112=DIRECTION('',(1.,0.,0.));
#113=SHAPE_REPRESENTATION('NONE',(#2),#6);
#114=SHAPE_DEFINITION_REPRESENTATION(#115,#113);
#115=PRODUCT_DEFINITION_SHAPE('NONE','NONE',#116);
#116=PRODUCT_DEFINITION('','UNSPECIFIED',#117,#120);
#117=PRODUCT_DEFINITION_FORMATION_WITH_SPECIFIED_SOURCE('ANY','UNSPECIFIED',#118,
.NOT_KNOWN.);
#118=PRODUCT('','CJT_A2008-WR-2-pin','NONE',(#123));
#119=PRODUCT_RELATED_PRODUCT_CATEGORY('detail','',(#118));
#120=DESIGN_CONTEXT('detailed design',#121,'design');
#121=APPLICATION_CONTEXT('configuration controlled 3d designs of mechanical parts and assemblies');
#122=APPLICATION_PROTOCOL_DEFINITION('international standard','automotive_design',
2011,#121);
#123=PRODUCT_CONTEXT('NONE',#121,'mechanical');
#124=CC_DESIGN_DATE_AND_TIME_ASSIGNMENT(#125,#129,(#116));
#125=DATE_AND_TIME(#126,#127);
#126=CALENDAR_DATE(0,1,1);
#127=LOCAL_TIME(0,0,0.,#128);
#128=COORDINATED_UNIVERSAL_TIME_OFFSET(0,0,.AHEAD.);
#129=DATE_TIME_ROLE('creation_date');
#130=CC_DESIGN_APPROVAL(#131,(#116));
#131=APPROVAL(#132,'UNSPECIFIED');
#132=APPROVAL_STATUS('not_yet_approved');
#133=APPROVAL_DATE_TIME(#134,#131);
#134=DATE_AND_TIME(#135,#136);
#135=CALENDAR_DATE(0,1,1);
#136=LOCAL_TIME(0,0,0.,#137);
#137=COORDINATED_UNIVERSAL_TIME_OFFSET(0,0,.AHEAD.);
#138=MANIFOLD_SOLID_BREP('',#139);
#139=CLOSED_SHELL('',(#837,#846,#855,#864,#873,#882,#891,#900,#909,#918,#927,#936,
#945,#954,#963,#972,#981,#990));
#140=COLOUR_RGB($,0.827450980392157,0.831372549019608,0.835294117647059);
#141=FILL_AREA_STYLE_COLOUR($,#140);
#142=FILL_AREA_STYLE($,(#141));
#143=SURFACE_STYLE_FILL_AREA(#142);
#144=SURFACE_SIDE_STYLE('',(#143));
#145=SURFACE_STYLE_USAGE(.BOTH.,#144);
#146=PRESENTATION_STYLE_ASSIGNMENT((#145));
#147=STYLED_ITEM('',(#146),#138);
#148=MANIFOLD_SOLID_BREP('',#149);
#149=CLOSED_SHELL('',(#999,#1008,#1017,#1026,#1035,#1044,#1053,#1062,#1071,#1080,
#1089,#1098,#1107,#1116,#1125,#1134,#1143,#1152));
#150=COLOUR_RGB($,0.827450980392157,0.831372549019608,0.835294117647059);
#151=FILL_AREA_STYLE_COLOUR($,#150);
#152=FILL_AREA_STYLE($,(#151));
#153=SURFACE_STYLE_FILL_AREA(#152);
#154=SURFACE_SIDE_STYLE('',(#153));
#155=SURFACE_STYLE_USAGE(.BOTH.,#154);
#156=PRESENTATION_STYLE_ASSIGNMENT((#155));
#157=STYLED_ITEM('',(#156),#148);
#158=ADVANCED_BREP_SHAPE_REPRESENTATION('NONE',(#138,#148),#6);
#159=SHAPE_REPRESENTATION_RELATIONSHIP('','',#113,#158);
#160=ITEM_DEFINED_TRANSFORMATION('','',#2,#109);
#161=(REPRESENTATION_RELATIONSHIP('','',#113,#1)REPRESENTATION_RELATIONSHIP_WITH_TRANSFORMATION(
#160)SHAPE_REPRESENTATION_RELATIONSHIP());
#162=NEXT_ASSEMBLY_USAGE_OCCURRENCE('2','','',#13,#116,$);
#163=CC_DESIGN_SECURITY_CLASSIFICATION(#164,(#162));
#164=SECURITY_CLASSIFICATION('','',#165);
#165=SECURITY_CLASSIFICATION_LEVEL('unclassified');
#166=CC_DESIGN_DATE_AND_TIME_ASSIGNMENT(#167,#171,(#164));
#167=DATE_AND_TIME(#168,#169);
#168=CALENDAR_DATE(0,1,1);
#169=LOCAL_TIME(0,0,0.,#170);
#170=COORDINATED_UNIVERSAL_TIME_OFFSET(0,0,.AHEAD.);
#171=DATE_TIME_ROLE('classification_date');
#172=CC_DESIGN_APPROVAL(#173,(#164));
#173=APPROVAL(#174,'UNSPECIFIED');
#174=APPROVAL_STATUS('not_yet_approved');
#175=APPROVAL_DATE_TIME(#176,#173);
#176=DATE_AND_TIME(#177,#178);
#177=CALENDAR_DATE(0,1,1);
#178=LOCAL_TIME(0,0,0.,#179);
#179=COORDINATED_UNIVERSAL_TIME_OFFSET(0,0,.AHEAD.);
#180=PRODUCT_DEFINITION_SHAPE('NONE','NONE',#162);
#181=CONTEXT_DEPENDENT_SHAPE_REPRESENTATION(#161,#180);
#182=AXIS2_PLACEMENT_3D('',#183,#184,#185);
#183=CARTESIAN_POINT('',(-2.,2.44929359829471E-016,0.));
#184=DIRECTION('',(0.,0.,1.));
#185=DIRECTION('',(1.,0.,0.));
#186=ITEM_DEFINED_TRANSFORMATION('','',#2,#182);
#187=(REPRESENTATION_RELATIONSHIP('','',#113,#1)REPRESENTATION_RELATIONSHIP_WITH_TRANSFORMATION(
#186)SHAPE_REPRESENTATION_RELATIONSHIP());
#188=NEXT_ASSEMBLY_USAGE_OCCURRENCE('3','','',#13,#116,$);
#189=CC_DESIGN_SECURITY_CLASSIFICATION(#190,(#188));
#190=SECURITY_CLASSIFICATION('','',#191);
#191=SECURITY_CLASSIFICATION_LEVEL('unclassified');
#192=CC_DESIGN_DATE_AND_TIME_ASSIGNMENT(#193,#197,(#190));
#193=DATE_AND_TIME(#194,#195);
#194=CALENDAR_DATE(0,1,1);
#195=LOCAL_TIME(0,0,0.,#196);
#196=COORDINATED_UNIVERSAL_TIME_OFFSET(0,0,.AHEAD.);
#197=DATE_TIME_ROLE('classification_date');
#198=CC_DESIGN_APPROVAL(#199,(#190));
#199=APPROVAL(#200,'UNSPECIFIED');
#200=APPROVAL_STATUS('not_yet_approved');
#201=APPROVAL_DATE_TIME(#202,#199);
#202=DATE_AND_TIME(#203,#204);
#203=CALENDAR_DATE(0,1,1);
#204=LOCAL_TIME(0,0,0.,#205);
#205=COORDINATED_UNIVERSAL_TIME_OFFSET(0,0,.AHEAD.);
#206=PRODUCT_DEFINITION_SHAPE('NONE','NONE',#188);
#207=CONTEXT_DEPENDENT_SHAPE_REPRESENTATION(#187,#206);
#208=AXIS2_PLACEMENT_3D('',#209,#210,#211);
#209=CARTESIAN_POINT('',(-4.,4.89858719658941E-016,0.));
#210=DIRECTION('',(0.,0.,1.));
#211=DIRECTION('',(1.,0.,0.));
#212=ITEM_DEFINED_TRANSFORMATION('','',#2,#208);
#213=(REPRESENTATION_RELATIONSHIP('','',#113,#1)REPRESENTATION_RELATIONSHIP_WITH_TRANSFORMATION(
#212)SHAPE_REPRESENTATION_RELATIONSHIP());
#214=NEXT_ASSEMBLY_USAGE_OCCURRENCE('4','','',#13,#116,$);
#215=CC_DESIGN_SECURITY_CLASSIFICATION(#216,(#214));
#216=SECURITY_CLASSIFICATION('','',#217);
#217=SECURITY_CLASSIFICATION_LEVEL('unclassified');
#218=CC_DESIGN_DATE_AND_TIME_ASSIGNMENT(#219,#223,(#216));
#219=DATE_AND_TIME(#220,#221);
#220=CALENDAR_DATE(0,1,1);
#221=LOCAL_TIME(0,0,0.,#222);
#222=COORDINATED_UNIVERSAL_TIME_OFFSET(0,0,.AHEAD.);
#223=DATE_TIME_ROLE('classification_date');
#224=CC_DESIGN_APPROVAL(#225,(#216));
#225=APPROVAL(#226,'UNSPECIFIED');
#226=APPROVAL_STATUS('not_yet_approved');
#227=APPROVAL_DATE_TIME(#228,#225);
#228=DATE_AND_TIME(#229,#230);
#229=CALENDAR_DATE(0,1,1);
#230=LOCAL_TIME(0,0,0.,#231);
#231=COORDINATED_UNIVERSAL_TIME_OFFSET(0,0,.AHEAD.);
#232=PRODUCT_DEFINITION_SHAPE('NONE','NONE',#214);
#233=CONTEXT_DEPENDENT_SHAPE_REPRESENTATION(#213,#232);
#234=ADVANCED_FACE('',(#1161,#1163),#1165,.T.);
#235=COLOUR_RGB($,0.92156862745098,0.92156862745098,0.909803921568627);
#236=FILL_AREA_STYLE_COLOUR($,#235);
#237=FILL_AREA_STYLE($,(#236));
#238=SURFACE_STYLE_FILL_AREA(#237);
#239=SURFACE_SIDE_STYLE('',(#238));
#240=SURFACE_STYLE_USAGE(.BOTH.,#239);
#241=PRESENTATION_STYLE_ASSIGNMENT((#240));
#242=STYLED_ITEM('',(#241),#234);
#243=ADVANCED_FACE('',(#1170),#1172,.T.);
#244=COLOUR_RGB($,0.92156862745098,0.92156862745098,0.909803921568627);
#245=FILL_AREA_STYLE_COLOUR($,#244);
#246=FILL_AREA_STYLE($,(#245));
#247=SURFACE_STYLE_FILL_AREA(#246);
#248=SURFACE_SIDE_STYLE('',(#247));
#249=SURFACE_STYLE_USAGE(.BOTH.,#248);
#250=PRESENTATION_STYLE_ASSIGNMENT((#249));
#251=STYLED_ITEM('',(#250),#243);
#252=ADVANCED_FACE('',(#1177),#1179,.T.);
#253=COLOUR_RGB($,0.92156862745098,0.92156862745098,0.909803921568627);
#254=FILL_AREA_STYLE_COLOUR($,#253);
#255=FILL_AREA_STYLE($,(#254));
#256=SURFACE_STYLE_FILL_AREA(#255);
#257=SURFACE_SIDE_STYLE('',(#256));
#258=SURFACE_STYLE_USAGE(.BOTH.,#257);
#259=PRESENTATION_STYLE_ASSIGNMENT((#258));
#260=STYLED_ITEM('',(#259),#252);
#261=ADVANCED_FACE('',(#1184),#1186,.T.);
#262=COLOUR_RGB($,0.92156862745098,0.92156862745098,0.909803921568627);
#263=FILL_AREA_STYLE_COLOUR($,#262);
#264=FILL_AREA_STYLE($,(#263));
#265=SURFACE_STYLE_FILL_AREA(#264);
#266=SURFACE_SIDE_STYLE('',(#265));
#267=SURFACE_STYLE_USAGE(.BOTH.,#266);
#268=PRESENTATION_STYLE_ASSIGNMENT((#267));
#269=STYLED_ITEM('',(#268),#261);
#270=ADVANCED_FACE('',(#1191),#1193,.T.);
#271=COLOUR_RGB($,0.92156862745098,0.92156862745098,0.909803921568627);
#272=FILL_AREA_STYLE_COLOUR($,#271);
#273=FILL_AREA_STYLE($,(#272));
#274=SURFACE_STYLE_FILL_AREA(#273);
#275=SURFACE_SIDE_STYLE('',(#274));
#276=SURFACE_STYLE_USAGE(.BOTH.,#275);
#277=PRESENTATION_STYLE_ASSIGNMENT((#276));
#278=STYLED_ITEM('',(#277),#270);
#279=ADVANCED_FACE('',(#1198),#1200,.T.);
#280=COLOUR_RGB($,0.92156862745098,0.92156862745098,0.909803921568627);
#281=FILL_AREA_STYLE_COLOUR($,#280);
#282=FILL_AREA_STYLE($,(#281));
#283=SURFACE_STYLE_FILL_AREA(#282);
#284=SURFACE_SIDE_STYLE('',(#283));
#285=SURFACE_STYLE_USAGE(.BOTH.,#284);
#286=PRESENTATION_STYLE_ASSIGNMENT((#285));
#287=STYLED_ITEM('',(#286),#279);
#288=ADVANCED_FACE('',(#1205),#1207,.F.);
#289=COLOUR_RGB($,0.92156862745098,0.92156862745098,0.909803921568627);
#290=FILL_AREA_STYLE_COLOUR($,#289);
#291=FILL_AREA_STYLE($,(#290));
#292=SURFACE_STYLE_FILL_AREA(#291);
#293=SURFACE_SIDE_STYLE('',(#292));
#294=SURFACE_STYLE_USAGE(.BOTH.,#293);
#295=PRESENTATION_STYLE_ASSIGNMENT((#294));
#296=STYLED_ITEM('',(#295),#288);
#297=ADVANCED_FACE('',(#1212),#1214,.F.);
#298=COLOUR_RGB($,0.92156862745098,0.92156862745098,0.909803921568627);
#299=FILL_AREA_STYLE_COLOUR($,#298);
#300=FILL_AREA_STYLE($,(#299));
#301=SURFACE_STYLE_FILL_AREA(#300);
#302=SURFACE_SIDE_STYLE('',(#301));
#303=SURFACE_STYLE_USAGE(.BOTH.,#302);
#304=PRESENTATION_STYLE_ASSIGNMENT((#303));
#305=STYLED_ITEM('',(#304),#297);
#306=ADVANCED_FACE('',(#1219),#1221,.F.);
#307=COLOUR_RGB($,0.92156862745098,0.92156862745098,0.909803921568627);
#308=FILL_AREA_STYLE_COLOUR($,#307);
#309=FILL_AREA_STYLE($,(#308));
#310=SURFACE_STYLE_FILL_AREA(#309);
#311=SURFACE_SIDE_STYLE('',(#310));
#312=SURFACE_STYLE_USAGE(.BOTH.,#311);
#313=PRESENTATION_STYLE_ASSIGNMENT((#312));
#314=STYLED_ITEM('',(#313),#306);
#315=ADVANCED_FACE('',(#1226),#1228,.T.);
#316=COLOUR_RGB($,0.92156862745098,0.92156862745098,0.909803921568627);
#317=FILL_AREA_STYLE_COLOUR($,#316);
#318=FILL_AREA_STYLE($,(#317));
#319=SURFACE_STYLE_FILL_AREA(#318);
#320=SURFACE_SIDE_STYLE('',(#319));
#321=SURFACE_STYLE_USAGE(.BOTH.,#320);
#322=PRESENTATION_STYLE_ASSIGNMENT((#321));
#323=STYLED_ITEM('',(#322),#315);
#324=ADVANCED_FACE('',(#1233),#1235,.T.);
#325=COLOUR_RGB($,0.92156862745098,0.92156862745098,0.909803921568627);
#326=FILL_AREA_STYLE_COLOUR($,#325);
#327=FILL_AREA_STYLE($,(#326));
#328=SURFACE_STYLE_FILL_AREA(#327);
#329=SURFACE_SIDE_STYLE('',(#328));
#330=SURFACE_STYLE_USAGE(.BOTH.,#329);
#331=PRESENTATION_STYLE_ASSIGNMENT((#330));
#332=STYLED_ITEM('',(#331),#324);
#333=ADVANCED_FACE('',(#1240),#1242,.T.);
#334=COLOUR_RGB($,0.92156862745098,0.92156862745098,0.909803921568627);
#335=FILL_AREA_STYLE_COLOUR($,#334);
#336=FILL_AREA_STYLE($,(#335));
#337=SURFACE_STYLE_FILL_AREA(#336);
#338=SURFACE_SIDE_STYLE('',(#337));
#339=SURFACE_STYLE_USAGE(.BOTH.,#338);
#340=PRESENTATION_STYLE_ASSIGNMENT((#339));
#341=STYLED_ITEM('',(#340),#333);
#342=ADVANCED_FACE('',(#1247),#1249,.F.);
#343=COLOUR_RGB($,0.92156862745098,0.92156862745098,0.909803921568627);
#344=FILL_AREA_STYLE_COLOUR($,#343);
#345=FILL_AREA_STYLE($,(#344));
#346=SURFACE_STYLE_FILL_AREA(#345);
#347=SURFACE_SIDE_STYLE('',(#346));
#348=SURFACE_STYLE_USAGE(.BOTH.,#347);
#349=PRESENTATION_STYLE_ASSIGNMENT((#348));
#350=STYLED_ITEM('',(#349),#342);
#351=ADVANCED_FACE('',(#1254),#1256,.T.);
#352=COLOUR_RGB($,0.92156862745098,0.92156862745098,0.909803921568627);
#353=FILL_AREA_STYLE_COLOUR($,#352);
#354=FILL_AREA_STYLE($,(#353));
#355=SURFACE_STYLE_FILL_AREA(#354);
#356=SURFACE_SIDE_STYLE('',(#355));
#357=SURFACE_STYLE_USAGE(.BOTH.,#356);
#358=PRESENTATION_STYLE_ASSIGNMENT((#357));
#359=STYLED_ITEM('',(#358),#351);
#360=ADVANCED_FACE('',(#1261),#1263,.F.);
#361=COLOUR_RGB($,0.92156862745098,0.92156862745098,0.909803921568627);
#362=FILL_AREA_STYLE_COLOUR($,#361);
#363=FILL_AREA_STYLE($,(#362));
#364=SURFACE_STYLE_FILL_AREA(#363);
#365=SURFACE_SIDE_STYLE('',(#364));
#366=SURFACE_STYLE_USAGE(.BOTH.,#365);
#367=PRESENTATION_STYLE_ASSIGNMENT((#366));
#368=STYLED_ITEM('',(#367),#360);
#369=ADVANCED_FACE('',(#1268),#1270,.F.);
#370=COLOUR_RGB($,0.92156862745098,0.92156862745098,0.909803921568627);
#371=FILL_AREA_STYLE_COLOUR($,#370);
#372=FILL_AREA_STYLE($,(#371));
#373=SURFACE_STYLE_FILL_AREA(#372);
#374=SURFACE_SIDE_STYLE('',(#373));
#375=SURFACE_STYLE_USAGE(.BOTH.,#374);
#376=PRESENTATION_STYLE_ASSIGNMENT((#375));
#377=STYLED_ITEM('',(#376),#369);
#378=ADVANCED_FACE('',(#1275),#1277,.F.);
#379=COLOUR_RGB($,0.92156862745098,0.92156862745098,0.909803921568627);
#380=FILL_AREA_STYLE_COLOUR($,#379);
#381=FILL_AREA_STYLE($,(#380));
#382=SURFACE_STYLE_FILL_AREA(#381);
#383=SURFACE_SIDE_STYLE('',(#382));
#384=SURFACE_STYLE_USAGE(.BOTH.,#383);
#385=PRESENTATION_STYLE_ASSIGNMENT((#384));
#386=STYLED_ITEM('',(#385),#378);
#387=ADVANCED_FACE('',(#1282),#1284,.T.);
#388=COLOUR_RGB($,0.92156862745098,0.92156862745098,0.909803921568627);
#389=FILL_AREA_STYLE_COLOUR($,#388);
#390=FILL_AREA_STYLE($,(#389));
#391=SURFACE_STYLE_FILL_AREA(#390);
#392=SURFACE_SIDE_STYLE('',(#391));
#393=SURFACE_STYLE_USAGE(.BOTH.,#392);
#394=PRESENTATION_STYLE_ASSIGNMENT((#393));
#395=STYLED_ITEM('',(#394),#387);
#396=ADVANCED_FACE('',(#1289),#1291,.T.);
#397=COLOUR_RGB($,0.92156862745098,0.92156862745098,0.909803921568627);
#398=FILL_AREA_STYLE_COLOUR($,#397);
#399=FILL_AREA_STYLE($,(#398));
#400=SURFACE_STYLE_FILL_AREA(#399);
#401=SURFACE_SIDE_STYLE('',(#400));
#402=SURFACE_STYLE_USAGE(.BOTH.,#401);
#403=PRESENTATION_STYLE_ASSIGNMENT((#402));
#404=STYLED_ITEM('',(#403),#396);
#405=ADVANCED_FACE('',(#1296),#1298,.T.);
#406=COLOUR_RGB($,0.92156862745098,0.92156862745098,0.909803921568627);
#407=FILL_AREA_STYLE_COLOUR($,#406);
#408=FILL_AREA_STYLE($,(#407));
#409=SURFACE_STYLE_FILL_AREA(#408);
#410=SURFACE_SIDE_STYLE('',(#409));
#411=SURFACE_STYLE_USAGE(.BOTH.,#410);
#412=PRESENTATION_STYLE_ASSIGNMENT((#411));
#413=STYLED_ITEM('',(#412),#405);
#414=ADVANCED_FACE('',(#1303),#1305,.F.);
#415=COLOUR_RGB($,0.92156862745098,0.92156862745098,0.909803921568627);
#416=FILL_AREA_STYLE_COLOUR($,#415);
#417=FILL_AREA_STYLE($,(#416));
#418=SURFACE_STYLE_FILL_AREA(#417);
#419=SURFACE_SIDE_STYLE('',(#418));
#420=SURFACE_STYLE_USAGE(.BOTH.,#419);
#421=PRESENTATION_STYLE_ASSIGNMENT((#420));
#422=STYLED_ITEM('',(#421),#414);
#423=ADVANCED_FACE('',(#1310),#1312,.F.);
#424=COLOUR_RGB($,0.92156862745098,0.92156862745098,0.909803921568627);
#425=FILL_AREA_STYLE_COLOUR($,#424);
#426=FILL_AREA_STYLE($,(#425));
#427=SURFACE_STYLE_FILL_AREA(#426);
#428=SURFACE_SIDE_STYLE('',(#427));
#429=SURFACE_STYLE_USAGE(.BOTH.,#428);
#430=PRESENTATION_STYLE_ASSIGNMENT((#429));
#431=STYLED_ITEM('',(#430),#423);
#432=ADVANCED_FACE('',(#1317),#1319,.F.);
#433=COLOUR_RGB($,0.92156862745098,0.92156862745098,0.909803921568627);
#434=FILL_AREA_STYLE_COLOUR($,#433);
#435=FILL_AREA_STYLE($,(#434));
#436=SURFACE_STYLE_FILL_AREA(#435);
#437=SURFACE_SIDE_STYLE('',(#436));
#438=SURFACE_STYLE_USAGE(.BOTH.,#437);
#439=PRESENTATION_STYLE_ASSIGNMENT((#438));
#440=STYLED_ITEM('',(#439),#432);
#441=ADVANCED_FACE('',(#1324),#1326,.T.);
#442=COLOUR_RGB($,0.92156862745098,0.92156862745098,0.909803921568627);
#443=FILL_AREA_STYLE_COLOUR($,#442);
#444=FILL_AREA_STYLE($,(#443));
#445=SURFACE_STYLE_FILL_AREA(#444);
#446=SURFACE_SIDE_STYLE('',(#445));
#447=SURFACE_STYLE_USAGE(.BOTH.,#446);
#448=PRESENTATION_STYLE_ASSIGNMENT((#447));
#449=STYLED_ITEM('',(#448),#441);
#450=ADVANCED_FACE('',(#1331),#1333,.T.);
#451=COLOUR_RGB($,0.92156862745098,0.92156862745098,0.909803921568627);
#452=FILL_AREA_STYLE_COLOUR($,#451);
#453=FILL_AREA_STYLE($,(#452));
#454=SURFACE_STYLE_FILL_AREA(#453);
#455=SURFACE_SIDE_STYLE('',(#454));
#456=SURFACE_STYLE_USAGE(.BOTH.,#455);
#457=PRESENTATION_STYLE_ASSIGNMENT((#456));
#458=STYLED_ITEM('',(#457),#450);
#459=ADVANCED_FACE('',(#1338),#1340,.T.);
#460=COLOUR_RGB($,0.92156862745098,0.92156862745098,0.909803921568627);
#461=FILL_AREA_STYLE_COLOUR($,#460);
#462=FILL_AREA_STYLE($,(#461));
#463=SURFACE_STYLE_FILL_AREA(#462);
#464=SURFACE_SIDE_STYLE('',(#463));
#465=SURFACE_STYLE_USAGE(.BOTH.,#464);
#466=PRESENTATION_STYLE_ASSIGNMENT((#465));
#467=STYLED_ITEM('',(#466),#459);
#468=ADVANCED_FACE('',(#1345),#1347,.T.);
#469=COLOUR_RGB($,0.92156862745098,0.92156862745098,0.909803921568627);
#470=FILL_AREA_STYLE_COLOUR($,#469);
#471=FILL_AREA_STYLE($,(#470));
#472=SURFACE_STYLE_FILL_AREA(#471);
#473=SURFACE_SIDE_STYLE('',(#472));
#474=SURFACE_STYLE_USAGE(.BOTH.,#473);
#475=PRESENTATION_STYLE_ASSIGNMENT((#474));
#476=STYLED_ITEM('',(#475),#468);
#477=ADVANCED_FACE('',(#1352),#1354,.T.);
#478=COLOUR_RGB($,0.92156862745098,0.92156862745098,0.909803921568627);
#479=FILL_AREA_STYLE_COLOUR($,#478);
#480=FILL_AREA_STYLE($,(#479));
#481=SURFACE_STYLE_FILL_AREA(#480);
#482=SURFACE_SIDE_STYLE('',(#481));
#483=SURFACE_STYLE_USAGE(.BOTH.,#482);
#484=PRESENTATION_STYLE_ASSIGNMENT((#483));
#485=STYLED_ITEM('',(#484),#477);
#486=ADVANCED_FACE('',(#1359),#1361,.T.);
#487=COLOUR_RGB($,0.92156862745098,0.92156862745098,0.909803921568627);
#488=FILL_AREA_STYLE_COLOUR($,#487);
#489=FILL_AREA_STYLE($,(#488));
#490=SURFACE_STYLE_FILL_AREA(#489);
#491=SURFACE_SIDE_STYLE('',(#490));
#492=SURFACE_STYLE_USAGE(.BOTH.,#491);
#493=PRESENTATION_STYLE_ASSIGNMENT((#492));
#494=STYLED_ITEM('',(#493),#486);
#495=ADVANCED_FACE('',(#1366),#1368,.T.);
#496=COLOUR_RGB($,0.92156862745098,0.92156862745098,0.909803921568627);
#497=FILL_AREA_STYLE_COLOUR($,#496);
#498=FILL_AREA_STYLE($,(#497));
#499=SURFACE_STYLE_FILL_AREA(#498);
#500=SURFACE_SIDE_STYLE('',(#499));
#501=SURFACE_STYLE_USAGE(.BOTH.,#500);
#502=PRESENTATION_STYLE_ASSIGNMENT((#501));
#503=STYLED_ITEM('',(#502),#495);
#504=ADVANCED_FACE('',(#1373),#1375,.T.);
#505=COLOUR_RGB($,0.92156862745098,0.92156862745098,0.909803921568627);
#506=FILL_AREA_STYLE_COLOUR($,#505);
#507=FILL_AREA_STYLE($,(#506));
#508=SURFACE_STYLE_FILL_AREA(#507);
#509=SURFACE_SIDE_STYLE('',(#508));
#510=SURFACE_STYLE_USAGE(.BOTH.,#509);
#511=PRESENTATION_STYLE_ASSIGNMENT((#510));
#512=STYLED_ITEM('',(#511),#504);
#513=ADVANCED_FACE('',(#1380),#1382,.F.);
#514=COLOUR_RGB($,0.92156862745098,0.92156862745098,0.909803921568627);
#515=FILL_AREA_STYLE_COLOUR($,#514);
#516=FILL_AREA_STYLE($,(#515));
#517=SURFACE_STYLE_FILL_AREA(#516);
#518=SURFACE_SIDE_STYLE('',(#517));
#519=SURFACE_STYLE_USAGE(.BOTH.,#518);
#520=PRESENTATION_STYLE_ASSIGNMENT((#519));
#521=STYLED_ITEM('',(#520),#513);
#522=ADVANCED_FACE('',(#1387),#1389,.T.);
#523=COLOUR_RGB($,0.92156862745098,0.92156862745098,0.909803921568627);
#524=FILL_AREA_STYLE_COLOUR($,#523);
#525=FILL_AREA_STYLE($,(#524));
#526=SURFACE_STYLE_FILL_AREA(#525);
#527=SURFACE_SIDE_STYLE('',(#526));
#528=SURFACE_STYLE_USAGE(.BOTH.,#527);
#529=PRESENTATION_STYLE_ASSIGNMENT((#528));
#530=STYLED_ITEM('',(#529),#522);
#531=ADVANCED_FACE('',(#1394),#1396,.T.);
#532=COLOUR_RGB($,0.92156862745098,0.92156862745098,0.909803921568627);
#533=FILL_AREA_STYLE_COLOUR($,#532);
#534=FILL_AREA_STYLE($,(#533));
#535=SURFACE_STYLE_FILL_AREA(#534);
#536=SURFACE_SIDE_STYLE('',(#535));
#537=SURFACE_STYLE_USAGE(.BOTH.,#536);
#538=PRESENTATION_STYLE_ASSIGNMENT((#537));
#539=STYLED_ITEM('',(#538),#531);
#540=ADVANCED_FACE('',(#1401),#1403,.T.);
#541=COLOUR_RGB($,0.92156862745098,0.92156862745098,0.909803921568627);
#542=FILL_AREA_STYLE_COLOUR($,#541);
#543=FILL_AREA_STYLE($,(#542));
#544=SURFACE_STYLE_FILL_AREA(#543);
#545=SURFACE_SIDE_STYLE('',(#544));
#546=SURFACE_STYLE_USAGE(.BOTH.,#545);
#547=PRESENTATION_STYLE_ASSIGNMENT((#546));
#548=STYLED_ITEM('',(#547),#540);
#549=ADVANCED_FACE('',(#1408),#1410,.T.);
#550=COLOUR_RGB($,0.92156862745098,0.92156862745098,0.909803921568627);
#551=FILL_AREA_STYLE_COLOUR($,#550);
#552=FILL_AREA_STYLE($,(#551));
#553=SURFACE_STYLE_FILL_AREA(#552);
#554=SURFACE_SIDE_STYLE('',(#553));
#555=SURFACE_STYLE_USAGE(.BOTH.,#554);
#556=PRESENTATION_STYLE_ASSIGNMENT((#555));
#557=STYLED_ITEM('',(#556),#549);
#558=ADVANCED_FACE('',(#1415),#1417,.T.);
#559=COLOUR_RGB($,0.92156862745098,0.92156862745098,0.909803921568627);
#560=FILL_AREA_STYLE_COLOUR($,#559);
#561=FILL_AREA_STYLE($,(#560));
#562=SURFACE_STYLE_FILL_AREA(#561);
#563=SURFACE_SIDE_STYLE('',(#562));
#564=SURFACE_STYLE_USAGE(.BOTH.,#563);
#565=PRESENTATION_STYLE_ASSIGNMENT((#564));
#566=STYLED_ITEM('',(#565),#558);
#567=ADVANCED_FACE('',(#1422),#1424,.T.);
#568=COLOUR_RGB($,0.92156862745098,0.92156862745098,0.909803921568627);
#569=FILL_AREA_STYLE_COLOUR($,#568);
#570=FILL_AREA_STYLE($,(#569));
#571=SURFACE_STYLE_FILL_AREA(#570);
#572=SURFACE_SIDE_STYLE('',(#571));
#573=SURFACE_STYLE_USAGE(.BOTH.,#572);
#574=PRESENTATION_STYLE_ASSIGNMENT((#573));
#575=STYLED_ITEM('',(#574),#567);
#576=ADVANCED_FACE('',(#1429),#1431,.T.);
#577=COLOUR_RGB($,0.92156862745098,0.92156862745098,0.909803921568627);
#578=FILL_AREA_STYLE_COLOUR($,#577);
#579=FILL_AREA_STYLE($,(#578));
#580=SURFACE_STYLE_FILL_AREA(#579);
#581=SURFACE_SIDE_STYLE('',(#580));
#582=SURFACE_STYLE_USAGE(.BOTH.,#581);
#583=PRESENTATION_STYLE_ASSIGNMENT((#582));
#584=STYLED_ITEM('',(#583),#576);
#585=ADVANCED_FACE('',(#1436),#1438,.F.);
#586=COLOUR_RGB($,0.92156862745098,0.92156862745098,0.909803921568627);
#587=FILL_AREA_STYLE_COLOUR($,#586);
#588=FILL_AREA_STYLE($,(#587));
#589=SURFACE_STYLE_FILL_AREA(#588);
#590=SURFACE_SIDE_STYLE('',(#589));
#591=SURFACE_STYLE_USAGE(.BOTH.,#590);
#592=PRESENTATION_STYLE_ASSIGNMENT((#591));
#593=STYLED_ITEM('',(#592),#585);
#594=ADVANCED_FACE('',(#1443),#1445,.T.);
#595=COLOUR_RGB($,0.92156862745098,0.92156862745098,0.909803921568627);
#596=FILL_AREA_STYLE_COLOUR($,#595);
#597=FILL_AREA_STYLE($,(#596));
#598=SURFACE_STYLE_FILL_AREA(#597);
#599=SURFACE_SIDE_STYLE('',(#598));
#600=SURFACE_STYLE_USAGE(.BOTH.,#599);
#601=PRESENTATION_STYLE_ASSIGNMENT((#600));
#602=STYLED_ITEM('',(#601),#594);
#603=ADVANCED_FACE('',(#1450),#1452,.T.);
#604=COLOUR_RGB($,0.92156862745098,0.92156862745098,0.909803921568627);
#605=FILL_AREA_STYLE_COLOUR($,#604);
#606=FILL_AREA_STYLE($,(#605));
#607=SURFACE_STYLE_FILL_AREA(#606);
#608=SURFACE_SIDE_STYLE('',(#607));
#609=SURFACE_STYLE_USAGE(.BOTH.,#608);
#610=PRESENTATION_STYLE_ASSIGNMENT((#609));
#611=STYLED_ITEM('',(#610),#603);
#612=ADVANCED_FACE('',(#1457),#1459,.T.);
#613=COLOUR_RGB($,0.92156862745098,0.92156862745098,0.909803921568627);
#614=FILL_AREA_STYLE_COLOUR($,#613);
#615=FILL_AREA_STYLE($,(#614));
#616=SURFACE_STYLE_FILL_AREA(#615);
#617=SURFACE_SIDE_STYLE('',(#616));
#618=SURFACE_STYLE_USAGE(.BOTH.,#617);
#619=PRESENTATION_STYLE_ASSIGNMENT((#618));
#620=STYLED_ITEM('',(#619),#612);
#621=ADVANCED_FACE('',(#1464),#1466,.T.);
#622=COLOUR_RGB($,0.92156862745098,0.92156862745098,0.909803921568627);
#623=FILL_AREA_STYLE_COLOUR($,#622);
#624=FILL_AREA_STYLE($,(#623));
#625=SURFACE_STYLE_FILL_AREA(#624);
#626=SURFACE_SIDE_STYLE('',(#625));
#627=SURFACE_STYLE_USAGE(.BOTH.,#626);
#628=PRESENTATION_STYLE_ASSIGNMENT((#627));
#629=STYLED_ITEM('',(#628),#621);
#630=ADVANCED_FACE('',(#1471),#1473,.F.);
#631=COLOUR_RGB($,0.92156862745098,0.92156862745098,0.909803921568627);
#632=FILL_AREA_STYLE_COLOUR($,#631);
#633=FILL_AREA_STYLE($,(#632));
#634=SURFACE_STYLE_FILL_AREA(#633);
#635=SURFACE_SIDE_STYLE('',(#634));
#636=SURFACE_STYLE_USAGE(.BOTH.,#635);
#637=PRESENTATION_STYLE_ASSIGNMENT((#636));
#638=STYLED_ITEM('',(#637),#630);
#639=ADVANCED_FACE('',(#1478),#1480,.F.);
#640=COLOUR_RGB($,0.92156862745098,0.92156862745098,0.909803921568627);
#641=FILL_AREA_STYLE_COLOUR($,#640);
#642=FILL_AREA_STYLE($,(#641));
#643=SURFACE_STYLE_FILL_AREA(#642);
#644=SURFACE_SIDE_STYLE('',(#643));
#645=SURFACE_STYLE_USAGE(.BOTH.,#644);
#646=PRESENTATION_STYLE_ASSIGNMENT((#645));
#647=STYLED_ITEM('',(#646),#639);
#648=ADVANCED_FACE('',(#1485),#1487,.F.);
#649=COLOUR_RGB($,0.92156862745098,0.92156862745098,0.909803921568627);
#650=FILL_AREA_STYLE_COLOUR($,#649);
#651=FILL_AREA_STYLE($,(#650));
#652=SURFACE_STYLE_FILL_AREA(#651);
#653=SURFACE_SIDE_STYLE('',(#652));
#654=SURFACE_STYLE_USAGE(.BOTH.,#653);
#655=PRESENTATION_STYLE_ASSIGNMENT((#654));
#656=STYLED_ITEM('',(#655),#648);
#657=ADVANCED_FACE('',(#1492),#1494,.F.);
#658=COLOUR_RGB($,0.92156862745098,0.92156862745098,0.909803921568627);
#659=FILL_AREA_STYLE_COLOUR($,#658);
#660=FILL_AREA_STYLE($,(#659));
#661=SURFACE_STYLE_FILL_AREA(#660);
#662=SURFACE_SIDE_STYLE('',(#661));
#663=SURFACE_STYLE_USAGE(.BOTH.,#662);
#664=PRESENTATION_STYLE_ASSIGNMENT((#663));
#665=STYLED_ITEM('',(#664),#657);
#666=ADVANCED_FACE('',(#1499),#1501,.F.);
#667=COLOUR_RGB($,0.92156862745098,0.92156862745098,0.909803921568627);
#668=FILL_AREA_STYLE_COLOUR($,#667);
#669=FILL_AREA_STYLE($,(#668));
#670=SURFACE_STYLE_FILL_AREA(#669);
#671=SURFACE_SIDE_STYLE('',(#670));
#672=SURFACE_STYLE_USAGE(.BOTH.,#671);
#673=PRESENTATION_STYLE_ASSIGNMENT((#672));
#674=STYLED_ITEM('',(#673),#666);
#675=ADVANCED_FACE('',(#1506),#1508,.T.);
#676=COLOUR_RGB($,0.92156862745098,0.92156862745098,0.909803921568627);
#677=FILL_AREA_STYLE_COLOUR($,#676);
#678=FILL_AREA_STYLE($,(#677));
#679=SURFACE_STYLE_FILL_AREA(#678);
#680=SURFACE_SIDE_STYLE('',(#679));
#681=SURFACE_STYLE_USAGE(.BOTH.,#680);
#682=PRESENTATION_STYLE_ASSIGNMENT((#681));
#683=STYLED_ITEM('',(#682),#675);
#684=ADVANCED_FACE('',(#1513),#1515,.T.);
#685=COLOUR_RGB($,0.92156862745098,0.92156862745098,0.909803921568627);
#686=FILL_AREA_STYLE_COLOUR($,#685);
#687=FILL_AREA_STYLE($,(#686));
#688=SURFACE_STYLE_FILL_AREA(#687);
#689=SURFACE_SIDE_STYLE('',(#688));
#690=SURFACE_STYLE_USAGE(.BOTH.,#689);
#691=PRESENTATION_STYLE_ASSIGNMENT((#690));
#692=STYLED_ITEM('',(#691),#684);
#693=ADVANCED_FACE('',(#1520),#1522,.F.);
#694=COLOUR_RGB($,0.92156862745098,0.92156862745098,0.909803921568627);
#695=FILL_AREA_STYLE_COLOUR($,#694);
#696=FILL_AREA_STYLE($,(#695));
#697=SURFACE_STYLE_FILL_AREA(#696);
#698=SURFACE_SIDE_STYLE('',(#697));
#699=SURFACE_STYLE_USAGE(.BOTH.,#698);
#700=PRESENTATION_STYLE_ASSIGNMENT((#699));
#701=STYLED_ITEM('',(#700),#693);
#702=ADVANCED_FACE('',(#1527),#1529,.F.);
#703=COLOUR_RGB($,0.92156862745098,0.92156862745098,0.909803921568627);
#704=FILL_AREA_STYLE_COLOUR($,#703);
#705=FILL_AREA_STYLE($,(#704));
#706=SURFACE_STYLE_FILL_AREA(#705);
#707=SURFACE_SIDE_STYLE('',(#706));
#708=SURFACE_STYLE_USAGE(.BOTH.,#707);
#709=PRESENTATION_STYLE_ASSIGNMENT((#708));
#710=STYLED_ITEM('',(#709),#702);
#711=ADVANCED_FACE('',(#1534),#1536,.F.);
#712=COLOUR_RGB($,0.92156862745098,0.92156862745098,0.909803921568627);
#713=FILL_AREA_STYLE_COLOUR($,#712);
#714=FILL_AREA_STYLE($,(#713));
#715=SURFACE_STYLE_FILL_AREA(#714);
#716=SURFACE_SIDE_STYLE('',(#715));
#717=SURFACE_STYLE_USAGE(.BOTH.,#716);
#718=PRESENTATION_STYLE_ASSIGNMENT((#717));
#719=STYLED_ITEM('',(#718),#711);
#720=ADVANCED_FACE('',(#1541),#1543,.F.);
#721=COLOUR_RGB($,0.92156862745098,0.92156862745098,0.909803921568627);
#722=FILL_AREA_STYLE_COLOUR($,#721);
#723=FILL_AREA_STYLE($,(#722));
#724=SURFACE_STYLE_FILL_AREA(#723);
#725=SURFACE_SIDE_STYLE('',(#724));
#726=SURFACE_STYLE_USAGE(.BOTH.,#725);
#727=PRESENTATION_STYLE_ASSIGNMENT((#726));
#728=STYLED_ITEM('',(#727),#720);
#729=ADVANCED_FACE('',(#1548),#1550,.F.);
#730=COLOUR_RGB($,0.92156862745098,0.92156862745098,0.909803921568627);
#731=FILL_AREA_STYLE_COLOUR($,#730);
#732=FILL_AREA_STYLE($,(#731));
#733=SURFACE_STYLE_FILL_AREA(#732);
#734=SURFACE_SIDE_STYLE('',(#733));
#735=SURFACE_STYLE_USAGE(.BOTH.,#734);
#736=PRESENTATION_STYLE_ASSIGNMENT((#735));
#737=STYLED_ITEM('',(#736),#729);
#738=ADVANCED_FACE('',(#1555),#1557,.T.);
#739=COLOUR_RGB($,0.92156862745098,0.92156862745098,0.909803921568627);
#740=FILL_AREA_STYLE_COLOUR($,#739);
#741=FILL_AREA_STYLE($,(#740));
#742=SURFACE_STYLE_FILL_AREA(#741);
#743=SURFACE_SIDE_STYLE('',(#742));
#744=SURFACE_STYLE_USAGE(.BOTH.,#743);
#745=PRESENTATION_STYLE_ASSIGNMENT((#744));
#746=STYLED_ITEM('',(#745),#738);
#747=ADVANCED_FACE('',(#1562),#1564,.T.);
#748=COLOUR_RGB($,0.92156862745098,0.92156862745098,0.909803921568627);
#749=FILL_AREA_STYLE_COLOUR($,#748);
#750=FILL_AREA_STYLE($,(#749));
#751=SURFACE_STYLE_FILL_AREA(#750);
#752=SURFACE_SIDE_STYLE('',(#751));
#753=SURFACE_STYLE_USAGE(.BOTH.,#752);
#754=PRESENTATION_STYLE_ASSIGNMENT((#753));
#755=STYLED_ITEM('',(#754),#747);
#756=ADVANCED_FACE('',(#1569),#1571,.F.);
#757=COLOUR_RGB($,0.92156862745098,0.92156862745098,0.909803921568627);
#758=FILL_AREA_STYLE_COLOUR($,#757);
#759=FILL_AREA_STYLE($,(#758));
#760=SURFACE_STYLE_FILL_AREA(#759);
#761=SURFACE_SIDE_STYLE('',(#760));
#762=SURFACE_STYLE_USAGE(.BOTH.,#761);
#763=PRESENTATION_STYLE_ASSIGNMENT((#762));
#764=STYLED_ITEM('',(#763),#756);
#765=ADVANCED_FACE('',(#1576),#1578,.F.);
#766=COLOUR_RGB($,0.92156862745098,0.92156862745098,0.909803921568627);
#767=FILL_AREA_STYLE_COLOUR($,#766);
#768=FILL_AREA_STYLE($,(#767));
#769=SURFACE_STYLE_FILL_AREA(#768);
#770=SURFACE_SIDE_STYLE('',(#769));
#771=SURFACE_STYLE_USAGE(.BOTH.,#770);
#772=PRESENTATION_STYLE_ASSIGNMENT((#771));
#773=STYLED_ITEM('',(#772),#765);
#774=ADVANCED_FACE('',(#1583),#1585,.T.);
#775=COLOUR_RGB($,0.92156862745098,0.92156862745098,0.909803921568627);
#776=FILL_AREA_STYLE_COLOUR($,#775);
#777=FILL_AREA_STYLE($,(#776));
#778=SURFACE_STYLE_FILL_AREA(#777);
#779=SURFACE_SIDE_STYLE('',(#778));
#780=SURFACE_STYLE_USAGE(.BOTH.,#779);
#781=PRESENTATION_STYLE_ASSIGNMENT((#780));
#782=STYLED_ITEM('',(#781),#774);
#783=ADVANCED_FACE('',(#1590),#1592,.F.);
#784=COLOUR_RGB($,0.92156862745098,0.92156862745098,0.909803921568627);
#785=FILL_AREA_STYLE_COLOUR($,#784);
#786=FILL_AREA_STYLE($,(#785));
#787=SURFACE_STYLE_FILL_AREA(#786);
#788=SURFACE_SIDE_STYLE('',(#787));
#789=SURFACE_STYLE_USAGE(.BOTH.,#788);
#790=PRESENTATION_STYLE_ASSIGNMENT((#789));
#791=STYLED_ITEM('',(#790),#783);
#792=ADVANCED_FACE('',(#1597),#1599,.F.);
#793=COLOUR_RGB($,0.92156862745098,0.92156862745098,0.909803921568627);
#794=FILL_AREA_STYLE_COLOUR($,#793);
#795=FILL_AREA_STYLE($,(#794));
#796=SURFACE_STYLE_FILL_AREA(#795);
#797=SURFACE_SIDE_STYLE('',(#796));
#798=SURFACE_STYLE_USAGE(.BOTH.,#797);
#799=PRESENTATION_STYLE_ASSIGNMENT((#798));
#800=STYLED_ITEM('',(#799),#792);
#801=ADVANCED_FACE('',(#1604),#1606,.F.);
#802=COLOUR_RGB($,0.92156862745098,0.92156862745098,0.909803921568627);
#803=FILL_AREA_STYLE_COLOUR($,#802);
#804=FILL_AREA_STYLE($,(#803));
#805=SURFACE_STYLE_FILL_AREA(#804);
#806=SURFACE_SIDE_STYLE('',(#805));
#807=SURFACE_STYLE_USAGE(.BOTH.,#806);
#808=PRESENTATION_STYLE_ASSIGNMENT((#807));
#809=STYLED_ITEM('',(#808),#801);
#810=ADVANCED_FACE('',(#1611),#1613,.F.);
#811=COLOUR_RGB($,0.92156862745098,0.92156862745098,0.909803921568627);
#812=FILL_AREA_STYLE_COLOUR($,#811);
#813=FILL_AREA_STYLE($,(#812));
#814=SURFACE_STYLE_FILL_AREA(#813);
#815=SURFACE_SIDE_STYLE('',(#814));
#816=SURFACE_STYLE_USAGE(.BOTH.,#815);
#817=PRESENTATION_STYLE_ASSIGNMENT((#816));
#818=STYLED_ITEM('',(#817),#810);
#819=ADVANCED_FACE('',(#1618),#1620,.F.);
#820=COLOUR_RGB($,0.92156862745098,0.92156862745098,0.909803921568627);
#821=FILL_AREA_STYLE_COLOUR($,#820);
#822=FILL_AREA_STYLE($,(#821));
#823=SURFACE_STYLE_FILL_AREA(#822);
#824=SURFACE_SIDE_STYLE('',(#823));
#825=SURFACE_STYLE_USAGE(.BOTH.,#824);
#826=PRESENTATION_STYLE_ASSIGNMENT((#825));
#827=STYLED_ITEM('',(#826),#819);
#828=ADVANCED_FACE('',(#1625),#1627,.F.);
#829=COLOUR_RGB($,0.92156862745098,0.92156862745098,0.909803921568627);
#830=FILL_AREA_STYLE_COLOUR($,#829);
#831=FILL_AREA_STYLE($,(#830));
#832=SURFACE_STYLE_FILL_AREA(#831);
#833=SURFACE_SIDE_STYLE('',(#832));
#834=SURFACE_STYLE_USAGE(.BOTH.,#833);
#835=PRESENTATION_STYLE_ASSIGNMENT((#834));
#836=STYLED_ITEM('',(#835),#828);
#837=ADVANCED_FACE('',(#1632),#1634,.T.);
#838=COLOUR_RGB($,0.827450980392157,0.831372549019608,0.835294117647059);
#839=FILL_AREA_STYLE_COLOUR($,#838);
#840=FILL_AREA_STYLE($,(#839));
#841=SURFACE_STYLE_FILL_AREA(#840);
#842=SURFACE_SIDE_STYLE('',(#841));
#843=SURFACE_STYLE_USAGE(.BOTH.,#842);
#844=PRESENTATION_STYLE_ASSIGNMENT((#843));
#845=STYLED_ITEM('',(#844),#837);
#846=ADVANCED_FACE('',(#1639),#1641,.T.);
#847=COLOUR_RGB($,0.827450980392157,0.831372549019608,0.835294117647059);
#848=FILL_AREA_STYLE_COLOUR($,#847);
#849=FILL_AREA_STYLE($,(#848));
#850=SURFACE_STYLE_FILL_AREA(#849);
#851=SURFACE_SIDE_STYLE('',(#850));
#852=SURFACE_STYLE_USAGE(.BOTH.,#851);
#853=PRESENTATION_STYLE_ASSIGNMENT((#852));
#854=STYLED_ITEM('',(#853),#846);
#855=ADVANCED_FACE('',(#1646),#1648,.T.);
#856=COLOUR_RGB($,0.827450980392157,0.831372549019608,0.835294117647059);
#857=FILL_AREA_STYLE_COLOUR($,#856);
#858=FILL_AREA_STYLE($,(#857));
#859=SURFACE_STYLE_FILL_AREA(#858);
#860=SURFACE_SIDE_STYLE('',(#859));
#861=SURFACE_STYLE_USAGE(.BOTH.,#860);
#862=PRESENTATION_STYLE_ASSIGNMENT((#861));
#863=STYLED_ITEM('',(#862),#855);
#864=ADVANCED_FACE('',(#1653),#1655,.T.);
#865=COLOUR_RGB($,0.827450980392157,0.831372549019608,0.835294117647059);
#866=FILL_AREA_STYLE_COLOUR($,#865);
#867=FILL_AREA_STYLE($,(#866));
#868=SURFACE_STYLE_FILL_AREA(#867);
#869=SURFACE_SIDE_STYLE('',(#868));
#870=SURFACE_STYLE_USAGE(.BOTH.,#869);
#871=PRESENTATION_STYLE_ASSIGNMENT((#870));
#872=STYLED_ITEM('',(#871),#864);
#873=ADVANCED_FACE('',(#1660),#1662,.F.);
#874=COLOUR_RGB($,0.827450980392157,0.831372549019608,0.835294117647059);
#875=FILL_AREA_STYLE_COLOUR($,#874);
#876=FILL_AREA_STYLE($,(#875));
#877=SURFACE_STYLE_FILL_AREA(#876);
#878=SURFACE_SIDE_STYLE('',(#877));
#879=SURFACE_STYLE_USAGE(.BOTH.,#878);
#880=PRESENTATION_STYLE_ASSIGNMENT((#879));
#881=STYLED_ITEM('',(#880),#873);
#882=ADVANCED_FACE('',(#1667),#1669,.F.);
#883=COLOUR_RGB($,0.827450980392157,0.831372549019608,0.835294117647059);
#884=FILL_AREA_STYLE_COLOUR($,#883);
#885=FILL_AREA_STYLE($,(#884));
#886=SURFACE_STYLE_FILL_AREA(#885);
#887=SURFACE_SIDE_STYLE('',(#886));
#888=SURFACE_STYLE_USAGE(.BOTH.,#887);
#889=PRESENTATION_STYLE_ASSIGNMENT((#888));
#890=STYLED_ITEM('',(#889),#882);
#891=ADVANCED_FACE('',(#1674),#1676,.T.);
#892=COLOUR_RGB($,0.827450980392157,0.831372549019608,0.835294117647059);
#893=FILL_AREA_STYLE_COLOUR($,#892);
#894=FILL_AREA_STYLE($,(#893));
#895=SURFACE_STYLE_FILL_AREA(#894);
#896=SURFACE_SIDE_STYLE('',(#895));
#897=SURFACE_STYLE_USAGE(.BOTH.,#896);
#898=PRESENTATION_STYLE_ASSIGNMENT((#897));
#899=STYLED_ITEM('',(#898),#891);
#900=ADVANCED_FACE('',(#1681),#1683,.T.);
#901=COLOUR_RGB($,0.827450980392157,0.831372549019608,0.835294117647059);
#902=FILL_AREA_STYLE_COLOUR($,#901);
#903=FILL_AREA_STYLE($,(#902));
#904=SURFACE_STYLE_FILL_AREA(#903);
#905=SURFACE_SIDE_STYLE('',(#904));
#906=SURFACE_STYLE_USAGE(.BOTH.,#905);
#907=PRESENTATION_STYLE_ASSIGNMENT((#906));
#908=STYLED_ITEM('',(#907),#900);
#909=ADVANCED_FACE('',(#1688),#1690,.T.);
#910=COLOUR_RGB($,0.827450980392157,0.831372549019608,0.835294117647059);
#911=FILL_AREA_STYLE_COLOUR($,#910);
#912=FILL_AREA_STYLE($,(#911));
#913=SURFACE_STYLE_FILL_AREA(#912);
#914=SURFACE_SIDE_STYLE('',(#913));
#915=SURFACE_STYLE_USAGE(.BOTH.,#914);
#916=PRESENTATION_STYLE_ASSIGNMENT((#915));
#917=STYLED_ITEM('',(#916),#909);
#918=ADVANCED_FACE('',(#1695),#1697,.T.);
#919=COLOUR_RGB($,0.827450980392157,0.831372549019608,0.835294117647059);
#920=FILL_AREA_STYLE_COLOUR($,#919);
#921=FILL_AREA_STYLE($,(#920));
#922=SURFACE_STYLE_FILL_AREA(#921);
#923=SURFACE_SIDE_STYLE('',(#922));
#924=SURFACE_STYLE_USAGE(.BOTH.,#923);
#925=PRESENTATION_STYLE_ASSIGNMENT((#924));
#926=STYLED_ITEM('',(#925),#918);
#927=ADVANCED_FACE('',(#1702),#1704,.F.);
#928=COLOUR_RGB($,0.827450980392157,0.831372549019608,0.835294117647059);
#929=FILL_AREA_STYLE_COLOUR($,#928);
#930=FILL_AREA_STYLE($,(#929));
#931=SURFACE_STYLE_FILL_AREA(#930);
#932=SURFACE_SIDE_STYLE('',(#931));
#933=SURFACE_STYLE_USAGE(.BOTH.,#932);
#934=PRESENTATION_STYLE_ASSIGNMENT((#933));
#935=STYLED_ITEM('',(#934),#927);
#936=ADVANCED_FACE('',(#1709),#1711,.F.);
#937=COLOUR_RGB($,0.827450980392157,0.831372549019608,0.835294117647059);
#938=FILL_AREA_STYLE_COLOUR($,#937);
#939=FILL_AREA_STYLE($,(#938));
#940=SURFACE_STYLE_FILL_AREA(#939);
#941=SURFACE_SIDE_STYLE('',(#940));
#942=SURFACE_STYLE_USAGE(.BOTH.,#941);
#943=PRESENTATION_STYLE_ASSIGNMENT((#942));
#944=STYLED_ITEM('',(#943),#936);
#945=ADVANCED_FACE('',(#1716),#1718,.F.);
#946=COLOUR_RGB($,0.827450980392157,0.831372549019608,0.835294117647059);
#947=FILL_AREA_STYLE_COLOUR($,#946);
#948=FILL_AREA_STYLE($,(#947));
#949=SURFACE_STYLE_FILL_AREA(#948);
#950=SURFACE_SIDE_STYLE('',(#949));
#951=SURFACE_STYLE_USAGE(.BOTH.,#950);
#952=PRESENTATION_STYLE_ASSIGNMENT((#951));
#953=STYLED_ITEM('',(#952),#945);
#954=ADVANCED_FACE('',(#1723),#1725,.F.);
#955=COLOUR_RGB($,0.827450980392157,0.831372549019608,0.835294117647059);
#956=FILL_AREA_STYLE_COLOUR($,#955);
#957=FILL_AREA_STYLE($,(#956));
#958=SURFACE_STYLE_FILL_AREA(#957);
#959=SURFACE_SIDE_STYLE('',(#958));
#960=SURFACE_STYLE_USAGE(.BOTH.,#959);
#961=PRESENTATION_STYLE_ASSIGNMENT((#960));
#962=STYLED_ITEM('',(#961),#954);
#963=ADVANCED_FACE('',(#1730),#1732,.T.);
#964=COLOUR_RGB($,0.827450980392157,0.831372549019608,0.835294117647059);
#965=FILL_AREA_STYLE_COLOUR($,#964);
#966=FILL_AREA_STYLE($,(#965));
#967=SURFACE_STYLE_FILL_AREA(#966);
#968=SURFACE_SIDE_STYLE('',(#967));
#969=SURFACE_STYLE_USAGE(.BOTH.,#968);
#970=PRESENTATION_STYLE_ASSIGNMENT((#969));
#971=STYLED_ITEM('',(#970),#963);
#972=ADVANCED_FACE('',(#1737),#1739,.T.);
#973=COLOUR_RGB($,0.827450980392157,0.831372549019608,0.835294117647059);
#974=FILL_AREA_STYLE_COLOUR($,#973);
#975=FILL_AREA_STYLE($,(#974));
#976=SURFACE_STYLE_FILL_AREA(#975);
#977=SURFACE_SIDE_STYLE('',(#976));
#978=SURFACE_STYLE_USAGE(.BOTH.,#977);
#979=PRESENTATION_STYLE_ASSIGNMENT((#978));
#980=STYLED_ITEM('',(#979),#972);
#981=ADVANCED_FACE('',(#1744),#1746,.T.);
#982=COLOUR_RGB($,0.827450980392157,0.831372549019608,0.835294117647059);
#983=FILL_AREA_STYLE_COLOUR($,#982);
#984=FILL_AREA_STYLE($,(#983));
#985=SURFACE_STYLE_FILL_AREA(#984);
#986=SURFACE_SIDE_STYLE('',(#985));
#987=SURFACE_STYLE_USAGE(.BOTH.,#986);
#988=PRESENTATION_STYLE_ASSIGNMENT((#987));
#989=STYLED_ITEM('',(#988),#981);
#990=ADVANCED_FACE('',(#1751),#1753,.T.);
#991=COLOUR_RGB($,0.827450980392157,0.831372549019608,0.835294117647059);
#992=FILL_AREA_STYLE_COLOUR($,#991);
#993=FILL_AREA_STYLE($,(#992));
#994=SURFACE_STYLE_FILL_AREA(#993);
#995=SURFACE_SIDE_STYLE('',(#994));
#996=SURFACE_STYLE_USAGE(.BOTH.,#995);
#997=PRESENTATION_STYLE_ASSIGNMENT((#996));
#998=STYLED_ITEM('',(#997),#990);
#999=ADVANCED_FACE('',(#1758),#1760,.T.);
#1000=COLOUR_RGB($,0.827450980392157,0.831372549019608,0.835294117647059);
#1001=FILL_AREA_STYLE_COLOUR($,#1000);
#1002=FILL_AREA_STYLE($,(#1001));
#1003=SURFACE_STYLE_FILL_AREA(#1002);
#1004=SURFACE_SIDE_STYLE('',(#1003));
#1005=SURFACE_STYLE_USAGE(.BOTH.,#1004);
#1006=PRESENTATION_STYLE_ASSIGNMENT((#1005));
#1007=STYLED_ITEM('',(#1006),#999);
#1008=ADVANCED_FACE('',(#1765),#1767,.T.);
#1009=COLOUR_RGB($,0.827450980392157,0.831372549019608,0.835294117647059);
#1010=FILL_AREA_STYLE_COLOUR($,#1009);
#1011=FILL_AREA_STYLE($,(#1010));
#1012=SURFACE_STYLE_FILL_AREA(#1011);
#1013=SURFACE_SIDE_STYLE('',(#1012));
#1014=SURFACE_STYLE_USAGE(.BOTH.,#1013);
#1015=PRESENTATION_STYLE_ASSIGNMENT((#1014));
#1016=STYLED_ITEM('',(#1015),#1008);
#1017=ADVANCED_FACE('',(#1772),#1774,.T.);
#1018=COLOUR_RGB($,0.827450980392157,0.831372549019608,0.835294117647059);
#1019=FILL_AREA_STYLE_COLOUR($,#1018);
#1020=FILL_AREA_STYLE($,(#1019));
#1021=SURFACE_STYLE_FILL_AREA(#1020);
#1022=SURFACE_SIDE_STYLE('',(#1021));
#1023=SURFACE_STYLE_USAGE(.BOTH.,#1022);
#1024=PRESENTATION_STYLE_ASSIGNMENT((#1023));
#1025=STYLED_ITEM('',(#1024),#1017);
#1026=ADVANCED_FACE('',(#1779),#1781,.T.);
#1027=COLOUR_RGB($,0.827450980392157,0.831372549019608,0.835294117647059);
#1028=FILL_AREA_STYLE_COLOUR($,#1027);
#1029=FILL_AREA_STYLE($,(#1028));
#1030=SURFACE_STYLE_FILL_AREA(#1029);
#1031=SURFACE_SIDE_STYLE('',(#1030));
#1032=SURFACE_STYLE_USAGE(.BOTH.,#1031);
#1033=PRESENTATION_STYLE_ASSIGNMENT((#1032));
#1034=STYLED_ITEM('',(#1033),#1026);
#1035=ADVANCED_FACE('',(#1786),#1788,.F.);
#1036=COLOUR_RGB($,0.827450980392157,0.831372549019608,0.835294117647059);
#1037=FILL_AREA_STYLE_COLOUR($,#1036);
#1038=FILL_AREA_STYLE($,(#1037));
#1039=SURFACE_STYLE_FILL_AREA(#1038);
#1040=SURFACE_SIDE_STYLE('',(#1039));
#1041=SURFACE_STYLE_USAGE(.BOTH.,#1040);
#1042=PRESENTATION_STYLE_ASSIGNMENT((#1041));
#1043=STYLED_ITEM('',(#1042),#1035);
#1044=ADVANCED_FACE('',(#1793),#1795,.F.);
#1045=COLOUR_RGB($,0.827450980392157,0.831372549019608,0.835294117647059);
#1046=FILL_AREA_STYLE_COLOUR($,#1045);
#1047=FILL_AREA_STYLE($,(#1046));
#1048=SURFACE_STYLE_FILL_AREA(#1047);
#1049=SURFACE_SIDE_STYLE('',(#1048));
#1050=SURFACE_STYLE_USAGE(.BOTH.,#1049);
#1051=PRESENTATION_STYLE_ASSIGNMENT((#1050));
#1052=STYLED_ITEM('',(#1051),#1044);
#1053=ADVANCED_FACE('',(#1800),#1802,.T.);
#1054=COLOUR_RGB($,0.827450980392157,0.831372549019608,0.835294117647059);
#1055=FILL_AREA_STYLE_COLOUR($,#1054);
#1056=FILL_AREA_STYLE($,(#1055));
#1057=SURFACE_STYLE_FILL_AREA(#1056);
#1058=SURFACE_SIDE_STYLE('',(#1057));
#1059=SURFACE_STYLE_USAGE(.BOTH.,#1058);
#1060=PRESENTATION_STYLE_ASSIGNMENT((#1059));
#1061=STYLED_ITEM('',(#1060),#1053);
#1062=ADVANCED_FACE('',(#1807),#1809,.T.);
#1063=COLOUR_RGB($,0.827450980392157,0.831372549019608,0.835294117647059);
#1064=FILL_AREA_STYLE_COLOUR($,#1063);
#1065=FILL_AREA_STYLE($,(#1064));
#1066=SURFACE_STYLE_FILL_AREA(#1065);
#1067=SURFACE_SIDE_STYLE('',(#1066));
#1068=SURFACE_STYLE_USAGE(.BOTH.,#1067);
#1069=PRESENTATION_STYLE_ASSIGNMENT((#1068));
#1070=STYLED_ITEM('',(#1069),#1062);
#1071=ADVANCED_FACE('',(#1814),#1816,.T.);
#1072=COLOUR_RGB($,0.827450980392157,0.831372549019608,0.835294117647059);
#1073=FILL_AREA_STYLE_COLOUR($,#1072);
#1074=FILL_AREA_STYLE($,(#1073));
#1075=SURFACE_STYLE_FILL_AREA(#1074);
#1076=SURFACE_SIDE_STYLE('',(#1075));
#1077=SURFACE_STYLE_USAGE(.BOTH.,#1076);
#1078=PRESENTATION_STYLE_ASSIGNMENT((#1077));
#1079=STYLED_ITEM('',(#1078),#1071);
#1080=ADVANCED_FACE('',(#1821),#1823,.T.);
#1081=COLOUR_RGB($,0.827450980392157,0.831372549019608,0.835294117647059);
#1082=FILL_AREA_STYLE_COLOUR($,#1081);
#1083=FILL_AREA_STYLE($,(#1082));
#1084=SURFACE_STYLE_FILL_AREA(#1083);
#1085=SURFACE_SIDE_STYLE('',(#1084));
#1086=SURFACE_STYLE_USAGE(.BOTH.,#1085);
#1087=PRESENTATION_STYLE_ASSIGNMENT((#1086));
#1088=STYLED_ITEM('',(#1087),#1080);
#1089=ADVANCED_FACE('',(#1828),#1830,.F.);
#1090=COLOUR_RGB($,0.827450980392157,0.831372549019608,0.835294117647059);
#1091=FILL_AREA_STYLE_COLOUR($,#1090);
#1092=FILL_AREA_STYLE($,(#1091));
#1093=SURFACE_STYLE_FILL_AREA(#1092);
#1094=SURFACE_SIDE_STYLE('',(#1093));
#1095=SURFACE_STYLE_USAGE(.BOTH.,#1094);
#1096=PRESENTATION_STYLE_ASSIGNMENT((#1095));
#1097=STYLED_ITEM('',(#1096),#1089);
#1098=ADVANCED_FACE('',(#1835),#1837,.F.);
#1099=COLOUR_RGB($,0.827450980392157,0.831372549019608,0.835294117647059);
#1100=FILL_AREA_STYLE_COLOUR($,#1099);
#1101=FILL_AREA_STYLE($,(#1100));
#1102=SURFACE_STYLE_FILL_AREA(#1101);
#1103=SURFACE_SIDE_STYLE('',(#1102));
#1104=SURFACE_STYLE_USAGE(.BOTH.,#1103);
#1105=PRESENTATION_STYLE_ASSIGNMENT((#1104));
#1106=STYLED_ITEM('',(#1105),#1098);
#1107=ADVANCED_FACE('',(#1842),#1844,.F.);
#1108=COLOUR_RGB($,0.827450980392157,0.831372549019608,0.835294117647059);
#1109=FILL_AREA_STYLE_COLOUR($,#1108);
#1110=FILL_AREA_STYLE($,(#1109));
#1111=SURFACE_STYLE_FILL_AREA(#1110);
#1112=SURFACE_SIDE_STYLE('',(#1111));
#1113=SURFACE_STYLE_USAGE(.BOTH.,#1112);
#1114=PRESENTATION_STYLE_ASSIGNMENT((#1113));
#1115=STYLED_ITEM('',(#1114),#1107);
#1116=ADVANCED_FACE('',(#1849),#1851,.F.);
#1117=COLOUR_RGB($,0.827450980392157,0.831372549019608,0.835294117647059);
#1118=FILL_AREA_STYLE_COLOUR($,#1117);
#1119=FILL_AREA_STYLE($,(#1118));
#1120=SURFACE_STYLE_FILL_AREA(#1119);
#1121=SURFACE_SIDE_STYLE('',(#1120));
#1122=SURFACE_STYLE_USAGE(.BOTH.,#1121);
#1123=PRESENTATION_STYLE_ASSIGNMENT((#1122));
#1124=STYLED_ITEM('',(#1123),#1116);
#1125=ADVANCED_FACE('',(#1856),#1858,.T.);
#1126=COLOUR_RGB($,0.827450980392157,0.831372549019608,0.835294117647059);
#1127=FILL_AREA_STYLE_COLOUR($,#1126);
#1128=FILL_AREA_STYLE($,(#1127));
#1129=SURFACE_STYLE_FILL_AREA(#1128);
#1130=SURFACE_SIDE_STYLE('',(#1129));
#1131=SURFACE_STYLE_USAGE(.BOTH.,#1130);
#1132=PRESENTATION_STYLE_ASSIGNMENT((#1131));
#1133=STYLED_ITEM('',(#1132),#1125);
#1134=ADVANCED_FACE('',(#1863),#1865,.T.);
#1135=COLOUR_RGB($,0.827450980392157,0.831372549019608,0.835294117647059);
#1136=FILL_AREA_STYLE_COLOUR($,#1135);
#1137=FILL_AREA_STYLE($,(#1136));
#1138=SURFACE_STYLE_FILL_AREA(#1137);
#1139=SURFACE_SIDE_STYLE('',(#1138));
#1140=SURFACE_STYLE_USAGE(.BOTH.,#1139);
#1141=PRESENTATION_STYLE_ASSIGNMENT((#1140));
#1142=STYLED_ITEM('',(#1141),#1134);
#1143=ADVANCED_FACE('',(#1870),#1872,.T.);
#1144=COLOUR_RGB($,0.827450980392157,0.831372549019608,0.835294117647059);
#1145=FILL_AREA_STYLE_COLOUR($,#1144);
#1146=FILL_AREA_STYLE($,(#1145));
#1147=SURFACE_STYLE_FILL_AREA(#1146);
#1148=SURFACE_SIDE_STYLE('',(#1147));
#1149=SURFACE_STYLE_USAGE(.BOTH.,#1148);
#1150=PRESENTATION_STYLE_ASSIGNMENT((#1149));
#1151=STYLED_ITEM('',(#1150),#1143);
#1152=ADVANCED_FACE('',(#1877),#1879,.T.);
#1153=COLOUR_RGB($,0.827450980392157,0.831372549019608,0.835294117647059);
#1154=FILL_AREA_STYLE_COLOUR($,#1153);
#1155=FILL_AREA_STYLE($,(#1154));
#1156=SURFACE_STYLE_FILL_AREA(#1155);
#1157=SURFACE_SIDE_STYLE('',(#1156));
#1158=SURFACE_STYLE_USAGE(.BOTH.,#1157);
#1159=PRESENTATION_STYLE_ASSIGNMENT((#1158));
#1160=STYLED_ITEM('',(#1159),#1152);
#1161=FACE_BOUND('',#1162,.T.);
#1162=EDGE_LOOP('',(#1884,#1885,#1886,#1887,#1888,#1889,#1890,#1891,#1892,#1893,
#1894,#1895,#1896,#1897));
#1163=FACE_BOUND('',#1164,.T.);
#1164=EDGE_LOOP('',(#1898,#1899,#1900));
#1165=PLANE('',#1166);
#1166=AXIS2_PLACEMENT_3D('',#1167,#1168,#1169);
#1167=CARTESIAN_POINT('',(4.,-3.7,4.7467804263307E-018));
#1168=DIRECTION('',(0.,-1.,0.));
#1169=DIRECTION('',(0.,0.,1.));
#1170=FACE_BOUND('',#1171,.T.);
#1171=EDGE_LOOP('',(#1901,#1902,#1903,#1904));
#1172=PLANE('',#1173);
#1173=AXIS2_PLACEMENT_3D('',#1174,#1175,#1176);
#1174=CARTESIAN_POINT('',(2.7,-3.7,1.3));
#1175=DIRECTION('',(0.863950323522004,-0.25881904510252,0.431975161761002));
#1176=DIRECTION('',(-0.447213595499958,0.,0.894427190999916));
#1177=FACE_BOUND('',#1178,.T.);
#1178=EDGE_LOOP('',(#1905,#1906,#1907,#1908));
#1179=PLANE('',#1180);
#1180=AXIS2_PLACEMENT_3D('',#1181,#1182,#1183);
#1181=CARTESIAN_POINT('',(1.3,-3.7,1.3));
#1182=DIRECTION('',(0.,-0.25881904510252,-0.965925826289069));
#1183=DIRECTION('',(1.,0.,0.));
#1184=FACE_BOUND('',#1185,.T.);
#1185=EDGE_LOOP('',(#1909,#1910,#1911,#1912));
#1186=PLANE('',#1187);
#1187=AXIS2_PLACEMENT_3D('',#1188,#1189,#1190);
#1188=CARTESIAN_POINT('',(2.,-3.7,2.7));
#1189=DIRECTION('',(-0.863950323522005,-0.258819045102518,0.431975161761002));
#1190=DIRECTION('',(-0.447213595499958,0.,-0.894427190999916));
#1191=FACE_BOUND('',#1192,.T.);
#1192=EDGE_LOOP('',(#1913,#1914,#1915,#1916));
#1193=PLANE('',#1194);
#1194=AXIS2_PLACEMENT_3D('',#1195,#1196,#1197);
#1195=CARTESIAN_POINT('',(1.5,-3.7,3.50540562563862));
#1196=DIRECTION('',(0.,0.139173100457465,-0.990268068812206));
#1197=DIRECTION('',(0.,-0.990268068812206,-0.139173100457465));
#1198=FACE_BOUND('',#1199,.T.);
#1199=EDGE_LOOP('',(#1917,#1918,#1919,#1920));
#1200=PLANE('',#1201);
#1201=AXIS2_PLACEMENT_3D('',#1202,#1203,#1204);
#1202=CARTESIAN_POINT('',(-1.5,0.,0.));
#1203=DIRECTION('',(-1.,0.,0.));
#1204=DIRECTION('',(0.,0.,-1.));
#1205=FACE_BOUND('',#1206,.T.);
#1206=EDGE_LOOP('',(#1921,#1922,#1923,#1924,#1925,#1926));
#1207=PLANE('',#1208);
#1208=AXIS2_PLACEMENT_3D('',#1209,#1210,#1211);
#1209=CARTESIAN_POINT('',(2.49999999999999,-3.7,5.3));
#1210=DIRECTION('',(1.06581410364015E-015,0.,-1.));
#1211=DIRECTION('',(-1.,0.,-1.06581410364015E-015));
#1212=FACE_BOUND('',#1213,.T.);
#1213=EDGE_LOOP('',(#1927,#1928,#1929,#1930));
#1214=PLANE('',#1215);
#1215=AXIS2_PLACEMENT_3D('',#1216,#1217,#1218);
#1216=CARTESIAN_POINT('',(-2.50000000000001,-3.7,5.3));
#1217=DIRECTION('',(-1.,0.,5.0464682937507E-015));
#1218=DIRECTION('',(5.04646829375071E-015,0.,1.));
#1219=FACE_BOUND('',#1220,.T.);
#1220=EDGE_LOOP('',(#1931,#1932,#1933,#1934));
#1221=PLANE('',#1222);
#1222=AXIS2_PLACEMENT_3D('',#1223,#1224,#1225);
#1223=CARTESIAN_POINT('',(-2.5,-3.7,7.5));
#1224=DIRECTION('',(-0.70710678118655,0.,-0.707106781186545));
#1225=DIRECTION('',(-0.707106781186545,0.,0.70710678118655));
#1226=FACE_BOUND('',#1227,.T.);
#1227=EDGE_LOOP('',(#1935,#1936,#1937,#1938,#1939,#1940,#1941));
#1228=PLANE('',#1229);
#1229=AXIS2_PLACEMENT_3D('',#1230,#1231,#1232);
#1230=CARTESIAN_POINT('',(4.,-3.7,7.8));
#1231=DIRECTION('',(0.,-0.,1.));
#1232=DIRECTION('',(0.,1.,0.));
#1233=FACE_BOUND('',#1234,.T.);
#1234=EDGE_LOOP('',(#1942,#1943,#1944,#1945,#1946,#1947,#1948,#1949,#1950,#1951,
#1952,#1953,#1954,#1955));
#1235=PLANE('',#1236);
#1236=AXIS2_PLACEMENT_3D('',#1237,#1238,#1239);
#1237=CARTESIAN_POINT('',(-4.,0.,0.));
#1238=DIRECTION('',(-1.,0.,0.));
#1239=DIRECTION('',(0.,0.,-1.));
#1240=FACE_BOUND('',#1241,.T.);
#1241=EDGE_LOOP('',(#1956,#1957,#1958,#1959));
#1242=PLANE('',#1243);
#1243=AXIS2_PLACEMENT_3D('',#1244,#1245,#1246);
#1244=CARTESIAN_POINT('',(4.,-1.375,0.));
#1245=DIRECTION('',(-0.,-2.04162598981965E-018,-1.));
#1246=DIRECTION('',(0.,-1.,2.04162598981965E-018));
#1247=FACE_BOUND('',#1248,.T.);
#1248=EDGE_LOOP('',(#1960,#1961,#1962,#1963,#1964,#1965,#1966,#1967,#1968,#1969,
#1970,#1971,#1972,#1973));
#1249=PLANE('',#1250);
#1250=AXIS2_PLACEMENT_3D('',#1251,#1252,#1253);
#1251=CARTESIAN_POINT('',(4.,0.,0.));
#1252=DIRECTION('',(-1.,0.,0.));
#1253=DIRECTION('',(0.,0.,-1.));
#1254=FACE_BOUND('',#1255,.T.);
#1255=EDGE_LOOP('',(#1974,#1975,#1976,#1977,#1978,#1979,#1980));
#1256=PLANE('',#1257);
#1257=AXIS2_PLACEMENT_3D('',#1258,#1259,#1260);
#1258=CARTESIAN_POINT('',(4.,-3.7,7.8));
#1259=DIRECTION('',(0.,-0.,1.));
#1260=DIRECTION('',(0.,1.,0.));
#1261=FACE_BOUND('',#1262,.T.);
#1262=EDGE_LOOP('',(#1981,#1982,#1983,#1984));
#1263=PLANE('',#1264);
#1264=AXIS2_PLACEMENT_3D('',#1265,#1266,#1267);
#1265=CARTESIAN_POINT('',(2.8,-3.7,7.8));
#1266=DIRECTION('',(0.707106781186545,0.,-0.70710678118655));
#1267=DIRECTION('',(-0.70710678118655,0.,-0.707106781186545));
#1268=FACE_BOUND('',#1269,.T.);
#1269=EDGE_LOOP('',(#1985,#1986,#1987,#1988));
#1270=PLANE('',#1271);
#1271=AXIS2_PLACEMENT_3D('',#1272,#1273,#1274);
#1272=CARTESIAN_POINT('',(2.5,-3.7,7.5));
#1273=DIRECTION('',(1.,0.,-4.84460956200068E-015));
#1274=DIRECTION('',(-4.84460956200069E-015,0.,-1.));
#1275=FACE_BOUND('',#1276,.T.);
#1276=EDGE_LOOP('',(#1989,#1990,#1991,#1992));
#1277=PLANE('',#1278);
#1278=AXIS2_PLACEMENT_3D('',#1279,#1280,#1281);
#1279=CARTESIAN_POINT('',(1.5,0.,0.));
#1280=DIRECTION('',(-1.,0.,0.));
#1281=DIRECTION('',(0.,0.,-1.));
#1282=FACE_BOUND('',#1283,.T.);
#1283=EDGE_LOOP('',(#1993,#1994,#1995));
#1284=PLANE('',#1285);
#1285=AXIS2_PLACEMENT_3D('',#1286,#1287,#1288);
#1286=CARTESIAN_POINT('',(0.,-3.75,0.));
#1287=DIRECTION('',(0.,-1.,0.));
#1288=DIRECTION('',(1.,0.,0.));
#1289=FACE_BOUND('',#1290,.T.);
#1290=EDGE_LOOP('',(#1996,#1997,#1998,#1999));
#1291=PLANE('',#1292);
#1292=AXIS2_PLACEMENT_3D('',#1293,#1294,#1295);
#1293=CARTESIAN_POINT('',(1.5,-4.45,3.4));
#1294=DIRECTION('',(-0.,-1.,-8.27782287160517E-013));
#1295=DIRECTION('',(0.,-8.27782287160517E-013,1.));
#1296=FACE_BOUND('',#1297,.T.);
#1297=EDGE_LOOP('',(#2000,#2001,#2002,#2003));
#1298=PLANE('',#1299);
#1299=AXIS2_PLACEMENT_3D('',#1300,#1301,#1302);
#1300=CARTESIAN_POINT('',(1.5,-4.45000000000041,3.9));
#1301=DIRECTION('',(0.,-0.881479970028674,0.472221412515621));
#1302=DIRECTION('',(0.,0.472221412515621,0.881479970028674));
#1303=FACE_BOUND('',#1304,.T.);
#1304=EDGE_LOOP('',(#2004,#2005,#2006,#2007));
#1305=PLANE('',#1306);
#1306=AXIS2_PLACEMENT_3D('',#1307,#1308,#1309);
#1307=CARTESIAN_POINT('',(-3.30000000000001,-2.95,5.1));
#1308=DIRECTION('',(8.56414068372967E-016,-0.707106781186548,-0.707106781186547));
#1309=DIRECTION('',(1.,0.,1.21115239050017E-015));
#1310=FACE_BOUND('',#1311,.T.);
#1311=EDGE_LOOP('',(#2008,#2009,#2010,#2011));
#1312=PLANE('',#1313);
#1313=AXIS2_PLACEMENT_3D('',#1314,#1315,#1316);
#1314=CARTESIAN_POINT('',(-2.7,-2.95,8.3));
#1315=DIRECTION('',(-0.707106781186548,-0.707106781186547,3.55336714333697E-015));
#1316=DIRECTION('',(-5.02522000619807E-015,2.93583629207755E-031,-1.));
#1317=FACE_BOUND('',#1318,.T.);
#1318=EDGE_LOOP('',(#2012,#2013,#2014,#2015));
#1319=PLANE('',#1320);
#1320=AXIS2_PLACEMENT_3D('',#1321,#1322,#1323);
#1321=CARTESIAN_POINT('',(-3.50710678118655,-2.95,8.22426406871193));
#1322=DIRECTION('',(-0.500000000000003,-0.707106781186547,-0.499999999999999));
#1323=DIRECTION('',(0.707106781186545,7.75636184503758E-017,-0.70710678118655));
#1324=FACE_BOUND('',#1325,.T.);
#1325=EDGE_LOOP('',(#2016,#2017,#2018,#2019));
#1326=PLANE('',#1327);
#1327=AXIS2_PLACEMENT_3D('',#1328,#1329,#1330);
#1328=CARTESIAN_POINT('',(-3.6,-1.3,7.8));
#1329=DIRECTION('',(0.707106781186554,-5.84220449742806E-016,0.707106781186541));
#1330=DIRECTION('',(-8.26212483441978E-016,-1.,0.));
#1331=FACE_BOUND('',#1332,.T.);
#1332=EDGE_LOOP('',(#2020,#2021,#2022,#2023,#2024));
#1333=PLANE('',#1334);
#1334=AXIS2_PLACEMENT_3D('',#1335,#1336,#1337);
#1335=CARTESIAN_POINT('',(4.,-2.1,7.8));
#1336=DIRECTION('',(0.,1.,0.));
#1337=DIRECTION('',(0.,0.,-1.));
#1338=FACE_BOUND('',#1339,.T.);
#1339=EDGE_LOOP('',(#2025,#2026,#2027,#2028));
#1340=PLANE('',#1341);
#1341=AXIS2_PLACEMENT_3D('',#1342,#1343,#1344);
#1342=CARTESIAN_POINT('',(-3.9,-3.15,7.8));
#1343=DIRECTION('',(-0.,0.707106781186545,0.70710678118655));
#1344=DIRECTION('',(1.,0.,0.));
#1345=FACE_BOUND('',#1346,.T.);
#1346=EDGE_LOOP('',(#2029,#2030,#2031,#2032));
#1347=PLANE('',#1348);
#1348=AXIS2_PLACEMENT_3D('',#1349,#1350,#1351);
#1349=CARTESIAN_POINT('',(-4.10710678118655,-2.22573593128807,7.8));
#1350=DIRECTION('',(0.499999999999999,0.499999999999996,0.707106781186551));
#1351=DIRECTION('',(0.707106781186546,-0.707106781186549,0.));
#1352=FACE_BOUND('',#1353,.T.);
#1353=EDGE_LOOP('',(#2033,#2034,#2035,#2036));
#1354=PLANE('',#1355);
#1355=AXIS2_PLACEMENT_3D('',#1356,#1357,#1358);
#1356=CARTESIAN_POINT('',(4.,2.9,-8.99459688076701E-028));
#1357=DIRECTION('',(-0.,-5.89809631525706E-028,-1.));
#1358=DIRECTION('',(0.,-1.,5.89809631525706E-028));
#1359=FACE_BOUND('',#1360,.T.);
#1360=EDGE_LOOP('',(#2037,#2038,#2039,#2040));
#1361=PLANE('',#1362);
#1362=AXIS2_PLACEMENT_3D('',#1363,#1364,#1365);
#1363=CARTESIAN_POINT('',(4.,1.375,0.));
#1364=DIRECTION('',(-0.,-0.832050294327704,-0.554700196240438));
#1365=DIRECTION('',(0.,-0.554700196240438,0.832050294327704));
#1366=FACE_BOUND('',#1367,.T.);
#1367=EDGE_LOOP('',(#2041,#2042,#2043,#2044));
#1368=PLANE('',#1369);
#1369=AXIS2_PLACEMENT_3D('',#1370,#1371,#1372);
#1370=CARTESIAN_POINT('',(4.,1.27499999999604,0.15));
#1371=DIRECTION('',(0.,2.17690789142188E-017,-1.));
#1372=DIRECTION('',(0.,-1.,-2.17690789142188E-017));
#1373=FACE_BOUND('',#1374,.T.);
#1374=EDGE_LOOP('',(#2045,#2046,#2047,#2048));
#1375=PLANE('',#1376);
#1376=AXIS2_PLACEMENT_3D('',#1377,#1378,#1379);
#1377=CARTESIAN_POINT('',(4.,-1.27500000000396,0.15));
#1378=DIRECTION('',(0.,0.832050294347983,-0.554700196210021));
#1379=DIRECTION('',(0.,-0.554700196210021,-0.832050294347983));
#1380=FACE_BOUND('',#1381,.T.);
#1381=EDGE_LOOP('',(#2049,#2050,#2051,#2052));
#1382=CYLINDRICAL_SURFACE('',#1383,0.55);
#1383=AXIS2_PLACEMENT_3D('',#1384,#1385,#1386);
#1384=CARTESIAN_POINT('',(4.,-1.55,4.25));
#1385=DIRECTION('',(1.,-0.,-0.));
#1386=DIRECTION('',(0.,-1.,0.));
#1387=FACE_BOUND('',#1388,.T.);
#1388=EDGE_LOOP('',(#2053,#2054,#2055,#2056,#2057));
#1389=PLANE('',#1390);
#1390=AXIS2_PLACEMENT_3D('',#1391,#1392,#1393);
#1391=CARTESIAN_POINT('',(4.,-1.,4.25));
#1392=DIRECTION('',(0.,-1.,0.));
#1393=DIRECTION('',(0.,0.,1.));
#1394=FACE_BOUND('',#1395,.T.);
#1395=EDGE_LOOP('',(#2058,#2059,#2060,#2061,#2062,#2063));
#1396=PLANE('',#1397);
#1397=AXIS2_PLACEMENT_3D('',#1398,#1399,#1400);
#1398=CARTESIAN_POINT('',(4.,-1.,7.8));
#1399=DIRECTION('',(0.,-0.,1.));
#1400=DIRECTION('',(0.,1.,0.));
#1401=FACE_BOUND('',#1402,.T.);
#1402=EDGE_LOOP('',(#2064,#2065,#2066,#2067,#2068,#2069,#2070,#2071,#2072,#2073));
#1403=PLANE('',#1404);
#1404=AXIS2_PLACEMENT_3D('',#1405,#1406,#1407);
#1405=CARTESIAN_POINT('',(4.,3.7,7.8));
#1406=DIRECTION('',(0.,1.,0.));
#1407=DIRECTION('',(0.,0.,-1.));
#1408=FACE_BOUND('',#1409,.T.);
#1409=EDGE_LOOP('',(#2074,#2075,#2076,#2077));
#1410=PLANE('',#1411);
#1411=AXIS2_PLACEMENT_3D('',#1412,#1413,#1414);
#1412=CARTESIAN_POINT('',(4.,3.7,1.));
#1413=DIRECTION('',(-0.,-0.,-1.));
#1414=DIRECTION('',(0.,-1.,0.));
#1415=FACE_BOUND('',#1416,.T.);
#1416=EDGE_LOOP('',(#2078,#2079,#2080,#2081));
#1417=PLANE('',#1418);
#1418=AXIS2_PLACEMENT_3D('',#1419,#1420,#1421);
#1419=CARTESIAN_POINT('',(4.,2.9,1.));
#1420=DIRECTION('',(0.,1.,0.));
#1421=DIRECTION('',(0.,0.,-1.));
#1422=FACE_BOUND('',#1423,.T.);
#1423=EDGE_LOOP('',(#2082,#2083,#2084,#2085,#2086,#2087));
#1424=PLANE('',#1425);
#1425=AXIS2_PLACEMENT_3D('',#1426,#1427,#1428);
#1426=CARTESIAN_POINT('',(4.,-1.,7.8));
#1427=DIRECTION('',(0.,-0.,1.));
#1428=DIRECTION('',(0.,1.,0.));
#1429=FACE_BOUND('',#1430,.T.);
#1430=EDGE_LOOP('',(#2088,#2089,#2090,#2091,#2092));
#1431=PLANE('',#1432);
#1432=AXIS2_PLACEMENT_3D('',#1433,#1434,#1435);
#1433=CARTESIAN_POINT('',(4.,-1.,4.25));
#1434=DIRECTION('',(0.,-1.,0.));
#1435=DIRECTION('',(0.,0.,1.));
#1436=FACE_BOUND('',#1437,.T.);
#1437=EDGE_LOOP('',(#2093,#2094,#2095,#2096));
#1438=CYLINDRICAL_SURFACE('',#1439,0.55);
#1439=AXIS2_PLACEMENT_3D('',#1440,#1441,#1442);
#1440=CARTESIAN_POINT('',(4.,-1.55,4.25));
#1441=DIRECTION('',(1.,-0.,-0.));
#1442=DIRECTION('',(0.,-1.,0.));
#1443=FACE_BOUND('',#1444,.T.);
#1444=EDGE_LOOP('',(#2097,#2098,#2099,#2100,#2101));
#1445=PLANE('',#1446);
#1446=AXIS2_PLACEMENT_3D('',#1447,#1448,#1449);
#1447=CARTESIAN_POINT('',(4.,-2.1,7.8));
#1448=DIRECTION('',(0.,1.,0.));
#1449=DIRECTION('',(0.,0.,-1.));
#1450=FACE_BOUND('',#1451,.T.);
#1451=EDGE_LOOP('',(#2102,#2103,#2104,#2105));
#1452=PLANE('',#1453);
#1453=AXIS2_PLACEMENT_3D('',#1454,#1455,#1456);
#1454=CARTESIAN_POINT('',(2.,-3.15,7.8));
#1455=DIRECTION('',(-0.,0.707106781186549,0.707106781186546));
#1456=DIRECTION('',(1.,0.,0.));
#1457=FACE_BOUND('',#1458,.T.);
#1458=EDGE_LOOP('',(#2106,#2107,#2108,#2109));
#1459=PLANE('',#1460);
#1460=AXIS2_PLACEMENT_3D('',#1461,#1462,#1463);
#1461=CARTESIAN_POINT('',(3.6,-3.45,7.8));
#1462=DIRECTION('',(-0.707106781186546,0.,0.707106781186549));
#1463=DIRECTION('',(0.,1.,0.));
#1464=FACE_BOUND('',#1465,.T.);
#1465=EDGE_LOOP('',(#2110,#2111,#2112,#2113));
#1466=PLANE('',#1467);
#1467=AXIS2_PLACEMENT_3D('',#1468,#1469,#1470);
#1468=CARTESIAN_POINT('',(2.67573593128807,-3.65710678118655,7.8));
#1469=DIRECTION('',(-0.499999999999998,0.500000000000002,0.707106781186548));
#1470=DIRECTION('',(0.70710678118655,0.707106781186545,0.));
#1471=FACE_BOUND('',#1472,.T.);
#1472=EDGE_LOOP('',(#2114,#2115,#2116,#2117));
#1473=PLANE('',#1474);
#1474=AXIS2_PLACEMENT_3D('',#1475,#1476,#1477);
#1475=CARTESIAN_POINT('',(2.07573593128807,-2.95,6.79289321881345));
#1476=DIRECTION('',(0.5,-0.707106781186545,-0.500000000000004));
#1477=DIRECTION('',(0.70710678118655,-3.87818092251878E-017,0.707106781186545));
#1478=FACE_BOUND('',#1479,.T.);
#1479=EDGE_LOOP('',(#2118,#2119,#2120,#2121));
#1480=PLANE('',#1481);
#1481=AXIS2_PLACEMENT_3D('',#1482,#1483,#1484);
#1482=CARTESIAN_POINT('',(2.69999999999999,-2.95,4.5));
#1483=DIRECTION('',(0.707106781186549,-0.707106781186546,-3.47073069814309E-015));
#1484=DIRECTION('',(4.90835442465859E-015,-2.93583629207755E-031,1.));
#1485=FACE_BOUND('',#1486,.T.);
#1486=EDGE_LOOP('',(#2122,#2123,#2124,#2125,#2126,#2127,#2128,#2129,#2130,#2131));
#1487=PLANE('',#1488);
#1488=AXIS2_PLACEMENT_3D('',#1489,#1490,#1491);
#1489=CARTESIAN_POINT('',(-3.1,-2.95,1.8));
#1490=DIRECTION('',(0.,-1.,0.));
#1491=DIRECTION('',(1.,0.,0.));
#1492=FACE_BOUND('',#1493,.T.);
#1493=EDGE_LOOP('',(#2132,#2133,#2134,#2135,#2136,#2137,#2138,#2139));
#1494=PLANE('',#1495);
#1495=AXIS2_PLACEMENT_3D('',#1496,#1497,#1498);
#1496=CARTESIAN_POINT('',(-3.4,2.95,1.8));
#1497=DIRECTION('',(-1.,-7.93016446160826E-017,0.));
#1498=DIRECTION('',(7.93016446160826E-017,-1.,0.));
#1499=FACE_BOUND('',#1500,.T.);
#1500=EDGE_LOOP('',(#2140,#2141,#2142,#2143));
#1501=PLANE('',#1502);
#1502=AXIS2_PLACEMENT_3D('',#1503,#1504,#1505);
#1503=CARTESIAN_POINT('',(-3.4,-2.65,1.8));
#1504=DIRECTION('',(-0.70710678118655,-0.707106781186545,0.));
#1505=DIRECTION('',(0.707106781186545,-0.70710678118655,0.));
#1506=FACE_BOUND('',#1507,.T.);
#1507=EDGE_LOOP('',(#2144,#2145,#2146,#2147));
#1508=PLANE('',#1509);
#1509=AXIS2_PLACEMENT_3D('',#1510,#1511,#1512);
#1510=CARTESIAN_POINT('',(-3.6,3.75,7.8));
#1511=DIRECTION('',(0.707106781186548,-1.13159816842074E-016,0.707106781186547));
#1512=DIRECTION('',(-1.60032147693716E-016,-1.,0.));
#1513=FACE_BOUND('',#1514,.T.);
#1514=EDGE_LOOP('',(#2148,#2149,#2150,#2151));
#1515=PLANE('',#1516);
#1516=AXIS2_PLACEMENT_3D('',#1517,#1518,#1519);
#1517=CARTESIAN_POINT('',(-2.,3.15,7.8));
#1518=DIRECTION('',(0.,-0.707106781186547,0.707106781186548));
#1519=DIRECTION('',(-1.,0.,0.));
#1520=FACE_BOUND('',#1521,.T.);
#1521=EDGE_LOOP('',(#2152,#2153,#2154,#2155));
#1522=PLANE('',#1523);
#1523=AXIS2_PLACEMENT_3D('',#1524,#1525,#1526);
#1524=CARTESIAN_POINT('',(-2.5,0.,7.5));
#1525=DIRECTION('',(-0.707106781186547,0.,-0.707106781186547));
#1526=DIRECTION('',(-0.707106781186548,0.,0.707106781186548));
#1527=FACE_BOUND('',#1528,.T.);
#1528=EDGE_LOOP('',(#2156,#2157,#2158,#2159));
#1529=PLANE('',#1530);
#1530=AXIS2_PLACEMENT_3D('',#1531,#1532,#1533);
#1531=CARTESIAN_POINT('',(2.8,0.,7.8));
#1532=DIRECTION('',(0.707106781186547,0.,-0.707106781186547));
#1533=DIRECTION('',(-0.707106781186548,0.,-0.707106781186548));
#1534=FACE_BOUND('',#1535,.T.);
#1535=EDGE_LOOP('',(#2160,#2161,#2162,#2163));
#1536=PLANE('',#1537);
#1537=AXIS2_PLACEMENT_3D('',#1538,#1539,#1540);
#1538=CARTESIAN_POINT('',(-2.5,0.,6.8));
#1539=DIRECTION('',(-1.,0.,2.53765262771465E-015));
#1540=DIRECTION('',(2.53765262771465E-015,0.,1.));
#1541=FACE_BOUND('',#1542,.T.);
#1542=EDGE_LOOP('',(#2164,#2165,#2166,#2167));
#1543=PLANE('',#1544);
#1544=AXIS2_PLACEMENT_3D('',#1545,#1546,#1547);
#1545=CARTESIAN_POINT('',(2.5,0.,6.8));
#1546=DIRECTION('',(-8.88178419700125E-016,0.,-1.));
#1547=DIRECTION('',(-1.,0.,8.88178419700125E-016));
#1548=FACE_BOUND('',#1549,.T.);
#1549=EDGE_LOOP('',(#2168,#2169,#2170,#2171));
#1550=PLANE('',#1551);
#1551=AXIS2_PLACEMENT_3D('',#1552,#1553,#1554);
#1552=CARTESIAN_POINT('',(2.5,0.,7.5));
#1553=DIRECTION('',(1.,0.,-1.26882631385731E-015));
#1554=DIRECTION('',(-1.26882631385731E-015,0.,-1.));
#1555=FACE_BOUND('',#1556,.T.);
#1556=EDGE_LOOP('',(#2172,#2173,#2174,#2175));
#1557=PLANE('',#1558);
#1558=AXIS2_PLACEMENT_3D('',#1559,#1560,#1561);
#1559=CARTESIAN_POINT('',(3.6,-1.8,7.8));
#1560=DIRECTION('',(-0.707106781186547,0.,0.707106781186547));
#1561=DIRECTION('',(0.,1.,0.));
#1562=FACE_BOUND('',#1563,.T.);
#1563=EDGE_LOOP('',(#2176,#2177,#2178,#2179));
#1564=PLANE('',#1565);
#1565=AXIS2_PLACEMENT_3D('',#1566,#1567,#1568);
#1566=CARTESIAN_POINT('',(4.2,3.15,7.8));
#1567=DIRECTION('',(5.70942712248642E-016,-0.707106781186544,0.707106781186551));
#1568=DIRECTION('',(-1.,-8.07434927000113E-016,-6.33873744880384E-032));
#1569=FACE_BOUND('',#1570,.T.);
#1570=EDGE_LOOP('',(#2180,#2181,#2182,#2183,#2184,#2185,#2186,#2187));
#1571=PLANE('',#1572);
#1572=AXIS2_PLACEMENT_3D('',#1573,#1574,#1575);
#1573=CARTESIAN_POINT('',(3.4,-2.65,1.8));
#1574=DIRECTION('',(1.,0.,0.));
#1575=DIRECTION('',(0.,1.,0.));
#1576=FACE_BOUND('',#1577,.T.);
#1577=EDGE_LOOP('',(#2188,#2189,#2190,#2191));
#1578=PLANE('',#1579);
#1579=AXIS2_PLACEMENT_3D('',#1580,#1581,#1582);
#1580=CARTESIAN_POINT('',(3.1,-2.95,1.8));
#1581=DIRECTION('',(0.707106781186545,-0.70710678118655,0.));
#1582=DIRECTION('',(0.70710678118655,0.707106781186545,0.));
#1583=FACE_BOUND('',#1584,.T.);
#1584=EDGE_LOOP('',(#2192,#2193,#2194,#2195,#2196,#2197));
#1585=PLANE('',#1586);
#1586=AXIS2_PLACEMENT_3D('',#1587,#1588,#1589);
#1587=CARTESIAN_POINT('',(0.,0.,1.8));
#1588=DIRECTION('',(0.,0.,1.));
#1589=DIRECTION('',(1.,0.,0.));
#1590=FACE_BOUND('',#1591,.T.);
#1591=EDGE_LOOP('',(#2198,#2199,#2200,#2201,#2202,#2203,#2204,#2205,#2206,#2207));
#1592=PLANE('',#1593);
#1593=AXIS2_PLACEMENT_3D('',#1594,#1595,#1596);
#1594=CARTESIAN_POINT('',(3.4,2.95,1.8));
#1595=DIRECTION('',(6.53072367426563E-017,1.,-0.));
#1596=DIRECTION('',(-1.,6.53072367426563E-017,0.));
#1597=FACE_BOUND('',#1598,.T.);
#1598=EDGE_LOOP('',(#2208,#2209,#2210,#2211));
#1599=PLANE('',#1600);
#1600=AXIS2_PLACEMENT_3D('',#1601,#1602,#1603);
#1601=CARTESIAN_POINT('',(-2.07573593128807,2.95,6.79289321881345));
#1602=DIRECTION('',(-0.5,0.707106781186547,-0.5));
#1603=DIRECTION('',(-0.707106781186547,3.87818092251879E-017,0.707106781186548));
#1604=FACE_BOUND('',#1605,.T.);
#1605=EDGE_LOOP('',(#2212,#2213,#2214,#2215));
#1606=PLANE('',#1607);
#1607=AXIS2_PLACEMENT_3D('',#1608,#1609,#1610);
#1608=CARTESIAN_POINT('',(3.50710678118655,2.95,8.22426406871193));
#1609=DIRECTION('',(0.500000000000007,0.70710678118654,-0.500000000000004));
#1610=DIRECTION('',(-0.707106781186546,0.,-0.707106781186549));
#1611=FACE_BOUND('',#1612,.T.);
#1612=EDGE_LOOP('',(#2216,#2217,#2218,#2219));
#1613=PLANE('',#1614);
#1614=AXIS2_PLACEMENT_3D('',#1615,#1616,#1617);
#1615=CARTESIAN_POINT('',(-2.7,2.95,6.));
#1616=DIRECTION('',(-0.707106781186548,0.707106781186548,1.91141690622373E-015));
#1617=DIRECTION('',(2.70315171213082E-015,0.,1.));
#1618=FACE_BOUND('',#1619,.T.);
#1619=EDGE_LOOP('',(#2220,#2221,#2222,#2223));
#1620=PLANE('',#1621);
#1621=AXIS2_PLACEMENT_3D('',#1622,#1623,#1624);
#1622=CARTESIAN_POINT('',(3.3,2.95,6.6));
#1623=DIRECTION('',(-6.18521271602698E-016,0.707106781186548,-0.707106781186547));
#1624=DIRECTION('',(-1.,6.72862439166761E-017,9.42007414833466E-016));
#1625=FACE_BOUND('',#1626,.T.);
#1626=EDGE_LOOP('',(#2224,#2225,#2226,#2227));
#1627=PLANE('',#1628);
#1628=AXIS2_PLACEMENT_3D('',#1629,#1630,#1631);
#1629=CARTESIAN_POINT('',(2.7,2.95,8.3));
#1630=DIRECTION('',(0.707106781186546,0.707106781186549,-9.5570845311186E-016));
#1631=DIRECTION('',(-1.35157585606541E-015,0.,-1.));
#1632=FACE_BOUND('',#1633,.T.);
#1633=EDGE_LOOP('',(#2228,#2229,#2230,#2231));
#1634=PLANE('',#1635);
#1635=AXIS2_PLACEMENT_3D('',#1636,#1637,#1638);
#1636=CARTESIAN_POINT('',(2.25,-9.8,-3.4));
#1637=DIRECTION('',(0.,1.,-0.));
#1638=DIRECTION('',(-1.,0.,0.));
#1639=FACE_BOUND('',#1640,.T.);
#1640=EDGE_LOOP('',(#2232,#2233,#2234,#2235,#2236,#2237,#2238,#2239));
#1641=PLANE('',#1642);
#1642=AXIS2_PLACEMENT_3D('',#1643,#1644,#1645);
#1643=CARTESIAN_POINT('',(1.75,-9.8,-3.4));
#1644=DIRECTION('',(-1.,0.,0.));
#1645=DIRECTION('',(0.,-1.,0.));
#1646=FACE_BOUND('',#1647,.T.);
#1647=EDGE_LOOP('',(#2240,#2241,#2242,#2243));
#1648=PLANE('',#1649);
#1649=AXIS2_PLACEMENT_3D('',#1650,#1651,#1652);
#1650=CARTESIAN_POINT('',(1.75,-10.3,-3.4));
#1651=DIRECTION('',(0.,-1.,0.));
#1652=DIRECTION('',(1.,0.,0.));
#1653=FACE_BOUND('',#1654,.T.);
#1654=EDGE_LOOP('',(#2244,#2245,#2246,#2247,#2248,#2249,#2250,#2251));
#1655=PLANE('',#1656);
#1656=AXIS2_PLACEMENT_3D('',#1657,#1658,#1659);
#1657=CARTESIAN_POINT('',(2.25,-10.3,-3.4));
#1658=DIRECTION('',(1.,0.,0.));
#1659=DIRECTION('',(0.,1.,0.));
#1660=FACE_BOUND('',#1661,.T.);
#1661=EDGE_LOOP('',(#2252,#2253,#2254,#2255));
#1662=PLANE('',#1663);
#1663=AXIS2_PLACEMENT_3D('',#1664,#1665,#1666);
#1664=CARTESIAN_POINT('',(0.,0.,-3.4));
#1665=DIRECTION('',(0.,0.,1.));
#1666=DIRECTION('',(1.,0.,0.));
#1667=FACE_BOUND('',#1668,.T.);
#1668=EDGE_LOOP('',(#2256,#2257,#2258,#2259));
#1669=CYLINDRICAL_SURFACE('',#1670,0.750000000369132);
#1670=AXIS2_PLACEMENT_3D('',#1671,#1672,#1673);
#1671=CARTESIAN_POINT('',(1.75,-9.04999999920406,3.70000000005133));
#1672=DIRECTION('',(-1.,0.,0.));
#1673=DIRECTION('',(0.,-1.,1.52748332425902E-010));
#1674=FACE_BOUND('',#1675,.T.);
#1675=EDGE_LOOP('',(#2260,#2261,#2262,#2263));
#1676=CYLINDRICAL_SURFACE('',#1677,1.25000000036913);
#1677=AXIS2_PLACEMENT_3D('',#1678,#1679,#1680);
#1678=CARTESIAN_POINT('',(2.25,-9.04999999920406,3.70000000005133));
#1679=DIRECTION('',(-1.,0.,0.));
#1680=DIRECTION('',(0.,-1.,9.16489994735842E-011));
#1681=FACE_BOUND('',#1682,.T.);
#1682=EDGE_LOOP('',(#2264,#2265,#2266,#2267));
#1683=PLANE('',#1684);
#1684=AXIS2_PLACEMENT_3D('',#1685,#1686,#1687);
#1685=CARTESIAN_POINT('',(1.75,-9.04999999923369,4.95000000042046));
#1686=DIRECTION('',(-0.,7.92676875501212E-012,1.));
#1687=DIRECTION('',(1.,0.,0.));
#1688=FACE_BOUND('',#1689,.T.);
#1689=EDGE_LOOP('',(#2268,#2269,#2270,#2271));
#1690=PLANE('',#1691);
#1691=AXIS2_PLACEMENT_3D('',#1692,#1693,#1694);
#1692=CARTESIAN_POINT('',(0.,-2.0999999991298,-5.34999999963463));
#1693=DIRECTION('',(0.,1.,1.15353121669313E-010));
#1694=DIRECTION('',(1.,0.,0.));
#1695=FACE_BOUND('',#1696,.T.);
#1696=EDGE_LOOP('',(#2272,#2273,#2274,#2275));
#1697=PLANE('',#1698);
#1698=AXIS2_PLACEMENT_3D('',#1699,#1700,#1701);
#1699=CARTESIAN_POINT('',(2.25,-9.04999999917601,4.45000000042046));
#1700=DIRECTION('',(-0.,-7.92676875501212E-012,-1.));
#1701=DIRECTION('',(-1.,0.,0.));
#1702=FACE_BOUND('',#1703,.T.);
#1703=EDGE_LOOP('',(#2276,#2277,#2278,#2279));
#1704=PLANE('',#1705);
#1705=AXIS2_PLACEMENT_3D('',#1706,#1707,#1708);
#1706=CARTESIAN_POINT('',(2.93301270189222,-9.8,-3.18349364905389));
#1707=DIRECTION('',(0.,-0.866025403784436,0.500000000000005));
#1708=DIRECTION('',(-1.,0.,0.));
#1709=FACE_BOUND('',#1710,.T.);
#1710=EDGE_LOOP('',(#2280,#2281,#2282,#2283));
#1711=PLANE('',#1712);
#1712=AXIS2_PLACEMENT_3D('',#1713,#1714,#1715);
#1713=CARTESIAN_POINT('',(1.75,-9.11698729810778,-3.18349364905389));
#1714=DIRECTION('',(0.86602540378444,0.,0.499999999999998));
#1715=DIRECTION('',(0.,-1.,0.));
#1716=FACE_BOUND('',#1717,.T.);
#1717=EDGE_LOOP('',(#2284,#2285,#2286,#2287));
#1718=PLANE('',#1719);
#1719=AXIS2_PLACEMENT_3D('',#1720,#1721,#1722);
#1720=CARTESIAN_POINT('',(1.06698729810778,-10.3,-3.18349364905389));
#1721=DIRECTION('',(-0.,0.866025403784442,0.499999999999994));
#1722=DIRECTION('',(1.,0.,0.));
#1723=FACE_BOUND('',#1724,.T.);
#1724=EDGE_LOOP('',(#2288,#2289,#2290,#2291));
#1725=PLANE('',#1726);
#1726=AXIS2_PLACEMENT_3D('',#1727,#1728,#1729);
#1727=CARTESIAN_POINT('',(2.25,-10.9830127018922,-3.18349364905389));
#1728=DIRECTION('',(-0.866025403784439,0.,0.5));
#1729=DIRECTION('',(0.,1.,0.));
#1730=FACE_BOUND('',#1731,.T.);
#1731=EDGE_LOOP('',(#2292,#2293,#2294,#2295));
#1732=PLANE('',#1733);
#1733=AXIS2_PLACEMENT_3D('',#1734,#1735,#1736);
#1734=CARTESIAN_POINT('',(1.75,-2.31650635112758,3.76698729844818));
#1735=DIRECTION('',(-0.866025403784438,0.500000000000001,5.76765503635112E-011));
#1736=DIRECTION('',(0.,-1.15353100727022E-010,1.));
#1737=FACE_BOUND('',#1738,.T.);
#1738=EDGE_LOOP('',(#2296,#2297,#2298,#2299));
#1739=PLANE('',#1740);
#1740=AXIS2_PLACEMENT_3D('',#1741,#1742,#1743);
#1741=CARTESIAN_POINT('',(1.06698729810778,-2.31650635124863,4.95000000036709));
#1742=DIRECTION('',(4.7597338051711E-016,0.499999999926794,0.866025403826704));
#1743=DIRECTION('',(1.,-9.51946761173597E-016,4.57639525312463E-032));
#1744=FACE_BOUND('',#1745,.T.);
#1745=EDGE_LOOP('',(#2300,#2301,#2302,#2303));
#1746=PLANE('',#1747);
#1747=AXIS2_PLACEMENT_3D('',#1748,#1749,#1750);
#1748=CARTESIAN_POINT('',(2.25,-2.31650635134283,5.63301270231269));
#1749=DIRECTION('',(0.866025403784438,0.500000000000001,5.767559841675E-011));
#1750=DIRECTION('',(-5.99837278562537E-027,1.153511968335E-010,-1.));
#1751=FACE_BOUND('',#1752,.T.);
#1752=EDGE_LOOP('',(#2304,#2305,#2306,#2307));
#1753=PLANE('',#1754);
#1754=AXIS2_PLACEMENT_3D('',#1755,#1756,#1757);
#1755=CARTESIAN_POINT('',(2.93301270189222,-2.31650635122178,4.45000000036709));
#1756=DIRECTION('',(-4.759733806565E-016,0.50000000007322,-0.866025403742165));
#1757=DIRECTION('',(-1.,-9.51946761173597E-016,0.));
#1758=FACE_BOUND('',#1759,.T.);
#1759=EDGE_LOOP('',(#2308,#2309,#2310,#2311));
#1760=PLANE('',#1761);
#1761=AXIS2_PLACEMENT_3D('',#1762,#1763,#1764);
#1762=CARTESIAN_POINT('',(2.25000000000001,-7.8,-3.4));
#1763=DIRECTION('',(1.77635683940025E-015,1.,-0.));
#1764=DIRECTION('',(-1.,1.77635683940025E-015,0.));
#1765=FACE_BOUND('',#1766,.T.);
#1766=EDGE_LOOP('',(#2312,#2313,#2314,#2315,#2316,#2317,#2318,#2319));
#1767=PLANE('',#1768);
#1768=AXIS2_PLACEMENT_3D('',#1769,#1770,#1771);
#1769=CARTESIAN_POINT('',(1.75000000000001,-7.8,-3.4));
#1770=DIRECTION('',(-1.,8.88178419700124E-016,0.));
#1771=DIRECTION('',(-8.88178419700124E-016,-1.,0.));
#1772=FACE_BOUND('',#1773,.T.);
#1773=EDGE_LOOP('',(#2320,#2321,#2322,#2323));
#1774=PLANE('',#1775);
#1775=AXIS2_PLACEMENT_3D('',#1776,#1777,#1778);
#1776=CARTESIAN_POINT('',(1.75000000000001,-8.3,-3.4));
#1777=DIRECTION('',(0.,-1.,0.));
#1778=DIRECTION('',(1.,0.,0.));
#1779=FACE_BOUND('',#1780,.T.);
#1780=EDGE_LOOP('',(#2324,#2325,#2326,#2327,#2328,#2329,#2330,#2331));
#1781=PLANE('',#1782);
#1782=AXIS2_PLACEMENT_3D('',#1783,#1784,#1785);
#1783=CARTESIAN_POINT('',(2.25000000000001,-8.3,-3.4));
#1784=DIRECTION('',(1.,0.,0.));
#1785=DIRECTION('',(0.,1.,0.));
#1786=FACE_BOUND('',#1787,.T.);
#1787=EDGE_LOOP('',(#2332,#2333,#2334,#2335));
#1788=PLANE('',#1789);
#1789=AXIS2_PLACEMENT_3D('',#1790,#1791,#1792);
#1790=CARTESIAN_POINT('',(0.,0.,-3.4));
#1791=DIRECTION('',(0.,0.,1.));
#1792=DIRECTION('',(1.,0.,0.));
#1793=FACE_BOUND('',#1794,.T.);
#1794=EDGE_LOOP('',(#2336,#2337,#2338,#2339));
#1795=CYLINDRICAL_SURFACE('',#1796,0.149999999999999);
#1796=AXIS2_PLACEMENT_3D('',#1797,#1798,#1799);
#1797=CARTESIAN_POINT('',(1.75000000000001,-7.65,2.30000000000578));
#1798=DIRECTION('',(-1.,0.,0.));
#1799=DIRECTION('',(0.,-1.,0.));
#1800=FACE_BOUND('',#1801,.T.);
#1801=EDGE_LOOP('',(#2340,#2341,#2342,#2343));
#1802=CYLINDRICAL_SURFACE('',#1803,0.65);
#1803=AXIS2_PLACEMENT_3D('',#1804,#1805,#1806);
#1804=CARTESIAN_POINT('',(2.25000000000001,-7.65,2.30000000000578));
#1805=DIRECTION('',(-1.,0.,0.));
#1806=DIRECTION('',(0.,-1.,0.));
#1807=FACE_BOUND('',#1808,.T.);
#1808=EDGE_LOOP('',(#2344,#2345,#2346,#2347));
#1809=PLANE('',#1810);
#1810=AXIS2_PLACEMENT_3D('',#1811,#1812,#1813);
#1811=CARTESIAN_POINT('',(1.75000000000001,-7.65,2.95000000000578));
#1812=DIRECTION('',(-0.,3.64553232446295E-013,1.));
#1813=DIRECTION('',(1.,0.,0.));
#1814=FACE_BOUND('',#1815,.T.);
#1815=EDGE_LOOP('',(#2348,#2349,#2350,#2351));
#1816=PLANE('',#1817);
#1817=AXIS2_PLACEMENT_3D('',#1818,#1819,#1820);
#1818=CARTESIAN_POINT('',(0.,-2.10000000000015,-5.34999999999624));
#1819=DIRECTION('',(0.,1.,6.12323399573677E-017));
#1820=DIRECTION('',(1.,0.,0.));
#1821=FACE_BOUND('',#1822,.T.);
#1822=EDGE_LOOP('',(#2352,#2353,#2354,#2355));
#1823=PLANE('',#1824);
#1824=AXIS2_PLACEMENT_3D('',#1825,#1826,#1827);
#1825=CARTESIAN_POINT('',(2.25000000000001,-7.65,2.45000000000578));
#1826=DIRECTION('',(1.77635683940025E-015,-3.64553232446295E-013,-1.));
#1827=DIRECTION('',(-1.,0.,-1.77635683940025E-015));
#1828=FACE_BOUND('',#1829,.T.);
#1829=EDGE_LOOP('',(#2356,#2357,#2358,#2359));
#1830=PLANE('',#1831);
#1831=AXIS2_PLACEMENT_3D('',#1832,#1833,#1834);
#1832=CARTESIAN_POINT('',(2.93301270189223,-7.8,-3.18349364905389));
#1833=DIRECTION('',(-1.23661511733998E-015,-0.866025403784437,0.500000000000002));
#1834=DIRECTION('',(-1.,1.4279201417604E-015,-1.05687321247228E-031));
#1835=FACE_BOUND('',#1836,.T.);
#1836=EDGE_LOOP('',(#2360,#2361,#2362,#2363));
#1837=PLANE('',#1838);
#1838=AXIS2_PLACEMENT_3D('',#1839,#1840,#1841);
#1839=CARTESIAN_POINT('',(1.75000000000001,-7.11698729810778,-3.18349364905389));
#1840=DIRECTION('',(0.866025403784438,-8.24410078226653E-016,0.5));
#1841=DIRECTION('',(-9.51946761173597E-016,-1.,0.));
#1842=FACE_BOUND('',#1843,.T.);
#1843=EDGE_LOOP('',(#2364,#2365,#2366,#2367));
#1844=PLANE('',#1845);
#1845=AXIS2_PLACEMENT_3D('',#1846,#1847,#1848);
#1846=CARTESIAN_POINT('',(1.06698729810779,-8.3,-3.18349364905389));
#1847=DIRECTION('',(-0.,0.866025403784436,0.500000000000005));
#1848=DIRECTION('',(1.,0.,0.));
#1849=FACE_BOUND('',#1850,.T.);
#1850=EDGE_LOOP('',(#2368,#2369,#2370,#2371));
#1851=PLANE('',#1852);
#1852=AXIS2_PLACEMENT_3D('',#1853,#1854,#1855);
#1853=CARTESIAN_POINT('',(2.25000000000001,-8.98301270189222,-3.18349364905389));
#1854=DIRECTION('',(-0.866025403784438,0.,0.500000000000001));
#1855=DIRECTION('',(0.,1.,0.));
#1856=FACE_BOUND('',#1857,.T.);
#1857=EDGE_LOOP('',(#2372,#2373,#2374,#2375));
#1858=PLANE('',#1859);
#1859=AXIS2_PLACEMENT_3D('',#1860,#1861,#1862);
#1860=CARTESIAN_POINT('',(1.75000000000001,-2.31650635094626,1.76698729811154));
#1861=DIRECTION('',(-0.866025403784439,0.5,0.));
#1862=DIRECTION('',(0.,0.,1.));
#1863=FACE_BOUND('',#1864,.T.);
#1864=EDGE_LOOP('',(#2376,#2377,#2378,#2379));
#1865=PLANE('',#1866);
#1866=AXIS2_PLACEMENT_3D('',#1867,#1868,#1869);
#1867=CARTESIAN_POINT('',(1.06698729810779,-2.31650635094621,2.95000000000384));
#1868=DIRECTION('',(-0.,0.500000000000086,0.866025403784389));
#1869=DIRECTION('',(1.,0.,0.));
#1870=FACE_BOUND('',#1871,.T.);
#1871=EDGE_LOOP('',(#2380,#2381,#2382,#2383));
#1872=PLANE('',#1873);
#1873=AXIS2_PLACEMENT_3D('',#1874,#1875,#1876);
#1874=CARTESIAN_POINT('',(2.25000000000001,-2.31650635094626,3.633012701898));
#1875=DIRECTION('',(0.866025403784438,0.500000000000001,0.));
#1876=DIRECTION('',(0.,0.,-1.));
#1877=FACE_BOUND('',#1878,.T.);
#1878=EDGE_LOOP('',(#2384,#2385,#2386,#2387));
#1879=PLANE('',#1880);
#1880=AXIS2_PLACEMENT_3D('',#1881,#1882,#1883);
#1881=CARTESIAN_POINT('',(2.93301270189223,-2.3165063509463,2.45000000000384));
#1882=DIRECTION('',(1.64882015645339E-015,0.499999999999924,-0.866025403784483));
#1883=DIRECTION('',(-1.,0.,-1.90389352234719E-015));
#1884=ORIENTED_EDGE('',*,*,#2388,.F.);
#1885=ORIENTED_EDGE('',*,*,#2389,.F.);
#1886=ORIENTED_EDGE('',*,*,#2390,.T.);
#1887=ORIENTED_EDGE('',*,*,#2391,.T.);
#1888=ORIENTED_EDGE('',*,*,#2392,.T.);
#1889=ORIENTED_EDGE('',*,*,#2393,.T.);
#1890=ORIENTED_EDGE('',*,*,#2394,.F.);
#1891=ORIENTED_EDGE('',*,*,#2395,.F.);
#1892=ORIENTED_EDGE('',*,*,#2396,.T.);
#1893=ORIENTED_EDGE('',*,*,#2397,.T.);
#1894=ORIENTED_EDGE('',*,*,#2398,.T.);
#1895=ORIENTED_EDGE('',*,*,#2399,.T.);
#1896=ORIENTED_EDGE('',*,*,#2400,.T.);
#1897=ORIENTED_EDGE('',*,*,#2401,.F.);
#1898=ORIENTED_EDGE('',*,*,#2402,.F.);
#1899=ORIENTED_EDGE('',*,*,#2403,.F.);
#1900=ORIENTED_EDGE('',*,*,#2404,.F.);
#1901=ORIENTED_EDGE('',*,*,#2403,.T.);
#1902=ORIENTED_EDGE('',*,*,#2405,.T.);
#1903=ORIENTED_EDGE('',*,*,#2406,.F.);
#1904=ORIENTED_EDGE('',*,*,#2407,.F.);
#1905=ORIENTED_EDGE('',*,*,#2404,.T.);
#1906=ORIENTED_EDGE('',*,*,#2407,.T.);
#1907=ORIENTED_EDGE('',*,*,#2408,.F.);
#1908=ORIENTED_EDGE('',*,*,#2409,.F.);
#1909=ORIENTED_EDGE('',*,*,#2402,.T.);
#1910=ORIENTED_EDGE('',*,*,#2409,.T.);
#1911=ORIENTED_EDGE('',*,*,#2410,.F.);
#1912=ORIENTED_EDGE('',*,*,#2405,.F.);
#1913=ORIENTED_EDGE('',*,*,#2388,.T.);
#1914=ORIENTED_EDGE('',*,*,#2411,.T.);
#1915=ORIENTED_EDGE('',*,*,#2412,.T.);
#1916=ORIENTED_EDGE('',*,*,#2413,.F.);
#1917=ORIENTED_EDGE('',*,*,#2389,.T.);
#1918=ORIENTED_EDGE('',*,*,#2413,.T.);
#1919=ORIENTED_EDGE('',*,*,#2414,.T.);
#1920=ORIENTED_EDGE('',*,*,#2415,.T.);
#1921=ORIENTED_EDGE('',*,*,#2416,.F.);
#1922=ORIENTED_EDGE('',*,*,#2417,.F.);
#1923=ORIENTED_EDGE('',*,*,#2390,.F.);
#1924=ORIENTED_EDGE('',*,*,#2418,.F.);
#1925=ORIENTED_EDGE('',*,*,#2400,.F.);
#1926=ORIENTED_EDGE('',*,*,#2419,.T.);
#1927=ORIENTED_EDGE('',*,*,#2420,.F.);
#1928=ORIENTED_EDGE('',*,*,#2421,.F.);
#1929=ORIENTED_EDGE('',*,*,#2391,.F.);
#1930=ORIENTED_EDGE('',*,*,#2417,.T.);
#1931=ORIENTED_EDGE('',*,*,#2422,.F.);
#1932=ORIENTED_EDGE('',*,*,#2423,.F.);
#1933=ORIENTED_EDGE('',*,*,#2392,.F.);
#1934=ORIENTED_EDGE('',*,*,#2421,.T.);
#1935=ORIENTED_EDGE('',*,*,#2424,.T.);
#1936=ORIENTED_EDGE('',*,*,#2425,.T.);
#1937=ORIENTED_EDGE('',*,*,#2426,.F.);
#1938=ORIENTED_EDGE('',*,*,#2393,.F.);
#1939=ORIENTED_EDGE('',*,*,#2423,.T.);
#1940=ORIENTED_EDGE('',*,*,#2427,.T.);
#1941=ORIENTED_EDGE('',*,*,#2428,.T.);
#1942=ORIENTED_EDGE('',*,*,#2429,.T.);
#1943=ORIENTED_EDGE('',*,*,#2430,.T.);
#1944=ORIENTED_EDGE('',*,*,#2431,.T.);
#1945=ORIENTED_EDGE('',*,*,#2432,.T.);
#1946=ORIENTED_EDGE('',*,*,#2433,.T.);
#1947=ORIENTED_EDGE('',*,*,#2394,.T.);
#1948=ORIENTED_EDGE('',*,*,#2426,.T.);
#1949=ORIENTED_EDGE('',*,*,#2434,.T.);
#1950=ORIENTED_EDGE('',*,*,#2435,.T.);
#1951=ORIENTED_EDGE('',*,*,#2436,.T.);
#1952=ORIENTED_EDGE('',*,*,#2437,.T.);
#1953=ORIENTED_EDGE('',*,*,#2438,.T.);
#1954=ORIENTED_EDGE('',*,*,#2439,.T.);
#1955=ORIENTED_EDGE('',*,*,#2440,.T.);
#1956=ORIENTED_EDGE('',*,*,#2441,.T.);
#1957=ORIENTED_EDGE('',*,*,#2395,.T.);
#1958=ORIENTED_EDGE('',*,*,#2433,.F.);
#1959=ORIENTED_EDGE('',*,*,#2442,.F.);
#1960=ORIENTED_EDGE('',*,*,#2443,.F.);
#1961=ORIENTED_EDGE('',*,*,#2444,.F.);
#1962=ORIENTED_EDGE('',*,*,#2445,.F.);
#1963=ORIENTED_EDGE('',*,*,#2446,.F.);
#1964=ORIENTED_EDGE('',*,*,#2447,.F.);
#1965=ORIENTED_EDGE('',*,*,#2448,.F.);
#1966=ORIENTED_EDGE('',*,*,#2449,.F.);
#1967=ORIENTED_EDGE('',*,*,#2450,.F.);
#1968=ORIENTED_EDGE('',*,*,#2396,.F.);
#1969=ORIENTED_EDGE('',*,*,#2441,.F.);
#1970=ORIENTED_EDGE('',*,*,#2451,.F.);
#1971=ORIENTED_EDGE('',*,*,#2452,.F.);
#1972=ORIENTED_EDGE('',*,*,#2453,.F.);
#1973=ORIENTED_EDGE('',*,*,#2454,.F.);
#1974=ORIENTED_EDGE('',*,*,#2455,.T.);
#1975=ORIENTED_EDGE('',*,*,#2456,.T.);
#1976=ORIENTED_EDGE('',*,*,#2397,.F.);
#1977=ORIENTED_EDGE('',*,*,#2450,.T.);
#1978=ORIENTED_EDGE('',*,*,#2457,.T.);
#1979=ORIENTED_EDGE('',*,*,#2458,.T.);
#1980=ORIENTED_EDGE('',*,*,#2459,.T.);
#1981=ORIENTED_EDGE('',*,*,#2460,.F.);
#1982=ORIENTED_EDGE('',*,*,#2461,.F.);
#1983=ORIENTED_EDGE('',*,*,#2398,.F.);
#1984=ORIENTED_EDGE('',*,*,#2456,.F.);
#1985=ORIENTED_EDGE('',*,*,#2462,.F.);
#1986=ORIENTED_EDGE('',*,*,#2419,.F.);
#1987=ORIENTED_EDGE('',*,*,#2399,.F.);
#1988=ORIENTED_EDGE('',*,*,#2461,.T.);
#1989=ORIENTED_EDGE('',*,*,#2401,.T.);
#1990=ORIENTED_EDGE('',*,*,#2463,.F.);
#1991=ORIENTED_EDGE('',*,*,#2464,.F.);
#1992=ORIENTED_EDGE('',*,*,#2411,.F.);
#1993=ORIENTED_EDGE('',*,*,#2410,.T.);
#1994=ORIENTED_EDGE('',*,*,#2408,.T.);
#1995=ORIENTED_EDGE('',*,*,#2406,.T.);
#1996=ORIENTED_EDGE('',*,*,#2464,.T.);
#1997=ORIENTED_EDGE('',*,*,#2465,.T.);
#1998=ORIENTED_EDGE('',*,*,#2414,.F.);
#1999=ORIENTED_EDGE('',*,*,#2412,.F.);
#2000=ORIENTED_EDGE('',*,*,#2418,.T.);
#2001=ORIENTED_EDGE('',*,*,#2415,.F.);
#2002=ORIENTED_EDGE('',*,*,#2465,.F.);
#2003=ORIENTED_EDGE('',*,*,#2463,.T.);
#2004=ORIENTED_EDGE('',*,*,#2466,.F.);
#2005=ORIENTED_EDGE('',*,*,#2467,.F.);
#2006=ORIENTED_EDGE('',*,*,#2416,.T.);
#2007=ORIENTED_EDGE('',*,*,#2468,.T.);
#2008=ORIENTED_EDGE('',*,*,#2469,.F.);
#2009=ORIENTED_EDGE('',*,*,#2470,.F.);
#2010=ORIENTED_EDGE('',*,*,#2420,.T.);
#2011=ORIENTED_EDGE('',*,*,#2467,.T.);
#2012=ORIENTED_EDGE('',*,*,#2471,.F.);
#2013=ORIENTED_EDGE('',*,*,#2472,.F.);
#2014=ORIENTED_EDGE('',*,*,#2422,.T.);
#2015=ORIENTED_EDGE('',*,*,#2470,.T.);
#2016=ORIENTED_EDGE('',*,*,#2424,.F.);
#2017=ORIENTED_EDGE('',*,*,#2473,.T.);
#2018=ORIENTED_EDGE('',*,*,#2474,.T.);
#2019=ORIENTED_EDGE('',*,*,#2475,.T.);
#2020=ORIENTED_EDGE('',*,*,#2475,.F.);
#2021=ORIENTED_EDGE('',*,*,#2476,.T.);
#2022=ORIENTED_EDGE('',*,*,#2477,.T.);
#2023=ORIENTED_EDGE('',*,*,#2434,.F.);
#2024=ORIENTED_EDGE('',*,*,#2425,.F.);
#2025=ORIENTED_EDGE('',*,*,#2427,.F.);
#2026=ORIENTED_EDGE('',*,*,#2472,.T.);
#2027=ORIENTED_EDGE('',*,*,#2478,.T.);
#2028=ORIENTED_EDGE('',*,*,#2479,.F.);
#2029=ORIENTED_EDGE('',*,*,#2428,.F.);
#2030=ORIENTED_EDGE('',*,*,#2479,.T.);
#2031=ORIENTED_EDGE('',*,*,#2480,.T.);
#2032=ORIENTED_EDGE('',*,*,#2473,.F.);
#2033=ORIENTED_EDGE('',*,*,#2454,.T.);
#2034=ORIENTED_EDGE('',*,*,#2481,.T.);
#2035=ORIENTED_EDGE('',*,*,#2429,.F.);
#2036=ORIENTED_EDGE('',*,*,#2482,.F.);
#2037=ORIENTED_EDGE('',*,*,#2453,.T.);
#2038=ORIENTED_EDGE('',*,*,#2483,.T.);
#2039=ORIENTED_EDGE('',*,*,#2430,.F.);
#2040=ORIENTED_EDGE('',*,*,#2481,.F.);
#2041=ORIENTED_EDGE('',*,*,#2452,.T.);
#2042=ORIENTED_EDGE('',*,*,#2484,.T.);
#2043=ORIENTED_EDGE('',*,*,#2431,.F.);
#2044=ORIENTED_EDGE('',*,*,#2483,.F.);
#2045=ORIENTED_EDGE('',*,*,#2451,.T.);
#2046=ORIENTED_EDGE('',*,*,#2442,.T.);
#2047=ORIENTED_EDGE('',*,*,#2432,.F.);
#2048=ORIENTED_EDGE('',*,*,#2484,.F.);
#2049=ORIENTED_EDGE('',*,*,#2485,.T.);
#2050=ORIENTED_EDGE('',*,*,#2486,.T.);
#2051=ORIENTED_EDGE('',*,*,#2435,.F.);
#2052=ORIENTED_EDGE('',*,*,#2477,.F.);
#2053=ORIENTED_EDGE('',*,*,#2487,.F.);
#2054=ORIENTED_EDGE('',*,*,#2488,.T.);
#2055=ORIENTED_EDGE('',*,*,#2436,.F.);
#2056=ORIENTED_EDGE('',*,*,#2486,.F.);
#2057=ORIENTED_EDGE('',*,*,#2489,.T.);
#2058=ORIENTED_EDGE('',*,*,#2490,.T.);
#2059=ORIENTED_EDGE('',*,*,#2491,.T.);
#2060=ORIENTED_EDGE('',*,*,#2492,.T.);
#2061=ORIENTED_EDGE('',*,*,#2437,.F.);
#2062=ORIENTED_EDGE('',*,*,#2488,.F.);
#2063=ORIENTED_EDGE('',*,*,#2493,.T.);
#2064=ORIENTED_EDGE('',*,*,#2494,.T.);
#2065=ORIENTED_EDGE('',*,*,#2495,.F.);
#2066=ORIENTED_EDGE('',*,*,#2445,.T.);
#2067=ORIENTED_EDGE('',*,*,#2496,.T.);
#2068=ORIENTED_EDGE('',*,*,#2438,.F.);
#2069=ORIENTED_EDGE('',*,*,#2492,.F.);
#2070=ORIENTED_EDGE('',*,*,#2497,.T.);
#2071=ORIENTED_EDGE('',*,*,#2498,.T.);
#2072=ORIENTED_EDGE('',*,*,#2499,.T.);
#2073=ORIENTED_EDGE('',*,*,#2500,.T.);
#2074=ORIENTED_EDGE('',*,*,#2444,.T.);
#2075=ORIENTED_EDGE('',*,*,#2501,.T.);
#2076=ORIENTED_EDGE('',*,*,#2439,.F.);
#2077=ORIENTED_EDGE('',*,*,#2496,.F.);
#2078=ORIENTED_EDGE('',*,*,#2443,.T.);
#2079=ORIENTED_EDGE('',*,*,#2482,.T.);
#2080=ORIENTED_EDGE('',*,*,#2440,.F.);
#2081=ORIENTED_EDGE('',*,*,#2501,.F.);
#2082=ORIENTED_EDGE('',*,*,#2502,.T.);
#2083=ORIENTED_EDGE('',*,*,#2503,.F.);
#2084=ORIENTED_EDGE('',*,*,#2446,.T.);
#2085=ORIENTED_EDGE('',*,*,#2495,.T.);
#2086=ORIENTED_EDGE('',*,*,#2504,.T.);
#2087=ORIENTED_EDGE('',*,*,#2505,.T.);
#2088=ORIENTED_EDGE('',*,*,#2506,.F.);
#2089=ORIENTED_EDGE('',*,*,#2507,.T.);
#2090=ORIENTED_EDGE('',*,*,#2508,.F.);
#2091=ORIENTED_EDGE('',*,*,#2447,.T.);
#2092=ORIENTED_EDGE('',*,*,#2503,.T.);
#2093=ORIENTED_EDGE('',*,*,#2509,.T.);
#2094=ORIENTED_EDGE('',*,*,#2510,.F.);
#2095=ORIENTED_EDGE('',*,*,#2448,.T.);
#2096=ORIENTED_EDGE('',*,*,#2508,.T.);
#2097=ORIENTED_EDGE('',*,*,#2511,.F.);
#2098=ORIENTED_EDGE('',*,*,#2457,.F.);
#2099=ORIENTED_EDGE('',*,*,#2449,.T.);
#2100=ORIENTED_EDGE('',*,*,#2510,.T.);
#2101=ORIENTED_EDGE('',*,*,#2512,.T.);
#2102=ORIENTED_EDGE('',*,*,#2455,.F.);
#2103=ORIENTED_EDGE('',*,*,#2513,.T.);
#2104=ORIENTED_EDGE('',*,*,#2514,.T.);
#2105=ORIENTED_EDGE('',*,*,#2515,.F.);
#2106=ORIENTED_EDGE('',*,*,#2458,.F.);
#2107=ORIENTED_EDGE('',*,*,#2511,.T.);
#2108=ORIENTED_EDGE('',*,*,#2516,.T.);
#2109=ORIENTED_EDGE('',*,*,#2517,.F.);
#2110=ORIENTED_EDGE('',*,*,#2459,.F.);
#2111=ORIENTED_EDGE('',*,*,#2517,.T.);
#2112=ORIENTED_EDGE('',*,*,#2518,.T.);
#2113=ORIENTED_EDGE('',*,*,#2513,.F.);
#2114=ORIENTED_EDGE('',*,*,#2519,.F.);
#2115=ORIENTED_EDGE('',*,*,#2520,.F.);
#2116=ORIENTED_EDGE('',*,*,#2460,.T.);
#2117=ORIENTED_EDGE('',*,*,#2515,.T.);
#2118=ORIENTED_EDGE('',*,*,#2521,.F.);
#2119=ORIENTED_EDGE('',*,*,#2468,.F.);
#2120=ORIENTED_EDGE('',*,*,#2462,.T.);
#2121=ORIENTED_EDGE('',*,*,#2520,.T.);
#2122=ORIENTED_EDGE('',*,*,#2478,.F.);
#2123=ORIENTED_EDGE('',*,*,#2471,.T.);
#2124=ORIENTED_EDGE('',*,*,#2469,.T.);
#2125=ORIENTED_EDGE('',*,*,#2466,.T.);
#2126=ORIENTED_EDGE('',*,*,#2521,.T.);
#2127=ORIENTED_EDGE('',*,*,#2519,.T.);
#2128=ORIENTED_EDGE('',*,*,#2514,.F.);
#2129=ORIENTED_EDGE('',*,*,#2522,.F.);
#2130=ORIENTED_EDGE('',*,*,#2523,.F.);
#2131=ORIENTED_EDGE('',*,*,#2524,.T.);
#2132=ORIENTED_EDGE('',*,*,#2525,.F.);
#2133=ORIENTED_EDGE('',*,*,#2489,.F.);
#2134=ORIENTED_EDGE('',*,*,#2485,.F.);
#2135=ORIENTED_EDGE('',*,*,#2476,.F.);
#2136=ORIENTED_EDGE('',*,*,#2474,.F.);
#2137=ORIENTED_EDGE('',*,*,#2526,.F.);
#2138=ORIENTED_EDGE('',*,*,#2527,.F.);
#2139=ORIENTED_EDGE('',*,*,#2528,.T.);
#2140=ORIENTED_EDGE('',*,*,#2480,.F.);
#2141=ORIENTED_EDGE('',*,*,#2524,.F.);
#2142=ORIENTED_EDGE('',*,*,#2529,.F.);
#2143=ORIENTED_EDGE('',*,*,#2526,.T.);
#2144=ORIENTED_EDGE('',*,*,#2493,.F.);
#2145=ORIENTED_EDGE('',*,*,#2487,.T.);
#2146=ORIENTED_EDGE('',*,*,#2525,.T.);
#2147=ORIENTED_EDGE('',*,*,#2530,.F.);
#2148=ORIENTED_EDGE('',*,*,#2490,.F.);
#2149=ORIENTED_EDGE('',*,*,#2530,.T.);
#2150=ORIENTED_EDGE('',*,*,#2531,.T.);
#2151=ORIENTED_EDGE('',*,*,#2532,.F.);
#2152=ORIENTED_EDGE('',*,*,#2533,.F.);
#2153=ORIENTED_EDGE('',*,*,#2534,.T.);
#2154=ORIENTED_EDGE('',*,*,#2497,.F.);
#2155=ORIENTED_EDGE('',*,*,#2491,.F.);
#2156=ORIENTED_EDGE('',*,*,#2535,.F.);
#2157=ORIENTED_EDGE('',*,*,#2504,.F.);
#2158=ORIENTED_EDGE('',*,*,#2494,.F.);
#2159=ORIENTED_EDGE('',*,*,#2536,.F.);
#2160=ORIENTED_EDGE('',*,*,#2537,.F.);
#2161=ORIENTED_EDGE('',*,*,#2538,.T.);
#2162=ORIENTED_EDGE('',*,*,#2498,.F.);
#2163=ORIENTED_EDGE('',*,*,#2534,.F.);
#2164=ORIENTED_EDGE('',*,*,#2539,.F.);
#2165=ORIENTED_EDGE('',*,*,#2540,.T.);
#2166=ORIENTED_EDGE('',*,*,#2499,.F.);
#2167=ORIENTED_EDGE('',*,*,#2538,.F.);
#2168=ORIENTED_EDGE('',*,*,#2541,.F.);
#2169=ORIENTED_EDGE('',*,*,#2536,.T.);
#2170=ORIENTED_EDGE('',*,*,#2500,.F.);
#2171=ORIENTED_EDGE('',*,*,#2540,.F.);
#2172=ORIENTED_EDGE('',*,*,#2502,.F.);
#2173=ORIENTED_EDGE('',*,*,#2542,.T.);
#2174=ORIENTED_EDGE('',*,*,#2543,.T.);
#2175=ORIENTED_EDGE('',*,*,#2506,.T.);
#2176=ORIENTED_EDGE('',*,*,#2505,.F.);
#2177=ORIENTED_EDGE('',*,*,#2544,.T.);
#2178=ORIENTED_EDGE('',*,*,#2545,.T.);
#2179=ORIENTED_EDGE('',*,*,#2542,.F.);
#2180=ORIENTED_EDGE('',*,*,#2543,.F.);
#2181=ORIENTED_EDGE('',*,*,#2546,.F.);
#2182=ORIENTED_EDGE('',*,*,#2547,.F.);
#2183=ORIENTED_EDGE('',*,*,#2548,.T.);
#2184=ORIENTED_EDGE('',*,*,#2516,.F.);
#2185=ORIENTED_EDGE('',*,*,#2512,.F.);
#2186=ORIENTED_EDGE('',*,*,#2509,.F.);
#2187=ORIENTED_EDGE('',*,*,#2507,.F.);
#2188=ORIENTED_EDGE('',*,*,#2518,.F.);
#2189=ORIENTED_EDGE('',*,*,#2548,.F.);
#2190=ORIENTED_EDGE('',*,*,#2549,.F.);
#2191=ORIENTED_EDGE('',*,*,#2522,.T.);
#2192=ORIENTED_EDGE('',*,*,#2549,.T.);
#2193=ORIENTED_EDGE('',*,*,#2547,.T.);
#2194=ORIENTED_EDGE('',*,*,#2550,.T.);
#2195=ORIENTED_EDGE('',*,*,#2527,.T.);
#2196=ORIENTED_EDGE('',*,*,#2529,.T.);
#2197=ORIENTED_EDGE('',*,*,#2523,.T.);
#2198=ORIENTED_EDGE('',*,*,#2545,.F.);
#2199=ORIENTED_EDGE('',*,*,#2551,.T.);
#2200=ORIENTED_EDGE('',*,*,#2552,.T.);
#2201=ORIENTED_EDGE('',*,*,#2553,.T.);
#2202=ORIENTED_EDGE('',*,*,#2554,.T.);
#2203=ORIENTED_EDGE('',*,*,#2555,.T.);
#2204=ORIENTED_EDGE('',*,*,#2531,.F.);
#2205=ORIENTED_EDGE('',*,*,#2528,.F.);
#2206=ORIENTED_EDGE('',*,*,#2550,.F.);
#2207=ORIENTED_EDGE('',*,*,#2546,.T.);
#2208=ORIENTED_EDGE('',*,*,#2555,.F.);
#2209=ORIENTED_EDGE('',*,*,#2556,.F.);
#2210=ORIENTED_EDGE('',*,*,#2533,.T.);
#2211=ORIENTED_EDGE('',*,*,#2532,.T.);
#2212=ORIENTED_EDGE('',*,*,#2551,.F.);
#2213=ORIENTED_EDGE('',*,*,#2544,.F.);
#2214=ORIENTED_EDGE('',*,*,#2535,.T.);
#2215=ORIENTED_EDGE('',*,*,#2557,.T.);
#2216=ORIENTED_EDGE('',*,*,#2554,.F.);
#2217=ORIENTED_EDGE('',*,*,#2558,.F.);
#2218=ORIENTED_EDGE('',*,*,#2537,.T.);
#2219=ORIENTED_EDGE('',*,*,#2556,.T.);
#2220=ORIENTED_EDGE('',*,*,#2553,.F.);
#2221=ORIENTED_EDGE('',*,*,#2559,.F.);
#2222=ORIENTED_EDGE('',*,*,#2539,.T.);
#2223=ORIENTED_EDGE('',*,*,#2558,.T.);
#2224=ORIENTED_EDGE('',*,*,#2552,.F.);
#2225=ORIENTED_EDGE('',*,*,#2557,.F.);
#2226=ORIENTED_EDGE('',*,*,#2541,.T.);
#2227=ORIENTED_EDGE('',*,*,#2559,.T.);
#2228=ORIENTED_EDGE('',*,*,#2560,.T.);
#2229=ORIENTED_EDGE('',*,*,#2561,.T.);
#2230=ORIENTED_EDGE('',*,*,#2562,.F.);
#2231=ORIENTED_EDGE('',*,*,#2563,.F.);
#2232=ORIENTED_EDGE('',*,*,#2564,.F.);
#2233=ORIENTED_EDGE('',*,*,#2565,.F.);
#2234=ORIENTED_EDGE('',*,*,#2566,.F.);
#2235=ORIENTED_EDGE('',*,*,#2561,.F.);
#2236=ORIENTED_EDGE('',*,*,#2567,.T.);
#2237=ORIENTED_EDGE('',*,*,#2568,.T.);
#2238=ORIENTED_EDGE('',*,*,#2569,.T.);
#2239=ORIENTED_EDGE('',*,*,#2570,.T.);
#2240=ORIENTED_EDGE('',*,*,#2571,.T.);
#2241=ORIENTED_EDGE('',*,*,#2572,.T.);
#2242=ORIENTED_EDGE('',*,*,#2573,.F.);
#2243=ORIENTED_EDGE('',*,*,#2568,.F.);
#2244=ORIENTED_EDGE('',*,*,#2574,.F.);
#2245=ORIENTED_EDGE('',*,*,#2575,.F.);
#2246=ORIENTED_EDGE('',*,*,#2576,.F.);
#2247=ORIENTED_EDGE('',*,*,#2572,.F.);
#2248=ORIENTED_EDGE('',*,*,#2577,.T.);
#2249=ORIENTED_EDGE('',*,*,#2563,.T.);
#2250=ORIENTED_EDGE('',*,*,#2578,.T.);
#2251=ORIENTED_EDGE('',*,*,#2579,.T.);
#2252=ORIENTED_EDGE('',*,*,#2580,.F.);
#2253=ORIENTED_EDGE('',*,*,#2581,.F.);
#2254=ORIENTED_EDGE('',*,*,#2582,.F.);
#2255=ORIENTED_EDGE('',*,*,#2583,.F.);
#2256=ORIENTED_EDGE('',*,*,#2562,.T.);
#2257=ORIENTED_EDGE('',*,*,#2566,.T.);
#2258=ORIENTED_EDGE('',*,*,#2584,.F.);
#2259=ORIENTED_EDGE('',*,*,#2578,.F.);
#2260=ORIENTED_EDGE('',*,*,#2573,.T.);
#2261=ORIENTED_EDGE('',*,*,#2576,.T.);
#2262=ORIENTED_EDGE('',*,*,#2585,.F.);
#2263=ORIENTED_EDGE('',*,*,#2569,.F.);
#2264=ORIENTED_EDGE('',*,*,#2586,.F.);
#2265=ORIENTED_EDGE('',*,*,#2570,.F.);
#2266=ORIENTED_EDGE('',*,*,#2585,.T.);
#2267=ORIENTED_EDGE('',*,*,#2575,.T.);
#2268=ORIENTED_EDGE('',*,*,#2587,.T.);
#2269=ORIENTED_EDGE('',*,*,#2588,.T.);
#2270=ORIENTED_EDGE('',*,*,#2589,.T.);
#2271=ORIENTED_EDGE('',*,*,#2590,.T.);
#2272=ORIENTED_EDGE('',*,*,#2591,.F.);
#2273=ORIENTED_EDGE('',*,*,#2579,.F.);
#2274=ORIENTED_EDGE('',*,*,#2584,.T.);
#2275=ORIENTED_EDGE('',*,*,#2565,.T.);
#2276=ORIENTED_EDGE('',*,*,#2560,.F.);
#2277=ORIENTED_EDGE('',*,*,#2592,.F.);
#2278=ORIENTED_EDGE('',*,*,#2580,.T.);
#2279=ORIENTED_EDGE('',*,*,#2593,.T.);
#2280=ORIENTED_EDGE('',*,*,#2567,.F.);
#2281=ORIENTED_EDGE('',*,*,#2593,.F.);
#2282=ORIENTED_EDGE('',*,*,#2583,.T.);
#2283=ORIENTED_EDGE('',*,*,#2594,.T.);
#2284=ORIENTED_EDGE('',*,*,#2571,.F.);
#2285=ORIENTED_EDGE('',*,*,#2594,.F.);
#2286=ORIENTED_EDGE('',*,*,#2582,.T.);
#2287=ORIENTED_EDGE('',*,*,#2595,.T.);
#2288=ORIENTED_EDGE('',*,*,#2577,.F.);
#2289=ORIENTED_EDGE('',*,*,#2595,.F.);
#2290=ORIENTED_EDGE('',*,*,#2581,.T.);
#2291=ORIENTED_EDGE('',*,*,#2592,.T.);
#2292=ORIENTED_EDGE('',*,*,#2564,.T.);
#2293=ORIENTED_EDGE('',*,*,#2596,.T.);
#2294=ORIENTED_EDGE('',*,*,#2587,.F.);
#2295=ORIENTED_EDGE('',*,*,#2597,.F.);
#2296=ORIENTED_EDGE('',*,*,#2586,.T.);
#2297=ORIENTED_EDGE('',*,*,#2598,.T.);
#2298=ORIENTED_EDGE('',*,*,#2588,.F.);
#2299=ORIENTED_EDGE('',*,*,#2596,.F.);
#2300=ORIENTED_EDGE('',*,*,#2574,.T.);
#2301=ORIENTED_EDGE('',*,*,#2599,.T.);
#2302=ORIENTED_EDGE('',*,*,#2589,.F.);
#2303=ORIENTED_EDGE('',*,*,#2598,.F.);
#2304=ORIENTED_EDGE('',*,*,#2591,.T.);
#2305=ORIENTED_EDGE('',*,*,#2597,.T.);
#2306=ORIENTED_EDGE('',*,*,#2590,.F.);
#2307=ORIENTED_EDGE('',*,*,#2599,.F.);
#2308=ORIENTED_EDGE('',*,*,#2600,.T.);
#2309=ORIENTED_EDGE('',*,*,#2601,.T.);
#2310=ORIENTED_EDGE('',*,*,#2602,.F.);
#2311=ORIENTED_EDGE('',*,*,#2603,.F.);
#2312=ORIENTED_EDGE('',*,*,#2604,.F.);
#2313=ORIENTED_EDGE('',*,*,#2605,.F.);
#2314=ORIENTED_EDGE('',*,*,#2606,.F.);
#2315=ORIENTED_EDGE('',*,*,#2601,.F.);
#2316=ORIENTED_EDGE('',*,*,#2607,.T.);
#2317=ORIENTED_EDGE('',*,*,#2608,.T.);
#2318=ORIENTED_EDGE('',*,*,#2609,.T.);
#2319=ORIENTED_EDGE('',*,*,#2610,.T.);
#2320=ORIENTED_EDGE('',*,*,#2611,.T.);
#2321=ORIENTED_EDGE('',*,*,#2612,.T.);
#2322=ORIENTED_EDGE('',*,*,#2613,.F.);
#2323=ORIENTED_EDGE('',*,*,#2608,.F.);
#2324=ORIENTED_EDGE('',*,*,#2614,.F.);
#2325=ORIENTED_EDGE('',*,*,#2615,.F.);
#2326=ORIENTED_EDGE('',*,*,#2616,.F.);
#2327=ORIENTED_EDGE('',*,*,#2612,.F.);
#2328=ORIENTED_EDGE('',*,*,#2617,.T.);
#2329=ORIENTED_EDGE('',*,*,#2603,.T.);
#2330=ORIENTED_EDGE('',*,*,#2618,.T.);
#2331=ORIENTED_EDGE('',*,*,#2619,.T.);
#2332=ORIENTED_EDGE('',*,*,#2620,.F.);
#2333=ORIENTED_EDGE('',*,*,#2621,.F.);
#2334=ORIENTED_EDGE('',*,*,#2622,.F.);
#2335=ORIENTED_EDGE('',*,*,#2623,.F.);
#2336=ORIENTED_EDGE('',*,*,#2602,.T.);
#2337=ORIENTED_EDGE('',*,*,#2606,.T.);
#2338=ORIENTED_EDGE('',*,*,#2624,.F.);
#2339=ORIENTED_EDGE('',*,*,#2618,.F.);
#2340=ORIENTED_EDGE('',*,*,#2613,.T.);
#2341=ORIENTED_EDGE('',*,*,#2616,.T.);
#2342=ORIENTED_EDGE('',*,*,#2625,.F.);
#2343=ORIENTED_EDGE('',*,*,#2609,.F.);
#2344=ORIENTED_EDGE('',*,*,#2626,.F.);
#2345=ORIENTED_EDGE('',*,*,#2610,.F.);
#2346=ORIENTED_EDGE('',*,*,#2625,.T.);
#2347=ORIENTED_EDGE('',*,*,#2615,.T.);
#2348=ORIENTED_EDGE('',*,*,#2627,.T.);
#2349=ORIENTED_EDGE('',*,*,#2628,.T.);
#2350=ORIENTED_EDGE('',*,*,#2629,.T.);
#2351=ORIENTED_EDGE('',*,*,#2630,.T.);
#2352=ORIENTED_EDGE('',*,*,#2631,.F.);
#2353=ORIENTED_EDGE('',*,*,#2619,.F.);
#2354=ORIENTED_EDGE('',*,*,#2624,.T.);
#2355=ORIENTED_EDGE('',*,*,#2605,.T.);
#2356=ORIENTED_EDGE('',*,*,#2600,.F.);
#2357=ORIENTED_EDGE('',*,*,#2632,.F.);
#2358=ORIENTED_EDGE('',*,*,#2620,.T.);
#2359=ORIENTED_EDGE('',*,*,#2633,.T.);
#2360=ORIENTED_EDGE('',*,*,#2607,.F.);
#2361=ORIENTED_EDGE('',*,*,#2633,.F.);
#2362=ORIENTED_EDGE('',*,*,#2623,.T.);
#2363=ORIENTED_EDGE('',*,*,#2634,.T.);
#2364=ORIENTED_EDGE('',*,*,#2611,.F.);
#2365=ORIENTED_EDGE('',*,*,#2634,.F.);
#2366=ORIENTED_EDGE('',*,*,#2622,.T.);
#2367=ORIENTED_EDGE('',*,*,#2635,.T.);
#2368=ORIENTED_EDGE('',*,*,#2617,.F.);
#2369=ORIENTED_EDGE('',*,*,#2635,.F.);
#2370=ORIENTED_EDGE('',*,*,#2621,.T.);
#2371=ORIENTED_EDGE('',*,*,#2632,.T.);
#2372=ORIENTED_EDGE('',*,*,#2604,.T.);
#2373=ORIENTED_EDGE('',*,*,#2636,.T.);
#2374=ORIENTED_EDGE('',*,*,#2627,.F.);
#2375=ORIENTED_EDGE('',*,*,#2637,.F.);
#2376=ORIENTED_EDGE('',*,*,#2626,.T.);
#2377=ORIENTED_EDGE('',*,*,#2638,.T.);
#2378=ORIENTED_EDGE('',*,*,#2628,.F.);
#2379=ORIENTED_EDGE('',*,*,#2636,.F.);
#2380=ORIENTED_EDGE('',*,*,#2614,.T.);
#2381=ORIENTED_EDGE('',*,*,#2639,.T.);
#2382=ORIENTED_EDGE('',*,*,#2629,.F.);
#2383=ORIENTED_EDGE('',*,*,#2638,.F.);
#2384=ORIENTED_EDGE('',*,*,#2631,.T.);
#2385=ORIENTED_EDGE('',*,*,#2637,.T.);
#2386=ORIENTED_EDGE('',*,*,#2630,.F.);
#2387=ORIENTED_EDGE('',*,*,#2639,.F.);
#2388=EDGE_CURVE('',#2640,#2641,#2642,.T.);
#2389=EDGE_CURVE('',#2643,#2640,#2644,.T.);
#2390=EDGE_CURVE('',#2643,#2645,#2646,.F.);
#2391=EDGE_CURVE('',#2645,#2647,#2648,.F.);
#2392=EDGE_CURVE('',#2647,#2649,#2650,.F.);
#2393=EDGE_CURVE('',#2649,#2651,#2652,.T.);
#2394=EDGE_CURVE('',#2653,#2651,#2654,.T.);
#2395=EDGE_CURVE('',#2655,#2653,#2656,.T.);
#2396=EDGE_CURVE('',#2655,#2657,#2658,.T.);
#2397=EDGE_CURVE('',#2657,#2659,#2660,.T.);
#2398=EDGE_CURVE('',#2659,#2661,#2662,.F.);
#2399=EDGE_CURVE('',#2661,#2663,#2664,.F.);
#2400=EDGE_CURVE('',#2663,#2665,#2666,.F.);
#2401=EDGE_CURVE('',#2641,#2665,#2667,.F.);
#2402=EDGE_CURVE('',#2668,#2669,#2670,.T.);
#2403=EDGE_CURVE('',#2671,#2668,#2672,.T.);
#2404=EDGE_CURVE('',#2669,#2671,#2673,.T.);
#2405=EDGE_CURVE('',#2668,#2674,#2675,.T.);
#2406=EDGE_CURVE('',#2676,#2674,#2677,.T.);
#2407=EDGE_CURVE('',#2671,#2676,#2678,.T.);
#2408=EDGE_CURVE('',#2679,#2676,#2680,.T.);
#2409=EDGE_CURVE('',#2669,#2679,#2681,.T.);
#2410=EDGE_CURVE('',#2674,#2679,#2682,.T.);
#2411=EDGE_CURVE('',#2641,#2683,#2684,.T.);
#2412=EDGE_CURVE('',#2683,#2685,#2686,.T.);
#2413=EDGE_CURVE('',#2640,#2685,#2687,.T.);
#2414=EDGE_CURVE('',#2685,#2688,#2689,.T.);
#2415=EDGE_CURVE('',#2688,#2643,#2690,.T.);
#2416=EDGE_CURVE('',#2691,#2692,#2693,.T.);
#2417=EDGE_CURVE('',#2645,#2691,#2694,.T.);
#2418=EDGE_CURVE('',#2665,#2643,#2695,.T.);
#2419=EDGE_CURVE('',#2663,#2692,#2696,.T.);
#2420=EDGE_CURVE('',#2697,#2691,#2698,.T.);
#2421=EDGE_CURVE('',#2647,#2697,#2699,.T.);
#2422=EDGE_CURVE('',#2700,#2697,#2701,.T.);
#2423=EDGE_CURVE('',#2649,#2700,#2702,.F.);
#2424=EDGE_CURVE('',#2703,#2704,#2705,.F.);
#2425=EDGE_CURVE('',#2704,#2706,#2707,.T.);
#2426=EDGE_CURVE('',#2651,#2706,#2708,.T.);
#2427=EDGE_CURVE('',#2700,#2709,#2710,.F.);
#2428=EDGE_CURVE('',#2709,#2703,#2711,.F.);
#2429=EDGE_CURVE('',#2712,#2713,#2714,.T.);
#2430=EDGE_CURVE('',#2713,#2715,#2716,.T.);
#2431=EDGE_CURVE('',#2715,#2717,#2718,.T.);
#2432=EDGE_CURVE('',#2717,#2719,#2720,.T.);
#2433=EDGE_CURVE('',#2719,#2653,#2721,.T.);
#2434=EDGE_CURVE('',#2706,#2722,#2723,.T.);
#2435=EDGE_CURVE('',#2722,#2724,#2725,.T.);
#2436=EDGE_CURVE('',#2724,#2726,#2727,.T.);
#2437=EDGE_CURVE('',#2726,#2728,#2729,.T.);
#2438=EDGE_CURVE('',#2728,#2730,#2731,.T.);
#2439=EDGE_CURVE('',#2730,#2732,#2733,.T.);
#2440=EDGE_CURVE('',#2732,#2712,#2734,.T.);
#2441=EDGE_CURVE('',#2735,#2655,#2736,.T.);
#2442=EDGE_CURVE('',#2735,#2719,#2737,.T.);
#2443=EDGE_CURVE('',#2738,#2739,#2740,.T.);
#2444=EDGE_CURVE('',#2741,#2738,#2742,.T.);
#2445=EDGE_CURVE('',#2743,#2741,#2744,.T.);
#2446=EDGE_CURVE('',#2745,#2743,#2746,.T.);
#2447=EDGE_CURVE('',#2747,#2745,#2748,.T.);
#2448=EDGE_CURVE('',#2749,#2747,#2750,.T.);
#2449=EDGE_CURVE('',#2751,#2749,#2752,.T.);
#2450=EDGE_CURVE('',#2657,#2751,#2753,.T.);
#2451=EDGE_CURVE('',#2754,#2735,#2755,.T.);
#2452=EDGE_CURVE('',#2756,#2754,#2757,.T.);
#2453=EDGE_CURVE('',#2758,#2756,#2759,.T.);
#2454=EDGE_CURVE('',#2739,#2758,#2760,.T.);
#2455=EDGE_CURVE('',#2761,#2762,#2763,.F.);
#2456=EDGE_CURVE('',#2762,#2659,#2764,.F.);
#2457=EDGE_CURVE('',#2751,#2765,#2766,.T.);
#2458=EDGE_CURVE('',#2765,#2767,#2768,.F.);
#2459=EDGE_CURVE('',#2767,#2761,#2769,.F.);
#2460=EDGE_CURVE('',#2770,#2762,#2771,.T.);
#2461=EDGE_CURVE('',#2661,#2770,#2772,.T.);
#2462=EDGE_CURVE('',#2692,#2770,#2773,.T.);
#2463=EDGE_CURVE('',#2774,#2665,#2775,.T.);
#2464=EDGE_CURVE('',#2683,#2774,#2776,.T.);
#2465=EDGE_CURVE('',#2774,#2688,#2777,.T.);
#2466=EDGE_CURVE('',#2778,#2779,#2780,.T.);
#2467=EDGE_CURVE('',#2691,#2778,#2781,.F.);
#2468=EDGE_CURVE('',#2692,#2779,#2782,.F.);
#2469=EDGE_CURVE('',#2783,#2778,#2784,.T.);
#2470=EDGE_CURVE('',#2697,#2783,#2785,.F.);
#2471=EDGE_CURVE('',#2786,#2783,#2787,.T.);
#2472=EDGE_CURVE('',#2700,#2786,#2788,.T.);
#2473=EDGE_CURVE('',#2703,#2789,#2790,.T.);
#2474=EDGE_CURVE('',#2789,#2791,#2792,.F.);
#2475=EDGE_CURVE('',#2791,#2704,#2793,.F.);
#2476=EDGE_CURVE('',#2791,#2794,#2795,.F.);
#2477=EDGE_CURVE('',#2794,#2722,#2796,.T.);
#2478=EDGE_CURVE('',#2786,#2797,#2798,.F.);
#2479=EDGE_CURVE('',#2709,#2797,#2799,.T.);
#2480=EDGE_CURVE('',#2797,#2789,#2800,.F.);
#2481=EDGE_CURVE('',#2758,#2713,#2801,.T.);
#2482=EDGE_CURVE('',#2739,#2712,#2802,.T.);
#2483=EDGE_CURVE('',#2756,#2715,#2803,.T.);
#2484=EDGE_CURVE('',#2754,#2717,#2804,.T.);
#2485=EDGE_CURVE('',#2794,#2805,#2806,.T.);
#2486=EDGE_CURVE('',#2805,#2724,#2807,.T.);
#2487=EDGE_CURVE('',#2808,#2809,#2810,.F.);
#2488=EDGE_CURVE('',#2808,#2726,#2811,.T.);
#2489=EDGE_CURVE('',#2805,#2809,#2812,.F.);
#2490=EDGE_CURVE('',#2813,#2814,#2815,.F.);
#2491=EDGE_CURVE('',#2814,#2816,#2817,.F.);
#2492=EDGE_CURVE('',#2816,#2728,#2818,.T.);
#2493=EDGE_CURVE('',#2808,#2813,#2819,.F.);
#2494=EDGE_CURVE('',#2820,#2821,#2822,.F.);
#2495=EDGE_CURVE('',#2743,#2821,#2823,.T.);
#2496=EDGE_CURVE('',#2741,#2730,#2824,.T.);
#2497=EDGE_CURVE('',#2816,#2825,#2826,.F.);
#2498=EDGE_CURVE('',#2825,#2827,#2828,.F.);
#2499=EDGE_CURVE('',#2827,#2829,#2830,.F.);
#2500=EDGE_CURVE('',#2829,#2820,#2831,.F.);
#2501=EDGE_CURVE('',#2738,#2732,#2832,.T.);
#2502=EDGE_CURVE('',#2833,#2834,#2835,.F.);
#2503=EDGE_CURVE('',#2745,#2834,#2836,.T.);
#2504=EDGE_CURVE('',#2821,#2837,#2838,.F.);
#2505=EDGE_CURVE('',#2837,#2833,#2839,.F.);
#2506=EDGE_CURVE('',#2840,#2834,#2841,.F.);
#2507=EDGE_CURVE('',#2840,#2842,#2843,.F.);
#2508=EDGE_CURVE('',#2747,#2842,#2844,.T.);
#2509=EDGE_CURVE('',#2842,#2845,#2846,.F.);
#2510=EDGE_CURVE('',#2749,#2845,#2847,.T.);
#2511=EDGE_CURVE('',#2765,#2848,#2849,.F.);
#2512=EDGE_CURVE('',#2845,#2848,#2850,.F.);
#2513=EDGE_CURVE('',#2761,#2851,#2852,.T.);
#2514=EDGE_CURVE('',#2851,#2853,#2854,.F.);
#2515=EDGE_CURVE('',#2762,#2853,#2855,.F.);
#2516=EDGE_CURVE('',#2848,#2856,#2857,.F.);
#2517=EDGE_CURVE('',#2767,#2856,#2858,.T.);
#2518=EDGE_CURVE('',#2856,#2851,#2859,.F.);
#2519=EDGE_CURVE('',#2860,#2853,#2861,.T.);
#2520=EDGE_CURVE('',#2770,#2860,#2862,.F.);
#2521=EDGE_CURVE('',#2779,#2860,#2863,.T.);
#2522=EDGE_CURVE('',#2864,#2851,#2865,.T.);
#2523=EDGE_CURVE('',#2866,#2864,#2867,.T.);
#2524=EDGE_CURVE('',#2866,#2797,#2868,.T.);
#2525=EDGE_CURVE('',#2809,#2869,#2870,.F.);
#2526=EDGE_CURVE('',#2871,#2789,#2872,.T.);
#2527=EDGE_CURVE('',#2873,#2871,#2874,.T.);
#2528=EDGE_CURVE('',#2873,#2869,#2875,.T.);
#2529=EDGE_CURVE('',#2871,#2866,#2876,.T.);
#2530=EDGE_CURVE('',#2813,#2869,#2877,.T.);
#2531=EDGE_CURVE('',#2869,#2878,#2879,.F.);
#2532=EDGE_CURVE('',#2814,#2878,#2880,.F.);
#2533=EDGE_CURVE('',#2881,#2814,#2882,.T.);
#2534=EDGE_CURVE('',#2881,#2825,#2883,.T.);
#2535=EDGE_CURVE('',#2837,#2884,#2885,.T.);
#2536=EDGE_CURVE('',#2884,#2820,#2886,.T.);
#2537=EDGE_CURVE('',#2887,#2881,#2888,.T.);
#2538=EDGE_CURVE('',#2887,#2827,#2889,.T.);
#2539=EDGE_CURVE('',#2890,#2887,#2891,.T.);
#2540=EDGE_CURVE('',#2890,#2829,#2892,.T.);
#2541=EDGE_CURVE('',#2884,#2890,#2893,.T.);
#2542=EDGE_CURVE('',#2833,#2894,#2895,.T.);
#2543=EDGE_CURVE('',#2894,#2840,#2896,.F.);
#2544=EDGE_CURVE('',#2837,#2897,#2898,.T.);
#2545=EDGE_CURVE('',#2897,#2894,#2899,.F.);
#2546=EDGE_CURVE('',#2900,#2894,#2901,.T.);
#2547=EDGE_CURVE('',#2902,#2900,#2903,.T.);
#2548=EDGE_CURVE('',#2902,#2856,#2904,.T.);
#2549=EDGE_CURVE('',#2864,#2902,#2905,.T.);
#2550=EDGE_CURVE('',#2900,#2873,#2906,.T.);
#2551=EDGE_CURVE('',#2897,#2907,#2908,.T.);
#2552=EDGE_CURVE('',#2907,#2909,#2910,.T.);
#2553=EDGE_CURVE('',#2909,#2911,#2912,.T.);
#2554=EDGE_CURVE('',#2911,#2913,#2914,.T.);
#2555=EDGE_CURVE('',#2913,#2878,#2915,.T.);
#2556=EDGE_CURVE('',#2881,#2913,#2916,.F.);
#2557=EDGE_CURVE('',#2884,#2907,#2917,.F.);
#2558=EDGE_CURVE('',#2887,#2911,#2918,.F.);
#2559=EDGE_CURVE('',#2890,#2909,#2919,.F.);
#2560=EDGE_CURVE('',#2920,#2921,#2922,.T.);
#2561=EDGE_CURVE('',#2921,#2923,#2924,.T.);
#2562=EDGE_CURVE('',#2925,#2923,#2926,.T.);
#2563=EDGE_CURVE('',#2920,#2925,#2927,.T.);
#2564=EDGE_CURVE('',#2928,#2929,#2930,.T.);
#2565=EDGE_CURVE('',#2931,#2928,#2932,.T.);
#2566=EDGE_CURVE('',#2923,#2931,#2933,.T.);
#2567=EDGE_CURVE('',#2921,#2934,#2935,.T.);
#2568=EDGE_CURVE('',#2934,#2936,#2937,.T.);
#2569=EDGE_CURVE('',#2936,#2938,#2939,.T.);
#2570=EDGE_CURVE('',#2938,#2929,#2940,.T.);
#2571=EDGE_CURVE('',#2934,#2941,#2942,.T.);
#2572=EDGE_CURVE('',#2941,#2943,#2944,.T.);
#2573=EDGE_CURVE('',#2936,#2943,#2945,.T.);
#2574=EDGE_CURVE('',#2946,#2947,#2948,.T.);
#2575=EDGE_CURVE('',#2949,#2946,#2950,.T.);
#2576=EDGE_CURVE('',#2943,#2949,#2951,.T.);
#2577=EDGE_CURVE('',#2941,#2920,#2952,.T.);
#2578=EDGE_CURVE('',#2925,#2953,#2954,.T.);
#2579=EDGE_CURVE('',#2953,#2947,#2955,.T.);
#2580=EDGE_CURVE('',#2956,#2957,#2958,.T.);
#2581=EDGE_CURVE('',#2959,#2956,#2960,.T.);
#2582=EDGE_CURVE('',#2961,#2959,#2962,.T.);
#2583=EDGE_CURVE('',#2957,#2961,#2963,.T.);
#2584=EDGE_CURVE('',#2953,#2931,#2964,.T.);
#2585=EDGE_CURVE('',#2938,#2949,#2965,.T.);
#2586=EDGE_CURVE('',#2929,#2946,#2966,.T.);
#2587=EDGE_CURVE('',#2967,#2968,#2969,.T.);
#2588=EDGE_CURVE('',#2968,#2970,#2971,.T.);
#2589=EDGE_CURVE('',#2970,#2972,#2973,.T.);
#2590=EDGE_CURVE('',#2972,#2967,#2974,.T.);
#2591=EDGE_CURVE('',#2947,#2928,#2975,.T.);
#2592=EDGE_CURVE('',#2956,#2920,#2976,.F.);
#2593=EDGE_CURVE('',#2957,#2921,#2977,.F.);
#2594=EDGE_CURVE('',#2961,#2934,#2978,.F.);
#2595=EDGE_CURVE('',#2959,#2941,#2979,.F.);
#2596=EDGE_CURVE('',#2929,#2968,#2980,.T.);
#2597=EDGE_CURVE('',#2928,#2967,#2981,.T.);
#2598=EDGE_CURVE('',#2946,#2970,#2982,.T.);
#2599=EDGE_CURVE('',#2947,#2972,#2983,.T.);
#2600=EDGE_CURVE('',#2984,#2985,#2986,.T.);
#2601=EDGE_CURVE('',#2985,#2987,#2988,.T.);
#2602=EDGE_CURVE('',#2989,#2987,#2990,.T.);
#2603=EDGE_CURVE('',#2984,#2989,#2991,.T.);
#2604=EDGE_CURVE('',#2992,#2993,#2994,.T.);
#2605=EDGE_CURVE('',#2995,#2992,#2996,.T.);
#2606=EDGE_CURVE('',#2987,#2995,#2997,.T.);
#2607=EDGE_CURVE('',#2985,#2998,#2999,.T.);
#2608=EDGE_CURVE('',#2998,#3000,#3001,.T.);
#2609=EDGE_CURVE('',#3000,#3002,#3003,.T.);
#2610=EDGE_CURVE('',#3002,#2993,#3004,.T.);
#2611=EDGE_CURVE('',#2998,#3005,#3006,.T.);
#2612=EDGE_CURVE('',#3005,#3007,#3008,.T.);
#2613=EDGE_CURVE('',#3000,#3007,#3009,.T.);
#2614=EDGE_CURVE('',#3010,#3011,#3012,.T.);
#2615=EDGE_CURVE('',#3013,#3010,#3014,.T.);
#2616=EDGE_CURVE('',#3007,#3013,#3015,.T.);
#2617=EDGE_CURVE('',#3005,#2984,#3016,.T.);
#2618=EDGE_CURVE('',#2989,#3017,#3018,.T.);
#2619=EDGE_CURVE('',#3017,#3011,#3019,.T.);
#2620=EDGE_CURVE('',#3020,#3021,#3022,.T.);
#2621=EDGE_CURVE('',#3023,#3020,#3024,.T.);
#2622=EDGE_CURVE('',#3025,#3023,#3026,.T.);
#2623=EDGE_CURVE('',#3021,#3025,#3027,.T.);
#2624=EDGE_CURVE('',#3017,#2995,#3028,.T.);
#2625=EDGE_CURVE('',#3002,#3013,#3029,.T.);
#2626=EDGE_CURVE('',#2993,#3010,#3030,.T.);
#2627=EDGE_CURVE('',#3031,#3032,#3033,.T.);
#2628=EDGE_CURVE('',#3032,#3034,#3035,.T.);
#2629=EDGE_CURVE('',#3034,#3036,#3037,.T.);
#2630=EDGE_CURVE('',#3036,#3031,#3038,.T.);
#2631=EDGE_CURVE('',#3011,#2992,#3039,.T.);
#2632=EDGE_CURVE('',#3020,#2984,#3040,.F.);
#2633=EDGE_CURVE('',#3021,#2985,#3041,.F.);
#2634=EDGE_CURVE('',#3025,#2998,#3042,.F.);
#2635=EDGE_CURVE('',#3023,#3005,#3043,.F.);
#2636=EDGE_CURVE('',#2993,#3032,#3044,.T.);
#2637=EDGE_CURVE('',#2992,#3031,#3045,.T.);
#2638=EDGE_CURVE('',#3010,#3034,#3046,.T.);
#2639=EDGE_CURVE('',#3011,#3036,#3047,.T.);
#2640=VERTEX_POINT('',#3048);
#2641=VERTEX_POINT('',#3049);
#2642=LINE('',#3050,#3051);
#2643=VERTEX_POINT('',#3053);
#2644=LINE('',#3054,#3055);
#2645=VERTEX_POINT('',#3057);
#2646=LINE('',#3058,#3059);
#2647=VERTEX_POINT('',#3061);
#2648=LINE('',#3062,#3063);
#2649=VERTEX_POINT('',#3065);
#2650=LINE('',#3066,#3067);
#2651=VERTEX_POINT('',#3069);
#2652=LINE('',#3070,#3071);
#2653=VERTEX_POINT('',#3073);
#2654=LINE('',#3074,#3075);
#2655=VERTEX_POINT('',#3077);
#2656=LINE('',#3078,#3079);
#2657=VERTEX_POINT('',#3081);
#2658=LINE('',#3082,#3083);
#2659=VERTEX_POINT('',#3085);
#2660=LINE('',#3086,#3087);
#2661=VERTEX_POINT('',#3089);
#2662=LINE('',#3090,#3091);
#2663=VERTEX_POINT('',#3093);
#2664=LINE('',#3094,#3095);
#2665=VERTEX_POINT('',#3097);
#2666=LINE('',#3098,#3099);
#2667=LINE('',#3101,#3102);
#2668=VERTEX_POINT('',#3104);
#2669=VERTEX_POINT('',#3105);
#2670=LINE('',#3106,#3107);
#2671=VERTEX_POINT('',#3109);
#2672=LINE('',#3110,#3111);
#2673=LINE('',#3113,#3114);
#2674=VERTEX_POINT('',#3116);
#2675=LINE('',#3117,#3118);
#2676=VERTEX_POINT('',#3120);
#2677=LINE('',#3121,#3122);
#2678=LINE('',#3124,#3125);
#2679=VERTEX_POINT('',#3127);
#2680=LINE('',#3128,#3129);
#2681=LINE('',#3131,#3132);
#2682=LINE('',#3134,#3135);
#2683=VERTEX_POINT('',#3137);
#2684=LINE('',#3138,#3139);
#2685=VERTEX_POINT('',#3141);
#2686=LINE('',#3142,#3143);
#2687=LINE('',#3145,#3146);
#2688=VERTEX_POINT('',#3148);
#2689=LINE('',#3149,#3150);
#2690=LINE('',#3152,#3153);
#2691=VERTEX_POINT('',#3155);
#2692=VERTEX_POINT('',#3156);
#2693=LINE('',#3157,#3158);
#2694=LINE('',#3160,#3161);
#2695=LINE('',#3163,#3164);
#2696=LINE('',#3166,#3167);
#2697=VERTEX_POINT('',#3169);
#2698=LINE('',#3170,#3171);
#2699=LINE('',#3173,#3174);
#2700=VERTEX_POINT('',#3176);
#2701=LINE('',#3177,#3178);
#2702=LINE('',#3180,#3181);
#2703=VERTEX_POINT('',#3183);
#2704=VERTEX_POINT('',#3184);
#2705=LINE('',#3185,#3186);
#2706=VERTEX_POINT('',#3188);
#2707=LINE('',#3189,#3190);
#2708=LINE('',#3192,#3193);
#2709=VERTEX_POINT('',#3195);
#2710=LINE('',#3196,#3197);
#2711=LINE('',#3199,#3200);
#2712=VERTEX_POINT('',#3202);
#2713=VERTEX_POINT('',#3203);
#2714=LINE('',#3204,#3205);
#2715=VERTEX_POINT('',#3207);
#2716=LINE('',#3208,#3209);
#2717=VERTEX_POINT('',#3211);
#2718=LINE('',#3212,#3213);
#2719=VERTEX_POINT('',#3215);
#2720=LINE('',#3216,#3217);
#2721=LINE('',#3219,#3220);
#2722=VERTEX_POINT('',#3222);
#2723=LINE('',#3223,#3224);
#2724=VERTEX_POINT('',#3226);
#2725=CIRCLE('',#3227,0.55);
#2726=VERTEX_POINT('',#3231);
#2727=LINE('',#3232,#3233);
#2728=VERTEX_POINT('',#3235);
#2729=LINE('',#3236,#3237);
#2730=VERTEX_POINT('',#3239);
#2731=LINE('',#3240,#3241);
#2732=VERTEX_POINT('',#3243);
#2733=LINE('',#3244,#3245);
#2734=LINE('',#3247,#3248);
#2735=VERTEX_POINT('',#3250);
#2736=LINE('',#3251,#3252);
#2737=LINE('',#3254,#3255);
#2738=VERTEX_POINT('',#3257);
#2739=VERTEX_POINT('',#3258);
#2740=LINE('',#3259,#3260);
#2741=VERTEX_POINT('',#3262);
#2742=LINE('',#3263,#3264);
#2743=VERTEX_POINT('',#3266);
#2744=LINE('',#3267,#3268);
#2745=VERTEX_POINT('',#3270);
#2746=LINE('',#3271,#3272);
#2747=VERTEX_POINT('',#3274);
#2748=LINE('',#3275,#3276);
#2749=VERTEX_POINT('',#3278);
#2750=CIRCLE('',#3279,0.55);
#2751=VERTEX_POINT('',#3283);
#2752=LINE('',#3284,#3285);
#2753=LINE('',#3287,#3288);
#2754=VERTEX_POINT('',#3290);
#2755=LINE('',#3291,#3292);
#2756=VERTEX_POINT('',#3294);
#2757=LINE('',#3295,#3296);
#2758=VERTEX_POINT('',#3298);
#2759=LINE('',#3299,#3300);
#2760=LINE('',#3302,#3303);
#2761=VERTEX_POINT('',#3305);
#2762=VERTEX_POINT('',#3306);
#2763=LINE('',#3307,#3308);
#2764=LINE('',#3310,#3311);
#2765=VERTEX_POINT('',#3313);
#2766=LINE('',#3314,#3315);
#2767=VERTEX_POINT('',#3317);
#2768=LINE('',#3318,#3319);
#2769=LINE('',#3321,#3322);
#2770=VERTEX_POINT('',#3324);
#2771=LINE('',#3325,#3326);
#2772=LINE('',#3328,#3329);
#2773=LINE('',#3331,#3332);
#2774=VERTEX_POINT('',#3334);
#2775=LINE('',#3335,#3336);
#2776=LINE('',#3338,#3339);
#2777=LINE('',#3341,#3342);
#2778=VERTEX_POINT('',#3344);
#2779=VERTEX_POINT('',#3345);
#2780=LINE('',#3346,#3347);
#2781=LINE('',#3349,#3350);
#2782=LINE('',#3352,#3353);
#2783=VERTEX_POINT('',#3355);
#2784=LINE('',#3356,#3357);
#2785=LINE('',#3359,#3360);
#2786=VERTEX_POINT('',#3362);
#2787=LINE('',#3363,#3364);
#2788=LINE('',#3366,#3367);
#2789=VERTEX_POINT('',#3369);
#2790=LINE('',#3370,#3371);
#2791=VERTEX_POINT('',#3373);
#2792=LINE('',#3374,#3375);
#2793=LINE('',#3377,#3378);
#2794=VERTEX_POINT('',#3380);
#2795=LINE('',#3381,#3382);
#2796=LINE('',#3384,#3385);
#2797=VERTEX_POINT('',#3387);
#2798=LINE('',#3388,#3389);
#2799=LINE('',#3391,#3392);
#2800=LINE('',#3394,#3395);
#2801=LINE('',#3397,#3398);
#2802=LINE('',#3400,#3401);
#2803=LINE('',#3403,#3404);
#2804=LINE('',#3406,#3407);
#2805=VERTEX_POINT('',#3409);
#2806=CIRCLE('',#3410,0.55);
#2807=LINE('',#3414,#3415);
#2808=VERTEX_POINT('',#3417);
#2809=VERTEX_POINT('',#3418);
#2810=LINE('',#3419,#3420);
#2811=LINE('',#3422,#3423);
#2812=LINE('',#3425,#3426);
#2813=VERTEX_POINT('',#3428);
#2814=VERTEX_POINT('',#3429);
#2815=LINE('',#3430,#3431);
#2816=VERTEX_POINT('',#3433);
#2817=LINE('',#3434,#3435);
#2818=LINE('',#3437,#3438);
#2819=LINE('',#3440,#3441);
#2820=VERTEX_POINT('',#3443);
#2821=VERTEX_POINT('',#3444);
#2822=LINE('',#3445,#3446);
#2823=LINE('',#3448,#3449);
#2824=LINE('',#3451,#3452);
#2825=VERTEX_POINT('',#3454);
#2826=LINE('',#3455,#3456);
#2827=VERTEX_POINT('',#3458);
#2828=LINE('',#3459,#3460);
#2829=VERTEX_POINT('',#3462);
#2830=LINE('',#3463,#3464);
#2831=LINE('',#3466,#3467);
#2832=LINE('',#3469,#3470);
#2833=VERTEX_POINT('',#3472);
#2834=VERTEX_POINT('',#3473);
#2835=LINE('',#3474,#3475);
#2836=LINE('',#3477,#3478);
#2837=VERTEX_POINT('',#3480);
#2838=LINE('',#3481,#3482);
#2839=LINE('',#3484,#3485);
#2840=VERTEX_POINT('',#3487);
#2841=LINE('',#3488,#3489);
#2842=VERTEX_POINT('',#3491);
#2843=LINE('',#3492,#3493);
#2844=LINE('',#3495,#3496);
#2845=VERTEX_POINT('',#3498);
#2846=CIRCLE('',#3499,0.55);
#2847=LINE('',#3503,#3504);
#2848=VERTEX_POINT('',#3506);
#2849=LINE('',#3507,#3508);
#2850=LINE('',#3510,#3511);
#2851=VERTEX_POINT('',#3513);
#2852=LINE('',#3514,#3515);
#2853=VERTEX_POINT('',#3517);
#2854=LINE('',#3518,#3519);
#2855=LINE('',#3521,#3522);
#2856=VERTEX_POINT('',#3524);
#2857=LINE('',#3525,#3526);
#2858=LINE('',#3528,#3529);
#2859=LINE('',#3531,#3532);
#2860=VERTEX_POINT('',#3534);
#2861=LINE('',#3535,#3536);
#2862=LINE('',#3538,#3539);
#2863=LINE('',#3541,#3542);
#2864=VERTEX_POINT('',#3544);
#2865=LINE('',#3545,#3546);
#2866=VERTEX_POINT('',#3548);
#2867=LINE('',#3549,#3550);
#2868=LINE('',#3552,#3553);
#2869=VERTEX_POINT('',#3555);
#2870=LINE('',#3556,#3557);
#2871=VERTEX_POINT('',#3559);
#2872=LINE('',#3560,#3561);
#2873=VERTEX_POINT('',#3563);
#2874=LINE('',#3564,#3565);
#2875=LINE('',#3567,#3568);
#2876=LINE('',#3570,#3571);
#2877=LINE('',#3573,#3574);
#2878=VERTEX_POINT('',#3576);
#2879=LINE('',#3577,#3578);
#2880=LINE('',#3580,#3581);
#2881=VERTEX_POINT('',#3583);
#2882=LINE('',#3584,#3585);
#2883=LINE('',#3587,#3588);
#2884=VERTEX_POINT('',#3590);
#2885=LINE('',#3591,#3592);
#2886=LINE('',#3594,#3595);
#2887=VERTEX_POINT('',#3597);
#2888=LINE('',#3598,#3599);
#2889=LINE('',#3601,#3602);
#2890=VERTEX_POINT('',#3604);
#2891=LINE('',#3605,#3606);
#2892=LINE('',#3608,#3609);
#2893=LINE('',#3611,#3612);
#2894=VERTEX_POINT('',#3614);
#2895=LINE('',#3615,#3616);
#2896=LINE('',#3618,#3619);
#2897=VERTEX_POINT('',#3621);
#2898=LINE('',#3622,#3623);
#2899=LINE('',#3625,#3626);
#2900=VERTEX_POINT('',#3628);
#2901=LINE('',#3629,#3630);
#2902=VERTEX_POINT('',#3632);
#2903=LINE('',#3633,#3634);
#2904=LINE('',#3636,#3637);
#2905=LINE('',#3639,#3640);
#2906=LINE('',#3642,#3643);
#2907=VERTEX_POINT('',#3645);
#2908=LINE('',#3646,#3647);
#2909=VERTEX_POINT('',#3649);
#2910=LINE('',#3650,#3651);
#2911=VERTEX_POINT('',#3653);
#2912=LINE('',#3654,#3655);
#2913=VERTEX_POINT('',#3657);
#2914=LINE('',#3658,#3659);
#2915=LINE('',#3661,#3662);
#2916=LINE('',#3664,#3665);
#2917=LINE('',#3667,#3668);
#2918=LINE('',#3670,#3671);
#2919=LINE('',#3673,#3674);
#2920=VERTEX_POINT('',#3676);
#2921=VERTEX_POINT('',#3677);
#2922=LINE('',#3678,#3679);
#2923=VERTEX_POINT('',#3681);
#2924=LINE('',#3682,#3683);
#2925=VERTEX_POINT('',#3685);
#2926=LINE('',#3686,#3687);
#2927=LINE('',#3689,#3690);
#2928=VERTEX_POINT('',#3692);
#2929=VERTEX_POINT('',#3693);
#2930=LINE('',#3694,#3695);
#2931=VERTEX_POINT('',#3697);
#2932=LINE('',#3698,#3699);
#2933=CIRCLE('',#3701,0.750000000369132);
#2934=VERTEX_POINT('',#3705);
#2935=LINE('',#3706,#3707);
#2936=VERTEX_POINT('',#3709);
#2937=LINE('',#3710,#3711);
#2938=VERTEX_POINT('',#3713);
#2939=CIRCLE('',#3714,1.25000000036913);
#2940=LINE('',#3718,#3719);
#2941=VERTEX_POINT('',#3721);
#2942=LINE('',#3722,#3723);
#2943=VERTEX_POINT('',#3725);
#2944=LINE('',#3726,#3727);
#2945=LINE('',#3729,#3730);
#2946=VERTEX_POINT('',#3732);
#2947=VERTEX_POINT('',#3733);
#2948=LINE('',#3734,#3735);
#2949=VERTEX_POINT('',#3737);
#2950=LINE('',#3738,#3739);
#2951=CIRCLE('',#3741,1.25000000036913);
#2952=LINE('',#3745,#3746);
#2953=VERTEX_POINT('',#3748);
#2954=CIRCLE('',#3749,0.750000000369132);
#2955=LINE('',#3753,#3754);
#2956=VERTEX_POINT('',#3756);
#2957=VERTEX_POINT('',#3757);
#2958=LINE('',#3758,#3759);
#2959=VERTEX_POINT('',#3761);
#2960=LINE('',#3762,#3763);
#2961=VERTEX_POINT('',#3765);
#2962=LINE('',#3766,#3767);
#2963=LINE('',#3769,#3770);
#2964=LINE('',#3772,#3773);
#2965=LINE('',#3775,#3776);
#2966=LINE('',#3778,#3779);
#2967=VERTEX_POINT('',#3781);
#2968=VERTEX_POINT('',#3782);
#2969=LINE('',#3783,#3784);
#2970=VERTEX_POINT('',#3786);
#2971=LINE('',#3787,#3788);
#2972=VERTEX_POINT('',#3790);
#2973=LINE('',#3791,#3792);
#2974=LINE('',#3794,#3795);
#2975=LINE('',#3797,#3798);
#2976=LINE('',#3800,#3801);
#2977=LINE('',#3803,#3804);
#2978=LINE('',#3806,#3807);
#2979=LINE('',#3809,#3810);
#2980=LINE('',#3812,#3813);
#2981=LINE('',#3815,#3816);
#2982=LINE('',#3818,#3819);
#2983=LINE('',#3821,#3822);
#2984=VERTEX_POINT('',#3824);
#2985=VERTEX_POINT('',#3825);
#2986=LINE('',#3826,#3827);
#2987=VERTEX_POINT('',#3829);
#2988=LINE('',#3830,#3831);
#2989=VERTEX_POINT('',#3833);
#2990=LINE('',#3834,#3835);
#2991=LINE('',#3837,#3838);
#2992=VERTEX_POINT('',#3840);
#2993=VERTEX_POINT('',#3841);
#2994=LINE('',#3842,#3843);
#2995=VERTEX_POINT('',#3845);
#2996=LINE('',#3846,#3847);
#2997=CIRCLE('',#3849,0.149999999999999);
#2998=VERTEX_POINT('',#3853);
#2999=LINE('',#3854,#3855);
#3000=VERTEX_POINT('',#3857);
#3001=LINE('',#3858,#3859);
#3002=VERTEX_POINT('',#3861);
#3003=CIRCLE('',#3862,0.65);
#3004=LINE('',#3866,#3867);
#3005=VERTEX_POINT('',#3869);
#3006=LINE('',#3870,#3871);
#3007=VERTEX_POINT('',#3873);
#3008=LINE('',#3874,#3875);
#3009=LINE('',#3877,#3878);
#3010=VERTEX_POINT('',#3880);
#3011=VERTEX_POINT('',#3881);
#3012=LINE('',#3882,#3883);
#3013=VERTEX_POINT('',#3885);
#3014=LINE('',#3886,#3887);
#3015=CIRCLE('',#3889,0.65);
#3016=LINE('',#3893,#3894);
#3017=VERTEX_POINT('',#3896);
#3018=CIRCLE('',#3897,0.15);
#3019=LINE('',#3901,#3902);
#3020=VERTEX_POINT('',#3904);
#3021=VERTEX_POINT('',#3905);
#3022=LINE('',#3906,#3907);
#3023=VERTEX_POINT('',#3909);
#3024=LINE('',#3910,#3911);
#3025=VERTEX_POINT('',#3913);
#3026=LINE('',#3914,#3915);
#3027=LINE('',#3917,#3918);
#3028=LINE('',#3920,#3921);
#3029=LINE('',#3923,#3924);
#3030=LINE('',#3926,#3927);
#3031=VERTEX_POINT('',#3929);
#3032=VERTEX_POINT('',#3930);
#3033=LINE('',#3931,#3932);
#3034=VERTEX_POINT('',#3934);
#3035=LINE('',#3935,#3936);
#3036=VERTEX_POINT('',#3938);
#3037=LINE('',#3939,#3940);
#3038=LINE('',#3942,#3943);
#3039=LINE('',#3945,#3946);
#3040=LINE('',#3948,#3949);
#3041=LINE('',#3951,#3952);
#3042=LINE('',#3954,#3955);
#3043=LINE('',#3957,#3958);
#3044=LINE('',#3960,#3961);
#3045=LINE('',#3963,#3964);
#3046=LINE('',#3966,#3967);
#3047=LINE('',#3969,#3970);
#3048=CARTESIAN_POINT('',(-1.5,-3.7,3.50540562563862));
#3049=CARTESIAN_POINT('',(1.5,-3.7,3.50540562563862));
#3050=CARTESIAN_POINT('',(-1.5,-3.7,3.50540562563862));
#3051=VECTOR('',#3052,1.);
#3052=DIRECTION('',(1.,0.,0.));
#3053=CARTESIAN_POINT('',(-1.5,-3.7,5.3));
#3054=CARTESIAN_POINT('',(-1.5,-3.7,5.3));
#3055=VECTOR('',#3056,1.);
#3056=DIRECTION('',(0.,0.,-1.));
#3057=CARTESIAN_POINT('',(-2.50000000000001,-3.7,5.3));
#3058=CARTESIAN_POINT('',(-2.50000000000001,-3.7,5.3));
#3059=VECTOR('',#3060,1.);
#3060=DIRECTION('',(1.,0.,8.88178419700114E-016));
#3061=CARTESIAN_POINT('',(-2.5,-3.7,7.5));
#3062=CARTESIAN_POINT('',(-2.5,-3.7,7.5));
#3063=VECTOR('',#3064,1.);
#3064=DIRECTION('',(-5.24832702550073E-015,0.,-1.));
#3065=CARTESIAN_POINT('',(-2.8,-3.7,7.8));
#3066=CARTESIAN_POINT('',(-2.8,-3.7,7.8));
#3067=VECTOR('',#3068,1.);
#3068=DIRECTION('',(0.707106781186545,0.,-0.70710678118655));
#3069=CARTESIAN_POINT('',(-4.,-3.7,7.8));
#3070=CARTESIAN_POINT('',(-2.8,-3.7,7.8));
#3071=VECTOR('',#3072,1.);
#3072=DIRECTION('',(-1.,0.,0.));
#3073=CARTESIAN_POINT('',(-4.,-3.7,4.7467804263307E-018));
#3074=CARTESIAN_POINT('',(-4.,-3.7,4.7467804263307E-018));
#3075=VECTOR('',#3076,1.);
#3076=DIRECTION('',(0.,0.,1.));
#3077=CARTESIAN_POINT('',(4.,-3.7,4.7467804263307E-018));
#3078=CARTESIAN_POINT('',(4.,-3.7,4.7467804263307E-018));
#3079=VECTOR('',#3080,1.);
#3080=DIRECTION('',(-1.,0.,0.));
#3081=CARTESIAN_POINT('',(4.,-3.7,7.8));
#3082=CARTESIAN_POINT('',(4.,-3.7,4.7467804263307E-018));
#3083=VECTOR('',#3084,1.);
#3084=DIRECTION('',(0.,0.,1.));
#3085=CARTESIAN_POINT('',(2.8,-3.7,7.8));
#3086=CARTESIAN_POINT('',(4.,-3.7,7.8));
#3087=VECTOR('',#3088,1.);
#3088=DIRECTION('',(-1.,0.,0.));
#3089=CARTESIAN_POINT('',(2.5,-3.7,7.5));
#3090=CARTESIAN_POINT('',(2.5,-3.7,7.5));
#3091=VECTOR('',#3092,1.);
#3092=DIRECTION('',(0.70710678118655,0.,0.707106781186545));
#3093=CARTESIAN_POINT('',(2.49999999999999,-3.7,5.3));
#3094=CARTESIAN_POINT('',(2.49999999999999,-3.7,5.3));
#3095=VECTOR('',#3096,1.);
#3096=DIRECTION('',(4.84460956200069E-015,0.,1.));
#3097=CARTESIAN_POINT('',(1.5,-3.7,5.3));
#3098=CARTESIAN_POINT('',(1.5,-3.7,5.3));
#3099=VECTOR('',#3100,1.);
#3100=DIRECTION('',(1.,0.,8.88178419700135E-016));
#3101=CARTESIAN_POINT('',(1.5,-3.7,5.3));
#3102=VECTOR('',#3103,1.);
#3103=DIRECTION('',(0.,0.,-1.));
#3104=CARTESIAN_POINT('',(2.,-3.7,2.7));
#3105=CARTESIAN_POINT('',(1.3,-3.7,1.3));
#3106=CARTESIAN_POINT('',(2.,-3.7,2.7));
#3107=VECTOR('',#3108,1.);
#3108=DIRECTION('',(-0.447213595499958,0.,-0.894427190999916));
#3109=CARTESIAN_POINT('',(2.7,-3.7,1.3));
#3110=CARTESIAN_POINT('',(2.7,-3.7,1.3));
#3111=VECTOR('',#3112,1.);
#3112=DIRECTION('',(-0.447213595499958,0.,0.894427190999916));
#3113=CARTESIAN_POINT('',(1.3,-3.7,1.3));
#3114=VECTOR('',#3115,1.);
#3115=DIRECTION('',(1.,0.,0.));
#3116=CARTESIAN_POINT('',(2.,-3.75,2.67004236956039));
#3117=CARTESIAN_POINT('',(2.,-3.7,2.7));
#3118=VECTOR('',#3119,1.);
#3119=DIRECTION('',(-3.80945698048608E-015,-0.857813451890049,-0.513961167556926));
#3120=CARTESIAN_POINT('',(2.67832245496942,-3.75,1.31339745962156));
#3121=CARTESIAN_POINT('',(2.67832245496942,-3.75,1.31339745962156));
#3122=VECTOR('',#3123,1.);
#3123=DIRECTION('',(-0.447213595499958,0.,0.894427190999916));
#3124=CARTESIAN_POINT('',(2.7,-3.7,1.3));
#3125=VECTOR('',#3126,1.);
#3126=DIRECTION('',(-0.386274146827756,-0.890954548319037,0.238730551714921));
#3127=CARTESIAN_POINT('',(1.32167754503058,-3.75,1.31339745962156));
#3128=CARTESIAN_POINT('',(1.32167754503058,-3.75,1.31339745962156));
#3129=VECTOR('',#3130,1.);
#3130=DIRECTION('',(1.,0.,0.));
#3131=CARTESIAN_POINT('',(1.3,-3.7,1.3));
#3132=VECTOR('',#3133,1.);
#3133=DIRECTION('',(0.386274146827752,-0.890954548319038,0.238730551714921));
#3134=CARTESIAN_POINT('',(2.,-3.75,2.67004236956039));
#3135=VECTOR('',#3136,1.);
#3136=DIRECTION('',(-0.447213595499958,0.,-0.894427190999916));
#3137=CARTESIAN_POINT('',(1.5,-4.45,3.4));
#3138=CARTESIAN_POINT('',(1.5,-3.7,3.50540562563862));
#3139=VECTOR('',#3140,1.);
#3140=DIRECTION('',(0.,-0.990268068812206,-0.139173100457465));
#3141=CARTESIAN_POINT('',(-1.5,-4.45,3.4));
#3142=CARTESIAN_POINT('',(1.5,-4.45,3.4));
#3143=VECTOR('',#3144,1.);
#3144=DIRECTION('',(-1.,0.,0.));
#3145=CARTESIAN_POINT('',(-1.5,-3.7,3.50540562563862));
#3146=VECTOR('',#3147,1.);
#3147=DIRECTION('',(0.,-0.990268068812206,-0.139173100457465));
#3148=CARTESIAN_POINT('',(-1.5,-4.45000000000041,3.9));
#3149=CARTESIAN_POINT('',(-1.5,-4.45,3.4));
#3150=VECTOR('',#3151,1.);
#3151=DIRECTION('',(0.,-8.27782287160517E-013,1.));
#3152=CARTESIAN_POINT('',(-1.5,-4.45000000000041,3.9));
#3153=VECTOR('',#3154,1.);
#3154=DIRECTION('',(0.,0.472221412515621,0.881479970028674));
#3155=CARTESIAN_POINT('',(-2.50000000000001,-3.15,5.3));
#3156=CARTESIAN_POINT('',(2.49999999999999,-3.15,5.3));
#3157=CARTESIAN_POINT('',(-2.50000000000001,-3.15,5.3));
#3158=VECTOR('',#3159,1.);
#3159=DIRECTION('',(1.,0.,1.06581410364015E-015));
#3160=CARTESIAN_POINT('',(-2.50000000000001,-3.7,5.3));
#3161=VECTOR('',#3162,1.);
#3162=DIRECTION('',(0.,1.,0.));
#3163=CARTESIAN_POINT('',(1.5,-3.7,5.3));
#3164=VECTOR('',#3165,1.);
#3165=DIRECTION('',(-1.,-5.9211894646675E-016,-1.1842378929335E-015));
#3166=CARTESIAN_POINT('',(2.49999999999999,-3.7,5.3));
#3167=VECTOR('',#3168,1.);
#3168=DIRECTION('',(0.,1.,0.));
#3169=CARTESIAN_POINT('',(-2.5,-3.15,7.5));
#3170=CARTESIAN_POINT('',(-2.5,-3.15,7.5));
#3171=VECTOR('',#3172,1.);
#3172=DIRECTION('',(-5.04646829375071E-015,0.,-1.));
#3173=CARTESIAN_POINT('',(-2.5,-3.7,7.5));
#3174=VECTOR('',#3175,1.);
#3175=DIRECTION('',(0.,1.,0.));
#3176=CARTESIAN_POINT('',(-2.8,-3.15,7.8));
#3177=CARTESIAN_POINT('',(-2.8,-3.15,7.8));
#3178=VECTOR('',#3179,1.);
#3179=DIRECTION('',(0.707106781186546,0.,-0.707106781186549));
#3180=CARTESIAN_POINT('',(-2.8,-3.15,7.8));
#3181=VECTOR('',#3182,1.);
#3182=DIRECTION('',(0.,-1.,0.));
#3183=CARTESIAN_POINT('',(-3.6,-2.73284271247462,7.8));
#3184=CARTESIAN_POINT('',(-3.6,-2.1,7.8));
#3185=CARTESIAN_POINT('',(-3.6,-2.1,7.8));
#3186=VECTOR('',#3187,1.);
#3187=DIRECTION('',(-2.80694840026541E-015,-1.,0.));
#3188=CARTESIAN_POINT('',(-4.,-2.1,7.8));
#3189=CARTESIAN_POINT('',(-3.6,-2.1,7.8));
#3190=VECTOR('',#3191,1.);
#3191=DIRECTION('',(-1.,0.,0.));
#3192=CARTESIAN_POINT('',(-4.,-3.7,7.8));
#3193=VECTOR('',#3194,1.);
#3194=DIRECTION('',(0.,1.,0.));
#3195=CARTESIAN_POINT('',(-3.18284271247462,-3.15,7.8));
#3196=CARTESIAN_POINT('',(-3.18284271247462,-3.15,7.8));
#3197=VECTOR('',#3198,1.);
#3198=DIRECTION('',(1.,0.,0.));
#3199=CARTESIAN_POINT('',(-3.6,-2.73284271247462,7.8));
#3200=VECTOR('',#3201,1.);
#3201=DIRECTION('',(0.707106781186544,-0.707106781186551,0.));
#3202=CARTESIAN_POINT('',(-4.,2.9,-8.99459688076701E-028));
#3203=CARTESIAN_POINT('',(-4.,1.375,0.));
#3204=CARTESIAN_POINT('',(-4.,2.9,-8.99459688076701E-028));
#3205=VECTOR('',#3206,1.);
#3206=DIRECTION('',(0.,-1.,5.89809631525706E-028));
#3207=CARTESIAN_POINT('',(-4.,1.27499999999604,0.15));
#3208=CARTESIAN_POINT('',(-4.,1.375,0.));
#3209=VECTOR('',#3210,1.);
#3210=DIRECTION('',(0.,-0.554700196240438,0.832050294327704));
#3211=CARTESIAN_POINT('',(-4.,-1.27500000000396,0.15));
#3212=CARTESIAN_POINT('',(-4.,1.27499999999604,0.15));
#3213=VECTOR('',#3214,1.);
#3214=DIRECTION('',(0.,-1.,-2.17690789142188E-017));
#3215=CARTESIAN_POINT('',(-4.,-1.375,0.));
#3216=CARTESIAN_POINT('',(-4.,-1.27500000000396,0.15));
#3217=VECTOR('',#3218,1.);
#3218=DIRECTION('',(0.,-0.554700196210021,-0.832050294347983));
#3219=CARTESIAN_POINT('',(-4.,-1.375,0.));
#3220=VECTOR('',#3221,1.);
#3221=DIRECTION('',(0.,-1.,2.04162598981965E-018));
#3222=CARTESIAN_POINT('',(-4.,-2.1,4.25));
#3223=CARTESIAN_POINT('',(-4.,-2.1,7.8));
#3224=VECTOR('',#3225,1.);
#3225=DIRECTION('',(0.,0.,-1.));
#3226=CARTESIAN_POINT('',(-4.,-1.,4.25));
#3227=AXIS2_PLACEMENT_3D('',#3228,#3229,#3230);
#3228=CARTESIAN_POINT('',(-4.,-1.55,4.25));
#3229=DIRECTION('',(1.,0.,0.));
#3230=DIRECTION('',(0.,-1.,0.));
#3231=CARTESIAN_POINT('',(-4.,-1.,7.8));
#3232=CARTESIAN_POINT('',(-4.,-1.,4.25));
#3233=VECTOR('',#3234,1.);
#3234=DIRECTION('',(0.,0.,1.));
#3235=CARTESIAN_POINT('',(-4.,3.7,7.8));
#3236=CARTESIAN_POINT('',(-4.,-1.,7.8));
#3237=VECTOR('',#3238,1.);
#3238=DIRECTION('',(0.,1.,0.));
#3239=CARTESIAN_POINT('',(-4.,3.7,1.));
#3240=CARTESIAN_POINT('',(-4.,3.7,7.8));
#3241=VECTOR('',#3242,1.);
#3242=DIRECTION('',(0.,0.,-1.));
#3243=CARTESIAN_POINT('',(-4.,2.9,1.));
#3244=CARTESIAN_POINT('',(-4.,3.7,1.));
#3245=VECTOR('',#3246,1.);
#3246=DIRECTION('',(0.,-1.,0.));
#3247=CARTESIAN_POINT('',(-4.,2.9,1.));
#3248=VECTOR('',#3249,1.);
#3249=DIRECTION('',(0.,0.,-1.));
#3250=CARTESIAN_POINT('',(4.,-1.375,0.));
#3251=CARTESIAN_POINT('',(4.,-1.375,0.));
#3252=VECTOR('',#3253,1.);
#3253=DIRECTION('',(0.,-1.,2.04162598981965E-018));
#3254=CARTESIAN_POINT('',(4.,-1.375,2.77555756156289E-017));
#3255=VECTOR('',#3256,1.);
#3256=DIRECTION('',(-1.,0.,0.));
#3257=CARTESIAN_POINT('',(4.,2.9,1.));
#3258=CARTESIAN_POINT('',(4.,2.9,-8.99459688076701E-028));
#3259=CARTESIAN_POINT('',(4.,2.9,1.));
#3260=VECTOR('',#3261,1.);
#3261=DIRECTION('',(0.,0.,-1.));
#3262=CARTESIAN_POINT('',(4.,3.7,1.));
#3263=CARTESIAN_POINT('',(4.,3.7,1.));
#3264=VECTOR('',#3265,1.);
#3265=DIRECTION('',(0.,-1.,0.));
#3266=CARTESIAN_POINT('',(4.,3.7,7.8));
#3267=CARTESIAN_POINT('',(4.,3.7,7.8));
#3268=VECTOR('',#3269,1.);
#3269=DIRECTION('',(0.,0.,-1.));
#3270=CARTESIAN_POINT('',(4.,-1.,7.8));
#3271=CARTESIAN_POINT('',(4.,-1.,7.8));
#3272=VECTOR('',#3273,1.);
#3273=DIRECTION('',(0.,1.,0.));
#3274=CARTESIAN_POINT('',(4.,-1.,4.25));
#3275=CARTESIAN_POINT('',(4.,-1.,4.25));
#3276=VECTOR('',#3277,1.);
#3277=DIRECTION('',(0.,0.,1.));
#3278=CARTESIAN_POINT('',(4.,-2.1,4.25));
#3279=AXIS2_PLACEMENT_3D('',#3280,#3281,#3282);
#3280=CARTESIAN_POINT('',(4.,-1.55,4.25));
#3281=DIRECTION('',(1.,0.,0.));
#3282=DIRECTION('',(0.,-1.,0.));
#3283=CARTESIAN_POINT('',(4.,-2.1,7.8));
#3284=CARTESIAN_POINT('',(4.,-2.1,7.8));
#3285=VECTOR('',#3286,1.);
#3286=DIRECTION('',(0.,0.,-1.));
#3287=CARTESIAN_POINT('',(4.,-3.7,7.8));
#3288=VECTOR('',#3289,1.);
#3289=DIRECTION('',(0.,1.,0.));
#3290=CARTESIAN_POINT('',(4.,-1.27500000000396,0.15));
#3291=CARTESIAN_POINT('',(4.,-1.27500000000396,0.15));
#3292=VECTOR('',#3293,1.);
#3293=DIRECTION('',(0.,-0.554700196210021,-0.832050294347983));
#3294=CARTESIAN_POINT('',(4.,1.27499999999604,0.15));
#3295=CARTESIAN_POINT('',(4.,1.27499999999604,0.15));
#3296=VECTOR('',#3297,1.);
#3297=DIRECTION('',(0.,-1.,-2.17690789142188E-017));
#3298=CARTESIAN_POINT('',(4.,1.375,0.));
#3299=CARTESIAN_POINT('',(4.,1.375,0.));
#3300=VECTOR('',#3301,1.);
#3301=DIRECTION('',(0.,-0.554700196240438,0.832050294327704));
#3302=CARTESIAN_POINT('',(4.,2.9,-8.99459688076701E-028));
#3303=VECTOR('',#3304,1.);
#3304=DIRECTION('',(0.,-1.,5.89809631525706E-028));
#3305=CARTESIAN_POINT('',(3.18284271247462,-3.15,7.8));
#3306=CARTESIAN_POINT('',(2.8,-3.15,7.8));
#3307=CARTESIAN_POINT('',(2.8,-3.15,7.8));
#3308=VECTOR('',#3309,1.);
#3309=DIRECTION('',(1.,0.,0.));
#3310=CARTESIAN_POINT('',(2.8,-3.7,7.8));
#3311=VECTOR('',#3312,1.);
#3312=DIRECTION('',(0.,1.,0.));
#3313=CARTESIAN_POINT('',(3.6,-2.1,7.8));
#3314=CARTESIAN_POINT('',(4.,-2.1,7.8));
#3315=VECTOR('',#3316,1.);
#3316=DIRECTION('',(-1.,0.,0.));
#3317=CARTESIAN_POINT('',(3.6,-2.73284271247462,7.8));
#3318=CARTESIAN_POINT('',(3.6,-2.73284271247462,7.8));
#3319=VECTOR('',#3320,1.);
#3320=DIRECTION('',(0.,1.,0.));
#3321=CARTESIAN_POINT('',(3.18284271247462,-3.15,7.8));
#3322=VECTOR('',#3323,1.);
#3323=DIRECTION('',(0.70710678118655,0.707106781186544,0.));
#3324=CARTESIAN_POINT('',(2.5,-3.15,7.5));
#3325=CARTESIAN_POINT('',(2.5,-3.15,7.5));
#3326=VECTOR('',#3327,1.);
#3327=DIRECTION('',(0.70710678118655,0.,0.707106781186545));
#3328=CARTESIAN_POINT('',(2.5,-3.7,7.5));
#3329=VECTOR('',#3330,1.);
#3330=DIRECTION('',(0.,1.,0.));
#3331=CARTESIAN_POINT('',(2.49999999999999,-3.15,5.3));
#3332=VECTOR('',#3333,1.);
#3333=DIRECTION('',(4.84460956200069E-015,2.01858731750029E-016,1.));
#3334=CARTESIAN_POINT('',(1.5,-4.45000000000041,3.9));
#3335=CARTESIAN_POINT('',(1.5,-4.45000000000041,3.9));
#3336=VECTOR('',#3337,1.);
#3337=DIRECTION('',(0.,0.472221412515621,0.881479970028674));
#3338=CARTESIAN_POINT('',(1.5,-4.45,3.4));
#3339=VECTOR('',#3340,1.);
#3340=DIRECTION('',(0.,-8.27782287160517E-013,1.));
#3341=CARTESIAN_POINT('',(1.5,-4.45000000000041,3.9));
#3342=VECTOR('',#3343,1.);
#3343=DIRECTION('',(-1.,0.,0.));
#3344=CARTESIAN_POINT('',(-2.70000000000001,-2.95,5.1));
#3345=CARTESIAN_POINT('',(2.69999999999999,-2.95,5.1));
#3346=CARTESIAN_POINT('',(-2.70000000000001,-2.95,5.1));
#3347=VECTOR('',#3348,1.);
#3348=DIRECTION('',(1.,0.,1.15134239590757E-015));
#3349=CARTESIAN_POINT('',(-2.70000000000001,-2.95,5.1));
#3350=VECTOR('',#3351,1.);
#3351=DIRECTION('',(0.577350269189627,-0.577350269189626,0.577350269189625));
#3352=CARTESIAN_POINT('',(2.69999999999999,-2.95,5.1));
#3353=VECTOR('',#3354,1.);
#3354=DIRECTION('',(-0.577350269189625,-0.577350269189626,0.577350269189626));
#3355=CARTESIAN_POINT('',(-2.7,-2.95,7.41715728752538));
#3356=CARTESIAN_POINT('',(-2.7,-2.95,7.41715728752538));
#3357=VECTOR('',#3358,1.);
#3358=DIRECTION('',(-4.98296749998899E-015,0.,-1.));
#3359=CARTESIAN_POINT('',(-2.7,-2.95,7.41715728752538));
#3360=VECTOR('',#3361,1.);
#3361=DIRECTION('',(0.678598344545848,-0.678598344545848,0.281084637714817));
#3362=CARTESIAN_POINT('',(-2.88284271247462,-2.95,7.6));
#3363=CARTESIAN_POINT('',(-2.88284271247462,-2.95,7.6));
#3364=VECTOR('',#3365,1.);
#3365=DIRECTION('',(0.707106781186545,0.,-0.70710678118655));
#3366=CARTESIAN_POINT('',(-2.8,-3.15,7.8));
#3367=VECTOR('',#3368,1.);
#3368=DIRECTION('',(-0.281084637714822,0.678598344545849,-0.678598344545844));
#3369=CARTESIAN_POINT('',(-3.4,-2.65,7.6));
#3370=CARTESIAN_POINT('',(-3.6,-2.73284271247462,7.8));
#3371=VECTOR('',#3372,1.);
#3372=DIRECTION('',(0.67859834454584,0.281084637714824,-0.678598344545852));
#3373=CARTESIAN_POINT('',(-3.4,-2.1,7.6));
#3374=CARTESIAN_POINT('',(-3.4,-2.1,7.6));
#3375=VECTOR('',#3376,1.);
#3376=DIRECTION('',(0.,-1.,1.61486985400023E-015));
#3377=CARTESIAN_POINT('',(-3.6,-2.1,7.8));
#3378=VECTOR('',#3379,1.);
#3379=DIRECTION('',(0.707106781186543,0.,-0.707106781186552));
#3380=CARTESIAN_POINT('',(-3.4,-2.1,4.25));
#3381=CARTESIAN_POINT('',(-3.4,-2.1,4.25));
#3382=VECTOR('',#3383,1.);
#3383=DIRECTION('',(0.,0.,1.));
#3384=CARTESIAN_POINT('',(-3.4,-2.1,4.25));
#3385=VECTOR('',#3386,1.);
#3386=DIRECTION('',(-1.,0.,0.));
#3387=CARTESIAN_POINT('',(-3.1,-2.95,7.6));
#3388=CARTESIAN_POINT('',(-3.1,-2.95,7.6));
#3389=VECTOR('',#3390,1.);
#3390=DIRECTION('',(1.,0.,0.));
#3391=CARTESIAN_POINT('',(-3.18284271247462,-3.15,7.8));
#3392=VECTOR('',#3393,1.);
#3393=DIRECTION('',(0.281084637714822,0.67859834454585,-0.678598344545844));
#3394=CARTESIAN_POINT('',(-3.4,-2.65,7.6));
#3395=VECTOR('',#3396,1.);
#3396=DIRECTION('',(0.707106781186545,-0.70710678118655,0.));
#3397=CARTESIAN_POINT('',(4.,1.375,0.));
#3398=VECTOR('',#3399,1.);
#3399=DIRECTION('',(-1.,0.,0.));
#3400=CARTESIAN_POINT('',(4.,2.9,0.));
#3401=VECTOR('',#3402,1.);
#3402=DIRECTION('',(-1.,0.,0.));
#3403=CARTESIAN_POINT('',(4.,1.27499999999604,0.15));
#3404=VECTOR('',#3405,1.);
#3405=DIRECTION('',(-1.,0.,0.));
#3406=CARTESIAN_POINT('',(4.,-1.27500000000396,0.15));
#3407=VECTOR('',#3408,1.);
#3408=DIRECTION('',(-1.,0.,0.));
#3409=CARTESIAN_POINT('',(-3.4,-1.,4.25));
#3410=AXIS2_PLACEMENT_3D('',#3411,#3412,#3413);
#3411=CARTESIAN_POINT('',(-3.4,-1.55,4.25));
#3412=DIRECTION('',(1.,7.93016446160826E-017,0.));
#3413=DIRECTION('',(7.93016446160826E-017,-1.,0.));
#3414=CARTESIAN_POINT('',(-3.4,-1.,4.25));
#3415=VECTOR('',#3416,1.);
#3416=DIRECTION('',(-1.,0.,0.));
#3417=CARTESIAN_POINT('',(-3.6,-1.,7.8));
#3418=CARTESIAN_POINT('',(-3.4,-1.,7.6));
#3419=CARTESIAN_POINT('',(-3.4,-1.,7.6));
#3420=VECTOR('',#3421,1.);
#3421=DIRECTION('',(-0.707106781186547,0.,0.707106781186547));
#3422=CARTESIAN_POINT('',(-3.6,-1.,7.8));
#3423=VECTOR('',#3424,1.);
#3424=DIRECTION('',(-1.,0.,0.));
#3425=CARTESIAN_POINT('',(-3.4,-1.,7.6));
#3426=VECTOR('',#3427,1.);
#3427=DIRECTION('',(0.,0.,-1.));
#3428=CARTESIAN_POINT('',(-3.6,3.15,7.8));
#3429=CARTESIAN_POINT('',(-2.8,3.15,7.8));
#3430=CARTESIAN_POINT('',(-2.8,3.15,7.8));
#3431=VECTOR('',#3432,1.);
#3432=DIRECTION('',(-1.,0.,0.));
#3433=CARTESIAN_POINT('',(-2.8,3.7,7.8));
#3434=CARTESIAN_POINT('',(-2.8,3.7,7.8));
#3435=VECTOR('',#3436,1.);
#3436=DIRECTION('',(0.,-1.,0.));
#3437=CARTESIAN_POINT('',(-2.8,3.7,7.8));
#3438=VECTOR('',#3439,1.);
#3439=DIRECTION('',(-1.,0.,0.));
#3440=CARTESIAN_POINT('',(-3.6,3.15,7.8));
#3441=VECTOR('',#3442,1.);
#3442=DIRECTION('',(0.,-1.,0.));
#3443=CARTESIAN_POINT('',(2.5,3.7,7.5));
#3444=CARTESIAN_POINT('',(2.8,3.7,7.8));
#3445=CARTESIAN_POINT('',(2.8,3.7,7.8));
#3446=VECTOR('',#3447,1.);
#3447=DIRECTION('',(-0.707106781186548,0.,-0.707106781186548));
#3448=CARTESIAN_POINT('',(4.,3.7,7.8));
#3449=VECTOR('',#3450,1.);
#3450=DIRECTION('',(-1.,0.,0.));
#3451=CARTESIAN_POINT('',(4.,3.7,1.));
#3452=VECTOR('',#3453,1.);
#3453=DIRECTION('',(-1.,0.,0.));
#3454=CARTESIAN_POINT('',(-2.5,3.7,7.5));
#3455=CARTESIAN_POINT('',(-2.5,3.7,7.5));
#3456=VECTOR('',#3457,1.);
#3457=DIRECTION('',(-0.707106781186548,0.,0.707106781186548));
#3458=CARTESIAN_POINT('',(-2.5,3.7,6.8));
#3459=CARTESIAN_POINT('',(-2.5,3.7,6.8));
#3460=VECTOR('',#3461,1.);
#3461=DIRECTION('',(2.53765262771465E-015,0.,1.));
#3462=CARTESIAN_POINT('',(2.5,3.7,6.8));
#3463=CARTESIAN_POINT('',(2.5,3.7,6.8));
#3464=VECTOR('',#3465,1.);
#3465=DIRECTION('',(-1.,0.,8.88178419700125E-016));
#3466=CARTESIAN_POINT('',(2.5,3.7,7.5));
#3467=VECTOR('',#3468,1.);
#3468=DIRECTION('',(-1.26882631385731E-015,0.,-1.));
#3469=CARTESIAN_POINT('',(4.,2.9,1.));
#3470=VECTOR('',#3471,1.);
#3471=DIRECTION('',(-1.,0.,0.));
#3472=CARTESIAN_POINT('',(3.6,3.15,7.8));
#3473=CARTESIAN_POINT('',(3.6,-1.,7.8));
#3474=CARTESIAN_POINT('',(3.6,-1.,7.8));
#3475=VECTOR('',#3476,1.);
#3476=DIRECTION('',(0.,1.,0.));
#3477=CARTESIAN_POINT('',(4.,-1.,7.8));
#3478=VECTOR('',#3479,1.);
#3479=DIRECTION('',(-1.,0.,0.));
#3480=CARTESIAN_POINT('',(2.8,3.15,7.8));
#3481=CARTESIAN_POINT('',(2.8,3.15,7.8));
#3482=VECTOR('',#3483,1.);
#3483=DIRECTION('',(0.,1.,0.));
#3484=CARTESIAN_POINT('',(3.6,3.15,7.8));
#3485=VECTOR('',#3486,1.);
#3486=DIRECTION('',(-1.,0.,0.));
#3487=CARTESIAN_POINT('',(3.4,-1.,7.6));
#3488=CARTESIAN_POINT('',(3.6,-1.,7.8));
#3489=VECTOR('',#3490,1.);
#3490=DIRECTION('',(-0.707106781186547,0.,-0.707106781186547));
#3491=CARTESIAN_POINT('',(3.4,-1.,4.25));
#3492=CARTESIAN_POINT('',(3.4,-1.,4.25));
#3493=VECTOR('',#3494,1.);
#3494=DIRECTION('',(0.,0.,1.));
#3495=CARTESIAN_POINT('',(4.,-1.,4.25));
#3496=VECTOR('',#3497,1.);
#3497=DIRECTION('',(-1.,0.,0.));
#3498=CARTESIAN_POINT('',(3.4,-2.1,4.25));
#3499=AXIS2_PLACEMENT_3D('',#3500,#3501,#3502);
#3500=CARTESIAN_POINT('',(3.4,-1.55,4.25));
#3501=DIRECTION('',(1.,0.,-0.));
#3502=DIRECTION('',(0.,-1.,0.));
#3503=CARTESIAN_POINT('',(4.,-2.1,4.25));
#3504=VECTOR('',#3505,1.);
#3505=DIRECTION('',(-1.,0.,0.));
#3506=CARTESIAN_POINT('',(3.4,-2.1,7.6));
#3507=CARTESIAN_POINT('',(3.4,-2.1,7.6));
#3508=VECTOR('',#3509,1.);
#3509=DIRECTION('',(0.707106781186549,0.,0.707106781186546));
#3510=CARTESIAN_POINT('',(3.4,-2.1,7.6));
#3511=VECTOR('',#3512,1.);
#3512=DIRECTION('',(0.,0.,-1.));
#3513=CARTESIAN_POINT('',(3.1,-2.95,7.6));
#3514=CARTESIAN_POINT('',(3.18284271247462,-3.15,7.8));
#3515=VECTOR('',#3516,1.);
#3516=DIRECTION('',(-0.281084637714817,0.678598344545846,-0.678598344545849));
#3517=CARTESIAN_POINT('',(2.88284271247462,-2.95,7.6));
#3518=CARTESIAN_POINT('',(2.88284271247462,-2.95,7.6));
#3519=VECTOR('',#3520,1.);
#3520=DIRECTION('',(1.,0.,0.));
#3521=CARTESIAN_POINT('',(2.88284271247462,-2.95,7.6));
#3522=VECTOR('',#3523,1.);
#3523=DIRECTION('',(-0.281084637714818,-0.678598344545851,0.678598344545844));
#3524=CARTESIAN_POINT('',(3.4,-2.65,7.6));
#3525=CARTESIAN_POINT('',(3.4,-2.65,7.6));
#3526=VECTOR('',#3527,1.);
#3527=DIRECTION('',(0.,1.,-1.61486985400023E-015));
#3528=CARTESIAN_POINT('',(3.6,-2.73284271247462,7.8));
#3529=VECTOR('',#3530,1.);
#3530=DIRECTION('',(-0.678598344545845,0.281084637714824,-0.678598344545848));
#3531=CARTESIAN_POINT('',(3.1,-2.95,7.6));
#3532=VECTOR('',#3533,1.);
#3533=DIRECTION('',(0.70710678118655,0.707106781186545,0.));
#3534=CARTESIAN_POINT('',(2.7,-2.95,7.41715728752538));
#3535=CARTESIAN_POINT('',(2.7,-2.95,7.41715728752538));
#3536=VECTOR('',#3537,1.);
#3537=DIRECTION('',(0.707106781186551,0.,0.707106781186544));
#3538=CARTESIAN_POINT('',(2.7,-2.95,7.41715728752538));
#3539=VECTOR('',#3540,1.);
#3540=DIRECTION('',(-0.678598344545845,-0.678598344545849,0.281084637714821));
#3541=CARTESIAN_POINT('',(2.69999999999999,-2.95,5.1));
#3542=VECTOR('',#3543,1.);
#3543=DIRECTION('',(4.982967499989E-015,0.,1.));
#3544=CARTESIAN_POINT('',(3.1,-2.95,1.8));
#3545=CARTESIAN_POINT('',(3.1,-2.95,1.8));
#3546=VECTOR('',#3547,1.);
#3547=DIRECTION('',(0.,0.,1.));
#3548=CARTESIAN_POINT('',(-3.1,-2.95,1.8));
#3549=CARTESIAN_POINT('',(-3.1,-2.95,1.8));
#3550=VECTOR('',#3551,1.);
#3551=DIRECTION('',(1.,0.,0.));
#3552=CARTESIAN_POINT('',(-3.1,-2.95,1.8));
#3553=VECTOR('',#3554,1.);
#3554=DIRECTION('',(0.,0.,1.));
#3555=CARTESIAN_POINT('',(-3.4,2.95,7.6));
#3556=CARTESIAN_POINT('',(-3.4,2.95,7.6));
#3557=VECTOR('',#3558,1.);
#3558=DIRECTION('',(1.12427648063307E-016,-1.,0.));
#3559=CARTESIAN_POINT('',(-3.4,-2.65,1.8));
#3560=CARTESIAN_POINT('',(-3.4,-2.65,1.8));
#3561=VECTOR('',#3562,1.);
#3562=DIRECTION('',(0.,0.,1.));
#3563=CARTESIAN_POINT('',(-3.4,2.95,1.8));
#3564=CARTESIAN_POINT('',(-3.4,2.95,1.8));
#3565=VECTOR('',#3566,1.);
#3566=DIRECTION('',(7.93016446160826E-017,-1.,0.));
#3567=CARTESIAN_POINT('',(-3.4,2.95,1.8));
#3568=VECTOR('',#3569,1.);
#3569=DIRECTION('',(0.,0.,1.));
#3570=CARTESIAN_POINT('',(-3.4,-2.65,1.8));
#3571=VECTOR('',#3572,1.);
#3572=DIRECTION('',(0.707106781186545,-0.70710678118655,0.));
#3573=CARTESIAN_POINT('',(-3.6,3.15,7.8));
#3574=VECTOR('',#3575,1.);
#3575=DIRECTION('',(0.577350269189629,-0.577350269189625,-0.577350269189624));
#3576=CARTESIAN_POINT('',(-2.88284271247462,2.95,7.6));
#3577=CARTESIAN_POINT('',(-2.88284271247462,2.95,7.6));
#3578=VECTOR('',#3579,1.);
#3579=DIRECTION('',(-1.,0.,1.71742415919555E-015));
#3580=CARTESIAN_POINT('',(-2.88284271247462,2.95,7.6));
#3581=VECTOR('',#3582,1.);
#3582=DIRECTION('',(0.281084637714821,0.678598344545848,0.678598344545846));
#3583=CARTESIAN_POINT('',(-2.5,3.15,7.5));
#3584=CARTESIAN_POINT('',(-2.5,3.15,7.5));
#3585=VECTOR('',#3586,1.);
#3586=DIRECTION('',(-0.707106781186548,-1.04672830578918E-015,0.707106781186548));
#3587=CARTESIAN_POINT('',(-2.5,3.15,7.5));
#3588=VECTOR('',#3589,1.);
#3589=DIRECTION('',(0.,1.,0.));
#3590=CARTESIAN_POINT('',(2.5,3.15,7.5));
#3591=CARTESIAN_POINT('',(2.8,3.15,7.8));
#3592=VECTOR('',#3593,1.);
#3593=DIRECTION('',(-0.707106781186548,-1.04672830578919E-015,-0.707106781186548));
#3594=CARTESIAN_POINT('',(2.5,3.15,7.5));
#3595=VECTOR('',#3596,1.);
#3596=DIRECTION('',(0.,1.,0.));
#3597=CARTESIAN_POINT('',(-2.5,3.15,6.8));
#3598=CARTESIAN_POINT('',(-2.5,3.15,6.8));
#3599=VECTOR('',#3600,1.);
#3600=DIRECTION('',(2.53765262771465E-015,-1.26882631385732E-015,1.));
#3601=CARTESIAN_POINT('',(-2.5,3.15,6.8));
#3602=VECTOR('',#3603,1.);
#3603=DIRECTION('',(0.,1.,0.));
#3604=CARTESIAN_POINT('',(2.5,3.15,6.8));
#3605=CARTESIAN_POINT('',(2.5,3.15,6.8));
#3606=VECTOR('',#3607,1.);
#3607=DIRECTION('',(-1.,1.77635683940025E-016,8.88178419700125E-016));
#3608=CARTESIAN_POINT('',(2.5,3.15,6.8));
#3609=VECTOR('',#3610,1.);
#3610=DIRECTION('',(0.,1.,0.));
#3611=CARTESIAN_POINT('',(2.5,3.15,7.5));
#3612=VECTOR('',#3613,1.);
#3613=DIRECTION('',(-1.26882631385731E-015,6.34413156928657E-016,-1.));
#3614=CARTESIAN_POINT('',(3.4,2.95,7.6));
#3615=CARTESIAN_POINT('',(3.6,3.15,7.8));
#3616=VECTOR('',#3617,1.);
#3617=DIRECTION('',(-0.577350269189627,-0.577350269189624,-0.577350269189627));
#3618=CARTESIAN_POINT('',(3.4,-1.,7.6));
#3619=VECTOR('',#3620,1.);
#3620=DIRECTION('',(0.,1.,0.));
#3621=CARTESIAN_POINT('',(2.88284271247462,2.95,7.6));
#3622=CARTESIAN_POINT('',(2.8,3.15,7.8));
#3623=VECTOR('',#3624,1.);
#3624=DIRECTION('',(0.281084637714814,-0.67859834454585,-0.678598344545847));
#3625=CARTESIAN_POINT('',(3.4,2.95,7.6));
#3626=VECTOR('',#3627,1.);
#3627=DIRECTION('',(-1.,0.,0.));
#3628=CARTESIAN_POINT('',(3.4,2.95,1.8));
#3629=CARTESIAN_POINT('',(3.4,2.95,1.8));
#3630=VECTOR('',#3631,1.);
#3631=DIRECTION('',(0.,0.,1.));
#3632=CARTESIAN_POINT('',(3.4,-2.65,1.8));
#3633=CARTESIAN_POINT('',(3.4,-2.65,1.8));
#3634=VECTOR('',#3635,1.);
#3635=DIRECTION('',(0.,1.,0.));
#3636=CARTESIAN_POINT('',(3.4,-2.65,1.8));
#3637=VECTOR('',#3638,1.);
#3638=DIRECTION('',(0.,0.,1.));
#3639=CARTESIAN_POINT('',(3.1,-2.95,1.8));
#3640=VECTOR('',#3641,1.);
#3641=DIRECTION('',(0.70710678118655,0.707106781186545,0.));
#3642=CARTESIAN_POINT('',(3.4,2.95,1.8));
#3643=VECTOR('',#3644,1.);
#3644=DIRECTION('',(-1.,6.53072367426563E-017,0.));
#3645=CARTESIAN_POINT('',(2.7,2.95,7.41715728752538));
#3646=CARTESIAN_POINT('',(2.88284271247462,2.95,7.6));
#3647=VECTOR('',#3648,1.);
#3648=DIRECTION('',(-0.707106781186547,0.,-0.707106781186549));
#3649=CARTESIAN_POINT('',(2.7,2.95,6.6));
#3650=CARTESIAN_POINT('',(2.7,2.95,7.41715728752538));
#3651=VECTOR('',#3652,1.);
#3652=DIRECTION('',(-1.08691243810578E-015,0.,-1.));
#3653=CARTESIAN_POINT('',(-2.7,2.95,6.6));
#3654=CARTESIAN_POINT('',(2.7,2.95,6.6));
#3655=VECTOR('',#3656,1.);
#3656=DIRECTION('',(-1.,8.22387425648264E-017,8.22387425648264E-016));
#3657=CARTESIAN_POINT('',(-2.7,2.95,7.41715728752538));
#3658=CARTESIAN_POINT('',(-2.7,2.95,6.6));
#3659=VECTOR('',#3660,1.);
#3660=DIRECTION('',(3.26073731431738E-015,0.,1.));
#3661=CARTESIAN_POINT('',(-2.7,2.95,7.41715728752538));
#3662=VECTOR('',#3663,1.);
#3663=DIRECTION('',(-0.707106781186546,0.,0.707106781186549));
#3664=CARTESIAN_POINT('',(-2.7,2.95,7.41715728752538));
#3665=VECTOR('',#3666,1.);
#3666=DIRECTION('',(0.678598344545847,0.678598344545847,0.281084637714821));
#3667=CARTESIAN_POINT('',(2.7,2.95,7.41715728752538));
#3668=VECTOR('',#3669,1.);
#3669=DIRECTION('',(-0.678598344545844,0.678598344545854,0.28108463771481));
#3670=CARTESIAN_POINT('',(-2.7,2.95,6.6));
#3671=VECTOR('',#3672,1.);
#3672=DIRECTION('',(0.577350269189625,0.577350269189626,0.577350269189627));
#3673=CARTESIAN_POINT('',(2.7,2.95,6.6));
#3674=VECTOR('',#3675,1.);
#3675=DIRECTION('',(-0.577350269189628,0.577350269189625,0.577350269189624));
#3676=CARTESIAN_POINT('',(2.25,-9.79999999999349,-3.18349364905389));
#3677=CARTESIAN_POINT('',(1.75,-9.79999999999349,-3.18349364905389));
#3678=CARTESIAN_POINT('',(2.25,-9.8,-3.18349364905389));
#3679=VECTOR('',#3680,1.);
#3680=DIRECTION('',(-1.,0.,0.));
#3681=CARTESIAN_POINT('',(1.75,-9.79999999957319,3.70000000016589));
#3682=CARTESIAN_POINT('',(1.75,-9.8,-3.18349364905389));
#3683=VECTOR('',#3684,1.);
#3684=DIRECTION('',(0.,0.,1.));
#3685=CARTESIAN_POINT('',(2.25,-9.79999999957319,3.70000000016589));
#3686=CARTESIAN_POINT('',(2.25,-9.8,3.70000000016589));
#3687=VECTOR('',#3688,1.);
#3688=DIRECTION('',(-1.,0.,0.));
#3689=CARTESIAN_POINT('',(2.25,-9.79999999998699,-3.18349364905389));
#3690=VECTOR('',#3691,1.);
#3691=DIRECTION('',(0.,6.01138702293992E-011,1.));
#3692=CARTESIAN_POINT('',(1.75,-2.31650635121407,4.45000000034976));
#3693=CARTESIAN_POINT('',(1.75,-2.31650635125634,4.95000000033706));
#3694=CARTESIAN_POINT('',(1.75,-2.31650635120637,4.45000000036709));
#3695=VECTOR('',#3696,1.);
#3696=DIRECTION('',(0.,-1.15351284080134E-010,1.));
#3697=CARTESIAN_POINT('',(1.75,-9.04999999917601,4.45000000042046));
#3698=CARTESIAN_POINT('',(1.75,-9.04999999917601,4.45000000042046));
#3699=VECTOR('',#3700,1.);
#3700=DIRECTION('',(0.,1.,-7.92680366573663E-012));
#3701=AXIS2_PLACEMENT_3D('',#3702,#3703,#3704);
#3702=CARTESIAN_POINT('',(1.75,-9.04999999920406,3.70000000005133));
#3703=DIRECTION('',(-1.,0.,0.));
#3704=DIRECTION('',(0.,-1.,1.52748332425902E-010));
#3705=CARTESIAN_POINT('',(1.75,-10.2999999999935,-3.18349364905389));
#3706=CARTESIAN_POINT('',(1.75,-9.79999999998699,-3.18349364905389));
#3707=VECTOR('',#3708,1.);
#3708=DIRECTION('',(0.,-1.,0.));
#3709=CARTESIAN_POINT('',(1.75,-10.2999999995732,3.70000000016589));
#3710=CARTESIAN_POINT('',(1.75,-10.299999999987,-3.18349364905389));
#3711=VECTOR('',#3712,1.);
#3712=DIRECTION('',(0.,6.01138702293992E-011,1.));
#3713=CARTESIAN_POINT('',(1.75,-9.04999999923369,4.95000000042046));
#3714=AXIS2_PLACEMENT_3D('',#3715,#3716,#3717);
#3715=CARTESIAN_POINT('',(1.75,-9.04999999920406,3.70000000005133));
#3716=DIRECTION('',(-1.,0.,0.));
#3717=DIRECTION('',(0.,-1.,1.52748214032184E-010));
#3718=CARTESIAN_POINT('',(1.75,-9.04999999923369,4.95000000042046));
#3719=VECTOR('',#3720,1.);
#3720=DIRECTION('',(0.,1.,-7.92667176117293E-012));
#3721=CARTESIAN_POINT('',(2.25,-10.2999999999935,-3.18349364905389));
#3722=CARTESIAN_POINT('',(1.75,-10.3,-3.18349364905389));
#3723=VECTOR('',#3724,1.);
#3724=DIRECTION('',(1.,0.,0.));
#3725=CARTESIAN_POINT('',(2.25,-10.2999999995732,3.70000000016589));
#3726=CARTESIAN_POINT('',(2.25,-10.3,-3.18349364905389));
#3727=VECTOR('',#3728,1.);
#3728=DIRECTION('',(0.,0.,1.));
#3729=CARTESIAN_POINT('',(1.75,-10.3,3.70000000016589));
#3730=VECTOR('',#3731,1.);
#3731=DIRECTION('',(1.,0.,0.));
#3732=CARTESIAN_POINT('',(2.25,-2.31650635125634,4.9500000003771));
#3733=CARTESIAN_POINT('',(2.25,-2.31650635121407,4.45000000038442));
#3734=CARTESIAN_POINT('',(2.25,-2.31650635126405,4.95000000036709));
#3735=VECTOR('',#3736,1.);
#3736=DIRECTION('',(0.,1.15351284080134E-010,-1.));
#3737=CARTESIAN_POINT('',(2.25,-9.04999999923369,4.95000000042046));
#3738=CARTESIAN_POINT('',(2.25,-9.04999999923369,4.95000000042046));
#3739=VECTOR('',#3740,1.);
#3740=DIRECTION('',(0.,1.,-7.92680366571849E-012));
#3741=AXIS2_PLACEMENT_3D('',#3742,#3743,#3744);
#3742=CARTESIAN_POINT('',(2.25,-9.04999999920406,3.70000000005133));
#3743=DIRECTION('',(-1.,0.,0.));
#3744=DIRECTION('',(0.,-1.,9.16489994735842E-011));
#3745=CARTESIAN_POINT('',(2.25,-10.299999999987,-3.18349364905389));
#3746=VECTOR('',#3747,1.);
#3747=DIRECTION('',(0.,1.,0.));
#3748=CARTESIAN_POINT('',(2.25,-9.04999999917601,4.45000000042046));
#3749=AXIS2_PLACEMENT_3D('',#3750,#3751,#3752);
#3750=CARTESIAN_POINT('',(2.25,-9.04999999920406,3.70000000005133));
#3751=DIRECTION('',(-1.,0.,0.));
#3752=DIRECTION('',(0.,-1.,9.16487626079627E-011));
#3753=CARTESIAN_POINT('',(2.25,-9.04999999917601,4.45000000042046));
#3754=VECTOR('',#3755,1.);
#3755=DIRECTION('',(0.,1.,-7.92640795209994E-012));
#3756=CARTESIAN_POINT('',(2.125,-9.925,-3.4));
#3757=CARTESIAN_POINT('',(1.875,-9.925,-3.4));
#3758=CARTESIAN_POINT('',(2.125,-9.925,-3.4));
#3759=VECTOR('',#3760,1.);
#3760=DIRECTION('',(-1.,7.10542735760098E-015,0.));
#3761=CARTESIAN_POINT('',(2.125,-10.175,-3.4));
#3762=CARTESIAN_POINT('',(2.125,-10.175,-3.4));
#3763=VECTOR('',#3764,1.);
#3764=DIRECTION('',(0.,1.,0.));
#3765=CARTESIAN_POINT('',(1.875,-10.175,-3.4));
#3766=CARTESIAN_POINT('',(1.875,-10.175,-3.4));
#3767=VECTOR('',#3768,1.);
#3768=DIRECTION('',(1.,0.,0.));
#3769=CARTESIAN_POINT('',(1.875,-9.925,-3.4));
#3770=VECTOR('',#3771,1.);
#3771=DIRECTION('',(0.,-1.,0.));
#3772=CARTESIAN_POINT('',(2.25,-9.04999999917601,4.45000000042046));
#3773=VECTOR('',#3774,1.);
#3774=DIRECTION('',(-1.,0.,0.));
#3775=CARTESIAN_POINT('',(1.75,-9.04999999923369,4.95000000042046));
#3776=VECTOR('',#3777,1.);
#3777=DIRECTION('',(1.,0.,0.));
#3778=CARTESIAN_POINT('',(1.75,-2.31650635124863,4.95000000036709));
#3779=VECTOR('',#3780,1.);
#3780=DIRECTION('',(1.,-1.77635683940025E-015,0.));
#3781=CARTESIAN_POINT('',(1.875,-2.10000000027468,4.57500000037139));
#3782=CARTESIAN_POINT('',(1.875,-2.10000000030352,4.82500000037628));
#3783=CARTESIAN_POINT('',(1.875,-2.10000000027468,4.57500000039207));
#3784=VECTOR('',#3785,1.);
#3785=DIRECTION('',(-8.88178419700125E-016,-1.15353060436973E-010,1.));
#3786=CARTESIAN_POINT('',(2.125,-2.10000000030352,4.82500000042787));
#3787=CARTESIAN_POINT('',(1.875,-2.10000000030352,4.82500000039207));
#3788=VECTOR('',#3789,1.);
#3789=DIRECTION('',(1.,0.,0.));
#3790=CARTESIAN_POINT('',(2.125,-2.10000000027468,4.57500000041941));
#3791=CARTESIAN_POINT('',(2.125,-2.10000000030352,4.82500000039206));
#3792=VECTOR('',#3793,1.);
#3793=DIRECTION('',(0.,1.15353060436974E-010,-1.));
#3794=CARTESIAN_POINT('',(2.125,-2.10000000027468,4.57500000039207));
#3795=VECTOR('',#3796,1.);
#3796=DIRECTION('',(-1.,0.,0.));
#3797=CARTESIAN_POINT('',(2.25,-2.31650635122178,4.45000000036709));
#3798=VECTOR('',#3799,1.);
#3799=DIRECTION('',(-1.,-1.77635683940025E-015,0.));
#3800=CARTESIAN_POINT('',(2.25,-9.79999999998699,-3.18349364905389));
#3801=VECTOR('',#3802,1.);
#3802=DIRECTION('',(-0.447213595490645,-0.44721359553721,-0.774596669225353));
#3803=CARTESIAN_POINT('',(1.75,-9.8,-3.18349364905389));
#3804=VECTOR('',#3805,1.);
#3805=DIRECTION('',(0.447213595499956,-0.447213595499964,-0.774596669241481));
#3806=CARTESIAN_POINT('',(1.75,-10.299999999987,-3.18349364905389));
#3807=VECTOR('',#3808,1.);
#3808=DIRECTION('',(0.447213595509268,0.447213595462711,-0.774596669257613));
#3809=CARTESIAN_POINT('',(2.25,-10.3,-3.18349364905389));
#3810=VECTOR('',#3811,1.);
#3811=DIRECTION('',(-0.447213595499957,0.447213595499951,-0.774596669241488));
#3812=CARTESIAN_POINT('',(1.75,-2.31650635126405,4.95000000024699));
#3813=VECTOR('',#3814,1.);
#3814=DIRECTION('',(0.447213595552008,0.774596669383221,-0.447213595202411));
#3815=CARTESIAN_POINT('',(1.75,-2.31650635122178,4.45000000036709));
#3816=VECTOR('',#3817,1.);
#3817=DIRECTION('',(0.447213595480859,0.774596669211943,0.447213595570222));
#3818=CARTESIAN_POINT('',(2.25,-2.31650635124864,4.95000000036709));
#3819=VECTOR('',#3820,1.);
#3820=DIRECTION('',(-0.447213595519055,0.774596669271019,-0.447213595429704));
#3821=CARTESIAN_POINT('',(2.25,-2.31650635120637,4.45000000043643));
#3822=VECTOR('',#3823,1.);
#3823=DIRECTION('',(-0.447213595490879,0.774596669174167,0.447213595625632));
#3824=CARTESIAN_POINT('',(2.25000000000001,-7.8,-3.18349364905389));
#3825=CARTESIAN_POINT('',(1.75000000000001,-7.8,-3.18349364905389));
#3826=CARTESIAN_POINT('',(2.25000000000001,-7.8,-3.18349364905389));
#3827=VECTOR('',#3828,1.);
#3828=DIRECTION('',(-1.,1.77635683940025E-015,0.));
#3829=CARTESIAN_POINT('',(1.75000000000001,-7.8,2.30000000000578));
#3830=CARTESIAN_POINT('',(1.75000000000001,-7.8,-3.18349364905389));
#3831=VECTOR('',#3832,1.);
#3832=DIRECTION('',(0.,0.,1.));
#3833=CARTESIAN_POINT('',(2.25000000000001,-7.8,2.30000000000578));
#3834=CARTESIAN_POINT('',(2.25000000000001,-7.8,2.30000000000578));
#3835=VECTOR('',#3836,1.);
#3836=DIRECTION('',(-1.,1.77635683940025E-015,0.));
#3837=CARTESIAN_POINT('',(2.25000000000001,-7.8,-3.18349364905389));
#3838=VECTOR('',#3839,1.);
#3839=DIRECTION('',(0.,0.,1.));
#3840=CARTESIAN_POINT('',(1.75000000000001,-2.31650635094628,2.4500000000034));
#3841=CARTESIAN_POINT('',(1.75000000000001,-2.31650635094623,2.95000000000308));
#3842=CARTESIAN_POINT('',(1.75000000000001,-2.31650635094625,2.45000000000384));
#3843=VECTOR('',#3844,1.);
#3844=DIRECTION('',(0.,-1.77635683940024E-015,1.));
#3845=CARTESIAN_POINT('',(1.75000000000001,-7.65,2.45000000000578));
#3846=CARTESIAN_POINT('',(1.75000000000001,-7.65,2.45000000000578));
#3847=VECTOR('',#3848,1.);
#3848=DIRECTION('',(0.,1.,-3.64530772633154E-013));
#3849=AXIS2_PLACEMENT_3D('',#3850,#3851,#3852);
#3850=CARTESIAN_POINT('',(1.75000000000001,-7.65,2.30000000000578));
#3851=DIRECTION('',(-1.,8.88178419700124E-016,0.));
#3852=DIRECTION('',(-8.88178419700124E-016,-1.,0.));
#3853=CARTESIAN_POINT('',(1.75000000000001,-8.3,-3.18349364905389));
#3854=CARTESIAN_POINT('',(1.75000000000001,-7.8,-3.18349364905389));
#3855=VECTOR('',#3856,1.);
#3856=DIRECTION('',(-8.88178419700124E-016,-1.,0.));
#3857=CARTESIAN_POINT('',(1.75000000000001,-8.3,2.30000000000578));
#3858=CARTESIAN_POINT('',(1.75000000000001,-8.3,-3.18349364905389));
#3859=VECTOR('',#3860,1.);
#3860=DIRECTION('',(0.,0.,1.));
#3861=CARTESIAN_POINT('',(1.75000000000001,-7.65,2.95000000000578));
#3862=AXIS2_PLACEMENT_3D('',#3863,#3864,#3865);
#3863=CARTESIAN_POINT('',(1.75000000000001,-7.65,2.30000000000578));
#3864=DIRECTION('',(-1.,8.88178419700124E-016,0.));
#3865=DIRECTION('',(-8.88178419700124E-016,-1.,0.));
#3866=CARTESIAN_POINT('',(1.75000000000001,-7.65,2.95000000000578));
#3867=VECTOR('',#3868,1.);
#3868=DIRECTION('',(8.74274351906826E-016,1.,-3.64530772633151E-013));
#3869=CARTESIAN_POINT('',(2.25000000000001,-8.3,-3.18349364905389));
#3870=CARTESIAN_POINT('',(1.75000000000001,-8.3,-3.18349364905389));
#3871=VECTOR('',#3872,1.);
#3872=DIRECTION('',(1.,0.,0.));
#3873=CARTESIAN_POINT('',(2.25000000000001,-8.3,2.30000000000578));
#3874=CARTESIAN_POINT('',(2.25000000000001,-8.3,-3.18349364905389));
#3875=VECTOR('',#3876,1.);
#3876=DIRECTION('',(0.,0.,1.));
#3877=CARTESIAN_POINT('',(1.75000000000001,-8.3,2.30000000000578));
#3878=VECTOR('',#3879,1.);
#3879=DIRECTION('',(1.,0.,0.));
#3880=CARTESIAN_POINT('',(2.25000000000001,-2.31650635094623,2.95000000000409));
#3881=CARTESIAN_POINT('',(2.25000000000001,-2.31650635094628,2.45000000000428));
#3882=CARTESIAN_POINT('',(2.25000000000001,-2.31650635094626,2.95000000000384));
#3883=VECTOR('',#3884,1.);
#3884=DIRECTION('',(0.,0.,-1.));
#3885=CARTESIAN_POINT('',(2.25000000000001,-7.65,2.95000000000578));
#3886=CARTESIAN_POINT('',(2.25000000000001,-7.65,2.95000000000578));
#3887=VECTOR('',#3888,1.);
#3888=DIRECTION('',(0.,1.,-3.64530772633151E-013));
#3889=AXIS2_PLACEMENT_3D('',#3890,#3891,#3892);
#3890=CARTESIAN_POINT('',(2.25000000000001,-7.65,2.30000000000578));
#3891=DIRECTION('',(-1.,0.,0.));
#3892=DIRECTION('',(0.,-1.,0.));
#3893=CARTESIAN_POINT('',(2.25000000000001,-8.3,-3.18349364905389));
#3894=VECTOR('',#3895,1.);
#3895=DIRECTION('',(0.,1.,0.));
#3896=CARTESIAN_POINT('',(2.25000000000001,-7.65,2.45000000000578));
#3897=AXIS2_PLACEMENT_3D('',#3898,#3899,#3900);
#3898=CARTESIAN_POINT('',(2.25000000000001,-7.65,2.30000000000578));
#3899=DIRECTION('',(-1.,0.,0.));
#3900=DIRECTION('',(0.,-1.,0.));
#3901=CARTESIAN_POINT('',(2.25000000000001,-7.65,2.45000000000578));
#3902=VECTOR('',#3903,1.);
#3903=DIRECTION('',(0.,1.,-3.64530772633154E-013));
#3904=CARTESIAN_POINT('',(2.12500000000001,-7.925,-3.4));
#3905=CARTESIAN_POINT('',(1.87500000000001,-7.925,-3.4));
#3906=CARTESIAN_POINT('',(2.12500000000001,-7.925,-3.4));
#3907=VECTOR('',#3908,1.);
#3908=DIRECTION('',(-1.,3.55271367880051E-015,0.));
#3909=CARTESIAN_POINT('',(2.12500000000001,-8.175,-3.4));
#3910=CARTESIAN_POINT('',(2.12500000000001,-8.175,-3.4));
#3911=VECTOR('',#3912,1.);
#3912=DIRECTION('',(0.,1.,0.));
#3913=CARTESIAN_POINT('',(1.87500000000001,-8.175,-3.4));
#3914=CARTESIAN_POINT('',(1.87500000000001,-8.175,-3.4));
#3915=VECTOR('',#3916,1.);
#3916=DIRECTION('',(1.,0.,0.));
#3917=CARTESIAN_POINT('',(1.87500000000001,-7.925,-3.4));
#3918=VECTOR('',#3919,1.);
#3919=DIRECTION('',(-1.77635683940025E-015,-1.,0.));
#3920=CARTESIAN_POINT('',(2.25000000000001,-7.65,2.45000000000578));
#3921=VECTOR('',#3922,1.);
#3922=DIRECTION('',(-1.,0.,-1.77635683940025E-015));
#3923=CARTESIAN_POINT('',(1.75000000000001,-7.65,2.95000000000578));
#3924=VECTOR('',#3925,1.);
#3925=DIRECTION('',(1.,0.,0.));
#3926=CARTESIAN_POINT('',(1.75000000000001,-2.31650635094621,2.95000000000384));
#3927=VECTOR('',#3928,1.);
#3928=DIRECTION('',(1.,0.,0.));
#3929=CARTESIAN_POINT('',(1.87500000000001,-2.10000000000015,2.57500000000331));
#3930=CARTESIAN_POINT('',(1.87500000000001,-2.10000000000015,2.82500000000344));
#3931=CARTESIAN_POINT('',(1.87500000000001,-2.10000000000015,2.57500000000384));
#3932=VECTOR('',#3933,1.);
#3933=DIRECTION('',(0.,0.,1.));
#3934=CARTESIAN_POINT('',(2.12500000000001,-2.10000000000015,2.82500000000474));
#3935=CARTESIAN_POINT('',(1.87500000000001,-2.10000000000015,2.82500000000383));
#3936=VECTOR('',#3937,1.);
#3937=DIRECTION('',(1.,0.,0.));
#3938=CARTESIAN_POINT('',(2.12500000000001,-2.10000000000015,2.57500000000453));
#3939=CARTESIAN_POINT('',(2.12500000000001,-2.10000000000015,2.82500000000383));
#3940=VECTOR('',#3941,1.);
#3941=DIRECTION('',(0.,0.,-1.));
#3942=CARTESIAN_POINT('',(2.12500000000001,-2.10000000000015,2.57500000000384));
#3943=VECTOR('',#3944,1.);
#3944=DIRECTION('',(-1.,0.,-7.10542735760117E-015));
#3945=CARTESIAN_POINT('',(2.25000000000001,-2.3165063509463,2.45000000000384));
#3946=VECTOR('',#3947,1.);
#3947=DIRECTION('',(-1.,0.,-1.77635683940025E-015));
#3948=CARTESIAN_POINT('',(2.25000000000001,-7.8,-3.18349364905389));
#3949=VECTOR('',#3950,1.);
#3950=DIRECTION('',(-0.447213595499959,-0.447213595499957,-0.774596669241483));
#3951=CARTESIAN_POINT('',(1.75000000000001,-7.8,-3.18349364905389));
#3952=VECTOR('',#3953,1.);
#3953=DIRECTION('',(0.447213595499961,-0.447213595499959,-0.774596669241481));
#3954=CARTESIAN_POINT('',(1.75000000000001,-8.3,-3.18349364905389));
#3955=VECTOR('',#3956,1.);
#3956=DIRECTION('',(0.447213595499956,0.447213595499968,-0.774596669241479));
#3957=CARTESIAN_POINT('',(2.25000000000001,-8.3,-3.18349364905389));
#3958=VECTOR('',#3959,1.);
#3959=DIRECTION('',(-0.447213595499958,0.447213595499962,-0.774596669241481));
#3960=CARTESIAN_POINT('',(1.75000000000001,-2.31650635094626,2.9500000000008));
#3961=VECTOR('',#3962,1.);
#3962=DIRECTION('',(0.447213595501271,0.774596669243759,-0.447213595494703));
#3963=CARTESIAN_POINT('',(1.75000000000001,-2.3165063509463,2.45000000000384));
#3964=VECTOR('',#3965,1.);
#3965=DIRECTION('',(0.447213595499916,0.774596669241541,0.4472135954999));
#3966=CARTESIAN_POINT('',(2.25000000000001,-2.31650635094621,2.95000000000384));
#3967=VECTOR('',#3968,1.);
#3968=DIRECTION('',(-0.447213595500013,0.774596669241415,-0.447213595500021));
#3969=CARTESIAN_POINT('',(2.25000000000001,-2.31650635094626,2.45000000000559));
#3970=VECTOR('',#3971,1.);
#3971=DIRECTION('',(-0.447213595499729,0.774596669241085,0.447213595500878));
ENDSEC;
END-ISO-10303-21;
