ISO-10303-21;
HEADER;
FILE_DESCRIPTION(('STEP AP214'),
    '1');
FILE_NAME('CJT_A2008',
    '2020-10-03T15:07:41',
    ('AF'),
    (''),
    'UNSPECIFIED',
    'UNSPECIFIED',
    '');
/*Based on CJT A2008 series datasheet*/
FILE_SCHEMA(('AUTOMOTIVE_DESIGN { 1 0 10303 214 3 1 1}'));
ENDSEC;

DATA;
#1=SHAPE_REPRESENTATION('NONE',(#2,#45,#109,#182,#208,#234),#6);
#2=AXIS2_PLACEMENT_3D('',#3,#4,#5);
#3=CARTESIAN_POINT('',(0.,0.,0.));
#4=DIRECTION('',(0.,0.,1.));
#5=DIRECTION('',(1.,0.,0.));
#6=(GEOMETRIC_REPRESENTATION_CONTEXT(3)GLOBAL_UNCERTAINTY_ASSIGNED_CONTEXT((#8))
GLOBAL_UNIT_ASSIGNED_CONTEXT((#7,#9,#10))REPRESENTATION_CONTEXT('NONE','NONE'));
#7=(LENGTH_UNIT()NAMED_UNIT(*)SI_UNIT(.MILLI.,.METRE.));
#8=UNCERTAINTY_MEASURE_WITH_UNIT(LENGTH_MEASURE(1.E-005),#7,'NONE','NONE');
#9=(NAMED_UNIT(*)PLANE_ANGLE_UNIT()SI_UNIT($,.RADIAN.));
#10=(NAMED_UNIT(*)SI_UNIT($,.STERADIAN.)SOLID_ANGLE_UNIT());
#11=SHAPE_DEFINITION_REPRESENTATION(#12,#1);
#12=PRODUCT_DEFINITION_SHAPE('NONE','NONE',#13);
#13=PRODUCT_DEFINITION('','UNSPECIFIED',#14,#22);
#14=PRODUCT_DEFINITION_FORMATION_WITH_SPECIFIED_SOURCE('ANY','UNSPECIFIED',#15,.NOT_KNOWN.);
#15=PRODUCT('','CJT_A2008WR-2x4P','Based on CJT A2008 series datasheet',(#25));
#16=PERSON('UNSPECIFIED','AF','UNSPECIFIED',('UNSPECIFIED'),('UNSPECIFIED'),('UNSPECIFIED'));
#17=ORGANIZATION('UNSPECIFIED','UNSPECIFIED','UNSPECIFIED');
#18=PERSON_AND_ORGANIZATION(#16,#17);
#19=PERSON_AND_ORGANIZATION_ROLE('design_owner');
#20=CC_DESIGN_PERSON_AND_ORGANIZATION_ASSIGNMENT(#18,#19,(#15));
#21=PRODUCT_RELATED_PRODUCT_CATEGORY('assembly','',(#15));
#22=DESIGN_CONTEXT('detailed design',#23,'design');
#23=APPLICATION_CONTEXT('configuration controlled 3d designs of mechanical parts and assemblies');
#24=APPLICATION_PROTOCOL_DEFINITION('international standard','automotive_design',
2011,#23);
#25=PRODUCT_CONTEXT('NONE',#23,'mechanical');
#26=CC_DESIGN_DATE_AND_TIME_ASSIGNMENT(#27,#31,(#13));
#27=DATE_AND_TIME(#28,#29);
#28=CALENDAR_DATE(0,1,1);
#29=LOCAL_TIME(0,0,0.,#30);
#30=COORDINATED_UNIVERSAL_TIME_OFFSET(0,0,.AHEAD.);
#31=DATE_TIME_ROLE('creation_date');
#32=CC_DESIGN_APPROVAL(#33,(#13));
#33=APPROVAL(#34,'UNSPECIFIED');
#34=APPROVAL_STATUS('not_yet_approved');
#35=APPROVAL_DATE_TIME(#36,#33);
#36=DATE_AND_TIME(#37,#38);
#37=CALENDAR_DATE(0,1,1);
#38=LOCAL_TIME(0,0,0.,#39);
#39=COORDINATED_UNIVERSAL_TIME_OFFSET(0,0,.AHEAD.);
#40=DERIVED_UNIT((#44,#41));
#41=DERIVED_UNIT_ELEMENT(#42,-1.);
#42=VOLUME_UNIT(#43);
#43=DIMENSIONAL_EXPONENTS(3.,0.,0.,0.,0.,0.,0.);
#44=(DERIVED_UNIT_ELEMENT($,-1.)NAMED_UNIT($)MASS_UNIT()SI_UNIT($,.GRAM.));
#45=AXIS2_PLACEMENT_3D('',#46,#47,#48);
#46=CARTESIAN_POINT('',(0.,-7.8,3.7));
#47=DIRECTION('',(0.,1.,6.12323399573677E-017));
#48=DIRECTION('',(1.,0.,0.));
#49=SHAPE_REPRESENTATION('NONE',(#2),#6);
#50=SHAPE_DEFINITION_REPRESENTATION(#51,#49);
#51=PRODUCT_DEFINITION_SHAPE('NONE','NONE',#52);
#52=PRODUCT_DEFINITION('','UNSPECIFIED',#53,#56);
#53=PRODUCT_DEFINITION_FORMATION_WITH_SPECIFIED_SOURCE('ANY','UNSPECIFIED',#54,.NOT_KNOWN.);
#54=PRODUCT('','CJT_A2008-2-wafer','NONE',(#59));
#55=PRODUCT_RELATED_PRODUCT_CATEGORY('detail','',(#54));
#56=DESIGN_CONTEXT('detailed design',#57,'design');
#57=APPLICATION_CONTEXT('configuration controlled 3d designs of mechanical parts and assemblies');
#58=APPLICATION_PROTOCOL_DEFINITION('international standard','automotive_design',
2011,#57);
#59=PRODUCT_CONTEXT('NONE',#57,'mechanical');
#60=CC_DESIGN_DATE_AND_TIME_ASSIGNMENT(#61,#65,(#52));
#61=DATE_AND_TIME(#62,#63);
#62=CALENDAR_DATE(0,1,1);
#63=LOCAL_TIME(0,0,0.,#64);
#64=COORDINATED_UNIVERSAL_TIME_OFFSET(0,0,.AHEAD.);
#65=DATE_TIME_ROLE('creation_date');
#66=CC_DESIGN_APPROVAL(#67,(#52));
#67=APPROVAL(#68,'UNSPECIFIED');
#68=APPROVAL_STATUS('not_yet_approved');
#69=APPROVAL_DATE_TIME(#70,#67);
#70=DATE_AND_TIME(#71,#72);
#71=CALENDAR_DATE(0,1,1);
#72=LOCAL_TIME(0,0,0.,#73);
#73=COORDINATED_UNIVERSAL_TIME_OFFSET(0,0,.AHEAD.);
#74=MANIFOLD_SOLID_BREP('',#75);
#75=CLOSED_SHELL('',(#260,#269,#278,#287,#296,#305,#314,#323,#332,#341,#350,#359,
#368,#377,#386,#395,#404,#413,#422,#431,#440,#449,#458,#467,#476,#485,#494,#503,
#512,#521,#530,#539,#548,#557,#566,#575,#584,#593,#602,#611,#620,#629,#638,#647,
#656,#665,#674,#683,#692,#701,#710,#719,#728,#737,#746,#755,#764,#773,#782,#791,
#800,#809,#818,#827,#836,#845,#854));
#76=COLOUR_RGB($,0.92156862745098,0.92156862745098,0.909803921568627);
#77=FILL_AREA_STYLE_COLOUR($,#76);
#78=FILL_AREA_STYLE($,(#77));
#79=SURFACE_STYLE_FILL_AREA(#78);
#80=SURFACE_SIDE_STYLE('',(#79));
#81=SURFACE_STYLE_USAGE(.BOTH.,#80);
#82=PRESENTATION_STYLE_ASSIGNMENT((#81));
#83=MECHANICAL_DESIGN_GEOMETRIC_PRESENTATION_REPRESENTATION('NONE',(#84,#147,#157,
#268,#277,#286,#295,#304,#313,#322,#331,#340,#349,#358,#367,#376,#385,#394,#403,
#412,#421,#430,#439,#448,#457,#466,#475,#484,#493,#502,#511,#520,#529,#538,#547,
#556,#565,#574,#583,#592,#601,#610,#619,#628,#637,#646,#655,#664,#673,#682,#691,
#700,#709,#718,#727,#736,#745,#754,#763,#772,#781,#790,#799,#808,#817,#826,#835,
#844,#853,#862,#871,#880,#889,#898,#907,#916,#925,#934,#943,#952,#961,#970,#979,
#988,#997,#1006,#1015,#1024,#1033,#1042,#1051,#1060,#1069,#1078,#1087,#1096,#1105,
#1114,#1123,#1132,#1141,#1150,#1159,#1168,#1177,#1186),#6);
#84=STYLED_ITEM('',(#82),#74);
#85=ADVANCED_BREP_SHAPE_REPRESENTATION('NONE',(#74),#6);
#86=SHAPE_REPRESENTATION_RELATIONSHIP('','',#49,#85);
#87=ITEM_DEFINED_TRANSFORMATION('','',#2,#45);
#88=(REPRESENTATION_RELATIONSHIP('','',#49,#1)REPRESENTATION_RELATIONSHIP_WITH_TRANSFORMATION(
#87)SHAPE_REPRESENTATION_RELATIONSHIP());
#89=NEXT_ASSEMBLY_USAGE_OCCURRENCE('1','','',#13,#52,$);
#90=CC_DESIGN_SECURITY_CLASSIFICATION(#91,(#89));
#91=SECURITY_CLASSIFICATION('','',#92);
#92=SECURITY_CLASSIFICATION_LEVEL('unclassified');
#93=CC_DESIGN_DATE_AND_TIME_ASSIGNMENT(#94,#98,(#91));
#94=DATE_AND_TIME(#95,#96);
#95=CALENDAR_DATE(0,1,1);
#96=LOCAL_TIME(0,0,0.,#97);
#97=COORDINATED_UNIVERSAL_TIME_OFFSET(0,0,.AHEAD.);
#98=DATE_TIME_ROLE('classification_date');
#99=CC_DESIGN_APPROVAL(#100,(#91));
#100=APPROVAL(#101,'UNSPECIFIED');
#101=APPROVAL_STATUS('not_yet_approved');
#102=APPROVAL_DATE_TIME(#103,#100);
#103=DATE_AND_TIME(#104,#105);
#104=CALENDAR_DATE(0,1,1);
#105=LOCAL_TIME(0,0,0.,#106);
#106=COORDINATED_UNIVERSAL_TIME_OFFSET(0,0,.AHEAD.);
#107=PRODUCT_DEFINITION_SHAPE('NONE','NONE',#89);
#108=CONTEXT_DEPENDENT_SHAPE_REPRESENTATION(#88,#107);
#109=AXIS2_PLACEMENT_3D('',#110,#111,#112);
#110=CARTESIAN_POINT('',(0.,0.,0.));
#111=DIRECTION('',(0.,0.,1.));
#112=DIRECTION('',(1.,0.,0.));
#113=SHAPE_REPRESENTATION('NONE',(#2),#6);
#114=SHAPE_DEFINITION_REPRESENTATION(#115,#113);
#115=PRODUCT_DEFINITION_SHAPE('NONE','NONE',#116);
#116=PRODUCT_DEFINITION('','UNSPECIFIED',#117,#120);
#117=PRODUCT_DEFINITION_FORMATION_WITH_SPECIFIED_SOURCE('ANY','UNSPECIFIED',#118,
.NOT_KNOWN.);
#118=PRODUCT('','CJT_A2008-WR-2-pin','NONE',(#123));
#119=PRODUCT_RELATED_PRODUCT_CATEGORY('detail','',(#118));
#120=DESIGN_CONTEXT('detailed design',#121,'design');
#121=APPLICATION_CONTEXT('configuration controlled 3d designs of mechanical parts and assemblies');
#122=APPLICATION_PROTOCOL_DEFINITION('international standard','automotive_design',
2011,#121);
#123=PRODUCT_CONTEXT('NONE',#121,'mechanical');
#124=CC_DESIGN_DATE_AND_TIME_ASSIGNMENT(#125,#129,(#116));
#125=DATE_AND_TIME(#126,#127);
#126=CALENDAR_DATE(0,1,1);
#127=LOCAL_TIME(0,0,0.,#128);
#128=COORDINATED_UNIVERSAL_TIME_OFFSET(0,0,.AHEAD.);
#129=DATE_TIME_ROLE('creation_date');
#130=CC_DESIGN_APPROVAL(#131,(#116));
#131=APPROVAL(#132,'UNSPECIFIED');
#132=APPROVAL_STATUS('not_yet_approved');
#133=APPROVAL_DATE_TIME(#134,#131);
#134=DATE_AND_TIME(#135,#136);
#135=CALENDAR_DATE(0,1,1);
#136=LOCAL_TIME(0,0,0.,#137);
#137=COORDINATED_UNIVERSAL_TIME_OFFSET(0,0,.AHEAD.);
#138=MANIFOLD_SOLID_BREP('',#139);
#139=CLOSED_SHELL('',(#863,#872,#881,#890,#899,#908,#917,#926,#935,#944,#953,#962,
#971,#980,#989,#998,#1007,#1016));
#140=COLOUR_RGB($,0.827450980392157,0.831372549019608,0.835294117647059);
#141=FILL_AREA_STYLE_COLOUR($,#140);
#142=FILL_AREA_STYLE($,(#141));
#143=SURFACE_STYLE_FILL_AREA(#142);
#144=SURFACE_SIDE_STYLE('',(#143));
#145=SURFACE_STYLE_USAGE(.BOTH.,#144);
#146=PRESENTATION_STYLE_ASSIGNMENT((#145));
#147=STYLED_ITEM('',(#146),#138);
#148=MANIFOLD_SOLID_BREP('',#149);
#149=CLOSED_SHELL('',(#1025,#1034,#1043,#1052,#1061,#1070,#1079,#1088,#1097,#1106,
#1115,#1124,#1133,#1142,#1151,#1160,#1169,#1178));
#150=COLOUR_RGB($,0.827450980392157,0.831372549019608,0.835294117647059);
#151=FILL_AREA_STYLE_COLOUR($,#150);
#152=FILL_AREA_STYLE($,(#151));
#153=SURFACE_STYLE_FILL_AREA(#152);
#154=SURFACE_SIDE_STYLE('',(#153));
#155=SURFACE_STYLE_USAGE(.BOTH.,#154);
#156=PRESENTATION_STYLE_ASSIGNMENT((#155));
#157=STYLED_ITEM('',(#156),#148);
#158=ADVANCED_BREP_SHAPE_REPRESENTATION('NONE',(#138,#148),#6);
#159=SHAPE_REPRESENTATION_RELATIONSHIP('','',#113,#158);
#160=ITEM_DEFINED_TRANSFORMATION('','',#2,#109);
#161=(REPRESENTATION_RELATIONSHIP('','',#113,#1)REPRESENTATION_RELATIONSHIP_WITH_TRANSFORMATION(
#160)SHAPE_REPRESENTATION_RELATIONSHIP());
#162=NEXT_ASSEMBLY_USAGE_OCCURRENCE('2','','',#13,#116,$);
#163=CC_DESIGN_SECURITY_CLASSIFICATION(#164,(#162));
#164=SECURITY_CLASSIFICATION('','',#165);
#165=SECURITY_CLASSIFICATION_LEVEL('unclassified');
#166=CC_DESIGN_DATE_AND_TIME_ASSIGNMENT(#167,#171,(#164));
#167=DATE_AND_TIME(#168,#169);
#168=CALENDAR_DATE(0,1,1);
#169=LOCAL_TIME(0,0,0.,#170);
#170=COORDINATED_UNIVERSAL_TIME_OFFSET(0,0,.AHEAD.);
#171=DATE_TIME_ROLE('classification_date');
#172=CC_DESIGN_APPROVAL(#173,(#164));
#173=APPROVAL(#174,'UNSPECIFIED');
#174=APPROVAL_STATUS('not_yet_approved');
#175=APPROVAL_DATE_TIME(#176,#173);
#176=DATE_AND_TIME(#177,#178);
#177=CALENDAR_DATE(0,1,1);
#178=LOCAL_TIME(0,0,0.,#179);
#179=COORDINATED_UNIVERSAL_TIME_OFFSET(0,0,.AHEAD.);
#180=PRODUCT_DEFINITION_SHAPE('NONE','NONE',#162);
#181=CONTEXT_DEPENDENT_SHAPE_REPRESENTATION(#161,#180);
#182=AXIS2_PLACEMENT_3D('',#183,#184,#185);
#183=CARTESIAN_POINT('',(-2.,2.44929359829471E-016,0.));
#184=DIRECTION('',(0.,0.,1.));
#185=DIRECTION('',(1.,0.,0.));
#186=ITEM_DEFINED_TRANSFORMATION('','',#2,#182);
#187=(REPRESENTATION_RELATIONSHIP('','',#113,#1)REPRESENTATION_RELATIONSHIP_WITH_TRANSFORMATION(
#186)SHAPE_REPRESENTATION_RELATIONSHIP());
#188=NEXT_ASSEMBLY_USAGE_OCCURRENCE('3','','',#13,#116,$);
#189=CC_DESIGN_SECURITY_CLASSIFICATION(#190,(#188));
#190=SECURITY_CLASSIFICATION('','',#191);
#191=SECURITY_CLASSIFICATION_LEVEL('unclassified');
#192=CC_DESIGN_DATE_AND_TIME_ASSIGNMENT(#193,#197,(#190));
#193=DATE_AND_TIME(#194,#195);
#194=CALENDAR_DATE(0,1,1);
#195=LOCAL_TIME(0,0,0.,#196);
#196=COORDINATED_UNIVERSAL_TIME_OFFSET(0,0,.AHEAD.);
#197=DATE_TIME_ROLE('classification_date');
#198=CC_DESIGN_APPROVAL(#199,(#190));
#199=APPROVAL(#200,'UNSPECIFIED');
#200=APPROVAL_STATUS('not_yet_approved');
#201=APPROVAL_DATE_TIME(#202,#199);
#202=DATE_AND_TIME(#203,#204);
#203=CALENDAR_DATE(0,1,1);
#204=LOCAL_TIME(0,0,0.,#205);
#205=COORDINATED_UNIVERSAL_TIME_OFFSET(0,0,.AHEAD.);
#206=PRODUCT_DEFINITION_SHAPE('NONE','NONE',#188);
#207=CONTEXT_DEPENDENT_SHAPE_REPRESENTATION(#187,#206);
#208=AXIS2_PLACEMENT_3D('',#209,#210,#211);
#209=CARTESIAN_POINT('',(-4.,4.89858719658941E-016,0.));
#210=DIRECTION('',(0.,0.,1.));
#211=DIRECTION('',(1.,0.,0.));
#212=ITEM_DEFINED_TRANSFORMATION('','',#2,#208);
#213=(REPRESENTATION_RELATIONSHIP('','',#113,#1)REPRESENTATION_RELATIONSHIP_WITH_TRANSFORMATION(
#212)SHAPE_REPRESENTATION_RELATIONSHIP());
#214=NEXT_ASSEMBLY_USAGE_OCCURRENCE('4','','',#13,#116,$);
#215=CC_DESIGN_SECURITY_CLASSIFICATION(#216,(#214));
#216=SECURITY_CLASSIFICATION('','',#217);
#217=SECURITY_CLASSIFICATION_LEVEL('unclassified');
#218=CC_DESIGN_DATE_AND_TIME_ASSIGNMENT(#219,#223,(#216));
#219=DATE_AND_TIME(#220,#221);
#220=CALENDAR_DATE(0,1,1);
#221=LOCAL_TIME(0,0,0.,#222);
#222=COORDINATED_UNIVERSAL_TIME_OFFSET(0,0,.AHEAD.);
#223=DATE_TIME_ROLE('classification_date');
#224=CC_DESIGN_APPROVAL(#225,(#216));
#225=APPROVAL(#226,'UNSPECIFIED');
#226=APPROVAL_STATUS('not_yet_approved');
#227=APPROVAL_DATE_TIME(#228,#225);
#228=DATE_AND_TIME(#229,#230);
#229=CALENDAR_DATE(0,1,1);
#230=LOCAL_TIME(0,0,0.,#231);
#231=COORDINATED_UNIVERSAL_TIME_OFFSET(0,0,.AHEAD.);
#232=PRODUCT_DEFINITION_SHAPE('NONE','NONE',#214);
#233=CONTEXT_DEPENDENT_SHAPE_REPRESENTATION(#213,#232);
#234=AXIS2_PLACEMENT_3D('',#235,#236,#237);
#235=CARTESIAN_POINT('',(-6.,7.34788079488412E-016,0.));
#236=DIRECTION('',(0.,0.,1.));
#237=DIRECTION('',(1.,0.,0.));
#238=ITEM_DEFINED_TRANSFORMATION('','',#2,#234);
#239=(REPRESENTATION_RELATIONSHIP('','',#113,#1)REPRESENTATION_RELATIONSHIP_WITH_TRANSFORMATION(
#238)SHAPE_REPRESENTATION_RELATIONSHIP());
#240=NEXT_ASSEMBLY_USAGE_OCCURRENCE('5','','',#13,#116,$);
#241=CC_DESIGN_SECURITY_CLASSIFICATION(#242,(#240));
#242=SECURITY_CLASSIFICATION('','',#243);
#243=SECURITY_CLASSIFICATION_LEVEL('unclassified');
#244=CC_DESIGN_DATE_AND_TIME_ASSIGNMENT(#245,#249,(#242));
#245=DATE_AND_TIME(#246,#247);
#246=CALENDAR_DATE(0,1,1);
#247=LOCAL_TIME(0,0,0.,#248);
#248=COORDINATED_UNIVERSAL_TIME_OFFSET(0,0,.AHEAD.);
#249=DATE_TIME_ROLE('classification_date');
#250=CC_DESIGN_APPROVAL(#251,(#242));
#251=APPROVAL(#252,'UNSPECIFIED');
#252=APPROVAL_STATUS('not_yet_approved');
#253=APPROVAL_DATE_TIME(#254,#251);
#254=DATE_AND_TIME(#255,#256);
#255=CALENDAR_DATE(0,1,1);
#256=LOCAL_TIME(0,0,0.,#257);
#257=COORDINATED_UNIVERSAL_TIME_OFFSET(0,0,.AHEAD.);
#258=PRODUCT_DEFINITION_SHAPE('NONE','NONE',#240);
#259=CONTEXT_DEPENDENT_SHAPE_REPRESENTATION(#239,#258);
#260=ADVANCED_FACE('',(#1187,#1189),#1191,.T.);
#261=COLOUR_RGB($,0.92156862745098,0.92156862745098,0.909803921568627);
#262=FILL_AREA_STYLE_COLOUR($,#261);
#263=FILL_AREA_STYLE($,(#262));
#264=SURFACE_STYLE_FILL_AREA(#263);
#265=SURFACE_SIDE_STYLE('',(#264));
#266=SURFACE_STYLE_USAGE(.BOTH.,#265);
#267=PRESENTATION_STYLE_ASSIGNMENT((#266));
#268=STYLED_ITEM('',(#267),#260);
#269=ADVANCED_FACE('',(#1196),#1198,.T.);
#270=COLOUR_RGB($,0.92156862745098,0.92156862745098,0.909803921568627);
#271=FILL_AREA_STYLE_COLOUR($,#270);
#272=FILL_AREA_STYLE($,(#271));
#273=SURFACE_STYLE_FILL_AREA(#272);
#274=SURFACE_SIDE_STYLE('',(#273));
#275=SURFACE_STYLE_USAGE(.BOTH.,#274);
#276=PRESENTATION_STYLE_ASSIGNMENT((#275));
#277=STYLED_ITEM('',(#276),#269);
#278=ADVANCED_FACE('',(#1203),#1205,.T.);
#279=COLOUR_RGB($,0.92156862745098,0.92156862745098,0.909803921568627);
#280=FILL_AREA_STYLE_COLOUR($,#279);
#281=FILL_AREA_STYLE($,(#280));
#282=SURFACE_STYLE_FILL_AREA(#281);
#283=SURFACE_SIDE_STYLE('',(#282));
#284=SURFACE_STYLE_USAGE(.BOTH.,#283);
#285=PRESENTATION_STYLE_ASSIGNMENT((#284));
#286=STYLED_ITEM('',(#285),#278);
#287=ADVANCED_FACE('',(#1210),#1212,.T.);
#288=COLOUR_RGB($,0.92156862745098,0.92156862745098,0.909803921568627);
#289=FILL_AREA_STYLE_COLOUR($,#288);
#290=FILL_AREA_STYLE($,(#289));
#291=SURFACE_STYLE_FILL_AREA(#290);
#292=SURFACE_SIDE_STYLE('',(#291));
#293=SURFACE_STYLE_USAGE(.BOTH.,#292);
#294=PRESENTATION_STYLE_ASSIGNMENT((#293));
#295=STYLED_ITEM('',(#294),#287);
#296=ADVANCED_FACE('',(#1217),#1219,.T.);
#297=COLOUR_RGB($,0.92156862745098,0.92156862745098,0.909803921568627);
#298=FILL_AREA_STYLE_COLOUR($,#297);
#299=FILL_AREA_STYLE($,(#298));
#300=SURFACE_STYLE_FILL_AREA(#299);
#301=SURFACE_SIDE_STYLE('',(#300));
#302=SURFACE_STYLE_USAGE(.BOTH.,#301);
#303=PRESENTATION_STYLE_ASSIGNMENT((#302));
#304=STYLED_ITEM('',(#303),#296);
#305=ADVANCED_FACE('',(#1224),#1226,.T.);
#306=COLOUR_RGB($,0.92156862745098,0.92156862745098,0.909803921568627);
#307=FILL_AREA_STYLE_COLOUR($,#306);
#308=FILL_AREA_STYLE($,(#307));
#309=SURFACE_STYLE_FILL_AREA(#308);
#310=SURFACE_SIDE_STYLE('',(#309));
#311=SURFACE_STYLE_USAGE(.BOTH.,#310);
#312=PRESENTATION_STYLE_ASSIGNMENT((#311));
#313=STYLED_ITEM('',(#312),#305);
#314=ADVANCED_FACE('',(#1231),#1233,.F.);
#315=COLOUR_RGB($,0.92156862745098,0.92156862745098,0.909803921568627);
#316=FILL_AREA_STYLE_COLOUR($,#315);
#317=FILL_AREA_STYLE($,(#316));
#318=SURFACE_STYLE_FILL_AREA(#317);
#319=SURFACE_SIDE_STYLE('',(#318));
#320=SURFACE_STYLE_USAGE(.BOTH.,#319);
#321=PRESENTATION_STYLE_ASSIGNMENT((#320));
#322=STYLED_ITEM('',(#321),#314);
#323=ADVANCED_FACE('',(#1238),#1240,.F.);
#324=COLOUR_RGB($,0.92156862745098,0.92156862745098,0.909803921568627);
#325=FILL_AREA_STYLE_COLOUR($,#324);
#326=FILL_AREA_STYLE($,(#325));
#327=SURFACE_STYLE_FILL_AREA(#326);
#328=SURFACE_SIDE_STYLE('',(#327));
#329=SURFACE_STYLE_USAGE(.BOTH.,#328);
#330=PRESENTATION_STYLE_ASSIGNMENT((#329));
#331=STYLED_ITEM('',(#330),#323);
#332=ADVANCED_FACE('',(#1245),#1247,.F.);
#333=COLOUR_RGB($,0.92156862745098,0.92156862745098,0.909803921568627);
#334=FILL_AREA_STYLE_COLOUR($,#333);
#335=FILL_AREA_STYLE($,(#334));
#336=SURFACE_STYLE_FILL_AREA(#335);
#337=SURFACE_SIDE_STYLE('',(#336));
#338=SURFACE_STYLE_USAGE(.BOTH.,#337);
#339=PRESENTATION_STYLE_ASSIGNMENT((#338));
#340=STYLED_ITEM('',(#339),#332);
#341=ADVANCED_FACE('',(#1252),#1254,.T.);
#342=COLOUR_RGB($,0.92156862745098,0.92156862745098,0.909803921568627);
#343=FILL_AREA_STYLE_COLOUR($,#342);
#344=FILL_AREA_STYLE($,(#343));
#345=SURFACE_STYLE_FILL_AREA(#344);
#346=SURFACE_SIDE_STYLE('',(#345));
#347=SURFACE_STYLE_USAGE(.BOTH.,#346);
#348=PRESENTATION_STYLE_ASSIGNMENT((#347));
#349=STYLED_ITEM('',(#348),#341);
#350=ADVANCED_FACE('',(#1259),#1261,.T.);
#351=COLOUR_RGB($,0.92156862745098,0.92156862745098,0.909803921568627);
#352=FILL_AREA_STYLE_COLOUR($,#351);
#353=FILL_AREA_STYLE($,(#352));
#354=SURFACE_STYLE_FILL_AREA(#353);
#355=SURFACE_SIDE_STYLE('',(#354));
#356=SURFACE_STYLE_USAGE(.BOTH.,#355);
#357=PRESENTATION_STYLE_ASSIGNMENT((#356));
#358=STYLED_ITEM('',(#357),#350);
#359=ADVANCED_FACE('',(#1266),#1268,.T.);
#360=COLOUR_RGB($,0.92156862745098,0.92156862745098,0.909803921568627);
#361=FILL_AREA_STYLE_COLOUR($,#360);
#362=FILL_AREA_STYLE($,(#361));
#363=SURFACE_STYLE_FILL_AREA(#362);
#364=SURFACE_SIDE_STYLE('',(#363));
#365=SURFACE_STYLE_USAGE(.BOTH.,#364);
#366=PRESENTATION_STYLE_ASSIGNMENT((#365));
#367=STYLED_ITEM('',(#366),#359);
#368=ADVANCED_FACE('',(#1273),#1275,.F.);
#369=COLOUR_RGB($,0.92156862745098,0.92156862745098,0.909803921568627);
#370=FILL_AREA_STYLE_COLOUR($,#369);
#371=FILL_AREA_STYLE($,(#370));
#372=SURFACE_STYLE_FILL_AREA(#371);
#373=SURFACE_SIDE_STYLE('',(#372));
#374=SURFACE_STYLE_USAGE(.BOTH.,#373);
#375=PRESENTATION_STYLE_ASSIGNMENT((#374));
#376=STYLED_ITEM('',(#375),#368);
#377=ADVANCED_FACE('',(#1280),#1282,.T.);
#378=COLOUR_RGB($,0.92156862745098,0.92156862745098,0.909803921568627);
#379=FILL_AREA_STYLE_COLOUR($,#378);
#380=FILL_AREA_STYLE($,(#379));
#381=SURFACE_STYLE_FILL_AREA(#380);
#382=SURFACE_SIDE_STYLE('',(#381));
#383=SURFACE_STYLE_USAGE(.BOTH.,#382);
#384=PRESENTATION_STYLE_ASSIGNMENT((#383));
#385=STYLED_ITEM('',(#384),#377);
#386=ADVANCED_FACE('',(#1287),#1289,.F.);
#387=COLOUR_RGB($,0.92156862745098,0.92156862745098,0.909803921568627);
#388=FILL_AREA_STYLE_COLOUR($,#387);
#389=FILL_AREA_STYLE($,(#388));
#390=SURFACE_STYLE_FILL_AREA(#389);
#391=SURFACE_SIDE_STYLE('',(#390));
#392=SURFACE_STYLE_USAGE(.BOTH.,#391);
#393=PRESENTATION_STYLE_ASSIGNMENT((#392));
#394=STYLED_ITEM('',(#393),#386);
#395=ADVANCED_FACE('',(#1294),#1296,.F.);
#396=COLOUR_RGB($,0.92156862745098,0.92156862745098,0.909803921568627);
#397=FILL_AREA_STYLE_COLOUR($,#396);
#398=FILL_AREA_STYLE($,(#397));
#399=SURFACE_STYLE_FILL_AREA(#398);
#400=SURFACE_SIDE_STYLE('',(#399));
#401=SURFACE_STYLE_USAGE(.BOTH.,#400);
#402=PRESENTATION_STYLE_ASSIGNMENT((#401));
#403=STYLED_ITEM('',(#402),#395);
#404=ADVANCED_FACE('',(#1301),#1303,.F.);
#405=COLOUR_RGB($,0.92156862745098,0.92156862745098,0.909803921568627);
#406=FILL_AREA_STYLE_COLOUR($,#405);
#407=FILL_AREA_STYLE($,(#406));
#408=SURFACE_STYLE_FILL_AREA(#407);
#409=SURFACE_SIDE_STYLE('',(#408));
#410=SURFACE_STYLE_USAGE(.BOTH.,#409);
#411=PRESENTATION_STYLE_ASSIGNMENT((#410));
#412=STYLED_ITEM('',(#411),#404);
#413=ADVANCED_FACE('',(#1308),#1310,.T.);
#414=COLOUR_RGB($,0.92156862745098,0.92156862745098,0.909803921568627);
#415=FILL_AREA_STYLE_COLOUR($,#414);
#416=FILL_AREA_STYLE($,(#415));
#417=SURFACE_STYLE_FILL_AREA(#416);
#418=SURFACE_SIDE_STYLE('',(#417));
#419=SURFACE_STYLE_USAGE(.BOTH.,#418);
#420=PRESENTATION_STYLE_ASSIGNMENT((#419));
#421=STYLED_ITEM('',(#420),#413);
#422=ADVANCED_FACE('',(#1315),#1317,.T.);
#423=COLOUR_RGB($,0.92156862745098,0.92156862745098,0.909803921568627);
#424=FILL_AREA_STYLE_COLOUR($,#423);
#425=FILL_AREA_STYLE($,(#424));
#426=SURFACE_STYLE_FILL_AREA(#425);
#427=SURFACE_SIDE_STYLE('',(#426));
#428=SURFACE_STYLE_USAGE(.BOTH.,#427);
#429=PRESENTATION_STYLE_ASSIGNMENT((#428));
#430=STYLED_ITEM('',(#429),#422);
#431=ADVANCED_FACE('',(#1322),#1324,.T.);
#432=COLOUR_RGB($,0.92156862745098,0.92156862745098,0.909803921568627);
#433=FILL_AREA_STYLE_COLOUR($,#432);
#434=FILL_AREA_STYLE($,(#433));
#435=SURFACE_STYLE_FILL_AREA(#434);
#436=SURFACE_SIDE_STYLE('',(#435));
#437=SURFACE_STYLE_USAGE(.BOTH.,#436);
#438=PRESENTATION_STYLE_ASSIGNMENT((#437));
#439=STYLED_ITEM('',(#438),#431);
#440=ADVANCED_FACE('',(#1329),#1331,.F.);
#441=COLOUR_RGB($,0.92156862745098,0.92156862745098,0.909803921568627);
#442=FILL_AREA_STYLE_COLOUR($,#441);
#443=FILL_AREA_STYLE($,(#442));
#444=SURFACE_STYLE_FILL_AREA(#443);
#445=SURFACE_SIDE_STYLE('',(#444));
#446=SURFACE_STYLE_USAGE(.BOTH.,#445);
#447=PRESENTATION_STYLE_ASSIGNMENT((#446));
#448=STYLED_ITEM('',(#447),#440);
#449=ADVANCED_FACE('',(#1336),#1338,.F.);
#450=COLOUR_RGB($,0.92156862745098,0.92156862745098,0.909803921568627);
#451=FILL_AREA_STYLE_COLOUR($,#450);
#452=FILL_AREA_STYLE($,(#451));
#453=SURFACE_STYLE_FILL_AREA(#452);
#454=SURFACE_SIDE_STYLE('',(#453));
#455=SURFACE_STYLE_USAGE(.BOTH.,#454);
#456=PRESENTATION_STYLE_ASSIGNMENT((#455));
#457=STYLED_ITEM('',(#456),#449);
#458=ADVANCED_FACE('',(#1343),#1345,.F.);
#459=COLOUR_RGB($,0.92156862745098,0.92156862745098,0.909803921568627);
#460=FILL_AREA_STYLE_COLOUR($,#459);
#461=FILL_AREA_STYLE($,(#460));
#462=SURFACE_STYLE_FILL_AREA(#461);
#463=SURFACE_SIDE_STYLE('',(#462));
#464=SURFACE_STYLE_USAGE(.BOTH.,#463);
#465=PRESENTATION_STYLE_ASSIGNMENT((#464));
#466=STYLED_ITEM('',(#465),#458);
#467=ADVANCED_FACE('',(#1350),#1352,.T.);
#468=COLOUR_RGB($,0.92156862745098,0.92156862745098,0.909803921568627);
#469=FILL_AREA_STYLE_COLOUR($,#468);
#470=FILL_AREA_STYLE($,(#469));
#471=SURFACE_STYLE_FILL_AREA(#470);
#472=SURFACE_SIDE_STYLE('',(#471));
#473=SURFACE_STYLE_USAGE(.BOTH.,#472);
#474=PRESENTATION_STYLE_ASSIGNMENT((#473));
#475=STYLED_ITEM('',(#474),#467);
#476=ADVANCED_FACE('',(#1357),#1359,.T.);
#477=COLOUR_RGB($,0.92156862745098,0.92156862745098,0.909803921568627);
#478=FILL_AREA_STYLE_COLOUR($,#477);
#479=FILL_AREA_STYLE($,(#478));
#480=SURFACE_STYLE_FILL_AREA(#479);
#481=SURFACE_SIDE_STYLE('',(#480));
#482=SURFACE_STYLE_USAGE(.BOTH.,#481);
#483=PRESENTATION_STYLE_ASSIGNMENT((#482));
#484=STYLED_ITEM('',(#483),#476);
#485=ADVANCED_FACE('',(#1364),#1366,.T.);
#486=COLOUR_RGB($,0.92156862745098,0.92156862745098,0.909803921568627);
#487=FILL_AREA_STYLE_COLOUR($,#486);
#488=FILL_AREA_STYLE($,(#487));
#489=SURFACE_STYLE_FILL_AREA(#488);
#490=SURFACE_SIDE_STYLE('',(#489));
#491=SURFACE_STYLE_USAGE(.BOTH.,#490);
#492=PRESENTATION_STYLE_ASSIGNMENT((#491));
#493=STYLED_ITEM('',(#492),#485);
#494=ADVANCED_FACE('',(#1371),#1373,.T.);
#495=COLOUR_RGB($,0.92156862745098,0.92156862745098,0.909803921568627);
#496=FILL_AREA_STYLE_COLOUR($,#495);
#497=FILL_AREA_STYLE($,(#496));
#498=SURFACE_STYLE_FILL_AREA(#497);
#499=SURFACE_SIDE_STYLE('',(#498));
#500=SURFACE_STYLE_USAGE(.BOTH.,#499);
#501=PRESENTATION_STYLE_ASSIGNMENT((#500));
#502=STYLED_ITEM('',(#501),#494);
#503=ADVANCED_FACE('',(#1378),#1380,.T.);
#504=COLOUR_RGB($,0.92156862745098,0.92156862745098,0.909803921568627);
#505=FILL_AREA_STYLE_COLOUR($,#504);
#506=FILL_AREA_STYLE($,(#505));
#507=SURFACE_STYLE_FILL_AREA(#506);
#508=SURFACE_SIDE_STYLE('',(#507));
#509=SURFACE_STYLE_USAGE(.BOTH.,#508);
#510=PRESENTATION_STYLE_ASSIGNMENT((#509));
#511=STYLED_ITEM('',(#510),#503);
#512=ADVANCED_FACE('',(#1385),#1387,.T.);
#513=COLOUR_RGB($,0.92156862745098,0.92156862745098,0.909803921568627);
#514=FILL_AREA_STYLE_COLOUR($,#513);
#515=FILL_AREA_STYLE($,(#514));
#516=SURFACE_STYLE_FILL_AREA(#515);
#517=SURFACE_SIDE_STYLE('',(#516));
#518=SURFACE_STYLE_USAGE(.BOTH.,#517);
#519=PRESENTATION_STYLE_ASSIGNMENT((#518));
#520=STYLED_ITEM('',(#519),#512);
#521=ADVANCED_FACE('',(#1392),#1394,.T.);
#522=COLOUR_RGB($,0.92156862745098,0.92156862745098,0.909803921568627);
#523=FILL_AREA_STYLE_COLOUR($,#522);
#524=FILL_AREA_STYLE($,(#523));
#525=SURFACE_STYLE_FILL_AREA(#524);
#526=SURFACE_SIDE_STYLE('',(#525));
#527=SURFACE_STYLE_USAGE(.BOTH.,#526);
#528=PRESENTATION_STYLE_ASSIGNMENT((#527));
#529=STYLED_ITEM('',(#528),#521);
#530=ADVANCED_FACE('',(#1399),#1401,.T.);
#531=COLOUR_RGB($,0.92156862745098,0.92156862745098,0.909803921568627);
#532=FILL_AREA_STYLE_COLOUR($,#531);
#533=FILL_AREA_STYLE($,(#532));
#534=SURFACE_STYLE_FILL_AREA(#533);
#535=SURFACE_SIDE_STYLE('',(#534));
#536=SURFACE_STYLE_USAGE(.BOTH.,#535);
#537=PRESENTATION_STYLE_ASSIGNMENT((#536));
#538=STYLED_ITEM('',(#537),#530);
#539=ADVANCED_FACE('',(#1406),#1408,.F.);
#540=COLOUR_RGB($,0.92156862745098,0.92156862745098,0.909803921568627);
#541=FILL_AREA_STYLE_COLOUR($,#540);
#542=FILL_AREA_STYLE($,(#541));
#543=SURFACE_STYLE_FILL_AREA(#542);
#544=SURFACE_SIDE_STYLE('',(#543));
#545=SURFACE_STYLE_USAGE(.BOTH.,#544);
#546=PRESENTATION_STYLE_ASSIGNMENT((#545));
#547=STYLED_ITEM('',(#546),#539);
#548=ADVANCED_FACE('',(#1413),#1415,.T.);
#549=COLOUR_RGB($,0.92156862745098,0.92156862745098,0.909803921568627);
#550=FILL_AREA_STYLE_COLOUR($,#549);
#551=FILL_AREA_STYLE($,(#550));
#552=SURFACE_STYLE_FILL_AREA(#551);
#553=SURFACE_SIDE_STYLE('',(#552));
#554=SURFACE_STYLE_USAGE(.BOTH.,#553);
#555=PRESENTATION_STYLE_ASSIGNMENT((#554));
#556=STYLED_ITEM('',(#555),#548);
#557=ADVANCED_FACE('',(#1420),#1422,.T.);
#558=COLOUR_RGB($,0.92156862745098,0.92156862745098,0.909803921568627);
#559=FILL_AREA_STYLE_COLOUR($,#558);
#560=FILL_AREA_STYLE($,(#559));
#561=SURFACE_STYLE_FILL_AREA(#560);
#562=SURFACE_SIDE_STYLE('',(#561));
#563=SURFACE_STYLE_USAGE(.BOTH.,#562);
#564=PRESENTATION_STYLE_ASSIGNMENT((#563));
#565=STYLED_ITEM('',(#564),#557);
#566=ADVANCED_FACE('',(#1427),#1429,.T.);
#567=COLOUR_RGB($,0.92156862745098,0.92156862745098,0.909803921568627);
#568=FILL_AREA_STYLE_COLOUR($,#567);
#569=FILL_AREA_STYLE($,(#568));
#570=SURFACE_STYLE_FILL_AREA(#569);
#571=SURFACE_SIDE_STYLE('',(#570));
#572=SURFACE_STYLE_USAGE(.BOTH.,#571);
#573=PRESENTATION_STYLE_ASSIGNMENT((#572));
#574=STYLED_ITEM('',(#573),#566);
#575=ADVANCED_FACE('',(#1434),#1436,.T.);
#576=COLOUR_RGB($,0.92156862745098,0.92156862745098,0.909803921568627);
#577=FILL_AREA_STYLE_COLOUR($,#576);
#578=FILL_AREA_STYLE($,(#577));
#579=SURFACE_STYLE_FILL_AREA(#578);
#580=SURFACE_SIDE_STYLE('',(#579));
#581=SURFACE_STYLE_USAGE(.BOTH.,#580);
#582=PRESENTATION_STYLE_ASSIGNMENT((#581));
#583=STYLED_ITEM('',(#582),#575);
#584=ADVANCED_FACE('',(#1441),#1443,.T.);
#585=COLOUR_RGB($,0.92156862745098,0.92156862745098,0.909803921568627);
#586=FILL_AREA_STYLE_COLOUR($,#585);
#587=FILL_AREA_STYLE($,(#586));
#588=SURFACE_STYLE_FILL_AREA(#587);
#589=SURFACE_SIDE_STYLE('',(#588));
#590=SURFACE_STYLE_USAGE(.BOTH.,#589);
#591=PRESENTATION_STYLE_ASSIGNMENT((#590));
#592=STYLED_ITEM('',(#591),#584);
#593=ADVANCED_FACE('',(#1448),#1450,.T.);
#594=COLOUR_RGB($,0.92156862745098,0.92156862745098,0.909803921568627);
#595=FILL_AREA_STYLE_COLOUR($,#594);
#596=FILL_AREA_STYLE($,(#595));
#597=SURFACE_STYLE_FILL_AREA(#596);
#598=SURFACE_SIDE_STYLE('',(#597));
#599=SURFACE_STYLE_USAGE(.BOTH.,#598);
#600=PRESENTATION_STYLE_ASSIGNMENT((#599));
#601=STYLED_ITEM('',(#600),#593);
#602=ADVANCED_FACE('',(#1455),#1457,.T.);
#603=COLOUR_RGB($,0.92156862745098,0.92156862745098,0.909803921568627);
#604=FILL_AREA_STYLE_COLOUR($,#603);
#605=FILL_AREA_STYLE($,(#604));
#606=SURFACE_STYLE_FILL_AREA(#605);
#607=SURFACE_SIDE_STYLE('',(#606));
#608=SURFACE_STYLE_USAGE(.BOTH.,#607);
#609=PRESENTATION_STYLE_ASSIGNMENT((#608));
#610=STYLED_ITEM('',(#609),#602);
#611=ADVANCED_FACE('',(#1462),#1464,.F.);
#612=COLOUR_RGB($,0.92156862745098,0.92156862745098,0.909803921568627);
#613=FILL_AREA_STYLE_COLOUR($,#612);
#614=FILL_AREA_STYLE($,(#613));
#615=SURFACE_STYLE_FILL_AREA(#614);
#616=SURFACE_SIDE_STYLE('',(#615));
#617=SURFACE_STYLE_USAGE(.BOTH.,#616);
#618=PRESENTATION_STYLE_ASSIGNMENT((#617));
#619=STYLED_ITEM('',(#618),#611);
#620=ADVANCED_FACE('',(#1469),#1471,.T.);
#621=COLOUR_RGB($,0.92156862745098,0.92156862745098,0.909803921568627);
#622=FILL_AREA_STYLE_COLOUR($,#621);
#623=FILL_AREA_STYLE($,(#622));
#624=SURFACE_STYLE_FILL_AREA(#623);
#625=SURFACE_SIDE_STYLE('',(#624));
#626=SURFACE_STYLE_USAGE(.BOTH.,#625);
#627=PRESENTATION_STYLE_ASSIGNMENT((#626));
#628=STYLED_ITEM('',(#627),#620);
#629=ADVANCED_FACE('',(#1476),#1478,.T.);
#630=COLOUR_RGB($,0.92156862745098,0.92156862745098,0.909803921568627);
#631=FILL_AREA_STYLE_COLOUR($,#630);
#632=FILL_AREA_STYLE($,(#631));
#633=SURFACE_STYLE_FILL_AREA(#632);
#634=SURFACE_SIDE_STYLE('',(#633));
#635=SURFACE_STYLE_USAGE(.BOTH.,#634);
#636=PRESENTATION_STYLE_ASSIGNMENT((#635));
#637=STYLED_ITEM('',(#636),#629);
#638=ADVANCED_FACE('',(#1483),#1485,.T.);
#639=COLOUR_RGB($,0.92156862745098,0.92156862745098,0.909803921568627);
#640=FILL_AREA_STYLE_COLOUR($,#639);
#641=FILL_AREA_STYLE($,(#640));
#642=SURFACE_STYLE_FILL_AREA(#641);
#643=SURFACE_SIDE_STYLE('',(#642));
#644=SURFACE_STYLE_USAGE(.BOTH.,#643);
#645=PRESENTATION_STYLE_ASSIGNMENT((#644));
#646=STYLED_ITEM('',(#645),#638);
#647=ADVANCED_FACE('',(#1490),#1492,.T.);
#648=COLOUR_RGB($,0.92156862745098,0.92156862745098,0.909803921568627);
#649=FILL_AREA_STYLE_COLOUR($,#648);
#650=FILL_AREA_STYLE($,(#649));
#651=SURFACE_STYLE_FILL_AREA(#650);
#652=SURFACE_SIDE_STYLE('',(#651));
#653=SURFACE_STYLE_USAGE(.BOTH.,#652);
#654=PRESENTATION_STYLE_ASSIGNMENT((#653));
#655=STYLED_ITEM('',(#654),#647);
#656=ADVANCED_FACE('',(#1497),#1499,.F.);
#657=COLOUR_RGB($,0.92156862745098,0.92156862745098,0.909803921568627);
#658=FILL_AREA_STYLE_COLOUR($,#657);
#659=FILL_AREA_STYLE($,(#658));
#660=SURFACE_STYLE_FILL_AREA(#659);
#661=SURFACE_SIDE_STYLE('',(#660));
#662=SURFACE_STYLE_USAGE(.BOTH.,#661);
#663=PRESENTATION_STYLE_ASSIGNMENT((#662));
#664=STYLED_ITEM('',(#663),#656);
#665=ADVANCED_FACE('',(#1504),#1506,.F.);
#666=COLOUR_RGB($,0.92156862745098,0.92156862745098,0.909803921568627);
#667=FILL_AREA_STYLE_COLOUR($,#666);
#668=FILL_AREA_STYLE($,(#667));
#669=SURFACE_STYLE_FILL_AREA(#668);
#670=SURFACE_SIDE_STYLE('',(#669));
#671=SURFACE_STYLE_USAGE(.BOTH.,#670);
#672=PRESENTATION_STYLE_ASSIGNMENT((#671));
#673=STYLED_ITEM('',(#672),#665);
#674=ADVANCED_FACE('',(#1511),#1513,.F.);
#675=COLOUR_RGB($,0.92156862745098,0.92156862745098,0.909803921568627);
#676=FILL_AREA_STYLE_COLOUR($,#675);
#677=FILL_AREA_STYLE($,(#676));
#678=SURFACE_STYLE_FILL_AREA(#677);
#679=SURFACE_SIDE_STYLE('',(#678));
#680=SURFACE_STYLE_USAGE(.BOTH.,#679);
#681=PRESENTATION_STYLE_ASSIGNMENT((#680));
#682=STYLED_ITEM('',(#681),#674);
#683=ADVANCED_FACE('',(#1518),#1520,.F.);
#684=COLOUR_RGB($,0.92156862745098,0.92156862745098,0.909803921568627);
#685=FILL_AREA_STYLE_COLOUR($,#684);
#686=FILL_AREA_STYLE($,(#685));
#687=SURFACE_STYLE_FILL_AREA(#686);
#688=SURFACE_SIDE_STYLE('',(#687));
#689=SURFACE_STYLE_USAGE(.BOTH.,#688);
#690=PRESENTATION_STYLE_ASSIGNMENT((#689));
#691=STYLED_ITEM('',(#690),#683);
#692=ADVANCED_FACE('',(#1525),#1527,.F.);
#693=COLOUR_RGB($,0.92156862745098,0.92156862745098,0.909803921568627);
#694=FILL_AREA_STYLE_COLOUR($,#693);
#695=FILL_AREA_STYLE($,(#694));
#696=SURFACE_STYLE_FILL_AREA(#695);
#697=SURFACE_SIDE_STYLE('',(#696));
#698=SURFACE_STYLE_USAGE(.BOTH.,#697);
#699=PRESENTATION_STYLE_ASSIGNMENT((#698));
#700=STYLED_ITEM('',(#699),#692);
#701=ADVANCED_FACE('',(#1532),#1534,.T.);
#702=COLOUR_RGB($,0.92156862745098,0.92156862745098,0.909803921568627);
#703=FILL_AREA_STYLE_COLOUR($,#702);
#704=FILL_AREA_STYLE($,(#703));
#705=SURFACE_STYLE_FILL_AREA(#704);
#706=SURFACE_SIDE_STYLE('',(#705));
#707=SURFACE_STYLE_USAGE(.BOTH.,#706);
#708=PRESENTATION_STYLE_ASSIGNMENT((#707));
#709=STYLED_ITEM('',(#708),#701);
#710=ADVANCED_FACE('',(#1539),#1541,.T.);
#711=COLOUR_RGB($,0.92156862745098,0.92156862745098,0.909803921568627);
#712=FILL_AREA_STYLE_COLOUR($,#711);
#713=FILL_AREA_STYLE($,(#712));
#714=SURFACE_STYLE_FILL_AREA(#713);
#715=SURFACE_SIDE_STYLE('',(#714));
#716=SURFACE_STYLE_USAGE(.BOTH.,#715);
#717=PRESENTATION_STYLE_ASSIGNMENT((#716));
#718=STYLED_ITEM('',(#717),#710);
#719=ADVANCED_FACE('',(#1546),#1548,.F.);
#720=COLOUR_RGB($,0.92156862745098,0.92156862745098,0.909803921568627);
#721=FILL_AREA_STYLE_COLOUR($,#720);
#722=FILL_AREA_STYLE($,(#721));
#723=SURFACE_STYLE_FILL_AREA(#722);
#724=SURFACE_SIDE_STYLE('',(#723));
#725=SURFACE_STYLE_USAGE(.BOTH.,#724);
#726=PRESENTATION_STYLE_ASSIGNMENT((#725));
#727=STYLED_ITEM('',(#726),#719);
#728=ADVANCED_FACE('',(#1553),#1555,.F.);
#729=COLOUR_RGB($,0.92156862745098,0.92156862745098,0.909803921568627);
#730=FILL_AREA_STYLE_COLOUR($,#729);
#731=FILL_AREA_STYLE($,(#730));
#732=SURFACE_STYLE_FILL_AREA(#731);
#733=SURFACE_SIDE_STYLE('',(#732));
#734=SURFACE_STYLE_USAGE(.BOTH.,#733);
#735=PRESENTATION_STYLE_ASSIGNMENT((#734));
#736=STYLED_ITEM('',(#735),#728);
#737=ADVANCED_FACE('',(#1560),#1562,.F.);
#738=COLOUR_RGB($,0.92156862745098,0.92156862745098,0.909803921568627);
#739=FILL_AREA_STYLE_COLOUR($,#738);
#740=FILL_AREA_STYLE($,(#739));
#741=SURFACE_STYLE_FILL_AREA(#740);
#742=SURFACE_SIDE_STYLE('',(#741));
#743=SURFACE_STYLE_USAGE(.BOTH.,#742);
#744=PRESENTATION_STYLE_ASSIGNMENT((#743));
#745=STYLED_ITEM('',(#744),#737);
#746=ADVANCED_FACE('',(#1567),#1569,.F.);
#747=COLOUR_RGB($,0.92156862745098,0.92156862745098,0.909803921568627);
#748=FILL_AREA_STYLE_COLOUR($,#747);
#749=FILL_AREA_STYLE($,(#748));
#750=SURFACE_STYLE_FILL_AREA(#749);
#751=SURFACE_SIDE_STYLE('',(#750));
#752=SURFACE_STYLE_USAGE(.BOTH.,#751);
#753=PRESENTATION_STYLE_ASSIGNMENT((#752));
#754=STYLED_ITEM('',(#753),#746);
#755=ADVANCED_FACE('',(#1574),#1576,.F.);
#756=COLOUR_RGB($,0.92156862745098,0.92156862745098,0.909803921568627);
#757=FILL_AREA_STYLE_COLOUR($,#756);
#758=FILL_AREA_STYLE($,(#757));
#759=SURFACE_STYLE_FILL_AREA(#758);
#760=SURFACE_SIDE_STYLE('',(#759));
#761=SURFACE_STYLE_USAGE(.BOTH.,#760);
#762=PRESENTATION_STYLE_ASSIGNMENT((#761));
#763=STYLED_ITEM('',(#762),#755);
#764=ADVANCED_FACE('',(#1581),#1583,.T.);
#765=COLOUR_RGB($,0.92156862745098,0.92156862745098,0.909803921568627);
#766=FILL_AREA_STYLE_COLOUR($,#765);
#767=FILL_AREA_STYLE($,(#766));
#768=SURFACE_STYLE_FILL_AREA(#767);
#769=SURFACE_SIDE_STYLE('',(#768));
#770=SURFACE_STYLE_USAGE(.BOTH.,#769);
#771=PRESENTATION_STYLE_ASSIGNMENT((#770));
#772=STYLED_ITEM('',(#771),#764);
#773=ADVANCED_FACE('',(#1588),#1590,.T.);
#774=COLOUR_RGB($,0.92156862745098,0.92156862745098,0.909803921568627);
#775=FILL_AREA_STYLE_COLOUR($,#774);
#776=FILL_AREA_STYLE($,(#775));
#777=SURFACE_STYLE_FILL_AREA(#776);
#778=SURFACE_SIDE_STYLE('',(#777));
#779=SURFACE_STYLE_USAGE(.BOTH.,#778);
#780=PRESENTATION_STYLE_ASSIGNMENT((#779));
#781=STYLED_ITEM('',(#780),#773);
#782=ADVANCED_FACE('',(#1595),#1597,.F.);
#783=COLOUR_RGB($,0.92156862745098,0.92156862745098,0.909803921568627);
#784=FILL_AREA_STYLE_COLOUR($,#783);
#785=FILL_AREA_STYLE($,(#784));
#786=SURFACE_STYLE_FILL_AREA(#785);
#787=SURFACE_SIDE_STYLE('',(#786));
#788=SURFACE_STYLE_USAGE(.BOTH.,#787);
#789=PRESENTATION_STYLE_ASSIGNMENT((#788));
#790=STYLED_ITEM('',(#789),#782);
#791=ADVANCED_FACE('',(#1602),#1604,.F.);
#792=COLOUR_RGB($,0.92156862745098,0.92156862745098,0.909803921568627);
#793=FILL_AREA_STYLE_COLOUR($,#792);
#794=FILL_AREA_STYLE($,(#793));
#795=SURFACE_STYLE_FILL_AREA(#794);
#796=SURFACE_SIDE_STYLE('',(#795));
#797=SURFACE_STYLE_USAGE(.BOTH.,#796);
#798=PRESENTATION_STYLE_ASSIGNMENT((#797));
#799=STYLED_ITEM('',(#798),#791);
#800=ADVANCED_FACE('',(#1609),#1611,.T.);
#801=COLOUR_RGB($,0.92156862745098,0.92156862745098,0.909803921568627);
#802=FILL_AREA_STYLE_COLOUR($,#801);
#803=FILL_AREA_STYLE($,(#802));
#804=SURFACE_STYLE_FILL_AREA(#803);
#805=SURFACE_SIDE_STYLE('',(#804));
#806=SURFACE_STYLE_USAGE(.BOTH.,#805);
#807=PRESENTATION_STYLE_ASSIGNMENT((#806));
#808=STYLED_ITEM('',(#807),#800);
#809=ADVANCED_FACE('',(#1616),#1618,.F.);
#810=COLOUR_RGB($,0.92156862745098,0.92156862745098,0.909803921568627);
#811=FILL_AREA_STYLE_COLOUR($,#810);
#812=FILL_AREA_STYLE($,(#811));
#813=SURFACE_STYLE_FILL_AREA(#812);
#814=SURFACE_SIDE_STYLE('',(#813));
#815=SURFACE_STYLE_USAGE(.BOTH.,#814);
#816=PRESENTATION_STYLE_ASSIGNMENT((#815));
#817=STYLED_ITEM('',(#816),#809);
#818=ADVANCED_FACE('',(#1623),#1625,.F.);
#819=COLOUR_RGB($,0.92156862745098,0.92156862745098,0.909803921568627);
#820=FILL_AREA_STYLE_COLOUR($,#819);
#821=FILL_AREA_STYLE($,(#820));
#822=SURFACE_STYLE_FILL_AREA(#821);
#823=SURFACE_SIDE_STYLE('',(#822));
#824=SURFACE_STYLE_USAGE(.BOTH.,#823);
#825=PRESENTATION_STYLE_ASSIGNMENT((#824));
#826=STYLED_ITEM('',(#825),#818);
#827=ADVANCED_FACE('',(#1630),#1632,.F.);
#828=COLOUR_RGB($,0.92156862745098,0.92156862745098,0.909803921568627);
#829=FILL_AREA_STYLE_COLOUR($,#828);
#830=FILL_AREA_STYLE($,(#829));
#831=SURFACE_STYLE_FILL_AREA(#830);
#832=SURFACE_SIDE_STYLE('',(#831));
#833=SURFACE_STYLE_USAGE(.BOTH.,#832);
#834=PRESENTATION_STYLE_ASSIGNMENT((#833));
#835=STYLED_ITEM('',(#834),#827);
#836=ADVANCED_FACE('',(#1637),#1639,.F.);
#837=COLOUR_RGB($,0.92156862745098,0.92156862745098,0.909803921568627);
#838=FILL_AREA_STYLE_COLOUR($,#837);
#839=FILL_AREA_STYLE($,(#838));
#840=SURFACE_STYLE_FILL_AREA(#839);
#841=SURFACE_SIDE_STYLE('',(#840));
#842=SURFACE_STYLE_USAGE(.BOTH.,#841);
#843=PRESENTATION_STYLE_ASSIGNMENT((#842));
#844=STYLED_ITEM('',(#843),#836);
#845=ADVANCED_FACE('',(#1644),#1646,.F.);
#846=COLOUR_RGB($,0.92156862745098,0.92156862745098,0.909803921568627);
#847=FILL_AREA_STYLE_COLOUR($,#846);
#848=FILL_AREA_STYLE($,(#847));
#849=SURFACE_STYLE_FILL_AREA(#848);
#850=SURFACE_SIDE_STYLE('',(#849));
#851=SURFACE_STYLE_USAGE(.BOTH.,#850);
#852=PRESENTATION_STYLE_ASSIGNMENT((#851));
#853=STYLED_ITEM('',(#852),#845);
#854=ADVANCED_FACE('',(#1651),#1653,.F.);
#855=COLOUR_RGB($,0.92156862745098,0.92156862745098,0.909803921568627);
#856=FILL_AREA_STYLE_COLOUR($,#855);
#857=FILL_AREA_STYLE($,(#856));
#858=SURFACE_STYLE_FILL_AREA(#857);
#859=SURFACE_SIDE_STYLE('',(#858));
#860=SURFACE_STYLE_USAGE(.BOTH.,#859);
#861=PRESENTATION_STYLE_ASSIGNMENT((#860));
#862=STYLED_ITEM('',(#861),#854);
#863=ADVANCED_FACE('',(#1658),#1660,.T.);
#864=COLOUR_RGB($,0.827450980392157,0.831372549019608,0.835294117647059);
#865=FILL_AREA_STYLE_COLOUR($,#864);
#866=FILL_AREA_STYLE($,(#865));
#867=SURFACE_STYLE_FILL_AREA(#866);
#868=SURFACE_SIDE_STYLE('',(#867));
#869=SURFACE_STYLE_USAGE(.BOTH.,#868);
#870=PRESENTATION_STYLE_ASSIGNMENT((#869));
#871=STYLED_ITEM('',(#870),#863);
#872=ADVANCED_FACE('',(#1665),#1667,.T.);
#873=COLOUR_RGB($,0.827450980392157,0.831372549019608,0.835294117647059);
#874=FILL_AREA_STYLE_COLOUR($,#873);
#875=FILL_AREA_STYLE($,(#874));
#876=SURFACE_STYLE_FILL_AREA(#875);
#877=SURFACE_SIDE_STYLE('',(#876));
#878=SURFACE_STYLE_USAGE(.BOTH.,#877);
#879=PRESENTATION_STYLE_ASSIGNMENT((#878));
#880=STYLED_ITEM('',(#879),#872);
#881=ADVANCED_FACE('',(#1672),#1674,.T.);
#882=COLOUR_RGB($,0.827450980392157,0.831372549019608,0.835294117647059);
#883=FILL_AREA_STYLE_COLOUR($,#882);
#884=FILL_AREA_STYLE($,(#883));
#885=SURFACE_STYLE_FILL_AREA(#884);
#886=SURFACE_SIDE_STYLE('',(#885));
#887=SURFACE_STYLE_USAGE(.BOTH.,#886);
#888=PRESENTATION_STYLE_ASSIGNMENT((#887));
#889=STYLED_ITEM('',(#888),#881);
#890=ADVANCED_FACE('',(#1679),#1681,.T.);
#891=COLOUR_RGB($,0.827450980392157,0.831372549019608,0.835294117647059);
#892=FILL_AREA_STYLE_COLOUR($,#891);
#893=FILL_AREA_STYLE($,(#892));
#894=SURFACE_STYLE_FILL_AREA(#893);
#895=SURFACE_SIDE_STYLE('',(#894));
#896=SURFACE_STYLE_USAGE(.BOTH.,#895);
#897=PRESENTATION_STYLE_ASSIGNMENT((#896));
#898=STYLED_ITEM('',(#897),#890);
#899=ADVANCED_FACE('',(#1686),#1688,.F.);
#900=COLOUR_RGB($,0.827450980392157,0.831372549019608,0.835294117647059);
#901=FILL_AREA_STYLE_COLOUR($,#900);
#902=FILL_AREA_STYLE($,(#901));
#903=SURFACE_STYLE_FILL_AREA(#902);
#904=SURFACE_SIDE_STYLE('',(#903));
#905=SURFACE_STYLE_USAGE(.BOTH.,#904);
#906=PRESENTATION_STYLE_ASSIGNMENT((#905));
#907=STYLED_ITEM('',(#906),#899);
#908=ADVANCED_FACE('',(#1693),#1695,.F.);
#909=COLOUR_RGB($,0.827450980392157,0.831372549019608,0.835294117647059);
#910=FILL_AREA_STYLE_COLOUR($,#909);
#911=FILL_AREA_STYLE($,(#910));
#912=SURFACE_STYLE_FILL_AREA(#911);
#913=SURFACE_SIDE_STYLE('',(#912));
#914=SURFACE_STYLE_USAGE(.BOTH.,#913);
#915=PRESENTATION_STYLE_ASSIGNMENT((#914));
#916=STYLED_ITEM('',(#915),#908);
#917=ADVANCED_FACE('',(#1700),#1702,.T.);
#918=COLOUR_RGB($,0.827450980392157,0.831372549019608,0.835294117647059);
#919=FILL_AREA_STYLE_COLOUR($,#918);
#920=FILL_AREA_STYLE($,(#919));
#921=SURFACE_STYLE_FILL_AREA(#920);
#922=SURFACE_SIDE_STYLE('',(#921));
#923=SURFACE_STYLE_USAGE(.BOTH.,#922);
#924=PRESENTATION_STYLE_ASSIGNMENT((#923));
#925=STYLED_ITEM('',(#924),#917);
#926=ADVANCED_FACE('',(#1707),#1709,.T.);
#927=COLOUR_RGB($,0.827450980392157,0.831372549019608,0.835294117647059);
#928=FILL_AREA_STYLE_COLOUR($,#927);
#929=FILL_AREA_STYLE($,(#928));
#930=SURFACE_STYLE_FILL_AREA(#929);
#931=SURFACE_SIDE_STYLE('',(#930));
#932=SURFACE_STYLE_USAGE(.BOTH.,#931);
#933=PRESENTATION_STYLE_ASSIGNMENT((#932));
#934=STYLED_ITEM('',(#933),#926);
#935=ADVANCED_FACE('',(#1714),#1716,.T.);
#936=COLOUR_RGB($,0.827450980392157,0.831372549019608,0.835294117647059);
#937=FILL_AREA_STYLE_COLOUR($,#936);
#938=FILL_AREA_STYLE($,(#937));
#939=SURFACE_STYLE_FILL_AREA(#938);
#940=SURFACE_SIDE_STYLE('',(#939));
#941=SURFACE_STYLE_USAGE(.BOTH.,#940);
#942=PRESENTATION_STYLE_ASSIGNMENT((#941));
#943=STYLED_ITEM('',(#942),#935);
#944=ADVANCED_FACE('',(#1721),#1723,.T.);
#945=COLOUR_RGB($,0.827450980392157,0.831372549019608,0.835294117647059);
#946=FILL_AREA_STYLE_COLOUR($,#945);
#947=FILL_AREA_STYLE($,(#946));
#948=SURFACE_STYLE_FILL_AREA(#947);
#949=SURFACE_SIDE_STYLE('',(#948));
#950=SURFACE_STYLE_USAGE(.BOTH.,#949);
#951=PRESENTATION_STYLE_ASSIGNMENT((#950));
#952=STYLED_ITEM('',(#951),#944);
#953=ADVANCED_FACE('',(#1728),#1730,.F.);
#954=COLOUR_RGB($,0.827450980392157,0.831372549019608,0.835294117647059);
#955=FILL_AREA_STYLE_COLOUR($,#954);
#956=FILL_AREA_STYLE($,(#955));
#957=SURFACE_STYLE_FILL_AREA(#956);
#958=SURFACE_SIDE_STYLE('',(#957));
#959=SURFACE_STYLE_USAGE(.BOTH.,#958);
#960=PRESENTATION_STYLE_ASSIGNMENT((#959));
#961=STYLED_ITEM('',(#960),#953);
#962=ADVANCED_FACE('',(#1735),#1737,.F.);
#963=COLOUR_RGB($,0.827450980392157,0.831372549019608,0.835294117647059);
#964=FILL_AREA_STYLE_COLOUR($,#963);
#965=FILL_AREA_STYLE($,(#964));
#966=SURFACE_STYLE_FILL_AREA(#965);
#967=SURFACE_SIDE_STYLE('',(#966));
#968=SURFACE_STYLE_USAGE(.BOTH.,#967);
#969=PRESENTATION_STYLE_ASSIGNMENT((#968));
#970=STYLED_ITEM('',(#969),#962);
#971=ADVANCED_FACE('',(#1742),#1744,.F.);
#972=COLOUR_RGB($,0.827450980392157,0.831372549019608,0.835294117647059);
#973=FILL_AREA_STYLE_COLOUR($,#972);
#974=FILL_AREA_STYLE($,(#973));
#975=SURFACE_STYLE_FILL_AREA(#974);
#976=SURFACE_SIDE_STYLE('',(#975));
#977=SURFACE_STYLE_USAGE(.BOTH.,#976);
#978=PRESENTATION_STYLE_ASSIGNMENT((#977));
#979=STYLED_ITEM('',(#978),#971);
#980=ADVANCED_FACE('',(#1749),#1751,.F.);
#981=COLOUR_RGB($,0.827450980392157,0.831372549019608,0.835294117647059);
#982=FILL_AREA_STYLE_COLOUR($,#981);
#983=FILL_AREA_STYLE($,(#982));
#984=SURFACE_STYLE_FILL_AREA(#983);
#985=SURFACE_SIDE_STYLE('',(#984));
#986=SURFACE_STYLE_USAGE(.BOTH.,#985);
#987=PRESENTATION_STYLE_ASSIGNMENT((#986));
#988=STYLED_ITEM('',(#987),#980);
#989=ADVANCED_FACE('',(#1756),#1758,.T.);
#990=COLOUR_RGB($,0.827450980392157,0.831372549019608,0.835294117647059);
#991=FILL_AREA_STYLE_COLOUR($,#990);
#992=FILL_AREA_STYLE($,(#991));
#993=SURFACE_STYLE_FILL_AREA(#992);
#994=SURFACE_SIDE_STYLE('',(#993));
#995=SURFACE_STYLE_USAGE(.BOTH.,#994);
#996=PRESENTATION_STYLE_ASSIGNMENT((#995));
#997=STYLED_ITEM('',(#996),#989);
#998=ADVANCED_FACE('',(#1763),#1765,.T.);
#999=COLOUR_RGB($,0.827450980392157,0.831372549019608,0.835294117647059);
#1000=FILL_AREA_STYLE_COLOUR($,#999);
#1001=FILL_AREA_STYLE($,(#1000));
#1002=SURFACE_STYLE_FILL_AREA(#1001);
#1003=SURFACE_SIDE_STYLE('',(#1002));
#1004=SURFACE_STYLE_USAGE(.BOTH.,#1003);
#1005=PRESENTATION_STYLE_ASSIGNMENT((#1004));
#1006=STYLED_ITEM('',(#1005),#998);
#1007=ADVANCED_FACE('',(#1770),#1772,.T.);
#1008=COLOUR_RGB($,0.827450980392157,0.831372549019608,0.835294117647059);
#1009=FILL_AREA_STYLE_COLOUR($,#1008);
#1010=FILL_AREA_STYLE($,(#1009));
#1011=SURFACE_STYLE_FILL_AREA(#1010);
#1012=SURFACE_SIDE_STYLE('',(#1011));
#1013=SURFACE_STYLE_USAGE(.BOTH.,#1012);
#1014=PRESENTATION_STYLE_ASSIGNMENT((#1013));
#1015=STYLED_ITEM('',(#1014),#1007);
#1016=ADVANCED_FACE('',(#1777),#1779,.T.);
#1017=COLOUR_RGB($,0.827450980392157,0.831372549019608,0.835294117647059);
#1018=FILL_AREA_STYLE_COLOUR($,#1017);
#1019=FILL_AREA_STYLE($,(#1018));
#1020=SURFACE_STYLE_FILL_AREA(#1019);
#1021=SURFACE_SIDE_STYLE('',(#1020));
#1022=SURFACE_STYLE_USAGE(.BOTH.,#1021);
#1023=PRESENTATION_STYLE_ASSIGNMENT((#1022));
#1024=STYLED_ITEM('',(#1023),#1016);
#1025=ADVANCED_FACE('',(#1784),#1786,.T.);
#1026=COLOUR_RGB($,0.827450980392157,0.831372549019608,0.835294117647059);
#1027=FILL_AREA_STYLE_COLOUR($,#1026);
#1028=FILL_AREA_STYLE($,(#1027));
#1029=SURFACE_STYLE_FILL_AREA(#1028);
#1030=SURFACE_SIDE_STYLE('',(#1029));
#1031=SURFACE_STYLE_USAGE(.BOTH.,#1030);
#1032=PRESENTATION_STYLE_ASSIGNMENT((#1031));
#1033=STYLED_ITEM('',(#1032),#1025);
#1034=ADVANCED_FACE('',(#1791),#1793,.T.);
#1035=COLOUR_RGB($,0.827450980392157,0.831372549019608,0.835294117647059);
#1036=FILL_AREA_STYLE_COLOUR($,#1035);
#1037=FILL_AREA_STYLE($,(#1036));
#1038=SURFACE_STYLE_FILL_AREA(#1037);
#1039=SURFACE_SIDE_STYLE('',(#1038));
#1040=SURFACE_STYLE_USAGE(.BOTH.,#1039);
#1041=PRESENTATION_STYLE_ASSIGNMENT((#1040));
#1042=STYLED_ITEM('',(#1041),#1034);
#1043=ADVANCED_FACE('',(#1798),#1800,.T.);
#1044=COLOUR_RGB($,0.827450980392157,0.831372549019608,0.835294117647059);
#1045=FILL_AREA_STYLE_COLOUR($,#1044);
#1046=FILL_AREA_STYLE($,(#1045));
#1047=SURFACE_STYLE_FILL_AREA(#1046);
#1048=SURFACE_SIDE_STYLE('',(#1047));
#1049=SURFACE_STYLE_USAGE(.BOTH.,#1048);
#1050=PRESENTATION_STYLE_ASSIGNMENT((#1049));
#1051=STYLED_ITEM('',(#1050),#1043);
#1052=ADVANCED_FACE('',(#1805),#1807,.T.);
#1053=COLOUR_RGB($,0.827450980392157,0.831372549019608,0.835294117647059);
#1054=FILL_AREA_STYLE_COLOUR($,#1053);
#1055=FILL_AREA_STYLE($,(#1054));
#1056=SURFACE_STYLE_FILL_AREA(#1055);
#1057=SURFACE_SIDE_STYLE('',(#1056));
#1058=SURFACE_STYLE_USAGE(.BOTH.,#1057);
#1059=PRESENTATION_STYLE_ASSIGNMENT((#1058));
#1060=STYLED_ITEM('',(#1059),#1052);
#1061=ADVANCED_FACE('',(#1812),#1814,.F.);
#1062=COLOUR_RGB($,0.827450980392157,0.831372549019608,0.835294117647059);
#1063=FILL_AREA_STYLE_COLOUR($,#1062);
#1064=FILL_AREA_STYLE($,(#1063));
#1065=SURFACE_STYLE_FILL_AREA(#1064);
#1066=SURFACE_SIDE_STYLE('',(#1065));
#1067=SURFACE_STYLE_USAGE(.BOTH.,#1066);
#1068=PRESENTATION_STYLE_ASSIGNMENT((#1067));
#1069=STYLED_ITEM('',(#1068),#1061);
#1070=ADVANCED_FACE('',(#1819),#1821,.F.);
#1071=COLOUR_RGB($,0.827450980392157,0.831372549019608,0.835294117647059);
#1072=FILL_AREA_STYLE_COLOUR($,#1071);
#1073=FILL_AREA_STYLE($,(#1072));
#1074=SURFACE_STYLE_FILL_AREA(#1073);
#1075=SURFACE_SIDE_STYLE('',(#1074));
#1076=SURFACE_STYLE_USAGE(.BOTH.,#1075);
#1077=PRESENTATION_STYLE_ASSIGNMENT((#1076));
#1078=STYLED_ITEM('',(#1077),#1070);
#1079=ADVANCED_FACE('',(#1826),#1828,.T.);
#1080=COLOUR_RGB($,0.827450980392157,0.831372549019608,0.835294117647059);
#1081=FILL_AREA_STYLE_COLOUR($,#1080);
#1082=FILL_AREA_STYLE($,(#1081));
#1083=SURFACE_STYLE_FILL_AREA(#1082);
#1084=SURFACE_SIDE_STYLE('',(#1083));
#1085=SURFACE_STYLE_USAGE(.BOTH.,#1084);
#1086=PRESENTATION_STYLE_ASSIGNMENT((#1085));
#1087=STYLED_ITEM('',(#1086),#1079);
#1088=ADVANCED_FACE('',(#1833),#1835,.T.);
#1089=COLOUR_RGB($,0.827450980392157,0.831372549019608,0.835294117647059);
#1090=FILL_AREA_STYLE_COLOUR($,#1089);
#1091=FILL_AREA_STYLE($,(#1090));
#1092=SURFACE_STYLE_FILL_AREA(#1091);
#1093=SURFACE_SIDE_STYLE('',(#1092));
#1094=SURFACE_STYLE_USAGE(.BOTH.,#1093);
#1095=PRESENTATION_STYLE_ASSIGNMENT((#1094));
#1096=STYLED_ITEM('',(#1095),#1088);
#1097=ADVANCED_FACE('',(#1840),#1842,.T.);
#1098=COLOUR_RGB($,0.827450980392157,0.831372549019608,0.835294117647059);
#1099=FILL_AREA_STYLE_COLOUR($,#1098);
#1100=FILL_AREA_STYLE($,(#1099));
#1101=SURFACE_STYLE_FILL_AREA(#1100);
#1102=SURFACE_SIDE_STYLE('',(#1101));
#1103=SURFACE_STYLE_USAGE(.BOTH.,#1102);
#1104=PRESENTATION_STYLE_ASSIGNMENT((#1103));
#1105=STYLED_ITEM('',(#1104),#1097);
#1106=ADVANCED_FACE('',(#1847),#1849,.T.);
#1107=COLOUR_RGB($,0.827450980392157,0.831372549019608,0.835294117647059);
#1108=FILL_AREA_STYLE_COLOUR($,#1107);
#1109=FILL_AREA_STYLE($,(#1108));
#1110=SURFACE_STYLE_FILL_AREA(#1109);
#1111=SURFACE_SIDE_STYLE('',(#1110));
#1112=SURFACE_STYLE_USAGE(.BOTH.,#1111);
#1113=PRESENTATION_STYLE_ASSIGNMENT((#1112));
#1114=STYLED_ITEM('',(#1113),#1106);
#1115=ADVANCED_FACE('',(#1854),#1856,.F.);
#1116=COLOUR_RGB($,0.827450980392157,0.831372549019608,0.835294117647059);
#1117=FILL_AREA_STYLE_COLOUR($,#1116);
#1118=FILL_AREA_STYLE($,(#1117));
#1119=SURFACE_STYLE_FILL_AREA(#1118);
#1120=SURFACE_SIDE_STYLE('',(#1119));
#1121=SURFACE_STYLE_USAGE(.BOTH.,#1120);
#1122=PRESENTATION_STYLE_ASSIGNMENT((#1121));
#1123=STYLED_ITEM('',(#1122),#1115);
#1124=ADVANCED_FACE('',(#1861),#1863,.F.);
#1125=COLOUR_RGB($,0.827450980392157,0.831372549019608,0.835294117647059);
#1126=FILL_AREA_STYLE_COLOUR($,#1125);
#1127=FILL_AREA_STYLE($,(#1126));
#1128=SURFACE_STYLE_FILL_AREA(#1127);
#1129=SURFACE_SIDE_STYLE('',(#1128));
#1130=SURFACE_STYLE_USAGE(.BOTH.,#1129);
#1131=PRESENTATION_STYLE_ASSIGNMENT((#1130));
#1132=STYLED_ITEM('',(#1131),#1124);
#1133=ADVANCED_FACE('',(#1868),#1870,.F.);
#1134=COLOUR_RGB($,0.827450980392157,0.831372549019608,0.835294117647059);
#1135=FILL_AREA_STYLE_COLOUR($,#1134);
#1136=FILL_AREA_STYLE($,(#1135));
#1137=SURFACE_STYLE_FILL_AREA(#1136);
#1138=SURFACE_SIDE_STYLE('',(#1137));
#1139=SURFACE_STYLE_USAGE(.BOTH.,#1138);
#1140=PRESENTATION_STYLE_ASSIGNMENT((#1139));
#1141=STYLED_ITEM('',(#1140),#1133);
#1142=ADVANCED_FACE('',(#1875),#1877,.F.);
#1143=COLOUR_RGB($,0.827450980392157,0.831372549019608,0.835294117647059);
#1144=FILL_AREA_STYLE_COLOUR($,#1143);
#1145=FILL_AREA_STYLE($,(#1144));
#1146=SURFACE_STYLE_FILL_AREA(#1145);
#1147=SURFACE_SIDE_STYLE('',(#1146));
#1148=SURFACE_STYLE_USAGE(.BOTH.,#1147);
#1149=PRESENTATION_STYLE_ASSIGNMENT((#1148));
#1150=STYLED_ITEM('',(#1149),#1142);
#1151=ADVANCED_FACE('',(#1882),#1884,.T.);
#1152=COLOUR_RGB($,0.827450980392157,0.831372549019608,0.835294117647059);
#1153=FILL_AREA_STYLE_COLOUR($,#1152);
#1154=FILL_AREA_STYLE($,(#1153));
#1155=SURFACE_STYLE_FILL_AREA(#1154);
#1156=SURFACE_SIDE_STYLE('',(#1155));
#1157=SURFACE_STYLE_USAGE(.BOTH.,#1156);
#1158=PRESENTATION_STYLE_ASSIGNMENT((#1157));
#1159=STYLED_ITEM('',(#1158),#1151);
#1160=ADVANCED_FACE('',(#1889),#1891,.T.);
#1161=COLOUR_RGB($,0.827450980392157,0.831372549019608,0.835294117647059);
#1162=FILL_AREA_STYLE_COLOUR($,#1161);
#1163=FILL_AREA_STYLE($,(#1162));
#1164=SURFACE_STYLE_FILL_AREA(#1163);
#1165=SURFACE_SIDE_STYLE('',(#1164));
#1166=SURFACE_STYLE_USAGE(.BOTH.,#1165);
#1167=PRESENTATION_STYLE_ASSIGNMENT((#1166));
#1168=STYLED_ITEM('',(#1167),#1160);
#1169=ADVANCED_FACE('',(#1896),#1898,.T.);
#1170=COLOUR_RGB($,0.827450980392157,0.831372549019608,0.835294117647059);
#1171=FILL_AREA_STYLE_COLOUR($,#1170);
#1172=FILL_AREA_STYLE($,(#1171));
#1173=SURFACE_STYLE_FILL_AREA(#1172);
#1174=SURFACE_SIDE_STYLE('',(#1173));
#1175=SURFACE_STYLE_USAGE(.BOTH.,#1174);
#1176=PRESENTATION_STYLE_ASSIGNMENT((#1175));
#1177=STYLED_ITEM('',(#1176),#1169);
#1178=ADVANCED_FACE('',(#1903),#1905,.T.);
#1179=COLOUR_RGB($,0.827450980392157,0.831372549019608,0.835294117647059);
#1180=FILL_AREA_STYLE_COLOUR($,#1179);
#1181=FILL_AREA_STYLE($,(#1180));
#1182=SURFACE_STYLE_FILL_AREA(#1181);
#1183=SURFACE_SIDE_STYLE('',(#1182));
#1184=SURFACE_STYLE_USAGE(.BOTH.,#1183);
#1185=PRESENTATION_STYLE_ASSIGNMENT((#1184));
#1186=STYLED_ITEM('',(#1185),#1178);
#1187=FACE_BOUND('',#1188,.T.);
#1188=EDGE_LOOP('',(#1910,#1911,#1912,#1913,#1914,#1915,#1916,#1917,#1918,#1919,
#1920,#1921,#1922,#1923));
#1189=FACE_BOUND('',#1190,.T.);
#1190=EDGE_LOOP('',(#1924,#1925,#1926));
#1191=PLANE('',#1192);
#1192=AXIS2_PLACEMENT_3D('',#1193,#1194,#1195);
#1193=CARTESIAN_POINT('',(5.,-3.7,4.7467804263307E-018));
#1194=DIRECTION('',(0.,-1.,0.));
#1195=DIRECTION('',(0.,0.,1.));
#1196=FACE_BOUND('',#1197,.T.);
#1197=EDGE_LOOP('',(#1927,#1928,#1929,#1930));
#1198=PLANE('',#1199);
#1199=AXIS2_PLACEMENT_3D('',#1200,#1201,#1202);
#1200=CARTESIAN_POINT('',(3.7,-3.7,1.3));
#1201=DIRECTION('',(0.863950323522004,-0.25881904510252,0.431975161761002));
#1202=DIRECTION('',(-0.447213595499958,0.,0.894427190999916));
#1203=FACE_BOUND('',#1204,.T.);
#1204=EDGE_LOOP('',(#1931,#1932,#1933,#1934));
#1205=PLANE('',#1206);
#1206=AXIS2_PLACEMENT_3D('',#1207,#1208,#1209);
#1207=CARTESIAN_POINT('',(2.3,-3.7,1.3));
#1208=DIRECTION('',(0.,-0.25881904510252,-0.965925826289069));
#1209=DIRECTION('',(1.,0.,0.));
#1210=FACE_BOUND('',#1211,.T.);
#1211=EDGE_LOOP('',(#1935,#1936,#1937,#1938));
#1212=PLANE('',#1213);
#1213=AXIS2_PLACEMENT_3D('',#1214,#1215,#1216);
#1214=CARTESIAN_POINT('',(3.,-3.7,2.7));
#1215=DIRECTION('',(-0.863950323522005,-0.258819045102518,0.431975161761002));
#1216=DIRECTION('',(-0.447213595499958,0.,-0.894427190999916));
#1217=FACE_BOUND('',#1218,.T.);
#1218=EDGE_LOOP('',(#1939,#1940,#1941,#1942));
#1219=PLANE('',#1220);
#1220=AXIS2_PLACEMENT_3D('',#1221,#1222,#1223);
#1221=CARTESIAN_POINT('',(1.5,-3.7,3.50540562563862));
#1222=DIRECTION('',(0.,0.139173100457465,-0.990268068812206));
#1223=DIRECTION('',(0.,-0.990268068812206,-0.139173100457465));
#1224=FACE_BOUND('',#1225,.T.);
#1225=EDGE_LOOP('',(#1943,#1944,#1945,#1946));
#1226=PLANE('',#1227);
#1227=AXIS2_PLACEMENT_3D('',#1228,#1229,#1230);
#1228=CARTESIAN_POINT('',(-1.5,0.,0.));
#1229=DIRECTION('',(-1.,0.,0.));
#1230=DIRECTION('',(0.,0.,-1.));
#1231=FACE_BOUND('',#1232,.T.);
#1232=EDGE_LOOP('',(#1947,#1948,#1949,#1950,#1951,#1952));
#1233=PLANE('',#1234);
#1234=AXIS2_PLACEMENT_3D('',#1235,#1236,#1237);
#1235=CARTESIAN_POINT('',(2.49999999999999,-3.7,5.3));
#1236=DIRECTION('',(1.06581410364015E-015,0.,-1.));
#1237=DIRECTION('',(-1.,0.,-1.06581410364015E-015));
#1238=FACE_BOUND('',#1239,.T.);
#1239=EDGE_LOOP('',(#1953,#1954,#1955,#1956));
#1240=PLANE('',#1241);
#1241=AXIS2_PLACEMENT_3D('',#1242,#1243,#1244);
#1242=CARTESIAN_POINT('',(-2.50000000000001,-3.7,5.3));
#1243=DIRECTION('',(-1.,0.,5.0464682937507E-015));
#1244=DIRECTION('',(5.04646829375071E-015,0.,1.));
#1245=FACE_BOUND('',#1246,.T.);
#1246=EDGE_LOOP('',(#1957,#1958,#1959,#1960));
#1247=PLANE('',#1248);
#1248=AXIS2_PLACEMENT_3D('',#1249,#1250,#1251);
#1249=CARTESIAN_POINT('',(-2.5,-3.7,7.5));
#1250=DIRECTION('',(-0.70710678118655,0.,-0.707106781186545));
#1251=DIRECTION('',(-0.707106781186545,0.,0.70710678118655));
#1252=FACE_BOUND('',#1253,.T.);
#1253=EDGE_LOOP('',(#1961,#1962,#1963,#1964,#1965,#1966,#1967));
#1254=PLANE('',#1255);
#1255=AXIS2_PLACEMENT_3D('',#1256,#1257,#1258);
#1256=CARTESIAN_POINT('',(5.,-3.7,7.8));
#1257=DIRECTION('',(0.,-0.,1.));
#1258=DIRECTION('',(0.,1.,0.));
#1259=FACE_BOUND('',#1260,.T.);
#1260=EDGE_LOOP('',(#1968,#1969,#1970,#1971,#1972,#1973,#1974,#1975,#1976,#1977,
#1978,#1979,#1980,#1981));
#1261=PLANE('',#1262);
#1262=AXIS2_PLACEMENT_3D('',#1263,#1264,#1265);
#1263=CARTESIAN_POINT('',(-5.,0.,0.));
#1264=DIRECTION('',(-1.,0.,0.));
#1265=DIRECTION('',(0.,0.,-1.));
#1266=FACE_BOUND('',#1267,.T.);
#1267=EDGE_LOOP('',(#1982,#1983,#1984,#1985));
#1268=PLANE('',#1269);
#1269=AXIS2_PLACEMENT_3D('',#1270,#1271,#1272);
#1270=CARTESIAN_POINT('',(5.,-1.375,0.));
#1271=DIRECTION('',(-0.,-2.04162598981965E-018,-1.));
#1272=DIRECTION('',(0.,-1.,2.04162598981965E-018));
#1273=FACE_BOUND('',#1274,.T.);
#1274=EDGE_LOOP('',(#1986,#1987,#1988,#1989,#1990,#1991,#1992,#1993,#1994,#1995,
#1996,#1997,#1998,#1999));
#1275=PLANE('',#1276);
#1276=AXIS2_PLACEMENT_3D('',#1277,#1278,#1279);
#1277=CARTESIAN_POINT('',(5.,0.,0.));
#1278=DIRECTION('',(-1.,0.,0.));
#1279=DIRECTION('',(0.,0.,-1.));
#1280=FACE_BOUND('',#1281,.T.);
#1281=EDGE_LOOP('',(#2000,#2001,#2002,#2003,#2004,#2005,#2006));
#1282=PLANE('',#1283);
#1283=AXIS2_PLACEMENT_3D('',#1284,#1285,#1286);
#1284=CARTESIAN_POINT('',(5.,-3.7,7.8));
#1285=DIRECTION('',(0.,-0.,1.));
#1286=DIRECTION('',(0.,1.,0.));
#1287=FACE_BOUND('',#1288,.T.);
#1288=EDGE_LOOP('',(#2007,#2008,#2009,#2010));
#1289=PLANE('',#1290);
#1290=AXIS2_PLACEMENT_3D('',#1291,#1292,#1293);
#1291=CARTESIAN_POINT('',(2.8,-3.7,7.8));
#1292=DIRECTION('',(0.707106781186545,0.,-0.70710678118655));
#1293=DIRECTION('',(-0.70710678118655,0.,-0.707106781186545));
#1294=FACE_BOUND('',#1295,.T.);
#1295=EDGE_LOOP('',(#2011,#2012,#2013,#2014));
#1296=PLANE('',#1297);
#1297=AXIS2_PLACEMENT_3D('',#1298,#1299,#1300);
#1298=CARTESIAN_POINT('',(2.5,-3.7,7.5));
#1299=DIRECTION('',(1.,0.,-4.84460956200068E-015));
#1300=DIRECTION('',(-4.84460956200069E-015,0.,-1.));
#1301=FACE_BOUND('',#1302,.T.);
#1302=EDGE_LOOP('',(#2015,#2016,#2017,#2018));
#1303=PLANE('',#1304);
#1304=AXIS2_PLACEMENT_3D('',#1305,#1306,#1307);
#1305=CARTESIAN_POINT('',(1.5,0.,0.));
#1306=DIRECTION('',(-1.,0.,0.));
#1307=DIRECTION('',(0.,0.,-1.));
#1308=FACE_BOUND('',#1309,.T.);
#1309=EDGE_LOOP('',(#2019,#2020,#2021));
#1310=PLANE('',#1311);
#1311=AXIS2_PLACEMENT_3D('',#1312,#1313,#1314);
#1312=CARTESIAN_POINT('',(0.,-3.75,0.));
#1313=DIRECTION('',(0.,-1.,0.));
#1314=DIRECTION('',(1.,0.,0.));
#1315=FACE_BOUND('',#1316,.T.);
#1316=EDGE_LOOP('',(#2022,#2023,#2024,#2025));
#1317=PLANE('',#1318);
#1318=AXIS2_PLACEMENT_3D('',#1319,#1320,#1321);
#1319=CARTESIAN_POINT('',(1.5,-4.45,3.4));
#1320=DIRECTION('',(-0.,-1.,-8.27782287160517E-013));
#1321=DIRECTION('',(0.,-8.27782287160517E-013,1.));
#1322=FACE_BOUND('',#1323,.T.);
#1323=EDGE_LOOP('',(#2026,#2027,#2028,#2029));
#1324=PLANE('',#1325);
#1325=AXIS2_PLACEMENT_3D('',#1326,#1327,#1328);
#1326=CARTESIAN_POINT('',(1.5,-4.45000000000041,3.9));
#1327=DIRECTION('',(0.,-0.881479970028674,0.472221412515621));
#1328=DIRECTION('',(0.,0.472221412515621,0.881479970028674));
#1329=FACE_BOUND('',#1330,.T.);
#1330=EDGE_LOOP('',(#2030,#2031,#2032,#2033));
#1331=PLANE('',#1332);
#1332=AXIS2_PLACEMENT_3D('',#1333,#1334,#1335);
#1333=CARTESIAN_POINT('',(-3.30000000000001,-2.95,5.1));
#1334=DIRECTION('',(7.61256949664861E-016,-0.707106781186547,-0.707106781186548));
#1335=DIRECTION('',(1.,0.,1.07657990266682E-015));
#1336=FACE_BOUND('',#1337,.T.);
#1337=EDGE_LOOP('',(#2034,#2035,#2036,#2037));
#1338=PLANE('',#1339);
#1339=AXIS2_PLACEMENT_3D('',#1340,#1341,#1342);
#1340=CARTESIAN_POINT('',(-2.7,-2.95,8.3));
#1341=DIRECTION('',(-0.707106781186548,-0.707106781186547,3.55336714333697E-015));
#1342=DIRECTION('',(-5.02522000619807E-015,2.93583629207755E-031,-1.));
#1343=FACE_BOUND('',#1344,.T.);
#1344=EDGE_LOOP('',(#2038,#2039,#2040,#2041));
#1345=PLANE('',#1346);
#1346=AXIS2_PLACEMENT_3D('',#1347,#1348,#1349);
#1347=CARTESIAN_POINT('',(-3.50710678118655,-2.95,8.22426406871193));
#1348=DIRECTION('',(-0.499999999999999,-0.707106781186551,-0.499999999999997));
#1349=DIRECTION('',(0.707106781186546,3.87818092251882E-017,-0.707106781186549));
#1350=FACE_BOUND('',#1351,.T.);
#1351=EDGE_LOOP('',(#2042,#2043,#2044,#2045));
#1352=PLANE('',#1353);
#1353=AXIS2_PLACEMENT_3D('',#1354,#1355,#1356);
#1354=CARTESIAN_POINT('',(-4.6,-1.3,7.8));
#1355=DIRECTION('',(0.707106781186543,5.84220449742795E-016,0.707106781186552));
#1356=DIRECTION('',(8.26212483441975E-016,-1.,0.));
#1357=FACE_BOUND('',#1358,.T.);
#1358=EDGE_LOOP('',(#2046,#2047,#2048,#2049,#2050));
#1359=PLANE('',#1360);
#1360=AXIS2_PLACEMENT_3D('',#1361,#1362,#1363);
#1361=CARTESIAN_POINT('',(5.,-2.1,7.8));
#1362=DIRECTION('',(0.,1.,0.));
#1363=DIRECTION('',(0.,0.,-1.));
#1364=FACE_BOUND('',#1365,.T.);
#1365=EDGE_LOOP('',(#2051,#2052,#2053,#2054));
#1366=PLANE('',#1367);
#1367=AXIS2_PLACEMENT_3D('',#1368,#1369,#1370);
#1368=CARTESIAN_POINT('',(-4.9,-3.15,7.8));
#1369=DIRECTION('',(-0.,0.707106781186549,0.707106781186546));
#1370=DIRECTION('',(1.,0.,0.));
#1371=FACE_BOUND('',#1372,.T.);
#1372=EDGE_LOOP('',(#2055,#2056,#2057,#2058));
#1373=PLANE('',#1374);
#1374=AXIS2_PLACEMENT_3D('',#1375,#1376,#1377);
#1375=CARTESIAN_POINT('',(-5.10710678118655,-2.22573593128808,7.8));
#1376=DIRECTION('',(0.500000000000002,0.500000000000002,0.707106781186544));
#1377=DIRECTION('',(0.707106781186548,-0.707106781186547,-3.87818092251878E-017));
#1378=FACE_BOUND('',#1379,.T.);
#1379=EDGE_LOOP('',(#2059,#2060,#2061,#2062));
#1380=PLANE('',#1381);
#1381=AXIS2_PLACEMENT_3D('',#1382,#1383,#1384);
#1382=CARTESIAN_POINT('',(5.,2.9,-8.99459688076701E-028));
#1383=DIRECTION('',(-0.,-5.89809631525706E-028,-1.));
#1384=DIRECTION('',(0.,-1.,5.89809631525706E-028));
#1385=FACE_BOUND('',#1386,.T.);
#1386=EDGE_LOOP('',(#2063,#2064,#2065,#2066));
#1387=PLANE('',#1388);
#1388=AXIS2_PLACEMENT_3D('',#1389,#1390,#1391);
#1389=CARTESIAN_POINT('',(5.,1.375,0.));
#1390=DIRECTION('',(-0.,-0.832050294327704,-0.554700196240438));
#1391=DIRECTION('',(0.,-0.554700196240438,0.832050294327704));
#1392=FACE_BOUND('',#1393,.T.);
#1393=EDGE_LOOP('',(#2067,#2068,#2069,#2070));
#1394=PLANE('',#1395);
#1395=AXIS2_PLACEMENT_3D('',#1396,#1397,#1398);
#1396=CARTESIAN_POINT('',(5.,1.27499999999604,0.15));
#1397=DIRECTION('',(0.,2.17690789142188E-017,-1.));
#1398=DIRECTION('',(0.,-1.,-2.17690789142188E-017));
#1399=FACE_BOUND('',#1400,.T.);
#1400=EDGE_LOOP('',(#2071,#2072,#2073,#2074));
#1401=PLANE('',#1402);
#1402=AXIS2_PLACEMENT_3D('',#1403,#1404,#1405);
#1403=CARTESIAN_POINT('',(5.,-1.27500000000396,0.15));
#1404=DIRECTION('',(0.,0.832050294347983,-0.554700196210021));
#1405=DIRECTION('',(0.,-0.554700196210021,-0.832050294347983));
#1406=FACE_BOUND('',#1407,.T.);
#1407=EDGE_LOOP('',(#2075,#2076,#2077,#2078));
#1408=CYLINDRICAL_SURFACE('',#1409,0.55);
#1409=AXIS2_PLACEMENT_3D('',#1410,#1411,#1412);
#1410=CARTESIAN_POINT('',(5.,-1.55,4.25));
#1411=DIRECTION('',(1.,-0.,-0.));
#1412=DIRECTION('',(0.,-1.,0.));
#1413=FACE_BOUND('',#1414,.T.);
#1414=EDGE_LOOP('',(#2079,#2080,#2081,#2082,#2083));
#1415=PLANE('',#1416);
#1416=AXIS2_PLACEMENT_3D('',#1417,#1418,#1419);
#1417=CARTESIAN_POINT('',(5.,-1.,4.25));
#1418=DIRECTION('',(0.,-1.,0.));
#1419=DIRECTION('',(0.,0.,1.));
#1420=FACE_BOUND('',#1421,.T.);
#1421=EDGE_LOOP('',(#2084,#2085,#2086,#2087,#2088,#2089));
#1422=PLANE('',#1423);
#1423=AXIS2_PLACEMENT_3D('',#1424,#1425,#1426);
#1424=CARTESIAN_POINT('',(5.,-1.,7.8));
#1425=DIRECTION('',(0.,-0.,1.));
#1426=DIRECTION('',(0.,1.,0.));
#1427=FACE_BOUND('',#1428,.T.);
#1428=EDGE_LOOP('',(#2090,#2091,#2092,#2093,#2094,#2095,#2096,#2097,#2098,#2099));
#1429=PLANE('',#1430);
#1430=AXIS2_PLACEMENT_3D('',#1431,#1432,#1433);
#1431=CARTESIAN_POINT('',(5.,3.7,7.8));
#1432=DIRECTION('',(0.,1.,0.));
#1433=DIRECTION('',(0.,0.,-1.));
#1434=FACE_BOUND('',#1435,.T.);
#1435=EDGE_LOOP('',(#2100,#2101,#2102,#2103));
#1436=PLANE('',#1437);
#1437=AXIS2_PLACEMENT_3D('',#1438,#1439,#1440);
#1438=CARTESIAN_POINT('',(5.,3.7,1.));
#1439=DIRECTION('',(-0.,-0.,-1.));
#1440=DIRECTION('',(0.,-1.,0.));
#1441=FACE_BOUND('',#1442,.T.);
#1442=EDGE_LOOP('',(#2104,#2105,#2106,#2107));
#1443=PLANE('',#1444);
#1444=AXIS2_PLACEMENT_3D('',#1445,#1446,#1447);
#1445=CARTESIAN_POINT('',(5.,2.9,1.));
#1446=DIRECTION('',(0.,1.,0.));
#1447=DIRECTION('',(0.,0.,-1.));
#1448=FACE_BOUND('',#1449,.T.);
#1449=EDGE_LOOP('',(#2108,#2109,#2110,#2111,#2112,#2113));
#1450=PLANE('',#1451);
#1451=AXIS2_PLACEMENT_3D('',#1452,#1453,#1454);
#1452=CARTESIAN_POINT('',(5.,-1.,7.8));
#1453=DIRECTION('',(0.,-0.,1.));
#1454=DIRECTION('',(0.,1.,0.));
#1455=FACE_BOUND('',#1456,.T.);
#1456=EDGE_LOOP('',(#2114,#2115,#2116,#2117,#2118));
#1457=PLANE('',#1458);
#1458=AXIS2_PLACEMENT_3D('',#1459,#1460,#1461);
#1459=CARTESIAN_POINT('',(5.,-1.,4.25));
#1460=DIRECTION('',(0.,-1.,0.));
#1461=DIRECTION('',(0.,0.,1.));
#1462=FACE_BOUND('',#1463,.T.);
#1463=EDGE_LOOP('',(#2119,#2120,#2121,#2122));
#1464=CYLINDRICAL_SURFACE('',#1465,0.55);
#1465=AXIS2_PLACEMENT_3D('',#1466,#1467,#1468);
#1466=CARTESIAN_POINT('',(5.,-1.55,4.25));
#1467=DIRECTION('',(1.,-0.,-0.));
#1468=DIRECTION('',(0.,-1.,0.));
#1469=FACE_BOUND('',#1470,.T.);
#1470=EDGE_LOOP('',(#2123,#2124,#2125,#2126,#2127));
#1471=PLANE('',#1472);
#1472=AXIS2_PLACEMENT_3D('',#1473,#1474,#1475);
#1473=CARTESIAN_POINT('',(5.,-2.1,7.8));
#1474=DIRECTION('',(0.,1.,0.));
#1475=DIRECTION('',(0.,0.,-1.));
#1476=FACE_BOUND('',#1477,.T.);
#1477=EDGE_LOOP('',(#2128,#2129,#2130,#2131));
#1478=PLANE('',#1479);
#1479=AXIS2_PLACEMENT_3D('',#1480,#1481,#1482);
#1480=CARTESIAN_POINT('',(2.,-3.15,7.8));
#1481=DIRECTION('',(-0.,0.707106781186549,0.707106781186546));
#1482=DIRECTION('',(1.,0.,0.));
#1483=FACE_BOUND('',#1484,.T.);
#1484=EDGE_LOOP('',(#2132,#2133,#2134,#2135));
#1485=PLANE('',#1486);
#1486=AXIS2_PLACEMENT_3D('',#1487,#1488,#1489);
#1487=CARTESIAN_POINT('',(4.6,-3.45,7.8));
#1488=DIRECTION('',(-0.707106781186552,0.,0.707106781186543));
#1489=DIRECTION('',(0.,1.,0.));
#1490=FACE_BOUND('',#1491,.T.);
#1491=EDGE_LOOP('',(#2136,#2137,#2138,#2139));
#1492=PLANE('',#1493);
#1493=AXIS2_PLACEMENT_3D('',#1494,#1495,#1496);
#1494=CARTESIAN_POINT('',(3.67573593128808,-3.65710678118655,7.8));
#1495=DIRECTION('',(-0.500000000000004,0.500000000000002,0.707106781186543));
#1496=DIRECTION('',(0.707106781186546,0.707106781186549,0.));
#1497=FACE_BOUND('',#1498,.T.);
#1498=EDGE_LOOP('',(#2140,#2141,#2142,#2143));
#1499=PLANE('',#1500);
#1500=AXIS2_PLACEMENT_3D('',#1501,#1502,#1503);
#1501=CARTESIAN_POINT('',(2.07573593128807,-2.95,6.79289321881345));
#1502=DIRECTION('',(0.499999999999999,-0.707106781186547,-0.500000000000002));
#1503=DIRECTION('',(0.70710678118655,-3.87818092251879E-017,0.707106781186545));
#1504=FACE_BOUND('',#1505,.T.);
#1505=EDGE_LOOP('',(#2144,#2145,#2146,#2147));
#1506=PLANE('',#1507);
#1507=AXIS2_PLACEMENT_3D('',#1508,#1509,#1510);
#1508=CARTESIAN_POINT('',(2.69999999999999,-2.95,4.5));
#1509=DIRECTION('',(0.707106781186549,-0.707106781186546,-3.30545780775532E-015));
#1510=DIRECTION('',(4.67462326157961E-015,2.93583629207755E-031,1.));
#1511=FACE_BOUND('',#1512,.T.);
#1512=EDGE_LOOP('',(#2148,#2149,#2150,#2151,#2152,#2153,#2154,#2155,#2156,#2157));
#1513=PLANE('',#1514);
#1514=AXIS2_PLACEMENT_3D('',#1515,#1516,#1517);
#1515=CARTESIAN_POINT('',(-4.1,-2.95,1.8));
#1516=DIRECTION('',(0.,-1.,0.));
#1517=DIRECTION('',(1.,0.,0.));
#1518=FACE_BOUND('',#1519,.T.);
#1519=EDGE_LOOP('',(#2158,#2159,#2160,#2161,#2162,#2163,#2164,#2165));
#1520=PLANE('',#1521);
#1521=AXIS2_PLACEMENT_3D('',#1522,#1523,#1524);
#1522=CARTESIAN_POINT('',(-4.4,2.95,1.8));
#1523=DIRECTION('',(-1.,0.,0.));
#1524=DIRECTION('',(0.,-1.,0.));
#1525=FACE_BOUND('',#1526,.T.);
#1526=EDGE_LOOP('',(#2166,#2167,#2168,#2169));
#1527=PLANE('',#1528);
#1528=AXIS2_PLACEMENT_3D('',#1529,#1530,#1531);
#1529=CARTESIAN_POINT('',(-4.4,-2.65,1.8));
#1530=DIRECTION('',(-0.707106781186546,-0.707106781186548,0.));
#1531=DIRECTION('',(0.707106781186548,-0.707106781186546,0.));
#1532=FACE_BOUND('',#1533,.T.);
#1533=EDGE_LOOP('',(#2170,#2171,#2172,#2173));
#1534=PLANE('',#1535);
#1535=AXIS2_PLACEMENT_3D('',#1536,#1537,#1538);
#1536=CARTESIAN_POINT('',(-4.6,3.75,7.8));
#1537=DIRECTION('',(0.707106781186546,0.,0.707106781186549));
#1538=DIRECTION('',(0.,-1.,0.));
#1539=FACE_BOUND('',#1540,.T.);
#1540=EDGE_LOOP('',(#2174,#2175,#2176,#2177));
#1541=PLANE('',#1542);
#1542=AXIS2_PLACEMENT_3D('',#1543,#1544,#1545);
#1543=CARTESIAN_POINT('',(-2.,3.15,7.8));
#1544=DIRECTION('',(0.,-0.707106781186547,0.707106781186548));
#1545=DIRECTION('',(-1.,0.,0.));
#1546=FACE_BOUND('',#1547,.T.);
#1547=EDGE_LOOP('',(#2178,#2179,#2180,#2181));
#1548=PLANE('',#1549);
#1549=AXIS2_PLACEMENT_3D('',#1550,#1551,#1552);
#1550=CARTESIAN_POINT('',(-2.5,0.,7.5));
#1551=DIRECTION('',(-0.707106781186547,0.,-0.707106781186547));
#1552=DIRECTION('',(-0.707106781186548,0.,0.707106781186548));
#1553=FACE_BOUND('',#1554,.T.);
#1554=EDGE_LOOP('',(#2182,#2183,#2184,#2185));
#1555=PLANE('',#1556);
#1556=AXIS2_PLACEMENT_3D('',#1557,#1558,#1559);
#1557=CARTESIAN_POINT('',(2.8,0.,7.8));
#1558=DIRECTION('',(0.707106781186547,0.,-0.707106781186547));
#1559=DIRECTION('',(-0.707106781186548,0.,-0.707106781186548));
#1560=FACE_BOUND('',#1561,.T.);
#1561=EDGE_LOOP('',(#2186,#2187,#2188,#2189));
#1562=PLANE('',#1563);
#1563=AXIS2_PLACEMENT_3D('',#1564,#1565,#1566);
#1564=CARTESIAN_POINT('',(-2.5,0.,6.8));
#1565=DIRECTION('',(-1.,0.,2.53765262771465E-015));
#1566=DIRECTION('',(2.53765262771465E-015,0.,1.));
#1567=FACE_BOUND('',#1568,.T.);
#1568=EDGE_LOOP('',(#2190,#2191,#2192,#2193));
#1569=PLANE('',#1570);
#1570=AXIS2_PLACEMENT_3D('',#1571,#1572,#1573);
#1571=CARTESIAN_POINT('',(2.5,0.,6.8));
#1572=DIRECTION('',(-8.88178419700125E-016,0.,-1.));
#1573=DIRECTION('',(-1.,0.,8.88178419700125E-016));
#1574=FACE_BOUND('',#1575,.T.);
#1575=EDGE_LOOP('',(#2194,#2195,#2196,#2197));
#1576=PLANE('',#1577);
#1577=AXIS2_PLACEMENT_3D('',#1578,#1579,#1580);
#1578=CARTESIAN_POINT('',(2.5,0.,7.5));
#1579=DIRECTION('',(1.,0.,-1.26882631385731E-015));
#1580=DIRECTION('',(-1.26882631385731E-015,0.,-1.));
#1581=FACE_BOUND('',#1582,.T.);
#1582=EDGE_LOOP('',(#2198,#2199,#2200,#2201));
#1583=PLANE('',#1584);
#1584=AXIS2_PLACEMENT_3D('',#1585,#1586,#1587);
#1585=CARTESIAN_POINT('',(4.6,-1.8,7.8));
#1586=DIRECTION('',(-0.707106781186546,0.,0.707106781186549));
#1587=DIRECTION('',(0.,1.,0.));
#1588=FACE_BOUND('',#1589,.T.);
#1589=EDGE_LOOP('',(#2202,#2203,#2204,#2205));
#1590=PLANE('',#1591);
#1591=AXIS2_PLACEMENT_3D('',#1592,#1593,#1594);
#1592=CARTESIAN_POINT('',(5.2,3.15,7.8));
#1593=DIRECTION('',(0.,-0.707106781186549,0.707106781186546));
#1594=DIRECTION('',(-1.,0.,0.));
#1595=FACE_BOUND('',#1596,.T.);
#1596=EDGE_LOOP('',(#2206,#2207,#2208,#2209,#2210,#2211,#2212,#2213));
#1597=PLANE('',#1598);
#1598=AXIS2_PLACEMENT_3D('',#1599,#1600,#1601);
#1599=CARTESIAN_POINT('',(4.4,-2.65,1.8));
#1600=DIRECTION('',(1.,0.,0.));
#1601=DIRECTION('',(0.,1.,0.));
#1602=FACE_BOUND('',#1603,.T.);
#1603=EDGE_LOOP('',(#2214,#2215,#2216,#2217));
#1604=PLANE('',#1605);
#1605=AXIS2_PLACEMENT_3D('',#1606,#1607,#1608);
#1606=CARTESIAN_POINT('',(4.1,-2.95,1.8));
#1607=DIRECTION('',(0.707106781186549,-0.707106781186546,0.));
#1608=DIRECTION('',(0.707106781186546,0.707106781186549,0.));
#1609=FACE_BOUND('',#1610,.T.);
#1610=EDGE_LOOP('',(#2218,#2219,#2220,#2221,#2222,#2223));
#1611=PLANE('',#1612);
#1612=AXIS2_PLACEMENT_3D('',#1613,#1614,#1615);
#1613=CARTESIAN_POINT('',(0.,0.,1.8));
#1614=DIRECTION('',(0.,0.,1.));
#1615=DIRECTION('',(1.,0.,0.));
#1616=FACE_BOUND('',#1617,.T.);
#1617=EDGE_LOOP('',(#2224,#2225,#2226,#2227,#2228,#2229,#2230,#2231,#2232,#2233));
#1618=PLANE('',#1619);
#1619=AXIS2_PLACEMENT_3D('',#1620,#1621,#1622);
#1620=CARTESIAN_POINT('',(4.4,2.95,1.8));
#1621=DIRECTION('',(-5.04646829375071E-017,1.,0.));
#1622=DIRECTION('',(-1.,-5.04646829375071E-017,0.));
#1623=FACE_BOUND('',#1624,.T.);
#1624=EDGE_LOOP('',(#2234,#2235,#2236,#2237));
#1625=PLANE('',#1626);
#1626=AXIS2_PLACEMENT_3D('',#1627,#1628,#1629);
#1627=CARTESIAN_POINT('',(-2.07573593128807,2.95,6.79289321881345));
#1628=DIRECTION('',(-0.5,0.707106781186547,-0.5));
#1629=DIRECTION('',(-0.707106781186547,3.87818092251879E-017,0.707106781186548));
#1630=FACE_BOUND('',#1631,.T.);
#1631=EDGE_LOOP('',(#2238,#2239,#2240,#2241));
#1632=PLANE('',#1633);
#1633=AXIS2_PLACEMENT_3D('',#1634,#1635,#1636);
#1634=CARTESIAN_POINT('',(3.50710678118655,2.95,8.22426406871193));
#1635=DIRECTION('',(0.499999999999998,0.70710678118655,-0.499999999999998));
#1636=DIRECTION('',(-0.707106781186547,-3.87818092251881E-017,-0.707106781186548));
#1637=FACE_BOUND('',#1638,.T.);
#1638=EDGE_LOOP('',(#2242,#2243,#2244,#2245));
#1639=PLANE('',#1640);
#1640=AXIS2_PLACEMENT_3D('',#1641,#1642,#1643);
#1641=CARTESIAN_POINT('',(-2.7,2.95,6.));
#1642=DIRECTION('',(-0.707106781186549,0.707106781186546,1.63835734819177E-015));
#1643=DIRECTION('',(2.31698718182641E-015,0.,1.));
#1644=FACE_BOUND('',#1645,.T.);
#1645=EDGE_LOOP('',(#2246,#2247,#2248,#2249));
#1646=PLANE('',#1647);
#1647=AXIS2_PLACEMENT_3D('',#1648,#1649,#1650);
#1648=CARTESIAN_POINT('',(3.3,2.95,6.6));
#1649=DIRECTION('',(-7.13678390310806E-016,0.707106781186548,-0.707106781186547));
#1650=DIRECTION('',(-1.,-6.72862439166761E-017,9.42007414833466E-016));
#1651=FACE_BOUND('',#1652,.T.);
#1652=EDGE_LOOP('',(#2250,#2251,#2252,#2253));
#1653=PLANE('',#1654);
#1654=AXIS2_PLACEMENT_3D('',#1655,#1656,#1657);
#1655=CARTESIAN_POINT('',(2.7,2.95,8.3));
#1656=DIRECTION('',(0.707106781186544,0.707106781186551,-1.09223823212784E-015));
#1657=DIRECTION('',(-1.54465812121761E-015,0.,-1.));
#1658=FACE_BOUND('',#1659,.T.);
#1659=EDGE_LOOP('',(#2254,#2255,#2256,#2257));
#1660=PLANE('',#1661);
#1661=AXIS2_PLACEMENT_3D('',#1662,#1663,#1664);
#1662=CARTESIAN_POINT('',(3.25,-9.8,-3.4));
#1663=DIRECTION('',(0.,1.,-0.));
#1664=DIRECTION('',(-1.,0.,0.));
#1665=FACE_BOUND('',#1666,.T.);
#1666=EDGE_LOOP('',(#2258,#2259,#2260,#2261,#2262,#2263,#2264,#2265));
#1667=PLANE('',#1668);
#1668=AXIS2_PLACEMENT_3D('',#1669,#1670,#1671);
#1669=CARTESIAN_POINT('',(2.75,-9.8,-3.4));
#1670=DIRECTION('',(-1.,-8.88178419700125E-016,0.));
#1671=DIRECTION('',(8.88178419700125E-016,-1.,0.));
#1672=FACE_BOUND('',#1673,.T.);
#1673=EDGE_LOOP('',(#2266,#2267,#2268,#2269));
#1674=PLANE('',#1675);
#1675=AXIS2_PLACEMENT_3D('',#1676,#1677,#1678);
#1676=CARTESIAN_POINT('',(2.75,-10.3,-3.4));
#1677=DIRECTION('',(0.,-1.,0.));
#1678=DIRECTION('',(1.,0.,0.));
#1679=FACE_BOUND('',#1680,.T.);
#1680=EDGE_LOOP('',(#2270,#2271,#2272,#2273,#2274,#2275,#2276,#2277));
#1681=PLANE('',#1682);
#1682=AXIS2_PLACEMENT_3D('',#1683,#1684,#1685);
#1683=CARTESIAN_POINT('',(3.25,-10.3,-3.4));
#1684=DIRECTION('',(1.,1.77635683940025E-015,-0.));
#1685=DIRECTION('',(-1.77635683940025E-015,1.,0.));
#1686=FACE_BOUND('',#1687,.T.);
#1687=EDGE_LOOP('',(#2278,#2279,#2280,#2281));
#1688=PLANE('',#1689);
#1689=AXIS2_PLACEMENT_3D('',#1690,#1691,#1692);
#1690=CARTESIAN_POINT('',(0.,0.,-3.4));
#1691=DIRECTION('',(0.,0.,1.));
#1692=DIRECTION('',(1.,0.,0.));
#1693=FACE_BOUND('',#1694,.T.);
#1694=EDGE_LOOP('',(#2282,#2283,#2284,#2285));
#1695=CYLINDRICAL_SURFACE('',#1696,0.750000000369132);
#1696=AXIS2_PLACEMENT_3D('',#1697,#1698,#1699);
#1697=CARTESIAN_POINT('',(2.75,-9.04999999920406,3.70000000005133));
#1698=DIRECTION('',(-1.,0.,0.));
#1699=DIRECTION('',(0.,-1.,1.52748332425902E-010));
#1700=FACE_BOUND('',#1701,.T.);
#1701=EDGE_LOOP('',(#2286,#2287,#2288,#2289));
#1702=CYLINDRICAL_SURFACE('',#1703,1.25000000036913);
#1703=AXIS2_PLACEMENT_3D('',#1704,#1705,#1706);
#1704=CARTESIAN_POINT('',(3.25,-9.04999999920406,3.70000000005133));
#1705=DIRECTION('',(-1.,0.,0.));
#1706=DIRECTION('',(0.,-1.,9.16489994735842E-011));
#1707=FACE_BOUND('',#1708,.T.);
#1708=EDGE_LOOP('',(#2290,#2291,#2292,#2293));
#1709=PLANE('',#1710);
#1710=AXIS2_PLACEMENT_3D('',#1711,#1712,#1713);
#1711=CARTESIAN_POINT('',(2.75,-9.04999999923369,4.95000000042046));
#1712=DIRECTION('',(-0.,7.92676875501212E-012,1.));
#1713=DIRECTION('',(1.,0.,0.));
#1714=FACE_BOUND('',#1715,.T.);
#1715=EDGE_LOOP('',(#2294,#2295,#2296,#2297));
#1716=PLANE('',#1717);
#1717=AXIS2_PLACEMENT_3D('',#1718,#1719,#1720);
#1718=CARTESIAN_POINT('',(0.,-2.0999999991298,-5.34999999963463));
#1719=DIRECTION('',(0.,1.,1.15353121669313E-010));
#1720=DIRECTION('',(1.,0.,0.));
#1721=FACE_BOUND('',#1722,.T.);
#1722=EDGE_LOOP('',(#2298,#2299,#2300,#2301));
#1723=PLANE('',#1724);
#1724=AXIS2_PLACEMENT_3D('',#1725,#1726,#1727);
#1725=CARTESIAN_POINT('',(3.25,-9.04999999917601,4.45000000042046));
#1726=DIRECTION('',(-0.,-7.92676875501212E-012,-1.));
#1727=DIRECTION('',(-1.,0.,0.));
#1728=FACE_BOUND('',#1729,.T.);
#1729=EDGE_LOOP('',(#2302,#2303,#2304,#2305));
#1730=PLANE('',#1731);
#1731=AXIS2_PLACEMENT_3D('',#1732,#1733,#1734);
#1732=CARTESIAN_POINT('',(3.93301270189222,-9.8,-3.18349364905389));
#1733=DIRECTION('',(0.,-0.866025403784436,0.500000000000005));
#1734=DIRECTION('',(-1.,0.,0.));
#1735=FACE_BOUND('',#1736,.T.);
#1736=EDGE_LOOP('',(#2306,#2307,#2308,#2309));
#1737=PLANE('',#1738);
#1738=AXIS2_PLACEMENT_3D('',#1739,#1740,#1741);
#1739=CARTESIAN_POINT('',(2.75,-9.11698729810778,-3.18349364905389));
#1740=DIRECTION('',(0.866025403784439,6.1830755866999E-016,0.5));
#1741=DIRECTION('',(7.13960070880198E-016,-1.,0.));
#1742=FACE_BOUND('',#1743,.T.);
#1743=EDGE_LOOP('',(#2310,#2311,#2312,#2313));
#1744=PLANE('',#1745);
#1745=AXIS2_PLACEMENT_3D('',#1746,#1747,#1748);
#1746=CARTESIAN_POINT('',(2.06698729810778,-10.3,-3.18349364905389));
#1747=DIRECTION('',(-0.,0.866025403784433,0.50000000000001));
#1748=DIRECTION('',(1.,0.,0.));
#1749=FACE_BOUND('',#1750,.T.);
#1750=EDGE_LOOP('',(#2314,#2315,#2316,#2317));
#1751=PLANE('',#1752);
#1752=AXIS2_PLACEMENT_3D('',#1753,#1754,#1755);
#1753=CARTESIAN_POINT('',(3.25,-10.9830127018922,-3.18349364905389));
#1754=DIRECTION('',(-0.86602540378444,-1.64882015645331E-015,0.499999999999998));
#1755=DIRECTION('',(-1.9038935223472E-015,1.,0.));
#1756=FACE_BOUND('',#1757,.T.);
#1757=EDGE_LOOP('',(#2318,#2319,#2320,#2321));
#1758=PLANE('',#1759);
#1759=AXIS2_PLACEMENT_3D('',#1760,#1761,#1762);
#1760=CARTESIAN_POINT('',(2.74999999999999,-2.31650635112758,3.76698729844818));
#1761=DIRECTION('',(-0.866025403784438,0.500000000000001,5.76765503635112E-011));
#1762=DIRECTION('',(0.,-1.15353100727022E-010,1.));
#1763=FACE_BOUND('',#1764,.T.);
#1764=EDGE_LOOP('',(#2322,#2323,#2324,#2325));
#1765=PLANE('',#1766);
#1766=AXIS2_PLACEMENT_3D('',#1767,#1768,#1769);
#1767=CARTESIAN_POINT('',(2.06698729810778,-2.31650635124864,4.95000000036709));
#1768=DIRECTION('',(-4.7597338051712E-016,0.499999999926804,0.866025403826699));
#1769=DIRECTION('',(1.,9.51946761173598E-016,-4.5763952531246E-032));
#1770=FACE_BOUND('',#1771,.T.);
#1771=EDGE_LOOP('',(#2326,#2327,#2328,#2329));
#1772=PLANE('',#1773);
#1773=AXIS2_PLACEMENT_3D('',#1774,#1775,#1776);
#1774=CARTESIAN_POINT('',(3.24999999999999,-2.31650635134283,5.63301270231269));
#1775=DIRECTION('',(0.866025403784438,0.5,5.76755984167499E-011));
#1776=DIRECTION('',(0.,1.153511968335E-010,-1.));
#1777=FACE_BOUND('',#1778,.T.);
#1778=EDGE_LOOP('',(#2330,#2331,#2332,#2333));
#1779=PLANE('',#1780);
#1780=AXIS2_PLACEMENT_3D('',#1781,#1782,#1783);
#1781=CARTESIAN_POINT('',(3.93301270189222,-2.31650635122178,4.45000000036709));
#1782=DIRECTION('',(-4.75973380656501E-016,0.50000000007322,-0.866025403742165));
#1783=DIRECTION('',(-1.,-9.51946761173597E-016,-9.15279050535579E-032));
#1784=FACE_BOUND('',#1785,.T.);
#1785=EDGE_LOOP('',(#2334,#2335,#2336,#2337));
#1786=PLANE('',#1787);
#1787=AXIS2_PLACEMENT_3D('',#1788,#1789,#1790);
#1788=CARTESIAN_POINT('',(3.25000000000001,-7.8,-3.4));
#1789=DIRECTION('',(0.,1.,-0.));
#1790=DIRECTION('',(-1.,0.,0.));
#1791=FACE_BOUND('',#1792,.T.);
#1792=EDGE_LOOP('',(#2338,#2339,#2340,#2341,#2342,#2343,#2344,#2345));
#1793=PLANE('',#1794);
#1794=AXIS2_PLACEMENT_3D('',#1795,#1796,#1797);
#1795=CARTESIAN_POINT('',(2.75000000000001,-7.8,-3.4));
#1796=DIRECTION('',(-1.,0.,0.));
#1797=DIRECTION('',(0.,-1.,0.));
#1798=FACE_BOUND('',#1799,.T.);
#1799=EDGE_LOOP('',(#2346,#2347,#2348,#2349));
#1800=PLANE('',#1801);
#1801=AXIS2_PLACEMENT_3D('',#1802,#1803,#1804);
#1802=CARTESIAN_POINT('',(2.75000000000001,-8.3,-3.4));
#1803=DIRECTION('',(0.,-1.,0.));
#1804=DIRECTION('',(1.,0.,0.));
#1805=FACE_BOUND('',#1806,.T.);
#1806=EDGE_LOOP('',(#2350,#2351,#2352,#2353,#2354,#2355,#2356,#2357));
#1807=PLANE('',#1808);
#1808=AXIS2_PLACEMENT_3D('',#1809,#1810,#1811);
#1809=CARTESIAN_POINT('',(3.25000000000001,-8.3,-3.4));
#1810=DIRECTION('',(1.,0.,0.));
#1811=DIRECTION('',(0.,1.,0.));
#1812=FACE_BOUND('',#1813,.T.);
#1813=EDGE_LOOP('',(#2358,#2359,#2360,#2361));
#1814=PLANE('',#1815);
#1815=AXIS2_PLACEMENT_3D('',#1816,#1817,#1818);
#1816=CARTESIAN_POINT('',(0.,0.,-3.4));
#1817=DIRECTION('',(0.,0.,1.));
#1818=DIRECTION('',(1.,0.,0.));
#1819=FACE_BOUND('',#1820,.T.);
#1820=EDGE_LOOP('',(#2362,#2363,#2364,#2365));
#1821=CYLINDRICAL_SURFACE('',#1822,0.149999999999998);
#1822=AXIS2_PLACEMENT_3D('',#1823,#1824,#1825);
#1823=CARTESIAN_POINT('',(2.75000000000001,-7.65,2.30000000000578));
#1824=DIRECTION('',(-1.,0.,0.));
#1825=DIRECTION('',(0.,-1.,0.));
#1826=FACE_BOUND('',#1827,.T.);
#1827=EDGE_LOOP('',(#2366,#2367,#2368,#2369));
#1828=CYLINDRICAL_SURFACE('',#1829,0.649999999999999);
#1829=AXIS2_PLACEMENT_3D('',#1830,#1831,#1832);
#1830=CARTESIAN_POINT('',(3.25000000000001,-7.65,2.30000000000578));
#1831=DIRECTION('',(-1.,0.,0.));
#1832=DIRECTION('',(0.,-1.,0.));
#1833=FACE_BOUND('',#1834,.T.);
#1834=EDGE_LOOP('',(#2370,#2371,#2372,#2373));
#1835=PLANE('',#1836);
#1836=AXIS2_PLACEMENT_3D('',#1837,#1838,#1839);
#1837=CARTESIAN_POINT('',(2.75000000000001,-7.65,2.95000000000578));
#1838=DIRECTION('',(-0.,3.64553232446295E-013,1.));
#1839=DIRECTION('',(1.,0.,0.));
#1840=FACE_BOUND('',#1841,.T.);
#1841=EDGE_LOOP('',(#2374,#2375,#2376,#2377));
#1842=PLANE('',#1843);
#1843=AXIS2_PLACEMENT_3D('',#1844,#1845,#1846);
#1844=CARTESIAN_POINT('',(0.,-2.10000000000015,-5.34999999999624));
#1845=DIRECTION('',(0.,1.,6.12323399573677E-017));
#1846=DIRECTION('',(1.,0.,0.));
#1847=FACE_BOUND('',#1848,.T.);
#1848=EDGE_LOOP('',(#2378,#2379,#2380,#2381));
#1849=PLANE('',#1850);
#1850=AXIS2_PLACEMENT_3D('',#1851,#1852,#1853);
#1851=CARTESIAN_POINT('',(3.25000000000001,-7.65,2.45000000000578));
#1852=DIRECTION('',(-0.,-3.64553232446295E-013,-1.));
#1853=DIRECTION('',(-1.,0.,0.));
#1854=FACE_BOUND('',#1855,.T.);
#1855=EDGE_LOOP('',(#2382,#2383,#2384,#2385));
#1856=PLANE('',#1857);
#1857=AXIS2_PLACEMENT_3D('',#1858,#1859,#1860);
#1858=CARTESIAN_POINT('',(3.93301270189222,-7.8,-3.18349364905389));
#1859=DIRECTION('',(0.,-0.86602540378444,0.499999999999997));
#1860=DIRECTION('',(-1.,0.,0.));
#1861=FACE_BOUND('',#1862,.T.);
#1862=EDGE_LOOP('',(#2386,#2387,#2388,#2389));
#1863=PLANE('',#1864);
#1864=AXIS2_PLACEMENT_3D('',#1865,#1866,#1867);
#1865=CARTESIAN_POINT('',(2.75000000000001,-7.11698729810778,-3.18349364905389));
#1866=DIRECTION('',(0.866025403784439,0.,0.499999999999998));
#1867=DIRECTION('',(0.,-1.,0.));
#1868=FACE_BOUND('',#1869,.T.);
#1869=EDGE_LOOP('',(#2390,#2391,#2392,#2393));
#1870=PLANE('',#1871);
#1871=AXIS2_PLACEMENT_3D('',#1872,#1873,#1874);
#1872=CARTESIAN_POINT('',(2.06698729810779,-8.3,-3.18349364905389));
#1873=DIRECTION('',(-0.,0.866025403784439,0.5));
#1874=DIRECTION('',(1.,0.,0.));
#1875=FACE_BOUND('',#1876,.T.);
#1876=EDGE_LOOP('',(#2394,#2395,#2396,#2397));
#1877=PLANE('',#1878);
#1878=AXIS2_PLACEMENT_3D('',#1879,#1880,#1881);
#1879=CARTESIAN_POINT('',(3.25000000000001,-8.98301270189222,-3.18349364905389));
#1880=DIRECTION('',(-0.866025403784437,0.,0.500000000000002));
#1881=DIRECTION('',(0.,1.,0.));
#1882=FACE_BOUND('',#1883,.T.);
#1883=EDGE_LOOP('',(#2398,#2399,#2400,#2401));
#1884=PLANE('',#1885);
#1885=AXIS2_PLACEMENT_3D('',#1886,#1887,#1888);
#1886=CARTESIAN_POINT('',(2.75000000000001,-2.31650635094625,1.76698729811154));
#1887=DIRECTION('',(-0.866025403784438,0.500000000000001,0.));
#1888=DIRECTION('',(0.,0.,1.));
#1889=FACE_BOUND('',#1890,.T.);
#1890=EDGE_LOOP('',(#2402,#2403,#2404,#2405));
#1891=PLANE('',#1892);
#1892=AXIS2_PLACEMENT_3D('',#1893,#1894,#1895);
#1893=CARTESIAN_POINT('',(2.06698729810779,-2.31650635094621,2.95000000000384));
#1894=DIRECTION('',(-0.,0.500000000000086,0.866025403784389));
#1895=DIRECTION('',(1.,0.,0.));
#1896=FACE_BOUND('',#1897,.T.);
#1897=EDGE_LOOP('',(#2406,#2407,#2408,#2409));
#1898=PLANE('',#1899);
#1899=AXIS2_PLACEMENT_3D('',#1900,#1901,#1902);
#1900=CARTESIAN_POINT('',(3.25000000000001,-2.31650635094626,3.633012701898));
#1901=DIRECTION('',(0.866025403784439,0.5,0.));
#1902=DIRECTION('',(0.,0.,-1.));
#1903=FACE_BOUND('',#1904,.T.);
#1904=EDGE_LOOP('',(#2410,#2411,#2412,#2413));
#1905=PLANE('',#1906);
#1906=AXIS2_PLACEMENT_3D('',#1907,#1908,#1909);
#1907=CARTESIAN_POINT('',(3.93301270189222,-2.3165063509463,2.45000000000383));
#1908=DIRECTION('',(0.,0.49999999999992,-0.866025403784485));
#1909=DIRECTION('',(-1.,0.,0.));
#1910=ORIENTED_EDGE('',*,*,#2414,.F.);
#1911=ORIENTED_EDGE('',*,*,#2415,.F.);
#1912=ORIENTED_EDGE('',*,*,#2416,.T.);
#1913=ORIENTED_EDGE('',*,*,#2417,.T.);
#1914=ORIENTED_EDGE('',*,*,#2418,.T.);
#1915=ORIENTED_EDGE('',*,*,#2419,.T.);
#1916=ORIENTED_EDGE('',*,*,#2420,.F.);
#1917=ORIENTED_EDGE('',*,*,#2421,.F.);
#1918=ORIENTED_EDGE('',*,*,#2422,.T.);
#1919=ORIENTED_EDGE('',*,*,#2423,.T.);
#1920=ORIENTED_EDGE('',*,*,#2424,.T.);
#1921=ORIENTED_EDGE('',*,*,#2425,.T.);
#1922=ORIENTED_EDGE('',*,*,#2426,.T.);
#1923=ORIENTED_EDGE('',*,*,#2427,.F.);
#1924=ORIENTED_EDGE('',*,*,#2428,.F.);
#1925=ORIENTED_EDGE('',*,*,#2429,.F.);
#1926=ORIENTED_EDGE('',*,*,#2430,.F.);
#1927=ORIENTED_EDGE('',*,*,#2429,.T.);
#1928=ORIENTED_EDGE('',*,*,#2431,.T.);
#1929=ORIENTED_EDGE('',*,*,#2432,.F.);
#1930=ORIENTED_EDGE('',*,*,#2433,.F.);
#1931=ORIENTED_EDGE('',*,*,#2430,.T.);
#1932=ORIENTED_EDGE('',*,*,#2433,.T.);
#1933=ORIENTED_EDGE('',*,*,#2434,.F.);
#1934=ORIENTED_EDGE('',*,*,#2435,.F.);
#1935=ORIENTED_EDGE('',*,*,#2428,.T.);
#1936=ORIENTED_EDGE('',*,*,#2435,.T.);
#1937=ORIENTED_EDGE('',*,*,#2436,.F.);
#1938=ORIENTED_EDGE('',*,*,#2431,.F.);
#1939=ORIENTED_EDGE('',*,*,#2414,.T.);
#1940=ORIENTED_EDGE('',*,*,#2437,.T.);
#1941=ORIENTED_EDGE('',*,*,#2438,.T.);
#1942=ORIENTED_EDGE('',*,*,#2439,.F.);
#1943=ORIENTED_EDGE('',*,*,#2415,.T.);
#1944=ORIENTED_EDGE('',*,*,#2439,.T.);
#1945=ORIENTED_EDGE('',*,*,#2440,.T.);
#1946=ORIENTED_EDGE('',*,*,#2441,.T.);
#1947=ORIENTED_EDGE('',*,*,#2442,.F.);
#1948=ORIENTED_EDGE('',*,*,#2443,.F.);
#1949=ORIENTED_EDGE('',*,*,#2416,.F.);
#1950=ORIENTED_EDGE('',*,*,#2444,.F.);
#1951=ORIENTED_EDGE('',*,*,#2426,.F.);
#1952=ORIENTED_EDGE('',*,*,#2445,.T.);
#1953=ORIENTED_EDGE('',*,*,#2446,.F.);
#1954=ORIENTED_EDGE('',*,*,#2447,.F.);
#1955=ORIENTED_EDGE('',*,*,#2417,.F.);
#1956=ORIENTED_EDGE('',*,*,#2443,.T.);
#1957=ORIENTED_EDGE('',*,*,#2448,.F.);
#1958=ORIENTED_EDGE('',*,*,#2449,.F.);
#1959=ORIENTED_EDGE('',*,*,#2418,.F.);
#1960=ORIENTED_EDGE('',*,*,#2447,.T.);
#1961=ORIENTED_EDGE('',*,*,#2450,.T.);
#1962=ORIENTED_EDGE('',*,*,#2451,.T.);
#1963=ORIENTED_EDGE('',*,*,#2452,.F.);
#1964=ORIENTED_EDGE('',*,*,#2419,.F.);
#1965=ORIENTED_EDGE('',*,*,#2449,.T.);
#1966=ORIENTED_EDGE('',*,*,#2453,.T.);
#1967=ORIENTED_EDGE('',*,*,#2454,.T.);
#1968=ORIENTED_EDGE('',*,*,#2455,.T.);
#1969=ORIENTED_EDGE('',*,*,#2456,.T.);
#1970=ORIENTED_EDGE('',*,*,#2457,.T.);
#1971=ORIENTED_EDGE('',*,*,#2458,.T.);
#1972=ORIENTED_EDGE('',*,*,#2459,.T.);
#1973=ORIENTED_EDGE('',*,*,#2420,.T.);
#1974=ORIENTED_EDGE('',*,*,#2452,.T.);
#1975=ORIENTED_EDGE('',*,*,#2460,.T.);
#1976=ORIENTED_EDGE('',*,*,#2461,.T.);
#1977=ORIENTED_EDGE('',*,*,#2462,.T.);
#1978=ORIENTED_EDGE('',*,*,#2463,.T.);
#1979=ORIENTED_EDGE('',*,*,#2464,.T.);
#1980=ORIENTED_EDGE('',*,*,#2465,.T.);
#1981=ORIENTED_EDGE('',*,*,#2466,.T.);
#1982=ORIENTED_EDGE('',*,*,#2467,.T.);
#1983=ORIENTED_EDGE('',*,*,#2421,.T.);
#1984=ORIENTED_EDGE('',*,*,#2459,.F.);
#1985=ORIENTED_EDGE('',*,*,#2468,.F.);
#1986=ORIENTED_EDGE('',*,*,#2469,.F.);
#1987=ORIENTED_EDGE('',*,*,#2470,.F.);
#1988=ORIENTED_EDGE('',*,*,#2471,.F.);
#1989=ORIENTED_EDGE('',*,*,#2472,.F.);
#1990=ORIENTED_EDGE('',*,*,#2473,.F.);
#1991=ORIENTED_EDGE('',*,*,#2474,.F.);
#1992=ORIENTED_EDGE('',*,*,#2475,.F.);
#1993=ORIENTED_EDGE('',*,*,#2476,.F.);
#1994=ORIENTED_EDGE('',*,*,#2422,.F.);
#1995=ORIENTED_EDGE('',*,*,#2467,.F.);
#1996=ORIENTED_EDGE('',*,*,#2477,.F.);
#1997=ORIENTED_EDGE('',*,*,#2478,.F.);
#1998=ORIENTED_EDGE('',*,*,#2479,.F.);
#1999=ORIENTED_EDGE('',*,*,#2480,.F.);
#2000=ORIENTED_EDGE('',*,*,#2481,.T.);
#2001=ORIENTED_EDGE('',*,*,#2482,.T.);
#2002=ORIENTED_EDGE('',*,*,#2423,.F.);
#2003=ORIENTED_EDGE('',*,*,#2476,.T.);
#2004=ORIENTED_EDGE('',*,*,#2483,.T.);
#2005=ORIENTED_EDGE('',*,*,#2484,.T.);
#2006=ORIENTED_EDGE('',*,*,#2485,.T.);
#2007=ORIENTED_EDGE('',*,*,#2486,.F.);
#2008=ORIENTED_EDGE('',*,*,#2487,.F.);
#2009=ORIENTED_EDGE('',*,*,#2424,.F.);
#2010=ORIENTED_EDGE('',*,*,#2482,.F.);
#2011=ORIENTED_EDGE('',*,*,#2488,.F.);
#2012=ORIENTED_EDGE('',*,*,#2445,.F.);
#2013=ORIENTED_EDGE('',*,*,#2425,.F.);
#2014=ORIENTED_EDGE('',*,*,#2487,.T.);
#2015=ORIENTED_EDGE('',*,*,#2427,.T.);
#2016=ORIENTED_EDGE('',*,*,#2489,.F.);
#2017=ORIENTED_EDGE('',*,*,#2490,.F.);
#2018=ORIENTED_EDGE('',*,*,#2437,.F.);
#2019=ORIENTED_EDGE('',*,*,#2436,.T.);
#2020=ORIENTED_EDGE('',*,*,#2434,.T.);
#2021=ORIENTED_EDGE('',*,*,#2432,.T.);
#2022=ORIENTED_EDGE('',*,*,#2490,.T.);
#2023=ORIENTED_EDGE('',*,*,#2491,.T.);
#2024=ORIENTED_EDGE('',*,*,#2440,.F.);
#2025=ORIENTED_EDGE('',*,*,#2438,.F.);
#2026=ORIENTED_EDGE('',*,*,#2444,.T.);
#2027=ORIENTED_EDGE('',*,*,#2441,.F.);
#2028=ORIENTED_EDGE('',*,*,#2491,.F.);
#2029=ORIENTED_EDGE('',*,*,#2489,.T.);
#2030=ORIENTED_EDGE('',*,*,#2492,.F.);
#2031=ORIENTED_EDGE('',*,*,#2493,.F.);
#2032=ORIENTED_EDGE('',*,*,#2442,.T.);
#2033=ORIENTED_EDGE('',*,*,#2494,.T.);
#2034=ORIENTED_EDGE('',*,*,#2495,.F.);
#2035=ORIENTED_EDGE('',*,*,#2496,.F.);
#2036=ORIENTED_EDGE('',*,*,#2446,.T.);
#2037=ORIENTED_EDGE('',*,*,#2493,.T.);
#2038=ORIENTED_EDGE('',*,*,#2497,.F.);
#2039=ORIENTED_EDGE('',*,*,#2498,.F.);
#2040=ORIENTED_EDGE('',*,*,#2448,.T.);
#2041=ORIENTED_EDGE('',*,*,#2496,.T.);
#2042=ORIENTED_EDGE('',*,*,#2450,.F.);
#2043=ORIENTED_EDGE('',*,*,#2499,.T.);
#2044=ORIENTED_EDGE('',*,*,#2500,.T.);
#2045=ORIENTED_EDGE('',*,*,#2501,.T.);
#2046=ORIENTED_EDGE('',*,*,#2501,.F.);
#2047=ORIENTED_EDGE('',*,*,#2502,.T.);
#2048=ORIENTED_EDGE('',*,*,#2503,.T.);
#2049=ORIENTED_EDGE('',*,*,#2460,.F.);
#2050=ORIENTED_EDGE('',*,*,#2451,.F.);
#2051=ORIENTED_EDGE('',*,*,#2453,.F.);
#2052=ORIENTED_EDGE('',*,*,#2498,.T.);
#2053=ORIENTED_EDGE('',*,*,#2504,.T.);
#2054=ORIENTED_EDGE('',*,*,#2505,.F.);
#2055=ORIENTED_EDGE('',*,*,#2454,.F.);
#2056=ORIENTED_EDGE('',*,*,#2505,.T.);
#2057=ORIENTED_EDGE('',*,*,#2506,.T.);
#2058=ORIENTED_EDGE('',*,*,#2499,.F.);
#2059=ORIENTED_EDGE('',*,*,#2480,.T.);
#2060=ORIENTED_EDGE('',*,*,#2507,.T.);
#2061=ORIENTED_EDGE('',*,*,#2455,.F.);
#2062=ORIENTED_EDGE('',*,*,#2508,.F.);
#2063=ORIENTED_EDGE('',*,*,#2479,.T.);
#2064=ORIENTED_EDGE('',*,*,#2509,.T.);
#2065=ORIENTED_EDGE('',*,*,#2456,.F.);
#2066=ORIENTED_EDGE('',*,*,#2507,.F.);
#2067=ORIENTED_EDGE('',*,*,#2478,.T.);
#2068=ORIENTED_EDGE('',*,*,#2510,.T.);
#2069=ORIENTED_EDGE('',*,*,#2457,.F.);
#2070=ORIENTED_EDGE('',*,*,#2509,.F.);
#2071=ORIENTED_EDGE('',*,*,#2477,.T.);
#2072=ORIENTED_EDGE('',*,*,#2468,.T.);
#2073=ORIENTED_EDGE('',*,*,#2458,.F.);
#2074=ORIENTED_EDGE('',*,*,#2510,.F.);
#2075=ORIENTED_EDGE('',*,*,#2511,.T.);
#2076=ORIENTED_EDGE('',*,*,#2512,.T.);
#2077=ORIENTED_EDGE('',*,*,#2461,.F.);
#2078=ORIENTED_EDGE('',*,*,#2503,.F.);
#2079=ORIENTED_EDGE('',*,*,#2513,.F.);
#2080=ORIENTED_EDGE('',*,*,#2514,.T.);
#2081=ORIENTED_EDGE('',*,*,#2462,.F.);
#2082=ORIENTED_EDGE('',*,*,#2512,.F.);
#2083=ORIENTED_EDGE('',*,*,#2515,.T.);
#2084=ORIENTED_EDGE('',*,*,#2516,.T.);
#2085=ORIENTED_EDGE('',*,*,#2517,.T.);
#2086=ORIENTED_EDGE('',*,*,#2518,.T.);
#2087=ORIENTED_EDGE('',*,*,#2463,.F.);
#2088=ORIENTED_EDGE('',*,*,#2514,.F.);
#2089=ORIENTED_EDGE('',*,*,#2519,.T.);
#2090=ORIENTED_EDGE('',*,*,#2520,.T.);
#2091=ORIENTED_EDGE('',*,*,#2521,.F.);
#2092=ORIENTED_EDGE('',*,*,#2471,.T.);
#2093=ORIENTED_EDGE('',*,*,#2522,.T.);
#2094=ORIENTED_EDGE('',*,*,#2464,.F.);
#2095=ORIENTED_EDGE('',*,*,#2518,.F.);
#2096=ORIENTED_EDGE('',*,*,#2523,.T.);
#2097=ORIENTED_EDGE('',*,*,#2524,.T.);
#2098=ORIENTED_EDGE('',*,*,#2525,.T.);
#2099=ORIENTED_EDGE('',*,*,#2526,.T.);
#2100=ORIENTED_EDGE('',*,*,#2470,.T.);
#2101=ORIENTED_EDGE('',*,*,#2527,.T.);
#2102=ORIENTED_EDGE('',*,*,#2465,.F.);
#2103=ORIENTED_EDGE('',*,*,#2522,.F.);
#2104=ORIENTED_EDGE('',*,*,#2469,.T.);
#2105=ORIENTED_EDGE('',*,*,#2508,.T.);
#2106=ORIENTED_EDGE('',*,*,#2466,.F.);
#2107=ORIENTED_EDGE('',*,*,#2527,.F.);
#2108=ORIENTED_EDGE('',*,*,#2528,.T.);
#2109=ORIENTED_EDGE('',*,*,#2529,.F.);
#2110=ORIENTED_EDGE('',*,*,#2472,.T.);
#2111=ORIENTED_EDGE('',*,*,#2521,.T.);
#2112=ORIENTED_EDGE('',*,*,#2530,.T.);
#2113=ORIENTED_EDGE('',*,*,#2531,.T.);
#2114=ORIENTED_EDGE('',*,*,#2532,.F.);
#2115=ORIENTED_EDGE('',*,*,#2533,.T.);
#2116=ORIENTED_EDGE('',*,*,#2534,.F.);
#2117=ORIENTED_EDGE('',*,*,#2473,.T.);
#2118=ORIENTED_EDGE('',*,*,#2529,.T.);
#2119=ORIENTED_EDGE('',*,*,#2535,.T.);
#2120=ORIENTED_EDGE('',*,*,#2536,.F.);
#2121=ORIENTED_EDGE('',*,*,#2474,.T.);
#2122=ORIENTED_EDGE('',*,*,#2534,.T.);
#2123=ORIENTED_EDGE('',*,*,#2537,.F.);
#2124=ORIENTED_EDGE('',*,*,#2483,.F.);
#2125=ORIENTED_EDGE('',*,*,#2475,.T.);
#2126=ORIENTED_EDGE('',*,*,#2536,.T.);
#2127=ORIENTED_EDGE('',*,*,#2538,.T.);
#2128=ORIENTED_EDGE('',*,*,#2481,.F.);
#2129=ORIENTED_EDGE('',*,*,#2539,.T.);
#2130=ORIENTED_EDGE('',*,*,#2540,.T.);
#2131=ORIENTED_EDGE('',*,*,#2541,.F.);
#2132=ORIENTED_EDGE('',*,*,#2484,.F.);
#2133=ORIENTED_EDGE('',*,*,#2537,.T.);
#2134=ORIENTED_EDGE('',*,*,#2542,.T.);
#2135=ORIENTED_EDGE('',*,*,#2543,.F.);
#2136=ORIENTED_EDGE('',*,*,#2485,.F.);
#2137=ORIENTED_EDGE('',*,*,#2543,.T.);
#2138=ORIENTED_EDGE('',*,*,#2544,.T.);
#2139=ORIENTED_EDGE('',*,*,#2539,.F.);
#2140=ORIENTED_EDGE('',*,*,#2545,.F.);
#2141=ORIENTED_EDGE('',*,*,#2546,.F.);
#2142=ORIENTED_EDGE('',*,*,#2486,.T.);
#2143=ORIENTED_EDGE('',*,*,#2541,.T.);
#2144=ORIENTED_EDGE('',*,*,#2547,.F.);
#2145=ORIENTED_EDGE('',*,*,#2494,.F.);
#2146=ORIENTED_EDGE('',*,*,#2488,.T.);
#2147=ORIENTED_EDGE('',*,*,#2546,.T.);
#2148=ORIENTED_EDGE('',*,*,#2504,.F.);
#2149=ORIENTED_EDGE('',*,*,#2497,.T.);
#2150=ORIENTED_EDGE('',*,*,#2495,.T.);
#2151=ORIENTED_EDGE('',*,*,#2492,.T.);
#2152=ORIENTED_EDGE('',*,*,#2547,.T.);
#2153=ORIENTED_EDGE('',*,*,#2545,.T.);
#2154=ORIENTED_EDGE('',*,*,#2540,.F.);
#2155=ORIENTED_EDGE('',*,*,#2548,.F.);
#2156=ORIENTED_EDGE('',*,*,#2549,.F.);
#2157=ORIENTED_EDGE('',*,*,#2550,.T.);
#2158=ORIENTED_EDGE('',*,*,#2551,.F.);
#2159=ORIENTED_EDGE('',*,*,#2515,.F.);
#2160=ORIENTED_EDGE('',*,*,#2511,.F.);
#2161=ORIENTED_EDGE('',*,*,#2502,.F.);
#2162=ORIENTED_EDGE('',*,*,#2500,.F.);
#2163=ORIENTED_EDGE('',*,*,#2552,.F.);
#2164=ORIENTED_EDGE('',*,*,#2553,.F.);
#2165=ORIENTED_EDGE('',*,*,#2554,.T.);
#2166=ORIENTED_EDGE('',*,*,#2506,.F.);
#2167=ORIENTED_EDGE('',*,*,#2550,.F.);
#2168=ORIENTED_EDGE('',*,*,#2555,.F.);
#2169=ORIENTED_EDGE('',*,*,#2552,.T.);
#2170=ORIENTED_EDGE('',*,*,#2519,.F.);
#2171=ORIENTED_EDGE('',*,*,#2513,.T.);
#2172=ORIENTED_EDGE('',*,*,#2551,.T.);
#2173=ORIENTED_EDGE('',*,*,#2556,.F.);
#2174=ORIENTED_EDGE('',*,*,#2516,.F.);
#2175=ORIENTED_EDGE('',*,*,#2556,.T.);
#2176=ORIENTED_EDGE('',*,*,#2557,.T.);
#2177=ORIENTED_EDGE('',*,*,#2558,.F.);
#2178=ORIENTED_EDGE('',*,*,#2559,.F.);
#2179=ORIENTED_EDGE('',*,*,#2560,.T.);
#2180=ORIENTED_EDGE('',*,*,#2523,.F.);
#2181=ORIENTED_EDGE('',*,*,#2517,.F.);
#2182=ORIENTED_EDGE('',*,*,#2561,.F.);
#2183=ORIENTED_EDGE('',*,*,#2530,.F.);
#2184=ORIENTED_EDGE('',*,*,#2520,.F.);
#2185=ORIENTED_EDGE('',*,*,#2562,.F.);
#2186=ORIENTED_EDGE('',*,*,#2563,.F.);
#2187=ORIENTED_EDGE('',*,*,#2564,.T.);
#2188=ORIENTED_EDGE('',*,*,#2524,.F.);
#2189=ORIENTED_EDGE('',*,*,#2560,.F.);
#2190=ORIENTED_EDGE('',*,*,#2565,.F.);
#2191=ORIENTED_EDGE('',*,*,#2566,.T.);
#2192=ORIENTED_EDGE('',*,*,#2525,.F.);
#2193=ORIENTED_EDGE('',*,*,#2564,.F.);
#2194=ORIENTED_EDGE('',*,*,#2567,.F.);
#2195=ORIENTED_EDGE('',*,*,#2562,.T.);
#2196=ORIENTED_EDGE('',*,*,#2526,.F.);
#2197=ORIENTED_EDGE('',*,*,#2566,.F.);
#2198=ORIENTED_EDGE('',*,*,#2528,.F.);
#2199=ORIENTED_EDGE('',*,*,#2568,.T.);
#2200=ORIENTED_EDGE('',*,*,#2569,.T.);
#2201=ORIENTED_EDGE('',*,*,#2532,.T.);
#2202=ORIENTED_EDGE('',*,*,#2531,.F.);
#2203=ORIENTED_EDGE('',*,*,#2570,.T.);
#2204=ORIENTED_EDGE('',*,*,#2571,.T.);
#2205=ORIENTED_EDGE('',*,*,#2568,.F.);
#2206=ORIENTED_EDGE('',*,*,#2569,.F.);
#2207=ORIENTED_EDGE('',*,*,#2572,.F.);
#2208=ORIENTED_EDGE('',*,*,#2573,.F.);
#2209=ORIENTED_EDGE('',*,*,#2574,.T.);
#2210=ORIENTED_EDGE('',*,*,#2542,.F.);
#2211=ORIENTED_EDGE('',*,*,#2538,.F.);
#2212=ORIENTED_EDGE('',*,*,#2535,.F.);
#2213=ORIENTED_EDGE('',*,*,#2533,.F.);
#2214=ORIENTED_EDGE('',*,*,#2544,.F.);
#2215=ORIENTED_EDGE('',*,*,#2574,.F.);
#2216=ORIENTED_EDGE('',*,*,#2575,.F.);
#2217=ORIENTED_EDGE('',*,*,#2548,.T.);
#2218=ORIENTED_EDGE('',*,*,#2575,.T.);
#2219=ORIENTED_EDGE('',*,*,#2573,.T.);
#2220=ORIENTED_EDGE('',*,*,#2576,.T.);
#2221=ORIENTED_EDGE('',*,*,#2553,.T.);
#2222=ORIENTED_EDGE('',*,*,#2555,.T.);
#2223=ORIENTED_EDGE('',*,*,#2549,.T.);
#2224=ORIENTED_EDGE('',*,*,#2571,.F.);
#2225=ORIENTED_EDGE('',*,*,#2577,.T.);
#2226=ORIENTED_EDGE('',*,*,#2578,.T.);
#2227=ORIENTED_EDGE('',*,*,#2579,.T.);
#2228=ORIENTED_EDGE('',*,*,#2580,.T.);
#2229=ORIENTED_EDGE('',*,*,#2581,.T.);
#2230=ORIENTED_EDGE('',*,*,#2557,.F.);
#2231=ORIENTED_EDGE('',*,*,#2554,.F.);
#2232=ORIENTED_EDGE('',*,*,#2576,.F.);
#2233=ORIENTED_EDGE('',*,*,#2572,.T.);
#2234=ORIENTED_EDGE('',*,*,#2581,.F.);
#2235=ORIENTED_EDGE('',*,*,#2582,.F.);
#2236=ORIENTED_EDGE('',*,*,#2559,.T.);
#2237=ORIENTED_EDGE('',*,*,#2558,.T.);
#2238=ORIENTED_EDGE('',*,*,#2577,.F.);
#2239=ORIENTED_EDGE('',*,*,#2570,.F.);
#2240=ORIENTED_EDGE('',*,*,#2561,.T.);
#2241=ORIENTED_EDGE('',*,*,#2583,.T.);
#2242=ORIENTED_EDGE('',*,*,#2580,.F.);
#2243=ORIENTED_EDGE('',*,*,#2584,.F.);
#2244=ORIENTED_EDGE('',*,*,#2563,.T.);
#2245=ORIENTED_EDGE('',*,*,#2582,.T.);
#2246=ORIENTED_EDGE('',*,*,#2579,.F.);
#2247=ORIENTED_EDGE('',*,*,#2585,.F.);
#2248=ORIENTED_EDGE('',*,*,#2565,.T.);
#2249=ORIENTED_EDGE('',*,*,#2584,.T.);
#2250=ORIENTED_EDGE('',*,*,#2578,.F.);
#2251=ORIENTED_EDGE('',*,*,#2583,.F.);
#2252=ORIENTED_EDGE('',*,*,#2567,.T.);
#2253=ORIENTED_EDGE('',*,*,#2585,.T.);
#2254=ORIENTED_EDGE('',*,*,#2586,.T.);
#2255=ORIENTED_EDGE('',*,*,#2587,.T.);
#2256=ORIENTED_EDGE('',*,*,#2588,.F.);
#2257=ORIENTED_EDGE('',*,*,#2589,.F.);
#2258=ORIENTED_EDGE('',*,*,#2590,.F.);
#2259=ORIENTED_EDGE('',*,*,#2591,.F.);
#2260=ORIENTED_EDGE('',*,*,#2592,.F.);
#2261=ORIENTED_EDGE('',*,*,#2587,.F.);
#2262=ORIENTED_EDGE('',*,*,#2593,.T.);
#2263=ORIENTED_EDGE('',*,*,#2594,.T.);
#2264=ORIENTED_EDGE('',*,*,#2595,.T.);
#2265=ORIENTED_EDGE('',*,*,#2596,.T.);
#2266=ORIENTED_EDGE('',*,*,#2597,.T.);
#2267=ORIENTED_EDGE('',*,*,#2598,.T.);
#2268=ORIENTED_EDGE('',*,*,#2599,.F.);
#2269=ORIENTED_EDGE('',*,*,#2594,.F.);
#2270=ORIENTED_EDGE('',*,*,#2600,.F.);
#2271=ORIENTED_EDGE('',*,*,#2601,.F.);
#2272=ORIENTED_EDGE('',*,*,#2602,.F.);
#2273=ORIENTED_EDGE('',*,*,#2598,.F.);
#2274=ORIENTED_EDGE('',*,*,#2603,.T.);
#2275=ORIENTED_EDGE('',*,*,#2589,.T.);
#2276=ORIENTED_EDGE('',*,*,#2604,.T.);
#2277=ORIENTED_EDGE('',*,*,#2605,.T.);
#2278=ORIENTED_EDGE('',*,*,#2606,.F.);
#2279=ORIENTED_EDGE('',*,*,#2607,.F.);
#2280=ORIENTED_EDGE('',*,*,#2608,.F.);
#2281=ORIENTED_EDGE('',*,*,#2609,.F.);
#2282=ORIENTED_EDGE('',*,*,#2588,.T.);
#2283=ORIENTED_EDGE('',*,*,#2592,.T.);
#2284=ORIENTED_EDGE('',*,*,#2610,.F.);
#2285=ORIENTED_EDGE('',*,*,#2604,.F.);
#2286=ORIENTED_EDGE('',*,*,#2599,.T.);
#2287=ORIENTED_EDGE('',*,*,#2602,.T.);
#2288=ORIENTED_EDGE('',*,*,#2611,.F.);
#2289=ORIENTED_EDGE('',*,*,#2595,.F.);
#2290=ORIENTED_EDGE('',*,*,#2612,.F.);
#2291=ORIENTED_EDGE('',*,*,#2596,.F.);
#2292=ORIENTED_EDGE('',*,*,#2611,.T.);
#2293=ORIENTED_EDGE('',*,*,#2601,.T.);
#2294=ORIENTED_EDGE('',*,*,#2613,.T.);
#2295=ORIENTED_EDGE('',*,*,#2614,.T.);
#2296=ORIENTED_EDGE('',*,*,#2615,.T.);
#2297=ORIENTED_EDGE('',*,*,#2616,.T.);
#2298=ORIENTED_EDGE('',*,*,#2617,.F.);
#2299=ORIENTED_EDGE('',*,*,#2605,.F.);
#2300=ORIENTED_EDGE('',*,*,#2610,.T.);
#2301=ORIENTED_EDGE('',*,*,#2591,.T.);
#2302=ORIENTED_EDGE('',*,*,#2586,.F.);
#2303=ORIENTED_EDGE('',*,*,#2618,.F.);
#2304=ORIENTED_EDGE('',*,*,#2606,.T.);
#2305=ORIENTED_EDGE('',*,*,#2619,.T.);
#2306=ORIENTED_EDGE('',*,*,#2593,.F.);
#2307=ORIENTED_EDGE('',*,*,#2619,.F.);
#2308=ORIENTED_EDGE('',*,*,#2609,.T.);
#2309=ORIENTED_EDGE('',*,*,#2620,.T.);
#2310=ORIENTED_EDGE('',*,*,#2597,.F.);
#2311=ORIENTED_EDGE('',*,*,#2620,.F.);
#2312=ORIENTED_EDGE('',*,*,#2608,.T.);
#2313=ORIENTED_EDGE('',*,*,#2621,.T.);
#2314=ORIENTED_EDGE('',*,*,#2603,.F.);
#2315=ORIENTED_EDGE('',*,*,#2621,.F.);
#2316=ORIENTED_EDGE('',*,*,#2607,.T.);
#2317=ORIENTED_EDGE('',*,*,#2618,.T.);
#2318=ORIENTED_EDGE('',*,*,#2590,.T.);
#2319=ORIENTED_EDGE('',*,*,#2622,.T.);
#2320=ORIENTED_EDGE('',*,*,#2613,.F.);
#2321=ORIENTED_EDGE('',*,*,#2623,.F.);
#2322=ORIENTED_EDGE('',*,*,#2612,.T.);
#2323=ORIENTED_EDGE('',*,*,#2624,.T.);
#2324=ORIENTED_EDGE('',*,*,#2614,.F.);
#2325=ORIENTED_EDGE('',*,*,#2622,.F.);
#2326=ORIENTED_EDGE('',*,*,#2600,.T.);
#2327=ORIENTED_EDGE('',*,*,#2625,.T.);
#2328=ORIENTED_EDGE('',*,*,#2615,.F.);
#2329=ORIENTED_EDGE('',*,*,#2624,.F.);
#2330=ORIENTED_EDGE('',*,*,#2617,.T.);
#2331=ORIENTED_EDGE('',*,*,#2623,.T.);
#2332=ORIENTED_EDGE('',*,*,#2616,.F.);
#2333=ORIENTED_EDGE('',*,*,#2625,.F.);
#2334=ORIENTED_EDGE('',*,*,#2626,.T.);
#2335=ORIENTED_EDGE('',*,*,#2627,.T.);
#2336=ORIENTED_EDGE('',*,*,#2628,.F.);
#2337=ORIENTED_EDGE('',*,*,#2629,.F.);
#2338=ORIENTED_EDGE('',*,*,#2630,.F.);
#2339=ORIENTED_EDGE('',*,*,#2631,.F.);
#2340=ORIENTED_EDGE('',*,*,#2632,.F.);
#2341=ORIENTED_EDGE('',*,*,#2627,.F.);
#2342=ORIENTED_EDGE('',*,*,#2633,.T.);
#2343=ORIENTED_EDGE('',*,*,#2634,.T.);
#2344=ORIENTED_EDGE('',*,*,#2635,.T.);
#2345=ORIENTED_EDGE('',*,*,#2636,.T.);
#2346=ORIENTED_EDGE('',*,*,#2637,.T.);
#2347=ORIENTED_EDGE('',*,*,#2638,.T.);
#2348=ORIENTED_EDGE('',*,*,#2639,.F.);
#2349=ORIENTED_EDGE('',*,*,#2634,.F.);
#2350=ORIENTED_EDGE('',*,*,#2640,.F.);
#2351=ORIENTED_EDGE('',*,*,#2641,.F.);
#2352=ORIENTED_EDGE('',*,*,#2642,.F.);
#2353=ORIENTED_EDGE('',*,*,#2638,.F.);
#2354=ORIENTED_EDGE('',*,*,#2643,.T.);
#2355=ORIENTED_EDGE('',*,*,#2629,.T.);
#2356=ORIENTED_EDGE('',*,*,#2644,.T.);
#2357=ORIENTED_EDGE('',*,*,#2645,.T.);
#2358=ORIENTED_EDGE('',*,*,#2646,.F.);
#2359=ORIENTED_EDGE('',*,*,#2647,.F.);
#2360=ORIENTED_EDGE('',*,*,#2648,.F.);
#2361=ORIENTED_EDGE('',*,*,#2649,.F.);
#2362=ORIENTED_EDGE('',*,*,#2628,.T.);
#2363=ORIENTED_EDGE('',*,*,#2632,.T.);
#2364=ORIENTED_EDGE('',*,*,#2650,.F.);
#2365=ORIENTED_EDGE('',*,*,#2644,.F.);
#2366=ORIENTED_EDGE('',*,*,#2639,.T.);
#2367=ORIENTED_EDGE('',*,*,#2642,.T.);
#2368=ORIENTED_EDGE('',*,*,#2651,.F.);
#2369=ORIENTED_EDGE('',*,*,#2635,.F.);
#2370=ORIENTED_EDGE('',*,*,#2652,.F.);
#2371=ORIENTED_EDGE('',*,*,#2636,.F.);
#2372=ORIENTED_EDGE('',*,*,#2651,.T.);
#2373=ORIENTED_EDGE('',*,*,#2641,.T.);
#2374=ORIENTED_EDGE('',*,*,#2653,.T.);
#2375=ORIENTED_EDGE('',*,*,#2654,.T.);
#2376=ORIENTED_EDGE('',*,*,#2655,.T.);
#2377=ORIENTED_EDGE('',*,*,#2656,.T.);
#2378=ORIENTED_EDGE('',*,*,#2657,.F.);
#2379=ORIENTED_EDGE('',*,*,#2645,.F.);
#2380=ORIENTED_EDGE('',*,*,#2650,.T.);
#2381=ORIENTED_EDGE('',*,*,#2631,.T.);
#2382=ORIENTED_EDGE('',*,*,#2626,.F.);
#2383=ORIENTED_EDGE('',*,*,#2658,.F.);
#2384=ORIENTED_EDGE('',*,*,#2646,.T.);
#2385=ORIENTED_EDGE('',*,*,#2659,.T.);
#2386=ORIENTED_EDGE('',*,*,#2633,.F.);
#2387=ORIENTED_EDGE('',*,*,#2659,.F.);
#2388=ORIENTED_EDGE('',*,*,#2649,.T.);
#2389=ORIENTED_EDGE('',*,*,#2660,.T.);
#2390=ORIENTED_EDGE('',*,*,#2637,.F.);
#2391=ORIENTED_EDGE('',*,*,#2660,.F.);
#2392=ORIENTED_EDGE('',*,*,#2648,.T.);
#2393=ORIENTED_EDGE('',*,*,#2661,.T.);
#2394=ORIENTED_EDGE('',*,*,#2643,.F.);
#2395=ORIENTED_EDGE('',*,*,#2661,.F.);
#2396=ORIENTED_EDGE('',*,*,#2647,.T.);
#2397=ORIENTED_EDGE('',*,*,#2658,.T.);
#2398=ORIENTED_EDGE('',*,*,#2630,.T.);
#2399=ORIENTED_EDGE('',*,*,#2662,.T.);
#2400=ORIENTED_EDGE('',*,*,#2653,.F.);
#2401=ORIENTED_EDGE('',*,*,#2663,.F.);
#2402=ORIENTED_EDGE('',*,*,#2652,.T.);
#2403=ORIENTED_EDGE('',*,*,#2664,.T.);
#2404=ORIENTED_EDGE('',*,*,#2654,.F.);
#2405=ORIENTED_EDGE('',*,*,#2662,.F.);
#2406=ORIENTED_EDGE('',*,*,#2640,.T.);
#2407=ORIENTED_EDGE('',*,*,#2665,.T.);
#2408=ORIENTED_EDGE('',*,*,#2655,.F.);
#2409=ORIENTED_EDGE('',*,*,#2664,.F.);
#2410=ORIENTED_EDGE('',*,*,#2657,.T.);
#2411=ORIENTED_EDGE('',*,*,#2663,.T.);
#2412=ORIENTED_EDGE('',*,*,#2656,.F.);
#2413=ORIENTED_EDGE('',*,*,#2665,.F.);
#2414=EDGE_CURVE('',#2666,#2667,#2668,.T.);
#2415=EDGE_CURVE('',#2669,#2666,#2670,.T.);
#2416=EDGE_CURVE('',#2669,#2671,#2672,.F.);
#2417=EDGE_CURVE('',#2671,#2673,#2674,.F.);
#2418=EDGE_CURVE('',#2673,#2675,#2676,.F.);
#2419=EDGE_CURVE('',#2675,#2677,#2678,.T.);
#2420=EDGE_CURVE('',#2679,#2677,#2680,.T.);
#2421=EDGE_CURVE('',#2681,#2679,#2682,.T.);
#2422=EDGE_CURVE('',#2681,#2683,#2684,.T.);
#2423=EDGE_CURVE('',#2683,#2685,#2686,.T.);
#2424=EDGE_CURVE('',#2685,#2687,#2688,.F.);
#2425=EDGE_CURVE('',#2687,#2689,#2690,.F.);
#2426=EDGE_CURVE('',#2689,#2691,#2692,.F.);
#2427=EDGE_CURVE('',#2667,#2691,#2693,.F.);
#2428=EDGE_CURVE('',#2694,#2695,#2696,.T.);
#2429=EDGE_CURVE('',#2697,#2694,#2698,.T.);
#2430=EDGE_CURVE('',#2695,#2697,#2699,.T.);
#2431=EDGE_CURVE('',#2694,#2700,#2701,.T.);
#2432=EDGE_CURVE('',#2702,#2700,#2703,.T.);
#2433=EDGE_CURVE('',#2697,#2702,#2704,.T.);
#2434=EDGE_CURVE('',#2705,#2702,#2706,.T.);
#2435=EDGE_CURVE('',#2695,#2705,#2707,.T.);
#2436=EDGE_CURVE('',#2700,#2705,#2708,.T.);
#2437=EDGE_CURVE('',#2667,#2709,#2710,.T.);
#2438=EDGE_CURVE('',#2709,#2711,#2712,.T.);
#2439=EDGE_CURVE('',#2666,#2711,#2713,.T.);
#2440=EDGE_CURVE('',#2711,#2714,#2715,.T.);
#2441=EDGE_CURVE('',#2714,#2669,#2716,.T.);
#2442=EDGE_CURVE('',#2717,#2718,#2719,.T.);
#2443=EDGE_CURVE('',#2671,#2717,#2720,.T.);
#2444=EDGE_CURVE('',#2691,#2669,#2721,.T.);
#2445=EDGE_CURVE('',#2689,#2718,#2722,.T.);
#2446=EDGE_CURVE('',#2723,#2717,#2724,.T.);
#2447=EDGE_CURVE('',#2673,#2723,#2725,.T.);
#2448=EDGE_CURVE('',#2726,#2723,#2727,.T.);
#2449=EDGE_CURVE('',#2675,#2726,#2728,.F.);
#2450=EDGE_CURVE('',#2729,#2730,#2731,.F.);
#2451=EDGE_CURVE('',#2730,#2732,#2733,.T.);
#2452=EDGE_CURVE('',#2677,#2732,#2734,.T.);
#2453=EDGE_CURVE('',#2726,#2735,#2736,.F.);
#2454=EDGE_CURVE('',#2735,#2729,#2737,.F.);
#2455=EDGE_CURVE('',#2738,#2739,#2740,.T.);
#2456=EDGE_CURVE('',#2739,#2741,#2742,.T.);
#2457=EDGE_CURVE('',#2741,#2743,#2744,.T.);
#2458=EDGE_CURVE('',#2743,#2745,#2746,.T.);
#2459=EDGE_CURVE('',#2745,#2679,#2747,.T.);
#2460=EDGE_CURVE('',#2732,#2748,#2749,.T.);
#2461=EDGE_CURVE('',#2748,#2750,#2751,.T.);
#2462=EDGE_CURVE('',#2750,#2752,#2753,.T.);
#2463=EDGE_CURVE('',#2752,#2754,#2755,.T.);
#2464=EDGE_CURVE('',#2754,#2756,#2757,.T.);
#2465=EDGE_CURVE('',#2756,#2758,#2759,.T.);
#2466=EDGE_CURVE('',#2758,#2738,#2760,.T.);
#2467=EDGE_CURVE('',#2761,#2681,#2762,.T.);
#2468=EDGE_CURVE('',#2761,#2745,#2763,.T.);
#2469=EDGE_CURVE('',#2764,#2765,#2766,.T.);
#2470=EDGE_CURVE('',#2767,#2764,#2768,.T.);
#2471=EDGE_CURVE('',#2769,#2767,#2770,.T.);
#2472=EDGE_CURVE('',#2771,#2769,#2772,.T.);
#2473=EDGE_CURVE('',#2773,#2771,#2774,.T.);
#2474=EDGE_CURVE('',#2775,#2773,#2776,.T.);
#2475=EDGE_CURVE('',#2777,#2775,#2778,.T.);
#2476=EDGE_CURVE('',#2683,#2777,#2779,.T.);
#2477=EDGE_CURVE('',#2780,#2761,#2781,.T.);
#2478=EDGE_CURVE('',#2782,#2780,#2783,.T.);
#2479=EDGE_CURVE('',#2784,#2782,#2785,.T.);
#2480=EDGE_CURVE('',#2765,#2784,#2786,.T.);
#2481=EDGE_CURVE('',#2787,#2788,#2789,.F.);
#2482=EDGE_CURVE('',#2788,#2685,#2790,.F.);
#2483=EDGE_CURVE('',#2777,#2791,#2792,.T.);
#2484=EDGE_CURVE('',#2791,#2793,#2794,.F.);
#2485=EDGE_CURVE('',#2793,#2787,#2795,.F.);
#2486=EDGE_CURVE('',#2796,#2788,#2797,.T.);
#2487=EDGE_CURVE('',#2687,#2796,#2798,.T.);
#2488=EDGE_CURVE('',#2718,#2796,#2799,.T.);
#2489=EDGE_CURVE('',#2800,#2691,#2801,.T.);
#2490=EDGE_CURVE('',#2709,#2800,#2802,.T.);
#2491=EDGE_CURVE('',#2800,#2714,#2803,.T.);
#2492=EDGE_CURVE('',#2804,#2805,#2806,.T.);
#2493=EDGE_CURVE('',#2717,#2804,#2807,.F.);
#2494=EDGE_CURVE('',#2718,#2805,#2808,.F.);
#2495=EDGE_CURVE('',#2809,#2804,#2810,.T.);
#2496=EDGE_CURVE('',#2723,#2809,#2811,.F.);
#2497=EDGE_CURVE('',#2812,#2809,#2813,.T.);
#2498=EDGE_CURVE('',#2726,#2812,#2814,.T.);
#2499=EDGE_CURVE('',#2729,#2815,#2816,.T.);
#2500=EDGE_CURVE('',#2815,#2817,#2818,.F.);
#2501=EDGE_CURVE('',#2817,#2730,#2819,.F.);
#2502=EDGE_CURVE('',#2817,#2820,#2821,.F.);
#2503=EDGE_CURVE('',#2820,#2748,#2822,.T.);
#2504=EDGE_CURVE('',#2812,#2823,#2824,.F.);
#2505=EDGE_CURVE('',#2735,#2823,#2825,.T.);
#2506=EDGE_CURVE('',#2823,#2815,#2826,.F.);
#2507=EDGE_CURVE('',#2784,#2739,#2827,.T.);
#2508=EDGE_CURVE('',#2765,#2738,#2828,.T.);
#2509=EDGE_CURVE('',#2782,#2741,#2829,.T.);
#2510=EDGE_CURVE('',#2780,#2743,#2830,.T.);
#2511=EDGE_CURVE('',#2820,#2831,#2832,.T.);
#2512=EDGE_CURVE('',#2831,#2750,#2833,.T.);
#2513=EDGE_CURVE('',#2834,#2835,#2836,.F.);
#2514=EDGE_CURVE('',#2834,#2752,#2837,.T.);
#2515=EDGE_CURVE('',#2831,#2835,#2838,.F.);
#2516=EDGE_CURVE('',#2839,#2840,#2841,.F.);
#2517=EDGE_CURVE('',#2840,#2842,#2843,.F.);
#2518=EDGE_CURVE('',#2842,#2754,#2844,.T.);
#2519=EDGE_CURVE('',#2834,#2839,#2845,.F.);
#2520=EDGE_CURVE('',#2846,#2847,#2848,.F.);
#2521=EDGE_CURVE('',#2769,#2847,#2849,.T.);
#2522=EDGE_CURVE('',#2767,#2756,#2850,.T.);
#2523=EDGE_CURVE('',#2842,#2851,#2852,.F.);
#2524=EDGE_CURVE('',#2851,#2853,#2854,.F.);
#2525=EDGE_CURVE('',#2853,#2855,#2856,.F.);
#2526=EDGE_CURVE('',#2855,#2846,#2857,.F.);
#2527=EDGE_CURVE('',#2764,#2758,#2858,.T.);
#2528=EDGE_CURVE('',#2859,#2860,#2861,.F.);
#2529=EDGE_CURVE('',#2771,#2860,#2862,.T.);
#2530=EDGE_CURVE('',#2847,#2863,#2864,.F.);
#2531=EDGE_CURVE('',#2863,#2859,#2865,.F.);
#2532=EDGE_CURVE('',#2866,#2860,#2867,.F.);
#2533=EDGE_CURVE('',#2866,#2868,#2869,.F.);
#2534=EDGE_CURVE('',#2773,#2868,#2870,.T.);
#2535=EDGE_CURVE('',#2868,#2871,#2872,.F.);
#2536=EDGE_CURVE('',#2775,#2871,#2873,.T.);
#2537=EDGE_CURVE('',#2791,#2874,#2875,.F.);
#2538=EDGE_CURVE('',#2871,#2874,#2876,.F.);
#2539=EDGE_CURVE('',#2787,#2877,#2878,.T.);
#2540=EDGE_CURVE('',#2877,#2879,#2880,.F.);
#2541=EDGE_CURVE('',#2788,#2879,#2881,.F.);
#2542=EDGE_CURVE('',#2874,#2882,#2883,.F.);
#2543=EDGE_CURVE('',#2793,#2882,#2884,.T.);
#2544=EDGE_CURVE('',#2882,#2877,#2885,.F.);
#2545=EDGE_CURVE('',#2886,#2879,#2887,.T.);
#2546=EDGE_CURVE('',#2796,#2886,#2888,.F.);
#2547=EDGE_CURVE('',#2805,#2886,#2889,.T.);
#2548=EDGE_CURVE('',#2890,#2877,#2891,.T.);
#2549=EDGE_CURVE('',#2892,#2890,#2893,.T.);
#2550=EDGE_CURVE('',#2892,#2823,#2894,.T.);
#2551=EDGE_CURVE('',#2835,#2895,#2896,.F.);
#2552=EDGE_CURVE('',#2897,#2815,#2898,.T.);
#2553=EDGE_CURVE('',#2899,#2897,#2900,.T.);
#2554=EDGE_CURVE('',#2899,#2895,#2901,.T.);
#2555=EDGE_CURVE('',#2897,#2892,#2902,.T.);
#2556=EDGE_CURVE('',#2839,#2895,#2903,.T.);
#2557=EDGE_CURVE('',#2895,#2904,#2905,.F.);
#2558=EDGE_CURVE('',#2840,#2904,#2906,.F.);
#2559=EDGE_CURVE('',#2907,#2840,#2908,.T.);
#2560=EDGE_CURVE('',#2907,#2851,#2909,.T.);
#2561=EDGE_CURVE('',#2863,#2910,#2911,.T.);
#2562=EDGE_CURVE('',#2910,#2846,#2912,.T.);
#2563=EDGE_CURVE('',#2913,#2907,#2914,.T.);
#2564=EDGE_CURVE('',#2913,#2853,#2915,.T.);
#2565=EDGE_CURVE('',#2916,#2913,#2917,.T.);
#2566=EDGE_CURVE('',#2916,#2855,#2918,.T.);
#2567=EDGE_CURVE('',#2910,#2916,#2919,.T.);
#2568=EDGE_CURVE('',#2859,#2920,#2921,.T.);
#2569=EDGE_CURVE('',#2920,#2866,#2922,.F.);
#2570=EDGE_CURVE('',#2863,#2923,#2924,.T.);
#2571=EDGE_CURVE('',#2923,#2920,#2925,.F.);
#2572=EDGE_CURVE('',#2926,#2920,#2927,.T.);
#2573=EDGE_CURVE('',#2928,#2926,#2929,.T.);
#2574=EDGE_CURVE('',#2928,#2882,#2930,.T.);
#2575=EDGE_CURVE('',#2890,#2928,#2931,.T.);
#2576=EDGE_CURVE('',#2926,#2899,#2932,.T.);
#2577=EDGE_CURVE('',#2923,#2933,#2934,.T.);
#2578=EDGE_CURVE('',#2933,#2935,#2936,.T.);
#2579=EDGE_CURVE('',#2935,#2937,#2938,.T.);
#2580=EDGE_CURVE('',#2937,#2939,#2940,.T.);
#2581=EDGE_CURVE('',#2939,#2904,#2941,.T.);
#2582=EDGE_CURVE('',#2907,#2939,#2942,.F.);
#2583=EDGE_CURVE('',#2910,#2933,#2943,.F.);
#2584=EDGE_CURVE('',#2913,#2937,#2944,.F.);
#2585=EDGE_CURVE('',#2916,#2935,#2945,.F.);
#2586=EDGE_CURVE('',#2946,#2947,#2948,.T.);
#2587=EDGE_CURVE('',#2947,#2949,#2950,.T.);
#2588=EDGE_CURVE('',#2951,#2949,#2952,.T.);
#2589=EDGE_CURVE('',#2946,#2951,#2953,.T.);
#2590=EDGE_CURVE('',#2954,#2955,#2956,.T.);
#2591=EDGE_CURVE('',#2957,#2954,#2958,.T.);
#2592=EDGE_CURVE('',#2949,#2957,#2959,.T.);
#2593=EDGE_CURVE('',#2947,#2960,#2961,.T.);
#2594=EDGE_CURVE('',#2960,#2962,#2963,.T.);
#2595=EDGE_CURVE('',#2962,#2964,#2965,.T.);
#2596=EDGE_CURVE('',#2964,#2955,#2966,.T.);
#2597=EDGE_CURVE('',#2960,#2967,#2968,.T.);
#2598=EDGE_CURVE('',#2967,#2969,#2970,.T.);
#2599=EDGE_CURVE('',#2962,#2969,#2971,.T.);
#2600=EDGE_CURVE('',#2972,#2973,#2974,.T.);
#2601=EDGE_CURVE('',#2975,#2972,#2976,.T.);
#2602=EDGE_CURVE('',#2969,#2975,#2977,.T.);
#2603=EDGE_CURVE('',#2967,#2946,#2978,.T.);
#2604=EDGE_CURVE('',#2951,#2979,#2980,.T.);
#2605=EDGE_CURVE('',#2979,#2973,#2981,.T.);
#2606=EDGE_CURVE('',#2982,#2983,#2984,.T.);
#2607=EDGE_CURVE('',#2985,#2982,#2986,.T.);
#2608=EDGE_CURVE('',#2987,#2985,#2988,.T.);
#2609=EDGE_CURVE('',#2983,#2987,#2989,.T.);
#2610=EDGE_CURVE('',#2979,#2957,#2990,.T.);
#2611=EDGE_CURVE('',#2964,#2975,#2991,.T.);
#2612=EDGE_CURVE('',#2955,#2972,#2992,.T.);
#2613=EDGE_CURVE('',#2993,#2994,#2995,.T.);
#2614=EDGE_CURVE('',#2994,#2996,#2997,.T.);
#2615=EDGE_CURVE('',#2996,#2998,#2999,.T.);
#2616=EDGE_CURVE('',#2998,#2993,#3000,.T.);
#2617=EDGE_CURVE('',#2973,#2954,#3001,.T.);
#2618=EDGE_CURVE('',#2982,#2946,#3002,.F.);
#2619=EDGE_CURVE('',#2983,#2947,#3003,.F.);
#2620=EDGE_CURVE('',#2987,#2960,#3004,.F.);
#2621=EDGE_CURVE('',#2985,#2967,#3005,.F.);
#2622=EDGE_CURVE('',#2955,#2994,#3006,.T.);
#2623=EDGE_CURVE('',#2954,#2993,#3007,.T.);
#2624=EDGE_CURVE('',#2972,#2996,#3008,.T.);
#2625=EDGE_CURVE('',#2973,#2998,#3009,.T.);
#2626=EDGE_CURVE('',#3010,#3011,#3012,.T.);
#2627=EDGE_CURVE('',#3011,#3013,#3014,.T.);
#2628=EDGE_CURVE('',#3015,#3013,#3016,.T.);
#2629=EDGE_CURVE('',#3010,#3015,#3017,.T.);
#2630=EDGE_CURVE('',#3018,#3019,#3020,.T.);
#2631=EDGE_CURVE('',#3021,#3018,#3022,.T.);
#2632=EDGE_CURVE('',#3013,#3021,#3023,.T.);
#2633=EDGE_CURVE('',#3011,#3024,#3025,.T.);
#2634=EDGE_CURVE('',#3024,#3026,#3027,.T.);
#2635=EDGE_CURVE('',#3026,#3028,#3029,.T.);
#2636=EDGE_CURVE('',#3028,#3019,#3030,.T.);
#2637=EDGE_CURVE('',#3024,#3031,#3032,.T.);
#2638=EDGE_CURVE('',#3031,#3033,#3034,.T.);
#2639=EDGE_CURVE('',#3026,#3033,#3035,.T.);
#2640=EDGE_CURVE('',#3036,#3037,#3038,.T.);
#2641=EDGE_CURVE('',#3039,#3036,#3040,.T.);
#2642=EDGE_CURVE('',#3033,#3039,#3041,.T.);
#2643=EDGE_CURVE('',#3031,#3010,#3042,.T.);
#2644=EDGE_CURVE('',#3015,#3043,#3044,.T.);
#2645=EDGE_CURVE('',#3043,#3037,#3045,.T.);
#2646=EDGE_CURVE('',#3046,#3047,#3048,.T.);
#2647=EDGE_CURVE('',#3049,#3046,#3050,.T.);
#2648=EDGE_CURVE('',#3051,#3049,#3052,.T.);
#2649=EDGE_CURVE('',#3047,#3051,#3053,.T.);
#2650=EDGE_CURVE('',#3043,#3021,#3054,.T.);
#2651=EDGE_CURVE('',#3028,#3039,#3055,.T.);
#2652=EDGE_CURVE('',#3019,#3036,#3056,.T.);
#2653=EDGE_CURVE('',#3057,#3058,#3059,.T.);
#2654=EDGE_CURVE('',#3058,#3060,#3061,.T.);
#2655=EDGE_CURVE('',#3060,#3062,#3063,.T.);
#2656=EDGE_CURVE('',#3062,#3057,#3064,.T.);
#2657=EDGE_CURVE('',#3037,#3018,#3065,.T.);
#2658=EDGE_CURVE('',#3046,#3010,#3066,.F.);
#2659=EDGE_CURVE('',#3047,#3011,#3067,.F.);
#2660=EDGE_CURVE('',#3051,#3024,#3068,.F.);
#2661=EDGE_CURVE('',#3049,#3031,#3069,.F.);
#2662=EDGE_CURVE('',#3019,#3058,#3070,.T.);
#2663=EDGE_CURVE('',#3018,#3057,#3071,.T.);
#2664=EDGE_CURVE('',#3036,#3060,#3072,.T.);
#2665=EDGE_CURVE('',#3037,#3062,#3073,.T.);
#2666=VERTEX_POINT('',#3074);
#2667=VERTEX_POINT('',#3075);
#2668=LINE('',#3076,#3077);
#2669=VERTEX_POINT('',#3079);
#2670=LINE('',#3080,#3081);
#2671=VERTEX_POINT('',#3083);
#2672=LINE('',#3084,#3085);
#2673=VERTEX_POINT('',#3087);
#2674=LINE('',#3088,#3089);
#2675=VERTEX_POINT('',#3091);
#2676=LINE('',#3092,#3093);
#2677=VERTEX_POINT('',#3095);
#2678=LINE('',#3096,#3097);
#2679=VERTEX_POINT('',#3099);
#2680=LINE('',#3100,#3101);
#2681=VERTEX_POINT('',#3103);
#2682=LINE('',#3104,#3105);
#2683=VERTEX_POINT('',#3107);
#2684=LINE('',#3108,#3109);
#2685=VERTEX_POINT('',#3111);
#2686=LINE('',#3112,#3113);
#2687=VERTEX_POINT('',#3115);
#2688=LINE('',#3116,#3117);
#2689=VERTEX_POINT('',#3119);
#2690=LINE('',#3120,#3121);
#2691=VERTEX_POINT('',#3123);
#2692=LINE('',#3124,#3125);
#2693=LINE('',#3127,#3128);
#2694=VERTEX_POINT('',#3130);
#2695=VERTEX_POINT('',#3131);
#2696=LINE('',#3132,#3133);
#2697=VERTEX_POINT('',#3135);
#2698=LINE('',#3136,#3137);
#2699=LINE('',#3139,#3140);
#2700=VERTEX_POINT('',#3142);
#2701=LINE('',#3143,#3144);
#2702=VERTEX_POINT('',#3146);
#2703=LINE('',#3147,#3148);
#2704=LINE('',#3150,#3151);
#2705=VERTEX_POINT('',#3153);
#2706=LINE('',#3154,#3155);
#2707=LINE('',#3157,#3158);
#2708=LINE('',#3160,#3161);
#2709=VERTEX_POINT('',#3163);
#2710=LINE('',#3164,#3165);
#2711=VERTEX_POINT('',#3167);
#2712=LINE('',#3168,#3169);
#2713=LINE('',#3171,#3172);
#2714=VERTEX_POINT('',#3174);
#2715=LINE('',#3175,#3176);
#2716=LINE('',#3178,#3179);
#2717=VERTEX_POINT('',#3181);
#2718=VERTEX_POINT('',#3182);
#2719=LINE('',#3183,#3184);
#2720=LINE('',#3186,#3187);
#2721=LINE('',#3189,#3190);
#2722=LINE('',#3192,#3193);
#2723=VERTEX_POINT('',#3195);
#2724=LINE('',#3196,#3197);
#2725=LINE('',#3199,#3200);
#2726=VERTEX_POINT('',#3202);
#2727=LINE('',#3203,#3204);
#2728=LINE('',#3206,#3207);
#2729=VERTEX_POINT('',#3209);
#2730=VERTEX_POINT('',#3210);
#2731=LINE('',#3211,#3212);
#2732=VERTEX_POINT('',#3214);
#2733=LINE('',#3215,#3216);
#2734=LINE('',#3218,#3219);
#2735=VERTEX_POINT('',#3221);
#2736=LINE('',#3222,#3223);
#2737=LINE('',#3225,#3226);
#2738=VERTEX_POINT('',#3228);
#2739=VERTEX_POINT('',#3229);
#2740=LINE('',#3230,#3231);
#2741=VERTEX_POINT('',#3233);
#2742=LINE('',#3234,#3235);
#2743=VERTEX_POINT('',#3237);
#2744=LINE('',#3238,#3239);
#2745=VERTEX_POINT('',#3241);
#2746=LINE('',#3242,#3243);
#2747=LINE('',#3245,#3246);
#2748=VERTEX_POINT('',#3248);
#2749=LINE('',#3249,#3250);
#2750=VERTEX_POINT('',#3252);
#2751=CIRCLE('',#3253,0.55);
#2752=VERTEX_POINT('',#3257);
#2753=LINE('',#3258,#3259);
#2754=VERTEX_POINT('',#3261);
#2755=LINE('',#3262,#3263);
#2756=VERTEX_POINT('',#3265);
#2757=LINE('',#3266,#3267);
#2758=VERTEX_POINT('',#3269);
#2759=LINE('',#3270,#3271);
#2760=LINE('',#3273,#3274);
#2761=VERTEX_POINT('',#3276);
#2762=LINE('',#3277,#3278);
#2763=LINE('',#3280,#3281);
#2764=VERTEX_POINT('',#3283);
#2765=VERTEX_POINT('',#3284);
#2766=LINE('',#3285,#3286);
#2767=VERTEX_POINT('',#3288);
#2768=LINE('',#3289,#3290);
#2769=VERTEX_POINT('',#3292);
#2770=LINE('',#3293,#3294);
#2771=VERTEX_POINT('',#3296);
#2772=LINE('',#3297,#3298);
#2773=VERTEX_POINT('',#3300);
#2774=LINE('',#3301,#3302);
#2775=VERTEX_POINT('',#3304);
#2776=CIRCLE('',#3305,0.55);
#2777=VERTEX_POINT('',#3309);
#2778=LINE('',#3310,#3311);
#2779=LINE('',#3313,#3314);
#2780=VERTEX_POINT('',#3316);
#2781=LINE('',#3317,#3318);
#2782=VERTEX_POINT('',#3320);
#2783=LINE('',#3321,#3322);
#2784=VERTEX_POINT('',#3324);
#2785=LINE('',#3325,#3326);
#2786=LINE('',#3328,#3329);
#2787=VERTEX_POINT('',#3331);
#2788=VERTEX_POINT('',#3332);
#2789=LINE('',#3333,#3334);
#2790=LINE('',#3336,#3337);
#2791=VERTEX_POINT('',#3339);
#2792=LINE('',#3340,#3341);
#2793=VERTEX_POINT('',#3343);
#2794=LINE('',#3344,#3345);
#2795=LINE('',#3347,#3348);
#2796=VERTEX_POINT('',#3350);
#2797=LINE('',#3351,#3352);
#2798=LINE('',#3354,#3355);
#2799=LINE('',#3357,#3358);
#2800=VERTEX_POINT('',#3360);
#2801=LINE('',#3361,#3362);
#2802=LINE('',#3364,#3365);
#2803=LINE('',#3367,#3368);
#2804=VERTEX_POINT('',#3370);
#2805=VERTEX_POINT('',#3371);
#2806=LINE('',#3372,#3373);
#2807=LINE('',#3375,#3376);
#2808=LINE('',#3378,#3379);
#2809=VERTEX_POINT('',#3381);
#2810=LINE('',#3382,#3383);
#2811=LINE('',#3385,#3386);
#2812=VERTEX_POINT('',#3388);
#2813=LINE('',#3389,#3390);
#2814=LINE('',#3392,#3393);
#2815=VERTEX_POINT('',#3395);
#2816=LINE('',#3396,#3397);
#2817=VERTEX_POINT('',#3399);
#2818=LINE('',#3400,#3401);
#2819=LINE('',#3403,#3404);
#2820=VERTEX_POINT('',#3406);
#2821=LINE('',#3407,#3408);
#2822=LINE('',#3410,#3411);
#2823=VERTEX_POINT('',#3413);
#2824=LINE('',#3414,#3415);
#2825=LINE('',#3417,#3418);
#2826=LINE('',#3420,#3421);
#2827=LINE('',#3423,#3424);
#2828=LINE('',#3426,#3427);
#2829=LINE('',#3429,#3430);
#2830=LINE('',#3432,#3433);
#2831=VERTEX_POINT('',#3435);
#2832=CIRCLE('',#3436,0.55);
#2833=LINE('',#3440,#3441);
#2834=VERTEX_POINT('',#3443);
#2835=VERTEX_POINT('',#3444);
#2836=LINE('',#3445,#3446);
#2837=LINE('',#3448,#3449);
#2838=LINE('',#3451,#3452);
#2839=VERTEX_POINT('',#3454);
#2840=VERTEX_POINT('',#3455);
#2841=LINE('',#3456,#3457);
#2842=VERTEX_POINT('',#3459);
#2843=LINE('',#3460,#3461);
#2844=LINE('',#3463,#3464);
#2845=LINE('',#3466,#3467);
#2846=VERTEX_POINT('',#3469);
#2847=VERTEX_POINT('',#3470);
#2848=LINE('',#3471,#3472);
#2849=LINE('',#3474,#3475);
#2850=LINE('',#3477,#3478);
#2851=VERTEX_POINT('',#3480);
#2852=LINE('',#3481,#3482);
#2853=VERTEX_POINT('',#3484);
#2854=LINE('',#3485,#3486);
#2855=VERTEX_POINT('',#3488);
#2856=LINE('',#3489,#3490);
#2857=LINE('',#3492,#3493);
#2858=LINE('',#3495,#3496);
#2859=VERTEX_POINT('',#3498);
#2860=VERTEX_POINT('',#3499);
#2861=LINE('',#3500,#3501);
#2862=LINE('',#3503,#3504);
#2863=VERTEX_POINT('',#3506);
#2864=LINE('',#3507,#3508);
#2865=LINE('',#3510,#3511);
#2866=VERTEX_POINT('',#3513);
#2867=LINE('',#3514,#3515);
#2868=VERTEX_POINT('',#3517);
#2869=LINE('',#3518,#3519);
#2870=LINE('',#3521,#3522);
#2871=VERTEX_POINT('',#3524);
#2872=CIRCLE('',#3525,0.55);
#2873=LINE('',#3529,#3530);
#2874=VERTEX_POINT('',#3532);
#2875=LINE('',#3533,#3534);
#2876=LINE('',#3536,#3537);
#2877=VERTEX_POINT('',#3539);
#2878=LINE('',#3540,#3541);
#2879=VERTEX_POINT('',#3543);
#2880=LINE('',#3544,#3545);
#2881=LINE('',#3547,#3548);
#2882=VERTEX_POINT('',#3550);
#2883=LINE('',#3551,#3552);
#2884=LINE('',#3554,#3555);
#2885=LINE('',#3557,#3558);
#2886=VERTEX_POINT('',#3560);
#2887=LINE('',#3561,#3562);
#2888=LINE('',#3564,#3565);
#2889=LINE('',#3567,#3568);
#2890=VERTEX_POINT('',#3570);
#2891=LINE('',#3571,#3572);
#2892=VERTEX_POINT('',#3574);
#2893=LINE('',#3575,#3576);
#2894=LINE('',#3578,#3579);
#2895=VERTEX_POINT('',#3581);
#2896=LINE('',#3582,#3583);
#2897=VERTEX_POINT('',#3585);
#2898=LINE('',#3586,#3587);
#2899=VERTEX_POINT('',#3589);
#2900=LINE('',#3590,#3591);
#2901=LINE('',#3593,#3594);
#2902=LINE('',#3596,#3597);
#2903=LINE('',#3599,#3600);
#2904=VERTEX_POINT('',#3602);
#2905=LINE('',#3603,#3604);
#2906=LINE('',#3606,#3607);
#2907=VERTEX_POINT('',#3609);
#2908=LINE('',#3610,#3611);
#2909=LINE('',#3613,#3614);
#2910=VERTEX_POINT('',#3616);
#2911=LINE('',#3617,#3618);
#2912=LINE('',#3620,#3621);
#2913=VERTEX_POINT('',#3623);
#2914=LINE('',#3624,#3625);
#2915=LINE('',#3627,#3628);
#2916=VERTEX_POINT('',#3630);
#2917=LINE('',#3631,#3632);
#2918=LINE('',#3634,#3635);
#2919=LINE('',#3637,#3638);
#2920=VERTEX_POINT('',#3640);
#2921=LINE('',#3641,#3642);
#2922=LINE('',#3644,#3645);
#2923=VERTEX_POINT('',#3647);
#2924=LINE('',#3648,#3649);
#2925=LINE('',#3651,#3652);
#2926=VERTEX_POINT('',#3654);
#2927=LINE('',#3655,#3656);
#2928=VERTEX_POINT('',#3658);
#2929=LINE('',#3659,#3660);
#2930=LINE('',#3662,#3663);
#2931=LINE('',#3665,#3666);
#2932=LINE('',#3668,#3669);
#2933=VERTEX_POINT('',#3671);
#2934=LINE('',#3672,#3673);
#2935=VERTEX_POINT('',#3675);
#2936=LINE('',#3676,#3677);
#2937=VERTEX_POINT('',#3679);
#2938=LINE('',#3680,#3681);
#2939=VERTEX_POINT('',#3683);
#2940=LINE('',#3684,#3685);
#2941=LINE('',#3687,#3688);
#2942=LINE('',#3690,#3691);
#2943=LINE('',#3693,#3694);
#2944=LINE('',#3696,#3697);
#2945=LINE('',#3699,#3700);
#2946=VERTEX_POINT('',#3702);
#2947=VERTEX_POINT('',#3703);
#2948=LINE('',#3704,#3705);
#2949=VERTEX_POINT('',#3707);
#2950=LINE('',#3708,#3709);
#2951=VERTEX_POINT('',#3711);
#2952=LINE('',#3712,#3713);
#2953=LINE('',#3715,#3716);
#2954=VERTEX_POINT('',#3718);
#2955=VERTEX_POINT('',#3719);
#2956=LINE('',#3720,#3721);
#2957=VERTEX_POINT('',#3723);
#2958=LINE('',#3724,#3725);
#2959=CIRCLE('',#3727,0.750000000369132);
#2960=VERTEX_POINT('',#3731);
#2961=LINE('',#3732,#3733);
#2962=VERTEX_POINT('',#3735);
#2963=LINE('',#3736,#3737);
#2964=VERTEX_POINT('',#3739);
#2965=CIRCLE('',#3740,1.25000000036913);
#2966=LINE('',#3744,#3745);
#2967=VERTEX_POINT('',#3747);
#2968=LINE('',#3748,#3749);
#2969=VERTEX_POINT('',#3751);
#2970=LINE('',#3752,#3753);
#2971=LINE('',#3755,#3756);
#2972=VERTEX_POINT('',#3758);
#2973=VERTEX_POINT('',#3759);
#2974=LINE('',#3760,#3761);
#2975=VERTEX_POINT('',#3763);
#2976=LINE('',#3764,#3765);
#2977=CIRCLE('',#3767,1.25000000036913);
#2978=LINE('',#3771,#3772);
#2979=VERTEX_POINT('',#3774);
#2980=CIRCLE('',#3775,0.750000000369132);
#2981=LINE('',#3779,#3780);
#2982=VERTEX_POINT('',#3782);
#2983=VERTEX_POINT('',#3783);
#2984=LINE('',#3784,#3785);
#2985=VERTEX_POINT('',#3787);
#2986=LINE('',#3788,#3789);
#2987=VERTEX_POINT('',#3791);
#2988=LINE('',#3792,#3793);
#2989=LINE('',#3795,#3796);
#2990=LINE('',#3798,#3799);
#2991=LINE('',#3801,#3802);
#2992=LINE('',#3804,#3805);
#2993=VERTEX_POINT('',#3807);
#2994=VERTEX_POINT('',#3808);
#2995=LINE('',#3809,#3810);
#2996=VERTEX_POINT('',#3812);
#2997=LINE('',#3813,#3814);
#2998=VERTEX_POINT('',#3816);
#2999=LINE('',#3817,#3818);
#3000=LINE('',#3820,#3821);
#3001=LINE('',#3823,#3824);
#3002=LINE('',#3826,#3827);
#3003=LINE('',#3829,#3830);
#3004=LINE('',#3832,#3833);
#3005=LINE('',#3835,#3836);
#3006=LINE('',#3838,#3839);
#3007=LINE('',#3841,#3842);
#3008=LINE('',#3844,#3845);
#3009=LINE('',#3847,#3848);
#3010=VERTEX_POINT('',#3850);
#3011=VERTEX_POINT('',#3851);
#3012=LINE('',#3852,#3853);
#3013=VERTEX_POINT('',#3855);
#3014=LINE('',#3856,#3857);
#3015=VERTEX_POINT('',#3859);
#3016=LINE('',#3860,#3861);
#3017=LINE('',#3863,#3864);
#3018=VERTEX_POINT('',#3866);
#3019=VERTEX_POINT('',#3867);
#3020=LINE('',#3868,#3869);
#3021=VERTEX_POINT('',#3871);
#3022=LINE('',#3872,#3873);
#3023=CIRCLE('',#3875,0.149999999999998);
#3024=VERTEX_POINT('',#3879);
#3025=LINE('',#3880,#3881);
#3026=VERTEX_POINT('',#3883);
#3027=LINE('',#3884,#3885);
#3028=VERTEX_POINT('',#3887);
#3029=CIRCLE('',#3888,0.649999999999999);
#3030=LINE('',#3892,#3893);
#3031=VERTEX_POINT('',#3895);
#3032=LINE('',#3896,#3897);
#3033=VERTEX_POINT('',#3899);
#3034=LINE('',#3900,#3901);
#3035=LINE('',#3903,#3904);
#3036=VERTEX_POINT('',#3906);
#3037=VERTEX_POINT('',#3907);
#3038=LINE('',#3908,#3909);
#3039=VERTEX_POINT('',#3911);
#3040=LINE('',#3912,#3913);
#3041=CIRCLE('',#3915,0.649999999999999);
#3042=LINE('',#3919,#3920);
#3043=VERTEX_POINT('',#3922);
#3044=CIRCLE('',#3923,0.149999999999998);
#3045=LINE('',#3927,#3928);
#3046=VERTEX_POINT('',#3930);
#3047=VERTEX_POINT('',#3931);
#3048=LINE('',#3932,#3933);
#3049=VERTEX_POINT('',#3935);
#3050=LINE('',#3936,#3937);
#3051=VERTEX_POINT('',#3939);
#3052=LINE('',#3940,#3941);
#3053=LINE('',#3943,#3944);
#3054=LINE('',#3946,#3947);
#3055=LINE('',#3949,#3950);
#3056=LINE('',#3952,#3953);
#3057=VERTEX_POINT('',#3955);
#3058=VERTEX_POINT('',#3956);
#3059=LINE('',#3957,#3958);
#3060=VERTEX_POINT('',#3960);
#3061=LINE('',#3961,#3962);
#3062=VERTEX_POINT('',#3964);
#3063=LINE('',#3965,#3966);
#3064=LINE('',#3968,#3969);
#3065=LINE('',#3971,#3972);
#3066=LINE('',#3974,#3975);
#3067=LINE('',#3977,#3978);
#3068=LINE('',#3980,#3981);
#3069=LINE('',#3983,#3984);
#3070=LINE('',#3986,#3987);
#3071=LINE('',#3989,#3990);
#3072=LINE('',#3992,#3993);
#3073=LINE('',#3995,#3996);
#3074=CARTESIAN_POINT('',(-1.5,-3.7,3.50540562563862));
#3075=CARTESIAN_POINT('',(1.5,-3.7,3.50540562563862));
#3076=CARTESIAN_POINT('',(-1.5,-3.7,3.50540562563862));
#3077=VECTOR('',#3078,1.);
#3078=DIRECTION('',(1.,0.,0.));
#3079=CARTESIAN_POINT('',(-1.5,-3.7,5.3));
#3080=CARTESIAN_POINT('',(-1.5,-3.7,5.3));
#3081=VECTOR('',#3082,1.);
#3082=DIRECTION('',(0.,0.,-1.));
#3083=CARTESIAN_POINT('',(-2.50000000000001,-3.7,5.3));
#3084=CARTESIAN_POINT('',(-2.50000000000001,-3.7,5.3));
#3085=VECTOR('',#3086,1.);
#3086=DIRECTION('',(1.,0.,8.88178419700115E-016));
#3087=CARTESIAN_POINT('',(-2.5,-3.7,7.5));
#3088=CARTESIAN_POINT('',(-2.5,-3.7,7.5));
#3089=VECTOR('',#3090,1.);
#3090=DIRECTION('',(-5.24832702550073E-015,0.,-1.));
#3091=CARTESIAN_POINT('',(-2.8,-3.7,7.8));
#3092=CARTESIAN_POINT('',(-2.8,-3.7,7.8));
#3093=VECTOR('',#3094,1.);
#3094=DIRECTION('',(0.707106781186546,0.,-0.707106781186548));
#3095=CARTESIAN_POINT('',(-5.,-3.7,7.8));
#3096=CARTESIAN_POINT('',(-2.8,-3.7,7.8));
#3097=VECTOR('',#3098,1.);
#3098=DIRECTION('',(-1.,0.,-4.03717463500057E-016));
#3099=CARTESIAN_POINT('',(-5.,-3.7,4.7467804263307E-018));
#3100=CARTESIAN_POINT('',(-5.,-3.7,4.7467804263307E-018));
#3101=VECTOR('',#3102,1.);
#3102=DIRECTION('',(0.,0.,1.));
#3103=CARTESIAN_POINT('',(5.,-3.7,4.7467804263307E-018));
#3104=CARTESIAN_POINT('',(5.,-3.7,4.7467804263307E-018));
#3105=VECTOR('',#3106,1.);
#3106=DIRECTION('',(-1.,0.,0.));
#3107=CARTESIAN_POINT('',(5.,-3.7,7.8));
#3108=CARTESIAN_POINT('',(5.,-3.7,4.7467804263307E-018));
#3109=VECTOR('',#3110,1.);
#3110=DIRECTION('',(0.,0.,1.));
#3111=CARTESIAN_POINT('',(2.8,-3.7,7.8));
#3112=CARTESIAN_POINT('',(5.,-3.7,7.8));
#3113=VECTOR('',#3114,1.);
#3114=DIRECTION('',(-1.,0.,-4.03717463500057E-016));
#3115=CARTESIAN_POINT('',(2.5,-3.7,7.5));
#3116=CARTESIAN_POINT('',(2.5,-3.7,7.5));
#3117=VECTOR('',#3118,1.);
#3118=DIRECTION('',(0.707106781186549,0.,0.707106781186546));
#3119=CARTESIAN_POINT('',(2.49999999999999,-3.7,5.3));
#3120=CARTESIAN_POINT('',(2.49999999999999,-3.7,5.3));
#3121=VECTOR('',#3122,1.);
#3122=DIRECTION('',(4.84460956200069E-015,0.,1.));
#3123=CARTESIAN_POINT('',(1.5,-3.7,5.3));
#3124=CARTESIAN_POINT('',(1.5,-3.7,5.3));
#3125=VECTOR('',#3126,1.);
#3126=DIRECTION('',(1.,0.,8.88178419700135E-016));
#3127=CARTESIAN_POINT('',(1.5,-3.7,5.3));
#3128=VECTOR('',#3129,1.);
#3129=DIRECTION('',(0.,0.,-1.));
#3130=CARTESIAN_POINT('',(3.,-3.7,2.7));
#3131=CARTESIAN_POINT('',(2.3,-3.7,1.3));
#3132=CARTESIAN_POINT('',(3.,-3.7,2.7));
#3133=VECTOR('',#3134,1.);
#3134=DIRECTION('',(-0.447213595499958,0.,-0.894427190999916));
#3135=CARTESIAN_POINT('',(3.7,-3.7,1.3));
#3136=CARTESIAN_POINT('',(3.7,-3.7,1.3));
#3137=VECTOR('',#3138,1.);
#3138=DIRECTION('',(-0.447213595499958,0.,0.894427190999916));
#3139=CARTESIAN_POINT('',(2.3,-3.7,1.3));
#3140=VECTOR('',#3141,1.);
#3141=DIRECTION('',(1.,0.,0.));
#3142=CARTESIAN_POINT('',(3.,-3.75,2.67004236956039));
#3143=CARTESIAN_POINT('',(3.,-3.7,2.7));
#3144=VECTOR('',#3145,1.);
#3145=DIRECTION('',(0.,-0.857813451890049,-0.513961167556926));
#3146=CARTESIAN_POINT('',(3.67832245496942,-3.75,1.31339745962156));
#3147=CARTESIAN_POINT('',(3.67832245496942,-3.75,1.31339745962156));
#3148=VECTOR('',#3149,1.);
#3149=DIRECTION('',(-0.447213595499958,0.,0.894427190999916));
#3150=CARTESIAN_POINT('',(3.7,-3.7,1.3));
#3151=VECTOR('',#3152,1.);
#3152=DIRECTION('',(-0.386274146827749,-0.89095454831904,0.238730551714921));
#3153=CARTESIAN_POINT('',(2.32167754503058,-3.75,1.31339745962156));
#3154=CARTESIAN_POINT('',(2.32167754503058,-3.75,1.31339745962156));
#3155=VECTOR('',#3156,1.);
#3156=DIRECTION('',(1.,0.,0.));
#3157=CARTESIAN_POINT('',(2.3,-3.7,1.3));
#3158=VECTOR('',#3159,1.);
#3159=DIRECTION('',(0.386274146827755,-0.890954548319036,0.238730551714924));
#3160=CARTESIAN_POINT('',(3.,-3.75,2.67004236956039));
#3161=VECTOR('',#3162,1.);
#3162=DIRECTION('',(-0.447213595499958,0.,-0.894427190999916));
#3163=CARTESIAN_POINT('',(1.5,-4.45,3.4));
#3164=CARTESIAN_POINT('',(1.5,-3.7,3.50540562563862));
#3165=VECTOR('',#3166,1.);
#3166=DIRECTION('',(0.,-0.990268068812206,-0.139173100457465));
#3167=CARTESIAN_POINT('',(-1.5,-4.45,3.4));
#3168=CARTESIAN_POINT('',(1.5,-4.45,3.4));
#3169=VECTOR('',#3170,1.);
#3170=DIRECTION('',(-1.,0.,0.));
#3171=CARTESIAN_POINT('',(-1.5,-3.7,3.50540562563862));
#3172=VECTOR('',#3173,1.);
#3173=DIRECTION('',(0.,-0.990268068812206,-0.139173100457465));
#3174=CARTESIAN_POINT('',(-1.5,-4.45000000000041,3.9));
#3175=CARTESIAN_POINT('',(-1.5,-4.45,3.4));
#3176=VECTOR('',#3177,1.);
#3177=DIRECTION('',(0.,-8.27782287160517E-013,1.));
#3178=CARTESIAN_POINT('',(-1.5,-4.45000000000041,3.9));
#3179=VECTOR('',#3180,1.);
#3180=DIRECTION('',(0.,0.472221412515621,0.881479970028674));
#3181=CARTESIAN_POINT('',(-2.50000000000001,-3.15,5.3));
#3182=CARTESIAN_POINT('',(2.49999999999999,-3.15,5.3));
#3183=CARTESIAN_POINT('',(-2.50000000000001,-3.15,5.3));
#3184=VECTOR('',#3185,1.);
#3185=DIRECTION('',(1.,0.,1.06581410364015E-015));
#3186=CARTESIAN_POINT('',(-2.50000000000001,-3.7,5.3));
#3187=VECTOR('',#3188,1.);
#3188=DIRECTION('',(0.,1.,0.));
#3189=CARTESIAN_POINT('',(1.5,-3.7,5.3));
#3190=VECTOR('',#3191,1.);
#3191=DIRECTION('',(-1.,-5.9211894646675E-016,-1.1842378929335E-015));
#3192=CARTESIAN_POINT('',(2.49999999999999,-3.7,5.3));
#3193=VECTOR('',#3194,1.);
#3194=DIRECTION('',(0.,1.,0.));
#3195=CARTESIAN_POINT('',(-2.5,-3.15,7.5));
#3196=CARTESIAN_POINT('',(-2.5,-3.15,7.5));
#3197=VECTOR('',#3198,1.);
#3198=DIRECTION('',(-5.04646829375071E-015,0.,-1.));
#3199=CARTESIAN_POINT('',(-2.5,-3.7,7.5));
#3200=VECTOR('',#3201,1.);
#3201=DIRECTION('',(0.,1.,0.));
#3202=CARTESIAN_POINT('',(-2.8,-3.15,7.8));
#3203=CARTESIAN_POINT('',(-2.8,-3.15,7.8));
#3204=VECTOR('',#3205,1.);
#3205=DIRECTION('',(0.707106781186546,0.,-0.707106781186549));
#3206=CARTESIAN_POINT('',(-2.8,-3.15,7.8));
#3207=VECTOR('',#3208,1.);
#3208=DIRECTION('',(0.,-1.,0.));
#3209=CARTESIAN_POINT('',(-4.6,-2.73284271247462,7.8));
#3210=CARTESIAN_POINT('',(-4.6,-2.1,7.8));
#3211=CARTESIAN_POINT('',(-4.6,-2.1,7.8));
#3212=VECTOR('',#3213,1.);
#3213=DIRECTION('',(0.,-1.,0.));
#3214=CARTESIAN_POINT('',(-5.,-2.1,7.8));
#3215=CARTESIAN_POINT('',(-4.6,-2.1,7.8));
#3216=VECTOR('',#3217,1.);
#3217=DIRECTION('',(-1.,0.,0.));
#3218=CARTESIAN_POINT('',(-5.,-3.7,7.8));
#3219=VECTOR('',#3220,1.);
#3220=DIRECTION('',(0.,1.,0.));
#3221=CARTESIAN_POINT('',(-4.18284271247462,-3.15,7.8));
#3222=CARTESIAN_POINT('',(-4.18284271247462,-3.15,7.8));
#3223=VECTOR('',#3224,1.);
#3224=DIRECTION('',(1.,0.,0.));
#3225=CARTESIAN_POINT('',(-4.6,-2.73284271247462,7.8));
#3226=VECTOR('',#3227,1.);
#3227=DIRECTION('',(0.707106781186547,-0.707106781186548,0.));
#3228=CARTESIAN_POINT('',(-5.,2.9,-8.99459688076701E-028));
#3229=CARTESIAN_POINT('',(-5.,1.375,0.));
#3230=CARTESIAN_POINT('',(-5.,2.9,-8.99459688076701E-028));
#3231=VECTOR('',#3232,1.);
#3232=DIRECTION('',(0.,-1.,5.89809631525706E-028));
#3233=CARTESIAN_POINT('',(-5.,1.27499999999604,0.15));
#3234=CARTESIAN_POINT('',(-5.,1.375,0.));
#3235=VECTOR('',#3236,1.);
#3236=DIRECTION('',(0.,-0.554700196240438,0.832050294327704));
#3237=CARTESIAN_POINT('',(-5.,-1.27500000000396,0.15));
#3238=CARTESIAN_POINT('',(-5.,1.27499999999604,0.15));
#3239=VECTOR('',#3240,1.);
#3240=DIRECTION('',(0.,-1.,-2.17690789142188E-017));
#3241=CARTESIAN_POINT('',(-5.,-1.375,0.));
#3242=CARTESIAN_POINT('',(-5.,-1.27500000000396,0.15));
#3243=VECTOR('',#3244,1.);
#3244=DIRECTION('',(0.,-0.554700196210021,-0.832050294347983));
#3245=CARTESIAN_POINT('',(-5.,-1.375,0.));
#3246=VECTOR('',#3247,1.);
#3247=DIRECTION('',(0.,-1.,2.04162598981965E-018));
#3248=CARTESIAN_POINT('',(-5.,-2.1,4.25));
#3249=CARTESIAN_POINT('',(-5.,-2.1,7.8));
#3250=VECTOR('',#3251,1.);
#3251=DIRECTION('',(0.,0.,-1.));
#3252=CARTESIAN_POINT('',(-5.,-1.,4.25));
#3253=AXIS2_PLACEMENT_3D('',#3254,#3255,#3256);
#3254=CARTESIAN_POINT('',(-5.,-1.55,4.25));
#3255=DIRECTION('',(1.,0.,0.));
#3256=DIRECTION('',(0.,-1.,0.));
#3257=CARTESIAN_POINT('',(-5.,-1.,7.8));
#3258=CARTESIAN_POINT('',(-5.,-1.,4.25));
#3259=VECTOR('',#3260,1.);
#3260=DIRECTION('',(0.,0.,1.));
#3261=CARTESIAN_POINT('',(-5.,3.7,7.8));
#3262=CARTESIAN_POINT('',(-5.,-1.,7.8));
#3263=VECTOR('',#3264,1.);
#3264=DIRECTION('',(0.,1.,0.));
#3265=CARTESIAN_POINT('',(-5.,3.7,1.));
#3266=CARTESIAN_POINT('',(-5.,3.7,7.8));
#3267=VECTOR('',#3268,1.);
#3268=DIRECTION('',(0.,0.,-1.));
#3269=CARTESIAN_POINT('',(-5.,2.9,1.));
#3270=CARTESIAN_POINT('',(-5.,3.7,1.));
#3271=VECTOR('',#3272,1.);
#3272=DIRECTION('',(0.,-1.,0.));
#3273=CARTESIAN_POINT('',(-5.,2.9,1.));
#3274=VECTOR('',#3275,1.);
#3275=DIRECTION('',(0.,0.,-1.));
#3276=CARTESIAN_POINT('',(5.,-1.375,0.));
#3277=CARTESIAN_POINT('',(5.,-1.375,0.));
#3278=VECTOR('',#3279,1.);
#3279=DIRECTION('',(0.,-1.,2.04162598981965E-018));
#3280=CARTESIAN_POINT('',(5.,-1.375,2.77555756156289E-017));
#3281=VECTOR('',#3282,1.);
#3282=DIRECTION('',(-1.,0.,0.));
#3283=CARTESIAN_POINT('',(5.,2.9,1.));
#3284=CARTESIAN_POINT('',(5.,2.9,-8.99459688076701E-028));
#3285=CARTESIAN_POINT('',(5.,2.9,1.));
#3286=VECTOR('',#3287,1.);
#3287=DIRECTION('',(0.,0.,-1.));
#3288=CARTESIAN_POINT('',(5.,3.7,1.));
#3289=CARTESIAN_POINT('',(5.,3.7,1.));
#3290=VECTOR('',#3291,1.);
#3291=DIRECTION('',(0.,-1.,0.));
#3292=CARTESIAN_POINT('',(5.,3.7,7.8));
#3293=CARTESIAN_POINT('',(5.,3.7,7.8));
#3294=VECTOR('',#3295,1.);
#3295=DIRECTION('',(0.,0.,-1.));
#3296=CARTESIAN_POINT('',(5.,-1.,7.8));
#3297=CARTESIAN_POINT('',(5.,-1.,7.8));
#3298=VECTOR('',#3299,1.);
#3299=DIRECTION('',(0.,1.,0.));
#3300=CARTESIAN_POINT('',(5.,-1.,4.25));
#3301=CARTESIAN_POINT('',(5.,-1.,4.25));
#3302=VECTOR('',#3303,1.);
#3303=DIRECTION('',(0.,0.,1.));
#3304=CARTESIAN_POINT('',(5.,-2.1,4.25));
#3305=AXIS2_PLACEMENT_3D('',#3306,#3307,#3308);
#3306=CARTESIAN_POINT('',(5.,-1.55,4.25));
#3307=DIRECTION('',(1.,0.,0.));
#3308=DIRECTION('',(0.,-1.,0.));
#3309=CARTESIAN_POINT('',(5.,-2.1,7.8));
#3310=CARTESIAN_POINT('',(5.,-2.1,7.8));
#3311=VECTOR('',#3312,1.);
#3312=DIRECTION('',(0.,0.,-1.));
#3313=CARTESIAN_POINT('',(5.,-3.7,7.8));
#3314=VECTOR('',#3315,1.);
#3315=DIRECTION('',(0.,1.,0.));
#3316=CARTESIAN_POINT('',(5.,-1.27500000000396,0.15));
#3317=CARTESIAN_POINT('',(5.,-1.27500000000396,0.15));
#3318=VECTOR('',#3319,1.);
#3319=DIRECTION('',(0.,-0.554700196210021,-0.832050294347983));
#3320=CARTESIAN_POINT('',(5.,1.27499999999604,0.15));
#3321=CARTESIAN_POINT('',(5.,1.27499999999604,0.15));
#3322=VECTOR('',#3323,1.);
#3323=DIRECTION('',(0.,-1.,-2.17690789142188E-017));
#3324=CARTESIAN_POINT('',(5.,1.375,0.));
#3325=CARTESIAN_POINT('',(5.,1.375,0.));
#3326=VECTOR('',#3327,1.);
#3327=DIRECTION('',(0.,-0.554700196240438,0.832050294327704));
#3328=CARTESIAN_POINT('',(5.,2.9,-8.99459688076701E-028));
#3329=VECTOR('',#3330,1.);
#3330=DIRECTION('',(0.,-1.,5.89809631525706E-028));
#3331=CARTESIAN_POINT('',(4.18284271247462,-3.15,7.8));
#3332=CARTESIAN_POINT('',(2.8,-3.15,7.8));
#3333=CARTESIAN_POINT('',(2.8,-3.15,7.8));
#3334=VECTOR('',#3335,1.);
#3335=DIRECTION('',(1.,0.,0.));
#3336=CARTESIAN_POINT('',(2.8,-3.7,7.8));
#3337=VECTOR('',#3338,1.);
#3338=DIRECTION('',(0.,1.,0.));
#3339=CARTESIAN_POINT('',(4.6,-2.1,7.8));
#3340=CARTESIAN_POINT('',(5.,-2.1,7.8));
#3341=VECTOR('',#3342,1.);
#3342=DIRECTION('',(-1.,0.,0.));
#3343=CARTESIAN_POINT('',(4.6,-2.73284271247462,7.8));
#3344=CARTESIAN_POINT('',(4.6,-2.73284271247462,7.8));
#3345=VECTOR('',#3346,1.);
#3346=DIRECTION('',(0.,1.,0.));
#3347=CARTESIAN_POINT('',(4.18284271247462,-3.15,7.8));
#3348=VECTOR('',#3349,1.);
#3349=DIRECTION('',(0.707106781186546,0.707106781186549,0.));
#3350=CARTESIAN_POINT('',(2.5,-3.15,7.5));
#3351=CARTESIAN_POINT('',(2.5,-3.15,7.5));
#3352=VECTOR('',#3353,1.);
#3353=DIRECTION('',(0.70710678118655,0.,0.707106781186545));
#3354=CARTESIAN_POINT('',(2.5,-3.7,7.5));
#3355=VECTOR('',#3356,1.);
#3356=DIRECTION('',(0.,1.,0.));
#3357=CARTESIAN_POINT('',(2.49999999999999,-3.15,5.3));
#3358=VECTOR('',#3359,1.);
#3359=DIRECTION('',(4.84460956200068E-015,0.,1.));
#3360=CARTESIAN_POINT('',(1.5,-4.45000000000041,3.9));
#3361=CARTESIAN_POINT('',(1.5,-4.45000000000041,3.9));
#3362=VECTOR('',#3363,1.);
#3363=DIRECTION('',(0.,0.472221412515621,0.881479970028674));
#3364=CARTESIAN_POINT('',(1.5,-4.45,3.4));
#3365=VECTOR('',#3366,1.);
#3366=DIRECTION('',(0.,-8.27782287160517E-013,1.));
#3367=CARTESIAN_POINT('',(1.5,-4.45000000000041,3.9));
#3368=VECTOR('',#3369,1.);
#3369=DIRECTION('',(-1.,0.,0.));
#3370=CARTESIAN_POINT('',(-2.70000000000001,-2.95,5.1));
#3371=CARTESIAN_POINT('',(2.69999999999999,-2.95,5.1));
#3372=CARTESIAN_POINT('',(-2.70000000000001,-2.95,5.1));
#3373=VECTOR('',#3374,1.);
#3374=DIRECTION('',(1.,0.,1.31581988103722E-015));
#3375=CARTESIAN_POINT('',(-2.70000000000001,-2.95,5.1));
#3376=VECTOR('',#3377,1.);
#3377=DIRECTION('',(0.577350269189627,-0.577350269189626,0.577350269189625));
#3378=CARTESIAN_POINT('',(2.69999999999999,-2.95,5.1));
#3379=VECTOR('',#3380,1.);
#3380=DIRECTION('',(-0.577350269189622,-0.577350269189628,0.577350269189627));
#3381=CARTESIAN_POINT('',(-2.7,-2.95,7.41715728752538));
#3382=CARTESIAN_POINT('',(-2.7,-2.95,7.41715728752538));
#3383=VECTOR('',#3384,1.);
#3384=DIRECTION('',(-4.98296749998898E-015,0.,-1.));
#3385=CARTESIAN_POINT('',(-2.7,-2.95,7.41715728752538));
#3386=VECTOR('',#3387,1.);
#3387=DIRECTION('',(0.678598344545848,-0.678598344545844,0.281084637714824));
#3388=CARTESIAN_POINT('',(-2.88284271247462,-2.95,7.6));
#3389=CARTESIAN_POINT('',(-2.88284271247462,-2.95,7.6));
#3390=VECTOR('',#3391,1.);
#3391=DIRECTION('',(0.707106781186546,0.,-0.707106781186549));
#3392=CARTESIAN_POINT('',(-2.8,-3.15,7.8));
#3393=VECTOR('',#3394,1.);
#3394=DIRECTION('',(-0.281084637714817,0.678598344545846,-0.678598344545849));
#3395=CARTESIAN_POINT('',(-4.4,-2.65,7.6));
#3396=CARTESIAN_POINT('',(-4.6,-2.73284271247462,7.8));
#3397=VECTOR('',#3398,1.);
#3398=DIRECTION('',(0.678598344545853,0.281084637714813,-0.678598344545844));
#3399=CARTESIAN_POINT('',(-4.4,-2.1,7.6));
#3400=CARTESIAN_POINT('',(-4.4,-2.1,7.6));
#3401=VECTOR('',#3402,1.);
#3402=DIRECTION('',(0.,-1.,-1.61486985400022E-015));
#3403=CARTESIAN_POINT('',(-4.6,-2.1,7.8));
#3404=VECTOR('',#3405,1.);
#3405=DIRECTION('',(0.707106781186546,0.,-0.707106781186549));
#3406=CARTESIAN_POINT('',(-4.4,-2.1,4.25));
#3407=CARTESIAN_POINT('',(-4.4,-2.1,4.25));
#3408=VECTOR('',#3409,1.);
#3409=DIRECTION('',(0.,0.,1.));
#3410=CARTESIAN_POINT('',(-4.4,-2.1,4.25));
#3411=VECTOR('',#3412,1.);
#3412=DIRECTION('',(-1.,0.,0.));
#3413=CARTESIAN_POINT('',(-4.1,-2.95,7.6));
#3414=CARTESIAN_POINT('',(-4.1,-2.95,7.6));
#3415=VECTOR('',#3416,1.);
#3416=DIRECTION('',(1.,0.,0.));
#3417=CARTESIAN_POINT('',(-4.18284271247462,-3.15,7.8));
#3418=VECTOR('',#3419,1.);
#3419=DIRECTION('',(0.281084637714817,0.678598344545845,-0.678598344545851));
#3420=CARTESIAN_POINT('',(-4.4,-2.65,7.6));
#3421=VECTOR('',#3422,1.);
#3422=DIRECTION('',(0.707106781186548,-0.707106781186546,0.));
#3423=CARTESIAN_POINT('',(5.,1.375,0.));
#3424=VECTOR('',#3425,1.);
#3425=DIRECTION('',(-1.,0.,0.));
#3426=CARTESIAN_POINT('',(5.,2.9,0.));
#3427=VECTOR('',#3428,1.);
#3428=DIRECTION('',(-1.,0.,0.));
#3429=CARTESIAN_POINT('',(5.,1.27499999999604,0.15));
#3430=VECTOR('',#3431,1.);
#3431=DIRECTION('',(-1.,0.,0.));
#3432=CARTESIAN_POINT('',(5.,-1.27500000000396,0.15));
#3433=VECTOR('',#3434,1.);
#3434=DIRECTION('',(-1.,0.,0.));
#3435=CARTESIAN_POINT('',(-4.4,-1.,4.25));
#3436=AXIS2_PLACEMENT_3D('',#3437,#3438,#3439);
#3437=CARTESIAN_POINT('',(-4.4,-1.55,4.25));
#3438=DIRECTION('',(1.,0.,0.));
#3439=DIRECTION('',(0.,-1.,0.));
#3440=CARTESIAN_POINT('',(-4.4,-1.,4.25));
#3441=VECTOR('',#3442,1.);
#3442=DIRECTION('',(-1.,0.,0.));
#3443=CARTESIAN_POINT('',(-4.6,-0.999999999999999,7.8));
#3444=CARTESIAN_POINT('',(-4.4,-0.999999999999999,7.6));
#3445=CARTESIAN_POINT('',(-4.4,-1.,7.6));
#3446=VECTOR('',#3447,1.);
#3447=DIRECTION('',(-0.707106781186546,0.,0.707106781186549));
#3448=CARTESIAN_POINT('',(-4.6,-1.,7.8));
#3449=VECTOR('',#3450,1.);
#3450=DIRECTION('',(-1.,0.,0.));
#3451=CARTESIAN_POINT('',(-4.4,-1.,7.6));
#3452=VECTOR('',#3453,1.);
#3453=DIRECTION('',(0.,0.,-1.));
#3454=CARTESIAN_POINT('',(-4.6,3.15,7.8));
#3455=CARTESIAN_POINT('',(-2.8,3.15,7.8));
#3456=CARTESIAN_POINT('',(-2.8,3.15,7.8));
#3457=VECTOR('',#3458,1.);
#3458=DIRECTION('',(-1.,0.,0.));
#3459=CARTESIAN_POINT('',(-2.8,3.7,7.8));
#3460=CARTESIAN_POINT('',(-2.8,3.7,7.8));
#3461=VECTOR('',#3462,1.);
#3462=DIRECTION('',(0.,-1.,0.));
#3463=CARTESIAN_POINT('',(-2.8,3.7,7.8));
#3464=VECTOR('',#3465,1.);
#3465=DIRECTION('',(-1.,0.,0.));
#3466=CARTESIAN_POINT('',(-4.6,3.15,7.8));
#3467=VECTOR('',#3468,1.);
#3468=DIRECTION('',(0.,-1.,0.));
#3469=CARTESIAN_POINT('',(2.5,3.7,7.5));
#3470=CARTESIAN_POINT('',(2.8,3.7,7.8));
#3471=CARTESIAN_POINT('',(2.8,3.7,7.8));
#3472=VECTOR('',#3473,1.);
#3473=DIRECTION('',(-0.707106781186548,0.,-0.707106781186548));
#3474=CARTESIAN_POINT('',(5.,3.7,7.8));
#3475=VECTOR('',#3476,1.);
#3476=DIRECTION('',(-1.,0.,0.));
#3477=CARTESIAN_POINT('',(5.,3.7,1.));
#3478=VECTOR('',#3479,1.);
#3479=DIRECTION('',(-1.,0.,0.));
#3480=CARTESIAN_POINT('',(-2.5,3.7,7.5));
#3481=CARTESIAN_POINT('',(-2.5,3.7,7.5));
#3482=VECTOR('',#3483,1.);
#3483=DIRECTION('',(-0.707106781186546,0.,0.707106781186548));
#3484=CARTESIAN_POINT('',(-2.5,3.7,6.8));
#3485=CARTESIAN_POINT('',(-2.5,3.7,6.8));
#3486=VECTOR('',#3487,1.);
#3487=DIRECTION('',(2.53765262771465E-015,0.,1.));
#3488=CARTESIAN_POINT('',(2.5,3.7,6.8));
#3489=CARTESIAN_POINT('',(2.5,3.7,6.8));
#3490=VECTOR('',#3491,1.);
#3491=DIRECTION('',(-1.,0.,8.88178419700125E-016));
#3492=CARTESIAN_POINT('',(2.5,3.7,7.5));
#3493=VECTOR('',#3494,1.);
#3494=DIRECTION('',(-1.26882631385731E-015,0.,-1.));
#3495=CARTESIAN_POINT('',(5.,2.9,1.));
#3496=VECTOR('',#3497,1.);
#3497=DIRECTION('',(-1.,0.,0.));
#3498=CARTESIAN_POINT('',(4.6,3.15,7.8));
#3499=CARTESIAN_POINT('',(4.6,-1.,7.8));
#3500=CARTESIAN_POINT('',(4.6,-1.,7.8));
#3501=VECTOR('',#3502,1.);
#3502=DIRECTION('',(0.,1.,0.));
#3503=CARTESIAN_POINT('',(5.,-1.,7.8));
#3504=VECTOR('',#3505,1.);
#3505=DIRECTION('',(-1.,0.,0.));
#3506=CARTESIAN_POINT('',(2.8,3.15,7.8));
#3507=CARTESIAN_POINT('',(2.8,3.15,7.8));
#3508=VECTOR('',#3509,1.);
#3509=DIRECTION('',(0.,1.,0.));
#3510=CARTESIAN_POINT('',(4.6,3.15,7.8));
#3511=VECTOR('',#3512,1.);
#3512=DIRECTION('',(-1.,0.,0.));
#3513=CARTESIAN_POINT('',(4.4,-1.,7.6));
#3514=CARTESIAN_POINT('',(4.6,-1.,7.8));
#3515=VECTOR('',#3516,1.);
#3516=DIRECTION('',(-0.707106781186547,0.,-0.707106781186547));
#3517=CARTESIAN_POINT('',(4.4,-1.,4.25));
#3518=CARTESIAN_POINT('',(4.4,-1.,4.25));
#3519=VECTOR('',#3520,1.);
#3520=DIRECTION('',(0.,0.,1.));
#3521=CARTESIAN_POINT('',(5.,-1.,4.25));
#3522=VECTOR('',#3523,1.);
#3523=DIRECTION('',(-1.,0.,0.));
#3524=CARTESIAN_POINT('',(4.4,-2.1,4.25));
#3525=AXIS2_PLACEMENT_3D('',#3526,#3527,#3528);
#3526=CARTESIAN_POINT('',(4.4,-1.55,4.25));
#3527=DIRECTION('',(1.,0.,-0.));
#3528=DIRECTION('',(0.,-1.,0.));
#3529=CARTESIAN_POINT('',(5.,-2.1,4.25));
#3530=VECTOR('',#3531,1.);
#3531=DIRECTION('',(-1.,0.,0.));
#3532=CARTESIAN_POINT('',(4.4,-2.1,7.6));
#3533=CARTESIAN_POINT('',(4.4,-2.1,7.6));
#3534=VECTOR('',#3535,1.);
#3535=DIRECTION('',(0.707106781186547,0.,0.707106781186547));
#3536=CARTESIAN_POINT('',(4.4,-2.1,7.6));
#3537=VECTOR('',#3538,1.);
#3538=DIRECTION('',(0.,0.,-1.));
#3539=CARTESIAN_POINT('',(4.1,-2.95,7.6));
#3540=CARTESIAN_POINT('',(4.18284271247462,-3.15,7.8));
#3541=VECTOR('',#3542,1.);
#3542=DIRECTION('',(-0.281084637714824,0.678598344545845,-0.678598344545848));
#3543=CARTESIAN_POINT('',(2.88284271247462,-2.95,7.6));
#3544=CARTESIAN_POINT('',(2.88284271247462,-2.95,7.6));
#3545=VECTOR('',#3546,1.);
#3546=DIRECTION('',(1.,0.,7.29715402276308E-016));
#3547=CARTESIAN_POINT('',(2.88284271247462,-2.95,7.6));
#3548=VECTOR('',#3549,1.);
#3549=DIRECTION('',(-0.281084637714826,-0.678598344545851,0.678598344545841));
#3550=CARTESIAN_POINT('',(4.4,-2.65,7.6));
#3551=CARTESIAN_POINT('',(4.4,-2.65,7.6));
#3552=VECTOR('',#3553,1.);
#3553=DIRECTION('',(0.,1.,3.22973970800044E-015));
#3554=CARTESIAN_POINT('',(4.6,-2.73284271247462,7.8));
#3555=VECTOR('',#3556,1.);
#3556=DIRECTION('',(-0.678598344545845,0.281084637714817,-0.678598344545851));
#3557=CARTESIAN_POINT('',(4.1,-2.95,7.6));
#3558=VECTOR('',#3559,1.);
#3559=DIRECTION('',(0.707106781186546,0.707106781186549,4.18691322315675E-015));
#3560=CARTESIAN_POINT('',(2.7,-2.95,7.41715728752538));
#3561=CARTESIAN_POINT('',(2.7,-2.95,7.41715728752538));
#3562=VECTOR('',#3563,1.);
#3563=DIRECTION('',(0.707106781186549,0.,0.707106781186546));
#3564=CARTESIAN_POINT('',(2.7,-2.95,7.41715728752538));
#3565=VECTOR('',#3566,1.);
#3566=DIRECTION('',(-0.678598344545843,-0.678598344545847,0.28108463771483));
#3567=CARTESIAN_POINT('',(2.69999999999999,-2.95,5.1));
#3568=VECTOR('',#3569,1.);
#3569=DIRECTION('',(4.59966230768216E-015,0.,1.));
#3570=CARTESIAN_POINT('',(4.1,-2.95,1.8));
#3571=CARTESIAN_POINT('',(4.1,-2.95,1.8));
#3572=VECTOR('',#3573,1.);
#3573=DIRECTION('',(0.,0.,1.));
#3574=CARTESIAN_POINT('',(-4.1,-2.95,1.8));
#3575=CARTESIAN_POINT('',(-4.1,-2.95,1.8));
#3576=VECTOR('',#3577,1.);
#3577=DIRECTION('',(1.,0.,0.));
#3578=CARTESIAN_POINT('',(-4.1,-2.95,1.8));
#3579=VECTOR('',#3580,1.);
#3580=DIRECTION('',(0.,0.,1.));
#3581=CARTESIAN_POINT('',(-4.4,2.95,7.6));
#3582=CARTESIAN_POINT('',(-4.4,2.95,7.6));
#3583=VECTOR('',#3584,1.);
#3584=DIRECTION('',(0.,-1.,0.));
#3585=CARTESIAN_POINT('',(-4.4,-2.65,1.8));
#3586=CARTESIAN_POINT('',(-4.4,-2.65,1.8));
#3587=VECTOR('',#3588,1.);
#3588=DIRECTION('',(0.,0.,1.));
#3589=CARTESIAN_POINT('',(-4.4,2.95,1.8));
#3590=CARTESIAN_POINT('',(-4.4,2.95,1.8));
#3591=VECTOR('',#3592,1.);
#3592=DIRECTION('',(0.,-1.,0.));
#3593=CARTESIAN_POINT('',(-4.4,2.95,1.8));
#3594=VECTOR('',#3595,1.);
#3595=DIRECTION('',(0.,0.,1.));
#3596=CARTESIAN_POINT('',(-4.4,-2.65,1.8));
#3597=VECTOR('',#3598,1.);
#3598=DIRECTION('',(0.707106781186548,-0.707106781186546,0.));
#3599=CARTESIAN_POINT('',(-4.6,3.15,7.8));
#3600=VECTOR('',#3601,1.);
#3601=DIRECTION('',(0.577350269189622,-0.577350269189629,-0.577350269189627));
#3602=CARTESIAN_POINT('',(-2.88284271247462,2.95,7.6));
#3603=CARTESIAN_POINT('',(-2.88284271247462,2.95,7.6));
#3604=VECTOR('',#3605,1.);
#3605=DIRECTION('',(-1.,0.,0.));
#3606=CARTESIAN_POINT('',(-2.88284271247462,2.95,7.6));
#3607=VECTOR('',#3608,1.);
#3608=DIRECTION('',(0.281084637714821,0.678598344545848,0.678598344545846));
#3609=CARTESIAN_POINT('',(-2.5,3.15,7.5));
#3610=CARTESIAN_POINT('',(-2.5,3.15,7.5));
#3611=VECTOR('',#3612,1.);
#3612=DIRECTION('',(-0.707106781186547,0.,0.707106781186548));
#3613=CARTESIAN_POINT('',(-2.5,3.15,7.5));
#3614=VECTOR('',#3615,1.);
#3615=DIRECTION('',(0.,1.,0.));
#3616=CARTESIAN_POINT('',(2.5,3.15,7.5));
#3617=CARTESIAN_POINT('',(2.8,3.15,7.8));
#3618=VECTOR('',#3619,1.);
#3619=DIRECTION('',(-0.707106781186548,1.04672830578919E-015,-0.707106781186548));
#3620=CARTESIAN_POINT('',(2.5,3.15,7.5));
#3621=VECTOR('',#3622,1.);
#3622=DIRECTION('',(0.,1.,0.));
#3623=CARTESIAN_POINT('',(-2.5,3.15,6.8));
#3624=CARTESIAN_POINT('',(-2.5,3.15,6.8));
#3625=VECTOR('',#3626,1.);
#3626=DIRECTION('',(2.53765262771465E-015,-1.26882631385732E-015,1.));
#3627=CARTESIAN_POINT('',(-2.5,3.15,6.8));
#3628=VECTOR('',#3629,1.);
#3629=DIRECTION('',(0.,1.,0.));
#3630=CARTESIAN_POINT('',(2.5,3.15,6.8));
#3631=CARTESIAN_POINT('',(2.5,3.15,6.8));
#3632=VECTOR('',#3633,1.);
#3633=DIRECTION('',(-1.,0.,8.88178419700125E-016));
#3634=CARTESIAN_POINT('',(2.5,3.15,6.8));
#3635=VECTOR('',#3636,1.);
#3636=DIRECTION('',(0.,1.,0.));
#3637=CARTESIAN_POINT('',(2.5,3.15,7.5));
#3638=VECTOR('',#3639,1.);
#3639=DIRECTION('',(-1.26882631385731E-015,0.,-1.));
#3640=CARTESIAN_POINT('',(4.4,2.95,7.6));
#3641=CARTESIAN_POINT('',(4.6,3.15,7.8));
#3642=VECTOR('',#3643,1.);
#3643=DIRECTION('',(-0.577350269189628,-0.577350269189625,-0.577350269189625));
#3644=CARTESIAN_POINT('',(4.4,-1.,7.6));
#3645=VECTOR('',#3646,1.);
#3646=DIRECTION('',(0.,1.,2.24855296126614E-016));
#3647=CARTESIAN_POINT('',(2.88284271247462,2.95,7.6));
#3648=CARTESIAN_POINT('',(2.8,3.15,7.8));
#3649=VECTOR('',#3650,1.);
#3650=DIRECTION('',(0.28108463771482,-0.678598344545846,-0.678598344545849));
#3651=CARTESIAN_POINT('',(4.4,2.95,7.6));
#3652=VECTOR('',#3653,1.);
#3653=DIRECTION('',(-1.,0.,0.));
#3654=CARTESIAN_POINT('',(4.4,2.95,1.8));
#3655=CARTESIAN_POINT('',(4.4,2.95,1.8));
#3656=VECTOR('',#3657,1.);
#3657=DIRECTION('',(0.,0.,1.));
#3658=CARTESIAN_POINT('',(4.4,-2.65,1.8));
#3659=CARTESIAN_POINT('',(4.4,-2.65,1.8));
#3660=VECTOR('',#3661,1.);
#3661=DIRECTION('',(0.,1.,0.));
#3662=CARTESIAN_POINT('',(4.4,-2.65,1.8));
#3663=VECTOR('',#3664,1.);
#3664=DIRECTION('',(0.,0.,1.));
#3665=CARTESIAN_POINT('',(4.1,-2.95,1.8));
#3666=VECTOR('',#3667,1.);
#3667=DIRECTION('',(0.707106781186546,0.707106781186549,0.));
#3668=CARTESIAN_POINT('',(4.4,2.95,1.8));
#3669=VECTOR('',#3670,1.);
#3670=DIRECTION('',(-1.,-5.04646829375071E-017,0.));
#3671=CARTESIAN_POINT('',(2.7,2.95,7.41715728752538));
#3672=CARTESIAN_POINT('',(2.88284271247462,2.95,7.6));
#3673=VECTOR('',#3674,1.);
#3674=DIRECTION('',(-0.707106781186549,0.,-0.707106781186546));
#3675=CARTESIAN_POINT('',(2.7,2.95,6.6));
#3676=CARTESIAN_POINT('',(2.7,2.95,7.41715728752538));
#3677=VECTOR('',#3678,1.);
#3678=DIRECTION('',(-1.63036865715868E-015,0.,-1.));
#3679=CARTESIAN_POINT('',(-2.7,2.95,6.6));
#3680=CARTESIAN_POINT('',(2.7,2.95,6.6));
#3681=VECTOR('',#3682,1.);
#3682=DIRECTION('',(-1.,-8.22387425648264E-017,9.86864910777917E-016));
#3683=CARTESIAN_POINT('',(-2.7,2.95,7.41715728752538));
#3684=CARTESIAN_POINT('',(-2.7,2.95,6.6));
#3685=VECTOR('',#3686,1.);
#3686=DIRECTION('',(2.17382487621158E-015,0.,1.));
#3687=CARTESIAN_POINT('',(-2.7,2.95,7.41715728752538));
#3688=VECTOR('',#3689,1.);
#3689=DIRECTION('',(-0.707106781186546,0.,0.707106781186549));
#3690=CARTESIAN_POINT('',(-2.7,2.95,7.41715728752538));
#3691=VECTOR('',#3692,1.);
#3692=DIRECTION('',(0.678598344545848,0.67859834454585,0.281084637714811));
#3693=CARTESIAN_POINT('',(2.7,2.95,7.41715728752538));
#3694=VECTOR('',#3695,1.);
#3695=DIRECTION('',(-0.678598344545849,0.678598344545844,0.281084637714824));
#3696=CARTESIAN_POINT('',(-2.7,2.95,6.6));
#3697=VECTOR('',#3698,1.);
#3698=DIRECTION('',(0.577350269189628,0.577350269189624,0.577350269189625));
#3699=CARTESIAN_POINT('',(2.7,2.95,6.6));
#3700=VECTOR('',#3701,1.);
#3701=DIRECTION('',(-0.577350269189628,0.577350269189625,0.577350269189625));
#3702=CARTESIAN_POINT('',(3.25,-9.79999999999349,-3.18349364905389));
#3703=CARTESIAN_POINT('',(2.75,-9.79999999999349,-3.18349364905389));
#3704=CARTESIAN_POINT('',(3.25,-9.8,-3.18349364905389));
#3705=VECTOR('',#3706,1.);
#3706=DIRECTION('',(-1.,0.,0.));
#3707=CARTESIAN_POINT('',(2.75,-9.79999999957319,3.70000000016589));
#3708=CARTESIAN_POINT('',(2.75,-9.8,-3.18349364905389));
#3709=VECTOR('',#3710,1.);
#3710=DIRECTION('',(0.,0.,1.));
#3711=CARTESIAN_POINT('',(3.25,-9.79999999957319,3.70000000016589));
#3712=CARTESIAN_POINT('',(3.25,-9.8,3.70000000016589));
#3713=VECTOR('',#3714,1.);
#3714=DIRECTION('',(-1.,0.,0.));
#3715=CARTESIAN_POINT('',(3.25,-9.79999999998699,-3.18349364905389));
#3716=VECTOR('',#3717,1.);
#3717=DIRECTION('',(0.,6.01138702293992E-011,1.));
#3718=CARTESIAN_POINT('',(2.75,-2.31650635121407,4.45000000034976));
#3719=CARTESIAN_POINT('',(2.75,-2.31650635125634,4.95000000033706));
#3720=CARTESIAN_POINT('',(2.74999999999999,-2.31650635120637,4.45000000036709));
#3721=VECTOR('',#3722,1.);
#3722=DIRECTION('',(0.,-1.15351284080134E-010,1.));
#3723=CARTESIAN_POINT('',(2.75,-9.04999999917601,4.45000000042046));
#3724=CARTESIAN_POINT('',(2.75,-9.04999999917601,4.45000000042046));
#3725=VECTOR('',#3726,1.);
#3726=DIRECTION('',(0.,1.,-7.92680366573663E-012));
#3727=AXIS2_PLACEMENT_3D('',#3728,#3729,#3730);
#3728=CARTESIAN_POINT('',(2.75,-9.04999999920406,3.70000000005133));
#3729=DIRECTION('',(-1.,-8.88178419700125E-016,0.));
#3730=DIRECTION('',(8.88178419700125E-016,-1.,1.52748332425902E-010));
#3731=CARTESIAN_POINT('',(2.75,-10.2999999999935,-3.18349364905389));
#3732=CARTESIAN_POINT('',(2.75,-9.79999999998699,-3.18349364905389));
#3733=VECTOR('',#3734,1.);
#3734=DIRECTION('',(8.88178419700125E-016,-1.,0.));
#3735=CARTESIAN_POINT('',(2.75,-10.2999999995732,3.70000000016589));
#3736=CARTESIAN_POINT('',(2.75,-10.299999999987,-3.18349364905389));
#3737=VECTOR('',#3738,1.);
#3738=DIRECTION('',(0.,6.01138702293992E-011,1.));
#3739=CARTESIAN_POINT('',(2.75,-9.04999999923369,4.95000000042046));
#3740=AXIS2_PLACEMENT_3D('',#3741,#3742,#3743);
#3741=CARTESIAN_POINT('',(2.75,-9.04999999920406,3.70000000005133));
#3742=DIRECTION('',(-1.,-8.88178419700125E-016,0.));
#3743=DIRECTION('',(8.88178419700125E-016,-1.,1.52748214032184E-010));
#3744=CARTESIAN_POINT('',(2.75,-9.04999999923369,4.95000000042046));
#3745=VECTOR('',#3746,1.);
#3746=DIRECTION('',(-8.57379546171399E-016,1.,-7.92667176117293E-012));
#3747=CARTESIAN_POINT('',(3.25,-10.2999999999935,-3.18349364905389));
#3748=CARTESIAN_POINT('',(2.75,-10.3,-3.18349364905389));
#3749=VECTOR('',#3750,1.);
#3750=DIRECTION('',(1.,0.,0.));
#3751=CARTESIAN_POINT('',(3.25,-10.2999999995732,3.70000000016589));
#3752=CARTESIAN_POINT('',(3.25,-10.3,-3.18349364905389));
#3753=VECTOR('',#3754,1.);
#3754=DIRECTION('',(0.,0.,1.));
#3755=CARTESIAN_POINT('',(2.75,-10.3,3.70000000016589));
#3756=VECTOR('',#3757,1.);
#3757=DIRECTION('',(1.,0.,0.));
#3758=CARTESIAN_POINT('',(3.24999999999999,-2.31650635125634,4.9500000003771));
#3759=CARTESIAN_POINT('',(3.24999999999999,-2.31650635121407,4.45000000038442));
#3760=CARTESIAN_POINT('',(3.24999999999999,-2.31650635126405,4.95000000036709));
#3761=VECTOR('',#3762,1.);
#3762=DIRECTION('',(0.,1.15351284080134E-010,-1.));
#3763=CARTESIAN_POINT('',(3.25,-9.04999999923369,4.95000000042046));
#3764=CARTESIAN_POINT('',(3.25,-9.04999999923369,4.95000000042046));
#3765=VECTOR('',#3766,1.);
#3766=DIRECTION('',(0.,1.,-7.92680366571849E-012));
#3767=AXIS2_PLACEMENT_3D('',#3768,#3769,#3770);
#3768=CARTESIAN_POINT('',(3.25,-9.04999999920406,3.70000000005133));
#3769=DIRECTION('',(-1.,-1.77635683940025E-015,0.));
#3770=DIRECTION('',(1.77635683940025E-015,-1.,9.16489994735842E-011));
#3771=CARTESIAN_POINT('',(3.25,-10.299999999987,-3.18349364905389));
#3772=VECTOR('',#3773,1.);
#3773=DIRECTION('',(-1.77635683940025E-015,1.,0.));
#3774=CARTESIAN_POINT('',(3.25,-9.04999999917601,4.45000000042046));
#3775=AXIS2_PLACEMENT_3D('',#3776,#3777,#3778);
#3776=CARTESIAN_POINT('',(3.25,-9.04999999920406,3.70000000005133));
#3777=DIRECTION('',(-1.,-1.77635683940025E-015,0.));
#3778=DIRECTION('',(1.77635683940025E-015,-1.,9.16487626079627E-011));
#3779=CARTESIAN_POINT('',(3.25,-9.04999999917601,4.45000000042046));
#3780=VECTOR('',#3781,1.);
#3781=DIRECTION('',(-1.78071136512929E-015,1.,-7.92640795209994E-012));
#3782=CARTESIAN_POINT('',(3.125,-9.925,-3.4));
#3783=CARTESIAN_POINT('',(2.875,-9.925,-3.4));
#3784=CARTESIAN_POINT('',(3.125,-9.925,-3.4));
#3785=VECTOR('',#3786,1.);
#3786=DIRECTION('',(-1.,7.10542735760101E-015,0.));
#3787=CARTESIAN_POINT('',(3.125,-10.175,-3.4));
#3788=CARTESIAN_POINT('',(3.125,-10.175,-3.4));
#3789=VECTOR('',#3790,1.);
#3790=DIRECTION('',(-3.55271367880055E-015,1.,0.));
#3791=CARTESIAN_POINT('',(2.875,-10.175,-3.4));
#3792=CARTESIAN_POINT('',(2.875,-10.175,-3.4));
#3793=VECTOR('',#3794,1.);
#3794=DIRECTION('',(1.,0.,0.));
#3795=CARTESIAN_POINT('',(2.875,-9.925,-3.4));
#3796=VECTOR('',#3797,1.);
#3797=DIRECTION('',(1.77635683940028E-015,-1.,0.));
#3798=CARTESIAN_POINT('',(3.25,-9.04999999917601,4.45000000042046));
#3799=VECTOR('',#3800,1.);
#3800=DIRECTION('',(-1.,0.,0.));
#3801=CARTESIAN_POINT('',(2.75,-9.04999999923369,4.95000000042046));
#3802=VECTOR('',#3803,1.);
#3803=DIRECTION('',(1.,0.,0.));
#3804=CARTESIAN_POINT('',(2.75,-2.31650635124864,4.95000000036709));
#3805=VECTOR('',#3806,1.);
#3806=DIRECTION('',(1.,0.,0.));
#3807=CARTESIAN_POINT('',(2.87499999999999,-2.10000000027468,4.57500000037139));
#3808=CARTESIAN_POINT('',(2.87499999999999,-2.10000000030352,4.82500000037628));
#3809=CARTESIAN_POINT('',(2.87499999999999,-2.10000000027468,4.57500000039207));
#3810=VECTOR('',#3811,1.);
#3811=DIRECTION('',(0.,-1.15353060436975E-010,1.));
#3812=CARTESIAN_POINT('',(3.12499999999999,-2.10000000030352,4.82500000042786));
#3813=CARTESIAN_POINT('',(2.87499999999999,-2.10000000030352,4.82500000039206));
#3814=VECTOR('',#3815,1.);
#3815=DIRECTION('',(1.,0.,0.));
#3816=CARTESIAN_POINT('',(3.12499999999998,-2.10000000027468,4.57500000041941));
#3817=CARTESIAN_POINT('',(3.12499999999999,-2.10000000030352,4.82500000039206));
#3818=VECTOR('',#3819,1.);
#3819=DIRECTION('',(-1.77635683940028E-015,1.15353060436975E-010,-1.));
#3820=CARTESIAN_POINT('',(3.12499999999999,-2.10000000027468,4.57500000039207));
#3821=VECTOR('',#3822,1.);
#3822=DIRECTION('',(-1.,0.,0.));
#3823=CARTESIAN_POINT('',(3.25,-2.31650635122178,4.45000000036709));
#3824=VECTOR('',#3825,1.);
#3825=DIRECTION('',(-1.,0.,0.));
#3826=CARTESIAN_POINT('',(3.25,-9.79999999998699,-3.18349364905389));
#3827=VECTOR('',#3828,1.);
#3828=DIRECTION('',(-0.447213595490643,-0.44721359553721,-0.774596669225354));
#3829=CARTESIAN_POINT('',(2.75,-9.8,-3.18349364905389));
#3830=VECTOR('',#3831,1.);
#3831=DIRECTION('',(0.447213595499957,-0.447213595499963,-0.774596669241481));
#3832=CARTESIAN_POINT('',(2.75,-10.299999999987,-3.18349364905389));
#3833=VECTOR('',#3834,1.);
#3834=DIRECTION('',(0.447213595509267,0.447213595462721,-0.774596669257608));
#3835=CARTESIAN_POINT('',(3.25,-10.3,-3.18349364905389));
#3836=VECTOR('',#3837,1.);
#3837=DIRECTION('',(-0.447213595499958,0.447213595499969,-0.774596669241477));
#3838=CARTESIAN_POINT('',(2.74999999999999,-2.31650635126405,4.95000000024699));
#3839=VECTOR('',#3840,1.);
#3840=DIRECTION('',(0.447213595552006,0.774596669383217,-0.447213595202419));
#3841=CARTESIAN_POINT('',(2.75,-2.31650635122178,4.45000000036709));
#3842=VECTOR('',#3843,1.);
#3843=DIRECTION('',(0.447213595480841,0.774596669211951,0.447213595570227));
#3844=CARTESIAN_POINT('',(3.25,-2.31650635124864,4.95000000036709));
#3845=VECTOR('',#3846,1.);
#3846=DIRECTION('',(-0.447213595519099,0.774596669270993,-0.447213595429704));
#3847=CARTESIAN_POINT('',(3.24999999999999,-2.31650635120637,4.45000000043643));
#3848=VECTOR('',#3849,1.);
#3849=DIRECTION('',(-0.447213595490878,0.774596669174168,0.447213595625632));
#3850=CARTESIAN_POINT('',(3.25000000000001,-7.8,-3.18349364905389));
#3851=CARTESIAN_POINT('',(2.75000000000001,-7.8,-3.18349364905389));
#3852=CARTESIAN_POINT('',(3.25000000000001,-7.8,-3.18349364905389));
#3853=VECTOR('',#3854,1.);
#3854=DIRECTION('',(-1.,0.,0.));
#3855=CARTESIAN_POINT('',(2.75000000000001,-7.8,2.30000000000578));
#3856=CARTESIAN_POINT('',(2.75000000000001,-7.8,-3.18349364905389));
#3857=VECTOR('',#3858,1.);
#3858=DIRECTION('',(0.,0.,1.));
#3859=CARTESIAN_POINT('',(3.25000000000001,-7.8,2.30000000000578));
#3860=CARTESIAN_POINT('',(3.25000000000001,-7.8,2.30000000000578));
#3861=VECTOR('',#3862,1.);
#3862=DIRECTION('',(-1.,0.,0.));
#3863=CARTESIAN_POINT('',(3.25000000000001,-7.8,-3.18349364905389));
#3864=VECTOR('',#3865,1.);
#3865=DIRECTION('',(0.,0.,1.));
#3866=CARTESIAN_POINT('',(2.75000000000001,-2.31650635094628,2.4500000000034));
#3867=CARTESIAN_POINT('',(2.75000000000001,-2.31650635094623,2.95000000000308));
#3868=CARTESIAN_POINT('',(2.75000000000001,-2.31650635094625,2.45000000000383));
#3869=VECTOR('',#3870,1.);
#3870=DIRECTION('',(0.,0.,1.));
#3871=CARTESIAN_POINT('',(2.75000000000001,-7.65,2.45000000000578));
#3872=CARTESIAN_POINT('',(2.75000000000001,-7.65,2.45000000000578));
#3873=VECTOR('',#3874,1.);
#3874=DIRECTION('',(0.,1.,-3.64530772633154E-013));
#3875=AXIS2_PLACEMENT_3D('',#3876,#3877,#3878);
#3876=CARTESIAN_POINT('',(2.75000000000001,-7.65,2.30000000000578));
#3877=DIRECTION('',(-1.,0.,0.));
#3878=DIRECTION('',(0.,-1.,0.));
#3879=CARTESIAN_POINT('',(2.75000000000001,-8.3,-3.18349364905389));
#3880=CARTESIAN_POINT('',(2.75000000000001,-7.8,-3.18349364905389));
#3881=VECTOR('',#3882,1.);
#3882=DIRECTION('',(0.,-1.,0.));
#3883=CARTESIAN_POINT('',(2.75000000000001,-8.3,2.30000000000578));
#3884=CARTESIAN_POINT('',(2.75000000000001,-8.3,-3.18349364905389));
#3885=VECTOR('',#3886,1.);
#3886=DIRECTION('',(0.,0.,1.));
#3887=CARTESIAN_POINT('',(2.75000000000001,-7.65,2.95000000000578));
#3888=AXIS2_PLACEMENT_3D('',#3889,#3890,#3891);
#3889=CARTESIAN_POINT('',(2.75000000000001,-7.65,2.30000000000578));
#3890=DIRECTION('',(-1.,0.,0.));
#3891=DIRECTION('',(0.,-1.,0.));
#3892=CARTESIAN_POINT('',(2.75000000000001,-7.65,2.95000000000578));
#3893=VECTOR('',#3894,1.);
#3894=DIRECTION('',(0.,1.,-3.64530772633151E-013));
#3895=CARTESIAN_POINT('',(3.25000000000001,-8.3,-3.18349364905389));
#3896=CARTESIAN_POINT('',(2.75000000000001,-8.3,-3.18349364905389));
#3897=VECTOR('',#3898,1.);
#3898=DIRECTION('',(1.,0.,0.));
#3899=CARTESIAN_POINT('',(3.25000000000001,-8.3,2.30000000000578));
#3900=CARTESIAN_POINT('',(3.25000000000001,-8.3,-3.18349364905389));
#3901=VECTOR('',#3902,1.);
#3902=DIRECTION('',(0.,0.,1.));
#3903=CARTESIAN_POINT('',(2.75000000000001,-8.3,2.30000000000578));
#3904=VECTOR('',#3905,1.);
#3905=DIRECTION('',(1.,0.,0.));
#3906=CARTESIAN_POINT('',(3.25000000000001,-2.31650635094623,2.95000000000409));
#3907=CARTESIAN_POINT('',(3.25000000000001,-2.31650635094628,2.45000000000427));
#3908=CARTESIAN_POINT('',(3.25000000000001,-2.31650635094626,2.95000000000383));
#3909=VECTOR('',#3910,1.);
#3910=DIRECTION('',(0.,0.,-1.));
#3911=CARTESIAN_POINT('',(3.25000000000001,-7.65,2.95000000000578));
#3912=CARTESIAN_POINT('',(3.25000000000001,-7.65,2.95000000000578));
#3913=VECTOR('',#3914,1.);
#3914=DIRECTION('',(0.,1.,-3.64530772633151E-013));
#3915=AXIS2_PLACEMENT_3D('',#3916,#3917,#3918);
#3916=CARTESIAN_POINT('',(3.25000000000001,-7.65,2.30000000000578));
#3917=DIRECTION('',(-1.,0.,0.));
#3918=DIRECTION('',(0.,-1.,0.));
#3919=CARTESIAN_POINT('',(3.25000000000001,-8.3,-3.18349364905389));
#3920=VECTOR('',#3921,1.);
#3921=DIRECTION('',(0.,1.,0.));
#3922=CARTESIAN_POINT('',(3.25000000000001,-7.65,2.45000000000578));
#3923=AXIS2_PLACEMENT_3D('',#3924,#3925,#3926);
#3924=CARTESIAN_POINT('',(3.25000000000001,-7.65,2.30000000000578));
#3925=DIRECTION('',(-1.,0.,0.));
#3926=DIRECTION('',(0.,-1.,0.));
#3927=CARTESIAN_POINT('',(3.25000000000001,-7.65,2.45000000000578));
#3928=VECTOR('',#3929,1.);
#3929=DIRECTION('',(0.,1.,-3.64530772633154E-013));
#3930=CARTESIAN_POINT('',(3.125,-7.925,-3.4));
#3931=CARTESIAN_POINT('',(2.87500000000001,-7.925,-3.4));
#3932=CARTESIAN_POINT('',(3.125,-7.925,-3.4));
#3933=VECTOR('',#3934,1.);
#3934=DIRECTION('',(-1.,0.,0.));
#3935=CARTESIAN_POINT('',(3.125,-8.175,-3.4));
#3936=CARTESIAN_POINT('',(3.125,-8.175,-3.4));
#3937=VECTOR('',#3938,1.);
#3938=DIRECTION('',(0.,1.,0.));
#3939=CARTESIAN_POINT('',(2.87500000000001,-8.175,-3.4));
#3940=CARTESIAN_POINT('',(2.87500000000001,-8.175,-3.4));
#3941=VECTOR('',#3942,1.);
#3942=DIRECTION('',(1.,0.,0.));
#3943=CARTESIAN_POINT('',(2.875,-7.925,-3.4));
#3944=VECTOR('',#3945,1.);
#3945=DIRECTION('',(1.77635683940023E-015,-1.,0.));
#3946=CARTESIAN_POINT('',(3.25000000000001,-7.65,2.45000000000578));
#3947=VECTOR('',#3948,1.);
#3948=DIRECTION('',(-1.,0.,0.));
#3949=CARTESIAN_POINT('',(2.75000000000001,-7.65,2.95000000000578));
#3950=VECTOR('',#3951,1.);
#3951=DIRECTION('',(1.,0.,0.));
#3952=CARTESIAN_POINT('',(2.75000000000001,-2.31650635094621,2.95000000000384));
#3953=VECTOR('',#3954,1.);
#3954=DIRECTION('',(1.,0.,0.));
#3955=CARTESIAN_POINT('',(2.87500000000001,-2.10000000000015,2.57500000000331));
#3956=CARTESIAN_POINT('',(2.87500000000001,-2.10000000000015,2.82500000000343));
#3957=CARTESIAN_POINT('',(2.87500000000001,-2.10000000000015,2.57500000000383));
#3958=VECTOR('',#3959,1.);
#3959=DIRECTION('',(0.,0.,1.));
#3960=CARTESIAN_POINT('',(3.12500000000001,-2.10000000000015,2.82500000000474));
#3961=CARTESIAN_POINT('',(2.87500000000001,-2.10000000000015,2.82500000000383));
#3962=VECTOR('',#3963,1.);
#3963=DIRECTION('',(1.,0.,0.));
#3964=CARTESIAN_POINT('',(3.12500000000001,-2.10000000000015,2.57500000000453));
#3965=CARTESIAN_POINT('',(3.12500000000001,-2.10000000000015,2.82500000000383));
#3966=VECTOR('',#3967,1.);
#3967=DIRECTION('',(0.,0.,-1.));
#3968=CARTESIAN_POINT('',(3.12500000000001,-2.10000000000015,2.57500000000383));
#3969=VECTOR('',#3970,1.);
#3970=DIRECTION('',(-1.,0.,0.));
#3971=CARTESIAN_POINT('',(3.25000000000001,-2.3165063509463,2.45000000000383));
#3972=VECTOR('',#3973,1.);
#3973=DIRECTION('',(-1.,0.,0.));
#3974=CARTESIAN_POINT('',(3.25000000000001,-7.8,-3.18349364905389));
#3975=VECTOR('',#3976,1.);
#3976=DIRECTION('',(-0.447213595499962,-0.447213595499953,-0.774596669241484));
#3977=CARTESIAN_POINT('',(2.75000000000001,-7.8,-3.18349364905389));
#3978=VECTOR('',#3979,1.);
#3979=DIRECTION('',(0.447213595499958,-0.447213595499955,-0.774596669241485));
#3980=CARTESIAN_POINT('',(2.75000000000001,-8.3,-3.18349364905389));
#3981=VECTOR('',#3982,1.);
#3982=DIRECTION('',(0.447213595499955,0.447213595499963,-0.774596669241482));
#3983=CARTESIAN_POINT('',(3.25000000000001,-8.3,-3.18349364905389));
#3984=VECTOR('',#3985,1.);
#3985=DIRECTION('',(-0.44721359549996,0.447213595499957,-0.774596669241483));
#3986=CARTESIAN_POINT('',(2.75000000000001,-2.31650635094625,2.9500000000008));
#3987=VECTOR('',#3988,1.);
#3988=DIRECTION('',(0.447213595501272,0.774596669243757,-0.447213595494707));
#3989=CARTESIAN_POINT('',(2.75000000000001,-2.3165063509463,2.45000000000383));
#3990=VECTOR('',#3991,1.);
#3991=DIRECTION('',(0.447213595499901,0.77459666924155,0.447213595499901));
#3992=CARTESIAN_POINT('',(3.25000000000001,-2.31650635094621,2.95000000000384));
#3993=VECTOR('',#3994,1.);
#3994=DIRECTION('',(-0.447213595500012,0.774596669241415,-0.447213595500021));
#3995=CARTESIAN_POINT('',(3.25000000000001,-2.31650635094626,2.45000000000559));
#3996=VECTOR('',#3997,1.);
#3997=DIRECTION('',(-0.447213595499728,0.774596669241086,0.447213595500875));
ENDSEC;
END-ISO-10303-21;
